collection_id,table,method,target,rank,group,scope,scope_value,all_N,known_N,unknown_N,known_coverage,ALL_PLUS,ALL_MINUS,ZERO,P5_PLUS_n,P4_5_n,P3_4_n,P2_3_n,P1_2_n,P0_1_n,L0_1_n,L1_2_n,L2_3_n,L3_4_n,L4_5_n,L5_PLUS_n,ZERO_n,R_UNKNOWN_n,R_GE_P1_n,R_LE_M1_n,R_GE_P2_n,R_LE_M2_n,R_GE_P3_n,R_LE_M3_n,R_GE_P4_n,R_LE_M4_n,R_GE_P5_n,R_LE_M5_n,positive_mass_pp_sum,negative_abs_mass_pp_sum,q5_n,q5_pool_n,q5_precision,q5_capture,q5_block_conditioned_random_expected_n,q5_enrichment,q3_n,q3_pool_n,q3_precision,q3_capture,q3_block_conditioned_random_expected_n,q3_enrichment,q2_n,q2_pool_n,q2_precision,q2_capture,q2_block_conditioned_random_expected_n,q2_enrichment,qNEG_n,qNEG_pool_n,qNEG_precision,qNEG_capture,qNEG_block_conditioned_random_expected_n,qNEG_enrichment,WINNER2_n,WINNER2_known_N,WINNER2_pool_n,WINNER2_capture,WINNER2_density,WINNER3_n,WINNER3_known_N,WINNER3_pool_n,WINNER3_capture,WINNER3_density,WINNER4_n,WINNER4_known_N,WINNER4_pool_n,WINNER4_capture,WINNER4_density,WINNER5_n,WINNER5_known_N,WINNER5_pool_n,WINNER5_capture,WINNER5_density,U2_n,U2_known_N,U2_pool_n,U2_capture,U2_density,U3_n,U3_known_N,U3_pool_n,U3_capture,U3_density,U5_n,U5_known_N,U5_pool_n,U5_capture,U5_density,U10_n,U10_known_N,U10_pool_n,U10_capture,U10_density,small_N,mass_unit,continuous_suppression
C0100,RISK_QUINTILE_FULL_12BAND,D-FULL,q3,ALL,Q1,BLOCK,4,27,27,0,1.0,9,18,0,3,0,1,2,0,3,7,6,1,0,4,0,0,0,6,11,6,5,4,4,3,4,3,0,42.58598371769964,35.33774869385486,0,2,0.0,0.0,0.4153846153846154,0.0,4,11,0.14814814814814814,0.36363636363636365,2.2846153846153845,1.7508417508417509,5,18,0.18518518518518517,0.2777777777777778,3.7384615384615385,1.337448559670782,18,82,0.6666666666666666,0.21951219512195122,17.03076923076923,1.056910569105691,6,27,19,0.3157894736842105,0.2222222222222222,4,27,13,0.3076923076923077,0.14814814814814814,3,27,9,0.3333333333333333,0.1111111111111111,3,27,8,0.375,0.1111111111111111,14,27,56,0.25,0.5185185185185185,10,27,37,0.2702702702702703,0.37037037037037035,5,27,18,0.2777777777777778,0.18518518518518517,2,27,11,0.18181818181818182,0.07407407407407407,False,EQUAL_WEIGHT_PP_SUM_NOT_YEN_NOT_CAPITAL,
C0100,RISK_QUINTILE_FULL_12BAND,D-FULL,q3,ALL,Q1,BLOCK,5,27,27,0,1.0,11,16,0,0,0,1,1,3,6,5,4,2,2,1,2,0,0,5,11,2,7,1,5,0,3,0,2,13.13212828986812,34.96169937942135,2,3,0.07407407407407407,0.6666666666666666,0.6183206106870229,3.234567901234568,5,9,0.18518518518518517,0.5555555555555556,1.8549618320610688,2.6954732510288064,7,18,0.25925925925925924,0.3888888888888889,3.7099236641221376,1.8868312757201646,16,75,0.5925925925925926,0.21333333333333335,15.458015267175572,1.0350617283950618,2,27,12,0.16666666666666666,0.07407407407407407,1,27,9,0.1111111111111111,0.037037037037037035,0,27,3,0.0,0.0,0,27,2,0.0,0.0,13,27,47,0.2765957446808511,0.48148148148148145,11,27,32,0.34375,0.4074074074074074,6,27,19,0.3157894736842105,0.2222222222222222,5,27,8,0.625,0.18518518518518517,False,EQUAL_WEIGHT_PP_SUM_NOT_YEN_NOT_CAPITAL,
C0100,RISK_QUINTILE_FULL_12BAND,D-FULL,q3,ALL,Q1,BLOCK,6,30,30,0,1.0,10,20,0,4,0,0,1,2,3,6,7,2,0,1,4,0,0,7,14,5,7,4,5,4,5,4,4,54.383459353634834,61.67871519233342,4,6,0.13333333333333333,0.6666666666666666,1.2587412587412588,3.1777777777777776,5,12,0.16666666666666666,0.4166666666666667,2.5174825174825175,1.9861111111111112,7,21,0.23333333333333334,0.3333333333333333,4.405594405594406,1.5888888888888888,20,82,0.6666666666666666,0.24390243902439024,17.202797202797203,1.1626016260162602,5,30,16,0.3125,0.16666666666666666,4,30,12,0.3333333333333333,0.13333333333333333,4,30,10,0.4,0.13333333333333333,4,30,7,0.5714285714285714,0.13333333333333333,17,30,62,0.27419354838709675,0.5666666666666667,11,30,41,0.2682926829268293,0.36666666666666664,7,30,20,0.35,0.23333333333333334,4,30,6,0.6666666666666666,0.13333333333333333,False,EQUAL_WEIGHT_PP_SUM_NOT_YEN_NOT_CAPITAL,
C0100,RISK_QUINTILE_FULL_12BAND,D-FULL,q3,ALL,Q1,BLOCK,7,29,29,0,1.0,15,14,0,6,2,2,1,2,2,5,4,3,1,1,0,0,0,13,9,11,5,10,2,8,1,6,0,91.99007615311348,21.949660367313506,0,1,0.0,0.0,0.20714285714285716,0.0,2,7,0.06896551724137931,0.2857142857142857,1.45,1.3793103448275863,5,16,0.1724137931034483,0.3125,3.3142857142857145,1.5086206896551724,14,73,0.4827586206896552,0.1917808219178082,15.121428571428572,0.9258384506376949,11,29,28,0.39285714285714285,0.3793103448275862,10,29,25,0.4,0.3448275862068966,8,29,15,0.5333333333333333,0.27586206896551724,6,29,9,0.6666666666666666,0.20689655172413793,17,29,66,0.25757575757575757,0.5862068965517241,13,29,50,0.26,0.4482758620689655,11,29,32,0.34375,0.3793103448275862,5,29,11,0.45454545454545453,0.1724137931034483,False,EQUAL_WEIGHT_PP_SUM_NOT_YEN_NOT_CAPITAL,
C0100,RISK_QUINTILE_FULL_12BAND,D-FULL,q3,ALL,Q1,BLOCK,8,16,16,0,1.0,3,13,0,2,0,0,0,1,0,4,2,3,2,0,2,0,0,3,9,2,7,2,4,2,2,2,2,12.994474185588528,30.75162465316212,2,3,0.125,0.6666666666666666,0.6233766233766234,3.2083333333333335,4,12,0.25,0.3333333333333333,2.4935064935064934,1.6041666666666667,7,19,0.4375,0.3684210526315789,3.948051948051948,1.7730263157894737,13,45,0.8125,0.28888888888888886,9.35064935064935,1.3902777777777777,2,16,11,0.18181818181818182,0.125,2,16,8,0.25,0.125,2,16,5,0.4,0.125,2,16,5,0.4,0.125,7,16,36,0.19444444444444445,0.4375,5,16,27,0.18518518518518517,0.3125,5,16,14,0.35714285714285715,0.3125,2,16,7,0.2857142857142857,0.125,False,EQUAL_WEIGHT_PP_SUM_NOT_YEN_NOT_CAPITAL,
C0100,RISK_QUINTILE_FULL_12BAND,D-FULL,q3,ALL,Q1,SESSION,2025-06-27,5,4,1,0.8,4,0,0,1,0,2,0,0,1,0,0,0,0,0,0,0,1,3,0,3,0,3,0,1,0,1,0,15.622324113165451,,0,0,0.0,,0.0,,0,3,0.0,0.0,0.46153846153846156,0.0,0,4,0.0,0.0,0.6153846153846154,0.0,0,14,0.0,0.0,2.1538461538461537,0.0,3,4,5,0.6,0.75,3,4,4,0.75,0.75,1,4,2,0.5,0.25,1,4,2,0.5,0.25,4,5,13,0.3076923076923077,0.8,2,5,10,0.2,0.4,1,5,5,0.2,0.2,0,5,2,0.0,0.0,True,EQUAL_WEIGHT_PP_SUM_NOT_YEN_NOT_CAPITAL,SINGLE_NEGATIVE_R_MASS_PRIVATE
C0100,RISK_QUINTILE_FULL_12BAND,D-FULL,q3,ALL,Q1,SESSION,2025-06-30,4,4,0,1.0,1,3,0,0,0,1,0,0,0,0,1,0,1,1,0,0,0,1,3,1,2,1,2,0,1,0,0,,9.619705954393359,0,0,0.0,,0.0,,2,2,0.5,1.0,0.2857142857142857,7.0,2,8,0.5,0.25,1.1428571428571428,1.75,3,23,0.75,0.13043478260869565,3.2857142857142856,0.9130434782608695,1,4,4,0.25,0.25,1,4,3,0.3333333333333333,0.25,0,4,1,0.0,0.0,0,4,1,0.0,0.0,2,4,9,0.2222222222222222,0.5,2,4,6,0.3333333333333333,0.5,2,4,5,0.4,0.5,0,4,1,0.0,0.0,True,EQUAL_WEIGHT_PP_SUM_NOT_YEN_NOT_CAPITAL,SINGLE_POSITIVE_R_MASS_PRIVATE
C0100,RISK_QUINTILE_FULL_12BAND,D-FULL,q3,ALL,Q1,SESSION,2025-07-01,5,5,0,1.0,3,2,0,2,0,0,0,0,1,1,0,0,1,0,0,0,0,2,1,2,1,2,1,2,0,2,0,65.81679861142638,3.339615906332548,0,1,0.0,0.0,0.23809523809523808,0.0,1,3,0.2,0.3333333333333333,0.7142857142857143,1.4,1,5,0.2,0.2,1.1904761904761905,0.84,2,13,0.4,0.15384615384615385,3.0952380952380953,0.6461538461538462,2,5,2,1.0,0.4,2,5,2,1.0,0.4,2,5,2,1.0,0.4,2,5,2,1.0,0.4,4,5,11,0.36363636363636365,0.8,3,5,6,0.5,0.6,3,5,4,0.75,0.6,3,5,3,1.0,0.6,True,EQUAL_WEIGHT_PP_SUM_NOT_YEN_NOT_CAPITAL,
C0100,RISK_QUINTILE_FULL_12BAND,D-FULL,q3,ALL,Q1,SESSION,2025-07-02,7,6,1,0.8571428571428571,2,4,0,0,0,0,0,0,2,3,1,0,0,0,0,0,1,0,1,0,0,0,0,0,0,0,0,0.38212614236323905,3.262667509450691,0,1,0.0,0.0,0.21428571428571427,0.0,0,2,0.0,0.0,0.42857142857142855,0.0,0,3,0.0,0.0,0.6428571428571429,0.0,4,18,0.6666666666666666,0.2222222222222222,3.857142857142857,1.037037037037037,0,6,1,0.0,0.0,0,6,1,0.0,0.0,0,6,1,0.0,0.0,0,6,0,,0.0,2,7,12,0.16666666666666666,0.2857142857142857,1,7,7,0.14285714285714285,0.14285714285714285,1,7,4,0.25,0.14285714285714285,1,7,2,0.5,0.14285714285714285,True,EQUAL_WEIGHT_PP_SUM_NOT_YEN_NOT_CAPITAL,
C0100,RISK_QUINTILE_FULL_12BAND,D-FULL,q3,ALL,Q1,SESSION,2025-07-03,6,6,0,1.0,3,3,0,0,0,1,1,0,1,2,1,0,0,0,0,0,0,2,1,2,0,1,0,0,0,0,0,7.058591921971282,1.5809574352042248,0,1,0.0,0.0,0.2222222222222222,0.0,0,2,0.0,0.0,0.4444444444444444,0.0,0,2,0.0,0.0,0.4444444444444444,0.0,3,16,0.5,0.1875,3.5555555555555554,0.84375,2,6,5,0.4,0.3333333333333333,1,6,3,0.3333333333333333,0.16666666666666666,0,6,0,,0.0,0,6,0,,0.0,4,6,9,0.4444444444444444,0.6666666666666666,3,6,6,0.5,0.5,3,6,4,0.75,0.5,1,6,1,1.0,0.16666666666666666,True,EQUAL_WEIGHT_PP_SUM_NOT_YEN_NOT_CAPITAL,
C0100,RISK_QUINTILE_FULL_12BAND,D-FULL,q3,ALL,Q1,SESSION,2025-07-04,5,5,0,1.0,0,5,0,0,0,0,0,0,0,1,3,0,0,0,1,0,0,0,4,0,1,0,1,0,1,0,1,,14.545994958055564,1,1,0.2,1.0,0.18518518518518517,5.4,1,1,0.2,1.0,0.18518518518518517,5.4,1,3,0.2,0.3333333333333333,0.5555555555555556,1.8,5,16,1.0,0.3125,2.962962962962963,1.6875,0,5,3,0.0,0.0,0,5,2,0.0,0.0,0,5,2,0.0,0.0,0,5,1,0.0,0.0,2,5,12,0.16666666666666666,0.4,2,5,10,0.2,0.4,2,5,6,0.3333333333333333,0.4,1,5,2,0.5,0.2,True,EQUAL_WEIGHT_PP_SUM_NOT_YEN_NOT_CAPITAL,SINGLE_POSITIVE_R_MASS_PRIVATE
C0100,RISK_QUINTILE_FULL_12BAND,D-FULL,q3,ALL,Q1,SESSION,2025-07-07,6,6,0,1.0,4,2,0,0,0,0,0,1,3,1,0,0,0,1,0,0,0,1,1,0,1,0,1,0,1,0,0,1.9845388318908646,4.50140678896026,0,0,0.0,,0.0,,1,2,0.16666666666666666,0.5,0.46153846153846156,2.1666666666666665,1,2,0.16666666666666666,0.5,0.46153846153846156,2.1666666666666665,2,14,0.3333333333333333,0.14285714285714285,3.230769230769231,0.6190476190476191,0,6,1,0.0,0.0,0,6,1,0.0,0.0,0,6,1,0.0,0.0,0,6,1,0.0,0.0,2,6,9,0.2222222222222222,0.3333333333333333,2,6,4,0.5,0.3333333333333333,1,6,3,0.3333333333333333,0.16666666666666666,0,6,2,0.0,0.0,True,EQUAL_WEIGHT_PP_SUM_NOT_YEN_NOT_CAPITAL,
C0100,RISK_QUINTILE_FULL_12BAND,D-FULL,q3,ALL,Q1,SESSION,2025-07-08,7,7,0,1.0,3,4,0,1,0,0,1,1,0,1,1,1,0,0,1,0,0,3,3,2,2,1,1,1,1,1,1,12.309303612431252,11.279736663249395,1,1,0.14285714285714285,1.0,0.2692307692307692,3.7142857142857144,1,1,0.14285714285714285,1.0,0.2692307692307692,3.7142857142857144,2,5,0.2857142857142857,0.4,1.3461538461538463,1.4857142857142858,4,16,0.5714285714285714,0.25,4.3076923076923075,0.9285714285714286,2,7,3,0.6666666666666666,0.2857142857142857,1,7,1,1.0,0.14285714285714285,1,7,1,1.0,0.14285714285714285,1,7,1,1.0,0.14285714285714285,4,7,9,0.4444444444444444,0.5714285714285714,3,7,6,0.5,0.42857142857142855,1,7,3,0.3333333333333333,0.14285714285714285,1,7,2,0.5,0.14285714285714285,True,EQUAL_WEIGHT_PP_SUM_NOT_YEN_NOT_CAPITAL,
C0100,RISK_QUINTILE_FULL_12BAND,D-FULL,q3,ALL,Q1,SESSION,2025-07-09,6,6,0,1.0,4,2,0,0,0,0,0,2,2,2,0,0,0,0,0,0,0,2,0,0,0,0,0,0,0,0,0,4.1572678521402,0.3697980941502038,0,0,0.0,,0.0,,0,1,0.0,0.0,0.2727272727272727,0.0,0,1,0.0,0.0,0.2727272727272727,0.0,2,6,0.3333333333333333,0.3333333333333333,1.6363636363636365,1.2222222222222223,0,6,3,0.0,0.0,0,6,2,0.0,0.0,0,6,2,0.0,0.0,0,6,1,0.0,0.0,4,6,11,0.36363636363636365,0.6666666666666666,1,6,7,0.14285714285714285,0.16666666666666666,0,6,4,0.0,0.0,0,6,0,,0.0,True,EQUAL_WEIGHT_PP_SUM_NOT_YEN_NOT_CAPITAL,
C0100,RISK_QUINTILE_FULL_12BAND,D-FULL,q3,ALL,Q1,SESSION,2025-07-10,4,4,0,1.0,0,4,0,0,0,0,0,0,0,2,1,1,0,0,0,0,0,0,2,0,1,0,0,0,0,0,0,,4.829198890574829,0,0,0.0,,0.0,,0,0,0.0,,0.0,,1,1,0.25,1.0,0.13333333333333333,7.5,4,17,1.0,0.23529411764705882,2.2666666666666666,1.7647058823529411,0,4,7,0.0,0.0,0,4,4,0.0,0.0,0,4,2,0.0,0.0,0,4,1,0.0,0.0,1,4,14,0.07142857142857142,0.25,1,4,10,0.1,0.25,0,4,4,0.0,0.0,0,4,1,0.0,0.0,True,EQUAL_WEIGHT_PP_SUM_NOT_YEN_NOT_CAPITAL,SINGLE_POSITIVE_R_MASS_PRIVATE
C0100,RISK_QUINTILE_FULL_12BAND,D-FULL,q3,ALL,Q1,SESSION,2025-07-15,6,6,0,1.0,5,1,0,2,0,0,1,1,1,1,0,0,0,0,0,0,0,4,0,3,0,2,0,2,0,2,0,42.7900368753161,,0,0,0.0,,0.0,,0,1,0.0,0.0,0.21428571428571427,0.0,0,2,0.0,0.0,0.42857142857142855,0.0,1,16,0.16666666666666666,0.0625,3.4285714285714284,0.2916666666666667,3,6,5,0.6,0.5,2,6,2,1.0,0.3333333333333333,2,6,2,1.0,0.3333333333333333,2,6,2,1.0,0.3333333333333333,5,6,13,0.38461538461538464,0.8333333333333334,4,6,10,0.4,0.6666666666666666,4,6,6,0.6666666666666666,0.6666666666666666,3,6,3,1.0,0.5,True,EQUAL_WEIGHT_PP_SUM_NOT_YEN_NOT_CAPITAL,SINGLE_NEGATIVE_R_MASS_PRIVATE
C0100,RISK_QUINTILE_FULL_12BAND,D-FULL,q3,ALL,Q1,SESSION,2025-07-16,3,3,0,1.0,1,2,0,0,0,0,0,0,1,2,0,0,0,0,0,0,0,0,0,0,0,0,0,0,0,0,0,,1.0999005002003504,0,1,0.0,0.0,0.10714285714285714,0.0,0,2,0.0,0.0,0.21428571428571427,0.0,0,5,0.0,0.0,0.5357142857142857,0.0,2,20,0.6666666666666666,0.1,2.142857142857143,0.9333333333333333,0,3,4,0.0,0.0,0,3,3,0.0,0.0,0,3,3,0.0,0.0,0,3,2,0.0,0.0,1,3,10,0.1,0.3333333333333333,0,3,7,0.0,0.0,0,3,5,0.0,0.0,0,3,1,0.0,0.0,True,EQUAL_WEIGHT_PP_SUM_NOT_YEN_NOT_CAPITAL,SINGLE_POSITIVE_R_MASS_PRIVATE
C0100,RISK_QUINTILE_FULL_12BAND,D-FULL,q3,ALL,Q1,SESSION,2025-07-17,6,6,0,1.0,3,3,0,0,0,0,0,0,3,0,1,2,0,0,0,0,0,0,3,0,2,0,0,0,0,0,0,0.8668577225501287,6.006733849864896,0,0,0.0,,0.0,,0,0,0.0,,0.0,,2,2,0.3333333333333333,1.0,0.46153846153846156,4.333333333333333,3,11,0.5,0.2727272727272727,2.5384615384615383,1.1818181818181819,0,6,2,0.0,0.0,0,6,1,0.0,0.0,0,6,1,0.0,0.0,0,6,1,0.0,0.0,3,6,9,0.3333333333333333,0.5,2,6,6,0.3333333333333333,0.3333333333333333,2,6,4,0.5,0.3333333333333333,1,6,2,0.5,0.16666666666666666,True,EQUAL_WEIGHT_PP_SUM_NOT_YEN_NOT_CAPITAL,
C0100,RISK_QUINTILE_FULL_12BAND,D-FULL,q3,ALL,Q1,SESSION,2025-07-18,8,8,0,1.0,5,3,0,2,0,0,0,2,1,2,0,0,0,0,1,0,0,4,1,2,1,2,1,2,1,2,1,20.323004660056533,9.075382529503639,1,1,0.125,1.0,0.32,3.125,1,1,0.125,1.0,0.32,3.125,1,3,0.125,0.3333333333333333,0.96,1.0416666666666667,3,14,0.375,0.21428571428571427,4.48,0.6696428571428571,2,8,4,0.5,0.25,2,8,2,1.0,0.25,2,8,2,1.0,0.25,2,8,2,1.0,0.25,6,8,13,0.46153846153846156,0.75,5,8,11,0.45454545454545453,0.625,3,8,7,0.42857142857142855,0.375,1,8,2,0.5,0.125,True,EQUAL_WEIGHT_PP_SUM_NOT_YEN_NOT_CAPITAL,
C0100,RISK_QUINTILE_FULL_12BAND,D-FULL,q3,ALL,Q1,SESSION,2025-07-22,5,5,0,1.0,2,3,0,0,0,0,1,1,0,1,0,2,0,0,0,0,0,2,2,1,2,0,0,0,0,0,0,3.4007783370126474,5.123856827613194,0,1,0.0,0.0,0.18518518518518517,0.0,0,1,0.0,0.0,0.18518518518518517,0.0,2,6,0.4,0.3333333333333333,1.1111111111111112,1.8,3,16,0.6,0.1875,2.962962962962963,1.0125,1,5,2,0.5,0.2,0,5,1,0.0,0.0,0,5,1,0.0,0.0,0,5,0,,0.0,3,5,11,0.2727272727272727,0.6,2,5,4,0.5,0.4,2,5,3,0.6666666666666666,0.4,0,5,0,,0.0,True,EQUAL_WEIGHT_PP_SUM_NOT_YEN_NOT_CAPITAL,
C0100,RISK_QUINTILE_FULL_12BAND,D-FULL,q3,ALL,Q1,SESSION,2025-07-23,9,9,0,1.0,3,6,0,1,0,1,0,0,1,1,2,0,0,3,0,0,0,2,5,2,3,2,3,1,3,1,0,9.532997933824626,17.861638588812294,0,0,0.0,,0.0,,3,6,0.3333333333333333,0.5,2.25,1.3333333333333333,3,6,0.3333333333333333,0.5,2.25,1.3333333333333333,6,13,0.6666666666666666,0.46153846153846156,4.875,1.2307692307692308,2,9,7,0.2857142857142857,0.2222222222222222,2,9,4,0.5,0.2222222222222222,1,9,1,1.0,0.1111111111111111,1,9,1,1.0,0.1111111111111111,5,9,14,0.35714285714285715,0.5555555555555556,4,9,11,0.36363636363636365,0.4444444444444444,2,9,6,0.3333333333333333,0.2222222222222222,0,9,2,0.0,0.0,True,EQUAL_WEIGHT_PP_SUM_NOT_YEN_NOT_CAPITAL,
C0100,RISK_QUINTILE_FULL_12BAND,D-FULL,q3,ALL,Q1,SESSION,2025-07-24,6,6,0,1.0,2,4,0,0,0,0,0,0,2,3,1,0,0,0,0,0,0,0,1,0,0,0,0,0,0,0,0,1.1974428348796464,3.4012913557477513,0,0,0.0,,0.0,,0,1,0.0,0.0,0.1935483870967742,0.0,0,4,0.0,0.0,0.7741935483870968,0.0,4,23,0.6666666666666666,0.17391304347826086,4.451612903225806,0.8985507246376812,0,6,2,0.0,0.0,0,6,2,0.0,0.0,0,6,2,0.0,0.0,0,6,1,0.0,0.0,3,6,10,0.3,0.5,0,6,6,0.0,0.0,0,6,3,0.0,0.0,0,6,2,0.0,0.0,True,EQUAL_WEIGHT_PP_SUM_NOT_YEN_NOT_CAPITAL,
C0100,RISK_QUINTILE_FULL_12BAND,D-FULL,q3,ALL,Q1,SESSION,2025-07-25,3,3,0,1.0,2,1,0,2,0,0,0,0,0,0,1,0,0,0,0,0,0,2,1,2,0,2,0,2,0,2,0,26.91672199434164,,0,2,0.0,0.0,0.2608695652173913,0.0,0,3,0.0,0.0,0.391304347826087,0.0,0,4,0.0,0.0,0.5217391304347826,0.0,1,14,0.3333333333333333,0.07142857142857142,1.826086956521739,0.5476190476190477,2,3,4,0.5,0.6666666666666666,2,3,3,0.6666666666666666,0.6666666666666666,2,3,3,0.6666666666666666,0.6666666666666666,2,3,3,0.6666666666666666,0.6666666666666666,2,3,11,0.18181818181818182,0.6666666666666666,2,3,5,0.4,0.6666666666666666,2,3,3,0.6666666666666666,0.6666666666666666,2,3,2,1.0,0.6666666666666666,True,EQUAL_WEIGHT_PP_SUM_NOT_YEN_NOT_CAPITAL,SINGLE_NEGATIVE_R_MASS_PRIVATE
C0100,RISK_QUINTILE_FULL_12BAND,D-FULL,q3,ALL,Q1,SESSION,2025-07-28,3,3,0,1.0,1,2,0,0,0,0,1,0,0,1,0,0,0,1,0,0,0,1,1,1,1,0,1,0,1,0,0,,5.344596727762016,0,0,0.0,,0.0,,1,1,0.3333333333333333,1.0,0.11538461538461539,8.666666666666666,1,2,0.3333333333333333,0.5,0.23076923076923078,4.333333333333333,2,14,0.6666666666666666,0.14285714285714285,1.6153846153846154,1.2380952380952381,1,3,5,0.2,0.3333333333333333,0,3,4,0.0,0.0,0,3,3,0.0,0.0,0,3,3,0.0,0.0,1,3,9,0.1111111111111111,0.3333333333333333,1,3,6,0.16666666666666666,0.3333333333333333,0,3,3,0.0,0.0,0,3,3,0.0,0.0,True,EQUAL_WEIGHT_PP_SUM_NOT_YEN_NOT_CAPITAL,SINGLE_POSITIVE_R_MASS_PRIVATE
C0100,RISK_QUINTILE_FULL_12BAND,D-FULL,q3,ALL,Q1,SESSION,2025-07-29,6,6,0,1.0,1,5,0,0,0,0,1,0,0,2,2,1,0,0,0,0,0,1,3,1,1,0,0,0,0,0,0,,7.1928612055379215,0,0,0.0,,0.0,,0,0,0.0,,0.0,,1,2,0.16666666666666666,0.5,0.46153846153846156,2.1666666666666665,5,18,0.8333333333333334,0.2777777777777778,4.153846153846154,1.2037037037037037,1,6,1,1.0,0.16666666666666666,0,6,0,,0.0,0,6,0,,0.0,0,6,0,,0.0,3,6,12,0.25,0.5,3,6,9,0.3333333333333333,0.5,1,6,3,0.3333333333333333,0.16666666666666666,0,6,2,0.0,0.0,True,EQUAL_WEIGHT_PP_SUM_NOT_YEN_NOT_CAPITAL,SINGLE_POSITIVE_R_MASS_PRIVATE
C0100,RISK_QUINTILE_FULL_12BAND,D-FULL,q3,ALL,Q1,SESSION,2025-07-30,7,7,0,1.0,4,3,0,0,0,0,1,0,3,2,0,0,1,0,0,0,0,1,1,1,1,0,1,0,0,0,0,3.9087097575414207,4.272945633959667,0,0,0.0,,0.0,,1,2,0.14285714285714285,0.5,0.5185185185185185,1.9285714285714286,1,3,0.14285714285714285,0.3333333333333333,0.7777777777777778,1.2857142857142858,3,15,0.42857142857142855,0.2,3.888888888888889,0.7714285714285715,1,7,3,0.3333333333333333,0.14285714285714285,0,7,2,0.0,0.0,0,7,0,,0.0,0,7,0,,0.0,3,7,13,0.23076923076923078,0.42857142857142855,2,7,8,0.25,0.2857142857142857,1,7,5,0.2,0.14285714285714285,1,7,2,0.5,0.14285714285714285,True,EQUAL_WEIGHT_PP_SUM_NOT_YEN_NOT_CAPITAL,
C0100,RISK_QUINTILE_FULL_12BAND,D-FULL,q3,ALL,Q1,SESSION,2025-07-31,9,9,0,1.0,3,6,0,0,0,0,0,1,2,1,3,0,0,0,2,0,0,1,5,0,2,0,2,0,2,0,2,3.028486459131731,15.423207860306883,2,2,0.2222222222222222,1.0,0.75,2.6666666666666665,2,2,0.2222222222222222,1.0,0.75,2.6666666666666665,2,3,0.2222222222222222,0.6666666666666666,1.125,1.7777777777777777,6,15,0.6666666666666666,0.4,5.625,1.0666666666666667,0,9,0,,0.0,0,9,0,,0.0,0,9,0,,0.0,0,9,0,,0.0,5,9,8,0.625,0.5555555555555556,4,9,5,0.8,0.4444444444444444,2,9,3,0.6666666666666666,0.2222222222222222,1,9,1,1.0,0.1111111111111111,True,EQUAL_WEIGHT_PP_SUM_NOT_YEN_NOT_CAPITAL,
C0100,RISK_QUINTILE_FULL_12BAND,D-FULL,q3,ALL,Q1,SESSION,2025-08-01,5,5,0,1.0,3,2,0,0,0,1,0,1,1,0,0,1,1,0,0,0,0,2,2,1,2,1,1,0,0,0,0,4.554881227746823,6.139587883725875,0,1,0.0,0.0,0.20833333333333334,0.0,1,2,0.2,0.5,0.4166666666666667,2.4,2,3,0.4,0.6666666666666666,0.625,3.2,2,12,0.4,0.16666666666666666,2.5,0.8,1,5,3,0.3333333333333333,0.2,1,5,2,0.5,0.2,0,5,0,,0.0,0,5,0,,0.0,3,5,11,0.2727272727272727,0.6,3,5,9,0.3333333333333333,0.6,2,5,4,0.5,0.4,2,5,2,1.0,0.4,True,EQUAL_WEIGHT_PP_SUM_NOT_YEN_NOT_CAPITAL,
C0100,RISK_QUINTILE_FULL_12BAND,D-FULL,q3,ALL,Q1,SESSION,2025-08-04,3,3,0,1.0,1,2,0,0,0,0,0,1,0,0,0,1,0,1,0,0,0,1,2,0,2,0,1,0,1,0,0,,7.301085886978196,0,0,0.0,,0.0,,1,3,0.3333333333333333,0.3333333333333333,0.2903225806451613,3.4444444444444446,2,8,0.6666666666666666,0.25,0.7741935483870968,2.5833333333333335,2,19,0.6666666666666666,0.10526315789473684,1.8387096774193548,1.087719298245614,0,3,1,0.0,0.0,0,3,1,0.0,0.0,0,3,0,,0.0,0,3,0,,0.0,2,3,6,0.3333333333333333,0.6666666666666666,2,3,2,1.0,0.6666666666666666,1,3,1,1.0,0.3333333333333333,1,3,1,1.0,0.3333333333333333,True,EQUAL_WEIGHT_PP_SUM_NOT_YEN_NOT_CAPITAL,SINGLE_POSITIVE_R_MASS_PRIVATE
C0100,RISK_QUINTILE_FULL_12BAND,D-FULL,q3,ALL,Q1,SESSION,2025-08-05,3,3,0,1.0,0,3,0,0,0,0,0,0,0,2,1,0,0,0,0,0,0,0,1,0,0,0,0,0,0,0,0,,1.8248721144507294,0,0,0.0,,0.0,,0,0,0.0,,0.0,,0,1,0.0,0.0,0.12,0.0,3,14,1.0,0.21428571428571427,1.68,1.7857142857142858,0,3,5,0.0,0.0,0,3,4,0.0,0.0,0,3,3,0.0,0.0,0,3,2,0.0,0.0,0,3,9,0.0,0.0,0,3,8,0.0,0.0,0,3,6,0.0,0.0,0,3,2,0.0,0.0,True,EQUAL_WEIGHT_PP_SUM_NOT_YEN_NOT_CAPITAL,SINGLE_POSITIVE_R_MASS_PRIVATE
C0100,RISK_QUINTILE_FULL_12BAND,D-FULL,q3,ALL,Q1,SESSION,2025-08-06,3,3,0,1.0,1,2,0,0,0,0,0,0,1,1,1,0,0,0,0,0,0,0,1,0,0,0,0,0,0,0,0,,1.1242421493879395,0,0,0.0,,0.0,,0,0,0.0,,0.0,,0,1,0.0,0.0,0.13043478260869565,0.0,2,9,0.6666666666666666,0.2222222222222222,1.173913043478261,1.7037037037037037,0,3,2,0.0,0.0,0,3,2,0.0,0.0,0,3,1,0.0,0.0,0,3,1,0.0,0.0,1,3,11,0.09090909090909091,0.3333333333333333,0,3,5,0.0,0.0,0,3,3,0.0,0.0,0,3,1,0.0,0.0,True,EQUAL_WEIGHT_PP_SUM_NOT_YEN_NOT_CAPITAL,SINGLE_POSITIVE_R_MASS_PRIVATE
C0100,RISK_QUINTILE_FULL_12BAND,D-FULL,q3,ALL,Q1,SESSION,2025-08-07,0,0,0,,0,0,0,0,0,0,0,0,0,0,0,0,0,0,0,0,0,0,0,0,0,0,0,0,0,0,0,,,0,1,,0.0,0.0,,0,4,,0.0,0.0,,0,6,,0.0,0.0,,0,23,,0.0,0.0,,0,0,4,0.0,,0,0,2,0.0,,0,0,2,0.0,,0,0,1,0.0,,0,0,7,0.0,,0,0,5,0.0,,0,0,2,0.0,,0,0,1,0.0,,True,EQUAL_WEIGHT_PP_SUM_NOT_YEN_NOT_CAPITAL,SINGLE_POSITIVE_R_MASS_PRIVATE;SINGLE_NEGATIVE_R_MASS_PRIVATE
C0100,RISK_QUINTILE_FULL_12BAND,D-FULL,q3,ALL,Q1,SESSION,2025-08-08,7,7,0,1.0,3,4,0,2,0,0,0,0,1,2,1,0,0,1,0,0,0,2,2,2,1,2,1,2,1,2,0,20.957111617207524,6.414662333127348,0,0,0.0,,0.0,,1,1,0.14285714285714285,1.0,0.21212121212121213,4.714285714285714,1,4,0.14285714285714285,0.25,0.8484848484848485,1.1785714285714286,4,17,0.5714285714285714,0.23529411764705882,3.606060606060606,1.1092436974789917,2,7,4,0.5,0.2857142857142857,2,7,4,0.5,0.2857142857142857,2,7,3,0.6666666666666666,0.2857142857142857,2,7,3,0.6666666666666666,0.2857142857142857,4,7,15,0.26666666666666666,0.5714285714285714,3,7,11,0.2727272727272727,0.42857142857142855,2,7,5,0.4,0.2857142857142857,2,7,2,1.0,0.2857142857142857,True,EQUAL_WEIGHT_PP_SUM_NOT_YEN_NOT_CAPITAL,
C0100,RISK_QUINTILE_FULL_12BAND,D-FULL,q3,ALL,Q1,SESSION,2025-08-12,12,12,0,1.0,5,7,0,1,0,0,1,2,1,1,2,1,0,0,3,0,0,4,6,2,4,1,3,1,3,1,3,27.750651341823858,34.62082237509073,3,4,0.25,0.75,1.6,1.875,3,4,0.25,0.75,1.6,1.875,4,6,0.3333333333333333,0.6666666666666666,2.4,1.6666666666666667,7,17,0.5833333333333334,0.4117647058823529,6.8,1.0294117647058822,2,12,4,0.5,0.16666666666666666,1,12,3,0.3333333333333333,0.08333333333333333,1,12,3,0.3333333333333333,0.08333333333333333,1,12,1,1.0,0.08333333333333333,7,12,17,0.4117647058823529,0.5833333333333334,4,12,11,0.36363636363636365,0.3333333333333333,3,12,6,0.5,0.25,2,12,2,1.0,0.16666666666666666,False,EQUAL_WEIGHT_PP_SUM_NOT_YEN_NOT_CAPITAL,
C0100,RISK_QUINTILE_FULL_12BAND,D-FULL,q3,ALL,Q1,SESSION,2025-08-13,8,8,0,1.0,1,7,0,1,0,0,0,0,0,2,3,1,0,0,1,0,0,1,5,1,2,1,1,1,1,1,1,,19.5189883347274,1,1,0.125,1.0,0.3076923076923077,3.25,1,3,0.125,0.3333333333333333,0.9230769230769231,1.0833333333333333,2,4,0.25,0.5,1.2307692307692308,1.625,7,16,0.875,0.4375,4.923076923076923,1.421875,1,8,2,0.5,0.125,1,8,1,1.0,0.125,1,8,1,1.0,0.125,1,8,1,1.0,0.125,5,8,12,0.4166666666666667,0.625,4,8,9,0.4444444444444444,0.5,2,8,4,0.5,0.25,0,8,0,,0.0,True,EQUAL_WEIGHT_PP_SUM_NOT_YEN_NOT_CAPITAL,SINGLE_POSITIVE_R_MASS_PRIVATE
C0100,RISK_QUINTILE_FULL_12BAND,D-FULL,q3,ALL,Q1,SESSION,2025-08-14,10,10,0,1.0,4,6,0,2,1,0,0,0,1,3,1,1,0,1,0,0,0,3,3,3,2,3,1,3,1,2,0,35.37526919215844,8.442434169359379,0,1,0.0,0.0,0.35714285714285715,0.0,1,2,0.1,0.5,0.7142857142857143,1.4,2,6,0.2,0.3333333333333333,2.142857142857143,0.9333333333333333,6,15,0.6,0.4,5.357142857142857,1.12,3,10,8,0.375,0.3,3,10,8,0.375,0.3,3,10,6,0.5,0.3,2,10,3,0.6666666666666666,0.2,4,10,14,0.2857142857142857,0.4,3,10,11,0.2727272727272727,0.3,3,10,7,0.42857142857142855,0.3,2,10,3,0.6666666666666666,0.2,False,EQUAL_WEIGHT_PP_SUM_NOT_YEN_NOT_CAPITAL,
C0100,RISK_QUINTILE_FULL_12BAND,D-FULL,q3,ALL,Q1,SESSION,2025-08-15,3,3,0,1.0,1,2,0,0,0,1,0,0,0,0,1,0,1,0,0,0,0,1,2,1,1,1,1,0,0,0,0,,5.2020407941648505,0,0,0.0,,0.0,,1,2,0.3333333333333333,0.5,0.20689655172413793,4.833333333333333,1,3,0.3333333333333333,0.3333333333333333,0.3103448275862069,3.2222222222222223,2,14,0.6666666666666666,0.14285714285714285,1.4482758620689655,1.380952380952381,1,3,3,0.3333333333333333,0.3333333333333333,1,3,3,0.3333333333333333,0.3333333333333333,0,3,1,0.0,0.0,0,3,1,0.0,0.0,2,3,12,0.16666666666666666,0.6666666666666666,2,3,7,0.2857142857142857,0.6666666666666666,1,3,3,0.3333333333333333,0.3333333333333333,0,3,1,0.0,0.0,True,EQUAL_WEIGHT_PP_SUM_NOT_YEN_NOT_CAPITAL,SINGLE_POSITIVE_R_MASS_PRIVATE
C0100,RISK_QUINTILE_FULL_12BAND,D-FULL,q3,ALL,Q1,SESSION,2025-08-18,4,4,0,1.0,2,2,0,2,0,0,0,0,0,1,0,1,0,0,0,0,0,2,1,2,1,2,0,2,0,2,0,19.693871546402924,2.6910168468428455,0,0,0.0,,0.0,,0,1,0.0,0.0,0.14814814814814814,0.0,1,2,0.25,0.5,0.2962962962962963,3.375,2,16,0.5,0.125,2.3703703703703702,0.84375,2,4,6,0.3333333333333333,0.5,2,4,6,0.3333333333333333,0.5,2,4,3,0.6666666666666666,0.5,2,4,3,0.6666666666666666,0.5,2,4,12,0.16666666666666666,0.5,2,4,10,0.2,0.5,2,4,6,0.3333333333333333,0.5,1,4,3,0.3333333333333333,0.25,True,EQUAL_WEIGHT_PP_SUM_NOT_YEN_NOT_CAPITAL,
C0100,RISK_QUINTILE_FULL_12BAND,D-FULL,q3,ALL,Q1,SESSION,2025-08-19,10,10,0,1.0,6,4,0,2,0,0,1,2,1,1,2,1,0,0,0,0,0,5,3,3,1,2,0,2,0,2,0,26.101948198198638,5.6141685569464315,0,0,0.0,,0.0,,0,0,0.0,,0.0,,1,2,0.1,0.5,0.6451612903225806,1.55,4,15,0.4,0.26666666666666666,4.838709677419355,0.8266666666666667,3,10,7,0.42857142857142855,0.3,2,10,4,0.5,0.2,2,10,3,0.6666666666666666,0.2,2,10,2,1.0,0.2,7,10,16,0.4375,0.7,4,10,10,0.4,0.4,4,10,8,0.5,0.4,2,10,3,0.6666666666666666,0.2,False,EQUAL_WEIGHT_PP_SUM_NOT_YEN_NOT_CAPITAL,
C0100,RISK_QUINTILE_FULL_12BAND,D-FULL,q3,ALL,Q1,SESSION,2025-08-20,2,2,0,1.0,2,0,0,0,1,1,0,0,0,0,0,0,0,0,0,0,0,2,0,2,0,2,0,1,0,0,0,7.802788893496544,,0,0,0.0,,0.0,,0,2,0.0,0.0,0.16,0.0,0,3,0.0,0.0,0.24,0.0,0,13,0.0,0.0,1.04,0.0,2,2,4,0.5,1.0,2,2,4,0.5,1.0,1,2,2,0.5,0.5,0,2,0,,0.0,2,2,12,0.16666666666666666,1.0,2,2,12,0.16666666666666666,1.0,1,2,8,0.125,0.5,0,2,1,0.0,0.0,True,EQUAL_WEIGHT_PP_SUM_NOT_YEN_NOT_CAPITAL,SINGLE_NEGATIVE_R_MASS_PRIVATE
C0100,RISK_QUINTILE_FULL_12BAND,D-FULL,q3,ALL,Q1,SESSION,2025-08-21,4,4,0,1.0,0,4,0,0,0,0,0,0,0,2,0,2,0,0,0,0,0,0,2,0,2,0,0,0,0,0,0,,5.64772997422546,0,0,0.0,,0.0,,0,3,0.0,0.0,0.41379310344827586,0.0,2,7,0.5,0.2857142857142857,0.9655172413793104,2.0714285714285716,4,15,1.0,0.26666666666666666,2.0689655172413794,1.9333333333333333,0,4,2,0.0,0.0,0,4,0,,0.0,0,4,0,,0.0,0,4,0,,0.0,1,4,11,0.09090909090909091,0.25,0,4,6,0.0,0.0,0,4,1,0.0,0.0,0,4,0,,0.0,True,EQUAL_WEIGHT_PP_SUM_NOT_YEN_NOT_CAPITAL,SINGLE_POSITIVE_R_MASS_PRIVATE
C0100,RISK_QUINTILE_FULL_12BAND,D-FULL,q3,ALL,Q1,SESSION,2025-08-22,5,5,0,1.0,1,4,0,1,0,0,0,0,0,0,1,1,1,0,1,0,0,1,4,1,3,1,2,1,1,1,1,,12.526620642804357,1,2,0.2,0.5,0.4166666666666667,2.4,2,7,0.4,0.2857142857142857,1.4583333333333333,1.3714285714285714,3,10,0.6,0.3,2.0833333333333335,1.44,4,20,0.8,0.2,4.166666666666667,0.96,1,5,3,0.3333333333333333,0.2,1,5,3,0.3333333333333333,0.2,1,5,2,0.5,0.2,1,5,2,0.5,0.2,1,5,10,0.1,0.2,1,5,7,0.14285714285714285,0.2,1,5,4,0.25,0.2,0,5,1,0.0,0.0,True,EQUAL_WEIGHT_PP_SUM_NOT_YEN_NOT_CAPITAL,SINGLE_POSITIVE_R_MASS_PRIVATE
C0100,RISK_QUINTILE_FULL_12BAND,D-FULL,q3,ALL,Q1,SESSION,2025-08-25,7,7,0,1.0,2,5,0,1,0,0,0,1,0,2,1,0,1,0,1,0,0,2,3,1,2,1,2,1,1,1,1,7.1935922431400625,12.577274036132307,1,1,0.14285714285714285,1.0,0.2916666666666667,3.4285714285714284,2,2,0.2857142857142857,1.0,0.5833333333333334,3.4285714285714284,2,2,0.2857142857142857,1.0,0.5833333333333334,3.4285714285714284,5,10,0.7142857142857143,0.5,2.9166666666666665,1.7142857142857142,1,7,6,0.16666666666666666,0.14285714285714285,1,7,5,0.2,0.14285714285714285,1,7,3,0.3333333333333333,0.14285714285714285,1,7,3,0.3333333333333333,0.14285714285714285,5,7,15,0.3333333333333333,0.7142857142857143,4,7,14,0.2857142857142857,0.5714285714285714,4,7,9,0.4444444444444444,0.5714285714285714,2,7,6,0.3333333333333333,0.2857142857142857,True,EQUAL_WEIGHT_PP_SUM_NOT_YEN_NOT_CAPITAL,
C0100,RISK_QUINTILE_FULL_12BAND,D-FULL,q3,ALL,Q1,RANK,S,7,7,0,1.0,2,5,0,0,0,0,2,0,0,3,0,1,1,0,0,0,0,2,2,2,2,0,1,0,0,0,0,5.251175446296817,8.006678533331996,0,0,0.0,,0.0,,1,3,0.14285714285714285,0.3333333333333333,0.23076923076923078,4.333333333333333,2,10,0.2857142857142857,0.2,1.367948717948718,1.4620431115276475,5,33,0.7142857142857143,0.15151515151515152,5.362820512820512,0.9323452067893856,2,7,7,0.2857142857142857,0.2857142857142857,0,7,5,0.0,0.0,0,7,4,0.0,0.0,0,7,3,0.0,0.0,3,7,25,0.12,0.42857142857142855,3,7,22,0.13636363636363635,0.42857142857142855,1,7,12,0.08333333333333333,0.14285714285714285,1,7,6,0.16666666666666666,0.14285714285714285,True,EQUAL_WEIGHT_PP_SUM_NOT_YEN_NOT_CAPITAL,
C0100,RISK_QUINTILE_FULL_12BAND,D-FULL,q3,ALL,Q1,RANK,A,62,62,0,1.0,24,38,0,10,0,2,1,5,6,11,15,6,2,3,1,0,0,18,27,13,12,12,6,10,4,10,1,201.50952634218757,68.82025835464613,1,2,0.016129032258064516,0.5,0.7944444444444444,1.2587412587412588,6,11,0.0967741935483871,0.5454545454545454,4.527777777777778,1.3251533742331287,12,21,0.1935483870967742,0.5714285714285714,8.833333333333334,1.3584905660377358,38,93,0.6129032258064516,0.40860215053763443,37.78888888888889,1.005586592178771,13,62,28,0.4642857142857143,0.20967741935483872,12,62,23,0.5217391304347826,0.1935483870967742,10,62,19,0.5263157894736842,0.16129032258064516,10,62,16,0.625,0.16129032258064516,32,62,86,0.37209302325581395,0.5161290322580645,27,62,69,0.391304347826087,0.43548387096774194,22,62,47,0.46808510638297873,0.3548387096774194,14,62,23,0.6086956521739131,0.22580645161290322,False,EQUAL_WEIGHT_PP_SUM_NOT_YEN_NOT_CAPITAL,
C0100,RISK_QUINTILE_FULL_12BAND,D-FULL,q3,ALL,Q1,RANK,B,74,74,0,1.0,32,42,0,6,1,2,3,5,15,17,6,8,3,3,5,0,0,17,25,12,19,9,11,7,8,6,5,79.50908895270582,94.03344989167535,5,12,0.06756756756756757,0.4166666666666667,3.068180838645955,1.6296301498990498,11,28,0.14864864864864866,0.39285714285714285,7.364624300380115,1.4936267691798277,19,55,0.25675675675675674,0.34545454545454546,14.192619897910596,1.3387239379811149,42,168,0.5675675675675675,0.25,42.05183159601764,0.998767435470693,12,74,36,0.3333333333333333,0.16216216216216217,9,74,25,0.36,0.12162162162162163,7,74,14,0.5,0.0945945945945946,6,74,11,0.5454545454545454,0.08108108108108109,43,74,147,0.2925170068027211,0.581081081081081,27,74,95,0.28421052631578947,0.36486486486486486,16,74,54,0.2962962962962963,0.21621621621621623,7,74,18,0.3888888888888889,0.0945945945945946,False,EQUAL_WEIGHT_PP_SUM_NOT_YEN_NOT_CAPITAL,
C0100,RISK_QUINTILE_FULL_12BAND,D-FULL,q3,ALL,Q1,RANK,C,69,67,2,0.9710144927536232,30,37,0,7,1,4,3,6,9,15,11,2,1,3,5,0,2,21,22,15,11,12,9,8,8,7,5,107.46004724556659,89.34265204403835,5,9,0.07462686567164178,0.5555555555555556,1.310275025195805,3.815992752554228,9,31,0.13432835820895522,0.2903225806451613,3.7927248641676616,2.372964114805388,11,58,0.16417910447761194,0.1896551724137931,7.306693673662304,1.5054688880212104,37,293,0.5522388059701493,0.12627986348122866,37.1699663751624,0.9954273196416992,15,67,66,0.22727272727272727,0.22388059701492538,12,67,46,0.2608695652173913,0.1791044776119403,8,67,28,0.2857142857142857,0.11940298507462686,7,67,18,0.3888888888888889,0.1044776119402985,37,69,174,0.21264367816091953,0.5362318840579711,26,69,111,0.23423423423423423,0.37681159420289856,20,69,57,0.3508771929824561,0.2898550724637681,8,69,20,0.4,0.11594202898550725,False,EQUAL_WEIGHT_PP_SUM_NOT_YEN_NOT_CAPITAL,
C0100,RISK_QUINTILE_FULL_12BAND,D-FULL,q3,ALL,Q1,EXECUTION_ELIGIBLE,TRUE,211,210,1,0.995260663507109,88,122,0,23,2,8,9,16,30,46,32,17,7,9,11,0,1,58,76,42,44,33,27,25,20,23,11,393.7298379867568,260.2030388236918,11,23,0.05238095238095238,0.4782608695652174,4.75423562992778,2.3137262971896697,27,73,0.12857142857142856,0.3698630136986301,15.021736944837093,1.7973953411079926,44,144,0.20952380952380953,0.3055555555555556,29.673166027318928,1.4828212115785324,122,587,0.580952380952381,0.20783645655877342,121.15514961852548,1.006973293204083,42,210,137,0.30656934306569344,0.2,33,210,99,0.3333333333333333,0.15714285714285714,25,210,65,0.38461538461538464,0.11904761904761904,23,210,48,0.4791666666666667,0.10952380952380952,115,211,432,0.2662037037037037,0.5450236966824644,83,211,297,0.27946127946127947,0.3933649289099526,59,211,170,0.34705882352941175,0.2796208530805687,30,211,67,0.44776119402985076,0.14218009478672985,False,EQUAL_WEIGHT_PP_SUM_NOT_YEN_NOT_CAPITAL,
C0100,RISK_QUINTILE_FULL_12BAND,D-FULL,q3,ALL,Q1,R0_PASS,SAB,143,143,0,1.0,58,85,0,16,1,4,6,10,21,31,21,15,6,6,6,0,0,37,54,27,33,21,18,17,12,16,6,286.2697907411902,170.86038677965348,6,14,0.04195804195804196,0.42857142857142855,3.9972686465596916,1.5010249574203598,18,42,0.1258741258741259,0.42857142857142855,12.259709096534023,1.4682240710824723,33,86,0.23076923076923078,0.38372093023255816,24.763522760214826,1.3326052322821345,85,294,0.5944055944055944,0.2891156462585034,85.300431751934,0.996477957429246,27,143,71,0.38028169014084506,0.1888111888111888,21,143,53,0.39622641509433965,0.14685314685314685,17,143,37,0.4594594594594595,0.11888111888111888,16,143,30,0.5333333333333333,0.11188811188811189,78,143,258,0.3023255813953488,0.5454545454545454,57,143,186,0.3064516129032258,0.3986013986013986,39,143,113,0.34513274336283184,0.2727272727272727,22,143,47,0.46808510638297873,0.15384615384615385,False,EQUAL_WEIGHT_PP_SUM_NOT_YEN_NOT_CAPITAL,
C0100,RISK_QUINTILE_FULL_12BAND,D-FULL,q3,ALL,Q1,E0_FUNDED,SAVED,68,68,0,1.0,25,43,0,11,0,1,3,4,6,15,13,8,3,3,1,0,0,19,28,15,15,12,7,11,4,11,1,215.10458363257854,74.73918792381582,1,2,0.014705882352941176,0.5,0.6363636363636364,1.5714285714285714,7,16,0.10294117647058823,0.4375,5.60853855121036,1.248096975011316,15,31,0.22058823529411764,0.4838709677419355,10.767510390757234,1.3930796865425743,43,126,0.6323529411764706,0.3412698412698413,42.58377023085999,1.009774375704253,15,68,36,0.4166666666666667,0.22058823529411764,12,68,28,0.42857142857142855,0.17647058823529413,11,68,23,0.4782608695652174,0.16176470588235295,11,68,19,0.5789473684210527,0.16176470588235295,35,68,115,0.30434782608695654,0.5147058823529411,31,68,96,0.3229166666666667,0.45588235294117646,24,68,59,0.4067796610169492,0.35294117647058826,17,68,30,0.5666666666666667,0.25,False,EQUAL_WEIGHT_PP_SUM_NOT_YEN_NOT_CAPITAL,
C0101,RISK_QUINTILE_FULL_12BAND,D-FULL,q3,ALL,Q2,ALL,ALL,207,206,1,0.9951690821256038,87,119,0,8,7,7,8,23,34,57,27,14,10,7,4,0,1,53,62,30,35,22,21,15,11,8,4,183.56810137786692,198.7458369318123,4,23,0.019417475728155338,0.17391304347826086,4.659413897029255,0.858477072094908,21,73,0.10194174757281553,0.2876712328767123,14.801329506769862,1.4187914666986488,35,144,0.16990291262135923,0.24305555555555555,29.19374611943827,1.19888690738102,119,587,0.5776699029126213,0.20272572402044292,118.92324415359052,1.0006454234153783,30,206,137,0.21897810218978103,0.14563106796116504,22,206,99,0.2222222222222222,0.10679611650485436,15,206,65,0.23076923076923078,0.07281553398058252,8,206,48,0.16666666666666666,0.038834951456310676,108,207,432,0.25,0.5217391304347826,82,207,297,0.2760942760942761,0.3961352657004831,46,207,170,0.27058823529411763,0.2222222222222222,15,207,67,0.22388059701492538,0.07246376811594203,False,EQUAL_WEIGHT_PP_SUM_NOT_YEN_NOT_CAPITAL,
C0101,RISK_QUINTILE_FULL_12BAND,D-FULL,q3,ALL,Q2,BLOCK,1,27,26,1,0.9629629629629629,6,20,0,1,1,0,0,2,2,5,8,3,3,1,0,0,1,4,15,2,7,2,4,2,1,1,0,18.1654594905785,36.877897921989586,0,3,0.0,0.0,0.6,0.0,4,12,0.15384615384615385,0.3333333333333333,2.4,1.6666666666666667,7,22,0.2692307692307692,0.3181818181818182,4.4,1.5909090909090908,20,84,0.7692307692307693,0.23809523809523808,16.8,1.1904761904761905,2,26,17,0.11764705882352941,0.07692307692307693,2,26,13,0.15384615384615385,0.07692307692307693,2,26,6,0.3333333333333333,0.07692307692307693,1,26,5,0.2,0.038461538461538464,12,27,54,0.2222222222222222,0.4444444444444444,8,27,35,0.22857142857142856,0.2962962962962963,4,27,22,0.18181818181818182,0.14814814814814814,2,27,9,0.2222222222222222,0.07407407407407407,False,EQUAL_WEIGHT_PP_SUM_NOT_YEN_NOT_CAPITAL,
C0101,RISK_QUINTILE_FULL_12BAND,D-FULL,q3,ALL,Q2,BLOCK,2,27,27,0,1.0,17,10,0,1,1,1,1,7,6,8,1,1,0,0,0,0,0,11,2,4,1,3,0,2,0,1,0,27.19437439337497,7.39838407567291,0,2,0.0,0.0,0.4122137404580153,0.0,0,5,0.0,0.0,1.0305343511450382,0.0,1,12,0.037037037037037035,0.08333333333333333,2.4732824427480917,0.404320987654321,10,69,0.37037037037037035,0.14492753623188406,14.221374045801527,0.703166935050993,4,27,17,0.23529411764705882,0.14814814814814814,3,27,10,0.3,0.1111111111111111,2,27,8,0.25,0.07407407407407407,1,27,5,0.2,0.037037037037037035,13,27,55,0.23636363636363636,0.48148148148148145,10,27,37,0.2702702702702703,0.37037037037037035,5,27,20,0.25,0.18518518518518517,1,27,7,0.14285714285714285,0.037037037037037035,False,EQUAL_WEIGHT_PP_SUM_NOT_YEN_NOT_CAPITAL,
C0101,RISK_QUINTILE_FULL_12BAND,D-FULL,q3,ALL,Q2,BLOCK,3,27,27,0,1.0,7,20,0,1,1,0,1,1,3,14,1,3,1,0,1,0,0,4,6,3,5,2,2,2,1,1,1,16.013014230111,25.467450398341704,1,3,0.037037037037037035,0.3333333333333333,0.6044776119402985,1.654320987654321,2,5,0.07407407407407407,0.4,1.007462686567164,1.9851851851851852,5,18,0.18518518518518517,0.2777777777777778,3.626865671641791,1.3786008230452675,20,77,0.7407407407407407,0.2597402597402597,15.514925373134329,1.289081289081289,3,27,17,0.17647058823529413,0.1111111111111111,2,27,9,0.2222222222222222,0.07407407407407407,2,27,9,0.2222222222222222,0.07407407407407407,1,27,7,0.14285714285714285,0.037037037037037035,11,27,56,0.19642857142857142,0.4074074074074074,9,27,38,0.23684210526315788,0.3333333333333333,4,27,25,0.16,0.14814814814814814,1,27,8,0.125,0.037037037037037035,False,EQUAL_WEIGHT_PP_SUM_NOT_YEN_NOT_CAPITAL,
C0101,RISK_QUINTILE_FULL_12BAND,D-FULL,q3,ALL,Q2,BLOCK,4,26,26,0,1.0,9,17,0,1,0,1,1,3,3,4,7,3,1,1,1,0,0,6,13,3,6,2,3,1,2,1,1,19.16042554630753,39.63997846394898,1,2,0.038461538461538464,0.5,0.4,2.5,3,11,0.11538461538461539,0.2727272727272727,2.2,1.3636363636363635,6,18,0.23076923076923078,0.3333333333333333,3.6,1.6666666666666667,17,82,0.6538461538461539,0.2073170731707317,16.4,1.0365853658536586,3,26,19,0.15789473684210525,0.11538461538461539,2,26,13,0.15384615384615385,0.07692307692307693,1,26,9,0.1111111111111111,0.038461538461538464,1,26,8,0.125,0.038461538461538464,12,26,56,0.21428571428571427,0.46153846153846156,9,26,37,0.24324324324324326,0.34615384615384615,4,26,18,0.2222222222222222,0.15384615384615385,4,26,11,0.36363636363636365,0.15384615384615385,False,EQUAL_WEIGHT_PP_SUM_NOT_YEN_NOT_CAPITAL,
C0101,RISK_QUINTILE_FULL_12BAND,D-FULL,q3,ALL,Q2,BLOCK,5,26,26,0,1.0,13,13,0,1,1,0,0,3,8,9,2,1,1,0,0,0,0,5,4,2,2,2,1,2,0,1,0,18.22362295764152,12.273981050725073,0,3,0.0,0.0,0.5954198473282443,0.0,1,9,0.038461538461538464,0.1111111111111111,1.786259541984733,0.5598290598290598,2,18,0.07692307692307693,0.1111111111111111,3.572519083969466,0.5598290598290598,13,75,0.5,0.17333333333333334,14.885496183206106,0.8733333333333333,2,26,12,0.16666666666666666,0.07692307692307693,2,26,9,0.2222222222222222,0.07692307692307693,2,26,3,0.6666666666666666,0.07692307692307693,1,26,2,0.5,0.038461538461538464,13,26,47,0.2765957446808511,0.5,10,26,32,0.3125,0.38461538461538464,7,26,19,0.3684210526315789,0.2692307692307692,2,26,8,0.25,0.07692307692307693,False,EQUAL_WEIGHT_PP_SUM_NOT_YEN_NOT_CAPITAL,
C0101,RISK_QUINTILE_FULL_12BAND,D-FULL,q3,ALL,Q2,BLOCK,6,29,29,0,1.0,13,16,0,1,1,1,2,3,5,7,4,1,1,2,1,0,0,8,9,5,5,3,4,2,3,1,1,25.434691484768802,31.377580152483425,1,6,0.034482758620689655,0.16666666666666666,1.2167832167832169,0.8218390804597702,4,12,0.13793103448275862,0.3333333333333333,2.4335664335664338,1.6436781609195403,5,21,0.1724137931034483,0.23809523809523808,4.258741258741258,1.174055829228243,16,82,0.5517241379310345,0.1951219512195122,16.62937062937063,0.9621530698065601,5,29,16,0.3125,0.1724137931034483,3,29,12,0.25,0.10344827586206896,2,29,10,0.2,0.06896551724137931,1,29,7,0.14285714285714285,0.034482758620689655,18,29,62,0.2903225806451613,0.6206896551724138,15,29,41,0.36585365853658536,0.5172413793103449,8,29,20,0.4,0.27586206896551724,0,29,6,0.0,0.0,False,EQUAL_WEIGHT_PP_SUM_NOT_YEN_NOT_CAPITAL,
C0101,RISK_QUINTILE_FULL_12BAND,D-FULL,q3,ALL,Q2,BLOCK,7,29,29,0,1.0,17,12,0,2,2,3,2,3,5,6,3,1,2,0,0,0,0,12,6,9,3,7,2,4,0,2,0,51.690316595079096,17.10554195667565,0,1,0.0,0.0,0.20714285714285716,0.0,2,7,0.06896551724137931,0.2857142857142857,1.45,1.3793103448275863,3,16,0.10344827586206896,0.1875,3.3142857142857145,0.9051724137931034,12,73,0.41379310344827586,0.1643835616438356,15.121428571428572,0.7935758148323099,9,29,28,0.32142857142857145,0.3103448275862069,7,29,25,0.28,0.2413793103448276,4,29,15,0.26666666666666666,0.13793103448275862,2,29,9,0.2222222222222222,0.06896551724137931,22,29,66,0.3333333333333333,0.7586206896551724,17,29,50,0.34,0.5862068965517241,11,29,32,0.34375,0.3793103448275862,3,29,11,0.2727272727272727,0.10344827586206896,False,EQUAL_WEIGHT_PP_SUM_NOT_YEN_NOT_CAPITAL,
C0101,RISK_QUINTILE_FULL_12BAND,D-FULL,q3,ALL,Q2,BLOCK,8,16,16,0,1.0,5,11,0,0,0,1,1,1,2,4,1,1,1,3,1,0,0,3,7,2,6,1,5,0,4,0,1,7.686196680005505,28.605022911974974,1,3,0.0625,0.3333333333333333,0.6233766233766234,1.6041666666666667,5,12,0.3125,0.4166666666666667,2.4935064935064934,2.0052083333333335,6,19,0.375,0.3157894736842105,3.948051948051948,1.519736842105263,11,45,0.6875,0.24444444444444444,9.35064935064935,1.176388888888889,2,16,11,0.18181818181818182,0.125,1,16,8,0.125,0.0625,0,16,5,0.0,0.0,0,16,5,0.0,0.0,7,16,36,0.19444444444444445,0.4375,4,16,27,0.14814814814814814,0.25,3,16,14,0.21428571428571427,0.1875,2,16,7,0.2857142857142857,0.125,False,EQUAL_WEIGHT_PP_SUM_NOT_YEN_NOT_CAPITAL,
C0101,RISK_QUINTILE_FULL_12BAND,D-FULL,q3,ALL,Q2,SESSION,2025-06-27,5,5,0,1.0,1,4,0,1,0,0,0,0,0,1,0,0,2,1,0,0,0,1,3,1,3,1,3,1,1,1,0,,12.351763196768418,0,0,0.0,,0.0,,3,3,0.6,1.0,0.5769230769230769,5.2,3,4,0.6,0.75,0.7692307692307693,3.9,4,14,0.8,0.2857142857142857,2.6923076923076925,1.4857142857142858,1,5,5,0.2,0.2,1,5,4,0.25,0.2,1,5,2,0.5,0.2,1,5,2,0.5,0.2,5,5,13,0.38461538461538464,1.0,5,5,10,0.5,1.0,2,5,5,0.4,0.4,2,5,2,1.0,0.4,True,EQUAL_WEIGHT_PP_SUM_NOT_YEN_NOT_CAPITAL,SINGLE_POSITIVE_R_MASS_PRIVATE
C0101,RISK_QUINTILE_FULL_12BAND,D-FULL,q3,ALL,Q2,SESSION,2025-06-30,5,4,1,0.8,0,4,0,0,0,0,0,0,0,0,2,2,0,0,0,0,1,0,4,0,2,0,0,0,0,0,0,,7.116681512622018,0,0,0.0,,0.0,,0,2,0.0,0.0,0.2857142857142857,0.0,2,8,0.5,0.25,1.1428571428571428,1.75,4,23,1.0,0.17391304347826086,3.2857142857142856,1.2173913043478262,0,4,4,0.0,0.0,0,4,3,0.0,0.0,0,4,1,0.0,0.0,0,4,1,0.0,0.0,1,5,9,0.1111111111111111,0.2,0,5,6,0.0,0.0,0,5,5,0.0,0.0,0,5,1,0.0,0.0,True,EQUAL_WEIGHT_PP_SUM_NOT_YEN_NOT_CAPITAL,SINGLE_POSITIVE_R_MASS_PRIVATE
C0101,RISK_QUINTILE_FULL_12BAND,D-FULL,q3,ALL,Q2,SESSION,2025-07-01,4,4,0,1.0,1,3,0,0,0,0,0,0,1,0,2,1,0,0,0,0,0,0,3,0,1,0,0,0,0,0,0,,5.816291280742819,0,1,0.0,0.0,0.19047619047619047,0.0,0,3,0.0,0.0,0.5714285714285714,0.0,1,5,0.25,0.2,0.9523809523809523,1.05,3,13,0.75,0.23076923076923078,2.4761904761904763,1.2115384615384615,0,4,2,0.0,0.0,0,4,2,0.0,0.0,0,4,2,0.0,0.0,0,4,2,0.0,0.0,3,4,11,0.2727272727272727,0.75,2,4,6,0.3333333333333333,0.5,1,4,4,0.25,0.25,0,4,3,0.0,0.0,True,EQUAL_WEIGHT_PP_SUM_NOT_YEN_NOT_CAPITAL,SINGLE_POSITIVE_R_MASS_PRIVATE
C0101,RISK_QUINTILE_FULL_12BAND,D-FULL,q3,ALL,Q2,SESSION,2025-07-02,8,8,0,1.0,3,5,0,0,1,0,0,1,1,3,2,0,0,0,0,0,0,2,2,1,0,1,0,1,0,0,0,6.306332667596231,4.344951950452527,0,1,0.0,0.0,0.2857142857142857,0.0,0,2,0.0,0.0,0.5714285714285714,0.0,0,3,0.0,0.0,0.8571428571428571,0.0,5,18,0.625,0.2777777777777778,5.142857142857143,0.9722222222222222,1,8,1,1.0,0.125,1,8,1,1.0,0.125,1,8,1,1.0,0.125,0,8,0,,0.0,2,8,12,0.16666666666666666,0.25,1,8,7,0.14285714285714285,0.125,1,8,4,0.25,0.125,0,8,2,0.0,0.0,True,EQUAL_WEIGHT_PP_SUM_NOT_YEN_NOT_CAPITAL,
C0101,RISK_QUINTILE_FULL_12BAND,D-FULL,q3,ALL,Q2,SESSION,2025-07-03,5,5,0,1.0,1,4,0,0,0,0,0,1,0,1,2,0,1,0,0,0,0,1,3,0,1,0,1,0,0,0,0,,7.248209981403802,0,1,0.0,0.0,0.18518518518518517,0.0,1,2,0.2,0.5,0.37037037037037035,2.7,1,2,0.2,0.5,0.37037037037037035,2.7,4,16,0.8,0.25,2.962962962962963,1.35,0,5,5,0.0,0.0,0,5,3,0.0,0.0,0,5,0,,0.0,0,5,0,,0.0,1,5,9,0.1111111111111111,0.2,0,5,6,0.0,0.0,0,5,4,0.0,0.0,0,5,1,0.0,0.0,True,EQUAL_WEIGHT_PP_SUM_NOT_YEN_NOT_CAPITAL,SINGLE_POSITIVE_R_MASS_PRIVATE
C0101,RISK_QUINTILE_FULL_12BAND,D-FULL,q3,ALL,Q2,SESSION,2025-07-04,10,10,0,1.0,6,4,0,1,1,0,0,3,1,2,1,1,0,0,0,0,0,5,2,2,1,2,0,2,0,1,0,13.829560592766022,4.85164592114879,0,1,0.0,0.0,0.37037037037037035,0.0,0,1,0.0,0.0,0.37037037037037035,0.0,1,3,0.1,0.3333333333333333,1.1111111111111112,0.9,4,16,0.4,0.25,5.925925925925926,0.675,2,10,3,0.6666666666666666,0.2,2,10,2,1.0,0.2,2,10,2,1.0,0.2,1,10,1,1.0,0.1,6,10,12,0.5,0.6,5,10,10,0.5,0.5,3,10,6,0.5,0.3,1,10,2,0.5,0.1,False,EQUAL_WEIGHT_PP_SUM_NOT_YEN_NOT_CAPITAL,
C0101,RISK_QUINTILE_FULL_12BAND,D-FULL,q3,ALL,Q2,SESSION,2025-07-07,3,3,0,1.0,1,2,0,0,0,0,0,1,0,2,0,0,0,0,0,0,0,1,0,0,0,0,0,0,0,0,0,,0.5180530753731415,0,0,0.0,,0.0,,0,2,0.0,0.0,0.23076923076923078,0.0,0,2,0.0,0.0,0.23076923076923078,0.0,2,14,0.6666666666666666,0.14285714285714285,1.6153846153846154,1.2380952380952381,0,3,1,0.0,0.0,0,3,1,0.0,0.0,0,3,1,0.0,0.0,0,3,1,0.0,0.0,1,3,9,0.1111111111111111,0.3333333333333333,0,3,4,0.0,0.0,0,3,3,0.0,0.0,0,3,2,0.0,0.0,True,EQUAL_WEIGHT_PP_SUM_NOT_YEN_NOT_CAPITAL,SINGLE_POSITIVE_R_MASS_PRIVATE
C0101,RISK_QUINTILE_FULL_12BAND,D-FULL,q3,ALL,Q2,SESSION,2025-07-08,4,4,0,1.0,1,3,0,0,0,0,0,0,1,3,0,0,0,0,0,0,0,0,0,0,0,0,0,0,0,0,0,,1.7534718085932754,0,1,0.0,0.0,0.15384615384615385,0.0,0,1,0.0,0.0,0.15384615384615385,0.0,0,5,0.0,0.0,0.7692307692307693,0.0,3,16,0.75,0.1875,2.4615384615384617,1.21875,0,4,3,0.0,0.0,0,4,1,0.0,0.0,0,4,1,0.0,0.0,0,4,1,0.0,0.0,0,4,9,0.0,0.0,0,4,6,0.0,0.0,0,4,3,0.0,0.0,0,4,2,0.0,0.0,True,EQUAL_WEIGHT_PP_SUM_NOT_YEN_NOT_CAPITAL,SINGLE_POSITIVE_R_MASS_PRIVATE
C0101,RISK_QUINTILE_FULL_12BAND,D-FULL,q3,ALL,Q2,SESSION,2025-07-09,5,5,0,1.0,5,0,0,0,0,0,0,2,3,0,0,0,0,0,0,0,0,2,0,0,0,0,0,0,0,0,0,4.3750579170570525,,0,0,0.0,,0.0,,0,1,0.0,0.0,0.22727272727272727,0.0,0,1,0.0,0.0,0.22727272727272727,0.0,0,6,0.0,0.0,1.3636363636363635,0.0,0,5,3,0.0,0.0,0,5,2,0.0,0.0,0,5,2,0.0,0.0,0,5,1,0.0,0.0,3,5,11,0.2727272727272727,0.6,2,5,7,0.2857142857142857,0.4,1,5,4,0.25,0.2,0,5,0,,0.0,True,EQUAL_WEIGHT_PP_SUM_NOT_YEN_NOT_CAPITAL,SINGLE_NEGATIVE_R_MASS_PRIVATE
C0101,RISK_QUINTILE_FULL_12BAND,D-FULL,q3,ALL,Q2,SESSION,2025-07-10,5,5,0,1.0,4,1,0,0,0,1,1,1,1,1,0,0,0,0,0,0,0,3,0,2,0,1,0,0,0,0,0,7.65856383002737,,0,0,0.0,,0.0,,0,0,0.0,,0.0,,0,1,0.0,0.0,0.16666666666666666,0.0,1,17,0.2,0.058823529411764705,2.8333333333333335,0.35294117647058826,2,5,7,0.2857142857142857,0.4,1,5,4,0.25,0.2,0,5,2,0.0,0.0,0,5,1,0.0,0.0,3,5,14,0.21428571428571427,0.6,3,5,10,0.3,0.6,1,5,4,0.25,0.2,0,5,1,0.0,0.0,True,EQUAL_WEIGHT_PP_SUM_NOT_YEN_NOT_CAPITAL,SINGLE_NEGATIVE_R_MASS_PRIVATE
C0101,RISK_QUINTILE_FULL_12BAND,D-FULL,q3,ALL,Q2,SESSION,2025-07-15,7,7,0,1.0,2,5,0,0,0,0,1,1,0,4,0,0,1,0,0,0,0,2,1,1,1,0,1,0,0,0,0,3.847109363990988,5.793566875026118,0,0,0.0,,0.0,,1,1,0.14285714285714285,1.0,0.25,4.0,1,2,0.14285714285714285,0.5,0.5,2.0,5,16,0.7142857142857143,0.3125,4.0,1.25,1,7,5,0.2,0.14285714285714285,0,7,2,0.0,0.0,0,7,2,0.0,0.0,0,7,2,0.0,0.0,6,7,13,0.46153846153846156,0.8571428571428571,5,7,10,0.5,0.7142857142857143,1,7,6,0.16666666666666666,0.14285714285714285,0,7,3,0.0,0.0,True,EQUAL_WEIGHT_PP_SUM_NOT_YEN_NOT_CAPITAL,
C0101,RISK_QUINTILE_FULL_12BAND,D-FULL,q3,ALL,Q2,SESSION,2025-07-16,7,7,0,1.0,1,6,0,1,0,0,0,0,0,5,0,1,0,0,0,0,0,1,1,1,1,1,0,1,0,1,0,,5.557989529041955,0,1,0.0,0.0,0.25,0.0,0,2,0.0,0.0,0.5,0.0,1,5,0.14285714285714285,0.2,1.25,0.8,6,20,0.8571428571428571,0.3,5.0,1.2,1,7,4,0.25,0.14285714285714285,1,7,3,0.3333333333333333,0.14285714285714285,1,7,3,0.3333333333333333,0.14285714285714285,1,7,2,0.5,0.14285714285714285,2,7,10,0.2,0.2857142857142857,2,7,7,0.2857142857142857,0.2857142857142857,1,7,5,0.2,0.14285714285714285,0,7,1,0.0,0.0,True,EQUAL_WEIGHT_PP_SUM_NOT_YEN_NOT_CAPITAL,SINGLE_POSITIVE_R_MASS_PRIVATE
C0101,RISK_QUINTILE_FULL_12BAND,D-FULL,q3,ALL,Q2,SESSION,2025-07-17,5,5,0,1.0,1,4,0,0,0,0,0,0,1,3,1,0,0,0,0,0,0,0,1,0,0,0,0,0,0,0,0,,3.565850564446469,0,0,0.0,,0.0,,0,0,0.0,,0.0,,0,2,0.0,0.0,0.38461538461538464,0.0,4,11,0.8,0.36363636363636365,2.1153846153846154,1.8909090909090909,0,5,2,0.0,0.0,0,5,1,0.0,0.0,0,5,1,0.0,0.0,0,5,1,0.0,0.0,0,5,9,0.0,0.0,0,5,6,0.0,0.0,0,5,4,0.0,0.0,0,5,2,0.0,0.0,True,EQUAL_WEIGHT_PP_SUM_NOT_YEN_NOT_CAPITAL,SINGLE_POSITIVE_R_MASS_PRIVATE
C0101,RISK_QUINTILE_FULL_12BAND,D-FULL,q3,ALL,Q2,SESSION,2025-07-18,2,2,0,1.0,2,0,0,0,0,0,0,0,2,0,0,0,0,0,0,0,0,0,0,0,0,0,0,0,0,0,0,0.934221181426503,,0,1,0.0,0.0,0.08,0.0,0,1,0.0,0.0,0.08,0.0,0,3,0.0,0.0,0.24,0.0,0,14,0.0,0.0,1.12,0.0,0,2,4,0.0,0.0,0,2,2,0.0,0.0,0,2,2,0.0,0.0,0,2,2,0.0,0.0,1,2,13,0.07692307692307693,0.5,1,2,11,0.09090909090909091,0.5,1,2,7,0.14285714285714285,0.5,1,2,2,0.5,0.5,True,EQUAL_WEIGHT_PP_SUM_NOT_YEN_NOT_CAPITAL,SINGLE_NEGATIVE_R_MASS_PRIVATE
C0101,RISK_QUINTILE_FULL_12BAND,D-FULL,q3,ALL,Q2,SESSION,2025-07-22,6,6,0,1.0,1,5,0,0,1,0,0,0,0,2,0,2,0,0,1,0,0,1,3,1,3,1,1,1,1,0,1,,10.550043429827165,1,1,0.16666666666666666,1.0,0.2222222222222222,4.5,1,1,0.16666666666666666,1.0,0.2222222222222222,4.5,3,6,0.5,0.5,1.3333333333333333,2.25,5,16,0.8333333333333334,0.3125,3.5555555555555554,1.40625,1,6,2,0.5,0.16666666666666666,1,6,1,1.0,0.16666666666666666,1,6,1,1.0,0.16666666666666666,0,6,0,,0.0,2,6,11,0.18181818181818182,0.3333333333333333,1,6,4,0.25,0.16666666666666666,1,6,3,0.3333333333333333,0.16666666666666666,0,6,0,,0.0,True,EQUAL_WEIGHT_PP_SUM_NOT_YEN_NOT_CAPITAL,SINGLE_POSITIVE_R_MASS_PRIVATE
C0101,RISK_QUINTILE_FULL_12BAND,D-FULL,q3,ALL,Q2,SESSION,2025-07-23,6,6,0,1.0,2,4,0,0,0,0,1,1,0,2,0,0,1,1,0,0,0,2,2,1,2,0,2,0,1,0,0,3.498071137965065,9.490984861357882,0,0,0.0,,0.0,,2,6,0.3333333333333333,0.3333333333333333,1.5,1.3333333333333333,2,6,0.3333333333333333,0.3333333333333333,1.5,1.3333333333333333,4,13,0.6666666666666666,0.3076923076923077,3.25,1.2307692307692308,1,6,7,0.14285714285714285,0.16666666666666666,0,6,4,0.0,0.0,0,6,1,0.0,0.0,0,6,1,0.0,0.0,4,6,14,0.2857142857142857,0.6666666666666666,3,6,11,0.2727272727272727,0.5,1,6,6,0.16666666666666666,0.16666666666666666,1,6,2,0.5,0.16666666666666666,True,EQUAL_WEIGHT_PP_SUM_NOT_YEN_NOT_CAPITAL,
C0101,RISK_QUINTILE_FULL_12BAND,D-FULL,q3,ALL,Q2,SESSION,2025-07-24,5,5,0,1.0,1,4,0,0,0,0,0,0,1,1,2,1,0,0,0,0,0,0,3,0,1,0,0,0,0,0,0,,5.4853504897479715,0,0,0.0,,0.0,,0,1,0.0,0.0,0.16129032258064516,0.0,1,4,0.2,0.25,0.6451612903225806,1.55,4,23,0.8,0.17391304347826086,3.7096774193548385,1.0782608695652174,0,5,2,0.0,0.0,0,5,2,0.0,0.0,0,5,2,0.0,0.0,0,5,1,0.0,0.0,2,5,10,0.2,0.4,2,5,6,0.3333333333333333,0.4,1,5,3,0.3333333333333333,0.2,1,5,2,0.5,0.2,True,EQUAL_WEIGHT_PP_SUM_NOT_YEN_NOT_CAPITAL,SINGLE_POSITIVE_R_MASS_PRIVATE
C0101,RISK_QUINTILE_FULL_12BAND,D-FULL,q3,ALL,Q2,SESSION,2025-07-25,6,6,0,1.0,2,4,0,0,0,0,0,1,1,0,2,1,0,0,1,0,0,1,4,0,2,0,1,0,1,0,1,1.2893254217861723,18.204868711667853,1,2,0.16666666666666666,0.5,0.5217391304347826,1.9166666666666667,1,3,0.16666666666666666,0.3333333333333333,0.782608695652174,1.2777777777777777,2,4,0.3333333333333333,0.5,1.0434782608695652,1.9166666666666667,4,14,0.6666666666666666,0.2857142857142857,3.652173913043478,1.0952380952380953,0,6,4,0.0,0.0,0,6,3,0.0,0.0,0,6,3,0.0,0.0,0,6,3,0.0,0.0,2,6,11,0.18181818181818182,0.3333333333333333,0,6,5,0.0,0.0,0,6,3,0.0,0.0,0,6,2,0.0,0.0,True,EQUAL_WEIGHT_PP_SUM_NOT_YEN_NOT_CAPITAL,
C0101,RISK_QUINTILE_FULL_12BAND,D-FULL,q3,ALL,Q2,SESSION,2025-07-28,6,6,0,1.0,3,3,0,1,0,1,0,1,0,1,1,1,0,0,0,0,0,3,2,2,1,2,0,1,0,1,0,13.112503887348788,4.16907871246135,0,0,0.0,,0.0,,0,1,0.0,0.0,0.23076923076923078,0.0,1,2,0.16666666666666666,0.5,0.46153846153846156,2.1666666666666665,3,14,0.5,0.21428571428571427,3.230769230769231,0.9285714285714286,2,6,5,0.4,0.3333333333333333,2,6,4,0.5,0.3333333333333333,1,6,3,0.3333333333333333,0.16666666666666666,1,6,3,0.3333333333333333,0.16666666666666666,3,6,9,0.3333333333333333,0.5,3,6,6,0.5,0.5,2,6,3,0.6666666666666666,0.3333333333333333,2,6,3,0.6666666666666666,0.3333333333333333,True,EQUAL_WEIGHT_PP_SUM_NOT_YEN_NOT_CAPITAL,
C0101,RISK_QUINTILE_FULL_12BAND,D-FULL,q3,ALL,Q2,SESSION,2025-07-29,3,3,0,1.0,1,2,0,0,0,0,0,0,1,0,2,0,0,0,0,0,0,0,2,0,0,0,0,0,0,0,0,,2.2896956887139224,0,0,0.0,,0.0,,0,0,0.0,,0.0,,0,2,0.0,0.0,0.23076923076923078,0.0,2,18,0.6666666666666666,0.1111111111111111,2.076923076923077,0.9629629629629629,0,3,1,0.0,0.0,0,3,0,,0.0,0,3,0,,0.0,0,3,0,,0.0,1,3,12,0.08333333333333333,0.3333333333333333,1,3,9,0.1111111111111111,0.3333333333333333,0,3,3,0.0,0.0,0,3,2,0.0,0.0,True,EQUAL_WEIGHT_PP_SUM_NOT_YEN_NOT_CAPITAL,SINGLE_POSITIVE_R_MASS_PRIVATE
C0101,RISK_QUINTILE_FULL_12BAND,D-FULL,q3,ALL,Q2,SESSION,2025-07-30,5,5,0,1.0,1,4,0,0,0,0,0,1,0,3,0,0,1,0,0,0,0,1,1,0,1,0,1,0,0,0,0,,5.095749753078408,0,0,0.0,,0.0,,1,2,0.2,0.5,0.37037037037037035,2.7,1,3,0.2,0.3333333333333333,0.5555555555555556,1.8,4,15,0.8,0.26666666666666666,2.7777777777777777,1.44,0,5,3,0.0,0.0,0,5,2,0.0,0.0,0,5,0,,0.0,0,5,0,,0.0,4,5,13,0.3076923076923077,0.8,3,5,8,0.375,0.6,2,5,5,0.4,0.4,1,5,2,0.5,0.2,True,EQUAL_WEIGHT_PP_SUM_NOT_YEN_NOT_CAPITAL,SINGLE_POSITIVE_R_MASS_PRIVATE
C0101,RISK_QUINTILE_FULL_12BAND,D-FULL,q3,ALL,Q2,SESSION,2025-07-31,4,4,0,1.0,3,1,0,0,0,0,0,0,3,1,0,0,0,0,0,0,0,0,0,0,0,0,0,0,0,0,0,1.7246934660410786,,0,2,0.0,0.0,0.3333333333333333,0.0,0,2,0.0,0.0,0.3333333333333333,0.0,0,3,0.0,0.0,0.5,0.0,1,15,0.25,0.06666666666666667,2.5,0.4,0,4,0,,0.0,0,4,0,,0.0,0,4,0,,0.0,0,4,0,,0.0,1,4,8,0.125,0.25,0,4,5,0.0,0.0,0,4,3,0.0,0.0,0,4,1,0.0,0.0,True,EQUAL_WEIGHT_PP_SUM_NOT_YEN_NOT_CAPITAL,SINGLE_NEGATIVE_R_MASS_PRIVATE
C0101,RISK_QUINTILE_FULL_12BAND,D-FULL,q3,ALL,Q2,SESSION,2025-08-01,5,5,0,1.0,4,1,0,0,0,0,0,2,2,1,0,0,0,0,0,0,0,2,0,0,0,0,0,0,0,0,0,3.3786722716409034,,0,1,0.0,0.0,0.20833333333333334,0.0,0,2,0.0,0.0,0.4166666666666667,0.0,0,3,0.0,0.0,0.625,0.0,1,12,0.2,0.08333333333333333,2.5,0.4,0,5,3,0.0,0.0,0,5,2,0.0,0.0,0,5,0,,0.0,0,5,0,,0.0,3,5,11,0.2727272727272727,0.6,3,5,9,0.3333333333333333,0.6,1,5,4,0.25,0.2,0,5,2,0.0,0.0,True,EQUAL_WEIGHT_PP_SUM_NOT_YEN_NOT_CAPITAL,SINGLE_NEGATIVE_R_MASS_PRIVATE
C0101,RISK_QUINTILE_FULL_12BAND,D-FULL,q3,ALL,Q2,SESSION,2025-08-04,4,4,0,1.0,1,3,0,0,0,0,0,0,1,1,1,1,0,0,0,0,0,0,2,0,1,0,0,0,0,0,0,,3.6238453960984076,0,0,0.0,,0.0,,0,3,0.0,0.0,0.3870967741935484,0.0,1,8,0.25,0.125,1.032258064516129,0.96875,3,19,0.75,0.15789473684210525,2.4516129032258065,1.2236842105263157,0,4,1,0.0,0.0,0,4,1,0.0,0.0,0,4,0,,0.0,0,4,0,,0.0,1,4,6,0.16666666666666666,0.25,0,4,2,0.0,0.0,0,4,1,0.0,0.0,0,4,1,0.0,0.0,True,EQUAL_WEIGHT_PP_SUM_NOT_YEN_NOT_CAPITAL,SINGLE_POSITIVE_R_MASS_PRIVATE
C0101,RISK_QUINTILE_FULL_12BAND,D-FULL,q3,ALL,Q2,SESSION,2025-08-05,8,8,0,1.0,4,4,0,1,1,0,0,0,2,3,1,0,0,0,0,0,0,2,1,2,0,2,0,2,0,1,0,11.352811180376136,2.4859106980241705,0,0,0.0,,0.0,,0,0,0.0,,0.0,,0,1,0.0,0.0,0.32,0.0,4,14,0.5,0.2857142857142857,4.48,0.8928571428571429,2,8,5,0.4,0.25,2,8,4,0.5,0.25,2,8,3,0.6666666666666666,0.25,1,8,2,0.5,0.125,4,8,9,0.4444444444444444,0.5,4,8,8,0.5,0.5,4,8,6,0.6666666666666666,0.5,1,8,2,0.5,0.125,True,EQUAL_WEIGHT_PP_SUM_NOT_YEN_NOT_CAPITAL,
C0101,RISK_QUINTILE_FULL_12BAND,D-FULL,q3,ALL,Q2,SESSION,2025-08-06,5,5,0,1.0,3,2,0,1,0,0,0,0,2,1,1,0,0,0,0,0,0,1,1,1,0,1,0,1,0,1,0,7.567895844176495,1.5653512115195387,0,0,0.0,,0.0,,0,0,0.0,,0.0,,0,1,0.0,0.0,0.21739130434782608,0.0,2,9,0.4,0.2222222222222222,1.9565217391304348,1.0222222222222221,1,5,2,0.5,0.2,1,5,2,0.5,0.2,1,5,1,1.0,0.2,1,5,1,1.0,0.2,2,5,11,0.18181818181818182,0.4,1,5,5,0.2,0.2,1,5,3,0.3333333333333333,0.2,0,5,1,0.0,0.0,True,EQUAL_WEIGHT_PP_SUM_NOT_YEN_NOT_CAPITAL,
C0101,RISK_QUINTILE_FULL_12BAND,D-FULL,q3,ALL,Q2,SESSION,2025-08-07,7,7,0,1.0,3,4,0,0,1,0,1,1,0,0,2,0,1,1,0,0,0,3,4,2,2,1,2,1,1,0,0,8.705040594840892,10.182684389133598,0,1,0.0,0.0,0.22580645161290322,0.0,2,4,0.2857142857142857,0.5,0.9032258064516129,2.2142857142857144,2,6,0.2857142857142857,0.3333333333333333,1.3548387096774193,1.4761904761904763,4,23,0.5714285714285714,0.17391304347826086,5.193548387096774,0.7701863354037267,2,7,4,0.5,0.2857142857142857,1,7,2,0.5,0.14285714285714285,1,7,2,0.5,0.14285714285714285,0,7,1,0.0,0.0,3,7,7,0.42857142857142855,0.42857142857142855,3,7,5,0.6,0.42857142857142855,1,7,2,0.5,0.14285714285714285,0,7,1,0.0,0.0,True,EQUAL_WEIGHT_PP_SUM_NOT_YEN_NOT_CAPITAL,
C0101,RISK_QUINTILE_FULL_12BAND,D-FULL,q3,ALL,Q2,SESSION,2025-08-08,6,6,0,1.0,2,4,0,0,0,1,0,1,0,3,0,1,0,0,0,0,0,2,1,1,1,1,0,0,0,0,0,4.094571993623123,3.635516177663597,0,0,0.0,,0.0,,0,1,0.0,0.0,0.18181818181818182,0.0,1,4,0.16666666666666666,0.25,0.7272727272727273,1.375,4,17,0.6666666666666666,0.23529411764705882,3.090909090909091,1.2941176470588236,1,6,4,0.25,0.16666666666666666,1,6,4,0.25,0.16666666666666666,0,6,3,0.0,0.0,0,6,3,0.0,0.0,6,6,15,0.4,1.0,5,6,11,0.45454545454545453,0.8333333333333334,2,6,5,0.4,0.3333333333333333,0,6,2,0.0,0.0,True,EQUAL_WEIGHT_PP_SUM_NOT_YEN_NOT_CAPITAL,
C0101,RISK_QUINTILE_FULL_12BAND,D-FULL,q3,ALL,Q2,SESSION,2025-08-12,3,3,0,1.0,0,3,0,0,0,0,0,0,0,2,0,0,0,0,1,0,0,0,1,0,1,0,1,0,1,0,1,,9.4801233901423,1,4,0.3333333333333333,0.25,0.4,2.5,1,4,0.3333333333333333,0.25,0.4,2.5,1,6,0.3333333333333333,0.16666666666666666,0.6,1.6666666666666667,3,17,1.0,0.17647058823529413,1.7,1.7647058823529411,0,3,4,0.0,0.0,0,3,3,0.0,0.0,0,3,3,0.0,0.0,0,3,1,0.0,0.0,3,3,17,0.17647058823529413,1.0,3,3,11,0.2727272727272727,1.0,2,3,6,0.3333333333333333,0.6666666666666666,0,3,2,0.0,0.0,True,EQUAL_WEIGHT_PP_SUM_NOT_YEN_NOT_CAPITAL,SINGLE_POSITIVE_R_MASS_PRIVATE
C0101,RISK_QUINTILE_FULL_12BAND,D-FULL,q3,ALL,Q2,SESSION,2025-08-13,8,8,0,1.0,5,3,0,0,0,0,1,1,3,1,1,0,0,1,0,0,0,2,2,1,1,0,1,0,1,0,0,5.067183052128293,6.513904984024392,0,1,0.0,0.0,0.3076923076923077,0.0,1,3,0.125,0.3333333333333333,0.9230769230769231,1.0833333333333333,1,4,0.125,0.25,1.2307692307692308,0.8125,3,16,0.375,0.1875,4.923076923076923,0.609375,1,8,2,0.5,0.125,0,8,1,0.0,0.0,0,8,1,0.0,0.0,0,8,1,0.0,0.0,4,8,12,0.3333333333333333,0.5,3,8,9,0.3333333333333333,0.375,2,8,4,0.5,0.25,0,8,0,,0.0,True,EQUAL_WEIGHT_PP_SUM_NOT_YEN_NOT_CAPITAL,
C0101,RISK_QUINTILE_FULL_12BAND,D-FULL,q3,ALL,Q2,SESSION,2025-08-14,4,4,0,1.0,2,2,0,0,1,0,0,0,1,2,0,0,0,0,0,0,0,1,0,1,0,1,0,1,0,0,0,5.334448136880636,0.19990004997501248,0,1,0.0,0.0,0.14285714285714285,0.0,0,2,0.0,0.0,0.2857142857142857,0.0,0,6,0.0,0.0,0.8571428571428571,0.0,2,15,0.5,0.13333333333333333,2.142857142857143,0.9333333333333333,1,4,8,0.125,0.25,1,4,8,0.125,0.25,1,4,6,0.16666666666666666,0.25,0,4,3,0.0,0.0,3,4,14,0.21428571428571427,0.75,2,4,11,0.18181818181818182,0.5,0,4,7,0.0,0.0,0,4,3,0.0,0.0,True,EQUAL_WEIGHT_PP_SUM_NOT_YEN_NOT_CAPITAL,
C0101,RISK_QUINTILE_FULL_12BAND,D-FULL,q3,ALL,Q2,SESSION,2025-08-15,6,6,0,1.0,4,2,0,1,0,1,0,1,1,1,1,0,0,0,0,0,0,3,1,2,0,2,0,1,0,1,0,12.606096277989177,2.4978238823797123,0,0,0.0,,0.0,,0,2,0.0,0.0,0.41379310344827586,0.0,0,3,0.0,0.0,0.6206896551724138,0.0,2,14,0.3333333333333333,0.14285714285714285,2.896551724137931,0.6904761904761905,2,6,3,0.6666666666666666,0.3333333333333333,2,6,3,0.6666666666666666,0.3333333333333333,1,6,1,1.0,0.16666666666666666,1,6,1,1.0,0.16666666666666666,4,6,12,0.3333333333333333,0.6666666666666666,3,6,7,0.42857142857142855,0.5,2,6,3,0.6666666666666666,0.3333333333333333,1,6,1,1.0,0.16666666666666666,True,EQUAL_WEIGHT_PP_SUM_NOT_YEN_NOT_CAPITAL,
C0101,RISK_QUINTILE_FULL_12BAND,D-FULL,q3,ALL,Q2,SESSION,2025-08-18,7,7,0,1.0,4,3,0,1,0,2,0,0,1,0,2,0,1,0,0,0,0,3,3,3,1,3,1,1,0,1,0,21.810713338408053,6.660429438232525,0,0,0.0,,0.0,,1,1,0.14285714285714285,1.0,0.25925925925925924,3.857142857142857,1,2,0.14285714285714285,0.5,0.5185185185185185,1.9285714285714286,3,16,0.42857142857142855,0.1875,4.148148148148148,0.7232142857142857,3,7,6,0.5,0.42857142857142855,3,7,6,0.5,0.42857142857142855,1,7,3,0.3333333333333333,0.14285714285714285,1,7,3,0.3333333333333333,0.14285714285714285,5,7,12,0.4166666666666667,0.7142857142857143,5,7,10,0.5,0.7142857142857143,4,7,6,0.6666666666666666,0.5714285714285714,2,7,3,0.6666666666666666,0.2857142857142857,True,EQUAL_WEIGHT_PP_SUM_NOT_YEN_NOT_CAPITAL,
C0101,RISK_QUINTILE_FULL_12BAND,D-FULL,q3,ALL,Q2,SESSION,2025-08-19,7,7,0,1.0,5,2,0,0,1,0,2,1,1,1,0,1,0,0,0,0,0,4,1,3,1,1,0,1,0,0,0,10.45712412420715,2.786871939543652,0,0,0.0,,0.0,,0,0,0.0,,0.0,,1,2,0.14285714285714285,0.5,0.45161290322580644,2.2142857142857144,2,15,0.2857142857142857,0.13333333333333333,3.3870967741935485,0.5904761904761905,3,7,7,0.42857142857142855,0.42857142857142855,1,7,4,0.25,0.14285714285714285,1,7,3,0.3333333333333333,0.14285714285714285,0,7,2,0.0,0.0,6,7,16,0.375,0.8571428571428571,3,7,10,0.3,0.42857142857142855,3,7,8,0.375,0.42857142857142855,0,7,3,0.0,0.0,True,EQUAL_WEIGHT_PP_SUM_NOT_YEN_NOT_CAPITAL,
C0101,RISK_QUINTILE_FULL_12BAND,D-FULL,q3,ALL,Q2,SESSION,2025-08-20,5,5,0,1.0,2,3,0,0,0,0,0,1,1,2,0,0,1,0,0,0,0,1,1,0,1,0,1,0,0,0,0,1.4819347175940831,4.960516646544751,0,0,0.0,,0.0,,1,2,0.2,0.5,0.4,2.5,1,3,0.2,0.3333333333333333,0.6,1.6666666666666667,3,13,0.6,0.23076923076923078,2.6,1.1538461538461537,0,5,4,0.0,0.0,0,5,4,0.0,0.0,0,5,2,0.0,0.0,0,5,0,,0.0,4,5,12,0.3333333333333333,0.8,4,5,12,0.3333333333333333,0.8,2,5,8,0.25,0.4,0,5,1,0.0,0.0,True,EQUAL_WEIGHT_PP_SUM_NOT_YEN_NOT_CAPITAL,
C0101,RISK_QUINTILE_FULL_12BAND,D-FULL,q3,ALL,Q2,SESSION,2025-08-21,6,6,0,1.0,2,4,0,0,0,0,0,1,1,1,1,1,0,1,0,0,0,1,3,0,2,0,1,0,1,0,0,1.3008660069058442,8.083453813606253,0,0,0.0,,0.0,,1,3,0.16666666666666666,0.3333333333333333,0.6206896551724138,1.6111111111111112,2,7,0.3333333333333333,0.2857142857142857,1.4482758620689655,1.380952380952381,4,15,0.6666666666666666,0.26666666666666666,3.103448275862069,1.288888888888889,0,6,2,0.0,0.0,0,6,0,,0.0,0,6,0,,0.0,0,6,0,,0.0,2,6,11,0.18181818181818182,0.3333333333333333,1,6,6,0.16666666666666666,0.16666666666666666,0,6,1,0.0,0.0,0,6,0,,0.0,True,EQUAL_WEIGHT_PP_SUM_NOT_YEN_NOT_CAPITAL,
C0101,RISK_QUINTILE_FULL_12BAND,D-FULL,q3,ALL,Q2,SESSION,2025-08-22,6,6,0,1.0,0,6,0,0,0,0,0,0,0,2,0,0,1,2,1,0,0,0,4,0,4,0,4,0,3,0,1,,20.029854171518423,1,2,0.16666666666666666,0.5,0.5,2.0,4,7,0.6666666666666666,0.5714285714285714,1.75,2.2857142857142856,4,10,0.6666666666666666,0.4,2.5,1.6,6,20,1.0,0.3,5.0,1.2,0,6,3,0.0,0.0,0,6,3,0.0,0.0,0,6,2,0.0,0.0,0,6,2,0.0,0.0,2,6,10,0.2,0.3333333333333333,0,6,7,0.0,0.0,0,6,4,0.0,0.0,0,6,1,0.0,0.0,True,EQUAL_WEIGHT_PP_SUM_NOT_YEN_NOT_CAPITAL,SINGLE_POSITIVE_R_MASS_PRIVATE
C0101,RISK_QUINTILE_FULL_12BAND,D-FULL,q3,ALL,Q2,SESSION,2025-08-25,4,4,0,1.0,3,1,0,0,0,1,1,0,1,1,0,0,0,0,0,0,0,2,0,2,0,1,0,0,0,0,0,6.385330673099661,,0,1,0.0,0.0,0.16666666666666666,0.0,0,2,0.0,0.0,0.3333333333333333,0.0,0,2,0.0,0.0,0.3333333333333333,0.0,1,10,0.25,0.1,1.6666666666666667,0.6,2,4,6,0.3333333333333333,0.5,1,4,5,0.2,0.25,0,4,3,0.0,0.0,0,4,3,0.0,0.0,3,4,15,0.2,0.75,3,4,14,0.21428571428571427,0.75,3,4,9,0.3333333333333333,0.75,2,4,6,0.3333333333333333,0.5,True,EQUAL_WEIGHT_PP_SUM_NOT_YEN_NOT_CAPITAL,SINGLE_NEGATIVE_R_MASS_PRIVATE
C0101,RISK_QUINTILE_FULL_12BAND,D-FULL,q3,ALL,Q2,RANK,S,17,17,0,1.0,3,14,0,2,0,1,0,0,0,5,5,4,0,0,0,0,0,3,9,3,4,3,0,2,0,2,0,21.283490334597754,20.803101488545035,0,0,0.0,,0.0,,0,3,0.0,0.0,1.3846153846153846,0.0,4,10,0.23529411764705882,0.4,3.5576923076923075,1.1243243243243244,14,33,0.8235294117647058,0.42424242424242425,13.126923076923077,1.0665104014063873,3,17,7,0.42857142857142855,0.17647058823529413,3,17,5,0.6,0.17647058823529413,2,17,4,0.5,0.11764705882352941,2,17,3,0.6666666666666666,0.11764705882352941,8,17,25,0.32,0.47058823529411764,7,17,22,0.3181818181818182,0.4117647058823529,4,17,12,0.3333333333333333,0.23529411764705882,2,17,6,0.3333333333333333,0.11764705882352941,False,EQUAL_WEIGHT_PP_SUM_NOT_YEN_NOT_CAPITAL,
C0101,RISK_QUINTILE_FULL_12BAND,D-FULL,q3,ALL,Q2,RANK,A,30,30,0,1.0,9,21,0,2,1,0,1,3,2,12,5,1,3,0,0,0,0,7,9,4,4,3,3,3,0,2,0,33.65845710633491,26.285448226412125,0,2,0.0,0.0,0.20555555555555555,0.0,3,11,0.1,0.2727272727272727,2.0734126984126986,1.44688995215311,4,21,0.13333333333333333,0.19047619047619047,3.6202380952380953,1.1048997040447222,21,93,0.7,0.22580645161290322,18.246825396825397,1.1508851289635074,4,30,28,0.14285714285714285,0.13333333333333333,3,30,23,0.13043478260869565,0.1,3,30,19,0.15789473684210525,0.1,2,30,16,0.125,0.06666666666666667,19,30,86,0.22093023255813954,0.6333333333333333,16,30,69,0.2318840579710145,0.5333333333333333,10,30,47,0.2127659574468085,0.3333333333333333,4,30,23,0.17391304347826086,0.13333333333333333,False,EQUAL_WEIGHT_PP_SUM_NOT_YEN_NOT_CAPITAL,
C0101,RISK_QUINTILE_FULL_12BAND,D-FULL,q3,ALL,Q2,RANK,B,76,75,1,0.9868421052631579,36,39,0,1,2,4,5,10,14,16,9,5,2,3,4,0,1,22,23,12,14,7,9,3,7,1,4,59.233433191259316,83.9952598680416,4,12,0.05333333333333334,0.3333333333333333,2.9869746490676725,1.3391476225780907,9,28,0.12,0.32142857142857145,6.812300963754452,1.3211395162787765,14,55,0.18666666666666668,0.2545454545454545,13.363461659333753,1.0476327434382733,39,168,0.52,0.23214285714285715,41.99191284307563,0.9287502606928992,12,75,36,0.3333333333333333,0.16,7,75,25,0.28,0.09333333333333334,3,75,14,0.21428571428571427,0.04,1,75,11,0.09090909090909091,0.013333333333333334,45,76,147,0.30612244897959184,0.5921052631578947,30,76,95,0.3157894736842105,0.39473684210526316,18,76,54,0.3333333333333333,0.23684210526315788,4,76,18,0.2222222222222222,0.05263157894736842,False,EQUAL_WEIGHT_PP_SUM_NOT_YEN_NOT_CAPITAL,
C0101,RISK_QUINTILE_FULL_12BAND,D-FULL,q3,ALL,Q2,RANK,C,84,84,0,1.0,39,45,0,3,4,2,2,10,18,24,8,4,5,4,0,0,0,21,21,11,13,9,9,7,4,3,0,69.39272074567494,67.66202734881354,0,9,0.0,0.0,1.5216350732493336,0.0,9,31,0.10714285714285714,0.2903225806451613,4.861258278258766,1.8513725222646826,13,58,0.15476190476190477,0.22413793103448276,9.282587521601481,1.4004715786140167,45,293,0.5357142857142857,0.15358361774744028,46.63681651714652,0.9649029106318883,11,84,66,0.16666666666666666,0.13095238095238096,9,84,46,0.1956521739130435,0.10714285714285714,7,84,28,0.25,0.08333333333333333,3,84,18,0.16666666666666666,0.03571428571428571,36,84,174,0.20689655172413793,0.42857142857142855,29,84,111,0.26126126126126126,0.34523809523809523,14,84,57,0.24561403508771928,0.16666666666666666,5,84,20,0.25,0.05952380952380952,False,EQUAL_WEIGHT_PP_SUM_NOT_YEN_NOT_CAPITAL,
C0101,RISK_QUINTILE_FULL_12BAND,D-FULL,q3,ALL,Q2,EXECUTION_ELIGIBLE,TRUE,207,206,1,0.9951690821256038,87,119,0,8,7,7,8,23,34,57,27,14,10,7,4,0,1,53,62,30,35,22,21,15,11,8,4,183.56810137786692,198.7458369318123,4,23,0.019417475728155338,0.17391304347826086,4.659413897029255,0.858477072094908,21,73,0.10194174757281553,0.2876712328767123,14.801329506769862,1.4187914666986488,35,144,0.16990291262135923,0.24305555555555555,29.19374611943827,1.19888690738102,119,587,0.5776699029126213,0.20272572402044292,118.92324415359052,1.0006454234153783,30,206,137,0.21897810218978103,0.14563106796116504,22,206,99,0.2222222222222222,0.10679611650485436,15,206,65,0.23076923076923078,0.07281553398058252,8,206,48,0.16666666666666666,0.038834951456310676,108,207,432,0.25,0.5217391304347826,82,207,297,0.2760942760942761,0.3961352657004831,46,207,170,0.27058823529411763,0.2222222222222222,15,207,67,0.22388059701492538,0.07246376811594203,False,EQUAL_WEIGHT_PP_SUM_NOT_YEN_NOT_CAPITAL,
C0101,RISK_QUINTILE_FULL_12BAND,D-FULL,q3,ALL,Q2,R0_PASS,SAB,123,122,1,0.991869918699187,48,74,0,5,3,5,6,13,16,33,19,10,5,3,4,0,1,32,41,19,22,13,12,8,7,5,4,114.17538063219197,131.08380958299875,4,14,0.03278688524590164,0.2857142857142857,3.2225201205287792,1.2412645539490519,12,42,0.09836065573770492,0.2857142857142857,10.322329294969311,1.162528307040962,22,86,0.18032786885245902,0.2558139534883721,21.063884314016118,1.0444417407553355,74,294,0.6065573770491803,0.25170068027210885,72.19537175094919,1.0249964534468525,19,122,71,0.2676056338028169,0.1557377049180328,13,122,53,0.24528301886792453,0.10655737704918032,8,122,37,0.21621621621621623,0.06557377049180328,5,122,30,0.16666666666666666,0.040983606557377046,72,123,258,0.27906976744186046,0.5853658536585366,53,123,186,0.2849462365591398,0.43089430894308944,32,123,113,0.2831858407079646,0.2601626016260163,10,123,47,0.2127659574468085,0.08130081300813008,False,EQUAL_WEIGHT_PP_SUM_NOT_YEN_NOT_CAPITAL,
C0101,RISK_QUINTILE_FULL_12BAND,D-FULL,q3,ALL,Q2,E0_FUNDED,SAVED,45,45,0,1.0,14,31,0,3,1,1,3,3,3,18,7,2,3,1,0,0,0,11,13,8,6,5,4,4,1,3,0,51.55664286550754,40.74274148861521,0,2,0.0,0.0,0.4329004329004329,0.0,4,16,0.08888888888888889,0.25,3.534875654966819,1.1315815294321991,6,31,0.13333333333333333,0.1935483870967742,6.750450389826266,0.8888295822516843,31,126,0.6888888888888889,0.24603174603174602,28.37102061488457,1.0926642513430116,8,45,36,0.2222222222222222,0.17777777777777778,5,45,28,0.17857142857142858,0.1111111111111111,4,45,23,0.17391304347826086,0.08888888888888889,3,45,19,0.15789473684210525,0.06666666666666667,29,45,115,0.25217391304347825,0.6444444444444445,24,45,96,0.25,0.5333333333333333,13,45,59,0.22033898305084745,0.28888888888888886,6,45,30,0.2,0.13333333333333333,False,EQUAL_WEIGHT_PP_SUM_NOT_YEN_NOT_CAPITAL,
C0102,RISK_QUINTILE_FULL_12BAND,D-FULL,q3,ALL,Q3,ALL,ALL,209,204,5,0.9760765550239234,83,121,0,5,3,13,8,21,33,75,22,13,7,2,2,0,5,50,46,29,24,21,11,8,4,5,2,173.35003651012863,142.80954003808228,2,23,0.00980392156862745,0.08695652173913043,4.570126848200222,0.43762461446505085,11,73,0.05392156862745098,0.1506849315068493,14.48211970893411,0.7595573176497106,24,144,0.11764705882352941,0.16666666666666666,28.721560290000532,0.8356091994192825,121,587,0.5931372549019608,0.2061328790459966,117.76889011068685,1.0274360222489687,29,204,137,0.2116788321167883,0.14215686274509803,21,204,99,0.21212121212121213,0.10294117647058823,8,204,65,0.12307692307692308,0.0392156862745098,5,204,48,0.10416666666666667,0.024509803921568627,89,209,432,0.20601851851851852,0.4258373205741627,60,209,297,0.20202020202020202,0.28708133971291866,28,209,170,0.16470588235294117,0.1339712918660287,8,209,67,0.11940298507462686,0.03827751196172249,False,EQUAL_WEIGHT_PP_SUM_NOT_YEN_NOT_CAPITAL,
C0102,RISK_QUINTILE_FULL_12BAND,D-FULL,q3,ALL,Q3,BLOCK,1,27,27,0,1.0,11,16,0,0,0,3,1,2,5,6,5,2,1,0,2,0,0,6,10,4,5,3,3,0,2,0,2,18.048471443386163,30.9420458247288,2,3,0.07407407407407407,0.6666666666666666,0.6230769230769231,3.2098765432098766,3,12,0.1111111111111111,0.25,2.4923076923076923,1.2037037037037037,5,22,0.18518518518518517,0.22727272727272727,4.569230769230769,1.0942760942760943,16,84,0.5925925925925926,0.19047619047619047,17.446153846153845,0.9171075837742504,4,27,17,0.23529411764705882,0.14814814814814814,3,27,13,0.23076923076923078,0.1111111111111111,0,27,6,0.0,0.0,0,27,5,0.0,0.0,13,27,54,0.24074074074074073,0.48148148148148145,8,27,35,0.22857142857142856,0.2962962962962963,3,27,22,0.13636363636363635,0.1111111111111111,1,27,9,0.1111111111111111,0.037037037037037035,False,EQUAL_WEIGHT_PP_SUM_NOT_YEN_NOT_CAPITAL,
C0102,RISK_QUINTILE_FULL_12BAND,D-FULL,q3,ALL,Q3,BLOCK,2,27,27,0,1.0,8,19,0,0,2,0,3,2,1,13,2,3,0,1,0,0,0,7,6,5,4,2,1,2,1,0,0,18.884357172603146,19.391226777222105,0,2,0.0,0.0,0.4122137404580153,0.0,1,5,0.037037037037037035,0.2,1.0305343511450382,0.9703703703703703,4,12,0.14814814814814814,0.3333333333333333,2.4732824427480917,1.617283950617284,19,69,0.7037037037037037,0.2753623188405797,14.221374045801527,1.3360171765968867,5,27,17,0.29411764705882354,0.18518518518518517,2,27,10,0.2,0.07407407407407407,2,27,8,0.25,0.07407407407407407,0,27,5,0.0,0.0,10,27,55,0.18181818181818182,0.37037037037037035,6,27,37,0.16216216216216217,0.2222222222222222,3,27,20,0.15,0.1111111111111111,1,27,7,0.14285714285714285,0.037037037037037035,False,EQUAL_WEIGHT_PP_SUM_NOT_YEN_NOT_CAPITAL,
C0102,RISK_QUINTILE_FULL_12BAND,D-FULL,q3,ALL,Q3,BLOCK,3,28,27,1,0.9642857142857143,11,16,0,1,0,0,3,2,5,11,2,3,0,0,0,0,1,6,5,4,3,1,0,1,0,1,0,16.082853360444993,16.35761601697774,0,3,0.0,0.0,0.6044776119402985,0.0,0,5,0.0,0.0,1.007462686567164,0.0,3,18,0.1111111111111111,0.16666666666666666,3.626865671641791,0.8271604938271605,16,77,0.5925925925925926,0.2077922077922078,15.514925373134329,1.0312650312650313,4,27,17,0.23529411764705882,0.14814814814814814,1,27,9,0.1111111111111111,0.037037037037037035,1,27,9,0.1111111111111111,0.037037037037037035,1,27,7,0.14285714285714285,0.037037037037037035,11,28,56,0.19642857142857142,0.39285714285714285,7,28,38,0.18421052631578946,0.25,5,28,25,0.2,0.17857142857142858,1,28,8,0.125,0.03571428571428571,False,EQUAL_WEIGHT_PP_SUM_NOT_YEN_NOT_CAPITAL,
C0102,RISK_QUINTILE_FULL_12BAND,D-FULL,q3,ALL,Q3,BLOCK,4,26,25,1,0.9615384615384616,11,14,0,1,0,2,1,4,3,8,3,1,1,1,0,0,1,8,6,4,3,3,2,1,1,1,0,22.315350466408336,17.882714976907323,0,2,0.0,0.0,0.38461538461538464,0.0,2,11,0.08,0.18181818181818182,2.1153846153846154,0.9454545454545454,3,18,0.12,0.16666666666666666,3.4615384615384617,0.8666666666666667,14,82,0.56,0.17073170731707318,15.76923076923077,0.8878048780487805,4,25,19,0.21052631578947367,0.16,3,25,13,0.23076923076923078,0.12,1,25,9,0.1111111111111111,0.04,1,25,8,0.125,0.04,11,26,56,0.19642857142857142,0.4230769230769231,7,26,37,0.1891891891891892,0.2692307692307692,2,26,18,0.1111111111111111,0.07692307692307693,1,26,11,0.09090909090909091,0.038461538461538464,False,EQUAL_WEIGHT_PP_SUM_NOT_YEN_NOT_CAPITAL,
C0102,RISK_QUINTILE_FULL_12BAND,D-FULL,q3,ALL,Q3,BLOCK,5,27,27,0,1.0,11,16,0,0,0,3,0,2,6,13,1,1,1,0,0,0,0,5,3,3,2,3,1,0,0,0,0,15.732433297644594,13.614091086366582,0,3,0.0,0.0,0.6183206106870229,0.0,1,9,0.037037037037037035,0.1111111111111111,1.8549618320610688,0.5390946502057613,2,18,0.07407407407407407,0.1111111111111111,3.7099236641221376,0.5390946502057613,16,75,0.5925925925925926,0.21333333333333335,15.458015267175572,1.0350617283950618,3,27,12,0.25,0.1111111111111111,3,27,9,0.3333333333333333,0.1111111111111111,0,27,3,0.0,0.0,0,27,2,0.0,0.0,9,27,47,0.19148936170212766,0.3333333333333333,5,27,32,0.15625,0.18518518518518517,3,27,19,0.15789473684210525,0.1111111111111111,0,27,8,0.0,0.0,False,EQUAL_WEIGHT_PP_SUM_NOT_YEN_NOT_CAPITAL,
C0102,RISK_QUINTILE_FULL_12BAND,D-FULL,q3,ALL,Q3,BLOCK,6,30,28,2,0.9333333333333333,10,18,0,1,0,0,0,4,5,13,4,0,1,0,0,0,2,5,5,1,1,1,1,1,0,1,0,16.940689227714866,15.860978241069208,0,6,0.0,0.0,1.1748251748251748,0.0,1,12,0.03571428571428571,0.08333333333333333,2.3496503496503496,0.4255952380952381,1,21,0.03571428571428571,0.047619047619047616,4.111888111888112,0.24319727891156462,18,82,0.6428571428571429,0.21951219512195122,16.055944055944057,1.1210801393728222,1,28,16,0.0625,0.03571428571428571,1,28,12,0.08333333333333333,0.03571428571428571,1,28,10,0.1,0.03571428571428571,1,28,7,0.14285714285714285,0.03571428571428571,9,30,62,0.14516129032258066,0.3,6,30,41,0.14634146341463414,0.2,2,30,20,0.1,0.06666666666666667,1,30,6,0.16666666666666666,0.03333333333333333,False,EQUAL_WEIGHT_PP_SUM_NOT_YEN_NOT_CAPITAL,
C0102,RISK_QUINTILE_FULL_12BAND,D-FULL,q3,ALL,Q3,BLOCK,7,29,29,0,1.0,14,15,0,1,1,5,0,3,4,9,4,1,1,0,0,0,0,10,6,7,2,7,1,2,0,1,0,44.51243195348056,15.445956801108395,0,1,0.0,0.0,0.20714285714285716,0.0,1,7,0.034482758620689655,0.14285714285714285,1.45,0.6896551724137931,2,16,0.06896551724137931,0.125,3.3142857142857145,0.603448275862069,15,73,0.5172413793103449,0.2054794520547945,15.121428571428572,0.9919697685403873,7,29,28,0.25,0.2413793103448276,7,29,25,0.28,0.2413793103448276,2,29,15,0.13333333333333333,0.06896551724137931,1,29,9,0.1111111111111111,0.034482758620689655,17,29,66,0.25757575757575757,0.5862068965517241,15,29,50,0.3,0.5172413793103449,8,29,32,0.25,0.27586206896551724,2,29,11,0.18181818181818182,0.06896551724137931,False,EQUAL_WEIGHT_PP_SUM_NOT_YEN_NOT_CAPITAL,
C0102,RISK_QUINTILE_FULL_12BAND,D-FULL,q3,ALL,Q3,BLOCK,8,15,14,1,0.9333333333333333,7,7,0,1,0,0,0,2,4,2,1,2,2,0,0,0,1,3,5,1,4,1,2,1,0,1,0,20.83344958844599,13.314910313702134,0,3,0.0,0.0,0.5454545454545454,0.0,2,12,0.14285714285714285,0.16666666666666666,2.1818181818181817,0.9166666666666666,4,19,0.2857142857142857,0.21052631578947367,3.4545454545454546,1.1578947368421053,7,45,0.5,0.15555555555555556,8.181818181818182,0.8555555555555555,1,14,11,0.09090909090909091,0.07142857142857142,1,14,8,0.125,0.07142857142857142,1,14,5,0.2,0.07142857142857142,1,14,5,0.2,0.07142857142857142,9,15,36,0.25,0.6,6,15,27,0.2222222222222222,0.4,2,15,14,0.14285714285714285,0.13333333333333333,1,15,7,0.14285714285714285,0.06666666666666667,False,EQUAL_WEIGHT_PP_SUM_NOT_YEN_NOT_CAPITAL,
C0102,RISK_QUINTILE_FULL_12BAND,D-FULL,q3,ALL,Q3,SESSION,2025-06-27,6,6,0,1.0,1,5,0,0,0,0,0,0,1,3,2,0,0,0,0,0,0,0,2,0,0,0,0,0,0,0,0,,5.7534148865151264,0,0,0.0,,0.0,,0,3,0.0,0.0,0.6923076923076923,0.0,0,4,0.0,0.0,0.9230769230769231,0.0,5,14,0.8333333333333334,0.35714285714285715,3.230769230769231,1.5476190476190477,0,6,5,0.0,0.0,0,6,4,0.0,0.0,0,6,2,0.0,0.0,0,6,2,0.0,0.0,0,6,13,0.0,0.0,0,6,10,0.0,0.0,0,6,5,0.0,0.0,0,6,2,0.0,0.0,True,EQUAL_WEIGHT_PP_SUM_NOT_YEN_NOT_CAPITAL,SINGLE_POSITIVE_R_MASS_PRIVATE
C0102,RISK_QUINTILE_FULL_12BAND,D-FULL,q3,ALL,Q3,SESSION,2025-06-30,5,5,0,1.0,2,3,0,0,0,1,1,0,0,1,0,2,0,0,0,0,0,2,2,2,2,1,0,0,0,0,0,5.771093962101994,5.206018285845662,0,0,0.0,,0.0,,0,2,0.0,0.0,0.35714285714285715,0.0,2,8,0.4,0.25,1.4285714285714286,1.4,3,23,0.6,0.13043478260869565,4.107142857142857,0.7304347826086957,2,5,4,0.5,0.4,1,5,3,0.3333333333333333,0.2,0,5,1,0.0,0.0,0,5,1,0.0,0.0,2,5,9,0.2222222222222222,0.4,2,5,6,0.3333333333333333,0.4,1,5,5,0.2,0.2,0,5,1,0.0,0.0,True,EQUAL_WEIGHT_PP_SUM_NOT_YEN_NOT_CAPITAL,
C0102,RISK_QUINTILE_FULL_12BAND,D-FULL,q3,ALL,Q3,SESSION,2025-07-01,5,5,0,1.0,2,3,0,0,0,0,0,1,1,0,2,0,1,0,0,0,0,1,3,0,1,0,1,0,0,0,0,2.2830448512596386,5.697641549788402,0,1,0.0,0.0,0.23809523809523808,0.0,1,3,0.2,0.3333333333333333,0.7142857142857143,1.4,1,5,0.2,0.2,1.1904761904761905,0.84,3,13,0.6,0.23076923076923078,3.0952380952380953,0.9692307692307692,0,5,2,0.0,0.0,0,5,2,0.0,0.0,0,5,2,0.0,0.0,0,5,2,0.0,0.0,4,5,11,0.36363636363636365,0.8,1,5,6,0.16666666666666666,0.2,0,5,4,0.0,0.0,0,5,3,0.0,0.0,True,EQUAL_WEIGHT_PP_SUM_NOT_YEN_NOT_CAPITAL,
C0102,RISK_QUINTILE_FULL_12BAND,D-FULL,q3,ALL,Q3,SESSION,2025-07-02,6,6,0,1.0,3,3,0,0,0,0,0,1,2,1,1,0,0,0,1,0,0,1,2,0,1,0,1,0,1,0,1,2.5082207036745223,8.076848333233556,1,1,0.16666666666666666,1.0,0.21428571428571427,4.666666666666667,1,2,0.16666666666666666,0.5,0.42857142857142855,2.3333333333333335,1,3,0.16666666666666666,0.3333333333333333,0.6428571428571429,1.5555555555555556,3,18,0.5,0.16666666666666666,3.857142857142857,0.7777777777777778,0,6,1,0.0,0.0,0,6,1,0.0,0.0,0,6,1,0.0,0.0,0,6,0,,0.0,4,6,12,0.3333333333333333,0.6666666666666666,2,6,7,0.2857142857142857,0.3333333333333333,1,6,4,0.25,0.16666666666666666,1,6,2,0.5,0.16666666666666666,True,EQUAL_WEIGHT_PP_SUM_NOT_YEN_NOT_CAPITAL,
C0102,RISK_QUINTILE_FULL_12BAND,D-FULL,q3,ALL,Q3,SESSION,2025-07-03,5,5,0,1.0,3,2,0,0,0,2,0,0,1,1,0,0,0,0,1,0,0,2,1,2,1,2,1,0,1,0,1,7.365532039692896,6.208122769346055,1,1,0.2,1.0,0.18518518518518517,5.4,1,2,0.2,0.5,0.37037037037037035,2.7,1,2,0.2,0.5,0.37037037037037035,2.7,2,16,0.4,0.125,2.962962962962963,0.675,2,5,5,0.4,0.4,2,5,3,0.6666666666666666,0.4,0,5,0,,0.0,0,5,0,,0.0,3,5,9,0.3333333333333333,0.6,3,5,6,0.5,0.6,1,5,4,0.25,0.2,0,5,1,0.0,0.0,True,EQUAL_WEIGHT_PP_SUM_NOT_YEN_NOT_CAPITAL,
C0102,RISK_QUINTILE_FULL_12BAND,D-FULL,q3,ALL,Q3,SESSION,2025-07-04,6,6,0,1.0,2,4,0,0,0,0,1,1,0,3,0,1,0,0,0,0,0,2,1,1,1,0,0,0,0,0,0,3.525719437684777,3.881595134992109,0,1,0.0,0.0,0.2222222222222222,0.0,0,1,0.0,0.0,0.2222222222222222,0.0,1,3,0.16666666666666666,0.3333333333333333,0.6666666666666666,1.5,4,16,0.6666666666666666,0.25,3.5555555555555554,1.125,1,6,3,0.3333333333333333,0.16666666666666666,0,6,2,0.0,0.0,0,6,2,0.0,0.0,0,6,1,0.0,0.0,3,6,12,0.25,0.5,2,6,10,0.2,0.3333333333333333,0,6,6,0.0,0.0,0,6,2,0.0,0.0,True,EQUAL_WEIGHT_PP_SUM_NOT_YEN_NOT_CAPITAL,
C0102,RISK_QUINTILE_FULL_12BAND,D-FULL,q3,ALL,Q3,SESSION,2025-07-07,7,7,0,1.0,2,5,0,0,0,0,0,1,1,3,1,0,0,1,0,0,0,1,2,0,1,0,1,0,1,0,0,1.4959341316995822,8.172648233189426,0,0,0.0,,0.0,,1,2,0.14285714285714285,0.5,0.5384615384615384,1.8571428571428572,1,2,0.14285714285714285,0.5,0.5384615384615384,1.8571428571428572,5,14,0.7142857142857143,0.35714285714285715,3.769230769230769,1.3265306122448979,0,7,1,0.0,0.0,0,7,1,0.0,0.0,0,7,1,0.0,0.0,0,7,1,0.0,0.0,1,7,9,0.1111111111111111,0.14285714285714285,0,7,4,0.0,0.0,0,7,3,0.0,0.0,0,7,2,0.0,0.0,True,EQUAL_WEIGHT_PP_SUM_NOT_YEN_NOT_CAPITAL,
C0102,RISK_QUINTILE_FULL_12BAND,D-FULL,q3,ALL,Q3,SESSION,2025-07-08,4,4,0,1.0,1,3,0,0,0,0,1,0,0,1,0,2,0,0,0,0,0,1,2,1,2,0,0,0,0,0,0,,4.396534537808707,0,1,0.0,0.0,0.15384615384615385,0.0,0,1,0.0,0.0,0.15384615384615385,0.0,2,5,0.5,0.4,0.7692307692307693,2.6,3,16,0.75,0.1875,2.4615384615384617,1.21875,1,4,3,0.3333333333333333,0.25,0,4,1,0.0,0.0,0,4,1,0.0,0.0,0,4,1,0.0,0.0,2,4,9,0.2222222222222222,0.5,1,4,6,0.16666666666666666,0.25,1,4,3,0.3333333333333333,0.25,1,4,2,0.5,0.25,True,EQUAL_WEIGHT_PP_SUM_NOT_YEN_NOT_CAPITAL,SINGLE_POSITIVE_R_MASS_PRIVATE
C0102,RISK_QUINTILE_FULL_12BAND,D-FULL,q3,ALL,Q3,SESSION,2025-07-09,2,2,0,1.0,1,1,0,0,1,0,0,0,0,1,0,0,0,0,0,0,0,1,0,1,0,1,0,1,0,0,0,,,0,0,0.0,,0.0,,0,1,0.0,0.0,0.09090909090909091,0.0,0,1,0.0,0.0,0.09090909090909091,0.0,1,6,0.5,0.16666666666666666,0.5454545454545454,1.8333333333333333,1,2,3,0.3333333333333333,0.5,1,2,2,0.5,0.5,1,2,2,0.5,0.5,0,2,1,0.0,0.0,1,2,11,0.09090909090909091,0.5,1,2,7,0.14285714285714285,0.5,1,2,4,0.25,0.5,0,2,0,,0.0,True,EQUAL_WEIGHT_PP_SUM_NOT_YEN_NOT_CAPITAL,SINGLE_POSITIVE_R_MASS_PRIVATE;SINGLE_NEGATIVE_R_MASS_PRIVATE
C0102,RISK_QUINTILE_FULL_12BAND,D-FULL,q3,ALL,Q3,SESSION,2025-07-10,8,8,0,1.0,2,6,0,0,1,0,1,0,0,5,1,0,0,0,0,0,0,2,1,2,0,1,0,1,0,0,0,7.4847654837536615,2.710589808565536,0,0,0.0,,0.0,,0,0,0.0,,0.0,,0,1,0.0,0.0,0.26666666666666666,0.0,6,17,0.75,0.35294117647058826,4.533333333333333,1.3235294117647058,2,8,7,0.2857142857142857,0.25,1,8,4,0.25,0.125,1,8,2,0.5,0.125,0,8,1,0.0,0.0,3,8,14,0.21428571428571427,0.375,2,8,10,0.2,0.25,1,8,4,0.25,0.125,0,8,1,0.0,0.0,True,EQUAL_WEIGHT_PP_SUM_NOT_YEN_NOT_CAPITAL,
C0102,RISK_QUINTILE_FULL_12BAND,D-FULL,q3,ALL,Q3,SESSION,2025-07-15,10,10,0,1.0,4,6,0,0,0,0,1,0,3,4,1,1,0,0,0,0,0,1,2,1,1,0,0,0,0,0,0,3.354784220406161,5.769337461093859,0,0,0.0,,0.0,,0,1,0.0,0.0,0.35714285714285715,0.0,1,2,0.1,0.5,0.7142857142857143,1.4,6,16,0.6,0.375,5.714285714285714,1.05,1,10,5,0.2,0.1,0,10,2,0.0,0.0,0,10,2,0.0,0.0,0,10,2,0.0,0.0,2,10,13,0.15384615384615385,0.2,1,10,10,0.1,0.1,1,10,6,0.16666666666666666,0.1,0,10,3,0.0,0.0,False,EQUAL_WEIGHT_PP_SUM_NOT_YEN_NOT_CAPITAL,
C0102,RISK_QUINTILE_FULL_12BAND,D-FULL,q3,ALL,Q3,SESSION,2025-07-16,6,5,1,0.8333333333333334,3,2,0,1,0,0,1,1,0,1,1,0,0,0,0,0,1,3,1,2,0,1,0,1,0,1,0,8.485044429572167,2.1663632531504393,0,1,0.0,0.0,0.17857142857142858,0.0,0,2,0.0,0.0,0.35714285714285715,0.0,0,5,0.0,0.0,0.8928571428571429,0.0,2,20,0.4,0.1,3.5714285714285716,0.56,2,5,4,0.5,0.4,1,5,3,0.3333333333333333,0.2,1,5,3,0.3333333333333333,0.2,1,5,2,0.5,0.2,3,6,10,0.3,0.5,1,6,7,0.14285714285714285,0.16666666666666666,1,6,5,0.2,0.16666666666666666,1,6,1,1.0,0.16666666666666666,True,EQUAL_WEIGHT_PP_SUM_NOT_YEN_NOT_CAPITAL,
C0102,RISK_QUINTILE_FULL_12BAND,D-FULL,q3,ALL,Q3,SESSION,2025-07-17,0,0,0,,0,0,0,0,0,0,0,0,0,0,0,0,0,0,0,0,0,0,0,0,0,0,0,0,0,0,0,,,0,0,,,0.0,,0,0,,,0.0,,0,2,,0.0,0.0,,0,11,,0.0,0.0,,0,0,2,0.0,,0,0,1,0.0,,0,0,1,0.0,,0,0,1,0.0,,0,0,9,0.0,,0,0,6,0.0,,0,0,4,0.0,,0,0,2,0.0,,True,EQUAL_WEIGHT_PP_SUM_NOT_YEN_NOT_CAPITAL,SINGLE_POSITIVE_R_MASS_PRIVATE;SINGLE_NEGATIVE_R_MASS_PRIVATE
C0102,RISK_QUINTILE_FULL_12BAND,D-FULL,q3,ALL,Q3,SESSION,2025-07-18,7,7,0,1.0,1,6,0,0,0,0,1,0,0,5,0,1,0,0,0,0,0,1,1,1,1,0,0,0,0,0,0,,5.201142426994589,0,1,0.0,0.0,0.28,0.0,0,1,0.0,0.0,0.28,0.0,1,3,0.14285714285714285,0.3333333333333333,0.84,1.1904761904761905,6,14,0.8571428571428571,0.42857142857142855,3.92,1.530612244897959,1,7,4,0.25,0.14285714285714285,0,7,2,0.0,0.0,0,7,2,0.0,0.0,0,7,2,0.0,0.0,4,7,13,0.3076923076923077,0.5714285714285714,4,7,11,0.36363636363636365,0.5714285714285714,3,7,7,0.42857142857142855,0.42857142857142855,0,7,2,0.0,0.0,True,EQUAL_WEIGHT_PP_SUM_NOT_YEN_NOT_CAPITAL,SINGLE_POSITIVE_R_MASS_PRIVATE
C0102,RISK_QUINTILE_FULL_12BAND,D-FULL,q3,ALL,Q3,SESSION,2025-07-22,5,5,0,1.0,3,2,0,0,0,0,0,1,2,1,0,1,0,0,0,0,0,1,1,0,1,0,0,0,0,0,0,2.2139572769703,3.2207728757388523,0,1,0.0,0.0,0.18518518518518517,0.0,0,1,0.0,0.0,0.18518518518518517,0.0,1,6,0.2,0.16666666666666666,1.1111111111111112,0.9,2,16,0.4,0.125,2.962962962962963,0.675,0,5,2,0.0,0.0,0,5,1,0.0,0.0,0,5,1,0.0,0.0,0,5,0,,0.0,2,5,11,0.18181818181818182,0.4,1,5,4,0.25,0.2,0,5,3,0.0,0.0,0,5,0,,0.0,True,EQUAL_WEIGHT_PP_SUM_NOT_YEN_NOT_CAPITAL,
C0102,RISK_QUINTILE_FULL_12BAND,D-FULL,q3,ALL,Q3,SESSION,2025-07-23,6,6,0,1.0,4,2,0,0,0,2,1,0,1,0,1,0,1,0,0,0,0,3,2,3,1,2,1,0,0,0,0,9.37387216524185,5.240885808931364,0,0,0.0,,0.0,,1,6,0.16666666666666666,0.16666666666666666,1.5,0.6666666666666666,1,6,0.16666666666666666,0.16666666666666666,1.5,0.6666666666666666,2,13,0.3333333333333333,0.15384615384615385,3.25,0.6153846153846154,3,6,7,0.42857142857142855,0.5,2,6,4,0.5,0.3333333333333333,0,6,1,0.0,0.0,0,6,1,0.0,0.0,3,6,14,0.21428571428571427,0.5,3,6,11,0.2727272727272727,0.5,2,6,6,0.3333333333333333,0.3333333333333333,1,6,2,0.5,0.16666666666666666,True,EQUAL_WEIGHT_PP_SUM_NOT_YEN_NOT_CAPITAL,
C0102,RISK_QUINTILE_FULL_12BAND,D-FULL,q3,ALL,Q3,SESSION,2025-07-24,4,4,0,1.0,2,2,0,0,0,0,0,1,1,0,1,0,0,1,0,0,0,1,2,0,1,0,1,0,1,0,0,1.8013839274785661,5.513283881486863,0,0,0.0,,0.0,,1,1,0.25,1.0,0.12903225806451613,7.75,1,4,0.25,0.25,0.5161290322580645,1.9375,2,23,0.5,0.08695652173913043,2.967741935483871,0.6739130434782609,0,4,2,0.0,0.0,0,4,2,0.0,0.0,0,4,2,0.0,0.0,0,4,1,0.0,0.0,0,4,10,0.0,0.0,0,4,6,0.0,0.0,0,4,3,0.0,0.0,0,4,2,0.0,0.0,True,EQUAL_WEIGHT_PP_SUM_NOT_YEN_NOT_CAPITAL,
C0102,RISK_QUINTILE_FULL_12BAND,D-FULL,q3,ALL,Q3,SESSION,2025-07-25,3,3,0,1.0,1,2,0,0,0,0,0,1,0,2,0,0,0,0,0,0,0,1,0,0,0,0,0,0,0,0,0,,0.52267888672788,0,2,0.0,0.0,0.2608695652173913,0.0,0,3,0.0,0.0,0.391304347826087,0.0,0,4,0.0,0.0,0.5217391304347826,0.0,2,14,0.6666666666666666,0.14285714285714285,1.826086956521739,1.0952380952380953,0,3,4,0.0,0.0,0,3,3,0.0,0.0,0,3,3,0.0,0.0,0,3,3,0.0,0.0,3,3,11,0.2727272727272727,1.0,1,3,5,0.2,0.3333333333333333,0,3,3,0.0,0.0,0,3,2,0.0,0.0,True,EQUAL_WEIGHT_PP_SUM_NOT_YEN_NOT_CAPITAL,SINGLE_POSITIVE_R_MASS_PRIVATE
C0102,RISK_QUINTILE_FULL_12BAND,D-FULL,q3,ALL,Q3,SESSION,2025-07-28,4,3,1,0.75,2,1,0,1,0,0,0,1,0,1,0,0,0,0,0,0,1,2,0,1,0,1,0,1,0,1,0,7.741596343382406,,0,0,0.0,,0.0,,0,1,0.0,0.0,0.11538461538461539,0.0,0,2,0.0,0.0,0.23076923076923078,0.0,1,14,0.3333333333333333,0.07142857142857142,1.6153846153846154,0.6190476190476191,1,3,5,0.2,0.3333333333333333,1,3,4,0.25,0.3333333333333333,1,3,3,0.3333333333333333,0.3333333333333333,1,3,3,0.3333333333333333,0.3333333333333333,1,4,9,0.1111111111111111,0.25,1,4,6,0.16666666666666666,0.25,0,4,3,0.0,0.0,0,4,3,0.0,0.0,True,EQUAL_WEIGHT_PP_SUM_NOT_YEN_NOT_CAPITAL,SINGLE_NEGATIVE_R_MASS_PRIVATE
C0102,RISK_QUINTILE_FULL_12BAND,D-FULL,q3,ALL,Q3,SESSION,2025-07-29,9,9,0,1.0,2,7,0,0,0,0,0,1,1,5,1,1,0,0,0,0,0,1,2,0,1,0,0,0,0,0,0,1.4220035985375623,6.1381861294669156,0,0,0.0,,0.0,,0,0,0.0,,0.0,,1,2,0.1111111111111111,0.5,0.6923076923076923,1.4444444444444444,7,18,0.7777777777777778,0.3888888888888889,6.230769230769231,1.123456790123457,0,9,1,0.0,0.0,0,9,0,,0.0,0,9,0,,0.0,0,9,0,,0.0,4,9,12,0.3333333333333333,0.4444444444444444,2,9,9,0.2222222222222222,0.2222222222222222,0,9,3,0.0,0.0,0,9,2,0.0,0.0,True,EQUAL_WEIGHT_PP_SUM_NOT_YEN_NOT_CAPITAL,
C0102,RISK_QUINTILE_FULL_12BAND,D-FULL,q3,ALL,Q3,SESSION,2025-07-30,10,10,0,1.0,5,5,0,0,0,2,0,2,1,4,0,1,0,0,0,0,0,4,1,2,1,2,0,0,0,0,0,10.09018277450393,4.835577172182307,0,0,0.0,,0.0,,0,2,0.0,0.0,0.7407407407407407,0.0,1,3,0.1,0.3333333333333333,1.1111111111111112,0.9,5,15,0.5,0.3333333333333333,5.555555555555555,0.9,2,10,3,0.6666666666666666,0.2,2,10,2,1.0,0.2,0,10,0,,0.0,0,10,0,,0.0,4,10,13,0.3076923076923077,0.4,3,10,8,0.375,0.3,2,10,5,0.4,0.2,0,10,2,0.0,0.0,False,EQUAL_WEIGHT_PP_SUM_NOT_YEN_NOT_CAPITAL,
C0102,RISK_QUINTILE_FULL_12BAND,D-FULL,q3,ALL,Q3,SESSION,2025-07-31,3,3,0,1.0,1,2,0,0,0,0,0,0,1,1,1,0,0,0,0,0,0,0,1,0,0,0,0,0,0,0,0,,2.445241782119436,0,2,0.0,0.0,0.25,0.0,0,2,0.0,0.0,0.25,0.0,0,3,0.0,0.0,0.375,0.0,2,15,0.6666666666666666,0.13333333333333333,1.875,1.0666666666666667,0,3,0,,0.0,0,3,0,,0.0,0,3,0,,0.0,0,3,0,,0.0,0,3,8,0.0,0.0,0,3,5,0.0,0.0,0,3,3,0.0,0.0,0,3,1,0.0,0.0,True,EQUAL_WEIGHT_PP_SUM_NOT_YEN_NOT_CAPITAL,SINGLE_POSITIVE_R_MASS_PRIVATE
C0102,RISK_QUINTILE_FULL_12BAND,D-FULL,q3,ALL,Q3,SESSION,2025-08-01,3,3,0,1.0,0,3,0,0,0,0,0,0,0,3,0,0,0,0,0,0,0,0,0,0,0,0,0,0,0,0,0,,0.6840810364048745,0,1,0.0,0.0,0.125,0.0,0,2,0.0,0.0,0.25,0.0,0,3,0.0,0.0,0.375,0.0,3,12,1.0,0.25,1.5,2.0,0,3,3,0.0,0.0,0,3,2,0.0,0.0,0,3,0,,0.0,0,3,0,,0.0,2,3,11,0.18181818181818182,0.6666666666666666,1,3,9,0.1111111111111111,0.3333333333333333,1,3,4,0.25,0.3333333333333333,0,3,2,0.0,0.0,True,EQUAL_WEIGHT_PP_SUM_NOT_YEN_NOT_CAPITAL,SINGLE_POSITIVE_R_MASS_PRIVATE
C0102,RISK_QUINTILE_FULL_12BAND,D-FULL,q3,ALL,Q3,SESSION,2025-08-04,7,7,0,1.0,4,3,0,0,0,0,0,0,4,2,0,0,1,0,0,0,0,0,1,0,1,0,1,0,0,0,0,1.0318162311041688,4.425736785079405,0,0,0.0,,0.0,,1,3,0.14285714285714285,0.3333333333333333,0.6774193548387096,1.4761904761904763,1,8,0.14285714285714285,0.125,1.8064516129032258,0.5535714285714286,3,19,0.42857142857142855,0.15789473684210525,4.290322580645161,0.6992481203007519,0,7,1,0.0,0.0,0,7,1,0.0,0.0,0,7,0,,0.0,0,7,0,,0.0,1,7,6,0.16666666666666666,0.14285714285714285,0,7,2,0.0,0.0,0,7,1,0.0,0.0,0,7,1,0.0,0.0,True,EQUAL_WEIGHT_PP_SUM_NOT_YEN_NOT_CAPITAL,
C0102,RISK_QUINTILE_FULL_12BAND,D-FULL,q3,ALL,Q3,SESSION,2025-08-05,4,4,0,1.0,1,3,0,0,0,1,0,0,0,3,0,0,0,0,0,0,0,1,0,1,0,1,0,0,0,0,0,,1.2234543105805589,0,0,0.0,,0.0,,0,0,0.0,,0.0,,0,1,0.0,0.0,0.16,0.0,3,14,0.75,0.21428571428571427,2.24,1.3392857142857142,1,4,5,0.2,0.25,1,4,4,0.25,0.25,0,4,3,0.0,0.0,0,4,2,0.0,0.0,2,4,9,0.2222222222222222,0.5,1,4,8,0.125,0.25,0,4,6,0.0,0.0,0,4,2,0.0,0.0,True,EQUAL_WEIGHT_PP_SUM_NOT_YEN_NOT_CAPITAL,SINGLE_POSITIVE_R_MASS_PRIVATE
C0102,RISK_QUINTILE_FULL_12BAND,D-FULL,q3,ALL,Q3,SESSION,2025-08-06,5,5,0,1.0,3,2,0,0,0,0,0,2,1,2,0,0,0,0,0,0,0,2,0,0,0,0,0,0,0,0,0,3.952244812329476,1.5661100642542518,0,0,0.0,,0.0,,0,0,0.0,,0.0,,0,1,0.0,0.0,0.21739130434782608,0.0,2,9,0.4,0.2222222222222222,1.9565217391304348,1.0222222222222221,0,5,2,0.0,0.0,0,5,2,0.0,0.0,0,5,1,0.0,0.0,0,5,1,0.0,0.0,3,5,11,0.2727272727272727,0.6,2,5,5,0.4,0.4,1,5,3,0.3333333333333333,0.2,0,5,1,0.0,0.0,True,EQUAL_WEIGHT_PP_SUM_NOT_YEN_NOT_CAPITAL,
C0102,RISK_QUINTILE_FULL_12BAND,D-FULL,q3,ALL,Q3,SESSION,2025-08-07,6,6,0,1.0,1,5,0,1,0,0,0,0,0,3,1,0,1,0,0,0,0,1,2,1,1,1,1,1,0,1,0,,6.438134771283889,0,1,0.0,0.0,0.1935483870967742,0.0,1,4,0.16666666666666666,0.25,0.7741935483870968,1.2916666666666667,1,6,0.16666666666666666,0.16666666666666666,1.1612903225806452,0.8611111111111112,5,23,0.8333333333333334,0.21739130434782608,4.451612903225806,1.1231884057971016,1,6,4,0.25,0.16666666666666666,1,6,2,0.5,0.16666666666666666,1,6,2,0.5,0.16666666666666666,1,6,1,1.0,0.16666666666666666,1,6,7,0.14285714285714285,0.16666666666666666,1,6,5,0.2,0.16666666666666666,1,6,2,0.5,0.16666666666666666,1,6,1,1.0,0.16666666666666666,True,EQUAL_WEIGHT_PP_SUM_NOT_YEN_NOT_CAPITAL,SINGLE_POSITIVE_R_MASS_PRIVATE
C0102,RISK_QUINTILE_FULL_12BAND,D-FULL,q3,ALL,Q3,SESSION,2025-08-08,8,7,1,0.875,2,5,0,0,0,0,0,0,2,4,1,0,0,0,0,0,1,0,1,0,0,0,0,0,0,0,0,0.47935183387549235,3.190149539933391,0,0,0.0,,0.0,,0,1,0.0,0.0,0.21212121212121213,0.0,0,4,0.0,0.0,0.8484848484848485,0.0,5,17,0.7142857142857143,0.29411764705882354,3.606060606060606,1.3865546218487395,0,7,4,0.0,0.0,0,7,4,0.0,0.0,0,7,3,0.0,0.0,0,7,3,0.0,0.0,2,8,15,0.13333333333333333,0.25,1,8,11,0.09090909090909091,0.125,0,8,5,0.0,0.0,0,8,2,0.0,0.0,True,EQUAL_WEIGHT_PP_SUM_NOT_YEN_NOT_CAPITAL,
C0102,RISK_QUINTILE_FULL_12BAND,D-FULL,q3,ALL,Q3,SESSION,2025-08-12,6,5,1,0.8333333333333334,1,4,0,0,0,0,0,1,0,2,2,0,0,0,0,0,1,1,2,0,0,0,0,0,0,0,0,,3.3540008535748607,0,4,0.0,0.0,0.6666666666666666,0.0,0,4,0.0,0.0,0.6666666666666666,0.0,0,6,0.0,0.0,1.0,0.0,4,17,0.8,0.23529411764705882,2.8333333333333335,1.411764705882353,0,5,4,0.0,0.0,0,5,3,0.0,0.0,0,5,3,0.0,0.0,0,5,1,0.0,0.0,1,6,17,0.058823529411764705,0.16666666666666666,1,6,11,0.09090909090909091,0.16666666666666666,0,6,6,0.0,0.0,0,6,2,0.0,0.0,True,EQUAL_WEIGHT_PP_SUM_NOT_YEN_NOT_CAPITAL,SINGLE_POSITIVE_R_MASS_PRIVATE
C0102,RISK_QUINTILE_FULL_12BAND,D-FULL,q3,ALL,Q3,SESSION,2025-08-13,5,5,0,1.0,3,2,0,0,0,0,0,1,2,2,0,0,0,0,0,0,0,1,0,0,0,0,0,0,0,0,0,1.9352795608269386,1.3125830120228172,0,1,0.0,0.0,0.19230769230769232,0.0,0,3,0.0,0.0,0.5769230769230769,0.0,0,4,0.0,0.0,0.7692307692307693,0.0,2,16,0.4,0.125,3.076923076923077,0.65,0,5,2,0.0,0.0,0,5,1,0.0,0.0,0,5,1,0.0,0.0,0,5,1,0.0,0.0,2,5,12,0.16666666666666666,0.4,1,5,9,0.1111111111111111,0.2,0,5,4,0.0,0.0,0,5,0,,0.0,True,EQUAL_WEIGHT_PP_SUM_NOT_YEN_NOT_CAPITAL,
C0102,RISK_QUINTILE_FULL_12BAND,D-FULL,q3,ALL,Q3,SESSION,2025-08-14,6,6,0,1.0,4,2,0,1,0,2,0,0,1,1,0,1,0,0,0,0,0,3,1,3,1,3,0,1,0,1,0,22.60088150791314,2.663526436535123,0,1,0.0,0.0,0.21428571428571427,0.0,0,2,0.0,0.0,0.42857142857142855,0.0,1,6,0.16666666666666666,0.16666666666666666,1.2857142857142858,0.7777777777777778,2,15,0.3333333333333333,0.13333333333333333,3.2142857142857144,0.6222222222222222,3,6,8,0.375,0.5,3,6,8,0.375,0.5,1,6,6,0.16666666666666666,0.16666666666666666,1,6,3,0.3333333333333333,0.16666666666666666,5,6,14,0.35714285714285715,0.8333333333333334,5,6,11,0.45454545454545453,0.8333333333333334,3,6,7,0.42857142857142855,0.5,1,6,3,0.3333333333333333,0.16666666666666666,True,EQUAL_WEIGHT_PP_SUM_NOT_YEN_NOT_CAPITAL,
C0102,RISK_QUINTILE_FULL_12BAND,D-FULL,q3,ALL,Q3,SESSION,2025-08-15,6,6,0,1.0,4,2,0,0,0,0,0,2,2,0,2,0,0,0,0,0,0,2,2,0,0,0,0,0,0,0,0,4.621064853494367,2.756513991774204,0,0,0.0,,0.0,,0,2,0.0,0.0,0.41379310344827586,0.0,0,3,0.0,0.0,0.6206896551724138,0.0,2,14,0.3333333333333333,0.14285714285714285,2.896551724137931,0.6904761904761905,0,6,3,0.0,0.0,0,6,3,0.0,0.0,0,6,1,0.0,0.0,0,6,1,0.0,0.0,2,6,12,0.16666666666666666,0.3333333333333333,2,6,7,0.2857142857142857,0.3333333333333333,0,6,3,0.0,0.0,0,6,1,0.0,0.0,True,EQUAL_WEIGHT_PP_SUM_NOT_YEN_NOT_CAPITAL,
C0102,RISK_QUINTILE_FULL_12BAND,D-FULL,q3,ALL,Q3,SESSION,2025-08-18,7,7,0,1.0,3,4,0,0,0,1,0,1,1,3,1,0,0,0,0,0,0,2,1,1,0,1,0,0,0,0,0,5.342100023809102,3.518251816447831,0,0,0.0,,0.0,,0,1,0.0,0.0,0.25925925925925924,0.0,0,2,0.0,0.0,0.5185185185185185,0.0,4,16,0.5714285714285714,0.25,4.148148148148148,0.9642857142857143,1,7,6,0.16666666666666666,0.14285714285714285,1,7,6,0.16666666666666666,0.14285714285714285,0,7,3,0.0,0.0,0,7,3,0.0,0.0,5,7,12,0.4166666666666667,0.7142857142857143,3,7,10,0.3,0.42857142857142855,0,7,6,0.0,0.0,0,7,3,0.0,0.0,True,EQUAL_WEIGHT_PP_SUM_NOT_YEN_NOT_CAPITAL,
C0102,RISK_QUINTILE_FULL_12BAND,D-FULL,q3,ALL,Q3,SESSION,2025-08-19,5,5,0,1.0,1,4,0,0,0,1,0,0,0,3,1,0,0,0,0,0,0,1,1,1,0,1,0,0,0,0,0,,2.8937579797409634,0,0,0.0,,0.0,,0,0,0.0,,0.0,,0,2,0.0,0.0,0.3225806451612903,0.0,4,15,0.8,0.26666666666666666,2.4193548387096775,1.6533333333333333,1,5,7,0.14285714285714285,0.2,1,5,4,0.25,0.2,0,5,3,0.0,0.0,0,5,2,0.0,0.0,1,5,16,0.0625,0.2,1,5,10,0.1,0.2,1,5,8,0.125,0.2,1,5,3,0.3333333333333333,0.2,True,EQUAL_WEIGHT_PP_SUM_NOT_YEN_NOT_CAPITAL,SINGLE_POSITIVE_R_MASS_PRIVATE
C0102,RISK_QUINTILE_FULL_12BAND,D-FULL,q3,ALL,Q3,SESSION,2025-08-20,5,5,0,1.0,2,3,0,0,1,1,0,0,0,2,0,0,1,0,0,0,0,2,1,2,1,2,1,1,0,0,0,8.543070681847507,3.6139065766102734,0,0,0.0,,0.0,,1,2,0.2,0.5,0.4,2.5,1,3,0.2,0.3333333333333333,0.6,1.6666666666666667,3,13,0.6,0.23076923076923078,2.6,1.1538461538461537,2,5,4,0.5,0.4,2,5,4,0.5,0.4,1,5,2,0.5,0.2,0,5,0,,0.0,4,5,12,0.3333333333333333,0.8,4,5,12,0.3333333333333333,0.8,4,5,8,0.5,0.8,0,5,1,0.0,0.0,True,EQUAL_WEIGHT_PP_SUM_NOT_YEN_NOT_CAPITAL,
C0102,RISK_QUINTILE_FULL_12BAND,D-FULL,q3,ALL,Q3,SESSION,2025-08-21,8,7,1,0.875,5,2,0,0,0,0,0,2,3,1,0,0,1,0,0,0,1,2,1,0,1,0,1,0,0,0,0,4.489016024784708,4.123770067791353,0,0,0.0,,0.0,,1,3,0.14285714285714285,0.3333333333333333,0.7241379310344828,1.380952380952381,1,7,0.14285714285714285,0.14285714285714285,1.6896551724137931,0.5918367346938775,2,15,0.2857142857142857,0.13333333333333333,3.6206896551724137,0.5523809523809524,0,7,2,0.0,0.0,0,7,0,,0.0,0,7,0,,0.0,0,7,0,,0.0,4,8,11,0.36363636363636365,0.5,2,8,6,0.3333333333333333,0.25,0,8,1,0.0,0.0,0,8,0,,0.0,True,EQUAL_WEIGHT_PP_SUM_NOT_YEN_NOT_CAPITAL,
C0102,RISK_QUINTILE_FULL_12BAND,D-FULL,q3,ALL,Q3,SESSION,2025-08-22,5,5,0,1.0,0,5,0,0,0,0,0,0,0,1,1,2,1,0,0,0,0,0,4,0,3,0,1,0,0,0,0,,9.19114024591078,0,2,0.0,0.0,0.4166666666666667,0.0,1,7,0.2,0.14285714285714285,1.4583333333333333,0.6857142857142857,3,10,0.6,0.3,2.0833333333333335,1.44,5,20,1.0,0.25,4.166666666666667,1.2,0,5,3,0.0,0.0,0,5,3,0.0,0.0,0,5,2,0.0,0.0,0,5,2,0.0,0.0,3,5,10,0.3,0.6,2,5,7,0.2857142857142857,0.4,1,5,4,0.25,0.2,0,5,1,0.0,0.0,True,EQUAL_WEIGHT_PP_SUM_NOT_YEN_NOT_CAPITAL,SINGLE_POSITIVE_R_MASS_PRIVATE
C0102,RISK_QUINTILE_FULL_12BAND,D-FULL,q3,ALL,Q3,SESSION,2025-08-25,2,2,0,1.0,2,0,0,1,0,0,0,0,1,0,0,0,0,0,0,0,0,1,0,1,0,1,0,1,0,1,0,16.34443356366128,,0,1,0.0,0.0,0.08333333333333333,0.0,0,2,0.0,0.0,0.16666666666666666,0.0,0,2,0.0,0.0,0.16666666666666666,0.0,0,10,0.0,0.0,0.8333333333333334,0.0,1,2,6,0.16666666666666666,0.5,1,2,5,0.2,0.5,1,2,3,0.3333333333333333,0.5,1,2,3,0.3333333333333333,0.5,2,2,15,0.13333333333333333,1.0,2,2,14,0.14285714285714285,1.0,1,2,9,0.1111111111111111,0.5,1,2,6,0.16666666666666666,0.5,True,EQUAL_WEIGHT_PP_SUM_NOT_YEN_NOT_CAPITAL,SINGLE_NEGATIVE_R_MASS_PRIVATE
C0102,RISK_QUINTILE_FULL_12BAND,D-FULL,q3,ALL,Q3,RANK,S,11,11,0,1.0,4,7,0,1,0,0,0,1,2,3,2,1,1,0,0,0,0,2,4,1,2,1,1,1,0,1,0,8.67666204207858,8.537150892195278,0,0,0.0,,0.0,,1,3,0.09090909090909091,0.3333333333333333,0.6923076923076923,1.4444444444444444,2,10,0.18181818181818182,0.2,3.3455128205128206,0.5978156735006707,7,33,0.6363636363636364,0.21212121212121213,8.296794871794871,0.8436992969172525,1,11,7,0.14285714285714285,0.09090909090909091,1,11,5,0.2,0.09090909090909091,1,11,4,0.25,0.09090909090909091,1,11,3,0.3333333333333333,0.09090909090909091,9,11,25,0.36,0.8181818181818182,7,11,22,0.3181818181818182,0.6363636363636364,5,11,12,0.4166666666666667,0.45454545454545453,2,11,6,0.3333333333333333,0.18181818181818182,False,EQUAL_WEIGHT_PP_SUM_NOT_YEN_NOT_CAPITAL,
C0102,RISK_QUINTILE_FULL_12BAND,D-FULL,q3,ALL,Q3,RANK,A,33,33,0,1.0,15,18,0,1,2,2,2,4,4,11,3,3,1,0,0,0,0,11,7,7,4,5,1,3,0,1,0,45.042610168186734,20.210179512850935,0,2,0.0,0.0,0.42777777777777776,0.0,1,11,0.030303030303030304,0.09090909090909091,2.3492063492063493,0.42567567567567566,4,21,0.12121212121212122,0.19047619047619047,4.661904761904762,0.8580183861082737,18,93,0.5454545454545454,0.1935483870967742,19.676984126984127,0.9147743314645262,7,33,28,0.25,0.21212121212121213,5,33,23,0.21739130434782608,0.15151515151515152,3,33,19,0.15789473684210525,0.09090909090909091,1,33,16,0.0625,0.030303030303030304,20,33,86,0.23255813953488372,0.6060606060606061,16,33,69,0.2318840579710145,0.48484848484848486,8,33,47,0.1702127659574468,0.24242424242424243,2,33,23,0.08695652173913043,0.06060606060606061,False,EQUAL_WEIGHT_PP_SUM_NOT_YEN_NOT_CAPITAL,
C0102,RISK_QUINTILE_FULL_12BAND,D-FULL,q3,ALL,Q3,RANK,B,62,61,1,0.9838709677419355,23,38,0,2,0,3,2,4,12,22,8,4,2,1,1,0,1,11,16,7,8,5,4,2,2,2,1,50.29904614690028,48.43937418008301,1,12,0.01639344262295082,0.08333333333333333,2.5924426087216785,0.3857366009321593,4,28,0.06557377049180328,0.14285714285714285,6.063124794229445,0.6597258238535654,8,55,0.13114754098360656,0.14545454545454545,11.899385987467383,0.6723035968768241,38,168,0.6229508196721312,0.2261904761904762,34.907826355500774,1.088581099636757,7,61,36,0.19444444444444445,0.11475409836065574,5,61,25,0.2,0.08196721311475409,2,61,14,0.14285714285714285,0.03278688524590164,2,61,11,0.18181818181818182,0.03278688524590164,25,62,147,0.17006802721088435,0.4032258064516129,17,62,95,0.17894736842105263,0.27419354838709675,8,62,54,0.14814814814814814,0.12903225806451613,3,62,18,0.16666666666666666,0.04838709677419355,False,EQUAL_WEIGHT_PP_SUM_NOT_YEN_NOT_CAPITAL,
C0102,RISK_QUINTILE_FULL_12BAND,D-FULL,q3,ALL,Q3,RANK,C,103,99,4,0.9611650485436893,41,58,0,1,1,8,4,12,15,39,9,5,3,1,1,0,4,26,19,14,10,10,5,2,2,1,1,69.33171815296306,65.62283545295307,1,9,0.010101010101010102,0.1111111111111111,1.7505261776688659,0.5712568099562363,5,31,0.050505050505050504,0.16129032258064516,5.779704106006919,0.8650961897519005,10,58,0.10101010101010101,0.1724137931034483,10.810506192941167,0.9250260646008976,58,293,0.5858585858585859,0.19795221843003413,55.463287286131745,1.045736789829667,14,99,66,0.21212121212121213,0.1414141414141414,10,99,46,0.21739130434782608,0.10101010101010101,2,99,28,0.07142857142857142,0.020202020202020204,1,99,18,0.05555555555555555,0.010101010101010102,35,103,174,0.20114942528735633,0.33980582524271846,20,103,111,0.18018018018018017,0.1941747572815534,7,103,57,0.12280701754385964,0.06796116504854369,1,103,20,0.05,0.009708737864077669,False,EQUAL_WEIGHT_PP_SUM_NOT_YEN_NOT_CAPITAL,
C0102,RISK_QUINTILE_FULL_12BAND,D-FULL,q3,ALL,Q3,EXECUTION_ELIGIBLE,TRUE,208,204,4,0.9807692307692307,83,121,0,5,3,13,8,21,33,75,22,13,7,2,2,0,4,50,46,29,24,21,11,8,4,5,2,173.35003651012863,142.80954003808228,2,23,0.00980392156862745,0.08695652173913043,4.570126848200222,0.43762461446505085,11,73,0.05392156862745098,0.1506849315068493,14.48211970893411,0.7595573176497106,24,144,0.11764705882352941,0.16666666666666666,28.721560290000532,0.8356091994192825,121,587,0.5931372549019608,0.2061328790459966,117.76889011068685,1.0274360222489687,29,204,137,0.2116788321167883,0.14215686274509803,21,204,99,0.21212121212121213,0.10294117647058823,8,204,65,0.12307692307692308,0.0392156862745098,5,204,48,0.10416666666666667,0.024509803921568627,89,208,432,0.20601851851851852,0.42788461538461536,60,208,297,0.20202020202020202,0.28846153846153844,28,208,170,0.16470588235294117,0.1346153846153846,8,208,67,0.11940298507462686,0.038461538461538464,False,EQUAL_WEIGHT_PP_SUM_NOT_YEN_NOT_CAPITAL,
C0102,RISK_QUINTILE_FULL_12BAND,D-FULL,q3,ALL,Q3,R0_PASS,SAB,106,105,1,0.9905660377358491,42,63,0,4,2,5,4,9,18,36,13,8,4,1,1,0,1,24,27,15,14,11,6,6,2,4,1,104.01831835716558,77.18670458512922,1,14,0.009523809523809525,0.07142857142857142,3.0370810608183896,0.3292635197990185,6,42,0.05714285714285714,0.14285714285714285,9.017102027724537,0.665402252470032,14,86,0.13333333333333333,0.16279069767441862,18.624138801702074,0.7517126106642059,63,294,0.6,0.21428571428571427,62.69870717825827,1.0048054072452424,15,105,71,0.2112676056338028,0.14285714285714285,11,105,53,0.20754716981132076,0.10476190476190476,6,105,37,0.16216216216216217,0.05714285714285714,4,105,30,0.13333333333333333,0.0380952380952381,54,106,258,0.20930232558139536,0.5094339622641509,40,106,186,0.21505376344086022,0.37735849056603776,21,106,113,0.18584070796460178,0.19811320754716982,7,106,47,0.14893617021276595,0.0660377358490566,False,EQUAL_WEIGHT_PP_SUM_NOT_YEN_NOT_CAPITAL,
C0102,RISK_QUINTILE_FULL_12BAND,D-FULL,q3,ALL,Q3,E0_FUNDED,SAVED,47,47,0,1.0,18,29,0,2,2,2,2,5,5,13,8,4,4,0,0,0,0,13,16,8,8,6,4,4,0,2,0,52.75757020608028,40.355762564959456,0,2,0.0,0.0,0.4675324675324675,0.0,4,16,0.0851063829787234,0.25,4.11117435626552,0.9729580050293688,8,31,0.1702127659574468,0.25806451612903225,7.691467705843582,1.040113578572528,29,126,0.6170212765957447,0.23015873015873015,29.424592043456,0.9855701637994186,8,47,36,0.2222222222222222,0.1702127659574468,6,47,28,0.21428571428571427,0.1276595744680851,4,47,23,0.17391304347826086,0.0851063829787234,2,47,19,0.10526315789473684,0.0425531914893617,28,47,115,0.24347826086956523,0.5957446808510638,23,47,96,0.23958333333333334,0.48936170212765956,13,47,59,0.22033898305084745,0.2765957446808511,4,47,30,0.13333333333333333,0.0851063829787234,False,EQUAL_WEIGHT_PP_SUM_NOT_YEN_NOT_CAPITAL,
C0103,RISK_QUINTILE_FULL_12BAND,D-FULL,q3,ALL,Q4,ALL,ALL,207,205,2,0.9903381642512077,77,128,0,6,4,2,8,25,32,69,33,18,2,3,3,0,2,45,59,20,26,12,8,10,6,6,3,157.15541575160995,161.67484951504125,3,23,0.014634146341463415,0.13043478260869565,4.6181447184466435,0.6496115178064575,8,73,0.03902439024390244,0.1095890410958904,14.77240768232565,0.5415501773330794,26,144,0.12682926829268293,0.18055555555555555,29.081795383606938,0.8940300850426824,128,587,0.624390243902439,0.21805792163543442,118.42134456064615,1.0808862243110946,20,205,137,0.145985401459854,0.0975609756097561,12,205,99,0.12121212121212122,0.05853658536585366,10,205,65,0.15384615384615385,0.04878048780487805,6,205,48,0.125,0.02926829268292683,68,207,432,0.1574074074074074,0.3285024154589372,43,207,297,0.1447811447811448,0.20772946859903382,22,207,170,0.12941176470588237,0.10628019323671498,9,207,67,0.13432835820895522,0.043478260869565216,False,EQUAL_WEIGHT_PP_SUM_NOT_YEN_NOT_CAPITAL,
C0103,RISK_QUINTILE_FULL_12BAND,D-FULL,q3,ALL,Q4,BLOCK,1,27,27,0,1.0,9,18,0,1,0,0,2,2,4,11,3,2,0,1,1,0,0,5,7,3,4,1,2,1,2,1,1,15.94111182554461,24.720247935945334,1,3,0.037037037037037035,0.3333333333333333,0.6230769230769231,1.6049382716049383,2,12,0.07407407407407407,0.16666666666666666,2.4923076923076923,0.8024691358024691,4,22,0.14814814814814814,0.18181818181818182,4.569230769230769,0.8754208754208754,18,84,0.6666666666666666,0.21428571428571427,17.446153846153845,1.0317460317460319,3,27,17,0.17647058823529413,0.1111111111111111,1,27,13,0.07692307692307693,0.037037037037037035,1,27,6,0.16666666666666666,0.037037037037037035,1,27,5,0.2,0.037037037037037035,9,27,54,0.16666666666666666,0.3333333333333333,7,27,35,0.2,0.25925925925925924,4,27,22,0.18181818181818182,0.14814814814814814,1,27,9,0.1111111111111111,0.037037037037037035,False,EQUAL_WEIGHT_PP_SUM_NOT_YEN_NOT_CAPITAL,
C0103,RISK_QUINTILE_FULL_12BAND,D-FULL,q3,ALL,Q4,BLOCK,2,27,27,0,1.0,9,18,0,0,0,0,1,2,6,9,8,1,0,0,0,0,0,3,9,1,1,0,0,0,0,0,0,9.681977689115794,16.310278304056474,0,2,0.0,0.0,0.4122137404580153,0.0,0,5,0.0,0.0,1.0305343511450382,0.0,1,12,0.037037037037037035,0.08333333333333333,2.4732824427480917,0.404320987654321,18,69,0.6666666666666666,0.2608695652173913,14.221374045801527,1.2657004830917875,1,27,17,0.058823529411764705,0.037037037037037035,0,27,10,0.0,0.0,0,27,8,0.0,0.0,0,27,5,0.0,0.0,8,27,55,0.14545454545454545,0.2962962962962963,4,27,37,0.10810810810810811,0.14814814814814814,2,27,20,0.1,0.07407407407407407,1,27,7,0.14285714285714285,0.037037037037037035,False,EQUAL_WEIGHT_PP_SUM_NOT_YEN_NOT_CAPITAL,
C0103,RISK_QUINTILE_FULL_12BAND,D-FULL,q3,ALL,Q4,BLOCK,3,27,26,1,0.9629629629629629,10,16,0,1,1,0,1,4,3,7,5,2,1,0,1,0,1,7,9,3,4,2,2,2,1,1,1,19.275165382579807,26.142644122892047,1,3,0.038461538461538464,0.3333333333333333,0.582089552238806,1.7179487179487178,2,5,0.07692307692307693,0.4,0.9701492537313433,2.0615384615384613,4,18,0.15384615384615385,0.2222222222222222,3.4925373134328357,1.1452991452991452,16,77,0.6153846153846154,0.2077922077922078,14.940298507462687,1.0709290709290709,3,26,17,0.17647058823529413,0.11538461538461539,2,26,9,0.2222222222222222,0.07692307692307693,2,26,9,0.2222222222222222,0.07692307692307693,1,26,7,0.14285714285714285,0.038461538461538464,8,27,56,0.14285714285714285,0.2962962962962963,5,27,38,0.13157894736842105,0.18518518518518517,3,27,25,0.12,0.1111111111111111,0,27,8,0.0,0.0,False,EQUAL_WEIGHT_PP_SUM_NOT_YEN_NOT_CAPITAL,
C0103,RISK_QUINTILE_FULL_12BAND,D-FULL,q3,ALL,Q4,BLOCK,4,26,26,0,1.0,8,18,0,2,1,0,0,3,2,9,5,2,1,0,1,0,0,6,9,3,4,3,2,3,1,2,1,40.76979212997024,25.21537843695146,1,2,0.038461538461538464,0.5,0.4,2.5,2,11,0.07692307692307693,0.18181818181818182,2.2,0.9090909090909091,4,18,0.15384615384615385,0.2222222222222222,3.6,1.1111111111111112,18,82,0.6923076923076923,0.21951219512195122,16.4,1.0975609756097562,3,26,19,0.15789473684210525,0.11538461538461539,3,26,13,0.23076923076923078,0.11538461538461539,3,26,9,0.3333333333333333,0.11538461538461539,2,26,8,0.25,0.07692307692307693,11,26,56,0.19642857142857142,0.4230769230769231,6,26,37,0.16216216216216217,0.23076923076923078,4,26,18,0.2222222222222222,0.15384615384615385,4,26,11,0.36363636363636365,0.15384615384615385,False,EQUAL_WEIGHT_PP_SUM_NOT_YEN_NOT_CAPITAL,
C0103,RISK_QUINTILE_FULL_12BAND,D-FULL,q3,ALL,Q4,BLOCK,5,26,26,0,1.0,9,17,0,0,0,1,1,2,5,8,4,4,0,1,0,0,0,4,9,2,5,1,1,0,1,0,0,10.80740808536562,24.81865723835344,0,3,0.0,0.0,0.5954198473282443,0.0,1,9,0.038461538461538464,0.1111111111111111,1.786259541984733,0.5598290598290598,5,18,0.19230769230769232,0.2777777777777778,3.572519083969466,1.3995726495726495,17,75,0.6538461538461539,0.22666666666666666,14.885496183206106,1.142051282051282,2,26,12,0.16666666666666666,0.07692307692307693,1,26,9,0.1111111111111111,0.038461538461538464,0,26,3,0.0,0.0,0,26,2,0.0,0.0,6,26,47,0.1276595744680851,0.23076923076923078,4,26,32,0.125,0.15384615384615385,2,26,19,0.10526315789473684,0.07692307692307693,0,26,8,0.0,0.0,False,EQUAL_WEIGHT_PP_SUM_NOT_YEN_NOT_CAPITAL,
C0103,RISK_QUINTILE_FULL_12BAND,D-FULL,q3,ALL,Q4,BLOCK,6,29,28,1,0.9655172413793104,15,13,0,1,1,0,1,6,6,7,3,2,0,1,0,0,1,9,6,3,3,2,1,2,1,1,0,23.3945075102132,17.030750161117954,0,6,0.0,0.0,1.1748251748251748,0.0,1,12,0.03571428571428571,0.08333333333333333,2.3496503496503496,0.4255952380952381,3,21,0.10714285714285714,0.14285714285714285,4.111888111888112,0.7295918367346939,13,82,0.4642857142857143,0.15853658536585366,16.055944055944057,0.8096689895470384,3,28,16,0.1875,0.10714285714285714,2,28,12,0.16666666666666666,0.07142857142857142,2,28,10,0.2,0.07142857142857142,1,28,7,0.14285714285714285,0.03571428571428571,11,29,62,0.1774193548387097,0.3793103448275862,5,29,41,0.12195121951219512,0.1724137931034483,2,29,20,0.1,0.06896551724137931,1,29,6,0.16666666666666666,0.034482758620689655,False,EQUAL_WEIGHT_PP_SUM_NOT_YEN_NOT_CAPITAL,
C0103,RISK_QUINTILE_FULL_12BAND,D-FULL,q3,ALL,Q4,BLOCK,7,29,29,0,1.0,7,22,0,0,1,0,0,4,2,14,4,4,0,0,0,0,0,5,8,1,4,1,0,1,0,0,0,11.949238694848106,22.701312681079802,0,1,0.0,0.0,0.20714285714285716,0.0,0,7,0.0,0.0,1.45,0.0,4,16,0.13793103448275862,0.25,3.3142857142857145,1.206896551724138,22,73,0.7586206896551724,0.3013698630136986,15.121428571428572,1.4548889938592349,1,29,28,0.03571428571428571,0.034482758620689655,1,29,25,0.04,0.034482758620689655,1,29,15,0.06666666666666667,0.034482758620689655,0,29,9,0.0,0.0,6,29,66,0.09090909090909091,0.20689655172413793,4,29,50,0.08,0.13793103448275862,2,29,32,0.0625,0.06896551724137931,1,29,11,0.09090909090909091,0.034482758620689655,False,EQUAL_WEIGHT_PP_SUM_NOT_YEN_NOT_CAPITAL,
C0103,RISK_QUINTILE_FULL_12BAND,D-FULL,q3,ALL,Q4,BLOCK,8,16,16,0,1.0,10,6,0,1,0,1,2,2,4,4,1,1,0,0,0,0,0,6,2,4,1,2,0,1,0,1,0,25.336214433972582,4.735580634644725,0,3,0.0,0.0,0.6233766233766234,0.0,0,12,0.0,0.0,2.4935064935064934,0.0,1,19,0.0625,0.05263157894736842,3.948051948051948,0.2532894736842105,6,45,0.375,0.13333333333333333,9.35064935064935,0.6416666666666667,4,16,11,0.36363636363636365,0.25,2,16,8,0.25,0.125,1,16,5,0.2,0.0625,1,16,5,0.2,0.0625,9,16,36,0.25,0.5625,8,16,27,0.2962962962962963,0.5,3,16,14,0.21428571428571427,0.1875,1,16,7,0.14285714285714285,0.0625,False,EQUAL_WEIGHT_PP_SUM_NOT_YEN_NOT_CAPITAL,
C0103,RISK_QUINTILE_FULL_12BAND,D-FULL,q3,ALL,Q4,SESSION,2025-06-27,5,5,0,1.0,3,2,0,0,0,0,1,1,1,2,0,0,0,0,0,0,0,2,0,1,0,0,0,0,0,0,0,5.043315825777938,1.0270528674052255,0,0,0.0,,0.0,,0,3,0.0,0.0,0.5769230769230769,0.0,0,4,0.0,0.0,0.7692307692307693,0.0,2,14,0.4,0.14285714285714285,2.6923076923076925,0.7428571428571429,1,5,5,0.2,0.2,0,5,4,0.0,0.0,0,5,2,0.0,0.0,0,5,2,0.0,0.0,2,5,13,0.15384615384615385,0.4,2,5,10,0.2,0.4,1,5,5,0.2,0.2,0,5,2,0.0,0.0,True,EQUAL_WEIGHT_PP_SUM_NOT_YEN_NOT_CAPITAL,
C0103,RISK_QUINTILE_FULL_12BAND,D-FULL,q3,ALL,Q4,SESSION,2025-06-30,7,7,0,1.0,2,5,0,1,0,0,0,0,1,5,0,0,0,0,0,0,0,1,0,1,0,1,0,1,0,1,0,6.675573977717024,2.0875529043259045,0,0,0.0,,0.0,,0,2,0.0,0.0,0.5,0.0,0,8,0.0,0.0,2.0,0.0,5,23,0.7142857142857143,0.21739130434782608,5.75,0.8695652173913043,1,7,4,0.25,0.14285714285714285,1,7,3,0.3333333333333333,0.14285714285714285,1,7,1,1.0,0.14285714285714285,1,7,1,1.0,0.14285714285714285,3,7,9,0.3333333333333333,0.42857142857142855,2,7,6,0.3333333333333333,0.2857142857142857,2,7,5,0.4,0.2857142857142857,1,7,1,1.0,0.14285714285714285,True,EQUAL_WEIGHT_PP_SUM_NOT_YEN_NOT_CAPITAL,
C0103,RISK_QUINTILE_FULL_12BAND,D-FULL,q3,ALL,Q4,SESSION,2025-07-01,4,4,0,1.0,0,4,0,0,0,0,0,0,0,0,2,1,0,0,1,0,0,0,4,0,2,0,1,0,1,0,1,,12.446533498371494,1,1,0.25,1.0,0.19047619047619047,5.25,1,3,0.25,0.3333333333333333,0.5714285714285714,1.75,2,5,0.5,0.4,0.9523809523809523,2.1,4,13,1.0,0.3076923076923077,2.4761904761904763,1.6153846153846154,0,4,2,0.0,0.0,0,4,2,0.0,0.0,0,4,2,0.0,0.0,0,4,2,0.0,0.0,0,4,11,0.0,0.0,0,4,6,0.0,0.0,0,4,4,0.0,0.0,0,4,3,0.0,0.0,True,EQUAL_WEIGHT_PP_SUM_NOT_YEN_NOT_CAPITAL,SINGLE_POSITIVE_R_MASS_PRIVATE
C0103,RISK_QUINTILE_FULL_12BAND,D-FULL,q3,ALL,Q4,SESSION,2025-07-02,5,5,0,1.0,2,3,0,0,0,0,0,1,1,0,1,1,0,1,0,0,0,1,3,0,2,0,1,0,1,0,0,1.88504958403425,7.898330607098466,0,1,0.0,0.0,0.17857142857142858,0.0,1,2,0.2,0.5,0.35714285714285715,2.8,2,3,0.4,0.6666666666666666,0.5357142857142857,3.7333333333333334,3,18,0.6,0.16666666666666666,3.2142857142857144,0.9333333333333333,0,5,1,0.0,0.0,0,5,1,0.0,0.0,0,5,1,0.0,0.0,0,5,0,,0.0,3,5,12,0.25,0.6,3,5,7,0.42857142857142855,0.6,1,5,4,0.25,0.2,0,5,2,0.0,0.0,True,EQUAL_WEIGHT_PP_SUM_NOT_YEN_NOT_CAPITAL,
C0103,RISK_QUINTILE_FULL_12BAND,D-FULL,q3,ALL,Q4,SESSION,2025-07-03,6,6,0,1.0,2,4,0,0,0,0,1,0,1,4,0,0,0,0,0,0,0,1,0,1,0,0,0,0,0,0,0,2.337172438015398,1.260778058744244,0,1,0.0,0.0,0.2222222222222222,0.0,0,2,0.0,0.0,0.4444444444444444,0.0,0,2,0.0,0.0,0.4444444444444444,0.0,4,16,0.6666666666666666,0.25,3.5555555555555554,1.125,1,6,5,0.2,0.16666666666666666,0,6,3,0.0,0.0,0,6,0,,0.0,0,6,0,,0.0,1,6,9,0.1111111111111111,0.16666666666666666,0,6,6,0.0,0.0,0,6,4,0.0,0.0,0,6,1,0.0,0.0,True,EQUAL_WEIGHT_PP_SUM_NOT_YEN_NOT_CAPITAL,
C0103,RISK_QUINTILE_FULL_12BAND,D-FULL,q3,ALL,Q4,SESSION,2025-07-04,3,3,0,1.0,1,2,0,0,0,0,0,0,1,1,1,0,0,0,0,0,0,0,1,0,0,0,0,0,0,0,0,,1.331911947708865,0,1,0.0,0.0,0.1111111111111111,0.0,0,1,0.0,0.0,0.1111111111111111,0.0,0,3,0.0,0.0,0.3333333333333333,0.0,2,16,0.6666666666666666,0.125,1.7777777777777777,1.125,0,3,3,0.0,0.0,0,3,2,0.0,0.0,0,3,2,0.0,0.0,0,3,1,0.0,0.0,0,3,12,0.0,0.0,0,3,10,0.0,0.0,0,3,6,0.0,0.0,0,3,2,0.0,0.0,True,EQUAL_WEIGHT_PP_SUM_NOT_YEN_NOT_CAPITAL,SINGLE_POSITIVE_R_MASS_PRIVATE
C0103,RISK_QUINTILE_FULL_12BAND,D-FULL,q3,ALL,Q4,SESSION,2025-07-07,5,5,0,1.0,2,3,0,0,0,0,0,1,1,1,2,0,0,0,0,0,0,1,2,0,0,0,0,0,0,0,0,1.8022271132339585,2.834436512106151,0,0,0.0,,0.0,,0,2,0.0,0.0,0.38461538461538464,0.0,0,2,0.0,0.0,0.38461538461538464,0.0,3,14,0.6,0.21428571428571427,2.6923076923076925,1.1142857142857143,0,5,1,0.0,0.0,0,5,1,0.0,0.0,0,5,1,0.0,0.0,0,5,1,0.0,0.0,3,5,9,0.3333333333333333,0.6,1,5,4,0.25,0.2,1,5,3,0.3333333333333333,0.2,1,5,2,0.5,0.2,True,EQUAL_WEIGHT_PP_SUM_NOT_YEN_NOT_CAPITAL,
C0103,RISK_QUINTILE_FULL_12BAND,D-FULL,q3,ALL,Q4,SESSION,2025-07-08,8,8,0,1.0,3,5,0,0,0,0,0,0,3,2,2,1,0,0,0,0,0,0,3,0,1,0,0,0,0,0,0,2.647069822460642,5.701370748774978,0,1,0.0,0.0,0.3076923076923077,0.0,0,1,0.0,0.0,0.3076923076923077,0.0,1,5,0.125,0.2,1.5384615384615385,0.65,5,16,0.625,0.3125,4.923076923076923,1.015625,0,8,3,0.0,0.0,0,8,1,0.0,0.0,0,8,1,0.0,0.0,0,8,1,0.0,0.0,1,8,9,0.1111111111111111,0.125,1,8,6,0.16666666666666666,0.125,0,8,3,0.0,0.0,0,8,2,0.0,0.0,True,EQUAL_WEIGHT_PP_SUM_NOT_YEN_NOT_CAPITAL,
C0103,RISK_QUINTILE_FULL_12BAND,D-FULL,q3,ALL,Q4,SESSION,2025-07-09,3,3,0,1.0,1,2,0,0,0,0,1,0,0,1,1,0,0,0,0,0,0,1,1,1,0,0,0,0,0,0,0,,1.7756824759774898,0,0,0.0,,0.0,,0,1,0.0,0.0,0.13636363636363635,0.0,0,1,0.0,0.0,0.13636363636363635,0.0,2,6,0.6666666666666666,0.3333333333333333,0.8181818181818182,2.4444444444444446,1,3,3,0.3333333333333333,0.3333333333333333,0,3,2,0.0,0.0,0,3,2,0.0,0.0,0,3,1,0.0,0.0,1,3,11,0.09090909090909091,0.3333333333333333,1,3,7,0.14285714285714285,0.3333333333333333,1,3,4,0.25,0.3333333333333333,0,3,0,,0.0,True,EQUAL_WEIGHT_PP_SUM_NOT_YEN_NOT_CAPITAL,SINGLE_POSITIVE_R_MASS_PRIVATE
C0103,RISK_QUINTILE_FULL_12BAND,D-FULL,q3,ALL,Q4,SESSION,2025-07-10,8,8,0,1.0,2,6,0,0,0,0,0,1,1,4,2,0,0,0,0,0,0,1,2,0,0,0,0,0,0,0,0,2.1645686017150987,4.666876619488989,0,0,0.0,,0.0,,0,0,0.0,,0.0,,0,1,0.0,0.0,0.26666666666666666,0.0,6,17,0.75,0.35294117647058826,4.533333333333333,1.3235294117647058,0,8,7,0.0,0.0,0,8,4,0.0,0.0,0,8,2,0.0,0.0,0,8,1,0.0,0.0,3,8,14,0.21428571428571427,0.375,1,8,10,0.1,0.125,0,8,4,0.0,0.0,0,8,1,0.0,0.0,True,EQUAL_WEIGHT_PP_SUM_NOT_YEN_NOT_CAPITAL,
C0103,RISK_QUINTILE_FULL_12BAND,D-FULL,q3,ALL,Q4,SESSION,2025-07-15,3,3,0,1.0,0,3,0,0,0,0,0,0,0,1,2,0,0,0,0,0,0,0,2,0,0,0,0,0,0,0,0,,3.5880021941974203,0,0,0.0,,0.0,,0,1,0.0,0.0,0.10714285714285714,0.0,0,2,0.0,0.0,0.21428571428571427,0.0,3,16,1.0,0.1875,1.7142857142857142,1.75,0,3,5,0.0,0.0,0,3,2,0.0,0.0,0,3,2,0.0,0.0,0,3,2,0.0,0.0,0,3,13,0.0,0.0,0,3,10,0.0,0.0,0,3,6,0.0,0.0,0,3,3,0.0,0.0,True,EQUAL_WEIGHT_PP_SUM_NOT_YEN_NOT_CAPITAL,SINGLE_POSITIVE_R_MASS_PRIVATE
C0103,RISK_QUINTILE_FULL_12BAND,D-FULL,q3,ALL,Q4,SESSION,2025-07-16,7,7,0,1.0,2,5,0,0,1,0,0,1,0,2,0,1,1,0,1,0,0,2,3,1,3,1,2,1,1,0,1,5.545239248166511,12.894404891725797,1,1,0.14285714285714285,1.0,0.25,4.0,2,2,0.2857142857142857,1.0,0.5,4.0,3,5,0.42857142857142855,0.6,1.25,2.4,5,20,0.7142857142857143,0.25,5.0,1.0,1,7,4,0.25,0.14285714285714285,1,7,3,0.3333333333333333,0.14285714285714285,1,7,3,0.3333333333333333,0.14285714285714285,0,7,2,0.0,0.0,3,7,10,0.3,0.42857142857142855,3,7,7,0.42857142857142855,0.42857142857142855,2,7,5,0.4,0.2857142857142857,0,7,1,0.0,0.0,True,EQUAL_WEIGHT_PP_SUM_NOT_YEN_NOT_CAPITAL,
C0103,RISK_QUINTILE_FULL_12BAND,D-FULL,q3,ALL,Q4,SESSION,2025-07-17,5,5,0,1.0,3,2,0,1,0,0,0,1,1,1,1,0,0,0,0,0,0,2,1,1,0,1,0,1,0,1,0,7.7803893983952666,1.8305188432203576,0,0,0.0,,0.0,,0,0,0.0,,0.0,,0,2,0.0,0.0,0.38461538461538464,0.0,2,11,0.4,0.18181818181818182,2.1153846153846154,0.9454545454545454,1,5,2,0.5,0.2,1,5,1,1.0,0.2,1,5,1,1.0,0.2,1,5,1,1.0,0.2,2,5,9,0.2222222222222222,0.4,2,5,6,0.3333333333333333,0.4,1,5,4,0.25,0.2,0,5,2,0.0,0.0,True,EQUAL_WEIGHT_PP_SUM_NOT_YEN_NOT_CAPITAL,
C0103,RISK_QUINTILE_FULL_12BAND,D-FULL,q3,ALL,Q4,SESSION,2025-07-18,7,6,1,0.8571428571428571,2,4,0,0,0,0,1,1,0,1,2,1,0,0,0,0,1,2,3,1,1,0,0,0,0,0,0,3.5078708010835045,6.13808425034552,0,1,0.0,0.0,0.24,0.0,0,1,0.0,0.0,0.24,0.0,1,3,0.16666666666666666,0.3333333333333333,0.72,1.3888888888888888,4,14,0.6666666666666666,0.2857142857142857,3.36,1.1904761904761905,1,6,4,0.25,0.16666666666666666,0,6,2,0.0,0.0,0,6,2,0.0,0.0,0,6,2,0.0,0.0,1,7,13,0.07692307692307693,0.14285714285714285,0,7,11,0.0,0.0,0,7,7,0.0,0.0,0,7,2,0.0,0.0,True,EQUAL_WEIGHT_PP_SUM_NOT_YEN_NOT_CAPITAL,
C0103,RISK_QUINTILE_FULL_12BAND,D-FULL,q3,ALL,Q4,SESSION,2025-07-22,5,5,0,1.0,3,2,0,0,0,0,0,1,2,2,0,0,0,0,0,0,0,1,0,0,0,0,0,0,0,0,0,2.441665934934526,1.6916339434029533,0,1,0.0,0.0,0.18518518518518517,0.0,0,1,0.0,0.0,0.18518518518518517,0.0,0,6,0.0,0.0,1.1111111111111112,0.0,2,16,0.4,0.125,2.962962962962963,0.675,0,5,2,0.0,0.0,0,5,1,0.0,0.0,0,5,1,0.0,0.0,0,5,0,,0.0,2,5,11,0.18181818181818182,0.4,0,5,4,0.0,0.0,0,5,3,0.0,0.0,0,5,0,,0.0,True,EQUAL_WEIGHT_PP_SUM_NOT_YEN_NOT_CAPITAL,
C0103,RISK_QUINTILE_FULL_12BAND,D-FULL,q3,ALL,Q4,SESSION,2025-07-23,0,0,0,,0,0,0,0,0,0,0,0,0,0,0,0,0,0,0,0,0,0,0,0,0,0,0,0,0,0,0,,,0,0,,,0.0,,0,6,,0.0,0.0,,0,6,,0.0,0.0,,0,13,,0.0,0.0,,0,0,7,0.0,,0,0,4,0.0,,0,0,1,0.0,,0,0,1,0.0,,0,0,14,0.0,,0,0,11,0.0,,0,0,6,0.0,,0,0,2,0.0,,True,EQUAL_WEIGHT_PP_SUM_NOT_YEN_NOT_CAPITAL,SINGLE_POSITIVE_R_MASS_PRIVATE;SINGLE_NEGATIVE_R_MASS_PRIVATE
C0103,RISK_QUINTILE_FULL_12BAND,D-FULL,q3,ALL,Q4,SESSION,2025-07-24,11,11,0,1.0,2,9,0,1,1,0,0,0,0,5,2,2,0,0,0,0,0,2,4,2,2,2,0,2,0,1,0,14.751223879298339,9.838476247218866,0,0,0.0,,0.0,,0,1,0.0,0.0,0.3548387096774194,0.0,2,4,0.18181818181818182,0.5,1.4193548387096775,1.4090909090909092,9,23,0.8181818181818182,0.391304347826087,8.161290322580646,1.1027667984189724,2,11,2,1.0,0.18181818181818182,2,11,2,1.0,0.18181818181818182,2,11,2,1.0,0.18181818181818182,1,11,1,1.0,0.09090909090909091,4,11,10,0.4,0.36363636363636365,3,11,6,0.5,0.2727272727272727,1,11,3,0.3333333333333333,0.09090909090909091,1,11,2,0.5,0.09090909090909091,False,EQUAL_WEIGHT_PP_SUM_NOT_YEN_NOT_CAPITAL,
C0103,RISK_QUINTILE_FULL_12BAND,D-FULL,q3,ALL,Q4,SESSION,2025-07-25,5,5,0,1.0,0,5,0,0,0,0,0,0,0,2,1,0,1,0,1,0,0,0,3,0,2,0,2,0,1,0,1,,10.30165100277597,1,2,0.2,0.5,0.43478260869565216,2.3,2,3,0.4,0.6666666666666666,0.6521739130434783,3.066666666666667,2,4,0.4,0.5,0.8695652173913043,2.3,5,14,1.0,0.35714285714285715,3.0434782608695654,1.6428571428571428,0,5,4,0.0,0.0,0,5,3,0.0,0.0,0,5,3,0.0,0.0,0,5,3,0.0,0.0,1,5,11,0.09090909090909091,0.2,0,5,5,0.0,0.0,0,5,3,0.0,0.0,0,5,2,0.0,0.0,True,EQUAL_WEIGHT_PP_SUM_NOT_YEN_NOT_CAPITAL,SINGLE_POSITIVE_R_MASS_PRIVATE
C0103,RISK_QUINTILE_FULL_12BAND,D-FULL,q3,ALL,Q4,SESSION,2025-07-28,5,5,0,1.0,4,1,0,1,0,0,0,2,1,0,1,0,0,0,0,0,0,3,1,1,0,1,0,1,0,1,0,24.36036987783908,,0,0,0.0,,0.0,,0,1,0.0,0.0,0.19230769230769232,0.0,0,2,0.0,0.0,0.38461538461538464,0.0,1,14,0.2,0.07142857142857142,2.6923076923076925,0.37142857142857144,1,5,5,0.2,0.2,1,5,4,0.25,0.2,1,5,3,0.3333333333333333,0.2,1,5,3,0.3333333333333333,0.2,3,5,9,0.3333333333333333,0.6,1,5,6,0.16666666666666666,0.2,1,5,3,0.3333333333333333,0.2,1,5,3,0.3333333333333333,0.2,True,EQUAL_WEIGHT_PP_SUM_NOT_YEN_NOT_CAPITAL,SINGLE_NEGATIVE_R_MASS_PRIVATE
C0103,RISK_QUINTILE_FULL_12BAND,D-FULL,q3,ALL,Q4,SESSION,2025-07-29,5,5,0,1.0,2,3,0,0,0,0,0,1,1,2,1,0,0,0,0,0,0,1,1,0,0,0,0,0,0,0,0,1.6581983728328233,3.7847263518660457,0,0,0.0,,0.0,,0,0,0.0,,0.0,,0,2,0.0,0.0,0.38461538461538464,0.0,3,18,0.6,0.16666666666666666,3.4615384615384617,0.8666666666666667,0,5,1,0.0,0.0,0,5,0,,0.0,0,5,0,,0.0,0,5,0,,0.0,3,5,12,0.25,0.6,2,5,9,0.2222222222222222,0.4,2,5,3,0.6666666666666666,0.4,2,5,2,1.0,0.4,True,EQUAL_WEIGHT_PP_SUM_NOT_YEN_NOT_CAPITAL,
C0103,RISK_QUINTILE_FULL_12BAND,D-FULL,q3,ALL,Q4,SESSION,2025-07-30,2,2,0,1.0,0,2,0,0,0,0,0,0,0,1,1,0,0,0,0,0,0,0,1,0,0,0,0,0,0,0,0,,2.185202693663603,0,0,0.0,,0.0,,0,2,0.0,0.0,0.14814814814814814,0.0,0,3,0.0,0.0,0.2222222222222222,0.0,2,15,1.0,0.13333333333333333,1.1111111111111112,1.8,0,2,3,0.0,0.0,0,2,2,0.0,0.0,0,2,0,,0.0,0,2,0,,0.0,1,2,13,0.07692307692307693,0.5,0,2,8,0.0,0.0,0,2,5,0.0,0.0,0,2,2,0.0,0.0,True,EQUAL_WEIGHT_PP_SUM_NOT_YEN_NOT_CAPITAL,SINGLE_POSITIVE_R_MASS_PRIVATE
C0103,RISK_QUINTILE_FULL_12BAND,D-FULL,q3,ALL,Q4,SESSION,2025-07-31,4,4,0,1.0,0,4,0,0,0,0,0,0,0,1,2,1,0,0,0,0,0,0,3,0,1,0,0,0,0,0,0,,6.018878211933013,0,2,0.0,0.0,0.3333333333333333,0.0,0,2,0.0,0.0,0.3333333333333333,0.0,1,3,0.25,0.3333333333333333,0.5,2.0,4,15,1.0,0.26666666666666666,2.5,1.6,0,4,0,,0.0,0,4,0,,0.0,0,4,0,,0.0,0,4,0,,0.0,1,4,8,0.125,0.25,1,4,5,0.2,0.25,1,4,3,0.3333333333333333,0.25,0,4,1,0.0,0.0,True,EQUAL_WEIGHT_PP_SUM_NOT_YEN_NOT_CAPITAL,SINGLE_POSITIVE_R_MASS_PRIVATE
C0103,RISK_QUINTILE_FULL_12BAND,D-FULL,q3,ALL,Q4,SESSION,2025-08-01,3,3,0,1.0,2,1,0,0,0,1,0,0,1,1,0,0,0,0,0,0,0,1,0,1,0,1,0,0,0,0,0,4.081475501223609,,0,1,0.0,0.0,0.125,0.0,0,2,0.0,0.0,0.25,0.0,0,3,0.0,0.0,0.375,0.0,1,12,0.3333333333333333,0.08333333333333333,1.5,0.6666666666666666,1,3,3,0.3333333333333333,0.3333333333333333,1,3,2,0.5,0.3333333333333333,0,3,0,,0.0,0,3,0,,0.0,1,3,11,0.09090909090909091,0.3333333333333333,1,3,9,0.1111111111111111,0.3333333333333333,0,3,4,0.0,0.0,0,3,2,0.0,0.0,True,EQUAL_WEIGHT_PP_SUM_NOT_YEN_NOT_CAPITAL,SINGLE_NEGATIVE_R_MASS_PRIVATE
C0103,RISK_QUINTILE_FULL_12BAND,D-FULL,q3,ALL,Q4,SESSION,2025-08-04,12,12,0,1.0,4,8,0,0,0,0,0,1,3,4,0,3,0,1,0,0,0,1,4,0,4,0,1,0,1,0,0,2.9356610749359207,14.155524196388933,0,0,0.0,,0.0,,1,3,0.08333333333333333,0.3333333333333333,1.1612903225806452,0.8611111111111112,4,8,0.3333333333333333,0.5,3.096774193548387,1.2916666666666667,8,19,0.6666666666666666,0.42105263157894735,7.354838709677419,1.087719298245614,0,12,1,0.0,0.0,0,12,1,0.0,0.0,0,12,0,,0.0,0,12,0,,0.0,1,12,6,0.16666666666666666,0.08333333333333333,0,12,2,0.0,0.0,0,12,1,0.0,0.0,0,12,1,0.0,0.0,False,EQUAL_WEIGHT_PP_SUM_NOT_YEN_NOT_CAPITAL,
C0103,RISK_QUINTILE_FULL_12BAND,D-FULL,q3,ALL,Q4,SESSION,2025-08-05,5,5,0,1.0,3,2,0,0,0,0,1,1,1,1,1,0,0,0,0,0,0,2,1,1,0,0,0,0,0,0,0,3.7902715092060895,2.359102111380381,0,0,0.0,,0.0,,0,0,0.0,,0.0,,0,1,0.0,0.0,0.2,0.0,2,14,0.4,0.14285714285714285,2.8,0.7142857142857143,1,5,5,0.2,0.2,0,5,4,0.0,0.0,0,5,3,0.0,0.0,0,5,2,0.0,0.0,2,5,9,0.2222222222222222,0.4,2,5,8,0.25,0.4,1,5,6,0.16666666666666666,0.2,0,5,2,0.0,0.0,True,EQUAL_WEIGHT_PP_SUM_NOT_YEN_NOT_CAPITAL,
C0103,RISK_QUINTILE_FULL_12BAND,D-FULL,q3,ALL,Q4,SESSION,2025-08-06,5,5,0,1.0,3,2,0,0,0,0,0,1,2,2,0,0,0,0,0,0,0,1,0,0,0,0,0,0,0,0,0,2.0627418752019406,0.4569327686071201,0,0,0.0,,0.0,,0,0,0.0,,0.0,,0,1,0.0,0.0,0.21739130434782608,0.0,2,9,0.4,0.2222222222222222,1.9565217391304348,1.0222222222222221,0,5,2,0.0,0.0,0,5,2,0.0,0.0,0,5,1,0.0,0.0,0,5,1,0.0,0.0,3,5,11,0.2727272727272727,0.6,1,5,5,0.2,0.2,1,5,3,0.3333333333333333,0.2,1,5,1,1.0,0.2,True,EQUAL_WEIGHT_PP_SUM_NOT_YEN_NOT_CAPITAL,
C0103,RISK_QUINTILE_FULL_12BAND,D-FULL,q3,ALL,Q4,SESSION,2025-08-07,8,8,0,1.0,3,5,0,0,0,0,1,1,1,3,1,1,0,0,0,0,0,2,2,1,1,0,0,0,0,0,0,4.82052236968248,4.772230955004615,0,1,0.0,0.0,0.25806451612903225,0.0,0,4,0.0,0.0,1.032258064516129,0.0,1,6,0.125,0.16666666666666666,1.5483870967741935,0.6458333333333334,5,23,0.625,0.21739130434782608,5.935483870967742,0.842391304347826,1,8,4,0.25,0.125,0,8,2,0.0,0.0,0,8,2,0.0,0.0,0,8,1,0.0,0.0,2,8,7,0.2857142857142857,0.25,1,8,5,0.2,0.125,0,8,2,0.0,0.0,0,8,1,0.0,0.0,True,EQUAL_WEIGHT_PP_SUM_NOT_YEN_NOT_CAPITAL,
C0103,RISK_QUINTILE_FULL_12BAND,D-FULL,q3,ALL,Q4,SESSION,2025-08-08,7,7,0,1.0,5,2,0,1,0,0,0,3,1,0,1,1,0,0,0,0,0,4,2,1,1,1,0,1,0,1,0,10.157151231234128,4.369177589388209,0,0,0.0,,0.0,,0,1,0.0,0.0,0.21212121212121213,0.0,1,4,0.14285714285714285,0.25,0.8484848484848485,1.1785714285714286,2,17,0.2857142857142857,0.11764705882352941,3.606060606060606,0.5546218487394958,1,7,4,0.25,0.14285714285714285,1,7,4,0.25,0.14285714285714285,1,7,3,0.3333333333333333,0.14285714285714285,1,7,3,0.3333333333333333,0.14285714285714285,2,7,15,0.13333333333333333,0.2857142857142857,1,7,11,0.09090909090909091,0.14285714285714285,1,7,5,0.2,0.14285714285714285,0,7,2,0.0,0.0,True,EQUAL_WEIGHT_PP_SUM_NOT_YEN_NOT_CAPITAL,
C0103,RISK_QUINTILE_FULL_12BAND,D-FULL,q3,ALL,Q4,SESSION,2025-08-12,7,6,1,0.8571428571428571,4,2,0,0,1,0,0,1,2,1,1,0,0,0,0,0,1,2,1,1,0,1,0,1,0,0,0,6.3540920340946485,2.1804741232465865,0,4,0.0,0.0,0.8,0.0,0,4,0.0,0.0,0.8,0.0,0,6,0.0,0.0,1.2,0.0,2,17,0.3333333333333333,0.11764705882352941,3.4,0.5882352941176471,1,6,4,0.25,0.16666666666666666,1,6,3,0.3333333333333333,0.16666666666666666,1,6,3,0.3333333333333333,0.16666666666666666,0,6,1,0.0,0.0,3,7,17,0.17647058823529413,0.42857142857142855,1,7,11,0.09090909090909091,0.14285714285714285,0,7,6,0.0,0.0,0,7,2,0.0,0.0,True,EQUAL_WEIGHT_PP_SUM_NOT_YEN_NOT_CAPITAL,
C0103,RISK_QUINTILE_FULL_12BAND,D-FULL,q3,ALL,Q4,SESSION,2025-08-13,2,2,0,1.0,0,2,0,0,0,0,0,0,0,1,0,0,0,1,0,0,0,0,1,0,1,0,1,0,1,0,0,,5.251934724871423,0,1,0.0,0.0,0.07692307692307693,0.0,1,3,0.5,0.3333333333333333,0.23076923076923078,4.333333333333333,1,4,0.5,0.25,0.3076923076923077,3.25,2,16,1.0,0.125,1.2307692307692308,1.625,0,2,2,0.0,0.0,0,2,1,0.0,0.0,0,2,1,0.0,0.0,0,2,1,0.0,0.0,1,2,12,0.08333333333333333,0.5,1,2,9,0.1111111111111111,0.5,0,2,4,0.0,0.0,0,2,0,,0.0,True,EQUAL_WEIGHT_PP_SUM_NOT_YEN_NOT_CAPITAL,SINGLE_POSITIVE_R_MASS_PRIVATE
C0103,RISK_QUINTILE_FULL_12BAND,D-FULL,q3,ALL,Q4,SESSION,2025-08-14,5,5,0,1.0,1,4,0,0,1,0,0,0,0,1,1,2,0,0,0,0,0,1,3,1,2,1,0,1,0,0,0,,6.810280760064705,0,1,0.0,0.0,0.17857142857142858,0.0,0,2,0.0,0.0,0.35714285714285715,0.0,2,6,0.4,0.3333333333333333,1.0714285714285714,1.8666666666666667,4,15,0.8,0.26666666666666666,2.6785714285714284,1.4933333333333334,1,5,8,0.125,0.2,1,5,8,0.125,0.2,1,5,6,0.16666666666666666,0.2,0,5,3,0.0,0.0,2,5,14,0.14285714285714285,0.4,1,5,11,0.09090909090909091,0.2,1,5,7,0.14285714285714285,0.2,0,5,3,0.0,0.0,True,EQUAL_WEIGHT_PP_SUM_NOT_YEN_NOT_CAPITAL,SINGLE_POSITIVE_R_MASS_PRIVATE
C0103,RISK_QUINTILE_FULL_12BAND,D-FULL,q3,ALL,Q4,SESSION,2025-08-15,5,5,0,1.0,0,5,0,0,0,0,0,0,0,2,2,1,0,0,0,0,0,0,3,0,1,0,0,0,0,0,0,,5.64778996044213,0,0,0.0,,0.0,,0,2,0.0,0.0,0.3448275862068966,0.0,1,3,0.2,0.3333333333333333,0.5172413793103449,1.9333333333333333,5,14,1.0,0.35714285714285715,2.413793103448276,2.0714285714285716,0,5,3,0.0,0.0,0,5,3,0.0,0.0,0,5,1,0.0,0.0,0,5,1,0.0,0.0,1,5,12,0.08333333333333333,0.2,0,5,7,0.0,0.0,0,5,3,0.0,0.0,0,5,1,0.0,0.0,True,EQUAL_WEIGHT_PP_SUM_NOT_YEN_NOT_CAPITAL,SINGLE_POSITIVE_R_MASS_PRIVATE
C0103,RISK_QUINTILE_FULL_12BAND,D-FULL,q3,ALL,Q4,SESSION,2025-08-18,7,7,0,1.0,2,5,0,0,0,0,0,1,1,5,0,0,0,0,0,0,0,1,0,0,0,0,0,0,0,0,0,2.0592271062279903,2.2820693343007066,0,0,0.0,,0.0,,0,1,0.0,0.0,0.25925925925925924,0.0,0,2,0.0,0.0,0.5185185185185185,0.0,5,16,0.7142857142857143,0.3125,4.148148148148148,1.2053571428571428,0,7,6,0.0,0.0,0,7,6,0.0,0.0,0,7,3,0.0,0.0,0,7,3,0.0,0.0,0,7,12,0.0,0.0,0,7,10,0.0,0.0,0,7,6,0.0,0.0,0,7,3,0.0,0.0,True,EQUAL_WEIGHT_PP_SUM_NOT_YEN_NOT_CAPITAL,
C0103,RISK_QUINTILE_FULL_12BAND,D-FULL,q3,ALL,Q4,SESSION,2025-08-19,6,6,0,1.0,3,3,0,0,0,0,0,3,0,2,1,0,0,0,0,0,0,3,1,0,0,0,0,0,0,0,0,4.777890321520547,2.3596382679094625,0,0,0.0,,0.0,,0,0,0.0,,0.0,,0,2,0.0,0.0,0.3870967741935484,0.0,3,15,0.5,0.2,2.903225806451613,1.0333333333333334,0,6,7,0.0,0.0,0,6,4,0.0,0.0,0,6,3,0.0,0.0,0,6,2,0.0,0.0,2,6,16,0.125,0.3333333333333333,2,6,10,0.2,0.3333333333333333,0,6,8,0.0,0.0,0,6,3,0.0,0.0,True,EQUAL_WEIGHT_PP_SUM_NOT_YEN_NOT_CAPITAL,
C0103,RISK_QUINTILE_FULL_12BAND,D-FULL,q3,ALL,Q4,SESSION,2025-08-20,6,6,0,1.0,1,5,0,0,0,0,0,0,1,4,0,1,0,0,0,0,0,0,1,0,1,0,0,0,0,0,0,,5.601534358362796,0,0,0.0,,0.0,,0,2,0.0,0.0,0.48,0.0,1,3,0.16666666666666666,0.3333333333333333,0.72,1.3888888888888888,5,13,0.8333333333333334,0.38461538461538464,3.12,1.6025641025641026,0,6,4,0.0,0.0,0,6,4,0.0,0.0,0,6,2,0.0,0.0,0,6,0,,0.0,1,6,12,0.08333333333333333,0.16666666666666666,1,6,12,0.08333333333333333,0.16666666666666666,1,6,8,0.125,0.16666666666666666,1,6,1,1.0,0.16666666666666666,True,EQUAL_WEIGHT_PP_SUM_NOT_YEN_NOT_CAPITAL,SINGLE_POSITIVE_R_MASS_PRIVATE
C0103,RISK_QUINTILE_FULL_12BAND,D-FULL,q3,ALL,Q4,SESSION,2025-08-21,6,6,0,1.0,3,3,0,0,0,0,2,1,0,2,0,1,0,0,0,0,0,3,1,2,1,0,0,0,0,0,0,5.6959713326309025,3.11760490028968,0,0,0.0,,0.0,,0,3,0.0,0.0,0.6206896551724138,0.0,1,7,0.16666666666666666,0.14285714285714285,1.4482758620689655,0.6904761904761905,3,15,0.5,0.2,3.103448275862069,0.9666666666666667,2,6,2,1.0,0.3333333333333333,0,6,0,,0.0,0,6,0,,0.0,0,6,0,,0.0,4,6,11,0.36363636363636365,0.6666666666666666,3,6,6,0.5,0.5,1,6,1,1.0,0.16666666666666666,0,6,0,,0.0,True,EQUAL_WEIGHT_PP_SUM_NOT_YEN_NOT_CAPITAL,
C0103,RISK_QUINTILE_FULL_12BAND,D-FULL,q3,ALL,Q4,SESSION,2025-08-22,5,5,0,1.0,3,2,0,1,0,1,0,0,1,2,0,0,0,0,0,0,0,2,0,2,0,2,0,1,0,1,0,16.57688688081471,0.19990004997501248,0,2,0.0,0.0,0.4166666666666667,0.0,0,7,0.0,0.0,1.4583333333333333,0.0,0,10,0.0,0.0,2.0833333333333335,0.0,2,20,0.4,0.1,4.166666666666667,0.48,2,5,3,0.6666666666666666,0.4,2,5,3,0.6666666666666666,0.4,1,5,2,0.5,0.2,1,5,2,0.5,0.2,3,5,10,0.3,0.6,3,5,7,0.42857142857142855,0.6,2,5,4,0.5,0.4,1,5,1,1.0,0.2,True,EQUAL_WEIGHT_PP_SUM_NOT_YEN_NOT_CAPITAL,
C0103,RISK_QUINTILE_FULL_12BAND,D-FULL,q3,ALL,Q4,SESSION,2025-08-25,5,5,0,1.0,4,1,0,0,0,0,0,1,3,0,1,0,0,0,0,0,0,1,1,0,0,0,0,0,0,0,0,3.063356220526974,,0,1,0.0,0.0,0.20833333333333334,0.0,0,2,0.0,0.0,0.4166666666666667,0.0,0,2,0.0,0.0,0.4166666666666667,0.0,1,10,0.2,0.1,2.0833333333333335,0.48,0,5,6,0.0,0.0,0,5,5,0.0,0.0,0,5,3,0.0,0.0,0,5,3,0.0,0.0,2,5,15,0.13333333333333333,0.4,2,5,14,0.14285714285714285,0.4,0,5,9,0.0,0.0,0,5,6,0.0,0.0,True,EQUAL_WEIGHT_PP_SUM_NOT_YEN_NOT_CAPITAL,SINGLE_NEGATIVE_R_MASS_PRIVATE
C0103,RISK_QUINTILE_FULL_12BAND,D-FULL,q3,ALL,Q4,RANK,S,8,8,0,1.0,1,7,0,0,1,0,0,0,0,3,2,1,0,1,0,0,0,1,4,1,2,1,1,1,1,0,0,,11.425368491135846,0,0,0.0,,0.0,,1,3,0.125,0.3333333333333333,0.6923076923076923,1.4444444444444444,2,10,0.25,0.2,1.728846153846154,1.156840934371524,7,33,0.875,0.21212121212121213,6.213461538461538,1.1265861962240793,1,8,7,0.14285714285714285,0.125,1,8,5,0.2,0.125,1,8,4,0.25,0.125,0,8,3,0.0,0.0,5,8,25,0.2,0.625,5,8,22,0.22727272727272727,0.625,2,8,12,0.16666666666666666,0.25,1,8,6,0.16666666666666666,0.125,True,EQUAL_WEIGHT_PP_SUM_NOT_YEN_NOT_CAPITAL,SINGLE_POSITIVE_R_MASS_PRIVATE
C0103,RISK_QUINTILE_FULL_12BAND,D-FULL,q3,ALL,Q4,RANK,A,24,24,0,1.0,9,15,0,3,0,0,1,3,2,10,4,0,0,0,1,0,0,7,5,4,1,3,1,3,1,3,1,29.942022191121225,16.676626098977682,1,2,0.041666666666666664,0.5,0.4111111111111111,2.4324324324324325,1,11,0.041666666666666664,0.09090909090909091,1.7753968253968253,0.5632543585158695,1,21,0.041666666666666664,0.047619047619047616,3.219047619047619,0.3106508875739645,15,93,0.625,0.16129032258064516,14.236507936507936,1.05362916713123,4,24,28,0.14285714285714285,0.16666666666666666,3,24,23,0.13043478260869565,0.125,3,24,19,0.15789473684210525,0.125,3,24,16,0.1875,0.125,12,24,86,0.13953488372093023,0.5,7,24,69,0.10144927536231885,0.2916666666666667,6,24,47,0.1276595744680851,0.25,3,24,23,0.13043478260869565,0.125,False,EQUAL_WEIGHT_PP_SUM_NOT_YEN_NOT_CAPITAL,
C0103,RISK_QUINTILE_FULL_12BAND,D-FULL,q3,ALL,Q4,RANK,B,54,54,0,1.0,19,35,0,1,0,1,1,6,10,11,13,8,1,1,1,0,0,9,24,3,11,2,3,1,2,1,1,24.535947329857294,57.21527913309084,1,12,0.018518518518518517,0.08333333333333333,2.147414923228877,0.46567619009389627,3,28,0.05555555555555555,0.10714285714285714,5.073534539522911,0.591303750202143,11,55,0.2037037037037037,0.2,10.210633344761252,1.0773082950475101,35,168,0.6481481481481481,0.20833333333333334,30.899540842564097,1.1327029155005282,3,54,36,0.08333333333333333,0.05555555555555555,2,54,25,0.08,0.037037037037037035,1,54,14,0.07142857142857142,0.018518518518518517,1,54,11,0.09090909090909091,0.018518518518518517,21,54,147,0.14285714285714285,0.3888888888888889,12,54,95,0.12631578947368421,0.2222222222222222,6,54,54,0.1111111111111111,0.1111111111111111,3,54,18,0.16666666666666666,0.05555555555555555,False,EQUAL_WEIGHT_PP_SUM_NOT_YEN_NOT_CAPITAL,
C0103,RISK_QUINTILE_FULL_12BAND,D-FULL,q3,ALL,Q4,RANK,C,121,119,2,0.9834710743801653,48,71,0,2,3,1,6,16,20,45,14,9,1,1,1,0,2,28,26,12,12,6,3,5,2,2,1,98.47135961876495,76.35757579183687,1,9,0.008403361344537815,0.1111111111111111,1.9721890016727706,0.5070507943974033,3,31,0.025210084033613446,0.0967741935483871,7.08324878271026,0.4235344673086735,12,58,0.10084033613445378,0.20689655172413793,13.095044461205628,0.9163771864654815,71,293,0.5966386554621849,0.24232081911262798,66.55848611915022,1.0667309931433653,12,119,66,0.18181818181818182,0.10084033613445378,6,119,46,0.13043478260869565,0.05042016806722689,5,119,28,0.17857142857142858,0.04201680672268908,2,119,18,0.1111111111111111,0.01680672268907563,30,121,174,0.1724137931034483,0.24793388429752067,19,121,111,0.17117117117117117,0.15702479338842976,8,121,57,0.14035087719298245,0.06611570247933884,2,121,20,0.1,0.01652892561983471,False,EQUAL_WEIGHT_PP_SUM_NOT_YEN_NOT_CAPITAL,
C0103,RISK_QUINTILE_FULL_12BAND,D-FULL,q3,ALL,Q4,EXECUTION_ELIGIBLE,TRUE,207,205,2,0.9903381642512077,77,128,0,6,4,2,8,25,32,69,33,18,2,3,3,0,2,45,59,20,26,12,8,10,6,6,3,157.15541575160995,161.67484951504125,3,23,0.014634146341463415,0.13043478260869565,4.6181447184466435,0.6496115178064575,8,73,0.03902439024390244,0.1095890410958904,14.77240768232565,0.5415501773330794,26,144,0.12682926829268293,0.18055555555555555,29.081795383606938,0.8940300850426824,128,587,0.624390243902439,0.21805792163543442,118.42134456064615,1.0808862243110946,20,205,137,0.145985401459854,0.0975609756097561,12,205,99,0.12121212121212122,0.05853658536585366,10,205,65,0.15384615384615385,0.04878048780487805,6,205,48,0.125,0.02926829268292683,68,207,432,0.1574074074074074,0.3285024154589372,43,207,297,0.1447811447811448,0.20772946859903382,22,207,170,0.12941176470588237,0.10628019323671498,9,207,67,0.13432835820895522,0.043478260869565216,False,EQUAL_WEIGHT_PP_SUM_NOT_YEN_NOT_CAPITAL,
C0103,RISK_QUINTILE_FULL_12BAND,D-FULL,q3,ALL,Q4,R0_PASS,SAB,86,86,0,1.0,29,57,0,4,1,1,2,9,12,24,19,9,1,2,2,0,0,17,33,8,14,6,5,5,4,4,2,58.684056132845,85.31727372320437,2,14,0.023255813953488372,0.14285714285714285,2.6586767150975237,0.7522539271671612,5,42,0.05813953488372093,0.11904761904761904,7.671319116431766,0.6517783870169251,14,86,0.16279069767441862,0.16279069767441862,15.51226177191962,0.9025118455222871,57,294,0.6627906976744186,0.19387755102040816,51.88856873898145,1.0985078483611859,8,86,71,0.11267605633802817,0.09302325581395349,6,86,53,0.11320754716981132,0.06976744186046512,5,86,37,0.13513513513513514,0.05813953488372093,4,86,30,0.13333333333333333,0.046511627906976744,38,86,258,0.14728682170542637,0.4418604651162791,24,86,186,0.12903225806451613,0.27906976744186046,14,86,113,0.12389380530973451,0.16279069767441862,7,86,47,0.14893617021276595,0.08139534883720931,False,EQUAL_WEIGHT_PP_SUM_NOT_YEN_NOT_CAPITAL,
C0103,RISK_QUINTILE_FULL_12BAND,D-FULL,q3,ALL,Q4,E0_FUNDED,SAVED,33,33,0,1.0,12,21,0,2,1,0,0,4,5,10,9,1,0,0,1,0,0,7,11,3,2,3,1,3,1,2,1,22.988955978309995,26.591099304322952,1,2,0.030303030303030304,0.5,0.354978354978355,2.817073170731707,1,16,0.030303030303030304,0.0625,2.2476184404655655,0.44491537442309953,2,31,0.06060606060606061,0.06451612903225806,4.656007412669404,0.42955258072781943,21,126,0.6363636363636364,0.16666666666666666,20.542387408446313,1.022276504792502,3,33,36,0.08333333333333333,0.09090909090909091,3,33,28,0.10714285714285714,0.09090909090909091,3,33,23,0.13043478260869565,0.09090909090909091,2,33,19,0.10526315789473684,0.06060606060606061,18,33,115,0.1565217391304348,0.5454545454545454,13,33,96,0.13541666666666666,0.3939393939393939,7,33,59,0.11864406779661017,0.21212121212121213,3,33,30,0.1,0.09090909090909091,False,EQUAL_WEIGHT_PP_SUM_NOT_YEN_NOT_CAPITAL,
C0104,RISK_QUINTILE_FULL_12BAND,D-FULL,q3,ALL,Q5,ALL,ALL,204,191,13,0.9362745098039216,94,97,0,6,1,4,5,25,53,54,28,9,2,1,3,0,13,41,43,16,15,11,6,7,4,6,3,162.4132360279657,114.52933996390668,3,23,0.015706806282722512,0.13043478260869565,4.398078906396099,0.6821160019746618,6,73,0.031413612565445025,0.0821917808219178,13.922406157133285,0.430959988688869,15,144,0.07853403141361257,0.10416666666666667,27.329732179635336,0.5488527989007226,97,587,0.5078534031413613,0.16524701873935263,110.731371556551,0.8759938456145797,16,191,137,0.11678832116788321,0.08376963350785341,11,191,99,0.1111111111111111,0.05759162303664921,7,191,65,0.1076923076923077,0.03664921465968586,6,191,48,0.125,0.031413612565445025,52,204,432,0.12037037037037036,0.2549019607843137,29,204,297,0.09764309764309764,0.14215686274509803,15,204,170,0.08823529411764706,0.07352941176470588,5,204,67,0.07462686567164178,0.024509803921568627,False,EQUAL_WEIGHT_PP_SUM_NOT_YEN_NOT_CAPITAL,
C0104,RISK_QUINTILE_FULL_12BAND,D-FULL,q3,ALL,Q5,BLOCK,1,26,25,1,0.9615384615384616,7,18,0,0,0,0,0,2,5,8,7,3,0,0,0,0,1,2,10,0,3,0,0,0,0,0,0,5.165641946979128,17.22226180515581,0,3,0.0,0.0,0.5769230769230769,0.0,0,12,0.0,0.0,2.3076923076923075,0.0,3,22,0.12,0.13636363636363635,4.230769230769231,0.7090909090909091,18,84,0.72,0.21428571428571427,16.153846153846153,1.1142857142857143,0,25,17,0.0,0.0,0,25,13,0.0,0.0,0,25,6,0.0,0.0,0,25,5,0.0,0.0,4,26,54,0.07407407407407407,0.15384615384615385,1,26,35,0.02857142857142857,0.038461538461538464,1,26,22,0.045454545454545456,0.038461538461538464,0,26,9,0.0,0.0,False,EQUAL_WEIGHT_PP_SUM_NOT_YEN_NOT_CAPITAL,
C0104,RISK_QUINTILE_FULL_12BAND,D-FULL,q3,ALL,Q5,BLOCK,2,27,22,5,0.8148148148148148,17,5,0,3,0,1,1,5,7,3,1,0,1,0,0,0,5,10,2,5,1,4,1,3,0,3,0,39.68876574868482,6.631115389558556,0,2,0.0,0.0,0.33587786259541985,0.0,1,5,0.045454545454545456,0.2,0.8396946564885496,1.190909090909091,1,12,0.045454545454545456,0.08333333333333333,2.015267175572519,0.4962121212121212,5,69,0.22727272727272727,0.07246376811594203,11.587786259541986,0.43148880105401843,5,22,17,0.29411764705882354,0.22727272727272727,4,22,10,0.4,0.18181818181818182,3,22,8,0.375,0.13636363636363635,3,22,5,0.6,0.13636363636363635,11,27,55,0.2,0.4074074074074074,8,27,37,0.21621621621621623,0.2962962962962963,6,27,20,0.3,0.2222222222222222,2,27,7,0.2857142857142857,0.07407407407407407,False,EQUAL_WEIGHT_PP_SUM_NOT_YEN_NOT_CAPITAL,
C0104,RISK_QUINTILE_FULL_12BAND,D-FULL,q3,ALL,Q5,BLOCK,3,27,26,1,0.9629629629629629,13,13,0,0,0,0,1,4,8,9,3,1,0,0,0,0,1,5,4,1,1,0,0,0,0,0,0,13.429954573066999,11.570081068831893,0,3,0.0,0.0,0.582089552238806,0.0,0,5,0.0,0.0,0.9701492537313433,0.0,1,18,0.038461538461538464,0.05555555555555555,3.4925373134328357,0.2863247863247863,13,77,0.5,0.16883116883116883,14.940298507462687,0.8701298701298701,1,26,17,0.058823529411764705,0.038461538461538464,0,26,9,0.0,0.0,0,26,9,0.0,0.0,0,26,7,0.0,0.0,8,27,56,0.14285714285714285,0.2962962962962963,4,27,38,0.10526315789473684,0.14814814814814814,2,27,25,0.08,0.07407407407407407,1,27,8,0.125,0.037037037037037035,False,EQUAL_WEIGHT_PP_SUM_NOT_YEN_NOT_CAPITAL,
C0104,RISK_QUINTILE_FULL_12BAND,D-FULL,q3,ALL,Q5,BLOCK,4,26,26,0,1.0,11,15,0,1,0,0,2,4,4,8,7,0,0,0,0,0,0,7,7,3,0,1,0,1,0,1,0,17.986576207197228,11.482404689683746,0,2,0.0,0.0,0.4,0.0,0,11,0.0,0.0,2.2,0.0,0,18,0.0,0.0,3.6,0.0,15,82,0.5769230769230769,0.18292682926829268,16.4,0.9146341463414634,3,26,19,0.15789473684210525,0.11538461538461539,1,26,13,0.07692307692307693,0.038461538461538464,1,26,9,0.1111111111111111,0.038461538461538464,1,26,8,0.125,0.038461538461538464,8,26,56,0.14285714285714285,0.3076923076923077,5,26,37,0.13513513513513514,0.19230769230769232,3,26,18,0.16666666666666666,0.11538461538461539,0,26,11,0.0,0.0,False,EQUAL_WEIGHT_PP_SUM_NOT_YEN_NOT_CAPITAL,
C0104,RISK_QUINTILE_FULL_12BAND,D-FULL,q3,ALL,Q5,BLOCK,5,26,25,1,0.9615384615384616,12,13,0,1,0,1,1,3,6,9,2,1,0,0,1,0,1,6,4,3,2,2,1,1,1,1,1,32.10604910992353,14.325637844287312,1,3,0.04,0.3333333333333333,0.5725190839694656,1.7466666666666666,1,9,0.04,0.1111111111111111,1.717557251908397,0.5822222222222222,2,18,0.08,0.1111111111111111,3.435114503816794,0.5822222222222222,13,75,0.52,0.17333333333333334,14.312977099236642,0.9082666666666667,3,25,12,0.25,0.12,2,25,9,0.2222222222222222,0.08,1,25,3,0.3333333333333333,0.04,1,25,2,0.5,0.04,6,26,47,0.1276595744680851,0.23076923076923078,2,26,32,0.0625,0.07692307692307693,1,26,19,0.05263157894736842,0.038461538461538464,1,26,8,0.125,0.038461538461538464,False,EQUAL_WEIGHT_PP_SUM_NOT_YEN_NOT_CAPITAL,
C0104,RISK_QUINTILE_FULL_12BAND,D-FULL,q3,ALL,Q5,BLOCK,6,29,28,1,0.9655172413793104,13,15,0,0,1,1,0,0,11,8,2,4,0,0,1,0,1,2,7,2,5,2,1,1,1,0,1,12.661115757108046,26.014959648250795,1,6,0.03571428571428571,0.16666666666666666,1.1748251748251748,0.8511904761904762,1,12,0.03571428571428571,0.08333333333333333,2.3496503496503496,0.4255952380952381,5,21,0.17857142857142858,0.23809523809523808,4.111888111888112,1.215986394557823,15,82,0.5357142857142857,0.18292682926829268,16.055944055944057,0.9342334494773519,2,28,16,0.125,0.07142857142857142,2,28,12,0.16666666666666666,0.07142857142857142,1,28,10,0.1,0.03571428571428571,0,28,7,0.0,0.0,7,29,62,0.11290322580645161,0.2413793103448276,4,29,41,0.0975609756097561,0.13793103448275862,1,29,20,0.05,0.034482758620689655,0,29,6,0.0,0.0,False,EQUAL_WEIGHT_PP_SUM_NOT_YEN_NOT_CAPITAL,
C0104,RISK_QUINTILE_FULL_12BAND,D-FULL,q3,ALL,Q5,BLOCK,7,28,24,4,0.8571428571428571,14,10,0,0,0,0,0,6,8,5,3,0,1,0,1,0,4,6,5,0,2,0,2,0,1,0,1,12.477491218793052,16.426324569958386,1,1,0.041666666666666664,1.0,0.17142857142857143,5.833333333333333,2,7,0.08333333333333333,0.2857142857142857,1.2,1.6666666666666667,2,16,0.08333333333333333,0.125,2.742857142857143,0.7291666666666666,10,73,0.4166666666666667,0.136986301369863,12.514285714285714,0.7990867579908676,0,24,28,0.0,0.0,0,24,25,0.0,0.0,0,24,15,0.0,0.0,0,24,9,0.0,0.0,4,28,66,0.06060606060606061,0.14285714285714285,1,28,50,0.02,0.03571428571428571,0,28,32,0.0,0.0,0,28,11,0.0,0.0,False,EQUAL_WEIGHT_PP_SUM_NOT_YEN_NOT_CAPITAL,
C0104,RISK_QUINTILE_FULL_12BAND,D-FULL,q3,ALL,Q5,BLOCK,8,15,15,0,1.0,7,8,0,1,0,1,0,1,4,4,3,0,0,1,0,0,0,3,4,2,1,2,1,1,1,1,0,28.897641466212878,10.85655494818018,0,3,0.0,0.0,0.5844155844155844,0.0,1,12,0.06666666666666667,0.08333333333333333,2.3376623376623376,0.42777777777777776,1,19,0.06666666666666667,0.05263157894736842,3.7012987012987013,0.27017543859649124,8,45,0.5333333333333333,0.17777777777777778,8.766233766233766,0.9125925925925926,2,15,11,0.18181818181818182,0.13333333333333333,2,15,8,0.25,0.13333333333333333,1,15,5,0.2,0.06666666666666667,1,15,5,0.2,0.06666666666666667,4,15,36,0.1111111111111111,0.26666666666666666,4,15,27,0.14814814814814814,0.26666666666666666,1,15,14,0.07142857142857142,0.06666666666666667,1,15,7,0.14285714285714285,0.06666666666666667,False,EQUAL_WEIGHT_PP_SUM_NOT_YEN_NOT_CAPITAL,
C0104,RISK_QUINTILE_FULL_12BAND,D-FULL,q3,ALL,Q5,SESSION,2025-06-27,6,6,0,1.0,3,3,0,0,0,0,0,1,2,1,1,1,0,0,0,0,0,1,2,0,1,0,0,0,0,0,0,2.8335656040165933,4.049555113559708,0,0,0.0,,0.0,,0,3,0.0,0.0,0.6923076923076923,0.0,1,4,0.16666666666666666,0.25,0.9230769230769231,1.0833333333333333,3,14,0.5,0.21428571428571427,3.230769230769231,0.9285714285714286,0,6,5,0.0,0.0,0,6,4,0.0,0.0,0,6,2,0.0,0.0,0,6,2,0.0,0.0,2,6,13,0.15384615384615385,0.3333333333333333,1,6,10,0.1,0.16666666666666666,1,6,5,0.2,0.16666666666666666,0,6,2,0.0,0.0,True,EQUAL_WEIGHT_PP_SUM_NOT_YEN_NOT_CAPITAL,
C0104,RISK_QUINTILE_FULL_12BAND,D-FULL,q3,ALL,Q5,SESSION,2025-06-30,9,8,1,0.8888888888888888,0,8,0,0,0,0,0,0,0,1,5,2,0,0,0,0,1,0,7,0,2,0,0,0,0,0,0,,10.96286928136243,0,0,0.0,,0.0,,0,2,0.0,0.0,0.5714285714285714,0.0,2,8,0.25,0.25,2.2857142857142856,0.875,8,23,1.0,0.34782608695652173,6.571428571428571,1.2173913043478262,0,8,4,0.0,0.0,0,8,3,0.0,0.0,0,8,1,0.0,0.0,0,8,1,0.0,0.0,1,9,9,0.1111111111111111,0.1111111111111111,0,9,6,0.0,0.0,0,9,5,0.0,0.0,0,9,1,0.0,0.0,True,EQUAL_WEIGHT_PP_SUM_NOT_YEN_NOT_CAPITAL,SINGLE_POSITIVE_R_MASS_PRIVATE
C0104,RISK_QUINTILE_FULL_12BAND,D-FULL,q3,ALL,Q5,SESSION,2025-07-01,3,3,0,1.0,2,1,0,0,0,0,0,0,2,1,0,0,0,0,0,0,0,0,0,0,0,0,0,0,0,0,0,0.4856248990982826,,0,1,0.0,0.0,0.14285714285714285,0.0,0,3,0.0,0.0,0.42857142857142855,0.0,0,5,0.0,0.0,0.7142857142857143,0.0,1,13,0.3333333333333333,0.07692307692307693,1.8571428571428572,0.5384615384615384,0,3,2,0.0,0.0,0,3,2,0.0,0.0,0,3,2,0.0,0.0,0,3,2,0.0,0.0,0,3,11,0.0,0.0,0,3,6,0.0,0.0,0,3,4,0.0,0.0,0,3,3,0.0,0.0,True,EQUAL_WEIGHT_PP_SUM_NOT_YEN_NOT_CAPITAL,SINGLE_NEGATIVE_R_MASS_PRIVATE
C0104,RISK_QUINTILE_FULL_12BAND,D-FULL,q3,ALL,Q5,SESSION,2025-07-02,3,3,0,1.0,0,3,0,0,0,0,0,0,0,3,0,0,0,0,0,0,0,0,0,0,0,0,0,0,0,0,0,,0.29985007496251875,0,1,0.0,0.0,0.10714285714285714,0.0,0,2,0.0,0.0,0.21428571428571427,0.0,0,3,0.0,0.0,0.32142857142857145,0.0,3,18,1.0,0.16666666666666666,1.9285714285714286,1.5555555555555556,0,3,1,0.0,0.0,0,3,1,0.0,0.0,0,3,1,0.0,0.0,0,3,0,,0.0,1,3,12,0.08333333333333333,0.3333333333333333,0,3,7,0.0,0.0,0,3,4,0.0,0.0,0,3,2,0.0,0.0,True,EQUAL_WEIGHT_PP_SUM_NOT_YEN_NOT_CAPITAL,SINGLE_POSITIVE_R_MASS_PRIVATE
C0104,RISK_QUINTILE_FULL_12BAND,D-FULL,q3,ALL,Q5,SESSION,2025-07-03,5,5,0,1.0,2,3,0,0,0,0,0,1,1,2,1,0,0,0,0,0,0,1,1,0,0,0,0,0,0,0,0,1.8464514438642516,1.8764160810311648,0,1,0.0,0.0,0.18518518518518517,0.0,0,2,0.0,0.0,0.37037037037037035,0.0,0,2,0.0,0.0,0.37037037037037035,0.0,3,16,0.6,0.1875,2.962962962962963,1.0125,0,5,5,0.0,0.0,0,5,3,0.0,0.0,0,5,0,,0.0,0,5,0,,0.0,0,5,9,0.0,0.0,0,5,6,0.0,0.0,0,5,4,0.0,0.0,0,5,1,0.0,0.0,True,EQUAL_WEIGHT_PP_SUM_NOT_YEN_NOT_CAPITAL,
C0104,RISK_QUINTILE_FULL_12BAND,D-FULL,q3,ALL,Q5,SESSION,2025-07-04,3,3,0,1.0,2,1,0,0,0,0,0,1,1,1,0,0,0,0,0,0,0,1,0,0,0,0,0,0,0,0,0,1.231767108083401,,0,1,0.0,0.0,0.1111111111111111,0.0,0,1,0.0,0.0,0.1111111111111111,0.0,0,3,0.0,0.0,0.3333333333333333,0.0,1,16,0.3333333333333333,0.0625,1.7777777777777777,0.5625,0,3,3,0.0,0.0,0,3,2,0.0,0.0,0,3,2,0.0,0.0,0,3,1,0.0,0.0,1,3,12,0.08333333333333333,0.3333333333333333,1,3,10,0.1,0.3333333333333333,1,3,6,0.16666666666666666,0.3333333333333333,0,3,2,0.0,0.0,True,EQUAL_WEIGHT_PP_SUM_NOT_YEN_NOT_CAPITAL,SINGLE_NEGATIVE_R_MASS_PRIVATE
C0104,RISK_QUINTILE_FULL_12BAND,D-FULL,q3,ALL,Q5,SESSION,2025-07-07,6,5,1,0.8333333333333334,3,2,0,1,0,0,0,1,1,1,1,0,0,0,0,0,1,2,1,1,0,1,0,1,0,1,0,7.863291003080266,1.743685162913049,0,0,0.0,,0.0,,0,2,0.0,0.0,0.38461538461538464,0.0,0,2,0.0,0.0,0.38461538461538464,0.0,2,14,0.4,0.14285714285714285,2.6923076923076925,0.7428571428571429,1,5,1,1.0,0.2,1,5,1,1.0,0.2,1,5,1,1.0,0.2,1,5,1,1.0,0.2,2,6,9,0.2222222222222222,0.3333333333333333,1,6,4,0.25,0.16666666666666666,1,6,3,0.3333333333333333,0.16666666666666666,1,6,2,0.5,0.16666666666666666,True,EQUAL_WEIGHT_PP_SUM_NOT_YEN_NOT_CAPITAL,
C0104,RISK_QUINTILE_FULL_12BAND,D-FULL,q3,ALL,Q5,SESSION,2025-07-08,5,3,2,0.6,2,1,0,0,0,0,0,2,0,1,0,0,0,0,0,0,2,2,0,0,0,0,0,0,0,0,0,3.182064794979268,,0,1,0.0,0.0,0.11538461538461539,0.0,0,1,0.0,0.0,0.11538461538461539,0.0,0,5,0.0,0.0,0.5769230769230769,0.0,1,16,0.3333333333333333,0.0625,1.8461538461538463,0.5416666666666666,0,3,3,0.0,0.0,0,3,1,0.0,0.0,0,3,1,0.0,0.0,0,3,1,0.0,0.0,2,5,9,0.2222222222222222,0.4,1,5,6,0.16666666666666666,0.2,1,5,3,0.3333333333333333,0.2,0,5,2,0.0,0.0,True,EQUAL_WEIGHT_PP_SUM_NOT_YEN_NOT_CAPITAL,SINGLE_NEGATIVE_R_MASS_PRIVATE
C0104,RISK_QUINTILE_FULL_12BAND,D-FULL,q3,ALL,Q5,SESSION,2025-07-09,7,6,1,0.8571428571428571,5,1,0,1,0,0,0,0,4,0,0,0,1,0,0,0,1,1,1,1,1,1,1,1,0,1,0,7.510239114097301,,0,0,0.0,,0.0,,1,1,0.16666666666666666,1.0,0.2727272727272727,3.6666666666666665,1,1,0.16666666666666666,1.0,0.2727272727272727,3.6666666666666665,1,6,0.16666666666666666,0.16666666666666666,1.6363636363636365,0.6111111111111112,1,6,3,0.3333333333333333,0.16666666666666666,1,6,2,0.5,0.16666666666666666,1,6,2,0.5,0.16666666666666666,1,6,1,1.0,0.16666666666666666,2,7,11,0.18181818181818182,0.2857142857142857,2,7,7,0.2857142857142857,0.2857142857142857,1,7,4,0.25,0.14285714285714285,0,7,0,,0.0,True,EQUAL_WEIGHT_PP_SUM_NOT_YEN_NOT_CAPITAL,SINGLE_NEGATIVE_R_MASS_PRIVATE
C0104,RISK_QUINTILE_FULL_12BAND,D-FULL,q3,ALL,Q5,SESSION,2025-07-10,6,5,1,0.8333333333333334,5,0,0,1,0,1,1,1,1,0,0,0,0,0,0,0,1,4,0,3,0,2,0,1,0,1,0,19.901403728444585,,0,0,0.0,,0.0,,0,0,0.0,,0.0,,0,1,0.0,0.0,0.16666666666666666,0.0,0,17,0.0,0.0,2.8333333333333335,0.0,3,5,7,0.42857142857142855,0.6,2,5,4,0.5,0.4,1,5,2,0.5,0.2,1,5,1,1.0,0.2,4,6,14,0.2857142857142857,0.6666666666666666,3,6,10,0.3,0.5,2,6,4,0.5,0.3333333333333333,1,6,1,1.0,0.16666666666666666,True,EQUAL_WEIGHT_PP_SUM_NOT_YEN_NOT_CAPITAL,SINGLE_NEGATIVE_R_MASS_PRIVATE
C0104,RISK_QUINTILE_FULL_12BAND,D-FULL,q3,ALL,Q5,SESSION,2025-07-15,2,2,0,1.0,1,1,0,0,0,0,0,0,1,0,1,0,0,0,0,0,0,0,1,0,0,0,0,0,0,0,0,,,0,0,0.0,,0.0,,0,1,0.0,0.0,0.07142857142857142,0.0,0,2,0.0,0.0,0.14285714285714285,0.0,1,16,0.5,0.0625,1.1428571428571428,0.875,0,2,5,0.0,0.0,0,2,2,0.0,0.0,0,2,2,0.0,0.0,0,2,2,0.0,0.0,0,2,13,0.0,0.0,0,2,10,0.0,0.0,0,2,6,0.0,0.0,0,2,3,0.0,0.0,True,EQUAL_WEIGHT_PP_SUM_NOT_YEN_NOT_CAPITAL,SINGLE_POSITIVE_R_MASS_PRIVATE;SINGLE_NEGATIVE_R_MASS_PRIVATE
C0104,RISK_QUINTILE_FULL_12BAND,D-FULL,q3,ALL,Q5,SESSION,2025-07-16,6,6,0,1.0,1,5,0,0,0,0,0,0,1,4,0,1,0,0,0,0,0,0,1,0,1,0,0,0,0,0,0,,4.242487178214841,0,1,0.0,0.0,0.21428571428571427,0.0,0,2,0.0,0.0,0.42857142857142855,0.0,1,5,0.16666666666666666,0.2,1.0714285714285714,0.9333333333333333,5,20,0.8333333333333334,0.25,4.285714285714286,1.1666666666666667,0,6,4,0.0,0.0,0,6,3,0.0,0.0,0,6,3,0.0,0.0,0,6,2,0.0,0.0,1,6,10,0.1,0.16666666666666666,1,6,7,0.14285714285714285,0.16666666666666666,1,6,5,0.2,0.16666666666666666,0,6,1,0.0,0.0,True,EQUAL_WEIGHT_PP_SUM_NOT_YEN_NOT_CAPITAL,SINGLE_POSITIVE_R_MASS_PRIVATE
C0104,RISK_QUINTILE_FULL_12BAND,D-FULL,q3,ALL,Q5,SESSION,2025-07-17,10,10,0,1.0,8,2,0,0,0,0,1,2,5,1,1,0,0,0,0,0,0,3,1,1,0,0,0,0,0,0,0,7.751758634350576,1.792989101439692,0,0,0.0,,0.0,,0,0,0.0,,0.0,,0,2,0.0,0.0,0.7692307692307693,0.0,2,11,0.2,0.18181818181818182,4.230769230769231,0.4727272727272727,1,10,2,0.5,0.1,0,10,1,0.0,0.0,0,10,1,0.0,0.0,0,10,1,0.0,0.0,4,10,9,0.4444444444444444,0.4,2,10,6,0.3333333333333333,0.2,1,10,4,0.25,0.1,1,10,2,0.5,0.1,False,EQUAL_WEIGHT_PP_SUM_NOT_YEN_NOT_CAPITAL,
C0104,RISK_QUINTILE_FULL_12BAND,D-FULL,q3,ALL,Q5,SESSION,2025-07-18,3,2,1,0.6666666666666666,1,1,0,0,0,0,0,0,1,1,0,0,0,0,0,0,1,0,0,0,0,0,0,0,0,0,0,,,0,1,0.0,0.0,0.08,0.0,0,1,0.0,0.0,0.08,0.0,0,3,0.0,0.0,0.24,0.0,1,14,0.5,0.07142857142857142,1.12,0.8928571428571429,0,2,4,0.0,0.0,0,2,2,0.0,0.0,0,2,2,0.0,0.0,0,2,2,0.0,0.0,1,3,13,0.07692307692307693,0.3333333333333333,1,3,11,0.09090909090909091,0.3333333333333333,0,3,7,0.0,0.0,0,3,2,0.0,0.0,True,EQUAL_WEIGHT_PP_SUM_NOT_YEN_NOT_CAPITAL,SINGLE_POSITIVE_R_MASS_PRIVATE;SINGLE_NEGATIVE_R_MASS_PRIVATE
C0104,RISK_QUINTILE_FULL_12BAND,D-FULL,q3,ALL,Q5,SESSION,2025-07-22,6,6,0,1.0,2,4,0,0,0,0,0,2,0,3,1,0,0,0,0,0,0,2,1,0,0,0,0,0,0,0,0,3.457407318334376,3.4221403275529765,0,1,0.0,0.0,0.2222222222222222,0.0,0,1,0.0,0.0,0.2222222222222222,0.0,0,6,0.0,0.0,1.3333333333333333,0.0,4,16,0.6666666666666666,0.25,3.5555555555555554,1.125,0,6,2,0.0,0.0,0,6,1,0.0,0.0,0,6,1,0.0,0.0,0,6,0,,0.0,2,6,11,0.18181818181818182,0.3333333333333333,0,6,4,0.0,0.0,0,6,3,0.0,0.0,0,6,0,,0.0,True,EQUAL_WEIGHT_PP_SUM_NOT_YEN_NOT_CAPITAL,
C0104,RISK_QUINTILE_FULL_12BAND,D-FULL,q3,ALL,Q5,SESSION,2025-07-23,3,3,0,1.0,2,1,0,0,0,0,1,0,1,0,1,0,0,0,0,0,0,1,1,1,0,0,0,0,0,0,0,2.6198388989635975,,0,0,0.0,,0.0,,0,6,0.0,0.0,0.75,0.0,0,6,0.0,0.0,0.75,0.0,1,13,0.3333333333333333,0.07692307692307693,1.625,0.6153846153846154,1,3,7,0.14285714285714285,0.3333333333333333,0,3,4,0.0,0.0,0,3,1,0.0,0.0,0,3,1,0.0,0.0,2,3,14,0.14285714285714285,0.6666666666666666,1,3,11,0.09090909090909091,0.3333333333333333,1,3,6,0.16666666666666666,0.3333333333333333,0,3,2,0.0,0.0,True,EQUAL_WEIGHT_PP_SUM_NOT_YEN_NOT_CAPITAL,SINGLE_NEGATIVE_R_MASS_PRIVATE
C0104,RISK_QUINTILE_FULL_12BAND,D-FULL,q3,ALL,Q5,SESSION,2025-07-24,5,5,0,1.0,1,4,0,0,0,0,0,1,0,2,2,0,0,0,0,0,0,1,2,0,0,0,0,0,0,0,0,,2.7794498729260493,0,0,0.0,,0.0,,0,1,0.0,0.0,0.16129032258064516,0.0,0,4,0.0,0.0,0.6451612903225806,0.0,4,23,0.8,0.17391304347826086,3.7096774193548385,1.0782608695652174,0,5,2,0.0,0.0,0,5,2,0.0,0.0,0,5,2,0.0,0.0,0,5,1,0.0,0.0,1,5,10,0.1,0.2,1,5,6,0.16666666666666666,0.2,1,5,3,0.3333333333333333,0.2,0,5,2,0.0,0.0,True,EQUAL_WEIGHT_PP_SUM_NOT_YEN_NOT_CAPITAL,SINGLE_POSITIVE_R_MASS_PRIVATE
C0104,RISK_QUINTILE_FULL_12BAND,D-FULL,q3,ALL,Q5,SESSION,2025-07-25,6,6,0,1.0,4,2,0,1,0,0,1,0,2,0,2,0,0,0,0,0,0,2,2,2,0,1,0,1,0,1,0,9.444560735992248,2.783201314341433,0,2,0.0,0.0,0.5217391304347826,0.0,0,3,0.0,0.0,0.782608695652174,0.0,0,4,0.0,0.0,1.0434782608695652,0.0,2,14,0.3333333333333333,0.14285714285714285,3.652173913043478,0.5476190476190477,2,6,4,0.5,0.3333333333333333,1,6,3,0.3333333333333333,0.16666666666666666,1,6,3,0.3333333333333333,0.16666666666666666,1,6,3,0.3333333333333333,0.16666666666666666,3,6,11,0.2727272727272727,0.5,2,6,5,0.4,0.3333333333333333,1,6,3,0.3333333333333333,0.16666666666666666,0,6,2,0.0,0.0,True,EQUAL_WEIGHT_PP_SUM_NOT_YEN_NOT_CAPITAL,
C0104,RISK_QUINTILE_FULL_12BAND,D-FULL,q3,ALL,Q5,SESSION,2025-07-28,9,9,0,1.0,2,7,0,0,0,0,0,1,1,5,2,0,0,0,0,0,0,1,2,0,0,0,0,0,0,0,0,1.722151180607786,4.275396611904009,0,0,0.0,,0.0,,0,1,0.0,0.0,0.34615384615384615,0.0,0,2,0.0,0.0,0.6923076923076923,0.0,7,14,0.7777777777777778,0.5,4.846153846153846,1.4444444444444444,0,9,5,0.0,0.0,0,9,4,0.0,0.0,0,9,3,0.0,0.0,0,9,3,0.0,0.0,1,9,9,0.1111111111111111,0.1111111111111111,0,9,6,0.0,0.0,0,9,3,0.0,0.0,0,9,3,0.0,0.0,True,EQUAL_WEIGHT_PP_SUM_NOT_YEN_NOT_CAPITAL,
C0104,RISK_QUINTILE_FULL_12BAND,D-FULL,q3,ALL,Q5,SESSION,2025-07-29,3,3,0,1.0,2,1,0,0,0,0,0,2,0,1,0,0,0,0,0,0,0,2,0,0,0,0,0,0,0,0,0,3.1634560767461015,,0,0,0.0,,0.0,,0,0,0.0,,0.0,,0,2,0.0,0.0,0.23076923076923078,0.0,1,18,0.3333333333333333,0.05555555555555555,2.076923076923077,0.48148148148148145,0,3,1,0.0,0.0,0,3,0,,0.0,0,3,0,,0.0,0,3,0,,0.0,1,3,12,0.08333333333333333,0.3333333333333333,1,3,9,0.1111111111111111,0.3333333333333333,0,3,3,0.0,0.0,0,3,2,0.0,0.0,True,EQUAL_WEIGHT_PP_SUM_NOT_YEN_NOT_CAPITAL,SINGLE_NEGATIVE_R_MASS_PRIVATE
C0104,RISK_QUINTILE_FULL_12BAND,D-FULL,q3,ALL,Q5,SESSION,2025-07-30,3,3,0,1.0,2,1,0,0,0,0,0,1,1,1,0,0,0,0,0,0,0,1,0,0,0,0,0,0,0,0,0,2.235142704970215,,0,0,0.0,,0.0,,0,2,0.0,0.0,0.2222222222222222,0.0,0,3,0.0,0.0,0.3333333333333333,0.0,1,15,0.3333333333333333,0.06666666666666667,1.6666666666666667,0.6,0,3,3,0.0,0.0,0,3,2,0.0,0.0,0,3,0,,0.0,0,3,0,,0.0,1,3,13,0.07692307692307693,0.3333333333333333,0,3,8,0.0,0.0,0,3,5,0.0,0.0,0,3,2,0.0,0.0,True,EQUAL_WEIGHT_PP_SUM_NOT_YEN_NOT_CAPITAL,SINGLE_NEGATIVE_R_MASS_PRIVATE
C0104,RISK_QUINTILE_FULL_12BAND,D-FULL,q3,ALL,Q5,SESSION,2025-07-31,5,4,1,0.8,2,2,0,0,0,0,0,0,2,1,1,0,0,0,0,0,1,0,1,0,0,0,0,0,0,0,0,0.944788022655339,2.0579972595759015,0,2,0.0,0.0,0.3333333333333333,0.0,0,2,0.0,0.0,0.3333333333333333,0.0,0,3,0.0,0.0,0.5,0.0,2,15,0.5,0.13333333333333333,2.5,0.8,0,4,0,,0.0,0,4,0,,0.0,0,4,0,,0.0,0,4,0,,0.0,1,5,8,0.125,0.2,0,5,5,0.0,0.0,0,5,3,0.0,0.0,0,5,1,0.0,0.0,True,EQUAL_WEIGHT_PP_SUM_NOT_YEN_NOT_CAPITAL,
C0104,RISK_QUINTILE_FULL_12BAND,D-FULL,q3,ALL,Q5,SESSION,2025-08-01,8,8,0,1.0,3,5,0,0,0,0,1,1,1,4,0,0,0,0,1,0,0,2,1,1,1,0,1,0,1,0,1,4.614383990308777,7.433324841790765,1,1,0.125,1.0,0.3333333333333333,3.0,1,2,0.125,0.5,0.6666666666666666,1.5,1,3,0.125,0.3333333333333333,1.0,1.0,5,12,0.625,0.4166666666666667,4.0,1.25,1,8,3,0.3333333333333333,0.125,0,8,2,0.0,0.0,0,8,0,,0.0,0,8,0,,0.0,2,8,11,0.18181818181818182,0.25,1,8,9,0.1111111111111111,0.125,0,8,4,0.0,0.0,0,8,2,0.0,0.0,True,EQUAL_WEIGHT_PP_SUM_NOT_YEN_NOT_CAPITAL,
C0104,RISK_QUINTILE_FULL_12BAND,D-FULL,q3,ALL,Q5,SESSION,2025-08-04,5,5,0,1.0,2,3,0,0,0,1,0,1,0,2,1,0,0,0,0,0,0,2,1,1,0,1,0,0,0,0,0,4.422207356518536,1.7875757265323133,0,0,0.0,,0.0,,0,3,0.0,0.0,0.4838709677419355,0.0,0,8,0.0,0.0,1.2903225806451613,0.0,3,19,0.6,0.15789473684210525,3.064516129032258,0.9789473684210527,1,5,1,1.0,0.2,1,5,1,1.0,0.2,0,5,0,,0.0,0,5,0,,0.0,1,5,6,0.16666666666666666,0.2,0,5,2,0.0,0.0,0,5,1,0.0,0.0,0,5,1,0.0,0.0,True,EQUAL_WEIGHT_PP_SUM_NOT_YEN_NOT_CAPITAL,
C0104,RISK_QUINTILE_FULL_12BAND,D-FULL,q3,ALL,Q5,SESSION,2025-08-05,5,5,0,1.0,3,2,0,1,0,0,0,0,2,1,0,1,0,0,0,0,0,1,1,1,1,1,0,1,0,1,0,19.889527035470664,2.946789991400826,0,0,0.0,,0.0,,0,0,0.0,,0.0,,1,1,0.2,1.0,0.2,5.0,2,14,0.4,0.14285714285714285,2.8,0.7142857142857143,1,5,5,0.2,0.2,1,5,4,0.25,0.2,1,5,3,0.3333333333333333,0.2,1,5,2,0.5,0.2,1,5,9,0.1111111111111111,0.2,1,5,8,0.125,0.2,1,5,6,0.16666666666666666,0.2,1,5,2,0.5,0.2,True,EQUAL_WEIGHT_PP_SUM_NOT_YEN_NOT_CAPITAL,
C0104,RISK_QUINTILE_FULL_12BAND,D-FULL,q3,ALL,Q5,SESSION,2025-08-06,6,5,1,0.8333333333333334,4,1,0,0,0,1,0,0,3,0,0,1,0,0,0,0,1,1,1,1,1,1,0,0,0,0,0,4.8756542877489935,,0,0,0.0,,0.0,,0,0,0.0,,0.0,,1,1,0.2,1.0,0.21739130434782608,4.6,1,9,0.2,0.1111111111111111,1.9565217391304348,0.5111111111111111,1,5,2,0.5,0.2,1,5,2,0.5,0.2,0,5,1,0.0,0.0,0,5,1,0.0,0.0,2,6,11,0.18181818181818182,0.3333333333333333,1,6,5,0.2,0.16666666666666666,0,6,3,0.0,0.0,0,6,1,0.0,0.0,True,EQUAL_WEIGHT_PP_SUM_NOT_YEN_NOT_CAPITAL,SINGLE_NEGATIVE_R_MASS_PRIVATE
C0104,RISK_QUINTILE_FULL_12BAND,D-FULL,q3,ALL,Q5,SESSION,2025-08-07,10,10,0,1.0,1,9,0,0,0,0,0,0,1,6,1,1,0,0,1,0,0,0,3,0,2,0,1,0,1,0,1,,15.917435156180364,1,1,0.1,1.0,0.3225806451612903,3.1,1,4,0.1,0.25,1.2903225806451613,0.775,2,6,0.2,0.3333333333333333,1.935483870967742,1.0333333333333334,9,23,0.9,0.391304347826087,7.419354838709677,1.2130434782608697,0,10,4,0.0,0.0,0,10,2,0.0,0.0,0,10,2,0.0,0.0,0,10,1,0.0,0.0,1,10,7,0.14285714285714285,0.1,0,10,5,0.0,0.0,0,10,2,0.0,0.0,0,10,1,0.0,0.0,False,EQUAL_WEIGHT_PP_SUM_NOT_YEN_NOT_CAPITAL,SINGLE_POSITIVE_R_MASS_PRIVATE
C0104,RISK_QUINTILE_FULL_12BAND,D-FULL,q3,ALL,Q5,SESSION,2025-08-08,6,6,0,1.0,4,2,0,0,0,0,0,0,4,1,0,1,0,0,0,0,0,0,1,0,1,0,0,0,0,0,0,2.154868981840118,2.8099722718043227,0,0,0.0,,0.0,,0,1,0.0,0.0,0.18181818181818182,0.0,1,4,0.16666666666666666,0.25,0.7272727272727273,1.375,2,17,0.3333333333333333,0.11764705882352941,3.090909090909091,0.6470588235294118,0,6,4,0.0,0.0,0,6,4,0.0,0.0,0,6,3,0.0,0.0,0,6,3,0.0,0.0,1,6,15,0.06666666666666667,0.16666666666666666,1,6,11,0.09090909090909091,0.16666666666666666,0,6,5,0.0,0.0,0,6,2,0.0,0.0,True,EQUAL_WEIGHT_PP_SUM_NOT_YEN_NOT_CAPITAL,
C0104,RISK_QUINTILE_FULL_12BAND,D-FULL,q3,ALL,Q5,SESSION,2025-08-12,4,4,0,1.0,3,1,0,0,1,0,0,0,2,0,0,1,0,0,0,0,0,1,1,1,1,1,0,1,0,0,0,4.855367571415018,,0,4,0.0,0.0,0.5333333333333333,0.0,0,4,0.0,0.0,0.5333333333333333,0.0,1,6,0.25,0.16666666666666666,0.8,1.25,1,17,0.25,0.058823529411764705,2.2666666666666666,0.4411764705882353,1,4,4,0.25,0.25,1,4,3,0.3333333333333333,0.25,1,4,3,0.3333333333333333,0.25,0,4,1,0.0,0.0,3,4,17,0.17647058823529413,0.75,2,4,11,0.18181818181818182,0.5,1,4,6,0.16666666666666666,0.25,0,4,2,0.0,0.0,True,EQUAL_WEIGHT_PP_SUM_NOT_YEN_NOT_CAPITAL,SINGLE_NEGATIVE_R_MASS_PRIVATE
C0104,RISK_QUINTILE_FULL_12BAND,D-FULL,q3,ALL,Q5,SESSION,2025-08-13,3,3,0,1.0,1,2,0,0,0,0,0,0,1,1,1,0,0,0,0,0,0,0,1,0,0,0,0,0,0,0,0,,2.5710462853945475,0,1,0.0,0.0,0.11538461538461539,0.0,0,3,0.0,0.0,0.34615384615384615,0.0,0,4,0.0,0.0,0.46153846153846156,0.0,2,16,0.6666666666666666,0.125,1.8461538461538463,1.0833333333333333,0,3,2,0.0,0.0,0,3,1,0.0,0.0,0,3,1,0.0,0.0,0,3,1,0.0,0.0,0,3,12,0.0,0.0,0,3,9,0.0,0.0,0,3,4,0.0,0.0,0,3,0,,0.0,True,EQUAL_WEIGHT_PP_SUM_NOT_YEN_NOT_CAPITAL,SINGLE_POSITIVE_R_MASS_PRIVATE
C0104,RISK_QUINTILE_FULL_12BAND,D-FULL,q3,ALL,Q5,SESSION,2025-08-14,3,3,0,1.0,2,1,0,0,0,0,0,0,2,0,0,0,0,0,1,0,0,0,1,0,1,0,1,0,1,0,1,1.4068558162234488,,1,1,0.3333333333333333,1.0,0.10714285714285714,9.333333333333334,1,2,0.3333333333333333,0.5,0.21428571428571427,4.666666666666667,1,6,0.3333333333333333,0.16666666666666666,0.6428571428571429,1.5555555555555556,1,15,0.3333333333333333,0.06666666666666667,1.6071428571428572,0.6222222222222222,0,3,8,0.0,0.0,0,3,8,0.0,0.0,0,3,6,0.0,0.0,0,3,3,0.0,0.0,0,3,14,0.0,0.0,0,3,11,0.0,0.0,0,3,7,0.0,0.0,0,3,3,0.0,0.0,True,EQUAL_WEIGHT_PP_SUM_NOT_YEN_NOT_CAPITAL,SINGLE_NEGATIVE_R_MASS_PRIVATE
C0104,RISK_QUINTILE_FULL_12BAND,D-FULL,q3,ALL,Q5,SESSION,2025-08-15,10,9,1,0.9,6,3,0,0,0,0,0,4,2,1,1,0,1,0,0,0,1,4,2,0,1,0,1,0,0,0,0,6.533724220614989,5.535325605461246,0,0,0.0,,0.0,,1,2,0.1111111111111111,0.5,0.6206896551724138,1.6111111111111112,1,3,0.1111111111111111,0.3333333333333333,0.9310344827586207,1.0740740740740742,3,14,0.3333333333333333,0.21428571428571427,4.344827586206897,0.6904761904761905,0,9,3,0.0,0.0,0,9,3,0.0,0.0,0,9,1,0.0,0.0,0,9,1,0.0,0.0,3,10,12,0.25,0.3,0,10,7,0.0,0.0,0,10,3,0.0,0.0,0,10,1,0.0,0.0,True,EQUAL_WEIGHT_PP_SUM_NOT_YEN_NOT_CAPITAL,
C0104,RISK_QUINTILE_FULL_12BAND,D-FULL,q3,ALL,Q5,SESSION,2025-08-18,3,2,1,0.6666666666666666,0,2,0,0,0,0,0,0,0,0,2,0,0,0,0,0,1,0,2,0,0,0,0,0,0,0,0,,2.590572277005656,0,0,0.0,,0.0,,0,1,0.0,0.0,0.07407407407407407,0.0,0,2,0.0,0.0,0.14814814814814814,0.0,2,16,1.0,0.125,1.1851851851851851,1.6875,0,2,6,0.0,0.0,0,2,6,0.0,0.0,0,2,3,0.0,0.0,0,2,3,0.0,0.0,0,3,12,0.0,0.0,0,3,10,0.0,0.0,0,3,6,0.0,0.0,0,3,3,0.0,0.0,True,EQUAL_WEIGHT_PP_SUM_NOT_YEN_NOT_CAPITAL,SINGLE_POSITIVE_R_MASS_PRIVATE
C0104,RISK_QUINTILE_FULL_12BAND,D-FULL,q3,ALL,Q5,SESSION,2025-08-19,3,3,0,1.0,1,2,0,0,0,0,0,0,1,2,0,0,0,0,0,0,0,0,0,0,0,0,0,0,0,0,0,,0.7215650125383449,0,0,0.0,,0.0,,0,0,0.0,,0.0,,0,2,0.0,0.0,0.1935483870967742,0.0,2,15,0.6666666666666666,0.13333333333333333,1.4516129032258065,1.3777777777777778,0,3,7,0.0,0.0,0,3,4,0.0,0.0,0,3,3,0.0,0.0,0,3,2,0.0,0.0,0,3,16,0.0,0.0,0,3,10,0.0,0.0,0,3,8,0.0,0.0,0,3,3,0.0,0.0,True,EQUAL_WEIGHT_PP_SUM_NOT_YEN_NOT_CAPITAL,SINGLE_POSITIVE_R_MASS_PRIVATE
C0104,RISK_QUINTILE_FULL_12BAND,D-FULL,q3,ALL,Q5,SESSION,2025-08-20,9,7,2,0.7777777777777778,5,2,0,0,0,0,0,2,3,2,0,0,0,0,0,0,2,2,0,0,0,0,0,0,0,0,0,3.5913955676687332,0.9117768906520611,0,0,0.0,,0.0,,0,2,0.0,0.0,0.56,0.0,0,3,0.0,0.0,0.84,0.0,2,13,0.2857142857142857,0.15384615384615385,3.64,0.5494505494505495,0,7,4,0.0,0.0,0,7,4,0.0,0.0,0,7,2,0.0,0.0,0,7,0,,0.0,1,9,12,0.08333333333333333,0.1111111111111111,1,9,12,0.08333333333333333,0.1111111111111111,0,9,8,0.0,0.0,0,9,1,0.0,0.0,True,EQUAL_WEIGHT_PP_SUM_NOT_YEN_NOT_CAPITAL,
C0104,RISK_QUINTILE_FULL_12BAND,D-FULL,q3,ALL,Q5,SESSION,2025-08-21,6,6,0,1.0,4,2,0,0,0,0,0,1,3,1,0,0,0,1,0,0,0,1,1,0,1,0,1,0,1,0,0,2.0880416583113823,5.040118607853959,0,0,0.0,,0.0,,1,3,0.16666666666666666,0.3333333333333333,0.6206896551724138,1.6111111111111112,1,7,0.16666666666666666,0.14285714285714285,1.4482758620689655,0.6904761904761905,2,15,0.3333333333333333,0.13333333333333333,3.103448275862069,0.6444444444444445,0,6,2,0.0,0.0,0,6,0,,0.0,0,6,0,,0.0,0,6,0,,0.0,0,6,11,0.0,0.0,0,6,6,0.0,0.0,0,6,1,0.0,0.0,0,6,0,,0.0,True,EQUAL_WEIGHT_PP_SUM_NOT_YEN_NOT_CAPITAL,
C0104,RISK_QUINTILE_FULL_12BAND,D-FULL,q3,ALL,Q5,SESSION,2025-08-22,3,3,0,1.0,0,3,0,0,0,0,0,0,0,1,2,0,0,0,0,0,0,0,2,0,0,0,0,0,0,0,0,,3.361659929200766,0,2,0.0,0.0,0.25,0.0,0,7,0.0,0.0,0.875,0.0,0,10,0.0,0.0,1.25,0.0,3,20,1.0,0.15,2.5,1.2,0,3,3,0.0,0.0,0,3,3,0.0,0.0,0,3,2,0.0,0.0,0,3,2,0.0,0.0,1,3,10,0.1,0.3333333333333333,1,3,7,0.14285714285714285,0.3333333333333333,0,3,4,0.0,0.0,0,3,1,0.0,0.0,True,EQUAL_WEIGHT_PP_SUM_NOT_YEN_NOT_CAPITAL,SINGLE_POSITIVE_R_MASS_PRIVATE
C0104,RISK_QUINTILE_FULL_12BAND,D-FULL,q3,ALL,Q5,SESSION,2025-08-25,6,6,0,1.0,3,3,0,1,0,1,0,0,1,2,1,0,0,0,0,0,0,2,1,2,0,2,0,1,0,1,0,26.809599807901495,2.454776411125456,0,1,0.0,0.0,0.25,0.0,0,2,0.0,0.0,0.5,0.0,0,2,0.0,0.0,0.5,0.0,3,10,0.5,0.3,2.5,1.2,2,6,6,0.3333333333333333,0.3333333333333333,2,6,5,0.4,0.3333333333333333,1,6,3,0.3333333333333333,0.16666666666666666,1,6,3,0.3333333333333333,0.16666666666666666,3,6,15,0.2,0.5,3,6,14,0.21428571428571427,0.5,1,6,9,0.1111111111111111,0.16666666666666666,1,6,6,0.16666666666666666,0.16666666666666666,True,EQUAL_WEIGHT_PP_SUM_NOT_YEN_NOT_CAPITAL,
C0104,RISK_QUINTILE_FULL_12BAND,D-FULL,q3,ALL,Q5,RANK,S,0,0,0,,0,0,0,0,0,0,0,0,0,0,0,0,0,0,0,0,0,0,0,0,0,0,0,0,0,0,0,,,0,0,,,0.0,,0,3,,0.0,0.0,,0,10,,0.0,0.0,,0,33,,0.0,0.0,,0,0,7,0.0,,0,0,5,0.0,,0,0,4,0.0,,0,0,3,0.0,,0,0,25,0.0,,0,0,22,0.0,,0,0,12,0.0,,0,0,6,0.0,,True,EQUAL_WEIGHT_PP_SUM_NOT_YEN_NOT_CAPITAL,SINGLE_POSITIVE_R_MASS_PRIVATE;SINGLE_NEGATIVE_R_MASS_PRIVATE
C0104,RISK_QUINTILE_FULL_12BAND,D-FULL,q3,ALL,Q5,RANK,A,5,5,0,1.0,4,1,0,0,0,0,0,0,4,1,0,0,0,0,0,0,0,0,0,0,0,0,0,0,0,0,0,1.5510371763348265,,0,2,0.0,0.0,0.16111111111111112,0.0,0,11,0.0,0.0,0.27420634920634923,0.0,0,21,0.0,0.0,0.6654761904761904,0.0,1,93,0.2,0.010752688172043012,3.0507936507936506,0.32778355879292403,0,5,28,0.0,0.0,0,5,23,0.0,0.0,0,5,19,0.0,0.0,0,5,16,0.0,0.0,3,5,86,0.03488372093023256,0.6,3,5,69,0.043478260869565216,0.6,1,5,47,0.02127659574468085,0.2,0,5,23,0.0,0.0,True,EQUAL_WEIGHT_PP_SUM_NOT_YEN_NOT_CAPITAL,SINGLE_NEGATIVE_R_MASS_PRIVATE
C0104,RISK_QUINTILE_FULL_12BAND,D-FULL,q3,ALL,Q5,RANK,B,31,31,0,1.0,17,14,0,1,0,1,0,7,8,10,1,2,0,0,1,0,0,9,4,2,3,2,1,1,1,1,1,23.881879587278636,19.68340656693057,1,12,0.03225806451612903,0.08333333333333333,1.2049869803358175,0.8298844853255678,1,28,0.03225806451612903,0.03571428571428571,2.6864154021130764,0.37224324995062996,3,55,0.0967741935483871,0.05454545454545454,5.3338991105270175,0.5624403345161105,14,168,0.45161290322580644,0.08333333333333333,18.148888362841852,0.7713971081922399,2,31,36,0.05555555555555555,0.06451612903225806,2,31,25,0.08,0.06451612903225806,1,31,14,0.07142857142857142,0.03225806451612903,1,31,11,0.09090909090909091,0.03225806451612903,13,31,147,0.08843537414965986,0.41935483870967744,9,31,95,0.09473684210526316,0.2903225806451613,6,31,54,0.1111111111111111,0.1935483870967742,1,31,18,0.05555555555555555,0.03225806451612903,False,EQUAL_WEIGHT_PP_SUM_NOT_YEN_NOT_CAPITAL,
C0104,RISK_QUINTILE_FULL_12BAND,D-FULL,q3,ALL,Q5,RANK,C,168,155,13,0.9226190476190477,73,82,0,5,1,3,5,18,41,43,27,7,2,1,2,0,13,32,39,14,12,9,5,6,3,5,2,136.98031926435223,94.29016565347143,2,9,0.012903225806451613,0.2222222222222222,2.445374722213225,0.8178705626718299,5,31,0.03225806451612903,0.16129032258064516,9.483063968856394,0.527255749451933,12,58,0.07741935483870968,0.20689655172413793,17.50516815058942,0.6855118383764823,82,293,0.5290322580645161,0.27986348122866894,87.1714437024091,0.9406750251829753,14,155,66,0.21212121212121213,0.09032258064516129,9,155,46,0.1956521739130435,0.05806451612903226,6,155,28,0.21428571428571427,0.03870967741935484,5,155,18,0.2777777777777778,0.03225806451612903,36,168,174,0.20689655172413793,0.21428571428571427,17,168,111,0.15315315315315314,0.10119047619047619,8,168,57,0.14035087719298245,0.047619047619047616,4,168,20,0.2,0.023809523809523808,False,EQUAL_WEIGHT_PP_SUM_NOT_YEN_NOT_CAPITAL,
C0104,RISK_QUINTILE_FULL_12BAND,D-FULL,q3,ALL,Q5,EXECUTION_ELIGIBLE,TRUE,195,191,4,0.9794871794871794,94,97,0,6,1,4,5,25,53,54,28,9,2,1,3,0,4,41,43,16,15,11,6,7,4,6,3,162.4132360279657,114.52933996390668,3,23,0.015706806282722512,0.13043478260869565,4.398078906396099,0.6821160019746618,6,73,0.031413612565445025,0.0821917808219178,13.922406157133285,0.430959988688869,15,144,0.07853403141361257,0.10416666666666667,27.329732179635336,0.5488527989007226,97,587,0.5078534031413613,0.16524701873935263,110.731371556551,0.8759938456145797,16,191,137,0.11678832116788321,0.08376963350785341,11,191,99,0.1111111111111111,0.05759162303664921,7,191,65,0.1076923076923077,0.03664921465968586,6,191,48,0.125,0.031413612565445025,52,195,432,0.12037037037037036,0.26666666666666666,29,195,297,0.09764309764309764,0.14871794871794872,15,195,170,0.08823529411764706,0.07692307692307693,5,195,67,0.07462686567164178,0.02564102564102564,False,EQUAL_WEIGHT_PP_SUM_NOT_YEN_NOT_CAPITAL,
C0104,RISK_QUINTILE_FULL_12BAND,D-FULL,q3,ALL,Q5,R0_PASS,SAB,36,36,0,1.0,21,15,0,1,0,1,0,7,12,11,1,2,0,0,1,0,0,9,4,2,3,2,1,1,1,1,1,25.432916763613463,20.239174310435246,1,14,0.027777777777777776,0.07142857142857142,1.0844534569956157,0.9221234839994087,1,42,0.027777777777777776,0.023809523809523808,2.729540464340364,0.36636203531852224,3,86,0.08333333333333333,0.03488372093023256,6.036192352147365,0.49700205443796946,15,294,0.4166666666666667,0.05102040816326531,21.916920579877093,0.6844027173129501,2,36,71,0.028169014084507043,0.05555555555555555,2,36,53,0.03773584905660377,0.05555555555555555,1,36,37,0.02702702702702703,0.027777777777777776,1,36,30,0.03333333333333333,0.027777777777777776,16,36,258,0.06201550387596899,0.4444444444444444,12,36,186,0.06451612903225806,0.3333333333333333,7,36,113,0.061946902654867256,0.19444444444444445,1,36,47,0.02127659574468085,0.027777777777777776,False,EQUAL_WEIGHT_PP_SUM_NOT_YEN_NOT_CAPITAL,
C0104,RISK_QUINTILE_FULL_12BAND,D-FULL,q3,ALL,Q5,E0_FUNDED,SAVED,8,8,0,1.0,6,2,0,1,0,1,0,0,4,2,0,0,0,0,0,0,0,2,0,2,0,2,0,1,0,1,0,11.020307574188598,0.9079416656895306,0,2,0.0,0.0,0.10822510822510822,0.0,0,16,0.0,0.0,0.4977929970917348,0.0,0,31,0.0,0.0,1.134564100903512,0.0,2,126,0.25,0.015873015873015872,5.078229702353124,0.3938380335716697,2,8,36,0.05555555555555555,0.25,2,8,28,0.07142857142857142,0.25,1,8,23,0.043478260869565216,0.125,1,8,19,0.05263157894736842,0.125,5,8,115,0.043478260869565216,0.625,5,8,96,0.052083333333333336,0.625,2,8,59,0.03389830508474576,0.25,0,8,30,0.0,0.0,True,EQUAL_WEIGHT_PP_SUM_NOT_YEN_NOT_CAPITAL,
C0105,RISK_QUINTILE_FULL_12BAND,D-FULL,q3,ALL,UNASSESSED,ALL,ALL,0,0,0,,0,0,0,0,0,0,0,0,0,0,0,0,0,0,0,0,0,0,0,0,0,0,0,0,0,0,0,,,0,23,,0.0,0.0,,0,73,,0.0,0.0,,0,144,,0.0,0.0,,0,587,,0.0,0.0,,0,0,137,0.0,,0,0,99,0.0,,0,0,65,0.0,,0,0,48,0.0,,0,0,432,0.0,,0,0,297,0.0,,0,0,170,0.0,,0,0,67,0.0,,True,EQUAL_WEIGHT_PP_SUM_NOT_YEN_NOT_CAPITAL,SINGLE_POSITIVE_R_MASS_PRIVATE;SINGLE_NEGATIVE_R_MASS_PRIVATE
C0105,RISK_QUINTILE_FULL_12BAND,D-FULL,q3,ALL,UNASSESSED,BLOCK,1,0,0,0,,0,0,0,0,0,0,0,0,0,0,0,0,0,0,0,0,0,0,0,0,0,0,0,0,0,0,0,,,0,3,,0.0,0.0,,0,12,,0.0,0.0,,0,22,,0.0,0.0,,0,84,,0.0,0.0,,0,0,17,0.0,,0,0,13,0.0,,0,0,6,0.0,,0,0,5,0.0,,0,0,54,0.0,,0,0,35,0.0,,0,0,22,0.0,,0,0,9,0.0,,True,EQUAL_WEIGHT_PP_SUM_NOT_YEN_NOT_CAPITAL,SINGLE_POSITIVE_R_MASS_PRIVATE;SINGLE_NEGATIVE_R_MASS_PRIVATE
C0105,RISK_QUINTILE_FULL_12BAND,D-FULL,q3,ALL,UNASSESSED,BLOCK,2,0,0,0,,0,0,0,0,0,0,0,0,0,0,0,0,0,0,0,0,0,0,0,0,0,0,0,0,0,0,0,,,0,2,,0.0,0.0,,0,5,,0.0,0.0,,0,12,,0.0,0.0,,0,69,,0.0,0.0,,0,0,17,0.0,,0,0,10,0.0,,0,0,8,0.0,,0,0,5,0.0,,0,0,55,0.0,,0,0,37,0.0,,0,0,20,0.0,,0,0,7,0.0,,True,EQUAL_WEIGHT_PP_SUM_NOT_YEN_NOT_CAPITAL,SINGLE_POSITIVE_R_MASS_PRIVATE;SINGLE_NEGATIVE_R_MASS_PRIVATE
C0105,RISK_QUINTILE_FULL_12BAND,D-FULL,q3,ALL,UNASSESSED,BLOCK,3,0,0,0,,0,0,0,0,0,0,0,0,0,0,0,0,0,0,0,0,0,0,0,0,0,0,0,0,0,0,0,,,0,3,,0.0,0.0,,0,5,,0.0,0.0,,0,18,,0.0,0.0,,0,77,,0.0,0.0,,0,0,17,0.0,,0,0,9,0.0,,0,0,9,0.0,,0,0,7,0.0,,0,0,56,0.0,,0,0,38,0.0,,0,0,25,0.0,,0,0,8,0.0,,True,EQUAL_WEIGHT_PP_SUM_NOT_YEN_NOT_CAPITAL,SINGLE_POSITIVE_R_MASS_PRIVATE;SINGLE_NEGATIVE_R_MASS_PRIVATE
C0105,RISK_QUINTILE_FULL_12BAND,D-FULL,q3,ALL,UNASSESSED,BLOCK,4,0,0,0,,0,0,0,0,0,0,0,0,0,0,0,0,0,0,0,0,0,0,0,0,0,0,0,0,0,0,0,,,0,2,,0.0,0.0,,0,11,,0.0,0.0,,0,18,,0.0,0.0,,0,82,,0.0,0.0,,0,0,19,0.0,,0,0,13,0.0,,0,0,9,0.0,,0,0,8,0.0,,0,0,56,0.0,,0,0,37,0.0,,0,0,18,0.0,,0,0,11,0.0,,True,EQUAL_WEIGHT_PP_SUM_NOT_YEN_NOT_CAPITAL,SINGLE_POSITIVE_R_MASS_PRIVATE;SINGLE_NEGATIVE_R_MASS_PRIVATE
C0105,RISK_QUINTILE_FULL_12BAND,D-FULL,q3,ALL,UNASSESSED,BLOCK,5,0,0,0,,0,0,0,0,0,0,0,0,0,0,0,0,0,0,0,0,0,0,0,0,0,0,0,0,0,0,0,,,0,3,,0.0,0.0,,0,9,,0.0,0.0,,0,18,,0.0,0.0,,0,75,,0.0,0.0,,0,0,12,0.0,,0,0,9,0.0,,0,0,3,0.0,,0,0,2,0.0,,0,0,47,0.0,,0,0,32,0.0,,0,0,19,0.0,,0,0,8,0.0,,True,EQUAL_WEIGHT_PP_SUM_NOT_YEN_NOT_CAPITAL,SINGLE_POSITIVE_R_MASS_PRIVATE;SINGLE_NEGATIVE_R_MASS_PRIVATE
C0105,RISK_QUINTILE_FULL_12BAND,D-FULL,q3,ALL,UNASSESSED,BLOCK,6,0,0,0,,0,0,0,0,0,0,0,0,0,0,0,0,0,0,0,0,0,0,0,0,0,0,0,0,0,0,0,,,0,6,,0.0,0.0,,0,12,,0.0,0.0,,0,21,,0.0,0.0,,0,82,,0.0,0.0,,0,0,16,0.0,,0,0,12,0.0,,0,0,10,0.0,,0,0,7,0.0,,0,0,62,0.0,,0,0,41,0.0,,0,0,20,0.0,,0,0,6,0.0,,True,EQUAL_WEIGHT_PP_SUM_NOT_YEN_NOT_CAPITAL,SINGLE_POSITIVE_R_MASS_PRIVATE;SINGLE_NEGATIVE_R_MASS_PRIVATE
C0105,RISK_QUINTILE_FULL_12BAND,D-FULL,q3,ALL,UNASSESSED,BLOCK,7,0,0,0,,0,0,0,0,0,0,0,0,0,0,0,0,0,0,0,0,0,0,0,0,0,0,0,0,0,0,0,,,0,1,,0.0,0.0,,0,7,,0.0,0.0,,0,16,,0.0,0.0,,0,73,,0.0,0.0,,0,0,28,0.0,,0,0,25,0.0,,0,0,15,0.0,,0,0,9,0.0,,0,0,66,0.0,,0,0,50,0.0,,0,0,32,0.0,,0,0,11,0.0,,True,EQUAL_WEIGHT_PP_SUM_NOT_YEN_NOT_CAPITAL,SINGLE_POSITIVE_R_MASS_PRIVATE;SINGLE_NEGATIVE_R_MASS_PRIVATE
C0105,RISK_QUINTILE_FULL_12BAND,D-FULL,q3,ALL,UNASSESSED,BLOCK,8,0,0,0,,0,0,0,0,0,0,0,0,0,0,0,0,0,0,0,0,0,0,0,0,0,0,0,0,0,0,0,,,0,3,,0.0,0.0,,0,12,,0.0,0.0,,0,19,,0.0,0.0,,0,45,,0.0,0.0,,0,0,11,0.0,,0,0,8,0.0,,0,0,5,0.0,,0,0,5,0.0,,0,0,36,0.0,,0,0,27,0.0,,0,0,14,0.0,,0,0,7,0.0,,True,EQUAL_WEIGHT_PP_SUM_NOT_YEN_NOT_CAPITAL,SINGLE_POSITIVE_R_MASS_PRIVATE;SINGLE_NEGATIVE_R_MASS_PRIVATE
C0105,RISK_QUINTILE_FULL_12BAND,D-FULL,q3,ALL,UNASSESSED,SESSION,2025-06-27,0,0,0,,0,0,0,0,0,0,0,0,0,0,0,0,0,0,0,0,0,0,0,0,0,0,0,0,0,0,0,,,0,0,,,0.0,,0,3,,0.0,0.0,,0,4,,0.0,0.0,,0,14,,0.0,0.0,,0,0,5,0.0,,0,0,4,0.0,,0,0,2,0.0,,0,0,2,0.0,,0,0,13,0.0,,0,0,10,0.0,,0,0,5,0.0,,0,0,2,0.0,,True,EQUAL_WEIGHT_PP_SUM_NOT_YEN_NOT_CAPITAL,SINGLE_POSITIVE_R_MASS_PRIVATE;SINGLE_NEGATIVE_R_MASS_PRIVATE
C0105,RISK_QUINTILE_FULL_12BAND,D-FULL,q3,ALL,UNASSESSED,SESSION,2025-06-30,0,0,0,,0,0,0,0,0,0,0,0,0,0,0,0,0,0,0,0,0,0,0,0,0,0,0,0,0,0,0,,,0,0,,,0.0,,0,2,,0.0,0.0,,0,8,,0.0,0.0,,0,23,,0.0,0.0,,0,0,4,0.0,,0,0,3,0.0,,0,0,1,0.0,,0,0,1,0.0,,0,0,9,0.0,,0,0,6,0.0,,0,0,5,0.0,,0,0,1,0.0,,True,EQUAL_WEIGHT_PP_SUM_NOT_YEN_NOT_CAPITAL,SINGLE_POSITIVE_R_MASS_PRIVATE;SINGLE_NEGATIVE_R_MASS_PRIVATE
C0105,RISK_QUINTILE_FULL_12BAND,D-FULL,q3,ALL,UNASSESSED,SESSION,2025-07-01,0,0,0,,0,0,0,0,0,0,0,0,0,0,0,0,0,0,0,0,0,0,0,0,0,0,0,0,0,0,0,,,0,1,,0.0,0.0,,0,3,,0.0,0.0,,0,5,,0.0,0.0,,0,13,,0.0,0.0,,0,0,2,0.0,,0,0,2,0.0,,0,0,2,0.0,,0,0,2,0.0,,0,0,11,0.0,,0,0,6,0.0,,0,0,4,0.0,,0,0,3,0.0,,True,EQUAL_WEIGHT_PP_SUM_NOT_YEN_NOT_CAPITAL,SINGLE_POSITIVE_R_MASS_PRIVATE;SINGLE_NEGATIVE_R_MASS_PRIVATE
C0105,RISK_QUINTILE_FULL_12BAND,D-FULL,q3,ALL,UNASSESSED,SESSION,2025-07-02,0,0,0,,0,0,0,0,0,0,0,0,0,0,0,0,0,0,0,0,0,0,0,0,0,0,0,0,0,0,0,,,0,1,,0.0,0.0,,0,2,,0.0,0.0,,0,3,,0.0,0.0,,0,18,,0.0,0.0,,0,0,1,0.0,,0,0,1,0.0,,0,0,1,0.0,,0,0,0,,,0,0,12,0.0,,0,0,7,0.0,,0,0,4,0.0,,0,0,2,0.0,,True,EQUAL_WEIGHT_PP_SUM_NOT_YEN_NOT_CAPITAL,SINGLE_POSITIVE_R_MASS_PRIVATE;SINGLE_NEGATIVE_R_MASS_PRIVATE
C0105,RISK_QUINTILE_FULL_12BAND,D-FULL,q3,ALL,UNASSESSED,SESSION,2025-07-03,0,0,0,,0,0,0,0,0,0,0,0,0,0,0,0,0,0,0,0,0,0,0,0,0,0,0,0,0,0,0,,,0,1,,0.0,0.0,,0,2,,0.0,0.0,,0,2,,0.0,0.0,,0,16,,0.0,0.0,,0,0,5,0.0,,0,0,3,0.0,,0,0,0,,,0,0,0,,,0,0,9,0.0,,0,0,6,0.0,,0,0,4,0.0,,0,0,1,0.0,,True,EQUAL_WEIGHT_PP_SUM_NOT_YEN_NOT_CAPITAL,SINGLE_POSITIVE_R_MASS_PRIVATE;SINGLE_NEGATIVE_R_MASS_PRIVATE
C0105,RISK_QUINTILE_FULL_12BAND,D-FULL,q3,ALL,UNASSESSED,SESSION,2025-07-04,0,0,0,,0,0,0,0,0,0,0,0,0,0,0,0,0,0,0,0,0,0,0,0,0,0,0,0,0,0,0,,,0,1,,0.0,0.0,,0,1,,0.0,0.0,,0,3,,0.0,0.0,,0,16,,0.0,0.0,,0,0,3,0.0,,0,0,2,0.0,,0,0,2,0.0,,0,0,1,0.0,,0,0,12,0.0,,0,0,10,0.0,,0,0,6,0.0,,0,0,2,0.0,,True,EQUAL_WEIGHT_PP_SUM_NOT_YEN_NOT_CAPITAL,SINGLE_POSITIVE_R_MASS_PRIVATE;SINGLE_NEGATIVE_R_MASS_PRIVATE
C0105,RISK_QUINTILE_FULL_12BAND,D-FULL,q3,ALL,UNASSESSED,SESSION,2025-07-07,0,0,0,,0,0,0,0,0,0,0,0,0,0,0,0,0,0,0,0,0,0,0,0,0,0,0,0,0,0,0,,,0,0,,,0.0,,0,2,,0.0,0.0,,0,2,,0.0,0.0,,0,14,,0.0,0.0,,0,0,1,0.0,,0,0,1,0.0,,0,0,1,0.0,,0,0,1,0.0,,0,0,9,0.0,,0,0,4,0.0,,0,0,3,0.0,,0,0,2,0.0,,True,EQUAL_WEIGHT_PP_SUM_NOT_YEN_NOT_CAPITAL,SINGLE_POSITIVE_R_MASS_PRIVATE;SINGLE_NEGATIVE_R_MASS_PRIVATE
C0105,RISK_QUINTILE_FULL_12BAND,D-FULL,q3,ALL,UNASSESSED,SESSION,2025-07-08,0,0,0,,0,0,0,0,0,0,0,0,0,0,0,0,0,0,0,0,0,0,0,0,0,0,0,0,0,0,0,,,0,1,,0.0,0.0,,0,1,,0.0,0.0,,0,5,,0.0,0.0,,0,16,,0.0,0.0,,0,0,3,0.0,,0,0,1,0.0,,0,0,1,0.0,,0,0,1,0.0,,0,0,9,0.0,,0,0,6,0.0,,0,0,3,0.0,,0,0,2,0.0,,True,EQUAL_WEIGHT_PP_SUM_NOT_YEN_NOT_CAPITAL,SINGLE_POSITIVE_R_MASS_PRIVATE;SINGLE_NEGATIVE_R_MASS_PRIVATE
C0105,RISK_QUINTILE_FULL_12BAND,D-FULL,q3,ALL,UNASSESSED,SESSION,2025-07-09,0,0,0,,0,0,0,0,0,0,0,0,0,0,0,0,0,0,0,0,0,0,0,0,0,0,0,0,0,0,0,,,0,0,,,0.0,,0,1,,0.0,0.0,,0,1,,0.0,0.0,,0,6,,0.0,0.0,,0,0,3,0.0,,0,0,2,0.0,,0,0,2,0.0,,0,0,1,0.0,,0,0,11,0.0,,0,0,7,0.0,,0,0,4,0.0,,0,0,0,,,True,EQUAL_WEIGHT_PP_SUM_NOT_YEN_NOT_CAPITAL,SINGLE_POSITIVE_R_MASS_PRIVATE;SINGLE_NEGATIVE_R_MASS_PRIVATE
C0105,RISK_QUINTILE_FULL_12BAND,D-FULL,q3,ALL,UNASSESSED,SESSION,2025-07-10,0,0,0,,0,0,0,0,0,0,0,0,0,0,0,0,0,0,0,0,0,0,0,0,0,0,0,0,0,0,0,,,0,0,,,0.0,,0,0,,,0.0,,0,1,,0.0,0.0,,0,17,,0.0,0.0,,0,0,7,0.0,,0,0,4,0.0,,0,0,2,0.0,,0,0,1,0.0,,0,0,14,0.0,,0,0,10,0.0,,0,0,4,0.0,,0,0,1,0.0,,True,EQUAL_WEIGHT_PP_SUM_NOT_YEN_NOT_CAPITAL,SINGLE_POSITIVE_R_MASS_PRIVATE;SINGLE_NEGATIVE_R_MASS_PRIVATE
C0105,RISK_QUINTILE_FULL_12BAND,D-FULL,q3,ALL,UNASSESSED,SESSION,2025-07-15,0,0,0,,0,0,0,0,0,0,0,0,0,0,0,0,0,0,0,0,0,0,0,0,0,0,0,0,0,0,0,,,0,0,,,0.0,,0,1,,0.0,0.0,,0,2,,0.0,0.0,,0,16,,0.0,0.0,,0,0,5,0.0,,0,0,2,0.0,,0,0,2,0.0,,0,0,2,0.0,,0,0,13,0.0,,0,0,10,0.0,,0,0,6,0.0,,0,0,3,0.0,,True,EQUAL_WEIGHT_PP_SUM_NOT_YEN_NOT_CAPITAL,SINGLE_POSITIVE_R_MASS_PRIVATE;SINGLE_NEGATIVE_R_MASS_PRIVATE
C0105,RISK_QUINTILE_FULL_12BAND,D-FULL,q3,ALL,UNASSESSED,SESSION,2025-07-16,0,0,0,,0,0,0,0,0,0,0,0,0,0,0,0,0,0,0,0,0,0,0,0,0,0,0,0,0,0,0,,,0,1,,0.0,0.0,,0,2,,0.0,0.0,,0,5,,0.0,0.0,,0,20,,0.0,0.0,,0,0,4,0.0,,0,0,3,0.0,,0,0,3,0.0,,0,0,2,0.0,,0,0,10,0.0,,0,0,7,0.0,,0,0,5,0.0,,0,0,1,0.0,,True,EQUAL_WEIGHT_PP_SUM_NOT_YEN_NOT_CAPITAL,SINGLE_POSITIVE_R_MASS_PRIVATE;SINGLE_NEGATIVE_R_MASS_PRIVATE
C0105,RISK_QUINTILE_FULL_12BAND,D-FULL,q3,ALL,UNASSESSED,SESSION,2025-07-17,0,0,0,,0,0,0,0,0,0,0,0,0,0,0,0,0,0,0,0,0,0,0,0,0,0,0,0,0,0,0,,,0,0,,,0.0,,0,0,,,0.0,,0,2,,0.0,0.0,,0,11,,0.0,0.0,,0,0,2,0.0,,0,0,1,0.0,,0,0,1,0.0,,0,0,1,0.0,,0,0,9,0.0,,0,0,6,0.0,,0,0,4,0.0,,0,0,2,0.0,,True,EQUAL_WEIGHT_PP_SUM_NOT_YEN_NOT_CAPITAL,SINGLE_POSITIVE_R_MASS_PRIVATE;SINGLE_NEGATIVE_R_MASS_PRIVATE
C0105,RISK_QUINTILE_FULL_12BAND,D-FULL,q3,ALL,UNASSESSED,SESSION,2025-07-18,0,0,0,,0,0,0,0,0,0,0,0,0,0,0,0,0,0,0,0,0,0,0,0,0,0,0,0,0,0,0,,,0,1,,0.0,0.0,,0,1,,0.0,0.0,,0,3,,0.0,0.0,,0,14,,0.0,0.0,,0,0,4,0.0,,0,0,2,0.0,,0,0,2,0.0,,0,0,2,0.0,,0,0,13,0.0,,0,0,11,0.0,,0,0,7,0.0,,0,0,2,0.0,,True,EQUAL_WEIGHT_PP_SUM_NOT_YEN_NOT_CAPITAL,SINGLE_POSITIVE_R_MASS_PRIVATE;SINGLE_NEGATIVE_R_MASS_PRIVATE
C0105,RISK_QUINTILE_FULL_12BAND,D-FULL,q3,ALL,UNASSESSED,SESSION,2025-07-22,0,0,0,,0,0,0,0,0,0,0,0,0,0,0,0,0,0,0,0,0,0,0,0,0,0,0,0,0,0,0,,,0,1,,0.0,0.0,,0,1,,0.0,0.0,,0,6,,0.0,0.0,,0,16,,0.0,0.0,,0,0,2,0.0,,0,0,1,0.0,,0,0,1,0.0,,0,0,0,,,0,0,11,0.0,,0,0,4,0.0,,0,0,3,0.0,,0,0,0,,,True,EQUAL_WEIGHT_PP_SUM_NOT_YEN_NOT_CAPITAL,SINGLE_POSITIVE_R_MASS_PRIVATE;SINGLE_NEGATIVE_R_MASS_PRIVATE
C0105,RISK_QUINTILE_FULL_12BAND,D-FULL,q3,ALL,UNASSESSED,SESSION,2025-07-23,0,0,0,,0,0,0,0,0,0,0,0,0,0,0,0,0,0,0,0,0,0,0,0,0,0,0,0,0,0,0,,,0,0,,,0.0,,0,6,,0.0,0.0,,0,6,,0.0,0.0,,0,13,,0.0,0.0,,0,0,7,0.0,,0,0,4,0.0,,0,0,1,0.0,,0,0,1,0.0,,0,0,14,0.0,,0,0,11,0.0,,0,0,6,0.0,,0,0,2,0.0,,True,EQUAL_WEIGHT_PP_SUM_NOT_YEN_NOT_CAPITAL,SINGLE_POSITIVE_R_MASS_PRIVATE;SINGLE_NEGATIVE_R_MASS_PRIVATE
C0105,RISK_QUINTILE_FULL_12BAND,D-FULL,q3,ALL,UNASSESSED,SESSION,2025-07-24,0,0,0,,0,0,0,0,0,0,0,0,0,0,0,0,0,0,0,0,0,0,0,0,0,0,0,0,0,0,0,,,0,0,,,0.0,,0,1,,0.0,0.0,,0,4,,0.0,0.0,,0,23,,0.0,0.0,,0,0,2,0.0,,0,0,2,0.0,,0,0,2,0.0,,0,0,1,0.0,,0,0,10,0.0,,0,0,6,0.0,,0,0,3,0.0,,0,0,2,0.0,,True,EQUAL_WEIGHT_PP_SUM_NOT_YEN_NOT_CAPITAL,SINGLE_POSITIVE_R_MASS_PRIVATE;SINGLE_NEGATIVE_R_MASS_PRIVATE
C0105,RISK_QUINTILE_FULL_12BAND,D-FULL,q3,ALL,UNASSESSED,SESSION,2025-07-25,0,0,0,,0,0,0,0,0,0,0,0,0,0,0,0,0,0,0,0,0,0,0,0,0,0,0,0,0,0,0,,,0,2,,0.0,0.0,,0,3,,0.0,0.0,,0,4,,0.0,0.0,,0,14,,0.0,0.0,,0,0,4,0.0,,0,0,3,0.0,,0,0,3,0.0,,0,0,3,0.0,,0,0,11,0.0,,0,0,5,0.0,,0,0,3,0.0,,0,0,2,0.0,,True,EQUAL_WEIGHT_PP_SUM_NOT_YEN_NOT_CAPITAL,SINGLE_POSITIVE_R_MASS_PRIVATE;SINGLE_NEGATIVE_R_MASS_PRIVATE
C0105,RISK_QUINTILE_FULL_12BAND,D-FULL,q3,ALL,UNASSESSED,SESSION,2025-07-28,0,0,0,,0,0,0,0,0,0,0,0,0,0,0,0,0,0,0,0,0,0,0,0,0,0,0,0,0,0,0,,,0,0,,,0.0,,0,1,,0.0,0.0,,0,2,,0.0,0.0,,0,14,,0.0,0.0,,0,0,5,0.0,,0,0,4,0.0,,0,0,3,0.0,,0,0,3,0.0,,0,0,9,0.0,,0,0,6,0.0,,0,0,3,0.0,,0,0,3,0.0,,True,EQUAL_WEIGHT_PP_SUM_NOT_YEN_NOT_CAPITAL,SINGLE_POSITIVE_R_MASS_PRIVATE;SINGLE_NEGATIVE_R_MASS_PRIVATE
C0105,RISK_QUINTILE_FULL_12BAND,D-FULL,q3,ALL,UNASSESSED,SESSION,2025-07-29,0,0,0,,0,0,0,0,0,0,0,0,0,0,0,0,0,0,0,0,0,0,0,0,0,0,0,0,0,0,0,,,0,0,,,0.0,,0,0,,,0.0,,0,2,,0.0,0.0,,0,18,,0.0,0.0,,0,0,1,0.0,,0,0,0,,,0,0,0,,,0,0,0,,,0,0,12,0.0,,0,0,9,0.0,,0,0,3,0.0,,0,0,2,0.0,,True,EQUAL_WEIGHT_PP_SUM_NOT_YEN_NOT_CAPITAL,SINGLE_POSITIVE_R_MASS_PRIVATE;SINGLE_NEGATIVE_R_MASS_PRIVATE
C0105,RISK_QUINTILE_FULL_12BAND,D-FULL,q3,ALL,UNASSESSED,SESSION,2025-07-30,0,0,0,,0,0,0,0,0,0,0,0,0,0,0,0,0,0,0,0,0,0,0,0,0,0,0,0,0,0,0,,,0,0,,,0.0,,0,2,,0.0,0.0,,0,3,,0.0,0.0,,0,15,,0.0,0.0,,0,0,3,0.0,,0,0,2,0.0,,0,0,0,,,0,0,0,,,0,0,13,0.0,,0,0,8,0.0,,0,0,5,0.0,,0,0,2,0.0,,True,EQUAL_WEIGHT_PP_SUM_NOT_YEN_NOT_CAPITAL,SINGLE_POSITIVE_R_MASS_PRIVATE;SINGLE_NEGATIVE_R_MASS_PRIVATE
C0105,RISK_QUINTILE_FULL_12BAND,D-FULL,q3,ALL,UNASSESSED,SESSION,2025-07-31,0,0,0,,0,0,0,0,0,0,0,0,0,0,0,0,0,0,0,0,0,0,0,0,0,0,0,0,0,0,0,,,0,2,,0.0,0.0,,0,2,,0.0,0.0,,0,3,,0.0,0.0,,0,15,,0.0,0.0,,0,0,0,,,0,0,0,,,0,0,0,,,0,0,0,,,0,0,8,0.0,,0,0,5,0.0,,0,0,3,0.0,,0,0,1,0.0,,True,EQUAL_WEIGHT_PP_SUM_NOT_YEN_NOT_CAPITAL,SINGLE_POSITIVE_R_MASS_PRIVATE;SINGLE_NEGATIVE_R_MASS_PRIVATE
C0105,RISK_QUINTILE_FULL_12BAND,D-FULL,q3,ALL,UNASSESSED,SESSION,2025-08-01,0,0,0,,0,0,0,0,0,0,0,0,0,0,0,0,0,0,0,0,0,0,0,0,0,0,0,0,0,0,0,,,0,1,,0.0,0.0,,0,2,,0.0,0.0,,0,3,,0.0,0.0,,0,12,,0.0,0.0,,0,0,3,0.0,,0,0,2,0.0,,0,0,0,,,0,0,0,,,0,0,11,0.0,,0,0,9,0.0,,0,0,4,0.0,,0,0,2,0.0,,True,EQUAL_WEIGHT_PP_SUM_NOT_YEN_NOT_CAPITAL,SINGLE_POSITIVE_R_MASS_PRIVATE;SINGLE_NEGATIVE_R_MASS_PRIVATE
C0105,RISK_QUINTILE_FULL_12BAND,D-FULL,q3,ALL,UNASSESSED,SESSION,2025-08-04,0,0,0,,0,0,0,0,0,0,0,0,0,0,0,0,0,0,0,0,0,0,0,0,0,0,0,0,0,0,0,,,0,0,,,0.0,,0,3,,0.0,0.0,,0,8,,0.0,0.0,,0,19,,0.0,0.0,,0,0,1,0.0,,0,0,1,0.0,,0,0,0,,,0,0,0,,,0,0,6,0.0,,0,0,2,0.0,,0,0,1,0.0,,0,0,1,0.0,,True,EQUAL_WEIGHT_PP_SUM_NOT_YEN_NOT_CAPITAL,SINGLE_POSITIVE_R_MASS_PRIVATE;SINGLE_NEGATIVE_R_MASS_PRIVATE
C0105,RISK_QUINTILE_FULL_12BAND,D-FULL,q3,ALL,UNASSESSED,SESSION,2025-08-05,0,0,0,,0,0,0,0,0,0,0,0,0,0,0,0,0,0,0,0,0,0,0,0,0,0,0,0,0,0,0,,,0,0,,,0.0,,0,0,,,0.0,,0,1,,0.0,0.0,,0,14,,0.0,0.0,,0,0,5,0.0,,0,0,4,0.0,,0,0,3,0.0,,0,0,2,0.0,,0,0,9,0.0,,0,0,8,0.0,,0,0,6,0.0,,0,0,2,0.0,,True,EQUAL_WEIGHT_PP_SUM_NOT_YEN_NOT_CAPITAL,SINGLE_POSITIVE_R_MASS_PRIVATE;SINGLE_NEGATIVE_R_MASS_PRIVATE
C0105,RISK_QUINTILE_FULL_12BAND,D-FULL,q3,ALL,UNASSESSED,SESSION,2025-08-06,0,0,0,,0,0,0,0,0,0,0,0,0,0,0,0,0,0,0,0,0,0,0,0,0,0,0,0,0,0,0,,,0,0,,,0.0,,0,0,,,0.0,,0,1,,0.0,0.0,,0,9,,0.0,0.0,,0,0,2,0.0,,0,0,2,0.0,,0,0,1,0.0,,0,0,1,0.0,,0,0,11,0.0,,0,0,5,0.0,,0,0,3,0.0,,0,0,1,0.0,,True,EQUAL_WEIGHT_PP_SUM_NOT_YEN_NOT_CAPITAL,SINGLE_POSITIVE_R_MASS_PRIVATE;SINGLE_NEGATIVE_R_MASS_PRIVATE
C0105,RISK_QUINTILE_FULL_12BAND,D-FULL,q3,ALL,UNASSESSED,SESSION,2025-08-07,0,0,0,,0,0,0,0,0,0,0,0,0,0,0,0,0,0,0,0,0,0,0,0,0,0,0,0,0,0,0,,,0,1,,0.0,0.0,,0,4,,0.0,0.0,,0,6,,0.0,0.0,,0,23,,0.0,0.0,,0,0,4,0.0,,0,0,2,0.0,,0,0,2,0.0,,0,0,1,0.0,,0,0,7,0.0,,0,0,5,0.0,,0,0,2,0.0,,0,0,1,0.0,,True,EQUAL_WEIGHT_PP_SUM_NOT_YEN_NOT_CAPITAL,SINGLE_POSITIVE_R_MASS_PRIVATE;SINGLE_NEGATIVE_R_MASS_PRIVATE
C0105,RISK_QUINTILE_FULL_12BAND,D-FULL,q3,ALL,UNASSESSED,SESSION,2025-08-08,0,0,0,,0,0,0,0,0,0,0,0,0,0,0,0,0,0,0,0,0,0,0,0,0,0,0,0,0,0,0,,,0,0,,,0.0,,0,1,,0.0,0.0,,0,4,,0.0,0.0,,0,17,,0.0,0.0,,0,0,4,0.0,,0,0,4,0.0,,0,0,3,0.0,,0,0,3,0.0,,0,0,15,0.0,,0,0,11,0.0,,0,0,5,0.0,,0,0,2,0.0,,True,EQUAL_WEIGHT_PP_SUM_NOT_YEN_NOT_CAPITAL,SINGLE_POSITIVE_R_MASS_PRIVATE;SINGLE_NEGATIVE_R_MASS_PRIVATE
C0105,RISK_QUINTILE_FULL_12BAND,D-FULL,q3,ALL,UNASSESSED,SESSION,2025-08-12,0,0,0,,0,0,0,0,0,0,0,0,0,0,0,0,0,0,0,0,0,0,0,0,0,0,0,0,0,0,0,,,0,4,,0.0,0.0,,0,4,,0.0,0.0,,0,6,,0.0,0.0,,0,17,,0.0,0.0,,0,0,4,0.0,,0,0,3,0.0,,0,0,3,0.0,,0,0,1,0.0,,0,0,17,0.0,,0,0,11,0.0,,0,0,6,0.0,,0,0,2,0.0,,True,EQUAL_WEIGHT_PP_SUM_NOT_YEN_NOT_CAPITAL,SINGLE_POSITIVE_R_MASS_PRIVATE;SINGLE_NEGATIVE_R_MASS_PRIVATE
C0105,RISK_QUINTILE_FULL_12BAND,D-FULL,q3,ALL,UNASSESSED,SESSION,2025-08-13,0,0,0,,0,0,0,0,0,0,0,0,0,0,0,0,0,0,0,0,0,0,0,0,0,0,0,0,0,0,0,,,0,1,,0.0,0.0,,0,3,,0.0,0.0,,0,4,,0.0,0.0,,0,16,,0.0,0.0,,0,0,2,0.0,,0,0,1,0.0,,0,0,1,0.0,,0,0,1,0.0,,0,0,12,0.0,,0,0,9,0.0,,0,0,4,0.0,,0,0,0,,,True,EQUAL_WEIGHT_PP_SUM_NOT_YEN_NOT_CAPITAL,SINGLE_POSITIVE_R_MASS_PRIVATE;SINGLE_NEGATIVE_R_MASS_PRIVATE
C0105,RISK_QUINTILE_FULL_12BAND,D-FULL,q3,ALL,UNASSESSED,SESSION,2025-08-14,0,0,0,,0,0,0,0,0,0,0,0,0,0,0,0,0,0,0,0,0,0,0,0,0,0,0,0,0,0,0,,,0,1,,0.0,0.0,,0,2,,0.0,0.0,,0,6,,0.0,0.0,,0,15,,0.0,0.0,,0,0,8,0.0,,0,0,8,0.0,,0,0,6,0.0,,0,0,3,0.0,,0,0,14,0.0,,0,0,11,0.0,,0,0,7,0.0,,0,0,3,0.0,,True,EQUAL_WEIGHT_PP_SUM_NOT_YEN_NOT_CAPITAL,SINGLE_POSITIVE_R_MASS_PRIVATE;SINGLE_NEGATIVE_R_MASS_PRIVATE
C0105,RISK_QUINTILE_FULL_12BAND,D-FULL,q3,ALL,UNASSESSED,SESSION,2025-08-15,0,0,0,,0,0,0,0,0,0,0,0,0,0,0,0,0,0,0,0,0,0,0,0,0,0,0,0,0,0,0,,,0,0,,,0.0,,0,2,,0.0,0.0,,0,3,,0.0,0.0,,0,14,,0.0,0.0,,0,0,3,0.0,,0,0,3,0.0,,0,0,1,0.0,,0,0,1,0.0,,0,0,12,0.0,,0,0,7,0.0,,0,0,3,0.0,,0,0,1,0.0,,True,EQUAL_WEIGHT_PP_SUM_NOT_YEN_NOT_CAPITAL,SINGLE_POSITIVE_R_MASS_PRIVATE;SINGLE_NEGATIVE_R_MASS_PRIVATE
C0105,RISK_QUINTILE_FULL_12BAND,D-FULL,q3,ALL,UNASSESSED,SESSION,2025-08-18,0,0,0,,0,0,0,0,0,0,0,0,0,0,0,0,0,0,0,0,0,0,0,0,0,0,0,0,0,0,0,,,0,0,,,0.0,,0,1,,0.0,0.0,,0,2,,0.0,0.0,,0,16,,0.0,0.0,,0,0,6,0.0,,0,0,6,0.0,,0,0,3,0.0,,0,0,3,0.0,,0,0,12,0.0,,0,0,10,0.0,,0,0,6,0.0,,0,0,3,0.0,,True,EQUAL_WEIGHT_PP_SUM_NOT_YEN_NOT_CAPITAL,SINGLE_POSITIVE_R_MASS_PRIVATE;SINGLE_NEGATIVE_R_MASS_PRIVATE
C0105,RISK_QUINTILE_FULL_12BAND,D-FULL,q3,ALL,UNASSESSED,SESSION,2025-08-19,0,0,0,,0,0,0,0,0,0,0,0,0,0,0,0,0,0,0,0,0,0,0,0,0,0,0,0,0,0,0,,,0,0,,,0.0,,0,0,,,0.0,,0,2,,0.0,0.0,,0,15,,0.0,0.0,,0,0,7,0.0,,0,0,4,0.0,,0,0,3,0.0,,0,0,2,0.0,,0,0,16,0.0,,0,0,10,0.0,,0,0,8,0.0,,0,0,3,0.0,,True,EQUAL_WEIGHT_PP_SUM_NOT_YEN_NOT_CAPITAL,SINGLE_POSITIVE_R_MASS_PRIVATE;SINGLE_NEGATIVE_R_MASS_PRIVATE
C0105,RISK_QUINTILE_FULL_12BAND,D-FULL,q3,ALL,UNASSESSED,SESSION,2025-08-20,0,0,0,,0,0,0,0,0,0,0,0,0,0,0,0,0,0,0,0,0,0,0,0,0,0,0,0,0,0,0,,,0,0,,,0.0,,0,2,,0.0,0.0,,0,3,,0.0,0.0,,0,13,,0.0,0.0,,0,0,4,0.0,,0,0,4,0.0,,0,0,2,0.0,,0,0,0,,,0,0,12,0.0,,0,0,12,0.0,,0,0,8,0.0,,0,0,1,0.0,,True,EQUAL_WEIGHT_PP_SUM_NOT_YEN_NOT_CAPITAL,SINGLE_POSITIVE_R_MASS_PRIVATE;SINGLE_NEGATIVE_R_MASS_PRIVATE
C0105,RISK_QUINTILE_FULL_12BAND,D-FULL,q3,ALL,UNASSESSED,SESSION,2025-08-21,0,0,0,,0,0,0,0,0,0,0,0,0,0,0,0,0,0,0,0,0,0,0,0,0,0,0,0,0,0,0,,,0,0,,,0.0,,0,3,,0.0,0.0,,0,7,,0.0,0.0,,0,15,,0.0,0.0,,0,0,2,0.0,,0,0,0,,,0,0,0,,,0,0,0,,,0,0,11,0.0,,0,0,6,0.0,,0,0,1,0.0,,0,0,0,,,True,EQUAL_WEIGHT_PP_SUM_NOT_YEN_NOT_CAPITAL,SINGLE_POSITIVE_R_MASS_PRIVATE;SINGLE_NEGATIVE_R_MASS_PRIVATE
C0105,RISK_QUINTILE_FULL_12BAND,D-FULL,q3,ALL,UNASSESSED,SESSION,2025-08-22,0,0,0,,0,0,0,0,0,0,0,0,0,0,0,0,0,0,0,0,0,0,0,0,0,0,0,0,0,0,0,,,0,2,,0.0,0.0,,0,7,,0.0,0.0,,0,10,,0.0,0.0,,0,20,,0.0,0.0,,0,0,3,0.0,,0,0,3,0.0,,0,0,2,0.0,,0,0,2,0.0,,0,0,10,0.0,,0,0,7,0.0,,0,0,4,0.0,,0,0,1,0.0,,True,EQUAL_WEIGHT_PP_SUM_NOT_YEN_NOT_CAPITAL,SINGLE_POSITIVE_R_MASS_PRIVATE;SINGLE_NEGATIVE_R_MASS_PRIVATE
C0105,RISK_QUINTILE_FULL_12BAND,D-FULL,q3,ALL,UNASSESSED,SESSION,2025-08-25,0,0,0,,0,0,0,0,0,0,0,0,0,0,0,0,0,0,0,0,0,0,0,0,0,0,0,0,0,0,0,,,0,1,,0.0,0.0,,0,2,,0.0,0.0,,0,2,,0.0,0.0,,0,10,,0.0,0.0,,0,0,6,0.0,,0,0,5,0.0,,0,0,3,0.0,,0,0,3,0.0,,0,0,15,0.0,,0,0,14,0.0,,0,0,9,0.0,,0,0,6,0.0,,True,EQUAL_WEIGHT_PP_SUM_NOT_YEN_NOT_CAPITAL,SINGLE_POSITIVE_R_MASS_PRIVATE;SINGLE_NEGATIVE_R_MASS_PRIVATE
C0105,RISK_QUINTILE_FULL_12BAND,D-FULL,q3,ALL,UNASSESSED,RANK,S,0,0,0,,0,0,0,0,0,0,0,0,0,0,0,0,0,0,0,0,0,0,0,0,0,0,0,0,0,0,0,,,0,0,,,0.0,,0,3,,0.0,0.0,,0,10,,0.0,0.0,,0,33,,0.0,0.0,,0,0,7,0.0,,0,0,5,0.0,,0,0,4,0.0,,0,0,3,0.0,,0,0,25,0.0,,0,0,22,0.0,,0,0,12,0.0,,0,0,6,0.0,,True,EQUAL_WEIGHT_PP_SUM_NOT_YEN_NOT_CAPITAL,SINGLE_POSITIVE_R_MASS_PRIVATE;SINGLE_NEGATIVE_R_MASS_PRIVATE
C0105,RISK_QUINTILE_FULL_12BAND,D-FULL,q3,ALL,UNASSESSED,RANK,A,0,0,0,,0,0,0,0,0,0,0,0,0,0,0,0,0,0,0,0,0,0,0,0,0,0,0,0,0,0,0,,,0,2,,0.0,0.0,,0,11,,0.0,0.0,,0,21,,0.0,0.0,,0,93,,0.0,0.0,,0,0,28,0.0,,0,0,23,0.0,,0,0,19,0.0,,0,0,16,0.0,,0,0,86,0.0,,0,0,69,0.0,,0,0,47,0.0,,0,0,23,0.0,,True,EQUAL_WEIGHT_PP_SUM_NOT_YEN_NOT_CAPITAL,SINGLE_POSITIVE_R_MASS_PRIVATE;SINGLE_NEGATIVE_R_MASS_PRIVATE
C0105,RISK_QUINTILE_FULL_12BAND,D-FULL,q3,ALL,UNASSESSED,RANK,B,0,0,0,,0,0,0,0,0,0,0,0,0,0,0,0,0,0,0,0,0,0,0,0,0,0,0,0,0,0,0,,,0,12,,0.0,0.0,,0,28,,0.0,0.0,,0,55,,0.0,0.0,,0,168,,0.0,0.0,,0,0,36,0.0,,0,0,25,0.0,,0,0,14,0.0,,0,0,11,0.0,,0,0,147,0.0,,0,0,95,0.0,,0,0,54,0.0,,0,0,18,0.0,,True,EQUAL_WEIGHT_PP_SUM_NOT_YEN_NOT_CAPITAL,SINGLE_POSITIVE_R_MASS_PRIVATE;SINGLE_NEGATIVE_R_MASS_PRIVATE
C0105,RISK_QUINTILE_FULL_12BAND,D-FULL,q3,ALL,UNASSESSED,RANK,C,0,0,0,,0,0,0,0,0,0,0,0,0,0,0,0,0,0,0,0,0,0,0,0,0,0,0,0,0,0,0,,,0,9,,0.0,0.0,,0,31,,0.0,0.0,,0,58,,0.0,0.0,,0,293,,0.0,0.0,,0,0,66,0.0,,0,0,46,0.0,,0,0,28,0.0,,0,0,18,0.0,,0,0,174,0.0,,0,0,111,0.0,,0,0,57,0.0,,0,0,20,0.0,,True,EQUAL_WEIGHT_PP_SUM_NOT_YEN_NOT_CAPITAL,SINGLE_POSITIVE_R_MASS_PRIVATE;SINGLE_NEGATIVE_R_MASS_PRIVATE
C0105,RISK_QUINTILE_FULL_12BAND,D-FULL,q3,ALL,UNASSESSED,EXECUTION_ELIGIBLE,TRUE,0,0,0,,0,0,0,0,0,0,0,0,0,0,0,0,0,0,0,0,0,0,0,0,0,0,0,0,0,0,0,,,0,23,,0.0,0.0,,0,73,,0.0,0.0,,0,144,,0.0,0.0,,0,587,,0.0,0.0,,0,0,137,0.0,,0,0,99,0.0,,0,0,65,0.0,,0,0,48,0.0,,0,0,432,0.0,,0,0,297,0.0,,0,0,170,0.0,,0,0,67,0.0,,True,EQUAL_WEIGHT_PP_SUM_NOT_YEN_NOT_CAPITAL,SINGLE_POSITIVE_R_MASS_PRIVATE;SINGLE_NEGATIVE_R_MASS_PRIVATE
C0105,RISK_QUINTILE_FULL_12BAND,D-FULL,q3,ALL,UNASSESSED,R0_PASS,SAB,0,0,0,,0,0,0,0,0,0,0,0,0,0,0,0,0,0,0,0,0,0,0,0,0,0,0,0,0,0,0,,,0,14,,0.0,0.0,,0,42,,0.0,0.0,,0,86,,0.0,0.0,,0,294,,0.0,0.0,,0,0,71,0.0,,0,0,53,0.0,,0,0,37,0.0,,0,0,30,0.0,,0,0,258,0.0,,0,0,186,0.0,,0,0,113,0.0,,0,0,47,0.0,,True,EQUAL_WEIGHT_PP_SUM_NOT_YEN_NOT_CAPITAL,SINGLE_POSITIVE_R_MASS_PRIVATE;SINGLE_NEGATIVE_R_MASS_PRIVATE
C0105,RISK_QUINTILE_FULL_12BAND,D-FULL,q3,ALL,UNASSESSED,E0_FUNDED,SAVED,0,0,0,,0,0,0,0,0,0,0,0,0,0,0,0,0,0,0,0,0,0,0,0,0,0,0,0,0,0,0,,,0,2,,0.0,0.0,,0,16,,0.0,0.0,,0,31,,0.0,0.0,,0,126,,0.0,0.0,,0,0,36,0.0,,0,0,28,0.0,,0,0,23,0.0,,0,0,19,0.0,,0,0,115,0.0,,0,0,96,0.0,,0,0,59,0.0,,0,0,30,0.0,,True,EQUAL_WEIGHT_PP_SUM_NOT_YEN_NOT_CAPITAL,SINGLE_POSITIVE_R_MASS_PRIVATE;SINGLE_NEGATIVE_R_MASS_PRIVATE
C0106,WITHIN_R0_RANK_RISK_12BAND,D-FULL,q3,S,HIGH_RISK_20,ALL,ALL,11,11,0,1.0,4,7,0,1,0,1,2,0,0,3,1,2,1,0,0,0,0,4,4,4,3,2,1,1,0,1,0,18.6601381324381,11.836037890148146,0,0,0.0,,0.0,,1,3,0.09090909090909091,0.3333333333333333,0.6923076923076923,1.4444444444444444,3,10,0.2727272727272727,0.3,3.137179487179487,0.9562729873314262,7,33,0.6363636363636364,0.21212121212121213,8.655128205128205,0.8087690712487039,4,11,7,0.5714285714285714,0.36363636363636365,2,11,5,0.4,0.18181818181818182,1,11,4,0.25,0.09090909090909091,1,11,3,0.3333333333333333,0.09090909090909091,7,11,25,0.28,0.6363636363636364,7,11,22,0.3181818181818182,0.6363636363636364,5,11,12,0.4166666666666667,0.45454545454545453,3,11,6,0.5,0.2727272727272727,False,EQUAL_WEIGHT_PP_SUM_NOT_YEN_NOT_CAPITAL,
C0106,WITHIN_R0_RANK_RISK_12BAND,D-FULL,q3,S,HIGH_RISK_20,BLOCK,1,3,3,0,1.0,1,2,0,1,0,0,0,0,0,0,1,0,1,0,0,0,0,1,2,1,1,1,1,1,0,1,0,,5.153621536339268,0,0,0.0,,0.0,,1,3,0.3333333333333333,0.3333333333333333,0.6923076923076923,1.4444444444444444,1,5,0.3333333333333333,0.2,1.1538461538461537,0.8666666666666667,2,11,0.6666666666666666,0.18181818181818182,2.5384615384615383,0.7878787878787878,1,3,1,1.0,0.3333333333333333,1,3,1,1.0,0.3333333333333333,1,3,1,1.0,0.3333333333333333,1,3,1,1.0,0.3333333333333333,2,3,8,0.25,0.6666666666666666,2,3,5,0.4,0.6666666666666666,2,3,2,1.0,0.6666666666666666,1,3,1,1.0,0.3333333333333333,True,EQUAL_WEIGHT_PP_SUM_NOT_YEN_NOT_CAPITAL,SINGLE_POSITIVE_R_MASS_PRIVATE
C0106,WITHIN_R0_RANK_RISK_12BAND,D-FULL,q3,S,HIGH_RISK_20,BLOCK,2,1,1,0,1.0,0,1,0,0,0,0,0,0,0,0,0,1,0,0,0,0,0,0,1,0,1,0,0,0,0,0,0,,,0,0,0.0,,0.0,,0,0,0.0,,0.0,,1,1,1.0,1.0,1.0,1.0,1,1,1.0,1.0,1.0,1.0,0,1,0,,0.0,0,1,0,,0.0,0,1,0,,0.0,0,1,0,,0.0,1,1,1,1.0,1.0,1,1,1,1.0,1.0,1,1,1,1.0,1.0,1,1,1,1.0,1.0,True,EQUAL_WEIGHT_PP_SUM_NOT_YEN_NOT_CAPITAL,SINGLE_POSITIVE_R_MASS_PRIVATE;SINGLE_NEGATIVE_R_MASS_PRIVATE
C0106,WITHIN_R0_RANK_RISK_12BAND,D-FULL,q3,S,HIGH_RISK_20,BLOCK,3,2,2,0,1.0,1,1,0,0,0,0,1,0,0,1,0,0,0,0,0,0,0,1,0,1,0,0,0,0,0,0,0,,,0,0,0.0,,0.0,,0,0,0.0,,0.0,,0,2,0.0,0.0,0.4,0.0,1,8,0.5,0.125,1.6,0.625,1,2,2,0.5,0.5,0,2,1,0.0,0.0,0,2,1,0.0,0.0,0,2,1,0.0,0.0,1,2,4,0.25,0.5,1,2,4,0.25,0.5,1,2,3,0.3333333333333333,0.5,1,2,2,0.5,0.5,True,EQUAL_WEIGHT_PP_SUM_NOT_YEN_NOT_CAPITAL,SINGLE_POSITIVE_R_MASS_PRIVATE;SINGLE_NEGATIVE_R_MASS_PRIVATE
C0106,WITHIN_R0_RANK_RISK_12BAND,D-FULL,q3,S,HIGH_RISK_20,BLOCK,4,2,2,0,1.0,1,1,0,0,0,0,1,0,0,1,0,0,0,0,0,0,0,1,0,1,0,0,0,0,0,0,0,,,0,0,0.0,,0.0,,0,0,0.0,,0.0,,0,1,0.0,0.0,0.25,0.0,1,5,0.5,0.2,1.25,0.8,1,2,3,0.3333333333333333,0.5,0,2,2,0.0,0.0,0,2,2,0.0,0.0,0,2,1,0.0,0.0,2,2,6,0.3333333333333333,1.0,2,2,6,0.3333333333333333,1.0,0,2,2,0.0,0.0,0,2,2,0.0,0.0,True,EQUAL_WEIGHT_PP_SUM_NOT_YEN_NOT_CAPITAL,SINGLE_POSITIVE_R_MASS_PRIVATE;SINGLE_NEGATIVE_R_MASS_PRIVATE
C0106,WITHIN_R0_RANK_RISK_12BAND,D-FULL,q3,S,HIGH_RISK_20,BLOCK,5,1,1,0,1.0,0,1,0,0,0,0,0,0,0,1,0,0,0,0,0,0,0,0,0,0,0,0,0,0,0,0,0,,,0,0,0.0,,0.0,,0,0,0.0,,0.0,,0,0,0.0,,0.0,,1,3,1.0,0.3333333333333333,1.0,1.0,0,1,0,,0.0,0,1,0,,0.0,0,1,0,,0.0,0,1,0,,0.0,0,1,1,0.0,0.0,0,1,1,0.0,0.0,0,1,1,0.0,0.0,0,1,0,,0.0,True,EQUAL_WEIGHT_PP_SUM_NOT_YEN_NOT_CAPITAL,SINGLE_POSITIVE_R_MASS_PRIVATE;SINGLE_NEGATIVE_R_MASS_PRIVATE
C0106,WITHIN_R0_RANK_RISK_12BAND,D-FULL,q3,S,HIGH_RISK_20,BLOCK,6,0,0,0,,0,0,0,0,0,0,0,0,0,0,0,0,0,0,0,0,0,0,0,0,0,0,0,0,0,0,0,,,0,0,,,0.0,,0,0,,,0.0,,0,0,,,0.0,,0,0,,,0.0,,0,0,0,,,0,0,0,,,0,0,0,,,0,0,0,,,0,0,0,,,0,0,0,,,0,0,0,,,0,0,0,,,True,EQUAL_WEIGHT_PP_SUM_NOT_YEN_NOT_CAPITAL,SINGLE_POSITIVE_R_MASS_PRIVATE;SINGLE_NEGATIVE_R_MASS_PRIVATE
C0106,WITHIN_R0_RANK_RISK_12BAND,D-FULL,q3,S,HIGH_RISK_20,BLOCK,7,1,1,0,1.0,1,0,0,0,0,1,0,0,0,0,0,0,0,0,0,0,0,1,0,1,0,1,0,0,0,0,0,,,0,0,0.0,,0.0,,0,0,0.0,,0.0,,0,0,0.0,,0.0,,0,3,0.0,0.0,0.6,0.0,1,1,1,1.0,1.0,1,1,1,1.0,1.0,0,1,0,,0.0,0,1,0,,0.0,1,1,3,0.3333333333333333,1.0,1,1,3,0.3333333333333333,1.0,1,1,2,0.5,1.0,0,1,0,,0.0,True,EQUAL_WEIGHT_PP_SUM_NOT_YEN_NOT_CAPITAL,SINGLE_POSITIVE_R_MASS_PRIVATE;SINGLE_NEGATIVE_R_MASS_PRIVATE
C0106,WITHIN_R0_RANK_RISK_12BAND,D-FULL,q3,S,HIGH_RISK_20,BLOCK,8,1,1,0,1.0,0,1,0,0,0,0,0,0,0,0,0,1,0,0,0,0,0,0,1,0,1,0,0,0,0,0,0,,,0,0,0.0,,0.0,,0,0,0.0,,0.0,,1,1,1.0,1.0,0.3333333333333333,3.0,1,2,1.0,0.5,0.6666666666666666,1.5,0,1,0,,0.0,0,1,0,,0.0,0,1,0,,0.0,0,1,0,,0.0,0,1,2,0.0,0.0,0,1,2,0.0,0.0,0,1,1,0.0,0.0,0,1,0,,0.0,True,EQUAL_WEIGHT_PP_SUM_NOT_YEN_NOT_CAPITAL,SINGLE_POSITIVE_R_MASS_PRIVATE;SINGLE_NEGATIVE_R_MASS_PRIVATE
C0106,WITHIN_R0_RANK_RISK_12BAND,D-FULL,q3,S,HIGH_RISK_20,SESSION,2025-06-27,1,1,0,1.0,1,0,0,1,0,0,0,0,0,0,0,0,0,0,0,0,0,1,0,1,0,1,0,1,0,1,0,,,0,0,0.0,,0.0,,0,0,0.0,,0.0,,0,0,0.0,,0.0,,0,2,0.0,0.0,0.6666666666666666,0.0,1,1,1,1.0,1.0,1,1,1,1.0,1.0,1,1,1,1.0,1.0,1,1,1,1.0,1.0,1,1,2,0.5,1.0,1,1,2,0.5,1.0,1,1,1,1.0,1.0,1,1,1,1.0,1.0,True,EQUAL_WEIGHT_PP_SUM_NOT_YEN_NOT_CAPITAL,SINGLE_POSITIVE_R_MASS_PRIVATE;SINGLE_NEGATIVE_R_MASS_PRIVATE
C0106,WITHIN_R0_RANK_RISK_12BAND,D-FULL,q3,S,HIGH_RISK_20,SESSION,2025-06-30,1,1,0,1.0,0,1,0,0,0,0,0,0,0,0,0,0,1,0,0,0,0,0,1,0,1,0,1,0,0,0,0,,,0,0,0.0,,0.0,,1,1,1.0,1.0,0.3333333333333333,3.0,1,2,1.0,0.5,0.6666666666666666,1.5,1,3,1.0,0.3333333333333333,1.0,1.0,0,1,0,,0.0,0,1,0,,0.0,0,1,0,,0.0,0,1,0,,0.0,0,1,1,0.0,0.0,0,1,0,,0.0,0,1,0,,0.0,0,1,0,,0.0,True,EQUAL_WEIGHT_PP_SUM_NOT_YEN_NOT_CAPITAL,SINGLE_POSITIVE_R_MASS_PRIVATE;SINGLE_NEGATIVE_R_MASS_PRIVATE
C0106,WITHIN_R0_RANK_RISK_12BAND,D-FULL,q3,S,HIGH_RISK_20,SESSION,2025-07-01,1,1,0,1.0,0,1,0,0,0,0,0,0,0,0,1,0,0,0,0,0,0,0,1,0,0,0,0,0,0,0,0,,,0,0,0.0,,0.0,,0,1,0.0,0.0,0.5,0.0,0,1,0.0,0.0,0.5,0.0,1,2,1.0,0.5,1.0,1.0,0,1,0,,0.0,0,1,0,,0.0,0,1,0,,0.0,0,1,0,,0.0,1,1,2,0.5,1.0,1,1,1,1.0,1.0,1,1,1,1.0,1.0,0,1,0,,0.0,True,EQUAL_WEIGHT_PP_SUM_NOT_YEN_NOT_CAPITAL,SINGLE_POSITIVE_R_MASS_PRIVATE;SINGLE_NEGATIVE_R_MASS_PRIVATE
C0106,WITHIN_R0_RANK_RISK_12BAND,D-FULL,q3,S,HIGH_RISK_20,SESSION,2025-07-02,0,0,0,,0,0,0,0,0,0,0,0,0,0,0,0,0,0,0,0,0,0,0,0,0,0,0,0,0,0,0,,,0,0,,,0.0,,0,1,,0.0,0.0,,0,2,,0.0,0.0,,0,4,,0.0,0.0,,0,0,0,,,0,0,0,,,0,0,0,,,0,0,0,,,0,0,3,0.0,,0,0,2,0.0,,0,0,0,,,0,0,0,,,True,EQUAL_WEIGHT_PP_SUM_NOT_YEN_NOT_CAPITAL,SINGLE_POSITIVE_R_MASS_PRIVATE;SINGLE_NEGATIVE_R_MASS_PRIVATE
C0106,WITHIN_R0_RANK_RISK_12BAND,D-FULL,q3,S,HIGH_RISK_20,SESSION,2025-07-03,0,0,0,,0,0,0,0,0,0,0,0,0,0,0,0,0,0,0,0,0,0,0,0,0,0,0,0,0,0,0,,,0,0,,,0.0,,0,0,,,0.0,,0,0,,,0.0,,0,0,,,0.0,,0,0,0,,,0,0,0,,,0,0,0,,,0,0,0,,,0,0,0,,,0,0,0,,,0,0,0,,,0,0,0,,,True,EQUAL_WEIGHT_PP_SUM_NOT_YEN_NOT_CAPITAL,SINGLE_POSITIVE_R_MASS_PRIVATE;SINGLE_NEGATIVE_R_MASS_PRIVATE
C0106,WITHIN_R0_RANK_RISK_12BAND,D-FULL,q3,S,HIGH_RISK_20,SESSION,2025-07-04,0,0,0,,0,0,0,0,0,0,0,0,0,0,0,0,0,0,0,0,0,0,0,0,0,0,0,0,0,0,0,,,0,0,,,0.0,,0,0,,,0.0,,0,0,,,0.0,,0,0,,,0.0,,0,0,0,,,0,0,0,,,0,0,0,,,0,0,0,,,0,0,0,,,0,0,0,,,0,0,0,,,0,0,0,,,True,EQUAL_WEIGHT_PP_SUM_NOT_YEN_NOT_CAPITAL,SINGLE_POSITIVE_R_MASS_PRIVATE;SINGLE_NEGATIVE_R_MASS_PRIVATE
C0106,WITHIN_R0_RANK_RISK_12BAND,D-FULL,q3,S,HIGH_RISK_20,SESSION,2025-07-07,0,0,0,,0,0,0,0,0,0,0,0,0,0,0,0,0,0,0,0,0,0,0,0,0,0,0,0,0,0,0,,,0,0,,,0.0,,0,0,,,0.0,,0,0,,,0.0,,0,0,,,0.0,,0,0,0,,,0,0,0,,,0,0,0,,,0,0,0,,,0,0,0,,,0,0,0,,,0,0,0,,,0,0,0,,,True,EQUAL_WEIGHT_PP_SUM_NOT_YEN_NOT_CAPITAL,SINGLE_POSITIVE_R_MASS_PRIVATE;SINGLE_NEGATIVE_R_MASS_PRIVATE
C0106,WITHIN_R0_RANK_RISK_12BAND,D-FULL,q3,S,HIGH_RISK_20,SESSION,2025-07-08,1,1,0,1.0,0,1,0,0,0,0,0,0,0,0,0,1,0,0,0,0,0,0,1,0,1,0,0,0,0,0,0,,,0,0,0.0,,0.0,,0,0,0.0,,0.0,,1,1,1.0,1.0,1.0,1.0,1,1,1.0,1.0,1.0,1.0,0,1,0,,0.0,0,1,0,,0.0,0,1,0,,0.0,0,1,0,,0.0,1,1,1,1.0,1.0,1,1,1,1.0,1.0,1,1,1,1.0,1.0,1,1,1,1.0,1.0,True,EQUAL_WEIGHT_PP_SUM_NOT_YEN_NOT_CAPITAL,SINGLE_POSITIVE_R_MASS_PRIVATE;SINGLE_NEGATIVE_R_MASS_PRIVATE
C0106,WITHIN_R0_RANK_RISK_12BAND,D-FULL,q3,S,HIGH_RISK_20,SESSION,2025-07-09,0,0,0,,0,0,0,0,0,0,0,0,0,0,0,0,0,0,0,0,0,0,0,0,0,0,0,0,0,0,0,,,0,0,,,0.0,,0,0,,,0.0,,0,0,,,0.0,,0,0,,,0.0,,0,0,0,,,0,0,0,,,0,0,0,,,0,0,0,,,0,0,0,,,0,0,0,,,0,0,0,,,0,0,0,,,True,EQUAL_WEIGHT_PP_SUM_NOT_YEN_NOT_CAPITAL,SINGLE_POSITIVE_R_MASS_PRIVATE;SINGLE_NEGATIVE_R_MASS_PRIVATE
C0106,WITHIN_R0_RANK_RISK_12BAND,D-FULL,q3,S,HIGH_RISK_20,SESSION,2025-07-10,0,0,0,,0,0,0,0,0,0,0,0,0,0,0,0,0,0,0,0,0,0,0,0,0,0,0,0,0,0,0,,,0,0,,,0.0,,0,0,,,0.0,,0,0,,,0.0,,0,0,,,0.0,,0,0,0,,,0,0,0,,,0,0,0,,,0,0,0,,,0,0,0,,,0,0,0,,,0,0,0,,,0,0,0,,,True,EQUAL_WEIGHT_PP_SUM_NOT_YEN_NOT_CAPITAL,SINGLE_POSITIVE_R_MASS_PRIVATE;SINGLE_NEGATIVE_R_MASS_PRIVATE
C0106,WITHIN_R0_RANK_RISK_12BAND,D-FULL,q3,S,HIGH_RISK_20,SESSION,2025-07-15,1,1,0,1.0,1,0,0,0,0,0,1,0,0,0,0,0,0,0,0,0,0,1,0,1,0,0,0,0,0,0,0,,,0,0,0.0,,0.0,,0,0,0.0,,0.0,,0,0,0.0,,0.0,,0,1,0.0,0.0,0.5,0.0,1,1,1,1.0,1.0,0,1,0,,0.0,0,1,0,,0.0,0,1,0,,0.0,1,1,1,1.0,1.0,1,1,1,1.0,1.0,1,1,1,1.0,1.0,1,1,1,1.0,1.0,True,EQUAL_WEIGHT_PP_SUM_NOT_YEN_NOT_CAPITAL,SINGLE_POSITIVE_R_MASS_PRIVATE;SINGLE_NEGATIVE_R_MASS_PRIVATE
C0106,WITHIN_R0_RANK_RISK_12BAND,D-FULL,q3,S,HIGH_RISK_20,SESSION,2025-07-16,1,1,0,1.0,0,1,0,0,0,0,0,0,0,1,0,0,0,0,0,0,0,0,0,0,0,0,0,0,0,0,0,,,0,0,0.0,,0.0,,0,0,0.0,,0.0,,0,0,0.0,,0.0,,1,2,1.0,0.5,0.6666666666666666,1.5,0,1,1,0.0,0.0,0,1,1,0.0,0.0,0,1,1,0.0,0.0,0,1,1,0.0,0.0,0,1,2,0.0,0.0,0,1,2,0.0,0.0,0,1,1,0.0,0.0,0,1,1,0.0,0.0,True,EQUAL_WEIGHT_PP_SUM_NOT_YEN_NOT_CAPITAL,SINGLE_POSITIVE_R_MASS_PRIVATE;SINGLE_NEGATIVE_R_MASS_PRIVATE
C0106,WITHIN_R0_RANK_RISK_12BAND,D-FULL,q3,S,HIGH_RISK_20,SESSION,2025-07-17,0,0,0,,0,0,0,0,0,0,0,0,0,0,0,0,0,0,0,0,0,0,0,0,0,0,0,0,0,0,0,,,0,0,,,0.0,,0,0,,,0.0,,0,0,,,0.0,,0,2,,0.0,0.0,,0,0,0,,,0,0,0,,,0,0,0,,,0,0,0,,,0,0,0,,,0,0,0,,,0,0,0,,,0,0,0,,,True,EQUAL_WEIGHT_PP_SUM_NOT_YEN_NOT_CAPITAL,SINGLE_POSITIVE_R_MASS_PRIVATE;SINGLE_NEGATIVE_R_MASS_PRIVATE
C0106,WITHIN_R0_RANK_RISK_12BAND,D-FULL,q3,S,HIGH_RISK_20,SESSION,2025-07-18,0,0,0,,0,0,0,0,0,0,0,0,0,0,0,0,0,0,0,0,0,0,0,0,0,0,0,0,0,0,0,,,0,0,,,0.0,,0,0,,,0.0,,0,0,,,0.0,,0,1,,0.0,0.0,,0,0,0,,,0,0,0,,,0,0,0,,,0,0,0,,,0,0,1,0.0,,0,0,1,0.0,,0,0,1,0.0,,0,0,0,,,True,EQUAL_WEIGHT_PP_SUM_NOT_YEN_NOT_CAPITAL,SINGLE_POSITIVE_R_MASS_PRIVATE;SINGLE_NEGATIVE_R_MASS_PRIVATE
C0106,WITHIN_R0_RANK_RISK_12BAND,D-FULL,q3,S,HIGH_RISK_20,SESSION,2025-07-22,0,0,0,,0,0,0,0,0,0,0,0,0,0,0,0,0,0,0,0,0,0,0,0,0,0,0,0,0,0,0,,,0,0,,,0.0,,0,0,,,0.0,,0,2,,0.0,0.0,,0,2,,0.0,0.0,,0,0,0,,,0,0,0,,,0,0,0,,,0,0,0,,,0,0,0,,,0,0,0,,,0,0,0,,,0,0,0,,,True,EQUAL_WEIGHT_PP_SUM_NOT_YEN_NOT_CAPITAL,SINGLE_POSITIVE_R_MASS_PRIVATE;SINGLE_NEGATIVE_R_MASS_PRIVATE
C0106,WITHIN_R0_RANK_RISK_12BAND,D-FULL,q3,S,HIGH_RISK_20,SESSION,2025-07-23,1,1,0,1.0,0,1,0,0,0,0,0,0,0,1,0,0,0,0,0,0,0,0,0,0,0,0,0,0,0,0,0,,,0,0,0.0,,0.0,,0,0,0.0,,0.0,,0,0,0.0,,0.0,,1,1,1.0,1.0,1.0,1.0,0,1,0,,0.0,0,1,0,,0.0,0,1,0,,0.0,0,1,0,,0.0,1,1,1,1.0,1.0,1,1,1,1.0,1.0,0,1,0,,0.0,0,1,0,,0.0,True,EQUAL_WEIGHT_PP_SUM_NOT_YEN_NOT_CAPITAL,SINGLE_POSITIVE_R_MASS_PRIVATE;SINGLE_NEGATIVE_R_MASS_PRIVATE
C0106,WITHIN_R0_RANK_RISK_12BAND,D-FULL,q3,S,HIGH_RISK_20,SESSION,2025-07-24,0,0,0,,0,0,0,0,0,0,0,0,0,0,0,0,0,0,0,0,0,0,0,0,0,0,0,0,0,0,0,,,0,0,,,0.0,,0,0,,,0.0,,0,0,,,0.0,,0,1,,0.0,0.0,,0,0,1,0.0,,0,0,1,0.0,,0,0,1,0.0,,0,0,0,,,0,0,1,0.0,,0,0,1,0.0,,0,0,0,,,0,0,0,,,True,EQUAL_WEIGHT_PP_SUM_NOT_YEN_NOT_CAPITAL,SINGLE_POSITIVE_R_MASS_PRIVATE;SINGLE_NEGATIVE_R_MASS_PRIVATE
C0106,WITHIN_R0_RANK_RISK_12BAND,D-FULL,q3,S,HIGH_RISK_20,SESSION,2025-07-25,0,0,0,,0,0,0,0,0,0,0,0,0,0,0,0,0,0,0,0,0,0,0,0,0,0,0,0,0,0,0,,,0,0,,,0.0,,0,0,,,0.0,,0,1,,0.0,0.0,,0,1,,0.0,0.0,,0,0,0,,,0,0,0,,,0,0,0,,,0,0,0,,,0,0,0,,,0,0,0,,,0,0,0,,,0,0,0,,,True,EQUAL_WEIGHT_PP_SUM_NOT_YEN_NOT_CAPITAL,SINGLE_POSITIVE_R_MASS_PRIVATE;SINGLE_NEGATIVE_R_MASS_PRIVATE
C0106,WITHIN_R0_RANK_RISK_12BAND,D-FULL,q3,S,HIGH_RISK_20,SESSION,2025-07-28,1,1,0,1.0,1,0,0,0,0,0,1,0,0,0,0,0,0,0,0,0,0,1,0,1,0,0,0,0,0,0,0,,,0,0,0.0,,0.0,,0,0,0.0,,0.0,,0,0,0.0,,0.0,,0,0,0.0,,0.0,,1,1,2,0.5,1.0,0,1,1,0.0,0.0,0,1,1,0.0,0.0,0,1,1,0.0,0.0,1,1,2,0.5,1.0,1,1,2,0.5,1.0,0,1,1,0.0,0.0,0,1,1,0.0,0.0,True,EQUAL_WEIGHT_PP_SUM_NOT_YEN_NOT_CAPITAL,SINGLE_POSITIVE_R_MASS_PRIVATE;SINGLE_NEGATIVE_R_MASS_PRIVATE
C0106,WITHIN_R0_RANK_RISK_12BAND,D-FULL,q3,S,HIGH_RISK_20,SESSION,2025-07-29,0,0,0,,0,0,0,0,0,0,0,0,0,0,0,0,0,0,0,0,0,0,0,0,0,0,0,0,0,0,0,,,0,0,,,0.0,,0,0,,,0.0,,0,0,,,0.0,,0,2,,0.0,0.0,,0,0,0,,,0,0,0,,,0,0,0,,,0,0,0,,,0,0,2,0.0,,0,0,2,0.0,,0,0,1,0.0,,0,0,1,0.0,,True,EQUAL_WEIGHT_PP_SUM_NOT_YEN_NOT_CAPITAL,SINGLE_POSITIVE_R_MASS_PRIVATE;SINGLE_NEGATIVE_R_MASS_PRIVATE
C0106,WITHIN_R0_RANK_RISK_12BAND,D-FULL,q3,S,HIGH_RISK_20,SESSION,2025-07-30,0,0,0,,0,0,0,0,0,0,0,0,0,0,0,0,0,0,0,0,0,0,0,0,0,0,0,0,0,0,0,,,0,0,,,0.0,,0,0,,,0.0,,0,0,,,0.0,,0,0,,,0.0,,0,0,0,,,0,0,0,,,0,0,0,,,0,0,0,,,0,0,0,,,0,0,0,,,0,0,0,,,0,0,0,,,True,EQUAL_WEIGHT_PP_SUM_NOT_YEN_NOT_CAPITAL,SINGLE_POSITIVE_R_MASS_PRIVATE;SINGLE_NEGATIVE_R_MASS_PRIVATE
C0106,WITHIN_R0_RANK_RISK_12BAND,D-FULL,q3,S,HIGH_RISK_20,SESSION,2025-07-31,0,0,0,,0,0,0,0,0,0,0,0,0,0,0,0,0,0,0,0,0,0,0,0,0,0,0,0,0,0,0,,,0,0,,,0.0,,0,0,,,0.0,,0,0,,,0.0,,0,0,,,0.0,,0,0,0,,,0,0,0,,,0,0,0,,,0,0,0,,,0,0,0,,,0,0,0,,,0,0,0,,,0,0,0,,,True,EQUAL_WEIGHT_PP_SUM_NOT_YEN_NOT_CAPITAL,SINGLE_POSITIVE_R_MASS_PRIVATE;SINGLE_NEGATIVE_R_MASS_PRIVATE
C0106,WITHIN_R0_RANK_RISK_12BAND,D-FULL,q3,S,HIGH_RISK_20,SESSION,2025-08-01,0,0,0,,0,0,0,0,0,0,0,0,0,0,0,0,0,0,0,0,0,0,0,0,0,0,0,0,0,0,0,,,0,0,,,0.0,,0,0,,,0.0,,0,0,,,0.0,,0,0,,,0.0,,0,0,0,,,0,0,0,,,0,0,0,,,0,0,0,,,0,0,0,,,0,0,0,,,0,0,0,,,0,0,0,,,True,EQUAL_WEIGHT_PP_SUM_NOT_YEN_NOT_CAPITAL,SINGLE_POSITIVE_R_MASS_PRIVATE;SINGLE_NEGATIVE_R_MASS_PRIVATE
C0106,WITHIN_R0_RANK_RISK_12BAND,D-FULL,q3,S,HIGH_RISK_20,SESSION,2025-08-04,0,0,0,,0,0,0,0,0,0,0,0,0,0,0,0,0,0,0,0,0,0,0,0,0,0,0,0,0,0,0,,,0,0,,,0.0,,0,0,,,0.0,,0,0,,,0.0,,0,0,,,0.0,,0,0,0,,,0,0,0,,,0,0,0,,,0,0,0,,,0,0,0,,,0,0,0,,,0,0,0,,,0,0,0,,,True,EQUAL_WEIGHT_PP_SUM_NOT_YEN_NOT_CAPITAL,SINGLE_POSITIVE_R_MASS_PRIVATE;SINGLE_NEGATIVE_R_MASS_PRIVATE
C0106,WITHIN_R0_RANK_RISK_12BAND,D-FULL,q3,S,HIGH_RISK_20,SESSION,2025-08-05,1,1,0,1.0,0,1,0,0,0,0,0,0,0,1,0,0,0,0,0,0,0,0,0,0,0,0,0,0,0,0,0,,,0,0,0.0,,0.0,,0,0,0.0,,0.0,,0,0,0.0,,0.0,,1,3,1.0,0.3333333333333333,1.0,1.0,0,1,0,,0.0,0,1,0,,0.0,0,1,0,,0.0,0,1,0,,0.0,0,1,1,0.0,0.0,0,1,1,0.0,0.0,0,1,1,0.0,0.0,0,1,0,,0.0,True,EQUAL_WEIGHT_PP_SUM_NOT_YEN_NOT_CAPITAL,SINGLE_POSITIVE_R_MASS_PRIVATE;SINGLE_NEGATIVE_R_MASS_PRIVATE
C0106,WITHIN_R0_RANK_RISK_12BAND,D-FULL,q3,S,HIGH_RISK_20,SESSION,2025-08-06,0,0,0,,0,0,0,0,0,0,0,0,0,0,0,0,0,0,0,0,0,0,0,0,0,0,0,0,0,0,0,,,0,0,,,0.0,,0,0,,,0.0,,0,0,,,0.0,,0,0,,,0.0,,0,0,0,,,0,0,0,,,0,0,0,,,0,0,0,,,0,0,0,,,0,0,0,,,0,0,0,,,0,0,0,,,True,EQUAL_WEIGHT_PP_SUM_NOT_YEN_NOT_CAPITAL,SINGLE_POSITIVE_R_MASS_PRIVATE;SINGLE_NEGATIVE_R_MASS_PRIVATE
C0106,WITHIN_R0_RANK_RISK_12BAND,D-FULL,q3,S,HIGH_RISK_20,SESSION,2025-08-07,0,0,0,,0,0,0,0,0,0,0,0,0,0,0,0,0,0,0,0,0,0,0,0,0,0,0,0,0,0,0,,,0,0,,,0.0,,0,0,,,0.0,,0,0,,,0.0,,0,0,,,0.0,,0,0,0,,,0,0,0,,,0,0,0,,,0,0,0,,,0,0,0,,,0,0,0,,,0,0,0,,,0,0,0,,,True,EQUAL_WEIGHT_PP_SUM_NOT_YEN_NOT_CAPITAL,SINGLE_POSITIVE_R_MASS_PRIVATE;SINGLE_NEGATIVE_R_MASS_PRIVATE
C0106,WITHIN_R0_RANK_RISK_12BAND,D-FULL,q3,S,HIGH_RISK_20,SESSION,2025-08-08,0,0,0,,0,0,0,0,0,0,0,0,0,0,0,0,0,0,0,0,0,0,0,0,0,0,0,0,0,0,0,,,0,0,,,0.0,,0,0,,,0.0,,0,0,,,0.0,,0,0,,,0.0,,0,0,0,,,0,0,0,,,0,0,0,,,0,0,0,,,0,0,0,,,0,0,0,,,0,0,0,,,0,0,0,,,True,EQUAL_WEIGHT_PP_SUM_NOT_YEN_NOT_CAPITAL,SINGLE_POSITIVE_R_MASS_PRIVATE;SINGLE_NEGATIVE_R_MASS_PRIVATE
C0106,WITHIN_R0_RANK_RISK_12BAND,D-FULL,q3,S,HIGH_RISK_20,SESSION,2025-08-12,0,0,0,,0,0,0,0,0,0,0,0,0,0,0,0,0,0,0,0,0,0,0,0,0,0,0,0,0,0,0,,,0,0,,,0.0,,0,0,,,0.0,,0,0,,,0.0,,0,0,,,0.0,,0,0,0,,,0,0,0,,,0,0,0,,,0,0,0,,,0,0,0,,,0,0,0,,,0,0,0,,,0,0,0,,,True,EQUAL_WEIGHT_PP_SUM_NOT_YEN_NOT_CAPITAL,SINGLE_POSITIVE_R_MASS_PRIVATE;SINGLE_NEGATIVE_R_MASS_PRIVATE
C0106,WITHIN_R0_RANK_RISK_12BAND,D-FULL,q3,S,HIGH_RISK_20,SESSION,2025-08-13,0,0,0,,0,0,0,0,0,0,0,0,0,0,0,0,0,0,0,0,0,0,0,0,0,0,0,0,0,0,0,,,0,0,,,0.0,,0,0,,,0.0,,0,0,,,0.0,,0,0,,,0.0,,0,0,0,,,0,0,0,,,0,0,0,,,0,0,0,,,0,0,0,,,0,0,0,,,0,0,0,,,0,0,0,,,True,EQUAL_WEIGHT_PP_SUM_NOT_YEN_NOT_CAPITAL,SINGLE_POSITIVE_R_MASS_PRIVATE;SINGLE_NEGATIVE_R_MASS_PRIVATE
C0106,WITHIN_R0_RANK_RISK_12BAND,D-FULL,q3,S,HIGH_RISK_20,SESSION,2025-08-14,0,0,0,,0,0,0,0,0,0,0,0,0,0,0,0,0,0,0,0,0,0,0,0,0,0,0,0,0,0,0,,,0,0,,,0.0,,0,0,,,0.0,,0,0,,,0.0,,0,0,,,0.0,,0,0,0,,,0,0,0,,,0,0,0,,,0,0,0,,,0,0,1,0.0,,0,0,1,0.0,,0,0,1,0.0,,0,0,0,,,True,EQUAL_WEIGHT_PP_SUM_NOT_YEN_NOT_CAPITAL,SINGLE_POSITIVE_R_MASS_PRIVATE;SINGLE_NEGATIVE_R_MASS_PRIVATE
C0106,WITHIN_R0_RANK_RISK_12BAND,D-FULL,q3,S,HIGH_RISK_20,SESSION,2025-08-15,0,0,0,,0,0,0,0,0,0,0,0,0,0,0,0,0,0,0,0,0,0,0,0,0,0,0,0,0,0,0,,,0,0,,,0.0,,0,0,,,0.0,,0,0,,,0.0,,0,3,,0.0,0.0,,0,0,0,,,0,0,0,,,0,0,0,,,0,0,0,,,0,0,1,0.0,,0,0,1,0.0,,0,0,0,,,0,0,0,,,True,EQUAL_WEIGHT_PP_SUM_NOT_YEN_NOT_CAPITAL,SINGLE_POSITIVE_R_MASS_PRIVATE;SINGLE_NEGATIVE_R_MASS_PRIVATE
C0106,WITHIN_R0_RANK_RISK_12BAND,D-FULL,q3,S,HIGH_RISK_20,SESSION,2025-08-18,1,1,0,1.0,1,0,0,0,0,1,0,0,0,0,0,0,0,0,0,0,0,1,0,1,0,1,0,0,0,0,0,,,0,0,0.0,,0.0,,0,0,0.0,,0.0,,0,0,0.0,,0.0,,0,0,0.0,,0.0,,1,1,1,1.0,1.0,1,1,1,1.0,1.0,0,1,0,,0.0,0,1,0,,0.0,1,1,1,1.0,1.0,1,1,1,1.0,1.0,1,1,1,1.0,1.0,0,1,0,,0.0,True,EQUAL_WEIGHT_PP_SUM_NOT_YEN_NOT_CAPITAL,SINGLE_POSITIVE_R_MASS_PRIVATE;SINGLE_NEGATIVE_R_MASS_PRIVATE
C0106,WITHIN_R0_RANK_RISK_12BAND,D-FULL,q3,S,HIGH_RISK_20,SESSION,2025-08-19,0,0,0,,0,0,0,0,0,0,0,0,0,0,0,0,0,0,0,0,0,0,0,0,0,0,0,0,0,0,0,,,0,0,,,0.0,,0,0,,,0.0,,0,0,,,0.0,,0,0,,,0.0,,0,0,0,,,0,0,0,,,0,0,0,,,0,0,0,,,0,0,0,,,0,0,0,,,0,0,0,,,0,0,0,,,True,EQUAL_WEIGHT_PP_SUM_NOT_YEN_NOT_CAPITAL,SINGLE_POSITIVE_R_MASS_PRIVATE;SINGLE_NEGATIVE_R_MASS_PRIVATE
C0106,WITHIN_R0_RANK_RISK_12BAND,D-FULL,q3,S,HIGH_RISK_20,SESSION,2025-08-20,0,0,0,,0,0,0,0,0,0,0,0,0,0,0,0,0,0,0,0,0,0,0,0,0,0,0,0,0,0,0,,,0,0,,,0.0,,0,0,,,0.0,,0,0,,,0.0,,0,0,,,0.0,,0,0,0,,,0,0,0,,,0,0,0,,,0,0,0,,,0,0,0,,,0,0,0,,,0,0,0,,,0,0,0,,,True,EQUAL_WEIGHT_PP_SUM_NOT_YEN_NOT_CAPITAL,SINGLE_POSITIVE_R_MASS_PRIVATE;SINGLE_NEGATIVE_R_MASS_PRIVATE
C0106,WITHIN_R0_RANK_RISK_12BAND,D-FULL,q3,S,HIGH_RISK_20,SESSION,2025-08-21,0,0,0,,0,0,0,0,0,0,0,0,0,0,0,0,0,0,0,0,0,0,0,0,0,0,0,0,0,0,0,,,0,0,,,0.0,,0,0,,,0.0,,0,0,,,0.0,,0,0,,,0.0,,0,0,0,,,0,0,0,,,0,0,0,,,0,0,0,,,0,0,1,0.0,,0,0,1,0.0,,0,0,0,,,0,0,0,,,True,EQUAL_WEIGHT_PP_SUM_NOT_YEN_NOT_CAPITAL,SINGLE_POSITIVE_R_MASS_PRIVATE;SINGLE_NEGATIVE_R_MASS_PRIVATE
C0106,WITHIN_R0_RANK_RISK_12BAND,D-FULL,q3,S,HIGH_RISK_20,SESSION,2025-08-22,1,1,0,1.0,0,1,0,0,0,0,0,0,0,0,0,1,0,0,0,0,0,0,1,0,1,0,0,0,0,0,0,,,0,0,0.0,,0.0,,0,0,0.0,,0.0,,1,1,1.0,1.0,0.5,2.0,1,2,1.0,0.5,1.0,1.0,0,1,0,,0.0,0,1,0,,0.0,0,1,0,,0.0,0,1,0,,0.0,0,1,1,0.0,0.0,0,1,1,0.0,0.0,0,1,1,0.0,0.0,0,1,0,,0.0,True,EQUAL_WEIGHT_PP_SUM_NOT_YEN_NOT_CAPITAL,SINGLE_POSITIVE_R_MASS_PRIVATE;SINGLE_NEGATIVE_R_MASS_PRIVATE
C0106,WITHIN_R0_RANK_RISK_12BAND,D-FULL,q3,S,HIGH_RISK_20,SESSION,2025-08-25,0,0,0,,0,0,0,0,0,0,0,0,0,0,0,0,0,0,0,0,0,0,0,0,0,0,0,0,0,0,0,,,0,0,,,0.0,,0,0,,,0.0,,0,0,,,0.0,,0,0,,,0.0,,0,0,0,,,0,0,0,,,0,0,0,,,0,0,0,,,0,0,0,,,0,0,0,,,0,0,0,,,0,0,0,,,True,EQUAL_WEIGHT_PP_SUM_NOT_YEN_NOT_CAPITAL,SINGLE_POSITIVE_R_MASS_PRIVATE;SINGLE_NEGATIVE_R_MASS_PRIVATE
C0106,WITHIN_R0_RANK_RISK_12BAND,D-FULL,q3,S,HIGH_RISK_20,RANK,S,11,11,0,1.0,4,7,0,1,0,1,2,0,0,3,1,2,1,0,0,0,0,4,4,4,3,2,1,1,0,1,0,18.6601381324381,11.836037890148146,0,0,0.0,,0.0,,1,3,0.09090909090909091,0.3333333333333333,0.6923076923076923,1.4444444444444444,3,10,0.2727272727272727,0.3,3.137179487179487,0.9562729873314262,7,33,0.6363636363636364,0.21212121212121213,8.655128205128205,0.8087690712487039,4,11,7,0.5714285714285714,0.36363636363636365,2,11,5,0.4,0.18181818181818182,1,11,4,0.25,0.09090909090909091,1,11,3,0.3333333333333333,0.09090909090909091,7,11,25,0.28,0.6363636363636364,7,11,22,0.3181818181818182,0.6363636363636364,5,11,12,0.4166666666666667,0.45454545454545453,3,11,6,0.5,0.2727272727272727,False,EQUAL_WEIGHT_PP_SUM_NOT_YEN_NOT_CAPITAL,
C0106,WITHIN_R0_RANK_RISK_12BAND,D-FULL,q3,S,HIGH_RISK_20,RANK,A,0,0,0,,0,0,0,0,0,0,0,0,0,0,0,0,0,0,0,0,0,0,0,0,0,0,0,0,0,0,0,,,0,0,,,0.0,,0,0,,,0.0,,0,0,,,0.0,,0,0,,,0.0,,0,0,0,,,0,0,0,,,0,0,0,,,0,0,0,,,0,0,0,,,0,0,0,,,0,0,0,,,0,0,0,,,True,EQUAL_WEIGHT_PP_SUM_NOT_YEN_NOT_CAPITAL,SINGLE_POSITIVE_R_MASS_PRIVATE;SINGLE_NEGATIVE_R_MASS_PRIVATE
C0106,WITHIN_R0_RANK_RISK_12BAND,D-FULL,q3,S,HIGH_RISK_20,RANK,B,0,0,0,,0,0,0,0,0,0,0,0,0,0,0,0,0,0,0,0,0,0,0,0,0,0,0,0,0,0,0,,,0,0,,,0.0,,0,0,,,0.0,,0,0,,,0.0,,0,0,,,0.0,,0,0,0,,,0,0,0,,,0,0,0,,,0,0,0,,,0,0,0,,,0,0,0,,,0,0,0,,,0,0,0,,,True,EQUAL_WEIGHT_PP_SUM_NOT_YEN_NOT_CAPITAL,SINGLE_POSITIVE_R_MASS_PRIVATE;SINGLE_NEGATIVE_R_MASS_PRIVATE
C0106,WITHIN_R0_RANK_RISK_12BAND,D-FULL,q3,S,HIGH_RISK_20,RANK,C,0,0,0,,0,0,0,0,0,0,0,0,0,0,0,0,0,0,0,0,0,0,0,0,0,0,0,0,0,0,0,,,0,0,,,0.0,,0,0,,,0.0,,0,0,,,0.0,,0,0,,,0.0,,0,0,0,,,0,0,0,,,0,0,0,,,0,0,0,,,0,0,0,,,0,0,0,,,0,0,0,,,0,0,0,,,True,EQUAL_WEIGHT_PP_SUM_NOT_YEN_NOT_CAPITAL,SINGLE_POSITIVE_R_MASS_PRIVATE;SINGLE_NEGATIVE_R_MASS_PRIVATE
C0106,WITHIN_R0_RANK_RISK_12BAND,D-FULL,q3,S,HIGH_RISK_20,EXECUTION_ELIGIBLE,TRUE,11,11,0,1.0,4,7,0,1,0,1,2,0,0,3,1,2,1,0,0,0,0,4,4,4,3,2,1,1,0,1,0,18.6601381324381,11.836037890148146,0,0,0.0,,0.0,,1,3,0.09090909090909091,0.3333333333333333,0.6923076923076923,1.4444444444444444,3,10,0.2727272727272727,0.3,3.137179487179487,0.9562729873314262,7,33,0.6363636363636364,0.21212121212121213,8.655128205128205,0.8087690712487039,4,11,7,0.5714285714285714,0.36363636363636365,2,11,5,0.4,0.18181818181818182,1,11,4,0.25,0.09090909090909091,1,11,3,0.3333333333333333,0.09090909090909091,7,11,25,0.28,0.6363636363636364,7,11,22,0.3181818181818182,0.6363636363636364,5,11,12,0.4166666666666667,0.45454545454545453,3,11,6,0.5,0.2727272727272727,False,EQUAL_WEIGHT_PP_SUM_NOT_YEN_NOT_CAPITAL,
C0106,WITHIN_R0_RANK_RISK_12BAND,D-FULL,q3,S,HIGH_RISK_20,R0_PASS,SAB,11,11,0,1.0,4,7,0,1,0,1,2,0,0,3,1,2,1,0,0,0,0,4,4,4,3,2,1,1,0,1,0,18.6601381324381,11.836037890148146,0,0,0.0,,0.0,,1,3,0.09090909090909091,0.3333333333333333,0.6923076923076923,1.4444444444444444,3,10,0.2727272727272727,0.3,3.137179487179487,0.9562729873314262,7,33,0.6363636363636364,0.21212121212121213,8.655128205128205,0.8087690712487039,4,11,7,0.5714285714285714,0.36363636363636365,2,11,5,0.4,0.18181818181818182,1,11,4,0.25,0.09090909090909091,1,11,3,0.3333333333333333,0.09090909090909091,7,11,25,0.28,0.6363636363636364,7,11,22,0.3181818181818182,0.6363636363636364,5,11,12,0.4166666666666667,0.45454545454545453,3,11,6,0.5,0.2727272727272727,False,EQUAL_WEIGHT_PP_SUM_NOT_YEN_NOT_CAPITAL,
C0106,WITHIN_R0_RANK_RISK_12BAND,D-FULL,q3,S,HIGH_RISK_20,E0_FUNDED,SAVED,10,10,0,1.0,4,6,0,1,0,1,2,0,0,3,0,2,1,0,0,0,0,4,3,4,3,2,1,1,0,1,0,18.6601381324381,10.084847369705889,0,0,0.0,,0.0,,1,2,0.1,0.5,0.8,1.25,3,7,0.3,0.42857142857142855,2.933333333333333,1.0227272727272727,6,25,0.6,0.24,7.609523809523809,0.7884856070087609,4,10,7,0.5714285714285714,0.4,2,10,5,0.4,0.2,1,10,4,0.25,0.1,1,10,3,0.3333333333333333,0.1,6,10,21,0.2857142857142857,0.6,6,10,20,0.3,0.6,4,10,11,0.36363636363636365,0.4,3,10,6,0.5,0.3,False,EQUAL_WEIGHT_PP_SUM_NOT_YEN_NOT_CAPITAL,
C0107,WITHIN_R0_RANK_RISK_12BAND,D-FULL,q3,S,REST_80,ALL,ALL,32,32,0,1.0,6,26,0,2,1,0,0,1,2,11,8,5,1,1,0,0,0,4,15,3,7,3,2,3,1,2,0,20.757276302401532,36.93626151506001,0,0,0.0,,0.0,,2,3,0.0625,0.6666666666666666,2.3076923076923075,0.8666666666666667,7,10,0.21875,0.7,6.862820512820512,1.0199887913319634,26,33,0.8125,0.7878787878787878,24.344871794871796,1.0679867291589868,3,32,7,0.42857142857142855,0.09375,3,32,5,0.6,0.09375,3,32,4,0.75,0.09375,2,32,3,0.6666666666666666,0.0625,18,32,25,0.72,0.5625,15,32,22,0.6818181818181818,0.46875,7,32,12,0.5833333333333334,0.21875,3,32,6,0.5,0.09375,False,EQUAL_WEIGHT_PP_SUM_NOT_YEN_NOT_CAPITAL,
C0107,WITHIN_R0_RANK_RISK_12BAND,D-FULL,q3,S,REST_80,BLOCK,1,10,10,0,1.0,1,9,0,0,0,0,0,0,1,4,1,2,1,1,0,0,0,0,5,0,4,0,2,0,1,0,0,,15.391582751327078,0,0,0.0,,0.0,,2,3,0.2,0.6666666666666666,2.3076923076923075,0.8666666666666667,4,5,0.4,0.8,3.8461538461538463,1.04,9,11,0.9,0.8181818181818182,8.461538461538462,1.0636363636363637,0,10,1,0.0,0.0,0,10,1,0.0,0.0,0,10,1,0.0,0.0,0,10,1,0.0,0.0,6,10,8,0.75,0.6,3,10,5,0.6,0.3,0,10,2,0.0,0.0,0,10,1,0.0,0.0,False,EQUAL_WEIGHT_PP_SUM_NOT_YEN_NOT_CAPITAL,SINGLE_POSITIVE_R_MASS_PRIVATE
C0107,WITHIN_R0_RANK_RISK_12BAND,D-FULL,q3,S,REST_80,BLOCK,2,0,0,0,,0,0,0,0,0,0,0,0,0,0,0,0,0,0,0,0,0,0,0,0,0,0,0,0,0,0,0,,,0,0,,,0.0,,0,0,,,0.0,,0,1,,0.0,0.0,,0,1,,0.0,0.0,,0,0,0,,,0,0,0,,,0,0,0,,,0,0,0,,,0,0,1,0.0,,0,0,1,0.0,,0,0,1,0.0,,0,0,1,0.0,,True,EQUAL_WEIGHT_PP_SUM_NOT_YEN_NOT_CAPITAL,SINGLE_POSITIVE_R_MASS_PRIVATE;SINGLE_NEGATIVE_R_MASS_PRIVATE
C0107,WITHIN_R0_RANK_RISK_12BAND,D-FULL,q3,S,REST_80,BLOCK,3,8,8,0,1.0,1,7,0,1,0,0,0,0,0,3,2,2,0,0,0,0,0,1,4,1,2,1,0,1,0,1,0,,9.58422333110355,0,0,0.0,,0.0,,0,0,0.0,,0.0,,2,2,0.25,1.0,1.6,1.25,7,8,0.875,0.875,6.4,1.09375,1,8,2,0.5,0.125,1,8,1,1.0,0.125,1,8,1,1.0,0.125,1,8,1,1.0,0.125,3,8,4,0.75,0.375,3,8,4,0.75,0.375,2,8,3,0.6666666666666666,0.25,1,8,2,0.5,0.125,True,EQUAL_WEIGHT_PP_SUM_NOT_YEN_NOT_CAPITAL,SINGLE_POSITIVE_R_MASS_PRIVATE
C0107,WITHIN_R0_RANK_RISK_12BAND,D-FULL,q3,S,REST_80,BLOCK,4,6,6,0,1.0,2,4,0,1,1,0,0,0,0,1,2,1,0,0,0,0,0,2,3,2,1,2,0,2,0,1,0,12.080614260322955,5.921210384562747,0,0,0.0,,0.0,,0,0,0.0,,0.0,,1,1,0.16666666666666666,1.0,0.75,1.3333333333333333,4,5,0.6666666666666666,0.8,3.75,1.0666666666666667,2,6,3,0.6666666666666666,0.3333333333333333,2,6,2,1.0,0.3333333333333333,2,6,2,1.0,0.3333333333333333,1,6,1,1.0,0.16666666666666666,4,6,6,0.6666666666666666,0.6666666666666666,4,6,6,0.6666666666666666,0.6666666666666666,2,6,2,1.0,0.3333333333333333,2,6,2,1.0,0.3333333333333333,True,EQUAL_WEIGHT_PP_SUM_NOT_YEN_NOT_CAPITAL,
C0107,WITHIN_R0_RANK_RISK_12BAND,D-FULL,q3,S,REST_80,BLOCK,5,2,2,0,1.0,0,2,0,0,0,0,0,0,0,1,1,0,0,0,0,0,0,0,1,0,0,0,0,0,0,0,0,,2.2497172908483827,0,0,0.0,,0.0,,0,0,0.0,,0.0,,0,0,0.0,,0.0,,2,3,1.0,0.6666666666666666,2.0,1.0,0,2,0,,0.0,0,2,0,,0.0,0,2,0,,0.0,0,2,0,,0.0,1,2,1,1.0,0.5,1,2,1,1.0,0.5,1,2,1,1.0,0.5,0,2,0,,0.0,True,EQUAL_WEIGHT_PP_SUM_NOT_YEN_NOT_CAPITAL,SINGLE_POSITIVE_R_MASS_PRIVATE
C0107,WITHIN_R0_RANK_RISK_12BAND,D-FULL,q3,S,REST_80,BLOCK,6,0,0,0,,0,0,0,0,0,0,0,0,0,0,0,0,0,0,0,0,0,0,0,0,0,0,0,0,0,0,0,,,0,0,,,0.0,,0,0,,,0.0,,0,0,,,0.0,,0,0,,,0.0,,0,0,0,,,0,0,0,,,0,0,0,,,0,0,0,,,0,0,0,,,0,0,0,,,0,0,0,,,0,0,0,,,True,EQUAL_WEIGHT_PP_SUM_NOT_YEN_NOT_CAPITAL,SINGLE_POSITIVE_R_MASS_PRIVATE;SINGLE_NEGATIVE_R_MASS_PRIVATE
C0107,WITHIN_R0_RANK_RISK_12BAND,D-FULL,q3,S,REST_80,BLOCK,7,4,4,0,1.0,1,3,0,0,0,0,0,0,1,1,2,0,0,0,0,0,0,0,2,0,0,0,0,0,0,0,0,,3.689577732230743,0,0,0.0,,0.0,,0,0,0.0,,0.0,,0,0,0.0,,0.0,,3,3,0.75,1.0,2.4,1.25,0,4,1,0.0,0.0,0,4,1,0.0,0.0,0,4,0,,0.0,0,4,0,,0.0,2,4,3,0.6666666666666666,0.5,2,4,3,0.6666666666666666,0.5,1,4,2,0.5,0.25,0,4,0,,0.0,True,EQUAL_WEIGHT_PP_SUM_NOT_YEN_NOT_CAPITAL,SINGLE_POSITIVE_R_MASS_PRIVATE
C0107,WITHIN_R0_RANK_RISK_12BAND,D-FULL,q3,S,REST_80,BLOCK,8,2,2,0,1.0,1,1,0,0,0,0,0,1,0,1,0,0,0,0,0,0,0,1,0,0,0,0,0,0,0,0,0,,,0,0,0.0,,0.0,,0,0,0.0,,0.0,,0,1,0.0,0.0,0.6666666666666666,0.0,1,2,0.5,0.5,1.3333333333333333,0.75,0,2,0,,0.0,0,2,0,,0.0,0,2,0,,0.0,0,2,0,,0.0,2,2,2,1.0,1.0,2,2,2,1.0,1.0,1,2,1,1.0,0.5,0,2,0,,0.0,True,EQUAL_WEIGHT_PP_SUM_NOT_YEN_NOT_CAPITAL,SINGLE_POSITIVE_R_MASS_PRIVATE;SINGLE_NEGATIVE_R_MASS_PRIVATE
C0107,WITHIN_R0_RANK_RISK_12BAND,D-FULL,q3,S,REST_80,SESSION,2025-06-27,2,2,0,1.0,0,2,0,0,0,0,0,0,0,2,0,0,0,0,0,0,0,0,0,0,0,0,0,0,0,0,0,,0.7225276042517754,0,0,0.0,,0.0,,0,0,0.0,,0.0,,0,0,0.0,,0.0,,2,2,1.0,1.0,1.3333333333333333,1.5,0,2,1,0.0,0.0,0,2,1,0.0,0.0,0,2,1,0.0,0.0,0,2,1,0.0,0.0,1,2,2,0.5,0.5,1,2,2,0.5,0.5,0,2,1,0.0,0.0,0,2,1,0.0,0.0,True,EQUAL_WEIGHT_PP_SUM_NOT_YEN_NOT_CAPITAL,SINGLE_POSITIVE_R_MASS_PRIVATE
C0107,WITHIN_R0_RANK_RISK_12BAND,D-FULL,q3,S,REST_80,SESSION,2025-06-30,2,2,0,1.0,0,2,0,0,0,0,0,0,0,1,0,1,0,0,0,0,0,0,1,0,1,0,0,0,0,0,0,,2.2711535003227517,0,0,0.0,,0.0,,0,1,0.0,0.0,0.6666666666666666,0.0,1,2,0.5,0.5,1.3333333333333333,0.75,2,3,1.0,0.6666666666666666,2.0,1.0,0,2,0,,0.0,0,2,0,,0.0,0,2,0,,0.0,0,2,0,,0.0,1,2,1,1.0,0.5,0,2,0,,0.0,0,2,0,,0.0,0,2,0,,0.0,True,EQUAL_WEIGHT_PP_SUM_NOT_YEN_NOT_CAPITAL,SINGLE_POSITIVE_R_MASS_PRIVATE
C0107,WITHIN_R0_RANK_RISK_12BAND,D-FULL,q3,S,REST_80,SESSION,2025-07-01,1,1,0,1.0,0,1,0,0,0,0,0,0,0,0,0,0,1,0,0,0,0,0,1,0,1,0,1,0,0,0,0,,,0,0,0.0,,0.0,,1,1,1.0,1.0,0.5,2.0,1,1,1.0,1.0,0.5,2.0,1,2,1.0,0.5,1.0,1.0,0,1,0,,0.0,0,1,0,,0.0,0,1,0,,0.0,0,1,0,,0.0,1,1,2,0.5,1.0,0,1,1,0.0,0.0,0,1,1,0.0,0.0,0,1,0,,0.0,True,EQUAL_WEIGHT_PP_SUM_NOT_YEN_NOT_CAPITAL,SINGLE_POSITIVE_R_MASS_PRIVATE;SINGLE_NEGATIVE_R_MASS_PRIVATE
C0107,WITHIN_R0_RANK_RISK_12BAND,D-FULL,q3,S,REST_80,SESSION,2025-07-02,5,5,0,1.0,1,4,0,0,0,0,0,0,1,1,1,1,0,1,0,0,0,0,3,0,2,0,1,0,1,0,0,,9.12652146382814,0,0,0.0,,0.0,,1,1,0.2,1.0,1.0,1.0,2,2,0.4,1.0,2.0,1.0,4,4,0.8,1.0,4.0,1.0,0,5,0,,0.0,0,5,0,,0.0,0,5,0,,0.0,0,5,0,,0.0,3,5,3,1.0,0.6,2,5,2,1.0,0.4,0,5,0,,0.0,0,5,0,,0.0,True,EQUAL_WEIGHT_PP_SUM_NOT_YEN_NOT_CAPITAL,SINGLE_POSITIVE_R_MASS_PRIVATE
C0107,WITHIN_R0_RANK_RISK_12BAND,D-FULL,q3,S,REST_80,SESSION,2025-07-03,0,0,0,,0,0,0,0,0,0,0,0,0,0,0,0,0,0,0,0,0,0,0,0,0,0,0,0,0,0,0,,,0,0,,,0.0,,0,0,,,0.0,,0,0,,,0.0,,0,0,,,0.0,,0,0,0,,,0,0,0,,,0,0,0,,,0,0,0,,,0,0,0,,,0,0,0,,,0,0,0,,,0,0,0,,,True,EQUAL_WEIGHT_PP_SUM_NOT_YEN_NOT_CAPITAL,SINGLE_POSITIVE_R_MASS_PRIVATE;SINGLE_NEGATIVE_R_MASS_PRIVATE
C0107,WITHIN_R0_RANK_RISK_12BAND,D-FULL,q3,S,REST_80,SESSION,2025-07-04,0,0,0,,0,0,0,0,0,0,0,0,0,0,0,0,0,0,0,0,0,0,0,0,0,0,0,0,0,0,0,,,0,0,,,0.0,,0,0,,,0.0,,0,0,,,0.0,,0,0,,,0.0,,0,0,0,,,0,0,0,,,0,0,0,,,0,0,0,,,0,0,0,,,0,0,0,,,0,0,0,,,0,0,0,,,True,EQUAL_WEIGHT_PP_SUM_NOT_YEN_NOT_CAPITAL,SINGLE_POSITIVE_R_MASS_PRIVATE;SINGLE_NEGATIVE_R_MASS_PRIVATE
C0107,WITHIN_R0_RANK_RISK_12BAND,D-FULL,q3,S,REST_80,SESSION,2025-07-07,0,0,0,,0,0,0,0,0,0,0,0,0,0,0,0,0,0,0,0,0,0,0,0,0,0,0,0,0,0,0,,,0,0,,,0.0,,0,0,,,0.0,,0,0,,,0.0,,0,0,,,0.0,,0,0,0,,,0,0,0,,,0,0,0,,,0,0,0,,,0,0,0,,,0,0,0,,,0,0,0,,,0,0,0,,,True,EQUAL_WEIGHT_PP_SUM_NOT_YEN_NOT_CAPITAL,SINGLE_POSITIVE_R_MASS_PRIVATE;SINGLE_NEGATIVE_R_MASS_PRIVATE
C0107,WITHIN_R0_RANK_RISK_12BAND,D-FULL,q3,S,REST_80,SESSION,2025-07-08,0,0,0,,0,0,0,0,0,0,0,0,0,0,0,0,0,0,0,0,0,0,0,0,0,0,0,0,0,0,0,,,0,0,,,0.0,,0,0,,,0.0,,0,1,,0.0,0.0,,0,1,,0.0,0.0,,0,0,0,,,0,0,0,,,0,0,0,,,0,0,0,,,0,0,1,0.0,,0,0,1,0.0,,0,0,1,0.0,,0,0,1,0.0,,True,EQUAL_WEIGHT_PP_SUM_NOT_YEN_NOT_CAPITAL,SINGLE_POSITIVE_R_MASS_PRIVATE;SINGLE_NEGATIVE_R_MASS_PRIVATE
C0107,WITHIN_R0_RANK_RISK_12BAND,D-FULL,q3,S,REST_80,SESSION,2025-07-09,0,0,0,,0,0,0,0,0,0,0,0,0,0,0,0,0,0,0,0,0,0,0,0,0,0,0,0,0,0,0,,,0,0,,,0.0,,0,0,,,0.0,,0,0,,,0.0,,0,0,,,0.0,,0,0,0,,,0,0,0,,,0,0,0,,,0,0,0,,,0,0,0,,,0,0,0,,,0,0,0,,,0,0,0,,,True,EQUAL_WEIGHT_PP_SUM_NOT_YEN_NOT_CAPITAL,SINGLE_POSITIVE_R_MASS_PRIVATE;SINGLE_NEGATIVE_R_MASS_PRIVATE
C0107,WITHIN_R0_RANK_RISK_12BAND,D-FULL,q3,S,REST_80,SESSION,2025-07-10,0,0,0,,0,0,0,0,0,0,0,0,0,0,0,0,0,0,0,0,0,0,0,0,0,0,0,0,0,0,0,,,0,0,,,0.0,,0,0,,,0.0,,0,0,,,0.0,,0,0,,,0.0,,0,0,0,,,0,0,0,,,0,0,0,,,0,0,0,,,0,0,0,,,0,0,0,,,0,0,0,,,0,0,0,,,True,EQUAL_WEIGHT_PP_SUM_NOT_YEN_NOT_CAPITAL,SINGLE_POSITIVE_R_MASS_PRIVATE;SINGLE_NEGATIVE_R_MASS_PRIVATE
C0107,WITHIN_R0_RANK_RISK_12BAND,D-FULL,q3,S,REST_80,SESSION,2025-07-15,1,1,0,1.0,0,1,0,0,0,0,0,0,0,0,1,0,0,0,0,0,0,0,1,0,0,0,0,0,0,0,0,,,0,0,0.0,,0.0,,0,0,0.0,,0.0,,0,0,0.0,,0.0,,1,1,1.0,1.0,0.5,2.0,0,1,1,0.0,0.0,0,1,0,,0.0,0,1,0,,0.0,0,1,0,,0.0,0,1,1,0.0,0.0,0,1,1,0.0,0.0,0,1,1,0.0,0.0,0,1,1,0.0,0.0,True,EQUAL_WEIGHT_PP_SUM_NOT_YEN_NOT_CAPITAL,SINGLE_POSITIVE_R_MASS_PRIVATE;SINGLE_NEGATIVE_R_MASS_PRIVATE
C0107,WITHIN_R0_RANK_RISK_12BAND,D-FULL,q3,S,REST_80,SESSION,2025-07-16,2,2,0,1.0,1,1,0,1,0,0,0,0,0,1,0,0,0,0,0,0,0,1,0,1,0,1,0,1,0,1,0,,,0,0,0.0,,0.0,,0,0,0.0,,0.0,,0,0,0.0,,0.0,,1,2,0.5,0.5,1.3333333333333333,0.75,1,2,1,1.0,0.5,1,2,1,1.0,0.5,1,2,1,1.0,0.5,1,2,1,1.0,0.5,2,2,2,1.0,1.0,2,2,2,1.0,1.0,1,2,1,1.0,0.5,1,2,1,1.0,0.5,True,EQUAL_WEIGHT_PP_SUM_NOT_YEN_NOT_CAPITAL,SINGLE_POSITIVE_R_MASS_PRIVATE;SINGLE_NEGATIVE_R_MASS_PRIVATE
C0107,WITHIN_R0_RANK_RISK_12BAND,D-FULL,q3,S,REST_80,SESSION,2025-07-17,2,2,0,1.0,0,2,0,0,0,0,0,0,0,1,1,0,0,0,0,0,0,0,1,0,0,0,0,0,0,0,0,,2.496091924346097,0,0,0.0,,0.0,,0,0,0.0,,0.0,,0,0,0.0,,0.0,,2,2,1.0,1.0,2.0,1.0,0,2,0,,0.0,0,2,0,,0.0,0,2,0,,0.0,0,2,0,,0.0,0,2,0,,0.0,0,2,0,,0.0,0,2,0,,0.0,0,2,0,,0.0,True,EQUAL_WEIGHT_PP_SUM_NOT_YEN_NOT_CAPITAL,SINGLE_POSITIVE_R_MASS_PRIVATE
C0107,WITHIN_R0_RANK_RISK_12BAND,D-FULL,q3,S,REST_80,SESSION,2025-07-18,1,1,0,1.0,0,1,0,0,0,0,0,0,0,1,0,0,0,0,0,0,0,0,0,0,0,0,0,0,0,0,0,,,0,0,0.0,,0.0,,0,0,0.0,,0.0,,0,0,0.0,,0.0,,1,1,1.0,1.0,1.0,1.0,0,1,0,,0.0,0,1,0,,0.0,0,1,0,,0.0,0,1,0,,0.0,1,1,1,1.0,1.0,1,1,1,1.0,1.0,1,1,1,1.0,1.0,0,1,0,,0.0,True,EQUAL_WEIGHT_PP_SUM_NOT_YEN_NOT_CAPITAL,SINGLE_POSITIVE_R_MASS_PRIVATE;SINGLE_NEGATIVE_R_MASS_PRIVATE
C0107,WITHIN_R0_RANK_RISK_12BAND,D-FULL,q3,S,REST_80,SESSION,2025-07-22,2,2,0,1.0,0,2,0,0,0,0,0,0,0,0,0,2,0,0,0,0,0,0,2,0,2,0,0,0,0,0,0,,4.583492698213964,0,0,0.0,,0.0,,0,0,0.0,,0.0,,2,2,1.0,1.0,2.0,1.0,2,2,1.0,1.0,2.0,1.0,0,2,0,,0.0,0,2,0,,0.0,0,2,0,,0.0,0,2,0,,0.0,0,2,0,,0.0,0,2,0,,0.0,0,2,0,,0.0,0,2,0,,0.0,True,EQUAL_WEIGHT_PP_SUM_NOT_YEN_NOT_CAPITAL,SINGLE_POSITIVE_R_MASS_PRIVATE
C0107,WITHIN_R0_RANK_RISK_12BAND,D-FULL,q3,S,REST_80,SESSION,2025-07-23,0,0,0,,0,0,0,0,0,0,0,0,0,0,0,0,0,0,0,0,0,0,0,0,0,0,0,0,0,0,0,,,0,0,,,0.0,,0,0,,,0.0,,0,0,,,0.0,,0,1,,0.0,0.0,,0,0,0,,,0,0,0,,,0,0,0,,,0,0,0,,,0,0,1,0.0,,0,0,1,0.0,,0,0,0,,,0,0,0,,,True,EQUAL_WEIGHT_PP_SUM_NOT_YEN_NOT_CAPITAL,SINGLE_POSITIVE_R_MASS_PRIVATE;SINGLE_NEGATIVE_R_MASS_PRIVATE
C0107,WITHIN_R0_RANK_RISK_12BAND,D-FULL,q3,S,REST_80,SESSION,2025-07-24,2,2,0,1.0,1,1,0,0,1,0,0,0,0,1,0,0,0,0,0,0,0,1,0,1,0,1,0,1,0,0,0,,,0,0,0.0,,0.0,,0,0,0.0,,0.0,,0,0,0.0,,0.0,,1,1,0.5,1.0,1.0,1.0,1,2,1,1.0,0.5,1,2,1,1.0,0.5,1,2,1,1.0,0.5,0,2,0,,0.0,1,2,1,1.0,0.5,1,2,1,1.0,0.5,0,2,0,,0.0,0,2,0,,0.0,True,EQUAL_WEIGHT_PP_SUM_NOT_YEN_NOT_CAPITAL,SINGLE_POSITIVE_R_MASS_PRIVATE;SINGLE_NEGATIVE_R_MASS_PRIVATE
C0107,WITHIN_R0_RANK_RISK_12BAND,D-FULL,q3,S,REST_80,SESSION,2025-07-25,1,1,0,1.0,0,1,0,0,0,0,0,0,0,0,0,1,0,0,0,0,0,0,1,0,1,0,0,0,0,0,0,,,0,0,0.0,,0.0,,0,0,0.0,,0.0,,1,1,1.0,1.0,1.0,1.0,1,1,1.0,1.0,1.0,1.0,0,1,0,,0.0,0,1,0,,0.0,0,1,0,,0.0,0,1,0,,0.0,0,1,0,,0.0,0,1,0,,0.0,0,1,0,,0.0,0,1,0,,0.0,True,EQUAL_WEIGHT_PP_SUM_NOT_YEN_NOT_CAPITAL,SINGLE_POSITIVE_R_MASS_PRIVATE;SINGLE_NEGATIVE_R_MASS_PRIVATE
C0107,WITHIN_R0_RANK_RISK_12BAND,D-FULL,q3,S,REST_80,SESSION,2025-07-28,1,1,0,1.0,1,0,0,1,0,0,0,0,0,0,0,0,0,0,0,0,0,1,0,1,0,1,0,1,0,1,0,,,0,0,0.0,,0.0,,0,0,0.0,,0.0,,0,0,0.0,,0.0,,0,0,0.0,,0.0,,1,1,2,0.5,1.0,1,1,1,1.0,1.0,1,1,1,1.0,1.0,1,1,1,1.0,1.0,1,1,2,0.5,1.0,1,1,2,0.5,1.0,1,1,1,1.0,1.0,1,1,1,1.0,1.0,True,EQUAL_WEIGHT_PP_SUM_NOT_YEN_NOT_CAPITAL,SINGLE_POSITIVE_R_MASS_PRIVATE;SINGLE_NEGATIVE_R_MASS_PRIVATE
C0107,WITHIN_R0_RANK_RISK_12BAND,D-FULL,q3,S,REST_80,SESSION,2025-07-29,2,2,0,1.0,0,2,0,0,0,0,0,0,0,0,2,0,0,0,0,0,0,0,2,0,0,0,0,0,0,0,0,,3.3031548132561164,0,0,0.0,,0.0,,0,0,0.0,,0.0,,0,0,0.0,,0.0,,2,2,1.0,1.0,2.0,1.0,0,2,0,,0.0,0,2,0,,0.0,0,2,0,,0.0,0,2,0,,0.0,2,2,2,1.0,1.0,2,2,2,1.0,1.0,1,2,1,1.0,0.5,1,2,1,1.0,0.5,True,EQUAL_WEIGHT_PP_SUM_NOT_YEN_NOT_CAPITAL,SINGLE_POSITIVE_R_MASS_PRIVATE
C0107,WITHIN_R0_RANK_RISK_12BAND,D-FULL,q3,S,REST_80,SESSION,2025-07-30,0,0,0,,0,0,0,0,0,0,0,0,0,0,0,0,0,0,0,0,0,0,0,0,0,0,0,0,0,0,0,,,0,0,,,0.0,,0,0,,,0.0,,0,0,,,0.0,,0,0,,,0.0,,0,0,0,,,0,0,0,,,0,0,0,,,0,0,0,,,0,0,0,,,0,0,0,,,0,0,0,,,0,0,0,,,True,EQUAL_WEIGHT_PP_SUM_NOT_YEN_NOT_CAPITAL,SINGLE_POSITIVE_R_MASS_PRIVATE;SINGLE_NEGATIVE_R_MASS_PRIVATE
C0107,WITHIN_R0_RANK_RISK_12BAND,D-FULL,q3,S,REST_80,SESSION,2025-07-31,0,0,0,,0,0,0,0,0,0,0,0,0,0,0,0,0,0,0,0,0,0,0,0,0,0,0,0,0,0,0,,,0,0,,,0.0,,0,0,,,0.0,,0,0,,,0.0,,0,0,,,0.0,,0,0,0,,,0,0,0,,,0,0,0,,,0,0,0,,,0,0,0,,,0,0,0,,,0,0,0,,,0,0,0,,,True,EQUAL_WEIGHT_PP_SUM_NOT_YEN_NOT_CAPITAL,SINGLE_POSITIVE_R_MASS_PRIVATE;SINGLE_NEGATIVE_R_MASS_PRIVATE
C0107,WITHIN_R0_RANK_RISK_12BAND,D-FULL,q3,S,REST_80,SESSION,2025-08-01,0,0,0,,0,0,0,0,0,0,0,0,0,0,0,0,0,0,0,0,0,0,0,0,0,0,0,0,0,0,0,,,0,0,,,0.0,,0,0,,,0.0,,0,0,,,0.0,,0,0,,,0.0,,0,0,0,,,0,0,0,,,0,0,0,,,0,0,0,,,0,0,0,,,0,0,0,,,0,0,0,,,0,0,0,,,True,EQUAL_WEIGHT_PP_SUM_NOT_YEN_NOT_CAPITAL,SINGLE_POSITIVE_R_MASS_PRIVATE;SINGLE_NEGATIVE_R_MASS_PRIVATE
C0107,WITHIN_R0_RANK_RISK_12BAND,D-FULL,q3,S,REST_80,SESSION,2025-08-04,0,0,0,,0,0,0,0,0,0,0,0,0,0,0,0,0,0,0,0,0,0,0,0,0,0,0,0,0,0,0,,,0,0,,,0.0,,0,0,,,0.0,,0,0,,,0.0,,0,0,,,0.0,,0,0,0,,,0,0,0,,,0,0,0,,,0,0,0,,,0,0,0,,,0,0,0,,,0,0,0,,,0,0,0,,,True,EQUAL_WEIGHT_PP_SUM_NOT_YEN_NOT_CAPITAL,SINGLE_POSITIVE_R_MASS_PRIVATE;SINGLE_NEGATIVE_R_MASS_PRIVATE
C0107,WITHIN_R0_RANK_RISK_12BAND,D-FULL,q3,S,REST_80,SESSION,2025-08-05,2,2,0,1.0,0,2,0,0,0,0,0,0,0,1,1,0,0,0,0,0,0,0,1,0,0,0,0,0,0,0,0,,2.2497172908483827,0,0,0.0,,0.0,,0,0,0.0,,0.0,,0,0,0.0,,0.0,,2,3,1.0,0.6666666666666666,2.0,1.0,0,2,0,,0.0,0,2,0,,0.0,0,2,0,,0.0,0,2,0,,0.0,1,2,1,1.0,0.5,1,2,1,1.0,0.5,1,2,1,1.0,0.5,0,2,0,,0.0,True,EQUAL_WEIGHT_PP_SUM_NOT_YEN_NOT_CAPITAL,SINGLE_POSITIVE_R_MASS_PRIVATE
C0107,WITHIN_R0_RANK_RISK_12BAND,D-FULL,q3,S,REST_80,SESSION,2025-08-06,0,0,0,,0,0,0,0,0,0,0,0,0,0,0,0,0,0,0,0,0,0,0,0,0,0,0,0,0,0,0,,,0,0,,,0.0,,0,0,,,0.0,,0,0,,,0.0,,0,0,,,0.0,,0,0,0,,,0,0,0,,,0,0,0,,,0,0,0,,,0,0,0,,,0,0,0,,,0,0,0,,,0,0,0,,,True,EQUAL_WEIGHT_PP_SUM_NOT_YEN_NOT_CAPITAL,SINGLE_POSITIVE_R_MASS_PRIVATE;SINGLE_NEGATIVE_R_MASS_PRIVATE
C0107,WITHIN_R0_RANK_RISK_12BAND,D-FULL,q3,S,REST_80,SESSION,2025-08-07,0,0,0,,0,0,0,0,0,0,0,0,0,0,0,0,0,0,0,0,0,0,0,0,0,0,0,0,0,0,0,,,0,0,,,0.0,,0,0,,,0.0,,0,0,,,0.0,,0,0,,,0.0,,0,0,0,,,0,0,0,,,0,0,0,,,0,0,0,,,0,0,0,,,0,0,0,,,0,0,0,,,0,0,0,,,True,EQUAL_WEIGHT_PP_SUM_NOT_YEN_NOT_CAPITAL,SINGLE_POSITIVE_R_MASS_PRIVATE;SINGLE_NEGATIVE_R_MASS_PRIVATE
C0107,WITHIN_R0_RANK_RISK_12BAND,D-FULL,q3,S,REST_80,SESSION,2025-08-08,0,0,0,,0,0,0,0,0,0,0,0,0,0,0,0,0,0,0,0,0,0,0,0,0,0,0,0,0,0,0,,,0,0,,,0.0,,0,0,,,0.0,,0,0,,,0.0,,0,0,,,0.0,,0,0,0,,,0,0,0,,,0,0,0,,,0,0,0,,,0,0,0,,,0,0,0,,,0,0,0,,,0,0,0,,,True,EQUAL_WEIGHT_PP_SUM_NOT_YEN_NOT_CAPITAL,SINGLE_POSITIVE_R_MASS_PRIVATE;SINGLE_NEGATIVE_R_MASS_PRIVATE
C0107,WITHIN_R0_RANK_RISK_12BAND,D-FULL,q3,S,REST_80,SESSION,2025-08-12,0,0,0,,0,0,0,0,0,0,0,0,0,0,0,0,0,0,0,0,0,0,0,0,0,0,0,0,0,0,0,,,0,0,,,0.0,,0,0,,,0.0,,0,0,,,0.0,,0,0,,,0.0,,0,0,0,,,0,0,0,,,0,0,0,,,0,0,0,,,0,0,0,,,0,0,0,,,0,0,0,,,0,0,0,,,True,EQUAL_WEIGHT_PP_SUM_NOT_YEN_NOT_CAPITAL,SINGLE_POSITIVE_R_MASS_PRIVATE;SINGLE_NEGATIVE_R_MASS_PRIVATE
C0107,WITHIN_R0_RANK_RISK_12BAND,D-FULL,q3,S,REST_80,SESSION,2025-08-13,0,0,0,,0,0,0,0,0,0,0,0,0,0,0,0,0,0,0,0,0,0,0,0,0,0,0,0,0,0,0,,,0,0,,,0.0,,0,0,,,0.0,,0,0,,,0.0,,0,0,,,0.0,,0,0,0,,,0,0,0,,,0,0,0,,,0,0,0,,,0,0,0,,,0,0,0,,,0,0,0,,,0,0,0,,,True,EQUAL_WEIGHT_PP_SUM_NOT_YEN_NOT_CAPITAL,SINGLE_POSITIVE_R_MASS_PRIVATE;SINGLE_NEGATIVE_R_MASS_PRIVATE
C0107,WITHIN_R0_RANK_RISK_12BAND,D-FULL,q3,S,REST_80,SESSION,2025-08-14,1,1,0,1.0,1,0,0,0,0,0,0,0,1,0,0,0,0,0,0,0,0,0,0,0,0,0,0,0,0,0,0,,,0,0,0.0,,0.0,,0,0,0.0,,0.0,,0,0,0.0,,0.0,,0,0,0.0,,0.0,,0,1,0,,0.0,0,1,0,,0.0,0,1,0,,0.0,0,1,0,,0.0,1,1,1,1.0,1.0,1,1,1,1.0,1.0,1,1,1,1.0,1.0,0,1,0,,0.0,True,EQUAL_WEIGHT_PP_SUM_NOT_YEN_NOT_CAPITAL,SINGLE_POSITIVE_R_MASS_PRIVATE;SINGLE_NEGATIVE_R_MASS_PRIVATE
C0107,WITHIN_R0_RANK_RISK_12BAND,D-FULL,q3,S,REST_80,SESSION,2025-08-15,3,3,0,1.0,0,3,0,0,0,0,0,0,0,1,2,0,0,0,0,0,0,0,2,0,0,0,0,0,0,0,0,,3.689577732230743,0,0,0.0,,0.0,,0,0,0.0,,0.0,,0,0,0.0,,0.0,,3,3,1.0,1.0,3.0,1.0,0,3,0,,0.0,0,3,0,,0.0,0,3,0,,0.0,0,3,0,,0.0,1,3,1,1.0,0.3333333333333333,1,3,1,1.0,0.3333333333333333,0,3,0,,0.0,0,3,0,,0.0,True,EQUAL_WEIGHT_PP_SUM_NOT_YEN_NOT_CAPITAL,SINGLE_POSITIVE_R_MASS_PRIVATE
C0107,WITHIN_R0_RANK_RISK_12BAND,D-FULL,q3,S,REST_80,SESSION,2025-08-18,0,0,0,,0,0,0,0,0,0,0,0,0,0,0,0,0,0,0,0,0,0,0,0,0,0,0,0,0,0,0,,,0,0,,,0.0,,0,0,,,0.0,,0,0,,,0.0,,0,0,,,0.0,,0,0,1,0.0,,0,0,1,0.0,,0,0,0,,,0,0,0,,,0,0,1,0.0,,0,0,1,0.0,,0,0,1,0.0,,0,0,0,,,True,EQUAL_WEIGHT_PP_SUM_NOT_YEN_NOT_CAPITAL,SINGLE_POSITIVE_R_MASS_PRIVATE;SINGLE_NEGATIVE_R_MASS_PRIVATE
C0107,WITHIN_R0_RANK_RISK_12BAND,D-FULL,q3,S,REST_80,SESSION,2025-08-19,0,0,0,,0,0,0,0,0,0,0,0,0,0,0,0,0,0,0,0,0,0,0,0,0,0,0,0,0,0,0,,,0,0,,,0.0,,0,0,,,0.0,,0,0,,,0.0,,0,0,,,0.0,,0,0,0,,,0,0,0,,,0,0,0,,,0,0,0,,,0,0,0,,,0,0,0,,,0,0,0,,,0,0,0,,,True,EQUAL_WEIGHT_PP_SUM_NOT_YEN_NOT_CAPITAL,SINGLE_POSITIVE_R_MASS_PRIVATE;SINGLE_NEGATIVE_R_MASS_PRIVATE
C0107,WITHIN_R0_RANK_RISK_12BAND,D-FULL,q3,S,REST_80,SESSION,2025-08-20,0,0,0,,0,0,0,0,0,0,0,0,0,0,0,0,0,0,0,0,0,0,0,0,0,0,0,0,0,0,0,,,0,0,,,0.0,,0,0,,,0.0,,0,0,,,0.0,,0,0,,,0.0,,0,0,0,,,0,0,0,,,0,0,0,,,0,0,0,,,0,0,0,,,0,0,0,,,0,0,0,,,0,0,0,,,True,EQUAL_WEIGHT_PP_SUM_NOT_YEN_NOT_CAPITAL,SINGLE_POSITIVE_R_MASS_PRIVATE;SINGLE_NEGATIVE_R_MASS_PRIVATE
C0107,WITHIN_R0_RANK_RISK_12BAND,D-FULL,q3,S,REST_80,SESSION,2025-08-21,1,1,0,1.0,1,0,0,0,0,0,0,1,0,0,0,0,0,0,0,0,0,1,0,0,0,0,0,0,0,0,0,,,0,0,0.0,,0.0,,0,0,0.0,,0.0,,0,0,0.0,,0.0,,0,0,0.0,,0.0,,0,1,0,,0.0,0,1,0,,0.0,0,1,0,,0.0,0,1,0,,0.0,1,1,1,1.0,1.0,1,1,1,1.0,1.0,0,1,0,,0.0,0,1,0,,0.0,True,EQUAL_WEIGHT_PP_SUM_NOT_YEN_NOT_CAPITAL,SINGLE_POSITIVE_R_MASS_PRIVATE;SINGLE_NEGATIVE_R_MASS_PRIVATE
C0107,WITHIN_R0_RANK_RISK_12BAND,D-FULL,q3,S,REST_80,SESSION,2025-08-22,1,1,0,1.0,0,1,0,0,0,0,0,0,0,1,0,0,0,0,0,0,0,0,0,0,0,0,0,0,0,0,0,,,0,0,0.0,,0.0,,0,0,0.0,,0.0,,0,1,0.0,0.0,0.5,0.0,1,2,1.0,0.5,1.0,1.0,0,1,0,,0.0,0,1,0,,0.0,0,1,0,,0.0,0,1,0,,0.0,1,1,1,1.0,1.0,1,1,1,1.0,1.0,1,1,1,1.0,1.0,0,1,0,,0.0,True,EQUAL_WEIGHT_PP_SUM_NOT_YEN_NOT_CAPITAL,SINGLE_POSITIVE_R_MASS_PRIVATE;SINGLE_NEGATIVE_R_MASS_PRIVATE
C0107,WITHIN_R0_RANK_RISK_12BAND,D-FULL,q3,S,REST_80,SESSION,2025-08-25,0,0,0,,0,0,0,0,0,0,0,0,0,0,0,0,0,0,0,0,0,0,0,0,0,0,0,0,0,0,0,,,0,0,,,0.0,,0,0,,,0.0,,0,0,,,0.0,,0,0,,,0.0,,0,0,0,,,0,0,0,,,0,0,0,,,0,0,0,,,0,0,0,,,0,0,0,,,0,0,0,,,0,0,0,,,True,EQUAL_WEIGHT_PP_SUM_NOT_YEN_NOT_CAPITAL,SINGLE_POSITIVE_R_MASS_PRIVATE;SINGLE_NEGATIVE_R_MASS_PRIVATE
C0107,WITHIN_R0_RANK_RISK_12BAND,D-FULL,q3,S,REST_80,RANK,S,32,32,0,1.0,6,26,0,2,1,0,0,1,2,11,8,5,1,1,0,0,0,4,15,3,7,3,2,3,1,2,0,20.757276302401532,36.93626151506001,0,0,0.0,,0.0,,2,3,0.0625,0.6666666666666666,2.3076923076923075,0.8666666666666667,7,10,0.21875,0.7,6.862820512820512,1.0199887913319634,26,33,0.8125,0.7878787878787878,24.344871794871796,1.0679867291589868,3,32,7,0.42857142857142855,0.09375,3,32,5,0.6,0.09375,3,32,4,0.75,0.09375,2,32,3,0.6666666666666666,0.0625,18,32,25,0.72,0.5625,15,32,22,0.6818181818181818,0.46875,7,32,12,0.5833333333333334,0.21875,3,32,6,0.5,0.09375,False,EQUAL_WEIGHT_PP_SUM_NOT_YEN_NOT_CAPITAL,
C0107,WITHIN_R0_RANK_RISK_12BAND,D-FULL,q3,S,REST_80,RANK,A,0,0,0,,0,0,0,0,0,0,0,0,0,0,0,0,0,0,0,0,0,0,0,0,0,0,0,0,0,0,0,,,0,0,,,0.0,,0,0,,,0.0,,0,0,,,0.0,,0,0,,,0.0,,0,0,0,,,0,0,0,,,0,0,0,,,0,0,0,,,0,0,0,,,0,0,0,,,0,0,0,,,0,0,0,,,True,EQUAL_WEIGHT_PP_SUM_NOT_YEN_NOT_CAPITAL,SINGLE_POSITIVE_R_MASS_PRIVATE;SINGLE_NEGATIVE_R_MASS_PRIVATE
C0107,WITHIN_R0_RANK_RISK_12BAND,D-FULL,q3,S,REST_80,RANK,B,0,0,0,,0,0,0,0,0,0,0,0,0,0,0,0,0,0,0,0,0,0,0,0,0,0,0,0,0,0,0,,,0,0,,,0.0,,0,0,,,0.0,,0,0,,,0.0,,0,0,,,0.0,,0,0,0,,,0,0,0,,,0,0,0,,,0,0,0,,,0,0,0,,,0,0,0,,,0,0,0,,,0,0,0,,,True,EQUAL_WEIGHT_PP_SUM_NOT_YEN_NOT_CAPITAL,SINGLE_POSITIVE_R_MASS_PRIVATE;SINGLE_NEGATIVE_R_MASS_PRIVATE
C0107,WITHIN_R0_RANK_RISK_12BAND,D-FULL,q3,S,REST_80,RANK,C,0,0,0,,0,0,0,0,0,0,0,0,0,0,0,0,0,0,0,0,0,0,0,0,0,0,0,0,0,0,0,,,0,0,,,0.0,,0,0,,,0.0,,0,0,,,0.0,,0,0,,,0.0,,0,0,0,,,0,0,0,,,0,0,0,,,0,0,0,,,0,0,0,,,0,0,0,,,0,0,0,,,0,0,0,,,True,EQUAL_WEIGHT_PP_SUM_NOT_YEN_NOT_CAPITAL,SINGLE_POSITIVE_R_MASS_PRIVATE;SINGLE_NEGATIVE_R_MASS_PRIVATE
C0107,WITHIN_R0_RANK_RISK_12BAND,D-FULL,q3,S,REST_80,EXECUTION_ELIGIBLE,TRUE,32,32,0,1.0,6,26,0,2,1,0,0,1,2,11,8,5,1,1,0,0,0,4,15,3,7,3,2,3,1,2,0,20.757276302401532,36.93626151506001,0,0,0.0,,0.0,,2,3,0.0625,0.6666666666666666,2.3076923076923075,0.8666666666666667,7,10,0.21875,0.7,6.862820512820512,1.0199887913319634,26,33,0.8125,0.7878787878787878,24.344871794871796,1.0679867291589868,3,32,7,0.42857142857142855,0.09375,3,32,5,0.6,0.09375,3,32,4,0.75,0.09375,2,32,3,0.6666666666666666,0.0625,18,32,25,0.72,0.5625,15,32,22,0.6818181818181818,0.46875,7,32,12,0.5833333333333334,0.21875,3,32,6,0.5,0.09375,False,EQUAL_WEIGHT_PP_SUM_NOT_YEN_NOT_CAPITAL,
C0107,WITHIN_R0_RANK_RISK_12BAND,D-FULL,q3,S,REST_80,R0_PASS,SAB,32,32,0,1.0,6,26,0,2,1,0,0,1,2,11,8,5,1,1,0,0,0,4,15,3,7,3,2,3,1,2,0,20.757276302401532,36.93626151506001,0,0,0.0,,0.0,,2,3,0.0625,0.6666666666666666,2.3076923076923075,0.8666666666666667,7,10,0.21875,0.7,6.862820512820512,1.0199887913319634,26,33,0.8125,0.7878787878787878,24.344871794871796,1.0679867291589868,3,32,7,0.42857142857142855,0.09375,3,32,5,0.6,0.09375,3,32,4,0.75,0.09375,2,32,3,0.6666666666666666,0.0625,18,32,25,0.72,0.5625,15,32,22,0.6818181818181818,0.46875,7,32,12,0.5833333333333334,0.21875,3,32,6,0.5,0.09375,False,EQUAL_WEIGHT_PP_SUM_NOT_YEN_NOT_CAPITAL,
C0107,WITHIN_R0_RANK_RISK_12BAND,D-FULL,q3,S,REST_80,E0_FUNDED,SAVED,24,24,0,1.0,5,19,0,2,1,0,0,1,1,8,7,3,1,0,0,0,0,4,11,3,4,3,1,3,0,2,0,20.112398368581864,25.6311841579598,0,0,0.0,,0.0,,1,2,0.041666666666666664,0.5,1.2,0.8333333333333334,4,7,0.16666666666666666,0.5714285714285714,4.066666666666666,0.9836065573770492,19,25,0.7916666666666666,0.76,17.39047619047619,1.0925520262869661,3,24,7,0.42857142857142855,0.125,3,24,5,0.6,0.125,3,24,4,0.75,0.125,2,24,3,0.6666666666666666,0.08333333333333333,15,24,21,0.7142857142857143,0.625,14,24,20,0.7,0.5833333333333334,7,24,11,0.6363636363636364,0.2916666666666667,3,24,6,0.5,0.125,False,EQUAL_WEIGHT_PP_SUM_NOT_YEN_NOT_CAPITAL,
C0108,WITHIN_R0_RANK_RISK_12BAND,D-FULL,q3,S,UNASSESSED,ALL,ALL,0,0,0,,0,0,0,0,0,0,0,0,0,0,0,0,0,0,0,0,0,0,0,0,0,0,0,0,0,0,0,,,0,0,,,0.0,,0,3,,0.0,0.0,,0,10,,0.0,0.0,,0,33,,0.0,0.0,,0,0,7,0.0,,0,0,5,0.0,,0,0,4,0.0,,0,0,3,0.0,,0,0,25,0.0,,0,0,22,0.0,,0,0,12,0.0,,0,0,6,0.0,,True,EQUAL_WEIGHT_PP_SUM_NOT_YEN_NOT_CAPITAL,SINGLE_POSITIVE_R_MASS_PRIVATE;SINGLE_NEGATIVE_R_MASS_PRIVATE
C0108,WITHIN_R0_RANK_RISK_12BAND,D-FULL,q3,S,UNASSESSED,BLOCK,1,0,0,0,,0,0,0,0,0,0,0,0,0,0,0,0,0,0,0,0,0,0,0,0,0,0,0,0,0,0,0,,,0,0,,,0.0,,0,3,,0.0,0.0,,0,5,,0.0,0.0,,0,11,,0.0,0.0,,0,0,1,0.0,,0,0,1,0.0,,0,0,1,0.0,,0,0,1,0.0,,0,0,8,0.0,,0,0,5,0.0,,0,0,2,0.0,,0,0,1,0.0,,True,EQUAL_WEIGHT_PP_SUM_NOT_YEN_NOT_CAPITAL,SINGLE_POSITIVE_R_MASS_PRIVATE;SINGLE_NEGATIVE_R_MASS_PRIVATE
C0108,WITHIN_R0_RANK_RISK_12BAND,D-FULL,q3,S,UNASSESSED,BLOCK,2,0,0,0,,0,0,0,0,0,0,0,0,0,0,0,0,0,0,0,0,0,0,0,0,0,0,0,0,0,0,0,,,0,0,,,0.0,,0,0,,,0.0,,0,1,,0.0,0.0,,0,1,,0.0,0.0,,0,0,0,,,0,0,0,,,0,0,0,,,0,0,0,,,0,0,1,0.0,,0,0,1,0.0,,0,0,1,0.0,,0,0,1,0.0,,True,EQUAL_WEIGHT_PP_SUM_NOT_YEN_NOT_CAPITAL,SINGLE_POSITIVE_R_MASS_PRIVATE;SINGLE_NEGATIVE_R_MASS_PRIVATE
C0108,WITHIN_R0_RANK_RISK_12BAND,D-FULL,q3,S,UNASSESSED,BLOCK,3,0,0,0,,0,0,0,0,0,0,0,0,0,0,0,0,0,0,0,0,0,0,0,0,0,0,0,0,0,0,0,,,0,0,,,0.0,,0,0,,,0.0,,0,2,,0.0,0.0,,0,8,,0.0,0.0,,0,0,2,0.0,,0,0,1,0.0,,0,0,1,0.0,,0,0,1,0.0,,0,0,4,0.0,,0,0,4,0.0,,0,0,3,0.0,,0,0,2,0.0,,True,EQUAL_WEIGHT_PP_SUM_NOT_YEN_NOT_CAPITAL,SINGLE_POSITIVE_R_MASS_PRIVATE;SINGLE_NEGATIVE_R_MASS_PRIVATE
C0108,WITHIN_R0_RANK_RISK_12BAND,D-FULL,q3,S,UNASSESSED,BLOCK,4,0,0,0,,0,0,0,0,0,0,0,0,0,0,0,0,0,0,0,0,0,0,0,0,0,0,0,0,0,0,0,,,0,0,,,0.0,,0,0,,,0.0,,0,1,,0.0,0.0,,0,5,,0.0,0.0,,0,0,3,0.0,,0,0,2,0.0,,0,0,2,0.0,,0,0,1,0.0,,0,0,6,0.0,,0,0,6,0.0,,0,0,2,0.0,,0,0,2,0.0,,True,EQUAL_WEIGHT_PP_SUM_NOT_YEN_NOT_CAPITAL,SINGLE_POSITIVE_R_MASS_PRIVATE;SINGLE_NEGATIVE_R_MASS_PRIVATE
C0108,WITHIN_R0_RANK_RISK_12BAND,D-FULL,q3,S,UNASSESSED,BLOCK,5,0,0,0,,0,0,0,0,0,0,0,0,0,0,0,0,0,0,0,0,0,0,0,0,0,0,0,0,0,0,0,,,0,0,,,0.0,,0,0,,,0.0,,0,0,,,0.0,,0,3,,0.0,0.0,,0,0,0,,,0,0,0,,,0,0,0,,,0,0,0,,,0,0,1,0.0,,0,0,1,0.0,,0,0,1,0.0,,0,0,0,,,True,EQUAL_WEIGHT_PP_SUM_NOT_YEN_NOT_CAPITAL,SINGLE_POSITIVE_R_MASS_PRIVATE;SINGLE_NEGATIVE_R_MASS_PRIVATE
C0108,WITHIN_R0_RANK_RISK_12BAND,D-FULL,q3,S,UNASSESSED,BLOCK,6,0,0,0,,0,0,0,0,0,0,0,0,0,0,0,0,0,0,0,0,0,0,0,0,0,0,0,0,0,0,0,,,0,0,,,0.0,,0,0,,,0.0,,0,0,,,0.0,,0,0,,,0.0,,0,0,0,,,0,0,0,,,0,0,0,,,0,0,0,,,0,0,0,,,0,0,0,,,0,0,0,,,0,0,0,,,True,EQUAL_WEIGHT_PP_SUM_NOT_YEN_NOT_CAPITAL,SINGLE_POSITIVE_R_MASS_PRIVATE;SINGLE_NEGATIVE_R_MASS_PRIVATE
C0108,WITHIN_R0_RANK_RISK_12BAND,D-FULL,q3,S,UNASSESSED,BLOCK,7,0,0,0,,0,0,0,0,0,0,0,0,0,0,0,0,0,0,0,0,0,0,0,0,0,0,0,0,0,0,0,,,0,0,,,0.0,,0,0,,,0.0,,0,0,,,0.0,,0,3,,0.0,0.0,,0,0,1,0.0,,0,0,1,0.0,,0,0,0,,,0,0,0,,,0,0,3,0.0,,0,0,3,0.0,,0,0,2,0.0,,0,0,0,,,True,EQUAL_WEIGHT_PP_SUM_NOT_YEN_NOT_CAPITAL,SINGLE_POSITIVE_R_MASS_PRIVATE;SINGLE_NEGATIVE_R_MASS_PRIVATE
C0108,WITHIN_R0_RANK_RISK_12BAND,D-FULL,q3,S,UNASSESSED,BLOCK,8,0,0,0,,0,0,0,0,0,0,0,0,0,0,0,0,0,0,0,0,0,0,0,0,0,0,0,0,0,0,0,,,0,0,,,0.0,,0,0,,,0.0,,0,1,,0.0,0.0,,0,2,,0.0,0.0,,0,0,0,,,0,0,0,,,0,0,0,,,0,0,0,,,0,0,2,0.0,,0,0,2,0.0,,0,0,1,0.0,,0,0,0,,,True,EQUAL_WEIGHT_PP_SUM_NOT_YEN_NOT_CAPITAL,SINGLE_POSITIVE_R_MASS_PRIVATE;SINGLE_NEGATIVE_R_MASS_PRIVATE
C0108,WITHIN_R0_RANK_RISK_12BAND,D-FULL,q3,S,UNASSESSED,SESSION,2025-06-27,0,0,0,,0,0,0,0,0,0,0,0,0,0,0,0,0,0,0,0,0,0,0,0,0,0,0,0,0,0,0,,,0,0,,,0.0,,0,0,,,0.0,,0,0,,,0.0,,0,2,,0.0,0.0,,0,0,1,0.0,,0,0,1,0.0,,0,0,1,0.0,,0,0,1,0.0,,0,0,2,0.0,,0,0,2,0.0,,0,0,1,0.0,,0,0,1,0.0,,True,EQUAL_WEIGHT_PP_SUM_NOT_YEN_NOT_CAPITAL,SINGLE_POSITIVE_R_MASS_PRIVATE;SINGLE_NEGATIVE_R_MASS_PRIVATE
C0108,WITHIN_R0_RANK_RISK_12BAND,D-FULL,q3,S,UNASSESSED,SESSION,2025-06-30,0,0,0,,0,0,0,0,0,0,0,0,0,0,0,0,0,0,0,0,0,0,0,0,0,0,0,0,0,0,0,,,0,0,,,0.0,,0,1,,0.0,0.0,,0,2,,0.0,0.0,,0,3,,0.0,0.0,,0,0,0,,,0,0,0,,,0,0,0,,,0,0,0,,,0,0,1,0.0,,0,0,0,,,0,0,0,,,0,0,0,,,True,EQUAL_WEIGHT_PP_SUM_NOT_YEN_NOT_CAPITAL,SINGLE_POSITIVE_R_MASS_PRIVATE;SINGLE_NEGATIVE_R_MASS_PRIVATE
C0108,WITHIN_R0_RANK_RISK_12BAND,D-FULL,q3,S,UNASSESSED,SESSION,2025-07-01,0,0,0,,0,0,0,0,0,0,0,0,0,0,0,0,0,0,0,0,0,0,0,0,0,0,0,0,0,0,0,,,0,0,,,0.0,,0,1,,0.0,0.0,,0,1,,0.0,0.0,,0,2,,0.0,0.0,,0,0,0,,,0,0,0,,,0,0,0,,,0,0,0,,,0,0,2,0.0,,0,0,1,0.0,,0,0,1,0.0,,0,0,0,,,True,EQUAL_WEIGHT_PP_SUM_NOT_YEN_NOT_CAPITAL,SINGLE_POSITIVE_R_MASS_PRIVATE;SINGLE_NEGATIVE_R_MASS_PRIVATE
C0108,WITHIN_R0_RANK_RISK_12BAND,D-FULL,q3,S,UNASSESSED,SESSION,2025-07-02,0,0,0,,0,0,0,0,0,0,0,0,0,0,0,0,0,0,0,0,0,0,0,0,0,0,0,0,0,0,0,,,0,0,,,0.0,,0,1,,0.0,0.0,,0,2,,0.0,0.0,,0,4,,0.0,0.0,,0,0,0,,,0,0,0,,,0,0,0,,,0,0,0,,,0,0,3,0.0,,0,0,2,0.0,,0,0,0,,,0,0,0,,,True,EQUAL_WEIGHT_PP_SUM_NOT_YEN_NOT_CAPITAL,SINGLE_POSITIVE_R_MASS_PRIVATE;SINGLE_NEGATIVE_R_MASS_PRIVATE
C0108,WITHIN_R0_RANK_RISK_12BAND,D-FULL,q3,S,UNASSESSED,SESSION,2025-07-03,0,0,0,,0,0,0,0,0,0,0,0,0,0,0,0,0,0,0,0,0,0,0,0,0,0,0,0,0,0,0,,,0,0,,,0.0,,0,0,,,0.0,,0,0,,,0.0,,0,0,,,0.0,,0,0,0,,,0,0,0,,,0,0,0,,,0,0,0,,,0,0,0,,,0,0,0,,,0,0,0,,,0,0,0,,,True,EQUAL_WEIGHT_PP_SUM_NOT_YEN_NOT_CAPITAL,SINGLE_POSITIVE_R_MASS_PRIVATE;SINGLE_NEGATIVE_R_MASS_PRIVATE
C0108,WITHIN_R0_RANK_RISK_12BAND,D-FULL,q3,S,UNASSESSED,SESSION,2025-07-04,0,0,0,,0,0,0,0,0,0,0,0,0,0,0,0,0,0,0,0,0,0,0,0,0,0,0,0,0,0,0,,,0,0,,,0.0,,0,0,,,0.0,,0,0,,,0.0,,0,0,,,0.0,,0,0,0,,,0,0,0,,,0,0,0,,,0,0,0,,,0,0,0,,,0,0,0,,,0,0,0,,,0,0,0,,,True,EQUAL_WEIGHT_PP_SUM_NOT_YEN_NOT_CAPITAL,SINGLE_POSITIVE_R_MASS_PRIVATE;SINGLE_NEGATIVE_R_MASS_PRIVATE
C0108,WITHIN_R0_RANK_RISK_12BAND,D-FULL,q3,S,UNASSESSED,SESSION,2025-07-07,0,0,0,,0,0,0,0,0,0,0,0,0,0,0,0,0,0,0,0,0,0,0,0,0,0,0,0,0,0,0,,,0,0,,,0.0,,0,0,,,0.0,,0,0,,,0.0,,0,0,,,0.0,,0,0,0,,,0,0,0,,,0,0,0,,,0,0,0,,,0,0,0,,,0,0,0,,,0,0,0,,,0,0,0,,,True,EQUAL_WEIGHT_PP_SUM_NOT_YEN_NOT_CAPITAL,SINGLE_POSITIVE_R_MASS_PRIVATE;SINGLE_NEGATIVE_R_MASS_PRIVATE
C0108,WITHIN_R0_RANK_RISK_12BAND,D-FULL,q3,S,UNASSESSED,SESSION,2025-07-08,0,0,0,,0,0,0,0,0,0,0,0,0,0,0,0,0,0,0,0,0,0,0,0,0,0,0,0,0,0,0,,,0,0,,,0.0,,0,0,,,0.0,,0,1,,0.0,0.0,,0,1,,0.0,0.0,,0,0,0,,,0,0,0,,,0,0,0,,,0,0,0,,,0,0,1,0.0,,0,0,1,0.0,,0,0,1,0.0,,0,0,1,0.0,,True,EQUAL_WEIGHT_PP_SUM_NOT_YEN_NOT_CAPITAL,SINGLE_POSITIVE_R_MASS_PRIVATE;SINGLE_NEGATIVE_R_MASS_PRIVATE
C0108,WITHIN_R0_RANK_RISK_12BAND,D-FULL,q3,S,UNASSESSED,SESSION,2025-07-09,0,0,0,,0,0,0,0,0,0,0,0,0,0,0,0,0,0,0,0,0,0,0,0,0,0,0,0,0,0,0,,,0,0,,,0.0,,0,0,,,0.0,,0,0,,,0.0,,0,0,,,0.0,,0,0,0,,,0,0,0,,,0,0,0,,,0,0,0,,,0,0,0,,,0,0,0,,,0,0,0,,,0,0,0,,,True,EQUAL_WEIGHT_PP_SUM_NOT_YEN_NOT_CAPITAL,SINGLE_POSITIVE_R_MASS_PRIVATE;SINGLE_NEGATIVE_R_MASS_PRIVATE
C0108,WITHIN_R0_RANK_RISK_12BAND,D-FULL,q3,S,UNASSESSED,SESSION,2025-07-10,0,0,0,,0,0,0,0,0,0,0,0,0,0,0,0,0,0,0,0,0,0,0,0,0,0,0,0,0,0,0,,,0,0,,,0.0,,0,0,,,0.0,,0,0,,,0.0,,0,0,,,0.0,,0,0,0,,,0,0,0,,,0,0,0,,,0,0,0,,,0,0,0,,,0,0,0,,,0,0,0,,,0,0,0,,,True,EQUAL_WEIGHT_PP_SUM_NOT_YEN_NOT_CAPITAL,SINGLE_POSITIVE_R_MASS_PRIVATE;SINGLE_NEGATIVE_R_MASS_PRIVATE
C0108,WITHIN_R0_RANK_RISK_12BAND,D-FULL,q3,S,UNASSESSED,SESSION,2025-07-15,0,0,0,,0,0,0,0,0,0,0,0,0,0,0,0,0,0,0,0,0,0,0,0,0,0,0,0,0,0,0,,,0,0,,,0.0,,0,0,,,0.0,,0,0,,,0.0,,0,1,,0.0,0.0,,0,0,1,0.0,,0,0,0,,,0,0,0,,,0,0,0,,,0,0,1,0.0,,0,0,1,0.0,,0,0,1,0.0,,0,0,1,0.0,,True,EQUAL_WEIGHT_PP_SUM_NOT_YEN_NOT_CAPITAL,SINGLE_POSITIVE_R_MASS_PRIVATE;SINGLE_NEGATIVE_R_MASS_PRIVATE
C0108,WITHIN_R0_RANK_RISK_12BAND,D-FULL,q3,S,UNASSESSED,SESSION,2025-07-16,0,0,0,,0,0,0,0,0,0,0,0,0,0,0,0,0,0,0,0,0,0,0,0,0,0,0,0,0,0,0,,,0,0,,,0.0,,0,0,,,0.0,,0,0,,,0.0,,0,2,,0.0,0.0,,0,0,1,0.0,,0,0,1,0.0,,0,0,1,0.0,,0,0,1,0.0,,0,0,2,0.0,,0,0,2,0.0,,0,0,1,0.0,,0,0,1,0.0,,True,EQUAL_WEIGHT_PP_SUM_NOT_YEN_NOT_CAPITAL,SINGLE_POSITIVE_R_MASS_PRIVATE;SINGLE_NEGATIVE_R_MASS_PRIVATE
C0108,WITHIN_R0_RANK_RISK_12BAND,D-FULL,q3,S,UNASSESSED,SESSION,2025-07-17,0,0,0,,0,0,0,0,0,0,0,0,0,0,0,0,0,0,0,0,0,0,0,0,0,0,0,0,0,0,0,,,0,0,,,0.0,,0,0,,,0.0,,0,0,,,0.0,,0,2,,0.0,0.0,,0,0,0,,,0,0,0,,,0,0,0,,,0,0,0,,,0,0,0,,,0,0,0,,,0,0,0,,,0,0,0,,,True,EQUAL_WEIGHT_PP_SUM_NOT_YEN_NOT_CAPITAL,SINGLE_POSITIVE_R_MASS_PRIVATE;SINGLE_NEGATIVE_R_MASS_PRIVATE
C0108,WITHIN_R0_RANK_RISK_12BAND,D-FULL,q3,S,UNASSESSED,SESSION,2025-07-18,0,0,0,,0,0,0,0,0,0,0,0,0,0,0,0,0,0,0,0,0,0,0,0,0,0,0,0,0,0,0,,,0,0,,,0.0,,0,0,,,0.0,,0,0,,,0.0,,0,1,,0.0,0.0,,0,0,0,,,0,0,0,,,0,0,0,,,0,0,0,,,0,0,1,0.0,,0,0,1,0.0,,0,0,1,0.0,,0,0,0,,,True,EQUAL_WEIGHT_PP_SUM_NOT_YEN_NOT_CAPITAL,SINGLE_POSITIVE_R_MASS_PRIVATE;SINGLE_NEGATIVE_R_MASS_PRIVATE
C0108,WITHIN_R0_RANK_RISK_12BAND,D-FULL,q3,S,UNASSESSED,SESSION,2025-07-22,0,0,0,,0,0,0,0,0,0,0,0,0,0,0,0,0,0,0,0,0,0,0,0,0,0,0,0,0,0,0,,,0,0,,,0.0,,0,0,,,0.0,,0,2,,0.0,0.0,,0,2,,0.0,0.0,,0,0,0,,,0,0,0,,,0,0,0,,,0,0,0,,,0,0,0,,,0,0,0,,,0,0,0,,,0,0,0,,,True,EQUAL_WEIGHT_PP_SUM_NOT_YEN_NOT_CAPITAL,SINGLE_POSITIVE_R_MASS_PRIVATE;SINGLE_NEGATIVE_R_MASS_PRIVATE
C0108,WITHIN_R0_RANK_RISK_12BAND,D-FULL,q3,S,UNASSESSED,SESSION,2025-07-23,0,0,0,,0,0,0,0,0,0,0,0,0,0,0,0,0,0,0,0,0,0,0,0,0,0,0,0,0,0,0,,,0,0,,,0.0,,0,0,,,0.0,,0,0,,,0.0,,0,1,,0.0,0.0,,0,0,0,,,0,0,0,,,0,0,0,,,0,0,0,,,0,0,1,0.0,,0,0,1,0.0,,0,0,0,,,0,0,0,,,True,EQUAL_WEIGHT_PP_SUM_NOT_YEN_NOT_CAPITAL,SINGLE_POSITIVE_R_MASS_PRIVATE;SINGLE_NEGATIVE_R_MASS_PRIVATE
C0108,WITHIN_R0_RANK_RISK_12BAND,D-FULL,q3,S,UNASSESSED,SESSION,2025-07-24,0,0,0,,0,0,0,0,0,0,0,0,0,0,0,0,0,0,0,0,0,0,0,0,0,0,0,0,0,0,0,,,0,0,,,0.0,,0,0,,,0.0,,0,0,,,0.0,,0,1,,0.0,0.0,,0,0,1,0.0,,0,0,1,0.0,,0,0,1,0.0,,0,0,0,,,0,0,1,0.0,,0,0,1,0.0,,0,0,0,,,0,0,0,,,True,EQUAL_WEIGHT_PP_SUM_NOT_YEN_NOT_CAPITAL,SINGLE_POSITIVE_R_MASS_PRIVATE;SINGLE_NEGATIVE_R_MASS_PRIVATE
C0108,WITHIN_R0_RANK_RISK_12BAND,D-FULL,q3,S,UNASSESSED,SESSION,2025-07-25,0,0,0,,0,0,0,0,0,0,0,0,0,0,0,0,0,0,0,0,0,0,0,0,0,0,0,0,0,0,0,,,0,0,,,0.0,,0,0,,,0.0,,0,1,,0.0,0.0,,0,1,,0.0,0.0,,0,0,0,,,0,0,0,,,0,0,0,,,0,0,0,,,0,0,0,,,0,0,0,,,0,0,0,,,0,0,0,,,True,EQUAL_WEIGHT_PP_SUM_NOT_YEN_NOT_CAPITAL,SINGLE_POSITIVE_R_MASS_PRIVATE;SINGLE_NEGATIVE_R_MASS_PRIVATE
C0108,WITHIN_R0_RANK_RISK_12BAND,D-FULL,q3,S,UNASSESSED,SESSION,2025-07-28,0,0,0,,0,0,0,0,0,0,0,0,0,0,0,0,0,0,0,0,0,0,0,0,0,0,0,0,0,0,0,,,0,0,,,0.0,,0,0,,,0.0,,0,0,,,0.0,,0,0,,,0.0,,0,0,2,0.0,,0,0,1,0.0,,0,0,1,0.0,,0,0,1,0.0,,0,0,2,0.0,,0,0,2,0.0,,0,0,1,0.0,,0,0,1,0.0,,True,EQUAL_WEIGHT_PP_SUM_NOT_YEN_NOT_CAPITAL,SINGLE_POSITIVE_R_MASS_PRIVATE;SINGLE_NEGATIVE_R_MASS_PRIVATE
C0108,WITHIN_R0_RANK_RISK_12BAND,D-FULL,q3,S,UNASSESSED,SESSION,2025-07-29,0,0,0,,0,0,0,0,0,0,0,0,0,0,0,0,0,0,0,0,0,0,0,0,0,0,0,0,0,0,0,,,0,0,,,0.0,,0,0,,,0.0,,0,0,,,0.0,,0,2,,0.0,0.0,,0,0,0,,,0,0,0,,,0,0,0,,,0,0,0,,,0,0,2,0.0,,0,0,2,0.0,,0,0,1,0.0,,0,0,1,0.0,,True,EQUAL_WEIGHT_PP_SUM_NOT_YEN_NOT_CAPITAL,SINGLE_POSITIVE_R_MASS_PRIVATE;SINGLE_NEGATIVE_R_MASS_PRIVATE
C0108,WITHIN_R0_RANK_RISK_12BAND,D-FULL,q3,S,UNASSESSED,SESSION,2025-07-30,0,0,0,,0,0,0,0,0,0,0,0,0,0,0,0,0,0,0,0,0,0,0,0,0,0,0,0,0,0,0,,,0,0,,,0.0,,0,0,,,0.0,,0,0,,,0.0,,0,0,,,0.0,,0,0,0,,,0,0,0,,,0,0,0,,,0,0,0,,,0,0,0,,,0,0,0,,,0,0,0,,,0,0,0,,,True,EQUAL_WEIGHT_PP_SUM_NOT_YEN_NOT_CAPITAL,SINGLE_POSITIVE_R_MASS_PRIVATE;SINGLE_NEGATIVE_R_MASS_PRIVATE
C0108,WITHIN_R0_RANK_RISK_12BAND,D-FULL,q3,S,UNASSESSED,SESSION,2025-07-31,0,0,0,,0,0,0,0,0,0,0,0,0,0,0,0,0,0,0,0,0,0,0,0,0,0,0,0,0,0,0,,,0,0,,,0.0,,0,0,,,0.0,,0,0,,,0.0,,0,0,,,0.0,,0,0,0,,,0,0,0,,,0,0,0,,,0,0,0,,,0,0,0,,,0,0,0,,,0,0,0,,,0,0,0,,,True,EQUAL_WEIGHT_PP_SUM_NOT_YEN_NOT_CAPITAL,SINGLE_POSITIVE_R_MASS_PRIVATE;SINGLE_NEGATIVE_R_MASS_PRIVATE
C0108,WITHIN_R0_RANK_RISK_12BAND,D-FULL,q3,S,UNASSESSED,SESSION,2025-08-01,0,0,0,,0,0,0,0,0,0,0,0,0,0,0,0,0,0,0,0,0,0,0,0,0,0,0,0,0,0,0,,,0,0,,,0.0,,0,0,,,0.0,,0,0,,,0.0,,0,0,,,0.0,,0,0,0,,,0,0,0,,,0,0,0,,,0,0,0,,,0,0,0,,,0,0,0,,,0,0,0,,,0,0,0,,,True,EQUAL_WEIGHT_PP_SUM_NOT_YEN_NOT_CAPITAL,SINGLE_POSITIVE_R_MASS_PRIVATE;SINGLE_NEGATIVE_R_MASS_PRIVATE
C0108,WITHIN_R0_RANK_RISK_12BAND,D-FULL,q3,S,UNASSESSED,SESSION,2025-08-04,0,0,0,,0,0,0,0,0,0,0,0,0,0,0,0,0,0,0,0,0,0,0,0,0,0,0,0,0,0,0,,,0,0,,,0.0,,0,0,,,0.0,,0,0,,,0.0,,0,0,,,0.0,,0,0,0,,,0,0,0,,,0,0,0,,,0,0,0,,,0,0,0,,,0,0,0,,,0,0,0,,,0,0,0,,,True,EQUAL_WEIGHT_PP_SUM_NOT_YEN_NOT_CAPITAL,SINGLE_POSITIVE_R_MASS_PRIVATE;SINGLE_NEGATIVE_R_MASS_PRIVATE
C0108,WITHIN_R0_RANK_RISK_12BAND,D-FULL,q3,S,UNASSESSED,SESSION,2025-08-05,0,0,0,,0,0,0,0,0,0,0,0,0,0,0,0,0,0,0,0,0,0,0,0,0,0,0,0,0,0,0,,,0,0,,,0.0,,0,0,,,0.0,,0,0,,,0.0,,0,3,,0.0,0.0,,0,0,0,,,0,0,0,,,0,0,0,,,0,0,0,,,0,0,1,0.0,,0,0,1,0.0,,0,0,1,0.0,,0,0,0,,,True,EQUAL_WEIGHT_PP_SUM_NOT_YEN_NOT_CAPITAL,SINGLE_POSITIVE_R_MASS_PRIVATE;SINGLE_NEGATIVE_R_MASS_PRIVATE
C0108,WITHIN_R0_RANK_RISK_12BAND,D-FULL,q3,S,UNASSESSED,SESSION,2025-08-06,0,0,0,,0,0,0,0,0,0,0,0,0,0,0,0,0,0,0,0,0,0,0,0,0,0,0,0,0,0,0,,,0,0,,,0.0,,0,0,,,0.0,,0,0,,,0.0,,0,0,,,0.0,,0,0,0,,,0,0,0,,,0,0,0,,,0,0,0,,,0,0,0,,,0,0,0,,,0,0,0,,,0,0,0,,,True,EQUAL_WEIGHT_PP_SUM_NOT_YEN_NOT_CAPITAL,SINGLE_POSITIVE_R_MASS_PRIVATE;SINGLE_NEGATIVE_R_MASS_PRIVATE
C0108,WITHIN_R0_RANK_RISK_12BAND,D-FULL,q3,S,UNASSESSED,SESSION,2025-08-07,0,0,0,,0,0,0,0,0,0,0,0,0,0,0,0,0,0,0,0,0,0,0,0,0,0,0,0,0,0,0,,,0,0,,,0.0,,0,0,,,0.0,,0,0,,,0.0,,0,0,,,0.0,,0,0,0,,,0,0,0,,,0,0,0,,,0,0,0,,,0,0,0,,,0,0,0,,,0,0,0,,,0,0,0,,,True,EQUAL_WEIGHT_PP_SUM_NOT_YEN_NOT_CAPITAL,SINGLE_POSITIVE_R_MASS_PRIVATE;SINGLE_NEGATIVE_R_MASS_PRIVATE
C0108,WITHIN_R0_RANK_RISK_12BAND,D-FULL,q3,S,UNASSESSED,SESSION,2025-08-08,0,0,0,,0,0,0,0,0,0,0,0,0,0,0,0,0,0,0,0,0,0,0,0,0,0,0,0,0,0,0,,,0,0,,,0.0,,0,0,,,0.0,,0,0,,,0.0,,0,0,,,0.0,,0,0,0,,,0,0,0,,,0,0,0,,,0,0,0,,,0,0,0,,,0,0,0,,,0,0,0,,,0,0,0,,,True,EQUAL_WEIGHT_PP_SUM_NOT_YEN_NOT_CAPITAL,SINGLE_POSITIVE_R_MASS_PRIVATE;SINGLE_NEGATIVE_R_MASS_PRIVATE
C0108,WITHIN_R0_RANK_RISK_12BAND,D-FULL,q3,S,UNASSESSED,SESSION,2025-08-12,0,0,0,,0,0,0,0,0,0,0,0,0,0,0,0,0,0,0,0,0,0,0,0,0,0,0,0,0,0,0,,,0,0,,,0.0,,0,0,,,0.0,,0,0,,,0.0,,0,0,,,0.0,,0,0,0,,,0,0,0,,,0,0,0,,,0,0,0,,,0,0,0,,,0,0,0,,,0,0,0,,,0,0,0,,,True,EQUAL_WEIGHT_PP_SUM_NOT_YEN_NOT_CAPITAL,SINGLE_POSITIVE_R_MASS_PRIVATE;SINGLE_NEGATIVE_R_MASS_PRIVATE
C0108,WITHIN_R0_RANK_RISK_12BAND,D-FULL,q3,S,UNASSESSED,SESSION,2025-08-13,0,0,0,,0,0,0,0,0,0,0,0,0,0,0,0,0,0,0,0,0,0,0,0,0,0,0,0,0,0,0,,,0,0,,,0.0,,0,0,,,0.0,,0,0,,,0.0,,0,0,,,0.0,,0,0,0,,,0,0,0,,,0,0,0,,,0,0,0,,,0,0,0,,,0,0,0,,,0,0,0,,,0,0,0,,,True,EQUAL_WEIGHT_PP_SUM_NOT_YEN_NOT_CAPITAL,SINGLE_POSITIVE_R_MASS_PRIVATE;SINGLE_NEGATIVE_R_MASS_PRIVATE
C0108,WITHIN_R0_RANK_RISK_12BAND,D-FULL,q3,S,UNASSESSED,SESSION,2025-08-14,0,0,0,,0,0,0,0,0,0,0,0,0,0,0,0,0,0,0,0,0,0,0,0,0,0,0,0,0,0,0,,,0,0,,,0.0,,0,0,,,0.0,,0,0,,,0.0,,0,0,,,0.0,,0,0,0,,,0,0,0,,,0,0,0,,,0,0,0,,,0,0,1,0.0,,0,0,1,0.0,,0,0,1,0.0,,0,0,0,,,True,EQUAL_WEIGHT_PP_SUM_NOT_YEN_NOT_CAPITAL,SINGLE_POSITIVE_R_MASS_PRIVATE;SINGLE_NEGATIVE_R_MASS_PRIVATE
C0108,WITHIN_R0_RANK_RISK_12BAND,D-FULL,q3,S,UNASSESSED,SESSION,2025-08-15,0,0,0,,0,0,0,0,0,0,0,0,0,0,0,0,0,0,0,0,0,0,0,0,0,0,0,0,0,0,0,,,0,0,,,0.0,,0,0,,,0.0,,0,0,,,0.0,,0,3,,0.0,0.0,,0,0,0,,,0,0,0,,,0,0,0,,,0,0,0,,,0,0,1,0.0,,0,0,1,0.0,,0,0,0,,,0,0,0,,,True,EQUAL_WEIGHT_PP_SUM_NOT_YEN_NOT_CAPITAL,SINGLE_POSITIVE_R_MASS_PRIVATE;SINGLE_NEGATIVE_R_MASS_PRIVATE
C0108,WITHIN_R0_RANK_RISK_12BAND,D-FULL,q3,S,UNASSESSED,SESSION,2025-08-18,0,0,0,,0,0,0,0,0,0,0,0,0,0,0,0,0,0,0,0,0,0,0,0,0,0,0,0,0,0,0,,,0,0,,,0.0,,0,0,,,0.0,,0,0,,,0.0,,0,0,,,0.0,,0,0,1,0.0,,0,0,1,0.0,,0,0,0,,,0,0,0,,,0,0,1,0.0,,0,0,1,0.0,,0,0,1,0.0,,0,0,0,,,True,EQUAL_WEIGHT_PP_SUM_NOT_YEN_NOT_CAPITAL,SINGLE_POSITIVE_R_MASS_PRIVATE;SINGLE_NEGATIVE_R_MASS_PRIVATE
C0108,WITHIN_R0_RANK_RISK_12BAND,D-FULL,q3,S,UNASSESSED,SESSION,2025-08-19,0,0,0,,0,0,0,0,0,0,0,0,0,0,0,0,0,0,0,0,0,0,0,0,0,0,0,0,0,0,0,,,0,0,,,0.0,,0,0,,,0.0,,0,0,,,0.0,,0,0,,,0.0,,0,0,0,,,0,0,0,,,0,0,0,,,0,0,0,,,0,0,0,,,0,0,0,,,0,0,0,,,0,0,0,,,True,EQUAL_WEIGHT_PP_SUM_NOT_YEN_NOT_CAPITAL,SINGLE_POSITIVE_R_MASS_PRIVATE;SINGLE_NEGATIVE_R_MASS_PRIVATE
C0108,WITHIN_R0_RANK_RISK_12BAND,D-FULL,q3,S,UNASSESSED,SESSION,2025-08-20,0,0,0,,0,0,0,0,0,0,0,0,0,0,0,0,0,0,0,0,0,0,0,0,0,0,0,0,0,0,0,,,0,0,,,0.0,,0,0,,,0.0,,0,0,,,0.0,,0,0,,,0.0,,0,0,0,,,0,0,0,,,0,0,0,,,0,0,0,,,0,0,0,,,0,0,0,,,0,0,0,,,0,0,0,,,True,EQUAL_WEIGHT_PP_SUM_NOT_YEN_NOT_CAPITAL,SINGLE_POSITIVE_R_MASS_PRIVATE;SINGLE_NEGATIVE_R_MASS_PRIVATE
C0108,WITHIN_R0_RANK_RISK_12BAND,D-FULL,q3,S,UNASSESSED,SESSION,2025-08-21,0,0,0,,0,0,0,0,0,0,0,0,0,0,0,0,0,0,0,0,0,0,0,0,0,0,0,0,0,0,0,,,0,0,,,0.0,,0,0,,,0.0,,0,0,,,0.0,,0,0,,,0.0,,0,0,0,,,0,0,0,,,0,0,0,,,0,0,0,,,0,0,1,0.0,,0,0,1,0.0,,0,0,0,,,0,0,0,,,True,EQUAL_WEIGHT_PP_SUM_NOT_YEN_NOT_CAPITAL,SINGLE_POSITIVE_R_MASS_PRIVATE;SINGLE_NEGATIVE_R_MASS_PRIVATE
C0108,WITHIN_R0_RANK_RISK_12BAND,D-FULL,q3,S,UNASSESSED,SESSION,2025-08-22,0,0,0,,0,0,0,0,0,0,0,0,0,0,0,0,0,0,0,0,0,0,0,0,0,0,0,0,0,0,0,,,0,0,,,0.0,,0,0,,,0.0,,0,1,,0.0,0.0,,0,2,,0.0,0.0,,0,0,0,,,0,0,0,,,0,0,0,,,0,0,0,,,0,0,1,0.0,,0,0,1,0.0,,0,0,1,0.0,,0,0,0,,,True,EQUAL_WEIGHT_PP_SUM_NOT_YEN_NOT_CAPITAL,SINGLE_POSITIVE_R_MASS_PRIVATE;SINGLE_NEGATIVE_R_MASS_PRIVATE
C0108,WITHIN_R0_RANK_RISK_12BAND,D-FULL,q3,S,UNASSESSED,SESSION,2025-08-25,0,0,0,,0,0,0,0,0,0,0,0,0,0,0,0,0,0,0,0,0,0,0,0,0,0,0,0,0,0,0,,,0,0,,,0.0,,0,0,,,0.0,,0,0,,,0.0,,0,0,,,0.0,,0,0,0,,,0,0,0,,,0,0,0,,,0,0,0,,,0,0,0,,,0,0,0,,,0,0,0,,,0,0,0,,,True,EQUAL_WEIGHT_PP_SUM_NOT_YEN_NOT_CAPITAL,SINGLE_POSITIVE_R_MASS_PRIVATE;SINGLE_NEGATIVE_R_MASS_PRIVATE
C0108,WITHIN_R0_RANK_RISK_12BAND,D-FULL,q3,S,UNASSESSED,RANK,S,0,0,0,,0,0,0,0,0,0,0,0,0,0,0,0,0,0,0,0,0,0,0,0,0,0,0,0,0,0,0,,,0,0,,,0.0,,0,3,,0.0,0.0,,0,10,,0.0,0.0,,0,33,,0.0,0.0,,0,0,7,0.0,,0,0,5,0.0,,0,0,4,0.0,,0,0,3,0.0,,0,0,25,0.0,,0,0,22,0.0,,0,0,12,0.0,,0,0,6,0.0,,True,EQUAL_WEIGHT_PP_SUM_NOT_YEN_NOT_CAPITAL,SINGLE_POSITIVE_R_MASS_PRIVATE;SINGLE_NEGATIVE_R_MASS_PRIVATE
C0108,WITHIN_R0_RANK_RISK_12BAND,D-FULL,q3,S,UNASSESSED,RANK,A,0,0,0,,0,0,0,0,0,0,0,0,0,0,0,0,0,0,0,0,0,0,0,0,0,0,0,0,0,0,0,,,0,0,,,0.0,,0,0,,,0.0,,0,0,,,0.0,,0,0,,,0.0,,0,0,0,,,0,0,0,,,0,0,0,,,0,0,0,,,0,0,0,,,0,0,0,,,0,0,0,,,0,0,0,,,True,EQUAL_WEIGHT_PP_SUM_NOT_YEN_NOT_CAPITAL,SINGLE_POSITIVE_R_MASS_PRIVATE;SINGLE_NEGATIVE_R_MASS_PRIVATE
C0108,WITHIN_R0_RANK_RISK_12BAND,D-FULL,q3,S,UNASSESSED,RANK,B,0,0,0,,0,0,0,0,0,0,0,0,0,0,0,0,0,0,0,0,0,0,0,0,0,0,0,0,0,0,0,,,0,0,,,0.0,,0,0,,,0.0,,0,0,,,0.0,,0,0,,,0.0,,0,0,0,,,0,0,0,,,0,0,0,,,0,0,0,,,0,0,0,,,0,0,0,,,0,0,0,,,0,0,0,,,True,EQUAL_WEIGHT_PP_SUM_NOT_YEN_NOT_CAPITAL,SINGLE_POSITIVE_R_MASS_PRIVATE;SINGLE_NEGATIVE_R_MASS_PRIVATE
C0108,WITHIN_R0_RANK_RISK_12BAND,D-FULL,q3,S,UNASSESSED,RANK,C,0,0,0,,0,0,0,0,0,0,0,0,0,0,0,0,0,0,0,0,0,0,0,0,0,0,0,0,0,0,0,,,0,0,,,0.0,,0,0,,,0.0,,0,0,,,0.0,,0,0,,,0.0,,0,0,0,,,0,0,0,,,0,0,0,,,0,0,0,,,0,0,0,,,0,0,0,,,0,0,0,,,0,0,0,,,True,EQUAL_WEIGHT_PP_SUM_NOT_YEN_NOT_CAPITAL,SINGLE_POSITIVE_R_MASS_PRIVATE;SINGLE_NEGATIVE_R_MASS_PRIVATE
C0108,WITHIN_R0_RANK_RISK_12BAND,D-FULL,q3,S,UNASSESSED,EXECUTION_ELIGIBLE,TRUE,0,0,0,,0,0,0,0,0,0,0,0,0,0,0,0,0,0,0,0,0,0,0,0,0,0,0,0,0,0,0,,,0,0,,,0.0,,0,3,,0.0,0.0,,0,10,,0.0,0.0,,0,33,,0.0,0.0,,0,0,7,0.0,,0,0,5,0.0,,0,0,4,0.0,,0,0,3,0.0,,0,0,25,0.0,,0,0,22,0.0,,0,0,12,0.0,,0,0,6,0.0,,True,EQUAL_WEIGHT_PP_SUM_NOT_YEN_NOT_CAPITAL,SINGLE_POSITIVE_R_MASS_PRIVATE;SINGLE_NEGATIVE_R_MASS_PRIVATE
C0108,WITHIN_R0_RANK_RISK_12BAND,D-FULL,q3,S,UNASSESSED,R0_PASS,SAB,0,0,0,,0,0,0,0,0,0,0,0,0,0,0,0,0,0,0,0,0,0,0,0,0,0,0,0,0,0,0,,,0,0,,,0.0,,0,3,,0.0,0.0,,0,10,,0.0,0.0,,0,33,,0.0,0.0,,0,0,7,0.0,,0,0,5,0.0,,0,0,4,0.0,,0,0,3,0.0,,0,0,25,0.0,,0,0,22,0.0,,0,0,12,0.0,,0,0,6,0.0,,True,EQUAL_WEIGHT_PP_SUM_NOT_YEN_NOT_CAPITAL,SINGLE_POSITIVE_R_MASS_PRIVATE;SINGLE_NEGATIVE_R_MASS_PRIVATE
C0108,WITHIN_R0_RANK_RISK_12BAND,D-FULL,q3,S,UNASSESSED,E0_FUNDED,SAVED,0,0,0,,0,0,0,0,0,0,0,0,0,0,0,0,0,0,0,0,0,0,0,0,0,0,0,0,0,0,0,,,0,0,,,0.0,,0,2,,0.0,0.0,,0,7,,0.0,0.0,,0,25,,0.0,0.0,,0,0,7,0.0,,0,0,5,0.0,,0,0,4,0.0,,0,0,3,0.0,,0,0,21,0.0,,0,0,20,0.0,,0,0,11,0.0,,0,0,6,0.0,,True,EQUAL_WEIGHT_PP_SUM_NOT_YEN_NOT_CAPITAL,SINGLE_POSITIVE_R_MASS_PRIVATE;SINGLE_NEGATIVE_R_MASS_PRIVATE
C0109,WITHIN_R0_RANK_RISK_12BAND,D-FULL,q3,A,HIGH_RISK_20,ALL,ALL,32,32,0,1.0,15,17,0,9,0,0,1,2,3,1,8,4,2,1,1,0,0,12,16,10,8,9,4,9,2,9,1,169.2412176171462,40.02858379719218,1,2,0.03125,0.5,0.4222222222222222,2.3684210526315788,4,11,0.125,0.36363636363636365,2.2734126984126983,1.7594693663815675,8,21,0.25,0.38095238095238093,4.377380952380952,1.8275768289366332,17,93,0.53125,0.1827956989247312,19.344444444444445,0.8788052843193567,10,32,28,0.35714285714285715,0.3125,9,32,23,0.391304347826087,0.28125,9,32,19,0.47368421052631576,0.28125,9,32,16,0.5625,0.28125,18,32,86,0.20930232558139536,0.5625,17,32,69,0.2463768115942029,0.53125,14,32,47,0.2978723404255319,0.4375,10,32,23,0.43478260869565216,0.3125,False,EQUAL_WEIGHT_PP_SUM_NOT_YEN_NOT_CAPITAL,
C0109,WITHIN_R0_RANK_RISK_12BAND,D-FULL,q3,A,HIGH_RISK_20,BLOCK,1,5,5,0,1.0,4,1,0,2,0,0,0,0,2,0,1,0,0,0,0,0,0,2,1,2,0,2,0,2,0,2,0,65.85388569202873,,0,0,0.0,,0.0,,0,1,0.0,0.0,0.20833333333333334,0.0,0,3,0.0,0.0,0.625,0.0,1,12,0.2,0.08333333333333333,2.5,0.4,2,5,5,0.4,0.4,2,5,4,0.5,0.4,2,5,3,0.6666666666666666,0.4,2,5,3,0.6666666666666666,0.4,4,5,13,0.3076923076923077,0.8,3,5,9,0.3333333333333333,0.6,3,5,7,0.42857142857142855,0.6,3,5,6,0.5,0.6,True,EQUAL_WEIGHT_PP_SUM_NOT_YEN_NOT_CAPITAL,SINGLE_NEGATIVE_R_MASS_PRIVATE
C0109,WITHIN_R0_RANK_RISK_12BAND,D-FULL,q3,A,HIGH_RISK_20,BLOCK,2,3,3,0,1.0,0,3,0,0,0,0,0,0,0,0,2,0,0,1,0,0,0,0,3,0,1,0,1,0,1,0,0,,7.485532914884277,0,0,0.0,,0.0,,1,1,0.3333333333333333,1.0,0.21428571428571427,4.666666666666667,1,3,0.3333333333333333,0.3333333333333333,0.6428571428571429,1.5555555555555556,3,9,1.0,0.3333333333333333,1.9285714285714286,1.5555555555555556,0,3,3,0.0,0.0,0,3,1,0.0,0.0,0,3,1,0.0,0.0,0,3,0,,0.0,2,3,8,0.25,0.6666666666666666,2,3,7,0.2857142857142857,0.6666666666666666,2,3,4,0.5,0.6666666666666666,1,3,1,1.0,0.3333333333333333,True,EQUAL_WEIGHT_PP_SUM_NOT_YEN_NOT_CAPITAL,SINGLE_POSITIVE_R_MASS_PRIVATE
C0109,WITHIN_R0_RANK_RISK_12BAND,D-FULL,q3,A,HIGH_RISK_20,BLOCK,3,4,4,0,1.0,2,2,0,2,0,0,0,0,0,0,0,2,0,0,0,0,0,2,2,2,2,2,0,2,0,2,0,38.46165324831729,5.023906802625688,0,1,0.0,0.0,0.2222222222222222,0.0,0,1,0.0,0.0,0.2222222222222222,0.0,2,3,0.5,0.6666666666666666,0.6666666666666666,3.0,2,11,0.5,0.18181818181818182,2.4444444444444446,0.8181818181818182,2,4,2,1.0,0.5,2,4,2,1.0,0.5,2,4,2,1.0,0.5,2,4,2,1.0,0.5,2,4,6,0.3333333333333333,0.5,2,4,4,0.5,0.5,2,4,2,1.0,0.5,2,4,2,1.0,0.5,True,EQUAL_WEIGHT_PP_SUM_NOT_YEN_NOT_CAPITAL,
C0109,WITHIN_R0_RANK_RISK_12BAND,D-FULL,q3,A,HIGH_RISK_20,BLOCK,4,6,6,0,1.0,3,3,0,2,0,0,1,0,0,1,1,1,0,0,0,0,0,3,2,3,1,2,0,2,0,2,0,26.483405984043614,4.804454209631593,0,0,0.0,,0.0,,0,2,0.0,0.0,0.42857142857142855,0.0,1,3,0.16666666666666666,0.3333333333333333,0.6428571428571429,1.5555555555555556,3,19,0.5,0.15789473684210525,4.071428571428571,0.7368421052631579,3,6,5,0.6,0.5,2,6,4,0.5,0.3333333333333333,2,6,3,0.6666666666666666,0.3333333333333333,2,6,3,0.6666666666666666,0.3333333333333333,3,6,12,0.25,0.5,3,6,9,0.3333333333333333,0.5,2,6,4,0.5,0.3333333333333333,1,6,3,0.3333333333333333,0.16666666666666666,True,EQUAL_WEIGHT_PP_SUM_NOT_YEN_NOT_CAPITAL,
C0109,WITHIN_R0_RANK_RISK_12BAND,D-FULL,q3,A,HIGH_RISK_20,BLOCK,5,3,3,0,1.0,2,1,0,0,0,0,0,1,1,0,1,0,0,0,0,0,0,1,1,0,0,0,0,0,0,0,0,2.160598025274383,,0,0,0.0,,0.0,,0,0,0.0,,0.0,,0,0,0.0,,0.0,,1,9,0.3333333333333333,0.1111111111111111,1.8,0.5555555555555556,0,3,1,0.0,0.0,0,3,1,0.0,0.0,0,3,0,,0.0,0,3,0,,0.0,2,3,10,0.2,0.6666666666666666,2,3,9,0.2222222222222222,0.6666666666666666,1,3,5,0.2,0.3333333333333333,1,3,3,0.3333333333333333,0.3333333333333333,True,EQUAL_WEIGHT_PP_SUM_NOT_YEN_NOT_CAPITAL,SINGLE_NEGATIVE_R_MASS_PRIVATE
C0109,WITHIN_R0_RANK_RISK_12BAND,D-FULL,q3,A,HIGH_RISK_20,BLOCK,6,4,4,0,1.0,1,3,0,0,0,0,0,1,0,0,2,0,0,0,1,0,0,1,3,0,1,0,1,0,1,0,1,,9.570555820047899,1,1,0.25,1.0,0.2,5.0,1,1,0.25,1.0,0.2,5.0,1,2,0.25,0.5,0.4,2.5,3,13,0.75,0.23076923076923078,2.6,1.1538461538461537,0,4,2,0.0,0.0,0,4,2,0.0,0.0,0,4,2,0.0,0.0,0,4,1,0.0,0.0,1,4,13,0.07692307692307693,0.25,1,4,9,0.1111111111111111,0.25,1,4,8,0.125,0.25,0,4,1,0.0,0.0,True,EQUAL_WEIGHT_PP_SUM_NOT_YEN_NOT_CAPITAL,SINGLE_POSITIVE_R_MASS_PRIVATE
C0109,WITHIN_R0_RANK_RISK_12BAND,D-FULL,q3,A,HIGH_RISK_20,BLOCK,7,4,4,0,1.0,2,2,0,2,0,0,0,0,0,0,0,1,1,0,0,0,0,2,2,2,2,2,1,2,0,2,0,29.212248914747065,5.658417428956374,0,0,0.0,,0.0,,1,2,0.25,0.5,0.4,2.5,2,4,0.5,0.5,0.8,2.5,2,11,0.5,0.18181818181818182,2.2,0.9090909090909091,2,4,7,0.2857142857142857,0.5,2,4,7,0.2857142857142857,0.5,2,4,6,0.3333333333333333,0.5,2,4,5,0.4,0.5,3,4,14,0.21428571428571427,0.75,3,4,14,0.21428571428571427,0.75,2,4,11,0.18181818181818182,0.5,2,4,5,0.4,0.5,True,EQUAL_WEIGHT_PP_SUM_NOT_YEN_NOT_CAPITAL,
C0109,WITHIN_R0_RANK_RISK_12BAND,D-FULL,q3,A,HIGH_RISK_20,BLOCK,8,3,3,0,1.0,1,2,0,1,0,0,0,0,0,0,1,0,1,0,0,0,0,1,2,1,1,1,1,1,0,1,0,,4.514669247329871,0,0,0.0,,0.0,,1,3,0.3333333333333333,0.3333333333333333,0.6,1.6666666666666667,1,3,0.3333333333333333,0.3333333333333333,0.6,1.6666666666666667,2,9,0.6666666666666666,0.2222222222222222,1.8,1.1111111111111112,1,3,3,0.3333333333333333,0.3333333333333333,1,3,2,0.5,0.3333333333333333,1,3,2,0.5,0.3333333333333333,1,3,2,0.5,0.3333333333333333,1,3,10,0.1,0.3333333333333333,1,3,8,0.125,0.3333333333333333,1,3,6,0.16666666666666666,0.3333333333333333,0,3,2,0.0,0.0,True,EQUAL_WEIGHT_PP_SUM_NOT_YEN_NOT_CAPITAL,SINGLE_POSITIVE_R_MASS_PRIVATE
C0109,WITHIN_R0_RANK_RISK_12BAND,D-FULL,q3,A,HIGH_RISK_20,SESSION,2025-06-27,0,0,0,,0,0,0,0,0,0,0,0,0,0,0,0,0,0,0,0,0,0,0,0,0,0,0,0,0,0,0,,,0,0,,,0.0,,0,1,,0.0,0.0,,0,1,,0.0,0.0,,0,2,,0.0,0.0,,0,0,0,,,0,0,0,,,0,0,0,,,0,0,0,,,0,0,1,0.0,,0,0,1,0.0,,0,0,1,0.0,,0,0,1,0.0,,True,EQUAL_WEIGHT_PP_SUM_NOT_YEN_NOT_CAPITAL,SINGLE_POSITIVE_R_MASS_PRIVATE;SINGLE_NEGATIVE_R_MASS_PRIVATE
C0109,WITHIN_R0_RANK_RISK_12BAND,D-FULL,q3,A,HIGH_RISK_20,SESSION,2025-06-30,1,1,0,1.0,0,1,0,0,0,0,0,0,0,0,1,0,0,0,0,0,0,0,1,0,0,0,0,0,0,0,0,,,0,0,0.0,,0.0,,0,0,0.0,,0.0,,0,1,0.0,0.0,0.1111111111111111,0.0,1,5,1.0,0.2,0.5555555555555556,1.8,0,1,3,0.0,0.0,0,1,2,0.0,0.0,0,1,1,0.0,0.0,0,1,1,0.0,0.0,0,1,4,0.0,0.0,0,1,3,0.0,0.0,0,1,2,0.0,0.0,0,1,1,0.0,0.0,True,EQUAL_WEIGHT_PP_SUM_NOT_YEN_NOT_CAPITAL,SINGLE_POSITIVE_R_MASS_PRIVATE;SINGLE_NEGATIVE_R_MASS_PRIVATE
C0109,WITHIN_R0_RANK_RISK_12BAND,D-FULL,q3,A,HIGH_RISK_20,SESSION,2025-07-01,3,3,0,1.0,3,0,0,2,0,0,0,0,1,0,0,0,0,0,0,0,0,2,0,2,0,2,0,2,0,2,0,65.81679861142638,,0,0,0.0,,0.0,,0,0,0.0,,0.0,,0,1,0.0,0.0,0.3,0.0,0,4,0.0,0.0,1.2,0.0,2,3,2,1.0,0.6666666666666666,2,3,2,1.0,0.6666666666666666,2,3,2,1.0,0.6666666666666666,2,3,2,1.0,0.6666666666666666,3,3,7,0.42857142857142855,1.0,2,3,4,0.5,0.6666666666666666,2,3,3,0.6666666666666666,0.6666666666666666,2,3,3,0.6666666666666666,0.6666666666666666,True,EQUAL_WEIGHT_PP_SUM_NOT_YEN_NOT_CAPITAL,SINGLE_NEGATIVE_R_MASS_PRIVATE
C0109,WITHIN_R0_RANK_RISK_12BAND,D-FULL,q3,A,HIGH_RISK_20,SESSION,2025-07-02,1,1,0,1.0,1,0,0,0,0,0,0,0,1,0,0,0,0,0,0,0,0,0,0,0,0,0,0,0,0,0,0,,,0,0,0.0,,0.0,,0,0,0.0,,0.0,,0,0,0.0,,0.0,,0,1,0.0,0.0,0.3333333333333333,0.0,0,1,0,,0.0,0,1,0,,0.0,0,1,0,,0.0,0,1,0,,0.0,1,1,1,1.0,1.0,1,1,1,1.0,1.0,1,1,1,1.0,1.0,1,1,1,1.0,1.0,True,EQUAL_WEIGHT_PP_SUM_NOT_YEN_NOT_CAPITAL,SINGLE_POSITIVE_R_MASS_PRIVATE;SINGLE_NEGATIVE_R_MASS_PRIVATE
C0109,WITHIN_R0_RANK_RISK_12BAND,D-FULL,q3,A,HIGH_RISK_20,SESSION,2025-07-03,0,0,0,,0,0,0,0,0,0,0,0,0,0,0,0,0,0,0,0,0,0,0,0,0,0,0,0,0,0,0,,,0,0,,,0.0,,0,0,,,0.0,,0,0,,,0.0,,0,0,,,0.0,,0,0,0,,,0,0,0,,,0,0,0,,,0,0,0,,,0,0,0,,,0,0,0,,,0,0,0,,,0,0,0,,,True,EQUAL_WEIGHT_PP_SUM_NOT_YEN_NOT_CAPITAL,SINGLE_POSITIVE_R_MASS_PRIVATE;SINGLE_NEGATIVE_R_MASS_PRIVATE
C0109,WITHIN_R0_RANK_RISK_12BAND,D-FULL,q3,A,HIGH_RISK_20,SESSION,2025-07-04,2,2,0,1.0,0,2,0,0,0,0,0,0,0,0,2,0,0,0,0,0,0,0,2,0,0,0,0,0,0,0,0,,3.389580890896271,0,0,0.0,,0.0,,0,0,0.0,,0.0,,0,1,0.0,0.0,0.4,0.0,2,4,1.0,0.5,1.6,1.25,0,2,1,0.0,0.0,0,2,0,,0.0,0,2,0,,0.0,0,2,0,,0.0,1,2,2,0.5,0.5,1,2,2,0.5,0.5,1,2,1,1.0,0.5,1,2,1,1.0,0.5,True,EQUAL_WEIGHT_PP_SUM_NOT_YEN_NOT_CAPITAL,SINGLE_POSITIVE_R_MASS_PRIVATE
C0109,WITHIN_R0_RANK_RISK_12BAND,D-FULL,q3,A,HIGH_RISK_20,SESSION,2025-07-07,1,1,0,1.0,0,1,0,0,0,0,0,0,0,0,0,0,0,1,0,0,0,0,1,0,1,0,1,0,1,0,0,,,0,0,0.0,,0.0,,1,1,1.0,1.0,0.5,2.0,1,1,1.0,1.0,0.5,2.0,1,2,1.0,0.5,1.0,1.0,0,1,0,,0.0,0,1,0,,0.0,0,1,0,,0.0,0,1,0,,0.0,1,1,1,1.0,1.0,1,1,1,1.0,1.0,1,1,1,1.0,1.0,0,1,0,,0.0,True,EQUAL_WEIGHT_PP_SUM_NOT_YEN_NOT_CAPITAL,SINGLE_POSITIVE_R_MASS_PRIVATE;SINGLE_NEGATIVE_R_MASS_PRIVATE
C0109,WITHIN_R0_RANK_RISK_12BAND,D-FULL,q3,A,HIGH_RISK_20,SESSION,2025-07-08,0,0,0,,0,0,0,0,0,0,0,0,0,0,0,0,0,0,0,0,0,0,0,0,0,0,0,0,0,0,0,,,0,0,,,0.0,,0,0,,,0.0,,0,1,,0.0,0.0,,0,2,,0.0,0.0,,0,0,0,,,0,0,0,,,0,0,0,,,0,0,0,,,0,0,1,0.0,,0,0,0,,,0,0,0,,,0,0,0,,,True,EQUAL_WEIGHT_PP_SUM_NOT_YEN_NOT_CAPITAL,SINGLE_POSITIVE_R_MASS_PRIVATE;SINGLE_NEGATIVE_R_MASS_PRIVATE
C0109,WITHIN_R0_RANK_RISK_12BAND,D-FULL,q3,A,HIGH_RISK_20,SESSION,2025-07-09,0,0,0,,0,0,0,0,0,0,0,0,0,0,0,0,0,0,0,0,0,0,0,0,0,0,0,0,0,0,0,,,0,0,,,0.0,,0,0,,,0.0,,0,0,,,0.0,,0,0,,,0.0,,0,0,1,0.0,,0,0,1,0.0,,0,0,1,0.0,,0,0,0,,,0,0,2,0.0,,0,0,2,0.0,,0,0,2,0.0,,0,0,0,,,True,EQUAL_WEIGHT_PP_SUM_NOT_YEN_NOT_CAPITAL,SINGLE_POSITIVE_R_MASS_PRIVATE;SINGLE_NEGATIVE_R_MASS_PRIVATE
C0109,WITHIN_R0_RANK_RISK_12BAND,D-FULL,q3,A,HIGH_RISK_20,SESSION,2025-07-10,0,0,0,,0,0,0,0,0,0,0,0,0,0,0,0,0,0,0,0,0,0,0,0,0,0,0,0,0,0,0,,,0,0,,,0.0,,0,0,,,0.0,,0,0,,,0.0,,0,1,,0.0,0.0,,0,0,1,0.0,,0,0,0,,,0,0,0,,,0,0,0,,,0,0,2,0.0,,0,0,2,0.0,,0,0,0,,,0,0,0,,,True,EQUAL_WEIGHT_PP_SUM_NOT_YEN_NOT_CAPITAL,SINGLE_POSITIVE_R_MASS_PRIVATE;SINGLE_NEGATIVE_R_MASS_PRIVATE
C0109,WITHIN_R0_RANK_RISK_12BAND,D-FULL,q3,A,HIGH_RISK_20,SESSION,2025-07-15,1,1,0,1.0,1,0,0,1,0,0,0,0,0,0,0,0,0,0,0,0,0,1,0,1,0,1,0,1,0,1,0,,,0,0,0.0,,0.0,,0,0,0.0,,0.0,,0,0,0.0,,0.0,,0,1,0.0,0.0,0.25,0.0,1,1,1,1.0,1.0,1,1,1,1.0,1.0,1,1,1,1.0,1.0,1,1,1,1.0,1.0,1,1,2,0.5,1.0,1,1,1,1.0,1.0,1,1,1,1.0,1.0,1,1,1,1.0,1.0,True,EQUAL_WEIGHT_PP_SUM_NOT_YEN_NOT_CAPITAL,SINGLE_POSITIVE_R_MASS_PRIVATE;SINGLE_NEGATIVE_R_MASS_PRIVATE
C0109,WITHIN_R0_RANK_RISK_12BAND,D-FULL,q3,A,HIGH_RISK_20,SESSION,2025-07-16,0,0,0,,0,0,0,0,0,0,0,0,0,0,0,0,0,0,0,0,0,0,0,0,0,0,0,0,0,0,0,,,0,1,,0.0,0.0,,0,1,,0.0,0.0,,0,1,,0.0,0.0,,0,3,,0.0,0.0,,0,0,0,,,0,0,0,,,0,0,0,,,0,0,0,,,0,0,0,,,0,0,0,,,0,0,0,,,0,0,0,,,True,EQUAL_WEIGHT_PP_SUM_NOT_YEN_NOT_CAPITAL,SINGLE_POSITIVE_R_MASS_PRIVATE;SINGLE_NEGATIVE_R_MASS_PRIVATE
C0109,WITHIN_R0_RANK_RISK_12BAND,D-FULL,q3,A,HIGH_RISK_20,SESSION,2025-07-17,0,0,0,,0,0,0,0,0,0,0,0,0,0,0,0,0,0,0,0,0,0,0,0,0,0,0,0,0,0,0,,,0,0,,,0.0,,0,0,,,0.0,,0,0,,,0.0,,0,0,,,0.0,,0,0,0,,,0,0,0,,,0,0,0,,,0,0,0,,,0,0,0,,,0,0,0,,,0,0,0,,,0,0,0,,,True,EQUAL_WEIGHT_PP_SUM_NOT_YEN_NOT_CAPITAL,SINGLE_POSITIVE_R_MASS_PRIVATE;SINGLE_NEGATIVE_R_MASS_PRIVATE
C0109,WITHIN_R0_RANK_RISK_12BAND,D-FULL,q3,A,HIGH_RISK_20,SESSION,2025-07-18,1,1,0,1.0,1,0,0,1,0,0,0,0,0,0,0,0,0,0,0,0,0,1,0,1,0,1,0,1,0,1,0,,,0,0,0.0,,0.0,,0,0,0.0,,0.0,,0,0,0.0,,0.0,,0,3,0.0,0.0,0.5,0.0,1,1,1,1.0,1.0,1,1,1,1.0,1.0,1,1,1,1.0,1.0,1,1,1,1.0,1.0,1,1,3,0.3333333333333333,1.0,1,1,3,0.3333333333333333,1.0,1,1,1,1.0,1.0,1,1,1,1.0,1.0,True,EQUAL_WEIGHT_PP_SUM_NOT_YEN_NOT_CAPITAL,SINGLE_POSITIVE_R_MASS_PRIVATE;SINGLE_NEGATIVE_R_MASS_PRIVATE
C0109,WITHIN_R0_RANK_RISK_12BAND,D-FULL,q3,A,HIGH_RISK_20,SESSION,2025-07-22,2,2,0,1.0,0,2,0,0,0,0,0,0,0,0,0,2,0,0,0,0,0,0,2,0,2,0,0,0,0,0,0,,5.023906802625688,0,0,0.0,,0.0,,0,0,0.0,,0.0,,2,2,1.0,1.0,1.0,2.0,2,4,1.0,0.5,2.0,1.0,0,2,0,,0.0,0,2,0,,0.0,0,2,0,,0.0,0,2,0,,0.0,0,2,1,0.0,0.0,0,2,0,,0.0,0,2,0,,0.0,0,2,0,,0.0,True,EQUAL_WEIGHT_PP_SUM_NOT_YEN_NOT_CAPITAL,SINGLE_POSITIVE_R_MASS_PRIVATE
C0109,WITHIN_R0_RANK_RISK_12BAND,D-FULL,q3,A,HIGH_RISK_20,SESSION,2025-07-23,1,1,0,1.0,1,0,0,1,0,0,0,0,0,0,0,0,0,0,0,0,0,1,0,1,0,1,0,1,0,1,0,,,0,0,0.0,,0.0,,0,2,0.0,0.0,0.25,0.0,0,2,0.0,0.0,0.25,0.0,0,5,0.0,0.0,0.625,0.0,1,1,2,0.5,1.0,1,1,2,0.5,1.0,1,1,1,1.0,1.0,1,1,1,1.0,1.0,1,1,4,0.25,1.0,1,1,2,0.5,1.0,1,1,2,0.5,1.0,0,1,1,0.0,0.0,True,EQUAL_WEIGHT_PP_SUM_NOT_YEN_NOT_CAPITAL,SINGLE_POSITIVE_R_MASS_PRIVATE;SINGLE_NEGATIVE_R_MASS_PRIVATE
C0109,WITHIN_R0_RANK_RISK_12BAND,D-FULL,q3,A,HIGH_RISK_20,SESSION,2025-07-24,1,1,0,1.0,0,1,0,0,0,0,0,0,0,0,1,0,0,0,0,0,0,0,1,0,0,0,0,0,0,0,0,,,0,0,0.0,,0.0,,0,0,0.0,,0.0,,0,0,0.0,,0.0,,1,3,1.0,0.3333333333333333,0.6,1.6666666666666667,0,1,1,0.0,0.0,0,1,1,0.0,0.0,0,1,1,0.0,0.0,0,1,1,0.0,0.0,0,1,3,0.0,0.0,0,1,2,0.0,0.0,0,1,1,0.0,0.0,0,1,1,0.0,0.0,True,EQUAL_WEIGHT_PP_SUM_NOT_YEN_NOT_CAPITAL,SINGLE_POSITIVE_R_MASS_PRIVATE;SINGLE_NEGATIVE_R_MASS_PRIVATE
C0109,WITHIN_R0_RANK_RISK_12BAND,D-FULL,q3,A,HIGH_RISK_20,SESSION,2025-07-25,1,1,0,1.0,1,0,0,1,0,0,0,0,0,0,0,0,0,0,0,0,0,1,0,1,0,1,0,1,0,1,0,,,0,0,0.0,,0.0,,0,0,0.0,,0.0,,0,0,0.0,,0.0,,0,3,0.0,0.0,0.6,0.0,1,1,1,1.0,1.0,1,1,1,1.0,1.0,1,1,1,1.0,1.0,1,1,1,1.0,1.0,1,1,2,0.5,1.0,1,1,2,0.5,1.0,1,1,1,1.0,1.0,1,1,1,1.0,1.0,True,EQUAL_WEIGHT_PP_SUM_NOT_YEN_NOT_CAPITAL,SINGLE_POSITIVE_R_MASS_PRIVATE;SINGLE_NEGATIVE_R_MASS_PRIVATE
C0109,WITHIN_R0_RANK_RISK_12BAND,D-FULL,q3,A,HIGH_RISK_20,SESSION,2025-07-28,0,0,0,,0,0,0,0,0,0,0,0,0,0,0,0,0,0,0,0,0,0,0,0,0,0,0,0,0,0,0,,,0,0,,,0.0,,0,0,,,0.0,,0,0,,,0.0,,0,2,,0.0,0.0,,0,0,0,,,0,0,0,,,0,0,0,,,0,0,0,,,0,0,1,0.0,,0,0,1,0.0,,0,0,0,,,0,0,0,,,True,EQUAL_WEIGHT_PP_SUM_NOT_YEN_NOT_CAPITAL,SINGLE_POSITIVE_R_MASS_PRIVATE;SINGLE_NEGATIVE_R_MASS_PRIVATE
C0109,WITHIN_R0_RANK_RISK_12BAND,D-FULL,q3,A,HIGH_RISK_20,SESSION,2025-07-29,3,3,0,1.0,1,2,0,0,0,0,1,0,0,1,0,1,0,0,0,0,0,1,1,1,1,0,0,0,0,0,0,,3.2555107120008757,0,0,0.0,,0.0,,0,0,0.0,,0.0,,1,1,0.3333333333333333,1.0,0.42857142857142855,2.3333333333333335,2,6,0.6666666666666666,0.3333333333333333,2.5714285714285716,0.7777777777777778,1,3,1,1.0,0.3333333333333333,0,3,0,,0.0,0,3,0,,0.0,0,3,0,,0.0,1,3,2,0.5,0.3333333333333333,1,3,2,0.5,0.3333333333333333,0,3,0,,0.0,0,3,0,,0.0,True,EQUAL_WEIGHT_PP_SUM_NOT_YEN_NOT_CAPITAL,SINGLE_POSITIVE_R_MASS_PRIVATE
C0109,WITHIN_R0_RANK_RISK_12BAND,D-FULL,q3,A,HIGH_RISK_20,SESSION,2025-07-30,0,0,0,,0,0,0,0,0,0,0,0,0,0,0,0,0,0,0,0,0,0,0,0,0,0,0,0,0,0,0,,,0,0,,,0.0,,0,0,,,0.0,,0,0,,,0.0,,0,5,,0.0,0.0,,0,0,0,,,0,0,0,,,0,0,0,,,0,0,0,,,0,0,5,0.0,,0,0,4,0.0,,0,0,3,0.0,,0,0,2,0.0,,True,EQUAL_WEIGHT_PP_SUM_NOT_YEN_NOT_CAPITAL,SINGLE_POSITIVE_R_MASS_PRIVATE;SINGLE_NEGATIVE_R_MASS_PRIVATE
C0109,WITHIN_R0_RANK_RISK_12BAND,D-FULL,q3,A,HIGH_RISK_20,SESSION,2025-07-31,2,2,0,1.0,1,1,0,0,0,0,0,0,1,0,1,0,0,0,0,0,0,0,1,0,0,0,0,0,0,0,0,,,0,0,0.0,,0.0,,0,0,0.0,,0.0,,0,0,0.0,,0.0,,1,2,0.5,0.5,1.3333333333333333,0.75,0,2,0,,0.0,0,2,0,,0.0,0,2,0,,0.0,0,2,0,,0.0,1,2,1,1.0,0.5,1,2,1,1.0,0.5,1,2,1,1.0,0.5,1,2,1,1.0,0.5,True,EQUAL_WEIGHT_PP_SUM_NOT_YEN_NOT_CAPITAL,SINGLE_POSITIVE_R_MASS_PRIVATE;SINGLE_NEGATIVE_R_MASS_PRIVATE
C0109,WITHIN_R0_RANK_RISK_12BAND,D-FULL,q3,A,HIGH_RISK_20,SESSION,2025-08-01,0,0,0,,0,0,0,0,0,0,0,0,0,0,0,0,0,0,0,0,0,0,0,0,0,0,0,0,0,0,0,,,0,0,,,0.0,,0,0,,,0.0,,0,0,,,0.0,,0,0,,,0.0,,0,0,0,,,0,0,0,,,0,0,0,,,0,0,0,,,0,0,1,0.0,,0,0,1,0.0,,0,0,0,,,0,0,0,,,True,EQUAL_WEIGHT_PP_SUM_NOT_YEN_NOT_CAPITAL,SINGLE_POSITIVE_R_MASS_PRIVATE;SINGLE_NEGATIVE_R_MASS_PRIVATE
C0109,WITHIN_R0_RANK_RISK_12BAND,D-FULL,q3,A,HIGH_RISK_20,SESSION,2025-08-04,1,1,0,1.0,1,0,0,0,0,0,0,1,0,0,0,0,0,0,0,0,0,1,0,0,0,0,0,0,0,0,0,,,0,0,0.0,,0.0,,0,0,0.0,,0.0,,0,0,0.0,,0.0,,0,0,0.0,,0.0,,0,1,0,,0.0,0,1,0,,0.0,0,1,0,,0.0,0,1,0,,0.0,1,1,1,1.0,1.0,1,1,1,1.0,1.0,0,1,0,,0.0,0,1,0,,0.0,True,EQUAL_WEIGHT_PP_SUM_NOT_YEN_NOT_CAPITAL,SINGLE_POSITIVE_R_MASS_PRIVATE;SINGLE_NEGATIVE_R_MASS_PRIVATE
C0109,WITHIN_R0_RANK_RISK_12BAND,D-FULL,q3,A,HIGH_RISK_20,SESSION,2025-08-05,0,0,0,,0,0,0,0,0,0,0,0,0,0,0,0,0,0,0,0,0,0,0,0,0,0,0,0,0,0,0,,,0,0,,,0.0,,0,0,,,0.0,,0,0,,,0.0,,0,2,,0.0,0.0,,0,0,1,0.0,,0,0,1,0.0,,0,0,0,,,0,0,0,,,0,0,2,0.0,,0,0,2,0.0,,0,0,1,0.0,,0,0,0,,,True,EQUAL_WEIGHT_PP_SUM_NOT_YEN_NOT_CAPITAL,SINGLE_POSITIVE_R_MASS_PRIVATE;SINGLE_NEGATIVE_R_MASS_PRIVATE
C0109,WITHIN_R0_RANK_RISK_12BAND,D-FULL,q3,A,HIGH_RISK_20,SESSION,2025-08-06,0,0,0,,0,0,0,0,0,0,0,0,0,0,0,0,0,0,0,0,0,0,0,0,0,0,0,0,0,0,0,,,0,0,,,0.0,,0,0,,,0.0,,0,0,,,0.0,,0,3,,0.0,0.0,,0,0,0,,,0,0,0,,,0,0,0,,,0,0,0,,,0,0,4,0.0,,0,0,3,0.0,,0,0,2,0.0,,0,0,1,0.0,,True,EQUAL_WEIGHT_PP_SUM_NOT_YEN_NOT_CAPITAL,SINGLE_POSITIVE_R_MASS_PRIVATE;SINGLE_NEGATIVE_R_MASS_PRIVATE
C0109,WITHIN_R0_RANK_RISK_12BAND,D-FULL,q3,A,HIGH_RISK_20,SESSION,2025-08-07,0,0,0,,0,0,0,0,0,0,0,0,0,0,0,0,0,0,0,0,0,0,0,0,0,0,0,0,0,0,0,,,0,0,,,0.0,,0,0,,,0.0,,0,0,,,0.0,,0,1,,0.0,0.0,,0,0,1,0.0,,0,0,1,0.0,,0,0,1,0.0,,0,0,0,,,0,0,2,0.0,,0,0,1,0.0,,0,0,1,0.0,,0,0,0,,,True,EQUAL_WEIGHT_PP_SUM_NOT_YEN_NOT_CAPITAL,SINGLE_POSITIVE_R_MASS_PRIVATE;SINGLE_NEGATIVE_R_MASS_PRIVATE
C0109,WITHIN_R0_RANK_RISK_12BAND,D-FULL,q3,A,HIGH_RISK_20,SESSION,2025-08-08,1,1,0,1.0,0,1,0,0,0,0,0,0,0,0,1,0,0,0,0,0,0,0,1,0,0,0,0,0,0,0,0,,,0,0,0.0,,0.0,,0,0,0.0,,0.0,,0,0,0.0,,0.0,,1,2,1.0,0.5,0.4,2.5,0,1,1,0.0,0.0,0,1,1,0.0,0.0,0,1,1,0.0,0.0,0,1,1,0.0,0.0,0,1,3,0.0,0.0,0,1,1,0.0,0.0,0,1,1,0.0,0.0,0,1,0,,0.0,True,EQUAL_WEIGHT_PP_SUM_NOT_YEN_NOT_CAPITAL,SINGLE_POSITIVE_R_MASS_PRIVATE;SINGLE_NEGATIVE_R_MASS_PRIVATE
C0109,WITHIN_R0_RANK_RISK_12BAND,D-FULL,q3,A,HIGH_RISK_20,SESSION,2025-08-12,3,3,0,1.0,1,2,0,0,0,0,0,1,0,0,1,0,0,0,1,0,0,1,2,0,1,0,1,0,1,0,1,,8.167561664951533,1,1,0.3333333333333333,1.0,0.42857142857142855,2.3333333333333335,1,1,0.3333333333333333,1.0,0.42857142857142855,2.3333333333333335,1,2,0.3333333333333333,0.5,0.8571428571428571,1.1666666666666667,2,5,0.6666666666666666,0.4,2.142857142857143,0.9333333333333333,0,3,0,,0.0,0,3,0,,0.0,0,3,0,,0.0,0,3,0,,0.0,1,3,3,0.3333333333333333,0.3333333333333333,1,3,3,0.3333333333333333,0.3333333333333333,1,3,3,0.3333333333333333,0.3333333333333333,0,3,0,,0.0,True,EQUAL_WEIGHT_PP_SUM_NOT_YEN_NOT_CAPITAL,SINGLE_POSITIVE_R_MASS_PRIVATE
C0109,WITHIN_R0_RANK_RISK_12BAND,D-FULL,q3,A,HIGH_RISK_20,SESSION,2025-08-13,0,0,0,,0,0,0,0,0,0,0,0,0,0,0,0,0,0,0,0,0,0,0,0,0,0,0,0,0,0,0,,,0,0,,,0.0,,0,0,,,0.0,,0,0,,,0.0,,0,2,,0.0,0.0,,0,0,0,,,0,0,0,,,0,0,0,,,0,0,0,,,0,0,1,0.0,,0,0,1,0.0,,0,0,1,0.0,,0,0,0,,,True,EQUAL_WEIGHT_PP_SUM_NOT_YEN_NOT_CAPITAL,SINGLE_POSITIVE_R_MASS_PRIVATE;SINGLE_NEGATIVE_R_MASS_PRIVATE
C0109,WITHIN_R0_RANK_RISK_12BAND,D-FULL,q3,A,HIGH_RISK_20,SESSION,2025-08-14,0,0,0,,0,0,0,0,0,0,0,0,0,0,0,0,0,0,0,0,0,0,0,0,0,0,0,0,0,0,0,,,0,0,,,0.0,,0,0,,,0.0,,0,1,,0.0,0.0,,0,2,,0.0,0.0,,0,0,1,0.0,,0,0,1,0.0,,0,0,1,0.0,,0,0,1,0.0,,0,0,1,0.0,,0,0,1,0.0,,0,0,1,0.0,,0,0,1,0.0,,True,EQUAL_WEIGHT_PP_SUM_NOT_YEN_NOT_CAPITAL,SINGLE_POSITIVE_R_MASS_PRIVATE;SINGLE_NEGATIVE_R_MASS_PRIVATE
C0109,WITHIN_R0_RANK_RISK_12BAND,D-FULL,q3,A,HIGH_RISK_20,SESSION,2025-08-15,1,1,0,1.0,0,1,0,0,0,0,0,0,0,0,0,0,1,0,0,0,0,0,1,0,1,0,1,0,0,0,0,,,0,0,0.0,,0.0,,1,1,1.0,1.0,0.25,4.0,1,1,1.0,1.0,0.25,4.0,1,2,1.0,0.5,0.5,2.0,0,1,1,0.0,0.0,0,1,1,0.0,0.0,0,1,1,0.0,0.0,0,1,1,0.0,0.0,1,1,3,0.3333333333333333,1.0,1,1,3,0.3333333333333333,1.0,0,1,1,0.0,0.0,0,1,1,0.0,0.0,True,EQUAL_WEIGHT_PP_SUM_NOT_YEN_NOT_CAPITAL,SINGLE_POSITIVE_R_MASS_PRIVATE;SINGLE_NEGATIVE_R_MASS_PRIVATE
C0109,WITHIN_R0_RANK_RISK_12BAND,D-FULL,q3,A,HIGH_RISK_20,SESSION,2025-08-18,2,2,0,1.0,1,1,0,1,0,0,0,0,0,0,0,1,0,0,0,0,0,1,1,1,1,1,0,1,0,1,0,,,0,0,0.0,,0.0,,0,0,0.0,,0.0,,1,1,0.5,1.0,0.6666666666666666,1.5,1,1,0.5,1.0,0.6666666666666666,1.5,1,2,2,0.5,0.5,1,2,2,0.5,0.5,1,2,2,0.5,0.5,1,2,2,0.5,0.5,1,2,2,0.5,0.5,1,2,2,0.5,0.5,1,2,2,0.5,0.5,1,2,2,0.5,0.5,True,EQUAL_WEIGHT_PP_SUM_NOT_YEN_NOT_CAPITAL,SINGLE_POSITIVE_R_MASS_PRIVATE;SINGLE_NEGATIVE_R_MASS_PRIVATE
C0109,WITHIN_R0_RANK_RISK_12BAND,D-FULL,q3,A,HIGH_RISK_20,SESSION,2025-08-19,1,1,0,1.0,1,0,0,1,0,0,0,0,0,0,0,0,0,0,0,0,0,1,0,1,0,1,0,1,0,1,0,,,0,0,0.0,,0.0,,0,0,0.0,,0.0,,0,0,0.0,,0.0,,0,2,0.0,0.0,0.5,0.0,1,1,1,1.0,1.0,1,1,1,1.0,1.0,1,1,1,1.0,1.0,1,1,1,1.0,1.0,1,1,3,0.3333333333333333,1.0,1,1,3,0.3333333333333333,1.0,1,1,3,0.3333333333333333,1.0,1,1,1,1.0,1.0,True,EQUAL_WEIGHT_PP_SUM_NOT_YEN_NOT_CAPITAL,SINGLE_POSITIVE_R_MASS_PRIVATE;SINGLE_NEGATIVE_R_MASS_PRIVATE
C0109,WITHIN_R0_RANK_RISK_12BAND,D-FULL,q3,A,HIGH_RISK_20,SESSION,2025-08-20,0,0,0,,0,0,0,0,0,0,0,0,0,0,0,0,0,0,0,0,0,0,0,0,0,0,0,0,0,0,0,,,0,0,,,0.0,,0,1,,0.0,0.0,,0,1,,0.0,0.0,,0,4,,0.0,0.0,,0,0,2,0.0,,0,0,2,0.0,,0,0,1,0.0,,0,0,0,,,0,0,5,0.0,,0,0,5,0.0,,0,0,4,0.0,,0,0,0,,,True,EQUAL_WEIGHT_PP_SUM_NOT_YEN_NOT_CAPITAL,SINGLE_POSITIVE_R_MASS_PRIVATE;SINGLE_NEGATIVE_R_MASS_PRIVATE
C0109,WITHIN_R0_RANK_RISK_12BAND,D-FULL,q3,A,HIGH_RISK_20,SESSION,2025-08-21,0,0,0,,0,0,0,0,0,0,0,0,0,0,0,0,0,0,0,0,0,0,0,0,0,0,0,0,0,0,0,,,0,0,,,0.0,,0,1,,0.0,0.0,,0,1,,0.0,0.0,,0,2,,0.0,0.0,,0,0,1,0.0,,0,0,0,,,0,0,0,,,0,0,0,,,0,0,5,0.0,,0,0,3,0.0,,0,0,1,0.0,,0,0,0,,,True,EQUAL_WEIGHT_PP_SUM_NOT_YEN_NOT_CAPITAL,SINGLE_POSITIVE_R_MASS_PRIVATE;SINGLE_NEGATIVE_R_MASS_PRIVATE
C0109,WITHIN_R0_RANK_RISK_12BAND,D-FULL,q3,A,HIGH_RISK_20,SESSION,2025-08-22,2,2,0,1.0,1,1,0,1,0,0,0,0,0,0,0,0,1,0,0,0,0,1,1,1,1,1,1,1,0,1,0,,,0,0,0.0,,0.0,,1,2,0.5,0.5,0.8,1.25,1,2,0.5,0.5,0.8,1.25,1,4,0.5,0.25,1.6,0.625,1,2,1,1.0,0.5,1,2,1,1.0,0.5,1,2,1,1.0,0.5,1,2,1,1.0,0.5,1,2,2,0.5,0.5,1,2,2,0.5,0.5,1,2,2,0.5,0.5,0,2,0,,0.0,True,EQUAL_WEIGHT_PP_SUM_NOT_YEN_NOT_CAPITAL,SINGLE_POSITIVE_R_MASS_PRIVATE;SINGLE_NEGATIVE_R_MASS_PRIVATE
C0109,WITHIN_R0_RANK_RISK_12BAND,D-FULL,q3,A,HIGH_RISK_20,SESSION,2025-08-25,1,1,0,1.0,0,1,0,0,0,0,0,0,0,0,1,0,0,0,0,0,0,0,1,0,0,0,0,0,0,0,0,,,0,0,0.0,,0.0,,0,0,0.0,,0.0,,0,0,0.0,,0.0,,1,3,1.0,0.3333333333333333,0.75,1.3333333333333333,0,1,1,0.0,0.0,0,1,1,0.0,0.0,0,1,1,0.0,0.0,0,1,1,0.0,0.0,0,1,3,0.0,0.0,0,1,3,0.0,0.0,0,1,3,0.0,0.0,0,1,2,0.0,0.0,True,EQUAL_WEIGHT_PP_SUM_NOT_YEN_NOT_CAPITAL,SINGLE_POSITIVE_R_MASS_PRIVATE;SINGLE_NEGATIVE_R_MASS_PRIVATE
C0109,WITHIN_R0_RANK_RISK_12BAND,D-FULL,q3,A,HIGH_RISK_20,RANK,S,0,0,0,,0,0,0,0,0,0,0,0,0,0,0,0,0,0,0,0,0,0,0,0,0,0,0,0,0,0,0,,,0,0,,,0.0,,0,0,,,0.0,,0,0,,,0.0,,0,0,,,0.0,,0,0,0,,,0,0,0,,,0,0,0,,,0,0,0,,,0,0,0,,,0,0,0,,,0,0,0,,,0,0,0,,,True,EQUAL_WEIGHT_PP_SUM_NOT_YEN_NOT_CAPITAL,SINGLE_POSITIVE_R_MASS_PRIVATE;SINGLE_NEGATIVE_R_MASS_PRIVATE
C0109,WITHIN_R0_RANK_RISK_12BAND,D-FULL,q3,A,HIGH_RISK_20,RANK,A,32,32,0,1.0,15,17,0,9,0,0,1,2,3,1,8,4,2,1,1,0,0,12,16,10,8,9,4,9,2,9,1,169.2412176171462,40.02858379719218,1,2,0.03125,0.5,0.4222222222222222,2.3684210526315788,4,11,0.125,0.36363636363636365,2.2734126984126983,1.7594693663815675,8,21,0.25,0.38095238095238093,4.377380952380952,1.8275768289366332,17,93,0.53125,0.1827956989247312,19.344444444444445,0.8788052843193567,10,32,28,0.35714285714285715,0.3125,9,32,23,0.391304347826087,0.28125,9,32,19,0.47368421052631576,0.28125,9,32,16,0.5625,0.28125,18,32,86,0.20930232558139536,0.5625,17,32,69,0.2463768115942029,0.53125,14,32,47,0.2978723404255319,0.4375,10,32,23,0.43478260869565216,0.3125,False,EQUAL_WEIGHT_PP_SUM_NOT_YEN_NOT_CAPITAL,
C0109,WITHIN_R0_RANK_RISK_12BAND,D-FULL,q3,A,HIGH_RISK_20,RANK,B,0,0,0,,0,0,0,0,0,0,0,0,0,0,0,0,0,0,0,0,0,0,0,0,0,0,0,0,0,0,0,,,0,0,,,0.0,,0,0,,,0.0,,0,0,,,0.0,,0,0,,,0.0,,0,0,0,,,0,0,0,,,0,0,0,,,0,0,0,,,0,0,0,,,0,0,0,,,0,0,0,,,0,0,0,,,True,EQUAL_WEIGHT_PP_SUM_NOT_YEN_NOT_CAPITAL,SINGLE_POSITIVE_R_MASS_PRIVATE;SINGLE_NEGATIVE_R_MASS_PRIVATE
C0109,WITHIN_R0_RANK_RISK_12BAND,D-FULL,q3,A,HIGH_RISK_20,RANK,C,0,0,0,,0,0,0,0,0,0,0,0,0,0,0,0,0,0,0,0,0,0,0,0,0,0,0,0,0,0,0,,,0,0,,,0.0,,0,0,,,0.0,,0,0,,,0.0,,0,0,,,0.0,,0,0,0,,,0,0,0,,,0,0,0,,,0,0,0,,,0,0,0,,,0,0,0,,,0,0,0,,,0,0,0,,,True,EQUAL_WEIGHT_PP_SUM_NOT_YEN_NOT_CAPITAL,SINGLE_POSITIVE_R_MASS_PRIVATE;SINGLE_NEGATIVE_R_MASS_PRIVATE
C0109,WITHIN_R0_RANK_RISK_12BAND,D-FULL,q3,A,HIGH_RISK_20,EXECUTION_ELIGIBLE,TRUE,32,32,0,1.0,15,17,0,9,0,0,1,2,3,1,8,4,2,1,1,0,0,12,16,10,8,9,4,9,2,9,1,169.2412176171462,40.02858379719218,1,2,0.03125,0.5,0.4222222222222222,2.3684210526315788,4,11,0.125,0.36363636363636365,2.2734126984126983,1.7594693663815675,8,21,0.25,0.38095238095238093,4.377380952380952,1.8275768289366332,17,93,0.53125,0.1827956989247312,19.344444444444445,0.8788052843193567,10,32,28,0.35714285714285715,0.3125,9,32,23,0.391304347826087,0.28125,9,32,19,0.47368421052631576,0.28125,9,32,16,0.5625,0.28125,18,32,86,0.20930232558139536,0.5625,17,32,69,0.2463768115942029,0.53125,14,32,47,0.2978723404255319,0.4375,10,32,23,0.43478260869565216,0.3125,False,EQUAL_WEIGHT_PP_SUM_NOT_YEN_NOT_CAPITAL,
C0109,WITHIN_R0_RANK_RISK_12BAND,D-FULL,q3,A,HIGH_RISK_20,R0_PASS,SAB,32,32,0,1.0,15,17,0,9,0,0,1,2,3,1,8,4,2,1,1,0,0,12,16,10,8,9,4,9,2,9,1,169.2412176171462,40.02858379719218,1,2,0.03125,0.5,0.4222222222222222,2.3684210526315788,4,11,0.125,0.36363636363636365,2.2734126984126983,1.7594693663815675,8,21,0.25,0.38095238095238093,4.377380952380952,1.8275768289366332,17,93,0.53125,0.1827956989247312,19.344444444444445,0.8788052843193567,10,32,28,0.35714285714285715,0.3125,9,32,23,0.391304347826087,0.28125,9,32,19,0.47368421052631576,0.28125,9,32,16,0.5625,0.28125,18,32,86,0.20930232558139536,0.5625,17,32,69,0.2463768115942029,0.53125,14,32,47,0.2978723404255319,0.4375,10,32,23,0.43478260869565216,0.3125,False,EQUAL_WEIGHT_PP_SUM_NOT_YEN_NOT_CAPITAL,
C0109,WITHIN_R0_RANK_RISK_12BAND,D-FULL,q3,A,HIGH_RISK_20,E0_FUNDED,SAVED,30,30,0,1.0,14,16,0,9,0,0,1,2,2,1,8,4,2,1,0,0,0,12,15,10,7,9,3,9,1,9,0,168.86680843047645,33.67402194768215,0,1,0.0,0.0,0.25,0.0,3,9,0.1,0.3333333333333333,2.21289592760181,1.3556896022901543,7,18,0.23333333333333334,0.3888888888888889,4.355664614023747,1.6071026170064608,16,78,0.5333333333333333,0.20512820512820512,18.207697410948185,0.8787492256093453,10,30,23,0.43478260869565216,0.3333333333333333,9,30,19,0.47368421052631576,0.3,9,30,16,0.5625,0.3,9,30,13,0.6923076923076923,0.3,17,30,74,0.22972972972972974,0.5666666666666667,17,30,61,0.2786885245901639,0.5666666666666667,14,30,41,0.34146341463414637,0.4666666666666667,10,30,20,0.5,0.3333333333333333,False,EQUAL_WEIGHT_PP_SUM_NOT_YEN_NOT_CAPITAL,
C0110,WITHIN_R0_RANK_RISK_12BAND,D-FULL,q3,A,REST_80,ALL,ALL,122,122,0,1.0,46,76,0,7,3,4,4,13,15,44,19,6,4,2,1,0,0,31,32,18,13,14,7,10,3,7,1,142.46243536701905,92.51969613919937,1,2,0.00819672131147541,0.5,1.5777777777777777,0.6338028169014085,7,11,0.05737704918032787,0.6363636363636364,8.726587301587301,0.8021463325906052,13,21,0.10655737704918032,0.6190476190476191,16.622619047619047,0.7820668910692544,76,93,0.6229508196721312,0.8172043010752689,73.65555555555555,1.0318298385880222,18,122,28,0.6428571428571429,0.14754098360655737,14,122,23,0.6086956521739131,0.11475409836065574,10,122,19,0.5263157894736842,0.08196721311475409,7,122,16,0.4375,0.05737704918032787,68,122,86,0.7906976744186046,0.5573770491803278,52,122,69,0.7536231884057971,0.4262295081967213,33,122,47,0.7021276595744681,0.27049180327868855,13,122,23,0.5652173913043478,0.10655737704918032,False,EQUAL_WEIGHT_PP_SUM_NOT_YEN_NOT_CAPITAL,
C0110,WITHIN_R0_RANK_RISK_12BAND,D-FULL,q3,A,REST_80,BLOCK,1,19,19,0,1.0,8,11,0,1,0,1,1,2,3,5,3,2,1,0,0,0,0,5,6,3,3,2,1,1,0,1,0,16.70727166458522,15.184137963918989,0,0,0.0,,0.0,,1,1,0.05263157894736842,1.0,0.7916666666666666,1.263157894736842,3,3,0.15789473684210525,1.0,2.375,1.263157894736842,11,12,0.5789473684210527,0.9166666666666666,9.5,1.1578947368421053,3,19,5,0.6,0.15789473684210525,2,19,4,0.5,0.10526315789473684,1,19,3,0.3333333333333333,0.05263157894736842,1,19,3,0.3333333333333333,0.05263157894736842,9,19,13,0.6923076923076923,0.47368421052631576,6,19,9,0.6666666666666666,0.3157894736842105,4,19,7,0.5714285714285714,0.21052631578947367,3,19,6,0.5,0.15789473684210525,False,EQUAL_WEIGHT_PP_SUM_NOT_YEN_NOT_CAPITAL,
C0110,WITHIN_R0_RANK_RISK_12BAND,D-FULL,q3,A,REST_80,BLOCK,2,11,11,0,1.0,5,6,0,0,1,0,2,1,1,2,2,2,0,0,0,0,0,4,4,3,2,1,0,1,0,0,0,11.146895285708085,7.647321181610822,0,0,0.0,,0.0,,0,1,0.0,0.0,0.7857142857142857,0.0,2,3,0.18181818181818182,0.6666666666666666,2.357142857142857,0.8484848484848485,6,9,0.5454545454545454,0.6666666666666666,7.071428571428571,0.8484848484848485,3,11,3,1.0,0.2727272727272727,1,11,1,1.0,0.09090909090909091,1,11,1,1.0,0.09090909090909091,0,11,0,,0.0,6,11,8,0.75,0.5454545454545454,5,11,7,0.7142857142857143,0.45454545454545453,2,11,4,0.5,0.18181818181818182,0,11,1,0.0,0.0,False,EQUAL_WEIGHT_PP_SUM_NOT_YEN_NOT_CAPITAL,
C0110,WITHIN_R0_RANK_RISK_12BAND,D-FULL,q3,A,REST_80,BLOCK,3,14,14,0,1.0,5,9,0,0,0,0,0,2,3,8,0,0,0,0,1,0,0,2,1,0,1,0,1,0,1,0,1,4.305815296367862,10.320961775438926,1,1,0.07142857142857142,1.0,0.7777777777777778,1.2857142857142858,1,1,0.07142857142857142,1.0,0.7777777777777778,1.2857142857142858,1,3,0.07142857142857142,0.3333333333333333,2.3333333333333335,0.42857142857142855,9,11,0.6428571428571429,0.8181818181818182,8.555555555555555,1.051948051948052,0,14,2,0.0,0.0,0,14,2,0.0,0.0,0,14,2,0.0,0.0,0,14,2,0.0,0.0,4,14,6,0.6666666666666666,0.2857142857142857,2,14,4,0.5,0.14285714285714285,0,14,2,0.0,0.0,0,14,2,0.0,0.0,False,EQUAL_WEIGHT_PP_SUM_NOT_YEN_NOT_CAPITAL,
C0110,WITHIN_R0_RANK_RISK_12BAND,D-FULL,q3,A,REST_80,BLOCK,4,22,22,0,1.0,6,16,0,1,0,1,0,1,3,6,8,0,0,2,0,0,0,3,10,2,2,2,2,1,2,1,0,17.969549069543568,24.165075787654825,0,0,0.0,,0.0,,2,2,0.09090909090909091,1.0,1.5714285714285714,1.2727272727272727,2,3,0.09090909090909091,0.6666666666666666,2.357142857142857,0.8484848484848485,16,19,0.7272727272727273,0.8421052631578947,14.928571428571429,1.0717703349282297,2,22,5,0.4,0.09090909090909091,2,22,4,0.5,0.09090909090909091,1,22,3,0.3333333333333333,0.045454545454545456,1,22,3,0.3333333333333333,0.045454545454545456,9,22,12,0.75,0.4090909090909091,6,22,9,0.6666666666666666,0.2727272727272727,2,22,4,0.5,0.09090909090909091,2,22,3,0.6666666666666666,0.09090909090909091,False,EQUAL_WEIGHT_PP_SUM_NOT_YEN_NOT_CAPITAL,
C0110,WITHIN_R0_RANK_RISK_12BAND,D-FULL,q3,A,REST_80,BLOCK,5,12,12,0,1.0,4,8,0,0,0,1,0,2,1,7,1,0,0,0,0,0,0,3,1,1,0,1,0,0,0,0,0,6.661045043940356,4.753298211239411,0,0,0.0,,0.0,,0,0,0.0,,0.0,,0,0,0.0,,0.0,,8,9,0.6666666666666666,0.8888888888888888,7.2,1.1111111111111112,1,12,1,1.0,0.08333333333333333,1,12,1,1.0,0.08333333333333333,0,12,0,,0.0,0,12,0,,0.0,8,12,10,0.8,0.6666666666666666,7,12,9,0.7777777777777778,0.5833333333333334,4,12,5,0.8,0.3333333333333333,2,12,3,0.6666666666666666,0.16666666666666666,False,EQUAL_WEIGHT_PP_SUM_NOT_YEN_NOT_CAPITAL,
C0110,WITHIN_R0_RANK_RISK_12BAND,D-FULL,q3,A,REST_80,BLOCK,6,16,16,0,1.0,6,10,0,1,1,0,0,2,2,7,2,1,0,0,0,0,0,4,3,2,1,2,0,2,0,1,0,13.57690705900326,8.96034539465416,0,1,0.0,0.0,0.8,0.0,0,1,0.0,0.0,0.8,0.0,1,2,0.0625,0.5,1.6,0.625,10,13,0.625,0.7692307692307693,10.4,0.9615384615384616,2,16,2,1.0,0.125,2,16,2,1.0,0.125,2,16,2,1.0,0.125,1,16,1,1.0,0.0625,12,16,13,0.9230769230769231,0.75,8,16,9,0.8888888888888888,0.5,7,16,8,0.875,0.4375,1,16,1,1.0,0.0625,False,EQUAL_WEIGHT_PP_SUM_NOT_YEN_NOT_CAPITAL,
C0110,WITHIN_R0_RANK_RISK_12BAND,D-FULL,q3,A,REST_80,BLOCK,7,16,16,0,1.0,7,9,0,3,1,1,0,1,1,4,3,1,1,0,0,0,0,6,5,5,2,5,1,4,0,3,0,51.25121809524475,12.302803929426645,0,0,0.0,,0.0,,1,2,0.0625,0.5,1.6,0.625,2,4,0.125,0.5,3.2,0.625,9,11,0.5625,0.8181818181818182,8.8,1.0227272727272727,5,16,7,0.7142857142857143,0.3125,5,16,7,0.7142857142857143,0.3125,4,16,6,0.6666666666666666,0.25,3,16,5,0.6,0.1875,11,16,14,0.7857142857142857,0.6875,11,16,14,0.7857142857142857,0.6875,9,16,11,0.8181818181818182,0.5625,3,16,5,0.6,0.1875,False,EQUAL_WEIGHT_PP_SUM_NOT_YEN_NOT_CAPITAL,
C0110,WITHIN_R0_RANK_RISK_12BAND,D-FULL,q3,A,REST_80,BLOCK,8,12,12,0,1.0,5,7,0,1,0,0,1,2,1,5,0,0,2,0,0,0,0,4,2,2,2,1,2,1,0,1,0,20.843733852625963,9.185751895255585,0,0,0.0,,0.0,,2,3,0.16666666666666666,0.6666666666666666,2.4,0.8333333333333334,2,3,0.16666666666666666,0.6666666666666666,2.4,0.8333333333333334,7,9,0.5833333333333334,0.7777777777777778,7.2,0.9722222222222222,2,12,3,0.6666666666666666,0.16666666666666666,1,12,2,0.5,0.08333333333333333,1,12,2,0.5,0.08333333333333333,1,12,2,0.5,0.08333333333333333,9,12,10,0.9,0.75,7,12,8,0.875,0.5833333333333334,5,12,6,0.8333333333333334,0.4166666666666667,2,12,2,1.0,0.16666666666666666,False,EQUAL_WEIGHT_PP_SUM_NOT_YEN_NOT_CAPITAL,
C0110,WITHIN_R0_RANK_RISK_12BAND,D-FULL,q3,A,REST_80,SESSION,2025-06-27,2,2,0,1.0,0,2,0,0,0,0,0,0,0,1,0,0,1,0,0,0,0,0,1,0,1,0,1,0,0,0,0,,4.913377643547784,0,0,0.0,,0.0,,1,1,0.5,1.0,1.0,1.0,1,1,0.5,1.0,1.0,1.0,2,2,1.0,1.0,2.0,1.0,0,2,0,,0.0,0,2,0,,0.0,0,2,0,,0.0,0,2,0,,0.0,1,2,1,1.0,0.5,1,2,1,1.0,0.5,1,2,1,1.0,0.5,1,2,1,1.0,0.5,True,EQUAL_WEIGHT_PP_SUM_NOT_YEN_NOT_CAPITAL,SINGLE_POSITIVE_R_MASS_PRIVATE
C0110,WITHIN_R0_RANK_RISK_12BAND,D-FULL,q3,A,REST_80,SESSION,2025-06-30,8,8,0,1.0,4,4,0,1,0,1,1,0,1,2,1,1,0,0,0,0,0,3,2,3,1,2,0,1,0,1,0,12.468780303731561,4.514150966731706,0,0,0.0,,0.0,,0,0,0.0,,0.0,,1,1,0.125,1.0,0.8888888888888888,1.125,4,5,0.5,0.8,4.444444444444445,0.9,3,8,3,1.0,0.375,2,8,2,1.0,0.25,1,8,1,1.0,0.125,1,8,1,1.0,0.125,4,8,4,1.0,0.5,3,8,3,1.0,0.375,2,8,2,1.0,0.25,1,8,1,1.0,0.125,True,EQUAL_WEIGHT_PP_SUM_NOT_YEN_NOT_CAPITAL,
C0110,WITHIN_R0_RANK_RISK_12BAND,D-FULL,q3,A,REST_80,SESSION,2025-07-01,7,7,0,1.0,3,4,0,0,0,0,0,1,2,1,2,1,0,0,0,0,0,1,3,0,1,0,0,0,0,0,0,2.3602225744547787,4.764694596732238,0,0,0.0,,0.0,,0,0,0.0,,0.0,,1,1,0.14285714285714285,1.0,0.7,1.4285714285714286,4,4,0.5714285714285714,1.0,2.8,1.4285714285714286,0,7,2,0.0,0.0,0,7,2,0.0,0.0,0,7,2,0.0,0.0,0,7,2,0.0,0.0,4,7,7,0.5714285714285714,0.5714285714285714,2,7,4,0.5,0.2857142857142857,1,7,3,0.3333333333333333,0.14285714285714285,1,7,3,0.3333333333333333,0.14285714285714285,True,EQUAL_WEIGHT_PP_SUM_NOT_YEN_NOT_CAPITAL,
C0110,WITHIN_R0_RANK_RISK_12BAND,D-FULL,q3,A,REST_80,SESSION,2025-07-02,2,2,0,1.0,1,1,0,0,0,0,0,1,0,1,0,0,0,0,0,0,0,1,0,0,0,0,0,0,0,0,0,,,0,0,0.0,,0.0,,0,0,0.0,,0.0,,0,0,0.0,,0.0,,1,1,0.5,1.0,0.6666666666666666,1.5,0,2,0,,0.0,0,2,0,,0.0,0,2,0,,0.0,0,2,0,,0.0,0,2,1,0.0,0.0,0,2,1,0.0,0.0,0,2,1,0.0,0.0,0,2,1,0.0,0.0,True,EQUAL_WEIGHT_PP_SUM_NOT_YEN_NOT_CAPITAL,SINGLE_POSITIVE_R_MASS_PRIVATE;SINGLE_NEGATIVE_R_MASS_PRIVATE
C0110,WITHIN_R0_RANK_RISK_12BAND,D-FULL,q3,A,REST_80,SESSION,2025-07-03,0,0,0,,0,0,0,0,0,0,0,0,0,0,0,0,0,0,0,0,0,0,0,0,0,0,0,0,0,0,0,,,0,0,,,0.0,,0,0,,,0.0,,0,0,,,0.0,,0,0,,,0.0,,0,0,0,,,0,0,0,,,0,0,0,,,0,0,0,,,0,0,0,,,0,0,0,,,0,0,0,,,0,0,0,,,True,EQUAL_WEIGHT_PP_SUM_NOT_YEN_NOT_CAPITAL,SINGLE_POSITIVE_R_MASS_PRIVATE;SINGLE_NEGATIVE_R_MASS_PRIVATE
C0110,WITHIN_R0_RANK_RISK_12BAND,D-FULL,q3,A,REST_80,SESSION,2025-07-04,3,3,0,1.0,1,2,0,0,0,0,1,0,0,0,1,1,0,0,0,0,0,1,2,1,1,0,0,0,0,0,0,,3.5503591980655895,0,0,0.0,,0.0,,0,0,0.0,,0.0,,1,1,0.3333333333333333,1.0,0.6,1.6666666666666667,2,4,0.6666666666666666,0.5,2.4,0.8333333333333334,1,3,1,1.0,0.3333333333333333,0,3,0,,0.0,0,3,0,,0.0,0,3,0,,0.0,1,3,2,0.5,0.3333333333333333,1,3,2,0.5,0.3333333333333333,0,3,1,0.0,0.0,0,3,1,0.0,0.0,True,EQUAL_WEIGHT_PP_SUM_NOT_YEN_NOT_CAPITAL,SINGLE_POSITIVE_R_MASS_PRIVATE
C0110,WITHIN_R0_RANK_RISK_12BAND,D-FULL,q3,A,REST_80,SESSION,2025-07-07,1,1,0,1.0,0,1,0,0,0,0,0,0,0,1,0,0,0,0,0,0,0,0,0,0,0,0,0,0,0,0,0,,,0,0,0.0,,0.0,,0,1,0.0,0.0,0.5,0.0,0,1,0.0,0.0,0.5,0.0,1,2,1.0,0.5,1.0,1.0,0,1,0,,0.0,0,1,0,,0.0,0,1,0,,0.0,0,1,0,,0.0,0,1,1,0.0,0.0,0,1,1,0.0,0.0,0,1,1,0.0,0.0,0,1,0,,0.0,True,EQUAL_WEIGHT_PP_SUM_NOT_YEN_NOT_CAPITAL,SINGLE_POSITIVE_R_MASS_PRIVATE;SINGLE_NEGATIVE_R_MASS_PRIVATE
C0110,WITHIN_R0_RANK_RISK_12BAND,D-FULL,q3,A,REST_80,SESSION,2025-07-08,3,3,0,1.0,1,2,0,0,0,0,0,1,0,0,1,1,0,0,0,0,0,1,2,0,1,0,0,0,0,0,0,,3.553762792762617,0,0,0.0,,0.0,,0,0,0.0,,0.0,,1,1,0.3333333333333333,1.0,1.0,1.0,2,2,0.6666666666666666,1.0,2.0,1.0,0,3,0,,0.0,0,3,0,,0.0,0,3,0,,0.0,0,3,0,,0.0,1,3,1,1.0,0.3333333333333333,0,3,0,,0.0,0,3,0,,0.0,0,3,0,,0.0,True,EQUAL_WEIGHT_PP_SUM_NOT_YEN_NOT_CAPITAL,SINGLE_POSITIVE_R_MASS_PRIVATE
C0110,WITHIN_R0_RANK_RISK_12BAND,D-FULL,q3,A,REST_80,SESSION,2025-07-09,2,2,0,1.0,2,0,0,0,1,0,0,0,1,0,0,0,0,0,0,0,0,1,0,1,0,1,0,1,0,0,0,4.975190164993033,,0,0,0.0,,0.0,,0,0,0.0,,0.0,,0,0,0.0,,0.0,,0,0,0.0,,0.0,,1,2,1,1.0,0.5,1,2,1,1.0,0.5,1,2,1,1.0,0.5,0,2,0,,0.0,2,2,2,1.0,1.0,2,2,2,1.0,1.0,2,2,2,1.0,1.0,0,2,0,,0.0,True,EQUAL_WEIGHT_PP_SUM_NOT_YEN_NOT_CAPITAL,SINGLE_NEGATIVE_R_MASS_PRIVATE
C0110,WITHIN_R0_RANK_RISK_12BAND,D-FULL,q3,A,REST_80,SESSION,2025-07-10,2,2,0,1.0,1,1,0,0,0,0,1,0,0,1,0,0,0,0,0,0,0,1,0,1,0,0,0,0,0,0,0,,,0,0,0.0,,0.0,,0,0,0.0,,0.0,,0,0,0.0,,0.0,,1,1,0.5,1.0,1.0,1.0,1,2,1,1.0,0.5,0,2,0,,0.0,0,2,0,,0.0,0,2,0,,0.0,2,2,2,1.0,1.0,2,2,2,1.0,1.0,0,2,0,,0.0,0,2,0,,0.0,True,EQUAL_WEIGHT_PP_SUM_NOT_YEN_NOT_CAPITAL,SINGLE_POSITIVE_R_MASS_PRIVATE;SINGLE_NEGATIVE_R_MASS_PRIVATE
C0110,WITHIN_R0_RANK_RISK_12BAND,D-FULL,q3,A,REST_80,SESSION,2025-07-15,3,3,0,1.0,2,1,0,0,0,0,0,0,2,1,0,0,0,0,0,0,0,0,0,0,0,0,0,0,0,0,0,0.6187957049283579,,0,0,0.0,,0.0,,0,0,0.0,,0.0,,0,0,0.0,,0.0,,1,1,0.3333333333333333,1.0,0.75,1.3333333333333333,0,3,1,0.0,0.0,0,3,1,0.0,0.0,0,3,1,0.0,0.0,0,3,1,0.0,0.0,1,3,2,0.5,0.3333333333333333,0,3,1,0.0,0.0,0,3,1,0.0,0.0,0,3,1,0.0,0.0,True,EQUAL_WEIGHT_PP_SUM_NOT_YEN_NOT_CAPITAL,SINGLE_NEGATIVE_R_MASS_PRIVATE
C0110,WITHIN_R0_RANK_RISK_12BAND,D-FULL,q3,A,REST_80,SESSION,2025-07-16,4,4,0,1.0,1,3,0,0,0,0,0,1,0,2,0,0,0,0,1,0,0,1,1,0,1,0,1,0,1,0,1,,6.903984781403312,1,1,0.25,1.0,1.0,1.0,1,1,0.25,1.0,1.0,1.0,1,1,0.25,1.0,1.0,1.0,3,3,0.75,1.0,3.0,1.0,0,4,0,,0.0,0,4,0,,0.0,0,4,0,,0.0,0,4,0,,0.0,0,4,0,,0.0,0,4,0,,0.0,0,4,0,,0.0,0,4,0,,0.0,True,EQUAL_WEIGHT_PP_SUM_NOT_YEN_NOT_CAPITAL,SINGLE_POSITIVE_R_MASS_PRIVATE
C0110,WITHIN_R0_RANK_RISK_12BAND,D-FULL,q3,A,REST_80,SESSION,2025-07-17,0,0,0,,0,0,0,0,0,0,0,0,0,0,0,0,0,0,0,0,0,0,0,0,0,0,0,0,0,0,0,,,0,0,,,0.0,,0,0,,,0.0,,0,0,,,0.0,,0,0,,,0.0,,0,0,0,,,0,0,0,,,0,0,0,,,0,0,0,,,0,0,0,,,0,0,0,,,0,0,0,,,0,0,0,,,True,EQUAL_WEIGHT_PP_SUM_NOT_YEN_NOT_CAPITAL,SINGLE_POSITIVE_R_MASS_PRIVATE;SINGLE_NEGATIVE_R_MASS_PRIVATE
C0110,WITHIN_R0_RANK_RISK_12BAND,D-FULL,q3,A,REST_80,SESSION,2025-07-18,5,5,0,1.0,2,3,0,0,0,0,0,1,1,3,0,0,0,0,0,0,0,1,0,0,0,0,0,0,0,0,0,2.597683307200671,1.177820082165356,0,0,0.0,,0.0,,0,0,0.0,,0.0,,0,0,0.0,,0.0,,3,3,0.6,1.0,2.5,1.2,0,5,1,0.0,0.0,0,5,1,0.0,0.0,0,5,1,0.0,0.0,0,5,1,0.0,0.0,2,5,3,0.6666666666666666,0.4,2,5,3,0.6666666666666666,0.4,0,5,1,0.0,0.0,0,5,1,0.0,0.0,True,EQUAL_WEIGHT_PP_SUM_NOT_YEN_NOT_CAPITAL,
C0110,WITHIN_R0_RANK_RISK_12BAND,D-FULL,q3,A,REST_80,SESSION,2025-07-22,2,2,0,1.0,0,2,0,0,0,0,0,0,0,2,0,0,0,0,0,0,0,0,0,0,0,0,0,0,0,0,0,,1.3505222818168636,0,0,0.0,,0.0,,0,0,0.0,,0.0,,0,2,0.0,0.0,1.0,0.0,2,4,1.0,0.5,2.0,1.0,0,2,0,,0.0,0,2,0,,0.0,0,2,0,,0.0,0,2,0,,0.0,1,2,1,1.0,0.5,0,2,0,,0.0,0,2,0,,0.0,0,2,0,,0.0,True,EQUAL_WEIGHT_PP_SUM_NOT_YEN_NOT_CAPITAL,SINGLE_POSITIVE_R_MASS_PRIVATE
C0110,WITHIN_R0_RANK_RISK_12BAND,D-FULL,q3,A,REST_80,SESSION,2025-07-23,7,7,0,1.0,2,5,0,0,0,1,0,0,1,1,2,0,0,2,0,0,0,1,4,1,2,1,2,0,2,0,0,4.359371131382523,12.645139413094693,0,0,0.0,,0.0,,2,2,0.2857142857142857,1.0,1.75,1.1428571428571428,2,2,0.2857142857142857,1.0,1.75,1.1428571428571428,5,5,0.7142857142857143,1.0,4.375,1.1428571428571428,1,7,2,0.5,0.14285714285714285,1,7,2,0.5,0.14285714285714285,0,7,1,0.0,0.0,0,7,1,0.0,0.0,3,7,4,0.75,0.42857142857142855,1,7,2,0.5,0.14285714285714285,1,7,2,0.5,0.14285714285714285,1,7,1,1.0,0.14285714285714285,True,EQUAL_WEIGHT_PP_SUM_NOT_YEN_NOT_CAPITAL,
C0110,WITHIN_R0_RANK_RISK_12BAND,D-FULL,q3,A,REST_80,SESSION,2025-07-24,4,4,0,1.0,2,2,0,1,0,0,0,0,1,1,1,0,0,0,0,0,0,1,1,1,0,1,0,1,0,1,0,11.419821876346912,2.223916103459102,0,0,0.0,,0.0,,0,0,0.0,,0.0,,0,0,0.0,,0.0,,2,3,0.5,0.6666666666666666,2.4,0.8333333333333334,1,4,1,1.0,0.25,1,4,1,1.0,0.25,1,4,1,1.0,0.25,1,4,1,1.0,0.25,3,4,3,1.0,0.75,2,4,2,1.0,0.5,1,4,1,1.0,0.25,1,4,1,1.0,0.25,True,EQUAL_WEIGHT_PP_SUM_NOT_YEN_NOT_CAPITAL,
C0110,WITHIN_R0_RANK_RISK_12BAND,D-FULL,q3,A,REST_80,SESSION,2025-07-25,4,4,0,1.0,1,3,0,0,0,0,0,0,1,0,3,0,0,0,0,0,0,0,3,0,0,0,0,0,0,0,0,,4.450815384047641,0,0,0.0,,0.0,,0,0,0.0,,0.0,,0,0,0.0,,0.0,,3,3,0.75,1.0,2.4,1.25,0,4,1,0.0,0.0,0,4,1,0.0,0.0,0,4,1,0.0,0.0,0,4,1,0.0,0.0,1,4,2,0.5,0.25,1,4,2,0.5,0.25,0,4,1,0.0,0.0,0,4,1,0.0,0.0,True,EQUAL_WEIGHT_PP_SUM_NOT_YEN_NOT_CAPITAL,SINGLE_POSITIVE_R_MASS_PRIVATE
C0110,WITHIN_R0_RANK_RISK_12BAND,D-FULL,q3,A,REST_80,SESSION,2025-07-28,3,3,0,1.0,1,2,0,0,0,0,0,1,0,1,1,0,0,0,0,0,0,1,1,0,0,0,0,0,0,0,0,,1.3751947555633948,0,0,0.0,,0.0,,0,0,0.0,,0.0,,0,0,0.0,,0.0,,2,2,0.6666666666666666,1.0,2.0,1.0,0,3,0,,0.0,0,3,0,,0.0,0,3,0,,0.0,0,3,0,,0.0,1,3,1,1.0,0.3333333333333333,1,3,1,1.0,0.3333333333333333,0,3,0,,0.0,0,3,0,,0.0,True,EQUAL_WEIGHT_PP_SUM_NOT_YEN_NOT_CAPITAL,SINGLE_POSITIVE_R_MASS_PRIVATE
C0110,WITHIN_R0_RANK_RISK_12BAND,D-FULL,q3,A,REST_80,SESSION,2025-07-29,4,4,0,1.0,0,4,0,0,0,0,0,0,0,3,1,0,0,0,0,0,0,0,1,0,0,0,0,0,0,0,0,,3.470010131489995,0,0,0.0,,0.0,,0,0,0.0,,0.0,,0,1,0.0,0.0,0.5714285714285714,0.0,4,6,1.0,0.6666666666666666,3.4285714285714284,1.1666666666666667,0,4,1,0.0,0.0,0,4,0,,0.0,0,4,0,,0.0,0,4,0,,0.0,1,4,2,0.5,0.25,1,4,2,0.5,0.25,0,4,0,,0.0,0,4,0,,0.0,True,EQUAL_WEIGHT_PP_SUM_NOT_YEN_NOT_CAPITAL,SINGLE_POSITIVE_R_MASS_PRIVATE
C0110,WITHIN_R0_RANK_RISK_12BAND,D-FULL,q3,A,REST_80,SESSION,2025-07-30,6,6,0,1.0,1,5,0,0,0,0,0,1,0,5,0,0,0,0,0,0,0,1,0,0,0,0,0,0,0,0,0,,2.15953510866816,0,0,0.0,,0.0,,0,0,0.0,,0.0,,0,0,0.0,,0.0,,5,5,0.8333333333333334,1.0,5.0,1.0,0,6,0,,0.0,0,6,0,,0.0,0,6,0,,0.0,0,6,0,,0.0,5,6,5,1.0,0.8333333333333334,4,6,4,1.0,0.6666666666666666,3,6,3,1.0,0.5,2,6,2,1.0,0.3333333333333333,True,EQUAL_WEIGHT_PP_SUM_NOT_YEN_NOT_CAPITAL,SINGLE_POSITIVE_R_MASS_PRIVATE
C0110,WITHIN_R0_RANK_RISK_12BAND,D-FULL,q3,A,REST_80,SESSION,2025-07-31,1,1,0,1.0,0,1,0,0,0,0,0,0,0,0,1,0,0,0,0,0,0,0,1,0,0,0,0,0,0,0,0,,,0,0,0.0,,0.0,,0,0,0.0,,0.0,,0,0,0.0,,0.0,,1,2,1.0,0.5,0.6666666666666666,1.5,0,1,0,,0.0,0,1,0,,0.0,0,1,0,,0.0,0,1,0,,0.0,0,1,1,0.0,0.0,0,1,1,0.0,0.0,0,1,1,0.0,0.0,0,1,1,0.0,0.0,True,EQUAL_WEIGHT_PP_SUM_NOT_YEN_NOT_CAPITAL,SINGLE_POSITIVE_R_MASS_PRIVATE;SINGLE_NEGATIVE_R_MASS_PRIVATE
C0110,WITHIN_R0_RANK_RISK_12BAND,D-FULL,q3,A,REST_80,SESSION,2025-08-01,1,1,0,1.0,1,0,0,0,0,0,0,1,0,0,0,0,0,0,0,0,0,1,0,0,0,0,0,0,0,0,0,,,0,0,0.0,,0.0,,0,0,0.0,,0.0,,0,0,0.0,,0.0,,0,0,0.0,,0.0,,0,1,0,,0.0,0,1,0,,0.0,0,1,0,,0.0,0,1,0,,0.0,1,1,1,1.0,1.0,1,1,1,1.0,1.0,0,1,0,,0.0,0,1,0,,0.0,True,EQUAL_WEIGHT_PP_SUM_NOT_YEN_NOT_CAPITAL,SINGLE_POSITIVE_R_MASS_PRIVATE;SINGLE_NEGATIVE_R_MASS_PRIVATE
C0110,WITHIN_R0_RANK_RISK_12BAND,D-FULL,q3,A,REST_80,SESSION,2025-08-04,0,0,0,,0,0,0,0,0,0,0,0,0,0,0,0,0,0,0,0,0,0,0,0,0,0,0,0,0,0,0,,,0,0,,,0.0,,0,0,,,0.0,,0,0,,,0.0,,0,0,,,0.0,,0,0,0,,,0,0,0,,,0,0,0,,,0,0,0,,,0,0,1,0.0,,0,0,1,0.0,,0,0,0,,,0,0,0,,,True,EQUAL_WEIGHT_PP_SUM_NOT_YEN_NOT_CAPITAL,SINGLE_POSITIVE_R_MASS_PRIVATE;SINGLE_NEGATIVE_R_MASS_PRIVATE
C0110,WITHIN_R0_RANK_RISK_12BAND,D-FULL,q3,A,REST_80,SESSION,2025-08-05,4,4,0,1.0,2,2,0,0,0,1,0,0,1,2,0,0,0,0,0,0,0,1,0,1,0,1,0,0,0,0,0,4.354948942331297,0.9953123279585574,0,0,0.0,,0.0,,0,0,0.0,,0.0,,0,0,0.0,,0.0,,2,2,0.5,1.0,2.0,1.0,1,4,1,1.0,0.25,1,4,1,1.0,0.25,0,4,0,,0.0,0,4,0,,0.0,2,4,2,1.0,0.5,2,4,2,1.0,0.5,1,4,1,1.0,0.25,0,4,0,,0.0,True,EQUAL_WEIGHT_PP_SUM_NOT_YEN_NOT_CAPITAL,
C0110,WITHIN_R0_RANK_RISK_12BAND,D-FULL,q3,A,REST_80,SESSION,2025-08-06,4,4,0,1.0,1,3,0,0,0,0,0,1,0,3,0,0,0,0,0,0,0,1,0,0,0,0,0,0,0,0,0,,1.3963790118720423,0,0,0.0,,0.0,,0,0,0.0,,0.0,,0,0,0.0,,0.0,,3,3,0.75,1.0,3.0,1.0,0,4,0,,0.0,0,4,0,,0.0,0,4,0,,0.0,0,4,0,,0.0,4,4,4,1.0,1.0,3,4,3,1.0,0.75,2,4,2,1.0,0.5,1,4,1,1.0,0.25,True,EQUAL_WEIGHT_PP_SUM_NOT_YEN_NOT_CAPITAL,SINGLE_POSITIVE_R_MASS_PRIVATE
C0110,WITHIN_R0_RANK_RISK_12BAND,D-FULL,q3,A,REST_80,SESSION,2025-08-07,2,2,0,1.0,1,1,0,0,1,0,0,0,0,1,0,0,0,0,0,0,0,1,0,1,0,1,0,1,0,0,0,,,0,0,0.0,,0.0,,0,0,0.0,,0.0,,0,0,0.0,,0.0,,1,1,0.5,1.0,1.0,1.0,1,2,1,1.0,0.5,1,2,1,1.0,0.5,1,2,1,1.0,0.5,0,2,0,,0.0,2,2,2,1.0,1.0,1,2,1,1.0,0.5,1,2,1,1.0,0.5,0,2,0,,0.0,True,EQUAL_WEIGHT_PP_SUM_NOT_YEN_NOT_CAPITAL,SINGLE_POSITIVE_R_MASS_PRIVATE;SINGLE_NEGATIVE_R_MASS_PRIVATE
C0110,WITHIN_R0_RANK_RISK_12BAND,D-FULL,q3,A,REST_80,SESSION,2025-08-08,4,4,0,1.0,3,1,0,1,0,0,0,1,1,1,0,0,0,0,0,0,0,2,0,1,0,1,0,1,0,1,0,7.213646201278744,,0,0,0.0,,0.0,,0,0,0.0,,0.0,,0,0,0.0,,0.0,,1,2,0.25,0.5,1.6,0.625,1,4,1,1.0,0.25,1,4,1,1.0,0.25,1,4,1,1.0,0.25,1,4,1,1.0,0.25,3,4,3,1.0,0.75,1,4,1,1.0,0.25,1,4,1,1.0,0.25,0,4,0,,0.0,True,EQUAL_WEIGHT_PP_SUM_NOT_YEN_NOT_CAPITAL,SINGLE_NEGATIVE_R_MASS_PRIVATE
C0110,WITHIN_R0_RANK_RISK_12BAND,D-FULL,q3,A,REST_80,SESSION,2025-08-12,4,4,0,1.0,1,3,0,0,0,0,0,0,1,1,1,1,0,0,0,0,0,0,2,0,1,0,0,0,0,0,0,,4.800686928940329,0,1,0.0,0.0,0.5714285714285714,0.0,0,1,0.0,0.0,0.5714285714285714,0.0,1,2,0.25,0.5,1.1428571428571428,0.875,3,5,0.75,0.6,2.857142857142857,1.05,0,4,0,,0.0,0,4,0,,0.0,0,4,0,,0.0,0,4,0,,0.0,2,4,3,0.6666666666666666,0.5,2,4,3,0.6666666666666666,0.5,2,4,3,0.6666666666666666,0.5,0,4,0,,0.0,True,EQUAL_WEIGHT_PP_SUM_NOT_YEN_NOT_CAPITAL,SINGLE_POSITIVE_R_MASS_PRIVATE
C0110,WITHIN_R0_RANK_RISK_12BAND,D-FULL,q3,A,REST_80,SESSION,2025-08-13,2,2,0,1.0,0,2,0,0,0,0,0,0,0,1,1,0,0,0,0,0,0,0,1,0,0,0,0,0,0,0,0,,2.309825977534258,0,0,0.0,,0.0,,0,0,0.0,,0.0,,0,0,0.0,,0.0,,2,2,1.0,1.0,2.0,1.0,0,2,0,,0.0,0,2,0,,0.0,0,2,0,,0.0,0,2,0,,0.0,1,2,1,1.0,0.5,1,2,1,1.0,0.5,1,2,1,1.0,0.5,0,2,0,,0.0,True,EQUAL_WEIGHT_PP_SUM_NOT_YEN_NOT_CAPITAL,SINGLE_POSITIVE_R_MASS_PRIVATE
C0110,WITHIN_R0_RANK_RISK_12BAND,D-FULL,q3,A,REST_80,SESSION,2025-08-14,3,3,0,1.0,1,2,0,1,0,0,0,0,0,0,1,1,0,0,0,0,0,1,2,1,1,1,0,1,0,1,0,,3.6483023946677764,0,0,0.0,,0.0,,0,0,0.0,,0.0,,1,1,0.3333333333333333,1.0,1.0,1.0,2,2,0.6666666666666666,1.0,2.0,1.0,1,3,1,1.0,0.3333333333333333,1,3,1,1.0,0.3333333333333333,1,3,1,1.0,0.3333333333333333,1,3,1,1.0,0.3333333333333333,1,3,1,1.0,0.3333333333333333,1,3,1,1.0,0.3333333333333333,1,3,1,1.0,0.3333333333333333,1,3,1,1.0,0.3333333333333333,True,EQUAL_WEIGHT_PP_SUM_NOT_YEN_NOT_CAPITAL,SINGLE_POSITIVE_R_MASS_PRIVATE
C0110,WITHIN_R0_RANK_RISK_12BAND,D-FULL,q3,A,REST_80,SESSION,2025-08-15,3,3,0,1.0,2,1,0,1,0,0,0,0,1,0,1,0,0,0,0,0,0,1,1,1,0,1,0,1,0,1,0,8.60153767476255,,0,0,0.0,,0.0,,0,1,0.0,0.0,0.75,0.0,0,1,0.0,0.0,0.75,0.0,1,2,0.3333333333333333,0.5,1.5,0.6666666666666666,1,3,1,1.0,0.3333333333333333,1,3,1,1.0,0.3333333333333333,1,3,1,1.0,0.3333333333333333,1,3,1,1.0,0.3333333333333333,2,3,3,0.6666666666666666,0.6666666666666666,2,3,3,0.6666666666666666,0.6666666666666666,1,3,1,1.0,0.3333333333333333,1,3,1,1.0,0.3333333333333333,True,EQUAL_WEIGHT_PP_SUM_NOT_YEN_NOT_CAPITAL,SINGLE_NEGATIVE_R_MASS_PRIVATE
C0110,WITHIN_R0_RANK_RISK_12BAND,D-FULL,q3,A,REST_80,SESSION,2025-08-18,1,1,0,1.0,1,0,0,1,0,0,0,0,0,0,0,0,0,0,0,0,0,1,0,1,0,1,0,1,0,1,0,,,0,0,0.0,,0.0,,0,0,0.0,,0.0,,0,1,0.0,0.0,0.3333333333333333,0.0,0,1,0.0,0.0,0.3333333333333333,0.0,1,1,2,0.5,1.0,1,1,2,0.5,1.0,1,1,2,0.5,1.0,1,1,2,0.5,1.0,1,1,2,0.5,1.0,1,1,2,0.5,1.0,1,1,2,0.5,1.0,1,1,2,0.5,1.0,True,EQUAL_WEIGHT_PP_SUM_NOT_YEN_NOT_CAPITAL,SINGLE_POSITIVE_R_MASS_PRIVATE;SINGLE_NEGATIVE_R_MASS_PRIVATE
C0110,WITHIN_R0_RANK_RISK_12BAND,D-FULL,q3,A,REST_80,SESSION,2025-08-19,3,3,0,1.0,1,2,0,0,0,0,0,1,0,1,1,0,0,0,0,0,0,1,1,0,0,0,0,0,0,0,0,,2.5851743042989224,0,0,0.0,,0.0,,0,0,0.0,,0.0,,0,0,0.0,,0.0,,2,2,0.6666666666666666,1.0,1.5,1.3333333333333333,0,3,1,0.0,0.0,0,3,1,0.0,0.0,0,3,1,0.0,0.0,0,3,1,0.0,0.0,2,3,3,0.6666666666666666,0.6666666666666666,2,3,3,0.6666666666666666,0.6666666666666666,2,3,3,0.6666666666666666,0.6666666666666666,0,3,1,0.0,0.0,True,EQUAL_WEIGHT_PP_SUM_NOT_YEN_NOT_CAPITAL,SINGLE_POSITIVE_R_MASS_PRIVATE
C0110,WITHIN_R0_RANK_RISK_12BAND,D-FULL,q3,A,REST_80,SESSION,2025-08-20,6,6,0,1.0,2,4,0,0,1,1,0,0,0,3,0,0,1,0,0,0,0,2,1,2,1,2,1,1,0,0,0,7.656862192800665,4.700438926344106,0,0,0.0,,0.0,,1,1,0.16666666666666666,1.0,1.0,1.0,1,1,0.16666666666666666,1.0,1.0,1.0,4,4,0.6666666666666666,1.0,4.0,1.0,2,6,2,1.0,0.3333333333333333,2,6,2,1.0,0.3333333333333333,1,6,1,1.0,0.16666666666666666,0,6,0,,0.0,5,6,5,1.0,0.8333333333333334,5,6,5,1.0,0.8333333333333334,4,6,4,1.0,0.6666666666666666,0,6,0,,0.0,True,EQUAL_WEIGHT_PP_SUM_NOT_YEN_NOT_CAPITAL,
C0110,WITHIN_R0_RANK_RISK_12BAND,D-FULL,q3,A,REST_80,SESSION,2025-08-21,6,6,0,1.0,4,2,0,0,0,0,1,2,1,1,0,0,1,0,0,0,0,3,1,1,1,0,1,0,0,0,0,4.848675826083678,4.459599159834181,0,0,0.0,,0.0,,1,1,0.16666666666666666,1.0,1.0,1.0,1,1,0.16666666666666666,1.0,1.0,1.0,2,2,0.3333333333333333,1.0,2.0,1.0,1,6,1,1.0,0.16666666666666666,0,6,0,,0.0,0,6,0,,0.0,0,6,0,,0.0,5,6,5,1.0,0.8333333333333334,3,6,3,1.0,0.5,1,6,1,1.0,0.16666666666666666,0,6,0,,0.0,True,EQUAL_WEIGHT_PP_SUM_NOT_YEN_NOT_CAPITAL,
C0110,WITHIN_R0_RANK_RISK_12BAND,D-FULL,q3,A,REST_80,SESSION,2025-08-22,3,3,0,1.0,0,3,0,0,0,0,0,0,0,2,0,0,1,0,0,0,0,0,1,0,1,0,1,0,0,0,0,,4.0229778744891505,0,0,0.0,,0.0,,1,2,0.3333333333333333,0.5,1.2,0.8333333333333334,1,2,0.3333333333333333,0.5,1.2,0.8333333333333334,3,4,1.0,0.75,2.4,1.25,0,3,1,0.0,0.0,0,3,1,0.0,0.0,0,3,1,0.0,0.0,0,3,1,0.0,0.0,1,3,2,0.5,0.3333333333333333,1,3,2,0.5,0.3333333333333333,1,3,2,0.5,0.3333333333333333,0,3,0,,0.0,True,EQUAL_WEIGHT_PP_SUM_NOT_YEN_NOT_CAPITAL,SINGLE_POSITIVE_R_MASS_PRIVATE
C0110,WITHIN_R0_RANK_RISK_12BAND,D-FULL,q3,A,REST_80,SESSION,2025-08-25,3,3,0,1.0,1,2,0,1,0,0,0,0,0,2,0,0,0,0,0,0,0,1,0,1,0,1,0,1,0,1,0,,0.7031748609322542,0,0,0.0,,0.0,,0,0,0.0,,0.0,,0,0,0.0,,0.0,,2,3,0.6666666666666666,0.6666666666666666,2.25,0.8888888888888888,1,3,1,1.0,0.3333333333333333,1,3,1,1.0,0.3333333333333333,1,3,1,1.0,0.3333333333333333,1,3,1,1.0,0.3333333333333333,3,3,3,1.0,1.0,3,3,3,1.0,1.0,3,3,3,1.0,1.0,2,3,2,1.0,0.6666666666666666,True,EQUAL_WEIGHT_PP_SUM_NOT_YEN_NOT_CAPITAL,SINGLE_POSITIVE_R_MASS_PRIVATE
C0110,WITHIN_R0_RANK_RISK_12BAND,D-FULL,q3,A,REST_80,RANK,S,0,0,0,,0,0,0,0,0,0,0,0,0,0,0,0,0,0,0,0,0,0,0,0,0,0,0,0,0,0,0,,,0,0,,,0.0,,0,0,,,0.0,,0,0,,,0.0,,0,0,,,0.0,,0,0,0,,,0,0,0,,,0,0,0,,,0,0,0,,,0,0,0,,,0,0,0,,,0,0,0,,,0,0,0,,,True,EQUAL_WEIGHT_PP_SUM_NOT_YEN_NOT_CAPITAL,SINGLE_POSITIVE_R_MASS_PRIVATE;SINGLE_NEGATIVE_R_MASS_PRIVATE
C0110,WITHIN_R0_RANK_RISK_12BAND,D-FULL,q3,A,REST_80,RANK,A,122,122,0,1.0,46,76,0,7,3,4,4,13,15,44,19,6,4,2,1,0,0,31,32,18,13,14,7,10,3,7,1,142.46243536701905,92.51969613919937,1,2,0.00819672131147541,0.5,1.5777777777777777,0.6338028169014085,7,11,0.05737704918032787,0.6363636363636364,8.726587301587301,0.8021463325906052,13,21,0.10655737704918032,0.6190476190476191,16.622619047619047,0.7820668910692544,76,93,0.6229508196721312,0.8172043010752689,73.65555555555555,1.0318298385880222,18,122,28,0.6428571428571429,0.14754098360655737,14,122,23,0.6086956521739131,0.11475409836065574,10,122,19,0.5263157894736842,0.08196721311475409,7,122,16,0.4375,0.05737704918032787,68,122,86,0.7906976744186046,0.5573770491803278,52,122,69,0.7536231884057971,0.4262295081967213,33,122,47,0.7021276595744681,0.27049180327868855,13,122,23,0.5652173913043478,0.10655737704918032,False,EQUAL_WEIGHT_PP_SUM_NOT_YEN_NOT_CAPITAL,
C0110,WITHIN_R0_RANK_RISK_12BAND,D-FULL,q3,A,REST_80,RANK,B,0,0,0,,0,0,0,0,0,0,0,0,0,0,0,0,0,0,0,0,0,0,0,0,0,0,0,0,0,0,0,,,0,0,,,0.0,,0,0,,,0.0,,0,0,,,0.0,,0,0,,,0.0,,0,0,0,,,0,0,0,,,0,0,0,,,0,0,0,,,0,0,0,,,0,0,0,,,0,0,0,,,0,0,0,,,True,EQUAL_WEIGHT_PP_SUM_NOT_YEN_NOT_CAPITAL,SINGLE_POSITIVE_R_MASS_PRIVATE;SINGLE_NEGATIVE_R_MASS_PRIVATE
C0110,WITHIN_R0_RANK_RISK_12BAND,D-FULL,q3,A,REST_80,RANK,C,0,0,0,,0,0,0,0,0,0,0,0,0,0,0,0,0,0,0,0,0,0,0,0,0,0,0,0,0,0,0,,,0,0,,,0.0,,0,0,,,0.0,,0,0,,,0.0,,0,0,,,0.0,,0,0,0,,,0,0,0,,,0,0,0,,,0,0,0,,,0,0,0,,,0,0,0,,,0,0,0,,,0,0,0,,,True,EQUAL_WEIGHT_PP_SUM_NOT_YEN_NOT_CAPITAL,SINGLE_POSITIVE_R_MASS_PRIVATE;SINGLE_NEGATIVE_R_MASS_PRIVATE
C0110,WITHIN_R0_RANK_RISK_12BAND,D-FULL,q3,A,REST_80,EXECUTION_ELIGIBLE,TRUE,122,122,0,1.0,46,76,0,7,3,4,4,13,15,44,19,6,4,2,1,0,0,31,32,18,13,14,7,10,3,7,1,142.46243536701905,92.51969613919937,1,2,0.00819672131147541,0.5,1.5777777777777777,0.6338028169014085,7,11,0.05737704918032787,0.6363636363636364,8.726587301587301,0.8021463325906052,13,21,0.10655737704918032,0.6190476190476191,16.622619047619047,0.7820668910692544,76,93,0.6229508196721312,0.8172043010752689,73.65555555555555,1.0318298385880222,18,122,28,0.6428571428571429,0.14754098360655737,14,122,23,0.6086956521739131,0.11475409836065574,10,122,19,0.5263157894736842,0.08196721311475409,7,122,16,0.4375,0.05737704918032787,68,122,86,0.7906976744186046,0.5573770491803278,52,122,69,0.7536231884057971,0.4262295081967213,33,122,47,0.7021276595744681,0.27049180327868855,13,122,23,0.5652173913043478,0.10655737704918032,False,EQUAL_WEIGHT_PP_SUM_NOT_YEN_NOT_CAPITAL,
C0110,WITHIN_R0_RANK_RISK_12BAND,D-FULL,q3,A,REST_80,R0_PASS,SAB,122,122,0,1.0,46,76,0,7,3,4,4,13,15,44,19,6,4,2,1,0,0,31,32,18,13,14,7,10,3,7,1,142.46243536701905,92.51969613919937,1,2,0.00819672131147541,0.5,1.5777777777777777,0.6338028169014085,7,11,0.05737704918032787,0.6363636363636364,8.726587301587301,0.8021463325906052,13,21,0.10655737704918032,0.6190476190476191,16.622619047619047,0.7820668910692544,76,93,0.6229508196721312,0.8172043010752689,73.65555555555555,1.0318298385880222,18,122,28,0.6428571428571429,0.14754098360655737,14,122,23,0.6086956521739131,0.11475409836065574,10,122,19,0.5263157894736842,0.08196721311475409,7,122,16,0.4375,0.05737704918032787,68,122,86,0.7906976744186046,0.5573770491803278,52,122,69,0.7536231884057971,0.4262295081967213,33,122,47,0.7021276595744681,0.27049180327868855,13,122,23,0.5652173913043478,0.10655737704918032,False,EQUAL_WEIGHT_PP_SUM_NOT_YEN_NOT_CAPITAL,
C0110,WITHIN_R0_RANK_RISK_12BAND,D-FULL,q3,A,REST_80,E0_FUNDED,SAVED,98,98,0,1.0,36,62,0,4,3,3,3,11,12,37,14,5,4,1,1,0,0,24,25,13,11,10,6,7,2,4,1,107.87199520263793,74.8445199480162,1,1,0.01020408163265306,1.0,0.75,1.3333333333333333,6,9,0.061224489795918366,0.6666666666666666,6.78710407239819,0.8840294676489217,11,18,0.11224489795918367,0.6111111111111112,13.644335385976254,0.8061953689078825,62,78,0.6326530612244898,0.7948717948717948,59.792302589051815,1.0369227695765713,13,98,23,0.5652173913043478,0.1326530612244898,10,98,19,0.5263157894736842,0.10204081632653061,7,98,16,0.4375,0.07142857142857142,4,98,13,0.3076923076923077,0.04081632653061224,57,98,74,0.7702702702702703,0.5816326530612245,44,98,61,0.7213114754098361,0.4489795918367347,27,98,41,0.6585365853658537,0.2755102040816326,10,98,20,0.5,0.10204081632653061,False,EQUAL_WEIGHT_PP_SUM_NOT_YEN_NOT_CAPITAL,
C0111,WITHIN_R0_RANK_RISK_12BAND,D-FULL,q3,A,UNASSESSED,ALL,ALL,0,0,0,,0,0,0,0,0,0,0,0,0,0,0,0,0,0,0,0,0,0,0,0,0,0,0,0,0,0,0,,,0,2,,0.0,0.0,,0,11,,0.0,0.0,,0,21,,0.0,0.0,,0,93,,0.0,0.0,,0,0,28,0.0,,0,0,23,0.0,,0,0,19,0.0,,0,0,16,0.0,,0,0,86,0.0,,0,0,69,0.0,,0,0,47,0.0,,0,0,23,0.0,,True,EQUAL_WEIGHT_PP_SUM_NOT_YEN_NOT_CAPITAL,SINGLE_POSITIVE_R_MASS_PRIVATE;SINGLE_NEGATIVE_R_MASS_PRIVATE
C0111,WITHIN_R0_RANK_RISK_12BAND,D-FULL,q3,A,UNASSESSED,BLOCK,1,0,0,0,,0,0,0,0,0,0,0,0,0,0,0,0,0,0,0,0,0,0,0,0,0,0,0,0,0,0,0,,,0,0,,,0.0,,0,1,,0.0,0.0,,0,3,,0.0,0.0,,0,12,,0.0,0.0,,0,0,5,0.0,,0,0,4,0.0,,0,0,3,0.0,,0,0,3,0.0,,0,0,13,0.0,,0,0,9,0.0,,0,0,7,0.0,,0,0,6,0.0,,True,EQUAL_WEIGHT_PP_SUM_NOT_YEN_NOT_CAPITAL,SINGLE_POSITIVE_R_MASS_PRIVATE;SINGLE_NEGATIVE_R_MASS_PRIVATE
C0111,WITHIN_R0_RANK_RISK_12BAND,D-FULL,q3,A,UNASSESSED,BLOCK,2,0,0,0,,0,0,0,0,0,0,0,0,0,0,0,0,0,0,0,0,0,0,0,0,0,0,0,0,0,0,0,,,0,0,,,0.0,,0,1,,0.0,0.0,,0,3,,0.0,0.0,,0,9,,0.0,0.0,,0,0,3,0.0,,0,0,1,0.0,,0,0,1,0.0,,0,0,0,,,0,0,8,0.0,,0,0,7,0.0,,0,0,4,0.0,,0,0,1,0.0,,True,EQUAL_WEIGHT_PP_SUM_NOT_YEN_NOT_CAPITAL,SINGLE_POSITIVE_R_MASS_PRIVATE;SINGLE_NEGATIVE_R_MASS_PRIVATE
C0111,WITHIN_R0_RANK_RISK_12BAND,D-FULL,q3,A,UNASSESSED,BLOCK,3,0,0,0,,0,0,0,0,0,0,0,0,0,0,0,0,0,0,0,0,0,0,0,0,0,0,0,0,0,0,0,,,0,1,,0.0,0.0,,0,1,,0.0,0.0,,0,3,,0.0,0.0,,0,11,,0.0,0.0,,0,0,2,0.0,,0,0,2,0.0,,0,0,2,0.0,,0,0,2,0.0,,0,0,6,0.0,,0,0,4,0.0,,0,0,2,0.0,,0,0,2,0.0,,True,EQUAL_WEIGHT_PP_SUM_NOT_YEN_NOT_CAPITAL,SINGLE_POSITIVE_R_MASS_PRIVATE;SINGLE_NEGATIVE_R_MASS_PRIVATE
C0111,WITHIN_R0_RANK_RISK_12BAND,D-FULL,q3,A,UNASSESSED,BLOCK,4,0,0,0,,0,0,0,0,0,0,0,0,0,0,0,0,0,0,0,0,0,0,0,0,0,0,0,0,0,0,0,,,0,0,,,0.0,,0,2,,0.0,0.0,,0,3,,0.0,0.0,,0,19,,0.0,0.0,,0,0,5,0.0,,0,0,4,0.0,,0,0,3,0.0,,0,0,3,0.0,,0,0,12,0.0,,0,0,9,0.0,,0,0,4,0.0,,0,0,3,0.0,,True,EQUAL_WEIGHT_PP_SUM_NOT_YEN_NOT_CAPITAL,SINGLE_POSITIVE_R_MASS_PRIVATE;SINGLE_NEGATIVE_R_MASS_PRIVATE
C0111,WITHIN_R0_RANK_RISK_12BAND,D-FULL,q3,A,UNASSESSED,BLOCK,5,0,0,0,,0,0,0,0,0,0,0,0,0,0,0,0,0,0,0,0,0,0,0,0,0,0,0,0,0,0,0,,,0,0,,,0.0,,0,0,,,0.0,,0,0,,,0.0,,0,9,,0.0,0.0,,0,0,1,0.0,,0,0,1,0.0,,0,0,0,,,0,0,0,,,0,0,10,0.0,,0,0,9,0.0,,0,0,5,0.0,,0,0,3,0.0,,True,EQUAL_WEIGHT_PP_SUM_NOT_YEN_NOT_CAPITAL,SINGLE_POSITIVE_R_MASS_PRIVATE;SINGLE_NEGATIVE_R_MASS_PRIVATE
C0111,WITHIN_R0_RANK_RISK_12BAND,D-FULL,q3,A,UNASSESSED,BLOCK,6,0,0,0,,0,0,0,0,0,0,0,0,0,0,0,0,0,0,0,0,0,0,0,0,0,0,0,0,0,0,0,,,0,1,,0.0,0.0,,0,1,,0.0,0.0,,0,2,,0.0,0.0,,0,13,,0.0,0.0,,0,0,2,0.0,,0,0,2,0.0,,0,0,2,0.0,,0,0,1,0.0,,0,0,13,0.0,,0,0,9,0.0,,0,0,8,0.0,,0,0,1,0.0,,True,EQUAL_WEIGHT_PP_SUM_NOT_YEN_NOT_CAPITAL,SINGLE_POSITIVE_R_MASS_PRIVATE;SINGLE_NEGATIVE_R_MASS_PRIVATE
C0111,WITHIN_R0_RANK_RISK_12BAND,D-FULL,q3,A,UNASSESSED,BLOCK,7,0,0,0,,0,0,0,0,0,0,0,0,0,0,0,0,0,0,0,0,0,0,0,0,0,0,0,0,0,0,0,,,0,0,,,0.0,,0,2,,0.0,0.0,,0,4,,0.0,0.0,,0,11,,0.0,0.0,,0,0,7,0.0,,0,0,7,0.0,,0,0,6,0.0,,0,0,5,0.0,,0,0,14,0.0,,0,0,14,0.0,,0,0,11,0.0,,0,0,5,0.0,,True,EQUAL_WEIGHT_PP_SUM_NOT_YEN_NOT_CAPITAL,SINGLE_POSITIVE_R_MASS_PRIVATE;SINGLE_NEGATIVE_R_MASS_PRIVATE
C0111,WITHIN_R0_RANK_RISK_12BAND,D-FULL,q3,A,UNASSESSED,BLOCK,8,0,0,0,,0,0,0,0,0,0,0,0,0,0,0,0,0,0,0,0,0,0,0,0,0,0,0,0,0,0,0,,,0,0,,,0.0,,0,3,,0.0,0.0,,0,3,,0.0,0.0,,0,9,,0.0,0.0,,0,0,3,0.0,,0,0,2,0.0,,0,0,2,0.0,,0,0,2,0.0,,0,0,10,0.0,,0,0,8,0.0,,0,0,6,0.0,,0,0,2,0.0,,True,EQUAL_WEIGHT_PP_SUM_NOT_YEN_NOT_CAPITAL,SINGLE_POSITIVE_R_MASS_PRIVATE;SINGLE_NEGATIVE_R_MASS_PRIVATE
C0111,WITHIN_R0_RANK_RISK_12BAND,D-FULL,q3,A,UNASSESSED,SESSION,2025-06-27,0,0,0,,0,0,0,0,0,0,0,0,0,0,0,0,0,0,0,0,0,0,0,0,0,0,0,0,0,0,0,,,0,0,,,0.0,,0,1,,0.0,0.0,,0,1,,0.0,0.0,,0,2,,0.0,0.0,,0,0,0,,,0,0,0,,,0,0,0,,,0,0,0,,,0,0,1,0.0,,0,0,1,0.0,,0,0,1,0.0,,0,0,1,0.0,,True,EQUAL_WEIGHT_PP_SUM_NOT_YEN_NOT_CAPITAL,SINGLE_POSITIVE_R_MASS_PRIVATE;SINGLE_NEGATIVE_R_MASS_PRIVATE
C0111,WITHIN_R0_RANK_RISK_12BAND,D-FULL,q3,A,UNASSESSED,SESSION,2025-06-30,0,0,0,,0,0,0,0,0,0,0,0,0,0,0,0,0,0,0,0,0,0,0,0,0,0,0,0,0,0,0,,,0,0,,,0.0,,0,0,,,0.0,,0,1,,0.0,0.0,,0,5,,0.0,0.0,,0,0,3,0.0,,0,0,2,0.0,,0,0,1,0.0,,0,0,1,0.0,,0,0,4,0.0,,0,0,3,0.0,,0,0,2,0.0,,0,0,1,0.0,,True,EQUAL_WEIGHT_PP_SUM_NOT_YEN_NOT_CAPITAL,SINGLE_POSITIVE_R_MASS_PRIVATE;SINGLE_NEGATIVE_R_MASS_PRIVATE
C0111,WITHIN_R0_RANK_RISK_12BAND,D-FULL,q3,A,UNASSESSED,SESSION,2025-07-01,0,0,0,,0,0,0,0,0,0,0,0,0,0,0,0,0,0,0,0,0,0,0,0,0,0,0,0,0,0,0,,,0,0,,,0.0,,0,0,,,0.0,,0,1,,0.0,0.0,,0,4,,0.0,0.0,,0,0,2,0.0,,0,0,2,0.0,,0,0,2,0.0,,0,0,2,0.0,,0,0,7,0.0,,0,0,4,0.0,,0,0,3,0.0,,0,0,3,0.0,,True,EQUAL_WEIGHT_PP_SUM_NOT_YEN_NOT_CAPITAL,SINGLE_POSITIVE_R_MASS_PRIVATE;SINGLE_NEGATIVE_R_MASS_PRIVATE
C0111,WITHIN_R0_RANK_RISK_12BAND,D-FULL,q3,A,UNASSESSED,SESSION,2025-07-02,0,0,0,,0,0,0,0,0,0,0,0,0,0,0,0,0,0,0,0,0,0,0,0,0,0,0,0,0,0,0,,,0,0,,,0.0,,0,0,,,0.0,,0,0,,,0.0,,0,1,,0.0,0.0,,0,0,0,,,0,0,0,,,0,0,0,,,0,0,0,,,0,0,1,0.0,,0,0,1,0.0,,0,0,1,0.0,,0,0,1,0.0,,True,EQUAL_WEIGHT_PP_SUM_NOT_YEN_NOT_CAPITAL,SINGLE_POSITIVE_R_MASS_PRIVATE;SINGLE_NEGATIVE_R_MASS_PRIVATE
C0111,WITHIN_R0_RANK_RISK_12BAND,D-FULL,q3,A,UNASSESSED,SESSION,2025-07-03,0,0,0,,0,0,0,0,0,0,0,0,0,0,0,0,0,0,0,0,0,0,0,0,0,0,0,0,0,0,0,,,0,0,,,0.0,,0,0,,,0.0,,0,0,,,0.0,,0,0,,,0.0,,0,0,0,,,0,0,0,,,0,0,0,,,0,0,0,,,0,0,0,,,0,0,0,,,0,0,0,,,0,0,0,,,True,EQUAL_WEIGHT_PP_SUM_NOT_YEN_NOT_CAPITAL,SINGLE_POSITIVE_R_MASS_PRIVATE;SINGLE_NEGATIVE_R_MASS_PRIVATE
C0111,WITHIN_R0_RANK_RISK_12BAND,D-FULL,q3,A,UNASSESSED,SESSION,2025-07-04,0,0,0,,0,0,0,0,0,0,0,0,0,0,0,0,0,0,0,0,0,0,0,0,0,0,0,0,0,0,0,,,0,0,,,0.0,,0,0,,,0.0,,0,1,,0.0,0.0,,0,4,,0.0,0.0,,0,0,1,0.0,,0,0,0,,,0,0,0,,,0,0,0,,,0,0,2,0.0,,0,0,2,0.0,,0,0,1,0.0,,0,0,1,0.0,,True,EQUAL_WEIGHT_PP_SUM_NOT_YEN_NOT_CAPITAL,SINGLE_POSITIVE_R_MASS_PRIVATE;SINGLE_NEGATIVE_R_MASS_PRIVATE
C0111,WITHIN_R0_RANK_RISK_12BAND,D-FULL,q3,A,UNASSESSED,SESSION,2025-07-07,0,0,0,,0,0,0,0,0,0,0,0,0,0,0,0,0,0,0,0,0,0,0,0,0,0,0,0,0,0,0,,,0,0,,,0.0,,0,1,,0.0,0.0,,0,1,,0.0,0.0,,0,2,,0.0,0.0,,0,0,0,,,0,0,0,,,0,0,0,,,0,0,0,,,0,0,1,0.0,,0,0,1,0.0,,0,0,1,0.0,,0,0,0,,,True,EQUAL_WEIGHT_PP_SUM_NOT_YEN_NOT_CAPITAL,SINGLE_POSITIVE_R_MASS_PRIVATE;SINGLE_NEGATIVE_R_MASS_PRIVATE
C0111,WITHIN_R0_RANK_RISK_12BAND,D-FULL,q3,A,UNASSESSED,SESSION,2025-07-08,0,0,0,,0,0,0,0,0,0,0,0,0,0,0,0,0,0,0,0,0,0,0,0,0,0,0,0,0,0,0,,,0,0,,,0.0,,0,0,,,0.0,,0,1,,0.0,0.0,,0,2,,0.0,0.0,,0,0,0,,,0,0,0,,,0,0,0,,,0,0,0,,,0,0,1,0.0,,0,0,0,,,0,0,0,,,0,0,0,,,True,EQUAL_WEIGHT_PP_SUM_NOT_YEN_NOT_CAPITAL,SINGLE_POSITIVE_R_MASS_PRIVATE;SINGLE_NEGATIVE_R_MASS_PRIVATE
C0111,WITHIN_R0_RANK_RISK_12BAND,D-FULL,q3,A,UNASSESSED,SESSION,2025-07-09,0,0,0,,0,0,0,0,0,0,0,0,0,0,0,0,0,0,0,0,0,0,0,0,0,0,0,0,0,0,0,,,0,0,,,0.0,,0,0,,,0.0,,0,0,,,0.0,,0,0,,,0.0,,0,0,1,0.0,,0,0,1,0.0,,0,0,1,0.0,,0,0,0,,,0,0,2,0.0,,0,0,2,0.0,,0,0,2,0.0,,0,0,0,,,True,EQUAL_WEIGHT_PP_SUM_NOT_YEN_NOT_CAPITAL,SINGLE_POSITIVE_R_MASS_PRIVATE;SINGLE_NEGATIVE_R_MASS_PRIVATE
C0111,WITHIN_R0_RANK_RISK_12BAND,D-FULL,q3,A,UNASSESSED,SESSION,2025-07-10,0,0,0,,0,0,0,0,0,0,0,0,0,0,0,0,0,0,0,0,0,0,0,0,0,0,0,0,0,0,0,,,0,0,,,0.0,,0,0,,,0.0,,0,0,,,0.0,,0,1,,0.0,0.0,,0,0,1,0.0,,0,0,0,,,0,0,0,,,0,0,0,,,0,0,2,0.0,,0,0,2,0.0,,0,0,0,,,0,0,0,,,True,EQUAL_WEIGHT_PP_SUM_NOT_YEN_NOT_CAPITAL,SINGLE_POSITIVE_R_MASS_PRIVATE;SINGLE_NEGATIVE_R_MASS_PRIVATE
C0111,WITHIN_R0_RANK_RISK_12BAND,D-FULL,q3,A,UNASSESSED,SESSION,2025-07-15,0,0,0,,0,0,0,0,0,0,0,0,0,0,0,0,0,0,0,0,0,0,0,0,0,0,0,0,0,0,0,,,0,0,,,0.0,,0,0,,,0.0,,0,0,,,0.0,,0,1,,0.0,0.0,,0,0,1,0.0,,0,0,1,0.0,,0,0,1,0.0,,0,0,1,0.0,,0,0,2,0.0,,0,0,1,0.0,,0,0,1,0.0,,0,0,1,0.0,,True,EQUAL_WEIGHT_PP_SUM_NOT_YEN_NOT_CAPITAL,SINGLE_POSITIVE_R_MASS_PRIVATE;SINGLE_NEGATIVE_R_MASS_PRIVATE
C0111,WITHIN_R0_RANK_RISK_12BAND,D-FULL,q3,A,UNASSESSED,SESSION,2025-07-16,0,0,0,,0,0,0,0,0,0,0,0,0,0,0,0,0,0,0,0,0,0,0,0,0,0,0,0,0,0,0,,,0,1,,0.0,0.0,,0,1,,0.0,0.0,,0,1,,0.0,0.0,,0,3,,0.0,0.0,,0,0,0,,,0,0,0,,,0,0,0,,,0,0,0,,,0,0,0,,,0,0,0,,,0,0,0,,,0,0,0,,,True,EQUAL_WEIGHT_PP_SUM_NOT_YEN_NOT_CAPITAL,SINGLE_POSITIVE_R_MASS_PRIVATE;SINGLE_NEGATIVE_R_MASS_PRIVATE
C0111,WITHIN_R0_RANK_RISK_12BAND,D-FULL,q3,A,UNASSESSED,SESSION,2025-07-17,0,0,0,,0,0,0,0,0,0,0,0,0,0,0,0,0,0,0,0,0,0,0,0,0,0,0,0,0,0,0,,,0,0,,,0.0,,0,0,,,0.0,,0,0,,,0.0,,0,0,,,0.0,,0,0,0,,,0,0,0,,,0,0,0,,,0,0,0,,,0,0,0,,,0,0,0,,,0,0,0,,,0,0,0,,,True,EQUAL_WEIGHT_PP_SUM_NOT_YEN_NOT_CAPITAL,SINGLE_POSITIVE_R_MASS_PRIVATE;SINGLE_NEGATIVE_R_MASS_PRIVATE
C0111,WITHIN_R0_RANK_RISK_12BAND,D-FULL,q3,A,UNASSESSED,SESSION,2025-07-18,0,0,0,,0,0,0,0,0,0,0,0,0,0,0,0,0,0,0,0,0,0,0,0,0,0,0,0,0,0,0,,,0,0,,,0.0,,0,0,,,0.0,,0,0,,,0.0,,0,3,,0.0,0.0,,0,0,1,0.0,,0,0,1,0.0,,0,0,1,0.0,,0,0,1,0.0,,0,0,3,0.0,,0,0,3,0.0,,0,0,1,0.0,,0,0,1,0.0,,True,EQUAL_WEIGHT_PP_SUM_NOT_YEN_NOT_CAPITAL,SINGLE_POSITIVE_R_MASS_PRIVATE;SINGLE_NEGATIVE_R_MASS_PRIVATE
C0111,WITHIN_R0_RANK_RISK_12BAND,D-FULL,q3,A,UNASSESSED,SESSION,2025-07-22,0,0,0,,0,0,0,0,0,0,0,0,0,0,0,0,0,0,0,0,0,0,0,0,0,0,0,0,0,0,0,,,0,0,,,0.0,,0,0,,,0.0,,0,2,,0.0,0.0,,0,4,,0.0,0.0,,0,0,0,,,0,0,0,,,0,0,0,,,0,0,0,,,0,0,1,0.0,,0,0,0,,,0,0,0,,,0,0,0,,,True,EQUAL_WEIGHT_PP_SUM_NOT_YEN_NOT_CAPITAL,SINGLE_POSITIVE_R_MASS_PRIVATE;SINGLE_NEGATIVE_R_MASS_PRIVATE
C0111,WITHIN_R0_RANK_RISK_12BAND,D-FULL,q3,A,UNASSESSED,SESSION,2025-07-23,0,0,0,,0,0,0,0,0,0,0,0,0,0,0,0,0,0,0,0,0,0,0,0,0,0,0,0,0,0,0,,,0,0,,,0.0,,0,2,,0.0,0.0,,0,2,,0.0,0.0,,0,5,,0.0,0.0,,0,0,2,0.0,,0,0,2,0.0,,0,0,1,0.0,,0,0,1,0.0,,0,0,4,0.0,,0,0,2,0.0,,0,0,2,0.0,,0,0,1,0.0,,True,EQUAL_WEIGHT_PP_SUM_NOT_YEN_NOT_CAPITAL,SINGLE_POSITIVE_R_MASS_PRIVATE;SINGLE_NEGATIVE_R_MASS_PRIVATE
C0111,WITHIN_R0_RANK_RISK_12BAND,D-FULL,q3,A,UNASSESSED,SESSION,2025-07-24,0,0,0,,0,0,0,0,0,0,0,0,0,0,0,0,0,0,0,0,0,0,0,0,0,0,0,0,0,0,0,,,0,0,,,0.0,,0,0,,,0.0,,0,0,,,0.0,,0,3,,0.0,0.0,,0,0,1,0.0,,0,0,1,0.0,,0,0,1,0.0,,0,0,1,0.0,,0,0,3,0.0,,0,0,2,0.0,,0,0,1,0.0,,0,0,1,0.0,,True,EQUAL_WEIGHT_PP_SUM_NOT_YEN_NOT_CAPITAL,SINGLE_POSITIVE_R_MASS_PRIVATE;SINGLE_NEGATIVE_R_MASS_PRIVATE
C0111,WITHIN_R0_RANK_RISK_12BAND,D-FULL,q3,A,UNASSESSED,SESSION,2025-07-25,0,0,0,,0,0,0,0,0,0,0,0,0,0,0,0,0,0,0,0,0,0,0,0,0,0,0,0,0,0,0,,,0,0,,,0.0,,0,0,,,0.0,,0,0,,,0.0,,0,3,,0.0,0.0,,0,0,1,0.0,,0,0,1,0.0,,0,0,1,0.0,,0,0,1,0.0,,0,0,2,0.0,,0,0,2,0.0,,0,0,1,0.0,,0,0,1,0.0,,True,EQUAL_WEIGHT_PP_SUM_NOT_YEN_NOT_CAPITAL,SINGLE_POSITIVE_R_MASS_PRIVATE;SINGLE_NEGATIVE_R_MASS_PRIVATE
C0111,WITHIN_R0_RANK_RISK_12BAND,D-FULL,q3,A,UNASSESSED,SESSION,2025-07-28,0,0,0,,0,0,0,0,0,0,0,0,0,0,0,0,0,0,0,0,0,0,0,0,0,0,0,0,0,0,0,,,0,0,,,0.0,,0,0,,,0.0,,0,0,,,0.0,,0,2,,0.0,0.0,,0,0,0,,,0,0,0,,,0,0,0,,,0,0,0,,,0,0,1,0.0,,0,0,1,0.0,,0,0,0,,,0,0,0,,,True,EQUAL_WEIGHT_PP_SUM_NOT_YEN_NOT_CAPITAL,SINGLE_POSITIVE_R_MASS_PRIVATE;SINGLE_NEGATIVE_R_MASS_PRIVATE
C0111,WITHIN_R0_RANK_RISK_12BAND,D-FULL,q3,A,UNASSESSED,SESSION,2025-07-29,0,0,0,,0,0,0,0,0,0,0,0,0,0,0,0,0,0,0,0,0,0,0,0,0,0,0,0,0,0,0,,,0,0,,,0.0,,0,0,,,0.0,,0,1,,0.0,0.0,,0,6,,0.0,0.0,,0,0,1,0.0,,0,0,0,,,0,0,0,,,0,0,0,,,0,0,2,0.0,,0,0,2,0.0,,0,0,0,,,0,0,0,,,True,EQUAL_WEIGHT_PP_SUM_NOT_YEN_NOT_CAPITAL,SINGLE_POSITIVE_R_MASS_PRIVATE;SINGLE_NEGATIVE_R_MASS_PRIVATE
C0111,WITHIN_R0_RANK_RISK_12BAND,D-FULL,q3,A,UNASSESSED,SESSION,2025-07-30,0,0,0,,0,0,0,0,0,0,0,0,0,0,0,0,0,0,0,0,0,0,0,0,0,0,0,0,0,0,0,,,0,0,,,0.0,,0,0,,,0.0,,0,0,,,0.0,,0,5,,0.0,0.0,,0,0,0,,,0,0,0,,,0,0,0,,,0,0,0,,,0,0,5,0.0,,0,0,4,0.0,,0,0,3,0.0,,0,0,2,0.0,,True,EQUAL_WEIGHT_PP_SUM_NOT_YEN_NOT_CAPITAL,SINGLE_POSITIVE_R_MASS_PRIVATE;SINGLE_NEGATIVE_R_MASS_PRIVATE
C0111,WITHIN_R0_RANK_RISK_12BAND,D-FULL,q3,A,UNASSESSED,SESSION,2025-07-31,0,0,0,,0,0,0,0,0,0,0,0,0,0,0,0,0,0,0,0,0,0,0,0,0,0,0,0,0,0,0,,,0,0,,,0.0,,0,0,,,0.0,,0,0,,,0.0,,0,2,,0.0,0.0,,0,0,0,,,0,0,0,,,0,0,0,,,0,0,0,,,0,0,1,0.0,,0,0,1,0.0,,0,0,1,0.0,,0,0,1,0.0,,True,EQUAL_WEIGHT_PP_SUM_NOT_YEN_NOT_CAPITAL,SINGLE_POSITIVE_R_MASS_PRIVATE;SINGLE_NEGATIVE_R_MASS_PRIVATE
C0111,WITHIN_R0_RANK_RISK_12BAND,D-FULL,q3,A,UNASSESSED,SESSION,2025-08-01,0,0,0,,0,0,0,0,0,0,0,0,0,0,0,0,0,0,0,0,0,0,0,0,0,0,0,0,0,0,0,,,0,0,,,0.0,,0,0,,,0.0,,0,0,,,0.0,,0,0,,,0.0,,0,0,0,,,0,0,0,,,0,0,0,,,0,0,0,,,0,0,1,0.0,,0,0,1,0.0,,0,0,0,,,0,0,0,,,True,EQUAL_WEIGHT_PP_SUM_NOT_YEN_NOT_CAPITAL,SINGLE_POSITIVE_R_MASS_PRIVATE;SINGLE_NEGATIVE_R_MASS_PRIVATE
C0111,WITHIN_R0_RANK_RISK_12BAND,D-FULL,q3,A,UNASSESSED,SESSION,2025-08-04,0,0,0,,0,0,0,0,0,0,0,0,0,0,0,0,0,0,0,0,0,0,0,0,0,0,0,0,0,0,0,,,0,0,,,0.0,,0,0,,,0.0,,0,0,,,0.0,,0,0,,,0.0,,0,0,0,,,0,0,0,,,0,0,0,,,0,0,0,,,0,0,1,0.0,,0,0,1,0.0,,0,0,0,,,0,0,0,,,True,EQUAL_WEIGHT_PP_SUM_NOT_YEN_NOT_CAPITAL,SINGLE_POSITIVE_R_MASS_PRIVATE;SINGLE_NEGATIVE_R_MASS_PRIVATE
C0111,WITHIN_R0_RANK_RISK_12BAND,D-FULL,q3,A,UNASSESSED,SESSION,2025-08-05,0,0,0,,0,0,0,0,0,0,0,0,0,0,0,0,0,0,0,0,0,0,0,0,0,0,0,0,0,0,0,,,0,0,,,0.0,,0,0,,,0.0,,0,0,,,0.0,,0,2,,0.0,0.0,,0,0,1,0.0,,0,0,1,0.0,,0,0,0,,,0,0,0,,,0,0,2,0.0,,0,0,2,0.0,,0,0,1,0.0,,0,0,0,,,True,EQUAL_WEIGHT_PP_SUM_NOT_YEN_NOT_CAPITAL,SINGLE_POSITIVE_R_MASS_PRIVATE;SINGLE_NEGATIVE_R_MASS_PRIVATE
C0111,WITHIN_R0_RANK_RISK_12BAND,D-FULL,q3,A,UNASSESSED,SESSION,2025-08-06,0,0,0,,0,0,0,0,0,0,0,0,0,0,0,0,0,0,0,0,0,0,0,0,0,0,0,0,0,0,0,,,0,0,,,0.0,,0,0,,,0.0,,0,0,,,0.0,,0,3,,0.0,0.0,,0,0,0,,,0,0,0,,,0,0,0,,,0,0,0,,,0,0,4,0.0,,0,0,3,0.0,,0,0,2,0.0,,0,0,1,0.0,,True,EQUAL_WEIGHT_PP_SUM_NOT_YEN_NOT_CAPITAL,SINGLE_POSITIVE_R_MASS_PRIVATE;SINGLE_NEGATIVE_R_MASS_PRIVATE
C0111,WITHIN_R0_RANK_RISK_12BAND,D-FULL,q3,A,UNASSESSED,SESSION,2025-08-07,0,0,0,,0,0,0,0,0,0,0,0,0,0,0,0,0,0,0,0,0,0,0,0,0,0,0,0,0,0,0,,,0,0,,,0.0,,0,0,,,0.0,,0,0,,,0.0,,0,1,,0.0,0.0,,0,0,1,0.0,,0,0,1,0.0,,0,0,1,0.0,,0,0,0,,,0,0,2,0.0,,0,0,1,0.0,,0,0,1,0.0,,0,0,0,,,True,EQUAL_WEIGHT_PP_SUM_NOT_YEN_NOT_CAPITAL,SINGLE_POSITIVE_R_MASS_PRIVATE;SINGLE_NEGATIVE_R_MASS_PRIVATE
C0111,WITHIN_R0_RANK_RISK_12BAND,D-FULL,q3,A,UNASSESSED,SESSION,2025-08-08,0,0,0,,0,0,0,0,0,0,0,0,0,0,0,0,0,0,0,0,0,0,0,0,0,0,0,0,0,0,0,,,0,0,,,0.0,,0,0,,,0.0,,0,0,,,0.0,,0,2,,0.0,0.0,,0,0,1,0.0,,0,0,1,0.0,,0,0,1,0.0,,0,0,1,0.0,,0,0,3,0.0,,0,0,1,0.0,,0,0,1,0.0,,0,0,0,,,True,EQUAL_WEIGHT_PP_SUM_NOT_YEN_NOT_CAPITAL,SINGLE_POSITIVE_R_MASS_PRIVATE;SINGLE_NEGATIVE_R_MASS_PRIVATE
C0111,WITHIN_R0_RANK_RISK_12BAND,D-FULL,q3,A,UNASSESSED,SESSION,2025-08-12,0,0,0,,0,0,0,0,0,0,0,0,0,0,0,0,0,0,0,0,0,0,0,0,0,0,0,0,0,0,0,,,0,1,,0.0,0.0,,0,1,,0.0,0.0,,0,2,,0.0,0.0,,0,5,,0.0,0.0,,0,0,0,,,0,0,0,,,0,0,0,,,0,0,0,,,0,0,3,0.0,,0,0,3,0.0,,0,0,3,0.0,,0,0,0,,,True,EQUAL_WEIGHT_PP_SUM_NOT_YEN_NOT_CAPITAL,SINGLE_POSITIVE_R_MASS_PRIVATE;SINGLE_NEGATIVE_R_MASS_PRIVATE
C0111,WITHIN_R0_RANK_RISK_12BAND,D-FULL,q3,A,UNASSESSED,SESSION,2025-08-13,0,0,0,,0,0,0,0,0,0,0,0,0,0,0,0,0,0,0,0,0,0,0,0,0,0,0,0,0,0,0,,,0,0,,,0.0,,0,0,,,0.0,,0,0,,,0.0,,0,2,,0.0,0.0,,0,0,0,,,0,0,0,,,0,0,0,,,0,0,0,,,0,0,1,0.0,,0,0,1,0.0,,0,0,1,0.0,,0,0,0,,,True,EQUAL_WEIGHT_PP_SUM_NOT_YEN_NOT_CAPITAL,SINGLE_POSITIVE_R_MASS_PRIVATE;SINGLE_NEGATIVE_R_MASS_PRIVATE
C0111,WITHIN_R0_RANK_RISK_12BAND,D-FULL,q3,A,UNASSESSED,SESSION,2025-08-14,0,0,0,,0,0,0,0,0,0,0,0,0,0,0,0,0,0,0,0,0,0,0,0,0,0,0,0,0,0,0,,,0,0,,,0.0,,0,0,,,0.0,,0,1,,0.0,0.0,,0,2,,0.0,0.0,,0,0,1,0.0,,0,0,1,0.0,,0,0,1,0.0,,0,0,1,0.0,,0,0,1,0.0,,0,0,1,0.0,,0,0,1,0.0,,0,0,1,0.0,,True,EQUAL_WEIGHT_PP_SUM_NOT_YEN_NOT_CAPITAL,SINGLE_POSITIVE_R_MASS_PRIVATE;SINGLE_NEGATIVE_R_MASS_PRIVATE
C0111,WITHIN_R0_RANK_RISK_12BAND,D-FULL,q3,A,UNASSESSED,SESSION,2025-08-15,0,0,0,,0,0,0,0,0,0,0,0,0,0,0,0,0,0,0,0,0,0,0,0,0,0,0,0,0,0,0,,,0,0,,,0.0,,0,1,,0.0,0.0,,0,1,,0.0,0.0,,0,2,,0.0,0.0,,0,0,1,0.0,,0,0,1,0.0,,0,0,1,0.0,,0,0,1,0.0,,0,0,3,0.0,,0,0,3,0.0,,0,0,1,0.0,,0,0,1,0.0,,True,EQUAL_WEIGHT_PP_SUM_NOT_YEN_NOT_CAPITAL,SINGLE_POSITIVE_R_MASS_PRIVATE;SINGLE_NEGATIVE_R_MASS_PRIVATE
C0111,WITHIN_R0_RANK_RISK_12BAND,D-FULL,q3,A,UNASSESSED,SESSION,2025-08-18,0,0,0,,0,0,0,0,0,0,0,0,0,0,0,0,0,0,0,0,0,0,0,0,0,0,0,0,0,0,0,,,0,0,,,0.0,,0,0,,,0.0,,0,1,,0.0,0.0,,0,1,,0.0,0.0,,0,0,2,0.0,,0,0,2,0.0,,0,0,2,0.0,,0,0,2,0.0,,0,0,2,0.0,,0,0,2,0.0,,0,0,2,0.0,,0,0,2,0.0,,True,EQUAL_WEIGHT_PP_SUM_NOT_YEN_NOT_CAPITAL,SINGLE_POSITIVE_R_MASS_PRIVATE;SINGLE_NEGATIVE_R_MASS_PRIVATE
C0111,WITHIN_R0_RANK_RISK_12BAND,D-FULL,q3,A,UNASSESSED,SESSION,2025-08-19,0,0,0,,0,0,0,0,0,0,0,0,0,0,0,0,0,0,0,0,0,0,0,0,0,0,0,0,0,0,0,,,0,0,,,0.0,,0,0,,,0.0,,0,0,,,0.0,,0,2,,0.0,0.0,,0,0,1,0.0,,0,0,1,0.0,,0,0,1,0.0,,0,0,1,0.0,,0,0,3,0.0,,0,0,3,0.0,,0,0,3,0.0,,0,0,1,0.0,,True,EQUAL_WEIGHT_PP_SUM_NOT_YEN_NOT_CAPITAL,SINGLE_POSITIVE_R_MASS_PRIVATE;SINGLE_NEGATIVE_R_MASS_PRIVATE
C0111,WITHIN_R0_RANK_RISK_12BAND,D-FULL,q3,A,UNASSESSED,SESSION,2025-08-20,0,0,0,,0,0,0,0,0,0,0,0,0,0,0,0,0,0,0,0,0,0,0,0,0,0,0,0,0,0,0,,,0,0,,,0.0,,0,1,,0.0,0.0,,0,1,,0.0,0.0,,0,4,,0.0,0.0,,0,0,2,0.0,,0,0,2,0.0,,0,0,1,0.0,,0,0,0,,,0,0,5,0.0,,0,0,5,0.0,,0,0,4,0.0,,0,0,0,,,True,EQUAL_WEIGHT_PP_SUM_NOT_YEN_NOT_CAPITAL,SINGLE_POSITIVE_R_MASS_PRIVATE;SINGLE_NEGATIVE_R_MASS_PRIVATE
C0111,WITHIN_R0_RANK_RISK_12BAND,D-FULL,q3,A,UNASSESSED,SESSION,2025-08-21,0,0,0,,0,0,0,0,0,0,0,0,0,0,0,0,0,0,0,0,0,0,0,0,0,0,0,0,0,0,0,,,0,0,,,0.0,,0,1,,0.0,0.0,,0,1,,0.0,0.0,,0,2,,0.0,0.0,,0,0,1,0.0,,0,0,0,,,0,0,0,,,0,0,0,,,0,0,5,0.0,,0,0,3,0.0,,0,0,1,0.0,,0,0,0,,,True,EQUAL_WEIGHT_PP_SUM_NOT_YEN_NOT_CAPITAL,SINGLE_POSITIVE_R_MASS_PRIVATE;SINGLE_NEGATIVE_R_MASS_PRIVATE
C0111,WITHIN_R0_RANK_RISK_12BAND,D-FULL,q3,A,UNASSESSED,SESSION,2025-08-22,0,0,0,,0,0,0,0,0,0,0,0,0,0,0,0,0,0,0,0,0,0,0,0,0,0,0,0,0,0,0,,,0,0,,,0.0,,0,2,,0.0,0.0,,0,2,,0.0,0.0,,0,4,,0.0,0.0,,0,0,1,0.0,,0,0,1,0.0,,0,0,1,0.0,,0,0,1,0.0,,0,0,2,0.0,,0,0,2,0.0,,0,0,2,0.0,,0,0,0,,,True,EQUAL_WEIGHT_PP_SUM_NOT_YEN_NOT_CAPITAL,SINGLE_POSITIVE_R_MASS_PRIVATE;SINGLE_NEGATIVE_R_MASS_PRIVATE
C0111,WITHIN_R0_RANK_RISK_12BAND,D-FULL,q3,A,UNASSESSED,SESSION,2025-08-25,0,0,0,,0,0,0,0,0,0,0,0,0,0,0,0,0,0,0,0,0,0,0,0,0,0,0,0,0,0,0,,,0,0,,,0.0,,0,0,,,0.0,,0,0,,,0.0,,0,3,,0.0,0.0,,0,0,1,0.0,,0,0,1,0.0,,0,0,1,0.0,,0,0,1,0.0,,0,0,3,0.0,,0,0,3,0.0,,0,0,3,0.0,,0,0,2,0.0,,True,EQUAL_WEIGHT_PP_SUM_NOT_YEN_NOT_CAPITAL,SINGLE_POSITIVE_R_MASS_PRIVATE;SINGLE_NEGATIVE_R_MASS_PRIVATE
C0111,WITHIN_R0_RANK_RISK_12BAND,D-FULL,q3,A,UNASSESSED,RANK,S,0,0,0,,0,0,0,0,0,0,0,0,0,0,0,0,0,0,0,0,0,0,0,0,0,0,0,0,0,0,0,,,0,0,,,0.0,,0,0,,,0.0,,0,0,,,0.0,,0,0,,,0.0,,0,0,0,,,0,0,0,,,0,0,0,,,0,0,0,,,0,0,0,,,0,0,0,,,0,0,0,,,0,0,0,,,True,EQUAL_WEIGHT_PP_SUM_NOT_YEN_NOT_CAPITAL,SINGLE_POSITIVE_R_MASS_PRIVATE;SINGLE_NEGATIVE_R_MASS_PRIVATE
C0111,WITHIN_R0_RANK_RISK_12BAND,D-FULL,q3,A,UNASSESSED,RANK,A,0,0,0,,0,0,0,0,0,0,0,0,0,0,0,0,0,0,0,0,0,0,0,0,0,0,0,0,0,0,0,,,0,2,,0.0,0.0,,0,11,,0.0,0.0,,0,21,,0.0,0.0,,0,93,,0.0,0.0,,0,0,28,0.0,,0,0,23,0.0,,0,0,19,0.0,,0,0,16,0.0,,0,0,86,0.0,,0,0,69,0.0,,0,0,47,0.0,,0,0,23,0.0,,True,EQUAL_WEIGHT_PP_SUM_NOT_YEN_NOT_CAPITAL,SINGLE_POSITIVE_R_MASS_PRIVATE;SINGLE_NEGATIVE_R_MASS_PRIVATE
C0111,WITHIN_R0_RANK_RISK_12BAND,D-FULL,q3,A,UNASSESSED,RANK,B,0,0,0,,0,0,0,0,0,0,0,0,0,0,0,0,0,0,0,0,0,0,0,0,0,0,0,0,0,0,0,,,0,0,,,0.0,,0,0,,,0.0,,0,0,,,0.0,,0,0,,,0.0,,0,0,0,,,0,0,0,,,0,0,0,,,0,0,0,,,0,0,0,,,0,0,0,,,0,0,0,,,0,0,0,,,True,EQUAL_WEIGHT_PP_SUM_NOT_YEN_NOT_CAPITAL,SINGLE_POSITIVE_R_MASS_PRIVATE;SINGLE_NEGATIVE_R_MASS_PRIVATE
C0111,WITHIN_R0_RANK_RISK_12BAND,D-FULL,q3,A,UNASSESSED,RANK,C,0,0,0,,0,0,0,0,0,0,0,0,0,0,0,0,0,0,0,0,0,0,0,0,0,0,0,0,0,0,0,,,0,0,,,0.0,,0,0,,,0.0,,0,0,,,0.0,,0,0,,,0.0,,0,0,0,,,0,0,0,,,0,0,0,,,0,0,0,,,0,0,0,,,0,0,0,,,0,0,0,,,0,0,0,,,True,EQUAL_WEIGHT_PP_SUM_NOT_YEN_NOT_CAPITAL,SINGLE_POSITIVE_R_MASS_PRIVATE;SINGLE_NEGATIVE_R_MASS_PRIVATE
C0111,WITHIN_R0_RANK_RISK_12BAND,D-FULL,q3,A,UNASSESSED,EXECUTION_ELIGIBLE,TRUE,0,0,0,,0,0,0,0,0,0,0,0,0,0,0,0,0,0,0,0,0,0,0,0,0,0,0,0,0,0,0,,,0,2,,0.0,0.0,,0,11,,0.0,0.0,,0,21,,0.0,0.0,,0,93,,0.0,0.0,,0,0,28,0.0,,0,0,23,0.0,,0,0,19,0.0,,0,0,16,0.0,,0,0,86,0.0,,0,0,69,0.0,,0,0,47,0.0,,0,0,23,0.0,,True,EQUAL_WEIGHT_PP_SUM_NOT_YEN_NOT_CAPITAL,SINGLE_POSITIVE_R_MASS_PRIVATE;SINGLE_NEGATIVE_R_MASS_PRIVATE
C0111,WITHIN_R0_RANK_RISK_12BAND,D-FULL,q3,A,UNASSESSED,R0_PASS,SAB,0,0,0,,0,0,0,0,0,0,0,0,0,0,0,0,0,0,0,0,0,0,0,0,0,0,0,0,0,0,0,,,0,2,,0.0,0.0,,0,11,,0.0,0.0,,0,21,,0.0,0.0,,0,93,,0.0,0.0,,0,0,28,0.0,,0,0,23,0.0,,0,0,19,0.0,,0,0,16,0.0,,0,0,86,0.0,,0,0,69,0.0,,0,0,47,0.0,,0,0,23,0.0,,True,EQUAL_WEIGHT_PP_SUM_NOT_YEN_NOT_CAPITAL,SINGLE_POSITIVE_R_MASS_PRIVATE;SINGLE_NEGATIVE_R_MASS_PRIVATE
C0111,WITHIN_R0_RANK_RISK_12BAND,D-FULL,q3,A,UNASSESSED,E0_FUNDED,SAVED,0,0,0,,0,0,0,0,0,0,0,0,0,0,0,0,0,0,0,0,0,0,0,0,0,0,0,0,0,0,0,,,0,1,,0.0,0.0,,0,9,,0.0,0.0,,0,18,,0.0,0.0,,0,78,,0.0,0.0,,0,0,23,0.0,,0,0,19,0.0,,0,0,16,0.0,,0,0,13,0.0,,0,0,74,0.0,,0,0,61,0.0,,0,0,41,0.0,,0,0,20,0.0,,True,EQUAL_WEIGHT_PP_SUM_NOT_YEN_NOT_CAPITAL,SINGLE_POSITIVE_R_MASS_PRIVATE;SINGLE_NEGATIVE_R_MASS_PRIVATE
C0112,WITHIN_R0_RANK_RISK_12BAND,D-FULL,q3,B,HIGH_RISK_20,ALL,ALL,62,62,0,1.0,25,37,0,6,1,1,2,4,11,15,5,5,3,3,6,0,0,14,22,10,17,8,12,7,9,6,6,71.0275998385999,89.44232820878192,6,12,0.0967741935483871,0.5,2.501563107958457,2.3985003540033185,12,28,0.1935483870967742,0.42857142857142855,5.854613749962587,2.0496655308946186,17,55,0.27419354838709675,0.3090909090909091,11.504316896177361,1.4777061648613605,37,168,0.5967741935483871,0.22023809523809523,35.32584226479575,1.0473918703099867,10,62,36,0.2777777777777778,0.16129032258064516,8,62,25,0.32,0.12903225806451613,7,62,14,0.5,0.11290322580645161,6,62,11,0.5454545454545454,0.0967741935483871,37,62,147,0.25170068027210885,0.5967741935483871,22,62,95,0.23157894736842105,0.3548387096774194,13,62,54,0.24074074074074073,0.20967741935483872,5,62,18,0.2777777777777778,0.08064516129032258,False,EQUAL_WEIGHT_PP_SUM_NOT_YEN_NOT_CAPITAL,
C0112,WITHIN_R0_RANK_RISK_12BAND,D-FULL,q3,B,HIGH_RISK_20,BLOCK,1,5,5,0,1.0,3,2,0,1,0,0,0,0,2,1,0,0,0,1,0,0,0,1,1,1,1,1,1,1,1,1,0,9.104041777362621,5.036537115283226,0,1,0.0,0.0,0.20833333333333334,0.0,1,3,0.2,0.3333333333333333,0.625,1.6,1,5,0.2,0.2,1.0416666666666667,0.96,2,17,0.4,0.11764705882352941,3.5416666666666665,0.5647058823529412,1,5,1,1.0,0.2,1,5,1,1.0,0.2,1,5,1,1.0,0.2,1,5,1,1.0,0.2,4,5,11,0.36363636363636365,0.8,2,5,8,0.25,0.4,2,5,5,0.4,0.4,0,5,1,0.0,0.0,True,EQUAL_WEIGHT_PP_SUM_NOT_YEN_NOT_CAPITAL,
C0112,WITHIN_R0_RANK_RISK_12BAND,D-FULL,q3,B,HIGH_RISK_20,BLOCK,2,7,7,0,1.0,4,3,0,1,0,0,1,0,2,3,0,0,0,0,0,0,0,2,0,2,0,1,0,1,0,1,0,11.682245479925212,0.9614658802749438,0,0,0.0,,0.0,,0,0,0.0,,0.0,,0,1,0.0,0.0,0.21212121212121213,0.0,3,17,0.42857142857142855,0.17647058823529413,3.606060606060606,0.8319327731092437,2,7,5,0.4,0.2857142857142857,1,7,4,0.25,0.14285714285714285,1,7,3,0.3333333333333333,0.14285714285714285,1,7,2,0.5,0.14285714285714285,4,7,18,0.2222222222222222,0.5714285714285714,3,7,13,0.23076923076923078,0.42857142857142855,1,7,8,0.125,0.14285714285714285,1,7,2,0.5,0.14285714285714285,True,EQUAL_WEIGHT_PP_SUM_NOT_YEN_NOT_CAPITAL,
C0112,WITHIN_R0_RANK_RISK_12BAND,D-FULL,q3,B,HIGH_RISK_20,BLOCK,3,9,9,0,1.0,5,4,0,0,0,0,0,2,3,1,0,2,0,0,1,0,0,2,3,0,3,0,1,0,1,0,1,2.8599476798332795,10.704622389380193,1,1,0.1111111111111111,1.0,0.21428571428571427,4.666666666666667,1,2,0.1111111111111111,0.5,0.42857142857142855,2.3333333333333335,3,7,0.3333333333333333,0.42857142857142855,1.5,2.0,4,25,0.4444444444444444,0.16,5.357142857142857,0.7466666666666667,0,9,3,0.0,0.0,0,9,1,0.0,0.0,0,9,1,0.0,0.0,0,9,1,0.0,0.0,6,9,16,0.375,0.6666666666666666,3,9,9,0.3333333333333333,0.3333333333333333,2,9,5,0.4,0.2222222222222222,1,9,2,0.5,0.1111111111111111,True,EQUAL_WEIGHT_PP_SUM_NOT_YEN_NOT_CAPITAL,
C0112,WITHIN_R0_RANK_RISK_12BAND,D-FULL,q3,B,HIGH_RISK_20,BLOCK,4,8,8,0,1.0,2,6,0,1,0,0,0,0,1,3,2,0,0,1,0,0,0,1,3,1,1,1,1,1,1,1,0,8.685188671907737,9.451348302021376,0,2,0.0,0.0,0.43243243243243246,0.0,1,5,0.125,0.2,1.0810810810810811,0.925,1,7,0.125,0.14285714285714285,1.5135135135135136,0.6607142857142857,6,24,0.75,0.25,5.1891891891891895,1.15625,1,8,3,0.3333333333333333,0.125,1,8,2,0.5,0.125,1,8,1,1.0,0.125,1,8,1,1.0,0.125,5,8,18,0.2777777777777778,0.625,3,8,10,0.3,0.375,1,8,5,0.2,0.125,1,8,3,0.3333333333333333,0.125,True,EQUAL_WEIGHT_PP_SUM_NOT_YEN_NOT_CAPITAL,
C0112,WITHIN_R0_RANK_RISK_12BAND,D-FULL,q3,B,HIGH_RISK_20,BLOCK,5,9,9,0,1.0,4,5,0,0,0,0,1,1,2,0,1,0,2,0,2,0,0,2,5,1,4,0,4,0,2,0,2,5.267587707451969,19.652387127203824,2,2,0.2222222222222222,1.0,0.4186046511627907,4.777777777777778,4,7,0.4444444444444444,0.5714285714285714,1.4651162790697674,2.7301587301587302,4,13,0.4444444444444444,0.3076923076923077,2.7209302325581395,1.4700854700854702,5,27,0.5555555555555556,0.18518518518518517,5.651162790697675,0.8847736625514403,1,9,4,0.25,0.1111111111111111,0,9,2,0.0,0.0,0,9,0,,0.0,0,9,0,,0.0,5,9,20,0.25,0.5555555555555556,4,9,14,0.2857142857142857,0.4444444444444444,1,9,7,0.14285714285714285,0.1111111111111111,0,9,1,0.0,0.0,True,EQUAL_WEIGHT_PP_SUM_NOT_YEN_NOT_CAPITAL,
C0112,WITHIN_R0_RANK_RISK_12BAND,D-FULL,q3,B,HIGH_RISK_20,BLOCK,6,9,9,0,1.0,2,7,0,1,0,0,0,1,0,4,1,1,0,0,1,0,0,2,3,1,2,1,1,1,1,1,1,14.698912407471846,17.152605348355255,1,3,0.1111111111111111,0.3333333333333333,0.627906976744186,1.5925925925925926,1,5,0.1111111111111111,0.2,1.0465116279069768,0.9555555555555556,2,8,0.2222222222222222,0.25,1.6744186046511629,1.1944444444444444,7,23,0.7777777777777778,0.30434782608695654,4.813953488372093,1.4541062801932367,1,9,4,0.25,0.1111111111111111,1,9,3,0.3333333333333333,0.1111111111111111,1,9,3,0.3333333333333333,0.1111111111111111,1,9,3,0.3333333333333333,0.1111111111111111,6,9,20,0.3,0.6666666666666666,3,9,12,0.25,0.3333333333333333,2,9,6,0.3333333333333333,0.2222222222222222,1,9,2,0.5,0.1111111111111111,True,EQUAL_WEIGHT_PP_SUM_NOT_YEN_NOT_CAPITAL,
C0112,WITHIN_R0_RANK_RISK_12BAND,D-FULL,q3,B,HIGH_RISK_20,BLOCK,7,10,10,0,1.0,4,6,0,1,1,1,0,0,1,3,1,1,0,1,0,0,0,3,3,3,2,3,1,2,1,1,0,13.380532504634065,8.892774651410464,0,0,0.0,,0.0,,1,1,0.1,1.0,0.20833333333333334,4.8,2,5,0.2,0.4,1.0416666666666667,1.92,6,20,0.6,0.3,4.166666666666667,1.44,3,10,12,0.25,0.3,3,10,9,0.3333333333333333,0.3,2,10,4,0.5,0.2,1,10,2,0.5,0.1,5,10,30,0.16666666666666666,0.5,3,10,20,0.15,0.3,3,10,14,0.21428571428571427,0.3,0,10,4,0.0,0.0,False,EQUAL_WEIGHT_PP_SUM_NOT_YEN_NOT_CAPITAL,
C0112,WITHIN_R0_RANK_RISK_12BAND,D-FULL,q3,B,HIGH_RISK_20,BLOCK,8,5,5,0,1.0,1,4,0,1,0,0,0,0,0,0,0,1,1,0,2,0,0,1,4,1,4,1,3,1,2,1,2,,17.590587394852637,2,3,0.4,0.6666666666666666,0.6,3.3333333333333335,3,5,0.6,0.6,1.0,3.0,4,9,0.8,0.4444444444444444,1.8,2.2222222222222223,4,15,0.8,0.26666666666666666,3.0,1.3333333333333333,1,5,4,0.25,0.2,1,5,3,0.3333333333333333,0.2,1,5,1,1.0,0.2,1,5,1,1.0,0.2,2,5,14,0.14285714285714285,0.4,1,5,9,0.1111111111111111,0.2,1,5,4,0.25,0.2,1,5,3,0.3333333333333333,0.2,True,EQUAL_WEIGHT_PP_SUM_NOT_YEN_NOT_CAPITAL,SINGLE_POSITIVE_R_MASS_PRIVATE
C0112,WITHIN_R0_RANK_RISK_12BAND,D-FULL,q3,B,HIGH_RISK_20,SESSION,2025-06-27,2,2,0,1.0,2,0,0,1,0,0,0,0,1,0,0,0,0,0,0,0,0,1,0,1,0,1,0,1,0,1,0,8.759002715601742,,0,0,0.0,,0.0,,0,1,0.0,0.0,0.3333333333333333,0.0,0,1,0.0,0.0,0.3333333333333333,0.0,0,3,0.0,0.0,1.0,0.0,1,2,1,1.0,0.5,1,2,1,1.0,0.5,1,2,1,1.0,0.5,1,2,1,1.0,0.5,2,2,4,0.5,1.0,1,2,3,0.3333333333333333,0.5,1,2,2,0.5,0.5,0,2,0,,0.0,True,EQUAL_WEIGHT_PP_SUM_NOT_YEN_NOT_CAPITAL,SINGLE_NEGATIVE_R_MASS_PRIVATE
C0112,WITHIN_R0_RANK_RISK_12BAND,D-FULL,q3,B,HIGH_RISK_20,SESSION,2025-06-30,1,1,0,1.0,0,1,0,0,0,0,0,0,0,0,0,0,0,1,0,0,0,0,1,0,1,0,1,0,1,0,0,,,0,0,0.0,,0.0,,1,1,1.0,1.0,0.25,4.0,1,3,1.0,0.3333333333333333,0.75,1.3333333333333333,1,4,1.0,0.25,1.0,1.0,0,1,0,,0.0,0,1,0,,0.0,0,1,0,,0.0,0,1,0,,0.0,1,1,1,1.0,1.0,1,1,1,1.0,1.0,1,1,1,1.0,1.0,0,1,0,,0.0,True,EQUAL_WEIGHT_PP_SUM_NOT_YEN_NOT_CAPITAL,SINGLE_POSITIVE_R_MASS_PRIVATE;SINGLE_NEGATIVE_R_MASS_PRIVATE
C0112,WITHIN_R0_RANK_RISK_12BAND,D-FULL,q3,B,HIGH_RISK_20,SESSION,2025-07-01,0,0,0,,0,0,0,0,0,0,0,0,0,0,0,0,0,0,0,0,0,0,0,0,0,0,0,0,0,0,0,,,0,0,,,0.0,,0,0,,,0.0,,0,0,,,0.0,,0,2,,0.0,0.0,,0,0,0,,,0,0,0,,,0,0,0,,,0,0,0,,,0,0,1,0.0,,0,0,1,0.0,,0,0,0,,,0,0,0,,,True,EQUAL_WEIGHT_PP_SUM_NOT_YEN_NOT_CAPITAL,SINGLE_POSITIVE_R_MASS_PRIVATE;SINGLE_NEGATIVE_R_MASS_PRIVATE
C0112,WITHIN_R0_RANK_RISK_12BAND,D-FULL,q3,B,HIGH_RISK_20,SESSION,2025-07-02,2,2,0,1.0,1,1,0,0,0,0,0,0,1,1,0,0,0,0,0,0,0,0,0,0,0,0,0,0,0,0,0,,,0,1,0.0,0.0,0.18181818181818182,0.0,0,1,0.0,0.0,0.18181818181818182,0.0,0,1,0.0,0.0,0.18181818181818182,0.0,1,8,0.5,0.125,1.4545454545454546,0.6875,0,2,0,,0.0,0,2,0,,0.0,0,2,0,,0.0,0,2,0,,0.0,1,2,5,0.2,0.5,0,2,3,0.0,0.0,0,2,2,0.0,0.0,0,2,1,0.0,0.0,True,EQUAL_WEIGHT_PP_SUM_NOT_YEN_NOT_CAPITAL,SINGLE_POSITIVE_R_MASS_PRIVATE;SINGLE_NEGATIVE_R_MASS_PRIVATE
C0112,WITHIN_R0_RANK_RISK_12BAND,D-FULL,q3,B,HIGH_RISK_20,SESSION,2025-07-03,0,0,0,,0,0,0,0,0,0,0,0,0,0,0,0,0,0,0,0,0,0,0,0,0,0,0,0,0,0,0,,,0,0,,,0.0,,0,0,,,0.0,,0,0,,,0.0,,0,0,,,0.0,,0,0,0,,,0,0,0,,,0,0,0,,,0,0,0,,,0,0,0,,,0,0,0,,,0,0,0,,,0,0,0,,,True,EQUAL_WEIGHT_PP_SUM_NOT_YEN_NOT_CAPITAL,SINGLE_POSITIVE_R_MASS_PRIVATE;SINGLE_NEGATIVE_R_MASS_PRIVATE
C0112,WITHIN_R0_RANK_RISK_12BAND,D-FULL,q3,B,HIGH_RISK_20,SESSION,2025-07-04,0,0,0,,0,0,0,0,0,0,0,0,0,0,0,0,0,0,0,0,0,0,0,0,0,0,0,0,0,0,0,,,0,0,,,0.0,,0,0,,,0.0,,0,1,,0.0,0.0,,0,4,,0.0,0.0,,0,0,1,0.0,,0,0,1,0.0,,0,0,1,0.0,,0,0,0,,,0,0,5,0.0,,0,0,4,0.0,,0,0,2,0.0,,0,0,0,,,True,EQUAL_WEIGHT_PP_SUM_NOT_YEN_NOT_CAPITAL,SINGLE_POSITIVE_R_MASS_PRIVATE;SINGLE_NEGATIVE_R_MASS_PRIVATE
C0112,WITHIN_R0_RANK_RISK_12BAND,D-FULL,q3,B,HIGH_RISK_20,SESSION,2025-07-07,1,1,0,1.0,1,0,0,0,0,0,0,0,1,0,0,0,0,0,0,0,0,0,0,0,0,0,0,0,0,0,0,,,0,0,0.0,,0.0,,0,0,0.0,,0.0,,0,0,0.0,,0.0,,0,5,0.0,0.0,0.5555555555555556,0.0,0,1,0,,0.0,0,1,0,,0.0,0,1,0,,0.0,0,1,0,,0.0,0,1,5,0.0,0.0,0,1,2,0.0,0.0,0,1,1,0.0,0.0,0,1,1,0.0,0.0,True,EQUAL_WEIGHT_PP_SUM_NOT_YEN_NOT_CAPITAL,SINGLE_POSITIVE_R_MASS_PRIVATE;SINGLE_NEGATIVE_R_MASS_PRIVATE
C0112,WITHIN_R0_RANK_RISK_12BAND,D-FULL,q3,B,HIGH_RISK_20,SESSION,2025-07-08,3,3,0,1.0,2,1,0,1,0,0,1,0,0,1,0,0,0,0,0,0,0,2,0,2,0,1,0,1,0,1,0,11.074286377173603,,0,0,0.0,,0.0,,0,0,0.0,,0.0,,0,0,0.0,,0.0,,1,2,0.3333333333333333,0.5,1.2,0.8333333333333334,2,3,2,1.0,0.6666666666666666,1,3,1,1.0,0.3333333333333333,1,3,1,1.0,0.3333333333333333,1,3,1,1.0,0.3333333333333333,2,3,3,0.6666666666666666,0.6666666666666666,2,3,3,0.6666666666666666,0.6666666666666666,1,3,2,0.5,0.3333333333333333,1,3,1,1.0,0.3333333333333333,True,EQUAL_WEIGHT_PP_SUM_NOT_YEN_NOT_CAPITAL,SINGLE_NEGATIVE_R_MASS_PRIVATE
C0112,WITHIN_R0_RANK_RISK_12BAND,D-FULL,q3,B,HIGH_RISK_20,SESSION,2025-07-09,2,2,0,1.0,1,1,0,0,0,0,0,0,1,1,0,0,0,0,0,0,0,0,0,0,0,0,0,0,0,0,0,,,0,0,0.0,,0.0,,0,0,0.0,,0.0,,0,0,0.0,,0.0,,1,2,0.5,0.5,0.8,1.25,0,2,1,0.0,0.0,0,2,1,0.0,0.0,0,2,1,0.0,0.0,0,2,1,0.0,0.0,2,2,3,0.6666666666666666,1.0,1,2,2,0.5,0.5,0,2,1,0.0,0.0,0,2,0,,0.0,True,EQUAL_WEIGHT_PP_SUM_NOT_YEN_NOT_CAPITAL,SINGLE_POSITIVE_R_MASS_PRIVATE;SINGLE_NEGATIVE_R_MASS_PRIVATE
C0112,WITHIN_R0_RANK_RISK_12BAND,D-FULL,q3,B,HIGH_RISK_20,SESSION,2025-07-10,1,1,0,1.0,0,1,0,0,0,0,0,0,0,1,0,0,0,0,0,0,0,0,0,0,0,0,0,0,0,0,0,,,0,0,0.0,,0.0,,0,0,0.0,,0.0,,0,0,0.0,,0.0,,1,4,1.0,0.25,0.6666666666666666,1.5,0,1,1,0.0,0.0,0,1,1,0.0,0.0,0,1,0,,0.0,0,1,0,,0.0,0,1,2,0.0,0.0,0,1,2,0.0,0.0,0,1,2,0.0,0.0,0,1,0,,0.0,True,EQUAL_WEIGHT_PP_SUM_NOT_YEN_NOT_CAPITAL,SINGLE_POSITIVE_R_MASS_PRIVATE;SINGLE_NEGATIVE_R_MASS_PRIVATE
C0112,WITHIN_R0_RANK_RISK_12BAND,D-FULL,q3,B,HIGH_RISK_20,SESSION,2025-07-15,0,0,0,,0,0,0,0,0,0,0,0,0,0,0,0,0,0,0,0,0,0,0,0,0,0,0,0,0,0,0,,,0,0,,,0.0,,0,0,,,0.0,,0,1,,0.0,0.0,,0,6,,0.0,0.0,,0,0,1,0.0,,0,0,0,,,0,0,0,,,0,0,0,,,0,0,1,0.0,,0,0,1,0.0,,0,0,1,0.0,,0,0,0,,,True,EQUAL_WEIGHT_PP_SUM_NOT_YEN_NOT_CAPITAL,SINGLE_POSITIVE_R_MASS_PRIVATE;SINGLE_NEGATIVE_R_MASS_PRIVATE
C0112,WITHIN_R0_RANK_RISK_12BAND,D-FULL,q3,B,HIGH_RISK_20,SESSION,2025-07-16,0,0,0,,0,0,0,0,0,0,0,0,0,0,0,0,0,0,0,0,0,0,0,0,0,0,0,0,0,0,0,,,0,0,,,0.0,,0,1,,0.0,0.0,,0,2,,0.0,0.0,,0,4,,0.0,0.0,,0,0,1,0.0,,0,0,0,,,0,0,0,,,0,0,0,,,0,0,2,0.0,,0,0,1,0.0,,0,0,0,,,0,0,0,,,True,EQUAL_WEIGHT_PP_SUM_NOT_YEN_NOT_CAPITAL,SINGLE_POSITIVE_R_MASS_PRIVATE;SINGLE_NEGATIVE_R_MASS_PRIVATE
C0112,WITHIN_R0_RANK_RISK_12BAND,D-FULL,q3,B,HIGH_RISK_20,SESSION,2025-07-17,5,5,0,1.0,2,3,0,0,0,0,0,0,2,1,0,2,0,0,0,0,0,0,2,0,2,0,0,0,0,0,0,0.19421136560045885,5.284245711121597,0,0,0.0,,0.0,,0,0,0.0,,0.0,,2,2,0.4,1.0,0.6666666666666666,3.0,3,7,0.6,0.42857142857142855,2.3333333333333335,1.2857142857142858,0,5,1,0.0,0.0,0,5,1,0.0,0.0,0,5,1,0.0,0.0,0,5,1,0.0,0.0,2,5,7,0.2857142857142857,0.4,2,5,6,0.3333333333333333,0.4,2,5,4,0.5,0.4,1,5,2,0.5,0.2,True,EQUAL_WEIGHT_PP_SUM_NOT_YEN_NOT_CAPITAL,
C0112,WITHIN_R0_RANK_RISK_12BAND,D-FULL,q3,B,HIGH_RISK_20,SESSION,2025-07-18,2,2,0,1.0,2,0,0,0,0,0,0,1,1,0,0,0,0,0,0,0,0,1,0,0,0,0,0,0,0,0,0,1.433685672886827,,0,0,0.0,,0.0,,0,0,0.0,,0.0,,0,1,0.0,0.0,0.2857142857142857,0.0,0,5,0.0,0.0,1.4285714285714286,0.0,0,2,0,,0.0,0,2,0,,0.0,0,2,0,,0.0,0,2,0,,0.0,2,2,2,1.0,1.0,1,2,1,1.0,0.5,0,2,0,,0.0,0,2,0,,0.0,True,EQUAL_WEIGHT_PP_SUM_NOT_YEN_NOT_CAPITAL,SINGLE_NEGATIVE_R_MASS_PRIVATE
C0112,WITHIN_R0_RANK_RISK_12BAND,D-FULL,q3,B,HIGH_RISK_20,SESSION,2025-07-22,2,2,0,1.0,1,1,0,0,0,0,0,1,0,0,0,0,0,0,1,0,0,1,1,0,1,0,1,0,1,0,1,,,1,1,0.5,1.0,0.25,4.0,1,1,0.5,1.0,0.25,4.0,1,1,0.5,1.0,0.25,4.0,1,3,0.5,0.3333333333333333,0.75,1.3333333333333333,0,2,0,,0.0,0,2,0,,0.0,0,2,0,,0.0,0,2,0,,0.0,2,2,4,0.5,1.0,0,2,0,,0.0,0,2,0,,0.0,0,2,0,,0.0,True,EQUAL_WEIGHT_PP_SUM_NOT_YEN_NOT_CAPITAL,SINGLE_POSITIVE_R_MASS_PRIVATE;SINGLE_NEGATIVE_R_MASS_PRIVATE
C0112,WITHIN_R0_RANK_RISK_12BAND,D-FULL,q3,B,HIGH_RISK_20,SESSION,2025-07-23,1,1,0,1.0,0,1,0,0,0,0,0,0,0,0,1,0,0,0,0,0,0,0,1,0,0,0,0,0,0,0,0,,,0,0,0.0,,0.0,,0,1,0.0,0.0,0.16666666666666666,0.0,0,1,0.0,0.0,0.16666666666666666,0.0,1,3,1.0,0.3333333333333333,0.5,2.0,0,1,2,0.0,0.0,0,1,1,0.0,0.0,0,1,0,,0.0,0,1,0,,0.0,1,1,4,0.25,1.0,1,1,4,0.25,1.0,0,1,2,0.0,0.0,0,1,1,0.0,0.0,True,EQUAL_WEIGHT_PP_SUM_NOT_YEN_NOT_CAPITAL,SINGLE_POSITIVE_R_MASS_PRIVATE;SINGLE_NEGATIVE_R_MASS_PRIVATE
C0112,WITHIN_R0_RANK_RISK_12BAND,D-FULL,q3,B,HIGH_RISK_20,SESSION,2025-07-24,3,3,0,1.0,1,2,0,0,0,0,0,0,1,2,0,0,0,0,0,0,0,0,0,0,0,0,0,0,0,0,0,,1.4216029656625988,0,0,0.0,,0.0,,0,1,0.0,0.0,0.21428571428571427,0.0,0,2,0.0,0.0,0.42857142857142855,0.0,2,11,0.6666666666666666,0.18181818181818182,2.357142857142857,0.8484848484848485,0,3,0,,0.0,0,3,0,,0.0,0,3,0,,0.0,0,3,0,,0.0,2,3,3,0.6666666666666666,0.6666666666666666,0,3,1,0.0,0.0,0,3,1,0.0,0.0,0,3,0,,0.0,True,EQUAL_WEIGHT_PP_SUM_NOT_YEN_NOT_CAPITAL,SINGLE_POSITIVE_R_MASS_PRIVATE
C0112,WITHIN_R0_RANK_RISK_12BAND,D-FULL,q3,B,HIGH_RISK_20,SESSION,2025-07-25,1,1,0,1.0,1,0,0,1,0,0,0,0,0,0,0,0,0,0,0,0,0,1,0,1,0,1,0,1,0,1,0,,,0,2,0.0,0.0,0.4,0.0,0,2,0.0,0.0,0.4,0.0,0,2,0.0,0.0,0.4,0.0,0,3,0.0,0.0,0.6,0.0,1,1,1,1.0,1.0,1,1,1,1.0,1.0,1,1,1,1.0,1.0,1,1,1,1.0,1.0,1,1,5,0.2,1.0,1,1,2,0.5,1.0,1,1,1,1.0,1.0,1,1,1,1.0,1.0,True,EQUAL_WEIGHT_PP_SUM_NOT_YEN_NOT_CAPITAL,SINGLE_POSITIVE_R_MASS_PRIVATE;SINGLE_NEGATIVE_R_MASS_PRIVATE
C0112,WITHIN_R0_RANK_RISK_12BAND,D-FULL,q3,B,HIGH_RISK_20,SESSION,2025-07-28,2,2,0,1.0,0,2,0,0,0,0,0,0,0,1,0,0,0,1,0,0,0,0,1,0,1,0,1,0,1,0,0,,5.344596727762016,0,0,0.0,,0.0,,1,1,0.5,1.0,0.3333333333333333,3.0,1,1,0.5,1.0,0.3333333333333333,3.0,2,4,1.0,0.5,1.3333333333333333,1.5,0,2,0,,0.0,0,2,0,,0.0,0,2,0,,0.0,0,2,0,,0.0,0,2,2,0.0,0.0,0,2,0,,0.0,0,2,0,,0.0,0,2,0,,0.0,True,EQUAL_WEIGHT_PP_SUM_NOT_YEN_NOT_CAPITAL,SINGLE_POSITIVE_R_MASS_PRIVATE
C0112,WITHIN_R0_RANK_RISK_12BAND,D-FULL,q3,B,HIGH_RISK_20,SESSION,2025-07-29,1,1,0,1.0,0,1,0,0,0,0,0,0,0,0,1,0,0,0,0,0,0,0,1,0,0,0,0,0,0,0,0,,,0,0,0.0,,0.0,,0,0,0.0,,0.0,,0,1,0.0,0.0,0.16666666666666666,0.0,1,3,1.0,0.3333333333333333,0.5,2.0,0,1,0,,0.0,0,1,0,,0.0,0,1,0,,0.0,0,1,0,,0.0,1,1,4,0.25,1.0,1,1,3,0.3333333333333333,1.0,0,1,1,0.0,0.0,0,1,1,0.0,0.0,True,EQUAL_WEIGHT_PP_SUM_NOT_YEN_NOT_CAPITAL,SINGLE_POSITIVE_R_MASS_PRIVATE;SINGLE_NEGATIVE_R_MASS_PRIVATE
C0112,WITHIN_R0_RANK_RISK_12BAND,D-FULL,q3,B,HIGH_RISK_20,SESSION,2025-07-30,3,3,0,1.0,2,1,0,0,0,0,1,0,1,0,0,0,1,0,0,0,0,1,1,1,1,0,1,0,0,0,0,2.7596484281464737,,0,0,0.0,,0.0,,1,2,0.3333333333333333,0.5,0.6666666666666666,1.5,1,3,0.3333333333333333,0.3333333333333333,1.0,1.0,1,5,0.3333333333333333,0.2,1.6666666666666667,0.6,1,3,2,0.5,0.3333333333333333,0,3,1,0.0,0.0,0,3,0,,0.0,0,3,0,,0.0,1,3,4,0.25,0.3333333333333333,1,3,3,0.3333333333333333,0.3333333333333333,0,3,2,0.0,0.0,0,3,0,,0.0,True,EQUAL_WEIGHT_PP_SUM_NOT_YEN_NOT_CAPITAL,SINGLE_NEGATIVE_R_MASS_PRIVATE
C0112,WITHIN_R0_RANK_RISK_12BAND,D-FULL,q3,B,HIGH_RISK_20,SESSION,2025-07-31,5,5,0,1.0,2,3,0,0,0,0,0,1,1,0,1,0,0,0,2,0,0,1,3,0,2,0,2,0,2,0,2,2.507939279305495,12.569749415058773,2,2,0.4,1.0,0.9090909090909091,2.2,2,2,0.4,1.0,0.9090909090909091,2.2,2,3,0.4,0.6666666666666666,1.3636363636363635,1.4666666666666666,3,6,0.6,0.5,2.727272727272727,1.1,0,5,0,,0.0,0,5,0,,0.0,0,5,0,,0.0,0,5,0,,0.0,4,5,7,0.5714285714285714,0.8,3,5,4,0.75,0.6,1,5,2,0.5,0.2,0,5,0,,0.0,True,EQUAL_WEIGHT_PP_SUM_NOT_YEN_NOT_CAPITAL,
C0112,WITHIN_R0_RANK_RISK_12BAND,D-FULL,q3,B,HIGH_RISK_20,SESSION,2025-08-01,1,1,0,1.0,0,1,0,0,0,0,0,0,0,0,0,0,1,0,0,0,0,0,1,0,1,0,1,0,0,0,0,,,0,0,0.0,,0.0,,1,1,1.0,1.0,0.125,8.0,1,2,1.0,0.5,0.25,4.0,1,5,1.0,0.2,0.625,1.6,0,1,1,0.0,0.0,0,1,1,0.0,0.0,0,1,0,,0.0,0,1,0,,0.0,0,1,5,0.0,0.0,0,1,5,0.0,0.0,0,1,2,0.0,0.0,0,1,1,0.0,0.0,True,EQUAL_WEIGHT_PP_SUM_NOT_YEN_NOT_CAPITAL,SINGLE_POSITIVE_R_MASS_PRIVATE;SINGLE_NEGATIVE_R_MASS_PRIVATE
C0112,WITHIN_R0_RANK_RISK_12BAND,D-FULL,q3,B,HIGH_RISK_20,SESSION,2025-08-04,0,0,0,,0,0,0,0,0,0,0,0,0,0,0,0,0,0,0,0,0,0,0,0,0,0,0,0,0,0,0,,,0,0,,,0.0,,0,2,,0.0,0.0,,0,5,,0.0,0.0,,0,7,,0.0,0.0,,0,0,0,,,0,0,0,,,0,0,0,,,0,0,0,,,0,0,2,0.0,,0,0,0,,,0,0,0,,,0,0,0,,,True,EQUAL_WEIGHT_PP_SUM_NOT_YEN_NOT_CAPITAL,SINGLE_POSITIVE_R_MASS_PRIVATE;SINGLE_NEGATIVE_R_MASS_PRIVATE
C0112,WITHIN_R0_RANK_RISK_12BAND,D-FULL,q3,B,HIGH_RISK_20,SESSION,2025-08-05,0,0,0,,0,0,0,0,0,0,0,0,0,0,0,0,0,0,0,0,0,0,0,0,0,0,0,0,0,0,0,,,0,0,,,0.0,,0,0,,,0.0,,0,0,,,0.0,,0,4,,0.0,0.0,,0,0,1,0.0,,0,0,0,,,0,0,0,,,0,0,0,,,0,0,2,0.0,,0,0,2,0.0,,0,0,1,0.0,,0,0,0,,,True,EQUAL_WEIGHT_PP_SUM_NOT_YEN_NOT_CAPITAL,SINGLE_POSITIVE_R_MASS_PRIVATE;SINGLE_NEGATIVE_R_MASS_PRIVATE
C0112,WITHIN_R0_RANK_RISK_12BAND,D-FULL,q3,B,HIGH_RISK_20,SESSION,2025-08-06,1,1,0,1.0,0,1,0,0,0,0,0,0,0,1,0,0,0,0,0,0,0,0,0,0,0,0,0,0,0,0,0,,,0,0,0.0,,0.0,,0,0,0.0,,0.0,,0,0,0.0,,0.0,,1,2,1.0,0.5,0.25,4.0,0,1,1,0.0,0.0,0,1,1,0.0,0.0,0,1,1,0.0,0.0,0,1,1,0.0,0.0,1,1,4,0.25,1.0,0,1,1,0.0,0.0,0,1,1,0.0,0.0,0,1,0,,0.0,True,EQUAL_WEIGHT_PP_SUM_NOT_YEN_NOT_CAPITAL,SINGLE_POSITIVE_R_MASS_PRIVATE;SINGLE_NEGATIVE_R_MASS_PRIVATE
C0112,WITHIN_R0_RANK_RISK_12BAND,D-FULL,q3,B,HIGH_RISK_20,SESSION,2025-08-07,0,0,0,,0,0,0,0,0,0,0,0,0,0,0,0,0,0,0,0,0,0,0,0,0,0,0,0,0,0,0,,,0,1,,0.0,0.0,,0,3,,0.0,0.0,,0,4,,0.0,0.0,,0,7,,0.0,0.0,,0,0,1,0.0,,0,0,1,0.0,,0,0,1,0.0,,0,0,1,0.0,,0,0,2,0.0,,0,0,2,0.0,,0,0,1,0.0,,0,0,1,0.0,,True,EQUAL_WEIGHT_PP_SUM_NOT_YEN_NOT_CAPITAL,SINGLE_POSITIVE_R_MASS_PRIVATE;SINGLE_NEGATIVE_R_MASS_PRIVATE
C0112,WITHIN_R0_RANK_RISK_12BAND,D-FULL,q3,B,HIGH_RISK_20,SESSION,2025-08-08,2,2,0,1.0,1,1,0,1,0,0,0,0,0,1,0,0,0,0,0,0,0,1,0,1,0,1,0,1,0,1,0,,,0,0,0.0,,0.0,,0,0,0.0,,0.0,,0,1,0.0,0.0,0.18181818181818182,0.0,1,6,0.5,0.16666666666666666,1.0909090909090908,0.9166666666666666,1,2,1,1.0,0.5,1,2,1,1.0,0.5,1,2,1,1.0,0.5,1,2,1,1.0,0.5,1,2,4,0.25,0.5,1,2,3,0.3333333333333333,0.5,1,2,2,0.5,0.5,1,2,1,1.0,0.5,True,EQUAL_WEIGHT_PP_SUM_NOT_YEN_NOT_CAPITAL,SINGLE_POSITIVE_R_MASS_PRIVATE;SINGLE_NEGATIVE_R_MASS_PRIVATE
C0112,WITHIN_R0_RANK_RISK_12BAND,D-FULL,q3,B,HIGH_RISK_20,SESSION,2025-08-12,1,1,0,1.0,1,0,0,0,0,0,0,1,0,0,0,0,0,0,0,0,0,1,0,0,0,0,0,0,0,0,0,,,0,1,0.0,0.0,0.2,0.0,0,1,0.0,0.0,0.2,0.0,0,1,0.0,0.0,0.2,0.0,0,1,0.0,0.0,0.2,0.0,0,1,0,,0.0,0,1,0,,0.0,0,1,0,,0.0,0,1,0,,0.0,1,1,4,0.25,1.0,0,1,2,0.0,0.0,0,1,1,0.0,0.0,0,1,0,,0.0,True,EQUAL_WEIGHT_PP_SUM_NOT_YEN_NOT_CAPITAL,SINGLE_POSITIVE_R_MASS_PRIVATE;SINGLE_NEGATIVE_R_MASS_PRIVATE
C0112,WITHIN_R0_RANK_RISK_12BAND,D-FULL,q3,B,HIGH_RISK_20,SESSION,2025-08-13,5,5,0,1.0,0,5,0,0,0,0,0,0,0,2,1,1,0,0,1,0,0,0,3,0,2,0,1,0,1,0,1,,16.343558652191142,1,1,0.2,1.0,0.5,2.0,1,1,0.2,1.0,0.5,2.0,2,2,0.4,1.0,1.0,2.0,5,7,1.0,0.7142857142857143,3.5,1.4285714285714286,0,5,1,0.0,0.0,0,5,0,,0.0,0,5,0,,0.0,0,5,0,,0.0,3,5,6,0.5,0.6,2,5,4,0.5,0.4,1,5,1,1.0,0.2,0,5,0,,0.0,True,EQUAL_WEIGHT_PP_SUM_NOT_YEN_NOT_CAPITAL,SINGLE_POSITIVE_R_MASS_PRIVATE
C0112,WITHIN_R0_RANK_RISK_12BAND,D-FULL,q3,B,HIGH_RISK_20,SESSION,2025-08-14,5,5,0,1.0,1,4,0,0,1,0,0,0,0,2,0,1,0,1,0,0,0,1,2,1,2,1,1,1,1,0,0,,7.257758161251712,0,0,0.0,,0.0,,1,1,0.2,1.0,0.45454545454545453,2.2,2,3,0.4,0.6666666666666666,1.3636363636363635,1.4666666666666666,4,6,0.8,0.6666666666666666,2.727272727272727,1.4666666666666666,1,5,3,0.3333333333333333,0.2,1,5,3,0.3333333333333333,0.2,1,5,3,0.3333333333333333,0.2,0,5,1,0.0,0.0,1,5,6,0.16666666666666666,0.2,1,5,4,0.25,0.2,1,5,3,0.3333333333333333,0.2,0,5,1,0.0,0.0,True,EQUAL_WEIGHT_PP_SUM_NOT_YEN_NOT_CAPITAL,SINGLE_POSITIVE_R_MASS_PRIVATE
C0112,WITHIN_R0_RANK_RISK_12BAND,D-FULL,q3,B,HIGH_RISK_20,SESSION,2025-08-15,1,1,0,1.0,1,0,0,0,0,1,0,0,0,0,0,0,0,0,0,0,0,1,0,1,0,1,0,0,0,0,0,,,0,0,0.0,,0.0,,0,0,0.0,,0.0,,0,0,0.0,,0.0,,0,1,0.0,0.0,0.14285714285714285,0.0,1,1,2,0.5,1.0,1,1,2,0.5,1.0,0,1,0,,0.0,0,1,0,,0.0,1,1,5,0.2,1.0,1,1,3,0.3333333333333333,1.0,1,1,2,0.5,1.0,0,1,0,,0.0,True,EQUAL_WEIGHT_PP_SUM_NOT_YEN_NOT_CAPITAL,SINGLE_POSITIVE_R_MASS_PRIVATE;SINGLE_NEGATIVE_R_MASS_PRIVATE
C0112,WITHIN_R0_RANK_RISK_12BAND,D-FULL,q3,B,HIGH_RISK_20,SESSION,2025-08-18,1,1,0,1.0,1,0,0,1,0,0,0,0,0,0,0,0,0,0,0,0,0,1,0,1,0,1,0,1,0,1,0,,,0,0,0.0,,0.0,,0,0,0.0,,0.0,,0,0,0.0,,0.0,,0,5,0.0,0.0,0.45454545454545453,0.0,1,1,3,0.3333333333333333,1.0,1,1,3,0.3333333333333333,1.0,1,1,1,1.0,1.0,1,1,1,1.0,1.0,1,1,7,0.14285714285714285,1.0,1,1,6,0.16666666666666666,1.0,1,1,3,0.3333333333333333,1.0,0,1,1,0.0,0.0,True,EQUAL_WEIGHT_PP_SUM_NOT_YEN_NOT_CAPITAL,SINGLE_POSITIVE_R_MASS_PRIVATE;SINGLE_NEGATIVE_R_MASS_PRIVATE
C0112,WITHIN_R0_RANK_RISK_12BAND,D-FULL,q3,B,HIGH_RISK_20,SESSION,2025-08-19,3,3,0,1.0,1,2,0,0,0,0,0,0,1,1,1,0,0,0,0,0,0,0,1,0,0,0,0,0,0,0,0,,1.6350164901587514,0,0,0.0,,0.0,,0,0,0.0,,0.0,,0,1,0.0,0.0,0.25,0.0,2,5,0.6666666666666666,0.4,1.25,1.6,0,3,3,0.0,0.0,0,3,0,,0.0,0,3,0,,0.0,0,3,0,,0.0,2,3,7,0.2857142857142857,0.6666666666666666,0,3,2,0.0,0.0,0,3,2,0.0,0.0,0,3,1,0.0,0.0,True,EQUAL_WEIGHT_PP_SUM_NOT_YEN_NOT_CAPITAL,SINGLE_POSITIVE_R_MASS_PRIVATE
C0112,WITHIN_R0_RANK_RISK_12BAND,D-FULL,q3,B,HIGH_RISK_20,SESSION,2025-08-20,0,0,0,,0,0,0,0,0,0,0,0,0,0,0,0,0,0,0,0,0,0,0,0,0,0,0,0,0,0,0,,,0,0,,,0.0,,0,0,,,0.0,,0,1,,0.0,0.0,,0,3,,0.0,0.0,,0,0,1,0.0,,0,0,1,0.0,,0,0,0,,,0,0,0,,,0,0,5,0.0,,0,0,5,0.0,,0,0,4,0.0,,0,0,1,0.0,,True,EQUAL_WEIGHT_PP_SUM_NOT_YEN_NOT_CAPITAL,SINGLE_POSITIVE_R_MASS_PRIVATE;SINGLE_NEGATIVE_R_MASS_PRIVATE
C0112,WITHIN_R0_RANK_RISK_12BAND,D-FULL,q3,B,HIGH_RISK_20,SESSION,2025-08-21,1,1,0,1.0,0,1,0,0,0,0,0,0,0,0,0,1,0,0,0,0,0,0,1,0,1,0,0,0,0,0,0,,,0,0,0.0,,0.0,,0,0,0.0,,0.0,,1,3,1.0,0.3333333333333333,0.375,2.6666666666666665,1,6,1.0,0.16666666666666666,0.75,1.3333333333333333,0,1,0,,0.0,0,1,0,,0.0,0,1,0,,0.0,0,1,0,,0.0,0,1,1,0.0,0.0,0,1,0,,0.0,0,1,0,,0.0,0,1,0,,0.0,True,EQUAL_WEIGHT_PP_SUM_NOT_YEN_NOT_CAPITAL,SINGLE_POSITIVE_R_MASS_PRIVATE;SINGLE_NEGATIVE_R_MASS_PRIVATE
C0112,WITHIN_R0_RANK_RISK_12BAND,D-FULL,q3,B,HIGH_RISK_20,SESSION,2025-08-22,1,1,0,1.0,0,1,0,0,0,0,0,0,0,0,0,0,0,0,1,0,0,0,1,0,1,0,1,0,1,0,1,,,1,2,1.0,0.5,0.3333333333333333,3.0,1,3,1.0,0.3333333333333333,0.5,2.0,1,4,1.0,0.25,0.6666666666666666,1.5,1,6,1.0,0.16666666666666666,1.0,1.0,0,1,0,,0.0,0,1,0,,0.0,0,1,0,,0.0,0,1,0,,0.0,0,1,4,0.0,0.0,0,1,1,0.0,0.0,0,1,0,,0.0,0,1,0,,0.0,True,EQUAL_WEIGHT_PP_SUM_NOT_YEN_NOT_CAPITAL,SINGLE_POSITIVE_R_MASS_PRIVATE;SINGLE_NEGATIVE_R_MASS_PRIVATE
C0112,WITHIN_R0_RANK_RISK_12BAND,D-FULL,q3,B,HIGH_RISK_20,SESSION,2025-08-25,3,3,0,1.0,1,2,0,1,0,0,0,0,0,0,0,0,1,0,1,0,0,1,2,1,2,1,2,1,1,1,1,,10.517544748011131,1,1,0.3333333333333333,1.0,0.2727272727272727,3.6666666666666665,2,2,0.6666666666666666,1.0,0.5454545454545454,3.6666666666666665,2,2,0.6666666666666666,1.0,0.5454545454545454,3.6666666666666665,2,3,0.6666666666666666,0.6666666666666666,0.8181818181818182,2.4444444444444446,1,3,4,0.25,0.3333333333333333,1,3,3,0.3333333333333333,0.3333333333333333,1,3,1,1.0,0.3333333333333333,1,3,1,1.0,0.3333333333333333,2,3,9,0.2222222222222222,0.6666666666666666,1,3,8,0.125,0.3333333333333333,1,3,4,0.25,0.3333333333333333,1,3,3,0.3333333333333333,0.3333333333333333,True,EQUAL_WEIGHT_PP_SUM_NOT_YEN_NOT_CAPITAL,SINGLE_POSITIVE_R_MASS_PRIVATE
C0112,WITHIN_R0_RANK_RISK_12BAND,D-FULL,q3,B,HIGH_RISK_20,RANK,S,0,0,0,,0,0,0,0,0,0,0,0,0,0,0,0,0,0,0,0,0,0,0,0,0,0,0,0,0,0,0,,,0,0,,,0.0,,0,0,,,0.0,,0,0,,,0.0,,0,0,,,0.0,,0,0,0,,,0,0,0,,,0,0,0,,,0,0,0,,,0,0,0,,,0,0,0,,,0,0,0,,,0,0,0,,,True,EQUAL_WEIGHT_PP_SUM_NOT_YEN_NOT_CAPITAL,SINGLE_POSITIVE_R_MASS_PRIVATE;SINGLE_NEGATIVE_R_MASS_PRIVATE
C0112,WITHIN_R0_RANK_RISK_12BAND,D-FULL,q3,B,HIGH_RISK_20,RANK,A,0,0,0,,0,0,0,0,0,0,0,0,0,0,0,0,0,0,0,0,0,0,0,0,0,0,0,0,0,0,0,,,0,0,,,0.0,,0,0,,,0.0,,0,0,,,0.0,,0,0,,,0.0,,0,0,0,,,0,0,0,,,0,0,0,,,0,0,0,,,0,0,0,,,0,0,0,,,0,0,0,,,0,0,0,,,True,EQUAL_WEIGHT_PP_SUM_NOT_YEN_NOT_CAPITAL,SINGLE_POSITIVE_R_MASS_PRIVATE;SINGLE_NEGATIVE_R_MASS_PRIVATE
C0112,WITHIN_R0_RANK_RISK_12BAND,D-FULL,q3,B,HIGH_RISK_20,RANK,B,62,62,0,1.0,25,37,0,6,1,1,2,4,11,15,5,5,3,3,6,0,0,14,22,10,17,8,12,7,9,6,6,71.0275998385999,89.44232820878192,6,12,0.0967741935483871,0.5,2.501563107958457,2.3985003540033185,12,28,0.1935483870967742,0.42857142857142855,5.854613749962587,2.0496655308946186,17,55,0.27419354838709675,0.3090909090909091,11.504316896177361,1.4777061648613605,37,168,0.5967741935483871,0.22023809523809523,35.32584226479575,1.0473918703099867,10,62,36,0.2777777777777778,0.16129032258064516,8,62,25,0.32,0.12903225806451613,7,62,14,0.5,0.11290322580645161,6,62,11,0.5454545454545454,0.0967741935483871,37,62,147,0.25170068027210885,0.5967741935483871,22,62,95,0.23157894736842105,0.3548387096774194,13,62,54,0.24074074074074073,0.20967741935483872,5,62,18,0.2777777777777778,0.08064516129032258,False,EQUAL_WEIGHT_PP_SUM_NOT_YEN_NOT_CAPITAL,
C0112,WITHIN_R0_RANK_RISK_12BAND,D-FULL,q3,B,HIGH_RISK_20,RANK,C,0,0,0,,0,0,0,0,0,0,0,0,0,0,0,0,0,0,0,0,0,0,0,0,0,0,0,0,0,0,0,,,0,0,,,0.0,,0,0,,,0.0,,0,0,,,0.0,,0,0,,,0.0,,0,0,0,,,0,0,0,,,0,0,0,,,0,0,0,,,0,0,0,,,0,0,0,,,0,0,0,,,0,0,0,,,True,EQUAL_WEIGHT_PP_SUM_NOT_YEN_NOT_CAPITAL,SINGLE_POSITIVE_R_MASS_PRIVATE;SINGLE_NEGATIVE_R_MASS_PRIVATE
C0112,WITHIN_R0_RANK_RISK_12BAND,D-FULL,q3,B,HIGH_RISK_20,EXECUTION_ELIGIBLE,TRUE,62,62,0,1.0,25,37,0,6,1,1,2,4,11,15,5,5,3,3,6,0,0,14,22,10,17,8,12,7,9,6,6,71.0275998385999,89.44232820878192,6,12,0.0967741935483871,0.5,2.501563107958457,2.3985003540033185,12,28,0.1935483870967742,0.42857142857142855,5.854613749962587,2.0496655308946186,17,55,0.27419354838709675,0.3090909090909091,11.504316896177361,1.4777061648613605,37,168,0.5967741935483871,0.22023809523809523,35.32584226479575,1.0473918703099867,10,62,36,0.2777777777777778,0.16129032258064516,8,62,25,0.32,0.12903225806451613,7,62,14,0.5,0.11290322580645161,6,62,11,0.5454545454545454,0.0967741935483871,37,62,147,0.25170068027210885,0.5967741935483871,22,62,95,0.23157894736842105,0.3548387096774194,13,62,54,0.24074074074074073,0.20967741935483872,5,62,18,0.2777777777777778,0.08064516129032258,False,EQUAL_WEIGHT_PP_SUM_NOT_YEN_NOT_CAPITAL,
C0112,WITHIN_R0_RANK_RISK_12BAND,D-FULL,q3,B,HIGH_RISK_20,R0_PASS,SAB,62,62,0,1.0,25,37,0,6,1,1,2,4,11,15,5,5,3,3,6,0,0,14,22,10,17,8,12,7,9,6,6,71.0275998385999,89.44232820878192,6,12,0.0967741935483871,0.5,2.501563107958457,2.3985003540033185,12,28,0.1935483870967742,0.42857142857142855,5.854613749962587,2.0496655308946186,17,55,0.27419354838709675,0.3090909090909091,11.504316896177361,1.4777061648613605,37,168,0.5967741935483871,0.22023809523809523,35.32584226479575,1.0473918703099867,10,62,36,0.2777777777777778,0.16129032258064516,8,62,25,0.32,0.12903225806451613,7,62,14,0.5,0.11290322580645161,6,62,11,0.5454545454545454,0.0967741935483871,37,62,147,0.25170068027210885,0.5967741935483871,22,62,95,0.23157894736842105,0.3548387096774194,13,62,54,0.24074074074074073,0.20967741935483872,5,62,18,0.2777777777777778,0.08064516129032258,False,EQUAL_WEIGHT_PP_SUM_NOT_YEN_NOT_CAPITAL,
C0112,WITHIN_R0_RANK_RISK_12BAND,D-FULL,q3,B,HIGH_RISK_20,E0_FUNDED,SAVED,6,6,0,1.0,2,4,0,1,0,0,0,0,1,2,0,0,0,1,1,0,0,1,2,1,2,1,2,1,2,1,1,13.78878612989851,9.671518353151715,1,1,0.16666666666666666,1.0,0.2,5.0,2,5,0.3333333333333333,0.4,0.6,3.3333333333333335,2,6,0.3333333333333333,0.3333333333333333,0.6,3.3333333333333335,4,23,0.6666666666666666,0.17391304347826086,3.4833333333333334,1.1483253588516746,1,6,6,0.16666666666666666,0.16666666666666666,1,6,4,0.25,0.16666666666666666,1,6,3,0.3333333333333333,0.16666666666666666,1,6,3,0.3333333333333333,0.16666666666666666,3,6,20,0.15,0.5,2,6,15,0.13333333333333333,0.3333333333333333,2,6,7,0.2857142857142857,0.3333333333333333,1,6,4,0.25,0.16666666666666666,True,EQUAL_WEIGHT_PP_SUM_NOT_YEN_NOT_CAPITAL,
C0113,WITHIN_R0_RANK_RISK_12BAND,D-FULL,q3,B,REST_80,ALL,ALL,235,233,2,0.9914893617021276,102,131,0,5,2,10,9,28,48,61,32,22,5,5,6,0,2,54,70,26,38,17,16,7,11,5,6,166.43179536940144,213.92444143103947,6,12,0.02575107296137339,0.5,9.498436892041543,0.6316828830043837,16,28,0.06866952789699571,0.5714285714285714,22.14538625003741,0.7224981230559016,38,55,0.1630901287553648,0.6909090909090909,43.495683103822635,0.8736499185285896,131,168,0.5622317596566524,0.7797619047619048,132.67415773520423,0.9873814331005922,26,233,36,0.7222222222222222,0.11158798283261803,17,233,25,0.68,0.07296137339055794,7,233,14,0.5,0.030042918454935622,5,233,11,0.45454545454545453,0.02145922746781116,110,235,147,0.7482993197278912,0.46808510638297873,73,235,95,0.7684210526315789,0.31063829787234043,41,235,54,0.7592592592592593,0.17446808510638298,13,235,18,0.7222222222222222,0.05531914893617021,False,EQUAL_WEIGHT_PP_SUM_NOT_YEN_NOT_CAPITAL,
C0113,WITHIN_R0_RANK_RISK_12BAND,D-FULL,q3,B,REST_80,BLOCK,1,20,19,1,0.95,4,15,0,0,0,0,0,2,2,7,4,2,0,1,1,0,1,2,8,0,4,0,2,0,2,0,1,2.8445198649972734,22.444111083649005,1,1,0.05263157894736842,1.0,0.7916666666666666,1.263157894736842,2,3,0.10526315789473684,0.6666666666666666,2.375,0.8421052631578947,4,5,0.21052631578947367,0.8,3.9583333333333335,1.0105263157894737,15,17,0.7894736842105263,0.8823529411764706,13.458333333333334,1.1145510835913313,0,19,1,0.0,0.0,0,19,1,0.0,0.0,0,19,1,0.0,0.0,0,19,1,0.0,0.0,7,20,11,0.6363636363636364,0.35,6,20,8,0.75,0.3,3,20,5,0.6,0.15,1,20,1,1.0,0.05,False,EQUAL_WEIGHT_PP_SUM_NOT_YEN_NOT_CAPITAL,
C0113,WITHIN_R0_RANK_RISK_12BAND,D-FULL,q3,B,REST_80,BLOCK,2,26,26,0,1.0,12,14,0,1,1,1,0,6,3,6,7,1,0,0,0,0,0,9,8,3,1,3,0,2,0,1,0,22.394180252772255,14.694623785198281,0,0,0.0,,0.0,,0,0,0.0,,0.0,,1,1,0.038461538461538464,1.0,0.7878787878787878,1.2692307692307692,14,17,0.5384615384615384,0.8235294117647058,13.393939393939394,1.0452488687782806,3,26,5,0.6,0.11538461538461539,3,26,4,0.75,0.11538461538461539,2,26,3,0.6666666666666666,0.07692307692307693,1,26,2,0.5,0.038461538461538464,14,26,18,0.7777777777777778,0.5384615384615384,10,26,13,0.7692307692307693,0.38461538461538464,7,26,8,0.875,0.2692307692307692,1,26,2,0.5,0.038461538461538464,False,EQUAL_WEIGHT_PP_SUM_NOT_YEN_NOT_CAPITAL,
C0113,WITHIN_R0_RANK_RISK_12BAND,D-FULL,q3,B,REST_80,BLOCK,3,33,33,0,1.0,12,21,0,1,0,0,2,4,5,14,3,3,1,0,0,0,0,7,7,3,4,1,1,1,0,1,0,18.73698005012613,22.709165043965797,0,1,0.0,0.0,0.7857142857142857,0.0,1,2,0.030303030303030304,0.5,1.5714285714285714,0.6363636363636364,4,7,0.12121212121212122,0.5714285714285714,5.5,0.7272727272727273,21,25,0.6363636363636364,0.84,19.642857142857142,1.069090909090909,3,33,3,1.0,0.09090909090909091,1,33,1,1.0,0.030303030303030304,1,33,1,1.0,0.030303030303030304,1,33,1,1.0,0.030303030303030304,10,33,16,0.625,0.30303030303030304,6,33,9,0.6666666666666666,0.18181818181818182,3,33,5,0.6,0.09090909090909091,1,33,2,0.5,0.030303030303030304,False,EQUAL_WEIGHT_PP_SUM_NOT_YEN_NOT_CAPITAL,
C0113,WITHIN_R0_RANK_RISK_12BAND,D-FULL,q3,B,REST_80,BLOCK,4,29,29,0,1.0,11,18,0,0,0,1,1,6,3,7,5,2,1,1,2,0,0,8,11,2,6,1,4,0,3,0,2,14.481052077015072,39.19747188388666,2,2,0.06896551724137931,1.0,1.5675675675675675,1.2758620689655173,4,5,0.13793103448275862,0.8,3.918918918918919,1.0206896551724138,6,7,0.20689655172413793,0.8571428571428571,5.486486486486487,1.0935960591133005,18,24,0.6206896551724138,0.75,18.81081081081081,0.9568965517241379,2,29,3,0.6666666666666666,0.06896551724137931,1,29,2,0.5,0.034482758620689655,0,29,1,0.0,0.0,0,29,1,0.0,0.0,13,29,18,0.7222222222222222,0.4482758620689655,7,29,10,0.7,0.2413793103448276,4,29,5,0.8,0.13793103448275862,2,29,3,0.6666666666666666,0.06896551724137931,False,EQUAL_WEIGHT_PP_SUM_NOT_YEN_NOT_CAPITAL,
C0113,WITHIN_R0_RANK_RISK_12BAND,D-FULL,q3,B,REST_80,BLOCK,5,34,34,0,1.0,12,22,0,0,0,2,1,0,9,10,3,6,2,1,0,0,0,3,12,3,9,2,3,0,1,0,0,13.02967952510371,35.808853978414085,0,2,0.0,0.0,1.5813953488372092,0.0,3,7,0.08823529411764706,0.42857142857142855,5.534883720930233,0.542016806722689,9,13,0.2647058823529412,0.6923076923076923,10.279069767441861,0.8755656108597285,22,27,0.6470588235294118,0.8148148148148148,21.348837209302324,1.0305010893246187,3,34,4,0.75,0.08823529411764706,2,34,2,1.0,0.058823529411764705,0,34,0,,0.0,0,34,0,,0.0,15,34,20,0.75,0.4411764705882353,10,34,14,0.7142857142857143,0.29411764705882354,6,34,7,0.8571428571428571,0.17647058823529413,1,34,1,1.0,0.029411764705882353,False,EQUAL_WEIGHT_PP_SUM_NOT_YEN_NOT_CAPITAL,
C0113,WITHIN_R0_RANK_RISK_12BAND,D-FULL,q3,B,REST_80,BLOCK,6,35,34,1,0.9714285714285714,18,16,0,2,0,0,1,4,11,5,5,2,1,1,2,0,1,7,11,3,6,2,4,2,3,2,2,27.89248783143147,41.861390358370194,2,3,0.058823529411764705,0.6666666666666666,2.372093023255814,0.8431372549019608,4,5,0.11764705882352941,0.8,3.953488372093023,1.011764705882353,6,8,0.17647058823529413,0.75,6.325581395348837,0.9485294117647058,16,23,0.47058823529411764,0.6956521739130435,18.186046511627907,0.8797953964194374,3,34,4,0.75,0.08823529411764706,2,34,3,0.6666666666666666,0.058823529411764705,2,34,3,0.6666666666666666,0.058823529411764705,2,34,3,0.6666666666666666,0.058823529411764705,14,35,20,0.7,0.4,9,35,12,0.75,0.2571428571428571,4,35,6,0.6666666666666666,0.11428571428571428,1,35,2,0.5,0.02857142857142857,False,EQUAL_WEIGHT_PP_SUM_NOT_YEN_NOT_CAPITAL,
C0113,WITHIN_R0_RANK_RISK_12BAND,D-FULL,q3,B,REST_80,BLOCK,7,38,38,0,1.0,24,14,0,1,1,4,3,6,9,7,4,3,0,0,0,0,0,15,7,9,3,6,0,2,0,1,0,55.05476593533126,16.328614906312946,0,0,0.0,,0.0,,0,1,0.0,0.0,0.7916666666666666,0.0,3,5,0.07894736842105263,0.6,3.9583333333333335,0.7578947368421053,14,20,0.3684210526315789,0.7,15.833333333333334,0.8842105263157894,9,38,12,0.75,0.23684210526315788,6,38,9,0.6666666666666666,0.15789473684210525,2,38,4,0.5,0.05263157894736842,1,38,2,0.5,0.02631578947368421,25,38,30,0.8333333333333334,0.6578947368421053,17,38,20,0.85,0.4473684210526316,11,38,14,0.7857142857142857,0.2894736842105263,4,38,4,1.0,0.10526315789473684,False,EQUAL_WEIGHT_PP_SUM_NOT_YEN_NOT_CAPITAL,
C0113,WITHIN_R0_RANK_RISK_12BAND,D-FULL,q3,B,REST_80,BLOCK,8,20,20,0,1.0,9,11,0,0,0,2,1,0,6,5,1,3,0,1,1,0,0,3,6,3,5,2,2,0,2,0,1,11.99812983262427,20.8802103912425,1,3,0.05,0.3333333333333333,2.4,0.4166666666666667,2,5,0.1,0.4,4.0,0.5,5,9,0.25,0.5555555555555556,7.2,0.6944444444444444,11,15,0.55,0.7333333333333333,12.0,0.9166666666666666,3,20,4,0.75,0.15,2,20,3,0.6666666666666666,0.1,0,20,1,0.0,0.0,0,20,1,0.0,0.0,12,20,14,0.8571428571428571,0.6,8,20,9,0.8888888888888888,0.4,3,20,4,0.75,0.15,2,20,3,0.6666666666666666,0.1,False,EQUAL_WEIGHT_PP_SUM_NOT_YEN_NOT_CAPITAL,
C0113,WITHIN_R0_RANK_RISK_12BAND,D-FULL,q3,B,REST_80,SESSION,2025-06-27,4,4,0,1.0,1,3,0,0,0,0,0,1,0,2,0,0,0,1,0,0,0,1,1,0,1,0,1,0,1,0,0,,5.535536506705599,0,0,0.0,,0.0,,1,1,0.25,1.0,0.6666666666666666,1.5,1,1,0.25,1.0,0.6666666666666666,1.5,3,3,0.75,1.0,2.0,1.5,0,4,1,0.0,0.0,0,4,1,0.0,0.0,0,4,1,0.0,0.0,0,4,1,0.0,0.0,2,4,4,0.5,0.5,2,4,3,0.6666666666666666,0.5,1,4,2,0.5,0.25,0,4,0,,0.0,True,EQUAL_WEIGHT_PP_SUM_NOT_YEN_NOT_CAPITAL,SINGLE_POSITIVE_R_MASS_PRIVATE
C0113,WITHIN_R0_RANK_RISK_12BAND,D-FULL,q3,B,REST_80,SESSION,2025-06-30,4,3,1,0.75,0,3,0,0,0,0,0,0,0,1,0,2,0,0,0,0,1,0,2,0,2,0,0,0,0,0,0,,4.9019230812659185,0,0,0.0,,0.0,,0,1,0.0,0.0,0.75,0.0,2,3,0.6666666666666666,0.6666666666666666,2.25,0.8888888888888888,3,4,1.0,0.75,3.0,1.0,0,3,0,,0.0,0,3,0,,0.0,0,3,0,,0.0,0,3,0,,0.0,0,4,1,0.0,0.0,0,4,1,0.0,0.0,0,4,1,0.0,0.0,0,4,0,,0.0,True,EQUAL_WEIGHT_PP_SUM_NOT_YEN_NOT_CAPITAL,SINGLE_POSITIVE_R_MASS_PRIVATE
C0113,WITHIN_R0_RANK_RISK_12BAND,D-FULL,q3,B,REST_80,SESSION,2025-07-01,3,3,0,1.0,1,2,0,0,0,0,0,0,1,1,1,0,0,0,0,0,0,0,1,0,0,0,0,0,0,0,0,,1.581348090459561,0,0,0.0,,0.0,,0,0,0.0,,0.0,,0,0,0.0,,0.0,,2,2,0.6666666666666666,1.0,2.0,1.0,0,3,0,,0.0,0,3,0,,0.0,0,3,0,,0.0,0,3,0,,0.0,1,3,1,1.0,0.3333333333333333,1,3,1,1.0,0.3333333333333333,0,3,0,,0.0,0,3,0,,0.0,True,EQUAL_WEIGHT_PP_SUM_NOT_YEN_NOT_CAPITAL,SINGLE_POSITIVE_R_MASS_PRIVATE
C0113,WITHIN_R0_RANK_RISK_12BAND,D-FULL,q3,B,REST_80,SESSION,2025-07-02,9,9,0,1.0,2,7,0,0,0,0,0,1,1,3,3,0,0,0,1,0,0,1,4,0,1,0,1,0,1,0,1,1.300784958345713,10.425303405217926,1,1,0.1111111111111111,1.0,0.8181818181818182,1.2222222222222223,1,1,0.1111111111111111,1.0,0.8181818181818182,1.2222222222222223,1,1,0.1111111111111111,1.0,0.8181818181818182,1.2222222222222223,7,8,0.7777777777777778,0.875,6.545454545454546,1.0694444444444444,0,9,0,,0.0,0,9,0,,0.0,0,9,0,,0.0,0,9,0,,0.0,4,9,5,0.8,0.4444444444444444,3,9,3,1.0,0.3333333333333333,2,9,2,1.0,0.2222222222222222,1,9,1,1.0,0.1111111111111111,True,EQUAL_WEIGHT_PP_SUM_NOT_YEN_NOT_CAPITAL,
C0113,WITHIN_R0_RANK_RISK_12BAND,D-FULL,q3,B,REST_80,SESSION,2025-07-03,0,0,0,,0,0,0,0,0,0,0,0,0,0,0,0,0,0,0,0,0,0,0,0,0,0,0,0,0,0,0,,,0,0,,,0.0,,0,0,,,0.0,,0,0,,,0.0,,0,0,,,0.0,,0,0,0,,,0,0,0,,,0,0,0,,,0,0,0,,,0,0,0,,,0,0,0,,,0,0,0,,,0,0,0,,,True,EQUAL_WEIGHT_PP_SUM_NOT_YEN_NOT_CAPITAL,SINGLE_POSITIVE_R_MASS_PRIVATE;SINGLE_NEGATIVE_R_MASS_PRIVATE
C0113,WITHIN_R0_RANK_RISK_12BAND,D-FULL,q3,B,REST_80,SESSION,2025-07-04,8,8,0,1.0,4,4,0,0,1,0,0,2,1,2,1,1,0,0,0,0,0,3,2,1,1,1,0,1,0,0,0,7.198687994876933,4.85164592114879,0,0,0.0,,0.0,,0,0,0.0,,0.0,,1,1,0.125,1.0,1.0,1.0,4,4,0.5,1.0,4.0,1.0,1,8,1,1.0,0.125,1,8,1,1.0,0.125,1,8,1,1.0,0.125,0,8,0,,0.0,5,8,5,1.0,0.625,4,8,4,1.0,0.5,2,8,2,1.0,0.25,0,8,0,,0.0,True,EQUAL_WEIGHT_PP_SUM_NOT_YEN_NOT_CAPITAL,
C0113,WITHIN_R0_RANK_RISK_12BAND,D-FULL,q3,B,REST_80,SESSION,2025-07-07,8,8,0,1.0,3,5,0,0,0,0,0,2,1,2,3,0,0,0,0,0,0,2,3,0,0,0,0,0,0,0,0,2.9024843863213796,5.33627971652526,0,0,0.0,,0.0,,0,0,0.0,,0.0,,0,0,0.0,,0.0,,5,5,0.625,1.0,4.444444444444445,1.125,0,8,0,,0.0,0,8,0,,0.0,0,8,0,,0.0,0,8,0,,0.0,5,8,5,1.0,0.625,2,8,2,1.0,0.25,1,8,1,1.0,0.125,1,8,1,1.0,0.125,True,EQUAL_WEIGHT_PP_SUM_NOT_YEN_NOT_CAPITAL,
C0113,WITHIN_R0_RANK_RISK_12BAND,D-FULL,q3,B,REST_80,SESSION,2025-07-08,2,2,0,1.0,1,1,0,0,0,0,0,1,0,0,1,0,0,0,0,0,0,1,1,0,0,0,0,0,0,0,0,,,0,0,0.0,,0.0,,0,0,0.0,,0.0,,0,0,0.0,,0.0,,1,2,0.5,0.5,0.8,1.25,0,2,2,0.0,0.0,0,2,1,0.0,0.0,0,2,1,0.0,0.0,0,2,1,0.0,0.0,1,2,3,0.3333333333333333,0.5,1,2,3,0.3333333333333333,0.5,1,2,2,0.5,0.5,0,2,1,0.0,0.0,True,EQUAL_WEIGHT_PP_SUM_NOT_YEN_NOT_CAPITAL,SINGLE_POSITIVE_R_MASS_PRIVATE;SINGLE_NEGATIVE_R_MASS_PRIVATE
C0113,WITHIN_R0_RANK_RISK_12BAND,D-FULL,q3,B,REST_80,SESSION,2025-07-09,3,3,0,1.0,2,1,0,1,0,0,0,0,1,1,0,0,0,0,0,0,0,1,0,1,0,1,0,1,0,1,0,6.212796543092177,,0,0,0.0,,0.0,,0,0,0.0,,0.0,,0,0,0.0,,0.0,,1,2,0.3333333333333333,0.5,1.2,0.8333333333333334,1,3,1,1.0,0.3333333333333333,1,3,1,1.0,0.3333333333333333,1,3,1,1.0,0.3333333333333333,1,3,1,1.0,0.3333333333333333,1,3,3,0.3333333333333333,0.3333333333333333,1,3,2,0.5,0.3333333333333333,1,3,1,1.0,0.3333333333333333,0,3,0,,0.0,True,EQUAL_WEIGHT_PP_SUM_NOT_YEN_NOT_CAPITAL,SINGLE_NEGATIVE_R_MASS_PRIVATE
C0113,WITHIN_R0_RANK_RISK_12BAND,D-FULL,q3,B,REST_80,SESSION,2025-07-10,5,5,0,1.0,2,3,0,0,0,1,0,1,0,1,2,0,0,0,0,0,0,2,2,1,0,1,0,0,0,0,0,4.528067503753304,2.5128787093050513,0,0,0.0,,0.0,,0,0,0.0,,0.0,,0,0,0.0,,0.0,,3,4,0.6,0.75,3.3333333333333335,0.9,1,5,1,1.0,0.2,1,5,1,1.0,0.2,0,5,0,,0.0,0,5,0,,0.0,2,5,2,1.0,0.4,2,5,2,1.0,0.4,2,5,2,1.0,0.4,0,5,0,,0.0,True,EQUAL_WEIGHT_PP_SUM_NOT_YEN_NOT_CAPITAL,
C0113,WITHIN_R0_RANK_RISK_12BAND,D-FULL,q3,B,REST_80,SESSION,2025-07-15,7,7,0,1.0,1,6,0,0,0,0,1,0,0,4,1,1,0,0,0,0,0,1,2,1,1,0,0,0,0,0,0,,5.410376517089663,0,0,0.0,,0.0,,0,0,0.0,,0.0,,1,1,0.14285714285714285,1.0,1.0,1.0,6,6,0.8571428571428571,1.0,6.0,1.0,1,7,1,1.0,0.14285714285714285,0,7,0,,0.0,0,7,0,,0.0,0,7,0,,0.0,1,7,1,1.0,0.14285714285714285,1,7,1,1.0,0.14285714285714285,1,7,1,1.0,0.14285714285714285,0,7,0,,0.0,True,EQUAL_WEIGHT_PP_SUM_NOT_YEN_NOT_CAPITAL,SINGLE_POSITIVE_R_MASS_PRIVATE
C0113,WITHIN_R0_RANK_RISK_12BAND,D-FULL,q3,B,REST_80,SESSION,2025-07-16,5,5,0,1.0,1,4,0,0,0,0,1,0,0,2,0,1,1,0,0,0,0,1,2,1,2,0,1,0,0,0,0,,7.123312608493026,0,0,0.0,,0.0,,1,1,0.2,1.0,1.0,1.0,2,2,0.4,1.0,2.0,1.0,4,4,0.8,1.0,4.0,1.0,1,5,1,1.0,0.2,0,5,0,,0.0,0,5,0,,0.0,0,5,0,,0.0,2,5,2,1.0,0.4,1,5,1,1.0,0.2,0,5,0,,0.0,0,5,0,,0.0,True,EQUAL_WEIGHT_PP_SUM_NOT_YEN_NOT_CAPITAL,SINGLE_POSITIVE_R_MASS_PRIVATE
C0113,WITHIN_R0_RANK_RISK_12BAND,D-FULL,q3,B,REST_80,SESSION,2025-07-17,10,10,0,1.0,6,4,0,1,0,0,0,2,3,3,1,0,0,0,0,0,0,3,1,1,0,1,0,1,0,1,0,10.381624867222817,3.0354164642130166,0,0,0.0,,0.0,,0,0,0.0,,0.0,,0,2,0.0,0.0,1.3333333333333333,0.0,4,7,0.4,0.5714285714285714,4.666666666666667,0.8571428571428571,1,10,1,1.0,0.1,1,10,1,1.0,0.1,1,10,1,1.0,0.1,1,10,1,1.0,0.1,5,10,7,0.7142857142857143,0.5,4,10,6,0.6666666666666666,0.4,2,10,4,0.5,0.2,1,10,2,0.5,0.1,False,EQUAL_WEIGHT_PP_SUM_NOT_YEN_NOT_CAPITAL,
C0113,WITHIN_R0_RANK_RISK_12BAND,D-FULL,q3,B,REST_80,SESSION,2025-07-18,5,5,0,1.0,0,5,0,0,0,0,0,0,0,3,1,1,0,0,0,0,0,0,2,0,1,0,0,0,0,0,0,,5.764776286455434,0,0,0.0,,0.0,,0,0,0.0,,0.0,,1,1,0.2,1.0,0.7142857142857143,1.4,5,5,1.0,1.0,3.5714285714285716,1.4,0,5,0,,0.0,0,5,0,,0.0,0,5,0,,0.0,0,5,0,,0.0,0,5,2,0.0,0.0,0,5,1,0.0,0.0,0,5,0,,0.0,0,5,0,,0.0,True,EQUAL_WEIGHT_PP_SUM_NOT_YEN_NOT_CAPITAL,SINGLE_POSITIVE_R_MASS_PRIVATE
C0113,WITHIN_R0_RANK_RISK_12BAND,D-FULL,q3,B,REST_80,SESSION,2025-07-22,6,6,0,1.0,4,2,0,0,0,0,0,2,2,2,0,0,0,0,0,0,0,2,0,0,0,0,0,0,0,0,0,4.211261567416364,1.3752831677146566,0,1,0.0,0.0,0.75,0.0,0,1,0.0,0.0,0.75,0.0,0,1,0.0,0.0,0.75,0.0,2,3,0.3333333333333333,0.6666666666666666,2.25,0.8888888888888888,0,6,0,,0.0,0,6,0,,0.0,0,6,0,,0.0,0,6,0,,0.0,2,6,4,0.5,0.3333333333333333,0,6,0,,0.0,0,6,0,,0.0,0,6,0,,0.0,True,EQUAL_WEIGHT_PP_SUM_NOT_YEN_NOT_CAPITAL,
C0113,WITHIN_R0_RANK_RISK_12BAND,D-FULL,q3,B,REST_80,SESSION,2025-07-23,5,5,0,1.0,3,2,0,0,0,1,1,1,0,1,0,0,1,0,0,0,0,3,1,2,1,1,1,0,0,0,0,6.636776099698662,4.432727509913232,0,0,0.0,,0.0,,1,1,0.2,1.0,0.8333333333333334,1.2,1,1,0.2,1.0,0.8333333333333334,1.2,2,3,0.4,0.6666666666666666,2.5,0.8,2,5,2,1.0,0.4,1,5,1,1.0,0.2,0,5,0,,0.0,0,5,0,,0.0,3,5,4,0.75,0.6,3,5,4,0.75,0.6,2,5,2,1.0,0.4,1,5,1,1.0,0.2,True,EQUAL_WEIGHT_PP_SUM_NOT_YEN_NOT_CAPITAL,
C0113,WITHIN_R0_RANK_RISK_12BAND,D-FULL,q3,B,REST_80,SESSION,2025-07-24,11,11,0,1.0,2,9,0,0,0,0,0,1,1,4,3,1,0,1,0,0,0,1,5,0,2,0,1,0,1,0,0,1.3806195120111542,11.955108225835504,0,0,0.0,,0.0,,1,1,0.09090909090909091,1.0,0.7857142857142857,1.2727272727272727,2,2,0.18181818181818182,1.0,1.5714285714285714,1.2727272727272727,9,11,0.8181818181818182,0.8181818181818182,8.642857142857142,1.0413223140495869,0,11,0,,0.0,0,11,0,,0.0,0,11,0,,0.0,0,11,0,,0.0,1,11,3,0.3333333333333333,0.09090909090909091,1,11,1,1.0,0.09090909090909091,1,11,1,1.0,0.09090909090909091,0,11,0,,0.0,False,EQUAL_WEIGHT_PP_SUM_NOT_YEN_NOT_CAPITAL,
C0113,WITHIN_R0_RANK_RISK_12BAND,D-FULL,q3,B,REST_80,SESSION,2025-07-25,4,4,0,1.0,1,3,0,0,0,0,0,1,0,1,0,0,0,0,2,0,0,1,2,0,2,0,2,0,2,0,2,,18.15705112188245,2,2,0.5,1.0,1.6,1.25,2,2,0.5,1.0,1.6,1.25,2,2,0.5,1.0,1.6,1.25,3,3,0.75,1.0,2.4,1.25,0,4,1,0.0,0.0,0,4,1,0.0,0.0,0,4,1,0.0,0.0,0,4,1,0.0,0.0,4,4,5,0.8,1.0,1,4,2,0.5,0.25,0,4,1,0.0,0.0,0,4,1,0.0,0.0,True,EQUAL_WEIGHT_PP_SUM_NOT_YEN_NOT_CAPITAL,SINGLE_POSITIVE_R_MASS_PRIVATE
C0113,WITHIN_R0_RANK_RISK_12BAND,D-FULL,q3,B,REST_80,SESSION,2025-07-28,4,4,0,1.0,2,2,0,0,0,0,0,2,0,1,1,0,0,0,0,0,0,2,1,0,0,0,0,0,0,0,0,2.673363949820564,1.4710742254906155,0,0,0.0,,0.0,,0,1,0.0,0.0,0.6666666666666666,0.0,0,1,0.0,0.0,0.6666666666666666,0.0,2,4,0.5,0.5,2.6666666666666665,0.75,0,4,0,,0.0,0,4,0,,0.0,0,4,0,,0.0,0,4,0,,0.0,2,4,2,1.0,0.5,0,4,0,,0.0,0,4,0,,0.0,0,4,0,,0.0,True,EQUAL_WEIGHT_PP_SUM_NOT_YEN_NOT_CAPITAL,
C0113,WITHIN_R0_RANK_RISK_12BAND,D-FULL,q3,B,REST_80,SESSION,2025-07-29,5,5,0,1.0,3,2,0,0,0,0,0,1,2,0,1,1,0,0,0,0,0,1,2,0,1,0,0,0,0,0,0,2.6569085901634013,3.1815108007648534,0,0,0.0,,0.0,,0,0,0.0,,0.0,,1,1,0.2,1.0,0.8333333333333334,1.2,2,3,0.4,0.6666666666666666,2.5,0.8,0,5,0,,0.0,0,5,0,,0.0,0,5,0,,0.0,0,5,0,,0.0,3,5,4,0.75,0.6,2,5,3,0.6666666666666666,0.4,1,5,1,1.0,0.2,1,5,1,1.0,0.2,True,EQUAL_WEIGHT_PP_SUM_NOT_YEN_NOT_CAPITAL,
C0113,WITHIN_R0_RANK_RISK_12BAND,D-FULL,q3,B,REST_80,SESSION,2025-07-30,6,6,0,1.0,2,4,0,0,0,1,0,0,1,2,0,1,1,0,0,0,0,1,2,1,2,1,1,0,0,0,0,3.8215554676268044,7.434269637573452,0,0,0.0,,0.0,,1,2,0.16666666666666666,0.5,1.3333333333333333,0.75,2,3,0.3333333333333333,0.6666666666666666,2.0,1.0,4,5,0.6666666666666666,0.8,3.3333333333333335,1.2,1,6,2,0.5,0.16666666666666666,1,6,1,1.0,0.16666666666666666,0,6,0,,0.0,0,6,0,,0.0,3,6,4,0.75,0.5,2,6,3,0.6666666666666666,0.3333333333333333,2,6,2,1.0,0.3333333333333333,0,6,0,,0.0,True,EQUAL_WEIGHT_PP_SUM_NOT_YEN_NOT_CAPITAL,
C0113,WITHIN_R0_RANK_RISK_12BAND,D-FULL,q3,B,REST_80,SESSION,2025-07-31,6,6,0,1.0,3,3,0,0,0,0,0,0,3,1,1,1,0,0,0,0,0,0,2,0,1,0,0,0,0,0,0,2.1079056204615934,4.566494231289623,0,2,0.0,0.0,1.0909090909090908,0.0,0,2,0.0,0.0,1.0909090909090908,0.0,1,3,0.16666666666666666,0.3333333333333333,1.6363636363636365,0.6111111111111112,3,6,0.5,0.5,3.272727272727273,0.9166666666666666,0,6,0,,0.0,0,6,0,,0.0,0,6,0,,0.0,0,6,0,,0.0,3,6,7,0.42857142857142855,0.5,1,6,4,0.25,0.16666666666666666,1,6,2,0.5,0.16666666666666666,0,6,0,,0.0,True,EQUAL_WEIGHT_PP_SUM_NOT_YEN_NOT_CAPITAL,
C0113,WITHIN_R0_RANK_RISK_12BAND,D-FULL,q3,B,REST_80,SESSION,2025-08-01,7,7,0,1.0,3,4,0,0,0,1,0,0,2,3,0,1,0,0,0,0,0,1,1,1,1,1,0,0,0,0,0,4.330112487624544,3.8011169991442304,0,0,0.0,,0.0,,0,1,0.0,0.0,0.875,0.0,1,2,0.14285714285714285,0.5,1.75,0.5714285714285714,4,5,0.5714285714285714,0.8,4.375,0.9142857142857143,1,7,1,1.0,0.14285714285714285,1,7,1,1.0,0.14285714285714285,0,7,0,,0.0,0,7,0,,0.0,5,7,5,1.0,0.7142857142857143,5,7,5,1.0,0.7142857142857143,2,7,2,1.0,0.2857142857142857,1,7,1,1.0,0.14285714285714285,True,EQUAL_WEIGHT_PP_SUM_NOT_YEN_NOT_CAPITAL,
C0113,WITHIN_R0_RANK_RISK_12BAND,D-FULL,q3,B,REST_80,SESSION,2025-08-04,9,9,0,1.0,2,7,0,0,0,0,0,0,2,1,1,3,1,1,0,0,0,0,6,0,5,0,2,0,1,0,0,0.48165258813698036,17.667672040221156,0,0,0.0,,0.0,,2,2,0.2222222222222222,1.0,2.0,1.0,5,5,0.5555555555555556,1.0,5.0,1.0,7,7,0.7777777777777778,1.0,7.0,1.0,0,9,0,,0.0,0,9,0,,0.0,0,9,0,,0.0,0,9,0,,0.0,2,9,2,1.0,0.2222222222222222,0,9,0,,0.0,0,9,0,,0.0,0,9,0,,0.0,True,EQUAL_WEIGHT_PP_SUM_NOT_YEN_NOT_CAPITAL,
C0113,WITHIN_R0_RANK_RISK_12BAND,D-FULL,q3,B,REST_80,SESSION,2025-08-05,6,6,0,1.0,2,4,0,0,0,0,1,0,1,3,1,0,0,0,0,0,0,1,1,1,0,0,0,0,0,0,0,2.2884533612537865,2.339301070185628,0,0,0.0,,0.0,,0,0,0.0,,0.0,,0,0,0.0,,0.0,,4,4,0.6666666666666666,1.0,4.0,1.0,1,6,1,1.0,0.16666666666666666,0,6,0,,0.0,0,6,0,,0.0,0,6,0,,0.0,2,6,2,1.0,0.3333333333333333,2,6,2,1.0,0.3333333333333333,1,6,1,1.0,0.16666666666666666,0,6,0,,0.0,True,EQUAL_WEIGHT_PP_SUM_NOT_YEN_NOT_CAPITAL,
C0113,WITHIN_R0_RANK_RISK_12BAND,D-FULL,q3,B,REST_80,SESSION,2025-08-06,7,7,0,1.0,6,1,0,1,0,0,0,0,5,0,1,0,0,0,0,0,0,1,1,1,0,1,0,1,0,1,0,8.430396350153243,,0,0,0.0,,0.0,,0,0,0.0,,0.0,,0,0,0.0,,0.0,,1,2,0.14285714285714285,0.5,1.75,0.5714285714285714,1,7,1,1.0,0.14285714285714285,1,7,1,1.0,0.14285714285714285,1,7,1,1.0,0.14285714285714285,1,7,1,1.0,0.14285714285714285,3,7,4,0.75,0.42857142857142855,1,7,1,1.0,0.14285714285714285,1,7,1,1.0,0.14285714285714285,0,7,0,,0.0,True,EQUAL_WEIGHT_PP_SUM_NOT_YEN_NOT_CAPITAL,SINGLE_NEGATIVE_R_MASS_PRIVATE
C0113,WITHIN_R0_RANK_RISK_12BAND,D-FULL,q3,B,REST_80,SESSION,2025-08-07,9,9,0,1.0,2,7,0,1,0,0,0,1,0,1,2,1,1,1,1,0,0,2,6,1,4,1,3,1,2,1,1,10.28329692788508,23.819266828651067,1,1,0.1111111111111111,1.0,1.0,1.0,3,3,0.3333333333333333,1.0,3.0,1.0,4,4,0.4444444444444444,1.0,4.0,1.0,7,7,0.7777777777777778,1.0,7.0,1.0,1,9,1,1.0,0.1111111111111111,1,9,1,1.0,0.1111111111111111,1,9,1,1.0,0.1111111111111111,1,9,1,1.0,0.1111111111111111,2,9,2,1.0,0.2222222222222222,2,9,2,1.0,0.2222222222222222,1,9,1,1.0,0.1111111111111111,1,9,1,1.0,0.1111111111111111,True,EQUAL_WEIGHT_PP_SUM_NOT_YEN_NOT_CAPITAL,
C0113,WITHIN_R0_RANK_RISK_12BAND,D-FULL,q3,B,REST_80,SESSION,2025-08-08,9,9,0,1.0,4,5,0,0,0,0,0,0,4,3,1,1,0,0,0,0,0,0,2,0,1,0,0,0,0,0,0,1.8394002497436521,5.664332734290814,0,0,0.0,,0.0,,0,0,0.0,,0.0,,1,1,0.1111111111111111,1.0,0.8181818181818182,1.2222222222222223,5,6,0.5555555555555556,0.8333333333333334,4.909090909090909,1.0185185185185186,0,9,1,0.0,0.0,0,9,1,0.0,0.0,0,9,1,0.0,0.0,0,9,1,0.0,0.0,3,9,4,0.75,0.3333333333333333,2,9,3,0.6666666666666666,0.2222222222222222,1,9,2,0.5,0.1111111111111111,0,9,1,0.0,0.0,True,EQUAL_WEIGHT_PP_SUM_NOT_YEN_NOT_CAPITAL,
C0113,WITHIN_R0_RANK_RISK_12BAND,D-FULL,q3,B,REST_80,SESSION,2025-08-12,5,4,1,0.8,3,1,0,0,0,0,0,2,1,0,0,0,0,0,1,0,1,2,1,0,1,0,1,0,1,0,1,3.4358578177494485,,1,1,0.25,1.0,0.8,1.25,1,1,0.25,1.0,0.8,1.25,1,1,0.25,1.0,0.8,1.25,1,1,0.25,1.0,0.8,1.25,0,4,0,,0.0,0,4,0,,0.0,0,4,0,,0.0,0,4,0,,0.0,3,5,4,0.75,0.6,2,5,2,1.0,0.4,1,5,1,1.0,0.2,0,5,0,,0.0,True,EQUAL_WEIGHT_PP_SUM_NOT_YEN_NOT_CAPITAL,SINGLE_NEGATIVE_R_MASS_PRIVATE
C0113,WITHIN_R0_RANK_RISK_12BAND,D-FULL,q3,B,REST_80,SESSION,2025-08-13,5,5,0,1.0,3,2,0,0,0,0,1,1,1,1,1,0,0,0,0,0,0,2,1,1,0,0,0,0,0,0,0,3.9035364859000445,2.603245726642519,0,1,0.0,0.0,0.5,0.0,0,1,0.0,0.0,0.5,0.0,0,2,0.0,0.0,1.0,0.0,2,7,0.4,0.2857142857142857,3.5,0.5714285714285714,1,5,1,1.0,0.2,0,5,0,,0.0,0,5,0,,0.0,0,5,0,,0.0,3,5,6,0.5,0.6,2,5,4,0.5,0.4,0,5,1,0.0,0.0,0,5,0,,0.0,True,EQUAL_WEIGHT_PP_SUM_NOT_YEN_NOT_CAPITAL,
C0113,WITHIN_R0_RANK_RISK_12BAND,D-FULL,q3,B,REST_80,SESSION,2025-08-14,6,6,0,1.0,4,2,0,1,1,0,0,0,2,1,0,1,0,0,0,0,0,2,1,2,1,2,0,2,0,1,0,21.141999571303455,2.528759735887683,0,0,0.0,,0.0,,0,1,0.0,0.0,0.5454545454545454,0.0,1,3,0.16666666666666666,0.3333333333333333,1.6363636363636365,0.6111111111111112,2,6,0.3333333333333333,0.3333333333333333,3.272727272727273,0.6111111111111112,2,6,3,0.6666666666666666,0.3333333333333333,2,6,3,0.6666666666666666,0.3333333333333333,2,6,3,0.6666666666666666,0.3333333333333333,1,6,1,1.0,0.16666666666666666,5,6,6,0.8333333333333334,0.8333333333333334,3,6,4,0.75,0.5,2,6,3,0.6666666666666666,0.3333333333333333,1,6,1,1.0,0.16666666666666666,True,EQUAL_WEIGHT_PP_SUM_NOT_YEN_NOT_CAPITAL,
C0113,WITHIN_R0_RANK_RISK_12BAND,D-FULL,q3,B,REST_80,SESSION,2025-08-15,6,6,0,1.0,5,1,0,0,0,1,0,2,2,0,1,0,0,0,0,0,0,3,1,1,0,1,0,0,0,0,0,7.299345135288277,,0,0,0.0,,0.0,,0,0,0.0,,0.0,,0,0,0.0,,0.0,,1,1,0.16666666666666666,1.0,0.8571428571428571,1.1666666666666667,1,6,2,0.5,0.16666666666666666,1,6,2,0.5,0.16666666666666666,0,6,0,,0.0,0,6,0,,0.0,4,6,5,0.8,0.6666666666666666,2,6,3,0.6666666666666666,0.3333333333333333,1,6,2,0.5,0.16666666666666666,0,6,0,,0.0,True,EQUAL_WEIGHT_PP_SUM_NOT_YEN_NOT_CAPITAL,SINGLE_NEGATIVE_R_MASS_PRIVATE
C0113,WITHIN_R0_RANK_RISK_12BAND,D-FULL,q3,B,REST_80,SESSION,2025-08-18,10,10,0,1.0,5,5,0,0,0,2,0,1,2,3,2,0,0,0,0,0,0,3,2,2,0,2,0,0,0,0,0,10.244619394756254,5.5219584555217684,0,0,0.0,,0.0,,0,0,0.0,,0.0,,0,0,0.0,,0.0,,5,5,0.5,1.0,4.545454545454546,1.1,2,10,3,0.6666666666666666,0.2,2,10,3,0.6666666666666666,0.2,0,10,1,0.0,0.0,0,10,1,0.0,0.0,6,10,7,0.8571428571428571,0.6,5,10,6,0.8333333333333334,0.5,2,10,3,0.6666666666666666,0.2,1,10,1,1.0,0.1,False,EQUAL_WEIGHT_PP_SUM_NOT_YEN_NOT_CAPITAL,
C0113,WITHIN_R0_RANK_RISK_12BAND,D-FULL,q3,B,REST_80,SESSION,2025-08-19,9,9,0,1.0,6,3,0,0,0,0,3,2,1,1,1,1,0,0,0,0,0,5,2,3,1,0,0,0,0,0,0,10.356803806915066,3.3141872472207305,0,0,0.0,,0.0,,0,0,0.0,,0.0,,1,1,0.1111111111111111,1.0,0.75,1.3333333333333333,3,5,0.3333333333333333,0.6,3.75,0.8,3,9,3,1.0,0.3333333333333333,0,9,0,,0.0,0,9,0,,0.0,0,9,0,,0.0,5,9,7,0.7142857142857143,0.5555555555555556,2,9,2,1.0,0.2222222222222222,2,9,2,1.0,0.2222222222222222,1,9,1,1.0,0.1111111111111111,True,EQUAL_WEIGHT_PP_SUM_NOT_YEN_NOT_CAPITAL,
C0113,WITHIN_R0_RANK_RISK_12BAND,D-FULL,q3,B,REST_80,SESSION,2025-08-20,7,7,0,1.0,4,3,0,0,0,1,0,1,2,2,0,1,0,0,0,0,0,2,1,1,1,1,0,0,0,0,0,6.011998027068211,3.9096042375852997,0,0,0.0,,0.0,,0,0,0.0,,0.0,,1,1,0.14285714285714285,1.0,1.0,1.0,3,3,0.42857142857142855,1.0,3.0,1.0,1,7,1,1.0,0.14285714285714285,1,7,1,1.0,0.14285714285714285,0,7,0,,0.0,0,7,0,,0.0,5,7,5,1.0,0.7142857142857143,5,7,5,1.0,0.7142857142857143,4,7,4,1.0,0.5714285714285714,1,7,1,1.0,0.14285714285714285,True,EQUAL_WEIGHT_PP_SUM_NOT_YEN_NOT_CAPITAL,
C0113,WITHIN_R0_RANK_RISK_12BAND,D-FULL,q3,B,REST_80,SESSION,2025-08-21,7,7,0,1.0,2,5,0,0,0,0,0,0,2,3,0,2,0,0,0,0,0,0,2,0,2,0,0,0,0,0,0,0.934250528446719,5.4931643078581205,0,0,0.0,,0.0,,0,0,0.0,,0.0,,2,3,0.2857142857142857,0.6666666666666666,2.625,0.7619047619047619,5,6,0.7142857142857143,0.8333333333333334,5.25,0.9523809523809523,0,7,0,,0.0,0,7,0,,0.0,0,7,0,,0.0,0,7,0,,0.0,1,7,1,1.0,0.14285714285714285,0,7,0,,0.0,0,7,0,,0.0,0,7,0,,0.0,True,EQUAL_WEIGHT_PP_SUM_NOT_YEN_NOT_CAPITAL,
C0113,WITHIN_R0_RANK_RISK_12BAND,D-FULL,q3,B,REST_80,SESSION,2025-08-22,5,5,0,1.0,0,5,0,0,0,0,0,0,0,1,1,1,0,1,1,0,0,0,4,0,3,0,2,0,2,0,1,,14.895331156534077,1,2,0.2,0.5,1.6666666666666667,0.6,2,3,0.4,0.6666666666666666,2.5,0.8,3,4,0.6,0.75,3.3333333333333335,0.9,5,6,1.0,0.8333333333333334,5.0,1.0,0,5,0,,0.0,0,5,0,,0.0,0,5,0,,0.0,0,5,0,,0.0,4,5,4,1.0,0.8,1,5,1,1.0,0.2,0,5,0,,0.0,0,5,0,,0.0,True,EQUAL_WEIGHT_PP_SUM_NOT_YEN_NOT_CAPITAL,SINGLE_POSITIVE_R_MASS_PRIVATE
C0113,WITHIN_R0_RANK_RISK_12BAND,D-FULL,q3,B,REST_80,SESSION,2025-08-25,8,8,0,1.0,7,1,0,0,0,2,1,0,4,1,0,0,0,0,0,0,0,3,0,3,0,2,0,0,0,0,0,11.06387930417755,,0,1,0.0,0.0,0.7272727272727273,0.0,0,2,0.0,0.0,1.4545454545454546,0.0,0,2,0.0,0.0,1.4545454545454546,0.0,1,3,0.125,0.3333333333333333,2.1818181818181817,0.4583333333333333,3,8,4,0.75,0.375,2,8,3,0.6666666666666666,0.25,0,8,1,0.0,0.0,0,8,1,0.0,0.0,7,8,9,0.7777777777777778,0.875,7,8,8,0.875,0.875,3,8,4,0.75,0.375,2,8,3,0.6666666666666666,0.25,True,EQUAL_WEIGHT_PP_SUM_NOT_YEN_NOT_CAPITAL,SINGLE_NEGATIVE_R_MASS_PRIVATE
C0113,WITHIN_R0_RANK_RISK_12BAND,D-FULL,q3,B,REST_80,RANK,S,0,0,0,,0,0,0,0,0,0,0,0,0,0,0,0,0,0,0,0,0,0,0,0,0,0,0,0,0,0,0,,,0,0,,,0.0,,0,0,,,0.0,,0,0,,,0.0,,0,0,,,0.0,,0,0,0,,,0,0,0,,,0,0,0,,,0,0,0,,,0,0,0,,,0,0,0,,,0,0,0,,,0,0,0,,,True,EQUAL_WEIGHT_PP_SUM_NOT_YEN_NOT_CAPITAL,SINGLE_POSITIVE_R_MASS_PRIVATE;SINGLE_NEGATIVE_R_MASS_PRIVATE
C0113,WITHIN_R0_RANK_RISK_12BAND,D-FULL,q3,B,REST_80,RANK,A,0,0,0,,0,0,0,0,0,0,0,0,0,0,0,0,0,0,0,0,0,0,0,0,0,0,0,0,0,0,0,,,0,0,,,0.0,,0,0,,,0.0,,0,0,,,0.0,,0,0,,,0.0,,0,0,0,,,0,0,0,,,0,0,0,,,0,0,0,,,0,0,0,,,0,0,0,,,0,0,0,,,0,0,0,,,True,EQUAL_WEIGHT_PP_SUM_NOT_YEN_NOT_CAPITAL,SINGLE_POSITIVE_R_MASS_PRIVATE;SINGLE_NEGATIVE_R_MASS_PRIVATE
C0113,WITHIN_R0_RANK_RISK_12BAND,D-FULL,q3,B,REST_80,RANK,B,235,233,2,0.9914893617021276,102,131,0,5,2,10,9,28,48,61,32,22,5,5,6,0,2,54,70,26,38,17,16,7,11,5,6,166.43179536940144,213.92444143103947,6,12,0.02575107296137339,0.5,9.498436892041543,0.6316828830043837,16,28,0.06866952789699571,0.5714285714285714,22.14538625003741,0.7224981230559016,38,55,0.1630901287553648,0.6909090909090909,43.495683103822635,0.8736499185285896,131,168,0.5622317596566524,0.7797619047619048,132.67415773520423,0.9873814331005922,26,233,36,0.7222222222222222,0.11158798283261803,17,233,25,0.68,0.07296137339055794,7,233,14,0.5,0.030042918454935622,5,233,11,0.45454545454545453,0.02145922746781116,110,235,147,0.7482993197278912,0.46808510638297873,73,235,95,0.7684210526315789,0.31063829787234043,41,235,54,0.7592592592592593,0.17446808510638298,13,235,18,0.7222222222222222,0.05531914893617021,False,EQUAL_WEIGHT_PP_SUM_NOT_YEN_NOT_CAPITAL,
C0113,WITHIN_R0_RANK_RISK_12BAND,D-FULL,q3,B,REST_80,RANK,C,0,0,0,,0,0,0,0,0,0,0,0,0,0,0,0,0,0,0,0,0,0,0,0,0,0,0,0,0,0,0,,,0,0,,,0.0,,0,0,,,0.0,,0,0,,,0.0,,0,0,,,0.0,,0,0,0,,,0,0,0,,,0,0,0,,,0,0,0,,,0,0,0,,,0,0,0,,,0,0,0,,,0,0,0,,,True,EQUAL_WEIGHT_PP_SUM_NOT_YEN_NOT_CAPITAL,SINGLE_POSITIVE_R_MASS_PRIVATE;SINGLE_NEGATIVE_R_MASS_PRIVATE
C0113,WITHIN_R0_RANK_RISK_12BAND,D-FULL,q3,B,REST_80,EXECUTION_ELIGIBLE,TRUE,235,233,2,0.9914893617021276,102,131,0,5,2,10,9,28,48,61,32,22,5,5,6,0,2,54,70,26,38,17,16,7,11,5,6,166.43179536940144,213.92444143103947,6,12,0.02575107296137339,0.5,9.498436892041543,0.6316828830043837,16,28,0.06866952789699571,0.5714285714285714,22.14538625003741,0.7224981230559016,38,55,0.1630901287553648,0.6909090909090909,43.495683103822635,0.8736499185285896,131,168,0.5622317596566524,0.7797619047619048,132.67415773520423,0.9873814331005922,26,233,36,0.7222222222222222,0.11158798283261803,17,233,25,0.68,0.07296137339055794,7,233,14,0.5,0.030042918454935622,5,233,11,0.45454545454545453,0.02145922746781116,110,235,147,0.7482993197278912,0.46808510638297873,73,235,95,0.7684210526315789,0.31063829787234043,41,235,54,0.7592592592592593,0.17446808510638298,13,235,18,0.7222222222222222,0.05531914893617021,False,EQUAL_WEIGHT_PP_SUM_NOT_YEN_NOT_CAPITAL,
C0113,WITHIN_R0_RANK_RISK_12BAND,D-FULL,q3,B,REST_80,R0_PASS,SAB,235,233,2,0.9914893617021276,102,131,0,5,2,10,9,28,48,61,32,22,5,5,6,0,2,54,70,26,38,17,16,7,11,5,6,166.43179536940144,213.92444143103947,6,12,0.02575107296137339,0.5,9.498436892041543,0.6316828830043837,16,28,0.06866952789699571,0.5714285714285714,22.14538625003741,0.7224981230559016,38,55,0.1630901287553648,0.6909090909090909,43.495683103822635,0.8736499185285896,131,168,0.5622317596566524,0.7797619047619048,132.67415773520423,0.9873814331005922,26,233,36,0.7222222222222222,0.11158798283261803,17,233,25,0.68,0.07296137339055794,7,233,14,0.5,0.030042918454935622,5,233,11,0.45454545454545453,0.02145922746781116,110,235,147,0.7482993197278912,0.46808510638297873,73,235,95,0.7684210526315789,0.31063829787234043,41,235,54,0.7592592592592593,0.17446808510638298,13,235,18,0.7222222222222222,0.05531914893617021,False,EQUAL_WEIGHT_PP_SUM_NOT_YEN_NOT_CAPITAL,
C0113,WITHIN_R0_RANK_RISK_12BAND,D-FULL,q3,B,REST_80,E0_FUNDED,SAVED,33,33,0,1.0,14,19,0,2,0,1,2,2,7,7,8,1,2,1,0,0,0,7,12,5,4,3,3,2,1,2,0,24.127933992632077,29.430641170887217,0,1,0.0,0.0,0.8,0.0,3,5,0.09090909090909091,0.6,4.4,0.6818181818181818,4,6,0.12121212121212122,0.6666666666666666,5.4,0.7407407407407407,19,23,0.5757575757575758,0.8260869565217391,19.516666666666666,0.9735269000853971,5,33,6,0.8333333333333334,0.15151515151515152,3,33,4,0.75,0.09090909090909091,2,33,3,0.6666666666666666,0.06060606060606061,2,33,3,0.6666666666666666,0.06060606060606061,17,33,20,0.85,0.5151515151515151,13,33,15,0.8666666666666667,0.3939393939393939,5,33,7,0.7142857142857143,0.15151515151515152,3,33,4,0.75,0.09090909090909091,False,EQUAL_WEIGHT_PP_SUM_NOT_YEN_NOT_CAPITAL,
C0114,WITHIN_R0_RANK_RISK_12BAND,D-FULL,q3,B,UNASSESSED,ALL,ALL,0,0,0,,0,0,0,0,0,0,0,0,0,0,0,0,0,0,0,0,0,0,0,0,0,0,0,0,0,0,0,,,0,12,,0.0,0.0,,0,28,,0.0,0.0,,0,55,,0.0,0.0,,0,168,,0.0,0.0,,0,0,36,0.0,,0,0,25,0.0,,0,0,14,0.0,,0,0,11,0.0,,0,0,147,0.0,,0,0,95,0.0,,0,0,54,0.0,,0,0,18,0.0,,True,EQUAL_WEIGHT_PP_SUM_NOT_YEN_NOT_CAPITAL,SINGLE_POSITIVE_R_MASS_PRIVATE;SINGLE_NEGATIVE_R_MASS_PRIVATE
C0114,WITHIN_R0_RANK_RISK_12BAND,D-FULL,q3,B,UNASSESSED,BLOCK,1,0,0,0,,0,0,0,0,0,0,0,0,0,0,0,0,0,0,0,0,0,0,0,0,0,0,0,0,0,0,0,,,0,1,,0.0,0.0,,0,3,,0.0,0.0,,0,5,,0.0,0.0,,0,17,,0.0,0.0,,0,0,1,0.0,,0,0,1,0.0,,0,0,1,0.0,,0,0,1,0.0,,0,0,11,0.0,,0,0,8,0.0,,0,0,5,0.0,,0,0,1,0.0,,True,EQUAL_WEIGHT_PP_SUM_NOT_YEN_NOT_CAPITAL,SINGLE_POSITIVE_R_MASS_PRIVATE;SINGLE_NEGATIVE_R_MASS_PRIVATE
C0114,WITHIN_R0_RANK_RISK_12BAND,D-FULL,q3,B,UNASSESSED,BLOCK,2,0,0,0,,0,0,0,0,0,0,0,0,0,0,0,0,0,0,0,0,0,0,0,0,0,0,0,0,0,0,0,,,0,0,,,0.0,,0,0,,,0.0,,0,1,,0.0,0.0,,0,17,,0.0,0.0,,0,0,5,0.0,,0,0,4,0.0,,0,0,3,0.0,,0,0,2,0.0,,0,0,18,0.0,,0,0,13,0.0,,0,0,8,0.0,,0,0,2,0.0,,True,EQUAL_WEIGHT_PP_SUM_NOT_YEN_NOT_CAPITAL,SINGLE_POSITIVE_R_MASS_PRIVATE;SINGLE_NEGATIVE_R_MASS_PRIVATE
C0114,WITHIN_R0_RANK_RISK_12BAND,D-FULL,q3,B,UNASSESSED,BLOCK,3,0,0,0,,0,0,0,0,0,0,0,0,0,0,0,0,0,0,0,0,0,0,0,0,0,0,0,0,0,0,0,,,0,1,,0.0,0.0,,0,2,,0.0,0.0,,0,7,,0.0,0.0,,0,25,,0.0,0.0,,0,0,3,0.0,,0,0,1,0.0,,0,0,1,0.0,,0,0,1,0.0,,0,0,16,0.0,,0,0,9,0.0,,0,0,5,0.0,,0,0,2,0.0,,True,EQUAL_WEIGHT_PP_SUM_NOT_YEN_NOT_CAPITAL,SINGLE_POSITIVE_R_MASS_PRIVATE;SINGLE_NEGATIVE_R_MASS_PRIVATE
C0114,WITHIN_R0_RANK_RISK_12BAND,D-FULL,q3,B,UNASSESSED,BLOCK,4,0,0,0,,0,0,0,0,0,0,0,0,0,0,0,0,0,0,0,0,0,0,0,0,0,0,0,0,0,0,0,,,0,2,,0.0,0.0,,0,5,,0.0,0.0,,0,7,,0.0,0.0,,0,24,,0.0,0.0,,0,0,3,0.0,,0,0,2,0.0,,0,0,1,0.0,,0,0,1,0.0,,0,0,18,0.0,,0,0,10,0.0,,0,0,5,0.0,,0,0,3,0.0,,True,EQUAL_WEIGHT_PP_SUM_NOT_YEN_NOT_CAPITAL,SINGLE_POSITIVE_R_MASS_PRIVATE;SINGLE_NEGATIVE_R_MASS_PRIVATE
C0114,WITHIN_R0_RANK_RISK_12BAND,D-FULL,q3,B,UNASSESSED,BLOCK,5,0,0,0,,0,0,0,0,0,0,0,0,0,0,0,0,0,0,0,0,0,0,0,0,0,0,0,0,0,0,0,,,0,2,,0.0,0.0,,0,7,,0.0,0.0,,0,13,,0.0,0.0,,0,27,,0.0,0.0,,0,0,4,0.0,,0,0,2,0.0,,0,0,0,,,0,0,0,,,0,0,20,0.0,,0,0,14,0.0,,0,0,7,0.0,,0,0,1,0.0,,True,EQUAL_WEIGHT_PP_SUM_NOT_YEN_NOT_CAPITAL,SINGLE_POSITIVE_R_MASS_PRIVATE;SINGLE_NEGATIVE_R_MASS_PRIVATE
C0114,WITHIN_R0_RANK_RISK_12BAND,D-FULL,q3,B,UNASSESSED,BLOCK,6,0,0,0,,0,0,0,0,0,0,0,0,0,0,0,0,0,0,0,0,0,0,0,0,0,0,0,0,0,0,0,,,0,3,,0.0,0.0,,0,5,,0.0,0.0,,0,8,,0.0,0.0,,0,23,,0.0,0.0,,0,0,4,0.0,,0,0,3,0.0,,0,0,3,0.0,,0,0,3,0.0,,0,0,20,0.0,,0,0,12,0.0,,0,0,6,0.0,,0,0,2,0.0,,True,EQUAL_WEIGHT_PP_SUM_NOT_YEN_NOT_CAPITAL,SINGLE_POSITIVE_R_MASS_PRIVATE;SINGLE_NEGATIVE_R_MASS_PRIVATE
C0114,WITHIN_R0_RANK_RISK_12BAND,D-FULL,q3,B,UNASSESSED,BLOCK,7,0,0,0,,0,0,0,0,0,0,0,0,0,0,0,0,0,0,0,0,0,0,0,0,0,0,0,0,0,0,0,,,0,0,,,0.0,,0,1,,0.0,0.0,,0,5,,0.0,0.0,,0,20,,0.0,0.0,,0,0,12,0.0,,0,0,9,0.0,,0,0,4,0.0,,0,0,2,0.0,,0,0,30,0.0,,0,0,20,0.0,,0,0,14,0.0,,0,0,4,0.0,,True,EQUAL_WEIGHT_PP_SUM_NOT_YEN_NOT_CAPITAL,SINGLE_POSITIVE_R_MASS_PRIVATE;SINGLE_NEGATIVE_R_MASS_PRIVATE
C0114,WITHIN_R0_RANK_RISK_12BAND,D-FULL,q3,B,UNASSESSED,BLOCK,8,0,0,0,,0,0,0,0,0,0,0,0,0,0,0,0,0,0,0,0,0,0,0,0,0,0,0,0,0,0,0,,,0,3,,0.0,0.0,,0,5,,0.0,0.0,,0,9,,0.0,0.0,,0,15,,0.0,0.0,,0,0,4,0.0,,0,0,3,0.0,,0,0,1,0.0,,0,0,1,0.0,,0,0,14,0.0,,0,0,9,0.0,,0,0,4,0.0,,0,0,3,0.0,,True,EQUAL_WEIGHT_PP_SUM_NOT_YEN_NOT_CAPITAL,SINGLE_POSITIVE_R_MASS_PRIVATE;SINGLE_NEGATIVE_R_MASS_PRIVATE
C0114,WITHIN_R0_RANK_RISK_12BAND,D-FULL,q3,B,UNASSESSED,SESSION,2025-06-27,0,0,0,,0,0,0,0,0,0,0,0,0,0,0,0,0,0,0,0,0,0,0,0,0,0,0,0,0,0,0,,,0,0,,,0.0,,0,1,,0.0,0.0,,0,1,,0.0,0.0,,0,3,,0.0,0.0,,0,0,1,0.0,,0,0,1,0.0,,0,0,1,0.0,,0,0,1,0.0,,0,0,4,0.0,,0,0,3,0.0,,0,0,2,0.0,,0,0,0,,,True,EQUAL_WEIGHT_PP_SUM_NOT_YEN_NOT_CAPITAL,SINGLE_POSITIVE_R_MASS_PRIVATE;SINGLE_NEGATIVE_R_MASS_PRIVATE
C0114,WITHIN_R0_RANK_RISK_12BAND,D-FULL,q3,B,UNASSESSED,SESSION,2025-06-30,0,0,0,,0,0,0,0,0,0,0,0,0,0,0,0,0,0,0,0,0,0,0,0,0,0,0,0,0,0,0,,,0,0,,,0.0,,0,1,,0.0,0.0,,0,3,,0.0,0.0,,0,4,,0.0,0.0,,0,0,0,,,0,0,0,,,0,0,0,,,0,0,0,,,0,0,1,0.0,,0,0,1,0.0,,0,0,1,0.0,,0,0,0,,,True,EQUAL_WEIGHT_PP_SUM_NOT_YEN_NOT_CAPITAL,SINGLE_POSITIVE_R_MASS_PRIVATE;SINGLE_NEGATIVE_R_MASS_PRIVATE
C0114,WITHIN_R0_RANK_RISK_12BAND,D-FULL,q3,B,UNASSESSED,SESSION,2025-07-01,0,0,0,,0,0,0,0,0,0,0,0,0,0,0,0,0,0,0,0,0,0,0,0,0,0,0,0,0,0,0,,,0,0,,,0.0,,0,0,,,0.0,,0,0,,,0.0,,0,2,,0.0,0.0,,0,0,0,,,0,0,0,,,0,0,0,,,0,0,0,,,0,0,1,0.0,,0,0,1,0.0,,0,0,0,,,0,0,0,,,True,EQUAL_WEIGHT_PP_SUM_NOT_YEN_NOT_CAPITAL,SINGLE_POSITIVE_R_MASS_PRIVATE;SINGLE_NEGATIVE_R_MASS_PRIVATE
C0114,WITHIN_R0_RANK_RISK_12BAND,D-FULL,q3,B,UNASSESSED,SESSION,2025-07-02,0,0,0,,0,0,0,0,0,0,0,0,0,0,0,0,0,0,0,0,0,0,0,0,0,0,0,0,0,0,0,,,0,1,,0.0,0.0,,0,1,,0.0,0.0,,0,1,,0.0,0.0,,0,8,,0.0,0.0,,0,0,0,,,0,0,0,,,0,0,0,,,0,0,0,,,0,0,5,0.0,,0,0,3,0.0,,0,0,2,0.0,,0,0,1,0.0,,True,EQUAL_WEIGHT_PP_SUM_NOT_YEN_NOT_CAPITAL,SINGLE_POSITIVE_R_MASS_PRIVATE;SINGLE_NEGATIVE_R_MASS_PRIVATE
C0114,WITHIN_R0_RANK_RISK_12BAND,D-FULL,q3,B,UNASSESSED,SESSION,2025-07-03,0,0,0,,0,0,0,0,0,0,0,0,0,0,0,0,0,0,0,0,0,0,0,0,0,0,0,0,0,0,0,,,0,0,,,0.0,,0,0,,,0.0,,0,0,,,0.0,,0,0,,,0.0,,0,0,0,,,0,0,0,,,0,0,0,,,0,0,0,,,0,0,0,,,0,0,0,,,0,0,0,,,0,0,0,,,True,EQUAL_WEIGHT_PP_SUM_NOT_YEN_NOT_CAPITAL,SINGLE_POSITIVE_R_MASS_PRIVATE;SINGLE_NEGATIVE_R_MASS_PRIVATE
C0114,WITHIN_R0_RANK_RISK_12BAND,D-FULL,q3,B,UNASSESSED,SESSION,2025-07-04,0,0,0,,0,0,0,0,0,0,0,0,0,0,0,0,0,0,0,0,0,0,0,0,0,0,0,0,0,0,0,,,0,0,,,0.0,,0,0,,,0.0,,0,1,,0.0,0.0,,0,4,,0.0,0.0,,0,0,1,0.0,,0,0,1,0.0,,0,0,1,0.0,,0,0,0,,,0,0,5,0.0,,0,0,4,0.0,,0,0,2,0.0,,0,0,0,,,True,EQUAL_WEIGHT_PP_SUM_NOT_YEN_NOT_CAPITAL,SINGLE_POSITIVE_R_MASS_PRIVATE;SINGLE_NEGATIVE_R_MASS_PRIVATE
C0114,WITHIN_R0_RANK_RISK_12BAND,D-FULL,q3,B,UNASSESSED,SESSION,2025-07-07,0,0,0,,0,0,0,0,0,0,0,0,0,0,0,0,0,0,0,0,0,0,0,0,0,0,0,0,0,0,0,,,0,0,,,0.0,,0,0,,,0.0,,0,0,,,0.0,,0,5,,0.0,0.0,,0,0,0,,,0,0,0,,,0,0,0,,,0,0,0,,,0,0,5,0.0,,0,0,2,0.0,,0,0,1,0.0,,0,0,1,0.0,,True,EQUAL_WEIGHT_PP_SUM_NOT_YEN_NOT_CAPITAL,SINGLE_POSITIVE_R_MASS_PRIVATE;SINGLE_NEGATIVE_R_MASS_PRIVATE
C0114,WITHIN_R0_RANK_RISK_12BAND,D-FULL,q3,B,UNASSESSED,SESSION,2025-07-08,0,0,0,,0,0,0,0,0,0,0,0,0,0,0,0,0,0,0,0,0,0,0,0,0,0,0,0,0,0,0,,,0,0,,,0.0,,0,0,,,0.0,,0,0,,,0.0,,0,2,,0.0,0.0,,0,0,2,0.0,,0,0,1,0.0,,0,0,1,0.0,,0,0,1,0.0,,0,0,3,0.0,,0,0,3,0.0,,0,0,2,0.0,,0,0,1,0.0,,True,EQUAL_WEIGHT_PP_SUM_NOT_YEN_NOT_CAPITAL,SINGLE_POSITIVE_R_MASS_PRIVATE;SINGLE_NEGATIVE_R_MASS_PRIVATE
C0114,WITHIN_R0_RANK_RISK_12BAND,D-FULL,q3,B,UNASSESSED,SESSION,2025-07-09,0,0,0,,0,0,0,0,0,0,0,0,0,0,0,0,0,0,0,0,0,0,0,0,0,0,0,0,0,0,0,,,0,0,,,0.0,,0,0,,,0.0,,0,0,,,0.0,,0,2,,0.0,0.0,,0,0,1,0.0,,0,0,1,0.0,,0,0,1,0.0,,0,0,1,0.0,,0,0,3,0.0,,0,0,2,0.0,,0,0,1,0.0,,0,0,0,,,True,EQUAL_WEIGHT_PP_SUM_NOT_YEN_NOT_CAPITAL,SINGLE_POSITIVE_R_MASS_PRIVATE;SINGLE_NEGATIVE_R_MASS_PRIVATE
C0114,WITHIN_R0_RANK_RISK_12BAND,D-FULL,q3,B,UNASSESSED,SESSION,2025-07-10,0,0,0,,0,0,0,0,0,0,0,0,0,0,0,0,0,0,0,0,0,0,0,0,0,0,0,0,0,0,0,,,0,0,,,0.0,,0,0,,,0.0,,0,0,,,0.0,,0,4,,0.0,0.0,,0,0,1,0.0,,0,0,1,0.0,,0,0,0,,,0,0,0,,,0,0,2,0.0,,0,0,2,0.0,,0,0,2,0.0,,0,0,0,,,True,EQUAL_WEIGHT_PP_SUM_NOT_YEN_NOT_CAPITAL,SINGLE_POSITIVE_R_MASS_PRIVATE;SINGLE_NEGATIVE_R_MASS_PRIVATE
C0114,WITHIN_R0_RANK_RISK_12BAND,D-FULL,q3,B,UNASSESSED,SESSION,2025-07-15,0,0,0,,0,0,0,0,0,0,0,0,0,0,0,0,0,0,0,0,0,0,0,0,0,0,0,0,0,0,0,,,0,0,,,0.0,,0,0,,,0.0,,0,1,,0.0,0.0,,0,6,,0.0,0.0,,0,0,1,0.0,,0,0,0,,,0,0,0,,,0,0,0,,,0,0,1,0.0,,0,0,1,0.0,,0,0,1,0.0,,0,0,0,,,True,EQUAL_WEIGHT_PP_SUM_NOT_YEN_NOT_CAPITAL,SINGLE_POSITIVE_R_MASS_PRIVATE;SINGLE_NEGATIVE_R_MASS_PRIVATE
C0114,WITHIN_R0_RANK_RISK_12BAND,D-FULL,q3,B,UNASSESSED,SESSION,2025-07-16,0,0,0,,0,0,0,0,0,0,0,0,0,0,0,0,0,0,0,0,0,0,0,0,0,0,0,0,0,0,0,,,0,0,,,0.0,,0,1,,0.0,0.0,,0,2,,0.0,0.0,,0,4,,0.0,0.0,,0,0,1,0.0,,0,0,0,,,0,0,0,,,0,0,0,,,0,0,2,0.0,,0,0,1,0.0,,0,0,0,,,0,0,0,,,True,EQUAL_WEIGHT_PP_SUM_NOT_YEN_NOT_CAPITAL,SINGLE_POSITIVE_R_MASS_PRIVATE;SINGLE_NEGATIVE_R_MASS_PRIVATE
C0114,WITHIN_R0_RANK_RISK_12BAND,D-FULL,q3,B,UNASSESSED,SESSION,2025-07-17,0,0,0,,0,0,0,0,0,0,0,0,0,0,0,0,0,0,0,0,0,0,0,0,0,0,0,0,0,0,0,,,0,0,,,0.0,,0,0,,,0.0,,0,2,,0.0,0.0,,0,7,,0.0,0.0,,0,0,1,0.0,,0,0,1,0.0,,0,0,1,0.0,,0,0,1,0.0,,0,0,7,0.0,,0,0,6,0.0,,0,0,4,0.0,,0,0,2,0.0,,True,EQUAL_WEIGHT_PP_SUM_NOT_YEN_NOT_CAPITAL,SINGLE_POSITIVE_R_MASS_PRIVATE;SINGLE_NEGATIVE_R_MASS_PRIVATE
C0114,WITHIN_R0_RANK_RISK_12BAND,D-FULL,q3,B,UNASSESSED,SESSION,2025-07-18,0,0,0,,0,0,0,0,0,0,0,0,0,0,0,0,0,0,0,0,0,0,0,0,0,0,0,0,0,0,0,,,0,0,,,0.0,,0,0,,,0.0,,0,1,,0.0,0.0,,0,5,,0.0,0.0,,0,0,0,,,0,0,0,,,0,0,0,,,0,0,0,,,0,0,2,0.0,,0,0,1,0.0,,0,0,0,,,0,0,0,,,True,EQUAL_WEIGHT_PP_SUM_NOT_YEN_NOT_CAPITAL,SINGLE_POSITIVE_R_MASS_PRIVATE;SINGLE_NEGATIVE_R_MASS_PRIVATE
C0114,WITHIN_R0_RANK_RISK_12BAND,D-FULL,q3,B,UNASSESSED,SESSION,2025-07-22,0,0,0,,0,0,0,0,0,0,0,0,0,0,0,0,0,0,0,0,0,0,0,0,0,0,0,0,0,0,0,,,0,1,,0.0,0.0,,0,1,,0.0,0.0,,0,1,,0.0,0.0,,0,3,,0.0,0.0,,0,0,0,,,0,0,0,,,0,0,0,,,0,0,0,,,0,0,4,0.0,,0,0,0,,,0,0,0,,,0,0,0,,,True,EQUAL_WEIGHT_PP_SUM_NOT_YEN_NOT_CAPITAL,SINGLE_POSITIVE_R_MASS_PRIVATE;SINGLE_NEGATIVE_R_MASS_PRIVATE
C0114,WITHIN_R0_RANK_RISK_12BAND,D-FULL,q3,B,UNASSESSED,SESSION,2025-07-23,0,0,0,,0,0,0,0,0,0,0,0,0,0,0,0,0,0,0,0,0,0,0,0,0,0,0,0,0,0,0,,,0,0,,,0.0,,0,1,,0.0,0.0,,0,1,,0.0,0.0,,0,3,,0.0,0.0,,0,0,2,0.0,,0,0,1,0.0,,0,0,0,,,0,0,0,,,0,0,4,0.0,,0,0,4,0.0,,0,0,2,0.0,,0,0,1,0.0,,True,EQUAL_WEIGHT_PP_SUM_NOT_YEN_NOT_CAPITAL,SINGLE_POSITIVE_R_MASS_PRIVATE;SINGLE_NEGATIVE_R_MASS_PRIVATE
C0114,WITHIN_R0_RANK_RISK_12BAND,D-FULL,q3,B,UNASSESSED,SESSION,2025-07-24,0,0,0,,0,0,0,0,0,0,0,0,0,0,0,0,0,0,0,0,0,0,0,0,0,0,0,0,0,0,0,,,0,0,,,0.0,,0,1,,0.0,0.0,,0,2,,0.0,0.0,,0,11,,0.0,0.0,,0,0,0,,,0,0,0,,,0,0,0,,,0,0,0,,,0,0,3,0.0,,0,0,1,0.0,,0,0,1,0.0,,0,0,0,,,True,EQUAL_WEIGHT_PP_SUM_NOT_YEN_NOT_CAPITAL,SINGLE_POSITIVE_R_MASS_PRIVATE;SINGLE_NEGATIVE_R_MASS_PRIVATE
C0114,WITHIN_R0_RANK_RISK_12BAND,D-FULL,q3,B,UNASSESSED,SESSION,2025-07-25,0,0,0,,0,0,0,0,0,0,0,0,0,0,0,0,0,0,0,0,0,0,0,0,0,0,0,0,0,0,0,,,0,2,,0.0,0.0,,0,2,,0.0,0.0,,0,2,,0.0,0.0,,0,3,,0.0,0.0,,0,0,1,0.0,,0,0,1,0.0,,0,0,1,0.0,,0,0,1,0.0,,0,0,5,0.0,,0,0,2,0.0,,0,0,1,0.0,,0,0,1,0.0,,True,EQUAL_WEIGHT_PP_SUM_NOT_YEN_NOT_CAPITAL,SINGLE_POSITIVE_R_MASS_PRIVATE;SINGLE_NEGATIVE_R_MASS_PRIVATE
C0114,WITHIN_R0_RANK_RISK_12BAND,D-FULL,q3,B,UNASSESSED,SESSION,2025-07-28,0,0,0,,0,0,0,0,0,0,0,0,0,0,0,0,0,0,0,0,0,0,0,0,0,0,0,0,0,0,0,,,0,0,,,0.0,,0,1,,0.0,0.0,,0,1,,0.0,0.0,,0,4,,0.0,0.0,,0,0,0,,,0,0,0,,,0,0,0,,,0,0,0,,,0,0,2,0.0,,0,0,0,,,0,0,0,,,0,0,0,,,True,EQUAL_WEIGHT_PP_SUM_NOT_YEN_NOT_CAPITAL,SINGLE_POSITIVE_R_MASS_PRIVATE;SINGLE_NEGATIVE_R_MASS_PRIVATE
C0114,WITHIN_R0_RANK_RISK_12BAND,D-FULL,q3,B,UNASSESSED,SESSION,2025-07-29,0,0,0,,0,0,0,0,0,0,0,0,0,0,0,0,0,0,0,0,0,0,0,0,0,0,0,0,0,0,0,,,0,0,,,0.0,,0,0,,,0.0,,0,1,,0.0,0.0,,0,3,,0.0,0.0,,0,0,0,,,0,0,0,,,0,0,0,,,0,0,0,,,0,0,4,0.0,,0,0,3,0.0,,0,0,1,0.0,,0,0,1,0.0,,True,EQUAL_WEIGHT_PP_SUM_NOT_YEN_NOT_CAPITAL,SINGLE_POSITIVE_R_MASS_PRIVATE;SINGLE_NEGATIVE_R_MASS_PRIVATE
C0114,WITHIN_R0_RANK_RISK_12BAND,D-FULL,q3,B,UNASSESSED,SESSION,2025-07-30,0,0,0,,0,0,0,0,0,0,0,0,0,0,0,0,0,0,0,0,0,0,0,0,0,0,0,0,0,0,0,,,0,0,,,0.0,,0,2,,0.0,0.0,,0,3,,0.0,0.0,,0,5,,0.0,0.0,,0,0,2,0.0,,0,0,1,0.0,,0,0,0,,,0,0,0,,,0,0,4,0.0,,0,0,3,0.0,,0,0,2,0.0,,0,0,0,,,True,EQUAL_WEIGHT_PP_SUM_NOT_YEN_NOT_CAPITAL,SINGLE_POSITIVE_R_MASS_PRIVATE;SINGLE_NEGATIVE_R_MASS_PRIVATE
C0114,WITHIN_R0_RANK_RISK_12BAND,D-FULL,q3,B,UNASSESSED,SESSION,2025-07-31,0,0,0,,0,0,0,0,0,0,0,0,0,0,0,0,0,0,0,0,0,0,0,0,0,0,0,0,0,0,0,,,0,2,,0.0,0.0,,0,2,,0.0,0.0,,0,3,,0.0,0.0,,0,6,,0.0,0.0,,0,0,0,,,0,0,0,,,0,0,0,,,0,0,0,,,0,0,7,0.0,,0,0,4,0.0,,0,0,2,0.0,,0,0,0,,,True,EQUAL_WEIGHT_PP_SUM_NOT_YEN_NOT_CAPITAL,SINGLE_POSITIVE_R_MASS_PRIVATE;SINGLE_NEGATIVE_R_MASS_PRIVATE
C0114,WITHIN_R0_RANK_RISK_12BAND,D-FULL,q3,B,UNASSESSED,SESSION,2025-08-01,0,0,0,,0,0,0,0,0,0,0,0,0,0,0,0,0,0,0,0,0,0,0,0,0,0,0,0,0,0,0,,,0,0,,,0.0,,0,1,,0.0,0.0,,0,2,,0.0,0.0,,0,5,,0.0,0.0,,0,0,1,0.0,,0,0,1,0.0,,0,0,0,,,0,0,0,,,0,0,5,0.0,,0,0,5,0.0,,0,0,2,0.0,,0,0,1,0.0,,True,EQUAL_WEIGHT_PP_SUM_NOT_YEN_NOT_CAPITAL,SINGLE_POSITIVE_R_MASS_PRIVATE;SINGLE_NEGATIVE_R_MASS_PRIVATE
C0114,WITHIN_R0_RANK_RISK_12BAND,D-FULL,q3,B,UNASSESSED,SESSION,2025-08-04,0,0,0,,0,0,0,0,0,0,0,0,0,0,0,0,0,0,0,0,0,0,0,0,0,0,0,0,0,0,0,,,0,0,,,0.0,,0,2,,0.0,0.0,,0,5,,0.0,0.0,,0,7,,0.0,0.0,,0,0,0,,,0,0,0,,,0,0,0,,,0,0,0,,,0,0,2,0.0,,0,0,0,,,0,0,0,,,0,0,0,,,True,EQUAL_WEIGHT_PP_SUM_NOT_YEN_NOT_CAPITAL,SINGLE_POSITIVE_R_MASS_PRIVATE;SINGLE_NEGATIVE_R_MASS_PRIVATE
C0114,WITHIN_R0_RANK_RISK_12BAND,D-FULL,q3,B,UNASSESSED,SESSION,2025-08-05,0,0,0,,0,0,0,0,0,0,0,0,0,0,0,0,0,0,0,0,0,0,0,0,0,0,0,0,0,0,0,,,0,0,,,0.0,,0,0,,,0.0,,0,0,,,0.0,,0,4,,0.0,0.0,,0,0,1,0.0,,0,0,0,,,0,0,0,,,0,0,0,,,0,0,2,0.0,,0,0,2,0.0,,0,0,1,0.0,,0,0,0,,,True,EQUAL_WEIGHT_PP_SUM_NOT_YEN_NOT_CAPITAL,SINGLE_POSITIVE_R_MASS_PRIVATE;SINGLE_NEGATIVE_R_MASS_PRIVATE
C0114,WITHIN_R0_RANK_RISK_12BAND,D-FULL,q3,B,UNASSESSED,SESSION,2025-08-06,0,0,0,,0,0,0,0,0,0,0,0,0,0,0,0,0,0,0,0,0,0,0,0,0,0,0,0,0,0,0,,,0,0,,,0.0,,0,0,,,0.0,,0,0,,,0.0,,0,2,,0.0,0.0,,0,0,1,0.0,,0,0,1,0.0,,0,0,1,0.0,,0,0,1,0.0,,0,0,4,0.0,,0,0,1,0.0,,0,0,1,0.0,,0,0,0,,,True,EQUAL_WEIGHT_PP_SUM_NOT_YEN_NOT_CAPITAL,SINGLE_POSITIVE_R_MASS_PRIVATE;SINGLE_NEGATIVE_R_MASS_PRIVATE
C0114,WITHIN_R0_RANK_RISK_12BAND,D-FULL,q3,B,UNASSESSED,SESSION,2025-08-07,0,0,0,,0,0,0,0,0,0,0,0,0,0,0,0,0,0,0,0,0,0,0,0,0,0,0,0,0,0,0,,,0,1,,0.0,0.0,,0,3,,0.0,0.0,,0,4,,0.0,0.0,,0,7,,0.0,0.0,,0,0,1,0.0,,0,0,1,0.0,,0,0,1,0.0,,0,0,1,0.0,,0,0,2,0.0,,0,0,2,0.0,,0,0,1,0.0,,0,0,1,0.0,,True,EQUAL_WEIGHT_PP_SUM_NOT_YEN_NOT_CAPITAL,SINGLE_POSITIVE_R_MASS_PRIVATE;SINGLE_NEGATIVE_R_MASS_PRIVATE
C0114,WITHIN_R0_RANK_RISK_12BAND,D-FULL,q3,B,UNASSESSED,SESSION,2025-08-08,0,0,0,,0,0,0,0,0,0,0,0,0,0,0,0,0,0,0,0,0,0,0,0,0,0,0,0,0,0,0,,,0,0,,,0.0,,0,0,,,0.0,,0,1,,0.0,0.0,,0,6,,0.0,0.0,,0,0,1,0.0,,0,0,1,0.0,,0,0,1,0.0,,0,0,1,0.0,,0,0,4,0.0,,0,0,3,0.0,,0,0,2,0.0,,0,0,1,0.0,,True,EQUAL_WEIGHT_PP_SUM_NOT_YEN_NOT_CAPITAL,SINGLE_POSITIVE_R_MASS_PRIVATE;SINGLE_NEGATIVE_R_MASS_PRIVATE
C0114,WITHIN_R0_RANK_RISK_12BAND,D-FULL,q3,B,UNASSESSED,SESSION,2025-08-12,0,0,0,,0,0,0,0,0,0,0,0,0,0,0,0,0,0,0,0,0,0,0,0,0,0,0,0,0,0,0,,,0,1,,0.0,0.0,,0,1,,0.0,0.0,,0,1,,0.0,0.0,,0,1,,0.0,0.0,,0,0,0,,,0,0,0,,,0,0,0,,,0,0,0,,,0,0,4,0.0,,0,0,2,0.0,,0,0,1,0.0,,0,0,0,,,True,EQUAL_WEIGHT_PP_SUM_NOT_YEN_NOT_CAPITAL,SINGLE_POSITIVE_R_MASS_PRIVATE;SINGLE_NEGATIVE_R_MASS_PRIVATE
C0114,WITHIN_R0_RANK_RISK_12BAND,D-FULL,q3,B,UNASSESSED,SESSION,2025-08-13,0,0,0,,0,0,0,0,0,0,0,0,0,0,0,0,0,0,0,0,0,0,0,0,0,0,0,0,0,0,0,,,0,1,,0.0,0.0,,0,1,,0.0,0.0,,0,2,,0.0,0.0,,0,7,,0.0,0.0,,0,0,1,0.0,,0,0,0,,,0,0,0,,,0,0,0,,,0,0,6,0.0,,0,0,4,0.0,,0,0,1,0.0,,0,0,0,,,True,EQUAL_WEIGHT_PP_SUM_NOT_YEN_NOT_CAPITAL,SINGLE_POSITIVE_R_MASS_PRIVATE;SINGLE_NEGATIVE_R_MASS_PRIVATE
C0114,WITHIN_R0_RANK_RISK_12BAND,D-FULL,q3,B,UNASSESSED,SESSION,2025-08-14,0,0,0,,0,0,0,0,0,0,0,0,0,0,0,0,0,0,0,0,0,0,0,0,0,0,0,0,0,0,0,,,0,0,,,0.0,,0,1,,0.0,0.0,,0,3,,0.0,0.0,,0,6,,0.0,0.0,,0,0,3,0.0,,0,0,3,0.0,,0,0,3,0.0,,0,0,1,0.0,,0,0,6,0.0,,0,0,4,0.0,,0,0,3,0.0,,0,0,1,0.0,,True,EQUAL_WEIGHT_PP_SUM_NOT_YEN_NOT_CAPITAL,SINGLE_POSITIVE_R_MASS_PRIVATE;SINGLE_NEGATIVE_R_MASS_PRIVATE
C0114,WITHIN_R0_RANK_RISK_12BAND,D-FULL,q3,B,UNASSESSED,SESSION,2025-08-15,0,0,0,,0,0,0,0,0,0,0,0,0,0,0,0,0,0,0,0,0,0,0,0,0,0,0,0,0,0,0,,,0,0,,,0.0,,0,0,,,0.0,,0,0,,,0.0,,0,1,,0.0,0.0,,0,0,2,0.0,,0,0,2,0.0,,0,0,0,,,0,0,0,,,0,0,5,0.0,,0,0,3,0.0,,0,0,2,0.0,,0,0,0,,,True,EQUAL_WEIGHT_PP_SUM_NOT_YEN_NOT_CAPITAL,SINGLE_POSITIVE_R_MASS_PRIVATE;SINGLE_NEGATIVE_R_MASS_PRIVATE
C0114,WITHIN_R0_RANK_RISK_12BAND,D-FULL,q3,B,UNASSESSED,SESSION,2025-08-18,0,0,0,,0,0,0,0,0,0,0,0,0,0,0,0,0,0,0,0,0,0,0,0,0,0,0,0,0,0,0,,,0,0,,,0.0,,0,0,,,0.0,,0,0,,,0.0,,0,5,,0.0,0.0,,0,0,3,0.0,,0,0,3,0.0,,0,0,1,0.0,,0,0,1,0.0,,0,0,7,0.0,,0,0,6,0.0,,0,0,3,0.0,,0,0,1,0.0,,True,EQUAL_WEIGHT_PP_SUM_NOT_YEN_NOT_CAPITAL,SINGLE_POSITIVE_R_MASS_PRIVATE;SINGLE_NEGATIVE_R_MASS_PRIVATE
C0114,WITHIN_R0_RANK_RISK_12BAND,D-FULL,q3,B,UNASSESSED,SESSION,2025-08-19,0,0,0,,0,0,0,0,0,0,0,0,0,0,0,0,0,0,0,0,0,0,0,0,0,0,0,0,0,0,0,,,0,0,,,0.0,,0,0,,,0.0,,0,1,,0.0,0.0,,0,5,,0.0,0.0,,0,0,3,0.0,,0,0,0,,,0,0,0,,,0,0,0,,,0,0,7,0.0,,0,0,2,0.0,,0,0,2,0.0,,0,0,1,0.0,,True,EQUAL_WEIGHT_PP_SUM_NOT_YEN_NOT_CAPITAL,SINGLE_POSITIVE_R_MASS_PRIVATE;SINGLE_NEGATIVE_R_MASS_PRIVATE
C0114,WITHIN_R0_RANK_RISK_12BAND,D-FULL,q3,B,UNASSESSED,SESSION,2025-08-20,0,0,0,,0,0,0,0,0,0,0,0,0,0,0,0,0,0,0,0,0,0,0,0,0,0,0,0,0,0,0,,,0,0,,,0.0,,0,0,,,0.0,,0,1,,0.0,0.0,,0,3,,0.0,0.0,,0,0,1,0.0,,0,0,1,0.0,,0,0,0,,,0,0,0,,,0,0,5,0.0,,0,0,5,0.0,,0,0,4,0.0,,0,0,1,0.0,,True,EQUAL_WEIGHT_PP_SUM_NOT_YEN_NOT_CAPITAL,SINGLE_POSITIVE_R_MASS_PRIVATE;SINGLE_NEGATIVE_R_MASS_PRIVATE
C0114,WITHIN_R0_RANK_RISK_12BAND,D-FULL,q3,B,UNASSESSED,SESSION,2025-08-21,0,0,0,,0,0,0,0,0,0,0,0,0,0,0,0,0,0,0,0,0,0,0,0,0,0,0,0,0,0,0,,,0,0,,,0.0,,0,0,,,0.0,,0,3,,0.0,0.0,,0,6,,0.0,0.0,,0,0,0,,,0,0,0,,,0,0,0,,,0,0,0,,,0,0,1,0.0,,0,0,0,,,0,0,0,,,0,0,0,,,True,EQUAL_WEIGHT_PP_SUM_NOT_YEN_NOT_CAPITAL,SINGLE_POSITIVE_R_MASS_PRIVATE;SINGLE_NEGATIVE_R_MASS_PRIVATE
C0114,WITHIN_R0_RANK_RISK_12BAND,D-FULL,q3,B,UNASSESSED,SESSION,2025-08-22,0,0,0,,0,0,0,0,0,0,0,0,0,0,0,0,0,0,0,0,0,0,0,0,0,0,0,0,0,0,0,,,0,2,,0.0,0.0,,0,3,,0.0,0.0,,0,4,,0.0,0.0,,0,6,,0.0,0.0,,0,0,0,,,0,0,0,,,0,0,0,,,0,0,0,,,0,0,4,0.0,,0,0,1,0.0,,0,0,0,,,0,0,0,,,True,EQUAL_WEIGHT_PP_SUM_NOT_YEN_NOT_CAPITAL,SINGLE_POSITIVE_R_MASS_PRIVATE;SINGLE_NEGATIVE_R_MASS_PRIVATE
C0114,WITHIN_R0_RANK_RISK_12BAND,D-FULL,q3,B,UNASSESSED,SESSION,2025-08-25,0,0,0,,0,0,0,0,0,0,0,0,0,0,0,0,0,0,0,0,0,0,0,0,0,0,0,0,0,0,0,,,0,1,,0.0,0.0,,0,2,,0.0,0.0,,0,2,,0.0,0.0,,0,3,,0.0,0.0,,0,0,4,0.0,,0,0,3,0.0,,0,0,1,0.0,,0,0,1,0.0,,0,0,9,0.0,,0,0,8,0.0,,0,0,4,0.0,,0,0,3,0.0,,True,EQUAL_WEIGHT_PP_SUM_NOT_YEN_NOT_CAPITAL,SINGLE_POSITIVE_R_MASS_PRIVATE;SINGLE_NEGATIVE_R_MASS_PRIVATE
C0114,WITHIN_R0_RANK_RISK_12BAND,D-FULL,q3,B,UNASSESSED,RANK,S,0,0,0,,0,0,0,0,0,0,0,0,0,0,0,0,0,0,0,0,0,0,0,0,0,0,0,0,0,0,0,,,0,0,,,0.0,,0,0,,,0.0,,0,0,,,0.0,,0,0,,,0.0,,0,0,0,,,0,0,0,,,0,0,0,,,0,0,0,,,0,0,0,,,0,0,0,,,0,0,0,,,0,0,0,,,True,EQUAL_WEIGHT_PP_SUM_NOT_YEN_NOT_CAPITAL,SINGLE_POSITIVE_R_MASS_PRIVATE;SINGLE_NEGATIVE_R_MASS_PRIVATE
C0114,WITHIN_R0_RANK_RISK_12BAND,D-FULL,q3,B,UNASSESSED,RANK,A,0,0,0,,0,0,0,0,0,0,0,0,0,0,0,0,0,0,0,0,0,0,0,0,0,0,0,0,0,0,0,,,0,0,,,0.0,,0,0,,,0.0,,0,0,,,0.0,,0,0,,,0.0,,0,0,0,,,0,0,0,,,0,0,0,,,0,0,0,,,0,0,0,,,0,0,0,,,0,0,0,,,0,0,0,,,True,EQUAL_WEIGHT_PP_SUM_NOT_YEN_NOT_CAPITAL,SINGLE_POSITIVE_R_MASS_PRIVATE;SINGLE_NEGATIVE_R_MASS_PRIVATE
C0114,WITHIN_R0_RANK_RISK_12BAND,D-FULL,q3,B,UNASSESSED,RANK,B,0,0,0,,0,0,0,0,0,0,0,0,0,0,0,0,0,0,0,0,0,0,0,0,0,0,0,0,0,0,0,,,0,12,,0.0,0.0,,0,28,,0.0,0.0,,0,55,,0.0,0.0,,0,168,,0.0,0.0,,0,0,36,0.0,,0,0,25,0.0,,0,0,14,0.0,,0,0,11,0.0,,0,0,147,0.0,,0,0,95,0.0,,0,0,54,0.0,,0,0,18,0.0,,True,EQUAL_WEIGHT_PP_SUM_NOT_YEN_NOT_CAPITAL,SINGLE_POSITIVE_R_MASS_PRIVATE;SINGLE_NEGATIVE_R_MASS_PRIVATE
C0114,WITHIN_R0_RANK_RISK_12BAND,D-FULL,q3,B,UNASSESSED,RANK,C,0,0,0,,0,0,0,0,0,0,0,0,0,0,0,0,0,0,0,0,0,0,0,0,0,0,0,0,0,0,0,,,0,0,,,0.0,,0,0,,,0.0,,0,0,,,0.0,,0,0,,,0.0,,0,0,0,,,0,0,0,,,0,0,0,,,0,0,0,,,0,0,0,,,0,0,0,,,0,0,0,,,0,0,0,,,True,EQUAL_WEIGHT_PP_SUM_NOT_YEN_NOT_CAPITAL,SINGLE_POSITIVE_R_MASS_PRIVATE;SINGLE_NEGATIVE_R_MASS_PRIVATE
C0114,WITHIN_R0_RANK_RISK_12BAND,D-FULL,q3,B,UNASSESSED,EXECUTION_ELIGIBLE,TRUE,0,0,0,,0,0,0,0,0,0,0,0,0,0,0,0,0,0,0,0,0,0,0,0,0,0,0,0,0,0,0,,,0,12,,0.0,0.0,,0,28,,0.0,0.0,,0,55,,0.0,0.0,,0,168,,0.0,0.0,,0,0,36,0.0,,0,0,25,0.0,,0,0,14,0.0,,0,0,11,0.0,,0,0,147,0.0,,0,0,95,0.0,,0,0,54,0.0,,0,0,18,0.0,,True,EQUAL_WEIGHT_PP_SUM_NOT_YEN_NOT_CAPITAL,SINGLE_POSITIVE_R_MASS_PRIVATE;SINGLE_NEGATIVE_R_MASS_PRIVATE
C0114,WITHIN_R0_RANK_RISK_12BAND,D-FULL,q3,B,UNASSESSED,R0_PASS,SAB,0,0,0,,0,0,0,0,0,0,0,0,0,0,0,0,0,0,0,0,0,0,0,0,0,0,0,0,0,0,0,,,0,12,,0.0,0.0,,0,28,,0.0,0.0,,0,55,,0.0,0.0,,0,168,,0.0,0.0,,0,0,36,0.0,,0,0,25,0.0,,0,0,14,0.0,,0,0,11,0.0,,0,0,147,0.0,,0,0,95,0.0,,0,0,54,0.0,,0,0,18,0.0,,True,EQUAL_WEIGHT_PP_SUM_NOT_YEN_NOT_CAPITAL,SINGLE_POSITIVE_R_MASS_PRIVATE;SINGLE_NEGATIVE_R_MASS_PRIVATE
C0114,WITHIN_R0_RANK_RISK_12BAND,D-FULL,q3,B,UNASSESSED,E0_FUNDED,SAVED,0,0,0,,0,0,0,0,0,0,0,0,0,0,0,0,0,0,0,0,0,0,0,0,0,0,0,0,0,0,0,,,0,1,,0.0,0.0,,0,5,,0.0,0.0,,0,6,,0.0,0.0,,0,23,,0.0,0.0,,0,0,6,0.0,,0,0,4,0.0,,0,0,3,0.0,,0,0,3,0.0,,0,0,20,0.0,,0,0,15,0.0,,0,0,7,0.0,,0,0,4,0.0,,True,EQUAL_WEIGHT_PP_SUM_NOT_YEN_NOT_CAPITAL,SINGLE_POSITIVE_R_MASS_PRIVATE;SINGLE_NEGATIVE_R_MASS_PRIVATE
C0115,WITHIN_R0_RANK_RISK_12BAND,D-FULL,q3,C,HIGH_RISK_20,ALL,ALL,113,111,2,0.9823008849557522,54,57,0,9,4,5,4,13,19,23,14,5,4,6,5,0,2,35,34,22,20,18,15,13,11,9,5,151.33067417879795,128.44469250902685,5,9,0.04504504504504504,0.5555555555555556,1.8924628452625742,2.6420597965854715,15,31,0.13513513513513514,0.4838709677419355,6.511727356579049,2.3035362475434296,20,58,0.18018018018018017,0.3448275862068966,12.211295541776094,1.6378278563136852,57,293,0.5135135135135135,0.1945392491467577,61.90732724799579,0.9207310755262066,22,111,66,0.3333333333333333,0.1981981981981982,18,111,46,0.391304347826087,0.16216216216216217,13,111,28,0.4642857142857143,0.11711711711711711,9,111,18,0.5,0.08108108108108109,58,113,174,0.3333333333333333,0.5132743362831859,45,113,111,0.40540540540540543,0.39823008849557523,30,113,57,0.5263157894736842,0.26548672566371684,13,113,20,0.65,0.11504424778761062,False,EQUAL_WEIGHT_PP_SUM_NOT_YEN_NOT_CAPITAL,
C0115,WITHIN_R0_RANK_RISK_12BAND,D-FULL,q3,C,HIGH_RISK_20,BLOCK,1,15,13,2,0.8666666666666667,6,7,0,0,1,3,1,0,1,3,2,0,2,0,0,0,2,5,4,5,2,4,2,1,0,0,0,17.935494764106824,10.165470355977886,0,2,0.0,0.0,0.37681159420289856,0.0,2,5,0.15384615384615385,0.4,0.9420289855072463,2.123076923076923,2,9,0.15384615384615385,0.2222222222222222,1.6956521739130435,1.1794871794871795,7,44,0.5384615384615384,0.1590909090909091,8.289855072463768,0.8444055944055944,5,13,10,0.5,0.38461538461538464,4,13,7,0.5714285714285714,0.3076923076923077,1,13,1,1.0,0.07692307692307693,0,13,0,,0.0,8,15,22,0.36363636363636365,0.5333333333333333,6,15,13,0.46153846153846156,0.4,4,15,8,0.5,0.26666666666666666,1,15,1,1.0,0.06666666666666667,False,EQUAL_WEIGHT_PP_SUM_NOT_YEN_NOT_CAPITAL,
C0115,WITHIN_R0_RANK_RISK_12BAND,D-FULL,q3,C,HIGH_RISK_20,BLOCK,2,18,18,0,1.0,9,9,0,1,0,0,0,3,5,4,2,1,0,0,2,0,0,4,5,1,3,1,2,1,2,1,2,12.015326085382364,23.487731237110726,2,2,0.1111111111111111,1.0,0.43373493975903615,4.611111111111111,2,4,0.1111111111111111,0.5,0.8674698795180723,2.3055555555555554,3,7,0.16666666666666666,0.42857142857142855,1.5180722891566265,1.9761904761904763,9,42,0.5,0.21428571428571427,9.108433734939759,0.9880952380952381,1,18,9,0.1111111111111111,0.05555555555555555,1,18,5,0.2,0.05555555555555555,1,18,4,0.25,0.05555555555555555,1,18,3,0.3333333333333333,0.05555555555555555,7,18,28,0.25,0.3888888888888889,5,18,16,0.3125,0.2777777777777778,2,18,7,0.2857142857142857,0.1111111111111111,1,18,3,0.3333333333333333,0.05555555555555555,False,EQUAL_WEIGHT_PP_SUM_NOT_YEN_NOT_CAPITAL,
C0115,WITHIN_R0_RANK_RISK_12BAND,D-FULL,q3,C,HIGH_RISK_20,BLOCK,3,14,14,0,1.0,10,4,0,2,0,0,1,2,5,2,1,0,0,0,1,0,0,5,2,3,1,2,1,2,1,2,1,23.661268428337177,9.972121460594364,1,1,0.07142857142857142,1.0,0.21875,4.571428571428571,1,2,0.07142857142857142,0.5,0.4375,2.2857142857142856,1,6,0.07142857142857142,0.16666666666666666,1.3125,0.7619047619047619,4,33,0.2857142857142857,0.12121212121212122,7.21875,0.5541125541125541,3,14,10,0.3,0.21428571428571427,2,14,5,0.4,0.14285714285714285,2,14,5,0.4,0.14285714285714285,2,14,3,0.6666666666666666,0.14285714285714285,11,14,30,0.36666666666666664,0.7857142857142857,8,14,21,0.38095238095238093,0.5714285714285714,7,14,15,0.4666666666666667,0.5,2,14,2,1.0,0.14285714285714285,False,EQUAL_WEIGHT_PP_SUM_NOT_YEN_NOT_CAPITAL,
C0115,WITHIN_R0_RANK_RISK_12BAND,D-FULL,q3,C,HIGH_RISK_20,BLOCK,4,12,12,0,1.0,5,7,0,0,0,1,1,1,2,2,1,1,1,2,0,0,0,3,5,2,4,1,3,0,2,0,0,7.638509281404197,18.31406372484469,0,0,0.0,,0.0,,3,4,0.25,0.75,0.8421052631578947,3.5625,4,7,0.3333333333333333,0.5714285714285714,1.4736842105263157,2.7142857142857144,7,34,0.5833333333333334,0.20588235294117646,7.157894736842105,0.9779411764705882,2,12,8,0.25,0.16666666666666666,1,12,5,0.2,0.08333333333333333,0,12,3,0.0,0.0,0,12,3,0.0,0.0,5,12,20,0.25,0.4166666666666667,5,12,12,0.4166666666666667,0.4166666666666667,3,12,7,0.42857142857142855,0.25,2,12,3,0.6666666666666666,0.16666666666666666,False,EQUAL_WEIGHT_PP_SUM_NOT_YEN_NOT_CAPITAL,
C0115,WITHIN_R0_RANK_RISK_12BAND,D-FULL,q3,C,HIGH_RISK_20,BLOCK,5,15,15,0,1.0,8,7,0,1,1,1,0,2,3,3,1,2,0,1,0,0,0,5,4,3,3,3,1,2,1,1,0,18.246862882127722,11.86245244292175,0,1,0.0,0.0,0.21428571428571427,0.0,1,2,0.06666666666666667,0.5,0.42857142857142855,2.3333333333333335,3,5,0.2,0.6,1.0714285714285714,2.8,7,36,0.4666666666666667,0.19444444444444445,7.714285714285714,0.9074074074074074,3,15,7,0.42857142857142855,0.2,3,15,6,0.5,0.2,2,15,3,0.6666666666666666,0.13333333333333333,1,15,2,0.5,0.06666666666666667,7,15,16,0.4375,0.4666666666666667,5,15,8,0.625,0.3333333333333333,5,15,6,0.8333333333333334,0.3333333333333333,3,15,4,0.75,0.2,False,EQUAL_WEIGHT_PP_SUM_NOT_YEN_NOT_CAPITAL,
C0115,WITHIN_R0_RANK_RISK_12BAND,D-FULL,q3,C,HIGH_RISK_20,BLOCK,6,17,17,0,1.0,8,9,0,3,0,0,1,2,2,2,4,0,0,1,2,0,0,6,7,4,3,3,3,3,3,3,2,41.19456596572552,32.417653609983894,2,2,0.11764705882352941,1.0,0.425,4.705882352941177,3,6,0.17647058823529413,0.5,1.275,2.3529411764705883,3,11,0.17647058823529413,0.2727272727272727,2.3375,1.2834224598930482,9,46,0.5294117647058824,0.1956521739130435,9.775,0.9207161125319693,4,17,10,0.4,0.23529411764705882,3,17,7,0.42857142857142855,0.17647058823529413,3,17,5,0.6,0.17647058823529413,3,17,3,1.0,0.17647058823529413,11,17,29,0.3793103448275862,0.6470588235294118,9,17,20,0.45,0.5294117647058824,5,17,6,0.8333333333333334,0.29411764705882354,3,17,3,1.0,0.17647058823529413,False,EQUAL_WEIGHT_PP_SUM_NOT_YEN_NOT_CAPITAL,
C0115,WITHIN_R0_RANK_RISK_12BAND,D-FULL,q3,C,HIGH_RISK_20,BLOCK,7,15,15,0,1.0,6,9,0,2,2,0,0,1,1,5,2,1,1,0,0,0,0,5,4,4,2,4,1,4,0,2,0,27.67088224551338,10.27499690282224,0,1,0.0,0.0,0.22388059701492538,0.0,1,4,0.06666666666666667,0.25,0.8955223880597015,1.1166666666666667,2,7,0.13333333333333333,0.2857142857142857,1.5671641791044777,1.276190476190476,9,39,0.6,0.23076923076923078,8.73134328358209,1.0307692307692307,4,15,8,0.5,0.26666666666666666,4,15,8,0.5,0.26666666666666666,4,15,5,0.8,0.26666666666666666,2,15,2,1.0,0.13333333333333333,7,15,19,0.3684210526315789,0.4666666666666667,5,15,13,0.38461538461538464,0.3333333333333333,3,15,5,0.6,0.2,1,15,2,0.5,0.06666666666666667,False,EQUAL_WEIGHT_PP_SUM_NOT_YEN_NOT_CAPITAL,
C0115,WITHIN_R0_RANK_RISK_12BAND,D-FULL,q3,C,HIGH_RISK_20,BLOCK,8,7,7,0,1.0,2,5,0,0,0,0,0,2,0,2,1,0,0,2,0,0,0,2,3,0,2,0,2,0,2,0,0,2.967764526200759,11.950202774771313,0,0,0.0,,0.0,,2,4,0.2857142857142857,0.5,0.8235294117647058,2.4285714285714284,2,6,0.2857142857142857,0.3333333333333333,1.2352941176470589,1.619047619047619,5,19,0.7142857142857143,0.2631578947368421,3.911764705882353,1.2781954887218046,0,7,4,0.0,0.0,0,7,3,0.0,0.0,0,7,2,0.0,0.0,0,7,2,0.0,0.0,2,7,10,0.2,0.2857142857142857,2,7,8,0.25,0.2857142857142857,1,7,3,0.3333333333333333,0.14285714285714285,0,7,2,0.0,0.0,True,EQUAL_WEIGHT_PP_SUM_NOT_YEN_NOT_CAPITAL,
C0115,WITHIN_R0_RANK_RISK_12BAND,D-FULL,q3,C,HIGH_RISK_20,SESSION,2025-06-27,4,3,1,0.75,2,1,0,0,0,2,0,0,0,0,0,0,1,0,0,0,1,2,1,2,1,2,1,0,0,0,0,6.86332139756371,,0,0,0.0,,0.0,,1,1,0.3333333333333333,1.0,0.2,5.0,1,2,0.3333333333333333,0.5,0.4,2.5,1,7,0.3333333333333333,0.14285714285714285,1.4,0.7142857142857143,2,3,3,0.6666666666666666,0.6666666666666666,2,3,2,1.0,0.6666666666666666,0,3,0,,0.0,0,3,0,,0.0,3,4,6,0.5,0.75,2,4,4,0.5,0.5,0,4,1,0.0,0.0,0,4,0,,0.0,True,EQUAL_WEIGHT_PP_SUM_NOT_YEN_NOT_CAPITAL,SINGLE_NEGATIVE_R_MASS_PRIVATE
C0115,WITHIN_R0_RANK_RISK_12BAND,D-FULL,q3,C,HIGH_RISK_20,SESSION,2025-06-30,0,0,0,,0,0,0,0,0,0,0,0,0,0,0,0,0,0,0,0,0,0,0,0,0,0,0,0,0,0,0,,,0,0,,,0.0,,0,0,,,0.0,,0,2,,0.0,0.0,,0,11,,0.0,0.0,,0,0,1,0.0,,0,0,1,0.0,,0,0,0,,,0,0,0,,,0,0,3,0.0,,0,0,2,0.0,,0,0,2,0.0,,0,0,0,,,True,EQUAL_WEIGHT_PP_SUM_NOT_YEN_NOT_CAPITAL,SINGLE_POSITIVE_R_MASS_PRIVATE;SINGLE_NEGATIVE_R_MASS_PRIVATE
C0115,WITHIN_R0_RANK_RISK_12BAND,D-FULL,q3,C,HIGH_RISK_20,SESSION,2025-07-01,1,1,0,1.0,0,1,0,0,0,0,0,0,0,0,0,0,1,0,0,0,0,0,1,0,1,0,1,0,0,0,0,,,0,1,0.0,0.0,0.16666666666666666,0.0,1,2,1.0,0.5,0.3333333333333333,3.0,1,3,1.0,0.3333333333333333,0.5,2.0,1,5,1.0,0.2,0.8333333333333334,1.2,0,1,0,,0.0,0,1,0,,0.0,0,1,0,,0.0,0,1,0,,0.0,0,1,1,0.0,0.0,0,1,0,,0.0,0,1,0,,0.0,0,1,0,,0.0,True,EQUAL_WEIGHT_PP_SUM_NOT_YEN_NOT_CAPITAL,SINGLE_POSITIVE_R_MASS_PRIVATE;SINGLE_NEGATIVE_R_MASS_PRIVATE
C0115,WITHIN_R0_RANK_RISK_12BAND,D-FULL,q3,C,HIGH_RISK_20,SESSION,2025-07-02,4,3,1,0.75,1,2,0,0,1,0,0,0,0,1,1,0,0,0,0,0,1,1,1,1,0,1,0,1,0,0,0,,1.7518882740560604,0,0,0.0,,0.0,,0,0,0.0,,0.0,,0,0,0.0,,0.0,,2,5,0.6666666666666666,0.4,1.6666666666666667,1.2,1,3,1,1.0,0.3333333333333333,1,3,1,1.0,0.3333333333333333,1,3,1,1.0,0.3333333333333333,0,3,0,,0.0,1,4,3,0.3333333333333333,0.25,1,4,1,1.0,0.25,1,4,1,1.0,0.25,0,4,0,,0.0,True,EQUAL_WEIGHT_PP_SUM_NOT_YEN_NOT_CAPITAL,SINGLE_POSITIVE_R_MASS_PRIVATE
C0115,WITHIN_R0_RANK_RISK_12BAND,D-FULL,q3,C,HIGH_RISK_20,SESSION,2025-07-03,6,6,0,1.0,3,3,0,0,0,1,1,0,1,2,1,0,0,0,0,0,0,2,1,2,0,1,0,0,0,0,0,7.058591921971282,1.5809574352042248,0,1,0.0,0.0,0.2222222222222222,0.0,0,2,0.0,0.0,0.4444444444444444,0.0,0,2,0.0,0.0,0.4444444444444444,0.0,3,16,0.5,0.1875,3.5555555555555554,0.84375,2,6,5,0.4,0.3333333333333333,1,6,3,0.3333333333333333,0.16666666666666666,0,6,0,,0.0,0,6,0,,0.0,4,6,9,0.4444444444444444,0.6666666666666666,3,6,6,0.5,0.5,3,6,4,0.75,0.5,1,6,1,1.0,0.16666666666666666,True,EQUAL_WEIGHT_PP_SUM_NOT_YEN_NOT_CAPITAL,
C0115,WITHIN_R0_RANK_RISK_12BAND,D-FULL,q3,C,HIGH_RISK_20,SESSION,2025-07-04,3,3,0,1.0,1,2,0,1,0,0,0,0,0,1,0,0,0,0,1,0,0,1,1,1,1,1,1,1,1,1,1,,9.805674086033907,1,1,0.3333333333333333,1.0,0.21428571428571427,4.666666666666667,1,1,0.3333333333333333,1.0,0.21428571428571427,4.666666666666667,1,1,0.3333333333333333,1.0,0.21428571428571427,4.666666666666667,2,8,0.6666666666666666,0.25,1.7142857142857142,1.1666666666666667,1,3,1,1.0,0.3333333333333333,1,3,1,1.0,0.3333333333333333,1,3,1,1.0,0.3333333333333333,1,3,1,1.0,0.3333333333333333,2,3,5,0.4,0.6666666666666666,2,3,4,0.5,0.6666666666666666,2,3,3,0.6666666666666666,0.6666666666666666,1,3,1,1.0,0.3333333333333333,True,EQUAL_WEIGHT_PP_SUM_NOT_YEN_NOT_CAPITAL,SINGLE_POSITIVE_R_MASS_PRIVATE
C0115,WITHIN_R0_RANK_RISK_12BAND,D-FULL,q3,C,HIGH_RISK_20,SESSION,2025-07-07,3,3,0,1.0,1,2,0,0,0,0,0,0,1,2,0,0,0,0,0,0,0,0,0,0,0,0,0,0,0,0,0,,0.5054047899597601,0,0,0.0,,0.0,,0,1,0.0,0.0,0.2,0.0,0,1,0.0,0.0,0.2,0.0,2,7,0.6666666666666666,0.2857142857142857,1.4,1.4285714285714286,0,3,1,0.0,0.0,0,3,1,0.0,0.0,0,3,1,0.0,0.0,0,3,1,0.0,0.0,0,3,3,0.0,0.0,0,3,1,0.0,0.0,0,3,1,0.0,0.0,0,3,1,0.0,0.0,True,EQUAL_WEIGHT_PP_SUM_NOT_YEN_NOT_CAPITAL,SINGLE_POSITIVE_R_MASS_PRIVATE
C0115,WITHIN_R0_RANK_RISK_12BAND,D-FULL,q3,C,HIGH_RISK_20,SESSION,2025-07-08,3,3,0,1.0,1,2,0,0,0,0,0,0,1,0,1,0,0,0,1,0,0,0,2,0,1,0,1,0,1,0,1,,8.432871003415219,1,1,0.3333333333333333,1.0,0.17647058823529413,5.666666666666667,1,1,0.3333333333333333,1.0,0.17647058823529413,5.666666666666667,1,3,0.3333333333333333,0.3333333333333333,0.5294117647058824,1.8888888888888888,2,11,0.6666666666666666,0.18181818181818182,1.9411764705882353,1.0303030303030303,0,3,1,0.0,0.0,0,3,0,,0.0,0,3,0,,0.0,0,3,0,,0.0,1,3,4,0.25,0.3333333333333333,1,3,2,0.5,0.3333333333333333,0,3,0,,0.0,0,3,0,,0.0,True,EQUAL_WEIGHT_PP_SUM_NOT_YEN_NOT_CAPITAL,SINGLE_POSITIVE_R_MASS_PRIVATE
C0115,WITHIN_R0_RANK_RISK_12BAND,D-FULL,q3,C,HIGH_RISK_20,SESSION,2025-07-09,6,6,0,1.0,5,1,0,0,0,0,0,3,2,1,0,0,0,0,0,0,0,3,0,0,0,0,0,0,0,0,0,5.924050715954363,,0,0,0.0,,0.0,,0,1,0.0,0.0,0.4,0.0,0,1,0.0,0.0,0.4,0.0,1,4,0.16666666666666666,0.25,1.6,0.625,0,6,1,0.0,0.0,0,6,0,,0.0,0,6,0,,0.0,0,6,0,,0.0,3,6,6,0.5,0.5,1,6,3,0.3333333333333333,0.16666666666666666,0,6,1,0.0,0.0,0,6,0,,0.0,True,EQUAL_WEIGHT_PP_SUM_NOT_YEN_NOT_CAPITAL,SINGLE_NEGATIVE_R_MASS_PRIVATE
C0115,WITHIN_R0_RANK_RISK_12BAND,D-FULL,q3,C,HIGH_RISK_20,SESSION,2025-07-10,3,3,0,1.0,1,2,0,0,0,0,0,0,1,0,1,1,0,0,0,0,0,0,2,0,1,0,0,0,0,0,0,,4.473933288539143,0,0,0.0,,0.0,,0,0,0.0,,0.0,,1,1,0.3333333333333333,1.0,0.13636363636363635,7.333333333333333,2,12,0.6666666666666666,0.16666666666666666,1.6363636363636365,1.2222222222222223,0,3,5,0.0,0.0,0,3,3,0.0,0.0,0,3,2,0.0,0.0,0,3,1,0.0,0.0,1,3,10,0.1,0.3333333333333333,1,3,6,0.16666666666666666,0.3333333333333333,0,3,2,0.0,0.0,0,3,1,0.0,0.0,True,EQUAL_WEIGHT_PP_SUM_NOT_YEN_NOT_CAPITAL,SINGLE_POSITIVE_R_MASS_PRIVATE
C0115,WITHIN_R0_RANK_RISK_12BAND,D-FULL,q3,C,HIGH_RISK_20,SESSION,2025-07-15,4,4,0,1.0,4,0,0,1,0,0,0,2,1,0,0,0,0,0,0,0,0,3,0,1,0,1,0,1,0,1,0,14.889806601928793,,0,0,0.0,,0.0,,0,1,0.0,0.0,0.26666666666666666,0.0,0,1,0.0,0.0,0.26666666666666666,0.0,0,8,0.0,0.0,2.1333333333333333,0.0,1,4,2,0.5,0.25,1,4,1,1.0,0.25,1,4,1,1.0,0.25,1,4,1,1.0,0.25,4,4,9,0.4444444444444444,1.0,3,4,7,0.42857142857142855,0.75,2,4,3,0.6666666666666666,0.5,1,4,1,1.0,0.25,True,EQUAL_WEIGHT_PP_SUM_NOT_YEN_NOT_CAPITAL,SINGLE_NEGATIVE_R_MASS_PRIVATE
C0115,WITHIN_R0_RANK_RISK_12BAND,D-FULL,q3,C,HIGH_RISK_20,SESSION,2025-07-16,2,2,0,1.0,1,1,0,0,0,0,0,0,1,1,0,0,0,0,0,0,0,0,0,0,0,0,0,0,0,0,0,,,0,0,0.0,,0.0,,0,0,0.0,,0.0,,0,2,0.0,0.0,0.25,0.0,1,11,0.5,0.09090909090909091,1.375,0.7272727272727273,0,2,2,0.0,0.0,0,2,2,0.0,0.0,0,2,2,0.0,0.0,0,2,1,0.0,0.0,1,2,6,0.16666666666666666,0.5,0,2,4,0.0,0.0,0,2,4,0.0,0.0,0,2,0,,0.0,True,EQUAL_WEIGHT_PP_SUM_NOT_YEN_NOT_CAPITAL,SINGLE_POSITIVE_R_MASS_PRIVATE;SINGLE_NEGATIVE_R_MASS_PRIVATE
C0115,WITHIN_R0_RANK_RISK_12BAND,D-FULL,q3,C,HIGH_RISK_20,SESSION,2025-07-17,3,3,0,1.0,2,1,0,0,0,0,0,0,2,0,1,0,0,0,0,0,0,0,1,0,0,0,0,0,0,0,0,0.7343468982647728,,0,0,0.0,,0.0,,0,0,0.0,,0.0,,0,0,0.0,,0.0,,1,2,0.3333333333333333,0.5,0.6666666666666666,1.5,0,3,1,0.0,0.0,0,3,0,,0.0,0,3,0,,0.0,0,3,0,,0.0,1,3,2,0.5,0.3333333333333333,0,3,0,,0.0,0,3,0,,0.0,0,3,0,,0.0,True,EQUAL_WEIGHT_PP_SUM_NOT_YEN_NOT_CAPITAL,SINGLE_NEGATIVE_R_MASS_PRIVATE
C0115,WITHIN_R0_RANK_RISK_12BAND,D-FULL,q3,C,HIGH_RISK_20,SESSION,2025-07-18,3,3,0,1.0,2,1,0,1,0,0,0,0,1,0,0,0,0,0,1,0,0,1,1,1,1,1,1,1,1,1,1,5.488048555661519,,1,1,0.3333333333333333,1.0,0.2727272727272727,3.6666666666666665,1,1,0.3333333333333333,1.0,0.2727272727272727,3.6666666666666665,1,2,0.3333333333333333,0.5,0.5454545454545454,1.8333333333333333,1,5,0.3333333333333333,0.2,1.3636363636363635,0.7333333333333333,1,3,3,0.3333333333333333,0.3333333333333333,1,3,1,1.0,0.3333333333333333,1,3,1,1.0,0.3333333333333333,1,3,1,1.0,0.3333333333333333,3,3,7,0.42857142857142855,1.0,3,3,6,0.5,1.0,3,3,5,0.6,1.0,1,3,1,1.0,0.3333333333333333,True,EQUAL_WEIGHT_PP_SUM_NOT_YEN_NOT_CAPITAL,SINGLE_NEGATIVE_R_MASS_PRIVATE
C0115,WITHIN_R0_RANK_RISK_12BAND,D-FULL,q3,C,HIGH_RISK_20,SESSION,2025-07-22,2,2,0,1.0,1,1,0,0,0,0,1,0,0,1,0,0,0,0,0,0,0,1,0,1,0,0,0,0,0,0,0,,,0,0,0.0,,0.0,,0,0,0.0,,0.0,,0,1,0.0,0.0,0.15384615384615385,0.0,1,7,0.5,0.14285714285714285,1.0769230769230769,0.9285714285714286,1,2,2,0.5,0.5,0,2,1,0.0,0.0,0,2,1,0.0,0.0,0,2,0,,0.0,2,2,6,0.3333333333333333,1.0,2,2,4,0.5,1.0,2,2,3,0.6666666666666666,1.0,0,2,0,,0.0,True,EQUAL_WEIGHT_PP_SUM_NOT_YEN_NOT_CAPITAL,SINGLE_POSITIVE_R_MASS_PRIVATE;SINGLE_NEGATIVE_R_MASS_PRIVATE
C0115,WITHIN_R0_RANK_RISK_12BAND,D-FULL,q3,C,HIGH_RISK_20,SESSION,2025-07-23,4,4,0,1.0,1,3,0,0,0,0,1,0,0,0,0,0,1,2,0,0,0,1,3,1,3,0,3,0,2,0,0,,13.379495562648325,0,0,0.0,,0.0,,3,3,0.75,1.0,1.3333333333333333,2.25,3,3,0.75,1.0,1.3333333333333333,2.25,3,4,0.75,0.75,1.7777777777777777,1.6875,1,4,3,0.3333333333333333,0.25,0,4,1,0.0,0.0,0,4,0,,0.0,0,4,0,,0.0,2,4,5,0.4,0.5,2,4,4,0.5,0.5,0,4,2,0.0,0.0,0,4,0,,0.0,True,EQUAL_WEIGHT_PP_SUM_NOT_YEN_NOT_CAPITAL,SINGLE_POSITIVE_R_MASS_PRIVATE
C0115,WITHIN_R0_RANK_RISK_12BAND,D-FULL,q3,C,HIGH_RISK_20,SESSION,2025-07-24,3,3,0,1.0,2,1,0,0,0,0,0,1,1,1,0,0,0,0,0,0,0,1,0,0,0,0,0,0,0,0,0,1.8013839274785661,,0,0,0.0,,0.0,,0,0,0.0,,0.0,,0,2,0.0,0.0,0.6,0.0,1,8,0.3333333333333333,0.125,2.4,0.4166666666666667,0,3,0,,0.0,0,3,0,,0.0,0,3,0,,0.0,0,3,0,,0.0,1,3,3,0.3333333333333333,0.3333333333333333,1,3,2,0.5,0.3333333333333333,1,3,1,1.0,0.3333333333333333,1,3,1,1.0,0.3333333333333333,True,EQUAL_WEIGHT_PP_SUM_NOT_YEN_NOT_CAPITAL,SINGLE_NEGATIVE_R_MASS_PRIVATE
C0115,WITHIN_R0_RANK_RISK_12BAND,D-FULL,q3,C,HIGH_RISK_20,SESSION,2025-07-25,1,1,0,1.0,1,0,0,0,0,0,0,0,1,0,0,0,0,0,0,0,0,0,0,0,0,0,0,0,0,0,0,,,0,0,0.0,,0.0,,0,1,0.0,0.0,0.08333333333333333,0.0,0,1,0.0,0.0,0.08333333333333333,0.0,0,7,0.0,0.0,0.5833333333333334,0.0,0,1,2,0.0,0.0,0,1,1,0.0,0.0,0,1,1,0.0,0.0,0,1,1,0.0,0.0,0,1,4,0.0,0.0,0,1,1,0.0,0.0,0,1,1,0.0,0.0,0,1,0,,0.0,True,EQUAL_WEIGHT_PP_SUM_NOT_YEN_NOT_CAPITAL,SINGLE_POSITIVE_R_MASS_PRIVATE;SINGLE_NEGATIVE_R_MASS_PRIVATE
C0115,WITHIN_R0_RANK_RISK_12BAND,D-FULL,q3,C,HIGH_RISK_20,SESSION,2025-07-28,2,2,0,1.0,1,1,0,0,0,1,0,0,0,0,0,1,0,0,0,0,0,1,1,1,1,1,0,0,0,0,0,,,0,0,0.0,,0.0,,0,0,0.0,,0.0,,1,1,0.5,1.0,0.13333333333333333,7.5,1,8,0.5,0.125,1.0666666666666667,0.9375,1,2,3,0.3333333333333333,0.5,1,2,3,0.3333333333333333,0.5,0,2,2,0.0,0.0,0,2,2,0.0,0.0,1,2,4,0.25,0.5,1,2,3,0.3333333333333333,0.5,1,2,2,0.5,0.5,1,2,2,0.5,0.5,True,EQUAL_WEIGHT_PP_SUM_NOT_YEN_NOT_CAPITAL,SINGLE_POSITIVE_R_MASS_PRIVATE;SINGLE_NEGATIVE_R_MASS_PRIVATE
C0115,WITHIN_R0_RANK_RISK_12BAND,D-FULL,q3,C,HIGH_RISK_20,SESSION,2025-07-29,2,2,0,1.0,0,2,0,0,0,0,0,0,0,1,1,0,0,0,0,0,0,0,1,0,0,0,0,0,0,0,0,,1.7888429801721943,0,0,0.0,,0.0,,0,0,0.0,,0.0,,0,0,0.0,,0.0,,2,7,1.0,0.2857142857142857,1.2727272727272727,1.5714285714285714,0,2,0,,0.0,0,2,0,,0.0,0,2,0,,0.0,0,2,0,,0.0,1,2,4,0.25,0.5,1,2,2,0.5,0.5,1,2,1,1.0,0.5,0,2,0,,0.0,True,EQUAL_WEIGHT_PP_SUM_NOT_YEN_NOT_CAPITAL,SINGLE_POSITIVE_R_MASS_PRIVATE
C0115,WITHIN_R0_RANK_RISK_12BAND,D-FULL,q3,C,HIGH_RISK_20,SESSION,2025-07-30,2,2,0,1.0,1,1,0,0,0,0,0,0,1,1,0,0,0,0,0,0,0,0,0,0,0,0,0,0,0,0,0,,,0,0,0.0,,0.0,,0,0,0.0,,0.0,,0,0,0.0,,0.0,,1,5,0.5,0.2,0.8333333333333334,1.2,0,2,1,0.0,0.0,0,2,1,0.0,0.0,0,2,0,,0.0,0,2,0,,0.0,1,2,4,0.25,0.5,0,2,1,0.0,0.0,0,2,0,,0.0,0,2,0,,0.0,True,EQUAL_WEIGHT_PP_SUM_NOT_YEN_NOT_CAPITAL,SINGLE_POSITIVE_R_MASS_PRIVATE;SINGLE_NEGATIVE_R_MASS_PRIVATE
C0115,WITHIN_R0_RANK_RISK_12BAND,D-FULL,q3,C,HIGH_RISK_20,SESSION,2025-07-31,1,1,0,1.0,0,1,0,0,0,0,0,0,0,0,1,0,0,0,0,0,0,0,1,0,0,0,0,0,0,0,0,,,0,0,0.0,,0.0,,0,0,0.0,,0.0,,0,0,0.0,,0.0,,1,7,1.0,0.14285714285714285,0.7,1.4285714285714286,0,1,0,,0.0,0,1,0,,0.0,0,1,0,,0.0,0,1,0,,0.0,0,1,0,,0.0,0,1,0,,0.0,0,1,0,,0.0,0,1,0,,0.0,True,EQUAL_WEIGHT_PP_SUM_NOT_YEN_NOT_CAPITAL,SINGLE_POSITIVE_R_MASS_PRIVATE;SINGLE_NEGATIVE_R_MASS_PRIVATE
C0115,WITHIN_R0_RANK_RISK_12BAND,D-FULL,q3,C,HIGH_RISK_20,SESSION,2025-08-01,3,3,0,1.0,3,0,0,0,0,1,0,2,0,0,0,0,0,0,0,0,0,3,0,1,0,1,0,0,0,0,0,5.773877420605593,,0,1,0.0,0.0,0.2,0.0,0,1,0.0,0.0,0.2,0.0,0,1,0.0,0.0,0.2,0.0,0,7,0.0,0.0,1.4,0.0,1,3,2,0.5,0.3333333333333333,1,3,1,1.0,0.3333333333333333,0,3,0,,0.0,0,3,0,,0.0,2,3,5,0.4,0.6666666666666666,2,3,3,0.6666666666666666,0.6666666666666666,2,3,2,1.0,0.6666666666666666,1,3,1,1.0,0.3333333333333333,True,EQUAL_WEIGHT_PP_SUM_NOT_YEN_NOT_CAPITAL,SINGLE_NEGATIVE_R_MASS_PRIVATE
C0115,WITHIN_R0_RANK_RISK_12BAND,D-FULL,q3,C,HIGH_RISK_20,SESSION,2025-08-04,5,5,0,1.0,1,4,0,0,0,0,0,0,1,1,0,2,0,1,0,0,0,0,3,0,3,0,1,0,1,0,0,,9.893270947441312,0,0,0.0,,0.0,,1,1,0.2,1.0,0.23809523809523808,4.2,3,3,0.6,1.0,0.7142857142857143,4.2,4,12,0.8,0.3333333333333333,2.857142857142857,1.4,0,5,1,0.0,0.0,0,5,1,0.0,0.0,0,5,0,,0.0,0,5,0,,0.0,2,5,3,0.6666666666666666,0.4,1,5,1,1.0,0.2,1,5,1,1.0,0.2,1,5,1,1.0,0.2,True,EQUAL_WEIGHT_PP_SUM_NOT_YEN_NOT_CAPITAL,SINGLE_POSITIVE_R_MASS_PRIVATE
C0115,WITHIN_R0_RANK_RISK_12BAND,D-FULL,q3,C,HIGH_RISK_20,SESSION,2025-08-05,4,4,0,1.0,3,1,0,1,1,0,0,0,1,1,0,0,0,0,0,0,0,2,0,2,0,2,0,2,0,1,0,11.194843692519376,,0,0,0.0,,0.0,,0,0,0.0,,0.0,,0,1,0.0,0.0,0.3333333333333333,0.0,1,5,0.25,0.2,1.6666666666666667,0.6,2,4,3,0.6666666666666666,0.5,2,4,3,0.6666666666666666,0.5,2,4,3,0.6666666666666666,0.5,1,4,2,0.5,0.25,2,4,4,0.5,0.5,2,4,3,0.6666666666666666,0.5,2,4,3,0.6666666666666666,0.5,1,4,2,0.5,0.25,True,EQUAL_WEIGHT_PP_SUM_NOT_YEN_NOT_CAPITAL,SINGLE_NEGATIVE_R_MASS_PRIVATE
C0115,WITHIN_R0_RANK_RISK_12BAND,D-FULL,q3,C,HIGH_RISK_20,SESSION,2025-08-06,1,1,0,1.0,0,1,0,0,0,0,0,0,0,0,1,0,0,0,0,0,0,0,1,0,0,0,0,0,0,0,0,,,0,0,0.0,,0.0,,0,0,0.0,,0.0,,0,1,0.0,0.0,0.09090909090909091,0.0,1,4,1.0,0.25,0.36363636363636365,2.75,0,1,1,0.0,0.0,0,1,1,0.0,0.0,0,1,0,,0.0,0,1,0,,0.0,0,1,3,0.0,0.0,0,1,1,0.0,0.0,0,1,0,,0.0,0,1,0,,0.0,True,EQUAL_WEIGHT_PP_SUM_NOT_YEN_NOT_CAPITAL,SINGLE_POSITIVE_R_MASS_PRIVATE;SINGLE_NEGATIVE_R_MASS_PRIVATE
C0115,WITHIN_R0_RANK_RISK_12BAND,D-FULL,q3,C,HIGH_RISK_20,SESSION,2025-08-07,1,1,0,1.0,0,1,0,0,0,0,0,0,0,0,1,0,0,0,0,0,0,0,1,0,0,0,0,0,0,0,0,,,0,0,0.0,,0.0,,0,1,0.0,0.0,0.05,0.0,0,2,0.0,0.0,0.1,0.0,1,15,1.0,0.06666666666666667,0.75,1.3333333333333333,0,1,2,0.0,0.0,0,1,0,,0.0,0,1,0,,0.0,0,1,0,,0.0,0,1,3,0.0,0.0,0,1,2,0.0,0.0,0,1,0,,0.0,0,1,0,,0.0,True,EQUAL_WEIGHT_PP_SUM_NOT_YEN_NOT_CAPITAL,SINGLE_POSITIVE_R_MASS_PRIVATE;SINGLE_NEGATIVE_R_MASS_PRIVATE
C0115,WITHIN_R0_RANK_RISK_12BAND,D-FULL,q3,C,HIGH_RISK_20,SESSION,2025-08-08,4,4,0,1.0,2,2,0,1,0,0,0,1,0,1,0,0,0,1,0,0,0,2,1,1,1,1,1,1,1,1,0,8.243677120101161,4.302571506854376,0,0,0.0,,0.0,,1,1,0.25,1.0,0.23529411764705882,4.25,1,3,0.25,0.3333333333333333,0.7058823529411765,1.4166666666666667,2,9,0.5,0.2222222222222222,2.1176470588235294,0.9444444444444444,1,4,2,0.5,0.25,1,4,2,0.5,0.25,1,4,1,1.0,0.25,1,4,1,1.0,0.25,3,4,8,0.375,0.75,3,4,7,0.42857142857142855,0.75,1,4,2,0.5,0.25,1,4,1,1.0,0.25,True,EQUAL_WEIGHT_PP_SUM_NOT_YEN_NOT_CAPITAL,
C0115,WITHIN_R0_RANK_RISK_12BAND,D-FULL,q3,C,HIGH_RISK_20,SESSION,2025-08-12,7,7,0,1.0,3,4,0,1,0,0,1,0,1,1,1,0,0,0,2,0,0,2,3,2,2,1,2,1,2,1,2,25.353778253553262,24.386100796945115,2,2,0.2857142857142857,1.0,0.7777777777777778,2.5714285714285716,2,2,0.2857142857142857,1.0,0.7777777777777778,2.5714285714285716,2,3,0.2857142857142857,0.6666666666666666,1.1666666666666667,1.7142857142857142,4,11,0.5714285714285714,0.36363636363636365,4.277777777777778,0.935064935064935,2,7,4,0.5,0.2857142857142857,1,7,3,0.3333333333333333,0.14285714285714285,1,7,3,0.3333333333333333,0.14285714285714285,1,7,1,1.0,0.14285714285714285,5,7,10,0.5,0.7142857142857143,3,7,6,0.5,0.42857142857142855,2,7,2,1.0,0.2857142857142857,2,7,2,1.0,0.2857142857142857,True,EQUAL_WEIGHT_PP_SUM_NOT_YEN_NOT_CAPITAL,
C0115,WITHIN_R0_RANK_RISK_12BAND,D-FULL,q3,C,HIGH_RISK_20,SESSION,2025-08-13,4,4,0,1.0,3,1,0,1,0,0,0,1,1,0,1,0,0,0,0,0,0,2,1,1,0,1,0,1,0,1,0,7.5971105920711,,0,0,0.0,,0.0,,0,2,0.0,0.0,0.5714285714285714,0.0,0,2,0.0,0.0,0.5714285714285714,0.0,1,7,0.25,0.14285714285714285,2.0,0.5,1,4,1,1.0,0.25,1,4,1,1.0,0.25,1,4,1,1.0,0.25,1,4,1,1.0,0.25,3,4,5,0.6,0.75,3,4,4,0.75,0.75,2,4,2,1.0,0.5,0,4,0,,0.0,True,EQUAL_WEIGHT_PP_SUM_NOT_YEN_NOT_CAPITAL,SINGLE_NEGATIVE_R_MASS_PRIVATE
C0115,WITHIN_R0_RANK_RISK_12BAND,D-FULL,q3,C,HIGH_RISK_20,SESSION,2025-08-14,5,5,0,1.0,2,3,0,1,0,0,0,0,1,3,0,0,0,0,0,0,0,1,0,1,0,1,0,1,0,1,0,12.313688605502605,0.29985007496251875,0,1,0.0,0.0,0.38461538461538464,0.0,0,1,0.0,0.0,0.38461538461538464,0.0,0,2,0.0,0.0,0.7692307692307693,0.0,3,7,0.6,0.42857142857142855,2.6923076923076925,1.1142857142857143,1,5,4,0.25,0.2,1,5,4,0.25,0.2,1,5,2,0.5,0.2,1,5,1,1.0,0.2,3,5,6,0.5,0.6,2,5,5,0.4,0.4,1,5,2,0.5,0.2,1,5,1,1.0,0.2,True,EQUAL_WEIGHT_PP_SUM_NOT_YEN_NOT_CAPITAL,
C0115,WITHIN_R0_RANK_RISK_12BAND,D-FULL,q3,C,HIGH_RISK_20,SESSION,2025-08-15,1,1,0,1.0,0,1,0,0,0,0,0,0,0,0,1,0,0,0,0,0,0,0,1,0,0,0,0,0,0,0,0,,,0,0,0.0,,0.0,,0,1,0.0,0.0,0.06666666666666667,0.0,0,2,0.0,0.0,0.13333333333333333,0.0,1,8,1.0,0.125,0.5333333333333333,1.875,0,1,0,,0.0,0,1,0,,0.0,0,1,0,,0.0,0,1,0,,0.0,0,1,3,0.0,0.0,0,1,0,,0.0,0,1,0,,0.0,0,1,0,,0.0,True,EQUAL_WEIGHT_PP_SUM_NOT_YEN_NOT_CAPITAL,SINGLE_POSITIVE_R_MASS_PRIVATE;SINGLE_NEGATIVE_R_MASS_PRIVATE
C0115,WITHIN_R0_RANK_RISK_12BAND,D-FULL,q3,C,HIGH_RISK_20,SESSION,2025-08-18,3,3,0,1.0,0,3,0,0,0,0,0,0,0,1,1,0,1,0,0,0,0,0,2,0,1,0,1,0,0,0,0,,5.306522241000715,0,0,0.0,,0.0,,1,1,0.3333333333333333,1.0,0.25,4.0,1,1,0.3333333333333333,1.0,0.25,4.0,3,10,1.0,0.3,2.5,1.2,0,3,0,,0.0,0,3,0,,0.0,0,3,0,,0.0,0,3,0,,0.0,0,3,2,0.0,0.0,0,3,1,0.0,0.0,0,3,0,,0.0,0,3,0,,0.0,True,EQUAL_WEIGHT_PP_SUM_NOT_YEN_NOT_CAPITAL,SINGLE_POSITIVE_R_MASS_PRIVATE
C0115,WITHIN_R0_RANK_RISK_12BAND,D-FULL,q3,C,HIGH_RISK_20,SESSION,2025-08-19,5,5,0,1.0,3,2,0,1,1,0,0,1,0,1,0,1,0,0,0,0,0,3,1,2,1,2,0,2,0,1,0,10.632702227180605,2.8725786369986217,0,0,0.0,,0.0,,0,0,0.0,,0.0,,1,1,0.2,1.0,0.3333333333333333,3.0,2,8,0.4,0.25,2.6666666666666665,0.75,2,5,3,0.6666666666666666,0.4,2,5,3,0.6666666666666666,0.4,2,5,2,1.0,0.4,1,5,1,1.0,0.2,3,5,6,0.5,0.6,2,5,5,0.4,0.4,2,5,3,0.6666666666666666,0.4,0,5,1,0.0,0.0,True,EQUAL_WEIGHT_PP_SUM_NOT_YEN_NOT_CAPITAL,
C0115,WITHIN_R0_RANK_RISK_12BAND,D-FULL,q3,C,HIGH_RISK_20,SESSION,2025-08-20,1,1,0,1.0,1,0,0,0,1,0,0,0,0,0,0,0,0,0,0,0,0,1,0,1,0,1,0,1,0,0,0,,,0,0,0.0,,0.0,,0,1,0.0,0.0,0.08333333333333333,0.0,0,1,0.0,0.0,0.08333333333333333,0.0,0,6,0.0,0.0,0.5,0.0,1,1,1,1.0,1.0,1,1,1,1.0,1.0,1,1,1,1.0,1.0,0,1,0,,0.0,1,1,2,0.5,1.0,1,1,2,0.5,1.0,0,1,0,,0.0,0,1,0,,0.0,True,EQUAL_WEIGHT_PP_SUM_NOT_YEN_NOT_CAPITAL,SINGLE_POSITIVE_R_MASS_PRIVATE;SINGLE_NEGATIVE_R_MASS_PRIVATE
C0115,WITHIN_R0_RANK_RISK_12BAND,D-FULL,q3,C,HIGH_RISK_20,SESSION,2025-08-21,3,3,0,1.0,1,2,0,0,0,0,0,1,0,1,0,0,0,1,0,0,0,1,1,0,1,0,1,0,1,0,0,,5.2646173324855,0,0,0.0,,0.0,,1,2,0.3333333333333333,0.5,0.42857142857142855,2.3333333333333335,1,3,0.3333333333333333,0.3333333333333333,0.6428571428571429,1.5555555555555556,2,7,0.6666666666666666,0.2857142857142857,1.5,1.3333333333333333,0,3,1,0.0,0.0,0,3,0,,0.0,0,3,0,,0.0,0,3,0,,0.0,1,3,4,0.25,0.3333333333333333,1,3,2,0.5,0.3333333333333333,0,3,0,,0.0,0,3,0,,0.0,True,EQUAL_WEIGHT_PP_SUM_NOT_YEN_NOT_CAPITAL,SINGLE_POSITIVE_R_MASS_PRIVATE
C0115,WITHIN_R0_RANK_RISK_12BAND,D-FULL,q3,C,HIGH_RISK_20,SESSION,2025-08-22,3,3,0,1.0,0,3,0,0,0,0,0,0,0,1,1,0,0,1,0,0,0,0,2,0,1,0,1,0,1,0,0,,6.685585442285813,0,0,0.0,,0.0,,1,2,0.3333333333333333,0.5,0.5454545454545454,1.8333333333333333,1,3,0.3333333333333333,0.3333333333333333,0.8181818181818182,1.2222222222222223,3,8,1.0,0.375,2.1818181818181817,1.375,0,3,2,0.0,0.0,0,3,2,0.0,0.0,0,3,1,0.0,0.0,0,3,1,0.0,0.0,0,3,3,0.0,0.0,0,3,3,0.0,0.0,0,3,1,0.0,0.0,0,3,1,0.0,0.0,True,EQUAL_WEIGHT_PP_SUM_NOT_YEN_NOT_CAPITAL,SINGLE_POSITIVE_R_MASS_PRIVATE
C0115,WITHIN_R0_RANK_RISK_12BAND,D-FULL,q3,C,HIGH_RISK_20,SESSION,2025-08-25,1,1,0,1.0,1,0,0,0,0,0,0,1,0,0,0,0,0,0,0,0,0,1,0,0,0,0,0,0,0,0,0,,,0,0,0.0,,0.0,,0,0,0.0,,0.0,,0,0,0.0,,0.0,,0,4,0.0,0.0,0.4444444444444444,0.0,0,1,1,0.0,0.0,0,1,1,0.0,0.0,0,1,1,0.0,0.0,0,1,1,0.0,0.0,1,1,3,0.3333333333333333,1.0,1,1,3,0.3333333333333333,1.0,1,1,2,0.5,1.0,0,1,1,0.0,0.0,True,EQUAL_WEIGHT_PP_SUM_NOT_YEN_NOT_CAPITAL,SINGLE_POSITIVE_R_MASS_PRIVATE;SINGLE_NEGATIVE_R_MASS_PRIVATE
C0115,WITHIN_R0_RANK_RISK_12BAND,D-FULL,q3,C,HIGH_RISK_20,RANK,S,0,0,0,,0,0,0,0,0,0,0,0,0,0,0,0,0,0,0,0,0,0,0,0,0,0,0,0,0,0,0,,,0,0,,,0.0,,0,0,,,0.0,,0,0,,,0.0,,0,0,,,0.0,,0,0,0,,,0,0,0,,,0,0,0,,,0,0,0,,,0,0,0,,,0,0,0,,,0,0,0,,,0,0,0,,,True,EQUAL_WEIGHT_PP_SUM_NOT_YEN_NOT_CAPITAL,SINGLE_POSITIVE_R_MASS_PRIVATE;SINGLE_NEGATIVE_R_MASS_PRIVATE
C0115,WITHIN_R0_RANK_RISK_12BAND,D-FULL,q3,C,HIGH_RISK_20,RANK,A,0,0,0,,0,0,0,0,0,0,0,0,0,0,0,0,0,0,0,0,0,0,0,0,0,0,0,0,0,0,0,,,0,0,,,0.0,,0,0,,,0.0,,0,0,,,0.0,,0,0,,,0.0,,0,0,0,,,0,0,0,,,0,0,0,,,0,0,0,,,0,0,0,,,0,0,0,,,0,0,0,,,0,0,0,,,True,EQUAL_WEIGHT_PP_SUM_NOT_YEN_NOT_CAPITAL,SINGLE_POSITIVE_R_MASS_PRIVATE;SINGLE_NEGATIVE_R_MASS_PRIVATE
C0115,WITHIN_R0_RANK_RISK_12BAND,D-FULL,q3,C,HIGH_RISK_20,RANK,B,0,0,0,,0,0,0,0,0,0,0,0,0,0,0,0,0,0,0,0,0,0,0,0,0,0,0,0,0,0,0,,,0,0,,,0.0,,0,0,,,0.0,,0,0,,,0.0,,0,0,,,0.0,,0,0,0,,,0,0,0,,,0,0,0,,,0,0,0,,,0,0,0,,,0,0,0,,,0,0,0,,,0,0,0,,,True,EQUAL_WEIGHT_PP_SUM_NOT_YEN_NOT_CAPITAL,SINGLE_POSITIVE_R_MASS_PRIVATE;SINGLE_NEGATIVE_R_MASS_PRIVATE
C0115,WITHIN_R0_RANK_RISK_12BAND,D-FULL,q3,C,HIGH_RISK_20,RANK,C,113,111,2,0.9823008849557522,54,57,0,9,4,5,4,13,19,23,14,5,4,6,5,0,2,35,34,22,20,18,15,13,11,9,5,151.33067417879795,128.44469250902685,5,9,0.04504504504504504,0.5555555555555556,1.8924628452625742,2.6420597965854715,15,31,0.13513513513513514,0.4838709677419355,6.511727356579049,2.3035362475434296,20,58,0.18018018018018017,0.3448275862068966,12.211295541776094,1.6378278563136852,57,293,0.5135135135135135,0.1945392491467577,61.90732724799579,0.9207310755262066,22,111,66,0.3333333333333333,0.1981981981981982,18,111,46,0.391304347826087,0.16216216216216217,13,111,28,0.4642857142857143,0.11711711711711711,9,111,18,0.5,0.08108108108108109,58,113,174,0.3333333333333333,0.5132743362831859,45,113,111,0.40540540540540543,0.39823008849557523,30,113,57,0.5263157894736842,0.26548672566371684,13,113,20,0.65,0.11504424778761062,False,EQUAL_WEIGHT_PP_SUM_NOT_YEN_NOT_CAPITAL,
C0115,WITHIN_R0_RANK_RISK_12BAND,D-FULL,q3,C,HIGH_RISK_20,EXECUTION_ELIGIBLE,TRUE,112,111,1,0.9910714285714286,54,57,0,9,4,5,4,13,19,23,14,5,4,6,5,0,1,35,34,22,20,18,15,13,11,9,5,151.33067417879795,128.44469250902685,5,9,0.04504504504504504,0.5555555555555556,1.8924628452625742,2.6420597965854715,15,31,0.13513513513513514,0.4838709677419355,6.511727356579049,2.3035362475434296,20,58,0.18018018018018017,0.3448275862068966,12.211295541776094,1.6378278563136852,57,293,0.5135135135135135,0.1945392491467577,61.90732724799579,0.9207310755262066,22,111,66,0.3333333333333333,0.1981981981981982,18,111,46,0.391304347826087,0.16216216216216217,13,111,28,0.4642857142857143,0.11711711711711711,9,111,18,0.5,0.08108108108108109,58,112,174,0.3333333333333333,0.5178571428571429,45,112,111,0.40540540540540543,0.4017857142857143,30,112,57,0.5263157894736842,0.26785714285714285,13,112,20,0.65,0.11607142857142858,False,EQUAL_WEIGHT_PP_SUM_NOT_YEN_NOT_CAPITAL,
C0115,WITHIN_R0_RANK_RISK_12BAND,D-FULL,q3,C,HIGH_RISK_20,R0_PASS,SAB,0,0,0,,0,0,0,0,0,0,0,0,0,0,0,0,0,0,0,0,0,0,0,0,0,0,0,0,0,0,0,,,0,0,,,0.0,,0,0,,,0.0,,0,0,,,0.0,,0,0,,,0.0,,0,0,0,,,0,0,0,,,0,0,0,,,0,0,0,,,0,0,0,,,0,0,0,,,0,0,0,,,0,0,0,,,True,EQUAL_WEIGHT_PP_SUM_NOT_YEN_NOT_CAPITAL,SINGLE_POSITIVE_R_MASS_PRIVATE;SINGLE_NEGATIVE_R_MASS_PRIVATE
C0115,WITHIN_R0_RANK_RISK_12BAND,D-FULL,q3,C,HIGH_RISK_20,E0_FUNDED,SAVED,0,0,0,,0,0,0,0,0,0,0,0,0,0,0,0,0,0,0,0,0,0,0,0,0,0,0,0,0,0,0,,,0,0,,,0.0,,0,0,,,0.0,,0,0,,,0.0,,0,0,,,0.0,,0,0,0,,,0,0,0,,,0,0,0,,,0,0,0,,,0,0,0,,,0,0,0,,,0,0,0,,,0,0,0,,,True,EQUAL_WEIGHT_PP_SUM_NOT_YEN_NOT_CAPITAL,SINGLE_POSITIVE_R_MASS_PRIVATE;SINGLE_NEGATIVE_R_MASS_PRIVATE
C0116,WITHIN_R0_RANK_RISK_12BAND,D-FULL,q3,C,REST_80,ALL,ALL,432,413,19,0.9560185185185185,177,236,0,9,6,13,16,49,84,143,55,22,8,4,4,0,19,93,93,44,38,28,16,15,8,9,4,330.30549084852385,264.83056378208636,4,9,0.009685230024213076,0.4444444444444444,7.107537154737425,0.5627828476892109,16,31,0.0387409200968523,0.5161290322580645,24.488272643420952,0.6533739734516791,38,58,0.09200968523002422,0.6551724137931034,45.788704458223904,0.8298989991007485,236,293,0.5714285714285714,0.8054607508532423,231.0926727520042,1.0212353216982437,44,413,66,0.6666666666666666,0.10653753026634383,28,413,46,0.6086956521739131,0.06779661016949153,15,413,28,0.5357142857142857,0.03631961259079903,9,413,18,0.5,0.021791767554479417,116,432,174,0.6666666666666666,0.26851851851851855,66,432,111,0.5945945945945946,0.1527777777777778,27,432,57,0.47368421052631576,0.0625,7,432,20,0.35,0.016203703703703703,False,EQUAL_WEIGHT_PP_SUM_NOT_YEN_NOT_CAPITAL,
C0116,WITHIN_R0_RANK_RISK_12BAND,D-FULL,q3,C,REST_80,BLOCK,1,57,56,1,0.9824561403508771,19,37,0,0,0,3,2,4,10,16,14,4,1,0,2,0,1,9,21,5,7,3,3,0,2,0,2,26.61186029586039,52.410997025162565,2,2,0.03571428571428571,1.0,1.6231884057971016,1.2321428571428572,3,5,0.05357142857142857,0.6,4.057971014492754,0.7392857142857143,7,9,0.125,0.7777777777777778,7.304347826086956,0.9583333333333334,37,44,0.6607142857142857,0.8409090909090909,35.710144927536234,1.03612012987013,5,56,10,0.5,0.08928571428571429,3,56,7,0.42857142857142855,0.05357142857142857,0,56,1,0.0,0.0,0,56,0,,0.0,14,57,22,0.6363636363636364,0.24561403508771928,7,57,13,0.5384615384615384,0.12280701754385964,4,57,8,0.5,0.07017543859649122,0,57,1,0.0,0.0,False,EQUAL_WEIGHT_PP_SUM_NOT_YEN_NOT_CAPITAL,
C0116,WITHIN_R0_RANK_RISK_12BAND,D-FULL,q3,C,REST_80,BLOCK,2,70,65,5,0.9285714285714286,32,33,0,2,1,1,4,10,14,25,4,2,1,1,0,0,5,18,8,8,4,4,2,3,1,2,0,56.66193819645313,28.902296106047352,0,2,0.0,0.0,1.5662650602409638,0.0,2,4,0.03076923076923077,0.5,3.1325301204819276,0.6384615384615384,4,7,0.06153846153846154,0.5714285714285714,5.481927710843373,0.7296703296703296,33,42,0.5076923076923077,0.7857142857142857,32.89156626506024,1.0032967032967033,8,65,9,0.8888888888888888,0.12307692307692308,4,65,5,0.8,0.06153846153846154,3,65,4,0.75,0.046153846153846156,2,65,3,0.6666666666666666,0.03076923076923077,21,70,28,0.75,0.3,11,70,16,0.6875,0.15714285714285714,5,70,7,0.7142857142857143,0.07142857142857142,2,70,3,0.6666666666666666,0.02857142857142857,False,EQUAL_WEIGHT_PP_SUM_NOT_YEN_NOT_CAPITAL,
C0116,WITHIN_R0_RANK_RISK_12BAND,D-FULL,q3,C,REST_80,BLOCK,3,53,50,3,0.9433962264150944,21,29,0,1,2,0,4,5,9,18,6,4,1,0,0,0,3,12,11,7,5,3,1,3,0,1,0,36.62036442165847,32.4173486659575,0,1,0.0,0.0,0.78125,0.0,1,2,0.02,0.5,1.5625,0.64,5,6,0.1,0.8333333333333334,4.6875,1.0666666666666667,29,33,0.58,0.8787878787878788,25.78125,1.1248484848484848,7,50,10,0.7,0.14,3,50,5,0.6,0.06,3,50,5,0.6,0.06,1,50,3,0.3333333333333333,0.02,19,53,30,0.6333333333333333,0.3584905660377358,13,53,21,0.6190476190476191,0.24528301886792453,8,53,15,0.5333333333333333,0.1509433962264151,0,53,2,0.0,0.0,False,EQUAL_WEIGHT_PP_SUM_NOT_YEN_NOT_CAPITAL,
C0116,WITHIN_R0_RANK_RISK_12BAND,D-FULL,q3,C,REST_80,BLOCK,4,46,45,1,0.9782608695652174,18,27,0,3,0,1,2,6,6,15,9,2,1,0,0,0,1,12,12,6,3,4,1,3,0,3,0,52.84455529399793,26.792455415504843,0,0,0.0,,0.0,,1,4,0.022222222222222223,0.25,3.1578947368421053,0.31666666666666665,3,7,0.06666666666666667,0.42857142857142855,5.526315789473684,0.5428571428571428,27,34,0.6,0.7941176470588235,26.842105263157894,1.0058823529411764,6,45,8,0.75,0.13333333333333333,4,45,5,0.8,0.08888888888888889,3,45,3,1.0,0.06666666666666667,3,45,3,1.0,0.06666666666666667,15,46,20,0.75,0.32608695652173914,7,46,12,0.5833333333333334,0.15217391304347827,4,46,7,0.5714285714285714,0.08695652173913043,1,46,3,0.3333333333333333,0.021739130434782608,False,EQUAL_WEIGHT_PP_SUM_NOT_YEN_NOT_CAPITAL,
C0116,WITHIN_R0_RANK_RISK_12BAND,D-FULL,q3,C,REST_80,BLOCK,5,56,55,1,0.9821428571428571,26,29,0,1,0,2,1,7,15,22,5,1,0,0,1,0,1,11,7,4,2,3,1,1,1,1,1,44.63586855654525,24.290281292236987,1,1,0.01818181818181818,1.0,0.7857142857142857,1.2727272727272727,1,2,0.01818181818181818,0.5,1.5714285714285714,0.6363636363636364,2,5,0.03636363636363636,0.4,3.9285714285714284,0.509090909090909,29,36,0.5272727272727272,0.8055555555555556,28.285714285714285,1.0252525252525253,4,55,7,0.5714285714285714,0.07272727272727272,3,55,6,0.5,0.05454545454545454,1,55,3,0.3333333333333333,0.01818181818181818,1,55,2,0.5,0.01818181818181818,9,56,16,0.5625,0.16071428571428573,3,56,8,0.375,0.05357142857142857,1,56,6,0.16666666666666666,0.017857142857142856,1,56,4,0.25,0.017857142857142856,False,EQUAL_WEIGHT_PP_SUM_NOT_YEN_NOT_CAPITAL,
C0116,WITHIN_R0_RANK_RISK_12BAND,D-FULL,q3,C,REST_80,BLOCK,6,66,63,3,0.9545454545454546,26,37,0,0,2,2,2,5,15,23,6,5,1,2,0,0,3,11,14,6,8,4,3,2,2,0,0,34.183046259521014,42.00043286384341,0,2,0.0,0.0,1.575,0.0,3,6,0.047619047619047616,0.5,4.725,0.6349206349206349,8,11,0.12698412698412698,0.7272727272727273,8.6625,0.9235209235209235,37,46,0.5873015873015873,0.8043478260869565,36.225,1.0213940648723256,6,63,10,0.6,0.09523809523809523,4,63,7,0.5714285714285714,0.06349206349206349,2,63,5,0.4,0.031746031746031744,0,63,3,0.0,0.0,18,66,29,0.6206896551724138,0.2727272727272727,11,66,20,0.55,0.16666666666666666,1,66,6,0.16666666666666666,0.015151515151515152,0,66,3,0.0,0.0,False,EQUAL_WEIGHT_PP_SUM_NOT_YEN_NOT_CAPITAL,
C0116,WITHIN_R0_RANK_RISK_12BAND,D-FULL,q3,C,REST_80,BLOCK,7,56,52,4,0.9285714285714286,22,30,0,0,1,3,0,10,8,19,6,2,2,0,1,0,4,14,11,4,5,4,3,1,1,0,1,31.88185342730495,36.48161082497633,1,1,0.019230769230769232,1.0,0.7761194029850746,1.2884615384615385,3,4,0.057692307692307696,0.75,3.1044776119402986,0.9663461538461539,5,7,0.09615384615384616,0.7142857142857143,5.432835820895522,0.9203296703296703,30,39,0.5769230769230769,0.7692307692307693,30.26865671641791,0.9911242603550295,4,52,8,0.5,0.07692307692307693,4,52,8,0.5,0.07692307692307693,1,52,5,0.2,0.019230769230769232,0,52,2,0.0,0.0,12,56,19,0.631578947368421,0.21428571428571427,8,56,13,0.6153846153846154,0.14285714285714285,2,56,5,0.4,0.03571428571428571,1,56,2,0.5,0.017857142857142856,False,EQUAL_WEIGHT_PP_SUM_NOT_YEN_NOT_CAPITAL,
C0116,WITHIN_R0_RANK_RISK_12BAND,D-FULL,q3,C,REST_80,BLOCK,8,28,27,1,0.9642857142857143,13,14,0,2,0,1,1,2,7,5,5,2,1,1,0,0,1,6,9,4,4,3,2,2,1,2,0,46.8660043971827,21.535141588357398,0,0,0.0,,0.0,,2,4,0.07407407407407407,0.5,3.176470588235294,0.6296296296296297,4,6,0.14814814814814814,0.6666666666666666,4.764705882352941,0.8395061728395061,14,19,0.5185185185185185,0.7368421052631579,15.088235294117647,0.9278752436647173,4,27,4,1.0,0.14814814814814814,3,27,3,1.0,0.1111111111111111,2,27,2,1.0,0.07407407407407407,2,27,2,1.0,0.07407407407407407,8,28,10,0.8,0.2857142857142857,6,28,8,0.75,0.21428571428571427,2,28,3,0.6666666666666666,0.07142857142857142,2,28,2,1.0,0.07142857142857142,False,EQUAL_WEIGHT_PP_SUM_NOT_YEN_NOT_CAPITAL,
C0116,WITHIN_R0_RANK_RISK_12BAND,D-FULL,q3,C,REST_80,SESSION,2025-06-27,12,12,0,1.0,6,6,0,0,0,0,1,1,4,2,3,1,0,0,0,0,0,2,4,1,1,0,0,0,0,0,0,6.737515373192907,8.417385544370763,0,0,0.0,,0.0,,0,1,0.0,0.0,0.8,0.0,1,2,0.08333333333333333,0.5,1.6,0.625,6,7,0.5,0.8571428571428571,5.6,1.0714285714285714,1,12,3,0.3333333333333333,0.08333333333333333,0,12,2,0.0,0.0,0,12,0,,0.0,0,12,0,,0.0,3,12,6,0.5,0.25,2,12,4,0.5,0.16666666666666666,1,12,1,1.0,0.08333333333333333,0,12,0,,0.0,False,EQUAL_WEIGHT_PP_SUM_NOT_YEN_NOT_CAPITAL,
C0116,WITHIN_R0_RANK_RISK_12BAND,D-FULL,q3,C,REST_80,SESSION,2025-06-30,13,12,1,0.9230769230769231,1,11,0,0,0,1,0,0,0,3,6,2,0,0,0,0,1,1,8,1,2,1,0,0,0,0,0,,13.685894435835639,0,0,0.0,,0.0,,0,0,0.0,,0.0,,2,2,0.16666666666666666,1.0,2.0,1.0,11,11,0.9166666666666666,1.0,11.0,1.0,1,12,1,1.0,0.08333333333333333,1,12,1,1.0,0.08333333333333333,0,12,0,,0.0,0,12,0,,0.0,3,13,3,1.0,0.23076923076923078,2,13,2,1.0,0.15384615384615385,2,13,2,1.0,0.15384615384615385,0,13,0,,0.0,False,EQUAL_WEIGHT_PP_SUM_NOT_YEN_NOT_CAPITAL,SINGLE_POSITIVE_R_MASS_PRIVATE
C0116,WITHIN_R0_RANK_RISK_12BAND,D-FULL,q3,C,REST_80,SESSION,2025-07-01,5,5,0,1.0,1,4,0,0,0,0,0,0,1,0,2,1,0,0,1,0,0,0,4,0,2,0,1,0,1,0,1,,12.725374217571744,1,1,0.2,1.0,0.8333333333333334,1.2,1,2,0.2,0.5,1.6666666666666667,0.6,2,3,0.4,0.6666666666666666,2.5,0.8,4,5,0.8,0.8,4.166666666666667,0.96,0,5,0,,0.0,0,5,0,,0.0,0,5,0,,0.0,0,5,0,,0.0,1,5,1,1.0,0.2,0,5,0,,0.0,0,5,0,,0.0,0,5,0,,0.0,True,EQUAL_WEIGHT_PP_SUM_NOT_YEN_NOT_CAPITAL,SINGLE_POSITIVE_R_MASS_PRIVATE
C0116,WITHIN_R0_RANK_RISK_12BAND,D-FULL,q3,C,REST_80,SESSION,2025-07-02,6,6,0,1.0,3,3,0,0,0,0,0,1,2,3,0,0,0,0,0,0,0,1,0,0,0,0,0,0,0,0,0,2.862089832168909,0.9888159368591566,0,0,0.0,,0.0,,0,0,0.0,,0.0,,0,0,0.0,,0.0,,3,5,0.5,0.6,3.3333333333333335,0.9,0,6,1,0.0,0.0,0,6,1,0.0,0.0,0,6,1,0.0,0.0,0,6,0,,0.0,2,6,3,0.6666666666666666,0.3333333333333333,0,6,1,0.0,0.0,0,6,1,0.0,0.0,0,6,0,,0.0,True,EQUAL_WEIGHT_PP_SUM_NOT_YEN_NOT_CAPITAL,
C0116,WITHIN_R0_RANK_RISK_12BAND,D-FULL,q3,C,REST_80,SESSION,2025-07-03,21,21,0,1.0,8,13,0,0,0,2,1,2,3,8,3,0,1,0,1,0,0,5,5,3,2,2,2,0,1,0,1,13.074171348795286,16.593526890525265,1,1,0.047619047619047616,1.0,0.7777777777777778,1.2857142857142858,2,2,0.09523809523809523,1.0,1.5555555555555556,1.2857142857142858,2,2,0.09523809523809523,1.0,1.5555555555555556,1.2857142857142858,13,16,0.6190476190476191,0.8125,12.444444444444445,1.0446428571428572,3,21,5,0.6,0.14285714285714285,2,21,3,0.6666666666666666,0.09523809523809523,0,21,0,,0.0,0,21,0,,0.0,5,21,9,0.5555555555555556,0.23809523809523808,3,21,6,0.5,0.14285714285714285,1,21,4,0.25,0.047619047619047616,0,21,1,0.0,0.0,False,EQUAL_WEIGHT_PP_SUM_NOT_YEN_NOT_CAPITAL,
C0116,WITHIN_R0_RANK_RISK_12BAND,D-FULL,q3,C,REST_80,SESSION,2025-07-04,11,11,0,1.0,5,6,0,0,0,0,0,3,2,5,1,0,0,0,0,0,0,3,1,0,0,0,0,0,0,0,0,4.338069532314116,3.339856103361428,0,1,0.0,0.0,0.7857142857142857,0.0,0,1,0.0,0.0,0.7857142857142857,0.0,0,1,0.0,0.0,0.7857142857142857,0.0,6,8,0.5454545454545454,0.75,6.285714285714286,0.9545454545454546,0,11,1,0.0,0.0,0,11,1,0.0,0.0,0,11,1,0.0,0.0,0,11,1,0.0,0.0,3,11,5,0.6,0.2727272727272727,2,11,4,0.5,0.18181818181818182,1,11,3,0.3333333333333333,0.09090909090909091,0,11,1,0.0,0.0,False,EQUAL_WEIGHT_PP_SUM_NOT_YEN_NOT_CAPITAL,
C0116,WITHIN_R0_RANK_RISK_12BAND,D-FULL,q3,C,REST_80,SESSION,2025-07-07,13,12,1,0.9230769230769231,7,5,0,1,0,0,0,3,3,3,1,0,0,1,0,0,1,4,2,1,1,1,1,1,1,1,0,11.161452248013807,7.3893440762738924,0,0,0.0,,0.0,,1,1,0.08333333333333333,1.0,0.8,1.25,1,1,0.08333333333333333,1.0,0.8,1.25,5,7,0.4166666666666667,0.7142857142857143,5.6,0.8928571428571429,1,12,1,1.0,0.08333333333333333,1,12,1,1.0,0.08333333333333333,1,12,1,1.0,0.08333333333333333,1,12,1,1.0,0.08333333333333333,3,13,3,1.0,0.23076923076923078,1,13,1,1.0,0.07692307692307693,1,13,1,1.0,0.07692307692307693,1,13,1,1.0,0.07692307692307693,False,EQUAL_WEIGHT_PP_SUM_NOT_YEN_NOT_CAPITAL,
C0116,WITHIN_R0_RANK_RISK_12BAND,D-FULL,q3,C,REST_80,SESSION,2025-07-08,16,14,2,0.875,5,9,0,0,0,0,1,1,3,7,0,2,0,0,0,0,2,2,2,1,2,0,0,0,0,0,0,6.372646261680259,7.3943043891359626,0,1,0.0,0.0,0.8235294117647058,0.0,0,1,0.0,0.0,0.8235294117647058,0.0,2,3,0.14285714285714285,0.6666666666666666,2.4705882352941178,0.8095238095238095,9,11,0.6428571428571429,0.8181818181818182,9.058823529411764,0.9935064935064936,1,14,1,1.0,0.07142857142857142,0,14,0,,0.0,0,14,0,,0.0,0,14,0,,0.0,3,16,4,0.75,0.1875,1,16,2,0.5,0.0625,0,16,0,,0.0,0,16,0,,0.0,False,EQUAL_WEIGHT_PP_SUM_NOT_YEN_NOT_CAPITAL,
C0116,WITHIN_R0_RANK_RISK_12BAND,D-FULL,q3,C,REST_80,SESSION,2025-07-09,10,9,1,0.9,6,3,0,0,0,0,1,1,4,1,1,0,1,0,0,0,1,2,2,1,1,0,1,0,0,0,0,5.581689749780088,5.638990547968891,0,0,0.0,,0.0,,1,1,0.1111111111111111,1.0,0.6,1.6666666666666667,1,1,0.1111111111111111,1.0,0.6,1.6666666666666667,3,4,0.3333333333333333,0.75,2.4,1.25,1,9,1,1.0,0.1111111111111111,0,9,0,,0.0,0,9,0,,0.0,0,9,0,,0.0,3,10,6,0.5,0.3,2,10,3,0.6666666666666666,0.2,1,10,1,1.0,0.1,0,10,0,,0.0,True,EQUAL_WEIGHT_PP_SUM_NOT_YEN_NOT_CAPITAL,
C0116,WITHIN_R0_RANK_RISK_12BAND,D-FULL,q3,C,REST_80,SESSION,2025-07-10,20,19,1,0.95,9,10,0,1,1,1,2,2,2,9,1,0,0,0,0,0,1,7,1,5,0,3,0,2,0,1,0,29.208080404664862,5.139800989307178,0,0,0.0,,0.0,,0,0,0.0,,0.0,,0,1,0.0,0.0,0.8636363636363636,0.0,10,12,0.5263157894736842,0.8333333333333334,10.363636363636363,0.9649122807017544,5,19,5,1.0,0.2631578947368421,3,19,3,1.0,0.15789473684210525,2,19,2,1.0,0.10526315789473684,1,19,1,1.0,0.05263157894736842,9,20,10,0.9,0.45,5,20,6,0.8333333333333334,0.25,2,20,2,1.0,0.1,1,20,1,1.0,0.05,False,EQUAL_WEIGHT_PP_SUM_NOT_YEN_NOT_CAPITAL,
C0116,WITHIN_R0_RANK_RISK_12BAND,D-FULL,q3,C,REST_80,SESSION,2025-07-15,11,11,0,1.0,3,8,0,0,0,0,1,0,2,5,2,0,1,0,0,0,0,1,3,1,1,0,1,0,0,0,0,4.108332499844253,9.198669014513657,0,0,0.0,,0.0,,1,1,0.09090909090909091,1.0,0.7333333333333333,1.3636363636363635,1,1,0.09090909090909091,1.0,0.7333333333333333,1.3636363636363635,8,8,0.7272727272727273,1.0,5.866666666666666,1.3636363636363635,1,11,2,0.5,0.09090909090909091,0,11,1,0.0,0.0,0,11,1,0.0,0.0,0,11,1,0.0,0.0,5,11,9,0.5555555555555556,0.45454545454545453,4,11,7,0.5714285714285714,0.36363636363636365,1,11,3,0.3333333333333333,0.09090909090909091,0,11,1,0.0,0.0,False,EQUAL_WEIGHT_PP_SUM_NOT_YEN_NOT_CAPITAL,
C0116,WITHIN_R0_RANK_RISK_12BAND,D-FULL,q3,C,REST_80,SESSION,2025-07-16,15,14,1,0.9333333333333333,4,10,0,1,1,0,0,1,1,7,1,2,0,0,0,0,1,3,3,2,2,2,0,2,0,1,0,12.511692264129374,10.438435159216606,0,0,0.0,,0.0,,0,0,0.0,,0.0,,2,2,0.14285714285714285,1.0,1.75,1.1428571428571428,10,11,0.7142857142857143,0.9090909090909091,9.625,1.0389610389610389,2,14,2,1.0,0.14285714285714285,2,14,2,1.0,0.14285714285714285,2,14,2,1.0,0.14285714285714285,1,14,1,1.0,0.07142857142857142,5,15,6,0.8333333333333334,0.3333333333333333,4,15,4,1.0,0.26666666666666666,4,15,4,1.0,0.26666666666666666,0,15,0,,0.0,False,EQUAL_WEIGHT_PP_SUM_NOT_YEN_NOT_CAPITAL,
C0116,WITHIN_R0_RANK_RISK_12BAND,D-FULL,q3,C,REST_80,SESSION,2025-07-17,6,6,0,1.0,5,1,0,0,0,0,1,1,3,0,1,0,0,0,0,0,0,2,1,1,0,0,0,0,0,0,0,5.150523165523026,,0,0,0.0,,0.0,,0,0,0.0,,0.0,,0,0,0.0,,0.0,,1,2,0.16666666666666666,0.5,1.3333333333333333,0.75,1,6,1,1.0,0.16666666666666666,0,6,0,,0.0,0,6,0,,0.0,0,6,0,,0.0,1,6,2,0.5,0.16666666666666666,0,6,0,,0.0,0,6,0,,0.0,0,6,0,,0.0,True,EQUAL_WEIGHT_PP_SUM_NOT_YEN_NOT_CAPITAL,SINGLE_NEGATIVE_R_MASS_PRIVATE
C0116,WITHIN_R0_RANK_RISK_12BAND,D-FULL,q3,C,REST_80,SESSION,2025-07-18,10,8,2,0.8,4,4,0,0,0,0,2,1,1,2,1,1,0,0,0,0,2,3,2,2,1,0,0,0,0,0,0,6.153117600094246,5.393366818988014,0,1,0.0,0.0,0.7272727272727273,0.0,0,1,0.0,0.0,0.7272727272727273,0.0,1,2,0.125,0.5,1.4545454545454546,0.6875,4,5,0.5,0.8,3.6363636363636362,1.1,2,8,3,0.6666666666666666,0.25,0,8,1,0.0,0.0,0,8,1,0.0,0.0,0,8,1,0.0,0.0,4,10,7,0.5714285714285714,0.4,3,10,6,0.5,0.3,2,10,5,0.4,0.2,0,10,1,0.0,0.0,True,EQUAL_WEIGHT_PP_SUM_NOT_YEN_NOT_CAPITAL,
C0116,WITHIN_R0_RANK_RISK_12BAND,D-FULL,q3,C,REST_80,SESSION,2025-07-22,11,11,0,1.0,5,6,0,0,1,0,0,2,2,4,1,1,0,0,0,0,0,3,2,1,1,1,0,1,0,0,0,8.69669889206757,6.154915750517866,0,0,0.0,,0.0,,0,0,0.0,,0.0,,1,1,0.09090909090909091,1.0,0.8461538461538461,1.1818181818181819,6,7,0.5454545454545454,0.8571428571428571,5.923076923076923,1.0129870129870129,1,11,2,0.5,0.09090909090909091,1,11,1,1.0,0.09090909090909091,1,11,1,1.0,0.09090909090909091,0,11,0,,0.0,4,11,6,0.6666666666666666,0.36363636363636365,2,11,4,0.5,0.18181818181818182,1,11,3,0.3333333333333333,0.09090909090909091,0,11,0,,0.0,False,EQUAL_WEIGHT_PP_SUM_NOT_YEN_NOT_CAPITAL,
C0116,WITHIN_R0_RANK_RISK_12BAND,D-FULL,q3,C,REST_80,SESSION,2025-07-23,5,5,0,1.0,4,1,0,0,0,1,1,0,2,0,1,0,0,0,0,0,0,2,1,2,0,1,0,0,0,0,0,6.241519140206567,,0,0,0.0,,0.0,,0,3,0.0,0.0,1.6666666666666667,0.0,0,3,0.0,0.0,1.6666666666666667,0.0,1,4,0.2,0.25,2.2222222222222223,0.45,2,5,3,0.6666666666666666,0.4,1,5,1,1.0,0.2,0,5,0,,0.0,0,5,0,,0.0,3,5,5,0.6,0.6,2,5,4,0.5,0.4,2,5,2,1.0,0.4,0,5,0,,0.0,True,EQUAL_WEIGHT_PP_SUM_NOT_YEN_NOT_CAPITAL,SINGLE_NEGATIVE_R_MASS_PRIVATE
C0116,WITHIN_R0_RANK_RISK_12BAND,D-FULL,q3,C,REST_80,SESSION,2025-07-24,7,7,0,1.0,0,7,0,0,0,0,0,0,0,2,3,2,0,0,0,0,0,0,5,0,2,0,0,0,0,0,0,,9.416489804425856,0,0,0.0,,0.0,,0,0,0.0,,0.0,,2,2,0.2857142857142857,1.0,1.4,1.4285714285714286,7,8,1.0,0.875,5.6,1.25,0,7,0,,0.0,0,7,0,,0.0,0,7,0,,0.0,0,7,0,,0.0,2,7,3,0.6666666666666666,0.2857142857142857,1,7,2,0.5,0.14285714285714285,0,7,1,0.0,0.0,0,7,1,0.0,0.0,True,EQUAL_WEIGHT_PP_SUM_NOT_YEN_NOT_CAPITAL,SINGLE_POSITIVE_R_MASS_PRIVATE
C0116,WITHIN_R0_RANK_RISK_12BAND,D-FULL,q3,C,REST_80,SESSION,2025-07-25,11,11,0,1.0,4,7,0,1,0,0,1,1,1,3,3,0,1,0,0,0,0,3,4,2,1,1,1,1,0,1,0,10.949058341745724,8.2237886792588,0,0,0.0,,0.0,,1,1,0.09090909090909091,1.0,0.9166666666666666,1.0909090909090908,1,1,0.09090909090909091,1.0,0.9166666666666666,1.0909090909090908,7,7,0.6363636363636364,1.0,6.416666666666667,1.0909090909090908,2,11,2,1.0,0.18181818181818182,1,11,1,1.0,0.09090909090909091,1,11,1,1.0,0.09090909090909091,1,11,1,1.0,0.09090909090909091,4,11,4,1.0,0.36363636363636365,1,11,1,1.0,0.09090909090909091,1,11,1,1.0,0.09090909090909091,0,11,0,,0.0,False,EQUAL_WEIGHT_PP_SUM_NOT_YEN_NOT_CAPITAL,
C0116,WITHIN_R0_RANK_RISK_12BAND,D-FULL,q3,C,REST_80,SESSION,2025-07-28,14,13,1,0.9285714285714286,6,7,0,2,0,0,0,2,2,5,2,0,0,0,0,0,1,4,2,2,0,2,0,2,0,2,0,31.150753452008708,4.562527491798274,0,0,0.0,,0.0,,0,0,0.0,,0.0,,0,1,0.0,0.0,0.8666666666666667,0.0,7,8,0.5384615384615384,0.875,6.933333333333334,1.0096153846153846,2,13,3,0.6666666666666666,0.15384615384615385,2,13,3,0.6666666666666666,0.15384615384615385,2,13,2,1.0,0.15384615384615385,2,13,2,1.0,0.15384615384615385,3,14,4,0.75,0.21428571428571427,2,14,3,0.6666666666666666,0.14285714285714285,1,14,2,0.5,0.07142857142857142,1,14,2,0.5,0.07142857142857142,False,EQUAL_WEIGHT_PP_SUM_NOT_YEN_NOT_CAPITAL,
C0116,WITHIN_R0_RANK_RISK_12BAND,D-FULL,q3,C,REST_80,SESSION,2025-07-29,9,9,0,1.0,4,5,0,0,0,0,0,3,1,5,0,0,0,0,0,0,0,3,0,0,0,0,0,0,0,0,0,4.503224360036928,3.558427762724969,0,0,0.0,,0.0,,0,0,0.0,,0.0,,0,0,0.0,,0.0,,5,7,0.5555555555555556,0.7142857142857143,5.7272727272727275,0.873015873015873,0,9,0,,0.0,0,9,0,,0.0,0,9,0,,0.0,0,9,0,,0.0,3,9,4,0.75,0.3333333333333333,1,9,2,0.5,0.1111111111111111,0,9,1,0.0,0.0,0,9,0,,0.0,True,EQUAL_WEIGHT_PP_SUM_NOT_YEN_NOT_CAPITAL,
C0116,WITHIN_R0_RANK_RISK_12BAND,D-FULL,q3,C,REST_80,SESSION,2025-07-30,10,10,0,1.0,6,4,0,0,0,1,0,3,2,3,1,0,0,0,0,0,0,4,1,1,0,1,0,0,0,0,0,9.095273838627902,2.722624922657719,0,0,0.0,,0.0,,0,0,0.0,,0.0,,0,0,0.0,,0.0,,4,5,0.4,0.8,4.166666666666667,0.96,1,10,1,1.0,0.1,1,10,1,1.0,0.1,0,10,0,,0.0,0,10,0,,0.0,3,10,4,0.75,0.3,1,10,1,1.0,0.1,0,10,0,,0.0,0,10,0,,0.0,False,EQUAL_WEIGHT_PP_SUM_NOT_YEN_NOT_CAPITAL,
C0116,WITHIN_R0_RANK_RISK_12BAND,D-FULL,q3,C,REST_80,SESSION,2025-07-31,10,9,1,0.9,3,6,0,0,0,0,0,0,3,4,2,0,0,0,0,0,1,0,2,0,0,0,0,0,0,0,0,1.3140153481535681,5.066542508155486,0,0,0.0,,0.0,,0,0,0.0,,0.0,,0,0,0.0,,0.0,,6,7,0.6666666666666666,0.8571428571428571,6.3,0.9523809523809523,0,9,0,,0.0,0,9,0,,0.0,0,9,0,,0.0,0,9,0,,0.0,0,10,0,,0.0,0,10,0,,0.0,0,10,0,,0.0,0,10,0,,0.0,True,EQUAL_WEIGHT_PP_SUM_NOT_YEN_NOT_CAPITAL,
C0116,WITHIN_R0_RANK_RISK_12BAND,D-FULL,q3,C,REST_80,SESSION,2025-08-01,12,12,0,1.0,5,7,0,0,0,0,1,1,3,6,0,0,0,0,1,0,0,2,1,1,1,0,1,0,1,0,1,5.266188754275951,7.797411690267578,1,1,0.08333333333333333,1.0,0.8,1.25,1,1,0.08333333333333333,1.0,0.8,1.25,1,1,0.08333333333333333,1.0,0.8,1.25,7,7,0.5833333333333334,1.0,5.6,1.25,1,12,2,0.5,0.08333333333333333,0,12,1,0.0,0.0,0,12,0,,0.0,0,12,0,,0.0,3,12,5,0.6,0.25,1,12,3,0.3333333333333333,0.08333333333333333,0,12,2,0.0,0.0,0,12,1,0.0,0.0,False,EQUAL_WEIGHT_PP_SUM_NOT_YEN_NOT_CAPITAL,
C0116,WITHIN_R0_RANK_RISK_12BAND,D-FULL,q3,C,REST_80,SESSION,2025-08-04,16,16,0,1.0,8,8,0,0,0,1,0,2,5,7,1,0,0,0,0,0,0,3,1,1,0,1,0,0,0,0,0,7.908032074421644,3.7328250034147885,0,0,0.0,,0.0,,0,1,0.0,0.0,0.7619047619047619,0.0,0,3,0.0,0.0,2.2857142857142856,0.0,8,12,0.5,0.6666666666666666,9.142857142857142,0.875,1,16,1,1.0,0.0625,1,16,1,1.0,0.0625,0,16,0,,0.0,0,16,0,,0.0,1,16,3,0.3333333333333333,0.0625,0,16,1,0.0,0.0,0,16,1,0.0,0.0,0,16,1,0.0,0.0,False,EQUAL_WEIGHT_PP_SUM_NOT_YEN_NOT_CAPITAL,
C0116,WITHIN_R0_RANK_RISK_12BAND,D-FULL,q3,C,REST_80,SESSION,2025-08-05,8,8,0,1.0,4,4,0,1,0,0,0,1,2,2,1,1,0,0,0,0,0,2,2,1,1,1,0,1,0,1,0,21.05235854106618,4.970877167741415,0,0,0.0,,0.0,,0,0,0.0,,0.0,,1,1,0.125,1.0,0.6666666666666666,1.5,4,5,0.5,0.8,3.3333333333333335,1.2,1,8,3,0.3333333333333333,0.125,1,8,3,0.3333333333333333,0.125,1,8,3,0.3333333333333333,0.125,1,8,2,0.5,0.125,2,8,4,0.5,0.25,1,8,3,0.3333333333333333,0.125,1,8,3,0.3333333333333333,0.125,1,8,2,0.5,0.125,True,EQUAL_WEIGHT_PP_SUM_NOT_YEN_NOT_CAPITAL,
C0116,WITHIN_R0_RANK_RISK_12BAND,D-FULL,q3,C,REST_80,SESSION,2025-08-06,11,10,1,0.9090909090909091,7,3,0,0,0,1,0,2,4,2,0,1,0,0,0,0,1,3,1,1,1,1,0,0,0,0,0,8.605836099490295,3.1894128270511204,0,0,0.0,,0.0,,0,0,0.0,,0.0,,1,1,0.1,1.0,0.9090909090909091,1.1,3,4,0.3,0.75,3.6363636363636362,0.825,1,10,1,1.0,0.1,1,10,1,1.0,0.1,0,10,0,,0.0,0,10,0,,0.0,3,11,3,1.0,0.2727272727272727,1,11,1,1.0,0.09090909090909091,0,11,0,,0.0,0,11,0,,0.0,False,EQUAL_WEIGHT_PP_SUM_NOT_YEN_NOT_CAPITAL,
C0116,WITHIN_R0_RANK_RISK_12BAND,D-FULL,q3,C,REST_80,SESSION,2025-08-07,19,19,0,1.0,5,14,0,0,0,0,2,1,2,10,2,1,1,0,0,0,0,3,4,2,2,0,1,0,0,0,0,8.183766114846932,12.01986321147623,0,0,0.0,,0.0,,1,1,0.05263157894736842,1.0,0.95,1.0526315789473684,2,2,0.10526315789473684,1.0,1.9,1.0526315789473684,14,15,0.7368421052631579,0.9333333333333333,14.25,0.9824561403508771,2,19,2,1.0,0.10526315789473684,0,19,0,,0.0,0,19,0,,0.0,0,19,0,,0.0,3,19,3,1.0,0.15789473684210525,2,19,2,1.0,0.10526315789473684,0,19,0,,0.0,0,19,0,,0.0,False,EQUAL_WEIGHT_PP_SUM_NOT_YEN_NOT_CAPITAL,
C0116,WITHIN_R0_RANK_RISK_12BAND,D-FULL,q3,C,REST_80,SESSION,2025-08-08,14,13,1,0.9285714285714286,6,7,0,0,0,1,0,2,3,4,1,2,0,0,0,0,1,3,3,1,2,1,0,0,0,0,0,6.975748957168941,7.9869793931786806,0,0,0.0,,0.0,,0,1,0.0,0.0,0.7647058823529411,0.0,2,3,0.15384615384615385,0.6666666666666666,2.2941176470588234,0.8717948717948718,7,9,0.5384615384615384,0.7777777777777778,6.882352941176471,1.017094017094017,1,13,2,0.5,0.07692307692307693,1,13,2,0.5,0.07692307692307693,0,13,1,0.0,0.0,0,13,1,0.0,0.0,5,14,8,0.625,0.35714285714285715,4,14,7,0.5714285714285714,0.2857142857142857,1,14,2,0.5,0.07142857142857142,0,14,1,0.0,0.0,False,EQUAL_WEIGHT_PP_SUM_NOT_YEN_NOT_CAPITAL,
C0116,WITHIN_R0_RANK_RISK_12BAND,D-FULL,q3,C,REST_80,SESSION,2025-08-12,12,11,1,0.9166666666666666,4,7,0,0,2,0,0,0,2,4,2,1,0,0,0,0,1,2,3,2,1,2,0,2,0,0,0,9.40837046311631,6.225634422761018,0,2,0.0,0.0,1.2222222222222223,0.0,0,2,0.0,0.0,1.2222222222222223,0.0,1,3,0.09090909090909091,0.3333333333333333,1.8333333333333333,0.5454545454545454,7,11,0.6363636363636364,0.6363636363636364,6.722222222222222,1.0413223140495869,2,11,4,0.5,0.18181818181818182,2,11,3,0.6666666666666666,0.18181818181818182,2,11,3,0.6666666666666666,0.18181818181818182,0,11,1,0.0,0.0,5,12,10,0.5,0.4166666666666667,3,12,6,0.5,0.25,0,12,2,0.0,0.0,0,12,2,0.0,0.0,False,EQUAL_WEIGHT_PP_SUM_NOT_YEN_NOT_CAPITAL,
C0116,WITHIN_R0_RANK_RISK_12BAND,D-FULL,q3,C,REST_80,SESSION,2025-08-13,10,10,0,1.0,4,6,0,0,0,0,0,0,4,3,1,0,0,2,0,0,0,0,3,0,2,0,2,0,2,0,0,1.0093246248985377,12.578543009376359,0,0,0.0,,0.0,,2,2,0.2,1.0,1.4285714285714286,1.4,2,2,0.2,1.0,1.4285714285714286,1.4,6,7,0.6,0.8571428571428571,5.0,1.2,0,10,1,0.0,0.0,0,10,1,0.0,0.0,0,10,1,0.0,0.0,0,10,1,0.0,0.0,2,10,5,0.4,0.2,1,10,4,0.25,0.1,0,10,2,0.0,0.0,0,10,0,,0.0,False,EQUAL_WEIGHT_PP_SUM_NOT_YEN_NOT_CAPITAL,
C0116,WITHIN_R0_RANK_RISK_12BAND,D-FULL,q3,C,REST_80,SESSION,2025-08-14,8,8,0,1.0,4,4,0,0,1,2,0,0,1,1,1,1,0,0,1,0,0,3,3,3,2,3,1,1,1,0,1,11.517765416653017,11.048555833465604,1,1,0.125,1.0,0.6153846153846154,1.625,1,1,0.125,1.0,0.6153846153846154,1.625,2,2,0.25,1.0,1.2307692307692308,1.625,4,7,0.5,0.5714285714285714,4.3076923076923075,0.9285714285714286,3,8,4,0.75,0.375,3,8,4,0.75,0.375,1,8,2,0.5,0.125,0,8,1,0.0,0.0,3,8,6,0.5,0.375,3,8,5,0.6,0.375,1,8,2,0.5,0.125,0,8,1,0.0,0.0,True,EQUAL_WEIGHT_PP_SUM_NOT_YEN_NOT_CAPITAL,
C0116,WITHIN_R0_RANK_RISK_12BAND,D-FULL,q3,C,REST_80,SESSION,2025-08-15,15,14,1,0.9333333333333333,7,7,0,0,0,0,0,5,2,3,2,1,1,0,0,0,1,5,4,0,2,0,1,0,0,0,0,7.860002542047707,10.324882173613245,0,0,0.0,,0.0,,1,1,0.07142857142857142,1.0,0.9333333333333333,1.0714285714285714,2,2,0.14285714285714285,1.0,1.8666666666666667,1.0714285714285714,7,8,0.5,0.875,7.466666666666667,0.9375,0,14,0,,0.0,0,14,0,,0.0,0,14,0,,0.0,0,14,0,,0.0,3,15,3,1.0,0.2,0,15,0,,0.0,0,15,0,,0.0,0,15,0,,0.0,False,EQUAL_WEIGHT_PP_SUM_NOT_YEN_NOT_CAPITAL,
C0116,WITHIN_R0_RANK_RISK_12BAND,D-FULL,q3,C,REST_80,SESSION,2025-08-18,10,9,1,0.9,2,7,0,0,0,0,0,1,1,5,2,0,0,0,0,0,1,1,2,0,0,0,0,0,0,0,0,1.4880831616260206,4.661436431655173,0,0,0.0,,0.0,,0,1,0.0,0.0,0.75,0.0,0,1,0.0,0.0,0.75,0.0,7,10,0.7777777777777778,0.7,7.5,0.9333333333333333,0,9,0,,0.0,0,9,0,,0.0,0,9,0,,0.0,0,9,0,,0.0,2,10,2,1.0,0.2,1,10,1,1.0,0.1,0,10,0,,0.0,0,10,0,,0.0,True,EQUAL_WEIGHT_PP_SUM_NOT_YEN_NOT_CAPITAL,
C0116,WITHIN_R0_RANK_RISK_12BAND,D-FULL,q3,C,REST_80,SESSION,2025-08-19,10,10,0,1.0,4,6,0,0,0,1,0,2,1,5,1,0,0,0,0,0,0,3,1,1,0,1,0,0,0,0,0,7.424606739309471,3.969045078001828,0,0,0.0,,0.0,,0,0,0.0,,0.0,,0,1,0.0,0.0,0.6666666666666666,0.0,6,8,0.6,0.75,5.333333333333333,1.125,1,10,3,0.3333333333333333,0.1,1,10,3,0.3333333333333333,0.1,0,10,2,0.0,0.0,0,10,1,0.0,0.0,3,10,6,0.5,0.3,3,10,5,0.6,0.3,1,10,3,0.3333333333333333,0.1,1,10,1,1.0,0.1,False,EQUAL_WEIGHT_PP_SUM_NOT_YEN_NOT_CAPITAL,
C0116,WITHIN_R0_RANK_RISK_12BAND,D-FULL,q3,C,REST_80,SESSION,2025-08-20,13,11,2,0.8461538461538461,5,6,0,0,0,0,0,2,3,5,0,0,1,0,0,0,2,2,1,0,1,0,1,0,0,0,0,3.5913955676687332,6.477691308240476,0,0,0.0,,0.0,,1,1,0.09090909090909091,1.0,0.9166666666666666,1.0909090909090908,1,1,0.09090909090909091,1.0,0.9166666666666666,1.0909090909090908,6,6,0.5454545454545454,1.0,5.5,1.0909090909090908,0,11,1,0.0,0.0,0,11,1,0.0,0.0,0,11,1,0.0,0.0,0,11,0,,0.0,1,13,2,0.5,0.07692307692307693,1,13,2,0.5,0.07692307692307693,0,13,0,,0.0,0,13,0,,0.0,False,EQUAL_WEIGHT_PP_SUM_NOT_YEN_NOT_CAPITAL,
C0116,WITHIN_R0_RANK_RISK_12BAND,D-FULL,q3,C,REST_80,SESSION,2025-08-21,12,11,1,0.9166666666666666,6,5,0,0,0,0,1,1,4,2,1,1,0,1,0,0,1,2,3,1,2,0,1,0,1,0,0,4.745334581898413,8.755539742970088,0,0,0.0,,0.0,,1,2,0.09090909090909091,0.5,1.5714285714285714,0.6363636363636364,2,3,0.18181818181818182,0.6666666666666666,2.357142857142857,0.8484848484848485,5,7,0.45454545454545453,0.7142857142857143,5.5,0.9090909090909091,1,11,1,1.0,0.09090909090909091,0,11,0,,0.0,0,11,0,,0.0,0,11,0,,0.0,3,12,4,0.75,0.25,1,12,2,0.5,0.08333333333333333,0,12,0,,0.0,0,12,0,,0.0,False,EQUAL_WEIGHT_PP_SUM_NOT_YEN_NOT_CAPITAL,
C0116,WITHIN_R0_RANK_RISK_12BAND,D-FULL,q3,C,REST_80,SESSION,2025-08-22,8,8,0,1.0,3,5,0,1,0,1,0,0,1,1,2,1,1,0,0,0,0,2,4,2,2,2,1,1,0,1,0,16.57688688081471,8.906749749881824,0,0,0.0,,0.0,,1,2,0.125,0.5,1.4545454545454546,0.6875,2,3,0.25,0.6666666666666666,2.1818181818181817,0.9166666666666666,5,8,0.625,0.625,5.818181818181818,0.859375,2,8,2,1.0,0.25,2,8,2,1.0,0.25,1,8,1,1.0,0.125,1,8,1,1.0,0.125,3,8,3,1.0,0.375,3,8,3,1.0,0.375,1,8,1,1.0,0.125,1,8,1,1.0,0.125,True,EQUAL_WEIGHT_PP_SUM_NOT_YEN_NOT_CAPITAL,
C0116,WITHIN_R0_RANK_RISK_12BAND,D-FULL,q3,C,REST_80,SESSION,2025-08-25,8,8,0,1.0,4,4,0,1,0,0,0,1,2,2,2,0,0,0,0,0,0,2,2,1,0,1,0,1,0,1,0,25.543782934469576,3.8728520955054884,0,0,0.0,,0.0,,0,0,0.0,,0.0,,0,0,0.0,,0.0,,4,4,0.5,1.0,3.5555555555555554,1.125,1,8,1,1.0,0.125,1,8,1,1.0,0.125,1,8,1,1.0,0.125,1,8,1,1.0,0.125,2,8,3,0.6666666666666666,0.25,2,8,3,0.6666666666666666,0.25,1,8,2,0.5,0.125,1,8,1,1.0,0.125,True,EQUAL_WEIGHT_PP_SUM_NOT_YEN_NOT_CAPITAL,
C0116,WITHIN_R0_RANK_RISK_12BAND,D-FULL,q3,C,REST_80,RANK,S,0,0,0,,0,0,0,0,0,0,0,0,0,0,0,0,0,0,0,0,0,0,0,0,0,0,0,0,0,0,0,,,0,0,,,0.0,,0,0,,,0.0,,0,0,,,0.0,,0,0,,,0.0,,0,0,0,,,0,0,0,,,0,0,0,,,0,0,0,,,0,0,0,,,0,0,0,,,0,0,0,,,0,0,0,,,True,EQUAL_WEIGHT_PP_SUM_NOT_YEN_NOT_CAPITAL,SINGLE_POSITIVE_R_MASS_PRIVATE;SINGLE_NEGATIVE_R_MASS_PRIVATE
C0116,WITHIN_R0_RANK_RISK_12BAND,D-FULL,q3,C,REST_80,RANK,A,0,0,0,,0,0,0,0,0,0,0,0,0,0,0,0,0,0,0,0,0,0,0,0,0,0,0,0,0,0,0,,,0,0,,,0.0,,0,0,,,0.0,,0,0,,,0.0,,0,0,,,0.0,,0,0,0,,,0,0,0,,,0,0,0,,,0,0,0,,,0,0,0,,,0,0,0,,,0,0,0,,,0,0,0,,,True,EQUAL_WEIGHT_PP_SUM_NOT_YEN_NOT_CAPITAL,SINGLE_POSITIVE_R_MASS_PRIVATE;SINGLE_NEGATIVE_R_MASS_PRIVATE
C0116,WITHIN_R0_RANK_RISK_12BAND,D-FULL,q3,C,REST_80,RANK,B,0,0,0,,0,0,0,0,0,0,0,0,0,0,0,0,0,0,0,0,0,0,0,0,0,0,0,0,0,0,0,,,0,0,,,0.0,,0,0,,,0.0,,0,0,,,0.0,,0,0,,,0.0,,0,0,0,,,0,0,0,,,0,0,0,,,0,0,0,,,0,0,0,,,0,0,0,,,0,0,0,,,0,0,0,,,True,EQUAL_WEIGHT_PP_SUM_NOT_YEN_NOT_CAPITAL,SINGLE_POSITIVE_R_MASS_PRIVATE;SINGLE_NEGATIVE_R_MASS_PRIVATE
C0116,WITHIN_R0_RANK_RISK_12BAND,D-FULL,q3,C,REST_80,RANK,C,432,413,19,0.9560185185185185,177,236,0,9,6,13,16,49,84,143,55,22,8,4,4,0,19,93,93,44,38,28,16,15,8,9,4,330.30549084852385,264.83056378208636,4,9,0.009685230024213076,0.4444444444444444,7.107537154737425,0.5627828476892109,16,31,0.0387409200968523,0.5161290322580645,24.488272643420952,0.6533739734516791,38,58,0.09200968523002422,0.6551724137931034,45.788704458223904,0.8298989991007485,236,293,0.5714285714285714,0.8054607508532423,231.0926727520042,1.0212353216982437,44,413,66,0.6666666666666666,0.10653753026634383,28,413,46,0.6086956521739131,0.06779661016949153,15,413,28,0.5357142857142857,0.03631961259079903,9,413,18,0.5,0.021791767554479417,116,432,174,0.6666666666666666,0.26851851851851855,66,432,111,0.5945945945945946,0.1527777777777778,27,432,57,0.47368421052631576,0.0625,7,432,20,0.35,0.016203703703703703,False,EQUAL_WEIGHT_PP_SUM_NOT_YEN_NOT_CAPITAL,
C0116,WITHIN_R0_RANK_RISK_12BAND,D-FULL,q3,C,REST_80,EXECUTION_ELIGIBLE,TRUE,422,413,9,0.9786729857819905,177,236,0,9,6,13,16,49,84,143,55,22,8,4,4,0,9,93,93,44,38,28,16,15,8,9,4,330.30549084852385,264.83056378208636,4,9,0.009685230024213076,0.4444444444444444,7.107537154737425,0.5627828476892109,16,31,0.0387409200968523,0.5161290322580645,24.488272643420952,0.6533739734516791,38,58,0.09200968523002422,0.6551724137931034,45.788704458223904,0.8298989991007485,236,293,0.5714285714285714,0.8054607508532423,231.0926727520042,1.0212353216982437,44,413,66,0.6666666666666666,0.10653753026634383,28,413,46,0.6086956521739131,0.06779661016949153,15,413,28,0.5357142857142857,0.03631961259079903,9,413,18,0.5,0.021791767554479417,116,422,174,0.6666666666666666,0.27488151658767773,66,422,111,0.5945945945945946,0.15639810426540285,27,422,57,0.47368421052631576,0.06398104265402843,7,422,20,0.35,0.016587677725118485,False,EQUAL_WEIGHT_PP_SUM_NOT_YEN_NOT_CAPITAL,
C0116,WITHIN_R0_RANK_RISK_12BAND,D-FULL,q3,C,REST_80,R0_PASS,SAB,0,0,0,,0,0,0,0,0,0,0,0,0,0,0,0,0,0,0,0,0,0,0,0,0,0,0,0,0,0,0,,,0,0,,,0.0,,0,0,,,0.0,,0,0,,,0.0,,0,0,,,0.0,,0,0,0,,,0,0,0,,,0,0,0,,,0,0,0,,,0,0,0,,,0,0,0,,,0,0,0,,,0,0,0,,,True,EQUAL_WEIGHT_PP_SUM_NOT_YEN_NOT_CAPITAL,SINGLE_POSITIVE_R_MASS_PRIVATE;SINGLE_NEGATIVE_R_MASS_PRIVATE
C0116,WITHIN_R0_RANK_RISK_12BAND,D-FULL,q3,C,REST_80,E0_FUNDED,SAVED,0,0,0,,0,0,0,0,0,0,0,0,0,0,0,0,0,0,0,0,0,0,0,0,0,0,0,0,0,0,0,,,0,0,,,0.0,,0,0,,,0.0,,0,0,,,0.0,,0,0,,,0.0,,0,0,0,,,0,0,0,,,0,0,0,,,0,0,0,,,0,0,0,,,0,0,0,,,0,0,0,,,0,0,0,,,True,EQUAL_WEIGHT_PP_SUM_NOT_YEN_NOT_CAPITAL,SINGLE_POSITIVE_R_MASS_PRIVATE;SINGLE_NEGATIVE_R_MASS_PRIVATE
C0117,WITHIN_R0_RANK_RISK_12BAND,D-FULL,q3,C,UNASSESSED,ALL,ALL,0,0,0,,0,0,0,0,0,0,0,0,0,0,0,0,0,0,0,0,0,0,0,0,0,0,0,0,0,0,0,,,0,9,,0.0,0.0,,0,31,,0.0,0.0,,0,58,,0.0,0.0,,0,293,,0.0,0.0,,0,0,66,0.0,,0,0,46,0.0,,0,0,28,0.0,,0,0,18,0.0,,0,0,174,0.0,,0,0,111,0.0,,0,0,57,0.0,,0,0,20,0.0,,True,EQUAL_WEIGHT_PP_SUM_NOT_YEN_NOT_CAPITAL,SINGLE_POSITIVE_R_MASS_PRIVATE;SINGLE_NEGATIVE_R_MASS_PRIVATE
C0117,WITHIN_R0_RANK_RISK_12BAND,D-FULL,q3,C,UNASSESSED,BLOCK,1,0,0,0,,0,0,0,0,0,0,0,0,0,0,0,0,0,0,0,0,0,0,0,0,0,0,0,0,0,0,0,,,0,2,,0.0,0.0,,0,5,,0.0,0.0,,0,9,,0.0,0.0,,0,44,,0.0,0.0,,0,0,10,0.0,,0,0,7,0.0,,0,0,1,0.0,,0,0,0,,,0,0,22,0.0,,0,0,13,0.0,,0,0,8,0.0,,0,0,1,0.0,,True,EQUAL_WEIGHT_PP_SUM_NOT_YEN_NOT_CAPITAL,SINGLE_POSITIVE_R_MASS_PRIVATE;SINGLE_NEGATIVE_R_MASS_PRIVATE
C0117,WITHIN_R0_RANK_RISK_12BAND,D-FULL,q3,C,UNASSESSED,BLOCK,2,0,0,0,,0,0,0,0,0,0,0,0,0,0,0,0,0,0,0,0,0,0,0,0,0,0,0,0,0,0,0,,,0,2,,0.0,0.0,,0,4,,0.0,0.0,,0,7,,0.0,0.0,,0,42,,0.0,0.0,,0,0,9,0.0,,0,0,5,0.0,,0,0,4,0.0,,0,0,3,0.0,,0,0,28,0.0,,0,0,16,0.0,,0,0,7,0.0,,0,0,3,0.0,,True,EQUAL_WEIGHT_PP_SUM_NOT_YEN_NOT_CAPITAL,SINGLE_POSITIVE_R_MASS_PRIVATE;SINGLE_NEGATIVE_R_MASS_PRIVATE
C0117,WITHIN_R0_RANK_RISK_12BAND,D-FULL,q3,C,UNASSESSED,BLOCK,3,0,0,0,,0,0,0,0,0,0,0,0,0,0,0,0,0,0,0,0,0,0,0,0,0,0,0,0,0,0,0,,,0,1,,0.0,0.0,,0,2,,0.0,0.0,,0,6,,0.0,0.0,,0,33,,0.0,0.0,,0,0,10,0.0,,0,0,5,0.0,,0,0,5,0.0,,0,0,3,0.0,,0,0,30,0.0,,0,0,21,0.0,,0,0,15,0.0,,0,0,2,0.0,,True,EQUAL_WEIGHT_PP_SUM_NOT_YEN_NOT_CAPITAL,SINGLE_POSITIVE_R_MASS_PRIVATE;SINGLE_NEGATIVE_R_MASS_PRIVATE
C0117,WITHIN_R0_RANK_RISK_12BAND,D-FULL,q3,C,UNASSESSED,BLOCK,4,0,0,0,,0,0,0,0,0,0,0,0,0,0,0,0,0,0,0,0,0,0,0,0,0,0,0,0,0,0,0,,,0,0,,,0.0,,0,4,,0.0,0.0,,0,7,,0.0,0.0,,0,34,,0.0,0.0,,0,0,8,0.0,,0,0,5,0.0,,0,0,3,0.0,,0,0,3,0.0,,0,0,20,0.0,,0,0,12,0.0,,0,0,7,0.0,,0,0,3,0.0,,True,EQUAL_WEIGHT_PP_SUM_NOT_YEN_NOT_CAPITAL,SINGLE_POSITIVE_R_MASS_PRIVATE;SINGLE_NEGATIVE_R_MASS_PRIVATE
C0117,WITHIN_R0_RANK_RISK_12BAND,D-FULL,q3,C,UNASSESSED,BLOCK,5,0,0,0,,0,0,0,0,0,0,0,0,0,0,0,0,0,0,0,0,0,0,0,0,0,0,0,0,0,0,0,,,0,1,,0.0,0.0,,0,2,,0.0,0.0,,0,5,,0.0,0.0,,0,36,,0.0,0.0,,0,0,7,0.0,,0,0,6,0.0,,0,0,3,0.0,,0,0,2,0.0,,0,0,16,0.0,,0,0,8,0.0,,0,0,6,0.0,,0,0,4,0.0,,True,EQUAL_WEIGHT_PP_SUM_NOT_YEN_NOT_CAPITAL,SINGLE_POSITIVE_R_MASS_PRIVATE;SINGLE_NEGATIVE_R_MASS_PRIVATE
C0117,WITHIN_R0_RANK_RISK_12BAND,D-FULL,q3,C,UNASSESSED,BLOCK,6,0,0,0,,0,0,0,0,0,0,0,0,0,0,0,0,0,0,0,0,0,0,0,0,0,0,0,0,0,0,0,,,0,2,,0.0,0.0,,0,6,,0.0,0.0,,0,11,,0.0,0.0,,0,46,,0.0,0.0,,0,0,10,0.0,,0,0,7,0.0,,0,0,5,0.0,,0,0,3,0.0,,0,0,29,0.0,,0,0,20,0.0,,0,0,6,0.0,,0,0,3,0.0,,True,EQUAL_WEIGHT_PP_SUM_NOT_YEN_NOT_CAPITAL,SINGLE_POSITIVE_R_MASS_PRIVATE;SINGLE_NEGATIVE_R_MASS_PRIVATE
C0117,WITHIN_R0_RANK_RISK_12BAND,D-FULL,q3,C,UNASSESSED,BLOCK,7,0,0,0,,0,0,0,0,0,0,0,0,0,0,0,0,0,0,0,0,0,0,0,0,0,0,0,0,0,0,0,,,0,1,,0.0,0.0,,0,4,,0.0,0.0,,0,7,,0.0,0.0,,0,39,,0.0,0.0,,0,0,8,0.0,,0,0,8,0.0,,0,0,5,0.0,,0,0,2,0.0,,0,0,19,0.0,,0,0,13,0.0,,0,0,5,0.0,,0,0,2,0.0,,True,EQUAL_WEIGHT_PP_SUM_NOT_YEN_NOT_CAPITAL,SINGLE_POSITIVE_R_MASS_PRIVATE;SINGLE_NEGATIVE_R_MASS_PRIVATE
C0117,WITHIN_R0_RANK_RISK_12BAND,D-FULL,q3,C,UNASSESSED,BLOCK,8,0,0,0,,0,0,0,0,0,0,0,0,0,0,0,0,0,0,0,0,0,0,0,0,0,0,0,0,0,0,0,,,0,0,,,0.0,,0,4,,0.0,0.0,,0,6,,0.0,0.0,,0,19,,0.0,0.0,,0,0,4,0.0,,0,0,3,0.0,,0,0,2,0.0,,0,0,2,0.0,,0,0,10,0.0,,0,0,8,0.0,,0,0,3,0.0,,0,0,2,0.0,,True,EQUAL_WEIGHT_PP_SUM_NOT_YEN_NOT_CAPITAL,SINGLE_POSITIVE_R_MASS_PRIVATE;SINGLE_NEGATIVE_R_MASS_PRIVATE
C0117,WITHIN_R0_RANK_RISK_12BAND,D-FULL,q3,C,UNASSESSED,SESSION,2025-06-27,0,0,0,,0,0,0,0,0,0,0,0,0,0,0,0,0,0,0,0,0,0,0,0,0,0,0,0,0,0,0,,,0,0,,,0.0,,0,1,,0.0,0.0,,0,2,,0.0,0.0,,0,7,,0.0,0.0,,0,0,3,0.0,,0,0,2,0.0,,0,0,0,,,0,0,0,,,0,0,6,0.0,,0,0,4,0.0,,0,0,1,0.0,,0,0,0,,,True,EQUAL_WEIGHT_PP_SUM_NOT_YEN_NOT_CAPITAL,SINGLE_POSITIVE_R_MASS_PRIVATE;SINGLE_NEGATIVE_R_MASS_PRIVATE
C0117,WITHIN_R0_RANK_RISK_12BAND,D-FULL,q3,C,UNASSESSED,SESSION,2025-06-30,0,0,0,,0,0,0,0,0,0,0,0,0,0,0,0,0,0,0,0,0,0,0,0,0,0,0,0,0,0,0,,,0,0,,,0.0,,0,0,,,0.0,,0,2,,0.0,0.0,,0,11,,0.0,0.0,,0,0,1,0.0,,0,0,1,0.0,,0,0,0,,,0,0,0,,,0,0,3,0.0,,0,0,2,0.0,,0,0,2,0.0,,0,0,0,,,True,EQUAL_WEIGHT_PP_SUM_NOT_YEN_NOT_CAPITAL,SINGLE_POSITIVE_R_MASS_PRIVATE;SINGLE_NEGATIVE_R_MASS_PRIVATE
C0117,WITHIN_R0_RANK_RISK_12BAND,D-FULL,q3,C,UNASSESSED,SESSION,2025-07-01,0,0,0,,0,0,0,0,0,0,0,0,0,0,0,0,0,0,0,0,0,0,0,0,0,0,0,0,0,0,0,,,0,1,,0.0,0.0,,0,2,,0.0,0.0,,0,3,,0.0,0.0,,0,5,,0.0,0.0,,0,0,0,,,0,0,0,,,0,0,0,,,0,0,0,,,0,0,1,0.0,,0,0,0,,,0,0,0,,,0,0,0,,,True,EQUAL_WEIGHT_PP_SUM_NOT_YEN_NOT_CAPITAL,SINGLE_POSITIVE_R_MASS_PRIVATE;SINGLE_NEGATIVE_R_MASS_PRIVATE
C0117,WITHIN_R0_RANK_RISK_12BAND,D-FULL,q3,C,UNASSESSED,SESSION,2025-07-02,0,0,0,,0,0,0,0,0,0,0,0,0,0,0,0,0,0,0,0,0,0,0,0,0,0,0,0,0,0,0,,,0,0,,,0.0,,0,0,,,0.0,,0,0,,,0.0,,0,5,,0.0,0.0,,0,0,1,0.0,,0,0,1,0.0,,0,0,1,0.0,,0,0,0,,,0,0,3,0.0,,0,0,1,0.0,,0,0,1,0.0,,0,0,0,,,True,EQUAL_WEIGHT_PP_SUM_NOT_YEN_NOT_CAPITAL,SINGLE_POSITIVE_R_MASS_PRIVATE;SINGLE_NEGATIVE_R_MASS_PRIVATE
C0117,WITHIN_R0_RANK_RISK_12BAND,D-FULL,q3,C,UNASSESSED,SESSION,2025-07-03,0,0,0,,0,0,0,0,0,0,0,0,0,0,0,0,0,0,0,0,0,0,0,0,0,0,0,0,0,0,0,,,0,1,,0.0,0.0,,0,2,,0.0,0.0,,0,2,,0.0,0.0,,0,16,,0.0,0.0,,0,0,5,0.0,,0,0,3,0.0,,0,0,0,,,0,0,0,,,0,0,9,0.0,,0,0,6,0.0,,0,0,4,0.0,,0,0,1,0.0,,True,EQUAL_WEIGHT_PP_SUM_NOT_YEN_NOT_CAPITAL,SINGLE_POSITIVE_R_MASS_PRIVATE;SINGLE_NEGATIVE_R_MASS_PRIVATE
C0117,WITHIN_R0_RANK_RISK_12BAND,D-FULL,q3,C,UNASSESSED,SESSION,2025-07-04,0,0,0,,0,0,0,0,0,0,0,0,0,0,0,0,0,0,0,0,0,0,0,0,0,0,0,0,0,0,0,,,0,1,,0.0,0.0,,0,1,,0.0,0.0,,0,1,,0.0,0.0,,0,8,,0.0,0.0,,0,0,1,0.0,,0,0,1,0.0,,0,0,1,0.0,,0,0,1,0.0,,0,0,5,0.0,,0,0,4,0.0,,0,0,3,0.0,,0,0,1,0.0,,True,EQUAL_WEIGHT_PP_SUM_NOT_YEN_NOT_CAPITAL,SINGLE_POSITIVE_R_MASS_PRIVATE;SINGLE_NEGATIVE_R_MASS_PRIVATE
C0117,WITHIN_R0_RANK_RISK_12BAND,D-FULL,q3,C,UNASSESSED,SESSION,2025-07-07,0,0,0,,0,0,0,0,0,0,0,0,0,0,0,0,0,0,0,0,0,0,0,0,0,0,0,0,0,0,0,,,0,0,,,0.0,,0,1,,0.0,0.0,,0,1,,0.0,0.0,,0,7,,0.0,0.0,,0,0,1,0.0,,0,0,1,0.0,,0,0,1,0.0,,0,0,1,0.0,,0,0,3,0.0,,0,0,1,0.0,,0,0,1,0.0,,0,0,1,0.0,,True,EQUAL_WEIGHT_PP_SUM_NOT_YEN_NOT_CAPITAL,SINGLE_POSITIVE_R_MASS_PRIVATE;SINGLE_NEGATIVE_R_MASS_PRIVATE
C0117,WITHIN_R0_RANK_RISK_12BAND,D-FULL,q3,C,UNASSESSED,SESSION,2025-07-08,0,0,0,,0,0,0,0,0,0,0,0,0,0,0,0,0,0,0,0,0,0,0,0,0,0,0,0,0,0,0,,,0,1,,0.0,0.0,,0,1,,0.0,0.0,,0,3,,0.0,0.0,,0,11,,0.0,0.0,,0,0,1,0.0,,0,0,0,,,0,0,0,,,0,0,0,,,0,0,4,0.0,,0,0,2,0.0,,0,0,0,,,0,0,0,,,True,EQUAL_WEIGHT_PP_SUM_NOT_YEN_NOT_CAPITAL,SINGLE_POSITIVE_R_MASS_PRIVATE;SINGLE_NEGATIVE_R_MASS_PRIVATE
C0117,WITHIN_R0_RANK_RISK_12BAND,D-FULL,q3,C,UNASSESSED,SESSION,2025-07-09,0,0,0,,0,0,0,0,0,0,0,0,0,0,0,0,0,0,0,0,0,0,0,0,0,0,0,0,0,0,0,,,0,0,,,0.0,,0,1,,0.0,0.0,,0,1,,0.0,0.0,,0,4,,0.0,0.0,,0,0,1,0.0,,0,0,0,,,0,0,0,,,0,0,0,,,0,0,6,0.0,,0,0,3,0.0,,0,0,1,0.0,,0,0,0,,,True,EQUAL_WEIGHT_PP_SUM_NOT_YEN_NOT_CAPITAL,SINGLE_POSITIVE_R_MASS_PRIVATE;SINGLE_NEGATIVE_R_MASS_PRIVATE
C0117,WITHIN_R0_RANK_RISK_12BAND,D-FULL,q3,C,UNASSESSED,SESSION,2025-07-10,0,0,0,,0,0,0,0,0,0,0,0,0,0,0,0,0,0,0,0,0,0,0,0,0,0,0,0,0,0,0,,,0,0,,,0.0,,0,0,,,0.0,,0,1,,0.0,0.0,,0,12,,0.0,0.0,,0,0,5,0.0,,0,0,3,0.0,,0,0,2,0.0,,0,0,1,0.0,,0,0,10,0.0,,0,0,6,0.0,,0,0,2,0.0,,0,0,1,0.0,,True,EQUAL_WEIGHT_PP_SUM_NOT_YEN_NOT_CAPITAL,SINGLE_POSITIVE_R_MASS_PRIVATE;SINGLE_NEGATIVE_R_MASS_PRIVATE
C0117,WITHIN_R0_RANK_RISK_12BAND,D-FULL,q3,C,UNASSESSED,SESSION,2025-07-15,0,0,0,,0,0,0,0,0,0,0,0,0,0,0,0,0,0,0,0,0,0,0,0,0,0,0,0,0,0,0,,,0,0,,,0.0,,0,1,,0.0,0.0,,0,1,,0.0,0.0,,0,8,,0.0,0.0,,0,0,2,0.0,,0,0,1,0.0,,0,0,1,0.0,,0,0,1,0.0,,0,0,9,0.0,,0,0,7,0.0,,0,0,3,0.0,,0,0,1,0.0,,True,EQUAL_WEIGHT_PP_SUM_NOT_YEN_NOT_CAPITAL,SINGLE_POSITIVE_R_MASS_PRIVATE;SINGLE_NEGATIVE_R_MASS_PRIVATE
C0117,WITHIN_R0_RANK_RISK_12BAND,D-FULL,q3,C,UNASSESSED,SESSION,2025-07-16,0,0,0,,0,0,0,0,0,0,0,0,0,0,0,0,0,0,0,0,0,0,0,0,0,0,0,0,0,0,0,,,0,0,,,0.0,,0,0,,,0.0,,0,2,,0.0,0.0,,0,11,,0.0,0.0,,0,0,2,0.0,,0,0,2,0.0,,0,0,2,0.0,,0,0,1,0.0,,0,0,6,0.0,,0,0,4,0.0,,0,0,4,0.0,,0,0,0,,,True,EQUAL_WEIGHT_PP_SUM_NOT_YEN_NOT_CAPITAL,SINGLE_POSITIVE_R_MASS_PRIVATE;SINGLE_NEGATIVE_R_MASS_PRIVATE
C0117,WITHIN_R0_RANK_RISK_12BAND,D-FULL,q3,C,UNASSESSED,SESSION,2025-07-17,0,0,0,,0,0,0,0,0,0,0,0,0,0,0,0,0,0,0,0,0,0,0,0,0,0,0,0,0,0,0,,,0,0,,,0.0,,0,0,,,0.0,,0,0,,,0.0,,0,2,,0.0,0.0,,0,0,1,0.0,,0,0,0,,,0,0,0,,,0,0,0,,,0,0,2,0.0,,0,0,0,,,0,0,0,,,0,0,0,,,True,EQUAL_WEIGHT_PP_SUM_NOT_YEN_NOT_CAPITAL,SINGLE_POSITIVE_R_MASS_PRIVATE;SINGLE_NEGATIVE_R_MASS_PRIVATE
C0117,WITHIN_R0_RANK_RISK_12BAND,D-FULL,q3,C,UNASSESSED,SESSION,2025-07-18,0,0,0,,0,0,0,0,0,0,0,0,0,0,0,0,0,0,0,0,0,0,0,0,0,0,0,0,0,0,0,,,0,1,,0.0,0.0,,0,1,,0.0,0.0,,0,2,,0.0,0.0,,0,5,,0.0,0.0,,0,0,3,0.0,,0,0,1,0.0,,0,0,1,0.0,,0,0,1,0.0,,0,0,7,0.0,,0,0,6,0.0,,0,0,5,0.0,,0,0,1,0.0,,True,EQUAL_WEIGHT_PP_SUM_NOT_YEN_NOT_CAPITAL,SINGLE_POSITIVE_R_MASS_PRIVATE;SINGLE_NEGATIVE_R_MASS_PRIVATE
C0117,WITHIN_R0_RANK_RISK_12BAND,D-FULL,q3,C,UNASSESSED,SESSION,2025-07-22,0,0,0,,0,0,0,0,0,0,0,0,0,0,0,0,0,0,0,0,0,0,0,0,0,0,0,0,0,0,0,,,0,0,,,0.0,,0,0,,,0.0,,0,1,,0.0,0.0,,0,7,,0.0,0.0,,0,0,2,0.0,,0,0,1,0.0,,0,0,1,0.0,,0,0,0,,,0,0,6,0.0,,0,0,4,0.0,,0,0,3,0.0,,0,0,0,,,True,EQUAL_WEIGHT_PP_SUM_NOT_YEN_NOT_CAPITAL,SINGLE_POSITIVE_R_MASS_PRIVATE;SINGLE_NEGATIVE_R_MASS_PRIVATE
C0117,WITHIN_R0_RANK_RISK_12BAND,D-FULL,q3,C,UNASSESSED,SESSION,2025-07-23,0,0,0,,0,0,0,0,0,0,0,0,0,0,0,0,0,0,0,0,0,0,0,0,0,0,0,0,0,0,0,,,0,0,,,0.0,,0,3,,0.0,0.0,,0,3,,0.0,0.0,,0,4,,0.0,0.0,,0,0,3,0.0,,0,0,1,0.0,,0,0,0,,,0,0,0,,,0,0,5,0.0,,0,0,4,0.0,,0,0,2,0.0,,0,0,0,,,True,EQUAL_WEIGHT_PP_SUM_NOT_YEN_NOT_CAPITAL,SINGLE_POSITIVE_R_MASS_PRIVATE;SINGLE_NEGATIVE_R_MASS_PRIVATE
C0117,WITHIN_R0_RANK_RISK_12BAND,D-FULL,q3,C,UNASSESSED,SESSION,2025-07-24,0,0,0,,0,0,0,0,0,0,0,0,0,0,0,0,0,0,0,0,0,0,0,0,0,0,0,0,0,0,0,,,0,0,,,0.0,,0,0,,,0.0,,0,2,,0.0,0.0,,0,8,,0.0,0.0,,0,0,0,,,0,0,0,,,0,0,0,,,0,0,0,,,0,0,3,0.0,,0,0,2,0.0,,0,0,1,0.0,,0,0,1,0.0,,True,EQUAL_WEIGHT_PP_SUM_NOT_YEN_NOT_CAPITAL,SINGLE_POSITIVE_R_MASS_PRIVATE;SINGLE_NEGATIVE_R_MASS_PRIVATE
C0117,WITHIN_R0_RANK_RISK_12BAND,D-FULL,q3,C,UNASSESSED,SESSION,2025-07-25,0,0,0,,0,0,0,0,0,0,0,0,0,0,0,0,0,0,0,0,0,0,0,0,0,0,0,0,0,0,0,,,0,0,,,0.0,,0,1,,0.0,0.0,,0,1,,0.0,0.0,,0,7,,0.0,0.0,,0,0,2,0.0,,0,0,1,0.0,,0,0,1,0.0,,0,0,1,0.0,,0,0,4,0.0,,0,0,1,0.0,,0,0,1,0.0,,0,0,0,,,True,EQUAL_WEIGHT_PP_SUM_NOT_YEN_NOT_CAPITAL,SINGLE_POSITIVE_R_MASS_PRIVATE;SINGLE_NEGATIVE_R_MASS_PRIVATE
C0117,WITHIN_R0_RANK_RISK_12BAND,D-FULL,q3,C,UNASSESSED,SESSION,2025-07-28,0,0,0,,0,0,0,0,0,0,0,0,0,0,0,0,0,0,0,0,0,0,0,0,0,0,0,0,0,0,0,,,0,0,,,0.0,,0,0,,,0.0,,0,1,,0.0,0.0,,0,8,,0.0,0.0,,0,0,3,0.0,,0,0,3,0.0,,0,0,2,0.0,,0,0,2,0.0,,0,0,4,0.0,,0,0,3,0.0,,0,0,2,0.0,,0,0,2,0.0,,True,EQUAL_WEIGHT_PP_SUM_NOT_YEN_NOT_CAPITAL,SINGLE_POSITIVE_R_MASS_PRIVATE;SINGLE_NEGATIVE_R_MASS_PRIVATE
C0117,WITHIN_R0_RANK_RISK_12BAND,D-FULL,q3,C,UNASSESSED,SESSION,2025-07-29,0,0,0,,0,0,0,0,0,0,0,0,0,0,0,0,0,0,0,0,0,0,0,0,0,0,0,0,0,0,0,,,0,0,,,0.0,,0,0,,,0.0,,0,0,,,0.0,,0,7,,0.0,0.0,,0,0,0,,,0,0,0,,,0,0,0,,,0,0,0,,,0,0,4,0.0,,0,0,2,0.0,,0,0,1,0.0,,0,0,0,,,True,EQUAL_WEIGHT_PP_SUM_NOT_YEN_NOT_CAPITAL,SINGLE_POSITIVE_R_MASS_PRIVATE;SINGLE_NEGATIVE_R_MASS_PRIVATE
C0117,WITHIN_R0_RANK_RISK_12BAND,D-FULL,q3,C,UNASSESSED,SESSION,2025-07-30,0,0,0,,0,0,0,0,0,0,0,0,0,0,0,0,0,0,0,0,0,0,0,0,0,0,0,0,0,0,0,,,0,0,,,0.0,,0,0,,,0.0,,0,0,,,0.0,,0,5,,0.0,0.0,,0,0,1,0.0,,0,0,1,0.0,,0,0,0,,,0,0,0,,,0,0,4,0.0,,0,0,1,0.0,,0,0,0,,,0,0,0,,,True,EQUAL_WEIGHT_PP_SUM_NOT_YEN_NOT_CAPITAL,SINGLE_POSITIVE_R_MASS_PRIVATE;SINGLE_NEGATIVE_R_MASS_PRIVATE
C0117,WITHIN_R0_RANK_RISK_12BAND,D-FULL,q3,C,UNASSESSED,SESSION,2025-07-31,0,0,0,,0,0,0,0,0,0,0,0,0,0,0,0,0,0,0,0,0,0,0,0,0,0,0,0,0,0,0,,,0,0,,,0.0,,0,0,,,0.0,,0,0,,,0.0,,0,7,,0.0,0.0,,0,0,0,,,0,0,0,,,0,0,0,,,0,0,0,,,0,0,0,,,0,0,0,,,0,0,0,,,0,0,0,,,True,EQUAL_WEIGHT_PP_SUM_NOT_YEN_NOT_CAPITAL,SINGLE_POSITIVE_R_MASS_PRIVATE;SINGLE_NEGATIVE_R_MASS_PRIVATE
C0117,WITHIN_R0_RANK_RISK_12BAND,D-FULL,q3,C,UNASSESSED,SESSION,2025-08-01,0,0,0,,0,0,0,0,0,0,0,0,0,0,0,0,0,0,0,0,0,0,0,0,0,0,0,0,0,0,0,,,0,1,,0.0,0.0,,0,1,,0.0,0.0,,0,1,,0.0,0.0,,0,7,,0.0,0.0,,0,0,2,0.0,,0,0,1,0.0,,0,0,0,,,0,0,0,,,0,0,5,0.0,,0,0,3,0.0,,0,0,2,0.0,,0,0,1,0.0,,True,EQUAL_WEIGHT_PP_SUM_NOT_YEN_NOT_CAPITAL,SINGLE_POSITIVE_R_MASS_PRIVATE;SINGLE_NEGATIVE_R_MASS_PRIVATE
C0117,WITHIN_R0_RANK_RISK_12BAND,D-FULL,q3,C,UNASSESSED,SESSION,2025-08-04,0,0,0,,0,0,0,0,0,0,0,0,0,0,0,0,0,0,0,0,0,0,0,0,0,0,0,0,0,0,0,,,0,0,,,0.0,,0,1,,0.0,0.0,,0,3,,0.0,0.0,,0,12,,0.0,0.0,,0,0,1,0.0,,0,0,1,0.0,,0,0,0,,,0,0,0,,,0,0,3,0.0,,0,0,1,0.0,,0,0,1,0.0,,0,0,1,0.0,,True,EQUAL_WEIGHT_PP_SUM_NOT_YEN_NOT_CAPITAL,SINGLE_POSITIVE_R_MASS_PRIVATE;SINGLE_NEGATIVE_R_MASS_PRIVATE
C0117,WITHIN_R0_RANK_RISK_12BAND,D-FULL,q3,C,UNASSESSED,SESSION,2025-08-05,0,0,0,,0,0,0,0,0,0,0,0,0,0,0,0,0,0,0,0,0,0,0,0,0,0,0,0,0,0,0,,,0,0,,,0.0,,0,0,,,0.0,,0,1,,0.0,0.0,,0,5,,0.0,0.0,,0,0,3,0.0,,0,0,3,0.0,,0,0,3,0.0,,0,0,2,0.0,,0,0,4,0.0,,0,0,3,0.0,,0,0,3,0.0,,0,0,2,0.0,,True,EQUAL_WEIGHT_PP_SUM_NOT_YEN_NOT_CAPITAL,SINGLE_POSITIVE_R_MASS_PRIVATE;SINGLE_NEGATIVE_R_MASS_PRIVATE
C0117,WITHIN_R0_RANK_RISK_12BAND,D-FULL,q3,C,UNASSESSED,SESSION,2025-08-06,0,0,0,,0,0,0,0,0,0,0,0,0,0,0,0,0,0,0,0,0,0,0,0,0,0,0,0,0,0,0,,,0,0,,,0.0,,0,0,,,0.0,,0,1,,0.0,0.0,,0,4,,0.0,0.0,,0,0,1,0.0,,0,0,1,0.0,,0,0,0,,,0,0,0,,,0,0,3,0.0,,0,0,1,0.0,,0,0,0,,,0,0,0,,,True,EQUAL_WEIGHT_PP_SUM_NOT_YEN_NOT_CAPITAL,SINGLE_POSITIVE_R_MASS_PRIVATE;SINGLE_NEGATIVE_R_MASS_PRIVATE
