task,control,model,actual_State,predicted_State,N
NEXT_DISTINCT_PRIMARY,REAL,B0,RISE_STOP,RISE_STOP,0
NEXT_DISTINCT_PRIMARY,REAL,B0,RISE_STOP,RISE,0
NEXT_DISTINCT_PRIMARY,REAL,B0,RISE_STOP,SHARP_RISE,0
NEXT_DISTINCT_PRIMARY,REAL,B0,RISE_STOP,PULLBACK,0
NEXT_DISTINCT_PRIMARY,REAL,B0,RISE_STOP,RANGE,0
NEXT_DISTINCT_PRIMARY,REAL,B0,RISE_STOP,REBOUND,0
NEXT_DISTINCT_PRIMARY,REAL,B0,RISE_STOP,SHARP_DROP,0
NEXT_DISTINCT_PRIMARY,REAL,B0,RISE_STOP,DROP,67
NEXT_DISTINCT_PRIMARY,REAL,B0,RISE_STOP,DROP_STOP,0
NEXT_DISTINCT_PRIMARY,REAL,B0,RISE,RISE_STOP,0
NEXT_DISTINCT_PRIMARY,REAL,B0,RISE,RISE,0
NEXT_DISTINCT_PRIMARY,REAL,B0,RISE,SHARP_RISE,0
NEXT_DISTINCT_PRIMARY,REAL,B0,RISE,PULLBACK,0
NEXT_DISTINCT_PRIMARY,REAL,B0,RISE,RANGE,0
NEXT_DISTINCT_PRIMARY,REAL,B0,RISE,REBOUND,0
NEXT_DISTINCT_PRIMARY,REAL,B0,RISE,SHARP_DROP,0
NEXT_DISTINCT_PRIMARY,REAL,B0,RISE,DROP,354
NEXT_DISTINCT_PRIMARY,REAL,B0,RISE,DROP_STOP,0
NEXT_DISTINCT_PRIMARY,REAL,B0,SHARP_RISE,RISE_STOP,0
NEXT_DISTINCT_PRIMARY,REAL,B0,SHARP_RISE,RISE,0
NEXT_DISTINCT_PRIMARY,REAL,B0,SHARP_RISE,SHARP_RISE,0
NEXT_DISTINCT_PRIMARY,REAL,B0,SHARP_RISE,PULLBACK,0
NEXT_DISTINCT_PRIMARY,REAL,B0,SHARP_RISE,RANGE,0
NEXT_DISTINCT_PRIMARY,REAL,B0,SHARP_RISE,REBOUND,0
NEXT_DISTINCT_PRIMARY,REAL,B0,SHARP_RISE,SHARP_DROP,0
NEXT_DISTINCT_PRIMARY,REAL,B0,SHARP_RISE,DROP,60
NEXT_DISTINCT_PRIMARY,REAL,B0,SHARP_RISE,DROP_STOP,0
NEXT_DISTINCT_PRIMARY,REAL,B0,PULLBACK,RISE_STOP,0
NEXT_DISTINCT_PRIMARY,REAL,B0,PULLBACK,RISE,0
NEXT_DISTINCT_PRIMARY,REAL,B0,PULLBACK,SHARP_RISE,0
NEXT_DISTINCT_PRIMARY,REAL,B0,PULLBACK,PULLBACK,0
NEXT_DISTINCT_PRIMARY,REAL,B0,PULLBACK,RANGE,0
NEXT_DISTINCT_PRIMARY,REAL,B0,PULLBACK,REBOUND,0
NEXT_DISTINCT_PRIMARY,REAL,B0,PULLBACK,SHARP_DROP,0
NEXT_DISTINCT_PRIMARY,REAL,B0,PULLBACK,DROP,193
NEXT_DISTINCT_PRIMARY,REAL,B0,PULLBACK,DROP_STOP,0
NEXT_DISTINCT_PRIMARY,REAL,B0,RANGE,RISE_STOP,0
NEXT_DISTINCT_PRIMARY,REAL,B0,RANGE,RISE,0
NEXT_DISTINCT_PRIMARY,REAL,B0,RANGE,SHARP_RISE,0
NEXT_DISTINCT_PRIMARY,REAL,B0,RANGE,PULLBACK,0
NEXT_DISTINCT_PRIMARY,REAL,B0,RANGE,RANGE,0
NEXT_DISTINCT_PRIMARY,REAL,B0,RANGE,REBOUND,0
NEXT_DISTINCT_PRIMARY,REAL,B0,RANGE,SHARP_DROP,0
NEXT_DISTINCT_PRIMARY,REAL,B0,RANGE,DROP,76
NEXT_DISTINCT_PRIMARY,REAL,B0,RANGE,DROP_STOP,0
NEXT_DISTINCT_PRIMARY,REAL,B0,REBOUND,RISE_STOP,0
NEXT_DISTINCT_PRIMARY,REAL,B0,REBOUND,RISE,0
NEXT_DISTINCT_PRIMARY,REAL,B0,REBOUND,SHARP_RISE,0
NEXT_DISTINCT_PRIMARY,REAL,B0,REBOUND,PULLBACK,0
NEXT_DISTINCT_PRIMARY,REAL,B0,REBOUND,RANGE,0
NEXT_DISTINCT_PRIMARY,REAL,B0,REBOUND,REBOUND,0
NEXT_DISTINCT_PRIMARY,REAL,B0,REBOUND,SHARP_DROP,0
NEXT_DISTINCT_PRIMARY,REAL,B0,REBOUND,DROP,180
NEXT_DISTINCT_PRIMARY,REAL,B0,REBOUND,DROP_STOP,0
NEXT_DISTINCT_PRIMARY,REAL,B0,SHARP_DROP,RISE_STOP,0
NEXT_DISTINCT_PRIMARY,REAL,B0,SHARP_DROP,RISE,0
NEXT_DISTINCT_PRIMARY,REAL,B0,SHARP_DROP,SHARP_RISE,0
NEXT_DISTINCT_PRIMARY,REAL,B0,SHARP_DROP,PULLBACK,0
NEXT_DISTINCT_PRIMARY,REAL,B0,SHARP_DROP,RANGE,0
NEXT_DISTINCT_PRIMARY,REAL,B0,SHARP_DROP,REBOUND,0
NEXT_DISTINCT_PRIMARY,REAL,B0,SHARP_DROP,SHARP_DROP,0
NEXT_DISTINCT_PRIMARY,REAL,B0,SHARP_DROP,DROP,54
NEXT_DISTINCT_PRIMARY,REAL,B0,SHARP_DROP,DROP_STOP,0
NEXT_DISTINCT_PRIMARY,REAL,B0,DROP,RISE_STOP,0
NEXT_DISTINCT_PRIMARY,REAL,B0,DROP,RISE,0
NEXT_DISTINCT_PRIMARY,REAL,B0,DROP,SHARP_RISE,0
NEXT_DISTINCT_PRIMARY,REAL,B0,DROP,PULLBACK,0
NEXT_DISTINCT_PRIMARY,REAL,B0,DROP,RANGE,0
NEXT_DISTINCT_PRIMARY,REAL,B0,DROP,REBOUND,0
NEXT_DISTINCT_PRIMARY,REAL,B0,DROP,SHARP_DROP,0
NEXT_DISTINCT_PRIMARY,REAL,B0,DROP,DROP,333
NEXT_DISTINCT_PRIMARY,REAL,B0,DROP,DROP_STOP,0
NEXT_DISTINCT_PRIMARY,REAL,B0,DROP_STOP,RISE_STOP,0
NEXT_DISTINCT_PRIMARY,REAL,B0,DROP_STOP,RISE,0
NEXT_DISTINCT_PRIMARY,REAL,B0,DROP_STOP,SHARP_RISE,0
NEXT_DISTINCT_PRIMARY,REAL,B0,DROP_STOP,PULLBACK,0
NEXT_DISTINCT_PRIMARY,REAL,B0,DROP_STOP,RANGE,0
NEXT_DISTINCT_PRIMARY,REAL,B0,DROP_STOP,REBOUND,0
NEXT_DISTINCT_PRIMARY,REAL,B0,DROP_STOP,SHARP_DROP,0
NEXT_DISTINCT_PRIMARY,REAL,B0,DROP_STOP,DROP,43
NEXT_DISTINCT_PRIMARY,REAL,B0,DROP_STOP,DROP_STOP,0
NEXT_DISTINCT_PRIMARY,REAL,B1,RISE_STOP,RISE_STOP,0
NEXT_DISTINCT_PRIMARY,REAL,B1,RISE_STOP,RISE,0
NEXT_DISTINCT_PRIMARY,REAL,B1,RISE_STOP,SHARP_RISE,0
NEXT_DISTINCT_PRIMARY,REAL,B1,RISE_STOP,PULLBACK,0
NEXT_DISTINCT_PRIMARY,REAL,B1,RISE_STOP,RANGE,0
NEXT_DISTINCT_PRIMARY,REAL,B1,RISE_STOP,REBOUND,0
NEXT_DISTINCT_PRIMARY,REAL,B1,RISE_STOP,SHARP_DROP,0
NEXT_DISTINCT_PRIMARY,REAL,B1,RISE_STOP,DROP,67
NEXT_DISTINCT_PRIMARY,REAL,B1,RISE_STOP,DROP_STOP,0
NEXT_DISTINCT_PRIMARY,REAL,B1,RISE,RISE_STOP,0
NEXT_DISTINCT_PRIMARY,REAL,B1,RISE,RISE,336
NEXT_DISTINCT_PRIMARY,REAL,B1,RISE,SHARP_RISE,0
NEXT_DISTINCT_PRIMARY,REAL,B1,RISE,PULLBACK,4
NEXT_DISTINCT_PRIMARY,REAL,B1,RISE,RANGE,0
NEXT_DISTINCT_PRIMARY,REAL,B1,RISE,REBOUND,0
NEXT_DISTINCT_PRIMARY,REAL,B1,RISE,SHARP_DROP,0
NEXT_DISTINCT_PRIMARY,REAL,B1,RISE,DROP,14
NEXT_DISTINCT_PRIMARY,REAL,B1,RISE,DROP_STOP,0
NEXT_DISTINCT_PRIMARY,REAL,B1,SHARP_RISE,RISE_STOP,0
NEXT_DISTINCT_PRIMARY,REAL,B1,SHARP_RISE,RISE,0
NEXT_DISTINCT_PRIMARY,REAL,B1,SHARP_RISE,SHARP_RISE,0
NEXT_DISTINCT_PRIMARY,REAL,B1,SHARP_RISE,PULLBACK,0
NEXT_DISTINCT_PRIMARY,REAL,B1,SHARP_RISE,RANGE,0
NEXT_DISTINCT_PRIMARY,REAL,B1,SHARP_RISE,REBOUND,0
NEXT_DISTINCT_PRIMARY,REAL,B1,SHARP_RISE,SHARP_DROP,0
NEXT_DISTINCT_PRIMARY,REAL,B1,SHARP_RISE,DROP,60
NEXT_DISTINCT_PRIMARY,REAL,B1,SHARP_RISE,DROP_STOP,0
NEXT_DISTINCT_PRIMARY,REAL,B1,PULLBACK,RISE_STOP,0
NEXT_DISTINCT_PRIMARY,REAL,B1,PULLBACK,RISE,0
NEXT_DISTINCT_PRIMARY,REAL,B1,PULLBACK,SHARP_RISE,0
NEXT_DISTINCT_PRIMARY,REAL,B1,PULLBACK,PULLBACK,27
NEXT_DISTINCT_PRIMARY,REAL,B1,PULLBACK,RANGE,0
NEXT_DISTINCT_PRIMARY,REAL,B1,PULLBACK,REBOUND,0
NEXT_DISTINCT_PRIMARY,REAL,B1,PULLBACK,SHARP_DROP,0
NEXT_DISTINCT_PRIMARY,REAL,B1,PULLBACK,DROP,166
NEXT_DISTINCT_PRIMARY,REAL,B1,PULLBACK,DROP_STOP,0
NEXT_DISTINCT_PRIMARY,REAL,B1,RANGE,RISE_STOP,0
NEXT_DISTINCT_PRIMARY,REAL,B1,RANGE,RISE,46
NEXT_DISTINCT_PRIMARY,REAL,B1,RANGE,SHARP_RISE,0
NEXT_DISTINCT_PRIMARY,REAL,B1,RANGE,PULLBACK,0
NEXT_DISTINCT_PRIMARY,REAL,B1,RANGE,RANGE,0
NEXT_DISTINCT_PRIMARY,REAL,B1,RANGE,REBOUND,0
NEXT_DISTINCT_PRIMARY,REAL,B1,RANGE,SHARP_DROP,0
NEXT_DISTINCT_PRIMARY,REAL,B1,RANGE,DROP,30
NEXT_DISTINCT_PRIMARY,REAL,B1,RANGE,DROP_STOP,0
NEXT_DISTINCT_PRIMARY,REAL,B1,REBOUND,RISE_STOP,0
NEXT_DISTINCT_PRIMARY,REAL,B1,REBOUND,RISE,160
NEXT_DISTINCT_PRIMARY,REAL,B1,REBOUND,SHARP_RISE,0
NEXT_DISTINCT_PRIMARY,REAL,B1,REBOUND,PULLBACK,0
NEXT_DISTINCT_PRIMARY,REAL,B1,REBOUND,RANGE,0
NEXT_DISTINCT_PRIMARY,REAL,B1,REBOUND,REBOUND,3
NEXT_DISTINCT_PRIMARY,REAL,B1,REBOUND,SHARP_DROP,0
NEXT_DISTINCT_PRIMARY,REAL,B1,REBOUND,DROP,17
NEXT_DISTINCT_PRIMARY,REAL,B1,REBOUND,DROP_STOP,0
NEXT_DISTINCT_PRIMARY,REAL,B1,SHARP_DROP,RISE_STOP,0
NEXT_DISTINCT_PRIMARY,REAL,B1,SHARP_DROP,RISE,54
NEXT_DISTINCT_PRIMARY,REAL,B1,SHARP_DROP,SHARP_RISE,0
NEXT_DISTINCT_PRIMARY,REAL,B1,SHARP_DROP,PULLBACK,0
NEXT_DISTINCT_PRIMARY,REAL,B1,SHARP_DROP,RANGE,0
NEXT_DISTINCT_PRIMARY,REAL,B1,SHARP_DROP,REBOUND,0
NEXT_DISTINCT_PRIMARY,REAL,B1,SHARP_DROP,SHARP_DROP,0
NEXT_DISTINCT_PRIMARY,REAL,B1,SHARP_DROP,DROP,0
NEXT_DISTINCT_PRIMARY,REAL,B1,SHARP_DROP,DROP_STOP,0
NEXT_DISTINCT_PRIMARY,REAL,B1,DROP,RISE_STOP,0
NEXT_DISTINCT_PRIMARY,REAL,B1,DROP,RISE,73
NEXT_DISTINCT_PRIMARY,REAL,B1,DROP,SHARP_RISE,0
NEXT_DISTINCT_PRIMARY,REAL,B1,DROP,PULLBACK,0
NEXT_DISTINCT_PRIMARY,REAL,B1,DROP,RANGE,0
NEXT_DISTINCT_PRIMARY,REAL,B1,DROP,REBOUND,6
NEXT_DISTINCT_PRIMARY,REAL,B1,DROP,SHARP_DROP,0
NEXT_DISTINCT_PRIMARY,REAL,B1,DROP,DROP,254
NEXT_DISTINCT_PRIMARY,REAL,B1,DROP,DROP_STOP,0
NEXT_DISTINCT_PRIMARY,REAL,B1,DROP_STOP,RISE_STOP,0
NEXT_DISTINCT_PRIMARY,REAL,B1,DROP_STOP,RISE,43
NEXT_DISTINCT_PRIMARY,REAL,B1,DROP_STOP,SHARP_RISE,0
NEXT_DISTINCT_PRIMARY,REAL,B1,DROP_STOP,PULLBACK,0
NEXT_DISTINCT_PRIMARY,REAL,B1,DROP_STOP,RANGE,0
NEXT_DISTINCT_PRIMARY,REAL,B1,DROP_STOP,REBOUND,0
NEXT_DISTINCT_PRIMARY,REAL,B1,DROP_STOP,SHARP_DROP,0
NEXT_DISTINCT_PRIMARY,REAL,B1,DROP_STOP,DROP,0
NEXT_DISTINCT_PRIMARY,REAL,B1,DROP_STOP,DROP_STOP,0
NEXT_DISTINCT_PRIMARY,REAL,B2,RISE_STOP,RISE_STOP,0
NEXT_DISTINCT_PRIMARY,REAL,B2,RISE_STOP,RISE,0
NEXT_DISTINCT_PRIMARY,REAL,B2,RISE_STOP,SHARP_RISE,2
NEXT_DISTINCT_PRIMARY,REAL,B2,RISE_STOP,PULLBACK,6
NEXT_DISTINCT_PRIMARY,REAL,B2,RISE_STOP,RANGE,0
NEXT_DISTINCT_PRIMARY,REAL,B2,RISE_STOP,REBOUND,0
NEXT_DISTINCT_PRIMARY,REAL,B2,RISE_STOP,SHARP_DROP,0
NEXT_DISTINCT_PRIMARY,REAL,B2,RISE_STOP,DROP,59
NEXT_DISTINCT_PRIMARY,REAL,B2,RISE_STOP,DROP_STOP,0
NEXT_DISTINCT_PRIMARY,REAL,B2,RISE,RISE_STOP,0
NEXT_DISTINCT_PRIMARY,REAL,B2,RISE,RISE,325
NEXT_DISTINCT_PRIMARY,REAL,B2,RISE,SHARP_RISE,0
NEXT_DISTINCT_PRIMARY,REAL,B2,RISE,PULLBACK,5
NEXT_DISTINCT_PRIMARY,REAL,B2,RISE,RANGE,0
NEXT_DISTINCT_PRIMARY,REAL,B2,RISE,REBOUND,4
NEXT_DISTINCT_PRIMARY,REAL,B2,RISE,SHARP_DROP,0
NEXT_DISTINCT_PRIMARY,REAL,B2,RISE,DROP,20
NEXT_DISTINCT_PRIMARY,REAL,B2,RISE,DROP_STOP,0
NEXT_DISTINCT_PRIMARY,REAL,B2,SHARP_RISE,RISE_STOP,0
NEXT_DISTINCT_PRIMARY,REAL,B2,SHARP_RISE,RISE,0
NEXT_DISTINCT_PRIMARY,REAL,B2,SHARP_RISE,SHARP_RISE,6
NEXT_DISTINCT_PRIMARY,REAL,B2,SHARP_RISE,PULLBACK,30
NEXT_DISTINCT_PRIMARY,REAL,B2,SHARP_RISE,RANGE,0
NEXT_DISTINCT_PRIMARY,REAL,B2,SHARP_RISE,REBOUND,0
NEXT_DISTINCT_PRIMARY,REAL,B2,SHARP_RISE,SHARP_DROP,0
NEXT_DISTINCT_PRIMARY,REAL,B2,SHARP_RISE,DROP,24
NEXT_DISTINCT_PRIMARY,REAL,B2,SHARP_RISE,DROP_STOP,0
NEXT_DISTINCT_PRIMARY,REAL,B2,PULLBACK,RISE_STOP,0
NEXT_DISTINCT_PRIMARY,REAL,B2,PULLBACK,RISE,2
NEXT_DISTINCT_PRIMARY,REAL,B2,PULLBACK,SHARP_RISE,6
NEXT_DISTINCT_PRIMARY,REAL,B2,PULLBACK,PULLBACK,138
NEXT_DISTINCT_PRIMARY,REAL,B2,PULLBACK,RANGE,0
NEXT_DISTINCT_PRIMARY,REAL,B2,PULLBACK,REBOUND,0
NEXT_DISTINCT_PRIMARY,REAL,B2,PULLBACK,SHARP_DROP,0
NEXT_DISTINCT_PRIMARY,REAL,B2,PULLBACK,DROP,47
NEXT_DISTINCT_PRIMARY,REAL,B2,PULLBACK,DROP_STOP,0
NEXT_DISTINCT_PRIMARY,REAL,B2,RANGE,RISE_STOP,0
NEXT_DISTINCT_PRIMARY,REAL,B2,RANGE,RISE,37
NEXT_DISTINCT_PRIMARY,REAL,B2,RANGE,SHARP_RISE,1
NEXT_DISTINCT_PRIMARY,REAL,B2,RANGE,PULLBACK,11
NEXT_DISTINCT_PRIMARY,REAL,B2,RANGE,RANGE,0
NEXT_DISTINCT_PRIMARY,REAL,B2,RANGE,REBOUND,9
NEXT_DISTINCT_PRIMARY,REAL,B2,RANGE,SHARP_DROP,0
NEXT_DISTINCT_PRIMARY,REAL,B2,RANGE,DROP,18
NEXT_DISTINCT_PRIMARY,REAL,B2,RANGE,DROP_STOP,0
NEXT_DISTINCT_PRIMARY,REAL,B2,REBOUND,RISE_STOP,0
NEXT_DISTINCT_PRIMARY,REAL,B2,REBOUND,RISE,43
NEXT_DISTINCT_PRIMARY,REAL,B2,REBOUND,SHARP_RISE,0
NEXT_DISTINCT_PRIMARY,REAL,B2,REBOUND,PULLBACK,0
NEXT_DISTINCT_PRIMARY,REAL,B2,REBOUND,RANGE,0
NEXT_DISTINCT_PRIMARY,REAL,B2,REBOUND,REBOUND,133
NEXT_DISTINCT_PRIMARY,REAL,B2,REBOUND,SHARP_DROP,0
NEXT_DISTINCT_PRIMARY,REAL,B2,REBOUND,DROP,2
NEXT_DISTINCT_PRIMARY,REAL,B2,REBOUND,DROP_STOP,2
NEXT_DISTINCT_PRIMARY,REAL,B2,SHARP_DROP,RISE_STOP,0
NEXT_DISTINCT_PRIMARY,REAL,B2,SHARP_DROP,RISE,21
NEXT_DISTINCT_PRIMARY,REAL,B2,SHARP_DROP,SHARP_RISE,0
NEXT_DISTINCT_PRIMARY,REAL,B2,SHARP_DROP,PULLBACK,0
NEXT_DISTINCT_PRIMARY,REAL,B2,SHARP_DROP,RANGE,0
NEXT_DISTINCT_PRIMARY,REAL,B2,SHARP_DROP,REBOUND,29
NEXT_DISTINCT_PRIMARY,REAL,B2,SHARP_DROP,SHARP_DROP,0
NEXT_DISTINCT_PRIMARY,REAL,B2,SHARP_DROP,DROP,4
NEXT_DISTINCT_PRIMARY,REAL,B2,SHARP_DROP,DROP_STOP,0
NEXT_DISTINCT_PRIMARY,REAL,B2,DROP,RISE_STOP,0
NEXT_DISTINCT_PRIMARY,REAL,B2,DROP,RISE,51
NEXT_DISTINCT_PRIMARY,REAL,B2,DROP,SHARP_RISE,3
NEXT_DISTINCT_PRIMARY,REAL,B2,DROP,PULLBACK,3
NEXT_DISTINCT_PRIMARY,REAL,B2,DROP,RANGE,0
NEXT_DISTINCT_PRIMARY,REAL,B2,DROP,REBOUND,16
NEXT_DISTINCT_PRIMARY,REAL,B2,DROP,SHARP_DROP,1
NEXT_DISTINCT_PRIMARY,REAL,B2,DROP,DROP,259
NEXT_DISTINCT_PRIMARY,REAL,B2,DROP,DROP_STOP,0
NEXT_DISTINCT_PRIMARY,REAL,B2,DROP_STOP,RISE_STOP,0
NEXT_DISTINCT_PRIMARY,REAL,B2,DROP_STOP,RISE,35
NEXT_DISTINCT_PRIMARY,REAL,B2,DROP_STOP,SHARP_RISE,0
NEXT_DISTINCT_PRIMARY,REAL,B2,DROP_STOP,PULLBACK,0
NEXT_DISTINCT_PRIMARY,REAL,B2,DROP_STOP,RANGE,0
NEXT_DISTINCT_PRIMARY,REAL,B2,DROP_STOP,REBOUND,8
NEXT_DISTINCT_PRIMARY,REAL,B2,DROP_STOP,SHARP_DROP,0
NEXT_DISTINCT_PRIMARY,REAL,B2,DROP_STOP,DROP,0
NEXT_DISTINCT_PRIMARY,REAL,B2,DROP_STOP,DROP_STOP,0
NEXT_DISTINCT_PRIMARY,REAL,B3,RISE_STOP,RISE_STOP,0
NEXT_DISTINCT_PRIMARY,REAL,B3,RISE_STOP,RISE,0
NEXT_DISTINCT_PRIMARY,REAL,B3,RISE_STOP,SHARP_RISE,0
NEXT_DISTINCT_PRIMARY,REAL,B3,RISE_STOP,PULLBACK,1
NEXT_DISTINCT_PRIMARY,REAL,B3,RISE_STOP,RANGE,0
NEXT_DISTINCT_PRIMARY,REAL,B3,RISE_STOP,REBOUND,0
NEXT_DISTINCT_PRIMARY,REAL,B3,RISE_STOP,SHARP_DROP,0
NEXT_DISTINCT_PRIMARY,REAL,B3,RISE_STOP,DROP,66
NEXT_DISTINCT_PRIMARY,REAL,B3,RISE_STOP,DROP_STOP,0
NEXT_DISTINCT_PRIMARY,REAL,B3,RISE,RISE_STOP,0
NEXT_DISTINCT_PRIMARY,REAL,B3,RISE,RISE,327
NEXT_DISTINCT_PRIMARY,REAL,B3,RISE,SHARP_RISE,0
NEXT_DISTINCT_PRIMARY,REAL,B3,RISE,PULLBACK,5
NEXT_DISTINCT_PRIMARY,REAL,B3,RISE,RANGE,0
NEXT_DISTINCT_PRIMARY,REAL,B3,RISE,REBOUND,0
NEXT_DISTINCT_PRIMARY,REAL,B3,RISE,SHARP_DROP,0
NEXT_DISTINCT_PRIMARY,REAL,B3,RISE,DROP,22
NEXT_DISTINCT_PRIMARY,REAL,B3,RISE,DROP_STOP,0
NEXT_DISTINCT_PRIMARY,REAL,B3,SHARP_RISE,RISE_STOP,0
NEXT_DISTINCT_PRIMARY,REAL,B3,SHARP_RISE,RISE,0
NEXT_DISTINCT_PRIMARY,REAL,B3,SHARP_RISE,SHARP_RISE,0
NEXT_DISTINCT_PRIMARY,REAL,B3,SHARP_RISE,PULLBACK,25
NEXT_DISTINCT_PRIMARY,REAL,B3,SHARP_RISE,RANGE,0
NEXT_DISTINCT_PRIMARY,REAL,B3,SHARP_RISE,REBOUND,1
NEXT_DISTINCT_PRIMARY,REAL,B3,SHARP_RISE,SHARP_DROP,0
NEXT_DISTINCT_PRIMARY,REAL,B3,SHARP_RISE,DROP,34
NEXT_DISTINCT_PRIMARY,REAL,B3,SHARP_RISE,DROP_STOP,0
NEXT_DISTINCT_PRIMARY,REAL,B3,PULLBACK,RISE_STOP,0
NEXT_DISTINCT_PRIMARY,REAL,B3,PULLBACK,RISE,2
NEXT_DISTINCT_PRIMARY,REAL,B3,PULLBACK,SHARP_RISE,3
NEXT_DISTINCT_PRIMARY,REAL,B3,PULLBACK,PULLBACK,123
NEXT_DISTINCT_PRIMARY,REAL,B3,PULLBACK,RANGE,6
NEXT_DISTINCT_PRIMARY,REAL,B3,PULLBACK,REBOUND,0
NEXT_DISTINCT_PRIMARY,REAL,B3,PULLBACK,SHARP_DROP,0
NEXT_DISTINCT_PRIMARY,REAL,B3,PULLBACK,DROP,59
NEXT_DISTINCT_PRIMARY,REAL,B3,PULLBACK,DROP_STOP,0
NEXT_DISTINCT_PRIMARY,REAL,B3,RANGE,RISE_STOP,0
NEXT_DISTINCT_PRIMARY,REAL,B3,RANGE,RISE,34
NEXT_DISTINCT_PRIMARY,REAL,B3,RANGE,SHARP_RISE,0
NEXT_DISTINCT_PRIMARY,REAL,B3,RANGE,PULLBACK,10
NEXT_DISTINCT_PRIMARY,REAL,B3,RANGE,RANGE,0
NEXT_DISTINCT_PRIMARY,REAL,B3,RANGE,REBOUND,10
NEXT_DISTINCT_PRIMARY,REAL,B3,RANGE,SHARP_DROP,0
NEXT_DISTINCT_PRIMARY,REAL,B3,RANGE,DROP,22
NEXT_DISTINCT_PRIMARY,REAL,B3,RANGE,DROP_STOP,0
NEXT_DISTINCT_PRIMARY,REAL,B3,REBOUND,RISE_STOP,0
NEXT_DISTINCT_PRIMARY,REAL,B3,REBOUND,RISE,51
NEXT_DISTINCT_PRIMARY,REAL,B3,REBOUND,SHARP_RISE,0
NEXT_DISTINCT_PRIMARY,REAL,B3,REBOUND,PULLBACK,0
NEXT_DISTINCT_PRIMARY,REAL,B3,REBOUND,RANGE,0
NEXT_DISTINCT_PRIMARY,REAL,B3,REBOUND,REBOUND,125
NEXT_DISTINCT_PRIMARY,REAL,B3,REBOUND,SHARP_DROP,0
NEXT_DISTINCT_PRIMARY,REAL,B3,REBOUND,DROP,4
NEXT_DISTINCT_PRIMARY,REAL,B3,REBOUND,DROP_STOP,0
NEXT_DISTINCT_PRIMARY,REAL,B3,SHARP_DROP,RISE_STOP,0
NEXT_DISTINCT_PRIMARY,REAL,B3,SHARP_DROP,RISE,29
NEXT_DISTINCT_PRIMARY,REAL,B3,SHARP_DROP,SHARP_RISE,0
NEXT_DISTINCT_PRIMARY,REAL,B3,SHARP_DROP,PULLBACK,0
NEXT_DISTINCT_PRIMARY,REAL,B3,SHARP_DROP,RANGE,0
NEXT_DISTINCT_PRIMARY,REAL,B3,SHARP_DROP,REBOUND,24
NEXT_DISTINCT_PRIMARY,REAL,B3,SHARP_DROP,SHARP_DROP,0
NEXT_DISTINCT_PRIMARY,REAL,B3,SHARP_DROP,DROP,1
NEXT_DISTINCT_PRIMARY,REAL,B3,SHARP_DROP,DROP_STOP,0
NEXT_DISTINCT_PRIMARY,REAL,B3,DROP,RISE_STOP,0
NEXT_DISTINCT_PRIMARY,REAL,B3,DROP,RISE,67
NEXT_DISTINCT_PRIMARY,REAL,B3,DROP,SHARP_RISE,1
NEXT_DISTINCT_PRIMARY,REAL,B3,DROP,PULLBACK,1
NEXT_DISTINCT_PRIMARY,REAL,B3,DROP,RANGE,0
NEXT_DISTINCT_PRIMARY,REAL,B3,DROP,REBOUND,17
NEXT_DISTINCT_PRIMARY,REAL,B3,DROP,SHARP_DROP,0
NEXT_DISTINCT_PRIMARY,REAL,B3,DROP,DROP,247
NEXT_DISTINCT_PRIMARY,REAL,B3,DROP,DROP_STOP,0
NEXT_DISTINCT_PRIMARY,REAL,B3,DROP_STOP,RISE_STOP,0
NEXT_DISTINCT_PRIMARY,REAL,B3,DROP_STOP,RISE,35
NEXT_DISTINCT_PRIMARY,REAL,B3,DROP_STOP,SHARP_RISE,0
NEXT_DISTINCT_PRIMARY,REAL,B3,DROP_STOP,PULLBACK,0
NEXT_DISTINCT_PRIMARY,REAL,B3,DROP_STOP,RANGE,0
NEXT_DISTINCT_PRIMARY,REAL,B3,DROP_STOP,REBOUND,8
NEXT_DISTINCT_PRIMARY,REAL,B3,DROP_STOP,SHARP_DROP,0
NEXT_DISTINCT_PRIMARY,REAL,B3,DROP_STOP,DROP,0
NEXT_DISTINCT_PRIMARY,REAL,B3,DROP_STOP,DROP_STOP,0
NEXT_DISTINCT_PRIMARY,TRUE_NULL,B0,RISE_STOP,RISE_STOP,0
NEXT_DISTINCT_PRIMARY,TRUE_NULL,B0,RISE_STOP,RISE,0
NEXT_DISTINCT_PRIMARY,TRUE_NULL,B0,RISE_STOP,SHARP_RISE,0
NEXT_DISTINCT_PRIMARY,TRUE_NULL,B0,RISE_STOP,PULLBACK,0
NEXT_DISTINCT_PRIMARY,TRUE_NULL,B0,RISE_STOP,RANGE,0
NEXT_DISTINCT_PRIMARY,TRUE_NULL,B0,RISE_STOP,REBOUND,0
NEXT_DISTINCT_PRIMARY,TRUE_NULL,B0,RISE_STOP,SHARP_DROP,0
NEXT_DISTINCT_PRIMARY,TRUE_NULL,B0,RISE_STOP,DROP,67
NEXT_DISTINCT_PRIMARY,TRUE_NULL,B0,RISE_STOP,DROP_STOP,0
NEXT_DISTINCT_PRIMARY,TRUE_NULL,B0,RISE,RISE_STOP,0
NEXT_DISTINCT_PRIMARY,TRUE_NULL,B0,RISE,RISE,0
NEXT_DISTINCT_PRIMARY,TRUE_NULL,B0,RISE,SHARP_RISE,0
NEXT_DISTINCT_PRIMARY,TRUE_NULL,B0,RISE,PULLBACK,0
NEXT_DISTINCT_PRIMARY,TRUE_NULL,B0,RISE,RANGE,0
NEXT_DISTINCT_PRIMARY,TRUE_NULL,B0,RISE,REBOUND,0
NEXT_DISTINCT_PRIMARY,TRUE_NULL,B0,RISE,SHARP_DROP,0
NEXT_DISTINCT_PRIMARY,TRUE_NULL,B0,RISE,DROP,354
NEXT_DISTINCT_PRIMARY,TRUE_NULL,B0,RISE,DROP_STOP,0
NEXT_DISTINCT_PRIMARY,TRUE_NULL,B0,SHARP_RISE,RISE_STOP,0
NEXT_DISTINCT_PRIMARY,TRUE_NULL,B0,SHARP_RISE,RISE,0
NEXT_DISTINCT_PRIMARY,TRUE_NULL,B0,SHARP_RISE,SHARP_RISE,0
NEXT_DISTINCT_PRIMARY,TRUE_NULL,B0,SHARP_RISE,PULLBACK,0
NEXT_DISTINCT_PRIMARY,TRUE_NULL,B0,SHARP_RISE,RANGE,0
NEXT_DISTINCT_PRIMARY,TRUE_NULL,B0,SHARP_RISE,REBOUND,0
NEXT_DISTINCT_PRIMARY,TRUE_NULL,B0,SHARP_RISE,SHARP_DROP,0
NEXT_DISTINCT_PRIMARY,TRUE_NULL,B0,SHARP_RISE,DROP,60
NEXT_DISTINCT_PRIMARY,TRUE_NULL,B0,SHARP_RISE,DROP_STOP,0
NEXT_DISTINCT_PRIMARY,TRUE_NULL,B0,PULLBACK,RISE_STOP,0
NEXT_DISTINCT_PRIMARY,TRUE_NULL,B0,PULLBACK,RISE,0
NEXT_DISTINCT_PRIMARY,TRUE_NULL,B0,PULLBACK,SHARP_RISE,0
NEXT_DISTINCT_PRIMARY,TRUE_NULL,B0,PULLBACK,PULLBACK,0
NEXT_DISTINCT_PRIMARY,TRUE_NULL,B0,PULLBACK,RANGE,0
NEXT_DISTINCT_PRIMARY,TRUE_NULL,B0,PULLBACK,REBOUND,0
NEXT_DISTINCT_PRIMARY,TRUE_NULL,B0,PULLBACK,SHARP_DROP,0
NEXT_DISTINCT_PRIMARY,TRUE_NULL,B0,PULLBACK,DROP,193
NEXT_DISTINCT_PRIMARY,TRUE_NULL,B0,PULLBACK,DROP_STOP,0
NEXT_DISTINCT_PRIMARY,TRUE_NULL,B0,RANGE,RISE_STOP,0
NEXT_DISTINCT_PRIMARY,TRUE_NULL,B0,RANGE,RISE,0
NEXT_DISTINCT_PRIMARY,TRUE_NULL,B0,RANGE,SHARP_RISE,0
NEXT_DISTINCT_PRIMARY,TRUE_NULL,B0,RANGE,PULLBACK,0
NEXT_DISTINCT_PRIMARY,TRUE_NULL,B0,RANGE,RANGE,0
NEXT_DISTINCT_PRIMARY,TRUE_NULL,B0,RANGE,REBOUND,0
NEXT_DISTINCT_PRIMARY,TRUE_NULL,B0,RANGE,SHARP_DROP,0
NEXT_DISTINCT_PRIMARY,TRUE_NULL,B0,RANGE,DROP,76
NEXT_DISTINCT_PRIMARY,TRUE_NULL,B0,RANGE,DROP_STOP,0
NEXT_DISTINCT_PRIMARY,TRUE_NULL,B0,REBOUND,RISE_STOP,0
NEXT_DISTINCT_PRIMARY,TRUE_NULL,B0,REBOUND,RISE,0
NEXT_DISTINCT_PRIMARY,TRUE_NULL,B0,REBOUND,SHARP_RISE,0
NEXT_DISTINCT_PRIMARY,TRUE_NULL,B0,REBOUND,PULLBACK,0
NEXT_DISTINCT_PRIMARY,TRUE_NULL,B0,REBOUND,RANGE,0
NEXT_DISTINCT_PRIMARY,TRUE_NULL,B0,REBOUND,REBOUND,0
NEXT_DISTINCT_PRIMARY,TRUE_NULL,B0,REBOUND,SHARP_DROP,0
NEXT_DISTINCT_PRIMARY,TRUE_NULL,B0,REBOUND,DROP,180
NEXT_DISTINCT_PRIMARY,TRUE_NULL,B0,REBOUND,DROP_STOP,0
NEXT_DISTINCT_PRIMARY,TRUE_NULL,B0,SHARP_DROP,RISE_STOP,0
NEXT_DISTINCT_PRIMARY,TRUE_NULL,B0,SHARP_DROP,RISE,0
NEXT_DISTINCT_PRIMARY,TRUE_NULL,B0,SHARP_DROP,SHARP_RISE,0
NEXT_DISTINCT_PRIMARY,TRUE_NULL,B0,SHARP_DROP,PULLBACK,0
NEXT_DISTINCT_PRIMARY,TRUE_NULL,B0,SHARP_DROP,RANGE,0
NEXT_DISTINCT_PRIMARY,TRUE_NULL,B0,SHARP_DROP,REBOUND,0
NEXT_DISTINCT_PRIMARY,TRUE_NULL,B0,SHARP_DROP,SHARP_DROP,0
NEXT_DISTINCT_PRIMARY,TRUE_NULL,B0,SHARP_DROP,DROP,54
NEXT_DISTINCT_PRIMARY,TRUE_NULL,B0,SHARP_DROP,DROP_STOP,0
NEXT_DISTINCT_PRIMARY,TRUE_NULL,B0,DROP,RISE_STOP,0
NEXT_DISTINCT_PRIMARY,TRUE_NULL,B0,DROP,RISE,0
NEXT_DISTINCT_PRIMARY,TRUE_NULL,B0,DROP,SHARP_RISE,0
NEXT_DISTINCT_PRIMARY,TRUE_NULL,B0,DROP,PULLBACK,0
NEXT_DISTINCT_PRIMARY,TRUE_NULL,B0,DROP,RANGE,0
NEXT_DISTINCT_PRIMARY,TRUE_NULL,B0,DROP,REBOUND,0
NEXT_DISTINCT_PRIMARY,TRUE_NULL,B0,DROP,SHARP_DROP,0
NEXT_DISTINCT_PRIMARY,TRUE_NULL,B0,DROP,DROP,333
NEXT_DISTINCT_PRIMARY,TRUE_NULL,B0,DROP,DROP_STOP,0
NEXT_DISTINCT_PRIMARY,TRUE_NULL,B0,DROP_STOP,RISE_STOP,0
NEXT_DISTINCT_PRIMARY,TRUE_NULL,B0,DROP_STOP,RISE,0
NEXT_DISTINCT_PRIMARY,TRUE_NULL,B0,DROP_STOP,SHARP_RISE,0
NEXT_DISTINCT_PRIMARY,TRUE_NULL,B0,DROP_STOP,PULLBACK,0
NEXT_DISTINCT_PRIMARY,TRUE_NULL,B0,DROP_STOP,RANGE,0
NEXT_DISTINCT_PRIMARY,TRUE_NULL,B0,DROP_STOP,REBOUND,0
NEXT_DISTINCT_PRIMARY,TRUE_NULL,B0,DROP_STOP,SHARP_DROP,0
NEXT_DISTINCT_PRIMARY,TRUE_NULL,B0,DROP_STOP,DROP,43
NEXT_DISTINCT_PRIMARY,TRUE_NULL,B0,DROP_STOP,DROP_STOP,0
NEXT_DISTINCT_PRIMARY,TRUE_NULL,B1,RISE_STOP,RISE_STOP,0
NEXT_DISTINCT_PRIMARY,TRUE_NULL,B1,RISE_STOP,RISE,46
NEXT_DISTINCT_PRIMARY,TRUE_NULL,B1,RISE_STOP,SHARP_RISE,0
NEXT_DISTINCT_PRIMARY,TRUE_NULL,B1,RISE_STOP,PULLBACK,0
NEXT_DISTINCT_PRIMARY,TRUE_NULL,B1,RISE_STOP,RANGE,1
NEXT_DISTINCT_PRIMARY,TRUE_NULL,B1,RISE_STOP,REBOUND,0
NEXT_DISTINCT_PRIMARY,TRUE_NULL,B1,RISE_STOP,SHARP_DROP,0
NEXT_DISTINCT_PRIMARY,TRUE_NULL,B1,RISE_STOP,DROP,20
NEXT_DISTINCT_PRIMARY,TRUE_NULL,B1,RISE_STOP,DROP_STOP,0
NEXT_DISTINCT_PRIMARY,TRUE_NULL,B1,RISE,RISE_STOP,0
NEXT_DISTINCT_PRIMARY,TRUE_NULL,B1,RISE,RISE,178
NEXT_DISTINCT_PRIMARY,TRUE_NULL,B1,RISE,SHARP_RISE,0
NEXT_DISTINCT_PRIMARY,TRUE_NULL,B1,RISE,PULLBACK,47
NEXT_DISTINCT_PRIMARY,TRUE_NULL,B1,RISE,RANGE,2
NEXT_DISTINCT_PRIMARY,TRUE_NULL,B1,RISE,REBOUND,0
NEXT_DISTINCT_PRIMARY,TRUE_NULL,B1,RISE,SHARP_DROP,0
NEXT_DISTINCT_PRIMARY,TRUE_NULL,B1,RISE,DROP,127
NEXT_DISTINCT_PRIMARY,TRUE_NULL,B1,RISE,DROP_STOP,0
NEXT_DISTINCT_PRIMARY,TRUE_NULL,B1,SHARP_RISE,RISE_STOP,0
NEXT_DISTINCT_PRIMARY,TRUE_NULL,B1,SHARP_RISE,RISE,30
NEXT_DISTINCT_PRIMARY,TRUE_NULL,B1,SHARP_RISE,SHARP_RISE,0
NEXT_DISTINCT_PRIMARY,TRUE_NULL,B1,SHARP_RISE,PULLBACK,3
NEXT_DISTINCT_PRIMARY,TRUE_NULL,B1,SHARP_RISE,RANGE,0
NEXT_DISTINCT_PRIMARY,TRUE_NULL,B1,SHARP_RISE,REBOUND,0
NEXT_DISTINCT_PRIMARY,TRUE_NULL,B1,SHARP_RISE,SHARP_DROP,0
NEXT_DISTINCT_PRIMARY,TRUE_NULL,B1,SHARP_RISE,DROP,27
NEXT_DISTINCT_PRIMARY,TRUE_NULL,B1,SHARP_RISE,DROP_STOP,0
NEXT_DISTINCT_PRIMARY,TRUE_NULL,B1,PULLBACK,RISE_STOP,0
NEXT_DISTINCT_PRIMARY,TRUE_NULL,B1,PULLBACK,RISE,83
NEXT_DISTINCT_PRIMARY,TRUE_NULL,B1,PULLBACK,SHARP_RISE,0
NEXT_DISTINCT_PRIMARY,TRUE_NULL,B1,PULLBACK,PULLBACK,36
NEXT_DISTINCT_PRIMARY,TRUE_NULL,B1,PULLBACK,RANGE,1
NEXT_DISTINCT_PRIMARY,TRUE_NULL,B1,PULLBACK,REBOUND,0
NEXT_DISTINCT_PRIMARY,TRUE_NULL,B1,PULLBACK,SHARP_DROP,0
NEXT_DISTINCT_PRIMARY,TRUE_NULL,B1,PULLBACK,DROP,73
NEXT_DISTINCT_PRIMARY,TRUE_NULL,B1,PULLBACK,DROP_STOP,0
NEXT_DISTINCT_PRIMARY,TRUE_NULL,B1,RANGE,RISE_STOP,0
NEXT_DISTINCT_PRIMARY,TRUE_NULL,B1,RANGE,RISE,44
NEXT_DISTINCT_PRIMARY,TRUE_NULL,B1,RANGE,SHARP_RISE,0
NEXT_DISTINCT_PRIMARY,TRUE_NULL,B1,RANGE,PULLBACK,3
NEXT_DISTINCT_PRIMARY,TRUE_NULL,B1,RANGE,RANGE,0
NEXT_DISTINCT_PRIMARY,TRUE_NULL,B1,RANGE,REBOUND,0
NEXT_DISTINCT_PRIMARY,TRUE_NULL,B1,RANGE,SHARP_DROP,0
NEXT_DISTINCT_PRIMARY,TRUE_NULL,B1,RANGE,DROP,29
NEXT_DISTINCT_PRIMARY,TRUE_NULL,B1,RANGE,DROP_STOP,0
NEXT_DISTINCT_PRIMARY,TRUE_NULL,B1,REBOUND,RISE_STOP,0
NEXT_DISTINCT_PRIMARY,TRUE_NULL,B1,REBOUND,RISE,130
NEXT_DISTINCT_PRIMARY,TRUE_NULL,B1,REBOUND,SHARP_RISE,0
NEXT_DISTINCT_PRIMARY,TRUE_NULL,B1,REBOUND,PULLBACK,6
NEXT_DISTINCT_PRIMARY,TRUE_NULL,B1,REBOUND,RANGE,1
NEXT_DISTINCT_PRIMARY,TRUE_NULL,B1,REBOUND,REBOUND,0
NEXT_DISTINCT_PRIMARY,TRUE_NULL,B1,REBOUND,SHARP_DROP,0
NEXT_DISTINCT_PRIMARY,TRUE_NULL,B1,REBOUND,DROP,43
NEXT_DISTINCT_PRIMARY,TRUE_NULL,B1,REBOUND,DROP_STOP,0
NEXT_DISTINCT_PRIMARY,TRUE_NULL,B1,SHARP_DROP,RISE_STOP,0
NEXT_DISTINCT_PRIMARY,TRUE_NULL,B1,SHARP_DROP,RISE,36
NEXT_DISTINCT_PRIMARY,TRUE_NULL,B1,SHARP_DROP,SHARP_RISE,0
NEXT_DISTINCT_PRIMARY,TRUE_NULL,B1,SHARP_DROP,PULLBACK,3
NEXT_DISTINCT_PRIMARY,TRUE_NULL,B1,SHARP_DROP,RANGE,0
NEXT_DISTINCT_PRIMARY,TRUE_NULL,B1,SHARP_DROP,REBOUND,0
NEXT_DISTINCT_PRIMARY,TRUE_NULL,B1,SHARP_DROP,SHARP_DROP,0
NEXT_DISTINCT_PRIMARY,TRUE_NULL,B1,SHARP_DROP,DROP,15
NEXT_DISTINCT_PRIMARY,TRUE_NULL,B1,SHARP_DROP,DROP_STOP,0
NEXT_DISTINCT_PRIMARY,TRUE_NULL,B1,DROP,RISE_STOP,0
NEXT_DISTINCT_PRIMARY,TRUE_NULL,B1,DROP,RISE,201
NEXT_DISTINCT_PRIMARY,TRUE_NULL,B1,DROP,SHARP_RISE,0
NEXT_DISTINCT_PRIMARY,TRUE_NULL,B1,DROP,PULLBACK,7
NEXT_DISTINCT_PRIMARY,TRUE_NULL,B1,DROP,RANGE,2
NEXT_DISTINCT_PRIMARY,TRUE_NULL,B1,DROP,REBOUND,0
NEXT_DISTINCT_PRIMARY,TRUE_NULL,B1,DROP,SHARP_DROP,0
NEXT_DISTINCT_PRIMARY,TRUE_NULL,B1,DROP,DROP,123
NEXT_DISTINCT_PRIMARY,TRUE_NULL,B1,DROP,DROP_STOP,0
NEXT_DISTINCT_PRIMARY,TRUE_NULL,B1,DROP_STOP,RISE_STOP,0
NEXT_DISTINCT_PRIMARY,TRUE_NULL,B1,DROP_STOP,RISE,29
NEXT_DISTINCT_PRIMARY,TRUE_NULL,B1,DROP_STOP,SHARP_RISE,0
NEXT_DISTINCT_PRIMARY,TRUE_NULL,B1,DROP_STOP,PULLBACK,2
NEXT_DISTINCT_PRIMARY,TRUE_NULL,B1,DROP_STOP,RANGE,0
NEXT_DISTINCT_PRIMARY,TRUE_NULL,B1,DROP_STOP,REBOUND,0
NEXT_DISTINCT_PRIMARY,TRUE_NULL,B1,DROP_STOP,SHARP_DROP,0
NEXT_DISTINCT_PRIMARY,TRUE_NULL,B1,DROP_STOP,DROP,12
NEXT_DISTINCT_PRIMARY,TRUE_NULL,B1,DROP_STOP,DROP_STOP,0
NEXT_DISTINCT_PRIMARY,TRUE_NULL,B2,RISE_STOP,RISE_STOP,0
NEXT_DISTINCT_PRIMARY,TRUE_NULL,B2,RISE_STOP,RISE,40
NEXT_DISTINCT_PRIMARY,TRUE_NULL,B2,RISE_STOP,SHARP_RISE,0
NEXT_DISTINCT_PRIMARY,TRUE_NULL,B2,RISE_STOP,PULLBACK,1
NEXT_DISTINCT_PRIMARY,TRUE_NULL,B2,RISE_STOP,RANGE,0
NEXT_DISTINCT_PRIMARY,TRUE_NULL,B2,RISE_STOP,REBOUND,0
NEXT_DISTINCT_PRIMARY,TRUE_NULL,B2,RISE_STOP,SHARP_DROP,0
NEXT_DISTINCT_PRIMARY,TRUE_NULL,B2,RISE_STOP,DROP,26
NEXT_DISTINCT_PRIMARY,TRUE_NULL,B2,RISE_STOP,DROP_STOP,0
NEXT_DISTINCT_PRIMARY,TRUE_NULL,B2,RISE,RISE_STOP,0
NEXT_DISTINCT_PRIMARY,TRUE_NULL,B2,RISE,RISE,188
NEXT_DISTINCT_PRIMARY,TRUE_NULL,B2,RISE,SHARP_RISE,0
NEXT_DISTINCT_PRIMARY,TRUE_NULL,B2,RISE,PULLBACK,12
NEXT_DISTINCT_PRIMARY,TRUE_NULL,B2,RISE,RANGE,0
NEXT_DISTINCT_PRIMARY,TRUE_NULL,B2,RISE,REBOUND,0
NEXT_DISTINCT_PRIMARY,TRUE_NULL,B2,RISE,SHARP_DROP,0
NEXT_DISTINCT_PRIMARY,TRUE_NULL,B2,RISE,DROP,154
NEXT_DISTINCT_PRIMARY,TRUE_NULL,B2,RISE,DROP_STOP,0
NEXT_DISTINCT_PRIMARY,TRUE_NULL,B2,SHARP_RISE,RISE_STOP,0
NEXT_DISTINCT_PRIMARY,TRUE_NULL,B2,SHARP_RISE,RISE,28
NEXT_DISTINCT_PRIMARY,TRUE_NULL,B2,SHARP_RISE,SHARP_RISE,0
NEXT_DISTINCT_PRIMARY,TRUE_NULL,B2,SHARP_RISE,PULLBACK,1
NEXT_DISTINCT_PRIMARY,TRUE_NULL,B2,SHARP_RISE,RANGE,0
NEXT_DISTINCT_PRIMARY,TRUE_NULL,B2,SHARP_RISE,REBOUND,0
NEXT_DISTINCT_PRIMARY,TRUE_NULL,B2,SHARP_RISE,SHARP_DROP,0
NEXT_DISTINCT_PRIMARY,TRUE_NULL,B2,SHARP_RISE,DROP,31
NEXT_DISTINCT_PRIMARY,TRUE_NULL,B2,SHARP_RISE,DROP_STOP,0
NEXT_DISTINCT_PRIMARY,TRUE_NULL,B2,PULLBACK,RISE_STOP,0
NEXT_DISTINCT_PRIMARY,TRUE_NULL,B2,PULLBACK,RISE,95
NEXT_DISTINCT_PRIMARY,TRUE_NULL,B2,PULLBACK,SHARP_RISE,0
NEXT_DISTINCT_PRIMARY,TRUE_NULL,B2,PULLBACK,PULLBACK,5
NEXT_DISTINCT_PRIMARY,TRUE_NULL,B2,PULLBACK,RANGE,0
NEXT_DISTINCT_PRIMARY,TRUE_NULL,B2,PULLBACK,REBOUND,0
NEXT_DISTINCT_PRIMARY,TRUE_NULL,B2,PULLBACK,SHARP_DROP,0
NEXT_DISTINCT_PRIMARY,TRUE_NULL,B2,PULLBACK,DROP,93
NEXT_DISTINCT_PRIMARY,TRUE_NULL,B2,PULLBACK,DROP_STOP,0
NEXT_DISTINCT_PRIMARY,TRUE_NULL,B2,RANGE,RISE_STOP,0
NEXT_DISTINCT_PRIMARY,TRUE_NULL,B2,RANGE,RISE,43
NEXT_DISTINCT_PRIMARY,TRUE_NULL,B2,RANGE,SHARP_RISE,0
NEXT_DISTINCT_PRIMARY,TRUE_NULL,B2,RANGE,PULLBACK,0
NEXT_DISTINCT_PRIMARY,TRUE_NULL,B2,RANGE,RANGE,0
NEXT_DISTINCT_PRIMARY,TRUE_NULL,B2,RANGE,REBOUND,0
NEXT_DISTINCT_PRIMARY,TRUE_NULL,B2,RANGE,SHARP_DROP,0
NEXT_DISTINCT_PRIMARY,TRUE_NULL,B2,RANGE,DROP,33
NEXT_DISTINCT_PRIMARY,TRUE_NULL,B2,RANGE,DROP_STOP,0
NEXT_DISTINCT_PRIMARY,TRUE_NULL,B2,REBOUND,RISE_STOP,0
NEXT_DISTINCT_PRIMARY,TRUE_NULL,B2,REBOUND,RISE,87
NEXT_DISTINCT_PRIMARY,TRUE_NULL,B2,REBOUND,SHARP_RISE,0
NEXT_DISTINCT_PRIMARY,TRUE_NULL,B2,REBOUND,PULLBACK,2
NEXT_DISTINCT_PRIMARY,TRUE_NULL,B2,REBOUND,RANGE,0
NEXT_DISTINCT_PRIMARY,TRUE_NULL,B2,REBOUND,REBOUND,0
NEXT_DISTINCT_PRIMARY,TRUE_NULL,B2,REBOUND,SHARP_DROP,0
NEXT_DISTINCT_PRIMARY,TRUE_NULL,B2,REBOUND,DROP,91
NEXT_DISTINCT_PRIMARY,TRUE_NULL,B2,REBOUND,DROP_STOP,0
NEXT_DISTINCT_PRIMARY,TRUE_NULL,B2,SHARP_DROP,RISE_STOP,0
NEXT_DISTINCT_PRIMARY,TRUE_NULL,B2,SHARP_DROP,RISE,26
NEXT_DISTINCT_PRIMARY,TRUE_NULL,B2,SHARP_DROP,SHARP_RISE,0
NEXT_DISTINCT_PRIMARY,TRUE_NULL,B2,SHARP_DROP,PULLBACK,1
NEXT_DISTINCT_PRIMARY,TRUE_NULL,B2,SHARP_DROP,RANGE,0
NEXT_DISTINCT_PRIMARY,TRUE_NULL,B2,SHARP_DROP,REBOUND,0
NEXT_DISTINCT_PRIMARY,TRUE_NULL,B2,SHARP_DROP,SHARP_DROP,0
NEXT_DISTINCT_PRIMARY,TRUE_NULL,B2,SHARP_DROP,DROP,27
NEXT_DISTINCT_PRIMARY,TRUE_NULL,B2,SHARP_DROP,DROP_STOP,0
NEXT_DISTINCT_PRIMARY,TRUE_NULL,B2,DROP,RISE_STOP,0
NEXT_DISTINCT_PRIMARY,TRUE_NULL,B2,DROP,RISE,159
NEXT_DISTINCT_PRIMARY,TRUE_NULL,B2,DROP,SHARP_RISE,0
NEXT_DISTINCT_PRIMARY,TRUE_NULL,B2,DROP,PULLBACK,4
NEXT_DISTINCT_PRIMARY,TRUE_NULL,B2,DROP,RANGE,0
NEXT_DISTINCT_PRIMARY,TRUE_NULL,B2,DROP,REBOUND,0
NEXT_DISTINCT_PRIMARY,TRUE_NULL,B2,DROP,SHARP_DROP,0
NEXT_DISTINCT_PRIMARY,TRUE_NULL,B2,DROP,DROP,170
NEXT_DISTINCT_PRIMARY,TRUE_NULL,B2,DROP,DROP_STOP,0
NEXT_DISTINCT_PRIMARY,TRUE_NULL,B2,DROP_STOP,RISE_STOP,0
NEXT_DISTINCT_PRIMARY,TRUE_NULL,B2,DROP_STOP,RISE,28
NEXT_DISTINCT_PRIMARY,TRUE_NULL,B2,DROP_STOP,SHARP_RISE,0
NEXT_DISTINCT_PRIMARY,TRUE_NULL,B2,DROP_STOP,PULLBACK,0
NEXT_DISTINCT_PRIMARY,TRUE_NULL,B2,DROP_STOP,RANGE,0
NEXT_DISTINCT_PRIMARY,TRUE_NULL,B2,DROP_STOP,REBOUND,0
NEXT_DISTINCT_PRIMARY,TRUE_NULL,B2,DROP_STOP,SHARP_DROP,0
NEXT_DISTINCT_PRIMARY,TRUE_NULL,B2,DROP_STOP,DROP,15
NEXT_DISTINCT_PRIMARY,TRUE_NULL,B2,DROP_STOP,DROP_STOP,0
NEXT_DISTINCT_PRIMARY,TRUE_NULL,B3,RISE_STOP,RISE_STOP,0
NEXT_DISTINCT_PRIMARY,TRUE_NULL,B3,RISE_STOP,RISE,41
NEXT_DISTINCT_PRIMARY,TRUE_NULL,B3,RISE_STOP,SHARP_RISE,0
NEXT_DISTINCT_PRIMARY,TRUE_NULL,B3,RISE_STOP,PULLBACK,0
NEXT_DISTINCT_PRIMARY,TRUE_NULL,B3,RISE_STOP,RANGE,0
NEXT_DISTINCT_PRIMARY,TRUE_NULL,B3,RISE_STOP,REBOUND,0
NEXT_DISTINCT_PRIMARY,TRUE_NULL,B3,RISE_STOP,SHARP_DROP,0
NEXT_DISTINCT_PRIMARY,TRUE_NULL,B3,RISE_STOP,DROP,26
NEXT_DISTINCT_PRIMARY,TRUE_NULL,B3,RISE_STOP,DROP_STOP,0
NEXT_DISTINCT_PRIMARY,TRUE_NULL,B3,RISE,RISE_STOP,0
NEXT_DISTINCT_PRIMARY,TRUE_NULL,B3,RISE,RISE,204
NEXT_DISTINCT_PRIMARY,TRUE_NULL,B3,RISE,SHARP_RISE,0
NEXT_DISTINCT_PRIMARY,TRUE_NULL,B3,RISE,PULLBACK,14
NEXT_DISTINCT_PRIMARY,TRUE_NULL,B3,RISE,RANGE,0
NEXT_DISTINCT_PRIMARY,TRUE_NULL,B3,RISE,REBOUND,0
NEXT_DISTINCT_PRIMARY,TRUE_NULL,B3,RISE,SHARP_DROP,0
NEXT_DISTINCT_PRIMARY,TRUE_NULL,B3,RISE,DROP,136
NEXT_DISTINCT_PRIMARY,TRUE_NULL,B3,RISE,DROP_STOP,0
NEXT_DISTINCT_PRIMARY,TRUE_NULL,B3,SHARP_RISE,RISE_STOP,0
NEXT_DISTINCT_PRIMARY,TRUE_NULL,B3,SHARP_RISE,RISE,31
NEXT_DISTINCT_PRIMARY,TRUE_NULL,B3,SHARP_RISE,SHARP_RISE,0
NEXT_DISTINCT_PRIMARY,TRUE_NULL,B3,SHARP_RISE,PULLBACK,0
NEXT_DISTINCT_PRIMARY,TRUE_NULL,B3,SHARP_RISE,RANGE,0
NEXT_DISTINCT_PRIMARY,TRUE_NULL,B3,SHARP_RISE,REBOUND,0
NEXT_DISTINCT_PRIMARY,TRUE_NULL,B3,SHARP_RISE,SHARP_DROP,0
NEXT_DISTINCT_PRIMARY,TRUE_NULL,B3,SHARP_RISE,DROP,29
NEXT_DISTINCT_PRIMARY,TRUE_NULL,B3,SHARP_RISE,DROP_STOP,0
NEXT_DISTINCT_PRIMARY,TRUE_NULL,B3,PULLBACK,RISE_STOP,0
NEXT_DISTINCT_PRIMARY,TRUE_NULL,B3,PULLBACK,RISE,114
NEXT_DISTINCT_PRIMARY,TRUE_NULL,B3,PULLBACK,SHARP_RISE,0
NEXT_DISTINCT_PRIMARY,TRUE_NULL,B3,PULLBACK,PULLBACK,7
NEXT_DISTINCT_PRIMARY,TRUE_NULL,B3,PULLBACK,RANGE,0
NEXT_DISTINCT_PRIMARY,TRUE_NULL,B3,PULLBACK,REBOUND,0
NEXT_DISTINCT_PRIMARY,TRUE_NULL,B3,PULLBACK,SHARP_DROP,0
NEXT_DISTINCT_PRIMARY,TRUE_NULL,B3,PULLBACK,DROP,72
NEXT_DISTINCT_PRIMARY,TRUE_NULL,B3,PULLBACK,DROP_STOP,0
NEXT_DISTINCT_PRIMARY,TRUE_NULL,B3,RANGE,RISE_STOP,0
NEXT_DISTINCT_PRIMARY,TRUE_NULL,B3,RANGE,RISE,45
NEXT_DISTINCT_PRIMARY,TRUE_NULL,B3,RANGE,SHARP_RISE,0
NEXT_DISTINCT_PRIMARY,TRUE_NULL,B3,RANGE,PULLBACK,0
NEXT_DISTINCT_PRIMARY,TRUE_NULL,B3,RANGE,RANGE,0
NEXT_DISTINCT_PRIMARY,TRUE_NULL,B3,RANGE,REBOUND,0
NEXT_DISTINCT_PRIMARY,TRUE_NULL,B3,RANGE,SHARP_DROP,0
NEXT_DISTINCT_PRIMARY,TRUE_NULL,B3,RANGE,DROP,31
NEXT_DISTINCT_PRIMARY,TRUE_NULL,B3,RANGE,DROP_STOP,0
NEXT_DISTINCT_PRIMARY,TRUE_NULL,B3,REBOUND,RISE_STOP,0
NEXT_DISTINCT_PRIMARY,TRUE_NULL,B3,REBOUND,RISE,92
NEXT_DISTINCT_PRIMARY,TRUE_NULL,B3,REBOUND,SHARP_RISE,0
NEXT_DISTINCT_PRIMARY,TRUE_NULL,B3,REBOUND,PULLBACK,0
NEXT_DISTINCT_PRIMARY,TRUE_NULL,B3,REBOUND,RANGE,0
NEXT_DISTINCT_PRIMARY,TRUE_NULL,B3,REBOUND,REBOUND,0
NEXT_DISTINCT_PRIMARY,TRUE_NULL,B3,REBOUND,SHARP_DROP,0
NEXT_DISTINCT_PRIMARY,TRUE_NULL,B3,REBOUND,DROP,88
NEXT_DISTINCT_PRIMARY,TRUE_NULL,B3,REBOUND,DROP_STOP,0
NEXT_DISTINCT_PRIMARY,TRUE_NULL,B3,SHARP_DROP,RISE_STOP,0
NEXT_DISTINCT_PRIMARY,TRUE_NULL,B3,SHARP_DROP,RISE,29
NEXT_DISTINCT_PRIMARY,TRUE_NULL,B3,SHARP_DROP,SHARP_RISE,0
NEXT_DISTINCT_PRIMARY,TRUE_NULL,B3,SHARP_DROP,PULLBACK,0
NEXT_DISTINCT_PRIMARY,TRUE_NULL,B3,SHARP_DROP,RANGE,0
NEXT_DISTINCT_PRIMARY,TRUE_NULL,B3,SHARP_DROP,REBOUND,0
NEXT_DISTINCT_PRIMARY,TRUE_NULL,B3,SHARP_DROP,SHARP_DROP,0
NEXT_DISTINCT_PRIMARY,TRUE_NULL,B3,SHARP_DROP,DROP,25
NEXT_DISTINCT_PRIMARY,TRUE_NULL,B3,SHARP_DROP,DROP_STOP,0
NEXT_DISTINCT_PRIMARY,TRUE_NULL,B3,DROP,RISE_STOP,0
NEXT_DISTINCT_PRIMARY,TRUE_NULL,B3,DROP,RISE,172
NEXT_DISTINCT_PRIMARY,TRUE_NULL,B3,DROP,SHARP_RISE,0
NEXT_DISTINCT_PRIMARY,TRUE_NULL,B3,DROP,PULLBACK,2
NEXT_DISTINCT_PRIMARY,TRUE_NULL,B3,DROP,RANGE,0
NEXT_DISTINCT_PRIMARY,TRUE_NULL,B3,DROP,REBOUND,0
NEXT_DISTINCT_PRIMARY,TRUE_NULL,B3,DROP,SHARP_DROP,0
NEXT_DISTINCT_PRIMARY,TRUE_NULL,B3,DROP,DROP,159
NEXT_DISTINCT_PRIMARY,TRUE_NULL,B3,DROP,DROP_STOP,0
NEXT_DISTINCT_PRIMARY,TRUE_NULL,B3,DROP_STOP,RISE_STOP,0
NEXT_DISTINCT_PRIMARY,TRUE_NULL,B3,DROP_STOP,RISE,28
NEXT_DISTINCT_PRIMARY,TRUE_NULL,B3,DROP_STOP,SHARP_RISE,0
NEXT_DISTINCT_PRIMARY,TRUE_NULL,B3,DROP_STOP,PULLBACK,0
NEXT_DISTINCT_PRIMARY,TRUE_NULL,B3,DROP_STOP,RANGE,0
NEXT_DISTINCT_PRIMARY,TRUE_NULL,B3,DROP_STOP,REBOUND,0
NEXT_DISTINCT_PRIMARY,TRUE_NULL,B3,DROP_STOP,SHARP_DROP,0
NEXT_DISTINCT_PRIMARY,TRUE_NULL,B3,DROP_STOP,DROP,15
NEXT_DISTINCT_PRIMARY,TRUE_NULL,B3,DROP_STOP,DROP_STOP,0
NEXT_DISTINCT_PRIMARY,SHIFT60,B0,RISE_STOP,RISE_STOP,0
NEXT_DISTINCT_PRIMARY,SHIFT60,B0,RISE_STOP,RISE,0
NEXT_DISTINCT_PRIMARY,SHIFT60,B0,RISE_STOP,SHARP_RISE,0
NEXT_DISTINCT_PRIMARY,SHIFT60,B0,RISE_STOP,PULLBACK,0
NEXT_DISTINCT_PRIMARY,SHIFT60,B0,RISE_STOP,RANGE,0
NEXT_DISTINCT_PRIMARY,SHIFT60,B0,RISE_STOP,REBOUND,0
NEXT_DISTINCT_PRIMARY,SHIFT60,B0,RISE_STOP,SHARP_DROP,0
NEXT_DISTINCT_PRIMARY,SHIFT60,B0,RISE_STOP,DROP,0
NEXT_DISTINCT_PRIMARY,SHIFT60,B0,RISE_STOP,DROP_STOP,0
NEXT_DISTINCT_PRIMARY,SHIFT60,B0,RISE,RISE_STOP,0
NEXT_DISTINCT_PRIMARY,SHIFT60,B0,RISE,RISE,0
NEXT_DISTINCT_PRIMARY,SHIFT60,B0,RISE,SHARP_RISE,0
NEXT_DISTINCT_PRIMARY,SHIFT60,B0,RISE,PULLBACK,0
NEXT_DISTINCT_PRIMARY,SHIFT60,B0,RISE,RANGE,0
NEXT_DISTINCT_PRIMARY,SHIFT60,B0,RISE,REBOUND,0
NEXT_DISTINCT_PRIMARY,SHIFT60,B0,RISE,SHARP_DROP,0
NEXT_DISTINCT_PRIMARY,SHIFT60,B0,RISE,DROP,69
NEXT_DISTINCT_PRIMARY,SHIFT60,B0,RISE,DROP_STOP,0
NEXT_DISTINCT_PRIMARY,SHIFT60,B0,SHARP_RISE,RISE_STOP,0
NEXT_DISTINCT_PRIMARY,SHIFT60,B0,SHARP_RISE,RISE,0
NEXT_DISTINCT_PRIMARY,SHIFT60,B0,SHARP_RISE,SHARP_RISE,0
NEXT_DISTINCT_PRIMARY,SHIFT60,B0,SHARP_RISE,PULLBACK,0
NEXT_DISTINCT_PRIMARY,SHIFT60,B0,SHARP_RISE,RANGE,0
NEXT_DISTINCT_PRIMARY,SHIFT60,B0,SHARP_RISE,REBOUND,0
NEXT_DISTINCT_PRIMARY,SHIFT60,B0,SHARP_RISE,SHARP_DROP,0
NEXT_DISTINCT_PRIMARY,SHIFT60,B0,SHARP_RISE,DROP,2
NEXT_DISTINCT_PRIMARY,SHIFT60,B0,SHARP_RISE,DROP_STOP,0
NEXT_DISTINCT_PRIMARY,SHIFT60,B0,PULLBACK,RISE_STOP,0
NEXT_DISTINCT_PRIMARY,SHIFT60,B0,PULLBACK,RISE,0
NEXT_DISTINCT_PRIMARY,SHIFT60,B0,PULLBACK,SHARP_RISE,0
NEXT_DISTINCT_PRIMARY,SHIFT60,B0,PULLBACK,PULLBACK,0
NEXT_DISTINCT_PRIMARY,SHIFT60,B0,PULLBACK,RANGE,0
NEXT_DISTINCT_PRIMARY,SHIFT60,B0,PULLBACK,REBOUND,0
NEXT_DISTINCT_PRIMARY,SHIFT60,B0,PULLBACK,SHARP_DROP,0
NEXT_DISTINCT_PRIMARY,SHIFT60,B0,PULLBACK,DROP,33
NEXT_DISTINCT_PRIMARY,SHIFT60,B0,PULLBACK,DROP_STOP,0
NEXT_DISTINCT_PRIMARY,SHIFT60,B0,RANGE,RISE_STOP,0
NEXT_DISTINCT_PRIMARY,SHIFT60,B0,RANGE,RISE,0
NEXT_DISTINCT_PRIMARY,SHIFT60,B0,RANGE,SHARP_RISE,0
NEXT_DISTINCT_PRIMARY,SHIFT60,B0,RANGE,PULLBACK,0
NEXT_DISTINCT_PRIMARY,SHIFT60,B0,RANGE,RANGE,0
NEXT_DISTINCT_PRIMARY,SHIFT60,B0,RANGE,REBOUND,0
NEXT_DISTINCT_PRIMARY,SHIFT60,B0,RANGE,SHARP_DROP,0
NEXT_DISTINCT_PRIMARY,SHIFT60,B0,RANGE,DROP,7
NEXT_DISTINCT_PRIMARY,SHIFT60,B0,RANGE,DROP_STOP,0
NEXT_DISTINCT_PRIMARY,SHIFT60,B0,REBOUND,RISE_STOP,0
NEXT_DISTINCT_PRIMARY,SHIFT60,B0,REBOUND,RISE,0
NEXT_DISTINCT_PRIMARY,SHIFT60,B0,REBOUND,SHARP_RISE,0
NEXT_DISTINCT_PRIMARY,SHIFT60,B0,REBOUND,PULLBACK,0
NEXT_DISTINCT_PRIMARY,SHIFT60,B0,REBOUND,RANGE,0
NEXT_DISTINCT_PRIMARY,SHIFT60,B0,REBOUND,REBOUND,0
NEXT_DISTINCT_PRIMARY,SHIFT60,B0,REBOUND,SHARP_DROP,0
NEXT_DISTINCT_PRIMARY,SHIFT60,B0,REBOUND,DROP,5
NEXT_DISTINCT_PRIMARY,SHIFT60,B0,REBOUND,DROP_STOP,0
NEXT_DISTINCT_PRIMARY,SHIFT60,B0,SHARP_DROP,RISE_STOP,0
NEXT_DISTINCT_PRIMARY,SHIFT60,B0,SHARP_DROP,RISE,0
NEXT_DISTINCT_PRIMARY,SHIFT60,B0,SHARP_DROP,SHARP_RISE,0
NEXT_DISTINCT_PRIMARY,SHIFT60,B0,SHARP_DROP,PULLBACK,0
NEXT_DISTINCT_PRIMARY,SHIFT60,B0,SHARP_DROP,RANGE,0
NEXT_DISTINCT_PRIMARY,SHIFT60,B0,SHARP_DROP,REBOUND,0
NEXT_DISTINCT_PRIMARY,SHIFT60,B0,SHARP_DROP,SHARP_DROP,0
NEXT_DISTINCT_PRIMARY,SHIFT60,B0,SHARP_DROP,DROP,3
NEXT_DISTINCT_PRIMARY,SHIFT60,B0,SHARP_DROP,DROP_STOP,0
NEXT_DISTINCT_PRIMARY,SHIFT60,B0,DROP,RISE_STOP,0
NEXT_DISTINCT_PRIMARY,SHIFT60,B0,DROP,RISE,0
NEXT_DISTINCT_PRIMARY,SHIFT60,B0,DROP,SHARP_RISE,0
NEXT_DISTINCT_PRIMARY,SHIFT60,B0,DROP,PULLBACK,0
NEXT_DISTINCT_PRIMARY,SHIFT60,B0,DROP,RANGE,0
NEXT_DISTINCT_PRIMARY,SHIFT60,B0,DROP,REBOUND,0
NEXT_DISTINCT_PRIMARY,SHIFT60,B0,DROP,SHARP_DROP,0
NEXT_DISTINCT_PRIMARY,SHIFT60,B0,DROP,DROP,6
NEXT_DISTINCT_PRIMARY,SHIFT60,B0,DROP,DROP_STOP,0
NEXT_DISTINCT_PRIMARY,SHIFT60,B0,DROP_STOP,RISE_STOP,0
NEXT_DISTINCT_PRIMARY,SHIFT60,B0,DROP_STOP,RISE,0
NEXT_DISTINCT_PRIMARY,SHIFT60,B0,DROP_STOP,SHARP_RISE,0
NEXT_DISTINCT_PRIMARY,SHIFT60,B0,DROP_STOP,PULLBACK,0
NEXT_DISTINCT_PRIMARY,SHIFT60,B0,DROP_STOP,RANGE,0
NEXT_DISTINCT_PRIMARY,SHIFT60,B0,DROP_STOP,REBOUND,0
NEXT_DISTINCT_PRIMARY,SHIFT60,B0,DROP_STOP,SHARP_DROP,0
NEXT_DISTINCT_PRIMARY,SHIFT60,B0,DROP_STOP,DROP,0
NEXT_DISTINCT_PRIMARY,SHIFT60,B0,DROP_STOP,DROP_STOP,0
NEXT_DISTINCT_PRIMARY,SHIFT60,B1,RISE_STOP,RISE_STOP,0
NEXT_DISTINCT_PRIMARY,SHIFT60,B1,RISE_STOP,RISE,0
NEXT_DISTINCT_PRIMARY,SHIFT60,B1,RISE_STOP,SHARP_RISE,0
NEXT_DISTINCT_PRIMARY,SHIFT60,B1,RISE_STOP,PULLBACK,0
NEXT_DISTINCT_PRIMARY,SHIFT60,B1,RISE_STOP,RANGE,0
NEXT_DISTINCT_PRIMARY,SHIFT60,B1,RISE_STOP,REBOUND,0
NEXT_DISTINCT_PRIMARY,SHIFT60,B1,RISE_STOP,SHARP_DROP,0
NEXT_DISTINCT_PRIMARY,SHIFT60,B1,RISE_STOP,DROP,0
NEXT_DISTINCT_PRIMARY,SHIFT60,B1,RISE_STOP,DROP_STOP,0
NEXT_DISTINCT_PRIMARY,SHIFT60,B1,RISE,RISE_STOP,0
NEXT_DISTINCT_PRIMARY,SHIFT60,B1,RISE,RISE,31
NEXT_DISTINCT_PRIMARY,SHIFT60,B1,RISE,SHARP_RISE,0
NEXT_DISTINCT_PRIMARY,SHIFT60,B1,RISE,PULLBACK,0
NEXT_DISTINCT_PRIMARY,SHIFT60,B1,RISE,RANGE,0
NEXT_DISTINCT_PRIMARY,SHIFT60,B1,RISE,REBOUND,0
NEXT_DISTINCT_PRIMARY,SHIFT60,B1,RISE,SHARP_DROP,0
NEXT_DISTINCT_PRIMARY,SHIFT60,B1,RISE,DROP,9
NEXT_DISTINCT_PRIMARY,SHIFT60,B1,RISE,DROP_STOP,29
NEXT_DISTINCT_PRIMARY,SHIFT60,B1,SHARP_RISE,RISE_STOP,0
NEXT_DISTINCT_PRIMARY,SHIFT60,B1,SHARP_RISE,RISE,2
NEXT_DISTINCT_PRIMARY,SHIFT60,B1,SHARP_RISE,SHARP_RISE,0
NEXT_DISTINCT_PRIMARY,SHIFT60,B1,SHARP_RISE,PULLBACK,0
NEXT_DISTINCT_PRIMARY,SHIFT60,B1,SHARP_RISE,RANGE,0
NEXT_DISTINCT_PRIMARY,SHIFT60,B1,SHARP_RISE,REBOUND,0
NEXT_DISTINCT_PRIMARY,SHIFT60,B1,SHARP_RISE,SHARP_DROP,0
NEXT_DISTINCT_PRIMARY,SHIFT60,B1,SHARP_RISE,DROP,0
NEXT_DISTINCT_PRIMARY,SHIFT60,B1,SHARP_RISE,DROP_STOP,0
NEXT_DISTINCT_PRIMARY,SHIFT60,B1,PULLBACK,RISE_STOP,0
NEXT_DISTINCT_PRIMARY,SHIFT60,B1,PULLBACK,RISE,12
NEXT_DISTINCT_PRIMARY,SHIFT60,B1,PULLBACK,SHARP_RISE,0
NEXT_DISTINCT_PRIMARY,SHIFT60,B1,PULLBACK,PULLBACK,0
NEXT_DISTINCT_PRIMARY,SHIFT60,B1,PULLBACK,RANGE,0
NEXT_DISTINCT_PRIMARY,SHIFT60,B1,PULLBACK,REBOUND,0
NEXT_DISTINCT_PRIMARY,SHIFT60,B1,PULLBACK,SHARP_DROP,0
NEXT_DISTINCT_PRIMARY,SHIFT60,B1,PULLBACK,DROP,7
NEXT_DISTINCT_PRIMARY,SHIFT60,B1,PULLBACK,DROP_STOP,14
NEXT_DISTINCT_PRIMARY,SHIFT60,B1,RANGE,RISE_STOP,0
NEXT_DISTINCT_PRIMARY,SHIFT60,B1,RANGE,RISE,2
NEXT_DISTINCT_PRIMARY,SHIFT60,B1,RANGE,SHARP_RISE,0
NEXT_DISTINCT_PRIMARY,SHIFT60,B1,RANGE,PULLBACK,0
NEXT_DISTINCT_PRIMARY,SHIFT60,B1,RANGE,RANGE,0
NEXT_DISTINCT_PRIMARY,SHIFT60,B1,RANGE,REBOUND,0
NEXT_DISTINCT_PRIMARY,SHIFT60,B1,RANGE,SHARP_DROP,0
NEXT_DISTINCT_PRIMARY,SHIFT60,B1,RANGE,DROP,2
NEXT_DISTINCT_PRIMARY,SHIFT60,B1,RANGE,DROP_STOP,3
NEXT_DISTINCT_PRIMARY,SHIFT60,B1,REBOUND,RISE_STOP,0
NEXT_DISTINCT_PRIMARY,SHIFT60,B1,REBOUND,RISE,2
NEXT_DISTINCT_PRIMARY,SHIFT60,B1,REBOUND,SHARP_RISE,0
NEXT_DISTINCT_PRIMARY,SHIFT60,B1,REBOUND,PULLBACK,0
NEXT_DISTINCT_PRIMARY,SHIFT60,B1,REBOUND,RANGE,0
NEXT_DISTINCT_PRIMARY,SHIFT60,B1,REBOUND,REBOUND,0
NEXT_DISTINCT_PRIMARY,SHIFT60,B1,REBOUND,SHARP_DROP,0
NEXT_DISTINCT_PRIMARY,SHIFT60,B1,REBOUND,DROP,1
NEXT_DISTINCT_PRIMARY,SHIFT60,B1,REBOUND,DROP_STOP,2
NEXT_DISTINCT_PRIMARY,SHIFT60,B1,SHARP_DROP,RISE_STOP,0
NEXT_DISTINCT_PRIMARY,SHIFT60,B1,SHARP_DROP,RISE,2
NEXT_DISTINCT_PRIMARY,SHIFT60,B1,SHARP_DROP,SHARP_RISE,0
NEXT_DISTINCT_PRIMARY,SHIFT60,B1,SHARP_DROP,PULLBACK,0
NEXT_DISTINCT_PRIMARY,SHIFT60,B1,SHARP_DROP,RANGE,0
NEXT_DISTINCT_PRIMARY,SHIFT60,B1,SHARP_DROP,REBOUND,0
NEXT_DISTINCT_PRIMARY,SHIFT60,B1,SHARP_DROP,SHARP_DROP,0
NEXT_DISTINCT_PRIMARY,SHIFT60,B1,SHARP_DROP,DROP,0
NEXT_DISTINCT_PRIMARY,SHIFT60,B1,SHARP_DROP,DROP_STOP,1
NEXT_DISTINCT_PRIMARY,SHIFT60,B1,DROP,RISE_STOP,0
NEXT_DISTINCT_PRIMARY,SHIFT60,B1,DROP,RISE,6
NEXT_DISTINCT_PRIMARY,SHIFT60,B1,DROP,SHARP_RISE,0
NEXT_DISTINCT_PRIMARY,SHIFT60,B1,DROP,PULLBACK,0
NEXT_DISTINCT_PRIMARY,SHIFT60,B1,DROP,RANGE,0
NEXT_DISTINCT_PRIMARY,SHIFT60,B1,DROP,REBOUND,0
NEXT_DISTINCT_PRIMARY,SHIFT60,B1,DROP,SHARP_DROP,0
NEXT_DISTINCT_PRIMARY,SHIFT60,B1,DROP,DROP,0
NEXT_DISTINCT_PRIMARY,SHIFT60,B1,DROP,DROP_STOP,0
NEXT_DISTINCT_PRIMARY,SHIFT60,B1,DROP_STOP,RISE_STOP,0
NEXT_DISTINCT_PRIMARY,SHIFT60,B1,DROP_STOP,RISE,0
NEXT_DISTINCT_PRIMARY,SHIFT60,B1,DROP_STOP,SHARP_RISE,0
NEXT_DISTINCT_PRIMARY,SHIFT60,B1,DROP_STOP,PULLBACK,0
NEXT_DISTINCT_PRIMARY,SHIFT60,B1,DROP_STOP,RANGE,0
NEXT_DISTINCT_PRIMARY,SHIFT60,B1,DROP_STOP,REBOUND,0
NEXT_DISTINCT_PRIMARY,SHIFT60,B1,DROP_STOP,SHARP_DROP,0
NEXT_DISTINCT_PRIMARY,SHIFT60,B1,DROP_STOP,DROP,0
NEXT_DISTINCT_PRIMARY,SHIFT60,B1,DROP_STOP,DROP_STOP,0
NEXT_DISTINCT_PRIMARY,SHIFT60,B2,RISE_STOP,RISE_STOP,0
NEXT_DISTINCT_PRIMARY,SHIFT60,B2,RISE_STOP,RISE,0
NEXT_DISTINCT_PRIMARY,SHIFT60,B2,RISE_STOP,SHARP_RISE,0
NEXT_DISTINCT_PRIMARY,SHIFT60,B2,RISE_STOP,PULLBACK,0
NEXT_DISTINCT_PRIMARY,SHIFT60,B2,RISE_STOP,RANGE,0
NEXT_DISTINCT_PRIMARY,SHIFT60,B2,RISE_STOP,REBOUND,0
NEXT_DISTINCT_PRIMARY,SHIFT60,B2,RISE_STOP,SHARP_DROP,0
NEXT_DISTINCT_PRIMARY,SHIFT60,B2,RISE_STOP,DROP,0
NEXT_DISTINCT_PRIMARY,SHIFT60,B2,RISE_STOP,DROP_STOP,0
NEXT_DISTINCT_PRIMARY,SHIFT60,B2,RISE,RISE_STOP,0
NEXT_DISTINCT_PRIMARY,SHIFT60,B2,RISE,RISE,0
NEXT_DISTINCT_PRIMARY,SHIFT60,B2,RISE,SHARP_RISE,0
NEXT_DISTINCT_PRIMARY,SHIFT60,B2,RISE,PULLBACK,20
NEXT_DISTINCT_PRIMARY,SHIFT60,B2,RISE,RANGE,0
NEXT_DISTINCT_PRIMARY,SHIFT60,B2,RISE,REBOUND,0
NEXT_DISTINCT_PRIMARY,SHIFT60,B2,RISE,SHARP_DROP,0
NEXT_DISTINCT_PRIMARY,SHIFT60,B2,RISE,DROP,40
NEXT_DISTINCT_PRIMARY,SHIFT60,B2,RISE,DROP_STOP,9
NEXT_DISTINCT_PRIMARY,SHIFT60,B2,SHARP_RISE,RISE_STOP,0
NEXT_DISTINCT_PRIMARY,SHIFT60,B2,SHARP_RISE,RISE,0
NEXT_DISTINCT_PRIMARY,SHIFT60,B2,SHARP_RISE,SHARP_RISE,0
NEXT_DISTINCT_PRIMARY,SHIFT60,B2,SHARP_RISE,PULLBACK,0
NEXT_DISTINCT_PRIMARY,SHIFT60,B2,SHARP_RISE,RANGE,0
NEXT_DISTINCT_PRIMARY,SHIFT60,B2,SHARP_RISE,REBOUND,0
NEXT_DISTINCT_PRIMARY,SHIFT60,B2,SHARP_RISE,SHARP_DROP,0
NEXT_DISTINCT_PRIMARY,SHIFT60,B2,SHARP_RISE,DROP,2
NEXT_DISTINCT_PRIMARY,SHIFT60,B2,SHARP_RISE,DROP_STOP,0
NEXT_DISTINCT_PRIMARY,SHIFT60,B2,PULLBACK,RISE_STOP,0
NEXT_DISTINCT_PRIMARY,SHIFT60,B2,PULLBACK,RISE,0
NEXT_DISTINCT_PRIMARY,SHIFT60,B2,PULLBACK,SHARP_RISE,0
NEXT_DISTINCT_PRIMARY,SHIFT60,B2,PULLBACK,PULLBACK,7
NEXT_DISTINCT_PRIMARY,SHIFT60,B2,PULLBACK,RANGE,0
NEXT_DISTINCT_PRIMARY,SHIFT60,B2,PULLBACK,REBOUND,0
NEXT_DISTINCT_PRIMARY,SHIFT60,B2,PULLBACK,SHARP_DROP,0
NEXT_DISTINCT_PRIMARY,SHIFT60,B2,PULLBACK,DROP,19
NEXT_DISTINCT_PRIMARY,SHIFT60,B2,PULLBACK,DROP_STOP,7
NEXT_DISTINCT_PRIMARY,SHIFT60,B2,RANGE,RISE_STOP,0
NEXT_DISTINCT_PRIMARY,SHIFT60,B2,RANGE,RISE,0
NEXT_DISTINCT_PRIMARY,SHIFT60,B2,RANGE,SHARP_RISE,0
NEXT_DISTINCT_PRIMARY,SHIFT60,B2,RANGE,PULLBACK,2
NEXT_DISTINCT_PRIMARY,SHIFT60,B2,RANGE,RANGE,0
NEXT_DISTINCT_PRIMARY,SHIFT60,B2,RANGE,REBOUND,0
NEXT_DISTINCT_PRIMARY,SHIFT60,B2,RANGE,SHARP_DROP,0
NEXT_DISTINCT_PRIMARY,SHIFT60,B2,RANGE,DROP,3
NEXT_DISTINCT_PRIMARY,SHIFT60,B2,RANGE,DROP_STOP,2
NEXT_DISTINCT_PRIMARY,SHIFT60,B2,REBOUND,RISE_STOP,0
NEXT_DISTINCT_PRIMARY,SHIFT60,B2,REBOUND,RISE,0
NEXT_DISTINCT_PRIMARY,SHIFT60,B2,REBOUND,SHARP_RISE,0
NEXT_DISTINCT_PRIMARY,SHIFT60,B2,REBOUND,PULLBACK,1
NEXT_DISTINCT_PRIMARY,SHIFT60,B2,REBOUND,RANGE,0
NEXT_DISTINCT_PRIMARY,SHIFT60,B2,REBOUND,REBOUND,0
NEXT_DISTINCT_PRIMARY,SHIFT60,B2,REBOUND,SHARP_DROP,0
NEXT_DISTINCT_PRIMARY,SHIFT60,B2,REBOUND,DROP,3
NEXT_DISTINCT_PRIMARY,SHIFT60,B2,REBOUND,DROP_STOP,1
NEXT_DISTINCT_PRIMARY,SHIFT60,B2,SHARP_DROP,RISE_STOP,0
NEXT_DISTINCT_PRIMARY,SHIFT60,B2,SHARP_DROP,RISE,0
NEXT_DISTINCT_PRIMARY,SHIFT60,B2,SHARP_DROP,SHARP_RISE,0
NEXT_DISTINCT_PRIMARY,SHIFT60,B2,SHARP_DROP,PULLBACK,0
NEXT_DISTINCT_PRIMARY,SHIFT60,B2,SHARP_DROP,RANGE,0
NEXT_DISTINCT_PRIMARY,SHIFT60,B2,SHARP_DROP,REBOUND,0
NEXT_DISTINCT_PRIMARY,SHIFT60,B2,SHARP_DROP,SHARP_DROP,0
NEXT_DISTINCT_PRIMARY,SHIFT60,B2,SHARP_DROP,DROP,3
NEXT_DISTINCT_PRIMARY,SHIFT60,B2,SHARP_DROP,DROP_STOP,0
NEXT_DISTINCT_PRIMARY,SHIFT60,B2,DROP,RISE_STOP,0
NEXT_DISTINCT_PRIMARY,SHIFT60,B2,DROP,RISE,0
NEXT_DISTINCT_PRIMARY,SHIFT60,B2,DROP,SHARP_RISE,0
NEXT_DISTINCT_PRIMARY,SHIFT60,B2,DROP,PULLBACK,0
NEXT_DISTINCT_PRIMARY,SHIFT60,B2,DROP,RANGE,0
NEXT_DISTINCT_PRIMARY,SHIFT60,B2,DROP,REBOUND,0
NEXT_DISTINCT_PRIMARY,SHIFT60,B2,DROP,SHARP_DROP,0
NEXT_DISTINCT_PRIMARY,SHIFT60,B2,DROP,DROP,6
NEXT_DISTINCT_PRIMARY,SHIFT60,B2,DROP,DROP_STOP,0
NEXT_DISTINCT_PRIMARY,SHIFT60,B2,DROP_STOP,RISE_STOP,0
NEXT_DISTINCT_PRIMARY,SHIFT60,B2,DROP_STOP,RISE,0
NEXT_DISTINCT_PRIMARY,SHIFT60,B2,DROP_STOP,SHARP_RISE,0
NEXT_DISTINCT_PRIMARY,SHIFT60,B2,DROP_STOP,PULLBACK,0
NEXT_DISTINCT_PRIMARY,SHIFT60,B2,DROP_STOP,RANGE,0
NEXT_DISTINCT_PRIMARY,SHIFT60,B2,DROP_STOP,REBOUND,0
NEXT_DISTINCT_PRIMARY,SHIFT60,B2,DROP_STOP,SHARP_DROP,0
NEXT_DISTINCT_PRIMARY,SHIFT60,B2,DROP_STOP,DROP,0
NEXT_DISTINCT_PRIMARY,SHIFT60,B2,DROP_STOP,DROP_STOP,0
NEXT_DISTINCT_PRIMARY,SHIFT60,B3,RISE_STOP,RISE_STOP,0
NEXT_DISTINCT_PRIMARY,SHIFT60,B3,RISE_STOP,RISE,0
NEXT_DISTINCT_PRIMARY,SHIFT60,B3,RISE_STOP,SHARP_RISE,0
NEXT_DISTINCT_PRIMARY,SHIFT60,B3,RISE_STOP,PULLBACK,0
NEXT_DISTINCT_PRIMARY,SHIFT60,B3,RISE_STOP,RANGE,0
NEXT_DISTINCT_PRIMARY,SHIFT60,B3,RISE_STOP,REBOUND,0
NEXT_DISTINCT_PRIMARY,SHIFT60,B3,RISE_STOP,SHARP_DROP,0
NEXT_DISTINCT_PRIMARY,SHIFT60,B3,RISE_STOP,DROP,0
NEXT_DISTINCT_PRIMARY,SHIFT60,B3,RISE_STOP,DROP_STOP,0
NEXT_DISTINCT_PRIMARY,SHIFT60,B3,RISE,RISE_STOP,0
NEXT_DISTINCT_PRIMARY,SHIFT60,B3,RISE,RISE,0
NEXT_DISTINCT_PRIMARY,SHIFT60,B3,RISE,SHARP_RISE,0
NEXT_DISTINCT_PRIMARY,SHIFT60,B3,RISE,PULLBACK,19
NEXT_DISTINCT_PRIMARY,SHIFT60,B3,RISE,RANGE,0
NEXT_DISTINCT_PRIMARY,SHIFT60,B3,RISE,REBOUND,0
NEXT_DISTINCT_PRIMARY,SHIFT60,B3,RISE,SHARP_DROP,0
NEXT_DISTINCT_PRIMARY,SHIFT60,B3,RISE,DROP,35
NEXT_DISTINCT_PRIMARY,SHIFT60,B3,RISE,DROP_STOP,15
NEXT_DISTINCT_PRIMARY,SHIFT60,B3,SHARP_RISE,RISE_STOP,0
NEXT_DISTINCT_PRIMARY,SHIFT60,B3,SHARP_RISE,RISE,0
NEXT_DISTINCT_PRIMARY,SHIFT60,B3,SHARP_RISE,SHARP_RISE,0
NEXT_DISTINCT_PRIMARY,SHIFT60,B3,SHARP_RISE,PULLBACK,0
NEXT_DISTINCT_PRIMARY,SHIFT60,B3,SHARP_RISE,RANGE,0
NEXT_DISTINCT_PRIMARY,SHIFT60,B3,SHARP_RISE,REBOUND,0
NEXT_DISTINCT_PRIMARY,SHIFT60,B3,SHARP_RISE,SHARP_DROP,0
NEXT_DISTINCT_PRIMARY,SHIFT60,B3,SHARP_RISE,DROP,2
NEXT_DISTINCT_PRIMARY,SHIFT60,B3,SHARP_RISE,DROP_STOP,0
NEXT_DISTINCT_PRIMARY,SHIFT60,B3,PULLBACK,RISE_STOP,0
NEXT_DISTINCT_PRIMARY,SHIFT60,B3,PULLBACK,RISE,1
NEXT_DISTINCT_PRIMARY,SHIFT60,B3,PULLBACK,SHARP_RISE,0
NEXT_DISTINCT_PRIMARY,SHIFT60,B3,PULLBACK,PULLBACK,5
NEXT_DISTINCT_PRIMARY,SHIFT60,B3,PULLBACK,RANGE,0
NEXT_DISTINCT_PRIMARY,SHIFT60,B3,PULLBACK,REBOUND,0
NEXT_DISTINCT_PRIMARY,SHIFT60,B3,PULLBACK,SHARP_DROP,0
NEXT_DISTINCT_PRIMARY,SHIFT60,B3,PULLBACK,DROP,20
NEXT_DISTINCT_PRIMARY,SHIFT60,B3,PULLBACK,DROP_STOP,7
NEXT_DISTINCT_PRIMARY,SHIFT60,B3,RANGE,RISE_STOP,0
NEXT_DISTINCT_PRIMARY,SHIFT60,B3,RANGE,RISE,0
NEXT_DISTINCT_PRIMARY,SHIFT60,B3,RANGE,SHARP_RISE,0
NEXT_DISTINCT_PRIMARY,SHIFT60,B3,RANGE,PULLBACK,1
NEXT_DISTINCT_PRIMARY,SHIFT60,B3,RANGE,RANGE,0
NEXT_DISTINCT_PRIMARY,SHIFT60,B3,RANGE,REBOUND,0
NEXT_DISTINCT_PRIMARY,SHIFT60,B3,RANGE,SHARP_DROP,0
NEXT_DISTINCT_PRIMARY,SHIFT60,B3,RANGE,DROP,4
NEXT_DISTINCT_PRIMARY,SHIFT60,B3,RANGE,DROP_STOP,2
NEXT_DISTINCT_PRIMARY,SHIFT60,B3,REBOUND,RISE_STOP,0
NEXT_DISTINCT_PRIMARY,SHIFT60,B3,REBOUND,RISE,0
NEXT_DISTINCT_PRIMARY,SHIFT60,B3,REBOUND,SHARP_RISE,0
NEXT_DISTINCT_PRIMARY,SHIFT60,B3,REBOUND,PULLBACK,1
NEXT_DISTINCT_PRIMARY,SHIFT60,B3,REBOUND,RANGE,0
NEXT_DISTINCT_PRIMARY,SHIFT60,B3,REBOUND,REBOUND,0
NEXT_DISTINCT_PRIMARY,SHIFT60,B3,REBOUND,SHARP_DROP,0
NEXT_DISTINCT_PRIMARY,SHIFT60,B3,REBOUND,DROP,3
NEXT_DISTINCT_PRIMARY,SHIFT60,B3,REBOUND,DROP_STOP,1
NEXT_DISTINCT_PRIMARY,SHIFT60,B3,SHARP_DROP,RISE_STOP,0
NEXT_DISTINCT_PRIMARY,SHIFT60,B3,SHARP_DROP,RISE,0
NEXT_DISTINCT_PRIMARY,SHIFT60,B3,SHARP_DROP,SHARP_RISE,0
NEXT_DISTINCT_PRIMARY,SHIFT60,B3,SHARP_DROP,PULLBACK,0
NEXT_DISTINCT_PRIMARY,SHIFT60,B3,SHARP_DROP,RANGE,0
NEXT_DISTINCT_PRIMARY,SHIFT60,B3,SHARP_DROP,REBOUND,0
NEXT_DISTINCT_PRIMARY,SHIFT60,B3,SHARP_DROP,SHARP_DROP,0
NEXT_DISTINCT_PRIMARY,SHIFT60,B3,SHARP_DROP,DROP,1
NEXT_DISTINCT_PRIMARY,SHIFT60,B3,SHARP_DROP,DROP_STOP,2
NEXT_DISTINCT_PRIMARY,SHIFT60,B3,DROP,RISE_STOP,0
NEXT_DISTINCT_PRIMARY,SHIFT60,B3,DROP,RISE,0
NEXT_DISTINCT_PRIMARY,SHIFT60,B3,DROP,SHARP_RISE,0
NEXT_DISTINCT_PRIMARY,SHIFT60,B3,DROP,PULLBACK,0
NEXT_DISTINCT_PRIMARY,SHIFT60,B3,DROP,RANGE,0
NEXT_DISTINCT_PRIMARY,SHIFT60,B3,DROP,REBOUND,0
NEXT_DISTINCT_PRIMARY,SHIFT60,B3,DROP,SHARP_DROP,0
NEXT_DISTINCT_PRIMARY,SHIFT60,B3,DROP,DROP,6
NEXT_DISTINCT_PRIMARY,SHIFT60,B3,DROP,DROP_STOP,0
NEXT_DISTINCT_PRIMARY,SHIFT60,B3,DROP_STOP,RISE_STOP,0
NEXT_DISTINCT_PRIMARY,SHIFT60,B3,DROP_STOP,RISE,0
NEXT_DISTINCT_PRIMARY,SHIFT60,B3,DROP_STOP,SHARP_RISE,0
NEXT_DISTINCT_PRIMARY,SHIFT60,B3,DROP_STOP,PULLBACK,0
NEXT_DISTINCT_PRIMARY,SHIFT60,B3,DROP_STOP,RANGE,0
NEXT_DISTINCT_PRIMARY,SHIFT60,B3,DROP_STOP,REBOUND,0
NEXT_DISTINCT_PRIMARY,SHIFT60,B3,DROP_STOP,SHARP_DROP,0
NEXT_DISTINCT_PRIMARY,SHIFT60,B3,DROP_STOP,DROP,0
NEXT_DISTINCT_PRIMARY,SHIFT60,B3,DROP_STOP,DROP_STOP,0
NEXT_OBSERVED_PRIMARY,REAL,B0,RISE_STOP,RISE_STOP,0
NEXT_OBSERVED_PRIMARY,REAL,B0,RISE_STOP,RISE,0
NEXT_OBSERVED_PRIMARY,REAL,B0,RISE_STOP,SHARP_RISE,0
NEXT_OBSERVED_PRIMARY,REAL,B0,RISE_STOP,PULLBACK,0
NEXT_OBSERVED_PRIMARY,REAL,B0,RISE_STOP,RANGE,0
NEXT_OBSERVED_PRIMARY,REAL,B0,RISE_STOP,REBOUND,0
NEXT_OBSERVED_PRIMARY,REAL,B0,RISE_STOP,SHARP_DROP,0
NEXT_OBSERVED_PRIMARY,REAL,B0,RISE_STOP,DROP,35
NEXT_OBSERVED_PRIMARY,REAL,B0,RISE_STOP,DROP_STOP,0
NEXT_OBSERVED_PRIMARY,REAL,B0,RISE,RISE_STOP,0
NEXT_OBSERVED_PRIMARY,REAL,B0,RISE,RISE,0
NEXT_OBSERVED_PRIMARY,REAL,B0,RISE,SHARP_RISE,0
NEXT_OBSERVED_PRIMARY,REAL,B0,RISE,PULLBACK,0
NEXT_OBSERVED_PRIMARY,REAL,B0,RISE,RANGE,0
NEXT_OBSERVED_PRIMARY,REAL,B0,RISE,REBOUND,0
NEXT_OBSERVED_PRIMARY,REAL,B0,RISE,SHARP_DROP,0
NEXT_OBSERVED_PRIMARY,REAL,B0,RISE,DROP,518
NEXT_OBSERVED_PRIMARY,REAL,B0,RISE,DROP_STOP,0
NEXT_OBSERVED_PRIMARY,REAL,B0,SHARP_RISE,RISE_STOP,0
NEXT_OBSERVED_PRIMARY,REAL,B0,SHARP_RISE,RISE,0
NEXT_OBSERVED_PRIMARY,REAL,B0,SHARP_RISE,SHARP_RISE,0
NEXT_OBSERVED_PRIMARY,REAL,B0,SHARP_RISE,PULLBACK,0
NEXT_OBSERVED_PRIMARY,REAL,B0,SHARP_RISE,RANGE,0
NEXT_OBSERVED_PRIMARY,REAL,B0,SHARP_RISE,REBOUND,0
NEXT_OBSERVED_PRIMARY,REAL,B0,SHARP_RISE,SHARP_DROP,0
NEXT_OBSERVED_PRIMARY,REAL,B0,SHARP_RISE,DROP,33
NEXT_OBSERVED_PRIMARY,REAL,B0,SHARP_RISE,DROP_STOP,0
NEXT_OBSERVED_PRIMARY,REAL,B0,PULLBACK,RISE_STOP,0
NEXT_OBSERVED_PRIMARY,REAL,B0,PULLBACK,RISE,0
NEXT_OBSERVED_PRIMARY,REAL,B0,PULLBACK,SHARP_RISE,0
NEXT_OBSERVED_PRIMARY,REAL,B0,PULLBACK,PULLBACK,0
NEXT_OBSERVED_PRIMARY,REAL,B0,PULLBACK,RANGE,0
NEXT_OBSERVED_PRIMARY,REAL,B0,PULLBACK,REBOUND,0
NEXT_OBSERVED_PRIMARY,REAL,B0,PULLBACK,SHARP_DROP,0
NEXT_OBSERVED_PRIMARY,REAL,B0,PULLBACK,DROP,195
NEXT_OBSERVED_PRIMARY,REAL,B0,PULLBACK,DROP_STOP,0
NEXT_OBSERVED_PRIMARY,REAL,B0,RANGE,RISE_STOP,0
NEXT_OBSERVED_PRIMARY,REAL,B0,RANGE,RISE,0
NEXT_OBSERVED_PRIMARY,REAL,B0,RANGE,SHARP_RISE,0
NEXT_OBSERVED_PRIMARY,REAL,B0,RANGE,PULLBACK,0
NEXT_OBSERVED_PRIMARY,REAL,B0,RANGE,RANGE,0
NEXT_OBSERVED_PRIMARY,REAL,B0,RANGE,REBOUND,0
NEXT_OBSERVED_PRIMARY,REAL,B0,RANGE,SHARP_DROP,0
NEXT_OBSERVED_PRIMARY,REAL,B0,RANGE,DROP,255
NEXT_OBSERVED_PRIMARY,REAL,B0,RANGE,DROP_STOP,0
NEXT_OBSERVED_PRIMARY,REAL,B0,REBOUND,RISE_STOP,0
NEXT_OBSERVED_PRIMARY,REAL,B0,REBOUND,RISE,0
NEXT_OBSERVED_PRIMARY,REAL,B0,REBOUND,SHARP_RISE,0
NEXT_OBSERVED_PRIMARY,REAL,B0,REBOUND,PULLBACK,0
NEXT_OBSERVED_PRIMARY,REAL,B0,REBOUND,RANGE,0
NEXT_OBSERVED_PRIMARY,REAL,B0,REBOUND,REBOUND,0
NEXT_OBSERVED_PRIMARY,REAL,B0,REBOUND,SHARP_DROP,0
NEXT_OBSERVED_PRIMARY,REAL,B0,REBOUND,DROP,173
NEXT_OBSERVED_PRIMARY,REAL,B0,REBOUND,DROP_STOP,0
NEXT_OBSERVED_PRIMARY,REAL,B0,SHARP_DROP,RISE_STOP,0
NEXT_OBSERVED_PRIMARY,REAL,B0,SHARP_DROP,RISE,0
NEXT_OBSERVED_PRIMARY,REAL,B0,SHARP_DROP,SHARP_RISE,0
NEXT_OBSERVED_PRIMARY,REAL,B0,SHARP_DROP,PULLBACK,0
NEXT_OBSERVED_PRIMARY,REAL,B0,SHARP_DROP,RANGE,0
NEXT_OBSERVED_PRIMARY,REAL,B0,SHARP_DROP,REBOUND,0
NEXT_OBSERVED_PRIMARY,REAL,B0,SHARP_DROP,SHARP_DROP,0
NEXT_OBSERVED_PRIMARY,REAL,B0,SHARP_DROP,DROP,34
NEXT_OBSERVED_PRIMARY,REAL,B0,SHARP_DROP,DROP_STOP,0
NEXT_OBSERVED_PRIMARY,REAL,B0,DROP,RISE_STOP,0
NEXT_OBSERVED_PRIMARY,REAL,B0,DROP,RISE,0
NEXT_OBSERVED_PRIMARY,REAL,B0,DROP,SHARP_RISE,0
NEXT_OBSERVED_PRIMARY,REAL,B0,DROP,PULLBACK,0
NEXT_OBSERVED_PRIMARY,REAL,B0,DROP,RANGE,0
NEXT_OBSERVED_PRIMARY,REAL,B0,DROP,REBOUND,0
NEXT_OBSERVED_PRIMARY,REAL,B0,DROP,SHARP_DROP,0
NEXT_OBSERVED_PRIMARY,REAL,B0,DROP,DROP,491
NEXT_OBSERVED_PRIMARY,REAL,B0,DROP,DROP_STOP,0
NEXT_OBSERVED_PRIMARY,REAL,B0,DROP_STOP,RISE_STOP,0
NEXT_OBSERVED_PRIMARY,REAL,B0,DROP_STOP,RISE,0
NEXT_OBSERVED_PRIMARY,REAL,B0,DROP_STOP,SHARP_RISE,0
NEXT_OBSERVED_PRIMARY,REAL,B0,DROP_STOP,PULLBACK,0
NEXT_OBSERVED_PRIMARY,REAL,B0,DROP_STOP,RANGE,0
NEXT_OBSERVED_PRIMARY,REAL,B0,DROP_STOP,REBOUND,0
NEXT_OBSERVED_PRIMARY,REAL,B0,DROP_STOP,SHARP_DROP,0
NEXT_OBSERVED_PRIMARY,REAL,B0,DROP_STOP,DROP,17
NEXT_OBSERVED_PRIMARY,REAL,B0,DROP_STOP,DROP_STOP,0
NEXT_OBSERVED_PRIMARY,REAL,B1,RISE_STOP,RISE_STOP,18
NEXT_OBSERVED_PRIMARY,REAL,B1,RISE_STOP,RISE,17
NEXT_OBSERVED_PRIMARY,REAL,B1,RISE_STOP,SHARP_RISE,0
NEXT_OBSERVED_PRIMARY,REAL,B1,RISE_STOP,PULLBACK,0
NEXT_OBSERVED_PRIMARY,REAL,B1,RISE_STOP,RANGE,0
NEXT_OBSERVED_PRIMARY,REAL,B1,RISE_STOP,REBOUND,0
NEXT_OBSERVED_PRIMARY,REAL,B1,RISE_STOP,SHARP_DROP,0
NEXT_OBSERVED_PRIMARY,REAL,B1,RISE_STOP,DROP,0
NEXT_OBSERVED_PRIMARY,REAL,B1,RISE_STOP,DROP_STOP,0
NEXT_OBSERVED_PRIMARY,REAL,B1,RISE,RISE_STOP,5
NEXT_OBSERVED_PRIMARY,REAL,B1,RISE,RISE,364
NEXT_OBSERVED_PRIMARY,REAL,B1,RISE,SHARP_RISE,2
NEXT_OBSERVED_PRIMARY,REAL,B1,RISE,PULLBACK,50
NEXT_OBSERVED_PRIMARY,REAL,B1,RISE,RANGE,10
NEXT_OBSERVED_PRIMARY,REAL,B1,RISE,REBOUND,7
NEXT_OBSERVED_PRIMARY,REAL,B1,RISE,SHARP_DROP,0
NEXT_OBSERVED_PRIMARY,REAL,B1,RISE,DROP,80
NEXT_OBSERVED_PRIMARY,REAL,B1,RISE,DROP_STOP,0
NEXT_OBSERVED_PRIMARY,REAL,B1,SHARP_RISE,RISE_STOP,0
NEXT_OBSERVED_PRIMARY,REAL,B1,SHARP_RISE,RISE,13
NEXT_OBSERVED_PRIMARY,REAL,B1,SHARP_RISE,SHARP_RISE,10
NEXT_OBSERVED_PRIMARY,REAL,B1,SHARP_RISE,PULLBACK,0
NEXT_OBSERVED_PRIMARY,REAL,B1,SHARP_RISE,RANGE,0
NEXT_OBSERVED_PRIMARY,REAL,B1,SHARP_RISE,REBOUND,3
NEXT_OBSERVED_PRIMARY,REAL,B1,SHARP_RISE,SHARP_DROP,0
NEXT_OBSERVED_PRIMARY,REAL,B1,SHARP_RISE,DROP,7
NEXT_OBSERVED_PRIMARY,REAL,B1,SHARP_RISE,DROP_STOP,0
NEXT_OBSERVED_PRIMARY,REAL,B1,PULLBACK,RISE_STOP,0
NEXT_OBSERVED_PRIMARY,REAL,B1,PULLBACK,RISE,66
NEXT_OBSERVED_PRIMARY,REAL,B1,PULLBACK,SHARP_RISE,5
NEXT_OBSERVED_PRIMARY,REAL,B1,PULLBACK,PULLBACK,117
NEXT_OBSERVED_PRIMARY,REAL,B1,PULLBACK,RANGE,0
NEXT_OBSERVED_PRIMARY,REAL,B1,PULLBACK,REBOUND,0
NEXT_OBSERVED_PRIMARY,REAL,B1,PULLBACK,SHARP_DROP,0
NEXT_OBSERVED_PRIMARY,REAL,B1,PULLBACK,DROP,7
NEXT_OBSERVED_PRIMARY,REAL,B1,PULLBACK,DROP_STOP,0
NEXT_OBSERVED_PRIMARY,REAL,B1,RANGE,RISE_STOP,2
NEXT_OBSERVED_PRIMARY,REAL,B1,RANGE,RISE,13
NEXT_OBSERVED_PRIMARY,REAL,B1,RANGE,SHARP_RISE,0
NEXT_OBSERVED_PRIMARY,REAL,B1,RANGE,PULLBACK,8
NEXT_OBSERVED_PRIMARY,REAL,B1,RANGE,RANGE,213
NEXT_OBSERVED_PRIMARY,REAL,B1,RANGE,REBOUND,5
NEXT_OBSERVED_PRIMARY,REAL,B1,RANGE,SHARP_DROP,0
NEXT_OBSERVED_PRIMARY,REAL,B1,RANGE,DROP,14
NEXT_OBSERVED_PRIMARY,REAL,B1,RANGE,DROP_STOP,0
NEXT_OBSERVED_PRIMARY,REAL,B1,REBOUND,RISE_STOP,0
NEXT_OBSERVED_PRIMARY,REAL,B1,REBOUND,RISE,0
NEXT_OBSERVED_PRIMARY,REAL,B1,REBOUND,SHARP_RISE,0
NEXT_OBSERVED_PRIMARY,REAL,B1,REBOUND,PULLBACK,0
NEXT_OBSERVED_PRIMARY,REAL,B1,REBOUND,RANGE,0
NEXT_OBSERVED_PRIMARY,REAL,B1,REBOUND,REBOUND,103
NEXT_OBSERVED_PRIMARY,REAL,B1,REBOUND,SHARP_DROP,8
NEXT_OBSERVED_PRIMARY,REAL,B1,REBOUND,DROP,62
NEXT_OBSERVED_PRIMARY,REAL,B1,REBOUND,DROP_STOP,0
NEXT_OBSERVED_PRIMARY,REAL,B1,SHARP_DROP,RISE_STOP,0
NEXT_OBSERVED_PRIMARY,REAL,B1,SHARP_DROP,RISE,0
NEXT_OBSERVED_PRIMARY,REAL,B1,SHARP_DROP,SHARP_RISE,0
NEXT_OBSERVED_PRIMARY,REAL,B1,SHARP_DROP,PULLBACK,0
NEXT_OBSERVED_PRIMARY,REAL,B1,SHARP_DROP,RANGE,2
NEXT_OBSERVED_PRIMARY,REAL,B1,SHARP_DROP,REBOUND,0
NEXT_OBSERVED_PRIMARY,REAL,B1,SHARP_DROP,SHARP_DROP,13
NEXT_OBSERVED_PRIMARY,REAL,B1,SHARP_DROP,DROP,19
NEXT_OBSERVED_PRIMARY,REAL,B1,SHARP_DROP,DROP_STOP,0
NEXT_OBSERVED_PRIMARY,REAL,B1,DROP,RISE_STOP,3
NEXT_OBSERVED_PRIMARY,REAL,B1,DROP,RISE,86
NEXT_OBSERVED_PRIMARY,REAL,B1,DROP,SHARP_RISE,0
NEXT_OBSERVED_PRIMARY,REAL,B1,DROP,PULLBACK,1
NEXT_OBSERVED_PRIMARY,REAL,B1,DROP,RANGE,12
NEXT_OBSERVED_PRIMARY,REAL,B1,DROP,REBOUND,39
NEXT_OBSERVED_PRIMARY,REAL,B1,DROP,SHARP_DROP,2
NEXT_OBSERVED_PRIMARY,REAL,B1,DROP,DROP,348
NEXT_OBSERVED_PRIMARY,REAL,B1,DROP,DROP_STOP,0
NEXT_OBSERVED_PRIMARY,REAL,B1,DROP_STOP,RISE_STOP,0
NEXT_OBSERVED_PRIMARY,REAL,B1,DROP_STOP,RISE,0
NEXT_OBSERVED_PRIMARY,REAL,B1,DROP_STOP,SHARP_RISE,0
NEXT_OBSERVED_PRIMARY,REAL,B1,DROP_STOP,PULLBACK,1
NEXT_OBSERVED_PRIMARY,REAL,B1,DROP_STOP,RANGE,0
NEXT_OBSERVED_PRIMARY,REAL,B1,DROP_STOP,REBOUND,0
NEXT_OBSERVED_PRIMARY,REAL,B1,DROP_STOP,SHARP_DROP,0
NEXT_OBSERVED_PRIMARY,REAL,B1,DROP_STOP,DROP,14
NEXT_OBSERVED_PRIMARY,REAL,B1,DROP_STOP,DROP_STOP,2
NEXT_OBSERVED_PRIMARY,REAL,B2,RISE_STOP,RISE_STOP,1
NEXT_OBSERVED_PRIMARY,REAL,B2,RISE_STOP,RISE,27
NEXT_OBSERVED_PRIMARY,REAL,B2,RISE_STOP,SHARP_RISE,0
NEXT_OBSERVED_PRIMARY,REAL,B2,RISE_STOP,PULLBACK,0
NEXT_OBSERVED_PRIMARY,REAL,B2,RISE_STOP,RANGE,5
NEXT_OBSERVED_PRIMARY,REAL,B2,RISE_STOP,REBOUND,0
NEXT_OBSERVED_PRIMARY,REAL,B2,RISE_STOP,SHARP_DROP,0
NEXT_OBSERVED_PRIMARY,REAL,B2,RISE_STOP,DROP,2
NEXT_OBSERVED_PRIMARY,REAL,B2,RISE_STOP,DROP_STOP,0
NEXT_OBSERVED_PRIMARY,REAL,B2,RISE,RISE_STOP,1
NEXT_OBSERVED_PRIMARY,REAL,B2,RISE,RISE,302
NEXT_OBSERVED_PRIMARY,REAL,B2,RISE,SHARP_RISE,2
NEXT_OBSERVED_PRIMARY,REAL,B2,RISE,PULLBACK,37
NEXT_OBSERVED_PRIMARY,REAL,B2,RISE,RANGE,12
NEXT_OBSERVED_PRIMARY,REAL,B2,RISE,REBOUND,7
NEXT_OBSERVED_PRIMARY,REAL,B2,RISE,SHARP_DROP,0
NEXT_OBSERVED_PRIMARY,REAL,B2,RISE,DROP,157
NEXT_OBSERVED_PRIMARY,REAL,B2,RISE,DROP_STOP,0
NEXT_OBSERVED_PRIMARY,REAL,B2,SHARP_RISE,RISE_STOP,0
NEXT_OBSERVED_PRIMARY,REAL,B2,SHARP_RISE,RISE,20
NEXT_OBSERVED_PRIMARY,REAL,B2,SHARP_RISE,SHARP_RISE,10
NEXT_OBSERVED_PRIMARY,REAL,B2,SHARP_RISE,PULLBACK,0
NEXT_OBSERVED_PRIMARY,REAL,B2,SHARP_RISE,RANGE,0
NEXT_OBSERVED_PRIMARY,REAL,B2,SHARP_RISE,REBOUND,3
NEXT_OBSERVED_PRIMARY,REAL,B2,SHARP_RISE,SHARP_DROP,0
NEXT_OBSERVED_PRIMARY,REAL,B2,SHARP_RISE,DROP,0
NEXT_OBSERVED_PRIMARY,REAL,B2,SHARP_RISE,DROP_STOP,0
NEXT_OBSERVED_PRIMARY,REAL,B2,PULLBACK,RISE_STOP,0
NEXT_OBSERVED_PRIMARY,REAL,B2,PULLBACK,RISE,82
NEXT_OBSERVED_PRIMARY,REAL,B2,PULLBACK,SHARP_RISE,3
NEXT_OBSERVED_PRIMARY,REAL,B2,PULLBACK,PULLBACK,88
NEXT_OBSERVED_PRIMARY,REAL,B2,PULLBACK,RANGE,0
NEXT_OBSERVED_PRIMARY,REAL,B2,PULLBACK,REBOUND,0
NEXT_OBSERVED_PRIMARY,REAL,B2,PULLBACK,SHARP_DROP,0
NEXT_OBSERVED_PRIMARY,REAL,B2,PULLBACK,DROP,22
NEXT_OBSERVED_PRIMARY,REAL,B2,PULLBACK,DROP_STOP,0
NEXT_OBSERVED_PRIMARY,REAL,B2,RANGE,RISE_STOP,1
NEXT_OBSERVED_PRIMARY,REAL,B2,RANGE,RISE,14
NEXT_OBSERVED_PRIMARY,REAL,B2,RANGE,SHARP_RISE,0
NEXT_OBSERVED_PRIMARY,REAL,B2,RANGE,PULLBACK,6
NEXT_OBSERVED_PRIMARY,REAL,B2,RANGE,RANGE,215
NEXT_OBSERVED_PRIMARY,REAL,B2,RANGE,REBOUND,4
NEXT_OBSERVED_PRIMARY,REAL,B2,RANGE,SHARP_DROP,0
NEXT_OBSERVED_PRIMARY,REAL,B2,RANGE,DROP,15
NEXT_OBSERVED_PRIMARY,REAL,B2,RANGE,DROP_STOP,0
NEXT_OBSERVED_PRIMARY,REAL,B2,REBOUND,RISE_STOP,0
NEXT_OBSERVED_PRIMARY,REAL,B2,REBOUND,RISE,0
NEXT_OBSERVED_PRIMARY,REAL,B2,REBOUND,SHARP_RISE,0
NEXT_OBSERVED_PRIMARY,REAL,B2,REBOUND,PULLBACK,0
NEXT_OBSERVED_PRIMARY,REAL,B2,REBOUND,RANGE,0
NEXT_OBSERVED_PRIMARY,REAL,B2,REBOUND,REBOUND,101
NEXT_OBSERVED_PRIMARY,REAL,B2,REBOUND,SHARP_DROP,8
NEXT_OBSERVED_PRIMARY,REAL,B2,REBOUND,DROP,64
NEXT_OBSERVED_PRIMARY,REAL,B2,REBOUND,DROP_STOP,0
NEXT_OBSERVED_PRIMARY,REAL,B2,SHARP_DROP,RISE_STOP,0
NEXT_OBSERVED_PRIMARY,REAL,B2,SHARP_DROP,RISE,0
NEXT_OBSERVED_PRIMARY,REAL,B2,SHARP_DROP,SHARP_RISE,0
NEXT_OBSERVED_PRIMARY,REAL,B2,SHARP_DROP,PULLBACK,0
NEXT_OBSERVED_PRIMARY,REAL,B2,SHARP_DROP,RANGE,2
NEXT_OBSERVED_PRIMARY,REAL,B2,SHARP_DROP,REBOUND,0
NEXT_OBSERVED_PRIMARY,REAL,B2,SHARP_DROP,SHARP_DROP,13
NEXT_OBSERVED_PRIMARY,REAL,B2,SHARP_DROP,DROP,19
NEXT_OBSERVED_PRIMARY,REAL,B2,SHARP_DROP,DROP_STOP,0
NEXT_OBSERVED_PRIMARY,REAL,B2,DROP,RISE_STOP,0
NEXT_OBSERVED_PRIMARY,REAL,B2,DROP,RISE,66
NEXT_OBSERVED_PRIMARY,REAL,B2,DROP,SHARP_RISE,0
NEXT_OBSERVED_PRIMARY,REAL,B2,DROP,PULLBACK,1
NEXT_OBSERVED_PRIMARY,REAL,B2,DROP,RANGE,13
NEXT_OBSERVED_PRIMARY,REAL,B2,DROP,REBOUND,37
NEXT_OBSERVED_PRIMARY,REAL,B2,DROP,SHARP_DROP,2
NEXT_OBSERVED_PRIMARY,REAL,B2,DROP,DROP,372
NEXT_OBSERVED_PRIMARY,REAL,B2,DROP,DROP_STOP,0
NEXT_OBSERVED_PRIMARY,REAL,B2,DROP_STOP,RISE_STOP,0
NEXT_OBSERVED_PRIMARY,REAL,B2,DROP_STOP,RISE,0
NEXT_OBSERVED_PRIMARY,REAL,B2,DROP_STOP,SHARP_RISE,0
NEXT_OBSERVED_PRIMARY,REAL,B2,DROP_STOP,PULLBACK,1
NEXT_OBSERVED_PRIMARY,REAL,B2,DROP_STOP,RANGE,0
NEXT_OBSERVED_PRIMARY,REAL,B2,DROP_STOP,REBOUND,0
NEXT_OBSERVED_PRIMARY,REAL,B2,DROP_STOP,SHARP_DROP,0
NEXT_OBSERVED_PRIMARY,REAL,B2,DROP_STOP,DROP,14
NEXT_OBSERVED_PRIMARY,REAL,B2,DROP_STOP,DROP_STOP,2
NEXT_OBSERVED_PRIMARY,REAL,B3,RISE_STOP,RISE_STOP,1
NEXT_OBSERVED_PRIMARY,REAL,B3,RISE_STOP,RISE,25
NEXT_OBSERVED_PRIMARY,REAL,B3,RISE_STOP,SHARP_RISE,0
NEXT_OBSERVED_PRIMARY,REAL,B3,RISE_STOP,PULLBACK,0
NEXT_OBSERVED_PRIMARY,REAL,B3,RISE_STOP,RANGE,6
NEXT_OBSERVED_PRIMARY,REAL,B3,RISE_STOP,REBOUND,0
NEXT_OBSERVED_PRIMARY,REAL,B3,RISE_STOP,SHARP_DROP,0
NEXT_OBSERVED_PRIMARY,REAL,B3,RISE_STOP,DROP,3
NEXT_OBSERVED_PRIMARY,REAL,B3,RISE_STOP,DROP_STOP,0
NEXT_OBSERVED_PRIMARY,REAL,B3,RISE,RISE_STOP,1
NEXT_OBSERVED_PRIMARY,REAL,B3,RISE,RISE,300
NEXT_OBSERVED_PRIMARY,REAL,B3,RISE,SHARP_RISE,2
NEXT_OBSERVED_PRIMARY,REAL,B3,RISE,PULLBACK,39
NEXT_OBSERVED_PRIMARY,REAL,B3,RISE,RANGE,12
NEXT_OBSERVED_PRIMARY,REAL,B3,RISE,REBOUND,7
NEXT_OBSERVED_PRIMARY,REAL,B3,RISE,SHARP_DROP,0
NEXT_OBSERVED_PRIMARY,REAL,B3,RISE,DROP,157
NEXT_OBSERVED_PRIMARY,REAL,B3,RISE,DROP_STOP,0
NEXT_OBSERVED_PRIMARY,REAL,B3,SHARP_RISE,RISE_STOP,0
NEXT_OBSERVED_PRIMARY,REAL,B3,SHARP_RISE,RISE,20
NEXT_OBSERVED_PRIMARY,REAL,B3,SHARP_RISE,SHARP_RISE,10
NEXT_OBSERVED_PRIMARY,REAL,B3,SHARP_RISE,PULLBACK,0
NEXT_OBSERVED_PRIMARY,REAL,B3,SHARP_RISE,RANGE,0
NEXT_OBSERVED_PRIMARY,REAL,B3,SHARP_RISE,REBOUND,3
NEXT_OBSERVED_PRIMARY,REAL,B3,SHARP_RISE,SHARP_DROP,0
NEXT_OBSERVED_PRIMARY,REAL,B3,SHARP_RISE,DROP,0
NEXT_OBSERVED_PRIMARY,REAL,B3,SHARP_RISE,DROP_STOP,0
NEXT_OBSERVED_PRIMARY,REAL,B3,PULLBACK,RISE_STOP,0
NEXT_OBSERVED_PRIMARY,REAL,B3,PULLBACK,RISE,76
NEXT_OBSERVED_PRIMARY,REAL,B3,PULLBACK,SHARP_RISE,4
NEXT_OBSERVED_PRIMARY,REAL,B3,PULLBACK,PULLBACK,96
NEXT_OBSERVED_PRIMARY,REAL,B3,PULLBACK,RANGE,0
NEXT_OBSERVED_PRIMARY,REAL,B3,PULLBACK,REBOUND,0
NEXT_OBSERVED_PRIMARY,REAL,B3,PULLBACK,SHARP_DROP,0
NEXT_OBSERVED_PRIMARY,REAL,B3,PULLBACK,DROP,19
NEXT_OBSERVED_PRIMARY,REAL,B3,PULLBACK,DROP_STOP,0
NEXT_OBSERVED_PRIMARY,REAL,B3,RANGE,RISE_STOP,1
NEXT_OBSERVED_PRIMARY,REAL,B3,RANGE,RISE,13
NEXT_OBSERVED_PRIMARY,REAL,B3,RANGE,SHARP_RISE,0
NEXT_OBSERVED_PRIMARY,REAL,B3,RANGE,PULLBACK,8
NEXT_OBSERVED_PRIMARY,REAL,B3,RANGE,RANGE,214
NEXT_OBSERVED_PRIMARY,REAL,B3,RANGE,REBOUND,5
NEXT_OBSERVED_PRIMARY,REAL,B3,RANGE,SHARP_DROP,0
NEXT_OBSERVED_PRIMARY,REAL,B3,RANGE,DROP,14
NEXT_OBSERVED_PRIMARY,REAL,B3,RANGE,DROP_STOP,0
NEXT_OBSERVED_PRIMARY,REAL,B3,REBOUND,RISE_STOP,0
NEXT_OBSERVED_PRIMARY,REAL,B3,REBOUND,RISE,0
NEXT_OBSERVED_PRIMARY,REAL,B3,REBOUND,SHARP_RISE,0
NEXT_OBSERVED_PRIMARY,REAL,B3,REBOUND,PULLBACK,0
NEXT_OBSERVED_PRIMARY,REAL,B3,REBOUND,RANGE,0
NEXT_OBSERVED_PRIMARY,REAL,B3,REBOUND,REBOUND,103
NEXT_OBSERVED_PRIMARY,REAL,B3,REBOUND,SHARP_DROP,8
NEXT_OBSERVED_PRIMARY,REAL,B3,REBOUND,DROP,62
NEXT_OBSERVED_PRIMARY,REAL,B3,REBOUND,DROP_STOP,0
NEXT_OBSERVED_PRIMARY,REAL,B3,SHARP_DROP,RISE_STOP,0
NEXT_OBSERVED_PRIMARY,REAL,B3,SHARP_DROP,RISE,0
NEXT_OBSERVED_PRIMARY,REAL,B3,SHARP_DROP,SHARP_RISE,0
NEXT_OBSERVED_PRIMARY,REAL,B3,SHARP_DROP,PULLBACK,0
NEXT_OBSERVED_PRIMARY,REAL,B3,SHARP_DROP,RANGE,2
NEXT_OBSERVED_PRIMARY,REAL,B3,SHARP_DROP,REBOUND,0
NEXT_OBSERVED_PRIMARY,REAL,B3,SHARP_DROP,SHARP_DROP,13
NEXT_OBSERVED_PRIMARY,REAL,B3,SHARP_DROP,DROP,19
NEXT_OBSERVED_PRIMARY,REAL,B3,SHARP_DROP,DROP_STOP,0
NEXT_OBSERVED_PRIMARY,REAL,B3,DROP,RISE_STOP,0
NEXT_OBSERVED_PRIMARY,REAL,B3,DROP,RISE,63
NEXT_OBSERVED_PRIMARY,REAL,B3,DROP,SHARP_RISE,0
NEXT_OBSERVED_PRIMARY,REAL,B3,DROP,PULLBACK,1
NEXT_OBSERVED_PRIMARY,REAL,B3,DROP,RANGE,13
NEXT_OBSERVED_PRIMARY,REAL,B3,DROP,REBOUND,37
NEXT_OBSERVED_PRIMARY,REAL,B3,DROP,SHARP_DROP,2
NEXT_OBSERVED_PRIMARY,REAL,B3,DROP,DROP,375
NEXT_OBSERVED_PRIMARY,REAL,B3,DROP,DROP_STOP,0
NEXT_OBSERVED_PRIMARY,REAL,B3,DROP_STOP,RISE_STOP,0
NEXT_OBSERVED_PRIMARY,REAL,B3,DROP_STOP,RISE,0
NEXT_OBSERVED_PRIMARY,REAL,B3,DROP_STOP,SHARP_RISE,0
NEXT_OBSERVED_PRIMARY,REAL,B3,DROP_STOP,PULLBACK,1
NEXT_OBSERVED_PRIMARY,REAL,B3,DROP_STOP,RANGE,0
NEXT_OBSERVED_PRIMARY,REAL,B3,DROP_STOP,REBOUND,0
NEXT_OBSERVED_PRIMARY,REAL,B3,DROP_STOP,SHARP_DROP,0
NEXT_OBSERVED_PRIMARY,REAL,B3,DROP_STOP,DROP,14
NEXT_OBSERVED_PRIMARY,REAL,B3,DROP_STOP,DROP_STOP,2
NEXT_OBSERVED_PRIMARY,TRUE_NULL,B0,RISE_STOP,RISE_STOP,0
NEXT_OBSERVED_PRIMARY,TRUE_NULL,B0,RISE_STOP,RISE,0
NEXT_OBSERVED_PRIMARY,TRUE_NULL,B0,RISE_STOP,SHARP_RISE,0
NEXT_OBSERVED_PRIMARY,TRUE_NULL,B0,RISE_STOP,PULLBACK,0
NEXT_OBSERVED_PRIMARY,TRUE_NULL,B0,RISE_STOP,RANGE,0
NEXT_OBSERVED_PRIMARY,TRUE_NULL,B0,RISE_STOP,REBOUND,0
NEXT_OBSERVED_PRIMARY,TRUE_NULL,B0,RISE_STOP,SHARP_DROP,0
NEXT_OBSERVED_PRIMARY,TRUE_NULL,B0,RISE_STOP,DROP,35
NEXT_OBSERVED_PRIMARY,TRUE_NULL,B0,RISE_STOP,DROP_STOP,0
NEXT_OBSERVED_PRIMARY,TRUE_NULL,B0,RISE,RISE_STOP,0
NEXT_OBSERVED_PRIMARY,TRUE_NULL,B0,RISE,RISE,0
NEXT_OBSERVED_PRIMARY,TRUE_NULL,B0,RISE,SHARP_RISE,0
NEXT_OBSERVED_PRIMARY,TRUE_NULL,B0,RISE,PULLBACK,0
NEXT_OBSERVED_PRIMARY,TRUE_NULL,B0,RISE,RANGE,0
NEXT_OBSERVED_PRIMARY,TRUE_NULL,B0,RISE,REBOUND,0
NEXT_OBSERVED_PRIMARY,TRUE_NULL,B0,RISE,SHARP_DROP,0
NEXT_OBSERVED_PRIMARY,TRUE_NULL,B0,RISE,DROP,518
NEXT_OBSERVED_PRIMARY,TRUE_NULL,B0,RISE,DROP_STOP,0
NEXT_OBSERVED_PRIMARY,TRUE_NULL,B0,SHARP_RISE,RISE_STOP,0
NEXT_OBSERVED_PRIMARY,TRUE_NULL,B0,SHARP_RISE,RISE,0
NEXT_OBSERVED_PRIMARY,TRUE_NULL,B0,SHARP_RISE,SHARP_RISE,0
NEXT_OBSERVED_PRIMARY,TRUE_NULL,B0,SHARP_RISE,PULLBACK,0
NEXT_OBSERVED_PRIMARY,TRUE_NULL,B0,SHARP_RISE,RANGE,0
NEXT_OBSERVED_PRIMARY,TRUE_NULL,B0,SHARP_RISE,REBOUND,0
NEXT_OBSERVED_PRIMARY,TRUE_NULL,B0,SHARP_RISE,SHARP_DROP,0
NEXT_OBSERVED_PRIMARY,TRUE_NULL,B0,SHARP_RISE,DROP,33
NEXT_OBSERVED_PRIMARY,TRUE_NULL,B0,SHARP_RISE,DROP_STOP,0
NEXT_OBSERVED_PRIMARY,TRUE_NULL,B0,PULLBACK,RISE_STOP,0
NEXT_OBSERVED_PRIMARY,TRUE_NULL,B0,PULLBACK,RISE,0
NEXT_OBSERVED_PRIMARY,TRUE_NULL,B0,PULLBACK,SHARP_RISE,0
NEXT_OBSERVED_PRIMARY,TRUE_NULL,B0,PULLBACK,PULLBACK,0
NEXT_OBSERVED_PRIMARY,TRUE_NULL,B0,PULLBACK,RANGE,0
NEXT_OBSERVED_PRIMARY,TRUE_NULL,B0,PULLBACK,REBOUND,0
NEXT_OBSERVED_PRIMARY,TRUE_NULL,B0,PULLBACK,SHARP_DROP,0
NEXT_OBSERVED_PRIMARY,TRUE_NULL,B0,PULLBACK,DROP,195
NEXT_OBSERVED_PRIMARY,TRUE_NULL,B0,PULLBACK,DROP_STOP,0
NEXT_OBSERVED_PRIMARY,TRUE_NULL,B0,RANGE,RISE_STOP,0
NEXT_OBSERVED_PRIMARY,TRUE_NULL,B0,RANGE,RISE,0
NEXT_OBSERVED_PRIMARY,TRUE_NULL,B0,RANGE,SHARP_RISE,0
NEXT_OBSERVED_PRIMARY,TRUE_NULL,B0,RANGE,PULLBACK,0
NEXT_OBSERVED_PRIMARY,TRUE_NULL,B0,RANGE,RANGE,0
NEXT_OBSERVED_PRIMARY,TRUE_NULL,B0,RANGE,REBOUND,0
NEXT_OBSERVED_PRIMARY,TRUE_NULL,B0,RANGE,SHARP_DROP,0
NEXT_OBSERVED_PRIMARY,TRUE_NULL,B0,RANGE,DROP,255
NEXT_OBSERVED_PRIMARY,TRUE_NULL,B0,RANGE,DROP_STOP,0
NEXT_OBSERVED_PRIMARY,TRUE_NULL,B0,REBOUND,RISE_STOP,0
NEXT_OBSERVED_PRIMARY,TRUE_NULL,B0,REBOUND,RISE,0
NEXT_OBSERVED_PRIMARY,TRUE_NULL,B0,REBOUND,SHARP_RISE,0
NEXT_OBSERVED_PRIMARY,TRUE_NULL,B0,REBOUND,PULLBACK,0
NEXT_OBSERVED_PRIMARY,TRUE_NULL,B0,REBOUND,RANGE,0
NEXT_OBSERVED_PRIMARY,TRUE_NULL,B0,REBOUND,REBOUND,0
NEXT_OBSERVED_PRIMARY,TRUE_NULL,B0,REBOUND,SHARP_DROP,0
NEXT_OBSERVED_PRIMARY,TRUE_NULL,B0,REBOUND,DROP,173
NEXT_OBSERVED_PRIMARY,TRUE_NULL,B0,REBOUND,DROP_STOP,0
NEXT_OBSERVED_PRIMARY,TRUE_NULL,B0,SHARP_DROP,RISE_STOP,0
NEXT_OBSERVED_PRIMARY,TRUE_NULL,B0,SHARP_DROP,RISE,0
NEXT_OBSERVED_PRIMARY,TRUE_NULL,B0,SHARP_DROP,SHARP_RISE,0
NEXT_OBSERVED_PRIMARY,TRUE_NULL,B0,SHARP_DROP,PULLBACK,0
NEXT_OBSERVED_PRIMARY,TRUE_NULL,B0,SHARP_DROP,RANGE,0
NEXT_OBSERVED_PRIMARY,TRUE_NULL,B0,SHARP_DROP,REBOUND,0
NEXT_OBSERVED_PRIMARY,TRUE_NULL,B0,SHARP_DROP,SHARP_DROP,0
NEXT_OBSERVED_PRIMARY,TRUE_NULL,B0,SHARP_DROP,DROP,34
NEXT_OBSERVED_PRIMARY,TRUE_NULL,B0,SHARP_DROP,DROP_STOP,0
NEXT_OBSERVED_PRIMARY,TRUE_NULL,B0,DROP,RISE_STOP,0
NEXT_OBSERVED_PRIMARY,TRUE_NULL,B0,DROP,RISE,0
NEXT_OBSERVED_PRIMARY,TRUE_NULL,B0,DROP,SHARP_RISE,0
NEXT_OBSERVED_PRIMARY,TRUE_NULL,B0,DROP,PULLBACK,0
NEXT_OBSERVED_PRIMARY,TRUE_NULL,B0,DROP,RANGE,0
NEXT_OBSERVED_PRIMARY,TRUE_NULL,B0,DROP,REBOUND,0
NEXT_OBSERVED_PRIMARY,TRUE_NULL,B0,DROP,SHARP_DROP,0
NEXT_OBSERVED_PRIMARY,TRUE_NULL,B0,DROP,DROP,491
NEXT_OBSERVED_PRIMARY,TRUE_NULL,B0,DROP,DROP_STOP,0
NEXT_OBSERVED_PRIMARY,TRUE_NULL,B0,DROP_STOP,RISE_STOP,0
NEXT_OBSERVED_PRIMARY,TRUE_NULL,B0,DROP_STOP,RISE,0
NEXT_OBSERVED_PRIMARY,TRUE_NULL,B0,DROP_STOP,SHARP_RISE,0
NEXT_OBSERVED_PRIMARY,TRUE_NULL,B0,DROP_STOP,PULLBACK,0
NEXT_OBSERVED_PRIMARY,TRUE_NULL,B0,DROP_STOP,RANGE,0
NEXT_OBSERVED_PRIMARY,TRUE_NULL,B0,DROP_STOP,REBOUND,0
NEXT_OBSERVED_PRIMARY,TRUE_NULL,B0,DROP_STOP,SHARP_DROP,0
NEXT_OBSERVED_PRIMARY,TRUE_NULL,B0,DROP_STOP,DROP,17
NEXT_OBSERVED_PRIMARY,TRUE_NULL,B0,DROP_STOP,DROP_STOP,0
NEXT_OBSERVED_PRIMARY,TRUE_NULL,B1,RISE_STOP,RISE_STOP,0
NEXT_OBSERVED_PRIMARY,TRUE_NULL,B1,RISE_STOP,RISE,14
NEXT_OBSERVED_PRIMARY,TRUE_NULL,B1,RISE_STOP,SHARP_RISE,0
NEXT_OBSERVED_PRIMARY,TRUE_NULL,B1,RISE_STOP,PULLBACK,0
NEXT_OBSERVED_PRIMARY,TRUE_NULL,B1,RISE_STOP,RANGE,5
NEXT_OBSERVED_PRIMARY,TRUE_NULL,B1,RISE_STOP,REBOUND,0
NEXT_OBSERVED_PRIMARY,TRUE_NULL,B1,RISE_STOP,SHARP_DROP,1
NEXT_OBSERVED_PRIMARY,TRUE_NULL,B1,RISE_STOP,DROP,15
NEXT_OBSERVED_PRIMARY,TRUE_NULL,B1,RISE_STOP,DROP_STOP,0
NEXT_OBSERVED_PRIMARY,TRUE_NULL,B1,RISE,RISE_STOP,0
NEXT_OBSERVED_PRIMARY,TRUE_NULL,B1,RISE,RISE,239
NEXT_OBSERVED_PRIMARY,TRUE_NULL,B1,RISE,SHARP_RISE,0
NEXT_OBSERVED_PRIMARY,TRUE_NULL,B1,RISE,PULLBACK,0
NEXT_OBSERVED_PRIMARY,TRUE_NULL,B1,RISE,RANGE,72
NEXT_OBSERVED_PRIMARY,TRUE_NULL,B1,RISE,REBOUND,0
NEXT_OBSERVED_PRIMARY,TRUE_NULL,B1,RISE,SHARP_DROP,6
NEXT_OBSERVED_PRIMARY,TRUE_NULL,B1,RISE,DROP,201
NEXT_OBSERVED_PRIMARY,TRUE_NULL,B1,RISE,DROP_STOP,0
NEXT_OBSERVED_PRIMARY,TRUE_NULL,B1,SHARP_RISE,RISE_STOP,0
NEXT_OBSERVED_PRIMARY,TRUE_NULL,B1,SHARP_RISE,RISE,14
NEXT_OBSERVED_PRIMARY,TRUE_NULL,B1,SHARP_RISE,SHARP_RISE,0
NEXT_OBSERVED_PRIMARY,TRUE_NULL,B1,SHARP_RISE,PULLBACK,0
NEXT_OBSERVED_PRIMARY,TRUE_NULL,B1,SHARP_RISE,RANGE,2
NEXT_OBSERVED_PRIMARY,TRUE_NULL,B1,SHARP_RISE,REBOUND,0
NEXT_OBSERVED_PRIMARY,TRUE_NULL,B1,SHARP_RISE,SHARP_DROP,0
NEXT_OBSERVED_PRIMARY,TRUE_NULL,B1,SHARP_RISE,DROP,17
NEXT_OBSERVED_PRIMARY,TRUE_NULL,B1,SHARP_RISE,DROP_STOP,0
NEXT_OBSERVED_PRIMARY,TRUE_NULL,B1,PULLBACK,RISE_STOP,0
NEXT_OBSERVED_PRIMARY,TRUE_NULL,B1,PULLBACK,RISE,97
NEXT_OBSERVED_PRIMARY,TRUE_NULL,B1,PULLBACK,SHARP_RISE,0
NEXT_OBSERVED_PRIMARY,TRUE_NULL,B1,PULLBACK,PULLBACK,0
NEXT_OBSERVED_PRIMARY,TRUE_NULL,B1,PULLBACK,RANGE,31
NEXT_OBSERVED_PRIMARY,TRUE_NULL,B1,PULLBACK,REBOUND,0
NEXT_OBSERVED_PRIMARY,TRUE_NULL,B1,PULLBACK,SHARP_DROP,1
NEXT_OBSERVED_PRIMARY,TRUE_NULL,B1,PULLBACK,DROP,66
NEXT_OBSERVED_PRIMARY,TRUE_NULL,B1,PULLBACK,DROP_STOP,0
NEXT_OBSERVED_PRIMARY,TRUE_NULL,B1,RANGE,RISE_STOP,0
NEXT_OBSERVED_PRIMARY,TRUE_NULL,B1,RANGE,RISE,110
NEXT_OBSERVED_PRIMARY,TRUE_NULL,B1,RANGE,SHARP_RISE,0
NEXT_OBSERVED_PRIMARY,TRUE_NULL,B1,RANGE,PULLBACK,0
NEXT_OBSERVED_PRIMARY,TRUE_NULL,B1,RANGE,RANGE,50
NEXT_OBSERVED_PRIMARY,TRUE_NULL,B1,RANGE,REBOUND,0
NEXT_OBSERVED_PRIMARY,TRUE_NULL,B1,RANGE,SHARP_DROP,1
NEXT_OBSERVED_PRIMARY,TRUE_NULL,B1,RANGE,DROP,94
NEXT_OBSERVED_PRIMARY,TRUE_NULL,B1,RANGE,DROP_STOP,0
NEXT_OBSERVED_PRIMARY,TRUE_NULL,B1,REBOUND,RISE_STOP,0
NEXT_OBSERVED_PRIMARY,TRUE_NULL,B1,REBOUND,RISE,67
NEXT_OBSERVED_PRIMARY,TRUE_NULL,B1,REBOUND,SHARP_RISE,0
NEXT_OBSERVED_PRIMARY,TRUE_NULL,B1,REBOUND,PULLBACK,0
NEXT_OBSERVED_PRIMARY,TRUE_NULL,B1,REBOUND,RANGE,20
NEXT_OBSERVED_PRIMARY,TRUE_NULL,B1,REBOUND,REBOUND,0
NEXT_OBSERVED_PRIMARY,TRUE_NULL,B1,REBOUND,SHARP_DROP,3
NEXT_OBSERVED_PRIMARY,TRUE_NULL,B1,REBOUND,DROP,83
NEXT_OBSERVED_PRIMARY,TRUE_NULL,B1,REBOUND,DROP_STOP,0
NEXT_OBSERVED_PRIMARY,TRUE_NULL,B1,SHARP_DROP,RISE_STOP,0
NEXT_OBSERVED_PRIMARY,TRUE_NULL,B1,SHARP_DROP,RISE,10
NEXT_OBSERVED_PRIMARY,TRUE_NULL,B1,SHARP_DROP,SHARP_RISE,0
NEXT_OBSERVED_PRIMARY,TRUE_NULL,B1,SHARP_DROP,PULLBACK,0
NEXT_OBSERVED_PRIMARY,TRUE_NULL,B1,SHARP_DROP,RANGE,1
NEXT_OBSERVED_PRIMARY,TRUE_NULL,B1,SHARP_DROP,REBOUND,0
NEXT_OBSERVED_PRIMARY,TRUE_NULL,B1,SHARP_DROP,SHARP_DROP,2
NEXT_OBSERVED_PRIMARY,TRUE_NULL,B1,SHARP_DROP,DROP,21
NEXT_OBSERVED_PRIMARY,TRUE_NULL,B1,SHARP_DROP,DROP_STOP,0
NEXT_OBSERVED_PRIMARY,TRUE_NULL,B1,DROP,RISE_STOP,0
NEXT_OBSERVED_PRIMARY,TRUE_NULL,B1,DROP,RISE,180
NEXT_OBSERVED_PRIMARY,TRUE_NULL,B1,DROP,SHARP_RISE,0
NEXT_OBSERVED_PRIMARY,TRUE_NULL,B1,DROP,PULLBACK,0
NEXT_OBSERVED_PRIMARY,TRUE_NULL,B1,DROP,RANGE,79
NEXT_OBSERVED_PRIMARY,TRUE_NULL,B1,DROP,REBOUND,0
NEXT_OBSERVED_PRIMARY,TRUE_NULL,B1,DROP,SHARP_DROP,9
NEXT_OBSERVED_PRIMARY,TRUE_NULL,B1,DROP,DROP,223
NEXT_OBSERVED_PRIMARY,TRUE_NULL,B1,DROP,DROP_STOP,0
NEXT_OBSERVED_PRIMARY,TRUE_NULL,B1,DROP_STOP,RISE_STOP,0
NEXT_OBSERVED_PRIMARY,TRUE_NULL,B1,DROP_STOP,RISE,5
NEXT_OBSERVED_PRIMARY,TRUE_NULL,B1,DROP_STOP,SHARP_RISE,0
NEXT_OBSERVED_PRIMARY,TRUE_NULL,B1,DROP_STOP,PULLBACK,0
NEXT_OBSERVED_PRIMARY,TRUE_NULL,B1,DROP_STOP,RANGE,2
NEXT_OBSERVED_PRIMARY,TRUE_NULL,B1,DROP_STOP,REBOUND,0
NEXT_OBSERVED_PRIMARY,TRUE_NULL,B1,DROP_STOP,SHARP_DROP,0
NEXT_OBSERVED_PRIMARY,TRUE_NULL,B1,DROP_STOP,DROP,10
NEXT_OBSERVED_PRIMARY,TRUE_NULL,B1,DROP_STOP,DROP_STOP,0
NEXT_OBSERVED_PRIMARY,TRUE_NULL,B2,RISE_STOP,RISE_STOP,0
NEXT_OBSERVED_PRIMARY,TRUE_NULL,B2,RISE_STOP,RISE,5
NEXT_OBSERVED_PRIMARY,TRUE_NULL,B2,RISE_STOP,SHARP_RISE,0
NEXT_OBSERVED_PRIMARY,TRUE_NULL,B2,RISE_STOP,PULLBACK,0
NEXT_OBSERVED_PRIMARY,TRUE_NULL,B2,RISE_STOP,RANGE,3
NEXT_OBSERVED_PRIMARY,TRUE_NULL,B2,RISE_STOP,REBOUND,0
NEXT_OBSERVED_PRIMARY,TRUE_NULL,B2,RISE_STOP,SHARP_DROP,1
NEXT_OBSERVED_PRIMARY,TRUE_NULL,B2,RISE_STOP,DROP,26
NEXT_OBSERVED_PRIMARY,TRUE_NULL,B2,RISE_STOP,DROP_STOP,0
NEXT_OBSERVED_PRIMARY,TRUE_NULL,B2,RISE,RISE_STOP,0
NEXT_OBSERVED_PRIMARY,TRUE_NULL,B2,RISE,RISE,193
NEXT_OBSERVED_PRIMARY,TRUE_NULL,B2,RISE,SHARP_RISE,0
NEXT_OBSERVED_PRIMARY,TRUE_NULL,B2,RISE,PULLBACK,0
NEXT_OBSERVED_PRIMARY,TRUE_NULL,B2,RISE,RANGE,27
NEXT_OBSERVED_PRIMARY,TRUE_NULL,B2,RISE,REBOUND,2
NEXT_OBSERVED_PRIMARY,TRUE_NULL,B2,RISE,SHARP_DROP,5
NEXT_OBSERVED_PRIMARY,TRUE_NULL,B2,RISE,DROP,291
NEXT_OBSERVED_PRIMARY,TRUE_NULL,B2,RISE,DROP_STOP,0
NEXT_OBSERVED_PRIMARY,TRUE_NULL,B2,SHARP_RISE,RISE_STOP,0
NEXT_OBSERVED_PRIMARY,TRUE_NULL,B2,SHARP_RISE,RISE,16
NEXT_OBSERVED_PRIMARY,TRUE_NULL,B2,SHARP_RISE,SHARP_RISE,0
NEXT_OBSERVED_PRIMARY,TRUE_NULL,B2,SHARP_RISE,PULLBACK,0
NEXT_OBSERVED_PRIMARY,TRUE_NULL,B2,SHARP_RISE,RANGE,0
NEXT_OBSERVED_PRIMARY,TRUE_NULL,B2,SHARP_RISE,REBOUND,0
NEXT_OBSERVED_PRIMARY,TRUE_NULL,B2,SHARP_RISE,SHARP_DROP,0
NEXT_OBSERVED_PRIMARY,TRUE_NULL,B2,SHARP_RISE,DROP,17
NEXT_OBSERVED_PRIMARY,TRUE_NULL,B2,SHARP_RISE,DROP_STOP,0
NEXT_OBSERVED_PRIMARY,TRUE_NULL,B2,PULLBACK,RISE_STOP,0
NEXT_OBSERVED_PRIMARY,TRUE_NULL,B2,PULLBACK,RISE,106
NEXT_OBSERVED_PRIMARY,TRUE_NULL,B2,PULLBACK,SHARP_RISE,0
NEXT_OBSERVED_PRIMARY,TRUE_NULL,B2,PULLBACK,PULLBACK,0
NEXT_OBSERVED_PRIMARY,TRUE_NULL,B2,PULLBACK,RANGE,8
NEXT_OBSERVED_PRIMARY,TRUE_NULL,B2,PULLBACK,REBOUND,1
NEXT_OBSERVED_PRIMARY,TRUE_NULL,B2,PULLBACK,SHARP_DROP,1
NEXT_OBSERVED_PRIMARY,TRUE_NULL,B2,PULLBACK,DROP,79
NEXT_OBSERVED_PRIMARY,TRUE_NULL,B2,PULLBACK,DROP_STOP,0
NEXT_OBSERVED_PRIMARY,TRUE_NULL,B2,RANGE,RISE_STOP,0
NEXT_OBSERVED_PRIMARY,TRUE_NULL,B2,RANGE,RISE,106
NEXT_OBSERVED_PRIMARY,TRUE_NULL,B2,RANGE,SHARP_RISE,0
NEXT_OBSERVED_PRIMARY,TRUE_NULL,B2,RANGE,PULLBACK,0
NEXT_OBSERVED_PRIMARY,TRUE_NULL,B2,RANGE,RANGE,22
NEXT_OBSERVED_PRIMARY,TRUE_NULL,B2,RANGE,REBOUND,0
NEXT_OBSERVED_PRIMARY,TRUE_NULL,B2,RANGE,SHARP_DROP,1
NEXT_OBSERVED_PRIMARY,TRUE_NULL,B2,RANGE,DROP,126
NEXT_OBSERVED_PRIMARY,TRUE_NULL,B2,RANGE,DROP_STOP,0
NEXT_OBSERVED_PRIMARY,TRUE_NULL,B2,REBOUND,RISE_STOP,0
NEXT_OBSERVED_PRIMARY,TRUE_NULL,B2,REBOUND,RISE,68
NEXT_OBSERVED_PRIMARY,TRUE_NULL,B2,REBOUND,SHARP_RISE,0
NEXT_OBSERVED_PRIMARY,TRUE_NULL,B2,REBOUND,PULLBACK,0
NEXT_OBSERVED_PRIMARY,TRUE_NULL,B2,REBOUND,RANGE,3
NEXT_OBSERVED_PRIMARY,TRUE_NULL,B2,REBOUND,REBOUND,1
NEXT_OBSERVED_PRIMARY,TRUE_NULL,B2,REBOUND,SHARP_DROP,3
NEXT_OBSERVED_PRIMARY,TRUE_NULL,B2,REBOUND,DROP,98
NEXT_OBSERVED_PRIMARY,TRUE_NULL,B2,REBOUND,DROP_STOP,0
NEXT_OBSERVED_PRIMARY,TRUE_NULL,B2,SHARP_DROP,RISE_STOP,0
NEXT_OBSERVED_PRIMARY,TRUE_NULL,B2,SHARP_DROP,RISE,8
NEXT_OBSERVED_PRIMARY,TRUE_NULL,B2,SHARP_DROP,SHARP_RISE,0
NEXT_OBSERVED_PRIMARY,TRUE_NULL,B2,SHARP_DROP,PULLBACK,0
NEXT_OBSERVED_PRIMARY,TRUE_NULL,B2,SHARP_DROP,RANGE,0
NEXT_OBSERVED_PRIMARY,TRUE_NULL,B2,SHARP_DROP,REBOUND,0
NEXT_OBSERVED_PRIMARY,TRUE_NULL,B2,SHARP_DROP,SHARP_DROP,2
NEXT_OBSERVED_PRIMARY,TRUE_NULL,B2,SHARP_DROP,DROP,24
NEXT_OBSERVED_PRIMARY,TRUE_NULL,B2,SHARP_DROP,DROP_STOP,0
NEXT_OBSERVED_PRIMARY,TRUE_NULL,B2,DROP,RISE_STOP,0
NEXT_OBSERVED_PRIMARY,TRUE_NULL,B2,DROP,RISE,153
NEXT_OBSERVED_PRIMARY,TRUE_NULL,B2,DROP,SHARP_RISE,0
NEXT_OBSERVED_PRIMARY,TRUE_NULL,B2,DROP,PULLBACK,0
NEXT_OBSERVED_PRIMARY,TRUE_NULL,B2,DROP,RANGE,36
NEXT_OBSERVED_PRIMARY,TRUE_NULL,B2,DROP,REBOUND,0
NEXT_OBSERVED_PRIMARY,TRUE_NULL,B2,DROP,SHARP_DROP,7
NEXT_OBSERVED_PRIMARY,TRUE_NULL,B2,DROP,DROP,295
NEXT_OBSERVED_PRIMARY,TRUE_NULL,B2,DROP,DROP_STOP,0
NEXT_OBSERVED_PRIMARY,TRUE_NULL,B2,DROP_STOP,RISE_STOP,0
NEXT_OBSERVED_PRIMARY,TRUE_NULL,B2,DROP_STOP,RISE,4
NEXT_OBSERVED_PRIMARY,TRUE_NULL,B2,DROP_STOP,SHARP_RISE,0
NEXT_OBSERVED_PRIMARY,TRUE_NULL,B2,DROP_STOP,PULLBACK,0
NEXT_OBSERVED_PRIMARY,TRUE_NULL,B2,DROP_STOP,RANGE,1
NEXT_OBSERVED_PRIMARY,TRUE_NULL,B2,DROP_STOP,REBOUND,0
NEXT_OBSERVED_PRIMARY,TRUE_NULL,B2,DROP_STOP,SHARP_DROP,0
NEXT_OBSERVED_PRIMARY,TRUE_NULL,B2,DROP_STOP,DROP,12
NEXT_OBSERVED_PRIMARY,TRUE_NULL,B2,DROP_STOP,DROP_STOP,0
NEXT_OBSERVED_PRIMARY,TRUE_NULL,B3,RISE_STOP,RISE_STOP,0
NEXT_OBSERVED_PRIMARY,TRUE_NULL,B3,RISE_STOP,RISE,12
NEXT_OBSERVED_PRIMARY,TRUE_NULL,B3,RISE_STOP,SHARP_RISE,0
NEXT_OBSERVED_PRIMARY,TRUE_NULL,B3,RISE_STOP,PULLBACK,0
NEXT_OBSERVED_PRIMARY,TRUE_NULL,B3,RISE_STOP,RANGE,3
NEXT_OBSERVED_PRIMARY,TRUE_NULL,B3,RISE_STOP,REBOUND,0
NEXT_OBSERVED_PRIMARY,TRUE_NULL,B3,RISE_STOP,SHARP_DROP,1
NEXT_OBSERVED_PRIMARY,TRUE_NULL,B3,RISE_STOP,DROP,19
NEXT_OBSERVED_PRIMARY,TRUE_NULL,B3,RISE_STOP,DROP_STOP,0
NEXT_OBSERVED_PRIMARY,TRUE_NULL,B3,RISE,RISE_STOP,0
NEXT_OBSERVED_PRIMARY,TRUE_NULL,B3,RISE,RISE,252
NEXT_OBSERVED_PRIMARY,TRUE_NULL,B3,RISE,SHARP_RISE,0
NEXT_OBSERVED_PRIMARY,TRUE_NULL,B3,RISE,PULLBACK,4
NEXT_OBSERVED_PRIMARY,TRUE_NULL,B3,RISE,RANGE,21
NEXT_OBSERVED_PRIMARY,TRUE_NULL,B3,RISE,REBOUND,3
NEXT_OBSERVED_PRIMARY,TRUE_NULL,B3,RISE,SHARP_DROP,5
NEXT_OBSERVED_PRIMARY,TRUE_NULL,B3,RISE,DROP,233
NEXT_OBSERVED_PRIMARY,TRUE_NULL,B3,RISE,DROP_STOP,0
NEXT_OBSERVED_PRIMARY,TRUE_NULL,B3,SHARP_RISE,RISE_STOP,0
NEXT_OBSERVED_PRIMARY,TRUE_NULL,B3,SHARP_RISE,RISE,18
NEXT_OBSERVED_PRIMARY,TRUE_NULL,B3,SHARP_RISE,SHARP_RISE,0
NEXT_OBSERVED_PRIMARY,TRUE_NULL,B3,SHARP_RISE,PULLBACK,0
NEXT_OBSERVED_PRIMARY,TRUE_NULL,B3,SHARP_RISE,RANGE,0
NEXT_OBSERVED_PRIMARY,TRUE_NULL,B3,SHARP_RISE,REBOUND,0
NEXT_OBSERVED_PRIMARY,TRUE_NULL,B3,SHARP_RISE,SHARP_DROP,0
NEXT_OBSERVED_PRIMARY,TRUE_NULL,B3,SHARP_RISE,DROP,15
NEXT_OBSERVED_PRIMARY,TRUE_NULL,B3,SHARP_RISE,DROP_STOP,0
NEXT_OBSERVED_PRIMARY,TRUE_NULL,B3,PULLBACK,RISE_STOP,0
NEXT_OBSERVED_PRIMARY,TRUE_NULL,B3,PULLBACK,RISE,121
NEXT_OBSERVED_PRIMARY,TRUE_NULL,B3,PULLBACK,SHARP_RISE,0
NEXT_OBSERVED_PRIMARY,TRUE_NULL,B3,PULLBACK,PULLBACK,5
NEXT_OBSERVED_PRIMARY,TRUE_NULL,B3,PULLBACK,RANGE,2
NEXT_OBSERVED_PRIMARY,TRUE_NULL,B3,PULLBACK,REBOUND,0
NEXT_OBSERVED_PRIMARY,TRUE_NULL,B3,PULLBACK,SHARP_DROP,1
NEXT_OBSERVED_PRIMARY,TRUE_NULL,B3,PULLBACK,DROP,66
NEXT_OBSERVED_PRIMARY,TRUE_NULL,B3,PULLBACK,DROP_STOP,0
NEXT_OBSERVED_PRIMARY,TRUE_NULL,B3,RANGE,RISE_STOP,0
NEXT_OBSERVED_PRIMARY,TRUE_NULL,B3,RANGE,RISE,117
NEXT_OBSERVED_PRIMARY,TRUE_NULL,B3,RANGE,SHARP_RISE,0
NEXT_OBSERVED_PRIMARY,TRUE_NULL,B3,RANGE,PULLBACK,3
NEXT_OBSERVED_PRIMARY,TRUE_NULL,B3,RANGE,RANGE,21
NEXT_OBSERVED_PRIMARY,TRUE_NULL,B3,RANGE,REBOUND,1
NEXT_OBSERVED_PRIMARY,TRUE_NULL,B3,RANGE,SHARP_DROP,1
NEXT_OBSERVED_PRIMARY,TRUE_NULL,B3,RANGE,DROP,112
NEXT_OBSERVED_PRIMARY,TRUE_NULL,B3,RANGE,DROP_STOP,0
NEXT_OBSERVED_PRIMARY,TRUE_NULL,B3,REBOUND,RISE_STOP,0
NEXT_OBSERVED_PRIMARY,TRUE_NULL,B3,REBOUND,RISE,79
NEXT_OBSERVED_PRIMARY,TRUE_NULL,B3,REBOUND,SHARP_RISE,0
NEXT_OBSERVED_PRIMARY,TRUE_NULL,B3,REBOUND,PULLBACK,1
NEXT_OBSERVED_PRIMARY,TRUE_NULL,B3,REBOUND,RANGE,4
NEXT_OBSERVED_PRIMARY,TRUE_NULL,B3,REBOUND,REBOUND,1
NEXT_OBSERVED_PRIMARY,TRUE_NULL,B3,REBOUND,SHARP_DROP,3
NEXT_OBSERVED_PRIMARY,TRUE_NULL,B3,REBOUND,DROP,85
NEXT_OBSERVED_PRIMARY,TRUE_NULL,B3,REBOUND,DROP_STOP,0
NEXT_OBSERVED_PRIMARY,TRUE_NULL,B3,SHARP_DROP,RISE_STOP,0
NEXT_OBSERVED_PRIMARY,TRUE_NULL,B3,SHARP_DROP,RISE,16
NEXT_OBSERVED_PRIMARY,TRUE_NULL,B3,SHARP_DROP,SHARP_RISE,0
NEXT_OBSERVED_PRIMARY,TRUE_NULL,B3,SHARP_DROP,PULLBACK,0
NEXT_OBSERVED_PRIMARY,TRUE_NULL,B3,SHARP_DROP,RANGE,0
NEXT_OBSERVED_PRIMARY,TRUE_NULL,B3,SHARP_DROP,REBOUND,0
NEXT_OBSERVED_PRIMARY,TRUE_NULL,B3,SHARP_DROP,SHARP_DROP,2
NEXT_OBSERVED_PRIMARY,TRUE_NULL,B3,SHARP_DROP,DROP,16
NEXT_OBSERVED_PRIMARY,TRUE_NULL,B3,SHARP_DROP,DROP_STOP,0
NEXT_OBSERVED_PRIMARY,TRUE_NULL,B3,DROP,RISE_STOP,0
NEXT_OBSERVED_PRIMARY,TRUE_NULL,B3,DROP,RISE,199
NEXT_OBSERVED_PRIMARY,TRUE_NULL,B3,DROP,SHARP_RISE,0
NEXT_OBSERVED_PRIMARY,TRUE_NULL,B3,DROP,PULLBACK,3
NEXT_OBSERVED_PRIMARY,TRUE_NULL,B3,DROP,RANGE,46
NEXT_OBSERVED_PRIMARY,TRUE_NULL,B3,DROP,REBOUND,0
NEXT_OBSERVED_PRIMARY,TRUE_NULL,B3,DROP,SHARP_DROP,7
NEXT_OBSERVED_PRIMARY,TRUE_NULL,B3,DROP,DROP,236
NEXT_OBSERVED_PRIMARY,TRUE_NULL,B3,DROP,DROP_STOP,0
NEXT_OBSERVED_PRIMARY,TRUE_NULL,B3,DROP_STOP,RISE_STOP,0
NEXT_OBSERVED_PRIMARY,TRUE_NULL,B3,DROP_STOP,RISE,4
NEXT_OBSERVED_PRIMARY,TRUE_NULL,B3,DROP_STOP,SHARP_RISE,0
NEXT_OBSERVED_PRIMARY,TRUE_NULL,B3,DROP_STOP,PULLBACK,0
NEXT_OBSERVED_PRIMARY,TRUE_NULL,B3,DROP_STOP,RANGE,1
NEXT_OBSERVED_PRIMARY,TRUE_NULL,B3,DROP_STOP,REBOUND,0
NEXT_OBSERVED_PRIMARY,TRUE_NULL,B3,DROP_STOP,SHARP_DROP,0
NEXT_OBSERVED_PRIMARY,TRUE_NULL,B3,DROP_STOP,DROP,12
NEXT_OBSERVED_PRIMARY,TRUE_NULL,B3,DROP_STOP,DROP_STOP,0
NEXT_OBSERVED_PRIMARY,SHIFT60,B0,RISE_STOP,RISE_STOP,0
NEXT_OBSERVED_PRIMARY,SHIFT60,B0,RISE_STOP,RISE,0
NEXT_OBSERVED_PRIMARY,SHIFT60,B0,RISE_STOP,SHARP_RISE,0
NEXT_OBSERVED_PRIMARY,SHIFT60,B0,RISE_STOP,PULLBACK,0
NEXT_OBSERVED_PRIMARY,SHIFT60,B0,RISE_STOP,RANGE,0
NEXT_OBSERVED_PRIMARY,SHIFT60,B0,RISE_STOP,REBOUND,0
NEXT_OBSERVED_PRIMARY,SHIFT60,B0,RISE_STOP,SHARP_DROP,0
NEXT_OBSERVED_PRIMARY,SHIFT60,B0,RISE_STOP,DROP,0
NEXT_OBSERVED_PRIMARY,SHIFT60,B0,RISE_STOP,DROP_STOP,0
NEXT_OBSERVED_PRIMARY,SHIFT60,B0,RISE,RISE_STOP,0
NEXT_OBSERVED_PRIMARY,SHIFT60,B0,RISE,RISE,0
NEXT_OBSERVED_PRIMARY,SHIFT60,B0,RISE,SHARP_RISE,0
NEXT_OBSERVED_PRIMARY,SHIFT60,B0,RISE,PULLBACK,0
NEXT_OBSERVED_PRIMARY,SHIFT60,B0,RISE,RANGE,0
NEXT_OBSERVED_PRIMARY,SHIFT60,B0,RISE,REBOUND,0
NEXT_OBSERVED_PRIMARY,SHIFT60,B0,RISE,SHARP_DROP,0
NEXT_OBSERVED_PRIMARY,SHIFT60,B0,RISE,DROP,34
NEXT_OBSERVED_PRIMARY,SHIFT60,B0,RISE,DROP_STOP,0
NEXT_OBSERVED_PRIMARY,SHIFT60,B0,SHARP_RISE,RISE_STOP,0
NEXT_OBSERVED_PRIMARY,SHIFT60,B0,SHARP_RISE,RISE,0
NEXT_OBSERVED_PRIMARY,SHIFT60,B0,SHARP_RISE,SHARP_RISE,0
NEXT_OBSERVED_PRIMARY,SHIFT60,B0,SHARP_RISE,PULLBACK,0
NEXT_OBSERVED_PRIMARY,SHIFT60,B0,SHARP_RISE,RANGE,0
NEXT_OBSERVED_PRIMARY,SHIFT60,B0,SHARP_RISE,REBOUND,0
NEXT_OBSERVED_PRIMARY,SHIFT60,B0,SHARP_RISE,SHARP_DROP,0
NEXT_OBSERVED_PRIMARY,SHIFT60,B0,SHARP_RISE,DROP,3
NEXT_OBSERVED_PRIMARY,SHIFT60,B0,SHARP_RISE,DROP_STOP,0
NEXT_OBSERVED_PRIMARY,SHIFT60,B0,PULLBACK,RISE_STOP,0
NEXT_OBSERVED_PRIMARY,SHIFT60,B0,PULLBACK,RISE,0
NEXT_OBSERVED_PRIMARY,SHIFT60,B0,PULLBACK,SHARP_RISE,0
NEXT_OBSERVED_PRIMARY,SHIFT60,B0,PULLBACK,PULLBACK,0
NEXT_OBSERVED_PRIMARY,SHIFT60,B0,PULLBACK,RANGE,0
NEXT_OBSERVED_PRIMARY,SHIFT60,B0,PULLBACK,REBOUND,0
NEXT_OBSERVED_PRIMARY,SHIFT60,B0,PULLBACK,SHARP_DROP,0
NEXT_OBSERVED_PRIMARY,SHIFT60,B0,PULLBACK,DROP,50
NEXT_OBSERVED_PRIMARY,SHIFT60,B0,PULLBACK,DROP_STOP,0
NEXT_OBSERVED_PRIMARY,SHIFT60,B0,RANGE,RISE_STOP,0
NEXT_OBSERVED_PRIMARY,SHIFT60,B0,RANGE,RISE,0
NEXT_OBSERVED_PRIMARY,SHIFT60,B0,RANGE,SHARP_RISE,0
NEXT_OBSERVED_PRIMARY,SHIFT60,B0,RANGE,PULLBACK,0
NEXT_OBSERVED_PRIMARY,SHIFT60,B0,RANGE,RANGE,0
NEXT_OBSERVED_PRIMARY,SHIFT60,B0,RANGE,REBOUND,0
NEXT_OBSERVED_PRIMARY,SHIFT60,B0,RANGE,SHARP_DROP,0
NEXT_OBSERVED_PRIMARY,SHIFT60,B0,RANGE,DROP,38
NEXT_OBSERVED_PRIMARY,SHIFT60,B0,RANGE,DROP_STOP,0
NEXT_OBSERVED_PRIMARY,SHIFT60,B0,REBOUND,RISE_STOP,0
NEXT_OBSERVED_PRIMARY,SHIFT60,B0,REBOUND,RISE,0
NEXT_OBSERVED_PRIMARY,SHIFT60,B0,REBOUND,SHARP_RISE,0
NEXT_OBSERVED_PRIMARY,SHIFT60,B0,REBOUND,PULLBACK,0
NEXT_OBSERVED_PRIMARY,SHIFT60,B0,REBOUND,RANGE,0
NEXT_OBSERVED_PRIMARY,SHIFT60,B0,REBOUND,REBOUND,0
NEXT_OBSERVED_PRIMARY,SHIFT60,B0,REBOUND,SHARP_DROP,0
NEXT_OBSERVED_PRIMARY,SHIFT60,B0,REBOUND,DROP,21
NEXT_OBSERVED_PRIMARY,SHIFT60,B0,REBOUND,DROP_STOP,0
NEXT_OBSERVED_PRIMARY,SHIFT60,B0,SHARP_DROP,RISE_STOP,0
NEXT_OBSERVED_PRIMARY,SHIFT60,B0,SHARP_DROP,RISE,0
NEXT_OBSERVED_PRIMARY,SHIFT60,B0,SHARP_DROP,SHARP_RISE,0
NEXT_OBSERVED_PRIMARY,SHIFT60,B0,SHARP_DROP,PULLBACK,0
NEXT_OBSERVED_PRIMARY,SHIFT60,B0,SHARP_DROP,RANGE,0
NEXT_OBSERVED_PRIMARY,SHIFT60,B0,SHARP_DROP,REBOUND,0
NEXT_OBSERVED_PRIMARY,SHIFT60,B0,SHARP_DROP,SHARP_DROP,0
NEXT_OBSERVED_PRIMARY,SHIFT60,B0,SHARP_DROP,DROP,2
NEXT_OBSERVED_PRIMARY,SHIFT60,B0,SHARP_DROP,DROP_STOP,0
NEXT_OBSERVED_PRIMARY,SHIFT60,B0,DROP,RISE_STOP,0
NEXT_OBSERVED_PRIMARY,SHIFT60,B0,DROP,RISE,0
NEXT_OBSERVED_PRIMARY,SHIFT60,B0,DROP,SHARP_RISE,0
NEXT_OBSERVED_PRIMARY,SHIFT60,B0,DROP,PULLBACK,0
NEXT_OBSERVED_PRIMARY,SHIFT60,B0,DROP,RANGE,0
NEXT_OBSERVED_PRIMARY,SHIFT60,B0,DROP,REBOUND,0
NEXT_OBSERVED_PRIMARY,SHIFT60,B0,DROP,SHARP_DROP,0
NEXT_OBSERVED_PRIMARY,SHIFT60,B0,DROP,DROP,5
NEXT_OBSERVED_PRIMARY,SHIFT60,B0,DROP,DROP_STOP,0
NEXT_OBSERVED_PRIMARY,SHIFT60,B0,DROP_STOP,RISE_STOP,0
NEXT_OBSERVED_PRIMARY,SHIFT60,B0,DROP_STOP,RISE,0
NEXT_OBSERVED_PRIMARY,SHIFT60,B0,DROP_STOP,SHARP_RISE,0
NEXT_OBSERVED_PRIMARY,SHIFT60,B0,DROP_STOP,PULLBACK,0
NEXT_OBSERVED_PRIMARY,SHIFT60,B0,DROP_STOP,RANGE,0
NEXT_OBSERVED_PRIMARY,SHIFT60,B0,DROP_STOP,REBOUND,0
NEXT_OBSERVED_PRIMARY,SHIFT60,B0,DROP_STOP,SHARP_DROP,0
NEXT_OBSERVED_PRIMARY,SHIFT60,B0,DROP_STOP,DROP,0
NEXT_OBSERVED_PRIMARY,SHIFT60,B0,DROP_STOP,DROP_STOP,0
NEXT_OBSERVED_PRIMARY,SHIFT60,B1,RISE_STOP,RISE_STOP,0
NEXT_OBSERVED_PRIMARY,SHIFT60,B1,RISE_STOP,RISE,0
NEXT_OBSERVED_PRIMARY,SHIFT60,B1,RISE_STOP,SHARP_RISE,0
NEXT_OBSERVED_PRIMARY,SHIFT60,B1,RISE_STOP,PULLBACK,0
NEXT_OBSERVED_PRIMARY,SHIFT60,B1,RISE_STOP,RANGE,0
NEXT_OBSERVED_PRIMARY,SHIFT60,B1,RISE_STOP,REBOUND,0
NEXT_OBSERVED_PRIMARY,SHIFT60,B1,RISE_STOP,SHARP_DROP,0
NEXT_OBSERVED_PRIMARY,SHIFT60,B1,RISE_STOP,DROP,0
NEXT_OBSERVED_PRIMARY,SHIFT60,B1,RISE_STOP,DROP_STOP,0
NEXT_OBSERVED_PRIMARY,SHIFT60,B1,RISE,RISE_STOP,0
NEXT_OBSERVED_PRIMARY,SHIFT60,B1,RISE,RISE,10
NEXT_OBSERVED_PRIMARY,SHIFT60,B1,RISE,SHARP_RISE,0
NEXT_OBSERVED_PRIMARY,SHIFT60,B1,RISE,PULLBACK,0
NEXT_OBSERVED_PRIMARY,SHIFT60,B1,RISE,RANGE,2
NEXT_OBSERVED_PRIMARY,SHIFT60,B1,RISE,REBOUND,0
NEXT_OBSERVED_PRIMARY,SHIFT60,B1,RISE,SHARP_DROP,0
NEXT_OBSERVED_PRIMARY,SHIFT60,B1,RISE,DROP,22
NEXT_OBSERVED_PRIMARY,SHIFT60,B1,RISE,DROP_STOP,0
NEXT_OBSERVED_PRIMARY,SHIFT60,B1,SHARP_RISE,RISE_STOP,0
NEXT_OBSERVED_PRIMARY,SHIFT60,B1,SHARP_RISE,RISE,1
NEXT_OBSERVED_PRIMARY,SHIFT60,B1,SHARP_RISE,SHARP_RISE,0
NEXT_OBSERVED_PRIMARY,SHIFT60,B1,SHARP_RISE,PULLBACK,0
NEXT_OBSERVED_PRIMARY,SHIFT60,B1,SHARP_RISE,RANGE,0
NEXT_OBSERVED_PRIMARY,SHIFT60,B1,SHARP_RISE,REBOUND,0
NEXT_OBSERVED_PRIMARY,SHIFT60,B1,SHARP_RISE,SHARP_DROP,0
NEXT_OBSERVED_PRIMARY,SHIFT60,B1,SHARP_RISE,DROP,2
NEXT_OBSERVED_PRIMARY,SHIFT60,B1,SHARP_RISE,DROP_STOP,0
NEXT_OBSERVED_PRIMARY,SHIFT60,B1,PULLBACK,RISE_STOP,0
NEXT_OBSERVED_PRIMARY,SHIFT60,B1,PULLBACK,RISE,6
NEXT_OBSERVED_PRIMARY,SHIFT60,B1,PULLBACK,SHARP_RISE,0
NEXT_OBSERVED_PRIMARY,SHIFT60,B1,PULLBACK,PULLBACK,0
NEXT_OBSERVED_PRIMARY,SHIFT60,B1,PULLBACK,RANGE,2
NEXT_OBSERVED_PRIMARY,SHIFT60,B1,PULLBACK,REBOUND,0
NEXT_OBSERVED_PRIMARY,SHIFT60,B1,PULLBACK,SHARP_DROP,0
NEXT_OBSERVED_PRIMARY,SHIFT60,B1,PULLBACK,DROP,42
NEXT_OBSERVED_PRIMARY,SHIFT60,B1,PULLBACK,DROP_STOP,0
NEXT_OBSERVED_PRIMARY,SHIFT60,B1,RANGE,RISE_STOP,0
NEXT_OBSERVED_PRIMARY,SHIFT60,B1,RANGE,RISE,14
NEXT_OBSERVED_PRIMARY,SHIFT60,B1,RANGE,SHARP_RISE,0
NEXT_OBSERVED_PRIMARY,SHIFT60,B1,RANGE,PULLBACK,0
NEXT_OBSERVED_PRIMARY,SHIFT60,B1,RANGE,RANGE,0
NEXT_OBSERVED_PRIMARY,SHIFT60,B1,RANGE,REBOUND,0
NEXT_OBSERVED_PRIMARY,SHIFT60,B1,RANGE,SHARP_DROP,0
NEXT_OBSERVED_PRIMARY,SHIFT60,B1,RANGE,DROP,24
NEXT_OBSERVED_PRIMARY,SHIFT60,B1,RANGE,DROP_STOP,0
NEXT_OBSERVED_PRIMARY,SHIFT60,B1,REBOUND,RISE_STOP,0
NEXT_OBSERVED_PRIMARY,SHIFT60,B1,REBOUND,RISE,9
NEXT_OBSERVED_PRIMARY,SHIFT60,B1,REBOUND,SHARP_RISE,0
NEXT_OBSERVED_PRIMARY,SHIFT60,B1,REBOUND,PULLBACK,0
NEXT_OBSERVED_PRIMARY,SHIFT60,B1,REBOUND,RANGE,0
NEXT_OBSERVED_PRIMARY,SHIFT60,B1,REBOUND,REBOUND,0
NEXT_OBSERVED_PRIMARY,SHIFT60,B1,REBOUND,SHARP_DROP,0
NEXT_OBSERVED_PRIMARY,SHIFT60,B1,REBOUND,DROP,12
NEXT_OBSERVED_PRIMARY,SHIFT60,B1,REBOUND,DROP_STOP,0
NEXT_OBSERVED_PRIMARY,SHIFT60,B1,SHARP_DROP,RISE_STOP,0
NEXT_OBSERVED_PRIMARY,SHIFT60,B1,SHARP_DROP,RISE,1
NEXT_OBSERVED_PRIMARY,SHIFT60,B1,SHARP_DROP,SHARP_RISE,0
NEXT_OBSERVED_PRIMARY,SHIFT60,B1,SHARP_DROP,PULLBACK,0
NEXT_OBSERVED_PRIMARY,SHIFT60,B1,SHARP_DROP,RANGE,0
NEXT_OBSERVED_PRIMARY,SHIFT60,B1,SHARP_DROP,REBOUND,0
NEXT_OBSERVED_PRIMARY,SHIFT60,B1,SHARP_DROP,SHARP_DROP,0
NEXT_OBSERVED_PRIMARY,SHIFT60,B1,SHARP_DROP,DROP,1
NEXT_OBSERVED_PRIMARY,SHIFT60,B1,SHARP_DROP,DROP_STOP,0
NEXT_OBSERVED_PRIMARY,SHIFT60,B1,DROP,RISE_STOP,0
NEXT_OBSERVED_PRIMARY,SHIFT60,B1,DROP,RISE,0
NEXT_OBSERVED_PRIMARY,SHIFT60,B1,DROP,SHARP_RISE,0
NEXT_OBSERVED_PRIMARY,SHIFT60,B1,DROP,PULLBACK,0
NEXT_OBSERVED_PRIMARY,SHIFT60,B1,DROP,RANGE,0
NEXT_OBSERVED_PRIMARY,SHIFT60,B1,DROP,REBOUND,0
NEXT_OBSERVED_PRIMARY,SHIFT60,B1,DROP,SHARP_DROP,0
NEXT_OBSERVED_PRIMARY,SHIFT60,B1,DROP,DROP,5
NEXT_OBSERVED_PRIMARY,SHIFT60,B1,DROP,DROP_STOP,0
NEXT_OBSERVED_PRIMARY,SHIFT60,B1,DROP_STOP,RISE_STOP,0
NEXT_OBSERVED_PRIMARY,SHIFT60,B1,DROP_STOP,RISE,0
NEXT_OBSERVED_PRIMARY,SHIFT60,B1,DROP_STOP,SHARP_RISE,0
NEXT_OBSERVED_PRIMARY,SHIFT60,B1,DROP_STOP,PULLBACK,0
NEXT_OBSERVED_PRIMARY,SHIFT60,B1,DROP_STOP,RANGE,0
NEXT_OBSERVED_PRIMARY,SHIFT60,B1,DROP_STOP,REBOUND,0
NEXT_OBSERVED_PRIMARY,SHIFT60,B1,DROP_STOP,SHARP_DROP,0
NEXT_OBSERVED_PRIMARY,SHIFT60,B1,DROP_STOP,DROP,0
NEXT_OBSERVED_PRIMARY,SHIFT60,B1,DROP_STOP,DROP_STOP,0
NEXT_OBSERVED_PRIMARY,SHIFT60,B2,RISE_STOP,RISE_STOP,0
NEXT_OBSERVED_PRIMARY,SHIFT60,B2,RISE_STOP,RISE,0
NEXT_OBSERVED_PRIMARY,SHIFT60,B2,RISE_STOP,SHARP_RISE,0
NEXT_OBSERVED_PRIMARY,SHIFT60,B2,RISE_STOP,PULLBACK,0
NEXT_OBSERVED_PRIMARY,SHIFT60,B2,RISE_STOP,RANGE,0
NEXT_OBSERVED_PRIMARY,SHIFT60,B2,RISE_STOP,REBOUND,0
NEXT_OBSERVED_PRIMARY,SHIFT60,B2,RISE_STOP,SHARP_DROP,0
NEXT_OBSERVED_PRIMARY,SHIFT60,B2,RISE_STOP,DROP,0
NEXT_OBSERVED_PRIMARY,SHIFT60,B2,RISE_STOP,DROP_STOP,0
NEXT_OBSERVED_PRIMARY,SHIFT60,B2,RISE,RISE_STOP,0
NEXT_OBSERVED_PRIMARY,SHIFT60,B2,RISE,RISE,22
NEXT_OBSERVED_PRIMARY,SHIFT60,B2,RISE,SHARP_RISE,0
NEXT_OBSERVED_PRIMARY,SHIFT60,B2,RISE,PULLBACK,2
NEXT_OBSERVED_PRIMARY,SHIFT60,B2,RISE,RANGE,0
NEXT_OBSERVED_PRIMARY,SHIFT60,B2,RISE,REBOUND,8
NEXT_OBSERVED_PRIMARY,SHIFT60,B2,RISE,SHARP_DROP,0
NEXT_OBSERVED_PRIMARY,SHIFT60,B2,RISE,DROP,2
NEXT_OBSERVED_PRIMARY,SHIFT60,B2,RISE,DROP_STOP,0
NEXT_OBSERVED_PRIMARY,SHIFT60,B2,SHARP_RISE,RISE_STOP,0
NEXT_OBSERVED_PRIMARY,SHIFT60,B2,SHARP_RISE,RISE,2
NEXT_OBSERVED_PRIMARY,SHIFT60,B2,SHARP_RISE,SHARP_RISE,0
NEXT_OBSERVED_PRIMARY,SHIFT60,B2,SHARP_RISE,PULLBACK,0
NEXT_OBSERVED_PRIMARY,SHIFT60,B2,SHARP_RISE,RANGE,0
NEXT_OBSERVED_PRIMARY,SHIFT60,B2,SHARP_RISE,REBOUND,0
NEXT_OBSERVED_PRIMARY,SHIFT60,B2,SHARP_RISE,SHARP_DROP,0
NEXT_OBSERVED_PRIMARY,SHIFT60,B2,SHARP_RISE,DROP,1
NEXT_OBSERVED_PRIMARY,SHIFT60,B2,SHARP_RISE,DROP_STOP,0
NEXT_OBSERVED_PRIMARY,SHIFT60,B2,PULLBACK,RISE_STOP,0
NEXT_OBSERVED_PRIMARY,SHIFT60,B2,PULLBACK,RISE,42
NEXT_OBSERVED_PRIMARY,SHIFT60,B2,PULLBACK,SHARP_RISE,0
NEXT_OBSERVED_PRIMARY,SHIFT60,B2,PULLBACK,PULLBACK,1
NEXT_OBSERVED_PRIMARY,SHIFT60,B2,PULLBACK,RANGE,0
NEXT_OBSERVED_PRIMARY,SHIFT60,B2,PULLBACK,REBOUND,5
NEXT_OBSERVED_PRIMARY,SHIFT60,B2,PULLBACK,SHARP_DROP,0
NEXT_OBSERVED_PRIMARY,SHIFT60,B2,PULLBACK,DROP,2
NEXT_OBSERVED_PRIMARY,SHIFT60,B2,PULLBACK,DROP_STOP,0
NEXT_OBSERVED_PRIMARY,SHIFT60,B2,RANGE,RISE_STOP,0
NEXT_OBSERVED_PRIMARY,SHIFT60,B2,RANGE,RISE,33
NEXT_OBSERVED_PRIMARY,SHIFT60,B2,RANGE,SHARP_RISE,0
NEXT_OBSERVED_PRIMARY,SHIFT60,B2,RANGE,PULLBACK,0
NEXT_OBSERVED_PRIMARY,SHIFT60,B2,RANGE,RANGE,0
NEXT_OBSERVED_PRIMARY,SHIFT60,B2,RANGE,REBOUND,5
NEXT_OBSERVED_PRIMARY,SHIFT60,B2,RANGE,SHARP_DROP,0
NEXT_OBSERVED_PRIMARY,SHIFT60,B2,RANGE,DROP,0
NEXT_OBSERVED_PRIMARY,SHIFT60,B2,RANGE,DROP_STOP,0
NEXT_OBSERVED_PRIMARY,SHIFT60,B2,REBOUND,RISE_STOP,0
NEXT_OBSERVED_PRIMARY,SHIFT60,B2,REBOUND,RISE,18
NEXT_OBSERVED_PRIMARY,SHIFT60,B2,REBOUND,SHARP_RISE,0
NEXT_OBSERVED_PRIMARY,SHIFT60,B2,REBOUND,PULLBACK,0
NEXT_OBSERVED_PRIMARY,SHIFT60,B2,REBOUND,RANGE,0
NEXT_OBSERVED_PRIMARY,SHIFT60,B2,REBOUND,REBOUND,1
NEXT_OBSERVED_PRIMARY,SHIFT60,B2,REBOUND,SHARP_DROP,0
NEXT_OBSERVED_PRIMARY,SHIFT60,B2,REBOUND,DROP,2
NEXT_OBSERVED_PRIMARY,SHIFT60,B2,REBOUND,DROP_STOP,0
NEXT_OBSERVED_PRIMARY,SHIFT60,B2,SHARP_DROP,RISE_STOP,0
NEXT_OBSERVED_PRIMARY,SHIFT60,B2,SHARP_DROP,RISE,1
NEXT_OBSERVED_PRIMARY,SHIFT60,B2,SHARP_DROP,SHARP_RISE,0
NEXT_OBSERVED_PRIMARY,SHIFT60,B2,SHARP_DROP,PULLBACK,0
NEXT_OBSERVED_PRIMARY,SHIFT60,B2,SHARP_DROP,RANGE,0
NEXT_OBSERVED_PRIMARY,SHIFT60,B2,SHARP_DROP,REBOUND,0
NEXT_OBSERVED_PRIMARY,SHIFT60,B2,SHARP_DROP,SHARP_DROP,0
NEXT_OBSERVED_PRIMARY,SHIFT60,B2,SHARP_DROP,DROP,1
NEXT_OBSERVED_PRIMARY,SHIFT60,B2,SHARP_DROP,DROP_STOP,0
NEXT_OBSERVED_PRIMARY,SHIFT60,B2,DROP,RISE_STOP,0
NEXT_OBSERVED_PRIMARY,SHIFT60,B2,DROP,RISE,4
NEXT_OBSERVED_PRIMARY,SHIFT60,B2,DROP,SHARP_RISE,0
NEXT_OBSERVED_PRIMARY,SHIFT60,B2,DROP,PULLBACK,0
NEXT_OBSERVED_PRIMARY,SHIFT60,B2,DROP,RANGE,0
NEXT_OBSERVED_PRIMARY,SHIFT60,B2,DROP,REBOUND,1
NEXT_OBSERVED_PRIMARY,SHIFT60,B2,DROP,SHARP_DROP,0
NEXT_OBSERVED_PRIMARY,SHIFT60,B2,DROP,DROP,0
NEXT_OBSERVED_PRIMARY,SHIFT60,B2,DROP,DROP_STOP,0
NEXT_OBSERVED_PRIMARY,SHIFT60,B2,DROP_STOP,RISE_STOP,0
NEXT_OBSERVED_PRIMARY,SHIFT60,B2,DROP_STOP,RISE,0
NEXT_OBSERVED_PRIMARY,SHIFT60,B2,DROP_STOP,SHARP_RISE,0
NEXT_OBSERVED_PRIMARY,SHIFT60,B2,DROP_STOP,PULLBACK,0
NEXT_OBSERVED_PRIMARY,SHIFT60,B2,DROP_STOP,RANGE,0
NEXT_OBSERVED_PRIMARY,SHIFT60,B2,DROP_STOP,REBOUND,0
NEXT_OBSERVED_PRIMARY,SHIFT60,B2,DROP_STOP,SHARP_DROP,0
NEXT_OBSERVED_PRIMARY,SHIFT60,B2,DROP_STOP,DROP,0
NEXT_OBSERVED_PRIMARY,SHIFT60,B2,DROP_STOP,DROP_STOP,0
NEXT_OBSERVED_PRIMARY,SHIFT60,B3,RISE_STOP,RISE_STOP,0
NEXT_OBSERVED_PRIMARY,SHIFT60,B3,RISE_STOP,RISE,0
NEXT_OBSERVED_PRIMARY,SHIFT60,B3,RISE_STOP,SHARP_RISE,0
NEXT_OBSERVED_PRIMARY,SHIFT60,B3,RISE_STOP,PULLBACK,0
NEXT_OBSERVED_PRIMARY,SHIFT60,B3,RISE_STOP,RANGE,0
NEXT_OBSERVED_PRIMARY,SHIFT60,B3,RISE_STOP,REBOUND,0
NEXT_OBSERVED_PRIMARY,SHIFT60,B3,RISE_STOP,SHARP_DROP,0
NEXT_OBSERVED_PRIMARY,SHIFT60,B3,RISE_STOP,DROP,0
NEXT_OBSERVED_PRIMARY,SHIFT60,B3,RISE_STOP,DROP_STOP,0
NEXT_OBSERVED_PRIMARY,SHIFT60,B3,RISE,RISE_STOP,0
NEXT_OBSERVED_PRIMARY,SHIFT60,B3,RISE,RISE,24
NEXT_OBSERVED_PRIMARY,SHIFT60,B3,RISE,SHARP_RISE,0
NEXT_OBSERVED_PRIMARY,SHIFT60,B3,RISE,PULLBACK,2
NEXT_OBSERVED_PRIMARY,SHIFT60,B3,RISE,RANGE,1
NEXT_OBSERVED_PRIMARY,SHIFT60,B3,RISE,REBOUND,6
NEXT_OBSERVED_PRIMARY,SHIFT60,B3,RISE,SHARP_DROP,0
NEXT_OBSERVED_PRIMARY,SHIFT60,B3,RISE,DROP,1
NEXT_OBSERVED_PRIMARY,SHIFT60,B3,RISE,DROP_STOP,0
NEXT_OBSERVED_PRIMARY,SHIFT60,B3,SHARP_RISE,RISE_STOP,0
NEXT_OBSERVED_PRIMARY,SHIFT60,B3,SHARP_RISE,RISE,2
NEXT_OBSERVED_PRIMARY,SHIFT60,B3,SHARP_RISE,SHARP_RISE,0
NEXT_OBSERVED_PRIMARY,SHIFT60,B3,SHARP_RISE,PULLBACK,1
NEXT_OBSERVED_PRIMARY,SHIFT60,B3,SHARP_RISE,RANGE,0
NEXT_OBSERVED_PRIMARY,SHIFT60,B3,SHARP_RISE,REBOUND,0
NEXT_OBSERVED_PRIMARY,SHIFT60,B3,SHARP_RISE,SHARP_DROP,0
NEXT_OBSERVED_PRIMARY,SHIFT60,B3,SHARP_RISE,DROP,0
NEXT_OBSERVED_PRIMARY,SHIFT60,B3,SHARP_RISE,DROP_STOP,0
NEXT_OBSERVED_PRIMARY,SHIFT60,B3,PULLBACK,RISE_STOP,0
NEXT_OBSERVED_PRIMARY,SHIFT60,B3,PULLBACK,RISE,41
NEXT_OBSERVED_PRIMARY,SHIFT60,B3,PULLBACK,SHARP_RISE,0
NEXT_OBSERVED_PRIMARY,SHIFT60,B3,PULLBACK,PULLBACK,2
NEXT_OBSERVED_PRIMARY,SHIFT60,B3,PULLBACK,RANGE,3
NEXT_OBSERVED_PRIMARY,SHIFT60,B3,PULLBACK,REBOUND,3
NEXT_OBSERVED_PRIMARY,SHIFT60,B3,PULLBACK,SHARP_DROP,0
NEXT_OBSERVED_PRIMARY,SHIFT60,B3,PULLBACK,DROP,1
NEXT_OBSERVED_PRIMARY,SHIFT60,B3,PULLBACK,DROP_STOP,0
NEXT_OBSERVED_PRIMARY,SHIFT60,B3,RANGE,RISE_STOP,0
NEXT_OBSERVED_PRIMARY,SHIFT60,B3,RANGE,RISE,33
NEXT_OBSERVED_PRIMARY,SHIFT60,B3,RANGE,SHARP_RISE,0
NEXT_OBSERVED_PRIMARY,SHIFT60,B3,RANGE,PULLBACK,0
NEXT_OBSERVED_PRIMARY,SHIFT60,B3,RANGE,RANGE,1
NEXT_OBSERVED_PRIMARY,SHIFT60,B3,RANGE,REBOUND,4
NEXT_OBSERVED_PRIMARY,SHIFT60,B3,RANGE,SHARP_DROP,0
NEXT_OBSERVED_PRIMARY,SHIFT60,B3,RANGE,DROP,0
NEXT_OBSERVED_PRIMARY,SHIFT60,B3,RANGE,DROP_STOP,0
NEXT_OBSERVED_PRIMARY,SHIFT60,B3,REBOUND,RISE_STOP,0
NEXT_OBSERVED_PRIMARY,SHIFT60,B3,REBOUND,RISE,20
NEXT_OBSERVED_PRIMARY,SHIFT60,B3,REBOUND,SHARP_RISE,0
NEXT_OBSERVED_PRIMARY,SHIFT60,B3,REBOUND,PULLBACK,1
NEXT_OBSERVED_PRIMARY,SHIFT60,B3,REBOUND,RANGE,0
NEXT_OBSERVED_PRIMARY,SHIFT60,B3,REBOUND,REBOUND,0
NEXT_OBSERVED_PRIMARY,SHIFT60,B3,REBOUND,SHARP_DROP,0
NEXT_OBSERVED_PRIMARY,SHIFT60,B3,REBOUND,DROP,0
NEXT_OBSERVED_PRIMARY,SHIFT60,B3,REBOUND,DROP_STOP,0
NEXT_OBSERVED_PRIMARY,SHIFT60,B3,SHARP_DROP,RISE_STOP,0
NEXT_OBSERVED_PRIMARY,SHIFT60,B3,SHARP_DROP,RISE,2
NEXT_OBSERVED_PRIMARY,SHIFT60,B3,SHARP_DROP,SHARP_RISE,0
NEXT_OBSERVED_PRIMARY,SHIFT60,B3,SHARP_DROP,PULLBACK,0
NEXT_OBSERVED_PRIMARY,SHIFT60,B3,SHARP_DROP,RANGE,0
NEXT_OBSERVED_PRIMARY,SHIFT60,B3,SHARP_DROP,REBOUND,0
NEXT_OBSERVED_PRIMARY,SHIFT60,B3,SHARP_DROP,SHARP_DROP,0
NEXT_OBSERVED_PRIMARY,SHIFT60,B3,SHARP_DROP,DROP,0
NEXT_OBSERVED_PRIMARY,SHIFT60,B3,SHARP_DROP,DROP_STOP,0
NEXT_OBSERVED_PRIMARY,SHIFT60,B3,DROP,RISE_STOP,0
NEXT_OBSERVED_PRIMARY,SHIFT60,B3,DROP,RISE,2
NEXT_OBSERVED_PRIMARY,SHIFT60,B3,DROP,SHARP_RISE,0
NEXT_OBSERVED_PRIMARY,SHIFT60,B3,DROP,PULLBACK,0
NEXT_OBSERVED_PRIMARY,SHIFT60,B3,DROP,RANGE,0
NEXT_OBSERVED_PRIMARY,SHIFT60,B3,DROP,REBOUND,3
NEXT_OBSERVED_PRIMARY,SHIFT60,B3,DROP,SHARP_DROP,0
NEXT_OBSERVED_PRIMARY,SHIFT60,B3,DROP,DROP,0
NEXT_OBSERVED_PRIMARY,SHIFT60,B3,DROP,DROP_STOP,0
NEXT_OBSERVED_PRIMARY,SHIFT60,B3,DROP_STOP,RISE_STOP,0
NEXT_OBSERVED_PRIMARY,SHIFT60,B3,DROP_STOP,RISE,0
NEXT_OBSERVED_PRIMARY,SHIFT60,B3,DROP_STOP,SHARP_RISE,0
NEXT_OBSERVED_PRIMARY,SHIFT60,B3,DROP_STOP,PULLBACK,0
NEXT_OBSERVED_PRIMARY,SHIFT60,B3,DROP_STOP,RANGE,0
NEXT_OBSERVED_PRIMARY,SHIFT60,B3,DROP_STOP,REBOUND,0
NEXT_OBSERVED_PRIMARY,SHIFT60,B3,DROP_STOP,SHARP_DROP,0
NEXT_OBSERVED_PRIMARY,SHIFT60,B3,DROP_STOP,DROP,0
NEXT_OBSERVED_PRIMARY,SHIFT60,B3,DROP_STOP,DROP_STOP,0
