opportunity,session,symbol,selectorTime,asOf,elapsedActiveMinutes,observation,observed1m,missing1m,direction,return5Pct,scaleStatus,scale,dailyComplete5,structure,phase,attributes,stateReason,futureStatus,futureMissing,lateConfirmedPivots,pivotN,localRange,sameBarOrderAmbiguities,closedCrossEvents,semanticAny,contextPriceBasis,transitionObservablePair,phaseChanged
2025-07-16|17700,2025-07-16,17700,15:00,15:00,0,PARTIAL,1,4,,,SCALE_INSUFFICIENT,,False,,,,SCALE_UNAVAILABLE,OBSERVATION_INSUFFICIENT,10,0,0,False,0,0,False,INHERITED_RAW_PRICE_BASIS,False,False
2025-07-16|17700,2025-07-16,17700,15:00,15:05,5,UNAVAILABLE,0,5,,,SCALE_INSUFFICIENT,,False,,,,CURRENT_BAR_UNAVAILABLE,OBSERVATION_INSUFFICIENT,10,0,0,False,0,0,False,INHERITED_RAW_PRICE_BASIS,False,False
2025-07-16|17700,2025-07-16,17700,15:00,15:10,10,UNAVAILABLE,0,5,,,SCALE_INSUFFICIENT,,False,,,,CURRENT_BAR_UNAVAILABLE,OBSERVATION_INSUFFICIENT,10,0,0,False,0,0,False,INHERITED_RAW_PRICE_BASIS,False,False
2025-07-16|17700,2025-07-16,17700,15:00,15:15,15,UNAVAILABLE,0,5,,,SCALE_INSUFFICIENT,,False,,,,CURRENT_BAR_UNAVAILABLE,OBSERVATION_INSUFFICIENT,10,0,0,False,0,0,False,INHERITED_RAW_PRICE_BASIS,False,False
2025-07-16|17700,2025-07-16,17700,15:00,15:20,20,UNAVAILABLE,0,5,,,SCALE_INSUFFICIENT,,False,,,,CURRENT_BAR_UNAVAILABLE,RIGHT_CENSORED,5,0,0,False,0,0,False,INHERITED_RAW_PRICE_BASIS,False,False
2025-07-16|17700,2025-07-16,17700,15:00,15:25,25,UNAVAILABLE,0,5,,,SCALE_INSUFFICIENT,,False,,,,CURRENT_BAR_UNAVAILABLE,RIGHT_CENSORED,0,0,0,False,0,0,False,INHERITED_RAW_PRICE_BASIS,False,False
2025-07-16|27430,2025-07-16,27430,10:30,10:30,0,COMPLETE,5,0,UP,0.8264462809917356,AVAILABLE,3.0,False,,,RANGE_COMPRESSION|VOLUME_COMPRESSION|TRADING_VALUE_COMPRESSION,UNRESOLVED_STRUCTURE,OBSERVATION_INSUFFICIENT,1,0,0,False,0,0,False,INHERITED_RAW_PRICE_BASIS,False,False
2025-07-16|27430,2025-07-16,27430,10:30,10:35,5,COMPLETE,5,0,UP,1.6528925619834711,AVAILABLE,3.0,False,,,RANGE_EXPANSION|VOLUME_EXPANSION|TRADING_VALUE_EXPANSION,UNRESOLVED_STRUCTURE,OBSERVATION_INSUFFICIENT,1,0,0,False,0,0,False,INHERITED_RAW_PRICE_BASIS,True,False
2025-07-16|27430,2025-07-16,27430,10:30,10:40,10,PARTIAL,4,1,,,AVAILABLE,3.0,False,,,,UNRESOLVED_STRUCTURE,WINDOW_OBSERVED,0,0,0,False,0,0,False,INHERITED_RAW_PRICE_BASIS,False,False
2025-07-16|27430,2025-07-16,27430,10:30,10:45,15,COMPLETE,5,0,DOWN,-0.8130081300813008,AVAILABLE,3.0,False,,,,UNRESOLVED_STRUCTURE,OBSERVATION_INSUFFICIENT,1,1,1,False,0,0,False,INHERITED_RAW_PRICE_BASIS,False,False
2025-07-16|27430,2025-07-16,27430,10:30,10:50,20,COMPLETE,5,0,DOWN,-0.819672131147541,AVAILABLE,3.0,False,,,VOLUME_EXPANSION|TRADING_VALUE_EXPANSION,UNRESOLVED_STRUCTURE,OBSERVATION_INSUFFICIENT,1,0,1,False,0,0,False,INHERITED_RAW_PRICE_BASIS,True,False
2025-07-16|27430,2025-07-16,27430,10:30,10:55,25,PARTIAL,4,1,,,AVAILABLE,3.0,False,,,,UNRESOLVED_STRUCTURE,WINDOW_OBSERVED,0,1,1,False,0,0,False,INHERITED_RAW_PRICE_BASIS,False,False
2025-07-16|27430,2025-07-16,27430,10:30,11:00,30,COMPLETE,5,0,UNCHANGED,0.0,AVAILABLE,3.0,False,,,,UNRESOLVED_STRUCTURE,WINDOW_OBSERVED,0,1,1,False,0,0,False,INHERITED_RAW_PRICE_BASIS,False,False
2025-07-16|27430,2025-07-16,27430,10:30,11:05,35,COMPLETE,5,0,DOWN,-1.6528925619834711,AVAILABLE,3.0,False,,,RANGE_EXPANSION|VOLUME_COMPRESSION|TRADING_VALUE_COMPRESSION,UNRESOLVED_STRUCTURE,OBSERVATION_INSUFFICIENT,1,0,1,False,0,0,False,INHERITED_RAW_PRICE_BASIS,True,False
2025-07-16|27430,2025-07-16,27430,10:30,11:10,40,COMPLETE,5,0,UP,0.8333333333333334,AVAILABLE,3.0,False,,,RANGE_EXPANSION,UNRESOLVED_STRUCTURE,OBSERVATION_INSUFFICIENT,1,0,1,False,0,0,False,INHERITED_RAW_PRICE_BASIS,True,False
2025-07-16|27430,2025-07-16,27430,10:30,11:15,45,PARTIAL,4,1,,,AVAILABLE,3.0,False,,,,CURRENT_BAR_UNAVAILABLE,WINDOW_OBSERVED,0,0,0,False,0,0,False,INHERITED_RAW_PRICE_BASIS,False,False
2025-07-16|27430,2025-07-16,27430,10:30,11:20,50,COMPLETE,5,0,UNCHANGED,0.0,AVAILABLE,3.0,False,,,,UNRESOLVED_STRUCTURE,OBSERVATION_INSUFFICIENT,1,0,0,False,0,0,False,INHERITED_RAW_PRICE_BASIS,False,False
2025-07-16|27430,2025-07-16,27430,10:30,11:25,55,COMPLETE,5,0,UP,0.8403361344537815,AVAILABLE,3.0,False,,,VOLUME_EXPANSION|TRADING_VALUE_EXPANSION,UNRESOLVED_STRUCTURE,OBSERVATION_INSUFFICIENT,1,0,0,False,0,0,False,INHERITED_RAW_PRICE_BASIS,True,False
2025-07-16|27430,2025-07-16,27430,10:30,11:30,60,PARTIAL,4,1,,,AVAILABLE,3.0,False,,,,UNRESOLVED_STRUCTURE,WINDOW_OBSERVED,0,0,0,False,0,0,False,INHERITED_RAW_PRICE_BASIS,False,False
2025-07-16|27430,2025-07-16,27430,10:30,12:35,65,COMPLETE,5,0,DOWN,-1.6666666666666667,AVAILABLE,3.0,False,,,,UNRESOLVED_STRUCTURE,WINDOW_OBSERVED,0,1,1,False,0,0,False,INHERITED_RAW_PRICE_BASIS,False,False
2025-07-16|27430,2025-07-16,27430,10:30,12:40,70,COMPLETE,5,0,DOWN,-0.847457627118644,AVAILABLE,3.0,False,,,RANGE_COMPRESSION,UNRESOLVED_STRUCTURE,WINDOW_OBSERVED,0,1,1,False,0,0,False,INHERITED_RAW_PRICE_BASIS,True,False
2025-07-16|27430,2025-07-16,27430,10:30,12:45,75,COMPLETE,5,0,DOWN,-0.847457627118644,AVAILABLE,3.0,False,,,RANGE_EXPANSION|VOLUME_COMPRESSION|TRADING_VALUE_COMPRESSION,UNRESOLVED_STRUCTURE,WINDOW_OBSERVED,0,0,1,False,0,0,False,INHERITED_RAW_PRICE_BASIS,True,False
2025-07-16|27430,2025-07-16,27430,10:30,12:50,80,COMPLETE,5,0,UNCHANGED,0.0,AVAILABLE,3.0,False,,,CHOPPINESS|VOLUME_COMPRESSION|TRADING_VALUE_COMPRESSION,UNRESOLVED_STRUCTURE,WINDOW_OBSERVED,0,0,1,False,0,0,False,INHERITED_RAW_PRICE_BASIS,True,False
2025-07-16|27430,2025-07-16,27430,10:30,12:55,85,COMPLETE,5,0,DOWN,-0.8547008547008547,AVAILABLE,3.0,False,,,CHOPPINESS|VOLUME_EXPANSION|TRADING_VALUE_EXPANSION,UNRESOLVED_STRUCTURE,WINDOW_OBSERVED,0,0,1,False,0,0,False,INHERITED_RAW_PRICE_BASIS,True,False
2025-07-16|27430,2025-07-16,27430,10:30,13:00,90,COMPLETE,5,0,DOWN,-2.586206896551724,AVAILABLE,3.0,False,,,RANGE_EXPANSION|VOLUME_EXPANSION|TRADING_VALUE_EXPANSION,UNRESOLVED_STRUCTURE,WINDOW_OBSERVED,0,0,1,False,0,0,False,INHERITED_RAW_PRICE_BASIS,True,False
2025-07-16|27430,2025-07-16,27430,10:30,13:05,95,COMPLETE,5,0,UP,0.8849557522123894,AVAILABLE,3.0,False,RANGE_STRUCTURE,BALANCE,RANGE_COMPRESSION|VOLUME_COMPRESSION|TRADING_VALUE_COMPRESSION,IDENTIFIED,WINDOW_OBSERVED,0,0,1,True,0,0,True,INHERITED_RAW_PRICE_BASIS,True,True
2025-07-16|27430,2025-07-16,27430,10:30,13:10,100,COMPLETE,5,0,DOWN,-0.8771929824561403,AVAILABLE,3.0,False,RANGE_STRUCTURE,BALANCE,,IDENTIFIED,WINDOW_OBSERVED,0,0,1,True,0,0,True,INHERITED_RAW_PRICE_BASIS,True,False
2025-07-16|27430,2025-07-16,27430,10:30,13:15,105,COMPLETE,5,0,UNCHANGED,0.0,AVAILABLE,3.0,False,,RESTRUCTURING|RECOVERY,RANGE_EXPANSION|VOLUME_EXPANSION|TRADING_VALUE_EXPANSION,UNRESOLVED_STRUCTURE,WINDOW_OBSERVED,0,0,2,False,0,2,True,INHERITED_RAW_PRICE_BASIS,True,True
2025-07-16|27430,2025-07-16,27430,10:30,13:20,110,COMPLETE,5,0,DOWN,-1.7699115044247788,AVAILABLE,3.0,False,,RESTRUCTURING|RECOVERY,RANGE_COMPRESSION|VOLUME_COMPRESSION|TRADING_VALUE_COMPRESSION,UNRESOLVED_STRUCTURE,WINDOW_OBSERVED,0,0,2,False,0,0,True,INHERITED_RAW_PRICE_BASIS,True,False
2025-07-16|27430,2025-07-16,27430,10:30,13:25,115,COMPLETE,5,0,UP,0.9009009009009009,AVAILABLE,3.0,False,,RESTRUCTURING|RECOVERY,VOLUME_EXPANSION|TRADING_VALUE_EXPANSION,UNRESOLVED_STRUCTURE,WINDOW_OBSERVED,0,0,2,False,0,0,True,INHERITED_RAW_PRICE_BASIS,True,False
2025-07-16|27430,2025-07-16,27430,10:30,13:30,120,COMPLETE,5,0,DOWN,-0.8928571428571429,AVAILABLE,3.0,False,RANGE_STRUCTURE,BALANCE|RECOVERY,RANGE_COMPRESSION|VOLUME_COMPRESSION|TRADING_VALUE_COMPRESSION,IDENTIFIED,WINDOW_OBSERVED,0,0,2,True,0,0,True,INHERITED_RAW_PRICE_BASIS,True,True
2025-07-16|27430,2025-07-16,27430,10:30,13:35,125,COMPLETE,5,0,UP,2.7027027027027026,AVAILABLE,3.0,False,RANGE_STRUCTURE,BALANCE|RECOVERY,RANGE_EXPANSION|VOLUME_EXPANSION|TRADING_VALUE_EXPANSION,IDENTIFIED,WINDOW_OBSERVED,0,0,2,True,0,0,True,INHERITED_RAW_PRICE_BASIS,True,False
2025-07-16|27430,2025-07-16,27430,10:30,13:40,130,COMPLETE,5,0,UNCHANGED,0.0,AVAILABLE,3.0,False,RANGE_STRUCTURE,BALANCE|RECOVERY,RANGE_COMPRESSION,IDENTIFIED,WINDOW_OBSERVED,0,0,2,True,0,0,True,INHERITED_RAW_PRICE_BASIS,True,False
2025-07-16|27430,2025-07-16,27430,10:30,13:45,135,COMPLETE,5,0,UP,0.8849557522123894,AVAILABLE,3.0,False,RANGE_STRUCTURE,BALANCE|RECOVERY,RANGE_EXPANSION,IDENTIFIED,OBSERVATION_INSUFFICIENT,1,0,2,True,0,0,True,INHERITED_RAW_PRICE_BASIS,True,False
2025-07-16|27430,2025-07-16,27430,10:30,13:50,140,COMPLETE,5,0,UP,0.8849557522123894,AVAILABLE,3.0,False,RANGE_STRUCTURE,BALANCE|RECOVERY,RANGE_COMPRESSION|VOLUME_COMPRESSION|TRADING_VALUE_COMPRESSION,IDENTIFIED,OBSERVATION_INSUFFICIENT,1,0,2,True,0,0,True,INHERITED_RAW_PRICE_BASIS,True,False
2025-07-16|27430,2025-07-16,27430,10:30,13:55,145,PARTIAL,4,1,,,AVAILABLE,3.0,False,,,,UNRESOLVED_STRUCTURE,OBSERVATION_INSUFFICIENT,1,0,0,False,0,0,False,INHERITED_RAW_PRICE_BASIS,False,False
2025-07-16|27430,2025-07-16,27430,10:30,14:00,150,COMPLETE,5,0,DOWN,-0.8771929824561403,AVAILABLE,3.0,False,,,,UNRESOLVED_STRUCTURE,OBSERVATION_INSUFFICIENT,1,0,0,False,0,0,False,INHERITED_RAW_PRICE_BASIS,False,False
2025-07-16|27430,2025-07-16,27430,10:30,14:05,155,PARTIAL,4,1,,,AVAILABLE,3.0,False,,,,UNRESOLVED_STRUCTURE,WINDOW_OBSERVED,0,0,0,False,0,0,False,INHERITED_RAW_PRICE_BASIS,False,False
2025-07-16|27430,2025-07-16,27430,10:30,14:10,160,COMPLETE,5,0,UNCHANGED,0.0,AVAILABLE,3.0,False,,,,UNRESOLVED_STRUCTURE,WINDOW_OBSERVED,0,0,0,False,0,0,False,INHERITED_RAW_PRICE_BASIS,False,False
2025-07-16|27430,2025-07-16,27430,10:30,14:15,165,COMPLETE,5,0,UP,0.9009009009009009,AVAILABLE,3.0,False,,,,UNRESOLVED_STRUCTURE,WINDOW_OBSERVED,0,0,0,False,0,0,False,INHERITED_RAW_PRICE_BASIS,True,False
2025-07-16|27430,2025-07-16,27430,10:30,14:20,170,COMPLETE,5,0,UNCHANGED,0.0,AVAILABLE,3.0,False,,,VOLUME_COMPRESSION|TRADING_VALUE_COMPRESSION,UNRESOLVED_STRUCTURE,WINDOW_OBSERVED,0,0,0,False,0,0,False,INHERITED_RAW_PRICE_BASIS,True,False
2025-07-16|27430,2025-07-16,27430,10:30,14:25,175,COMPLETE,5,0,UNCHANGED,0.0,AVAILABLE,3.0,False,,,VOLUME_COMPRESSION|TRADING_VALUE_COMPRESSION,UNRESOLVED_STRUCTURE,WINDOW_OBSERVED,0,0,0,False,0,0,False,INHERITED_RAW_PRICE_BASIS,True,False
2025-07-16|27430,2025-07-16,27430,10:30,14:30,180,COMPLETE,5,0,DOWN,-0.8928571428571429,AVAILABLE,3.0,False,,,VOLUME_EXPANSION|TRADING_VALUE_EXPANSION,UNRESOLVED_STRUCTURE,WINDOW_OBSERVED,0,1,1,False,0,0,False,INHERITED_RAW_PRICE_BASIS,True,False
2025-07-16|27430,2025-07-16,27430,10:30,14:35,185,COMPLETE,5,0,UNCHANGED,0.0,AVAILABLE,3.0,False,,,,UNRESOLVED_STRUCTURE,WINDOW_OBSERVED,0,1,1,False,0,0,False,INHERITED_RAW_PRICE_BASIS,True,False
2025-07-16|27430,2025-07-16,27430,10:30,14:40,190,COMPLETE,5,0,DOWN,-0.9009009009009009,AVAILABLE,3.0,False,,RESTRUCTURING,RANGE_EXPANSION|VOLUME_EXPANSION|TRADING_VALUE_EXPANSION,UNRESOLVED_STRUCTURE,WINDOW_OBSERVED,0,0,1,False,0,0,True,INHERITED_RAW_PRICE_BASIS,True,True
2025-07-16|27430,2025-07-16,27430,10:30,14:45,195,COMPLETE,5,0,UNCHANGED,0.0,AVAILABLE,3.0,False,,RESTRUCTURING,RANGE_COMPRESSION|VOLUME_COMPRESSION|TRADING_VALUE_COMPRESSION,UNRESOLVED_STRUCTURE,WINDOW_OBSERVED,0,0,1,False,0,1,True,INHERITED_RAW_PRICE_BASIS,True,False
2025-07-16|27430,2025-07-16,27430,10:30,14:50,200,COMPLETE,5,0,DOWN,-1.8181818181818181,AVAILABLE,3.0,False,,RESTRUCTURING,RANGE_EXPANSION|VOLUME_EXPANSION|TRADING_VALUE_EXPANSION,UNRESOLVED_STRUCTURE,WINDOW_OBSERVED,0,0,1,False,0,1,True,INHERITED_RAW_PRICE_BASIS,True,False
2025-07-16|27430,2025-07-16,27430,10:30,14:55,205,COMPLETE,5,0,UP,1.8518518518518519,AVAILABLE,3.0,False,,RESTRUCTURING,VOLUME_COMPRESSION|TRADING_VALUE_COMPRESSION,UNRESOLVED_STRUCTURE,WINDOW_OBSERVED,0,0,1,False,0,1,True,INHERITED_RAW_PRICE_BASIS,True,False
2025-07-16|27430,2025-07-16,27430,10:30,15:00,210,COMPLETE,5,0,DOWN,-0.9090909090909091,AVAILABLE,3.0,False,RANGE_STRUCTURE,BALANCE,RANGE_COMPRESSION|VOLUME_COMPRESSION|TRADING_VALUE_COMPRESSION,IDENTIFIED,WINDOW_OBSERVED,0,0,1,True,0,0,True,INHERITED_RAW_PRICE_BASIS,True,True
2025-07-16|27430,2025-07-16,27430,10:30,15:05,215,COMPLETE,5,0,UP,0.9174311926605505,AVAILABLE,3.0,False,RANGE_STRUCTURE,BALANCE,VOLUME_EXPANSION|TRADING_VALUE_EXPANSION,IDENTIFIED,WINDOW_OBSERVED,0,0,1,True,0,0,True,INHERITED_RAW_PRICE_BASIS,True,False
2025-07-16|27430,2025-07-16,27430,10:30,15:10,220,COMPLETE,5,0,UNCHANGED,0.0,AVAILABLE,3.0,False,RANGE_STRUCTURE,BALANCE,VOLUME_COMPRESSION|TRADING_VALUE_COMPRESSION,IDENTIFIED,WINDOW_OBSERVED,0,0,1,True,0,0,True,INHERITED_RAW_PRICE_BASIS,True,False
2025-07-16|27430,2025-07-16,27430,10:30,15:15,225,COMPLETE,5,0,DOWN,-0.9090909090909091,AVAILABLE,3.0,False,RANGE_STRUCTURE,BALANCE,VOLUME_EXPANSION|TRADING_VALUE_EXPANSION,IDENTIFIED,WINDOW_OBSERVED,0,0,1,True,0,0,True,INHERITED_RAW_PRICE_BASIS,True,False
2025-07-16|27430,2025-07-16,27430,10:30,15:20,230,COMPLETE,5,0,UNCHANGED,0.0,AVAILABLE,3.0,False,RANGE_STRUCTURE,BALANCE,VOLUME_COMPRESSION|TRADING_VALUE_COMPRESSION,IDENTIFIED,RIGHT_CENSORED,0,0,1,True,0,0,True,INHERITED_RAW_PRICE_BASIS,True,False
2025-07-16|27430,2025-07-16,27430,10:30,15:25,235,COMPLETE,5,0,DOWN,-0.9174311926605505,AVAILABLE,3.0,False,RANGE_STRUCTURE,BALANCE,CHOPPINESS|RANGE_EXPANSION,IDENTIFIED,RIGHT_CENSORED,0,0,1,True,0,2,True,INHERITED_RAW_PRICE_BASIS,True,False
2025-07-16|277A0,2025-07-16,277A0,10:30,10:30,0,COMPLETE,5,0,UP,0.037257824143070044,AVAILABLE,14.5,False,DOWN_STRUCTURE,PROGRESSION,CHOPPINESS|RANGE_COMPRESSION,IDENTIFIED,WINDOW_OBSERVED,0,0,11,False,1,0,True,INHERITED_RAW_PRICE_BASIS,False,False
2025-07-16|277A0,2025-07-16,277A0,10:30,10:35,5,COMPLETE,5,0,DOWN,-0.7835820895522388,AVAILABLE,14.5,False,DOWN_STRUCTURE,PROGRESSION,,IDENTIFIED,WINDOW_OBSERVED,0,0,11,False,2,1,True,INHERITED_RAW_PRICE_BASIS,True,False
2025-07-16|277A0,2025-07-16,277A0,10:30,10:40,10,COMPLETE,5,0,UP,0.07513148009015777,AVAILABLE,14.5,False,DOWN_STRUCTURE,PROGRESSION,CHOPPINESS|VOLUME_COMPRESSION|TRADING_VALUE_COMPRESSION,IDENTIFIED,WINDOW_OBSERVED,0,0,11,False,0,0,True,INHERITED_RAW_PRICE_BASIS,True,False
2025-07-16|277A0,2025-07-16,277A0,10:30,10:45,15,COMPLETE,5,0,DOWN,-0.974512743628186,AVAILABLE,14.5,False,DOWN_STRUCTURE,PROGRESSION,,IDENTIFIED,WINDOW_OBSERVED,0,0,11,False,1,1,True,INHERITED_RAW_PRICE_BASIS,True,False
2025-07-16|277A0,2025-07-16,277A0,10:30,10:50,20,COMPLETE,5,0,UP,0.037835792659856225,AVAILABLE,14.5,False,DOWN_STRUCTURE,PROGRESSION,CHOPPINESS|RANGE_COMPRESSION|VOLUME_EXPANSION|TRADING_VALUE_EXPANSION,IDENTIFIED,WINDOW_OBSERVED,0,0,11,False,4,4,True,INHERITED_RAW_PRICE_BASIS,True,False
2025-07-16|277A0,2025-07-16,277A0,10:30,10:55,25,COMPLETE,5,0,DOWN,-0.3409090909090909,AVAILABLE,14.5,False,DOWN_STRUCTURE,PROGRESSION,CHOPPINESS|VOLUME_COMPRESSION|TRADING_VALUE_COMPRESSION,IDENTIFIED,WINDOW_OBSERVED,0,0,11,False,1,4,True,INHERITED_RAW_PRICE_BASIS,True,False
2025-07-16|277A0,2025-07-16,277A0,10:30,11:00,30,COMPLETE,5,0,DOWN,-0.2282236591860023,AVAILABLE,14.5,False,DOWN_STRUCTURE,CORRECTION|RECOVERY,,IDENTIFIED,WINDOW_OBSERVED,0,1,12,False,3,3,True,INHERITED_RAW_PRICE_BASIS,True,True
2025-07-16|277A0,2025-07-16,277A0,10:30,11:05,35,COMPLETE,5,0,DOWN,-0.11432926829268293,AVAILABLE,14.5,False,DOWN_STRUCTURE,PROGRESSION,,IDENTIFIED,OBSERVATION_INSUFFICIENT,1,1,13,False,4,4,True,INHERITED_RAW_PRICE_BASIS,True,True
2025-07-16|277A0,2025-07-16,277A0,10:30,11:10,40,COMPLETE,5,0,DOWN,-0.8771929824561403,AVAILABLE,14.5,False,DOWN_STRUCTURE,PROGRESSION,RANGE_EXPANSION|VOLUME_EXPANSION|TRADING_VALUE_EXPANSION,IDENTIFIED,OBSERVATION_INSUFFICIENT,1,0,13,False,4,2,True,INHERITED_RAW_PRICE_BASIS,True,False
2025-07-16|277A0,2025-07-16,277A0,10:30,11:15,45,PARTIAL,4,1,,,AVAILABLE,14.5,False,,,,UNRESOLVED_STRUCTURE,WINDOW_OBSERVED,0,0,0,False,0,0,False,INHERITED_RAW_PRICE_BASIS,False,False
2025-07-16|277A0,2025-07-16,277A0,10:30,11:20,50,COMPLETE,5,0,DOWN,-1.2648524338827136,AVAILABLE,14.5,False,,,,UNRESOLVED_STRUCTURE,WINDOW_OBSERVED,0,1,3,False,1,1,False,INHERITED_RAW_PRICE_BASIS,False,False
2025-07-16|277A0,2025-07-16,277A0,10:30,11:25,55,COMPLETE,5,0,UP,0.8540372670807453,AVAILABLE,14.5,False,,RESTRUCTURING,RANGE_COMPRESSION|VOLUME_COMPRESSION|TRADING_VALUE_COMPRESSION,UNRESOLVED_STRUCTURE,WINDOW_OBSERVED,0,1,5,False,3,4,True,INHERITED_RAW_PRICE_BASIS,True,True
2025-07-16|277A0,2025-07-16,277A0,10:30,11:30,60,COMPLETE,5,0,DOWN,-0.7318952234206472,AVAILABLE,14.5,False,,RESTRUCTURING,,UNRESOLVED_STRUCTURE,WINDOW_OBSERVED,0,0,5,False,1,1,True,INHERITED_RAW_PRICE_BASIS,True,False
2025-07-16|277A0,2025-07-16,277A0,10:30,12:35,65,COMPLETE,5,0,DOWN,-1.4700193423597678,AVAILABLE,14.5,False,,RESTRUCTURING,,UNRESOLVED_STRUCTURE,WINDOW_OBSERVED,0,0,1,False,2,0,True,INHERITED_RAW_PRICE_BASIS,True,False
2025-07-16|277A0,2025-07-16,277A0,10:30,12:40,70,COMPLETE,5,0,DOWN,-0.6284367635506677,AVAILABLE,14.5,False,,RESTRUCTURING,VOLUME_COMPRESSION|TRADING_VALUE_COMPRESSION,UNRESOLVED_STRUCTURE,WINDOW_OBSERVED,0,0,1,False,2,2,True,INHERITED_RAW_PRICE_BASIS,True,False
2025-07-16|277A0,2025-07-16,277A0,10:30,12:45,75,COMPLETE,5,0,DOWN,-0.3951007506914263,AVAILABLE,14.5,False,,RESTRUCTURING|RECOVERY,CHOPPINESS|VOLUME_EXPANSION|TRADING_VALUE_EXPANSION,UNRESOLVED_STRUCTURE,WINDOW_OBSERVED,0,1,2,False,5,3,True,INHERITED_RAW_PRICE_BASIS,True,True
2025-07-16|277A0,2025-07-16,277A0,10:30,12:50,80,COMPLETE,5,0,UP,0.6740681998413958,AVAILABLE,14.5,False,,RESTRUCTURING|RECOVERY,VOLUME_COMPRESSION|TRADING_VALUE_COMPRESSION,UNRESOLVED_STRUCTURE,WINDOW_OBSERVED,0,0,2,False,0,0,True,INHERITED_RAW_PRICE_BASIS,True,False
2025-07-16|277A0,2025-07-16,277A0,10:30,12:55,85,COMPLETE,5,0,DOWN,-0.1966955153422502,AVAILABLE,14.5,False,,RESTRUCTURING|RECOVERY,CHOPPINESS|RANGE_COMPRESSION,UNRESOLVED_STRUCTURE,WINDOW_OBSERVED,0,0,2,False,0,0,True,INHERITED_RAW_PRICE_BASIS,True,False
2025-07-16|277A0,2025-07-16,277A0,10:30,13:00,90,COMPLETE,5,0,UP,0.19731649565903708,AVAILABLE,14.5,False,,RESTRUCTURING|RECOVERY,,UNRESOLVED_STRUCTURE,WINDOW_OBSERVED,0,0,2,False,0,0,True,INHERITED_RAW_PRICE_BASIS,True,False
2025-07-16|277A0,2025-07-16,277A0,10:30,13:05,95,COMPLETE,5,0,UP,0.39401103230890466,AVAILABLE,14.5,False,,RESTRUCTURING|RECOVERY,,UNRESOLVED_STRUCTURE,WINDOW_OBSERVED,0,0,2,False,0,0,True,INHERITED_RAW_PRICE_BASIS,True,False
2025-07-16|277A0,2025-07-16,277A0,10:30,13:10,100,COMPLETE,5,0,UP,0.5104043973301924,AVAILABLE,14.5,False,,RESTRUCTURING|RECOVERY,,UNRESOLVED_STRUCTURE,WINDOW_OBSERVED,0,0,2,False,1,0,True,INHERITED_RAW_PRICE_BASIS,True,False
2025-07-16|277A0,2025-07-16,277A0,10:30,13:15,105,COMPLETE,5,0,UP,0.234375,AVAILABLE,14.5,False,,RESTRUCTURING,CHOPPINESS|VOLUME_EXPANSION|TRADING_VALUE_EXPANSION,UNRESOLVED_STRUCTURE,WINDOW_OBSERVED,0,1,3,False,1,1,True,INHERITED_RAW_PRICE_BASIS,True,True
2025-07-16|277A0,2025-07-16,277A0,10:30,13:20,110,COMPLETE,5,0,UP,0.07797270955165692,AVAILABLE,14.5,False,UP_STRUCTURE,RECOVERY,,IDENTIFIED,WINDOW_OBSERVED,0,1,4,False,4,2,True,INHERITED_RAW_PRICE_BASIS,True,True
2025-07-16|277A0,2025-07-16,277A0,10:30,13:25,115,COMPLETE,5,0,DOWN,-0.38910505836575876,AVAILABLE,14.5,False,UP_STRUCTURE,CORRECTION,,IDENTIFIED,OBSERVATION_INSUFFICIENT,1,1,5,False,1,2,True,INHERITED_RAW_PRICE_BASIS,True,True
2025-07-16|277A0,2025-07-16,277A0,10:30,13:30,120,COMPLETE,5,0,DOWN,-0.15618898867629832,AVAILABLE,14.5,False,,RESTRUCTURING,RANGE_COMPRESSION|VOLUME_COMPRESSION|TRADING_VALUE_COMPRESSION,UNRESOLVED_STRUCTURE,OBSERVATION_INSUFFICIENT,1,0,5,False,4,2,True,INHERITED_RAW_PRICE_BASIS,True,True
2025-07-16|277A0,2025-07-16,277A0,10:30,13:35,125,PARTIAL,4,1,,,AVAILABLE,14.5,False,,,,CURRENT_BAR_UNAVAILABLE,OBSERVATION_INSUFFICIENT,3,0,0,False,1,1,False,INHERITED_RAW_PRICE_BASIS,False,False
2025-07-16|277A0,2025-07-16,277A0,10:30,13:40,130,COMPLETE,5,0,UP,0.2361275088547816,AVAILABLE,14.5,False,,,,UNRESOLVED_STRUCTURE,OBSERVATION_INSUFFICIENT,3,0,0,False,0,0,False,INHERITED_RAW_PRICE_BASIS,False,False
2025-07-16|277A0,2025-07-16,277A0,10:30,13:45,135,PARTIAL,2,3,,,AVAILABLE,14.5,False,,,,CURRENT_BAR_UNAVAILABLE,OBSERVATION_INSUFFICIENT,1,0,0,False,0,0,False,INHERITED_RAW_PRICE_BASIS,False,False
2025-07-16|277A0,2025-07-16,277A0,10:30,13:50,140,COMPLETE,5,0,DOWN,-0.3137254901960784,AVAILABLE,14.5,False,,,,UNRESOLVED_STRUCTURE,OBSERVATION_INSUFFICIENT,2,0,0,False,0,0,False,INHERITED_RAW_PRICE_BASIS,False,False
2025-07-16|277A0,2025-07-16,277A0,10:30,13:55,145,PARTIAL,4,1,,,AVAILABLE,14.5,False,,,,UNRESOLVED_STRUCTURE,OBSERVATION_INSUFFICIENT,1,0,0,False,0,0,False,INHERITED_RAW_PRICE_BASIS,False,False
2025-07-16|277A0,2025-07-16,277A0,10:30,14:00,150,PARTIAL,4,1,,,AVAILABLE,14.5,False,,,,UNRESOLVED_STRUCTURE,WINDOW_OBSERVED,0,0,0,False,0,0,False,INHERITED_RAW_PRICE_BASIS,False,False
2025-07-16|277A0,2025-07-16,277A0,10:30,14:05,155,COMPLETE,5,0,UP,0.15723270440251572,AVAILABLE,14.5,False,,,CHOPPINESS,UNRESOLVED_STRUCTURE,WINDOW_OBSERVED,0,0,1,False,0,0,False,INHERITED_RAW_PRICE_BASIS,False,False
2025-07-16|277A0,2025-07-16,277A0,10:30,14:10,160,COMPLETE,5,0,DOWN,-0.07840062720501764,AVAILABLE,14.5,False,,,CHOPPINESS,UNRESOLVED_STRUCTURE,OBSERVATION_INSUFFICIENT,2,0,1,False,0,0,False,INHERITED_RAW_PRICE_BASIS,True,False
2025-07-16|277A0,2025-07-16,277A0,10:30,14:15,165,COMPLETE,5,0,UP,0.1569242840329541,AVAILABLE,14.5,False,,,RANGE_COMPRESSION|VOLUME_COMPRESSION|TRADING_VALUE_COMPRESSION,UNRESOLVED_STRUCTURE,OBSERVATION_INSUFFICIENT,2,0,1,False,0,0,False,INHERITED_RAW_PRICE_BASIS,True,False
2025-07-16|277A0,2025-07-16,277A0,10:30,14:20,170,PARTIAL,3,2,,,AVAILABLE,14.5,False,,,,UNRESOLVED_STRUCTURE,WINDOW_OBSERVED,0,0,0,False,0,0,False,INHERITED_RAW_PRICE_BASIS,False,False
2025-07-16|277A0,2025-07-16,277A0,10:30,14:25,175,COMPLETE,5,0,DOWN,-0.1569242840329541,AVAILABLE,14.5,False,,,,UNRESOLVED_STRUCTURE,WINDOW_OBSERVED,0,0,0,False,0,0,False,INHERITED_RAW_PRICE_BASIS,False,False
2025-07-16|277A0,2025-07-16,277A0,10:30,14:30,180,COMPLETE,5,0,UP,0.3143418467583497,AVAILABLE,14.5,False,,,RANGE_EXPANSION|VOLUME_EXPANSION|TRADING_VALUE_EXPANSION,UNRESOLVED_STRUCTURE,WINDOW_OBSERVED,0,1,1,False,0,0,False,INHERITED_RAW_PRICE_BASIS,True,False
2025-07-16|277A0,2025-07-16,277A0,10:30,14:35,185,COMPLETE,5,0,UP,0.07827788649706457,AVAILABLE,14.5,False,,,CHOPPINESS|RANGE_COMPRESSION|VOLUME_COMPRESSION|TRADING_VALUE_COMPRESSION,UNRESOLVED_STRUCTURE,WINDOW_OBSERVED,0,0,1,False,0,0,False,INHERITED_RAW_PRICE_BASIS,True,False
2025-07-16|277A0,2025-07-16,277A0,10:30,14:40,190,COMPLETE,5,0,UP,1.1332551778038296,AVAILABLE,14.5,False,,,RANGE_EXPANSION|VOLUME_EXPANSION|TRADING_VALUE_EXPANSION,UNRESOLVED_STRUCTURE,OBSERVATION_INSUFFICIENT,1,0,1,False,0,0,False,INHERITED_RAW_PRICE_BASIS,True,False
2025-07-16|277A0,2025-07-16,277A0,10:30,14:45,195,COMPLETE,5,0,UNCHANGED,0.0,AVAILABLE,14.5,False,,,RANGE_COMPRESSION,UNRESOLVED_STRUCTURE,OBSERVATION_INSUFFICIENT,1,0,1,False,0,0,False,INHERITED_RAW_PRICE_BASIS,True,False
2025-07-16|277A0,2025-07-16,277A0,10:30,14:50,200,PARTIAL,4,1,,,AVAILABLE,14.5,False,,,,UNRESOLVED_STRUCTURE,WINDOW_OBSERVED,0,1,1,False,0,0,False,INHERITED_RAW_PRICE_BASIS,False,False
2025-07-16|277A0,2025-07-16,277A0,10:30,14:55,205,COMPLETE,5,0,DOWN,-0.07733952049497293,AVAILABLE,14.5,False,,,CHOPPINESS,UNRESOLVED_STRUCTURE,WINDOW_OBSERVED,0,1,1,False,0,0,False,INHERITED_RAW_PRICE_BASIS,False,False
2025-07-16|277A0,2025-07-16,277A0,10:30,15:00,210,COMPLETE,5,0,DOWN,-0.15491866769945778,AVAILABLE,14.5,False,,RECOVERY,CHOPPINESS,UNRESOLVED_STRUCTURE,OBSERVATION_INSUFFICIENT,1,1,2,False,0,0,True,INHERITED_RAW_PRICE_BASIS,True,True
2025-07-16|277A0,2025-07-16,277A0,10:30,15:05,215,COMPLETE,5,0,DOWN,-0.15497869043006587,AVAILABLE,14.5,False,,RECOVERY,CHOPPINESS|VOLUME_EXPANSION|TRADING_VALUE_EXPANSION,UNRESOLVED_STRUCTURE,OBSERVATION_INSUFFICIENT,1,1,2,False,0,0,True,INHERITED_RAW_PRICE_BASIS,True,False
2025-07-16|277A0,2025-07-16,277A0,10:30,15:10,220,PARTIAL,4,1,,,AVAILABLE,14.5,False,,,,UNRESOLVED_STRUCTURE,OBSERVATION_INSUFFICIENT,1,0,0,False,1,0,False,INHERITED_RAW_PRICE_BASIS,False,False
2025-07-16|277A0,2025-07-16,277A0,10:30,15:15,225,COMPLETE,5,0,UP,0.26758409785932724,AVAILABLE,14.5,False,,,,UNRESOLVED_STRUCTURE,OBSERVATION_INSUFFICIENT,1,0,0,False,0,0,False,INHERITED_RAW_PRICE_BASIS,False,False
2025-07-16|277A0,2025-07-16,277A0,10:30,15:20,230,PARTIAL,4,1,,,AVAILABLE,14.5,False,,,,UNRESOLVED_STRUCTURE,RIGHT_CENSORED,0,0,0,False,0,0,False,INHERITED_RAW_PRICE_BASIS,False,False
2025-07-16|277A0,2025-07-16,277A0,10:30,15:25,235,COMPLETE,5,0,UP,0.03815337657382678,AVAILABLE,14.5,False,,,,UNRESOLVED_STRUCTURE,RIGHT_CENSORED,0,0,0,False,2,0,False,INHERITED_RAW_PRICE_BASIS,False,False
2025-07-16|32410,2025-07-16,32410,11:30,11:30,0,PARTIAL,1,4,,,SCALE_INSUFFICIENT,,False,,,,SCALE_UNAVAILABLE,OBSERVATION_INSUFFICIENT,8,0,0,False,0,0,False,INHERITED_RAW_PRICE_BASIS,False,False
2025-07-16|32410,2025-07-16,32410,11:30,12:35,5,PARTIAL,1,4,,,SCALE_INSUFFICIENT,,False,,,,CURRENT_BAR_UNAVAILABLE,OBSERVATION_INSUFFICIENT,9,0,0,False,0,0,False,INHERITED_RAW_PRICE_BASIS,False,False
2025-07-16|32410,2025-07-16,32410,11:30,12:40,10,PARTIAL,1,4,,,SCALE_INSUFFICIENT,,False,,,,CURRENT_BAR_UNAVAILABLE,OBSERVATION_INSUFFICIENT,10,0,0,False,0,0,False,INHERITED_RAW_PRICE_BASIS,False,False
2025-07-16|32410,2025-07-16,32410,11:30,12:45,15,UNAVAILABLE,0,5,,,SCALE_INSUFFICIENT,,False,,,,CURRENT_BAR_UNAVAILABLE,OBSERVATION_INSUFFICIENT,10,0,0,False,0,0,False,INHERITED_RAW_PRICE_BASIS,False,False
2025-07-16|32410,2025-07-16,32410,11:30,12:50,20,UNAVAILABLE,0,5,,,SCALE_INSUFFICIENT,,False,,,,CURRENT_BAR_UNAVAILABLE,OBSERVATION_INSUFFICIENT,10,0,0,False,0,0,False,INHERITED_RAW_PRICE_BASIS,False,False
2025-07-16|32410,2025-07-16,32410,11:30,12:55,25,UNAVAILABLE,0,5,,,SCALE_INSUFFICIENT,,False,,,,CURRENT_BAR_UNAVAILABLE,OBSERVATION_INSUFFICIENT,10,0,0,False,0,0,False,INHERITED_RAW_PRICE_BASIS,False,False
2025-07-16|32410,2025-07-16,32410,11:30,13:00,30,UNAVAILABLE,0,5,,,SCALE_INSUFFICIENT,,False,,,,CURRENT_BAR_UNAVAILABLE,OBSERVATION_INSUFFICIENT,10,0,0,False,0,0,False,INHERITED_RAW_PRICE_BASIS,False,False
2025-07-16|32410,2025-07-16,32410,11:30,13:05,35,UNAVAILABLE,0,5,,,SCALE_INSUFFICIENT,,False,,,,CURRENT_BAR_UNAVAILABLE,OBSERVATION_INSUFFICIENT,9,0,0,False,0,0,False,INHERITED_RAW_PRICE_BASIS,False,False
2025-07-16|32410,2025-07-16,32410,11:30,13:10,40,UNAVAILABLE,0,5,,,SCALE_INSUFFICIENT,,False,,,,CURRENT_BAR_UNAVAILABLE,OBSERVATION_INSUFFICIENT,9,0,0,False,0,0,False,INHERITED_RAW_PRICE_BASIS,False,False
2025-07-16|32410,2025-07-16,32410,11:30,13:15,45,PARTIAL,1,4,,,SCALE_INSUFFICIENT,,False,,,,CURRENT_BAR_UNAVAILABLE,OBSERVATION_INSUFFICIENT,10,0,0,False,0,0,False,INHERITED_RAW_PRICE_BASIS,False,False
2025-07-16|32410,2025-07-16,32410,11:30,13:20,50,UNAVAILABLE,0,5,,,SCALE_INSUFFICIENT,,False,,,,CURRENT_BAR_UNAVAILABLE,OBSERVATION_INSUFFICIENT,10,0,0,False,0,0,False,INHERITED_RAW_PRICE_BASIS,False,False
2025-07-16|32410,2025-07-16,32410,11:30,13:25,55,UNAVAILABLE,0,5,,,SCALE_INSUFFICIENT,,False,,,,CURRENT_BAR_UNAVAILABLE,OBSERVATION_INSUFFICIENT,10,0,0,False,0,0,False,INHERITED_RAW_PRICE_BASIS,False,False
2025-07-16|32410,2025-07-16,32410,11:30,13:30,60,UNAVAILABLE,0,5,,,SCALE_INSUFFICIENT,,False,,,,CURRENT_BAR_UNAVAILABLE,OBSERVATION_INSUFFICIENT,10,0,0,False,0,0,False,INHERITED_RAW_PRICE_BASIS,False,False
2025-07-16|32410,2025-07-16,32410,11:30,13:35,65,UNAVAILABLE,0,5,,,SCALE_INSUFFICIENT,,False,,,,CURRENT_BAR_UNAVAILABLE,OBSERVATION_INSUFFICIENT,10,0,0,False,0,0,False,INHERITED_RAW_PRICE_BASIS,False,False
2025-07-16|32410,2025-07-16,32410,11:30,13:40,70,UNAVAILABLE,0,5,,,SCALE_INSUFFICIENT,,False,,,,CURRENT_BAR_UNAVAILABLE,OBSERVATION_INSUFFICIENT,10,0,0,False,0,0,False,INHERITED_RAW_PRICE_BASIS,False,False
2025-07-16|32410,2025-07-16,32410,11:30,13:45,75,UNAVAILABLE,0,5,,,SCALE_INSUFFICIENT,,False,,,,CURRENT_BAR_UNAVAILABLE,OBSERVATION_INSUFFICIENT,10,0,0,False,0,0,False,INHERITED_RAW_PRICE_BASIS,False,False
2025-07-16|32410,2025-07-16,32410,11:30,13:50,80,UNAVAILABLE,0,5,,,SCALE_INSUFFICIENT,,False,,,,CURRENT_BAR_UNAVAILABLE,OBSERVATION_INSUFFICIENT,8,0,0,False,0,0,False,INHERITED_RAW_PRICE_BASIS,False,False
2025-07-16|32410,2025-07-16,32410,11:30,13:55,85,UNAVAILABLE,0,5,,,SCALE_INSUFFICIENT,,False,,,,CURRENT_BAR_UNAVAILABLE,OBSERVATION_INSUFFICIENT,8,0,0,False,0,0,False,INHERITED_RAW_PRICE_BASIS,False,False
2025-07-16|32410,2025-07-16,32410,11:30,14:00,90,PARTIAL,2,3,,,SCALE_INSUFFICIENT,,False,,,,SCALE_UNAVAILABLE,OBSERVATION_INSUFFICIENT,8,0,0,False,0,0,False,INHERITED_RAW_PRICE_BASIS,False,False
2025-07-16|32410,2025-07-16,32410,11:30,14:05,95,UNAVAILABLE,0,5,,,SCALE_INSUFFICIENT,,False,,,,CURRENT_BAR_UNAVAILABLE,OBSERVATION_INSUFFICIENT,8,0,0,False,0,0,False,INHERITED_RAW_PRICE_BASIS,False,False
2025-07-16|32410,2025-07-16,32410,11:30,14:10,100,PARTIAL,2,3,,,SCALE_INSUFFICIENT,,False,,,,CURRENT_BAR_UNAVAILABLE,OBSERVATION_INSUFFICIENT,9,0,0,False,0,0,False,INHERITED_RAW_PRICE_BASIS,False,False
2025-07-16|32410,2025-07-16,32410,11:30,14:15,105,UNAVAILABLE,0,5,,,SCALE_INSUFFICIENT,,False,,,,CURRENT_BAR_UNAVAILABLE,OBSERVATION_INSUFFICIENT,8,0,0,False,0,0,False,INHERITED_RAW_PRICE_BASIS,False,False
2025-07-16|32410,2025-07-16,32410,11:30,14:20,110,PARTIAL,1,4,,,SCALE_INSUFFICIENT,,False,,,,SCALE_UNAVAILABLE,OBSERVATION_INSUFFICIENT,7,0,0,False,0,0,False,INHERITED_RAW_PRICE_BASIS,False,False
2025-07-16|32410,2025-07-16,32410,11:30,14:25,115,PARTIAL,1,4,,,SCALE_INSUFFICIENT,,False,,,,CURRENT_BAR_UNAVAILABLE,OBSERVATION_INSUFFICIENT,8,0,0,False,2,0,False,INHERITED_RAW_PRICE_BASIS,False,False
2025-07-16|32410,2025-07-16,32410,11:30,14:30,120,PARTIAL,2,3,,,SCALE_INSUFFICIENT,,False,,,,SCALE_UNAVAILABLE,OBSERVATION_INSUFFICIENT,10,0,0,False,0,0,False,INHERITED_RAW_PRICE_BASIS,False,False
2025-07-16|32410,2025-07-16,32410,11:30,14:35,125,UNAVAILABLE,0,5,,,SCALE_INSUFFICIENT,,False,,,,CURRENT_BAR_UNAVAILABLE,OBSERVATION_INSUFFICIENT,10,0,0,False,0,0,False,INHERITED_RAW_PRICE_BASIS,False,False
2025-07-16|32410,2025-07-16,32410,11:30,14:40,130,UNAVAILABLE,0,5,,,SCALE_INSUFFICIENT,,False,,,,CURRENT_BAR_UNAVAILABLE,OBSERVATION_INSUFFICIENT,10,0,0,False,0,0,False,INHERITED_RAW_PRICE_BASIS,False,False
2025-07-16|32410,2025-07-16,32410,11:30,14:45,135,UNAVAILABLE,0,5,,,SCALE_INSUFFICIENT,,False,,,,CURRENT_BAR_UNAVAILABLE,OBSERVATION_INSUFFICIENT,10,0,0,False,0,0,False,INHERITED_RAW_PRICE_BASIS,False,False
2025-07-16|32410,2025-07-16,32410,11:30,14:50,140,UNAVAILABLE,0,5,,,SCALE_INSUFFICIENT,,False,,,,CURRENT_BAR_UNAVAILABLE,OBSERVATION_INSUFFICIENT,10,0,0,False,0,0,False,INHERITED_RAW_PRICE_BASIS,False,False
2025-07-16|32410,2025-07-16,32410,11:30,14:55,145,UNAVAILABLE,0,5,,,SCALE_INSUFFICIENT,,False,,,,CURRENT_BAR_UNAVAILABLE,OBSERVATION_INSUFFICIENT,10,0,0,False,0,0,False,INHERITED_RAW_PRICE_BASIS,False,False
2025-07-16|32410,2025-07-16,32410,11:30,15:00,150,UNAVAILABLE,0,5,,,SCALE_INSUFFICIENT,,False,,,,CURRENT_BAR_UNAVAILABLE,OBSERVATION_INSUFFICIENT,10,0,0,False,0,0,False,INHERITED_RAW_PRICE_BASIS,False,False
2025-07-16|32410,2025-07-16,32410,11:30,15:05,155,UNAVAILABLE,0,5,,,SCALE_INSUFFICIENT,,False,,,,CURRENT_BAR_UNAVAILABLE,OBSERVATION_INSUFFICIENT,10,0,0,False,0,0,False,INHERITED_RAW_PRICE_BASIS,False,False
2025-07-16|32410,2025-07-16,32410,11:30,15:10,160,UNAVAILABLE,0,5,,,SCALE_INSUFFICIENT,,False,,,,CURRENT_BAR_UNAVAILABLE,OBSERVATION_INSUFFICIENT,10,0,0,False,0,0,False,INHERITED_RAW_PRICE_BASIS,False,False
2025-07-16|32410,2025-07-16,32410,11:30,15:15,165,UNAVAILABLE,0,5,,,SCALE_INSUFFICIENT,,False,,,,CURRENT_BAR_UNAVAILABLE,OBSERVATION_INSUFFICIENT,10,0,0,False,0,0,False,INHERITED_RAW_PRICE_BASIS,False,False
2025-07-16|32410,2025-07-16,32410,11:30,15:20,170,UNAVAILABLE,0,5,,,SCALE_INSUFFICIENT,,False,,,,CURRENT_BAR_UNAVAILABLE,RIGHT_CENSORED,5,0,0,False,0,0,False,INHERITED_RAW_PRICE_BASIS,False,False
2025-07-16|32410,2025-07-16,32410,11:30,15:25,175,UNAVAILABLE,0,5,,,SCALE_INSUFFICIENT,,False,,,,CURRENT_BAR_UNAVAILABLE,RIGHT_CENSORED,0,0,0,False,0,0,False,INHERITED_RAW_PRICE_BASIS,False,False
2025-07-16|33530,2025-07-16,33530,13:30,13:30,0,PARTIAL,4,1,,,SCALE_INSUFFICIENT,,False,,,,SCALE_UNAVAILABLE,OBSERVATION_INSUFFICIENT,3,0,0,False,0,0,False,INHERITED_RAW_PRICE_BASIS,False,False
2025-07-16|33530,2025-07-16,33530,13:30,13:35,5,COMPLETE,5,0,DOWN,-2.933673469387755,SCALE_INSUFFICIENT,,False,,,,SCALE_UNAVAILABLE,OBSERVATION_INSUFFICIENT,6,0,0,False,0,0,False,INHERITED_RAW_PRICE_BASIS,False,False
2025-07-16|33530,2025-07-16,33530,13:30,13:40,10,PARTIAL,2,3,,,SCALE_INSUFFICIENT,,False,,,,CURRENT_BAR_UNAVAILABLE,OBSERVATION_INSUFFICIENT,6,0,0,False,0,0,False,INHERITED_RAW_PRICE_BASIS,False,False
2025-07-16|33530,2025-07-16,33530,13:30,13:45,15,PARTIAL,2,3,,,SCALE_INSUFFICIENT,,False,,,,SCALE_UNAVAILABLE,OBSERVATION_INSUFFICIENT,3,0,0,False,0,0,False,INHERITED_RAW_PRICE_BASIS,False,False
2025-07-16|33530,2025-07-16,33530,13:30,13:50,20,PARTIAL,2,3,,,SCALE_INSUFFICIENT,,False,,,,SCALE_UNAVAILABLE,OBSERVATION_INSUFFICIENT,3,0,0,False,3,0,False,INHERITED_RAW_PRICE_BASIS,False,False
2025-07-16|33530,2025-07-16,33530,13:30,13:55,25,COMPLETE,5,0,UP,9.151193633952255,SCALE_INSUFFICIENT,,False,,,,SCALE_UNAVAILABLE,OBSERVATION_INSUFFICIENT,7,0,0,False,0,0,False,INHERITED_RAW_PRICE_BASIS,False,False
2025-07-16|33530,2025-07-16,33530,13:30,14:00,30,PARTIAL,2,3,,,SCALE_INSUFFICIENT,,False,,,,CURRENT_BAR_UNAVAILABLE,OBSERVATION_INSUFFICIENT,7,0,0,False,0,0,False,INHERITED_RAW_PRICE_BASIS,False,False
2025-07-16|33530,2025-07-16,33530,13:30,14:05,35,PARTIAL,1,4,,,SCALE_INSUFFICIENT,,False,,,,SCALE_UNAVAILABLE,OBSERVATION_INSUFFICIENT,8,0,0,False,0,0,False,INHERITED_RAW_PRICE_BASIS,False,False
2025-07-16|33530,2025-07-16,33530,13:30,14:10,40,PARTIAL,2,3,,,SCALE_INSUFFICIENT,,False,,,,SCALE_UNAVAILABLE,OBSERVATION_INSUFFICIENT,8,0,0,False,0,0,False,INHERITED_RAW_PRICE_BASIS,False,False
2025-07-16|33530,2025-07-16,33530,13:30,14:15,45,UNAVAILABLE,0,5,,,SCALE_INSUFFICIENT,,False,,,,CURRENT_BAR_UNAVAILABLE,OBSERVATION_INSUFFICIENT,6,0,0,False,0,0,False,INHERITED_RAW_PRICE_BASIS,False,False
2025-07-16|33530,2025-07-16,33530,13:30,14:20,50,PARTIAL,2,3,,,SCALE_INSUFFICIENT,,False,,,,CURRENT_BAR_UNAVAILABLE,OBSERVATION_INSUFFICIENT,6,0,0,False,0,0,False,INHERITED_RAW_PRICE_BASIS,False,False
2025-07-16|33530,2025-07-16,33530,13:30,14:25,55,PARTIAL,2,3,,,SCALE_INSUFFICIENT,,False,,,,CURRENT_BAR_UNAVAILABLE,OBSERVATION_INSUFFICIENT,8,0,0,False,0,0,False,INHERITED_RAW_PRICE_BASIS,False,False
2025-07-16|33530,2025-07-16,33530,13:30,14:30,60,PARTIAL,2,3,,,SCALE_INSUFFICIENT,,False,,,,CURRENT_BAR_UNAVAILABLE,OBSERVATION_INSUFFICIENT,7,0,0,False,0,0,False,INHERITED_RAW_PRICE_BASIS,False,False
2025-07-16|33530,2025-07-16,33530,13:30,14:35,65,UNAVAILABLE,0,5,,,SCALE_INSUFFICIENT,,False,,,,CURRENT_BAR_UNAVAILABLE,OBSERVATION_INSUFFICIENT,6,0,0,False,0,0,False,INHERITED_RAW_PRICE_BASIS,False,False
2025-07-16|33530,2025-07-16,33530,13:30,14:40,70,PARTIAL,3,2,,,SCALE_INSUFFICIENT,,False,,,,CURRENT_BAR_UNAVAILABLE,OBSERVATION_INSUFFICIENT,8,0,0,False,0,0,False,INHERITED_RAW_PRICE_BASIS,False,False
2025-07-16|33530,2025-07-16,33530,13:30,14:45,75,PARTIAL,1,4,,,SCALE_INSUFFICIENT,,False,,,,CURRENT_BAR_UNAVAILABLE,OBSERVATION_INSUFFICIENT,6,0,0,False,0,0,False,INHERITED_RAW_PRICE_BASIS,False,False
2025-07-16|33530,2025-07-16,33530,13:30,14:50,80,PARTIAL,1,4,,,SCALE_INSUFFICIENT,,False,,,,CURRENT_BAR_UNAVAILABLE,OBSERVATION_INSUFFICIENT,4,0,0,False,0,0,False,INHERITED_RAW_PRICE_BASIS,False,False
2025-07-16|33530,2025-07-16,33530,13:30,14:55,85,PARTIAL,3,2,,,SCALE_INSUFFICIENT,,False,,,,SCALE_UNAVAILABLE,OBSERVATION_INSUFFICIENT,2,0,0,False,0,0,False,INHERITED_RAW_PRICE_BASIS,False,False
2025-07-16|33530,2025-07-16,33530,13:30,15:00,90,PARTIAL,3,2,,,SCALE_INSUFFICIENT,,False,,,,SCALE_UNAVAILABLE,WINDOW_OBSERVED,0,0,0,False,0,0,False,INHERITED_RAW_PRICE_BASIS,False,False
2025-07-16|33530,2025-07-16,33530,13:30,15:05,95,COMPLETE,5,0,DOWN,-3.6363636363636362,SCALE_INSUFFICIENT,,False,,,,SCALE_UNAVAILABLE,OBSERVATION_INSUFFICIENT,2,0,0,False,0,0,False,INHERITED_RAW_PRICE_BASIS,False,False
2025-07-16|33530,2025-07-16,33530,13:30,15:10,100,COMPLETE,5,0,DOWN,-1.7565872020075282,SCALE_INSUFFICIENT,,False,,,VOLUME_COMPRESSION|TRADING_VALUE_COMPRESSION,SCALE_UNAVAILABLE,OBSERVATION_INSUFFICIENT,5,0,0,False,0,0,False,INHERITED_RAW_PRICE_BASIS,True,False
2025-07-16|33530,2025-07-16,33530,13:30,15:15,105,PARTIAL,3,2,,,SCALE_INSUFFICIENT,,False,,,,CURRENT_BAR_UNAVAILABLE,OBSERVATION_INSUFFICIENT,3,0,0,False,0,0,False,INHERITED_RAW_PRICE_BASIS,False,False
2025-07-16|33530,2025-07-16,33530,13:30,15:20,110,PARTIAL,2,3,,,SCALE_INSUFFICIENT,,False,,,,CURRENT_BAR_UNAVAILABLE,RIGHT_CENSORED,0,0,0,False,0,0,False,INHERITED_RAW_PRICE_BASIS,False,False
2025-07-16|33530,2025-07-16,33530,13:30,15:25,115,COMPLETE,5,0,UP,1.1320754716981132,SCALE_INSUFFICIENT,,False,,,,SCALE_UNAVAILABLE,RIGHT_CENSORED,0,0,0,False,0,0,False,INHERITED_RAW_PRICE_BASIS,False,False
2025-07-16|34090,2025-07-16,34090,13:30,13:30,0,PARTIAL,4,1,,,AVAILABLE,3.0,False,,,,UNRESOLVED_STRUCTURE,OBSERVATION_INSUFFICIENT,2,0,0,False,0,0,False,INHERITED_RAW_PRICE_BASIS,False,False
2025-07-16|34090,2025-07-16,34090,13:30,13:35,5,COMPLETE,5,0,UNCHANGED,0.0,AVAILABLE,3.0,False,,,,UNRESOLVED_STRUCTURE,OBSERVATION_INSUFFICIENT,3,0,0,False,0,0,False,INHERITED_RAW_PRICE_BASIS,False,False
2025-07-16|34090,2025-07-16,34090,13:30,13:40,10,PARTIAL,3,2,,,AVAILABLE,3.0,False,,,,UNRESOLVED_STRUCTURE,OBSERVATION_INSUFFICIENT,1,0,1,False,0,0,False,INHERITED_RAW_PRICE_BASIS,False,False
2025-07-16|34090,2025-07-16,34090,13:30,13:45,15,PARTIAL,4,1,,,AVAILABLE,3.0,False,,,,CURRENT_BAR_UNAVAILABLE,WINDOW_OBSERVED,0,0,0,False,0,0,False,INHERITED_RAW_PRICE_BASIS,False,False
2025-07-16|34090,2025-07-16,34090,13:30,13:50,20,COMPLETE,5,0,UNCHANGED,0.0,AVAILABLE,3.0,False,,,,UNRESOLVED_STRUCTURE,OBSERVATION_INSUFFICIENT,2,0,0,False,0,0,False,INHERITED_RAW_PRICE_BASIS,False,False
2025-07-16|34090,2025-07-16,34090,13:30,13:55,25,COMPLETE,5,0,DOWN,-0.423728813559322,AVAILABLE,3.0,False,,,CHOPPINESS,UNRESOLVED_STRUCTURE,OBSERVATION_INSUFFICIENT,3,0,0,False,0,0,False,INHERITED_RAW_PRICE_BASIS,True,False
2025-07-16|34090,2025-07-16,34090,13:30,14:00,30,PARTIAL,3,2,,,AVAILABLE,3.0,False,,,,UNRESOLVED_STRUCTURE,OBSERVATION_INSUFFICIENT,3,0,0,False,0,0,False,INHERITED_RAW_PRICE_BASIS,False,False
2025-07-16|34090,2025-07-16,34090,13:30,14:05,35,PARTIAL,4,1,,,AVAILABLE,3.0,False,,,,CURRENT_BAR_UNAVAILABLE,OBSERVATION_INSUFFICIENT,4,0,0,False,0,0,False,INHERITED_RAW_PRICE_BASIS,False,False
2025-07-16|34090,2025-07-16,34090,13:30,14:10,40,PARTIAL,3,2,,,AVAILABLE,3.0,False,,,,UNRESOLVED_STRUCTURE,OBSERVATION_INSUFFICIENT,4,0,0,False,0,0,False,INHERITED_RAW_PRICE_BASIS,False,False
2025-07-16|34090,2025-07-16,34090,13:30,14:15,45,PARTIAL,3,2,,,AVAILABLE,3.0,False,,,,CURRENT_BAR_UNAVAILABLE,OBSERVATION_INSUFFICIENT,5,0,0,False,0,0,False,INHERITED_RAW_PRICE_BASIS,False,False
2025-07-16|34090,2025-07-16,34090,13:30,14:20,50,PARTIAL,3,2,,,AVAILABLE,3.0,False,,,,UNRESOLVED_STRUCTURE,OBSERVATION_INSUFFICIENT,4,0,0,False,0,0,False,INHERITED_RAW_PRICE_BASIS,False,False
2025-07-16|34090,2025-07-16,34090,13:30,14:25,55,PARTIAL,2,3,,,AVAILABLE,3.0,False,,,,UNRESOLVED_STRUCTURE,OBSERVATION_INSUFFICIENT,4,0,0,False,0,0,False,INHERITED_RAW_PRICE_BASIS,False,False
2025-07-16|34090,2025-07-16,34090,13:30,14:30,60,PARTIAL,4,1,,,AVAILABLE,3.0,False,,,,UNRESOLVED_STRUCTURE,OBSERVATION_INSUFFICIENT,7,0,0,False,0,0,False,INHERITED_RAW_PRICE_BASIS,False,False
2025-07-16|34090,2025-07-16,34090,13:30,14:35,65,PARTIAL,2,3,,,AVAILABLE,3.0,False,,,,CURRENT_BAR_UNAVAILABLE,OBSERVATION_INSUFFICIENT,4,0,0,False,0,0,False,INHERITED_RAW_PRICE_BASIS,False,False
2025-07-16|34090,2025-07-16,34090,13:30,14:40,70,PARTIAL,1,4,,,AVAILABLE,3.0,False,,,,CURRENT_BAR_UNAVAILABLE,WINDOW_OBSERVED,0,0,0,False,0,0,False,INHERITED_RAW_PRICE_BASIS,False,False
2025-07-16|34090,2025-07-16,34090,13:30,14:45,75,COMPLETE,5,0,DOWN,-0.425531914893617,AVAILABLE,3.0,False,,,,UNRESOLVED_STRUCTURE,OBSERVATION_INSUFFICIENT,3,1,1,False,0,0,False,INHERITED_RAW_PRICE_BASIS,False,False
2025-07-16|34090,2025-07-16,34090,13:30,14:50,80,COMPLETE,5,0,UP,0.425531914893617,AVAILABLE,3.0,False,,,RANGE_EXPANSION|VOLUME_EXPANSION,UNRESOLVED_STRUCTURE,OBSERVATION_INSUFFICIENT,5,0,1,False,0,0,False,INHERITED_RAW_PRICE_BASIS,True,False
2025-07-16|34090,2025-07-16,34090,13:30,14:55,85,PARTIAL,2,3,,,AVAILABLE,3.0,False,,,,CURRENT_BAR_UNAVAILABLE,OBSERVATION_INSUFFICIENT,2,0,0,False,0,0,False,INHERITED_RAW_PRICE_BASIS,False,False
2025-07-16|34090,2025-07-16,34090,13:30,15:00,90,PARTIAL,3,2,,,AVAILABLE,3.0,False,,,,UNRESOLVED_STRUCTURE,OBSERVATION_INSUFFICIENT,3,0,0,False,0,0,False,INHERITED_RAW_PRICE_BASIS,False,False
2025-07-16|34090,2025-07-16,34090,13:30,15:05,95,COMPLETE,5,0,DOWN,-0.42016806722689076,AVAILABLE,3.0,False,,,,UNRESOLVED_STRUCTURE,OBSERVATION_INSUFFICIENT,7,0,0,False,0,0,False,INHERITED_RAW_PRICE_BASIS,False,False
2025-07-16|34090,2025-07-16,34090,13:30,15:10,100,PARTIAL,2,3,,,AVAILABLE,3.0,False,,,,CURRENT_BAR_UNAVAILABLE,OBSERVATION_INSUFFICIENT,5,0,0,False,0,0,False,INHERITED_RAW_PRICE_BASIS,False,False
2025-07-16|34090,2025-07-16,34090,13:30,15:15,105,PARTIAL,1,4,,,AVAILABLE,3.0,False,,,,CURRENT_BAR_UNAVAILABLE,OBSERVATION_INSUFFICIENT,1,0,0,False,0,0,False,INHERITED_RAW_PRICE_BASIS,False,False
2025-07-16|34090,2025-07-16,34090,13:30,15:20,110,PARTIAL,4,1,,,AVAILABLE,3.0,False,,,,CURRENT_BAR_UNAVAILABLE,RIGHT_CENSORED,0,0,0,False,0,0,False,INHERITED_RAW_PRICE_BASIS,False,False
2025-07-16|34090,2025-07-16,34090,13:30,15:25,115,COMPLETE,5,0,UNCHANGED,0.0,AVAILABLE,3.0,False,,,,UNRESOLVED_STRUCTURE,RIGHT_CENSORED,0,0,0,False,0,0,False,INHERITED_RAW_PRICE_BASIS,False,False
2025-07-16|35410,2025-07-16,35410,13:00,13:00,0,COMPLETE,5,0,UP,0.40899795501022496,AVAILABLE,4.0,False,,,,UNRESOLVED_STRUCTURE,WINDOW_OBSERVED,0,0,3,False,2,1,False,INHERITED_RAW_PRICE_BASIS,False,False
2025-07-16|35410,2025-07-16,35410,13:00,13:05,5,COMPLETE,5,0,UP,0.20408163265306123,AVAILABLE,4.0,False,RANGE_STRUCTURE,BALANCE,CHOPPINESS,IDENTIFIED,WINDOW_OBSERVED,0,0,3,True,2,2,True,INHERITED_RAW_PRICE_BASIS,True,True
2025-07-16|35410,2025-07-16,35410,13:00,13:10,10,COMPLETE,5,0,DOWN,-0.20366598778004075,AVAILABLE,4.0,False,RANGE_STRUCTURE,BALANCE,RANGE_COMPRESSION|VOLUME_COMPRESSION|TRADING_VALUE_COMPRESSION,IDENTIFIED,WINDOW_OBSERVED,0,0,3,True,0,1,True,INHERITED_RAW_PRICE_BASIS,True,False
2025-07-16|35410,2025-07-16,35410,13:00,13:15,15,COMPLETE,5,0,UP,0.20408163265306123,AVAILABLE,4.0,False,RANGE_STRUCTURE,BALANCE,,IDENTIFIED,WINDOW_OBSERVED,0,0,3,True,0,1,True,INHERITED_RAW_PRICE_BASIS,True,False
2025-07-16|35410,2025-07-16,35410,13:00,13:20,20,COMPLETE,5,0,DOWN,-0.20408163265306123,AVAILABLE,4.0,False,DOWN_STRUCTURE,,RANGE_COMPRESSION|VOLUME_COMPRESSION|TRADING_VALUE_COMPRESSION,IDENTIFIED,WINDOW_OBSERVED,0,1,4,True,0,1,True,INHERITED_RAW_PRICE_BASIS,True,True
2025-07-16|35410,2025-07-16,35410,13:00,13:25,25,COMPLETE,5,0,UP,0.40899795501022496,AVAILABLE,4.0,False,DOWN_STRUCTURE,CORRECTION|RECOVERY,RANGE_EXPANSION|VOLUME_EXPANSION|TRADING_VALUE_EXPANSION,IDENTIFIED,WINDOW_OBSERVED,0,1,4,True,1,1,True,INHERITED_RAW_PRICE_BASIS,True,True
2025-07-16|35410,2025-07-16,35410,13:00,13:30,30,COMPLETE,5,0,UNCHANGED,0.0,AVAILABLE,4.0,False,DOWN_STRUCTURE,CORRECTION|RECOVERY,RANGE_EXPANSION|VOLUME_EXPANSION|TRADING_VALUE_EXPANSION,IDENTIFIED,OBSERVATION_INSUFFICIENT,1,0,4,True,0,1,True,INHERITED_RAW_PRICE_BASIS,True,False
2025-07-16|35410,2025-07-16,35410,13:00,13:35,35,COMPLETE,5,0,UP,0.20366598778004075,AVAILABLE,4.0,False,DOWN_STRUCTURE,CORRECTION|RECOVERY,RANGE_COMPRESSION,IDENTIFIED,OBSERVATION_INSUFFICIENT,1,0,4,True,0,0,True,INHERITED_RAW_PRICE_BASIS,True,False
2025-07-16|35410,2025-07-16,35410,13:00,13:40,40,PARTIAL,4,1,,,AVAILABLE,4.0,False,,,,UNRESOLVED_STRUCTURE,WINDOW_OBSERVED,0,0,0,False,0,0,False,INHERITED_RAW_PRICE_BASIS,False,False
2025-07-16|35410,2025-07-16,35410,13:00,13:45,45,COMPLETE,5,0,UP,0.20242914979757085,AVAILABLE,4.0,False,,,,UNRESOLVED_STRUCTURE,WINDOW_OBSERVED,0,0,0,False,0,0,False,INHERITED_RAW_PRICE_BASIS,False,False
2025-07-16|35410,2025-07-16,35410,13:00,13:50,50,COMPLETE,5,0,UNCHANGED,0.0,AVAILABLE,4.0,False,,,RANGE_EXPANSION|VOLUME_EXPANSION|TRADING_VALUE_EXPANSION,UNRESOLVED_STRUCTURE,OBSERVATION_INSUFFICIENT,3,0,0,False,0,0,False,INHERITED_RAW_PRICE_BASIS,True,False
2025-07-16|35410,2025-07-16,35410,13:00,13:55,55,COMPLETE,5,0,DOWN,-0.20202020202020202,AVAILABLE,4.0,False,,,RANGE_COMPRESSION|VOLUME_COMPRESSION|TRADING_VALUE_COMPRESSION,UNRESOLVED_STRUCTURE,OBSERVATION_INSUFFICIENT,3,0,0,False,0,0,False,INHERITED_RAW_PRICE_BASIS,True,False
2025-07-16|35410,2025-07-16,35410,13:00,14:00,60,PARTIAL,2,3,,,AVAILABLE,4.0,False,,,,CURRENT_BAR_UNAVAILABLE,WINDOW_OBSERVED,0,0,0,False,0,0,False,INHERITED_RAW_PRICE_BASIS,False,False
2025-07-16|35410,2025-07-16,35410,13:00,14:05,65,COMPLETE,5,0,UP,0.4024144869215292,AVAILABLE,4.0,False,,,CHOPPINESS,UNRESOLVED_STRUCTURE,OBSERVATION_INSUFFICIENT,1,1,1,False,0,0,False,INHERITED_RAW_PRICE_BASIS,False,False
2025-07-16|35410,2025-07-16,35410,13:00,14:10,70,COMPLETE,5,0,UP,0.6012024048096193,AVAILABLE,4.0,False,,,VOLUME_EXPANSION|TRADING_VALUE_EXPANSION,UNRESOLVED_STRUCTURE,OBSERVATION_INSUFFICIENT,1,0,1,False,0,0,False,INHERITED_RAW_PRICE_BASIS,True,False
2025-07-16|35410,2025-07-16,35410,13:00,14:15,75,PARTIAL,4,1,,,AVAILABLE,4.0,False,,,,CURRENT_BAR_UNAVAILABLE,WINDOW_OBSERVED,0,0,0,False,0,0,False,INHERITED_RAW_PRICE_BASIS,False,False
2025-07-16|35410,2025-07-16,35410,13:00,14:20,80,COMPLETE,5,0,DOWN,-0.398406374501992,AVAILABLE,4.0,False,,,CHOPPINESS,UNRESOLVED_STRUCTURE,WINDOW_OBSERVED,0,0,0,False,0,0,False,INHERITED_RAW_PRICE_BASIS,False,False
2025-07-16|35410,2025-07-16,35410,13:00,14:25,85,COMPLETE,5,0,DOWN,-0.1996007984031936,AVAILABLE,4.0,False,,,RANGE_COMPRESSION|VOLUME_COMPRESSION|TRADING_VALUE_COMPRESSION,UNRESOLVED_STRUCTURE,OBSERVATION_INSUFFICIENT,2,0,0,False,0,0,False,INHERITED_RAW_PRICE_BASIS,True,False
2025-07-16|35410,2025-07-16,35410,13:00,14:30,90,COMPLETE,5,0,UP,0.2,AVAILABLE,4.0,False,,,VOLUME_COMPRESSION|TRADING_VALUE_COMPRESSION,UNRESOLVED_STRUCTURE,OBSERVATION_INSUFFICIENT,2,0,0,False,0,0,False,INHERITED_RAW_PRICE_BASIS,True,False
2025-07-16|35410,2025-07-16,35410,13:00,14:35,95,PARTIAL,3,2,,,AVAILABLE,4.0,False,,,,UNRESOLVED_STRUCTURE,WINDOW_OBSERVED,0,1,1,False,0,0,False,INHERITED_RAW_PRICE_BASIS,False,False
2025-07-16|35410,2025-07-16,35410,13:00,14:40,100,COMPLETE,5,0,DOWN,-0.4,AVAILABLE,4.0,False,,,,UNRESOLVED_STRUCTURE,OBSERVATION_INSUFFICIENT,2,0,1,False,0,0,False,INHERITED_RAW_PRICE_BASIS,False,False
2025-07-16|35410,2025-07-16,35410,13:00,14:45,105,COMPLETE,5,0,DOWN,-0.20080321285140562,AVAILABLE,4.0,False,,,RANGE_COMPRESSION,UNRESOLVED_STRUCTURE,OBSERVATION_INSUFFICIENT,3,0,1,False,0,0,False,INHERITED_RAW_PRICE_BASIS,True,False
2025-07-16|35410,2025-07-16,35410,13:00,14:50,110,PARTIAL,3,2,,,AVAILABLE,4.0,False,,,,CURRENT_BAR_UNAVAILABLE,OBSERVATION_INSUFFICIENT,1,0,0,False,0,0,False,INHERITED_RAW_PRICE_BASIS,False,False
2025-07-16|35410,2025-07-16,35410,13:00,14:55,115,PARTIAL,4,1,,,AVAILABLE,4.0,False,,,,UNRESOLVED_STRUCTURE,OBSERVATION_INSUFFICIENT,1,0,0,False,0,0,False,INHERITED_RAW_PRICE_BASIS,False,False
2025-07-16|35410,2025-07-16,35410,13:00,15:00,120,COMPLETE,5,0,UP,0.6060606060606061,AVAILABLE,4.0,False,,,,UNRESOLVED_STRUCTURE,OBSERVATION_INSUFFICIENT,2,0,0,False,0,0,False,INHERITED_RAW_PRICE_BASIS,False,False
2025-07-16|35410,2025-07-16,35410,13:00,15:05,125,PARTIAL,4,1,,,AVAILABLE,4.0,False,,,,UNRESOLVED_STRUCTURE,OBSERVATION_INSUFFICIENT,2,0,0,False,0,0,False,INHERITED_RAW_PRICE_BASIS,False,False
2025-07-16|35410,2025-07-16,35410,13:00,15:10,130,PARTIAL,4,1,,,AVAILABLE,4.0,False,,,,UNRESOLVED_STRUCTURE,OBSERVATION_INSUFFICIENT,1,0,0,False,0,0,False,INHERITED_RAW_PRICE_BASIS,False,False
2025-07-16|35410,2025-07-16,35410,13:00,15:15,135,PARTIAL,4,1,,,AVAILABLE,4.0,False,,,,UNRESOLVED_STRUCTURE,OBSERVATION_INSUFFICIENT,1,0,0,False,0,0,False,INHERITED_RAW_PRICE_BASIS,False,False
2025-07-16|35410,2025-07-16,35410,13:00,15:20,140,COMPLETE,5,0,UNCHANGED,0.0,AVAILABLE,4.0,False,,,,UNRESOLVED_STRUCTURE,RIGHT_CENSORED,1,0,0,False,0,0,False,INHERITED_RAW_PRICE_BASIS,False,False
2025-07-16|35410,2025-07-16,35410,13:00,15:25,145,PARTIAL,4,1,,,AVAILABLE,4.0,False,,,,UNRESOLVED_STRUCTURE,RIGHT_CENSORED,0,0,0,False,0,0,False,INHERITED_RAW_PRICE_BASIS,False,False
2025-07-16|36640,2025-07-16,36640,13:00,13:00,0,COMPLETE,5,0,UP,1.3333333333333333,AVAILABLE,3.0,False,,RESTRUCTURING|RECOVERY,RANGE_COMPRESSION,UNRESOLVED_STRUCTURE,WINDOW_OBSERVED,0,0,2,False,0,0,True,INHERITED_RAW_PRICE_BASIS,False,False
2025-07-16|36640,2025-07-16,36640,13:00,13:05,5,COMPLETE,5,0,DOWN,-1.2987012987012987,AVAILABLE,3.0,False,,RESTRUCTURING,RANGE_EXPANSION|VOLUME_COMPRESSION|TRADING_VALUE_COMPRESSION,UNRESOLVED_STRUCTURE,WINDOW_OBSERVED,0,1,3,False,0,0,True,INHERITED_RAW_PRICE_BASIS,True,True
2025-07-16|36640,2025-07-16,36640,13:00,13:10,10,COMPLETE,5,0,UNCHANGED,0.0,AVAILABLE,3.0,False,,RESTRUCTURING,,UNRESOLVED_STRUCTURE,WINDOW_OBSERVED,0,1,3,False,0,0,True,INHERITED_RAW_PRICE_BASIS,True,False
2025-07-16|36640,2025-07-16,36640,13:00,13:15,15,COMPLETE,5,0,DOWN,-5.2631578947368425,AVAILABLE,3.0,False,,RESTRUCTURING,RANGE_EXPANSION|VOLUME_EXPANSION|TRADING_VALUE_EXPANSION,UNRESOLVED_STRUCTURE,WINDOW_OBSERVED,0,0,3,False,0,1,True,INHERITED_RAW_PRICE_BASIS,True,False
2025-07-16|36640,2025-07-16,36640,13:00,13:20,20,COMPLETE,5,0,UP,2.7777777777777777,AVAILABLE,3.0,False,,RESTRUCTURING,VOLUME_COMPRESSION|TRADING_VALUE_COMPRESSION,UNRESOLVED_STRUCTURE,WINDOW_OBSERVED,0,0,3,False,2,4,True,INHERITED_RAW_PRICE_BASIS,True,False
2025-07-16|36640,2025-07-16,36640,13:00,13:25,25,COMPLETE,5,0,UNCHANGED,0.0,AVAILABLE,3.0,False,DOWN_STRUCTURE,CORRECTION|RECOVERY,RANGE_COMPRESSION|VOLUME_COMPRESSION|TRADING_VALUE_COMPRESSION,IDENTIFIED,WINDOW_OBSERVED,0,1,4,False,0,0,True,INHERITED_RAW_PRICE_BASIS,True,True
2025-07-16|36640,2025-07-16,36640,13:00,13:30,30,COMPLETE,5,0,UP,1.36986301369863,AVAILABLE,3.0,False,DOWN_STRUCTURE,CORRECTION|RECOVERY,RANGE_EXPANSION,IDENTIFIED,WINDOW_OBSERVED,0,1,4,False,0,1,True,INHERITED_RAW_PRICE_BASIS,True,False
2025-07-16|36640,2025-07-16,36640,13:00,13:35,35,COMPLETE,5,0,UP,2.7027027027027026,AVAILABLE,3.0,False,DOWN_STRUCTURE,CORRECTION,VOLUME_EXPANSION|TRADING_VALUE_EXPANSION,IDENTIFIED,WINDOW_OBSERVED,0,0,4,False,0,1,True,INHERITED_RAW_PRICE_BASIS,True,True
2025-07-16|36640,2025-07-16,36640,13:00,13:40,40,COMPLETE,5,0,UP,1.3157894736842106,AVAILABLE,3.0,False,,RESTRUCTURING,,UNRESOLVED_STRUCTURE,WINDOW_OBSERVED,0,1,5,False,0,2,True,INHERITED_RAW_PRICE_BASIS,True,True
2025-07-16|36640,2025-07-16,36640,13:00,13:45,45,COMPLETE,5,0,DOWN,-2.5641025641025643,AVAILABLE,3.0,False,,RESTRUCTURING,RANGE_COMPRESSION,UNRESOLVED_STRUCTURE,WINDOW_OBSERVED,0,1,5,False,0,1,True,INHERITED_RAW_PRICE_BASIS,True,False
2025-07-16|36640,2025-07-16,36640,13:00,13:50,50,COMPLETE,5,0,DOWN,-1.3157894736842106,AVAILABLE,3.0,False,,RESTRUCTURING,RANGE_EXPANSION,UNRESOLVED_STRUCTURE,WINDOW_OBSERVED,0,0,5,False,0,1,True,INHERITED_RAW_PRICE_BASIS,True,False
2025-07-16|36640,2025-07-16,36640,13:00,13:55,55,COMPLETE,5,0,DOWN,-1.3333333333333333,AVAILABLE,3.0,False,,RESTRUCTURING,RANGE_COMPRESSION|VOLUME_COMPRESSION|TRADING_VALUE_COMPRESSION,UNRESOLVED_STRUCTURE,WINDOW_OBSERVED,0,0,5,False,0,0,True,INHERITED_RAW_PRICE_BASIS,True,False
2025-07-16|36640,2025-07-16,36640,13:00,14:00,60,COMPLETE,5,0,UP,1.3513513513513513,AVAILABLE,3.0,False,RANGE_STRUCTURE,BALANCE,RANGE_COMPRESSION,IDENTIFIED,WINDOW_OBSERVED,0,0,5,True,0,0,True,INHERITED_RAW_PRICE_BASIS,True,True
2025-07-16|36640,2025-07-16,36640,13:00,14:05,65,COMPLETE,5,0,UNCHANGED,0.0,AVAILABLE,3.0,False,RANGE_STRUCTURE,BALANCE,RANGE_EXPANSION,IDENTIFIED,WINDOW_OBSERVED,0,0,5,True,0,0,True,INHERITED_RAW_PRICE_BASIS,True,False
2025-07-16|36640,2025-07-16,36640,13:00,14:10,70,COMPLETE,5,0,UNCHANGED,0.0,AVAILABLE,3.0,False,RANGE_STRUCTURE,BALANCE,,IDENTIFIED,WINDOW_OBSERVED,0,0,5,True,0,0,True,INHERITED_RAW_PRICE_BASIS,True,False
2025-07-16|36640,2025-07-16,36640,13:00,14:15,75,COMPLETE,5,0,UNCHANGED,0.0,AVAILABLE,3.0,False,RANGE_STRUCTURE,BALANCE,RANGE_EXPANSION|VOLUME_EXPANSION,IDENTIFIED,OBSERVATION_INSUFFICIENT,1,0,5,True,0,0,True,INHERITED_RAW_PRICE_BASIS,True,False
2025-07-16|36640,2025-07-16,36640,13:00,14:20,80,COMPLETE,5,0,UP,1.3513513513513513,AVAILABLE,3.0,False,RANGE_STRUCTURE,BALANCE,RANGE_COMPRESSION|VOLUME_COMPRESSION|TRADING_VALUE_COMPRESSION,IDENTIFIED,OBSERVATION_INSUFFICIENT,1,0,5,True,0,1,True,INHERITED_RAW_PRICE_BASIS,True,False
2025-07-16|36640,2025-07-16,36640,13:00,14:25,85,PARTIAL,4,1,,,AVAILABLE,3.0,False,,,,UNRESOLVED_STRUCTURE,WINDOW_OBSERVED,0,1,1,False,0,0,False,INHERITED_RAW_PRICE_BASIS,False,False
2025-07-16|36640,2025-07-16,36640,13:00,14:30,90,COMPLETE,5,0,UP,1.3333333333333333,AVAILABLE,3.0,False,,,,UNRESOLVED_STRUCTURE,WINDOW_OBSERVED,0,1,1,False,0,0,False,INHERITED_RAW_PRICE_BASIS,False,False
2025-07-16|36640,2025-07-16,36640,13:00,14:35,95,COMPLETE,5,0,UP,1.3157894736842106,AVAILABLE,3.0,False,,,RANGE_EXPANSION|VOLUME_EXPANSION|TRADING_VALUE_EXPANSION,UNRESOLVED_STRUCTURE,WINDOW_OBSERVED,0,0,1,False,0,0,False,INHERITED_RAW_PRICE_BASIS,True,False
2025-07-16|36640,2025-07-16,36640,13:00,14:40,100,COMPLETE,5,0,UP,2.5974025974025974,AVAILABLE,3.0,False,,,RANGE_EXPANSION|VOLUME_COMPRESSION|TRADING_VALUE_COMPRESSION,UNRESOLVED_STRUCTURE,WINDOW_OBSERVED,0,0,1,False,0,0,False,INHERITED_RAW_PRICE_BASIS,True,False
2025-07-16|36640,2025-07-16,36640,13:00,14:45,105,COMPLETE,5,0,UP,1.2820512820512822,AVAILABLE,3.0,False,,,,UNRESOLVED_STRUCTURE,WINDOW_OBSERVED,0,1,2,False,0,0,False,INHERITED_RAW_PRICE_BASIS,True,False
2025-07-16|36640,2025-07-16,36640,13:00,14:50,110,COMPLETE,5,0,UNCHANGED,0.0,AVAILABLE,3.0,False,,,RANGE_COMPRESSION|VOLUME_COMPRESSION|TRADING_VALUE_COMPRESSION,UNRESOLVED_STRUCTURE,WINDOW_OBSERVED,0,1,2,False,0,0,False,INHERITED_RAW_PRICE_BASIS,True,False
2025-07-16|36640,2025-07-16,36640,13:00,14:55,115,COMPLETE,5,0,UNCHANGED,0.0,AVAILABLE,3.0,False,,RECOVERY,RANGE_EXPANSION|VOLUME_EXPANSION|TRADING_VALUE_EXPANSION,UNRESOLVED_STRUCTURE,WINDOW_OBSERVED,0,1,3,False,0,0,True,INHERITED_RAW_PRICE_BASIS,True,True
2025-07-16|36640,2025-07-16,36640,13:00,15:00,120,COMPLETE,5,0,UP,1.2658227848101267,AVAILABLE,3.0,False,,,VOLUME_COMPRESSION|TRADING_VALUE_COMPRESSION,UNRESOLVED_STRUCTURE,WINDOW_OBSERVED,0,0,3,False,0,0,False,INHERITED_RAW_PRICE_BASIS,True,True
2025-07-16|36640,2025-07-16,36640,13:00,15:05,125,COMPLETE,5,0,UP,1.2658227848101267,AVAILABLE,3.0,False,,RESTRUCTURING,RANGE_EXPANSION|VOLUME_EXPANSION|TRADING_VALUE_EXPANSION,UNRESOLVED_STRUCTURE,WINDOW_OBSERVED,0,0,3,False,0,2,True,INHERITED_RAW_PRICE_BASIS,True,True
2025-07-16|36640,2025-07-16,36640,13:00,15:10,130,COMPLETE,5,0,DOWN,-1.25,AVAILABLE,3.0,False,,RESTRUCTURING,VOLUME_COMPRESSION|TRADING_VALUE_COMPRESSION,UNRESOLVED_STRUCTURE,WINDOW_OBSERVED,0,0,3,False,0,1,True,INHERITED_RAW_PRICE_BASIS,True,False
2025-07-16|36640,2025-07-16,36640,13:00,15:15,135,COMPLETE,5,0,UP,1.2658227848101267,AVAILABLE,3.0,False,,RESTRUCTURING,,UNRESOLVED_STRUCTURE,WINDOW_OBSERVED,0,0,3,False,1,0,True,INHERITED_RAW_PRICE_BASIS,True,False
2025-07-16|36640,2025-07-16,36640,13:00,15:20,140,COMPLETE,5,0,UNCHANGED,0.0,AVAILABLE,3.0,False,,RESTRUCTURING,RANGE_COMPRESSION,UNRESOLVED_STRUCTURE,RIGHT_CENSORED,0,0,3,False,0,0,True,INHERITED_RAW_PRICE_BASIS,True,False
2025-07-16|36640,2025-07-16,36640,13:00,15:25,145,COMPLETE,5,0,UP,2.5316455696202533,AVAILABLE,3.0,False,,RESTRUCTURING,VOLUME_EXPANSION|TRADING_VALUE_EXPANSION,UNRESOLVED_STRUCTURE,RIGHT_CENSORED,0,0,3,False,3,1,True,INHERITED_RAW_PRICE_BASIS,True,False
2025-07-16|37470,2025-07-16,37470,09:30,09:30,0,COMPLETE,5,0,UP,0.21321961620469082,AVAILABLE,9.0,False,DOWN_STRUCTURE,CORRECTION|RECOVERY,CHOPPINESS|RANGE_COMPRESSION|VOLUME_COMPRESSION|TRADING_VALUE_COMPRESSION,IDENTIFIED,WINDOW_OBSERVED,0,0,4,False,0,0,True,INHERITED_RAW_PRICE_BASIS,False,False
2025-07-16|37470,2025-07-16,37470,09:30,09:35,5,COMPLETE,5,0,UP,2.127659574468085,AVAILABLE,9.0,False,DOWN_STRUCTURE,CORRECTION|RECOVERY,RANGE_EXPANSION|VOLUME_EXPANSION|TRADING_VALUE_EXPANSION,IDENTIFIED,WINDOW_OBSERVED,0,0,4,False,0,0,True,INHERITED_RAW_PRICE_BASIS,True,False
2025-07-16|37470,2025-07-16,37470,09:30,09:40,10,COMPLETE,5,0,UP,1.6666666666666667,AVAILABLE,9.0,False,,RESTRUCTURING,RANGE_COMPRESSION|VOLUME_COMPRESSION|TRADING_VALUE_COMPRESSION,UNRESOLVED_STRUCTURE,WINDOW_OBSERVED,0,0,4,False,1,1,True,INHERITED_RAW_PRICE_BASIS,True,True
2025-07-16|37470,2025-07-16,37470,09:30,09:45,15,COMPLETE,5,0,UP,0.20491803278688525,AVAILABLE,9.0,False,,RESTRUCTURING,CHOPPINESS|RANGE_COMPRESSION,UNRESOLVED_STRUCTURE,WINDOW_OBSERVED,0,0,4,False,0,0,True,INHERITED_RAW_PRICE_BASIS,True,False
2025-07-16|37470,2025-07-16,37470,09:30,09:50,20,COMPLETE,5,0,UP,0.8179959100204499,AVAILABLE,9.0,False,,RESTRUCTURING,,UNRESOLVED_STRUCTURE,WINDOW_OBSERVED,0,0,4,False,0,0,True,INHERITED_RAW_PRICE_BASIS,True,False
2025-07-16|37470,2025-07-16,37470,09:30,09:55,25,COMPLETE,5,0,UP,1.6194331983805668,AVAILABLE,9.0,False,,RESTRUCTURING,RANGE_EXPANSION|VOLUME_EXPANSION|TRADING_VALUE_EXPANSION,UNRESOLVED_STRUCTURE,WINDOW_OBSERVED,0,0,4,False,2,0,True,INHERITED_RAW_PRICE_BASIS,True,False
2025-07-16|37470,2025-07-16,37470,09:30,10:00,30,COMPLETE,5,0,DOWN,-0.9940357852882704,AVAILABLE,9.0,False,,RESTRUCTURING,VOLUME_COMPRESSION|TRADING_VALUE_COMPRESSION,UNRESOLVED_STRUCTURE,WINDOW_OBSERVED,0,0,4,False,2,0,True,INHERITED_RAW_PRICE_BASIS,True,False
2025-07-16|37470,2025-07-16,37470,09:30,10:05,35,COMPLETE,5,0,UP,0.20080321285140562,AVAILABLE,9.0,False,,RESTRUCTURING,RANGE_COMPRESSION|VOLUME_COMPRESSION|TRADING_VALUE_COMPRESSION,UNRESOLVED_STRUCTURE,WINDOW_OBSERVED,0,0,4,False,0,0,True,INHERITED_RAW_PRICE_BASIS,True,False
2025-07-16|37470,2025-07-16,37470,09:30,10:10,40,COMPLETE,5,0,UP,2.2044088176352705,AVAILABLE,9.0,False,,RESTRUCTURING,RANGE_EXPANSION|VOLUME_EXPANSION|TRADING_VALUE_EXPANSION,UNRESOLVED_STRUCTURE,WINDOW_OBSERVED,0,0,4,False,2,2,True,INHERITED_RAW_PRICE_BASIS,True,False
2025-07-16|37470,2025-07-16,37470,09:30,10:15,45,COMPLETE,5,0,UP,1.5686274509803921,AVAILABLE,9.0,False,,RESTRUCTURING,,UNRESOLVED_STRUCTURE,WINDOW_OBSERVED,0,1,5,False,2,2,True,INHERITED_RAW_PRICE_BASIS,True,False
2025-07-16|37470,2025-07-16,37470,09:30,10:20,50,COMPLETE,5,0,UP,0.7722007722007722,AVAILABLE,9.0,False,UP_STRUCTURE,RECOVERY,CHOPPINESS|RANGE_COMPRESSION|VOLUME_COMPRESSION|TRADING_VALUE_COMPRESSION,IDENTIFIED,WINDOW_OBSERVED,0,1,6,False,0,0,True,INHERITED_RAW_PRICE_BASIS,True,True
2025-07-16|37470,2025-07-16,37470,09:30,10:25,55,COMPLETE,5,0,DOWN,-0.7648183556405354,AVAILABLE,9.0,False,UP_STRUCTURE,RECOVERY,CHOPPINESS|VOLUME_COMPRESSION|TRADING_VALUE_COMPRESSION,IDENTIFIED,WINDOW_OBSERVED,0,1,6,False,0,0,True,INHERITED_RAW_PRICE_BASIS,True,False
2025-07-16|37470,2025-07-16,37470,09:30,10:30,60,COMPLETE,5,0,UP,0.7722007722007722,AVAILABLE,9.0,False,UP_STRUCTURE,PROGRESSION,,IDENTIFIED,WINDOW_OBSERVED,0,0,6,False,1,1,True,INHERITED_RAW_PRICE_BASIS,True,True
2025-07-16|37470,2025-07-16,37470,09:30,10:35,65,COMPLETE,5,0,UP,3.45489443378119,AVAILABLE,9.0,False,UP_STRUCTURE,PROGRESSION,RANGE_EXPANSION|VOLUME_EXPANSION|TRADING_VALUE_EXPANSION,IDENTIFIED,WINDOW_OBSERVED,0,0,6,False,3,3,True,INHERITED_RAW_PRICE_BASIS,True,False
2025-07-16|37470,2025-07-16,37470,09:30,10:40,70,COMPLETE,5,0,UNCHANGED,0.0,AVAILABLE,9.0,False,UP_STRUCTURE,PROGRESSION,CHOPPINESS|RANGE_COMPRESSION|VOLUME_EXPANSION|TRADING_VALUE_EXPANSION,IDENTIFIED,WINDOW_OBSERVED,0,0,6,False,2,0,True,INHERITED_RAW_PRICE_BASIS,True,False
2025-07-16|37470,2025-07-16,37470,09:30,10:45,75,COMPLETE,5,0,UP,0.18450184501845018,AVAILABLE,9.0,False,UP_STRUCTURE,PROGRESSION,RANGE_COMPRESSION|VOLUME_COMPRESSION|TRADING_VALUE_COMPRESSION,IDENTIFIED,WINDOW_OBSERVED,0,0,6,False,1,1,True,INHERITED_RAW_PRICE_BASIS,True,False
2025-07-16|37470,2025-07-16,37470,09:30,10:50,80,COMPLETE,5,0,UP,2.2099447513812156,AVAILABLE,9.0,False,UP_STRUCTURE,PROGRESSION,RANGE_EXPANSION|VOLUME_EXPANSION|TRADING_VALUE_EXPANSION,IDENTIFIED,WINDOW_OBSERVED,0,0,6,False,2,2,True,INHERITED_RAW_PRICE_BASIS,True,False
2025-07-16|37470,2025-07-16,37470,09:30,10:55,85,COMPLETE,5,0,UP,1.8115942028985508,AVAILABLE,9.0,False,UP_STRUCTURE,PROGRESSION,,IDENTIFIED,WINDOW_OBSERVED,0,0,6,False,2,1,True,INHERITED_RAW_PRICE_BASIS,True,False
2025-07-16|37470,2025-07-16,37470,09:30,11:00,90,COMPLETE,5,0,DOWN,-0.8896797153024911,AVAILABLE,9.0,False,UP_STRUCTURE,CORRECTION,,IDENTIFIED,WINDOW_OBSERVED,0,0,7,False,4,2,True,INHERITED_RAW_PRICE_BASIS,True,True
2025-07-16|37470,2025-07-16,37470,09:30,11:05,95,COMPLETE,5,0,DOWN,-3.4050179211469533,AVAILABLE,9.0,False,UP_STRUCTURE,RECOVERY,RANGE_EXPANSION,IDENTIFIED,WINDOW_OBSERVED,0,1,8,False,0,0,True,INHERITED_RAW_PRICE_BASIS,True,True
2025-07-16|37470,2025-07-16,37470,09:30,11:10,100,COMPLETE,5,0,UP,2.411873840445269,AVAILABLE,9.0,False,UP_STRUCTURE,,VOLUME_COMPRESSION|TRADING_VALUE_COMPRESSION,IDENTIFIED,WINDOW_OBSERVED,0,1,9,False,0,0,True,INHERITED_RAW_PRICE_BASIS,True,True
2025-07-16|37470,2025-07-16,37470,09:30,11:15,105,COMPLETE,5,0,DOWN,-0.18181818181818182,AVAILABLE,9.0,False,UP_STRUCTURE,CORRECTION,RANGE_COMPRESSION,IDENTIFIED,WINDOW_OBSERVED,0,1,9,False,0,0,True,INHERITED_RAW_PRICE_BASIS,True,True
2025-07-16|37470,2025-07-16,37470,09:30,11:20,110,COMPLETE,5,0,DOWN,-1.4598540145985401,AVAILABLE,9.0,False,UP_STRUCTURE,CORRECTION,,IDENTIFIED,WINDOW_OBSERVED,0,0,9,False,1,1,True,INHERITED_RAW_PRICE_BASIS,True,False
2025-07-16|37470,2025-07-16,37470,09:30,11:25,115,COMPLETE,5,0,UP,0.929368029739777,AVAILABLE,9.0,False,DOWN_STRUCTURE,CORRECTION|RECOVERY,CHOPPINESS|VOLUME_COMPRESSION|TRADING_VALUE_COMPRESSION,IDENTIFIED,WINDOW_OBSERVED,0,0,10,False,2,2,True,INHERITED_RAW_PRICE_BASIS,True,True
2025-07-16|37470,2025-07-16,37470,09:30,11:30,120,COMPLETE,5,0,UP,2.029520295202952,AVAILABLE,9.0,False,,RESTRUCTURING,RANGE_EXPANSION|VOLUME_EXPANSION|TRADING_VALUE_EXPANSION,UNRESOLVED_STRUCTURE,WINDOW_OBSERVED,0,0,10,False,1,1,True,INHERITED_RAW_PRICE_BASIS,True,True
2025-07-16|37470,2025-07-16,37470,09:30,12:35,125,COMPLETE,5,0,UP,0.8976660682226212,AVAILABLE,9.0,False,,RESTRUCTURING,CHOPPINESS,UNRESOLVED_STRUCTURE,WINDOW_OBSERVED,0,0,1,False,0,0,True,INHERITED_RAW_PRICE_BASIS,True,False
2025-07-16|37470,2025-07-16,37470,09:30,12:40,130,COMPLETE,5,0,UP,1.0657193605683837,AVAILABLE,9.0,False,,RESTRUCTURING,,UNRESOLVED_STRUCTURE,WINDOW_OBSERVED,0,1,2,False,1,0,True,INHERITED_RAW_PRICE_BASIS,True,False
2025-07-16|37470,2025-07-16,37470,09:30,12:45,135,COMPLETE,5,0,DOWN,-1.757469244288225,AVAILABLE,9.0,False,,RESTRUCTURING,VOLUME_COMPRESSION|TRADING_VALUE_COMPRESSION,UNRESOLVED_STRUCTURE,WINDOW_OBSERVED,0,0,2,False,0,0,True,INHERITED_RAW_PRICE_BASIS,True,False
2025-07-16|37470,2025-07-16,37470,09:30,12:50,140,COMPLETE,5,0,DOWN,-2.150537634408602,AVAILABLE,9.0,False,,RESTRUCTURING,VOLUME_EXPANSION|TRADING_VALUE_EXPANSION,UNRESOLVED_STRUCTURE,WINDOW_OBSERVED,0,0,2,False,1,1,True,INHERITED_RAW_PRICE_BASIS,True,False
2025-07-16|37470,2025-07-16,37470,09:30,12:55,145,COMPLETE,5,0,DOWN,-2.0036429872495445,AVAILABLE,9.0,False,,RESTRUCTURING,VOLUME_COMPRESSION|TRADING_VALUE_COMPRESSION,UNRESOLVED_STRUCTURE,WINDOW_OBSERVED,0,1,3,False,0,0,True,INHERITED_RAW_PRICE_BASIS,True,False
2025-07-16|37470,2025-07-16,37470,09:30,13:00,150,COMPLETE,5,0,UP,1.3011152416356877,AVAILABLE,9.0,False,DOWN_STRUCTURE,PROGRESSION,RANGE_COMPRESSION|VOLUME_COMPRESSION|TRADING_VALUE_COMPRESSION,IDENTIFIED,WINDOW_OBSERVED,0,1,4,False,0,0,True,INHERITED_RAW_PRICE_BASIS,True,True
2025-07-16|37470,2025-07-16,37470,09:30,13:05,155,COMPLETE,5,0,DOWN,-0.9208103130755064,AVAILABLE,9.0,False,DOWN_STRUCTURE,PROGRESSION,,IDENTIFIED,WINDOW_OBSERVED,0,0,4,False,1,1,True,INHERITED_RAW_PRICE_BASIS,True,False
2025-07-16|37470,2025-07-16,37470,09:30,13:10,160,COMPLETE,5,0,DOWN,-0.7434944237918215,AVAILABLE,9.0,False,DOWN_STRUCTURE,PROGRESSION,,IDENTIFIED,WINDOW_OBSERVED,0,0,4,False,1,3,True,INHERITED_RAW_PRICE_BASIS,True,False
2025-07-16|37470,2025-07-16,37470,09:30,13:15,165,COMPLETE,5,0,UP,0.37453183520599254,AVAILABLE,9.0,False,DOWN_STRUCTURE,PROGRESSION,CHOPPINESS|RANGE_COMPRESSION|VOLUME_COMPRESSION|TRADING_VALUE_COMPRESSION,IDENTIFIED,WINDOW_OBSERVED,0,0,4,False,0,0,True,INHERITED_RAW_PRICE_BASIS,True,False
2025-07-16|37470,2025-07-16,37470,09:30,13:20,170,COMPLETE,5,0,DOWN,-0.1865671641791045,AVAILABLE,9.0,False,DOWN_STRUCTURE,PROGRESSION,RANGE_COMPRESSION|VOLUME_COMPRESSION|TRADING_VALUE_COMPRESSION,IDENTIFIED,WINDOW_OBSERVED,0,0,4,False,0,0,True,INHERITED_RAW_PRICE_BASIS,True,False
2025-07-16|37470,2025-07-16,37470,09:30,13:25,175,COMPLETE,5,0,UP,0.18726591760299627,AVAILABLE,9.0,False,DOWN_STRUCTURE,PROGRESSION,RANGE_EXPANSION|VOLUME_EXPANSION|TRADING_VALUE_EXPANSION,IDENTIFIED,WINDOW_OBSERVED,0,0,4,False,0,1,True,INHERITED_RAW_PRICE_BASIS,True,False
2025-07-16|37470,2025-07-16,37470,09:30,13:30,180,COMPLETE,5,0,DOWN,-0.5617977528089888,AVAILABLE,9.0,False,DOWN_STRUCTURE,PROGRESSION,CHOPPINESS|VOLUME_COMPRESSION|TRADING_VALUE_COMPRESSION,IDENTIFIED,WINDOW_OBSERVED,0,0,4,False,2,2,True,INHERITED_RAW_PRICE_BASIS,True,False
2025-07-16|37470,2025-07-16,37470,09:30,13:35,185,COMPLETE,5,0,DOWN,-1.1299435028248588,AVAILABLE,9.0,False,DOWN_STRUCTURE,CORRECTION|RECOVERY,VOLUME_EXPANSION|TRADING_VALUE_EXPANSION,IDENTIFIED,WINDOW_OBSERVED,0,1,5,False,1,1,True,INHERITED_RAW_PRICE_BASIS,True,True
2025-07-16|37470,2025-07-16,37470,09:30,13:40,190,COMPLETE,5,0,UP,1.9011406844106464,AVAILABLE,9.0,False,DOWN_STRUCTURE,CORRECTION|RECOVERY,VOLUME_COMPRESSION|TRADING_VALUE_COMPRESSION,IDENTIFIED,WINDOW_OBSERVED,0,0,5,False,1,2,True,INHERITED_RAW_PRICE_BASIS,True,False
2025-07-16|37470,2025-07-16,37470,09:30,13:45,195,COMPLETE,5,0,UP,1.308411214953271,AVAILABLE,9.0,False,DOWN_STRUCTURE,PROGRESSION,RANGE_EXPANSION|VOLUME_EXPANSION|TRADING_VALUE_EXPANSION,IDENTIFIED,WINDOW_OBSERVED,0,1,6,False,1,0,True,INHERITED_RAW_PRICE_BASIS,True,True
2025-07-16|37470,2025-07-16,37470,09:30,13:50,200,COMPLETE,5,0,DOWN,-0.7380073800738007,AVAILABLE,9.0,False,DOWN_STRUCTURE,PROGRESSION,RANGE_COMPRESSION|VOLUME_COMPRESSION|TRADING_VALUE_COMPRESSION,IDENTIFIED,WINDOW_OBSERVED,0,1,6,False,0,0,True,INHERITED_RAW_PRICE_BASIS,True,False
2025-07-16|37470,2025-07-16,37470,09:30,13:55,205,COMPLETE,5,0,DOWN,-0.5586592178770949,AVAILABLE,9.0,False,DOWN_STRUCTURE,PROGRESSION,RANGE_COMPRESSION|VOLUME_COMPRESSION|TRADING_VALUE_COMPRESSION,IDENTIFIED,OBSERVATION_INSUFFICIENT,1,0,6,False,0,0,True,INHERITED_RAW_PRICE_BASIS,True,False
2025-07-16|37470,2025-07-16,37470,09:30,14:00,210,COMPLETE,5,0,UP,0.5628517823639775,AVAILABLE,9.0,False,DOWN_STRUCTURE,PROGRESSION,RANGE_EXPANSION|VOLUME_EXPANSION|TRADING_VALUE_EXPANSION,IDENTIFIED,OBSERVATION_INSUFFICIENT,1,0,6,False,0,0,True,INHERITED_RAW_PRICE_BASIS,True,False
2025-07-16|37470,2025-07-16,37470,09:30,14:05,215,PARTIAL,4,1,,,AVAILABLE,9.0,False,,,,UNRESOLVED_STRUCTURE,OBSERVATION_INSUFFICIENT,1,0,0,False,0,0,False,INHERITED_RAW_PRICE_BASIS,False,False
2025-07-16|37470,2025-07-16,37470,09:30,14:10,220,COMPLETE,5,0,DOWN,-0.18726591760299627,AVAILABLE,9.0,False,,,,UNRESOLVED_STRUCTURE,OBSERVATION_INSUFFICIENT,1,0,0,False,0,0,False,INHERITED_RAW_PRICE_BASIS,False,False
2025-07-16|37470,2025-07-16,37470,09:30,14:15,225,PARTIAL,4,1,,,AVAILABLE,9.0,False,,,,UNRESOLVED_STRUCTURE,OBSERVATION_INSUFFICIENT,1,0,0,False,0,0,False,INHERITED_RAW_PRICE_BASIS,False,False
2025-07-16|37470,2025-07-16,37470,09:30,14:20,230,COMPLETE,5,0,UNCHANGED,0.0,AVAILABLE,9.0,False,,,CHOPPINESS,UNRESOLVED_STRUCTURE,OBSERVATION_INSUFFICIENT,2,0,0,False,0,0,False,INHERITED_RAW_PRICE_BASIS,False,False
2025-07-16|37470,2025-07-16,37470,09:30,14:25,235,PARTIAL,4,1,,,AVAILABLE,9.0,False,,,,CURRENT_BAR_UNAVAILABLE,OBSERVATION_INSUFFICIENT,1,0,0,False,0,0,False,INHERITED_RAW_PRICE_BASIS,False,False
2025-07-16|37470,2025-07-16,37470,09:30,14:30,240,PARTIAL,4,1,,,AVAILABLE,9.0,False,,,,UNRESOLVED_STRUCTURE,WINDOW_OBSERVED,0,1,1,False,0,0,False,INHERITED_RAW_PRICE_BASIS,False,False
2025-07-16|37470,2025-07-16,37470,09:30,14:35,245,COMPLETE,5,0,UP,0.9380863039399625,AVAILABLE,9.0,False,,,,UNRESOLVED_STRUCTURE,WINDOW_OBSERVED,0,1,1,False,0,0,False,INHERITED_RAW_PRICE_BASIS,False,False
2025-07-16|37470,2025-07-16,37470,09:30,14:40,250,COMPLETE,5,0,UP,0.931098696461825,AVAILABLE,9.0,False,,,RANGE_EXPANSION|VOLUME_EXPANSION|TRADING_VALUE_EXPANSION,UNRESOLVED_STRUCTURE,WINDOW_OBSERVED,0,0,1,False,0,0,False,INHERITED_RAW_PRICE_BASIS,True,False
2025-07-16|37470,2025-07-16,37470,09:30,14:45,255,COMPLETE,5,0,UP,0.7393715341959335,AVAILABLE,9.0,False,,,RANGE_COMPRESSION,UNRESOLVED_STRUCTURE,OBSERVATION_INSUFFICIENT,2,0,1,False,0,0,False,INHERITED_RAW_PRICE_BASIS,True,False
2025-07-16|37470,2025-07-16,37470,09:30,14:50,260,COMPLETE,5,0,DOWN,-1.1009174311926606,AVAILABLE,9.0,False,,,,UNRESOLVED_STRUCTURE,OBSERVATION_INSUFFICIENT,2,0,1,False,0,0,False,INHERITED_RAW_PRICE_BASIS,True,False
2025-07-16|37470,2025-07-16,37470,09:30,14:55,265,PARTIAL,3,2,,,AVAILABLE,9.0,False,,,,CURRENT_BAR_UNAVAILABLE,WINDOW_OBSERVED,0,0,0,False,0,0,False,INHERITED_RAW_PRICE_BASIS,False,False
2025-07-16|37470,2025-07-16,37470,09:30,15:00,270,COMPLETE,5,0,DOWN,-0.5597014925373134,AVAILABLE,9.0,False,,,,UNRESOLVED_STRUCTURE,WINDOW_OBSERVED,0,0,0,False,0,0,False,INHERITED_RAW_PRICE_BASIS,False,False
2025-07-16|37470,2025-07-16,37470,09:30,15:05,275,COMPLETE,5,0,UP,0.37453183520599254,AVAILABLE,9.0,False,,,RANGE_COMPRESSION|VOLUME_COMPRESSION|TRADING_VALUE_COMPRESSION,UNRESOLVED_STRUCTURE,WINDOW_OBSERVED,0,0,0,False,0,0,False,INHERITED_RAW_PRICE_BASIS,True,False
2025-07-16|37470,2025-07-16,37470,09:30,15:10,280,COMPLETE,5,0,UNCHANGED,0.0,AVAILABLE,9.0,False,,,,UNRESOLVED_STRUCTURE,OBSERVATION_INSUFFICIENT,1,0,0,False,0,0,False,INHERITED_RAW_PRICE_BASIS,True,False
2025-07-16|37470,2025-07-16,37470,09:30,15:15,285,COMPLETE,5,0,DOWN,-0.5586592178770949,AVAILABLE,9.0,False,,,VOLUME_EXPANSION|TRADING_VALUE_EXPANSION,UNRESOLVED_STRUCTURE,OBSERVATION_INSUFFICIENT,1,0,0,False,0,0,False,INHERITED_RAW_PRICE_BASIS,True,False
2025-07-16|37470,2025-07-16,37470,09:30,15:20,290,PARTIAL,4,1,,,AVAILABLE,9.0,False,,,,UNRESOLVED_STRUCTURE,RIGHT_CENSORED,0,1,1,False,0,0,False,INHERITED_RAW_PRICE_BASIS,False,False
2025-07-16|37470,2025-07-16,37470,09:30,15:25,295,COMPLETE,5,0,UP,1.303538175046555,AVAILABLE,9.0,False,,,,UNRESOLVED_STRUCTURE,RIGHT_CENSORED,0,0,1,False,0,0,False,INHERITED_RAW_PRICE_BASIS,False,False
2025-07-16|38030,2025-07-16,38030,10:30,10:30,0,PARTIAL,1,4,,,AVAILABLE,22.0,False,,,,CURRENT_BAR_UNAVAILABLE,OBSERVATION_INSUFFICIENT,10,0,0,False,1,0,False,INHERITED_RAW_PRICE_BASIS,False,False
2025-07-16|38030,2025-07-16,38030,10:30,10:35,5,UNAVAILABLE,0,5,,,AVAILABLE,22.0,False,,,,CURRENT_BAR_UNAVAILABLE,OBSERVATION_INSUFFICIENT,10,0,0,False,0,0,False,INHERITED_RAW_PRICE_BASIS,False,False
2025-07-16|38030,2025-07-16,38030,10:30,10:40,10,UNAVAILABLE,0,5,,,AVAILABLE,22.0,False,,,,CURRENT_BAR_UNAVAILABLE,OBSERVATION_INSUFFICIENT,7,0,0,False,0,0,False,INHERITED_RAW_PRICE_BASIS,False,False
2025-07-16|38030,2025-07-16,38030,10:30,10:45,15,UNAVAILABLE,0,5,,,AVAILABLE,22.0,False,,,,CURRENT_BAR_UNAVAILABLE,OBSERVATION_INSUFFICIENT,7,0,0,False,0,0,False,INHERITED_RAW_PRICE_BASIS,False,False
2025-07-16|38030,2025-07-16,38030,10:30,10:50,20,PARTIAL,3,2,,,AVAILABLE,22.0,False,,,,UNRESOLVED_STRUCTURE,OBSERVATION_INSUFFICIENT,7,0,0,False,2,0,False,INHERITED_RAW_PRICE_BASIS,False,False
2025-07-16|38030,2025-07-16,38030,10:30,10:55,25,UNAVAILABLE,0,5,,,AVAILABLE,22.0,False,,,,CURRENT_BAR_UNAVAILABLE,OBSERVATION_INSUFFICIENT,4,0,0,False,0,0,False,INHERITED_RAW_PRICE_BASIS,False,False
2025-07-16|38030,2025-07-16,38030,10:30,11:00,30,PARTIAL,3,2,,,AVAILABLE,22.0,False,,,,UNRESOLVED_STRUCTURE,OBSERVATION_INSUFFICIENT,4,0,0,False,0,0,False,INHERITED_RAW_PRICE_BASIS,False,False
2025-07-16|38030,2025-07-16,38030,10:30,11:05,35,PARTIAL,3,2,,,AVAILABLE,22.0,False,,,,UNRESOLVED_STRUCTURE,OBSERVATION_INSUFFICIENT,5,0,0,False,0,0,False,INHERITED_RAW_PRICE_BASIS,False,False
2025-07-16|38030,2025-07-16,38030,10:30,11:10,40,PARTIAL,3,2,,,AVAILABLE,22.0,False,,,,CURRENT_BAR_UNAVAILABLE,OBSERVATION_INSUFFICIENT,7,0,0,False,0,0,False,INHERITED_RAW_PRICE_BASIS,False,False
2025-07-16|38030,2025-07-16,38030,10:30,11:15,45,PARTIAL,2,3,,,AVAILABLE,22.0,False,,,,CURRENT_BAR_UNAVAILABLE,OBSERVATION_INSUFFICIENT,7,0,0,False,0,0,False,INHERITED_RAW_PRICE_BASIS,False,False
2025-07-16|38030,2025-07-16,38030,10:30,11:20,50,PARTIAL,1,4,,,AVAILABLE,22.0,False,,,,UNRESOLVED_STRUCTURE,OBSERVATION_INSUFFICIENT,6,0,0,False,0,0,False,INHERITED_RAW_PRICE_BASIS,False,False
2025-07-16|38030,2025-07-16,38030,10:30,11:25,55,PARTIAL,2,3,,,AVAILABLE,22.0,False,,,,UNRESOLVED_STRUCTURE,OBSERVATION_INSUFFICIENT,3,0,0,False,0,0,False,INHERITED_RAW_PRICE_BASIS,False,False
2025-07-16|38030,2025-07-16,38030,10:30,11:30,60,PARTIAL,2,3,,,AVAILABLE,22.0,False,,,,UNRESOLVED_STRUCTURE,OBSERVATION_INSUFFICIENT,2,0,0,False,0,0,False,INHERITED_RAW_PRICE_BASIS,False,False
2025-07-16|38030,2025-07-16,38030,10:30,12:35,65,COMPLETE,5,0,UP,4.450625869262865,AVAILABLE,22.0,False,,,,UNRESOLVED_STRUCTURE,OBSERVATION_INSUFFICIENT,2,0,1,False,1,3,False,INHERITED_RAW_PRICE_BASIS,False,False
2025-07-16|38030,2025-07-16,38030,10:30,12:40,70,PARTIAL,3,2,,,AVAILABLE,22.0,False,,,,UNRESOLVED_STRUCTURE,OBSERVATION_INSUFFICIENT,2,0,0,False,2,1,False,INHERITED_RAW_PRICE_BASIS,False,False
2025-07-16|38030,2025-07-16,38030,10:30,12:45,75,COMPLETE,5,0,UP,1.6506189821182944,AVAILABLE,22.0,False,,,,UNRESOLVED_STRUCTURE,OBSERVATION_INSUFFICIENT,3,0,0,False,0,0,False,INHERITED_RAW_PRICE_BASIS,False,False
2025-07-16|38030,2025-07-16,38030,10:30,12:50,80,PARTIAL,3,2,,,AVAILABLE,22.0,False,,,,UNRESOLVED_STRUCTURE,OBSERVATION_INSUFFICIENT,4,0,0,False,0,0,False,INHERITED_RAW_PRICE_BASIS,False,False
2025-07-16|38030,2025-07-16,38030,10:30,12:55,85,PARTIAL,4,1,,,AVAILABLE,22.0,False,,,,UNRESOLVED_STRUCTURE,OBSERVATION_INSUFFICIENT,6,0,0,False,0,0,False,INHERITED_RAW_PRICE_BASIS,False,False
2025-07-16|38030,2025-07-16,38030,10:30,13:00,90,PARTIAL,2,3,,,AVAILABLE,22.0,False,,,,UNRESOLVED_STRUCTURE,OBSERVATION_INSUFFICIENT,6,0,0,False,0,0,False,INHERITED_RAW_PRICE_BASIS,False,False
2025-07-16|38030,2025-07-16,38030,10:30,13:05,95,PARTIAL,2,3,,,AVAILABLE,22.0,False,,,,UNRESOLVED_STRUCTURE,OBSERVATION_INSUFFICIENT,6,0,0,False,0,0,False,INHERITED_RAW_PRICE_BASIS,False,False
2025-07-16|38030,2025-07-16,38030,10:30,13:10,100,PARTIAL,2,3,,,AVAILABLE,22.0,False,,,,CURRENT_BAR_UNAVAILABLE,OBSERVATION_INSUFFICIENT,8,0,0,False,0,0,False,INHERITED_RAW_PRICE_BASIS,False,False
2025-07-16|38030,2025-07-16,38030,10:30,13:15,105,PARTIAL,2,3,,,AVAILABLE,22.0,False,,,,CURRENT_BAR_UNAVAILABLE,OBSERVATION_INSUFFICIENT,10,0,0,False,0,0,False,INHERITED_RAW_PRICE_BASIS,False,False
2025-07-16|38030,2025-07-16,38030,10:30,13:20,110,UNAVAILABLE,0,5,,,AVAILABLE,22.0,False,,,,CURRENT_BAR_UNAVAILABLE,OBSERVATION_INSUFFICIENT,7,0,0,False,0,0,False,INHERITED_RAW_PRICE_BASIS,False,False
2025-07-16|38030,2025-07-16,38030,10:30,13:25,115,UNAVAILABLE,0,5,,,AVAILABLE,22.0,False,,,,CURRENT_BAR_UNAVAILABLE,OBSERVATION_INSUFFICIENT,4,0,0,False,0,0,False,INHERITED_RAW_PRICE_BASIS,False,False
2025-07-16|38030,2025-07-16,38030,10:30,13:30,120,PARTIAL,3,2,,,AVAILABLE,22.0,False,,,,CURRENT_BAR_UNAVAILABLE,OBSERVATION_INSUFFICIENT,5,0,0,False,0,0,False,INHERITED_RAW_PRICE_BASIS,False,False
2025-07-16|38030,2025-07-16,38030,10:30,13:35,125,PARTIAL,3,2,,,AVAILABLE,22.0,False,,,,UNRESOLVED_STRUCTURE,OBSERVATION_INSUFFICIENT,6,0,0,False,0,0,False,INHERITED_RAW_PRICE_BASIS,False,False
2025-07-16|38030,2025-07-16,38030,10:30,13:40,130,PARTIAL,2,3,,,AVAILABLE,22.0,False,,,,UNRESOLVED_STRUCTURE,OBSERVATION_INSUFFICIENT,4,0,0,False,0,0,False,INHERITED_RAW_PRICE_BASIS,False,False
2025-07-16|38030,2025-07-16,38030,10:30,13:45,135,PARTIAL,2,3,,,AVAILABLE,22.0,False,,,,UNRESOLVED_STRUCTURE,OBSERVATION_INSUFFICIENT,3,0,0,False,0,0,False,INHERITED_RAW_PRICE_BASIS,False,False
2025-07-16|38030,2025-07-16,38030,10:30,13:50,140,PARTIAL,4,1,,,AVAILABLE,22.0,False,,,,CURRENT_BAR_UNAVAILABLE,OBSERVATION_INSUFFICIENT,5,0,0,False,0,0,False,INHERITED_RAW_PRICE_BASIS,False,False
2025-07-16|38030,2025-07-16,38030,10:30,13:55,145,PARTIAL,3,2,,,AVAILABLE,22.0,False,,,,UNRESOLVED_STRUCTURE,OBSERVATION_INSUFFICIENT,7,0,0,False,0,0,False,INHERITED_RAW_PRICE_BASIS,False,False
2025-07-16|38030,2025-07-16,38030,10:30,14:00,150,PARTIAL,2,3,,,AVAILABLE,22.0,False,,,,CURRENT_BAR_UNAVAILABLE,OBSERVATION_INSUFFICIENT,6,0,0,False,0,0,False,INHERITED_RAW_PRICE_BASIS,False,False
2025-07-16|38030,2025-07-16,38030,10:30,14:05,155,PARTIAL,1,4,,,AVAILABLE,22.0,False,,,,CURRENT_BAR_UNAVAILABLE,OBSERVATION_INSUFFICIENT,6,0,0,False,0,0,False,INHERITED_RAW_PRICE_BASIS,False,False
2025-07-16|38030,2025-07-16,38030,10:30,14:10,160,PARTIAL,3,2,,,AVAILABLE,22.0,False,,,,CURRENT_BAR_UNAVAILABLE,OBSERVATION_INSUFFICIENT,6,0,0,False,0,0,False,INHERITED_RAW_PRICE_BASIS,False,False
2025-07-16|38030,2025-07-16,38030,10:30,14:15,165,PARTIAL,1,4,,,AVAILABLE,22.0,False,,,,UNRESOLVED_STRUCTURE,OBSERVATION_INSUFFICIENT,5,0,0,False,0,0,False,INHERITED_RAW_PRICE_BASIS,False,False
2025-07-16|38030,2025-07-16,38030,10:30,14:20,170,PARTIAL,3,2,,,AVAILABLE,22.0,False,,,,UNRESOLVED_STRUCTURE,OBSERVATION_INSUFFICIENT,5,0,0,False,0,0,False,INHERITED_RAW_PRICE_BASIS,False,False
2025-07-16|38030,2025-07-16,38030,10:30,14:25,175,PARTIAL,2,3,,,AVAILABLE,22.0,False,,,,CURRENT_BAR_UNAVAILABLE,OBSERVATION_INSUFFICIENT,7,0,0,False,0,0,False,INHERITED_RAW_PRICE_BASIS,False,False
2025-07-16|38030,2025-07-16,38030,10:30,14:30,180,PARTIAL,3,2,,,AVAILABLE,22.0,False,,,,CURRENT_BAR_UNAVAILABLE,OBSERVATION_INSUFFICIENT,10,0,0,False,0,0,False,INHERITED_RAW_PRICE_BASIS,False,False
2025-07-16|38030,2025-07-16,38030,10:30,14:35,185,UNAVAILABLE,0,5,,,AVAILABLE,22.0,False,,,,CURRENT_BAR_UNAVAILABLE,OBSERVATION_INSUFFICIENT,9,0,0,False,0,0,False,INHERITED_RAW_PRICE_BASIS,False,False
2025-07-16|38030,2025-07-16,38030,10:30,14:40,190,UNAVAILABLE,0,5,,,AVAILABLE,22.0,False,,,,CURRENT_BAR_UNAVAILABLE,OBSERVATION_INSUFFICIENT,6,0,0,False,0,0,False,INHERITED_RAW_PRICE_BASIS,False,False
2025-07-16|38030,2025-07-16,38030,10:30,14:45,195,PARTIAL,1,4,,,AVAILABLE,22.0,False,,,,CURRENT_BAR_UNAVAILABLE,OBSERVATION_INSUFFICIENT,5,0,0,False,0,0,False,INHERITED_RAW_PRICE_BASIS,False,False
2025-07-16|38030,2025-07-16,38030,10:30,14:50,200,PARTIAL,3,2,,,AVAILABLE,22.0,False,,,,UNRESOLVED_STRUCTURE,OBSERVATION_INSUFFICIENT,8,0,0,False,0,0,False,INHERITED_RAW_PRICE_BASIS,False,False
2025-07-16|38030,2025-07-16,38030,10:30,14:55,205,PARTIAL,2,3,,,AVAILABLE,22.0,False,,,,CURRENT_BAR_UNAVAILABLE,OBSERVATION_INSUFFICIENT,10,0,0,False,0,0,False,INHERITED_RAW_PRICE_BASIS,False,False
2025-07-16|38030,2025-07-16,38030,10:30,15:00,210,UNAVAILABLE,0,5,,,AVAILABLE,22.0,False,,,,CURRENT_BAR_UNAVAILABLE,OBSERVATION_INSUFFICIENT,8,0,0,False,0,0,False,INHERITED_RAW_PRICE_BASIS,False,False
2025-07-16|38030,2025-07-16,38030,10:30,15:05,215,UNAVAILABLE,0,5,,,AVAILABLE,22.0,False,,,,CURRENT_BAR_UNAVAILABLE,OBSERVATION_INSUFFICIENT,5,0,0,False,0,0,False,INHERITED_RAW_PRICE_BASIS,False,False
2025-07-16|38030,2025-07-16,38030,10:30,15:10,220,PARTIAL,2,3,,,AVAILABLE,22.0,False,,,,UNRESOLVED_STRUCTURE,OBSERVATION_INSUFFICIENT,3,0,0,False,0,0,False,INHERITED_RAW_PRICE_BASIS,False,False
2025-07-16|38030,2025-07-16,38030,10:30,15:15,225,PARTIAL,3,2,,,AVAILABLE,22.0,False,,,,UNRESOLVED_STRUCTURE,OBSERVATION_INSUFFICIENT,2,0,0,False,0,0,False,INHERITED_RAW_PRICE_BASIS,False,False
2025-07-16|38030,2025-07-16,38030,10:30,15:20,230,PARTIAL,4,1,,,AVAILABLE,22.0,False,,,,UNRESOLVED_STRUCTURE,RIGHT_CENSORED,1,0,0,False,0,0,False,INHERITED_RAW_PRICE_BASIS,False,False
2025-07-16|38030,2025-07-16,38030,10:30,15:25,235,PARTIAL,4,1,,,AVAILABLE,22.0,False,,,,UNRESOLVED_STRUCTURE,RIGHT_CENSORED,0,0,0,False,0,0,False,INHERITED_RAW_PRICE_BASIS,False,False
2025-07-16|38230,2025-07-16,38230,14:30,14:30,0,PARTIAL,4,1,,,AVAILABLE,1.0,False,,,,CURRENT_BAR_UNAVAILABLE,WINDOW_OBSERVED,0,0,0,False,0,1,False,INHERITED_RAW_PRICE_BASIS,False,False
2025-07-16|38230,2025-07-16,38230,14:30,14:35,5,COMPLETE,5,0,DOWN,-1.0869565217391304,AVAILABLE,1.0,False,,,,UNRESOLVED_STRUCTURE,WINDOW_OBSERVED,0,1,2,False,0,0,False,INHERITED_RAW_PRICE_BASIS,False,False
2025-07-16|38230,2025-07-16,38230,14:30,14:40,10,COMPLETE,5,0,UP,1.098901098901099,AVAILABLE,1.0,False,,,RANGE_COMPRESSION|VOLUME_COMPRESSION|TRADING_VALUE_COMPRESSION,UNRESOLVED_STRUCTURE,WINDOW_OBSERVED,0,0,4,False,0,0,False,INHERITED_RAW_PRICE_BASIS,True,False
2025-07-16|38230,2025-07-16,38230,14:30,14:45,15,COMPLETE,5,0,UNCHANGED,0.0,AVAILABLE,1.0,False,UP_STRUCTURE,,RANGE_EXPANSION|VOLUME_EXPANSION|TRADING_VALUE_EXPANSION,IDENTIFIED,OBSERVATION_INSUFFICIENT,1,1,6,False,0,1,True,INHERITED_RAW_PRICE_BASIS,True,False
2025-07-16|38230,2025-07-16,38230,14:30,14:50,20,COMPLETE,5,0,UP,1.0869565217391304,AVAILABLE,1.0,False,UP_STRUCTURE,PROGRESSION,RANGE_COMPRESSION|VOLUME_COMPRESSION|TRADING_VALUE_COMPRESSION,IDENTIFIED,OBSERVATION_INSUFFICIENT,1,0,6,False,0,0,True,INHERITED_RAW_PRICE_BASIS,True,True
2025-07-16|38230,2025-07-16,38230,14:30,14:55,25,PARTIAL,4,1,,,AVAILABLE,1.0,False,,,,UNRESOLVED_STRUCTURE,WINDOW_OBSERVED,0,1,2,False,0,1,False,INHERITED_RAW_PRICE_BASIS,False,False
2025-07-16|38230,2025-07-16,38230,14:30,15:00,30,COMPLETE,5,0,UNCHANGED,0.0,AVAILABLE,1.0,False,,,,UNRESOLVED_STRUCTURE,OBSERVATION_INSUFFICIENT,2,1,2,False,0,0,False,INHERITED_RAW_PRICE_BASIS,False,False
2025-07-16|38230,2025-07-16,38230,14:30,15:05,35,COMPLETE,5,0,DOWN,-1.075268817204301,AVAILABLE,1.0,False,,,VOLUME_COMPRESSION|TRADING_VALUE_COMPRESSION,UNRESOLVED_STRUCTURE,OBSERVATION_INSUFFICIENT,2,1,3,False,0,0,False,INHERITED_RAW_PRICE_BASIS,True,False
2025-07-16|38230,2025-07-16,38230,14:30,15:10,40,PARTIAL,3,2,,,AVAILABLE,1.0,False,,,,UNRESOLVED_STRUCTURE,WINDOW_OBSERVED,0,1,1,False,0,1,False,INHERITED_RAW_PRICE_BASIS,False,False
2025-07-16|38230,2025-07-16,38230,14:30,15:15,45,COMPLETE,5,0,DOWN,-1.075268817204301,AVAILABLE,1.0,False,,,,UNRESOLVED_STRUCTURE,WINDOW_OBSERVED,0,0,1,False,0,0,False,INHERITED_RAW_PRICE_BASIS,False,False
2025-07-16|38230,2025-07-16,38230,14:30,15:20,50,COMPLETE,5,0,UNCHANGED,0.0,AVAILABLE,1.0,False,,,VOLUME_EXPANSION|TRADING_VALUE_EXPANSION,UNRESOLVED_STRUCTURE,RIGHT_CENSORED,0,1,3,False,0,1,False,INHERITED_RAW_PRICE_BASIS,True,False
2025-07-16|38230,2025-07-16,38230,14:30,15:25,55,COMPLETE,5,0,UNCHANGED,0.0,AVAILABLE,1.0,False,,,,UNRESOLVED_STRUCTURE,RIGHT_CENSORED,0,0,4,False,0,2,False,INHERITED_RAW_PRICE_BASIS,True,False
2025-07-16|39350,2025-07-16,39350,11:00,11:00,0,COMPLETE,5,0,UP,0.5257623554153522,AVAILABLE,5.0,False,DOWN_STRUCTURE,CORRECTION|RECOVERY,CHOPPINESS|RANGE_COMPRESSION,IDENTIFIED,WINDOW_OBSERVED,0,0,30,False,0,0,True,INHERITED_RAW_PRICE_BASIS,False,False
2025-07-16|39350,2025-07-16,39350,11:00,11:05,5,COMPLETE,5,0,UP,0.20876826722338204,AVAILABLE,5.0,False,,RESTRUCTURING,CHOPPINESS|RANGE_COMPRESSION|VOLUME_COMPRESSION|TRADING_VALUE_COMPRESSION,UNRESOLVED_STRUCTURE,WINDOW_OBSERVED,0,0,30,False,2,2,True,INHERITED_RAW_PRICE_BASIS,True,True
2025-07-16|39350,2025-07-16,39350,11:00,11:10,10,COMPLETE,5,0,DOWN,-0.5197505197505198,AVAILABLE,5.0,False,UP_STRUCTURE,,RANGE_EXPANSION,IDENTIFIED,WINDOW_OBSERVED,0,1,32,False,1,1,True,INHERITED_RAW_PRICE_BASIS,True,True
2025-07-16|39350,2025-07-16,39350,11:00,11:15,15,COMPLETE,5,0,UP,0.9384775808133472,AVAILABLE,5.0,False,UP_STRUCTURE,CORRECTION,RANGE_EXPANSION|VOLUME_EXPANSION|TRADING_VALUE_EXPANSION,IDENTIFIED,WINDOW_OBSERVED,0,0,33,False,1,1,True,INHERITED_RAW_PRICE_BASIS,True,True
2025-07-16|39350,2025-07-16,39350,11:00,11:20,20,COMPLETE,5,0,DOWN,-0.7238883143743536,AVAILABLE,5.0,False,UP_STRUCTURE,CORRECTION,RANGE_COMPRESSION|VOLUME_COMPRESSION|TRADING_VALUE_COMPRESSION,IDENTIFIED,WINDOW_OBSERVED,0,0,33,False,0,0,True,INHERITED_RAW_PRICE_BASIS,True,False
2025-07-16|39350,2025-07-16,39350,11:00,11:25,25,COMPLETE,5,0,DOWN,-1.0395010395010396,AVAILABLE,5.0,False,,RESTRUCTURING,RANGE_EXPANSION,UNRESOLVED_STRUCTURE,WINDOW_OBSERVED,0,0,33,False,1,1,True,INHERITED_RAW_PRICE_BASIS,True,True
2025-07-16|39350,2025-07-16,39350,11:00,11:30,30,COMPLETE,5,0,DOWN,-0.21008403361344538,AVAILABLE,5.0,False,,RESTRUCTURING|RECOVERY,VOLUME_EXPANSION|TRADING_VALUE_EXPANSION,UNRESOLVED_STRUCTURE,WINDOW_OBSERVED,0,0,34,False,0,0,True,INHERITED_RAW_PRICE_BASIS,True,True
2025-07-16|39350,2025-07-16,39350,11:00,12:35,35,COMPLETE,5,0,DOWN,-1.1578947368421053,AVAILABLE,5.0,False,,RESTRUCTURING,,UNRESOLVED_STRUCTURE,WINDOW_OBSERVED,0,0,1,False,1,0,True,INHERITED_RAW_PRICE_BASIS,True,True
2025-07-16|39350,2025-07-16,39350,11:00,12:40,40,COMPLETE,5,0,UP,1.2834224598930482,AVAILABLE,5.0,False,,RESTRUCTURING,RANGE_COMPRESSION|VOLUME_COMPRESSION|TRADING_VALUE_COMPRESSION,UNRESOLVED_STRUCTURE,WINDOW_OBSERVED,0,0,2,False,1,1,True,INHERITED_RAW_PRICE_BASIS,True,False
2025-07-16|39350,2025-07-16,39350,11:00,12:45,45,COMPLETE,5,0,UP,1.0548523206751055,AVAILABLE,5.0,False,,RESTRUCTURING,VOLUME_COMPRESSION|TRADING_VALUE_COMPRESSION,UNRESOLVED_STRUCTURE,WINDOW_OBSERVED,0,0,3,False,0,0,True,INHERITED_RAW_PRICE_BASIS,True,False
2025-07-16|39350,2025-07-16,39350,11:00,12:50,50,COMPLETE,5,0,UP,0.6263048016701461,AVAILABLE,5.0,False,UP_STRUCTURE,,CHOPPINESS,IDENTIFIED,OBSERVATION_INSUFFICIENT,2,1,5,False,2,1,True,INHERITED_RAW_PRICE_BASIS,True,True
2025-07-16|39350,2025-07-16,39350,11:00,12:55,55,COMPLETE,5,0,UNCHANGED,0.0,AVAILABLE,5.0,False,UP_STRUCTURE,CORRECTION,,IDENTIFIED,OBSERVATION_INSUFFICIENT,2,0,5,False,3,1,True,INHERITED_RAW_PRICE_BASIS,True,True
2025-07-16|39350,2025-07-16,39350,11:00,13:00,60,PARTIAL,3,2,,,AVAILABLE,5.0,False,,,,UNRESOLVED_STRUCTURE,OBSERVATION_INSUFFICIENT,1,1,1,False,0,0,False,INHERITED_RAW_PRICE_BASIS,False,False
2025-07-16|39350,2025-07-16,39350,11:00,13:05,65,COMPLETE,5,0,UP,0.5257623554153522,AVAILABLE,5.0,False,,,CHOPPINESS,UNRESOLVED_STRUCTURE,OBSERVATION_INSUFFICIENT,2,0,1,False,0,0,False,INHERITED_RAW_PRICE_BASIS,False,False
2025-07-16|39350,2025-07-16,39350,11:00,13:10,70,PARTIAL,4,1,,,AVAILABLE,5.0,False,,,,UNRESOLVED_STRUCTURE,OBSERVATION_INSUFFICIENT,2,0,0,False,0,0,False,INHERITED_RAW_PRICE_BASIS,False,False
2025-07-16|39350,2025-07-16,39350,11:00,13:15,75,PARTIAL,4,1,,,AVAILABLE,5.0,False,,,,UNRESOLVED_STRUCTURE,OBSERVATION_INSUFFICIENT,1,0,0,False,0,0,False,INHERITED_RAW_PRICE_BASIS,False,False
2025-07-16|39350,2025-07-16,39350,11:00,13:20,80,PARTIAL,4,1,,,AVAILABLE,5.0,False,,,,UNRESOLVED_STRUCTURE,WINDOW_OBSERVED,0,1,1,False,0,0,False,INHERITED_RAW_PRICE_BASIS,False,False
2025-07-16|39350,2025-07-16,39350,11:00,13:25,85,COMPLETE,5,0,UP,0.9523809523809523,AVAILABLE,5.0,False,,,,UNRESOLVED_STRUCTURE,WINDOW_OBSERVED,0,1,3,False,0,0,False,INHERITED_RAW_PRICE_BASIS,False,False
2025-07-16|39350,2025-07-16,39350,11:00,13:30,90,COMPLETE,5,0,DOWN,-0.31512605042016806,AVAILABLE,5.0,False,UP_STRUCTURE,,RANGE_COMPRESSION|VOLUME_COMPRESSION|TRADING_VALUE_COMPRESSION,IDENTIFIED,WINDOW_OBSERVED,0,1,4,False,1,2,True,INHERITED_RAW_PRICE_BASIS,True,False
2025-07-16|39350,2025-07-16,39350,11:00,13:35,95,COMPLETE,5,0,UP,0.5263157894736842,AVAILABLE,5.0,False,UP_STRUCTURE,RECOVERY,RANGE_EXPANSION|VOLUME_EXPANSION|TRADING_VALUE_EXPANSION,IDENTIFIED,OBSERVATION_INSUFFICIENT,1,0,4,False,1,0,True,INHERITED_RAW_PRICE_BASIS,True,True
2025-07-16|39350,2025-07-16,39350,11:00,13:40,100,COMPLETE,5,0,UP,0.9453781512605042,AVAILABLE,5.0,False,UP_STRUCTURE,PROGRESSION,,IDENTIFIED,OBSERVATION_INSUFFICIENT,2,0,4,False,0,1,True,INHERITED_RAW_PRICE_BASIS,True,True
2025-07-16|39350,2025-07-16,39350,11:00,13:45,105,PARTIAL,4,1,,,AVAILABLE,5.0,False,,,,CURRENT_BAR_UNAVAILABLE,OBSERVATION_INSUFFICIENT,1,0,0,False,0,0,False,INHERITED_RAW_PRICE_BASIS,False,False
2025-07-16|39350,2025-07-16,39350,11:00,13:50,110,PARTIAL,4,1,,,AVAILABLE,5.0,False,,,,UNRESOLVED_STRUCTURE,WINDOW_OBSERVED,0,0,1,False,0,0,False,INHERITED_RAW_PRICE_BASIS,False,False
2025-07-16|39350,2025-07-16,39350,11:00,13:55,115,COMPLETE,5,0,UP,0.4132231404958678,AVAILABLE,5.0,False,,,,UNRESOLVED_STRUCTURE,OBSERVATION_INSUFFICIENT,1,0,1,False,0,0,False,INHERITED_RAW_PRICE_BASIS,False,False
2025-07-16|39350,2025-07-16,39350,11:00,14:00,120,COMPLETE,5,0,DOWN,-0.1026694045174538,AVAILABLE,5.0,False,,,CHOPPINESS|RANGE_COMPRESSION,UNRESOLVED_STRUCTURE,OBSERVATION_INSUFFICIENT,2,0,2,False,0,0,False,INHERITED_RAW_PRICE_BASIS,True,False
2025-07-16|39350,2025-07-16,39350,11:00,14:05,125,PARTIAL,4,1,,,AVAILABLE,5.0,False,,,,CURRENT_BAR_UNAVAILABLE,OBSERVATION_INSUFFICIENT,2,0,0,False,0,0,False,INHERITED_RAW_PRICE_BASIS,False,False
2025-07-16|39350,2025-07-16,39350,11:00,14:10,130,PARTIAL,4,1,,,AVAILABLE,5.0,False,,,,UNRESOLVED_STRUCTURE,OBSERVATION_INSUFFICIENT,1,0,0,False,0,0,False,INHERITED_RAW_PRICE_BASIS,False,False
2025-07-16|39350,2025-07-16,39350,11:00,14:15,135,PARTIAL,4,1,,,AVAILABLE,5.0,False,,,,CURRENT_BAR_UNAVAILABLE,OBSERVATION_INSUFFICIENT,1,0,0,False,0,0,False,INHERITED_RAW_PRICE_BASIS,False,False
2025-07-16|39350,2025-07-16,39350,11:00,14:20,140,COMPLETE,5,0,UNCHANGED,0.0,AVAILABLE,5.0,False,,,,UNRESOLVED_STRUCTURE,OBSERVATION_INSUFFICIENT,2,0,0,False,0,0,False,INHERITED_RAW_PRICE_BASIS,False,False
2025-07-16|39350,2025-07-16,39350,11:00,14:25,145,PARTIAL,4,1,,,AVAILABLE,5.0,False,,,,CURRENT_BAR_UNAVAILABLE,OBSERVATION_INSUFFICIENT,3,0,0,False,0,0,False,INHERITED_RAW_PRICE_BASIS,False,False
2025-07-16|39350,2025-07-16,39350,11:00,14:30,150,PARTIAL,4,1,,,AVAILABLE,5.0,False,,,,UNRESOLVED_STRUCTURE,OBSERVATION_INSUFFICIENT,3,0,0,False,0,0,False,INHERITED_RAW_PRICE_BASIS,False,False
2025-07-16|39350,2025-07-16,39350,11:00,14:35,155,PARTIAL,3,2,,,AVAILABLE,5.0,False,,,,UNRESOLVED_STRUCTURE,OBSERVATION_INSUFFICIENT,2,0,0,False,0,0,False,INHERITED_RAW_PRICE_BASIS,False,False
2025-07-16|39350,2025-07-16,39350,11:00,14:40,160,PARTIAL,4,1,,,AVAILABLE,5.0,False,,,,UNRESOLVED_STRUCTURE,OBSERVATION_INSUFFICIENT,2,0,0,False,0,0,False,INHERITED_RAW_PRICE_BASIS,False,False
2025-07-16|39350,2025-07-16,39350,11:00,14:45,165,PARTIAL,4,1,,,AVAILABLE,5.0,False,,,,UNRESOLVED_STRUCTURE,OBSERVATION_INSUFFICIENT,1,1,1,False,0,0,False,INHERITED_RAW_PRICE_BASIS,False,False
2025-07-16|39350,2025-07-16,39350,11:00,14:50,170,PARTIAL,4,1,,,AVAILABLE,5.0,False,,,,UNRESOLVED_STRUCTURE,OBSERVATION_INSUFFICIENT,1,0,0,False,0,0,False,INHERITED_RAW_PRICE_BASIS,False,False
2025-07-16|39350,2025-07-16,39350,11:00,14:55,175,COMPLETE,5,0,DOWN,-0.1049317943336831,AVAILABLE,5.0,False,,,,UNRESOLVED_STRUCTURE,OBSERVATION_INSUFFICIENT,2,0,0,False,0,0,False,INHERITED_RAW_PRICE_BASIS,False,False
2025-07-16|39350,2025-07-16,39350,11:00,15:00,180,PARTIAL,4,1,,,AVAILABLE,5.0,False,,,,UNRESOLVED_STRUCTURE,OBSERVATION_INSUFFICIENT,1,0,0,False,0,0,False,INHERITED_RAW_PRICE_BASIS,False,False
2025-07-16|39350,2025-07-16,39350,11:00,15:05,185,PARTIAL,4,1,,,AVAILABLE,5.0,False,,,,CURRENT_BAR_UNAVAILABLE,OBSERVATION_INSUFFICIENT,4,0,0,False,0,0,False,INHERITED_RAW_PRICE_BASIS,False,False
2025-07-16|39350,2025-07-16,39350,11:00,15:10,190,COMPLETE,5,0,UP,0.944386149003148,AVAILABLE,5.0,False,,,,UNRESOLVED_STRUCTURE,OBSERVATION_INSUFFICIENT,5,0,0,False,0,0,False,INHERITED_RAW_PRICE_BASIS,False,False
2025-07-16|39350,2025-07-16,39350,11:00,15:15,195,PARTIAL,1,4,,,AVAILABLE,5.0,False,,,,CURRENT_BAR_UNAVAILABLE,OBSERVATION_INSUFFICIENT,1,0,0,False,0,0,False,INHERITED_RAW_PRICE_BASIS,False,False
2025-07-16|39350,2025-07-16,39350,11:00,15:20,200,PARTIAL,4,1,,,AVAILABLE,5.0,False,,,,UNRESOLVED_STRUCTURE,RIGHT_CENSORED,0,0,0,False,0,0,False,INHERITED_RAW_PRICE_BASIS,False,False
2025-07-16|39350,2025-07-16,39350,11:00,15:25,205,COMPLETE,5,0,UP,1.0438413361169103,AVAILABLE,5.0,False,,,,UNRESOLVED_STRUCTURE,RIGHT_CENSORED,0,0,1,False,0,0,False,INHERITED_RAW_PRICE_BASIS,False,False
2025-07-16|42610,2025-07-16,42610,14:30,14:30,0,PARTIAL,2,3,,,SCALE_INSUFFICIENT,,False,,,,CURRENT_BAR_UNAVAILABLE,OBSERVATION_INSUFFICIENT,8,0,0,False,3,3,False,INHERITED_RAW_PRICE_BASIS,False,False
2025-07-16|42610,2025-07-16,42610,14:30,14:35,5,PARTIAL,2,3,,,SCALE_INSUFFICIENT,,False,,,,CURRENT_BAR_UNAVAILABLE,OBSERVATION_INSUFFICIENT,10,0,0,False,0,0,False,INHERITED_RAW_PRICE_BASIS,False,False
2025-07-16|42610,2025-07-16,42610,14:30,14:40,10,UNAVAILABLE,0,5,,,SCALE_INSUFFICIENT,,False,,,,CURRENT_BAR_UNAVAILABLE,OBSERVATION_INSUFFICIENT,10,0,0,False,0,0,False,INHERITED_RAW_PRICE_BASIS,False,False
2025-07-16|42610,2025-07-16,42610,14:30,14:45,15,UNAVAILABLE,0,5,,,SCALE_INSUFFICIENT,,False,,,,CURRENT_BAR_UNAVAILABLE,OBSERVATION_INSUFFICIENT,10,0,0,False,0,0,False,INHERITED_RAW_PRICE_BASIS,False,False
2025-07-16|42610,2025-07-16,42610,14:30,14:50,20,UNAVAILABLE,0,5,,,SCALE_INSUFFICIENT,,False,,,,CURRENT_BAR_UNAVAILABLE,OBSERVATION_INSUFFICIENT,10,0,0,False,0,0,False,INHERITED_RAW_PRICE_BASIS,False,False
2025-07-16|42610,2025-07-16,42610,14:30,14:55,25,UNAVAILABLE,0,5,,,SCALE_INSUFFICIENT,,False,,,,CURRENT_BAR_UNAVAILABLE,OBSERVATION_INSUFFICIENT,10,0,0,False,0,0,False,INHERITED_RAW_PRICE_BASIS,False,False
2025-07-16|42610,2025-07-16,42610,14:30,15:00,30,UNAVAILABLE,0,5,,,SCALE_INSUFFICIENT,,False,,,,CURRENT_BAR_UNAVAILABLE,OBSERVATION_INSUFFICIENT,10,0,0,False,0,0,False,INHERITED_RAW_PRICE_BASIS,False,False
2025-07-16|42610,2025-07-16,42610,14:30,15:05,35,UNAVAILABLE,0,5,,,SCALE_INSUFFICIENT,,False,,,,CURRENT_BAR_UNAVAILABLE,OBSERVATION_INSUFFICIENT,10,0,0,False,0,0,False,INHERITED_RAW_PRICE_BASIS,False,False
2025-07-16|42610,2025-07-16,42610,14:30,15:10,40,UNAVAILABLE,0,5,,,SCALE_INSUFFICIENT,,False,,,,CURRENT_BAR_UNAVAILABLE,OBSERVATION_INSUFFICIENT,9,0,0,False,0,0,False,INHERITED_RAW_PRICE_BASIS,False,False
2025-07-16|42610,2025-07-16,42610,14:30,15:15,45,UNAVAILABLE,0,5,,,SCALE_INSUFFICIENT,,False,,,,CURRENT_BAR_UNAVAILABLE,OBSERVATION_INSUFFICIENT,8,0,0,False,0,0,False,INHERITED_RAW_PRICE_BASIS,False,False
2025-07-16|42610,2025-07-16,42610,14:30,15:20,50,PARTIAL,1,4,,,SCALE_INSUFFICIENT,,False,,,,SCALE_UNAVAILABLE,RIGHT_CENSORED,4,0,0,False,0,0,False,INHERITED_RAW_PRICE_BASIS,False,False
2025-07-16|42610,2025-07-16,42610,14:30,15:25,55,PARTIAL,1,4,,,SCALE_INSUFFICIENT,,False,,,,CURRENT_BAR_UNAVAILABLE,RIGHT_CENSORED,0,0,0,False,3,2,False,INHERITED_RAW_PRICE_BASIS,False,False
2025-07-16|43700,2025-07-16,43700,14:30,14:30,0,UNAVAILABLE,0,5,,,SCALE_INSUFFICIENT,,False,,,,CURRENT_BAR_UNAVAILABLE,OBSERVATION_INSUFFICIENT,9,0,0,False,0,0,False,INHERITED_RAW_PRICE_BASIS,False,False
2025-07-16|43700,2025-07-16,43700,14:30,14:35,5,UNAVAILABLE,0,5,,,SCALE_INSUFFICIENT,,False,,,,CURRENT_BAR_UNAVAILABLE,OBSERVATION_INSUFFICIENT,9,0,0,False,0,0,False,INHERITED_RAW_PRICE_BASIS,False,False
2025-07-16|43700,2025-07-16,43700,14:30,14:40,10,PARTIAL,1,4,,,SCALE_INSUFFICIENT,,False,,,,CURRENT_BAR_UNAVAILABLE,OBSERVATION_INSUFFICIENT,10,0,0,False,0,0,False,INHERITED_RAW_PRICE_BASIS,False,False
2025-07-16|43700,2025-07-16,43700,14:30,14:45,15,UNAVAILABLE,0,5,,,SCALE_INSUFFICIENT,,False,,,,CURRENT_BAR_UNAVAILABLE,OBSERVATION_INSUFFICIENT,10,0,0,False,0,0,False,INHERITED_RAW_PRICE_BASIS,False,False
2025-07-16|43700,2025-07-16,43700,14:30,14:50,20,UNAVAILABLE,0,5,,,SCALE_INSUFFICIENT,,False,,,,CURRENT_BAR_UNAVAILABLE,OBSERVATION_INSUFFICIENT,10,0,0,False,0,0,False,INHERITED_RAW_PRICE_BASIS,False,False
2025-07-16|43700,2025-07-16,43700,14:30,14:55,25,UNAVAILABLE,0,5,,,SCALE_INSUFFICIENT,,False,,,,CURRENT_BAR_UNAVAILABLE,OBSERVATION_INSUFFICIENT,9,0,0,False,0,0,False,INHERITED_RAW_PRICE_BASIS,False,False
2025-07-16|43700,2025-07-16,43700,14:30,15:00,30,UNAVAILABLE,0,5,,,SCALE_INSUFFICIENT,,False,,,,CURRENT_BAR_UNAVAILABLE,OBSERVATION_INSUFFICIENT,9,0,0,False,0,0,False,INHERITED_RAW_PRICE_BASIS,False,False
2025-07-16|43700,2025-07-16,43700,14:30,15:05,35,PARTIAL,1,4,,,SCALE_INSUFFICIENT,,False,,,,SCALE_UNAVAILABLE,OBSERVATION_INSUFFICIENT,10,0,0,False,0,0,False,INHERITED_RAW_PRICE_BASIS,False,False
2025-07-16|43700,2025-07-16,43700,14:30,15:10,40,UNAVAILABLE,0,5,,,SCALE_INSUFFICIENT,,False,,,,CURRENT_BAR_UNAVAILABLE,OBSERVATION_INSUFFICIENT,9,0,0,False,0,0,False,INHERITED_RAW_PRICE_BASIS,False,False
2025-07-16|43700,2025-07-16,43700,14:30,15:15,45,UNAVAILABLE,0,5,,,SCALE_INSUFFICIENT,,False,,,,CURRENT_BAR_UNAVAILABLE,OBSERVATION_INSUFFICIENT,9,0,0,False,0,0,False,INHERITED_RAW_PRICE_BASIS,False,False
2025-07-16|43700,2025-07-16,43700,14:30,15:20,50,PARTIAL,1,4,,,SCALE_INSUFFICIENT,,False,,,,CURRENT_BAR_UNAVAILABLE,RIGHT_CENSORED,5,0,0,False,0,0,False,INHERITED_RAW_PRICE_BASIS,False,False
2025-07-16|43700,2025-07-16,43700,14:30,15:25,55,UNAVAILABLE,0,5,,,SCALE_INSUFFICIENT,,False,,,,CURRENT_BAR_UNAVAILABLE,RIGHT_CENSORED,0,0,0,False,0,0,False,INHERITED_RAW_PRICE_BASIS,False,False
2025-07-16|44130,2025-07-16,44130,15:00,15:00,0,COMPLETE,5,0,DOWN,-0.843108504398827,AVAILABLE,7.5,False,DOWN_STRUCTURE,,RANGE_EXPANSION|VOLUME_EXPANSION|TRADING_VALUE_EXPANSION,IDENTIFIED,WINDOW_OBSERVED,0,1,4,False,1,1,True,INHERITED_RAW_PRICE_BASIS,False,False
2025-07-16|44130,2025-07-16,44130,15:00,15:05,5,COMPLETE,5,0,UP,1.1086474501108647,AVAILABLE,7.5,False,DOWN_STRUCTURE,,,IDENTIFIED,WINDOW_OBSERVED,0,1,5,False,0,0,True,INHERITED_RAW_PRICE_BASIS,True,False
2025-07-16|44130,2025-07-16,44130,15:00,15:10,10,COMPLETE,5,0,DOWN,-1.0944910616563297,AVAILABLE,7.5,False,DOWN_STRUCTURE,PROGRESSION,,IDENTIFIED,WINDOW_OBSERVED,0,0,5,False,0,0,True,INHERITED_RAW_PRICE_BASIS,True,True
2025-07-16|44130,2025-07-16,44130,15:00,15:15,15,COMPLETE,5,0,UP,0.07377351530800443,AVAILABLE,7.5,False,DOWN_STRUCTURE,PROGRESSION,CHOPPINESS|RANGE_COMPRESSION,IDENTIFIED,WINDOW_OBSERVED,0,0,5,False,0,0,True,INHERITED_RAW_PRICE_BASIS,True,False
2025-07-16|44130,2025-07-16,44130,15:00,15:20,20,COMPLETE,5,0,DOWN,-0.2946593001841621,AVAILABLE,7.5,False,DOWN_STRUCTURE,PROGRESSION,VOLUME_COMPRESSION|TRADING_VALUE_COMPRESSION,IDENTIFIED,RIGHT_CENSORED,0,0,5,False,0,0,True,INHERITED_RAW_PRICE_BASIS,True,False
2025-07-16|44130,2025-07-16,44130,15:00,15:25,25,COMPLETE,5,0,UP,0.07385524372230429,AVAILABLE,7.5,False,DOWN_STRUCTURE,CORRECTION|RECOVERY,,IDENTIFIED,RIGHT_CENSORED,0,0,6,False,6,4,True,INHERITED_RAW_PRICE_BASIS,True,True
2025-07-16|44450,2025-07-16,44450,11:00,11:00,0,PARTIAL,3,2,,,SCALE_INSUFFICIENT,,False,,,,CURRENT_BAR_UNAVAILABLE,OBSERVATION_INSUFFICIENT,10,0,0,False,3,7,False,INHERITED_RAW_PRICE_BASIS,False,False
2025-07-16|44450,2025-07-16,44450,11:00,11:05,5,UNAVAILABLE,0,5,,,SCALE_INSUFFICIENT,,False,,,,CURRENT_BAR_UNAVAILABLE,OBSERVATION_INSUFFICIENT,10,0,0,False,0,0,False,INHERITED_RAW_PRICE_BASIS,False,False
2025-07-16|44450,2025-07-16,44450,11:00,11:10,10,UNAVAILABLE,0,5,,,SCALE_INSUFFICIENT,,False,,,,CURRENT_BAR_UNAVAILABLE,OBSERVATION_INSUFFICIENT,10,0,0,False,0,0,False,INHERITED_RAW_PRICE_BASIS,False,False
2025-07-16|44450,2025-07-16,44450,11:00,11:15,15,UNAVAILABLE,0,5,,,SCALE_INSUFFICIENT,,False,,,,CURRENT_BAR_UNAVAILABLE,OBSERVATION_INSUFFICIENT,10,0,0,False,0,0,False,INHERITED_RAW_PRICE_BASIS,False,False
2025-07-16|44450,2025-07-16,44450,11:00,11:20,20,UNAVAILABLE,0,5,,,SCALE_INSUFFICIENT,,False,,,,CURRENT_BAR_UNAVAILABLE,OBSERVATION_INSUFFICIENT,10,0,0,False,0,0,False,INHERITED_RAW_PRICE_BASIS,False,False
2025-07-16|44450,2025-07-16,44450,11:00,11:25,25,UNAVAILABLE,0,5,,,SCALE_INSUFFICIENT,,False,,,,CURRENT_BAR_UNAVAILABLE,OBSERVATION_INSUFFICIENT,9,0,0,False,0,0,False,INHERITED_RAW_PRICE_BASIS,False,False
2025-07-16|44450,2025-07-16,44450,11:00,11:30,30,UNAVAILABLE,0,5,,,SCALE_INSUFFICIENT,,False,,,,CURRENT_BAR_UNAVAILABLE,OBSERVATION_INSUFFICIENT,9,0,0,False,0,0,False,INHERITED_RAW_PRICE_BASIS,False,False
2025-07-16|44450,2025-07-16,44450,11:00,12:35,35,PARTIAL,1,4,,,SCALE_INSUFFICIENT,,False,,,,CURRENT_BAR_UNAVAILABLE,OBSERVATION_INSUFFICIENT,10,0,0,False,0,0,False,INHERITED_RAW_PRICE_BASIS,False,False
2025-07-16|44450,2025-07-16,44450,11:00,12:40,40,UNAVAILABLE,0,5,,,SCALE_INSUFFICIENT,,False,,,,CURRENT_BAR_UNAVAILABLE,OBSERVATION_INSUFFICIENT,10,0,0,False,0,0,False,INHERITED_RAW_PRICE_BASIS,False,False
2025-07-16|44450,2025-07-16,44450,11:00,12:45,45,UNAVAILABLE,0,5,,,SCALE_INSUFFICIENT,,False,,,,CURRENT_BAR_UNAVAILABLE,OBSERVATION_INSUFFICIENT,10,0,0,False,0,0,False,INHERITED_RAW_PRICE_BASIS,False,False
2025-07-16|44450,2025-07-16,44450,11:00,12:50,50,UNAVAILABLE,0,5,,,SCALE_INSUFFICIENT,,False,,,,CURRENT_BAR_UNAVAILABLE,OBSERVATION_INSUFFICIENT,9,0,0,False,0,0,False,INHERITED_RAW_PRICE_BASIS,False,False
2025-07-16|44450,2025-07-16,44450,11:00,12:55,55,UNAVAILABLE,0,5,,,SCALE_INSUFFICIENT,,False,,,,CURRENT_BAR_UNAVAILABLE,OBSERVATION_INSUFFICIENT,9,0,0,False,0,0,False,INHERITED_RAW_PRICE_BASIS,False,False
2025-07-16|44450,2025-07-16,44450,11:00,13:00,60,PARTIAL,1,4,,,SCALE_INSUFFICIENT,,False,,,,CURRENT_BAR_UNAVAILABLE,OBSERVATION_INSUFFICIENT,10,0,0,False,0,0,False,INHERITED_RAW_PRICE_BASIS,False,False
2025-07-16|44450,2025-07-16,44450,11:00,13:05,65,UNAVAILABLE,0,5,,,SCALE_INSUFFICIENT,,False,,,,CURRENT_BAR_UNAVAILABLE,OBSERVATION_INSUFFICIENT,9,0,0,False,0,0,False,INHERITED_RAW_PRICE_BASIS,False,False
2025-07-16|44450,2025-07-16,44450,11:00,13:10,70,UNAVAILABLE,0,5,,,SCALE_INSUFFICIENT,,False,,,,CURRENT_BAR_UNAVAILABLE,OBSERVATION_INSUFFICIENT,9,0,0,False,0,0,False,INHERITED_RAW_PRICE_BASIS,False,False
2025-07-16|44450,2025-07-16,44450,11:00,13:15,75,PARTIAL,1,4,,,SCALE_INSUFFICIENT,,False,,,,SCALE_UNAVAILABLE,OBSERVATION_INSUFFICIENT,10,0,0,False,0,0,False,INHERITED_RAW_PRICE_BASIS,False,False
2025-07-16|44450,2025-07-16,44450,11:00,13:20,80,UNAVAILABLE,0,5,,,SCALE_INSUFFICIENT,,False,,,,CURRENT_BAR_UNAVAILABLE,OBSERVATION_INSUFFICIENT,10,0,0,False,0,0,False,INHERITED_RAW_PRICE_BASIS,False,False
2025-07-16|44450,2025-07-16,44450,11:00,13:25,85,UNAVAILABLE,0,5,,,SCALE_INSUFFICIENT,,False,,,,CURRENT_BAR_UNAVAILABLE,OBSERVATION_INSUFFICIENT,10,0,0,False,0,0,False,INHERITED_RAW_PRICE_BASIS,False,False
2025-07-16|44450,2025-07-16,44450,11:00,13:30,90,UNAVAILABLE,0,5,,,SCALE_INSUFFICIENT,,False,,,,CURRENT_BAR_UNAVAILABLE,OBSERVATION_INSUFFICIENT,10,0,0,False,0,0,False,INHERITED_RAW_PRICE_BASIS,False,False
2025-07-16|44450,2025-07-16,44450,11:00,13:35,95,UNAVAILABLE,0,5,,,SCALE_INSUFFICIENT,,False,,,,CURRENT_BAR_UNAVAILABLE,OBSERVATION_INSUFFICIENT,10,0,0,False,0,0,False,INHERITED_RAW_PRICE_BASIS,False,False
2025-07-16|44450,2025-07-16,44450,11:00,13:40,100,UNAVAILABLE,0,5,,,SCALE_INSUFFICIENT,,False,,,,CURRENT_BAR_UNAVAILABLE,OBSERVATION_INSUFFICIENT,9,0,0,False,0,0,False,INHERITED_RAW_PRICE_BASIS,False,False
2025-07-16|44450,2025-07-16,44450,11:00,13:45,105,UNAVAILABLE,0,5,,,SCALE_INSUFFICIENT,,False,,,,CURRENT_BAR_UNAVAILABLE,OBSERVATION_INSUFFICIENT,9,0,0,False,0,0,False,INHERITED_RAW_PRICE_BASIS,False,False
2025-07-16|44450,2025-07-16,44450,11:00,13:50,110,PARTIAL,1,4,,,SCALE_INSUFFICIENT,,False,,,,CURRENT_BAR_UNAVAILABLE,OBSERVATION_INSUFFICIENT,9,0,0,False,0,0,False,INHERITED_RAW_PRICE_BASIS,False,False
2025-07-16|44450,2025-07-16,44450,11:00,13:55,115,UNAVAILABLE,0,5,,,SCALE_INSUFFICIENT,,False,,,,CURRENT_BAR_UNAVAILABLE,OBSERVATION_INSUFFICIENT,9,0,0,False,0,0,False,INHERITED_RAW_PRICE_BASIS,False,False
2025-07-16|44450,2025-07-16,44450,11:00,14:00,120,PARTIAL,1,4,,,SCALE_INSUFFICIENT,,False,,,,CURRENT_BAR_UNAVAILABLE,OBSERVATION_INSUFFICIENT,10,0,0,False,0,0,False,INHERITED_RAW_PRICE_BASIS,False,False
2025-07-16|44450,2025-07-16,44450,11:00,14:05,125,UNAVAILABLE,0,5,,,SCALE_INSUFFICIENT,,False,,,,CURRENT_BAR_UNAVAILABLE,OBSERVATION_INSUFFICIENT,10,0,0,False,0,0,False,INHERITED_RAW_PRICE_BASIS,False,False
2025-07-16|44450,2025-07-16,44450,11:00,14:10,130,UNAVAILABLE,0,5,,,SCALE_INSUFFICIENT,,False,,,,CURRENT_BAR_UNAVAILABLE,OBSERVATION_INSUFFICIENT,10,0,0,False,0,0,False,INHERITED_RAW_PRICE_BASIS,False,False
2025-07-16|44450,2025-07-16,44450,11:00,14:15,135,UNAVAILABLE,0,5,,,SCALE_INSUFFICIENT,,False,,,,CURRENT_BAR_UNAVAILABLE,OBSERVATION_INSUFFICIENT,10,0,0,False,0,0,False,INHERITED_RAW_PRICE_BASIS,False,False
2025-07-16|44450,2025-07-16,44450,11:00,14:20,140,UNAVAILABLE,0,5,,,SCALE_INSUFFICIENT,,False,,,,CURRENT_BAR_UNAVAILABLE,OBSERVATION_INSUFFICIENT,10,0,0,False,0,0,False,INHERITED_RAW_PRICE_BASIS,False,False
2025-07-16|44450,2025-07-16,44450,11:00,14:25,145,UNAVAILABLE,0,5,,,SCALE_INSUFFICIENT,,False,,,,CURRENT_BAR_UNAVAILABLE,OBSERVATION_INSUFFICIENT,9,0,0,False,0,0,False,INHERITED_RAW_PRICE_BASIS,False,False
2025-07-16|44450,2025-07-16,44450,11:00,14:30,150,UNAVAILABLE,0,5,,,SCALE_INSUFFICIENT,,False,,,,CURRENT_BAR_UNAVAILABLE,OBSERVATION_INSUFFICIENT,9,0,0,False,0,0,False,INHERITED_RAW_PRICE_BASIS,False,False
2025-07-16|44450,2025-07-16,44450,11:00,14:35,155,PARTIAL,1,4,,,SCALE_INSUFFICIENT,,False,,,,CURRENT_BAR_UNAVAILABLE,OBSERVATION_INSUFFICIENT,10,0,0,False,3,0,False,INHERITED_RAW_PRICE_BASIS,False,False
2025-07-16|44450,2025-07-16,44450,11:00,14:40,160,UNAVAILABLE,0,5,,,SCALE_INSUFFICIENT,,False,,,,CURRENT_BAR_UNAVAILABLE,OBSERVATION_INSUFFICIENT,9,0,0,False,0,0,False,INHERITED_RAW_PRICE_BASIS,False,False
2025-07-16|44450,2025-07-16,44450,11:00,14:45,165,UNAVAILABLE,0,5,,,SCALE_INSUFFICIENT,,False,,,,CURRENT_BAR_UNAVAILABLE,OBSERVATION_INSUFFICIENT,9,0,0,False,0,0,False,INHERITED_RAW_PRICE_BASIS,False,False
2025-07-16|44450,2025-07-16,44450,11:00,14:50,170,PARTIAL,1,4,,,SCALE_INSUFFICIENT,,False,,,,SCALE_UNAVAILABLE,OBSERVATION_INSUFFICIENT,10,0,0,False,0,0,False,INHERITED_RAW_PRICE_BASIS,False,False
2025-07-16|44450,2025-07-16,44450,11:00,14:55,175,UNAVAILABLE,0,5,,,SCALE_INSUFFICIENT,,False,,,,CURRENT_BAR_UNAVAILABLE,OBSERVATION_INSUFFICIENT,10,0,0,False,0,0,False,INHERITED_RAW_PRICE_BASIS,False,False
2025-07-16|44450,2025-07-16,44450,11:00,15:00,180,UNAVAILABLE,0,5,,,SCALE_INSUFFICIENT,,False,,,,CURRENT_BAR_UNAVAILABLE,OBSERVATION_INSUFFICIENT,10,0,0,False,0,0,False,INHERITED_RAW_PRICE_BASIS,False,False
2025-07-16|44450,2025-07-16,44450,11:00,15:05,185,UNAVAILABLE,0,5,,,SCALE_INSUFFICIENT,,False,,,,CURRENT_BAR_UNAVAILABLE,OBSERVATION_INSUFFICIENT,10,0,0,False,0,0,False,INHERITED_RAW_PRICE_BASIS,False,False
2025-07-16|44450,2025-07-16,44450,11:00,15:10,190,UNAVAILABLE,0,5,,,SCALE_INSUFFICIENT,,False,,,,CURRENT_BAR_UNAVAILABLE,OBSERVATION_INSUFFICIENT,10,0,0,False,0,0,False,INHERITED_RAW_PRICE_BASIS,False,False
2025-07-16|44450,2025-07-16,44450,11:00,15:15,195,UNAVAILABLE,0,5,,,SCALE_INSUFFICIENT,,False,,,,CURRENT_BAR_UNAVAILABLE,OBSERVATION_INSUFFICIENT,10,0,0,False,0,0,False,INHERITED_RAW_PRICE_BASIS,False,False
2025-07-16|44450,2025-07-16,44450,11:00,15:20,200,UNAVAILABLE,0,5,,,SCALE_INSUFFICIENT,,False,,,,CURRENT_BAR_UNAVAILABLE,RIGHT_CENSORED,5,0,0,False,0,0,False,INHERITED_RAW_PRICE_BASIS,False,False
2025-07-16|44450,2025-07-16,44450,11:00,15:25,205,UNAVAILABLE,0,5,,,SCALE_INSUFFICIENT,,False,,,,CURRENT_BAR_UNAVAILABLE,RIGHT_CENSORED,0,0,0,False,0,0,False,INHERITED_RAW_PRICE_BASIS,False,False
2025-07-16|45520,2025-07-16,45520,10:30,10:30,0,COMPLETE,5,0,DOWN,-0.7473841554559043,AVAILABLE,3.0,False,DOWN_STRUCTURE,PROGRESSION,,IDENTIFIED,WINDOW_OBSERVED,0,0,13,False,0,0,True,INHERITED_RAW_PRICE_BASIS,False,False
2025-07-16|45520,2025-07-16,45520,10:30,10:35,5,COMPLETE,5,0,DOWN,-0.6024096385542169,AVAILABLE,3.0,False,DOWN_STRUCTURE,,VOLUME_EXPANSION|TRADING_VALUE_EXPANSION,IDENTIFIED,WINDOW_OBSERVED,0,1,14,False,1,1,True,INHERITED_RAW_PRICE_BASIS,True,True
2025-07-16|45520,2025-07-16,45520,10:30,10:40,10,COMPLETE,5,0,UP,1.2102874432677762,AVAILABLE,3.0,False,DOWN_STRUCTURE,,RANGE_EXPANSION|VOLUME_COMPRESSION|TRADING_VALUE_COMPRESSION,IDENTIFIED,WINDOW_OBSERVED,0,1,15,False,0,0,True,INHERITED_RAW_PRICE_BASIS,True,False
2025-07-16|45520,2025-07-16,45520,10:30,10:45,15,COMPLETE,5,0,UNCHANGED,0.0,AVAILABLE,3.0,False,DOWN_STRUCTURE,PROGRESSION,RANGE_COMPRESSION|VOLUME_COMPRESSION|TRADING_VALUE_COMPRESSION,IDENTIFIED,WINDOW_OBSERVED,0,0,15,False,0,0,True,INHERITED_RAW_PRICE_BASIS,True,True
2025-07-16|45520,2025-07-16,45520,10:30,10:50,20,COMPLETE,5,0,DOWN,-0.14992503748125938,AVAILABLE,3.0,False,DOWN_STRUCTURE,PROGRESSION,VOLUME_COMPRESSION|TRADING_VALUE_COMPRESSION,IDENTIFIED,WINDOW_OBSERVED,0,0,15,False,0,0,True,INHERITED_RAW_PRICE_BASIS,True,False
2025-07-16|45520,2025-07-16,45520,10:30,10:55,25,COMPLETE,5,0,DOWN,-1.2012012012012012,AVAILABLE,3.0,False,DOWN_STRUCTURE,,RANGE_EXPANSION|VOLUME_EXPANSION|TRADING_VALUE_EXPANSION,IDENTIFIED,WINDOW_OBSERVED,0,1,16,False,3,1,True,INHERITED_RAW_PRICE_BASIS,True,True
2025-07-16|45520,2025-07-16,45520,10:30,11:00,30,COMPLETE,5,0,DOWN,-0.15174506828528073,AVAILABLE,3.0,False,DOWN_STRUCTURE,,RANGE_COMPRESSION|VOLUME_COMPRESSION|TRADING_VALUE_COMPRESSION,IDENTIFIED,WINDOW_OBSERVED,0,1,16,False,0,0,True,INHERITED_RAW_PRICE_BASIS,True,False
2025-07-16|45520,2025-07-16,45520,10:30,11:05,35,COMPLETE,5,0,DOWN,-0.15174506828528073,AVAILABLE,3.0,False,DOWN_STRUCTURE,PROGRESSION,RANGE_EXPANSION|VOLUME_EXPANSION|TRADING_VALUE_EXPANSION,IDENTIFIED,WINDOW_OBSERVED,0,0,17,False,2,2,True,INHERITED_RAW_PRICE_BASIS,True,True
2025-07-16|45520,2025-07-16,45520,10:30,11:10,40,COMPLETE,5,0,UP,0.1519756838905775,AVAILABLE,3.0,False,DOWN_STRUCTURE,PROGRESSION,RANGE_COMPRESSION|VOLUME_COMPRESSION|TRADING_VALUE_COMPRESSION,IDENTIFIED,WINDOW_OBSERVED,0,0,17,False,1,2,True,INHERITED_RAW_PRICE_BASIS,True,False
2025-07-16|45520,2025-07-16,45520,10:30,11:15,45,COMPLETE,5,0,DOWN,-0.7598784194528876,AVAILABLE,3.0,False,DOWN_STRUCTURE,CORRECTION|RECOVERY,RANGE_EXPANSION|VOLUME_EXPANSION|TRADING_VALUE_EXPANSION,IDENTIFIED,WINDOW_OBSERVED,0,1,18,False,1,2,True,INHERITED_RAW_PRICE_BASIS,True,True
2025-07-16|45520,2025-07-16,45520,10:30,11:20,50,COMPLETE,5,0,UP,0.6125574272588055,AVAILABLE,3.0,False,DOWN_STRUCTURE,CORRECTION|RECOVERY,VOLUME_COMPRESSION|TRADING_VALUE_COMPRESSION,IDENTIFIED,WINDOW_OBSERVED,0,0,18,False,1,0,True,INHERITED_RAW_PRICE_BASIS,True,False
2025-07-16|45520,2025-07-16,45520,10:30,11:25,55,COMPLETE,5,0,UP,0.91324200913242,AVAILABLE,3.0,False,,RESTRUCTURING,,UNRESOLVED_STRUCTURE,WINDOW_OBSERVED,0,0,18,False,2,1,True,INHERITED_RAW_PRICE_BASIS,True,True
2025-07-16|45520,2025-07-16,45520,10:30,11:30,60,COMPLETE,5,0,UP,0.9049773755656109,AVAILABLE,3.0,False,,RESTRUCTURING,,UNRESOLVED_STRUCTURE,WINDOW_OBSERVED,0,0,18,False,0,0,True,INHERITED_RAW_PRICE_BASIS,True,False
2025-07-16|45520,2025-07-16,45520,10:30,12:35,65,COMPLETE,5,0,UP,0.1485884101040119,AVAILABLE,3.0,False,,RESTRUCTURING,CHOPPINESS,UNRESOLVED_STRUCTURE,WINDOW_OBSERVED,0,1,3,False,0,0,True,INHERITED_RAW_PRICE_BASIS,True,False
2025-07-16|45520,2025-07-16,45520,10:30,12:40,70,COMPLETE,5,0,DOWN,-0.5934718100890207,AVAILABLE,3.0,False,DOWN_STRUCTURE,CORRECTION|RECOVERY,RANGE_COMPRESSION|VOLUME_COMPRESSION|TRADING_VALUE_COMPRESSION,IDENTIFIED,WINDOW_OBSERVED,0,1,4,False,3,1,True,INHERITED_RAW_PRICE_BASIS,True,True
2025-07-16|45520,2025-07-16,45520,10:30,12:45,75,COMPLETE,5,0,UP,0.4484304932735426,AVAILABLE,3.0,False,DOWN_STRUCTURE,CORRECTION|RECOVERY,VOLUME_COMPRESSION|TRADING_VALUE_COMPRESSION,IDENTIFIED,WINDOW_OBSERVED,0,0,4,False,2,3,True,INHERITED_RAW_PRICE_BASIS,True,False
2025-07-16|45520,2025-07-16,45520,10:30,12:50,80,COMPLETE,5,0,UNCHANGED,0.0,AVAILABLE,3.0,False,DOWN_STRUCTURE,CORRECTION|RECOVERY,CHOPPINESS,IDENTIFIED,WINDOW_OBSERVED,0,0,4,False,0,0,True,INHERITED_RAW_PRICE_BASIS,True,False
2025-07-16|45520,2025-07-16,45520,10:30,12:55,85,COMPLETE,5,0,UP,0.5970149253731343,AVAILABLE,3.0,False,DOWN_STRUCTURE,CORRECTION,,IDENTIFIED,WINDOW_OBSERVED,0,0,4,False,1,1,True,INHERITED_RAW_PRICE_BASIS,True,True
2025-07-16|45520,2025-07-16,45520,10:30,13:00,90,COMPLETE,5,0,UP,0.5934718100890207,AVAILABLE,3.0,False,,RESTRUCTURING,VOLUME_EXPANSION|TRADING_VALUE_EXPANSION,UNRESOLVED_STRUCTURE,WINDOW_OBSERVED,0,0,4,False,1,1,True,INHERITED_RAW_PRICE_BASIS,True,True
2025-07-16|45520,2025-07-16,45520,10:30,13:05,95,COMPLETE,5,0,UP,0.7374631268436578,AVAILABLE,3.0,False,,RESTRUCTURING,,UNRESOLVED_STRUCTURE,WINDOW_OBSERVED,0,0,4,False,0,0,True,INHERITED_RAW_PRICE_BASIS,True,False
2025-07-16|45520,2025-07-16,45520,10:30,13:10,100,COMPLETE,5,0,UP,1.0248901903367496,AVAILABLE,3.0,False,,RESTRUCTURING,,UNRESOLVED_STRUCTURE,WINDOW_OBSERVED,0,0,4,False,0,0,True,INHERITED_RAW_PRICE_BASIS,True,False
2025-07-16|45520,2025-07-16,45520,10:30,13:15,105,COMPLETE,5,0,DOWN,-0.2894356005788712,AVAILABLE,3.0,False,,RESTRUCTURING,CHOPPINESS,UNRESOLVED_STRUCTURE,WINDOW_OBSERVED,0,1,5,False,0,0,True,INHERITED_RAW_PRICE_BASIS,True,False
2025-07-16|45520,2025-07-16,45520,10:30,13:20,110,COMPLETE,5,0,UP,0.7256894049346879,AVAILABLE,3.0,False,UP_STRUCTURE,PROGRESSION,RANGE_EXPANSION,IDENTIFIED,WINDOW_OBSERVED,0,0,6,False,0,0,True,INHERITED_RAW_PRICE_BASIS,True,True
2025-07-16|45520,2025-07-16,45520,10:30,13:25,115,COMPLETE,5,0,UNCHANGED,0.0,AVAILABLE,3.0,False,UP_STRUCTURE,PROGRESSION,RANGE_COMPRESSION|VOLUME_EXPANSION|TRADING_VALUE_EXPANSION,IDENTIFIED,WINDOW_OBSERVED,0,0,6,False,0,0,True,INHERITED_RAW_PRICE_BASIS,True,False
2025-07-16|45520,2025-07-16,45520,10:30,13:30,120,COMPLETE,5,0,UP,0.14388489208633093,AVAILABLE,3.0,False,UP_STRUCTURE,PROGRESSION,CHOPPINESS|VOLUME_COMPRESSION|TRADING_VALUE_COMPRESSION,IDENTIFIED,WINDOW_OBSERVED,0,0,6,False,0,0,True,INHERITED_RAW_PRICE_BASIS,True,False
2025-07-16|45520,2025-07-16,45520,10:30,13:35,125,COMPLETE,5,0,UP,0.28735632183908044,AVAILABLE,3.0,False,UP_STRUCTURE,CORRECTION,CHOPPINESS,IDENTIFIED,WINDOW_OBSERVED,0,1,7,False,0,0,True,INHERITED_RAW_PRICE_BASIS,True,True
2025-07-16|45520,2025-07-16,45520,10:30,13:40,130,COMPLETE,5,0,DOWN,-0.28653295128939826,AVAILABLE,3.0,False,UP_STRUCTURE,CORRECTION,RANGE_EXPANSION,IDENTIFIED,WINDOW_OBSERVED,0,0,7,False,0,0,True,INHERITED_RAW_PRICE_BASIS,True,False
2025-07-16|45520,2025-07-16,45520,10:30,13:45,135,COMPLETE,5,0,DOWN,-1.0043041606886658,AVAILABLE,3.0,False,UP_STRUCTURE,,,IDENTIFIED,WINDOW_OBSERVED,0,1,8,False,0,0,True,INHERITED_RAW_PRICE_BASIS,True,True
2025-07-16|45520,2025-07-16,45520,10:30,13:50,140,COMPLETE,5,0,UP,0.29027576197387517,AVAILABLE,3.0,False,DOWN_STRUCTURE,CORRECTION|RECOVERY,CHOPPINESS,IDENTIFIED,WINDOW_OBSERVED,0,1,10,False,0,0,True,INHERITED_RAW_PRICE_BASIS,True,True
2025-07-16|45520,2025-07-16,45520,10:30,13:55,145,COMPLETE,5,0,UP,0.43478260869565216,AVAILABLE,3.0,False,DOWN_STRUCTURE,,RANGE_COMPRESSION|VOLUME_COMPRESSION|TRADING_VALUE_COMPRESSION,IDENTIFIED,WINDOW_OBSERVED,0,1,11,False,1,1,True,INHERITED_RAW_PRICE_BASIS,True,True
2025-07-16|45520,2025-07-16,45520,10:30,14:00,150,COMPLETE,5,0,DOWN,-1.1544011544011543,AVAILABLE,3.0,False,DOWN_STRUCTURE,PROGRESSION,RANGE_EXPANSION|VOLUME_EXPANSION|TRADING_VALUE_EXPANSION,IDENTIFIED,WINDOW_OBSERVED,0,0,11,False,0,2,True,INHERITED_RAW_PRICE_BASIS,True,True
2025-07-16|45520,2025-07-16,45520,10:30,14:05,155,COMPLETE,5,0,DOWN,-0.29239766081871343,AVAILABLE,3.0,False,DOWN_STRUCTURE,,CHOPPINESS|RANGE_COMPRESSION,IDENTIFIED,WINDOW_OBSERVED,0,1,12,False,0,0,True,INHERITED_RAW_PRICE_BASIS,True,True
2025-07-16|45520,2025-07-16,45520,10:30,14:10,160,COMPLETE,5,0,UP,0.8810572687224669,AVAILABLE,3.0,False,DOWN_STRUCTURE,CORRECTION|RECOVERY,,IDENTIFIED,WINDOW_OBSERVED,0,0,12,False,0,0,True,INHERITED_RAW_PRICE_BASIS,True,True
2025-07-16|45520,2025-07-16,45520,10:30,14:15,165,COMPLETE,5,0,UP,0.5830903790087464,AVAILABLE,3.0,False,DOWN_STRUCTURE,CORRECTION|RECOVERY,,IDENTIFIED,WINDOW_OBSERVED,0,0,12,False,0,0,True,INHERITED_RAW_PRICE_BASIS,True,False
2025-07-16|45520,2025-07-16,45520,10:30,14:20,170,COMPLETE,5,0,UP,0.43478260869565216,AVAILABLE,3.0,False,,RESTRUCTURING,,UNRESOLVED_STRUCTURE,WINDOW_OBSERVED,0,0,12,False,2,1,True,INHERITED_RAW_PRICE_BASIS,True,True
2025-07-16|45520,2025-07-16,45520,10:30,14:25,175,COMPLETE,5,0,UP,0.1443001443001443,AVAILABLE,3.0,False,,RESTRUCTURING,RANGE_COMPRESSION|VOLUME_COMPRESSION|TRADING_VALUE_COMPRESSION,UNRESOLVED_STRUCTURE,WINDOW_OBSERVED,0,0,12,False,1,1,True,INHERITED_RAW_PRICE_BASIS,True,False
2025-07-16|45520,2025-07-16,45520,10:30,14:30,180,COMPLETE,5,0,UP,0.2881844380403458,AVAILABLE,3.0,False,,RESTRUCTURING,RANGE_COMPRESSION|VOLUME_EXPANSION|TRADING_VALUE_EXPANSION,UNRESOLVED_STRUCTURE,WINDOW_OBSERVED,0,1,13,False,0,0,True,INHERITED_RAW_PRICE_BASIS,True,False
2025-07-16|45520,2025-07-16,45520,10:30,14:35,185,COMPLETE,5,0,DOWN,-0.4316546762589928,AVAILABLE,3.0,False,,RESTRUCTURING,RANGE_EXPANSION,UNRESOLVED_STRUCTURE,WINDOW_OBSERVED,0,0,13,False,1,1,True,INHERITED_RAW_PRICE_BASIS,True,False
2025-07-16|45520,2025-07-16,45520,10:30,14:40,190,COMPLETE,5,0,DOWN,-0.1447178002894356,AVAILABLE,3.0,False,UP_STRUCTURE,,RANGE_COMPRESSION|VOLUME_EXPANSION|TRADING_VALUE_EXPANSION,IDENTIFIED,WINDOW_OBSERVED,0,1,14,False,0,0,True,INHERITED_RAW_PRICE_BASIS,True,True
2025-07-16|45520,2025-07-16,45520,10:30,14:45,195,COMPLETE,5,0,UP,0.14492753623188406,AVAILABLE,3.0,False,UP_STRUCTURE,CORRECTION,VOLUME_COMPRESSION|TRADING_VALUE_COMPRESSION,IDENTIFIED,WINDOW_OBSERVED,0,1,15,False,0,0,True,INHERITED_RAW_PRICE_BASIS,True,True
2025-07-16|45520,2025-07-16,45520,10:30,14:50,200,COMPLETE,5,0,UNCHANGED,0.0,AVAILABLE,3.0,False,UP_STRUCTURE,RECOVERY,RANGE_COMPRESSION,IDENTIFIED,WINDOW_OBSERVED,0,1,16,False,0,1,True,INHERITED_RAW_PRICE_BASIS,True,True
2025-07-16|45520,2025-07-16,45520,10:30,14:55,205,COMPLETE,5,0,UP,0.5788712011577424,AVAILABLE,3.0,False,UP_STRUCTURE,,RANGE_EXPANSION|VOLUME_EXPANSION|TRADING_VALUE_EXPANSION,IDENTIFIED,WINDOW_OBSERVED,0,1,17,False,1,1,True,INHERITED_RAW_PRICE_BASIS,True,True
2025-07-16|45520,2025-07-16,45520,10:30,15:00,210,COMPLETE,5,0,DOWN,-0.1440922190201729,AVAILABLE,3.0,False,UP_STRUCTURE,CORRECTION,,IDENTIFIED,WINDOW_OBSERVED,0,1,19,False,1,2,True,INHERITED_RAW_PRICE_BASIS,True,True
2025-07-16|45520,2025-07-16,45520,10:30,15:05,215,COMPLETE,5,0,DOWN,-0.7215007215007215,AVAILABLE,3.0,False,,RESTRUCTURING,RANGE_EXPANSION|VOLUME_EXPANSION|TRADING_VALUE_EXPANSION,UNRESOLVED_STRUCTURE,WINDOW_OBSERVED,0,0,19,False,1,1,True,INHERITED_RAW_PRICE_BASIS,True,True
2025-07-16|45520,2025-07-16,45520,10:30,15:10,220,COMPLETE,5,0,DOWN,-0.436046511627907,AVAILABLE,3.0,False,,RESTRUCTURING,,UNRESOLVED_STRUCTURE,WINDOW_OBSERVED,0,0,19,False,0,0,True,INHERITED_RAW_PRICE_BASIS,True,False
2025-07-16|45520,2025-07-16,45520,10:30,15:15,225,COMPLETE,5,0,UNCHANGED,0.0,AVAILABLE,3.0,False,,RESTRUCTURING,,UNRESOLVED_STRUCTURE,WINDOW_OBSERVED,0,0,19,False,0,0,True,INHERITED_RAW_PRICE_BASIS,True,False
2025-07-16|45520,2025-07-16,45520,10:30,15:20,230,COMPLETE,5,0,UNCHANGED,0.0,AVAILABLE,3.0,False,,RESTRUCTURING,CHOPPINESS|VOLUME_COMPRESSION|TRADING_VALUE_COMPRESSION,UNRESOLVED_STRUCTURE,RIGHT_CENSORED,0,0,19,False,0,0,True,INHERITED_RAW_PRICE_BASIS,True,False
2025-07-16|45520,2025-07-16,45520,10:30,15:25,235,COMPLETE,5,0,UNCHANGED,0.0,AVAILABLE,3.0,False,,RESTRUCTURING,CHOPPINESS,UNRESOLVED_STRUCTURE,RIGHT_CENSORED,0,0,19,False,0,0,True,INHERITED_RAW_PRICE_BASIS,True,False
2025-07-16|47600,2025-07-16,47600,10:30,10:30,0,PARTIAL,3,2,,,SCALE_INSUFFICIENT,,False,,,,SCALE_UNAVAILABLE,OBSERVATION_INSUFFICIENT,9,0,0,False,0,0,False,INHERITED_RAW_PRICE_BASIS,False,False
2025-07-16|47600,2025-07-16,47600,10:30,10:35,5,UNAVAILABLE,0,5,,,SCALE_INSUFFICIENT,,False,,,,CURRENT_BAR_UNAVAILABLE,OBSERVATION_INSUFFICIENT,9,0,0,False,0,0,False,INHERITED_RAW_PRICE_BASIS,False,False
2025-07-16|47600,2025-07-16,47600,10:30,10:40,10,PARTIAL,1,4,,,SCALE_INSUFFICIENT,,False,,,,CURRENT_BAR_UNAVAILABLE,OBSERVATION_INSUFFICIENT,10,0,0,False,0,0,False,INHERITED_RAW_PRICE_BASIS,False,False
2025-07-16|47600,2025-07-16,47600,10:30,10:45,15,UNAVAILABLE,0,5,,,SCALE_INSUFFICIENT,,False,,,,CURRENT_BAR_UNAVAILABLE,OBSERVATION_INSUFFICIENT,10,0,0,False,0,0,False,INHERITED_RAW_PRICE_BASIS,False,False
2025-07-16|47600,2025-07-16,47600,10:30,10:50,20,UNAVAILABLE,0,5,,,SCALE_INSUFFICIENT,,False,,,,CURRENT_BAR_UNAVAILABLE,OBSERVATION_INSUFFICIENT,9,0,0,False,0,0,False,INHERITED_RAW_PRICE_BASIS,False,False
2025-07-16|47600,2025-07-16,47600,10:30,10:55,25,UNAVAILABLE,0,5,,,SCALE_INSUFFICIENT,,False,,,,CURRENT_BAR_UNAVAILABLE,OBSERVATION_INSUFFICIENT,8,0,0,False,0,0,False,INHERITED_RAW_PRICE_BASIS,False,False
2025-07-16|47600,2025-07-16,47600,10:30,11:00,30,PARTIAL,1,4,,,SCALE_INSUFFICIENT,,False,,,,CURRENT_BAR_UNAVAILABLE,OBSERVATION_INSUFFICIENT,8,0,0,False,0,0,False,INHERITED_RAW_PRICE_BASIS,False,False
2025-07-16|47600,2025-07-16,47600,10:30,11:05,35,PARTIAL,1,4,,,SCALE_INSUFFICIENT,,False,,,,CURRENT_BAR_UNAVAILABLE,OBSERVATION_INSUFFICIENT,8,0,0,False,0,0,False,INHERITED_RAW_PRICE_BASIS,False,False
2025-07-16|47600,2025-07-16,47600,10:30,11:10,40,PARTIAL,1,4,,,SCALE_INSUFFICIENT,,False,,,,CURRENT_BAR_UNAVAILABLE,OBSERVATION_INSUFFICIENT,9,0,0,False,0,0,False,INHERITED_RAW_PRICE_BASIS,False,False
2025-07-16|47600,2025-07-16,47600,10:30,11:15,45,PARTIAL,1,4,,,SCALE_INSUFFICIENT,,False,,,,CURRENT_BAR_UNAVAILABLE,OBSERVATION_INSUFFICIENT,10,0,0,False,0,0,False,INHERITED_RAW_PRICE_BASIS,False,False
2025-07-16|47600,2025-07-16,47600,10:30,11:20,50,UNAVAILABLE,0,5,,,SCALE_INSUFFICIENT,,False,,,,CURRENT_BAR_UNAVAILABLE,OBSERVATION_INSUFFICIENT,10,0,0,False,0,0,False,INHERITED_RAW_PRICE_BASIS,False,False
2025-07-16|47600,2025-07-16,47600,10:30,11:25,55,UNAVAILABLE,0,5,,,SCALE_INSUFFICIENT,,False,,,,CURRENT_BAR_UNAVAILABLE,OBSERVATION_INSUFFICIENT,7,0,0,False,0,0,False,INHERITED_RAW_PRICE_BASIS,False,False
2025-07-16|47600,2025-07-16,47600,10:30,11:30,60,UNAVAILABLE,0,5,,,SCALE_INSUFFICIENT,,False,,,,CURRENT_BAR_UNAVAILABLE,OBSERVATION_INSUFFICIENT,6,0,0,False,0,0,False,INHERITED_RAW_PRICE_BASIS,False,False
2025-07-16|47600,2025-07-16,47600,10:30,12:35,65,PARTIAL,3,2,,,SCALE_INSUFFICIENT,,False,,,,SCALE_UNAVAILABLE,OBSERVATION_INSUFFICIENT,8,0,0,False,0,0,False,INHERITED_RAW_PRICE_BASIS,False,False
2025-07-16|47600,2025-07-16,47600,10:30,12:40,70,PARTIAL,1,4,,,SCALE_INSUFFICIENT,,False,,,,SCALE_UNAVAILABLE,OBSERVATION_INSUFFICIENT,9,0,0,False,1,0,False,INHERITED_RAW_PRICE_BASIS,False,False
2025-07-16|47600,2025-07-16,47600,10:30,12:45,75,PARTIAL,1,4,,,SCALE_INSUFFICIENT,,False,,,,CURRENT_BAR_UNAVAILABLE,OBSERVATION_INSUFFICIENT,9,0,0,False,0,1,False,INHERITED_RAW_PRICE_BASIS,False,False
2025-07-16|47600,2025-07-16,47600,10:30,12:50,80,UNAVAILABLE,0,5,,,SCALE_INSUFFICIENT,,False,,,,CURRENT_BAR_UNAVAILABLE,OBSERVATION_INSUFFICIENT,6,0,0,False,0,0,False,INHERITED_RAW_PRICE_BASIS,False,False
2025-07-16|47600,2025-07-16,47600,10:30,12:55,85,PARTIAL,1,4,,,SCALE_INSUFFICIENT,,False,,,,SCALE_UNAVAILABLE,OBSERVATION_INSUFFICIENT,5,0,0,False,0,0,False,INHERITED_RAW_PRICE_BASIS,False,False
2025-07-16|47600,2025-07-16,47600,10:30,13:00,90,PARTIAL,3,2,,,SCALE_INSUFFICIENT,,False,,,,SCALE_UNAVAILABLE,OBSERVATION_INSUFFICIENT,5,0,0,False,0,0,False,INHERITED_RAW_PRICE_BASIS,False,False
2025-07-16|47600,2025-07-16,47600,10:30,13:05,95,PARTIAL,2,3,,,SCALE_INSUFFICIENT,,False,,,,SCALE_UNAVAILABLE,OBSERVATION_INSUFFICIENT,3,0,0,False,0,0,False,INHERITED_RAW_PRICE_BASIS,False,False
2025-07-16|47600,2025-07-16,47600,10:30,13:10,100,PARTIAL,3,2,,,SCALE_INSUFFICIENT,,False,,,,CURRENT_BAR_UNAVAILABLE,OBSERVATION_INSUFFICIENT,3,0,0,False,0,0,False,INHERITED_RAW_PRICE_BASIS,False,False
2025-07-16|47600,2025-07-16,47600,10:30,13:15,105,PARTIAL,4,1,,,SCALE_INSUFFICIENT,,False,,,,SCALE_UNAVAILABLE,OBSERVATION_INSUFFICIENT,2,0,0,False,0,0,False,INHERITED_RAW_PRICE_BASIS,False,False
2025-07-16|47600,2025-07-16,47600,10:30,13:20,110,PARTIAL,3,2,,,SCALE_INSUFFICIENT,,False,,,,SCALE_UNAVAILABLE,OBSERVATION_INSUFFICIENT,2,0,0,False,0,0,False,INHERITED_RAW_PRICE_BASIS,False,False
2025-07-16|47600,2025-07-16,47600,10:30,13:25,115,COMPLETE,5,0,DOWN,-0.783289817232376,SCALE_INSUFFICIENT,,False,,,,SCALE_UNAVAILABLE,OBSERVATION_INSUFFICIENT,6,0,0,False,2,0,False,INHERITED_RAW_PRICE_BASIS,False,False
2025-07-16|47600,2025-07-16,47600,10:30,13:30,120,PARTIAL,3,2,,,SCALE_INSUFFICIENT,,False,,,,SCALE_UNAVAILABLE,OBSERVATION_INSUFFICIENT,7,0,0,False,0,0,False,INHERITED_RAW_PRICE_BASIS,False,False
2025-07-16|47600,2025-07-16,47600,10:30,13:35,125,PARTIAL,1,4,,,SCALE_INSUFFICIENT,,False,,,,CURRENT_BAR_UNAVAILABLE,OBSERVATION_INSUFFICIENT,7,0,0,False,0,0,False,INHERITED_RAW_PRICE_BASIS,False,False
2025-07-16|47600,2025-07-16,47600,10:30,13:40,130,PARTIAL,2,3,,,SCALE_INSUFFICIENT,,False,,,,CURRENT_BAR_UNAVAILABLE,OBSERVATION_INSUFFICIENT,8,0,0,False,1,1,False,INHERITED_RAW_PRICE_BASIS,False,False
2025-07-16|47600,2025-07-16,47600,10:30,13:45,135,PARTIAL,1,4,,,SCALE_INSUFFICIENT,,False,,,,SCALE_UNAVAILABLE,OBSERVATION_INSUFFICIENT,9,0,0,False,0,0,False,INHERITED_RAW_PRICE_BASIS,False,False
2025-07-16|47600,2025-07-16,47600,10:30,13:50,140,PARTIAL,1,4,,,SCALE_INSUFFICIENT,,False,,,,CURRENT_BAR_UNAVAILABLE,OBSERVATION_INSUFFICIENT,10,0,0,False,0,0,False,INHERITED_RAW_PRICE_BASIS,False,False
2025-07-16|47600,2025-07-16,47600,10:30,13:55,145,UNAVAILABLE,0,5,,,SCALE_INSUFFICIENT,,False,,,,CURRENT_BAR_UNAVAILABLE,OBSERVATION_INSUFFICIENT,10,0,0,False,0,0,False,INHERITED_RAW_PRICE_BASIS,False,False
2025-07-16|47600,2025-07-16,47600,10:30,14:00,150,UNAVAILABLE,0,5,,,SCALE_INSUFFICIENT,,False,,,,CURRENT_BAR_UNAVAILABLE,OBSERVATION_INSUFFICIENT,10,0,0,False,0,0,False,INHERITED_RAW_PRICE_BASIS,False,False
2025-07-16|47600,2025-07-16,47600,10:30,14:05,155,UNAVAILABLE,0,5,,,SCALE_INSUFFICIENT,,False,,,,CURRENT_BAR_UNAVAILABLE,OBSERVATION_INSUFFICIENT,10,0,0,False,0,0,False,INHERITED_RAW_PRICE_BASIS,False,False
2025-07-16|47600,2025-07-16,47600,10:30,14:10,160,UNAVAILABLE,0,5,,,SCALE_INSUFFICIENT,,False,,,,CURRENT_BAR_UNAVAILABLE,OBSERVATION_INSUFFICIENT,10,0,0,False,0,0,False,INHERITED_RAW_PRICE_BASIS,False,False
2025-07-16|47600,2025-07-16,47600,10:30,14:15,165,UNAVAILABLE,0,5,,,SCALE_INSUFFICIENT,,False,,,,CURRENT_BAR_UNAVAILABLE,OBSERVATION_INSUFFICIENT,10,0,0,False,0,0,False,INHERITED_RAW_PRICE_BASIS,False,False
2025-07-16|47600,2025-07-16,47600,10:30,14:20,170,UNAVAILABLE,0,5,,,SCALE_INSUFFICIENT,,False,,,,CURRENT_BAR_UNAVAILABLE,OBSERVATION_INSUFFICIENT,10,0,0,False,0,0,False,INHERITED_RAW_PRICE_BASIS,False,False
2025-07-16|47600,2025-07-16,47600,10:30,14:25,175,UNAVAILABLE,0,5,,,SCALE_INSUFFICIENT,,False,,,,CURRENT_BAR_UNAVAILABLE,OBSERVATION_INSUFFICIENT,9,0,0,False,0,0,False,INHERITED_RAW_PRICE_BASIS,False,False
2025-07-16|47600,2025-07-16,47600,10:30,14:30,180,UNAVAILABLE,0,5,,,SCALE_INSUFFICIENT,,False,,,,CURRENT_BAR_UNAVAILABLE,OBSERVATION_INSUFFICIENT,9,0,0,False,0,0,False,INHERITED_RAW_PRICE_BASIS,False,False
2025-07-16|47600,2025-07-16,47600,10:30,14:35,185,PARTIAL,1,4,,,SCALE_INSUFFICIENT,,False,,,,CURRENT_BAR_UNAVAILABLE,OBSERVATION_INSUFFICIENT,10,0,0,False,0,0,False,INHERITED_RAW_PRICE_BASIS,False,False
2025-07-16|47600,2025-07-16,47600,10:30,14:40,190,UNAVAILABLE,0,5,,,SCALE_INSUFFICIENT,,False,,,,CURRENT_BAR_UNAVAILABLE,OBSERVATION_INSUFFICIENT,9,0,0,False,0,0,False,INHERITED_RAW_PRICE_BASIS,False,False
2025-07-16|47600,2025-07-16,47600,10:30,14:45,195,UNAVAILABLE,0,5,,,SCALE_INSUFFICIENT,,False,,,,CURRENT_BAR_UNAVAILABLE,OBSERVATION_INSUFFICIENT,8,0,0,False,0,0,False,INHERITED_RAW_PRICE_BASIS,False,False
2025-07-16|47600,2025-07-16,47600,10:30,14:50,200,PARTIAL,1,4,,,SCALE_INSUFFICIENT,,False,,,,SCALE_UNAVAILABLE,OBSERVATION_INSUFFICIENT,6,0,0,False,0,0,False,INHERITED_RAW_PRICE_BASIS,False,False
2025-07-16|47600,2025-07-16,47600,10:30,14:55,205,PARTIAL,1,4,,,SCALE_INSUFFICIENT,,False,,,,CURRENT_BAR_UNAVAILABLE,OBSERVATION_INSUFFICIENT,6,0,0,False,0,0,False,INHERITED_RAW_PRICE_BASIS,False,False
2025-07-16|47600,2025-07-16,47600,10:30,15:00,210,PARTIAL,3,2,,,SCALE_INSUFFICIENT,,False,,,,SCALE_UNAVAILABLE,OBSERVATION_INSUFFICIENT,6,0,0,False,0,0,False,INHERITED_RAW_PRICE_BASIS,False,False
2025-07-16|47600,2025-07-16,47600,10:30,15:05,215,PARTIAL,1,4,,,SCALE_INSUFFICIENT,,False,,,,SCALE_UNAVAILABLE,OBSERVATION_INSUFFICIENT,6,0,0,False,0,0,False,INHERITED_RAW_PRICE_BASIS,False,False
2025-07-16|47600,2025-07-16,47600,10:30,15:10,220,PARTIAL,3,2,,,SCALE_INSUFFICIENT,,False,,,,SCALE_UNAVAILABLE,OBSERVATION_INSUFFICIENT,6,0,0,False,0,1,False,INHERITED_RAW_PRICE_BASIS,False,False
2025-07-16|47600,2025-07-16,47600,10:30,15:15,225,PARTIAL,1,4,,,SCALE_INSUFFICIENT,,False,,,,SCALE_UNAVAILABLE,OBSERVATION_INSUFFICIENT,7,0,0,False,0,0,False,INHERITED_RAW_PRICE_BASIS,False,False
2025-07-16|47600,2025-07-16,47600,10:30,15:20,230,PARTIAL,3,2,,,SCALE_INSUFFICIENT,,False,,,,SCALE_UNAVAILABLE,RIGHT_CENSORED,5,0,0,False,0,0,False,INHERITED_RAW_PRICE_BASIS,False,False
2025-07-16|47600,2025-07-16,47600,10:30,15:25,235,UNAVAILABLE,0,5,,,SCALE_INSUFFICIENT,,False,,,,CURRENT_BAR_UNAVAILABLE,RIGHT_CENSORED,0,0,0,False,0,0,False,INHERITED_RAW_PRICE_BASIS,False,False
2025-07-16|47840,2025-07-16,47840,09:30,09:30,0,COMPLETE,5,0,DOWN,-0.8861940298507462,AVAILABLE,26.0,False,DOWN_STRUCTURE,,CHOPPINESS,IDENTIFIED,WINDOW_OBSERVED,0,1,6,False,2,2,True,INHERITED_RAW_PRICE_BASIS,False,False
2025-07-16|47840,2025-07-16,47840,09:30,09:35,5,COMPLETE,5,0,UP,0.5183788878416589,AVAILABLE,26.0,False,DOWN_STRUCTURE,CORRECTION|RECOVERY,RANGE_COMPRESSION,IDENTIFIED,WINDOW_OBSERVED,0,1,6,False,2,1,True,INHERITED_RAW_PRICE_BASIS,True,True
2025-07-16|47840,2025-07-16,47840,09:30,09:40,10,COMPLETE,5,0,UP,1.5522107243650047,AVAILABLE,26.0,False,,RESTRUCTURING,RANGE_EXPANSION,UNRESOLVED_STRUCTURE,WINDOW_OBSERVED,0,0,6,False,4,3,True,INHERITED_RAW_PRICE_BASIS,True,True
2025-07-16|47840,2025-07-16,47840,09:30,09:45,15,COMPLETE,5,0,UP,0.5560704355885079,AVAILABLE,26.0,False,,RESTRUCTURING,CHOPPINESS,UNRESOLVED_STRUCTURE,WINDOW_OBSERVED,0,0,6,False,0,0,True,INHERITED_RAW_PRICE_BASIS,True,False
2025-07-16|47840,2025-07-16,47840,09:30,09:50,20,COMPLETE,5,0,DOWN,-0.18441678192715538,AVAILABLE,26.0,False,,RESTRUCTURING,CHOPPINESS|RANGE_COMPRESSION|VOLUME_COMPRESSION|TRADING_VALUE_COMPRESSION,UNRESOLVED_STRUCTURE,WINDOW_OBSERVED,0,0,6,False,2,0,True,INHERITED_RAW_PRICE_BASIS,True,False
2025-07-16|47840,2025-07-16,47840,09:30,09:55,25,COMPLETE,5,0,UP,1.7082179132040627,AVAILABLE,26.0,False,,RESTRUCTURING,RANGE_EXPANSION|VOLUME_EXPANSION|TRADING_VALUE_EXPANSION,UNRESOLVED_STRUCTURE,WINDOW_OBSERVED,0,0,6,False,2,2,True,INHERITED_RAW_PRICE_BASIS,True,False
2025-07-16|47840,2025-07-16,47840,09:30,10:00,30,COMPLETE,5,0,DOWN,-0.7716749886518384,AVAILABLE,26.0,False,,RESTRUCTURING,RANGE_COMPRESSION,UNRESOLVED_STRUCTURE,WINDOW_OBSERVED,0,1,7,False,2,2,True,INHERITED_RAW_PRICE_BASIS,True,False
2025-07-16|47840,2025-07-16,47840,09:30,10:05,35,COMPLETE,5,0,DOWN,-0.3654636820465966,AVAILABLE,26.0,False,,RESTRUCTURING,CHOPPINESS|VOLUME_COMPRESSION|TRADING_VALUE_COMPRESSION,UNRESOLVED_STRUCTURE,WINDOW_OBSERVED,0,0,7,False,0,0,True,INHERITED_RAW_PRICE_BASIS,True,False
2025-07-16|47840,2025-07-16,47840,09:30,10:10,40,COMPLETE,5,0,DOWN,-0.5960568546538285,AVAILABLE,26.0,False,,RESTRUCTURING,,UNRESOLVED_STRUCTURE,WINDOW_OBSERVED,0,0,7,False,0,0,True,INHERITED_RAW_PRICE_BASIS,True,False
2025-07-16|47840,2025-07-16,47840,09:30,10:15,45,COMPLETE,5,0,UP,0.46104195481788846,AVAILABLE,26.0,False,,RESTRUCTURING,RANGE_COMPRESSION|VOLUME_COMPRESSION|TRADING_VALUE_COMPRESSION,UNRESOLVED_STRUCTURE,WINDOW_OBSERVED,0,0,7,False,0,0,True,INHERITED_RAW_PRICE_BASIS,True,False
2025-07-16|47840,2025-07-16,47840,09:30,10:20,50,COMPLETE,5,0,DOWN,-0.09174311926605505,AVAILABLE,26.0,False,,RESTRUCTURING,RANGE_EXPANSION|VOLUME_EXPANSION|TRADING_VALUE_EXPANSION,UNRESOLVED_STRUCTURE,WINDOW_OBSERVED,0,0,7,False,0,0,True,INHERITED_RAW_PRICE_BASIS,True,False
2025-07-16|47840,2025-07-16,47840,09:30,10:25,55,COMPLETE,5,0,DOWN,-0.45955882352941174,AVAILABLE,26.0,False,,RESTRUCTURING,RANGE_COMPRESSION|VOLUME_COMPRESSION|TRADING_VALUE_COMPRESSION,UNRESOLVED_STRUCTURE,WINDOW_OBSERVED,0,0,7,False,0,0,True,INHERITED_RAW_PRICE_BASIS,True,False
2025-07-16|47840,2025-07-16,47840,09:30,10:30,60,COMPLETE,5,0,DOWN,-0.5542725173210161,AVAILABLE,26.0,False,,RESTRUCTURING,VOLUME_EXPANSION|TRADING_VALUE_EXPANSION,UNRESOLVED_STRUCTURE,WINDOW_OBSERVED,0,0,7,False,0,0,True,INHERITED_RAW_PRICE_BASIS,True,False
2025-07-16|47840,2025-07-16,47840,09:30,10:35,65,COMPLETE,5,0,UP,0.13953488372093023,AVAILABLE,26.0,False,RANGE_STRUCTURE,BALANCE,VOLUME_COMPRESSION|TRADING_VALUE_COMPRESSION,IDENTIFIED,WINDOW_OBSERVED,0,0,7,True,0,0,True,INHERITED_RAW_PRICE_BASIS,True,True
2025-07-16|47840,2025-07-16,47840,09:30,10:40,70,COMPLETE,5,0,UP,0.5104408352668214,AVAILABLE,26.0,False,RANGE_STRUCTURE,BALANCE,,IDENTIFIED,WINDOW_OBSERVED,0,0,7,True,0,0,True,INHERITED_RAW_PRICE_BASIS,True,False
2025-07-16|47840,2025-07-16,47840,09:30,10:45,75,COMPLETE,5,0,DOWN,-0.18475750577367206,AVAILABLE,26.0,False,RANGE_STRUCTURE,BALANCE,,IDENTIFIED,WINDOW_OBSERVED,0,0,7,True,0,0,True,INHERITED_RAW_PRICE_BASIS,True,False
2025-07-16|47840,2025-07-16,47840,09:30,10:50,80,COMPLETE,5,0,DOWN,-0.5550416281221091,AVAILABLE,26.0,False,RANGE_STRUCTURE,BALANCE,,IDENTIFIED,WINDOW_OBSERVED,0,0,7,True,0,0,True,INHERITED_RAW_PRICE_BASIS,True,False
2025-07-16|47840,2025-07-16,47840,09:30,10:55,85,COMPLETE,5,0,UP,0.1394700139470014,AVAILABLE,26.0,False,RANGE_STRUCTURE,BALANCE,CHOPPINESS,IDENTIFIED,WINDOW_OBSERVED,0,0,7,True,0,1,True,INHERITED_RAW_PRICE_BASIS,True,False
2025-07-16|47840,2025-07-16,47840,09:30,11:00,90,COMPLETE,5,0,UP,0.9280742459396751,AVAILABLE,26.0,False,RANGE_STRUCTURE,BALANCE,RANGE_EXPANSION,IDENTIFIED,WINDOW_OBSERVED,0,0,7,True,0,0,True,INHERITED_RAW_PRICE_BASIS,True,False
2025-07-16|47840,2025-07-16,47840,09:30,11:05,95,COMPLETE,5,0,DOWN,-0.5052824988516307,AVAILABLE,26.0,False,RANGE_STRUCTURE,BALANCE,RANGE_COMPRESSION,IDENTIFIED,WINDOW_OBSERVED,0,0,7,True,0,0,True,INHERITED_RAW_PRICE_BASIS,True,False
2025-07-16|47840,2025-07-16,47840,09:30,11:10,100,COMPLETE,5,0,DOWN,-0.5071461502996772,AVAILABLE,26.0,False,UP_STRUCTURE,RECOVERY,,IDENTIFIED,WINDOW_OBSERVED,0,1,8,True,0,0,True,INHERITED_RAW_PRICE_BASIS,True,True
2025-07-16|47840,2025-07-16,47840,09:30,11:15,105,COMPLETE,5,0,UP,0.18509949097639983,AVAILABLE,26.0,False,UP_STRUCTURE,RECOVERY,RANGE_COMPRESSION|VOLUME_COMPRESSION|TRADING_VALUE_COMPRESSION,IDENTIFIED,WINDOW_OBSERVED,0,1,8,True,0,0,True,INHERITED_RAW_PRICE_BASIS,True,False
2025-07-16|47840,2025-07-16,47840,09:30,11:20,110,COMPLETE,5,0,UP,0.8771929824561403,AVAILABLE,26.0,False,UP_STRUCTURE,RECOVERY,RANGE_EXPANSION|VOLUME_EXPANSION|TRADING_VALUE_EXPANSION,IDENTIFIED,WINDOW_OBSERVED,0,0,8,True,0,0,True,INHERITED_RAW_PRICE_BASIS,True,False
2025-07-16|47840,2025-07-16,47840,09:30,11:25,115,COMPLETE,5,0,DOWN,-0.18315018315018314,AVAILABLE,26.0,False,UP_STRUCTURE,RECOVERY,CHOPPINESS,IDENTIFIED,WINDOW_OBSERVED,0,0,8,True,0,0,True,INHERITED_RAW_PRICE_BASIS,True,False
2025-07-16|47840,2025-07-16,47840,09:30,11:30,120,COMPLETE,5,0,DOWN,-0.13767783386874713,AVAILABLE,26.0,False,UP_STRUCTURE,RECOVERY,RANGE_COMPRESSION|VOLUME_COMPRESSION|TRADING_VALUE_COMPRESSION,IDENTIFIED,WINDOW_OBSERVED,0,0,8,True,0,0,True,INHERITED_RAW_PRICE_BASIS,True,False
2025-07-16|47840,2025-07-16,47840,09:30,12:35,125,COMPLETE,5,0,DOWN,-0.4143646408839779,AVAILABLE,26.0,False,UP_STRUCTURE,,CHOPPINESS,IDENTIFIED,WINDOW_OBSERVED,0,0,0,True,0,0,True,INHERITED_RAW_PRICE_BASIS,True,True
2025-07-16|47840,2025-07-16,47840,09:30,12:40,130,COMPLETE,5,0,UP,0.5542725173210161,AVAILABLE,26.0,False,UP_STRUCTURE,,,IDENTIFIED,WINDOW_OBSERVED,0,0,0,True,0,0,True,INHERITED_RAW_PRICE_BASIS,True,False
2025-07-16|47840,2025-07-16,47840,09:30,12:45,135,COMPLETE,5,0,DOWN,-0.36764705882352944,AVAILABLE,26.0,False,UP_STRUCTURE,CORRECTION,VOLUME_COMPRESSION|TRADING_VALUE_COMPRESSION,IDENTIFIED,WINDOW_OBSERVED,0,1,1,True,0,0,True,INHERITED_RAW_PRICE_BASIS,True,True
2025-07-16|47840,2025-07-16,47840,09:30,12:50,140,COMPLETE,5,0,DOWN,-0.6448641179180101,AVAILABLE,26.0,False,UP_STRUCTURE,CORRECTION,VOLUME_EXPANSION|TRADING_VALUE_EXPANSION,IDENTIFIED,WINDOW_OBSERVED,0,1,1,True,0,0,True,INHERITED_RAW_PRICE_BASIS,True,False
2025-07-16|47840,2025-07-16,47840,09:30,12:55,145,COMPLETE,5,0,DOWN,-0.974025974025974,AVAILABLE,26.0,False,,RESTRUCTURING,RANGE_EXPANSION|VOLUME_EXPANSION|TRADING_VALUE_EXPANSION,UNRESOLVED_STRUCTURE,WINDOW_OBSERVED,0,0,1,False,1,1,True,INHERITED_RAW_PRICE_BASIS,True,True
2025-07-16|47840,2025-07-16,47840,09:30,13:00,150,COMPLETE,5,0,DOWN,-0.4681647940074906,AVAILABLE,26.0,False,,RESTRUCTURING,RANGE_COMPRESSION|VOLUME_COMPRESSION|TRADING_VALUE_COMPRESSION,UNRESOLVED_STRUCTURE,WINDOW_OBSERVED,0,0,1,False,0,0,True,INHERITED_RAW_PRICE_BASIS,True,False
2025-07-16|47840,2025-07-16,47840,09:30,13:05,155,COMPLETE,5,0,UP,0.611189468735308,AVAILABLE,26.0,False,,RESTRUCTURING,VOLUME_COMPRESSION|TRADING_VALUE_COMPRESSION,UNRESOLVED_STRUCTURE,WINDOW_OBSERVED,0,0,1,False,0,0,True,INHERITED_RAW_PRICE_BASIS,True,False
2025-07-16|47840,2025-07-16,47840,09:30,13:10,160,COMPLETE,5,0,DOWN,-0.1402524544179523,AVAILABLE,26.0,False,,RESTRUCTURING,,UNRESOLVED_STRUCTURE,WINDOW_OBSERVED,0,0,1,False,0,0,True,INHERITED_RAW_PRICE_BASIS,True,False
2025-07-16|47840,2025-07-16,47840,09:30,13:15,165,COMPLETE,5,0,UP,0.28076743097800655,AVAILABLE,26.0,False,,RESTRUCTURING,RANGE_COMPRESSION|VOLUME_COMPRESSION|TRADING_VALUE_COMPRESSION,UNRESOLVED_STRUCTURE,WINDOW_OBSERVED,0,0,1,False,0,0,True,INHERITED_RAW_PRICE_BASIS,True,False
2025-07-16|47840,2025-07-16,47840,09:30,13:20,170,COMPLETE,5,0,DOWN,-0.04666355576294914,AVAILABLE,26.0,False,,RESTRUCTURING,,UNRESOLVED_STRUCTURE,WINDOW_OBSERVED,0,0,1,False,0,0,True,INHERITED_RAW_PRICE_BASIS,True,False
2025-07-16|47840,2025-07-16,47840,09:30,13:25,175,COMPLETE,5,0,DOWN,-0.18674136321195145,AVAILABLE,26.0,False,RANGE_STRUCTURE,BALANCE,VOLUME_COMPRESSION|TRADING_VALUE_COMPRESSION,IDENTIFIED,WINDOW_OBSERVED,0,0,1,True,0,0,True,INHERITED_RAW_PRICE_BASIS,True,True
2025-07-16|47840,2025-07-16,47840,09:30,13:30,180,COMPLETE,5,0,DOWN,-0.42095416276894293,AVAILABLE,26.0,False,RANGE_STRUCTURE,BALANCE|RECOVERY,RANGE_EXPANSION|VOLUME_EXPANSION|TRADING_VALUE_EXPANSION,IDENTIFIED,WINDOW_OBSERVED,0,1,2,True,0,0,True,INHERITED_RAW_PRICE_BASIS,True,True
2025-07-16|47840,2025-07-16,47840,09:30,13:35,185,COMPLETE,5,0,UP,0.3286384976525822,AVAILABLE,26.0,False,RANGE_STRUCTURE,BALANCE|RECOVERY,,IDENTIFIED,WINDOW_OBSERVED,0,1,2,True,0,0,True,INHERITED_RAW_PRICE_BASIS,True,False
2025-07-16|47840,2025-07-16,47840,09:30,13:40,190,COMPLETE,5,0,UP,0.7019185774450164,AVAILABLE,26.0,False,,RESTRUCTURING|RECOVERY,RANGE_EXPANSION|VOLUME_EXPANSION|TRADING_VALUE_EXPANSION,UNRESOLVED_STRUCTURE,WINDOW_OBSERVED,0,0,2,False,2,1,True,INHERITED_RAW_PRICE_BASIS,True,True
2025-07-16|47840,2025-07-16,47840,09:30,13:45,195,COMPLETE,5,0,DOWN,-0.13934045517882024,AVAILABLE,26.0,False,RANGE_STRUCTURE,BALANCE|RECOVERY,RANGE_COMPRESSION|VOLUME_COMPRESSION|TRADING_VALUE_COMPRESSION,IDENTIFIED,WINDOW_OBSERVED,0,0,2,True,0,0,True,INHERITED_RAW_PRICE_BASIS,True,True
2025-07-16|47840,2025-07-16,47840,09:30,13:50,200,COMPLETE,5,0,UP,0.37209302325581395,AVAILABLE,26.0,False,RANGE_STRUCTURE,BALANCE|RECOVERY,CHOPPINESS|RANGE_EXPANSION,IDENTIFIED,WINDOW_OBSERVED,0,0,2,True,2,2,True,INHERITED_RAW_PRICE_BASIS,True,False
2025-07-16|47840,2025-07-16,47840,09:30,13:55,205,COMPLETE,5,0,DOWN,-0.23169601482854496,AVAILABLE,26.0,False,RANGE_STRUCTURE,BALANCE,,IDENTIFIED,WINDOW_OBSERVED,0,1,3,True,0,0,True,INHERITED_RAW_PRICE_BASIS,True,True
2025-07-16|47840,2025-07-16,47840,09:30,14:00,210,COMPLETE,5,0,DOWN,-0.046490004649000466,AVAILABLE,26.0,False,RANGE_STRUCTURE,BALANCE,RANGE_COMPRESSION,IDENTIFIED,WINDOW_OBSERVED,0,1,3,True,0,0,True,INHERITED_RAW_PRICE_BASIS,True,False
2025-07-16|47840,2025-07-16,47840,09:30,14:05,215,COMPLETE,5,0,DOWN,-0.6502554575011612,AVAILABLE,26.0,False,RANGE_STRUCTURE,BALANCE,RANGE_EXPANSION|VOLUME_EXPANSION|TRADING_VALUE_EXPANSION,IDENTIFIED,WINDOW_OBSERVED,0,0,3,True,0,0,True,INHERITED_RAW_PRICE_BASIS,True,False
2025-07-16|47840,2025-07-16,47840,09:30,14:10,220,COMPLETE,5,0,UP,0.18709073900841908,AVAILABLE,26.0,False,RANGE_STRUCTURE,BALANCE,RANGE_COMPRESSION|VOLUME_COMPRESSION|TRADING_VALUE_COMPRESSION,IDENTIFIED,WINDOW_OBSERVED,0,0,3,True,0,0,True,INHERITED_RAW_PRICE_BASIS,True,False
2025-07-16|47840,2025-07-16,47840,09:30,14:15,225,COMPLETE,5,0,DOWN,-0.2801120448179272,AVAILABLE,26.0,False,RANGE_STRUCTURE,BALANCE,RANGE_COMPRESSION,IDENTIFIED,WINDOW_OBSERVED,0,0,3,True,0,0,True,INHERITED_RAW_PRICE_BASIS,True,False
2025-07-16|47840,2025-07-16,47840,09:30,14:20,230,COMPLETE,5,0,DOWN,-0.234192037470726,AVAILABLE,26.0,False,RANGE_STRUCTURE,BALANCE,VOLUME_EXPANSION|TRADING_VALUE_EXPANSION,IDENTIFIED,WINDOW_OBSERVED,0,0,3,True,0,0,True,INHERITED_RAW_PRICE_BASIS,True,False
2025-07-16|47840,2025-07-16,47840,09:30,14:25,235,COMPLETE,5,0,UP,0.18779342723004694,AVAILABLE,26.0,False,RANGE_STRUCTURE,BALANCE,RANGE_COMPRESSION|VOLUME_COMPRESSION|TRADING_VALUE_COMPRESSION,IDENTIFIED,WINDOW_OBSERVED,0,0,3,True,0,0,True,INHERITED_RAW_PRICE_BASIS,True,False
2025-07-16|47840,2025-07-16,47840,09:30,14:30,240,COMPLETE,5,0,UP,0.18744142455482662,AVAILABLE,26.0,False,RANGE_STRUCTURE,BALANCE,RANGE_EXPANSION|VOLUME_EXPANSION|TRADING_VALUE_EXPANSION,IDENTIFIED,WINDOW_OBSERVED,0,0,3,True,0,0,True,INHERITED_RAW_PRICE_BASIS,True,False
2025-07-16|47840,2025-07-16,47840,09:30,14:35,245,COMPLETE,5,0,DOWN,-0.32725572697522204,AVAILABLE,26.0,False,RANGE_STRUCTURE,BALANCE,,IDENTIFIED,WINDOW_OBSERVED,0,0,3,True,0,0,True,INHERITED_RAW_PRICE_BASIS,True,False
2025-07-16|47840,2025-07-16,47840,09:30,14:40,250,COMPLETE,5,0,UP,0.09372071227741331,AVAILABLE,26.0,False,RANGE_STRUCTURE,BALANCE,VOLUME_EXPANSION|TRADING_VALUE_EXPANSION,IDENTIFIED,WINDOW_OBSERVED,0,0,3,True,0,0,True,INHERITED_RAW_PRICE_BASIS,True,False
2025-07-16|47840,2025-07-16,47840,09:30,14:45,255,COMPLETE,5,0,DOWN,-0.1403180542563143,AVAILABLE,26.0,False,RANGE_STRUCTURE,BALANCE,VOLUME_EXPANSION|TRADING_VALUE_EXPANSION,IDENTIFIED,WINDOW_OBSERVED,0,0,3,True,0,0,True,INHERITED_RAW_PRICE_BASIS,True,False
2025-07-16|47840,2025-07-16,47840,09:30,14:50,260,COMPLETE,5,0,DOWN,-0.1405152224824356,AVAILABLE,26.0,False,RANGE_STRUCTURE,BALANCE,,IDENTIFIED,WINDOW_OBSERVED,0,0,3,True,0,0,True,INHERITED_RAW_PRICE_BASIS,True,False
2025-07-16|47840,2025-07-16,47840,09:30,14:55,265,COMPLETE,5,0,DOWN,-0.04690431519699812,AVAILABLE,26.0,False,RANGE_STRUCTURE,BALANCE,RANGE_COMPRESSION|VOLUME_COMPRESSION|TRADING_VALUE_COMPRESSION,IDENTIFIED,WINDOW_OBSERVED,0,0,3,True,0,0,True,INHERITED_RAW_PRICE_BASIS,True,False
2025-07-16|47840,2025-07-16,47840,09:30,15:00,270,COMPLETE,5,0,UP,0.09394081728511038,AVAILABLE,26.0,False,RANGE_STRUCTURE,BALANCE,RANGE_EXPANSION|VOLUME_EXPANSION|TRADING_VALUE_EXPANSION,IDENTIFIED,WINDOW_OBSERVED,0,0,3,True,0,0,True,INHERITED_RAW_PRICE_BASIS,True,False
2025-07-16|47840,2025-07-16,47840,09:30,15:05,275,COMPLETE,5,0,DOWN,-0.5157055789967182,AVAILABLE,26.0,False,,RESTRUCTURING,RANGE_EXPANSION|VOLUME_EXPANSION|TRADING_VALUE_EXPANSION,UNRESOLVED_STRUCTURE,WINDOW_OBSERVED,0,0,3,False,2,2,True,INHERITED_RAW_PRICE_BASIS,True,True
2025-07-16|47840,2025-07-16,47840,09:30,15:10,280,COMPLETE,5,0,DOWN,-0.09433962264150944,AVAILABLE,26.0,False,RANGE_STRUCTURE,BALANCE,,IDENTIFIED,WINDOW_OBSERVED,0,0,3,True,1,2,True,INHERITED_RAW_PRICE_BASIS,True,True
2025-07-16|47840,2025-07-16,47840,09:30,15:15,285,COMPLETE,5,0,DOWN,-0.5196032120925839,AVAILABLE,26.0,False,,RESTRUCTURING,,UNRESOLVED_STRUCTURE,WINDOW_OBSERVED,0,0,3,False,1,2,True,INHERITED_RAW_PRICE_BASIS,True,True
2025-07-16|47840,2025-07-16,47840,09:30,15:20,290,COMPLETE,5,0,UP,0.665083135391924,AVAILABLE,26.0,False,RANGE_STRUCTURE,BALANCE,RANGE_EXPANSION,IDENTIFIED,RIGHT_CENSORED,0,0,3,True,1,1,True,INHERITED_RAW_PRICE_BASIS,True,True
2025-07-16|47840,2025-07-16,47840,09:30,15:25,295,COMPLETE,5,0,DOWN,-0.33065658951346244,AVAILABLE,26.0,False,RANGE_STRUCTURE,BALANCE,RANGE_COMPRESSION|VOLUME_COMPRESSION|TRADING_VALUE_COMPRESSION,IDENTIFIED,RIGHT_CENSORED,0,0,3,True,0,0,True,INHERITED_RAW_PRICE_BASIS,True,False
2025-07-16|50260,2025-07-16,50260,09:30,09:30,0,COMPLETE,5,0,DOWN,-0.29673590504451036,AVAILABLE,21.0,False,,RECOVERY,CHOPPINESS|VOLUME_EXPANSION|TRADING_VALUE_EXPANSION,UNRESOLVED_STRUCTURE,WINDOW_OBSERVED,0,1,2,False,1,2,True,INHERITED_RAW_PRICE_BASIS,False,False
2025-07-16|50260,2025-07-16,50260,09:30,09:35,5,COMPLETE,5,0,DOWN,-0.1984126984126984,AVAILABLE,21.0,False,,RECOVERY,,UNRESOLVED_STRUCTURE,WINDOW_OBSERVED,0,1,2,False,0,0,True,INHERITED_RAW_PRICE_BASIS,True,False
2025-07-16|50260,2025-07-16,50260,09:30,09:40,10,COMPLETE,5,0,UP,1.9860973187686197,AVAILABLE,21.0,False,,RECOVERY,RANGE_EXPANSION,UNRESOLVED_STRUCTURE,WINDOW_OBSERVED,0,0,2,False,0,0,True,INHERITED_RAW_PRICE_BASIS,True,False
2025-07-16|50260,2025-07-16,50260,09:30,09:45,15,COMPLETE,5,0,UP,0.8729388942774006,AVAILABLE,21.0,False,,RECOVERY,RANGE_COMPRESSION|VOLUME_COMPRESSION|TRADING_VALUE_COMPRESSION,UNRESOLVED_STRUCTURE,WINDOW_OBSERVED,0,0,2,False,0,0,True,INHERITED_RAW_PRICE_BASIS,True,False
2025-07-16|50260,2025-07-16,50260,09:30,09:50,20,COMPLETE,5,0,DOWN,-0.7699711260827719,AVAILABLE,21.0,False,,RECOVERY,VOLUME_EXPANSION|TRADING_VALUE_EXPANSION,UNRESOLVED_STRUCTURE,WINDOW_OBSERVED,0,0,2,False,0,0,True,INHERITED_RAW_PRICE_BASIS,True,False
2025-07-16|50260,2025-07-16,50260,09:30,09:55,25,COMPLETE,5,0,UP,0.872093023255814,AVAILABLE,21.0,False,,RECOVERY,RANGE_COMPRESSION|VOLUME_COMPRESSION|TRADING_VALUE_COMPRESSION,UNRESOLVED_STRUCTURE,WINDOW_OBSERVED,0,0,2,False,0,0,True,INHERITED_RAW_PRICE_BASIS,True,False
2025-07-16|50260,2025-07-16,50260,09:30,10:00,30,COMPLETE,5,0,DOWN,-0.19212295869356388,AVAILABLE,21.0,False,,RECOVERY,RANGE_COMPRESSION|VOLUME_COMPRESSION|TRADING_VALUE_COMPRESSION,UNRESOLVED_STRUCTURE,WINDOW_OBSERVED,0,0,2,False,0,0,True,INHERITED_RAW_PRICE_BASIS,True,False
2025-07-16|50260,2025-07-16,50260,09:30,10:05,35,COMPLETE,5,0,UP,0.4816955684007707,AVAILABLE,21.0,False,,RECOVERY,CHOPPINESS|RANGE_EXPANSION|VOLUME_EXPANSION|TRADING_VALUE_EXPANSION,UNRESOLVED_STRUCTURE,WINDOW_OBSERVED,0,0,2,False,0,0,True,INHERITED_RAW_PRICE_BASIS,True,False
2025-07-16|50260,2025-07-16,50260,09:30,10:10,40,COMPLETE,5,0,DOWN,-0.8604206500956023,AVAILABLE,21.0,False,,RECOVERY,VOLUME_COMPRESSION|TRADING_VALUE_COMPRESSION,UNRESOLVED_STRUCTURE,OBSERVATION_INSUFFICIENT,2,0,2,False,0,0,True,INHERITED_RAW_PRICE_BASIS,True,False
2025-07-16|50260,2025-07-16,50260,09:30,10:15,45,COMPLETE,5,0,DOWN,-0.2892960462873674,AVAILABLE,21.0,False,RANGE_STRUCTURE,BALANCE|RECOVERY,RANGE_COMPRESSION|VOLUME_EXPANSION|TRADING_VALUE_EXPANSION,IDENTIFIED,OBSERVATION_INSUFFICIENT,2,0,2,True,0,0,True,INHERITED_RAW_PRICE_BASIS,True,True
2025-07-16|50260,2025-07-16,50260,09:30,10:20,50,PARTIAL,3,2,,,AVAILABLE,21.0,False,,,,UNRESOLVED_STRUCTURE,WINDOW_OBSERVED,0,0,0,False,0,0,False,INHERITED_RAW_PRICE_BASIS,False,False
2025-07-16|50260,2025-07-16,50260,09:30,10:25,55,COMPLETE,5,0,UP,0.38424591738712777,AVAILABLE,21.0,False,,,,UNRESOLVED_STRUCTURE,OBSERVATION_INSUFFICIENT,1,0,0,False,0,0,False,INHERITED_RAW_PRICE_BASIS,False,False
2025-07-16|50260,2025-07-16,50260,09:30,10:30,60,COMPLETE,5,0,DOWN,-0.28708133971291866,AVAILABLE,21.0,False,,,RANGE_EXPANSION|VOLUME_COMPRESSION|TRADING_VALUE_COMPRESSION,UNRESOLVED_STRUCTURE,OBSERVATION_INSUFFICIENT,1,0,0,False,0,0,False,INHERITED_RAW_PRICE_BASIS,True,False
2025-07-16|50260,2025-07-16,50260,09:30,10:35,65,PARTIAL,4,1,,,AVAILABLE,21.0,False,,,,UNRESOLVED_STRUCTURE,WINDOW_OBSERVED,0,0,0,False,0,0,False,INHERITED_RAW_PRICE_BASIS,False,False
2025-07-16|50260,2025-07-16,50260,09:30,10:40,70,COMPLETE,5,0,DOWN,-0.09643201542912247,AVAILABLE,21.0,False,,,,UNRESOLVED_STRUCTURE,OBSERVATION_INSUFFICIENT,2,0,0,False,0,0,False,INHERITED_RAW_PRICE_BASIS,False,False
2025-07-16|50260,2025-07-16,50260,09:30,10:45,75,COMPLETE,5,0,UNCHANGED,0.0,AVAILABLE,21.0,False,,,RANGE_COMPRESSION|VOLUME_COMPRESSION|TRADING_VALUE_COMPRESSION,UNRESOLVED_STRUCTURE,OBSERVATION_INSUFFICIENT,2,0,0,False,0,0,False,INHERITED_RAW_PRICE_BASIS,True,False
2025-07-16|50260,2025-07-16,50260,09:30,10:50,80,PARTIAL,3,2,,,AVAILABLE,21.0,False,,,,CURRENT_BAR_UNAVAILABLE,WINDOW_OBSERVED,0,0,0,False,0,0,False,INHERITED_RAW_PRICE_BASIS,False,False
2025-07-16|50260,2025-07-16,50260,09:30,10:55,85,COMPLETE,5,0,UP,0.19230769230769232,AVAILABLE,21.0,False,,,,UNRESOLVED_STRUCTURE,OBSERVATION_INSUFFICIENT,2,0,0,False,0,0,False,INHERITED_RAW_PRICE_BASIS,False,False
2025-07-16|50260,2025-07-16,50260,09:30,11:00,90,COMPLETE,5,0,UP,0.4807692307692308,AVAILABLE,21.0,False,,,RANGE_EXPANSION|VOLUME_EXPANSION|TRADING_VALUE_EXPANSION,UNRESOLVED_STRUCTURE,OBSERVATION_INSUFFICIENT,3,0,0,False,0,0,False,INHERITED_RAW_PRICE_BASIS,True,False
2025-07-16|50260,2025-07-16,50260,09:30,11:05,95,PARTIAL,3,2,,,AVAILABLE,21.0,False,,,,UNRESOLVED_STRUCTURE,OBSERVATION_INSUFFICIENT,2,0,0,False,0,0,False,INHERITED_RAW_PRICE_BASIS,False,False
2025-07-16|50260,2025-07-16,50260,09:30,11:10,100,PARTIAL,4,1,,,AVAILABLE,21.0,False,,,,CURRENT_BAR_UNAVAILABLE,OBSERVATION_INSUFFICIENT,3,0,0,False,0,0,False,INHERITED_RAW_PRICE_BASIS,False,False
2025-07-16|50260,2025-07-16,50260,09:30,11:15,105,PARTIAL,4,1,,,AVAILABLE,21.0,False,,,,UNRESOLVED_STRUCTURE,OBSERVATION_INSUFFICIENT,5,0,0,False,0,0,False,INHERITED_RAW_PRICE_BASIS,False,False
2025-07-16|50260,2025-07-16,50260,09:30,11:20,110,PARTIAL,3,2,,,AVAILABLE,21.0,False,,,,UNRESOLVED_STRUCTURE,OBSERVATION_INSUFFICIENT,4,0,0,False,0,0,False,INHERITED_RAW_PRICE_BASIS,False,False
2025-07-16|50260,2025-07-16,50260,09:30,11:25,115,PARTIAL,2,3,,,AVAILABLE,21.0,False,,,,CURRENT_BAR_UNAVAILABLE,OBSERVATION_INSUFFICIENT,2,0,0,False,0,0,False,INHERITED_RAW_PRICE_BASIS,False,False
2025-07-16|50260,2025-07-16,50260,09:30,11:30,120,PARTIAL,4,1,,,AVAILABLE,21.0,False,,,,CURRENT_BAR_UNAVAILABLE,OBSERVATION_INSUFFICIENT,4,0,0,False,0,0,False,INHERITED_RAW_PRICE_BASIS,False,False
2025-07-16|50260,2025-07-16,50260,09:30,12:35,125,PARTIAL,4,1,,,AVAILABLE,21.0,False,,,,UNRESOLVED_STRUCTURE,OBSERVATION_INSUFFICIENT,3,0,0,False,0,0,False,INHERITED_RAW_PRICE_BASIS,False,False
2025-07-16|50260,2025-07-16,50260,09:30,12:40,130,PARTIAL,2,3,,,AVAILABLE,21.0,False,,,,UNRESOLVED_STRUCTURE,WINDOW_OBSERVED,0,0,0,False,0,0,False,INHERITED_RAW_PRICE_BASIS,False,False
2025-07-16|50260,2025-07-16,50260,09:30,12:45,135,COMPLETE,5,0,DOWN,-0.09560229445506692,AVAILABLE,21.0,False,,,,UNRESOLVED_STRUCTURE,OBSERVATION_INSUFFICIENT,4,0,0,False,0,0,False,INHERITED_RAW_PRICE_BASIS,False,False
2025-07-16|50260,2025-07-16,50260,09:30,12:50,140,COMPLETE,5,0,UNCHANGED,0.0,AVAILABLE,21.0,False,,,RANGE_EXPANSION,UNRESOLVED_STRUCTURE,OBSERVATION_INSUFFICIENT,4,0,0,False,0,0,False,INHERITED_RAW_PRICE_BASIS,True,False
2025-07-16|50260,2025-07-16,50260,09:30,12:55,145,PARTIAL,1,4,,,AVAILABLE,21.0,False,,,,UNRESOLVED_STRUCTURE,OBSERVATION_INSUFFICIENT,2,0,0,False,0,0,False,INHERITED_RAW_PRICE_BASIS,False,False
2025-07-16|50260,2025-07-16,50260,09:30,13:00,150,COMPLETE,5,0,UP,0.09615384615384616,AVAILABLE,21.0,False,,,,UNRESOLVED_STRUCTURE,OBSERVATION_INSUFFICIENT,5,0,0,False,0,0,False,INHERITED_RAW_PRICE_BASIS,False,False
2025-07-16|50260,2025-07-16,50260,09:30,13:05,155,PARTIAL,3,2,,,AVAILABLE,21.0,False,,,,UNRESOLVED_STRUCTURE,OBSERVATION_INSUFFICIENT,4,0,0,False,0,0,False,INHERITED_RAW_PRICE_BASIS,False,False
2025-07-16|50260,2025-07-16,50260,09:30,13:10,160,PARTIAL,2,3,,,AVAILABLE,21.0,False,,,,UNRESOLVED_STRUCTURE,OBSERVATION_INSUFFICIENT,4,0,0,False,0,0,False,INHERITED_RAW_PRICE_BASIS,False,False
2025-07-16|50260,2025-07-16,50260,09:30,13:15,165,PARTIAL,4,1,,,AVAILABLE,21.0,False,,,,CURRENT_BAR_UNAVAILABLE,OBSERVATION_INSUFFICIENT,5,0,0,False,0,0,False,INHERITED_RAW_PRICE_BASIS,False,False
2025-07-16|50260,2025-07-16,50260,09:30,13:20,170,PARTIAL,2,3,,,AVAILABLE,21.0,False,,,,CURRENT_BAR_UNAVAILABLE,OBSERVATION_INSUFFICIENT,5,0,0,False,0,0,False,INHERITED_RAW_PRICE_BASIS,False,False
2025-07-16|50260,2025-07-16,50260,09:30,13:25,175,PARTIAL,3,2,,,AVAILABLE,21.0,False,,,,UNRESOLVED_STRUCTURE,OBSERVATION_INSUFFICIENT,5,0,0,False,0,0,False,INHERITED_RAW_PRICE_BASIS,False,False
2025-07-16|50260,2025-07-16,50260,09:30,13:30,180,PARTIAL,2,3,,,AVAILABLE,21.0,False,,,,CURRENT_BAR_UNAVAILABLE,OBSERVATION_INSUFFICIENT,4,0,0,False,0,0,False,INHERITED_RAW_PRICE_BASIS,False,False
2025-07-16|50260,2025-07-16,50260,09:30,13:35,185,PARTIAL,3,2,,,AVAILABLE,21.0,False,,,,UNRESOLVED_STRUCTURE,OBSERVATION_INSUFFICIENT,4,0,0,False,0,0,False,INHERITED_RAW_PRICE_BASIS,False,False
2025-07-16|50260,2025-07-16,50260,09:30,13:40,190,PARTIAL,3,2,,,AVAILABLE,21.0,False,,,,CURRENT_BAR_UNAVAILABLE,OBSERVATION_INSUFFICIENT,4,0,0,False,0,0,False,INHERITED_RAW_PRICE_BASIS,False,False
2025-07-16|50260,2025-07-16,50260,09:30,13:45,195,PARTIAL,3,2,,,AVAILABLE,21.0,False,,,,CURRENT_BAR_UNAVAILABLE,OBSERVATION_INSUFFICIENT,6,0,0,False,0,0,False,INHERITED_RAW_PRICE_BASIS,False,False
2025-07-16|50260,2025-07-16,50260,09:30,13:50,200,PARTIAL,3,2,,,AVAILABLE,21.0,False,,,,UNRESOLVED_STRUCTURE,OBSERVATION_INSUFFICIENT,6,0,0,False,0,0,False,INHERITED_RAW_PRICE_BASIS,False,False
2025-07-16|50260,2025-07-16,50260,09:30,13:55,205,PARTIAL,1,4,,,AVAILABLE,21.0,False,,,,CURRENT_BAR_UNAVAILABLE,OBSERVATION_INSUFFICIENT,3,0,0,False,0,0,False,INHERITED_RAW_PRICE_BASIS,False,False
2025-07-16|50260,2025-07-16,50260,09:30,14:00,210,PARTIAL,3,2,,,AVAILABLE,21.0,False,,,,UNRESOLVED_STRUCTURE,OBSERVATION_INSUFFICIENT,3,0,0,False,0,0,False,INHERITED_RAW_PRICE_BASIS,False,False
2025-07-16|50260,2025-07-16,50260,09:30,14:05,215,PARTIAL,4,1,,,AVAILABLE,21.0,False,,,,UNRESOLVED_STRUCTURE,OBSERVATION_INSUFFICIENT,5,0,0,False,0,0,False,INHERITED_RAW_PRICE_BASIS,False,False
2025-07-16|50260,2025-07-16,50260,09:30,14:10,220,PARTIAL,3,2,,,AVAILABLE,21.0,False,,,,UNRESOLVED_STRUCTURE,OBSERVATION_INSUFFICIENT,6,0,0,False,0,0,False,INHERITED_RAW_PRICE_BASIS,False,False
2025-07-16|50260,2025-07-16,50260,09:30,14:15,225,PARTIAL,2,3,,,AVAILABLE,21.0,False,,,,CURRENT_BAR_UNAVAILABLE,OBSERVATION_INSUFFICIENT,8,0,0,False,0,0,False,INHERITED_RAW_PRICE_BASIS,False,False
2025-07-16|50260,2025-07-16,50260,09:30,14:20,230,PARTIAL,2,3,,,AVAILABLE,21.0,False,,,,UNRESOLVED_STRUCTURE,OBSERVATION_INSUFFICIENT,9,0,0,False,0,0,False,INHERITED_RAW_PRICE_BASIS,False,False
2025-07-16|50260,2025-07-16,50260,09:30,14:25,235,UNAVAILABLE,0,5,,,AVAILABLE,21.0,False,,,,CURRENT_BAR_UNAVAILABLE,OBSERVATION_INSUFFICIENT,8,0,0,False,0,0,False,INHERITED_RAW_PRICE_BASIS,False,False
2025-07-16|50260,2025-07-16,50260,09:30,14:30,240,PARTIAL,1,4,,,AVAILABLE,21.0,False,,,,CURRENT_BAR_UNAVAILABLE,OBSERVATION_INSUFFICIENT,4,0,0,False,0,0,False,INHERITED_RAW_PRICE_BASIS,False,False
2025-07-16|50260,2025-07-16,50260,09:30,14:35,245,PARTIAL,1,4,,,AVAILABLE,21.0,False,,,,CURRENT_BAR_UNAVAILABLE,OBSERVATION_INSUFFICIENT,3,0,0,False,0,0,False,INHERITED_RAW_PRICE_BASIS,False,False
2025-07-16|50260,2025-07-16,50260,09:30,14:40,250,COMPLETE,5,0,DOWN,-0.09587727708533078,AVAILABLE,21.0,False,,,,UNRESOLVED_STRUCTURE,OBSERVATION_INSUFFICIENT,7,0,0,False,0,0,False,INHERITED_RAW_PRICE_BASIS,False,False
2025-07-16|50260,2025-07-16,50260,09:30,14:45,255,PARTIAL,2,3,,,AVAILABLE,21.0,False,,,,CURRENT_BAR_UNAVAILABLE,OBSERVATION_INSUFFICIENT,7,0,0,False,0,0,False,INHERITED_RAW_PRICE_BASIS,False,False
2025-07-16|50260,2025-07-16,50260,09:30,14:50,260,PARTIAL,1,4,,,AVAILABLE,21.0,False,,,,CURRENT_BAR_UNAVAILABLE,OBSERVATION_INSUFFICIENT,6,0,0,False,0,0,False,INHERITED_RAW_PRICE_BASIS,False,False
2025-07-16|50260,2025-07-16,50260,09:30,14:55,265,PARTIAL,2,3,,,AVAILABLE,21.0,False,,,,CURRENT_BAR_UNAVAILABLE,OBSERVATION_INSUFFICIENT,4,0,0,False,0,0,False,INHERITED_RAW_PRICE_BASIS,False,False
2025-07-16|50260,2025-07-16,50260,09:30,15:00,270,PARTIAL,2,3,,,AVAILABLE,21.0,False,,,,UNRESOLVED_STRUCTURE,OBSERVATION_INSUFFICIENT,3,0,0,False,0,0,False,INHERITED_RAW_PRICE_BASIS,False,False
2025-07-16|50260,2025-07-16,50260,09:30,15:05,275,PARTIAL,4,1,,,AVAILABLE,21.0,False,,,,UNRESOLVED_STRUCTURE,OBSERVATION_INSUFFICIENT,5,0,0,False,0,0,False,INHERITED_RAW_PRICE_BASIS,False,False
2025-07-16|50260,2025-07-16,50260,09:30,15:10,280,PARTIAL,3,2,,,AVAILABLE,21.0,False,,,,CURRENT_BAR_UNAVAILABLE,OBSERVATION_INSUFFICIENT,4,0,0,False,0,0,False,INHERITED_RAW_PRICE_BASIS,False,False
2025-07-16|50260,2025-07-16,50260,09:30,15:15,285,PARTIAL,2,3,,,AVAILABLE,21.0,False,,,,CURRENT_BAR_UNAVAILABLE,OBSERVATION_INSUFFICIENT,3,0,0,False,0,0,False,INHERITED_RAW_PRICE_BASIS,False,False
2025-07-16|50260,2025-07-16,50260,09:30,15:20,290,PARTIAL,4,1,,,AVAILABLE,21.0,False,,,,UNRESOLVED_STRUCTURE,RIGHT_CENSORED,2,0,0,False,0,0,False,INHERITED_RAW_PRICE_BASIS,False,False
2025-07-16|50260,2025-07-16,50260,09:30,15:25,295,PARTIAL,3,2,,,AVAILABLE,21.0,False,,,,CURRENT_BAR_UNAVAILABLE,RIGHT_CENSORED,0,0,0,False,0,0,False,INHERITED_RAW_PRICE_BASIS,False,False
2025-07-16|51260,2025-07-16,51260,15:00,15:00,0,COMPLETE,5,0,DOWN,-2.525252525252525,SCALE_INSUFFICIENT,,False,,,,SCALE_UNAVAILABLE,OBSERVATION_INSUFFICIENT,8,0,0,False,7,11,False,INHERITED_RAW_PRICE_BASIS,False,False
2025-07-16|51260,2025-07-16,51260,15:00,15:05,5,PARTIAL,2,3,,,SCALE_INSUFFICIENT,,False,,,,CURRENT_BAR_UNAVAILABLE,OBSERVATION_INSUFFICIENT,10,0,0,False,3,3,False,INHERITED_RAW_PRICE_BASIS,False,False
2025-07-16|51260,2025-07-16,51260,15:00,15:10,10,UNAVAILABLE,0,5,,,SCALE_INSUFFICIENT,,False,,,,CURRENT_BAR_UNAVAILABLE,OBSERVATION_INSUFFICIENT,10,0,0,False,0,0,False,INHERITED_RAW_PRICE_BASIS,False,False
2025-07-16|51260,2025-07-16,51260,15:00,15:15,15,UNAVAILABLE,0,5,,,SCALE_INSUFFICIENT,,False,,,,CURRENT_BAR_UNAVAILABLE,OBSERVATION_INSUFFICIENT,10,0,0,False,0,0,False,INHERITED_RAW_PRICE_BASIS,False,False
2025-07-16|51260,2025-07-16,51260,15:00,15:20,20,UNAVAILABLE,0,5,,,SCALE_INSUFFICIENT,,False,,,,CURRENT_BAR_UNAVAILABLE,RIGHT_CENSORED,5,0,0,False,0,0,False,INHERITED_RAW_PRICE_BASIS,False,False
2025-07-16|51260,2025-07-16,51260,15:00,15:25,25,UNAVAILABLE,0,5,,,SCALE_INSUFFICIENT,,False,,,,CURRENT_BAR_UNAVAILABLE,RIGHT_CENSORED,0,0,0,False,0,0,False,INHERITED_RAW_PRICE_BASIS,False,False
2025-07-16|60470,2025-07-16,60470,14:00,14:00,0,COMPLETE,5,0,DOWN,-0.13333333333333333,SCALE_INSUFFICIENT,,False,,,RANGE_COMPRESSION|VOLUME_COMPRESSION|TRADING_VALUE_COMPRESSION,SCALE_UNAVAILABLE,WINDOW_OBSERVED,0,0,0,False,1,1,False,INHERITED_RAW_PRICE_BASIS,False,False
2025-07-16|60470,2025-07-16,60470,14:00,14:05,5,COMPLETE,5,0,UP,0.5340453938584779,SCALE_INSUFFICIENT,,False,,,RANGE_EXPANSION|VOLUME_EXPANSION|TRADING_VALUE_EXPANSION,SCALE_UNAVAILABLE,WINDOW_OBSERVED,0,0,0,False,1,0,False,INHERITED_RAW_PRICE_BASIS,True,False
2025-07-16|60470,2025-07-16,60470,14:00,14:10,10,COMPLETE,5,0,UP,0.2656042496679947,SCALE_INSUFFICIENT,,False,,,RANGE_COMPRESSION|VOLUME_COMPRESSION|TRADING_VALUE_COMPRESSION,SCALE_UNAVAILABLE,WINDOW_OBSERVED,0,0,0,False,0,0,False,INHERITED_RAW_PRICE_BASIS,True,False
2025-07-16|60470,2025-07-16,60470,14:00,14:15,15,COMPLETE,5,0,UP,0.3978779840848806,SCALE_INSUFFICIENT,,False,,,RANGE_EXPANSION|VOLUME_EXPANSION|TRADING_VALUE_EXPANSION,SCALE_UNAVAILABLE,WINDOW_OBSERVED,0,0,0,False,0,0,False,INHERITED_RAW_PRICE_BASIS,True,False
2025-07-16|60470,2025-07-16,60470,14:00,14:20,20,COMPLETE,5,0,DOWN,-0.13227513227513227,SCALE_INSUFFICIENT,,False,,,RANGE_COMPRESSION|VOLUME_COMPRESSION|TRADING_VALUE_COMPRESSION,SCALE_UNAVAILABLE,WINDOW_OBSERVED,0,0,0,False,0,0,False,INHERITED_RAW_PRICE_BASIS,True,False
2025-07-16|60470,2025-07-16,60470,14:00,14:25,25,COMPLETE,5,0,DOWN,-0.26455026455026454,SCALE_INSUFFICIENT,,False,,,RANGE_COMPRESSION|VOLUME_COMPRESSION|TRADING_VALUE_COMPRESSION,SCALE_UNAVAILABLE,OBSERVATION_INSUFFICIENT,1,0,0,False,0,0,False,INHERITED_RAW_PRICE_BASIS,True,False
2025-07-16|60470,2025-07-16,60470,14:00,14:30,30,COMPLETE,5,0,UP,0.13262599469496023,SCALE_INSUFFICIENT,,False,,,RANGE_EXPANSION|VOLUME_EXPANSION|TRADING_VALUE_EXPANSION,SCALE_UNAVAILABLE,OBSERVATION_INSUFFICIENT,1,0,0,False,0,0,False,INHERITED_RAW_PRICE_BASIS,True,False
2025-07-16|60470,2025-07-16,60470,14:00,14:35,35,PARTIAL,4,1,,,SCALE_INSUFFICIENT,,False,,,,SCALE_UNAVAILABLE,WINDOW_OBSERVED,0,0,0,False,0,0,False,INHERITED_RAW_PRICE_BASIS,False,False
2025-07-16|60470,2025-07-16,60470,14:00,14:40,40,COMPLETE,5,0,UNCHANGED,0.0,SCALE_INSUFFICIENT,,False,,,,SCALE_UNAVAILABLE,WINDOW_OBSERVED,0,0,0,False,0,0,False,INHERITED_RAW_PRICE_BASIS,False,False
2025-07-16|60470,2025-07-16,60470,14:00,14:45,45,COMPLETE,5,0,UP,0.26420079260237783,SCALE_INSUFFICIENT,,False,,,VOLUME_COMPRESSION|TRADING_VALUE_COMPRESSION,SCALE_UNAVAILABLE,WINDOW_OBSERVED,0,0,0,False,0,0,False,INHERITED_RAW_PRICE_BASIS,True,False
2025-07-16|60470,2025-07-16,60470,14:00,14:50,50,COMPLETE,5,0,UNCHANGED,0.0,SCALE_INSUFFICIENT,,False,,,RANGE_COMPRESSION,SCALE_UNAVAILABLE,WINDOW_OBSERVED,0,0,0,False,0,0,False,INHERITED_RAW_PRICE_BASIS,True,False
2025-07-16|60470,2025-07-16,60470,14:00,14:55,55,COMPLETE,5,0,UP,0.5270092226613966,SCALE_INSUFFICIENT,,False,,,RANGE_EXPANSION|VOLUME_EXPANSION|TRADING_VALUE_EXPANSION,SCALE_UNAVAILABLE,WINDOW_OBSERVED,0,0,0,False,0,0,False,INHERITED_RAW_PRICE_BASIS,True,False
2025-07-16|60470,2025-07-16,60470,14:00,15:00,60,COMPLETE,5,0,DOWN,-0.26246719160104987,SCALE_INSUFFICIENT,,False,,,RANGE_COMPRESSION|VOLUME_COMPRESSION|TRADING_VALUE_COMPRESSION,SCALE_UNAVAILABLE,WINDOW_OBSERVED,0,0,0,False,0,0,False,INHERITED_RAW_PRICE_BASIS,True,False
2025-07-16|60470,2025-07-16,60470,14:00,15:05,65,COMPLETE,5,0,DOWN,-0.39473684210526316,SCALE_INSUFFICIENT,,False,,,VOLUME_EXPANSION|TRADING_VALUE_EXPANSION,SCALE_UNAVAILABLE,WINDOW_OBSERVED,0,0,0,False,0,0,False,INHERITED_RAW_PRICE_BASIS,True,False
2025-07-16|60470,2025-07-16,60470,14:00,15:10,70,COMPLETE,5,0,DOWN,-0.13192612137203166,SCALE_INSUFFICIENT,,False,,,RANGE_COMPRESSION|VOLUME_COMPRESSION|TRADING_VALUE_COMPRESSION,SCALE_UNAVAILABLE,WINDOW_OBSERVED,0,0,0,False,0,0,False,INHERITED_RAW_PRICE_BASIS,True,False
2025-07-16|60470,2025-07-16,60470,14:00,15:15,75,COMPLETE,5,0,DOWN,-0.5284015852047557,SCALE_INSUFFICIENT,,False,,,RANGE_EXPANSION|VOLUME_EXPANSION|TRADING_VALUE_EXPANSION,SCALE_UNAVAILABLE,WINDOW_OBSERVED,0,0,0,False,0,0,False,INHERITED_RAW_PRICE_BASIS,True,False
2025-07-16|60470,2025-07-16,60470,14:00,15:20,80,COMPLETE,5,0,DOWN,-0.13280212483399734,SCALE_INSUFFICIENT,,False,,,VOLUME_COMPRESSION|TRADING_VALUE_COMPRESSION,SCALE_UNAVAILABLE,RIGHT_CENSORED,0,0,0,False,0,0,False,INHERITED_RAW_PRICE_BASIS,True,False
2025-07-16|60470,2025-07-16,60470,14:00,15:25,85,COMPLETE,5,0,UP,0.26595744680851063,SCALE_INSUFFICIENT,,False,,,,SCALE_UNAVAILABLE,RIGHT_CENSORED,0,0,0,False,0,0,False,INHERITED_RAW_PRICE_BASIS,True,False
2025-07-16|65580,2025-07-16,65580,10:00,10:00,0,PARTIAL,2,3,,,SCALE_INSUFFICIENT,,False,,,,CURRENT_BAR_UNAVAILABLE,OBSERVATION_INSUFFICIENT,8,0,0,False,1,1,False,INHERITED_RAW_PRICE_BASIS,False,False
2025-07-16|65580,2025-07-16,65580,10:00,10:05,5,PARTIAL,1,4,,,SCALE_INSUFFICIENT,,False,,,,CURRENT_BAR_UNAVAILABLE,OBSERVATION_INSUFFICIENT,8,0,0,False,0,0,False,INHERITED_RAW_PRICE_BASIS,False,False
2025-07-16|65580,2025-07-16,65580,10:00,10:10,10,PARTIAL,1,4,,,SCALE_INSUFFICIENT,,False,,,,CURRENT_BAR_UNAVAILABLE,OBSERVATION_INSUFFICIENT,9,0,0,False,0,0,False,INHERITED_RAW_PRICE_BASIS,False,False
2025-07-16|65580,2025-07-16,65580,10:00,10:15,15,PARTIAL,1,4,,,SCALE_INSUFFICIENT,,False,,,,CURRENT_BAR_UNAVAILABLE,OBSERVATION_INSUFFICIENT,10,0,0,False,0,0,False,INHERITED_RAW_PRICE_BASIS,False,False
2025-07-16|65580,2025-07-16,65580,10:00,10:20,20,UNAVAILABLE,0,5,,,SCALE_INSUFFICIENT,,False,,,,CURRENT_BAR_UNAVAILABLE,OBSERVATION_INSUFFICIENT,10,0,0,False,0,0,False,INHERITED_RAW_PRICE_BASIS,False,False
2025-07-16|65580,2025-07-16,65580,10:00,10:25,25,UNAVAILABLE,0,5,,,SCALE_INSUFFICIENT,,False,,,,CURRENT_BAR_UNAVAILABLE,OBSERVATION_INSUFFICIENT,10,0,0,False,0,0,False,INHERITED_RAW_PRICE_BASIS,False,False
2025-07-16|65580,2025-07-16,65580,10:00,10:30,30,UNAVAILABLE,0,5,,,SCALE_INSUFFICIENT,,False,,,,CURRENT_BAR_UNAVAILABLE,OBSERVATION_INSUFFICIENT,8,0,0,False,0,0,False,INHERITED_RAW_PRICE_BASIS,False,False
2025-07-16|65580,2025-07-16,65580,10:00,10:35,35,UNAVAILABLE,0,5,,,SCALE_INSUFFICIENT,,False,,,,CURRENT_BAR_UNAVAILABLE,OBSERVATION_INSUFFICIENT,5,0,0,False,0,0,False,INHERITED_RAW_PRICE_BASIS,False,False
2025-07-16|65580,2025-07-16,65580,10:00,10:40,40,PARTIAL,2,3,,,SCALE_INSUFFICIENT,,False,,,,SCALE_UNAVAILABLE,OBSERVATION_INSUFFICIENT,7,0,0,False,0,0,False,INHERITED_RAW_PRICE_BASIS,False,False
2025-07-16|65580,2025-07-16,65580,10:00,10:45,45,PARTIAL,3,2,,,SCALE_INSUFFICIENT,,False,,,,SCALE_UNAVAILABLE,OBSERVATION_INSUFFICIENT,10,0,0,False,0,0,False,INHERITED_RAW_PRICE_BASIS,False,False
2025-07-16|65580,2025-07-16,65580,10:00,10:50,50,UNAVAILABLE,0,5,,,SCALE_INSUFFICIENT,,False,,,,CURRENT_BAR_UNAVAILABLE,OBSERVATION_INSUFFICIENT,9,0,0,False,0,0,False,INHERITED_RAW_PRICE_BASIS,False,False
2025-07-16|65580,2025-07-16,65580,10:00,10:55,55,UNAVAILABLE,0,5,,,SCALE_INSUFFICIENT,,False,,,,CURRENT_BAR_UNAVAILABLE,OBSERVATION_INSUFFICIENT,9,0,0,False,0,0,False,INHERITED_RAW_PRICE_BASIS,False,False
2025-07-16|65580,2025-07-16,65580,10:00,11:00,60,PARTIAL,1,4,,,SCALE_INSUFFICIENT,,False,,,,CURRENT_BAR_UNAVAILABLE,OBSERVATION_INSUFFICIENT,8,0,0,False,0,0,False,INHERITED_RAW_PRICE_BASIS,False,False
2025-07-16|65580,2025-07-16,65580,10:00,11:05,65,UNAVAILABLE,0,5,,,SCALE_INSUFFICIENT,,False,,,,CURRENT_BAR_UNAVAILABLE,OBSERVATION_INSUFFICIENT,8,0,0,False,0,0,False,INHERITED_RAW_PRICE_BASIS,False,False
2025-07-16|65580,2025-07-16,65580,10:00,11:10,70,PARTIAL,2,3,,,SCALE_INSUFFICIENT,,False,,,,CURRENT_BAR_UNAVAILABLE,OBSERVATION_INSUFFICIENT,8,0,0,False,0,0,False,INHERITED_RAW_PRICE_BASIS,False,False
2025-07-16|65580,2025-07-16,65580,10:00,11:15,75,UNAVAILABLE,0,5,,,SCALE_INSUFFICIENT,,False,,,,CURRENT_BAR_UNAVAILABLE,OBSERVATION_INSUFFICIENT,7,0,0,False,0,0,False,INHERITED_RAW_PRICE_BASIS,False,False
2025-07-16|65580,2025-07-16,65580,10:00,11:20,80,PARTIAL,2,3,,,SCALE_INSUFFICIENT,,False,,,,CURRENT_BAR_UNAVAILABLE,OBSERVATION_INSUFFICIENT,8,0,0,False,0,0,False,INHERITED_RAW_PRICE_BASIS,False,False
2025-07-16|65580,2025-07-16,65580,10:00,11:25,85,PARTIAL,1,4,,,SCALE_INSUFFICIENT,,False,,,,CURRENT_BAR_UNAVAILABLE,OBSERVATION_INSUFFICIENT,8,0,0,False,0,0,False,INHERITED_RAW_PRICE_BASIS,False,False
2025-07-16|65580,2025-07-16,65580,10:00,11:30,90,PARTIAL,1,4,,,SCALE_INSUFFICIENT,,False,,,,CURRENT_BAR_UNAVAILABLE,OBSERVATION_INSUFFICIENT,9,0,0,False,0,0,False,INHERITED_RAW_PRICE_BASIS,False,False
2025-07-16|65580,2025-07-16,65580,10:00,12:35,95,PARTIAL,1,4,,,SCALE_INSUFFICIENT,,False,,,,CURRENT_BAR_UNAVAILABLE,OBSERVATION_INSUFFICIENT,9,0,0,False,0,0,False,INHERITED_RAW_PRICE_BASIS,False,False
2025-07-16|65580,2025-07-16,65580,10:00,12:40,100,UNAVAILABLE,0,5,,,SCALE_INSUFFICIENT,,False,,,,CURRENT_BAR_UNAVAILABLE,OBSERVATION_INSUFFICIENT,8,0,0,False,0,0,False,INHERITED_RAW_PRICE_BASIS,False,False
2025-07-16|65580,2025-07-16,65580,10:00,12:45,105,PARTIAL,1,4,,,SCALE_INSUFFICIENT,,False,,,,SCALE_UNAVAILABLE,OBSERVATION_INSUFFICIENT,9,0,0,False,0,0,False,INHERITED_RAW_PRICE_BASIS,False,False
2025-07-16|65580,2025-07-16,65580,10:00,12:50,110,PARTIAL,1,4,,,SCALE_INSUFFICIENT,,False,,,,CURRENT_BAR_UNAVAILABLE,OBSERVATION_INSUFFICIENT,10,0,0,False,0,0,False,INHERITED_RAW_PRICE_BASIS,False,False
2025-07-16|65580,2025-07-16,65580,10:00,12:55,115,UNAVAILABLE,0,5,,,SCALE_INSUFFICIENT,,False,,,,CURRENT_BAR_UNAVAILABLE,OBSERVATION_INSUFFICIENT,10,0,0,False,0,0,False,INHERITED_RAW_PRICE_BASIS,False,False
2025-07-16|65580,2025-07-16,65580,10:00,13:00,120,UNAVAILABLE,0,5,,,SCALE_INSUFFICIENT,,False,,,,CURRENT_BAR_UNAVAILABLE,OBSERVATION_INSUFFICIENT,10,0,0,False,0,0,False,INHERITED_RAW_PRICE_BASIS,False,False
2025-07-16|65580,2025-07-16,65580,10:00,13:05,125,UNAVAILABLE,0,5,,,SCALE_INSUFFICIENT,,False,,,,CURRENT_BAR_UNAVAILABLE,OBSERVATION_INSUFFICIENT,10,0,0,False,0,0,False,INHERITED_RAW_PRICE_BASIS,False,False
2025-07-16|65580,2025-07-16,65580,10:00,13:10,130,UNAVAILABLE,0,5,,,SCALE_INSUFFICIENT,,False,,,,CURRENT_BAR_UNAVAILABLE,OBSERVATION_INSUFFICIENT,9,0,0,False,0,0,False,INHERITED_RAW_PRICE_BASIS,False,False
2025-07-16|65580,2025-07-16,65580,10:00,13:15,135,UNAVAILABLE,0,5,,,SCALE_INSUFFICIENT,,False,,,,CURRENT_BAR_UNAVAILABLE,OBSERVATION_INSUFFICIENT,9,0,0,False,0,0,False,INHERITED_RAW_PRICE_BASIS,False,False
2025-07-16|65580,2025-07-16,65580,10:00,13:20,140,PARTIAL,1,4,,,SCALE_INSUFFICIENT,,False,,,,CURRENT_BAR_UNAVAILABLE,OBSERVATION_INSUFFICIENT,10,0,0,False,0,0,False,INHERITED_RAW_PRICE_BASIS,False,False
2025-07-16|65580,2025-07-16,65580,10:00,13:25,145,UNAVAILABLE,0,5,,,SCALE_INSUFFICIENT,,False,,,,CURRENT_BAR_UNAVAILABLE,OBSERVATION_INSUFFICIENT,9,0,0,False,0,0,False,INHERITED_RAW_PRICE_BASIS,False,False
2025-07-16|65580,2025-07-16,65580,10:00,13:30,150,UNAVAILABLE,0,5,,,SCALE_INSUFFICIENT,,False,,,,CURRENT_BAR_UNAVAILABLE,OBSERVATION_INSUFFICIENT,9,0,0,False,0,0,False,INHERITED_RAW_PRICE_BASIS,False,False
2025-07-16|65580,2025-07-16,65580,10:00,13:35,155,PARTIAL,1,4,,,SCALE_INSUFFICIENT,,False,,,,CURRENT_BAR_UNAVAILABLE,OBSERVATION_INSUFFICIENT,9,0,0,False,0,0,False,INHERITED_RAW_PRICE_BASIS,False,False
2025-07-16|65580,2025-07-16,65580,10:00,13:40,160,UNAVAILABLE,0,5,,,SCALE_INSUFFICIENT,,False,,,,CURRENT_BAR_UNAVAILABLE,OBSERVATION_INSUFFICIENT,8,0,0,False,0,0,False,INHERITED_RAW_PRICE_BASIS,False,False
2025-07-16|65580,2025-07-16,65580,10:00,13:45,165,PARTIAL,1,4,,,SCALE_INSUFFICIENT,,False,,,,CURRENT_BAR_UNAVAILABLE,OBSERVATION_INSUFFICIENT,9,0,0,False,0,0,False,INHERITED_RAW_PRICE_BASIS,False,False
2025-07-16|65580,2025-07-16,65580,10:00,13:50,170,PARTIAL,1,4,,,SCALE_INSUFFICIENT,,False,,,,SCALE_UNAVAILABLE,OBSERVATION_INSUFFICIENT,10,0,0,False,0,0,False,INHERITED_RAW_PRICE_BASIS,False,False
2025-07-16|65580,2025-07-16,65580,10:00,13:55,175,UNAVAILABLE,0,5,,,SCALE_INSUFFICIENT,,False,,,,CURRENT_BAR_UNAVAILABLE,OBSERVATION_INSUFFICIENT,10,0,0,False,0,0,False,INHERITED_RAW_PRICE_BASIS,False,False
2025-07-16|65580,2025-07-16,65580,10:00,14:00,180,UNAVAILABLE,0,5,,,SCALE_INSUFFICIENT,,False,,,,CURRENT_BAR_UNAVAILABLE,OBSERVATION_INSUFFICIENT,10,0,0,False,0,0,False,INHERITED_RAW_PRICE_BASIS,False,False
2025-07-16|65580,2025-07-16,65580,10:00,14:05,185,UNAVAILABLE,0,5,,,SCALE_INSUFFICIENT,,False,,,,CURRENT_BAR_UNAVAILABLE,OBSERVATION_INSUFFICIENT,10,0,0,False,0,0,False,INHERITED_RAW_PRICE_BASIS,False,False
2025-07-16|65580,2025-07-16,65580,10:00,14:10,190,UNAVAILABLE,0,5,,,SCALE_INSUFFICIENT,,False,,,,CURRENT_BAR_UNAVAILABLE,OBSERVATION_INSUFFICIENT,9,0,0,False,0,0,False,INHERITED_RAW_PRICE_BASIS,False,False
2025-07-16|65580,2025-07-16,65580,10:00,14:15,195,UNAVAILABLE,0,5,,,SCALE_INSUFFICIENT,,False,,,,CURRENT_BAR_UNAVAILABLE,OBSERVATION_INSUFFICIENT,9,0,0,False,0,0,False,INHERITED_RAW_PRICE_BASIS,False,False
2025-07-16|65580,2025-07-16,65580,10:00,14:20,200,PARTIAL,1,4,,,SCALE_INSUFFICIENT,,False,,,,SCALE_UNAVAILABLE,OBSERVATION_INSUFFICIENT,10,0,0,False,0,0,False,INHERITED_RAW_PRICE_BASIS,False,False
2025-07-16|65580,2025-07-16,65580,10:00,14:25,205,UNAVAILABLE,0,5,,,SCALE_INSUFFICIENT,,False,,,,CURRENT_BAR_UNAVAILABLE,OBSERVATION_INSUFFICIENT,10,0,0,False,0,0,False,INHERITED_RAW_PRICE_BASIS,False,False
2025-07-16|65580,2025-07-16,65580,10:00,14:30,210,UNAVAILABLE,0,5,,,SCALE_INSUFFICIENT,,False,,,,CURRENT_BAR_UNAVAILABLE,OBSERVATION_INSUFFICIENT,9,0,0,False,0,0,False,INHERITED_RAW_PRICE_BASIS,False,False
2025-07-16|65580,2025-07-16,65580,10:00,14:35,215,UNAVAILABLE,0,5,,,SCALE_INSUFFICIENT,,False,,,,CURRENT_BAR_UNAVAILABLE,OBSERVATION_INSUFFICIENT,9,0,0,False,0,0,False,INHERITED_RAW_PRICE_BASIS,False,False
2025-07-16|65580,2025-07-16,65580,10:00,14:40,220,PARTIAL,1,4,,,SCALE_INSUFFICIENT,,False,,,,CURRENT_BAR_UNAVAILABLE,OBSERVATION_INSUFFICIENT,8,0,0,False,0,0,False,INHERITED_RAW_PRICE_BASIS,False,False
2025-07-16|65580,2025-07-16,65580,10:00,14:45,225,UNAVAILABLE,0,5,,,SCALE_INSUFFICIENT,,False,,,,CURRENT_BAR_UNAVAILABLE,OBSERVATION_INSUFFICIENT,7,0,0,False,0,0,False,INHERITED_RAW_PRICE_BASIS,False,False
2025-07-16|65580,2025-07-16,65580,10:00,14:50,230,PARTIAL,2,3,,,SCALE_INSUFFICIENT,,False,,,,CURRENT_BAR_UNAVAILABLE,OBSERVATION_INSUFFICIENT,9,0,0,False,0,0,False,INHERITED_RAW_PRICE_BASIS,False,False
2025-07-16|65580,2025-07-16,65580,10:00,14:55,235,PARTIAL,1,4,,,SCALE_INSUFFICIENT,,False,,,,CURRENT_BAR_UNAVAILABLE,OBSERVATION_INSUFFICIENT,10,0,0,False,0,0,False,INHERITED_RAW_PRICE_BASIS,False,False
2025-07-16|65580,2025-07-16,65580,10:00,15:00,240,UNAVAILABLE,0,5,,,SCALE_INSUFFICIENT,,False,,,,CURRENT_BAR_UNAVAILABLE,OBSERVATION_INSUFFICIENT,9,0,0,False,0,0,False,INHERITED_RAW_PRICE_BASIS,False,False
2025-07-16|65580,2025-07-16,65580,10:00,15:05,245,UNAVAILABLE,0,5,,,SCALE_INSUFFICIENT,,False,,,,CURRENT_BAR_UNAVAILABLE,OBSERVATION_INSUFFICIENT,9,0,0,False,0,0,False,INHERITED_RAW_PRICE_BASIS,False,False
2025-07-16|65580,2025-07-16,65580,10:00,15:10,250,PARTIAL,1,4,,,SCALE_INSUFFICIENT,,False,,,,CURRENT_BAR_UNAVAILABLE,OBSERVATION_INSUFFICIENT,9,0,0,False,0,0,False,INHERITED_RAW_PRICE_BASIS,False,False
2025-07-16|65580,2025-07-16,65580,10:00,15:15,255,UNAVAILABLE,0,5,,,SCALE_INSUFFICIENT,,False,,,,CURRENT_BAR_UNAVAILABLE,OBSERVATION_INSUFFICIENT,8,0,0,False,0,0,False,INHERITED_RAW_PRICE_BASIS,False,False
2025-07-16|65580,2025-07-16,65580,10:00,15:20,260,PARTIAL,1,4,,,SCALE_INSUFFICIENT,,False,,,,CURRENT_BAR_UNAVAILABLE,RIGHT_CENSORED,4,0,0,False,0,0,False,INHERITED_RAW_PRICE_BASIS,False,False
2025-07-16|65580,2025-07-16,65580,10:00,15:25,265,PARTIAL,1,4,,,SCALE_INSUFFICIENT,,False,,,,SCALE_UNAVAILABLE,RIGHT_CENSORED,0,0,0,False,0,0,False,INHERITED_RAW_PRICE_BASIS,False,False
2025-07-16|66120,2025-07-16,66120,14:00,14:00,0,PARTIAL,2,3,,,SCALE_INSUFFICIENT,,False,,,,SCALE_UNAVAILABLE,OBSERVATION_INSUFFICIENT,10,0,0,False,1,4,False,INHERITED_RAW_PRICE_BASIS,False,False
2025-07-16|66120,2025-07-16,66120,14:00,14:05,5,UNAVAILABLE,0,5,,,SCALE_INSUFFICIENT,,False,,,,CURRENT_BAR_UNAVAILABLE,OBSERVATION_INSUFFICIENT,10,0,0,False,0,0,False,INHERITED_RAW_PRICE_BASIS,False,False
2025-07-16|66120,2025-07-16,66120,14:00,14:10,10,UNAVAILABLE,0,5,,,SCALE_INSUFFICIENT,,False,,,,CURRENT_BAR_UNAVAILABLE,OBSERVATION_INSUFFICIENT,10,0,0,False,0,0,False,INHERITED_RAW_PRICE_BASIS,False,False
2025-07-16|66120,2025-07-16,66120,14:00,14:15,15,UNAVAILABLE,0,5,,,SCALE_INSUFFICIENT,,False,,,,CURRENT_BAR_UNAVAILABLE,OBSERVATION_INSUFFICIENT,10,0,0,False,0,0,False,INHERITED_RAW_PRICE_BASIS,False,False
2025-07-16|66120,2025-07-16,66120,14:00,14:20,20,UNAVAILABLE,0,5,,,SCALE_INSUFFICIENT,,False,,,,CURRENT_BAR_UNAVAILABLE,OBSERVATION_INSUFFICIENT,10,0,0,False,0,0,False,INHERITED_RAW_PRICE_BASIS,False,False
2025-07-16|66120,2025-07-16,66120,14:00,14:25,25,UNAVAILABLE,0,5,,,SCALE_INSUFFICIENT,,False,,,,CURRENT_BAR_UNAVAILABLE,OBSERVATION_INSUFFICIENT,10,0,0,False,0,0,False,INHERITED_RAW_PRICE_BASIS,False,False
2025-07-16|66120,2025-07-16,66120,14:00,14:30,30,UNAVAILABLE,0,5,,,SCALE_INSUFFICIENT,,False,,,,CURRENT_BAR_UNAVAILABLE,OBSERVATION_INSUFFICIENT,10,0,0,False,0,0,False,INHERITED_RAW_PRICE_BASIS,False,False
2025-07-16|66120,2025-07-16,66120,14:00,14:35,35,UNAVAILABLE,0,5,,,SCALE_INSUFFICIENT,,False,,,,CURRENT_BAR_UNAVAILABLE,OBSERVATION_INSUFFICIENT,10,0,0,False,0,0,False,INHERITED_RAW_PRICE_BASIS,False,False
2025-07-16|66120,2025-07-16,66120,14:00,14:40,40,UNAVAILABLE,0,5,,,SCALE_INSUFFICIENT,,False,,,,CURRENT_BAR_UNAVAILABLE,OBSERVATION_INSUFFICIENT,10,0,0,False,0,0,False,INHERITED_RAW_PRICE_BASIS,False,False
2025-07-16|66120,2025-07-16,66120,14:00,14:45,45,UNAVAILABLE,0,5,,,SCALE_INSUFFICIENT,,False,,,,CURRENT_BAR_UNAVAILABLE,OBSERVATION_INSUFFICIENT,10,0,0,False,0,0,False,INHERITED_RAW_PRICE_BASIS,False,False
2025-07-16|66120,2025-07-16,66120,14:00,14:50,50,UNAVAILABLE,0,5,,,SCALE_INSUFFICIENT,,False,,,,CURRENT_BAR_UNAVAILABLE,OBSERVATION_INSUFFICIENT,10,0,0,False,0,0,False,INHERITED_RAW_PRICE_BASIS,False,False
2025-07-16|66120,2025-07-16,66120,14:00,14:55,55,UNAVAILABLE,0,5,,,SCALE_INSUFFICIENT,,False,,,,CURRENT_BAR_UNAVAILABLE,OBSERVATION_INSUFFICIENT,10,0,0,False,0,0,False,INHERITED_RAW_PRICE_BASIS,False,False
2025-07-16|66120,2025-07-16,66120,14:00,15:00,60,UNAVAILABLE,0,5,,,SCALE_INSUFFICIENT,,False,,,,CURRENT_BAR_UNAVAILABLE,OBSERVATION_INSUFFICIENT,9,0,0,False,0,0,False,INHERITED_RAW_PRICE_BASIS,False,False
2025-07-16|66120,2025-07-16,66120,14:00,15:05,65,UNAVAILABLE,0,5,,,SCALE_INSUFFICIENT,,False,,,,CURRENT_BAR_UNAVAILABLE,OBSERVATION_INSUFFICIENT,9,0,0,False,0,0,False,INHERITED_RAW_PRICE_BASIS,False,False
2025-07-16|66120,2025-07-16,66120,14:00,15:10,70,PARTIAL,1,4,,,SCALE_INSUFFICIENT,,False,,,,SCALE_UNAVAILABLE,OBSERVATION_INSUFFICIENT,10,0,0,False,0,0,False,INHERITED_RAW_PRICE_BASIS,False,False
2025-07-16|66120,2025-07-16,66120,14:00,15:15,75,UNAVAILABLE,0,5,,,SCALE_INSUFFICIENT,,False,,,,CURRENT_BAR_UNAVAILABLE,OBSERVATION_INSUFFICIENT,10,0,0,False,0,0,False,INHERITED_RAW_PRICE_BASIS,False,False
2025-07-16|66120,2025-07-16,66120,14:00,15:20,80,UNAVAILABLE,0,5,,,SCALE_INSUFFICIENT,,False,,,,CURRENT_BAR_UNAVAILABLE,RIGHT_CENSORED,5,0,0,False,0,0,False,INHERITED_RAW_PRICE_BASIS,False,False
2025-07-16|66120,2025-07-16,66120,14:00,15:25,85,UNAVAILABLE,0,5,,,SCALE_INSUFFICIENT,,False,,,,CURRENT_BAR_UNAVAILABLE,RIGHT_CENSORED,0,0,0,False,0,0,False,INHERITED_RAW_PRICE_BASIS,False,False
2025-07-16|67310,2025-07-16,67310,14:00,14:00,0,COMPLETE,5,0,UNCHANGED,0.0,AVAILABLE,4.0,False,,RESTRUCTURING,RANGE_COMPRESSION|VOLUME_COMPRESSION|TRADING_VALUE_COMPRESSION,UNRESOLVED_STRUCTURE,WINDOW_OBSERVED,0,0,1,False,0,0,True,INHERITED_RAW_PRICE_BASIS,False,False
2025-07-16|67310,2025-07-16,67310,14:00,14:05,5,COMPLETE,5,0,DOWN,-4.385964912280702,AVAILABLE,4.0,False,,RESTRUCTURING,RANGE_EXPANSION|VOLUME_EXPANSION|TRADING_VALUE_EXPANSION,UNRESOLVED_STRUCTURE,WINDOW_OBSERVED,0,0,1,False,1,1,True,INHERITED_RAW_PRICE_BASIS,True,False
2025-07-16|67310,2025-07-16,67310,14:00,14:10,10,COMPLETE,5,0,UP,2.7777777777777777,AVAILABLE,4.0,False,,RESTRUCTURING|RECOVERY,,UNRESOLVED_STRUCTURE,WINDOW_OBSERVED,0,0,2,False,0,0,True,INHERITED_RAW_PRICE_BASIS,True,True
2025-07-16|67310,2025-07-16,67310,14:00,14:15,15,COMPLETE,5,0,UP,6.25,AVAILABLE,4.0,False,,RESTRUCTURING|RECOVERY,RANGE_EXPANSION,UNRESOLVED_STRUCTURE,WINDOW_OBSERVED,0,0,2,False,0,1,True,INHERITED_RAW_PRICE_BASIS,True,False
2025-07-16|67310,2025-07-16,67310,14:00,14:20,20,COMPLETE,5,0,UNCHANGED,0.0,AVAILABLE,4.0,False,,RESTRUCTURING,CHOPPINESS|RANGE_COMPRESSION|VOLUME_COMPRESSION|TRADING_VALUE_COMPRESSION,UNRESOLVED_STRUCTURE,WINDOW_OBSERVED,0,1,3,False,0,0,True,INHERITED_RAW_PRICE_BASIS,True,True
2025-07-16|67310,2025-07-16,67310,14:00,14:25,25,COMPLETE,5,0,DOWN,-1.680672268907563,AVAILABLE,4.0,False,,RESTRUCTURING,,UNRESOLVED_STRUCTURE,WINDOW_OBSERVED,0,1,3,False,0,0,True,INHERITED_RAW_PRICE_BASIS,True,False
2025-07-16|67310,2025-07-16,67310,14:00,14:30,30,COMPLETE,5,0,DOWN,-3.4188034188034186,AVAILABLE,4.0,False,,RESTRUCTURING,VOLUME_EXPANSION|TRADING_VALUE_EXPANSION,UNRESOLVED_STRUCTURE,WINDOW_OBSERVED,0,0,3,False,0,0,True,INHERITED_RAW_PRICE_BASIS,True,False
2025-07-16|67310,2025-07-16,67310,14:00,14:35,35,COMPLETE,5,0,UP,0.8771929824561403,AVAILABLE,4.0,False,,RESTRUCTURING,RANGE_COMPRESSION|VOLUME_COMPRESSION|TRADING_VALUE_COMPRESSION,UNRESOLVED_STRUCTURE,WINDOW_OBSERVED,0,0,3,False,0,0,True,INHERITED_RAW_PRICE_BASIS,True,False
2025-07-16|67310,2025-07-16,67310,14:00,14:40,40,COMPLETE,5,0,UNCHANGED,0.0,AVAILABLE,4.0,False,RANGE_STRUCTURE,BALANCE,RANGE_COMPRESSION,IDENTIFIED,WINDOW_OBSERVED,0,0,3,True,0,0,True,INHERITED_RAW_PRICE_BASIS,True,True
2025-07-16|67310,2025-07-16,67310,14:00,14:45,45,COMPLETE,5,0,DOWN,-1.7391304347826086,AVAILABLE,4.0,False,,RESTRUCTURING,RANGE_EXPANSION|VOLUME_EXPANSION|TRADING_VALUE_EXPANSION,UNRESOLVED_STRUCTURE,WINDOW_OBSERVED,0,0,3,False,6,4,True,INHERITED_RAW_PRICE_BASIS,True,True
2025-07-16|67310,2025-07-16,67310,14:00,14:50,50,COMPLETE,5,0,DOWN,-0.8849557522123894,AVAILABLE,4.0,False,,RESTRUCTURING,RANGE_COMPRESSION|VOLUME_COMPRESSION|TRADING_VALUE_COMPRESSION,UNRESOLVED_STRUCTURE,WINDOW_OBSERVED,0,0,3,False,1,1,True,INHERITED_RAW_PRICE_BASIS,True,False
2025-07-16|67310,2025-07-16,67310,14:00,14:55,55,COMPLETE,5,0,DOWN,-1.7857142857142858,AVAILABLE,4.0,False,,RESTRUCTURING,VOLUME_EXPANSION|TRADING_VALUE_EXPANSION,UNRESOLVED_STRUCTURE,WINDOW_OBSERVED,0,0,3,False,0,1,True,INHERITED_RAW_PRICE_BASIS,True,False
2025-07-16|67310,2025-07-16,67310,14:00,15:00,60,COMPLETE,5,0,DOWN,-3.6363636363636362,AVAILABLE,4.0,False,,RESTRUCTURING,RANGE_EXPANSION|VOLUME_EXPANSION|TRADING_VALUE_EXPANSION,UNRESOLVED_STRUCTURE,WINDOW_OBSERVED,0,0,3,False,4,1,True,INHERITED_RAW_PRICE_BASIS,True,False
2025-07-16|67310,2025-07-16,67310,14:00,15:05,65,COMPLETE,5,0,DOWN,-7.547169811320755,AVAILABLE,4.0,False,,RESTRUCTURING,RANGE_EXPANSION|VOLUME_EXPANSION|TRADING_VALUE_EXPANSION,UNRESOLVED_STRUCTURE,WINDOW_OBSERVED,0,0,3,False,2,2,True,INHERITED_RAW_PRICE_BASIS,True,False
2025-07-16|67310,2025-07-16,67310,14:00,15:10,70,COMPLETE,5,0,UP,3.061224489795918,AVAILABLE,4.0,False,DOWN_STRUCTURE,,RANGE_COMPRESSION|TRADING_VALUE_COMPRESSION,IDENTIFIED,WINDOW_OBSERVED,0,1,5,False,2,2,True,INHERITED_RAW_PRICE_BASIS,True,True
2025-07-16|67310,2025-07-16,67310,14:00,15:15,75,COMPLETE,5,0,DOWN,-1.9801980198019802,AVAILABLE,4.0,False,DOWN_STRUCTURE,PROGRESSION,VOLUME_COMPRESSION|TRADING_VALUE_COMPRESSION,IDENTIFIED,WINDOW_OBSERVED,0,0,5,False,0,1,True,INHERITED_RAW_PRICE_BASIS,True,True
2025-07-16|67310,2025-07-16,67310,14:00,15:20,80,COMPLETE,5,0,DOWN,-4.040404040404041,AVAILABLE,4.0,False,DOWN_STRUCTURE,PROGRESSION,VOLUME_EXPANSION,IDENTIFIED,RIGHT_CENSORED,0,0,5,False,10,4,True,INHERITED_RAW_PRICE_BASIS,True,False
2025-07-16|67310,2025-07-16,67310,14:00,15:25,85,COMPLETE,5,0,DOWN,-6.315789473684211,AVAILABLE,4.0,False,DOWN_STRUCTURE,PROGRESSION,VOLUME_EXPANSION|TRADING_VALUE_EXPANSION,IDENTIFIED,RIGHT_CENSORED,0,0,5,False,2,3,True,INHERITED_RAW_PRICE_BASIS,True,False
2025-07-16|69200,2025-07-16,69200,14:30,14:30,0,COMPLETE,5,0,DOWN,-0.10678056593699947,AVAILABLE,55.0,False,DOWN_STRUCTURE,PROGRESSION,CHOPPINESS,IDENTIFIED,WINDOW_OBSERVED,0,0,14,False,4,1,True,INHERITED_RAW_PRICE_BASIS,False,False
2025-07-16|69200,2025-07-16,69200,14:30,14:35,5,COMPLETE,5,0,DOWN,-1.0950854700854702,AVAILABLE,55.0,False,DOWN_STRUCTURE,PROGRESSION,,IDENTIFIED,WINDOW_OBSERVED,0,0,14,False,5,3,True,INHERITED_RAW_PRICE_BASIS,True,False
2025-07-16|69200,2025-07-16,69200,14:30,14:40,10,COMPLETE,5,0,DOWN,-0.5402485143165856,AVAILABLE,55.0,False,DOWN_STRUCTURE,,,IDENTIFIED,WINDOW_OBSERVED,0,1,16,False,3,3,True,INHERITED_RAW_PRICE_BASIS,True,True
2025-07-16|69200,2025-07-16,69200,14:30,14:45,15,COMPLETE,5,0,DOWN,-0.13579576317218903,AVAILABLE,55.0,False,DOWN_STRUCTURE,PROGRESSION,CHOPPINESS,IDENTIFIED,WINDOW_OBSERVED,0,0,16,False,0,0,True,INHERITED_RAW_PRICE_BASIS,True,True
2025-07-16|69200,2025-07-16,69200,14:30,14:50,20,COMPLETE,5,0,DOWN,-1.5501767745444657,AVAILABLE,55.0,False,DOWN_STRUCTURE,,RANGE_EXPANSION,IDENTIFIED,WINDOW_OBSERVED,0,1,17,False,2,2,True,INHERITED_RAW_PRICE_BASIS,True,True
2025-07-16|69200,2025-07-16,69200,14:30,14:55,25,COMPLETE,5,0,UP,0.24861878453038674,AVAILABLE,55.0,False,DOWN_STRUCTURE,,CHOPPINESS|RANGE_COMPRESSION,IDENTIFIED,WINDOW_OBSERVED,0,1,19,False,0,0,True,INHERITED_RAW_PRICE_BASIS,True,False
2025-07-16|69200,2025-07-16,69200,14:30,15:00,30,COMPLETE,5,0,UP,1.5155690272802425,AVAILABLE,55.0,False,UP_STRUCTURE,PROGRESSION,RANGE_EXPANSION,IDENTIFIED,WINDOW_OBSERVED,0,0,21,False,1,1,True,INHERITED_RAW_PRICE_BASIS,True,True
2025-07-16|69200,2025-07-16,69200,14:30,15:05,35,COMPLETE,5,0,DOWN,-0.24429967426710097,AVAILABLE,55.0,False,UP_STRUCTURE,CORRECTION,RANGE_COMPRESSION|VOLUME_COMPRESSION|TRADING_VALUE_COMPRESSION,IDENTIFIED,WINDOW_OBSERVED,0,0,22,False,3,2,True,INHERITED_RAW_PRICE_BASIS,True,True
2025-07-16|69200,2025-07-16,69200,14:30,15:10,40,COMPLETE,5,0,DOWN,-0.24489795918367346,AVAILABLE,55.0,False,,RESTRUCTURING|RECOVERY,CHOPPINESS|RANGE_EXPANSION,UNRESOLVED_STRUCTURE,WINDOW_OBSERVED,0,1,23,False,3,1,True,INHERITED_RAW_PRICE_BASIS,True,True
2025-07-16|69200,2025-07-16,69200,14:30,15:15,45,COMPLETE,5,0,UNCHANGED,0.0,AVAILABLE,55.0,False,DOWN_STRUCTURE,PROGRESSION,RANGE_COMPRESSION|VOLUME_COMPRESSION|TRADING_VALUE_COMPRESSION,IDENTIFIED,WINDOW_OBSERVED,0,0,24,False,0,1,True,INHERITED_RAW_PRICE_BASIS,True,True
2025-07-16|69200,2025-07-16,69200,14:30,15:20,50,COMPLETE,5,0,DOWN,-0.3817834742296155,AVAILABLE,55.0,False,DOWN_STRUCTURE,CORRECTION|RECOVERY,RANGE_EXPANSION|VOLUME_EXPANSION|TRADING_VALUE_EXPANSION,IDENTIFIED,RIGHT_CENSORED,0,0,25,False,3,1,True,INHERITED_RAW_PRICE_BASIS,True,True
2025-07-16|69200,2025-07-16,69200,14:30,15:25,55,COMPLETE,5,0,DOWN,-0.2737476047084588,AVAILABLE,55.0,False,DOWN_STRUCTURE,PROGRESSION,,IDENTIFIED,RIGHT_CENSORED,0,0,26,False,2,2,True,INHERITED_RAW_PRICE_BASIS,True,True
2025-07-16|70820,2025-07-16,70820,10:00,10:00,0,PARTIAL,3,2,,,SCALE_INSUFFICIENT,,False,,,,SCALE_UNAVAILABLE,OBSERVATION_INSUFFICIENT,8,0,0,False,0,0,False,INHERITED_RAW_PRICE_BASIS,False,False
2025-07-16|70820,2025-07-16,70820,10:00,10:05,5,PARTIAL,1,4,,,SCALE_INSUFFICIENT,,False,,,,CURRENT_BAR_UNAVAILABLE,OBSERVATION_INSUFFICIENT,8,0,0,False,0,0,False,INHERITED_RAW_PRICE_BASIS,False,False
2025-07-16|70820,2025-07-16,70820,10:00,10:10,10,PARTIAL,1,4,,,SCALE_INSUFFICIENT,,False,,,,CURRENT_BAR_UNAVAILABLE,OBSERVATION_INSUFFICIENT,8,0,0,False,0,0,False,INHERITED_RAW_PRICE_BASIS,False,False
2025-07-16|70820,2025-07-16,70820,10:00,10:15,15,PARTIAL,1,4,,,SCALE_INSUFFICIENT,,False,,,,CURRENT_BAR_UNAVAILABLE,OBSERVATION_INSUFFICIENT,8,0,0,False,0,0,False,INHERITED_RAW_PRICE_BASIS,False,False
2025-07-16|70820,2025-07-16,70820,10:00,10:20,20,PARTIAL,1,4,,,SCALE_INSUFFICIENT,,False,,,,SCALE_UNAVAILABLE,OBSERVATION_INSUFFICIENT,9,0,0,False,0,0,False,INHERITED_RAW_PRICE_BASIS,False,False
2025-07-16|70820,2025-07-16,70820,10:00,10:25,25,PARTIAL,1,4,,,SCALE_INSUFFICIENT,,False,,,,CURRENT_BAR_UNAVAILABLE,OBSERVATION_INSUFFICIENT,10,0,0,False,0,0,False,INHERITED_RAW_PRICE_BASIS,False,False
2025-07-16|70820,2025-07-16,70820,10:00,10:30,30,UNAVAILABLE,0,5,,,SCALE_INSUFFICIENT,,False,,,,CURRENT_BAR_UNAVAILABLE,OBSERVATION_INSUFFICIENT,8,0,0,False,0,0,False,INHERITED_RAW_PRICE_BASIS,False,False
2025-07-16|70820,2025-07-16,70820,10:00,10:35,35,UNAVAILABLE,0,5,,,SCALE_INSUFFICIENT,,False,,,,CURRENT_BAR_UNAVAILABLE,OBSERVATION_INSUFFICIENT,6,0,0,False,0,0,False,INHERITED_RAW_PRICE_BASIS,False,False
2025-07-16|70820,2025-07-16,70820,10:00,10:40,40,PARTIAL,2,3,,,SCALE_INSUFFICIENT,,False,,,,CURRENT_BAR_UNAVAILABLE,OBSERVATION_INSUFFICIENT,6,0,0,False,0,0,False,INHERITED_RAW_PRICE_BASIS,False,False
2025-07-16|70820,2025-07-16,70820,10:00,10:45,45,PARTIAL,2,3,,,SCALE_INSUFFICIENT,,False,,,,CURRENT_BAR_UNAVAILABLE,OBSERVATION_INSUFFICIENT,7,0,0,False,0,0,False,INHERITED_RAW_PRICE_BASIS,False,False
2025-07-16|70820,2025-07-16,70820,10:00,10:50,50,PARTIAL,2,3,,,SCALE_INSUFFICIENT,,False,,,,SCALE_UNAVAILABLE,OBSERVATION_INSUFFICIENT,8,0,0,False,0,0,False,INHERITED_RAW_PRICE_BASIS,False,False
2025-07-16|70820,2025-07-16,70820,10:00,10:55,55,PARTIAL,1,4,,,SCALE_INSUFFICIENT,,False,,,,CURRENT_BAR_UNAVAILABLE,OBSERVATION_INSUFFICIENT,9,0,0,False,0,0,False,INHERITED_RAW_PRICE_BASIS,False,False
2025-07-16|70820,2025-07-16,70820,10:00,11:00,60,PARTIAL,1,4,,,SCALE_INSUFFICIENT,,False,,,,CURRENT_BAR_UNAVAILABLE,OBSERVATION_INSUFFICIENT,9,0,0,False,0,0,False,INHERITED_RAW_PRICE_BASIS,False,False
2025-07-16|70820,2025-07-16,70820,10:00,11:05,65,UNAVAILABLE,0,5,,,SCALE_INSUFFICIENT,,False,,,,CURRENT_BAR_UNAVAILABLE,OBSERVATION_INSUFFICIENT,9,0,0,False,0,0,False,INHERITED_RAW_PRICE_BASIS,False,False
2025-07-16|70820,2025-07-16,70820,10:00,11:10,70,PARTIAL,1,4,,,SCALE_INSUFFICIENT,,False,,,,SCALE_UNAVAILABLE,OBSERVATION_INSUFFICIENT,10,0,0,False,0,0,False,INHERITED_RAW_PRICE_BASIS,False,False
2025-07-16|70820,2025-07-16,70820,10:00,11:15,75,UNAVAILABLE,0,5,,,SCALE_INSUFFICIENT,,False,,,,CURRENT_BAR_UNAVAILABLE,OBSERVATION_INSUFFICIENT,10,0,0,False,0,0,False,INHERITED_RAW_PRICE_BASIS,False,False
2025-07-16|70820,2025-07-16,70820,10:00,11:20,80,UNAVAILABLE,0,5,,,SCALE_INSUFFICIENT,,False,,,,CURRENT_BAR_UNAVAILABLE,OBSERVATION_INSUFFICIENT,8,0,0,False,0,0,False,INHERITED_RAW_PRICE_BASIS,False,False
2025-07-16|70820,2025-07-16,70820,10:00,11:25,85,UNAVAILABLE,0,5,,,SCALE_INSUFFICIENT,,False,,,,CURRENT_BAR_UNAVAILABLE,OBSERVATION_INSUFFICIENT,6,0,0,False,0,0,False,INHERITED_RAW_PRICE_BASIS,False,False
2025-07-16|70820,2025-07-16,70820,10:00,11:30,90,PARTIAL,2,3,,,SCALE_INSUFFICIENT,,False,,,,CURRENT_BAR_UNAVAILABLE,OBSERVATION_INSUFFICIENT,6,0,0,False,0,0,False,INHERITED_RAW_PRICE_BASIS,False,False
2025-07-16|70820,2025-07-16,70820,10:00,12:35,95,PARTIAL,2,3,,,SCALE_INSUFFICIENT,,False,,,,CURRENT_BAR_UNAVAILABLE,OBSERVATION_INSUFFICIENT,7,0,0,False,0,0,False,INHERITED_RAW_PRICE_BASIS,False,False
2025-07-16|70820,2025-07-16,70820,10:00,12:40,100,PARTIAL,2,3,,,SCALE_INSUFFICIENT,,False,,,,SCALE_UNAVAILABLE,OBSERVATION_INSUFFICIENT,8,0,0,False,2,0,False,INHERITED_RAW_PRICE_BASIS,False,False
2025-07-16|70820,2025-07-16,70820,10:00,12:45,105,PARTIAL,1,4,,,SCALE_INSUFFICIENT,,False,,,,CURRENT_BAR_UNAVAILABLE,OBSERVATION_INSUFFICIENT,9,0,0,False,0,0,False,INHERITED_RAW_PRICE_BASIS,False,False
2025-07-16|70820,2025-07-16,70820,10:00,12:50,110,PARTIAL,1,4,,,SCALE_INSUFFICIENT,,False,,,,SCALE_UNAVAILABLE,OBSERVATION_INSUFFICIENT,8,0,0,False,0,0,False,INHERITED_RAW_PRICE_BASIS,False,False
2025-07-16|70820,2025-07-16,70820,10:00,12:55,115,UNAVAILABLE,0,5,,,SCALE_INSUFFICIENT,,False,,,,CURRENT_BAR_UNAVAILABLE,OBSERVATION_INSUFFICIENT,7,0,0,False,0,0,False,INHERITED_RAW_PRICE_BASIS,False,False
2025-07-16|70820,2025-07-16,70820,10:00,13:00,120,PARTIAL,2,3,,,SCALE_INSUFFICIENT,,False,,,,CURRENT_BAR_UNAVAILABLE,OBSERVATION_INSUFFICIENT,8,0,0,False,0,0,False,INHERITED_RAW_PRICE_BASIS,False,False
2025-07-16|70820,2025-07-16,70820,10:00,13:05,125,PARTIAL,1,4,,,SCALE_INSUFFICIENT,,False,,,,SCALE_UNAVAILABLE,OBSERVATION_INSUFFICIENT,8,0,0,False,0,0,False,INHERITED_RAW_PRICE_BASIS,False,False
2025-07-16|70820,2025-07-16,70820,10:00,13:10,130,PARTIAL,1,4,,,SCALE_INSUFFICIENT,,False,,,,CURRENT_BAR_UNAVAILABLE,OBSERVATION_INSUFFICIENT,8,0,0,False,0,0,False,INHERITED_RAW_PRICE_BASIS,False,False
2025-07-16|70820,2025-07-16,70820,10:00,13:15,135,PARTIAL,1,4,,,SCALE_INSUFFICIENT,,False,,,,CURRENT_BAR_UNAVAILABLE,OBSERVATION_INSUFFICIENT,8,0,0,False,0,0,False,INHERITED_RAW_PRICE_BASIS,False,False
2025-07-16|70820,2025-07-16,70820,10:00,13:20,140,PARTIAL,1,4,,,SCALE_INSUFFICIENT,,False,,,,SCALE_UNAVAILABLE,OBSERVATION_INSUFFICIENT,8,0,0,False,0,0,False,INHERITED_RAW_PRICE_BASIS,False,False
2025-07-16|70820,2025-07-16,70820,10:00,13:25,145,PARTIAL,1,4,,,SCALE_INSUFFICIENT,,False,,,,SCALE_UNAVAILABLE,OBSERVATION_INSUFFICIENT,8,0,0,False,0,0,False,INHERITED_RAW_PRICE_BASIS,False,False
2025-07-16|70820,2025-07-16,70820,10:00,13:30,150,PARTIAL,1,4,,,SCALE_INSUFFICIENT,,False,,,,CURRENT_BAR_UNAVAILABLE,OBSERVATION_INSUFFICIENT,9,0,0,False,0,0,False,INHERITED_RAW_PRICE_BASIS,False,False
2025-07-16|70820,2025-07-16,70820,10:00,13:35,155,PARTIAL,1,4,,,SCALE_INSUFFICIENT,,False,,,,CURRENT_BAR_UNAVAILABLE,OBSERVATION_INSUFFICIENT,8,0,0,False,0,0,False,INHERITED_RAW_PRICE_BASIS,False,False
2025-07-16|70820,2025-07-16,70820,10:00,13:40,160,UNAVAILABLE,0,5,,,SCALE_INSUFFICIENT,,False,,,,CURRENT_BAR_UNAVAILABLE,OBSERVATION_INSUFFICIENT,7,0,0,False,0,0,False,INHERITED_RAW_PRICE_BASIS,False,False
2025-07-16|70820,2025-07-16,70820,10:00,13:45,165,PARTIAL,2,3,,,SCALE_INSUFFICIENT,,False,,,,CURRENT_BAR_UNAVAILABLE,OBSERVATION_INSUFFICIENT,9,0,0,False,2,2,False,INHERITED_RAW_PRICE_BASIS,False,False
2025-07-16|70820,2025-07-16,70820,10:00,13:50,170,PARTIAL,1,4,,,SCALE_INSUFFICIENT,,False,,,,CURRENT_BAR_UNAVAILABLE,OBSERVATION_INSUFFICIENT,10,0,0,False,0,0,False,INHERITED_RAW_PRICE_BASIS,False,False
2025-07-16|70820,2025-07-16,70820,10:00,13:55,175,UNAVAILABLE,0,5,,,SCALE_INSUFFICIENT,,False,,,,CURRENT_BAR_UNAVAILABLE,OBSERVATION_INSUFFICIENT,7,0,0,False,0,0,False,INHERITED_RAW_PRICE_BASIS,False,False
2025-07-16|70820,2025-07-16,70820,10:00,14:00,180,UNAVAILABLE,0,5,,,SCALE_INSUFFICIENT,,False,,,,CURRENT_BAR_UNAVAILABLE,OBSERVATION_INSUFFICIENT,6,0,0,False,0,0,False,INHERITED_RAW_PRICE_BASIS,False,False
2025-07-16|70820,2025-07-16,70820,10:00,14:05,185,PARTIAL,3,2,,,SCALE_INSUFFICIENT,,False,,,,SCALE_UNAVAILABLE,OBSERVATION_INSUFFICIENT,7,0,0,False,0,0,False,INHERITED_RAW_PRICE_BASIS,False,False
2025-07-16|70820,2025-07-16,70820,10:00,14:10,190,PARTIAL,1,4,,,SCALE_INSUFFICIENT,,False,,,,CURRENT_BAR_UNAVAILABLE,OBSERVATION_INSUFFICIENT,7,0,0,False,0,0,False,INHERITED_RAW_PRICE_BASIS,False,False
2025-07-16|70820,2025-07-16,70820,10:00,14:15,195,PARTIAL,2,3,,,SCALE_INSUFFICIENT,,False,,,,SCALE_UNAVAILABLE,OBSERVATION_INSUFFICIENT,8,0,0,False,0,0,False,INHERITED_RAW_PRICE_BASIS,False,False
2025-07-16|70820,2025-07-16,70820,10:00,14:20,200,PARTIAL,1,4,,,SCALE_INSUFFICIENT,,False,,,,CURRENT_BAR_UNAVAILABLE,OBSERVATION_INSUFFICIENT,8,0,0,False,0,0,False,INHERITED_RAW_PRICE_BASIS,False,False
2025-07-16|70820,2025-07-16,70820,10:00,14:25,205,PARTIAL,1,4,,,SCALE_INSUFFICIENT,,False,,,,CURRENT_BAR_UNAVAILABLE,OBSERVATION_INSUFFICIENT,9,0,0,False,0,0,False,INHERITED_RAW_PRICE_BASIS,False,False
2025-07-16|70820,2025-07-16,70820,10:00,14:30,210,PARTIAL,1,4,,,SCALE_INSUFFICIENT,,False,,,,CURRENT_BAR_UNAVAILABLE,OBSERVATION_INSUFFICIENT,10,0,0,False,0,0,False,INHERITED_RAW_PRICE_BASIS,False,False
2025-07-16|70820,2025-07-16,70820,10:00,14:35,215,UNAVAILABLE,0,5,,,SCALE_INSUFFICIENT,,False,,,,CURRENT_BAR_UNAVAILABLE,OBSERVATION_INSUFFICIENT,10,0,0,False,0,0,False,INHERITED_RAW_PRICE_BASIS,False,False
2025-07-16|70820,2025-07-16,70820,10:00,14:40,220,UNAVAILABLE,0,5,,,SCALE_INSUFFICIENT,,False,,,,CURRENT_BAR_UNAVAILABLE,OBSERVATION_INSUFFICIENT,7,0,0,False,0,0,False,INHERITED_RAW_PRICE_BASIS,False,False
2025-07-16|70820,2025-07-16,70820,10:00,14:45,225,UNAVAILABLE,0,5,,,SCALE_INSUFFICIENT,,False,,,,CURRENT_BAR_UNAVAILABLE,OBSERVATION_INSUFFICIENT,5,0,0,False,0,0,False,INHERITED_RAW_PRICE_BASIS,False,False
2025-07-16|70820,2025-07-16,70820,10:00,14:50,230,PARTIAL,3,2,,,SCALE_INSUFFICIENT,,False,,,,CURRENT_BAR_UNAVAILABLE,OBSERVATION_INSUFFICIENT,6,0,0,False,0,0,False,INHERITED_RAW_PRICE_BASIS,False,False
2025-07-16|70820,2025-07-16,70820,10:00,14:55,235,PARTIAL,2,3,,,SCALE_INSUFFICIENT,,False,,,,SCALE_UNAVAILABLE,OBSERVATION_INSUFFICIENT,7,0,0,False,0,0,False,INHERITED_RAW_PRICE_BASIS,False,False
2025-07-16|70820,2025-07-16,70820,10:00,15:00,240,PARTIAL,2,3,,,SCALE_INSUFFICIENT,,False,,,,CURRENT_BAR_UNAVAILABLE,OBSERVATION_INSUFFICIENT,7,0,0,False,0,0,False,INHERITED_RAW_PRICE_BASIS,False,False
2025-07-16|70820,2025-07-16,70820,10:00,15:05,245,PARTIAL,1,4,,,SCALE_INSUFFICIENT,,False,,,,CURRENT_BAR_UNAVAILABLE,OBSERVATION_INSUFFICIENT,7,0,0,False,0,0,False,INHERITED_RAW_PRICE_BASIS,False,False
2025-07-16|70820,2025-07-16,70820,10:00,15:10,250,PARTIAL,2,3,,,SCALE_INSUFFICIENT,,False,,,,CURRENT_BAR_UNAVAILABLE,OBSERVATION_INSUFFICIENT,7,0,0,False,0,0,False,INHERITED_RAW_PRICE_BASIS,False,False
2025-07-16|70820,2025-07-16,70820,10:00,15:15,255,PARTIAL,1,4,,,SCALE_INSUFFICIENT,,False,,,,CURRENT_BAR_UNAVAILABLE,OBSERVATION_INSUFFICIENT,4,0,0,False,0,0,False,INHERITED_RAW_PRICE_BASIS,False,False
2025-07-16|70820,2025-07-16,70820,10:00,15:20,260,PARTIAL,2,3,,,SCALE_INSUFFICIENT,,False,,,,SCALE_UNAVAILABLE,RIGHT_CENSORED,1,0,0,False,0,0,False,INHERITED_RAW_PRICE_BASIS,False,False
2025-07-16|70820,2025-07-16,70820,10:00,15:25,265,PARTIAL,4,1,,,SCALE_INSUFFICIENT,,False,,,,SCALE_UNAVAILABLE,RIGHT_CENSORED,0,0,0,False,0,0,False,INHERITED_RAW_PRICE_BASIS,False,False
2025-07-16|70890,2025-07-16,70890,13:30,13:30,0,PARTIAL,1,4,,,SCALE_INSUFFICIENT,,False,,,,CURRENT_BAR_UNAVAILABLE,OBSERVATION_INSUFFICIENT,9,0,0,False,0,0,False,INHERITED_RAW_PRICE_BASIS,False,False
2025-07-16|70890,2025-07-16,70890,13:30,13:35,5,UNAVAILABLE,0,5,,,SCALE_INSUFFICIENT,,False,,,,CURRENT_BAR_UNAVAILABLE,OBSERVATION_INSUFFICIENT,8,0,0,False,0,0,False,INHERITED_RAW_PRICE_BASIS,False,False
2025-07-16|70890,2025-07-16,70890,13:30,13:40,10,PARTIAL,1,4,,,SCALE_INSUFFICIENT,,False,,,,CURRENT_BAR_UNAVAILABLE,OBSERVATION_INSUFFICIENT,9,0,0,False,0,0,False,INHERITED_RAW_PRICE_BASIS,False,False
2025-07-16|70890,2025-07-16,70890,13:30,13:45,15,PARTIAL,1,4,,,SCALE_INSUFFICIENT,,False,,,,SCALE_UNAVAILABLE,OBSERVATION_INSUFFICIENT,10,0,0,False,0,0,False,INHERITED_RAW_PRICE_BASIS,False,False
2025-07-16|70890,2025-07-16,70890,13:30,13:50,20,UNAVAILABLE,0,5,,,SCALE_INSUFFICIENT,,False,,,,CURRENT_BAR_UNAVAILABLE,OBSERVATION_INSUFFICIENT,10,0,0,False,0,0,False,INHERITED_RAW_PRICE_BASIS,False,False
2025-07-16|70890,2025-07-16,70890,13:30,13:55,25,UNAVAILABLE,0,5,,,SCALE_INSUFFICIENT,,False,,,,CURRENT_BAR_UNAVAILABLE,OBSERVATION_INSUFFICIENT,9,0,0,False,0,0,False,INHERITED_RAW_PRICE_BASIS,False,False
2025-07-16|70890,2025-07-16,70890,13:30,14:00,30,UNAVAILABLE,0,5,,,SCALE_INSUFFICIENT,,False,,,,CURRENT_BAR_UNAVAILABLE,OBSERVATION_INSUFFICIENT,9,0,0,False,0,0,False,INHERITED_RAW_PRICE_BASIS,False,False
2025-07-16|70890,2025-07-16,70890,13:30,14:05,35,PARTIAL,1,4,,,SCALE_INSUFFICIENT,,False,,,,CURRENT_BAR_UNAVAILABLE,OBSERVATION_INSUFFICIENT,9,0,0,False,0,0,False,INHERITED_RAW_PRICE_BASIS,False,False
2025-07-16|70890,2025-07-16,70890,13:30,14:10,40,UNAVAILABLE,0,5,,,SCALE_INSUFFICIENT,,False,,,,CURRENT_BAR_UNAVAILABLE,OBSERVATION_INSUFFICIENT,9,0,0,False,0,0,False,INHERITED_RAW_PRICE_BASIS,False,False
2025-07-16|70890,2025-07-16,70890,13:30,14:15,45,PARTIAL,1,4,,,SCALE_INSUFFICIENT,,False,,,,CURRENT_BAR_UNAVAILABLE,OBSERVATION_INSUFFICIENT,9,0,0,False,0,0,False,INHERITED_RAW_PRICE_BASIS,False,False
2025-07-16|70890,2025-07-16,70890,13:30,14:20,50,UNAVAILABLE,0,5,,,SCALE_INSUFFICIENT,,False,,,,CURRENT_BAR_UNAVAILABLE,OBSERVATION_INSUFFICIENT,9,0,0,False,0,0,False,INHERITED_RAW_PRICE_BASIS,False,False
2025-07-16|70890,2025-07-16,70890,13:30,14:25,55,PARTIAL,1,4,,,SCALE_INSUFFICIENT,,False,,,,CURRENT_BAR_UNAVAILABLE,OBSERVATION_INSUFFICIENT,9,0,0,False,0,0,False,INHERITED_RAW_PRICE_BASIS,False,False
2025-07-16|70890,2025-07-16,70890,13:30,14:30,60,UNAVAILABLE,0,5,,,SCALE_INSUFFICIENT,,False,,,,CURRENT_BAR_UNAVAILABLE,OBSERVATION_INSUFFICIENT,9,0,0,False,0,0,False,INHERITED_RAW_PRICE_BASIS,False,False
2025-07-16|70890,2025-07-16,70890,13:30,14:35,65,PARTIAL,1,4,,,SCALE_INSUFFICIENT,,False,,,,CURRENT_BAR_UNAVAILABLE,OBSERVATION_INSUFFICIENT,10,0,0,False,0,0,False,INHERITED_RAW_PRICE_BASIS,False,False
2025-07-16|70890,2025-07-16,70890,13:30,14:40,70,UNAVAILABLE,0,5,,,SCALE_INSUFFICIENT,,False,,,,CURRENT_BAR_UNAVAILABLE,OBSERVATION_INSUFFICIENT,10,0,0,False,0,0,False,INHERITED_RAW_PRICE_BASIS,False,False
2025-07-16|70890,2025-07-16,70890,13:30,14:45,75,UNAVAILABLE,0,5,,,SCALE_INSUFFICIENT,,False,,,,CURRENT_BAR_UNAVAILABLE,OBSERVATION_INSUFFICIENT,10,0,0,False,0,0,False,INHERITED_RAW_PRICE_BASIS,False,False
2025-07-16|70890,2025-07-16,70890,13:30,14:50,80,UNAVAILABLE,0,5,,,SCALE_INSUFFICIENT,,False,,,,CURRENT_BAR_UNAVAILABLE,OBSERVATION_INSUFFICIENT,9,0,0,False,0,0,False,INHERITED_RAW_PRICE_BASIS,False,False
2025-07-16|70890,2025-07-16,70890,13:30,14:55,85,UNAVAILABLE,0,5,,,SCALE_INSUFFICIENT,,False,,,,CURRENT_BAR_UNAVAILABLE,OBSERVATION_INSUFFICIENT,9,0,0,False,0,0,False,INHERITED_RAW_PRICE_BASIS,False,False
2025-07-16|70890,2025-07-16,70890,13:30,15:00,90,PARTIAL,1,4,,,SCALE_INSUFFICIENT,,False,,,,CURRENT_BAR_UNAVAILABLE,OBSERVATION_INSUFFICIENT,10,0,0,False,0,0,False,INHERITED_RAW_PRICE_BASIS,False,False
2025-07-16|70890,2025-07-16,70890,13:30,15:05,95,UNAVAILABLE,0,5,,,SCALE_INSUFFICIENT,,False,,,,CURRENT_BAR_UNAVAILABLE,OBSERVATION_INSUFFICIENT,10,0,0,False,0,0,False,INHERITED_RAW_PRICE_BASIS,False,False
2025-07-16|70890,2025-07-16,70890,13:30,15:10,100,UNAVAILABLE,0,5,,,SCALE_INSUFFICIENT,,False,,,,CURRENT_BAR_UNAVAILABLE,OBSERVATION_INSUFFICIENT,10,0,0,False,0,0,False,INHERITED_RAW_PRICE_BASIS,False,False
2025-07-16|70890,2025-07-16,70890,13:30,15:15,105,UNAVAILABLE,0,5,,,SCALE_INSUFFICIENT,,False,,,,CURRENT_BAR_UNAVAILABLE,OBSERVATION_INSUFFICIENT,10,0,0,False,0,0,False,INHERITED_RAW_PRICE_BASIS,False,False
2025-07-16|70890,2025-07-16,70890,13:30,15:20,110,UNAVAILABLE,0,5,,,SCALE_INSUFFICIENT,,False,,,,CURRENT_BAR_UNAVAILABLE,RIGHT_CENSORED,5,0,0,False,0,0,False,INHERITED_RAW_PRICE_BASIS,False,False
2025-07-16|70890,2025-07-16,70890,13:30,15:25,115,UNAVAILABLE,0,5,,,SCALE_INSUFFICIENT,,False,,,,CURRENT_BAR_UNAVAILABLE,RIGHT_CENSORED,0,0,0,False,0,0,False,INHERITED_RAW_PRICE_BASIS,False,False
2025-07-16|70910,2025-07-16,70910,13:30,13:30,0,COMPLETE,5,0,DOWN,-0.87527352297593,SCALE_INSUFFICIENT,,False,,,,SCALE_UNAVAILABLE,OBSERVATION_INSUFFICIENT,1,0,0,False,0,0,False,INHERITED_RAW_PRICE_BASIS,False,False
2025-07-16|70910,2025-07-16,70910,13:30,13:35,5,PARTIAL,4,1,,,SCALE_INSUFFICIENT,,False,,,,CURRENT_BAR_UNAVAILABLE,WINDOW_OBSERVED,0,0,0,False,0,0,False,INHERITED_RAW_PRICE_BASIS,False,False
2025-07-16|70910,2025-07-16,70910,13:30,13:40,10,COMPLETE,5,0,UP,0.5537098560354374,SCALE_INSUFFICIENT,,False,,,,SCALE_UNAVAILABLE,WINDOW_OBSERVED,0,0,0,False,0,0,False,INHERITED_RAW_PRICE_BASIS,False,False
2025-07-16|70910,2025-07-16,70910,13:30,13:45,15,COMPLETE,5,0,UP,0.5494505494505495,SCALE_INSUFFICIENT,,False,,,RANGE_EXPANSION|VOLUME_EXPANSION|TRADING_VALUE_EXPANSION,SCALE_UNAVAILABLE,WINDOW_OBSERVED,0,0,0,False,0,0,False,INHERITED_RAW_PRICE_BASIS,True,False
2025-07-16|70910,2025-07-16,70910,13:30,13:50,20,COMPLETE,5,0,UP,0.4371584699453552,SCALE_INSUFFICIENT,,False,,,RANGE_COMPRESSION|VOLUME_COMPRESSION|TRADING_VALUE_COMPRESSION,SCALE_UNAVAILABLE,OBSERVATION_INSUFFICIENT,3,0,0,False,0,0,False,INHERITED_RAW_PRICE_BASIS,True,False
2025-07-16|70910,2025-07-16,70910,13:30,13:55,25,COMPLETE,5,0,DOWN,-0.7608695652173914,SCALE_INSUFFICIENT,,False,,,,SCALE_UNAVAILABLE,OBSERVATION_INSUFFICIENT,6,0,0,False,0,0,False,INHERITED_RAW_PRICE_BASIS,True,False
2025-07-16|70910,2025-07-16,70910,13:30,14:00,30,PARTIAL,2,3,,,SCALE_INSUFFICIENT,,False,,,,SCALE_UNAVAILABLE,OBSERVATION_INSUFFICIENT,7,0,0,False,0,0,False,INHERITED_RAW_PRICE_BASIS,False,False
2025-07-16|70910,2025-07-16,70910,13:30,14:05,35,PARTIAL,2,3,,,SCALE_INSUFFICIENT,,False,,,,SCALE_UNAVAILABLE,OBSERVATION_INSUFFICIENT,6,0,0,False,0,0,False,INHERITED_RAW_PRICE_BASIS,False,False
2025-07-16|70910,2025-07-16,70910,13:30,14:10,40,PARTIAL,1,4,,,SCALE_INSUFFICIENT,,False,,,,SCALE_UNAVAILABLE,OBSERVATION_INSUFFICIENT,3,0,0,False,0,0,False,INHERITED_RAW_PRICE_BASIS,False,False
2025-07-16|70910,2025-07-16,70910,13:30,14:15,45,PARTIAL,3,2,,,SCALE_INSUFFICIENT,,False,,,,CURRENT_BAR_UNAVAILABLE,OBSERVATION_INSUFFICIENT,2,0,0,False,0,0,False,INHERITED_RAW_PRICE_BASIS,False,False
2025-07-16|70910,2025-07-16,70910,13:30,14:20,50,PARTIAL,4,1,,,SCALE_INSUFFICIENT,,False,,,,CURRENT_BAR_UNAVAILABLE,OBSERVATION_INSUFFICIENT,3,0,0,False,0,0,False,INHERITED_RAW_PRICE_BASIS,False,False
2025-07-16|70910,2025-07-16,70910,13:30,14:25,55,PARTIAL,4,1,,,SCALE_INSUFFICIENT,,False,,,,SCALE_UNAVAILABLE,OBSERVATION_INSUFFICIENT,5,0,0,False,0,0,False,INHERITED_RAW_PRICE_BASIS,False,False
2025-07-16|70910,2025-07-16,70910,13:30,14:30,60,PARTIAL,3,2,,,SCALE_INSUFFICIENT,,False,,,,CURRENT_BAR_UNAVAILABLE,OBSERVATION_INSUFFICIENT,6,0,0,False,0,0,False,INHERITED_RAW_PRICE_BASIS,False,False
2025-07-16|70910,2025-07-16,70910,13:30,14:35,65,PARTIAL,2,3,,,SCALE_INSUFFICIENT,,False,,,,CURRENT_BAR_UNAVAILABLE,OBSERVATION_INSUFFICIENT,8,0,0,False,0,0,False,INHERITED_RAW_PRICE_BASIS,False,False
2025-07-16|70910,2025-07-16,70910,13:30,14:40,70,PARTIAL,2,3,,,SCALE_INSUFFICIENT,,False,,,,CURRENT_BAR_UNAVAILABLE,OBSERVATION_INSUFFICIENT,7,0,0,False,0,0,False,INHERITED_RAW_PRICE_BASIS,False,False
2025-07-16|70910,2025-07-16,70910,13:30,14:45,75,UNAVAILABLE,0,5,,,SCALE_INSUFFICIENT,,False,,,,CURRENT_BAR_UNAVAILABLE,OBSERVATION_INSUFFICIENT,5,0,0,False,0,0,False,INHERITED_RAW_PRICE_BASIS,False,False
2025-07-16|70910,2025-07-16,70910,13:30,14:50,80,PARTIAL,3,2,,,SCALE_INSUFFICIENT,,False,,,,CURRENT_BAR_UNAVAILABLE,OBSERVATION_INSUFFICIENT,7,0,0,False,0,0,False,INHERITED_RAW_PRICE_BASIS,False,False
2025-07-16|70910,2025-07-16,70910,13:30,14:55,85,PARTIAL,2,3,,,SCALE_INSUFFICIENT,,False,,,,SCALE_UNAVAILABLE,OBSERVATION_INSUFFICIENT,5,0,0,False,0,0,False,INHERITED_RAW_PRICE_BASIS,False,False
2025-07-16|70910,2025-07-16,70910,13:30,15:00,90,PARTIAL,1,4,,,SCALE_INSUFFICIENT,,False,,,,CURRENT_BAR_UNAVAILABLE,OBSERVATION_INSUFFICIENT,2,0,0,False,0,0,False,INHERITED_RAW_PRICE_BASIS,False,False
2025-07-16|70910,2025-07-16,70910,13:30,15:05,95,PARTIAL,4,1,,,SCALE_INSUFFICIENT,,False,,,,CURRENT_BAR_UNAVAILABLE,OBSERVATION_INSUFFICIENT,4,0,0,False,0,0,False,INHERITED_RAW_PRICE_BASIS,False,False
2025-07-16|70910,2025-07-16,70910,13:30,15:10,100,PARTIAL,4,1,,,SCALE_INSUFFICIENT,,False,,,,SCALE_UNAVAILABLE,OBSERVATION_INSUFFICIENT,6,0,0,False,0,0,False,INHERITED_RAW_PRICE_BASIS,False,False
2025-07-16|70910,2025-07-16,70910,13:30,15:15,105,PARTIAL,2,3,,,SCALE_INSUFFICIENT,,False,,,,SCALE_UNAVAILABLE,OBSERVATION_INSUFFICIENT,3,0,0,False,0,0,False,INHERITED_RAW_PRICE_BASIS,False,False
2025-07-16|70910,2025-07-16,70910,13:30,15:20,110,PARTIAL,2,3,,,SCALE_INSUFFICIENT,,False,,,,CURRENT_BAR_UNAVAILABLE,RIGHT_CENSORED,0,0,0,False,0,0,False,INHERITED_RAW_PRICE_BASIS,False,False
2025-07-16|70910,2025-07-16,70910,13:30,15:25,115,COMPLETE,5,0,UP,0.755939524838013,SCALE_INSUFFICIENT,,False,,,,SCALE_UNAVAILABLE,RIGHT_CENSORED,0,0,0,False,0,0,False,INHERITED_RAW_PRICE_BASIS,False,False
2025-07-16|70960,2025-07-16,70960,10:00,10:00,0,COMPLETE,5,0,DOWN,-0.985663082437276,SCALE_INSUFFICIENT,,False,,,VOLUME_EXPANSION|TRADING_VALUE_EXPANSION,SCALE_UNAVAILABLE,WINDOW_OBSERVED,0,0,0,False,4,4,False,INHERITED_RAW_PRICE_BASIS,False,False
2025-07-16|70960,2025-07-16,70960,10:00,10:05,5,COMPLETE,5,0,UP,1.9021739130434783,SCALE_INSUFFICIENT,,False,,,RANGE_EXPANSION|VOLUME_COMPRESSION|TRADING_VALUE_COMPRESSION,SCALE_UNAVAILABLE,WINDOW_OBSERVED,0,0,0,False,3,3,False,INHERITED_RAW_PRICE_BASIS,True,False
2025-07-16|70960,2025-07-16,70960,10:00,10:10,10,COMPLETE,5,0,UP,0.26666666666666666,SCALE_INSUFFICIENT,,False,,,RANGE_COMPRESSION|VOLUME_COMPRESSION|TRADING_VALUE_COMPRESSION,SCALE_UNAVAILABLE,WINDOW_OBSERVED,0,0,0,False,0,0,False,INHERITED_RAW_PRICE_BASIS,True,False
2025-07-16|70960,2025-07-16,70960,10:00,10:15,15,COMPLETE,5,0,DOWN,-1.0666666666666667,SCALE_INSUFFICIENT,,False,,,,SCALE_UNAVAILABLE,WINDOW_OBSERVED,0,0,0,False,0,0,False,INHERITED_RAW_PRICE_BASIS,True,False
2025-07-16|70960,2025-07-16,70960,10:00,10:20,20,COMPLETE,5,0,DOWN,-0.8093525179856115,SCALE_INSUFFICIENT,,False,,,RANGE_EXPANSION|VOLUME_EXPANSION|TRADING_VALUE_EXPANSION,SCALE_UNAVAILABLE,WINDOW_OBSERVED,0,0,0,False,4,3,False,INHERITED_RAW_PRICE_BASIS,True,False
2025-07-16|70960,2025-07-16,70960,10:00,10:25,25,COMPLETE,5,0,DOWN,-0.18198362147406733,SCALE_INSUFFICIENT,,False,,,,SCALE_UNAVAILABLE,WINDOW_OBSERVED,0,0,0,False,4,2,False,INHERITED_RAW_PRICE_BASIS,True,False
2025-07-16|70960,2025-07-16,70960,10:00,10:30,30,COMPLETE,5,0,UP,0.36596523330283626,SCALE_INSUFFICIENT,,False,,,RANGE_COMPRESSION|VOLUME_COMPRESSION|TRADING_VALUE_COMPRESSION,SCALE_UNAVAILABLE,WINDOW_OBSERVED,0,0,0,False,0,0,False,INHERITED_RAW_PRICE_BASIS,True,False
2025-07-16|70960,2025-07-16,70960,10:00,10:35,35,COMPLETE,5,0,DOWN,-1.1828935395814377,SCALE_INSUFFICIENT,,False,,,,SCALE_UNAVAILABLE,WINDOW_OBSERVED,0,0,0,False,0,0,False,INHERITED_RAW_PRICE_BASIS,True,False
2025-07-16|70960,2025-07-16,70960,10:00,10:40,40,COMPLETE,5,0,DOWN,-0.7366482504604052,SCALE_INSUFFICIENT,,False,,,,SCALE_UNAVAILABLE,WINDOW_OBSERVED,0,0,0,False,1,1,False,INHERITED_RAW_PRICE_BASIS,True,False
2025-07-16|70960,2025-07-16,70960,10:00,10:45,45,COMPLETE,5,0,DOWN,-0.2785515320334262,SCALE_INSUFFICIENT,,False,,,RANGE_COMPRESSION,SCALE_UNAVAILABLE,WINDOW_OBSERVED,0,0,0,False,2,1,False,INHERITED_RAW_PRICE_BASIS,True,False
2025-07-16|70960,2025-07-16,70960,10:00,10:50,50,COMPLETE,5,0,UP,0.6517690875232774,SCALE_INSUFFICIENT,,False,,,,SCALE_UNAVAILABLE,OBSERVATION_INSUFFICIENT,1,0,0,False,3,2,False,INHERITED_RAW_PRICE_BASIS,True,False
2025-07-16|70960,2025-07-16,70960,10:00,10:55,55,COMPLETE,5,0,DOWN,-0.18535681186283595,SCALE_INSUFFICIENT,,False,,,RANGE_COMPRESSION|VOLUME_COMPRESSION|TRADING_VALUE_COMPRESSION,SCALE_UNAVAILABLE,OBSERVATION_INSUFFICIENT,1,0,0,False,0,0,False,INHERITED_RAW_PRICE_BASIS,True,False
2025-07-16|70960,2025-07-16,70960,10:00,11:00,60,PARTIAL,4,1,,,SCALE_INSUFFICIENT,,False,,,,SCALE_UNAVAILABLE,WINDOW_OBSERVED,0,0,0,False,0,0,False,INHERITED_RAW_PRICE_BASIS,False,False
2025-07-16|70960,2025-07-16,70960,10:00,11:05,65,COMPLETE,5,0,DOWN,-0.4616805170821791,SCALE_INSUFFICIENT,,False,,,,SCALE_UNAVAILABLE,WINDOW_OBSERVED,0,0,0,False,0,0,False,INHERITED_RAW_PRICE_BASIS,False,False
2025-07-16|70960,2025-07-16,70960,10:00,11:10,70,COMPLETE,5,0,UP,0.2782931354359926,SCALE_INSUFFICIENT,,False,,,RANGE_EXPANSION|VOLUME_EXPANSION|TRADING_VALUE_EXPANSION,SCALE_UNAVAILABLE,WINDOW_OBSERVED,0,0,0,False,0,0,False,INHERITED_RAW_PRICE_BASIS,True,False
2025-07-16|70960,2025-07-16,70960,10:00,11:15,75,COMPLETE,5,0,UP,0.9267840593141798,SCALE_INSUFFICIENT,,False,,,VOLUME_COMPRESSION|TRADING_VALUE_COMPRESSION,SCALE_UNAVAILABLE,OBSERVATION_INSUFFICIENT,1,0,0,False,0,0,False,INHERITED_RAW_PRICE_BASIS,True,False
2025-07-16|70960,2025-07-16,70960,10:00,11:20,80,COMPLETE,5,0,DOWN,-0.45871559633027525,SCALE_INSUFFICIENT,,False,,,VOLUME_EXPANSION|TRADING_VALUE_EXPANSION,SCALE_UNAVAILABLE,OBSERVATION_INSUFFICIENT,1,0,0,False,0,0,False,INHERITED_RAW_PRICE_BASIS,True,False
2025-07-16|70960,2025-07-16,70960,10:00,11:25,85,PARTIAL,4,1,,,SCALE_INSUFFICIENT,,False,,,,CURRENT_BAR_UNAVAILABLE,WINDOW_OBSERVED,0,0,0,False,0,0,False,INHERITED_RAW_PRICE_BASIS,False,False
2025-07-16|70960,2025-07-16,70960,10:00,11:30,90,COMPLETE,5,0,UP,0.18535681186283595,SCALE_INSUFFICIENT,,False,,,,SCALE_UNAVAILABLE,WINDOW_OBSERVED,0,0,0,False,0,0,False,INHERITED_RAW_PRICE_BASIS,False,False
2025-07-16|70960,2025-07-16,70960,10:00,12:35,95,COMPLETE,5,0,DOWN,-0.6511627906976745,SCALE_INSUFFICIENT,,False,,,,SCALE_UNAVAILABLE,WINDOW_OBSERVED,0,0,0,False,0,0,False,INHERITED_RAW_PRICE_BASIS,True,False
2025-07-16|70960,2025-07-16,70960,10:00,12:40,100,COMPLETE,5,0,DOWN,-2.05799812909261,SCALE_INSUFFICIENT,,False,,,RANGE_EXPANSION|VOLUME_EXPANSION|TRADING_VALUE_EXPANSION,SCALE_UNAVAILABLE,WINDOW_OBSERVED,0,0,0,False,1,1,False,INHERITED_RAW_PRICE_BASIS,True,False
2025-07-16|70960,2025-07-16,70960,10:00,12:45,105,COMPLETE,5,0,UNCHANGED,0.0,SCALE_INSUFFICIENT,,False,,,RANGE_COMPRESSION|VOLUME_COMPRESSION|TRADING_VALUE_COMPRESSION,SCALE_UNAVAILABLE,WINDOW_OBSERVED,0,0,0,False,0,0,False,INHERITED_RAW_PRICE_BASIS,True,False
2025-07-16|70960,2025-07-16,70960,10:00,12:50,110,COMPLETE,5,0,UP,0.09569377990430622,SCALE_INSUFFICIENT,,False,,,VOLUME_COMPRESSION|TRADING_VALUE_COMPRESSION,SCALE_UNAVAILABLE,WINDOW_OBSERVED,0,0,0,False,0,0,False,INHERITED_RAW_PRICE_BASIS,True,False
2025-07-16|70960,2025-07-16,70960,10:00,12:55,115,COMPLETE,5,0,UP,0.5730659025787965,SCALE_INSUFFICIENT,,False,,,RANGE_EXPANSION|VOLUME_EXPANSION|TRADING_VALUE_EXPANSION,SCALE_UNAVAILABLE,WINDOW_OBSERVED,0,0,0,False,2,2,False,INHERITED_RAW_PRICE_BASIS,True,False
2025-07-16|70960,2025-07-16,70960,10:00,13:00,120,COMPLETE,5,0,DOWN,-0.5719733079122974,SCALE_INSUFFICIENT,,False,,,RANGE_COMPRESSION|VOLUME_COMPRESSION|TRADING_VALUE_COMPRESSION,SCALE_UNAVAILABLE,OBSERVATION_INSUFFICIENT,1,0,0,False,0,0,False,INHERITED_RAW_PRICE_BASIS,True,False
2025-07-16|70960,2025-07-16,70960,10:00,13:05,125,COMPLETE,5,0,UP,0.5758157389635317,SCALE_INSUFFICIENT,,False,,,VOLUME_COMPRESSION|TRADING_VALUE_COMPRESSION,SCALE_UNAVAILABLE,OBSERVATION_INSUFFICIENT,1,0,0,False,0,0,False,INHERITED_RAW_PRICE_BASIS,True,False
2025-07-16|70960,2025-07-16,70960,10:00,13:10,130,PARTIAL,4,1,,,SCALE_INSUFFICIENT,,False,,,,SCALE_UNAVAILABLE,OBSERVATION_INSUFFICIENT,1,0,0,False,0,0,False,INHERITED_RAW_PRICE_BASIS,False,False
2025-07-16|70960,2025-07-16,70960,10:00,13:15,135,COMPLETE,5,0,UNCHANGED,0.0,SCALE_INSUFFICIENT,,False,,,,SCALE_UNAVAILABLE,OBSERVATION_INSUFFICIENT,2,0,0,False,0,0,False,INHERITED_RAW_PRICE_BASIS,False,False
2025-07-16|70960,2025-07-16,70960,10:00,13:20,140,PARTIAL,4,1,,,SCALE_INSUFFICIENT,,False,,,,CURRENT_BAR_UNAVAILABLE,OBSERVATION_INSUFFICIENT,2,0,0,False,0,0,False,INHERITED_RAW_PRICE_BASIS,False,False
2025-07-16|70960,2025-07-16,70960,10:00,13:25,145,PARTIAL,4,1,,,SCALE_INSUFFICIENT,,False,,,,SCALE_UNAVAILABLE,OBSERVATION_INSUFFICIENT,2,0,0,False,0,0,False,INHERITED_RAW_PRICE_BASIS,False,False
2025-07-16|70960,2025-07-16,70960,10:00,13:30,150,PARTIAL,4,1,,,SCALE_INSUFFICIENT,,False,,,,SCALE_UNAVAILABLE,OBSERVATION_INSUFFICIENT,1,0,0,False,0,0,False,INHERITED_RAW_PRICE_BASIS,False,False
2025-07-16|70960,2025-07-16,70960,10:00,13:35,155,PARTIAL,4,1,,,SCALE_INSUFFICIENT,,False,,,,SCALE_UNAVAILABLE,OBSERVATION_INSUFFICIENT,2,0,0,False,0,0,False,INHERITED_RAW_PRICE_BASIS,False,False
2025-07-16|70960,2025-07-16,70960,10:00,13:40,160,COMPLETE,5,0,DOWN,-0.5736137667304015,SCALE_INSUFFICIENT,,False,,,,SCALE_UNAVAILABLE,OBSERVATION_INSUFFICIENT,2,0,0,False,0,0,False,INHERITED_RAW_PRICE_BASIS,False,False
2025-07-16|70960,2025-07-16,70960,10:00,13:45,165,PARTIAL,3,2,,,SCALE_INSUFFICIENT,,False,,,,CURRENT_BAR_UNAVAILABLE,WINDOW_OBSERVED,0,0,0,False,2,0,False,INHERITED_RAW_PRICE_BASIS,False,False
2025-07-16|70960,2025-07-16,70960,10:00,13:50,170,COMPLETE,5,0,DOWN,-0.19193857965451055,SCALE_INSUFFICIENT,,False,,,,SCALE_UNAVAILABLE,WINDOW_OBSERVED,0,0,0,False,0,0,False,INHERITED_RAW_PRICE_BASIS,False,False
2025-07-16|70960,2025-07-16,70960,10:00,13:55,175,COMPLETE,5,0,UNCHANGED,0.0,SCALE_INSUFFICIENT,,False,,,RANGE_COMPRESSION|VOLUME_COMPRESSION|TRADING_VALUE_COMPRESSION,SCALE_UNAVAILABLE,WINDOW_OBSERVED,0,0,0,False,0,0,False,INHERITED_RAW_PRICE_BASIS,True,False
2025-07-16|70960,2025-07-16,70960,10:00,14:00,180,COMPLETE,5,0,UP,0.09615384615384616,SCALE_INSUFFICIENT,,False,,,RANGE_EXPANSION,SCALE_UNAVAILABLE,OBSERVATION_INSUFFICIENT,2,0,0,False,0,0,False,INHERITED_RAW_PRICE_BASIS,True,False
2025-07-16|70960,2025-07-16,70960,10:00,14:05,185,COMPLETE,5,0,DOWN,-0.28873917228103946,SCALE_INSUFFICIENT,,False,,,RANGE_COMPRESSION|VOLUME_EXPANSION|TRADING_VALUE_EXPANSION,SCALE_UNAVAILABLE,OBSERVATION_INSUFFICIENT,2,0,0,False,0,0,False,INHERITED_RAW_PRICE_BASIS,True,False
2025-07-16|70960,2025-07-16,70960,10:00,14:10,190,PARTIAL,3,2,,,SCALE_INSUFFICIENT,,False,,,,SCALE_UNAVAILABLE,WINDOW_OBSERVED,0,0,0,False,0,0,False,INHERITED_RAW_PRICE_BASIS,False,False
2025-07-16|70960,2025-07-16,70960,10:00,14:15,195,COMPLETE,5,0,UP,0.5769230769230769,SCALE_INSUFFICIENT,,False,,,,SCALE_UNAVAILABLE,WINDOW_OBSERVED,0,0,0,False,0,0,False,INHERITED_RAW_PRICE_BASIS,False,False
2025-07-16|70960,2025-07-16,70960,10:00,14:20,200,COMPLETE,5,0,UNCHANGED,0.0,SCALE_INSUFFICIENT,,False,,,,SCALE_UNAVAILABLE,WINDOW_OBSERVED,0,0,0,False,0,0,False,INHERITED_RAW_PRICE_BASIS,True,False
2025-07-16|70960,2025-07-16,70960,10:00,14:25,205,COMPLETE,5,0,DOWN,-0.3824091778202677,SCALE_INSUFFICIENT,,False,,,VOLUME_COMPRESSION|TRADING_VALUE_COMPRESSION,SCALE_UNAVAILABLE,WINDOW_OBSERVED,0,0,0,False,0,0,False,INHERITED_RAW_PRICE_BASIS,True,False
2025-07-16|70960,2025-07-16,70960,10:00,14:30,210,COMPLETE,5,0,DOWN,-0.09596928982725528,SCALE_INSUFFICIENT,,False,,,,SCALE_UNAVAILABLE,OBSERVATION_INSUFFICIENT,1,0,0,False,0,0,False,INHERITED_RAW_PRICE_BASIS,True,False
2025-07-16|70960,2025-07-16,70960,10:00,14:35,215,COMPLETE,5,0,UP,0.5758157389635317,SCALE_INSUFFICIENT,,False,,,RANGE_EXPANSION|VOLUME_EXPANSION|TRADING_VALUE_EXPANSION,SCALE_UNAVAILABLE,OBSERVATION_INSUFFICIENT,3,0,0,False,0,0,False,INHERITED_RAW_PRICE_BASIS,True,False
2025-07-16|70960,2025-07-16,70960,10:00,14:40,220,PARTIAL,4,1,,,SCALE_INSUFFICIENT,,False,,,,SCALE_UNAVAILABLE,OBSERVATION_INSUFFICIENT,2,0,0,False,0,0,False,INHERITED_RAW_PRICE_BASIS,False,False
2025-07-16|70960,2025-07-16,70960,10:00,14:45,225,PARTIAL,3,2,,,SCALE_INSUFFICIENT,,False,,,,SCALE_UNAVAILABLE,WINDOW_OBSERVED,0,0,0,False,0,0,False,INHERITED_RAW_PRICE_BASIS,False,False
2025-07-16|70960,2025-07-16,70960,10:00,14:50,230,COMPLETE,5,0,UP,0.38095238095238093,SCALE_INSUFFICIENT,,False,,,,SCALE_UNAVAILABLE,WINDOW_OBSERVED,0,0,0,False,0,0,False,INHERITED_RAW_PRICE_BASIS,False,False
2025-07-16|70960,2025-07-16,70960,10:00,14:55,235,COMPLETE,5,0,UP,0.19029495718363462,SCALE_INSUFFICIENT,,False,,,RANGE_COMPRESSION|VOLUME_COMPRESSION|TRADING_VALUE_COMPRESSION,SCALE_UNAVAILABLE,OBSERVATION_INSUFFICIENT,1,0,0,False,0,0,False,INHERITED_RAW_PRICE_BASIS,True,False
2025-07-16|70960,2025-07-16,70960,10:00,15:00,240,COMPLETE,5,0,DOWN,-0.28517110266159695,SCALE_INSUFFICIENT,,False,,,RANGE_COMPRESSION|VOLUME_EXPANSION|TRADING_VALUE_EXPANSION,SCALE_UNAVAILABLE,OBSERVATION_INSUFFICIENT,1,0,0,False,0,0,False,INHERITED_RAW_PRICE_BASIS,True,False
2025-07-16|70960,2025-07-16,70960,10:00,15:05,245,PARTIAL,4,1,,,SCALE_INSUFFICIENT,,False,,,,SCALE_UNAVAILABLE,OBSERVATION_INSUFFICIENT,1,0,0,False,0,0,False,INHERITED_RAW_PRICE_BASIS,False,False
2025-07-16|70960,2025-07-16,70960,10:00,15:10,250,COMPLETE,5,0,UP,0.0947867298578199,SCALE_INSUFFICIENT,,False,,,,SCALE_UNAVAILABLE,OBSERVATION_INSUFFICIENT,1,0,0,False,0,0,False,INHERITED_RAW_PRICE_BASIS,False,False
2025-07-16|70960,2025-07-16,70960,10:00,15:15,255,PARTIAL,4,1,,,SCALE_INSUFFICIENT,,False,,,,SCALE_UNAVAILABLE,OBSERVATION_INSUFFICIENT,1,0,0,False,0,0,False,INHERITED_RAW_PRICE_BASIS,False,False
2025-07-16|70960,2025-07-16,70960,10:00,15:20,260,COMPLETE,5,0,DOWN,-0.19047619047619047,SCALE_INSUFFICIENT,,False,,,,SCALE_UNAVAILABLE,RIGHT_CENSORED,1,0,0,False,0,0,False,INHERITED_RAW_PRICE_BASIS,False,False
2025-07-16|70960,2025-07-16,70960,10:00,15:25,265,PARTIAL,4,1,,,SCALE_INSUFFICIENT,,False,,,,SCALE_UNAVAILABLE,RIGHT_CENSORED,0,0,0,False,0,0,False,INHERITED_RAW_PRICE_BASIS,False,False
2025-07-16|73510,2025-07-16,73510,10:00,10:00,0,COMPLETE,5,0,DOWN,-0.5813953488372093,AVAILABLE,8.5,False,,,CHOPPINESS|RANGE_COMPRESSION|VOLUME_COMPRESSION|TRADING_VALUE_COMPRESSION,UNRESOLVED_STRUCTURE,WINDOW_OBSERVED,0,1,4,False,0,0,False,INHERITED_RAW_PRICE_BASIS,False,False
2025-07-16|73510,2025-07-16,73510,10:00,10:05,5,COMPLETE,5,0,UP,0.5841121495327103,AVAILABLE,8.5,False,,RECOVERY,CHOPPINESS,UNRESOLVED_STRUCTURE,WINDOW_OBSERVED,0,1,4,False,0,0,True,INHERITED_RAW_PRICE_BASIS,True,True
2025-07-16|73510,2025-07-16,73510,10:00,10:10,10,COMPLETE,5,0,UP,1.3888888888888888,AVAILABLE,8.5,False,,,RANGE_EXPANSION,UNRESOLVED_STRUCTURE,WINDOW_OBSERVED,0,0,4,False,3,1,False,INHERITED_RAW_PRICE_BASIS,True,True
2025-07-16|73510,2025-07-16,73510,10:00,10:15,15,COMPLETE,5,0,UP,0.228310502283105,AVAILABLE,8.5,False,UP_STRUCTURE,CORRECTION,VOLUME_EXPANSION|TRADING_VALUE_EXPANSION,IDENTIFIED,WINDOW_OBSERVED,0,1,5,False,0,0,True,INHERITED_RAW_PRICE_BASIS,True,True
2025-07-16|73510,2025-07-16,73510,10:00,10:20,20,COMPLETE,5,0,DOWN,-0.11363636363636363,AVAILABLE,8.5,False,UP_STRUCTURE,CORRECTION,CHOPPINESS|RANGE_COMPRESSION|VOLUME_COMPRESSION|TRADING_VALUE_COMPRESSION,IDENTIFIED,WINDOW_OBSERVED,0,0,5,False,0,0,True,INHERITED_RAW_PRICE_BASIS,True,False
2025-07-16|73510,2025-07-16,73510,10:00,10:25,25,COMPLETE,5,0,DOWN,-0.1141552511415525,AVAILABLE,8.5,False,UP_STRUCTURE,RECOVERY,RANGE_EXPANSION,IDENTIFIED,WINDOW_OBSERVED,0,0,6,False,0,0,True,INHERITED_RAW_PRICE_BASIS,True,True
2025-07-16|73510,2025-07-16,73510,10:00,10:30,30,COMPLETE,5,0,UP,0.45871559633027525,AVAILABLE,8.5,False,UP_STRUCTURE,RECOVERY,RANGE_COMPRESSION|VOLUME_COMPRESSION|TRADING_VALUE_COMPRESSION,IDENTIFIED,WINDOW_OBSERVED,0,0,6,False,0,0,True,INHERITED_RAW_PRICE_BASIS,True,False
2025-07-16|73510,2025-07-16,73510,10:00,10:35,35,COMPLETE,5,0,DOWN,-0.11428571428571428,AVAILABLE,8.5,False,UP_STRUCTURE,RECOVERY,CHOPPINESS|RANGE_EXPANSION|VOLUME_EXPANSION|TRADING_VALUE_EXPANSION,IDENTIFIED,WINDOW_OBSERVED,0,0,6,False,0,0,True,INHERITED_RAW_PRICE_BASIS,True,False
2025-07-16|73510,2025-07-16,73510,10:00,10:40,40,COMPLETE,5,0,UP,0.4576659038901602,AVAILABLE,8.5,False,UP_STRUCTURE,RECOVERY,,IDENTIFIED,WINDOW_OBSERVED,0,0,6,False,0,0,True,INHERITED_RAW_PRICE_BASIS,True,False
2025-07-16|73510,2025-07-16,73510,10:00,10:45,45,COMPLETE,5,0,UP,0.5688282138794084,AVAILABLE,8.5,False,UP_STRUCTURE,,,IDENTIFIED,WINDOW_OBSERVED,0,1,7,False,0,0,True,INHERITED_RAW_PRICE_BASIS,True,True
2025-07-16|73510,2025-07-16,73510,10:00,10:50,50,COMPLETE,5,0,DOWN,-1.0180995475113122,AVAILABLE,8.5,False,UP_STRUCTURE,,,IDENTIFIED,WINDOW_OBSERVED,0,1,8,False,0,0,True,INHERITED_RAW_PRICE_BASIS,True,False
2025-07-16|73510,2025-07-16,73510,10:00,10:55,55,COMPLETE,5,0,UP,1.1402508551881414,AVAILABLE,8.5,False,UP_STRUCTURE,PROGRESSION,RANGE_EXPANSION|VOLUME_EXPANSION|TRADING_VALUE_EXPANSION,IDENTIFIED,WINDOW_OBSERVED,0,0,8,False,1,1,True,INHERITED_RAW_PRICE_BASIS,True,True
2025-07-16|73510,2025-07-16,73510,10:00,11:00,60,COMPLETE,5,0,DOWN,-0.11273957158962795,AVAILABLE,8.5,False,UP_STRUCTURE,PROGRESSION,CHOPPINESS|RANGE_COMPRESSION,IDENTIFIED,WINDOW_OBSERVED,0,0,8,False,1,0,True,INHERITED_RAW_PRICE_BASIS,True,False
2025-07-16|73510,2025-07-16,73510,10:00,11:05,65,COMPLETE,5,0,DOWN,-0.7891770011273957,AVAILABLE,8.5,False,UP_STRUCTURE,RECOVERY,CHOPPINESS|RANGE_EXPANSION|VOLUME_EXPANSION|TRADING_VALUE_EXPANSION,IDENTIFIED,WINDOW_OBSERVED,0,1,10,False,2,3,True,INHERITED_RAW_PRICE_BASIS,True,True
2025-07-16|73510,2025-07-16,73510,10:00,11:10,70,COMPLETE,5,0,UP,0.22701475595913734,AVAILABLE,8.5,False,UP_STRUCTURE,RECOVERY,VOLUME_COMPRESSION|TRADING_VALUE_COMPRESSION,IDENTIFIED,OBSERVATION_INSUFFICIENT,1,1,10,False,0,0,True,INHERITED_RAW_PRICE_BASIS,True,False
2025-07-16|73510,2025-07-16,73510,10:00,11:15,75,COMPLETE,5,0,UP,0.22598870056497175,AVAILABLE,8.5,False,UP_STRUCTURE,RECOVERY,RANGE_COMPRESSION|VOLUME_COMPRESSION|TRADING_VALUE_COMPRESSION,IDENTIFIED,OBSERVATION_INSUFFICIENT,6,0,10,False,0,0,True,INHERITED_RAW_PRICE_BASIS,True,False
2025-07-16|73510,2025-07-16,73510,10:00,11:20,80,PARTIAL,4,1,,,AVAILABLE,8.5,False,,,,CURRENT_BAR_UNAVAILABLE,OBSERVATION_INSUFFICIENT,9,0,0,False,0,0,False,INHERITED_RAW_PRICE_BASIS,False,False
2025-07-16|73510,2025-07-16,73510,10:00,11:25,85,UNAVAILABLE,0,5,,,AVAILABLE,8.5,False,,,,CURRENT_BAR_UNAVAILABLE,OBSERVATION_INSUFFICIENT,8,0,0,False,0,0,False,INHERITED_RAW_PRICE_BASIS,False,False
2025-07-16|73510,2025-07-16,73510,10:00,11:30,90,PARTIAL,1,4,,,AVAILABLE,8.5,False,,,,UNRESOLVED_STRUCTURE,OBSERVATION_INSUFFICIENT,4,0,0,False,0,0,False,INHERITED_RAW_PRICE_BASIS,False,False
2025-07-16|73510,2025-07-16,73510,10:00,12:35,95,PARTIAL,1,4,,,AVAILABLE,8.5,False,,,,CURRENT_BAR_UNAVAILABLE,WINDOW_OBSERVED,0,0,0,False,0,0,False,INHERITED_RAW_PRICE_BASIS,False,False
2025-07-16|73510,2025-07-16,73510,10:00,12:40,100,COMPLETE,5,0,UNCHANGED,0.0,AVAILABLE,8.5,False,,,CHOPPINESS,UNRESOLVED_STRUCTURE,WINDOW_OBSERVED,0,0,0,False,0,1,False,INHERITED_RAW_PRICE_BASIS,False,False
2025-07-16|73510,2025-07-16,73510,10:00,12:45,105,COMPLETE,5,0,DOWN,-0.2247191011235955,AVAILABLE,8.5,False,,,CHOPPINESS,UNRESOLVED_STRUCTURE,WINDOW_OBSERVED,0,1,1,False,0,1,False,INHERITED_RAW_PRICE_BASIS,True,False
2025-07-16|73510,2025-07-16,73510,10:00,12:50,110,COMPLETE,5,0,UP,0.2254791431792559,AVAILABLE,8.5,False,,,RANGE_COMPRESSION|VOLUME_COMPRESSION|TRADING_VALUE_COMPRESSION,UNRESOLVED_STRUCTURE,WINDOW_OBSERVED,0,1,1,False,0,0,False,INHERITED_RAW_PRICE_BASIS,True,False
2025-07-16|73510,2025-07-16,73510,10:00,12:55,115,COMPLETE,5,0,DOWN,-2.593010146561443,AVAILABLE,8.5,False,,RECOVERY,RANGE_EXPANSION|VOLUME_EXPANSION|TRADING_VALUE_EXPANSION,UNRESOLVED_STRUCTURE,WINDOW_OBSERVED,0,1,2,False,0,0,True,INHERITED_RAW_PRICE_BASIS,True,True
2025-07-16|73510,2025-07-16,73510,10:00,13:00,120,COMPLETE,5,0,UP,0.2296211251435132,AVAILABLE,8.5,False,,RECOVERY,RANGE_COMPRESSION,UNRESOLVED_STRUCTURE,WINDOW_OBSERVED,0,0,2,False,0,0,True,INHERITED_RAW_PRICE_BASIS,True,False
2025-07-16|73510,2025-07-16,73510,10:00,13:05,125,COMPLETE,5,0,DOWN,-1.0309278350515463,AVAILABLE,8.5,False,,,VOLUME_COMPRESSION|TRADING_VALUE_COMPRESSION,UNRESOLVED_STRUCTURE,OBSERVATION_INSUFFICIENT,2,0,3,False,0,0,False,INHERITED_RAW_PRICE_BASIS,True,True
2025-07-16|73510,2025-07-16,73510,10:00,13:10,130,COMPLETE,5,0,UP,0.11534025374855825,AVAILABLE,8.5,False,,,RANGE_COMPRESSION|VOLUME_EXPANSION|TRADING_VALUE_EXPANSION,UNRESOLVED_STRUCTURE,OBSERVATION_INSUFFICIENT,2,0,3,False,0,0,False,INHERITED_RAW_PRICE_BASIS,True,False
2025-07-16|73510,2025-07-16,73510,10:00,13:15,135,PARTIAL,3,2,,,AVAILABLE,8.5,False,,,,UNRESOLVED_STRUCTURE,WINDOW_OBSERVED,0,0,0,False,0,0,False,INHERITED_RAW_PRICE_BASIS,False,False
2025-07-16|73510,2025-07-16,73510,10:00,13:20,140,COMPLETE,5,0,UP,0.8092485549132948,AVAILABLE,8.5,False,,,,UNRESOLVED_STRUCTURE,OBSERVATION_INSUFFICIENT,1,0,1,False,0,0,False,INHERITED_RAW_PRICE_BASIS,False,False
2025-07-16|73510,2025-07-16,73510,10:00,13:25,145,COMPLETE,5,0,DOWN,-0.6872852233676976,AVAILABLE,8.5,False,,,,UNRESOLVED_STRUCTURE,OBSERVATION_INSUFFICIENT,1,0,1,False,0,0,False,INHERITED_RAW_PRICE_BASIS,True,False
2025-07-16|73510,2025-07-16,73510,10:00,13:30,150,PARTIAL,4,1,,,AVAILABLE,8.5,False,,,,UNRESOLVED_STRUCTURE,WINDOW_OBSERVED,0,1,1,False,0,0,False,INHERITED_RAW_PRICE_BASIS,False,False
2025-07-16|73510,2025-07-16,73510,10:00,13:35,155,COMPLETE,5,0,DOWN,-0.45977011494252873,AVAILABLE,8.5,False,,,,UNRESOLVED_STRUCTURE,OBSERVATION_INSUFFICIENT,1,1,1,False,0,0,False,INHERITED_RAW_PRICE_BASIS,False,False
2025-07-16|73510,2025-07-16,73510,10:00,13:40,160,COMPLETE,5,0,UP,0.3464203233256351,AVAILABLE,8.5,False,,,,UNRESOLVED_STRUCTURE,OBSERVATION_INSUFFICIENT,1,0,1,False,0,0,False,INHERITED_RAW_PRICE_BASIS,True,False
2025-07-16|73510,2025-07-16,73510,10:00,13:45,165,PARTIAL,4,1,,,AVAILABLE,8.5,False,,,,UNRESOLVED_STRUCTURE,OBSERVATION_INSUFFICIENT,1,1,1,False,2,1,False,INHERITED_RAW_PRICE_BASIS,False,False
2025-07-16|73510,2025-07-16,73510,10:00,13:50,170,COMPLETE,5,0,DOWN,-1.1441647597254005,AVAILABLE,8.5,False,,,,UNRESOLVED_STRUCTURE,OBSERVATION_INSUFFICIENT,1,1,3,False,0,0,False,INHERITED_RAW_PRICE_BASIS,False,False
2025-07-16|73510,2025-07-16,73510,10:00,13:55,175,PARTIAL,4,1,,,AVAILABLE,8.5,False,,,,CURRENT_BAR_UNAVAILABLE,WINDOW_OBSERVED,0,0,0,False,1,1,False,INHERITED_RAW_PRICE_BASIS,False,False
2025-07-16|73510,2025-07-16,73510,10:00,14:00,180,COMPLETE,5,0,UP,0.11402508551881414,AVAILABLE,8.5,False,,,CHOPPINESS,UNRESOLVED_STRUCTURE,WINDOW_OBSERVED,0,1,1,False,0,0,False,INHERITED_RAW_PRICE_BASIS,False,False
2025-07-16|73510,2025-07-16,73510,10:00,14:05,185,COMPLETE,5,0,UP,0.6825938566552902,AVAILABLE,8.5,False,,,RANGE_EXPANSION|VOLUME_EXPANSION|TRADING_VALUE_EXPANSION,UNRESOLVED_STRUCTURE,WINDOW_OBSERVED,0,0,1,False,0,0,False,INHERITED_RAW_PRICE_BASIS,True,False
2025-07-16|73510,2025-07-16,73510,10:00,14:10,190,COMPLETE,5,0,DOWN,-0.11299435028248588,AVAILABLE,8.5,False,,,RANGE_COMPRESSION,UNRESOLVED_STRUCTURE,WINDOW_OBSERVED,0,1,2,False,0,0,False,INHERITED_RAW_PRICE_BASIS,True,False
2025-07-16|73510,2025-07-16,73510,10:00,14:15,195,COMPLETE,5,0,DOWN,-0.3393665158371041,AVAILABLE,8.5,False,,RECOVERY,RANGE_EXPANSION|VOLUME_COMPRESSION|TRADING_VALUE_COMPRESSION,UNRESOLVED_STRUCTURE,WINDOW_OBSERVED,0,1,3,False,1,2,True,INHERITED_RAW_PRICE_BASIS,True,True
2025-07-16|73510,2025-07-16,73510,10:00,14:20,200,COMPLETE,5,0,DOWN,-0.11350737797956867,AVAILABLE,8.5,False,,RECOVERY,CHOPPINESS|RANGE_COMPRESSION|VOLUME_COMPRESSION|TRADING_VALUE_COMPRESSION,UNRESOLVED_STRUCTURE,WINDOW_OBSERVED,0,1,3,False,0,0,True,INHERITED_RAW_PRICE_BASIS,True,False
2025-07-16|73510,2025-07-16,73510,10:00,14:25,205,COMPLETE,5,0,UP,0.5681818181818182,AVAILABLE,8.5,False,RANGE_STRUCTURE,BALANCE|RECOVERY,,IDENTIFIED,OBSERVATION_INSUFFICIENT,1,0,3,True,0,0,True,INHERITED_RAW_PRICE_BASIS,True,True
2025-07-16|73510,2025-07-16,73510,10:00,14:30,210,COMPLETE,5,0,DOWN,-0.11299435028248588,AVAILABLE,8.5,False,RANGE_STRUCTURE,BALANCE|RECOVERY,VOLUME_EXPANSION|TRADING_VALUE_EXPANSION,IDENTIFIED,OBSERVATION_INSUFFICIENT,1,0,3,True,0,0,True,INHERITED_RAW_PRICE_BASIS,True,False
2025-07-16|73510,2025-07-16,73510,10:00,14:35,215,PARTIAL,4,1,,,AVAILABLE,8.5,False,,,,UNRESOLVED_STRUCTURE,WINDOW_OBSERVED,0,0,0,False,0,0,False,INHERITED_RAW_PRICE_BASIS,False,False
2025-07-16|73510,2025-07-16,73510,10:00,14:40,220,COMPLETE,5,0,UP,0.5662514156285391,AVAILABLE,8.5,False,,,,UNRESOLVED_STRUCTURE,WINDOW_OBSERVED,0,0,0,False,0,0,False,INHERITED_RAW_PRICE_BASIS,False,False
2025-07-16|73510,2025-07-16,73510,10:00,14:45,225,COMPLETE,5,0,UNCHANGED,0.0,AVAILABLE,8.5,False,,,,UNRESOLVED_STRUCTURE,WINDOW_OBSERVED,0,0,0,False,0,0,False,INHERITED_RAW_PRICE_BASIS,True,False
2025-07-16|73510,2025-07-16,73510,10:00,14:50,230,COMPLETE,5,0,UNCHANGED,0.0,AVAILABLE,8.5,False,,,RANGE_COMPRESSION|VOLUME_COMPRESSION|TRADING_VALUE_COMPRESSION,UNRESOLVED_STRUCTURE,WINDOW_OBSERVED,0,0,0,False,0,0,False,INHERITED_RAW_PRICE_BASIS,True,False
2025-07-16|73510,2025-07-16,73510,10:00,14:55,235,COMPLETE,5,0,UNCHANGED,0.0,AVAILABLE,8.5,False,,,RANGE_EXPANSION,UNRESOLVED_STRUCTURE,WINDOW_OBSERVED,0,0,0,False,0,0,False,INHERITED_RAW_PRICE_BASIS,True,False
2025-07-16|73510,2025-07-16,73510,10:00,15:00,240,COMPLETE,5,0,UP,0.33860045146726864,AVAILABLE,8.5,False,,,RANGE_EXPANSION|VOLUME_EXPANSION|TRADING_VALUE_EXPANSION,UNRESOLVED_STRUCTURE,WINDOW_OBSERVED,0,0,0,False,0,1,False,INHERITED_RAW_PRICE_BASIS,True,False
2025-07-16|73510,2025-07-16,73510,10:00,15:05,245,COMPLETE,5,0,UNCHANGED,0.0,AVAILABLE,8.5,False,RANGE_STRUCTURE,BALANCE,RANGE_COMPRESSION|VOLUME_COMPRESSION|TRADING_VALUE_COMPRESSION,IDENTIFIED,WINDOW_OBSERVED,0,0,0,True,0,0,True,INHERITED_RAW_PRICE_BASIS,True,True
2025-07-16|73510,2025-07-16,73510,10:00,15:10,250,COMPLETE,5,0,UP,0.3382187147688839,AVAILABLE,8.5,False,RANGE_STRUCTURE,BALANCE,VOLUME_EXPANSION|TRADING_VALUE_EXPANSION,IDENTIFIED,OBSERVATION_INSUFFICIENT,1,0,0,True,0,0,True,INHERITED_RAW_PRICE_BASIS,True,False
2025-07-16|73510,2025-07-16,73510,10:00,15:15,255,COMPLETE,5,0,UNCHANGED,0.0,AVAILABLE,8.5,False,RANGE_STRUCTURE,BALANCE,VOLUME_COMPRESSION|TRADING_VALUE_COMPRESSION,IDENTIFIED,OBSERVATION_INSUFFICIENT,6,0,0,True,0,2,True,INHERITED_RAW_PRICE_BASIS,True,False
2025-07-16|73510,2025-07-16,73510,10:00,15:20,260,PARTIAL,4,1,,,AVAILABLE,8.5,False,,,,CURRENT_BAR_UNAVAILABLE,RIGHT_CENSORED,5,0,0,False,0,2,False,INHERITED_RAW_PRICE_BASIS,False,False
2025-07-16|73510,2025-07-16,73510,10:00,15:25,265,UNAVAILABLE,0,5,,,AVAILABLE,8.5,False,,,,CURRENT_BAR_UNAVAILABLE,RIGHT_CENSORED,0,0,0,False,0,0,False,INHERITED_RAW_PRICE_BASIS,False,False
2025-07-16|74170,2025-07-16,74170,09:30,09:30,0,COMPLETE,5,0,DOWN,-1.0830324909747293,SCALE_INSUFFICIENT,,False,,,,SCALE_UNAVAILABLE,WINDOW_OBSERVED,0,0,0,False,1,2,False,INHERITED_RAW_PRICE_BASIS,False,False
2025-07-16|74170,2025-07-16,74170,09:30,09:35,5,COMPLETE,5,0,DOWN,-1.6800584368151936,SCALE_INSUFFICIENT,,False,,,,SCALE_UNAVAILABLE,WINDOW_OBSERVED,0,0,0,False,3,1,False,INHERITED_RAW_PRICE_BASIS,True,False
2025-07-16|74170,2025-07-16,74170,09:30,09:40,10,COMPLETE,5,0,DOWN,-1.7843866171003717,SCALE_INSUFFICIENT,,False,,,RANGE_EXPANSION|VOLUME_EXPANSION|TRADING_VALUE_EXPANSION,SCALE_UNAVAILABLE,WINDOW_OBSERVED,0,0,0,False,4,3,False,INHERITED_RAW_PRICE_BASIS,True,False
2025-07-16|74170,2025-07-16,74170,09:30,09:45,15,COMPLETE,5,0,UP,0.4507888805409467,SCALE_INSUFFICIENT,,False,,,RANGE_COMPRESSION|VOLUME_COMPRESSION|TRADING_VALUE_COMPRESSION,SCALE_UNAVAILABLE,WINDOW_OBSERVED,0,0,0,False,0,0,False,INHERITED_RAW_PRICE_BASIS,True,False
2025-07-16|74170,2025-07-16,74170,09:30,09:50,20,COMPLETE,5,0,DOWN,-1.4105419450631032,SCALE_INSUFFICIENT,,False,,,VOLUME_EXPANSION|TRADING_VALUE_EXPANSION,SCALE_UNAVAILABLE,WINDOW_OBSERVED,0,0,0,False,0,0,False,INHERITED_RAW_PRICE_BASIS,True,False
2025-07-16|74170,2025-07-16,74170,09:30,09:55,25,COMPLETE,5,0,DOWN,-1.9593067068575736,SCALE_INSUFFICIENT,,False,,,,SCALE_UNAVAILABLE,WINDOW_OBSERVED,0,0,0,False,2,2,False,INHERITED_RAW_PRICE_BASIS,True,False
2025-07-16|74170,2025-07-16,74170,09:30,10:00,30,COMPLETE,5,0,UP,0.07716049382716049,SCALE_INSUFFICIENT,,False,,,RANGE_COMPRESSION|VOLUME_COMPRESSION|TRADING_VALUE_COMPRESSION,SCALE_UNAVAILABLE,WINDOW_OBSERVED,0,0,0,False,1,2,False,INHERITED_RAW_PRICE_BASIS,True,False
2025-07-16|74170,2025-07-16,74170,09:30,10:05,35,COMPLETE,5,0,UP,0.5372217958557176,SCALE_INSUFFICIENT,,False,,,RANGE_COMPRESSION|VOLUME_COMPRESSION|TRADING_VALUE_COMPRESSION,SCALE_UNAVAILABLE,OBSERVATION_INSUFFICIENT,1,0,0,False,0,0,False,INHERITED_RAW_PRICE_BASIS,True,False
2025-07-16|74170,2025-07-16,74170,09:30,10:10,40,COMPLETE,5,0,DOWN,-0.4576659038901602,SCALE_INSUFFICIENT,,False,,,RANGE_EXPANSION|VOLUME_EXPANSION|TRADING_VALUE_EXPANSION,SCALE_UNAVAILABLE,OBSERVATION_INSUFFICIENT,2,0,0,False,0,0,False,INHERITED_RAW_PRICE_BASIS,True,False
2025-07-16|74170,2025-07-16,74170,09:30,10:15,45,PARTIAL,4,1,,,SCALE_INSUFFICIENT,,False,,,,SCALE_UNAVAILABLE,OBSERVATION_INSUFFICIENT,1,0,0,False,0,0,False,INHERITED_RAW_PRICE_BASIS,False,False
2025-07-16|74170,2025-07-16,74170,09:30,10:20,50,PARTIAL,4,1,,,SCALE_INSUFFICIENT,,False,,,,SCALE_UNAVAILABLE,OBSERVATION_INSUFFICIENT,1,0,0,False,0,0,False,INHERITED_RAW_PRICE_BASIS,False,False
2025-07-16|74170,2025-07-16,74170,09:30,10:25,55,COMPLETE,5,0,UP,0.6092916984006093,SCALE_INSUFFICIENT,,False,,,,SCALE_UNAVAILABLE,OBSERVATION_INSUFFICIENT,2,0,0,False,0,0,False,INHERITED_RAW_PRICE_BASIS,False,False
2025-07-16|74170,2025-07-16,74170,09:30,10:30,60,PARTIAL,4,1,,,SCALE_INSUFFICIENT,,False,,,,SCALE_UNAVAILABLE,OBSERVATION_INSUFFICIENT,1,0,0,False,0,0,False,INHERITED_RAW_PRICE_BASIS,False,False
2025-07-16|74170,2025-07-16,74170,09:30,10:35,65,PARTIAL,4,1,,,SCALE_INSUFFICIENT,,False,,,,CURRENT_BAR_UNAVAILABLE,OBSERVATION_INSUFFICIENT,1,0,0,False,0,0,False,INHERITED_RAW_PRICE_BASIS,False,False
2025-07-16|74170,2025-07-16,74170,09:30,10:40,70,COMPLETE,5,0,DOWN,-0.07451564828614009,SCALE_INSUFFICIENT,,False,,,,SCALE_UNAVAILABLE,OBSERVATION_INSUFFICIENT,2,0,0,False,0,0,False,INHERITED_RAW_PRICE_BASIS,False,False
2025-07-16|74170,2025-07-16,74170,09:30,10:45,75,PARTIAL,4,1,,,SCALE_INSUFFICIENT,,False,,,,SCALE_UNAVAILABLE,OBSERVATION_INSUFFICIENT,1,0,0,False,0,0,False,INHERITED_RAW_PRICE_BASIS,False,False
2025-07-16|74170,2025-07-16,74170,09:30,10:50,80,PARTIAL,4,1,,,SCALE_INSUFFICIENT,,False,,,,CURRENT_BAR_UNAVAILABLE,WINDOW_OBSERVED,0,0,0,False,0,0,False,INHERITED_RAW_PRICE_BASIS,False,False
2025-07-16|74170,2025-07-16,74170,09:30,10:55,85,COMPLETE,5,0,UP,0.9687034277198212,SCALE_INSUFFICIENT,,False,,,,SCALE_UNAVAILABLE,WINDOW_OBSERVED,0,0,0,False,0,0,False,INHERITED_RAW_PRICE_BASIS,False,False
2025-07-16|74170,2025-07-16,74170,09:30,11:00,90,COMPLETE,5,0,UP,0.22140221402214022,SCALE_INSUFFICIENT,,False,,,RANGE_COMPRESSION|VOLUME_COMPRESSION|TRADING_VALUE_COMPRESSION,SCALE_UNAVAILABLE,OBSERVATION_INSUFFICIENT,3,0,0,False,0,0,False,INHERITED_RAW_PRICE_BASIS,True,False
2025-07-16|74170,2025-07-16,74170,09:30,11:05,95,COMPLETE,5,0,DOWN,-0.07380073800738007,SCALE_INSUFFICIENT,,False,,,,SCALE_UNAVAILABLE,OBSERVATION_INSUFFICIENT,5,0,0,False,0,0,False,INHERITED_RAW_PRICE_BASIS,True,False
2025-07-16|74170,2025-07-16,74170,09:30,11:10,100,PARTIAL,2,3,,,SCALE_INSUFFICIENT,,False,,,,CURRENT_BAR_UNAVAILABLE,OBSERVATION_INSUFFICIENT,2,0,0,False,0,0,False,INHERITED_RAW_PRICE_BASIS,False,False
2025-07-16|74170,2025-07-16,74170,09:30,11:15,105,PARTIAL,3,2,,,SCALE_INSUFFICIENT,,False,,,,SCALE_UNAVAILABLE,WINDOW_OBSERVED,0,0,0,False,0,0,False,INHERITED_RAW_PRICE_BASIS,False,False
2025-07-16|74170,2025-07-16,74170,09:30,11:20,110,COMPLETE,5,0,DOWN,-0.14869888475836432,SCALE_INSUFFICIENT,,False,,,,SCALE_UNAVAILABLE,WINDOW_OBSERVED,0,0,0,False,0,0,False,INHERITED_RAW_PRICE_BASIS,False,False
2025-07-16|74170,2025-07-16,74170,09:30,11:25,115,COMPLETE,5,0,UP,0.44709388971684055,SCALE_INSUFFICIENT,,False,,,,SCALE_UNAVAILABLE,WINDOW_OBSERVED,0,0,0,False,0,0,False,INHERITED_RAW_PRICE_BASIS,True,False
2025-07-16|74170,2025-07-16,74170,09:30,11:30,120,COMPLETE,5,0,UP,2.373887240356083,SCALE_INSUFFICIENT,,False,,,RANGE_EXPANSION|VOLUME_EXPANSION|TRADING_VALUE_EXPANSION,SCALE_UNAVAILABLE,WINDOW_OBSERVED,0,0,0,False,0,0,False,INHERITED_RAW_PRICE_BASIS,True,False
2025-07-16|74170,2025-07-16,74170,09:30,12:35,125,COMPLETE,5,0,DOWN,-0.7862759113652609,SCALE_INSUFFICIENT,,False,,,,SCALE_UNAVAILABLE,WINDOW_OBSERVED,0,0,0,False,0,0,False,INHERITED_RAW_PRICE_BASIS,True,False
2025-07-16|74170,2025-07-16,74170,09:30,12:40,130,COMPLETE,5,0,UP,0.5043227665706052,SCALE_INSUFFICIENT,,False,,,VOLUME_COMPRESSION|TRADING_VALUE_COMPRESSION,SCALE_UNAVAILABLE,WINDOW_OBSERVED,0,0,0,False,0,0,False,INHERITED_RAW_PRICE_BASIS,True,False
2025-07-16|74170,2025-07-16,74170,09:30,12:45,135,COMPLETE,5,0,DOWN,-0.07163323782234957,SCALE_INSUFFICIENT,,False,,,,SCALE_UNAVAILABLE,WINDOW_OBSERVED,0,0,0,False,0,0,False,INHERITED_RAW_PRICE_BASIS,True,False
2025-07-16|74170,2025-07-16,74170,09:30,12:50,140,COMPLETE,5,0,DOWN,-0.931899641577061,SCALE_INSUFFICIENT,,False,,,,SCALE_UNAVAILABLE,OBSERVATION_INSUFFICIENT,1,0,0,False,0,0,False,INHERITED_RAW_PRICE_BASIS,True,False
2025-07-16|74170,2025-07-16,74170,09:30,12:55,145,COMPLETE,5,0,DOWN,-0.7220216606498195,SCALE_INSUFFICIENT,,False,,,VOLUME_EXPANSION|TRADING_VALUE_EXPANSION,SCALE_UNAVAILABLE,OBSERVATION_INSUFFICIENT,1,0,0,False,0,0,False,INHERITED_RAW_PRICE_BASIS,True,False
2025-07-16|74170,2025-07-16,74170,09:30,13:00,150,PARTIAL,4,1,,,SCALE_INSUFFICIENT,,False,,,,SCALE_UNAVAILABLE,OBSERVATION_INSUFFICIENT,1,0,0,False,0,0,False,INHERITED_RAW_PRICE_BASIS,False,False
2025-07-16|74170,2025-07-16,74170,09:30,13:05,155,COMPLETE,5,0,UP,0.8023340627279358,SCALE_INSUFFICIENT,,False,,,,SCALE_UNAVAILABLE,OBSERVATION_INSUFFICIENT,3,0,0,False,0,0,False,INHERITED_RAW_PRICE_BASIS,False,False
2025-07-16|74170,2025-07-16,74170,09:30,13:10,160,PARTIAL,4,1,,,SCALE_INSUFFICIENT,,False,,,,CURRENT_BAR_UNAVAILABLE,OBSERVATION_INSUFFICIENT,3,0,0,False,0,0,False,INHERITED_RAW_PRICE_BASIS,False,False
2025-07-16|74170,2025-07-16,74170,09:30,13:15,165,PARTIAL,3,2,,,SCALE_INSUFFICIENT,,False,,,,SCALE_UNAVAILABLE,OBSERVATION_INSUFFICIENT,3,0,0,False,0,0,False,INHERITED_RAW_PRICE_BASIS,False,False
2025-07-16|74170,2025-07-16,74170,09:30,13:20,170,PARTIAL,4,1,,,SCALE_INSUFFICIENT,,False,,,,SCALE_UNAVAILABLE,OBSERVATION_INSUFFICIENT,2,0,0,False,0,0,False,INHERITED_RAW_PRICE_BASIS,False,False
2025-07-16|74170,2025-07-16,74170,09:30,13:25,175,PARTIAL,3,2,,,SCALE_INSUFFICIENT,,False,,,,CURRENT_BAR_UNAVAILABLE,WINDOW_OBSERVED,0,0,0,False,0,0,False,INHERITED_RAW_PRICE_BASIS,False,False
2025-07-16|74170,2025-07-16,74170,09:30,13:30,180,COMPLETE,5,0,UP,0.5065123010130246,SCALE_INSUFFICIENT,,False,,,,SCALE_UNAVAILABLE,OBSERVATION_INSUFFICIENT,3,0,0,False,0,0,False,INHERITED_RAW_PRICE_BASIS,False,False
2025-07-16|74170,2025-07-16,74170,09:30,13:35,185,COMPLETE,5,0,DOWN,-0.5755395683453237,SCALE_INSUFFICIENT,,False,,,VOLUME_EXPANSION|TRADING_VALUE_EXPANSION,SCALE_UNAVAILABLE,OBSERVATION_INSUFFICIENT,4,0,0,False,0,0,False,INHERITED_RAW_PRICE_BASIS,True,False
2025-07-16|74170,2025-07-16,74170,09:30,13:40,190,PARTIAL,2,3,,,SCALE_INSUFFICIENT,,False,,,,SCALE_UNAVAILABLE,OBSERVATION_INSUFFICIENT,2,0,0,False,0,0,False,INHERITED_RAW_PRICE_BASIS,False,False
2025-07-16|74170,2025-07-16,74170,09:30,13:45,195,PARTIAL,4,1,,,SCALE_INSUFFICIENT,,False,,,,SCALE_UNAVAILABLE,OBSERVATION_INSUFFICIENT,3,0,0,False,0,0,False,INHERITED_RAW_PRICE_BASIS,False,False
2025-07-16|74170,2025-07-16,74170,09:30,13:50,200,PARTIAL,4,1,,,SCALE_INSUFFICIENT,,False,,,,SCALE_UNAVAILABLE,OBSERVATION_INSUFFICIENT,2,0,0,False,0,0,False,INHERITED_RAW_PRICE_BASIS,False,False
2025-07-16|74170,2025-07-16,74170,09:30,13:55,205,PARTIAL,3,2,,,SCALE_INSUFFICIENT,,False,,,,CURRENT_BAR_UNAVAILABLE,OBSERVATION_INSUFFICIENT,1,0,0,False,0,0,False,INHERITED_RAW_PRICE_BASIS,False,False
2025-07-16|74170,2025-07-16,74170,09:30,14:00,210,COMPLETE,5,0,UP,0.290065264684554,SCALE_INSUFFICIENT,,False,,,,SCALE_UNAVAILABLE,OBSERVATION_INSUFFICIENT,3,0,0,False,0,0,False,INHERITED_RAW_PRICE_BASIS,False,False
2025-07-16|74170,2025-07-16,74170,09:30,14:05,215,PARTIAL,4,1,,,SCALE_INSUFFICIENT,,False,,,,CURRENT_BAR_UNAVAILABLE,OBSERVATION_INSUFFICIENT,3,0,0,False,0,0,False,INHERITED_RAW_PRICE_BASIS,False,False
2025-07-16|74170,2025-07-16,74170,09:30,14:10,220,PARTIAL,3,2,,,SCALE_INSUFFICIENT,,False,,,,SCALE_UNAVAILABLE,OBSERVATION_INSUFFICIENT,2,0,0,False,0,0,False,INHERITED_RAW_PRICE_BASIS,False,False
2025-07-16|74170,2025-07-16,74170,09:30,14:15,225,PARTIAL,4,1,,,SCALE_INSUFFICIENT,,False,,,,CURRENT_BAR_UNAVAILABLE,OBSERVATION_INSUFFICIENT,2,0,0,False,0,0,False,INHERITED_RAW_PRICE_BASIS,False,False
2025-07-16|74170,2025-07-16,74170,09:30,14:20,230,PARTIAL,4,1,,,SCALE_INSUFFICIENT,,False,,,,SCALE_UNAVAILABLE,OBSERVATION_INSUFFICIENT,3,0,0,False,0,0,False,INHERITED_RAW_PRICE_BASIS,False,False
2025-07-16|74170,2025-07-16,74170,09:30,14:25,235,PARTIAL,4,1,,,SCALE_INSUFFICIENT,,False,,,,SCALE_UNAVAILABLE,OBSERVATION_INSUFFICIENT,5,0,0,False,0,0,False,INHERITED_RAW_PRICE_BASIS,False,False
2025-07-16|74170,2025-07-16,74170,09:30,14:30,240,PARTIAL,3,2,,,SCALE_INSUFFICIENT,,False,,,,CURRENT_BAR_UNAVAILABLE,OBSERVATION_INSUFFICIENT,6,0,0,False,0,0,False,INHERITED_RAW_PRICE_BASIS,False,False
2025-07-16|74170,2025-07-16,74170,09:30,14:35,245,PARTIAL,2,3,,,SCALE_INSUFFICIENT,,False,,,,CURRENT_BAR_UNAVAILABLE,OBSERVATION_INSUFFICIENT,5,0,0,False,0,0,False,INHERITED_RAW_PRICE_BASIS,False,False
2025-07-16|74170,2025-07-16,74170,09:30,14:40,250,PARTIAL,2,3,,,SCALE_INSUFFICIENT,,False,,,,CURRENT_BAR_UNAVAILABLE,OBSERVATION_INSUFFICIENT,3,0,0,False,0,0,False,INHERITED_RAW_PRICE_BASIS,False,False
2025-07-16|74170,2025-07-16,74170,09:30,14:45,255,PARTIAL,3,2,,,SCALE_INSUFFICIENT,,False,,,,CURRENT_BAR_UNAVAILABLE,OBSERVATION_INSUFFICIENT,3,0,0,False,0,0,False,INHERITED_RAW_PRICE_BASIS,False,False
2025-07-16|74170,2025-07-16,74170,09:30,14:50,260,PARTIAL,4,1,,,SCALE_INSUFFICIENT,,False,,,,SCALE_UNAVAILABLE,OBSERVATION_INSUFFICIENT,3,0,0,False,0,0,False,INHERITED_RAW_PRICE_BASIS,False,False
2025-07-16|74170,2025-07-16,74170,09:30,14:55,265,PARTIAL,3,2,,,SCALE_INSUFFICIENT,,False,,,,SCALE_UNAVAILABLE,OBSERVATION_INSUFFICIENT,3,0,0,False,0,0,False,INHERITED_RAW_PRICE_BASIS,False,False
2025-07-16|74170,2025-07-16,74170,09:30,15:00,270,PARTIAL,4,1,,,SCALE_INSUFFICIENT,,False,,,,CURRENT_BAR_UNAVAILABLE,OBSERVATION_INSUFFICIENT,5,0,0,False,0,0,False,INHERITED_RAW_PRICE_BASIS,False,False
2025-07-16|74170,2025-07-16,74170,09:30,15:05,275,PARTIAL,3,2,,,SCALE_INSUFFICIENT,,False,,,,CURRENT_BAR_UNAVAILABLE,OBSERVATION_INSUFFICIENT,5,0,0,False,0,0,False,INHERITED_RAW_PRICE_BASIS,False,False
2025-07-16|74170,2025-07-16,74170,09:30,15:10,280,PARTIAL,2,3,,,SCALE_INSUFFICIENT,,False,,,,CURRENT_BAR_UNAVAILABLE,OBSERVATION_INSUFFICIENT,2,0,0,False,0,0,False,INHERITED_RAW_PRICE_BASIS,False,False
2025-07-16|74170,2025-07-16,74170,09:30,15:15,285,PARTIAL,3,2,,,SCALE_INSUFFICIENT,,False,,,,SCALE_UNAVAILABLE,OBSERVATION_INSUFFICIENT,1,0,0,False,0,0,False,INHERITED_RAW_PRICE_BASIS,False,False
2025-07-16|74170,2025-07-16,74170,09:30,15:20,290,COMPLETE,5,0,DOWN,-0.36231884057971014,SCALE_INSUFFICIENT,,False,,,,SCALE_UNAVAILABLE,RIGHT_CENSORED,1,0,0,False,0,0,False,INHERITED_RAW_PRICE_BASIS,False,False
2025-07-16|74170,2025-07-16,74170,09:30,15:25,295,PARTIAL,4,1,,,SCALE_INSUFFICIENT,,False,,,,SCALE_UNAVAILABLE,RIGHT_CENSORED,0,0,0,False,0,0,False,INHERITED_RAW_PRICE_BASIS,False,False
2025-07-16|76100,2025-07-16,76100,09:30,09:30,0,COMPLETE,5,0,UP,0.7194244604316546,SCALE_INSUFFICIENT,,False,,,RANGE_COMPRESSION|VOLUME_COMPRESSION|TRADING_VALUE_COMPRESSION,SCALE_UNAVAILABLE,WINDOW_OBSERVED,0,0,0,False,0,0,False,INHERITED_RAW_PRICE_BASIS,False,False
2025-07-16|76100,2025-07-16,76100,09:30,09:35,5,COMPLETE,5,0,UP,2.142857142857143,SCALE_INSUFFICIENT,,False,,,RANGE_EXPANSION,SCALE_UNAVAILABLE,WINDOW_OBSERVED,0,0,0,False,0,0,False,INHERITED_RAW_PRICE_BASIS,True,False
2025-07-16|76100,2025-07-16,76100,09:30,09:40,10,COMPLETE,5,0,DOWN,-0.6993006993006993,SCALE_INSUFFICIENT,,False,,,RANGE_COMPRESSION|VOLUME_COMPRESSION|TRADING_VALUE_COMPRESSION,SCALE_UNAVAILABLE,WINDOW_OBSERVED,0,0,0,False,0,0,False,INHERITED_RAW_PRICE_BASIS,True,False
2025-07-16|76100,2025-07-16,76100,09:30,09:45,15,COMPLETE,5,0,UNCHANGED,0.0,SCALE_INSUFFICIENT,,False,,,,SCALE_UNAVAILABLE,WINDOW_OBSERVED,0,0,0,False,0,0,False,INHERITED_RAW_PRICE_BASIS,True,False
2025-07-16|76100,2025-07-16,76100,09:30,09:50,20,COMPLETE,5,0,UNCHANGED,0.0,SCALE_INSUFFICIENT,,False,,,,SCALE_UNAVAILABLE,WINDOW_OBSERVED,0,0,0,False,0,0,False,INHERITED_RAW_PRICE_BASIS,True,False
2025-07-16|76100,2025-07-16,76100,09:30,09:55,25,COMPLETE,5,0,UNCHANGED,0.0,SCALE_INSUFFICIENT,,False,,,,SCALE_UNAVAILABLE,WINDOW_OBSERVED,0,0,0,False,0,0,False,INHERITED_RAW_PRICE_BASIS,True,False
2025-07-16|76100,2025-07-16,76100,09:30,10:00,30,COMPLETE,5,0,UNCHANGED,0.0,SCALE_INSUFFICIENT,,False,,,,SCALE_UNAVAILABLE,WINDOW_OBSERVED,0,0,0,False,0,0,False,INHERITED_RAW_PRICE_BASIS,True,False
2025-07-16|76100,2025-07-16,76100,09:30,10:05,35,COMPLETE,5,0,UNCHANGED,0.0,SCALE_INSUFFICIENT,,False,,,,SCALE_UNAVAILABLE,WINDOW_OBSERVED,0,0,0,False,0,0,False,INHERITED_RAW_PRICE_BASIS,True,False
2025-07-16|76100,2025-07-16,76100,09:30,10:10,40,COMPLETE,5,0,DOWN,-0.704225352112676,SCALE_INSUFFICIENT,,False,,,RANGE_EXPANSION,SCALE_UNAVAILABLE,WINDOW_OBSERVED,0,0,0,False,0,0,False,INHERITED_RAW_PRICE_BASIS,True,False
2025-07-16|76100,2025-07-16,76100,09:30,10:15,45,COMPLETE,5,0,UNCHANGED,0.0,SCALE_INSUFFICIENT,,False,,,RANGE_COMPRESSION|VOLUME_COMPRESSION|TRADING_VALUE_COMPRESSION,SCALE_UNAVAILABLE,WINDOW_OBSERVED,0,0,0,False,0,0,False,INHERITED_RAW_PRICE_BASIS,True,False
2025-07-16|76100,2025-07-16,76100,09:30,10:20,50,COMPLETE,5,0,UNCHANGED,0.0,SCALE_INSUFFICIENT,,False,,,RANGE_EXPANSION|VOLUME_EXPANSION|TRADING_VALUE_EXPANSION,SCALE_UNAVAILABLE,WINDOW_OBSERVED,0,0,0,False,0,0,False,INHERITED_RAW_PRICE_BASIS,True,False
2025-07-16|76100,2025-07-16,76100,09:30,10:25,55,COMPLETE,5,0,UP,0.7142857142857143,SCALE_INSUFFICIENT,,False,,,RANGE_COMPRESSION|VOLUME_COMPRESSION|TRADING_VALUE_COMPRESSION,SCALE_UNAVAILABLE,WINDOW_OBSERVED,0,0,0,False,0,0,False,INHERITED_RAW_PRICE_BASIS,True,False
2025-07-16|76100,2025-07-16,76100,09:30,10:30,60,COMPLETE,5,0,UP,0.7142857142857143,SCALE_INSUFFICIENT,,False,,,RANGE_EXPANSION,SCALE_UNAVAILABLE,WINDOW_OBSERVED,0,0,0,False,0,0,False,INHERITED_RAW_PRICE_BASIS,True,False
2025-07-16|76100,2025-07-16,76100,09:30,10:35,65,COMPLETE,5,0,UP,0.7092198581560284,SCALE_INSUFFICIENT,,False,,,RANGE_COMPRESSION|VOLUME_COMPRESSION|TRADING_VALUE_COMPRESSION,SCALE_UNAVAILABLE,WINDOW_OBSERVED,0,0,0,False,0,0,False,INHERITED_RAW_PRICE_BASIS,True,False
2025-07-16|76100,2025-07-16,76100,09:30,10:40,70,COMPLETE,5,0,UNCHANGED,0.0,SCALE_INSUFFICIENT,,False,,,VOLUME_EXPANSION|TRADING_VALUE_EXPANSION,SCALE_UNAVAILABLE,OBSERVATION_INSUFFICIENT,2,0,0,False,0,0,False,INHERITED_RAW_PRICE_BASIS,True,False
2025-07-16|76100,2025-07-16,76100,09:30,10:45,75,COMPLETE,5,0,DOWN,-0.704225352112676,SCALE_INSUFFICIENT,,False,,,VOLUME_COMPRESSION|TRADING_VALUE_COMPRESSION,SCALE_UNAVAILABLE,OBSERVATION_INSUFFICIENT,3,0,0,False,0,0,False,INHERITED_RAW_PRICE_BASIS,True,False
2025-07-16|76100,2025-07-16,76100,09:30,10:50,80,PARTIAL,3,2,,,SCALE_INSUFFICIENT,,False,,,,SCALE_UNAVAILABLE,OBSERVATION_INSUFFICIENT,2,0,0,False,0,0,False,INHERITED_RAW_PRICE_BASIS,False,False
2025-07-16|76100,2025-07-16,76100,09:30,10:55,85,PARTIAL,4,1,,,SCALE_INSUFFICIENT,,False,,,,SCALE_UNAVAILABLE,OBSERVATION_INSUFFICIENT,1,0,0,False,0,0,False,INHERITED_RAW_PRICE_BASIS,False,False
2025-07-16|76100,2025-07-16,76100,09:30,11:00,90,PARTIAL,4,1,,,SCALE_INSUFFICIENT,,False,,,,SCALE_UNAVAILABLE,WINDOW_OBSERVED,0,0,0,False,0,0,False,INHERITED_RAW_PRICE_BASIS,False,False
2025-07-16|76100,2025-07-16,76100,09:30,11:05,95,COMPLETE,5,0,UNCHANGED,0.0,SCALE_INSUFFICIENT,,False,,,,SCALE_UNAVAILABLE,OBSERVATION_INSUFFICIENT,1,0,0,False,0,0,False,INHERITED_RAW_PRICE_BASIS,False,False
2025-07-16|76100,2025-07-16,76100,09:30,11:10,100,COMPLETE,5,0,UNCHANGED,0.0,SCALE_INSUFFICIENT,,False,,,RANGE_COMPRESSION|VOLUME_COMPRESSION|TRADING_VALUE_COMPRESSION,SCALE_UNAVAILABLE,OBSERVATION_INSUFFICIENT,1,0,0,False,0,0,False,INHERITED_RAW_PRICE_BASIS,True,False
2025-07-16|76100,2025-07-16,76100,09:30,11:15,105,PARTIAL,4,1,,,SCALE_INSUFFICIENT,,False,,,,SCALE_UNAVAILABLE,WINDOW_OBSERVED,0,0,0,False,0,0,False,INHERITED_RAW_PRICE_BASIS,False,False
2025-07-16|76100,2025-07-16,76100,09:30,11:20,110,COMPLETE,5,0,UP,0.7194244604316546,SCALE_INSUFFICIENT,,False,,,,SCALE_UNAVAILABLE,WINDOW_OBSERVED,0,0,0,False,0,0,False,INHERITED_RAW_PRICE_BASIS,False,False
2025-07-16|76100,2025-07-16,76100,09:30,11:25,115,COMPLETE,5,0,UP,0.7194244604316546,SCALE_INSUFFICIENT,,False,,,VOLUME_COMPRESSION|TRADING_VALUE_COMPRESSION,SCALE_UNAVAILABLE,WINDOW_OBSERVED,0,0,0,False,0,0,False,INHERITED_RAW_PRICE_BASIS,True,False
2025-07-16|76100,2025-07-16,76100,09:30,11:30,120,COMPLETE,5,0,UNCHANGED,0.0,SCALE_INSUFFICIENT,,False,,,VOLUME_EXPANSION|TRADING_VALUE_EXPANSION,SCALE_UNAVAILABLE,WINDOW_OBSERVED,0,0,0,False,0,0,False,INHERITED_RAW_PRICE_BASIS,True,False
2025-07-16|76100,2025-07-16,76100,09:30,12:35,125,COMPLETE,5,0,UNCHANGED,0.0,SCALE_INSUFFICIENT,,False,,,,SCALE_UNAVAILABLE,WINDOW_OBSERVED,0,0,0,False,0,1,False,INHERITED_RAW_PRICE_BASIS,True,False
2025-07-16|76100,2025-07-16,76100,09:30,12:40,130,COMPLETE,5,0,DOWN,-0.7194244604316546,SCALE_INSUFFICIENT,,False,,,VOLUME_COMPRESSION|TRADING_VALUE_COMPRESSION,SCALE_UNAVAILABLE,WINDOW_OBSERVED,0,0,0,False,0,1,False,INHERITED_RAW_PRICE_BASIS,True,False
2025-07-16|76100,2025-07-16,76100,09:30,12:45,135,COMPLETE,5,0,UNCHANGED,0.0,SCALE_INSUFFICIENT,,False,,,RANGE_EXPANSION|VOLUME_EXPANSION|TRADING_VALUE_EXPANSION,SCALE_UNAVAILABLE,WINDOW_OBSERVED,0,0,0,False,1,1,False,INHERITED_RAW_PRICE_BASIS,True,False
2025-07-16|76100,2025-07-16,76100,09:30,12:50,140,COMPLETE,5,0,DOWN,-0.7194244604316546,SCALE_INSUFFICIENT,,False,,,RANGE_COMPRESSION|VOLUME_COMPRESSION|TRADING_VALUE_COMPRESSION,SCALE_UNAVAILABLE,WINDOW_OBSERVED,0,0,0,False,0,0,False,INHERITED_RAW_PRICE_BASIS,True,False
2025-07-16|76100,2025-07-16,76100,09:30,12:55,145,COMPLETE,5,0,UP,0.7246376811594203,SCALE_INSUFFICIENT,,False,,,VOLUME_COMPRESSION|TRADING_VALUE_COMPRESSION,SCALE_UNAVAILABLE,WINDOW_OBSERVED,0,0,0,False,0,0,False,INHERITED_RAW_PRICE_BASIS,True,False
2025-07-16|76100,2025-07-16,76100,09:30,13:00,150,COMPLETE,5,0,UNCHANGED,0.0,SCALE_INSUFFICIENT,,False,,,,SCALE_UNAVAILABLE,OBSERVATION_INSUFFICIENT,1,0,0,False,0,0,False,INHERITED_RAW_PRICE_BASIS,True,False
2025-07-16|76100,2025-07-16,76100,09:30,13:05,155,COMPLETE,5,0,UNCHANGED,0.0,SCALE_INSUFFICIENT,,False,,,VOLUME_EXPANSION|TRADING_VALUE_EXPANSION,SCALE_UNAVAILABLE,OBSERVATION_INSUFFICIENT,1,0,0,False,0,0,False,INHERITED_RAW_PRICE_BASIS,True,False
2025-07-16|76100,2025-07-16,76100,09:30,13:10,160,PARTIAL,4,1,,,SCALE_INSUFFICIENT,,False,,,,SCALE_UNAVAILABLE,WINDOW_OBSERVED,0,0,0,False,0,0,False,INHERITED_RAW_PRICE_BASIS,False,False
2025-07-16|76100,2025-07-16,76100,09:30,13:15,165,COMPLETE,5,0,UNCHANGED,0.0,SCALE_INSUFFICIENT,,False,,,,SCALE_UNAVAILABLE,WINDOW_OBSERVED,0,0,0,False,0,0,False,INHERITED_RAW_PRICE_BASIS,False,False
2025-07-16|76100,2025-07-16,76100,09:30,13:20,170,COMPLETE,5,0,DOWN,-0.7194244604316546,SCALE_INSUFFICIENT,,False,,,VOLUME_EXPANSION|TRADING_VALUE_EXPANSION,SCALE_UNAVAILABLE,OBSERVATION_INSUFFICIENT,1,0,0,False,0,0,False,INHERITED_RAW_PRICE_BASIS,True,False
2025-07-16|76100,2025-07-16,76100,09:30,13:25,175,COMPLETE,5,0,DOWN,-0.7194244604316546,SCALE_INSUFFICIENT,,False,,,VOLUME_EXPANSION|TRADING_VALUE_EXPANSION,SCALE_UNAVAILABLE,OBSERVATION_INSUFFICIENT,1,0,0,False,0,0,False,INHERITED_RAW_PRICE_BASIS,True,False
2025-07-16|76100,2025-07-16,76100,09:30,13:30,180,PARTIAL,4,1,,,SCALE_INSUFFICIENT,,False,,,,SCALE_UNAVAILABLE,WINDOW_OBSERVED,0,0,0,False,0,0,False,INHERITED_RAW_PRICE_BASIS,False,False
2025-07-16|76100,2025-07-16,76100,09:30,13:35,185,COMPLETE,5,0,UNCHANGED,0.0,SCALE_INSUFFICIENT,,False,,,,SCALE_UNAVAILABLE,WINDOW_OBSERVED,0,0,0,False,0,0,False,INHERITED_RAW_PRICE_BASIS,False,False
2025-07-16|76100,2025-07-16,76100,09:30,13:40,190,COMPLETE,5,0,UNCHANGED,0.0,SCALE_INSUFFICIENT,,False,,,,SCALE_UNAVAILABLE,WINDOW_OBSERVED,0,0,0,False,0,0,False,INHERITED_RAW_PRICE_BASIS,True,False
2025-07-16|76100,2025-07-16,76100,09:30,13:45,195,COMPLETE,5,0,UP,0.7246376811594203,SCALE_INSUFFICIENT,,False,,,VOLUME_COMPRESSION|TRADING_VALUE_COMPRESSION,SCALE_UNAVAILABLE,WINDOW_OBSERVED,0,0,0,False,0,0,False,INHERITED_RAW_PRICE_BASIS,True,False
2025-07-16|76100,2025-07-16,76100,09:30,13:50,200,COMPLETE,5,0,UP,0.7246376811594203,SCALE_INSUFFICIENT,,False,,,VOLUME_EXPANSION|TRADING_VALUE_EXPANSION,SCALE_UNAVAILABLE,WINDOW_OBSERVED,0,0,0,False,0,0,False,INHERITED_RAW_PRICE_BASIS,True,False
2025-07-16|76100,2025-07-16,76100,09:30,13:55,205,COMPLETE,5,0,UNCHANGED,0.0,SCALE_INSUFFICIENT,,False,,,VOLUME_COMPRESSION|TRADING_VALUE_COMPRESSION,SCALE_UNAVAILABLE,OBSERVATION_INSUFFICIENT,1,0,0,False,0,0,False,INHERITED_RAW_PRICE_BASIS,True,False
2025-07-16|76100,2025-07-16,76100,09:30,14:00,210,COMPLETE,5,0,UNCHANGED,0.0,SCALE_INSUFFICIENT,,False,,,VOLUME_COMPRESSION|TRADING_VALUE_COMPRESSION,SCALE_UNAVAILABLE,OBSERVATION_INSUFFICIENT,1,0,0,False,0,0,False,INHERITED_RAW_PRICE_BASIS,True,False
2025-07-16|76100,2025-07-16,76100,09:30,14:05,215,PARTIAL,4,1,,,SCALE_INSUFFICIENT,,False,,,,CURRENT_BAR_UNAVAILABLE,WINDOW_OBSERVED,0,0,0,False,0,0,False,INHERITED_RAW_PRICE_BASIS,False,False
2025-07-16|76100,2025-07-16,76100,09:30,14:10,220,COMPLETE,5,0,UNCHANGED,0.0,SCALE_INSUFFICIENT,,False,,,,SCALE_UNAVAILABLE,WINDOW_OBSERVED,0,0,0,False,0,0,False,INHERITED_RAW_PRICE_BASIS,False,False
2025-07-16|76100,2025-07-16,76100,09:30,14:15,225,COMPLETE,5,0,UNCHANGED,0.0,SCALE_INSUFFICIENT,,False,,,VOLUME_COMPRESSION|TRADING_VALUE_COMPRESSION,SCALE_UNAVAILABLE,WINDOW_OBSERVED,0,0,0,False,0,2,False,INHERITED_RAW_PRICE_BASIS,True,False
2025-07-16|76100,2025-07-16,76100,09:30,14:20,230,COMPLETE,5,0,UNCHANGED,0.0,SCALE_INSUFFICIENT,,False,,,VOLUME_COMPRESSION|TRADING_VALUE_COMPRESSION,SCALE_UNAVAILABLE,WINDOW_OBSERVED,0,0,0,False,0,1,False,INHERITED_RAW_PRICE_BASIS,True,False
2025-07-16|76100,2025-07-16,76100,09:30,14:25,235,COMPLETE,5,0,DOWN,-0.7246376811594203,SCALE_INSUFFICIENT,,False,,,VOLUME_COMPRESSION|TRADING_VALUE_COMPRESSION,SCALE_UNAVAILABLE,WINDOW_OBSERVED,0,0,0,False,0,0,False,INHERITED_RAW_PRICE_BASIS,True,False
2025-07-16|76100,2025-07-16,76100,09:30,14:30,240,COMPLETE,5,0,UP,0.7299270072992701,SCALE_INSUFFICIENT,,False,,,VOLUME_COMPRESSION|TRADING_VALUE_COMPRESSION,SCALE_UNAVAILABLE,WINDOW_OBSERVED,0,0,0,False,0,2,False,INHERITED_RAW_PRICE_BASIS,True,False
2025-07-16|76100,2025-07-16,76100,09:30,14:35,245,COMPLETE,5,0,UNCHANGED,0.0,SCALE_INSUFFICIENT,,False,,,VOLUME_EXPANSION|TRADING_VALUE_EXPANSION,SCALE_UNAVAILABLE,WINDOW_OBSERVED,0,0,0,False,0,1,False,INHERITED_RAW_PRICE_BASIS,True,False
2025-07-16|76100,2025-07-16,76100,09:30,14:40,250,COMPLETE,5,0,UP,0.7246376811594203,SCALE_INSUFFICIENT,,False,,,VOLUME_EXPANSION|TRADING_VALUE_EXPANSION,SCALE_UNAVAILABLE,OBSERVATION_INSUFFICIENT,3,0,0,False,0,0,False,INHERITED_RAW_PRICE_BASIS,True,False
2025-07-16|76100,2025-07-16,76100,09:30,14:45,255,COMPLETE,5,0,UNCHANGED,0.0,SCALE_INSUFFICIENT,,False,,,VOLUME_COMPRESSION|TRADING_VALUE_COMPRESSION,SCALE_UNAVAILABLE,OBSERVATION_INSUFFICIENT,3,0,0,False,0,0,False,INHERITED_RAW_PRICE_BASIS,True,False
2025-07-16|76100,2025-07-16,76100,09:30,14:50,260,PARTIAL,2,3,,,SCALE_INSUFFICIENT,,False,,,,CURRENT_BAR_UNAVAILABLE,OBSERVATION_INSUFFICIENT,3,0,0,False,0,0,False,INHERITED_RAW_PRICE_BASIS,False,False
2025-07-16|76100,2025-07-16,76100,09:30,14:55,265,COMPLETE,5,0,UP,0.7246376811594203,SCALE_INSUFFICIENT,,False,,,,SCALE_UNAVAILABLE,OBSERVATION_INSUFFICIENT,4,0,0,False,0,0,False,INHERITED_RAW_PRICE_BASIS,False,False
2025-07-16|76100,2025-07-16,76100,09:30,15:00,270,PARTIAL,2,3,,,SCALE_INSUFFICIENT,,False,,,,CURRENT_BAR_UNAVAILABLE,OBSERVATION_INSUFFICIENT,2,0,0,False,0,0,False,INHERITED_RAW_PRICE_BASIS,False,False
2025-07-16|76100,2025-07-16,76100,09:30,15:05,275,PARTIAL,4,1,,,SCALE_INSUFFICIENT,,False,,,,SCALE_UNAVAILABLE,OBSERVATION_INSUFFICIENT,1,0,0,False,0,0,False,INHERITED_RAW_PRICE_BASIS,False,False
2025-07-16|76100,2025-07-16,76100,09:30,15:10,280,PARTIAL,4,1,,,SCALE_INSUFFICIENT,,False,,,,CURRENT_BAR_UNAVAILABLE,WINDOW_OBSERVED,0,0,0,False,0,0,False,INHERITED_RAW_PRICE_BASIS,False,False
2025-07-16|76100,2025-07-16,76100,09:30,15:15,285,COMPLETE,5,0,UNCHANGED,0.0,SCALE_INSUFFICIENT,,False,,,,SCALE_UNAVAILABLE,WINDOW_OBSERVED,0,0,0,False,0,0,False,INHERITED_RAW_PRICE_BASIS,False,False
2025-07-16|76100,2025-07-16,76100,09:30,15:20,290,COMPLETE,5,0,UNCHANGED,0.0,SCALE_INSUFFICIENT,,False,,,VOLUME_EXPANSION|TRADING_VALUE_EXPANSION,SCALE_UNAVAILABLE,RIGHT_CENSORED,0,0,0,False,0,0,False,INHERITED_RAW_PRICE_BASIS,True,False
2025-07-16|76100,2025-07-16,76100,09:30,15:25,295,COMPLETE,5,0,DOWN,-1.4285714285714286,SCALE_INSUFFICIENT,,False,,,RANGE_EXPANSION|VOLUME_EXPANSION|TRADING_VALUE_EXPANSION,SCALE_UNAVAILABLE,RIGHT_CENSORED,0,0,0,False,0,0,False,INHERITED_RAW_PRICE_BASIS,True,False
2025-07-16|79850,2025-07-16,79850,14:30,14:30,0,PARTIAL,1,4,,,SCALE_INSUFFICIENT,,False,,,,CURRENT_BAR_UNAVAILABLE,OBSERVATION_INSUFFICIENT,10,0,0,False,0,0,False,INHERITED_RAW_PRICE_BASIS,False,False
2025-07-16|79850,2025-07-16,79850,14:30,14:35,5,UNAVAILABLE,0,5,,,SCALE_INSUFFICIENT,,False,,,,CURRENT_BAR_UNAVAILABLE,OBSERVATION_INSUFFICIENT,9,0,0,False,0,0,False,INHERITED_RAW_PRICE_BASIS,False,False
2025-07-16|79850,2025-07-16,79850,14:30,14:40,10,UNAVAILABLE,0,5,,,SCALE_INSUFFICIENT,,False,,,,CURRENT_BAR_UNAVAILABLE,OBSERVATION_INSUFFICIENT,7,0,0,False,0,0,False,INHERITED_RAW_PRICE_BASIS,False,False
2025-07-16|79850,2025-07-16,79850,14:30,14:45,15,PARTIAL,1,4,,,SCALE_INSUFFICIENT,,False,,,,CURRENT_BAR_UNAVAILABLE,OBSERVATION_INSUFFICIENT,6,0,0,False,0,0,False,INHERITED_RAW_PRICE_BASIS,False,False
2025-07-16|79850,2025-07-16,79850,14:30,14:50,20,PARTIAL,2,3,,,SCALE_INSUFFICIENT,,False,,,,SCALE_UNAVAILABLE,OBSERVATION_INSUFFICIENT,7,0,0,False,0,0,False,INHERITED_RAW_PRICE_BASIS,False,False
2025-07-16|79850,2025-07-16,79850,14:30,14:55,25,PARTIAL,2,3,,,SCALE_INSUFFICIENT,,False,,,,SCALE_UNAVAILABLE,OBSERVATION_INSUFFICIENT,9,0,0,False,0,0,False,INHERITED_RAW_PRICE_BASIS,False,False
2025-07-16|79850,2025-07-16,79850,14:30,15:00,30,PARTIAL,1,4,,,SCALE_INSUFFICIENT,,False,,,,SCALE_UNAVAILABLE,OBSERVATION_INSUFFICIENT,10,0,0,False,0,0,False,INHERITED_RAW_PRICE_BASIS,False,False
2025-07-16|79850,2025-07-16,79850,14:30,15:05,35,UNAVAILABLE,0,5,,,SCALE_INSUFFICIENT,,False,,,,CURRENT_BAR_UNAVAILABLE,OBSERVATION_INSUFFICIENT,10,0,0,False,0,0,False,INHERITED_RAW_PRICE_BASIS,False,False
2025-07-16|79850,2025-07-16,79850,14:30,15:10,40,UNAVAILABLE,0,5,,,SCALE_INSUFFICIENT,,False,,,,CURRENT_BAR_UNAVAILABLE,OBSERVATION_INSUFFICIENT,10,0,0,False,0,0,False,INHERITED_RAW_PRICE_BASIS,False,False
2025-07-16|79850,2025-07-16,79850,14:30,15:15,45,UNAVAILABLE,0,5,,,SCALE_INSUFFICIENT,,False,,,,CURRENT_BAR_UNAVAILABLE,OBSERVATION_INSUFFICIENT,9,0,0,False,0,0,False,INHERITED_RAW_PRICE_BASIS,False,False
2025-07-16|79850,2025-07-16,79850,14:30,15:20,50,UNAVAILABLE,0,5,,,SCALE_INSUFFICIENT,,False,,,,CURRENT_BAR_UNAVAILABLE,RIGHT_CENSORED,4,0,0,False,0,0,False,INHERITED_RAW_PRICE_BASIS,False,False
2025-07-16|79850,2025-07-16,79850,14:30,15:25,55,PARTIAL,1,4,,,SCALE_INSUFFICIENT,,False,,,,CURRENT_BAR_UNAVAILABLE,RIGHT_CENSORED,0,0,0,False,0,0,False,INHERITED_RAW_PRICE_BASIS,False,False
2025-07-16|88940,2025-07-16,88940,11:00,11:00,0,PARTIAL,4,1,,,AVAILABLE,2.0,False,,,,UNRESOLVED_STRUCTURE,OBSERVATION_INSUFFICIENT,4,0,0,False,0,0,False,INHERITED_RAW_PRICE_BASIS,False,False
2025-07-16|88940,2025-07-16,88940,11:00,11:05,5,PARTIAL,4,1,,,AVAILABLE,2.0,False,,,,CURRENT_BAR_UNAVAILABLE,OBSERVATION_INSUFFICIENT,3,0,0,False,0,1,False,INHERITED_RAW_PRICE_BASIS,False,False
2025-07-16|88940,2025-07-16,88940,11:00,11:10,10,PARTIAL,2,3,,,AVAILABLE,2.0,False,,,,CURRENT_BAR_UNAVAILABLE,WINDOW_OBSERVED,0,0,0,False,0,0,False,INHERITED_RAW_PRICE_BASIS,False,False
2025-07-16|88940,2025-07-16,88940,11:00,11:15,15,COMPLETE,5,0,UNCHANGED,0.0,AVAILABLE,2.0,False,,,,UNRESOLVED_STRUCTURE,WINDOW_OBSERVED,0,0,0,False,0,0,False,INHERITED_RAW_PRICE_BASIS,False,False
2025-07-16|88940,2025-07-16,88940,11:00,11:20,20,COMPLETE,5,0,UNCHANGED,0.0,AVAILABLE,2.0,False,,,VOLUME_EXPANSION|TRADING_VALUE_EXPANSION,UNRESOLVED_STRUCTURE,WINDOW_OBSERVED,0,1,1,False,0,0,False,INHERITED_RAW_PRICE_BASIS,True,False
2025-07-16|88940,2025-07-16,88940,11:00,11:25,25,COMPLETE,5,0,UNCHANGED,0.0,AVAILABLE,2.0,False,,,,UNRESOLVED_STRUCTURE,WINDOW_OBSERVED,0,1,1,False,0,0,False,INHERITED_RAW_PRICE_BASIS,True,False
2025-07-16|88940,2025-07-16,88940,11:00,11:30,30,COMPLETE,5,0,UNCHANGED,0.0,AVAILABLE,2.0,False,,RECOVERY,CHOPPINESS|RANGE_EXPANSION|VOLUME_EXPANSION|TRADING_VALUE_EXPANSION,UNRESOLVED_STRUCTURE,OBSERVATION_INSUFFICIENT,1,0,2,False,1,3,True,INHERITED_RAW_PRICE_BASIS,True,True
2025-07-16|88940,2025-07-16,88940,11:00,12:35,35,COMPLETE,5,0,UNCHANGED,0.0,AVAILABLE,2.0,False,,,,UNRESOLVED_STRUCTURE,OBSERVATION_INSUFFICIENT,2,0,0,False,0,0,False,INHERITED_RAW_PRICE_BASIS,True,True
2025-07-16|88940,2025-07-16,88940,11:00,12:40,40,PARTIAL,4,1,,,AVAILABLE,2.0,False,,,,UNRESOLVED_STRUCTURE,OBSERVATION_INSUFFICIENT,2,1,1,False,0,0,False,INHERITED_RAW_PRICE_BASIS,False,False
2025-07-16|88940,2025-07-16,88940,11:00,12:45,45,PARTIAL,4,1,,,AVAILABLE,2.0,False,,,,UNRESOLVED_STRUCTURE,OBSERVATION_INSUFFICIENT,3,0,0,False,0,1,False,INHERITED_RAW_PRICE_BASIS,False,False
2025-07-16|88940,2025-07-16,88940,11:00,12:50,50,PARTIAL,4,1,,,AVAILABLE,2.0,False,,,,CURRENT_BAR_UNAVAILABLE,OBSERVATION_INSUFFICIENT,2,0,0,False,0,1,False,INHERITED_RAW_PRICE_BASIS,False,False
2025-07-16|88940,2025-07-16,88940,11:00,12:55,55,PARTIAL,3,2,,,AVAILABLE,2.0,False,,,,UNRESOLVED_STRUCTURE,OBSERVATION_INSUFFICIENT,1,0,0,False,0,0,False,INHERITED_RAW_PRICE_BASIS,False,False
2025-07-16|88940,2025-07-16,88940,11:00,13:00,60,COMPLETE,5,0,DOWN,-1.2048192771084338,AVAILABLE,2.0,False,,,,UNRESOLVED_STRUCTURE,OBSERVATION_INSUFFICIENT,1,0,0,False,0,0,False,INHERITED_RAW_PRICE_BASIS,False,False
2025-07-16|88940,2025-07-16,88940,11:00,13:05,65,PARTIAL,4,1,,,AVAILABLE,2.0,False,,,,UNRESOLVED_STRUCTURE,WINDOW_OBSERVED,0,1,1,False,0,1,False,INHERITED_RAW_PRICE_BASIS,False,False
2025-07-16|88940,2025-07-16,88940,11:00,13:10,70,COMPLETE,5,0,UNCHANGED,0.0,AVAILABLE,2.0,False,,,,UNRESOLVED_STRUCTURE,OBSERVATION_INSUFFICIENT,1,0,1,False,0,0,False,INHERITED_RAW_PRICE_BASIS,False,False
2025-07-16|88940,2025-07-16,88940,11:00,13:15,75,COMPLETE,5,0,UNCHANGED,0.0,AVAILABLE,2.0,False,,,VOLUME_COMPRESSION|TRADING_VALUE_COMPRESSION,UNRESOLVED_STRUCTURE,OBSERVATION_INSUFFICIENT,1,0,1,False,0,0,False,INHERITED_RAW_PRICE_BASIS,True,False
2025-07-16|88940,2025-07-16,88940,11:00,13:20,80,PARTIAL,4,1,,,AVAILABLE,2.0,False,,,,UNRESOLVED_STRUCTURE,WINDOW_OBSERVED,0,1,1,False,0,0,False,INHERITED_RAW_PRICE_BASIS,False,False
2025-07-16|88940,2025-07-16,88940,11:00,13:25,85,COMPLETE,5,0,DOWN,-1.2195121951219512,AVAILABLE,2.0,False,,,,UNRESOLVED_STRUCTURE,OBSERVATION_INSUFFICIENT,3,0,1,False,0,0,False,INHERITED_RAW_PRICE_BASIS,False,False
2025-07-16|88940,2025-07-16,88940,11:00,13:30,90,COMPLETE,5,0,UP,1.2345679012345678,AVAILABLE,2.0,False,,,VOLUME_EXPANSION|TRADING_VALUE_EXPANSION,UNRESOLVED_STRUCTURE,OBSERVATION_INSUFFICIENT,5,0,1,False,0,2,False,INHERITED_RAW_PRICE_BASIS,True,False
2025-07-16|88940,2025-07-16,88940,11:00,13:35,95,PARTIAL,2,3,,,AVAILABLE,2.0,False,,,,CURRENT_BAR_UNAVAILABLE,OBSERVATION_INSUFFICIENT,4,0,0,False,0,0,False,INHERITED_RAW_PRICE_BASIS,False,False
2025-07-16|88940,2025-07-16,88940,11:00,13:40,100,PARTIAL,3,2,,,AVAILABLE,2.0,False,,,,UNRESOLVED_STRUCTURE,OBSERVATION_INSUFFICIENT,3,0,0,False,0,1,False,INHERITED_RAW_PRICE_BASIS,False,False
2025-07-16|88940,2025-07-16,88940,11:00,13:45,105,PARTIAL,3,2,,,AVAILABLE,2.0,False,,,,UNRESOLVED_STRUCTURE,OBSERVATION_INSUFFICIENT,2,0,0,False,0,1,False,INHERITED_RAW_PRICE_BASIS,False,False
2025-07-16|88940,2025-07-16,88940,11:00,13:50,110,PARTIAL,4,1,,,AVAILABLE,2.0,False,,,,UNRESOLVED_STRUCTURE,OBSERVATION_INSUFFICIENT,1,0,0,False,0,1,False,INHERITED_RAW_PRICE_BASIS,False,False
2025-07-16|88940,2025-07-16,88940,11:00,13:55,115,PARTIAL,4,1,,,AVAILABLE,2.0,False,,,,UNRESOLVED_STRUCTURE,OBSERVATION_INSUFFICIENT,1,0,0,False,0,1,False,INHERITED_RAW_PRICE_BASIS,False,False
2025-07-16|88940,2025-07-16,88940,11:00,14:00,120,COMPLETE,5,0,UP,1.2345679012345678,AVAILABLE,2.0,False,,,,UNRESOLVED_STRUCTURE,OBSERVATION_INSUFFICIENT,2,0,0,False,0,1,False,INHERITED_RAW_PRICE_BASIS,False,False
2025-07-16|88940,2025-07-16,88940,11:00,14:05,125,PARTIAL,4,1,,,AVAILABLE,2.0,False,,,,CURRENT_BAR_UNAVAILABLE,OBSERVATION_INSUFFICIENT,1,0,0,False,0,0,False,INHERITED_RAW_PRICE_BASIS,False,False
2025-07-16|88940,2025-07-16,88940,11:00,14:10,130,PARTIAL,4,1,,,AVAILABLE,2.0,False,,,,UNRESOLVED_STRUCTURE,OBSERVATION_INSUFFICIENT,2,0,0,False,0,1,False,INHERITED_RAW_PRICE_BASIS,False,False
2025-07-16|88940,2025-07-16,88940,11:00,14:15,135,COMPLETE,5,0,UNCHANGED,0.0,AVAILABLE,2.0,False,,,CHOPPINESS,UNRESOLVED_STRUCTURE,OBSERVATION_INSUFFICIENT,5,0,0,False,0,1,False,INHERITED_RAW_PRICE_BASIS,False,False
2025-07-16|88940,2025-07-16,88940,11:00,14:20,140,PARTIAL,3,2,,,AVAILABLE,2.0,False,,,,UNRESOLVED_STRUCTURE,OBSERVATION_INSUFFICIENT,4,0,0,False,0,1,False,INHERITED_RAW_PRICE_BASIS,False,False
2025-07-16|88940,2025-07-16,88940,11:00,14:25,145,PARTIAL,2,3,,,AVAILABLE,2.0,False,,,,CURRENT_BAR_UNAVAILABLE,OBSERVATION_INSUFFICIENT,2,0,0,False,0,0,False,INHERITED_RAW_PRICE_BASIS,False,False
2025-07-16|88940,2025-07-16,88940,11:00,14:30,150,PARTIAL,4,1,,,AVAILABLE,2.0,False,,,,UNRESOLVED_STRUCTURE,OBSERVATION_INSUFFICIENT,4,0,0,False,0,1,False,INHERITED_RAW_PRICE_BASIS,False,False
2025-07-16|88940,2025-07-16,88940,11:00,14:35,155,PARTIAL,4,1,,,AVAILABLE,2.0,False,,,,UNRESOLVED_STRUCTURE,OBSERVATION_INSUFFICIENT,3,0,0,False,0,0,False,INHERITED_RAW_PRICE_BASIS,False,False
2025-07-16|88940,2025-07-16,88940,11:00,14:40,160,PARTIAL,2,3,,,AVAILABLE,2.0,False,,,,UNRESOLVED_STRUCTURE,WINDOW_OBSERVED,0,0,0,False,0,0,False,INHERITED_RAW_PRICE_BASIS,False,False
2025-07-16|88940,2025-07-16,88940,11:00,14:45,165,COMPLETE,5,0,UNCHANGED,0.0,AVAILABLE,2.0,False,,,,UNRESOLVED_STRUCTURE,WINDOW_OBSERVED,0,0,0,False,0,0,False,INHERITED_RAW_PRICE_BASIS,False,False
2025-07-16|88940,2025-07-16,88940,11:00,14:50,170,COMPLETE,5,0,UP,1.2345679012345678,AVAILABLE,2.0,False,,,VOLUME_EXPANSION|TRADING_VALUE_EXPANSION,UNRESOLVED_STRUCTURE,WINDOW_OBSERVED,0,0,0,False,0,1,False,INHERITED_RAW_PRICE_BASIS,True,False
2025-07-16|88940,2025-07-16,88940,11:00,14:55,175,COMPLETE,5,0,DOWN,-1.2195121951219512,AVAILABLE,2.0,False,,,,UNRESOLVED_STRUCTURE,WINDOW_OBSERVED,0,1,1,False,0,0,False,INHERITED_RAW_PRICE_BASIS,True,False
2025-07-16|88940,2025-07-16,88940,11:00,15:00,180,COMPLETE,5,0,UNCHANGED,0.0,AVAILABLE,2.0,False,,,VOLUME_EXPANSION|TRADING_VALUE_EXPANSION,UNRESOLVED_STRUCTURE,OBSERVATION_INSUFFICIENT,2,1,1,False,0,1,False,INHERITED_RAW_PRICE_BASIS,True,False
2025-07-16|88940,2025-07-16,88940,11:00,15:05,185,COMPLETE,5,0,DOWN,-1.2345679012345678,AVAILABLE,2.0,False,,,VOLUME_EXPANSION|TRADING_VALUE_EXPANSION,UNRESOLVED_STRUCTURE,OBSERVATION_INSUFFICIENT,2,0,1,False,0,1,False,INHERITED_RAW_PRICE_BASIS,True,False
2025-07-16|88940,2025-07-16,88940,11:00,15:10,190,PARTIAL,3,2,,,AVAILABLE,2.0,False,,,,UNRESOLVED_STRUCTURE,WINDOW_OBSERVED,0,0,0,False,0,1,False,INHERITED_RAW_PRICE_BASIS,False,False
2025-07-16|88940,2025-07-16,88940,11:00,15:15,195,COMPLETE,5,0,UNCHANGED,0.0,AVAILABLE,2.0,False,,,CHOPPINESS,UNRESOLVED_STRUCTURE,WINDOW_OBSERVED,0,0,0,False,0,2,False,INHERITED_RAW_PRICE_BASIS,False,False
2025-07-16|88940,2025-07-16,88940,11:00,15:20,200,COMPLETE,5,0,UNCHANGED,0.0,AVAILABLE,2.0,False,,,CHOPPINESS|VOLUME_EXPANSION|TRADING_VALUE_EXPANSION,UNRESOLVED_STRUCTURE,RIGHT_CENSORED,0,0,0,False,0,2,False,INHERITED_RAW_PRICE_BASIS,True,False
2025-07-16|88940,2025-07-16,88940,11:00,15:25,205,COMPLETE,5,0,UP,1.25,AVAILABLE,2.0,False,,,VOLUME_COMPRESSION|TRADING_VALUE_COMPRESSION,UNRESOLVED_STRUCTURE,RIGHT_CENSORED,0,0,0,False,0,1,False,INHERITED_RAW_PRICE_BASIS,True,False
2025-07-16|91270,2025-07-16,91270,11:30,11:30,0,PARTIAL,1,4,,,SCALE_INSUFFICIENT,,False,,,,CURRENT_BAR_UNAVAILABLE,OBSERVATION_INSUFFICIENT,9,0,0,False,0,0,False,INHERITED_RAW_PRICE_BASIS,False,False
2025-07-16|91270,2025-07-16,91270,11:30,12:35,5,PARTIAL,1,4,,,SCALE_INSUFFICIENT,,False,,,,CURRENT_BAR_UNAVAILABLE,OBSERVATION_INSUFFICIENT,10,0,0,False,0,0,False,INHERITED_RAW_PRICE_BASIS,False,False
2025-07-16|91270,2025-07-16,91270,11:30,12:40,10,UNAVAILABLE,0,5,,,SCALE_INSUFFICIENT,,False,,,,CURRENT_BAR_UNAVAILABLE,OBSERVATION_INSUFFICIENT,9,0,0,False,0,0,False,INHERITED_RAW_PRICE_BASIS,False,False
2025-07-16|91270,2025-07-16,91270,11:30,12:45,15,UNAVAILABLE,0,5,,,SCALE_INSUFFICIENT,,False,,,,CURRENT_BAR_UNAVAILABLE,OBSERVATION_INSUFFICIENT,9,0,0,False,0,0,False,INHERITED_RAW_PRICE_BASIS,False,False
2025-07-16|91270,2025-07-16,91270,11:30,12:50,20,PARTIAL,1,4,,,SCALE_INSUFFICIENT,,False,,,,CURRENT_BAR_UNAVAILABLE,OBSERVATION_INSUFFICIENT,10,0,0,False,0,0,False,INHERITED_RAW_PRICE_BASIS,False,False
2025-07-16|91270,2025-07-16,91270,11:30,12:55,25,UNAVAILABLE,0,5,,,SCALE_INSUFFICIENT,,False,,,,CURRENT_BAR_UNAVAILABLE,OBSERVATION_INSUFFICIENT,10,0,0,False,0,0,False,INHERITED_RAW_PRICE_BASIS,False,False
2025-07-16|91270,2025-07-16,91270,11:30,13:00,30,UNAVAILABLE,0,5,,,SCALE_INSUFFICIENT,,False,,,,CURRENT_BAR_UNAVAILABLE,OBSERVATION_INSUFFICIENT,10,0,0,False,0,0,False,INHERITED_RAW_PRICE_BASIS,False,False
2025-07-16|91270,2025-07-16,91270,11:30,13:05,35,UNAVAILABLE,0,5,,,SCALE_INSUFFICIENT,,False,,,,CURRENT_BAR_UNAVAILABLE,OBSERVATION_INSUFFICIENT,10,0,0,False,0,0,False,INHERITED_RAW_PRICE_BASIS,False,False
2025-07-16|91270,2025-07-16,91270,11:30,13:10,40,UNAVAILABLE,0,5,,,SCALE_INSUFFICIENT,,False,,,,CURRENT_BAR_UNAVAILABLE,OBSERVATION_INSUFFICIENT,9,0,0,False,0,0,False,INHERITED_RAW_PRICE_BASIS,False,False
2025-07-16|91270,2025-07-16,91270,11:30,13:15,45,UNAVAILABLE,0,5,,,SCALE_INSUFFICIENT,,False,,,,CURRENT_BAR_UNAVAILABLE,OBSERVATION_INSUFFICIENT,9,0,0,False,0,0,False,INHERITED_RAW_PRICE_BASIS,False,False
2025-07-16|91270,2025-07-16,91270,11:30,13:20,50,PARTIAL,1,4,,,SCALE_INSUFFICIENT,,False,,,,CURRENT_BAR_UNAVAILABLE,OBSERVATION_INSUFFICIENT,10,0,0,False,0,0,False,INHERITED_RAW_PRICE_BASIS,False,False
2025-07-16|91270,2025-07-16,91270,11:30,13:25,55,UNAVAILABLE,0,5,,,SCALE_INSUFFICIENT,,False,,,,CURRENT_BAR_UNAVAILABLE,OBSERVATION_INSUFFICIENT,9,0,0,False,0,0,False,INHERITED_RAW_PRICE_BASIS,False,False
2025-07-16|91270,2025-07-16,91270,11:30,13:30,60,UNAVAILABLE,0,5,,,SCALE_INSUFFICIENT,,False,,,,CURRENT_BAR_UNAVAILABLE,OBSERVATION_INSUFFICIENT,8,0,0,False,0,0,False,INHERITED_RAW_PRICE_BASIS,False,False
2025-07-16|91270,2025-07-16,91270,11:30,13:35,65,PARTIAL,1,4,,,SCALE_INSUFFICIENT,,False,,,,CURRENT_BAR_UNAVAILABLE,OBSERVATION_INSUFFICIENT,8,0,0,False,0,0,False,INHERITED_RAW_PRICE_BASIS,False,False
2025-07-16|91270,2025-07-16,91270,11:30,13:40,70,PARTIAL,1,4,,,SCALE_INSUFFICIENT,,False,,,,CURRENT_BAR_UNAVAILABLE,OBSERVATION_INSUFFICIENT,9,0,0,False,0,0,False,INHERITED_RAW_PRICE_BASIS,False,False
2025-07-16|91270,2025-07-16,91270,11:30,13:45,75,PARTIAL,1,4,,,SCALE_INSUFFICIENT,,False,,,,CURRENT_BAR_UNAVAILABLE,OBSERVATION_INSUFFICIENT,9,0,0,False,0,0,False,INHERITED_RAW_PRICE_BASIS,False,False
2025-07-16|91270,2025-07-16,91270,11:30,13:50,80,UNAVAILABLE,0,5,,,SCALE_INSUFFICIENT,,False,,,,CURRENT_BAR_UNAVAILABLE,OBSERVATION_INSUFFICIENT,9,0,0,False,0,0,False,INHERITED_RAW_PRICE_BASIS,False,False
2025-07-16|91270,2025-07-16,91270,11:30,13:55,85,PARTIAL,1,4,,,SCALE_INSUFFICIENT,,False,,,,CURRENT_BAR_UNAVAILABLE,OBSERVATION_INSUFFICIENT,10,0,0,False,0,0,False,INHERITED_RAW_PRICE_BASIS,False,False
2025-07-16|91270,2025-07-16,91270,11:30,14:00,90,UNAVAILABLE,0,5,,,SCALE_INSUFFICIENT,,False,,,,CURRENT_BAR_UNAVAILABLE,OBSERVATION_INSUFFICIENT,9,0,0,False,0,0,False,INHERITED_RAW_PRICE_BASIS,False,False
2025-07-16|91270,2025-07-16,91270,11:30,14:05,95,UNAVAILABLE,0,5,,,SCALE_INSUFFICIENT,,False,,,,CURRENT_BAR_UNAVAILABLE,OBSERVATION_INSUFFICIENT,9,0,0,False,0,0,False,INHERITED_RAW_PRICE_BASIS,False,False
2025-07-16|91270,2025-07-16,91270,11:30,14:10,100,PARTIAL,1,4,,,SCALE_INSUFFICIENT,,False,,,,SCALE_UNAVAILABLE,OBSERVATION_INSUFFICIENT,10,0,0,False,0,0,False,INHERITED_RAW_PRICE_BASIS,False,False
2025-07-16|91270,2025-07-16,91270,11:30,14:15,105,UNAVAILABLE,0,5,,,SCALE_INSUFFICIENT,,False,,,,CURRENT_BAR_UNAVAILABLE,OBSERVATION_INSUFFICIENT,10,0,0,False,0,0,False,INHERITED_RAW_PRICE_BASIS,False,False
2025-07-16|91270,2025-07-16,91270,11:30,14:20,110,UNAVAILABLE,0,5,,,SCALE_INSUFFICIENT,,False,,,,CURRENT_BAR_UNAVAILABLE,OBSERVATION_INSUFFICIENT,10,0,0,False,0,0,False,INHERITED_RAW_PRICE_BASIS,False,False
2025-07-16|91270,2025-07-16,91270,11:30,14:25,115,UNAVAILABLE,0,5,,,SCALE_INSUFFICIENT,,False,,,,CURRENT_BAR_UNAVAILABLE,OBSERVATION_INSUFFICIENT,10,0,0,False,0,0,False,INHERITED_RAW_PRICE_BASIS,False,False
2025-07-16|91270,2025-07-16,91270,11:30,14:30,120,UNAVAILABLE,0,5,,,SCALE_INSUFFICIENT,,False,,,,CURRENT_BAR_UNAVAILABLE,OBSERVATION_INSUFFICIENT,9,0,0,False,0,0,False,INHERITED_RAW_PRICE_BASIS,False,False
2025-07-16|91270,2025-07-16,91270,11:30,14:35,125,UNAVAILABLE,0,5,,,SCALE_INSUFFICIENT,,False,,,,CURRENT_BAR_UNAVAILABLE,OBSERVATION_INSUFFICIENT,9,0,0,False,0,0,False,INHERITED_RAW_PRICE_BASIS,False,False
2025-07-16|91270,2025-07-16,91270,11:30,14:40,130,PARTIAL,1,4,,,SCALE_INSUFFICIENT,,False,,,,SCALE_UNAVAILABLE,OBSERVATION_INSUFFICIENT,10,0,0,False,0,0,False,INHERITED_RAW_PRICE_BASIS,False,False
2025-07-16|91270,2025-07-16,91270,11:30,14:45,135,UNAVAILABLE,0,5,,,SCALE_INSUFFICIENT,,False,,,,CURRENT_BAR_UNAVAILABLE,OBSERVATION_INSUFFICIENT,8,0,0,False,0,0,False,INHERITED_RAW_PRICE_BASIS,False,False
2025-07-16|91270,2025-07-16,91270,11:30,14:50,140,UNAVAILABLE,0,5,,,SCALE_INSUFFICIENT,,False,,,,CURRENT_BAR_UNAVAILABLE,OBSERVATION_INSUFFICIENT,6,0,0,False,0,0,False,INHERITED_RAW_PRICE_BASIS,False,False
2025-07-16|91270,2025-07-16,91270,11:30,14:55,145,PARTIAL,2,3,,,SCALE_INSUFFICIENT,,False,,,,CURRENT_BAR_UNAVAILABLE,OBSERVATION_INSUFFICIENT,8,0,0,False,1,0,False,INHERITED_RAW_PRICE_BASIS,False,False
2025-07-16|91270,2025-07-16,91270,11:30,15:00,150,PARTIAL,2,3,,,SCALE_INSUFFICIENT,,False,,,,SCALE_UNAVAILABLE,OBSERVATION_INSUFFICIENT,10,0,0,False,0,0,False,INHERITED_RAW_PRICE_BASIS,False,False
2025-07-16|91270,2025-07-16,91270,11:30,15:05,155,UNAVAILABLE,0,5,,,SCALE_INSUFFICIENT,,False,,,,CURRENT_BAR_UNAVAILABLE,OBSERVATION_INSUFFICIENT,9,0,0,False,0,0,False,INHERITED_RAW_PRICE_BASIS,False,False
2025-07-16|91270,2025-07-16,91270,11:30,15:10,160,UNAVAILABLE,0,5,,,SCALE_INSUFFICIENT,,False,,,,CURRENT_BAR_UNAVAILABLE,OBSERVATION_INSUFFICIENT,7,0,0,False,0,0,False,INHERITED_RAW_PRICE_BASIS,False,False
2025-07-16|91270,2025-07-16,91270,11:30,15:15,165,PARTIAL,1,4,,,SCALE_INSUFFICIENT,,False,,,,CURRENT_BAR_UNAVAILABLE,OBSERVATION_INSUFFICIENT,6,0,0,False,0,0,False,INHERITED_RAW_PRICE_BASIS,False,False
2025-07-16|91270,2025-07-16,91270,11:30,15:20,170,PARTIAL,2,3,,,SCALE_INSUFFICIENT,,False,,,,CURRENT_BAR_UNAVAILABLE,RIGHT_CENSORED,3,0,0,False,0,2,False,INHERITED_RAW_PRICE_BASIS,False,False
2025-07-16|91270,2025-07-16,91270,11:30,15:25,175,PARTIAL,2,3,,,SCALE_INSUFFICIENT,,False,,,,SCALE_UNAVAILABLE,RIGHT_CENSORED,0,0,0,False,0,0,False,INHERITED_RAW_PRICE_BASIS,False,False
2025-07-16|92140,2025-07-16,92140,13:30,13:30,0,PARTIAL,1,4,,,SCALE_INSUFFICIENT,,False,,,,CURRENT_BAR_UNAVAILABLE,OBSERVATION_INSUFFICIENT,7,0,0,False,0,0,False,INHERITED_RAW_PRICE_BASIS,False,False
2025-07-16|92140,2025-07-16,92140,13:30,13:35,5,PARTIAL,1,4,,,SCALE_INSUFFICIENT,,False,,,,CURRENT_BAR_UNAVAILABLE,OBSERVATION_INSUFFICIENT,8,0,0,False,0,0,False,INHERITED_RAW_PRICE_BASIS,False,False
2025-07-16|92140,2025-07-16,92140,13:30,13:40,10,PARTIAL,2,3,,,SCALE_INSUFFICIENT,,False,,,,SCALE_UNAVAILABLE,OBSERVATION_INSUFFICIENT,10,0,0,False,0,0,False,INHERITED_RAW_PRICE_BASIS,False,False
2025-07-16|92140,2025-07-16,92140,13:30,13:45,15,UNAVAILABLE,0,5,,,SCALE_INSUFFICIENT,,False,,,,CURRENT_BAR_UNAVAILABLE,OBSERVATION_INSUFFICIENT,10,0,0,False,0,0,False,INHERITED_RAW_PRICE_BASIS,False,False
2025-07-16|92140,2025-07-16,92140,13:30,13:50,20,UNAVAILABLE,0,5,,,SCALE_INSUFFICIENT,,False,,,,CURRENT_BAR_UNAVAILABLE,OBSERVATION_INSUFFICIENT,10,0,0,False,0,0,False,INHERITED_RAW_PRICE_BASIS,False,False
2025-07-16|92140,2025-07-16,92140,13:30,13:55,25,UNAVAILABLE,0,5,,,SCALE_INSUFFICIENT,,False,,,,CURRENT_BAR_UNAVAILABLE,OBSERVATION_INSUFFICIENT,7,0,0,False,0,0,False,INHERITED_RAW_PRICE_BASIS,False,False
2025-07-16|92140,2025-07-16,92140,13:30,14:00,30,UNAVAILABLE,0,5,,,SCALE_INSUFFICIENT,,False,,,,CURRENT_BAR_UNAVAILABLE,OBSERVATION_INSUFFICIENT,5,0,0,False,0,0,False,INHERITED_RAW_PRICE_BASIS,False,False
2025-07-16|92140,2025-07-16,92140,13:30,14:05,35,PARTIAL,3,2,,,SCALE_INSUFFICIENT,,False,,,,SCALE_UNAVAILABLE,OBSERVATION_INSUFFICIENT,3,0,0,False,2,0,False,INHERITED_RAW_PRICE_BASIS,False,False
2025-07-16|92140,2025-07-16,92140,13:30,14:10,40,PARTIAL,2,3,,,SCALE_INSUFFICIENT,,False,,,,SCALE_UNAVAILABLE,OBSERVATION_INSUFFICIENT,3,0,0,False,0,0,False,INHERITED_RAW_PRICE_BASIS,False,False
2025-07-16|92140,2025-07-16,92140,13:30,14:15,45,COMPLETE,5,0,DOWN,-4.307909604519774,SCALE_INSUFFICIENT,,False,,,,SCALE_UNAVAILABLE,OBSERVATION_INSUFFICIENT,8,0,0,False,3,3,False,INHERITED_RAW_PRICE_BASIS,False,False
2025-07-16|92140,2025-07-16,92140,13:30,14:20,50,PARTIAL,2,3,,,SCALE_INSUFFICIENT,,False,,,,CURRENT_BAR_UNAVAILABLE,OBSERVATION_INSUFFICIENT,10,0,0,False,4,4,False,INHERITED_RAW_PRICE_BASIS,False,False
2025-07-16|92140,2025-07-16,92140,13:30,14:25,55,UNAVAILABLE,0,5,,,SCALE_INSUFFICIENT,,False,,,,CURRENT_BAR_UNAVAILABLE,OBSERVATION_INSUFFICIENT,10,0,0,False,0,0,False,INHERITED_RAW_PRICE_BASIS,False,False
2025-07-16|92140,2025-07-16,92140,13:30,14:30,60,UNAVAILABLE,0,5,,,SCALE_INSUFFICIENT,,False,,,,CURRENT_BAR_UNAVAILABLE,OBSERVATION_INSUFFICIENT,10,0,0,False,0,0,False,INHERITED_RAW_PRICE_BASIS,False,False
2025-07-16|92140,2025-07-16,92140,13:30,14:35,65,UNAVAILABLE,0,5,,,SCALE_INSUFFICIENT,,False,,,,CURRENT_BAR_UNAVAILABLE,OBSERVATION_INSUFFICIENT,9,0,0,False,0,0,False,INHERITED_RAW_PRICE_BASIS,False,False
2025-07-16|92140,2025-07-16,92140,13:30,14:40,70,UNAVAILABLE,0,5,,,SCALE_INSUFFICIENT,,False,,,,CURRENT_BAR_UNAVAILABLE,OBSERVATION_INSUFFICIENT,8,0,0,False,0,0,False,INHERITED_RAW_PRICE_BASIS,False,False
2025-07-16|92140,2025-07-16,92140,13:30,14:45,75,PARTIAL,1,4,,,SCALE_INSUFFICIENT,,False,,,,CURRENT_BAR_UNAVAILABLE,OBSERVATION_INSUFFICIENT,9,0,0,False,0,0,False,INHERITED_RAW_PRICE_BASIS,False,False
2025-07-16|92140,2025-07-16,92140,13:30,14:50,80,PARTIAL,1,4,,,SCALE_INSUFFICIENT,,False,,,,CURRENT_BAR_UNAVAILABLE,OBSERVATION_INSUFFICIENT,10,0,0,False,0,0,False,INHERITED_RAW_PRICE_BASIS,False,False
2025-07-16|92140,2025-07-16,92140,13:30,14:55,85,UNAVAILABLE,0,5,,,SCALE_INSUFFICIENT,,False,,,,CURRENT_BAR_UNAVAILABLE,OBSERVATION_INSUFFICIENT,10,0,0,False,0,0,False,INHERITED_RAW_PRICE_BASIS,False,False
2025-07-16|92140,2025-07-16,92140,13:30,15:00,90,UNAVAILABLE,0,5,,,SCALE_INSUFFICIENT,,False,,,,CURRENT_BAR_UNAVAILABLE,OBSERVATION_INSUFFICIENT,10,0,0,False,0,0,False,INHERITED_RAW_PRICE_BASIS,False,False
2025-07-16|92140,2025-07-16,92140,13:30,15:05,95,UNAVAILABLE,0,5,,,SCALE_INSUFFICIENT,,False,,,,CURRENT_BAR_UNAVAILABLE,OBSERVATION_INSUFFICIENT,10,0,0,False,0,0,False,INHERITED_RAW_PRICE_BASIS,False,False
2025-07-16|92140,2025-07-16,92140,13:30,15:10,100,UNAVAILABLE,0,5,,,SCALE_INSUFFICIENT,,False,,,,CURRENT_BAR_UNAVAILABLE,OBSERVATION_INSUFFICIENT,10,0,0,False,0,0,False,INHERITED_RAW_PRICE_BASIS,False,False
2025-07-16|92140,2025-07-16,92140,13:30,15:15,105,UNAVAILABLE,0,5,,,SCALE_INSUFFICIENT,,False,,,,CURRENT_BAR_UNAVAILABLE,OBSERVATION_INSUFFICIENT,10,0,0,False,0,0,False,INHERITED_RAW_PRICE_BASIS,False,False
2025-07-16|92140,2025-07-16,92140,13:30,15:20,110,UNAVAILABLE,0,5,,,SCALE_INSUFFICIENT,,False,,,,CURRENT_BAR_UNAVAILABLE,RIGHT_CENSORED,5,0,0,False,0,0,False,INHERITED_RAW_PRICE_BASIS,False,False
2025-07-16|92140,2025-07-16,92140,13:30,15:25,115,UNAVAILABLE,0,5,,,SCALE_INSUFFICIENT,,False,,,,CURRENT_BAR_UNAVAILABLE,RIGHT_CENSORED,0,0,0,False,0,0,False,INHERITED_RAW_PRICE_BASIS,False,False
2025-07-16|94250,2025-07-16,94250,11:30,11:30,0,PARTIAL,2,3,,,SCALE_INSUFFICIENT,,False,,,,CURRENT_BAR_UNAVAILABLE,OBSERVATION_INSUFFICIENT,6,0,0,False,0,0,False,INHERITED_RAW_PRICE_BASIS,False,False
2025-07-16|94250,2025-07-16,94250,11:30,12:35,5,PARTIAL,2,3,,,SCALE_INSUFFICIENT,,False,,,,CURRENT_BAR_UNAVAILABLE,OBSERVATION_INSUFFICIENT,7,0,0,False,2,0,False,INHERITED_RAW_PRICE_BASIS,False,False
2025-07-16|94250,2025-07-16,94250,11:30,12:40,10,PARTIAL,2,3,,,SCALE_INSUFFICIENT,,False,,,,CURRENT_BAR_UNAVAILABLE,OBSERVATION_INSUFFICIENT,7,0,0,False,0,0,False,INHERITED_RAW_PRICE_BASIS,False,False
2025-07-16|94250,2025-07-16,94250,11:30,12:45,15,PARTIAL,1,4,,,SCALE_INSUFFICIENT,,False,,,,CURRENT_BAR_UNAVAILABLE,OBSERVATION_INSUFFICIENT,6,0,0,False,0,0,False,INHERITED_RAW_PRICE_BASIS,False,False
2025-07-16|94250,2025-07-16,94250,11:30,12:50,20,PARTIAL,2,3,,,SCALE_INSUFFICIENT,,False,,,,CURRENT_BAR_UNAVAILABLE,OBSERVATION_INSUFFICIENT,6,0,0,False,0,0,False,INHERITED_RAW_PRICE_BASIS,False,False
2025-07-16|94250,2025-07-16,94250,11:30,12:55,25,PARTIAL,2,3,,,SCALE_INSUFFICIENT,,False,,,,SCALE_UNAVAILABLE,OBSERVATION_INSUFFICIENT,8,0,0,False,0,0,False,INHERITED_RAW_PRICE_BASIS,False,False
2025-07-16|94250,2025-07-16,94250,11:30,13:00,30,PARTIAL,2,3,,,SCALE_INSUFFICIENT,,False,,,,CURRENT_BAR_UNAVAILABLE,OBSERVATION_INSUFFICIENT,9,0,0,False,0,0,False,INHERITED_RAW_PRICE_BASIS,False,False
2025-07-16|94250,2025-07-16,94250,11:30,13:05,35,UNAVAILABLE,0,5,,,SCALE_INSUFFICIENT,,False,,,,CURRENT_BAR_UNAVAILABLE,OBSERVATION_INSUFFICIENT,6,0,0,False,0,0,False,INHERITED_RAW_PRICE_BASIS,False,False
2025-07-16|94250,2025-07-16,94250,11:30,13:10,40,PARTIAL,1,4,,,SCALE_INSUFFICIENT,,False,,,,CURRENT_BAR_UNAVAILABLE,OBSERVATION_INSUFFICIENT,5,0,0,False,0,0,False,INHERITED_RAW_PRICE_BASIS,False,False
2025-07-16|94250,2025-07-16,94250,11:30,13:15,45,PARTIAL,3,2,,,SCALE_INSUFFICIENT,,False,,,,CURRENT_BAR_UNAVAILABLE,OBSERVATION_INSUFFICIENT,5,0,0,False,0,0,False,INHERITED_RAW_PRICE_BASIS,False,False
2025-07-16|94250,2025-07-16,94250,11:30,13:20,50,PARTIAL,2,3,,,SCALE_INSUFFICIENT,,False,,,,SCALE_UNAVAILABLE,OBSERVATION_INSUFFICIENT,4,0,0,False,0,0,False,INHERITED_RAW_PRICE_BASIS,False,False
2025-07-16|94250,2025-07-16,94250,11:30,13:25,55,PARTIAL,3,2,,,SCALE_INSUFFICIENT,,False,,,,SCALE_UNAVAILABLE,OBSERVATION_INSUFFICIENT,6,0,0,False,0,0,False,INHERITED_RAW_PRICE_BASIS,False,False
2025-07-16|94250,2025-07-16,94250,11:30,13:30,60,PARTIAL,3,2,,,SCALE_INSUFFICIENT,,False,,,,SCALE_UNAVAILABLE,OBSERVATION_INSUFFICIENT,5,0,0,False,0,0,False,INHERITED_RAW_PRICE_BASIS,False,False
2025-07-16|94250,2025-07-16,94250,11:30,13:35,65,PARTIAL,1,4,,,SCALE_INSUFFICIENT,,False,,,,CURRENT_BAR_UNAVAILABLE,OBSERVATION_INSUFFICIENT,1,0,0,False,0,0,False,INHERITED_RAW_PRICE_BASIS,False,False
2025-07-16|94250,2025-07-16,94250,11:30,13:40,70,PARTIAL,4,1,,,SCALE_INSUFFICIENT,,False,,,,SCALE_UNAVAILABLE,OBSERVATION_INSUFFICIENT,3,0,0,False,2,2,False,INHERITED_RAW_PRICE_BASIS,False,False
2025-07-16|94250,2025-07-16,94250,11:30,13:45,75,COMPLETE,5,0,UP,0.2932551319648094,SCALE_INSUFFICIENT,,False,,,,SCALE_UNAVAILABLE,OBSERVATION_INSUFFICIENT,5,0,0,False,0,1,False,INHERITED_RAW_PRICE_BASIS,False,False
2025-07-16|94250,2025-07-16,94250,11:30,13:50,80,PARTIAL,2,3,,,SCALE_INSUFFICIENT,,False,,,,SCALE_UNAVAILABLE,OBSERVATION_INSUFFICIENT,6,0,0,False,0,0,False,INHERITED_RAW_PRICE_BASIS,False,False
2025-07-16|94250,2025-07-16,94250,11:30,13:55,85,PARTIAL,3,2,,,SCALE_INSUFFICIENT,,False,,,,CURRENT_BAR_UNAVAILABLE,OBSERVATION_INSUFFICIENT,9,0,0,False,0,0,False,INHERITED_RAW_PRICE_BASIS,False,False
2025-07-16|94250,2025-07-16,94250,11:30,14:00,90,PARTIAL,1,4,,,SCALE_INSUFFICIENT,,False,,,,CURRENT_BAR_UNAVAILABLE,OBSERVATION_INSUFFICIENT,7,0,0,False,0,0,False,INHERITED_RAW_PRICE_BASIS,False,False
2025-07-16|94250,2025-07-16,94250,11:30,14:05,95,UNAVAILABLE,0,5,,,SCALE_INSUFFICIENT,,False,,,,CURRENT_BAR_UNAVAILABLE,OBSERVATION_INSUFFICIENT,4,0,0,False,0,0,False,INHERITED_RAW_PRICE_BASIS,False,False
2025-07-16|94250,2025-07-16,94250,11:30,14:10,100,PARTIAL,3,2,,,SCALE_INSUFFICIENT,,False,,,,SCALE_UNAVAILABLE,OBSERVATION_INSUFFICIENT,7,0,0,False,2,0,False,INHERITED_RAW_PRICE_BASIS,False,False
2025-07-16|94250,2025-07-16,94250,11:30,14:15,105,PARTIAL,3,2,,,SCALE_INSUFFICIENT,,False,,,,CURRENT_BAR_UNAVAILABLE,OBSERVATION_INSUFFICIENT,10,0,0,False,0,2,False,INHERITED_RAW_PRICE_BASIS,False,False
2025-07-16|94250,2025-07-16,94250,11:30,14:20,110,UNAVAILABLE,0,5,,,SCALE_INSUFFICIENT,,False,,,,CURRENT_BAR_UNAVAILABLE,OBSERVATION_INSUFFICIENT,9,0,0,False,0,0,False,INHERITED_RAW_PRICE_BASIS,False,False
2025-07-16|94250,2025-07-16,94250,11:30,14:25,115,UNAVAILABLE,0,5,,,SCALE_INSUFFICIENT,,False,,,,CURRENT_BAR_UNAVAILABLE,OBSERVATION_INSUFFICIENT,7,0,0,False,0,0,False,INHERITED_RAW_PRICE_BASIS,False,False
2025-07-16|94250,2025-07-16,94250,11:30,14:30,120,PARTIAL,1,4,,,SCALE_INSUFFICIENT,,False,,,,CURRENT_BAR_UNAVAILABLE,OBSERVATION_INSUFFICIENT,4,0,0,False,2,0,False,INHERITED_RAW_PRICE_BASIS,False,False
2025-07-16|94250,2025-07-16,94250,11:30,14:35,125,PARTIAL,2,3,,,SCALE_INSUFFICIENT,,False,,,,CURRENT_BAR_UNAVAILABLE,OBSERVATION_INSUFFICIENT,3,0,0,False,0,0,False,INHERITED_RAW_PRICE_BASIS,False,False
2025-07-16|94250,2025-07-16,94250,11:30,14:40,130,PARTIAL,4,1,,,SCALE_INSUFFICIENT,,False,,,,CURRENT_BAR_UNAVAILABLE,OBSERVATION_INSUFFICIENT,4,0,0,False,2,0,False,INHERITED_RAW_PRICE_BASIS,False,False
2025-07-16|94250,2025-07-16,94250,11:30,14:45,135,PARTIAL,3,2,,,SCALE_INSUFFICIENT,,False,,,,SCALE_UNAVAILABLE,OBSERVATION_INSUFFICIENT,5,0,0,False,0,0,False,INHERITED_RAW_PRICE_BASIS,False,False
2025-07-16|94250,2025-07-16,94250,11:30,14:50,140,PARTIAL,3,2,,,SCALE_INSUFFICIENT,,False,,,,SCALE_UNAVAILABLE,OBSERVATION_INSUFFICIENT,6,0,0,False,0,0,False,INHERITED_RAW_PRICE_BASIS,False,False
2025-07-16|94250,2025-07-16,94250,11:30,14:55,145,PARTIAL,2,3,,,SCALE_INSUFFICIENT,,False,,,,SCALE_UNAVAILABLE,OBSERVATION_INSUFFICIENT,8,0,0,False,0,0,False,INHERITED_RAW_PRICE_BASIS,False,False
2025-07-16|94250,2025-07-16,94250,11:30,15:00,150,PARTIAL,2,3,,,SCALE_INSUFFICIENT,,False,,,,SCALE_UNAVAILABLE,OBSERVATION_INSUFFICIENT,7,0,0,False,0,0,False,INHERITED_RAW_PRICE_BASIS,False,False
2025-07-16|94250,2025-07-16,94250,11:30,15:05,155,UNAVAILABLE,0,5,,,SCALE_INSUFFICIENT,,False,,,,CURRENT_BAR_UNAVAILABLE,OBSERVATION_INSUFFICIENT,7,0,0,False,0,0,False,INHERITED_RAW_PRICE_BASIS,False,False
2025-07-16|94250,2025-07-16,94250,11:30,15:10,160,PARTIAL,3,2,,,SCALE_INSUFFICIENT,,False,,,,CURRENT_BAR_UNAVAILABLE,OBSERVATION_INSUFFICIENT,7,0,0,False,2,0,False,INHERITED_RAW_PRICE_BASIS,False,False
2025-07-16|94250,2025-07-16,94250,11:30,15:15,165,UNAVAILABLE,0,5,,,SCALE_INSUFFICIENT,,False,,,,CURRENT_BAR_UNAVAILABLE,OBSERVATION_INSUFFICIENT,5,0,0,False,0,0,False,INHERITED_RAW_PRICE_BASIS,False,False
2025-07-16|94250,2025-07-16,94250,11:30,15:20,170,PARTIAL,3,2,,,SCALE_INSUFFICIENT,,False,,,,SCALE_UNAVAILABLE,RIGHT_CENSORED,3,0,0,False,2,0,False,INHERITED_RAW_PRICE_BASIS,False,False
2025-07-16|94250,2025-07-16,94250,11:30,15:25,175,PARTIAL,2,3,,,SCALE_INSUFFICIENT,,False,,,,CURRENT_BAR_UNAVAILABLE,RIGHT_CENSORED,0,0,0,False,0,0,False,INHERITED_RAW_PRICE_BASIS,False,False
2025-07-16|98780,2025-07-16,98780,11:00,11:00,0,COMPLETE,5,0,DOWN,-0.15071590052750566,AVAILABLE,20.0,False,,,CHOPPINESS|RANGE_COMPRESSION,UNRESOLVED_STRUCTURE,WINDOW_OBSERVED,0,0,1,False,5,0,False,INHERITED_RAW_PRICE_BASIS,False,False
2025-07-16|98780,2025-07-16,98780,11:00,11:05,5,COMPLETE,5,0,DOWN,-0.0757002271006813,AVAILABLE,20.0,False,,,,UNRESOLVED_STRUCTURE,WINDOW_OBSERVED,0,0,1,False,3,1,False,INHERITED_RAW_PRICE_BASIS,True,False
2025-07-16|98780,2025-07-16,98780,11:00,11:10,10,COMPLETE,5,0,UP,0.15174506828528073,AVAILABLE,20.0,False,,,RANGE_COMPRESSION|VOLUME_COMPRESSION|TRADING_VALUE_COMPRESSION,UNRESOLVED_STRUCTURE,WINDOW_OBSERVED,0,0,1,False,0,0,False,INHERITED_RAW_PRICE_BASIS,True,False
2025-07-16|98780,2025-07-16,98780,11:00,11:15,15,COMPLETE,5,0,DOWN,-0.9870918754745635,AVAILABLE,20.0,False,,,RANGE_EXPANSION|VOLUME_EXPANSION|TRADING_VALUE_EXPANSION,UNRESOLVED_STRUCTURE,WINDOW_OBSERVED,0,0,1,False,1,1,False,INHERITED_RAW_PRICE_BASIS,True,False
2025-07-16|98780,2025-07-16,98780,11:00,11:20,20,COMPLETE,5,0,UNCHANGED,0.0,AVAILABLE,20.0,False,,,CHOPPINESS,UNRESOLVED_STRUCTURE,WINDOW_OBSERVED,0,0,1,False,2,4,False,INHERITED_RAW_PRICE_BASIS,True,False
2025-07-16|98780,2025-07-16,98780,11:00,11:25,25,COMPLETE,5,0,UP,0.15337423312883436,AVAILABLE,20.0,False,,RECOVERY,VOLUME_COMPRESSION|TRADING_VALUE_COMPRESSION,UNRESOLVED_STRUCTURE,WINDOW_OBSERVED,0,1,2,False,2,2,True,INHERITED_RAW_PRICE_BASIS,True,True
2025-07-16|98780,2025-07-16,98780,11:00,11:30,30,COMPLETE,5,0,UP,0.7651109410864575,AVAILABLE,20.0,False,RANGE_STRUCTURE,BALANCE|RECOVERY,VOLUME_COMPRESSION|TRADING_VALUE_COMPRESSION,IDENTIFIED,WINDOW_OBSERVED,0,0,2,True,0,0,True,INHERITED_RAW_PRICE_BASIS,True,True
2025-07-16|98780,2025-07-16,98780,11:00,12:35,35,COMPLETE,5,0,UP,0.303951367781155,AVAILABLE,20.0,False,RANGE_STRUCTURE,BALANCE,,IDENTIFIED,WINDOW_OBSERVED,0,0,0,True,0,0,True,INHERITED_RAW_PRICE_BASIS,True,True
2025-07-16|98780,2025-07-16,98780,11:00,12:40,40,COMPLETE,5,0,DOWN,-0.7598784194528876,AVAILABLE,20.0,False,RANGE_STRUCTURE,BALANCE,,IDENTIFIED,OBSERVATION_INSUFFICIENT,1,0,0,True,0,0,True,INHERITED_RAW_PRICE_BASIS,True,False
2025-07-16|98780,2025-07-16,98780,11:00,12:45,45,COMPLETE,5,0,UP,0.22953328232593725,AVAILABLE,20.0,False,RANGE_STRUCTURE,BALANCE,CHOPPINESS,IDENTIFIED,OBSERVATION_INSUFFICIENT,2,0,0,True,0,0,True,INHERITED_RAW_PRICE_BASIS,True,False
2025-07-16|98780,2025-07-16,98780,11:00,12:50,50,PARTIAL,4,1,,,AVAILABLE,20.0,False,,,,UNRESOLVED_STRUCTURE,OBSERVATION_INSUFFICIENT,1,0,0,False,0,0,False,INHERITED_RAW_PRICE_BASIS,False,False
2025-07-16|98780,2025-07-16,98780,11:00,12:55,55,PARTIAL,4,1,,,AVAILABLE,20.0,False,,,,UNRESOLVED_STRUCTURE,OBSERVATION_INSUFFICIENT,2,0,0,False,1,0,False,INHERITED_RAW_PRICE_BASIS,False,False
2025-07-16|98780,2025-07-16,98780,11:00,13:00,60,COMPLETE,5,0,DOWN,-0.3108003108003108,AVAILABLE,20.0,False,,,CHOPPINESS,UNRESOLVED_STRUCTURE,OBSERVATION_INSUFFICIENT,2,0,0,False,1,2,False,INHERITED_RAW_PRICE_BASIS,False,False
2025-07-16|98780,2025-07-16,98780,11:00,13:05,65,PARTIAL,3,2,,,AVAILABLE,20.0,False,,,,CURRENT_BAR_UNAVAILABLE,OBSERVATION_INSUFFICIENT,1,0,0,False,0,0,False,INHERITED_RAW_PRICE_BASIS,False,False
2025-07-16|98780,2025-07-16,98780,11:00,13:10,70,COMPLETE,5,0,DOWN,-0.07763975155279502,AVAILABLE,20.0,False,,,,UNRESOLVED_STRUCTURE,OBSERVATION_INSUFFICIENT,4,0,0,False,0,0,False,INHERITED_RAW_PRICE_BASIS,False,False
2025-07-16|98780,2025-07-16,98780,11:00,13:15,75,PARTIAL,4,1,,,AVAILABLE,20.0,False,,,,UNRESOLVED_STRUCTURE,OBSERVATION_INSUFFICIENT,3,0,0,False,0,0,False,INHERITED_RAW_PRICE_BASIS,False,False
2025-07-16|98780,2025-07-16,98780,11:00,13:20,80,PARTIAL,2,3,,,AVAILABLE,20.0,False,,,,UNRESOLVED_STRUCTURE,WINDOW_OBSERVED,0,1,1,False,0,0,False,INHERITED_RAW_PRICE_BASIS,False,False
2025-07-16|98780,2025-07-16,98780,11:00,13:25,85,COMPLETE,5,0,UP,0.1545595054095827,AVAILABLE,20.0,False,,,,UNRESOLVED_STRUCTURE,WINDOW_OBSERVED,0,1,1,False,0,0,False,INHERITED_RAW_PRICE_BASIS,False,False
2025-07-16|98780,2025-07-16,98780,11:00,13:30,90,COMPLETE,5,0,UP,1.4660493827160495,AVAILABLE,20.0,False,,,RANGE_EXPANSION,UNRESOLVED_STRUCTURE,OBSERVATION_INSUFFICIENT,1,0,1,False,0,0,False,INHERITED_RAW_PRICE_BASIS,True,False
2025-07-16|98780,2025-07-16,98780,11:00,13:35,95,COMPLETE,5,0,UP,0.303951367781155,AVAILABLE,20.0,False,,,RANGE_COMPRESSION,UNRESOLVED_STRUCTURE,OBSERVATION_INSUFFICIENT,1,0,1,False,0,0,False,INHERITED_RAW_PRICE_BASIS,True,False
2025-07-16|98780,2025-07-16,98780,11:00,13:40,100,PARTIAL,4,1,,,AVAILABLE,20.0,False,,,,UNRESOLVED_STRUCTURE,OBSERVATION_INSUFFICIENT,1,0,0,False,0,0,False,INHERITED_RAW_PRICE_BASIS,False,False
2025-07-16|98780,2025-07-16,98780,11:00,13:45,105,COMPLETE,5,0,UP,1.0711553175210407,AVAILABLE,20.0,False,,,,UNRESOLVED_STRUCTURE,OBSERVATION_INSUFFICIENT,2,0,0,False,0,0,False,INHERITED_RAW_PRICE_BASIS,False,False
2025-07-16|98780,2025-07-16,98780,11:00,13:50,110,PARTIAL,4,1,,,AVAILABLE,20.0,False,,,,UNRESOLVED_STRUCTURE,OBSERVATION_INSUFFICIENT,1,0,0,False,0,0,False,INHERITED_RAW_PRICE_BASIS,False,False
2025-07-16|98780,2025-07-16,98780,11:00,13:55,115,PARTIAL,4,1,,,AVAILABLE,20.0,False,,,,UNRESOLVED_STRUCTURE,WINDOW_OBSERVED,0,0,0,False,4,2,False,INHERITED_RAW_PRICE_BASIS,False,False
2025-07-16|98780,2025-07-16,98780,11:00,14:00,120,COMPLETE,5,0,DOWN,-0.07507507507507508,AVAILABLE,20.0,False,,,,UNRESOLVED_STRUCTURE,OBSERVATION_INSUFFICIENT,1,0,0,False,2,2,False,INHERITED_RAW_PRICE_BASIS,False,False
2025-07-16|98780,2025-07-16,98780,11:00,14:05,125,COMPLETE,5,0,DOWN,-0.22607385079125847,AVAILABLE,20.0,False,,,,UNRESOLVED_STRUCTURE,OBSERVATION_INSUFFICIENT,3,0,0,False,0,0,False,INHERITED_RAW_PRICE_BASIS,True,False
2025-07-16|98780,2025-07-16,98780,11:00,14:10,130,PARTIAL,4,1,,,AVAILABLE,20.0,False,,,,UNRESOLVED_STRUCTURE,OBSERVATION_INSUFFICIENT,5,0,0,False,0,0,False,INHERITED_RAW_PRICE_BASIS,False,False
2025-07-16|98780,2025-07-16,98780,11:00,14:15,135,PARTIAL,3,2,,,AVAILABLE,20.0,False,,,,CURRENT_BAR_UNAVAILABLE,OBSERVATION_INSUFFICIENT,5,0,0,False,0,0,False,INHERITED_RAW_PRICE_BASIS,False,False
2025-07-16|98780,2025-07-16,98780,11:00,14:20,140,PARTIAL,2,3,,,AVAILABLE,20.0,False,,,,CURRENT_BAR_UNAVAILABLE,OBSERVATION_INSUFFICIENT,4,0,0,False,0,0,False,INHERITED_RAW_PRICE_BASIS,False,False
2025-07-16|98780,2025-07-16,98780,11:00,14:25,145,PARTIAL,3,2,,,AVAILABLE,20.0,False,,,,UNRESOLVED_STRUCTURE,OBSERVATION_INSUFFICIENT,6,0,0,False,0,0,False,INHERITED_RAW_PRICE_BASIS,False,False
2025-07-16|98780,2025-07-16,98780,11:00,14:30,150,PARTIAL,3,2,,,AVAILABLE,20.0,False,,,,UNRESOLVED_STRUCTURE,OBSERVATION_INSUFFICIENT,4,0,0,False,0,0,False,INHERITED_RAW_PRICE_BASIS,False,False
2025-07-16|98780,2025-07-16,98780,11:00,14:35,155,PARTIAL,1,4,,,AVAILABLE,20.0,False,,,,UNRESOLVED_STRUCTURE,OBSERVATION_INSUFFICIENT,4,0,0,False,0,0,False,INHERITED_RAW_PRICE_BASIS,False,False
2025-07-16|98780,2025-07-16,98780,11:00,14:40,160,COMPLETE,5,0,UP,0.6097560975609756,AVAILABLE,20.0,False,,,,UNRESOLVED_STRUCTURE,OBSERVATION_INSUFFICIENT,6,0,0,False,0,0,False,INHERITED_RAW_PRICE_BASIS,False,False
2025-07-16|98780,2025-07-16,98780,11:00,14:45,165,PARTIAL,1,4,,,AVAILABLE,20.0,False,,,,CURRENT_BAR_UNAVAILABLE,OBSERVATION_INSUFFICIENT,4,0,0,False,0,0,False,INHERITED_RAW_PRICE_BASIS,False,False
2025-07-16|98780,2025-07-16,98780,11:00,14:50,170,PARTIAL,3,2,,,AVAILABLE,20.0,False,,,,CURRENT_BAR_UNAVAILABLE,OBSERVATION_INSUFFICIENT,4,0,0,False,0,0,False,INHERITED_RAW_PRICE_BASIS,False,False
2025-07-16|98780,2025-07-16,98780,11:00,14:55,175,PARTIAL,3,2,,,AVAILABLE,20.0,False,,,,UNRESOLVED_STRUCTURE,OBSERVATION_INSUFFICIENT,4,0,0,False,0,0,False,INHERITED_RAW_PRICE_BASIS,False,False
2025-07-16|98780,2025-07-16,98780,11:00,15:00,180,PARTIAL,3,2,,,AVAILABLE,20.0,False,,,,UNRESOLVED_STRUCTURE,OBSERVATION_INSUFFICIENT,3,0,0,False,0,0,False,INHERITED_RAW_PRICE_BASIS,False,False
2025-07-16|98780,2025-07-16,98780,11:00,15:05,185,PARTIAL,3,2,,,AVAILABLE,20.0,False,,,,UNRESOLVED_STRUCTURE,OBSERVATION_INSUFFICIENT,2,0,0,False,0,0,False,INHERITED_RAW_PRICE_BASIS,False,False
2025-07-16|98780,2025-07-16,98780,11:00,15:10,190,PARTIAL,4,1,,,AVAILABLE,20.0,False,,,,UNRESOLVED_STRUCTURE,OBSERVATION_INSUFFICIENT,1,0,0,False,0,0,False,INHERITED_RAW_PRICE_BASIS,False,False
2025-07-16|98780,2025-07-16,98780,11:00,15:15,195,PARTIAL,4,1,,,AVAILABLE,20.0,False,,,,UNRESOLVED_STRUCTURE,WINDOW_OBSERVED,0,0,0,False,0,0,False,INHERITED_RAW_PRICE_BASIS,False,False
2025-07-16|98780,2025-07-16,98780,11:00,15:20,200,COMPLETE,5,0,UP,0.07662835249042145,AVAILABLE,20.0,False,,,,UNRESOLVED_STRUCTURE,RIGHT_CENSORED,0,0,0,False,0,0,False,INHERITED_RAW_PRICE_BASIS,False,False
2025-07-16|98780,2025-07-16,98780,11:00,15:25,205,COMPLETE,5,0,UP,0.30627871362940273,AVAILABLE,20.0,False,,,RANGE_EXPANSION|VOLUME_EXPANSION|TRADING_VALUE_EXPANSION,UNRESOLVED_STRUCTURE,RIGHT_CENSORED,0,0,0,False,0,0,False,INHERITED_RAW_PRICE_BASIS,True,False
2025-07-16|99820,2025-07-16,99820,14:00,14:00,0,PARTIAL,1,4,,,SCALE_INSUFFICIENT,,False,,,,CURRENT_BAR_UNAVAILABLE,OBSERVATION_INSUFFICIENT,9,0,0,False,2,0,False,INHERITED_RAW_PRICE_BASIS,False,False
2025-07-16|99820,2025-07-16,99820,14:00,14:05,5,UNAVAILABLE,0,5,,,SCALE_INSUFFICIENT,,False,,,,CURRENT_BAR_UNAVAILABLE,OBSERVATION_INSUFFICIENT,7,0,0,False,0,0,False,INHERITED_RAW_PRICE_BASIS,False,False
2025-07-16|99820,2025-07-16,99820,14:00,14:10,10,PARTIAL,1,4,,,SCALE_INSUFFICIENT,,False,,,,CURRENT_BAR_UNAVAILABLE,OBSERVATION_INSUFFICIENT,7,0,0,False,0,0,False,INHERITED_RAW_PRICE_BASIS,False,False
2025-07-16|99820,2025-07-16,99820,14:00,14:15,15,PARTIAL,2,3,,,SCALE_INSUFFICIENT,,False,,,,CURRENT_BAR_UNAVAILABLE,OBSERVATION_INSUFFICIENT,9,0,0,False,0,0,False,INHERITED_RAW_PRICE_BASIS,False,False
2025-07-16|99820,2025-07-16,99820,14:00,14:20,20,PARTIAL,1,4,,,SCALE_INSUFFICIENT,,False,,,,CURRENT_BAR_UNAVAILABLE,OBSERVATION_INSUFFICIENT,10,0,0,False,0,0,False,INHERITED_RAW_PRICE_BASIS,False,False
2025-07-16|99820,2025-07-16,99820,14:00,14:25,25,UNAVAILABLE,0,5,,,SCALE_INSUFFICIENT,,False,,,,CURRENT_BAR_UNAVAILABLE,OBSERVATION_INSUFFICIENT,9,0,0,False,0,0,False,INHERITED_RAW_PRICE_BASIS,False,False
2025-07-16|99820,2025-07-16,99820,14:00,14:30,30,UNAVAILABLE,0,5,,,SCALE_INSUFFICIENT,,False,,,,CURRENT_BAR_UNAVAILABLE,OBSERVATION_INSUFFICIENT,9,0,0,False,0,0,False,INHERITED_RAW_PRICE_BASIS,False,False
2025-07-16|99820,2025-07-16,99820,14:00,14:35,35,PARTIAL,1,4,,,SCALE_INSUFFICIENT,,False,,,,CURRENT_BAR_UNAVAILABLE,OBSERVATION_INSUFFICIENT,10,0,0,False,0,0,False,INHERITED_RAW_PRICE_BASIS,False,False
2025-07-16|99820,2025-07-16,99820,14:00,14:40,40,UNAVAILABLE,0,5,,,SCALE_INSUFFICIENT,,False,,,,CURRENT_BAR_UNAVAILABLE,OBSERVATION_INSUFFICIENT,10,0,0,False,0,0,False,INHERITED_RAW_PRICE_BASIS,False,False
2025-07-16|99820,2025-07-16,99820,14:00,14:45,45,UNAVAILABLE,0,5,,,SCALE_INSUFFICIENT,,False,,,,CURRENT_BAR_UNAVAILABLE,OBSERVATION_INSUFFICIENT,10,0,0,False,0,0,False,INHERITED_RAW_PRICE_BASIS,False,False
2025-07-16|99820,2025-07-16,99820,14:00,14:50,50,UNAVAILABLE,0,5,,,SCALE_INSUFFICIENT,,False,,,,CURRENT_BAR_UNAVAILABLE,OBSERVATION_INSUFFICIENT,9,0,0,False,0,0,False,INHERITED_RAW_PRICE_BASIS,False,False
2025-07-16|99820,2025-07-16,99820,14:00,14:55,55,UNAVAILABLE,0,5,,,SCALE_INSUFFICIENT,,False,,,,CURRENT_BAR_UNAVAILABLE,OBSERVATION_INSUFFICIENT,9,0,0,False,0,0,False,INHERITED_RAW_PRICE_BASIS,False,False
2025-07-16|99820,2025-07-16,99820,14:00,15:00,60,PARTIAL,1,4,,,SCALE_INSUFFICIENT,,False,,,,SCALE_UNAVAILABLE,OBSERVATION_INSUFFICIENT,9,0,0,False,0,0,False,INHERITED_RAW_PRICE_BASIS,False,False
2025-07-16|99820,2025-07-16,99820,14:00,15:05,65,UNAVAILABLE,0,5,,,SCALE_INSUFFICIENT,,False,,,,CURRENT_BAR_UNAVAILABLE,OBSERVATION_INSUFFICIENT,8,0,0,False,0,0,False,INHERITED_RAW_PRICE_BASIS,False,False
2025-07-16|99820,2025-07-16,99820,14:00,15:10,70,PARTIAL,1,4,,,SCALE_INSUFFICIENT,,False,,,,CURRENT_BAR_UNAVAILABLE,OBSERVATION_INSUFFICIENT,7,0,0,False,0,0,False,INHERITED_RAW_PRICE_BASIS,False,False
2025-07-16|99820,2025-07-16,99820,14:00,15:15,75,PARTIAL,1,4,,,SCALE_INSUFFICIENT,,False,,,,CURRENT_BAR_UNAVAILABLE,OBSERVATION_INSUFFICIENT,7,0,0,False,0,0,False,INHERITED_RAW_PRICE_BASIS,False,False
2025-07-16|99820,2025-07-16,99820,14:00,15:20,80,PARTIAL,2,3,,,SCALE_INSUFFICIENT,,False,,,,SCALE_UNAVAILABLE,RIGHT_CENSORED,4,0,0,False,0,0,False,INHERITED_RAW_PRICE_BASIS,False,False
2025-07-16|99820,2025-07-16,99820,14:00,15:25,85,PARTIAL,1,4,,,SCALE_INSUFFICIENT,,False,,,,CURRENT_BAR_UNAVAILABLE,RIGHT_CENSORED,0,0,0,False,0,0,False,INHERITED_RAW_PRICE_BASIS,False,False
