opportunity,session,symbol,selectorTime,asOf,elapsedActiveMinutes,observation,observed1m,missing1m,direction,return5Pct,scaleStatus,scale,dailyComplete5,structure,phase,attributes,stateReason,futureStatus,futureMissing,lateConfirmedPivots,pivotN,localRange,sameBarOrderAmbiguities,closedCrossEvents,semanticAny,contextPriceBasis,transitionObservablePair,phaseChanged
2025-07-23|194A0,2025-07-23,194A0,15:00,15:00,0,PARTIAL,1,4,,,SCALE_INSUFFICIENT,,True,,,,CURRENT_BAR_UNAVAILABLE,OBSERVATION_INSUFFICIENT,10,0,0,False,0,0,False,INHERITED_RAW_PRICE_BASIS,False,False
2025-07-23|194A0,2025-07-23,194A0,15:00,15:05,5,UNAVAILABLE,0,5,,,SCALE_INSUFFICIENT,,True,,,,CURRENT_BAR_UNAVAILABLE,OBSERVATION_INSUFFICIENT,10,0,0,False,0,0,False,INHERITED_RAW_PRICE_BASIS,False,False
2025-07-23|194A0,2025-07-23,194A0,15:00,15:10,10,UNAVAILABLE,0,5,,,SCALE_INSUFFICIENT,,True,,,,CURRENT_BAR_UNAVAILABLE,OBSERVATION_INSUFFICIENT,10,0,0,False,0,0,False,INHERITED_RAW_PRICE_BASIS,False,False
2025-07-23|194A0,2025-07-23,194A0,15:00,15:15,15,UNAVAILABLE,0,5,,,SCALE_INSUFFICIENT,,True,,,,CURRENT_BAR_UNAVAILABLE,OBSERVATION_INSUFFICIENT,10,0,0,False,0,0,False,INHERITED_RAW_PRICE_BASIS,False,False
2025-07-23|194A0,2025-07-23,194A0,15:00,15:20,20,UNAVAILABLE,0,5,,,SCALE_INSUFFICIENT,,True,,,,CURRENT_BAR_UNAVAILABLE,RIGHT_CENSORED,5,0,0,False,0,0,False,INHERITED_RAW_PRICE_BASIS,False,False
2025-07-23|194A0,2025-07-23,194A0,15:00,15:25,25,UNAVAILABLE,0,5,,,SCALE_INSUFFICIENT,,True,,,,CURRENT_BAR_UNAVAILABLE,RIGHT_CENSORED,0,0,0,False,0,0,False,INHERITED_RAW_PRICE_BASIS,False,False
2025-07-23|20550,2025-07-23,20550,13:00,13:00,0,PARTIAL,3,2,,,SCALE_INSUFFICIENT,,True,,,,SCALE_UNAVAILABLE,OBSERVATION_INSUFFICIENT,5,0,0,False,0,0,False,INHERITED_RAW_PRICE_BASIS,False,False
2025-07-23|20550,2025-07-23,20550,13:00,13:05,5,PARTIAL,1,4,,,SCALE_INSUFFICIENT,,True,,,,SCALE_UNAVAILABLE,OBSERVATION_INSUFFICIENT,1,0,0,False,0,0,False,INHERITED_RAW_PRICE_BASIS,False,False
2025-07-23|20550,2025-07-23,20550,13:00,13:10,10,PARTIAL,4,1,,,SCALE_INSUFFICIENT,,True,,,,SCALE_UNAVAILABLE,OBSERVATION_INSUFFICIENT,2,0,0,False,0,0,False,INHERITED_RAW_PRICE_BASIS,False,False
2025-07-23|20550,2025-07-23,20550,13:00,13:15,15,COMPLETE,5,0,UP,0.3389830508474576,SCALE_INSUFFICIENT,,True,,,,SCALE_UNAVAILABLE,OBSERVATION_INSUFFICIENT,3,0,0,False,0,0,False,INHERITED_RAW_PRICE_BASIS,False,False
2025-07-23|20550,2025-07-23,20550,13:00,13:20,20,PARTIAL,3,2,,,SCALE_INSUFFICIENT,,True,,,,SCALE_UNAVAILABLE,OBSERVATION_INSUFFICIENT,5,0,0,False,0,0,False,INHERITED_RAW_PRICE_BASIS,False,False
2025-07-23|20550,2025-07-23,20550,13:00,13:25,25,PARTIAL,4,1,,,SCALE_INSUFFICIENT,,True,,,,SCALE_UNAVAILABLE,OBSERVATION_INSUFFICIENT,5,0,0,False,0,0,False,INHERITED_RAW_PRICE_BASIS,False,False
2025-07-23|20550,2025-07-23,20550,13:00,13:30,30,PARTIAL,1,4,,,SCALE_INSUFFICIENT,,True,,,,CURRENT_BAR_UNAVAILABLE,OBSERVATION_INSUFFICIENT,3,0,0,False,0,0,False,INHERITED_RAW_PRICE_BASIS,False,False
2025-07-23|20550,2025-07-23,20550,13:00,13:35,35,PARTIAL,4,1,,,SCALE_INSUFFICIENT,,True,,,,SCALE_UNAVAILABLE,OBSERVATION_INSUFFICIENT,5,0,0,False,0,0,False,INHERITED_RAW_PRICE_BASIS,False,False
2025-07-23|20550,2025-07-23,20550,13:00,13:40,40,PARTIAL,3,2,,,SCALE_INSUFFICIENT,,True,,,,CURRENT_BAR_UNAVAILABLE,OBSERVATION_INSUFFICIENT,5,0,0,False,0,0,False,INHERITED_RAW_PRICE_BASIS,False,False
2025-07-23|20550,2025-07-23,20550,13:00,13:45,45,PARTIAL,2,3,,,SCALE_INSUFFICIENT,,True,,,,CURRENT_BAR_UNAVAILABLE,OBSERVATION_INSUFFICIENT,4,0,0,False,0,0,False,INHERITED_RAW_PRICE_BASIS,False,False
2025-07-23|20550,2025-07-23,20550,13:00,13:50,50,PARTIAL,3,2,,,SCALE_INSUFFICIENT,,True,,,,CURRENT_BAR_UNAVAILABLE,OBSERVATION_INSUFFICIENT,2,0,0,False,0,0,False,INHERITED_RAW_PRICE_BASIS,False,False
2025-07-23|20550,2025-07-23,20550,13:00,13:55,55,PARTIAL,3,2,,,SCALE_INSUFFICIENT,,True,,,,CURRENT_BAR_UNAVAILABLE,OBSERVATION_INSUFFICIENT,1,0,0,False,0,0,False,INHERITED_RAW_PRICE_BASIS,False,False
2025-07-23|20550,2025-07-23,20550,13:00,14:00,60,COMPLETE,5,0,UNCHANGED,0.0,SCALE_INSUFFICIENT,,True,,,,SCALE_UNAVAILABLE,OBSERVATION_INSUFFICIENT,5,0,0,False,0,0,False,INHERITED_RAW_PRICE_BASIS,False,False
2025-07-23|20550,2025-07-23,20550,13:00,14:05,65,PARTIAL,4,1,,,SCALE_INSUFFICIENT,,True,,,,SCALE_UNAVAILABLE,OBSERVATION_INSUFFICIENT,6,0,0,False,0,0,False,INHERITED_RAW_PRICE_BASIS,False,False
2025-07-23|20550,2025-07-23,20550,13:00,14:10,70,PARTIAL,1,4,,,SCALE_INSUFFICIENT,,True,,,,CURRENT_BAR_UNAVAILABLE,OBSERVATION_INSUFFICIENT,3,0,0,False,0,0,False,INHERITED_RAW_PRICE_BASIS,False,False
2025-07-23|20550,2025-07-23,20550,13:00,14:15,75,PARTIAL,3,2,,,SCALE_INSUFFICIENT,,True,,,,CURRENT_BAR_UNAVAILABLE,OBSERVATION_INSUFFICIENT,3,0,0,False,0,0,False,INHERITED_RAW_PRICE_BASIS,False,False
2025-07-23|20550,2025-07-23,20550,13:00,14:20,80,PARTIAL,4,1,,,SCALE_INSUFFICIENT,,True,,,,SCALE_UNAVAILABLE,OBSERVATION_INSUFFICIENT,7,0,0,False,0,0,False,INHERITED_RAW_PRICE_BASIS,False,False
2025-07-23|20550,2025-07-23,20550,13:00,14:25,85,PARTIAL,3,2,,,SCALE_INSUFFICIENT,,True,,,,SCALE_UNAVAILABLE,OBSERVATION_INSUFFICIENT,8,0,0,False,0,0,False,INHERITED_RAW_PRICE_BASIS,False,False
2025-07-23|20550,2025-07-23,20550,13:00,14:30,90,UNAVAILABLE,0,5,,,SCALE_INSUFFICIENT,,True,,,,CURRENT_BAR_UNAVAILABLE,OBSERVATION_INSUFFICIENT,4,0,0,False,0,0,False,INHERITED_RAW_PRICE_BASIS,False,False
2025-07-23|20550,2025-07-23,20550,13:00,14:35,95,PARTIAL,2,3,,,SCALE_INSUFFICIENT,,True,,,,SCALE_UNAVAILABLE,OBSERVATION_INSUFFICIENT,1,0,0,False,0,0,False,INHERITED_RAW_PRICE_BASIS,False,False
2025-07-23|20550,2025-07-23,20550,13:00,14:40,100,PARTIAL,4,1,,,SCALE_INSUFFICIENT,,True,,,,SCALE_UNAVAILABLE,OBSERVATION_INSUFFICIENT,2,0,0,False,0,0,False,INHERITED_RAW_PRICE_BASIS,False,False
2025-07-23|20550,2025-07-23,20550,13:00,14:45,105,COMPLETE,5,0,UNCHANGED,0.0,SCALE_INSUFFICIENT,,True,,,,SCALE_UNAVAILABLE,OBSERVATION_INSUFFICIENT,5,0,0,False,0,0,False,INHERITED_RAW_PRICE_BASIS,False,False
2025-07-23|20550,2025-07-23,20550,13:00,14:50,110,PARTIAL,3,2,,,SCALE_INSUFFICIENT,,True,,,,SCALE_UNAVAILABLE,OBSERVATION_INSUFFICIENT,5,0,0,False,0,0,False,INHERITED_RAW_PRICE_BASIS,False,False
2025-07-23|20550,2025-07-23,20550,13:00,14:55,115,PARTIAL,2,3,,,SCALE_INSUFFICIENT,,True,,,,SCALE_UNAVAILABLE,OBSERVATION_INSUFFICIENT,5,0,0,False,0,0,False,INHERITED_RAW_PRICE_BASIS,False,False
2025-07-23|20550,2025-07-23,20550,13:00,15:00,120,PARTIAL,3,2,,,SCALE_INSUFFICIENT,,True,,,,SCALE_UNAVAILABLE,OBSERVATION_INSUFFICIENT,5,0,0,False,0,0,False,INHERITED_RAW_PRICE_BASIS,False,False
2025-07-23|20550,2025-07-23,20550,13:00,15:05,125,PARTIAL,2,3,,,SCALE_INSUFFICIENT,,True,,,,CURRENT_BAR_UNAVAILABLE,OBSERVATION_INSUFFICIENT,5,0,0,False,0,0,False,INHERITED_RAW_PRICE_BASIS,False,False
2025-07-23|20550,2025-07-23,20550,13:00,15:10,130,PARTIAL,3,2,,,SCALE_INSUFFICIENT,,True,,,,CURRENT_BAR_UNAVAILABLE,OBSERVATION_INSUFFICIENT,3,0,0,False,0,0,False,INHERITED_RAW_PRICE_BASIS,False,False
2025-07-23|20550,2025-07-23,20550,13:00,15:15,135,PARTIAL,2,3,,,SCALE_INSUFFICIENT,,True,,,,CURRENT_BAR_UNAVAILABLE,OBSERVATION_INSUFFICIENT,1,0,0,False,0,0,False,INHERITED_RAW_PRICE_BASIS,False,False
2025-07-23|20550,2025-07-23,20550,13:00,15:20,140,COMPLETE,5,0,UP,0.9966777408637874,SCALE_INSUFFICIENT,,True,,,,SCALE_UNAVAILABLE,RIGHT_CENSORED,1,0,0,False,0,0,False,INHERITED_RAW_PRICE_BASIS,False,False
2025-07-23|20550,2025-07-23,20550,13:00,15:25,145,PARTIAL,4,1,,,SCALE_INSUFFICIENT,,True,,,,SCALE_UNAVAILABLE,RIGHT_CENSORED,0,0,0,False,0,0,False,INHERITED_RAW_PRICE_BASIS,False,False
2025-07-23|265A0,2025-07-23,265A0,10:30,10:30,0,COMPLETE,5,0,DOWN,-0.2835538752362949,AVAILABLE,18.0,True,DOWN_STRUCTURE,CORRECTION|RECOVERY,VOLUME_COMPRESSION|TRADING_VALUE_COMPRESSION,IDENTIFIED,WINDOW_OBSERVED,0,1,9,False,2,0,True,INHERITED_RAW_PRICE_BASIS,False,False
2025-07-23|265A0,2025-07-23,265A0,10:30,10:35,5,COMPLETE,5,0,UP,1.2392755004766445,AVAILABLE,18.0,True,DOWN_STRUCTURE,CORRECTION|RECOVERY,VOLUME_COMPRESSION|TRADING_VALUE_COMPRESSION,IDENTIFIED,WINDOW_OBSERVED,0,1,9,False,2,2,True,INHERITED_RAW_PRICE_BASIS,True,False
2025-07-23|265A0,2025-07-23,265A0,10:30,10:40,10,COMPLETE,5,0,UP,0.5649717514124294,AVAILABLE,18.0,True,UP_STRUCTURE,,VOLUME_EXPANSION|TRADING_VALUE_EXPANSION,IDENTIFIED,WINDOW_OBSERVED,0,1,10,False,4,3,True,INHERITED_RAW_PRICE_BASIS,True,True
2025-07-23|265A0,2025-07-23,265A0,10:30,10:45,15,COMPLETE,5,0,DOWN,-1.5932521087160263,AVAILABLE,18.0,True,UP_STRUCTURE,CORRECTION,,IDENTIFIED,WINDOW_OBSERVED,0,0,10,False,5,7,True,INHERITED_RAW_PRICE_BASIS,True,True
2025-07-23|265A0,2025-07-23,265A0,10:30,10:50,20,COMPLETE,5,0,DOWN,-0.2857142857142857,AVAILABLE,18.0,True,UP_STRUCTURE,CORRECTION,RANGE_COMPRESSION|VOLUME_COMPRESSION|TRADING_VALUE_COMPRESSION,IDENTIFIED,WINDOW_OBSERVED,0,0,10,False,0,0,True,INHERITED_RAW_PRICE_BASIS,True,False
2025-07-23|265A0,2025-07-23,265A0,10:30,10:55,25,COMPLETE,5,0,UP,0.3798670465337132,AVAILABLE,18.0,True,UP_STRUCTURE,CORRECTION,CHOPPINESS|VOLUME_COMPRESSION|TRADING_VALUE_COMPRESSION,IDENTIFIED,WINDOW_OBSERVED,0,0,10,True,0,0,True,INHERITED_RAW_PRICE_BASIS,True,False
2025-07-23|265A0,2025-07-23,265A0,10:30,11:00,30,COMPLETE,5,0,DOWN,-0.5676442762535477,AVAILABLE,18.0,True,UP_STRUCTURE,CORRECTION,RANGE_COMPRESSION,IDENTIFIED,WINDOW_OBSERVED,0,0,10,True,0,0,True,INHERITED_RAW_PRICE_BASIS,True,False
2025-07-23|265A0,2025-07-23,265A0,10:30,11:05,35,COMPLETE,5,0,DOWN,-0.8563273073263559,AVAILABLE,18.0,True,,RESTRUCTURING,RANGE_EXPANSION|VOLUME_EXPANSION|TRADING_VALUE_EXPANSION,UNRESOLVED_STRUCTURE,WINDOW_OBSERVED,0,0,10,False,6,2,True,INHERITED_RAW_PRICE_BASIS,True,True
2025-07-23|265A0,2025-07-23,265A0,10:30,11:10,40,COMPLETE,5,0,UP,0.5763688760806917,AVAILABLE,18.0,True,,RESTRUCTURING,,UNRESOLVED_STRUCTURE,WINDOW_OBSERVED,0,0,10,False,3,1,True,INHERITED_RAW_PRICE_BASIS,True,False
2025-07-23|265A0,2025-07-23,265A0,10:30,11:15,45,COMPLETE,5,0,DOWN,-1.2452107279693487,AVAILABLE,18.0,True,,RESTRUCTURING,RANGE_EXPANSION|VOLUME_EXPANSION|TRADING_VALUE_EXPANSION,UNRESOLVED_STRUCTURE,WINDOW_OBSERVED,0,0,10,False,2,2,True,INHERITED_RAW_PRICE_BASIS,True,False
2025-07-23|265A0,2025-07-23,265A0,10:30,11:20,50,COMPLETE,5,0,DOWN,-0.872093023255814,AVAILABLE,18.0,True,,RESTRUCTURING,VOLUME_COMPRESSION|TRADING_VALUE_COMPRESSION,UNRESOLVED_STRUCTURE,WINDOW_OBSERVED,0,0,10,False,2,2,True,INHERITED_RAW_PRICE_BASIS,True,False
2025-07-23|265A0,2025-07-23,265A0,10:30,11:25,55,COMPLETE,5,0,UP,0.19550342130987292,AVAILABLE,18.0,True,,RESTRUCTURING,RANGE_COMPRESSION|VOLUME_COMPRESSION|TRADING_VALUE_COMPRESSION,UNRESOLVED_STRUCTURE,WINDOW_OBSERVED,0,0,10,False,0,0,True,INHERITED_RAW_PRICE_BASIS,True,False
2025-07-23|265A0,2025-07-23,265A0,10:30,11:30,60,COMPLETE,5,0,DOWN,-0.7804878048780488,AVAILABLE,18.0,True,,RESTRUCTURING,VOLUME_EXPANSION|TRADING_VALUE_EXPANSION,UNRESOLVED_STRUCTURE,WINDOW_OBSERVED,0,0,10,False,0,0,True,INHERITED_RAW_PRICE_BASIS,True,False
2025-07-23|265A0,2025-07-23,265A0,10:30,12:35,65,COMPLETE,5,0,UP,0.9803921568627451,AVAILABLE,18.0,True,,RESTRUCTURING,,UNRESOLVED_STRUCTURE,WINDOW_OBSERVED,0,1,1,False,0,0,True,INHERITED_RAW_PRICE_BASIS,True,False
2025-07-23|265A0,2025-07-23,265A0,10:30,12:40,70,COMPLETE,5,0,DOWN,-0.2918287937743191,AVAILABLE,18.0,True,,RESTRUCTURING,RANGE_COMPRESSION|VOLUME_COMPRESSION|TRADING_VALUE_COMPRESSION,UNRESOLVED_STRUCTURE,WINDOW_OBSERVED,0,1,1,False,0,0,True,INHERITED_RAW_PRICE_BASIS,True,False
2025-07-23|265A0,2025-07-23,265A0,10:30,12:45,75,COMPLETE,5,0,DOWN,-2.4366471734892787,AVAILABLE,18.0,True,,RESTRUCTURING,RANGE_EXPANSION|VOLUME_EXPANSION|TRADING_VALUE_EXPANSION,UNRESOLVED_STRUCTURE,WINDOW_OBSERVED,0,0,1,False,3,2,True,INHERITED_RAW_PRICE_BASIS,True,False
2025-07-23|265A0,2025-07-23,265A0,10:30,12:50,80,COMPLETE,5,0,UP,0.29910269192422734,AVAILABLE,18.0,True,,RESTRUCTURING|RECOVERY,RANGE_COMPRESSION|VOLUME_COMPRESSION|TRADING_VALUE_COMPRESSION,UNRESOLVED_STRUCTURE,OBSERVATION_INSUFFICIENT,1,1,2,False,2,2,True,INHERITED_RAW_PRICE_BASIS,True,True
2025-07-23|265A0,2025-07-23,265A0,10:30,12:55,85,COMPLETE,5,0,UP,0.7960199004975125,AVAILABLE,18.0,True,,RESTRUCTURING|RECOVERY,,UNRESOLVED_STRUCTURE,OBSERVATION_INSUFFICIENT,1,1,2,False,1,1,True,INHERITED_RAW_PRICE_BASIS,True,False
2025-07-23|265A0,2025-07-23,265A0,10:30,13:00,90,PARTIAL,4,1,,,AVAILABLE,18.0,True,,,,UNRESOLVED_STRUCTURE,WINDOW_OBSERVED,0,0,0,False,1,1,False,INHERITED_RAW_PRICE_BASIS,False,False
2025-07-23|265A0,2025-07-23,265A0,10:30,13:05,95,COMPLETE,5,0,DOWN,-0.5045408678102926,AVAILABLE,18.0,True,,,,UNRESOLVED_STRUCTURE,WINDOW_OBSERVED,0,0,0,False,0,0,False,INHERITED_RAW_PRICE_BASIS,False,False
2025-07-23|265A0,2025-07-23,265A0,10:30,13:10,100,COMPLETE,5,0,UP,0.10131712259371833,AVAILABLE,18.0,True,,,CHOPPINESS,UNRESOLVED_STRUCTURE,WINDOW_OBSERVED,0,0,0,False,0,0,False,INHERITED_RAW_PRICE_BASIS,True,False
2025-07-23|265A0,2025-07-23,265A0,10:30,13:15,105,COMPLETE,5,0,UP,0.4056795131845842,AVAILABLE,18.0,True,,,CHOPPINESS|RANGE_EXPANSION|VOLUME_EXPANSION|TRADING_VALUE_EXPANSION,UNRESOLVED_STRUCTURE,WINDOW_OBSERVED,0,0,0,False,2,2,False,INHERITED_RAW_PRICE_BASIS,True,False
2025-07-23|265A0,2025-07-23,265A0,10:30,13:20,110,COMPLETE,5,0,DOWN,-0.30303030303030304,AVAILABLE,18.0,True,,,RANGE_COMPRESSION|VOLUME_COMPRESSION|TRADING_VALUE_COMPRESSION,UNRESOLVED_STRUCTURE,WINDOW_OBSERVED,0,0,0,False,0,0,False,INHERITED_RAW_PRICE_BASIS,True,False
2025-07-23|265A0,2025-07-23,265A0,10:30,13:25,115,COMPLETE,5,0,DOWN,-0.10141987829614604,AVAILABLE,18.0,True,,,VOLUME_COMPRESSION|TRADING_VALUE_COMPRESSION,UNRESOLVED_STRUCTURE,WINDOW_OBSERVED,0,1,1,False,0,0,False,INHERITED_RAW_PRICE_BASIS,True,False
2025-07-23|265A0,2025-07-23,265A0,10:30,13:30,120,COMPLETE,5,0,DOWN,-0.10141987829614604,AVAILABLE,18.0,True,,,,UNRESOLVED_STRUCTURE,WINDOW_OBSERVED,0,1,1,False,0,0,False,INHERITED_RAW_PRICE_BASIS,True,False
2025-07-23|265A0,2025-07-23,265A0,10:30,13:35,125,COMPLETE,5,0,UP,2.8426395939086295,AVAILABLE,18.0,True,,,RANGE_EXPANSION|VOLUME_EXPANSION|TRADING_VALUE_EXPANSION,UNRESOLVED_STRUCTURE,OBSERVATION_INSUFFICIENT,1,0,1,False,2,1,False,INHERITED_RAW_PRICE_BASIS,True,False
2025-07-23|265A0,2025-07-23,265A0,10:30,13:40,130,COMPLETE,5,0,DOWN,-1.4807502467917077,AVAILABLE,18.0,True,,,RANGE_COMPRESSION,UNRESOLVED_STRUCTURE,OBSERVATION_INSUFFICIENT,1,0,1,False,1,1,False,INHERITED_RAW_PRICE_BASIS,True,False
2025-07-23|265A0,2025-07-23,265A0,10:30,13:45,135,PARTIAL,4,1,,,AVAILABLE,18.0,True,,,,UNRESOLVED_STRUCTURE,WINDOW_OBSERVED,0,0,0,False,0,0,False,INHERITED_RAW_PRICE_BASIS,False,False
2025-07-23|265A0,2025-07-23,265A0,10:30,13:50,140,COMPLETE,5,0,DOWN,-0.09950248756218906,AVAILABLE,18.0,True,,,,UNRESOLVED_STRUCTURE,WINDOW_OBSERVED,0,0,0,False,0,0,False,INHERITED_RAW_PRICE_BASIS,False,False
2025-07-23|265A0,2025-07-23,265A0,10:30,13:55,145,COMPLETE,5,0,DOWN,-0.5964214711729622,AVAILABLE,18.0,True,,,,UNRESOLVED_STRUCTURE,OBSERVATION_INSUFFICIENT,2,0,0,False,0,0,False,INHERITED_RAW_PRICE_BASIS,True,False
2025-07-23|265A0,2025-07-23,265A0,10:30,14:00,150,COMPLETE,5,0,DOWN,-0.3,AVAILABLE,18.0,True,,,CHOPPINESS,UNRESOLVED_STRUCTURE,OBSERVATION_INSUFFICIENT,5,0,0,False,0,0,False,INHERITED_RAW_PRICE_BASIS,True,False
2025-07-23|265A0,2025-07-23,265A0,10:30,14:05,155,PARTIAL,3,2,,,AVAILABLE,18.0,True,,,,CURRENT_BAR_UNAVAILABLE,OBSERVATION_INSUFFICIENT,6,0,0,False,0,0,False,INHERITED_RAW_PRICE_BASIS,False,False
2025-07-23|265A0,2025-07-23,265A0,10:30,14:10,160,PARTIAL,2,3,,,AVAILABLE,18.0,True,,,,CURRENT_BAR_UNAVAILABLE,OBSERVATION_INSUFFICIENT,4,0,0,False,0,0,False,INHERITED_RAW_PRICE_BASIS,False,False
2025-07-23|265A0,2025-07-23,265A0,10:30,14:15,165,PARTIAL,2,3,,,AVAILABLE,18.0,True,,,,CURRENT_BAR_UNAVAILABLE,OBSERVATION_INSUFFICIENT,1,0,0,False,0,0,False,INHERITED_RAW_PRICE_BASIS,False,False
2025-07-23|265A0,2025-07-23,265A0,10:30,14:20,170,PARTIAL,4,1,,,AVAILABLE,18.0,True,,,,UNRESOLVED_STRUCTURE,OBSERVATION_INSUFFICIENT,1,0,0,False,0,0,False,INHERITED_RAW_PRICE_BASIS,False,False
2025-07-23|265A0,2025-07-23,265A0,10:30,14:25,175,COMPLETE,5,0,DOWN,-0.3003003003003003,AVAILABLE,18.0,True,,,,UNRESOLVED_STRUCTURE,OBSERVATION_INSUFFICIENT,2,0,0,False,0,0,False,INHERITED_RAW_PRICE_BASIS,False,False
2025-07-23|265A0,2025-07-23,265A0,10:30,14:30,180,PARTIAL,4,1,,,AVAILABLE,18.0,True,,,,UNRESOLVED_STRUCTURE,OBSERVATION_INSUFFICIENT,2,0,0,False,0,0,False,INHERITED_RAW_PRICE_BASIS,False,False
2025-07-23|265A0,2025-07-23,265A0,10:30,14:35,185,PARTIAL,4,1,,,AVAILABLE,18.0,True,,,,UNRESOLVED_STRUCTURE,OBSERVATION_INSUFFICIENT,1,0,0,False,0,0,False,INHERITED_RAW_PRICE_BASIS,False,False
2025-07-23|265A0,2025-07-23,265A0,10:30,14:40,190,PARTIAL,4,1,,,AVAILABLE,18.0,True,,,,UNRESOLVED_STRUCTURE,WINDOW_OBSERVED,0,0,0,False,0,0,False,INHERITED_RAW_PRICE_BASIS,False,False
2025-07-23|265A0,2025-07-23,265A0,10:30,14:45,195,COMPLETE,5,0,UP,0.5982053838484547,AVAILABLE,18.0,True,,,,UNRESOLVED_STRUCTURE,WINDOW_OBSERVED,0,1,1,False,0,0,False,INHERITED_RAW_PRICE_BASIS,False,False
2025-07-23|265A0,2025-07-23,265A0,10:30,14:50,200,COMPLETE,5,0,UP,0.693069306930693,AVAILABLE,18.0,True,,,VOLUME_EXPANSION|TRADING_VALUE_EXPANSION,UNRESOLVED_STRUCTURE,WINDOW_OBSERVED,0,1,1,False,4,3,False,INHERITED_RAW_PRICE_BASIS,True,False
2025-07-23|265A0,2025-07-23,265A0,10:30,14:55,205,COMPLETE,5,0,UP,0.09823182711198428,AVAILABLE,18.0,True,,,CHOPPINESS|VOLUME_EXPANSION|TRADING_VALUE_EXPANSION,UNRESOLVED_STRUCTURE,WINDOW_OBSERVED,0,0,1,False,0,0,False,INHERITED_RAW_PRICE_BASIS,True,False
2025-07-23|265A0,2025-07-23,265A0,10:30,15:00,210,COMPLETE,5,0,UP,1.1764705882352942,AVAILABLE,18.0,True,,,VOLUME_EXPANSION|TRADING_VALUE_EXPANSION,UNRESOLVED_STRUCTURE,WINDOW_OBSERVED,0,0,1,False,0,0,False,INHERITED_RAW_PRICE_BASIS,True,False
2025-07-23|265A0,2025-07-23,265A0,10:30,15:05,215,COMPLETE,5,0,DOWN,-0.1941747572815534,AVAILABLE,18.0,True,,,,UNRESOLVED_STRUCTURE,WINDOW_OBSERVED,0,0,1,False,0,0,False,INHERITED_RAW_PRICE_BASIS,True,False
2025-07-23|265A0,2025-07-23,265A0,10:30,15:10,220,COMPLETE,5,0,DOWN,-2.818270165208941,AVAILABLE,18.0,True,,,RANGE_EXPANSION|VOLUME_EXPANSION|TRADING_VALUE_EXPANSION,UNRESOLVED_STRUCTURE,WINDOW_OBSERVED,0,0,2,False,2,2,False,INHERITED_RAW_PRICE_BASIS,True,False
2025-07-23|265A0,2025-07-23,265A0,10:30,15:15,225,COMPLETE,5,0,UP,0.8016032064128257,AVAILABLE,18.0,True,,,RANGE_COMPRESSION|VOLUME_COMPRESSION|TRADING_VALUE_COMPRESSION,UNRESOLVED_STRUCTURE,WINDOW_OBSERVED,0,0,2,False,3,1,False,INHERITED_RAW_PRICE_BASIS,True,False
2025-07-23|265A0,2025-07-23,265A0,10:30,15:20,230,COMPLETE,5,0,DOWN,-0.19860973187686196,AVAILABLE,18.0,True,,,CHOPPINESS|VOLUME_COMPRESSION|TRADING_VALUE_COMPRESSION,UNRESOLVED_STRUCTURE,RIGHT_CENSORED,0,0,2,False,2,2,False,INHERITED_RAW_PRICE_BASIS,True,False
2025-07-23|265A0,2025-07-23,265A0,10:30,15:25,235,COMPLETE,5,0,DOWN,-0.09910802775024777,AVAILABLE,18.0,True,,,CHOPPINESS|RANGE_EXPANSION|VOLUME_EXPANSION|TRADING_VALUE_EXPANSION,UNRESOLVED_STRUCTURE,RIGHT_CENSORED,0,0,2,False,3,4,False,INHERITED_RAW_PRICE_BASIS,True,False
2025-07-23|27000,2025-07-23,27000,09:30,09:30,0,COMPLETE,5,0,DOWN,-0.1976284584980237,SCALE_INSUFFICIENT,,True,,,RANGE_COMPRESSION|VOLUME_COMPRESSION|TRADING_VALUE_COMPRESSION,SCALE_UNAVAILABLE,OBSERVATION_INSUFFICIENT,1,0,0,False,0,0,False,INHERITED_RAW_PRICE_BASIS,False,False
2025-07-23|27000,2025-07-23,27000,09:30,09:35,5,COMPLETE,5,0,DOWN,-0.44466403162055335,SCALE_INSUFFICIENT,,True,,,,SCALE_UNAVAILABLE,OBSERVATION_INSUFFICIENT,2,0,0,False,0,0,False,INHERITED_RAW_PRICE_BASIS,True,False
2025-07-23|27000,2025-07-23,27000,09:30,09:40,10,PARTIAL,4,1,,,SCALE_INSUFFICIENT,,True,,,,CURRENT_BAR_UNAVAILABLE,OBSERVATION_INSUFFICIENT,3,0,0,False,0,0,False,INHERITED_RAW_PRICE_BASIS,False,False
2025-07-23|27000,2025-07-23,27000,09:30,09:45,15,PARTIAL,4,1,,,SCALE_INSUFFICIENT,,True,,,,SCALE_UNAVAILABLE,OBSERVATION_INSUFFICIENT,2,0,0,False,0,0,False,INHERITED_RAW_PRICE_BASIS,False,False
2025-07-23|27000,2025-07-23,27000,09:30,09:50,20,PARTIAL,3,2,,,SCALE_INSUFFICIENT,,True,,,,CURRENT_BAR_UNAVAILABLE,OBSERVATION_INSUFFICIENT,1,0,0,False,0,0,False,INHERITED_RAW_PRICE_BASIS,False,False
2025-07-23|27000,2025-07-23,27000,09:30,09:55,25,COMPLETE,5,0,UP,0.8382642998027613,SCALE_INSUFFICIENT,,True,,,,SCALE_UNAVAILABLE,OBSERVATION_INSUFFICIENT,3,0,0,False,0,0,False,INHERITED_RAW_PRICE_BASIS,False,False
2025-07-23|27000,2025-07-23,27000,09:30,10:00,30,PARTIAL,4,1,,,SCALE_INSUFFICIENT,,True,,,,SCALE_UNAVAILABLE,OBSERVATION_INSUFFICIENT,3,0,0,False,0,0,False,INHERITED_RAW_PRICE_BASIS,False,False
2025-07-23|27000,2025-07-23,27000,09:30,10:05,35,PARTIAL,3,2,,,SCALE_INSUFFICIENT,,True,,,,CURRENT_BAR_UNAVAILABLE,OBSERVATION_INSUFFICIENT,1,0,0,False,0,0,False,INHERITED_RAW_PRICE_BASIS,False,False
2025-07-23|27000,2025-07-23,27000,09:30,10:10,40,PARTIAL,4,1,,,SCALE_INSUFFICIENT,,True,,,,SCALE_UNAVAILABLE,OBSERVATION_INSUFFICIENT,1,0,0,False,0,0,False,INHERITED_RAW_PRICE_BASIS,False,False
2025-07-23|27000,2025-07-23,27000,09:30,10:15,45,COMPLETE,5,0,UP,1.0268948655256724,SCALE_INSUFFICIENT,,True,,,,SCALE_UNAVAILABLE,OBSERVATION_INSUFFICIENT,2,0,0,False,0,0,False,INHERITED_RAW_PRICE_BASIS,False,False
2025-07-23|27000,2025-07-23,27000,09:30,10:20,50,PARTIAL,4,1,,,SCALE_INSUFFICIENT,,True,,,,SCALE_UNAVAILABLE,OBSERVATION_INSUFFICIENT,3,0,0,False,0,0,False,INHERITED_RAW_PRICE_BASIS,False,False
2025-07-23|27000,2025-07-23,27000,09:30,10:25,55,PARTIAL,4,1,,,SCALE_INSUFFICIENT,,True,,,,SCALE_UNAVAILABLE,OBSERVATION_INSUFFICIENT,3,0,0,False,0,0,False,INHERITED_RAW_PRICE_BASIS,False,False
2025-07-23|27000,2025-07-23,27000,09:30,10:30,60,PARTIAL,3,2,,,SCALE_INSUFFICIENT,,True,,,,CURRENT_BAR_UNAVAILABLE,OBSERVATION_INSUFFICIENT,4,0,0,False,0,0,False,INHERITED_RAW_PRICE_BASIS,False,False
2025-07-23|27000,2025-07-23,27000,09:30,10:35,65,PARTIAL,4,1,,,SCALE_INSUFFICIENT,,True,,,,SCALE_UNAVAILABLE,OBSERVATION_INSUFFICIENT,4,0,0,False,0,0,False,INHERITED_RAW_PRICE_BASIS,False,False
2025-07-23|27000,2025-07-23,27000,09:30,10:40,70,PARTIAL,2,3,,,SCALE_INSUFFICIENT,,True,,,,SCALE_UNAVAILABLE,OBSERVATION_INSUFFICIENT,1,0,0,False,0,0,False,INHERITED_RAW_PRICE_BASIS,False,False
2025-07-23|27000,2025-07-23,27000,09:30,10:45,75,PARTIAL,4,1,,,SCALE_INSUFFICIENT,,True,,,,SCALE_UNAVAILABLE,OBSERVATION_INSUFFICIENT,1,0,0,False,0,0,False,INHERITED_RAW_PRICE_BASIS,False,False
2025-07-23|27000,2025-07-23,27000,09:30,10:50,80,COMPLETE,5,0,UP,0.7190795781399808,SCALE_INSUFFICIENT,,True,,,,SCALE_UNAVAILABLE,OBSERVATION_INSUFFICIENT,1,0,0,False,2,2,False,INHERITED_RAW_PRICE_BASIS,False,False
2025-07-23|27000,2025-07-23,27000,09:30,10:55,85,PARTIAL,4,1,,,SCALE_INSUFFICIENT,,True,,,,CURRENT_BAR_UNAVAILABLE,WINDOW_OBSERVED,0,0,0,False,0,0,False,INHERITED_RAW_PRICE_BASIS,False,False
2025-07-23|27000,2025-07-23,27000,09:30,11:00,90,COMPLETE,5,0,UP,1.1342155009451795,SCALE_INSUFFICIENT,,True,,,,SCALE_UNAVAILABLE,OBSERVATION_INSUFFICIENT,2,0,0,False,0,0,False,INHERITED_RAW_PRICE_BASIS,False,False
2025-07-23|27000,2025-07-23,27000,09:30,11:05,95,COMPLETE,5,0,UP,0.4672897196261682,SCALE_INSUFFICIENT,,True,,,RANGE_COMPRESSION|VOLUME_COMPRESSION|TRADING_VALUE_COMPRESSION,SCALE_UNAVAILABLE,OBSERVATION_INSUFFICIENT,4,0,0,False,0,0,False,INHERITED_RAW_PRICE_BASIS,True,False
2025-07-23|27000,2025-07-23,27000,09:30,11:10,100,PARTIAL,3,2,,,SCALE_INSUFFICIENT,,True,,,,SCALE_UNAVAILABLE,OBSERVATION_INSUFFICIENT,4,0,0,False,0,0,False,INHERITED_RAW_PRICE_BASIS,False,False
2025-07-23|27000,2025-07-23,27000,09:30,11:15,105,PARTIAL,3,2,,,SCALE_INSUFFICIENT,,True,,,,SCALE_UNAVAILABLE,OBSERVATION_INSUFFICIENT,6,0,0,False,0,0,False,INHERITED_RAW_PRICE_BASIS,False,False
2025-07-23|27000,2025-07-23,27000,09:30,11:20,110,PARTIAL,3,2,,,SCALE_INSUFFICIENT,,True,,,,CURRENT_BAR_UNAVAILABLE,OBSERVATION_INSUFFICIENT,5,0,0,False,0,0,False,INHERITED_RAW_PRICE_BASIS,False,False
2025-07-23|27000,2025-07-23,27000,09:30,11:25,115,PARTIAL,1,4,,,SCALE_INSUFFICIENT,,True,,,,CURRENT_BAR_UNAVAILABLE,OBSERVATION_INSUFFICIENT,1,0,0,False,0,0,False,INHERITED_RAW_PRICE_BASIS,False,False
2025-07-23|27000,2025-07-23,27000,09:30,11:30,120,PARTIAL,4,1,,,SCALE_INSUFFICIENT,,True,,,,SCALE_UNAVAILABLE,WINDOW_OBSERVED,0,0,0,False,0,0,False,INHERITED_RAW_PRICE_BASIS,False,False
2025-07-23|27000,2025-07-23,27000,09:30,12:35,125,COMPLETE,5,0,UP,0.4174397031539889,SCALE_INSUFFICIENT,,True,,,,SCALE_UNAVAILABLE,OBSERVATION_INSUFFICIENT,1,0,0,False,0,0,False,INHERITED_RAW_PRICE_BASIS,False,False
2025-07-23|27000,2025-07-23,27000,09:30,12:40,130,COMPLETE,5,0,UP,0.6484483557202408,SCALE_INSUFFICIENT,,True,,,RANGE_COMPRESSION|VOLUME_COMPRESSION|TRADING_VALUE_COMPRESSION,SCALE_UNAVAILABLE,OBSERVATION_INSUFFICIENT,4,0,0,False,0,0,False,INHERITED_RAW_PRICE_BASIS,True,False
2025-07-23|27000,2025-07-23,27000,09:30,12:45,135,PARTIAL,4,1,,,SCALE_INSUFFICIENT,,True,,,,SCALE_UNAVAILABLE,OBSERVATION_INSUFFICIENT,3,0,0,False,0,0,False,INHERITED_RAW_PRICE_BASIS,False,False
2025-07-23|27000,2025-07-23,27000,09:30,12:50,140,PARTIAL,2,3,,,SCALE_INSUFFICIENT,,True,,,,SCALE_UNAVAILABLE,OBSERVATION_INSUFFICIENT,1,0,0,False,0,0,False,INHERITED_RAW_PRICE_BASIS,False,False
2025-07-23|27000,2025-07-23,27000,09:30,12:55,145,COMPLETE,5,0,DOWN,-0.047058823529411764,SCALE_INSUFFICIENT,,True,,,,SCALE_UNAVAILABLE,OBSERVATION_INSUFFICIENT,3,0,0,False,0,0,False,INHERITED_RAW_PRICE_BASIS,False,False
2025-07-23|27000,2025-07-23,27000,09:30,13:00,150,PARTIAL,4,1,,,SCALE_INSUFFICIENT,,True,,,,SCALE_UNAVAILABLE,OBSERVATION_INSUFFICIENT,6,0,0,False,0,0,False,INHERITED_RAW_PRICE_BASIS,False,False
2025-07-23|27000,2025-07-23,27000,09:30,13:05,155,PARTIAL,3,2,,,SCALE_INSUFFICIENT,,True,,,,SCALE_UNAVAILABLE,OBSERVATION_INSUFFICIENT,7,0,0,False,0,0,False,INHERITED_RAW_PRICE_BASIS,False,False
2025-07-23|27000,2025-07-23,27000,09:30,13:10,160,PARTIAL,1,4,,,SCALE_INSUFFICIENT,,True,,,,CURRENT_BAR_UNAVAILABLE,OBSERVATION_INSUFFICIENT,5,0,0,False,0,0,False,INHERITED_RAW_PRICE_BASIS,False,False
2025-07-23|27000,2025-07-23,27000,09:30,13:15,165,PARTIAL,2,3,,,SCALE_INSUFFICIENT,,True,,,,CURRENT_BAR_UNAVAILABLE,OBSERVATION_INSUFFICIENT,4,0,0,False,0,0,False,INHERITED_RAW_PRICE_BASIS,False,False
2025-07-23|27000,2025-07-23,27000,09:30,13:20,170,PARTIAL,3,2,,,SCALE_INSUFFICIENT,,True,,,,CURRENT_BAR_UNAVAILABLE,OBSERVATION_INSUFFICIENT,3,0,0,False,0,0,False,INHERITED_RAW_PRICE_BASIS,False,False
2025-07-23|27000,2025-07-23,27000,09:30,13:25,175,PARTIAL,3,2,,,SCALE_INSUFFICIENT,,True,,,,SCALE_UNAVAILABLE,OBSERVATION_INSUFFICIENT,4,0,0,False,0,0,False,INHERITED_RAW_PRICE_BASIS,False,False
2025-07-23|27000,2025-07-23,27000,09:30,13:30,180,PARTIAL,4,1,,,SCALE_INSUFFICIENT,,True,,,,SCALE_UNAVAILABLE,OBSERVATION_INSUFFICIENT,7,0,0,False,0,0,False,INHERITED_RAW_PRICE_BASIS,False,False
2025-07-23|27000,2025-07-23,27000,09:30,13:35,185,PARTIAL,2,3,,,SCALE_INSUFFICIENT,,True,,,,CURRENT_BAR_UNAVAILABLE,OBSERVATION_INSUFFICIENT,8,0,0,False,0,0,False,INHERITED_RAW_PRICE_BASIS,False,False
2025-07-23|27000,2025-07-23,27000,09:30,13:40,190,PARTIAL,1,4,,,SCALE_INSUFFICIENT,,True,,,,CURRENT_BAR_UNAVAILABLE,OBSERVATION_INSUFFICIENT,6,0,0,False,0,0,False,INHERITED_RAW_PRICE_BASIS,False,False
2025-07-23|27000,2025-07-23,27000,09:30,13:45,195,PARTIAL,1,4,,,SCALE_INSUFFICIENT,,True,,,,CURRENT_BAR_UNAVAILABLE,OBSERVATION_INSUFFICIENT,3,0,0,False,0,0,False,INHERITED_RAW_PRICE_BASIS,False,False
2025-07-23|27000,2025-07-23,27000,09:30,13:50,200,PARTIAL,3,2,,,SCALE_INSUFFICIENT,,True,,,,SCALE_UNAVAILABLE,OBSERVATION_INSUFFICIENT,4,0,0,False,0,0,False,INHERITED_RAW_PRICE_BASIS,False,False
2025-07-23|27000,2025-07-23,27000,09:30,13:55,205,PARTIAL,4,1,,,SCALE_INSUFFICIENT,,True,,,,CURRENT_BAR_UNAVAILABLE,OBSERVATION_INSUFFICIENT,5,0,0,False,0,0,False,INHERITED_RAW_PRICE_BASIS,False,False
2025-07-23|27000,2025-07-23,27000,09:30,14:00,210,PARTIAL,2,3,,,SCALE_INSUFFICIENT,,True,,,,SCALE_UNAVAILABLE,OBSERVATION_INSUFFICIENT,4,0,0,False,0,0,False,INHERITED_RAW_PRICE_BASIS,False,False
2025-07-23|27000,2025-07-23,27000,09:30,14:05,215,PARTIAL,3,2,,,SCALE_INSUFFICIENT,,True,,,,SCALE_UNAVAILABLE,OBSERVATION_INSUFFICIENT,2,0,0,False,0,0,False,INHERITED_RAW_PRICE_BASIS,False,False
2025-07-23|27000,2025-07-23,27000,09:30,14:10,220,PARTIAL,3,2,,,SCALE_INSUFFICIENT,,True,,,,SCALE_UNAVAILABLE,WINDOW_OBSERVED,0,0,0,False,2,2,False,INHERITED_RAW_PRICE_BASIS,False,False
2025-07-23|27000,2025-07-23,27000,09:30,14:15,225,COMPLETE,5,0,DOWN,-1.2446146481570128,SCALE_INSUFFICIENT,,True,,,,SCALE_UNAVAILABLE,WINDOW_OBSERVED,0,0,0,False,4,4,False,INHERITED_RAW_PRICE_BASIS,False,False
2025-07-23|27000,2025-07-23,27000,09:30,14:20,230,COMPLETE,5,0,UP,0.2918287937743191,SCALE_INSUFFICIENT,,True,,,RANGE_COMPRESSION|VOLUME_COMPRESSION|TRADING_VALUE_COMPRESSION,SCALE_UNAVAILABLE,OBSERVATION_INSUFFICIENT,1,0,0,False,0,0,False,INHERITED_RAW_PRICE_BASIS,True,False
2025-07-23|27000,2025-07-23,27000,09:30,14:25,235,COMPLETE,5,0,UP,0.5825242718446602,SCALE_INSUFFICIENT,,True,,,VOLUME_COMPRESSION|TRADING_VALUE_COMPRESSION,SCALE_UNAVAILABLE,OBSERVATION_INSUFFICIENT,3,0,0,False,0,0,False,INHERITED_RAW_PRICE_BASIS,True,False
2025-07-23|27000,2025-07-23,27000,09:30,14:30,240,PARTIAL,4,1,,,SCALE_INSUFFICIENT,,True,,,,SCALE_UNAVAILABLE,OBSERVATION_INSUFFICIENT,3,0,0,False,0,0,False,INHERITED_RAW_PRICE_BASIS,False,False
2025-07-23|27000,2025-07-23,27000,09:30,14:35,245,PARTIAL,3,2,,,SCALE_INSUFFICIENT,,True,,,,CURRENT_BAR_UNAVAILABLE,OBSERVATION_INSUFFICIENT,2,0,0,False,0,0,False,INHERITED_RAW_PRICE_BASIS,False,False
2025-07-23|27000,2025-07-23,27000,09:30,14:40,250,PARTIAL,4,1,,,SCALE_INSUFFICIENT,,True,,,,SCALE_UNAVAILABLE,OBSERVATION_INSUFFICIENT,2,0,0,False,2,0,False,INHERITED_RAW_PRICE_BASIS,False,False
2025-07-23|27000,2025-07-23,27000,09:30,14:45,255,PARTIAL,4,1,,,SCALE_INSUFFICIENT,,True,,,,SCALE_UNAVAILABLE,OBSERVATION_INSUFFICIENT,3,0,0,False,2,0,False,INHERITED_RAW_PRICE_BASIS,False,False
2025-07-23|27000,2025-07-23,27000,09:30,14:50,260,PARTIAL,4,1,,,SCALE_INSUFFICIENT,,True,,,,CURRENT_BAR_UNAVAILABLE,OBSERVATION_INSUFFICIENT,3,0,0,False,0,0,False,INHERITED_RAW_PRICE_BASIS,False,False
2025-07-23|27000,2025-07-23,27000,09:30,14:55,265,PARTIAL,3,2,,,SCALE_INSUFFICIENT,,True,,,,SCALE_UNAVAILABLE,OBSERVATION_INSUFFICIENT,2,0,0,False,0,0,False,INHERITED_RAW_PRICE_BASIS,False,False
2025-07-23|27000,2025-07-23,27000,09:30,15:00,270,PARTIAL,4,1,,,SCALE_INSUFFICIENT,,True,,,,SCALE_UNAVAILABLE,OBSERVATION_INSUFFICIENT,1,0,0,False,0,0,False,INHERITED_RAW_PRICE_BASIS,False,False
2025-07-23|27000,2025-07-23,27000,09:30,15:05,275,PARTIAL,4,1,,,SCALE_INSUFFICIENT,,True,,,,CURRENT_BAR_UNAVAILABLE,WINDOW_OBSERVED,0,0,0,False,0,0,False,INHERITED_RAW_PRICE_BASIS,False,False
2025-07-23|27000,2025-07-23,27000,09:30,15:10,280,COMPLETE,5,0,UP,0.14492753623188406,SCALE_INSUFFICIENT,,True,,,,SCALE_UNAVAILABLE,WINDOW_OBSERVED,0,0,0,False,0,0,False,INHERITED_RAW_PRICE_BASIS,False,False
2025-07-23|27000,2025-07-23,27000,09:30,15:15,285,COMPLETE,5,0,UP,0.0482392667631452,SCALE_INSUFFICIENT,,True,,,VOLUME_COMPRESSION|TRADING_VALUE_COMPRESSION,SCALE_UNAVAILABLE,WINDOW_OBSERVED,0,0,0,False,0,0,False,INHERITED_RAW_PRICE_BASIS,True,False
2025-07-23|27000,2025-07-23,27000,09:30,15:20,290,COMPLETE,5,0,UP,0.4821600771456123,SCALE_INSUFFICIENT,,True,,,RANGE_EXPANSION|VOLUME_EXPANSION|TRADING_VALUE_EXPANSION,SCALE_UNAVAILABLE,RIGHT_CENSORED,0,0,0,False,0,0,False,INHERITED_RAW_PRICE_BASIS,True,False
2025-07-23|27000,2025-07-23,27000,09:30,15:25,295,COMPLETE,5,0,UP,0.6238003838771593,SCALE_INSUFFICIENT,,True,,,RANGE_EXPANSION,SCALE_UNAVAILABLE,RIGHT_CENSORED,0,0,0,False,2,2,False,INHERITED_RAW_PRICE_BASIS,True,False
2025-07-23|27210,2025-07-23,27210,09:30,09:30,0,PARTIAL,2,3,,,AVAILABLE,5.0,True,,,,CURRENT_BAR_UNAVAILABLE,WINDOW_OBSERVED,0,0,0,False,0,0,False,INHERITED_RAW_PRICE_BASIS,False,False
2025-07-23|27210,2025-07-23,27210,09:30,09:35,5,COMPLETE,5,0,UP,0.9345794392523364,AVAILABLE,5.0,True,,,,UNRESOLVED_STRUCTURE,WINDOW_OBSERVED,0,1,1,False,0,0,False,INHERITED_RAW_PRICE_BASIS,False,False
2025-07-23|27210,2025-07-23,27210,09:30,09:40,10,COMPLETE,5,0,DOWN,-2.314814814814815,AVAILABLE,5.0,True,,,RANGE_EXPANSION|VOLUME_EXPANSION|TRADING_VALUE_EXPANSION,UNRESOLVED_STRUCTURE,WINDOW_OBSERVED,0,0,1,False,2,1,False,INHERITED_RAW_PRICE_BASIS,True,False
2025-07-23|27210,2025-07-23,27210,09:30,09:45,15,COMPLETE,5,0,DOWN,-0.47393364928909953,AVAILABLE,5.0,True,,,RANGE_COMPRESSION|VOLUME_COMPRESSION|TRADING_VALUE_COMPRESSION,UNRESOLVED_STRUCTURE,WINDOW_OBSERVED,0,0,1,False,0,0,False,INHERITED_RAW_PRICE_BASIS,True,False
2025-07-23|27210,2025-07-23,27210,09:30,09:50,20,COMPLETE,5,0,DOWN,-0.9523809523809523,AVAILABLE,5.0,True,,,RANGE_EXPANSION,UNRESOLVED_STRUCTURE,WINDOW_OBSERVED,0,0,1,False,0,0,False,INHERITED_RAW_PRICE_BASIS,True,False
2025-07-23|27210,2025-07-23,27210,09:30,09:55,25,COMPLETE,5,0,DOWN,-1.4354066985645932,AVAILABLE,5.0,True,,,VOLUME_EXPANSION|TRADING_VALUE_EXPANSION,UNRESOLVED_STRUCTURE,OBSERVATION_INSUFFICIENT,1,0,1,False,1,1,False,INHERITED_RAW_PRICE_BASIS,True,False
2025-07-23|27210,2025-07-23,27210,09:30,10:00,30,COMPLETE,5,0,UP,0.970873786407767,AVAILABLE,5.0,True,,,RANGE_COMPRESSION|VOLUME_COMPRESSION|TRADING_VALUE_COMPRESSION,UNRESOLVED_STRUCTURE,OBSERVATION_INSUFFICIENT,2,0,1,False,0,1,False,INHERITED_RAW_PRICE_BASIS,True,False
2025-07-23|27210,2025-07-23,27210,09:30,10:05,35,PARTIAL,4,1,,,AVAILABLE,5.0,True,,,,UNRESOLVED_STRUCTURE,OBSERVATION_INSUFFICIENT,2,0,0,False,0,0,False,INHERITED_RAW_PRICE_BASIS,False,False
2025-07-23|27210,2025-07-23,27210,09:30,10:10,40,PARTIAL,4,1,,,AVAILABLE,5.0,True,,,,UNRESOLVED_STRUCTURE,OBSERVATION_INSUFFICIENT,2,0,0,False,0,0,False,INHERITED_RAW_PRICE_BASIS,False,False
2025-07-23|27210,2025-07-23,27210,09:30,10:15,45,PARTIAL,4,1,,,AVAILABLE,5.0,True,,,,CURRENT_BAR_UNAVAILABLE,OBSERVATION_INSUFFICIENT,3,0,0,False,0,0,False,INHERITED_RAW_PRICE_BASIS,False,False
2025-07-23|27210,2025-07-23,27210,09:30,10:20,50,PARTIAL,4,1,,,AVAILABLE,5.0,True,,,,UNRESOLVED_STRUCTURE,OBSERVATION_INSUFFICIENT,3,0,0,False,0,0,False,INHERITED_RAW_PRICE_BASIS,False,False
2025-07-23|27210,2025-07-23,27210,09:30,10:25,55,PARTIAL,3,2,,,AVAILABLE,5.0,True,,,,UNRESOLVED_STRUCTURE,OBSERVATION_INSUFFICIENT,2,0,0,False,0,0,False,INHERITED_RAW_PRICE_BASIS,False,False
2025-07-23|27210,2025-07-23,27210,09:30,10:30,60,PARTIAL,4,1,,,AVAILABLE,5.0,True,,,,UNRESOLVED_STRUCTURE,OBSERVATION_INSUFFICIENT,1,0,0,False,0,0,False,INHERITED_RAW_PRICE_BASIS,False,False
2025-07-23|27210,2025-07-23,27210,09:30,10:35,65,PARTIAL,4,1,,,AVAILABLE,5.0,True,,,,CURRENT_BAR_UNAVAILABLE,OBSERVATION_INSUFFICIENT,3,0,0,False,0,0,False,INHERITED_RAW_PRICE_BASIS,False,False
2025-07-23|27210,2025-07-23,27210,09:30,10:40,70,COMPLETE,5,0,DOWN,-0.47393364928909953,AVAILABLE,5.0,True,,,,UNRESOLVED_STRUCTURE,OBSERVATION_INSUFFICIENT,5,0,0,False,0,0,False,INHERITED_RAW_PRICE_BASIS,False,False
2025-07-23|27210,2025-07-23,27210,09:30,10:45,75,PARTIAL,2,3,,,AVAILABLE,5.0,True,,,,UNRESOLVED_STRUCTURE,OBSERVATION_INSUFFICIENT,4,0,0,False,0,0,False,INHERITED_RAW_PRICE_BASIS,False,False
2025-07-23|27210,2025-07-23,27210,09:30,10:50,80,PARTIAL,3,2,,,AVAILABLE,5.0,True,,,,CURRENT_BAR_UNAVAILABLE,OBSERVATION_INSUFFICIENT,5,0,0,False,0,0,False,INHERITED_RAW_PRICE_BASIS,False,False
2025-07-23|27210,2025-07-23,27210,09:30,10:55,85,PARTIAL,3,2,,,AVAILABLE,5.0,True,,,,UNRESOLVED_STRUCTURE,OBSERVATION_INSUFFICIENT,6,0,0,False,0,0,False,INHERITED_RAW_PRICE_BASIS,False,False
2025-07-23|27210,2025-07-23,27210,09:30,11:00,90,PARTIAL,2,3,,,AVAILABLE,5.0,True,,,,CURRENT_BAR_UNAVAILABLE,OBSERVATION_INSUFFICIENT,4,0,0,False,0,0,False,INHERITED_RAW_PRICE_BASIS,False,False
2025-07-23|27210,2025-07-23,27210,09:30,11:05,95,PARTIAL,2,3,,,AVAILABLE,5.0,True,,,,CURRENT_BAR_UNAVAILABLE,OBSERVATION_INSUFFICIENT,4,0,0,False,0,0,False,INHERITED_RAW_PRICE_BASIS,False,False
2025-07-23|27210,2025-07-23,27210,09:30,11:10,100,PARTIAL,4,1,,,AVAILABLE,5.0,True,,,,UNRESOLVED_STRUCTURE,OBSERVATION_INSUFFICIENT,6,0,0,False,0,0,False,INHERITED_RAW_PRICE_BASIS,False,False
2025-07-23|27210,2025-07-23,27210,09:30,11:15,105,PARTIAL,2,3,,,AVAILABLE,5.0,True,,,,CURRENT_BAR_UNAVAILABLE,OBSERVATION_INSUFFICIENT,4,0,0,False,0,0,False,INHERITED_RAW_PRICE_BASIS,False,False
2025-07-23|27210,2025-07-23,27210,09:30,11:20,110,PARTIAL,2,3,,,AVAILABLE,5.0,True,,,,UNRESOLVED_STRUCTURE,OBSERVATION_INSUFFICIENT,4,0,0,False,0,0,False,INHERITED_RAW_PRICE_BASIS,False,False
2025-07-23|27210,2025-07-23,27210,09:30,11:25,115,PARTIAL,4,1,,,AVAILABLE,5.0,True,,,,CURRENT_BAR_UNAVAILABLE,OBSERVATION_INSUFFICIENT,4,0,0,False,0,0,False,INHERITED_RAW_PRICE_BASIS,False,False
2025-07-23|27210,2025-07-23,27210,09:30,11:30,120,PARTIAL,2,3,,,AVAILABLE,5.0,True,,,,UNRESOLVED_STRUCTURE,OBSERVATION_INSUFFICIENT,2,0,0,False,0,0,False,INHERITED_RAW_PRICE_BASIS,False,False
2025-07-23|27210,2025-07-23,27210,09:30,12:35,125,PARTIAL,4,1,,,AVAILABLE,5.0,True,,,,UNRESOLVED_STRUCTURE,OBSERVATION_INSUFFICIENT,1,0,0,False,0,0,False,INHERITED_RAW_PRICE_BASIS,False,False
2025-07-23|27210,2025-07-23,27210,09:30,12:40,130,PARTIAL,4,1,,,AVAILABLE,5.0,True,,,,UNRESOLVED_STRUCTURE,OBSERVATION_INSUFFICIENT,1,0,0,False,0,0,False,INHERITED_RAW_PRICE_BASIS,False,False
2025-07-23|27210,2025-07-23,27210,09:30,12:45,135,COMPLETE,5,0,DOWN,-1.4150943396226414,AVAILABLE,5.0,True,,,,UNRESOLVED_STRUCTURE,OBSERVATION_INSUFFICIENT,2,0,0,False,0,0,False,INHERITED_RAW_PRICE_BASIS,False,False
2025-07-23|27210,2025-07-23,27210,09:30,12:50,140,PARTIAL,4,1,,,AVAILABLE,5.0,True,,,,UNRESOLVED_STRUCTURE,OBSERVATION_INSUFFICIENT,1,0,0,False,0,0,False,INHERITED_RAW_PRICE_BASIS,False,False
2025-07-23|27210,2025-07-23,27210,09:30,12:55,145,PARTIAL,4,1,,,AVAILABLE,5.0,True,,,,UNRESOLVED_STRUCTURE,OBSERVATION_INSUFFICIENT,3,0,0,False,0,0,False,INHERITED_RAW_PRICE_BASIS,False,False
2025-07-23|27210,2025-07-23,27210,09:30,13:00,150,COMPLETE,5,0,DOWN,-0.4807692307692308,AVAILABLE,5.0,True,,,,UNRESOLVED_STRUCTURE,OBSERVATION_INSUFFICIENT,7,0,0,False,0,0,False,INHERITED_RAW_PRICE_BASIS,False,False
2025-07-23|27210,2025-07-23,27210,09:30,13:05,155,PARTIAL,2,3,,,AVAILABLE,5.0,True,,,,UNRESOLVED_STRUCTURE,OBSERVATION_INSUFFICIENT,7,0,0,False,0,0,False,INHERITED_RAW_PRICE_BASIS,False,False
2025-07-23|27210,2025-07-23,27210,09:30,13:10,160,PARTIAL,1,4,,,AVAILABLE,5.0,True,,,,CURRENT_BAR_UNAVAILABLE,OBSERVATION_INSUFFICIENT,7,0,0,False,0,0,False,INHERITED_RAW_PRICE_BASIS,False,False
2025-07-23|27210,2025-07-23,27210,09:30,13:15,165,PARTIAL,2,3,,,AVAILABLE,5.0,True,,,,CURRENT_BAR_UNAVAILABLE,OBSERVATION_INSUFFICIENT,6,0,0,False,0,0,False,INHERITED_RAW_PRICE_BASIS,False,False
2025-07-23|27210,2025-07-23,27210,09:30,13:20,170,PARTIAL,1,4,,,AVAILABLE,5.0,True,,,,UNRESOLVED_STRUCTURE,OBSERVATION_INSUFFICIENT,3,0,0,False,0,0,False,INHERITED_RAW_PRICE_BASIS,False,False
2025-07-23|27210,2025-07-23,27210,09:30,13:25,175,PARTIAL,3,2,,,AVAILABLE,5.0,True,,,,UNRESOLVED_STRUCTURE,OBSERVATION_INSUFFICIENT,5,0,0,False,0,0,False,INHERITED_RAW_PRICE_BASIS,False,False
2025-07-23|27210,2025-07-23,27210,09:30,13:30,180,PARTIAL,4,1,,,AVAILABLE,5.0,True,,,,UNRESOLVED_STRUCTURE,OBSERVATION_INSUFFICIENT,6,0,0,False,0,0,False,INHERITED_RAW_PRICE_BASIS,False,False
2025-07-23|27210,2025-07-23,27210,09:30,13:35,185,PARTIAL,1,4,,,AVAILABLE,5.0,True,,,,CURRENT_BAR_UNAVAILABLE,OBSERVATION_INSUFFICIENT,4,0,0,False,0,0,False,INHERITED_RAW_PRICE_BASIS,False,False
2025-07-23|27210,2025-07-23,27210,09:30,13:40,190,PARTIAL,3,2,,,AVAILABLE,5.0,True,,,,UNRESOLVED_STRUCTURE,OBSERVATION_INSUFFICIENT,5,0,0,False,0,0,False,INHERITED_RAW_PRICE_BASIS,False,False
2025-07-23|27210,2025-07-23,27210,09:30,13:45,195,PARTIAL,3,2,,,AVAILABLE,5.0,True,,,,UNRESOLVED_STRUCTURE,OBSERVATION_INSUFFICIENT,6,0,0,False,0,0,False,INHERITED_RAW_PRICE_BASIS,False,False
2025-07-23|27210,2025-07-23,27210,09:30,13:50,200,PARTIAL,2,3,,,AVAILABLE,5.0,True,,,,CURRENT_BAR_UNAVAILABLE,OBSERVATION_INSUFFICIENT,6,0,0,False,0,0,False,INHERITED_RAW_PRICE_BASIS,False,False
2025-07-23|27210,2025-07-23,27210,09:30,13:55,205,PARTIAL,2,3,,,AVAILABLE,5.0,True,,,,UNRESOLVED_STRUCTURE,OBSERVATION_INSUFFICIENT,5,0,0,False,0,0,False,INHERITED_RAW_PRICE_BASIS,False,False
2025-07-23|27210,2025-07-23,27210,09:30,14:00,210,PARTIAL,2,3,,,AVAILABLE,5.0,True,,,,CURRENT_BAR_UNAVAILABLE,OBSERVATION_INSUFFICIENT,7,0,0,False,0,0,False,INHERITED_RAW_PRICE_BASIS,False,False
2025-07-23|27210,2025-07-23,27210,09:30,14:05,215,PARTIAL,3,2,,,AVAILABLE,5.0,True,,,,CURRENT_BAR_UNAVAILABLE,OBSERVATION_INSUFFICIENT,7,0,0,False,0,0,False,INHERITED_RAW_PRICE_BASIS,False,False
2025-07-23|27210,2025-07-23,27210,09:30,14:10,220,UNAVAILABLE,0,5,,,AVAILABLE,5.0,True,,,,CURRENT_BAR_UNAVAILABLE,OBSERVATION_INSUFFICIENT,2,0,0,False,0,0,False,INHERITED_RAW_PRICE_BASIS,False,False
2025-07-23|27210,2025-07-23,27210,09:30,14:15,225,PARTIAL,3,2,,,AVAILABLE,5.0,True,,,,UNRESOLVED_STRUCTURE,OBSERVATION_INSUFFICIENT,3,0,0,False,0,0,False,INHERITED_RAW_PRICE_BASIS,False,False
2025-07-23|27210,2025-07-23,27210,09:30,14:20,230,COMPLETE,5,0,UNCHANGED,0.0,AVAILABLE,5.0,True,,,,UNRESOLVED_STRUCTURE,OBSERVATION_INSUFFICIENT,4,0,0,False,0,0,False,INHERITED_RAW_PRICE_BASIS,False,False
2025-07-23|27210,2025-07-23,27210,09:30,14:25,235,PARTIAL,2,3,,,AVAILABLE,5.0,True,,,,CURRENT_BAR_UNAVAILABLE,OBSERVATION_INSUFFICIENT,2,0,0,False,0,0,False,INHERITED_RAW_PRICE_BASIS,False,False
2025-07-23|27210,2025-07-23,27210,09:30,14:30,240,PARTIAL,4,1,,,AVAILABLE,5.0,True,,,,UNRESOLVED_STRUCTURE,OBSERVATION_INSUFFICIENT,4,0,0,False,0,0,False,INHERITED_RAW_PRICE_BASIS,False,False
2025-07-23|27210,2025-07-23,27210,09:30,14:35,245,PARTIAL,4,1,,,AVAILABLE,5.0,True,,,,UNRESOLVED_STRUCTURE,OBSERVATION_INSUFFICIENT,6,0,0,False,0,0,False,INHERITED_RAW_PRICE_BASIS,False,False
2025-07-23|27210,2025-07-23,27210,09:30,14:40,250,PARTIAL,2,3,,,AVAILABLE,5.0,True,,,,UNRESOLVED_STRUCTURE,OBSERVATION_INSUFFICIENT,5,0,0,False,0,0,False,INHERITED_RAW_PRICE_BASIS,False,False
2025-07-23|27210,2025-07-23,27210,09:30,14:45,255,PARTIAL,2,3,,,AVAILABLE,5.0,True,,,,UNRESOLVED_STRUCTURE,OBSERVATION_INSUFFICIENT,3,0,0,False,0,0,False,INHERITED_RAW_PRICE_BASIS,False,False
2025-07-23|27210,2025-07-23,27210,09:30,14:50,260,PARTIAL,3,2,,,AVAILABLE,5.0,True,,,,CURRENT_BAR_UNAVAILABLE,OBSERVATION_INSUFFICIENT,1,0,0,False,0,0,False,INHERITED_RAW_PRICE_BASIS,False,False
2025-07-23|27210,2025-07-23,27210,09:30,14:55,265,PARTIAL,4,1,,,AVAILABLE,5.0,True,,,,UNRESOLVED_STRUCTURE,WINDOW_OBSERVED,0,0,0,False,1,0,False,INHERITED_RAW_PRICE_BASIS,False,False
2025-07-23|27210,2025-07-23,27210,09:30,15:00,270,COMPLETE,5,0,DOWN,-0.966183574879227,AVAILABLE,5.0,True,,,,UNRESOLVED_STRUCTURE,WINDOW_OBSERVED,0,1,1,False,0,0,False,INHERITED_RAW_PRICE_BASIS,False,False
2025-07-23|27210,2025-07-23,27210,09:30,15:05,275,COMPLETE,5,0,DOWN,-0.4878048780487805,AVAILABLE,5.0,True,,,VOLUME_EXPANSION|TRADING_VALUE_EXPANSION,UNRESOLVED_STRUCTURE,WINDOW_OBSERVED,0,1,1,False,0,1,False,INHERITED_RAW_PRICE_BASIS,True,False
2025-07-23|27210,2025-07-23,27210,09:30,15:10,280,COMPLETE,5,0,DOWN,-0.49261083743842365,AVAILABLE,5.0,True,,,RANGE_EXPANSION|VOLUME_COMPRESSION|TRADING_VALUE_COMPRESSION,UNRESOLVED_STRUCTURE,WINDOW_OBSERVED,0,0,1,False,1,2,False,INHERITED_RAW_PRICE_BASIS,True,False
2025-07-23|27210,2025-07-23,27210,09:30,15:15,285,COMPLETE,5,0,UNCHANGED,0.0,AVAILABLE,5.0,True,,,RANGE_COMPRESSION,UNRESOLVED_STRUCTURE,WINDOW_OBSERVED,0,0,1,False,0,0,False,INHERITED_RAW_PRICE_BASIS,True,False
2025-07-23|27210,2025-07-23,27210,09:30,15:20,290,COMPLETE,5,0,DOWN,-0.9900990099009901,AVAILABLE,5.0,True,,,,UNRESOLVED_STRUCTURE,RIGHT_CENSORED,0,0,1,False,1,3,False,INHERITED_RAW_PRICE_BASIS,True,False
2025-07-23|27210,2025-07-23,27210,09:30,15:25,295,COMPLETE,5,0,UP,0.5,AVAILABLE,5.0,True,RANGE_STRUCTURE,BALANCE,VOLUME_EXPANSION|TRADING_VALUE_EXPANSION,IDENTIFIED,RIGHT_CENSORED,0,0,1,True,0,2,True,INHERITED_RAW_PRICE_BASIS,True,True
2025-07-23|27430,2025-07-23,27430,10:00,10:00,0,COMPLETE,5,0,DOWN,-2.5210084033613445,AVAILABLE,2.0,True,DOWN_STRUCTURE,PROGRESSION,VOLUME_EXPANSION|TRADING_VALUE_EXPANSION,IDENTIFIED,WINDOW_OBSERVED,0,0,11,False,0,3,True,INHERITED_RAW_PRICE_BASIS,False,False
2025-07-23|27430,2025-07-23,27430,10:00,10:05,5,COMPLETE,5,0,UP,0.8620689655172413,AVAILABLE,2.0,True,DOWN_STRUCTURE,PROGRESSION,RANGE_COMPRESSION|VOLUME_COMPRESSION|TRADING_VALUE_COMPRESSION,IDENTIFIED,WINDOW_OBSERVED,0,0,11,False,0,1,True,INHERITED_RAW_PRICE_BASIS,True,False
2025-07-23|27430,2025-07-23,27430,10:00,10:10,10,COMPLETE,5,0,UNCHANGED,0.0,AVAILABLE,2.0,True,DOWN_STRUCTURE,PROGRESSION,VOLUME_COMPRESSION|TRADING_VALUE_COMPRESSION,IDENTIFIED,WINDOW_OBSERVED,0,0,11,False,0,1,True,INHERITED_RAW_PRICE_BASIS,True,False
2025-07-23|27430,2025-07-23,27430,10:00,10:15,15,COMPLETE,5,0,DOWN,-1.7094017094017093,AVAILABLE,2.0,True,DOWN_STRUCTURE,PROGRESSION,RANGE_EXPANSION|VOLUME_EXPANSION|TRADING_VALUE_EXPANSION,IDENTIFIED,WINDOW_OBSERVED,0,0,11,False,0,1,True,INHERITED_RAW_PRICE_BASIS,True,False
2025-07-23|27430,2025-07-23,27430,10:00,10:20,20,COMPLETE,5,0,DOWN,-0.8695652173913043,AVAILABLE,2.0,True,DOWN_STRUCTURE,,RANGE_COMPRESSION|VOLUME_COMPRESSION|TRADING_VALUE_COMPRESSION,IDENTIFIED,WINDOW_OBSERVED,0,1,12,False,0,0,True,INHERITED_RAW_PRICE_BASIS,True,True
2025-07-23|27430,2025-07-23,27430,10:00,10:25,25,COMPLETE,5,0,UP,1.7391304347826086,AVAILABLE,2.0,True,DOWN_STRUCTURE,,RANGE_EXPANSION|VOLUME_EXPANSION|TRADING_VALUE_EXPANSION,IDENTIFIED,WINDOW_OBSERVED,0,1,13,False,0,1,True,INHERITED_RAW_PRICE_BASIS,True,False
2025-07-23|27430,2025-07-23,27430,10:00,10:30,30,COMPLETE,5,0,DOWN,-1.7094017094017093,AVAILABLE,2.0,True,DOWN_STRUCTURE,PROGRESSION,,IDENTIFIED,WINDOW_OBSERVED,0,0,13,False,0,0,True,INHERITED_RAW_PRICE_BASIS,True,True
2025-07-23|27430,2025-07-23,27430,10:00,10:35,35,COMPLETE,5,0,DOWN,-0.8620689655172413,AVAILABLE,2.0,True,DOWN_STRUCTURE,PROGRESSION,RANGE_COMPRESSION|VOLUME_COMPRESSION|TRADING_VALUE_COMPRESSION,IDENTIFIED,OBSERVATION_INSUFFICIENT,1,0,13,True,0,0,True,INHERITED_RAW_PRICE_BASIS,True,False
2025-07-23|27430,2025-07-23,27430,10:00,10:40,40,COMPLETE,5,0,UP,0.8695652173913043,AVAILABLE,2.0,True,DOWN_STRUCTURE,PROGRESSION,RANGE_EXPANSION,IDENTIFIED,OBSERVATION_INSUFFICIENT,1,0,13,True,0,0,True,INHERITED_RAW_PRICE_BASIS,True,False
2025-07-23|27430,2025-07-23,27430,10:00,10:45,45,PARTIAL,4,1,,,AVAILABLE,2.0,True,,,,CURRENT_BAR_UNAVAILABLE,WINDOW_OBSERVED,0,0,0,False,0,0,False,INHERITED_RAW_PRICE_BASIS,False,False
2025-07-23|27430,2025-07-23,27430,10:00,10:50,50,COMPLETE,5,0,UNCHANGED,0.0,AVAILABLE,2.0,True,,,,UNRESOLVED_STRUCTURE,WINDOW_OBSERVED,0,0,1,False,0,0,False,INHERITED_RAW_PRICE_BASIS,False,False
2025-07-23|27430,2025-07-23,27430,10:00,10:55,55,COMPLETE,5,0,UNCHANGED,0.0,AVAILABLE,2.0,True,,,RANGE_COMPRESSION|VOLUME_COMPRESSION|TRADING_VALUE_COMPRESSION,UNRESOLVED_STRUCTURE,OBSERVATION_INSUFFICIENT,1,0,1,False,0,0,False,INHERITED_RAW_PRICE_BASIS,True,False
2025-07-23|27430,2025-07-23,27430,10:00,11:00,60,COMPLETE,5,0,DOWN,-0.8620689655172413,AVAILABLE,2.0,True,,,,UNRESOLVED_STRUCTURE,OBSERVATION_INSUFFICIENT,1,0,1,False,0,0,False,INHERITED_RAW_PRICE_BASIS,True,False
2025-07-23|27430,2025-07-23,27430,10:00,11:05,65,PARTIAL,4,1,,,AVAILABLE,2.0,True,,,,UNRESOLVED_STRUCTURE,WINDOW_OBSERVED,0,0,0,False,0,0,False,INHERITED_RAW_PRICE_BASIS,False,False
2025-07-23|27430,2025-07-23,27430,10:00,11:10,70,COMPLETE,5,0,UNCHANGED,0.0,AVAILABLE,2.0,True,,,CHOPPINESS,UNRESOLVED_STRUCTURE,WINDOW_OBSERVED,0,1,2,False,0,1,False,INHERITED_RAW_PRICE_BASIS,False,False
2025-07-23|27430,2025-07-23,27430,10:00,11:15,75,COMPLETE,5,0,DOWN,-0.8695652173913043,AVAILABLE,2.0,True,,,VOLUME_EXPANSION|TRADING_VALUE_EXPANSION,UNRESOLVED_STRUCTURE,WINDOW_OBSERVED,0,0,2,False,2,0,False,INHERITED_RAW_PRICE_BASIS,True,False
2025-07-23|27430,2025-07-23,27430,10:00,11:20,80,COMPLETE,5,0,DOWN,-0.8771929824561403,AVAILABLE,2.0,True,,,VOLUME_COMPRESSION|TRADING_VALUE_COMPRESSION,UNRESOLVED_STRUCTURE,WINDOW_OBSERVED,0,0,2,False,0,1,False,INHERITED_RAW_PRICE_BASIS,True,False
2025-07-23|27430,2025-07-23,27430,10:00,11:25,85,COMPLETE,5,0,UNCHANGED,0.0,AVAILABLE,2.0,True,,,CHOPPINESS|VOLUME_EXPANSION|TRADING_VALUE_EXPANSION,UNRESOLVED_STRUCTURE,WINDOW_OBSERVED,0,0,2,False,0,4,False,INHERITED_RAW_PRICE_BASIS,True,False
2025-07-23|27430,2025-07-23,27430,10:00,11:30,90,COMPLETE,5,0,UNCHANGED,0.0,AVAILABLE,2.0,True,,,VOLUME_COMPRESSION|TRADING_VALUE_COMPRESSION,UNRESOLVED_STRUCTURE,WINDOW_OBSERVED,0,0,2,False,0,2,False,INHERITED_RAW_PRICE_BASIS,True,False
2025-07-23|27430,2025-07-23,27430,10:00,12:35,95,COMPLETE,5,0,DOWN,-0.9009009009009009,AVAILABLE,2.0,True,,,CHOPPINESS,UNRESOLVED_STRUCTURE,WINDOW_OBSERVED,0,0,2,False,0,2,False,INHERITED_RAW_PRICE_BASIS,True,False
2025-07-23|27430,2025-07-23,27430,10:00,12:40,100,COMPLETE,5,0,UP,0.9090909090909091,AVAILABLE,2.0,True,,,RANGE_COMPRESSION|VOLUME_COMPRESSION|TRADING_VALUE_COMPRESSION,UNRESOLVED_STRUCTURE,OBSERVATION_INSUFFICIENT,1,0,2,False,0,1,False,INHERITED_RAW_PRICE_BASIS,True,False
2025-07-23|27430,2025-07-23,27430,10:00,12:45,105,COMPLETE,5,0,UP,0.9090909090909091,AVAILABLE,2.0,True,,,VOLUME_EXPANSION|TRADING_VALUE_EXPANSION,UNRESOLVED_STRUCTURE,OBSERVATION_INSUFFICIENT,1,0,2,False,0,1,False,INHERITED_RAW_PRICE_BASIS,True,False
2025-07-23|27430,2025-07-23,27430,10:00,12:50,110,PARTIAL,4,1,,,AVAILABLE,2.0,True,,,,CURRENT_BAR_UNAVAILABLE,WINDOW_OBSERVED,0,0,0,False,0,1,False,INHERITED_RAW_PRICE_BASIS,False,False
2025-07-23|27430,2025-07-23,27430,10:00,12:55,115,COMPLETE,5,0,UNCHANGED,0.0,AVAILABLE,2.0,True,,,,UNRESOLVED_STRUCTURE,WINDOW_OBSERVED,0,1,1,False,0,0,False,INHERITED_RAW_PRICE_BASIS,False,False
2025-07-23|27430,2025-07-23,27430,10:00,13:00,120,COMPLETE,5,0,UNCHANGED,0.0,AVAILABLE,2.0,True,,,RANGE_EXPANSION|VOLUME_COMPRESSION|TRADING_VALUE_COMPRESSION,UNRESOLVED_STRUCTURE,OBSERVATION_INSUFFICIENT,1,1,1,False,0,0,False,INHERITED_RAW_PRICE_BASIS,True,False
2025-07-23|27430,2025-07-23,27430,10:00,13:05,125,COMPLETE,5,0,UP,0.9009009009009009,AVAILABLE,2.0,True,,,,UNRESOLVED_STRUCTURE,OBSERVATION_INSUFFICIENT,1,1,2,False,0,1,False,INHERITED_RAW_PRICE_BASIS,True,False
2025-07-23|27430,2025-07-23,27430,10:00,13:10,130,PARTIAL,4,1,,,AVAILABLE,2.0,True,,,,UNRESOLVED_STRUCTURE,OBSERVATION_INSUFFICIENT,2,0,0,False,0,0,False,INHERITED_RAW_PRICE_BASIS,False,False
2025-07-23|27430,2025-07-23,27430,10:00,13:15,135,COMPLETE,5,0,DOWN,-0.8928571428571429,AVAILABLE,2.0,True,,,,UNRESOLVED_STRUCTURE,OBSERVATION_INSUFFICIENT,4,0,0,False,0,0,False,INHERITED_RAW_PRICE_BASIS,False,False
2025-07-23|27430,2025-07-23,27430,10:00,13:20,140,PARTIAL,3,2,,,AVAILABLE,2.0,True,,,,UNRESOLVED_STRUCTURE,OBSERVATION_INSUFFICIENT,2,0,0,False,0,0,False,INHERITED_RAW_PRICE_BASIS,False,False
2025-07-23|27430,2025-07-23,27430,10:00,13:25,145,PARTIAL,3,2,,,AVAILABLE,2.0,True,,,,CURRENT_BAR_UNAVAILABLE,WINDOW_OBSERVED,0,0,0,False,0,0,False,INHERITED_RAW_PRICE_BASIS,False,False
2025-07-23|27430,2025-07-23,27430,10:00,13:30,150,COMPLETE,5,0,UNCHANGED,0.0,AVAILABLE,2.0,True,,,,UNRESOLVED_STRUCTURE,OBSERVATION_INSUFFICIENT,1,1,1,False,0,0,False,INHERITED_RAW_PRICE_BASIS,False,False
2025-07-23|27430,2025-07-23,27430,10:00,13:35,155,COMPLETE,5,0,DOWN,-0.8928571428571429,AVAILABLE,2.0,True,,,RANGE_EXPANSION|VOLUME_EXPANSION|TRADING_VALUE_EXPANSION,UNRESOLVED_STRUCTURE,OBSERVATION_INSUFFICIENT,2,0,1,False,0,0,False,INHERITED_RAW_PRICE_BASIS,True,False
2025-07-23|27430,2025-07-23,27430,10:00,13:40,160,PARTIAL,4,1,,,AVAILABLE,2.0,True,,,,UNRESOLVED_STRUCTURE,OBSERVATION_INSUFFICIENT,3,1,1,False,0,1,False,INHERITED_RAW_PRICE_BASIS,False,False
2025-07-23|27430,2025-07-23,27430,10:00,13:45,165,PARTIAL,4,1,,,AVAILABLE,2.0,True,,,,CURRENT_BAR_UNAVAILABLE,OBSERVATION_INSUFFICIENT,6,0,0,False,0,0,False,INHERITED_RAW_PRICE_BASIS,False,False
2025-07-23|27430,2025-07-23,27430,10:00,13:50,170,PARTIAL,3,2,,,AVAILABLE,2.0,True,,,,CURRENT_BAR_UNAVAILABLE,OBSERVATION_INSUFFICIENT,6,0,0,False,0,0,False,INHERITED_RAW_PRICE_BASIS,False,False
2025-07-23|27430,2025-07-23,27430,10:00,13:55,175,PARTIAL,1,4,,,AVAILABLE,2.0,True,,,,CURRENT_BAR_UNAVAILABLE,OBSERVATION_INSUFFICIENT,2,0,0,False,0,0,False,INHERITED_RAW_PRICE_BASIS,False,False
2025-07-23|27430,2025-07-23,27430,10:00,14:00,180,PARTIAL,3,2,,,AVAILABLE,2.0,True,,,,UNRESOLVED_STRUCTURE,WINDOW_OBSERVED,0,0,0,False,0,0,False,INHERITED_RAW_PRICE_BASIS,False,False
2025-07-23|27430,2025-07-23,27430,10:00,14:05,185,COMPLETE,5,0,UP,0.9009009009009009,AVAILABLE,2.0,True,,,,UNRESOLVED_STRUCTURE,OBSERVATION_INSUFFICIENT,1,0,0,False,0,0,False,INHERITED_RAW_PRICE_BASIS,False,False
2025-07-23|27430,2025-07-23,27430,10:00,14:10,190,COMPLETE,5,0,UNCHANGED,0.0,AVAILABLE,2.0,True,,,VOLUME_EXPANSION|TRADING_VALUE_EXPANSION,UNRESOLVED_STRUCTURE,OBSERVATION_INSUFFICIENT,2,0,0,False,0,0,False,INHERITED_RAW_PRICE_BASIS,True,False
2025-07-23|27430,2025-07-23,27430,10:00,14:15,195,PARTIAL,4,1,,,AVAILABLE,2.0,True,,,,UNRESOLVED_STRUCTURE,OBSERVATION_INSUFFICIENT,3,0,0,False,0,0,False,INHERITED_RAW_PRICE_BASIS,False,False
2025-07-23|27430,2025-07-23,27430,10:00,14:20,200,PARTIAL,4,1,,,AVAILABLE,2.0,True,,,,UNRESOLVED_STRUCTURE,OBSERVATION_INSUFFICIENT,3,0,0,False,0,0,False,INHERITED_RAW_PRICE_BASIS,False,False
2025-07-23|27430,2025-07-23,27430,10:00,14:25,205,PARTIAL,3,2,,,AVAILABLE,2.0,True,,,,UNRESOLVED_STRUCTURE,OBSERVATION_INSUFFICIENT,2,0,0,False,0,0,False,INHERITED_RAW_PRICE_BASIS,False,False
2025-07-23|27430,2025-07-23,27430,10:00,14:30,210,PARTIAL,4,1,,,AVAILABLE,2.0,True,,,,UNRESOLVED_STRUCTURE,OBSERVATION_INSUFFICIENT,1,0,0,False,0,0,False,INHERITED_RAW_PRICE_BASIS,False,False
2025-07-23|27430,2025-07-23,27430,10:00,14:35,215,PARTIAL,4,1,,,AVAILABLE,2.0,True,,,,UNRESOLVED_STRUCTURE,OBSERVATION_INSUFFICIENT,1,0,0,False,0,1,False,INHERITED_RAW_PRICE_BASIS,False,False
2025-07-23|27430,2025-07-23,27430,10:00,14:40,220,COMPLETE,5,0,UNCHANGED,0.0,AVAILABLE,2.0,True,,,,UNRESOLVED_STRUCTURE,OBSERVATION_INSUFFICIENT,2,0,0,False,0,0,False,INHERITED_RAW_PRICE_BASIS,False,False
2025-07-23|27430,2025-07-23,27430,10:00,14:45,225,PARTIAL,4,1,,,AVAILABLE,2.0,True,,,,UNRESOLVED_STRUCTURE,OBSERVATION_INSUFFICIENT,2,0,0,False,0,1,False,INHERITED_RAW_PRICE_BASIS,False,False
2025-07-23|27430,2025-07-23,27430,10:00,14:50,230,PARTIAL,4,1,,,AVAILABLE,2.0,True,,,,UNRESOLVED_STRUCTURE,OBSERVATION_INSUFFICIENT,3,0,0,False,0,0,False,INHERITED_RAW_PRICE_BASIS,False,False
2025-07-23|27430,2025-07-23,27430,10:00,14:55,235,PARTIAL,4,1,,,AVAILABLE,2.0,True,,,,CURRENT_BAR_UNAVAILABLE,OBSERVATION_INSUFFICIENT,3,0,0,False,0,1,False,INHERITED_RAW_PRICE_BASIS,False,False
2025-07-23|27430,2025-07-23,27430,10:00,15:00,240,PARTIAL,3,2,,,AVAILABLE,2.0,True,,,,CURRENT_BAR_UNAVAILABLE,OBSERVATION_INSUFFICIENT,2,0,0,False,0,0,False,INHERITED_RAW_PRICE_BASIS,False,False
2025-07-23|27430,2025-07-23,27430,10:00,15:05,245,PARTIAL,4,1,,,AVAILABLE,2.0,True,,,,CURRENT_BAR_UNAVAILABLE,OBSERVATION_INSUFFICIENT,3,0,0,False,0,0,False,INHERITED_RAW_PRICE_BASIS,False,False
2025-07-23|27430,2025-07-23,27430,10:00,15:10,250,PARTIAL,4,1,,,AVAILABLE,2.0,True,,,,UNRESOLVED_STRUCTURE,OBSERVATION_INSUFFICIENT,3,0,0,False,0,0,False,INHERITED_RAW_PRICE_BASIS,False,False
2025-07-23|27430,2025-07-23,27430,10:00,15:15,255,PARTIAL,3,2,,,AVAILABLE,2.0,True,,,,CURRENT_BAR_UNAVAILABLE,OBSERVATION_INSUFFICIENT,1,0,0,False,0,0,False,INHERITED_RAW_PRICE_BASIS,False,False
2025-07-23|27430,2025-07-23,27430,10:00,15:20,260,PARTIAL,4,1,,,AVAILABLE,2.0,True,,,,UNRESOLVED_STRUCTURE,RIGHT_CENSORED,0,0,0,False,0,0,False,INHERITED_RAW_PRICE_BASIS,False,False
2025-07-23|27430,2025-07-23,27430,10:00,15:25,265,COMPLETE,5,0,UP,0.9009009009009009,AVAILABLE,2.0,True,,,,UNRESOLVED_STRUCTURE,RIGHT_CENSORED,0,0,0,False,0,0,False,INHERITED_RAW_PRICE_BASIS,False,False
2025-07-23|31890,2025-07-23,31890,13:00,13:00,0,COMPLETE,5,0,UP,0.0859106529209622,AVAILABLE,9.0,True,DOWN_STRUCTURE,CORRECTION|RECOVERY,RANGE_COMPRESSION|VOLUME_COMPRESSION|TRADING_VALUE_COMPRESSION,IDENTIFIED,WINDOW_OBSERVED,0,1,6,False,1,0,True,INHERITED_RAW_PRICE_BASIS,False,False
2025-07-23|31890,2025-07-23,31890,13:00,13:05,5,COMPLETE,5,0,UP,0.08561643835616438,AVAILABLE,9.0,True,DOWN_STRUCTURE,CORRECTION|RECOVERY,,IDENTIFIED,OBSERVATION_INSUFFICIENT,2,0,6,False,0,0,True,INHERITED_RAW_PRICE_BASIS,True,False
2025-07-23|31890,2025-07-23,31890,13:00,13:10,10,COMPLETE,5,0,UP,0.08547008547008547,AVAILABLE,9.0,True,DOWN_STRUCTURE,PROGRESSION,CHOPPINESS|VOLUME_EXPANSION|TRADING_VALUE_EXPANSION,IDENTIFIED,OBSERVATION_INSUFFICIENT,3,1,7,False,0,0,True,INHERITED_RAW_PRICE_BASIS,True,True
2025-07-23|31890,2025-07-23,31890,13:00,13:15,15,PARTIAL,3,2,,,AVAILABLE,9.0,True,,,,CURRENT_BAR_UNAVAILABLE,OBSERVATION_INSUFFICIENT,2,0,0,False,0,0,False,INHERITED_RAW_PRICE_BASIS,False,False
2025-07-23|31890,2025-07-23,31890,13:00,13:20,20,PARTIAL,4,1,,,AVAILABLE,9.0,True,,,,UNRESOLVED_STRUCTURE,OBSERVATION_INSUFFICIENT,4,0,0,False,1,1,False,INHERITED_RAW_PRICE_BASIS,False,False
2025-07-23|31890,2025-07-23,31890,13:00,13:25,25,PARTIAL,4,1,,,AVAILABLE,9.0,True,,,,UNRESOLVED_STRUCTURE,OBSERVATION_INSUFFICIENT,3,0,0,False,0,0,False,INHERITED_RAW_PRICE_BASIS,False,False
2025-07-23|31890,2025-07-23,31890,13:00,13:30,30,PARTIAL,2,3,,,AVAILABLE,9.0,True,,,,CURRENT_BAR_UNAVAILABLE,OBSERVATION_INSUFFICIENT,1,0,0,False,0,0,False,INHERITED_RAW_PRICE_BASIS,False,False
2025-07-23|31890,2025-07-23,31890,13:00,13:35,35,COMPLETE,5,0,UP,1.468048359240069,AVAILABLE,9.0,True,,,,UNRESOLVED_STRUCTURE,OBSERVATION_INSUFFICIENT,3,0,1,False,0,0,False,INHERITED_RAW_PRICE_BASIS,False,False
2025-07-23|31890,2025-07-23,31890,13:00,13:40,40,PARTIAL,4,1,,,AVAILABLE,9.0,True,,,,UNRESOLVED_STRUCTURE,OBSERVATION_INSUFFICIENT,3,0,0,False,0,0,False,INHERITED_RAW_PRICE_BASIS,False,False
2025-07-23|31890,2025-07-23,31890,13:00,13:45,45,PARTIAL,3,2,,,AVAILABLE,9.0,True,,,,UNRESOLVED_STRUCTURE,OBSERVATION_INSUFFICIENT,1,1,1,False,0,0,False,INHERITED_RAW_PRICE_BASIS,False,False
2025-07-23|31890,2025-07-23,31890,13:00,13:50,50,PARTIAL,4,1,,,AVAILABLE,9.0,True,,,,UNRESOLVED_STRUCTURE,WINDOW_OBSERVED,0,1,2,False,3,1,False,INHERITED_RAW_PRICE_BASIS,False,False
2025-07-23|31890,2025-07-23,31890,13:00,13:55,55,COMPLETE,5,0,DOWN,-2.4390243902439024,AVAILABLE,9.0,True,,,,UNRESOLVED_STRUCTURE,WINDOW_OBSERVED,0,0,3,False,2,3,False,INHERITED_RAW_PRICE_BASIS,False,False
2025-07-23|31890,2025-07-23,31890,13:00,14:00,60,COMPLETE,5,0,DOWN,-0.17809439002671415,AVAILABLE,9.0,True,,,CHOPPINESS|RANGE_COMPRESSION|VOLUME_COMPRESSION|TRADING_VALUE_COMPRESSION,UNRESOLVED_STRUCTURE,WINDOW_OBSERVED,0,0,3,False,1,0,False,INHERITED_RAW_PRICE_BASIS,True,False
2025-07-23|31890,2025-07-23,31890,13:00,14:05,65,COMPLETE,5,0,DOWN,-0.3568242640499554,AVAILABLE,9.0,True,,,RANGE_COMPRESSION,UNRESOLVED_STRUCTURE,WINDOW_OBSERVED,0,0,3,False,0,0,False,INHERITED_RAW_PRICE_BASIS,True,False
2025-07-23|31890,2025-07-23,31890,13:00,14:10,70,COMPLETE,5,0,DOWN,-0.08968609865470852,AVAILABLE,9.0,True,,,RANGE_EXPANSION|VOLUME_EXPANSION|TRADING_VALUE_EXPANSION,UNRESOLVED_STRUCTURE,WINDOW_OBSERVED,0,0,3,False,2,2,False,INHERITED_RAW_PRICE_BASIS,True,False
2025-07-23|31890,2025-07-23,31890,13:00,14:15,75,COMPLETE,5,0,UNCHANGED,0.0,AVAILABLE,9.0,True,,,RANGE_COMPRESSION|VOLUME_COMPRESSION|TRADING_VALUE_COMPRESSION,UNRESOLVED_STRUCTURE,OBSERVATION_INSUFFICIENT,1,0,3,False,0,0,False,INHERITED_RAW_PRICE_BASIS,True,False
2025-07-23|31890,2025-07-23,31890,13:00,14:20,80,COMPLETE,5,0,DOWN,-0.8078994614003591,AVAILABLE,9.0,True,,,RANGE_EXPANSION|VOLUME_EXPANSION|TRADING_VALUE_EXPANSION,UNRESOLVED_STRUCTURE,OBSERVATION_INSUFFICIENT,1,0,3,False,0,0,False,INHERITED_RAW_PRICE_BASIS,True,False
2025-07-23|31890,2025-07-23,31890,13:00,14:25,85,PARTIAL,4,1,,,AVAILABLE,9.0,True,,,,CURRENT_BAR_UNAVAILABLE,WINDOW_OBSERVED,0,0,0,False,0,0,False,INHERITED_RAW_PRICE_BASIS,False,False
2025-07-23|31890,2025-07-23,31890,13:00,14:30,90,COMPLETE,5,0,DOWN,-1.6216216216216217,AVAILABLE,9.0,True,,,,UNRESOLVED_STRUCTURE,WINDOW_OBSERVED,0,0,1,False,1,1,False,INHERITED_RAW_PRICE_BASIS,False,False
2025-07-23|31890,2025-07-23,31890,13:00,14:35,95,COMPLETE,5,0,UP,0.3663003663003663,AVAILABLE,9.0,True,,RECOVERY,CHOPPINESS,UNRESOLVED_STRUCTURE,WINDOW_OBSERVED,0,0,2,False,2,2,True,INHERITED_RAW_PRICE_BASIS,True,True
2025-07-23|31890,2025-07-23,31890,13:00,14:40,100,COMPLETE,5,0,UP,0.09124087591240876,AVAILABLE,9.0,True,,,CHOPPINESS|RANGE_COMPRESSION|VOLUME_COMPRESSION|TRADING_VALUE_COMPRESSION,UNRESOLVED_STRUCTURE,WINDOW_OBSERVED,0,1,3,False,0,0,False,INHERITED_RAW_PRICE_BASIS,True,True
2025-07-23|31890,2025-07-23,31890,13:00,14:45,105,COMPLETE,5,0,DOWN,-0.18248175182481752,AVAILABLE,9.0,True,,,CHOPPINESS|VOLUME_EXPANSION|TRADING_VALUE_EXPANSION,UNRESOLVED_STRUCTURE,WINDOW_OBSERVED,0,1,3,False,0,0,False,INHERITED_RAW_PRICE_BASIS,True,False
2025-07-23|31890,2025-07-23,31890,13:00,14:50,110,COMPLETE,5,0,DOWN,-1.5539305301645339,AVAILABLE,9.0,True,DOWN_STRUCTURE,CORRECTION|RECOVERY,RANGE_EXPANSION|VOLUME_EXPANSION|TRADING_VALUE_EXPANSION,IDENTIFIED,WINDOW_OBSERVED,0,1,4,False,4,2,True,INHERITED_RAW_PRICE_BASIS,True,True
2025-07-23|31890,2025-07-23,31890,13:00,14:55,115,COMPLETE,5,0,UP,0.5565862708719852,AVAILABLE,9.0,True,DOWN_STRUCTURE,CORRECTION|RECOVERY,RANGE_COMPRESSION|VOLUME_COMPRESSION|TRADING_VALUE_COMPRESSION,IDENTIFIED,WINDOW_OBSERVED,0,0,4,False,0,0,True,INHERITED_RAW_PRICE_BASIS,True,False
2025-07-23|31890,2025-07-23,31890,13:00,15:00,120,COMPLETE,5,0,UP,0.09233610341643583,AVAILABLE,9.0,True,DOWN_STRUCTURE,PROGRESSION,VOLUME_EXPANSION|TRADING_VALUE_EXPANSION,IDENTIFIED,WINDOW_OBSERVED,0,1,5,False,0,0,True,INHERITED_RAW_PRICE_BASIS,True,True
2025-07-23|31890,2025-07-23,31890,13:00,15:05,125,COMPLETE,5,0,DOWN,-0.36900369003690037,AVAILABLE,9.0,True,DOWN_STRUCTURE,PROGRESSION,,IDENTIFIED,WINDOW_OBSERVED,0,1,5,False,0,0,True,INHERITED_RAW_PRICE_BASIS,True,False
2025-07-23|31890,2025-07-23,31890,13:00,15:10,130,COMPLETE,5,0,UP,0.2777777777777778,AVAILABLE,9.0,True,DOWN_STRUCTURE,PROGRESSION,,IDENTIFIED,WINDOW_OBSERVED,0,0,5,False,0,0,True,INHERITED_RAW_PRICE_BASIS,True,False
2025-07-23|31890,2025-07-23,31890,13:00,15:15,135,COMPLETE,5,0,DOWN,-0.2770083102493075,AVAILABLE,9.0,True,DOWN_STRUCTURE,PROGRESSION,,IDENTIFIED,WINDOW_OBSERVED,0,0,5,False,0,0,True,INHERITED_RAW_PRICE_BASIS,True,False
2025-07-23|31890,2025-07-23,31890,13:00,15:20,140,COMPLETE,5,0,UNCHANGED,0.0,AVAILABLE,9.0,True,DOWN_STRUCTURE,PROGRESSION,CHOPPINESS,IDENTIFIED,RIGHT_CENSORED,0,0,5,True,0,0,True,INHERITED_RAW_PRICE_BASIS,True,False
2025-07-23|31890,2025-07-23,31890,13:00,15:25,145,COMPLETE,5,0,DOWN,-0.27726432532347506,AVAILABLE,9.0,True,DOWN_STRUCTURE,PROGRESSION,CHOPPINESS|RANGE_EXPANSION|VOLUME_EXPANSION|TRADING_VALUE_EXPANSION,IDENTIFIED,RIGHT_CENSORED,0,0,5,False,5,4,True,INHERITED_RAW_PRICE_BASIS,True,False
2025-07-23|32710,2025-07-23,32710,13:30,13:30,0,COMPLETE,5,0,DOWN,-0.25380710659898476,SCALE_INSUFFICIENT,,True,,,RANGE_COMPRESSION|VOLUME_COMPRESSION|TRADING_VALUE_COMPRESSION,SCALE_UNAVAILABLE,WINDOW_OBSERVED,0,0,0,False,1,6,False,INHERITED_RAW_PRICE_BASIS,False,False
2025-07-23|32710,2025-07-23,32710,13:30,13:35,5,COMPLETE,5,0,DOWN,-0.7627118644067796,SCALE_INSUFFICIENT,,True,,,RANGE_EXPANSION|VOLUME_EXPANSION|TRADING_VALUE_EXPANSION,SCALE_UNAVAILABLE,WINDOW_OBSERVED,0,0,0,False,3,5,False,INHERITED_RAW_PRICE_BASIS,True,False
2025-07-23|32710,2025-07-23,32710,13:30,13:40,10,COMPLETE,5,0,DOWN,-0.8554319931565441,SCALE_INSUFFICIENT,,True,,,,SCALE_UNAVAILABLE,OBSERVATION_INSUFFICIENT,1,0,0,False,1,1,False,INHERITED_RAW_PRICE_BASIS,True,False
2025-07-23|32710,2025-07-23,32710,13:30,13:45,15,COMPLETE,5,0,DOWN,-1.6379310344827587,SCALE_INSUFFICIENT,,True,,,RANGE_EXPANSION|VOLUME_EXPANSION|TRADING_VALUE_EXPANSION,SCALE_UNAVAILABLE,OBSERVATION_INSUFFICIENT,2,0,0,False,1,1,False,INHERITED_RAW_PRICE_BASIS,True,False
2025-07-23|32710,2025-07-23,32710,13:30,13:50,20,PARTIAL,4,1,,,SCALE_INSUFFICIENT,,True,,,,SCALE_UNAVAILABLE,OBSERVATION_INSUFFICIENT,3,0,0,False,2,0,False,INHERITED_RAW_PRICE_BASIS,False,False
2025-07-23|32710,2025-07-23,32710,13:30,13:55,25,PARTIAL,4,1,,,SCALE_INSUFFICIENT,,True,,,,SCALE_UNAVAILABLE,OBSERVATION_INSUFFICIENT,2,0,0,False,0,0,False,INHERITED_RAW_PRICE_BASIS,False,False
2025-07-23|32710,2025-07-23,32710,13:30,14:00,30,PARTIAL,3,2,,,SCALE_INSUFFICIENT,,True,,,,CURRENT_BAR_UNAVAILABLE,OBSERVATION_INSUFFICIENT,1,0,0,False,0,0,False,INHERITED_RAW_PRICE_BASIS,False,False
2025-07-23|32710,2025-07-23,32710,13:30,14:05,35,COMPLETE,5,0,DOWN,-0.26362038664323373,SCALE_INSUFFICIENT,,True,,,,SCALE_UNAVAILABLE,OBSERVATION_INSUFFICIENT,1,0,0,False,2,1,False,INHERITED_RAW_PRICE_BASIS,False,False
2025-07-23|32710,2025-07-23,32710,13:30,14:10,40,PARTIAL,4,1,,,SCALE_INSUFFICIENT,,True,,,,SCALE_UNAVAILABLE,WINDOW_OBSERVED,0,0,0,False,0,0,False,INHERITED_RAW_PRICE_BASIS,False,False
2025-07-23|32710,2025-07-23,32710,13:30,14:15,45,COMPLETE,5,0,UP,0.4374453193350831,SCALE_INSUFFICIENT,,True,,,,SCALE_UNAVAILABLE,WINDOW_OBSERVED,0,0,0,False,0,0,False,INHERITED_RAW_PRICE_BASIS,False,False
2025-07-23|32710,2025-07-23,32710,13:30,14:20,50,COMPLETE,5,0,DOWN,-0.9590235396687009,SCALE_INSUFFICIENT,,True,,,VOLUME_COMPRESSION|TRADING_VALUE_COMPRESSION,SCALE_UNAVAILABLE,OBSERVATION_INSUFFICIENT,1,0,0,False,0,0,False,INHERITED_RAW_PRICE_BASIS,True,False
2025-07-23|32710,2025-07-23,32710,13:30,14:25,55,COMPLETE,5,0,DOWN,-0.351493848857645,SCALE_INSUFFICIENT,,True,,,RANGE_COMPRESSION,SCALE_UNAVAILABLE,OBSERVATION_INSUFFICIENT,2,0,0,False,0,0,False,INHERITED_RAW_PRICE_BASIS,True,False
2025-07-23|32710,2025-07-23,32710,13:30,14:30,60,PARTIAL,4,1,,,SCALE_INSUFFICIENT,,True,,,,CURRENT_BAR_UNAVAILABLE,OBSERVATION_INSUFFICIENT,3,0,0,False,0,0,False,INHERITED_RAW_PRICE_BASIS,False,False
2025-07-23|32710,2025-07-23,32710,13:30,14:35,65,PARTIAL,4,1,,,SCALE_INSUFFICIENT,,True,,,,CURRENT_BAR_UNAVAILABLE,OBSERVATION_INSUFFICIENT,3,0,0,False,0,0,False,INHERITED_RAW_PRICE_BASIS,False,False
2025-07-23|32710,2025-07-23,32710,13:30,14:40,70,PARTIAL,3,2,,,SCALE_INSUFFICIENT,,True,,,,SCALE_UNAVAILABLE,OBSERVATION_INSUFFICIENT,2,0,0,False,0,0,False,INHERITED_RAW_PRICE_BASIS,False,False
2025-07-23|32710,2025-07-23,32710,13:30,14:45,75,PARTIAL,4,1,,,SCALE_INSUFFICIENT,,True,,,,SCALE_UNAVAILABLE,OBSERVATION_INSUFFICIENT,1,0,0,False,0,0,False,INHERITED_RAW_PRICE_BASIS,False,False
2025-07-23|32710,2025-07-23,32710,13:30,14:50,80,PARTIAL,4,1,,,SCALE_INSUFFICIENT,,True,,,,SCALE_UNAVAILABLE,WINDOW_OBSERVED,0,0,0,False,0,0,False,INHERITED_RAW_PRICE_BASIS,False,False
2025-07-23|32710,2025-07-23,32710,13:30,14:55,85,COMPLETE,5,0,UP,0.2657218777679362,SCALE_INSUFFICIENT,,True,,,,SCALE_UNAVAILABLE,OBSERVATION_INSUFFICIENT,1,0,0,False,0,0,False,INHERITED_RAW_PRICE_BASIS,False,False
2025-07-23|32710,2025-07-23,32710,13:30,15:00,90,COMPLETE,5,0,DOWN,-0.08833922261484099,SCALE_INSUFFICIENT,,True,,,RANGE_COMPRESSION|VOLUME_COMPRESSION|TRADING_VALUE_COMPRESSION,SCALE_UNAVAILABLE,OBSERVATION_INSUFFICIENT,1,0,0,False,0,0,False,INHERITED_RAW_PRICE_BASIS,True,False
2025-07-23|32710,2025-07-23,32710,13:30,15:05,95,PARTIAL,4,1,,,SCALE_INSUFFICIENT,,True,,,,CURRENT_BAR_UNAVAILABLE,OBSERVATION_INSUFFICIENT,2,0,0,False,0,0,False,INHERITED_RAW_PRICE_BASIS,False,False
2025-07-23|32710,2025-07-23,32710,13:30,15:10,100,COMPLETE,5,0,DOWN,-0.264783759929391,SCALE_INSUFFICIENT,,True,,,,SCALE_UNAVAILABLE,OBSERVATION_INSUFFICIENT,2,0,0,False,0,0,False,INHERITED_RAW_PRICE_BASIS,False,False
2025-07-23|32710,2025-07-23,32710,13:30,15:15,105,PARTIAL,3,2,,,SCALE_INSUFFICIENT,,True,,,,CURRENT_BAR_UNAVAILABLE,WINDOW_OBSERVED,0,0,0,False,0,0,False,INHERITED_RAW_PRICE_BASIS,False,False
2025-07-23|32710,2025-07-23,32710,13:30,15:20,110,COMPLETE,5,0,DOWN,-0.7079646017699115,SCALE_INSUFFICIENT,,True,,,,SCALE_UNAVAILABLE,RIGHT_CENSORED,0,0,0,False,0,1,False,INHERITED_RAW_PRICE_BASIS,False,False
2025-07-23|32710,2025-07-23,32710,13:30,15:25,115,COMPLETE,5,0,DOWN,-0.3561887800534283,SCALE_INSUFFICIENT,,True,,,VOLUME_EXPANSION|TRADING_VALUE_EXPANSION,SCALE_UNAVAILABLE,RIGHT_CENSORED,0,0,0,False,2,3,False,INHERITED_RAW_PRICE_BASIS,True,False
2025-07-23|33060,2025-07-23,33060,15:00,15:00,0,UNAVAILABLE,0,5,,,SCALE_INSUFFICIENT,,True,,,,CURRENT_BAR_UNAVAILABLE,OBSERVATION_INSUFFICIENT,10,0,0,False,0,0,False,INHERITED_RAW_PRICE_BASIS,False,False
2025-07-23|33060,2025-07-23,33060,15:00,15:05,5,UNAVAILABLE,0,5,,,SCALE_INSUFFICIENT,,True,,,,CURRENT_BAR_UNAVAILABLE,OBSERVATION_INSUFFICIENT,10,0,0,False,0,0,False,INHERITED_RAW_PRICE_BASIS,False,False
2025-07-23|33060,2025-07-23,33060,15:00,15:10,10,UNAVAILABLE,0,5,,,SCALE_INSUFFICIENT,,True,,,,CURRENT_BAR_UNAVAILABLE,OBSERVATION_INSUFFICIENT,9,0,0,False,0,0,False,INHERITED_RAW_PRICE_BASIS,False,False
2025-07-23|33060,2025-07-23,33060,15:00,15:15,15,UNAVAILABLE,0,5,,,SCALE_INSUFFICIENT,,True,,,,CURRENT_BAR_UNAVAILABLE,OBSERVATION_INSUFFICIENT,7,0,0,False,0,0,False,INHERITED_RAW_PRICE_BASIS,False,False
2025-07-23|33060,2025-07-23,33060,15:00,15:20,20,PARTIAL,1,4,,,SCALE_INSUFFICIENT,,True,,,,CURRENT_BAR_UNAVAILABLE,RIGHT_CENSORED,3,0,0,False,0,0,False,INHERITED_RAW_PRICE_BASIS,False,False
2025-07-23|33060,2025-07-23,33060,15:00,15:25,25,PARTIAL,2,3,,,SCALE_INSUFFICIENT,,True,,,,CURRENT_BAR_UNAVAILABLE,RIGHT_CENSORED,0,0,0,False,0,0,False,INHERITED_RAW_PRICE_BASIS,False,False
2025-07-23|38030,2025-07-23,38030,11:30,11:30,0,PARTIAL,3,2,,,SCALE_INSUFFICIENT,,True,,,,SCALE_UNAVAILABLE,OBSERVATION_INSUFFICIENT,1,0,0,False,1,0,False,INHERITED_RAW_PRICE_BASIS,False,False
2025-07-23|38030,2025-07-23,38030,11:30,12:35,5,COMPLETE,5,0,UP,0.23501762632197415,SCALE_INSUFFICIENT,,True,,,,SCALE_UNAVAILABLE,OBSERVATION_INSUFFICIENT,2,0,0,False,0,0,False,INHERITED_RAW_PRICE_BASIS,False,False
2025-07-23|38030,2025-07-23,38030,11:30,12:40,10,PARTIAL,4,1,,,SCALE_INSUFFICIENT,,True,,,,SCALE_UNAVAILABLE,OBSERVATION_INSUFFICIENT,3,0,0,False,0,0,False,INHERITED_RAW_PRICE_BASIS,False,False
2025-07-23|38030,2025-07-23,38030,11:30,12:45,15,PARTIAL,4,1,,,SCALE_INSUFFICIENT,,True,,,,CURRENT_BAR_UNAVAILABLE,OBSERVATION_INSUFFICIENT,5,0,0,False,0,0,False,INHERITED_RAW_PRICE_BASIS,False,False
2025-07-23|38030,2025-07-23,38030,11:30,12:50,20,PARTIAL,3,2,,,SCALE_INSUFFICIENT,,True,,,,CURRENT_BAR_UNAVAILABLE,OBSERVATION_INSUFFICIENT,5,0,0,False,0,0,False,INHERITED_RAW_PRICE_BASIS,False,False
2025-07-23|38030,2025-07-23,38030,11:30,12:55,25,PARTIAL,2,3,,,SCALE_INSUFFICIENT,,True,,,,CURRENT_BAR_UNAVAILABLE,OBSERVATION_INSUFFICIENT,5,0,0,False,0,0,False,INHERITED_RAW_PRICE_BASIS,False,False
2025-07-23|38030,2025-07-23,38030,11:30,13:00,30,PARTIAL,3,2,,,SCALE_INSUFFICIENT,,True,,,,SCALE_UNAVAILABLE,OBSERVATION_INSUFFICIENT,7,0,0,False,0,0,False,INHERITED_RAW_PRICE_BASIS,False,False
2025-07-23|38030,2025-07-23,38030,11:30,13:05,35,PARTIAL,2,3,,,SCALE_INSUFFICIENT,,True,,,,SCALE_UNAVAILABLE,OBSERVATION_INSUFFICIENT,9,0,0,False,0,0,False,INHERITED_RAW_PRICE_BASIS,False,False
2025-07-23|38030,2025-07-23,38030,11:30,13:10,40,PARTIAL,1,4,,,SCALE_INSUFFICIENT,,True,,,,CURRENT_BAR_UNAVAILABLE,OBSERVATION_INSUFFICIENT,9,0,0,False,0,0,False,INHERITED_RAW_PRICE_BASIS,False,False
2025-07-23|38030,2025-07-23,38030,11:30,13:15,45,UNAVAILABLE,0,5,,,SCALE_INSUFFICIENT,,True,,,,CURRENT_BAR_UNAVAILABLE,OBSERVATION_INSUFFICIENT,7,0,0,False,0,0,False,INHERITED_RAW_PRICE_BASIS,False,False
2025-07-23|38030,2025-07-23,38030,11:30,13:20,50,PARTIAL,1,4,,,SCALE_INSUFFICIENT,,True,,,,CURRENT_BAR_UNAVAILABLE,OBSERVATION_INSUFFICIENT,6,0,0,False,0,0,False,INHERITED_RAW_PRICE_BASIS,False,False
2025-07-23|38030,2025-07-23,38030,11:30,13:25,55,PARTIAL,2,3,,,SCALE_INSUFFICIENT,,True,,,,CURRENT_BAR_UNAVAILABLE,OBSERVATION_INSUFFICIENT,7,0,0,False,0,0,False,INHERITED_RAW_PRICE_BASIS,False,False
2025-07-23|38030,2025-07-23,38030,11:30,13:30,60,PARTIAL,2,3,,,SCALE_INSUFFICIENT,,True,,,,CURRENT_BAR_UNAVAILABLE,OBSERVATION_INSUFFICIENT,7,0,0,False,0,0,False,INHERITED_RAW_PRICE_BASIS,False,False
2025-07-23|38030,2025-07-23,38030,11:30,13:35,65,PARTIAL,1,4,,,SCALE_INSUFFICIENT,,True,,,,CURRENT_BAR_UNAVAILABLE,OBSERVATION_INSUFFICIENT,5,0,0,False,0,0,False,INHERITED_RAW_PRICE_BASIS,False,False
2025-07-23|38030,2025-07-23,38030,11:30,13:40,70,PARTIAL,2,3,,,SCALE_INSUFFICIENT,,True,,,,CURRENT_BAR_UNAVAILABLE,OBSERVATION_INSUFFICIENT,6,0,0,False,0,0,False,INHERITED_RAW_PRICE_BASIS,False,False
2025-07-23|38030,2025-07-23,38030,11:30,13:45,75,PARTIAL,3,2,,,SCALE_INSUFFICIENT,,True,,,,CURRENT_BAR_UNAVAILABLE,OBSERVATION_INSUFFICIENT,9,0,0,False,0,0,False,INHERITED_RAW_PRICE_BASIS,False,False
2025-07-23|38030,2025-07-23,38030,11:30,13:50,80,PARTIAL,1,4,,,SCALE_INSUFFICIENT,,True,,,,SCALE_UNAVAILABLE,OBSERVATION_INSUFFICIENT,10,0,0,False,0,0,False,INHERITED_RAW_PRICE_BASIS,False,False
2025-07-23|38030,2025-07-23,38030,11:30,13:55,85,UNAVAILABLE,0,5,,,SCALE_INSUFFICIENT,,True,,,,CURRENT_BAR_UNAVAILABLE,OBSERVATION_INSUFFICIENT,10,0,0,False,0,0,False,INHERITED_RAW_PRICE_BASIS,False,False
2025-07-23|38030,2025-07-23,38030,11:30,14:00,90,UNAVAILABLE,0,5,,,SCALE_INSUFFICIENT,,True,,,,CURRENT_BAR_UNAVAILABLE,OBSERVATION_INSUFFICIENT,8,0,0,False,0,0,False,INHERITED_RAW_PRICE_BASIS,False,False
2025-07-23|38030,2025-07-23,38030,11:30,14:05,95,UNAVAILABLE,0,5,,,SCALE_INSUFFICIENT,,True,,,,CURRENT_BAR_UNAVAILABLE,OBSERVATION_INSUFFICIENT,8,0,0,False,0,0,False,INHERITED_RAW_PRICE_BASIS,False,False
2025-07-23|38030,2025-07-23,38030,11:30,14:10,100,PARTIAL,2,3,,,SCALE_INSUFFICIENT,,True,,,,SCALE_UNAVAILABLE,OBSERVATION_INSUFFICIENT,7,0,0,False,0,0,False,INHERITED_RAW_PRICE_BASIS,False,False
2025-07-23|38030,2025-07-23,38030,11:30,14:15,105,UNAVAILABLE,0,5,,,SCALE_INSUFFICIENT,,True,,,,CURRENT_BAR_UNAVAILABLE,OBSERVATION_INSUFFICIENT,7,0,0,False,0,0,False,INHERITED_RAW_PRICE_BASIS,False,False
2025-07-23|38030,2025-07-23,38030,11:30,14:20,110,PARTIAL,3,2,,,SCALE_INSUFFICIENT,,True,,,,CURRENT_BAR_UNAVAILABLE,OBSERVATION_INSUFFICIENT,8,0,0,False,0,0,False,INHERITED_RAW_PRICE_BASIS,False,False
2025-07-23|38030,2025-07-23,38030,11:30,14:25,115,UNAVAILABLE,0,5,,,SCALE_INSUFFICIENT,,True,,,,CURRENT_BAR_UNAVAILABLE,OBSERVATION_INSUFFICIENT,5,0,0,False,0,0,False,INHERITED_RAW_PRICE_BASIS,False,False
2025-07-23|38030,2025-07-23,38030,11:30,14:30,120,PARTIAL,2,3,,,SCALE_INSUFFICIENT,,True,,,,SCALE_UNAVAILABLE,OBSERVATION_INSUFFICIENT,2,0,0,False,0,0,False,INHERITED_RAW_PRICE_BASIS,False,False
2025-07-23|38030,2025-07-23,38030,11:30,14:35,125,PARTIAL,3,2,,,SCALE_INSUFFICIENT,,True,,,,SCALE_UNAVAILABLE,OBSERVATION_INSUFFICIENT,2,0,0,False,0,0,False,INHERITED_RAW_PRICE_BASIS,False,False
2025-07-23|38030,2025-07-23,38030,11:30,14:40,130,COMPLETE,5,0,UP,1.4672686230248306,SCALE_INSUFFICIENT,,True,,,,SCALE_UNAVAILABLE,OBSERVATION_INSUFFICIENT,5,0,0,False,6,2,False,INHERITED_RAW_PRICE_BASIS,False,False
2025-07-23|38030,2025-07-23,38030,11:30,14:45,135,PARTIAL,3,2,,,SCALE_INSUFFICIENT,,True,,,,SCALE_UNAVAILABLE,OBSERVATION_INSUFFICIENT,8,0,0,False,0,0,False,INHERITED_RAW_PRICE_BASIS,False,False
2025-07-23|38030,2025-07-23,38030,11:30,14:50,140,PARTIAL,2,3,,,SCALE_INSUFFICIENT,,True,,,,SCALE_UNAVAILABLE,OBSERVATION_INSUFFICIENT,9,0,0,False,0,0,False,INHERITED_RAW_PRICE_BASIS,False,False
2025-07-23|38030,2025-07-23,38030,11:30,14:55,145,UNAVAILABLE,0,5,,,SCALE_INSUFFICIENT,,True,,,,CURRENT_BAR_UNAVAILABLE,OBSERVATION_INSUFFICIENT,5,0,0,False,0,0,False,INHERITED_RAW_PRICE_BASIS,False,False
2025-07-23|38030,2025-07-23,38030,11:30,15:00,150,PARTIAL,1,4,,,SCALE_INSUFFICIENT,,True,,,,SCALE_UNAVAILABLE,OBSERVATION_INSUFFICIENT,2,0,0,False,0,0,False,INHERITED_RAW_PRICE_BASIS,False,False
2025-07-23|38030,2025-07-23,38030,11:30,15:05,155,PARTIAL,4,1,,,SCALE_INSUFFICIENT,,True,,,,SCALE_UNAVAILABLE,OBSERVATION_INSUFFICIENT,3,0,0,False,0,2,False,INHERITED_RAW_PRICE_BASIS,False,False
2025-07-23|38030,2025-07-23,38030,11:30,15:10,160,PARTIAL,4,1,,,SCALE_INSUFFICIENT,,True,,,,SCALE_UNAVAILABLE,OBSERVATION_INSUFFICIENT,6,0,0,False,0,0,False,INHERITED_RAW_PRICE_BASIS,False,False
2025-07-23|38030,2025-07-23,38030,11:30,15:15,165,PARTIAL,3,2,,,SCALE_INSUFFICIENT,,True,,,,CURRENT_BAR_UNAVAILABLE,OBSERVATION_INSUFFICIENT,6,0,0,False,0,0,False,INHERITED_RAW_PRICE_BASIS,False,False
2025-07-23|38030,2025-07-23,38030,11:30,15:20,170,PARTIAL,1,4,,,SCALE_INSUFFICIENT,,True,,,,SCALE_UNAVAILABLE,RIGHT_CENSORED,2,0,0,False,0,0,False,INHERITED_RAW_PRICE_BASIS,False,False
2025-07-23|38030,2025-07-23,38030,11:30,15:25,175,PARTIAL,3,2,,,SCALE_INSUFFICIENT,,True,,,,SCALE_UNAVAILABLE,RIGHT_CENSORED,0,0,0,False,0,0,False,INHERITED_RAW_PRICE_BASIS,False,False
2025-07-23|40600,2025-07-23,40600,10:30,10:30,0,PARTIAL,1,4,,,SCALE_INSUFFICIENT,,True,,,,CURRENT_BAR_UNAVAILABLE,OBSERVATION_INSUFFICIENT,8,0,0,False,0,0,False,INHERITED_RAW_PRICE_BASIS,False,False
2025-07-23|40600,2025-07-23,40600,10:30,10:35,5,PARTIAL,1,4,,,SCALE_INSUFFICIENT,,True,,,,CURRENT_BAR_UNAVAILABLE,OBSERVATION_INSUFFICIENT,8,0,0,False,0,0,False,INHERITED_RAW_PRICE_BASIS,False,False
2025-07-23|40600,2025-07-23,40600,10:30,10:40,10,PARTIAL,1,4,,,SCALE_INSUFFICIENT,,True,,,,SCALE_UNAVAILABLE,OBSERVATION_INSUFFICIENT,8,0,0,False,1,0,False,INHERITED_RAW_PRICE_BASIS,False,False
2025-07-23|40600,2025-07-23,40600,10:30,10:45,15,PARTIAL,1,4,,,SCALE_INSUFFICIENT,,True,,,,CURRENT_BAR_UNAVAILABLE,OBSERVATION_INSUFFICIENT,6,0,0,False,0,2,False,INHERITED_RAW_PRICE_BASIS,False,False
2025-07-23|40600,2025-07-23,40600,10:30,10:50,20,PARTIAL,1,4,,,SCALE_INSUFFICIENT,,True,,,,SCALE_UNAVAILABLE,OBSERVATION_INSUFFICIENT,5,0,0,False,0,0,False,INHERITED_RAW_PRICE_BASIS,False,False
2025-07-23|40600,2025-07-23,40600,10:30,10:55,25,PARTIAL,3,2,,,SCALE_INSUFFICIENT,,True,,,,CURRENT_BAR_UNAVAILABLE,OBSERVATION_INSUFFICIENT,8,0,0,False,0,6,False,INHERITED_RAW_PRICE_BASIS,False,False
2025-07-23|40600,2025-07-23,40600,10:30,11:00,30,PARTIAL,2,3,,,SCALE_INSUFFICIENT,,True,,,,CURRENT_BAR_UNAVAILABLE,OBSERVATION_INSUFFICIENT,9,0,0,False,0,3,False,INHERITED_RAW_PRICE_BASIS,False,False
2025-07-23|40600,2025-07-23,40600,10:30,11:05,35,UNAVAILABLE,0,5,,,SCALE_INSUFFICIENT,,True,,,,CURRENT_BAR_UNAVAILABLE,OBSERVATION_INSUFFICIENT,8,0,0,False,0,0,False,INHERITED_RAW_PRICE_BASIS,False,False
2025-07-23|40600,2025-07-23,40600,10:30,11:10,40,PARTIAL,1,4,,,SCALE_INSUFFICIENT,,True,,,,CURRENT_BAR_UNAVAILABLE,OBSERVATION_INSUFFICIENT,7,0,0,False,0,0,False,INHERITED_RAW_PRICE_BASIS,False,False
2025-07-23|40600,2025-07-23,40600,10:30,11:15,45,PARTIAL,1,4,,,SCALE_INSUFFICIENT,,True,,,,CURRENT_BAR_UNAVAILABLE,OBSERVATION_INSUFFICIENT,5,0,0,False,0,0,False,INHERITED_RAW_PRICE_BASIS,False,False
2025-07-23|40600,2025-07-23,40600,10:30,11:20,50,PARTIAL,2,3,,,SCALE_INSUFFICIENT,,True,,,,CURRENT_BAR_UNAVAILABLE,OBSERVATION_INSUFFICIENT,3,0,0,False,0,0,False,INHERITED_RAW_PRICE_BASIS,False,False
2025-07-23|40600,2025-07-23,40600,10:30,11:25,55,PARTIAL,3,2,,,SCALE_INSUFFICIENT,,True,,,,CURRENT_BAR_UNAVAILABLE,OBSERVATION_INSUFFICIENT,4,0,0,False,0,0,False,INHERITED_RAW_PRICE_BASIS,False,False
2025-07-23|40600,2025-07-23,40600,10:30,11:30,60,PARTIAL,4,1,,,SCALE_INSUFFICIENT,,True,,,,SCALE_UNAVAILABLE,OBSERVATION_INSUFFICIENT,7,0,0,False,2,0,False,INHERITED_RAW_PRICE_BASIS,False,False
2025-07-23|40600,2025-07-23,40600,10:30,12:35,65,PARTIAL,2,3,,,SCALE_INSUFFICIENT,,True,,,,CURRENT_BAR_UNAVAILABLE,OBSERVATION_INSUFFICIENT,8,0,0,False,0,0,False,INHERITED_RAW_PRICE_BASIS,False,False
2025-07-23|40600,2025-07-23,40600,10:30,12:40,70,PARTIAL,1,4,,,SCALE_INSUFFICIENT,,True,,,,CURRENT_BAR_UNAVAILABLE,OBSERVATION_INSUFFICIENT,8,0,0,False,0,0,False,INHERITED_RAW_PRICE_BASIS,False,False
2025-07-23|40600,2025-07-23,40600,10:30,12:45,75,PARTIAL,1,4,,,SCALE_INSUFFICIENT,,True,,,,CURRENT_BAR_UNAVAILABLE,OBSERVATION_INSUFFICIENT,9,0,0,False,0,0,False,INHERITED_RAW_PRICE_BASIS,False,False
2025-07-23|40600,2025-07-23,40600,10:30,12:50,80,PARTIAL,1,4,,,SCALE_INSUFFICIENT,,True,,,,SCALE_UNAVAILABLE,OBSERVATION_INSUFFICIENT,9,0,0,False,0,0,False,INHERITED_RAW_PRICE_BASIS,False,False
2025-07-23|40600,2025-07-23,40600,10:30,12:55,85,UNAVAILABLE,0,5,,,SCALE_INSUFFICIENT,,True,,,,CURRENT_BAR_UNAVAILABLE,OBSERVATION_INSUFFICIENT,9,0,0,False,0,0,False,INHERITED_RAW_PRICE_BASIS,False,False
2025-07-23|40600,2025-07-23,40600,10:30,13:00,90,PARTIAL,1,4,,,SCALE_INSUFFICIENT,,True,,,,CURRENT_BAR_UNAVAILABLE,OBSERVATION_INSUFFICIENT,10,0,0,False,0,0,False,INHERITED_RAW_PRICE_BASIS,False,False
2025-07-23|40600,2025-07-23,40600,10:30,13:05,95,UNAVAILABLE,0,5,,,SCALE_INSUFFICIENT,,True,,,,CURRENT_BAR_UNAVAILABLE,OBSERVATION_INSUFFICIENT,10,0,0,False,0,0,False,INHERITED_RAW_PRICE_BASIS,False,False
2025-07-23|40600,2025-07-23,40600,10:30,13:10,100,UNAVAILABLE,0,5,,,SCALE_INSUFFICIENT,,True,,,,CURRENT_BAR_UNAVAILABLE,OBSERVATION_INSUFFICIENT,10,0,0,False,0,0,False,INHERITED_RAW_PRICE_BASIS,False,False
2025-07-23|40600,2025-07-23,40600,10:30,13:15,105,UNAVAILABLE,0,5,,,SCALE_INSUFFICIENT,,True,,,,CURRENT_BAR_UNAVAILABLE,OBSERVATION_INSUFFICIENT,10,0,0,False,0,0,False,INHERITED_RAW_PRICE_BASIS,False,False
2025-07-23|40600,2025-07-23,40600,10:30,13:20,110,UNAVAILABLE,0,5,,,SCALE_INSUFFICIENT,,True,,,,CURRENT_BAR_UNAVAILABLE,OBSERVATION_INSUFFICIENT,10,0,0,False,0,0,False,INHERITED_RAW_PRICE_BASIS,False,False
2025-07-23|40600,2025-07-23,40600,10:30,13:25,115,UNAVAILABLE,0,5,,,SCALE_INSUFFICIENT,,True,,,,CURRENT_BAR_UNAVAILABLE,OBSERVATION_INSUFFICIENT,9,0,0,False,0,0,False,INHERITED_RAW_PRICE_BASIS,False,False
2025-07-23|40600,2025-07-23,40600,10:30,13:30,120,UNAVAILABLE,0,5,,,SCALE_INSUFFICIENT,,True,,,,CURRENT_BAR_UNAVAILABLE,OBSERVATION_INSUFFICIENT,9,0,0,False,0,0,False,INHERITED_RAW_PRICE_BASIS,False,False
2025-07-23|40600,2025-07-23,40600,10:30,13:35,125,PARTIAL,1,4,,,SCALE_INSUFFICIENT,,True,,,,SCALE_UNAVAILABLE,OBSERVATION_INSUFFICIENT,10,0,0,False,0,0,False,INHERITED_RAW_PRICE_BASIS,False,False
2025-07-23|40600,2025-07-23,40600,10:30,13:40,130,UNAVAILABLE,0,5,,,SCALE_INSUFFICIENT,,True,,,,CURRENT_BAR_UNAVAILABLE,OBSERVATION_INSUFFICIENT,9,0,0,False,0,0,False,INHERITED_RAW_PRICE_BASIS,False,False
2025-07-23|40600,2025-07-23,40600,10:30,13:45,135,UNAVAILABLE,0,5,,,SCALE_INSUFFICIENT,,True,,,,CURRENT_BAR_UNAVAILABLE,OBSERVATION_INSUFFICIENT,8,0,0,False,0,0,False,INHERITED_RAW_PRICE_BASIS,False,False
2025-07-23|40600,2025-07-23,40600,10:30,13:50,140,PARTIAL,1,4,,,SCALE_INSUFFICIENT,,True,,,,SCALE_UNAVAILABLE,OBSERVATION_INSUFFICIENT,9,0,0,False,0,0,False,INHERITED_RAW_PRICE_BASIS,False,False
2025-07-23|40600,2025-07-23,40600,10:30,13:55,145,PARTIAL,1,4,,,SCALE_INSUFFICIENT,,True,,,,CURRENT_BAR_UNAVAILABLE,OBSERVATION_INSUFFICIENT,10,0,0,False,0,0,False,INHERITED_RAW_PRICE_BASIS,False,False
2025-07-23|40600,2025-07-23,40600,10:30,14:00,150,UNAVAILABLE,0,5,,,SCALE_INSUFFICIENT,,True,,,,CURRENT_BAR_UNAVAILABLE,OBSERVATION_INSUFFICIENT,9,0,0,False,0,0,False,INHERITED_RAW_PRICE_BASIS,False,False
2025-07-23|40600,2025-07-23,40600,10:30,14:05,155,UNAVAILABLE,0,5,,,SCALE_INSUFFICIENT,,True,,,,CURRENT_BAR_UNAVAILABLE,OBSERVATION_INSUFFICIENT,9,0,0,False,0,0,False,INHERITED_RAW_PRICE_BASIS,False,False
2025-07-23|40600,2025-07-23,40600,10:30,14:10,160,PARTIAL,1,4,,,SCALE_INSUFFICIENT,,True,,,,CURRENT_BAR_UNAVAILABLE,OBSERVATION_INSUFFICIENT,10,0,0,False,0,0,False,INHERITED_RAW_PRICE_BASIS,False,False
2025-07-23|40600,2025-07-23,40600,10:30,14:15,165,UNAVAILABLE,0,5,,,SCALE_INSUFFICIENT,,True,,,,CURRENT_BAR_UNAVAILABLE,OBSERVATION_INSUFFICIENT,10,0,0,False,0,0,False,INHERITED_RAW_PRICE_BASIS,False,False
2025-07-23|40600,2025-07-23,40600,10:30,14:20,170,UNAVAILABLE,0,5,,,SCALE_INSUFFICIENT,,True,,,,CURRENT_BAR_UNAVAILABLE,OBSERVATION_INSUFFICIENT,8,0,0,False,0,0,False,INHERITED_RAW_PRICE_BASIS,False,False
2025-07-23|40600,2025-07-23,40600,10:30,14:25,175,UNAVAILABLE,0,5,,,SCALE_INSUFFICIENT,,True,,,,CURRENT_BAR_UNAVAILABLE,OBSERVATION_INSUFFICIENT,7,0,0,False,0,0,False,INHERITED_RAW_PRICE_BASIS,False,False
2025-07-23|40600,2025-07-23,40600,10:30,14:30,180,PARTIAL,2,3,,,SCALE_INSUFFICIENT,,True,,,,SCALE_UNAVAILABLE,OBSERVATION_INSUFFICIENT,9,0,0,False,0,0,False,INHERITED_RAW_PRICE_BASIS,False,False
2025-07-23|40600,2025-07-23,40600,10:30,14:35,185,PARTIAL,1,4,,,SCALE_INSUFFICIENT,,True,,,,SCALE_UNAVAILABLE,OBSERVATION_INSUFFICIENT,10,0,0,False,0,0,False,INHERITED_RAW_PRICE_BASIS,False,False
2025-07-23|40600,2025-07-23,40600,10:30,14:40,190,UNAVAILABLE,0,5,,,SCALE_INSUFFICIENT,,True,,,,CURRENT_BAR_UNAVAILABLE,OBSERVATION_INSUFFICIENT,10,0,0,False,0,0,False,INHERITED_RAW_PRICE_BASIS,False,False
2025-07-23|40600,2025-07-23,40600,10:30,14:45,195,UNAVAILABLE,0,5,,,SCALE_INSUFFICIENT,,True,,,,CURRENT_BAR_UNAVAILABLE,OBSERVATION_INSUFFICIENT,9,0,0,False,0,0,False,INHERITED_RAW_PRICE_BASIS,False,False
2025-07-23|40600,2025-07-23,40600,10:30,14:50,200,UNAVAILABLE,0,5,,,SCALE_INSUFFICIENT,,True,,,,CURRENT_BAR_UNAVAILABLE,OBSERVATION_INSUFFICIENT,9,0,0,False,0,0,False,INHERITED_RAW_PRICE_BASIS,False,False
2025-07-23|40600,2025-07-23,40600,10:30,14:55,205,PARTIAL,1,4,,,SCALE_INSUFFICIENT,,True,,,,CURRENT_BAR_UNAVAILABLE,OBSERVATION_INSUFFICIENT,10,0,0,False,0,0,False,INHERITED_RAW_PRICE_BASIS,False,False
2025-07-23|40600,2025-07-23,40600,10:30,15:00,210,UNAVAILABLE,0,5,,,SCALE_INSUFFICIENT,,True,,,,CURRENT_BAR_UNAVAILABLE,OBSERVATION_INSUFFICIENT,10,0,0,False,0,0,False,INHERITED_RAW_PRICE_BASIS,False,False
2025-07-23|40600,2025-07-23,40600,10:30,15:05,215,UNAVAILABLE,0,5,,,SCALE_INSUFFICIENT,,True,,,,CURRENT_BAR_UNAVAILABLE,OBSERVATION_INSUFFICIENT,9,0,0,False,0,0,False,INHERITED_RAW_PRICE_BASIS,False,False
2025-07-23|40600,2025-07-23,40600,10:30,15:10,220,UNAVAILABLE,0,5,,,SCALE_INSUFFICIENT,,True,,,,CURRENT_BAR_UNAVAILABLE,OBSERVATION_INSUFFICIENT,8,0,0,False,0,0,False,INHERITED_RAW_PRICE_BASIS,False,False
2025-07-23|40600,2025-07-23,40600,10:30,15:15,225,PARTIAL,1,4,,,SCALE_INSUFFICIENT,,True,,,,CURRENT_BAR_UNAVAILABLE,OBSERVATION_INSUFFICIENT,8,0,0,False,0,0,False,INHERITED_RAW_PRICE_BASIS,False,False
2025-07-23|40600,2025-07-23,40600,10:30,15:20,230,PARTIAL,1,4,,,SCALE_INSUFFICIENT,,True,,,,CURRENT_BAR_UNAVAILABLE,RIGHT_CENSORED,4,0,0,False,0,0,False,INHERITED_RAW_PRICE_BASIS,False,False
2025-07-23|40600,2025-07-23,40600,10:30,15:25,235,PARTIAL,1,4,,,SCALE_INSUFFICIENT,,True,,,,CURRENT_BAR_UNAVAILABLE,RIGHT_CENSORED,0,0,0,False,0,0,False,INHERITED_RAW_PRICE_BASIS,False,False
2025-07-23|41750,2025-07-23,41750,11:30,11:30,0,PARTIAL,3,2,,,SCALE_INSUFFICIENT,,True,,,,SCALE_UNAVAILABLE,OBSERVATION_INSUFFICIENT,10,0,0,False,0,0,False,INHERITED_RAW_PRICE_BASIS,False,False
2025-07-23|41750,2025-07-23,41750,11:30,12:35,5,UNAVAILABLE,0,5,,,SCALE_INSUFFICIENT,,True,,,,CURRENT_BAR_UNAVAILABLE,OBSERVATION_INSUFFICIENT,10,0,0,False,0,0,False,INHERITED_RAW_PRICE_BASIS,False,False
2025-07-23|41750,2025-07-23,41750,11:30,12:40,10,UNAVAILABLE,0,5,,,SCALE_INSUFFICIENT,,True,,,,CURRENT_BAR_UNAVAILABLE,OBSERVATION_INSUFFICIENT,10,0,0,False,0,0,False,INHERITED_RAW_PRICE_BASIS,False,False
2025-07-23|41750,2025-07-23,41750,11:30,12:45,15,UNAVAILABLE,0,5,,,SCALE_INSUFFICIENT,,True,,,,CURRENT_BAR_UNAVAILABLE,OBSERVATION_INSUFFICIENT,9,0,0,False,0,0,False,INHERITED_RAW_PRICE_BASIS,False,False
2025-07-23|41750,2025-07-23,41750,11:30,12:50,20,UNAVAILABLE,0,5,,,SCALE_INSUFFICIENT,,True,,,,CURRENT_BAR_UNAVAILABLE,OBSERVATION_INSUFFICIENT,4,0,0,False,0,0,False,INHERITED_RAW_PRICE_BASIS,False,False
2025-07-23|41750,2025-07-23,41750,11:30,12:55,25,PARTIAL,1,4,,,SCALE_INSUFFICIENT,,True,,,,SCALE_UNAVAILABLE,WINDOW_OBSERVED,0,0,0,False,0,0,False,INHERITED_RAW_PRICE_BASIS,False,False
2025-07-23|41750,2025-07-23,41750,11:30,13:00,30,COMPLETE,5,0,DOWN,-0.7992477668077104,SCALE_INSUFFICIENT,,True,,,,SCALE_UNAVAILABLE,WINDOW_OBSERVED,0,0,0,False,0,0,False,INHERITED_RAW_PRICE_BASIS,False,False
2025-07-23|41750,2025-07-23,41750,11:30,13:05,35,COMPLETE,5,0,UP,0.8936970837253058,SCALE_INSUFFICIENT,,True,,,RANGE_COMPRESSION|VOLUME_COMPRESSION|TRADING_VALUE_COMPRESSION,SCALE_UNAVAILABLE,WINDOW_OBSERVED,0,0,0,False,0,0,False,INHERITED_RAW_PRICE_BASIS,True,False
2025-07-23|41750,2025-07-23,41750,11:30,13:10,40,COMPLETE,5,0,UP,4.0427509293680295,SCALE_INSUFFICIENT,,True,,,RANGE_EXPANSION|VOLUME_EXPANSION|TRADING_VALUE_EXPANSION,SCALE_UNAVAILABLE,WINDOW_OBSERVED,0,0,0,False,0,0,False,INHERITED_RAW_PRICE_BASIS,True,False
2025-07-23|41750,2025-07-23,41750,11:30,13:15,45,COMPLETE,5,0,DOWN,-3.395889186773905,SCALE_INSUFFICIENT,,True,,,RANGE_EXPANSION|VOLUME_EXPANSION|TRADING_VALUE_EXPANSION,SCALE_UNAVAILABLE,OBSERVATION_INSUFFICIENT,3,0,0,False,4,4,False,INHERITED_RAW_PRICE_BASIS,True,False
2025-07-23|41750,2025-07-23,41750,11:30,13:20,50,COMPLETE,5,0,UP,1.941747572815534,SCALE_INSUFFICIENT,,True,,,RANGE_COMPRESSION|VOLUME_COMPRESSION|TRADING_VALUE_COMPRESSION,SCALE_UNAVAILABLE,OBSERVATION_INSUFFICIENT,5,0,0,False,0,0,False,INHERITED_RAW_PRICE_BASIS,True,False
2025-07-23|41750,2025-07-23,41750,11:30,13:25,55,PARTIAL,2,3,,,SCALE_INSUFFICIENT,,True,,,,SCALE_UNAVAILABLE,OBSERVATION_INSUFFICIENT,5,0,0,False,0,0,False,INHERITED_RAW_PRICE_BASIS,False,False
2025-07-23|41750,2025-07-23,41750,11:30,13:30,60,PARTIAL,3,2,,,SCALE_INSUFFICIENT,,True,,,,SCALE_UNAVAILABLE,OBSERVATION_INSUFFICIENT,4,0,0,False,0,0,False,INHERITED_RAW_PRICE_BASIS,False,False
2025-07-23|41750,2025-07-23,41750,11:30,13:35,65,PARTIAL,2,3,,,SCALE_INSUFFICIENT,,True,,,,CURRENT_BAR_UNAVAILABLE,OBSERVATION_INSUFFICIENT,1,0,0,False,0,0,False,INHERITED_RAW_PRICE_BASIS,False,False
2025-07-23|41750,2025-07-23,41750,11:30,13:40,70,PARTIAL,4,1,,,SCALE_INSUFFICIENT,,True,,,,SCALE_UNAVAILABLE,WINDOW_OBSERVED,0,0,0,False,0,0,False,INHERITED_RAW_PRICE_BASIS,False,False
2025-07-23|41750,2025-07-23,41750,11:30,13:45,75,COMPLETE,5,0,DOWN,-0.8878504672897196,SCALE_INSUFFICIENT,,True,,,,SCALE_UNAVAILABLE,OBSERVATION_INSUFFICIENT,3,0,0,False,0,0,False,INHERITED_RAW_PRICE_BASIS,False,False
2025-07-23|41750,2025-07-23,41750,11:30,13:50,80,COMPLETE,5,0,DOWN,-0.23573785950023574,SCALE_INSUFFICIENT,,True,,,RANGE_COMPRESSION,SCALE_UNAVAILABLE,OBSERVATION_INSUFFICIENT,6,0,0,False,0,0,False,INHERITED_RAW_PRICE_BASIS,True,False
2025-07-23|41750,2025-07-23,41750,11:30,13:55,85,PARTIAL,2,3,,,SCALE_INSUFFICIENT,,True,,,,CURRENT_BAR_UNAVAILABLE,OBSERVATION_INSUFFICIENT,5,0,0,False,0,0,False,INHERITED_RAW_PRICE_BASIS,False,False
2025-07-23|41750,2025-07-23,41750,11:30,14:00,90,PARTIAL,2,3,,,SCALE_INSUFFICIENT,,True,,,,SCALE_UNAVAILABLE,OBSERVATION_INSUFFICIENT,6,0,0,False,0,0,False,INHERITED_RAW_PRICE_BASIS,False,False
2025-07-23|41750,2025-07-23,41750,11:30,14:05,95,PARTIAL,3,2,,,SCALE_INSUFFICIENT,,True,,,,SCALE_UNAVAILABLE,OBSERVATION_INSUFFICIENT,6,0,0,False,0,0,False,INHERITED_RAW_PRICE_BASIS,False,False
2025-07-23|41750,2025-07-23,41750,11:30,14:10,100,PARTIAL,1,4,,,SCALE_INSUFFICIENT,,True,,,,CURRENT_BAR_UNAVAILABLE,OBSERVATION_INSUFFICIENT,3,0,0,False,0,0,False,INHERITED_RAW_PRICE_BASIS,False,False
2025-07-23|41750,2025-07-23,41750,11:30,14:15,105,PARTIAL,3,2,,,SCALE_INSUFFICIENT,,True,,,,SCALE_UNAVAILABLE,OBSERVATION_INSUFFICIENT,5,0,0,False,0,0,False,INHERITED_RAW_PRICE_BASIS,False,False
2025-07-23|41750,2025-07-23,41750,11:30,14:20,110,PARTIAL,4,1,,,SCALE_INSUFFICIENT,,True,,,,CURRENT_BAR_UNAVAILABLE,OBSERVATION_INSUFFICIENT,4,0,0,False,0,0,False,INHERITED_RAW_PRICE_BASIS,False,False
2025-07-23|41750,2025-07-23,41750,11:30,14:25,115,PARTIAL,1,4,,,SCALE_INSUFFICIENT,,True,,,,SCALE_UNAVAILABLE,OBSERVATION_INSUFFICIENT,1,0,0,False,0,0,False,INHERITED_RAW_PRICE_BASIS,False,False
2025-07-23|41750,2025-07-23,41750,11:30,14:30,120,COMPLETE,5,0,UP,0.09487666034155598,SCALE_INSUFFICIENT,,True,,,,SCALE_UNAVAILABLE,OBSERVATION_INSUFFICIENT,4,0,0,False,0,0,False,INHERITED_RAW_PRICE_BASIS,False,False
2025-07-23|41750,2025-07-23,41750,11:30,14:35,125,PARTIAL,4,1,,,SCALE_INSUFFICIENT,,True,,,,SCALE_UNAVAILABLE,OBSERVATION_INSUFFICIENT,5,0,0,False,0,0,False,INHERITED_RAW_PRICE_BASIS,False,False
2025-07-23|41750,2025-07-23,41750,11:30,14:40,130,PARTIAL,2,3,,,SCALE_INSUFFICIENT,,True,,,,CURRENT_BAR_UNAVAILABLE,OBSERVATION_INSUFFICIENT,3,0,0,False,0,0,False,INHERITED_RAW_PRICE_BASIS,False,False
2025-07-23|41750,2025-07-23,41750,11:30,14:45,135,PARTIAL,3,2,,,SCALE_INSUFFICIENT,,True,,,,SCALE_UNAVAILABLE,OBSERVATION_INSUFFICIENT,3,0,0,False,0,0,False,INHERITED_RAW_PRICE_BASIS,False,False
2025-07-23|41750,2025-07-23,41750,11:30,14:50,140,PARTIAL,4,1,,,SCALE_INSUFFICIENT,,True,,,,CURRENT_BAR_UNAVAILABLE,OBSERVATION_INSUFFICIENT,5,0,0,False,0,0,False,INHERITED_RAW_PRICE_BASIS,False,False
2025-07-23|41750,2025-07-23,41750,11:30,14:55,145,PARTIAL,3,2,,,SCALE_INSUFFICIENT,,True,,,,CURRENT_BAR_UNAVAILABLE,OBSERVATION_INSUFFICIENT,4,0,0,False,0,0,False,INHERITED_RAW_PRICE_BASIS,False,False
2025-07-23|41750,2025-07-23,41750,11:30,15:00,150,PARTIAL,2,3,,,SCALE_INSUFFICIENT,,True,,,,CURRENT_BAR_UNAVAILABLE,OBSERVATION_INSUFFICIENT,1,0,0,False,0,0,False,INHERITED_RAW_PRICE_BASIS,False,False
2025-07-23|41750,2025-07-23,41750,11:30,15:05,155,PARTIAL,4,1,,,SCALE_INSUFFICIENT,,True,,,,SCALE_UNAVAILABLE,WINDOW_OBSERVED,0,0,0,False,4,2,False,INHERITED_RAW_PRICE_BASIS,False,False
2025-07-23|41750,2025-07-23,41750,11:30,15:10,160,COMPLETE,5,0,UP,2.159827213822894,SCALE_INSUFFICIENT,,True,,,,SCALE_UNAVAILABLE,WINDOW_OBSERVED,0,0,0,False,3,3,False,INHERITED_RAW_PRICE_BASIS,False,False
2025-07-23|41750,2025-07-23,41750,11:30,15:15,165,COMPLETE,5,0,DOWN,-0.8894536213468869,SCALE_INSUFFICIENT,,True,,,RANGE_COMPRESSION|VOLUME_COMPRESSION|TRADING_VALUE_COMPRESSION,SCALE_UNAVAILABLE,WINDOW_OBSERVED,0,0,0,False,2,2,False,INHERITED_RAW_PRICE_BASIS,True,False
2025-07-23|41750,2025-07-23,41750,11:30,15:20,170,COMPLETE,5,0,UP,4.273504273504273,SCALE_INSUFFICIENT,,True,,,RANGE_EXPANSION|VOLUME_EXPANSION|TRADING_VALUE_EXPANSION,SCALE_UNAVAILABLE,RIGHT_CENSORED,0,0,0,False,4,3,False,INHERITED_RAW_PRICE_BASIS,True,False
2025-07-23|41750,2025-07-23,41750,11:30,15:25,175,COMPLETE,5,0,DOWN,-4.2677824267782425,SCALE_INSUFFICIENT,,True,,,VOLUME_EXPANSION|TRADING_VALUE_EXPANSION,SCALE_UNAVAILABLE,RIGHT_CENSORED,0,0,0,False,3,2,False,INHERITED_RAW_PRICE_BASIS,True,False
2025-07-23|45930,2025-07-23,45930,14:00,14:00,0,COMPLETE,5,0,DOWN,-0.5555555555555556,AVAILABLE,5.0,True,,RESTRUCTURING,VOLUME_EXPANSION|TRADING_VALUE_EXPANSION,UNRESOLVED_STRUCTURE,WINDOW_OBSERVED,0,0,6,False,2,2,True,INHERITED_RAW_PRICE_BASIS,False,False
2025-07-23|45930,2025-07-23,45930,14:00,14:05,5,COMPLETE,5,0,DOWN,-0.41899441340782123,AVAILABLE,5.0,True,,RESTRUCTURING,,UNRESOLVED_STRUCTURE,WINDOW_OBSERVED,0,0,6,False,3,1,True,INHERITED_RAW_PRICE_BASIS,True,False
2025-07-23|45930,2025-07-23,45930,14:00,14:10,10,COMPLETE,5,0,UP,0.1402524544179523,AVAILABLE,5.0,True,,RESTRUCTURING,RANGE_COMPRESSION|VOLUME_COMPRESSION|TRADING_VALUE_COMPRESSION,UNRESOLVED_STRUCTURE,WINDOW_OBSERVED,0,0,6,False,0,1,True,INHERITED_RAW_PRICE_BASIS,True,False
2025-07-23|45930,2025-07-23,45930,14:00,14:15,15,COMPLETE,5,0,DOWN,-1.2587412587412588,AVAILABLE,5.0,True,,RESTRUCTURING,RANGE_EXPANSION|VOLUME_EXPANSION|TRADING_VALUE_EXPANSION,UNRESOLVED_STRUCTURE,WINDOW_OBSERVED,0,0,6,False,3,3,True,INHERITED_RAW_PRICE_BASIS,True,False
2025-07-23|45930,2025-07-23,45930,14:00,14:20,20,COMPLETE,5,0,UP,0.28368794326241137,AVAILABLE,5.0,True,DOWN_STRUCTURE,CORRECTION|RECOVERY,RANGE_COMPRESSION|VOLUME_COMPRESSION|TRADING_VALUE_COMPRESSION,IDENTIFIED,WINDOW_OBSERVED,0,1,7,False,0,0,True,INHERITED_RAW_PRICE_BASIS,True,True
2025-07-23|45930,2025-07-23,45930,14:00,14:25,25,COMPLETE,5,0,UP,0.4243281471004243,AVAILABLE,5.0,True,DOWN_STRUCTURE,CORRECTION|RECOVERY,VOLUME_COMPRESSION|TRADING_VALUE_COMPRESSION,IDENTIFIED,WINDOW_OBSERVED,0,1,7,False,0,0,True,INHERITED_RAW_PRICE_BASIS,True,False
2025-07-23|45930,2025-07-23,45930,14:00,14:30,30,COMPLETE,5,0,UP,0.28169014084507044,AVAILABLE,5.0,True,DOWN_STRUCTURE,,,IDENTIFIED,WINDOW_OBSERVED,0,1,8,False,0,0,True,INHERITED_RAW_PRICE_BASIS,True,True
2025-07-23|45930,2025-07-23,45930,14:00,14:35,35,COMPLETE,5,0,DOWN,-0.2808988764044944,AVAILABLE,5.0,True,DOWN_STRUCTURE,PROGRESSION,VOLUME_COMPRESSION|TRADING_VALUE_COMPRESSION,IDENTIFIED,WINDOW_OBSERVED,0,1,8,False,0,0,True,INHERITED_RAW_PRICE_BASIS,True,True
2025-07-23|45930,2025-07-23,45930,14:00,14:40,40,COMPLETE,5,0,DOWN,-0.2820874471086037,AVAILABLE,5.0,True,DOWN_STRUCTURE,PROGRESSION,,IDENTIFIED,WINDOW_OBSERVED,0,0,8,False,0,0,True,INHERITED_RAW_PRICE_BASIS,True,False
2025-07-23|45930,2025-07-23,45930,14:00,14:45,45,COMPLETE,5,0,DOWN,-0.14144271570014144,AVAILABLE,5.0,True,DOWN_STRUCTURE,PROGRESSION,RANGE_COMPRESSION,IDENTIFIED,WINDOW_OBSERVED,0,0,8,True,0,0,True,INHERITED_RAW_PRICE_BASIS,True,False
2025-07-23|45930,2025-07-23,45930,14:00,14:50,50,COMPLETE,5,0,UP,1.13314447592068,AVAILABLE,5.0,True,,RESTRUCTURING,RANGE_EXPANSION|VOLUME_EXPANSION|TRADING_VALUE_EXPANSION,UNRESOLVED_STRUCTURE,WINDOW_OBSERVED,0,1,10,False,4,6,True,INHERITED_RAW_PRICE_BASIS,True,True
2025-07-23|45930,2025-07-23,45930,14:00,14:55,55,COMPLETE,5,0,DOWN,-0.9803921568627451,AVAILABLE,5.0,True,RANGE_STRUCTURE,BALANCE,,IDENTIFIED,WINDOW_OBSERVED,0,0,10,True,1,2,True,INHERITED_RAW_PRICE_BASIS,True,True
2025-07-23|45930,2025-07-23,45930,14:00,15:00,60,COMPLETE,5,0,DOWN,-0.14144271570014144,AVAILABLE,5.0,True,UP_STRUCTURE,,RANGE_COMPRESSION|VOLUME_COMPRESSION|TRADING_VALUE_COMPRESSION,IDENTIFIED,WINDOW_OBSERVED,0,1,11,True,0,0,True,INHERITED_RAW_PRICE_BASIS,True,True
2025-07-23|45930,2025-07-23,45930,14:00,15:05,65,COMPLETE,5,0,UP,0.28328611898017,AVAILABLE,5.0,True,UP_STRUCTURE,RECOVERY,RANGE_EXPANSION,IDENTIFIED,WINDOW_OBSERVED,0,1,11,True,0,0,True,INHERITED_RAW_PRICE_BASIS,True,True
2025-07-23|45930,2025-07-23,45930,14:00,15:10,70,COMPLETE,5,0,DOWN,-0.7072135785007072,AVAILABLE,5.0,True,,RESTRUCTURING,RANGE_EXPANSION|VOLUME_EXPANSION|TRADING_VALUE_EXPANSION,UNRESOLVED_STRUCTURE,WINDOW_OBSERVED,0,0,12,False,1,3,True,INHERITED_RAW_PRICE_BASIS,True,True
2025-07-23|45930,2025-07-23,45930,14:00,15:15,75,COMPLETE,5,0,DOWN,-0.5706134094151213,AVAILABLE,5.0,True,DOWN_STRUCTURE,,RANGE_COMPRESSION,IDENTIFIED,WINDOW_OBSERVED,0,1,13,False,2,1,True,INHERITED_RAW_PRICE_BASIS,True,True
2025-07-23|45930,2025-07-23,45930,14:00,15:20,80,COMPLETE,5,0,UP,0.4297994269340974,AVAILABLE,5.0,True,DOWN_STRUCTURE,PROGRESSION,,IDENTIFIED,RIGHT_CENSORED,0,1,14,False,2,0,True,INHERITED_RAW_PRICE_BASIS,True,True
2025-07-23|45930,2025-07-23,45930,14:00,15:25,85,COMPLETE,5,0,DOWN,-0.14265335235378032,AVAILABLE,5.0,True,DOWN_STRUCTURE,PROGRESSION,RANGE_COMPRESSION,IDENTIFIED,RIGHT_CENSORED,0,0,14,False,0,1,True,INHERITED_RAW_PRICE_BASIS,True,False
2025-07-23|47600,2025-07-23,47600,10:00,10:00,0,PARTIAL,3,2,,,AVAILABLE,145.0,True,,,,UNRESOLVED_STRUCTURE,OBSERVATION_INSUFFICIENT,7,0,0,False,0,0,False,INHERITED_RAW_PRICE_BASIS,False,False
2025-07-23|47600,2025-07-23,47600,10:00,10:05,5,PARTIAL,3,2,,,AVAILABLE,145.0,True,,,,CURRENT_BAR_UNAVAILABLE,OBSERVATION_INSUFFICIENT,9,0,0,False,0,0,False,INHERITED_RAW_PRICE_BASIS,False,False
2025-07-23|47600,2025-07-23,47600,10:00,10:10,10,UNAVAILABLE,0,5,,,AVAILABLE,145.0,True,,,,CURRENT_BAR_UNAVAILABLE,OBSERVATION_INSUFFICIENT,9,0,0,False,0,0,False,INHERITED_RAW_PRICE_BASIS,False,False
2025-07-23|47600,2025-07-23,47600,10:00,10:15,15,PARTIAL,1,4,,,AVAILABLE,145.0,True,,,,CURRENT_BAR_UNAVAILABLE,OBSERVATION_INSUFFICIENT,10,0,0,False,0,0,False,INHERITED_RAW_PRICE_BASIS,False,False
2025-07-23|47600,2025-07-23,47600,10:00,10:20,20,UNAVAILABLE,0,5,,,AVAILABLE,145.0,True,,,,CURRENT_BAR_UNAVAILABLE,OBSERVATION_INSUFFICIENT,9,0,0,False,0,0,False,INHERITED_RAW_PRICE_BASIS,False,False
2025-07-23|47600,2025-07-23,47600,10:00,10:25,25,UNAVAILABLE,0,5,,,AVAILABLE,145.0,True,,,,CURRENT_BAR_UNAVAILABLE,OBSERVATION_INSUFFICIENT,6,0,0,False,0,0,False,INHERITED_RAW_PRICE_BASIS,False,False
2025-07-23|47600,2025-07-23,47600,10:00,10:30,30,PARTIAL,1,4,,,AVAILABLE,145.0,True,,,,CURRENT_BAR_UNAVAILABLE,OBSERVATION_INSUFFICIENT,6,0,0,False,0,0,False,INHERITED_RAW_PRICE_BASIS,False,False
2025-07-23|47600,2025-07-23,47600,10:00,10:35,35,PARTIAL,3,2,,,AVAILABLE,145.0,True,,,,UNRESOLVED_STRUCTURE,OBSERVATION_INSUFFICIENT,7,0,0,False,1,1,False,INHERITED_RAW_PRICE_BASIS,False,False
2025-07-23|47600,2025-07-23,47600,10:00,10:40,40,PARTIAL,1,4,,,AVAILABLE,145.0,True,,,,CURRENT_BAR_UNAVAILABLE,OBSERVATION_INSUFFICIENT,5,0,0,False,0,0,False,INHERITED_RAW_PRICE_BASIS,False,False
2025-07-23|47600,2025-07-23,47600,10:00,10:45,45,PARTIAL,2,3,,,AVAILABLE,145.0,True,,,,CURRENT_BAR_UNAVAILABLE,OBSERVATION_INSUFFICIENT,4,0,0,False,0,0,False,INHERITED_RAW_PRICE_BASIS,False,False
2025-07-23|47600,2025-07-23,47600,10:00,10:50,50,PARTIAL,3,2,,,AVAILABLE,145.0,True,,,,UNRESOLVED_STRUCTURE,OBSERVATION_INSUFFICIENT,4,0,0,False,1,1,False,INHERITED_RAW_PRICE_BASIS,False,False
2025-07-23|47600,2025-07-23,47600,10:00,10:55,55,PARTIAL,3,2,,,AVAILABLE,145.0,True,,,,UNRESOLVED_STRUCTURE,OBSERVATION_INSUFFICIENT,3,0,0,False,0,0,False,INHERITED_RAW_PRICE_BASIS,False,False
2025-07-23|47600,2025-07-23,47600,10:00,11:00,60,PARTIAL,3,2,,,AVAILABLE,145.0,True,,,,CURRENT_BAR_UNAVAILABLE,OBSERVATION_INSUFFICIENT,3,0,0,False,0,1,False,INHERITED_RAW_PRICE_BASIS,False,False
2025-07-23|47600,2025-07-23,47600,10:00,11:05,65,PARTIAL,4,1,,,AVAILABLE,145.0,True,,,,UNRESOLVED_STRUCTURE,OBSERVATION_INSUFFICIENT,6,0,0,False,1,1,False,INHERITED_RAW_PRICE_BASIS,False,False
2025-07-23|47600,2025-07-23,47600,10:00,11:10,70,PARTIAL,3,2,,,AVAILABLE,145.0,True,,,,UNRESOLVED_STRUCTURE,OBSERVATION_INSUFFICIENT,8,0,0,False,0,0,False,INHERITED_RAW_PRICE_BASIS,False,False
2025-07-23|47600,2025-07-23,47600,10:00,11:15,75,PARTIAL,1,4,,,AVAILABLE,145.0,True,,,,UNRESOLVED_STRUCTURE,OBSERVATION_INSUFFICIENT,9,0,0,False,0,0,False,INHERITED_RAW_PRICE_BASIS,False,False
2025-07-23|47600,2025-07-23,47600,10:00,11:20,80,PARTIAL,1,4,,,AVAILABLE,145.0,True,,,,CURRENT_BAR_UNAVAILABLE,OBSERVATION_INSUFFICIENT,10,0,0,False,0,0,False,INHERITED_RAW_PRICE_BASIS,False,False
2025-07-23|47600,2025-07-23,47600,10:00,11:25,85,UNAVAILABLE,0,5,,,AVAILABLE,145.0,True,,,,CURRENT_BAR_UNAVAILABLE,OBSERVATION_INSUFFICIENT,6,0,0,False,0,0,False,INHERITED_RAW_PRICE_BASIS,False,False
2025-07-23|47600,2025-07-23,47600,10:00,11:30,90,UNAVAILABLE,0,5,,,AVAILABLE,145.0,True,,,,CURRENT_BAR_UNAVAILABLE,OBSERVATION_INSUFFICIENT,4,0,0,False,0,0,False,INHERITED_RAW_PRICE_BASIS,False,False
2025-07-23|47600,2025-07-23,47600,10:00,12:35,95,PARTIAL,4,1,,,AVAILABLE,145.0,True,,,,UNRESOLVED_STRUCTURE,OBSERVATION_INSUFFICIENT,7,0,0,False,0,0,False,INHERITED_RAW_PRICE_BASIS,False,False
2025-07-23|47600,2025-07-23,47600,10:00,12:40,100,PARTIAL,2,3,,,AVAILABLE,145.0,True,,,,CURRENT_BAR_UNAVAILABLE,OBSERVATION_INSUFFICIENT,8,0,0,False,0,0,False,INHERITED_RAW_PRICE_BASIS,False,False
2025-07-23|47600,2025-07-23,47600,10:00,12:45,105,PARTIAL,1,4,,,AVAILABLE,145.0,True,,,,CURRENT_BAR_UNAVAILABLE,OBSERVATION_INSUFFICIENT,6,0,0,False,0,0,False,INHERITED_RAW_PRICE_BASIS,False,False
2025-07-23|47600,2025-07-23,47600,10:00,12:50,110,PARTIAL,1,4,,,AVAILABLE,145.0,True,,,,UNRESOLVED_STRUCTURE,OBSERVATION_INSUFFICIENT,5,0,0,False,0,0,False,INHERITED_RAW_PRICE_BASIS,False,False
2025-07-23|47600,2025-07-23,47600,10:00,12:55,115,PARTIAL,3,2,,,AVAILABLE,145.0,True,,,,CURRENT_BAR_UNAVAILABLE,OBSERVATION_INSUFFICIENT,6,0,0,False,0,0,False,INHERITED_RAW_PRICE_BASIS,False,False
2025-07-23|47600,2025-07-23,47600,10:00,13:00,120,PARTIAL,2,3,,,AVAILABLE,145.0,True,,,,CURRENT_BAR_UNAVAILABLE,OBSERVATION_INSUFFICIENT,7,0,0,False,0,0,False,INHERITED_RAW_PRICE_BASIS,False,False
2025-07-23|47600,2025-07-23,47600,10:00,13:05,125,PARTIAL,2,3,,,AVAILABLE,145.0,True,,,,CURRENT_BAR_UNAVAILABLE,OBSERVATION_INSUFFICIENT,8,0,0,False,0,0,False,INHERITED_RAW_PRICE_BASIS,False,False
2025-07-23|47600,2025-07-23,47600,10:00,13:10,130,PARTIAL,1,4,,,AVAILABLE,145.0,True,,,,CURRENT_BAR_UNAVAILABLE,OBSERVATION_INSUFFICIENT,7,0,0,False,0,0,False,INHERITED_RAW_PRICE_BASIS,False,False
2025-07-23|47600,2025-07-23,47600,10:00,13:15,135,PARTIAL,1,4,,,AVAILABLE,145.0,True,,,,CURRENT_BAR_UNAVAILABLE,OBSERVATION_INSUFFICIENT,8,0,0,False,0,0,False,INHERITED_RAW_PRICE_BASIS,False,False
2025-07-23|47600,2025-07-23,47600,10:00,13:20,140,PARTIAL,2,3,,,AVAILABLE,145.0,True,,,,CURRENT_BAR_UNAVAILABLE,OBSERVATION_INSUFFICIENT,10,0,0,False,0,0,False,INHERITED_RAW_PRICE_BASIS,False,False
2025-07-23|47600,2025-07-23,47600,10:00,13:25,145,UNAVAILABLE,0,5,,,AVAILABLE,145.0,True,,,,CURRENT_BAR_UNAVAILABLE,OBSERVATION_INSUFFICIENT,10,0,0,False,0,0,False,INHERITED_RAW_PRICE_BASIS,False,False
2025-07-23|47600,2025-07-23,47600,10:00,13:30,150,UNAVAILABLE,0,5,,,AVAILABLE,145.0,True,,,,CURRENT_BAR_UNAVAILABLE,OBSERVATION_INSUFFICIENT,8,0,0,False,0,0,False,INHERITED_RAW_PRICE_BASIS,False,False
2025-07-23|47600,2025-07-23,47600,10:00,13:35,155,UNAVAILABLE,0,5,,,AVAILABLE,145.0,True,,,,CURRENT_BAR_UNAVAILABLE,OBSERVATION_INSUFFICIENT,5,0,0,False,0,0,False,INHERITED_RAW_PRICE_BASIS,False,False
2025-07-23|47600,2025-07-23,47600,10:00,13:40,160,PARTIAL,2,3,,,AVAILABLE,145.0,True,,,,CURRENT_BAR_UNAVAILABLE,OBSERVATION_INSUFFICIENT,4,0,0,False,0,0,False,INHERITED_RAW_PRICE_BASIS,False,False
2025-07-23|47600,2025-07-23,47600,10:00,13:45,165,PARTIAL,3,2,,,AVAILABLE,145.0,True,,,,UNRESOLVED_STRUCTURE,OBSERVATION_INSUFFICIENT,4,0,0,False,0,0,False,INHERITED_RAW_PRICE_BASIS,False,False
2025-07-23|47600,2025-07-23,47600,10:00,13:50,170,PARTIAL,3,2,,,AVAILABLE,145.0,True,,,,CURRENT_BAR_UNAVAILABLE,OBSERVATION_INSUFFICIENT,6,0,0,False,0,1,False,INHERITED_RAW_PRICE_BASIS,False,False
2025-07-23|47600,2025-07-23,47600,10:00,13:55,175,PARTIAL,3,2,,,AVAILABLE,145.0,True,,,,CURRENT_BAR_UNAVAILABLE,OBSERVATION_INSUFFICIENT,9,0,0,False,0,0,False,INHERITED_RAW_PRICE_BASIS,False,False
2025-07-23|47600,2025-07-23,47600,10:00,14:00,180,PARTIAL,1,4,,,AVAILABLE,145.0,True,,,,CURRENT_BAR_UNAVAILABLE,OBSERVATION_INSUFFICIENT,8,0,0,False,0,0,False,INHERITED_RAW_PRICE_BASIS,False,False
2025-07-23|47600,2025-07-23,47600,10:00,14:05,185,UNAVAILABLE,0,5,,,AVAILABLE,145.0,True,,,,CURRENT_BAR_UNAVAILABLE,OBSERVATION_INSUFFICIENT,8,0,0,False,0,0,False,INHERITED_RAW_PRICE_BASIS,False,False
2025-07-23|47600,2025-07-23,47600,10:00,14:10,190,PARTIAL,2,3,,,AVAILABLE,145.0,True,,,,CURRENT_BAR_UNAVAILABLE,OBSERVATION_INSUFFICIENT,9,0,0,False,0,0,False,INHERITED_RAW_PRICE_BASIS,False,False
2025-07-23|47600,2025-07-23,47600,10:00,14:15,195,UNAVAILABLE,0,5,,,AVAILABLE,145.0,True,,,,CURRENT_BAR_UNAVAILABLE,OBSERVATION_INSUFFICIENT,8,0,0,False,0,0,False,INHERITED_RAW_PRICE_BASIS,False,False
2025-07-23|47600,2025-07-23,47600,10:00,14:20,200,PARTIAL,1,4,,,AVAILABLE,145.0,True,,,,UNRESOLVED_STRUCTURE,OBSERVATION_INSUFFICIENT,9,0,0,False,0,0,False,INHERITED_RAW_PRICE_BASIS,False,False
2025-07-23|47600,2025-07-23,47600,10:00,14:25,205,PARTIAL,1,4,,,AVAILABLE,145.0,True,,,,UNRESOLVED_STRUCTURE,OBSERVATION_INSUFFICIENT,9,0,0,False,0,0,False,INHERITED_RAW_PRICE_BASIS,False,False
2025-07-23|47600,2025-07-23,47600,10:00,14:30,210,UNAVAILABLE,0,5,,,AVAILABLE,145.0,True,,,,CURRENT_BAR_UNAVAILABLE,OBSERVATION_INSUFFICIENT,9,0,0,False,0,0,False,INHERITED_RAW_PRICE_BASIS,False,False
2025-07-23|47600,2025-07-23,47600,10:00,14:35,215,PARTIAL,1,4,,,AVAILABLE,145.0,True,,,,CURRENT_BAR_UNAVAILABLE,OBSERVATION_INSUFFICIENT,9,0,0,False,0,0,False,INHERITED_RAW_PRICE_BASIS,False,False
2025-07-23|47600,2025-07-23,47600,10:00,14:40,220,UNAVAILABLE,0,5,,,AVAILABLE,145.0,True,,,,CURRENT_BAR_UNAVAILABLE,OBSERVATION_INSUFFICIENT,8,0,0,False,0,0,False,INHERITED_RAW_PRICE_BASIS,False,False
2025-07-23|47600,2025-07-23,47600,10:00,14:45,225,PARTIAL,1,4,,,AVAILABLE,145.0,True,,,,CURRENT_BAR_UNAVAILABLE,OBSERVATION_INSUFFICIENT,6,0,0,False,0,0,False,INHERITED_RAW_PRICE_BASIS,False,False
2025-07-23|47600,2025-07-23,47600,10:00,14:50,230,PARTIAL,1,4,,,AVAILABLE,145.0,True,,,,CURRENT_BAR_UNAVAILABLE,OBSERVATION_INSUFFICIENT,6,0,0,False,0,0,False,INHERITED_RAW_PRICE_BASIS,False,False
2025-07-23|47600,2025-07-23,47600,10:00,14:55,235,PARTIAL,3,2,,,AVAILABLE,145.0,True,,,,CURRENT_BAR_UNAVAILABLE,OBSERVATION_INSUFFICIENT,8,0,0,False,0,0,False,INHERITED_RAW_PRICE_BASIS,False,False
2025-07-23|47600,2025-07-23,47600,10:00,15:00,240,PARTIAL,1,4,,,AVAILABLE,145.0,True,,,,CURRENT_BAR_UNAVAILABLE,OBSERVATION_INSUFFICIENT,9,0,0,False,0,0,False,INHERITED_RAW_PRICE_BASIS,False,False
2025-07-23|47600,2025-07-23,47600,10:00,15:05,245,PARTIAL,1,4,,,AVAILABLE,145.0,True,,,,CURRENT_BAR_UNAVAILABLE,OBSERVATION_INSUFFICIENT,8,0,0,False,0,0,False,INHERITED_RAW_PRICE_BASIS,False,False
2025-07-23|47600,2025-07-23,47600,10:00,15:10,250,UNAVAILABLE,0,5,,,AVAILABLE,145.0,True,,,,CURRENT_BAR_UNAVAILABLE,OBSERVATION_INSUFFICIENT,5,0,0,False,0,0,False,INHERITED_RAW_PRICE_BASIS,False,False
2025-07-23|47600,2025-07-23,47600,10:00,15:15,255,PARTIAL,2,3,,,AVAILABLE,145.0,True,,,,CURRENT_BAR_UNAVAILABLE,OBSERVATION_INSUFFICIENT,3,0,0,False,0,0,False,INHERITED_RAW_PRICE_BASIS,False,False
2025-07-23|47600,2025-07-23,47600,10:00,15:20,260,PARTIAL,3,2,,,AVAILABLE,145.0,True,,,,UNRESOLVED_STRUCTURE,RIGHT_CENSORED,1,0,0,False,0,0,False,INHERITED_RAW_PRICE_BASIS,False,False
2025-07-23|47600,2025-07-23,47600,10:00,15:25,265,PARTIAL,4,1,,,AVAILABLE,145.0,True,,,,UNRESOLVED_STRUCTURE,RIGHT_CENSORED,0,0,0,False,0,0,False,INHERITED_RAW_PRICE_BASIS,False,False
2025-07-23|53800,2025-07-23,53800,10:00,10:00,0,PARTIAL,2,3,,,SCALE_INSUFFICIENT,,True,,,,CURRENT_BAR_UNAVAILABLE,OBSERVATION_INSUFFICIENT,8,0,0,False,0,0,False,INHERITED_RAW_PRICE_BASIS,False,False
2025-07-23|53800,2025-07-23,53800,10:00,10:05,5,PARTIAL,2,3,,,SCALE_INSUFFICIENT,,True,,,,CURRENT_BAR_UNAVAILABLE,OBSERVATION_INSUFFICIENT,10,0,0,False,0,0,False,INHERITED_RAW_PRICE_BASIS,False,False
2025-07-23|53800,2025-07-23,53800,10:00,10:10,10,UNAVAILABLE,0,5,,,SCALE_INSUFFICIENT,,True,,,,CURRENT_BAR_UNAVAILABLE,OBSERVATION_INSUFFICIENT,10,0,0,False,0,0,False,INHERITED_RAW_PRICE_BASIS,False,False
2025-07-23|53800,2025-07-23,53800,10:00,10:15,15,UNAVAILABLE,0,5,,,SCALE_INSUFFICIENT,,True,,,,CURRENT_BAR_UNAVAILABLE,OBSERVATION_INSUFFICIENT,8,0,0,False,0,0,False,INHERITED_RAW_PRICE_BASIS,False,False
2025-07-23|53800,2025-07-23,53800,10:00,10:20,20,UNAVAILABLE,0,5,,,SCALE_INSUFFICIENT,,True,,,,CURRENT_BAR_UNAVAILABLE,OBSERVATION_INSUFFICIENT,7,0,0,False,0,0,False,INHERITED_RAW_PRICE_BASIS,False,False
2025-07-23|53800,2025-07-23,53800,10:00,10:25,25,PARTIAL,2,3,,,SCALE_INSUFFICIENT,,True,,,,SCALE_UNAVAILABLE,OBSERVATION_INSUFFICIENT,9,0,0,False,0,0,False,INHERITED_RAW_PRICE_BASIS,False,False
2025-07-23|53800,2025-07-23,53800,10:00,10:30,30,PARTIAL,1,4,,,SCALE_INSUFFICIENT,,True,,,,SCALE_UNAVAILABLE,OBSERVATION_INSUFFICIENT,9,0,0,False,0,0,False,INHERITED_RAW_PRICE_BASIS,False,False
2025-07-23|53800,2025-07-23,53800,10:00,10:35,35,UNAVAILABLE,0,5,,,SCALE_INSUFFICIENT,,True,,,,CURRENT_BAR_UNAVAILABLE,OBSERVATION_INSUFFICIENT,9,0,0,False,0,0,False,INHERITED_RAW_PRICE_BASIS,False,False
2025-07-23|53800,2025-07-23,53800,10:00,10:40,40,PARTIAL,1,4,,,SCALE_INSUFFICIENT,,True,,,,CURRENT_BAR_UNAVAILABLE,OBSERVATION_INSUFFICIENT,8,0,0,False,0,0,False,INHERITED_RAW_PRICE_BASIS,False,False
2025-07-23|53800,2025-07-23,53800,10:00,10:45,45,UNAVAILABLE,0,5,,,SCALE_INSUFFICIENT,,True,,,,CURRENT_BAR_UNAVAILABLE,OBSERVATION_INSUFFICIENT,6,0,0,False,0,0,False,INHERITED_RAW_PRICE_BASIS,False,False
2025-07-23|53800,2025-07-23,53800,10:00,10:50,50,PARTIAL,2,3,,,SCALE_INSUFFICIENT,,True,,,,CURRENT_BAR_UNAVAILABLE,OBSERVATION_INSUFFICIENT,7,0,0,False,1,0,False,INHERITED_RAW_PRICE_BASIS,False,False
2025-07-23|53800,2025-07-23,53800,10:00,10:55,55,PARTIAL,2,3,,,SCALE_INSUFFICIENT,,True,,,,SCALE_UNAVAILABLE,OBSERVATION_INSUFFICIENT,8,0,0,False,0,0,False,INHERITED_RAW_PRICE_BASIS,False,False
2025-07-23|53800,2025-07-23,53800,10:00,11:00,60,PARTIAL,1,4,,,SCALE_INSUFFICIENT,,True,,,,CURRENT_BAR_UNAVAILABLE,OBSERVATION_INSUFFICIENT,7,0,0,False,0,0,False,INHERITED_RAW_PRICE_BASIS,False,False
2025-07-23|53800,2025-07-23,53800,10:00,11:05,65,PARTIAL,1,4,,,SCALE_INSUFFICIENT,,True,,,,SCALE_UNAVAILABLE,OBSERVATION_INSUFFICIENT,7,0,0,False,0,0,False,INHERITED_RAW_PRICE_BASIS,False,False
2025-07-23|53800,2025-07-23,53800,10:00,11:10,70,PARTIAL,2,3,,,SCALE_INSUFFICIENT,,True,,,,SCALE_UNAVAILABLE,OBSERVATION_INSUFFICIENT,6,0,0,False,0,0,False,INHERITED_RAW_PRICE_BASIS,False,False
2025-07-23|53800,2025-07-23,53800,10:00,11:15,75,PARTIAL,1,4,,,SCALE_INSUFFICIENT,,True,,,,CURRENT_BAR_UNAVAILABLE,OBSERVATION_INSUFFICIENT,2,0,0,False,0,0,False,INHERITED_RAW_PRICE_BASIS,False,False
2025-07-23|53800,2025-07-23,53800,10:00,11:20,80,PARTIAL,3,2,,,SCALE_INSUFFICIENT,,True,,,,SCALE_UNAVAILABLE,OBSERVATION_INSUFFICIENT,1,0,0,False,1,0,False,INHERITED_RAW_PRICE_BASIS,False,False
2025-07-23|53800,2025-07-23,53800,10:00,11:25,85,COMPLETE,5,0,UP,1.4136447449293177,SCALE_INSUFFICIENT,,True,,,,SCALE_UNAVAILABLE,OBSERVATION_INSUFFICIENT,3,0,0,False,1,1,False,INHERITED_RAW_PRICE_BASIS,False,False
2025-07-23|53800,2025-07-23,53800,10:00,11:30,90,PARTIAL,4,1,,,SCALE_INSUFFICIENT,,True,,,,SCALE_UNAVAILABLE,OBSERVATION_INSUFFICIENT,4,0,0,False,0,0,False,INHERITED_RAW_PRICE_BASIS,False,False
2025-07-23|53800,2025-07-23,53800,10:00,12:35,95,PARTIAL,3,2,,,SCALE_INSUFFICIENT,,True,,,,CURRENT_BAR_UNAVAILABLE,OBSERVATION_INSUFFICIENT,5,0,0,False,0,0,False,INHERITED_RAW_PRICE_BASIS,False,False
2025-07-23|53800,2025-07-23,53800,10:00,12:40,100,PARTIAL,3,2,,,SCALE_INSUFFICIENT,,True,,,,SCALE_UNAVAILABLE,OBSERVATION_INSUFFICIENT,7,0,0,False,0,0,False,INHERITED_RAW_PRICE_BASIS,False,False
2025-07-23|53800,2025-07-23,53800,10:00,12:45,105,PARTIAL,2,3,,,SCALE_INSUFFICIENT,,True,,,,SCALE_UNAVAILABLE,OBSERVATION_INSUFFICIENT,7,0,0,False,0,0,False,INHERITED_RAW_PRICE_BASIS,False,False
2025-07-23|53800,2025-07-23,53800,10:00,12:50,110,PARTIAL,1,4,,,SCALE_INSUFFICIENT,,True,,,,CURRENT_BAR_UNAVAILABLE,OBSERVATION_INSUFFICIENT,8,0,0,False,0,0,False,INHERITED_RAW_PRICE_BASIS,False,False
2025-07-23|53800,2025-07-23,53800,10:00,12:55,115,PARTIAL,2,3,,,SCALE_INSUFFICIENT,,True,,,,CURRENT_BAR_UNAVAILABLE,OBSERVATION_INSUFFICIENT,8,0,0,False,0,0,False,INHERITED_RAW_PRICE_BASIS,False,False
2025-07-23|53800,2025-07-23,53800,10:00,13:00,120,UNAVAILABLE,0,5,,,SCALE_INSUFFICIENT,,True,,,,CURRENT_BAR_UNAVAILABLE,OBSERVATION_INSUFFICIENT,8,0,0,False,0,0,False,INHERITED_RAW_PRICE_BASIS,False,False
2025-07-23|53800,2025-07-23,53800,10:00,13:05,125,PARTIAL,2,3,,,SCALE_INSUFFICIENT,,True,,,,CURRENT_BAR_UNAVAILABLE,OBSERVATION_INSUFFICIENT,8,0,0,False,0,0,False,INHERITED_RAW_PRICE_BASIS,False,False
2025-07-23|53800,2025-07-23,53800,10:00,13:10,130,UNAVAILABLE,0,5,,,SCALE_INSUFFICIENT,,True,,,,CURRENT_BAR_UNAVAILABLE,OBSERVATION_INSUFFICIENT,8,0,0,False,0,0,False,INHERITED_RAW_PRICE_BASIS,False,False
2025-07-23|53800,2025-07-23,53800,10:00,13:15,135,PARTIAL,2,3,,,SCALE_INSUFFICIENT,,True,,,,SCALE_UNAVAILABLE,OBSERVATION_INSUFFICIENT,10,0,0,False,0,0,False,INHERITED_RAW_PRICE_BASIS,False,False
2025-07-23|53800,2025-07-23,53800,10:00,13:20,140,UNAVAILABLE,0,5,,,SCALE_INSUFFICIENT,,True,,,,CURRENT_BAR_UNAVAILABLE,OBSERVATION_INSUFFICIENT,10,0,0,False,0,0,False,INHERITED_RAW_PRICE_BASIS,False,False
2025-07-23|53800,2025-07-23,53800,10:00,13:25,145,UNAVAILABLE,0,5,,,SCALE_INSUFFICIENT,,True,,,,CURRENT_BAR_UNAVAILABLE,OBSERVATION_INSUFFICIENT,9,0,0,False,0,0,False,INHERITED_RAW_PRICE_BASIS,False,False
2025-07-23|53800,2025-07-23,53800,10:00,13:30,150,UNAVAILABLE,0,5,,,SCALE_INSUFFICIENT,,True,,,,CURRENT_BAR_UNAVAILABLE,OBSERVATION_INSUFFICIENT,8,0,0,False,0,0,False,INHERITED_RAW_PRICE_BASIS,False,False
2025-07-23|53800,2025-07-23,53800,10:00,13:35,155,PARTIAL,1,4,,,SCALE_INSUFFICIENT,,True,,,,SCALE_UNAVAILABLE,OBSERVATION_INSUFFICIENT,8,0,0,False,0,0,False,INHERITED_RAW_PRICE_BASIS,False,False
2025-07-23|53800,2025-07-23,53800,10:00,13:40,160,PARTIAL,1,4,,,SCALE_INSUFFICIENT,,True,,,,CURRENT_BAR_UNAVAILABLE,OBSERVATION_INSUFFICIENT,9,0,0,False,0,0,False,INHERITED_RAW_PRICE_BASIS,False,False
2025-07-23|53800,2025-07-23,53800,10:00,13:45,165,PARTIAL,1,4,,,SCALE_INSUFFICIENT,,True,,,,CURRENT_BAR_UNAVAILABLE,OBSERVATION_INSUFFICIENT,10,0,0,False,0,0,False,INHERITED_RAW_PRICE_BASIS,False,False
2025-07-23|53800,2025-07-23,53800,10:00,13:50,170,UNAVAILABLE,0,5,,,SCALE_INSUFFICIENT,,True,,,,CURRENT_BAR_UNAVAILABLE,OBSERVATION_INSUFFICIENT,8,0,0,False,0,0,False,INHERITED_RAW_PRICE_BASIS,False,False
2025-07-23|53800,2025-07-23,53800,10:00,13:55,175,UNAVAILABLE,0,5,,,SCALE_INSUFFICIENT,,True,,,,CURRENT_BAR_UNAVAILABLE,OBSERVATION_INSUFFICIENT,8,0,0,False,0,0,False,INHERITED_RAW_PRICE_BASIS,False,False
2025-07-23|53800,2025-07-23,53800,10:00,14:00,180,PARTIAL,2,3,,,SCALE_INSUFFICIENT,,True,,,,CURRENT_BAR_UNAVAILABLE,OBSERVATION_INSUFFICIENT,10,0,0,False,0,0,False,INHERITED_RAW_PRICE_BASIS,False,False
2025-07-23|53800,2025-07-23,53800,10:00,14:05,185,UNAVAILABLE,0,5,,,SCALE_INSUFFICIENT,,True,,,,CURRENT_BAR_UNAVAILABLE,OBSERVATION_INSUFFICIENT,7,0,0,False,0,0,False,INHERITED_RAW_PRICE_BASIS,False,False
2025-07-23|53800,2025-07-23,53800,10:00,14:10,190,UNAVAILABLE,0,5,,,SCALE_INSUFFICIENT,,True,,,,CURRENT_BAR_UNAVAILABLE,OBSERVATION_INSUFFICIENT,4,0,0,False,0,0,False,INHERITED_RAW_PRICE_BASIS,False,False
2025-07-23|53800,2025-07-23,53800,10:00,14:15,195,PARTIAL,3,2,,,SCALE_INSUFFICIENT,,True,,,,SCALE_UNAVAILABLE,OBSERVATION_INSUFFICIENT,4,0,0,False,0,0,False,INHERITED_RAW_PRICE_BASIS,False,False
2025-07-23|53800,2025-07-23,53800,10:00,14:20,200,PARTIAL,3,2,,,SCALE_INSUFFICIENT,,True,,,,SCALE_UNAVAILABLE,OBSERVATION_INSUFFICIENT,7,0,0,False,0,0,False,INHERITED_RAW_PRICE_BASIS,False,False
2025-07-23|53800,2025-07-23,53800,10:00,14:25,205,PARTIAL,3,2,,,SCALE_INSUFFICIENT,,True,,,,CURRENT_BAR_UNAVAILABLE,OBSERVATION_INSUFFICIENT,9,0,0,False,0,0,False,INHERITED_RAW_PRICE_BASIS,False,False
2025-07-23|53800,2025-07-23,53800,10:00,14:30,210,UNAVAILABLE,0,5,,,SCALE_INSUFFICIENT,,True,,,,CURRENT_BAR_UNAVAILABLE,OBSERVATION_INSUFFICIENT,9,0,0,False,0,0,False,INHERITED_RAW_PRICE_BASIS,False,False
2025-07-23|53800,2025-07-23,53800,10:00,14:35,215,PARTIAL,1,4,,,SCALE_INSUFFICIENT,,True,,,,CURRENT_BAR_UNAVAILABLE,OBSERVATION_INSUFFICIENT,10,0,0,False,0,0,False,INHERITED_RAW_PRICE_BASIS,False,False
2025-07-23|53800,2025-07-23,53800,10:00,14:40,220,UNAVAILABLE,0,5,,,SCALE_INSUFFICIENT,,True,,,,CURRENT_BAR_UNAVAILABLE,OBSERVATION_INSUFFICIENT,10,0,0,False,0,0,False,INHERITED_RAW_PRICE_BASIS,False,False
2025-07-23|53800,2025-07-23,53800,10:00,14:45,225,UNAVAILABLE,0,5,,,SCALE_INSUFFICIENT,,True,,,,CURRENT_BAR_UNAVAILABLE,OBSERVATION_INSUFFICIENT,9,0,0,False,0,0,False,INHERITED_RAW_PRICE_BASIS,False,False
2025-07-23|53800,2025-07-23,53800,10:00,14:50,230,UNAVAILABLE,0,5,,,SCALE_INSUFFICIENT,,True,,,,CURRENT_BAR_UNAVAILABLE,OBSERVATION_INSUFFICIENT,9,0,0,False,0,0,False,INHERITED_RAW_PRICE_BASIS,False,False
2025-07-23|53800,2025-07-23,53800,10:00,14:55,235,PARTIAL,1,4,,,SCALE_INSUFFICIENT,,True,,,,CURRENT_BAR_UNAVAILABLE,OBSERVATION_INSUFFICIENT,10,0,0,False,0,0,False,INHERITED_RAW_PRICE_BASIS,False,False
2025-07-23|53800,2025-07-23,53800,10:00,15:00,240,UNAVAILABLE,0,5,,,SCALE_INSUFFICIENT,,True,,,,CURRENT_BAR_UNAVAILABLE,OBSERVATION_INSUFFICIENT,10,0,0,False,0,0,False,INHERITED_RAW_PRICE_BASIS,False,False
2025-07-23|53800,2025-07-23,53800,10:00,15:05,245,UNAVAILABLE,0,5,,,SCALE_INSUFFICIENT,,True,,,,CURRENT_BAR_UNAVAILABLE,OBSERVATION_INSUFFICIENT,8,0,0,False,0,0,False,INHERITED_RAW_PRICE_BASIS,False,False
2025-07-23|53800,2025-07-23,53800,10:00,15:10,250,UNAVAILABLE,0,5,,,SCALE_INSUFFICIENT,,True,,,,CURRENT_BAR_UNAVAILABLE,OBSERVATION_INSUFFICIENT,8,0,0,False,0,0,False,INHERITED_RAW_PRICE_BASIS,False,False
2025-07-23|53800,2025-07-23,53800,10:00,15:15,255,PARTIAL,2,3,,,SCALE_INSUFFICIENT,,True,,,,CURRENT_BAR_UNAVAILABLE,OBSERVATION_INSUFFICIENT,9,0,0,False,0,0,False,INHERITED_RAW_PRICE_BASIS,False,False
2025-07-23|53800,2025-07-23,53800,10:00,15:20,260,UNAVAILABLE,0,5,,,SCALE_INSUFFICIENT,,True,,,,CURRENT_BAR_UNAVAILABLE,RIGHT_CENSORED,4,0,0,False,0,0,False,INHERITED_RAW_PRICE_BASIS,False,False
2025-07-23|53800,2025-07-23,53800,10:00,15:25,265,PARTIAL,1,4,,,SCALE_INSUFFICIENT,,True,,,,CURRENT_BAR_UNAVAILABLE,RIGHT_CENSORED,0,0,0,False,0,0,False,INHERITED_RAW_PRICE_BASIS,False,False
2025-07-23|55270,2025-07-23,55270,10:00,10:00,0,UNAVAILABLE,0,5,,,SCALE_INSUFFICIENT,,True,,,,CURRENT_BAR_UNAVAILABLE,OBSERVATION_INSUFFICIENT,6,0,0,False,0,0,False,INHERITED_RAW_PRICE_BASIS,False,False
2025-07-23|55270,2025-07-23,55270,10:00,10:05,5,PARTIAL,2,3,,,SCALE_INSUFFICIENT,,True,,,,CURRENT_BAR_UNAVAILABLE,OBSERVATION_INSUFFICIENT,8,0,0,False,0,0,False,INHERITED_RAW_PRICE_BASIS,False,False
2025-07-23|55270,2025-07-23,55270,10:00,10:10,10,PARTIAL,2,3,,,SCALE_INSUFFICIENT,,True,,,,CURRENT_BAR_UNAVAILABLE,OBSERVATION_INSUFFICIENT,9,0,0,False,0,0,False,INHERITED_RAW_PRICE_BASIS,False,False
2025-07-23|55270,2025-07-23,55270,10:00,10:15,15,UNAVAILABLE,0,5,,,SCALE_INSUFFICIENT,,True,,,,CURRENT_BAR_UNAVAILABLE,OBSERVATION_INSUFFICIENT,7,0,0,False,0,0,False,INHERITED_RAW_PRICE_BASIS,False,False
2025-07-23|55270,2025-07-23,55270,10:00,10:20,20,PARTIAL,1,4,,,SCALE_INSUFFICIENT,,True,,,,CURRENT_BAR_UNAVAILABLE,OBSERVATION_INSUFFICIENT,7,0,0,False,0,0,False,INHERITED_RAW_PRICE_BASIS,False,False
2025-07-23|55270,2025-07-23,55270,10:00,10:25,25,PARTIAL,2,3,,,SCALE_INSUFFICIENT,,True,,,,CURRENT_BAR_UNAVAILABLE,OBSERVATION_INSUFFICIENT,7,0,0,False,0,0,False,INHERITED_RAW_PRICE_BASIS,False,False
2025-07-23|55270,2025-07-23,55270,10:00,10:30,30,PARTIAL,1,4,,,SCALE_INSUFFICIENT,,True,,,,CURRENT_BAR_UNAVAILABLE,OBSERVATION_INSUFFICIENT,7,0,0,False,0,0,False,INHERITED_RAW_PRICE_BASIS,False,False
2025-07-23|55270,2025-07-23,55270,10:00,10:35,35,PARTIAL,2,3,,,SCALE_INSUFFICIENT,,True,,,,CURRENT_BAR_UNAVAILABLE,OBSERVATION_INSUFFICIENT,5,0,0,False,0,0,False,INHERITED_RAW_PRICE_BASIS,False,False
2025-07-23|55270,2025-07-23,55270,10:00,10:40,40,PARTIAL,1,4,,,SCALE_INSUFFICIENT,,True,,,,SCALE_UNAVAILABLE,OBSERVATION_INSUFFICIENT,6,0,0,False,0,0,False,INHERITED_RAW_PRICE_BASIS,False,False
2025-07-23|55270,2025-07-23,55270,10:00,10:45,45,PARTIAL,4,1,,,SCALE_INSUFFICIENT,,True,,,,SCALE_UNAVAILABLE,OBSERVATION_INSUFFICIENT,7,0,0,False,0,0,False,INHERITED_RAW_PRICE_BASIS,False,False
2025-07-23|55270,2025-07-23,55270,10:00,10:50,50,UNAVAILABLE,0,5,,,SCALE_INSUFFICIENT,,True,,,,CURRENT_BAR_UNAVAILABLE,OBSERVATION_INSUFFICIENT,7,0,0,False,0,0,False,INHERITED_RAW_PRICE_BASIS,False,False
2025-07-23|55270,2025-07-23,55270,10:00,10:55,55,PARTIAL,3,2,,,SCALE_INSUFFICIENT,,True,,,,CURRENT_BAR_UNAVAILABLE,OBSERVATION_INSUFFICIENT,8,0,0,False,0,0,False,INHERITED_RAW_PRICE_BASIS,False,False
2025-07-23|55270,2025-07-23,55270,10:00,11:00,60,UNAVAILABLE,0,5,,,SCALE_INSUFFICIENT,,True,,,,CURRENT_BAR_UNAVAILABLE,OBSERVATION_INSUFFICIENT,7,0,0,False,0,0,False,INHERITED_RAW_PRICE_BASIS,False,False
2025-07-23|55270,2025-07-23,55270,10:00,11:05,65,PARTIAL,2,3,,,SCALE_INSUFFICIENT,,True,,,,SCALE_UNAVAILABLE,OBSERVATION_INSUFFICIENT,9,0,0,False,0,0,False,INHERITED_RAW_PRICE_BASIS,False,False
2025-07-23|55270,2025-07-23,55270,10:00,11:10,70,PARTIAL,1,4,,,SCALE_INSUFFICIENT,,True,,,,CURRENT_BAR_UNAVAILABLE,OBSERVATION_INSUFFICIENT,10,0,0,False,0,0,False,INHERITED_RAW_PRICE_BASIS,False,False
2025-07-23|55270,2025-07-23,55270,10:00,11:15,75,UNAVAILABLE,0,5,,,SCALE_INSUFFICIENT,,True,,,,CURRENT_BAR_UNAVAILABLE,OBSERVATION_INSUFFICIENT,8,0,0,False,0,0,False,INHERITED_RAW_PRICE_BASIS,False,False
2025-07-23|55270,2025-07-23,55270,10:00,11:20,80,UNAVAILABLE,0,5,,,SCALE_INSUFFICIENT,,True,,,,CURRENT_BAR_UNAVAILABLE,OBSERVATION_INSUFFICIENT,7,0,0,False,0,0,False,INHERITED_RAW_PRICE_BASIS,False,False
2025-07-23|55270,2025-07-23,55270,10:00,11:25,85,PARTIAL,2,3,,,SCALE_INSUFFICIENT,,True,,,,SCALE_UNAVAILABLE,OBSERVATION_INSUFFICIENT,7,0,0,False,0,0,False,INHERITED_RAW_PRICE_BASIS,False,False
2025-07-23|55270,2025-07-23,55270,10:00,11:30,90,PARTIAL,1,4,,,SCALE_INSUFFICIENT,,True,,,,SCALE_UNAVAILABLE,OBSERVATION_INSUFFICIENT,5,0,0,False,0,0,False,INHERITED_RAW_PRICE_BASIS,False,False
2025-07-23|55270,2025-07-23,55270,10:00,12:35,95,PARTIAL,2,3,,,SCALE_INSUFFICIENT,,True,,,,CURRENT_BAR_UNAVAILABLE,OBSERVATION_INSUFFICIENT,4,0,0,False,0,0,False,INHERITED_RAW_PRICE_BASIS,False,False
2025-07-23|55270,2025-07-23,55270,10:00,12:40,100,PARTIAL,3,2,,,SCALE_INSUFFICIENT,,True,,,,CURRENT_BAR_UNAVAILABLE,OBSERVATION_INSUFFICIENT,4,0,0,False,0,0,False,INHERITED_RAW_PRICE_BASIS,False,False
2025-07-23|55270,2025-07-23,55270,10:00,12:45,105,PARTIAL,3,2,,,SCALE_INSUFFICIENT,,True,,,,SCALE_UNAVAILABLE,OBSERVATION_INSUFFICIENT,4,0,0,False,0,0,False,INHERITED_RAW_PRICE_BASIS,False,False
2025-07-23|55270,2025-07-23,55270,10:00,12:50,110,PARTIAL,3,2,,,SCALE_INSUFFICIENT,,True,,,,SCALE_UNAVAILABLE,OBSERVATION_INSUFFICIENT,4,0,0,False,0,0,False,INHERITED_RAW_PRICE_BASIS,False,False
2025-07-23|55270,2025-07-23,55270,10:00,12:55,115,PARTIAL,3,2,,,SCALE_INSUFFICIENT,,True,,,,SCALE_UNAVAILABLE,OBSERVATION_INSUFFICIENT,7,0,0,False,0,0,False,INHERITED_RAW_PRICE_BASIS,False,False
2025-07-23|55270,2025-07-23,55270,10:00,13:00,120,PARTIAL,3,2,,,SCALE_INSUFFICIENT,,True,,,,CURRENT_BAR_UNAVAILABLE,OBSERVATION_INSUFFICIENT,9,0,0,False,0,0,False,INHERITED_RAW_PRICE_BASIS,False,False
2025-07-23|55270,2025-07-23,55270,10:00,13:05,125,UNAVAILABLE,0,5,,,SCALE_INSUFFICIENT,,True,,,,CURRENT_BAR_UNAVAILABLE,OBSERVATION_INSUFFICIENT,8,0,0,False,0,0,False,INHERITED_RAW_PRICE_BASIS,False,False
2025-07-23|55270,2025-07-23,55270,10:00,13:10,130,PARTIAL,1,4,,,SCALE_INSUFFICIENT,,True,,,,CURRENT_BAR_UNAVAILABLE,OBSERVATION_INSUFFICIENT,9,0,0,False,0,0,False,INHERITED_RAW_PRICE_BASIS,False,False
2025-07-23|55270,2025-07-23,55270,10:00,13:15,135,PARTIAL,1,4,,,SCALE_INSUFFICIENT,,True,,,,CURRENT_BAR_UNAVAILABLE,OBSERVATION_INSUFFICIENT,9,0,0,False,0,0,False,INHERITED_RAW_PRICE_BASIS,False,False
2025-07-23|55270,2025-07-23,55270,10:00,13:20,140,UNAVAILABLE,0,5,,,SCALE_INSUFFICIENT,,True,,,,CURRENT_BAR_UNAVAILABLE,OBSERVATION_INSUFFICIENT,7,0,0,False,0,0,False,INHERITED_RAW_PRICE_BASIS,False,False
2025-07-23|55270,2025-07-23,55270,10:00,13:25,145,PARTIAL,1,4,,,SCALE_INSUFFICIENT,,True,,,,SCALE_UNAVAILABLE,OBSERVATION_INSUFFICIENT,8,0,0,False,0,0,False,INHERITED_RAW_PRICE_BASIS,False,False
2025-07-23|55270,2025-07-23,55270,10:00,13:30,150,PARTIAL,2,3,,,SCALE_INSUFFICIENT,,True,,,,CURRENT_BAR_UNAVAILABLE,OBSERVATION_INSUFFICIENT,9,0,0,False,0,0,False,INHERITED_RAW_PRICE_BASIS,False,False
2025-07-23|55270,2025-07-23,55270,10:00,13:35,155,UNAVAILABLE,0,5,,,SCALE_INSUFFICIENT,,True,,,,CURRENT_BAR_UNAVAILABLE,OBSERVATION_INSUFFICIENT,9,0,0,False,0,0,False,INHERITED_RAW_PRICE_BASIS,False,False
2025-07-23|55270,2025-07-23,55270,10:00,13:40,160,PARTIAL,1,4,,,SCALE_INSUFFICIENT,,True,,,,CURRENT_BAR_UNAVAILABLE,OBSERVATION_INSUFFICIENT,9,0,0,False,0,0,False,INHERITED_RAW_PRICE_BASIS,False,False
2025-07-23|55270,2025-07-23,55270,10:00,13:45,165,UNAVAILABLE,0,5,,,SCALE_INSUFFICIENT,,True,,,,CURRENT_BAR_UNAVAILABLE,OBSERVATION_INSUFFICIENT,5,0,0,False,0,0,False,INHERITED_RAW_PRICE_BASIS,False,False
2025-07-23|55270,2025-07-23,55270,10:00,13:50,170,PARTIAL,1,4,,,SCALE_INSUFFICIENT,,True,,,,CURRENT_BAR_UNAVAILABLE,OBSERVATION_INSUFFICIENT,3,0,0,False,0,0,False,INHERITED_RAW_PRICE_BASIS,False,False
2025-07-23|55270,2025-07-23,55270,10:00,13:55,175,PARTIAL,4,1,,,SCALE_INSUFFICIENT,,True,,,,SCALE_UNAVAILABLE,OBSERVATION_INSUFFICIENT,3,0,0,False,1,1,False,INHERITED_RAW_PRICE_BASIS,False,False
2025-07-23|55270,2025-07-23,55270,10:00,14:00,180,PARTIAL,3,2,,,SCALE_INSUFFICIENT,,True,,,,CURRENT_BAR_UNAVAILABLE,OBSERVATION_INSUFFICIENT,4,0,0,False,0,1,False,INHERITED_RAW_PRICE_BASIS,False,False
2025-07-23|55270,2025-07-23,55270,10:00,14:05,185,PARTIAL,4,1,,,SCALE_INSUFFICIENT,,True,,,,SCALE_UNAVAILABLE,OBSERVATION_INSUFFICIENT,8,0,0,False,5,6,False,INHERITED_RAW_PRICE_BASIS,False,False
2025-07-23|55270,2025-07-23,55270,10:00,14:10,190,PARTIAL,2,3,,,SCALE_INSUFFICIENT,,True,,,,SCALE_UNAVAILABLE,OBSERVATION_INSUFFICIENT,7,0,0,False,1,0,False,INHERITED_RAW_PRICE_BASIS,False,False
2025-07-23|55270,2025-07-23,55270,10:00,14:15,195,UNAVAILABLE,0,5,,,SCALE_INSUFFICIENT,,True,,,,CURRENT_BAR_UNAVAILABLE,OBSERVATION_INSUFFICIENT,4,0,0,False,0,0,False,INHERITED_RAW_PRICE_BASIS,False,False
2025-07-23|55270,2025-07-23,55270,10:00,14:20,200,PARTIAL,3,2,,,SCALE_INSUFFICIENT,,True,,,,SCALE_UNAVAILABLE,OBSERVATION_INSUFFICIENT,6,0,0,False,2,0,False,INHERITED_RAW_PRICE_BASIS,False,False
2025-07-23|55270,2025-07-23,55270,10:00,14:25,205,PARTIAL,3,2,,,SCALE_INSUFFICIENT,,True,,,,CURRENT_BAR_UNAVAILABLE,OBSERVATION_INSUFFICIENT,7,0,0,False,3,3,False,INHERITED_RAW_PRICE_BASIS,False,False
2025-07-23|55270,2025-07-23,55270,10:00,14:30,210,PARTIAL,1,4,,,SCALE_INSUFFICIENT,,True,,,,CURRENT_BAR_UNAVAILABLE,OBSERVATION_INSUFFICIENT,8,0,0,False,0,0,False,INHERITED_RAW_PRICE_BASIS,False,False
2025-07-23|55270,2025-07-23,55270,10:00,14:35,215,PARTIAL,2,3,,,SCALE_INSUFFICIENT,,True,,,,CURRENT_BAR_UNAVAILABLE,OBSERVATION_INSUFFICIENT,9,0,0,False,0,0,False,INHERITED_RAW_PRICE_BASIS,False,False
2025-07-23|55270,2025-07-23,55270,10:00,14:40,220,UNAVAILABLE,0,5,,,SCALE_INSUFFICIENT,,True,,,,CURRENT_BAR_UNAVAILABLE,OBSERVATION_INSUFFICIENT,7,0,0,False,0,0,False,INHERITED_RAW_PRICE_BASIS,False,False
2025-07-23|55270,2025-07-23,55270,10:00,14:45,225,PARTIAL,1,4,,,SCALE_INSUFFICIENT,,True,,,,CURRENT_BAR_UNAVAILABLE,OBSERVATION_INSUFFICIENT,8,0,0,False,0,0,False,INHERITED_RAW_PRICE_BASIS,False,False
2025-07-23|55270,2025-07-23,55270,10:00,14:50,230,PARTIAL,2,3,,,SCALE_INSUFFICIENT,,True,,,,SCALE_UNAVAILABLE,OBSERVATION_INSUFFICIENT,8,0,0,False,2,2,False,INHERITED_RAW_PRICE_BASIS,False,False
2025-07-23|55270,2025-07-23,55270,10:00,14:55,235,UNAVAILABLE,0,5,,,SCALE_INSUFFICIENT,,True,,,,CURRENT_BAR_UNAVAILABLE,OBSERVATION_INSUFFICIENT,6,0,0,False,0,0,False,INHERITED_RAW_PRICE_BASIS,False,False
2025-07-23|55270,2025-07-23,55270,10:00,15:00,240,PARTIAL,2,3,,,SCALE_INSUFFICIENT,,True,,,,CURRENT_BAR_UNAVAILABLE,OBSERVATION_INSUFFICIENT,8,0,0,False,0,0,False,INHERITED_RAW_PRICE_BASIS,False,False
2025-07-23|55270,2025-07-23,55270,10:00,15:05,245,PARTIAL,2,3,,,SCALE_INSUFFICIENT,,True,,,,SCALE_UNAVAILABLE,OBSERVATION_INSUFFICIENT,10,0,0,False,0,0,False,INHERITED_RAW_PRICE_BASIS,False,False
2025-07-23|55270,2025-07-23,55270,10:00,15:10,250,UNAVAILABLE,0,5,,,SCALE_INSUFFICIENT,,True,,,,CURRENT_BAR_UNAVAILABLE,OBSERVATION_INSUFFICIENT,8,0,0,False,0,0,False,INHERITED_RAW_PRICE_BASIS,False,False
2025-07-23|55270,2025-07-23,55270,10:00,15:15,255,UNAVAILABLE,0,5,,,SCALE_INSUFFICIENT,,True,,,,CURRENT_BAR_UNAVAILABLE,OBSERVATION_INSUFFICIENT,4,0,0,False,0,0,False,INHERITED_RAW_PRICE_BASIS,False,False
2025-07-23|55270,2025-07-23,55270,10:00,15:20,260,PARTIAL,2,3,,,SCALE_INSUFFICIENT,,True,,,,CURRENT_BAR_UNAVAILABLE,RIGHT_CENSORED,1,0,0,False,0,0,False,INHERITED_RAW_PRICE_BASIS,False,False
2025-07-23|55270,2025-07-23,55270,10:00,15:25,265,PARTIAL,4,1,,,SCALE_INSUFFICIENT,,True,,,,SCALE_UNAVAILABLE,RIGHT_CENSORED,0,0,0,False,1,1,False,INHERITED_RAW_PRICE_BASIS,False,False
2025-07-23|60160,2025-07-23,60160,11:00,11:00,0,COMPLETE,5,0,DOWN,-0.6830601092896175,AVAILABLE,60.0,True,,,VOLUME_EXPANSION|TRADING_VALUE_EXPANSION,UNRESOLVED_STRUCTURE,WINDOW_OBSERVED,0,0,1,False,1,3,False,INHERITED_RAW_PRICE_BASIS,False,False
2025-07-23|60160,2025-07-23,60160,11:00,11:05,5,COMPLETE,5,0,DOWN,-0.6868131868131868,AVAILABLE,60.0,True,,,VOLUME_COMPRESSION|TRADING_VALUE_COMPRESSION,UNRESOLVED_STRUCTURE,OBSERVATION_INSUFFICIENT,1,0,1,False,1,2,False,INHERITED_RAW_PRICE_BASIS,True,False
2025-07-23|60160,2025-07-23,60160,11:00,11:10,10,COMPLETE,5,0,UP,0.13831258644536654,AVAILABLE,60.0,True,,,VOLUME_COMPRESSION|TRADING_VALUE_COMPRESSION,UNRESOLVED_STRUCTURE,OBSERVATION_INSUFFICIENT,2,0,1,False,0,2,False,INHERITED_RAW_PRICE_BASIS,True,False
2025-07-23|60160,2025-07-23,60160,11:00,11:15,15,PARTIAL,4,1,,,AVAILABLE,60.0,True,,,,UNRESOLVED_STRUCTURE,OBSERVATION_INSUFFICIENT,1,0,0,False,0,0,False,INHERITED_RAW_PRICE_BASIS,False,False
2025-07-23|60160,2025-07-23,60160,11:00,11:20,20,PARTIAL,4,1,,,AVAILABLE,60.0,True,,,,UNRESOLVED_STRUCTURE,WINDOW_OBSERVED,0,1,1,False,0,0,False,INHERITED_RAW_PRICE_BASIS,False,False
2025-07-23|60160,2025-07-23,60160,11:00,11:25,25,COMPLETE,5,0,UP,0.13812154696132597,AVAILABLE,60.0,True,,,,UNRESOLVED_STRUCTURE,WINDOW_OBSERVED,0,1,1,False,0,0,False,INHERITED_RAW_PRICE_BASIS,False,False
2025-07-23|60160,2025-07-23,60160,11:00,11:30,30,COMPLETE,5,0,UP,0.9655172413793104,AVAILABLE,60.0,True,,,RANGE_EXPANSION|VOLUME_EXPANSION|TRADING_VALUE_EXPANSION,UNRESOLVED_STRUCTURE,WINDOW_OBSERVED,0,0,1,False,0,0,False,INHERITED_RAW_PRICE_BASIS,True,False
2025-07-23|60160,2025-07-23,60160,11:00,12:35,35,COMPLETE,5,0,DOWN,-0.6793478260869565,AVAILABLE,60.0,True,,,,UNRESOLVED_STRUCTURE,OBSERVATION_INSUFFICIENT,1,1,1,False,0,1,False,INHERITED_RAW_PRICE_BASIS,True,False
2025-07-23|60160,2025-07-23,60160,11:00,12:40,40,COMPLETE,5,0,UP,0.4098360655737705,AVAILABLE,60.0,True,,,CHOPPINESS|VOLUME_COMPRESSION|TRADING_VALUE_COMPRESSION,UNRESOLVED_STRUCTURE,OBSERVATION_INSUFFICIENT,1,0,1,False,0,1,False,INHERITED_RAW_PRICE_BASIS,True,False
2025-07-23|60160,2025-07-23,60160,11:00,12:45,45,PARTIAL,4,1,,,AVAILABLE,60.0,True,,,,UNRESOLVED_STRUCTURE,OBSERVATION_INSUFFICIENT,2,1,1,False,0,0,False,INHERITED_RAW_PRICE_BASIS,False,False
2025-07-23|60160,2025-07-23,60160,11:00,12:50,50,COMPLETE,5,0,DOWN,-0.2702702702702703,AVAILABLE,60.0,True,,,CHOPPINESS,UNRESOLVED_STRUCTURE,OBSERVATION_INSUFFICIENT,4,0,1,False,0,0,False,INHERITED_RAW_PRICE_BASIS,False,False
2025-07-23|60160,2025-07-23,60160,11:00,12:55,55,PARTIAL,3,2,,,AVAILABLE,60.0,True,,,,UNRESOLVED_STRUCTURE,OBSERVATION_INSUFFICIENT,3,0,0,False,0,0,False,INHERITED_RAW_PRICE_BASIS,False,False
2025-07-23|60160,2025-07-23,60160,11:00,13:00,60,PARTIAL,3,2,,,AVAILABLE,60.0,True,,,,UNRESOLVED_STRUCTURE,OBSERVATION_INSUFFICIENT,2,0,0,False,0,0,False,INHERITED_RAW_PRICE_BASIS,False,False
2025-07-23|60160,2025-07-23,60160,11:00,13:05,65,PARTIAL,4,1,,,AVAILABLE,60.0,True,,,,UNRESOLVED_STRUCTURE,OBSERVATION_INSUFFICIENT,2,0,0,False,0,0,False,INHERITED_RAW_PRICE_BASIS,False,False
2025-07-23|60160,2025-07-23,60160,11:00,13:10,70,PARTIAL,4,1,,,AVAILABLE,60.0,True,,,,UNRESOLVED_STRUCTURE,OBSERVATION_INSUFFICIENT,2,0,0,False,0,0,False,INHERITED_RAW_PRICE_BASIS,False,False
2025-07-23|60160,2025-07-23,60160,11:00,13:15,75,PARTIAL,4,1,,,AVAILABLE,60.0,True,,,,UNRESOLVED_STRUCTURE,OBSERVATION_INSUFFICIENT,4,0,0,False,0,0,False,INHERITED_RAW_PRICE_BASIS,False,False
2025-07-23|60160,2025-07-23,60160,11:00,13:20,80,PARTIAL,4,1,,,AVAILABLE,60.0,True,,,,UNRESOLVED_STRUCTURE,OBSERVATION_INSUFFICIENT,3,0,0,False,0,0,False,INHERITED_RAW_PRICE_BASIS,False,False
2025-07-23|60160,2025-07-23,60160,11:00,13:25,85,PARTIAL,2,3,,,AVAILABLE,60.0,True,,,,CURRENT_BAR_UNAVAILABLE,OBSERVATION_INSUFFICIENT,3,0,0,False,0,1,False,INHERITED_RAW_PRICE_BASIS,False,False
2025-07-23|60160,2025-07-23,60160,11:00,13:30,90,COMPLETE,5,0,UNCHANGED,0.0,AVAILABLE,60.0,True,,,,UNRESOLVED_STRUCTURE,OBSERVATION_INSUFFICIENT,6,0,0,False,0,0,False,INHERITED_RAW_PRICE_BASIS,False,False
2025-07-23|60160,2025-07-23,60160,11:00,13:35,95,PARTIAL,2,3,,,AVAILABLE,60.0,True,,,,UNRESOLVED_STRUCTURE,OBSERVATION_INSUFFICIENT,5,0,0,False,0,0,False,INHERITED_RAW_PRICE_BASIS,False,False
2025-07-23|60160,2025-07-23,60160,11:00,13:40,100,PARTIAL,2,3,,,AVAILABLE,60.0,True,,,,CURRENT_BAR_UNAVAILABLE,OBSERVATION_INSUFFICIENT,3,0,0,False,0,0,False,INHERITED_RAW_PRICE_BASIS,False,False
2025-07-23|60160,2025-07-23,60160,11:00,13:45,105,PARTIAL,3,2,,,AVAILABLE,60.0,True,,,,UNRESOLVED_STRUCTURE,OBSERVATION_INSUFFICIENT,1,0,0,False,0,0,False,INHERITED_RAW_PRICE_BASIS,False,False
2025-07-23|60160,2025-07-23,60160,11:00,13:50,110,PARTIAL,4,1,,,AVAILABLE,60.0,True,,,,UNRESOLVED_STRUCTURE,OBSERVATION_INSUFFICIENT,3,0,0,False,0,0,False,INHERITED_RAW_PRICE_BASIS,False,False
2025-07-23|60160,2025-07-23,60160,11:00,13:55,115,COMPLETE,5,0,UP,0.2706359945872801,AVAILABLE,60.0,True,,,CHOPPINESS,UNRESOLVED_STRUCTURE,OBSERVATION_INSUFFICIENT,5,0,0,False,0,0,False,INHERITED_RAW_PRICE_BASIS,False,False
2025-07-23|60160,2025-07-23,60160,11:00,14:00,120,PARTIAL,2,3,,,AVAILABLE,60.0,True,,,,CURRENT_BAR_UNAVAILABLE,OBSERVATION_INSUFFICIENT,5,0,0,False,0,0,False,INHERITED_RAW_PRICE_BASIS,False,False
2025-07-23|60160,2025-07-23,60160,11:00,14:05,125,PARTIAL,3,2,,,AVAILABLE,60.0,True,,,,CURRENT_BAR_UNAVAILABLE,OBSERVATION_INSUFFICIENT,3,0,0,False,0,0,False,INHERITED_RAW_PRICE_BASIS,False,False
2025-07-23|60160,2025-07-23,60160,11:00,14:10,130,PARTIAL,2,3,,,AVAILABLE,60.0,True,,,,UNRESOLVED_STRUCTURE,WINDOW_OBSERVED,0,0,0,False,0,0,False,INHERITED_RAW_PRICE_BASIS,False,False
2025-07-23|60160,2025-07-23,60160,11:00,14:15,135,COMPLETE,5,0,UNCHANGED,0.0,AVAILABLE,60.0,True,,,,UNRESOLVED_STRUCTURE,OBSERVATION_INSUFFICIENT,2,0,0,False,0,2,False,INHERITED_RAW_PRICE_BASIS,False,False
2025-07-23|60160,2025-07-23,60160,11:00,14:20,140,COMPLETE,5,0,DOWN,-0.2677376171352075,AVAILABLE,60.0,True,,,RANGE_COMPRESSION|VOLUME_COMPRESSION|TRADING_VALUE_COMPRESSION,UNRESOLVED_STRUCTURE,OBSERVATION_INSUFFICIENT,3,0,0,False,0,0,False,INHERITED_RAW_PRICE_BASIS,True,False
2025-07-23|60160,2025-07-23,60160,11:00,14:25,145,PARTIAL,3,2,,,AVAILABLE,60.0,True,,,,UNRESOLVED_STRUCTURE,OBSERVATION_INSUFFICIENT,1,0,0,False,0,0,False,INHERITED_RAW_PRICE_BASIS,False,False
2025-07-23|60160,2025-07-23,60160,11:00,14:30,150,PARTIAL,4,1,,,AVAILABLE,60.0,True,,,,UNRESOLVED_STRUCTURE,OBSERVATION_INSUFFICIENT,1,1,2,False,0,2,False,INHERITED_RAW_PRICE_BASIS,False,False
2025-07-23|60160,2025-07-23,60160,11:00,14:35,155,COMPLETE,5,0,DOWN,-0.6640106241699867,AVAILABLE,60.0,True,,,,UNRESOLVED_STRUCTURE,OBSERVATION_INSUFFICIENT,1,0,2,False,0,0,False,INHERITED_RAW_PRICE_BASIS,False,False
2025-07-23|60160,2025-07-23,60160,11:00,14:40,160,PARTIAL,4,1,,,AVAILABLE,60.0,True,,,,UNRESOLVED_STRUCTURE,WINDOW_OBSERVED,0,0,0,False,2,0,False,INHERITED_RAW_PRICE_BASIS,False,False
2025-07-23|60160,2025-07-23,60160,11:00,14:45,165,COMPLETE,5,0,DOWN,-0.13333333333333333,AVAILABLE,60.0,True,,,CHOPPINESS,UNRESOLVED_STRUCTURE,OBSERVATION_INSUFFICIENT,1,0,0,False,2,0,False,INHERITED_RAW_PRICE_BASIS,False,False
2025-07-23|60160,2025-07-23,60160,11:00,14:50,170,COMPLETE,5,0,DOWN,-0.26702269692923897,AVAILABLE,60.0,True,,,RANGE_COMPRESSION|VOLUME_COMPRESSION|TRADING_VALUE_COMPRESSION,UNRESOLVED_STRUCTURE,OBSERVATION_INSUFFICIENT,1,0,0,False,0,2,False,INHERITED_RAW_PRICE_BASIS,True,False
2025-07-23|60160,2025-07-23,60160,11:00,14:55,175,PARTIAL,4,1,,,AVAILABLE,60.0,True,,,,UNRESOLVED_STRUCTURE,WINDOW_OBSERVED,0,0,0,False,0,4,False,INHERITED_RAW_PRICE_BASIS,False,False
2025-07-23|60160,2025-07-23,60160,11:00,15:00,180,COMPLETE,5,0,UP,0.13386880856760375,AVAILABLE,60.0,True,,,,UNRESOLVED_STRUCTURE,OBSERVATION_INSUFFICIENT,2,0,0,False,0,0,False,INHERITED_RAW_PRICE_BASIS,False,False
2025-07-23|60160,2025-07-23,60160,11:00,15:05,185,COMPLETE,5,0,UNCHANGED,0.0,AVAILABLE,60.0,True,,,RANGE_EXPANSION|VOLUME_EXPANSION|TRADING_VALUE_EXPANSION,UNRESOLVED_STRUCTURE,OBSERVATION_INSUFFICIENT,2,0,0,False,2,2,False,INHERITED_RAW_PRICE_BASIS,True,False
2025-07-23|60160,2025-07-23,60160,11:00,15:10,190,PARTIAL,3,2,,,AVAILABLE,60.0,True,,,,UNRESOLVED_STRUCTURE,OBSERVATION_INSUFFICIENT,1,0,0,False,0,2,False,INHERITED_RAW_PRICE_BASIS,False,False
2025-07-23|60160,2025-07-23,60160,11:00,15:15,195,COMPLETE,5,0,UP,0.3994673768308921,AVAILABLE,60.0,True,,,,UNRESOLVED_STRUCTURE,OBSERVATION_INSUFFICIENT,1,1,1,False,0,0,False,INHERITED_RAW_PRICE_BASIS,False,False
2025-07-23|60160,2025-07-23,60160,11:00,15:20,200,PARTIAL,4,1,,,AVAILABLE,60.0,True,,,,UNRESOLVED_STRUCTURE,RIGHT_CENSORED,0,0,0,False,0,0,False,INHERITED_RAW_PRICE_BASIS,False,False
2025-07-23|60160,2025-07-23,60160,11:00,15:25,205,COMPLETE,5,0,UNCHANGED,0.0,AVAILABLE,60.0,True,,,,UNRESOLVED_STRUCTURE,RIGHT_CENSORED,0,0,0,False,0,2,False,INHERITED_RAW_PRICE_BASIS,False,False
2025-07-23|62650,2025-07-23,62650,14:30,14:30,0,UNAVAILABLE,0,5,,,SCALE_INSUFFICIENT,,True,,,,CURRENT_BAR_UNAVAILABLE,OBSERVATION_INSUFFICIENT,10,0,0,False,0,0,False,INHERITED_RAW_PRICE_BASIS,False,False
2025-07-23|62650,2025-07-23,62650,14:30,14:35,5,UNAVAILABLE,0,5,,,SCALE_INSUFFICIENT,,True,,,,CURRENT_BAR_UNAVAILABLE,OBSERVATION_INSUFFICIENT,8,0,0,False,0,0,False,INHERITED_RAW_PRICE_BASIS,False,False
2025-07-23|62650,2025-07-23,62650,14:30,14:40,10,UNAVAILABLE,0,5,,,SCALE_INSUFFICIENT,,True,,,,CURRENT_BAR_UNAVAILABLE,OBSERVATION_INSUFFICIENT,8,0,0,False,0,0,False,INHERITED_RAW_PRICE_BASIS,False,False
2025-07-23|62650,2025-07-23,62650,14:30,14:45,15,PARTIAL,2,3,,,SCALE_INSUFFICIENT,,True,,,,CURRENT_BAR_UNAVAILABLE,OBSERVATION_INSUFFICIENT,10,0,0,False,0,0,False,INHERITED_RAW_PRICE_BASIS,False,False
2025-07-23|62650,2025-07-23,62650,14:30,14:50,20,UNAVAILABLE,0,5,,,SCALE_INSUFFICIENT,,True,,,,CURRENT_BAR_UNAVAILABLE,OBSERVATION_INSUFFICIENT,9,0,0,False,0,0,False,INHERITED_RAW_PRICE_BASIS,False,False
2025-07-23|62650,2025-07-23,62650,14:30,14:55,25,UNAVAILABLE,0,5,,,SCALE_INSUFFICIENT,,True,,,,CURRENT_BAR_UNAVAILABLE,OBSERVATION_INSUFFICIENT,9,0,0,False,0,0,False,INHERITED_RAW_PRICE_BASIS,False,False
2025-07-23|62650,2025-07-23,62650,14:30,15:00,30,PARTIAL,1,4,,,SCALE_INSUFFICIENT,,True,,,,CURRENT_BAR_UNAVAILABLE,OBSERVATION_INSUFFICIENT,10,0,0,False,0,0,False,INHERITED_RAW_PRICE_BASIS,False,False
2025-07-23|62650,2025-07-23,62650,14:30,15:05,35,UNAVAILABLE,0,5,,,SCALE_INSUFFICIENT,,True,,,,CURRENT_BAR_UNAVAILABLE,OBSERVATION_INSUFFICIENT,10,0,0,False,0,0,False,INHERITED_RAW_PRICE_BASIS,False,False
2025-07-23|62650,2025-07-23,62650,14:30,15:10,40,UNAVAILABLE,0,5,,,SCALE_INSUFFICIENT,,True,,,,CURRENT_BAR_UNAVAILABLE,OBSERVATION_INSUFFICIENT,9,0,0,False,0,0,False,INHERITED_RAW_PRICE_BASIS,False,False
2025-07-23|62650,2025-07-23,62650,14:30,15:15,45,UNAVAILABLE,0,5,,,SCALE_INSUFFICIENT,,True,,,,CURRENT_BAR_UNAVAILABLE,OBSERVATION_INSUFFICIENT,9,0,0,False,0,0,False,INHERITED_RAW_PRICE_BASIS,False,False
2025-07-23|62650,2025-07-23,62650,14:30,15:20,50,PARTIAL,1,4,,,SCALE_INSUFFICIENT,,True,,,,CURRENT_BAR_UNAVAILABLE,RIGHT_CENSORED,5,0,0,False,0,0,False,INHERITED_RAW_PRICE_BASIS,False,False
2025-07-23|62650,2025-07-23,62650,14:30,15:25,55,UNAVAILABLE,0,5,,,SCALE_INSUFFICIENT,,True,,,,CURRENT_BAR_UNAVAILABLE,RIGHT_CENSORED,0,0,0,False,0,0,False,INHERITED_RAW_PRICE_BASIS,False,False
2025-07-23|64920,2025-07-23,64920,11:00,11:00,0,UNAVAILABLE,0,5,,,SCALE_INSUFFICIENT,,True,,,,CURRENT_BAR_UNAVAILABLE,OBSERVATION_INSUFFICIENT,4,0,0,False,0,0,False,INHERITED_RAW_PRICE_BASIS,False,False
2025-07-23|64920,2025-07-23,64920,11:00,11:05,5,PARTIAL,3,2,,,SCALE_INSUFFICIENT,,True,,,,SCALE_UNAVAILABLE,OBSERVATION_INSUFFICIENT,5,0,0,False,0,0,False,INHERITED_RAW_PRICE_BASIS,False,False
2025-07-23|64920,2025-07-23,64920,11:00,11:10,10,PARTIAL,3,2,,,SCALE_INSUFFICIENT,,True,,,,SCALE_UNAVAILABLE,OBSERVATION_INSUFFICIENT,5,0,0,False,1,1,False,INHERITED_RAW_PRICE_BASIS,False,False
2025-07-23|64920,2025-07-23,64920,11:00,11:15,15,PARTIAL,2,3,,,SCALE_INSUFFICIENT,,True,,,,CURRENT_BAR_UNAVAILABLE,OBSERVATION_INSUFFICIENT,7,0,0,False,0,0,False,INHERITED_RAW_PRICE_BASIS,False,False
2025-07-23|64920,2025-07-23,64920,11:00,11:20,20,PARTIAL,3,2,,,SCALE_INSUFFICIENT,,True,,,,SCALE_UNAVAILABLE,OBSERVATION_INSUFFICIENT,7,0,0,False,0,0,False,INHERITED_RAW_PRICE_BASIS,False,False
2025-07-23|64920,2025-07-23,64920,11:00,11:25,25,UNAVAILABLE,0,5,,,SCALE_INSUFFICIENT,,True,,,,CURRENT_BAR_UNAVAILABLE,OBSERVATION_INSUFFICIENT,6,0,0,False,0,0,False,INHERITED_RAW_PRICE_BASIS,False,False
2025-07-23|64920,2025-07-23,64920,11:00,11:30,30,PARTIAL,3,2,,,SCALE_INSUFFICIENT,,True,,,,CURRENT_BAR_UNAVAILABLE,OBSERVATION_INSUFFICIENT,7,0,0,False,0,0,False,INHERITED_RAW_PRICE_BASIS,False,False
2025-07-23|64920,2025-07-23,64920,11:00,12:35,35,PARTIAL,1,4,,,SCALE_INSUFFICIENT,,True,,,,CURRENT_BAR_UNAVAILABLE,OBSERVATION_INSUFFICIENT,5,0,0,False,0,0,False,INHERITED_RAW_PRICE_BASIS,False,False
2025-07-23|64920,2025-07-23,64920,11:00,12:40,40,PARTIAL,2,3,,,SCALE_INSUFFICIENT,,True,,,,SCALE_UNAVAILABLE,OBSERVATION_INSUFFICIENT,7,0,0,False,0,0,False,INHERITED_RAW_PRICE_BASIS,False,False
2025-07-23|64920,2025-07-23,64920,11:00,12:45,45,PARTIAL,3,2,,,SCALE_INSUFFICIENT,,True,,,,CURRENT_BAR_UNAVAILABLE,OBSERVATION_INSUFFICIENT,8,0,0,False,0,0,False,INHERITED_RAW_PRICE_BASIS,False,False
2025-07-23|64920,2025-07-23,64920,11:00,12:50,50,UNAVAILABLE,0,5,,,SCALE_INSUFFICIENT,,True,,,,CURRENT_BAR_UNAVAILABLE,OBSERVATION_INSUFFICIENT,8,0,0,False,0,0,False,INHERITED_RAW_PRICE_BASIS,False,False
2025-07-23|64920,2025-07-23,64920,11:00,12:55,55,PARTIAL,2,3,,,SCALE_INSUFFICIENT,,True,,,,CURRENT_BAR_UNAVAILABLE,OBSERVATION_INSUFFICIENT,7,0,0,False,0,0,False,INHERITED_RAW_PRICE_BASIS,False,False
2025-07-23|64920,2025-07-23,64920,11:00,13:00,60,UNAVAILABLE,0,5,,,SCALE_INSUFFICIENT,,True,,,,CURRENT_BAR_UNAVAILABLE,OBSERVATION_INSUFFICIENT,6,0,0,False,0,0,False,INHERITED_RAW_PRICE_BASIS,False,False
2025-07-23|64920,2025-07-23,64920,11:00,13:05,65,PARTIAL,3,2,,,SCALE_INSUFFICIENT,,True,,,,CURRENT_BAR_UNAVAILABLE,OBSERVATION_INSUFFICIENT,8,0,0,False,0,0,False,INHERITED_RAW_PRICE_BASIS,False,False
2025-07-23|64920,2025-07-23,64920,11:00,13:10,70,PARTIAL,1,4,,,SCALE_INSUFFICIENT,,True,,,,CURRENT_BAR_UNAVAILABLE,OBSERVATION_INSUFFICIENT,8,0,0,False,0,0,False,INHERITED_RAW_PRICE_BASIS,False,False
2025-07-23|64920,2025-07-23,64920,11:00,13:15,75,PARTIAL,1,4,,,SCALE_INSUFFICIENT,,True,,,,CURRENT_BAR_UNAVAILABLE,OBSERVATION_INSUFFICIENT,9,0,0,False,0,0,False,INHERITED_RAW_PRICE_BASIS,False,False
2025-07-23|64920,2025-07-23,64920,11:00,13:20,80,PARTIAL,1,4,,,SCALE_INSUFFICIENT,,True,,,,CURRENT_BAR_UNAVAILABLE,OBSERVATION_INSUFFICIENT,10,0,0,False,0,0,False,INHERITED_RAW_PRICE_BASIS,False,False
2025-07-23|64920,2025-07-23,64920,11:00,13:25,85,UNAVAILABLE,0,5,,,SCALE_INSUFFICIENT,,True,,,,CURRENT_BAR_UNAVAILABLE,OBSERVATION_INSUFFICIENT,8,0,0,False,0,0,False,INHERITED_RAW_PRICE_BASIS,False,False
2025-07-23|64920,2025-07-23,64920,11:00,13:30,90,UNAVAILABLE,0,5,,,SCALE_INSUFFICIENT,,True,,,,CURRENT_BAR_UNAVAILABLE,OBSERVATION_INSUFFICIENT,7,0,0,False,0,0,False,INHERITED_RAW_PRICE_BASIS,False,False
2025-07-23|64920,2025-07-23,64920,11:00,13:35,95,PARTIAL,2,3,,,SCALE_INSUFFICIENT,,True,,,,CURRENT_BAR_UNAVAILABLE,OBSERVATION_INSUFFICIENT,9,0,0,False,0,0,False,INHERITED_RAW_PRICE_BASIS,False,False
2025-07-23|64920,2025-07-23,64920,11:00,13:40,100,PARTIAL,1,4,,,SCALE_INSUFFICIENT,,True,,,,CURRENT_BAR_UNAVAILABLE,OBSERVATION_INSUFFICIENT,7,0,0,False,0,0,False,INHERITED_RAW_PRICE_BASIS,False,False
2025-07-23|64920,2025-07-23,64920,11:00,13:45,105,UNAVAILABLE,0,5,,,SCALE_INSUFFICIENT,,True,,,,CURRENT_BAR_UNAVAILABLE,OBSERVATION_INSUFFICIENT,6,0,0,False,0,0,False,INHERITED_RAW_PRICE_BASIS,False,False
2025-07-23|64920,2025-07-23,64920,11:00,13:50,110,PARTIAL,3,2,,,SCALE_INSUFFICIENT,,True,,,,SCALE_UNAVAILABLE,OBSERVATION_INSUFFICIENT,7,0,0,False,0,0,False,INHERITED_RAW_PRICE_BASIS,False,False
2025-07-23|64920,2025-07-23,64920,11:00,13:55,115,PARTIAL,1,4,,,SCALE_INSUFFICIENT,,True,,,,CURRENT_BAR_UNAVAILABLE,OBSERVATION_INSUFFICIENT,7,0,0,False,0,0,False,INHERITED_RAW_PRICE_BASIS,False,False
2025-07-23|64920,2025-07-23,64920,11:00,14:00,120,PARTIAL,2,3,,,SCALE_INSUFFICIENT,,True,,,,CURRENT_BAR_UNAVAILABLE,OBSERVATION_INSUFFICIENT,8,0,0,False,0,0,False,INHERITED_RAW_PRICE_BASIS,False,False
2025-07-23|64920,2025-07-23,64920,11:00,14:05,125,PARTIAL,1,4,,,SCALE_INSUFFICIENT,,True,,,,CURRENT_BAR_UNAVAILABLE,OBSERVATION_INSUFFICIENT,7,0,0,False,0,0,False,INHERITED_RAW_PRICE_BASIS,False,False
2025-07-23|64920,2025-07-23,64920,11:00,14:10,130,PARTIAL,1,4,,,SCALE_INSUFFICIENT,,True,,,,CURRENT_BAR_UNAVAILABLE,OBSERVATION_INSUFFICIENT,6,0,0,False,0,0,False,INHERITED_RAW_PRICE_BASIS,False,False
2025-07-23|64920,2025-07-23,64920,11:00,14:15,135,PARTIAL,2,3,,,SCALE_INSUFFICIENT,,True,,,,CURRENT_BAR_UNAVAILABLE,OBSERVATION_INSUFFICIENT,8,0,0,False,0,0,False,INHERITED_RAW_PRICE_BASIS,False,False
2025-07-23|64920,2025-07-23,64920,11:00,14:20,140,PARTIAL,2,3,,,SCALE_INSUFFICIENT,,True,,,,SCALE_UNAVAILABLE,OBSERVATION_INSUFFICIENT,9,0,0,False,0,0,False,INHERITED_RAW_PRICE_BASIS,False,False
2025-07-23|64920,2025-07-23,64920,11:00,14:25,145,UNAVAILABLE,0,5,,,SCALE_INSUFFICIENT,,True,,,,CURRENT_BAR_UNAVAILABLE,OBSERVATION_INSUFFICIENT,8,0,0,False,0,0,False,INHERITED_RAW_PRICE_BASIS,False,False
2025-07-23|64920,2025-07-23,64920,11:00,14:30,150,PARTIAL,1,4,,,SCALE_INSUFFICIENT,,True,,,,CURRENT_BAR_UNAVAILABLE,OBSERVATION_INSUFFICIENT,8,0,0,False,0,0,False,INHERITED_RAW_PRICE_BASIS,False,False
2025-07-23|64920,2025-07-23,64920,11:00,14:35,155,PARTIAL,1,4,,,SCALE_INSUFFICIENT,,True,,,,CURRENT_BAR_UNAVAILABLE,OBSERVATION_INSUFFICIENT,6,0,0,False,0,0,False,INHERITED_RAW_PRICE_BASIS,False,False
2025-07-23|64920,2025-07-23,64920,11:00,14:40,160,PARTIAL,1,4,,,SCALE_INSUFFICIENT,,True,,,,CURRENT_BAR_UNAVAILABLE,OBSERVATION_INSUFFICIENT,3,0,0,False,0,0,False,INHERITED_RAW_PRICE_BASIS,False,False
2025-07-23|64920,2025-07-23,64920,11:00,14:45,165,PARTIAL,3,2,,,SCALE_INSUFFICIENT,,True,,,,CURRENT_BAR_UNAVAILABLE,OBSERVATION_INSUFFICIENT,6,0,0,False,0,0,False,INHERITED_RAW_PRICE_BASIS,False,False
2025-07-23|64920,2025-07-23,64920,11:00,14:50,170,PARTIAL,4,1,,,SCALE_INSUFFICIENT,,True,,,,CURRENT_BAR_UNAVAILABLE,OBSERVATION_INSUFFICIENT,7,0,0,False,0,0,False,INHERITED_RAW_PRICE_BASIS,False,False
2025-07-23|64920,2025-07-23,64920,11:00,14:55,175,UNAVAILABLE,0,5,,,SCALE_INSUFFICIENT,,True,,,,CURRENT_BAR_UNAVAILABLE,OBSERVATION_INSUFFICIENT,7,0,0,False,0,0,False,INHERITED_RAW_PRICE_BASIS,False,False
2025-07-23|64920,2025-07-23,64920,11:00,15:00,180,PARTIAL,3,2,,,SCALE_INSUFFICIENT,,True,,,,CURRENT_BAR_UNAVAILABLE,OBSERVATION_INSUFFICIENT,9,0,0,False,0,0,False,INHERITED_RAW_PRICE_BASIS,False,False
2025-07-23|64920,2025-07-23,64920,11:00,15:05,185,UNAVAILABLE,0,5,,,SCALE_INSUFFICIENT,,True,,,,CURRENT_BAR_UNAVAILABLE,OBSERVATION_INSUFFICIENT,6,0,0,False,0,0,False,INHERITED_RAW_PRICE_BASIS,False,False
2025-07-23|64920,2025-07-23,64920,11:00,15:10,190,PARTIAL,1,4,,,SCALE_INSUFFICIENT,,True,,,,CURRENT_BAR_UNAVAILABLE,OBSERVATION_INSUFFICIENT,4,0,0,False,0,0,False,INHERITED_RAW_PRICE_BASIS,False,False
2025-07-23|64920,2025-07-23,64920,11:00,15:15,195,PARTIAL,3,2,,,SCALE_INSUFFICIENT,,True,,,,SCALE_UNAVAILABLE,OBSERVATION_INSUFFICIENT,6,0,0,False,0,0,False,INHERITED_RAW_PRICE_BASIS,False,False
2025-07-23|64920,2025-07-23,64920,11:00,15:20,200,PARTIAL,3,2,,,SCALE_INSUFFICIENT,,True,,,,CURRENT_BAR_UNAVAILABLE,RIGHT_CENSORED,4,0,0,False,0,0,False,INHERITED_RAW_PRICE_BASIS,False,False
2025-07-23|64920,2025-07-23,64920,11:00,15:25,205,PARTIAL,1,4,,,SCALE_INSUFFICIENT,,True,,,,SCALE_UNAVAILABLE,RIGHT_CENSORED,0,0,0,False,0,0,False,INHERITED_RAW_PRICE_BASIS,False,False
2025-07-23|65740,2025-07-23,65740,09:30,09:30,0,PARTIAL,4,1,,,AVAILABLE,295.0,True,,,,UNRESOLVED_STRUCTURE,OBSERVATION_INSUFFICIENT,5,0,0,False,0,0,False,INHERITED_RAW_PRICE_BASIS,False,False
2025-07-23|65740,2025-07-23,65740,09:30,09:35,5,UNAVAILABLE,0,5,,,AVAILABLE,295.0,True,,,,CURRENT_BAR_UNAVAILABLE,OBSERVATION_INSUFFICIENT,2,0,0,False,0,0,False,INHERITED_RAW_PRICE_BASIS,False,False
2025-07-23|65740,2025-07-23,65740,09:30,09:40,10,COMPLETE,5,0,DOWN,-0.1111111111111111,AVAILABLE,295.0,True,,,,UNRESOLVED_STRUCTURE,OBSERVATION_INSUFFICIENT,4,0,0,False,0,0,False,INHERITED_RAW_PRICE_BASIS,False,False
2025-07-23|65740,2025-07-23,65740,09:30,09:45,15,PARTIAL,3,2,,,AVAILABLE,295.0,True,,,,CURRENT_BAR_UNAVAILABLE,OBSERVATION_INSUFFICIENT,4,0,0,False,0,0,False,INHERITED_RAW_PRICE_BASIS,False,False
2025-07-23|65740,2025-07-23,65740,09:30,09:50,20,PARTIAL,3,2,,,AVAILABLE,295.0,True,,,,UNRESOLVED_STRUCTURE,OBSERVATION_INSUFFICIENT,2,0,0,False,0,0,False,INHERITED_RAW_PRICE_BASIS,False,False
2025-07-23|65740,2025-07-23,65740,09:30,09:55,25,PARTIAL,3,2,,,AVAILABLE,295.0,True,,,,UNRESOLVED_STRUCTURE,OBSERVATION_INSUFFICIENT,2,0,0,False,1,1,False,INHERITED_RAW_PRICE_BASIS,False,False
2025-07-23|65740,2025-07-23,65740,09:30,10:00,30,COMPLETE,5,0,DOWN,-0.3389830508474576,AVAILABLE,295.0,True,,,,UNRESOLVED_STRUCTURE,OBSERVATION_INSUFFICIENT,6,0,0,False,2,5,False,INHERITED_RAW_PRICE_BASIS,False,False
2025-07-23|65740,2025-07-23,65740,09:30,10:05,35,PARTIAL,3,2,,,AVAILABLE,295.0,True,,,,UNRESOLVED_STRUCTURE,OBSERVATION_INSUFFICIENT,7,0,0,False,0,0,False,INHERITED_RAW_PRICE_BASIS,False,False
2025-07-23|65740,2025-07-23,65740,09:30,10:10,40,PARTIAL,1,4,,,AVAILABLE,295.0,True,,,,UNRESOLVED_STRUCTURE,OBSERVATION_INSUFFICIENT,5,0,0,False,3,0,False,INHERITED_RAW_PRICE_BASIS,False,False
2025-07-23|65740,2025-07-23,65740,09:30,10:15,45,PARTIAL,2,3,,,AVAILABLE,295.0,True,,,,UNRESOLVED_STRUCTURE,OBSERVATION_INSUFFICIENT,6,0,0,False,0,1,False,INHERITED_RAW_PRICE_BASIS,False,False
2025-07-23|65740,2025-07-23,65740,09:30,10:20,50,PARTIAL,3,2,,,AVAILABLE,295.0,True,,,,CURRENT_BAR_UNAVAILABLE,OBSERVATION_INSUFFICIENT,5,0,0,False,0,2,False,INHERITED_RAW_PRICE_BASIS,False,False
2025-07-23|65740,2025-07-23,65740,09:30,10:25,55,PARTIAL,1,4,,,AVAILABLE,295.0,True,,,,UNRESOLVED_STRUCTURE,OBSERVATION_INSUFFICIENT,6,0,0,False,0,0,False,INHERITED_RAW_PRICE_BASIS,False,False
2025-07-23|65740,2025-07-23,65740,09:30,10:30,60,PARTIAL,4,1,,,AVAILABLE,295.0,True,,,,UNRESOLVED_STRUCTURE,OBSERVATION_INSUFFICIENT,7,0,0,False,0,0,False,INHERITED_RAW_PRICE_BASIS,False,False
2025-07-23|65740,2025-07-23,65740,09:30,10:35,65,UNAVAILABLE,0,5,,,AVAILABLE,295.0,True,,,,CURRENT_BAR_UNAVAILABLE,OBSERVATION_INSUFFICIENT,6,0,0,False,0,0,False,INHERITED_RAW_PRICE_BASIS,False,False
2025-07-23|65740,2025-07-23,65740,09:30,10:40,70,PARTIAL,3,2,,,AVAILABLE,295.0,True,,,,UNRESOLVED_STRUCTURE,OBSERVATION_INSUFFICIENT,9,0,0,False,0,0,False,INHERITED_RAW_PRICE_BASIS,False,False
2025-07-23|65740,2025-07-23,65740,09:30,10:45,75,PARTIAL,1,4,,,AVAILABLE,295.0,True,,,,CURRENT_BAR_UNAVAILABLE,OBSERVATION_INSUFFICIENT,10,0,0,False,0,0,False,INHERITED_RAW_PRICE_BASIS,False,False
2025-07-23|65740,2025-07-23,65740,09:30,10:50,80,UNAVAILABLE,0,5,,,AVAILABLE,295.0,True,,,,CURRENT_BAR_UNAVAILABLE,OBSERVATION_INSUFFICIENT,7,0,0,False,0,0,False,INHERITED_RAW_PRICE_BASIS,False,False
2025-07-23|65740,2025-07-23,65740,09:30,10:55,85,UNAVAILABLE,0,5,,,AVAILABLE,295.0,True,,,,CURRENT_BAR_UNAVAILABLE,OBSERVATION_INSUFFICIENT,5,0,0,False,0,0,False,INHERITED_RAW_PRICE_BASIS,False,False
2025-07-23|65740,2025-07-23,65740,09:30,11:00,90,PARTIAL,3,2,,,AVAILABLE,295.0,True,,,,UNRESOLVED_STRUCTURE,OBSERVATION_INSUFFICIENT,7,0,0,False,4,0,False,INHERITED_RAW_PRICE_BASIS,False,False
2025-07-23|65740,2025-07-23,65740,09:30,11:05,95,PARTIAL,2,3,,,AVAILABLE,295.0,True,,,,CURRENT_BAR_UNAVAILABLE,OBSERVATION_INSUFFICIENT,7,0,0,False,0,0,False,INHERITED_RAW_PRICE_BASIS,False,False
2025-07-23|65740,2025-07-23,65740,09:30,11:10,100,PARTIAL,1,4,,,AVAILABLE,295.0,True,,,,CURRENT_BAR_UNAVAILABLE,OBSERVATION_INSUFFICIENT,7,0,0,False,0,0,False,INHERITED_RAW_PRICE_BASIS,False,False
2025-07-23|65740,2025-07-23,65740,09:30,11:15,105,PARTIAL,2,3,,,AVAILABLE,295.0,True,,,,UNRESOLVED_STRUCTURE,OBSERVATION_INSUFFICIENT,8,0,0,False,2,0,False,INHERITED_RAW_PRICE_BASIS,False,False
2025-07-23|65740,2025-07-23,65740,09:30,11:20,110,PARTIAL,1,4,,,AVAILABLE,295.0,True,,,,CURRENT_BAR_UNAVAILABLE,OBSERVATION_INSUFFICIENT,9,0,0,False,0,0,False,INHERITED_RAW_PRICE_BASIS,False,False
2025-07-23|65740,2025-07-23,65740,09:30,11:25,115,PARTIAL,1,4,,,AVAILABLE,295.0,True,,,,CURRENT_BAR_UNAVAILABLE,OBSERVATION_INSUFFICIENT,9,0,0,False,0,0,False,INHERITED_RAW_PRICE_BASIS,False,False
2025-07-23|65740,2025-07-23,65740,09:30,11:30,120,UNAVAILABLE,0,5,,,AVAILABLE,295.0,True,,,,CURRENT_BAR_UNAVAILABLE,OBSERVATION_INSUFFICIENT,7,0,0,False,0,0,False,INHERITED_RAW_PRICE_BASIS,False,False
2025-07-23|65740,2025-07-23,65740,09:30,12:35,125,PARTIAL,1,4,,,AVAILABLE,295.0,True,,,,CURRENT_BAR_UNAVAILABLE,OBSERVATION_INSUFFICIENT,7,0,0,False,0,0,False,INHERITED_RAW_PRICE_BASIS,False,False
2025-07-23|65740,2025-07-23,65740,09:30,12:40,130,PARTIAL,2,3,,,AVAILABLE,295.0,True,,,,UNRESOLVED_STRUCTURE,OBSERVATION_INSUFFICIENT,8,0,0,False,0,2,False,INHERITED_RAW_PRICE_BASIS,False,False
2025-07-23|65740,2025-07-23,65740,09:30,12:45,135,PARTIAL,1,4,,,AVAILABLE,295.0,True,,,,CURRENT_BAR_UNAVAILABLE,OBSERVATION_INSUFFICIENT,7,0,0,False,0,0,False,INHERITED_RAW_PRICE_BASIS,False,False
2025-07-23|65740,2025-07-23,65740,09:30,12:50,140,PARTIAL,1,4,,,AVAILABLE,295.0,True,,,,CURRENT_BAR_UNAVAILABLE,OBSERVATION_INSUFFICIENT,8,0,0,False,0,0,False,INHERITED_RAW_PRICE_BASIS,False,False
2025-07-23|65740,2025-07-23,65740,09:30,12:55,145,PARTIAL,2,3,,,AVAILABLE,295.0,True,,,,UNRESOLVED_STRUCTURE,OBSERVATION_INSUFFICIENT,9,0,0,False,2,0,False,INHERITED_RAW_PRICE_BASIS,False,False
2025-07-23|65740,2025-07-23,65740,09:30,13:00,150,UNAVAILABLE,0,5,,,AVAILABLE,295.0,True,,,,CURRENT_BAR_UNAVAILABLE,OBSERVATION_INSUFFICIENT,6,0,0,False,0,0,False,INHERITED_RAW_PRICE_BASIS,False,False
2025-07-23|65740,2025-07-23,65740,09:30,13:05,155,PARTIAL,1,4,,,AVAILABLE,295.0,True,,,,UNRESOLVED_STRUCTURE,OBSERVATION_INSUFFICIENT,4,0,0,False,0,0,False,INHERITED_RAW_PRICE_BASIS,False,False
2025-07-23|65740,2025-07-23,65740,09:30,13:10,160,PARTIAL,3,2,,,AVAILABLE,295.0,True,,,,UNRESOLVED_STRUCTURE,OBSERVATION_INSUFFICIENT,6,0,0,False,0,0,False,INHERITED_RAW_PRICE_BASIS,False,False
2025-07-23|65740,2025-07-23,65740,09:30,13:15,165,PARTIAL,3,2,,,AVAILABLE,295.0,True,,,,UNRESOLVED_STRUCTURE,OBSERVATION_INSUFFICIENT,7,0,0,False,0,0,False,INHERITED_RAW_PRICE_BASIS,False,False
2025-07-23|65740,2025-07-23,65740,09:30,13:20,170,PARTIAL,1,4,,,AVAILABLE,295.0,True,,,,CURRENT_BAR_UNAVAILABLE,OBSERVATION_INSUFFICIENT,7,0,0,False,0,0,False,INHERITED_RAW_PRICE_BASIS,False,False
2025-07-23|65740,2025-07-23,65740,09:30,13:25,175,PARTIAL,2,3,,,AVAILABLE,295.0,True,,,,UNRESOLVED_STRUCTURE,OBSERVATION_INSUFFICIENT,7,0,0,False,0,0,False,INHERITED_RAW_PRICE_BASIS,False,False
2025-07-23|65740,2025-07-23,65740,09:30,13:30,180,PARTIAL,1,4,,,AVAILABLE,295.0,True,,,,CURRENT_BAR_UNAVAILABLE,OBSERVATION_INSUFFICIENT,8,0,0,False,0,0,False,INHERITED_RAW_PRICE_BASIS,False,False
2025-07-23|65740,2025-07-23,65740,09:30,13:35,185,PARTIAL,2,3,,,AVAILABLE,295.0,True,,,,CURRENT_BAR_UNAVAILABLE,OBSERVATION_INSUFFICIENT,10,0,0,False,0,0,False,INHERITED_RAW_PRICE_BASIS,False,False
2025-07-23|65740,2025-07-23,65740,09:30,13:40,190,UNAVAILABLE,0,5,,,AVAILABLE,295.0,True,,,,CURRENT_BAR_UNAVAILABLE,OBSERVATION_INSUFFICIENT,9,0,0,False,0,0,False,INHERITED_RAW_PRICE_BASIS,False,False
2025-07-23|65740,2025-07-23,65740,09:30,13:45,195,UNAVAILABLE,0,5,,,AVAILABLE,295.0,True,,,,CURRENT_BAR_UNAVAILABLE,OBSERVATION_INSUFFICIENT,8,0,0,False,0,0,False,INHERITED_RAW_PRICE_BASIS,False,False
2025-07-23|65740,2025-07-23,65740,09:30,13:50,200,PARTIAL,1,4,,,AVAILABLE,295.0,True,,,,CURRENT_BAR_UNAVAILABLE,OBSERVATION_INSUFFICIENT,9,0,0,False,0,0,False,INHERITED_RAW_PRICE_BASIS,False,False
2025-07-23|65740,2025-07-23,65740,09:30,13:55,205,PARTIAL,1,4,,,AVAILABLE,295.0,True,,,,CURRENT_BAR_UNAVAILABLE,OBSERVATION_INSUFFICIENT,10,0,0,False,0,0,False,INHERITED_RAW_PRICE_BASIS,False,False
2025-07-23|65740,2025-07-23,65740,09:30,14:00,210,UNAVAILABLE,0,5,,,AVAILABLE,295.0,True,,,,CURRENT_BAR_UNAVAILABLE,OBSERVATION_INSUFFICIENT,9,0,0,False,0,0,False,INHERITED_RAW_PRICE_BASIS,False,False
2025-07-23|65740,2025-07-23,65740,09:30,14:05,215,UNAVAILABLE,0,5,,,AVAILABLE,295.0,True,,,,CURRENT_BAR_UNAVAILABLE,OBSERVATION_INSUFFICIENT,7,0,0,False,0,0,False,INHERITED_RAW_PRICE_BASIS,False,False
2025-07-23|65740,2025-07-23,65740,09:30,14:10,220,PARTIAL,1,4,,,AVAILABLE,295.0,True,,,,CURRENT_BAR_UNAVAILABLE,OBSERVATION_INSUFFICIENT,8,0,0,False,0,0,False,INHERITED_RAW_PRICE_BASIS,False,False
2025-07-23|65740,2025-07-23,65740,09:30,14:15,225,PARTIAL,2,3,,,AVAILABLE,295.0,True,,,,CURRENT_BAR_UNAVAILABLE,OBSERVATION_INSUFFICIENT,10,0,0,False,0,0,False,INHERITED_RAW_PRICE_BASIS,False,False
2025-07-23|65740,2025-07-23,65740,09:30,14:20,230,UNAVAILABLE,0,5,,,AVAILABLE,295.0,True,,,,CURRENT_BAR_UNAVAILABLE,OBSERVATION_INSUFFICIENT,7,0,0,False,0,0,False,INHERITED_RAW_PRICE_BASIS,False,False
2025-07-23|65740,2025-07-23,65740,09:30,14:25,235,UNAVAILABLE,0,5,,,AVAILABLE,295.0,True,,,,CURRENT_BAR_UNAVAILABLE,OBSERVATION_INSUFFICIENT,6,0,0,False,0,0,False,INHERITED_RAW_PRICE_BASIS,False,False
2025-07-23|65740,2025-07-23,65740,09:30,14:30,240,PARTIAL,3,2,,,AVAILABLE,295.0,True,,,,UNRESOLVED_STRUCTURE,OBSERVATION_INSUFFICIENT,9,0,0,False,0,0,False,INHERITED_RAW_PRICE_BASIS,False,False
2025-07-23|65740,2025-07-23,65740,09:30,14:35,245,PARTIAL,1,4,,,AVAILABLE,295.0,True,,,,CURRENT_BAR_UNAVAILABLE,OBSERVATION_INSUFFICIENT,9,0,0,False,0,0,False,INHERITED_RAW_PRICE_BASIS,False,False
2025-07-23|65740,2025-07-23,65740,09:30,14:40,250,UNAVAILABLE,0,5,,,AVAILABLE,295.0,True,,,,CURRENT_BAR_UNAVAILABLE,OBSERVATION_INSUFFICIENT,8,0,0,False,0,0,False,INHERITED_RAW_PRICE_BASIS,False,False
2025-07-23|65740,2025-07-23,65740,09:30,14:45,255,PARTIAL,1,4,,,AVAILABLE,295.0,True,,,,CURRENT_BAR_UNAVAILABLE,OBSERVATION_INSUFFICIENT,8,0,0,False,0,0,False,INHERITED_RAW_PRICE_BASIS,False,False
2025-07-23|65740,2025-07-23,65740,09:30,14:50,260,PARTIAL,1,4,,,AVAILABLE,295.0,True,,,,CURRENT_BAR_UNAVAILABLE,OBSERVATION_INSUFFICIENT,9,0,0,False,0,0,False,INHERITED_RAW_PRICE_BASIS,False,False
2025-07-23|65740,2025-07-23,65740,09:30,14:55,265,PARTIAL,1,4,,,AVAILABLE,295.0,True,,,,UNRESOLVED_STRUCTURE,OBSERVATION_INSUFFICIENT,9,0,0,False,0,0,False,INHERITED_RAW_PRICE_BASIS,False,False
2025-07-23|65740,2025-07-23,65740,09:30,15:00,270,UNAVAILABLE,0,5,,,AVAILABLE,295.0,True,,,,CURRENT_BAR_UNAVAILABLE,OBSERVATION_INSUFFICIENT,9,0,0,False,0,0,False,INHERITED_RAW_PRICE_BASIS,False,False
2025-07-23|65740,2025-07-23,65740,09:30,15:05,275,PARTIAL,1,4,,,AVAILABLE,295.0,True,,,,UNRESOLVED_STRUCTURE,OBSERVATION_INSUFFICIENT,6,0,0,False,0,0,False,INHERITED_RAW_PRICE_BASIS,False,False
2025-07-23|65740,2025-07-23,65740,09:30,15:10,280,UNAVAILABLE,0,5,,,AVAILABLE,295.0,True,,,,CURRENT_BAR_UNAVAILABLE,OBSERVATION_INSUFFICIENT,5,0,0,False,0,0,False,INHERITED_RAW_PRICE_BASIS,False,False
2025-07-23|65740,2025-07-23,65740,09:30,15:15,285,PARTIAL,4,1,,,AVAILABLE,295.0,True,,,,CURRENT_BAR_UNAVAILABLE,OBSERVATION_INSUFFICIENT,7,0,0,False,0,0,False,INHERITED_RAW_PRICE_BASIS,False,False
2025-07-23|65740,2025-07-23,65740,09:30,15:20,290,PARTIAL,1,4,,,AVAILABLE,295.0,True,,,,CURRENT_BAR_UNAVAILABLE,RIGHT_CENSORED,3,0,0,False,0,0,False,INHERITED_RAW_PRICE_BASIS,False,False
2025-07-23|65740,2025-07-23,65740,09:30,15:25,295,PARTIAL,2,3,,,AVAILABLE,295.0,True,,,,CURRENT_BAR_UNAVAILABLE,RIGHT_CENSORED,0,0,0,False,0,0,False,INHERITED_RAW_PRICE_BASIS,False,False
2025-07-23|67310,2025-07-23,67310,13:30,13:30,0,PARTIAL,4,1,,,AVAILABLE,3.0,True,,,,UNRESOLVED_STRUCTURE,WINDOW_OBSERVED,0,0,0,False,0,2,False,INHERITED_RAW_PRICE_BASIS,False,False
2025-07-23|67310,2025-07-23,67310,13:30,13:35,5,COMPLETE,5,0,UP,1.3157894736842106,AVAILABLE,3.0,True,,,,UNRESOLVED_STRUCTURE,WINDOW_OBSERVED,0,0,0,False,0,1,False,INHERITED_RAW_PRICE_BASIS,False,False
2025-07-23|67310,2025-07-23,67310,13:30,13:40,10,COMPLETE,5,0,DOWN,-1.2987012987012987,AVAILABLE,3.0,True,,,VOLUME_EXPANSION|TRADING_VALUE_EXPANSION,UNRESOLVED_STRUCTURE,WINDOW_OBSERVED,0,0,0,False,0,0,False,INHERITED_RAW_PRICE_BASIS,True,False
2025-07-23|67310,2025-07-23,67310,13:30,13:45,15,COMPLETE,5,0,UNCHANGED,0.0,AVAILABLE,3.0,True,,,VOLUME_COMPRESSION|TRADING_VALUE_COMPRESSION,UNRESOLVED_STRUCTURE,WINDOW_OBSERVED,0,0,0,False,0,1,False,INHERITED_RAW_PRICE_BASIS,True,False
2025-07-23|67310,2025-07-23,67310,13:30,13:50,20,COMPLETE,5,0,UP,1.3157894736842106,AVAILABLE,3.0,True,,,,UNRESOLVED_STRUCTURE,WINDOW_OBSERVED,0,0,0,False,0,2,False,INHERITED_RAW_PRICE_BASIS,True,False
2025-07-23|67310,2025-07-23,67310,13:30,13:55,25,COMPLETE,5,0,UNCHANGED,0.0,AVAILABLE,3.0,True,,,VOLUME_EXPANSION|TRADING_VALUE_EXPANSION,UNRESOLVED_STRUCTURE,WINDOW_OBSERVED,0,0,0,False,0,0,False,INHERITED_RAW_PRICE_BASIS,True,False
2025-07-23|67310,2025-07-23,67310,13:30,14:00,30,COMPLETE,5,0,UP,1.3157894736842106,AVAILABLE,3.0,True,RANGE_STRUCTURE,BALANCE,,IDENTIFIED,WINDOW_OBSERVED,0,0,0,True,0,2,True,INHERITED_RAW_PRICE_BASIS,True,True
2025-07-23|67310,2025-07-23,67310,13:30,14:05,35,COMPLETE,5,0,DOWN,-1.2987012987012987,AVAILABLE,3.0,True,RANGE_STRUCTURE,BALANCE,,IDENTIFIED,WINDOW_OBSERVED,0,0,0,True,0,4,True,INHERITED_RAW_PRICE_BASIS,True,False
2025-07-23|67310,2025-07-23,67310,13:30,14:10,40,COMPLETE,5,0,DOWN,-1.2987012987012987,AVAILABLE,3.0,True,RANGE_STRUCTURE,BALANCE,VOLUME_COMPRESSION|TRADING_VALUE_COMPRESSION,IDENTIFIED,WINDOW_OBSERVED,0,0,0,True,0,3,True,INHERITED_RAW_PRICE_BASIS,True,False
2025-07-23|67310,2025-07-23,67310,13:30,14:15,45,COMPLETE,5,0,UNCHANGED,0.0,AVAILABLE,3.0,True,RANGE_STRUCTURE,BALANCE,VOLUME_EXPANSION|TRADING_VALUE_EXPANSION,IDENTIFIED,WINDOW_OBSERVED,0,0,0,True,0,5,True,INHERITED_RAW_PRICE_BASIS,True,False
2025-07-23|67310,2025-07-23,67310,13:30,14:20,50,COMPLETE,5,0,UNCHANGED,0.0,AVAILABLE,3.0,True,RANGE_STRUCTURE,BALANCE,VOLUME_COMPRESSION|TRADING_VALUE_COMPRESSION,IDENTIFIED,WINDOW_OBSERVED,0,0,0,True,0,7,True,INHERITED_RAW_PRICE_BASIS,True,False
2025-07-23|67310,2025-07-23,67310,13:30,14:25,55,COMPLETE,5,0,UP,1.3157894736842106,AVAILABLE,3.0,True,RANGE_STRUCTURE,BALANCE,VOLUME_EXPANSION|TRADING_VALUE_EXPANSION,IDENTIFIED,OBSERVATION_INSUFFICIENT,1,0,0,True,0,2,True,INHERITED_RAW_PRICE_BASIS,True,False
2025-07-23|67310,2025-07-23,67310,13:30,14:30,60,COMPLETE,5,0,UNCHANGED,0.0,AVAILABLE,3.0,True,RANGE_STRUCTURE,BALANCE,,IDENTIFIED,OBSERVATION_INSUFFICIENT,2,0,0,True,0,1,True,INHERITED_RAW_PRICE_BASIS,True,False
2025-07-23|67310,2025-07-23,67310,13:30,14:35,65,PARTIAL,4,1,,,AVAILABLE,3.0,True,,,,CURRENT_BAR_UNAVAILABLE,OBSERVATION_INSUFFICIENT,1,0,0,False,0,2,False,INHERITED_RAW_PRICE_BASIS,False,False
2025-07-23|67310,2025-07-23,67310,13:30,14:40,70,PARTIAL,4,1,,,AVAILABLE,3.0,True,,,,UNRESOLVED_STRUCTURE,WINDOW_OBSERVED,0,0,0,False,0,0,False,INHERITED_RAW_PRICE_BASIS,False,False
2025-07-23|67310,2025-07-23,67310,13:30,14:45,75,COMPLETE,5,0,UP,1.3157894736842106,AVAILABLE,3.0,True,,,,UNRESOLVED_STRUCTURE,WINDOW_OBSERVED,0,0,0,False,0,2,False,INHERITED_RAW_PRICE_BASIS,False,False
2025-07-23|67310,2025-07-23,67310,13:30,14:50,80,COMPLETE,5,0,DOWN,-1.2987012987012987,AVAILABLE,3.0,True,,,VOLUME_COMPRESSION|TRADING_VALUE_COMPRESSION,UNRESOLVED_STRUCTURE,WINDOW_OBSERVED,0,0,0,False,0,0,False,INHERITED_RAW_PRICE_BASIS,True,False
2025-07-23|67310,2025-07-23,67310,13:30,14:55,85,COMPLETE,5,0,UNCHANGED,0.0,AVAILABLE,3.0,True,,,,UNRESOLVED_STRUCTURE,WINDOW_OBSERVED,0,0,0,False,0,1,False,INHERITED_RAW_PRICE_BASIS,True,False
2025-07-23|67310,2025-07-23,67310,13:30,15:00,90,COMPLETE,5,0,UNCHANGED,0.0,AVAILABLE,3.0,True,,,VOLUME_EXPANSION|TRADING_VALUE_EXPANSION,UNRESOLVED_STRUCTURE,WINDOW_OBSERVED,0,0,0,False,0,1,False,INHERITED_RAW_PRICE_BASIS,True,False
2025-07-23|67310,2025-07-23,67310,13:30,15:05,95,COMPLETE,5,0,UP,1.2987012987012987,AVAILABLE,3.0,True,,,VOLUME_COMPRESSION|TRADING_VALUE_COMPRESSION,UNRESOLVED_STRUCTURE,WINDOW_OBSERVED,0,0,0,False,0,0,False,INHERITED_RAW_PRICE_BASIS,True,False
2025-07-23|67310,2025-07-23,67310,13:30,15:10,100,COMPLETE,5,0,DOWN,-1.2820512820512822,AVAILABLE,3.0,True,RANGE_STRUCTURE,BALANCE,VOLUME_EXPANSION|TRADING_VALUE_EXPANSION,IDENTIFIED,WINDOW_OBSERVED,0,0,0,True,0,0,True,INHERITED_RAW_PRICE_BASIS,True,True
2025-07-23|67310,2025-07-23,67310,13:30,15:15,105,COMPLETE,5,0,UNCHANGED,0.0,AVAILABLE,3.0,True,RANGE_STRUCTURE,BALANCE,VOLUME_COMPRESSION|TRADING_VALUE_COMPRESSION,IDENTIFIED,WINDOW_OBSERVED,0,1,1,True,0,0,True,INHERITED_RAW_PRICE_BASIS,True,False
2025-07-23|67310,2025-07-23,67310,13:30,15:20,110,COMPLETE,5,0,UNCHANGED,0.0,AVAILABLE,3.0,True,RANGE_STRUCTURE,BALANCE,RANGE_EXPANSION|VOLUME_EXPANSION|TRADING_VALUE_EXPANSION,IDENTIFIED,RIGHT_CENSORED,0,1,1,True,0,2,True,INHERITED_RAW_PRICE_BASIS,True,False
2025-07-23|67310,2025-07-23,67310,13:30,15:25,115,COMPLETE,5,0,UNCHANGED,0.0,AVAILABLE,3.0,True,,RESTRUCTURING,VOLUME_EXPANSION|TRADING_VALUE_EXPANSION,UNRESOLVED_STRUCTURE,RIGHT_CENSORED,0,0,1,False,1,1,True,INHERITED_RAW_PRICE_BASIS,True,True
2025-07-23|68140,2025-07-23,68140,13:30,13:30,0,COMPLETE,5,0,DOWN,-0.7352941176470589,AVAILABLE,15.0,True,DOWN_STRUCTURE,,RANGE_EXPANSION|VOLUME_EXPANSION|TRADING_VALUE_EXPANSION,IDENTIFIED,WINDOW_OBSERVED,0,1,6,False,1,1,True,INHERITED_RAW_PRICE_BASIS,False,False
2025-07-23|68140,2025-07-23,68140,13:30,13:35,5,COMPLETE,5,0,UP,0.12330456226880394,AVAILABLE,15.0,True,DOWN_STRUCTURE,CORRECTION|RECOVERY,RANGE_COMPRESSION|VOLUME_COMPRESSION|TRADING_VALUE_COMPRESSION,IDENTIFIED,WINDOW_OBSERVED,0,1,6,False,0,1,True,INHERITED_RAW_PRICE_BASIS,True,True
2025-07-23|68140,2025-07-23,68140,13:30,13:40,10,COMPLETE,5,0,UP,0.36900369003690037,AVAILABLE,15.0,True,DOWN_STRUCTURE,,,IDENTIFIED,OBSERVATION_INSUFFICIENT,1,1,7,False,0,1,True,INHERITED_RAW_PRICE_BASIS,True,True
2025-07-23|68140,2025-07-23,68140,13:30,13:45,15,COMPLETE,5,0,DOWN,-0.36764705882352944,AVAILABLE,15.0,True,DOWN_STRUCTURE,PROGRESSION,,IDENTIFIED,OBSERVATION_INSUFFICIENT,1,0,7,False,0,1,True,INHERITED_RAW_PRICE_BASIS,True,True
2025-07-23|68140,2025-07-23,68140,13:30,13:50,20,PARTIAL,4,1,,,AVAILABLE,15.0,True,,,,UNRESOLVED_STRUCTURE,WINDOW_OBSERVED,0,1,1,False,0,0,False,INHERITED_RAW_PRICE_BASIS,False,False
2025-07-23|68140,2025-07-23,68140,13:30,13:55,25,COMPLETE,5,0,UP,0.2457002457002457,AVAILABLE,15.0,True,,,,UNRESOLVED_STRUCTURE,WINDOW_OBSERVED,0,1,1,False,0,0,False,INHERITED_RAW_PRICE_BASIS,False,False
2025-07-23|68140,2025-07-23,68140,13:30,14:00,30,COMPLETE,5,0,DOWN,-0.24509803921568626,AVAILABLE,15.0,True,,,RANGE_EXPANSION,UNRESOLVED_STRUCTURE,WINDOW_OBSERVED,0,0,2,False,0,0,False,INHERITED_RAW_PRICE_BASIS,True,False
2025-07-23|68140,2025-07-23,68140,13:30,14:05,35,COMPLETE,5,0,UP,0.24600246002460024,AVAILABLE,15.0,True,,,RANGE_COMPRESSION|VOLUME_COMPRESSION|TRADING_VALUE_COMPRESSION,UNRESOLVED_STRUCTURE,OBSERVATION_INSUFFICIENT,2,0,2,False,0,2,False,INHERITED_RAW_PRICE_BASIS,True,False
2025-07-23|68140,2025-07-23,68140,13:30,14:10,40,COMPLETE,5,0,UP,0.12269938650306748,AVAILABLE,15.0,True,,,RANGE_COMPRESSION,UNRESOLVED_STRUCTURE,OBSERVATION_INSUFFICIENT,4,0,2,False,0,0,False,INHERITED_RAW_PRICE_BASIS,True,False
2025-07-23|68140,2025-07-23,68140,13:30,14:15,45,PARTIAL,3,2,,,AVAILABLE,15.0,True,,,,UNRESOLVED_STRUCTURE,OBSERVATION_INSUFFICIENT,3,0,0,False,0,0,False,INHERITED_RAW_PRICE_BASIS,False,False
2025-07-23|68140,2025-07-23,68140,13:30,14:20,50,PARTIAL,3,2,,,AVAILABLE,15.0,True,,,,CURRENT_BAR_UNAVAILABLE,OBSERVATION_INSUFFICIENT,1,0,0,False,0,0,False,INHERITED_RAW_PRICE_BASIS,False,False
2025-07-23|68140,2025-07-23,68140,13:30,14:25,55,PARTIAL,4,1,,,AVAILABLE,15.0,True,,,,UNRESOLVED_STRUCTURE,OBSERVATION_INSUFFICIENT,1,1,1,False,0,0,False,INHERITED_RAW_PRICE_BASIS,False,False
2025-07-23|68140,2025-07-23,68140,13:30,14:30,60,COMPLETE,5,0,UP,0.4878048780487805,AVAILABLE,15.0,True,,,,UNRESOLVED_STRUCTURE,OBSERVATION_INSUFFICIENT,3,0,1,False,0,0,False,INHERITED_RAW_PRICE_BASIS,False,False
2025-07-23|68140,2025-07-23,68140,13:30,14:35,65,PARTIAL,4,1,,,AVAILABLE,15.0,True,,,,UNRESOLVED_STRUCTURE,OBSERVATION_INSUFFICIENT,2,0,0,False,0,0,False,INHERITED_RAW_PRICE_BASIS,False,False
2025-07-23|68140,2025-07-23,68140,13:30,14:40,70,PARTIAL,3,2,,,AVAILABLE,15.0,True,,,,UNRESOLVED_STRUCTURE,WINDOW_OBSERVED,0,1,1,False,0,0,False,INHERITED_RAW_PRICE_BASIS,False,False
2025-07-23|68140,2025-07-23,68140,13:30,14:45,75,COMPLETE,5,0,UP,0.36585365853658536,AVAILABLE,15.0,True,,,,UNRESOLVED_STRUCTURE,WINDOW_OBSERVED,0,1,2,False,0,0,False,INHERITED_RAW_PRICE_BASIS,False,False
2025-07-23|68140,2025-07-23,68140,13:30,14:50,80,COMPLETE,5,0,UP,0.24330900243309003,AVAILABLE,15.0,True,,,RANGE_COMPRESSION|VOLUME_COMPRESSION|TRADING_VALUE_COMPRESSION,UNRESOLVED_STRUCTURE,WINDOW_OBSERVED,0,1,4,False,0,0,False,INHERITED_RAW_PRICE_BASIS,True,False
2025-07-23|68140,2025-07-23,68140,13:30,14:55,85,COMPLETE,5,0,UP,0.12150668286755771,AVAILABLE,15.0,True,,,RANGE_COMPRESSION|VOLUME_EXPANSION|TRADING_VALUE_EXPANSION,UNRESOLVED_STRUCTURE,WINDOW_OBSERVED,0,1,4,False,0,0,False,INHERITED_RAW_PRICE_BASIS,True,False
2025-07-23|68140,2025-07-23,68140,13:30,15:00,90,COMPLETE,5,0,DOWN,-0.12150668286755771,AVAILABLE,15.0,True,,,RANGE_COMPRESSION,UNRESOLVED_STRUCTURE,OBSERVATION_INSUFFICIENT,2,0,4,False,0,0,False,INHERITED_RAW_PRICE_BASIS,True,False
2025-07-23|68140,2025-07-23,68140,13:30,15:05,95,COMPLETE,5,0,DOWN,-0.36496350364963503,AVAILABLE,15.0,True,,,RANGE_EXPANSION|VOLUME_EXPANSION|TRADING_VALUE_EXPANSION,UNRESOLVED_STRUCTURE,OBSERVATION_INSUFFICIENT,2,0,4,False,0,1,False,INHERITED_RAW_PRICE_BASIS,True,False
2025-07-23|68140,2025-07-23,68140,13:30,15:10,100,PARTIAL,3,2,,,AVAILABLE,15.0,True,,,,CURRENT_BAR_UNAVAILABLE,OBSERVATION_INSUFFICIENT,2,0,0,False,0,0,False,INHERITED_RAW_PRICE_BASIS,False,False
2025-07-23|68140,2025-07-23,68140,13:30,15:15,105,COMPLETE,5,0,UNCHANGED,0.0,AVAILABLE,15.0,True,,,,UNRESOLVED_STRUCTURE,OBSERVATION_INSUFFICIENT,2,0,0,False,0,0,False,INHERITED_RAW_PRICE_BASIS,False,False
2025-07-23|68140,2025-07-23,68140,13:30,15:20,110,PARTIAL,3,2,,,AVAILABLE,15.0,True,,,,UNRESOLVED_STRUCTURE,RIGHT_CENSORED,0,1,1,False,0,0,False,INHERITED_RAW_PRICE_BASIS,False,False
2025-07-23|68140,2025-07-23,68140,13:30,15:25,115,COMPLETE,5,0,UP,0.4878048780487805,AVAILABLE,15.0,True,,,,UNRESOLVED_STRUCTURE,RIGHT_CENSORED,0,0,1,False,0,0,False,INHERITED_RAW_PRICE_BASIS,False,False
2025-07-23|72380,2025-07-23,72380,10:30,10:30,0,COMPLETE,5,0,UP,0.9433962264150944,SCALE_INSUFFICIENT,,True,,,RANGE_COMPRESSION|VOLUME_COMPRESSION|TRADING_VALUE_COMPRESSION,SCALE_UNAVAILABLE,OBSERVATION_INSUFFICIENT,1,0,0,False,0,0,False,INHERITED_RAW_PRICE_BASIS,False,False
2025-07-23|72380,2025-07-23,72380,10:30,10:35,5,COMPLETE,5,0,UNCHANGED,0.0,SCALE_INSUFFICIENT,,True,,,,SCALE_UNAVAILABLE,OBSERVATION_INSUFFICIENT,2,0,0,False,0,0,False,INHERITED_RAW_PRICE_BASIS,True,False
2025-07-23|72380,2025-07-23,72380,10:30,10:40,10,PARTIAL,4,1,,,SCALE_INSUFFICIENT,,True,,,,CURRENT_BAR_UNAVAILABLE,OBSERVATION_INSUFFICIENT,1,0,0,False,0,0,False,INHERITED_RAW_PRICE_BASIS,False,False
2025-07-23|72380,2025-07-23,72380,10:30,10:45,15,PARTIAL,4,1,,,SCALE_INSUFFICIENT,,True,,,,SCALE_UNAVAILABLE,WINDOW_OBSERVED,0,0,0,False,0,0,False,INHERITED_RAW_PRICE_BASIS,False,False
2025-07-23|72380,2025-07-23,72380,10:30,10:50,20,COMPLETE,5,0,UP,0.9433962264150944,SCALE_INSUFFICIENT,,True,,,,SCALE_UNAVAILABLE,WINDOW_OBSERVED,0,0,0,False,0,0,False,INHERITED_RAW_PRICE_BASIS,False,False
2025-07-23|72380,2025-07-23,72380,10:30,10:55,25,COMPLETE,5,0,UNCHANGED,0.0,SCALE_INSUFFICIENT,,True,,,RANGE_EXPANSION|VOLUME_COMPRESSION|TRADING_VALUE_COMPRESSION,SCALE_UNAVAILABLE,WINDOW_OBSERVED,0,0,0,False,0,0,False,INHERITED_RAW_PRICE_BASIS,True,False
2025-07-23|72380,2025-07-23,72380,10:30,11:00,30,COMPLETE,5,0,UP,2.7777777777777777,SCALE_INSUFFICIENT,,True,,,RANGE_EXPANSION|VOLUME_EXPANSION|TRADING_VALUE_EXPANSION,SCALE_UNAVAILABLE,WINDOW_OBSERVED,0,0,0,False,0,0,False,INHERITED_RAW_PRICE_BASIS,True,False
2025-07-23|72380,2025-07-23,72380,10:30,11:05,35,COMPLETE,5,0,DOWN,-0.9009009009009009,SCALE_INSUFFICIENT,,True,,,RANGE_COMPRESSION|VOLUME_COMPRESSION|TRADING_VALUE_COMPRESSION,SCALE_UNAVAILABLE,WINDOW_OBSERVED,0,0,0,False,0,0,False,INHERITED_RAW_PRICE_BASIS,True,False
2025-07-23|72380,2025-07-23,72380,10:30,11:10,40,COMPLETE,5,0,DOWN,-1.8181818181818181,SCALE_INSUFFICIENT,,True,,,,SCALE_UNAVAILABLE,WINDOW_OBSERVED,0,0,0,False,0,0,False,INHERITED_RAW_PRICE_BASIS,True,False
2025-07-23|72380,2025-07-23,72380,10:30,11:15,45,COMPLETE,5,0,UNCHANGED,0.0,SCALE_INSUFFICIENT,,True,,,RANGE_COMPRESSION|VOLUME_COMPRESSION|TRADING_VALUE_COMPRESSION,SCALE_UNAVAILABLE,WINDOW_OBSERVED,0,0,0,False,0,0,False,INHERITED_RAW_PRICE_BASIS,True,False
2025-07-23|72380,2025-07-23,72380,10:30,11:20,50,COMPLETE,5,0,UP,1.8691588785046729,SCALE_INSUFFICIENT,,True,,,,SCALE_UNAVAILABLE,WINDOW_OBSERVED,0,0,0,False,0,0,False,INHERITED_RAW_PRICE_BASIS,True,False
2025-07-23|72380,2025-07-23,72380,10:30,11:25,55,COMPLETE,5,0,UNCHANGED,0.0,SCALE_INSUFFICIENT,,True,,,,SCALE_UNAVAILABLE,WINDOW_OBSERVED,0,0,0,False,0,0,False,INHERITED_RAW_PRICE_BASIS,True,False
2025-07-23|72380,2025-07-23,72380,10:30,11:30,60,COMPLETE,5,0,UP,1.8518518518518519,SCALE_INSUFFICIENT,,True,,,VOLUME_COMPRESSION|TRADING_VALUE_COMPRESSION,SCALE_UNAVAILABLE,WINDOW_OBSERVED,0,0,0,False,0,0,False,INHERITED_RAW_PRICE_BASIS,True,False
2025-07-23|72380,2025-07-23,72380,10:30,12:35,65,COMPLETE,5,0,DOWN,-1.8181818181818181,SCALE_INSUFFICIENT,,True,,,,SCALE_UNAVAILABLE,WINDOW_OBSERVED,0,0,0,False,0,0,False,INHERITED_RAW_PRICE_BASIS,True,False
2025-07-23|72380,2025-07-23,72380,10:30,12:40,70,COMPLETE,5,0,DOWN,-0.9259259259259259,SCALE_INSUFFICIENT,,True,,,RANGE_COMPRESSION|VOLUME_COMPRESSION|TRADING_VALUE_COMPRESSION,SCALE_UNAVAILABLE,OBSERVATION_INSUFFICIENT,1,0,0,False,0,0,False,INHERITED_RAW_PRICE_BASIS,True,False
2025-07-23|72380,2025-07-23,72380,10:30,12:45,75,COMPLETE,5,0,UNCHANGED,0.0,SCALE_INSUFFICIENT,,True,,,RANGE_EXPANSION,SCALE_UNAVAILABLE,OBSERVATION_INSUFFICIENT,1,0,0,False,0,0,False,INHERITED_RAW_PRICE_BASIS,True,False
2025-07-23|72380,2025-07-23,72380,10:30,12:50,80,PARTIAL,4,1,,,SCALE_INSUFFICIENT,,True,,,,SCALE_UNAVAILABLE,OBSERVATION_INSUFFICIENT,2,0,0,False,0,0,False,INHERITED_RAW_PRICE_BASIS,False,False
2025-07-23|72380,2025-07-23,72380,10:30,12:55,85,COMPLETE,5,0,UP,0.9345794392523364,SCALE_INSUFFICIENT,,True,,,,SCALE_UNAVAILABLE,OBSERVATION_INSUFFICIENT,2,0,0,False,0,0,False,INHERITED_RAW_PRICE_BASIS,False,False
2025-07-23|72380,2025-07-23,72380,10:30,13:00,90,PARTIAL,3,2,,,SCALE_INSUFFICIENT,,True,,,,SCALE_UNAVAILABLE,OBSERVATION_INSUFFICIENT,3,0,0,False,0,0,False,INHERITED_RAW_PRICE_BASIS,False,False
2025-07-23|72380,2025-07-23,72380,10:30,13:05,95,COMPLETE,5,0,UNCHANGED,0.0,SCALE_INSUFFICIENT,,True,,,,SCALE_UNAVAILABLE,OBSERVATION_INSUFFICIENT,3,0,0,False,0,0,False,INHERITED_RAW_PRICE_BASIS,False,False
2025-07-23|72380,2025-07-23,72380,10:30,13:10,100,PARTIAL,2,3,,,SCALE_INSUFFICIENT,,True,,,,CURRENT_BAR_UNAVAILABLE,WINDOW_OBSERVED,0,0,0,False,0,0,False,INHERITED_RAW_PRICE_BASIS,False,False
2025-07-23|72380,2025-07-23,72380,10:30,13:15,105,COMPLETE,5,0,DOWN,-0.9345794392523364,SCALE_INSUFFICIENT,,True,,,,SCALE_UNAVAILABLE,OBSERVATION_INSUFFICIENT,2,0,0,False,0,0,False,INHERITED_RAW_PRICE_BASIS,False,False
2025-07-23|72380,2025-07-23,72380,10:30,13:20,110,COMPLETE,5,0,UNCHANGED,0.0,SCALE_INSUFFICIENT,,True,,,VOLUME_EXPANSION|TRADING_VALUE_EXPANSION,SCALE_UNAVAILABLE,OBSERVATION_INSUFFICIENT,2,0,0,False,0,0,False,INHERITED_RAW_PRICE_BASIS,True,False
2025-07-23|72380,2025-07-23,72380,10:30,13:25,115,PARTIAL,3,2,,,SCALE_INSUFFICIENT,,True,,,,SCALE_UNAVAILABLE,OBSERVATION_INSUFFICIENT,1,0,0,False,0,0,False,INHERITED_RAW_PRICE_BASIS,False,False
2025-07-23|72380,2025-07-23,72380,10:30,13:30,120,COMPLETE,5,0,DOWN,-0.9345794392523364,SCALE_INSUFFICIENT,,True,,,,SCALE_UNAVAILABLE,OBSERVATION_INSUFFICIENT,4,0,0,False,0,0,False,INHERITED_RAW_PRICE_BASIS,False,False
2025-07-23|72380,2025-07-23,72380,10:30,13:35,125,PARTIAL,4,1,,,SCALE_INSUFFICIENT,,True,,,,SCALE_UNAVAILABLE,OBSERVATION_INSUFFICIENT,5,0,0,False,0,0,False,INHERITED_RAW_PRICE_BASIS,False,False
2025-07-23|72380,2025-07-23,72380,10:30,13:40,130,PARTIAL,2,3,,,SCALE_INSUFFICIENT,,True,,,,CURRENT_BAR_UNAVAILABLE,OBSERVATION_INSUFFICIENT,4,0,0,False,0,0,False,INHERITED_RAW_PRICE_BASIS,False,False
2025-07-23|72380,2025-07-23,72380,10:30,13:45,135,PARTIAL,3,2,,,SCALE_INSUFFICIENT,,True,,,,SCALE_UNAVAILABLE,OBSERVATION_INSUFFICIENT,4,0,0,False,0,0,False,INHERITED_RAW_PRICE_BASIS,False,False
2025-07-23|72380,2025-07-23,72380,10:30,13:50,140,PARTIAL,3,2,,,SCALE_INSUFFICIENT,,True,,,,CURRENT_BAR_UNAVAILABLE,OBSERVATION_INSUFFICIENT,4,0,0,False,0,0,False,INHERITED_RAW_PRICE_BASIS,False,False
2025-07-23|72380,2025-07-23,72380,10:30,13:55,145,PARTIAL,3,2,,,SCALE_INSUFFICIENT,,True,,,,CURRENT_BAR_UNAVAILABLE,OBSERVATION_INSUFFICIENT,4,0,0,False,0,0,False,INHERITED_RAW_PRICE_BASIS,False,False
2025-07-23|72380,2025-07-23,72380,10:30,14:00,150,PARTIAL,3,2,,,SCALE_INSUFFICIENT,,True,,,,CURRENT_BAR_UNAVAILABLE,OBSERVATION_INSUFFICIENT,3,0,0,False,0,0,False,INHERITED_RAW_PRICE_BASIS,False,False
2025-07-23|72380,2025-07-23,72380,10:30,14:05,155,PARTIAL,3,2,,,SCALE_INSUFFICIENT,,True,,,,CURRENT_BAR_UNAVAILABLE,OBSERVATION_INSUFFICIENT,3,0,0,False,0,0,False,INHERITED_RAW_PRICE_BASIS,False,False
2025-07-23|72380,2025-07-23,72380,10:30,14:10,160,PARTIAL,4,1,,,SCALE_INSUFFICIENT,,True,,,,SCALE_UNAVAILABLE,OBSERVATION_INSUFFICIENT,2,0,0,False,0,0,False,INHERITED_RAW_PRICE_BASIS,False,False
2025-07-23|72380,2025-07-23,72380,10:30,14:15,165,PARTIAL,3,2,,,SCALE_INSUFFICIENT,,True,,,,SCALE_UNAVAILABLE,OBSERVATION_INSUFFICIENT,1,0,0,False,0,0,False,INHERITED_RAW_PRICE_BASIS,False,False
2025-07-23|72380,2025-07-23,72380,10:30,14:20,170,COMPLETE,5,0,UNCHANGED,0.0,SCALE_INSUFFICIENT,,True,,,,SCALE_UNAVAILABLE,OBSERVATION_INSUFFICIENT,2,0,0,False,0,0,False,INHERITED_RAW_PRICE_BASIS,False,False
2025-07-23|72380,2025-07-23,72380,10:30,14:25,175,PARTIAL,4,1,,,SCALE_INSUFFICIENT,,True,,,,CURRENT_BAR_UNAVAILABLE,OBSERVATION_INSUFFICIENT,1,0,0,False,0,0,False,INHERITED_RAW_PRICE_BASIS,False,False
2025-07-23|72380,2025-07-23,72380,10:30,14:30,180,PARTIAL,4,1,,,SCALE_INSUFFICIENT,,True,,,,SCALE_UNAVAILABLE,WINDOW_OBSERVED,0,0,0,False,0,0,False,INHERITED_RAW_PRICE_BASIS,False,False
2025-07-23|72380,2025-07-23,72380,10:30,14:35,185,COMPLETE,5,0,DOWN,-0.9259259259259259,SCALE_INSUFFICIENT,,True,,,,SCALE_UNAVAILABLE,OBSERVATION_INSUFFICIENT,1,0,0,False,0,0,False,INHERITED_RAW_PRICE_BASIS,False,False
2025-07-23|72380,2025-07-23,72380,10:30,14:40,190,COMPLETE,5,0,UNCHANGED,0.0,SCALE_INSUFFICIENT,,True,,,RANGE_COMPRESSION|VOLUME_EXPANSION|TRADING_VALUE_EXPANSION,SCALE_UNAVAILABLE,OBSERVATION_INSUFFICIENT,3,0,0,False,0,0,False,INHERITED_RAW_PRICE_BASIS,True,False
2025-07-23|72380,2025-07-23,72380,10:30,14:45,195,PARTIAL,4,1,,,SCALE_INSUFFICIENT,,True,,,,SCALE_UNAVAILABLE,OBSERVATION_INSUFFICIENT,2,0,0,False,0,0,False,INHERITED_RAW_PRICE_BASIS,False,False
2025-07-23|72380,2025-07-23,72380,10:30,14:50,200,PARTIAL,3,2,,,SCALE_INSUFFICIENT,,True,,,,CURRENT_BAR_UNAVAILABLE,WINDOW_OBSERVED,0,0,0,False,0,0,False,INHERITED_RAW_PRICE_BASIS,False,False
2025-07-23|72380,2025-07-23,72380,10:30,14:55,205,COMPLETE,5,0,UNCHANGED,0.0,SCALE_INSUFFICIENT,,True,,,,SCALE_UNAVAILABLE,OBSERVATION_INSUFFICIENT,2,0,0,False,0,0,False,INHERITED_RAW_PRICE_BASIS,False,False
2025-07-23|72380,2025-07-23,72380,10:30,15:00,210,COMPLETE,5,0,UNCHANGED,0.0,SCALE_INSUFFICIENT,,True,,,VOLUME_EXPANSION|TRADING_VALUE_EXPANSION,SCALE_UNAVAILABLE,OBSERVATION_INSUFFICIENT,3,0,0,False,0,0,False,INHERITED_RAW_PRICE_BASIS,True,False
2025-07-23|72380,2025-07-23,72380,10:30,15:05,215,PARTIAL,3,2,,,SCALE_INSUFFICIENT,,True,,,,SCALE_UNAVAILABLE,OBSERVATION_INSUFFICIENT,1,0,0,False,0,0,False,INHERITED_RAW_PRICE_BASIS,False,False
2025-07-23|72380,2025-07-23,72380,10:30,15:10,220,PARTIAL,4,1,,,SCALE_INSUFFICIENT,,True,,,,SCALE_UNAVAILABLE,OBSERVATION_INSUFFICIENT,2,0,0,False,0,0,False,INHERITED_RAW_PRICE_BASIS,False,False
2025-07-23|72380,2025-07-23,72380,10:30,15:15,225,COMPLETE,5,0,UNCHANGED,0.0,SCALE_INSUFFICIENT,,True,,,,SCALE_UNAVAILABLE,OBSERVATION_INSUFFICIENT,2,0,0,False,0,0,False,INHERITED_RAW_PRICE_BASIS,False,False
2025-07-23|72380,2025-07-23,72380,10:30,15:20,230,PARTIAL,3,2,,,SCALE_INSUFFICIENT,,True,,,,SCALE_UNAVAILABLE,RIGHT_CENSORED,0,0,0,False,0,0,False,INHERITED_RAW_PRICE_BASIS,False,False
2025-07-23|72380,2025-07-23,72380,10:30,15:25,235,COMPLETE,5,0,UNCHANGED,0.0,SCALE_INSUFFICIENT,,True,,,,SCALE_UNAVAILABLE,RIGHT_CENSORED,0,0,0,False,0,0,False,INHERITED_RAW_PRICE_BASIS,False,False
2025-07-23|72560,2025-07-23,72560,15:00,15:00,0,COMPLETE,5,0,DOWN,-2.34375,AVAILABLE,2.0,True,DOWN_STRUCTURE,PROGRESSION,RANGE_COMPRESSION,IDENTIFIED,WINDOW_OBSERVED,0,0,23,False,0,0,True,INHERITED_RAW_PRICE_BASIS,False,False
2025-07-23|72560,2025-07-23,72560,15:00,15:05,5,COMPLETE,5,0,DOWN,-3.1746031746031744,AVAILABLE,2.0,True,DOWN_STRUCTURE,PROGRESSION,RANGE_EXPANSION,IDENTIFIED,WINDOW_OBSERVED,0,0,23,False,0,0,True,INHERITED_RAW_PRICE_BASIS,True,False
2025-07-23|72560,2025-07-23,72560,15:00,15:10,10,COMPLETE,5,0,DOWN,-0.819672131147541,AVAILABLE,2.0,True,DOWN_STRUCTURE,,CHOPPINESS|RANGE_COMPRESSION|VOLUME_COMPRESSION|TRADING_VALUE_COMPRESSION,IDENTIFIED,WINDOW_OBSERVED,0,1,24,False,0,0,True,INHERITED_RAW_PRICE_BASIS,True,True
2025-07-23|72560,2025-07-23,72560,15:00,15:15,15,COMPLETE,5,0,UP,4.132231404958677,AVAILABLE,2.0,True,DOWN_STRUCTURE,,RANGE_EXPANSION,IDENTIFIED,WINDOW_OBSERVED,0,1,25,False,0,0,True,INHERITED_RAW_PRICE_BASIS,True,False
2025-07-23|72560,2025-07-23,72560,15:00,15:20,20,COMPLETE,5,0,DOWN,-1.6,AVAILABLE,2.0,True,DOWN_STRUCTURE,,CHOPPINESS|RANGE_COMPRESSION,IDENTIFIED,RIGHT_CENSORED,0,1,26,False,0,0,True,INHERITED_RAW_PRICE_BASIS,True,False
2025-07-23|72560,2025-07-23,72560,15:00,15:25,25,COMPLETE,5,0,UNCHANGED,0.0,AVAILABLE,2.0,True,DOWN_STRUCTURE,PROGRESSION,,IDENTIFIED,RIGHT_CENSORED,0,0,27,False,0,0,True,INHERITED_RAW_PRICE_BASIS,True,True
2025-07-23|74220,2025-07-23,74220,10:00,10:00,0,COMPLETE,5,0,DOWN,-0.9291521486643438,SCALE_INSUFFICIENT,,True,,,,SCALE_UNAVAILABLE,WINDOW_OBSERVED,0,0,0,False,0,0,False,INHERITED_RAW_PRICE_BASIS,False,False
2025-07-23|74220,2025-07-23,74220,10:00,10:05,5,COMPLETE,5,0,DOWN,-3.2863849765258215,SCALE_INSUFFICIENT,,True,,,,SCALE_UNAVAILABLE,WINDOW_OBSERVED,0,0,0,False,0,0,False,INHERITED_RAW_PRICE_BASIS,True,False
2025-07-23|74220,2025-07-23,74220,10:00,10:10,10,COMPLETE,5,0,UP,1.3349514563106797,SCALE_INSUFFICIENT,,True,,,VOLUME_EXPANSION|TRADING_VALUE_EXPANSION,SCALE_UNAVAILABLE,WINDOW_OBSERVED,0,0,0,False,0,0,False,INHERITED_RAW_PRICE_BASIS,True,False
2025-07-23|74220,2025-07-23,74220,10:00,10:15,15,COMPLETE,5,0,DOWN,-0.9685230024213075,SCALE_INSUFFICIENT,,True,,,RANGE_COMPRESSION|VOLUME_COMPRESSION|TRADING_VALUE_COMPRESSION,SCALE_UNAVAILABLE,WINDOW_OBSERVED,0,0,0,False,0,0,False,INHERITED_RAW_PRICE_BASIS,True,False
2025-07-23|74220,2025-07-23,74220,10:00,10:20,20,COMPLETE,5,0,DOWN,-0.3671970624235006,SCALE_INSUFFICIENT,,True,,,,SCALE_UNAVAILABLE,WINDOW_OBSERVED,0,0,0,False,0,0,False,INHERITED_RAW_PRICE_BASIS,True,False
2025-07-23|74220,2025-07-23,74220,10:00,10:25,25,COMPLETE,5,0,UP,0.2457002457002457,SCALE_INSUFFICIENT,,True,,,,SCALE_UNAVAILABLE,WINDOW_OBSERVED,0,0,0,False,0,0,False,INHERITED_RAW_PRICE_BASIS,True,False
2025-07-23|74220,2025-07-23,74220,10:00,10:30,30,COMPLETE,5,0,DOWN,-0.12239902080783353,SCALE_INSUFFICIENT,,True,,,VOLUME_COMPRESSION|TRADING_VALUE_COMPRESSION,SCALE_UNAVAILABLE,WINDOW_OBSERVED,0,0,0,False,0,0,False,INHERITED_RAW_PRICE_BASIS,True,False
2025-07-23|74220,2025-07-23,74220,10:00,10:35,35,COMPLETE,5,0,DOWN,-0.12254901960784313,SCALE_INSUFFICIENT,,True,,,VOLUME_EXPANSION|TRADING_VALUE_EXPANSION,SCALE_UNAVAILABLE,WINDOW_OBSERVED,0,0,0,False,0,0,False,INHERITED_RAW_PRICE_BASIS,True,False
2025-07-23|74220,2025-07-23,74220,10:00,10:40,40,COMPLETE,5,0,UP,0.6157635467980296,SCALE_INSUFFICIENT,,True,,,VOLUME_COMPRESSION|TRADING_VALUE_COMPRESSION,SCALE_UNAVAILABLE,OBSERVATION_INSUFFICIENT,2,0,0,False,0,0,False,INHERITED_RAW_PRICE_BASIS,True,False
2025-07-23|74220,2025-07-23,74220,10:00,10:45,45,COMPLETE,5,0,UP,0.24390243902439024,SCALE_INSUFFICIENT,,True,,,RANGE_COMPRESSION,SCALE_UNAVAILABLE,OBSERVATION_INSUFFICIENT,2,0,0,False,0,0,False,INHERITED_RAW_PRICE_BASIS,True,False
2025-07-23|74220,2025-07-23,74220,10:00,10:50,50,PARTIAL,3,2,,,SCALE_INSUFFICIENT,,True,,,,CURRENT_BAR_UNAVAILABLE,WINDOW_OBSERVED,0,0,0,False,0,0,False,INHERITED_RAW_PRICE_BASIS,False,False
2025-07-23|74220,2025-07-23,74220,10:00,10:55,55,COMPLETE,5,0,UP,0.48721071863581,SCALE_INSUFFICIENT,,True,,,,SCALE_UNAVAILABLE,OBSERVATION_INSUFFICIENT,1,0,0,False,0,0,False,INHERITED_RAW_PRICE_BASIS,False,False
2025-07-23|74220,2025-07-23,74220,10:00,11:00,60,COMPLETE,5,0,DOWN,-0.3640776699029126,SCALE_INSUFFICIENT,,True,,,,SCALE_UNAVAILABLE,OBSERVATION_INSUFFICIENT,1,0,0,False,0,0,False,INHERITED_RAW_PRICE_BASIS,True,False
2025-07-23|74220,2025-07-23,74220,10:00,11:05,65,PARTIAL,4,1,,,SCALE_INSUFFICIENT,,True,,,,SCALE_UNAVAILABLE,WINDOW_OBSERVED,0,0,0,False,0,0,False,INHERITED_RAW_PRICE_BASIS,False,False
2025-07-23|74220,2025-07-23,74220,10:00,11:10,70,COMPLETE,5,0,DOWN,-0.7255139056831923,SCALE_INSUFFICIENT,,True,,,,SCALE_UNAVAILABLE,OBSERVATION_INSUFFICIENT,1,0,0,False,0,0,False,INHERITED_RAW_PRICE_BASIS,False,False
2025-07-23|74220,2025-07-23,74220,10:00,11:15,75,COMPLETE,5,0,UP,0.36496350364963503,SCALE_INSUFFICIENT,,True,,,,SCALE_UNAVAILABLE,OBSERVATION_INSUFFICIENT,1,0,0,False,0,0,False,INHERITED_RAW_PRICE_BASIS,True,False
2025-07-23|74220,2025-07-23,74220,10:00,11:20,80,PARTIAL,4,1,,,SCALE_INSUFFICIENT,,True,,,,SCALE_UNAVAILABLE,OBSERVATION_INSUFFICIENT,1,0,0,False,0,0,False,INHERITED_RAW_PRICE_BASIS,False,False
2025-07-23|74220,2025-07-23,74220,10:00,11:25,85,COMPLETE,5,0,UP,0.12048192771084337,SCALE_INSUFFICIENT,,True,,,,SCALE_UNAVAILABLE,OBSERVATION_INSUFFICIENT,1,0,0,False,0,0,False,INHERITED_RAW_PRICE_BASIS,False,False
2025-07-23|74220,2025-07-23,74220,10:00,11:30,90,PARTIAL,4,1,,,SCALE_INSUFFICIENT,,True,,,,SCALE_UNAVAILABLE,OBSERVATION_INSUFFICIENT,1,0,0,False,0,0,False,INHERITED_RAW_PRICE_BASIS,False,False
2025-07-23|74220,2025-07-23,74220,10:00,12:35,95,COMPLETE,5,0,DOWN,-0.36101083032490977,SCALE_INSUFFICIENT,,True,,,,SCALE_UNAVAILABLE,OBSERVATION_INSUFFICIENT,1,0,0,False,0,0,False,INHERITED_RAW_PRICE_BASIS,False,False
2025-07-23|74220,2025-07-23,74220,10:00,12:40,100,PARTIAL,4,1,,,SCALE_INSUFFICIENT,,True,,,,SCALE_UNAVAILABLE,WINDOW_OBSERVED,0,0,0,False,0,0,False,INHERITED_RAW_PRICE_BASIS,False,False
2025-07-23|74220,2025-07-23,74220,10:00,12:45,105,COMPLETE,5,0,DOWN,-0.3640776699029126,SCALE_INSUFFICIENT,,True,,,,SCALE_UNAVAILABLE,WINDOW_OBSERVED,0,0,0,False,0,0,False,INHERITED_RAW_PRICE_BASIS,False,False
2025-07-23|74220,2025-07-23,74220,10:00,12:50,110,COMPLETE,5,0,DOWN,-0.730816077953715,SCALE_INSUFFICIENT,,True,,,VOLUME_COMPRESSION|TRADING_VALUE_COMPRESSION,SCALE_UNAVAILABLE,OBSERVATION_INSUFFICIENT,2,0,0,False,0,0,False,INHERITED_RAW_PRICE_BASIS,True,False
2025-07-23|74220,2025-07-23,74220,10:00,12:55,115,COMPLETE,5,0,DOWN,-0.12285012285012285,SCALE_INSUFFICIENT,,True,,,RANGE_COMPRESSION,SCALE_UNAVAILABLE,OBSERVATION_INSUFFICIENT,2,0,0,False,0,0,False,INHERITED_RAW_PRICE_BASIS,True,False
2025-07-23|74220,2025-07-23,74220,10:00,13:00,120,PARTIAL,3,2,,,SCALE_INSUFFICIENT,,True,,,,SCALE_UNAVAILABLE,OBSERVATION_INSUFFICIENT,1,0,0,False,0,0,False,INHERITED_RAW_PRICE_BASIS,False,False
2025-07-23|74220,2025-07-23,74220,10:00,13:05,125,COMPLETE,5,0,DOWN,-0.4914004914004914,SCALE_INSUFFICIENT,,True,,,,SCALE_UNAVAILABLE,OBSERVATION_INSUFFICIENT,2,0,0,False,0,0,False,INHERITED_RAW_PRICE_BASIS,False,False
2025-07-23|74220,2025-07-23,74220,10:00,13:10,130,PARTIAL,4,1,,,SCALE_INSUFFICIENT,,True,,,,SCALE_UNAVAILABLE,OBSERVATION_INSUFFICIENT,2,0,0,False,0,0,False,INHERITED_RAW_PRICE_BASIS,False,False
2025-07-23|74220,2025-07-23,74220,10:00,13:15,135,PARTIAL,4,1,,,SCALE_INSUFFICIENT,,True,,,,SCALE_UNAVAILABLE,OBSERVATION_INSUFFICIENT,3,0,0,False,0,0,False,INHERITED_RAW_PRICE_BASIS,False,False
2025-07-23|74220,2025-07-23,74220,10:00,13:20,140,PARTIAL,4,1,,,SCALE_INSUFFICIENT,,True,,,,CURRENT_BAR_UNAVAILABLE,OBSERVATION_INSUFFICIENT,4,0,0,False,0,0,False,INHERITED_RAW_PRICE_BASIS,False,False
2025-07-23|74220,2025-07-23,74220,10:00,13:25,145,PARTIAL,3,2,,,SCALE_INSUFFICIENT,,True,,,,CURRENT_BAR_UNAVAILABLE,OBSERVATION_INSUFFICIENT,2,0,0,False,0,0,False,INHERITED_RAW_PRICE_BASIS,False,False
2025-07-23|74220,2025-07-23,74220,10:00,13:30,150,PARTIAL,3,2,,,SCALE_INSUFFICIENT,,True,,,,SCALE_UNAVAILABLE,OBSERVATION_INSUFFICIENT,1,0,0,False,0,0,False,INHERITED_RAW_PRICE_BASIS,False,False
2025-07-23|74220,2025-07-23,74220,10:00,13:35,155,COMPLETE,5,0,UP,0.24721878862793573,SCALE_INSUFFICIENT,,True,,,,SCALE_UNAVAILABLE,OBSERVATION_INSUFFICIENT,3,0,0,False,0,0,False,INHERITED_RAW_PRICE_BASIS,False,False
2025-07-23|74220,2025-07-23,74220,10:00,13:40,160,PARTIAL,4,1,,,SCALE_INSUFFICIENT,,True,,,,SCALE_UNAVAILABLE,OBSERVATION_INSUFFICIENT,3,0,0,False,0,0,False,INHERITED_RAW_PRICE_BASIS,False,False
2025-07-23|74220,2025-07-23,74220,10:00,13:45,165,PARTIAL,3,2,,,SCALE_INSUFFICIENT,,True,,,,SCALE_UNAVAILABLE,OBSERVATION_INSUFFICIENT,1,0,0,False,0,0,False,INHERITED_RAW_PRICE_BASIS,False,False
2025-07-23|74220,2025-07-23,74220,10:00,13:50,170,PARTIAL,4,1,,,SCALE_INSUFFICIENT,,True,,,,SCALE_UNAVAILABLE,OBSERVATION_INSUFFICIENT,1,0,0,False,0,0,False,INHERITED_RAW_PRICE_BASIS,False,False
2025-07-23|74220,2025-07-23,74220,10:00,13:55,175,COMPLETE,5,0,DOWN,-0.24875621890547264,SCALE_INSUFFICIENT,,True,,,,SCALE_UNAVAILABLE,OBSERVATION_INSUFFICIENT,2,0,0,False,0,0,False,INHERITED_RAW_PRICE_BASIS,False,False
2025-07-23|74220,2025-07-23,74220,10:00,14:00,180,PARTIAL,4,1,,,SCALE_INSUFFICIENT,,True,,,,SCALE_UNAVAILABLE,OBSERVATION_INSUFFICIENT,1,0,0,False,0,0,False,INHERITED_RAW_PRICE_BASIS,False,False
2025-07-23|74220,2025-07-23,74220,10:00,14:05,185,PARTIAL,4,1,,,SCALE_INSUFFICIENT,,True,,,,CURRENT_BAR_UNAVAILABLE,OBSERVATION_INSUFFICIENT,1,0,0,False,2,1,False,INHERITED_RAW_PRICE_BASIS,False,False
2025-07-23|74220,2025-07-23,74220,10:00,14:10,190,COMPLETE,5,0,DOWN,-0.628140703517588,SCALE_INSUFFICIENT,,True,,,,SCALE_UNAVAILABLE,OBSERVATION_INSUFFICIENT,2,0,0,False,0,0,False,INHERITED_RAW_PRICE_BASIS,False,False
2025-07-23|74220,2025-07-23,74220,10:00,14:15,195,PARTIAL,4,1,,,SCALE_INSUFFICIENT,,True,,,,SCALE_UNAVAILABLE,OBSERVATION_INSUFFICIENT,2,0,0,False,0,0,False,INHERITED_RAW_PRICE_BASIS,False,False
2025-07-23|74220,2025-07-23,74220,10:00,14:20,200,PARTIAL,4,1,,,SCALE_INSUFFICIENT,,True,,,,SCALE_UNAVAILABLE,OBSERVATION_INSUFFICIENT,1,0,0,False,0,0,False,INHERITED_RAW_PRICE_BASIS,False,False
2025-07-23|74220,2025-07-23,74220,10:00,14:25,205,PARTIAL,4,1,,,SCALE_INSUFFICIENT,,True,,,,CURRENT_BAR_UNAVAILABLE,OBSERVATION_INSUFFICIENT,2,0,0,False,0,0,False,INHERITED_RAW_PRICE_BASIS,False,False
2025-07-23|74220,2025-07-23,74220,10:00,14:30,210,COMPLETE,5,0,UP,1.272264631043257,SCALE_INSUFFICIENT,,True,,,,SCALE_UNAVAILABLE,OBSERVATION_INSUFFICIENT,3,0,0,False,0,0,False,INHERITED_RAW_PRICE_BASIS,False,False
2025-07-23|74220,2025-07-23,74220,10:00,14:35,215,PARTIAL,3,2,,,SCALE_INSUFFICIENT,,True,,,,CURRENT_BAR_UNAVAILABLE,OBSERVATION_INSUFFICIENT,3,0,0,False,0,0,False,INHERITED_RAW_PRICE_BASIS,False,False
2025-07-23|74220,2025-07-23,74220,10:00,14:40,220,PARTIAL,4,1,,,SCALE_INSUFFICIENT,,True,,,,CURRENT_BAR_UNAVAILABLE,OBSERVATION_INSUFFICIENT,3,0,0,False,0,0,False,INHERITED_RAW_PRICE_BASIS,False,False
2025-07-23|74220,2025-07-23,74220,10:00,14:45,225,PARTIAL,3,2,,,SCALE_INSUFFICIENT,,True,,,,CURRENT_BAR_UNAVAILABLE,OBSERVATION_INSUFFICIENT,3,0,0,False,0,0,False,INHERITED_RAW_PRICE_BASIS,False,False
2025-07-23|74220,2025-07-23,74220,10:00,14:50,230,PARTIAL,4,1,,,SCALE_INSUFFICIENT,,True,,,,SCALE_UNAVAILABLE,OBSERVATION_INSUFFICIENT,3,0,0,False,0,0,False,INHERITED_RAW_PRICE_BASIS,False,False
2025-07-23|74220,2025-07-23,74220,10:00,14:55,235,PARTIAL,3,2,,,SCALE_INSUFFICIENT,,True,,,,CURRENT_BAR_UNAVAILABLE,OBSERVATION_INSUFFICIENT,3,0,0,False,0,0,False,INHERITED_RAW_PRICE_BASIS,False,False
2025-07-23|74220,2025-07-23,74220,10:00,15:00,240,PARTIAL,4,1,,,SCALE_INSUFFICIENT,,True,,,,SCALE_UNAVAILABLE,OBSERVATION_INSUFFICIENT,2,0,0,False,0,0,False,INHERITED_RAW_PRICE_BASIS,False,False
2025-07-23|74220,2025-07-23,74220,10:00,15:05,245,PARTIAL,3,2,,,SCALE_INSUFFICIENT,,True,,,,SCALE_UNAVAILABLE,WINDOW_OBSERVED,0,0,0,False,0,0,False,INHERITED_RAW_PRICE_BASIS,False,False
2025-07-23|74220,2025-07-23,74220,10:00,15:10,250,COMPLETE,5,0,DOWN,-1.2706480304955527,SCALE_INSUFFICIENT,,True,,,,SCALE_UNAVAILABLE,WINDOW_OBSERVED,0,0,0,False,1,1,False,INHERITED_RAW_PRICE_BASIS,False,False
2025-07-23|74220,2025-07-23,74220,10:00,15:15,255,COMPLETE,5,0,UP,1.0282776349614395,SCALE_INSUFFICIENT,,True,,,,SCALE_UNAVAILABLE,WINDOW_OBSERVED,0,0,0,False,2,2,False,INHERITED_RAW_PRICE_BASIS,True,False
2025-07-23|74220,2025-07-23,74220,10:00,15:20,260,COMPLETE,5,0,UNCHANGED,0.0,SCALE_INSUFFICIENT,,True,,,RANGE_COMPRESSION|VOLUME_COMPRESSION|TRADING_VALUE_COMPRESSION,SCALE_UNAVAILABLE,RIGHT_CENSORED,0,0,0,False,0,0,False,INHERITED_RAW_PRICE_BASIS,True,False
2025-07-23|74220,2025-07-23,74220,10:00,15:25,265,COMPLETE,5,0,UP,0.6369426751592356,SCALE_INSUFFICIENT,,True,,,RANGE_EXPANSION|VOLUME_EXPANSION|TRADING_VALUE_EXPANSION,SCALE_UNAVAILABLE,RIGHT_CENSORED,0,0,0,False,0,0,False,INHERITED_RAW_PRICE_BASIS,True,False
2025-07-23|78780,2025-07-23,78780,10:30,10:30,0,COMPLETE,5,0,DOWN,-6.617647058823529,SCALE_INSUFFICIENT,,True,,,RANGE_EXPANSION|VOLUME_EXPANSION|TRADING_VALUE_EXPANSION,SCALE_UNAVAILABLE,OBSERVATION_INSUFFICIENT,5,0,0,False,3,4,False,INHERITED_RAW_PRICE_BASIS,False,False
2025-07-23|78780,2025-07-23,78780,10:30,10:35,5,PARTIAL,3,2,,,SCALE_INSUFFICIENT,,True,,,,SCALE_UNAVAILABLE,OBSERVATION_INSUFFICIENT,7,0,0,False,1,0,False,INHERITED_RAW_PRICE_BASIS,False,False
2025-07-23|78780,2025-07-23,78780,10:30,10:40,10,PARTIAL,2,3,,,SCALE_INSUFFICIENT,,True,,,,SCALE_UNAVAILABLE,OBSERVATION_INSUFFICIENT,7,0,0,False,0,0,False,INHERITED_RAW_PRICE_BASIS,False,False
2025-07-23|78780,2025-07-23,78780,10:30,10:45,15,PARTIAL,1,4,,,SCALE_INSUFFICIENT,,True,,,,SCALE_UNAVAILABLE,OBSERVATION_INSUFFICIENT,8,0,0,False,0,0,False,INHERITED_RAW_PRICE_BASIS,False,False
2025-07-23|78780,2025-07-23,78780,10:30,10:50,20,PARTIAL,2,3,,,SCALE_INSUFFICIENT,,True,,,,CURRENT_BAR_UNAVAILABLE,OBSERVATION_INSUFFICIENT,10,0,0,False,0,0,False,INHERITED_RAW_PRICE_BASIS,False,False
2025-07-23|78780,2025-07-23,78780,10:30,10:55,25,UNAVAILABLE,0,5,,,SCALE_INSUFFICIENT,,True,,,,CURRENT_BAR_UNAVAILABLE,OBSERVATION_INSUFFICIENT,10,0,0,False,0,0,False,INHERITED_RAW_PRICE_BASIS,False,False
2025-07-23|78780,2025-07-23,78780,10:30,11:00,30,UNAVAILABLE,0,5,,,SCALE_INSUFFICIENT,,True,,,,CURRENT_BAR_UNAVAILABLE,OBSERVATION_INSUFFICIENT,8,0,0,False,0,0,False,INHERITED_RAW_PRICE_BASIS,False,False
2025-07-23|78780,2025-07-23,78780,10:30,11:05,35,UNAVAILABLE,0,5,,,SCALE_INSUFFICIENT,,True,,,,CURRENT_BAR_UNAVAILABLE,OBSERVATION_INSUFFICIENT,7,0,0,False,0,0,False,INHERITED_RAW_PRICE_BASIS,False,False
2025-07-23|78780,2025-07-23,78780,10:30,11:10,40,PARTIAL,2,3,,,SCALE_INSUFFICIENT,,True,,,,CURRENT_BAR_UNAVAILABLE,OBSERVATION_INSUFFICIENT,9,0,0,False,0,0,False,INHERITED_RAW_PRICE_BASIS,False,False
2025-07-23|78780,2025-07-23,78780,10:30,11:15,45,PARTIAL,1,4,,,SCALE_INSUFFICIENT,,True,,,,SCALE_UNAVAILABLE,OBSERVATION_INSUFFICIENT,10,0,0,False,0,0,False,INHERITED_RAW_PRICE_BASIS,False,False
2025-07-23|78780,2025-07-23,78780,10:30,11:20,50,UNAVAILABLE,0,5,,,SCALE_INSUFFICIENT,,True,,,,CURRENT_BAR_UNAVAILABLE,OBSERVATION_INSUFFICIENT,6,0,0,False,0,0,False,INHERITED_RAW_PRICE_BASIS,False,False
2025-07-23|78780,2025-07-23,78780,10:30,11:25,55,UNAVAILABLE,0,5,,,SCALE_INSUFFICIENT,,True,,,,CURRENT_BAR_UNAVAILABLE,OBSERVATION_INSUFFICIENT,2,0,0,False,0,0,False,INHERITED_RAW_PRICE_BASIS,False,False
2025-07-23|78780,2025-07-23,78780,10:30,11:30,60,PARTIAL,4,1,,,SCALE_INSUFFICIENT,,True,,,,SCALE_UNAVAILABLE,OBSERVATION_INSUFFICIENT,3,0,0,False,1,1,False,INHERITED_RAW_PRICE_BASIS,False,False
2025-07-23|78780,2025-07-23,78780,10:30,12:35,65,PARTIAL,4,1,,,SCALE_INSUFFICIENT,,True,,,,SCALE_UNAVAILABLE,OBSERVATION_INSUFFICIENT,3,0,0,False,0,0,False,INHERITED_RAW_PRICE_BASIS,False,False
2025-07-23|78780,2025-07-23,78780,10:30,12:40,70,PARTIAL,3,2,,,SCALE_INSUFFICIENT,,True,,,,SCALE_UNAVAILABLE,OBSERVATION_INSUFFICIENT,5,0,0,False,0,0,False,INHERITED_RAW_PRICE_BASIS,False,False
2025-07-23|78780,2025-07-23,78780,10:30,12:45,75,PARTIAL,4,1,,,SCALE_INSUFFICIENT,,True,,,,CURRENT_BAR_UNAVAILABLE,OBSERVATION_INSUFFICIENT,6,0,0,False,0,0,False,INHERITED_RAW_PRICE_BASIS,False,False
2025-07-23|78780,2025-07-23,78780,10:30,12:50,80,PARTIAL,1,4,,,SCALE_INSUFFICIENT,,True,,,,CURRENT_BAR_UNAVAILABLE,OBSERVATION_INSUFFICIENT,5,0,0,False,0,0,False,INHERITED_RAW_PRICE_BASIS,False,False
2025-07-23|78780,2025-07-23,78780,10:30,12:55,85,PARTIAL,3,2,,,SCALE_INSUFFICIENT,,True,,,,SCALE_UNAVAILABLE,OBSERVATION_INSUFFICIENT,8,0,0,False,0,0,False,INHERITED_RAW_PRICE_BASIS,False,False
2025-07-23|78780,2025-07-23,78780,10:30,13:00,90,PARTIAL,2,3,,,SCALE_INSUFFICIENT,,True,,,,CURRENT_BAR_UNAVAILABLE,OBSERVATION_INSUFFICIENT,10,0,0,False,0,0,False,INHERITED_RAW_PRICE_BASIS,False,False
2025-07-23|78780,2025-07-23,78780,10:30,13:05,95,UNAVAILABLE,0,5,,,SCALE_INSUFFICIENT,,True,,,,CURRENT_BAR_UNAVAILABLE,OBSERVATION_INSUFFICIENT,10,0,0,False,0,0,False,INHERITED_RAW_PRICE_BASIS,False,False
2025-07-23|78780,2025-07-23,78780,10:30,13:10,100,UNAVAILABLE,0,5,,,SCALE_INSUFFICIENT,,True,,,,CURRENT_BAR_UNAVAILABLE,OBSERVATION_INSUFFICIENT,9,0,0,False,0,0,False,INHERITED_RAW_PRICE_BASIS,False,False
2025-07-23|78780,2025-07-23,78780,10:30,13:15,105,UNAVAILABLE,0,5,,,SCALE_INSUFFICIENT,,True,,,,CURRENT_BAR_UNAVAILABLE,OBSERVATION_INSUFFICIENT,8,0,0,False,0,0,False,INHERITED_RAW_PRICE_BASIS,False,False
2025-07-23|78780,2025-07-23,78780,10:30,13:20,110,PARTIAL,1,4,,,SCALE_INSUFFICIENT,,True,,,,CURRENT_BAR_UNAVAILABLE,OBSERVATION_INSUFFICIENT,8,0,0,False,0,0,False,INHERITED_RAW_PRICE_BASIS,False,False
2025-07-23|78780,2025-07-23,78780,10:30,13:25,115,PARTIAL,1,4,,,SCALE_INSUFFICIENT,,True,,,,SCALE_UNAVAILABLE,OBSERVATION_INSUFFICIENT,8,0,0,False,0,0,False,INHERITED_RAW_PRICE_BASIS,False,False
2025-07-23|78780,2025-07-23,78780,10:30,13:30,120,PARTIAL,1,4,,,SCALE_INSUFFICIENT,,True,,,,CURRENT_BAR_UNAVAILABLE,OBSERVATION_INSUFFICIENT,9,0,0,False,0,0,False,INHERITED_RAW_PRICE_BASIS,False,False
2025-07-23|78780,2025-07-23,78780,10:30,13:35,125,PARTIAL,1,4,,,SCALE_INSUFFICIENT,,True,,,,CURRENT_BAR_UNAVAILABLE,OBSERVATION_INSUFFICIENT,10,0,0,False,0,0,False,INHERITED_RAW_PRICE_BASIS,False,False
2025-07-23|78780,2025-07-23,78780,10:30,13:40,130,UNAVAILABLE,0,5,,,SCALE_INSUFFICIENT,,True,,,,CURRENT_BAR_UNAVAILABLE,OBSERVATION_INSUFFICIENT,10,0,0,False,0,0,False,INHERITED_RAW_PRICE_BASIS,False,False
2025-07-23|78780,2025-07-23,78780,10:30,13:45,135,UNAVAILABLE,0,5,,,SCALE_INSUFFICIENT,,True,,,,CURRENT_BAR_UNAVAILABLE,OBSERVATION_INSUFFICIENT,10,0,0,False,0,0,False,INHERITED_RAW_PRICE_BASIS,False,False
2025-07-23|78780,2025-07-23,78780,10:30,13:50,140,UNAVAILABLE,0,5,,,SCALE_INSUFFICIENT,,True,,,,CURRENT_BAR_UNAVAILABLE,OBSERVATION_INSUFFICIENT,9,0,0,False,0,0,False,INHERITED_RAW_PRICE_BASIS,False,False
2025-07-23|78780,2025-07-23,78780,10:30,13:55,145,UNAVAILABLE,0,5,,,SCALE_INSUFFICIENT,,True,,,,CURRENT_BAR_UNAVAILABLE,OBSERVATION_INSUFFICIENT,6,0,0,False,0,0,False,INHERITED_RAW_PRICE_BASIS,False,False
2025-07-23|78780,2025-07-23,78780,10:30,14:00,150,PARTIAL,1,4,,,SCALE_INSUFFICIENT,,True,,,,CURRENT_BAR_UNAVAILABLE,OBSERVATION_INSUFFICIENT,7,0,0,False,0,0,False,INHERITED_RAW_PRICE_BASIS,False,False
2025-07-23|78780,2025-07-23,78780,10:30,14:05,155,PARTIAL,3,2,,,SCALE_INSUFFICIENT,,True,,,,CURRENT_BAR_UNAVAILABLE,OBSERVATION_INSUFFICIENT,9,0,0,False,0,0,False,INHERITED_RAW_PRICE_BASIS,False,False
2025-07-23|78780,2025-07-23,78780,10:30,14:10,160,UNAVAILABLE,0,5,,,SCALE_INSUFFICIENT,,True,,,,CURRENT_BAR_UNAVAILABLE,OBSERVATION_INSUFFICIENT,9,0,0,False,0,0,False,INHERITED_RAW_PRICE_BASIS,False,False
2025-07-23|78780,2025-07-23,78780,10:30,14:15,165,PARTIAL,1,4,,,SCALE_INSUFFICIENT,,True,,,,CURRENT_BAR_UNAVAILABLE,OBSERVATION_INSUFFICIENT,9,0,0,False,0,0,False,INHERITED_RAW_PRICE_BASIS,False,False
2025-07-23|78780,2025-07-23,78780,10:30,14:20,170,UNAVAILABLE,0,5,,,SCALE_INSUFFICIENT,,True,,,,CURRENT_BAR_UNAVAILABLE,OBSERVATION_INSUFFICIENT,9,0,0,False,0,0,False,INHERITED_RAW_PRICE_BASIS,False,False
2025-07-23|78780,2025-07-23,78780,10:30,14:25,175,PARTIAL,1,4,,,SCALE_INSUFFICIENT,,True,,,,SCALE_UNAVAILABLE,OBSERVATION_INSUFFICIENT,9,0,0,False,0,0,False,INHERITED_RAW_PRICE_BASIS,False,False
2025-07-23|78780,2025-07-23,78780,10:30,14:30,180,UNAVAILABLE,0,5,,,SCALE_INSUFFICIENT,,True,,,,CURRENT_BAR_UNAVAILABLE,OBSERVATION_INSUFFICIENT,8,0,0,False,0,0,False,INHERITED_RAW_PRICE_BASIS,False,False
2025-07-23|78780,2025-07-23,78780,10:30,14:35,185,PARTIAL,1,4,,,SCALE_INSUFFICIENT,,True,,,,CURRENT_BAR_UNAVAILABLE,OBSERVATION_INSUFFICIENT,9,0,0,False,0,0,False,INHERITED_RAW_PRICE_BASIS,False,False
2025-07-23|78780,2025-07-23,78780,10:30,14:40,190,PARTIAL,1,4,,,SCALE_INSUFFICIENT,,True,,,,CURRENT_BAR_UNAVAILABLE,OBSERVATION_INSUFFICIENT,10,0,0,False,0,0,False,INHERITED_RAW_PRICE_BASIS,False,False
2025-07-23|78780,2025-07-23,78780,10:30,14:45,195,UNAVAILABLE,0,5,,,SCALE_INSUFFICIENT,,True,,,,CURRENT_BAR_UNAVAILABLE,OBSERVATION_INSUFFICIENT,9,0,0,False,0,0,False,INHERITED_RAW_PRICE_BASIS,False,False
2025-07-23|78780,2025-07-23,78780,10:30,14:50,200,UNAVAILABLE,0,5,,,SCALE_INSUFFICIENT,,True,,,,CURRENT_BAR_UNAVAILABLE,OBSERVATION_INSUFFICIENT,8,0,0,False,0,0,False,INHERITED_RAW_PRICE_BASIS,False,False
2025-07-23|78780,2025-07-23,78780,10:30,14:55,205,PARTIAL,1,4,,,SCALE_INSUFFICIENT,,True,,,,CURRENT_BAR_UNAVAILABLE,OBSERVATION_INSUFFICIENT,9,0,0,False,0,0,False,INHERITED_RAW_PRICE_BASIS,False,False
2025-07-23|78780,2025-07-23,78780,10:30,15:00,210,PARTIAL,1,4,,,SCALE_INSUFFICIENT,,True,,,,SCALE_UNAVAILABLE,OBSERVATION_INSUFFICIENT,9,0,0,False,0,0,False,INHERITED_RAW_PRICE_BASIS,False,False
2025-07-23|78780,2025-07-23,78780,10:30,15:05,215,UNAVAILABLE,0,5,,,SCALE_INSUFFICIENT,,True,,,,CURRENT_BAR_UNAVAILABLE,OBSERVATION_INSUFFICIENT,9,0,0,False,0,0,False,INHERITED_RAW_PRICE_BASIS,False,False
2025-07-23|78780,2025-07-23,78780,10:30,15:10,220,PARTIAL,1,4,,,SCALE_INSUFFICIENT,,True,,,,CURRENT_BAR_UNAVAILABLE,OBSERVATION_INSUFFICIENT,8,0,0,False,0,0,False,INHERITED_RAW_PRICE_BASIS,False,False
2025-07-23|78780,2025-07-23,78780,10:30,15:15,225,UNAVAILABLE,0,5,,,SCALE_INSUFFICIENT,,True,,,,CURRENT_BAR_UNAVAILABLE,OBSERVATION_INSUFFICIENT,6,0,0,False,0,0,False,INHERITED_RAW_PRICE_BASIS,False,False
2025-07-23|78780,2025-07-23,78780,10:30,15:20,230,PARTIAL,2,3,,,SCALE_INSUFFICIENT,,True,,,,SCALE_UNAVAILABLE,RIGHT_CENSORED,3,0,0,False,0,0,False,INHERITED_RAW_PRICE_BASIS,False,False
2025-07-23|78780,2025-07-23,78780,10:30,15:25,235,PARTIAL,2,3,,,SCALE_INSUFFICIENT,,True,,,,SCALE_UNAVAILABLE,RIGHT_CENSORED,0,0,0,False,0,0,False,INHERITED_RAW_PRICE_BASIS,False,False
2025-07-23|79460,2025-07-23,79460,09:30,09:30,0,PARTIAL,4,1,,,SCALE_INSUFFICIENT,,True,,,,SCALE_UNAVAILABLE,OBSERVATION_INSUFFICIENT,7,0,0,False,0,1,False,INHERITED_RAW_PRICE_BASIS,False,False
2025-07-23|79460,2025-07-23,79460,09:30,09:35,5,PARTIAL,2,3,,,SCALE_INSUFFICIENT,,True,,,,CURRENT_BAR_UNAVAILABLE,OBSERVATION_INSUFFICIENT,6,0,0,False,0,1,False,INHERITED_RAW_PRICE_BASIS,False,False
2025-07-23|79460,2025-07-23,79460,09:30,09:40,10,PARTIAL,1,4,,,SCALE_INSUFFICIENT,,True,,,,CURRENT_BAR_UNAVAILABLE,OBSERVATION_INSUFFICIENT,7,0,0,False,0,0,False,INHERITED_RAW_PRICE_BASIS,False,False
2025-07-23|79460,2025-07-23,79460,09:30,09:45,15,PARTIAL,3,2,,,SCALE_INSUFFICIENT,,True,,,,CURRENT_BAR_UNAVAILABLE,OBSERVATION_INSUFFICIENT,8,0,0,False,0,0,False,INHERITED_RAW_PRICE_BASIS,False,False
2025-07-23|79460,2025-07-23,79460,09:30,09:50,20,UNAVAILABLE,0,5,,,SCALE_INSUFFICIENT,,True,,,,CURRENT_BAR_UNAVAILABLE,OBSERVATION_INSUFFICIENT,7,0,0,False,0,0,False,INHERITED_RAW_PRICE_BASIS,False,False
2025-07-23|79460,2025-07-23,79460,09:30,09:55,25,PARTIAL,2,3,,,SCALE_INSUFFICIENT,,True,,,,SCALE_UNAVAILABLE,OBSERVATION_INSUFFICIENT,9,0,0,False,0,0,False,INHERITED_RAW_PRICE_BASIS,False,False
2025-07-23|79460,2025-07-23,79460,09:30,10:00,30,PARTIAL,1,4,,,SCALE_INSUFFICIENT,,True,,,,CURRENT_BAR_UNAVAILABLE,OBSERVATION_INSUFFICIENT,10,0,0,False,0,0,False,INHERITED_RAW_PRICE_BASIS,False,False
2025-07-23|79460,2025-07-23,79460,09:30,10:05,35,UNAVAILABLE,0,5,,,SCALE_INSUFFICIENT,,True,,,,CURRENT_BAR_UNAVAILABLE,OBSERVATION_INSUFFICIENT,10,0,0,False,0,0,False,INHERITED_RAW_PRICE_BASIS,False,False
2025-07-23|79460,2025-07-23,79460,09:30,10:10,40,UNAVAILABLE,0,5,,,SCALE_INSUFFICIENT,,True,,,,CURRENT_BAR_UNAVAILABLE,OBSERVATION_INSUFFICIENT,9,0,0,False,0,0,False,INHERITED_RAW_PRICE_BASIS,False,False
2025-07-23|79460,2025-07-23,79460,09:30,10:15,45,UNAVAILABLE,0,5,,,SCALE_INSUFFICIENT,,True,,,,CURRENT_BAR_UNAVAILABLE,OBSERVATION_INSUFFICIENT,7,0,0,False,0,0,False,INHERITED_RAW_PRICE_BASIS,False,False
2025-07-23|79460,2025-07-23,79460,09:30,10:20,50,PARTIAL,1,4,,,SCALE_INSUFFICIENT,,True,,,,CURRENT_BAR_UNAVAILABLE,OBSERVATION_INSUFFICIENT,6,0,0,False,0,0,False,INHERITED_RAW_PRICE_BASIS,False,False
2025-07-23|79460,2025-07-23,79460,09:30,10:25,55,PARTIAL,2,3,,,SCALE_INSUFFICIENT,,True,,,,CURRENT_BAR_UNAVAILABLE,OBSERVATION_INSUFFICIENT,7,0,0,False,0,0,False,INHERITED_RAW_PRICE_BASIS,False,False
2025-07-23|79460,2025-07-23,79460,09:30,10:30,60,PARTIAL,2,3,,,SCALE_INSUFFICIENT,,True,,,,SCALE_UNAVAILABLE,OBSERVATION_INSUFFICIENT,8,0,0,False,0,0,False,INHERITED_RAW_PRICE_BASIS,False,False
2025-07-23|79460,2025-07-23,79460,09:30,10:35,65,PARTIAL,1,4,,,SCALE_INSUFFICIENT,,True,,,,CURRENT_BAR_UNAVAILABLE,OBSERVATION_INSUFFICIENT,4,0,0,False,0,0,False,INHERITED_RAW_PRICE_BASIS,False,False
2025-07-23|79460,2025-07-23,79460,09:30,10:40,70,PARTIAL,1,4,,,SCALE_INSUFFICIENT,,True,,,,CURRENT_BAR_UNAVAILABLE,WINDOW_OBSERVED,0,0,0,False,0,0,False,INHERITED_RAW_PRICE_BASIS,False,False
2025-07-23|79460,2025-07-23,79460,09:30,10:45,75,COMPLETE,5,0,UP,8.401768793430195,SCALE_INSUFFICIENT,,True,,,,SCALE_UNAVAILABLE,WINDOW_OBSERVED,0,0,0,False,6,1,False,INHERITED_RAW_PRICE_BASIS,False,False
2025-07-23|79460,2025-07-23,79460,09:30,10:50,80,COMPLETE,5,0,DOWN,-2.3391812865497075,SCALE_INSUFFICIENT,,True,,,RANGE_COMPRESSION,SCALE_UNAVAILABLE,OBSERVATION_INSUFFICIENT,4,0,0,False,2,0,False,INHERITED_RAW_PRICE_BASIS,True,False
2025-07-23|79460,2025-07-23,79460,09:30,10:55,85,COMPLETE,5,0,DOWN,-2.807646356033453,SCALE_INSUFFICIENT,,True,,,VOLUME_COMPRESSION|TRADING_VALUE_COMPRESSION,SCALE_UNAVAILABLE,OBSERVATION_INSUFFICIENT,6,0,0,False,3,0,False,INHERITED_RAW_PRICE_BASIS,True,False
2025-07-23|79460,2025-07-23,79460,09:30,11:00,90,PARTIAL,1,4,,,SCALE_INSUFFICIENT,,True,,,,SCALE_UNAVAILABLE,OBSERVATION_INSUFFICIENT,6,0,0,False,0,0,False,INHERITED_RAW_PRICE_BASIS,False,False
2025-07-23|79460,2025-07-23,79460,09:30,11:05,95,PARTIAL,3,2,,,SCALE_INSUFFICIENT,,True,,,,CURRENT_BAR_UNAVAILABLE,OBSERVATION_INSUFFICIENT,8,0,0,False,0,0,False,INHERITED_RAW_PRICE_BASIS,False,False
2025-07-23|79460,2025-07-23,79460,09:30,11:10,100,PARTIAL,1,4,,,SCALE_INSUFFICIENT,,True,,,,CURRENT_BAR_UNAVAILABLE,OBSERVATION_INSUFFICIENT,8,0,0,False,0,0,False,INHERITED_RAW_PRICE_BASIS,False,False
2025-07-23|79460,2025-07-23,79460,09:30,11:15,105,PARTIAL,1,4,,,SCALE_INSUFFICIENT,,True,,,,SCALE_UNAVAILABLE,OBSERVATION_INSUFFICIENT,9,0,0,False,0,0,False,INHERITED_RAW_PRICE_BASIS,False,False
2025-07-23|79460,2025-07-23,79460,09:30,11:20,110,PARTIAL,1,4,,,SCALE_INSUFFICIENT,,True,,,,CURRENT_BAR_UNAVAILABLE,OBSERVATION_INSUFFICIENT,7,0,0,False,0,0,False,INHERITED_RAW_PRICE_BASIS,False,False
2025-07-23|79460,2025-07-23,79460,09:30,11:25,115,UNAVAILABLE,0,5,,,SCALE_INSUFFICIENT,,True,,,,CURRENT_BAR_UNAVAILABLE,OBSERVATION_INSUFFICIENT,3,0,0,False,0,0,False,INHERITED_RAW_PRICE_BASIS,False,False
2025-07-23|79460,2025-07-23,79460,09:30,11:30,120,PARTIAL,3,2,,,SCALE_INSUFFICIENT,,True,,,,SCALE_UNAVAILABLE,OBSERVATION_INSUFFICIENT,5,0,0,False,0,0,False,INHERITED_RAW_PRICE_BASIS,False,False
2025-07-23|79460,2025-07-23,79460,09:30,12:35,125,PARTIAL,4,1,,,SCALE_INSUFFICIENT,,True,,,,SCALE_UNAVAILABLE,OBSERVATION_INSUFFICIENT,5,0,0,False,0,0,False,INHERITED_RAW_PRICE_BASIS,False,False
2025-07-23|79460,2025-07-23,79460,09:30,12:40,130,PARTIAL,1,4,,,SCALE_INSUFFICIENT,,True,,,,CURRENT_BAR_UNAVAILABLE,OBSERVATION_INSUFFICIENT,4,0,0,False,0,0,False,INHERITED_RAW_PRICE_BASIS,False,False
2025-07-23|79460,2025-07-23,79460,09:30,12:45,135,PARTIAL,4,1,,,SCALE_INSUFFICIENT,,True,,,,CURRENT_BAR_UNAVAILABLE,OBSERVATION_INSUFFICIENT,8,0,0,False,0,0,False,INHERITED_RAW_PRICE_BASIS,False,False
2025-07-23|79460,2025-07-23,79460,09:30,12:50,140,PARTIAL,2,3,,,SCALE_INSUFFICIENT,,True,,,,CURRENT_BAR_UNAVAILABLE,OBSERVATION_INSUFFICIENT,10,0,0,False,0,0,False,INHERITED_RAW_PRICE_BASIS,False,False
2025-07-23|79460,2025-07-23,79460,09:30,12:55,145,UNAVAILABLE,0,5,,,SCALE_INSUFFICIENT,,True,,,,CURRENT_BAR_UNAVAILABLE,OBSERVATION_INSUFFICIENT,9,0,0,False,0,0,False,INHERITED_RAW_PRICE_BASIS,False,False
2025-07-23|79460,2025-07-23,79460,09:30,13:00,150,UNAVAILABLE,0,5,,,SCALE_INSUFFICIENT,,True,,,,CURRENT_BAR_UNAVAILABLE,OBSERVATION_INSUFFICIENT,9,0,0,False,0,0,False,INHERITED_RAW_PRICE_BASIS,False,False
2025-07-23|79460,2025-07-23,79460,09:30,13:05,155,PARTIAL,1,4,,,SCALE_INSUFFICIENT,,True,,,,SCALE_UNAVAILABLE,OBSERVATION_INSUFFICIENT,10,0,0,False,0,0,False,INHERITED_RAW_PRICE_BASIS,False,False
2025-07-23|79460,2025-07-23,79460,09:30,13:10,160,UNAVAILABLE,0,5,,,SCALE_INSUFFICIENT,,True,,,,CURRENT_BAR_UNAVAILABLE,OBSERVATION_INSUFFICIENT,8,0,0,False,0,0,False,INHERITED_RAW_PRICE_BASIS,False,False
2025-07-23|79460,2025-07-23,79460,09:30,13:15,165,UNAVAILABLE,0,5,,,SCALE_INSUFFICIENT,,True,,,,CURRENT_BAR_UNAVAILABLE,OBSERVATION_INSUFFICIENT,6,0,0,False,0,0,False,INHERITED_RAW_PRICE_BASIS,False,False
2025-07-23|79460,2025-07-23,79460,09:30,13:20,170,PARTIAL,2,3,,,SCALE_INSUFFICIENT,,True,,,,CURRENT_BAR_UNAVAILABLE,OBSERVATION_INSUFFICIENT,7,0,0,False,0,0,False,INHERITED_RAW_PRICE_BASIS,False,False
2025-07-23|79460,2025-07-23,79460,09:30,13:25,175,PARTIAL,2,3,,,SCALE_INSUFFICIENT,,True,,,,SCALE_UNAVAILABLE,OBSERVATION_INSUFFICIENT,6,0,0,False,0,0,False,INHERITED_RAW_PRICE_BASIS,False,False
2025-07-23|79460,2025-07-23,79460,09:30,13:30,180,PARTIAL,1,4,,,SCALE_INSUFFICIENT,,True,,,,CURRENT_BAR_UNAVAILABLE,OBSERVATION_INSUFFICIENT,7,0,0,False,0,0,False,INHERITED_RAW_PRICE_BASIS,False,False
2025-07-23|79460,2025-07-23,79460,09:30,13:35,185,PARTIAL,3,2,,,SCALE_INSUFFICIENT,,True,,,,SCALE_UNAVAILABLE,OBSERVATION_INSUFFICIENT,10,0,0,False,0,0,False,INHERITED_RAW_PRICE_BASIS,False,False
2025-07-23|79460,2025-07-23,79460,09:30,13:40,190,UNAVAILABLE,0,5,,,SCALE_INSUFFICIENT,,True,,,,CURRENT_BAR_UNAVAILABLE,OBSERVATION_INSUFFICIENT,7,0,0,False,0,0,False,INHERITED_RAW_PRICE_BASIS,False,False
2025-07-23|79460,2025-07-23,79460,09:30,13:45,195,UNAVAILABLE,0,5,,,SCALE_INSUFFICIENT,,True,,,,CURRENT_BAR_UNAVAILABLE,OBSERVATION_INSUFFICIENT,5,0,0,False,0,0,False,INHERITED_RAW_PRICE_BASIS,False,False
2025-07-23|79460,2025-07-23,79460,09:30,13:50,200,PARTIAL,3,2,,,SCALE_INSUFFICIENT,,True,,,,SCALE_UNAVAILABLE,OBSERVATION_INSUFFICIENT,8,0,0,False,0,0,False,INHERITED_RAW_PRICE_BASIS,False,False
2025-07-23|79460,2025-07-23,79460,09:30,13:55,205,PARTIAL,2,3,,,SCALE_INSUFFICIENT,,True,,,,CURRENT_BAR_UNAVAILABLE,OBSERVATION_INSUFFICIENT,8,0,0,False,0,0,False,INHERITED_RAW_PRICE_BASIS,False,False
2025-07-23|79460,2025-07-23,79460,09:30,14:00,210,UNAVAILABLE,0,5,,,SCALE_INSUFFICIENT,,True,,,,CURRENT_BAR_UNAVAILABLE,OBSERVATION_INSUFFICIENT,6,0,0,False,0,0,False,INHERITED_RAW_PRICE_BASIS,False,False
2025-07-23|79460,2025-07-23,79460,09:30,14:05,215,PARTIAL,2,3,,,SCALE_INSUFFICIENT,,True,,,,CURRENT_BAR_UNAVAILABLE,OBSERVATION_INSUFFICIENT,6,0,0,False,0,0,False,INHERITED_RAW_PRICE_BASIS,False,False
2025-07-23|79460,2025-07-23,79460,09:30,14:10,220,PARTIAL,2,3,,,SCALE_INSUFFICIENT,,True,,,,SCALE_UNAVAILABLE,OBSERVATION_INSUFFICIENT,3,0,0,False,0,0,False,INHERITED_RAW_PRICE_BASIS,False,False
2025-07-23|79460,2025-07-23,79460,09:30,14:15,225,PARTIAL,2,3,,,SCALE_INSUFFICIENT,,True,,,,SCALE_UNAVAILABLE,OBSERVATION_INSUFFICIENT,2,0,0,False,0,0,False,INHERITED_RAW_PRICE_BASIS,False,False
2025-07-23|79460,2025-07-23,79460,09:30,14:20,230,COMPLETE,5,0,UP,2.4698795180722892,SCALE_INSUFFICIENT,,True,,,,SCALE_UNAVAILABLE,OBSERVATION_INSUFFICIENT,2,0,0,False,1,0,False,INHERITED_RAW_PRICE_BASIS,False,False
2025-07-23|79460,2025-07-23,79460,09:30,14:25,235,PARTIAL,3,2,,,SCALE_INSUFFICIENT,,True,,,,CURRENT_BAR_UNAVAILABLE,WINDOW_OBSERVED,0,0,0,False,0,0,False,INHERITED_RAW_PRICE_BASIS,False,False
2025-07-23|79460,2025-07-23,79460,09:30,14:30,240,COMPLETE,5,0,UP,8.4,SCALE_INSUFFICIENT,,True,,,,SCALE_UNAVAILABLE,OBSERVATION_INSUFFICIENT,2,0,0,False,1,1,False,INHERITED_RAW_PRICE_BASIS,False,False
2025-07-23|79460,2025-07-23,79460,09:30,14:35,245,COMPLETE,5,0,DOWN,-2.0063357972544877,SCALE_INSUFFICIENT,,True,,,RANGE_COMPRESSION|VOLUME_COMPRESSION|TRADING_VALUE_COMPRESSION,SCALE_UNAVAILABLE,OBSERVATION_INSUFFICIENT,5,0,0,False,0,0,False,INHERITED_RAW_PRICE_BASIS,True,False
2025-07-23|79460,2025-07-23,79460,09:30,14:40,250,PARTIAL,3,2,,,SCALE_INSUFFICIENT,,True,,,,SCALE_UNAVAILABLE,OBSERVATION_INSUFFICIENT,4,0,0,False,0,0,False,INHERITED_RAW_PRICE_BASIS,False,False
2025-07-23|79460,2025-07-23,79460,09:30,14:45,255,PARTIAL,2,3,,,SCALE_INSUFFICIENT,,True,,,,CURRENT_BAR_UNAVAILABLE,OBSERVATION_INSUFFICIENT,1,0,0,False,0,0,False,INHERITED_RAW_PRICE_BASIS,False,False
2025-07-23|79460,2025-07-23,79460,09:30,14:50,260,PARTIAL,4,1,,,SCALE_INSUFFICIENT,,True,,,,SCALE_UNAVAILABLE,WINDOW_OBSERVED,0,0,0,False,1,0,False,INHERITED_RAW_PRICE_BASIS,False,False
2025-07-23|79460,2025-07-23,79460,09:30,14:55,265,COMPLETE,5,0,UP,3.076923076923077,SCALE_INSUFFICIENT,,True,,,,SCALE_UNAVAILABLE,WINDOW_OBSERVED,0,0,0,False,1,1,False,INHERITED_RAW_PRICE_BASIS,False,False
2025-07-23|79460,2025-07-23,79460,09:30,15:00,270,COMPLETE,5,0,DOWN,-1.7430278884462151,SCALE_INSUFFICIENT,,True,,,VOLUME_COMPRESSION|TRADING_VALUE_COMPRESSION,SCALE_UNAVAILABLE,WINDOW_OBSERVED,0,0,0,False,0,1,False,INHERITED_RAW_PRICE_BASIS,True,False
2025-07-23|79460,2025-07-23,79460,09:30,15:05,275,COMPLETE,5,0,UP,0.9615384615384616,SCALE_INSUFFICIENT,,True,,,VOLUME_COMPRESSION|TRADING_VALUE_COMPRESSION,SCALE_UNAVAILABLE,WINDOW_OBSERVED,0,0,0,False,0,0,False,INHERITED_RAW_PRICE_BASIS,True,False
2025-07-23|79460,2025-07-23,79460,09:30,15:10,280,COMPLETE,5,0,DOWN,-0.7518796992481203,SCALE_INSUFFICIENT,,True,,,RANGE_COMPRESSION,SCALE_UNAVAILABLE,OBSERVATION_INSUFFICIENT,1,0,0,False,0,0,False,INHERITED_RAW_PRICE_BASIS,True,False
2025-07-23|79460,2025-07-23,79460,09:30,15:15,285,COMPLETE,5,0,DOWN,-0.20202020202020202,SCALE_INSUFFICIENT,,True,,,RANGE_EXPANSION|VOLUME_COMPRESSION|TRADING_VALUE_COMPRESSION,SCALE_UNAVAILABLE,OBSERVATION_INSUFFICIENT,2,0,0,False,0,0,False,INHERITED_RAW_PRICE_BASIS,True,False
2025-07-23|79460,2025-07-23,79460,09:30,15:20,290,PARTIAL,4,1,,,SCALE_INSUFFICIENT,,True,,,,SCALE_UNAVAILABLE,RIGHT_CENSORED,1,0,0,False,0,0,False,INHERITED_RAW_PRICE_BASIS,False,False
2025-07-23|79460,2025-07-23,79460,09:30,15:25,295,PARTIAL,4,1,,,SCALE_INSUFFICIENT,,True,,,,SCALE_UNAVAILABLE,RIGHT_CENSORED,0,0,0,False,0,0,False,INHERITED_RAW_PRICE_BASIS,False,False
2025-07-23|82540,2025-07-23,82540,13:00,13:00,0,COMPLETE,5,0,UNCHANGED,0.0,SCALE_INSUFFICIENT,,True,,,,SCALE_UNAVAILABLE,OBSERVATION_INSUFFICIENT,6,0,0,False,0,0,False,INHERITED_RAW_PRICE_BASIS,False,False
2025-07-23|82540,2025-07-23,82540,13:00,13:05,5,PARTIAL,3,2,,,SCALE_INSUFFICIENT,,True,,,,CURRENT_BAR_UNAVAILABLE,OBSERVATION_INSUFFICIENT,7,0,0,False,0,0,False,INHERITED_RAW_PRICE_BASIS,False,False
2025-07-23|82540,2025-07-23,82540,13:00,13:10,10,PARTIAL,1,4,,,SCALE_INSUFFICIENT,,True,,,,CURRENT_BAR_UNAVAILABLE,OBSERVATION_INSUFFICIENT,6,0,0,False,0,0,False,INHERITED_RAW_PRICE_BASIS,False,False
2025-07-23|82540,2025-07-23,82540,13:00,13:15,15,PARTIAL,2,3,,,SCALE_INSUFFICIENT,,True,,,,SCALE_UNAVAILABLE,OBSERVATION_INSUFFICIENT,5,0,0,False,0,0,False,INHERITED_RAW_PRICE_BASIS,False,False
2025-07-23|82540,2025-07-23,82540,13:00,13:20,20,PARTIAL,2,3,,,SCALE_INSUFFICIENT,,True,,,,CURRENT_BAR_UNAVAILABLE,OBSERVATION_INSUFFICIENT,6,0,0,False,0,0,False,INHERITED_RAW_PRICE_BASIS,False,False
2025-07-23|82540,2025-07-23,82540,13:00,13:25,25,PARTIAL,3,2,,,SCALE_INSUFFICIENT,,True,,,,SCALE_UNAVAILABLE,OBSERVATION_INSUFFICIENT,5,0,0,False,0,0,False,INHERITED_RAW_PRICE_BASIS,False,False
2025-07-23|82540,2025-07-23,82540,13:00,13:30,30,PARTIAL,1,4,,,SCALE_INSUFFICIENT,,True,,,,CURRENT_BAR_UNAVAILABLE,OBSERVATION_INSUFFICIENT,1,0,0,False,0,0,False,INHERITED_RAW_PRICE_BASIS,False,False
2025-07-23|82540,2025-07-23,82540,13:00,13:35,35,PARTIAL,4,1,,,SCALE_INSUFFICIENT,,True,,,,CURRENT_BAR_UNAVAILABLE,WINDOW_OBSERVED,0,0,0,False,0,0,False,INHERITED_RAW_PRICE_BASIS,False,False
2025-07-23|82540,2025-07-23,82540,13:00,13:40,40,COMPLETE,5,0,UP,0.8385744234800838,SCALE_INSUFFICIENT,,True,,,,SCALE_UNAVAILABLE,WINDOW_OBSERVED,0,0,0,False,0,0,False,INHERITED_RAW_PRICE_BASIS,False,False
2025-07-23|82540,2025-07-23,82540,13:00,13:45,45,COMPLETE,5,0,DOWN,-2.4742268041237114,SCALE_INSUFFICIENT,,True,,,RANGE_COMPRESSION,SCALE_UNAVAILABLE,OBSERVATION_INSUFFICIENT,2,0,0,False,0,0,False,INHERITED_RAW_PRICE_BASIS,True,False
2025-07-23|82540,2025-07-23,82540,13:00,13:50,50,COMPLETE,5,0,DOWN,-1.6913319238900635,SCALE_INSUFFICIENT,,True,,,RANGE_COMPRESSION|VOLUME_COMPRESSION|TRADING_VALUE_COMPRESSION,SCALE_UNAVAILABLE,OBSERVATION_INSUFFICIENT,5,0,0,False,0,0,False,INHERITED_RAW_PRICE_BASIS,True,False
2025-07-23|82540,2025-07-23,82540,13:00,13:55,55,PARTIAL,3,2,,,SCALE_INSUFFICIENT,,True,,,,SCALE_UNAVAILABLE,OBSERVATION_INSUFFICIENT,5,0,0,False,0,0,False,INHERITED_RAW_PRICE_BASIS,False,False
2025-07-23|82540,2025-07-23,82540,13:00,14:00,60,PARTIAL,2,3,,,SCALE_INSUFFICIENT,,True,,,,SCALE_UNAVAILABLE,OBSERVATION_INSUFFICIENT,3,0,0,False,0,0,False,INHERITED_RAW_PRICE_BASIS,False,False
2025-07-23|82540,2025-07-23,82540,13:00,14:05,65,PARTIAL,3,2,,,SCALE_INSUFFICIENT,,True,,,,CURRENT_BAR_UNAVAILABLE,OBSERVATION_INSUFFICIENT,4,0,0,False,0,0,False,INHERITED_RAW_PRICE_BASIS,False,False
2025-07-23|82540,2025-07-23,82540,13:00,14:10,70,PARTIAL,4,1,,,SCALE_INSUFFICIENT,,True,,,,CURRENT_BAR_UNAVAILABLE,OBSERVATION_INSUFFICIENT,3,0,0,False,0,0,False,INHERITED_RAW_PRICE_BASIS,False,False
2025-07-23|82540,2025-07-23,82540,13:00,14:15,75,PARTIAL,2,3,,,SCALE_INSUFFICIENT,,True,,,,CURRENT_BAR_UNAVAILABLE,OBSERVATION_INSUFFICIENT,2,0,0,False,0,0,False,INHERITED_RAW_PRICE_BASIS,False,False
2025-07-23|82540,2025-07-23,82540,13:00,14:20,80,COMPLETE,5,0,UNCHANGED,0.0,SCALE_INSUFFICIENT,,True,,,,SCALE_UNAVAILABLE,OBSERVATION_INSUFFICIENT,6,0,0,False,0,0,False,INHERITED_RAW_PRICE_BASIS,False,False
2025-07-23|82540,2025-07-23,82540,13:00,14:25,85,PARTIAL,3,2,,,SCALE_INSUFFICIENT,,True,,,,SCALE_UNAVAILABLE,OBSERVATION_INSUFFICIENT,7,0,0,False,0,0,False,INHERITED_RAW_PRICE_BASIS,False,False
2025-07-23|82540,2025-07-23,82540,13:00,14:30,90,PARTIAL,1,4,,,SCALE_INSUFFICIENT,,True,,,,CURRENT_BAR_UNAVAILABLE,OBSERVATION_INSUFFICIENT,5,0,0,False,0,0,False,INHERITED_RAW_PRICE_BASIS,False,False
2025-07-23|82540,2025-07-23,82540,13:00,14:35,95,PARTIAL,2,3,,,SCALE_INSUFFICIENT,,True,,,,CURRENT_BAR_UNAVAILABLE,OBSERVATION_INSUFFICIENT,6,0,0,False,0,0,False,INHERITED_RAW_PRICE_BASIS,False,False
2025-07-23|82540,2025-07-23,82540,13:00,14:40,100,PARTIAL,3,2,,,SCALE_INSUFFICIENT,,True,,,,CURRENT_BAR_UNAVAILABLE,OBSERVATION_INSUFFICIENT,6,0,0,False,0,0,False,INHERITED_RAW_PRICE_BASIS,False,False
2025-07-23|82540,2025-07-23,82540,13:00,14:45,105,PARTIAL,1,4,,,SCALE_INSUFFICIENT,,True,,,,SCALE_UNAVAILABLE,OBSERVATION_INSUFFICIENT,5,0,0,False,0,0,False,INHERITED_RAW_PRICE_BASIS,False,False
2025-07-23|82540,2025-07-23,82540,13:00,14:50,110,PARTIAL,3,2,,,SCALE_INSUFFICIENT,,True,,,,SCALE_UNAVAILABLE,OBSERVATION_INSUFFICIENT,8,0,0,False,0,0,False,INHERITED_RAW_PRICE_BASIS,False,False
2025-07-23|82540,2025-07-23,82540,13:00,14:55,115,PARTIAL,2,3,,,SCALE_INSUFFICIENT,,True,,,,SCALE_UNAVAILABLE,OBSERVATION_INSUFFICIENT,7,0,0,False,0,0,False,INHERITED_RAW_PRICE_BASIS,False,False
2025-07-23|82540,2025-07-23,82540,13:00,15:00,120,UNAVAILABLE,0,5,,,SCALE_INSUFFICIENT,,True,,,,CURRENT_BAR_UNAVAILABLE,OBSERVATION_INSUFFICIENT,7,0,0,False,0,0,False,INHERITED_RAW_PRICE_BASIS,False,False
2025-07-23|82540,2025-07-23,82540,13:00,15:05,125,PARTIAL,3,2,,,SCALE_INSUFFICIENT,,True,,,,CURRENT_BAR_UNAVAILABLE,OBSERVATION_INSUFFICIENT,7,0,0,False,0,0,False,INHERITED_RAW_PRICE_BASIS,False,False
2025-07-23|82540,2025-07-23,82540,13:00,15:10,130,UNAVAILABLE,0,5,,,SCALE_INSUFFICIENT,,True,,,,CURRENT_BAR_UNAVAILABLE,OBSERVATION_INSUFFICIENT,4,0,0,False,0,0,False,INHERITED_RAW_PRICE_BASIS,False,False
2025-07-23|82540,2025-07-23,82540,13:00,15:15,135,PARTIAL,3,2,,,SCALE_INSUFFICIENT,,True,,,,CURRENT_BAR_UNAVAILABLE,OBSERVATION_INSUFFICIENT,4,0,0,False,0,0,False,INHERITED_RAW_PRICE_BASIS,False,False
2025-07-23|82540,2025-07-23,82540,13:00,15:20,140,PARTIAL,3,2,,,SCALE_INSUFFICIENT,,True,,,,SCALE_UNAVAILABLE,RIGHT_CENSORED,2,0,0,False,0,0,False,INHERITED_RAW_PRICE_BASIS,False,False
2025-07-23|82540,2025-07-23,82540,13:00,15:25,145,PARTIAL,3,2,,,SCALE_INSUFFICIENT,,True,,,,SCALE_UNAVAILABLE,RIGHT_CENSORED,0,0,0,False,0,0,False,INHERITED_RAW_PRICE_BASIS,False,False
2025-07-23|87460,2025-07-23,87460,09:30,09:30,0,COMPLETE,5,0,DOWN,-4.0201005025125625,AVAILABLE,8.0,True,DOWN_STRUCTURE,CORRECTION|RECOVERY,,IDENTIFIED,WINDOW_OBSERVED,0,1,4,False,5,5,True,INHERITED_RAW_PRICE_BASIS,False,False
2025-07-23|87460,2025-07-23,87460,09:30,09:35,5,COMPLETE,5,0,UP,2.356020942408377,AVAILABLE,8.0,True,DOWN_STRUCTURE,CORRECTION|RECOVERY,RANGE_COMPRESSION|VOLUME_COMPRESSION|TRADING_VALUE_COMPRESSION,IDENTIFIED,WINDOW_OBSERVED,0,0,4,False,0,0,True,INHERITED_RAW_PRICE_BASIS,True,False
2025-07-23|87460,2025-07-23,87460,09:30,09:40,10,COMPLETE,5,0,DOWN,-1.278772378516624,AVAILABLE,8.0,True,DOWN_STRUCTURE,PROGRESSION,CHOPPINESS,IDENTIFIED,WINDOW_OBSERVED,0,0,5,False,0,0,True,INHERITED_RAW_PRICE_BASIS,True,True
2025-07-23|87460,2025-07-23,87460,09:30,09:45,15,COMPLETE,5,0,DOWN,-1.8134715025906736,AVAILABLE,8.0,True,DOWN_STRUCTURE,CORRECTION|RECOVERY,VOLUME_EXPANSION|TRADING_VALUE_EXPANSION,IDENTIFIED,WINDOW_OBSERVED,0,1,6,False,4,2,True,INHERITED_RAW_PRICE_BASIS,True,True
2025-07-23|87460,2025-07-23,87460,09:30,09:50,20,COMPLETE,5,0,UP,1.8469656992084433,AVAILABLE,8.0,True,DOWN_STRUCTURE,CORRECTION|RECOVERY,VOLUME_COMPRESSION|TRADING_VALUE_COMPRESSION,IDENTIFIED,WINDOW_OBSERVED,0,0,6,False,2,1,True,INHERITED_RAW_PRICE_BASIS,True,False
2025-07-23|87460,2025-07-23,87460,09:30,09:55,25,COMPLETE,5,0,UP,1.8087855297157622,AVAILABLE,8.0,True,DOWN_STRUCTURE,CORRECTION|RECOVERY,,IDENTIFIED,WINDOW_OBSERVED,0,0,6,False,1,0,True,INHERITED_RAW_PRICE_BASIS,True,False
2025-07-23|87460,2025-07-23,87460,09:30,10:00,30,COMPLETE,5,0,UNCHANGED,0.0,AVAILABLE,8.0,True,,RESTRUCTURING,VOLUME_EXPANSION|TRADING_VALUE_EXPANSION,UNRESOLVED_STRUCTURE,WINDOW_OBSERVED,0,0,6,False,12,8,True,INHERITED_RAW_PRICE_BASIS,True,True
2025-07-23|87460,2025-07-23,87460,09:30,10:05,35,COMPLETE,5,0,UP,1.272264631043257,AVAILABLE,8.0,True,,RESTRUCTURING,,UNRESOLVED_STRUCTURE,WINDOW_OBSERVED,0,1,7,False,8,4,True,INHERITED_RAW_PRICE_BASIS,True,False
2025-07-23|87460,2025-07-23,87460,09:30,10:10,40,COMPLETE,5,0,DOWN,-1.0050251256281406,AVAILABLE,8.0,True,UP_STRUCTURE,RECOVERY,CHOPPINESS|RANGE_EXPANSION,IDENTIFIED,WINDOW_OBSERVED,0,1,8,False,7,4,True,INHERITED_RAW_PRICE_BASIS,True,True
2025-07-23|87460,2025-07-23,87460,09:30,10:15,45,COMPLETE,5,0,UP,6.106870229007634,AVAILABLE,8.0,True,UP_STRUCTURE,PROGRESSION,RANGE_EXPANSION|VOLUME_EXPANSION|TRADING_VALUE_EXPANSION,IDENTIFIED,WINDOW_OBSERVED,0,0,8,False,4,4,True,INHERITED_RAW_PRICE_BASIS,True,True
2025-07-23|87460,2025-07-23,87460,09:30,10:20,50,COMPLETE,5,0,UP,3.1325301204819276,AVAILABLE,8.0,True,UP_STRUCTURE,CORRECTION,,IDENTIFIED,WINDOW_OBSERVED,0,1,9,False,0,0,True,INHERITED_RAW_PRICE_BASIS,True,True
2025-07-23|87460,2025-07-23,87460,09:30,10:25,55,COMPLETE,5,0,DOWN,-0.4672897196261682,AVAILABLE,8.0,True,UP_STRUCTURE,CORRECTION,CHOPPINESS,IDENTIFIED,WINDOW_OBSERVED,0,1,11,False,0,0,True,INHERITED_RAW_PRICE_BASIS,True,False
2025-07-23|87460,2025-07-23,87460,09:30,10:30,60,COMPLETE,5,0,DOWN,-0.4694835680751174,AVAILABLE,8.0,True,UP_STRUCTURE,CORRECTION,CHOPPINESS|VOLUME_COMPRESSION|TRADING_VALUE_COMPRESSION,IDENTIFIED,WINDOW_OBSERVED,0,0,11,False,5,1,True,INHERITED_RAW_PRICE_BASIS,True,False
2025-07-23|87460,2025-07-23,87460,09:30,10:35,65,COMPLETE,5,0,DOWN,-7.142857142857143,AVAILABLE,8.0,True,,RESTRUCTURING|RECOVERY,RANGE_EXPANSION|VOLUME_EXPANSION|TRADING_VALUE_EXPANSION,UNRESOLVED_STRUCTURE,WINDOW_OBSERVED,0,0,12,False,3,4,True,INHERITED_RAW_PRICE_BASIS,True,True
2025-07-23|87460,2025-07-23,87460,09:30,10:40,70,COMPLETE,5,0,DOWN,-0.2557544757033248,AVAILABLE,8.0,True,,RESTRUCTURING|RECOVERY,RANGE_COMPRESSION|VOLUME_COMPRESSION|TRADING_VALUE_COMPRESSION,UNRESOLVED_STRUCTURE,WINDOW_OBSERVED,0,0,12,False,0,0,True,INHERITED_RAW_PRICE_BASIS,True,False
2025-07-23|87460,2025-07-23,87460,09:30,10:45,75,COMPLETE,5,0,UP,0.7672634271099744,AVAILABLE,8.0,True,DOWN_STRUCTURE,PROGRESSION,VOLUME_COMPRESSION|TRADING_VALUE_COMPRESSION,IDENTIFIED,WINDOW_OBSERVED,0,1,13,False,3,3,True,INHERITED_RAW_PRICE_BASIS,True,True
2025-07-23|87460,2025-07-23,87460,09:30,10:50,80,COMPLETE,5,0,DOWN,-1.0178117048346056,AVAILABLE,8.0,True,DOWN_STRUCTURE,PROGRESSION,CHOPPINESS|VOLUME_COMPRESSION|TRADING_VALUE_COMPRESSION,IDENTIFIED,WINDOW_OBSERVED,0,0,13,False,0,0,True,INHERITED_RAW_PRICE_BASIS,True,False
2025-07-23|87460,2025-07-23,87460,09:30,10:55,85,COMPLETE,5,0,DOWN,-0.2570694087403599,AVAILABLE,8.0,True,DOWN_STRUCTURE,PROGRESSION,,IDENTIFIED,WINDOW_OBSERVED,0,0,13,False,0,0,True,INHERITED_RAW_PRICE_BASIS,True,False
2025-07-23|87460,2025-07-23,87460,09:30,11:00,90,COMPLETE,5,0,UP,1.0309278350515463,AVAILABLE,8.0,True,DOWN_STRUCTURE,PROGRESSION,CHOPPINESS,IDENTIFIED,WINDOW_OBSERVED,0,0,13,False,0,0,True,INHERITED_RAW_PRICE_BASIS,True,False
2025-07-23|87460,2025-07-23,87460,09:30,11:05,95,COMPLETE,5,0,DOWN,-0.7653061224489796,AVAILABLE,8.0,True,DOWN_STRUCTURE,PROGRESSION,RANGE_COMPRESSION|VOLUME_COMPRESSION|TRADING_VALUE_COMPRESSION,IDENTIFIED,WINDOW_OBSERVED,0,0,13,False,0,0,True,INHERITED_RAW_PRICE_BASIS,True,False
2025-07-23|87460,2025-07-23,87460,09:30,11:10,100,COMPLETE,5,0,UP,0.7712082262210797,AVAILABLE,8.0,True,DOWN_STRUCTURE,PROGRESSION,,IDENTIFIED,WINDOW_OBSERVED,0,0,13,False,0,0,True,INHERITED_RAW_PRICE_BASIS,True,False
2025-07-23|87460,2025-07-23,87460,09:30,11:15,105,COMPLETE,5,0,UP,0.5102040816326531,AVAILABLE,8.0,True,DOWN_STRUCTURE,PROGRESSION,RANGE_COMPRESSION,IDENTIFIED,WINDOW_OBSERVED,0,0,13,True,0,0,True,INHERITED_RAW_PRICE_BASIS,True,False
2025-07-23|87460,2025-07-23,87460,09:30,11:20,110,COMPLETE,5,0,DOWN,-0.5089058524173028,AVAILABLE,8.0,True,DOWN_STRUCTURE,PROGRESSION,,IDENTIFIED,WINDOW_OBSERVED,0,0,13,True,0,0,True,INHERITED_RAW_PRICE_BASIS,True,False
2025-07-23|87460,2025-07-23,87460,09:30,11:25,115,COMPLETE,5,0,DOWN,-0.25510204081632654,AVAILABLE,8.0,True,DOWN_STRUCTURE,PROGRESSION,RANGE_EXPANSION|VOLUME_EXPANSION|TRADING_VALUE_EXPANSION,IDENTIFIED,WINDOW_OBSERVED,0,0,13,True,0,0,True,INHERITED_RAW_PRICE_BASIS,True,False
2025-07-23|87460,2025-07-23,87460,09:30,11:30,120,COMPLETE,5,0,UP,0.25510204081632654,AVAILABLE,8.0,True,DOWN_STRUCTURE,PROGRESSION,CHOPPINESS|VOLUME_EXPANSION|TRADING_VALUE_EXPANSION,IDENTIFIED,WINDOW_OBSERVED,0,0,13,True,0,0,True,INHERITED_RAW_PRICE_BASIS,True,False
2025-07-23|87460,2025-07-23,87460,09:30,12:35,125,COMPLETE,5,0,DOWN,-0.5102040816326531,AVAILABLE,8.0,True,DOWN_STRUCTURE,,,IDENTIFIED,OBSERVATION_INSUFFICIENT,1,0,0,True,0,0,True,INHERITED_RAW_PRICE_BASIS,True,True
2025-07-23|87460,2025-07-23,87460,09:30,12:40,130,COMPLETE,5,0,DOWN,-0.5128205128205128,AVAILABLE,8.0,True,DOWN_STRUCTURE,,VOLUME_COMPRESSION|TRADING_VALUE_COMPRESSION,IDENTIFIED,OBSERVATION_INSUFFICIENT,1,0,0,True,0,0,True,INHERITED_RAW_PRICE_BASIS,True,False
2025-07-23|87460,2025-07-23,87460,09:30,12:45,135,PARTIAL,4,1,,,AVAILABLE,8.0,True,,,,UNRESOLVED_STRUCTURE,WINDOW_OBSERVED,0,0,0,False,1,0,False,INHERITED_RAW_PRICE_BASIS,False,False
2025-07-23|87460,2025-07-23,87460,09:30,12:50,140,COMPLETE,5,0,UP,1.0309278350515463,AVAILABLE,8.0,True,,,,UNRESOLVED_STRUCTURE,WINDOW_OBSERVED,0,1,1,False,0,0,False,INHERITED_RAW_PRICE_BASIS,False,False
2025-07-23|87460,2025-07-23,87460,09:30,12:55,145,COMPLETE,5,0,UP,1.0204081632653061,AVAILABLE,8.0,True,,,VOLUME_EXPANSION|TRADING_VALUE_EXPANSION,UNRESOLVED_STRUCTURE,WINDOW_OBSERVED,0,1,1,False,0,0,False,INHERITED_RAW_PRICE_BASIS,True,False
2025-07-23|87460,2025-07-23,87460,09:30,13:00,150,COMPLETE,5,0,UP,0.5063291139240507,AVAILABLE,8.0,True,,,CHOPPINESS|RANGE_EXPANSION|VOLUME_EXPANSION|TRADING_VALUE_EXPANSION,UNRESOLVED_STRUCTURE,WINDOW_OBSERVED,0,0,1,False,3,6,False,INHERITED_RAW_PRICE_BASIS,True,False
2025-07-23|87460,2025-07-23,87460,09:30,13:05,155,COMPLETE,5,0,UP,1.2594458438287153,AVAILABLE,8.0,True,,,VOLUME_EXPANSION|TRADING_VALUE_EXPANSION,UNRESOLVED_STRUCTURE,WINDOW_OBSERVED,0,1,2,False,6,3,False,INHERITED_RAW_PRICE_BASIS,True,False
2025-07-23|87460,2025-07-23,87460,09:30,13:10,160,COMPLETE,5,0,DOWN,-0.9950248756218906,AVAILABLE,8.0,True,,,RANGE_COMPRESSION|VOLUME_COMPRESSION|TRADING_VALUE_COMPRESSION,UNRESOLVED_STRUCTURE,WINDOW_OBSERVED,0,0,2,False,3,3,False,INHERITED_RAW_PRICE_BASIS,True,False
2025-07-23|87460,2025-07-23,87460,09:30,13:15,165,COMPLETE,5,0,DOWN,-1.7587939698492463,AVAILABLE,8.0,True,,,VOLUME_COMPRESSION|TRADING_VALUE_COMPRESSION,UNRESOLVED_STRUCTURE,WINDOW_OBSERVED,0,0,2,False,3,3,False,INHERITED_RAW_PRICE_BASIS,True,False
2025-07-23|87460,2025-07-23,87460,09:30,13:20,170,COMPLETE,5,0,UNCHANGED,0.0,AVAILABLE,8.0,True,,,CHOPPINESS|RANGE_COMPRESSION,UNRESOLVED_STRUCTURE,WINDOW_OBSERVED,0,0,2,False,0,0,False,INHERITED_RAW_PRICE_BASIS,True,False
2025-07-23|87460,2025-07-23,87460,09:30,13:25,175,COMPLETE,5,0,UP,0.5115089514066496,AVAILABLE,8.0,True,,,RANGE_EXPANSION|VOLUME_COMPRESSION|TRADING_VALUE_COMPRESSION,UNRESOLVED_STRUCTURE,WINDOW_OBSERVED,0,0,2,False,0,0,False,INHERITED_RAW_PRICE_BASIS,True,False
2025-07-23|87460,2025-07-23,87460,09:30,13:30,180,COMPLETE,5,0,DOWN,-0.5089058524173028,AVAILABLE,8.0,True,,,RANGE_COMPRESSION|VOLUME_COMPRESSION|TRADING_VALUE_COMPRESSION,UNRESOLVED_STRUCTURE,WINDOW_OBSERVED,0,0,2,False,0,0,False,INHERITED_RAW_PRICE_BASIS,True,False
2025-07-23|87460,2025-07-23,87460,09:30,13:35,185,COMPLETE,5,0,UNCHANGED,0.0,AVAILABLE,8.0,True,,,RANGE_EXPANSION|VOLUME_EXPANSION|TRADING_VALUE_EXPANSION,UNRESOLVED_STRUCTURE,WINDOW_OBSERVED,0,0,2,False,0,0,False,INHERITED_RAW_PRICE_BASIS,True,False
2025-07-23|87460,2025-07-23,87460,09:30,13:40,190,COMPLETE,5,0,DOWN,-0.5102040816326531,AVAILABLE,8.0,True,,,RANGE_COMPRESSION,UNRESOLVED_STRUCTURE,WINDOW_OBSERVED,0,0,2,False,0,0,False,INHERITED_RAW_PRICE_BASIS,True,False
2025-07-23|87460,2025-07-23,87460,09:30,13:45,195,COMPLETE,5,0,DOWN,-0.2564102564102564,AVAILABLE,8.0,True,RANGE_STRUCTURE,BALANCE,RANGE_EXPANSION|VOLUME_COMPRESSION|TRADING_VALUE_COMPRESSION,IDENTIFIED,WINDOW_OBSERVED,0,0,2,True,0,0,True,INHERITED_RAW_PRICE_BASIS,True,True
2025-07-23|87460,2025-07-23,87460,09:30,13:50,200,COMPLETE,5,0,DOWN,-1.288659793814433,AVAILABLE,8.0,True,,RESTRUCTURING|RECOVERY,RANGE_EXPANSION|VOLUME_EXPANSION|TRADING_VALUE_EXPANSION,UNRESOLVED_STRUCTURE,WINDOW_OBSERVED,0,1,3,False,0,2,True,INHERITED_RAW_PRICE_BASIS,True,True
2025-07-23|87460,2025-07-23,87460,09:30,13:55,205,COMPLETE,5,0,UP,0.26109660574412535,AVAILABLE,8.0,True,,RESTRUCTURING|RECOVERY,CHOPPINESS|RANGE_COMPRESSION|VOLUME_COMPRESSION|TRADING_VALUE_COMPRESSION,UNRESOLVED_STRUCTURE,WINDOW_OBSERVED,0,0,3,False,0,0,True,INHERITED_RAW_PRICE_BASIS,True,False
2025-07-23|87460,2025-07-23,87460,09:30,14:00,210,COMPLETE,5,0,UP,0.5194805194805194,AVAILABLE,8.0,True,,RESTRUCTURING|RECOVERY,RANGE_COMPRESSION|VOLUME_COMPRESSION|TRADING_VALUE_COMPRESSION,UNRESOLVED_STRUCTURE,WINDOW_OBSERVED,0,0,3,False,0,0,True,INHERITED_RAW_PRICE_BASIS,True,False
2025-07-23|87460,2025-07-23,87460,09:30,14:05,215,COMPLETE,5,0,UP,0.25839793281653745,AVAILABLE,8.0,True,,RESTRUCTURING|RECOVERY,CHOPPINESS|RANGE_EXPANSION|VOLUME_EXPANSION|TRADING_VALUE_EXPANSION,UNRESOLVED_STRUCTURE,WINDOW_OBSERVED,0,0,3,False,0,0,True,INHERITED_RAW_PRICE_BASIS,True,False
2025-07-23|87460,2025-07-23,87460,09:30,14:10,220,COMPLETE,5,0,DOWN,-0.7731958762886598,AVAILABLE,8.0,True,,RESTRUCTURING|RECOVERY,,UNRESOLVED_STRUCTURE,WINDOW_OBSERVED,0,0,3,False,0,0,True,INHERITED_RAW_PRICE_BASIS,True,False
2025-07-23|87460,2025-07-23,87460,09:30,14:15,225,COMPLETE,5,0,UP,0.78125,AVAILABLE,8.0,True,DOWN_STRUCTURE,PROGRESSION,CHOPPINESS,IDENTIFIED,OBSERVATION_INSUFFICIENT,1,1,4,False,0,0,True,INHERITED_RAW_PRICE_BASIS,True,True
2025-07-23|87460,2025-07-23,87460,09:30,14:20,230,COMPLETE,5,0,DOWN,-0.7751937984496124,AVAILABLE,8.0,True,DOWN_STRUCTURE,PROGRESSION,RANGE_COMPRESSION,IDENTIFIED,OBSERVATION_INSUFFICIENT,1,1,4,True,0,0,True,INHERITED_RAW_PRICE_BASIS,True,False
2025-07-23|87460,2025-07-23,87460,09:30,14:25,235,PARTIAL,4,1,,,AVAILABLE,8.0,True,,,,UNRESOLVED_STRUCTURE,WINDOW_OBSERVED,0,0,0,False,0,0,False,INHERITED_RAW_PRICE_BASIS,False,False
2025-07-23|87460,2025-07-23,87460,09:30,14:30,240,COMPLETE,5,0,UNCHANGED,0.0,AVAILABLE,8.0,True,,,,UNRESOLVED_STRUCTURE,WINDOW_OBSERVED,0,0,0,False,0,0,False,INHERITED_RAW_PRICE_BASIS,False,False
2025-07-23|87460,2025-07-23,87460,09:30,14:35,245,COMPLETE,5,0,UP,1.5706806282722514,AVAILABLE,8.0,True,,,RANGE_EXPANSION|VOLUME_EXPANSION|TRADING_VALUE_EXPANSION,UNRESOLVED_STRUCTURE,WINDOW_OBSERVED,0,1,1,False,0,0,False,INHERITED_RAW_PRICE_BASIS,True,False
2025-07-23|87460,2025-07-23,87460,09:30,14:40,250,COMPLETE,5,0,DOWN,-0.5141388174807198,AVAILABLE,8.0,True,,,CHOPPINESS|RANGE_COMPRESSION,UNRESOLVED_STRUCTURE,WINDOW_OBSERVED,0,1,1,False,0,0,False,INHERITED_RAW_PRICE_BASIS,True,False
2025-07-23|87460,2025-07-23,87460,09:30,14:45,255,COMPLETE,5,0,UP,1.5544041450777202,AVAILABLE,8.0,True,,,RANGE_EXPANSION,UNRESOLVED_STRUCTURE,WINDOW_OBSERVED,0,0,1,False,0,0,False,INHERITED_RAW_PRICE_BASIS,True,False
2025-07-23|87460,2025-07-23,87460,09:30,14:50,260,COMPLETE,5,0,DOWN,-0.7653061224489796,AVAILABLE,8.0,True,,,VOLUME_COMPRESSION|TRADING_VALUE_COMPRESSION,UNRESOLVED_STRUCTURE,WINDOW_OBSERVED,0,0,1,False,0,0,False,INHERITED_RAW_PRICE_BASIS,True,False
2025-07-23|87460,2025-07-23,87460,09:30,14:55,265,COMPLETE,5,0,DOWN,-0.7712082262210797,AVAILABLE,8.0,True,RANGE_STRUCTURE,BALANCE,RANGE_EXPANSION|VOLUME_EXPANSION|TRADING_VALUE_EXPANSION,IDENTIFIED,WINDOW_OBSERVED,0,0,1,True,0,0,True,INHERITED_RAW_PRICE_BASIS,True,True
2025-07-23|87460,2025-07-23,87460,09:30,15:00,270,COMPLETE,5,0,UP,0.25839793281653745,AVAILABLE,8.0,True,RANGE_STRUCTURE,BALANCE,RANGE_COMPRESSION,IDENTIFIED,WINDOW_OBSERVED,0,1,2,True,0,0,True,INHERITED_RAW_PRICE_BASIS,True,False
2025-07-23|87460,2025-07-23,87460,09:30,15:05,275,COMPLETE,5,0,DOWN,-0.25839793281653745,AVAILABLE,8.0,True,RANGE_STRUCTURE,BALANCE,VOLUME_COMPRESSION|TRADING_VALUE_COMPRESSION,IDENTIFIED,WINDOW_OBSERVED,0,1,2,True,0,0,True,INHERITED_RAW_PRICE_BASIS,True,False
2025-07-23|87460,2025-07-23,87460,09:30,15:10,280,COMPLETE,5,0,DOWN,-1.0362694300518134,AVAILABLE,8.0,True,RANGE_STRUCTURE,BALANCE,RANGE_EXPANSION|VOLUME_EXPANSION|TRADING_VALUE_EXPANSION,IDENTIFIED,WINDOW_OBSERVED,0,0,2,True,1,3,True,INHERITED_RAW_PRICE_BASIS,True,False
2025-07-23|87460,2025-07-23,87460,09:30,15:15,285,COMPLETE,5,0,DOWN,-0.2617801047120419,AVAILABLE,8.0,True,RANGE_STRUCTURE,BALANCE,RANGE_COMPRESSION|VOLUME_COMPRESSION|TRADING_VALUE_COMPRESSION,IDENTIFIED,WINDOW_OBSERVED,0,0,2,True,3,2,True,INHERITED_RAW_PRICE_BASIS,True,False
2025-07-23|87460,2025-07-23,87460,09:30,15:20,290,COMPLETE,5,0,DOWN,-0.5235602094240838,AVAILABLE,8.0,True,RANGE_STRUCTURE,BALANCE,RANGE_EXPANSION|VOLUME_EXPANSION|TRADING_VALUE_EXPANSION,IDENTIFIED,RIGHT_CENSORED,0,0,2,True,3,2,True,INHERITED_RAW_PRICE_BASIS,True,False
2025-07-23|87460,2025-07-23,87460,09:30,15:25,295,COMPLETE,5,0,DOWN,-0.5277044854881267,AVAILABLE,8.0,True,,RESTRUCTURING,VOLUME_EXPANSION|TRADING_VALUE_EXPANSION,UNRESOLVED_STRUCTURE,RIGHT_CENSORED,0,0,2,False,0,1,True,INHERITED_RAW_PRICE_BASIS,True,True
2025-07-23|91680,2025-07-23,91680,15:00,15:00,0,PARTIAL,3,2,,,AVAILABLE,6.5,True,,,,UNRESOLVED_STRUCTURE,OBSERVATION_INSUFFICIENT,2,0,0,False,0,0,False,INHERITED_RAW_PRICE_BASIS,False,False
2025-07-23|91680,2025-07-23,91680,15:00,15:05,5,PARTIAL,4,1,,,AVAILABLE,6.5,True,,,,UNRESOLVED_STRUCTURE,OBSERVATION_INSUFFICIENT,1,0,0,False,0,0,False,INHERITED_RAW_PRICE_BASIS,False,False
2025-07-23|91680,2025-07-23,91680,15:00,15:10,10,PARTIAL,4,1,,,AVAILABLE,6.5,True,,,,CURRENT_BAR_UNAVAILABLE,WINDOW_OBSERVED,0,0,0,False,1,1,False,INHERITED_RAW_PRICE_BASIS,False,False
2025-07-23|91680,2025-07-23,91680,15:00,15:15,15,COMPLETE,5,0,DOWN,-0.2457002457002457,AVAILABLE,6.5,True,,,,UNRESOLVED_STRUCTURE,WINDOW_OBSERVED,0,0,0,False,0,1,False,INHERITED_RAW_PRICE_BASIS,False,False
2025-07-23|91680,2025-07-23,91680,15:00,15:20,20,COMPLETE,5,0,UP,0.16420361247947454,AVAILABLE,6.5,True,,,,UNRESOLVED_STRUCTURE,RIGHT_CENSORED,0,0,0,False,0,0,False,INHERITED_RAW_PRICE_BASIS,True,False
2025-07-23|91680,2025-07-23,91680,15:00,15:25,25,COMPLETE,5,0,DOWN,-0.08196721311475409,AVAILABLE,6.5,True,,,RANGE_COMPRESSION|VOLUME_COMPRESSION|TRADING_VALUE_COMPRESSION,UNRESOLVED_STRUCTURE,RIGHT_CENSORED,0,0,0,False,0,0,False,INHERITED_RAW_PRICE_BASIS,True,False
2025-07-23|94250,2025-07-23,94250,14:30,14:30,0,COMPLETE,5,0,UP,0.32051282051282054,SCALE_INSUFFICIENT,,True,,,,SCALE_UNAVAILABLE,OBSERVATION_INSUFFICIENT,2,0,0,False,2,2,False,INHERITED_RAW_PRICE_BASIS,False,False
2025-07-23|94250,2025-07-23,94250,14:30,14:35,5,PARTIAL,4,1,,,SCALE_INSUFFICIENT,,True,,,,SCALE_UNAVAILABLE,OBSERVATION_INSUFFICIENT,2,0,0,False,0,0,False,INHERITED_RAW_PRICE_BASIS,False,False
2025-07-23|94250,2025-07-23,94250,14:30,14:40,10,PARTIAL,4,1,,,SCALE_INSUFFICIENT,,True,,,,SCALE_UNAVAILABLE,OBSERVATION_INSUFFICIENT,4,0,0,False,0,0,False,INHERITED_RAW_PRICE_BASIS,False,False
2025-07-23|94250,2025-07-23,94250,14:30,14:45,15,PARTIAL,4,1,,,SCALE_INSUFFICIENT,,True,,,,CURRENT_BAR_UNAVAILABLE,OBSERVATION_INSUFFICIENT,4,0,0,False,0,0,False,INHERITED_RAW_PRICE_BASIS,False,False
2025-07-23|94250,2025-07-23,94250,14:30,14:50,20,PARTIAL,2,3,,,SCALE_INSUFFICIENT,,True,,,,SCALE_UNAVAILABLE,OBSERVATION_INSUFFICIENT,4,0,0,False,0,0,False,INHERITED_RAW_PRICE_BASIS,False,False
2025-07-23|94250,2025-07-23,94250,14:30,14:55,25,PARTIAL,4,1,,,SCALE_INSUFFICIENT,,True,,,,SCALE_UNAVAILABLE,OBSERVATION_INSUFFICIENT,3,0,0,False,0,0,False,INHERITED_RAW_PRICE_BASIS,False,False
2025-07-23|94250,2025-07-23,94250,14:30,15:00,30,PARTIAL,2,3,,,SCALE_INSUFFICIENT,,True,,,,SCALE_UNAVAILABLE,WINDOW_OBSERVED,0,0,0,False,0,0,False,INHERITED_RAW_PRICE_BASIS,False,False
2025-07-23|94250,2025-07-23,94250,14:30,15:05,35,COMPLETE,5,0,UNCHANGED,0.0,SCALE_INSUFFICIENT,,True,,,,SCALE_UNAVAILABLE,OBSERVATION_INSUFFICIENT,4,0,0,False,0,0,False,INHERITED_RAW_PRICE_BASIS,False,False
2025-07-23|94250,2025-07-23,94250,14:30,15:10,40,COMPLETE,5,0,UNCHANGED,0.0,SCALE_INSUFFICIENT,,True,,,RANGE_EXPANSION|VOLUME_EXPANSION|TRADING_VALUE_EXPANSION,SCALE_UNAVAILABLE,OBSERVATION_INSUFFICIENT,5,0,0,False,0,0,False,INHERITED_RAW_PRICE_BASIS,True,False
2025-07-23|94250,2025-07-23,94250,14:30,15:15,45,PARTIAL,1,4,,,SCALE_INSUFFICIENT,,True,,,,CURRENT_BAR_UNAVAILABLE,OBSERVATION_INSUFFICIENT,3,0,0,False,0,0,False,INHERITED_RAW_PRICE_BASIS,False,False
2025-07-23|94250,2025-07-23,94250,14:30,15:20,50,PARTIAL,4,1,,,SCALE_INSUFFICIENT,,True,,,,CURRENT_BAR_UNAVAILABLE,RIGHT_CENSORED,2,0,0,False,0,0,False,INHERITED_RAW_PRICE_BASIS,False,False
2025-07-23|94250,2025-07-23,94250,14:30,15:25,55,PARTIAL,3,2,,,SCALE_INSUFFICIENT,,True,,,,CURRENT_BAR_UNAVAILABLE,RIGHT_CENSORED,0,0,0,False,0,0,False,INHERITED_RAW_PRICE_BASIS,False,False
2025-07-23|98540,2025-07-23,98540,13:00,13:00,0,COMPLETE,5,0,DOWN,-0.4366812227074236,SCALE_INSUFFICIENT,,True,,,RANGE_EXPANSION|VOLUME_EXPANSION|TRADING_VALUE_EXPANSION,SCALE_UNAVAILABLE,OBSERVATION_INSUFFICIENT,1,0,0,False,0,0,False,INHERITED_RAW_PRICE_BASIS,False,False
2025-07-23|98540,2025-07-23,98540,13:00,13:05,5,PARTIAL,4,1,,,SCALE_INSUFFICIENT,,True,,,,SCALE_UNAVAILABLE,WINDOW_OBSERVED,0,0,0,False,0,0,False,INHERITED_RAW_PRICE_BASIS,False,False
2025-07-23|98540,2025-07-23,98540,13:00,13:10,10,COMPLETE,5,0,UP,1.3043478260869565,SCALE_INSUFFICIENT,,True,,,,SCALE_UNAVAILABLE,OBSERVATION_INSUFFICIENT,1,0,0,False,0,0,False,INHERITED_RAW_PRICE_BASIS,False,False
2025-07-23|98540,2025-07-23,98540,13:00,13:15,15,COMPLETE,5,0,UP,0.43103448275862066,SCALE_INSUFFICIENT,,True,,,RANGE_COMPRESSION|VOLUME_COMPRESSION|TRADING_VALUE_COMPRESSION,SCALE_UNAVAILABLE,OBSERVATION_INSUFFICIENT,2,0,0,False,0,0,False,INHERITED_RAW_PRICE_BASIS,True,False
2025-07-23|98540,2025-07-23,98540,13:00,13:20,20,PARTIAL,4,1,,,SCALE_INSUFFICIENT,,True,,,,CURRENT_BAR_UNAVAILABLE,OBSERVATION_INSUFFICIENT,1,0,0,False,0,0,False,INHERITED_RAW_PRICE_BASIS,False,False
2025-07-23|98540,2025-07-23,98540,13:00,13:25,25,PARTIAL,4,1,,,SCALE_INSUFFICIENT,,True,,,,SCALE_UNAVAILABLE,WINDOW_OBSERVED,0,0,0,False,0,0,False,INHERITED_RAW_PRICE_BASIS,False,False
2025-07-23|98540,2025-07-23,98540,13:00,13:30,30,COMPLETE,5,0,DOWN,-8.15450643776824,SCALE_INSUFFICIENT,,True,,,,SCALE_UNAVAILABLE,WINDOW_OBSERVED,0,0,0,False,2,2,False,INHERITED_RAW_PRICE_BASIS,False,False
2025-07-23|98540,2025-07-23,98540,13:00,13:35,35,COMPLETE,5,0,UP,1.8604651162790697,SCALE_INSUFFICIENT,,True,,,RANGE_COMPRESSION|VOLUME_COMPRESSION|TRADING_VALUE_COMPRESSION,SCALE_UNAVAILABLE,WINDOW_OBSERVED,0,0,0,False,0,2,False,INHERITED_RAW_PRICE_BASIS,True,False
2025-07-23|98540,2025-07-23,98540,13:00,13:40,40,COMPLETE,5,0,UP,0.91324200913242,SCALE_INSUFFICIENT,,True,,,VOLUME_EXPANSION|TRADING_VALUE_EXPANSION,SCALE_UNAVAILABLE,WINDOW_OBSERVED,0,0,0,False,2,2,False,INHERITED_RAW_PRICE_BASIS,True,False
2025-07-23|98540,2025-07-23,98540,13:00,13:45,45,COMPLETE,5,0,UP,2.727272727272727,SCALE_INSUFFICIENT,,True,,,RANGE_COMPRESSION|VOLUME_COMPRESSION|TRADING_VALUE_COMPRESSION,SCALE_UNAVAILABLE,WINDOW_OBSERVED,0,0,0,False,0,0,False,INHERITED_RAW_PRICE_BASIS,True,False
2025-07-23|98540,2025-07-23,98540,13:00,13:50,50,COMPLETE,5,0,DOWN,-0.8810572687224669,SCALE_INSUFFICIENT,,True,,,RANGE_COMPRESSION|VOLUME_COMPRESSION|TRADING_VALUE_COMPRESSION,SCALE_UNAVAILABLE,OBSERVATION_INSUFFICIENT,2,0,0,False,0,0,False,INHERITED_RAW_PRICE_BASIS,True,False
2025-07-23|98540,2025-07-23,98540,13:00,13:55,55,COMPLETE,5,0,DOWN,-0.8849557522123894,SCALE_INSUFFICIENT,,True,,,RANGE_EXPANSION|VOLUME_EXPANSION|TRADING_VALUE_EXPANSION,SCALE_UNAVAILABLE,OBSERVATION_INSUFFICIENT,5,0,0,False,0,0,False,INHERITED_RAW_PRICE_BASIS,True,False
2025-07-23|98540,2025-07-23,98540,13:00,14:00,60,PARTIAL,3,2,,,SCALE_INSUFFICIENT,,True,,,,CURRENT_BAR_UNAVAILABLE,OBSERVATION_INSUFFICIENT,4,0,0,False,0,0,False,INHERITED_RAW_PRICE_BASIS,False,False
2025-07-23|98540,2025-07-23,98540,13:00,14:05,65,PARTIAL,2,3,,,SCALE_INSUFFICIENT,,True,,,,CURRENT_BAR_UNAVAILABLE,OBSERVATION_INSUFFICIENT,1,0,0,False,0,0,False,INHERITED_RAW_PRICE_BASIS,False,False
2025-07-23|98540,2025-07-23,98540,13:00,14:10,70,PARTIAL,4,1,,,SCALE_INSUFFICIENT,,True,,,,SCALE_UNAVAILABLE,WINDOW_OBSERVED,0,0,0,False,0,0,False,INHERITED_RAW_PRICE_BASIS,False,False
2025-07-23|98540,2025-07-23,98540,13:00,14:15,75,COMPLETE,5,0,DOWN,-10.31390134529148,SCALE_INSUFFICIENT,,True,,,,SCALE_UNAVAILABLE,WINDOW_OBSERVED,0,0,0,False,4,4,False,INHERITED_RAW_PRICE_BASIS,False,False
2025-07-23|98540,2025-07-23,98540,13:00,14:20,80,COMPLETE,5,0,UP,0.5,SCALE_INSUFFICIENT,,True,,,RANGE_COMPRESSION|VOLUME_COMPRESSION|TRADING_VALUE_COMPRESSION,SCALE_UNAVAILABLE,OBSERVATION_INSUFFICIENT,1,0,0,False,0,0,False,INHERITED_RAW_PRICE_BASIS,True,False
2025-07-23|98540,2025-07-23,98540,13:00,14:25,85,COMPLETE,5,0,UNCHANGED,0.0,SCALE_INSUFFICIENT,,True,,,RANGE_COMPRESSION,SCALE_UNAVAILABLE,OBSERVATION_INSUFFICIENT,1,0,0,False,0,0,False,INHERITED_RAW_PRICE_BASIS,True,False
2025-07-23|98540,2025-07-23,98540,13:00,14:30,90,PARTIAL,4,1,,,SCALE_INSUFFICIENT,,True,,,,SCALE_UNAVAILABLE,OBSERVATION_INSUFFICIENT,1,0,0,False,0,0,False,INHERITED_RAW_PRICE_BASIS,False,False
2025-07-23|98540,2025-07-23,98540,13:00,14:35,95,COMPLETE,5,0,UP,0.49504950495049505,SCALE_INSUFFICIENT,,True,,,,SCALE_UNAVAILABLE,OBSERVATION_INSUFFICIENT,1,0,0,False,0,0,False,INHERITED_RAW_PRICE_BASIS,False,False
2025-07-23|98540,2025-07-23,98540,13:00,14:40,100,PARTIAL,4,1,,,SCALE_INSUFFICIENT,,True,,,,SCALE_UNAVAILABLE,WINDOW_OBSERVED,0,0,0,False,0,0,False,INHERITED_RAW_PRICE_BASIS,False,False
2025-07-23|98540,2025-07-23,98540,13:00,14:45,105,COMPLETE,5,0,UNCHANGED,0.0,SCALE_INSUFFICIENT,,True,,,,SCALE_UNAVAILABLE,OBSERVATION_INSUFFICIENT,1,0,0,False,0,0,False,INHERITED_RAW_PRICE_BASIS,False,False
2025-07-23|98540,2025-07-23,98540,13:00,14:50,110,COMPLETE,5,0,UP,0.49019607843137253,SCALE_INSUFFICIENT,,True,,,VOLUME_COMPRESSION|TRADING_VALUE_COMPRESSION,SCALE_UNAVAILABLE,OBSERVATION_INSUFFICIENT,1,0,0,False,0,0,False,INHERITED_RAW_PRICE_BASIS,True,False
2025-07-23|98540,2025-07-23,98540,13:00,14:55,115,PARTIAL,4,1,,,SCALE_INSUFFICIENT,,True,,,,SCALE_UNAVAILABLE,WINDOW_OBSERVED,0,0,0,False,0,0,False,INHERITED_RAW_PRICE_BASIS,False,False
2025-07-23|98540,2025-07-23,98540,13:00,15:00,120,COMPLETE,5,0,DOWN,-5.853658536585366,SCALE_INSUFFICIENT,,True,,,,SCALE_UNAVAILABLE,WINDOW_OBSERVED,0,0,0,False,3,2,False,INHERITED_RAW_PRICE_BASIS,False,False
2025-07-23|98540,2025-07-23,98540,13:00,15:05,125,COMPLETE,5,0,DOWN,-1.5544041450777202,SCALE_INSUFFICIENT,,True,,,RANGE_COMPRESSION|VOLUME_COMPRESSION|TRADING_VALUE_COMPRESSION,SCALE_UNAVAILABLE,WINDOW_OBSERVED,0,0,0,False,3,1,False,INHERITED_RAW_PRICE_BASIS,True,False
2025-07-23|98540,2025-07-23,98540,13:00,15:10,130,COMPLETE,5,0,UP,1.0526315789473684,SCALE_INSUFFICIENT,,True,,,RANGE_COMPRESSION|VOLUME_COMPRESSION|TRADING_VALUE_COMPRESSION,SCALE_UNAVAILABLE,WINDOW_OBSERVED,0,0,0,False,0,0,False,INHERITED_RAW_PRICE_BASIS,True,False
2025-07-23|98540,2025-07-23,98540,13:00,15:15,135,COMPLETE,5,0,DOWN,-0.5208333333333334,SCALE_INSUFFICIENT,,True,,,VOLUME_COMPRESSION|TRADING_VALUE_COMPRESSION,SCALE_UNAVAILABLE,WINDOW_OBSERVED,0,0,0,False,0,0,False,INHERITED_RAW_PRICE_BASIS,True,False
2025-07-23|98540,2025-07-23,98540,13:00,15:20,140,COMPLETE,5,0,UNCHANGED,0.0,SCALE_INSUFFICIENT,,True,,,RANGE_COMPRESSION|VOLUME_COMPRESSION|TRADING_VALUE_COMPRESSION,SCALE_UNAVAILABLE,RIGHT_CENSORED,0,0,0,False,0,0,False,INHERITED_RAW_PRICE_BASIS,True,False
2025-07-23|98540,2025-07-23,98540,13:00,15:25,145,COMPLETE,5,0,DOWN,-0.5263157894736842,SCALE_INSUFFICIENT,,True,,,VOLUME_EXPANSION|TRADING_VALUE_EXPANSION,SCALE_UNAVAILABLE,RIGHT_CENSORED,0,0,0,False,0,0,False,INHERITED_RAW_PRICE_BASIS,True,False
2025-07-23|98780,2025-07-23,98780,14:00,14:00,0,COMPLETE,5,0,DOWN,-0.6191950464396285,AVAILABLE,12.0,True,,,,UNRESOLVED_STRUCTURE,WINDOW_OBSERVED,0,0,1,False,0,1,False,INHERITED_RAW_PRICE_BASIS,False,False
2025-07-23|98780,2025-07-23,98780,14:00,14:05,5,COMPLETE,5,0,UP,0.1037344398340249,AVAILABLE,12.0,True,,,RANGE_COMPRESSION|VOLUME_COMPRESSION|TRADING_VALUE_COMPRESSION,UNRESOLVED_STRUCTURE,OBSERVATION_INSUFFICIENT,1,0,1,False,0,0,False,INHERITED_RAW_PRICE_BASIS,True,False
2025-07-23|98780,2025-07-23,98780,14:00,14:10,10,COMPLETE,5,0,DOWN,-0.8264462809917356,AVAILABLE,12.0,True,,,RANGE_EXPANSION|VOLUME_EXPANSION|TRADING_VALUE_EXPANSION,UNRESOLVED_STRUCTURE,OBSERVATION_INSUFFICIENT,1,0,1,False,1,1,False,INHERITED_RAW_PRICE_BASIS,True,False
2025-07-23|98780,2025-07-23,98780,14:00,14:15,15,PARTIAL,4,1,,,AVAILABLE,12.0,True,,,,UNRESOLVED_STRUCTURE,WINDOW_OBSERVED,0,1,1,False,1,2,False,INHERITED_RAW_PRICE_BASIS,False,False
2025-07-23|98780,2025-07-23,98780,14:00,14:20,20,COMPLETE,5,0,DOWN,-1.0395010395010396,AVAILABLE,12.0,True,,,,UNRESOLVED_STRUCTURE,WINDOW_OBSERVED,0,1,1,False,1,1,False,INHERITED_RAW_PRICE_BASIS,False,False
2025-07-23|98780,2025-07-23,98780,14:00,14:25,25,COMPLETE,5,0,DOWN,-0.3147953830010493,AVAILABLE,12.0,True,,,RANGE_COMPRESSION|VOLUME_COMPRESSION|TRADING_VALUE_COMPRESSION,UNRESOLVED_STRUCTURE,WINDOW_OBSERVED,0,0,1,False,1,1,False,INHERITED_RAW_PRICE_BASIS,True,False
2025-07-23|98780,2025-07-23,98780,14:00,14:30,30,COMPLETE,5,0,UP,0.7345225603357818,AVAILABLE,12.0,True,,,RANGE_EXPANSION,UNRESOLVED_STRUCTURE,WINDOW_OBSERVED,0,0,1,False,0,1,False,INHERITED_RAW_PRICE_BASIS,True,False
2025-07-23|98780,2025-07-23,98780,14:00,14:35,35,COMPLETE,5,0,DOWN,-0.5208333333333334,AVAILABLE,12.0,True,,,VOLUME_COMPRESSION|TRADING_VALUE_COMPRESSION,UNRESOLVED_STRUCTURE,WINDOW_OBSERVED,0,0,1,False,0,0,False,INHERITED_RAW_PRICE_BASIS,True,False
2025-07-23|98780,2025-07-23,98780,14:00,14:40,40,COMPLETE,5,0,DOWN,-0.2098635886673662,AVAILABLE,12.0,True,,,VOLUME_EXPANSION|TRADING_VALUE_EXPANSION,UNRESOLVED_STRUCTURE,OBSERVATION_INSUFFICIENT,1,0,1,False,3,2,False,INHERITED_RAW_PRICE_BASIS,True,False
2025-07-23|98780,2025-07-23,98780,14:00,14:45,45,COMPLETE,5,0,UP,0.631578947368421,AVAILABLE,12.0,True,,,VOLUME_COMPRESSION|TRADING_VALUE_COMPRESSION,UNRESOLVED_STRUCTURE,OBSERVATION_INSUFFICIENT,3,0,1,False,0,0,False,INHERITED_RAW_PRICE_BASIS,True,False
2025-07-23|98780,2025-07-23,98780,14:00,14:50,50,PARTIAL,4,1,,,AVAILABLE,12.0,True,,,,CURRENT_BAR_UNAVAILABLE,OBSERVATION_INSUFFICIENT,3,0,0,False,0,0,False,INHERITED_RAW_PRICE_BASIS,False,False
2025-07-23|98780,2025-07-23,98780,14:00,14:55,55,PARTIAL,3,2,,,AVAILABLE,12.0,True,,,,UNRESOLVED_STRUCTURE,OBSERVATION_INSUFFICIENT,1,0,0,False,0,0,False,INHERITED_RAW_PRICE_BASIS,False,False
2025-07-23|98780,2025-07-23,98780,14:00,15:00,60,PARTIAL,4,1,,,AVAILABLE,12.0,True,,,,UNRESOLVED_STRUCTURE,OBSERVATION_INSUFFICIENT,2,0,0,False,0,0,False,INHERITED_RAW_PRICE_BASIS,False,False
2025-07-23|98780,2025-07-23,98780,14:00,15:05,65,COMPLETE,5,0,UP,0.3125,AVAILABLE,12.0,True,,,,UNRESOLVED_STRUCTURE,OBSERVATION_INSUFFICIENT,3,0,0,False,0,0,False,INHERITED_RAW_PRICE_BASIS,False,False
2025-07-23|98780,2025-07-23,98780,14:00,15:10,70,PARTIAL,3,2,,,AVAILABLE,12.0,True,,,,CURRENT_BAR_UNAVAILABLE,OBSERVATION_INSUFFICIENT,3,0,0,False,0,0,False,INHERITED_RAW_PRICE_BASIS,False,False
2025-07-23|98780,2025-07-23,98780,14:00,15:15,75,PARTIAL,4,1,,,AVAILABLE,12.0,True,,,,CURRENT_BAR_UNAVAILABLE,OBSERVATION_INSUFFICIENT,2,0,0,False,0,0,False,INHERITED_RAW_PRICE_BASIS,False,False
2025-07-23|98780,2025-07-23,98780,14:00,15:20,80,PARTIAL,3,2,,,AVAILABLE,12.0,True,,,,UNRESOLVED_STRUCTURE,RIGHT_CENSORED,0,0,0,False,0,0,False,INHERITED_RAW_PRICE_BASIS,False,False
2025-07-23|98780,2025-07-23,98780,14:00,15:25,85,COMPLETE,5,0,UP,0.6204756980351603,AVAILABLE,12.0,True,,,,UNRESOLVED_STRUCTURE,RIGHT_CENSORED,0,0,0,False,0,0,False,INHERITED_RAW_PRICE_BASIS,False,False
