opportunity,session,symbol,selectorTime,asOf,elapsedActiveMinutes,observation,observed1m,missing1m,direction,return5Pct,scaleStatus,scale,dailyComplete5,structure,phase,attributes,stateReason,futureStatus,futureMissing,lateConfirmedPivots,pivotN,localRange,sameBarOrderAmbiguities,closedCrossEvents,semanticAny,contextPriceBasis,transitionObservablePair,phaseChanged
2025-07-25|137A0,2025-07-25,137A0,10:00,10:00,0,PARTIAL,3,2,,,SCALE_INSUFFICIENT,,True,,,,CURRENT_BAR_UNAVAILABLE,OBSERVATION_INSUFFICIENT,6,0,0,False,0,0,False,INHERITED_RAW_PRICE_BASIS,False,False
2025-07-25|137A0,2025-07-25,137A0,10:00,10:05,5,PARTIAL,2,3,,,SCALE_INSUFFICIENT,,True,,,,SCALE_UNAVAILABLE,OBSERVATION_INSUFFICIENT,4,0,0,False,0,0,False,INHERITED_RAW_PRICE_BASIS,False,False
2025-07-25|137A0,2025-07-25,137A0,10:00,10:10,10,PARTIAL,2,3,,,SCALE_INSUFFICIENT,,True,,,,CURRENT_BAR_UNAVAILABLE,OBSERVATION_INSUFFICIENT,4,0,0,False,0,0,False,INHERITED_RAW_PRICE_BASIS,False,False
2025-07-25|137A0,2025-07-25,137A0,10:00,10:15,15,PARTIAL,4,1,,,SCALE_INSUFFICIENT,,True,,,,SCALE_UNAVAILABLE,OBSERVATION_INSUFFICIENT,7,0,0,False,1,1,False,INHERITED_RAW_PRICE_BASIS,False,False
2025-07-25|137A0,2025-07-25,137A0,10:00,10:20,20,PARTIAL,2,3,,,SCALE_INSUFFICIENT,,True,,,,SCALE_UNAVAILABLE,OBSERVATION_INSUFFICIENT,9,0,0,False,0,0,False,INHERITED_RAW_PRICE_BASIS,False,False
2025-07-25|137A0,2025-07-25,137A0,10:00,10:25,25,PARTIAL,1,4,,,SCALE_INSUFFICIENT,,True,,,,SCALE_UNAVAILABLE,OBSERVATION_INSUFFICIENT,9,0,0,False,0,0,False,INHERITED_RAW_PRICE_BASIS,False,False
2025-07-25|137A0,2025-07-25,137A0,10:00,10:30,30,UNAVAILABLE,0,5,,,SCALE_INSUFFICIENT,,True,,,,CURRENT_BAR_UNAVAILABLE,OBSERVATION_INSUFFICIENT,9,0,0,False,0,0,False,INHERITED_RAW_PRICE_BASIS,False,False
2025-07-25|137A0,2025-07-25,137A0,10:00,10:35,35,PARTIAL,1,4,,,SCALE_INSUFFICIENT,,True,,,,CURRENT_BAR_UNAVAILABLE,OBSERVATION_INSUFFICIENT,10,0,0,False,0,0,False,INHERITED_RAW_PRICE_BASIS,False,False
2025-07-25|137A0,2025-07-25,137A0,10:00,10:40,40,UNAVAILABLE,0,5,,,SCALE_INSUFFICIENT,,True,,,,CURRENT_BAR_UNAVAILABLE,OBSERVATION_INSUFFICIENT,10,0,0,False,0,0,False,INHERITED_RAW_PRICE_BASIS,False,False
2025-07-25|137A0,2025-07-25,137A0,10:00,10:45,45,UNAVAILABLE,0,5,,,SCALE_INSUFFICIENT,,True,,,,CURRENT_BAR_UNAVAILABLE,OBSERVATION_INSUFFICIENT,10,0,0,False,0,0,False,INHERITED_RAW_PRICE_BASIS,False,False
2025-07-25|137A0,2025-07-25,137A0,10:00,10:50,50,UNAVAILABLE,0,5,,,SCALE_INSUFFICIENT,,True,,,,CURRENT_BAR_UNAVAILABLE,OBSERVATION_INSUFFICIENT,8,0,0,False,0,0,False,INHERITED_RAW_PRICE_BASIS,False,False
2025-07-25|137A0,2025-07-25,137A0,10:00,10:55,55,UNAVAILABLE,0,5,,,SCALE_INSUFFICIENT,,True,,,,CURRENT_BAR_UNAVAILABLE,OBSERVATION_INSUFFICIENT,6,0,0,False,0,0,False,INHERITED_RAW_PRICE_BASIS,False,False
2025-07-25|137A0,2025-07-25,137A0,10:00,11:00,60,PARTIAL,2,3,,,SCALE_INSUFFICIENT,,True,,,,CURRENT_BAR_UNAVAILABLE,OBSERVATION_INSUFFICIENT,7,0,0,False,0,0,False,INHERITED_RAW_PRICE_BASIS,False,False
2025-07-25|137A0,2025-07-25,137A0,10:00,11:05,65,PARTIAL,2,3,,,SCALE_INSUFFICIENT,,True,,,,CURRENT_BAR_UNAVAILABLE,OBSERVATION_INSUFFICIENT,8,0,0,False,0,0,False,INHERITED_RAW_PRICE_BASIS,False,False
2025-07-25|137A0,2025-07-25,137A0,10:00,11:10,70,PARTIAL,1,4,,,SCALE_INSUFFICIENT,,True,,,,CURRENT_BAR_UNAVAILABLE,OBSERVATION_INSUFFICIENT,8,0,0,False,0,0,False,INHERITED_RAW_PRICE_BASIS,False,False
2025-07-25|137A0,2025-07-25,137A0,10:00,11:15,75,PARTIAL,1,4,,,SCALE_INSUFFICIENT,,True,,,,CURRENT_BAR_UNAVAILABLE,OBSERVATION_INSUFFICIENT,7,0,0,False,0,0,False,INHERITED_RAW_PRICE_BASIS,False,False
2025-07-25|137A0,2025-07-25,137A0,10:00,11:20,80,PARTIAL,1,4,,,SCALE_INSUFFICIENT,,True,,,,SCALE_UNAVAILABLE,OBSERVATION_INSUFFICIENT,6,0,0,False,0,0,False,INHERITED_RAW_PRICE_BASIS,False,False
2025-07-25|137A0,2025-07-25,137A0,10:00,11:25,85,PARTIAL,2,3,,,SCALE_INSUFFICIENT,,True,,,,CURRENT_BAR_UNAVAILABLE,OBSERVATION_INSUFFICIENT,5,0,0,False,0,0,False,INHERITED_RAW_PRICE_BASIS,False,False
2025-07-25|137A0,2025-07-25,137A0,10:00,11:30,90,PARTIAL,2,3,,,SCALE_INSUFFICIENT,,True,,,,CURRENT_BAR_UNAVAILABLE,OBSERVATION_INSUFFICIENT,6,0,0,False,0,0,False,INHERITED_RAW_PRICE_BASIS,False,False
2025-07-25|137A0,2025-07-25,137A0,10:00,12:35,95,PARTIAL,3,2,,,SCALE_INSUFFICIENT,,True,,,,SCALE_UNAVAILABLE,OBSERVATION_INSUFFICIENT,6,0,0,False,0,0,False,INHERITED_RAW_PRICE_BASIS,False,False
2025-07-25|137A0,2025-07-25,137A0,10:00,12:40,100,PARTIAL,1,4,,,SCALE_INSUFFICIENT,,True,,,,CURRENT_BAR_UNAVAILABLE,OBSERVATION_INSUFFICIENT,7,0,0,False,0,0,False,INHERITED_RAW_PRICE_BASIS,False,False
2025-07-25|137A0,2025-07-25,137A0,10:00,12:45,105,PARTIAL,3,2,,,SCALE_INSUFFICIENT,,True,,,,SCALE_UNAVAILABLE,OBSERVATION_INSUFFICIENT,9,0,0,False,0,0,False,INHERITED_RAW_PRICE_BASIS,False,False
2025-07-25|137A0,2025-07-25,137A0,10:00,12:50,110,UNAVAILABLE,0,5,,,SCALE_INSUFFICIENT,,True,,,,CURRENT_BAR_UNAVAILABLE,OBSERVATION_INSUFFICIENT,5,0,0,False,0,0,False,INHERITED_RAW_PRICE_BASIS,False,False
2025-07-25|137A0,2025-07-25,137A0,10:00,12:55,115,PARTIAL,1,4,,,SCALE_INSUFFICIENT,,True,,,,CURRENT_BAR_UNAVAILABLE,OBSERVATION_INSUFFICIENT,5,0,0,False,0,0,False,INHERITED_RAW_PRICE_BASIS,False,False
2025-07-25|137A0,2025-07-25,137A0,10:00,13:00,120,PARTIAL,4,1,,,SCALE_INSUFFICIENT,,True,,,,SCALE_UNAVAILABLE,OBSERVATION_INSUFFICIENT,7,0,0,False,0,0,False,INHERITED_RAW_PRICE_BASIS,False,False
2025-07-25|137A0,2025-07-25,137A0,10:00,13:05,125,PARTIAL,1,4,,,SCALE_INSUFFICIENT,,True,,,,CURRENT_BAR_UNAVAILABLE,OBSERVATION_INSUFFICIENT,5,0,0,False,0,0,False,INHERITED_RAW_PRICE_BASIS,False,False
2025-07-25|137A0,2025-07-25,137A0,10:00,13:10,130,PARTIAL,2,3,,,SCALE_INSUFFICIENT,,True,,,,CURRENT_BAR_UNAVAILABLE,OBSERVATION_INSUFFICIENT,2,0,0,False,0,0,False,INHERITED_RAW_PRICE_BASIS,False,False
2025-07-25|137A0,2025-07-25,137A0,10:00,13:15,135,PARTIAL,3,2,,,SCALE_INSUFFICIENT,,True,,,,CURRENT_BAR_UNAVAILABLE,WINDOW_OBSERVED,0,0,0,False,0,0,False,INHERITED_RAW_PRICE_BASIS,False,False
2025-07-25|137A0,2025-07-25,137A0,10:00,13:20,140,COMPLETE,5,0,UP,1.4727540500736378,SCALE_INSUFFICIENT,,True,,,,SCALE_UNAVAILABLE,OBSERVATION_INSUFFICIENT,4,0,0,False,0,0,False,INHERITED_RAW_PRICE_BASIS,False,False
2025-07-25|137A0,2025-07-25,137A0,10:00,13:25,145,COMPLETE,5,0,DOWN,-0.5083514887436456,SCALE_INSUFFICIENT,,True,,,RANGE_COMPRESSION,SCALE_UNAVAILABLE,OBSERVATION_INSUFFICIENT,5,0,0,False,0,0,False,INHERITED_RAW_PRICE_BASIS,True,False
2025-07-25|137A0,2025-07-25,137A0,10:00,13:30,150,PARTIAL,1,4,,,SCALE_INSUFFICIENT,,True,,,,CURRENT_BAR_UNAVAILABLE,OBSERVATION_INSUFFICIENT,5,0,0,False,0,0,False,INHERITED_RAW_PRICE_BASIS,False,False
2025-07-25|137A0,2025-07-25,137A0,10:00,13:35,155,PARTIAL,4,1,,,SCALE_INSUFFICIENT,,True,,,,SCALE_UNAVAILABLE,OBSERVATION_INSUFFICIENT,5,0,0,False,0,0,False,INHERITED_RAW_PRICE_BASIS,False,False
2025-07-25|137A0,2025-07-25,137A0,10:00,13:40,160,PARTIAL,1,4,,,SCALE_INSUFFICIENT,,True,,,,CURRENT_BAR_UNAVAILABLE,OBSERVATION_INSUFFICIENT,4,0,0,False,0,0,False,INHERITED_RAW_PRICE_BASIS,False,False
2025-07-25|137A0,2025-07-25,137A0,10:00,13:45,165,PARTIAL,4,1,,,SCALE_INSUFFICIENT,,True,,,,SCALE_UNAVAILABLE,OBSERVATION_INSUFFICIENT,6,0,0,False,0,0,False,INHERITED_RAW_PRICE_BASIS,False,False
2025-07-25|137A0,2025-07-25,137A0,10:00,13:50,170,PARTIAL,2,3,,,SCALE_INSUFFICIENT,,True,,,,SCALE_UNAVAILABLE,OBSERVATION_INSUFFICIENT,6,0,0,False,0,0,False,INHERITED_RAW_PRICE_BASIS,False,False
2025-07-25|137A0,2025-07-25,137A0,10:00,13:55,175,PARTIAL,2,3,,,SCALE_INSUFFICIENT,,True,,,,CURRENT_BAR_UNAVAILABLE,OBSERVATION_INSUFFICIENT,8,0,0,False,0,0,False,INHERITED_RAW_PRICE_BASIS,False,False
2025-07-25|137A0,2025-07-25,137A0,10:00,14:00,180,PARTIAL,2,3,,,SCALE_INSUFFICIENT,,True,,,,CURRENT_BAR_UNAVAILABLE,OBSERVATION_INSUFFICIENT,10,0,0,False,0,0,False,INHERITED_RAW_PRICE_BASIS,False,False
2025-07-25|137A0,2025-07-25,137A0,10:00,14:05,185,UNAVAILABLE,0,5,,,SCALE_INSUFFICIENT,,True,,,,CURRENT_BAR_UNAVAILABLE,OBSERVATION_INSUFFICIENT,8,0,0,False,0,0,False,INHERITED_RAW_PRICE_BASIS,False,False
2025-07-25|137A0,2025-07-25,137A0,10:00,14:10,190,UNAVAILABLE,0,5,,,SCALE_INSUFFICIENT,,True,,,,CURRENT_BAR_UNAVAILABLE,OBSERVATION_INSUFFICIENT,5,0,0,False,0,0,False,INHERITED_RAW_PRICE_BASIS,False,False
2025-07-25|137A0,2025-07-25,137A0,10:00,14:15,195,PARTIAL,2,3,,,SCALE_INSUFFICIENT,,True,,,,SCALE_UNAVAILABLE,OBSERVATION_INSUFFICIENT,6,0,0,False,0,0,False,INHERITED_RAW_PRICE_BASIS,False,False
2025-07-25|137A0,2025-07-25,137A0,10:00,14:20,200,PARTIAL,3,2,,,SCALE_INSUFFICIENT,,True,,,,SCALE_UNAVAILABLE,OBSERVATION_INSUFFICIENT,6,0,0,False,0,0,False,INHERITED_RAW_PRICE_BASIS,False,False
2025-07-25|137A0,2025-07-25,137A0,10:00,14:25,205,PARTIAL,1,4,,,SCALE_INSUFFICIENT,,True,,,,CURRENT_BAR_UNAVAILABLE,OBSERVATION_INSUFFICIENT,7,0,0,False,0,0,False,INHERITED_RAW_PRICE_BASIS,False,False
2025-07-25|137A0,2025-07-25,137A0,10:00,14:30,210,PARTIAL,3,2,,,SCALE_INSUFFICIENT,,True,,,,SCALE_UNAVAILABLE,OBSERVATION_INSUFFICIENT,10,0,0,False,0,0,False,INHERITED_RAW_PRICE_BASIS,False,False
2025-07-25|137A0,2025-07-25,137A0,10:00,14:35,215,UNAVAILABLE,0,5,,,SCALE_INSUFFICIENT,,True,,,,CURRENT_BAR_UNAVAILABLE,OBSERVATION_INSUFFICIENT,6,0,0,False,0,0,False,INHERITED_RAW_PRICE_BASIS,False,False
2025-07-25|137A0,2025-07-25,137A0,10:00,14:40,220,UNAVAILABLE,0,5,,,SCALE_INSUFFICIENT,,True,,,,CURRENT_BAR_UNAVAILABLE,OBSERVATION_INSUFFICIENT,6,0,0,False,0,0,False,INHERITED_RAW_PRICE_BASIS,False,False
2025-07-25|137A0,2025-07-25,137A0,10:00,14:45,225,PARTIAL,4,1,,,SCALE_INSUFFICIENT,,True,,,,SCALE_UNAVAILABLE,OBSERVATION_INSUFFICIENT,8,0,0,False,0,0,False,INHERITED_RAW_PRICE_BASIS,False,False
2025-07-25|137A0,2025-07-25,137A0,10:00,14:50,230,UNAVAILABLE,0,5,,,SCALE_INSUFFICIENT,,True,,,,CURRENT_BAR_UNAVAILABLE,OBSERVATION_INSUFFICIENT,8,0,0,False,0,0,False,INHERITED_RAW_PRICE_BASIS,False,False
2025-07-25|137A0,2025-07-25,137A0,10:00,14:55,235,PARTIAL,2,3,,,SCALE_INSUFFICIENT,,True,,,,SCALE_UNAVAILABLE,OBSERVATION_INSUFFICIENT,9,0,0,False,0,0,False,INHERITED_RAW_PRICE_BASIS,False,False
2025-07-25|137A0,2025-07-25,137A0,10:00,15:00,240,UNAVAILABLE,0,5,,,SCALE_INSUFFICIENT,,True,,,,CURRENT_BAR_UNAVAILABLE,OBSERVATION_INSUFFICIENT,7,0,0,False,0,0,False,INHERITED_RAW_PRICE_BASIS,False,False
2025-07-25|137A0,2025-07-25,137A0,10:00,15:05,245,PARTIAL,1,4,,,SCALE_INSUFFICIENT,,True,,,,CURRENT_BAR_UNAVAILABLE,OBSERVATION_INSUFFICIENT,6,0,0,False,0,0,False,INHERITED_RAW_PRICE_BASIS,False,False
2025-07-25|137A0,2025-07-25,137A0,10:00,15:10,250,PARTIAL,2,3,,,SCALE_INSUFFICIENT,,True,,,,CURRENT_BAR_UNAVAILABLE,OBSERVATION_INSUFFICIENT,4,0,0,False,0,0,False,INHERITED_RAW_PRICE_BASIS,False,False
2025-07-25|137A0,2025-07-25,137A0,10:00,15:15,255,PARTIAL,2,3,,,SCALE_INSUFFICIENT,,True,,,,CURRENT_BAR_UNAVAILABLE,OBSERVATION_INSUFFICIENT,4,0,0,False,0,0,False,INHERITED_RAW_PRICE_BASIS,False,False
2025-07-25|137A0,2025-07-25,137A0,10:00,15:20,260,PARTIAL,4,1,,,SCALE_INSUFFICIENT,,True,,,,CURRENT_BAR_UNAVAILABLE,RIGHT_CENSORED,3,0,0,False,0,0,False,INHERITED_RAW_PRICE_BASIS,False,False
2025-07-25|137A0,2025-07-25,137A0,10:00,15:25,265,PARTIAL,2,3,,,SCALE_INSUFFICIENT,,True,,,,SCALE_UNAVAILABLE,RIGHT_CENSORED,0,0,0,False,0,0,False,INHERITED_RAW_PRICE_BASIS,False,False
2025-07-25|13820,2025-07-25,13820,10:30,10:30,0,COMPLETE,5,0,UNCHANGED,0.0,SCALE_INSUFFICIENT,,True,,,,SCALE_UNAVAILABLE,OBSERVATION_INSUFFICIENT,10,0,0,False,0,0,False,INHERITED_RAW_PRICE_BASIS,False,False
2025-07-25|13820,2025-07-25,13820,10:30,10:35,5,UNAVAILABLE,0,5,,,SCALE_INSUFFICIENT,,True,,,,CURRENT_BAR_UNAVAILABLE,OBSERVATION_INSUFFICIENT,9,0,0,False,0,0,False,INHERITED_RAW_PRICE_BASIS,False,False
2025-07-25|13820,2025-07-25,13820,10:30,10:40,10,UNAVAILABLE,0,5,,,SCALE_INSUFFICIENT,,True,,,,CURRENT_BAR_UNAVAILABLE,OBSERVATION_INSUFFICIENT,6,0,0,False,0,0,False,INHERITED_RAW_PRICE_BASIS,False,False
2025-07-25|13820,2025-07-25,13820,10:30,10:45,15,PARTIAL,1,4,,,SCALE_INSUFFICIENT,,True,,,,CURRENT_BAR_UNAVAILABLE,OBSERVATION_INSUFFICIENT,7,0,0,False,1,0,False,INHERITED_RAW_PRICE_BASIS,False,False
2025-07-25|13820,2025-07-25,13820,10:30,10:50,20,PARTIAL,3,2,,,SCALE_INSUFFICIENT,,True,,,,CURRENT_BAR_UNAVAILABLE,OBSERVATION_INSUFFICIENT,9,0,0,False,0,1,False,INHERITED_RAW_PRICE_BASIS,False,False
2025-07-25|13820,2025-07-25,13820,10:30,10:55,25,UNAVAILABLE,0,5,,,SCALE_INSUFFICIENT,,True,,,,CURRENT_BAR_UNAVAILABLE,OBSERVATION_INSUFFICIENT,9,0,0,False,0,0,False,INHERITED_RAW_PRICE_BASIS,False,False
2025-07-25|13820,2025-07-25,13820,10:30,11:00,30,PARTIAL,1,4,,,SCALE_INSUFFICIENT,,True,,,,CURRENT_BAR_UNAVAILABLE,OBSERVATION_INSUFFICIENT,10,0,0,False,0,0,False,INHERITED_RAW_PRICE_BASIS,False,False
2025-07-25|13820,2025-07-25,13820,10:30,11:05,35,UNAVAILABLE,0,5,,,SCALE_INSUFFICIENT,,True,,,,CURRENT_BAR_UNAVAILABLE,OBSERVATION_INSUFFICIENT,10,0,0,False,0,0,False,INHERITED_RAW_PRICE_BASIS,False,False
2025-07-25|13820,2025-07-25,13820,10:30,11:10,40,UNAVAILABLE,0,5,,,SCALE_INSUFFICIENT,,True,,,,CURRENT_BAR_UNAVAILABLE,OBSERVATION_INSUFFICIENT,10,0,0,False,0,0,False,INHERITED_RAW_PRICE_BASIS,False,False
2025-07-25|13820,2025-07-25,13820,10:30,11:15,45,UNAVAILABLE,0,5,,,SCALE_INSUFFICIENT,,True,,,,CURRENT_BAR_UNAVAILABLE,OBSERVATION_INSUFFICIENT,10,0,0,False,0,0,False,INHERITED_RAW_PRICE_BASIS,False,False
2025-07-25|13820,2025-07-25,13820,10:30,11:20,50,UNAVAILABLE,0,5,,,SCALE_INSUFFICIENT,,True,,,,CURRENT_BAR_UNAVAILABLE,OBSERVATION_INSUFFICIENT,10,0,0,False,0,0,False,INHERITED_RAW_PRICE_BASIS,False,False
2025-07-25|13820,2025-07-25,13820,10:30,11:25,55,UNAVAILABLE,0,5,,,SCALE_INSUFFICIENT,,True,,,,CURRENT_BAR_UNAVAILABLE,OBSERVATION_INSUFFICIENT,10,0,0,False,0,0,False,INHERITED_RAW_PRICE_BASIS,False,False
2025-07-25|13820,2025-07-25,13820,10:30,11:30,60,UNAVAILABLE,0,5,,,SCALE_INSUFFICIENT,,True,,,,CURRENT_BAR_UNAVAILABLE,OBSERVATION_INSUFFICIENT,9,0,0,False,0,0,False,INHERITED_RAW_PRICE_BASIS,False,False
2025-07-25|13820,2025-07-25,13820,10:30,12:35,65,UNAVAILABLE,0,5,,,SCALE_INSUFFICIENT,,True,,,,CURRENT_BAR_UNAVAILABLE,OBSERVATION_INSUFFICIENT,9,0,0,False,0,0,False,INHERITED_RAW_PRICE_BASIS,False,False
2025-07-25|13820,2025-07-25,13820,10:30,12:40,70,PARTIAL,1,4,,,SCALE_INSUFFICIENT,,True,,,,CURRENT_BAR_UNAVAILABLE,OBSERVATION_INSUFFICIENT,10,0,0,False,0,0,False,INHERITED_RAW_PRICE_BASIS,False,False
2025-07-25|13820,2025-07-25,13820,10:30,12:45,75,UNAVAILABLE,0,5,,,SCALE_INSUFFICIENT,,True,,,,CURRENT_BAR_UNAVAILABLE,OBSERVATION_INSUFFICIENT,10,0,0,False,0,0,False,INHERITED_RAW_PRICE_BASIS,False,False
2025-07-25|13820,2025-07-25,13820,10:30,12:50,80,UNAVAILABLE,0,5,,,SCALE_INSUFFICIENT,,True,,,,CURRENT_BAR_UNAVAILABLE,OBSERVATION_INSUFFICIENT,10,0,0,False,0,0,False,INHERITED_RAW_PRICE_BASIS,False,False
2025-07-25|13820,2025-07-25,13820,10:30,12:55,85,UNAVAILABLE,0,5,,,SCALE_INSUFFICIENT,,True,,,,CURRENT_BAR_UNAVAILABLE,OBSERVATION_INSUFFICIENT,8,0,0,False,0,0,False,INHERITED_RAW_PRICE_BASIS,False,False
2025-07-25|13820,2025-07-25,13820,10:30,13:00,90,UNAVAILABLE,0,5,,,SCALE_INSUFFICIENT,,True,,,,CURRENT_BAR_UNAVAILABLE,OBSERVATION_INSUFFICIENT,8,0,0,False,0,0,False,INHERITED_RAW_PRICE_BASIS,False,False
2025-07-25|13820,2025-07-25,13820,10:30,13:05,95,PARTIAL,2,3,,,SCALE_INSUFFICIENT,,True,,,,CURRENT_BAR_UNAVAILABLE,OBSERVATION_INSUFFICIENT,10,0,0,False,0,0,False,INHERITED_RAW_PRICE_BASIS,False,False
2025-07-25|13820,2025-07-25,13820,10:30,13:10,100,UNAVAILABLE,0,5,,,SCALE_INSUFFICIENT,,True,,,,CURRENT_BAR_UNAVAILABLE,OBSERVATION_INSUFFICIENT,10,0,0,False,0,0,False,INHERITED_RAW_PRICE_BASIS,False,False
2025-07-25|13820,2025-07-25,13820,10:30,13:15,105,UNAVAILABLE,0,5,,,SCALE_INSUFFICIENT,,True,,,,CURRENT_BAR_UNAVAILABLE,OBSERVATION_INSUFFICIENT,10,0,0,False,0,0,False,INHERITED_RAW_PRICE_BASIS,False,False
2025-07-25|13820,2025-07-25,13820,10:30,13:20,110,UNAVAILABLE,0,5,,,SCALE_INSUFFICIENT,,True,,,,CURRENT_BAR_UNAVAILABLE,OBSERVATION_INSUFFICIENT,9,0,0,False,0,0,False,INHERITED_RAW_PRICE_BASIS,False,False
2025-07-25|13820,2025-07-25,13820,10:30,13:25,115,UNAVAILABLE,0,5,,,SCALE_INSUFFICIENT,,True,,,,CURRENT_BAR_UNAVAILABLE,OBSERVATION_INSUFFICIENT,8,0,0,False,0,0,False,INHERITED_RAW_PRICE_BASIS,False,False
2025-07-25|13820,2025-07-25,13820,10:30,13:30,120,PARTIAL,1,4,,,SCALE_INSUFFICIENT,,True,,,,SCALE_UNAVAILABLE,OBSERVATION_INSUFFICIENT,8,0,0,False,0,0,False,INHERITED_RAW_PRICE_BASIS,False,False
2025-07-25|13820,2025-07-25,13820,10:30,13:35,125,PARTIAL,1,4,,,SCALE_INSUFFICIENT,,True,,,,CURRENT_BAR_UNAVAILABLE,OBSERVATION_INSUFFICIENT,8,0,0,False,0,0,False,INHERITED_RAW_PRICE_BASIS,False,False
2025-07-25|13820,2025-07-25,13820,10:30,13:40,130,PARTIAL,1,4,,,SCALE_INSUFFICIENT,,True,,,,CURRENT_BAR_UNAVAILABLE,OBSERVATION_INSUFFICIENT,9,0,0,False,0,0,False,INHERITED_RAW_PRICE_BASIS,False,False
2025-07-25|13820,2025-07-25,13820,10:30,13:45,135,PARTIAL,1,4,,,SCALE_INSUFFICIENT,,True,,,,CURRENT_BAR_UNAVAILABLE,OBSERVATION_INSUFFICIENT,10,0,0,False,0,0,False,INHERITED_RAW_PRICE_BASIS,False,False
2025-07-25|13820,2025-07-25,13820,10:30,13:50,140,UNAVAILABLE,0,5,,,SCALE_INSUFFICIENT,,True,,,,CURRENT_BAR_UNAVAILABLE,OBSERVATION_INSUFFICIENT,10,0,0,False,0,0,False,INHERITED_RAW_PRICE_BASIS,False,False
2025-07-25|13820,2025-07-25,13820,10:30,13:55,145,UNAVAILABLE,0,5,,,SCALE_INSUFFICIENT,,True,,,,CURRENT_BAR_UNAVAILABLE,OBSERVATION_INSUFFICIENT,10,0,0,False,0,0,False,INHERITED_RAW_PRICE_BASIS,False,False
2025-07-25|13820,2025-07-25,13820,10:30,14:00,150,UNAVAILABLE,0,5,,,SCALE_INSUFFICIENT,,True,,,,CURRENT_BAR_UNAVAILABLE,OBSERVATION_INSUFFICIENT,10,0,0,False,0,0,False,INHERITED_RAW_PRICE_BASIS,False,False
2025-07-25|13820,2025-07-25,13820,10:30,14:05,155,UNAVAILABLE,0,5,,,SCALE_INSUFFICIENT,,True,,,,CURRENT_BAR_UNAVAILABLE,OBSERVATION_INSUFFICIENT,10,0,0,False,0,0,False,INHERITED_RAW_PRICE_BASIS,False,False
2025-07-25|13820,2025-07-25,13820,10:30,14:10,160,UNAVAILABLE,0,5,,,SCALE_INSUFFICIENT,,True,,,,CURRENT_BAR_UNAVAILABLE,OBSERVATION_INSUFFICIENT,10,0,0,False,0,0,False,INHERITED_RAW_PRICE_BASIS,False,False
2025-07-25|13820,2025-07-25,13820,10:30,14:15,165,UNAVAILABLE,0,5,,,SCALE_INSUFFICIENT,,True,,,,CURRENT_BAR_UNAVAILABLE,OBSERVATION_INSUFFICIENT,10,0,0,False,0,0,False,INHERITED_RAW_PRICE_BASIS,False,False
2025-07-25|13820,2025-07-25,13820,10:30,14:20,170,UNAVAILABLE,0,5,,,SCALE_INSUFFICIENT,,True,,,,CURRENT_BAR_UNAVAILABLE,OBSERVATION_INSUFFICIENT,10,0,0,False,0,0,False,INHERITED_RAW_PRICE_BASIS,False,False
2025-07-25|13820,2025-07-25,13820,10:30,14:25,175,UNAVAILABLE,0,5,,,SCALE_INSUFFICIENT,,True,,,,CURRENT_BAR_UNAVAILABLE,OBSERVATION_INSUFFICIENT,10,0,0,False,0,0,False,INHERITED_RAW_PRICE_BASIS,False,False
2025-07-25|13820,2025-07-25,13820,10:30,14:30,180,UNAVAILABLE,0,5,,,SCALE_INSUFFICIENT,,True,,,,CURRENT_BAR_UNAVAILABLE,OBSERVATION_INSUFFICIENT,10,0,0,False,0,0,False,INHERITED_RAW_PRICE_BASIS,False,False
2025-07-25|13820,2025-07-25,13820,10:30,14:35,185,UNAVAILABLE,0,5,,,SCALE_INSUFFICIENT,,True,,,,CURRENT_BAR_UNAVAILABLE,OBSERVATION_INSUFFICIENT,10,0,0,False,0,0,False,INHERITED_RAW_PRICE_BASIS,False,False
2025-07-25|13820,2025-07-25,13820,10:30,14:40,190,UNAVAILABLE,0,5,,,SCALE_INSUFFICIENT,,True,,,,CURRENT_BAR_UNAVAILABLE,OBSERVATION_INSUFFICIENT,10,0,0,False,0,0,False,INHERITED_RAW_PRICE_BASIS,False,False
2025-07-25|13820,2025-07-25,13820,10:30,14:45,195,UNAVAILABLE,0,5,,,SCALE_INSUFFICIENT,,True,,,,CURRENT_BAR_UNAVAILABLE,OBSERVATION_INSUFFICIENT,10,0,0,False,0,0,False,INHERITED_RAW_PRICE_BASIS,False,False
2025-07-25|13820,2025-07-25,13820,10:30,14:50,200,UNAVAILABLE,0,5,,,SCALE_INSUFFICIENT,,True,,,,CURRENT_BAR_UNAVAILABLE,OBSERVATION_INSUFFICIENT,10,0,0,False,0,0,False,INHERITED_RAW_PRICE_BASIS,False,False
2025-07-25|13820,2025-07-25,13820,10:30,14:55,205,UNAVAILABLE,0,5,,,SCALE_INSUFFICIENT,,True,,,,CURRENT_BAR_UNAVAILABLE,OBSERVATION_INSUFFICIENT,10,0,0,False,0,0,False,INHERITED_RAW_PRICE_BASIS,False,False
2025-07-25|13820,2025-07-25,13820,10:30,15:00,210,UNAVAILABLE,0,5,,,SCALE_INSUFFICIENT,,True,,,,CURRENT_BAR_UNAVAILABLE,OBSERVATION_INSUFFICIENT,10,0,0,False,0,0,False,INHERITED_RAW_PRICE_BASIS,False,False
2025-07-25|13820,2025-07-25,13820,10:30,15:05,215,UNAVAILABLE,0,5,,,SCALE_INSUFFICIENT,,True,,,,CURRENT_BAR_UNAVAILABLE,OBSERVATION_INSUFFICIENT,10,0,0,False,0,0,False,INHERITED_RAW_PRICE_BASIS,False,False
2025-07-25|13820,2025-07-25,13820,10:30,15:10,220,UNAVAILABLE,0,5,,,SCALE_INSUFFICIENT,,True,,,,CURRENT_BAR_UNAVAILABLE,OBSERVATION_INSUFFICIENT,10,0,0,False,0,0,False,INHERITED_RAW_PRICE_BASIS,False,False
2025-07-25|13820,2025-07-25,13820,10:30,15:15,225,UNAVAILABLE,0,5,,,SCALE_INSUFFICIENT,,True,,,,CURRENT_BAR_UNAVAILABLE,OBSERVATION_INSUFFICIENT,10,0,0,False,0,0,False,INHERITED_RAW_PRICE_BASIS,False,False
2025-07-25|13820,2025-07-25,13820,10:30,15:20,230,UNAVAILABLE,0,5,,,SCALE_INSUFFICIENT,,True,,,,CURRENT_BAR_UNAVAILABLE,RIGHT_CENSORED,5,0,0,False,0,0,False,INHERITED_RAW_PRICE_BASIS,False,False
2025-07-25|13820,2025-07-25,13820,10:30,15:25,235,UNAVAILABLE,0,5,,,SCALE_INSUFFICIENT,,True,,,,CURRENT_BAR_UNAVAILABLE,RIGHT_CENSORED,0,0,0,False,0,0,False,INHERITED_RAW_PRICE_BASIS,False,False
2025-07-25|23420,2025-07-25,23420,09:30,09:30,0,COMPLETE,5,0,DOWN,-0.5154639175257731,AVAILABLE,3.0,True,,RECOVERY,RANGE_COMPRESSION|VOLUME_COMPRESSION|TRADING_VALUE_COMPRESSION,UNRESOLVED_STRUCTURE,OBSERVATION_INSUFFICIENT,2,0,2,False,0,0,True,INHERITED_RAW_PRICE_BASIS,False,False
2025-07-25|23420,2025-07-25,23420,09:30,09:35,5,PARTIAL,4,1,,,AVAILABLE,3.0,True,,,,UNRESOLVED_STRUCTURE,OBSERVATION_INSUFFICIENT,1,0,0,False,0,0,False,INHERITED_RAW_PRICE_BASIS,False,False
2025-07-25|23420,2025-07-25,23420,09:30,09:40,10,PARTIAL,4,1,,,AVAILABLE,3.0,True,,,,UNRESOLVED_STRUCTURE,OBSERVATION_INSUFFICIENT,1,0,0,False,0,0,False,INHERITED_RAW_PRICE_BASIS,False,False
2025-07-25|23420,2025-07-25,23420,09:30,09:45,15,COMPLETE,5,0,UNCHANGED,0.0,AVAILABLE,3.0,True,,,,UNRESOLVED_STRUCTURE,OBSERVATION_INSUFFICIENT,3,0,0,False,0,0,False,INHERITED_RAW_PRICE_BASIS,False,False
2025-07-25|23420,2025-07-25,23420,09:30,09:50,20,PARTIAL,4,1,,,AVAILABLE,3.0,True,,,,UNRESOLVED_STRUCTURE,OBSERVATION_INSUFFICIENT,2,0,0,False,0,0,False,INHERITED_RAW_PRICE_BASIS,False,False
2025-07-25|23420,2025-07-25,23420,09:30,09:55,25,PARTIAL,3,2,,,AVAILABLE,3.0,True,,,,UNRESOLVED_STRUCTURE,OBSERVATION_INSUFFICIENT,2,0,0,False,0,0,False,INHERITED_RAW_PRICE_BASIS,False,False
2025-07-25|23420,2025-07-25,23420,09:30,10:00,30,COMPLETE,5,0,UP,0.5181347150259067,AVAILABLE,3.0,True,,,,UNRESOLVED_STRUCTURE,OBSERVATION_INSUFFICIENT,2,0,0,False,0,0,False,INHERITED_RAW_PRICE_BASIS,False,False
2025-07-25|23420,2025-07-25,23420,09:30,10:05,35,PARTIAL,3,2,,,AVAILABLE,3.0,True,,,,UNRESOLVED_STRUCTURE,OBSERVATION_INSUFFICIENT,2,0,0,False,0,0,False,INHERITED_RAW_PRICE_BASIS,False,False
2025-07-25|23420,2025-07-25,23420,09:30,10:10,40,COMPLETE,5,0,UNCHANGED,0.0,AVAILABLE,3.0,True,,,,UNRESOLVED_STRUCTURE,OBSERVATION_INSUFFICIENT,5,1,1,False,0,0,False,INHERITED_RAW_PRICE_BASIS,False,False
2025-07-25|23420,2025-07-25,23420,09:30,10:15,45,PARTIAL,3,2,,,AVAILABLE,3.0,True,,,,UNRESOLVED_STRUCTURE,OBSERVATION_INSUFFICIENT,4,0,0,False,0,0,False,INHERITED_RAW_PRICE_BASIS,False,False
2025-07-25|23420,2025-07-25,23420,09:30,10:20,50,PARTIAL,2,3,,,AVAILABLE,3.0,True,,,,UNRESOLVED_STRUCTURE,OBSERVATION_INSUFFICIENT,5,0,0,False,0,0,False,INHERITED_RAW_PRICE_BASIS,False,False
2025-07-25|23420,2025-07-25,23420,09:30,10:25,55,PARTIAL,4,1,,,AVAILABLE,3.0,True,,,,CURRENT_BAR_UNAVAILABLE,OBSERVATION_INSUFFICIENT,7,0,0,False,0,0,False,INHERITED_RAW_PRICE_BASIS,False,False
2025-07-25|23420,2025-07-25,23420,09:30,10:30,60,PARTIAL,1,4,,,AVAILABLE,3.0,True,,,,CURRENT_BAR_UNAVAILABLE,OBSERVATION_INSUFFICIENT,6,0,0,False,0,0,False,INHERITED_RAW_PRICE_BASIS,False,False
2025-07-25|23420,2025-07-25,23420,09:30,10:35,65,PARTIAL,2,3,,,AVAILABLE,3.0,True,,,,CURRENT_BAR_UNAVAILABLE,OBSERVATION_INSUFFICIENT,5,0,0,False,0,0,False,INHERITED_RAW_PRICE_BASIS,False,False
2025-07-25|23420,2025-07-25,23420,09:30,10:40,70,PARTIAL,2,3,,,AVAILABLE,3.0,True,,,,UNRESOLVED_STRUCTURE,OBSERVATION_INSUFFICIENT,5,0,0,False,0,0,False,INHERITED_RAW_PRICE_BASIS,False,False
2025-07-25|23420,2025-07-25,23420,09:30,10:45,75,PARTIAL,3,2,,,AVAILABLE,3.0,True,,,,UNRESOLVED_STRUCTURE,OBSERVATION_INSUFFICIENT,6,0,0,False,0,0,False,INHERITED_RAW_PRICE_BASIS,False,False
2025-07-25|23420,2025-07-25,23420,09:30,10:50,80,PARTIAL,2,3,,,AVAILABLE,3.0,True,,,,CURRENT_BAR_UNAVAILABLE,OBSERVATION_INSUFFICIENT,6,0,0,False,0,0,False,INHERITED_RAW_PRICE_BASIS,False,False
2025-07-25|23420,2025-07-25,23420,09:30,10:55,85,PARTIAL,2,3,,,AVAILABLE,3.0,True,,,,CURRENT_BAR_UNAVAILABLE,OBSERVATION_INSUFFICIENT,6,0,0,False,0,0,False,INHERITED_RAW_PRICE_BASIS,False,False
2025-07-25|23420,2025-07-25,23420,09:30,11:00,90,PARTIAL,2,3,,,AVAILABLE,3.0,True,,,,UNRESOLVED_STRUCTURE,OBSERVATION_INSUFFICIENT,5,0,0,False,0,0,False,INHERITED_RAW_PRICE_BASIS,False,False
2025-07-25|23420,2025-07-25,23420,09:30,11:05,95,PARTIAL,2,3,,,AVAILABLE,3.0,True,,,,CURRENT_BAR_UNAVAILABLE,OBSERVATION_INSUFFICIENT,2,0,0,False,0,0,False,INHERITED_RAW_PRICE_BASIS,False,False
2025-07-25|23420,2025-07-25,23420,09:30,11:10,100,PARTIAL,3,2,,,AVAILABLE,3.0,True,,,,CURRENT_BAR_UNAVAILABLE,OBSERVATION_INSUFFICIENT,4,0,0,False,0,0,False,INHERITED_RAW_PRICE_BASIS,False,False
2025-07-25|23420,2025-07-25,23420,09:30,11:15,105,COMPLETE,5,0,UNCHANGED,0.0,AVAILABLE,3.0,True,,,,UNRESOLVED_STRUCTURE,OBSERVATION_INSUFFICIENT,8,0,0,False,0,0,False,INHERITED_RAW_PRICE_BASIS,False,False
2025-07-25|23420,2025-07-25,23420,09:30,11:20,110,PARTIAL,1,4,,,AVAILABLE,3.0,True,,,,UNRESOLVED_STRUCTURE,OBSERVATION_INSUFFICIENT,6,0,0,False,0,0,False,INHERITED_RAW_PRICE_BASIS,False,False
2025-07-25|23420,2025-07-25,23420,09:30,11:25,115,PARTIAL,1,4,,,AVAILABLE,3.0,True,,,,CURRENT_BAR_UNAVAILABLE,OBSERVATION_INSUFFICIENT,4,0,0,False,0,0,False,INHERITED_RAW_PRICE_BASIS,False,False
2025-07-25|23420,2025-07-25,23420,09:30,11:30,120,PARTIAL,3,2,,,AVAILABLE,3.0,True,,,,UNRESOLVED_STRUCTURE,OBSERVATION_INSUFFICIENT,2,0,0,False,0,0,False,INHERITED_RAW_PRICE_BASIS,False,False
2025-07-25|23420,2025-07-25,23420,09:30,12:35,125,PARTIAL,3,2,,,AVAILABLE,3.0,True,,,,UNRESOLVED_STRUCTURE,OBSERVATION_INSUFFICIENT,2,0,0,False,0,0,False,INHERITED_RAW_PRICE_BASIS,False,False
2025-07-25|23420,2025-07-25,23420,09:30,12:40,130,COMPLETE,5,0,DOWN,-0.5154639175257731,AVAILABLE,3.0,True,,,,UNRESOLVED_STRUCTURE,OBSERVATION_INSUFFICIENT,2,0,0,False,0,0,False,INHERITED_RAW_PRICE_BASIS,False,False
2025-07-25|23420,2025-07-25,23420,09:30,12:45,135,PARTIAL,3,2,,,AVAILABLE,3.0,True,,,,UNRESOLVED_STRUCTURE,OBSERVATION_INSUFFICIENT,2,0,0,False,0,0,False,INHERITED_RAW_PRICE_BASIS,False,False
2025-07-25|23420,2025-07-25,23420,09:30,12:50,140,COMPLETE,5,0,UNCHANGED,0.0,AVAILABLE,3.0,True,,,,UNRESOLVED_STRUCTURE,OBSERVATION_INSUFFICIENT,3,0,0,False,0,0,False,INHERITED_RAW_PRICE_BASIS,False,False
2025-07-25|23420,2025-07-25,23420,09:30,12:55,145,PARTIAL,3,2,,,AVAILABLE,3.0,True,,,,UNRESOLVED_STRUCTURE,OBSERVATION_INSUFFICIENT,5,0,0,False,0,0,False,INHERITED_RAW_PRICE_BASIS,False,False
2025-07-25|23420,2025-07-25,23420,09:30,13:00,150,PARTIAL,4,1,,,AVAILABLE,3.0,True,,,,UNRESOLVED_STRUCTURE,OBSERVATION_INSUFFICIENT,7,0,0,False,0,0,False,INHERITED_RAW_PRICE_BASIS,False,False
2025-07-25|23420,2025-07-25,23420,09:30,13:05,155,PARTIAL,1,4,,,AVAILABLE,3.0,True,,,,CURRENT_BAR_UNAVAILABLE,OBSERVATION_INSUFFICIENT,5,0,0,False,0,0,False,INHERITED_RAW_PRICE_BASIS,False,False
2025-07-25|23420,2025-07-25,23420,09:30,13:10,160,PARTIAL,2,3,,,AVAILABLE,3.0,True,,,,CURRENT_BAR_UNAVAILABLE,OBSERVATION_INSUFFICIENT,4,0,0,False,0,0,False,INHERITED_RAW_PRICE_BASIS,False,False
2025-07-25|23420,2025-07-25,23420,09:30,13:15,165,PARTIAL,3,2,,,AVAILABLE,3.0,True,,,,UNRESOLVED_STRUCTURE,OBSERVATION_INSUFFICIENT,5,0,0,False,0,0,False,INHERITED_RAW_PRICE_BASIS,False,False
2025-07-25|23420,2025-07-25,23420,09:30,13:20,170,PARTIAL,3,2,,,AVAILABLE,3.0,True,,,,UNRESOLVED_STRUCTURE,OBSERVATION_INSUFFICIENT,8,0,0,False,0,0,False,INHERITED_RAW_PRICE_BASIS,False,False
2025-07-25|23420,2025-07-25,23420,09:30,13:25,175,PARTIAL,2,3,,,AVAILABLE,3.0,True,,,,CURRENT_BAR_UNAVAILABLE,OBSERVATION_INSUFFICIENT,8,0,0,False,0,0,False,INHERITED_RAW_PRICE_BASIS,False,False
2025-07-25|23420,2025-07-25,23420,09:30,13:30,180,UNAVAILABLE,0,5,,,AVAILABLE,3.0,True,,,,CURRENT_BAR_UNAVAILABLE,OBSERVATION_INSUFFICIENT,4,0,0,False,0,0,False,INHERITED_RAW_PRICE_BASIS,False,False
2025-07-25|23420,2025-07-25,23420,09:30,13:35,185,PARTIAL,2,3,,,AVAILABLE,3.0,True,,,,CURRENT_BAR_UNAVAILABLE,OBSERVATION_INSUFFICIENT,3,0,0,False,0,0,False,INHERITED_RAW_PRICE_BASIS,False,False
2025-07-25|23420,2025-07-25,23420,09:30,13:40,190,PARTIAL,4,1,,,AVAILABLE,3.0,True,,,,UNRESOLVED_STRUCTURE,OBSERVATION_INSUFFICIENT,3,0,0,False,0,0,False,INHERITED_RAW_PRICE_BASIS,False,False
2025-07-25|23420,2025-07-25,23420,09:30,13:45,195,PARTIAL,3,2,,,AVAILABLE,3.0,True,,,,UNRESOLVED_STRUCTURE,OBSERVATION_INSUFFICIENT,4,0,0,False,0,0,False,INHERITED_RAW_PRICE_BASIS,False,False
2025-07-25|23420,2025-07-25,23420,09:30,13:50,200,PARTIAL,4,1,,,AVAILABLE,3.0,True,,,,CURRENT_BAR_UNAVAILABLE,OBSERVATION_INSUFFICIENT,7,0,0,False,0,0,False,INHERITED_RAW_PRICE_BASIS,False,False
2025-07-25|23420,2025-07-25,23420,09:30,13:55,205,PARTIAL,2,3,,,AVAILABLE,3.0,True,,,,CURRENT_BAR_UNAVAILABLE,OBSERVATION_INSUFFICIENT,6,0,0,False,0,1,False,INHERITED_RAW_PRICE_BASIS,False,False
2025-07-25|23420,2025-07-25,23420,09:30,14:00,210,PARTIAL,1,4,,,AVAILABLE,3.0,True,,,,UNRESOLVED_STRUCTURE,OBSERVATION_INSUFFICIENT,5,0,0,False,0,0,False,INHERITED_RAW_PRICE_BASIS,False,False
2025-07-25|23420,2025-07-25,23420,09:30,14:05,215,PARTIAL,3,2,,,AVAILABLE,3.0,True,,,,UNRESOLVED_STRUCTURE,OBSERVATION_INSUFFICIENT,4,0,0,False,0,0,False,INHERITED_RAW_PRICE_BASIS,False,False
2025-07-25|23420,2025-07-25,23420,09:30,14:10,220,PARTIAL,2,3,,,AVAILABLE,3.0,True,,,,UNRESOLVED_STRUCTURE,OBSERVATION_INSUFFICIENT,3,0,0,False,0,1,False,INHERITED_RAW_PRICE_BASIS,False,False
2025-07-25|23420,2025-07-25,23420,09:30,14:15,225,PARTIAL,4,1,,,AVAILABLE,3.0,True,,,,UNRESOLVED_STRUCTURE,OBSERVATION_INSUFFICIENT,4,0,0,False,0,1,False,INHERITED_RAW_PRICE_BASIS,False,False
2025-07-25|23420,2025-07-25,23420,09:30,14:20,230,PARTIAL,3,2,,,AVAILABLE,3.0,True,,,,UNRESOLVED_STRUCTURE,OBSERVATION_INSUFFICIENT,3,0,0,False,0,0,False,INHERITED_RAW_PRICE_BASIS,False,False
2025-07-25|23420,2025-07-25,23420,09:30,14:25,235,PARTIAL,3,2,,,AVAILABLE,3.0,True,,,,CURRENT_BAR_UNAVAILABLE,OBSERVATION_INSUFFICIENT,2,0,0,False,0,1,False,INHERITED_RAW_PRICE_BASIS,False,False
2025-07-25|23420,2025-07-25,23420,09:30,14:30,240,PARTIAL,4,1,,,AVAILABLE,3.0,True,,,,CURRENT_BAR_UNAVAILABLE,OBSERVATION_INSUFFICIENT,4,0,0,False,0,0,False,INHERITED_RAW_PRICE_BASIS,False,False
2025-07-25|23420,2025-07-25,23420,09:30,14:35,245,PARTIAL,4,1,,,AVAILABLE,3.0,True,,,,UNRESOLVED_STRUCTURE,OBSERVATION_INSUFFICIENT,3,0,0,False,0,1,False,INHERITED_RAW_PRICE_BASIS,False,False
2025-07-25|23420,2025-07-25,23420,09:30,14:40,250,PARTIAL,2,3,,,AVAILABLE,3.0,True,,,,CURRENT_BAR_UNAVAILABLE,OBSERVATION_INSUFFICIENT,2,0,0,False,0,0,False,INHERITED_RAW_PRICE_BASIS,False,False
2025-07-25|23420,2025-07-25,23420,09:30,14:45,255,COMPLETE,5,0,UP,1.0416666666666667,AVAILABLE,3.0,True,,,,UNRESOLVED_STRUCTURE,OBSERVATION_INSUFFICIENT,3,0,0,False,0,0,False,INHERITED_RAW_PRICE_BASIS,False,False
2025-07-25|23420,2025-07-25,23420,09:30,14:50,260,PARTIAL,3,2,,,AVAILABLE,3.0,True,,,,UNRESOLVED_STRUCTURE,OBSERVATION_INSUFFICIENT,1,0,0,False,0,0,False,INHERITED_RAW_PRICE_BASIS,False,False
2025-07-25|23420,2025-07-25,23420,09:30,14:55,265,PARTIAL,4,1,,,AVAILABLE,3.0,True,,,,CURRENT_BAR_UNAVAILABLE,OBSERVATION_INSUFFICIENT,3,0,0,False,0,0,False,INHERITED_RAW_PRICE_BASIS,False,False
2025-07-25|23420,2025-07-25,23420,09:30,15:00,270,COMPLETE,5,0,UNCHANGED,0.0,AVAILABLE,3.0,True,,,,UNRESOLVED_STRUCTURE,OBSERVATION_INSUFFICIENT,4,0,0,False,0,0,False,INHERITED_RAW_PRICE_BASIS,False,False
2025-07-25|23420,2025-07-25,23420,09:30,15:05,275,PARTIAL,2,3,,,AVAILABLE,3.0,True,,,,CURRENT_BAR_UNAVAILABLE,OBSERVATION_INSUFFICIENT,3,0,0,False,0,0,False,INHERITED_RAW_PRICE_BASIS,False,False
2025-07-25|23420,2025-07-25,23420,09:30,15:10,280,PARTIAL,4,1,,,AVAILABLE,3.0,True,,,,CURRENT_BAR_UNAVAILABLE,OBSERVATION_INSUFFICIENT,4,0,0,False,0,0,False,INHERITED_RAW_PRICE_BASIS,False,False
2025-07-25|23420,2025-07-25,23420,09:30,15:15,285,PARTIAL,3,2,,,AVAILABLE,3.0,True,,,,UNRESOLVED_STRUCTURE,OBSERVATION_INSUFFICIENT,3,0,0,False,0,0,False,INHERITED_RAW_PRICE_BASIS,False,False
2025-07-25|23420,2025-07-25,23420,09:30,15:20,290,PARTIAL,3,2,,,AVAILABLE,3.0,True,,,,CURRENT_BAR_UNAVAILABLE,RIGHT_CENSORED,1,0,0,False,0,0,False,INHERITED_RAW_PRICE_BASIS,False,False
2025-07-25|23420,2025-07-25,23420,09:30,15:25,295,PARTIAL,4,1,,,AVAILABLE,3.0,True,,,,UNRESOLVED_STRUCTURE,RIGHT_CENSORED,0,0,0,False,0,0,False,INHERITED_RAW_PRICE_BASIS,False,False
2025-07-25|265A0,2025-07-25,265A0,11:30,11:30,0,COMPLETE,5,0,DOWN,-1.1976047904191616,AVAILABLE,9.0,True,,,RANGE_EXPANSION|VOLUME_EXPANSION|TRADING_VALUE_EXPANSION,UNRESOLVED_STRUCTURE,WINDOW_OBSERVED,0,0,1,False,0,0,False,INHERITED_RAW_PRICE_BASIS,False,False
2025-07-25|265A0,2025-07-25,265A0,11:30,12:35,5,COMPLETE,5,0,DOWN,-0.708502024291498,AVAILABLE,9.0,True,,,,UNRESOLVED_STRUCTURE,WINDOW_OBSERVED,0,1,1,False,0,0,False,INHERITED_RAW_PRICE_BASIS,True,False
2025-07-25|265A0,2025-07-25,265A0,11:30,12:40,10,COMPLETE,5,0,DOWN,-0.10204081632653061,AVAILABLE,9.0,True,,,CHOPPINESS,UNRESOLVED_STRUCTURE,WINDOW_OBSERVED,0,0,1,False,2,1,False,INHERITED_RAW_PRICE_BASIS,True,False
2025-07-25|265A0,2025-07-25,265A0,11:30,12:45,15,COMPLETE,5,0,UP,0.30643513789581206,AVAILABLE,9.0,True,,,CHOPPINESS,UNRESOLVED_STRUCTURE,WINDOW_OBSERVED,0,0,1,False,0,0,False,INHERITED_RAW_PRICE_BASIS,True,False
2025-07-25|265A0,2025-07-25,265A0,11:30,12:50,20,COMPLETE,5,0,DOWN,-0.10204081632653061,AVAILABLE,9.0,True,,,VOLUME_COMPRESSION|TRADING_VALUE_COMPRESSION,UNRESOLVED_STRUCTURE,WINDOW_OBSERVED,0,0,1,False,0,0,False,INHERITED_RAW_PRICE_BASIS,True,False
2025-07-25|265A0,2025-07-25,265A0,11:30,12:55,25,COMPLETE,5,0,UP,0.10245901639344263,AVAILABLE,9.0,True,,RECOVERY,RANGE_EXPANSION|VOLUME_EXPANSION|TRADING_VALUE_EXPANSION,UNRESOLVED_STRUCTURE,WINDOW_OBSERVED,0,1,2,False,1,3,True,INHERITED_RAW_PRICE_BASIS,True,True
2025-07-25|265A0,2025-07-25,265A0,11:30,13:00,30,COMPLETE,5,0,UP,0.7164790174002047,AVAILABLE,9.0,True,,RECOVERY,,UNRESOLVED_STRUCTURE,WINDOW_OBSERVED,0,0,2,False,0,0,True,INHERITED_RAW_PRICE_BASIS,True,False
2025-07-25|265A0,2025-07-25,265A0,11:30,13:05,35,COMPLETE,5,0,DOWN,-0.4069175991861648,AVAILABLE,9.0,True,RANGE_STRUCTURE,BALANCE|RECOVERY,,IDENTIFIED,OBSERVATION_INSUFFICIENT,1,0,2,True,1,0,True,INHERITED_RAW_PRICE_BASIS,True,True
2025-07-25|265A0,2025-07-25,265A0,11:30,13:10,40,COMPLETE,5,0,DOWN,-0.20366598778004075,AVAILABLE,9.0,True,RANGE_STRUCTURE,BALANCE|RECOVERY,RANGE_COMPRESSION|VOLUME_COMPRESSION|TRADING_VALUE_COMPRESSION,IDENTIFIED,OBSERVATION_INSUFFICIENT,1,0,2,True,0,0,True,INHERITED_RAW_PRICE_BASIS,True,False
2025-07-25|265A0,2025-07-25,265A0,11:30,13:15,45,PARTIAL,4,1,,,AVAILABLE,9.0,True,,,,UNRESOLVED_STRUCTURE,WINDOW_OBSERVED,0,1,1,False,4,1,False,INHERITED_RAW_PRICE_BASIS,False,False
2025-07-25|265A0,2025-07-25,265A0,11:30,13:20,50,COMPLETE,5,0,DOWN,-0.20408163265306123,AVAILABLE,9.0,True,,,,UNRESOLVED_STRUCTURE,WINDOW_OBSERVED,0,0,1,False,0,0,False,INHERITED_RAW_PRICE_BASIS,False,False
2025-07-25|265A0,2025-07-25,265A0,11:30,13:25,55,COMPLETE,5,0,DOWN,-0.20449897750511248,AVAILABLE,9.0,True,,,RANGE_COMPRESSION,UNRESOLVED_STRUCTURE,WINDOW_OBSERVED,0,0,1,False,0,0,False,INHERITED_RAW_PRICE_BASIS,True,False
2025-07-25|265A0,2025-07-25,265A0,11:30,13:30,60,COMPLETE,5,0,DOWN,-1.3319672131147542,AVAILABLE,9.0,True,,RECOVERY,RANGE_EXPANSION|VOLUME_EXPANSION|TRADING_VALUE_EXPANSION,UNRESOLVED_STRUCTURE,WINDOW_OBSERVED,0,1,2,False,2,2,True,INHERITED_RAW_PRICE_BASIS,True,True
2025-07-25|265A0,2025-07-25,265A0,11:30,13:35,65,COMPLETE,5,0,UP,0.10351966873706005,AVAILABLE,9.0,True,,RECOVERY,RANGE_COMPRESSION|VOLUME_COMPRESSION|TRADING_VALUE_COMPRESSION,UNRESOLVED_STRUCTURE,WINDOW_OBSERVED,0,1,2,False,0,0,True,INHERITED_RAW_PRICE_BASIS,True,False
2025-07-25|265A0,2025-07-25,265A0,11:30,13:40,70,COMPLETE,5,0,UP,0.5181347150259067,AVAILABLE,9.0,True,,RECOVERY,,UNRESOLVED_STRUCTURE,WINDOW_OBSERVED,0,0,2,False,0,0,True,INHERITED_RAW_PRICE_BASIS,True,False
2025-07-25|265A0,2025-07-25,265A0,11:30,13:45,75,COMPLETE,5,0,UP,0.2066115702479339,AVAILABLE,9.0,True,,RECOVERY,VOLUME_EXPANSION|TRADING_VALUE_EXPANSION,UNRESOLVED_STRUCTURE,WINDOW_OBSERVED,0,0,2,False,1,2,True,INHERITED_RAW_PRICE_BASIS,True,False
2025-07-25|265A0,2025-07-25,265A0,11:30,13:50,80,COMPLETE,5,0,UP,0.9278350515463918,AVAILABLE,9.0,True,,RECOVERY,VOLUME_EXPANSION|TRADING_VALUE_EXPANSION,UNRESOLVED_STRUCTURE,WINDOW_OBSERVED,0,0,2,False,1,1,True,INHERITED_RAW_PRICE_BASIS,True,False
2025-07-25|265A0,2025-07-25,265A0,11:30,13:55,85,COMPLETE,5,0,UP,2.1494370522006143,AVAILABLE,9.0,True,,,RANGE_EXPANSION|VOLUME_EXPANSION|TRADING_VALUE_EXPANSION,UNRESOLVED_STRUCTURE,WINDOW_OBSERVED,0,1,3,False,1,1,False,INHERITED_RAW_PRICE_BASIS,True,True
2025-07-25|265A0,2025-07-25,265A0,11:30,14:00,90,COMPLETE,5,0,UP,0.10080645161290322,AVAILABLE,9.0,True,,,CHOPPINESS|RANGE_COMPRESSION|VOLUME_COMPRESSION|TRADING_VALUE_COMPRESSION,UNRESOLVED_STRUCTURE,WINDOW_OBSERVED,0,0,3,False,0,0,False,INHERITED_RAW_PRICE_BASIS,True,False
2025-07-25|265A0,2025-07-25,265A0,11:30,14:05,95,COMPLETE,5,0,UP,0.10070493454179255,AVAILABLE,9.0,True,UP_STRUCTURE,RECOVERY,CHOPPINESS,IDENTIFIED,OBSERVATION_INSUFFICIENT,1,1,4,False,0,0,True,INHERITED_RAW_PRICE_BASIS,True,True
2025-07-25|265A0,2025-07-25,265A0,11:30,14:10,100,COMPLETE,5,0,UP,0.6054490413723511,AVAILABLE,9.0,True,UP_STRUCTURE,PROGRESSION,RANGE_EXPANSION|VOLUME_EXPANSION|TRADING_VALUE_EXPANSION,IDENTIFIED,OBSERVATION_INSUFFICIENT,1,0,4,False,3,2,True,INHERITED_RAW_PRICE_BASIS,True,True
2025-07-25|265A0,2025-07-25,265A0,11:30,14:15,105,PARTIAL,4,1,,,AVAILABLE,9.0,True,,,,UNRESOLVED_STRUCTURE,WINDOW_OBSERVED,0,1,1,False,0,1,False,INHERITED_RAW_PRICE_BASIS,False,False
2025-07-25|265A0,2025-07-25,265A0,11:30,14:20,110,COMPLETE,5,0,UP,0.5005005005005005,AVAILABLE,9.0,True,,,,UNRESOLVED_STRUCTURE,WINDOW_OBSERVED,0,1,1,False,0,0,False,INHERITED_RAW_PRICE_BASIS,False,False
2025-07-25|265A0,2025-07-25,265A0,11:30,14:25,115,COMPLETE,5,0,UP,0.896414342629482,AVAILABLE,9.0,True,,,RANGE_EXPANSION|VOLUME_EXPANSION|TRADING_VALUE_EXPANSION,UNRESOLVED_STRUCTURE,WINDOW_OBSERVED,0,1,2,False,0,0,False,INHERITED_RAW_PRICE_BASIS,True,False
2025-07-25|265A0,2025-07-25,265A0,11:30,14:30,120,COMPLETE,5,0,DOWN,-1.0880316518298714,AVAILABLE,9.0,True,,,,UNRESOLVED_STRUCTURE,WINDOW_OBSERVED,0,0,2,False,0,0,False,INHERITED_RAW_PRICE_BASIS,True,False
2025-07-25|265A0,2025-07-25,265A0,11:30,14:35,125,COMPLETE,5,0,DOWN,-0.7,AVAILABLE,9.0,True,,,RANGE_COMPRESSION|VOLUME_COMPRESSION|TRADING_VALUE_COMPRESSION,UNRESOLVED_STRUCTURE,OBSERVATION_INSUFFICIENT,4,0,2,False,0,1,False,INHERITED_RAW_PRICE_BASIS,True,False
2025-07-25|265A0,2025-07-25,265A0,11:30,14:40,130,COMPLETE,5,0,DOWN,-0.30181086519114686,AVAILABLE,9.0,True,,,,UNRESOLVED_STRUCTURE,OBSERVATION_INSUFFICIENT,6,0,2,False,0,0,False,INHERITED_RAW_PRICE_BASIS,True,False
2025-07-25|265A0,2025-07-25,265A0,11:30,14:45,135,PARTIAL,1,4,,,AVAILABLE,9.0,True,,,,UNRESOLVED_STRUCTURE,OBSERVATION_INSUFFICIENT,2,0,0,False,0,0,False,INHERITED_RAW_PRICE_BASIS,False,False
2025-07-25|265A0,2025-07-25,265A0,11:30,14:50,140,PARTIAL,3,2,,,AVAILABLE,9.0,True,,,,UNRESOLVED_STRUCTURE,OBSERVATION_INSUFFICIENT,1,1,1,False,0,0,False,INHERITED_RAW_PRICE_BASIS,False,False
2025-07-25|265A0,2025-07-25,265A0,11:30,14:55,145,COMPLETE,5,0,UP,0.7028112449799196,AVAILABLE,9.0,True,,,,UNRESOLVED_STRUCTURE,OBSERVATION_INSUFFICIENT,1,0,1,False,0,0,False,INHERITED_RAW_PRICE_BASIS,False,False
2025-07-25|265A0,2025-07-25,265A0,11:30,15:00,150,PARTIAL,4,1,,,AVAILABLE,9.0,True,,,,CURRENT_BAR_UNAVAILABLE,OBSERVATION_INSUFFICIENT,1,0,0,False,0,0,False,INHERITED_RAW_PRICE_BASIS,False,False
2025-07-25|265A0,2025-07-25,265A0,11:30,15:05,155,COMPLETE,5,0,DOWN,-0.4975124378109453,AVAILABLE,9.0,True,,,,UNRESOLVED_STRUCTURE,OBSERVATION_INSUFFICIENT,1,0,0,False,0,0,False,INHERITED_RAW_PRICE_BASIS,False,False
2025-07-25|265A0,2025-07-25,265A0,11:30,15:10,160,PARTIAL,4,1,,,AVAILABLE,9.0,True,,,,CURRENT_BAR_UNAVAILABLE,WINDOW_OBSERVED,0,0,0,False,0,0,False,INHERITED_RAW_PRICE_BASIS,False,False
2025-07-25|265A0,2025-07-25,265A0,11:30,15:15,165,COMPLETE,5,0,UP,0.2994011976047904,AVAILABLE,9.0,True,,,,UNRESOLVED_STRUCTURE,OBSERVATION_INSUFFICIENT,1,1,1,False,0,0,False,INHERITED_RAW_PRICE_BASIS,False,False
2025-07-25|265A0,2025-07-25,265A0,11:30,15:20,170,COMPLETE,5,0,UNCHANGED,0.0,AVAILABLE,9.0,True,,,,UNRESOLVED_STRUCTURE,RIGHT_CENSORED,1,0,1,False,0,0,False,INHERITED_RAW_PRICE_BASIS,True,False
2025-07-25|265A0,2025-07-25,265A0,11:30,15:25,175,PARTIAL,4,1,,,AVAILABLE,9.0,True,,,,UNRESOLVED_STRUCTURE,RIGHT_CENSORED,0,0,0,False,0,0,False,INHERITED_RAW_PRICE_BASIS,False,False
2025-07-25|281A0,2025-07-25,281A0,10:00,10:00,0,COMPLETE,5,0,UP,0.357355568790947,AVAILABLE,24.0,True,DOWN_STRUCTURE,CORRECTION|RECOVERY,CHOPPINESS|VOLUME_COMPRESSION|TRADING_VALUE_COMPRESSION,IDENTIFIED,WINDOW_OBSERVED,0,1,10,False,3,0,True,INHERITED_RAW_PRICE_BASIS,False,False
2025-07-25|281A0,2025-07-25,281A0,10:00,10:05,5,COMPLETE,5,0,UP,0.2375296912114014,AVAILABLE,24.0,True,DOWN_STRUCTURE,CORRECTION|RECOVERY,CHOPPINESS|RANGE_COMPRESSION|VOLUME_COMPRESSION|TRADING_VALUE_COMPRESSION,IDENTIFIED,WINDOW_OBSERVED,0,1,10,False,0,0,True,INHERITED_RAW_PRICE_BASIS,True,False
2025-07-25|281A0,2025-07-25,281A0,10:00,10:10,10,COMPLETE,5,0,UP,1.1262596324836989,AVAILABLE,24.0,True,DOWN_STRUCTURE,CORRECTION,RANGE_EXPANSION|VOLUME_EXPANSION|TRADING_VALUE_EXPANSION,IDENTIFIED,WINDOW_OBSERVED,0,0,10,False,5,3,True,INHERITED_RAW_PRICE_BASIS,True,True
2025-07-25|281A0,2025-07-25,281A0,10:00,10:15,15,COMPLETE,5,0,UNCHANGED,0.0,AVAILABLE,24.0,True,UP_STRUCTURE,CORRECTION,RANGE_COMPRESSION,IDENTIFIED,WINDOW_OBSERVED,0,1,11,False,2,2,True,INHERITED_RAW_PRICE_BASIS,True,False
2025-07-25|281A0,2025-07-25,281A0,10:00,10:20,20,COMPLETE,5,0,DOWN,-0.7624633431085044,AVAILABLE,24.0,True,UP_STRUCTURE,CORRECTION,RANGE_EXPANSION,IDENTIFIED,WINDOW_OBSERVED,0,0,11,False,4,5,True,INHERITED_RAW_PRICE_BASIS,True,False
2025-07-25|281A0,2025-07-25,281A0,10:00,10:25,25,COMPLETE,5,0,DOWN,-0.35502958579881655,AVAILABLE,24.0,True,UP_STRUCTURE,CORRECTION,RANGE_COMPRESSION,IDENTIFIED,OBSERVATION_INSUFFICIENT,1,0,11,False,0,0,True,INHERITED_RAW_PRICE_BASIS,True,False
2025-07-25|281A0,2025-07-25,281A0,10:00,10:30,30,COMPLETE,5,0,UP,0.9495548961424333,AVAILABLE,24.0,True,UP_STRUCTURE,CORRECTION,RANGE_EXPANSION,IDENTIFIED,OBSERVATION_INSUFFICIENT,2,0,11,True,2,3,True,INHERITED_RAW_PRICE_BASIS,True,False
2025-07-25|281A0,2025-07-25,281A0,10:00,10:35,35,PARTIAL,4,1,,,AVAILABLE,24.0,True,,,,UNRESOLVED_STRUCTURE,OBSERVATION_INSUFFICIENT,1,0,0,False,3,3,False,INHERITED_RAW_PRICE_BASIS,False,False
2025-07-25|281A0,2025-07-25,281A0,10:00,10:40,40,PARTIAL,4,1,,,AVAILABLE,24.0,True,,,,UNRESOLVED_STRUCTURE,WINDOW_OBSERVED,0,0,0,False,1,3,False,INHERITED_RAW_PRICE_BASIS,False,False
2025-07-25|281A0,2025-07-25,281A0,10:00,10:45,45,COMPLETE,5,0,UNCHANGED,0.0,AVAILABLE,24.0,True,,,,UNRESOLVED_STRUCTURE,WINDOW_OBSERVED,0,0,0,False,2,1,False,INHERITED_RAW_PRICE_BASIS,False,False
2025-07-25|281A0,2025-07-25,281A0,10:00,10:50,50,COMPLETE,5,0,DOWN,-0.6459189665296535,AVAILABLE,24.0,True,,,VOLUME_COMPRESSION|TRADING_VALUE_COMPRESSION,UNRESOLVED_STRUCTURE,OBSERVATION_INSUFFICIENT,1,0,0,False,1,4,False,INHERITED_RAW_PRICE_BASIS,True,False
2025-07-25|281A0,2025-07-25,281A0,10:00,10:55,55,COMPLETE,5,0,DOWN,-0.17647058823529413,AVAILABLE,24.0,True,,,VOLUME_EXPANSION|TRADING_VALUE_EXPANSION,UNRESOLVED_STRUCTURE,OBSERVATION_INSUFFICIENT,1,0,0,False,0,6,False,INHERITED_RAW_PRICE_BASIS,True,False
2025-07-25|281A0,2025-07-25,281A0,10:00,11:00,60,PARTIAL,4,1,,,AVAILABLE,24.0,True,,,,UNRESOLVED_STRUCTURE,OBSERVATION_INSUFFICIENT,1,0,0,False,3,1,False,INHERITED_RAW_PRICE_BASIS,False,False
2025-07-25|281A0,2025-07-25,281A0,10:00,11:05,65,COMPLETE,5,0,DOWN,-0.8215962441314554,AVAILABLE,24.0,True,,,,UNRESOLVED_STRUCTURE,OBSERVATION_INSUFFICIENT,4,0,0,False,3,3,False,INHERITED_RAW_PRICE_BASIS,False,False
2025-07-25|281A0,2025-07-25,281A0,10:00,11:10,70,PARTIAL,4,1,,,AVAILABLE,24.0,True,,,,UNRESOLVED_STRUCTURE,OBSERVATION_INSUFFICIENT,4,0,0,False,0,2,False,INHERITED_RAW_PRICE_BASIS,False,False
2025-07-25|281A0,2025-07-25,281A0,10:00,11:15,75,PARTIAL,2,3,,,AVAILABLE,24.0,True,,,,CURRENT_BAR_UNAVAILABLE,OBSERVATION_INSUFFICIENT,1,0,0,False,0,0,False,INHERITED_RAW_PRICE_BASIS,False,False
2025-07-25|281A0,2025-07-25,281A0,10:00,11:20,80,PARTIAL,4,1,,,AVAILABLE,24.0,True,,,,UNRESOLVED_STRUCTURE,WINDOW_OBSERVED,0,0,0,False,3,0,False,INHERITED_RAW_PRICE_BASIS,False,False
2025-07-25|281A0,2025-07-25,281A0,10:00,11:25,85,COMPLETE,5,0,UP,0.7062978222483814,AVAILABLE,24.0,True,,,,UNRESOLVED_STRUCTURE,OBSERVATION_INSUFFICIENT,2,0,0,False,1,1,False,INHERITED_RAW_PRICE_BASIS,False,False
2025-07-25|281A0,2025-07-25,281A0,10:00,11:30,90,COMPLETE,5,0,DOWN,-0.6425233644859814,AVAILABLE,24.0,True,,,VOLUME_EXPANSION|TRADING_VALUE_EXPANSION,UNRESOLVED_STRUCTURE,OBSERVATION_INSUFFICIENT,3,0,0,False,0,0,False,INHERITED_RAW_PRICE_BASIS,True,False
2025-07-25|281A0,2025-07-25,281A0,10:00,12:35,95,PARTIAL,3,2,,,AVAILABLE,24.0,True,,,,CURRENT_BAR_UNAVAILABLE,OBSERVATION_INSUFFICIENT,2,0,0,False,2,0,False,INHERITED_RAW_PRICE_BASIS,False,False
2025-07-25|281A0,2025-07-25,281A0,10:00,12:40,100,PARTIAL,4,1,,,AVAILABLE,24.0,True,,,,UNRESOLVED_STRUCTURE,OBSERVATION_INSUFFICIENT,1,0,0,False,0,0,False,INHERITED_RAW_PRICE_BASIS,False,False
2025-07-25|281A0,2025-07-25,281A0,10:00,12:45,105,PARTIAL,4,1,,,AVAILABLE,24.0,True,,,,UNRESOLVED_STRUCTURE,WINDOW_OBSERVED,0,0,0,False,0,2,False,INHERITED_RAW_PRICE_BASIS,False,False
2025-07-25|281A0,2025-07-25,281A0,10:00,12:50,110,COMPLETE,5,0,DOWN,-0.7724301841948901,AVAILABLE,24.0,True,,,,UNRESOLVED_STRUCTURE,WINDOW_OBSERVED,0,0,0,False,0,0,False,INHERITED_RAW_PRICE_BASIS,False,False
2025-07-25|281A0,2025-07-25,281A0,10:00,12:55,115,COMPLETE,5,0,UP,0.11976047904191617,AVAILABLE,24.0,True,,,CHOPPINESS,UNRESOLVED_STRUCTURE,OBSERVATION_INSUFFICIENT,4,0,0,False,0,0,False,INHERITED_RAW_PRICE_BASIS,True,False
2025-07-25|281A0,2025-07-25,281A0,10:00,13:00,120,COMPLETE,5,0,UP,0.05970149253731343,AVAILABLE,24.0,True,,,VOLUME_COMPRESSION|TRADING_VALUE_COMPRESSION,UNRESOLVED_STRUCTURE,OBSERVATION_INSUFFICIENT,4,0,0,False,0,0,False,INHERITED_RAW_PRICE_BASIS,True,False
2025-07-25|281A0,2025-07-25,281A0,10:00,13:05,125,PARTIAL,1,4,,,AVAILABLE,24.0,True,,,,UNRESOLVED_STRUCTURE,WINDOW_OBSERVED,0,0,0,False,0,0,False,INHERITED_RAW_PRICE_BASIS,False,False
2025-07-25|281A0,2025-07-25,281A0,10:00,13:10,130,COMPLETE,5,0,DOWN,-0.3582089552238806,AVAILABLE,24.0,True,,,,UNRESOLVED_STRUCTURE,WINDOW_OBSERVED,0,0,0,False,0,0,False,INHERITED_RAW_PRICE_BASIS,False,False
2025-07-25|281A0,2025-07-25,281A0,10:00,13:15,135,COMPLETE,5,0,UP,0.41916167664670656,AVAILABLE,24.0,True,,,VOLUME_COMPRESSION|TRADING_VALUE_COMPRESSION,UNRESOLVED_STRUCTURE,WINDOW_OBSERVED,0,0,0,False,0,0,False,INHERITED_RAW_PRICE_BASIS,True,False
2025-07-25|281A0,2025-07-25,281A0,10:00,13:20,140,COMPLETE,5,0,DOWN,-0.5382775119617225,AVAILABLE,24.0,True,,,VOLUME_EXPANSION|TRADING_VALUE_EXPANSION,UNRESOLVED_STRUCTURE,WINDOW_OBSERVED,0,0,0,False,0,0,False,INHERITED_RAW_PRICE_BASIS,True,False
2025-07-25|281A0,2025-07-25,281A0,10:00,13:25,145,COMPLETE,5,0,UP,0.17985611510791366,AVAILABLE,24.0,True,,,VOLUME_COMPRESSION|TRADING_VALUE_COMPRESSION,UNRESOLVED_STRUCTURE,WINDOW_OBSERVED,0,1,1,False,0,0,False,INHERITED_RAW_PRICE_BASIS,True,False
2025-07-25|281A0,2025-07-25,281A0,10:00,13:30,150,COMPLETE,5,0,DOWN,-0.17974835230677053,AVAILABLE,24.0,True,,,VOLUME_EXPANSION|TRADING_VALUE_EXPANSION,UNRESOLVED_STRUCTURE,WINDOW_OBSERVED,0,1,1,False,0,0,False,INHERITED_RAW_PRICE_BASIS,True,False
2025-07-25|281A0,2025-07-25,281A0,10:00,13:35,155,COMPLETE,5,0,DOWN,-0.12033694344163658,AVAILABLE,24.0,True,,,RANGE_EXPANSION|VOLUME_EXPANSION|TRADING_VALUE_EXPANSION,UNRESOLVED_STRUCTURE,OBSERVATION_INSUFFICIENT,1,0,1,False,0,0,False,INHERITED_RAW_PRICE_BASIS,True,False
2025-07-25|281A0,2025-07-25,281A0,10:00,13:40,160,COMPLETE,5,0,DOWN,-0.3618817852834741,AVAILABLE,24.0,True,RANGE_STRUCTURE,BALANCE,,IDENTIFIED,OBSERVATION_INSUFFICIENT,3,0,1,True,0,0,True,INHERITED_RAW_PRICE_BASIS,True,True
2025-07-25|281A0,2025-07-25,281A0,10:00,13:45,165,PARTIAL,4,1,,,AVAILABLE,24.0,True,,,,UNRESOLVED_STRUCTURE,OBSERVATION_INSUFFICIENT,2,0,0,False,0,0,False,INHERITED_RAW_PRICE_BASIS,False,False
2025-07-25|281A0,2025-07-25,281A0,10:00,13:50,170,PARTIAL,3,2,,,AVAILABLE,24.0,True,,,,UNRESOLVED_STRUCTURE,WINDOW_OBSERVED,0,0,0,False,0,0,False,INHERITED_RAW_PRICE_BASIS,False,False
2025-07-25|281A0,2025-07-25,281A0,10:00,13:55,175,COMPLETE,5,0,DOWN,-0.423728813559322,AVAILABLE,24.0,True,,,,UNRESOLVED_STRUCTURE,WINDOW_OBSERVED,0,0,0,False,0,0,False,INHERITED_RAW_PRICE_BASIS,False,False
2025-07-25|281A0,2025-07-25,281A0,10:00,14:00,180,COMPLETE,5,0,DOWN,-0.3037667071688943,AVAILABLE,24.0,True,,,CHOPPINESS|RANGE_EXPANSION|VOLUME_EXPANSION|TRADING_VALUE_EXPANSION,UNRESOLVED_STRUCTURE,WINDOW_OBSERVED,0,0,0,False,0,0,False,INHERITED_RAW_PRICE_BASIS,True,False
2025-07-25|281A0,2025-07-25,281A0,10:00,14:05,185,COMPLETE,5,0,DOWN,-0.30469226081657524,AVAILABLE,24.0,True,,,CHOPPINESS,UNRESOLVED_STRUCTURE,OBSERVATION_INSUFFICIENT,1,0,0,False,0,0,False,INHERITED_RAW_PRICE_BASIS,True,False
2025-07-25|281A0,2025-07-25,281A0,10:00,14:10,190,COMPLETE,5,0,UP,0.4283965728274174,AVAILABLE,24.0,True,,,CHOPPINESS,UNRESOLVED_STRUCTURE,OBSERVATION_INSUFFICIENT,1,0,0,False,0,0,False,INHERITED_RAW_PRICE_BASIS,True,False
2025-07-25|281A0,2025-07-25,281A0,10:00,14:15,195,PARTIAL,4,1,,,AVAILABLE,24.0,True,,,,UNRESOLVED_STRUCTURE,WINDOW_OBSERVED,0,0,0,False,0,0,False,INHERITED_RAW_PRICE_BASIS,False,False
2025-07-25|281A0,2025-07-25,281A0,10:00,14:20,200,COMPLETE,5,0,DOWN,-0.06101281269066504,AVAILABLE,24.0,True,,,,UNRESOLVED_STRUCTURE,OBSERVATION_INSUFFICIENT,1,0,0,False,0,0,False,INHERITED_RAW_PRICE_BASIS,False,False
2025-07-25|281A0,2025-07-25,281A0,10:00,14:25,205,COMPLETE,5,0,UP,0.4268292682926829,AVAILABLE,24.0,True,,,VOLUME_EXPANSION|TRADING_VALUE_EXPANSION,UNRESOLVED_STRUCTURE,OBSERVATION_INSUFFICIENT,1,0,0,False,0,0,False,INHERITED_RAW_PRICE_BASIS,True,False
2025-07-25|281A0,2025-07-25,281A0,10:00,14:30,210,PARTIAL,4,1,,,AVAILABLE,24.0,True,,,,CURRENT_BAR_UNAVAILABLE,OBSERVATION_INSUFFICIENT,1,0,0,False,0,0,False,INHERITED_RAW_PRICE_BASIS,False,False
2025-07-25|281A0,2025-07-25,281A0,10:00,14:35,215,COMPLETE,5,0,UP,0.3654080389768575,AVAILABLE,24.0,True,,,,UNRESOLVED_STRUCTURE,OBSERVATION_INSUFFICIENT,2,0,0,False,0,0,False,INHERITED_RAW_PRICE_BASIS,False,False
2025-07-25|281A0,2025-07-25,281A0,10:00,14:40,220,PARTIAL,4,1,,,AVAILABLE,24.0,True,,,,UNRESOLVED_STRUCTURE,OBSERVATION_INSUFFICIENT,2,0,0,False,0,0,False,INHERITED_RAW_PRICE_BASIS,False,False
2025-07-25|281A0,2025-07-25,281A0,10:00,14:45,225,PARTIAL,4,1,,,AVAILABLE,24.0,True,,,,UNRESOLVED_STRUCTURE,OBSERVATION_INSUFFICIENT,1,0,0,False,0,0,False,INHERITED_RAW_PRICE_BASIS,False,False
2025-07-25|281A0,2025-07-25,281A0,10:00,14:50,230,PARTIAL,4,1,,,AVAILABLE,24.0,True,,,,UNRESOLVED_STRUCTURE,OBSERVATION_INSUFFICIENT,1,0,0,False,0,0,False,INHERITED_RAW_PRICE_BASIS,False,False
2025-07-25|281A0,2025-07-25,281A0,10:00,14:55,235,COMPLETE,5,0,DOWN,-0.4229607250755287,AVAILABLE,24.0,True,,,,UNRESOLVED_STRUCTURE,OBSERVATION_INSUFFICIENT,2,0,0,False,0,0,False,INHERITED_RAW_PRICE_BASIS,False,False
2025-07-25|281A0,2025-07-25,281A0,10:00,15:00,240,PARTIAL,4,1,,,AVAILABLE,24.0,True,,,,UNRESOLVED_STRUCTURE,OBSERVATION_INSUFFICIENT,1,0,0,False,0,0,False,INHERITED_RAW_PRICE_BASIS,False,False
2025-07-25|281A0,2025-07-25,281A0,10:00,15:05,245,PARTIAL,4,1,,,AVAILABLE,24.0,True,,,,CURRENT_BAR_UNAVAILABLE,OBSERVATION_INSUFFICIENT,1,0,0,False,0,0,False,INHERITED_RAW_PRICE_BASIS,False,False
2025-07-25|281A0,2025-07-25,281A0,10:00,15:10,250,COMPLETE,5,0,DOWN,-0.6075334143377886,AVAILABLE,24.0,True,,,,UNRESOLVED_STRUCTURE,OBSERVATION_INSUFFICIENT,1,0,0,False,0,0,False,INHERITED_RAW_PRICE_BASIS,False,False
2025-07-25|281A0,2025-07-25,281A0,10:00,15:15,255,PARTIAL,4,1,,,AVAILABLE,24.0,True,,,,CURRENT_BAR_UNAVAILABLE,WINDOW_OBSERVED,0,0,0,False,0,0,False,INHERITED_RAW_PRICE_BASIS,False,False
2025-07-25|281A0,2025-07-25,281A0,10:00,15:20,260,COMPLETE,5,0,UP,0.9732360097323601,AVAILABLE,24.0,True,,,,UNRESOLVED_STRUCTURE,RIGHT_CENSORED,0,0,0,False,0,0,False,INHERITED_RAW_PRICE_BASIS,False,False
2025-07-25|281A0,2025-07-25,281A0,10:00,15:25,265,COMPLETE,5,0,DOWN,-0.48338368580060426,AVAILABLE,24.0,True,,,CHOPPINESS|VOLUME_EXPANSION|TRADING_VALUE_EXPANSION,UNRESOLVED_STRUCTURE,RIGHT_CENSORED,0,0,0,False,0,0,False,INHERITED_RAW_PRICE_BASIS,True,False
2025-07-25|28760,2025-07-25,28760,13:00,13:00,0,PARTIAL,1,4,,,SCALE_INSUFFICIENT,,True,,,,SCALE_UNAVAILABLE,OBSERVATION_INSUFFICIENT,9,0,0,False,0,0,False,INHERITED_RAW_PRICE_BASIS,False,False
2025-07-25|28760,2025-07-25,28760,13:00,13:05,5,PARTIAL,1,4,,,SCALE_INSUFFICIENT,,True,,,,CURRENT_BAR_UNAVAILABLE,OBSERVATION_INSUFFICIENT,10,0,0,False,0,0,False,INHERITED_RAW_PRICE_BASIS,False,False
2025-07-25|28760,2025-07-25,28760,13:00,13:10,10,UNAVAILABLE,0,5,,,SCALE_INSUFFICIENT,,True,,,,CURRENT_BAR_UNAVAILABLE,OBSERVATION_INSUFFICIENT,10,0,0,False,0,0,False,INHERITED_RAW_PRICE_BASIS,False,False
2025-07-25|28760,2025-07-25,28760,13:00,13:15,15,UNAVAILABLE,0,5,,,SCALE_INSUFFICIENT,,True,,,,CURRENT_BAR_UNAVAILABLE,OBSERVATION_INSUFFICIENT,10,0,0,False,0,0,False,INHERITED_RAW_PRICE_BASIS,False,False
2025-07-25|28760,2025-07-25,28760,13:00,13:20,20,UNAVAILABLE,0,5,,,SCALE_INSUFFICIENT,,True,,,,CURRENT_BAR_UNAVAILABLE,OBSERVATION_INSUFFICIENT,10,0,0,False,0,0,False,INHERITED_RAW_PRICE_BASIS,False,False
2025-07-25|28760,2025-07-25,28760,13:00,13:25,25,UNAVAILABLE,0,5,,,SCALE_INSUFFICIENT,,True,,,,CURRENT_BAR_UNAVAILABLE,OBSERVATION_INSUFFICIENT,10,0,0,False,0,0,False,INHERITED_RAW_PRICE_BASIS,False,False
2025-07-25|28760,2025-07-25,28760,13:00,13:30,30,UNAVAILABLE,0,5,,,SCALE_INSUFFICIENT,,True,,,,CURRENT_BAR_UNAVAILABLE,OBSERVATION_INSUFFICIENT,10,0,0,False,0,0,False,INHERITED_RAW_PRICE_BASIS,False,False
2025-07-25|28760,2025-07-25,28760,13:00,13:35,35,UNAVAILABLE,0,5,,,SCALE_INSUFFICIENT,,True,,,,CURRENT_BAR_UNAVAILABLE,OBSERVATION_INSUFFICIENT,10,0,0,False,0,0,False,INHERITED_RAW_PRICE_BASIS,False,False
2025-07-25|28760,2025-07-25,28760,13:00,13:40,40,UNAVAILABLE,0,5,,,SCALE_INSUFFICIENT,,True,,,,CURRENT_BAR_UNAVAILABLE,OBSERVATION_INSUFFICIENT,10,0,0,False,0,0,False,INHERITED_RAW_PRICE_BASIS,False,False
2025-07-25|28760,2025-07-25,28760,13:00,13:45,45,UNAVAILABLE,0,5,,,SCALE_INSUFFICIENT,,True,,,,CURRENT_BAR_UNAVAILABLE,OBSERVATION_INSUFFICIENT,10,0,0,False,0,0,False,INHERITED_RAW_PRICE_BASIS,False,False
2025-07-25|28760,2025-07-25,28760,13:00,13:50,50,UNAVAILABLE,0,5,,,SCALE_INSUFFICIENT,,True,,,,CURRENT_BAR_UNAVAILABLE,OBSERVATION_INSUFFICIENT,10,0,0,False,0,0,False,INHERITED_RAW_PRICE_BASIS,False,False
2025-07-25|28760,2025-07-25,28760,13:00,13:55,55,UNAVAILABLE,0,5,,,SCALE_INSUFFICIENT,,True,,,,CURRENT_BAR_UNAVAILABLE,OBSERVATION_INSUFFICIENT,10,0,0,False,0,0,False,INHERITED_RAW_PRICE_BASIS,False,False
2025-07-25|28760,2025-07-25,28760,13:00,14:00,60,UNAVAILABLE,0,5,,,SCALE_INSUFFICIENT,,True,,,,CURRENT_BAR_UNAVAILABLE,OBSERVATION_INSUFFICIENT,10,0,0,False,0,0,False,INHERITED_RAW_PRICE_BASIS,False,False
2025-07-25|28760,2025-07-25,28760,13:00,14:05,65,UNAVAILABLE,0,5,,,SCALE_INSUFFICIENT,,True,,,,CURRENT_BAR_UNAVAILABLE,OBSERVATION_INSUFFICIENT,10,0,0,False,0,0,False,INHERITED_RAW_PRICE_BASIS,False,False
2025-07-25|28760,2025-07-25,28760,13:00,14:10,70,UNAVAILABLE,0,5,,,SCALE_INSUFFICIENT,,True,,,,CURRENT_BAR_UNAVAILABLE,OBSERVATION_INSUFFICIENT,10,0,0,False,0,0,False,INHERITED_RAW_PRICE_BASIS,False,False
2025-07-25|28760,2025-07-25,28760,13:00,14:15,75,UNAVAILABLE,0,5,,,SCALE_INSUFFICIENT,,True,,,,CURRENT_BAR_UNAVAILABLE,OBSERVATION_INSUFFICIENT,10,0,0,False,0,0,False,INHERITED_RAW_PRICE_BASIS,False,False
2025-07-25|28760,2025-07-25,28760,13:00,14:20,80,UNAVAILABLE,0,5,,,SCALE_INSUFFICIENT,,True,,,,CURRENT_BAR_UNAVAILABLE,OBSERVATION_INSUFFICIENT,10,0,0,False,0,0,False,INHERITED_RAW_PRICE_BASIS,False,False
2025-07-25|28760,2025-07-25,28760,13:00,14:25,85,UNAVAILABLE,0,5,,,SCALE_INSUFFICIENT,,True,,,,CURRENT_BAR_UNAVAILABLE,OBSERVATION_INSUFFICIENT,10,0,0,False,0,0,False,INHERITED_RAW_PRICE_BASIS,False,False
2025-07-25|28760,2025-07-25,28760,13:00,14:30,90,UNAVAILABLE,0,5,,,SCALE_INSUFFICIENT,,True,,,,CURRENT_BAR_UNAVAILABLE,OBSERVATION_INSUFFICIENT,10,0,0,False,0,0,False,INHERITED_RAW_PRICE_BASIS,False,False
2025-07-25|28760,2025-07-25,28760,13:00,14:35,95,UNAVAILABLE,0,5,,,SCALE_INSUFFICIENT,,True,,,,CURRENT_BAR_UNAVAILABLE,OBSERVATION_INSUFFICIENT,10,0,0,False,0,0,False,INHERITED_RAW_PRICE_BASIS,False,False
2025-07-25|28760,2025-07-25,28760,13:00,14:40,100,UNAVAILABLE,0,5,,,SCALE_INSUFFICIENT,,True,,,,CURRENT_BAR_UNAVAILABLE,OBSERVATION_INSUFFICIENT,10,0,0,False,0,0,False,INHERITED_RAW_PRICE_BASIS,False,False
2025-07-25|28760,2025-07-25,28760,13:00,14:45,105,UNAVAILABLE,0,5,,,SCALE_INSUFFICIENT,,True,,,,CURRENT_BAR_UNAVAILABLE,OBSERVATION_INSUFFICIENT,10,0,0,False,0,0,False,INHERITED_RAW_PRICE_BASIS,False,False
2025-07-25|28760,2025-07-25,28760,13:00,14:50,110,UNAVAILABLE,0,5,,,SCALE_INSUFFICIENT,,True,,,,CURRENT_BAR_UNAVAILABLE,OBSERVATION_INSUFFICIENT,10,0,0,False,0,0,False,INHERITED_RAW_PRICE_BASIS,False,False
2025-07-25|28760,2025-07-25,28760,13:00,14:55,115,UNAVAILABLE,0,5,,,SCALE_INSUFFICIENT,,True,,,,CURRENT_BAR_UNAVAILABLE,OBSERVATION_INSUFFICIENT,10,0,0,False,0,0,False,INHERITED_RAW_PRICE_BASIS,False,False
2025-07-25|28760,2025-07-25,28760,13:00,15:00,120,UNAVAILABLE,0,5,,,SCALE_INSUFFICIENT,,True,,,,CURRENT_BAR_UNAVAILABLE,OBSERVATION_INSUFFICIENT,10,0,0,False,0,0,False,INHERITED_RAW_PRICE_BASIS,False,False
2025-07-25|28760,2025-07-25,28760,13:00,15:05,125,UNAVAILABLE,0,5,,,SCALE_INSUFFICIENT,,True,,,,CURRENT_BAR_UNAVAILABLE,OBSERVATION_INSUFFICIENT,10,0,0,False,0,0,False,INHERITED_RAW_PRICE_BASIS,False,False
2025-07-25|28760,2025-07-25,28760,13:00,15:10,130,UNAVAILABLE,0,5,,,SCALE_INSUFFICIENT,,True,,,,CURRENT_BAR_UNAVAILABLE,OBSERVATION_INSUFFICIENT,10,0,0,False,0,0,False,INHERITED_RAW_PRICE_BASIS,False,False
2025-07-25|28760,2025-07-25,28760,13:00,15:15,135,UNAVAILABLE,0,5,,,SCALE_INSUFFICIENT,,True,,,,CURRENT_BAR_UNAVAILABLE,OBSERVATION_INSUFFICIENT,10,0,0,False,0,0,False,INHERITED_RAW_PRICE_BASIS,False,False
2025-07-25|28760,2025-07-25,28760,13:00,15:20,140,UNAVAILABLE,0,5,,,SCALE_INSUFFICIENT,,True,,,,CURRENT_BAR_UNAVAILABLE,RIGHT_CENSORED,5,0,0,False,0,0,False,INHERITED_RAW_PRICE_BASIS,False,False
2025-07-25|28760,2025-07-25,28760,13:00,15:25,145,UNAVAILABLE,0,5,,,SCALE_INSUFFICIENT,,True,,,,CURRENT_BAR_UNAVAILABLE,RIGHT_CENSORED,0,0,0,False,0,0,False,INHERITED_RAW_PRICE_BASIS,False,False
2025-07-25|290A0,2025-07-25,290A0,14:30,14:30,0,COMPLETE,5,0,UP,0.08045052292839903,AVAILABLE,5.5,True,DOWN_STRUCTURE,PROGRESSION,VOLUME_COMPRESSION|TRADING_VALUE_COMPRESSION,IDENTIFIED,WINDOW_OBSERVED,0,0,6,False,0,0,True,INHERITED_RAW_PRICE_BASIS,False,False
2025-07-25|290A0,2025-07-25,290A0,14:30,14:35,5,COMPLETE,5,0,DOWN,-0.1606425702811245,AVAILABLE,5.5,True,DOWN_STRUCTURE,PROGRESSION,RANGE_COMPRESSION,IDENTIFIED,WINDOW_OBSERVED,0,0,6,False,0,0,True,INHERITED_RAW_PRICE_BASIS,True,False
2025-07-25|290A0,2025-07-25,290A0,14:30,14:40,10,COMPLETE,5,0,UP,0.32180209171359614,AVAILABLE,5.5,True,DOWN_STRUCTURE,PROGRESSION,,IDENTIFIED,WINDOW_OBSERVED,0,0,6,False,0,1,True,INHERITED_RAW_PRICE_BASIS,True,False
2025-07-25|290A0,2025-07-25,290A0,14:30,14:45,15,COMPLETE,5,0,DOWN,-0.4819277108433735,AVAILABLE,5.5,True,DOWN_STRUCTURE,PROGRESSION,RANGE_EXPANSION|VOLUME_EXPANSION|TRADING_VALUE_EXPANSION,IDENTIFIED,WINDOW_OBSERVED,0,0,6,False,2,2,True,INHERITED_RAW_PRICE_BASIS,True,False
2025-07-25|290A0,2025-07-25,290A0,14:30,14:50,20,COMPLETE,5,0,DOWN,-0.645682001614205,AVAILABLE,5.5,True,DOWN_STRUCTURE,,,IDENTIFIED,WINDOW_OBSERVED,0,1,7,False,1,1,True,INHERITED_RAW_PRICE_BASIS,True,True
2025-07-25|290A0,2025-07-25,290A0,14:30,14:55,25,COMPLETE,5,0,UP,0.6493506493506493,AVAILABLE,5.5,True,DOWN_STRUCTURE,,,IDENTIFIED,WINDOW_OBSERVED,0,1,8,False,0,0,True,INHERITED_RAW_PRICE_BASIS,True,False
2025-07-25|290A0,2025-07-25,290A0,14:30,15:00,30,COMPLETE,5,0,DOWN,-0.5645161290322581,AVAILABLE,5.5,True,DOWN_STRUCTURE,PROGRESSION,,IDENTIFIED,WINDOW_OBSERVED,0,0,8,False,1,0,True,INHERITED_RAW_PRICE_BASIS,True,True
2025-07-25|290A0,2025-07-25,290A0,14:30,15:05,35,COMPLETE,5,0,DOWN,-0.24330900243309003,AVAILABLE,5.5,True,DOWN_STRUCTURE,PROGRESSION,RANGE_COMPRESSION,IDENTIFIED,WINDOW_OBSERVED,0,0,8,False,5,2,True,INHERITED_RAW_PRICE_BASIS,True,False
2025-07-25|290A0,2025-07-25,290A0,14:30,15:10,40,COMPLETE,5,0,UP,0.08136696501220504,AVAILABLE,5.5,True,DOWN_STRUCTURE,CORRECTION|RECOVERY,,IDENTIFIED,WINDOW_OBSERVED,0,0,9,False,2,2,True,INHERITED_RAW_PRICE_BASIS,True,True
2025-07-25|290A0,2025-07-25,290A0,14:30,15:15,45,COMPLETE,5,0,UNCHANGED,0.0,AVAILABLE,5.5,True,DOWN_STRUCTURE,CORRECTION|RECOVERY,CHOPPINESS|RANGE_COMPRESSION|VOLUME_COMPRESSION|TRADING_VALUE_COMPRESSION,IDENTIFIED,WINDOW_OBSERVED,0,0,9,False,0,0,True,INHERITED_RAW_PRICE_BASIS,True,False
2025-07-25|290A0,2025-07-25,290A0,14:30,15:20,50,COMPLETE,5,0,UP,0.08116883116883117,AVAILABLE,5.5,True,DOWN_STRUCTURE,CORRECTION|RECOVERY,,IDENTIFIED,RIGHT_CENSORED,0,0,9,False,0,0,True,INHERITED_RAW_PRICE_BASIS,True,False
2025-07-25|290A0,2025-07-25,290A0,14:30,15:25,55,COMPLETE,5,0,DOWN,-0.08116883116883117,AVAILABLE,5.5,True,DOWN_STRUCTURE,CORRECTION|RECOVERY,CHOPPINESS,IDENTIFIED,RIGHT_CENSORED,0,0,9,False,0,0,True,INHERITED_RAW_PRICE_BASIS,True,False
2025-07-25|31370,2025-07-25,31370,09:30,09:30,0,COMPLETE,5,0,UNCHANGED,0.0,AVAILABLE,8.0,True,,,RANGE_EXPANSION|VOLUME_EXPANSION|TRADING_VALUE_EXPANSION,UNRESOLVED_STRUCTURE,WINDOW_OBSERVED,0,0,1,False,2,2,False,INHERITED_RAW_PRICE_BASIS,False,False
2025-07-25|31370,2025-07-25,31370,09:30,09:35,5,COMPLETE,5,0,UP,0.20964360587002095,AVAILABLE,8.0,True,,RECOVERY,RANGE_COMPRESSION|VOLUME_COMPRESSION|TRADING_VALUE_COMPRESSION,UNRESOLVED_STRUCTURE,WINDOW_OBSERVED,0,1,2,False,0,0,True,INHERITED_RAW_PRICE_BASIS,True,True
2025-07-25|31370,2025-07-25,31370,09:30,09:40,10,COMPLETE,5,0,DOWN,-0.6263048016701461,AVAILABLE,8.0,True,,RECOVERY,,UNRESOLVED_STRUCTURE,WINDOW_OBSERVED,0,1,2,False,0,0,True,INHERITED_RAW_PRICE_BASIS,True,False
2025-07-25|31370,2025-07-25,31370,09:30,09:45,15,COMPLETE,5,0,UP,6.289308176100629,AVAILABLE,8.0,True,,,RANGE_EXPANSION|VOLUME_EXPANSION|TRADING_VALUE_EXPANSION,UNRESOLVED_STRUCTURE,WINDOW_OBSERVED,0,1,3,False,6,4,False,INHERITED_RAW_PRICE_BASIS,True,True
2025-07-25|31370,2025-07-25,31370,09:30,09:50,20,COMPLETE,5,0,DOWN,-2.9585798816568047,AVAILABLE,8.0,True,,,RANGE_COMPRESSION,UNRESOLVED_STRUCTURE,WINDOW_OBSERVED,0,0,3,False,1,1,False,INHERITED_RAW_PRICE_BASIS,True,False
2025-07-25|31370,2025-07-25,31370,09:30,09:55,25,COMPLETE,5,0,UP,1.016260162601626,AVAILABLE,8.0,True,,,RANGE_COMPRESSION|VOLUME_COMPRESSION|TRADING_VALUE_COMPRESSION,UNRESOLVED_STRUCTURE,WINDOW_OBSERVED,0,0,3,False,1,1,False,INHERITED_RAW_PRICE_BASIS,True,False
2025-07-25|31370,2025-07-25,31370,09:30,10:00,30,COMPLETE,5,0,DOWN,-0.6048387096774194,AVAILABLE,8.0,True,UP_STRUCTURE,RECOVERY,RANGE_COMPRESSION|VOLUME_COMPRESSION|TRADING_VALUE_COMPRESSION,IDENTIFIED,WINDOW_OBSERVED,0,1,4,False,1,0,True,INHERITED_RAW_PRICE_BASIS,True,True
2025-07-25|31370,2025-07-25,31370,09:30,10:05,35,COMPLETE,5,0,UP,1.0141987829614605,AVAILABLE,8.0,True,UP_STRUCTURE,RECOVERY,,IDENTIFIED,WINDOW_OBSERVED,0,1,4,False,0,0,True,INHERITED_RAW_PRICE_BASIS,True,False
2025-07-25|31370,2025-07-25,31370,09:30,10:10,40,COMPLETE,5,0,UP,0.4032258064516129,AVAILABLE,8.0,True,UP_STRUCTURE,CORRECTION,,IDENTIFIED,WINDOW_OBSERVED,0,1,5,False,0,0,True,INHERITED_RAW_PRICE_BASIS,True,True
2025-07-25|31370,2025-07-25,31370,09:30,10:15,45,COMPLETE,5,0,DOWN,-1.2048192771084338,AVAILABLE,8.0,True,UP_STRUCTURE,CORRECTION,VOLUME_COMPRESSION|TRADING_VALUE_COMPRESSION,IDENTIFIED,WINDOW_OBSERVED,0,0,5,False,0,0,True,INHERITED_RAW_PRICE_BASIS,True,False
2025-07-25|31370,2025-07-25,31370,09:30,10:20,50,COMPLETE,5,0,UP,0.8130081300813008,AVAILABLE,8.0,True,DOWN_STRUCTURE,PROGRESSION,CHOPPINESS|VOLUME_EXPANSION|TRADING_VALUE_EXPANSION,IDENTIFIED,WINDOW_OBSERVED,0,1,7,False,4,4,True,INHERITED_RAW_PRICE_BASIS,True,True
2025-07-25|31370,2025-07-25,31370,09:30,10:25,55,COMPLETE,5,0,DOWN,-2.6315789473684212,AVAILABLE,8.0,True,DOWN_STRUCTURE,PROGRESSION,VOLUME_COMPRESSION|TRADING_VALUE_COMPRESSION,IDENTIFIED,WINDOW_OBSERVED,0,0,7,False,2,4,True,INHERITED_RAW_PRICE_BASIS,True,False
2025-07-25|31370,2025-07-25,31370,09:30,10:30,60,COMPLETE,5,0,DOWN,-0.2079002079002079,AVAILABLE,8.0,True,DOWN_STRUCTURE,PROGRESSION,CHOPPINESS|RANGE_COMPRESSION,IDENTIFIED,WINDOW_OBSERVED,0,0,7,False,0,0,True,INHERITED_RAW_PRICE_BASIS,True,False
2025-07-25|31370,2025-07-25,31370,09:30,10:35,65,COMPLETE,5,0,UNCHANGED,0.0,AVAILABLE,8.0,True,DOWN_STRUCTURE,PROGRESSION,RANGE_COMPRESSION|VOLUME_COMPRESSION|TRADING_VALUE_COMPRESSION,IDENTIFIED,WINDOW_OBSERVED,0,0,7,False,0,0,True,INHERITED_RAW_PRICE_BASIS,True,False
2025-07-25|31370,2025-07-25,31370,09:30,10:40,70,COMPLETE,5,0,DOWN,-0.4166666666666667,AVAILABLE,8.0,True,DOWN_STRUCTURE,PROGRESSION,RANGE_COMPRESSION|VOLUME_COMPRESSION|TRADING_VALUE_COMPRESSION,IDENTIFIED,OBSERVATION_INSUFFICIENT,1,0,7,False,0,0,True,INHERITED_RAW_PRICE_BASIS,True,False
2025-07-25|31370,2025-07-25,31370,09:30,10:45,75,COMPLETE,5,0,UP,0.6276150627615062,AVAILABLE,8.0,True,DOWN_STRUCTURE,PROGRESSION,RANGE_EXPANSION|VOLUME_EXPANSION|TRADING_VALUE_EXPANSION,IDENTIFIED,OBSERVATION_INSUFFICIENT,1,0,7,False,0,0,True,INHERITED_RAW_PRICE_BASIS,True,False
2025-07-25|31370,2025-07-25,31370,09:30,10:50,80,PARTIAL,4,1,,,AVAILABLE,8.0,True,,,,UNRESOLVED_STRUCTURE,OBSERVATION_INSUFFICIENT,1,0,0,False,0,0,False,INHERITED_RAW_PRICE_BASIS,False,False
2025-07-25|31370,2025-07-25,31370,09:30,10:55,85,COMPLETE,5,0,UP,0.8385744234800838,AVAILABLE,8.0,True,,,,UNRESOLVED_STRUCTURE,OBSERVATION_INSUFFICIENT,2,0,0,False,0,0,False,INHERITED_RAW_PRICE_BASIS,False,False
2025-07-25|31370,2025-07-25,31370,09:30,11:00,90,PARTIAL,4,1,,,AVAILABLE,8.0,True,,,,UNRESOLVED_STRUCTURE,OBSERVATION_INSUFFICIENT,1,0,0,False,0,0,False,INHERITED_RAW_PRICE_BASIS,False,False
2025-07-25|31370,2025-07-25,31370,09:30,11:05,95,PARTIAL,4,1,,,AVAILABLE,8.0,True,,,,UNRESOLVED_STRUCTURE,OBSERVATION_INSUFFICIENT,1,0,0,False,0,0,False,INHERITED_RAW_PRICE_BASIS,False,False
2025-07-25|31370,2025-07-25,31370,09:30,11:10,100,COMPLETE,5,0,UP,0.8316008316008316,AVAILABLE,8.0,True,,,,UNRESOLVED_STRUCTURE,OBSERVATION_INSUFFICIENT,3,0,0,False,2,4,False,INHERITED_RAW_PRICE_BASIS,False,False
2025-07-25|31370,2025-07-25,31370,09:30,11:15,105,PARTIAL,4,1,,,AVAILABLE,8.0,True,,,,UNRESOLVED_STRUCTURE,OBSERVATION_INSUFFICIENT,4,0,0,False,0,2,False,INHERITED_RAW_PRICE_BASIS,False,False
2025-07-25|31370,2025-07-25,31370,09:30,11:20,110,PARTIAL,3,2,,,AVAILABLE,8.0,True,,,,CURRENT_BAR_UNAVAILABLE,OBSERVATION_INSUFFICIENT,3,0,0,False,0,0,False,INHERITED_RAW_PRICE_BASIS,False,False
2025-07-25|31370,2025-07-25,31370,09:30,11:25,115,PARTIAL,3,2,,,AVAILABLE,8.0,True,,,,UNRESOLVED_STRUCTURE,OBSERVATION_INSUFFICIENT,1,0,0,False,0,0,False,INHERITED_RAW_PRICE_BASIS,False,False
2025-07-25|31370,2025-07-25,31370,09:30,11:30,120,PARTIAL,4,1,,,AVAILABLE,8.0,True,,,,UNRESOLVED_STRUCTURE,WINDOW_OBSERVED,0,0,0,False,0,0,False,INHERITED_RAW_PRICE_BASIS,False,False
2025-07-25|31370,2025-07-25,31370,09:30,12:35,125,COMPLETE,5,0,DOWN,-0.8385744234800838,AVAILABLE,8.0,True,,,,UNRESOLVED_STRUCTURE,OBSERVATION_INSUFFICIENT,1,0,0,False,0,0,False,INHERITED_RAW_PRICE_BASIS,False,False
2025-07-25|31370,2025-07-25,31370,09:30,12:40,130,COMPLETE,5,0,UNCHANGED,0.0,AVAILABLE,8.0,True,,,VOLUME_EXPANSION|TRADING_VALUE_EXPANSION,UNRESOLVED_STRUCTURE,OBSERVATION_INSUFFICIENT,1,0,0,False,1,1,False,INHERITED_RAW_PRICE_BASIS,True,False
2025-07-25|31370,2025-07-25,31370,09:30,12:45,135,PARTIAL,4,1,,,AVAILABLE,8.0,True,,,,UNRESOLVED_STRUCTURE,OBSERVATION_INSUFFICIENT,2,0,0,False,0,0,False,INHERITED_RAW_PRICE_BASIS,False,False
2025-07-25|31370,2025-07-25,31370,09:30,12:50,140,COMPLETE,5,0,UP,0.425531914893617,AVAILABLE,8.0,True,,,,UNRESOLVED_STRUCTURE,OBSERVATION_INSUFFICIENT,3,0,0,False,1,0,False,INHERITED_RAW_PRICE_BASIS,False,False
2025-07-25|31370,2025-07-25,31370,09:30,12:55,145,PARTIAL,3,2,,,AVAILABLE,8.0,True,,,,CURRENT_BAR_UNAVAILABLE,OBSERVATION_INSUFFICIENT,2,0,0,False,0,0,False,INHERITED_RAW_PRICE_BASIS,False,False
2025-07-25|31370,2025-07-25,31370,09:30,13:00,150,PARTIAL,4,1,,,AVAILABLE,8.0,True,,,,CURRENT_BAR_UNAVAILABLE,OBSERVATION_INSUFFICIENT,2,0,0,False,0,0,False,INHERITED_RAW_PRICE_BASIS,False,False
2025-07-25|31370,2025-07-25,31370,09:30,13:05,155,PARTIAL,4,1,,,AVAILABLE,8.0,True,,,,CURRENT_BAR_UNAVAILABLE,OBSERVATION_INSUFFICIENT,2,0,0,False,0,0,False,INHERITED_RAW_PRICE_BASIS,False,False
2025-07-25|31370,2025-07-25,31370,09:30,13:10,160,PARTIAL,4,1,,,AVAILABLE,8.0,True,,,,UNRESOLVED_STRUCTURE,OBSERVATION_INSUFFICIENT,1,0,0,False,0,0,False,INHERITED_RAW_PRICE_BASIS,False,False
2025-07-25|31370,2025-07-25,31370,09:30,13:15,165,PARTIAL,4,1,,,AVAILABLE,8.0,True,,,,UNRESOLVED_STRUCTURE,WINDOW_OBSERVED,0,0,0,False,0,0,False,INHERITED_RAW_PRICE_BASIS,False,False
2025-07-25|31370,2025-07-25,31370,09:30,13:20,170,COMPLETE,5,0,DOWN,-1.2738853503184713,AVAILABLE,8.0,True,,,,UNRESOLVED_STRUCTURE,WINDOW_OBSERVED,0,1,1,False,1,1,False,INHERITED_RAW_PRICE_BASIS,False,False
2025-07-25|31370,2025-07-25,31370,09:30,13:25,175,COMPLETE,5,0,UNCHANGED,0.0,AVAILABLE,8.0,True,,,RANGE_COMPRESSION|VOLUME_COMPRESSION|TRADING_VALUE_COMPRESSION,UNRESOLVED_STRUCTURE,WINDOW_OBSERVED,0,1,1,False,0,0,False,INHERITED_RAW_PRICE_BASIS,True,False
2025-07-25|31370,2025-07-25,31370,09:30,13:30,180,COMPLETE,5,0,UNCHANGED,0.0,AVAILABLE,8.0,True,,,RANGE_COMPRESSION,UNRESOLVED_STRUCTURE,OBSERVATION_INSUFFICIENT,2,0,1,False,3,3,False,INHERITED_RAW_PRICE_BASIS,True,False
2025-07-25|31370,2025-07-25,31370,09:30,13:35,185,COMPLETE,5,0,UNCHANGED,0.0,AVAILABLE,8.0,True,,,RANGE_EXPANSION,UNRESOLVED_STRUCTURE,OBSERVATION_INSUFFICIENT,4,0,1,False,0,2,False,INHERITED_RAW_PRICE_BASIS,True,False
2025-07-25|31370,2025-07-25,31370,09:30,13:40,190,PARTIAL,3,2,,,AVAILABLE,8.0,True,,,,UNRESOLVED_STRUCTURE,OBSERVATION_INSUFFICIENT,3,0,0,False,0,0,False,INHERITED_RAW_PRICE_BASIS,False,False
2025-07-25|31370,2025-07-25,31370,09:30,13:45,195,PARTIAL,3,2,,,AVAILABLE,8.0,True,,,,UNRESOLVED_STRUCTURE,OBSERVATION_INSUFFICIENT,2,0,0,False,0,0,False,INHERITED_RAW_PRICE_BASIS,False,False
2025-07-25|31370,2025-07-25,31370,09:30,13:50,200,PARTIAL,4,1,,,AVAILABLE,8.0,True,,,,UNRESOLVED_STRUCTURE,OBSERVATION_INSUFFICIENT,1,0,0,False,0,0,False,INHERITED_RAW_PRICE_BASIS,False,False
2025-07-25|31370,2025-07-25,31370,09:30,13:55,205,PARTIAL,4,1,,,AVAILABLE,8.0,True,,,,UNRESOLVED_STRUCTURE,WINDOW_OBSERVED,0,0,0,False,0,0,False,INHERITED_RAW_PRICE_BASIS,False,False
2025-07-25|31370,2025-07-25,31370,09:30,14:00,210,COMPLETE,5,0,UNCHANGED,0.0,AVAILABLE,8.0,True,,,,UNRESOLVED_STRUCTURE,OBSERVATION_INSUFFICIENT,1,0,0,False,0,1,False,INHERITED_RAW_PRICE_BASIS,False,False
2025-07-25|31370,2025-07-25,31370,09:30,14:05,215,COMPLETE,5,0,UP,0.21645021645021645,AVAILABLE,8.0,True,,,RANGE_EXPANSION,UNRESOLVED_STRUCTURE,OBSERVATION_INSUFFICIENT,3,0,0,False,0,3,False,INHERITED_RAW_PRICE_BASIS,True,False
2025-07-25|31370,2025-07-25,31370,09:30,14:10,220,PARTIAL,4,1,,,AVAILABLE,8.0,True,,,,CURRENT_BAR_UNAVAILABLE,OBSERVATION_INSUFFICIENT,2,0,0,False,0,0,False,INHERITED_RAW_PRICE_BASIS,False,False
2025-07-25|31370,2025-07-25,31370,09:30,14:15,225,PARTIAL,3,2,,,AVAILABLE,8.0,True,,,,UNRESOLVED_STRUCTURE,OBSERVATION_INSUFFICIENT,2,1,1,False,0,0,False,INHERITED_RAW_PRICE_BASIS,False,False
2025-07-25|31370,2025-07-25,31370,09:30,14:20,230,COMPLETE,5,0,DOWN,-0.8547008547008547,AVAILABLE,8.0,True,,,,UNRESOLVED_STRUCTURE,OBSERVATION_INSUFFICIENT,3,1,1,False,0,0,False,INHERITED_RAW_PRICE_BASIS,False,False
2025-07-25|31370,2025-07-25,31370,09:30,14:25,235,PARTIAL,3,2,,,AVAILABLE,8.0,True,,,,CURRENT_BAR_UNAVAILABLE,OBSERVATION_INSUFFICIENT,2,0,0,False,0,0,False,INHERITED_RAW_PRICE_BASIS,False,False
2025-07-25|31370,2025-07-25,31370,09:30,14:30,240,PARTIAL,4,1,,,AVAILABLE,8.0,True,,,,UNRESOLVED_STRUCTURE,OBSERVATION_INSUFFICIENT,2,0,0,False,0,0,False,INHERITED_RAW_PRICE_BASIS,False,False
2025-07-25|31370,2025-07-25,31370,09:30,14:35,245,PARTIAL,4,1,,,AVAILABLE,8.0,True,,,,UNRESOLVED_STRUCTURE,OBSERVATION_INSUFFICIENT,1,0,0,False,0,0,False,INHERITED_RAW_PRICE_BASIS,False,False
2025-07-25|31370,2025-07-25,31370,09:30,14:40,250,PARTIAL,4,1,,,AVAILABLE,8.0,True,,,,UNRESOLVED_STRUCTURE,OBSERVATION_INSUFFICIENT,3,0,0,False,0,0,False,INHERITED_RAW_PRICE_BASIS,False,False
2025-07-25|31370,2025-07-25,31370,09:30,14:45,255,COMPLETE,5,0,UNCHANGED,0.0,AVAILABLE,8.0,True,,,,UNRESOLVED_STRUCTURE,OBSERVATION_INSUFFICIENT,4,0,0,False,0,0,False,INHERITED_RAW_PRICE_BASIS,False,False
2025-07-25|31370,2025-07-25,31370,09:30,14:50,260,PARTIAL,2,3,,,AVAILABLE,8.0,True,,,,CURRENT_BAR_UNAVAILABLE,OBSERVATION_INSUFFICIENT,2,0,0,False,0,0,False,INHERITED_RAW_PRICE_BASIS,False,False
2025-07-25|31370,2025-07-25,31370,09:30,14:55,265,PARTIAL,4,1,,,AVAILABLE,8.0,True,,,,CURRENT_BAR_UNAVAILABLE,OBSERVATION_INSUFFICIENT,1,0,0,False,0,0,False,INHERITED_RAW_PRICE_BASIS,False,False
2025-07-25|31370,2025-07-25,31370,09:30,15:00,270,PARTIAL,4,1,,,AVAILABLE,8.0,True,,,,UNRESOLVED_STRUCTURE,WINDOW_OBSERVED,0,0,0,False,0,0,False,INHERITED_RAW_PRICE_BASIS,False,False
2025-07-25|31370,2025-07-25,31370,09:30,15:05,275,COMPLETE,5,0,DOWN,-0.4291845493562232,AVAILABLE,8.0,True,,,,UNRESOLVED_STRUCTURE,OBSERVATION_INSUFFICIENT,1,0,0,False,0,0,False,INHERITED_RAW_PRICE_BASIS,False,False
2025-07-25|31370,2025-07-25,31370,09:30,15:10,280,COMPLETE,5,0,UP,0.21551724137931033,AVAILABLE,8.0,True,,,RANGE_COMPRESSION,UNRESOLVED_STRUCTURE,OBSERVATION_INSUFFICIENT,1,0,0,False,0,0,False,INHERITED_RAW_PRICE_BASIS,True,False
2025-07-25|31370,2025-07-25,31370,09:30,15:15,285,PARTIAL,4,1,,,AVAILABLE,8.0,True,,,,CURRENT_BAR_UNAVAILABLE,WINDOW_OBSERVED,0,0,0,False,0,0,False,INHERITED_RAW_PRICE_BASIS,False,False
2025-07-25|31370,2025-07-25,31370,09:30,15:20,290,COMPLETE,5,0,UP,0.43103448275862066,AVAILABLE,8.0,True,,,,UNRESOLVED_STRUCTURE,RIGHT_CENSORED,0,0,0,False,0,0,False,INHERITED_RAW_PRICE_BASIS,False,False
2025-07-25|31370,2025-07-25,31370,09:30,15:25,295,COMPLETE,5,0,DOWN,-0.2145922746781116,AVAILABLE,8.0,True,,,RANGE_EXPANSION|VOLUME_EXPANSION|TRADING_VALUE_EXPANSION,UNRESOLVED_STRUCTURE,RIGHT_CENSORED,0,0,0,False,0,0,False,INHERITED_RAW_PRICE_BASIS,True,False
2025-07-25|33060,2025-07-25,33060,15:00,15:00,0,UNAVAILABLE,0,5,,,SCALE_INSUFFICIENT,,True,,,,CURRENT_BAR_UNAVAILABLE,OBSERVATION_INSUFFICIENT,9,0,0,False,0,0,False,INHERITED_RAW_PRICE_BASIS,False,False
2025-07-25|33060,2025-07-25,33060,15:00,15:05,5,PARTIAL,1,4,,,SCALE_INSUFFICIENT,,True,,,,CURRENT_BAR_UNAVAILABLE,OBSERVATION_INSUFFICIENT,10,0,0,False,0,0,False,INHERITED_RAW_PRICE_BASIS,False,False
2025-07-25|33060,2025-07-25,33060,15:00,15:10,10,UNAVAILABLE,0,5,,,SCALE_INSUFFICIENT,,True,,,,CURRENT_BAR_UNAVAILABLE,OBSERVATION_INSUFFICIENT,10,0,0,False,0,0,False,INHERITED_RAW_PRICE_BASIS,False,False
2025-07-25|33060,2025-07-25,33060,15:00,15:15,15,UNAVAILABLE,0,5,,,SCALE_INSUFFICIENT,,True,,,,CURRENT_BAR_UNAVAILABLE,OBSERVATION_INSUFFICIENT,10,0,0,False,0,0,False,INHERITED_RAW_PRICE_BASIS,False,False
2025-07-25|33060,2025-07-25,33060,15:00,15:20,20,UNAVAILABLE,0,5,,,SCALE_INSUFFICIENT,,True,,,,CURRENT_BAR_UNAVAILABLE,RIGHT_CENSORED,5,0,0,False,0,0,False,INHERITED_RAW_PRICE_BASIS,False,False
2025-07-25|33060,2025-07-25,33060,15:00,15:25,25,UNAVAILABLE,0,5,,,SCALE_INSUFFICIENT,,True,,,,CURRENT_BAR_UNAVAILABLE,RIGHT_CENSORED,0,0,0,False,0,0,False,INHERITED_RAW_PRICE_BASIS,False,False
2025-07-25|34090,2025-07-25,34090,14:00,14:00,0,PARTIAL,2,3,,,SCALE_INSUFFICIENT,,True,,,,CURRENT_BAR_UNAVAILABLE,OBSERVATION_INSUFFICIENT,6,0,0,False,0,0,False,INHERITED_RAW_PRICE_BASIS,False,False
2025-07-25|34090,2025-07-25,34090,14:00,14:05,5,PARTIAL,2,3,,,SCALE_INSUFFICIENT,,True,,,,CURRENT_BAR_UNAVAILABLE,OBSERVATION_INSUFFICIENT,5,0,0,False,0,0,False,INHERITED_RAW_PRICE_BASIS,False,False
2025-07-25|34090,2025-07-25,34090,14:00,14:10,10,PARTIAL,2,3,,,SCALE_INSUFFICIENT,,True,,,,CURRENT_BAR_UNAVAILABLE,OBSERVATION_INSUFFICIENT,3,0,0,False,0,0,False,INHERITED_RAW_PRICE_BASIS,False,False
2025-07-25|34090,2025-07-25,34090,14:00,14:15,15,PARTIAL,3,2,,,SCALE_INSUFFICIENT,,True,,,,SCALE_UNAVAILABLE,OBSERVATION_INSUFFICIENT,3,0,0,False,0,0,False,INHERITED_RAW_PRICE_BASIS,False,False
2025-07-25|34090,2025-07-25,34090,14:00,14:20,20,PARTIAL,4,1,,,SCALE_INSUFFICIENT,,True,,,,SCALE_UNAVAILABLE,OBSERVATION_INSUFFICIENT,4,0,0,False,0,1,False,INHERITED_RAW_PRICE_BASIS,False,False
2025-07-25|34090,2025-07-25,34090,14:00,14:25,25,PARTIAL,3,2,,,SCALE_INSUFFICIENT,,True,,,,SCALE_UNAVAILABLE,OBSERVATION_INSUFFICIENT,5,0,0,False,0,0,False,INHERITED_RAW_PRICE_BASIS,False,False
2025-07-25|34090,2025-07-25,34090,14:00,14:30,30,PARTIAL,3,2,,,SCALE_INSUFFICIENT,,True,,,,SCALE_UNAVAILABLE,OBSERVATION_INSUFFICIENT,5,0,0,False,0,0,False,INHERITED_RAW_PRICE_BASIS,False,False
2025-07-25|34090,2025-07-25,34090,14:00,14:35,35,PARTIAL,2,3,,,SCALE_INSUFFICIENT,,True,,,,SCALE_UNAVAILABLE,OBSERVATION_INSUFFICIENT,5,0,0,False,0,0,False,INHERITED_RAW_PRICE_BASIS,False,False
2025-07-25|34090,2025-07-25,34090,14:00,14:40,40,PARTIAL,3,2,,,SCALE_INSUFFICIENT,,True,,,,SCALE_UNAVAILABLE,OBSERVATION_INSUFFICIENT,4,0,0,False,0,0,False,INHERITED_RAW_PRICE_BASIS,False,False
2025-07-25|34090,2025-07-25,34090,14:00,14:45,45,PARTIAL,2,3,,,SCALE_INSUFFICIENT,,True,,,,CURRENT_BAR_UNAVAILABLE,OBSERVATION_INSUFFICIENT,3,0,0,False,0,0,False,INHERITED_RAW_PRICE_BASIS,False,False
2025-07-25|34090,2025-07-25,34090,14:00,14:50,50,PARTIAL,4,1,,,SCALE_INSUFFICIENT,,True,,,,SCALE_UNAVAILABLE,OBSERVATION_INSUFFICIENT,2,0,0,False,0,0,False,INHERITED_RAW_PRICE_BASIS,False,False
2025-07-25|34090,2025-07-25,34090,14:00,14:55,55,PARTIAL,3,2,,,SCALE_INSUFFICIENT,,True,,,,CURRENT_BAR_UNAVAILABLE,OBSERVATION_INSUFFICIENT,3,0,0,False,0,0,False,INHERITED_RAW_PRICE_BASIS,False,False
2025-07-25|34090,2025-07-25,34090,14:00,15:00,60,COMPLETE,5,0,UP,0.42016806722689076,SCALE_INSUFFICIENT,,True,,,,SCALE_UNAVAILABLE,OBSERVATION_INSUFFICIENT,5,0,0,False,0,0,False,INHERITED_RAW_PRICE_BASIS,False,False
2025-07-25|34090,2025-07-25,34090,14:00,15:05,65,PARTIAL,2,3,,,SCALE_INSUFFICIENT,,True,,,,CURRENT_BAR_UNAVAILABLE,OBSERVATION_INSUFFICIENT,3,0,0,False,0,0,False,INHERITED_RAW_PRICE_BASIS,False,False
2025-07-25|34090,2025-07-25,34090,14:00,15:10,70,PARTIAL,3,2,,,SCALE_INSUFFICIENT,,True,,,,SCALE_UNAVAILABLE,OBSERVATION_INSUFFICIENT,2,0,0,False,0,0,False,INHERITED_RAW_PRICE_BASIS,False,False
2025-07-25|34090,2025-07-25,34090,14:00,15:15,75,PARTIAL,4,1,,,SCALE_INSUFFICIENT,,True,,,,SCALE_UNAVAILABLE,OBSERVATION_INSUFFICIENT,2,0,0,False,0,0,False,INHERITED_RAW_PRICE_BASIS,False,False
2025-07-25|34090,2025-07-25,34090,14:00,15:20,80,PARTIAL,4,1,,,SCALE_INSUFFICIENT,,True,,,,SCALE_UNAVAILABLE,RIGHT_CENSORED,1,0,0,False,0,0,False,INHERITED_RAW_PRICE_BASIS,False,False
2025-07-25|34090,2025-07-25,34090,14:00,15:25,85,PARTIAL,4,1,,,SCALE_INSUFFICIENT,,True,,,,SCALE_UNAVAILABLE,RIGHT_CENSORED,0,0,0,False,0,2,False,INHERITED_RAW_PRICE_BASIS,False,False
2025-07-25|34360,2025-07-25,34360,10:00,10:00,0,COMPLETE,5,0,UP,0.04096681687832855,AVAILABLE,3.5,True,DOWN_STRUCTURE,PROGRESSION,CHOPPINESS|RANGE_COMPRESSION,IDENTIFIED,WINDOW_OBSERVED,0,0,12,False,5,2,True,INHERITED_RAW_PRICE_BASIS,False,False
2025-07-25|34360,2025-07-25,34360,10:00,10:05,5,COMPLETE,5,0,DOWN,-0.7371007371007371,AVAILABLE,3.5,True,DOWN_STRUCTURE,PROGRESSION,RANGE_EXPANSION,IDENTIFIED,WINDOW_OBSERVED,0,0,12,False,1,1,True,INHERITED_RAW_PRICE_BASIS,True,False
2025-07-25|34360,2025-07-25,34360,10:00,10:10,10,COMPLETE,5,0,UP,0.660338423442014,AVAILABLE,3.5,True,DOWN_STRUCTURE,,,IDENTIFIED,WINDOW_OBSERVED,0,1,14,False,0,0,True,INHERITED_RAW_PRICE_BASIS,True,True
2025-07-25|34360,2025-07-25,34360,10:00,10:15,15,COMPLETE,5,0,UNCHANGED,0.0,AVAILABLE,3.5,True,DOWN_STRUCTURE,CORRECTION|RECOVERY,,IDENTIFIED,WINDOW_OBSERVED,0,0,15,False,0,0,True,INHERITED_RAW_PRICE_BASIS,True,True
2025-07-25|34360,2025-07-25,34360,10:00,10:20,20,COMPLETE,5,0,UP,0.12305168170631665,AVAILABLE,3.5,True,UP_STRUCTURE,,RANGE_COMPRESSION,IDENTIFIED,WINDOW_OBSERVED,0,1,16,False,5,3,True,INHERITED_RAW_PRICE_BASIS,True,True
2025-07-25|34360,2025-07-25,34360,10:00,10:25,25,COMPLETE,5,0,DOWN,-0.40966816878328555,AVAILABLE,3.5,True,UP_STRUCTURE,,VOLUME_COMPRESSION|TRADING_VALUE_COMPRESSION,IDENTIFIED,WINDOW_OBSERVED,0,1,17,False,2,1,True,INHERITED_RAW_PRICE_BASIS,True,False
2025-07-25|34360,2025-07-25,34360,10:00,10:30,30,COMPLETE,5,0,UP,0.2879473467708762,AVAILABLE,3.5,True,UP_STRUCTURE,RECOVERY,,IDENTIFIED,WINDOW_OBSERVED,0,1,19,False,2,2,True,INHERITED_RAW_PRICE_BASIS,True,True
2025-07-25|34360,2025-07-25,34360,10:00,10:35,35,COMPLETE,5,0,UP,0.12310217480508823,AVAILABLE,3.5,True,UP_STRUCTURE,CORRECTION,CHOPPINESS,IDENTIFIED,WINDOW_OBSERVED,0,1,20,False,2,1,True,INHERITED_RAW_PRICE_BASIS,True,True
2025-07-25|34360,2025-07-25,34360,10:00,10:40,40,COMPLETE,5,0,DOWN,-0.3276003276003276,AVAILABLE,3.5,True,,RESTRUCTURING,VOLUME_COMPRESSION|TRADING_VALUE_COMPRESSION,UNRESOLVED_STRUCTURE,WINDOW_OBSERVED,0,1,21,False,2,1,True,INHERITED_RAW_PRICE_BASIS,True,True
2025-07-25|34360,2025-07-25,34360,10:00,10:45,45,COMPLETE,5,0,UP,0.3697617091207888,AVAILABLE,3.5,True,,RESTRUCTURING,RANGE_EXPANSION,UNRESOLVED_STRUCTURE,WINDOW_OBSERVED,0,0,21,False,3,3,True,INHERITED_RAW_PRICE_BASIS,True,False
2025-07-25|34360,2025-07-25,34360,10:00,10:50,50,COMPLETE,5,0,UP,0.08186655751125665,AVAILABLE,3.5,True,,RESTRUCTURING,RANGE_COMPRESSION,UNRESOLVED_STRUCTURE,WINDOW_OBSERVED,0,0,21,False,0,0,True,INHERITED_RAW_PRICE_BASIS,True,False
2025-07-25|34360,2025-07-25,34360,10:00,10:55,55,COMPLETE,5,0,UNCHANGED,0.0,AVAILABLE,3.5,True,,RESTRUCTURING,RANGE_COMPRESSION|VOLUME_COMPRESSION|TRADING_VALUE_COMPRESSION,UNRESOLVED_STRUCTURE,WINDOW_OBSERVED,0,0,21,False,0,0,True,INHERITED_RAW_PRICE_BASIS,True,False
2025-07-25|34360,2025-07-25,34360,10:00,11:00,60,COMPLETE,5,0,UP,0.24549918166939444,AVAILABLE,3.5,True,,RESTRUCTURING,RANGE_EXPANSION|VOLUME_EXPANSION|TRADING_VALUE_EXPANSION,UNRESOLVED_STRUCTURE,WINDOW_OBSERVED,0,0,21,False,0,0,True,INHERITED_RAW_PRICE_BASIS,True,False
2025-07-25|34360,2025-07-25,34360,10:00,11:05,65,COMPLETE,5,0,UP,0.40816326530612246,AVAILABLE,3.5,True,,RESTRUCTURING,,UNRESOLVED_STRUCTURE,WINDOW_OBSERVED,0,0,21,False,0,0,True,INHERITED_RAW_PRICE_BASIS,True,False
2025-07-25|34360,2025-07-25,34360,10:00,11:10,70,COMPLETE,5,0,UP,0.24390243902439024,AVAILABLE,3.5,True,,RESTRUCTURING,VOLUME_COMPRESSION|TRADING_VALUE_COMPRESSION,UNRESOLVED_STRUCTURE,WINDOW_OBSERVED,0,0,21,False,0,0,True,INHERITED_RAW_PRICE_BASIS,True,False
2025-07-25|34360,2025-07-25,34360,10:00,11:15,75,COMPLETE,5,0,UP,0.40551500405515006,AVAILABLE,3.5,True,,RESTRUCTURING,,UNRESOLVED_STRUCTURE,WINDOW_OBSERVED,0,1,22,False,0,0,True,INHERITED_RAW_PRICE_BASIS,True,False
2025-07-25|34360,2025-07-25,34360,10:00,11:20,80,COMPLETE,5,0,DOWN,-0.4440855874041179,AVAILABLE,3.5,True,,RESTRUCTURING,,UNRESOLVED_STRUCTURE,WINDOW_OBSERVED,0,0,22,False,0,0,True,INHERITED_RAW_PRICE_BASIS,True,False
2025-07-25|34360,2025-07-25,34360,10:00,11:25,85,COMPLETE,5,0,DOWN,-0.16220600162206,AVAILABLE,3.5,True,,RESTRUCTURING,,UNRESOLVED_STRUCTURE,WINDOW_OBSERVED,0,0,22,False,0,0,True,INHERITED_RAW_PRICE_BASIS,True,False
2025-07-25|34360,2025-07-25,34360,10:00,11:30,90,COMPLETE,5,0,UP,0.04060089321965083,AVAILABLE,3.5,True,,RESTRUCTURING,CHOPPINESS|RANGE_COMPRESSION|VOLUME_COMPRESSION|TRADING_VALUE_COMPRESSION,UNRESOLVED_STRUCTURE,WINDOW_OBSERVED,0,0,22,False,0,0,True,INHERITED_RAW_PRICE_BASIS,True,False
2025-07-25|34360,2025-07-25,34360,10:00,12:35,95,COMPLETE,5,0,DOWN,-0.08126777732629012,AVAILABLE,3.5,True,,RESTRUCTURING,,UNRESOLVED_STRUCTURE,WINDOW_OBSERVED,0,0,0,False,0,0,True,INHERITED_RAW_PRICE_BASIS,True,False
2025-07-25|34360,2025-07-25,34360,10:00,12:40,100,COMPLETE,5,0,UP,0.04065040650406504,AVAILABLE,3.5,True,,RESTRUCTURING,RANGE_COMPRESSION|VOLUME_COMPRESSION|TRADING_VALUE_COMPRESSION,UNRESOLVED_STRUCTURE,WINDOW_OBSERVED,0,1,1,False,0,0,True,INHERITED_RAW_PRICE_BASIS,True,False
2025-07-25|34360,2025-07-25,34360,10:00,12:45,105,COMPLETE,5,0,DOWN,-0.04065040650406504,AVAILABLE,3.5,True,,RESTRUCTURING,RANGE_COMPRESSION,UNRESOLVED_STRUCTURE,WINDOW_OBSERVED,0,1,2,False,0,0,True,INHERITED_RAW_PRICE_BASIS,True,False
2025-07-25|34360,2025-07-25,34360,10:00,12:50,110,COMPLETE,5,0,UP,0.04068348250610252,AVAILABLE,3.5,True,,RESTRUCTURING,,UNRESOLVED_STRUCTURE,WINDOW_OBSERVED,0,1,2,False,0,0,True,INHERITED_RAW_PRICE_BASIS,True,False
2025-07-25|34360,2025-07-25,34360,10:00,12:55,115,COMPLETE,5,0,DOWN,-0.08130081300813008,AVAILABLE,3.5,True,,RESTRUCTURING,CHOPPINESS,UNRESOLVED_STRUCTURE,WINDOW_OBSERVED,0,0,2,False,1,2,True,INHERITED_RAW_PRICE_BASIS,True,False
2025-07-25|34360,2025-07-25,34360,10:00,13:00,120,COMPLETE,5,0,DOWN,-0.08136696501220504,AVAILABLE,3.5,True,,RESTRUCTURING,,UNRESOLVED_STRUCTURE,WINDOW_OBSERVED,0,0,2,False,1,0,True,INHERITED_RAW_PRICE_BASIS,True,False
2025-07-25|34360,2025-07-25,34360,10:00,13:05,125,COMPLETE,5,0,DOWN,-0.4073319755600815,AVAILABLE,3.5,True,,RESTRUCTURING,RANGE_EXPANSION|VOLUME_EXPANSION|TRADING_VALUE_EXPANSION,UNRESOLVED_STRUCTURE,WINDOW_OBSERVED,0,0,2,False,0,1,True,INHERITED_RAW_PRICE_BASIS,True,False
2025-07-25|34360,2025-07-25,34360,10:00,13:10,130,COMPLETE,5,0,UP,0.081799591002045,AVAILABLE,3.5,True,,RESTRUCTURING|RECOVERY,CHOPPINESS|RANGE_COMPRESSION,UNRESOLVED_STRUCTURE,WINDOW_OBSERVED,0,1,3,False,0,0,True,INHERITED_RAW_PRICE_BASIS,True,True
2025-07-25|34360,2025-07-25,34360,10:00,13:15,135,COMPLETE,5,0,UP,0.36764705882352944,AVAILABLE,3.5,True,,RESTRUCTURING|RECOVERY,,UNRESOLVED_STRUCTURE,WINDOW_OBSERVED,0,0,3,False,1,1,True,INHERITED_RAW_PRICE_BASIS,True,False
2025-07-25|34360,2025-07-25,34360,10:00,13:20,140,COMPLETE,5,0,UP,0.12205044751830757,AVAILABLE,3.5,True,,RESTRUCTURING,RANGE_COMPRESSION|VOLUME_COMPRESSION|TRADING_VALUE_COMPRESSION,UNRESOLVED_STRUCTURE,WINDOW_OBSERVED,0,0,3,False,0,1,True,INHERITED_RAW_PRICE_BASIS,True,True
2025-07-25|34360,2025-07-25,34360,10:00,13:25,145,COMPLETE,5,0,UP,0.08126777732629012,AVAILABLE,3.5,True,,RESTRUCTURING,RANGE_COMPRESSION,UNRESOLVED_STRUCTURE,WINDOW_OBSERVED,0,0,3,False,0,0,True,INHERITED_RAW_PRICE_BASIS,True,False
2025-07-25|34360,2025-07-25,34360,10:00,13:30,150,COMPLETE,5,0,UP,0.12175324675324675,AVAILABLE,3.5,True,,RESTRUCTURING,RANGE_EXPANSION,UNRESOLVED_STRUCTURE,WINDOW_OBSERVED,0,1,4,False,0,1,True,INHERITED_RAW_PRICE_BASIS,True,False
2025-07-25|34360,2025-07-25,34360,10:00,13:35,155,COMPLETE,5,0,DOWN,-0.20267531414673692,AVAILABLE,3.5,True,,RESTRUCTURING,,UNRESOLVED_STRUCTURE,WINDOW_OBSERVED,0,0,4,False,1,1,True,INHERITED_RAW_PRICE_BASIS,True,False
2025-07-25|34360,2025-07-25,34360,10:00,13:40,160,COMPLETE,5,0,DOWN,-0.04063388866314506,AVAILABLE,3.5,True,UP_STRUCTURE,,RANGE_COMPRESSION|VOLUME_COMPRESSION|TRADING_VALUE_COMPRESSION,IDENTIFIED,WINDOW_OBSERVED,0,1,5,False,0,0,True,INHERITED_RAW_PRICE_BASIS,True,True
2025-07-25|34360,2025-07-25,34360,10:00,13:45,165,COMPLETE,5,0,UP,0.3250711093051605,AVAILABLE,3.5,True,UP_STRUCTURE,RECOVERY,RANGE_EXPANSION|VOLUME_EXPANSION|TRADING_VALUE_EXPANSION,IDENTIFIED,WINDOW_OBSERVED,0,0,5,False,0,0,True,INHERITED_RAW_PRICE_BASIS,True,True
2025-07-25|34360,2025-07-25,34360,10:00,13:50,170,COMPLETE,5,0,DOWN,-0.1214574898785425,AVAILABLE,3.5,True,UP_STRUCTURE,RECOVERY,RANGE_COMPRESSION|VOLUME_COMPRESSION|TRADING_VALUE_COMPRESSION,IDENTIFIED,WINDOW_OBSERVED,0,0,5,True,0,0,True,INHERITED_RAW_PRICE_BASIS,True,False
2025-07-25|34360,2025-07-25,34360,10:00,13:55,175,COMPLETE,5,0,UP,0.20267531414673692,AVAILABLE,3.5,True,UP_STRUCTURE,PROGRESSION,RANGE_EXPANSION|VOLUME_EXPANSION|TRADING_VALUE_EXPANSION,IDENTIFIED,WINDOW_OBSERVED,0,0,5,True,1,1,True,INHERITED_RAW_PRICE_BASIS,True,True
2025-07-25|34360,2025-07-25,34360,10:00,14:00,180,COMPLETE,5,0,DOWN,-0.12135922330097088,AVAILABLE,3.5,True,UP_STRUCTURE,PROGRESSION,,IDENTIFIED,WINDOW_OBSERVED,0,0,5,True,1,2,True,INHERITED_RAW_PRICE_BASIS,True,False
2025-07-25|34360,2025-07-25,34360,10:00,14:05,185,COMPLETE,5,0,UNCHANGED,0.0,AVAILABLE,3.5,True,UP_STRUCTURE,PROGRESSION,RANGE_COMPRESSION,IDENTIFIED,WINDOW_OBSERVED,0,0,5,True,0,0,True,INHERITED_RAW_PRICE_BASIS,True,False
2025-07-25|34360,2025-07-25,34360,10:00,14:10,190,COMPLETE,5,0,UP,0.16187778227438285,AVAILABLE,3.5,True,UP_STRUCTURE,PROGRESSION,RANGE_EXPANSION|VOLUME_EXPANSION|TRADING_VALUE_EXPANSION,IDENTIFIED,WINDOW_OBSERVED,0,0,5,False,2,2,True,INHERITED_RAW_PRICE_BASIS,True,False
2025-07-25|34360,2025-07-25,34360,10:00,14:15,195,COMPLETE,5,0,UNCHANGED,0.0,AVAILABLE,3.5,True,UP_STRUCTURE,PROGRESSION,CHOPPINESS|RANGE_COMPRESSION,IDENTIFIED,WINDOW_OBSERVED,0,0,5,True,0,0,True,INHERITED_RAW_PRICE_BASIS,True,False
2025-07-25|34360,2025-07-25,34360,10:00,14:20,200,COMPLETE,5,0,UP,0.16168148746968472,AVAILABLE,3.5,True,UP_STRUCTURE,PROGRESSION,RANGE_EXPANSION,IDENTIFIED,WINDOW_OBSERVED,0,0,5,False,1,1,True,INHERITED_RAW_PRICE_BASIS,True,False
2025-07-25|34360,2025-07-25,34360,10:00,14:25,205,COMPLETE,5,0,DOWN,-0.04033884630899556,AVAILABLE,3.5,True,UP_STRUCTURE,PROGRESSION,,IDENTIFIED,WINDOW_OBSERVED,0,0,5,False,0,0,True,INHERITED_RAW_PRICE_BASIS,True,False
2025-07-25|34360,2025-07-25,34360,10:00,14:30,210,COMPLETE,5,0,UNCHANGED,0.0,AVAILABLE,3.5,True,UP_STRUCTURE,PROGRESSION,,IDENTIFIED,WINDOW_OBSERVED,0,0,5,True,0,0,True,INHERITED_RAW_PRICE_BASIS,True,False
2025-07-25|34360,2025-07-25,34360,10:00,14:35,215,COMPLETE,5,0,DOWN,-0.04035512510088781,AVAILABLE,3.5,True,UP_STRUCTURE,PROGRESSION,RANGE_COMPRESSION|VOLUME_COMPRESSION|TRADING_VALUE_COMPRESSION,IDENTIFIED,WINDOW_OBSERVED,0,0,5,True,0,0,True,INHERITED_RAW_PRICE_BASIS,True,False
2025-07-25|34360,2025-07-25,34360,10:00,14:40,220,COMPLETE,5,0,UP,0.08071025020177562,AVAILABLE,3.5,True,UP_STRUCTURE,,RANGE_COMPRESSION,IDENTIFIED,WINDOW_OBSERVED,0,1,6,True,0,0,True,INHERITED_RAW_PRICE_BASIS,True,True
2025-07-25|34360,2025-07-25,34360,10:00,14:45,225,COMPLETE,5,0,DOWN,-0.28214429665457474,AVAILABLE,3.5,True,UP_STRUCTURE,CORRECTION,RANGE_EXPANSION,IDENTIFIED,WINDOW_OBSERVED,0,1,6,True,0,0,True,INHERITED_RAW_PRICE_BASIS,True,True
2025-07-25|34360,2025-07-25,34360,10:00,14:50,230,COMPLETE,5,0,DOWN,-0.04042037186742118,AVAILABLE,3.5,True,UP_STRUCTURE,CORRECTION,RANGE_COMPRESSION|VOLUME_COMPRESSION|TRADING_VALUE_COMPRESSION,IDENTIFIED,WINDOW_OBSERVED,0,0,6,True,0,0,True,INHERITED_RAW_PRICE_BASIS,True,False
2025-07-25|34360,2025-07-25,34360,10:00,14:55,235,COMPLETE,5,0,UP,0.2021835826930853,AVAILABLE,3.5,True,UP_STRUCTURE,RECOVERY,RANGE_EXPANSION|VOLUME_EXPANSION|TRADING_VALUE_EXPANSION,IDENTIFIED,WINDOW_OBSERVED,0,0,7,True,0,0,True,INHERITED_RAW_PRICE_BASIS,True,True
2025-07-25|34360,2025-07-25,34360,10:00,15:00,240,COMPLETE,5,0,UNCHANGED,0.0,AVAILABLE,3.5,True,UP_STRUCTURE,RECOVERY,RANGE_COMPRESSION,IDENTIFIED,WINDOW_OBSERVED,0,0,7,True,0,0,True,INHERITED_RAW_PRICE_BASIS,True,False
2025-07-25|34360,2025-07-25,34360,10:00,15:05,245,COMPLETE,5,0,DOWN,-0.04035512510088781,AVAILABLE,3.5,True,UP_STRUCTURE,RECOVERY,RANGE_EXPANSION,IDENTIFIED,WINDOW_OBSERVED,0,0,7,True,2,0,True,INHERITED_RAW_PRICE_BASIS,True,False
2025-07-25|34360,2025-07-25,34360,10:00,15:10,250,COMPLETE,5,0,UP,0.2827140549273021,AVAILABLE,3.5,True,UP_STRUCTURE,PROGRESSION,,IDENTIFIED,WINDOW_OBSERVED,0,0,7,False,3,2,True,INHERITED_RAW_PRICE_BASIS,True,True
2025-07-25|34360,2025-07-25,34360,10:00,15:15,255,COMPLETE,5,0,UP,0.08058017727639001,AVAILABLE,3.5,True,UP_STRUCTURE,,CHOPPINESS,IDENTIFIED,WINDOW_OBSERVED,0,1,8,False,0,1,True,INHERITED_RAW_PRICE_BASIS,True,True
2025-07-25|34360,2025-07-25,34360,10:00,15:20,260,COMPLETE,5,0,DOWN,-0.24164317358034634,AVAILABLE,3.5,True,UP_STRUCTURE,CORRECTION,RANGE_EXPANSION|VOLUME_EXPANSION|TRADING_VALUE_EXPANSION,IDENTIFIED,RIGHT_CENSORED,0,0,8,False,2,1,True,INHERITED_RAW_PRICE_BASIS,True,True
2025-07-25|34360,2025-07-25,34360,10:00,15:25,265,COMPLETE,5,0,DOWN,-0.16155088852988692,AVAILABLE,3.5,True,UP_STRUCTURE,CORRECTION,RANGE_COMPRESSION,IDENTIFIED,RIGHT_CENSORED,0,0,8,False,0,0,True,INHERITED_RAW_PRICE_BASIS,True,False
2025-07-25|37870,2025-07-25,37870,14:30,14:30,0,COMPLETE,5,0,UNCHANGED,0.0,AVAILABLE,15.0,True,,,VOLUME_COMPRESSION|TRADING_VALUE_COMPRESSION,UNRESOLVED_STRUCTURE,OBSERVATION_INSUFFICIENT,3,0,1,False,0,0,False,INHERITED_RAW_PRICE_BASIS,False,False
2025-07-25|37870,2025-07-25,37870,14:30,14:35,5,PARTIAL,4,1,,,AVAILABLE,15.0,True,,,,CURRENT_BAR_UNAVAILABLE,OBSERVATION_INSUFFICIENT,2,0,0,False,0,0,False,INHERITED_RAW_PRICE_BASIS,False,False
2025-07-25|37870,2025-07-25,37870,14:30,14:40,10,PARTIAL,3,2,,,AVAILABLE,15.0,True,,,,UNRESOLVED_STRUCTURE,OBSERVATION_INSUFFICIENT,2,1,1,False,0,0,False,INHERITED_RAW_PRICE_BASIS,False,False
2025-07-25|37870,2025-07-25,37870,14:30,14:45,15,COMPLETE,5,0,UP,3.9344262295081966,AVAILABLE,15.0,True,,,,UNRESOLVED_STRUCTURE,OBSERVATION_INSUFFICIENT,2,0,1,False,0,0,False,INHERITED_RAW_PRICE_BASIS,False,False
2025-07-25|37870,2025-07-25,37870,14:30,14:50,20,PARTIAL,3,2,,,AVAILABLE,15.0,True,,,,UNRESOLVED_STRUCTURE,OBSERVATION_INSUFFICIENT,1,0,0,False,0,0,False,INHERITED_RAW_PRICE_BASIS,False,False
2025-07-25|37870,2025-07-25,37870,14:30,14:55,25,COMPLETE,5,0,DOWN,-1.594896331738437,AVAILABLE,15.0,True,,,,UNRESOLVED_STRUCTURE,OBSERVATION_INSUFFICIENT,1,0,0,False,0,0,False,INHERITED_RAW_PRICE_BASIS,False,False
2025-07-25|37870,2025-07-25,37870,14:30,15:00,30,PARTIAL,4,1,,,AVAILABLE,15.0,True,,,,UNRESOLVED_STRUCTURE,OBSERVATION_INSUFFICIENT,2,1,1,False,0,0,False,INHERITED_RAW_PRICE_BASIS,False,False
2025-07-25|37870,2025-07-25,37870,14:30,15:05,35,COMPLETE,5,0,DOWN,-1.938610662358643,AVAILABLE,15.0,True,,,,UNRESOLVED_STRUCTURE,OBSERVATION_INSUFFICIENT,4,0,1,False,0,0,False,INHERITED_RAW_PRICE_BASIS,False,False
2025-07-25|37870,2025-07-25,37870,14:30,15:10,40,PARTIAL,3,2,,,AVAILABLE,15.0,True,,,,UNRESOLVED_STRUCTURE,OBSERVATION_INSUFFICIENT,4,0,0,False,0,0,False,INHERITED_RAW_PRICE_BASIS,False,False
2025-07-25|37870,2025-07-25,37870,14:30,15:15,45,PARTIAL,3,2,,,AVAILABLE,15.0,True,,,,CURRENT_BAR_UNAVAILABLE,OBSERVATION_INSUFFICIENT,2,0,0,False,0,0,False,INHERITED_RAW_PRICE_BASIS,False,False
2025-07-25|37870,2025-07-25,37870,14:30,15:20,50,PARTIAL,3,2,,,AVAILABLE,15.0,True,,,,UNRESOLVED_STRUCTURE,RIGHT_CENSORED,0,0,0,False,0,0,False,INHERITED_RAW_PRICE_BASIS,False,False
2025-07-25|37870,2025-07-25,37870,14:30,15:25,55,COMPLETE,5,0,DOWN,-0.32786885245901637,AVAILABLE,15.0,True,,,CHOPPINESS,UNRESOLVED_STRUCTURE,RIGHT_CENSORED,0,0,0,False,0,0,False,INHERITED_RAW_PRICE_BASIS,False,False
2025-07-25|38030,2025-07-25,38030,10:30,10:30,0,PARTIAL,3,2,,,SCALE_INSUFFICIENT,,True,,,,SCALE_UNAVAILABLE,OBSERVATION_INSUFFICIENT,5,0,0,False,0,0,False,INHERITED_RAW_PRICE_BASIS,False,False
2025-07-25|38030,2025-07-25,38030,10:30,10:35,5,PARTIAL,3,2,,,SCALE_INSUFFICIENT,,True,,,,CURRENT_BAR_UNAVAILABLE,OBSERVATION_INSUFFICIENT,5,0,0,False,0,0,False,INHERITED_RAW_PRICE_BASIS,False,False
2025-07-25|38030,2025-07-25,38030,10:30,10:40,10,PARTIAL,2,3,,,SCALE_INSUFFICIENT,,True,,,,SCALE_UNAVAILABLE,OBSERVATION_INSUFFICIENT,6,0,0,False,0,0,False,INHERITED_RAW_PRICE_BASIS,False,False
2025-07-25|38030,2025-07-25,38030,10:30,10:45,15,PARTIAL,3,2,,,SCALE_INSUFFICIENT,,True,,,,CURRENT_BAR_UNAVAILABLE,OBSERVATION_INSUFFICIENT,8,0,0,False,0,0,False,INHERITED_RAW_PRICE_BASIS,False,False
2025-07-25|38030,2025-07-25,38030,10:30,10:50,20,PARTIAL,1,4,,,SCALE_INSUFFICIENT,,True,,,,CURRENT_BAR_UNAVAILABLE,OBSERVATION_INSUFFICIENT,4,0,0,False,0,0,False,INHERITED_RAW_PRICE_BASIS,False,False
2025-07-25|38030,2025-07-25,38030,10:30,10:55,25,PARTIAL,1,4,,,SCALE_INSUFFICIENT,,True,,,,CURRENT_BAR_UNAVAILABLE,OBSERVATION_INSUFFICIENT,4,0,0,False,0,0,False,INHERITED_RAW_PRICE_BASIS,False,False
2025-07-25|38030,2025-07-25,38030,10:30,11:00,30,COMPLETE,5,0,UP,1.187904967602592,SCALE_INSUFFICIENT,,True,,,,SCALE_UNAVAILABLE,OBSERVATION_INSUFFICIENT,6,0,0,False,0,0,False,INHERITED_RAW_PRICE_BASIS,False,False
2025-07-25|38030,2025-07-25,38030,10:30,11:05,35,PARTIAL,1,4,,,SCALE_INSUFFICIENT,,True,,,,CURRENT_BAR_UNAVAILABLE,OBSERVATION_INSUFFICIENT,5,0,0,False,0,0,False,INHERITED_RAW_PRICE_BASIS,False,False
2025-07-25|38030,2025-07-25,38030,10:30,11:10,40,PARTIAL,3,2,,,SCALE_INSUFFICIENT,,True,,,,SCALE_UNAVAILABLE,OBSERVATION_INSUFFICIENT,6,0,0,False,0,0,False,INHERITED_RAW_PRICE_BASIS,False,False
2025-07-25|38030,2025-07-25,38030,10:30,11:15,45,PARTIAL,2,3,,,SCALE_INSUFFICIENT,,True,,,,CURRENT_BAR_UNAVAILABLE,OBSERVATION_INSUFFICIENT,6,0,0,False,0,0,False,INHERITED_RAW_PRICE_BASIS,False,False
2025-07-25|38030,2025-07-25,38030,10:30,11:20,50,PARTIAL,2,3,,,SCALE_INSUFFICIENT,,True,,,,SCALE_UNAVAILABLE,OBSERVATION_INSUFFICIENT,7,0,0,False,0,0,False,INHERITED_RAW_PRICE_BASIS,False,False
2025-07-25|38030,2025-07-25,38030,10:30,11:25,55,PARTIAL,2,3,,,SCALE_INSUFFICIENT,,True,,,,CURRENT_BAR_UNAVAILABLE,OBSERVATION_INSUFFICIENT,6,0,0,False,0,0,False,INHERITED_RAW_PRICE_BASIS,False,False
2025-07-25|38030,2025-07-25,38030,10:30,11:30,60,PARTIAL,1,4,,,SCALE_INSUFFICIENT,,True,,,,SCALE_UNAVAILABLE,OBSERVATION_INSUFFICIENT,3,0,0,False,0,0,False,INHERITED_RAW_PRICE_BASIS,False,False
2025-07-25|38030,2025-07-25,38030,10:30,12:35,65,PARTIAL,3,2,,,SCALE_INSUFFICIENT,,True,,,,CURRENT_BAR_UNAVAILABLE,OBSERVATION_INSUFFICIENT,1,0,0,False,0,0,False,INHERITED_RAW_PRICE_BASIS,False,False
2025-07-25|38030,2025-07-25,38030,10:30,12:40,70,PARTIAL,4,1,,,SCALE_INSUFFICIENT,,True,,,,SCALE_UNAVAILABLE,OBSERVATION_INSUFFICIENT,1,0,0,False,0,0,False,INHERITED_RAW_PRICE_BASIS,False,False
2025-07-25|38030,2025-07-25,38030,10:30,12:45,75,COMPLETE,5,0,UP,1.2578616352201257,SCALE_INSUFFICIENT,,True,,,,SCALE_UNAVAILABLE,OBSERVATION_INSUFFICIENT,1,0,0,False,0,4,False,INHERITED_RAW_PRICE_BASIS,False,False
2025-07-25|38030,2025-07-25,38030,10:30,12:50,80,PARTIAL,4,1,,,SCALE_INSUFFICIENT,,True,,,,SCALE_UNAVAILABLE,WINDOW_OBSERVED,0,0,0,False,0,0,False,INHERITED_RAW_PRICE_BASIS,False,False
2025-07-25|38030,2025-07-25,38030,10:30,12:55,85,COMPLETE,5,0,UP,1.5544041450777202,SCALE_INSUFFICIENT,,True,,,,SCALE_UNAVAILABLE,WINDOW_OBSERVED,0,0,0,False,1,0,False,INHERITED_RAW_PRICE_BASIS,False,False
2025-07-25|38030,2025-07-25,38030,10:30,13:00,90,COMPLETE,5,0,UP,1.530612244897959,SCALE_INSUFFICIENT,,True,,,VOLUME_EXPANSION|TRADING_VALUE_EXPANSION,SCALE_UNAVAILABLE,WINDOW_OBSERVED,0,0,0,False,2,1,False,INHERITED_RAW_PRICE_BASIS,True,False
2025-07-25|38030,2025-07-25,38030,10:30,13:05,95,COMPLETE,5,0,UNCHANGED,0.0,SCALE_INSUFFICIENT,,True,,,VOLUME_COMPRESSION|TRADING_VALUE_COMPRESSION,SCALE_UNAVAILABLE,WINDOW_OBSERVED,0,0,0,False,0,0,False,INHERITED_RAW_PRICE_BASIS,True,False
2025-07-25|38030,2025-07-25,38030,10:30,13:10,100,COMPLETE,5,0,DOWN,-1.3238289205702647,SCALE_INSUFFICIENT,,True,,,VOLUME_COMPRESSION|TRADING_VALUE_COMPRESSION,SCALE_UNAVAILABLE,WINDOW_OBSERVED,0,0,0,False,0,0,False,INHERITED_RAW_PRICE_BASIS,True,False
2025-07-25|38030,2025-07-25,38030,10:30,13:15,105,COMPLETE,5,0,DOWN,-0.6198347107438017,SCALE_INSUFFICIENT,,True,,,RANGE_COMPRESSION|VOLUME_COMPRESSION|TRADING_VALUE_COMPRESSION,SCALE_UNAVAILABLE,OBSERVATION_INSUFFICIENT,1,0,0,False,0,0,False,INHERITED_RAW_PRICE_BASIS,True,False
2025-07-25|38030,2025-07-25,38030,10:30,13:20,110,COMPLETE,5,0,UP,0.5202913631633714,SCALE_INSUFFICIENT,,True,,,RANGE_EXPANSION,SCALE_UNAVAILABLE,OBSERVATION_INSUFFICIENT,2,0,0,False,0,2,False,INHERITED_RAW_PRICE_BASIS,True,False
2025-07-25|38030,2025-07-25,38030,10:30,13:25,115,PARTIAL,4,1,,,SCALE_INSUFFICIENT,,True,,,,SCALE_UNAVAILABLE,OBSERVATION_INSUFFICIENT,1,0,0,False,2,4,False,INHERITED_RAW_PRICE_BASIS,False,False
2025-07-25|38030,2025-07-25,38030,10:30,13:30,120,PARTIAL,4,1,,,SCALE_INSUFFICIENT,,True,,,,SCALE_UNAVAILABLE,OBSERVATION_INSUFFICIENT,2,0,0,False,0,0,False,INHERITED_RAW_PRICE_BASIS,False,False
2025-07-25|38030,2025-07-25,38030,10:30,13:35,125,COMPLETE,5,0,DOWN,-0.10131712259371833,SCALE_INSUFFICIENT,,True,,,,SCALE_UNAVAILABLE,OBSERVATION_INSUFFICIENT,4,0,0,False,0,0,False,INHERITED_RAW_PRICE_BASIS,False,False
2025-07-25|38030,2025-07-25,38030,10:30,13:40,130,PARTIAL,3,2,,,SCALE_INSUFFICIENT,,True,,,,SCALE_UNAVAILABLE,OBSERVATION_INSUFFICIENT,2,0,0,False,0,0,False,INHERITED_RAW_PRICE_BASIS,False,False
2025-07-25|38030,2025-07-25,38030,10:30,13:45,135,PARTIAL,3,2,,,SCALE_INSUFFICIENT,,True,,,,CURRENT_BAR_UNAVAILABLE,OBSERVATION_INSUFFICIENT,1,0,0,False,0,0,False,INHERITED_RAW_PRICE_BASIS,False,False
2025-07-25|38030,2025-07-25,38030,10:30,13:50,140,COMPLETE,5,0,DOWN,-0.910010111223458,SCALE_INSUFFICIENT,,True,,,,SCALE_UNAVAILABLE,OBSERVATION_INSUFFICIENT,3,0,0,False,0,0,False,INHERITED_RAW_PRICE_BASIS,False,False
2025-07-25|38030,2025-07-25,38030,10:30,13:55,145,PARTIAL,4,1,,,SCALE_INSUFFICIENT,,True,,,,SCALE_UNAVAILABLE,OBSERVATION_INSUFFICIENT,2,0,0,False,0,0,False,INHERITED_RAW_PRICE_BASIS,False,False
2025-07-25|38030,2025-07-25,38030,10:30,14:00,150,PARTIAL,3,2,,,SCALE_INSUFFICIENT,,True,,,,CURRENT_BAR_UNAVAILABLE,OBSERVATION_INSUFFICIENT,2,0,0,False,0,0,False,INHERITED_RAW_PRICE_BASIS,False,False
2025-07-25|38030,2025-07-25,38030,10:30,14:05,155,COMPLETE,5,0,UP,0.4073319755600815,SCALE_INSUFFICIENT,,True,,,,SCALE_UNAVAILABLE,OBSERVATION_INSUFFICIENT,4,0,0,False,0,0,False,INHERITED_RAW_PRICE_BASIS,False,False
2025-07-25|38030,2025-07-25,38030,10:30,14:10,160,PARTIAL,3,2,,,SCALE_INSUFFICIENT,,True,,,,SCALE_UNAVAILABLE,OBSERVATION_INSUFFICIENT,5,0,0,False,0,0,False,INHERITED_RAW_PRICE_BASIS,False,False
2025-07-25|38030,2025-07-25,38030,10:30,14:15,165,PARTIAL,3,2,,,SCALE_INSUFFICIENT,,True,,,,SCALE_UNAVAILABLE,OBSERVATION_INSUFFICIENT,5,0,0,False,0,0,False,INHERITED_RAW_PRICE_BASIS,False,False
2025-07-25|38030,2025-07-25,38030,10:30,14:20,170,PARTIAL,2,3,,,SCALE_INSUFFICIENT,,True,,,,CURRENT_BAR_UNAVAILABLE,OBSERVATION_INSUFFICIENT,4,0,0,False,0,0,False,INHERITED_RAW_PRICE_BASIS,False,False
2025-07-25|38030,2025-07-25,38030,10:30,14:25,175,PARTIAL,3,2,,,SCALE_INSUFFICIENT,,True,,,,SCALE_UNAVAILABLE,OBSERVATION_INSUFFICIENT,6,0,0,False,0,0,False,INHERITED_RAW_PRICE_BASIS,False,False
2025-07-25|38030,2025-07-25,38030,10:30,14:30,180,PARTIAL,3,2,,,SCALE_INSUFFICIENT,,True,,,,CURRENT_BAR_UNAVAILABLE,OBSERVATION_INSUFFICIENT,5,0,0,False,0,0,False,INHERITED_RAW_PRICE_BASIS,False,False
2025-07-25|38030,2025-07-25,38030,10:30,14:35,185,PARTIAL,1,4,,,SCALE_INSUFFICIENT,,True,,,,CURRENT_BAR_UNAVAILABLE,OBSERVATION_INSUFFICIENT,5,0,0,False,0,0,False,INHERITED_RAW_PRICE_BASIS,False,False
2025-07-25|38030,2025-07-25,38030,10:30,14:40,190,PARTIAL,4,1,,,SCALE_INSUFFICIENT,,True,,,,CURRENT_BAR_UNAVAILABLE,OBSERVATION_INSUFFICIENT,9,0,0,False,0,0,False,INHERITED_RAW_PRICE_BASIS,False,False
2025-07-25|38030,2025-07-25,38030,10:30,14:45,195,PARTIAL,1,4,,,SCALE_INSUFFICIENT,,True,,,,CURRENT_BAR_UNAVAILABLE,OBSERVATION_INSUFFICIENT,7,0,0,False,0,0,False,INHERITED_RAW_PRICE_BASIS,False,False
2025-07-25|38030,2025-07-25,38030,10:30,14:50,200,UNAVAILABLE,0,5,,,SCALE_INSUFFICIENT,,True,,,,CURRENT_BAR_UNAVAILABLE,OBSERVATION_INSUFFICIENT,7,0,0,False,0,0,False,INHERITED_RAW_PRICE_BASIS,False,False
2025-07-25|38030,2025-07-25,38030,10:30,14:55,205,PARTIAL,3,2,,,SCALE_INSUFFICIENT,,True,,,,CURRENT_BAR_UNAVAILABLE,OBSERVATION_INSUFFICIENT,10,0,0,False,1,1,False,INHERITED_RAW_PRICE_BASIS,False,False
2025-07-25|38030,2025-07-25,38030,10:30,15:00,210,UNAVAILABLE,0,5,,,SCALE_INSUFFICIENT,,True,,,,CURRENT_BAR_UNAVAILABLE,OBSERVATION_INSUFFICIENT,10,0,0,False,0,0,False,INHERITED_RAW_PRICE_BASIS,False,False
2025-07-25|38030,2025-07-25,38030,10:30,15:05,215,UNAVAILABLE,0,5,,,SCALE_INSUFFICIENT,,True,,,,CURRENT_BAR_UNAVAILABLE,OBSERVATION_INSUFFICIENT,10,0,0,False,0,0,False,INHERITED_RAW_PRICE_BASIS,False,False
2025-07-25|38030,2025-07-25,38030,10:30,15:10,220,UNAVAILABLE,0,5,,,SCALE_INSUFFICIENT,,True,,,,CURRENT_BAR_UNAVAILABLE,OBSERVATION_INSUFFICIENT,10,0,0,False,0,0,False,INHERITED_RAW_PRICE_BASIS,False,False
2025-07-25|38030,2025-07-25,38030,10:30,15:15,225,UNAVAILABLE,0,5,,,SCALE_INSUFFICIENT,,True,,,,CURRENT_BAR_UNAVAILABLE,OBSERVATION_INSUFFICIENT,10,0,0,False,0,0,False,INHERITED_RAW_PRICE_BASIS,False,False
2025-07-25|38030,2025-07-25,38030,10:30,15:20,230,UNAVAILABLE,0,5,,,SCALE_INSUFFICIENT,,True,,,,CURRENT_BAR_UNAVAILABLE,RIGHT_CENSORED,5,0,0,False,0,0,False,INHERITED_RAW_PRICE_BASIS,False,False
2025-07-25|38030,2025-07-25,38030,10:30,15:25,235,UNAVAILABLE,0,5,,,SCALE_INSUFFICIENT,,True,,,,CURRENT_BAR_UNAVAILABLE,RIGHT_CENSORED,0,0,0,False,0,0,False,INHERITED_RAW_PRICE_BASIS,False,False
2025-07-25|39130,2025-07-25,39130,10:00,10:00,0,PARTIAL,4,1,,,AVAILABLE,14.0,True,,,,UNRESOLVED_STRUCTURE,OBSERVATION_INSUFFICIENT,2,0,0,False,0,0,False,INHERITED_RAW_PRICE_BASIS,False,False
2025-07-25|39130,2025-07-25,39130,10:00,10:05,5,PARTIAL,4,1,,,AVAILABLE,14.0,True,,,,UNRESOLVED_STRUCTURE,OBSERVATION_INSUFFICIENT,4,0,1,False,1,4,False,INHERITED_RAW_PRICE_BASIS,False,False
2025-07-25|39130,2025-07-25,39130,10:00,10:10,10,PARTIAL,4,1,,,AVAILABLE,14.0,True,,,,CURRENT_BAR_UNAVAILABLE,OBSERVATION_INSUFFICIENT,5,0,0,False,0,0,False,INHERITED_RAW_PRICE_BASIS,False,False
2025-07-25|39130,2025-07-25,39130,10:00,10:15,15,PARTIAL,2,3,,,AVAILABLE,14.0,True,,,,CURRENT_BAR_UNAVAILABLE,OBSERVATION_INSUFFICIENT,5,0,0,False,0,0,False,INHERITED_RAW_PRICE_BASIS,False,False
2025-07-25|39130,2025-07-25,39130,10:00,10:20,20,PARTIAL,3,2,,,AVAILABLE,14.0,True,,,,CURRENT_BAR_UNAVAILABLE,OBSERVATION_INSUFFICIENT,6,0,0,False,0,0,False,INHERITED_RAW_PRICE_BASIS,False,False
2025-07-25|39130,2025-07-25,39130,10:00,10:25,25,PARTIAL,2,3,,,AVAILABLE,14.0,True,,,,CURRENT_BAR_UNAVAILABLE,OBSERVATION_INSUFFICIENT,7,0,0,False,0,0,False,INHERITED_RAW_PRICE_BASIS,False,False
2025-07-25|39130,2025-07-25,39130,10:00,10:30,30,PARTIAL,2,3,,,AVAILABLE,14.0,True,,,,UNRESOLVED_STRUCTURE,OBSERVATION_INSUFFICIENT,7,1,1,False,0,0,False,INHERITED_RAW_PRICE_BASIS,False,False
2025-07-25|39130,2025-07-25,39130,10:00,10:35,35,PARTIAL,1,4,,,AVAILABLE,14.0,True,,,,CURRENT_BAR_UNAVAILABLE,OBSERVATION_INSUFFICIENT,5,0,0,False,3,3,False,INHERITED_RAW_PRICE_BASIS,False,False
2025-07-25|39130,2025-07-25,39130,10:00,10:40,40,PARTIAL,2,3,,,AVAILABLE,14.0,True,,,,CURRENT_BAR_UNAVAILABLE,OBSERVATION_INSUFFICIENT,7,0,0,False,0,0,False,INHERITED_RAW_PRICE_BASIS,False,False
2025-07-25|39130,2025-07-25,39130,10:00,10:45,45,PARTIAL,3,2,,,AVAILABLE,14.0,True,,,,UNRESOLVED_STRUCTURE,OBSERVATION_INSUFFICIENT,9,0,0,False,0,0,False,INHERITED_RAW_PRICE_BASIS,False,False
2025-07-25|39130,2025-07-25,39130,10:00,10:50,50,UNAVAILABLE,0,5,,,AVAILABLE,14.0,True,,,,CURRENT_BAR_UNAVAILABLE,OBSERVATION_INSUFFICIENT,6,0,0,False,0,0,False,INHERITED_RAW_PRICE_BASIS,False,False
2025-07-25|39130,2025-07-25,39130,10:00,10:55,55,PARTIAL,1,4,,,AVAILABLE,14.0,True,,,,CURRENT_BAR_UNAVAILABLE,OBSERVATION_INSUFFICIENT,6,0,0,False,0,0,False,INHERITED_RAW_PRICE_BASIS,False,False
2025-07-25|39130,2025-07-25,39130,10:00,11:00,60,PARTIAL,3,2,,,AVAILABLE,14.0,True,,,,CURRENT_BAR_UNAVAILABLE,OBSERVATION_INSUFFICIENT,7,0,0,False,0,3,False,INHERITED_RAW_PRICE_BASIS,False,False
2025-07-25|39130,2025-07-25,39130,10:00,11:05,65,PARTIAL,1,4,,,AVAILABLE,14.0,True,,,,CURRENT_BAR_UNAVAILABLE,OBSERVATION_INSUFFICIENT,8,0,0,False,0,0,False,INHERITED_RAW_PRICE_BASIS,False,False
2025-07-25|39130,2025-07-25,39130,10:00,11:10,70,PARTIAL,2,3,,,AVAILABLE,14.0,True,,,,CURRENT_BAR_UNAVAILABLE,OBSERVATION_INSUFFICIENT,10,0,0,False,0,0,False,INHERITED_RAW_PRICE_BASIS,False,False
2025-07-25|39130,2025-07-25,39130,10:00,11:15,75,UNAVAILABLE,0,5,,,AVAILABLE,14.0,True,,,,CURRENT_BAR_UNAVAILABLE,OBSERVATION_INSUFFICIENT,10,0,0,False,0,0,False,INHERITED_RAW_PRICE_BASIS,False,False
2025-07-25|39130,2025-07-25,39130,10:00,11:20,80,UNAVAILABLE,0,5,,,AVAILABLE,14.0,True,,,,CURRENT_BAR_UNAVAILABLE,OBSERVATION_INSUFFICIENT,8,0,0,False,0,0,False,INHERITED_RAW_PRICE_BASIS,False,False
2025-07-25|39130,2025-07-25,39130,10:00,11:25,85,UNAVAILABLE,0,5,,,AVAILABLE,14.0,True,,,,CURRENT_BAR_UNAVAILABLE,OBSERVATION_INSUFFICIENT,4,0,0,False,0,0,False,INHERITED_RAW_PRICE_BASIS,False,False
2025-07-25|39130,2025-07-25,39130,10:00,11:30,90,PARTIAL,2,3,,,AVAILABLE,14.0,True,,,,CURRENT_BAR_UNAVAILABLE,OBSERVATION_INSUFFICIENT,1,0,0,False,0,0,False,INHERITED_RAW_PRICE_BASIS,False,False
2025-07-25|39130,2025-07-25,39130,10:00,12:35,95,PARTIAL,4,1,,,AVAILABLE,14.0,True,,,,UNRESOLVED_STRUCTURE,OBSERVATION_INSUFFICIENT,1,0,0,False,0,0,False,INHERITED_RAW_PRICE_BASIS,False,False
2025-07-25|39130,2025-07-25,39130,10:00,12:40,100,COMPLETE,5,0,DOWN,-0.6309148264984227,AVAILABLE,14.0,True,,,CHOPPINESS,UNRESOLVED_STRUCTURE,OBSERVATION_INSUFFICIENT,3,1,1,False,0,0,False,INHERITED_RAW_PRICE_BASIS,False,False
2025-07-25|39130,2025-07-25,39130,10:00,12:45,105,PARTIAL,4,1,,,AVAILABLE,14.0,True,,,,UNRESOLVED_STRUCTURE,OBSERVATION_INSUFFICIENT,7,0,0,False,0,0,False,INHERITED_RAW_PRICE_BASIS,False,False
2025-07-25|39130,2025-07-25,39130,10:00,12:50,110,PARTIAL,3,2,,,AVAILABLE,14.0,True,,,,UNRESOLVED_STRUCTURE,OBSERVATION_INSUFFICIENT,7,0,0,False,0,0,False,INHERITED_RAW_PRICE_BASIS,False,False
2025-07-25|39130,2025-07-25,39130,10:00,12:55,115,UNAVAILABLE,0,5,,,AVAILABLE,14.0,True,,,,CURRENT_BAR_UNAVAILABLE,OBSERVATION_INSUFFICIENT,6,0,0,False,0,0,False,INHERITED_RAW_PRICE_BASIS,False,False
2025-07-25|39130,2025-07-25,39130,10:00,13:00,120,PARTIAL,3,2,,,AVAILABLE,14.0,True,,,,CURRENT_BAR_UNAVAILABLE,OBSERVATION_INSUFFICIENT,9,0,0,False,0,0,False,INHERITED_RAW_PRICE_BASIS,False,False
2025-07-25|39130,2025-07-25,39130,10:00,13:05,125,PARTIAL,1,4,,,AVAILABLE,14.0,True,,,,CURRENT_BAR_UNAVAILABLE,OBSERVATION_INSUFFICIENT,7,0,0,False,0,0,False,INHERITED_RAW_PRICE_BASIS,False,False
2025-07-25|39130,2025-07-25,39130,10:00,13:10,130,UNAVAILABLE,0,5,,,AVAILABLE,14.0,True,,,,CURRENT_BAR_UNAVAILABLE,OBSERVATION_INSUFFICIENT,5,0,0,False,0,0,False,INHERITED_RAW_PRICE_BASIS,False,False
2025-07-25|39130,2025-07-25,39130,10:00,13:15,135,PARTIAL,3,2,,,AVAILABLE,14.0,True,,,,UNRESOLVED_STRUCTURE,OBSERVATION_INSUFFICIENT,7,0,0,False,0,0,False,INHERITED_RAW_PRICE_BASIS,False,False
2025-07-25|39130,2025-07-25,39130,10:00,13:20,140,PARTIAL,2,3,,,AVAILABLE,14.0,True,,,,UNRESOLVED_STRUCTURE,OBSERVATION_INSUFFICIENT,9,0,0,False,0,0,False,INHERITED_RAW_PRICE_BASIS,False,False
2025-07-25|39130,2025-07-25,39130,10:00,13:25,145,PARTIAL,1,4,,,AVAILABLE,14.0,True,,,,UNRESOLVED_STRUCTURE,OBSERVATION_INSUFFICIENT,8,0,0,False,0,0,False,INHERITED_RAW_PRICE_BASIS,False,False
2025-07-25|39130,2025-07-25,39130,10:00,13:30,150,UNAVAILABLE,0,5,,,AVAILABLE,14.0,True,,,,CURRENT_BAR_UNAVAILABLE,OBSERVATION_INSUFFICIENT,7,0,0,False,0,0,False,INHERITED_RAW_PRICE_BASIS,False,False
2025-07-25|39130,2025-07-25,39130,10:00,13:35,155,PARTIAL,2,3,,,AVAILABLE,14.0,True,,,,CURRENT_BAR_UNAVAILABLE,OBSERVATION_INSUFFICIENT,5,0,0,False,0,0,False,INHERITED_RAW_PRICE_BASIS,False,False
2025-07-25|39130,2025-07-25,39130,10:00,13:40,160,PARTIAL,1,4,,,AVAILABLE,14.0,True,,,,CURRENT_BAR_UNAVAILABLE,OBSERVATION_INSUFFICIENT,4,0,0,False,0,0,False,INHERITED_RAW_PRICE_BASIS,False,False
2025-07-25|39130,2025-07-25,39130,10:00,13:45,165,PARTIAL,4,1,,,AVAILABLE,14.0,True,,,,UNRESOLVED_STRUCTURE,OBSERVATION_INSUFFICIENT,8,0,0,False,0,0,False,INHERITED_RAW_PRICE_BASIS,False,False
2025-07-25|39130,2025-07-25,39130,10:00,13:50,170,PARTIAL,2,3,,,AVAILABLE,14.0,True,,,,CURRENT_BAR_UNAVAILABLE,OBSERVATION_INSUFFICIENT,8,0,0,False,0,0,False,INHERITED_RAW_PRICE_BASIS,False,False
2025-07-25|39130,2025-07-25,39130,10:00,13:55,175,UNAVAILABLE,0,5,,,AVAILABLE,14.0,True,,,,CURRENT_BAR_UNAVAILABLE,OBSERVATION_INSUFFICIENT,8,0,0,False,0,0,False,INHERITED_RAW_PRICE_BASIS,False,False
2025-07-25|39130,2025-07-25,39130,10:00,14:00,180,PARTIAL,2,3,,,AVAILABLE,14.0,True,,,,UNRESOLVED_STRUCTURE,OBSERVATION_INSUFFICIENT,10,0,0,False,0,0,False,INHERITED_RAW_PRICE_BASIS,False,False
2025-07-25|39130,2025-07-25,39130,10:00,14:05,185,UNAVAILABLE,0,5,,,AVAILABLE,14.0,True,,,,CURRENT_BAR_UNAVAILABLE,OBSERVATION_INSUFFICIENT,10,0,0,False,0,0,False,INHERITED_RAW_PRICE_BASIS,False,False
2025-07-25|39130,2025-07-25,39130,10:00,14:10,190,UNAVAILABLE,0,5,,,AVAILABLE,14.0,True,,,,CURRENT_BAR_UNAVAILABLE,OBSERVATION_INSUFFICIENT,9,0,0,False,0,0,False,INHERITED_RAW_PRICE_BASIS,False,False
2025-07-25|39130,2025-07-25,39130,10:00,14:15,195,UNAVAILABLE,0,5,,,AVAILABLE,14.0,True,,,,CURRENT_BAR_UNAVAILABLE,OBSERVATION_INSUFFICIENT,5,0,0,False,0,0,False,INHERITED_RAW_PRICE_BASIS,False,False
2025-07-25|39130,2025-07-25,39130,10:00,14:20,200,PARTIAL,1,4,,,AVAILABLE,14.0,True,,,,CURRENT_BAR_UNAVAILABLE,OBSERVATION_INSUFFICIENT,3,0,0,False,0,0,False,INHERITED_RAW_PRICE_BASIS,False,False
2025-07-25|39130,2025-07-25,39130,10:00,14:25,205,PARTIAL,4,1,,,AVAILABLE,14.0,True,,,,UNRESOLVED_STRUCTURE,OBSERVATION_INSUFFICIENT,5,0,0,False,0,0,False,INHERITED_RAW_PRICE_BASIS,False,False
2025-07-25|39130,2025-07-25,39130,10:00,14:30,210,PARTIAL,3,2,,,AVAILABLE,14.0,True,,,,UNRESOLVED_STRUCTURE,OBSERVATION_INSUFFICIENT,8,0,0,False,0,3,False,INHERITED_RAW_PRICE_BASIS,False,False
2025-07-25|39130,2025-07-25,39130,10:00,14:35,215,PARTIAL,2,3,,,AVAILABLE,14.0,True,,,,UNRESOLVED_STRUCTURE,OBSERVATION_INSUFFICIENT,10,0,0,False,0,0,False,INHERITED_RAW_PRICE_BASIS,False,False
2025-07-25|39130,2025-07-25,39130,10:00,14:40,220,UNAVAILABLE,0,5,,,AVAILABLE,14.0,True,,,,CURRENT_BAR_UNAVAILABLE,OBSERVATION_INSUFFICIENT,8,0,0,False,0,0,False,INHERITED_RAW_PRICE_BASIS,False,False
2025-07-25|39130,2025-07-25,39130,10:00,14:45,225,UNAVAILABLE,0,5,,,AVAILABLE,14.0,True,,,,CURRENT_BAR_UNAVAILABLE,OBSERVATION_INSUFFICIENT,8,0,0,False,0,0,False,INHERITED_RAW_PRICE_BASIS,False,False
2025-07-25|39130,2025-07-25,39130,10:00,14:50,230,PARTIAL,2,3,,,AVAILABLE,14.0,True,,,,UNRESOLVED_STRUCTURE,OBSERVATION_INSUFFICIENT,10,0,0,False,0,0,False,INHERITED_RAW_PRICE_BASIS,False,False
2025-07-25|39130,2025-07-25,39130,10:00,14:55,235,UNAVAILABLE,0,5,,,AVAILABLE,14.0,True,,,,CURRENT_BAR_UNAVAILABLE,OBSERVATION_INSUFFICIENT,8,0,0,False,0,0,False,INHERITED_RAW_PRICE_BASIS,False,False
2025-07-25|39130,2025-07-25,39130,10:00,15:00,240,UNAVAILABLE,0,5,,,AVAILABLE,14.0,True,,,,CURRENT_BAR_UNAVAILABLE,OBSERVATION_INSUFFICIENT,8,0,0,False,0,0,False,INHERITED_RAW_PRICE_BASIS,False,False
2025-07-25|39130,2025-07-25,39130,10:00,15:05,245,PARTIAL,2,3,,,AVAILABLE,14.0,True,,,,CURRENT_BAR_UNAVAILABLE,OBSERVATION_INSUFFICIENT,7,0,0,False,0,0,False,INHERITED_RAW_PRICE_BASIS,False,False
2025-07-25|39130,2025-07-25,39130,10:00,15:10,250,UNAVAILABLE,0,5,,,AVAILABLE,14.0,True,,,,CURRENT_BAR_UNAVAILABLE,OBSERVATION_INSUFFICIENT,4,0,0,False,0,0,False,INHERITED_RAW_PRICE_BASIS,False,False
2025-07-25|39130,2025-07-25,39130,10:00,15:15,255,PARTIAL,3,2,,,AVAILABLE,14.0,True,,,,CURRENT_BAR_UNAVAILABLE,OBSERVATION_INSUFFICIENT,4,0,0,False,0,0,False,INHERITED_RAW_PRICE_BASIS,False,False
2025-07-25|39130,2025-07-25,39130,10:00,15:20,260,PARTIAL,3,2,,,AVAILABLE,14.0,True,,,,CURRENT_BAR_UNAVAILABLE,RIGHT_CENSORED,2,0,0,False,0,3,False,INHERITED_RAW_PRICE_BASIS,False,False
2025-07-25|39130,2025-07-25,39130,10:00,15:25,265,PARTIAL,3,2,,,AVAILABLE,14.0,True,,,,UNRESOLVED_STRUCTURE,RIGHT_CENSORED,0,0,0,False,0,0,False,INHERITED_RAW_PRICE_BASIS,False,False
2025-07-25|39880,2025-07-25,39880,15:00,15:00,0,PARTIAL,2,3,,,SCALE_INSUFFICIENT,,True,,,,SCALE_UNAVAILABLE,OBSERVATION_INSUFFICIENT,10,0,0,False,1,0,False,INHERITED_RAW_PRICE_BASIS,False,False
2025-07-25|39880,2025-07-25,39880,15:00,15:05,5,UNAVAILABLE,0,5,,,SCALE_INSUFFICIENT,,True,,,,CURRENT_BAR_UNAVAILABLE,OBSERVATION_INSUFFICIENT,8,0,0,False,0,0,False,INHERITED_RAW_PRICE_BASIS,False,False
2025-07-25|39880,2025-07-25,39880,15:00,15:10,10,UNAVAILABLE,0,5,,,SCALE_INSUFFICIENT,,True,,,,CURRENT_BAR_UNAVAILABLE,OBSERVATION_INSUFFICIENT,8,0,0,False,0,0,False,INHERITED_RAW_PRICE_BASIS,False,False
2025-07-25|39880,2025-07-25,39880,15:00,15:15,15,PARTIAL,2,3,,,SCALE_INSUFFICIENT,,True,,,,CURRENT_BAR_UNAVAILABLE,OBSERVATION_INSUFFICIENT,9,0,0,False,0,0,False,INHERITED_RAW_PRICE_BASIS,False,False
2025-07-25|39880,2025-07-25,39880,15:00,15:20,20,UNAVAILABLE,0,5,,,SCALE_INSUFFICIENT,,True,,,,CURRENT_BAR_UNAVAILABLE,RIGHT_CENSORED,4,0,0,False,0,0,False,INHERITED_RAW_PRICE_BASIS,False,False
2025-07-25|39880,2025-07-25,39880,15:00,15:25,25,PARTIAL,1,4,,,SCALE_INSUFFICIENT,,True,,,,CURRENT_BAR_UNAVAILABLE,RIGHT_CENSORED,0,0,0,False,0,0,False,INHERITED_RAW_PRICE_BASIS,False,False
2025-07-25|41680,2025-07-25,41680,13:30,13:30,0,PARTIAL,4,1,,,AVAILABLE,4.5,True,,,,UNRESOLVED_STRUCTURE,OBSERVATION_INSUFFICIENT,2,1,1,False,0,0,False,INHERITED_RAW_PRICE_BASIS,False,False
2025-07-25|41680,2025-07-25,41680,13:30,13:35,5,PARTIAL,3,2,,,AVAILABLE,4.5,True,,,,CURRENT_BAR_UNAVAILABLE,OBSERVATION_INSUFFICIENT,2,0,0,False,0,0,False,INHERITED_RAW_PRICE_BASIS,False,False
2025-07-25|41680,2025-07-25,41680,13:30,13:40,10,COMPLETE,5,0,DOWN,-0.2254791431792559,AVAILABLE,4.5,True,,,,UNRESOLVED_STRUCTURE,OBSERVATION_INSUFFICIENT,2,0,1,False,0,0,False,INHERITED_RAW_PRICE_BASIS,False,False
2025-07-25|41680,2025-07-25,41680,13:30,13:45,15,PARTIAL,3,2,,,AVAILABLE,4.5,True,,,,UNRESOLVED_STRUCTURE,WINDOW_OBSERVED,0,0,0,False,0,0,False,INHERITED_RAW_PRICE_BASIS,False,False
2025-07-25|41680,2025-07-25,41680,13:30,13:50,20,COMPLETE,5,0,UNCHANGED,0.0,AVAILABLE,4.5,True,,,,UNRESOLVED_STRUCTURE,OBSERVATION_INSUFFICIENT,1,0,0,False,0,0,False,INHERITED_RAW_PRICE_BASIS,False,False
2025-07-25|41680,2025-07-25,41680,13:30,13:55,25,COMPLETE,5,0,UNCHANGED,0.0,AVAILABLE,4.5,True,,,RANGE_EXPANSION|VOLUME_COMPRESSION,UNRESOLVED_STRUCTURE,OBSERVATION_INSUFFICIENT,1,0,0,False,0,0,False,INHERITED_RAW_PRICE_BASIS,True,False
2025-07-25|41680,2025-07-25,41680,13:30,14:00,30,PARTIAL,4,1,,,AVAILABLE,4.5,True,,,,UNRESOLVED_STRUCTURE,WINDOW_OBSERVED,0,1,2,False,4,2,False,INHERITED_RAW_PRICE_BASIS,False,False
2025-07-25|41680,2025-07-25,41680,13:30,14:05,35,COMPLETE,5,0,DOWN,-0.6928406466512702,AVAILABLE,4.5,True,DOWN_STRUCTURE,CORRECTION|RECOVERY,,IDENTIFIED,OBSERVATION_INSUFFICIENT,1,1,4,False,8,2,True,INHERITED_RAW_PRICE_BASIS,False,False
2025-07-25|41680,2025-07-25,41680,13:30,14:10,40,COMPLETE,5,0,UP,0.5813953488372093,AVAILABLE,4.5,True,DOWN_STRUCTURE,CORRECTION|RECOVERY,RANGE_COMPRESSION|VOLUME_COMPRESSION|TRADING_VALUE_COMPRESSION,IDENTIFIED,OBSERVATION_INSUFFICIENT,1,0,4,False,4,5,True,INHERITED_RAW_PRICE_BASIS,True,False
2025-07-25|41680,2025-07-25,41680,13:30,14:15,45,PARTIAL,4,1,,,AVAILABLE,4.5,True,,,,UNRESOLVED_STRUCTURE,OBSERVATION_INSUFFICIENT,2,0,0,False,1,2,False,INHERITED_RAW_PRICE_BASIS,False,False
2025-07-25|41680,2025-07-25,41680,13:30,14:20,50,COMPLETE,5,0,DOWN,-0.11507479861910241,AVAILABLE,4.5,True,,,,UNRESOLVED_STRUCTURE,OBSERVATION_INSUFFICIENT,2,1,1,False,0,0,False,INHERITED_RAW_PRICE_BASIS,False,False
2025-07-25|41680,2025-07-25,41680,13:30,14:25,55,PARTIAL,3,2,,,AVAILABLE,4.5,True,,,,CURRENT_BAR_UNAVAILABLE,WINDOW_OBSERVED,0,0,0,False,1,0,False,INHERITED_RAW_PRICE_BASIS,False,False
2025-07-25|41680,2025-07-25,41680,13:30,14:30,60,COMPLETE,5,0,DOWN,-0.45714285714285713,AVAILABLE,4.5,True,,,,UNRESOLVED_STRUCTURE,OBSERVATION_INSUFFICIENT,1,1,3,False,1,2,False,INHERITED_RAW_PRICE_BASIS,False,False
2025-07-25|41680,2025-07-25,41680,13:30,14:35,65,COMPLETE,5,0,UP,0.2290950744558992,AVAILABLE,4.5,True,,,VOLUME_COMPRESSION|TRADING_VALUE_COMPRESSION,UNRESOLVED_STRUCTURE,OBSERVATION_INSUFFICIENT,2,0,3,False,1,3,False,INHERITED_RAW_PRICE_BASIS,True,False
2025-07-25|41680,2025-07-25,41680,13:30,14:40,70,PARTIAL,4,1,,,AVAILABLE,4.5,True,,,,UNRESOLVED_STRUCTURE,OBSERVATION_INSUFFICIENT,3,0,1,False,1,2,False,INHERITED_RAW_PRICE_BASIS,False,False
2025-07-25|41680,2025-07-25,41680,13:30,14:45,75,PARTIAL,4,1,,,AVAILABLE,4.5,True,,,,CURRENT_BAR_UNAVAILABLE,OBSERVATION_INSUFFICIENT,3,0,0,False,0,0,False,INHERITED_RAW_PRICE_BASIS,False,False
2025-07-25|41680,2025-07-25,41680,13:30,14:50,80,PARTIAL,3,2,,,AVAILABLE,4.5,True,,,,UNRESOLVED_STRUCTURE,OBSERVATION_INSUFFICIENT,2,0,0,False,0,0,False,INHERITED_RAW_PRICE_BASIS,False,False
2025-07-25|41680,2025-07-25,41680,13:30,14:55,85,PARTIAL,4,1,,,AVAILABLE,4.5,True,,,,UNRESOLVED_STRUCTURE,OBSERVATION_INSUFFICIENT,2,0,0,False,0,0,False,INHERITED_RAW_PRICE_BASIS,False,False
2025-07-25|41680,2025-07-25,41680,13:30,15:00,90,PARTIAL,4,1,,,AVAILABLE,4.5,True,,,,UNRESOLVED_STRUCTURE,OBSERVATION_INSUFFICIENT,2,0,0,False,0,0,False,INHERITED_RAW_PRICE_BASIS,False,False
2025-07-25|41680,2025-07-25,41680,13:30,15:05,95,PARTIAL,4,1,,,AVAILABLE,4.5,True,,,,UNRESOLVED_STRUCTURE,OBSERVATION_INSUFFICIENT,2,0,0,False,0,0,False,INHERITED_RAW_PRICE_BASIS,False,False
2025-07-25|41680,2025-07-25,41680,13:30,15:10,100,PARTIAL,4,1,,,AVAILABLE,4.5,True,,,,UNRESOLVED_STRUCTURE,OBSERVATION_INSUFFICIENT,4,0,0,False,0,0,False,INHERITED_RAW_PRICE_BASIS,False,False
2025-07-25|41680,2025-07-25,41680,13:30,15:15,105,PARTIAL,4,1,,,AVAILABLE,4.5,True,,,,UNRESOLVED_STRUCTURE,OBSERVATION_INSUFFICIENT,5,0,0,False,0,0,False,INHERITED_RAW_PRICE_BASIS,False,False
2025-07-25|41680,2025-07-25,41680,13:30,15:20,110,PARTIAL,2,3,,,AVAILABLE,4.5,True,,,,UNRESOLVED_STRUCTURE,RIGHT_CENSORED,2,0,0,False,0,0,False,INHERITED_RAW_PRICE_BASIS,False,False
2025-07-25|41680,2025-07-25,41680,13:30,15:25,115,PARTIAL,3,2,,,AVAILABLE,4.5,True,,,,UNRESOLVED_STRUCTURE,RIGHT_CENSORED,0,0,0,False,0,0,False,INHERITED_RAW_PRICE_BASIS,False,False
2025-07-25|41750,2025-07-25,41750,09:30,09:30,0,PARTIAL,1,4,,,AVAILABLE,62.0,True,,,,UNRESOLVED_STRUCTURE,OBSERVATION_INSUFFICIENT,6,0,0,False,0,0,False,INHERITED_RAW_PRICE_BASIS,False,False
2025-07-25|41750,2025-07-25,41750,09:30,09:35,5,PARTIAL,3,2,,,AVAILABLE,62.0,True,,,,UNRESOLVED_STRUCTURE,OBSERVATION_INSUFFICIENT,7,0,0,False,0,0,False,INHERITED_RAW_PRICE_BASIS,False,False
2025-07-25|41750,2025-07-25,41750,09:30,09:40,10,PARTIAL,1,4,,,AVAILABLE,62.0,True,,,,CURRENT_BAR_UNAVAILABLE,OBSERVATION_INSUFFICIENT,5,0,0,False,0,0,False,INHERITED_RAW_PRICE_BASIS,False,False
2025-07-25|41750,2025-07-25,41750,09:30,09:45,15,PARTIAL,2,3,,,AVAILABLE,62.0,True,,,,UNRESOLVED_STRUCTURE,OBSERVATION_INSUFFICIENT,7,0,0,False,0,0,False,INHERITED_RAW_PRICE_BASIS,False,False
2025-07-25|41750,2025-07-25,41750,09:30,09:50,20,PARTIAL,3,2,,,AVAILABLE,62.0,True,,,,UNRESOLVED_STRUCTURE,OBSERVATION_INSUFFICIENT,10,0,0,False,0,0,False,INHERITED_RAW_PRICE_BASIS,False,False
2025-07-25|41750,2025-07-25,41750,09:30,09:55,25,UNAVAILABLE,0,5,,,AVAILABLE,62.0,True,,,,CURRENT_BAR_UNAVAILABLE,OBSERVATION_INSUFFICIENT,9,0,0,False,0,0,False,INHERITED_RAW_PRICE_BASIS,False,False
2025-07-25|41750,2025-07-25,41750,09:30,10:00,30,UNAVAILABLE,0,5,,,AVAILABLE,62.0,True,,,,CURRENT_BAR_UNAVAILABLE,OBSERVATION_INSUFFICIENT,6,0,0,False,0,0,False,INHERITED_RAW_PRICE_BASIS,False,False
2025-07-25|41750,2025-07-25,41750,09:30,10:05,35,PARTIAL,1,4,,,AVAILABLE,62.0,True,,,,CURRENT_BAR_UNAVAILABLE,OBSERVATION_INSUFFICIENT,2,0,0,False,0,0,False,INHERITED_RAW_PRICE_BASIS,False,False
2025-07-25|41750,2025-07-25,41750,09:30,10:10,40,PARTIAL,3,2,,,AVAILABLE,62.0,True,,,,UNRESOLVED_STRUCTURE,WINDOW_OBSERVED,0,0,0,False,0,0,False,INHERITED_RAW_PRICE_BASIS,False,False
2025-07-25|41750,2025-07-25,41750,09:30,10:15,45,COMPLETE,5,0,DOWN,-2.6507054296707997,AVAILABLE,62.0,True,,,,UNRESOLVED_STRUCTURE,WINDOW_OBSERVED,0,0,1,False,2,2,False,INHERITED_RAW_PRICE_BASIS,False,False
2025-07-25|41750,2025-07-25,41750,09:30,10:20,50,COMPLETE,5,0,UP,0.8344312692138779,AVAILABLE,62.0,True,,RECOVERY,,UNRESOLVED_STRUCTURE,OBSERVATION_INSUFFICIENT,1,1,2,False,1,2,True,INHERITED_RAW_PRICE_BASIS,True,True
2025-07-25|41750,2025-07-25,41750,09:30,10:25,55,COMPLETE,5,0,UP,0.43478260869565216,AVAILABLE,62.0,True,,RECOVERY,RANGE_COMPRESSION|VOLUME_COMPRESSION|TRADING_VALUE_COMPRESSION,UNRESOLVED_STRUCTURE,OBSERVATION_INSUFFICIENT,1,0,2,False,0,0,True,INHERITED_RAW_PRICE_BASIS,True,False
2025-07-25|41750,2025-07-25,41750,09:30,10:30,60,PARTIAL,4,1,,,AVAILABLE,62.0,True,,,,UNRESOLVED_STRUCTURE,WINDOW_OBSERVED,0,1,1,False,0,1,False,INHERITED_RAW_PRICE_BASIS,False,False
2025-07-25|41750,2025-07-25,41750,09:30,10:35,65,COMPLETE,5,0,UP,4.480737018425461,AVAILABLE,62.0,True,,,,UNRESOLVED_STRUCTURE,WINDOW_OBSERVED,0,0,1,False,4,0,False,INHERITED_RAW_PRICE_BASIS,False,False
2025-07-25|41750,2025-07-25,41750,09:30,10:40,70,COMPLETE,5,0,UP,5.43390105433901,AVAILABLE,62.0,True,,,,UNRESOLVED_STRUCTURE,WINDOW_OBSERVED,0,0,3,False,10,8,False,INHERITED_RAW_PRICE_BASIS,True,False
2025-07-25|41750,2025-07-25,41750,09:30,10:45,75,COMPLETE,5,0,UP,8.397832817337461,AVAILABLE,62.0,True,UP_STRUCTURE,CORRECTION,RANGE_EXPANSION|VOLUME_EXPANSION|TRADING_VALUE_EXPANSION,IDENTIFIED,WINDOW_OBSERVED,0,1,4,False,2,2,True,INHERITED_RAW_PRICE_BASIS,True,True
2025-07-25|41750,2025-07-25,41750,09:30,10:50,80,COMPLETE,5,0,UP,3.44950213371266,AVAILABLE,62.0,True,UP_STRUCTURE,PROGRESSION,VOLUME_EXPANSION|TRADING_VALUE_EXPANSION,IDENTIFIED,WINDOW_OBSERVED,0,0,5,False,3,1,True,INHERITED_RAW_PRICE_BASIS,True,True
2025-07-25|41750,2025-07-25,41750,09:30,10:55,85,COMPLETE,5,0,DOWN,-3.9518900343642613,AVAILABLE,62.0,True,UP_STRUCTURE,,VOLUME_COMPRESSION|TRADING_VALUE_COMPRESSION,IDENTIFIED,WINDOW_OBSERVED,0,1,7,False,4,3,True,INHERITED_RAW_PRICE_BASIS,True,True
2025-07-25|41750,2025-07-25,41750,09:30,11:00,90,COMPLETE,5,0,UP,4.659498207885305,AVAILABLE,62.0,True,UP_STRUCTURE,CORRECTION,VOLUME_COMPRESSION|TRADING_VALUE_COMPRESSION,IDENTIFIED,WINDOW_OBSERVED,0,1,8,False,6,4,True,INHERITED_RAW_PRICE_BASIS,True,True
2025-07-25|41750,2025-07-25,41750,09:30,11:05,95,COMPLETE,5,0,DOWN,-0.13736263736263737,AVAILABLE,62.0,True,UP_STRUCTURE,CORRECTION,RANGE_COMPRESSION|VOLUME_COMPRESSION|TRADING_VALUE_COMPRESSION,IDENTIFIED,OBSERVATION_INSUFFICIENT,2,0,8,False,0,0,True,INHERITED_RAW_PRICE_BASIS,True,False
2025-07-25|41750,2025-07-25,41750,09:30,11:10,100,COMPLETE,5,0,DOWN,-2.74020117932709,AVAILABLE,62.0,True,,RESTRUCTURING,RANGE_EXPANSION|VOLUME_EXPANSION|TRADING_VALUE_EXPANSION,UNRESOLVED_STRUCTURE,OBSERVATION_INSUFFICIENT,3,0,8,False,1,2,True,INHERITED_RAW_PRICE_BASIS,True,True
2025-07-25|41750,2025-07-25,41750,09:30,11:15,105,PARTIAL,3,2,,,AVAILABLE,62.0,True,,,,UNRESOLVED_STRUCTURE,OBSERVATION_INSUFFICIENT,3,0,0,False,1,1,False,INHERITED_RAW_PRICE_BASIS,False,False
2025-07-25|41750,2025-07-25,41750,09:30,11:20,110,PARTIAL,4,1,,,AVAILABLE,62.0,True,,,,UNRESOLVED_STRUCTURE,OBSERVATION_INSUFFICIENT,2,0,0,False,0,0,False,INHERITED_RAW_PRICE_BASIS,False,False
2025-07-25|41750,2025-07-25,41750,09:30,11:25,115,PARTIAL,3,2,,,AVAILABLE,62.0,True,,,,CURRENT_BAR_UNAVAILABLE,WINDOW_OBSERVED,0,0,0,False,0,0,False,INHERITED_RAW_PRICE_BASIS,False,False
2025-07-25|41750,2025-07-25,41750,09:30,11:30,120,COMPLETE,5,0,DOWN,-4.094430099594246,AVAILABLE,62.0,True,,,,UNRESOLVED_STRUCTURE,OBSERVATION_INSUFFICIENT,1,0,1,False,0,0,False,INHERITED_RAW_PRICE_BASIS,False,False
2025-07-25|41750,2025-07-25,41750,09:30,12:35,125,COMPLETE,5,0,UP,3.9661147477859067,AVAILABLE,62.0,True,,,,UNRESOLVED_STRUCTURE,OBSERVATION_INSUFFICIENT,1,0,2,False,0,0,False,INHERITED_RAW_PRICE_BASIS,True,False
2025-07-25|41750,2025-07-25,41750,09:30,12:40,130,PARTIAL,4,1,,,AVAILABLE,62.0,True,,,,CURRENT_BAR_UNAVAILABLE,OBSERVATION_INSUFFICIENT,1,0,0,False,0,0,False,INHERITED_RAW_PRICE_BASIS,False,False
2025-07-25|41750,2025-07-25,41750,09:30,12:45,135,COMPLETE,5,0,DOWN,-2.0213156927600147,AVAILABLE,62.0,True,,,,UNRESOLVED_STRUCTURE,OBSERVATION_INSUFFICIENT,1,0,0,False,0,0,False,INHERITED_RAW_PRICE_BASIS,False,False
2025-07-25|41750,2025-07-25,41750,09:30,12:50,140,PARTIAL,4,1,,,AVAILABLE,62.0,True,,,,UNRESOLVED_STRUCTURE,WINDOW_OBSERVED,0,1,1,False,0,0,False,INHERITED_RAW_PRICE_BASIS,False,False
2025-07-25|41750,2025-07-25,41750,09:30,12:55,145,COMPLETE,5,0,DOWN,-1.3508579773640015,AVAILABLE,62.0,True,,,,UNRESOLVED_STRUCTURE,OBSERVATION_INSUFFICIENT,2,1,2,False,0,0,False,INHERITED_RAW_PRICE_BASIS,False,False
2025-07-25|41750,2025-07-25,41750,09:30,13:00,150,COMPLETE,5,0,DOWN,-0.1111934766493699,AVAILABLE,62.0,True,,,RANGE_COMPRESSION,UNRESOLVED_STRUCTURE,OBSERVATION_INSUFFICIENT,4,0,2,False,2,0,False,INHERITED_RAW_PRICE_BASIS,True,False
2025-07-25|41750,2025-07-25,41750,09:30,13:05,155,PARTIAL,3,2,,,AVAILABLE,62.0,True,,,,CURRENT_BAR_UNAVAILABLE,OBSERVATION_INSUFFICIENT,3,0,0,False,1,2,False,INHERITED_RAW_PRICE_BASIS,False,False
2025-07-25|41750,2025-07-25,41750,09:30,13:10,160,PARTIAL,3,2,,,AVAILABLE,62.0,True,,,,UNRESOLVED_STRUCTURE,OBSERVATION_INSUFFICIENT,5,1,1,False,0,0,False,INHERITED_RAW_PRICE_BASIS,False,False
2025-07-25|41750,2025-07-25,41750,09:30,13:15,165,PARTIAL,4,1,,,AVAILABLE,62.0,True,,,,UNRESOLVED_STRUCTURE,OBSERVATION_INSUFFICIENT,9,1,1,False,0,0,False,INHERITED_RAW_PRICE_BASIS,False,False
2025-07-25|41750,2025-07-25,41750,09:30,13:20,170,PARTIAL,1,4,,,AVAILABLE,62.0,True,,,,CURRENT_BAR_UNAVAILABLE,OBSERVATION_INSUFFICIENT,10,0,0,False,0,0,False,INHERITED_RAW_PRICE_BASIS,False,False
2025-07-25|41750,2025-07-25,41750,09:30,13:25,175,UNAVAILABLE,0,5,,,AVAILABLE,62.0,True,,,,CURRENT_BAR_UNAVAILABLE,OBSERVATION_INSUFFICIENT,10,0,0,False,0,0,False,INHERITED_RAW_PRICE_BASIS,False,False
2025-07-25|41750,2025-07-25,41750,09:30,13:30,180,UNAVAILABLE,0,5,,,AVAILABLE,62.0,True,,,,CURRENT_BAR_UNAVAILABLE,OBSERVATION_INSUFFICIENT,10,0,0,False,0,0,False,INHERITED_RAW_PRICE_BASIS,False,False
2025-07-25|41750,2025-07-25,41750,09:30,13:35,185,UNAVAILABLE,0,5,,,AVAILABLE,62.0,True,,,,CURRENT_BAR_UNAVAILABLE,OBSERVATION_INSUFFICIENT,10,0,0,False,0,0,False,INHERITED_RAW_PRICE_BASIS,False,False
2025-07-25|41750,2025-07-25,41750,09:30,13:40,190,UNAVAILABLE,0,5,,,AVAILABLE,62.0,True,,,,CURRENT_BAR_UNAVAILABLE,OBSERVATION_INSUFFICIENT,9,0,0,False,0,0,False,INHERITED_RAW_PRICE_BASIS,False,False
2025-07-25|41750,2025-07-25,41750,09:30,13:45,195,UNAVAILABLE,0,5,,,AVAILABLE,62.0,True,,,,CURRENT_BAR_UNAVAILABLE,OBSERVATION_INSUFFICIENT,6,0,0,False,0,0,False,INHERITED_RAW_PRICE_BASIS,False,False
2025-07-25|41750,2025-07-25,41750,09:30,13:50,200,PARTIAL,1,4,,,AVAILABLE,62.0,True,,,,UNRESOLVED_STRUCTURE,OBSERVATION_INSUFFICIENT,2,0,0,False,0,0,False,INHERITED_RAW_PRICE_BASIS,False,False
2025-07-25|41750,2025-07-25,41750,09:30,13:55,205,PARTIAL,3,2,,,AVAILABLE,62.0,True,,,,UNRESOLVED_STRUCTURE,WINDOW_OBSERVED,0,1,1,False,1,0,False,INHERITED_RAW_PRICE_BASIS,False,False
2025-07-25|41750,2025-07-25,41750,09:30,14:00,210,COMPLETE,5,0,DOWN,-0.14064697609001406,AVAILABLE,62.0,True,,,,UNRESOLVED_STRUCTURE,WINDOW_OBSERVED,0,1,1,False,0,0,False,INHERITED_RAW_PRICE_BASIS,False,False
2025-07-25|41750,2025-07-25,41750,09:30,14:05,215,COMPLETE,5,0,UP,2.024482109227872,AVAILABLE,62.0,True,,,VOLUME_COMPRESSION|TRADING_VALUE_COMPRESSION,UNRESOLVED_STRUCTURE,WINDOW_OBSERVED,0,0,1,False,0,0,False,INHERITED_RAW_PRICE_BASIS,True,False
2025-07-25|41750,2025-07-25,41750,09:30,14:10,220,COMPLETE,5,0,UP,1.3850415512465375,AVAILABLE,62.0,True,,,,UNRESOLVED_STRUCTURE,WINDOW_OBSERVED,0,0,1,False,0,0,False,INHERITED_RAW_PRICE_BASIS,True,False
2025-07-25|41750,2025-07-25,41750,09:30,14:15,225,COMPLETE,5,0,DOWN,-1.0933940774487472,AVAILABLE,62.0,True,,,CHOPPINESS,UNRESOLVED_STRUCTURE,WINDOW_OBSERVED,0,0,1,False,0,0,False,INHERITED_RAW_PRICE_BASIS,True,False
2025-07-25|41750,2025-07-25,41750,09:30,14:20,230,COMPLETE,5,0,UP,1.0535959688502061,AVAILABLE,62.0,True,,,CHOPPINESS|RANGE_COMPRESSION|VOLUME_COMPRESSION|TRADING_VALUE_COMPRESSION,UNRESOLVED_STRUCTURE,WINDOW_OBSERVED,0,1,2,False,0,0,False,INHERITED_RAW_PRICE_BASIS,True,False
2025-07-25|41750,2025-07-25,41750,09:30,14:25,235,COMPLETE,5,0,DOWN,-2.138307552320291,AVAILABLE,62.0,True,,RECOVERY,RANGE_EXPANSION,UNRESOLVED_STRUCTURE,OBSERVATION_INSUFFICIENT,1,1,3,False,0,0,True,INHERITED_RAW_PRICE_BASIS,True,True
2025-07-25|41750,2025-07-25,41750,09:30,14:30,240,COMPLETE,5,0,UP,2.558139534883721,AVAILABLE,62.0,True,,RECOVERY,VOLUME_COMPRESSION|TRADING_VALUE_COMPRESSION,UNRESOLVED_STRUCTURE,OBSERVATION_INSUFFICIENT,1,0,3,False,0,0,True,INHERITED_RAW_PRICE_BASIS,True,False
2025-07-25|41750,2025-07-25,41750,09:30,14:35,245,PARTIAL,4,1,,,AVAILABLE,62.0,True,,,,UNRESOLVED_STRUCTURE,WINDOW_OBSERVED,0,1,1,False,0,0,False,INHERITED_RAW_PRICE_BASIS,False,False
2025-07-25|41750,2025-07-25,41750,09:30,14:40,250,COMPLETE,5,0,DOWN,-4.132606721162579,AVAILABLE,62.0,True,,,,UNRESOLVED_STRUCTURE,WINDOW_OBSERVED,0,0,1,False,0,0,False,INHERITED_RAW_PRICE_BASIS,False,False
2025-07-25|41750,2025-07-25,41750,09:30,14:45,255,COMPLETE,5,0,UP,0.8045433033601515,AVAILABLE,62.0,True,,,RANGE_COMPRESSION|VOLUME_COMPRESSION|TRADING_VALUE_COMPRESSION,UNRESOLVED_STRUCTURE,WINDOW_OBSERVED,0,0,1,False,0,0,False,INHERITED_RAW_PRICE_BASIS,True,False
2025-07-25|41750,2025-07-25,41750,09:30,14:50,260,COMPLETE,5,0,UP,0.1413760603204524,AVAILABLE,62.0,True,,,CHOPPINESS|VOLUME_COMPRESSION|TRADING_VALUE_COMPRESSION,UNRESOLVED_STRUCTURE,OBSERVATION_INSUFFICIENT,1,0,1,False,0,0,False,INHERITED_RAW_PRICE_BASIS,True,False
2025-07-25|41750,2025-07-25,41750,09:30,14:55,265,COMPLETE,5,0,DOWN,-0.14104372355430184,AVAILABLE,62.0,True,,,RANGE_COMPRESSION|VOLUME_COMPRESSION|TRADING_VALUE_COMPRESSION,UNRESOLVED_STRUCTURE,OBSERVATION_INSUFFICIENT,1,0,1,False,0,0,False,INHERITED_RAW_PRICE_BASIS,True,False
2025-07-25|41750,2025-07-25,41750,09:30,15:00,270,PARTIAL,4,1,,,AVAILABLE,62.0,True,,,,UNRESOLVED_STRUCTURE,WINDOW_OBSERVED,0,0,0,False,0,0,False,INHERITED_RAW_PRICE_BASIS,False,False
2025-07-25|41750,2025-07-25,41750,09:30,15:05,275,COMPLETE,5,0,UP,0.332541567695962,AVAILABLE,62.0,True,,,,UNRESOLVED_STRUCTURE,OBSERVATION_INSUFFICIENT,1,0,0,False,0,0,False,INHERITED_RAW_PRICE_BASIS,False,False
2025-07-25|41750,2025-07-25,41750,09:30,15:10,280,COMPLETE,5,0,DOWN,-0.37753657385559225,AVAILABLE,62.0,True,,,RANGE_EXPANSION|VOLUME_EXPANSION|TRADING_VALUE_EXPANSION,UNRESOLVED_STRUCTURE,OBSERVATION_INSUFFICIENT,1,0,0,False,0,0,False,INHERITED_RAW_PRICE_BASIS,True,False
2025-07-25|41750,2025-07-25,41750,09:30,15:15,285,PARTIAL,4,1,,,AVAILABLE,62.0,True,,,,UNRESOLVED_STRUCTURE,WINDOW_OBSERVED,0,0,0,False,0,0,False,INHERITED_RAW_PRICE_BASIS,False,False
2025-07-25|41750,2025-07-25,41750,09:30,15:20,290,COMPLETE,5,0,DOWN,-0.6181645268663813,AVAILABLE,62.0,True,,,,UNRESOLVED_STRUCTURE,RIGHT_CENSORED,0,0,0,False,0,0,False,INHERITED_RAW_PRICE_BASIS,False,False
2025-07-25|41750,2025-07-25,41750,09:30,15:25,295,COMPLETE,5,0,UP,0.430622009569378,AVAILABLE,62.0,True,,,,UNRESOLVED_STRUCTURE,RIGHT_CENSORED,0,0,0,False,0,0,False,INHERITED_RAW_PRICE_BASIS,True,False
2025-07-25|42560,2025-07-25,42560,11:00,11:00,0,PARTIAL,1,4,,,SCALE_INSUFFICIENT,,True,,,,CURRENT_BAR_UNAVAILABLE,OBSERVATION_INSUFFICIENT,10,0,0,False,0,0,False,INHERITED_RAW_PRICE_BASIS,False,False
2025-07-25|42560,2025-07-25,42560,11:00,11:05,5,UNAVAILABLE,0,5,,,SCALE_INSUFFICIENT,,True,,,,CURRENT_BAR_UNAVAILABLE,OBSERVATION_INSUFFICIENT,10,0,0,False,0,0,False,INHERITED_RAW_PRICE_BASIS,False,False
2025-07-25|42560,2025-07-25,42560,11:00,11:10,10,UNAVAILABLE,0,5,,,SCALE_INSUFFICIENT,,True,,,,CURRENT_BAR_UNAVAILABLE,OBSERVATION_INSUFFICIENT,9,0,0,False,0,0,False,INHERITED_RAW_PRICE_BASIS,False,False
2025-07-25|42560,2025-07-25,42560,11:00,11:15,15,UNAVAILABLE,0,5,,,SCALE_INSUFFICIENT,,True,,,,CURRENT_BAR_UNAVAILABLE,OBSERVATION_INSUFFICIENT,9,0,0,False,0,0,False,INHERITED_RAW_PRICE_BASIS,False,False
2025-07-25|42560,2025-07-25,42560,11:00,11:20,20,PARTIAL,1,4,,,SCALE_INSUFFICIENT,,True,,,,CURRENT_BAR_UNAVAILABLE,OBSERVATION_INSUFFICIENT,10,0,0,False,0,0,False,INHERITED_RAW_PRICE_BASIS,False,False
2025-07-25|42560,2025-07-25,42560,11:00,11:25,25,UNAVAILABLE,0,5,,,SCALE_INSUFFICIENT,,True,,,,CURRENT_BAR_UNAVAILABLE,OBSERVATION_INSUFFICIENT,9,0,0,False,0,0,False,INHERITED_RAW_PRICE_BASIS,False,False
2025-07-25|42560,2025-07-25,42560,11:00,11:30,30,UNAVAILABLE,0,5,,,SCALE_INSUFFICIENT,,True,,,,CURRENT_BAR_UNAVAILABLE,OBSERVATION_INSUFFICIENT,9,0,0,False,0,0,False,INHERITED_RAW_PRICE_BASIS,False,False
2025-07-25|42560,2025-07-25,42560,11:00,12:35,35,PARTIAL,1,4,,,SCALE_INSUFFICIENT,,True,,,,CURRENT_BAR_UNAVAILABLE,OBSERVATION_INSUFFICIENT,9,0,0,False,0,0,False,INHERITED_RAW_PRICE_BASIS,False,False
2025-07-25|42560,2025-07-25,42560,11:00,12:40,40,UNAVAILABLE,0,5,,,SCALE_INSUFFICIENT,,True,,,,CURRENT_BAR_UNAVAILABLE,OBSERVATION_INSUFFICIENT,9,0,0,False,0,0,False,INHERITED_RAW_PRICE_BASIS,False,False
2025-07-25|42560,2025-07-25,42560,11:00,12:45,45,PARTIAL,1,4,,,SCALE_INSUFFICIENT,,True,,,,CURRENT_BAR_UNAVAILABLE,OBSERVATION_INSUFFICIENT,10,0,0,False,0,0,False,INHERITED_RAW_PRICE_BASIS,False,False
2025-07-25|42560,2025-07-25,42560,11:00,12:50,50,UNAVAILABLE,0,5,,,SCALE_INSUFFICIENT,,True,,,,CURRENT_BAR_UNAVAILABLE,OBSERVATION_INSUFFICIENT,10,0,0,False,0,0,False,INHERITED_RAW_PRICE_BASIS,False,False
2025-07-25|42560,2025-07-25,42560,11:00,12:55,55,UNAVAILABLE,0,5,,,SCALE_INSUFFICIENT,,True,,,,CURRENT_BAR_UNAVAILABLE,OBSERVATION_INSUFFICIENT,10,0,0,False,0,0,False,INHERITED_RAW_PRICE_BASIS,False,False
2025-07-25|42560,2025-07-25,42560,11:00,13:00,60,UNAVAILABLE,0,5,,,SCALE_INSUFFICIENT,,True,,,,CURRENT_BAR_UNAVAILABLE,OBSERVATION_INSUFFICIENT,10,0,0,False,0,0,False,INHERITED_RAW_PRICE_BASIS,False,False
2025-07-25|42560,2025-07-25,42560,11:00,13:05,65,UNAVAILABLE,0,5,,,SCALE_INSUFFICIENT,,True,,,,CURRENT_BAR_UNAVAILABLE,OBSERVATION_INSUFFICIENT,10,0,0,False,0,0,False,INHERITED_RAW_PRICE_BASIS,False,False
2025-07-25|42560,2025-07-25,42560,11:00,13:10,70,UNAVAILABLE,0,5,,,SCALE_INSUFFICIENT,,True,,,,CURRENT_BAR_UNAVAILABLE,OBSERVATION_INSUFFICIENT,10,0,0,False,0,0,False,INHERITED_RAW_PRICE_BASIS,False,False
2025-07-25|42560,2025-07-25,42560,11:00,13:15,75,UNAVAILABLE,0,5,,,SCALE_INSUFFICIENT,,True,,,,CURRENT_BAR_UNAVAILABLE,OBSERVATION_INSUFFICIENT,10,0,0,False,0,0,False,INHERITED_RAW_PRICE_BASIS,False,False
2025-07-25|42560,2025-07-25,42560,11:00,13:20,80,UNAVAILABLE,0,5,,,SCALE_INSUFFICIENT,,True,,,,CURRENT_BAR_UNAVAILABLE,OBSERVATION_INSUFFICIENT,10,0,0,False,0,0,False,INHERITED_RAW_PRICE_BASIS,False,False
2025-07-25|42560,2025-07-25,42560,11:00,13:25,85,UNAVAILABLE,0,5,,,SCALE_INSUFFICIENT,,True,,,,CURRENT_BAR_UNAVAILABLE,OBSERVATION_INSUFFICIENT,10,0,0,False,0,0,False,INHERITED_RAW_PRICE_BASIS,False,False
2025-07-25|42560,2025-07-25,42560,11:00,13:30,90,UNAVAILABLE,0,5,,,SCALE_INSUFFICIENT,,True,,,,CURRENT_BAR_UNAVAILABLE,OBSERVATION_INSUFFICIENT,9,0,0,False,0,0,False,INHERITED_RAW_PRICE_BASIS,False,False
2025-07-25|42560,2025-07-25,42560,11:00,13:35,95,UNAVAILABLE,0,5,,,SCALE_INSUFFICIENT,,True,,,,CURRENT_BAR_UNAVAILABLE,OBSERVATION_INSUFFICIENT,9,0,0,False,0,0,False,INHERITED_RAW_PRICE_BASIS,False,False
2025-07-25|42560,2025-07-25,42560,11:00,13:40,100,PARTIAL,1,4,,,SCALE_INSUFFICIENT,,True,,,,SCALE_UNAVAILABLE,OBSERVATION_INSUFFICIENT,10,0,0,False,0,0,False,INHERITED_RAW_PRICE_BASIS,False,False
2025-07-25|42560,2025-07-25,42560,11:00,13:45,105,UNAVAILABLE,0,5,,,SCALE_INSUFFICIENT,,True,,,,CURRENT_BAR_UNAVAILABLE,OBSERVATION_INSUFFICIENT,9,0,0,False,0,0,False,INHERITED_RAW_PRICE_BASIS,False,False
2025-07-25|42560,2025-07-25,42560,11:00,13:50,110,UNAVAILABLE,0,5,,,SCALE_INSUFFICIENT,,True,,,,CURRENT_BAR_UNAVAILABLE,OBSERVATION_INSUFFICIENT,9,0,0,False,0,0,False,INHERITED_RAW_PRICE_BASIS,False,False
2025-07-25|42560,2025-07-25,42560,11:00,13:55,115,PARTIAL,1,4,,,SCALE_INSUFFICIENT,,True,,,,CURRENT_BAR_UNAVAILABLE,OBSERVATION_INSUFFICIENT,10,0,0,False,0,0,False,INHERITED_RAW_PRICE_BASIS,False,False
2025-07-25|42560,2025-07-25,42560,11:00,14:00,120,UNAVAILABLE,0,5,,,SCALE_INSUFFICIENT,,True,,,,CURRENT_BAR_UNAVAILABLE,OBSERVATION_INSUFFICIENT,10,0,0,False,0,0,False,INHERITED_RAW_PRICE_BASIS,False,False
2025-07-25|42560,2025-07-25,42560,11:00,14:05,125,UNAVAILABLE,0,5,,,SCALE_INSUFFICIENT,,True,,,,CURRENT_BAR_UNAVAILABLE,OBSERVATION_INSUFFICIENT,10,0,0,False,0,0,False,INHERITED_RAW_PRICE_BASIS,False,False
2025-07-25|42560,2025-07-25,42560,11:00,14:10,130,UNAVAILABLE,0,5,,,SCALE_INSUFFICIENT,,True,,,,CURRENT_BAR_UNAVAILABLE,OBSERVATION_INSUFFICIENT,10,0,0,False,0,0,False,INHERITED_RAW_PRICE_BASIS,False,False
2025-07-25|42560,2025-07-25,42560,11:00,14:15,135,UNAVAILABLE,0,5,,,SCALE_INSUFFICIENT,,True,,,,CURRENT_BAR_UNAVAILABLE,OBSERVATION_INSUFFICIENT,10,0,0,False,0,0,False,INHERITED_RAW_PRICE_BASIS,False,False
2025-07-25|42560,2025-07-25,42560,11:00,14:20,140,UNAVAILABLE,0,5,,,SCALE_INSUFFICIENT,,True,,,,CURRENT_BAR_UNAVAILABLE,OBSERVATION_INSUFFICIENT,10,0,0,False,0,0,False,INHERITED_RAW_PRICE_BASIS,False,False
2025-07-25|42560,2025-07-25,42560,11:00,14:25,145,UNAVAILABLE,0,5,,,SCALE_INSUFFICIENT,,True,,,,CURRENT_BAR_UNAVAILABLE,OBSERVATION_INSUFFICIENT,10,0,0,False,0,0,False,INHERITED_RAW_PRICE_BASIS,False,False
2025-07-25|42560,2025-07-25,42560,11:00,14:30,150,UNAVAILABLE,0,5,,,SCALE_INSUFFICIENT,,True,,,,CURRENT_BAR_UNAVAILABLE,OBSERVATION_INSUFFICIENT,8,0,0,False,0,0,False,INHERITED_RAW_PRICE_BASIS,False,False
2025-07-25|42560,2025-07-25,42560,11:00,14:35,155,UNAVAILABLE,0,5,,,SCALE_INSUFFICIENT,,True,,,,CURRENT_BAR_UNAVAILABLE,OBSERVATION_INSUFFICIENT,8,0,0,False,0,0,False,INHERITED_RAW_PRICE_BASIS,False,False
2025-07-25|42560,2025-07-25,42560,11:00,14:40,160,PARTIAL,2,3,,,SCALE_INSUFFICIENT,,True,,,,SCALE_UNAVAILABLE,OBSERVATION_INSUFFICIENT,10,0,0,False,0,0,False,INHERITED_RAW_PRICE_BASIS,False,False
2025-07-25|42560,2025-07-25,42560,11:00,14:45,165,UNAVAILABLE,0,5,,,SCALE_INSUFFICIENT,,True,,,,CURRENT_BAR_UNAVAILABLE,OBSERVATION_INSUFFICIENT,9,0,0,False,0,0,False,INHERITED_RAW_PRICE_BASIS,False,False
2025-07-25|42560,2025-07-25,42560,11:00,14:50,170,UNAVAILABLE,0,5,,,SCALE_INSUFFICIENT,,True,,,,CURRENT_BAR_UNAVAILABLE,OBSERVATION_INSUFFICIENT,7,0,0,False,0,0,False,INHERITED_RAW_PRICE_BASIS,False,False
2025-07-25|42560,2025-07-25,42560,11:00,14:55,175,PARTIAL,1,4,,,SCALE_INSUFFICIENT,,True,,,,SCALE_UNAVAILABLE,OBSERVATION_INSUFFICIENT,8,0,0,False,0,0,False,INHERITED_RAW_PRICE_BASIS,False,False
2025-07-25|42560,2025-07-25,42560,11:00,15:00,180,PARTIAL,2,3,,,SCALE_INSUFFICIENT,,True,,,,CURRENT_BAR_UNAVAILABLE,OBSERVATION_INSUFFICIENT,10,0,0,False,0,0,False,INHERITED_RAW_PRICE_BASIS,False,False
2025-07-25|42560,2025-07-25,42560,11:00,15:05,185,UNAVAILABLE,0,5,,,SCALE_INSUFFICIENT,,True,,,,CURRENT_BAR_UNAVAILABLE,OBSERVATION_INSUFFICIENT,10,0,0,False,0,0,False,INHERITED_RAW_PRICE_BASIS,False,False
2025-07-25|42560,2025-07-25,42560,11:00,15:10,190,UNAVAILABLE,0,5,,,SCALE_INSUFFICIENT,,True,,,,CURRENT_BAR_UNAVAILABLE,OBSERVATION_INSUFFICIENT,10,0,0,False,0,0,False,INHERITED_RAW_PRICE_BASIS,False,False
2025-07-25|42560,2025-07-25,42560,11:00,15:15,195,UNAVAILABLE,0,5,,,SCALE_INSUFFICIENT,,True,,,,CURRENT_BAR_UNAVAILABLE,OBSERVATION_INSUFFICIENT,10,0,0,False,0,0,False,INHERITED_RAW_PRICE_BASIS,False,False
2025-07-25|42560,2025-07-25,42560,11:00,15:20,200,UNAVAILABLE,0,5,,,SCALE_INSUFFICIENT,,True,,,,CURRENT_BAR_UNAVAILABLE,RIGHT_CENSORED,5,0,0,False,0,0,False,INHERITED_RAW_PRICE_BASIS,False,False
2025-07-25|42560,2025-07-25,42560,11:00,15:25,205,UNAVAILABLE,0,5,,,SCALE_INSUFFICIENT,,True,,,,CURRENT_BAR_UNAVAILABLE,RIGHT_CENSORED,0,0,0,False,0,0,False,INHERITED_RAW_PRICE_BASIS,False,False
2025-07-25|44620,2025-07-25,44620,15:00,15:00,0,PARTIAL,4,1,,,SCALE_INSUFFICIENT,,True,,,,CURRENT_BAR_UNAVAILABLE,OBSERVATION_INSUFFICIENT,2,0,0,False,0,0,False,INHERITED_RAW_PRICE_BASIS,False,False
2025-07-25|44620,2025-07-25,44620,15:00,15:05,5,PARTIAL,4,1,,,SCALE_INSUFFICIENT,,True,,,,CURRENT_BAR_UNAVAILABLE,OBSERVATION_INSUFFICIENT,2,0,0,False,0,0,False,INHERITED_RAW_PRICE_BASIS,False,False
2025-07-25|44620,2025-07-25,44620,15:00,15:10,10,PARTIAL,4,1,,,SCALE_INSUFFICIENT,,True,,,,SCALE_UNAVAILABLE,OBSERVATION_INSUFFICIENT,2,0,0,False,0,0,False,INHERITED_RAW_PRICE_BASIS,False,False
2025-07-25|44620,2025-07-25,44620,15:00,15:15,15,PARTIAL,4,1,,,SCALE_INSUFFICIENT,,True,,,,SCALE_UNAVAILABLE,OBSERVATION_INSUFFICIENT,2,0,0,False,0,0,False,INHERITED_RAW_PRICE_BASIS,False,False
2025-07-25|44620,2025-07-25,44620,15:00,15:20,20,PARTIAL,4,1,,,SCALE_INSUFFICIENT,,True,,,,SCALE_UNAVAILABLE,RIGHT_CENSORED,1,0,0,False,0,0,False,INHERITED_RAW_PRICE_BASIS,False,False
2025-07-25|44620,2025-07-25,44620,15:00,15:25,25,PARTIAL,4,1,,,SCALE_INSUFFICIENT,,True,,,,SCALE_UNAVAILABLE,RIGHT_CENSORED,0,0,0,False,0,0,False,INHERITED_RAW_PRICE_BASIS,False,False
2025-07-25|48330,2025-07-25,48330,13:30,13:30,0,PARTIAL,4,1,,,SCALE_INSUFFICIENT,,True,,,,SCALE_UNAVAILABLE,OBSERVATION_INSUFFICIENT,1,0,0,False,0,2,False,INHERITED_RAW_PRICE_BASIS,False,False
2025-07-25|48330,2025-07-25,48330,13:30,13:35,5,PARTIAL,4,1,,,SCALE_INSUFFICIENT,,True,,,,SCALE_UNAVAILABLE,WINDOW_OBSERVED,0,0,0,False,0,1,False,INHERITED_RAW_PRICE_BASIS,False,False
2025-07-25|48330,2025-07-25,48330,13:30,13:40,10,COMPLETE,5,0,UP,1.098901098901099,SCALE_INSUFFICIENT,,True,,,,SCALE_UNAVAILABLE,WINDOW_OBSERVED,0,0,0,False,0,1,False,INHERITED_RAW_PRICE_BASIS,False,False
2025-07-25|48330,2025-07-25,48330,13:30,13:45,15,COMPLETE,5,0,UNCHANGED,0.0,SCALE_INSUFFICIENT,,True,,,,SCALE_UNAVAILABLE,WINDOW_OBSERVED,0,0,0,False,0,5,False,INHERITED_RAW_PRICE_BASIS,True,False
2025-07-25|48330,2025-07-25,48330,13:30,13:50,20,COMPLETE,5,0,UNCHANGED,0.0,SCALE_INSUFFICIENT,,True,,,,SCALE_UNAVAILABLE,OBSERVATION_INSUFFICIENT,1,0,0,False,0,6,False,INHERITED_RAW_PRICE_BASIS,True,False
2025-07-25|48330,2025-07-25,48330,13:30,13:55,25,COMPLETE,5,0,UNCHANGED,0.0,SCALE_INSUFFICIENT,,True,,,,SCALE_UNAVAILABLE,OBSERVATION_INSUFFICIENT,2,0,0,False,0,3,False,INHERITED_RAW_PRICE_BASIS,True,False
2025-07-25|48330,2025-07-25,48330,13:30,14:00,30,PARTIAL,4,1,,,SCALE_INSUFFICIENT,,True,,,,SCALE_UNAVAILABLE,OBSERVATION_INSUFFICIENT,1,0,0,False,0,1,False,INHERITED_RAW_PRICE_BASIS,False,False
2025-07-25|48330,2025-07-25,48330,13:30,14:05,35,PARTIAL,4,1,,,SCALE_INSUFFICIENT,,True,,,,SCALE_UNAVAILABLE,OBSERVATION_INSUFFICIENT,1,0,0,False,0,5,False,INHERITED_RAW_PRICE_BASIS,False,False
2025-07-25|48330,2025-07-25,48330,13:30,14:10,40,COMPLETE,5,0,UNCHANGED,0.0,SCALE_INSUFFICIENT,,True,,,,SCALE_UNAVAILABLE,OBSERVATION_INSUFFICIENT,2,0,0,False,0,3,False,INHERITED_RAW_PRICE_BASIS,False,False
2025-07-25|48330,2025-07-25,48330,13:30,14:15,45,PARTIAL,4,1,,,SCALE_INSUFFICIENT,,True,,,,SCALE_UNAVAILABLE,OBSERVATION_INSUFFICIENT,6,0,0,False,0,3,False,INHERITED_RAW_PRICE_BASIS,False,False
2025-07-25|48330,2025-07-25,48330,13:30,14:20,50,PARTIAL,4,1,,,SCALE_INSUFFICIENT,,True,,,,SCALE_UNAVAILABLE,OBSERVATION_INSUFFICIENT,10,0,0,False,0,1,False,INHERITED_RAW_PRICE_BASIS,False,False
2025-07-25|48330,2025-07-25,48330,13:30,14:25,55,UNAVAILABLE,0,5,,,SCALE_INSUFFICIENT,,True,,,,CURRENT_BAR_UNAVAILABLE,OBSERVATION_INSUFFICIENT,10,0,0,False,0,0,False,INHERITED_RAW_PRICE_BASIS,False,False
2025-07-25|48330,2025-07-25,48330,13:30,14:30,60,UNAVAILABLE,0,5,,,SCALE_INSUFFICIENT,,True,,,,CURRENT_BAR_UNAVAILABLE,OBSERVATION_INSUFFICIENT,9,0,0,False,0,0,False,INHERITED_RAW_PRICE_BASIS,False,False
2025-07-25|48330,2025-07-25,48330,13:30,14:35,65,UNAVAILABLE,0,5,,,SCALE_INSUFFICIENT,,True,,,,CURRENT_BAR_UNAVAILABLE,OBSERVATION_INSUFFICIENT,8,0,0,False,0,0,False,INHERITED_RAW_PRICE_BASIS,False,False
2025-07-25|48330,2025-07-25,48330,13:30,14:40,70,PARTIAL,1,4,,,SCALE_INSUFFICIENT,,True,,,,CURRENT_BAR_UNAVAILABLE,OBSERVATION_INSUFFICIENT,8,0,0,False,0,0,False,INHERITED_RAW_PRICE_BASIS,False,False
2025-07-25|48330,2025-07-25,48330,13:30,14:45,75,PARTIAL,1,4,,,SCALE_INSUFFICIENT,,True,,,,CURRENT_BAR_UNAVAILABLE,OBSERVATION_INSUFFICIENT,6,0,0,False,0,0,False,INHERITED_RAW_PRICE_BASIS,False,False
2025-07-25|48330,2025-07-25,48330,13:30,14:50,80,PARTIAL,1,4,,,SCALE_INSUFFICIENT,,True,,,,CURRENT_BAR_UNAVAILABLE,OBSERVATION_INSUFFICIENT,2,0,0,False,0,0,False,INHERITED_RAW_PRICE_BASIS,False,False
2025-07-25|48330,2025-07-25,48330,13:30,14:55,85,PARTIAL,3,2,,,SCALE_INSUFFICIENT,,True,,,,SCALE_UNAVAILABLE,OBSERVATION_INSUFFICIENT,2,0,0,False,0,0,False,INHERITED_RAW_PRICE_BASIS,False,False
2025-07-25|48330,2025-07-25,48330,13:30,15:00,90,COMPLETE,5,0,UP,1.098901098901099,SCALE_INSUFFICIENT,,True,,,,SCALE_UNAVAILABLE,OBSERVATION_INSUFFICIENT,5,0,0,False,0,1,False,INHERITED_RAW_PRICE_BASIS,False,False
2025-07-25|48330,2025-07-25,48330,13:30,15:05,95,PARTIAL,3,2,,,SCALE_INSUFFICIENT,,True,,,,SCALE_UNAVAILABLE,OBSERVATION_INSUFFICIENT,6,0,0,False,0,0,False,INHERITED_RAW_PRICE_BASIS,False,False
2025-07-25|48330,2025-07-25,48330,13:30,15:10,100,PARTIAL,2,3,,,SCALE_INSUFFICIENT,,True,,,,SCALE_UNAVAILABLE,OBSERVATION_INSUFFICIENT,5,0,0,False,0,0,False,INHERITED_RAW_PRICE_BASIS,False,False
2025-07-25|48330,2025-07-25,48330,13:30,15:15,105,PARTIAL,2,3,,,SCALE_INSUFFICIENT,,True,,,,CURRENT_BAR_UNAVAILABLE,OBSERVATION_INSUFFICIENT,3,0,0,False,0,0,False,INHERITED_RAW_PRICE_BASIS,False,False
2025-07-25|48330,2025-07-25,48330,13:30,15:20,110,PARTIAL,3,2,,,SCALE_INSUFFICIENT,,True,,,,SCALE_UNAVAILABLE,RIGHT_CENSORED,1,0,0,False,0,2,False,INHERITED_RAW_PRICE_BASIS,False,False
2025-07-25|48330,2025-07-25,48330,13:30,15:25,115,PARTIAL,4,1,,,SCALE_INSUFFICIENT,,True,,,,SCALE_UNAVAILABLE,RIGHT_CENSORED,0,0,0,False,0,1,False,INHERITED_RAW_PRICE_BASIS,False,False
2025-07-25|49350,2025-07-25,49350,13:30,13:30,0,COMPLETE,5,0,DOWN,-0.6265664160401002,AVAILABLE,35.0,True,DOWN_STRUCTURE,PROGRESSION,RANGE_EXPANSION|VOLUME_EXPANSION|TRADING_VALUE_EXPANSION,IDENTIFIED,OBSERVATION_INSUFFICIENT,1,0,4,False,0,0,True,INHERITED_RAW_PRICE_BASIS,False,False
2025-07-25|49350,2025-07-25,49350,13:30,13:35,5,PARTIAL,4,1,,,AVAILABLE,35.0,True,,,,CURRENT_BAR_UNAVAILABLE,WINDOW_OBSERVED,0,0,0,False,0,0,False,INHERITED_RAW_PRICE_BASIS,False,False
2025-07-25|49350,2025-07-25,49350,13:30,13:40,10,COMPLETE,5,0,DOWN,-0.12626262626262627,AVAILABLE,35.0,True,,,,UNRESOLVED_STRUCTURE,WINDOW_OBSERVED,0,1,1,False,0,0,False,INHERITED_RAW_PRICE_BASIS,False,False
2025-07-25|49350,2025-07-25,49350,13:30,13:45,15,COMPLETE,5,0,DOWN,-0.5056890012642224,AVAILABLE,35.0,True,,,VOLUME_EXPANSION|TRADING_VALUE_EXPANSION,UNRESOLVED_STRUCTURE,WINDOW_OBSERVED,0,1,1,False,0,0,False,INHERITED_RAW_PRICE_BASIS,True,False
2025-07-25|49350,2025-07-25,49350,13:30,13:50,20,COMPLETE,5,0,DOWN,-2.544529262086514,AVAILABLE,35.0,True,,,RANGE_EXPANSION|VOLUME_EXPANSION|TRADING_VALUE_EXPANSION,UNRESOLVED_STRUCTURE,WINDOW_OBSERVED,0,1,2,False,1,1,False,INHERITED_RAW_PRICE_BASIS,True,False
2025-07-25|49350,2025-07-25,49350,13:30,13:55,25,COMPLETE,5,0,UP,0.5221932114882507,AVAILABLE,35.0,True,,RECOVERY,RANGE_COMPRESSION,UNRESOLVED_STRUCTURE,WINDOW_OBSERVED,0,1,4,False,0,0,True,INHERITED_RAW_PRICE_BASIS,True,True
2025-07-25|49350,2025-07-25,49350,13:30,14:00,30,COMPLETE,5,0,UP,0.7792207792207793,AVAILABLE,35.0,True,,,VOLUME_COMPRESSION|TRADING_VALUE_COMPRESSION,UNRESOLVED_STRUCTURE,WINDOW_OBSERVED,0,0,4,False,2,0,False,INHERITED_RAW_PRICE_BASIS,True,True
2025-07-25|49350,2025-07-25,49350,13:30,14:05,35,COMPLETE,5,0,UP,0.6451612903225806,AVAILABLE,35.0,True,UP_STRUCTURE,CORRECTION,CHOPPINESS|VOLUME_EXPANSION|TRADING_VALUE_EXPANSION,IDENTIFIED,WINDOW_OBSERVED,0,1,5,False,1,1,True,INHERITED_RAW_PRICE_BASIS,True,True
2025-07-25|49350,2025-07-25,49350,13:30,14:10,40,COMPLETE,5,0,DOWN,-1.1553273427471116,AVAILABLE,35.0,True,UP_STRUCTURE,CORRECTION,VOLUME_COMPRESSION|TRADING_VALUE_COMPRESSION,IDENTIFIED,WINDOW_OBSERVED,0,0,5,False,1,1,True,INHERITED_RAW_PRICE_BASIS,True,False
2025-07-25|49350,2025-07-25,49350,13:30,14:15,45,COMPLETE,5,0,UP,0.12987012987012986,AVAILABLE,35.0,True,UP_STRUCTURE,CORRECTION,CHOPPINESS|RANGE_COMPRESSION|VOLUME_COMPRESSION|TRADING_VALUE_COMPRESSION,IDENTIFIED,WINDOW_OBSERVED,0,0,5,False,0,0,True,INHERITED_RAW_PRICE_BASIS,True,False
2025-07-25|49350,2025-07-25,49350,13:30,14:20,50,COMPLETE,5,0,UP,0.2594033722438392,AVAILABLE,35.0,True,UP_STRUCTURE,RECOVERY,CHOPPINESS|RANGE_EXPANSION,IDENTIFIED,WINDOW_OBSERVED,0,1,6,False,0,0,True,INHERITED_RAW_PRICE_BASIS,True,True
2025-07-25|49350,2025-07-25,49350,13:30,14:25,55,COMPLETE,5,0,UP,0.129366106080207,AVAILABLE,35.0,True,UP_STRUCTURE,RECOVERY,RANGE_COMPRESSION|VOLUME_COMPRESSION|TRADING_VALUE_COMPRESSION,IDENTIFIED,WINDOW_OBSERVED,0,1,6,False,0,0,True,INHERITED_RAW_PRICE_BASIS,True,False
2025-07-25|49350,2025-07-25,49350,13:30,14:30,60,COMPLETE,5,0,UP,0.9055627425614489,AVAILABLE,35.0,True,UP_STRUCTURE,RECOVERY,RANGE_EXPANSION|VOLUME_EXPANSION|TRADING_VALUE_EXPANSION,IDENTIFIED,WINDOW_OBSERVED,0,0,6,False,0,0,True,INHERITED_RAW_PRICE_BASIS,True,False
2025-07-25|49350,2025-07-25,49350,13:30,14:35,65,COMPLETE,5,0,UP,0.2564102564102564,AVAILABLE,35.0,True,UP_STRUCTURE,CORRECTION,,IDENTIFIED,WINDOW_OBSERVED,0,1,7,False,1,1,True,INHERITED_RAW_PRICE_BASIS,True,True
2025-07-25|49350,2025-07-25,49350,13:30,14:40,70,COMPLETE,5,0,DOWN,-1.1508951406649617,AVAILABLE,35.0,True,UP_STRUCTURE,CORRECTION,RANGE_EXPANSION,IDENTIFIED,WINDOW_OBSERVED,0,0,7,False,0,0,True,INHERITED_RAW_PRICE_BASIS,True,False
2025-07-25|49350,2025-07-25,49350,13:30,14:45,75,COMPLETE,5,0,UNCHANGED,0.0,AVAILABLE,35.0,True,UP_STRUCTURE,CORRECTION,CHOPPINESS|RANGE_COMPRESSION|VOLUME_COMPRESSION|TRADING_VALUE_COMPRESSION,IDENTIFIED,WINDOW_OBSERVED,0,0,7,False,0,0,True,INHERITED_RAW_PRICE_BASIS,True,False
2025-07-25|49350,2025-07-25,49350,13:30,14:50,80,COMPLETE,5,0,DOWN,-0.258732212160414,AVAILABLE,35.0,True,UP_STRUCTURE,,,IDENTIFIED,WINDOW_OBSERVED,0,1,8,False,0,0,True,INHERITED_RAW_PRICE_BASIS,True,True
2025-07-25|49350,2025-07-25,49350,13:30,14:55,85,COMPLETE,5,0,UP,1.0376134889753568,AVAILABLE,35.0,True,UP_STRUCTURE,CORRECTION,RANGE_EXPANSION,IDENTIFIED,WINDOW_OBSERVED,0,1,9,False,0,0,True,INHERITED_RAW_PRICE_BASIS,True,True
2025-07-25|49350,2025-07-25,49350,13:30,15:00,90,COMPLETE,5,0,DOWN,-0.2570694087403599,AVAILABLE,35.0,True,UP_STRUCTURE,CORRECTION,RANGE_COMPRESSION,IDENTIFIED,WINDOW_OBSERVED,0,1,9,False,0,0,True,INHERITED_RAW_PRICE_BASIS,True,False
2025-07-25|49350,2025-07-25,49350,13:30,15:05,95,COMPLETE,5,0,UP,0.12886597938144329,AVAILABLE,35.0,True,UP_STRUCTURE,RECOVERY,VOLUME_EXPANSION|TRADING_VALUE_EXPANSION,IDENTIFIED,WINDOW_OBSERVED,0,1,10,True,0,0,True,INHERITED_RAW_PRICE_BASIS,True,True
2025-07-25|49350,2025-07-25,49350,13:30,15:10,100,COMPLETE,5,0,UP,0.6426735218508998,AVAILABLE,35.0,True,UP_STRUCTURE,CORRECTION,RANGE_EXPANSION|VOLUME_EXPANSION|TRADING_VALUE_EXPANSION,IDENTIFIED,WINDOW_OBSERVED,0,1,11,False,3,2,True,INHERITED_RAW_PRICE_BASIS,True,True
2025-07-25|49350,2025-07-25,49350,13:30,15:15,105,COMPLETE,5,0,DOWN,-0.8928571428571429,AVAILABLE,35.0,True,UP_STRUCTURE,CORRECTION,RANGE_COMPRESSION|VOLUME_COMPRESSION|TRADING_VALUE_COMPRESSION,IDENTIFIED,WINDOW_OBSERVED,0,0,11,False,2,1,True,INHERITED_RAW_PRICE_BASIS,True,False
2025-07-25|49350,2025-07-25,49350,13:30,15:20,110,COMPLETE,5,0,DOWN,-1.1568123393316196,AVAILABLE,35.0,True,,RESTRUCTURING,RANGE_EXPANSION|VOLUME_EXPANSION|TRADING_VALUE_EXPANSION,UNRESOLVED_STRUCTURE,RIGHT_CENSORED,0,0,11,False,1,1,True,INHERITED_RAW_PRICE_BASIS,True,True
2025-07-25|49350,2025-07-25,49350,13:30,15:25,115,COMPLETE,5,0,DOWN,-1.4304291287386215,AVAILABLE,35.0,True,,RESTRUCTURING,RANGE_EXPANSION|VOLUME_EXPANSION|TRADING_VALUE_EXPANSION,UNRESOLVED_STRUCTURE,RIGHT_CENSORED,0,0,11,False,1,1,True,INHERITED_RAW_PRICE_BASIS,True,False
2025-07-25|53440,2025-07-25,53440,15:00,15:00,0,COMPLETE,5,0,UP,0.11491611123879568,AVAILABLE,380.0,True,,,CHOPPINESS|RANGE_COMPRESSION,UNRESOLVED_STRUCTURE,WINDOW_OBSERVED,0,0,1,False,2,0,False,INHERITED_RAW_PRICE_BASIS,False,False
2025-07-25|53440,2025-07-25,53440,15:00,15:05,5,COMPLETE,5,0,DOWN,-0.3442735827404177,AVAILABLE,380.0,True,,,,UNRESOLVED_STRUCTURE,WINDOW_OBSERVED,0,0,1,False,2,1,False,INHERITED_RAW_PRICE_BASIS,True,False
2025-07-25|53440,2025-07-25,53440,15:00,15:10,10,COMPLETE,5,0,DOWN,-0.138217000691085,AVAILABLE,380.0,True,,,CHOPPINESS|VOLUME_EXPANSION|TRADING_VALUE_EXPANSION,UNRESOLVED_STRUCTURE,WINDOW_OBSERVED,0,0,1,False,1,1,False,INHERITED_RAW_PRICE_BASIS,True,False
2025-07-25|53440,2025-07-25,53440,15:00,15:15,15,COMPLETE,5,0,DOWN,-0.25380710659898476,AVAILABLE,380.0,True,,,VOLUME_COMPRESSION|TRADING_VALUE_COMPRESSION,UNRESOLVED_STRUCTURE,WINDOW_OBSERVED,0,0,1,False,2,1,False,INHERITED_RAW_PRICE_BASIS,True,False
2025-07-25|53440,2025-07-25,53440,15:00,15:20,20,COMPLETE,5,0,DOWN,-0.11571395510298542,AVAILABLE,380.0,True,,,RANGE_COMPRESSION,UNRESOLVED_STRUCTURE,RIGHT_CENSORED,0,0,1,False,0,0,False,INHERITED_RAW_PRICE_BASIS,True,False
2025-07-25|53440,2025-07-25,53440,15:00,15:25,25,COMPLETE,5,0,DOWN,-0.023174971031286212,AVAILABLE,380.0,True,,,,UNRESOLVED_STRUCTURE,RIGHT_CENSORED,0,0,1,False,1,1,False,INHERITED_RAW_PRICE_BASIS,True,False
2025-07-25|57210,2025-07-25,57210,13:00,13:00,0,COMPLETE,5,0,DOWN,-0.7407407407407407,AVAILABLE,2.0,True,DOWN_STRUCTURE,PROGRESSION,CHOPPINESS|RANGE_EXPANSION|VOLUME_EXPANSION|TRADING_VALUE_EXPANSION,IDENTIFIED,OBSERVATION_INSUFFICIENT,1,0,3,False,0,1,True,INHERITED_RAW_PRICE_BASIS,False,False
2025-07-25|57210,2025-07-25,57210,13:00,13:05,5,COMPLETE,5,0,DOWN,-0.7407407407407407,AVAILABLE,2.0,True,DOWN_STRUCTURE,PROGRESSION,RANGE_COMPRESSION|VOLUME_COMPRESSION|TRADING_VALUE_COMPRESSION,IDENTIFIED,OBSERVATION_INSUFFICIENT,1,0,3,True,0,1,True,INHERITED_RAW_PRICE_BASIS,True,False
2025-07-25|57210,2025-07-25,57210,13:00,13:10,10,PARTIAL,4,1,,,AVAILABLE,2.0,True,,,,CURRENT_BAR_UNAVAILABLE,OBSERVATION_INSUFFICIENT,3,0,0,False,0,2,False,INHERITED_RAW_PRICE_BASIS,False,False
2025-07-25|57210,2025-07-25,57210,13:00,13:15,15,COMPLETE,5,0,UNCHANGED,0.0,AVAILABLE,2.0,True,,,,UNRESOLVED_STRUCTURE,OBSERVATION_INSUFFICIENT,3,0,0,False,0,0,False,INHERITED_RAW_PRICE_BASIS,False,False
2025-07-25|57210,2025-07-25,57210,13:00,13:20,20,PARTIAL,2,3,,,AVAILABLE,2.0,True,,,,UNRESOLVED_STRUCTURE,WINDOW_OBSERVED,0,1,1,False,0,0,False,INHERITED_RAW_PRICE_BASIS,False,False
2025-07-25|57210,2025-07-25,57210,13:00,13:25,25,COMPLETE,5,0,DOWN,-0.746268656716418,AVAILABLE,2.0,True,,,,UNRESOLVED_STRUCTURE,OBSERVATION_INSUFFICIENT,1,0,1,False,0,0,False,INHERITED_RAW_PRICE_BASIS,False,False
2025-07-25|57210,2025-07-25,57210,13:00,13:30,30,COMPLETE,5,0,UNCHANGED,0.0,AVAILABLE,2.0,True,,,RANGE_COMPRESSION|VOLUME_EXPANSION|TRADING_VALUE_EXPANSION,UNRESOLVED_STRUCTURE,OBSERVATION_INSUFFICIENT,3,0,1,False,0,0,False,INHERITED_RAW_PRICE_BASIS,True,False
2025-07-25|57210,2025-07-25,57210,13:00,13:35,35,PARTIAL,4,1,,,AVAILABLE,2.0,True,,,,CURRENT_BAR_UNAVAILABLE,OBSERVATION_INSUFFICIENT,2,0,0,False,0,0,False,INHERITED_RAW_PRICE_BASIS,False,False
2025-07-25|57210,2025-07-25,57210,13:00,13:40,40,PARTIAL,3,2,,,AVAILABLE,2.0,True,,,,UNRESOLVED_STRUCTURE,WINDOW_OBSERVED,0,0,0,False,0,0,False,INHERITED_RAW_PRICE_BASIS,False,False
2025-07-25|57210,2025-07-25,57210,13:00,13:45,45,COMPLETE,5,0,UP,0.7518796992481203,AVAILABLE,2.0,True,,,,UNRESOLVED_STRUCTURE,WINDOW_OBSERVED,0,0,0,False,0,0,False,INHERITED_RAW_PRICE_BASIS,False,False
2025-07-25|57210,2025-07-25,57210,13:00,13:50,50,COMPLETE,5,0,UNCHANGED,0.0,AVAILABLE,2.0,True,,,RANGE_COMPRESSION,UNRESOLVED_STRUCTURE,OBSERVATION_INSUFFICIENT,1,0,0,False,0,0,False,INHERITED_RAW_PRICE_BASIS,True,False
2025-07-25|57210,2025-07-25,57210,13:00,13:55,55,COMPLETE,5,0,DOWN,-0.746268656716418,AVAILABLE,2.0,True,,,,UNRESOLVED_STRUCTURE,OBSERVATION_INSUFFICIENT,1,0,0,False,0,0,False,INHERITED_RAW_PRICE_BASIS,True,False
2025-07-25|57210,2025-07-25,57210,13:00,14:00,60,PARTIAL,4,1,,,AVAILABLE,2.0,True,,,,UNRESOLVED_STRUCTURE,OBSERVATION_INSUFFICIENT,1,0,0,False,0,0,False,INHERITED_RAW_PRICE_BASIS,False,False
2025-07-25|57210,2025-07-25,57210,13:00,14:05,65,COMPLETE,5,0,UNCHANGED,0.0,AVAILABLE,2.0,True,,,,UNRESOLVED_STRUCTURE,OBSERVATION_INSUFFICIENT,1,0,0,False,0,0,False,INHERITED_RAW_PRICE_BASIS,False,False
2025-07-25|57210,2025-07-25,57210,13:00,14:10,70,PARTIAL,4,1,,,AVAILABLE,2.0,True,,,,UNRESOLVED_STRUCTURE,OBSERVATION_INSUFFICIENT,1,0,1,False,0,0,False,INHERITED_RAW_PRICE_BASIS,False,False
2025-07-25|57210,2025-07-25,57210,13:00,14:15,75,COMPLETE,5,0,UNCHANGED,0.0,AVAILABLE,2.0,True,,,,UNRESOLVED_STRUCTURE,OBSERVATION_INSUFFICIENT,1,0,1,False,0,2,False,INHERITED_RAW_PRICE_BASIS,False,False
2025-07-25|57210,2025-07-25,57210,13:00,14:20,80,PARTIAL,4,1,,,AVAILABLE,2.0,True,,,,UNRESOLVED_STRUCTURE,OBSERVATION_INSUFFICIENT,1,0,0,False,0,0,False,INHERITED_RAW_PRICE_BASIS,False,False
2025-07-25|57210,2025-07-25,57210,13:00,14:25,85,COMPLETE,5,0,UNCHANGED,0.0,AVAILABLE,2.0,True,,,CHOPPINESS,UNRESOLVED_STRUCTURE,OBSERVATION_INSUFFICIENT,1,0,0,False,0,0,False,INHERITED_RAW_PRICE_BASIS,False,False
2025-07-25|57210,2025-07-25,57210,13:00,14:30,90,PARTIAL,4,1,,,AVAILABLE,2.0,True,,,,UNRESOLVED_STRUCTURE,WINDOW_OBSERVED,0,0,0,False,0,0,False,INHERITED_RAW_PRICE_BASIS,False,False
2025-07-25|57210,2025-07-25,57210,13:00,14:35,95,COMPLETE,5,0,UP,0.7575757575757576,AVAILABLE,2.0,True,,,,UNRESOLVED_STRUCTURE,WINDOW_OBSERVED,0,0,0,False,0,0,False,INHERITED_RAW_PRICE_BASIS,False,False
2025-07-25|57210,2025-07-25,57210,13:00,14:40,100,COMPLETE,5,0,UNCHANGED,0.0,AVAILABLE,2.0,True,,,VOLUME_COMPRESSION|TRADING_VALUE_COMPRESSION,UNRESOLVED_STRUCTURE,WINDOW_OBSERVED,0,0,0,False,0,0,False,INHERITED_RAW_PRICE_BASIS,True,False
2025-07-25|57210,2025-07-25,57210,13:00,14:45,105,COMPLETE,5,0,UNCHANGED,0.0,AVAILABLE,2.0,True,,,,UNRESOLVED_STRUCTURE,WINDOW_OBSERVED,0,0,0,False,0,0,False,INHERITED_RAW_PRICE_BASIS,True,False
2025-07-25|57210,2025-07-25,57210,13:00,14:50,110,COMPLETE,5,0,UNCHANGED,0.0,AVAILABLE,2.0,True,,,VOLUME_COMPRESSION|TRADING_VALUE_COMPRESSION,UNRESOLVED_STRUCTURE,WINDOW_OBSERVED,0,1,1,False,0,0,False,INHERITED_RAW_PRICE_BASIS,True,False
2025-07-25|57210,2025-07-25,57210,13:00,14:55,115,COMPLETE,5,0,UNCHANGED,0.0,AVAILABLE,2.0,True,,,VOLUME_EXPANSION|TRADING_VALUE_EXPANSION,UNRESOLVED_STRUCTURE,WINDOW_OBSERVED,0,1,1,False,0,0,False,INHERITED_RAW_PRICE_BASIS,True,False
2025-07-25|57210,2025-07-25,57210,13:00,15:00,120,COMPLETE,5,0,UNCHANGED,0.0,AVAILABLE,2.0,True,,,CHOPPINESS|RANGE_EXPANSION|VOLUME_COMPRESSION|TRADING_VALUE_COMPRESSION,UNRESOLVED_STRUCTURE,WINDOW_OBSERVED,0,0,1,False,0,4,False,INHERITED_RAW_PRICE_BASIS,True,False
2025-07-25|57210,2025-07-25,57210,13:00,15:05,125,COMPLETE,5,0,UNCHANGED,0.0,AVAILABLE,2.0,True,RANGE_STRUCTURE,BALANCE,RANGE_COMPRESSION,IDENTIFIED,WINDOW_OBSERVED,0,0,1,True,0,2,True,INHERITED_RAW_PRICE_BASIS,True,True
2025-07-25|57210,2025-07-25,57210,13:00,15:10,130,COMPLETE,5,0,UNCHANGED,0.0,AVAILABLE,2.0,True,RANGE_STRUCTURE,BALANCE,RANGE_EXPANSION|VOLUME_EXPANSION|TRADING_VALUE_EXPANSION,IDENTIFIED,WINDOW_OBSERVED,0,0,1,True,3,3,True,INHERITED_RAW_PRICE_BASIS,True,False
2025-07-25|57210,2025-07-25,57210,13:00,15:15,135,COMPLETE,5,0,UNCHANGED,0.0,AVAILABLE,2.0,True,RANGE_STRUCTURE,BALANCE,CHOPPINESS|RANGE_COMPRESSION|VOLUME_COMPRESSION|TRADING_VALUE_COMPRESSION,IDENTIFIED,WINDOW_OBSERVED,0,0,1,True,0,4,True,INHERITED_RAW_PRICE_BASIS,True,False
2025-07-25|57210,2025-07-25,57210,13:00,15:20,140,COMPLETE,5,0,UNCHANGED,0.0,AVAILABLE,2.0,True,RANGE_STRUCTURE,BALANCE,,IDENTIFIED,RIGHT_CENSORED,0,0,1,True,0,2,True,INHERITED_RAW_PRICE_BASIS,True,False
2025-07-25|57210,2025-07-25,57210,13:00,15:25,145,COMPLETE,5,0,UNCHANGED,0.0,AVAILABLE,2.0,True,RANGE_STRUCTURE,BALANCE,VOLUME_EXPANSION|TRADING_VALUE_EXPANSION,IDENTIFIED,RIGHT_CENSORED,0,0,1,True,0,2,True,INHERITED_RAW_PRICE_BASIS,True,False
2025-07-25|60850,2025-07-25,60850,09:30,09:30,0,PARTIAL,3,2,,,SCALE_INSUFFICIENT,,True,,,,CURRENT_BAR_UNAVAILABLE,OBSERVATION_INSUFFICIENT,6,0,0,False,0,0,False,INHERITED_RAW_PRICE_BASIS,False,False
2025-07-25|60850,2025-07-25,60850,09:30,09:35,5,PARTIAL,1,4,,,SCALE_INSUFFICIENT,,True,,,,CURRENT_BAR_UNAVAILABLE,OBSERVATION_INSUFFICIENT,6,0,0,False,0,0,False,INHERITED_RAW_PRICE_BASIS,False,False
2025-07-25|60850,2025-07-25,60850,09:30,09:40,10,PARTIAL,3,2,,,SCALE_INSUFFICIENT,,True,,,,SCALE_UNAVAILABLE,OBSERVATION_INSUFFICIENT,9,0,0,False,0,0,False,INHERITED_RAW_PRICE_BASIS,False,False
2025-07-25|60850,2025-07-25,60850,09:30,09:45,15,PARTIAL,1,4,,,SCALE_INSUFFICIENT,,True,,,,CURRENT_BAR_UNAVAILABLE,OBSERVATION_INSUFFICIENT,10,0,0,False,0,0,False,INHERITED_RAW_PRICE_BASIS,False,False
2025-07-25|60850,2025-07-25,60850,09:30,09:50,20,UNAVAILABLE,0,5,,,SCALE_INSUFFICIENT,,True,,,,CURRENT_BAR_UNAVAILABLE,OBSERVATION_INSUFFICIENT,8,0,0,False,0,0,False,INHERITED_RAW_PRICE_BASIS,False,False
2025-07-25|60850,2025-07-25,60850,09:30,09:55,25,UNAVAILABLE,0,5,,,SCALE_INSUFFICIENT,,True,,,,CURRENT_BAR_UNAVAILABLE,OBSERVATION_INSUFFICIENT,5,0,0,False,0,0,False,INHERITED_RAW_PRICE_BASIS,False,False
2025-07-25|60850,2025-07-25,60850,09:30,10:00,30,PARTIAL,2,3,,,SCALE_INSUFFICIENT,,True,,,,CURRENT_BAR_UNAVAILABLE,OBSERVATION_INSUFFICIENT,6,0,0,False,0,0,False,INHERITED_RAW_PRICE_BASIS,False,False
2025-07-25|60850,2025-07-25,60850,09:30,10:05,35,PARTIAL,3,2,,,SCALE_INSUFFICIENT,,True,,,,SCALE_UNAVAILABLE,OBSERVATION_INSUFFICIENT,9,0,0,False,0,0,False,INHERITED_RAW_PRICE_BASIS,False,False
2025-07-25|60850,2025-07-25,60850,09:30,10:10,40,PARTIAL,1,4,,,SCALE_INSUFFICIENT,,True,,,,CURRENT_BAR_UNAVAILABLE,OBSERVATION_INSUFFICIENT,9,0,0,False,0,0,False,INHERITED_RAW_PRICE_BASIS,False,False
2025-07-25|60850,2025-07-25,60850,09:30,10:15,45,UNAVAILABLE,0,5,,,SCALE_INSUFFICIENT,,True,,,,CURRENT_BAR_UNAVAILABLE,OBSERVATION_INSUFFICIENT,7,0,0,False,0,0,False,INHERITED_RAW_PRICE_BASIS,False,False
2025-07-25|60850,2025-07-25,60850,09:30,10:20,50,PARTIAL,1,4,,,SCALE_INSUFFICIENT,,True,,,,SCALE_UNAVAILABLE,OBSERVATION_INSUFFICIENT,8,0,0,False,0,0,False,INHERITED_RAW_PRICE_BASIS,False,False
2025-07-25|60850,2025-07-25,60850,09:30,10:25,55,PARTIAL,2,3,,,SCALE_INSUFFICIENT,,True,,,,CURRENT_BAR_UNAVAILABLE,OBSERVATION_INSUFFICIENT,8,0,0,False,0,0,False,INHERITED_RAW_PRICE_BASIS,False,False
2025-07-25|60850,2025-07-25,60850,09:30,10:30,60,UNAVAILABLE,0,5,,,SCALE_INSUFFICIENT,,True,,,,CURRENT_BAR_UNAVAILABLE,OBSERVATION_INSUFFICIENT,4,0,0,False,0,0,False,INHERITED_RAW_PRICE_BASIS,False,False
2025-07-25|60850,2025-07-25,60850,09:30,10:35,65,PARTIAL,2,3,,,SCALE_INSUFFICIENT,,True,,,,CURRENT_BAR_UNAVAILABLE,OBSERVATION_INSUFFICIENT,6,0,0,False,0,0,False,INHERITED_RAW_PRICE_BASIS,False,False
2025-07-25|60850,2025-07-25,60850,09:30,10:40,70,PARTIAL,4,1,,,SCALE_INSUFFICIENT,,True,,,,SCALE_UNAVAILABLE,OBSERVATION_INSUFFICIENT,9,0,0,False,0,0,False,INHERITED_RAW_PRICE_BASIS,False,False
2025-07-25|60850,2025-07-25,60850,09:30,10:45,75,UNAVAILABLE,0,5,,,SCALE_INSUFFICIENT,,True,,,,CURRENT_BAR_UNAVAILABLE,OBSERVATION_INSUFFICIENT,9,0,0,False,0,0,False,INHERITED_RAW_PRICE_BASIS,False,False
2025-07-25|60850,2025-07-25,60850,09:30,10:50,80,PARTIAL,1,4,,,SCALE_INSUFFICIENT,,True,,,,CURRENT_BAR_UNAVAILABLE,OBSERVATION_INSUFFICIENT,9,0,0,False,0,0,False,INHERITED_RAW_PRICE_BASIS,False,False
2025-07-25|60850,2025-07-25,60850,09:30,10:55,85,UNAVAILABLE,0,5,,,SCALE_INSUFFICIENT,,True,,,,CURRENT_BAR_UNAVAILABLE,OBSERVATION_INSUFFICIENT,8,0,0,False,0,0,False,INHERITED_RAW_PRICE_BASIS,False,False
2025-07-25|60850,2025-07-25,60850,09:30,11:00,90,PARTIAL,1,4,,,SCALE_INSUFFICIENT,,True,,,,CURRENT_BAR_UNAVAILABLE,OBSERVATION_INSUFFICIENT,8,0,0,False,0,0,False,INHERITED_RAW_PRICE_BASIS,False,False
2025-07-25|60850,2025-07-25,60850,09:30,11:05,95,PARTIAL,1,4,,,SCALE_INSUFFICIENT,,True,,,,CURRENT_BAR_UNAVAILABLE,OBSERVATION_INSUFFICIENT,8,0,0,False,0,0,False,INHERITED_RAW_PRICE_BASIS,False,False
2025-07-25|60850,2025-07-25,60850,09:30,11:10,100,PARTIAL,1,4,,,SCALE_INSUFFICIENT,,True,,,,CURRENT_BAR_UNAVAILABLE,OBSERVATION_INSUFFICIENT,6,0,0,False,0,0,False,INHERITED_RAW_PRICE_BASIS,False,False
2025-07-25|60850,2025-07-25,60850,09:30,11:15,105,PARTIAL,1,4,,,SCALE_INSUFFICIENT,,True,,,,CURRENT_BAR_UNAVAILABLE,OBSERVATION_INSUFFICIENT,3,0,0,False,0,0,False,INHERITED_RAW_PRICE_BASIS,False,False
2025-07-25|60850,2025-07-25,60850,09:30,11:20,110,PARTIAL,3,2,,,SCALE_INSUFFICIENT,,True,,,,SCALE_UNAVAILABLE,OBSERVATION_INSUFFICIENT,5,0,0,False,0,0,False,INHERITED_RAW_PRICE_BASIS,False,False
2025-07-25|60850,2025-07-25,60850,09:30,11:25,115,PARTIAL,4,1,,,SCALE_INSUFFICIENT,,True,,,,SCALE_UNAVAILABLE,OBSERVATION_INSUFFICIENT,6,0,0,False,0,1,False,INHERITED_RAW_PRICE_BASIS,False,False
2025-07-25|60850,2025-07-25,60850,09:30,11:30,120,PARTIAL,1,4,,,SCALE_INSUFFICIENT,,True,,,,SCALE_UNAVAILABLE,OBSERVATION_INSUFFICIENT,5,0,0,False,0,0,False,INHERITED_RAW_PRICE_BASIS,False,False
2025-07-25|60850,2025-07-25,60850,09:30,12:35,125,PARTIAL,3,2,,,SCALE_INSUFFICIENT,,True,,,,SCALE_UNAVAILABLE,OBSERVATION_INSUFFICIENT,5,0,0,False,0,0,False,INHERITED_RAW_PRICE_BASIS,False,False
2025-07-25|60850,2025-07-25,60850,09:30,12:40,130,PARTIAL,2,3,,,SCALE_INSUFFICIENT,,True,,,,SCALE_UNAVAILABLE,OBSERVATION_INSUFFICIENT,6,0,0,False,0,0,False,INHERITED_RAW_PRICE_BASIS,False,False
2025-07-25|60850,2025-07-25,60850,09:30,12:45,135,PARTIAL,3,2,,,SCALE_INSUFFICIENT,,True,,,,SCALE_UNAVAILABLE,OBSERVATION_INSUFFICIENT,9,0,0,False,0,0,False,INHERITED_RAW_PRICE_BASIS,False,False
2025-07-25|60850,2025-07-25,60850,09:30,12:50,140,PARTIAL,1,4,,,SCALE_INSUFFICIENT,,True,,,,SCALE_UNAVAILABLE,OBSERVATION_INSUFFICIENT,10,0,0,False,0,0,False,INHERITED_RAW_PRICE_BASIS,False,False
2025-07-25|60850,2025-07-25,60850,09:30,12:55,145,UNAVAILABLE,0,5,,,SCALE_INSUFFICIENT,,True,,,,CURRENT_BAR_UNAVAILABLE,OBSERVATION_INSUFFICIENT,7,0,0,False,0,0,False,INHERITED_RAW_PRICE_BASIS,False,False
2025-07-25|60850,2025-07-25,60850,09:30,13:00,150,UNAVAILABLE,0,5,,,SCALE_INSUFFICIENT,,True,,,,CURRENT_BAR_UNAVAILABLE,OBSERVATION_INSUFFICIENT,7,0,0,False,0,0,False,INHERITED_RAW_PRICE_BASIS,False,False
2025-07-25|60850,2025-07-25,60850,09:30,13:05,155,PARTIAL,3,2,,,SCALE_INSUFFICIENT,,True,,,,CURRENT_BAR_UNAVAILABLE,OBSERVATION_INSUFFICIENT,10,0,0,False,0,1,False,INHERITED_RAW_PRICE_BASIS,False,False
2025-07-25|60850,2025-07-25,60850,09:30,13:10,160,UNAVAILABLE,0,5,,,SCALE_INSUFFICIENT,,True,,,,CURRENT_BAR_UNAVAILABLE,OBSERVATION_INSUFFICIENT,10,0,0,False,0,0,False,INHERITED_RAW_PRICE_BASIS,False,False
2025-07-25|60850,2025-07-25,60850,09:30,13:15,165,UNAVAILABLE,0,5,,,SCALE_INSUFFICIENT,,True,,,,CURRENT_BAR_UNAVAILABLE,OBSERVATION_INSUFFICIENT,8,0,0,False,0,0,False,INHERITED_RAW_PRICE_BASIS,False,False
2025-07-25|60850,2025-07-25,60850,09:30,13:20,170,UNAVAILABLE,0,5,,,SCALE_INSUFFICIENT,,True,,,,CURRENT_BAR_UNAVAILABLE,OBSERVATION_INSUFFICIENT,6,0,0,False,0,0,False,INHERITED_RAW_PRICE_BASIS,False,False
2025-07-25|60850,2025-07-25,60850,09:30,13:25,175,PARTIAL,2,3,,,SCALE_INSUFFICIENT,,True,,,,CURRENT_BAR_UNAVAILABLE,OBSERVATION_INSUFFICIENT,6,0,0,False,0,0,False,INHERITED_RAW_PRICE_BASIS,False,False
2025-07-25|60850,2025-07-25,60850,09:30,13:30,180,PARTIAL,2,3,,,SCALE_INSUFFICIENT,,True,,,,SCALE_UNAVAILABLE,OBSERVATION_INSUFFICIENT,7,0,0,False,0,0,False,INHERITED_RAW_PRICE_BASIS,False,False
2025-07-25|60850,2025-07-25,60850,09:30,13:35,185,PARTIAL,2,3,,,SCALE_INSUFFICIENT,,True,,,,CURRENT_BAR_UNAVAILABLE,OBSERVATION_INSUFFICIENT,9,0,0,False,0,0,False,INHERITED_RAW_PRICE_BASIS,False,False
2025-07-25|60850,2025-07-25,60850,09:30,13:40,190,PARTIAL,1,4,,,SCALE_INSUFFICIENT,,True,,,,CURRENT_BAR_UNAVAILABLE,OBSERVATION_INSUFFICIENT,8,0,0,False,0,0,False,INHERITED_RAW_PRICE_BASIS,False,False
2025-07-25|60850,2025-07-25,60850,09:30,13:45,195,UNAVAILABLE,0,5,,,SCALE_INSUFFICIENT,,True,,,,CURRENT_BAR_UNAVAILABLE,OBSERVATION_INSUFFICIENT,8,0,0,False,0,0,False,INHERITED_RAW_PRICE_BASIS,False,False
2025-07-25|60850,2025-07-25,60850,09:30,13:50,200,PARTIAL,2,3,,,SCALE_INSUFFICIENT,,True,,,,CURRENT_BAR_UNAVAILABLE,OBSERVATION_INSUFFICIENT,9,0,0,False,0,0,False,INHERITED_RAW_PRICE_BASIS,False,False
2025-07-25|60850,2025-07-25,60850,09:30,13:55,205,UNAVAILABLE,0,5,,,SCALE_INSUFFICIENT,,True,,,,CURRENT_BAR_UNAVAILABLE,OBSERVATION_INSUFFICIENT,7,0,0,False,0,0,False,INHERITED_RAW_PRICE_BASIS,False,False
2025-07-25|60850,2025-07-25,60850,09:30,14:00,210,PARTIAL,1,4,,,SCALE_INSUFFICIENT,,True,,,,CURRENT_BAR_UNAVAILABLE,OBSERVATION_INSUFFICIENT,7,0,0,False,0,0,False,INHERITED_RAW_PRICE_BASIS,False,False
2025-07-25|60850,2025-07-25,60850,09:30,14:05,215,PARTIAL,2,3,,,SCALE_INSUFFICIENT,,True,,,,CURRENT_BAR_UNAVAILABLE,OBSERVATION_INSUFFICIENT,9,0,0,False,0,0,False,INHERITED_RAW_PRICE_BASIS,False,False
2025-07-25|60850,2025-07-25,60850,09:30,14:10,220,PARTIAL,1,4,,,SCALE_INSUFFICIENT,,True,,,,SCALE_UNAVAILABLE,OBSERVATION_INSUFFICIENT,9,0,0,False,0,0,False,INHERITED_RAW_PRICE_BASIS,False,False
2025-07-25|60850,2025-07-25,60850,09:30,14:15,225,UNAVAILABLE,0,5,,,SCALE_INSUFFICIENT,,True,,,,CURRENT_BAR_UNAVAILABLE,OBSERVATION_INSUFFICIENT,8,0,0,False,0,0,False,INHERITED_RAW_PRICE_BASIS,False,False
2025-07-25|60850,2025-07-25,60850,09:30,14:20,230,PARTIAL,1,4,,,SCALE_INSUFFICIENT,,True,,,,SCALE_UNAVAILABLE,OBSERVATION_INSUFFICIENT,5,0,0,False,0,0,False,INHERITED_RAW_PRICE_BASIS,False,False
2025-07-25|60850,2025-07-25,60850,09:30,14:25,235,PARTIAL,1,4,,,SCALE_INSUFFICIENT,,True,,,,CURRENT_BAR_UNAVAILABLE,OBSERVATION_INSUFFICIENT,5,0,0,False,0,0,False,INHERITED_RAW_PRICE_BASIS,False,False
2025-07-25|60850,2025-07-25,60850,09:30,14:30,240,PARTIAL,4,1,,,SCALE_INSUFFICIENT,,True,,,,SCALE_UNAVAILABLE,OBSERVATION_INSUFFICIENT,9,0,0,False,0,0,False,INHERITED_RAW_PRICE_BASIS,False,False
2025-07-25|60850,2025-07-25,60850,09:30,14:35,245,PARTIAL,1,4,,,SCALE_INSUFFICIENT,,True,,,,CURRENT_BAR_UNAVAILABLE,OBSERVATION_INSUFFICIENT,9,0,0,False,0,0,False,INHERITED_RAW_PRICE_BASIS,False,False
2025-07-25|60850,2025-07-25,60850,09:30,14:40,250,UNAVAILABLE,0,5,,,SCALE_INSUFFICIENT,,True,,,,CURRENT_BAR_UNAVAILABLE,OBSERVATION_INSUFFICIENT,9,0,0,False,0,0,False,INHERITED_RAW_PRICE_BASIS,False,False
2025-07-25|60850,2025-07-25,60850,09:30,14:45,255,PARTIAL,1,4,,,SCALE_INSUFFICIENT,,True,,,,CURRENT_BAR_UNAVAILABLE,OBSERVATION_INSUFFICIENT,9,0,0,False,0,0,False,INHERITED_RAW_PRICE_BASIS,False,False
2025-07-25|60850,2025-07-25,60850,09:30,14:50,260,UNAVAILABLE,0,5,,,SCALE_INSUFFICIENT,,True,,,,CURRENT_BAR_UNAVAILABLE,OBSERVATION_INSUFFICIENT,5,0,0,False,0,0,False,INHERITED_RAW_PRICE_BASIS,False,False
2025-07-25|60850,2025-07-25,60850,09:30,14:55,265,PARTIAL,1,4,,,SCALE_INSUFFICIENT,,True,,,,CURRENT_BAR_UNAVAILABLE,OBSERVATION_INSUFFICIENT,6,0,0,False,0,0,False,INHERITED_RAW_PRICE_BASIS,False,False
2025-07-25|60850,2025-07-25,60850,09:30,15:00,270,PARTIAL,4,1,,,SCALE_INSUFFICIENT,,True,,,,SCALE_UNAVAILABLE,OBSERVATION_INSUFFICIENT,8,0,0,False,0,0,False,INHERITED_RAW_PRICE_BASIS,False,False
2025-07-25|60850,2025-07-25,60850,09:30,15:05,275,UNAVAILABLE,0,5,,,SCALE_INSUFFICIENT,,True,,,,CURRENT_BAR_UNAVAILABLE,OBSERVATION_INSUFFICIENT,7,0,0,False,0,0,False,INHERITED_RAW_PRICE_BASIS,False,False
2025-07-25|60850,2025-07-25,60850,09:30,15:10,280,PARTIAL,2,3,,,SCALE_INSUFFICIENT,,True,,,,CURRENT_BAR_UNAVAILABLE,OBSERVATION_INSUFFICIENT,7,0,0,False,0,0,False,INHERITED_RAW_PRICE_BASIS,False,False
2025-07-25|60850,2025-07-25,60850,09:30,15:15,285,PARTIAL,1,4,,,SCALE_INSUFFICIENT,,True,,,,CURRENT_BAR_UNAVAILABLE,OBSERVATION_INSUFFICIENT,3,0,0,False,0,0,False,INHERITED_RAW_PRICE_BASIS,False,False
2025-07-25|60850,2025-07-25,60850,09:30,15:20,290,PARTIAL,2,3,,,SCALE_INSUFFICIENT,,True,,,,CURRENT_BAR_UNAVAILABLE,RIGHT_CENSORED,0,0,0,False,0,0,False,INHERITED_RAW_PRICE_BASIS,False,False
2025-07-25|60850,2025-07-25,60850,09:30,15:25,295,COMPLETE,5,0,UP,1.4598540145985401,SCALE_INSUFFICIENT,,True,,,,SCALE_UNAVAILABLE,RIGHT_CENSORED,0,0,0,False,0,2,False,INHERITED_RAW_PRICE_BASIS,False,False
2025-07-25|67230,2025-07-25,67230,11:00,11:00,0,COMPLETE,5,0,DOWN,-0.10804970286331712,AVAILABLE,5.75,True,,RESTRUCTURING,RANGE_COMPRESSION,UNRESOLVED_STRUCTURE,WINDOW_OBSERVED,0,0,18,False,1,0,True,INHERITED_RAW_PRICE_BASIS,False,False
2025-07-25|67230,2025-07-25,67230,11:00,11:05,5,COMPLETE,5,0,UP,0.6217896728845634,AVAILABLE,5.75,True,DOWN_STRUCTURE,PROGRESSION,RANGE_EXPANSION,IDENTIFIED,WINDOW_OBSERVED,0,1,20,False,2,2,True,INHERITED_RAW_PRICE_BASIS,True,True
2025-07-25|67230,2025-07-25,67230,11:00,11:10,10,COMPLETE,5,0,DOWN,-0.59092130002686,AVAILABLE,5.75,True,DOWN_STRUCTURE,CORRECTION|RECOVERY,,IDENTIFIED,WINDOW_OBSERVED,0,1,21,False,1,0,True,INHERITED_RAW_PRICE_BASIS,True,True
2025-07-25|67230,2025-07-25,67230,11:00,11:15,15,COMPLETE,5,0,DOWN,-0.10804970286331712,AVAILABLE,5.75,True,DOWN_STRUCTURE,PROGRESSION,RANGE_COMPRESSION,IDENTIFIED,WINDOW_OBSERVED,0,0,22,False,2,0,True,INHERITED_RAW_PRICE_BASIS,True,True
2025-07-25|67230,2025-07-25,67230,11:00,11:20,20,COMPLETE,5,0,DOWN,-0.43266630611141155,AVAILABLE,5.75,True,DOWN_STRUCTURE,PROGRESSION,VOLUME_EXPANSION|TRADING_VALUE_EXPANSION,IDENTIFIED,WINDOW_OBSERVED,0,0,22,False,3,3,True,INHERITED_RAW_PRICE_BASIS,True,False
2025-07-25|67230,2025-07-25,67230,11:00,11:25,25,COMPLETE,5,0,DOWN,-0.4888647474198805,AVAILABLE,5.75,True,DOWN_STRUCTURE,PROGRESSION,RANGE_COMPRESSION|VOLUME_COMPRESSION|TRADING_VALUE_COMPRESSION,IDENTIFIED,WINDOW_OBSERVED,0,0,22,False,0,0,True,INHERITED_RAW_PRICE_BASIS,True,False
2025-07-25|67230,2025-07-25,67230,11:00,11:30,30,COMPLETE,5,0,UP,0.35470668485675305,AVAILABLE,5.75,True,DOWN_STRUCTURE,CORRECTION|RECOVERY,RANGE_EXPANSION|VOLUME_EXPANSION|TRADING_VALUE_EXPANSION,IDENTIFIED,WINDOW_OBSERVED,0,0,23,False,2,2,True,INHERITED_RAW_PRICE_BASIS,True,True
2025-07-25|67230,2025-07-25,67230,11:00,12:35,35,COMPLETE,5,0,DOWN,-0.4617055947854427,AVAILABLE,5.75,True,DOWN_STRUCTURE,PROGRESSION,,IDENTIFIED,WINDOW_OBSERVED,0,0,1,False,0,0,True,INHERITED_RAW_PRICE_BASIS,True,True
2025-07-25|67230,2025-07-25,67230,11:00,12:40,40,COMPLETE,5,0,DOWN,-0.654843110504775,AVAILABLE,5.75,True,DOWN_STRUCTURE,PROGRESSION,,IDENTIFIED,WINDOW_OBSERVED,0,0,1,False,1,1,True,INHERITED_RAW_PRICE_BASIS,True,False
2025-07-25|67230,2025-07-25,67230,11:00,12:45,45,COMPLETE,5,0,DOWN,-0.6316945893985169,AVAILABLE,5.75,True,DOWN_STRUCTURE,PROGRESSION,RANGE_COMPRESSION,IDENTIFIED,WINDOW_OBSERVED,0,0,1,False,4,1,True,INHERITED_RAW_PRICE_BASIS,True,False
2025-07-25|67230,2025-07-25,67230,11:00,12:50,50,COMPLETE,5,0,DOWN,-0.19347705914870095,AVAILABLE,5.75,True,DOWN_STRUCTURE,CORRECTION|RECOVERY,VOLUME_COMPRESSION|TRADING_VALUE_COMPRESSION,IDENTIFIED,WINDOW_OBSERVED,0,1,2,False,1,1,True,INHERITED_RAW_PRICE_BASIS,True,True
2025-07-25|67230,2025-07-25,67230,11:00,12:55,55,COMPLETE,5,0,UP,0.3600110772639158,AVAILABLE,5.75,True,DOWN_STRUCTURE,PROGRESSION,RANGE_EXPANSION,IDENTIFIED,WINDOW_OBSERVED,0,1,3,False,1,0,True,INHERITED_RAW_PRICE_BASIS,True,True
2025-07-25|67230,2025-07-25,67230,11:00,13:00,60,COMPLETE,5,0,DOWN,-0.46922439966878277,AVAILABLE,5.75,True,DOWN_STRUCTURE,PROGRESSION,,IDENTIFIED,WINDOW_OBSERVED,0,0,3,False,2,1,True,INHERITED_RAW_PRICE_BASIS,True,False
2025-07-25|67230,2025-07-25,67230,11:00,13:05,65,COMPLETE,5,0,DOWN,-0.05544774050457444,AVAILABLE,5.75,True,DOWN_STRUCTURE,CORRECTION|RECOVERY,,IDENTIFIED,WINDOW_OBSERVED,0,1,4,False,3,2,True,INHERITED_RAW_PRICE_BASIS,True,True
2025-07-25|67230,2025-07-25,67230,11:00,13:10,70,COMPLETE,5,0,UP,0.027739251040221916,AVAILABLE,5.75,True,DOWN_STRUCTURE,CORRECTION|RECOVERY,RANGE_COMPRESSION|VOLUME_COMPRESSION|TRADING_VALUE_COMPRESSION,IDENTIFIED,WINDOW_OBSERVED,0,0,4,False,2,0,True,INHERITED_RAW_PRICE_BASIS,True,False
2025-07-25|67230,2025-07-25,67230,11:00,13:15,75,COMPLETE,5,0,UP,0.16634322151372333,AVAILABLE,5.75,True,DOWN_STRUCTURE,CORRECTION|RECOVERY,,IDENTIFIED,WINDOW_OBSERVED,0,0,4,False,0,0,True,INHERITED_RAW_PRICE_BASIS,True,False
2025-07-25|67230,2025-07-25,67230,11:00,13:20,80,COMPLETE,5,0,UP,0.30454042081949056,AVAILABLE,5.75,True,DOWN_STRUCTURE,CORRECTION|RECOVERY,,IDENTIFIED,WINDOW_OBSERVED,0,0,4,False,2,0,True,INHERITED_RAW_PRICE_BASIS,True,False
2025-07-25|67230,2025-07-25,67230,11:00,13:25,85,COMPLETE,5,0,DOWN,-0.027609055770292656,AVAILABLE,5.75,True,DOWN_STRUCTURE,CORRECTION|RECOVERY,CHOPPINESS|VOLUME_EXPANSION|TRADING_VALUE_EXPANSION,IDENTIFIED,WINDOW_OBSERVED,0,0,4,False,1,0,True,INHERITED_RAW_PRICE_BASIS,True,False
2025-07-25|67230,2025-07-25,67230,11:00,13:30,90,COMPLETE,5,0,UP,0.3865267807840972,AVAILABLE,5.75,True,,RESTRUCTURING,VOLUME_COMPRESSION|TRADING_VALUE_COMPRESSION,UNRESOLVED_STRUCTURE,WINDOW_OBSERVED,0,0,4,False,1,1,True,INHERITED_RAW_PRICE_BASIS,True,True
2025-07-25|67230,2025-07-25,67230,11:00,13:35,95,COMPLETE,5,0,DOWN,-0.1375515818431912,AVAILABLE,5.75,True,,RESTRUCTURING,RANGE_COMPRESSION,UNRESOLVED_STRUCTURE,WINDOW_OBSERVED,0,1,5,False,0,0,True,INHERITED_RAW_PRICE_BASIS,True,False
2025-07-25|67230,2025-07-25,67230,11:00,13:40,100,COMPLETE,5,0,UP,0.1652892561983471,AVAILABLE,5.75,True,,RESTRUCTURING,,UNRESOLVED_STRUCTURE,WINDOW_OBSERVED,0,1,5,False,0,0,True,INHERITED_RAW_PRICE_BASIS,True,False
2025-07-25|67230,2025-07-25,67230,11:00,13:45,105,COMPLETE,5,0,DOWN,-0.24759284731774414,AVAILABLE,5.75,True,,RESTRUCTURING,CHOPPINESS|RANGE_EXPANSION,UNRESOLVED_STRUCTURE,WINDOW_OBSERVED,0,0,5,False,3,2,True,INHERITED_RAW_PRICE_BASIS,True,False
2025-07-25|67230,2025-07-25,67230,11:00,13:50,110,COMPLETE,5,0,DOWN,-0.0827357970215113,AVAILABLE,5.75,True,,RESTRUCTURING,RANGE_COMPRESSION,UNRESOLVED_STRUCTURE,WINDOW_OBSERVED,0,0,5,False,0,0,True,INHERITED_RAW_PRICE_BASIS,True,False
2025-07-25|67230,2025-07-25,67230,11:00,13:55,115,COMPLETE,5,0,DOWN,-0.16556291390728478,AVAILABLE,5.75,True,,RESTRUCTURING,,UNRESOLVED_STRUCTURE,WINDOW_OBSERVED,0,0,5,False,0,0,True,INHERITED_RAW_PRICE_BASIS,True,False
2025-07-25|67230,2025-07-25,67230,11:00,14:00,120,COMPLETE,5,0,DOWN,-0.33167495854063017,AVAILABLE,5.75,True,UP_STRUCTURE,RECOVERY,RANGE_EXPANSION|VOLUME_EXPANSION|TRADING_VALUE_EXPANSION,IDENTIFIED,WINDOW_OBSERVED,0,1,6,False,0,0,True,INHERITED_RAW_PRICE_BASIS,True,True
2025-07-25|67230,2025-07-25,67230,11:00,14:05,125,COMPLETE,5,0,UP,0.24958402662229617,AVAILABLE,5.75,True,UP_STRUCTURE,RECOVERY,RANGE_COMPRESSION|VOLUME_COMPRESSION|TRADING_VALUE_COMPRESSION,IDENTIFIED,WINDOW_OBSERVED,0,0,6,False,0,0,True,INHERITED_RAW_PRICE_BASIS,True,False
2025-07-25|67230,2025-07-25,67230,11:00,14:10,130,COMPLETE,5,0,UP,0.027662517289073305,AVAILABLE,5.75,True,UP_STRUCTURE,RECOVERY,RANGE_COMPRESSION,IDENTIFIED,WINDOW_OBSERVED,0,0,6,False,0,0,True,INHERITED_RAW_PRICE_BASIS,True,False
2025-07-25|67230,2025-07-25,67230,11:00,14:15,135,COMPLETE,5,0,UP,0.30420353982300885,AVAILABLE,5.75,True,UP_STRUCTURE,RECOVERY,RANGE_EXPANSION,IDENTIFIED,WINDOW_OBSERVED,0,0,6,False,0,0,True,INHERITED_RAW_PRICE_BASIS,True,False
2025-07-25|67230,2025-07-25,67230,11:00,14:20,140,COMPLETE,5,0,UP,0.24807056229327454,AVAILABLE,5.75,True,UP_STRUCTURE,PROGRESSION,RANGE_COMPRESSION,IDENTIFIED,WINDOW_OBSERVED,0,0,6,False,0,0,True,INHERITED_RAW_PRICE_BASIS,True,True
2025-07-25|67230,2025-07-25,67230,11:00,14:25,145,COMPLETE,5,0,UNCHANGED,0.0,AVAILABLE,5.75,True,UP_STRUCTURE,PROGRESSION,RANGE_EXPANSION|VOLUME_EXPANSION|TRADING_VALUE_EXPANSION,IDENTIFIED,WINDOW_OBSERVED,0,0,6,False,1,1,True,INHERITED_RAW_PRICE_BASIS,True,False
2025-07-25|67230,2025-07-25,67230,11:00,14:30,150,COMPLETE,5,0,UP,0.35743744844652187,AVAILABLE,5.75,True,UP_STRUCTURE,PROGRESSION,,IDENTIFIED,WINDOW_OBSERVED,0,0,6,False,0,1,True,INHERITED_RAW_PRICE_BASIS,True,False
2025-07-25|67230,2025-07-25,67230,11:00,14:35,155,COMPLETE,5,0,UP,0.3834565872363736,AVAILABLE,5.75,True,UP_STRUCTURE,PROGRESSION,RANGE_EXPANSION,IDENTIFIED,WINDOW_OBSERVED,0,0,6,False,0,0,True,INHERITED_RAW_PRICE_BASIS,True,False
2025-07-25|67230,2025-07-25,67230,11:00,14:40,160,COMPLETE,5,0,UP,0.10914051841746249,AVAILABLE,5.75,True,UP_STRUCTURE,CORRECTION,CHOPPINESS,IDENTIFIED,WINDOW_OBSERVED,0,1,7,False,0,0,True,INHERITED_RAW_PRICE_BASIS,True,True
2025-07-25|67230,2025-07-25,67230,11:00,14:45,165,COMPLETE,5,0,DOWN,-0.2998092123194331,AVAILABLE,5.75,True,UP_STRUCTURE,RECOVERY,,IDENTIFIED,WINDOW_OBSERVED,0,1,8,False,0,0,True,INHERITED_RAW_PRICE_BASIS,True,True
2025-07-25|67230,2025-07-25,67230,11:00,14:50,170,COMPLETE,5,0,DOWN,-0.19130910084722602,AVAILABLE,5.75,True,UP_STRUCTURE,CORRECTION,,IDENTIFIED,WINDOW_OBSERVED,0,1,9,False,0,0,True,INHERITED_RAW_PRICE_BASIS,True,True
2025-07-25|67230,2025-07-25,67230,11:00,14:55,175,COMPLETE,5,0,UP,0.054764512595837894,AVAILABLE,5.75,True,,RESTRUCTURING,CHOPPINESS|RANGE_COMPRESSION,UNRESOLVED_STRUCTURE,WINDOW_OBSERVED,0,0,9,False,4,3,True,INHERITED_RAW_PRICE_BASIS,True,True
2025-07-25|67230,2025-07-25,67230,11:00,15:00,180,COMPLETE,5,0,UP,0.10946907498631636,AVAILABLE,5.75,True,DOWN_STRUCTURE,CORRECTION|RECOVERY,CHOPPINESS|RANGE_EXPANSION,IDENTIFIED,WINDOW_OBSERVED,0,1,10,False,2,2,True,INHERITED_RAW_PRICE_BASIS,True,True
2025-07-25|67230,2025-07-25,67230,11:00,15:05,185,COMPLETE,5,0,DOWN,-0.16406890894175555,AVAILABLE,5.75,True,DOWN_STRUCTURE,CORRECTION|RECOVERY,VOLUME_EXPANSION|TRADING_VALUE_EXPANSION,IDENTIFIED,WINDOW_OBSERVED,0,0,10,False,1,0,True,INHERITED_RAW_PRICE_BASIS,True,False
2025-07-25|67230,2025-07-25,67230,11:00,15:10,190,COMPLETE,5,0,UP,0.3834565872363736,AVAILABLE,5.75,True,,RESTRUCTURING,,UNRESOLVED_STRUCTURE,WINDOW_OBSERVED,0,0,10,False,2,1,True,INHERITED_RAW_PRICE_BASIS,True,True
2025-07-25|67230,2025-07-25,67230,11:00,15:15,195,COMPLETE,5,0,UP,0.054570259208731244,AVAILABLE,5.75,True,,RESTRUCTURING,RANGE_COMPRESSION,UNRESOLVED_STRUCTURE,WINDOW_OBSERVED,0,0,10,False,4,1,True,INHERITED_RAW_PRICE_BASIS,True,False
2025-07-25|67230,2025-07-25,67230,11:00,15:20,200,COMPLETE,5,0,DOWN,-0.02727024815925825,AVAILABLE,5.75,True,,RESTRUCTURING,CHOPPINESS|RANGE_EXPANSION|VOLUME_EXPANSION|TRADING_VALUE_EXPANSION,UNRESOLVED_STRUCTURE,RIGHT_CENSORED,0,0,11,False,2,2,True,INHERITED_RAW_PRICE_BASIS,True,False
2025-07-25|67230,2025-07-25,67230,11:00,15:25,205,COMPLETE,5,0,UP,0.08185538881309687,AVAILABLE,5.75,True,,RESTRUCTURING,CHOPPINESS,UNRESOLVED_STRUCTURE,RIGHT_CENSORED,0,0,11,False,0,0,True,INHERITED_RAW_PRICE_BASIS,True,False
2025-07-25|67310,2025-07-25,67310,10:30,10:30,0,COMPLETE,5,0,DOWN,-1.1764705882352942,AVAILABLE,1.0,True,,RESTRUCTURING,RANGE_EXPANSION|VOLUME_EXPANSION|TRADING_VALUE_EXPANSION,UNRESOLVED_STRUCTURE,WINDOW_OBSERVED,0,0,26,False,0,0,True,INHERITED_RAW_PRICE_BASIS,False,False
2025-07-25|67310,2025-07-25,67310,10:30,10:35,5,COMPLETE,5,0,UP,1.2048192771084338,AVAILABLE,1.0,True,DOWN_STRUCTURE,,CHOPPINESS|RANGE_COMPRESSION|VOLUME_COMPRESSION|TRADING_VALUE_COMPRESSION,IDENTIFIED,WINDOW_OBSERVED,0,1,30,False,0,0,True,INHERITED_RAW_PRICE_BASIS,True,True
2025-07-25|67310,2025-07-25,67310,10:30,10:40,10,COMPLETE,5,0,UNCHANGED,0.0,AVAILABLE,1.0,True,DOWN_STRUCTURE,,,IDENTIFIED,WINDOW_OBSERVED,0,1,32,False,0,2,True,INHERITED_RAW_PRICE_BASIS,True,False
2025-07-25|67310,2025-07-25,67310,10:30,10:45,15,COMPLETE,5,0,DOWN,-1.1904761904761905,AVAILABLE,1.0,True,DOWN_STRUCTURE,,RANGE_EXPANSION|VOLUME_EXPANSION|TRADING_VALUE_EXPANSION,IDENTIFIED,WINDOW_OBSERVED,0,1,33,False,1,1,True,INHERITED_RAW_PRICE_BASIS,True,False
2025-07-25|67310,2025-07-25,67310,10:30,10:50,20,COMPLETE,5,0,UP,1.2048192771084338,AVAILABLE,1.0,True,DOWN_STRUCTURE,,VOLUME_COMPRESSION|TRADING_VALUE_COMPRESSION,IDENTIFIED,WINDOW_OBSERVED,0,1,34,False,0,1,True,INHERITED_RAW_PRICE_BASIS,True,False
2025-07-25|67310,2025-07-25,67310,10:30,10:55,25,COMPLETE,5,0,UP,1.2048192771084338,AVAILABLE,1.0,True,DOWN_STRUCTURE,,RANGE_COMPRESSION,IDENTIFIED,WINDOW_OBSERVED,0,1,36,False,0,2,True,INHERITED_RAW_PRICE_BASIS,True,False
2025-07-25|67310,2025-07-25,67310,10:30,11:00,30,COMPLETE,5,0,UP,3.6144578313253013,AVAILABLE,1.0,True,,RESTRUCTURING,RANGE_EXPANSION|VOLUME_EXPANSION|TRADING_VALUE_EXPANSION,UNRESOLVED_STRUCTURE,WINDOW_OBSERVED,0,0,37,False,0,3,True,INHERITED_RAW_PRICE_BASIS,True,True
2025-07-25|67310,2025-07-25,67310,10:30,11:05,35,COMPLETE,5,0,UP,1.1627906976744187,AVAILABLE,1.0,True,UP_STRUCTURE,,CHOPPINESS|RANGE_COMPRESSION|VOLUME_EXPANSION|TRADING_VALUE_EXPANSION,IDENTIFIED,WINDOW_OBSERVED,0,1,40,False,0,0,True,INHERITED_RAW_PRICE_BASIS,True,True
2025-07-25|67310,2025-07-25,67310,10:30,11:10,40,COMPLETE,5,0,UNCHANGED,0.0,AVAILABLE,1.0,True,UP_STRUCTURE,,VOLUME_COMPRESSION|TRADING_VALUE_COMPRESSION,IDENTIFIED,WINDOW_OBSERVED,0,1,42,False,0,1,True,INHERITED_RAW_PRICE_BASIS,True,False
2025-07-25|67310,2025-07-25,67310,10:30,11:15,45,COMPLETE,5,0,DOWN,-1.1494252873563218,AVAILABLE,1.0,True,UP_STRUCTURE,,RANGE_COMPRESSION|VOLUME_COMPRESSION|TRADING_VALUE_COMPRESSION,IDENTIFIED,WINDOW_OBSERVED,0,1,45,False,0,3,True,INHERITED_RAW_PRICE_BASIS,True,False
2025-07-25|67310,2025-07-25,67310,10:30,11:20,50,COMPLETE,5,0,UNCHANGED,0.0,AVAILABLE,1.0,True,UP_STRUCTURE,,VOLUME_EXPANSION|TRADING_VALUE_EXPANSION,IDENTIFIED,WINDOW_OBSERVED,0,1,48,False,0,3,True,INHERITED_RAW_PRICE_BASIS,True,False
2025-07-25|67310,2025-07-25,67310,10:30,11:25,55,COMPLETE,5,0,DOWN,-2.2988505747126435,AVAILABLE,1.0,True,,RESTRUCTURING,RANGE_EXPANSION,UNRESOLVED_STRUCTURE,WINDOW_OBSERVED,0,0,48,False,0,2,True,INHERITED_RAW_PRICE_BASIS,True,True
2025-07-25|67310,2025-07-25,67310,10:30,11:30,60,COMPLETE,5,0,UNCHANGED,0.0,AVAILABLE,1.0,True,,RESTRUCTURING|RECOVERY,RANGE_COMPRESSION,UNRESOLVED_STRUCTURE,WINDOW_OBSERVED,0,0,49,False,0,0,True,INHERITED_RAW_PRICE_BASIS,True,True
2025-07-25|67310,2025-07-25,67310,10:30,12:35,65,COMPLETE,5,0,DOWN,-1.1904761904761905,AVAILABLE,1.0,True,,RESTRUCTURING,,UNRESOLVED_STRUCTURE,WINDOW_OBSERVED,0,1,3,False,0,0,True,INHERITED_RAW_PRICE_BASIS,True,True
2025-07-25|67310,2025-07-25,67310,10:30,12:40,70,COMPLETE,5,0,DOWN,-1.2048192771084338,AVAILABLE,1.0,True,DOWN_STRUCTURE,,RANGE_COMPRESSION,IDENTIFIED,WINDOW_OBSERVED,0,1,5,False,0,0,True,INHERITED_RAW_PRICE_BASIS,True,True
2025-07-25|67310,2025-07-25,67310,10:30,12:45,75,COMPLETE,5,0,UP,2.4390243902439024,AVAILABLE,1.0,True,,RESTRUCTURING,,UNRESOLVED_STRUCTURE,WINDOW_OBSERVED,0,1,8,False,1,2,True,INHERITED_RAW_PRICE_BASIS,True,True
2025-07-25|67310,2025-07-25,67310,10:30,12:50,80,COMPLETE,5,0,UNCHANGED,0.0,AVAILABLE,1.0,True,UP_STRUCTURE,PROGRESSION,RANGE_COMPRESSION|VOLUME_COMPRESSION|TRADING_VALUE_COMPRESSION,IDENTIFIED,WINDOW_OBSERVED,0,0,9,False,0,1,True,INHERITED_RAW_PRICE_BASIS,True,True
2025-07-25|67310,2025-07-25,67310,10:30,12:55,85,COMPLETE,5,0,UNCHANGED,0.0,AVAILABLE,1.0,True,UP_STRUCTURE,CORRECTION,CHOPPINESS,IDENTIFIED,WINDOW_OBSERVED,0,0,12,False,0,2,True,INHERITED_RAW_PRICE_BASIS,True,True
2025-07-25|67310,2025-07-25,67310,10:30,13:00,90,COMPLETE,5,0,DOWN,-2.380952380952381,AVAILABLE,1.0,True,DOWN_STRUCTURE,,RANGE_EXPANSION,IDENTIFIED,WINDOW_OBSERVED,0,1,15,False,0,1,True,INHERITED_RAW_PRICE_BASIS,True,True
2025-07-25|67310,2025-07-25,67310,10:30,13:05,95,COMPLETE,5,0,UNCHANGED,0.0,AVAILABLE,1.0,True,,RESTRUCTURING,VOLUME_EXPANSION|TRADING_VALUE_EXPANSION,UNRESOLVED_STRUCTURE,WINDOW_OBSERVED,0,0,16,False,1,2,True,INHERITED_RAW_PRICE_BASIS,True,True
2025-07-25|67310,2025-07-25,67310,10:30,13:10,100,COMPLETE,5,0,DOWN,-2.380952380952381,AVAILABLE,1.0,True,,RESTRUCTURING,VOLUME_COMPRESSION|TRADING_VALUE_COMPRESSION,UNRESOLVED_STRUCTURE,WINDOW_OBSERVED,0,1,19,False,0,1,True,INHERITED_RAW_PRICE_BASIS,True,False
2025-07-25|67310,2025-07-25,67310,10:30,13:15,105,COMPLETE,5,0,UNCHANGED,0.0,AVAILABLE,1.0,True,,RESTRUCTURING,RANGE_COMPRESSION|VOLUME_EXPANSION|TRADING_VALUE_EXPANSION,UNRESOLVED_STRUCTURE,WINDOW_OBSERVED,0,1,21,False,0,2,True,INHERITED_RAW_PRICE_BASIS,True,False
2025-07-25|67310,2025-07-25,67310,10:30,13:20,110,COMPLETE,5,0,UP,1.2195121951219512,AVAILABLE,1.0,True,,RESTRUCTURING,CHOPPINESS,UNRESOLVED_STRUCTURE,WINDOW_OBSERVED,0,1,24,False,0,3,True,INHERITED_RAW_PRICE_BASIS,True,False
2025-07-25|67310,2025-07-25,67310,10:30,13:25,115,COMPLETE,5,0,DOWN,-1.2048192771084338,AVAILABLE,1.0,True,RANGE_STRUCTURE,BALANCE,VOLUME_COMPRESSION|TRADING_VALUE_COMPRESSION,IDENTIFIED,WINDOW_OBSERVED,0,1,25,True,0,1,True,INHERITED_RAW_PRICE_BASIS,True,True
2025-07-25|67310,2025-07-25,67310,10:30,13:30,120,COMPLETE,5,0,DOWN,-1.2048192771084338,AVAILABLE,1.0,True,RANGE_STRUCTURE,BALANCE,,IDENTIFIED,WINDOW_OBSERVED,0,0,26,True,0,3,True,INHERITED_RAW_PRICE_BASIS,True,False
2025-07-25|67310,2025-07-25,67310,10:30,13:35,125,COMPLETE,5,0,UNCHANGED,0.0,AVAILABLE,1.0,True,DOWN_STRUCTURE,,VOLUME_EXPANSION|TRADING_VALUE_EXPANSION,IDENTIFIED,WINDOW_OBSERVED,0,1,28,False,0,2,True,INHERITED_RAW_PRICE_BASIS,True,True
2025-07-25|67310,2025-07-25,67310,10:30,13:40,130,COMPLETE,5,0,UNCHANGED,0.0,AVAILABLE,1.0,True,DOWN_STRUCTURE,PROGRESSION,RANGE_EXPANSION|VOLUME_COMPRESSION|TRADING_VALUE_COMPRESSION,IDENTIFIED,WINDOW_OBSERVED,0,0,28,False,1,0,True,INHERITED_RAW_PRICE_BASIS,True,True
2025-07-25|67310,2025-07-25,67310,10:30,13:45,135,COMPLETE,5,0,UNCHANGED,0.0,AVAILABLE,1.0,True,DOWN_STRUCTURE,,VOLUME_COMPRESSION|TRADING_VALUE_COMPRESSION,IDENTIFIED,WINDOW_OBSERVED,0,1,30,False,0,1,True,INHERITED_RAW_PRICE_BASIS,True,True
2025-07-25|67310,2025-07-25,67310,10:30,13:50,140,COMPLETE,5,0,UP,1.25,AVAILABLE,1.0,True,DOWN_STRUCTURE,CORRECTION,RANGE_COMPRESSION,IDENTIFIED,WINDOW_OBSERVED,0,0,31,False,0,1,True,INHERITED_RAW_PRICE_BASIS,True,True
2025-07-25|67310,2025-07-25,67310,10:30,13:55,145,COMPLETE,5,0,UNCHANGED,0.0,AVAILABLE,1.0,True,,RESTRUCTURING|RECOVERY,RANGE_EXPANSION,UNRESOLVED_STRUCTURE,WINDOW_OBSERVED,0,0,33,False,0,3,True,INHERITED_RAW_PRICE_BASIS,True,True
2025-07-25|67310,2025-07-25,67310,10:30,14:00,150,COMPLETE,5,0,UNCHANGED,0.0,AVAILABLE,1.0,True,RANGE_STRUCTURE,BALANCE|RECOVERY,RANGE_COMPRESSION|VOLUME_COMPRESSION|TRADING_VALUE_COMPRESSION,IDENTIFIED,WINDOW_OBSERVED,0,0,33,True,0,0,True,INHERITED_RAW_PRICE_BASIS,True,True
2025-07-25|67310,2025-07-25,67310,10:30,14:05,155,COMPLETE,5,0,UNCHANGED,0.0,AVAILABLE,1.0,True,RANGE_STRUCTURE,BALANCE,,IDENTIFIED,WINDOW_OBSERVED,0,1,36,True,0,2,True,INHERITED_RAW_PRICE_BASIS,True,True
2025-07-25|67310,2025-07-25,67310,10:30,14:10,160,COMPLETE,5,0,DOWN,-1.2195121951219512,AVAILABLE,1.0,True,RANGE_STRUCTURE,BALANCE,CHOPPINESS|VOLUME_COMPRESSION|TRADING_VALUE_COMPRESSION,IDENTIFIED,WINDOW_OBSERVED,0,1,39,True,0,5,True,INHERITED_RAW_PRICE_BASIS,True,False
2025-07-25|67310,2025-07-25,67310,10:30,14:15,165,COMPLETE,5,0,DOWN,-1.2195121951219512,AVAILABLE,1.0,True,RANGE_STRUCTURE,BALANCE,VOLUME_EXPANSION|TRADING_VALUE_EXPANSION,IDENTIFIED,WINDOW_OBSERVED,0,1,41,True,0,3,True,INHERITED_RAW_PRICE_BASIS,True,False
2025-07-25|67310,2025-07-25,67310,10:30,14:20,170,COMPLETE,5,0,UNCHANGED,0.0,AVAILABLE,1.0,True,RANGE_STRUCTURE,BALANCE,VOLUME_COMPRESSION|TRADING_VALUE_COMPRESSION,IDENTIFIED,WINDOW_OBSERVED,0,1,44,True,0,4,True,INHERITED_RAW_PRICE_BASIS,True,False
2025-07-25|67310,2025-07-25,67310,10:30,14:25,175,COMPLETE,5,0,UP,1.2195121951219512,AVAILABLE,1.0,True,,RESTRUCTURING,RANGE_EXPANSION|VOLUME_EXPANSION|TRADING_VALUE_EXPANSION,UNRESOLVED_STRUCTURE,WINDOW_OBSERVED,0,1,46,False,0,5,True,INHERITED_RAW_PRICE_BASIS,True,True
2025-07-25|67310,2025-07-25,67310,10:30,14:30,180,COMPLETE,5,0,UNCHANGED,0.0,AVAILABLE,1.0,True,UP_STRUCTURE,,RANGE_COMPRESSION|VOLUME_COMPRESSION|TRADING_VALUE_COMPRESSION,IDENTIFIED,WINDOW_OBSERVED,0,1,47,True,0,0,True,INHERITED_RAW_PRICE_BASIS,True,True
2025-07-25|67310,2025-07-25,67310,10:30,14:35,185,COMPLETE,5,0,DOWN,-1.2048192771084338,AVAILABLE,1.0,True,UP_STRUCTURE,,VOLUME_EXPANSION|TRADING_VALUE_EXPANSION,IDENTIFIED,WINDOW_OBSERVED,0,1,47,True,0,0,True,INHERITED_RAW_PRICE_BASIS,True,False
2025-07-25|67310,2025-07-25,67310,10:30,14:40,190,COMPLETE,5,0,UP,1.2195121951219512,AVAILABLE,1.0,True,UP_STRUCTURE,,VOLUME_EXPANSION|TRADING_VALUE_EXPANSION,IDENTIFIED,WINDOW_OBSERVED,0,1,50,True,0,2,True,INHERITED_RAW_PRICE_BASIS,True,False
2025-07-25|67310,2025-07-25,67310,10:30,14:45,195,COMPLETE,5,0,DOWN,-2.4096385542168677,AVAILABLE,1.0,True,RANGE_STRUCTURE,BALANCE,RANGE_EXPANSION,IDENTIFIED,WINDOW_OBSERVED,0,1,51,True,0,3,True,INHERITED_RAW_PRICE_BASIS,True,True
2025-07-25|67310,2025-07-25,67310,10:30,14:50,200,COMPLETE,5,0,UNCHANGED,0.0,AVAILABLE,1.0,True,RANGE_STRUCTURE,BALANCE,RANGE_COMPRESSION|VOLUME_COMPRESSION|TRADING_VALUE_COMPRESSION,IDENTIFIED,WINDOW_OBSERVED,0,1,51,True,0,0,True,INHERITED_RAW_PRICE_BASIS,True,False
2025-07-25|67310,2025-07-25,67310,10:30,14:55,205,COMPLETE,5,0,UP,1.2345679012345678,AVAILABLE,1.0,True,DOWN_STRUCTURE,,VOLUME_EXPANSION|TRADING_VALUE_EXPANSION,IDENTIFIED,WINDOW_OBSERVED,0,1,52,True,0,1,True,INHERITED_RAW_PRICE_BASIS,True,True
2025-07-25|67310,2025-07-25,67310,10:30,15:00,210,COMPLETE,5,0,UNCHANGED,0.0,AVAILABLE,1.0,True,DOWN_STRUCTURE,,VOLUME_COMPRESSION|TRADING_VALUE_COMPRESSION,IDENTIFIED,WINDOW_OBSERVED,0,1,54,True,0,2,True,INHERITED_RAW_PRICE_BASIS,True,False
2025-07-25|67310,2025-07-25,67310,10:30,15:05,215,COMPLETE,5,0,DOWN,-1.2195121951219512,AVAILABLE,1.0,True,DOWN_STRUCTURE,,VOLUME_COMPRESSION|TRADING_VALUE_COMPRESSION,IDENTIFIED,WINDOW_OBSERVED,0,1,55,True,0,1,True,INHERITED_RAW_PRICE_BASIS,True,False
2025-07-25|67310,2025-07-25,67310,10:30,15:10,220,COMPLETE,5,0,UNCHANGED,0.0,AVAILABLE,1.0,True,DOWN_STRUCTURE,,VOLUME_EXPANSION|TRADING_VALUE_EXPANSION,IDENTIFIED,WINDOW_OBSERVED,0,1,57,True,0,3,True,INHERITED_RAW_PRICE_BASIS,True,False
2025-07-25|67310,2025-07-25,67310,10:30,15:15,225,COMPLETE,5,0,UP,1.2345679012345678,AVAILABLE,1.0,True,DOWN_STRUCTURE,,VOLUME_EXPANSION|TRADING_VALUE_EXPANSION,IDENTIFIED,WINDOW_OBSERVED,0,1,60,True,0,5,True,INHERITED_RAW_PRICE_BASIS,True,False
2025-07-25|67310,2025-07-25,67310,10:30,15:20,230,COMPLETE,5,0,UNCHANGED,0.0,AVAILABLE,1.0,True,DOWN_STRUCTURE,,VOLUME_COMPRESSION|TRADING_VALUE_COMPRESSION,IDENTIFIED,RIGHT_CENSORED,0,1,62,True,0,3,True,INHERITED_RAW_PRICE_BASIS,True,False
2025-07-25|67310,2025-07-25,67310,10:30,15:25,235,COMPLETE,5,0,DOWN,-1.2195121951219512,AVAILABLE,1.0,True,DOWN_STRUCTURE,PROGRESSION,VOLUME_COMPRESSION|TRADING_VALUE_COMPRESSION,IDENTIFIED,RIGHT_CENSORED,0,0,62,True,0,1,True,INHERITED_RAW_PRICE_BASIS,True,True
2025-07-25|70620,2025-07-25,70620,11:00,11:00,0,PARTIAL,1,4,,,SCALE_INSUFFICIENT,,True,,,,SCALE_UNAVAILABLE,OBSERVATION_INSUFFICIENT,10,0,0,False,0,0,False,INHERITED_RAW_PRICE_BASIS,False,False
2025-07-25|70620,2025-07-25,70620,11:00,11:05,5,UNAVAILABLE,0,5,,,SCALE_INSUFFICIENT,,True,,,,CURRENT_BAR_UNAVAILABLE,OBSERVATION_INSUFFICIENT,9,0,0,False,0,0,False,INHERITED_RAW_PRICE_BASIS,False,False
2025-07-25|70620,2025-07-25,70620,11:00,11:10,10,UNAVAILABLE,0,5,,,SCALE_INSUFFICIENT,,True,,,,CURRENT_BAR_UNAVAILABLE,OBSERVATION_INSUFFICIENT,9,0,0,False,0,0,False,INHERITED_RAW_PRICE_BASIS,False,False
2025-07-25|70620,2025-07-25,70620,11:00,11:15,15,PARTIAL,1,4,,,SCALE_INSUFFICIENT,,True,,,,CURRENT_BAR_UNAVAILABLE,OBSERVATION_INSUFFICIENT,10,0,0,False,0,0,False,INHERITED_RAW_PRICE_BASIS,False,False
2025-07-25|70620,2025-07-25,70620,11:00,11:20,20,UNAVAILABLE,0,5,,,SCALE_INSUFFICIENT,,True,,,,CURRENT_BAR_UNAVAILABLE,OBSERVATION_INSUFFICIENT,10,0,0,False,0,0,False,INHERITED_RAW_PRICE_BASIS,False,False
2025-07-25|70620,2025-07-25,70620,11:00,11:25,25,UNAVAILABLE,0,5,,,SCALE_INSUFFICIENT,,True,,,,CURRENT_BAR_UNAVAILABLE,OBSERVATION_INSUFFICIENT,9,0,0,False,0,0,False,INHERITED_RAW_PRICE_BASIS,False,False
2025-07-25|70620,2025-07-25,70620,11:00,11:30,30,UNAVAILABLE,0,5,,,SCALE_INSUFFICIENT,,True,,,,CURRENT_BAR_UNAVAILABLE,OBSERVATION_INSUFFICIENT,9,0,0,False,0,0,False,INHERITED_RAW_PRICE_BASIS,False,False
2025-07-25|70620,2025-07-25,70620,11:00,12:35,35,PARTIAL,1,4,,,SCALE_INSUFFICIENT,,True,,,,SCALE_UNAVAILABLE,OBSERVATION_INSUFFICIENT,10,0,0,False,0,0,False,INHERITED_RAW_PRICE_BASIS,False,False
2025-07-25|70620,2025-07-25,70620,11:00,12:40,40,UNAVAILABLE,0,5,,,SCALE_INSUFFICIENT,,True,,,,CURRENT_BAR_UNAVAILABLE,OBSERVATION_INSUFFICIENT,10,0,0,False,0,0,False,INHERITED_RAW_PRICE_BASIS,False,False
2025-07-25|70620,2025-07-25,70620,11:00,12:45,45,UNAVAILABLE,0,5,,,SCALE_INSUFFICIENT,,True,,,,CURRENT_BAR_UNAVAILABLE,OBSERVATION_INSUFFICIENT,10,0,0,False,0,0,False,INHERITED_RAW_PRICE_BASIS,False,False
2025-07-25|70620,2025-07-25,70620,11:00,12:50,50,UNAVAILABLE,0,5,,,SCALE_INSUFFICIENT,,True,,,,CURRENT_BAR_UNAVAILABLE,OBSERVATION_INSUFFICIENT,10,0,0,False,0,0,False,INHERITED_RAW_PRICE_BASIS,False,False
2025-07-25|70620,2025-07-25,70620,11:00,12:55,55,UNAVAILABLE,0,5,,,SCALE_INSUFFICIENT,,True,,,,CURRENT_BAR_UNAVAILABLE,OBSERVATION_INSUFFICIENT,10,0,0,False,0,0,False,INHERITED_RAW_PRICE_BASIS,False,False
2025-07-25|70620,2025-07-25,70620,11:00,13:00,60,UNAVAILABLE,0,5,,,SCALE_INSUFFICIENT,,True,,,,CURRENT_BAR_UNAVAILABLE,OBSERVATION_INSUFFICIENT,10,0,0,False,0,0,False,INHERITED_RAW_PRICE_BASIS,False,False
2025-07-25|70620,2025-07-25,70620,11:00,13:05,65,UNAVAILABLE,0,5,,,SCALE_INSUFFICIENT,,True,,,,CURRENT_BAR_UNAVAILABLE,OBSERVATION_INSUFFICIENT,10,0,0,False,0,0,False,INHERITED_RAW_PRICE_BASIS,False,False
2025-07-25|70620,2025-07-25,70620,11:00,13:10,70,UNAVAILABLE,0,5,,,SCALE_INSUFFICIENT,,True,,,,CURRENT_BAR_UNAVAILABLE,OBSERVATION_INSUFFICIENT,10,0,0,False,0,0,False,INHERITED_RAW_PRICE_BASIS,False,False
2025-07-25|70620,2025-07-25,70620,11:00,13:15,75,UNAVAILABLE,0,5,,,SCALE_INSUFFICIENT,,True,,,,CURRENT_BAR_UNAVAILABLE,OBSERVATION_INSUFFICIENT,10,0,0,False,0,0,False,INHERITED_RAW_PRICE_BASIS,False,False
2025-07-25|70620,2025-07-25,70620,11:00,13:20,80,UNAVAILABLE,0,5,,,SCALE_INSUFFICIENT,,True,,,,CURRENT_BAR_UNAVAILABLE,OBSERVATION_INSUFFICIENT,10,0,0,False,0,0,False,INHERITED_RAW_PRICE_BASIS,False,False
2025-07-25|70620,2025-07-25,70620,11:00,13:25,85,UNAVAILABLE,0,5,,,SCALE_INSUFFICIENT,,True,,,,CURRENT_BAR_UNAVAILABLE,OBSERVATION_INSUFFICIENT,9,0,0,False,0,0,False,INHERITED_RAW_PRICE_BASIS,False,False
2025-07-25|70620,2025-07-25,70620,11:00,13:30,90,UNAVAILABLE,0,5,,,SCALE_INSUFFICIENT,,True,,,,CURRENT_BAR_UNAVAILABLE,OBSERVATION_INSUFFICIENT,9,0,0,False,0,0,False,INHERITED_RAW_PRICE_BASIS,False,False
2025-07-25|70620,2025-07-25,70620,11:00,13:35,95,PARTIAL,1,4,,,SCALE_INSUFFICIENT,,True,,,,CURRENT_BAR_UNAVAILABLE,OBSERVATION_INSUFFICIENT,10,0,0,False,1,0,False,INHERITED_RAW_PRICE_BASIS,False,False
2025-07-25|70620,2025-07-25,70620,11:00,13:40,100,UNAVAILABLE,0,5,,,SCALE_INSUFFICIENT,,True,,,,CURRENT_BAR_UNAVAILABLE,OBSERVATION_INSUFFICIENT,10,0,0,False,0,0,False,INHERITED_RAW_PRICE_BASIS,False,False
2025-07-25|70620,2025-07-25,70620,11:00,13:45,105,UNAVAILABLE,0,5,,,SCALE_INSUFFICIENT,,True,,,,CURRENT_BAR_UNAVAILABLE,OBSERVATION_INSUFFICIENT,10,0,0,False,0,0,False,INHERITED_RAW_PRICE_BASIS,False,False
2025-07-25|70620,2025-07-25,70620,11:00,13:50,110,UNAVAILABLE,0,5,,,SCALE_INSUFFICIENT,,True,,,,CURRENT_BAR_UNAVAILABLE,OBSERVATION_INSUFFICIENT,10,0,0,False,0,0,False,INHERITED_RAW_PRICE_BASIS,False,False
2025-07-25|70620,2025-07-25,70620,11:00,13:55,115,UNAVAILABLE,0,5,,,SCALE_INSUFFICIENT,,True,,,,CURRENT_BAR_UNAVAILABLE,OBSERVATION_INSUFFICIENT,10,0,0,False,0,0,False,INHERITED_RAW_PRICE_BASIS,False,False
2025-07-25|70620,2025-07-25,70620,11:00,14:00,120,UNAVAILABLE,0,5,,,SCALE_INSUFFICIENT,,True,,,,CURRENT_BAR_UNAVAILABLE,OBSERVATION_INSUFFICIENT,9,0,0,False,0,0,False,INHERITED_RAW_PRICE_BASIS,False,False
2025-07-25|70620,2025-07-25,70620,11:00,14:05,125,UNAVAILABLE,0,5,,,SCALE_INSUFFICIENT,,True,,,,CURRENT_BAR_UNAVAILABLE,OBSERVATION_INSUFFICIENT,9,0,0,False,0,0,False,INHERITED_RAW_PRICE_BASIS,False,False
2025-07-25|70620,2025-07-25,70620,11:00,14:10,130,PARTIAL,1,4,,,SCALE_INSUFFICIENT,,True,,,,CURRENT_BAR_UNAVAILABLE,OBSERVATION_INSUFFICIENT,10,0,0,False,0,0,False,INHERITED_RAW_PRICE_BASIS,False,False
2025-07-25|70620,2025-07-25,70620,11:00,14:15,135,UNAVAILABLE,0,5,,,SCALE_INSUFFICIENT,,True,,,,CURRENT_BAR_UNAVAILABLE,OBSERVATION_INSUFFICIENT,10,0,0,False,0,0,False,INHERITED_RAW_PRICE_BASIS,False,False
2025-07-25|70620,2025-07-25,70620,11:00,14:20,140,UNAVAILABLE,0,5,,,SCALE_INSUFFICIENT,,True,,,,CURRENT_BAR_UNAVAILABLE,OBSERVATION_INSUFFICIENT,9,0,0,False,0,0,False,INHERITED_RAW_PRICE_BASIS,False,False
2025-07-25|70620,2025-07-25,70620,11:00,14:25,145,UNAVAILABLE,0,5,,,SCALE_INSUFFICIENT,,True,,,,CURRENT_BAR_UNAVAILABLE,OBSERVATION_INSUFFICIENT,9,0,0,False,0,0,False,INHERITED_RAW_PRICE_BASIS,False,False
2025-07-25|70620,2025-07-25,70620,11:00,14:30,150,PARTIAL,1,4,,,SCALE_INSUFFICIENT,,True,,,,SCALE_UNAVAILABLE,OBSERVATION_INSUFFICIENT,10,0,0,False,0,0,False,INHERITED_RAW_PRICE_BASIS,False,False
2025-07-25|70620,2025-07-25,70620,11:00,14:35,155,UNAVAILABLE,0,5,,,SCALE_INSUFFICIENT,,True,,,,CURRENT_BAR_UNAVAILABLE,OBSERVATION_INSUFFICIENT,10,0,0,False,0,0,False,INHERITED_RAW_PRICE_BASIS,False,False
2025-07-25|70620,2025-07-25,70620,11:00,14:40,160,UNAVAILABLE,0,5,,,SCALE_INSUFFICIENT,,True,,,,CURRENT_BAR_UNAVAILABLE,OBSERVATION_INSUFFICIENT,10,0,0,False,0,0,False,INHERITED_RAW_PRICE_BASIS,False,False
2025-07-25|70620,2025-07-25,70620,11:00,14:45,165,UNAVAILABLE,0,5,,,SCALE_INSUFFICIENT,,True,,,,CURRENT_BAR_UNAVAILABLE,OBSERVATION_INSUFFICIENT,10,0,0,False,0,0,False,INHERITED_RAW_PRICE_BASIS,False,False
2025-07-25|70620,2025-07-25,70620,11:00,14:50,170,UNAVAILABLE,0,5,,,SCALE_INSUFFICIENT,,True,,,,CURRENT_BAR_UNAVAILABLE,OBSERVATION_INSUFFICIENT,10,0,0,False,0,0,False,INHERITED_RAW_PRICE_BASIS,False,False
2025-07-25|70620,2025-07-25,70620,11:00,14:55,175,UNAVAILABLE,0,5,,,SCALE_INSUFFICIENT,,True,,,,CURRENT_BAR_UNAVAILABLE,OBSERVATION_INSUFFICIENT,10,0,0,False,0,0,False,INHERITED_RAW_PRICE_BASIS,False,False
2025-07-25|70620,2025-07-25,70620,11:00,15:00,180,UNAVAILABLE,0,5,,,SCALE_INSUFFICIENT,,True,,,,CURRENT_BAR_UNAVAILABLE,OBSERVATION_INSUFFICIENT,8,0,0,False,0,0,False,INHERITED_RAW_PRICE_BASIS,False,False
2025-07-25|70620,2025-07-25,70620,11:00,15:05,185,UNAVAILABLE,0,5,,,SCALE_INSUFFICIENT,,True,,,,CURRENT_BAR_UNAVAILABLE,OBSERVATION_INSUFFICIENT,8,0,0,False,0,0,False,INHERITED_RAW_PRICE_BASIS,False,False
2025-07-25|70620,2025-07-25,70620,11:00,15:10,190,PARTIAL,2,3,,,SCALE_INSUFFICIENT,,True,,,,SCALE_UNAVAILABLE,OBSERVATION_INSUFFICIENT,10,0,0,False,0,0,False,INHERITED_RAW_PRICE_BASIS,False,False
2025-07-25|70620,2025-07-25,70620,11:00,15:15,195,UNAVAILABLE,0,5,,,SCALE_INSUFFICIENT,,True,,,,CURRENT_BAR_UNAVAILABLE,OBSERVATION_INSUFFICIENT,9,0,0,False,0,0,False,INHERITED_RAW_PRICE_BASIS,False,False
2025-07-25|70620,2025-07-25,70620,11:00,15:20,200,UNAVAILABLE,0,5,,,SCALE_INSUFFICIENT,,True,,,,CURRENT_BAR_UNAVAILABLE,RIGHT_CENSORED,4,0,0,False,0,0,False,INHERITED_RAW_PRICE_BASIS,False,False
2025-07-25|70620,2025-07-25,70620,11:00,15:25,205,PARTIAL,1,4,,,SCALE_INSUFFICIENT,,True,,,,CURRENT_BAR_UNAVAILABLE,RIGHT_CENSORED,0,0,0,False,0,0,False,INHERITED_RAW_PRICE_BASIS,False,False
2025-07-25|70670,2025-07-25,70670,10:00,10:00,0,COMPLETE,5,0,DOWN,-0.22539444027047334,SCALE_INSUFFICIENT,,True,,,,SCALE_UNAVAILABLE,WINDOW_OBSERVED,0,0,0,False,0,0,False,INHERITED_RAW_PRICE_BASIS,False,False
2025-07-25|70670,2025-07-25,70670,10:00,10:05,5,COMPLETE,5,0,DOWN,-0.07530120481927711,SCALE_INSUFFICIENT,,True,,,RANGE_EXPANSION|VOLUME_EXPANSION|TRADING_VALUE_EXPANSION,SCALE_UNAVAILABLE,WINDOW_OBSERVED,0,0,0,False,0,0,False,INHERITED_RAW_PRICE_BASIS,True,False
2025-07-25|70670,2025-07-25,70670,10:00,10:10,10,COMPLETE,5,0,UP,0.37678975131876413,SCALE_INSUFFICIENT,,True,,,VOLUME_COMPRESSION|TRADING_VALUE_COMPRESSION,SCALE_UNAVAILABLE,WINDOW_OBSERVED,0,0,0,False,0,0,False,INHERITED_RAW_PRICE_BASIS,True,False
2025-07-25|70670,2025-07-25,70670,10:00,10:15,15,COMPLETE,5,0,DOWN,-1.9548872180451127,SCALE_INSUFFICIENT,,True,,,RANGE_EXPANSION|VOLUME_EXPANSION|TRADING_VALUE_EXPANSION,SCALE_UNAVAILABLE,WINDOW_OBSERVED,0,0,0,False,0,0,False,INHERITED_RAW_PRICE_BASIS,True,False
2025-07-25|70670,2025-07-25,70670,10:00,10:20,20,COMPLETE,5,0,DOWN,-2.8374233128834354,SCALE_INSUFFICIENT,,True,,,RANGE_EXPANSION|VOLUME_EXPANSION|TRADING_VALUE_EXPANSION,SCALE_UNAVAILABLE,WINDOW_OBSERVED,0,0,0,False,1,1,False,INHERITED_RAW_PRICE_BASIS,True,False
2025-07-25|70670,2025-07-25,70670,10:00,10:25,25,COMPLETE,5,0,DOWN,-0.5524861878453039,SCALE_INSUFFICIENT,,True,,,RANGE_COMPRESSION|VOLUME_COMPRESSION|TRADING_VALUE_COMPRESSION,SCALE_UNAVAILABLE,OBSERVATION_INSUFFICIENT,1,0,0,False,0,0,False,INHERITED_RAW_PRICE_BASIS,True,False
2025-07-25|70670,2025-07-25,70670,10:00,10:30,30,COMPLETE,5,0,DOWN,-3.1746031746031744,SCALE_INSUFFICIENT,,True,,,RANGE_EXPANSION|VOLUME_EXPANSION|TRADING_VALUE_EXPANSION,SCALE_UNAVAILABLE,OBSERVATION_INSUFFICIENT,1,0,0,False,1,1,False,INHERITED_RAW_PRICE_BASIS,True,False
2025-07-25|70670,2025-07-25,70670,10:00,10:35,35,PARTIAL,4,1,,,SCALE_INSUFFICIENT,,True,,,,CURRENT_BAR_UNAVAILABLE,WINDOW_OBSERVED,0,0,0,False,0,1,False,INHERITED_RAW_PRICE_BASIS,False,False
2025-07-25|70670,2025-07-25,70670,10:00,10:40,40,COMPLETE,5,0,UP,0.0823045267489712,SCALE_INSUFFICIENT,,True,,,,SCALE_UNAVAILABLE,WINDOW_OBSERVED,0,0,0,False,3,3,False,INHERITED_RAW_PRICE_BASIS,False,False
2025-07-25|70670,2025-07-25,70670,10:00,10:45,45,COMPLETE,5,0,UP,3.0327868852459017,SCALE_INSUFFICIENT,,True,,,RANGE_EXPANSION|VOLUME_EXPANSION|TRADING_VALUE_EXPANSION,SCALE_UNAVAILABLE,WINDOW_OBSERVED,0,0,0,False,0,0,False,INHERITED_RAW_PRICE_BASIS,True,False
2025-07-25|70670,2025-07-25,70670,10:00,10:50,50,COMPLETE,5,0,UP,4.0,SCALE_INSUFFICIENT,,True,,,VOLUME_EXPANSION|TRADING_VALUE_EXPANSION,SCALE_UNAVAILABLE,OBSERVATION_INSUFFICIENT,1,0,0,False,0,0,False,INHERITED_RAW_PRICE_BASIS,True,False
2025-07-25|70670,2025-07-25,70670,10:00,10:55,55,COMPLETE,5,0,DOWN,-2.471042471042471,SCALE_INSUFFICIENT,,True,,,RANGE_COMPRESSION|VOLUME_COMPRESSION|TRADING_VALUE_COMPRESSION,SCALE_UNAVAILABLE,OBSERVATION_INSUFFICIENT,1,0,0,False,0,0,False,INHERITED_RAW_PRICE_BASIS,True,False
2025-07-25|70670,2025-07-25,70670,10:00,11:00,60,PARTIAL,4,1,,,SCALE_INSUFFICIENT,,True,,,,SCALE_UNAVAILABLE,WINDOW_OBSERVED,0,0,0,False,0,0,False,INHERITED_RAW_PRICE_BASIS,False,False
2025-07-25|70670,2025-07-25,70670,10:00,11:05,65,COMPLETE,5,0,DOWN,-1.0492332526230832,SCALE_INSUFFICIENT,,True,,,,SCALE_UNAVAILABLE,WINDOW_OBSERVED,0,0,0,False,0,0,False,INHERITED_RAW_PRICE_BASIS,False,False
2025-07-25|70670,2025-07-25,70670,10:00,11:10,70,COMPLETE,5,0,UP,3.4930950446791225,SCALE_INSUFFICIENT,,True,,,RANGE_EXPANSION|VOLUME_EXPANSION|TRADING_VALUE_EXPANSION,SCALE_UNAVAILABLE,OBSERVATION_INSUFFICIENT,3,0,0,False,0,0,False,INHERITED_RAW_PRICE_BASIS,True,False
2025-07-25|70670,2025-07-25,70670,10:00,11:15,75,COMPLETE,5,0,DOWN,-0.3139717425431711,SCALE_INSUFFICIENT,,True,,,RANGE_COMPRESSION|VOLUME_COMPRESSION|TRADING_VALUE_COMPRESSION,SCALE_UNAVAILABLE,OBSERVATION_INSUFFICIENT,4,0,0,False,0,0,False,INHERITED_RAW_PRICE_BASIS,True,False
2025-07-25|70670,2025-07-25,70670,10:00,11:20,80,PARTIAL,2,3,,,SCALE_INSUFFICIENT,,True,,,,SCALE_UNAVAILABLE,OBSERVATION_INSUFFICIENT,2,0,0,False,0,0,False,INHERITED_RAW_PRICE_BASIS,False,False
2025-07-25|70670,2025-07-25,70670,10:00,11:25,85,PARTIAL,4,1,,,SCALE_INSUFFICIENT,,True,,,,CURRENT_BAR_UNAVAILABLE,OBSERVATION_INSUFFICIENT,1,0,0,False,0,0,False,INHERITED_RAW_PRICE_BASIS,False,False
2025-07-25|70670,2025-07-25,70670,10:00,11:30,90,PARTIAL,4,1,,,SCALE_INSUFFICIENT,,True,,,,SCALE_UNAVAILABLE,WINDOW_OBSERVED,0,0,0,False,0,0,False,INHERITED_RAW_PRICE_BASIS,False,False
2025-07-25|70670,2025-07-25,70670,10:00,12:35,95,COMPLETE,5,0,DOWN,-1.1281224818694602,SCALE_INSUFFICIENT,,True,,,,SCALE_UNAVAILABLE,OBSERVATION_INSUFFICIENT,1,0,0,False,0,0,False,INHERITED_RAW_PRICE_BASIS,False,False
2025-07-25|70670,2025-07-25,70670,10:00,12:40,100,COMPLETE,5,0,UP,1.868399675060926,SCALE_INSUFFICIENT,,True,,,VOLUME_COMPRESSION|TRADING_VALUE_COMPRESSION,SCALE_UNAVAILABLE,OBSERVATION_INSUFFICIENT,3,0,0,False,0,0,False,INHERITED_RAW_PRICE_BASIS,True,False
2025-07-25|70670,2025-07-25,70670,10:00,12:45,105,PARTIAL,4,1,,,SCALE_INSUFFICIENT,,True,,,,SCALE_UNAVAILABLE,OBSERVATION_INSUFFICIENT,3,0,0,False,0,0,False,INHERITED_RAW_PRICE_BASIS,False,False
2025-07-25|70670,2025-07-25,70670,10:00,12:50,110,PARTIAL,3,2,,,SCALE_INSUFFICIENT,,True,,,,SCALE_UNAVAILABLE,OBSERVATION_INSUFFICIENT,3,0,0,False,0,0,False,INHERITED_RAW_PRICE_BASIS,False,False
2025-07-25|70670,2025-07-25,70670,10:00,12:55,115,PARTIAL,4,1,,,SCALE_INSUFFICIENT,,True,,,,CURRENT_BAR_UNAVAILABLE,OBSERVATION_INSUFFICIENT,5,0,0,False,0,0,False,INHERITED_RAW_PRICE_BASIS,False,False
2025-07-25|70670,2025-07-25,70670,10:00,13:00,120,PARTIAL,3,2,,,SCALE_INSUFFICIENT,,True,,,,SCALE_UNAVAILABLE,OBSERVATION_INSUFFICIENT,4,0,0,False,0,0,False,INHERITED_RAW_PRICE_BASIS,False,False
2025-07-25|70670,2025-07-25,70670,10:00,13:05,125,PARTIAL,2,3,,,SCALE_INSUFFICIENT,,True,,,,SCALE_UNAVAILABLE,OBSERVATION_INSUFFICIENT,1,0,0,False,0,0,False,INHERITED_RAW_PRICE_BASIS,False,False
2025-07-25|70670,2025-07-25,70670,10:00,13:10,130,PARTIAL,4,1,,,SCALE_INSUFFICIENT,,True,,,,SCALE_UNAVAILABLE,WINDOW_OBSERVED,0,0,0,False,0,0,False,INHERITED_RAW_PRICE_BASIS,False,False
2025-07-25|70670,2025-07-25,70670,10:00,13:15,135,COMPLETE,5,0,UP,1.0342084327764518,SCALE_INSUFFICIENT,,True,,,,SCALE_UNAVAILABLE,WINDOW_OBSERVED,0,0,0,False,0,0,False,INHERITED_RAW_PRICE_BASIS,False,False
2025-07-25|70670,2025-07-25,70670,10:00,13:20,140,COMPLETE,5,0,UP,3.068450039339103,SCALE_INSUFFICIENT,,True,,,VOLUME_COMPRESSION|TRADING_VALUE_COMPRESSION,SCALE_UNAVAILABLE,OBSERVATION_INSUFFICIENT,1,0,0,False,0,0,False,INHERITED_RAW_PRICE_BASIS,True,False
2025-07-25|70670,2025-07-25,70670,10:00,13:25,145,COMPLETE,5,0,DOWN,-1.3750954927425516,SCALE_INSUFFICIENT,,True,,,VOLUME_EXPANSION|TRADING_VALUE_EXPANSION,SCALE_UNAVAILABLE,OBSERVATION_INSUFFICIENT,2,0,0,False,0,0,False,INHERITED_RAW_PRICE_BASIS,True,False
2025-07-25|70670,2025-07-25,70670,10:00,13:30,150,PARTIAL,4,1,,,SCALE_INSUFFICIENT,,True,,,,SCALE_UNAVAILABLE,OBSERVATION_INSUFFICIENT,3,0,0,False,0,0,False,INHERITED_RAW_PRICE_BASIS,False,False
2025-07-25|70670,2025-07-25,70670,10:00,13:35,155,PARTIAL,4,1,,,SCALE_INSUFFICIENT,,True,,,,SCALE_UNAVAILABLE,OBSERVATION_INSUFFICIENT,3,0,0,False,0,0,False,INHERITED_RAW_PRICE_BASIS,False,False
2025-07-25|70670,2025-07-25,70670,10:00,13:40,160,PARTIAL,3,2,,,SCALE_INSUFFICIENT,,True,,,,SCALE_UNAVAILABLE,OBSERVATION_INSUFFICIENT,2,0,0,False,0,0,False,INHERITED_RAW_PRICE_BASIS,False,False
2025-07-25|70670,2025-07-25,70670,10:00,13:45,165,PARTIAL,4,1,,,SCALE_INSUFFICIENT,,True,,,,SCALE_UNAVAILABLE,OBSERVATION_INSUFFICIENT,1,0,0,False,0,0,False,INHERITED_RAW_PRICE_BASIS,False,False
2025-07-25|70670,2025-07-25,70670,10:00,13:50,170,PARTIAL,4,1,,,SCALE_INSUFFICIENT,,True,,,,SCALE_UNAVAILABLE,OBSERVATION_INSUFFICIENT,1,0,0,False,0,0,False,INHERITED_RAW_PRICE_BASIS,False,False
2025-07-25|70670,2025-07-25,70670,10:00,13:55,175,COMPLETE,5,0,DOWN,-2.766798418972332,SCALE_INSUFFICIENT,,True,,,,SCALE_UNAVAILABLE,OBSERVATION_INSUFFICIENT,1,0,0,False,0,0,False,INHERITED_RAW_PRICE_BASIS,False,False
2025-07-25|70670,2025-07-25,70670,10:00,14:00,180,PARTIAL,4,1,,,SCALE_INSUFFICIENT,,True,,,,CURRENT_BAR_UNAVAILABLE,OBSERVATION_INSUFFICIENT,2,0,0,False,0,0,False,INHERITED_RAW_PRICE_BASIS,False,False
2025-07-25|70670,2025-07-25,70670,10:00,14:05,185,COMPLETE,5,0,UP,0.48426150121065376,SCALE_INSUFFICIENT,,True,,,,SCALE_UNAVAILABLE,OBSERVATION_INSUFFICIENT,3,0,0,False,0,0,False,INHERITED_RAW_PRICE_BASIS,False,False
2025-07-25|70670,2025-07-25,70670,10:00,14:10,190,PARTIAL,3,2,,,SCALE_INSUFFICIENT,,True,,,,CURRENT_BAR_UNAVAILABLE,OBSERVATION_INSUFFICIENT,4,0,0,False,0,0,False,INHERITED_RAW_PRICE_BASIS,False,False
2025-07-25|70670,2025-07-25,70670,10:00,14:15,195,PARTIAL,4,1,,,SCALE_INSUFFICIENT,,True,,,,SCALE_UNAVAILABLE,OBSERVATION_INSUFFICIENT,6,0,0,False,0,0,False,INHERITED_RAW_PRICE_BASIS,False,False
2025-07-25|70670,2025-07-25,70670,10:00,14:20,200,PARTIAL,2,3,,,SCALE_INSUFFICIENT,,True,,,,CURRENT_BAR_UNAVAILABLE,OBSERVATION_INSUFFICIENT,4,0,0,False,0,0,False,INHERITED_RAW_PRICE_BASIS,False,False
2025-07-25|70670,2025-07-25,70670,10:00,14:25,205,PARTIAL,2,3,,,SCALE_INSUFFICIENT,,True,,,,CURRENT_BAR_UNAVAILABLE,OBSERVATION_INSUFFICIENT,3,0,0,False,0,0,False,INHERITED_RAW_PRICE_BASIS,False,False
2025-07-25|70670,2025-07-25,70670,10:00,14:30,210,PARTIAL,4,1,,,SCALE_INSUFFICIENT,,True,,,,SCALE_UNAVAILABLE,OBSERVATION_INSUFFICIENT,3,0,0,False,0,0,False,INHERITED_RAW_PRICE_BASIS,False,False
2025-07-25|70670,2025-07-25,70670,10:00,14:35,215,PARTIAL,3,2,,,SCALE_INSUFFICIENT,,True,,,,CURRENT_BAR_UNAVAILABLE,OBSERVATION_INSUFFICIENT,2,0,0,False,0,0,False,INHERITED_RAW_PRICE_BASIS,False,False
2025-07-25|70670,2025-07-25,70670,10:00,14:40,220,PARTIAL,4,1,,,SCALE_INSUFFICIENT,,True,,,,SCALE_UNAVAILABLE,OBSERVATION_INSUFFICIENT,2,0,0,False,0,0,False,INHERITED_RAW_PRICE_BASIS,False,False
2025-07-25|70670,2025-07-25,70670,10:00,14:45,225,PARTIAL,4,1,,,SCALE_INSUFFICIENT,,True,,,,SCALE_UNAVAILABLE,OBSERVATION_INSUFFICIENT,3,0,0,False,0,0,False,INHERITED_RAW_PRICE_BASIS,False,False
2025-07-25|70670,2025-07-25,70670,10:00,14:50,230,PARTIAL,4,1,,,SCALE_INSUFFICIENT,,True,,,,SCALE_UNAVAILABLE,OBSERVATION_INSUFFICIENT,5,0,0,False,1,0,False,INHERITED_RAW_PRICE_BASIS,False,False
2025-07-25|70670,2025-07-25,70670,10:00,14:55,235,PARTIAL,3,2,,,SCALE_INSUFFICIENT,,True,,,,SCALE_UNAVAILABLE,OBSERVATION_INSUFFICIENT,6,0,0,False,0,0,False,INHERITED_RAW_PRICE_BASIS,False,False
2025-07-25|70670,2025-07-25,70670,10:00,15:00,240,PARTIAL,2,3,,,SCALE_INSUFFICIENT,,True,,,,CURRENT_BAR_UNAVAILABLE,OBSERVATION_INSUFFICIENT,3,0,0,False,0,0,False,INHERITED_RAW_PRICE_BASIS,False,False
2025-07-25|70670,2025-07-25,70670,10:00,15:05,245,PARTIAL,2,3,,,SCALE_INSUFFICIENT,,True,,,,SCALE_UNAVAILABLE,WINDOW_OBSERVED,0,0,0,False,0,0,False,INHERITED_RAW_PRICE_BASIS,False,False
2025-07-25|70670,2025-07-25,70670,10:00,15:10,250,COMPLETE,5,0,DOWN,-1.913477537437604,SCALE_INSUFFICIENT,,True,,,,SCALE_UNAVAILABLE,WINDOW_OBSERVED,0,0,0,False,1,1,False,INHERITED_RAW_PRICE_BASIS,False,False
2025-07-25|70670,2025-07-25,70670,10:00,15:15,255,COMPLETE,5,0,UP,0.5998286203941731,SCALE_INSUFFICIENT,,True,,,RANGE_COMPRESSION|VOLUME_COMPRESSION|TRADING_VALUE_COMPRESSION,SCALE_UNAVAILABLE,WINDOW_OBSERVED,0,0,0,False,0,0,False,INHERITED_RAW_PRICE_BASIS,True,False
2025-07-25|70670,2025-07-25,70670,10:00,15:20,260,COMPLETE,5,0,UP,0.5967604433077579,SCALE_INSUFFICIENT,,True,,,,SCALE_UNAVAILABLE,RIGHT_CENSORED,0,0,0,False,0,0,False,INHERITED_RAW_PRICE_BASIS,True,False
2025-07-25|70670,2025-07-25,70670,10:00,15:25,265,COMPLETE,5,0,UP,1.8612521150592216,SCALE_INSUFFICIENT,,True,,,RANGE_EXPANSION|VOLUME_EXPANSION|TRADING_VALUE_EXPANSION,SCALE_UNAVAILABLE,RIGHT_CENSORED,0,0,0,False,0,0,False,INHERITED_RAW_PRICE_BASIS,True,False
2025-07-25|75000,2025-07-25,75000,11:30,11:30,0,UNAVAILABLE,0,5,,,SCALE_INSUFFICIENT,,False,,,,CURRENT_BAR_UNAVAILABLE,OBSERVATION_INSUFFICIENT,9,0,0,False,0,0,False,INHERITED_RAW_PRICE_BASIS,False,False
2025-07-25|75000,2025-07-25,75000,11:30,12:35,5,PARTIAL,1,4,,,SCALE_INSUFFICIENT,,False,,,,CURRENT_BAR_UNAVAILABLE,OBSERVATION_INSUFFICIENT,10,0,0,False,0,0,False,INHERITED_RAW_PRICE_BASIS,False,False
2025-07-25|75000,2025-07-25,75000,11:30,12:40,10,UNAVAILABLE,0,5,,,SCALE_INSUFFICIENT,,False,,,,CURRENT_BAR_UNAVAILABLE,OBSERVATION_INSUFFICIENT,10,0,0,False,0,0,False,INHERITED_RAW_PRICE_BASIS,False,False
2025-07-25|75000,2025-07-25,75000,11:30,12:45,15,UNAVAILABLE,0,5,,,SCALE_INSUFFICIENT,,False,,,,CURRENT_BAR_UNAVAILABLE,OBSERVATION_INSUFFICIENT,10,0,0,False,0,0,False,INHERITED_RAW_PRICE_BASIS,False,False
2025-07-25|75000,2025-07-25,75000,11:30,12:50,20,UNAVAILABLE,0,5,,,SCALE_INSUFFICIENT,,False,,,,CURRENT_BAR_UNAVAILABLE,OBSERVATION_INSUFFICIENT,10,0,0,False,0,0,False,INHERITED_RAW_PRICE_BASIS,False,False
2025-07-25|75000,2025-07-25,75000,11:30,12:55,25,UNAVAILABLE,0,5,,,SCALE_INSUFFICIENT,,False,,,,CURRENT_BAR_UNAVAILABLE,OBSERVATION_INSUFFICIENT,10,0,0,False,0,0,False,INHERITED_RAW_PRICE_BASIS,False,False
2025-07-25|75000,2025-07-25,75000,11:30,13:00,30,UNAVAILABLE,0,5,,,SCALE_INSUFFICIENT,,False,,,,CURRENT_BAR_UNAVAILABLE,OBSERVATION_INSUFFICIENT,10,0,0,False,0,0,False,INHERITED_RAW_PRICE_BASIS,False,False
2025-07-25|75000,2025-07-25,75000,11:30,13:05,35,UNAVAILABLE,0,5,,,SCALE_INSUFFICIENT,,False,,,,CURRENT_BAR_UNAVAILABLE,OBSERVATION_INSUFFICIENT,10,0,0,False,0,0,False,INHERITED_RAW_PRICE_BASIS,False,False
2025-07-25|75000,2025-07-25,75000,11:30,13:10,40,UNAVAILABLE,0,5,,,SCALE_INSUFFICIENT,,False,,,,CURRENT_BAR_UNAVAILABLE,OBSERVATION_INSUFFICIENT,10,0,0,False,0,0,False,INHERITED_RAW_PRICE_BASIS,False,False
2025-07-25|75000,2025-07-25,75000,11:30,13:15,45,UNAVAILABLE,0,5,,,SCALE_INSUFFICIENT,,False,,,,CURRENT_BAR_UNAVAILABLE,OBSERVATION_INSUFFICIENT,10,0,0,False,0,0,False,INHERITED_RAW_PRICE_BASIS,False,False
2025-07-25|75000,2025-07-25,75000,11:30,13:20,50,UNAVAILABLE,0,5,,,SCALE_INSUFFICIENT,,False,,,,CURRENT_BAR_UNAVAILABLE,OBSERVATION_INSUFFICIENT,9,0,0,False,0,0,False,INHERITED_RAW_PRICE_BASIS,False,False
2025-07-25|75000,2025-07-25,75000,11:30,13:25,55,UNAVAILABLE,0,5,,,SCALE_INSUFFICIENT,,False,,,,CURRENT_BAR_UNAVAILABLE,OBSERVATION_INSUFFICIENT,9,0,0,False,0,0,False,INHERITED_RAW_PRICE_BASIS,False,False
2025-07-25|75000,2025-07-25,75000,11:30,13:30,60,PARTIAL,1,4,,,SCALE_INSUFFICIENT,,False,,,,CURRENT_BAR_UNAVAILABLE,OBSERVATION_INSUFFICIENT,10,0,0,False,0,0,False,INHERITED_RAW_PRICE_BASIS,False,False
2025-07-25|75000,2025-07-25,75000,11:30,13:35,65,UNAVAILABLE,0,5,,,SCALE_INSUFFICIENT,,False,,,,CURRENT_BAR_UNAVAILABLE,OBSERVATION_INSUFFICIENT,10,0,0,False,0,0,False,INHERITED_RAW_PRICE_BASIS,False,False
2025-07-25|75000,2025-07-25,75000,11:30,13:40,70,UNAVAILABLE,0,5,,,SCALE_INSUFFICIENT,,False,,,,CURRENT_BAR_UNAVAILABLE,OBSERVATION_INSUFFICIENT,10,0,0,False,0,0,False,INHERITED_RAW_PRICE_BASIS,False,False
2025-07-25|75000,2025-07-25,75000,11:30,13:45,75,UNAVAILABLE,0,5,,,SCALE_INSUFFICIENT,,False,,,,CURRENT_BAR_UNAVAILABLE,OBSERVATION_INSUFFICIENT,10,0,0,False,0,0,False,INHERITED_RAW_PRICE_BASIS,False,False
2025-07-25|75000,2025-07-25,75000,11:30,13:50,80,UNAVAILABLE,0,5,,,SCALE_INSUFFICIENT,,False,,,,CURRENT_BAR_UNAVAILABLE,OBSERVATION_INSUFFICIENT,10,0,0,False,0,0,False,INHERITED_RAW_PRICE_BASIS,False,False
2025-07-25|75000,2025-07-25,75000,11:30,13:55,85,UNAVAILABLE,0,5,,,SCALE_INSUFFICIENT,,False,,,,CURRENT_BAR_UNAVAILABLE,OBSERVATION_INSUFFICIENT,10,0,0,False,0,0,False,INHERITED_RAW_PRICE_BASIS,False,False
2025-07-25|75000,2025-07-25,75000,11:30,14:00,90,UNAVAILABLE,0,5,,,SCALE_INSUFFICIENT,,False,,,,CURRENT_BAR_UNAVAILABLE,OBSERVATION_INSUFFICIENT,10,0,0,False,0,0,False,INHERITED_RAW_PRICE_BASIS,False,False
2025-07-25|75000,2025-07-25,75000,11:30,14:05,95,UNAVAILABLE,0,5,,,SCALE_INSUFFICIENT,,False,,,,CURRENT_BAR_UNAVAILABLE,OBSERVATION_INSUFFICIENT,9,0,0,False,0,0,False,INHERITED_RAW_PRICE_BASIS,False,False
2025-07-25|75000,2025-07-25,75000,11:30,14:10,100,UNAVAILABLE,0,5,,,SCALE_INSUFFICIENT,,False,,,,CURRENT_BAR_UNAVAILABLE,OBSERVATION_INSUFFICIENT,9,0,0,False,0,0,False,INHERITED_RAW_PRICE_BASIS,False,False
2025-07-25|75000,2025-07-25,75000,11:30,14:15,105,PARTIAL,1,4,,,SCALE_INSUFFICIENT,,False,,,,CURRENT_BAR_UNAVAILABLE,OBSERVATION_INSUFFICIENT,10,0,0,False,0,0,False,INHERITED_RAW_PRICE_BASIS,False,False
2025-07-25|75000,2025-07-25,75000,11:30,14:20,110,UNAVAILABLE,0,5,,,SCALE_INSUFFICIENT,,False,,,,CURRENT_BAR_UNAVAILABLE,OBSERVATION_INSUFFICIENT,10,0,0,False,0,0,False,INHERITED_RAW_PRICE_BASIS,False,False
2025-07-25|75000,2025-07-25,75000,11:30,14:25,115,UNAVAILABLE,0,5,,,SCALE_INSUFFICIENT,,False,,,,CURRENT_BAR_UNAVAILABLE,OBSERVATION_INSUFFICIENT,10,0,0,False,0,0,False,INHERITED_RAW_PRICE_BASIS,False,False
2025-07-25|75000,2025-07-25,75000,11:30,14:30,120,UNAVAILABLE,0,5,,,SCALE_INSUFFICIENT,,False,,,,CURRENT_BAR_UNAVAILABLE,OBSERVATION_INSUFFICIENT,10,0,0,False,0,0,False,INHERITED_RAW_PRICE_BASIS,False,False
2025-07-25|75000,2025-07-25,75000,11:30,14:35,125,UNAVAILABLE,0,5,,,SCALE_INSUFFICIENT,,False,,,,CURRENT_BAR_UNAVAILABLE,OBSERVATION_INSUFFICIENT,10,0,0,False,0,0,False,INHERITED_RAW_PRICE_BASIS,False,False
2025-07-25|75000,2025-07-25,75000,11:30,14:40,130,UNAVAILABLE,0,5,,,SCALE_INSUFFICIENT,,False,,,,CURRENT_BAR_UNAVAILABLE,OBSERVATION_INSUFFICIENT,10,0,0,False,0,0,False,INHERITED_RAW_PRICE_BASIS,False,False
2025-07-25|75000,2025-07-25,75000,11:30,14:45,135,UNAVAILABLE,0,5,,,SCALE_INSUFFICIENT,,False,,,,CURRENT_BAR_UNAVAILABLE,OBSERVATION_INSUFFICIENT,10,0,0,False,0,0,False,INHERITED_RAW_PRICE_BASIS,False,False
2025-07-25|75000,2025-07-25,75000,11:30,14:50,140,UNAVAILABLE,0,5,,,SCALE_INSUFFICIENT,,False,,,,CURRENT_BAR_UNAVAILABLE,OBSERVATION_INSUFFICIENT,10,0,0,False,0,0,False,INHERITED_RAW_PRICE_BASIS,False,False
2025-07-25|75000,2025-07-25,75000,11:30,14:55,145,UNAVAILABLE,0,5,,,SCALE_INSUFFICIENT,,False,,,,CURRENT_BAR_UNAVAILABLE,OBSERVATION_INSUFFICIENT,10,0,0,False,0,0,False,INHERITED_RAW_PRICE_BASIS,False,False
2025-07-25|75000,2025-07-25,75000,11:30,15:00,150,UNAVAILABLE,0,5,,,SCALE_INSUFFICIENT,,False,,,,CURRENT_BAR_UNAVAILABLE,OBSERVATION_INSUFFICIENT,10,0,0,False,0,0,False,INHERITED_RAW_PRICE_BASIS,False,False
2025-07-25|75000,2025-07-25,75000,11:30,15:05,155,UNAVAILABLE,0,5,,,SCALE_INSUFFICIENT,,False,,,,CURRENT_BAR_UNAVAILABLE,OBSERVATION_INSUFFICIENT,10,0,0,False,0,0,False,INHERITED_RAW_PRICE_BASIS,False,False
2025-07-25|75000,2025-07-25,75000,11:30,15:10,160,UNAVAILABLE,0,5,,,SCALE_INSUFFICIENT,,False,,,,CURRENT_BAR_UNAVAILABLE,OBSERVATION_INSUFFICIENT,10,0,0,False,0,0,False,INHERITED_RAW_PRICE_BASIS,False,False
2025-07-25|75000,2025-07-25,75000,11:30,15:15,165,UNAVAILABLE,0,5,,,SCALE_INSUFFICIENT,,False,,,,CURRENT_BAR_UNAVAILABLE,OBSERVATION_INSUFFICIENT,10,0,0,False,0,0,False,INHERITED_RAW_PRICE_BASIS,False,False
2025-07-25|75000,2025-07-25,75000,11:30,15:20,170,UNAVAILABLE,0,5,,,SCALE_INSUFFICIENT,,False,,,,CURRENT_BAR_UNAVAILABLE,RIGHT_CENSORED,5,0,0,False,0,0,False,INHERITED_RAW_PRICE_BASIS,False,False
2025-07-25|75000,2025-07-25,75000,11:30,15:25,175,UNAVAILABLE,0,5,,,SCALE_INSUFFICIENT,,False,,,,CURRENT_BAR_UNAVAILABLE,RIGHT_CENSORED,0,0,0,False,0,0,False,INHERITED_RAW_PRICE_BASIS,False,False
2025-07-25|76430,2025-07-25,76430,14:30,14:30,0,PARTIAL,1,4,,,SCALE_INSUFFICIENT,,True,,,,CURRENT_BAR_UNAVAILABLE,OBSERVATION_INSUFFICIENT,10,0,0,False,0,0,False,INHERITED_RAW_PRICE_BASIS,False,False
2025-07-25|76430,2025-07-25,76430,14:30,14:35,5,UNAVAILABLE,0,5,,,SCALE_INSUFFICIENT,,True,,,,CURRENT_BAR_UNAVAILABLE,OBSERVATION_INSUFFICIENT,10,0,0,False,0,0,False,INHERITED_RAW_PRICE_BASIS,False,False
2025-07-25|76430,2025-07-25,76430,14:30,14:40,10,UNAVAILABLE,0,5,,,SCALE_INSUFFICIENT,,True,,,,CURRENT_BAR_UNAVAILABLE,OBSERVATION_INSUFFICIENT,10,0,0,False,0,0,False,INHERITED_RAW_PRICE_BASIS,False,False
2025-07-25|76430,2025-07-25,76430,14:30,14:45,15,UNAVAILABLE,0,5,,,SCALE_INSUFFICIENT,,True,,,,CURRENT_BAR_UNAVAILABLE,OBSERVATION_INSUFFICIENT,10,0,0,False,0,0,False,INHERITED_RAW_PRICE_BASIS,False,False
2025-07-25|76430,2025-07-25,76430,14:30,14:50,20,UNAVAILABLE,0,5,,,SCALE_INSUFFICIENT,,True,,,,CURRENT_BAR_UNAVAILABLE,OBSERVATION_INSUFFICIENT,10,0,0,False,0,0,False,INHERITED_RAW_PRICE_BASIS,False,False
2025-07-25|76430,2025-07-25,76430,14:30,14:55,25,UNAVAILABLE,0,5,,,SCALE_INSUFFICIENT,,True,,,,CURRENT_BAR_UNAVAILABLE,OBSERVATION_INSUFFICIENT,9,0,0,False,0,0,False,INHERITED_RAW_PRICE_BASIS,False,False
2025-07-25|76430,2025-07-25,76430,14:30,15:00,30,UNAVAILABLE,0,5,,,SCALE_INSUFFICIENT,,True,,,,CURRENT_BAR_UNAVAILABLE,OBSERVATION_INSUFFICIENT,6,0,0,False,0,0,False,INHERITED_RAW_PRICE_BASIS,False,False
2025-07-25|76430,2025-07-25,76430,14:30,15:05,35,PARTIAL,1,4,,,SCALE_INSUFFICIENT,,True,,,,SCALE_UNAVAILABLE,OBSERVATION_INSUFFICIENT,7,0,0,False,0,0,False,INHERITED_RAW_PRICE_BASIS,False,False
2025-07-25|76430,2025-07-25,76430,14:30,15:10,40,PARTIAL,3,2,,,SCALE_INSUFFICIENT,,True,,,,SCALE_UNAVAILABLE,OBSERVATION_INSUFFICIENT,10,0,0,False,2,4,False,INHERITED_RAW_PRICE_BASIS,False,False
2025-07-25|76430,2025-07-25,76430,14:30,15:15,45,UNAVAILABLE,0,5,,,SCALE_INSUFFICIENT,,True,,,,CURRENT_BAR_UNAVAILABLE,OBSERVATION_INSUFFICIENT,6,0,0,False,0,0,False,INHERITED_RAW_PRICE_BASIS,False,False
2025-07-25|76430,2025-07-25,76430,14:30,15:20,50,UNAVAILABLE,0,5,,,SCALE_INSUFFICIENT,,True,,,,CURRENT_BAR_UNAVAILABLE,RIGHT_CENSORED,1,0,0,False,0,0,False,INHERITED_RAW_PRICE_BASIS,False,False
2025-07-25|76430,2025-07-25,76430,14:30,15:25,55,PARTIAL,4,1,,,SCALE_INSUFFICIENT,,True,,,,CURRENT_BAR_UNAVAILABLE,RIGHT_CENSORED,0,0,0,False,0,2,False,INHERITED_RAW_PRICE_BASIS,False,False
2025-07-25|76940,2025-07-25,76940,09:30,09:30,0,COMPLETE,5,0,DOWN,-0.7575757575757576,AVAILABLE,14.0,True,,,,UNRESOLVED_STRUCTURE,OBSERVATION_INSUFFICIENT,2,0,0,False,1,1,False,INHERITED_RAW_PRICE_BASIS,False,False
2025-07-25|76940,2025-07-25,76940,09:30,09:35,5,PARTIAL,3,2,,,AVAILABLE,14.0,True,,,,UNRESOLVED_STRUCTURE,OBSERVATION_INSUFFICIENT,2,1,1,False,1,0,False,INHERITED_RAW_PRICE_BASIS,False,False
2025-07-25|76940,2025-07-25,76940,09:30,09:40,10,COMPLETE,5,0,UP,0.8604206500956023,AVAILABLE,14.0,True,,,,UNRESOLVED_STRUCTURE,OBSERVATION_INSUFFICIENT,5,1,1,False,0,1,False,INHERITED_RAW_PRICE_BASIS,False,False
2025-07-25|76940,2025-07-25,76940,09:30,09:45,15,PARTIAL,3,2,,,AVAILABLE,14.0,True,,,,CURRENT_BAR_UNAVAILABLE,OBSERVATION_INSUFFICIENT,7,0,0,False,0,0,False,INHERITED_RAW_PRICE_BASIS,False,False
2025-07-25|76940,2025-07-25,76940,09:30,09:50,20,PARTIAL,2,3,,,AVAILABLE,14.0,True,,,,UNRESOLVED_STRUCTURE,OBSERVATION_INSUFFICIENT,8,0,0,False,0,0,False,INHERITED_RAW_PRICE_BASIS,False,False
2025-07-25|76940,2025-07-25,76940,09:30,09:55,25,PARTIAL,1,4,,,AVAILABLE,14.0,True,,,,CURRENT_BAR_UNAVAILABLE,OBSERVATION_INSUFFICIENT,7,0,0,False,0,0,False,INHERITED_RAW_PRICE_BASIS,False,False
2025-07-25|76940,2025-07-25,76940,09:30,10:00,30,PARTIAL,1,4,,,AVAILABLE,14.0,True,,,,CURRENT_BAR_UNAVAILABLE,OBSERVATION_INSUFFICIENT,8,0,0,False,0,0,False,INHERITED_RAW_PRICE_BASIS,False,False
2025-07-25|76940,2025-07-25,76940,09:30,10:05,35,PARTIAL,2,3,,,AVAILABLE,14.0,True,,,,UNRESOLVED_STRUCTURE,OBSERVATION_INSUFFICIENT,7,0,0,False,0,0,False,INHERITED_RAW_PRICE_BASIS,False,False
2025-07-25|76940,2025-07-25,76940,09:30,10:10,40,UNAVAILABLE,0,5,,,AVAILABLE,14.0,True,,,,CURRENT_BAR_UNAVAILABLE,OBSERVATION_INSUFFICIENT,3,0,0,False,0,0,False,INHERITED_RAW_PRICE_BASIS,False,False
2025-07-25|76940,2025-07-25,76940,09:30,10:15,45,PARTIAL,3,2,,,AVAILABLE,14.0,True,,,,UNRESOLVED_STRUCTURE,OBSERVATION_INSUFFICIENT,5,0,0,False,0,0,False,INHERITED_RAW_PRICE_BASIS,False,False
2025-07-25|76940,2025-07-25,76940,09:30,10:20,50,PARTIAL,4,1,,,AVAILABLE,14.0,True,,,,UNRESOLVED_STRUCTURE,OBSERVATION_INSUFFICIENT,7,0,0,False,0,0,False,INHERITED_RAW_PRICE_BASIS,False,False
2025-07-25|76940,2025-07-25,76940,09:30,10:25,55,PARTIAL,1,4,,,AVAILABLE,14.0,True,,,,CURRENT_BAR_UNAVAILABLE,OBSERVATION_INSUFFICIENT,8,0,0,False,0,0,False,INHERITED_RAW_PRICE_BASIS,False,False
2025-07-25|76940,2025-07-25,76940,09:30,10:30,60,PARTIAL,2,3,,,AVAILABLE,14.0,True,,,,CURRENT_BAR_UNAVAILABLE,OBSERVATION_INSUFFICIENT,9,0,0,False,0,0,False,INHERITED_RAW_PRICE_BASIS,False,False
2025-07-25|76940,2025-07-25,76940,09:30,10:35,65,UNAVAILABLE,0,5,,,AVAILABLE,14.0,True,,,,CURRENT_BAR_UNAVAILABLE,OBSERVATION_INSUFFICIENT,6,0,0,False,0,0,False,INHERITED_RAW_PRICE_BASIS,False,False
2025-07-25|76940,2025-07-25,76940,09:30,10:40,70,PARTIAL,1,4,,,AVAILABLE,14.0,True,,,,CURRENT_BAR_UNAVAILABLE,OBSERVATION_INSUFFICIENT,4,0,0,False,0,0,False,INHERITED_RAW_PRICE_BASIS,False,False
2025-07-25|76940,2025-07-25,76940,09:30,10:45,75,PARTIAL,3,2,,,AVAILABLE,14.0,True,,,,UNRESOLVED_STRUCTURE,OBSERVATION_INSUFFICIENT,4,0,0,False,0,0,False,INHERITED_RAW_PRICE_BASIS,False,False
2025-07-25|76940,2025-07-25,76940,09:30,10:50,80,PARTIAL,3,2,,,AVAILABLE,14.0,True,,,,UNRESOLVED_STRUCTURE,OBSERVATION_INSUFFICIENT,3,0,0,False,0,0,False,INHERITED_RAW_PRICE_BASIS,False,False
2025-07-25|76940,2025-07-25,76940,09:30,10:55,85,PARTIAL,3,2,,,AVAILABLE,14.0,True,,,,CURRENT_BAR_UNAVAILABLE,OBSERVATION_INSUFFICIENT,3,0,0,False,1,0,False,INHERITED_RAW_PRICE_BASIS,False,False
2025-07-25|76940,2025-07-25,76940,09:30,11:00,90,PARTIAL,4,1,,,AVAILABLE,14.0,True,,,,CURRENT_BAR_UNAVAILABLE,OBSERVATION_INSUFFICIENT,6,0,0,False,1,0,False,INHERITED_RAW_PRICE_BASIS,False,False
2025-07-25|76940,2025-07-25,76940,09:30,11:05,95,PARTIAL,3,2,,,AVAILABLE,14.0,True,,,,UNRESOLVED_STRUCTURE,OBSERVATION_INSUFFICIENT,8,0,0,False,0,0,False,INHERITED_RAW_PRICE_BASIS,False,False
2025-07-25|76940,2025-07-25,76940,09:30,11:10,100,PARTIAL,1,4,,,AVAILABLE,14.0,True,,,,UNRESOLVED_STRUCTURE,OBSERVATION_INSUFFICIENT,5,0,0,False,0,0,False,INHERITED_RAW_PRICE_BASIS,False,False
2025-07-25|76940,2025-07-25,76940,09:30,11:15,105,PARTIAL,1,4,,,AVAILABLE,14.0,True,,,,CURRENT_BAR_UNAVAILABLE,OBSERVATION_INSUFFICIENT,3,0,0,False,0,0,False,INHERITED_RAW_PRICE_BASIS,False,False
2025-07-25|76940,2025-07-25,76940,09:30,11:20,110,PARTIAL,4,1,,,AVAILABLE,14.0,True,,,,CURRENT_BAR_UNAVAILABLE,OBSERVATION_INSUFFICIENT,5,0,0,False,0,0,False,INHERITED_RAW_PRICE_BASIS,False,False
2025-07-25|76940,2025-07-25,76940,09:30,11:25,115,PARTIAL,3,2,,,AVAILABLE,14.0,True,,,,CURRENT_BAR_UNAVAILABLE,OBSERVATION_INSUFFICIENT,4,0,0,False,0,0,False,INHERITED_RAW_PRICE_BASIS,False,False
2025-07-25|76940,2025-07-25,76940,09:30,11:30,120,PARTIAL,2,3,,,AVAILABLE,14.0,True,,,,UNRESOLVED_STRUCTURE,OBSERVATION_INSUFFICIENT,3,0,0,False,0,0,False,INHERITED_RAW_PRICE_BASIS,False,False
2025-07-25|76940,2025-07-25,76940,09:30,12:35,125,PARTIAL,4,1,,,AVAILABLE,14.0,True,,,,UNRESOLVED_STRUCTURE,OBSERVATION_INSUFFICIENT,5,0,0,False,0,0,False,INHERITED_RAW_PRICE_BASIS,False,False
2025-07-25|76940,2025-07-25,76940,09:30,12:40,130,PARTIAL,3,2,,,AVAILABLE,14.0,True,,,,UNRESOLVED_STRUCTURE,OBSERVATION_INSUFFICIENT,6,0,0,False,0,0,False,INHERITED_RAW_PRICE_BASIS,False,False
2025-07-25|76940,2025-07-25,76940,09:30,12:45,135,PARTIAL,2,3,,,AVAILABLE,14.0,True,,,,CURRENT_BAR_UNAVAILABLE,OBSERVATION_INSUFFICIENT,5,0,0,False,0,0,False,INHERITED_RAW_PRICE_BASIS,False,False
2025-07-25|76940,2025-07-25,76940,09:30,12:50,140,PARTIAL,2,3,,,AVAILABLE,14.0,True,,,,CURRENT_BAR_UNAVAILABLE,OBSERVATION_INSUFFICIENT,4,0,0,False,0,0,False,INHERITED_RAW_PRICE_BASIS,False,False
2025-07-25|76940,2025-07-25,76940,09:30,12:55,145,PARTIAL,3,2,,,AVAILABLE,14.0,True,,,,CURRENT_BAR_UNAVAILABLE,OBSERVATION_INSUFFICIENT,5,0,0,False,0,0,False,INHERITED_RAW_PRICE_BASIS,False,False
2025-07-25|76940,2025-07-25,76940,09:30,13:00,150,PARTIAL,3,2,,,AVAILABLE,14.0,True,,,,CURRENT_BAR_UNAVAILABLE,OBSERVATION_INSUFFICIENT,5,0,0,False,1,0,False,INHERITED_RAW_PRICE_BASIS,False,False
2025-07-25|76940,2025-07-25,76940,09:30,13:05,155,PARTIAL,2,3,,,AVAILABLE,14.0,True,,,,CURRENT_BAR_UNAVAILABLE,OBSERVATION_INSUFFICIENT,4,0,0,False,0,0,False,INHERITED_RAW_PRICE_BASIS,False,False
2025-07-25|76940,2025-07-25,76940,09:30,13:10,160,PARTIAL,3,2,,,AVAILABLE,14.0,True,,,,CURRENT_BAR_UNAVAILABLE,OBSERVATION_INSUFFICIENT,6,0,0,False,0,0,False,INHERITED_RAW_PRICE_BASIS,False,False
2025-07-25|76940,2025-07-25,76940,09:30,13:15,165,PARTIAL,3,2,,,AVAILABLE,14.0,True,,,,CURRENT_BAR_UNAVAILABLE,OBSERVATION_INSUFFICIENT,5,0,0,False,0,0,False,INHERITED_RAW_PRICE_BASIS,False,False
2025-07-25|76940,2025-07-25,76940,09:30,13:20,170,PARTIAL,1,4,,,AVAILABLE,14.0,True,,,,CURRENT_BAR_UNAVAILABLE,OBSERVATION_INSUFFICIENT,1,0,0,False,0,0,False,INHERITED_RAW_PRICE_BASIS,False,False
2025-07-25|76940,2025-07-25,76940,09:30,13:25,175,PARTIAL,4,1,,,AVAILABLE,14.0,True,,,,UNRESOLVED_STRUCTURE,OBSERVATION_INSUFFICIENT,3,0,0,False,0,0,False,INHERITED_RAW_PRICE_BASIS,False,False
2025-07-25|76940,2025-07-25,76940,09:30,13:30,180,COMPLETE,5,0,DOWN,-0.09551098376313276,AVAILABLE,14.0,True,,,,UNRESOLVED_STRUCTURE,OBSERVATION_INSUFFICIENT,8,0,0,False,0,0,False,INHERITED_RAW_PRICE_BASIS,False,False
2025-07-25|76940,2025-07-25,76940,09:30,13:35,185,PARTIAL,2,3,,,AVAILABLE,14.0,True,,,,CURRENT_BAR_UNAVAILABLE,OBSERVATION_INSUFFICIENT,9,0,0,False,0,0,False,INHERITED_RAW_PRICE_BASIS,False,False
2025-07-25|76940,2025-07-25,76940,09:30,13:40,190,UNAVAILABLE,0,5,,,AVAILABLE,14.0,True,,,,CURRENT_BAR_UNAVAILABLE,OBSERVATION_INSUFFICIENT,7,0,0,False,0,0,False,INHERITED_RAW_PRICE_BASIS,False,False
2025-07-25|76940,2025-07-25,76940,09:30,13:45,195,PARTIAL,1,4,,,AVAILABLE,14.0,True,,,,CURRENT_BAR_UNAVAILABLE,OBSERVATION_INSUFFICIENT,5,0,0,False,0,0,False,INHERITED_RAW_PRICE_BASIS,False,False
2025-07-25|76940,2025-07-25,76940,09:30,13:50,200,PARTIAL,2,3,,,AVAILABLE,14.0,True,,,,CURRENT_BAR_UNAVAILABLE,OBSERVATION_INSUFFICIENT,4,0,0,False,0,0,False,INHERITED_RAW_PRICE_BASIS,False,False
2025-07-25|76940,2025-07-25,76940,09:30,13:55,205,PARTIAL,3,2,,,AVAILABLE,14.0,True,,,,UNRESOLVED_STRUCTURE,OBSERVATION_INSUFFICIENT,6,0,0,False,1,0,False,INHERITED_RAW_PRICE_BASIS,False,False
2025-07-25|76940,2025-07-25,76940,09:30,14:00,210,PARTIAL,3,2,,,AVAILABLE,14.0,True,,,,UNRESOLVED_STRUCTURE,OBSERVATION_INSUFFICIENT,7,0,0,False,0,0,False,INHERITED_RAW_PRICE_BASIS,False,False
2025-07-25|76940,2025-07-25,76940,09:30,14:05,215,PARTIAL,1,4,,,AVAILABLE,14.0,True,,,,CURRENT_BAR_UNAVAILABLE,OBSERVATION_INSUFFICIENT,4,0,0,False,0,0,False,INHERITED_RAW_PRICE_BASIS,False,False
2025-07-25|76940,2025-07-25,76940,09:30,14:10,220,PARTIAL,2,3,,,AVAILABLE,14.0,True,,,,CURRENT_BAR_UNAVAILABLE,OBSERVATION_INSUFFICIENT,3,0,0,False,0,0,False,INHERITED_RAW_PRICE_BASIS,False,False
2025-07-25|76940,2025-07-25,76940,09:30,14:15,225,PARTIAL,4,1,,,AVAILABLE,14.0,True,,,,UNRESOLVED_STRUCTURE,OBSERVATION_INSUFFICIENT,5,0,0,False,0,1,False,INHERITED_RAW_PRICE_BASIS,False,False
2025-07-25|76940,2025-07-25,76940,09:30,14:20,230,PARTIAL,3,2,,,AVAILABLE,14.0,True,,,,UNRESOLVED_STRUCTURE,OBSERVATION_INSUFFICIENT,5,0,0,False,1,0,False,INHERITED_RAW_PRICE_BASIS,False,False
2025-07-25|76940,2025-07-25,76940,09:30,14:25,235,PARTIAL,2,3,,,AVAILABLE,14.0,True,,,,CURRENT_BAR_UNAVAILABLE,OBSERVATION_INSUFFICIENT,2,0,0,False,0,0,False,INHERITED_RAW_PRICE_BASIS,False,False
2025-07-25|76940,2025-07-25,76940,09:30,14:30,240,PARTIAL,3,2,,,AVAILABLE,14.0,True,,,,UNRESOLVED_STRUCTURE,WINDOW_OBSERVED,0,0,0,False,0,0,False,INHERITED_RAW_PRICE_BASIS,False,False
2025-07-25|76940,2025-07-25,76940,09:30,14:35,245,COMPLETE,5,0,DOWN,-0.4835589941972921,AVAILABLE,14.0,True,,,,UNRESOLVED_STRUCTURE,WINDOW_OBSERVED,0,0,0,False,2,3,False,INHERITED_RAW_PRICE_BASIS,False,False
2025-07-25|76940,2025-07-25,76940,09:30,14:40,250,COMPLETE,5,0,UNCHANGED,0.0,AVAILABLE,14.0,True,,,VOLUME_COMPRESSION|TRADING_VALUE_COMPRESSION,UNRESOLVED_STRUCTURE,OBSERVATION_INSUFFICIENT,1,0,0,False,1,4,False,INHERITED_RAW_PRICE_BASIS,True,False
2025-07-25|76940,2025-07-25,76940,09:30,14:45,255,COMPLETE,5,0,UP,0.09718172983479106,AVAILABLE,14.0,True,,,,UNRESOLVED_STRUCTURE,OBSERVATION_INSUFFICIENT,3,0,0,False,1,2,False,INHERITED_RAW_PRICE_BASIS,True,False
2025-07-25|76940,2025-07-25,76940,09:30,14:50,260,PARTIAL,4,1,,,AVAILABLE,14.0,True,,,,UNRESOLVED_STRUCTURE,OBSERVATION_INSUFFICIENT,4,0,0,False,0,1,False,INHERITED_RAW_PRICE_BASIS,False,False
2025-07-25|76940,2025-07-25,76940,09:30,14:55,265,PARTIAL,3,2,,,AVAILABLE,14.0,True,,,,CURRENT_BAR_UNAVAILABLE,OBSERVATION_INSUFFICIENT,3,0,0,False,2,4,False,INHERITED_RAW_PRICE_BASIS,False,False
2025-07-25|76940,2025-07-25,76940,09:30,15:00,270,PARTIAL,3,2,,,AVAILABLE,14.0,True,,,,UNRESOLVED_STRUCTURE,OBSERVATION_INSUFFICIENT,3,0,0,False,0,2,False,INHERITED_RAW_PRICE_BASIS,False,False
2025-07-25|76940,2025-07-25,76940,09:30,15:05,275,PARTIAL,4,1,,,AVAILABLE,14.0,True,,,,UNRESOLVED_STRUCTURE,OBSERVATION_INSUFFICIENT,3,0,0,False,3,1,False,INHERITED_RAW_PRICE_BASIS,False,False
2025-07-25|76940,2025-07-25,76940,09:30,15:10,280,PARTIAL,3,2,,,AVAILABLE,14.0,True,,,,UNRESOLVED_STRUCTURE,OBSERVATION_INSUFFICIENT,2,0,0,False,0,0,False,INHERITED_RAW_PRICE_BASIS,False,False
2025-07-25|76940,2025-07-25,76940,09:30,15:15,285,PARTIAL,4,1,,,AVAILABLE,14.0,True,,,,UNRESOLVED_STRUCTURE,OBSERVATION_INSUFFICIENT,2,0,0,False,1,1,False,INHERITED_RAW_PRICE_BASIS,False,False
2025-07-25|76940,2025-07-25,76940,09:30,15:20,290,PARTIAL,4,1,,,AVAILABLE,14.0,True,,,,UNRESOLVED_STRUCTURE,RIGHT_CENSORED,1,0,0,False,0,1,False,INHERITED_RAW_PRICE_BASIS,False,False
2025-07-25|76940,2025-07-25,76940,09:30,15:25,295,PARTIAL,4,1,,,AVAILABLE,14.0,True,,,,UNRESOLVED_STRUCTURE,RIGHT_CENSORED,0,0,0,False,1,0,False,INHERITED_RAW_PRICE_BASIS,False,False
2025-07-25|78780,2025-07-25,78780,11:30,11:30,0,PARTIAL,3,2,,,SCALE_INSUFFICIENT,,True,,,,SCALE_UNAVAILABLE,OBSERVATION_INSUFFICIENT,4,0,0,False,0,0,False,INHERITED_RAW_PRICE_BASIS,False,False
2025-07-25|78780,2025-07-25,78780,11:30,12:35,5,PARTIAL,3,2,,,SCALE_INSUFFICIENT,,True,,,,CURRENT_BAR_UNAVAILABLE,OBSERVATION_INSUFFICIENT,4,0,0,False,0,0,False,INHERITED_RAW_PRICE_BASIS,False,False
2025-07-25|78780,2025-07-25,78780,11:30,12:40,10,PARTIAL,3,2,,,SCALE_INSUFFICIENT,,True,,,,CURRENT_BAR_UNAVAILABLE,OBSERVATION_INSUFFICIENT,5,0,0,False,0,0,False,INHERITED_RAW_PRICE_BASIS,False,False
2025-07-25|78780,2025-07-25,78780,11:30,12:45,15,PARTIAL,3,2,,,SCALE_INSUFFICIENT,,True,,,,SCALE_UNAVAILABLE,OBSERVATION_INSUFFICIENT,8,0,0,False,0,0,False,INHERITED_RAW_PRICE_BASIS,False,False
2025-07-25|78780,2025-07-25,78780,11:30,12:50,20,PARTIAL,2,3,,,SCALE_INSUFFICIENT,,True,,,,SCALE_UNAVAILABLE,OBSERVATION_INSUFFICIENT,8,0,0,False,0,0,False,INHERITED_RAW_PRICE_BASIS,False,False
2025-07-25|78780,2025-07-25,78780,11:30,12:55,25,UNAVAILABLE,0,5,,,SCALE_INSUFFICIENT,,True,,,,CURRENT_BAR_UNAVAILABLE,OBSERVATION_INSUFFICIENT,6,0,0,False,0,0,False,INHERITED_RAW_PRICE_BASIS,False,False
2025-07-25|78780,2025-07-25,78780,11:30,13:00,30,PARTIAL,2,3,,,SCALE_INSUFFICIENT,,True,,,,SCALE_UNAVAILABLE,OBSERVATION_INSUFFICIENT,7,0,0,False,0,0,False,INHERITED_RAW_PRICE_BASIS,False,False
2025-07-25|78780,2025-07-25,78780,11:30,13:05,35,PARTIAL,2,3,,,SCALE_INSUFFICIENT,,True,,,,CURRENT_BAR_UNAVAILABLE,OBSERVATION_INSUFFICIENT,9,0,0,False,0,0,False,INHERITED_RAW_PRICE_BASIS,False,False
2025-07-25|78780,2025-07-25,78780,11:30,13:10,40,PARTIAL,1,4,,,SCALE_INSUFFICIENT,,True,,,,CURRENT_BAR_UNAVAILABLE,OBSERVATION_INSUFFICIENT,10,0,0,False,0,0,False,INHERITED_RAW_PRICE_BASIS,False,False
2025-07-25|78780,2025-07-25,78780,11:30,13:15,45,UNAVAILABLE,0,5,,,SCALE_INSUFFICIENT,,True,,,,CURRENT_BAR_UNAVAILABLE,OBSERVATION_INSUFFICIENT,10,0,0,False,0,0,False,INHERITED_RAW_PRICE_BASIS,False,False
2025-07-25|78780,2025-07-25,78780,11:30,13:20,50,UNAVAILABLE,0,5,,,SCALE_INSUFFICIENT,,True,,,,CURRENT_BAR_UNAVAILABLE,OBSERVATION_INSUFFICIENT,10,0,0,False,0,0,False,INHERITED_RAW_PRICE_BASIS,False,False
2025-07-25|78780,2025-07-25,78780,11:30,13:25,55,UNAVAILABLE,0,5,,,SCALE_INSUFFICIENT,,True,,,,CURRENT_BAR_UNAVAILABLE,OBSERVATION_INSUFFICIENT,10,0,0,False,0,0,False,INHERITED_RAW_PRICE_BASIS,False,False
2025-07-25|78780,2025-07-25,78780,11:30,13:30,60,UNAVAILABLE,0,5,,,SCALE_INSUFFICIENT,,True,,,,CURRENT_BAR_UNAVAILABLE,OBSERVATION_INSUFFICIENT,9,0,0,False,0,0,False,INHERITED_RAW_PRICE_BASIS,False,False
2025-07-25|78780,2025-07-25,78780,11:30,13:35,65,UNAVAILABLE,0,5,,,SCALE_INSUFFICIENT,,True,,,,CURRENT_BAR_UNAVAILABLE,OBSERVATION_INSUFFICIENT,9,0,0,False,0,0,False,INHERITED_RAW_PRICE_BASIS,False,False
2025-07-25|78780,2025-07-25,78780,11:30,13:40,70,PARTIAL,1,4,,,SCALE_INSUFFICIENT,,True,,,,CURRENT_BAR_UNAVAILABLE,OBSERVATION_INSUFFICIENT,8,0,0,False,0,0,False,INHERITED_RAW_PRICE_BASIS,False,False
2025-07-25|78780,2025-07-25,78780,11:30,13:45,75,UNAVAILABLE,0,5,,,SCALE_INSUFFICIENT,,True,,,,CURRENT_BAR_UNAVAILABLE,OBSERVATION_INSUFFICIENT,7,0,0,False,0,0,False,INHERITED_RAW_PRICE_BASIS,False,False
2025-07-25|78780,2025-07-25,78780,11:30,13:50,80,PARTIAL,2,3,,,SCALE_INSUFFICIENT,,True,,,,SCALE_UNAVAILABLE,OBSERVATION_INSUFFICIENT,9,0,0,False,0,0,False,INHERITED_RAW_PRICE_BASIS,False,False
2025-07-25|78780,2025-07-25,78780,11:30,13:55,85,PARTIAL,1,4,,,SCALE_INSUFFICIENT,,True,,,,CURRENT_BAR_UNAVAILABLE,OBSERVATION_INSUFFICIENT,10,0,0,False,0,0,False,INHERITED_RAW_PRICE_BASIS,False,False
2025-07-25|78780,2025-07-25,78780,11:30,14:00,90,UNAVAILABLE,0,5,,,SCALE_INSUFFICIENT,,True,,,,CURRENT_BAR_UNAVAILABLE,OBSERVATION_INSUFFICIENT,9,0,0,False,0,0,False,INHERITED_RAW_PRICE_BASIS,False,False
2025-07-25|78780,2025-07-25,78780,11:30,14:05,95,UNAVAILABLE,0,5,,,SCALE_INSUFFICIENT,,True,,,,CURRENT_BAR_UNAVAILABLE,OBSERVATION_INSUFFICIENT,9,0,0,False,0,0,False,INHERITED_RAW_PRICE_BASIS,False,False
2025-07-25|78780,2025-07-25,78780,11:30,14:10,100,PARTIAL,1,4,,,SCALE_INSUFFICIENT,,True,,,,CURRENT_BAR_UNAVAILABLE,OBSERVATION_INSUFFICIENT,10,0,0,False,0,0,False,INHERITED_RAW_PRICE_BASIS,False,False
2025-07-25|78780,2025-07-25,78780,11:30,14:15,105,UNAVAILABLE,0,5,,,SCALE_INSUFFICIENT,,True,,,,CURRENT_BAR_UNAVAILABLE,OBSERVATION_INSUFFICIENT,10,0,0,False,0,0,False,INHERITED_RAW_PRICE_BASIS,False,False
2025-07-25|78780,2025-07-25,78780,11:30,14:20,110,UNAVAILABLE,0,5,,,SCALE_INSUFFICIENT,,True,,,,CURRENT_BAR_UNAVAILABLE,OBSERVATION_INSUFFICIENT,10,0,0,False,0,0,False,INHERITED_RAW_PRICE_BASIS,False,False
2025-07-25|78780,2025-07-25,78780,11:30,14:25,115,UNAVAILABLE,0,5,,,SCALE_INSUFFICIENT,,True,,,,CURRENT_BAR_UNAVAILABLE,OBSERVATION_INSUFFICIENT,10,0,0,False,0,0,False,INHERITED_RAW_PRICE_BASIS,False,False
2025-07-25|78780,2025-07-25,78780,11:30,14:30,120,UNAVAILABLE,0,5,,,SCALE_INSUFFICIENT,,True,,,,CURRENT_BAR_UNAVAILABLE,OBSERVATION_INSUFFICIENT,10,0,0,False,0,0,False,INHERITED_RAW_PRICE_BASIS,False,False
2025-07-25|78780,2025-07-25,78780,11:30,14:35,125,UNAVAILABLE,0,5,,,SCALE_INSUFFICIENT,,True,,,,CURRENT_BAR_UNAVAILABLE,OBSERVATION_INSUFFICIENT,9,0,0,False,0,0,False,INHERITED_RAW_PRICE_BASIS,False,False
2025-07-25|78780,2025-07-25,78780,11:30,14:40,130,UNAVAILABLE,0,5,,,SCALE_INSUFFICIENT,,True,,,,CURRENT_BAR_UNAVAILABLE,OBSERVATION_INSUFFICIENT,9,0,0,False,0,0,False,INHERITED_RAW_PRICE_BASIS,False,False
2025-07-25|78780,2025-07-25,78780,11:30,14:45,135,PARTIAL,1,4,,,SCALE_INSUFFICIENT,,True,,,,SCALE_UNAVAILABLE,OBSERVATION_INSUFFICIENT,9,0,0,False,0,0,False,INHERITED_RAW_PRICE_BASIS,False,False
2025-07-25|78780,2025-07-25,78780,11:30,14:50,140,UNAVAILABLE,0,5,,,SCALE_INSUFFICIENT,,True,,,,CURRENT_BAR_UNAVAILABLE,OBSERVATION_INSUFFICIENT,9,0,0,False,0,0,False,INHERITED_RAW_PRICE_BASIS,False,False
2025-07-25|78780,2025-07-25,78780,11:30,14:55,145,PARTIAL,1,4,,,SCALE_INSUFFICIENT,,True,,,,CURRENT_BAR_UNAVAILABLE,OBSERVATION_INSUFFICIENT,10,0,0,False,0,0,False,INHERITED_RAW_PRICE_BASIS,False,False
2025-07-25|78780,2025-07-25,78780,11:30,15:00,150,UNAVAILABLE,0,5,,,SCALE_INSUFFICIENT,,True,,,,CURRENT_BAR_UNAVAILABLE,OBSERVATION_INSUFFICIENT,9,0,0,False,0,0,False,INHERITED_RAW_PRICE_BASIS,False,False
2025-07-25|78780,2025-07-25,78780,11:30,15:05,155,UNAVAILABLE,0,5,,,SCALE_INSUFFICIENT,,True,,,,CURRENT_BAR_UNAVAILABLE,OBSERVATION_INSUFFICIENT,9,0,0,False,0,0,False,INHERITED_RAW_PRICE_BASIS,False,False
2025-07-25|78780,2025-07-25,78780,11:30,15:10,160,PARTIAL,1,4,,,SCALE_INSUFFICIENT,,True,,,,CURRENT_BAR_UNAVAILABLE,OBSERVATION_INSUFFICIENT,9,0,0,False,0,0,False,INHERITED_RAW_PRICE_BASIS,False,False
2025-07-25|78780,2025-07-25,78780,11:30,15:15,165,UNAVAILABLE,0,5,,,SCALE_INSUFFICIENT,,True,,,,CURRENT_BAR_UNAVAILABLE,OBSERVATION_INSUFFICIENT,8,0,0,False,0,0,False,INHERITED_RAW_PRICE_BASIS,False,False
2025-07-25|78780,2025-07-25,78780,11:30,15:20,170,PARTIAL,1,4,,,SCALE_INSUFFICIENT,,True,,,,CURRENT_BAR_UNAVAILABLE,RIGHT_CENSORED,4,0,0,False,0,0,False,INHERITED_RAW_PRICE_BASIS,False,False
2025-07-25|78780,2025-07-25,78780,11:30,15:25,175,PARTIAL,1,4,,,SCALE_INSUFFICIENT,,True,,,,CURRENT_BAR_UNAVAILABLE,RIGHT_CENSORED,0,0,0,False,0,0,False,INHERITED_RAW_PRICE_BASIS,False,False
2025-07-25|78860,2025-07-25,78860,10:30,10:30,0,PARTIAL,2,3,,,SCALE_INSUFFICIENT,,True,,,,CURRENT_BAR_UNAVAILABLE,OBSERVATION_INSUFFICIENT,1,0,0,False,1,1,False,INHERITED_RAW_PRICE_BASIS,False,False
2025-07-25|78860,2025-07-25,78860,10:30,10:35,5,COMPLETE,5,0,DOWN,-8.975265017667844,SCALE_INSUFFICIENT,,True,,,,SCALE_UNAVAILABLE,OBSERVATION_INSUFFICIENT,2,0,0,False,3,3,False,INHERITED_RAW_PRICE_BASIS,False,False
2025-07-25|78860,2025-07-25,78860,10:30,10:40,10,PARTIAL,4,1,,,SCALE_INSUFFICIENT,,True,,,,SCALE_UNAVAILABLE,OBSERVATION_INSUFFICIENT,1,0,0,False,4,1,False,INHERITED_RAW_PRICE_BASIS,False,False
2025-07-25|78860,2025-07-25,78860,10:30,10:45,15,PARTIAL,4,1,,,SCALE_INSUFFICIENT,,True,,,,CURRENT_BAR_UNAVAILABLE,WINDOW_OBSERVED,0,0,0,False,0,0,False,INHERITED_RAW_PRICE_BASIS,False,False
2025-07-25|78860,2025-07-25,78860,10:30,10:50,20,COMPLETE,5,0,UP,0.7431874483897605,SCALE_INSUFFICIENT,,True,,,,SCALE_UNAVAILABLE,OBSERVATION_INSUFFICIENT,1,0,0,False,0,0,False,INHERITED_RAW_PRICE_BASIS,False,False
2025-07-25|78860,2025-07-25,78860,10:30,10:55,25,COMPLETE,5,0,DOWN,-0.4098360655737705,SCALE_INSUFFICIENT,,True,,,RANGE_COMPRESSION|VOLUME_COMPRESSION|TRADING_VALUE_COMPRESSION,SCALE_UNAVAILABLE,OBSERVATION_INSUFFICIENT,2,0,0,False,0,0,False,INHERITED_RAW_PRICE_BASIS,True,False
2025-07-25|78860,2025-07-25,78860,10:30,11:00,30,PARTIAL,4,1,,,SCALE_INSUFFICIENT,,True,,,,SCALE_UNAVAILABLE,OBSERVATION_INSUFFICIENT,2,0,0,False,0,0,False,INHERITED_RAW_PRICE_BASIS,False,False
2025-07-25|78860,2025-07-25,78860,10:30,11:05,35,PARTIAL,4,1,,,SCALE_INSUFFICIENT,,True,,,,CURRENT_BAR_UNAVAILABLE,OBSERVATION_INSUFFICIENT,3,0,0,False,0,0,False,INHERITED_RAW_PRICE_BASIS,False,False
2025-07-25|78860,2025-07-25,78860,10:30,11:10,40,PARTIAL,4,1,,,SCALE_INSUFFICIENT,,True,,,,SCALE_UNAVAILABLE,OBSERVATION_INSUFFICIENT,3,0,0,False,0,0,False,INHERITED_RAW_PRICE_BASIS,False,False
2025-07-25|78860,2025-07-25,78860,10:30,11:15,45,PARTIAL,3,2,,,SCALE_INSUFFICIENT,,True,,,,CURRENT_BAR_UNAVAILABLE,OBSERVATION_INSUFFICIENT,3,0,0,False,0,0,False,INHERITED_RAW_PRICE_BASIS,False,False
2025-07-25|78860,2025-07-25,78860,10:30,11:20,50,PARTIAL,4,1,,,SCALE_INSUFFICIENT,,True,,,,SCALE_UNAVAILABLE,OBSERVATION_INSUFFICIENT,5,0,0,False,0,0,False,INHERITED_RAW_PRICE_BASIS,False,False
2025-07-25|78860,2025-07-25,78860,10:30,11:25,55,PARTIAL,3,2,,,SCALE_INSUFFICIENT,,True,,,,SCALE_UNAVAILABLE,OBSERVATION_INSUFFICIENT,5,0,0,False,0,0,False,INHERITED_RAW_PRICE_BASIS,False,False
2025-07-25|78860,2025-07-25,78860,10:30,11:30,60,PARTIAL,2,3,,,SCALE_INSUFFICIENT,,True,,,,SCALE_UNAVAILABLE,OBSERVATION_INSUFFICIENT,2,0,0,False,0,0,False,INHERITED_RAW_PRICE_BASIS,False,False
2025-07-25|78860,2025-07-25,78860,10:30,12:35,65,PARTIAL,3,2,,,SCALE_INSUFFICIENT,,True,,,,SCALE_UNAVAILABLE,OBSERVATION_INSUFFICIENT,1,0,0,False,0,0,False,INHERITED_RAW_PRICE_BASIS,False,False
2025-07-25|78860,2025-07-25,78860,10:30,12:40,70,COMPLETE,5,0,DOWN,-3.1746031746031744,SCALE_INSUFFICIENT,,True,,,,SCALE_UNAVAILABLE,OBSERVATION_INSUFFICIENT,4,0,0,False,0,0,False,INHERITED_RAW_PRICE_BASIS,False,False
2025-07-25|78860,2025-07-25,78860,10:30,12:45,75,PARTIAL,4,1,,,SCALE_INSUFFICIENT,,True,,,,SCALE_UNAVAILABLE,OBSERVATION_INSUFFICIENT,8,0,0,False,0,0,False,INHERITED_RAW_PRICE_BASIS,False,False
2025-07-25|78860,2025-07-25,78860,10:30,12:50,80,PARTIAL,2,3,,,SCALE_INSUFFICIENT,,True,,,,CURRENT_BAR_UNAVAILABLE,OBSERVATION_INSUFFICIENT,7,0,0,False,0,0,False,INHERITED_RAW_PRICE_BASIS,False,False
2025-07-25|78860,2025-07-25,78860,10:30,12:55,85,UNAVAILABLE,0,5,,,SCALE_INSUFFICIENT,,True,,,,CURRENT_BAR_UNAVAILABLE,OBSERVATION_INSUFFICIENT,5,0,0,False,0,0,False,INHERITED_RAW_PRICE_BASIS,False,False
2025-07-25|78860,2025-07-25,78860,10:30,13:00,90,PARTIAL,3,2,,,SCALE_INSUFFICIENT,,True,,,,SCALE_UNAVAILABLE,OBSERVATION_INSUFFICIENT,6,0,0,False,0,0,False,INHERITED_RAW_PRICE_BASIS,False,False
2025-07-25|78860,2025-07-25,78860,10:30,13:05,95,PARTIAL,2,3,,,SCALE_INSUFFICIENT,,True,,,,SCALE_UNAVAILABLE,OBSERVATION_INSUFFICIENT,7,0,0,False,0,0,False,INHERITED_RAW_PRICE_BASIS,False,False
2025-07-25|78860,2025-07-25,78860,10:30,13:10,100,PARTIAL,2,3,,,SCALE_INSUFFICIENT,,True,,,,CURRENT_BAR_UNAVAILABLE,OBSERVATION_INSUFFICIENT,7,0,0,False,0,0,False,INHERITED_RAW_PRICE_BASIS,False,False
2025-07-25|78860,2025-07-25,78860,10:30,13:15,105,PARTIAL,1,4,,,SCALE_INSUFFICIENT,,True,,,,CURRENT_BAR_UNAVAILABLE,OBSERVATION_INSUFFICIENT,8,0,0,False,0,0,False,INHERITED_RAW_PRICE_BASIS,False,False
2025-07-25|78860,2025-07-25,78860,10:30,13:20,110,PARTIAL,2,3,,,SCALE_INSUFFICIENT,,True,,,,CURRENT_BAR_UNAVAILABLE,OBSERVATION_INSUFFICIENT,8,0,0,False,0,0,False,INHERITED_RAW_PRICE_BASIS,False,False
2025-07-25|78860,2025-07-25,78860,10:30,13:25,115,UNAVAILABLE,0,5,,,SCALE_INSUFFICIENT,,True,,,,CURRENT_BAR_UNAVAILABLE,OBSERVATION_INSUFFICIENT,7,0,0,False,0,0,False,INHERITED_RAW_PRICE_BASIS,False,False
2025-07-25|78860,2025-07-25,78860,10:30,13:30,120,PARTIAL,2,3,,,SCALE_INSUFFICIENT,,True,,,,CURRENT_BAR_UNAVAILABLE,OBSERVATION_INSUFFICIENT,7,0,0,False,0,0,False,INHERITED_RAW_PRICE_BASIS,False,False
2025-07-25|78860,2025-07-25,78860,10:30,13:35,125,PARTIAL,1,4,,,SCALE_INSUFFICIENT,,True,,,,CURRENT_BAR_UNAVAILABLE,OBSERVATION_INSUFFICIENT,5,0,0,False,0,0,False,INHERITED_RAW_PRICE_BASIS,False,False
2025-07-25|78860,2025-07-25,78860,10:30,13:40,130,PARTIAL,2,3,,,SCALE_INSUFFICIENT,,True,,,,CURRENT_BAR_UNAVAILABLE,OBSERVATION_INSUFFICIENT,6,0,0,False,0,0,False,INHERITED_RAW_PRICE_BASIS,False,False
2025-07-25|78860,2025-07-25,78860,10:30,13:45,135,PARTIAL,3,2,,,SCALE_INSUFFICIENT,,True,,,,CURRENT_BAR_UNAVAILABLE,OBSERVATION_INSUFFICIENT,9,0,0,False,0,0,False,INHERITED_RAW_PRICE_BASIS,False,False
2025-07-25|78860,2025-07-25,78860,10:30,13:50,140,PARTIAL,1,4,,,SCALE_INSUFFICIENT,,True,,,,CURRENT_BAR_UNAVAILABLE,OBSERVATION_INSUFFICIENT,8,0,0,False,0,0,False,INHERITED_RAW_PRICE_BASIS,False,False
2025-07-25|78860,2025-07-25,78860,10:30,13:55,145,UNAVAILABLE,0,5,,,SCALE_INSUFFICIENT,,True,,,,CURRENT_BAR_UNAVAILABLE,OBSERVATION_INSUFFICIENT,7,0,0,False,0,0,False,INHERITED_RAW_PRICE_BASIS,False,False
2025-07-25|78860,2025-07-25,78860,10:30,14:00,150,PARTIAL,2,3,,,SCALE_INSUFFICIENT,,True,,,,CURRENT_BAR_UNAVAILABLE,OBSERVATION_INSUFFICIENT,7,0,0,False,0,0,False,INHERITED_RAW_PRICE_BASIS,False,False
2025-07-25|78860,2025-07-25,78860,10:30,14:05,155,PARTIAL,1,4,,,SCALE_INSUFFICIENT,,True,,,,CURRENT_BAR_UNAVAILABLE,OBSERVATION_INSUFFICIENT,4,0,0,False,0,0,False,INHERITED_RAW_PRICE_BASIS,False,False
2025-07-25|78860,2025-07-25,78860,10:30,14:10,160,PARTIAL,2,3,,,SCALE_INSUFFICIENT,,True,,,,CURRENT_BAR_UNAVAILABLE,OBSERVATION_INSUFFICIENT,3,0,0,False,0,0,False,INHERITED_RAW_PRICE_BASIS,False,False
2025-07-25|78860,2025-07-25,78860,10:30,14:15,165,PARTIAL,4,1,,,SCALE_INSUFFICIENT,,True,,,,SCALE_UNAVAILABLE,OBSERVATION_INSUFFICIENT,6,0,0,False,0,0,False,INHERITED_RAW_PRICE_BASIS,False,False
2025-07-25|78860,2025-07-25,78860,10:30,14:20,170,PARTIAL,3,2,,,SCALE_INSUFFICIENT,,True,,,,SCALE_UNAVAILABLE,OBSERVATION_INSUFFICIENT,4,0,0,False,0,0,False,INHERITED_RAW_PRICE_BASIS,False,False
2025-07-25|78860,2025-07-25,78860,10:30,14:25,175,PARTIAL,1,4,,,SCALE_INSUFFICIENT,,True,,,,SCALE_UNAVAILABLE,OBSERVATION_INSUFFICIENT,2,0,0,False,0,0,False,INHERITED_RAW_PRICE_BASIS,False,False
2025-07-25|78860,2025-07-25,78860,10:30,14:30,180,COMPLETE,5,0,DOWN,-0.7346938775510204,SCALE_INSUFFICIENT,,True,,,,SCALE_UNAVAILABLE,OBSERVATION_INSUFFICIENT,6,0,0,False,0,0,False,INHERITED_RAW_PRICE_BASIS,False,False
2025-07-25|78860,2025-07-25,78860,10:30,14:35,185,PARTIAL,3,2,,,SCALE_INSUFFICIENT,,True,,,,SCALE_UNAVAILABLE,OBSERVATION_INSUFFICIENT,7,0,0,False,0,0,False,INHERITED_RAW_PRICE_BASIS,False,False
2025-07-25|78860,2025-07-25,78860,10:30,14:40,190,PARTIAL,1,4,,,SCALE_INSUFFICIENT,,True,,,,CURRENT_BAR_UNAVAILABLE,OBSERVATION_INSUFFICIENT,7,0,0,False,0,0,False,INHERITED_RAW_PRICE_BASIS,False,False
2025-07-25|78860,2025-07-25,78860,10:30,14:45,195,PARTIAL,2,3,,,SCALE_INSUFFICIENT,,True,,,,CURRENT_BAR_UNAVAILABLE,OBSERVATION_INSUFFICIENT,7,0,0,False,0,0,False,INHERITED_RAW_PRICE_BASIS,False,False
2025-07-25|78860,2025-07-25,78860,10:30,14:50,200,PARTIAL,1,4,,,SCALE_INSUFFICIENT,,True,,,,CURRENT_BAR_UNAVAILABLE,OBSERVATION_INSUFFICIENT,8,0,0,False,0,0,False,INHERITED_RAW_PRICE_BASIS,False,False
2025-07-25|78860,2025-07-25,78860,10:30,14:55,205,PARTIAL,2,3,,,SCALE_INSUFFICIENT,,True,,,,CURRENT_BAR_UNAVAILABLE,OBSERVATION_INSUFFICIENT,6,0,0,False,0,0,False,INHERITED_RAW_PRICE_BASIS,False,False
2025-07-25|78860,2025-07-25,78860,10:30,15:00,210,UNAVAILABLE,0,5,,,SCALE_INSUFFICIENT,,True,,,,CURRENT_BAR_UNAVAILABLE,OBSERVATION_INSUFFICIENT,1,0,0,False,0,0,False,INHERITED_RAW_PRICE_BASIS,False,False
2025-07-25|78860,2025-07-25,78860,10:30,15:05,215,PARTIAL,4,1,,,SCALE_INSUFFICIENT,,True,,,,SCALE_UNAVAILABLE,OBSERVATION_INSUFFICIENT,1,0,0,False,0,0,False,INHERITED_RAW_PRICE_BASIS,False,False
2025-07-25|78860,2025-07-25,78860,10:30,15:10,220,COMPLETE,5,0,DOWN,-1.00418410041841,SCALE_INSUFFICIENT,,True,,,,SCALE_UNAVAILABLE,OBSERVATION_INSUFFICIENT,2,0,0,False,0,0,False,INHERITED_RAW_PRICE_BASIS,False,False
2025-07-25|78860,2025-07-25,78860,10:30,15:15,225,PARTIAL,4,1,,,SCALE_INSUFFICIENT,,True,,,,SCALE_UNAVAILABLE,OBSERVATION_INSUFFICIENT,2,0,0,False,0,0,False,INHERITED_RAW_PRICE_BASIS,False,False
2025-07-25|78860,2025-07-25,78860,10:30,15:20,230,PARTIAL,4,1,,,SCALE_INSUFFICIENT,,True,,,,SCALE_UNAVAILABLE,RIGHT_CENSORED,1,0,0,False,0,0,False,INHERITED_RAW_PRICE_BASIS,False,False
2025-07-25|78860,2025-07-25,78860,10:30,15:25,235,PARTIAL,4,1,,,SCALE_INSUFFICIENT,,True,,,,SCALE_UNAVAILABLE,RIGHT_CENSORED,0,0,0,False,0,0,False,INHERITED_RAW_PRICE_BASIS,False,False
2025-07-25|79460,2025-07-25,79460,14:00,14:00,0,PARTIAL,1,4,,,AVAILABLE,82.0,True,,,,CURRENT_BAR_UNAVAILABLE,OBSERVATION_INSUFFICIENT,10,0,0,False,0,0,False,INHERITED_RAW_PRICE_BASIS,False,False
2025-07-25|79460,2025-07-25,79460,14:00,14:05,5,UNAVAILABLE,0,5,,,AVAILABLE,82.0,True,,,,CURRENT_BAR_UNAVAILABLE,OBSERVATION_INSUFFICIENT,9,0,0,False,0,0,False,INHERITED_RAW_PRICE_BASIS,False,False
2025-07-25|79460,2025-07-25,79460,14:00,14:10,10,UNAVAILABLE,0,5,,,AVAILABLE,82.0,True,,,,CURRENT_BAR_UNAVAILABLE,OBSERVATION_INSUFFICIENT,8,0,0,False,0,0,False,INHERITED_RAW_PRICE_BASIS,False,False
2025-07-25|79460,2025-07-25,79460,14:00,14:15,15,PARTIAL,1,4,,,AVAILABLE,82.0,True,,,,CURRENT_BAR_UNAVAILABLE,OBSERVATION_INSUFFICIENT,9,0,0,False,0,0,False,INHERITED_RAW_PRICE_BASIS,False,False
2025-07-25|79460,2025-07-25,79460,14:00,14:20,20,PARTIAL,1,4,,,AVAILABLE,82.0,True,,,,CURRENT_BAR_UNAVAILABLE,OBSERVATION_INSUFFICIENT,9,0,0,False,0,0,False,INHERITED_RAW_PRICE_BASIS,False,False
2025-07-25|79460,2025-07-25,79460,14:00,14:25,25,UNAVAILABLE,0,5,,,AVAILABLE,82.0,True,,,,CURRENT_BAR_UNAVAILABLE,OBSERVATION_INSUFFICIENT,8,0,0,False,0,0,False,INHERITED_RAW_PRICE_BASIS,False,False
2025-07-25|79460,2025-07-25,79460,14:00,14:30,30,PARTIAL,1,4,,,AVAILABLE,82.0,True,,,,CURRENT_BAR_UNAVAILABLE,OBSERVATION_INSUFFICIENT,8,0,0,False,0,0,False,INHERITED_RAW_PRICE_BASIS,False,False
2025-07-25|79460,2025-07-25,79460,14:00,14:35,35,PARTIAL,1,4,,,AVAILABLE,82.0,True,,,,CURRENT_BAR_UNAVAILABLE,OBSERVATION_INSUFFICIENT,7,0,0,False,0,0,False,INHERITED_RAW_PRICE_BASIS,False,False
2025-07-25|79460,2025-07-25,79460,14:00,14:40,40,PARTIAL,1,4,,,AVAILABLE,82.0,True,,,,CURRENT_BAR_UNAVAILABLE,OBSERVATION_INSUFFICIENT,7,0,0,False,0,0,False,INHERITED_RAW_PRICE_BASIS,False,False
2025-07-25|79460,2025-07-25,79460,14:00,14:45,45,PARTIAL,2,3,,,AVAILABLE,82.0,True,,,,CURRENT_BAR_UNAVAILABLE,OBSERVATION_INSUFFICIENT,8,0,0,False,0,0,False,INHERITED_RAW_PRICE_BASIS,False,False
2025-07-25|79460,2025-07-25,79460,14:00,14:50,50,PARTIAL,1,4,,,AVAILABLE,82.0,True,,,,CURRENT_BAR_UNAVAILABLE,OBSERVATION_INSUFFICIENT,7,0,0,False,0,0,False,INHERITED_RAW_PRICE_BASIS,False,False
2025-07-25|79460,2025-07-25,79460,14:00,14:55,55,PARTIAL,1,4,,,AVAILABLE,82.0,True,,,,UNRESOLVED_STRUCTURE,OBSERVATION_INSUFFICIENT,3,0,0,False,0,0,False,INHERITED_RAW_PRICE_BASIS,False,False
2025-07-25|79460,2025-07-25,79460,14:00,15:00,60,PARTIAL,2,3,,,AVAILABLE,82.0,True,,,,UNRESOLVED_STRUCTURE,WINDOW_OBSERVED,0,1,1,False,0,0,False,INHERITED_RAW_PRICE_BASIS,False,False
2025-07-25|79460,2025-07-25,79460,14:00,15:05,65,COMPLETE,5,0,UP,6.56,AVAILABLE,82.0,True,,,,UNRESOLVED_STRUCTURE,WINDOW_OBSERVED,0,0,1,False,0,0,False,INHERITED_RAW_PRICE_BASIS,False,False
2025-07-25|79460,2025-07-25,79460,14:00,15:10,70,COMPLETE,5,0,UP,0.15015015015015015,AVAILABLE,82.0,True,,,RANGE_COMPRESSION|VOLUME_COMPRESSION|TRADING_VALUE_COMPRESSION,UNRESOLVED_STRUCTURE,WINDOW_OBSERVED,0,0,1,False,0,0,False,INHERITED_RAW_PRICE_BASIS,True,False
2025-07-25|79460,2025-07-25,79460,14:00,15:15,75,COMPLETE,5,0,DOWN,-0.037509377344336084,AVAILABLE,82.0,True,,,VOLUME_EXPANSION|TRADING_VALUE_EXPANSION,UNRESOLVED_STRUCTURE,OBSERVATION_INSUFFICIENT,1,0,1,False,0,1,False,INHERITED_RAW_PRICE_BASIS,True,False
2025-07-25|79460,2025-07-25,79460,14:00,15:20,80,COMPLETE,5,0,DOWN,-1.2597258243793998,AVAILABLE,82.0,True,,,VOLUME_COMPRESSION|TRADING_VALUE_COMPRESSION,UNRESOLVED_STRUCTURE,RIGHT_CENSORED,1,0,1,False,0,1,False,INHERITED_RAW_PRICE_BASIS,True,False
2025-07-25|79460,2025-07-25,79460,14:00,15:25,85,PARTIAL,4,1,,,AVAILABLE,82.0,True,,,,UNRESOLVED_STRUCTURE,RIGHT_CENSORED,0,0,0,False,2,2,False,INHERITED_RAW_PRICE_BASIS,False,False
2025-07-25|93440,2025-07-25,93440,11:30,11:30,0,UNAVAILABLE,0,5,,,SCALE_INSUFFICIENT,,True,,,,CURRENT_BAR_UNAVAILABLE,OBSERVATION_INSUFFICIENT,9,0,0,False,0,0,False,INHERITED_RAW_PRICE_BASIS,False,False
2025-07-25|93440,2025-07-25,93440,11:30,12:35,5,PARTIAL,1,4,,,SCALE_INSUFFICIENT,,True,,,,CURRENT_BAR_UNAVAILABLE,OBSERVATION_INSUFFICIENT,9,0,0,False,0,0,False,INHERITED_RAW_PRICE_BASIS,False,False
2025-07-25|93440,2025-07-25,93440,11:30,12:40,10,UNAVAILABLE,0,5,,,SCALE_INSUFFICIENT,,True,,,,CURRENT_BAR_UNAVAILABLE,OBSERVATION_INSUFFICIENT,9,0,0,False,0,0,False,INHERITED_RAW_PRICE_BASIS,False,False
2025-07-25|93440,2025-07-25,93440,11:30,12:45,15,PARTIAL,1,4,,,SCALE_INSUFFICIENT,,True,,,,CURRENT_BAR_UNAVAILABLE,OBSERVATION_INSUFFICIENT,10,0,0,False,0,0,False,INHERITED_RAW_PRICE_BASIS,False,False
2025-07-25|93440,2025-07-25,93440,11:30,12:50,20,UNAVAILABLE,0,5,,,SCALE_INSUFFICIENT,,True,,,,CURRENT_BAR_UNAVAILABLE,OBSERVATION_INSUFFICIENT,10,0,0,False,0,0,False,INHERITED_RAW_PRICE_BASIS,False,False
2025-07-25|93440,2025-07-25,93440,11:30,12:55,25,UNAVAILABLE,0,5,,,SCALE_INSUFFICIENT,,True,,,,CURRENT_BAR_UNAVAILABLE,OBSERVATION_INSUFFICIENT,10,0,0,False,0,0,False,INHERITED_RAW_PRICE_BASIS,False,False
2025-07-25|93440,2025-07-25,93440,11:30,13:00,30,UNAVAILABLE,0,5,,,SCALE_INSUFFICIENT,,True,,,,CURRENT_BAR_UNAVAILABLE,OBSERVATION_INSUFFICIENT,10,0,0,False,0,0,False,INHERITED_RAW_PRICE_BASIS,False,False
2025-07-25|93440,2025-07-25,93440,11:30,13:05,35,UNAVAILABLE,0,5,,,SCALE_INSUFFICIENT,,True,,,,CURRENT_BAR_UNAVAILABLE,OBSERVATION_INSUFFICIENT,10,0,0,False,0,0,False,INHERITED_RAW_PRICE_BASIS,False,False
2025-07-25|93440,2025-07-25,93440,11:30,13:10,40,UNAVAILABLE,0,5,,,SCALE_INSUFFICIENT,,True,,,,CURRENT_BAR_UNAVAILABLE,OBSERVATION_INSUFFICIENT,10,0,0,False,0,0,False,INHERITED_RAW_PRICE_BASIS,False,False
2025-07-25|93440,2025-07-25,93440,11:30,13:15,45,UNAVAILABLE,0,5,,,SCALE_INSUFFICIENT,,True,,,,CURRENT_BAR_UNAVAILABLE,OBSERVATION_INSUFFICIENT,10,0,0,False,0,0,False,INHERITED_RAW_PRICE_BASIS,False,False
2025-07-25|93440,2025-07-25,93440,11:30,13:20,50,UNAVAILABLE,0,5,,,SCALE_INSUFFICIENT,,True,,,,CURRENT_BAR_UNAVAILABLE,OBSERVATION_INSUFFICIENT,10,0,0,False,0,0,False,INHERITED_RAW_PRICE_BASIS,False,False
2025-07-25|93440,2025-07-25,93440,11:30,13:25,55,UNAVAILABLE,0,5,,,SCALE_INSUFFICIENT,,True,,,,CURRENT_BAR_UNAVAILABLE,OBSERVATION_INSUFFICIENT,10,0,0,False,0,0,False,INHERITED_RAW_PRICE_BASIS,False,False
2025-07-25|93440,2025-07-25,93440,11:30,13:30,60,UNAVAILABLE,0,5,,,SCALE_INSUFFICIENT,,True,,,,CURRENT_BAR_UNAVAILABLE,OBSERVATION_INSUFFICIENT,9,0,0,False,0,0,False,INHERITED_RAW_PRICE_BASIS,False,False
2025-07-25|93440,2025-07-25,93440,11:30,13:35,65,UNAVAILABLE,0,5,,,SCALE_INSUFFICIENT,,True,,,,CURRENT_BAR_UNAVAILABLE,OBSERVATION_INSUFFICIENT,9,0,0,False,0,0,False,INHERITED_RAW_PRICE_BASIS,False,False
2025-07-25|93440,2025-07-25,93440,11:30,13:40,70,PARTIAL,1,4,,,SCALE_INSUFFICIENT,,True,,,,CURRENT_BAR_UNAVAILABLE,OBSERVATION_INSUFFICIENT,10,0,0,False,0,0,False,INHERITED_RAW_PRICE_BASIS,False,False
2025-07-25|93440,2025-07-25,93440,11:30,13:45,75,UNAVAILABLE,0,5,,,SCALE_INSUFFICIENT,,True,,,,CURRENT_BAR_UNAVAILABLE,OBSERVATION_INSUFFICIENT,10,0,0,False,0,0,False,INHERITED_RAW_PRICE_BASIS,False,False
2025-07-25|93440,2025-07-25,93440,11:30,13:50,80,UNAVAILABLE,0,5,,,SCALE_INSUFFICIENT,,True,,,,CURRENT_BAR_UNAVAILABLE,OBSERVATION_INSUFFICIENT,10,0,0,False,0,0,False,INHERITED_RAW_PRICE_BASIS,False,False
2025-07-25|93440,2025-07-25,93440,11:30,13:55,85,UNAVAILABLE,0,5,,,SCALE_INSUFFICIENT,,True,,,,CURRENT_BAR_UNAVAILABLE,OBSERVATION_INSUFFICIENT,9,0,0,False,0,0,False,INHERITED_RAW_PRICE_BASIS,False,False
2025-07-25|93440,2025-07-25,93440,11:30,14:00,90,UNAVAILABLE,0,5,,,SCALE_INSUFFICIENT,,True,,,,CURRENT_BAR_UNAVAILABLE,OBSERVATION_INSUFFICIENT,9,0,0,False,0,0,False,INHERITED_RAW_PRICE_BASIS,False,False
2025-07-25|93440,2025-07-25,93440,11:30,14:05,95,PARTIAL,1,4,,,SCALE_INSUFFICIENT,,True,,,,CURRENT_BAR_UNAVAILABLE,OBSERVATION_INSUFFICIENT,10,0,0,False,0,0,False,INHERITED_RAW_PRICE_BASIS,False,False
2025-07-25|93440,2025-07-25,93440,11:30,14:10,100,UNAVAILABLE,0,5,,,SCALE_INSUFFICIENT,,True,,,,CURRENT_BAR_UNAVAILABLE,OBSERVATION_INSUFFICIENT,10,0,0,False,0,0,False,INHERITED_RAW_PRICE_BASIS,False,False
2025-07-25|93440,2025-07-25,93440,11:30,14:15,105,UNAVAILABLE,0,5,,,SCALE_INSUFFICIENT,,True,,,,CURRENT_BAR_UNAVAILABLE,OBSERVATION_INSUFFICIENT,10,0,0,False,0,0,False,INHERITED_RAW_PRICE_BASIS,False,False
2025-07-25|93440,2025-07-25,93440,11:30,14:20,110,UNAVAILABLE,0,5,,,SCALE_INSUFFICIENT,,True,,,,CURRENT_BAR_UNAVAILABLE,OBSERVATION_INSUFFICIENT,10,0,0,False,0,0,False,INHERITED_RAW_PRICE_BASIS,False,False
2025-07-25|93440,2025-07-25,93440,11:30,14:25,115,UNAVAILABLE,0,5,,,SCALE_INSUFFICIENT,,True,,,,CURRENT_BAR_UNAVAILABLE,OBSERVATION_INSUFFICIENT,10,0,0,False,0,0,False,INHERITED_RAW_PRICE_BASIS,False,False
2025-07-25|93440,2025-07-25,93440,11:30,14:30,120,UNAVAILABLE,0,5,,,SCALE_INSUFFICIENT,,True,,,,CURRENT_BAR_UNAVAILABLE,OBSERVATION_INSUFFICIENT,10,0,0,False,0,0,False,INHERITED_RAW_PRICE_BASIS,False,False
2025-07-25|93440,2025-07-25,93440,11:30,14:35,125,UNAVAILABLE,0,5,,,SCALE_INSUFFICIENT,,True,,,,CURRENT_BAR_UNAVAILABLE,OBSERVATION_INSUFFICIENT,10,0,0,False,0,0,False,INHERITED_RAW_PRICE_BASIS,False,False
2025-07-25|93440,2025-07-25,93440,11:30,14:40,130,UNAVAILABLE,0,5,,,SCALE_INSUFFICIENT,,True,,,,CURRENT_BAR_UNAVAILABLE,OBSERVATION_INSUFFICIENT,9,0,0,False,0,0,False,INHERITED_RAW_PRICE_BASIS,False,False
2025-07-25|93440,2025-07-25,93440,11:30,14:45,135,UNAVAILABLE,0,5,,,SCALE_INSUFFICIENT,,True,,,,CURRENT_BAR_UNAVAILABLE,OBSERVATION_INSUFFICIENT,9,0,0,False,0,0,False,INHERITED_RAW_PRICE_BASIS,False,False
2025-07-25|93440,2025-07-25,93440,11:30,14:50,140,PARTIAL,1,4,,,SCALE_INSUFFICIENT,,True,,,,CURRENT_BAR_UNAVAILABLE,OBSERVATION_INSUFFICIENT,10,0,0,False,0,0,False,INHERITED_RAW_PRICE_BASIS,False,False
2025-07-25|93440,2025-07-25,93440,11:30,14:55,145,UNAVAILABLE,0,5,,,SCALE_INSUFFICIENT,,True,,,,CURRENT_BAR_UNAVAILABLE,OBSERVATION_INSUFFICIENT,10,0,0,False,0,0,False,INHERITED_RAW_PRICE_BASIS,False,False
2025-07-25|93440,2025-07-25,93440,11:30,15:00,150,UNAVAILABLE,0,5,,,SCALE_INSUFFICIENT,,True,,,,CURRENT_BAR_UNAVAILABLE,OBSERVATION_INSUFFICIENT,10,0,0,False,0,0,False,INHERITED_RAW_PRICE_BASIS,False,False
2025-07-25|93440,2025-07-25,93440,11:30,15:05,155,UNAVAILABLE,0,5,,,SCALE_INSUFFICIENT,,True,,,,CURRENT_BAR_UNAVAILABLE,OBSERVATION_INSUFFICIENT,10,0,0,False,0,0,False,INHERITED_RAW_PRICE_BASIS,False,False
2025-07-25|93440,2025-07-25,93440,11:30,15:10,160,UNAVAILABLE,0,5,,,SCALE_INSUFFICIENT,,True,,,,CURRENT_BAR_UNAVAILABLE,OBSERVATION_INSUFFICIENT,9,0,0,False,0,0,False,INHERITED_RAW_PRICE_BASIS,False,False
2025-07-25|93440,2025-07-25,93440,11:30,15:15,165,UNAVAILABLE,0,5,,,SCALE_INSUFFICIENT,,True,,,,CURRENT_BAR_UNAVAILABLE,OBSERVATION_INSUFFICIENT,7,0,0,False,0,0,False,INHERITED_RAW_PRICE_BASIS,False,False
2025-07-25|93440,2025-07-25,93440,11:30,15:20,170,PARTIAL,1,4,,,SCALE_INSUFFICIENT,,True,,,,SCALE_UNAVAILABLE,RIGHT_CENSORED,3,0,0,False,0,0,False,INHERITED_RAW_PRICE_BASIS,False,False
2025-07-25|93440,2025-07-25,93440,11:30,15:25,175,PARTIAL,2,3,,,SCALE_INSUFFICIENT,,True,,,,SCALE_UNAVAILABLE,RIGHT_CENSORED,0,0,0,False,2,0,False,INHERITED_RAW_PRICE_BASIS,False,False
2025-07-25|96970,2025-07-25,96970,11:00,11:00,0,COMPLETE,5,0,DOWN,-0.17969451931716082,AVAILABLE,11.0,True,DOWN_STRUCTURE,PROGRESSION,RANGE_COMPRESSION,IDENTIFIED,WINDOW_OBSERVED,0,0,11,False,0,1,True,INHERITED_RAW_PRICE_BASIS,False,False
2025-07-25|96970,2025-07-25,96970,11:00,11:05,5,COMPLETE,5,0,DOWN,-0.4726536124240378,AVAILABLE,11.0,True,DOWN_STRUCTURE,PROGRESSION,RANGE_EXPANSION|VOLUME_EXPANSION|TRADING_VALUE_EXPANSION,IDENTIFIED,WINDOW_OBSERVED,0,0,11,False,6,5,True,INHERITED_RAW_PRICE_BASIS,True,False
2025-07-25|96970,2025-07-25,96970,11:00,11:10,10,COMPLETE,5,0,DOWN,-0.6785795068988917,AVAILABLE,11.0,True,DOWN_STRUCTURE,PROGRESSION,,IDENTIFIED,WINDOW_OBSERVED,0,0,11,False,3,1,True,INHERITED_RAW_PRICE_BASIS,True,False
2025-07-25|96970,2025-07-25,96970,11:00,11:15,15,COMPLETE,5,0,DOWN,-0.569216757741348,AVAILABLE,11.0,True,DOWN_STRUCTURE,,,IDENTIFIED,WINDOW_OBSERVED,0,1,12,False,1,1,True,INHERITED_RAW_PRICE_BASIS,True,True
2025-07-25|96970,2025-07-25,96970,11:00,11:20,20,COMPLETE,5,0,UP,0.6871278057718736,AVAILABLE,11.0,True,DOWN_STRUCTURE,CORRECTION|RECOVERY,,IDENTIFIED,WINDOW_OBSERVED,0,0,12,False,1,0,True,INHERITED_RAW_PRICE_BASIS,True,True
2025-07-25|96970,2025-07-25,96970,11:00,11:25,25,COMPLETE,5,0,UP,0.5234410559854347,AVAILABLE,11.0,True,DOWN_STRUCTURE,CORRECTION|RECOVERY,,IDENTIFIED,WINDOW_OBSERVED,0,0,12,False,0,0,True,INHERITED_RAW_PRICE_BASIS,True,False
2025-07-25|96970,2025-07-25,96970,11:00,11:30,30,COMPLETE,5,0,DOWN,-0.1811184061580258,AVAILABLE,11.0,True,DOWN_STRUCTURE,PROGRESSION,RANGE_COMPRESSION,IDENTIFIED,WINDOW_OBSERVED,0,0,13,False,0,0,True,INHERITED_RAW_PRICE_BASIS,True,True
2025-07-25|96970,2025-07-25,96970,11:00,12:35,35,COMPLETE,5,0,DOWN,-0.704225352112676,AVAILABLE,11.0,True,DOWN_STRUCTURE,PROGRESSION,,IDENTIFIED,WINDOW_OBSERVED,0,1,1,False,0,0,True,INHERITED_RAW_PRICE_BASIS,True,False
2025-07-25|96970,2025-07-25,96970,11:00,12:40,40,COMPLETE,5,0,DOWN,-0.22872827081427263,AVAILABLE,11.0,True,DOWN_STRUCTURE,PROGRESSION,RANGE_COMPRESSION|VOLUME_COMPRESSION|TRADING_VALUE_COMPRESSION,IDENTIFIED,WINDOW_OBSERVED,0,0,1,False,0,0,True,INHERITED_RAW_PRICE_BASIS,True,False
2025-07-25|96970,2025-07-25,96970,11:00,12:45,45,COMPLETE,5,0,UNCHANGED,0.0,AVAILABLE,11.0,True,DOWN_STRUCTURE,CORRECTION|RECOVERY,CHOPPINESS,IDENTIFIED,WINDOW_OBSERVED,0,1,2,False,2,1,True,INHERITED_RAW_PRICE_BASIS,True,True
2025-07-25|96970,2025-07-25,96970,11:00,12:50,50,COMPLETE,5,0,UP,0.09174311926605505,AVAILABLE,11.0,True,DOWN_STRUCTURE,PROGRESSION,CHOPPINESS,IDENTIFIED,WINDOW_OBSERVED,0,1,3,False,0,0,True,INHERITED_RAW_PRICE_BASIS,True,True
2025-07-25|96970,2025-07-25,96970,11:00,12:55,55,COMPLETE,5,0,DOWN,-0.3667201466880587,AVAILABLE,11.0,True,DOWN_STRUCTURE,PROGRESSION,VOLUME_EXPANSION|TRADING_VALUE_EXPANSION,IDENTIFIED,WINDOW_OBSERVED,0,0,3,False,3,2,True,INHERITED_RAW_PRICE_BASIS,True,False
2025-07-25|96970,2025-07-25,96970,11:00,13:00,60,COMPLETE,5,0,DOWN,-0.023004370830457786,AVAILABLE,11.0,True,DOWN_STRUCTURE,CORRECTION|RECOVERY,,IDENTIFIED,WINDOW_OBSERVED,0,1,4,False,4,2,True,INHERITED_RAW_PRICE_BASIS,True,True
2025-07-25|96970,2025-07-25,96970,11:00,13:05,65,COMPLETE,5,0,UP,0.1610305958132045,AVAILABLE,11.0,True,DOWN_STRUCTURE,,VOLUME_COMPRESSION|TRADING_VALUE_COMPRESSION,IDENTIFIED,WINDOW_OBSERVED,0,1,5,False,0,0,True,INHERITED_RAW_PRICE_BASIS,True,True
2025-07-25|96970,2025-07-25,96970,11:00,13:10,70,COMPLETE,5,0,DOWN,-0.2985760220486909,AVAILABLE,11.0,True,DOWN_STRUCTURE,PROGRESSION,,IDENTIFIED,WINDOW_OBSERVED,0,0,5,False,0,0,True,INHERITED_RAW_PRICE_BASIS,True,True
2025-07-25|96970,2025-07-25,96970,11:00,13:15,75,COMPLETE,5,0,UP,0.0230361667818475,AVAILABLE,11.0,True,DOWN_STRUCTURE,CORRECTION|RECOVERY,CHOPPINESS|RANGE_COMPRESSION|VOLUME_COMPRESSION|TRADING_VALUE_COMPRESSION,IDENTIFIED,WINDOW_OBSERVED,0,1,6,False,0,0,True,INHERITED_RAW_PRICE_BASIS,True,True
2025-07-25|96970,2025-07-25,96970,11:00,13:20,80,COMPLETE,5,0,UP,0.06909258406264394,AVAILABLE,11.0,True,DOWN_STRUCTURE,CORRECTION|RECOVERY,CHOPPINESS|VOLUME_EXPANSION|TRADING_VALUE_EXPANSION,IDENTIFIED,WINDOW_OBSERVED,0,1,6,False,0,0,True,INHERITED_RAW_PRICE_BASIS,True,False
2025-07-25|96970,2025-07-25,96970,11:00,13:25,85,COMPLETE,5,0,UP,0.4835367257655998,AVAILABLE,11.0,True,UP_STRUCTURE,,RANGE_EXPANSION,IDENTIFIED,WINDOW_OBSERVED,0,1,7,False,2,1,True,INHERITED_RAW_PRICE_BASIS,True,True
2025-07-25|96970,2025-07-25,96970,11:00,13:30,90,COMPLETE,5,0,DOWN,-0.41237113402061853,AVAILABLE,11.0,True,UP_STRUCTURE,,,IDENTIFIED,WINDOW_OBSERVED,0,1,8,False,1,1,True,INHERITED_RAW_PRICE_BASIS,True,False
2025-07-25|96970,2025-07-25,96970,11:00,13:35,95,COMPLETE,5,0,UP,0.13796275005748448,AVAILABLE,11.0,True,UP_STRUCTURE,RECOVERY,RANGE_COMPRESSION,IDENTIFIED,WINDOW_OBSERVED,0,1,8,False,0,0,True,INHERITED_RAW_PRICE_BASIS,True,True
2025-07-25|96970,2025-07-25,96970,11:00,13:40,100,COMPLETE,5,0,DOWN,-0.25264124942581534,AVAILABLE,11.0,True,,RESTRUCTURING,RANGE_EXPANSION|VOLUME_COMPRESSION|TRADING_VALUE_COMPRESSION,UNRESOLVED_STRUCTURE,WINDOW_OBSERVED,0,0,9,False,0,0,True,INHERITED_RAW_PRICE_BASIS,True,True
2025-07-25|96970,2025-07-25,96970,11:00,13:45,105,COMPLETE,5,0,DOWN,-0.8289201013124569,AVAILABLE,11.0,True,DOWN_STRUCTURE,,RANGE_EXPANSION|VOLUME_EXPANSION|TRADING_VALUE_EXPANSION,IDENTIFIED,WINDOW_OBSERVED,0,1,10,False,1,1,True,INHERITED_RAW_PRICE_BASIS,True,True
2025-07-25|96970,2025-07-25,96970,11:00,13:50,110,COMPLETE,5,0,UP,0.1161170459823502,AVAILABLE,11.0,True,DOWN_STRUCTURE,CORRECTION|RECOVERY,RANGE_COMPRESSION|VOLUME_COMPRESSION|TRADING_VALUE_COMPRESSION,IDENTIFIED,WINDOW_OBSERVED,0,1,10,False,2,0,True,INHERITED_RAW_PRICE_BASIS,True,True
2025-07-25|96970,2025-07-25,96970,11:00,13:55,115,COMPLETE,5,0,UP,0.16245068461359943,AVAILABLE,11.0,True,DOWN_STRUCTURE,CORRECTION|RECOVERY,CHOPPINESS|RANGE_EXPANSION,IDENTIFIED,WINDOW_OBSERVED,0,0,10,False,0,0,True,INHERITED_RAW_PRICE_BASIS,True,False
2025-07-25|96970,2025-07-25,96970,11:00,14:00,120,COMPLETE,5,0,UP,0.06950880444856349,AVAILABLE,11.0,True,DOWN_STRUCTURE,CORRECTION|RECOVERY,RANGE_COMPRESSION,IDENTIFIED,WINDOW_OBSERVED,0,0,10,False,0,0,True,INHERITED_RAW_PRICE_BASIS,True,False
2025-07-25|96970,2025-07-25,96970,11:00,14:05,125,COMPLETE,5,0,UP,0.16203703703703703,AVAILABLE,11.0,True,DOWN_STRUCTURE,CORRECTION|RECOVERY,,IDENTIFIED,WINDOW_OBSERVED,0,0,10,False,0,0,True,INHERITED_RAW_PRICE_BASIS,True,False
2025-07-25|96970,2025-07-25,96970,11:00,14:10,130,COMPLETE,5,0,UP,0.06933210076265311,AVAILABLE,11.0,True,DOWN_STRUCTURE,CORRECTION|RECOVERY,,IDENTIFIED,WINDOW_OBSERVED,0,0,10,False,0,0,True,INHERITED_RAW_PRICE_BASIS,True,False
2025-07-25|96970,2025-07-25,96970,11:00,14:15,135,COMPLETE,5,0,DOWN,-0.11547344110854503,AVAILABLE,11.0,True,DOWN_STRUCTURE,CORRECTION|RECOVERY,CHOPPINESS,IDENTIFIED,WINDOW_OBSERVED,0,1,12,False,0,0,True,INHERITED_RAW_PRICE_BASIS,True,False
2025-07-25|96970,2025-07-25,96970,11:00,14:20,140,COMPLETE,5,0,UP,0.1155802126675913,AVAILABLE,11.0,True,DOWN_STRUCTURE,CORRECTION|RECOVERY,RANGE_COMPRESSION|VOLUME_COMPRESSION|TRADING_VALUE_COMPRESSION,IDENTIFIED,WINDOW_OBSERVED,0,1,12,False,0,0,True,INHERITED_RAW_PRICE_BASIS,True,False
2025-07-25|96970,2025-07-25,96970,11:00,14:25,145,COMPLETE,5,0,UP,0.23084025854108955,AVAILABLE,11.0,True,,RESTRUCTURING,RANGE_EXPANSION|VOLUME_EXPANSION|TRADING_VALUE_EXPANSION,UNRESOLVED_STRUCTURE,WINDOW_OBSERVED,0,0,12,False,2,2,True,INHERITED_RAW_PRICE_BASIS,True,True
2025-07-25|96970,2025-07-25,96970,11:00,14:30,150,COMPLETE,5,0,UP,0.0230361667818475,AVAILABLE,11.0,True,,RESTRUCTURING,RANGE_COMPRESSION|VOLUME_COMPRESSION|TRADING_VALUE_COMPRESSION,UNRESOLVED_STRUCTURE,WINDOW_OBSERVED,0,0,12,False,0,0,True,INHERITED_RAW_PRICE_BASIS,True,False
2025-07-25|96970,2025-07-25,96970,11:00,14:35,155,COMPLETE,5,0,DOWN,-0.046072333563695,AVAILABLE,11.0,True,UP_STRUCTURE,CORRECTION,RANGE_COMPRESSION,IDENTIFIED,WINDOW_OBSERVED,0,1,13,False,0,0,True,INHERITED_RAW_PRICE_BASIS,True,True
2025-07-25|96970,2025-07-25,96970,11:00,14:40,160,COMPLETE,5,0,DOWN,-0.023046784973496198,AVAILABLE,11.0,True,UP_STRUCTURE,CORRECTION,,IDENTIFIED,WINDOW_OBSERVED,0,1,13,False,0,0,True,INHERITED_RAW_PRICE_BASIS,True,False
2025-07-25|96970,2025-07-25,96970,11:00,14:45,165,COMPLETE,5,0,DOWN,-0.34570177460244295,AVAILABLE,11.0,True,UP_STRUCTURE,CORRECTION,RANGE_EXPANSION|VOLUME_EXPANSION|TRADING_VALUE_EXPANSION,IDENTIFIED,WINDOW_OBSERVED,0,0,13,False,1,1,True,INHERITED_RAW_PRICE_BASIS,True,False
2025-07-25|96970,2025-07-25,96970,11:00,14:50,170,COMPLETE,5,0,DOWN,-0.02312673450508788,AVAILABLE,11.0,True,UP_STRUCTURE,CORRECTION,RANGE_COMPRESSION|VOLUME_COMPRESSION|TRADING_VALUE_COMPRESSION,IDENTIFIED,WINDOW_OBSERVED,0,0,13,True,1,0,True,INHERITED_RAW_PRICE_BASIS,True,False
2025-07-25|96970,2025-07-25,96970,11:00,14:55,175,COMPLETE,5,0,UNCHANGED,0.0,AVAILABLE,11.0,True,UP_STRUCTURE,CORRECTION,CHOPPINESS,IDENTIFIED,WINDOW_OBSERVED,0,0,13,True,4,2,True,INHERITED_RAW_PRICE_BASIS,True,False
2025-07-25|96970,2025-07-25,96970,11:00,15:00,180,COMPLETE,5,0,DOWN,-0.02312673450508788,AVAILABLE,11.0,True,RANGE_STRUCTURE,BALANCE|RECOVERY,,IDENTIFIED,WINDOW_OBSERVED,0,1,14,True,5,2,True,INHERITED_RAW_PRICE_BASIS,True,True
2025-07-25|96970,2025-07-25,96970,11:00,15:05,185,COMPLETE,5,0,UP,0.02312673450508788,AVAILABLE,11.0,True,DOWN_STRUCTURE,PROGRESSION,RANGE_EXPANSION,IDENTIFIED,WINDOW_OBSERVED,0,1,15,True,0,1,True,INHERITED_RAW_PRICE_BASIS,True,True
2025-07-25|96970,2025-07-25,96970,11:00,15:10,190,COMPLETE,5,0,UP,0.11560693641618497,AVAILABLE,11.0,True,DOWN_STRUCTURE,PROGRESSION,RANGE_COMPRESSION,IDENTIFIED,WINDOW_OBSERVED,0,0,15,True,0,0,True,INHERITED_RAW_PRICE_BASIS,True,False
2025-07-25|96970,2025-07-25,96970,11:00,15:15,195,COMPLETE,5,0,DOWN,-0.046189376443418015,AVAILABLE,11.0,True,DOWN_STRUCTURE,PROGRESSION,,IDENTIFIED,WINDOW_OBSERVED,0,0,15,True,0,0,True,INHERITED_RAW_PRICE_BASIS,True,False
2025-07-25|96970,2025-07-25,96970,11:00,15:20,200,COMPLETE,5,0,UNCHANGED,0.0,AVAILABLE,11.0,True,DOWN_STRUCTURE,PROGRESSION,CHOPPINESS,IDENTIFIED,RIGHT_CENSORED,0,0,15,True,0,0,True,INHERITED_RAW_PRICE_BASIS,True,False
2025-07-25|96970,2025-07-25,96970,11:00,15:25,205,COMPLETE,5,0,DOWN,-0.11552680221811461,AVAILABLE,11.0,True,DOWN_STRUCTURE,PROGRESSION,VOLUME_EXPANSION|TRADING_VALUE_EXPANSION,IDENTIFIED,RIGHT_CENSORED,0,0,15,True,0,0,True,INHERITED_RAW_PRICE_BASIS,True,False
