opportunity,session,symbol,selectorTime,asOf,elapsedActiveMinutes,observation,observed1m,missing1m,direction,return5Pct,scaleStatus,scale,dailyComplete5,structure,phase,attributes,stateReason,futureStatus,futureMissing,lateConfirmedPivots,pivotN,localRange,sameBarOrderAmbiguities,closedCrossEvents,semanticAny,contextPriceBasis,transitionObservablePair,phaseChanged
2025-08-13|148A0,2025-08-13,148A0,11:30,11:30,0,UNAVAILABLE,0,5,,,SCALE_INSUFFICIENT,,True,,,,CURRENT_BAR_UNAVAILABLE,OBSERVATION_INSUFFICIENT,5,0,0,False,0,0,False,INHERITED_RAW_PRICE_BASIS,False,False
2025-08-13|148A0,2025-08-13,148A0,11:30,12:35,5,PARTIAL,3,2,,,SCALE_INSUFFICIENT,,True,,,,SCALE_UNAVAILABLE,OBSERVATION_INSUFFICIENT,7,0,0,False,0,0,False,INHERITED_RAW_PRICE_BASIS,False,False
2025-08-13|148A0,2025-08-13,148A0,11:30,12:40,10,PARTIAL,2,3,,,SCALE_INSUFFICIENT,,True,,,,SCALE_UNAVAILABLE,OBSERVATION_INSUFFICIENT,7,0,0,False,0,0,False,INHERITED_RAW_PRICE_BASIS,False,False
2025-08-13|148A0,2025-08-13,148A0,11:30,12:45,15,PARTIAL,1,4,,,SCALE_INSUFFICIENT,,True,,,,CURRENT_BAR_UNAVAILABLE,OBSERVATION_INSUFFICIENT,5,0,0,False,0,0,False,INHERITED_RAW_PRICE_BASIS,False,False
2025-08-13|148A0,2025-08-13,148A0,11:30,12:50,20,PARTIAL,2,3,,,SCALE_INSUFFICIENT,,True,,,,CURRENT_BAR_UNAVAILABLE,OBSERVATION_INSUFFICIENT,5,0,0,False,0,0,False,INHERITED_RAW_PRICE_BASIS,False,False
2025-08-13|148A0,2025-08-13,148A0,11:30,12:55,25,PARTIAL,3,2,,,SCALE_INSUFFICIENT,,True,,,,CURRENT_BAR_UNAVAILABLE,OBSERVATION_INSUFFICIENT,6,0,0,False,0,0,False,INHERITED_RAW_PRICE_BASIS,False,False
2025-08-13|148A0,2025-08-13,148A0,11:30,13:00,30,PARTIAL,2,3,,,SCALE_INSUFFICIENT,,True,,,,CURRENT_BAR_UNAVAILABLE,OBSERVATION_INSUFFICIENT,7,0,0,False,0,0,False,INHERITED_RAW_PRICE_BASIS,False,False
2025-08-13|148A0,2025-08-13,148A0,11:30,13:05,35,PARTIAL,2,3,,,SCALE_INSUFFICIENT,,True,,,,CURRENT_BAR_UNAVAILABLE,OBSERVATION_INSUFFICIENT,6,0,0,False,0,0,False,INHERITED_RAW_PRICE_BASIS,False,False
2025-08-13|148A0,2025-08-13,148A0,11:30,13:10,40,PARTIAL,1,4,,,SCALE_INSUFFICIENT,,True,,,,CURRENT_BAR_UNAVAILABLE,OBSERVATION_INSUFFICIENT,2,0,0,False,0,0,False,INHERITED_RAW_PRICE_BASIS,False,False
2025-08-13|148A0,2025-08-13,148A0,11:30,13:15,45,PARTIAL,3,2,,,SCALE_INSUFFICIENT,,True,,,,CURRENT_BAR_UNAVAILABLE,OBSERVATION_INSUFFICIENT,3,0,0,False,0,0,False,INHERITED_RAW_PRICE_BASIS,False,False
2025-08-13|148A0,2025-08-13,148A0,11:30,13:20,50,COMPLETE,5,0,DOWN,-0.4139072847682119,SCALE_INSUFFICIENT,,True,,,,SCALE_UNAVAILABLE,OBSERVATION_INSUFFICIENT,7,0,0,False,0,0,False,INHERITED_RAW_PRICE_BASIS,False,False
2025-08-13|148A0,2025-08-13,148A0,11:30,13:25,55,PARTIAL,2,3,,,SCALE_INSUFFICIENT,,True,,,,SCALE_UNAVAILABLE,OBSERVATION_INSUFFICIENT,6,0,0,False,0,0,False,INHERITED_RAW_PRICE_BASIS,False,False
2025-08-13|148A0,2025-08-13,148A0,11:30,13:30,60,PARTIAL,1,4,,,SCALE_INSUFFICIENT,,True,,,,CURRENT_BAR_UNAVAILABLE,OBSERVATION_INSUFFICIENT,5,0,0,False,0,0,False,INHERITED_RAW_PRICE_BASIS,False,False
2025-08-13|148A0,2025-08-13,148A0,11:30,13:35,65,PARTIAL,3,2,,,SCALE_INSUFFICIENT,,True,,,,SCALE_UNAVAILABLE,OBSERVATION_INSUFFICIENT,7,0,0,False,0,0,False,INHERITED_RAW_PRICE_BASIS,False,False
2025-08-13|148A0,2025-08-13,148A0,11:30,13:40,70,PARTIAL,2,3,,,SCALE_INSUFFICIENT,,True,,,,CURRENT_BAR_UNAVAILABLE,OBSERVATION_INSUFFICIENT,8,0,0,False,0,0,False,INHERITED_RAW_PRICE_BASIS,False,False
2025-08-13|148A0,2025-08-13,148A0,11:30,13:45,75,PARTIAL,1,4,,,SCALE_INSUFFICIENT,,True,,,,CURRENT_BAR_UNAVAILABLE,OBSERVATION_INSUFFICIENT,7,0,0,False,0,0,False,INHERITED_RAW_PRICE_BASIS,False,False
2025-08-13|148A0,2025-08-13,148A0,11:30,13:50,80,PARTIAL,1,4,,,SCALE_INSUFFICIENT,,True,,,,CURRENT_BAR_UNAVAILABLE,OBSERVATION_INSUFFICIENT,7,0,0,False,0,0,False,INHERITED_RAW_PRICE_BASIS,False,False
2025-08-13|148A0,2025-08-13,148A0,11:30,13:55,85,PARTIAL,2,3,,,SCALE_INSUFFICIENT,,True,,,,CURRENT_BAR_UNAVAILABLE,OBSERVATION_INSUFFICIENT,9,0,0,False,0,0,False,INHERITED_RAW_PRICE_BASIS,False,False
2025-08-13|148A0,2025-08-13,148A0,11:30,14:00,90,PARTIAL,1,4,,,SCALE_INSUFFICIENT,,True,,,,SCALE_UNAVAILABLE,OBSERVATION_INSUFFICIENT,9,0,0,False,0,0,False,INHERITED_RAW_PRICE_BASIS,False,False
2025-08-13|148A0,2025-08-13,148A0,11:30,14:05,95,UNAVAILABLE,0,5,,,SCALE_INSUFFICIENT,,True,,,,CURRENT_BAR_UNAVAILABLE,OBSERVATION_INSUFFICIENT,8,0,0,False,0,0,False,INHERITED_RAW_PRICE_BASIS,False,False
2025-08-13|148A0,2025-08-13,148A0,11:30,14:10,100,PARTIAL,1,4,,,SCALE_INSUFFICIENT,,True,,,,CURRENT_BAR_UNAVAILABLE,OBSERVATION_INSUFFICIENT,8,0,0,False,0,0,False,INHERITED_RAW_PRICE_BASIS,False,False
2025-08-13|148A0,2025-08-13,148A0,11:30,14:15,105,PARTIAL,1,4,,,SCALE_INSUFFICIENT,,True,,,,SCALE_UNAVAILABLE,OBSERVATION_INSUFFICIENT,8,0,0,False,0,0,False,INHERITED_RAW_PRICE_BASIS,False,False
2025-08-13|148A0,2025-08-13,148A0,11:30,14:20,110,PARTIAL,1,4,,,SCALE_INSUFFICIENT,,True,,,,CURRENT_BAR_UNAVAILABLE,OBSERVATION_INSUFFICIENT,9,0,0,False,0,0,False,INHERITED_RAW_PRICE_BASIS,False,False
2025-08-13|148A0,2025-08-13,148A0,11:30,14:25,115,PARTIAL,1,4,,,SCALE_INSUFFICIENT,,True,,,,CURRENT_BAR_UNAVAILABLE,OBSERVATION_INSUFFICIENT,10,0,0,False,0,0,False,INHERITED_RAW_PRICE_BASIS,False,False
2025-08-13|148A0,2025-08-13,148A0,11:30,14:30,120,UNAVAILABLE,0,5,,,SCALE_INSUFFICIENT,,True,,,,CURRENT_BAR_UNAVAILABLE,OBSERVATION_INSUFFICIENT,9,0,0,False,0,0,False,INHERITED_RAW_PRICE_BASIS,False,False
2025-08-13|148A0,2025-08-13,148A0,11:30,14:35,125,UNAVAILABLE,0,5,,,SCALE_INSUFFICIENT,,True,,,,CURRENT_BAR_UNAVAILABLE,OBSERVATION_INSUFFICIENT,9,0,0,False,0,0,False,INHERITED_RAW_PRICE_BASIS,False,False
2025-08-13|148A0,2025-08-13,148A0,11:30,14:40,130,PARTIAL,1,4,,,SCALE_INSUFFICIENT,,True,,,,CURRENT_BAR_UNAVAILABLE,OBSERVATION_INSUFFICIENT,10,0,0,False,0,0,False,INHERITED_RAW_PRICE_BASIS,False,False
2025-08-13|148A0,2025-08-13,148A0,11:30,14:45,135,UNAVAILABLE,0,5,,,SCALE_INSUFFICIENT,,True,,,,CURRENT_BAR_UNAVAILABLE,OBSERVATION_INSUFFICIENT,8,0,0,False,0,0,False,INHERITED_RAW_PRICE_BASIS,False,False
2025-08-13|148A0,2025-08-13,148A0,11:30,14:50,140,UNAVAILABLE,0,5,,,SCALE_INSUFFICIENT,,True,,,,CURRENT_BAR_UNAVAILABLE,OBSERVATION_INSUFFICIENT,8,0,0,False,0,0,False,INHERITED_RAW_PRICE_BASIS,False,False
2025-08-13|148A0,2025-08-13,148A0,11:30,14:55,145,PARTIAL,2,3,,,SCALE_INSUFFICIENT,,True,,,,SCALE_UNAVAILABLE,OBSERVATION_INSUFFICIENT,10,0,0,False,0,0,False,INHERITED_RAW_PRICE_BASIS,False,False
2025-08-13|148A0,2025-08-13,148A0,11:30,15:00,150,UNAVAILABLE,0,5,,,SCALE_INSUFFICIENT,,True,,,,CURRENT_BAR_UNAVAILABLE,OBSERVATION_INSUFFICIENT,7,0,0,False,0,0,False,INHERITED_RAW_PRICE_BASIS,False,False
2025-08-13|148A0,2025-08-13,148A0,11:30,15:05,155,UNAVAILABLE,0,5,,,SCALE_INSUFFICIENT,,True,,,,CURRENT_BAR_UNAVAILABLE,OBSERVATION_INSUFFICIENT,5,0,0,False,0,0,False,INHERITED_RAW_PRICE_BASIS,False,False
2025-08-13|148A0,2025-08-13,148A0,11:30,15:10,160,PARTIAL,3,2,,,SCALE_INSUFFICIENT,,True,,,,CURRENT_BAR_UNAVAILABLE,OBSERVATION_INSUFFICIENT,7,0,0,False,0,0,False,INHERITED_RAW_PRICE_BASIS,False,False
2025-08-13|148A0,2025-08-13,148A0,11:30,15:15,165,PARTIAL,2,3,,,SCALE_INSUFFICIENT,,True,,,,CURRENT_BAR_UNAVAILABLE,OBSERVATION_INSUFFICIENT,6,0,0,False,0,0,False,INHERITED_RAW_PRICE_BASIS,False,False
2025-08-13|148A0,2025-08-13,148A0,11:30,15:20,170,PARTIAL,1,4,,,SCALE_INSUFFICIENT,,True,,,,SCALE_UNAVAILABLE,RIGHT_CENSORED,2,0,0,False,0,0,False,INHERITED_RAW_PRICE_BASIS,False,False
2025-08-13|148A0,2025-08-13,148A0,11:30,15:25,175,PARTIAL,3,2,,,SCALE_INSUFFICIENT,,True,,,,CURRENT_BAR_UNAVAILABLE,RIGHT_CENSORED,0,0,0,False,0,0,False,INHERITED_RAW_PRICE_BASIS,False,False
2025-08-13|17110,2025-08-13,17110,13:30,13:30,0,COMPLETE,5,0,DOWN,-1.8248175182481752,AVAILABLE,5.0,True,,RECOVERY,RANGE_COMPRESSION|VOLUME_COMPRESSION|TRADING_VALUE_COMPRESSION,UNRESOLVED_STRUCTURE,OBSERVATION_INSUFFICIENT,2,1,2,False,3,1,True,INHERITED_RAW_PRICE_BASIS,False,False
2025-08-13|17110,2025-08-13,17110,13:30,13:35,5,PARTIAL,3,2,,,AVAILABLE,5.0,True,,,,UNRESOLVED_STRUCTURE,OBSERVATION_INSUFFICIENT,1,1,1,False,0,0,False,INHERITED_RAW_PRICE_BASIS,False,False
2025-08-13|17110,2025-08-13,17110,13:30,13:40,10,COMPLETE,5,0,DOWN,-3.2490974729241877,AVAILABLE,5.0,True,,,,UNRESOLVED_STRUCTURE,OBSERVATION_INSUFFICIENT,3,1,2,False,0,0,False,INHERITED_RAW_PRICE_BASIS,False,False
2025-08-13|17110,2025-08-13,17110,13:30,13:45,15,PARTIAL,4,1,,,AVAILABLE,5.0,True,,,,CURRENT_BAR_UNAVAILABLE,OBSERVATION_INSUFFICIENT,3,0,0,False,0,0,False,INHERITED_RAW_PRICE_BASIS,False,False
2025-08-13|17110,2025-08-13,17110,13:30,13:50,20,PARTIAL,3,2,,,AVAILABLE,5.0,True,,,,UNRESOLVED_STRUCTURE,OBSERVATION_INSUFFICIENT,2,0,0,False,0,0,False,INHERITED_RAW_PRICE_BASIS,False,False
2025-08-13|17110,2025-08-13,17110,13:30,13:55,25,PARTIAL,4,1,,,AVAILABLE,5.0,True,,,,UNRESOLVED_STRUCTURE,OBSERVATION_INSUFFICIENT,5,1,1,False,0,0,False,INHERITED_RAW_PRICE_BASIS,False,False
2025-08-13|17110,2025-08-13,17110,13:30,14:00,30,PARTIAL,4,1,,,AVAILABLE,5.0,True,,,,CURRENT_BAR_UNAVAILABLE,OBSERVATION_INSUFFICIENT,4,0,0,False,0,0,False,INHERITED_RAW_PRICE_BASIS,False,False
2025-08-13|17110,2025-08-13,17110,13:30,14:05,35,PARTIAL,1,4,,,AVAILABLE,5.0,True,,,,CURRENT_BAR_UNAVAILABLE,OBSERVATION_INSUFFICIENT,1,0,0,False,0,0,False,INHERITED_RAW_PRICE_BASIS,False,False
2025-08-13|17110,2025-08-13,17110,13:30,14:10,40,COMPLETE,5,0,DOWN,-2.816901408450704,AVAILABLE,5.0,True,,,,UNRESOLVED_STRUCTURE,OBSERVATION_INSUFFICIENT,4,1,2,False,0,0,False,INHERITED_RAW_PRICE_BASIS,False,False
2025-08-13|17110,2025-08-13,17110,13:30,14:15,45,PARTIAL,4,1,,,AVAILABLE,5.0,True,,,,UNRESOLVED_STRUCTURE,OBSERVATION_INSUFFICIENT,5,0,0,False,0,0,False,INHERITED_RAW_PRICE_BASIS,False,False
2025-08-13|17110,2025-08-13,17110,13:30,14:20,50,PARTIAL,2,3,,,AVAILABLE,5.0,True,,,,CURRENT_BAR_UNAVAILABLE,OBSERVATION_INSUFFICIENT,7,0,0,False,0,0,False,INHERITED_RAW_PRICE_BASIS,False,False
2025-08-13|17110,2025-08-13,17110,13:30,14:25,55,PARTIAL,3,2,,,AVAILABLE,5.0,True,,,,CURRENT_BAR_UNAVAILABLE,OBSERVATION_INSUFFICIENT,10,0,0,False,0,0,False,INHERITED_RAW_PRICE_BASIS,False,False
2025-08-13|17110,2025-08-13,17110,13:30,14:30,60,UNAVAILABLE,0,5,,,AVAILABLE,5.0,True,,,,CURRENT_BAR_UNAVAILABLE,OBSERVATION_INSUFFICIENT,8,0,0,False,0,0,False,INHERITED_RAW_PRICE_BASIS,False,False
2025-08-13|17110,2025-08-13,17110,13:30,14:35,65,UNAVAILABLE,0,5,,,AVAILABLE,5.0,True,,,,CURRENT_BAR_UNAVAILABLE,OBSERVATION_INSUFFICIENT,6,0,0,False,0,0,False,INHERITED_RAW_PRICE_BASIS,False,False
2025-08-13|17110,2025-08-13,17110,13:30,14:40,70,PARTIAL,2,3,,,AVAILABLE,5.0,True,,,,UNRESOLVED_STRUCTURE,OBSERVATION_INSUFFICIENT,7,0,0,False,0,0,False,INHERITED_RAW_PRICE_BASIS,False,False
2025-08-13|17110,2025-08-13,17110,13:30,14:45,75,PARTIAL,2,3,,,AVAILABLE,5.0,True,,,,UNRESOLVED_STRUCTURE,OBSERVATION_INSUFFICIENT,6,0,0,False,0,0,False,INHERITED_RAW_PRICE_BASIS,False,False
2025-08-13|17110,2025-08-13,17110,13:30,14:50,80,PARTIAL,1,4,,,AVAILABLE,5.0,True,,,,UNRESOLVED_STRUCTURE,OBSERVATION_INSUFFICIENT,5,0,0,False,0,0,False,INHERITED_RAW_PRICE_BASIS,False,False
2025-08-13|17110,2025-08-13,17110,13:30,14:55,85,PARTIAL,3,2,,,AVAILABLE,5.0,True,,,,UNRESOLVED_STRUCTURE,OBSERVATION_INSUFFICIENT,5,0,0,False,0,0,False,INHERITED_RAW_PRICE_BASIS,False,False
2025-08-13|17110,2025-08-13,17110,13:30,15:00,90,PARTIAL,2,3,,,AVAILABLE,5.0,True,,,,CURRENT_BAR_UNAVAILABLE,OBSERVATION_INSUFFICIENT,4,0,0,False,0,0,False,INHERITED_RAW_PRICE_BASIS,False,False
2025-08-13|17110,2025-08-13,17110,13:30,15:05,95,PARTIAL,3,2,,,AVAILABLE,5.0,True,,,,CURRENT_BAR_UNAVAILABLE,OBSERVATION_INSUFFICIENT,4,0,0,False,0,0,False,INHERITED_RAW_PRICE_BASIS,False,False
2025-08-13|17110,2025-08-13,17110,13:30,15:10,100,PARTIAL,3,2,,,AVAILABLE,5.0,True,,,,CURRENT_BAR_UNAVAILABLE,OBSERVATION_INSUFFICIENT,3,0,0,False,0,0,False,INHERITED_RAW_PRICE_BASIS,False,False
2025-08-13|17110,2025-08-13,17110,13:30,15:15,105,PARTIAL,3,2,,,AVAILABLE,5.0,True,,,,UNRESOLVED_STRUCTURE,OBSERVATION_INSUFFICIENT,4,1,1,False,0,0,False,INHERITED_RAW_PRICE_BASIS,False,False
2025-08-13|17110,2025-08-13,17110,13:30,15:20,110,PARTIAL,4,1,,,AVAILABLE,5.0,True,,,,CURRENT_BAR_UNAVAILABLE,RIGHT_CENSORED,3,0,0,False,0,0,False,INHERITED_RAW_PRICE_BASIS,False,False
2025-08-13|17110,2025-08-13,17110,13:30,15:25,115,PARTIAL,2,3,,,AVAILABLE,5.0,True,,,,UNRESOLVED_STRUCTURE,RIGHT_CENSORED,0,0,0,False,0,0,False,INHERITED_RAW_PRICE_BASIS,False,False
2025-08-13|218A0,2025-08-13,218A0,10:00,10:00,0,COMPLETE,5,0,DOWN,-0.1633097441480675,AVAILABLE,7.0,True,DOWN_STRUCTURE,PROGRESSION,RANGE_COMPRESSION|TRADING_VALUE_COMPRESSION,IDENTIFIED,WINDOW_OBSERVED,0,1,19,False,4,2,True,INHERITED_RAW_PRICE_BASIS,False,False
2025-08-13|218A0,2025-08-13,218A0,10:00,10:05,5,COMPLETE,5,0,DOWN,-0.16348773841961853,AVAILABLE,7.0,True,DOWN_STRUCTURE,PROGRESSION,,IDENTIFIED,WINDOW_OBSERVED,0,0,19,False,3,2,True,INHERITED_RAW_PRICE_BASIS,True,False
2025-08-13|218A0,2025-08-13,218A0,10:00,10:10,10,COMPLETE,5,0,DOWN,-0.1091703056768559,AVAILABLE,7.0,True,DOWN_STRUCTURE,PROGRESSION,RANGE_COMPRESSION|VOLUME_COMPRESSION|TRADING_VALUE_COMPRESSION,IDENTIFIED,WINDOW_OBSERVED,0,0,19,False,4,1,True,INHERITED_RAW_PRICE_BASIS,True,False
2025-08-13|218A0,2025-08-13,218A0,10:00,10:15,15,COMPLETE,5,0,UP,0.4918032786885246,AVAILABLE,7.0,True,,RESTRUCTURING,RANGE_EXPANSION|VOLUME_EXPANSION|TRADING_VALUE_EXPANSION,UNRESOLVED_STRUCTURE,WINDOW_OBSERVED,0,0,21,False,5,2,True,INHERITED_RAW_PRICE_BASIS,True,True
2025-08-13|218A0,2025-08-13,218A0,10:00,10:20,20,COMPLETE,5,0,DOWN,-0.4345464421510049,AVAILABLE,7.0,True,UP_STRUCTURE,RECOVERY,RANGE_COMPRESSION|VOLUME_COMPRESSION|TRADING_VALUE_COMPRESSION,IDENTIFIED,WINDOW_OBSERVED,0,1,22,False,0,0,True,INHERITED_RAW_PRICE_BASIS,True,True
2025-08-13|218A0,2025-08-13,218A0,10:00,10:25,25,COMPLETE,5,0,UP,0.546448087431694,AVAILABLE,7.0,True,UP_STRUCTURE,RECOVERY,,IDENTIFIED,WINDOW_OBSERVED,0,0,22,False,0,0,True,INHERITED_RAW_PRICE_BASIS,True,False
2025-08-13|218A0,2025-08-13,218A0,10:00,10:30,30,COMPLETE,5,0,UP,0.05434782608695652,AVAILABLE,7.0,True,UP_STRUCTURE,CORRECTION,CHOPPINESS,IDENTIFIED,WINDOW_OBSERVED,0,1,23,False,3,3,True,INHERITED_RAW_PRICE_BASIS,True,True
2025-08-13|218A0,2025-08-13,218A0,10:00,10:35,35,COMPLETE,5,0,UP,0.32590983161325365,AVAILABLE,7.0,True,UP_STRUCTURE,PROGRESSION,VOLUME_COMPRESSION|TRADING_VALUE_COMPRESSION,IDENTIFIED,WINDOW_OBSERVED,0,0,24,False,1,1,True,INHERITED_RAW_PRICE_BASIS,True,True
2025-08-13|218A0,2025-08-13,218A0,10:00,10:40,40,COMPLETE,5,0,UP,1.4626218851570965,AVAILABLE,7.0,True,UP_STRUCTURE,,RANGE_EXPANSION|VOLUME_EXPANSION|TRADING_VALUE_EXPANSION,IDENTIFIED,WINDOW_OBSERVED,0,1,26,False,1,1,True,INHERITED_RAW_PRICE_BASIS,True,True
2025-08-13|218A0,2025-08-13,218A0,10:00,10:45,45,COMPLETE,5,0,UP,0.37353255069370334,AVAILABLE,7.0,True,UP_STRUCTURE,RECOVERY,CHOPPINESS|RANGE_COMPRESSION,IDENTIFIED,WINDOW_OBSERVED,0,1,28,False,3,3,True,INHERITED_RAW_PRICE_BASIS,True,True
2025-08-13|218A0,2025-08-13,218A0,10:00,10:50,50,COMPLETE,5,0,DOWN,-0.053134962805526036,AVAILABLE,7.0,True,,RESTRUCTURING|RECOVERY,,UNRESOLVED_STRUCTURE,WINDOW_OBSERVED,0,0,30,False,3,2,True,INHERITED_RAW_PRICE_BASIS,True,True
2025-08-13|218A0,2025-08-13,218A0,10:00,10:55,55,COMPLETE,5,0,DOWN,-0.1595744680851064,AVAILABLE,7.0,True,DOWN_STRUCTURE,PROGRESSION,RANGE_COMPRESSION|VOLUME_COMPRESSION|TRADING_VALUE_COMPRESSION,IDENTIFIED,WINDOW_OBSERVED,0,0,31,False,0,0,True,INHERITED_RAW_PRICE_BASIS,True,True
2025-08-13|218A0,2025-08-13,218A0,10:00,11:00,60,COMPLETE,5,0,DOWN,-0.053304904051172705,AVAILABLE,7.0,True,DOWN_STRUCTURE,CORRECTION|RECOVERY,CHOPPINESS,IDENTIFIED,WINDOW_OBSERVED,0,1,32,False,2,2,True,INHERITED_RAW_PRICE_BASIS,True,True
2025-08-13|218A0,2025-08-13,218A0,10:00,11:05,65,COMPLETE,5,0,UP,1.2266666666666666,AVAILABLE,7.0,True,UP_STRUCTURE,PROGRESSION,RANGE_EXPANSION|VOLUME_EXPANSION|TRADING_VALUE_EXPANSION,IDENTIFIED,WINDOW_OBSERVED,0,0,34,False,3,3,True,INHERITED_RAW_PRICE_BASIS,True,True
2025-08-13|218A0,2025-08-13,218A0,10:00,11:10,70,COMPLETE,5,0,UNCHANGED,0.0,AVAILABLE,7.0,True,UP_STRUCTURE,CORRECTION,CHOPPINESS|RANGE_COMPRESSION,IDENTIFIED,WINDOW_OBSERVED,0,0,35,False,0,0,True,INHERITED_RAW_PRICE_BASIS,True,True
2025-08-13|218A0,2025-08-13,218A0,10:00,11:15,75,COMPLETE,5,0,DOWN,-0.42105263157894735,AVAILABLE,7.0,True,UP_STRUCTURE,CORRECTION,VOLUME_COMPRESSION|TRADING_VALUE_COMPRESSION,IDENTIFIED,WINDOW_OBSERVED,0,0,35,False,0,0,True,INHERITED_RAW_PRICE_BASIS,True,False
2025-08-13|218A0,2025-08-13,218A0,10:00,11:20,80,COMPLETE,5,0,DOWN,-0.10559662090813093,AVAILABLE,7.0,True,UP_STRUCTURE,CORRECTION,RANGE_COMPRESSION,IDENTIFIED,WINDOW_OBSERVED,0,0,35,False,0,0,True,INHERITED_RAW_PRICE_BASIS,True,False
2025-08-13|218A0,2025-08-13,218A0,10:00,11:25,85,COMPLETE,5,0,DOWN,-0.21130480718436345,AVAILABLE,7.0,True,UP_STRUCTURE,RECOVERY,CHOPPINESS|RANGE_EXPANSION|VOLUME_EXPANSION|TRADING_VALUE_EXPANSION,IDENTIFIED,WINDOW_OBSERVED,0,1,36,False,2,1,True,INHERITED_RAW_PRICE_BASIS,True,True
2025-08-13|218A0,2025-08-13,218A0,10:00,11:30,90,COMPLETE,5,0,DOWN,-0.2646903123345686,AVAILABLE,7.0,True,,RESTRUCTURING,CHOPPINESS|VOLUME_COMPRESSION|TRADING_VALUE_COMPRESSION,UNRESOLVED_STRUCTURE,WINDOW_OBSERVED,0,0,37,False,1,1,True,INHERITED_RAW_PRICE_BASIS,True,True
2025-08-13|218A0,2025-08-13,218A0,10:00,12:35,95,COMPLETE,5,0,UNCHANGED,0.0,AVAILABLE,7.0,True,,RESTRUCTURING,CHOPPINESS,UNRESOLVED_STRUCTURE,WINDOW_OBSERVED,0,1,2,False,0,0,True,INHERITED_RAW_PRICE_BASIS,True,False
2025-08-13|218A0,2025-08-13,218A0,10:00,12:40,100,COMPLETE,5,0,UP,0.6881948120698782,AVAILABLE,7.0,True,,RESTRUCTURING|RECOVERY,VOLUME_COMPRESSION|TRADING_VALUE_COMPRESSION,UNRESOLVED_STRUCTURE,WINDOW_OBSERVED,0,0,2,False,2,0,True,INHERITED_RAW_PRICE_BASIS,True,True
2025-08-13|218A0,2025-08-13,218A0,10:00,12:45,105,COMPLETE,5,0,UP,0.3678402522333158,AVAILABLE,7.0,True,,RESTRUCTURING,VOLUME_EXPANSION|TRADING_VALUE_EXPANSION,UNRESOLVED_STRUCTURE,WINDOW_OBSERVED,0,0,2,False,3,3,True,INHERITED_RAW_PRICE_BASIS,True,True
2025-08-13|218A0,2025-08-13,218A0,10:00,12:50,110,COMPLETE,5,0,DOWN,-0.2615062761506276,AVAILABLE,7.0,True,UP_STRUCTURE,RECOVERY,,IDENTIFIED,WINDOW_OBSERVED,0,0,4,False,3,2,True,INHERITED_RAW_PRICE_BASIS,True,True
2025-08-13|218A0,2025-08-13,218A0,10:00,12:55,115,COMPLETE,5,0,DOWN,-0.15739769150052466,AVAILABLE,7.0,True,UP_STRUCTURE,,,IDENTIFIED,WINDOW_OBSERVED,0,1,6,False,0,0,True,INHERITED_RAW_PRICE_BASIS,True,True
2025-08-13|218A0,2025-08-13,218A0,10:00,13:00,120,COMPLETE,5,0,UP,0.578642819568648,AVAILABLE,7.0,True,UP_STRUCTURE,RECOVERY,VOLUME_COMPRESSION|TRADING_VALUE_COMPRESSION,IDENTIFIED,WINDOW_OBSERVED,0,0,6,False,0,0,True,INHERITED_RAW_PRICE_BASIS,True,True
2025-08-13|218A0,2025-08-13,218A0,10:00,13:05,125,COMPLETE,5,0,DOWN,-0.05230125523012552,AVAILABLE,7.0,True,UP_STRUCTURE,CORRECTION,VOLUME_EXPANSION|TRADING_VALUE_EXPANSION,IDENTIFIED,WINDOW_OBSERVED,0,0,7,False,3,2,True,INHERITED_RAW_PRICE_BASIS,True,True
2025-08-13|218A0,2025-08-13,218A0,10:00,13:10,130,COMPLETE,5,0,DOWN,-0.20931449502878074,AVAILABLE,7.0,True,UP_STRUCTURE,CORRECTION,RANGE_COMPRESSION|VOLUME_COMPRESSION|TRADING_VALUE_COMPRESSION,IDENTIFIED,WINDOW_OBSERVED,0,0,7,False,0,0,True,INHERITED_RAW_PRICE_BASIS,True,False
2025-08-13|218A0,2025-08-13,218A0,10:00,13:15,135,COMPLETE,5,0,DOWN,-0.2098635886673662,AVAILABLE,7.0,True,,RESTRUCTURING,RANGE_COMPRESSION,UNRESOLVED_STRUCTURE,WINDOW_OBSERVED,0,1,8,False,1,1,True,INHERITED_RAW_PRICE_BASIS,True,True
2025-08-13|218A0,2025-08-13,218A0,10:00,13:20,140,COMPLETE,5,0,UP,0.05254860746190226,AVAILABLE,7.0,True,,RESTRUCTURING|RECOVERY,,UNRESOLVED_STRUCTURE,WINDOW_OBSERVED,0,1,8,False,3,2,True,INHERITED_RAW_PRICE_BASIS,True,True
2025-08-13|218A0,2025-08-13,218A0,10:00,13:25,145,COMPLETE,5,0,UP,0.7874015748031497,AVAILABLE,7.0,True,,RESTRUCTURING,RANGE_EXPANSION|VOLUME_EXPANSION|TRADING_VALUE_EXPANSION,UNRESOLVED_STRUCTURE,WINDOW_OBSERVED,0,0,8,False,2,2,True,INHERITED_RAW_PRICE_BASIS,True,True
2025-08-13|218A0,2025-08-13,218A0,10:00,13:30,150,COMPLETE,5,0,UP,0.7291666666666666,AVAILABLE,7.0,True,,RESTRUCTURING,,UNRESOLVED_STRUCTURE,WINDOW_OBSERVED,0,1,9,False,0,1,True,INHERITED_RAW_PRICE_BASIS,True,False
2025-08-13|218A0,2025-08-13,218A0,10:00,13:35,155,COMPLETE,5,0,DOWN,-0.9824198552223371,AVAILABLE,7.0,True,,RESTRUCTURING,VOLUME_COMPRESSION|TRADING_VALUE_COMPRESSION,UNRESOLVED_STRUCTURE,WINDOW_OBSERVED,0,0,9,False,2,1,True,INHERITED_RAW_PRICE_BASIS,True,False
2025-08-13|218A0,2025-08-13,218A0,10:00,13:40,160,COMPLETE,5,0,DOWN,-0.5227391531625719,AVAILABLE,7.0,True,UP_STRUCTURE,,RANGE_COMPRESSION,IDENTIFIED,WINDOW_OBSERVED,0,1,10,False,0,0,True,INHERITED_RAW_PRICE_BASIS,True,True
2025-08-13|218A0,2025-08-13,218A0,10:00,13:45,165,COMPLETE,5,0,UP,0.5774278215223098,AVAILABLE,7.0,True,UP_STRUCTURE,RECOVERY,,IDENTIFIED,WINDOW_OBSERVED,0,0,10,False,0,0,True,INHERITED_RAW_PRICE_BASIS,True,True
2025-08-13|218A0,2025-08-13,218A0,10:00,13:50,170,COMPLETE,5,0,UP,0.3651538862806468,AVAILABLE,7.0,True,UP_STRUCTURE,,,IDENTIFIED,WINDOW_OBSERVED,0,1,11,False,0,0,True,INHERITED_RAW_PRICE_BASIS,True,True
2025-08-13|218A0,2025-08-13,218A0,10:00,13:55,175,COMPLETE,5,0,DOWN,-0.2598752598752599,AVAILABLE,7.0,True,UP_STRUCTURE,CORRECTION,RANGE_COMPRESSION,IDENTIFIED,WINDOW_OBSERVED,0,1,11,False,0,0,True,INHERITED_RAW_PRICE_BASIS,True,True
2025-08-13|218A0,2025-08-13,218A0,10:00,14:00,180,COMPLETE,5,0,DOWN,-0.5219206680584552,AVAILABLE,7.0,True,DOWN_STRUCTURE,CORRECTION|RECOVERY,RANGE_EXPANSION|VOLUME_EXPANSION|TRADING_VALUE_EXPANSION,IDENTIFIED,WINDOW_OBSERVED,0,1,12,False,2,2,True,INHERITED_RAW_PRICE_BASIS,True,True
2025-08-13|218A0,2025-08-13,218A0,10:00,14:05,185,COMPLETE,5,0,UP,0.3147953830010493,AVAILABLE,7.0,True,DOWN_STRUCTURE,CORRECTION|RECOVERY,RANGE_COMPRESSION|VOLUME_COMPRESSION|TRADING_VALUE_COMPRESSION,IDENTIFIED,WINDOW_OBSERVED,0,0,12,False,0,0,True,INHERITED_RAW_PRICE_BASIS,True,False
2025-08-13|218A0,2025-08-13,218A0,10:00,14:10,190,COMPLETE,5,0,UP,0.10460251046025104,AVAILABLE,7.0,True,DOWN_STRUCTURE,,VOLUME_COMPRESSION|TRADING_VALUE_COMPRESSION,IDENTIFIED,WINDOW_OBSERVED,0,1,13,False,0,0,True,INHERITED_RAW_PRICE_BASIS,True,True
2025-08-13|218A0,2025-08-13,218A0,10:00,14:15,195,COMPLETE,5,0,DOWN,-0.6272869837950863,AVAILABLE,7.0,True,DOWN_STRUCTURE,,RANGE_EXPANSION|VOLUME_EXPANSION|TRADING_VALUE_EXPANSION,IDENTIFIED,WINDOW_OBSERVED,0,1,14,False,1,0,True,INHERITED_RAW_PRICE_BASIS,True,False
2025-08-13|218A0,2025-08-13,218A0,10:00,14:20,200,COMPLETE,5,0,UP,0.3682272488164124,AVAILABLE,7.0,True,DOWN_STRUCTURE,CORRECTION|RECOVERY,,IDENTIFIED,WINDOW_OBSERVED,0,0,14,False,2,2,True,INHERITED_RAW_PRICE_BASIS,True,True
2025-08-13|218A0,2025-08-13,218A0,10:00,14:25,205,COMPLETE,5,0,UP,0.47194546407970633,AVAILABLE,7.0,True,,RESTRUCTURING,,UNRESOLVED_STRUCTURE,WINDOW_OBSERVED,0,1,15,False,1,1,True,INHERITED_RAW_PRICE_BASIS,True,True
2025-08-13|218A0,2025-08-13,218A0,10:00,14:30,210,COMPLETE,5,0,DOWN,-0.15657620041753653,AVAILABLE,7.0,True,UP_STRUCTURE,,,IDENTIFIED,WINDOW_OBSERVED,0,1,16,False,2,1,True,INHERITED_RAW_PRICE_BASIS,True,True
2025-08-13|218A0,2025-08-13,218A0,10:00,14:35,215,COMPLETE,5,0,UP,0.522466039707419,AVAILABLE,7.0,True,UP_STRUCTURE,,VOLUME_COMPRESSION|TRADING_VALUE_COMPRESSION,IDENTIFIED,WINDOW_OBSERVED,0,1,17,False,4,3,True,INHERITED_RAW_PRICE_BASIS,True,False
2025-08-13|218A0,2025-08-13,218A0,10:00,14:40,220,COMPLETE,5,0,DOWN,-0.2598752598752599,AVAILABLE,7.0,True,UP_STRUCTURE,CORRECTION,VOLUME_EXPANSION|TRADING_VALUE_EXPANSION,IDENTIFIED,WINDOW_OBSERVED,0,1,17,False,2,2,True,INHERITED_RAW_PRICE_BASIS,True,True
2025-08-13|218A0,2025-08-13,218A0,10:00,14:45,225,COMPLETE,5,0,DOWN,-0.46875,AVAILABLE,7.0,True,,RESTRUCTURING,,UNRESOLVED_STRUCTURE,WINDOW_OBSERVED,0,0,17,False,2,1,True,INHERITED_RAW_PRICE_BASIS,True,True
2025-08-13|218A0,2025-08-13,218A0,10:00,14:50,230,COMPLETE,5,0,UP,0.15698587127158556,AVAILABLE,7.0,True,,RESTRUCTURING,RANGE_COMPRESSION,UNRESOLVED_STRUCTURE,WINDOW_OBSERVED,0,0,17,False,2,1,True,INHERITED_RAW_PRICE_BASIS,True,False
2025-08-13|218A0,2025-08-13,218A0,10:00,14:55,235,COMPLETE,5,0,UP,0.31347962382445144,AVAILABLE,7.0,True,,RESTRUCTURING|RECOVERY,RANGE_EXPANSION|VOLUME_EXPANSION|TRADING_VALUE_EXPANSION,UNRESOLVED_STRUCTURE,WINDOW_OBSERVED,0,0,18,False,2,2,True,INHERITED_RAW_PRICE_BASIS,True,True
2025-08-13|218A0,2025-08-13,218A0,10:00,15:00,240,COMPLETE,5,0,DOWN,-0.4166666666666667,AVAILABLE,7.0,True,,RESTRUCTURING,,UNRESOLVED_STRUCTURE,WINDOW_OBSERVED,0,1,20,False,1,1,True,INHERITED_RAW_PRICE_BASIS,True,True
2025-08-13|218A0,2025-08-13,218A0,10:00,15:05,245,COMPLETE,5,0,UP,0.2609603340292276,AVAILABLE,7.0,True,UP_STRUCTURE,,VOLUME_EXPANSION|TRADING_VALUE_EXPANSION,IDENTIFIED,WINDOW_OBSERVED,0,1,22,False,3,2,True,INHERITED_RAW_PRICE_BASIS,True,True
2025-08-13|218A0,2025-08-13,218A0,10:00,15:10,250,COMPLETE,5,0,UP,0.5202913631633714,AVAILABLE,7.0,True,UP_STRUCTURE,,RANGE_COMPRESSION|VOLUME_COMPRESSION|TRADING_VALUE_COMPRESSION,IDENTIFIED,WINDOW_OBSERVED,0,1,23,False,1,1,True,INHERITED_RAW_PRICE_BASIS,True,False
2025-08-13|218A0,2025-08-13,218A0,10:00,15:15,255,COMPLETE,5,0,DOWN,-0.4142931123770067,AVAILABLE,7.0,True,DOWN_STRUCTURE,,RANGE_EXPANSION|VOLUME_EXPANSION|TRADING_VALUE_EXPANSION,IDENTIFIED,WINDOW_OBSERVED,0,1,25,False,3,3,True,INHERITED_RAW_PRICE_BASIS,True,False
2025-08-13|218A0,2025-08-13,218A0,10:00,15:20,260,COMPLETE,5,0,DOWN,-0.7796257796257796,AVAILABLE,7.0,True,DOWN_STRUCTURE,CORRECTION|RECOVERY,,IDENTIFIED,RIGHT_CENSORED,0,1,26,False,2,1,True,INHERITED_RAW_PRICE_BASIS,True,True
2025-08-13|218A0,2025-08-13,218A0,10:00,15:25,265,COMPLETE,5,0,UP,0.3668763102725367,AVAILABLE,7.0,True,DOWN_STRUCTURE,CORRECTION|RECOVERY,RANGE_COMPRESSION|VOLUME_COMPRESSION|TRADING_VALUE_COMPRESSION,IDENTIFIED,RIGHT_CENSORED,0,0,26,False,4,2,True,INHERITED_RAW_PRICE_BASIS,True,False
2025-08-13|21950,2025-08-13,21950,09:30,09:30,0,PARTIAL,1,4,,,SCALE_INSUFFICIENT,,True,,,,CURRENT_BAR_UNAVAILABLE,OBSERVATION_INSUFFICIENT,4,0,0,False,0,0,False,INHERITED_RAW_PRICE_BASIS,False,False
2025-08-13|21950,2025-08-13,21950,09:30,09:35,5,PARTIAL,3,2,,,SCALE_INSUFFICIENT,,True,,,,CURRENT_BAR_UNAVAILABLE,OBSERVATION_INSUFFICIENT,7,0,0,False,0,0,False,INHERITED_RAW_PRICE_BASIS,False,False
2025-08-13|21950,2025-08-13,21950,09:30,09:40,10,PARTIAL,3,2,,,SCALE_INSUFFICIENT,,True,,,,CURRENT_BAR_UNAVAILABLE,OBSERVATION_INSUFFICIENT,10,0,0,False,0,0,False,INHERITED_RAW_PRICE_BASIS,False,False
2025-08-13|21950,2025-08-13,21950,09:30,09:45,15,UNAVAILABLE,0,5,,,SCALE_INSUFFICIENT,,True,,,,CURRENT_BAR_UNAVAILABLE,OBSERVATION_INSUFFICIENT,9,0,0,False,0,0,False,INHERITED_RAW_PRICE_BASIS,False,False
2025-08-13|21950,2025-08-13,21950,09:30,09:50,20,UNAVAILABLE,0,5,,,SCALE_INSUFFICIENT,,True,,,,CURRENT_BAR_UNAVAILABLE,OBSERVATION_INSUFFICIENT,8,0,0,False,0,0,False,INHERITED_RAW_PRICE_BASIS,False,False
2025-08-13|21950,2025-08-13,21950,09:30,09:55,25,PARTIAL,1,4,,,SCALE_INSUFFICIENT,,True,,,,CURRENT_BAR_UNAVAILABLE,OBSERVATION_INSUFFICIENT,7,0,0,False,0,0,False,INHERITED_RAW_PRICE_BASIS,False,False
2025-08-13|21950,2025-08-13,21950,09:30,10:00,30,PARTIAL,1,4,,,SCALE_INSUFFICIENT,,True,,,,CURRENT_BAR_UNAVAILABLE,OBSERVATION_INSUFFICIENT,8,0,0,False,0,0,False,INHERITED_RAW_PRICE_BASIS,False,False
2025-08-13|21950,2025-08-13,21950,09:30,10:05,35,PARTIAL,2,3,,,SCALE_INSUFFICIENT,,True,,,,CURRENT_BAR_UNAVAILABLE,OBSERVATION_INSUFFICIENT,10,0,0,False,0,0,False,INHERITED_RAW_PRICE_BASIS,False,False
2025-08-13|21950,2025-08-13,21950,09:30,10:10,40,UNAVAILABLE,0,5,,,SCALE_INSUFFICIENT,,True,,,,CURRENT_BAR_UNAVAILABLE,OBSERVATION_INSUFFICIENT,7,0,0,False,0,0,False,INHERITED_RAW_PRICE_BASIS,False,False
2025-08-13|21950,2025-08-13,21950,09:30,10:15,45,UNAVAILABLE,0,5,,,SCALE_INSUFFICIENT,,True,,,,CURRENT_BAR_UNAVAILABLE,OBSERVATION_INSUFFICIENT,7,0,0,False,0,0,False,INHERITED_RAW_PRICE_BASIS,False,False
2025-08-13|21950,2025-08-13,21950,09:30,10:20,50,PARTIAL,3,2,,,SCALE_INSUFFICIENT,,True,,,,SCALE_UNAVAILABLE,OBSERVATION_INSUFFICIENT,10,0,0,False,1,1,False,INHERITED_RAW_PRICE_BASIS,False,False
2025-08-13|21950,2025-08-13,21950,09:30,10:25,55,UNAVAILABLE,0,5,,,SCALE_INSUFFICIENT,,True,,,,CURRENT_BAR_UNAVAILABLE,OBSERVATION_INSUFFICIENT,9,0,0,False,0,0,False,INHERITED_RAW_PRICE_BASIS,False,False
2025-08-13|21950,2025-08-13,21950,09:30,10:30,60,UNAVAILABLE,0,5,,,SCALE_INSUFFICIENT,,True,,,,CURRENT_BAR_UNAVAILABLE,OBSERVATION_INSUFFICIENT,8,0,0,False,0,0,False,INHERITED_RAW_PRICE_BASIS,False,False
2025-08-13|21950,2025-08-13,21950,09:30,10:35,65,PARTIAL,1,4,,,SCALE_INSUFFICIENT,,True,,,,CURRENT_BAR_UNAVAILABLE,OBSERVATION_INSUFFICIENT,9,0,0,False,0,0,False,INHERITED_RAW_PRICE_BASIS,False,False
2025-08-13|21950,2025-08-13,21950,09:30,10:40,70,PARTIAL,1,4,,,SCALE_INSUFFICIENT,,True,,,,CURRENT_BAR_UNAVAILABLE,OBSERVATION_INSUFFICIENT,10,0,0,False,0,0,False,INHERITED_RAW_PRICE_BASIS,False,False
2025-08-13|21950,2025-08-13,21950,09:30,10:45,75,UNAVAILABLE,0,5,,,SCALE_INSUFFICIENT,,True,,,,CURRENT_BAR_UNAVAILABLE,OBSERVATION_INSUFFICIENT,8,0,0,False,0,0,False,INHERITED_RAW_PRICE_BASIS,False,False
2025-08-13|21950,2025-08-13,21950,09:30,10:50,80,UNAVAILABLE,0,5,,,SCALE_INSUFFICIENT,,True,,,,CURRENT_BAR_UNAVAILABLE,OBSERVATION_INSUFFICIENT,8,0,0,False,0,0,False,INHERITED_RAW_PRICE_BASIS,False,False
2025-08-13|21950,2025-08-13,21950,09:30,10:55,85,PARTIAL,2,3,,,SCALE_INSUFFICIENT,,True,,,,CURRENT_BAR_UNAVAILABLE,OBSERVATION_INSUFFICIENT,9,0,0,False,0,0,False,INHERITED_RAW_PRICE_BASIS,False,False
2025-08-13|21950,2025-08-13,21950,09:30,11:00,90,UNAVAILABLE,0,5,,,SCALE_INSUFFICIENT,,True,,,,CURRENT_BAR_UNAVAILABLE,OBSERVATION_INSUFFICIENT,9,0,0,False,0,0,False,INHERITED_RAW_PRICE_BASIS,False,False
2025-08-13|21950,2025-08-13,21950,09:30,11:05,95,PARTIAL,1,4,,,SCALE_INSUFFICIENT,,True,,,,CURRENT_BAR_UNAVAILABLE,OBSERVATION_INSUFFICIENT,8,0,0,False,0,0,False,INHERITED_RAW_PRICE_BASIS,False,False
2025-08-13|21950,2025-08-13,21950,09:30,11:10,100,UNAVAILABLE,0,5,,,SCALE_INSUFFICIENT,,True,,,,CURRENT_BAR_UNAVAILABLE,OBSERVATION_INSUFFICIENT,8,0,0,False,0,0,False,INHERITED_RAW_PRICE_BASIS,False,False
2025-08-13|21950,2025-08-13,21950,09:30,11:15,105,PARTIAL,2,3,,,SCALE_INSUFFICIENT,,True,,,,CURRENT_BAR_UNAVAILABLE,OBSERVATION_INSUFFICIENT,10,0,0,False,0,0,False,INHERITED_RAW_PRICE_BASIS,False,False
2025-08-13|21950,2025-08-13,21950,09:30,11:20,110,UNAVAILABLE,0,5,,,SCALE_INSUFFICIENT,,True,,,,CURRENT_BAR_UNAVAILABLE,OBSERVATION_INSUFFICIENT,8,0,0,False,0,0,False,INHERITED_RAW_PRICE_BASIS,False,False
2025-08-13|21950,2025-08-13,21950,09:30,11:25,115,UNAVAILABLE,0,5,,,SCALE_INSUFFICIENT,,True,,,,CURRENT_BAR_UNAVAILABLE,OBSERVATION_INSUFFICIENT,6,0,0,False,0,0,False,INHERITED_RAW_PRICE_BASIS,False,False
2025-08-13|21950,2025-08-13,21950,09:30,11:30,120,PARTIAL,2,3,,,SCALE_INSUFFICIENT,,True,,,,CURRENT_BAR_UNAVAILABLE,OBSERVATION_INSUFFICIENT,8,0,0,False,0,0,False,INHERITED_RAW_PRICE_BASIS,False,False
2025-08-13|21950,2025-08-13,21950,09:30,12:35,125,PARTIAL,2,3,,,SCALE_INSUFFICIENT,,True,,,,SCALE_UNAVAILABLE,OBSERVATION_INSUFFICIENT,9,0,0,False,0,0,False,INHERITED_RAW_PRICE_BASIS,False,False
2025-08-13|21950,2025-08-13,21950,09:30,12:40,130,UNAVAILABLE,0,5,,,SCALE_INSUFFICIENT,,True,,,,CURRENT_BAR_UNAVAILABLE,OBSERVATION_INSUFFICIENT,9,0,0,False,0,0,False,INHERITED_RAW_PRICE_BASIS,False,False
2025-08-13|21950,2025-08-13,21950,09:30,12:45,135,PARTIAL,1,4,,,SCALE_INSUFFICIENT,,True,,,,SCALE_UNAVAILABLE,OBSERVATION_INSUFFICIENT,10,0,0,False,0,0,False,INHERITED_RAW_PRICE_BASIS,False,False
2025-08-13|21950,2025-08-13,21950,09:30,12:50,140,UNAVAILABLE,0,5,,,SCALE_INSUFFICIENT,,True,,,,CURRENT_BAR_UNAVAILABLE,OBSERVATION_INSUFFICIENT,9,0,0,False,0,0,False,INHERITED_RAW_PRICE_BASIS,False,False
2025-08-13|21950,2025-08-13,21950,09:30,12:55,145,UNAVAILABLE,0,5,,,SCALE_INSUFFICIENT,,True,,,,CURRENT_BAR_UNAVAILABLE,OBSERVATION_INSUFFICIENT,9,0,0,False,0,0,False,INHERITED_RAW_PRICE_BASIS,False,False
2025-08-13|21950,2025-08-13,21950,09:30,13:00,150,PARTIAL,1,4,,,SCALE_INSUFFICIENT,,True,,,,CURRENT_BAR_UNAVAILABLE,OBSERVATION_INSUFFICIENT,8,0,0,False,0,0,False,INHERITED_RAW_PRICE_BASIS,False,False
2025-08-13|21950,2025-08-13,21950,09:30,13:05,155,UNAVAILABLE,0,5,,,SCALE_INSUFFICIENT,,True,,,,CURRENT_BAR_UNAVAILABLE,OBSERVATION_INSUFFICIENT,8,0,0,False,0,0,False,INHERITED_RAW_PRICE_BASIS,False,False
2025-08-13|21950,2025-08-13,21950,09:30,13:10,160,PARTIAL,2,3,,,SCALE_INSUFFICIENT,,True,,,,SCALE_UNAVAILABLE,OBSERVATION_INSUFFICIENT,10,0,0,False,0,0,False,INHERITED_RAW_PRICE_BASIS,False,False
2025-08-13|21950,2025-08-13,21950,09:30,13:15,165,UNAVAILABLE,0,5,,,SCALE_INSUFFICIENT,,True,,,,CURRENT_BAR_UNAVAILABLE,OBSERVATION_INSUFFICIENT,10,0,0,False,0,0,False,INHERITED_RAW_PRICE_BASIS,False,False
2025-08-13|21950,2025-08-13,21950,09:30,13:20,170,UNAVAILABLE,0,5,,,SCALE_INSUFFICIENT,,True,,,,CURRENT_BAR_UNAVAILABLE,OBSERVATION_INSUFFICIENT,10,0,0,False,0,0,False,INHERITED_RAW_PRICE_BASIS,False,False
2025-08-13|21950,2025-08-13,21950,09:30,13:25,175,UNAVAILABLE,0,5,,,SCALE_INSUFFICIENT,,True,,,,CURRENT_BAR_UNAVAILABLE,OBSERVATION_INSUFFICIENT,10,0,0,False,0,0,False,INHERITED_RAW_PRICE_BASIS,False,False
2025-08-13|21950,2025-08-13,21950,09:30,13:30,180,UNAVAILABLE,0,5,,,SCALE_INSUFFICIENT,,True,,,,CURRENT_BAR_UNAVAILABLE,OBSERVATION_INSUFFICIENT,9,0,0,False,0,0,False,INHERITED_RAW_PRICE_BASIS,False,False
2025-08-13|21950,2025-08-13,21950,09:30,13:35,185,UNAVAILABLE,0,5,,,SCALE_INSUFFICIENT,,True,,,,CURRENT_BAR_UNAVAILABLE,OBSERVATION_INSUFFICIENT,9,0,0,False,0,0,False,INHERITED_RAW_PRICE_BASIS,False,False
2025-08-13|21950,2025-08-13,21950,09:30,13:40,190,PARTIAL,1,4,,,SCALE_INSUFFICIENT,,True,,,,CURRENT_BAR_UNAVAILABLE,OBSERVATION_INSUFFICIENT,10,0,0,False,0,0,False,INHERITED_RAW_PRICE_BASIS,False,False
2025-08-13|21950,2025-08-13,21950,09:30,13:45,195,UNAVAILABLE,0,5,,,SCALE_INSUFFICIENT,,True,,,,CURRENT_BAR_UNAVAILABLE,OBSERVATION_INSUFFICIENT,9,0,0,False,0,0,False,INHERITED_RAW_PRICE_BASIS,False,False
2025-08-13|21950,2025-08-13,21950,09:30,13:50,200,UNAVAILABLE,0,5,,,SCALE_INSUFFICIENT,,True,,,,CURRENT_BAR_UNAVAILABLE,OBSERVATION_INSUFFICIENT,8,0,0,False,0,0,False,INHERITED_RAW_PRICE_BASIS,False,False
2025-08-13|21950,2025-08-13,21950,09:30,13:55,205,PARTIAL,1,4,,,SCALE_INSUFFICIENT,,True,,,,CURRENT_BAR_UNAVAILABLE,OBSERVATION_INSUFFICIENT,9,0,0,False,0,0,False,INHERITED_RAW_PRICE_BASIS,False,False
2025-08-13|21950,2025-08-13,21950,09:30,14:00,210,PARTIAL,1,4,,,SCALE_INSUFFICIENT,,True,,,,CURRENT_BAR_UNAVAILABLE,OBSERVATION_INSUFFICIENT,10,0,0,False,0,0,False,INHERITED_RAW_PRICE_BASIS,False,False
2025-08-13|21950,2025-08-13,21950,09:30,14:05,215,UNAVAILABLE,0,5,,,SCALE_INSUFFICIENT,,True,,,,CURRENT_BAR_UNAVAILABLE,OBSERVATION_INSUFFICIENT,10,0,0,False,0,0,False,INHERITED_RAW_PRICE_BASIS,False,False
2025-08-13|21950,2025-08-13,21950,09:30,14:10,220,UNAVAILABLE,0,5,,,SCALE_INSUFFICIENT,,True,,,,CURRENT_BAR_UNAVAILABLE,OBSERVATION_INSUFFICIENT,9,0,0,False,0,0,False,INHERITED_RAW_PRICE_BASIS,False,False
2025-08-13|21950,2025-08-13,21950,09:30,14:15,225,UNAVAILABLE,0,5,,,SCALE_INSUFFICIENT,,True,,,,CURRENT_BAR_UNAVAILABLE,OBSERVATION_INSUFFICIENT,9,0,0,False,0,0,False,INHERITED_RAW_PRICE_BASIS,False,False
2025-08-13|21950,2025-08-13,21950,09:30,14:20,230,PARTIAL,1,4,,,SCALE_INSUFFICIENT,,True,,,,CURRENT_BAR_UNAVAILABLE,OBSERVATION_INSUFFICIENT,10,0,0,False,0,0,False,INHERITED_RAW_PRICE_BASIS,False,False
2025-08-13|21950,2025-08-13,21950,09:30,14:25,235,UNAVAILABLE,0,5,,,SCALE_INSUFFICIENT,,True,,,,CURRENT_BAR_UNAVAILABLE,OBSERVATION_INSUFFICIENT,9,0,0,False,0,0,False,INHERITED_RAW_PRICE_BASIS,False,False
2025-08-13|21950,2025-08-13,21950,09:30,14:30,240,UNAVAILABLE,0,5,,,SCALE_INSUFFICIENT,,True,,,,CURRENT_BAR_UNAVAILABLE,OBSERVATION_INSUFFICIENT,9,0,0,False,0,0,False,INHERITED_RAW_PRICE_BASIS,False,False
2025-08-13|21950,2025-08-13,21950,09:30,14:35,245,PARTIAL,1,4,,,SCALE_INSUFFICIENT,,True,,,,CURRENT_BAR_UNAVAILABLE,OBSERVATION_INSUFFICIENT,9,0,0,False,0,0,False,INHERITED_RAW_PRICE_BASIS,False,False
2025-08-13|21950,2025-08-13,21950,09:30,14:40,250,UNAVAILABLE,0,5,,,SCALE_INSUFFICIENT,,True,,,,CURRENT_BAR_UNAVAILABLE,OBSERVATION_INSUFFICIENT,8,0,0,False,0,0,False,INHERITED_RAW_PRICE_BASIS,False,False
2025-08-13|21950,2025-08-13,21950,09:30,14:45,255,PARTIAL,1,4,,,SCALE_INSUFFICIENT,,True,,,,CURRENT_BAR_UNAVAILABLE,OBSERVATION_INSUFFICIENT,9,0,0,False,0,0,False,INHERITED_RAW_PRICE_BASIS,False,False
2025-08-13|21950,2025-08-13,21950,09:30,14:50,260,PARTIAL,1,4,,,SCALE_INSUFFICIENT,,True,,,,CURRENT_BAR_UNAVAILABLE,OBSERVATION_INSUFFICIENT,10,0,0,False,0,0,False,INHERITED_RAW_PRICE_BASIS,False,False
2025-08-13|21950,2025-08-13,21950,09:30,14:55,265,UNAVAILABLE,0,5,,,SCALE_INSUFFICIENT,,True,,,,CURRENT_BAR_UNAVAILABLE,OBSERVATION_INSUFFICIENT,10,0,0,False,0,0,False,INHERITED_RAW_PRICE_BASIS,False,False
2025-08-13|21950,2025-08-13,21950,09:30,15:00,270,UNAVAILABLE,0,5,,,SCALE_INSUFFICIENT,,True,,,,CURRENT_BAR_UNAVAILABLE,OBSERVATION_INSUFFICIENT,9,0,0,False,0,0,False,INHERITED_RAW_PRICE_BASIS,False,False
2025-08-13|21950,2025-08-13,21950,09:30,15:05,275,UNAVAILABLE,0,5,,,SCALE_INSUFFICIENT,,True,,,,CURRENT_BAR_UNAVAILABLE,OBSERVATION_INSUFFICIENT,9,0,0,False,0,0,False,INHERITED_RAW_PRICE_BASIS,False,False
2025-08-13|21950,2025-08-13,21950,09:30,15:10,280,PARTIAL,1,4,,,SCALE_INSUFFICIENT,,True,,,,CURRENT_BAR_UNAVAILABLE,OBSERVATION_INSUFFICIENT,9,0,0,False,0,0,False,INHERITED_RAW_PRICE_BASIS,False,False
2025-08-13|21950,2025-08-13,21950,09:30,15:15,285,UNAVAILABLE,0,5,,,SCALE_INSUFFICIENT,,True,,,,CURRENT_BAR_UNAVAILABLE,OBSERVATION_INSUFFICIENT,7,0,0,False,0,0,False,INHERITED_RAW_PRICE_BASIS,False,False
2025-08-13|21950,2025-08-13,21950,09:30,15:20,290,PARTIAL,1,4,,,SCALE_INSUFFICIENT,,True,,,,SCALE_UNAVAILABLE,RIGHT_CENSORED,3,0,0,False,0,0,False,INHERITED_RAW_PRICE_BASIS,False,False
2025-08-13|21950,2025-08-13,21950,09:30,15:25,295,PARTIAL,2,3,,,SCALE_INSUFFICIENT,,True,,,,CURRENT_BAR_UNAVAILABLE,RIGHT_CENSORED,0,0,0,False,0,0,False,INHERITED_RAW_PRICE_BASIS,False,False
2025-08-13|23210,2025-08-13,23210,10:30,10:30,0,COMPLETE,5,0,UNCHANGED,0.0,AVAILABLE,4.0,True,DOWN_STRUCTURE,CORRECTION|RECOVERY,VOLUME_COMPRESSION|TRADING_VALUE_COMPRESSION,IDENTIFIED,WINDOW_OBSERVED,0,0,5,False,0,0,True,INHERITED_RAW_PRICE_BASIS,False,False
2025-08-13|23210,2025-08-13,23210,10:30,10:35,5,COMPLETE,5,0,UP,0.47619047619047616,AVAILABLE,4.0,True,DOWN_STRUCTURE,CORRECTION|RECOVERY,VOLUME_COMPRESSION|TRADING_VALUE_COMPRESSION,IDENTIFIED,WINDOW_OBSERVED,0,0,5,False,0,0,True,INHERITED_RAW_PRICE_BASIS,True,False
2025-08-13|23210,2025-08-13,23210,10:30,10:40,10,COMPLETE,5,0,UP,0.47393364928909953,AVAILABLE,4.0,True,DOWN_STRUCTURE,PROGRESSION,,IDENTIFIED,WINDOW_OBSERVED,0,1,6,True,0,0,True,INHERITED_RAW_PRICE_BASIS,True,True
2025-08-13|23210,2025-08-13,23210,10:30,10:45,15,COMPLETE,5,0,DOWN,-0.9433962264150944,AVAILABLE,4.0,True,DOWN_STRUCTURE,PROGRESSION,VOLUME_COMPRESSION|TRADING_VALUE_COMPRESSION,IDENTIFIED,WINDOW_OBSERVED,0,1,6,True,0,0,True,INHERITED_RAW_PRICE_BASIS,True,False
2025-08-13|23210,2025-08-13,23210,10:30,10:50,20,COMPLETE,5,0,DOWN,-0.9523809523809523,AVAILABLE,4.0,True,DOWN_STRUCTURE,PROGRESSION,VOLUME_EXPANSION|TRADING_VALUE_EXPANSION,IDENTIFIED,OBSERVATION_INSUFFICIENT,1,0,6,True,0,0,True,INHERITED_RAW_PRICE_BASIS,True,False
2025-08-13|23210,2025-08-13,23210,10:30,10:55,25,COMPLETE,5,0,UP,0.4784688995215311,AVAILABLE,4.0,True,DOWN_STRUCTURE,PROGRESSION,VOLUME_COMPRESSION|TRADING_VALUE_COMPRESSION,IDENTIFIED,OBSERVATION_INSUFFICIENT,1,0,6,True,0,0,True,INHERITED_RAW_PRICE_BASIS,True,False
2025-08-13|23210,2025-08-13,23210,10:30,11:00,30,PARTIAL,4,1,,,AVAILABLE,4.0,True,,,,UNRESOLVED_STRUCTURE,OBSERVATION_INSUFFICIENT,1,0,0,False,0,0,False,INHERITED_RAW_PRICE_BASIS,False,False
2025-08-13|23210,2025-08-13,23210,10:30,11:05,35,COMPLETE,5,0,UNCHANGED,0.0,AVAILABLE,4.0,True,,,,UNRESOLVED_STRUCTURE,OBSERVATION_INSUFFICIENT,1,0,0,False,0,0,False,INHERITED_RAW_PRICE_BASIS,False,False
2025-08-13|23210,2025-08-13,23210,10:30,11:10,40,PARTIAL,4,1,,,AVAILABLE,4.0,True,,,,UNRESOLVED_STRUCTURE,WINDOW_OBSERVED,0,0,0,False,0,0,False,INHERITED_RAW_PRICE_BASIS,False,False
2025-08-13|23210,2025-08-13,23210,10:30,11:15,45,COMPLETE,5,0,UP,0.4807692307692308,AVAILABLE,4.0,True,,,,UNRESOLVED_STRUCTURE,WINDOW_OBSERVED,0,0,0,False,0,0,False,INHERITED_RAW_PRICE_BASIS,False,False
2025-08-13|23210,2025-08-13,23210,10:30,11:20,50,COMPLETE,5,0,UP,0.9615384615384616,AVAILABLE,4.0,True,,,,UNRESOLVED_STRUCTURE,WINDOW_OBSERVED,0,0,0,False,0,0,False,INHERITED_RAW_PRICE_BASIS,True,False
2025-08-13|23210,2025-08-13,23210,10:30,11:25,55,COMPLETE,5,0,DOWN,-0.9523809523809523,AVAILABLE,4.0,True,,,VOLUME_COMPRESSION|TRADING_VALUE_COMPRESSION,UNRESOLVED_STRUCTURE,WINDOW_OBSERVED,0,0,0,False,0,0,False,INHERITED_RAW_PRICE_BASIS,True,False
2025-08-13|23210,2025-08-13,23210,10:30,11:30,60,COMPLETE,5,0,DOWN,-0.4784688995215311,AVAILABLE,4.0,True,,,,UNRESOLVED_STRUCTURE,WINDOW_OBSERVED,0,0,0,False,0,0,False,INHERITED_RAW_PRICE_BASIS,True,False
2025-08-13|23210,2025-08-13,23210,10:30,12:35,65,COMPLETE,5,0,UP,1.9230769230769231,AVAILABLE,4.0,True,,,,UNRESOLVED_STRUCTURE,WINDOW_OBSERVED,0,1,1,False,0,0,False,INHERITED_RAW_PRICE_BASIS,True,False
2025-08-13|23210,2025-08-13,23210,10:30,12:40,70,COMPLETE,5,0,DOWN,-0.4716981132075472,AVAILABLE,4.0,True,,,CHOPPINESS|RANGE_COMPRESSION|VOLUME_COMPRESSION|TRADING_VALUE_COMPRESSION,UNRESOLVED_STRUCTURE,WINDOW_OBSERVED,0,1,1,False,0,0,False,INHERITED_RAW_PRICE_BASIS,True,False
2025-08-13|23210,2025-08-13,23210,10:30,12:45,75,COMPLETE,5,0,DOWN,-0.9478672985781991,AVAILABLE,4.0,True,,RECOVERY,,UNRESOLVED_STRUCTURE,WINDOW_OBSERVED,0,1,2,False,0,0,True,INHERITED_RAW_PRICE_BASIS,True,True
2025-08-13|23210,2025-08-13,23210,10:30,12:50,80,COMPLETE,5,0,UNCHANGED,0.0,AVAILABLE,4.0,True,,RECOVERY,RANGE_COMPRESSION|VOLUME_COMPRESSION|TRADING_VALUE_COMPRESSION,UNRESOLVED_STRUCTURE,WINDOW_OBSERVED,0,1,2,False,0,0,True,INHERITED_RAW_PRICE_BASIS,True,False
2025-08-13|23210,2025-08-13,23210,10:30,12:55,85,COMPLETE,5,0,UP,0.9523809523809523,AVAILABLE,4.0,True,,,RANGE_EXPANSION,UNRESOLVED_STRUCTURE,WINDOW_OBSERVED,0,0,2,False,0,1,False,INHERITED_RAW_PRICE_BASIS,True,True
2025-08-13|23210,2025-08-13,23210,10:30,13:00,90,COMPLETE,5,0,UP,1.4150943396226414,AVAILABLE,4.0,True,RANGE_STRUCTURE,BALANCE,VOLUME_EXPANSION|TRADING_VALUE_EXPANSION,IDENTIFIED,WINDOW_OBSERVED,0,0,2,True,0,2,True,INHERITED_RAW_PRICE_BASIS,True,True
2025-08-13|23210,2025-08-13,23210,10:30,13:05,95,COMPLETE,5,0,UP,2.803738317757009,AVAILABLE,4.0,True,,RESTRUCTURING,RANGE_EXPANSION|VOLUME_EXPANSION|TRADING_VALUE_EXPANSION,UNRESOLVED_STRUCTURE,WINDOW_OBSERVED,0,0,2,False,4,1,True,INHERITED_RAW_PRICE_BASIS,True,True
2025-08-13|23210,2025-08-13,23210,10:30,13:10,100,COMPLETE,5,0,DOWN,-1.3636363636363635,AVAILABLE,4.0,True,,RESTRUCTURING,,UNRESOLVED_STRUCTURE,WINDOW_OBSERVED,0,0,3,False,4,4,True,INHERITED_RAW_PRICE_BASIS,True,False
2025-08-13|23210,2025-08-13,23210,10:30,13:15,105,COMPLETE,5,0,DOWN,-0.46296296296296297,AVAILABLE,4.0,True,,RESTRUCTURING,RANGE_COMPRESSION|VOLUME_COMPRESSION|TRADING_VALUE_COMPRESSION,UNRESOLVED_STRUCTURE,WINDOW_OBSERVED,0,0,3,False,0,0,True,INHERITED_RAW_PRICE_BASIS,True,False
2025-08-13|23210,2025-08-13,23210,10:30,13:20,110,COMPLETE,5,0,UP,0.9302325581395349,AVAILABLE,4.0,True,UP_STRUCTURE,RECOVERY,VOLUME_COMPRESSION|TRADING_VALUE_COMPRESSION,IDENTIFIED,WINDOW_OBSERVED,0,1,4,False,0,0,True,INHERITED_RAW_PRICE_BASIS,True,True
2025-08-13|23210,2025-08-13,23210,10:30,13:25,115,COMPLETE,5,0,UP,0.9259259259259259,AVAILABLE,4.0,True,UP_STRUCTURE,RECOVERY,RANGE_COMPRESSION,IDENTIFIED,WINDOW_OBSERVED,0,1,4,False,0,0,True,INHERITED_RAW_PRICE_BASIS,True,False
2025-08-13|23210,2025-08-13,23210,10:30,13:30,120,COMPLETE,5,0,UP,0.45662100456621,AVAILABLE,4.0,True,UP_STRUCTURE,CORRECTION,RANGE_EXPANSION|VOLUME_EXPANSION|TRADING_VALUE_EXPANSION,IDENTIFIED,WINDOW_OBSERVED,0,1,5,False,7,5,True,INHERITED_RAW_PRICE_BASIS,True,True
2025-08-13|23210,2025-08-13,23210,10:30,13:35,125,COMPLETE,5,0,DOWN,-0.91324200913242,AVAILABLE,4.0,True,UP_STRUCTURE,CORRECTION,VOLUME_COMPRESSION|TRADING_VALUE_COMPRESSION,IDENTIFIED,WINDOW_OBSERVED,0,0,5,False,0,2,True,INHERITED_RAW_PRICE_BASIS,True,False
2025-08-13|23210,2025-08-13,23210,10:30,13:40,130,COMPLETE,5,0,DOWN,-0.4608294930875576,AVAILABLE,4.0,True,UP_STRUCTURE,RECOVERY,RANGE_COMPRESSION,IDENTIFIED,WINDOW_OBSERVED,0,1,6,False,0,1,True,INHERITED_RAW_PRICE_BASIS,True,True
2025-08-13|23210,2025-08-13,23210,10:30,13:45,135,COMPLETE,5,0,UP,0.9259259259259259,AVAILABLE,4.0,True,UP_STRUCTURE,RECOVERY,RANGE_EXPANSION,IDENTIFIED,WINDOW_OBSERVED,0,1,6,False,0,1,True,INHERITED_RAW_PRICE_BASIS,True,False
2025-08-13|23210,2025-08-13,23210,10:30,13:50,140,COMPLETE,5,0,UP,0.45871559633027525,AVAILABLE,4.0,True,UP_STRUCTURE,RECOVERY,RANGE_COMPRESSION|VOLUME_COMPRESSION|TRADING_VALUE_COMPRESSION,IDENTIFIED,WINDOW_OBSERVED,0,0,6,False,0,0,True,INHERITED_RAW_PRICE_BASIS,True,False
2025-08-13|23210,2025-08-13,23210,10:30,13:55,145,COMPLETE,5,0,DOWN,-0.9090909090909091,AVAILABLE,4.0,True,UP_STRUCTURE,CORRECTION,VOLUME_EXPANSION|TRADING_VALUE_EXPANSION,IDENTIFIED,WINDOW_OBSERVED,0,1,7,False,0,2,True,INHERITED_RAW_PRICE_BASIS,True,True
2025-08-13|23210,2025-08-13,23210,10:30,14:00,150,COMPLETE,5,0,UNCHANGED,0.0,AVAILABLE,4.0,True,UP_STRUCTURE,CORRECTION,,IDENTIFIED,WINDOW_OBSERVED,0,0,7,True,0,1,True,INHERITED_RAW_PRICE_BASIS,True,False
2025-08-13|23210,2025-08-13,23210,10:30,14:05,155,COMPLETE,5,0,DOWN,-0.9216589861751152,AVAILABLE,4.0,True,UP_STRUCTURE,CORRECTION,CHOPPINESS|RANGE_EXPANSION|VOLUME_COMPRESSION|TRADING_VALUE_COMPRESSION,IDENTIFIED,WINDOW_OBSERVED,0,0,7,True,0,0,True,INHERITED_RAW_PRICE_BASIS,True,False
2025-08-13|23210,2025-08-13,23210,10:30,14:10,160,COMPLETE,5,0,UP,0.46511627906976744,AVAILABLE,4.0,True,UP_STRUCTURE,CORRECTION,RANGE_COMPRESSION,IDENTIFIED,WINDOW_OBSERVED,0,0,7,True,0,2,True,INHERITED_RAW_PRICE_BASIS,True,False
2025-08-13|23210,2025-08-13,23210,10:30,14:15,165,COMPLETE,5,0,DOWN,-0.46296296296296297,AVAILABLE,4.0,True,RANGE_STRUCTURE,BALANCE,VOLUME_EXPANSION|TRADING_VALUE_EXPANSION,IDENTIFIED,OBSERVATION_INSUFFICIENT,1,0,7,True,2,4,True,INHERITED_RAW_PRICE_BASIS,True,True
2025-08-13|23210,2025-08-13,23210,10:30,14:20,170,COMPLETE,5,0,DOWN,-0.9302325581395349,AVAILABLE,4.0,True,,RESTRUCTURING,RANGE_EXPANSION|VOLUME_EXPANSION|TRADING_VALUE_EXPANSION,UNRESOLVED_STRUCTURE,OBSERVATION_INSUFFICIENT,2,0,7,False,0,2,True,INHERITED_RAW_PRICE_BASIS,True,True
2025-08-13|23210,2025-08-13,23210,10:30,14:25,175,PARTIAL,4,1,,,AVAILABLE,4.0,True,,,,UNRESOLVED_STRUCTURE,OBSERVATION_INSUFFICIENT,1,0,0,False,0,1,False,INHERITED_RAW_PRICE_BASIS,False,False
2025-08-13|23210,2025-08-13,23210,10:30,14:30,180,PARTIAL,4,1,,,AVAILABLE,4.0,True,,,,UNRESOLVED_STRUCTURE,OBSERVATION_INSUFFICIENT,1,0,0,False,0,0,False,INHERITED_RAW_PRICE_BASIS,False,False
2025-08-13|23210,2025-08-13,23210,10:30,14:35,185,COMPLETE,5,0,DOWN,-0.46296296296296297,AVAILABLE,4.0,True,,,,UNRESOLVED_STRUCTURE,OBSERVATION_INSUFFICIENT,1,0,0,False,0,0,False,INHERITED_RAW_PRICE_BASIS,False,False
2025-08-13|23210,2025-08-13,23210,10:30,14:40,190,PARTIAL,4,1,,,AVAILABLE,4.0,True,,,,UNRESOLVED_STRUCTURE,OBSERVATION_INSUFFICIENT,1,0,0,False,0,0,False,INHERITED_RAW_PRICE_BASIS,False,False
2025-08-13|23210,2025-08-13,23210,10:30,14:45,195,COMPLETE,5,0,DOWN,-0.4608294930875576,AVAILABLE,4.0,True,,,,UNRESOLVED_STRUCTURE,OBSERVATION_INSUFFICIENT,1,1,1,False,0,0,False,INHERITED_RAW_PRICE_BASIS,False,False
2025-08-13|23210,2025-08-13,23210,10:30,14:50,200,PARTIAL,4,1,,,AVAILABLE,4.0,True,,,,CURRENT_BAR_UNAVAILABLE,WINDOW_OBSERVED,0,0,0,False,0,0,False,INHERITED_RAW_PRICE_BASIS,False,False
2025-08-13|23210,2025-08-13,23210,10:30,14:55,205,COMPLETE,5,0,UNCHANGED,0.0,AVAILABLE,4.0,True,,,,UNRESOLVED_STRUCTURE,WINDOW_OBSERVED,0,0,0,False,0,0,False,INHERITED_RAW_PRICE_BASIS,False,False
2025-08-13|23210,2025-08-13,23210,10:30,15:00,210,COMPLETE,5,0,UP,0.9389671361502347,AVAILABLE,4.0,True,,,RANGE_EXPANSION|VOLUME_EXPANSION|TRADING_VALUE_EXPANSION,UNRESOLVED_STRUCTURE,WINDOW_OBSERVED,0,1,1,False,0,0,False,INHERITED_RAW_PRICE_BASIS,True,False
2025-08-13|23210,2025-08-13,23210,10:30,15:05,215,COMPLETE,5,0,UP,11.162790697674419,AVAILABLE,4.0,True,,,RANGE_EXPANSION|VOLUME_EXPANSION|TRADING_VALUE_EXPANSION,UNRESOLVED_STRUCTURE,WINDOW_OBSERVED,0,1,3,False,6,5,False,INHERITED_RAW_PRICE_BASIS,True,False
2025-08-13|23210,2025-08-13,23210,10:30,15:10,220,COMPLETE,5,0,UP,14.583333333333334,AVAILABLE,4.0,True,UP_STRUCTURE,CORRECTION,VOLUME_EXPANSION|TRADING_VALUE_EXPANSION,IDENTIFIED,WINDOW_OBSERVED,0,1,4,False,4,4,True,INHERITED_RAW_PRICE_BASIS,True,True
2025-08-13|23210,2025-08-13,23210,10:30,15:15,225,COMPLETE,5,0,DOWN,-8.791208791208792,AVAILABLE,4.0,True,UP_STRUCTURE,CORRECTION,,IDENTIFIED,WINDOW_OBSERVED,0,0,6,False,4,2,True,INHERITED_RAW_PRICE_BASIS,True,False
2025-08-13|23210,2025-08-13,23210,10:30,15:20,230,COMPLETE,5,0,DOWN,-7.6,AVAILABLE,4.0,True,DOWN_STRUCTURE,,,IDENTIFIED,RIGHT_CENSORED,0,1,7,False,1,1,True,INHERITED_RAW_PRICE_BASIS,True,True
2025-08-13|23210,2025-08-13,23210,10:30,15:25,235,COMPLETE,5,0,UNCHANGED,0.0,AVAILABLE,4.0,True,DOWN_STRUCTURE,PROGRESSION,RANGE_COMPRESSION|VOLUME_COMPRESSION|TRADING_VALUE_COMPRESSION,IDENTIFIED,RIGHT_CENSORED,0,0,8,False,0,0,True,INHERITED_RAW_PRICE_BASIS,True,True
2025-08-13|23300,2025-08-13,23300,14:00,14:00,0,COMPLETE,5,0,DOWN,-2.1186440677966103,AVAILABLE,2.0,True,,,RANGE_EXPANSION|VOLUME_EXPANSION|TRADING_VALUE_EXPANSION,UNRESOLVED_STRUCTURE,WINDOW_OBSERVED,0,1,2,False,0,1,False,INHERITED_RAW_PRICE_BASIS,False,False
2025-08-13|23300,2025-08-13,23300,14:00,14:05,5,COMPLETE,5,0,UP,0.43103448275862066,AVAILABLE,2.0,True,,RECOVERY,RANGE_COMPRESSION,UNRESOLVED_STRUCTURE,WINDOW_OBSERVED,0,0,2,False,0,0,True,INHERITED_RAW_PRICE_BASIS,True,True
2025-08-13|23300,2025-08-13,23300,14:00,14:10,10,COMPLETE,5,0,UNCHANGED,0.0,AVAILABLE,2.0,True,,,RANGE_COMPRESSION|VOLUME_COMPRESSION|TRADING_VALUE_COMPRESSION,UNRESOLVED_STRUCTURE,WINDOW_OBSERVED,0,1,3,False,0,0,False,INHERITED_RAW_PRICE_BASIS,True,True
2025-08-13|23300,2025-08-13,23300,14:00,14:15,15,COMPLETE,5,0,UNCHANGED,0.0,AVAILABLE,2.0,True,,,VOLUME_EXPANSION|TRADING_VALUE_EXPANSION,UNRESOLVED_STRUCTURE,WINDOW_OBSERVED,0,1,3,False,0,0,False,INHERITED_RAW_PRICE_BASIS,True,False
2025-08-13|23300,2025-08-13,23300,14:00,14:20,20,COMPLETE,5,0,DOWN,-0.43103448275862066,AVAILABLE,2.0,True,DOWN_STRUCTURE,CORRECTION|RECOVERY,CHOPPINESS|RANGE_EXPANSION|VOLUME_EXPANSION|TRADING_VALUE_EXPANSION,IDENTIFIED,WINDOW_OBSERVED,0,1,4,False,0,2,True,INHERITED_RAW_PRICE_BASIS,True,True
2025-08-13|23300,2025-08-13,23300,14:00,14:25,25,COMPLETE,5,0,UP,0.8658008658008658,AVAILABLE,2.0,True,,RESTRUCTURING,CHOPPINESS|RANGE_EXPANSION,UNRESOLVED_STRUCTURE,WINDOW_OBSERVED,0,0,4,False,2,3,True,INHERITED_RAW_PRICE_BASIS,True,True
2025-08-13|23300,2025-08-13,23300,14:00,14:30,30,COMPLETE,5,0,DOWN,-0.42735042735042733,AVAILABLE,2.0,True,,RESTRUCTURING,RANGE_COMPRESSION|VOLUME_COMPRESSION|TRADING_VALUE_COMPRESSION,UNRESOLVED_STRUCTURE,WINDOW_OBSERVED,0,0,4,False,0,1,True,INHERITED_RAW_PRICE_BASIS,True,False
2025-08-13|23300,2025-08-13,23300,14:00,14:35,35,COMPLETE,5,0,UP,0.4291845493562232,AVAILABLE,2.0,True,,RESTRUCTURING,VOLUME_EXPANSION|TRADING_VALUE_EXPANSION,UNRESOLVED_STRUCTURE,OBSERVATION_INSUFFICIENT,1,0,4,False,0,1,True,INHERITED_RAW_PRICE_BASIS,True,False
2025-08-13|23300,2025-08-13,23300,14:00,14:40,40,COMPLETE,5,0,UNCHANGED,0.0,AVAILABLE,2.0,True,,RESTRUCTURING,VOLUME_COMPRESSION|TRADING_VALUE_COMPRESSION,UNRESOLVED_STRUCTURE,OBSERVATION_INSUFFICIENT,2,0,4,False,0,0,True,INHERITED_RAW_PRICE_BASIS,True,False
2025-08-13|23300,2025-08-13,23300,14:00,14:45,45,PARTIAL,4,1,,,AVAILABLE,2.0,True,,,,UNRESOLVED_STRUCTURE,OBSERVATION_INSUFFICIENT,1,0,0,False,0,0,False,INHERITED_RAW_PRICE_BASIS,False,False
2025-08-13|23300,2025-08-13,23300,14:00,14:50,50,PARTIAL,4,1,,,AVAILABLE,2.0,True,,,,UNRESOLVED_STRUCTURE,WINDOW_OBSERVED,0,1,1,False,0,0,False,INHERITED_RAW_PRICE_BASIS,False,False
2025-08-13|23300,2025-08-13,23300,14:00,14:55,55,COMPLETE,5,0,UP,0.42735042735042733,AVAILABLE,2.0,True,,,,UNRESOLVED_STRUCTURE,WINDOW_OBSERVED,0,1,1,False,0,0,False,INHERITED_RAW_PRICE_BASIS,False,False
2025-08-13|23300,2025-08-13,23300,14:00,15:00,60,COMPLETE,5,0,UNCHANGED,0.0,AVAILABLE,2.0,True,,,RANGE_COMPRESSION|VOLUME_COMPRESSION|TRADING_VALUE_COMPRESSION,UNRESOLVED_STRUCTURE,WINDOW_OBSERVED,0,1,2,False,0,0,False,INHERITED_RAW_PRICE_BASIS,True,False
2025-08-13|23300,2025-08-13,23300,14:00,15:05,65,COMPLETE,5,0,UNCHANGED,0.0,AVAILABLE,2.0,True,,,,UNRESOLVED_STRUCTURE,WINDOW_OBSERVED,0,1,2,False,0,0,False,INHERITED_RAW_PRICE_BASIS,True,False
2025-08-13|23300,2025-08-13,23300,14:00,15:10,70,COMPLETE,5,0,UNCHANGED,0.0,AVAILABLE,2.0,True,,RECOVERY,RANGE_EXPANSION|VOLUME_EXPANSION|TRADING_VALUE_EXPANSION,UNRESOLVED_STRUCTURE,WINDOW_OBSERVED,0,1,3,False,0,1,True,INHERITED_RAW_PRICE_BASIS,True,True
2025-08-13|23300,2025-08-13,23300,14:00,15:15,75,COMPLETE,5,0,UP,0.425531914893617,AVAILABLE,2.0,True,,,VOLUME_COMPRESSION|TRADING_VALUE_COMPRESSION,UNRESOLVED_STRUCTURE,WINDOW_OBSERVED,0,1,4,False,0,0,False,INHERITED_RAW_PRICE_BASIS,True,True
2025-08-13|23300,2025-08-13,23300,14:00,15:20,80,COMPLETE,5,0,UNCHANGED,0.0,AVAILABLE,2.0,True,RANGE_STRUCTURE,BALANCE,RANGE_COMPRESSION|VOLUME_EXPANSION|TRADING_VALUE_EXPANSION,IDENTIFIED,RIGHT_CENSORED,0,1,4,True,0,1,True,INHERITED_RAW_PRICE_BASIS,True,True
2025-08-13|23300,2025-08-13,23300,14:00,15:25,85,COMPLETE,5,0,DOWN,-0.425531914893617,AVAILABLE,2.0,True,RANGE_STRUCTURE,BALANCE,RANGE_EXPANSION|VOLUME_EXPANSION|TRADING_VALUE_EXPANSION,IDENTIFIED,RIGHT_CENSORED,0,0,4,True,0,0,True,INHERITED_RAW_PRICE_BASIS,True,False
2025-08-13|24800,2025-08-13,24800,11:00,11:00,0,PARTIAL,1,4,,,SCALE_INSUFFICIENT,,True,,,,SCALE_UNAVAILABLE,OBSERVATION_INSUFFICIENT,10,0,0,False,0,0,False,INHERITED_RAW_PRICE_BASIS,False,False
2025-08-13|24800,2025-08-13,24800,11:00,11:05,5,UNAVAILABLE,0,5,,,SCALE_INSUFFICIENT,,True,,,,CURRENT_BAR_UNAVAILABLE,OBSERVATION_INSUFFICIENT,10,0,0,False,0,0,False,INHERITED_RAW_PRICE_BASIS,False,False
2025-08-13|24800,2025-08-13,24800,11:00,11:10,10,UNAVAILABLE,0,5,,,SCALE_INSUFFICIENT,,True,,,,CURRENT_BAR_UNAVAILABLE,OBSERVATION_INSUFFICIENT,10,0,0,False,0,0,False,INHERITED_RAW_PRICE_BASIS,False,False
2025-08-13|24800,2025-08-13,24800,11:00,11:15,15,UNAVAILABLE,0,5,,,SCALE_INSUFFICIENT,,True,,,,CURRENT_BAR_UNAVAILABLE,OBSERVATION_INSUFFICIENT,9,0,0,False,0,0,False,INHERITED_RAW_PRICE_BASIS,False,False
2025-08-13|24800,2025-08-13,24800,11:00,11:20,20,UNAVAILABLE,0,5,,,SCALE_INSUFFICIENT,,True,,,,CURRENT_BAR_UNAVAILABLE,OBSERVATION_INSUFFICIENT,9,0,0,False,0,0,False,INHERITED_RAW_PRICE_BASIS,False,False
2025-08-13|24800,2025-08-13,24800,11:00,11:25,25,PARTIAL,1,4,,,SCALE_INSUFFICIENT,,True,,,,CURRENT_BAR_UNAVAILABLE,OBSERVATION_INSUFFICIENT,10,0,0,False,0,0,False,INHERITED_RAW_PRICE_BASIS,False,False
2025-08-13|24800,2025-08-13,24800,11:00,11:30,30,UNAVAILABLE,0,5,,,SCALE_INSUFFICIENT,,True,,,,CURRENT_BAR_UNAVAILABLE,OBSERVATION_INSUFFICIENT,10,0,0,False,0,0,False,INHERITED_RAW_PRICE_BASIS,False,False
2025-08-13|24800,2025-08-13,24800,11:00,12:35,35,UNAVAILABLE,0,5,,,SCALE_INSUFFICIENT,,True,,,,CURRENT_BAR_UNAVAILABLE,OBSERVATION_INSUFFICIENT,10,0,0,False,0,0,False,INHERITED_RAW_PRICE_BASIS,False,False
2025-08-13|24800,2025-08-13,24800,11:00,12:40,40,UNAVAILABLE,0,5,,,SCALE_INSUFFICIENT,,True,,,,CURRENT_BAR_UNAVAILABLE,OBSERVATION_INSUFFICIENT,10,0,0,False,0,0,False,INHERITED_RAW_PRICE_BASIS,False,False
2025-08-13|24800,2025-08-13,24800,11:00,12:45,45,UNAVAILABLE,0,5,,,SCALE_INSUFFICIENT,,True,,,,CURRENT_BAR_UNAVAILABLE,OBSERVATION_INSUFFICIENT,10,0,0,False,0,0,False,INHERITED_RAW_PRICE_BASIS,False,False
2025-08-13|24800,2025-08-13,24800,11:00,12:50,50,UNAVAILABLE,0,5,,,SCALE_INSUFFICIENT,,True,,,,CURRENT_BAR_UNAVAILABLE,OBSERVATION_INSUFFICIENT,9,0,0,False,0,0,False,INHERITED_RAW_PRICE_BASIS,False,False
2025-08-13|24800,2025-08-13,24800,11:00,12:55,55,UNAVAILABLE,0,5,,,SCALE_INSUFFICIENT,,True,,,,CURRENT_BAR_UNAVAILABLE,OBSERVATION_INSUFFICIENT,8,0,0,False,0,0,False,INHERITED_RAW_PRICE_BASIS,False,False
2025-08-13|24800,2025-08-13,24800,11:00,13:00,60,PARTIAL,1,4,,,SCALE_INSUFFICIENT,,True,,,,CURRENT_BAR_UNAVAILABLE,OBSERVATION_INSUFFICIENT,9,0,0,False,0,0,False,INHERITED_RAW_PRICE_BASIS,False,False
2025-08-13|24800,2025-08-13,24800,11:00,13:05,65,PARTIAL,1,4,,,SCALE_INSUFFICIENT,,True,,,,CURRENT_BAR_UNAVAILABLE,OBSERVATION_INSUFFICIENT,10,0,0,False,0,0,False,INHERITED_RAW_PRICE_BASIS,False,False
2025-08-13|24800,2025-08-13,24800,11:00,13:10,70,UNAVAILABLE,0,5,,,SCALE_INSUFFICIENT,,True,,,,CURRENT_BAR_UNAVAILABLE,OBSERVATION_INSUFFICIENT,10,0,0,False,0,0,False,INHERITED_RAW_PRICE_BASIS,False,False
2025-08-13|24800,2025-08-13,24800,11:00,13:15,75,UNAVAILABLE,0,5,,,SCALE_INSUFFICIENT,,True,,,,CURRENT_BAR_UNAVAILABLE,OBSERVATION_INSUFFICIENT,10,0,0,False,0,0,False,INHERITED_RAW_PRICE_BASIS,False,False
2025-08-13|24800,2025-08-13,24800,11:00,13:20,80,UNAVAILABLE,0,5,,,SCALE_INSUFFICIENT,,True,,,,CURRENT_BAR_UNAVAILABLE,OBSERVATION_INSUFFICIENT,10,0,0,False,0,0,False,INHERITED_RAW_PRICE_BASIS,False,False
2025-08-13|24800,2025-08-13,24800,11:00,13:25,85,UNAVAILABLE,0,5,,,SCALE_INSUFFICIENT,,True,,,,CURRENT_BAR_UNAVAILABLE,OBSERVATION_INSUFFICIENT,10,0,0,False,0,0,False,INHERITED_RAW_PRICE_BASIS,False,False
2025-08-13|24800,2025-08-13,24800,11:00,13:30,90,UNAVAILABLE,0,5,,,SCALE_INSUFFICIENT,,True,,,,CURRENT_BAR_UNAVAILABLE,OBSERVATION_INSUFFICIENT,10,0,0,False,0,0,False,INHERITED_RAW_PRICE_BASIS,False,False
2025-08-13|24800,2025-08-13,24800,11:00,13:35,95,UNAVAILABLE,0,5,,,SCALE_INSUFFICIENT,,True,,,,CURRENT_BAR_UNAVAILABLE,OBSERVATION_INSUFFICIENT,10,0,0,False,0,0,False,INHERITED_RAW_PRICE_BASIS,False,False
2025-08-13|24800,2025-08-13,24800,11:00,13:40,100,UNAVAILABLE,0,5,,,SCALE_INSUFFICIENT,,True,,,,CURRENT_BAR_UNAVAILABLE,OBSERVATION_INSUFFICIENT,10,0,0,False,0,0,False,INHERITED_RAW_PRICE_BASIS,False,False
2025-08-13|24800,2025-08-13,24800,11:00,13:45,105,UNAVAILABLE,0,5,,,SCALE_INSUFFICIENT,,True,,,,CURRENT_BAR_UNAVAILABLE,OBSERVATION_INSUFFICIENT,10,0,0,False,0,0,False,INHERITED_RAW_PRICE_BASIS,False,False
2025-08-13|24800,2025-08-13,24800,11:00,13:50,110,UNAVAILABLE,0,5,,,SCALE_INSUFFICIENT,,True,,,,CURRENT_BAR_UNAVAILABLE,OBSERVATION_INSUFFICIENT,10,0,0,False,0,0,False,INHERITED_RAW_PRICE_BASIS,False,False
2025-08-13|24800,2025-08-13,24800,11:00,13:55,115,UNAVAILABLE,0,5,,,SCALE_INSUFFICIENT,,True,,,,CURRENT_BAR_UNAVAILABLE,OBSERVATION_INSUFFICIENT,10,0,0,False,0,0,False,INHERITED_RAW_PRICE_BASIS,False,False
2025-08-13|24800,2025-08-13,24800,11:00,14:00,120,UNAVAILABLE,0,5,,,SCALE_INSUFFICIENT,,True,,,,CURRENT_BAR_UNAVAILABLE,OBSERVATION_INSUFFICIENT,10,0,0,False,0,0,False,INHERITED_RAW_PRICE_BASIS,False,False
2025-08-13|24800,2025-08-13,24800,11:00,14:05,125,UNAVAILABLE,0,5,,,SCALE_INSUFFICIENT,,True,,,,CURRENT_BAR_UNAVAILABLE,OBSERVATION_INSUFFICIENT,10,0,0,False,0,0,False,INHERITED_RAW_PRICE_BASIS,False,False
2025-08-13|24800,2025-08-13,24800,11:00,14:10,130,UNAVAILABLE,0,5,,,SCALE_INSUFFICIENT,,True,,,,CURRENT_BAR_UNAVAILABLE,OBSERVATION_INSUFFICIENT,10,0,0,False,0,0,False,INHERITED_RAW_PRICE_BASIS,False,False
2025-08-13|24800,2025-08-13,24800,11:00,14:15,135,UNAVAILABLE,0,5,,,SCALE_INSUFFICIENT,,True,,,,CURRENT_BAR_UNAVAILABLE,OBSERVATION_INSUFFICIENT,10,0,0,False,0,0,False,INHERITED_RAW_PRICE_BASIS,False,False
2025-08-13|24800,2025-08-13,24800,11:00,14:20,140,UNAVAILABLE,0,5,,,SCALE_INSUFFICIENT,,True,,,,CURRENT_BAR_UNAVAILABLE,OBSERVATION_INSUFFICIENT,10,0,0,False,0,0,False,INHERITED_RAW_PRICE_BASIS,False,False
2025-08-13|24800,2025-08-13,24800,11:00,14:25,145,UNAVAILABLE,0,5,,,SCALE_INSUFFICIENT,,True,,,,CURRENT_BAR_UNAVAILABLE,OBSERVATION_INSUFFICIENT,10,0,0,False,0,0,False,INHERITED_RAW_PRICE_BASIS,False,False
2025-08-13|24800,2025-08-13,24800,11:00,14:30,150,UNAVAILABLE,0,5,,,SCALE_INSUFFICIENT,,True,,,,CURRENT_BAR_UNAVAILABLE,OBSERVATION_INSUFFICIENT,10,0,0,False,0,0,False,INHERITED_RAW_PRICE_BASIS,False,False
2025-08-13|24800,2025-08-13,24800,11:00,14:35,155,UNAVAILABLE,0,5,,,SCALE_INSUFFICIENT,,True,,,,CURRENT_BAR_UNAVAILABLE,OBSERVATION_INSUFFICIENT,10,0,0,False,0,0,False,INHERITED_RAW_PRICE_BASIS,False,False
2025-08-13|24800,2025-08-13,24800,11:00,14:40,160,UNAVAILABLE,0,5,,,SCALE_INSUFFICIENT,,True,,,,CURRENT_BAR_UNAVAILABLE,OBSERVATION_INSUFFICIENT,10,0,0,False,0,0,False,INHERITED_RAW_PRICE_BASIS,False,False
2025-08-13|24800,2025-08-13,24800,11:00,14:45,165,UNAVAILABLE,0,5,,,SCALE_INSUFFICIENT,,True,,,,CURRENT_BAR_UNAVAILABLE,OBSERVATION_INSUFFICIENT,10,0,0,False,0,0,False,INHERITED_RAW_PRICE_BASIS,False,False
2025-08-13|24800,2025-08-13,24800,11:00,14:50,170,UNAVAILABLE,0,5,,,SCALE_INSUFFICIENT,,True,,,,CURRENT_BAR_UNAVAILABLE,OBSERVATION_INSUFFICIENT,10,0,0,False,0,0,False,INHERITED_RAW_PRICE_BASIS,False,False
2025-08-13|24800,2025-08-13,24800,11:00,14:55,175,UNAVAILABLE,0,5,,,SCALE_INSUFFICIENT,,True,,,,CURRENT_BAR_UNAVAILABLE,OBSERVATION_INSUFFICIENT,10,0,0,False,0,0,False,INHERITED_RAW_PRICE_BASIS,False,False
2025-08-13|24800,2025-08-13,24800,11:00,15:00,180,UNAVAILABLE,0,5,,,SCALE_INSUFFICIENT,,True,,,,CURRENT_BAR_UNAVAILABLE,OBSERVATION_INSUFFICIENT,10,0,0,False,0,0,False,INHERITED_RAW_PRICE_BASIS,False,False
2025-08-13|24800,2025-08-13,24800,11:00,15:05,185,UNAVAILABLE,0,5,,,SCALE_INSUFFICIENT,,True,,,,CURRENT_BAR_UNAVAILABLE,OBSERVATION_INSUFFICIENT,10,0,0,False,0,0,False,INHERITED_RAW_PRICE_BASIS,False,False
2025-08-13|24800,2025-08-13,24800,11:00,15:10,190,UNAVAILABLE,0,5,,,SCALE_INSUFFICIENT,,True,,,,CURRENT_BAR_UNAVAILABLE,OBSERVATION_INSUFFICIENT,9,0,0,False,0,0,False,INHERITED_RAW_PRICE_BASIS,False,False
2025-08-13|24800,2025-08-13,24800,11:00,15:15,195,UNAVAILABLE,0,5,,,SCALE_INSUFFICIENT,,True,,,,CURRENT_BAR_UNAVAILABLE,OBSERVATION_INSUFFICIENT,8,0,0,False,0,0,False,INHERITED_RAW_PRICE_BASIS,False,False
2025-08-13|24800,2025-08-13,24800,11:00,15:20,200,PARTIAL,1,4,,,SCALE_INSUFFICIENT,,True,,,,CURRENT_BAR_UNAVAILABLE,RIGHT_CENSORED,4,0,0,False,0,0,False,INHERITED_RAW_PRICE_BASIS,False,False
2025-08-13|24800,2025-08-13,24800,11:00,15:25,205,PARTIAL,1,4,,,SCALE_INSUFFICIENT,,True,,,,SCALE_UNAVAILABLE,RIGHT_CENSORED,0,0,0,False,0,0,False,INHERITED_RAW_PRICE_BASIS,False,False
2025-08-13|253A0,2025-08-13,253A0,10:00,10:00,0,COMPLETE,5,0,DOWN,-0.09737098344693282,AVAILABLE,15.0,True,,RECOVERY,RANGE_COMPRESSION|VOLUME_COMPRESSION|TRADING_VALUE_COMPRESSION,UNRESOLVED_STRUCTURE,WINDOW_OBSERVED,0,1,2,False,0,0,True,INHERITED_RAW_PRICE_BASIS,False,False
2025-08-13|253A0,2025-08-13,253A0,10:00,10:05,5,COMPLETE,5,0,UNCHANGED,0.0,AVAILABLE,15.0,True,,RECOVERY,RANGE_EXPANSION,UNRESOLVED_STRUCTURE,WINDOW_OBSERVED,0,1,2,False,1,0,True,INHERITED_RAW_PRICE_BASIS,True,False
2025-08-13|253A0,2025-08-13,253A0,10:00,10:10,10,COMPLETE,5,0,UP,1.554907677356657,AVAILABLE,15.0,True,,,RANGE_EXPANSION|VOLUME_EXPANSION|TRADING_VALUE_EXPANSION,UNRESOLVED_STRUCTURE,OBSERVATION_INSUFFICIENT,3,1,3,False,0,0,False,INHERITED_RAW_PRICE_BASIS,True,True
2025-08-13|253A0,2025-08-13,253A0,10:00,10:15,15,COMPLETE,5,0,DOWN,-1.146131805157593,AVAILABLE,15.0,True,RANGE_STRUCTURE,BALANCE,CHOPPINESS,IDENTIFIED,OBSERVATION_INSUFFICIENT,4,0,3,True,1,2,True,INHERITED_RAW_PRICE_BASIS,True,True
2025-08-13|253A0,2025-08-13,253A0,10:00,10:20,20,PARTIAL,2,3,,,AVAILABLE,15.0,True,,,,UNRESOLVED_STRUCTURE,OBSERVATION_INSUFFICIENT,1,0,0,False,0,0,False,INHERITED_RAW_PRICE_BASIS,False,False
2025-08-13|253A0,2025-08-13,253A0,10:00,10:25,25,PARTIAL,4,1,,,AVAILABLE,15.0,True,,,,UNRESOLVED_STRUCTURE,WINDOW_OBSERVED,0,0,0,False,0,0,False,INHERITED_RAW_PRICE_BASIS,False,False
2025-08-13|253A0,2025-08-13,253A0,10:00,10:30,30,COMPLETE,5,0,DOWN,-0.5830903790087464,AVAILABLE,15.0,True,,,,UNRESOLVED_STRUCTURE,OBSERVATION_INSUFFICIENT,2,0,0,False,0,0,False,INHERITED_RAW_PRICE_BASIS,False,False
2025-08-13|253A0,2025-08-13,253A0,10:00,10:35,35,COMPLETE,5,0,UP,0.4892367906066536,AVAILABLE,15.0,True,,,CHOPPINESS|RANGE_COMPRESSION|VOLUME_COMPRESSION|TRADING_VALUE_COMPRESSION,UNRESOLVED_STRUCTURE,OBSERVATION_INSUFFICIENT,3,0,0,False,0,0,False,INHERITED_RAW_PRICE_BASIS,True,False
2025-08-13|253A0,2025-08-13,253A0,10:00,10:40,40,PARTIAL,3,2,,,AVAILABLE,15.0,True,,,,CURRENT_BAR_UNAVAILABLE,OBSERVATION_INSUFFICIENT,1,0,0,False,0,0,False,INHERITED_RAW_PRICE_BASIS,False,False
2025-08-13|253A0,2025-08-13,253A0,10:00,10:45,45,PARTIAL,4,1,,,AVAILABLE,15.0,True,,,,CURRENT_BAR_UNAVAILABLE,WINDOW_OBSERVED,0,0,0,False,0,0,False,INHERITED_RAW_PRICE_BASIS,False,False
2025-08-13|253A0,2025-08-13,253A0,10:00,10:50,50,COMPLETE,5,0,DOWN,-0.09746588693957114,AVAILABLE,15.0,True,,,,UNRESOLVED_STRUCTURE,OBSERVATION_INSUFFICIENT,1,0,0,False,0,0,False,INHERITED_RAW_PRICE_BASIS,False,False
2025-08-13|253A0,2025-08-13,253A0,10:00,10:55,55,COMPLETE,5,0,UP,1.7578125,AVAILABLE,15.0,True,,,RANGE_EXPANSION|VOLUME_EXPANSION|TRADING_VALUE_EXPANSION,UNRESOLVED_STRUCTURE,OBSERVATION_INSUFFICIENT,2,0,1,False,1,0,False,INHERITED_RAW_PRICE_BASIS,True,False
2025-08-13|253A0,2025-08-13,253A0,10:00,11:00,60,PARTIAL,4,1,,,AVAILABLE,15.0,True,,,,UNRESOLVED_STRUCTURE,OBSERVATION_INSUFFICIENT,3,0,0,False,0,0,False,INHERITED_RAW_PRICE_BASIS,False,False
2025-08-13|253A0,2025-08-13,253A0,10:00,11:05,65,PARTIAL,4,1,,,AVAILABLE,15.0,True,,,,CURRENT_BAR_UNAVAILABLE,OBSERVATION_INSUFFICIENT,2,0,0,False,0,0,False,INHERITED_RAW_PRICE_BASIS,False,False
2025-08-13|253A0,2025-08-13,253A0,10:00,11:10,70,PARTIAL,3,2,,,AVAILABLE,15.0,True,,,,UNRESOLVED_STRUCTURE,OBSERVATION_INSUFFICIENT,2,0,0,False,0,0,False,INHERITED_RAW_PRICE_BASIS,False,False
2025-08-13|253A0,2025-08-13,253A0,10:00,11:15,75,COMPLETE,5,0,UP,0.5703422053231939,AVAILABLE,15.0,True,,,,UNRESOLVED_STRUCTURE,OBSERVATION_INSUFFICIENT,4,0,0,False,0,0,False,INHERITED_RAW_PRICE_BASIS,False,False
2025-08-13|253A0,2025-08-13,253A0,10:00,11:20,80,PARTIAL,3,2,,,AVAILABLE,15.0,True,,,,UNRESOLVED_STRUCTURE,OBSERVATION_INSUFFICIENT,3,0,0,False,0,0,False,INHERITED_RAW_PRICE_BASIS,False,False
2025-08-13|253A0,2025-08-13,253A0,10:00,11:25,85,PARTIAL,3,2,,,AVAILABLE,15.0,True,,,,UNRESOLVED_STRUCTURE,OBSERVATION_INSUFFICIENT,2,0,0,False,0,0,False,INHERITED_RAW_PRICE_BASIS,False,False
2025-08-13|253A0,2025-08-13,253A0,10:00,11:30,90,PARTIAL,4,1,,,AVAILABLE,15.0,True,,,,UNRESOLVED_STRUCTURE,OBSERVATION_INSUFFICIENT,2,0,0,False,0,0,False,INHERITED_RAW_PRICE_BASIS,False,False
2025-08-13|253A0,2025-08-13,253A0,10:00,12:35,95,PARTIAL,4,1,,,AVAILABLE,15.0,True,,,,UNRESOLVED_STRUCTURE,OBSERVATION_INSUFFICIENT,4,0,0,False,0,0,False,INHERITED_RAW_PRICE_BASIS,False,False
2025-08-13|253A0,2025-08-13,253A0,10:00,12:40,100,PARTIAL,4,1,,,AVAILABLE,15.0,True,,,,UNRESOLVED_STRUCTURE,OBSERVATION_INSUFFICIENT,4,0,0,False,0,0,False,INHERITED_RAW_PRICE_BASIS,False,False
2025-08-13|253A0,2025-08-13,253A0,10:00,12:45,105,PARTIAL,2,3,,,AVAILABLE,15.0,True,,,,UNRESOLVED_STRUCTURE,OBSERVATION_INSUFFICIENT,4,0,0,False,0,0,False,INHERITED_RAW_PRICE_BASIS,False,False
2025-08-13|253A0,2025-08-13,253A0,10:00,12:50,110,PARTIAL,4,1,,,AVAILABLE,15.0,True,,,,UNRESOLVED_STRUCTURE,OBSERVATION_INSUFFICIENT,4,0,0,False,0,0,False,INHERITED_RAW_PRICE_BASIS,False,False
2025-08-13|253A0,2025-08-13,253A0,10:00,12:55,115,PARTIAL,2,3,,,AVAILABLE,15.0,True,,,,CURRENT_BAR_UNAVAILABLE,OBSERVATION_INSUFFICIENT,3,0,0,False,0,0,False,INHERITED_RAW_PRICE_BASIS,False,False
2025-08-13|253A0,2025-08-13,253A0,10:00,13:00,120,PARTIAL,4,1,,,AVAILABLE,15.0,True,,,,UNRESOLVED_STRUCTURE,OBSERVATION_INSUFFICIENT,4,0,0,False,0,0,False,INHERITED_RAW_PRICE_BASIS,False,False
2025-08-13|253A0,2025-08-13,253A0,10:00,13:05,125,PARTIAL,3,2,,,AVAILABLE,15.0,True,,,,CURRENT_BAR_UNAVAILABLE,OBSERVATION_INSUFFICIENT,4,0,0,False,0,0,False,INHERITED_RAW_PRICE_BASIS,False,False
2025-08-13|253A0,2025-08-13,253A0,10:00,13:10,130,PARTIAL,3,2,,,AVAILABLE,15.0,True,,,,CURRENT_BAR_UNAVAILABLE,OBSERVATION_INSUFFICIENT,3,0,0,False,0,0,False,INHERITED_RAW_PRICE_BASIS,False,False
2025-08-13|253A0,2025-08-13,253A0,10:00,13:15,135,PARTIAL,3,2,,,AVAILABLE,15.0,True,,,,CURRENT_BAR_UNAVAILABLE,OBSERVATION_INSUFFICIENT,3,0,0,False,0,0,False,INHERITED_RAW_PRICE_BASIS,False,False
2025-08-13|253A0,2025-08-13,253A0,10:00,13:20,140,PARTIAL,4,1,,,AVAILABLE,15.0,True,,,,UNRESOLVED_STRUCTURE,OBSERVATION_INSUFFICIENT,4,0,0,False,0,0,False,INHERITED_RAW_PRICE_BASIS,False,False
2025-08-13|253A0,2025-08-13,253A0,10:00,13:25,145,PARTIAL,3,2,,,AVAILABLE,15.0,True,,,,CURRENT_BAR_UNAVAILABLE,OBSERVATION_INSUFFICIENT,7,0,0,False,0,0,False,INHERITED_RAW_PRICE_BASIS,False,False
2025-08-13|253A0,2025-08-13,253A0,10:00,13:30,150,PARTIAL,3,2,,,AVAILABLE,15.0,True,,,,UNRESOLVED_STRUCTURE,OBSERVATION_INSUFFICIENT,8,0,0,False,0,0,False,INHERITED_RAW_PRICE_BASIS,False,False
2025-08-13|253A0,2025-08-13,253A0,10:00,13:35,155,UNAVAILABLE,0,5,,,AVAILABLE,15.0,True,,,,CURRENT_BAR_UNAVAILABLE,OBSERVATION_INSUFFICIENT,5,0,0,False,0,0,False,INHERITED_RAW_PRICE_BASIS,False,False
2025-08-13|253A0,2025-08-13,253A0,10:00,13:40,160,PARTIAL,2,3,,,AVAILABLE,15.0,True,,,,UNRESOLVED_STRUCTURE,OBSERVATION_INSUFFICIENT,3,0,0,False,0,0,False,INHERITED_RAW_PRICE_BASIS,False,False
2025-08-13|253A0,2025-08-13,253A0,10:00,13:45,165,PARTIAL,3,2,,,AVAILABLE,15.0,True,,,,CURRENT_BAR_UNAVAILABLE,OBSERVATION_INSUFFICIENT,5,0,0,False,0,0,False,INHERITED_RAW_PRICE_BASIS,False,False
2025-08-13|253A0,2025-08-13,253A0,10:00,13:50,170,PARTIAL,4,1,,,AVAILABLE,15.0,True,,,,UNRESOLVED_STRUCTURE,OBSERVATION_INSUFFICIENT,6,0,0,False,0,0,False,INHERITED_RAW_PRICE_BASIS,False,False
2025-08-13|253A0,2025-08-13,253A0,10:00,13:55,175,PARTIAL,1,4,,,AVAILABLE,15.0,True,,,,CURRENT_BAR_UNAVAILABLE,OBSERVATION_INSUFFICIENT,5,0,0,False,0,0,False,INHERITED_RAW_PRICE_BASIS,False,False
2025-08-13|253A0,2025-08-13,253A0,10:00,14:00,180,PARTIAL,3,2,,,AVAILABLE,15.0,True,,,,CURRENT_BAR_UNAVAILABLE,OBSERVATION_INSUFFICIENT,7,0,0,False,0,0,False,INHERITED_RAW_PRICE_BASIS,False,False
2025-08-13|253A0,2025-08-13,253A0,10:00,14:05,185,PARTIAL,2,3,,,AVAILABLE,15.0,True,,,,UNRESOLVED_STRUCTURE,OBSERVATION_INSUFFICIENT,7,0,0,False,0,0,False,INHERITED_RAW_PRICE_BASIS,False,False
2025-08-13|253A0,2025-08-13,253A0,10:00,14:10,190,PARTIAL,1,4,,,AVAILABLE,15.0,True,,,,CURRENT_BAR_UNAVAILABLE,OBSERVATION_INSUFFICIENT,7,0,0,False,0,0,False,INHERITED_RAW_PRICE_BASIS,False,False
2025-08-13|253A0,2025-08-13,253A0,10:00,14:15,195,PARTIAL,2,3,,,AVAILABLE,15.0,True,,,,CURRENT_BAR_UNAVAILABLE,OBSERVATION_INSUFFICIENT,6,0,0,False,0,0,False,INHERITED_RAW_PRICE_BASIS,False,False
2025-08-13|253A0,2025-08-13,253A0,10:00,14:20,200,PARTIAL,1,4,,,AVAILABLE,15.0,True,,,,CURRENT_BAR_UNAVAILABLE,OBSERVATION_INSUFFICIENT,5,0,0,False,0,0,False,INHERITED_RAW_PRICE_BASIS,False,False
2025-08-13|253A0,2025-08-13,253A0,10:00,14:25,205,PARTIAL,3,2,,,AVAILABLE,15.0,True,,,,CURRENT_BAR_UNAVAILABLE,OBSERVATION_INSUFFICIENT,7,0,0,False,0,0,False,INHERITED_RAW_PRICE_BASIS,False,False
2025-08-13|253A0,2025-08-13,253A0,10:00,14:30,210,PARTIAL,2,3,,,AVAILABLE,15.0,True,,,,CURRENT_BAR_UNAVAILABLE,OBSERVATION_INSUFFICIENT,7,0,0,False,0,0,False,INHERITED_RAW_PRICE_BASIS,False,False
2025-08-13|253A0,2025-08-13,253A0,10:00,14:35,215,PARTIAL,1,4,,,AVAILABLE,15.0,True,,,,CURRENT_BAR_UNAVAILABLE,OBSERVATION_INSUFFICIENT,6,0,0,False,0,0,False,INHERITED_RAW_PRICE_BASIS,False,False
2025-08-13|253A0,2025-08-13,253A0,10:00,14:40,220,PARTIAL,2,3,,,AVAILABLE,15.0,True,,,,UNRESOLVED_STRUCTURE,OBSERVATION_INSUFFICIENT,7,0,0,False,0,0,False,INHERITED_RAW_PRICE_BASIS,False,False
2025-08-13|253A0,2025-08-13,253A0,10:00,14:45,225,PARTIAL,2,3,,,AVAILABLE,15.0,True,,,,UNRESOLVED_STRUCTURE,OBSERVATION_INSUFFICIENT,4,0,0,False,0,0,False,INHERITED_RAW_PRICE_BASIS,False,False
2025-08-13|253A0,2025-08-13,253A0,10:00,14:50,230,PARTIAL,1,4,,,AVAILABLE,15.0,True,,,,CURRENT_BAR_UNAVAILABLE,OBSERVATION_INSUFFICIENT,1,0,0,False,0,0,False,INHERITED_RAW_PRICE_BASIS,False,False
2025-08-13|253A0,2025-08-13,253A0,10:00,14:55,235,COMPLETE,5,0,DOWN,-0.7626310772163966,AVAILABLE,15.0,True,,,,UNRESOLVED_STRUCTURE,OBSERVATION_INSUFFICIENT,5,0,0,False,0,0,False,INHERITED_RAW_PRICE_BASIS,False,False
2025-08-13|253A0,2025-08-13,253A0,10:00,15:00,240,PARTIAL,4,1,,,AVAILABLE,15.0,True,,,,UNRESOLVED_STRUCTURE,OBSERVATION_INSUFFICIENT,6,0,0,False,0,0,False,INHERITED_RAW_PRICE_BASIS,False,False
2025-08-13|253A0,2025-08-13,253A0,10:00,15:05,245,PARTIAL,1,4,,,AVAILABLE,15.0,True,,,,CURRENT_BAR_UNAVAILABLE,OBSERVATION_INSUFFICIENT,4,0,0,False,0,0,False,INHERITED_RAW_PRICE_BASIS,False,False
2025-08-13|253A0,2025-08-13,253A0,10:00,15:10,250,PARTIAL,3,2,,,AVAILABLE,15.0,True,,,,UNRESOLVED_STRUCTURE,OBSERVATION_INSUFFICIENT,3,0,0,False,0,0,False,INHERITED_RAW_PRICE_BASIS,False,False
2025-08-13|253A0,2025-08-13,253A0,10:00,15:15,255,PARTIAL,3,2,,,AVAILABLE,15.0,True,,,,CURRENT_BAR_UNAVAILABLE,OBSERVATION_INSUFFICIENT,2,0,0,False,0,0,False,INHERITED_RAW_PRICE_BASIS,False,False
2025-08-13|253A0,2025-08-13,253A0,10:00,15:20,260,PARTIAL,4,1,,,AVAILABLE,15.0,True,,,,UNRESOLVED_STRUCTURE,RIGHT_CENSORED,1,0,0,False,0,0,False,INHERITED_RAW_PRICE_BASIS,False,False
2025-08-13|253A0,2025-08-13,253A0,10:00,15:25,265,PARTIAL,4,1,,,AVAILABLE,15.0,True,,,,UNRESOLVED_STRUCTURE,RIGHT_CENSORED,0,0,0,False,0,0,False,INHERITED_RAW_PRICE_BASIS,False,False
2025-08-13|26670,2025-08-13,26670,14:00,14:00,0,COMPLETE,5,0,DOWN,-0.4219409282700422,SCALE_INSUFFICIENT,,True,,,,SCALE_UNAVAILABLE,OBSERVATION_INSUFFICIENT,2,0,0,False,1,0,False,INHERITED_RAW_PRICE_BASIS,False,False
2025-08-13|26670,2025-08-13,26670,14:00,14:05,5,COMPLETE,5,0,DOWN,-0.8438818565400844,SCALE_INSUFFICIENT,,True,,,,SCALE_UNAVAILABLE,OBSERVATION_INSUFFICIENT,6,0,0,False,0,0,False,INHERITED_RAW_PRICE_BASIS,True,False
2025-08-13|26670,2025-08-13,26670,14:00,14:10,10,PARTIAL,3,2,,,SCALE_INSUFFICIENT,,True,,,,CURRENT_BAR_UNAVAILABLE,OBSERVATION_INSUFFICIENT,8,0,0,False,0,1,False,INHERITED_RAW_PRICE_BASIS,False,False
2025-08-13|26670,2025-08-13,26670,14:00,14:15,15,PARTIAL,1,4,,,SCALE_INSUFFICIENT,,True,,,,CURRENT_BAR_UNAVAILABLE,OBSERVATION_INSUFFICIENT,8,0,0,False,0,0,False,INHERITED_RAW_PRICE_BASIS,False,False
2025-08-13|26670,2025-08-13,26670,14:00,14:20,20,PARTIAL,1,4,,,SCALE_INSUFFICIENT,,True,,,,CURRENT_BAR_UNAVAILABLE,OBSERVATION_INSUFFICIENT,8,0,0,False,0,0,False,INHERITED_RAW_PRICE_BASIS,False,False
2025-08-13|26670,2025-08-13,26670,14:00,14:25,25,PARTIAL,1,4,,,SCALE_INSUFFICIENT,,True,,,,CURRENT_BAR_UNAVAILABLE,OBSERVATION_INSUFFICIENT,7,0,0,False,0,0,False,INHERITED_RAW_PRICE_BASIS,False,False
2025-08-13|26670,2025-08-13,26670,14:00,14:30,30,PARTIAL,1,4,,,SCALE_INSUFFICIENT,,True,,,,CURRENT_BAR_UNAVAILABLE,OBSERVATION_INSUFFICIENT,7,0,0,False,0,0,False,INHERITED_RAW_PRICE_BASIS,False,False
2025-08-13|26670,2025-08-13,26670,14:00,14:35,35,PARTIAL,2,3,,,SCALE_INSUFFICIENT,,True,,,,SCALE_UNAVAILABLE,OBSERVATION_INSUFFICIENT,7,0,0,False,0,0,False,INHERITED_RAW_PRICE_BASIS,False,False
2025-08-13|26670,2025-08-13,26670,14:00,14:40,40,PARTIAL,1,4,,,SCALE_INSUFFICIENT,,True,,,,SCALE_UNAVAILABLE,OBSERVATION_INSUFFICIENT,5,0,0,False,0,0,False,INHERITED_RAW_PRICE_BASIS,False,False
2025-08-13|26670,2025-08-13,26670,14:00,14:45,45,PARTIAL,2,3,,,SCALE_INSUFFICIENT,,True,,,,CURRENT_BAR_UNAVAILABLE,OBSERVATION_INSUFFICIENT,4,0,0,False,0,0,False,INHERITED_RAW_PRICE_BASIS,False,False
2025-08-13|26670,2025-08-13,26670,14:00,14:50,50,PARTIAL,3,2,,,SCALE_INSUFFICIENT,,True,,,,SCALE_UNAVAILABLE,OBSERVATION_INSUFFICIENT,5,0,0,False,0,1,False,INHERITED_RAW_PRICE_BASIS,False,False
2025-08-13|26670,2025-08-13,26670,14:00,14:55,55,PARTIAL,3,2,,,SCALE_INSUFFICIENT,,True,,,,CURRENT_BAR_UNAVAILABLE,OBSERVATION_INSUFFICIENT,6,0,0,False,0,1,False,INHERITED_RAW_PRICE_BASIS,False,False
2025-08-13|26670,2025-08-13,26670,14:00,15:00,60,PARTIAL,2,3,,,SCALE_INSUFFICIENT,,True,,,,CURRENT_BAR_UNAVAILABLE,OBSERVATION_INSUFFICIENT,7,0,0,False,0,0,False,INHERITED_RAW_PRICE_BASIS,False,False
2025-08-13|26670,2025-08-13,26670,14:00,15:05,65,PARTIAL,2,3,,,SCALE_INSUFFICIENT,,True,,,,CURRENT_BAR_UNAVAILABLE,OBSERVATION_INSUFFICIENT,6,0,0,False,0,0,False,INHERITED_RAW_PRICE_BASIS,False,False
2025-08-13|26670,2025-08-13,26670,14:00,15:10,70,PARTIAL,1,4,,,SCALE_INSUFFICIENT,,True,,,,CURRENT_BAR_UNAVAILABLE,OBSERVATION_INSUFFICIENT,5,0,0,False,0,0,False,INHERITED_RAW_PRICE_BASIS,False,False
2025-08-13|26670,2025-08-13,26670,14:00,15:15,75,PARTIAL,3,2,,,SCALE_INSUFFICIENT,,True,,,,SCALE_UNAVAILABLE,OBSERVATION_INSUFFICIENT,5,0,0,False,0,0,False,INHERITED_RAW_PRICE_BASIS,False,False
2025-08-13|26670,2025-08-13,26670,14:00,15:20,80,PARTIAL,2,3,,,SCALE_INSUFFICIENT,,True,,,,CURRENT_BAR_UNAVAILABLE,RIGHT_CENSORED,2,0,0,False,0,0,False,INHERITED_RAW_PRICE_BASIS,False,False
2025-08-13|26670,2025-08-13,26670,14:00,15:25,85,PARTIAL,3,2,,,SCALE_INSUFFICIENT,,True,,,,SCALE_UNAVAILABLE,RIGHT_CENSORED,0,0,0,False,0,0,False,INHERITED_RAW_PRICE_BASIS,False,False
2025-08-13|29810,2025-08-13,29810,09:30,09:30,0,COMPLETE,5,0,DOWN,-1.668752607425949,SCALE_INSUFFICIENT,,True,,,,SCALE_UNAVAILABLE,OBSERVATION_INSUFFICIENT,1,0,0,False,0,1,False,INHERITED_RAW_PRICE_BASIS,False,False
2025-08-13|29810,2025-08-13,29810,09:30,09:35,5,COMPLETE,5,0,UP,0.12760527435133986,SCALE_INSUFFICIENT,,True,,,RANGE_COMPRESSION|VOLUME_COMPRESSION|TRADING_VALUE_COMPRESSION,SCALE_UNAVAILABLE,OBSERVATION_INSUFFICIENT,4,0,0,False,0,0,False,INHERITED_RAW_PRICE_BASIS,True,False
2025-08-13|29810,2025-08-13,29810,09:30,09:40,10,PARTIAL,4,1,,,SCALE_INSUFFICIENT,,True,,,,SCALE_UNAVAILABLE,OBSERVATION_INSUFFICIENT,4,0,0,False,0,0,False,INHERITED_RAW_PRICE_BASIS,False,False
2025-08-13|29810,2025-08-13,29810,09:30,09:45,15,PARTIAL,2,3,,,SCALE_INSUFFICIENT,,True,,,,CURRENT_BAR_UNAVAILABLE,OBSERVATION_INSUFFICIENT,4,0,0,False,0,0,False,INHERITED_RAW_PRICE_BASIS,False,False
2025-08-13|29810,2025-08-13,29810,09:30,09:50,20,PARTIAL,4,1,,,SCALE_INSUFFICIENT,,True,,,,SCALE_UNAVAILABLE,OBSERVATION_INSUFFICIENT,6,0,0,False,0,0,False,INHERITED_RAW_PRICE_BASIS,False,False
2025-08-13|29810,2025-08-13,29810,09:30,09:55,25,PARTIAL,2,3,,,SCALE_INSUFFICIENT,,True,,,,SCALE_UNAVAILABLE,OBSERVATION_INSUFFICIENT,4,0,0,False,0,0,False,INHERITED_RAW_PRICE_BASIS,False,False
2025-08-13|29810,2025-08-13,29810,09:30,10:00,30,PARTIAL,2,3,,,SCALE_INSUFFICIENT,,True,,,,CURRENT_BAR_UNAVAILABLE,OBSERVATION_INSUFFICIENT,1,0,0,False,0,0,False,INHERITED_RAW_PRICE_BASIS,False,False
2025-08-13|29810,2025-08-13,29810,09:30,10:05,35,PARTIAL,4,1,,,SCALE_INSUFFICIENT,,True,,,,SCALE_UNAVAILABLE,WINDOW_OBSERVED,0,0,0,False,0,0,False,INHERITED_RAW_PRICE_BASIS,False,False
2025-08-13|29810,2025-08-13,29810,09:30,10:10,40,COMPLETE,5,0,DOWN,-1.0651896037494675,SCALE_INSUFFICIENT,,True,,,,SCALE_UNAVAILABLE,WINDOW_OBSERVED,0,0,0,False,3,2,False,INHERITED_RAW_PRICE_BASIS,False,False
2025-08-13|29810,2025-08-13,29810,09:30,10:15,45,COMPLETE,5,0,DOWN,-0.6073752711496746,SCALE_INSUFFICIENT,,True,,,RANGE_COMPRESSION|VOLUME_COMPRESSION|TRADING_VALUE_COMPRESSION,SCALE_UNAVAILABLE,OBSERVATION_INSUFFICIENT,2,0,0,False,1,1,False,INHERITED_RAW_PRICE_BASIS,True,False
2025-08-13|29810,2025-08-13,29810,09:30,10:20,50,COMPLETE,5,0,UP,1.0013060513713539,SCALE_INSUFFICIENT,,True,,,RANGE_EXPANSION|VOLUME_EXPANSION|TRADING_VALUE_EXPANSION,SCALE_UNAVAILABLE,OBSERVATION_INSUFFICIENT,5,0,0,False,1,3,False,INHERITED_RAW_PRICE_BASIS,True,False
2025-08-13|29810,2025-08-13,29810,09:30,10:25,55,PARTIAL,3,2,,,SCALE_INSUFFICIENT,,True,,,,CURRENT_BAR_UNAVAILABLE,OBSERVATION_INSUFFICIENT,5,0,0,False,0,0,False,INHERITED_RAW_PRICE_BASIS,False,False
2025-08-13|29810,2025-08-13,29810,09:30,10:30,60,PARTIAL,2,3,,,SCALE_INSUFFICIENT,,True,,,,CURRENT_BAR_UNAVAILABLE,OBSERVATION_INSUFFICIENT,5,0,0,False,0,0,False,INHERITED_RAW_PRICE_BASIS,False,False
2025-08-13|29810,2025-08-13,29810,09:30,10:35,65,PARTIAL,3,2,,,SCALE_INSUFFICIENT,,True,,,,CURRENT_BAR_UNAVAILABLE,OBSERVATION_INSUFFICIENT,5,0,0,False,0,1,False,INHERITED_RAW_PRICE_BASIS,False,False
2025-08-13|29810,2025-08-13,29810,09:30,10:40,70,PARTIAL,2,3,,,SCALE_INSUFFICIENT,,True,,,,CURRENT_BAR_UNAVAILABLE,OBSERVATION_INSUFFICIENT,5,0,0,False,0,0,False,INHERITED_RAW_PRICE_BASIS,False,False
2025-08-13|29810,2025-08-13,29810,09:30,10:45,75,PARTIAL,3,2,,,SCALE_INSUFFICIENT,,True,,,,SCALE_UNAVAILABLE,OBSERVATION_INSUFFICIENT,8,0,0,False,0,0,False,INHERITED_RAW_PRICE_BASIS,False,False
2025-08-13|29810,2025-08-13,29810,09:30,10:50,80,PARTIAL,2,3,,,SCALE_INSUFFICIENT,,True,,,,CURRENT_BAR_UNAVAILABLE,OBSERVATION_INSUFFICIENT,9,0,0,False,0,0,False,INHERITED_RAW_PRICE_BASIS,False,False
2025-08-13|29810,2025-08-13,29810,09:30,10:55,85,UNAVAILABLE,0,5,,,SCALE_INSUFFICIENT,,True,,,,CURRENT_BAR_UNAVAILABLE,OBSERVATION_INSUFFICIENT,4,0,0,False,0,0,False,INHERITED_RAW_PRICE_BASIS,False,False
2025-08-13|29810,2025-08-13,29810,09:30,11:00,90,PARTIAL,1,4,,,SCALE_INSUFFICIENT,,True,,,,CURRENT_BAR_UNAVAILABLE,OBSERVATION_INSUFFICIENT,2,0,0,False,0,0,False,INHERITED_RAW_PRICE_BASIS,False,False
2025-08-13|29810,2025-08-13,29810,09:30,11:05,95,COMPLETE,5,0,DOWN,-0.8806693086745927,SCALE_INSUFFICIENT,,True,,,,SCALE_UNAVAILABLE,OBSERVATION_INSUFFICIENT,5,0,0,False,0,1,False,INHERITED_RAW_PRICE_BASIS,False,False
2025-08-13|29810,2025-08-13,29810,09:30,11:10,100,PARTIAL,3,2,,,SCALE_INSUFFICIENT,,True,,,,CURRENT_BAR_UNAVAILABLE,OBSERVATION_INSUFFICIENT,5,0,0,False,0,1,False,INHERITED_RAW_PRICE_BASIS,False,False
2025-08-13|29810,2025-08-13,29810,09:30,11:15,105,PARTIAL,2,3,,,SCALE_INSUFFICIENT,,True,,,,SCALE_UNAVAILABLE,OBSERVATION_INSUFFICIENT,4,0,0,False,0,0,False,INHERITED_RAW_PRICE_BASIS,False,False
2025-08-13|29810,2025-08-13,29810,09:30,11:20,110,PARTIAL,3,2,,,SCALE_INSUFFICIENT,,True,,,,SCALE_UNAVAILABLE,OBSERVATION_INSUFFICIENT,4,0,0,False,0,0,False,INHERITED_RAW_PRICE_BASIS,False,False
2025-08-13|29810,2025-08-13,29810,09:30,11:25,115,PARTIAL,3,2,,,SCALE_INSUFFICIENT,,True,,,,SCALE_UNAVAILABLE,OBSERVATION_INSUFFICIENT,4,0,0,False,2,1,False,INHERITED_RAW_PRICE_BASIS,False,False
2025-08-13|29810,2025-08-13,29810,09:30,11:30,120,PARTIAL,3,2,,,SCALE_INSUFFICIENT,,True,,,,CURRENT_BAR_UNAVAILABLE,OBSERVATION_INSUFFICIENT,3,0,0,False,1,1,False,INHERITED_RAW_PRICE_BASIS,False,False
2025-08-13|29810,2025-08-13,29810,09:30,12:35,125,PARTIAL,3,2,,,SCALE_INSUFFICIENT,,True,,,,CURRENT_BAR_UNAVAILABLE,OBSERVATION_INSUFFICIENT,2,0,0,False,0,0,False,INHERITED_RAW_PRICE_BASIS,False,False
2025-08-13|29810,2025-08-13,29810,09:30,12:40,130,PARTIAL,4,1,,,SCALE_INSUFFICIENT,,True,,,,SCALE_UNAVAILABLE,OBSERVATION_INSUFFICIENT,2,0,0,False,0,0,False,INHERITED_RAW_PRICE_BASIS,False,False
2025-08-13|29810,2025-08-13,29810,09:30,12:45,135,PARTIAL,4,1,,,SCALE_INSUFFICIENT,,True,,,,CURRENT_BAR_UNAVAILABLE,OBSERVATION_INSUFFICIENT,5,0,0,False,0,0,False,INHERITED_RAW_PRICE_BASIS,False,False
2025-08-13|29810,2025-08-13,29810,09:30,12:50,140,PARTIAL,4,1,,,SCALE_INSUFFICIENT,,True,,,,SCALE_UNAVAILABLE,OBSERVATION_INSUFFICIENT,6,0,0,False,0,0,False,INHERITED_RAW_PRICE_BASIS,False,False
2025-08-13|29810,2025-08-13,29810,09:30,12:55,145,PARTIAL,1,4,,,SCALE_INSUFFICIENT,,True,,,,CURRENT_BAR_UNAVAILABLE,OBSERVATION_INSUFFICIENT,5,0,0,False,0,0,False,INHERITED_RAW_PRICE_BASIS,False,False
2025-08-13|29810,2025-08-13,29810,09:30,13:00,150,PARTIAL,3,2,,,SCALE_INSUFFICIENT,,True,,,,CURRENT_BAR_UNAVAILABLE,OBSERVATION_INSUFFICIENT,7,0,0,False,0,0,False,INHERITED_RAW_PRICE_BASIS,False,False
2025-08-13|29810,2025-08-13,29810,09:30,13:05,155,PARTIAL,2,3,,,SCALE_INSUFFICIENT,,True,,,,SCALE_UNAVAILABLE,OBSERVATION_INSUFFICIENT,7,0,0,False,0,0,False,INHERITED_RAW_PRICE_BASIS,False,False
2025-08-13|29810,2025-08-13,29810,09:30,13:10,160,PARTIAL,1,4,,,SCALE_INSUFFICIENT,,True,,,,CURRENT_BAR_UNAVAILABLE,OBSERVATION_INSUFFICIENT,6,0,0,False,0,0,False,INHERITED_RAW_PRICE_BASIS,False,False
2025-08-13|29810,2025-08-13,29810,09:30,13:15,165,PARTIAL,2,3,,,SCALE_INSUFFICIENT,,True,,,,CURRENT_BAR_UNAVAILABLE,OBSERVATION_INSUFFICIENT,3,0,0,False,0,0,False,INHERITED_RAW_PRICE_BASIS,False,False
2025-08-13|29810,2025-08-13,29810,09:30,13:20,170,PARTIAL,2,3,,,SCALE_INSUFFICIENT,,True,,,,CURRENT_BAR_UNAVAILABLE,OBSERVATION_INSUFFICIENT,2,0,0,False,0,0,False,INHERITED_RAW_PRICE_BASIS,False,False
2025-08-13|29810,2025-08-13,29810,09:30,13:25,175,COMPLETE,5,0,UP,0.44603033006244425,SCALE_INSUFFICIENT,,True,,,,SCALE_UNAVAILABLE,OBSERVATION_INSUFFICIENT,6,0,0,False,0,0,False,INHERITED_RAW_PRICE_BASIS,False,False
2025-08-13|29810,2025-08-13,29810,09:30,13:30,180,PARTIAL,3,2,,,SCALE_INSUFFICIENT,,True,,,,CURRENT_BAR_UNAVAILABLE,OBSERVATION_INSUFFICIENT,8,0,0,False,0,0,False,INHERITED_RAW_PRICE_BASIS,False,False
2025-08-13|29810,2025-08-13,29810,09:30,13:35,185,PARTIAL,1,4,,,SCALE_INSUFFICIENT,,True,,,,CURRENT_BAR_UNAVAILABLE,OBSERVATION_INSUFFICIENT,7,0,0,False,0,0,False,INHERITED_RAW_PRICE_BASIS,False,False
2025-08-13|29810,2025-08-13,29810,09:30,13:40,190,PARTIAL,1,4,,,SCALE_INSUFFICIENT,,True,,,,CURRENT_BAR_UNAVAILABLE,OBSERVATION_INSUFFICIENT,7,0,0,False,0,0,False,INHERITED_RAW_PRICE_BASIS,False,False
2025-08-13|29810,2025-08-13,29810,09:30,13:45,195,PARTIAL,2,3,,,SCALE_INSUFFICIENT,,True,,,,CURRENT_BAR_UNAVAILABLE,OBSERVATION_INSUFFICIENT,8,0,0,False,0,0,False,INHERITED_RAW_PRICE_BASIS,False,False
2025-08-13|29810,2025-08-13,29810,09:30,13:50,200,PARTIAL,1,4,,,SCALE_INSUFFICIENT,,True,,,,CURRENT_BAR_UNAVAILABLE,OBSERVATION_INSUFFICIENT,8,0,0,False,0,0,False,INHERITED_RAW_PRICE_BASIS,False,False
2025-08-13|29810,2025-08-13,29810,09:30,13:55,205,PARTIAL,1,4,,,SCALE_INSUFFICIENT,,True,,,,CURRENT_BAR_UNAVAILABLE,OBSERVATION_INSUFFICIENT,9,0,0,False,0,0,False,INHERITED_RAW_PRICE_BASIS,False,False
2025-08-13|29810,2025-08-13,29810,09:30,14:00,210,PARTIAL,1,4,,,SCALE_INSUFFICIENT,,True,,,,SCALE_UNAVAILABLE,OBSERVATION_INSUFFICIENT,8,0,0,False,0,0,False,INHERITED_RAW_PRICE_BASIS,False,False
2025-08-13|29810,2025-08-13,29810,09:30,14:05,215,UNAVAILABLE,0,5,,,SCALE_INSUFFICIENT,,True,,,,CURRENT_BAR_UNAVAILABLE,OBSERVATION_INSUFFICIENT,6,0,0,False,0,0,False,INHERITED_RAW_PRICE_BASIS,False,False
2025-08-13|29810,2025-08-13,29810,09:30,14:10,220,PARTIAL,2,3,,,SCALE_INSUFFICIENT,,True,,,,SCALE_UNAVAILABLE,OBSERVATION_INSUFFICIENT,6,0,0,False,0,0,False,INHERITED_RAW_PRICE_BASIS,False,False
2025-08-13|29810,2025-08-13,29810,09:30,14:15,225,PARTIAL,2,3,,,SCALE_INSUFFICIENT,,True,,,,CURRENT_BAR_UNAVAILABLE,OBSERVATION_INSUFFICIENT,7,0,0,False,0,0,False,INHERITED_RAW_PRICE_BASIS,False,False
2025-08-13|29810,2025-08-13,29810,09:30,14:20,230,PARTIAL,2,3,,,SCALE_INSUFFICIENT,,True,,,,CURRENT_BAR_UNAVAILABLE,OBSERVATION_INSUFFICIENT,6,0,0,False,0,0,False,INHERITED_RAW_PRICE_BASIS,False,False
2025-08-13|29810,2025-08-13,29810,09:30,14:25,235,PARTIAL,1,4,,,SCALE_INSUFFICIENT,,True,,,,CURRENT_BAR_UNAVAILABLE,OBSERVATION_INSUFFICIENT,7,0,0,False,0,0,False,INHERITED_RAW_PRICE_BASIS,False,False
2025-08-13|29810,2025-08-13,29810,09:30,14:30,240,PARTIAL,3,2,,,SCALE_INSUFFICIENT,,True,,,,CURRENT_BAR_UNAVAILABLE,OBSERVATION_INSUFFICIENT,9,0,0,False,0,0,False,INHERITED_RAW_PRICE_BASIS,False,False
2025-08-13|29810,2025-08-13,29810,09:30,14:35,245,UNAVAILABLE,0,5,,,SCALE_INSUFFICIENT,,True,,,,CURRENT_BAR_UNAVAILABLE,OBSERVATION_INSUFFICIENT,5,0,0,False,0,0,False,INHERITED_RAW_PRICE_BASIS,False,False
2025-08-13|29810,2025-08-13,29810,09:30,14:40,250,PARTIAL,1,4,,,SCALE_INSUFFICIENT,,True,,,,CURRENT_BAR_UNAVAILABLE,OBSERVATION_INSUFFICIENT,6,0,0,False,0,0,False,INHERITED_RAW_PRICE_BASIS,False,False
2025-08-13|29810,2025-08-13,29810,09:30,14:45,255,PARTIAL,4,1,,,SCALE_INSUFFICIENT,,True,,,,SCALE_UNAVAILABLE,OBSERVATION_INSUFFICIENT,10,0,0,False,0,0,False,INHERITED_RAW_PRICE_BASIS,False,False
2025-08-13|29810,2025-08-13,29810,09:30,14:50,260,UNAVAILABLE,0,5,,,SCALE_INSUFFICIENT,,True,,,,CURRENT_BAR_UNAVAILABLE,OBSERVATION_INSUFFICIENT,10,0,0,False,0,0,False,INHERITED_RAW_PRICE_BASIS,False,False
2025-08-13|29810,2025-08-13,29810,09:30,14:55,265,UNAVAILABLE,0,5,,,SCALE_INSUFFICIENT,,True,,,,CURRENT_BAR_UNAVAILABLE,OBSERVATION_INSUFFICIENT,10,0,0,False,0,0,False,INHERITED_RAW_PRICE_BASIS,False,False
2025-08-13|29810,2025-08-13,29810,09:30,15:00,270,UNAVAILABLE,0,5,,,SCALE_INSUFFICIENT,,True,,,,CURRENT_BAR_UNAVAILABLE,OBSERVATION_INSUFFICIENT,9,0,0,False,0,0,False,INHERITED_RAW_PRICE_BASIS,False,False
2025-08-13|29810,2025-08-13,29810,09:30,15:05,275,UNAVAILABLE,0,5,,,SCALE_INSUFFICIENT,,True,,,,CURRENT_BAR_UNAVAILABLE,OBSERVATION_INSUFFICIENT,9,0,0,False,0,0,False,INHERITED_RAW_PRICE_BASIS,False,False
2025-08-13|29810,2025-08-13,29810,09:30,15:10,280,PARTIAL,1,4,,,SCALE_INSUFFICIENT,,True,,,,CURRENT_BAR_UNAVAILABLE,OBSERVATION_INSUFFICIENT,6,0,0,False,0,0,False,INHERITED_RAW_PRICE_BASIS,False,False
2025-08-13|29810,2025-08-13,29810,09:30,15:15,285,UNAVAILABLE,0,5,,,SCALE_INSUFFICIENT,,True,,,,CURRENT_BAR_UNAVAILABLE,OBSERVATION_INSUFFICIENT,2,0,0,False,0,0,False,INHERITED_RAW_PRICE_BASIS,False,False
2025-08-13|29810,2025-08-13,29810,09:30,15:20,290,PARTIAL,4,1,,,SCALE_INSUFFICIENT,,True,,,,SCALE_UNAVAILABLE,RIGHT_CENSORED,1,0,0,False,0,0,False,INHERITED_RAW_PRICE_BASIS,False,False
2025-08-13|29810,2025-08-13,29810,09:30,15:25,295,PARTIAL,4,1,,,SCALE_INSUFFICIENT,,True,,,,SCALE_UNAVAILABLE,RIGHT_CENSORED,0,0,0,False,0,0,False,INHERITED_RAW_PRICE_BASIS,False,False
2025-08-13|30700,2025-08-13,30700,11:30,11:30,0,COMPLETE,5,0,DOWN,-0.36231884057971014,AVAILABLE,4.0,True,,,,UNRESOLVED_STRUCTURE,OBSERVATION_INSUFFICIENT,3,0,0,False,0,1,False,INHERITED_RAW_PRICE_BASIS,False,False
2025-08-13|30700,2025-08-13,30700,11:30,12:35,5,PARTIAL,4,1,,,AVAILABLE,4.0,True,,,,UNRESOLVED_STRUCTURE,OBSERVATION_INSUFFICIENT,3,0,0,False,0,0,False,INHERITED_RAW_PRICE_BASIS,False,False
2025-08-13|30700,2025-08-13,30700,11:30,12:40,10,PARTIAL,3,2,,,AVAILABLE,4.0,True,,,,CURRENT_BAR_UNAVAILABLE,OBSERVATION_INSUFFICIENT,2,0,0,False,1,0,False,INHERITED_RAW_PRICE_BASIS,False,False
2025-08-13|30700,2025-08-13,30700,11:30,12:45,15,PARTIAL,4,1,,,AVAILABLE,4.0,True,,,,UNRESOLVED_STRUCTURE,OBSERVATION_INSUFFICIENT,2,0,0,False,0,0,False,INHERITED_RAW_PRICE_BASIS,False,False
2025-08-13|30700,2025-08-13,30700,11:30,12:50,20,PARTIAL,4,1,,,AVAILABLE,4.0,True,,,,UNRESOLVED_STRUCTURE,OBSERVATION_INSUFFICIENT,3,0,0,False,1,1,False,INHERITED_RAW_PRICE_BASIS,False,False
2025-08-13|30700,2025-08-13,30700,11:30,12:55,25,PARTIAL,4,1,,,AVAILABLE,4.0,True,,,,CURRENT_BAR_UNAVAILABLE,OBSERVATION_INSUFFICIENT,6,0,0,False,0,0,False,INHERITED_RAW_PRICE_BASIS,False,False
2025-08-13|30700,2025-08-13,30700,11:30,13:00,30,PARTIAL,3,2,,,AVAILABLE,4.0,True,,,,UNRESOLVED_STRUCTURE,OBSERVATION_INSUFFICIENT,8,0,0,False,0,0,False,INHERITED_RAW_PRICE_BASIS,False,False
2025-08-13|30700,2025-08-13,30700,11:30,13:05,35,PARTIAL,1,4,,,AVAILABLE,4.0,True,,,,CURRENT_BAR_UNAVAILABLE,OBSERVATION_INSUFFICIENT,7,0,0,False,0,0,False,INHERITED_RAW_PRICE_BASIS,False,False
2025-08-13|30700,2025-08-13,30700,11:30,13:10,40,PARTIAL,1,4,,,AVAILABLE,4.0,True,,,,CURRENT_BAR_UNAVAILABLE,OBSERVATION_INSUFFICIENT,7,0,0,False,0,0,False,INHERITED_RAW_PRICE_BASIS,False,False
2025-08-13|30700,2025-08-13,30700,11:30,13:15,45,PARTIAL,2,3,,,AVAILABLE,4.0,True,,,,CURRENT_BAR_UNAVAILABLE,OBSERVATION_INSUFFICIENT,9,0,0,False,0,0,False,INHERITED_RAW_PRICE_BASIS,False,False
2025-08-13|30700,2025-08-13,30700,11:30,13:20,50,PARTIAL,1,4,,,AVAILABLE,4.0,True,,,,CURRENT_BAR_UNAVAILABLE,OBSERVATION_INSUFFICIENT,7,0,0,False,0,0,False,INHERITED_RAW_PRICE_BASIS,False,False
2025-08-13|30700,2025-08-13,30700,11:30,13:25,55,UNAVAILABLE,0,5,,,AVAILABLE,4.0,True,,,,CURRENT_BAR_UNAVAILABLE,OBSERVATION_INSUFFICIENT,5,0,0,False,0,0,False,INHERITED_RAW_PRICE_BASIS,False,False
2025-08-13|30700,2025-08-13,30700,11:30,13:30,60,PARTIAL,3,2,,,AVAILABLE,4.0,True,,,,UNRESOLVED_STRUCTURE,OBSERVATION_INSUFFICIENT,5,0,0,False,0,0,False,INHERITED_RAW_PRICE_BASIS,False,False
2025-08-13|30700,2025-08-13,30700,11:30,13:35,65,PARTIAL,2,3,,,AVAILABLE,4.0,True,,,,CURRENT_BAR_UNAVAILABLE,OBSERVATION_INSUFFICIENT,4,0,0,False,0,0,False,INHERITED_RAW_PRICE_BASIS,False,False
2025-08-13|30700,2025-08-13,30700,11:30,13:40,70,PARTIAL,3,2,,,AVAILABLE,4.0,True,,,,UNRESOLVED_STRUCTURE,OBSERVATION_INSUFFICIENT,4,0,0,False,0,0,False,INHERITED_RAW_PRICE_BASIS,False,False
2025-08-13|30700,2025-08-13,30700,11:30,13:45,75,PARTIAL,3,2,,,AVAILABLE,4.0,True,,,,CURRENT_BAR_UNAVAILABLE,OBSERVATION_INSUFFICIENT,7,0,0,False,0,0,False,INHERITED_RAW_PRICE_BASIS,False,False
2025-08-13|30700,2025-08-13,30700,11:30,13:50,80,PARTIAL,3,2,,,AVAILABLE,4.0,True,,,,CURRENT_BAR_UNAVAILABLE,OBSERVATION_INSUFFICIENT,7,0,0,False,0,0,False,INHERITED_RAW_PRICE_BASIS,False,False
2025-08-13|30700,2025-08-13,30700,11:30,13:55,85,UNAVAILABLE,0,5,,,AVAILABLE,4.0,True,,,,CURRENT_BAR_UNAVAILABLE,OBSERVATION_INSUFFICIENT,5,0,0,False,0,0,False,INHERITED_RAW_PRICE_BASIS,False,False
2025-08-13|30700,2025-08-13,30700,11:30,14:00,90,PARTIAL,3,2,,,AVAILABLE,4.0,True,,,,UNRESOLVED_STRUCTURE,OBSERVATION_INSUFFICIENT,5,0,0,False,0,0,False,INHERITED_RAW_PRICE_BASIS,False,False
2025-08-13|30700,2025-08-13,30700,11:30,14:05,95,PARTIAL,2,3,,,AVAILABLE,4.0,True,,,,CURRENT_BAR_UNAVAILABLE,OBSERVATION_INSUFFICIENT,7,0,0,False,0,0,False,INHERITED_RAW_PRICE_BASIS,False,False
2025-08-13|30700,2025-08-13,30700,11:30,14:10,100,PARTIAL,3,2,,,AVAILABLE,4.0,True,,,,CURRENT_BAR_UNAVAILABLE,OBSERVATION_INSUFFICIENT,7,0,0,False,0,1,False,INHERITED_RAW_PRICE_BASIS,False,False
2025-08-13|30700,2025-08-13,30700,11:30,14:15,105,UNAVAILABLE,0,5,,,AVAILABLE,4.0,True,,,,CURRENT_BAR_UNAVAILABLE,OBSERVATION_INSUFFICIENT,3,0,0,False,0,0,False,INHERITED_RAW_PRICE_BASIS,False,False
2025-08-13|30700,2025-08-13,30700,11:30,14:20,110,PARTIAL,3,2,,,AVAILABLE,4.0,True,,,,UNRESOLVED_STRUCTURE,OBSERVATION_INSUFFICIENT,1,0,0,False,0,0,False,INHERITED_RAW_PRICE_BASIS,False,False
2025-08-13|30700,2025-08-13,30700,11:30,14:25,115,PARTIAL,4,1,,,AVAILABLE,4.0,True,,,,UNRESOLVED_STRUCTURE,OBSERVATION_INSUFFICIENT,3,0,0,False,0,0,False,INHERITED_RAW_PRICE_BASIS,False,False
2025-08-13|30700,2025-08-13,30700,11:30,14:30,120,COMPLETE,5,0,UNCHANGED,0.0,AVAILABLE,4.0,True,,,,UNRESOLVED_STRUCTURE,OBSERVATION_INSUFFICIENT,6,0,0,False,0,1,False,INHERITED_RAW_PRICE_BASIS,False,False
2025-08-13|30700,2025-08-13,30700,11:30,14:35,125,PARTIAL,2,3,,,AVAILABLE,4.0,True,,,,CURRENT_BAR_UNAVAILABLE,OBSERVATION_INSUFFICIENT,4,0,0,False,0,0,False,INHERITED_RAW_PRICE_BASIS,False,False
2025-08-13|30700,2025-08-13,30700,11:30,14:40,130,PARTIAL,2,3,,,AVAILABLE,4.0,True,,,,UNRESOLVED_STRUCTURE,OBSERVATION_INSUFFICIENT,2,0,0,False,0,0,False,INHERITED_RAW_PRICE_BASIS,False,False
2025-08-13|30700,2025-08-13,30700,11:30,14:45,135,PARTIAL,4,1,,,AVAILABLE,4.0,True,,,,UNRESOLVED_STRUCTURE,OBSERVATION_INSUFFICIENT,3,0,0,False,0,0,False,INHERITED_RAW_PRICE_BASIS,False,False
2025-08-13|30700,2025-08-13,30700,11:30,14:50,140,PARTIAL,4,1,,,AVAILABLE,4.0,True,,,,UNRESOLVED_STRUCTURE,OBSERVATION_INSUFFICIENT,3,0,0,False,0,2,False,INHERITED_RAW_PRICE_BASIS,False,False
2025-08-13|30700,2025-08-13,30700,11:30,14:55,145,PARTIAL,3,2,,,AVAILABLE,4.0,True,,,,UNRESOLVED_STRUCTURE,OBSERVATION_INSUFFICIENT,3,1,1,False,0,1,False,INHERITED_RAW_PRICE_BASIS,False,False
2025-08-13|30700,2025-08-13,30700,11:30,15:00,150,PARTIAL,4,1,,,AVAILABLE,4.0,True,,,,UNRESOLVED_STRUCTURE,OBSERVATION_INSUFFICIENT,4,0,0,False,1,1,False,INHERITED_RAW_PRICE_BASIS,False,False
2025-08-13|30700,2025-08-13,30700,11:30,15:05,155,PARTIAL,3,2,,,AVAILABLE,4.0,True,,,,CURRENT_BAR_UNAVAILABLE,OBSERVATION_INSUFFICIENT,3,0,0,False,0,0,False,INHERITED_RAW_PRICE_BASIS,False,False
2025-08-13|30700,2025-08-13,30700,11:30,15:10,160,PARTIAL,3,2,,,AVAILABLE,4.0,True,,,,UNRESOLVED_STRUCTURE,OBSERVATION_INSUFFICIENT,3,0,0,False,0,0,False,INHERITED_RAW_PRICE_BASIS,False,False
2025-08-13|30700,2025-08-13,30700,11:30,15:15,165,PARTIAL,4,1,,,AVAILABLE,4.0,True,,,,UNRESOLVED_STRUCTURE,OBSERVATION_INSUFFICIENT,2,0,0,False,0,0,False,INHERITED_RAW_PRICE_BASIS,False,False
2025-08-13|30700,2025-08-13,30700,11:30,15:20,170,PARTIAL,3,2,,,AVAILABLE,4.0,True,,,,CURRENT_BAR_UNAVAILABLE,RIGHT_CENSORED,0,0,0,False,0,0,False,INHERITED_RAW_PRICE_BASIS,False,False
2025-08-13|30700,2025-08-13,30700,11:30,15:25,175,COMPLETE,5,0,UP,0.37735849056603776,AVAILABLE,4.0,True,,,,UNRESOLVED_STRUCTURE,RIGHT_CENSORED,0,0,0,False,0,0,False,INHERITED_RAW_PRICE_BASIS,False,False
2025-08-13|37120,2025-08-13,37120,14:30,14:30,0,PARTIAL,1,4,,,SCALE_INSUFFICIENT,,True,,,,CURRENT_BAR_UNAVAILABLE,OBSERVATION_INSUFFICIENT,10,0,0,False,1,0,False,INHERITED_RAW_PRICE_BASIS,False,False
2025-08-13|37120,2025-08-13,37120,14:30,14:35,5,UNAVAILABLE,0,5,,,SCALE_INSUFFICIENT,,True,,,,CURRENT_BAR_UNAVAILABLE,OBSERVATION_INSUFFICIENT,10,0,0,False,0,0,False,INHERITED_RAW_PRICE_BASIS,False,False
2025-08-13|37120,2025-08-13,37120,14:30,14:40,10,UNAVAILABLE,0,5,,,SCALE_INSUFFICIENT,,True,,,,CURRENT_BAR_UNAVAILABLE,OBSERVATION_INSUFFICIENT,10,0,0,False,0,0,False,INHERITED_RAW_PRICE_BASIS,False,False
2025-08-13|37120,2025-08-13,37120,14:30,14:45,15,UNAVAILABLE,0,5,,,SCALE_INSUFFICIENT,,True,,,,CURRENT_BAR_UNAVAILABLE,OBSERVATION_INSUFFICIENT,10,0,0,False,0,0,False,INHERITED_RAW_PRICE_BASIS,False,False
2025-08-13|37120,2025-08-13,37120,14:30,14:50,20,UNAVAILABLE,0,5,,,SCALE_INSUFFICIENT,,True,,,,CURRENT_BAR_UNAVAILABLE,OBSERVATION_INSUFFICIENT,10,0,0,False,0,0,False,INHERITED_RAW_PRICE_BASIS,False,False
2025-08-13|37120,2025-08-13,37120,14:30,14:55,25,UNAVAILABLE,0,5,,,SCALE_INSUFFICIENT,,True,,,,CURRENT_BAR_UNAVAILABLE,OBSERVATION_INSUFFICIENT,8,0,0,False,0,0,False,INHERITED_RAW_PRICE_BASIS,False,False
2025-08-13|37120,2025-08-13,37120,14:30,15:00,30,UNAVAILABLE,0,5,,,SCALE_INSUFFICIENT,,True,,,,CURRENT_BAR_UNAVAILABLE,OBSERVATION_INSUFFICIENT,8,0,0,False,0,0,False,INHERITED_RAW_PRICE_BASIS,False,False
2025-08-13|37120,2025-08-13,37120,14:30,15:05,35,PARTIAL,2,3,,,SCALE_INSUFFICIENT,,True,,,,CURRENT_BAR_UNAVAILABLE,OBSERVATION_INSUFFICIENT,10,0,0,False,0,0,False,INHERITED_RAW_PRICE_BASIS,False,False
2025-08-13|37120,2025-08-13,37120,14:30,15:10,40,UNAVAILABLE,0,5,,,SCALE_INSUFFICIENT,,True,,,,CURRENT_BAR_UNAVAILABLE,OBSERVATION_INSUFFICIENT,9,0,0,False,0,0,False,INHERITED_RAW_PRICE_BASIS,False,False
2025-08-13|37120,2025-08-13,37120,14:30,15:15,45,UNAVAILABLE,0,5,,,SCALE_INSUFFICIENT,,True,,,,CURRENT_BAR_UNAVAILABLE,OBSERVATION_INSUFFICIENT,8,0,0,False,0,0,False,INHERITED_RAW_PRICE_BASIS,False,False
2025-08-13|37120,2025-08-13,37120,14:30,15:20,50,PARTIAL,1,4,,,SCALE_INSUFFICIENT,,True,,,,CURRENT_BAR_UNAVAILABLE,RIGHT_CENSORED,4,0,0,False,0,0,False,INHERITED_RAW_PRICE_BASIS,False,False
2025-08-13|37120,2025-08-13,37120,14:30,15:25,55,PARTIAL,1,4,,,SCALE_INSUFFICIENT,,True,,,,CURRENT_BAR_UNAVAILABLE,RIGHT_CENSORED,0,0,0,False,0,0,False,INHERITED_RAW_PRICE_BASIS,False,False
2025-08-13|38040,2025-08-13,38040,13:00,13:00,0,PARTIAL,1,4,,,PREVIOUS_CONTEXT_UNAVAILABLE,,True,,,,CURRENT_BAR_UNAVAILABLE,OBSERVATION_INSUFFICIENT,10,0,0,False,0,0,False,INHERITED_RAW_PRICE_BASIS,False,False
2025-08-13|38040,2025-08-13,38040,13:00,13:05,5,UNAVAILABLE,0,5,,,PREVIOUS_CONTEXT_UNAVAILABLE,,True,,,,CURRENT_BAR_UNAVAILABLE,OBSERVATION_INSUFFICIENT,10,0,0,False,0,0,False,INHERITED_RAW_PRICE_BASIS,False,False
2025-08-13|38040,2025-08-13,38040,13:00,13:10,10,UNAVAILABLE,0,5,,,PREVIOUS_CONTEXT_UNAVAILABLE,,True,,,,CURRENT_BAR_UNAVAILABLE,OBSERVATION_INSUFFICIENT,10,0,0,False,0,0,False,INHERITED_RAW_PRICE_BASIS,False,False
2025-08-13|38040,2025-08-13,38040,13:00,13:15,15,UNAVAILABLE,0,5,,,PREVIOUS_CONTEXT_UNAVAILABLE,,True,,,,CURRENT_BAR_UNAVAILABLE,OBSERVATION_INSUFFICIENT,10,0,0,False,0,0,False,INHERITED_RAW_PRICE_BASIS,False,False
2025-08-13|38040,2025-08-13,38040,13:00,13:20,20,UNAVAILABLE,0,5,,,PREVIOUS_CONTEXT_UNAVAILABLE,,True,,,,CURRENT_BAR_UNAVAILABLE,OBSERVATION_INSUFFICIENT,10,0,0,False,0,0,False,INHERITED_RAW_PRICE_BASIS,False,False
2025-08-13|38040,2025-08-13,38040,13:00,13:25,25,UNAVAILABLE,0,5,,,PREVIOUS_CONTEXT_UNAVAILABLE,,True,,,,CURRENT_BAR_UNAVAILABLE,OBSERVATION_INSUFFICIENT,10,0,0,False,0,0,False,INHERITED_RAW_PRICE_BASIS,False,False
2025-08-13|38040,2025-08-13,38040,13:00,13:30,30,UNAVAILABLE,0,5,,,PREVIOUS_CONTEXT_UNAVAILABLE,,True,,,,CURRENT_BAR_UNAVAILABLE,OBSERVATION_INSUFFICIENT,10,0,0,False,0,0,False,INHERITED_RAW_PRICE_BASIS,False,False
2025-08-13|38040,2025-08-13,38040,13:00,13:35,35,UNAVAILABLE,0,5,,,PREVIOUS_CONTEXT_UNAVAILABLE,,True,,,,CURRENT_BAR_UNAVAILABLE,OBSERVATION_INSUFFICIENT,10,0,0,False,0,0,False,INHERITED_RAW_PRICE_BASIS,False,False
2025-08-13|38040,2025-08-13,38040,13:00,13:40,40,UNAVAILABLE,0,5,,,PREVIOUS_CONTEXT_UNAVAILABLE,,True,,,,CURRENT_BAR_UNAVAILABLE,OBSERVATION_INSUFFICIENT,10,0,0,False,0,0,False,INHERITED_RAW_PRICE_BASIS,False,False
2025-08-13|38040,2025-08-13,38040,13:00,13:45,45,UNAVAILABLE,0,5,,,PREVIOUS_CONTEXT_UNAVAILABLE,,True,,,,CURRENT_BAR_UNAVAILABLE,OBSERVATION_INSUFFICIENT,10,0,0,False,0,0,False,INHERITED_RAW_PRICE_BASIS,False,False
2025-08-13|38040,2025-08-13,38040,13:00,13:50,50,UNAVAILABLE,0,5,,,PREVIOUS_CONTEXT_UNAVAILABLE,,True,,,,CURRENT_BAR_UNAVAILABLE,OBSERVATION_INSUFFICIENT,10,0,0,False,0,0,False,INHERITED_RAW_PRICE_BASIS,False,False
2025-08-13|38040,2025-08-13,38040,13:00,13:55,55,UNAVAILABLE,0,5,,,PREVIOUS_CONTEXT_UNAVAILABLE,,True,,,,CURRENT_BAR_UNAVAILABLE,OBSERVATION_INSUFFICIENT,10,0,0,False,0,0,False,INHERITED_RAW_PRICE_BASIS,False,False
2025-08-13|38040,2025-08-13,38040,13:00,14:00,60,UNAVAILABLE,0,5,,,PREVIOUS_CONTEXT_UNAVAILABLE,,True,,,,CURRENT_BAR_UNAVAILABLE,OBSERVATION_INSUFFICIENT,10,0,0,False,0,0,False,INHERITED_RAW_PRICE_BASIS,False,False
2025-08-13|38040,2025-08-13,38040,13:00,14:05,65,UNAVAILABLE,0,5,,,PREVIOUS_CONTEXT_UNAVAILABLE,,True,,,,CURRENT_BAR_UNAVAILABLE,OBSERVATION_INSUFFICIENT,10,0,0,False,0,0,False,INHERITED_RAW_PRICE_BASIS,False,False
2025-08-13|38040,2025-08-13,38040,13:00,14:10,70,UNAVAILABLE,0,5,,,PREVIOUS_CONTEXT_UNAVAILABLE,,True,,,,CURRENT_BAR_UNAVAILABLE,OBSERVATION_INSUFFICIENT,10,0,0,False,0,0,False,INHERITED_RAW_PRICE_BASIS,False,False
2025-08-13|38040,2025-08-13,38040,13:00,14:15,75,UNAVAILABLE,0,5,,,PREVIOUS_CONTEXT_UNAVAILABLE,,True,,,,CURRENT_BAR_UNAVAILABLE,OBSERVATION_INSUFFICIENT,9,0,0,False,0,0,False,INHERITED_RAW_PRICE_BASIS,False,False
2025-08-13|38040,2025-08-13,38040,13:00,14:20,80,UNAVAILABLE,0,5,,,PREVIOUS_CONTEXT_UNAVAILABLE,,True,,,,CURRENT_BAR_UNAVAILABLE,OBSERVATION_INSUFFICIENT,9,0,0,False,0,0,False,INHERITED_RAW_PRICE_BASIS,False,False
2025-08-13|38040,2025-08-13,38040,13:00,14:25,85,PARTIAL,1,4,,,PREVIOUS_CONTEXT_UNAVAILABLE,,True,,,,CURRENT_BAR_UNAVAILABLE,OBSERVATION_INSUFFICIENT,10,0,0,False,0,0,False,INHERITED_RAW_PRICE_BASIS,False,False
2025-08-13|38040,2025-08-13,38040,13:00,14:30,90,UNAVAILABLE,0,5,,,PREVIOUS_CONTEXT_UNAVAILABLE,,True,,,,CURRENT_BAR_UNAVAILABLE,OBSERVATION_INSUFFICIENT,10,0,0,False,0,0,False,INHERITED_RAW_PRICE_BASIS,False,False
2025-08-13|38040,2025-08-13,38040,13:00,14:35,95,UNAVAILABLE,0,5,,,PREVIOUS_CONTEXT_UNAVAILABLE,,True,,,,CURRENT_BAR_UNAVAILABLE,OBSERVATION_INSUFFICIENT,10,0,0,False,0,0,False,INHERITED_RAW_PRICE_BASIS,False,False
2025-08-13|38040,2025-08-13,38040,13:00,14:40,100,UNAVAILABLE,0,5,,,PREVIOUS_CONTEXT_UNAVAILABLE,,True,,,,CURRENT_BAR_UNAVAILABLE,OBSERVATION_INSUFFICIENT,10,0,0,False,0,0,False,INHERITED_RAW_PRICE_BASIS,False,False
2025-08-13|38040,2025-08-13,38040,13:00,14:45,105,UNAVAILABLE,0,5,,,PREVIOUS_CONTEXT_UNAVAILABLE,,True,,,,CURRENT_BAR_UNAVAILABLE,OBSERVATION_INSUFFICIENT,10,0,0,False,0,0,False,INHERITED_RAW_PRICE_BASIS,False,False
2025-08-13|38040,2025-08-13,38040,13:00,14:50,110,UNAVAILABLE,0,5,,,PREVIOUS_CONTEXT_UNAVAILABLE,,True,,,,CURRENT_BAR_UNAVAILABLE,OBSERVATION_INSUFFICIENT,10,0,0,False,0,0,False,INHERITED_RAW_PRICE_BASIS,False,False
2025-08-13|38040,2025-08-13,38040,13:00,14:55,115,UNAVAILABLE,0,5,,,PREVIOUS_CONTEXT_UNAVAILABLE,,True,,,,CURRENT_BAR_UNAVAILABLE,OBSERVATION_INSUFFICIENT,10,0,0,False,0,0,False,INHERITED_RAW_PRICE_BASIS,False,False
2025-08-13|38040,2025-08-13,38040,13:00,15:00,120,UNAVAILABLE,0,5,,,PREVIOUS_CONTEXT_UNAVAILABLE,,True,,,,CURRENT_BAR_UNAVAILABLE,OBSERVATION_INSUFFICIENT,10,0,0,False,0,0,False,INHERITED_RAW_PRICE_BASIS,False,False
2025-08-13|38040,2025-08-13,38040,13:00,15:05,125,UNAVAILABLE,0,5,,,PREVIOUS_CONTEXT_UNAVAILABLE,,True,,,,CURRENT_BAR_UNAVAILABLE,OBSERVATION_INSUFFICIENT,9,0,0,False,0,0,False,INHERITED_RAW_PRICE_BASIS,False,False
2025-08-13|38040,2025-08-13,38040,13:00,15:10,130,UNAVAILABLE,0,5,,,PREVIOUS_CONTEXT_UNAVAILABLE,,True,,,,CURRENT_BAR_UNAVAILABLE,OBSERVATION_INSUFFICIENT,9,0,0,False,0,0,False,INHERITED_RAW_PRICE_BASIS,False,False
2025-08-13|38040,2025-08-13,38040,13:00,15:15,135,PARTIAL,1,4,,,PREVIOUS_CONTEXT_UNAVAILABLE,,True,,,,CURRENT_BAR_UNAVAILABLE,OBSERVATION_INSUFFICIENT,10,0,0,False,0,0,False,INHERITED_RAW_PRICE_BASIS,False,False
2025-08-13|38040,2025-08-13,38040,13:00,15:20,140,UNAVAILABLE,0,5,,,PREVIOUS_CONTEXT_UNAVAILABLE,,True,,,,CURRENT_BAR_UNAVAILABLE,RIGHT_CENSORED,5,0,0,False,0,0,False,INHERITED_RAW_PRICE_BASIS,False,False
2025-08-13|38040,2025-08-13,38040,13:00,15:25,145,UNAVAILABLE,0,5,,,PREVIOUS_CONTEXT_UNAVAILABLE,,True,,,,CURRENT_BAR_UNAVAILABLE,RIGHT_CENSORED,0,0,0,False,0,0,False,INHERITED_RAW_PRICE_BASIS,False,False
2025-08-13|38420,2025-08-13,38420,13:00,13:00,0,COMPLETE,5,0,DOWN,-0.617828773168579,PREVIOUS_CONTEXT_UNAVAILABLE,,True,,,,SCALE_UNAVAILABLE,OBSERVATION_INSUFFICIENT,1,0,0,False,0,1,False,INHERITED_RAW_PRICE_BASIS,False,False
2025-08-13|38420,2025-08-13,38420,13:00,13:05,5,COMPLETE,5,0,DOWN,-1.41718334809566,PREVIOUS_CONTEXT_UNAVAILABLE,,True,,,,SCALE_UNAVAILABLE,OBSERVATION_INSUFFICIENT,1,0,0,False,1,3,False,INHERITED_RAW_PRICE_BASIS,True,False
2025-08-13|38420,2025-08-13,38420,13:00,13:10,10,PARTIAL,4,1,,,PREVIOUS_CONTEXT_UNAVAILABLE,,True,,,,SCALE_UNAVAILABLE,OBSERVATION_INSUFFICIENT,2,0,0,False,1,2,False,INHERITED_RAW_PRICE_BASIS,False,False
2025-08-13|38420,2025-08-13,38420,13:00,13:15,15,COMPLETE,5,0,UP,0.08888888888888889,PREVIOUS_CONTEXT_UNAVAILABLE,,True,,,,SCALE_UNAVAILABLE,OBSERVATION_INSUFFICIENT,6,0,0,False,0,0,False,INHERITED_RAW_PRICE_BASIS,False,False
2025-08-13|38420,2025-08-13,38420,13:00,13:20,20,PARTIAL,3,2,,,PREVIOUS_CONTEXT_UNAVAILABLE,,True,,,,SCALE_UNAVAILABLE,OBSERVATION_INSUFFICIENT,9,0,0,False,0,0,False,INHERITED_RAW_PRICE_BASIS,False,False
2025-08-13|38420,2025-08-13,38420,13:00,13:25,25,PARTIAL,1,4,,,PREVIOUS_CONTEXT_UNAVAILABLE,,True,,,,CURRENT_BAR_UNAVAILABLE,OBSERVATION_INSUFFICIENT,9,0,0,False,0,0,False,INHERITED_RAW_PRICE_BASIS,False,False
2025-08-13|38420,2025-08-13,38420,13:00,13:30,30,UNAVAILABLE,0,5,,,PREVIOUS_CONTEXT_UNAVAILABLE,,True,,,,CURRENT_BAR_UNAVAILABLE,OBSERVATION_INSUFFICIENT,7,0,0,False,0,0,False,INHERITED_RAW_PRICE_BASIS,False,False
2025-08-13|38420,2025-08-13,38420,13:00,13:35,35,PARTIAL,1,4,,,PREVIOUS_CONTEXT_UNAVAILABLE,,True,,,,SCALE_UNAVAILABLE,OBSERVATION_INSUFFICIENT,7,0,0,False,0,0,False,INHERITED_RAW_PRICE_BASIS,False,False
2025-08-13|38420,2025-08-13,38420,13:00,13:40,40,PARTIAL,2,3,,,PREVIOUS_CONTEXT_UNAVAILABLE,,True,,,,CURRENT_BAR_UNAVAILABLE,OBSERVATION_INSUFFICIENT,7,0,0,False,0,0,False,INHERITED_RAW_PRICE_BASIS,False,False
2025-08-13|38420,2025-08-13,38420,13:00,13:45,45,PARTIAL,1,4,,,PREVIOUS_CONTEXT_UNAVAILABLE,,True,,,,SCALE_UNAVAILABLE,OBSERVATION_INSUFFICIENT,7,0,0,False,0,0,False,INHERITED_RAW_PRICE_BASIS,False,False
2025-08-13|38420,2025-08-13,38420,13:00,13:50,50,PARTIAL,2,3,,,PREVIOUS_CONTEXT_UNAVAILABLE,,True,,,,CURRENT_BAR_UNAVAILABLE,OBSERVATION_INSUFFICIENT,5,0,0,False,0,0,False,INHERITED_RAW_PRICE_BASIS,False,False
2025-08-13|38420,2025-08-13,38420,13:00,13:55,55,PARTIAL,1,4,,,PREVIOUS_CONTEXT_UNAVAILABLE,,True,,,,SCALE_UNAVAILABLE,OBSERVATION_INSUFFICIENT,5,0,0,False,0,0,False,INHERITED_RAW_PRICE_BASIS,False,False
2025-08-13|38420,2025-08-13,38420,13:00,14:00,60,PARTIAL,4,1,,,PREVIOUS_CONTEXT_UNAVAILABLE,,True,,,,SCALE_UNAVAILABLE,OBSERVATION_INSUFFICIENT,7,0,0,False,0,0,False,INHERITED_RAW_PRICE_BASIS,False,False
2025-08-13|38420,2025-08-13,38420,13:00,14:05,65,PARTIAL,1,4,,,PREVIOUS_CONTEXT_UNAVAILABLE,,True,,,,CURRENT_BAR_UNAVAILABLE,OBSERVATION_INSUFFICIENT,6,0,0,False,0,0,False,INHERITED_RAW_PRICE_BASIS,False,False
2025-08-13|38420,2025-08-13,38420,13:00,14:10,70,PARTIAL,2,3,,,PREVIOUS_CONTEXT_UNAVAILABLE,,True,,,,SCALE_UNAVAILABLE,OBSERVATION_INSUFFICIENT,7,0,0,False,0,0,False,INHERITED_RAW_PRICE_BASIS,False,False
2025-08-13|38420,2025-08-13,38420,13:00,14:15,75,PARTIAL,2,3,,,PREVIOUS_CONTEXT_UNAVAILABLE,,True,,,,CURRENT_BAR_UNAVAILABLE,OBSERVATION_INSUFFICIENT,7,0,0,False,0,0,False,INHERITED_RAW_PRICE_BASIS,False,False
2025-08-13|38420,2025-08-13,38420,13:00,14:20,80,PARTIAL,1,4,,,PREVIOUS_CONTEXT_UNAVAILABLE,,True,,,,SCALE_UNAVAILABLE,OBSERVATION_INSUFFICIENT,6,0,0,False,0,0,False,INHERITED_RAW_PRICE_BASIS,False,False
2025-08-13|38420,2025-08-13,38420,13:00,14:25,85,PARTIAL,2,3,,,PREVIOUS_CONTEXT_UNAVAILABLE,,True,,,,SCALE_UNAVAILABLE,OBSERVATION_INSUFFICIENT,6,0,0,False,0,0,False,INHERITED_RAW_PRICE_BASIS,False,False
2025-08-13|38420,2025-08-13,38420,13:00,14:30,90,PARTIAL,2,3,,,PREVIOUS_CONTEXT_UNAVAILABLE,,True,,,,SCALE_UNAVAILABLE,OBSERVATION_INSUFFICIENT,5,0,0,False,0,0,False,INHERITED_RAW_PRICE_BASIS,False,False
2025-08-13|38420,2025-08-13,38420,13:00,14:35,95,PARTIAL,2,3,,,PREVIOUS_CONTEXT_UNAVAILABLE,,True,,,,CURRENT_BAR_UNAVAILABLE,OBSERVATION_INSUFFICIENT,4,0,0,False,0,0,False,INHERITED_RAW_PRICE_BASIS,False,False
2025-08-13|38420,2025-08-13,38420,13:00,14:40,100,PARTIAL,3,2,,,PREVIOUS_CONTEXT_UNAVAILABLE,,True,,,,SCALE_UNAVAILABLE,OBSERVATION_INSUFFICIENT,5,0,0,False,0,0,False,INHERITED_RAW_PRICE_BASIS,False,False
2025-08-13|38420,2025-08-13,38420,13:00,14:45,105,PARTIAL,3,2,,,PREVIOUS_CONTEXT_UNAVAILABLE,,True,,,,CURRENT_BAR_UNAVAILABLE,OBSERVATION_INSUFFICIENT,7,0,0,False,0,0,False,INHERITED_RAW_PRICE_BASIS,False,False
2025-08-13|38420,2025-08-13,38420,13:00,14:50,110,PARTIAL,2,3,,,PREVIOUS_CONTEXT_UNAVAILABLE,,True,,,,SCALE_UNAVAILABLE,OBSERVATION_INSUFFICIENT,8,0,0,False,0,0,False,INHERITED_RAW_PRICE_BASIS,False,False
2025-08-13|38420,2025-08-13,38420,13:00,14:55,115,PARTIAL,1,4,,,PREVIOUS_CONTEXT_UNAVAILABLE,,True,,,,CURRENT_BAR_UNAVAILABLE,OBSERVATION_INSUFFICIENT,6,0,0,False,0,0,False,INHERITED_RAW_PRICE_BASIS,False,False
2025-08-13|38420,2025-08-13,38420,13:00,15:00,120,PARTIAL,1,4,,,PREVIOUS_CONTEXT_UNAVAILABLE,,True,,,,CURRENT_BAR_UNAVAILABLE,OBSERVATION_INSUFFICIENT,6,0,0,False,0,0,False,INHERITED_RAW_PRICE_BASIS,False,False
2025-08-13|38420,2025-08-13,38420,13:00,15:05,125,PARTIAL,3,2,,,PREVIOUS_CONTEXT_UNAVAILABLE,,True,,,,SCALE_UNAVAILABLE,OBSERVATION_INSUFFICIENT,7,0,0,False,0,0,False,INHERITED_RAW_PRICE_BASIS,False,False
2025-08-13|38420,2025-08-13,38420,13:00,15:10,130,PARTIAL,1,4,,,PREVIOUS_CONTEXT_UNAVAILABLE,,True,,,,CURRENT_BAR_UNAVAILABLE,OBSERVATION_INSUFFICIENT,3,0,0,False,0,0,False,INHERITED_RAW_PRICE_BASIS,False,False
2025-08-13|38420,2025-08-13,38420,13:00,15:15,135,PARTIAL,2,3,,,PREVIOUS_CONTEXT_UNAVAILABLE,,True,,,,CURRENT_BAR_UNAVAILABLE,WINDOW_OBSERVED,0,0,0,False,0,0,False,INHERITED_RAW_PRICE_BASIS,False,False
2025-08-13|38420,2025-08-13,38420,13:00,15:20,140,COMPLETE,5,0,UP,0.618921308576481,PREVIOUS_CONTEXT_UNAVAILABLE,,True,,,,SCALE_UNAVAILABLE,RIGHT_CENSORED,0,0,0,False,0,0,False,INHERITED_RAW_PRICE_BASIS,False,False
2025-08-13|38420,2025-08-13,38420,13:00,15:25,145,COMPLETE,5,0,UP,0.2638522427440633,PREVIOUS_CONTEXT_UNAVAILABLE,,True,,,,SCALE_UNAVAILABLE,RIGHT_CENSORED,0,0,0,False,0,0,False,INHERITED_RAW_PRICE_BASIS,True,False
2025-08-13|40200,2025-08-13,40200,15:00,15:00,0,PARTIAL,2,3,,,SCALE_INSUFFICIENT,,True,,,,CURRENT_BAR_UNAVAILABLE,OBSERVATION_INSUFFICIENT,10,0,0,False,0,0,False,INHERITED_RAW_PRICE_BASIS,False,False
2025-08-13|40200,2025-08-13,40200,15:00,15:05,5,UNAVAILABLE,0,5,,,SCALE_INSUFFICIENT,,True,,,,CURRENT_BAR_UNAVAILABLE,OBSERVATION_INSUFFICIENT,10,0,0,False,0,0,False,INHERITED_RAW_PRICE_BASIS,False,False
2025-08-13|40200,2025-08-13,40200,15:00,15:10,10,UNAVAILABLE,0,5,,,SCALE_INSUFFICIENT,,True,,,,CURRENT_BAR_UNAVAILABLE,OBSERVATION_INSUFFICIENT,10,0,0,False,0,0,False,INHERITED_RAW_PRICE_BASIS,False,False
2025-08-13|40200,2025-08-13,40200,15:00,15:15,15,UNAVAILABLE,0,5,,,SCALE_INSUFFICIENT,,True,,,,CURRENT_BAR_UNAVAILABLE,OBSERVATION_INSUFFICIENT,9,0,0,False,0,0,False,INHERITED_RAW_PRICE_BASIS,False,False
2025-08-13|40200,2025-08-13,40200,15:00,15:20,20,UNAVAILABLE,0,5,,,SCALE_INSUFFICIENT,,True,,,,CURRENT_BAR_UNAVAILABLE,RIGHT_CENSORED,4,0,0,False,0,0,False,INHERITED_RAW_PRICE_BASIS,False,False
2025-08-13|40200,2025-08-13,40200,15:00,15:25,25,PARTIAL,1,4,,,SCALE_INSUFFICIENT,,True,,,,SCALE_UNAVAILABLE,RIGHT_CENSORED,0,0,0,False,0,0,False,INHERITED_RAW_PRICE_BASIS,False,False
2025-08-13|42400,2025-08-13,42400,13:00,13:00,0,PARTIAL,3,2,,,AVAILABLE,9.5,True,,,,CURRENT_BAR_UNAVAILABLE,OBSERVATION_INSUFFICIENT,1,0,0,False,0,1,False,INHERITED_RAW_PRICE_BASIS,False,False
2025-08-13|42400,2025-08-13,42400,13:00,13:05,5,PARTIAL,4,1,,,AVAILABLE,9.5,True,,,,UNRESOLVED_STRUCTURE,OBSERVATION_INSUFFICIENT,1,0,0,False,2,0,False,INHERITED_RAW_PRICE_BASIS,False,False
2025-08-13|42400,2025-08-13,42400,13:00,13:10,10,COMPLETE,5,0,DOWN,-0.2695417789757412,AVAILABLE,9.5,True,,,,UNRESOLVED_STRUCTURE,OBSERVATION_INSUFFICIENT,1,0,0,False,0,0,False,INHERITED_RAW_PRICE_BASIS,False,False
2025-08-13|42400,2025-08-13,42400,13:00,13:15,15,PARTIAL,4,1,,,AVAILABLE,9.5,True,,,,UNRESOLVED_STRUCTURE,OBSERVATION_INSUFFICIENT,1,0,0,False,0,0,False,INHERITED_RAW_PRICE_BASIS,False,False
2025-08-13|42400,2025-08-13,42400,13:00,13:20,20,COMPLETE,5,0,UP,1.897018970189702,AVAILABLE,9.5,True,,,,UNRESOLVED_STRUCTURE,OBSERVATION_INSUFFICIENT,5,0,1,False,5,6,False,INHERITED_RAW_PRICE_BASIS,False,False
2025-08-13|42400,2025-08-13,42400,13:00,13:25,25,PARTIAL,4,1,,,AVAILABLE,9.5,True,,,,UNRESOLVED_STRUCTURE,OBSERVATION_INSUFFICIENT,4,0,0,False,0,0,False,INHERITED_RAW_PRICE_BASIS,False,False
2025-08-13|42400,2025-08-13,42400,13:00,13:30,30,PARTIAL,1,4,,,AVAILABLE,9.5,True,,,,UNRESOLVED_STRUCTURE,OBSERVATION_INSUFFICIENT,2,0,0,False,0,0,False,INHERITED_RAW_PRICE_BASIS,False,False
2025-08-13|42400,2025-08-13,42400,13:00,13:35,35,COMPLETE,5,0,UNCHANGED,0.0,AVAILABLE,9.5,True,,,,UNRESOLVED_STRUCTURE,OBSERVATION_INSUFFICIENT,5,0,0,False,0,0,False,INHERITED_RAW_PRICE_BASIS,False,False
2025-08-13|42400,2025-08-13,42400,13:00,13:40,40,PARTIAL,3,2,,,AVAILABLE,9.5,True,,,,UNRESOLVED_STRUCTURE,OBSERVATION_INSUFFICIENT,4,0,0,False,0,0,False,INHERITED_RAW_PRICE_BASIS,False,False
2025-08-13|42400,2025-08-13,42400,13:00,13:45,45,PARTIAL,2,3,,,AVAILABLE,9.5,True,,,,UNRESOLVED_STRUCTURE,OBSERVATION_INSUFFICIENT,3,0,0,False,0,0,False,INHERITED_RAW_PRICE_BASIS,False,False
2025-08-13|42400,2025-08-13,42400,13:00,13:50,50,PARTIAL,4,1,,,AVAILABLE,9.5,True,,,,CURRENT_BAR_UNAVAILABLE,OBSERVATION_INSUFFICIENT,5,0,0,False,0,0,False,INHERITED_RAW_PRICE_BASIS,False,False
2025-08-13|42400,2025-08-13,42400,13:00,13:55,55,PARTIAL,3,2,,,AVAILABLE,9.5,True,,,,UNRESOLVED_STRUCTURE,OBSERVATION_INSUFFICIENT,6,0,0,False,0,0,False,INHERITED_RAW_PRICE_BASIS,False,False
2025-08-13|42400,2025-08-13,42400,13:00,14:00,60,PARTIAL,2,3,,,AVAILABLE,9.5,True,,,,CURRENT_BAR_UNAVAILABLE,OBSERVATION_INSUFFICIENT,4,0,0,False,0,0,False,INHERITED_RAW_PRICE_BASIS,False,False
2025-08-13|42400,2025-08-13,42400,13:00,14:05,65,PARTIAL,2,3,,,AVAILABLE,9.5,True,,,,UNRESOLVED_STRUCTURE,OBSERVATION_INSUFFICIENT,1,0,0,False,0,0,False,INHERITED_RAW_PRICE_BASIS,False,False
2025-08-13|42400,2025-08-13,42400,13:00,14:10,70,PARTIAL,4,1,,,AVAILABLE,9.5,True,,,,UNRESOLVED_STRUCTURE,OBSERVATION_INSUFFICIENT,2,0,0,False,0,0,False,INHERITED_RAW_PRICE_BASIS,False,False
2025-08-13|42400,2025-08-13,42400,13:00,14:15,75,COMPLETE,5,0,UNCHANGED,0.0,AVAILABLE,9.5,True,,,,UNRESOLVED_STRUCTURE,OBSERVATION_INSUFFICIENT,5,0,0,False,0,0,False,INHERITED_RAW_PRICE_BASIS,False,False
2025-08-13|42400,2025-08-13,42400,13:00,14:20,80,PARTIAL,3,2,,,AVAILABLE,9.5,True,,,,UNRESOLVED_STRUCTURE,OBSERVATION_INSUFFICIENT,7,0,0,False,0,0,False,INHERITED_RAW_PRICE_BASIS,False,False
2025-08-13|42400,2025-08-13,42400,13:00,14:25,85,PARTIAL,2,3,,,AVAILABLE,9.5,True,,,,CURRENT_BAR_UNAVAILABLE,OBSERVATION_INSUFFICIENT,7,0,0,False,0,0,False,INHERITED_RAW_PRICE_BASIS,False,False
2025-08-13|42400,2025-08-13,42400,13:00,14:30,90,PARTIAL,1,4,,,AVAILABLE,9.5,True,,,,UNRESOLVED_STRUCTURE,OBSERVATION_INSUFFICIENT,5,0,0,False,0,0,False,INHERITED_RAW_PRICE_BASIS,False,False
2025-08-13|42400,2025-08-13,42400,13:00,14:35,95,PARTIAL,2,3,,,AVAILABLE,9.5,True,,,,CURRENT_BAR_UNAVAILABLE,OBSERVATION_INSUFFICIENT,3,0,0,False,0,0,False,INHERITED_RAW_PRICE_BASIS,False,False
2025-08-13|42400,2025-08-13,42400,13:00,14:40,100,PARTIAL,3,2,,,AVAILABLE,9.5,True,,,,UNRESOLVED_STRUCTURE,OBSERVATION_INSUFFICIENT,3,0,0,False,0,0,False,INHERITED_RAW_PRICE_BASIS,False,False
2025-08-13|42400,2025-08-13,42400,13:00,14:45,105,PARTIAL,4,1,,,AVAILABLE,9.5,True,,,,UNRESOLVED_STRUCTURE,OBSERVATION_INSUFFICIENT,3,0,0,False,0,0,False,INHERITED_RAW_PRICE_BASIS,False,False
2025-08-13|42400,2025-08-13,42400,13:00,14:50,110,PARTIAL,3,2,,,AVAILABLE,9.5,True,,,,UNRESOLVED_STRUCTURE,OBSERVATION_INSUFFICIENT,2,0,0,False,0,0,False,INHERITED_RAW_PRICE_BASIS,False,False
2025-08-13|42400,2025-08-13,42400,13:00,14:55,115,PARTIAL,4,1,,,AVAILABLE,9.5,True,,,,CURRENT_BAR_UNAVAILABLE,OBSERVATION_INSUFFICIENT,1,0,0,False,0,0,False,INHERITED_RAW_PRICE_BASIS,False,False
2025-08-13|42400,2025-08-13,42400,13:00,15:00,120,PARTIAL,4,1,,,AVAILABLE,9.5,True,,,,CURRENT_BAR_UNAVAILABLE,WINDOW_OBSERVED,0,0,0,False,0,4,False,INHERITED_RAW_PRICE_BASIS,False,False
2025-08-13|42400,2025-08-13,42400,13:00,15:05,125,COMPLETE,5,0,DOWN,-0.5449591280653951,AVAILABLE,9.5,True,,,,UNRESOLVED_STRUCTURE,OBSERVATION_INSUFFICIENT,1,0,0,False,0,1,False,INHERITED_RAW_PRICE_BASIS,False,False
2025-08-13|42400,2025-08-13,42400,13:00,15:10,130,COMPLETE,5,0,DOWN,-0.273224043715847,AVAILABLE,9.5,True,,,VOLUME_COMPRESSION|TRADING_VALUE_COMPRESSION,UNRESOLVED_STRUCTURE,OBSERVATION_INSUFFICIENT,1,0,0,False,0,1,False,INHERITED_RAW_PRICE_BASIS,True,False
2025-08-13|42400,2025-08-13,42400,13:00,15:15,135,PARTIAL,4,1,,,AVAILABLE,9.5,True,,,,UNRESOLVED_STRUCTURE,WINDOW_OBSERVED,0,0,0,False,0,0,False,INHERITED_RAW_PRICE_BASIS,False,False
2025-08-13|42400,2025-08-13,42400,13:00,15:20,140,COMPLETE,5,0,UP,0.546448087431694,AVAILABLE,9.5,True,,,,UNRESOLVED_STRUCTURE,RIGHT_CENSORED,0,1,1,False,0,0,False,INHERITED_RAW_PRICE_BASIS,False,False
2025-08-13|42400,2025-08-13,42400,13:00,15:25,145,COMPLETE,5,0,UP,1.9021739130434783,AVAILABLE,9.5,True,,,RANGE_EXPANSION|VOLUME_EXPANSION|TRADING_VALUE_EXPANSION,UNRESOLVED_STRUCTURE,RIGHT_CENSORED,0,0,1,False,0,2,False,INHERITED_RAW_PRICE_BASIS,True,False
2025-08-13|43160,2025-08-13,43160,14:30,14:30,0,COMPLETE,5,0,UP,0.7142857142857143,AVAILABLE,13.0,True,,,,UNRESOLVED_STRUCTURE,OBSERVATION_INSUFFICIENT,1,0,1,False,0,0,False,INHERITED_RAW_PRICE_BASIS,False,False
2025-08-13|43160,2025-08-13,43160,14:30,14:35,5,COMPLETE,5,0,DOWN,-0.3546099290780142,AVAILABLE,13.0,True,,,CHOPPINESS|RANGE_EXPANSION|VOLUME_EXPANSION|TRADING_VALUE_EXPANSION,UNRESOLVED_STRUCTURE,OBSERVATION_INSUFFICIENT,2,0,1,False,0,0,False,INHERITED_RAW_PRICE_BASIS,True,False
2025-08-13|43160,2025-08-13,43160,14:30,14:40,10,PARTIAL,4,1,,,AVAILABLE,13.0,True,,,,CURRENT_BAR_UNAVAILABLE,OBSERVATION_INSUFFICIENT,4,0,0,False,0,0,False,INHERITED_RAW_PRICE_BASIS,False,False
2025-08-13|43160,2025-08-13,43160,14:30,14:45,15,PARTIAL,4,1,,,AVAILABLE,13.0,True,,,,UNRESOLVED_STRUCTURE,OBSERVATION_INSUFFICIENT,3,0,0,False,0,0,False,INHERITED_RAW_PRICE_BASIS,False,False
2025-08-13|43160,2025-08-13,43160,14:30,14:50,20,PARTIAL,2,3,,,AVAILABLE,13.0,True,,,,CURRENT_BAR_UNAVAILABLE,OBSERVATION_INSUFFICIENT,2,0,0,False,1,0,False,INHERITED_RAW_PRICE_BASIS,False,False
2025-08-13|43160,2025-08-13,43160,14:30,14:55,25,COMPLETE,5,0,UP,0.7177033492822966,AVAILABLE,13.0,True,,,,UNRESOLVED_STRUCTURE,OBSERVATION_INSUFFICIENT,4,0,0,False,0,0,False,INHERITED_RAW_PRICE_BASIS,False,False
2025-08-13|43160,2025-08-13,43160,14:30,15:00,30,PARTIAL,3,2,,,AVAILABLE,13.0,True,,,,UNRESOLVED_STRUCTURE,OBSERVATION_INSUFFICIENT,3,0,0,False,0,0,False,INHERITED_RAW_PRICE_BASIS,False,False
2025-08-13|43160,2025-08-13,43160,14:30,15:05,35,PARTIAL,3,2,,,AVAILABLE,13.0,True,,,,CURRENT_BAR_UNAVAILABLE,OBSERVATION_INSUFFICIENT,2,0,0,False,0,0,False,INHERITED_RAW_PRICE_BASIS,False,False
2025-08-13|43160,2025-08-13,43160,14:30,15:10,40,PARTIAL,4,1,,,AVAILABLE,13.0,True,,,,UNRESOLVED_STRUCTURE,OBSERVATION_INSUFFICIENT,2,0,0,False,0,0,False,INHERITED_RAW_PRICE_BASIS,False,False
2025-08-13|43160,2025-08-13,43160,14:30,15:15,45,PARTIAL,4,1,,,AVAILABLE,13.0,True,,,,CURRENT_BAR_UNAVAILABLE,OBSERVATION_INSUFFICIENT,1,0,0,False,0,0,False,INHERITED_RAW_PRICE_BASIS,False,False
2025-08-13|43160,2025-08-13,43160,14:30,15:20,50,PARTIAL,4,1,,,AVAILABLE,13.0,True,,,,UNRESOLVED_STRUCTURE,RIGHT_CENSORED,0,0,0,False,0,0,False,INHERITED_RAW_PRICE_BASIS,False,False
2025-08-13|43160,2025-08-13,43160,14:30,15:25,55,COMPLETE,5,0,UP,0.7151370679380215,AVAILABLE,13.0,True,,,,UNRESOLVED_STRUCTURE,RIGHT_CENSORED,0,0,0,False,0,0,False,INHERITED_RAW_PRICE_BASIS,False,False
2025-08-13|45860,2025-08-13,45860,10:00,10:00,0,COMPLETE,5,0,UNCHANGED,0.0,AVAILABLE,3.0,True,DOWN_STRUCTURE,PROGRESSION,RANGE_COMPRESSION|VOLUME_COMPRESSION|TRADING_VALUE_COMPRESSION,IDENTIFIED,WINDOW_OBSERVED,0,0,4,False,0,0,True,INHERITED_RAW_PRICE_BASIS,False,False
2025-08-13|45860,2025-08-13,45860,10:00,10:05,5,COMPLETE,5,0,DOWN,-1.075268817204301,AVAILABLE,3.0,True,DOWN_STRUCTURE,CORRECTION|RECOVERY,CHOPPINESS|RANGE_EXPANSION,IDENTIFIED,WINDOW_OBSERVED,0,1,5,False,0,1,True,INHERITED_RAW_PRICE_BASIS,True,True
2025-08-13|45860,2025-08-13,45860,10:00,10:10,10,COMPLETE,5,0,DOWN,-1.075268817204301,AVAILABLE,3.0,True,DOWN_STRUCTURE,PROGRESSION,,IDENTIFIED,WINDOW_OBSERVED,0,1,6,True,0,2,True,INHERITED_RAW_PRICE_BASIS,True,True
2025-08-13|45860,2025-08-13,45860,10:00,10:15,15,COMPLETE,5,0,DOWN,-1.075268817204301,AVAILABLE,3.0,True,DOWN_STRUCTURE,PROGRESSION,RANGE_COMPRESSION,IDENTIFIED,WINDOW_OBSERVED,0,1,6,True,0,0,True,INHERITED_RAW_PRICE_BASIS,True,False
2025-08-13|45860,2025-08-13,45860,10:00,10:20,20,COMPLETE,5,0,DOWN,-1.098901098901099,AVAILABLE,3.0,True,DOWN_STRUCTURE,PROGRESSION,RANGE_EXPANSION|VOLUME_EXPANSION|TRADING_VALUE_EXPANSION,IDENTIFIED,WINDOW_OBSERVED,0,0,6,False,3,3,True,INHERITED_RAW_PRICE_BASIS,True,False
2025-08-13|45860,2025-08-13,45860,10:00,10:25,25,COMPLETE,5,0,DOWN,-2.2222222222222223,AVAILABLE,3.0,True,DOWN_STRUCTURE,PROGRESSION,,IDENTIFIED,WINDOW_OBSERVED,0,0,6,False,0,1,True,INHERITED_RAW_PRICE_BASIS,True,False
2025-08-13|45860,2025-08-13,45860,10:00,10:30,30,COMPLETE,5,0,UP,2.272727272727273,AVAILABLE,3.0,True,DOWN_STRUCTURE,CORRECTION|RECOVERY,RANGE_EXPANSION,IDENTIFIED,WINDOW_OBSERVED,0,0,7,False,1,2,True,INHERITED_RAW_PRICE_BASIS,True,True
2025-08-13|45860,2025-08-13,45860,10:00,10:35,35,COMPLETE,5,0,DOWN,-1.1111111111111112,AVAILABLE,3.0,True,DOWN_STRUCTURE,CORRECTION|RECOVERY,CHOPPINESS|RANGE_COMPRESSION|VOLUME_COMPRESSION|TRADING_VALUE_COMPRESSION,IDENTIFIED,WINDOW_OBSERVED,0,0,7,False,0,0,True,INHERITED_RAW_PRICE_BASIS,True,False
2025-08-13|45860,2025-08-13,45860,10:00,10:40,40,COMPLETE,5,0,UNCHANGED,0.0,AVAILABLE,3.0,True,DOWN_STRUCTURE,CORRECTION|RECOVERY,CHOPPINESS|VOLUME_COMPRESSION|TRADING_VALUE_COMPRESSION,IDENTIFIED,WINDOW_OBSERVED,0,0,7,False,0,0,True,INHERITED_RAW_PRICE_BASIS,True,False
2025-08-13|45860,2025-08-13,45860,10:00,10:45,45,COMPLETE,5,0,UNCHANGED,0.0,AVAILABLE,3.0,True,DOWN_STRUCTURE,CORRECTION|RECOVERY,VOLUME_EXPANSION|TRADING_VALUE_EXPANSION,IDENTIFIED,OBSERVATION_INSUFFICIENT,1,0,7,False,0,0,True,INHERITED_RAW_PRICE_BASIS,True,False
2025-08-13|45860,2025-08-13,45860,10:00,10:50,50,COMPLETE,5,0,UP,1.1363636363636365,AVAILABLE,3.0,True,DOWN_STRUCTURE,CORRECTION|RECOVERY,RANGE_COMPRESSION|VOLUME_COMPRESSION|TRADING_VALUE_COMPRESSION,IDENTIFIED,OBSERVATION_INSUFFICIENT,2,0,7,False,0,0,True,INHERITED_RAW_PRICE_BASIS,True,False
2025-08-13|45860,2025-08-13,45860,10:00,10:55,55,PARTIAL,4,1,,,AVAILABLE,3.0,True,,,,UNRESOLVED_STRUCTURE,OBSERVATION_INSUFFICIENT,1,0,0,False,0,0,False,INHERITED_RAW_PRICE_BASIS,False,False
2025-08-13|45860,2025-08-13,45860,10:00,11:00,60,PARTIAL,4,1,,,AVAILABLE,3.0,True,,,,UNRESOLVED_STRUCTURE,WINDOW_OBSERVED,0,1,1,False,0,0,False,INHERITED_RAW_PRICE_BASIS,False,False
2025-08-13|45860,2025-08-13,45860,10:00,11:05,65,COMPLETE,5,0,DOWN,-2.2222222222222223,AVAILABLE,3.0,True,,,,UNRESOLVED_STRUCTURE,WINDOW_OBSERVED,0,1,1,False,0,0,False,INHERITED_RAW_PRICE_BASIS,False,False
2025-08-13|45860,2025-08-13,45860,10:00,11:10,70,COMPLETE,5,0,UNCHANGED,0.0,AVAILABLE,3.0,True,,,RANGE_COMPRESSION|VOLUME_COMPRESSION|TRADING_VALUE_COMPRESSION,UNRESOLVED_STRUCTURE,WINDOW_OBSERVED,0,0,1,False,0,0,False,INHERITED_RAW_PRICE_BASIS,True,False
2025-08-13|45860,2025-08-13,45860,10:00,11:15,75,COMPLETE,5,0,UP,1.1494252873563218,AVAILABLE,3.0,True,,,,UNRESOLVED_STRUCTURE,WINDOW_OBSERVED,0,0,1,False,0,0,False,INHERITED_RAW_PRICE_BASIS,True,False
2025-08-13|45860,2025-08-13,45860,10:00,11:20,80,COMPLETE,5,0,DOWN,-1.1363636363636365,AVAILABLE,3.0,True,,,VOLUME_COMPRESSION|TRADING_VALUE_COMPRESSION,UNRESOLVED_STRUCTURE,WINDOW_OBSERVED,0,0,1,False,0,0,False,INHERITED_RAW_PRICE_BASIS,True,False
2025-08-13|45860,2025-08-13,45860,10:00,11:25,85,COMPLETE,5,0,UP,1.1363636363636365,AVAILABLE,3.0,True,,,RANGE_EXPANSION|VOLUME_EXPANSION|TRADING_VALUE_EXPANSION,UNRESOLVED_STRUCTURE,WINDOW_OBSERVED,0,0,1,False,0,0,False,INHERITED_RAW_PRICE_BASIS,True,False
2025-08-13|45860,2025-08-13,45860,10:00,11:30,90,COMPLETE,5,0,UNCHANGED,0.0,AVAILABLE,3.0,True,,,RANGE_COMPRESSION|VOLUME_COMPRESSION|TRADING_VALUE_COMPRESSION,UNRESOLVED_STRUCTURE,WINDOW_OBSERVED,0,0,1,False,0,0,False,INHERITED_RAW_PRICE_BASIS,True,False
2025-08-13|45860,2025-08-13,45860,10:00,12:35,95,COMPLETE,5,0,DOWN,-2.247191011235955,AVAILABLE,3.0,True,,,,UNRESOLVED_STRUCTURE,WINDOW_OBSERVED,0,0,0,False,0,0,False,INHERITED_RAW_PRICE_BASIS,True,False
2025-08-13|45860,2025-08-13,45860,10:00,12:40,100,COMPLETE,5,0,UNCHANGED,0.0,AVAILABLE,3.0,True,,,RANGE_COMPRESSION|VOLUME_COMPRESSION|TRADING_VALUE_COMPRESSION,UNRESOLVED_STRUCTURE,OBSERVATION_INSUFFICIENT,1,0,0,False,0,0,False,INHERITED_RAW_PRICE_BASIS,True,False
2025-08-13|45860,2025-08-13,45860,10:00,12:45,105,COMPLETE,5,0,UNCHANGED,0.0,AVAILABLE,3.0,True,,,,UNRESOLVED_STRUCTURE,OBSERVATION_INSUFFICIENT,1,0,0,False,0,0,False,INHERITED_RAW_PRICE_BASIS,True,False
2025-08-13|45860,2025-08-13,45860,10:00,12:50,110,PARTIAL,4,1,,,AVAILABLE,3.0,True,,,,UNRESOLVED_STRUCTURE,WINDOW_OBSERVED,0,0,0,False,0,0,False,INHERITED_RAW_PRICE_BASIS,False,False
2025-08-13|45860,2025-08-13,45860,10:00,12:55,115,COMPLETE,5,0,UNCHANGED,0.0,AVAILABLE,3.0,True,,,,UNRESOLVED_STRUCTURE,WINDOW_OBSERVED,0,0,0,False,0,0,False,INHERITED_RAW_PRICE_BASIS,False,False
2025-08-13|45860,2025-08-13,45860,10:00,13:00,120,COMPLETE,5,0,DOWN,-1.1363636363636365,AVAILABLE,3.0,True,,,VOLUME_EXPANSION|TRADING_VALUE_EXPANSION,UNRESOLVED_STRUCTURE,WINDOW_OBSERVED,0,0,0,False,0,0,False,INHERITED_RAW_PRICE_BASIS,True,False
2025-08-13|45860,2025-08-13,45860,10:00,13:05,125,COMPLETE,5,0,DOWN,-1.1494252873563218,AVAILABLE,3.0,True,,,RANGE_EXPANSION|VOLUME_EXPANSION|TRADING_VALUE_EXPANSION,UNRESOLVED_STRUCTURE,WINDOW_OBSERVED,0,0,0,False,0,0,False,INHERITED_RAW_PRICE_BASIS,True,False
2025-08-13|45860,2025-08-13,45860,10:00,13:10,130,COMPLETE,5,0,UP,2.3255813953488373,AVAILABLE,3.0,True,,,VOLUME_EXPANSION|TRADING_VALUE_EXPANSION,UNRESOLVED_STRUCTURE,WINDOW_OBSERVED,0,0,0,False,0,2,False,INHERITED_RAW_PRICE_BASIS,True,False
2025-08-13|45860,2025-08-13,45860,10:00,13:15,135,COMPLETE,5,0,DOWN,-1.1494252873563218,AVAILABLE,3.0,True,,,RANGE_COMPRESSION|VOLUME_COMPRESSION|TRADING_VALUE_COMPRESSION,UNRESOLVED_STRUCTURE,OBSERVATION_INSUFFICIENT,1,0,0,False,0,0,False,INHERITED_RAW_PRICE_BASIS,True,False
2025-08-13|45860,2025-08-13,45860,10:00,13:20,140,COMPLETE,5,0,UP,1.1627906976744187,AVAILABLE,3.0,True,RANGE_STRUCTURE,BALANCE,RANGE_EXPANSION|VOLUME_EXPANSION|TRADING_VALUE_EXPANSION,IDENTIFIED,OBSERVATION_INSUFFICIENT,4,0,0,True,0,1,True,INHERITED_RAW_PRICE_BASIS,True,True
2025-08-13|45860,2025-08-13,45860,10:00,13:25,145,PARTIAL,4,1,,,AVAILABLE,3.0,True,,,,UNRESOLVED_STRUCTURE,OBSERVATION_INSUFFICIENT,3,0,0,False,0,0,False,INHERITED_RAW_PRICE_BASIS,False,False
2025-08-13|45860,2025-08-13,45860,10:00,13:30,150,PARTIAL,2,3,,,AVAILABLE,3.0,True,,,,CURRENT_BAR_UNAVAILABLE,WINDOW_OBSERVED,0,0,0,False,0,1,False,INHERITED_RAW_PRICE_BASIS,False,False
2025-08-13|45860,2025-08-13,45860,10:00,13:35,155,COMPLETE,5,0,DOWN,-1.1494252873563218,AVAILABLE,3.0,True,,,,UNRESOLVED_STRUCTURE,WINDOW_OBSERVED,0,0,0,False,0,0,False,INHERITED_RAW_PRICE_BASIS,False,False
2025-08-13|45860,2025-08-13,45860,10:00,13:40,160,COMPLETE,5,0,UNCHANGED,0.0,AVAILABLE,3.0,True,,,RANGE_EXPANSION,UNRESOLVED_STRUCTURE,WINDOW_OBSERVED,0,0,0,False,1,1,False,INHERITED_RAW_PRICE_BASIS,True,False
2025-08-13|45860,2025-08-13,45860,10:00,13:45,165,COMPLETE,5,0,UNCHANGED,0.0,AVAILABLE,3.0,True,,,VOLUME_EXPANSION|TRADING_VALUE_EXPANSION,UNRESOLVED_STRUCTURE,OBSERVATION_INSUFFICIENT,1,0,0,False,0,1,False,INHERITED_RAW_PRICE_BASIS,True,False
2025-08-13|45860,2025-08-13,45860,10:00,13:50,170,COMPLETE,5,0,UP,1.1764705882352942,AVAILABLE,3.0,True,,,RANGE_COMPRESSION|VOLUME_COMPRESSION|TRADING_VALUE_COMPRESSION,UNRESOLVED_STRUCTURE,OBSERVATION_INSUFFICIENT,1,0,0,False,0,1,False,INHERITED_RAW_PRICE_BASIS,True,False
2025-08-13|45860,2025-08-13,45860,10:00,13:55,175,PARTIAL,4,1,,,AVAILABLE,3.0,True,,,,UNRESOLVED_STRUCTURE,OBSERVATION_INSUFFICIENT,1,0,0,False,0,0,False,INHERITED_RAW_PRICE_BASIS,False,False
2025-08-13|45860,2025-08-13,45860,10:00,14:00,180,COMPLETE,5,0,UP,1.1627906976744187,AVAILABLE,3.0,True,,,,UNRESOLVED_STRUCTURE,OBSERVATION_INSUFFICIENT,2,0,0,False,0,0,False,INHERITED_RAW_PRICE_BASIS,False,False
2025-08-13|45860,2025-08-13,45860,10:00,14:05,185,PARTIAL,4,1,,,AVAILABLE,3.0,True,,,,UNRESOLVED_STRUCTURE,OBSERVATION_INSUFFICIENT,2,0,0,False,0,0,False,INHERITED_RAW_PRICE_BASIS,False,False
2025-08-13|45860,2025-08-13,45860,10:00,14:10,190,PARTIAL,4,1,,,AVAILABLE,3.0,True,,,,UNRESOLVED_STRUCTURE,OBSERVATION_INSUFFICIENT,3,0,0,False,0,2,False,INHERITED_RAW_PRICE_BASIS,False,False
2025-08-13|45860,2025-08-13,45860,10:00,14:15,195,PARTIAL,4,1,,,AVAILABLE,3.0,True,,,,UNRESOLVED_STRUCTURE,OBSERVATION_INSUFFICIENT,2,0,0,False,0,1,False,INHERITED_RAW_PRICE_BASIS,False,False
2025-08-13|45860,2025-08-13,45860,10:00,14:20,200,PARTIAL,3,2,,,AVAILABLE,3.0,True,,,,UNRESOLVED_STRUCTURE,WINDOW_OBSERVED,0,0,0,False,0,1,False,INHERITED_RAW_PRICE_BASIS,False,False
2025-08-13|45860,2025-08-13,45860,10:00,14:25,205,COMPLETE,5,0,DOWN,-1.1494252873563218,AVAILABLE,3.0,True,,,,UNRESOLVED_STRUCTURE,OBSERVATION_INSUFFICIENT,1,0,0,False,0,0,False,INHERITED_RAW_PRICE_BASIS,False,False
2025-08-13|45860,2025-08-13,45860,10:00,14:30,210,COMPLETE,5,0,DOWN,-1.1494252873563218,AVAILABLE,3.0,True,,,VOLUME_EXPANSION|TRADING_VALUE_EXPANSION,UNRESOLVED_STRUCTURE,OBSERVATION_INSUFFICIENT,6,0,0,False,0,0,False,INHERITED_RAW_PRICE_BASIS,True,False
2025-08-13|45860,2025-08-13,45860,10:00,14:35,215,PARTIAL,4,1,,,AVAILABLE,3.0,True,,,,UNRESOLVED_STRUCTURE,OBSERVATION_INSUFFICIENT,5,0,0,False,0,0,False,INHERITED_RAW_PRICE_BASIS,False,False
2025-08-13|45860,2025-08-13,45860,10:00,14:40,220,UNAVAILABLE,0,5,,,AVAILABLE,3.0,True,,,,CURRENT_BAR_UNAVAILABLE,OBSERVATION_INSUFFICIENT,1,0,0,False,0,0,False,INHERITED_RAW_PRICE_BASIS,False,False
2025-08-13|45860,2025-08-13,45860,10:00,14:45,225,COMPLETE,5,0,UNCHANGED,0.0,AVAILABLE,3.0,True,,,,UNRESOLVED_STRUCTURE,OBSERVATION_INSUFFICIENT,2,0,0,False,0,0,False,INHERITED_RAW_PRICE_BASIS,False,False
2025-08-13|45860,2025-08-13,45860,10:00,14:50,230,PARTIAL,4,1,,,AVAILABLE,3.0,True,,,,CURRENT_BAR_UNAVAILABLE,OBSERVATION_INSUFFICIENT,2,0,0,False,0,0,False,INHERITED_RAW_PRICE_BASIS,False,False
2025-08-13|45860,2025-08-13,45860,10:00,14:55,235,PARTIAL,4,1,,,AVAILABLE,3.0,True,,,,UNRESOLVED_STRUCTURE,OBSERVATION_INSUFFICIENT,3,0,0,False,0,0,False,INHERITED_RAW_PRICE_BASIS,False,False
2025-08-13|45860,2025-08-13,45860,10:00,15:00,240,PARTIAL,4,1,,,AVAILABLE,3.0,True,,,,UNRESOLVED_STRUCTURE,OBSERVATION_INSUFFICIENT,2,0,0,False,0,0,False,INHERITED_RAW_PRICE_BASIS,False,False
2025-08-13|45860,2025-08-13,45860,10:00,15:05,245,PARTIAL,3,2,,,AVAILABLE,3.0,True,,,,UNRESOLVED_STRUCTURE,OBSERVATION_INSUFFICIENT,1,0,0,False,0,1,False,INHERITED_RAW_PRICE_BASIS,False,False
2025-08-13|45860,2025-08-13,45860,10:00,15:10,250,COMPLETE,5,0,UNCHANGED,0.0,AVAILABLE,3.0,True,,,,UNRESOLVED_STRUCTURE,OBSERVATION_INSUFFICIENT,1,0,0,False,1,0,False,INHERITED_RAW_PRICE_BASIS,False,False
2025-08-13|45860,2025-08-13,45860,10:00,15:15,255,PARTIAL,4,1,,,AVAILABLE,3.0,True,,,,UNRESOLVED_STRUCTURE,WINDOW_OBSERVED,0,0,0,False,0,0,False,INHERITED_RAW_PRICE_BASIS,False,False
2025-08-13|45860,2025-08-13,45860,10:00,15:20,260,COMPLETE,5,0,UNCHANGED,0.0,AVAILABLE,3.0,True,,,,UNRESOLVED_STRUCTURE,RIGHT_CENSORED,0,0,0,False,0,0,False,INHERITED_RAW_PRICE_BASIS,False,False
2025-08-13|45860,2025-08-13,45860,10:00,15:25,265,COMPLETE,5,0,UNCHANGED,0.0,AVAILABLE,3.0,True,,,,UNRESOLVED_STRUCTURE,RIGHT_CENSORED,0,0,0,False,0,0,False,INHERITED_RAW_PRICE_BASIS,True,False
2025-08-13|49350,2025-08-13,49350,10:30,10:30,0,COMPLETE,5,0,DOWN,-0.32710280373831774,PREVIOUS_CONTEXT_UNAVAILABLE,,True,,,RANGE_COMPRESSION|VOLUME_COMPRESSION|TRADING_VALUE_COMPRESSION,SCALE_UNAVAILABLE,WINDOW_OBSERVED,0,0,0,False,0,0,False,INHERITED_RAW_PRICE_BASIS,False,False
2025-08-13|49350,2025-08-13,49350,10:30,10:35,5,COMPLETE,5,0,DOWN,-0.7035647279549718,PREVIOUS_CONTEXT_UNAVAILABLE,,True,,,RANGE_EXPANSION|VOLUME_EXPANSION|TRADING_VALUE_EXPANSION,SCALE_UNAVAILABLE,WINDOW_OBSERVED,0,0,0,False,0,0,False,INHERITED_RAW_PRICE_BASIS,True,False
2025-08-13|49350,2025-08-13,49350,10:30,10:40,10,COMPLETE,5,0,DOWN,-0.2364066193853428,PREVIOUS_CONTEXT_UNAVAILABLE,,True,,,,SCALE_UNAVAILABLE,WINDOW_OBSERVED,0,0,0,False,0,0,False,INHERITED_RAW_PRICE_BASIS,True,False
2025-08-13|49350,2025-08-13,49350,10:30,10:45,15,COMPLETE,5,0,UP,0.33175355450236965,PREVIOUS_CONTEXT_UNAVAILABLE,,True,,,RANGE_COMPRESSION|VOLUME_COMPRESSION|TRADING_VALUE_COMPRESSION,SCALE_UNAVAILABLE,WINDOW_OBSERVED,0,0,0,False,0,0,False,INHERITED_RAW_PRICE_BASIS,True,False
2025-08-13|49350,2025-08-13,49350,10:30,10:50,20,COMPLETE,5,0,UP,0.3787878787878788,PREVIOUS_CONTEXT_UNAVAILABLE,,True,,,RANGE_EXPANSION,SCALE_UNAVAILABLE,OBSERVATION_INSUFFICIENT,1,0,0,False,0,0,False,INHERITED_RAW_PRICE_BASIS,True,False
2025-08-13|49350,2025-08-13,49350,10:30,10:55,25,COMPLETE,5,0,UP,0.14150943396226415,PREVIOUS_CONTEXT_UNAVAILABLE,,True,,,RANGE_COMPRESSION,SCALE_UNAVAILABLE,OBSERVATION_INSUFFICIENT,1,0,0,False,0,0,False,INHERITED_RAW_PRICE_BASIS,True,False
2025-08-13|49350,2025-08-13,49350,10:30,11:00,30,PARTIAL,4,1,,,PREVIOUS_CONTEXT_UNAVAILABLE,,True,,,,CURRENT_BAR_UNAVAILABLE,WINDOW_OBSERVED,0,0,0,False,0,0,False,INHERITED_RAW_PRICE_BASIS,False,False
2025-08-13|49350,2025-08-13,49350,10:30,11:05,35,COMPLETE,5,0,UP,0.0946969696969697,PREVIOUS_CONTEXT_UNAVAILABLE,,True,,,,SCALE_UNAVAILABLE,WINDOW_OBSERVED,0,0,0,False,0,0,False,INHERITED_RAW_PRICE_BASIS,False,False
2025-08-13|49350,2025-08-13,49350,10:30,11:10,40,COMPLETE,5,0,DOWN,-0.18948365703458075,PREVIOUS_CONTEXT_UNAVAILABLE,,True,,,VOLUME_EXPANSION|TRADING_VALUE_EXPANSION,SCALE_UNAVAILABLE,OBSERVATION_INSUFFICIENT,1,0,0,False,0,0,False,INHERITED_RAW_PRICE_BASIS,True,False
2025-08-13|49350,2025-08-13,49350,10:30,11:15,45,COMPLETE,5,0,UP,0.1899335232668566,PREVIOUS_CONTEXT_UNAVAILABLE,,True,,,RANGE_COMPRESSION|VOLUME_COMPRESSION|TRADING_VALUE_COMPRESSION,SCALE_UNAVAILABLE,OBSERVATION_INSUFFICIENT,1,0,0,False,0,0,False,INHERITED_RAW_PRICE_BASIS,True,False
2025-08-13|49350,2025-08-13,49350,10:30,11:20,50,PARTIAL,4,1,,,PREVIOUS_CONTEXT_UNAVAILABLE,,True,,,,CURRENT_BAR_UNAVAILABLE,OBSERVATION_INSUFFICIENT,1,0,0,False,0,0,False,INHERITED_RAW_PRICE_BASIS,False,False
2025-08-13|49350,2025-08-13,49350,10:30,11:25,55,COMPLETE,5,0,DOWN,-0.04743833017077799,PREVIOUS_CONTEXT_UNAVAILABLE,,True,,,,SCALE_UNAVAILABLE,OBSERVATION_INSUFFICIENT,1,0,0,False,0,0,False,INHERITED_RAW_PRICE_BASIS,False,False
2025-08-13|49350,2025-08-13,49350,10:30,11:30,60,PARTIAL,4,1,,,PREVIOUS_CONTEXT_UNAVAILABLE,,True,,,,SCALE_UNAVAILABLE,WINDOW_OBSERVED,0,0,0,False,0,0,False,INHERITED_RAW_PRICE_BASIS,False,False
2025-08-13|49350,2025-08-13,49350,10:30,12:35,65,COMPLETE,5,0,DOWN,-0.9478672985781991,PREVIOUS_CONTEXT_UNAVAILABLE,,True,,,,SCALE_UNAVAILABLE,WINDOW_OBSERVED,0,0,0,False,0,0,False,INHERITED_RAW_PRICE_BASIS,False,False
2025-08-13|49350,2025-08-13,49350,10:30,12:40,70,COMPLETE,5,0,DOWN,-0.2387774594078319,PREVIOUS_CONTEXT_UNAVAILABLE,,True,,,RANGE_COMPRESSION,SCALE_UNAVAILABLE,WINDOW_OBSERVED,0,0,0,False,0,0,False,INHERITED_RAW_PRICE_BASIS,True,False
2025-08-13|49350,2025-08-13,49350,10:30,12:45,75,COMPLETE,5,0,UP,0.23923444976076555,PREVIOUS_CONTEXT_UNAVAILABLE,,True,,,RANGE_EXPANSION|VOLUME_COMPRESSION|TRADING_VALUE_COMPRESSION,SCALE_UNAVAILABLE,WINDOW_OBSERVED,0,0,0,False,0,0,False,INHERITED_RAW_PRICE_BASIS,True,False
2025-08-13|49350,2025-08-13,49350,10:30,12:50,80,COMPLETE,5,0,DOWN,-1.3862332695984703,PREVIOUS_CONTEXT_UNAVAILABLE,,True,,,VOLUME_EXPANSION|TRADING_VALUE_EXPANSION,SCALE_UNAVAILABLE,WINDOW_OBSERVED,0,0,0,False,1,1,False,INHERITED_RAW_PRICE_BASIS,True,False
2025-08-13|49350,2025-08-13,49350,10:30,12:55,85,COMPLETE,5,0,DOWN,-0.14534883720930233,PREVIOUS_CONTEXT_UNAVAILABLE,,True,,,RANGE_COMPRESSION|VOLUME_COMPRESSION|TRADING_VALUE_COMPRESSION,SCALE_UNAVAILABLE,WINDOW_OBSERVED,0,0,0,False,2,0,False,INHERITED_RAW_PRICE_BASIS,True,False
2025-08-13|49350,2025-08-13,49350,10:30,13:00,90,COMPLETE,5,0,DOWN,-0.048520135856380396,PREVIOUS_CONTEXT_UNAVAILABLE,,True,,,,SCALE_UNAVAILABLE,WINDOW_OBSERVED,0,0,0,False,2,2,False,INHERITED_RAW_PRICE_BASIS,True,False
2025-08-13|49350,2025-08-13,49350,10:30,13:05,95,COMPLETE,5,0,DOWN,-0.4854368932038835,PREVIOUS_CONTEXT_UNAVAILABLE,,True,,,VOLUME_COMPRESSION|TRADING_VALUE_COMPRESSION,SCALE_UNAVAILABLE,WINDOW_OBSERVED,0,0,0,False,0,0,False,INHERITED_RAW_PRICE_BASIS,True,False
2025-08-13|49350,2025-08-13,49350,10:30,13:10,100,COMPLETE,5,0,DOWN,-0.6829268292682927,PREVIOUS_CONTEXT_UNAVAILABLE,,True,,,RANGE_EXPANSION|VOLUME_EXPANSION|TRADING_VALUE_EXPANSION,SCALE_UNAVAILABLE,WINDOW_OBSERVED,0,0,0,False,2,2,False,INHERITED_RAW_PRICE_BASIS,True,False
2025-08-13|49350,2025-08-13,49350,10:30,13:15,105,COMPLETE,5,0,UP,0.5416051206302314,PREVIOUS_CONTEXT_UNAVAILABLE,,True,,,RANGE_COMPRESSION|VOLUME_COMPRESSION|TRADING_VALUE_COMPRESSION,SCALE_UNAVAILABLE,WINDOW_OBSERVED,0,0,0,False,0,0,False,INHERITED_RAW_PRICE_BASIS,True,False
2025-08-13|49350,2025-08-13,49350,10:30,13:20,110,COMPLETE,5,0,DOWN,-0.04897159647404505,PREVIOUS_CONTEXT_UNAVAILABLE,,True,,,,SCALE_UNAVAILABLE,WINDOW_OBSERVED,0,0,0,False,0,0,False,INHERITED_RAW_PRICE_BASIS,True,False
2025-08-13|49350,2025-08-13,49350,10:30,13:25,115,COMPLETE,5,0,DOWN,-0.39119804400978,PREVIOUS_CONTEXT_UNAVAILABLE,,True,,,RANGE_COMPRESSION|VOLUME_COMPRESSION|TRADING_VALUE_COMPRESSION,SCALE_UNAVAILABLE,WINDOW_OBSERVED,0,0,0,False,0,0,False,INHERITED_RAW_PRICE_BASIS,True,False
2025-08-13|49350,2025-08-13,49350,10:30,13:30,120,COMPLETE,5,0,UP,0.049091801669121256,PREVIOUS_CONTEXT_UNAVAILABLE,,True,,,RANGE_EXPANSION|VOLUME_EXPANSION|TRADING_VALUE_EXPANSION,SCALE_UNAVAILABLE,WINDOW_OBSERVED,0,0,0,False,0,0,False,INHERITED_RAW_PRICE_BASIS,True,False
2025-08-13|49350,2025-08-13,49350,10:30,13:35,125,COMPLETE,5,0,UP,0.24509803921568626,PREVIOUS_CONTEXT_UNAVAILABLE,,True,,,,SCALE_UNAVAILABLE,WINDOW_OBSERVED,0,0,0,False,0,0,False,INHERITED_RAW_PRICE_BASIS,True,False
2025-08-13|49350,2025-08-13,49350,10:30,13:40,130,COMPLETE,5,0,UNCHANGED,0.0,PREVIOUS_CONTEXT_UNAVAILABLE,,True,,,RANGE_COMPRESSION,SCALE_UNAVAILABLE,OBSERVATION_INSUFFICIENT,1,0,0,False,0,0,False,INHERITED_RAW_PRICE_BASIS,True,False
2025-08-13|49350,2025-08-13,49350,10:30,13:45,135,COMPLETE,5,0,UP,0.9818360333824251,PREVIOUS_CONTEXT_UNAVAILABLE,,True,,,RANGE_EXPANSION|VOLUME_EXPANSION|TRADING_VALUE_EXPANSION,SCALE_UNAVAILABLE,OBSERVATION_INSUFFICIENT,1,0,0,False,0,0,False,INHERITED_RAW_PRICE_BASIS,True,False
2025-08-13|49350,2025-08-13,49350,10:30,13:50,140,PARTIAL,4,1,,,PREVIOUS_CONTEXT_UNAVAILABLE,,True,,,,SCALE_UNAVAILABLE,WINDOW_OBSERVED,0,0,0,False,0,0,False,INHERITED_RAW_PRICE_BASIS,False,False
2025-08-13|49350,2025-08-13,49350,10:30,13:55,145,COMPLETE,5,0,DOWN,-0.1941747572815534,PREVIOUS_CONTEXT_UNAVAILABLE,,True,,,,SCALE_UNAVAILABLE,WINDOW_OBSERVED,0,0,0,False,0,0,False,INHERITED_RAW_PRICE_BASIS,False,False
2025-08-13|49350,2025-08-13,49350,10:30,14:00,150,COMPLETE,5,0,DOWN,-0.7292173067574137,PREVIOUS_CONTEXT_UNAVAILABLE,,True,,,,SCALE_UNAVAILABLE,WINDOW_OBSERVED,0,0,0,False,0,0,False,INHERITED_RAW_PRICE_BASIS,True,False
2025-08-13|49350,2025-08-13,49350,10:30,14:05,155,COMPLETE,5,0,DOWN,-0.29397354238118567,PREVIOUS_CONTEXT_UNAVAILABLE,,True,,,RANGE_COMPRESSION,SCALE_UNAVAILABLE,WINDOW_OBSERVED,0,0,0,False,0,0,False,INHERITED_RAW_PRICE_BASIS,True,False
2025-08-13|49350,2025-08-13,49350,10:30,14:10,160,COMPLETE,5,0,DOWN,-0.2949852507374631,PREVIOUS_CONTEXT_UNAVAILABLE,,True,,,RANGE_EXPANSION|VOLUME_EXPANSION|TRADING_VALUE_EXPANSION,SCALE_UNAVAILABLE,WINDOW_OBSERVED,0,0,0,False,3,2,False,INHERITED_RAW_PRICE_BASIS,True,False
2025-08-13|49350,2025-08-13,49350,10:30,14:15,165,COMPLETE,5,0,DOWN,-0.2965892239248641,PREVIOUS_CONTEXT_UNAVAILABLE,,True,,,RANGE_COMPRESSION|VOLUME_COMPRESSION|TRADING_VALUE_COMPRESSION,SCALE_UNAVAILABLE,OBSERVATION_INSUFFICIENT,1,0,0,False,0,0,False,INHERITED_RAW_PRICE_BASIS,True,False
2025-08-13|49350,2025-08-13,49350,10:30,14:20,170,COMPLETE,5,0,UNCHANGED,0.0,PREVIOUS_CONTEXT_UNAVAILABLE,,True,,,,SCALE_UNAVAILABLE,OBSERVATION_INSUFFICIENT,1,0,0,False,1,0,False,INHERITED_RAW_PRICE_BASIS,True,False
2025-08-13|49350,2025-08-13,49350,10:30,14:25,175,PARTIAL,4,1,,,PREVIOUS_CONTEXT_UNAVAILABLE,,True,,,,SCALE_UNAVAILABLE,WINDOW_OBSERVED,0,0,0,False,0,0,False,INHERITED_RAW_PRICE_BASIS,False,False
2025-08-13|49350,2025-08-13,49350,10:30,14:30,180,COMPLETE,5,0,UP,0.09881422924901186,PREVIOUS_CONTEXT_UNAVAILABLE,,True,,,,SCALE_UNAVAILABLE,OBSERVATION_INSUFFICIENT,1,0,0,False,0,0,False,INHERITED_RAW_PRICE_BASIS,False,False
2025-08-13|49350,2025-08-13,49350,10:30,14:35,185,COMPLETE,5,0,DOWN,-0.5931784478497282,PREVIOUS_CONTEXT_UNAVAILABLE,,True,,,VOLUME_EXPANSION|TRADING_VALUE_EXPANSION,SCALE_UNAVAILABLE,OBSERVATION_INSUFFICIENT,1,0,0,False,1,1,False,INHERITED_RAW_PRICE_BASIS,True,False
2025-08-13|49350,2025-08-13,49350,10:30,14:40,190,PARTIAL,4,1,,,PREVIOUS_CONTEXT_UNAVAILABLE,,True,,,,SCALE_UNAVAILABLE,WINDOW_OBSERVED,0,0,0,False,0,0,False,INHERITED_RAW_PRICE_BASIS,False,False
2025-08-13|49350,2025-08-13,49350,10:30,14:45,195,COMPLETE,5,0,DOWN,-0.099601593625498,PREVIOUS_CONTEXT_UNAVAILABLE,,True,,,,SCALE_UNAVAILABLE,WINDOW_OBSERVED,0,0,0,False,0,0,False,INHERITED_RAW_PRICE_BASIS,False,False
2025-08-13|49350,2025-08-13,49350,10:30,14:50,200,COMPLETE,5,0,DOWN,-0.04982561036372696,PREVIOUS_CONTEXT_UNAVAILABLE,,True,,,,SCALE_UNAVAILABLE,WINDOW_OBSERVED,0,0,0,False,0,0,False,INHERITED_RAW_PRICE_BASIS,True,False
2025-08-13|49350,2025-08-13,49350,10:30,14:55,205,COMPLETE,5,0,DOWN,-2.193419740777667,PREVIOUS_CONTEXT_UNAVAILABLE,,True,,,RANGE_EXPANSION|VOLUME_EXPANSION|TRADING_VALUE_EXPANSION,SCALE_UNAVAILABLE,WINDOW_OBSERVED,0,0,0,False,1,1,False,INHERITED_RAW_PRICE_BASIS,True,False
2025-08-13|49350,2025-08-13,49350,10:30,15:00,210,COMPLETE,5,0,DOWN,-0.1529051987767584,PREVIOUS_CONTEXT_UNAVAILABLE,,True,,,RANGE_COMPRESSION,SCALE_UNAVAILABLE,WINDOW_OBSERVED,0,0,0,False,5,2,False,INHERITED_RAW_PRICE_BASIS,True,False
2025-08-13|49350,2025-08-13,49350,10:30,15:05,215,COMPLETE,5,0,DOWN,-1.2768130745658837,PREVIOUS_CONTEXT_UNAVAILABLE,,True,,,,SCALE_UNAVAILABLE,WINDOW_OBSERVED,0,0,0,False,1,1,False,INHERITED_RAW_PRICE_BASIS,True,False
2025-08-13|49350,2025-08-13,49350,10:30,15:10,220,COMPLETE,5,0,DOWN,-0.2587991718426501,PREVIOUS_CONTEXT_UNAVAILABLE,,True,,,RANGE_COMPRESSION,SCALE_UNAVAILABLE,WINDOW_OBSERVED,0,0,0,False,4,3,False,INHERITED_RAW_PRICE_BASIS,True,False
2025-08-13|49350,2025-08-13,49350,10:30,15:15,225,COMPLETE,5,0,DOWN,-0.25933609958506226,PREVIOUS_CONTEXT_UNAVAILABLE,,True,,,RANGE_EXPANSION,SCALE_UNAVAILABLE,WINDOW_OBSERVED,0,0,0,False,4,3,False,INHERITED_RAW_PRICE_BASIS,True,False
2025-08-13|49350,2025-08-13,49350,10:30,15:20,230,COMPLETE,5,0,UP,0.4162330905306972,PREVIOUS_CONTEXT_UNAVAILABLE,,True,,,,SCALE_UNAVAILABLE,RIGHT_CENSORED,0,0,0,False,0,0,False,INHERITED_RAW_PRICE_BASIS,True,False
2025-08-13|49350,2025-08-13,49350,10:30,15:25,235,COMPLETE,5,0,UP,0.5690636316606311,PREVIOUS_CONTEXT_UNAVAILABLE,,True,,,TRADING_VALUE_EXPANSION,SCALE_UNAVAILABLE,RIGHT_CENSORED,0,0,0,False,0,0,False,INHERITED_RAW_PRICE_BASIS,True,False
2025-08-13|51370,2025-08-13,51370,15:00,15:00,0,PARTIAL,3,2,,,AVAILABLE,6.0,True,,,,UNRESOLVED_STRUCTURE,WINDOW_OBSERVED,0,0,1,False,0,0,False,INHERITED_RAW_PRICE_BASIS,False,False
2025-08-13|51370,2025-08-13,51370,15:00,15:05,5,COMPLETE,5,0,DOWN,-2.7777777777777777,AVAILABLE,6.0,True,,,,UNRESOLVED_STRUCTURE,WINDOW_OBSERVED,0,0,1,False,4,0,False,INHERITED_RAW_PRICE_BASIS,False,False
2025-08-13|51370,2025-08-13,51370,15:00,15:10,10,COMPLETE,5,0,DOWN,-1.5452538631346577,AVAILABLE,6.0,True,,,RANGE_COMPRESSION,UNRESOLVED_STRUCTURE,WINDOW_OBSERVED,0,0,1,False,4,2,False,INHERITED_RAW_PRICE_BASIS,True,False
2025-08-13|51370,2025-08-13,51370,15:00,15:15,15,COMPLETE,5,0,UP,0.2242152466367713,AVAILABLE,6.0,True,,,VOLUME_COMPRESSION|TRADING_VALUE_COMPRESSION,UNRESOLVED_STRUCTURE,WINDOW_OBSERVED,0,1,3,False,0,0,False,INHERITED_RAW_PRICE_BASIS,True,False
2025-08-13|51370,2025-08-13,51370,15:00,15:20,20,COMPLETE,5,0,UNCHANGED,0.0,AVAILABLE,6.0,True,,,RANGE_COMPRESSION,UNRESOLVED_STRUCTURE,RIGHT_CENSORED,0,0,3,False,0,0,False,INHERITED_RAW_PRICE_BASIS,True,False
2025-08-13|51370,2025-08-13,51370,15:00,15:25,25,COMPLETE,5,0,DOWN,-0.22371364653243847,AVAILABLE,6.0,True,,,,UNRESOLVED_STRUCTURE,RIGHT_CENSORED,0,0,3,False,0,0,False,INHERITED_RAW_PRICE_BASIS,True,False
2025-08-13|56120,2025-08-13,56120,09:30,09:30,0,COMPLETE,5,0,DOWN,-4.717948717948718,AVAILABLE,7.0,True,DOWN_STRUCTURE,,,IDENTIFIED,WINDOW_OBSERVED,0,1,11,False,6,4,True,INHERITED_RAW_PRICE_BASIS,False,False
2025-08-13|56120,2025-08-13,56120,09:30,09:35,5,COMPLETE,5,0,UP,3.5944206008583692,AVAILABLE,7.0,True,DOWN_STRUCTURE,CORRECTION|RECOVERY,VOLUME_COMPRESSION|TRADING_VALUE_COMPRESSION,IDENTIFIED,WINDOW_OBSERVED,0,0,13,False,6,3,True,INHERITED_RAW_PRICE_BASIS,True,True
2025-08-13|56120,2025-08-13,56120,09:30,09:40,10,COMPLETE,5,0,DOWN,-1.5511892450879008,AVAILABLE,7.0,True,,RESTRUCTURING,CHOPPINESS,UNRESOLVED_STRUCTURE,WINDOW_OBSERVED,0,1,15,False,10,8,True,INHERITED_RAW_PRICE_BASIS,True,True
2025-08-13|56120,2025-08-13,56120,09:30,09:45,15,COMPLETE,5,0,UP,0.5254860746190226,AVAILABLE,7.0,True,DOWN_STRUCTURE,PROGRESSION,RANGE_COMPRESSION|VOLUME_COMPRESSION|TRADING_VALUE_COMPRESSION,IDENTIFIED,WINDOW_OBSERVED,0,0,16,False,8,5,True,INHERITED_RAW_PRICE_BASIS,True,True
2025-08-13|56120,2025-08-13,56120,09:30,09:50,20,COMPLETE,5,0,DOWN,-2.8871391076115485,AVAILABLE,7.0,True,DOWN_STRUCTURE,,RANGE_EXPANSION|VOLUME_EXPANSION|TRADING_VALUE_EXPANSION,IDENTIFIED,WINDOW_OBSERVED,0,1,17,False,7,7,True,INHERITED_RAW_PRICE_BASIS,True,True
2025-08-13|56120,2025-08-13,56120,09:30,09:55,25,COMPLETE,5,0,UP,1.7241379310344827,AVAILABLE,7.0,True,DOWN_STRUCTURE,CORRECTION|RECOVERY,VOLUME_COMPRESSION|TRADING_VALUE_COMPRESSION,IDENTIFIED,WINDOW_OBSERVED,0,0,17,False,6,2,True,INHERITED_RAW_PRICE_BASIS,True,True
2025-08-13|56120,2025-08-13,56120,09:30,10:00,30,COMPLETE,5,0,UNCHANGED,0.0,AVAILABLE,7.0,True,DOWN_STRUCTURE,CORRECTION|RECOVERY,RANGE_COMPRESSION|VOLUME_COMPRESSION|TRADING_VALUE_COMPRESSION,IDENTIFIED,WINDOW_OBSERVED,0,0,19,False,0,0,True,INHERITED_RAW_PRICE_BASIS,True,False
2025-08-13|56120,2025-08-13,56120,09:30,10:05,35,COMPLETE,5,0,UP,1.2658227848101267,AVAILABLE,7.0,True,UP_STRUCTURE,,RANGE_EXPANSION,IDENTIFIED,WINDOW_OBSERVED,0,1,20,False,2,4,True,INHERITED_RAW_PRICE_BASIS,True,True
2025-08-13|56120,2025-08-13,56120,09:30,10:10,40,COMPLETE,5,0,UP,0.7849293563579278,AVAILABLE,7.0,True,UP_STRUCTURE,PROGRESSION,,IDENTIFIED,WINDOW_OBSERVED,0,0,21,False,3,3,True,INHERITED_RAW_PRICE_BASIS,True,True
2025-08-13|56120,2025-08-13,56120,09:30,10:15,45,COMPLETE,5,0,DOWN,-0.7253886010362695,AVAILABLE,7.0,True,UP_STRUCTURE,,,IDENTIFIED,WINDOW_OBSERVED,0,1,23,False,1,1,True,INHERITED_RAW_PRICE_BASIS,True,True
2025-08-13|56120,2025-08-13,56120,09:30,10:20,50,COMPLETE,5,0,UP,0.9932043910088866,AVAILABLE,7.0,True,UP_STRUCTURE,,VOLUME_COMPRESSION|TRADING_VALUE_COMPRESSION,IDENTIFIED,WINDOW_OBSERVED,0,1,26,False,4,0,True,INHERITED_RAW_PRICE_BASIS,True,False
2025-08-13|56120,2025-08-13,56120,09:30,10:25,55,COMPLETE,5,0,DOWN,-2.2916666666666665,AVAILABLE,7.0,True,,RESTRUCTURING,RANGE_EXPANSION|VOLUME_EXPANSION|TRADING_VALUE_EXPANSION,UNRESOLVED_STRUCTURE,OBSERVATION_INSUFFICIENT,1,0,26,False,3,5,True,INHERITED_RAW_PRICE_BASIS,True,True
2025-08-13|56120,2025-08-13,56120,09:30,10:30,60,COMPLETE,5,0,DOWN,-0.26595744680851063,AVAILABLE,7.0,True,,RESTRUCTURING|RECOVERY,RANGE_COMPRESSION|VOLUME_COMPRESSION|TRADING_VALUE_COMPRESSION,UNRESOLVED_STRUCTURE,OBSERVATION_INSUFFICIENT,2,1,27,False,0,0,True,INHERITED_RAW_PRICE_BASIS,True,True
2025-08-13|56120,2025-08-13,56120,09:30,10:35,65,PARTIAL,4,1,,,AVAILABLE,7.0,True,,,,UNRESOLVED_STRUCTURE,OBSERVATION_INSUFFICIENT,1,1,1,False,0,0,False,INHERITED_RAW_PRICE_BASIS,False,False
2025-08-13|56120,2025-08-13,56120,09:30,10:40,70,PARTIAL,4,1,,,AVAILABLE,7.0,True,,,,UNRESOLVED_STRUCTURE,WINDOW_OBSERVED,0,0,1,False,0,0,False,INHERITED_RAW_PRICE_BASIS,False,False
2025-08-13|56120,2025-08-13,56120,09:30,10:45,75,COMPLETE,5,0,DOWN,-1.0198604401502953,AVAILABLE,7.0,True,,,,UNRESOLVED_STRUCTURE,WINDOW_OBSERVED,0,1,2,False,2,2,False,INHERITED_RAW_PRICE_BASIS,False,False
2025-08-13|56120,2025-08-13,56120,09:30,10:50,80,COMPLETE,5,0,UP,0.05420054200542006,AVAILABLE,7.0,True,,,RANGE_COMPRESSION,UNRESOLVED_STRUCTURE,WINDOW_OBSERVED,0,0,3,False,6,4,False,INHERITED_RAW_PRICE_BASIS,True,False
2025-08-13|56120,2025-08-13,56120,09:30,10:55,85,COMPLETE,5,0,DOWN,-0.6486486486486487,AVAILABLE,7.0,True,DOWN_STRUCTURE,CORRECTION|RECOVERY,RANGE_EXPANSION,IDENTIFIED,WINDOW_OBSERVED,0,1,4,False,4,3,True,INHERITED_RAW_PRICE_BASIS,True,True
2025-08-13|56120,2025-08-13,56120,09:30,11:00,90,COMPLETE,5,0,UP,0.4893964110929853,AVAILABLE,7.0,True,DOWN_STRUCTURE,CORRECTION|RECOVERY,RANGE_COMPRESSION|VOLUME_COMPRESSION|TRADING_VALUE_COMPRESSION,IDENTIFIED,OBSERVATION_INSUFFICIENT,3,0,4,False,0,1,True,INHERITED_RAW_PRICE_BASIS,True,False
2025-08-13|56120,2025-08-13,56120,09:30,11:05,95,COMPLETE,5,0,UP,0.8116883116883117,AVAILABLE,7.0,True,,RESTRUCTURING,,UNRESOLVED_STRUCTURE,OBSERVATION_INSUFFICIENT,3,1,5,False,4,3,True,INHERITED_RAW_PRICE_BASIS,True,True
2025-08-13|56120,2025-08-13,56120,09:30,11:10,100,PARTIAL,2,3,,,AVAILABLE,7.0,True,,,,CURRENT_BAR_UNAVAILABLE,WINDOW_OBSERVED,0,0,0,False,3,3,False,INHERITED_RAW_PRICE_BASIS,False,False
2025-08-13|56120,2025-08-13,56120,09:30,11:15,105,COMPLETE,5,0,UP,0.16216216216216217,AVAILABLE,7.0,True,,,,UNRESOLVED_STRUCTURE,OBSERVATION_INSUFFICIENT,1,0,0,False,0,0,False,INHERITED_RAW_PRICE_BASIS,False,False
2025-08-13|56120,2025-08-13,56120,09:30,11:20,110,COMPLETE,5,0,DOWN,-0.593311758360302,AVAILABLE,7.0,True,,,RANGE_EXPANSION|VOLUME_EXPANSION|TRADING_VALUE_EXPANSION,UNRESOLVED_STRUCTURE,OBSERVATION_INSUFFICIENT,1,0,1,False,0,4,False,INHERITED_RAW_PRICE_BASIS,True,False
2025-08-13|56120,2025-08-13,56120,09:30,11:25,115,PARTIAL,4,1,,,AVAILABLE,7.0,True,,,,UNRESOLVED_STRUCTURE,WINDOW_OBSERVED,0,0,1,False,0,0,False,INHERITED_RAW_PRICE_BASIS,False,False
2025-08-13|56120,2025-08-13,56120,09:30,11:30,120,COMPLETE,5,0,UP,1.2520413718018508,AVAILABLE,7.0,True,,,,UNRESOLVED_STRUCTURE,WINDOW_OBSERVED,0,0,2,False,0,3,False,INHERITED_RAW_PRICE_BASIS,False,False
2025-08-13|56120,2025-08-13,56120,09:30,12:35,125,COMPLETE,5,0,DOWN,-0.2717391304347826,AVAILABLE,7.0,True,,RECOVERY,,UNRESOLVED_STRUCTURE,OBSERVATION_INSUFFICIENT,2,0,2,False,1,2,True,INHERITED_RAW_PRICE_BASIS,True,True
2025-08-13|56120,2025-08-13,56120,09:30,12:40,130,COMPLETE,5,0,UP,0.43549265106151336,AVAILABLE,7.0,True,,,RANGE_COMPRESSION|VOLUME_COMPRESSION|TRADING_VALUE_COMPRESSION,UNRESOLVED_STRUCTURE,OBSERVATION_INSUFFICIENT,2,0,4,False,0,0,False,INHERITED_RAW_PRICE_BASIS,True,True
2025-08-13|56120,2025-08-13,56120,09:30,12:45,135,PARTIAL,3,2,,,AVAILABLE,7.0,True,,,,UNRESOLVED_STRUCTURE,WINDOW_OBSERVED,0,0,0,False,0,0,False,INHERITED_RAW_PRICE_BASIS,False,False
2025-08-13|56120,2025-08-13,56120,09:30,12:50,140,COMPLETE,5,0,UP,0.2721829069134458,AVAILABLE,7.0,True,,,CHOPPINESS,UNRESOLVED_STRUCTURE,OBSERVATION_INSUFFICIENT,1,1,3,False,0,0,False,INHERITED_RAW_PRICE_BASIS,False,False
2025-08-13|56120,2025-08-13,56120,09:30,12:55,145,COMPLETE,5,0,DOWN,-0.2178649237472767,AVAILABLE,7.0,True,,RESTRUCTURING,CHOPPINESS,UNRESOLVED_STRUCTURE,OBSERVATION_INSUFFICIENT,1,0,5,False,1,3,True,INHERITED_RAW_PRICE_BASIS,True,True
2025-08-13|56120,2025-08-13,56120,09:30,13:00,150,PARTIAL,4,1,,,AVAILABLE,7.0,True,,,,UNRESOLVED_STRUCTURE,WINDOW_OBSERVED,0,1,1,False,1,2,False,INHERITED_RAW_PRICE_BASIS,False,False
2025-08-13|56120,2025-08-13,56120,09:30,13:05,155,COMPLETE,5,0,UP,0.3844041735310269,AVAILABLE,7.0,True,,,,UNRESOLVED_STRUCTURE,WINDOW_OBSERVED,0,0,2,False,1,2,False,INHERITED_RAW_PRICE_BASIS,False,False
2025-08-13|56120,2025-08-13,56120,09:30,13:10,160,COMPLETE,5,0,UP,0.38293216630196936,AVAILABLE,7.0,True,,,RANGE_COMPRESSION|VOLUME_COMPRESSION|TRADING_VALUE_COMPRESSION,UNRESOLVED_STRUCTURE,OBSERVATION_INSUFFICIENT,1,0,2,False,0,0,False,INHERITED_RAW_PRICE_BASIS,True,False
2025-08-13|56120,2025-08-13,56120,09:30,13:15,165,COMPLETE,5,0,DOWN,-0.10911074740861974,AVAILABLE,7.0,True,,,CHOPPINESS|RANGE_EXPANSION|VOLUME_EXPANSION|TRADING_VALUE_EXPANSION,UNRESOLVED_STRUCTURE,OBSERVATION_INSUFFICIENT,4,0,3,False,0,0,False,INHERITED_RAW_PRICE_BASIS,True,False
2025-08-13|56120,2025-08-13,56120,09:30,13:20,170,PARTIAL,4,1,,,AVAILABLE,7.0,True,,,,UNRESOLVED_STRUCTURE,OBSERVATION_INSUFFICIENT,5,0,0,False,0,0,False,INHERITED_RAW_PRICE_BASIS,False,False
2025-08-13|56120,2025-08-13,56120,09:30,13:25,175,PARTIAL,2,3,,,AVAILABLE,7.0,True,,,,CURRENT_BAR_UNAVAILABLE,OBSERVATION_INSUFFICIENT,4,0,0,False,0,0,False,INHERITED_RAW_PRICE_BASIS,False,False
2025-08-13|56120,2025-08-13,56120,09:30,13:30,180,PARTIAL,3,2,,,AVAILABLE,7.0,True,,,,UNRESOLVED_STRUCTURE,OBSERVATION_INSUFFICIENT,3,0,0,False,0,0,False,INHERITED_RAW_PRICE_BASIS,False,False
2025-08-13|56120,2025-08-13,56120,09:30,13:35,185,PARTIAL,3,2,,,AVAILABLE,7.0,True,,,,CURRENT_BAR_UNAVAILABLE,OBSERVATION_INSUFFICIENT,3,0,0,False,0,0,False,INHERITED_RAW_PRICE_BASIS,False,False
2025-08-13|56120,2025-08-13,56120,09:30,13:40,190,PARTIAL,4,1,,,AVAILABLE,7.0,True,,,,UNRESOLVED_STRUCTURE,OBSERVATION_INSUFFICIENT,2,0,0,False,0,0,False,INHERITED_RAW_PRICE_BASIS,False,False
2025-08-13|56120,2025-08-13,56120,09:30,13:45,195,PARTIAL,3,2,,,AVAILABLE,7.0,True,,,,CURRENT_BAR_UNAVAILABLE,OBSERVATION_INSUFFICIENT,1,0,0,False,0,0,False,INHERITED_RAW_PRICE_BASIS,False,False
2025-08-13|56120,2025-08-13,56120,09:30,13:50,200,COMPLETE,5,0,DOWN,-0.27502750275027504,AVAILABLE,7.0,True,,,,UNRESOLVED_STRUCTURE,OBSERVATION_INSUFFICIENT,3,1,1,False,0,0,False,INHERITED_RAW_PRICE_BASIS,False,False
2025-08-13|56120,2025-08-13,56120,09:30,13:55,205,PARTIAL,4,1,,,AVAILABLE,7.0,True,,,,CURRENT_BAR_UNAVAILABLE,OBSERVATION_INSUFFICIENT,4,0,0,False,2,2,False,INHERITED_RAW_PRICE_BASIS,False,False
2025-08-13|56120,2025-08-13,56120,09:30,14:00,210,PARTIAL,3,2,,,AVAILABLE,7.0,True,,,,CURRENT_BAR_UNAVAILABLE,OBSERVATION_INSUFFICIENT,2,0,0,False,0,0,False,INHERITED_RAW_PRICE_BASIS,False,False
2025-08-13|56120,2025-08-13,56120,09:30,14:05,215,PARTIAL,3,2,,,AVAILABLE,7.0,True,,,,CURRENT_BAR_UNAVAILABLE,WINDOW_OBSERVED,0,0,0,False,0,0,False,INHERITED_RAW_PRICE_BASIS,False,False
2025-08-13|56120,2025-08-13,56120,09:30,14:10,220,COMPLETE,5,0,DOWN,-0.3869541182974019,AVAILABLE,7.0,True,,,,UNRESOLVED_STRUCTURE,WINDOW_OBSERVED,0,1,1,False,0,0,False,INHERITED_RAW_PRICE_BASIS,False,False
2025-08-13|56120,2025-08-13,56120,09:30,14:15,225,COMPLETE,5,0,DOWN,-0.11092623405435385,AVAILABLE,7.0,True,,,RANGE_COMPRESSION|VOLUME_EXPANSION|TRADING_VALUE_EXPANSION,UNRESOLVED_STRUCTURE,WINDOW_OBSERVED,0,0,1,False,0,0,False,INHERITED_RAW_PRICE_BASIS,True,False
2025-08-13|56120,2025-08-13,56120,09:30,14:20,230,COMPLETE,5,0,DOWN,-0.9439200444197668,AVAILABLE,7.0,True,,,RANGE_EXPANSION|VOLUME_EXPANSION|TRADING_VALUE_EXPANSION,UNRESOLVED_STRUCTURE,WINDOW_OBSERVED,0,0,1,False,0,1,False,INHERITED_RAW_PRICE_BASIS,True,False
2025-08-13|56120,2025-08-13,56120,09:30,14:25,235,COMPLETE,5,0,UP,0.4484304932735426,AVAILABLE,7.0,True,,RECOVERY,VOLUME_COMPRESSION|TRADING_VALUE_COMPRESSION,UNRESOLVED_STRUCTURE,OBSERVATION_INSUFFICIENT,1,0,2,False,1,2,True,INHERITED_RAW_PRICE_BASIS,True,True
2025-08-13|56120,2025-08-13,56120,09:30,14:30,240,COMPLETE,5,0,UP,0.5586592178770949,AVAILABLE,7.0,True,,,,UNRESOLVED_STRUCTURE,OBSERVATION_INSUFFICIENT,2,1,3,False,0,0,False,INHERITED_RAW_PRICE_BASIS,True,True
2025-08-13|56120,2025-08-13,56120,09:30,14:35,245,PARTIAL,4,1,,,AVAILABLE,7.0,True,,,,UNRESOLVED_STRUCTURE,OBSERVATION_INSUFFICIENT,3,0,0,False,0,0,False,INHERITED_RAW_PRICE_BASIS,False,False
2025-08-13|56120,2025-08-13,56120,09:30,14:40,250,PARTIAL,4,1,,,AVAILABLE,7.0,True,,,,UNRESOLVED_STRUCTURE,OBSERVATION_INSUFFICIENT,4,0,0,False,0,0,False,INHERITED_RAW_PRICE_BASIS,False,False
2025-08-13|56120,2025-08-13,56120,09:30,14:45,255,PARTIAL,3,2,,,AVAILABLE,7.0,True,,,,UNRESOLVED_STRUCTURE,OBSERVATION_INSUFFICIENT,4,0,0,False,0,0,False,INHERITED_RAW_PRICE_BASIS,False,False
2025-08-13|56120,2025-08-13,56120,09:30,14:50,260,PARTIAL,3,2,,,AVAILABLE,7.0,True,,,,UNRESOLVED_STRUCTURE,OBSERVATION_INSUFFICIENT,2,0,0,False,0,0,False,INHERITED_RAW_PRICE_BASIS,False,False
2025-08-13|56120,2025-08-13,56120,09:30,14:55,265,PARTIAL,3,2,,,AVAILABLE,7.0,True,,,,UNRESOLVED_STRUCTURE,WINDOW_OBSERVED,0,1,1,False,0,0,False,INHERITED_RAW_PRICE_BASIS,False,False
2025-08-13|56120,2025-08-13,56120,09:30,15:00,270,COMPLETE,5,0,UP,0.4444444444444444,AVAILABLE,7.0,True,,,,UNRESOLVED_STRUCTURE,WINDOW_OBSERVED,0,0,1,False,0,0,False,INHERITED_RAW_PRICE_BASIS,False,False
2025-08-13|56120,2025-08-13,56120,09:30,15:05,275,COMPLETE,5,0,UP,0.9402654867256637,AVAILABLE,7.0,True,,,RANGE_EXPANSION|VOLUME_EXPANSION|TRADING_VALUE_EXPANSION,UNRESOLVED_STRUCTURE,WINDOW_OBSERVED,0,0,1,False,0,0,False,INHERITED_RAW_PRICE_BASIS,True,False
2025-08-13|56120,2025-08-13,56120,09:30,15:10,280,COMPLETE,5,0,UP,0.44004400440044006,AVAILABLE,7.0,True,,,,UNRESOLVED_STRUCTURE,WINDOW_OBSERVED,0,1,2,False,0,0,False,INHERITED_RAW_PRICE_BASIS,True,False
2025-08-13|56120,2025-08-13,56120,09:30,15:15,285,COMPLETE,5,0,DOWN,-0.21965952773201539,AVAILABLE,7.0,True,,,CHOPPINESS,UNRESOLVED_STRUCTURE,WINDOW_OBSERVED,0,0,2,False,0,0,False,INHERITED_RAW_PRICE_BASIS,True,False
2025-08-13|56120,2025-08-13,56120,09:30,15:20,290,COMPLETE,5,0,DOWN,-0.05515719801434087,AVAILABLE,7.0,True,,,,UNRESOLVED_STRUCTURE,RIGHT_CENSORED,0,1,5,False,0,0,False,INHERITED_RAW_PRICE_BASIS,True,False
2025-08-13|56120,2025-08-13,56120,09:30,15:25,295,COMPLETE,5,0,UP,0.16538037486218302,AVAILABLE,7.0,True,,,CHOPPINESS|VOLUME_EXPANSION|TRADING_VALUE_EXPANSION,UNRESOLVED_STRUCTURE,RIGHT_CENSORED,0,0,5,False,0,3,False,INHERITED_RAW_PRICE_BASIS,True,False
2025-08-13|58700,2025-08-13,58700,14:00,14:00,0,PARTIAL,3,2,,,SCALE_INSUFFICIENT,,True,,,,SCALE_UNAVAILABLE,OBSERVATION_INSUFFICIENT,3,0,0,False,3,1,False,INHERITED_RAW_PRICE_BASIS,False,False
2025-08-13|58700,2025-08-13,58700,14:00,14:05,5,PARTIAL,4,1,,,SCALE_INSUFFICIENT,,True,,,,CURRENT_BAR_UNAVAILABLE,OBSERVATION_INSUFFICIENT,3,0,0,False,0,0,False,INHERITED_RAW_PRICE_BASIS,False,False
2025-08-13|58700,2025-08-13,58700,14:00,14:10,10,PARTIAL,3,2,,,SCALE_INSUFFICIENT,,True,,,,SCALE_UNAVAILABLE,OBSERVATION_INSUFFICIENT,4,0,0,False,0,0,False,INHERITED_RAW_PRICE_BASIS,False,False
2025-08-13|58700,2025-08-13,58700,14:00,14:15,15,PARTIAL,4,1,,,SCALE_INSUFFICIENT,,True,,,,SCALE_UNAVAILABLE,OBSERVATION_INSUFFICIENT,6,0,0,False,0,0,False,INHERITED_RAW_PRICE_BASIS,False,False
2025-08-13|58700,2025-08-13,58700,14:00,14:20,20,PARTIAL,2,3,,,SCALE_INSUFFICIENT,,True,,,,CURRENT_BAR_UNAVAILABLE,OBSERVATION_INSUFFICIENT,3,0,0,False,0,0,False,INHERITED_RAW_PRICE_BASIS,False,False
2025-08-13|58700,2025-08-13,58700,14:00,14:25,25,PARTIAL,2,3,,,SCALE_INSUFFICIENT,,True,,,,CURRENT_BAR_UNAVAILABLE,OBSERVATION_INSUFFICIENT,2,0,0,False,0,0,False,INHERITED_RAW_PRICE_BASIS,False,False
2025-08-13|58700,2025-08-13,58700,14:00,14:30,30,COMPLETE,5,0,DOWN,-1.0676156583629892,SCALE_INSUFFICIENT,,True,,,,SCALE_UNAVAILABLE,OBSERVATION_INSUFFICIENT,3,0,0,False,0,0,False,INHERITED_RAW_PRICE_BASIS,False,False
2025-08-13|58700,2025-08-13,58700,14:00,14:35,35,PARTIAL,3,2,,,SCALE_INSUFFICIENT,,True,,,,SCALE_UNAVAILABLE,OBSERVATION_INSUFFICIENT,2,0,0,False,0,0,False,INHERITED_RAW_PRICE_BASIS,False,False
2025-08-13|58700,2025-08-13,58700,14:00,14:40,40,PARTIAL,4,1,,,SCALE_INSUFFICIENT,,True,,,,SCALE_UNAVAILABLE,OBSERVATION_INSUFFICIENT,2,0,0,False,0,0,False,INHERITED_RAW_PRICE_BASIS,False,False
2025-08-13|58700,2025-08-13,58700,14:00,14:45,45,PARTIAL,4,1,,,SCALE_INSUFFICIENT,,True,,,,SCALE_UNAVAILABLE,OBSERVATION_INSUFFICIENT,1,0,0,False,0,0,False,INHERITED_RAW_PRICE_BASIS,False,False
2025-08-13|58700,2025-08-13,58700,14:00,14:50,50,PARTIAL,4,1,,,SCALE_INSUFFICIENT,,True,,,,SCALE_UNAVAILABLE,WINDOW_OBSERVED,0,0,0,False,1,2,False,INHERITED_RAW_PRICE_BASIS,False,False
2025-08-13|58700,2025-08-13,58700,14:00,14:55,55,COMPLETE,5,0,UP,0.6038647342995169,SCALE_INSUFFICIENT,,True,,,,SCALE_UNAVAILABLE,WINDOW_OBSERVED,0,0,0,False,0,0,False,INHERITED_RAW_PRICE_BASIS,False,False
2025-08-13|58700,2025-08-13,58700,14:00,15:00,60,COMPLETE,5,0,DOWN,-0.6024096385542169,SCALE_INSUFFICIENT,,True,,,VOLUME_EXPANSION|TRADING_VALUE_EXPANSION,SCALE_UNAVAILABLE,WINDOW_OBSERVED,0,0,0,False,0,0,False,INHERITED_RAW_PRICE_BASIS,True,False
2025-08-13|58700,2025-08-13,58700,14:00,15:05,65,COMPLETE,5,0,UP,0.4836759371221282,SCALE_INSUFFICIENT,,True,,,VOLUME_COMPRESSION|TRADING_VALUE_COMPRESSION,SCALE_UNAVAILABLE,WINDOW_OBSERVED,0,0,0,False,0,0,False,INHERITED_RAW_PRICE_BASIS,True,False
2025-08-13|58700,2025-08-13,58700,14:00,15:10,70,COMPLETE,5,0,UP,0.12048192771084337,SCALE_INSUFFICIENT,,True,,,RANGE_COMPRESSION|VOLUME_COMPRESSION|TRADING_VALUE_COMPRESSION,SCALE_UNAVAILABLE,WINDOW_OBSERVED,0,0,0,False,0,0,False,INHERITED_RAW_PRICE_BASIS,True,False
2025-08-13|58700,2025-08-13,58700,14:00,15:15,75,COMPLETE,5,0,UP,0.7202881152460985,SCALE_INSUFFICIENT,,True,,,RANGE_EXPANSION,SCALE_UNAVAILABLE,WINDOW_OBSERVED,0,0,0,False,0,0,False,INHERITED_RAW_PRICE_BASIS,True,False
2025-08-13|58700,2025-08-13,58700,14:00,15:20,80,COMPLETE,5,0,UP,1.3126491646778042,SCALE_INSUFFICIENT,,True,,,,SCALE_UNAVAILABLE,RIGHT_CENSORED,0,0,0,False,0,0,False,INHERITED_RAW_PRICE_BASIS,True,False
2025-08-13|58700,2025-08-13,58700,14:00,15:25,85,COMPLETE,5,0,DOWN,-1.8845700824499412,SCALE_INSUFFICIENT,,True,,,RANGE_EXPANSION|VOLUME_EXPANSION|TRADING_VALUE_EXPANSION,SCALE_UNAVAILABLE,RIGHT_CENSORED,0,0,0,False,0,0,False,INHERITED_RAW_PRICE_BASIS,True,False
2025-08-13|60310,2025-08-13,60310,09:30,09:30,0,COMPLETE,5,0,UNCHANGED,0.0,SCALE_INSUFFICIENT,,True,,,RANGE_COMPRESSION|VOLUME_COMPRESSION|TRADING_VALUE_COMPRESSION,SCALE_UNAVAILABLE,WINDOW_OBSERVED,0,0,0,False,0,0,False,INHERITED_RAW_PRICE_BASIS,False,False
2025-08-13|60310,2025-08-13,60310,09:30,09:35,5,COMPLETE,5,0,DOWN,-0.7712082262210797,SCALE_INSUFFICIENT,,True,,,RANGE_EXPANSION|VOLUME_EXPANSION|TRADING_VALUE_EXPANSION,SCALE_UNAVAILABLE,WINDOW_OBSERVED,0,0,0,False,0,1,False,INHERITED_RAW_PRICE_BASIS,True,False
2025-08-13|60310,2025-08-13,60310,09:30,09:40,10,COMPLETE,5,0,UP,1.0389610389610389,SCALE_INSUFFICIENT,,True,,,VOLUME_COMPRESSION|TRADING_VALUE_COMPRESSION,SCALE_UNAVAILABLE,WINDOW_OBSERVED,0,0,0,False,0,0,False,INHERITED_RAW_PRICE_BASIS,True,False
2025-08-13|60310,2025-08-13,60310,09:30,09:45,15,COMPLETE,5,0,UP,0.25773195876288657,SCALE_INSUFFICIENT,,True,,,RANGE_COMPRESSION|VOLUME_COMPRESSION|TRADING_VALUE_COMPRESSION,SCALE_UNAVAILABLE,WINDOW_OBSERVED,0,0,0,False,0,0,False,INHERITED_RAW_PRICE_BASIS,True,False
2025-08-13|60310,2025-08-13,60310,09:30,09:50,20,COMPLETE,5,0,UNCHANGED,0.0,SCALE_INSUFFICIENT,,True,,,VOLUME_COMPRESSION|TRADING_VALUE_COMPRESSION,SCALE_UNAVAILABLE,WINDOW_OBSERVED,0,0,0,False,0,0,False,INHERITED_RAW_PRICE_BASIS,True,False
2025-08-13|60310,2025-08-13,60310,09:30,09:55,25,COMPLETE,5,0,UNCHANGED,0.0,SCALE_INSUFFICIENT,,True,,,RANGE_EXPANSION|VOLUME_EXPANSION|TRADING_VALUE_EXPANSION,SCALE_UNAVAILABLE,WINDOW_OBSERVED,0,0,0,False,0,0,False,INHERITED_RAW_PRICE_BASIS,True,False
2025-08-13|60310,2025-08-13,60310,09:30,10:00,30,COMPLETE,5,0,UP,0.5141388174807198,SCALE_INSUFFICIENT,,True,,,RANGE_EXPANSION|VOLUME_EXPANSION|TRADING_VALUE_EXPANSION,SCALE_UNAVAILABLE,OBSERVATION_INSUFFICIENT,2,0,0,False,0,0,False,INHERITED_RAW_PRICE_BASIS,True,False
2025-08-13|60310,2025-08-13,60310,09:30,10:05,35,COMPLETE,5,0,UP,1.278772378516624,SCALE_INSUFFICIENT,,True,,,RANGE_EXPANSION,SCALE_UNAVAILABLE,OBSERVATION_INSUFFICIENT,3,0,0,False,0,0,False,INHERITED_RAW_PRICE_BASIS,True,False
2025-08-13|60310,2025-08-13,60310,09:30,10:10,40,PARTIAL,3,2,,,SCALE_INSUFFICIENT,,True,,,,SCALE_UNAVAILABLE,OBSERVATION_INSUFFICIENT,1,0,0,False,0,0,False,INHERITED_RAW_PRICE_BASIS,False,False
2025-08-13|60310,2025-08-13,60310,09:30,10:15,45,PARTIAL,4,1,,,SCALE_INSUFFICIENT,,True,,,,CURRENT_BAR_UNAVAILABLE,WINDOW_OBSERVED,0,0,0,False,0,0,False,INHERITED_RAW_PRICE_BASIS,False,False
2025-08-13|60310,2025-08-13,60310,09:30,10:20,50,COMPLETE,5,0,UNCHANGED,0.0,SCALE_INSUFFICIENT,,True,,,,SCALE_UNAVAILABLE,OBSERVATION_INSUFFICIENT,2,0,0,False,0,0,False,INHERITED_RAW_PRICE_BASIS,False,False
2025-08-13|60310,2025-08-13,60310,09:30,10:25,55,COMPLETE,5,0,UP,0.5025125628140703,SCALE_INSUFFICIENT,,True,,,RANGE_EXPANSION|VOLUME_EXPANSION|TRADING_VALUE_EXPANSION,SCALE_UNAVAILABLE,OBSERVATION_INSUFFICIENT,3,0,0,False,0,0,False,INHERITED_RAW_PRICE_BASIS,True,False
2025-08-13|60310,2025-08-13,60310,09:30,10:30,60,PARTIAL,3,2,,,SCALE_INSUFFICIENT,,True,,,,SCALE_UNAVAILABLE,OBSERVATION_INSUFFICIENT,1,0,0,False,0,0,False,INHERITED_RAW_PRICE_BASIS,False,False
2025-08-13|60310,2025-08-13,60310,09:30,10:35,65,PARTIAL,4,1,,,SCALE_INSUFFICIENT,,True,,,,SCALE_UNAVAILABLE,OBSERVATION_INSUFFICIENT,1,0,0,False,0,0,False,INHERITED_RAW_PRICE_BASIS,False,False
2025-08-13|60310,2025-08-13,60310,09:30,10:40,70,COMPLETE,5,0,DOWN,-0.9876543209876543,SCALE_INSUFFICIENT,,True,,,,SCALE_UNAVAILABLE,OBSERVATION_INSUFFICIENT,2,0,0,False,0,0,False,INHERITED_RAW_PRICE_BASIS,False,False
2025-08-13|60310,2025-08-13,60310,09:30,10:45,75,PARTIAL,4,1,,,SCALE_INSUFFICIENT,,True,,,,SCALE_UNAVAILABLE,OBSERVATION_INSUFFICIENT,5,0,0,False,0,0,False,INHERITED_RAW_PRICE_BASIS,False,False
2025-08-13|60310,2025-08-13,60310,09:30,10:50,80,PARTIAL,4,1,,,SCALE_INSUFFICIENT,,True,,,,SCALE_UNAVAILABLE,OBSERVATION_INSUFFICIENT,7,0,0,False,0,0,False,INHERITED_RAW_PRICE_BASIS,False,False
2025-08-13|60310,2025-08-13,60310,09:30,10:55,85,PARTIAL,1,4,,,SCALE_INSUFFICIENT,,True,,,,CURRENT_BAR_UNAVAILABLE,OBSERVATION_INSUFFICIENT,5,0,0,False,0,0,False,INHERITED_RAW_PRICE_BASIS,False,False
2025-08-13|60310,2025-08-13,60310,09:30,11:00,90,PARTIAL,2,3,,,SCALE_INSUFFICIENT,,True,,,,SCALE_UNAVAILABLE,OBSERVATION_INSUFFICIENT,3,0,0,False,0,0,False,INHERITED_RAW_PRICE_BASIS,False,False
2025-08-13|60310,2025-08-13,60310,09:30,11:05,95,PARTIAL,3,2,,,SCALE_INSUFFICIENT,,True,,,,CURRENT_BAR_UNAVAILABLE,OBSERVATION_INSUFFICIENT,5,0,0,False,0,0,False,INHERITED_RAW_PRICE_BASIS,False,False
2025-08-13|60310,2025-08-13,60310,09:30,11:10,100,PARTIAL,4,1,,,SCALE_INSUFFICIENT,,True,,,,SCALE_UNAVAILABLE,OBSERVATION_INSUFFICIENT,8,0,0,False,0,0,False,INHERITED_RAW_PRICE_BASIS,False,False
2025-08-13|60310,2025-08-13,60310,09:30,11:15,105,PARTIAL,1,4,,,SCALE_INSUFFICIENT,,True,,,,SCALE_UNAVAILABLE,OBSERVATION_INSUFFICIENT,6,0,0,False,0,0,False,INHERITED_RAW_PRICE_BASIS,False,False
2025-08-13|60310,2025-08-13,60310,09:30,11:20,110,PARTIAL,1,4,,,SCALE_INSUFFICIENT,,True,,,,CURRENT_BAR_UNAVAILABLE,OBSERVATION_INSUFFICIENT,5,0,0,False,0,0,False,INHERITED_RAW_PRICE_BASIS,False,False
2025-08-13|60310,2025-08-13,60310,09:30,11:25,115,PARTIAL,3,2,,,SCALE_INSUFFICIENT,,True,,,,SCALE_UNAVAILABLE,OBSERVATION_INSUFFICIENT,5,0,0,False,0,0,False,INHERITED_RAW_PRICE_BASIS,False,False
2025-08-13|60310,2025-08-13,60310,09:30,11:30,120,PARTIAL,2,3,,,SCALE_INSUFFICIENT,,True,,,,SCALE_UNAVAILABLE,OBSERVATION_INSUFFICIENT,7,0,0,False,0,0,False,INHERITED_RAW_PRICE_BASIS,False,False
2025-08-13|60310,2025-08-13,60310,09:30,12:35,125,PARTIAL,3,2,,,SCALE_INSUFFICIENT,,True,,,,CURRENT_BAR_UNAVAILABLE,OBSERVATION_INSUFFICIENT,8,0,0,False,0,0,False,INHERITED_RAW_PRICE_BASIS,False,False
2025-08-13|60310,2025-08-13,60310,09:30,12:40,130,UNAVAILABLE,0,5,,,SCALE_INSUFFICIENT,,True,,,,CURRENT_BAR_UNAVAILABLE,OBSERVATION_INSUFFICIENT,8,0,0,False,0,0,False,INHERITED_RAW_PRICE_BASIS,False,False
2025-08-13|60310,2025-08-13,60310,09:30,12:45,135,PARTIAL,2,3,,,SCALE_INSUFFICIENT,,True,,,,CURRENT_BAR_UNAVAILABLE,OBSERVATION_INSUFFICIENT,8,0,0,False,0,0,False,INHERITED_RAW_PRICE_BASIS,False,False
2025-08-13|60310,2025-08-13,60310,09:30,12:50,140,UNAVAILABLE,0,5,,,SCALE_INSUFFICIENT,,True,,,,CURRENT_BAR_UNAVAILABLE,OBSERVATION_INSUFFICIENT,5,0,0,False,0,0,False,INHERITED_RAW_PRICE_BASIS,False,False
2025-08-13|60310,2025-08-13,60310,09:30,12:55,145,PARTIAL,2,3,,,SCALE_INSUFFICIENT,,True,,,,CURRENT_BAR_UNAVAILABLE,OBSERVATION_INSUFFICIENT,3,0,0,False,0,0,False,INHERITED_RAW_PRICE_BASIS,False,False
2025-08-13|60310,2025-08-13,60310,09:30,13:00,150,PARTIAL,3,2,,,SCALE_INSUFFICIENT,,True,,,,CURRENT_BAR_UNAVAILABLE,OBSERVATION_INSUFFICIENT,5,0,0,False,0,0,False,INHERITED_RAW_PRICE_BASIS,False,False
2025-08-13|60310,2025-08-13,60310,09:30,13:05,155,PARTIAL,4,1,,,SCALE_INSUFFICIENT,,True,,,,SCALE_UNAVAILABLE,OBSERVATION_INSUFFICIENT,9,0,0,False,0,0,False,INHERITED_RAW_PRICE_BASIS,False,False
2025-08-13|60310,2025-08-13,60310,09:30,13:10,160,PARTIAL,1,4,,,SCALE_INSUFFICIENT,,True,,,,CURRENT_BAR_UNAVAILABLE,OBSERVATION_INSUFFICIENT,7,0,0,False,0,0,False,INHERITED_RAW_PRICE_BASIS,False,False
2025-08-13|60310,2025-08-13,60310,09:30,13:15,165,UNAVAILABLE,0,5,,,SCALE_INSUFFICIENT,,True,,,,CURRENT_BAR_UNAVAILABLE,OBSERVATION_INSUFFICIENT,7,0,0,False,0,0,False,INHERITED_RAW_PRICE_BASIS,False,False
2025-08-13|60310,2025-08-13,60310,09:30,13:20,170,PARTIAL,3,2,,,SCALE_INSUFFICIENT,,True,,,,CURRENT_BAR_UNAVAILABLE,OBSERVATION_INSUFFICIENT,9,0,0,False,0,0,False,INHERITED_RAW_PRICE_BASIS,False,False
2025-08-13|60310,2025-08-13,60310,09:30,13:25,175,UNAVAILABLE,0,5,,,SCALE_INSUFFICIENT,,True,,,,CURRENT_BAR_UNAVAILABLE,OBSERVATION_INSUFFICIENT,4,0,0,False,0,0,False,INHERITED_RAW_PRICE_BASIS,False,False
2025-08-13|60310,2025-08-13,60310,09:30,13:30,180,PARTIAL,1,4,,,SCALE_INSUFFICIENT,,True,,,,CURRENT_BAR_UNAVAILABLE,OBSERVATION_INSUFFICIENT,4,0,0,False,0,0,False,INHERITED_RAW_PRICE_BASIS,False,False
2025-08-13|60310,2025-08-13,60310,09:30,13:35,185,COMPLETE,5,0,UP,1.0126582278481013,SCALE_INSUFFICIENT,,True,,,,SCALE_UNAVAILABLE,OBSERVATION_INSUFFICIENT,7,0,0,False,0,0,False,INHERITED_RAW_PRICE_BASIS,False,False
2025-08-13|60310,2025-08-13,60310,09:30,13:40,190,PARTIAL,1,4,,,SCALE_INSUFFICIENT,,True,,,,CURRENT_BAR_UNAVAILABLE,OBSERVATION_INSUFFICIENT,4,0,0,False,0,0,False,INHERITED_RAW_PRICE_BASIS,False,False
2025-08-13|60310,2025-08-13,60310,09:30,13:45,195,PARTIAL,2,3,,,SCALE_INSUFFICIENT,,True,,,,SCALE_UNAVAILABLE,OBSERVATION_INSUFFICIENT,3,0,0,False,0,0,False,INHERITED_RAW_PRICE_BASIS,False,False
2025-08-13|60310,2025-08-13,60310,09:30,13:50,200,PARTIAL,4,1,,,SCALE_INSUFFICIENT,,True,,,,SCALE_UNAVAILABLE,OBSERVATION_INSUFFICIENT,2,0,0,False,0,0,False,INHERITED_RAW_PRICE_BASIS,False,False
2025-08-13|60310,2025-08-13,60310,09:30,13:55,205,PARTIAL,3,2,,,SCALE_INSUFFICIENT,,True,,,,CURRENT_BAR_UNAVAILABLE,OBSERVATION_INSUFFICIENT,2,0,0,False,0,0,False,INHERITED_RAW_PRICE_BASIS,False,False
2025-08-13|60310,2025-08-13,60310,09:30,14:00,210,COMPLETE,5,0,DOWN,-0.75,SCALE_INSUFFICIENT,,True,,,,SCALE_UNAVAILABLE,OBSERVATION_INSUFFICIENT,5,0,0,False,0,0,False,INHERITED_RAW_PRICE_BASIS,False,False
2025-08-13|60310,2025-08-13,60310,09:30,14:05,215,PARTIAL,3,2,,,SCALE_INSUFFICIENT,,True,,,,CURRENT_BAR_UNAVAILABLE,OBSERVATION_INSUFFICIENT,4,0,0,False,0,0,False,INHERITED_RAW_PRICE_BASIS,False,False
2025-08-13|60310,2025-08-13,60310,09:30,14:10,220,PARTIAL,2,3,,,SCALE_INSUFFICIENT,,True,,,,CURRENT_BAR_UNAVAILABLE,OBSERVATION_INSUFFICIENT,3,0,0,False,0,0,False,INHERITED_RAW_PRICE_BASIS,False,False
2025-08-13|60310,2025-08-13,60310,09:30,14:15,225,PARTIAL,4,1,,,SCALE_INSUFFICIENT,,True,,,,SCALE_UNAVAILABLE,OBSERVATION_INSUFFICIENT,5,0,0,False,0,0,False,INHERITED_RAW_PRICE_BASIS,False,False
2025-08-13|60310,2025-08-13,60310,09:30,14:20,230,PARTIAL,3,2,,,SCALE_INSUFFICIENT,,True,,,,CURRENT_BAR_UNAVAILABLE,OBSERVATION_INSUFFICIENT,5,0,0,False,0,0,False,INHERITED_RAW_PRICE_BASIS,False,False
2025-08-13|60310,2025-08-13,60310,09:30,14:25,235,PARTIAL,2,3,,,SCALE_INSUFFICIENT,,True,,,,CURRENT_BAR_UNAVAILABLE,OBSERVATION_INSUFFICIENT,2,0,0,False,0,0,False,INHERITED_RAW_PRICE_BASIS,False,False
2025-08-13|60310,2025-08-13,60310,09:30,14:30,240,PARTIAL,3,2,,,SCALE_INSUFFICIENT,,True,,,,CURRENT_BAR_UNAVAILABLE,OBSERVATION_INSUFFICIENT,3,0,0,False,0,0,False,INHERITED_RAW_PRICE_BASIS,False,False
2025-08-13|60310,2025-08-13,60310,09:30,14:35,245,COMPLETE,5,0,DOWN,-0.25125628140703515,SCALE_INSUFFICIENT,,True,,,,SCALE_UNAVAILABLE,OBSERVATION_INSUFFICIENT,5,0,0,False,0,0,False,INHERITED_RAW_PRICE_BASIS,False,False
2025-08-13|60310,2025-08-13,60310,09:30,14:40,250,PARTIAL,2,3,,,SCALE_INSUFFICIENT,,True,,,,CURRENT_BAR_UNAVAILABLE,OBSERVATION_INSUFFICIENT,3,0,0,False,0,0,False,INHERITED_RAW_PRICE_BASIS,False,False
2025-08-13|60310,2025-08-13,60310,09:30,14:45,255,PARTIAL,3,2,,,SCALE_INSUFFICIENT,,True,,,,CURRENT_BAR_UNAVAILABLE,OBSERVATION_INSUFFICIENT,6,0,0,False,0,0,False,INHERITED_RAW_PRICE_BASIS,False,False
2025-08-13|60310,2025-08-13,60310,09:30,14:50,260,PARTIAL,4,1,,,SCALE_INSUFFICIENT,,True,,,,SCALE_UNAVAILABLE,OBSERVATION_INSUFFICIENT,9,0,0,False,0,0,False,INHERITED_RAW_PRICE_BASIS,False,False
2025-08-13|60310,2025-08-13,60310,09:30,14:55,265,UNAVAILABLE,0,5,,,SCALE_INSUFFICIENT,,True,,,,CURRENT_BAR_UNAVAILABLE,OBSERVATION_INSUFFICIENT,7,0,0,False,0,0,False,INHERITED_RAW_PRICE_BASIS,False,False
2025-08-13|60310,2025-08-13,60310,09:30,15:00,270,PARTIAL,1,4,,,SCALE_INSUFFICIENT,,True,,,,CURRENT_BAR_UNAVAILABLE,OBSERVATION_INSUFFICIENT,4,0,0,False,0,0,False,INHERITED_RAW_PRICE_BASIS,False,False
2025-08-13|60310,2025-08-13,60310,09:30,15:05,275,PARTIAL,2,3,,,SCALE_INSUFFICIENT,,True,,,,CURRENT_BAR_UNAVAILABLE,OBSERVATION_INSUFFICIENT,4,0,0,False,0,0,False,INHERITED_RAW_PRICE_BASIS,False,False
2025-08-13|60310,2025-08-13,60310,09:30,15:10,280,PARTIAL,4,1,,,SCALE_INSUFFICIENT,,True,,,,SCALE_UNAVAILABLE,OBSERVATION_INSUFFICIENT,4,0,0,False,0,0,False,INHERITED_RAW_PRICE_BASIS,False,False
2025-08-13|60310,2025-08-13,60310,09:30,15:15,285,PARTIAL,2,3,,,SCALE_INSUFFICIENT,,True,,,,CURRENT_BAR_UNAVAILABLE,OBSERVATION_INSUFFICIENT,3,0,0,False,0,0,False,INHERITED_RAW_PRICE_BASIS,False,False
2025-08-13|60310,2025-08-13,60310,09:30,15:20,290,PARTIAL,4,1,,,SCALE_INSUFFICIENT,,True,,,,SCALE_UNAVAILABLE,RIGHT_CENSORED,2,0,0,False,0,0,False,INHERITED_RAW_PRICE_BASIS,False,False
2025-08-13|60310,2025-08-13,60310,09:30,15:25,295,PARTIAL,3,2,,,SCALE_INSUFFICIENT,,True,,,,SCALE_UNAVAILABLE,RIGHT_CENSORED,0,0,0,False,0,0,False,INHERITED_RAW_PRICE_BASIS,False,False
2025-08-13|62320,2025-08-13,62320,11:00,11:00,0,COMPLETE,5,0,DOWN,-0.41118421052631576,AVAILABLE,6.0,True,,,VOLUME_EXPANSION|TRADING_VALUE_EXPANSION,UNRESOLVED_STRUCTURE,WINDOW_OBSERVED,0,0,1,False,1,1,False,INHERITED_RAW_PRICE_BASIS,False,False
2025-08-13|62320,2025-08-13,62320,11:00,11:05,5,COMPLETE,5,0,DOWN,-0.41288191577208916,AVAILABLE,6.0,True,,,VOLUME_COMPRESSION|TRADING_VALUE_COMPRESSION,UNRESOLVED_STRUCTURE,WINDOW_OBSERVED,0,0,1,False,0,0,False,INHERITED_RAW_PRICE_BASIS,True,False
2025-08-13|62320,2025-08-13,62320,11:00,11:10,10,COMPLETE,5,0,UP,0.41459369817578773,AVAILABLE,6.0,True,,RECOVERY,CHOPPINESS,UNRESOLVED_STRUCTURE,WINDOW_OBSERVED,0,0,2,False,0,0,True,INHERITED_RAW_PRICE_BASIS,True,True
2025-08-13|62320,2025-08-13,62320,11:00,11:15,15,COMPLETE,5,0,UP,0.9917355371900827,AVAILABLE,6.0,True,,RECOVERY,RANGE_EXPANSION|VOLUME_EXPANSION|TRADING_VALUE_EXPANSION,UNRESOLVED_STRUCTURE,WINDOW_OBSERVED,0,0,2,False,0,0,True,INHERITED_RAW_PRICE_BASIS,True,False
2025-08-13|62320,2025-08-13,62320,11:00,11:20,20,COMPLETE,5,0,UP,0.08196721311475409,AVAILABLE,6.0,True,,RECOVERY,CHOPPINESS|RANGE_COMPRESSION,UNRESOLVED_STRUCTURE,WINDOW_OBSERVED,0,0,2,False,0,0,True,INHERITED_RAW_PRICE_BASIS,True,False
2025-08-13|62320,2025-08-13,62320,11:00,11:25,25,COMPLETE,5,0,UP,0.2457002457002457,AVAILABLE,6.0,True,,RECOVERY,,UNRESOLVED_STRUCTURE,WINDOW_OBSERVED,0,0,2,False,0,0,True,INHERITED_RAW_PRICE_BASIS,True,False
2025-08-13|62320,2025-08-13,62320,11:00,11:30,30,COMPLETE,5,0,DOWN,-0.3262642740619902,AVAILABLE,6.0,True,,RECOVERY,,UNRESOLVED_STRUCTURE,WINDOW_OBSERVED,0,0,2,False,0,0,True,INHERITED_RAW_PRICE_BASIS,True,False
2025-08-13|62320,2025-08-13,62320,11:00,12:35,35,COMPLETE,5,0,DOWN,-0.4914004914004914,AVAILABLE,6.0,True,,,,UNRESOLVED_STRUCTURE,WINDOW_OBSERVED,0,1,1,False,0,0,False,INHERITED_RAW_PRICE_BASIS,True,True
2025-08-13|62320,2025-08-13,62320,11:00,12:40,40,COMPLETE,5,0,UP,0.41118421052631576,AVAILABLE,6.0,True,,,CHOPPINESS|RANGE_COMPRESSION|VOLUME_COMPRESSION|TRADING_VALUE_COMPRESSION,UNRESOLVED_STRUCTURE,WINDOW_OBSERVED,0,1,4,False,0,0,False,INHERITED_RAW_PRICE_BASIS,True,False
2025-08-13|62320,2025-08-13,62320,11:00,12:45,45,COMPLETE,5,0,DOWN,-0.2457002457002457,AVAILABLE,6.0,True,,,,UNRESOLVED_STRUCTURE,WINDOW_OBSERVED,0,1,4,False,3,0,False,INHERITED_RAW_PRICE_BASIS,True,False
2025-08-13|62320,2025-08-13,62320,11:00,12:50,50,COMPLETE,5,0,DOWN,-0.16420361247947454,AVAILABLE,6.0,True,,,CHOPPINESS,UNRESOLVED_STRUCTURE,WINDOW_OBSERVED,0,0,4,False,1,1,False,INHERITED_RAW_PRICE_BASIS,True,False
2025-08-13|62320,2025-08-13,62320,11:00,12:55,55,COMPLETE,5,0,DOWN,-0.08196721311475409,AVAILABLE,6.0,True,,,RANGE_COMPRESSION|VOLUME_COMPRESSION|TRADING_VALUE_COMPRESSION,UNRESOLVED_STRUCTURE,WINDOW_OBSERVED,0,0,4,False,1,0,False,INHERITED_RAW_PRICE_BASIS,True,False
2025-08-13|62320,2025-08-13,62320,11:00,13:00,60,COMPLETE,5,0,UP,0.3286770747740345,AVAILABLE,6.0,True,DOWN_STRUCTURE,CORRECTION,RANGE_EXPANSION|VOLUME_EXPANSION|TRADING_VALUE_EXPANSION,IDENTIFIED,WINDOW_OBSERVED,0,0,5,False,4,2,True,INHERITED_RAW_PRICE_BASIS,True,True
2025-08-13|62320,2025-08-13,62320,11:00,13:05,65,COMPLETE,5,0,DOWN,-0.08169934640522876,AVAILABLE,6.0,True,UP_STRUCTURE,RECOVERY,CHOPPINESS|VOLUME_COMPRESSION|TRADING_VALUE_COMPRESSION,IDENTIFIED,WINDOW_OBSERVED,0,1,7,False,1,2,True,INHERITED_RAW_PRICE_BASIS,True,True
2025-08-13|62320,2025-08-13,62320,11:00,13:10,70,COMPLETE,5,0,UP,0.32733224222585927,AVAILABLE,6.0,True,UP_STRUCTURE,RECOVERY,VOLUME_COMPRESSION|TRADING_VALUE_COMPRESSION,IDENTIFIED,WINDOW_OBSERVED,0,1,7,False,1,0,True,INHERITED_RAW_PRICE_BASIS,True,False
2025-08-13|62320,2025-08-13,62320,11:00,13:15,75,COMPLETE,5,0,UP,0.16286644951140064,AVAILABLE,6.0,True,UP_STRUCTURE,,CHOPPINESS|VOLUME_EXPANSION|TRADING_VALUE_EXPANSION,IDENTIFIED,WINDOW_OBSERVED,0,1,8,False,3,2,True,INHERITED_RAW_PRICE_BASIS,True,True
2025-08-13|62320,2025-08-13,62320,11:00,13:20,80,COMPLETE,5,0,DOWN,-0.3252032520325203,AVAILABLE,6.0,True,UP_STRUCTURE,CORRECTION,RANGE_COMPRESSION|VOLUME_COMPRESSION|TRADING_VALUE_COMPRESSION,IDENTIFIED,WINDOW_OBSERVED,0,1,8,False,2,3,True,INHERITED_RAW_PRICE_BASIS,True,True
2025-08-13|62320,2025-08-13,62320,11:00,13:25,85,COMPLETE,5,0,DOWN,-0.4078303425774878,AVAILABLE,6.0,True,UP_STRUCTURE,CORRECTION,,IDENTIFIED,WINDOW_OBSERVED,0,0,8,False,0,0,True,INHERITED_RAW_PRICE_BASIS,True,False
2025-08-13|62320,2025-08-13,62320,11:00,13:30,90,COMPLETE,5,0,UP,0.0819000819000819,AVAILABLE,6.0,True,,RESTRUCTURING,,UNRESOLVED_STRUCTURE,OBSERVATION_INSUFFICIENT,1,0,8,False,0,2,True,INHERITED_RAW_PRICE_BASIS,True,True
2025-08-13|62320,2025-08-13,62320,11:00,13:35,95,COMPLETE,5,0,DOWN,-0.8176614881439084,AVAILABLE,6.0,True,,RESTRUCTURING,RANGE_EXPANSION|VOLUME_EXPANSION|TRADING_VALUE_EXPANSION,UNRESOLVED_STRUCTURE,OBSERVATION_INSUFFICIENT,1,0,8,False,1,1,True,INHERITED_RAW_PRICE_BASIS,True,False
2025-08-13|62320,2025-08-13,62320,11:00,13:40,100,PARTIAL,4,1,,,AVAILABLE,6.0,True,,,,CURRENT_BAR_UNAVAILABLE,OBSERVATION_INSUFFICIENT,1,0,0,False,0,0,False,INHERITED_RAW_PRICE_BASIS,False,False
2025-08-13|62320,2025-08-13,62320,11:00,13:45,105,COMPLETE,5,0,UP,0.16488046166529266,AVAILABLE,6.0,True,,,,UNRESOLVED_STRUCTURE,OBSERVATION_INSUFFICIENT,1,0,0,False,0,0,False,INHERITED_RAW_PRICE_BASIS,False,False
2025-08-13|62320,2025-08-13,62320,11:00,13:50,110,PARTIAL,4,1,,,AVAILABLE,6.0,True,,,,UNRESOLVED_STRUCTURE,WINDOW_OBSERVED,0,0,0,False,0,0,False,INHERITED_RAW_PRICE_BASIS,False,False
2025-08-13|62320,2025-08-13,62320,11:00,13:55,115,COMPLETE,5,0,DOWN,-0.411522633744856,AVAILABLE,6.0,True,,,,UNRESOLVED_STRUCTURE,WINDOW_OBSERVED,0,0,0,False,0,0,False,INHERITED_RAW_PRICE_BASIS,False,False
2025-08-13|62320,2025-08-13,62320,11:00,14:00,120,COMPLETE,5,0,UP,0.2477291494632535,AVAILABLE,6.0,True,,,CHOPPINESS,UNRESOLVED_STRUCTURE,OBSERVATION_INSUFFICIENT,1,0,0,False,0,0,False,INHERITED_RAW_PRICE_BASIS,True,False
2025-08-13|62320,2025-08-13,62320,11:00,14:05,125,COMPLETE,5,0,DOWN,-0.08237232289950576,AVAILABLE,6.0,True,,,CHOPPINESS,UNRESOLVED_STRUCTURE,OBSERVATION_INSUFFICIENT,2,0,0,False,0,0,False,INHERITED_RAW_PRICE_BASIS,True,False
2025-08-13|62320,2025-08-13,62320,11:00,14:10,130,PARTIAL,4,1,,,AVAILABLE,6.0,True,,,,UNRESOLVED_STRUCTURE,OBSERVATION_INSUFFICIENT,2,0,0,False,0,0,False,INHERITED_RAW_PRICE_BASIS,False,False
2025-08-13|62320,2025-08-13,62320,11:00,14:15,135,PARTIAL,4,1,,,AVAILABLE,6.0,True,,,,UNRESOLVED_STRUCTURE,OBSERVATION_INSUFFICIENT,1,0,0,False,0,0,False,INHERITED_RAW_PRICE_BASIS,False,False
2025-08-13|62320,2025-08-13,62320,11:00,14:20,140,PARTIAL,4,1,,,AVAILABLE,6.0,True,,,,UNRESOLVED_STRUCTURE,WINDOW_OBSERVED,0,1,1,False,0,0,False,INHERITED_RAW_PRICE_BASIS,False,False
2025-08-13|62320,2025-08-13,62320,11:00,14:25,145,COMPLETE,5,0,UP,0.5789909015715468,AVAILABLE,6.0,True,,,,UNRESOLVED_STRUCTURE,WINDOW_OBSERVED,0,0,1,False,0,0,False,INHERITED_RAW_PRICE_BASIS,False,False
2025-08-13|62320,2025-08-13,62320,11:00,14:30,150,COMPLETE,5,0,UNCHANGED,0.0,AVAILABLE,6.0,True,,,RANGE_COMPRESSION,UNRESOLVED_STRUCTURE,OBSERVATION_INSUFFICIENT,1,0,1,False,0,0,False,INHERITED_RAW_PRICE_BASIS,True,False
2025-08-13|62320,2025-08-13,62320,11:00,14:35,155,COMPLETE,5,0,UNCHANGED,0.0,AVAILABLE,6.0,True,,,RANGE_EXPANSION,UNRESOLVED_STRUCTURE,OBSERVATION_INSUFFICIENT,1,0,2,False,0,0,False,INHERITED_RAW_PRICE_BASIS,True,False
2025-08-13|62320,2025-08-13,62320,11:00,14:40,160,PARTIAL,4,1,,,AVAILABLE,6.0,True,,,,UNRESOLVED_STRUCTURE,OBSERVATION_INSUFFICIENT,1,0,0,False,0,0,False,INHERITED_RAW_PRICE_BASIS,False,False
2025-08-13|62320,2025-08-13,62320,11:00,14:45,165,COMPLETE,5,0,UP,0.16447368421052633,AVAILABLE,6.0,True,,,CHOPPINESS,UNRESOLVED_STRUCTURE,OBSERVATION_INSUFFICIENT,1,0,0,False,0,0,False,INHERITED_RAW_PRICE_BASIS,False,False
2025-08-13|62320,2025-08-13,62320,11:00,14:50,170,PARTIAL,4,1,,,AVAILABLE,6.0,True,,,,CURRENT_BAR_UNAVAILABLE,WINDOW_OBSERVED,0,0,0,False,0,0,False,INHERITED_RAW_PRICE_BASIS,False,False
2025-08-13|62320,2025-08-13,62320,11:00,14:55,175,COMPLETE,5,0,UP,0.08223684210526316,AVAILABLE,6.0,True,,,CHOPPINESS,UNRESOLVED_STRUCTURE,WINDOW_OBSERVED,0,1,1,False,0,0,False,INHERITED_RAW_PRICE_BASIS,False,False
2025-08-13|62320,2025-08-13,62320,11:00,15:00,180,COMPLETE,5,0,UP,0.16393442622950818,AVAILABLE,6.0,True,,,CHOPPINESS,UNRESOLVED_STRUCTURE,WINDOW_OBSERVED,0,1,2,False,0,0,False,INHERITED_RAW_PRICE_BASIS,True,False
2025-08-13|62320,2025-08-13,62320,11:00,15:05,185,COMPLETE,5,0,DOWN,-0.7364975450081833,AVAILABLE,6.0,True,,,RANGE_EXPANSION|VOLUME_EXPANSION|TRADING_VALUE_EXPANSION,UNRESOLVED_STRUCTURE,WINDOW_OBSERVED,0,1,3,False,2,2,False,INHERITED_RAW_PRICE_BASIS,True,False
2025-08-13|62320,2025-08-13,62320,11:00,15:10,190,COMPLETE,5,0,UP,0.6600660066006601,AVAILABLE,6.0,True,DOWN_STRUCTURE,,,IDENTIFIED,WINDOW_OBSERVED,0,1,4,False,3,3,True,INHERITED_RAW_PRICE_BASIS,True,False
2025-08-13|62320,2025-08-13,62320,11:00,15:15,195,COMPLETE,5,0,UNCHANGED,0.0,AVAILABLE,6.0,True,DOWN_STRUCTURE,PROGRESSION,RANGE_COMPRESSION|VOLUME_COMPRESSION|TRADING_VALUE_COMPRESSION,IDENTIFIED,WINDOW_OBSERVED,0,1,4,False,0,0,True,INHERITED_RAW_PRICE_BASIS,True,True
2025-08-13|62320,2025-08-13,62320,11:00,15:20,200,COMPLETE,5,0,DOWN,-0.41186161449752884,AVAILABLE,6.0,True,DOWN_STRUCTURE,CORRECTION|RECOVERY,RANGE_EXPANSION|VOLUME_EXPANSION|TRADING_VALUE_EXPANSION,IDENTIFIED,RIGHT_CENSORED,0,1,5,False,2,2,True,INHERITED_RAW_PRICE_BASIS,True,True
2025-08-13|62320,2025-08-13,62320,11:00,15:25,205,COMPLETE,5,0,UP,0.3308519437551696,AVAILABLE,6.0,True,DOWN_STRUCTURE,PROGRESSION,RANGE_EXPANSION,IDENTIFIED,RIGHT_CENSORED,0,0,6,False,1,1,True,INHERITED_RAW_PRICE_BASIS,True,True
2025-08-13|63400,2025-08-13,63400,14:30,14:30,0,PARTIAL,4,1,,,SCALE_INSUFFICIENT,,True,,,,SCALE_UNAVAILABLE,OBSERVATION_INSUFFICIENT,1,0,0,False,0,0,False,INHERITED_RAW_PRICE_BASIS,False,False
2025-08-13|63400,2025-08-13,63400,14:30,14:35,5,COMPLETE,5,0,DOWN,-1.5804597701149425,SCALE_INSUFFICIENT,,True,,,,SCALE_UNAVAILABLE,OBSERVATION_INSUFFICIENT,2,0,0,False,0,0,False,INHERITED_RAW_PRICE_BASIS,False,False
2025-08-13|63400,2025-08-13,63400,14:30,14:40,10,PARTIAL,4,1,,,SCALE_INSUFFICIENT,,True,,,,SCALE_UNAVAILABLE,OBSERVATION_INSUFFICIENT,3,0,0,False,0,0,False,INHERITED_RAW_PRICE_BASIS,False,False
2025-08-13|63400,2025-08-13,63400,14:30,14:45,15,PARTIAL,4,1,,,SCALE_INSUFFICIENT,,True,,,,CURRENT_BAR_UNAVAILABLE,OBSERVATION_INSUFFICIENT,3,0,0,False,0,0,False,INHERITED_RAW_PRICE_BASIS,False,False
2025-08-13|63400,2025-08-13,63400,14:30,14:50,20,PARTIAL,3,2,,,SCALE_INSUFFICIENT,,True,,,,SCALE_UNAVAILABLE,OBSERVATION_INSUFFICIENT,2,0,0,False,0,0,False,INHERITED_RAW_PRICE_BASIS,False,False
2025-08-13|63400,2025-08-13,63400,14:30,14:55,25,PARTIAL,4,1,,,SCALE_INSUFFICIENT,,True,,,,SCALE_UNAVAILABLE,OBSERVATION_INSUFFICIENT,2,0,0,False,0,0,False,INHERITED_RAW_PRICE_BASIS,False,False
2025-08-13|63400,2025-08-13,63400,14:30,15:00,30,PARTIAL,4,1,,,SCALE_INSUFFICIENT,,True,,,,SCALE_UNAVAILABLE,OBSERVATION_INSUFFICIENT,2,0,0,False,0,0,False,INHERITED_RAW_PRICE_BASIS,False,False
2025-08-13|63400,2025-08-13,63400,14:30,15:05,35,PARTIAL,4,1,,,SCALE_INSUFFICIENT,,True,,,,SCALE_UNAVAILABLE,OBSERVATION_INSUFFICIENT,2,0,0,False,0,0,False,INHERITED_RAW_PRICE_BASIS,False,False
2025-08-13|63400,2025-08-13,63400,14:30,15:10,40,PARTIAL,4,1,,,SCALE_INSUFFICIENT,,True,,,,SCALE_UNAVAILABLE,OBSERVATION_INSUFFICIENT,2,0,0,False,0,0,False,INHERITED_RAW_PRICE_BASIS,False,False
2025-08-13|63400,2025-08-13,63400,14:30,15:15,45,PARTIAL,4,1,,,SCALE_INSUFFICIENT,,True,,,,CURRENT_BAR_UNAVAILABLE,OBSERVATION_INSUFFICIENT,2,0,0,False,0,0,False,INHERITED_RAW_PRICE_BASIS,False,False
2025-08-13|63400,2025-08-13,63400,14:30,15:20,50,PARTIAL,4,1,,,SCALE_INSUFFICIENT,,True,,,,SCALE_UNAVAILABLE,RIGHT_CENSORED,1,0,0,False,0,0,False,INHERITED_RAW_PRICE_BASIS,False,False
2025-08-13|63400,2025-08-13,63400,14:30,15:25,55,PARTIAL,4,1,,,SCALE_INSUFFICIENT,,True,,,,SCALE_UNAVAILABLE,RIGHT_CENSORED,0,0,0,False,0,0,False,INHERITED_RAW_PRICE_BASIS,False,False
2025-08-13|66200,2025-08-13,66200,13:30,13:30,0,COMPLETE,5,0,DOWN,-0.6298110566829951,AVAILABLE,17.0,True,,RECOVERY,RANGE_EXPANSION|VOLUME_EXPANSION|TRADING_VALUE_EXPANSION,UNRESOLVED_STRUCTURE,WINDOW_OBSERVED,0,1,2,False,2,1,True,INHERITED_RAW_PRICE_BASIS,False,False
2025-08-13|66200,2025-08-13,66200,13:30,13:35,5,COMPLETE,5,0,UP,0.9859154929577465,AVAILABLE,17.0,True,,RECOVERY,RANGE_COMPRESSION|VOLUME_COMPRESSION|TRADING_VALUE_COMPRESSION,UNRESOLVED_STRUCTURE,WINDOW_OBSERVED,0,0,2,False,0,0,True,INHERITED_RAW_PRICE_BASIS,True,False
2025-08-13|66200,2025-08-13,66200,13:30,13:40,10,COMPLETE,5,0,DOWN,-0.5582693649685974,AVAILABLE,17.0,True,,,VOLUME_EXPANSION|TRADING_VALUE_EXPANSION,UNRESOLVED_STRUCTURE,WINDOW_OBSERVED,0,1,3,False,0,0,False,INHERITED_RAW_PRICE_BASIS,True,True
2025-08-13|66200,2025-08-13,66200,13:30,13:45,15,COMPLETE,5,0,DOWN,-1.7543859649122806,AVAILABLE,17.0,True,,,RANGE_EXPANSION,UNRESOLVED_STRUCTURE,WINDOW_OBSERVED,0,0,3,False,1,1,False,INHERITED_RAW_PRICE_BASIS,True,False
2025-08-13|66200,2025-08-13,66200,13:30,13:50,20,COMPLETE,5,0,DOWN,-0.9285714285714286,AVAILABLE,17.0,True,DOWN_STRUCTURE,PROGRESSION,VOLUME_EXPANSION|TRADING_VALUE_EXPANSION,IDENTIFIED,WINDOW_OBSERVED,0,0,5,False,4,5,True,INHERITED_RAW_PRICE_BASIS,True,True
2025-08-13|66200,2025-08-13,66200,13:30,13:55,25,COMPLETE,5,0,UP,0.5043227665706052,AVAILABLE,17.0,True,DOWN_STRUCTURE,PROGRESSION,RANGE_COMPRESSION|VOLUME_COMPRESSION|TRADING_VALUE_COMPRESSION,IDENTIFIED,WINDOW_OBSERVED,0,0,5,False,2,0,True,INHERITED_RAW_PRICE_BASIS,True,False
2025-08-13|66200,2025-08-13,66200,13:30,14:00,30,COMPLETE,5,0,UP,0.21505376344086022,AVAILABLE,17.0,True,DOWN_STRUCTURE,CORRECTION|RECOVERY,RANGE_EXPANSION,IDENTIFIED,WINDOW_OBSERVED,0,1,6,False,4,4,True,INHERITED_RAW_PRICE_BASIS,True,True
2025-08-13|66200,2025-08-13,66200,13:30,14:05,35,COMPLETE,5,0,UP,0.2147458840372226,AVAILABLE,17.0,True,DOWN_STRUCTURE,CORRECTION|RECOVERY,CHOPPINESS,IDENTIFIED,WINDOW_OBSERVED,0,0,6,False,2,0,True,INHERITED_RAW_PRICE_BASIS,True,False
2025-08-13|66200,2025-08-13,66200,13:30,14:10,40,COMPLETE,5,0,DOWN,-0.7142857142857143,AVAILABLE,17.0,True,,RESTRUCTURING,RANGE_EXPANSION,UNRESOLVED_STRUCTURE,WINDOW_OBSERVED,0,0,7,False,1,2,True,INHERITED_RAW_PRICE_BASIS,True,True
2025-08-13|66200,2025-08-13,66200,13:30,14:15,45,COMPLETE,5,0,DOWN,-0.5046863734679163,AVAILABLE,17.0,True,,RESTRUCTURING,CHOPPINESS|RANGE_COMPRESSION,UNRESOLVED_STRUCTURE,WINDOW_OBSERVED,0,0,7,False,1,1,True,INHERITED_RAW_PRICE_BASIS,True,False
2025-08-13|66200,2025-08-13,66200,13:30,14:20,50,COMPLETE,5,0,DOWN,-0.9420289855072463,AVAILABLE,17.0,True,,RESTRUCTURING,VOLUME_EXPANSION|TRADING_VALUE_EXPANSION,UNRESOLVED_STRUCTURE,WINDOW_OBSERVED,0,0,7,False,1,1,True,INHERITED_RAW_PRICE_BASIS,True,False
2025-08-13|66200,2025-08-13,66200,13:30,14:25,55,COMPLETE,5,0,UNCHANGED,0.0,AVAILABLE,17.0,True,,RESTRUCTURING|RECOVERY,CHOPPINESS|VOLUME_COMPRESSION|TRADING_VALUE_COMPRESSION,UNRESOLVED_STRUCTURE,WINDOW_OBSERVED,0,1,8,False,1,1,True,INHERITED_RAW_PRICE_BASIS,True,True
2025-08-13|66200,2025-08-13,66200,13:30,14:30,60,COMPLETE,5,0,UP,0.07278020378457059,AVAILABLE,17.0,True,,RESTRUCTURING|RECOVERY,CHOPPINESS|RANGE_COMPRESSION|VOLUME_COMPRESSION|TRADING_VALUE_COMPRESSION,UNRESOLVED_STRUCTURE,WINDOW_OBSERVED,0,1,8,False,0,0,True,INHERITED_RAW_PRICE_BASIS,True,False
2025-08-13|66200,2025-08-13,66200,13:30,14:35,65,COMPLETE,5,0,UP,0.07267441860465117,AVAILABLE,17.0,True,DOWN_STRUCTURE,PROGRESSION,CHOPPINESS|VOLUME_EXPANSION|TRADING_VALUE_EXPANSION,IDENTIFIED,WINDOW_OBSERVED,0,1,9,False,5,4,True,INHERITED_RAW_PRICE_BASIS,True,True
2025-08-13|66200,2025-08-13,66200,13:30,14:40,70,COMPLETE,5,0,UP,0.29048656499636893,AVAILABLE,17.0,True,DOWN_STRUCTURE,PROGRESSION,,IDENTIFIED,WINDOW_OBSERVED,0,1,9,False,0,0,True,INHERITED_RAW_PRICE_BASIS,True,False
2025-08-13|66200,2025-08-13,66200,13:30,14:45,75,COMPLETE,5,0,DOWN,-2.0260492040520983,AVAILABLE,17.0,True,DOWN_STRUCTURE,PROGRESSION,RANGE_EXPANSION|VOLUME_EXPANSION|TRADING_VALUE_EXPANSION,IDENTIFIED,WINDOW_OBSERVED,0,0,9,False,2,2,True,INHERITED_RAW_PRICE_BASIS,True,False
2025-08-13|66200,2025-08-13,66200,13:30,14:50,80,COMPLETE,5,0,UP,0.22189349112426035,AVAILABLE,17.0,True,DOWN_STRUCTURE,CORRECTION|RECOVERY,CHOPPINESS|RANGE_COMPRESSION|VOLUME_EXPANSION|TRADING_VALUE_EXPANSION,IDENTIFIED,WINDOW_OBSERVED,0,1,10,False,4,2,True,INHERITED_RAW_PRICE_BASIS,True,True
2025-08-13|66200,2025-08-13,66200,13:30,14:55,85,COMPLETE,5,0,UP,0.5162241887905604,AVAILABLE,17.0,True,DOWN_STRUCTURE,CORRECTION|RECOVERY,VOLUME_COMPRESSION|TRADING_VALUE_COMPRESSION,IDENTIFIED,WINDOW_OBSERVED,0,0,10,False,2,2,True,INHERITED_RAW_PRICE_BASIS,True,False
2025-08-13|66200,2025-08-13,66200,13:30,15:00,90,COMPLETE,5,0,UP,1.3196480938416422,AVAILABLE,17.0,True,DOWN_STRUCTURE,,VOLUME_COMPRESSION|TRADING_VALUE_COMPRESSION,IDENTIFIED,WINDOW_OBSERVED,0,1,11,False,0,0,True,INHERITED_RAW_PRICE_BASIS,True,True
2025-08-13|66200,2025-08-13,66200,13:30,15:05,95,COMPLETE,5,0,DOWN,-2.023121387283237,AVAILABLE,17.0,True,DOWN_STRUCTURE,PROGRESSION,RANGE_EXPANSION|VOLUME_EXPANSION|TRADING_VALUE_EXPANSION,IDENTIFIED,WINDOW_OBSERVED,0,0,11,False,0,0,True,INHERITED_RAW_PRICE_BASIS,True,True
2025-08-13|66200,2025-08-13,66200,13:30,15:10,100,COMPLETE,5,0,DOWN,-1.1799410029498525,AVAILABLE,17.0,True,DOWN_STRUCTURE,PROGRESSION,RANGE_COMPRESSION|VOLUME_EXPANSION|TRADING_VALUE_EXPANSION,IDENTIFIED,WINDOW_OBSERVED,0,0,11,False,2,2,True,INHERITED_RAW_PRICE_BASIS,True,False
2025-08-13|66200,2025-08-13,66200,13:30,15:15,105,COMPLETE,5,0,DOWN,-0.5965697240865027,AVAILABLE,17.0,True,DOWN_STRUCTURE,PROGRESSION,VOLUME_COMPRESSION|TRADING_VALUE_COMPRESSION,IDENTIFIED,WINDOW_OBSERVED,0,0,11,False,1,1,True,INHERITED_RAW_PRICE_BASIS,True,False
2025-08-13|66200,2025-08-13,66200,13:30,15:20,110,COMPLETE,5,0,DOWN,-0.22488755622188905,AVAILABLE,17.0,True,DOWN_STRUCTURE,PROGRESSION,CHOPPINESS|RANGE_COMPRESSION,IDENTIFIED,RIGHT_CENSORED,0,0,11,False,3,1,True,INHERITED_RAW_PRICE_BASIS,True,False
2025-08-13|66200,2025-08-13,66200,13:30,15:25,115,COMPLETE,5,0,UP,0.975975975975976,AVAILABLE,17.0,True,DOWN_STRUCTURE,PROGRESSION,RANGE_EXPANSION|VOLUME_EXPANSION|TRADING_VALUE_EXPANSION,IDENTIFIED,RIGHT_CENSORED,0,0,11,False,0,1,True,INHERITED_RAW_PRICE_BASIS,True,False
2025-08-13|66350,2025-08-13,66350,13:30,13:30,0,PARTIAL,2,3,,,SCALE_INSUFFICIENT,,True,,,,CURRENT_BAR_UNAVAILABLE,OBSERVATION_INSUFFICIENT,7,0,0,False,0,0,False,INHERITED_RAW_PRICE_BASIS,False,False
2025-08-13|66350,2025-08-13,66350,13:30,13:35,5,PARTIAL,2,3,,,SCALE_INSUFFICIENT,,True,,,,CURRENT_BAR_UNAVAILABLE,OBSERVATION_INSUFFICIENT,7,0,0,False,0,0,False,INHERITED_RAW_PRICE_BASIS,False,False
2025-08-13|66350,2025-08-13,66350,13:30,13:40,10,PARTIAL,1,4,,,SCALE_INSUFFICIENT,,True,,,,CURRENT_BAR_UNAVAILABLE,OBSERVATION_INSUFFICIENT,6,0,0,False,0,0,False,INHERITED_RAW_PRICE_BASIS,False,False
2025-08-13|66350,2025-08-13,66350,13:30,13:45,15,PARTIAL,2,3,,,SCALE_INSUFFICIENT,,True,,,,CURRENT_BAR_UNAVAILABLE,OBSERVATION_INSUFFICIENT,8,0,0,False,0,0,False,INHERITED_RAW_PRICE_BASIS,False,False
2025-08-13|66350,2025-08-13,66350,13:30,13:50,20,PARTIAL,2,3,,,SCALE_INSUFFICIENT,,True,,,,SCALE_UNAVAILABLE,OBSERVATION_INSUFFICIENT,10,0,0,False,0,0,False,INHERITED_RAW_PRICE_BASIS,False,False
2025-08-13|66350,2025-08-13,66350,13:30,13:55,25,UNAVAILABLE,0,5,,,SCALE_INSUFFICIENT,,True,,,,CURRENT_BAR_UNAVAILABLE,OBSERVATION_INSUFFICIENT,9,0,0,False,0,0,False,INHERITED_RAW_PRICE_BASIS,False,False
2025-08-13|66350,2025-08-13,66350,13:30,14:00,30,UNAVAILABLE,0,5,,,SCALE_INSUFFICIENT,,True,,,,CURRENT_BAR_UNAVAILABLE,OBSERVATION_INSUFFICIENT,9,0,0,False,0,0,False,INHERITED_RAW_PRICE_BASIS,False,False
2025-08-13|66350,2025-08-13,66350,13:30,14:05,35,PARTIAL,1,4,,,SCALE_INSUFFICIENT,,True,,,,CURRENT_BAR_UNAVAILABLE,OBSERVATION_INSUFFICIENT,8,0,0,False,0,0,False,INHERITED_RAW_PRICE_BASIS,False,False
2025-08-13|66350,2025-08-13,66350,13:30,14:10,40,UNAVAILABLE,0,5,,,SCALE_INSUFFICIENT,,True,,,,CURRENT_BAR_UNAVAILABLE,OBSERVATION_INSUFFICIENT,6,0,0,False,0,0,False,INHERITED_RAW_PRICE_BASIS,False,False
2025-08-13|66350,2025-08-13,66350,13:30,14:15,45,PARTIAL,2,3,,,SCALE_INSUFFICIENT,,True,,,,SCALE_UNAVAILABLE,OBSERVATION_INSUFFICIENT,8,0,0,False,2,0,False,INHERITED_RAW_PRICE_BASIS,False,False
2025-08-13|66350,2025-08-13,66350,13:30,14:20,50,PARTIAL,2,3,,,SCALE_INSUFFICIENT,,True,,,,CURRENT_BAR_UNAVAILABLE,OBSERVATION_INSUFFICIENT,10,0,0,False,2,2,False,INHERITED_RAW_PRICE_BASIS,False,False
2025-08-13|66350,2025-08-13,66350,13:30,14:25,55,UNAVAILABLE,0,5,,,SCALE_INSUFFICIENT,,True,,,,CURRENT_BAR_UNAVAILABLE,OBSERVATION_INSUFFICIENT,10,0,0,False,0,0,False,INHERITED_RAW_PRICE_BASIS,False,False
2025-08-13|66350,2025-08-13,66350,13:30,14:30,60,UNAVAILABLE,0,5,,,SCALE_INSUFFICIENT,,True,,,,CURRENT_BAR_UNAVAILABLE,OBSERVATION_INSUFFICIENT,10,0,0,False,0,0,False,INHERITED_RAW_PRICE_BASIS,False,False
2025-08-13|66350,2025-08-13,66350,13:30,14:35,65,UNAVAILABLE,0,5,,,SCALE_INSUFFICIENT,,True,,,,CURRENT_BAR_UNAVAILABLE,OBSERVATION_INSUFFICIENT,8,0,0,False,0,0,False,INHERITED_RAW_PRICE_BASIS,False,False
2025-08-13|66350,2025-08-13,66350,13:30,14:40,70,UNAVAILABLE,0,5,,,SCALE_INSUFFICIENT,,True,,,,CURRENT_BAR_UNAVAILABLE,OBSERVATION_INSUFFICIENT,6,0,0,False,0,0,False,INHERITED_RAW_PRICE_BASIS,False,False
2025-08-13|66350,2025-08-13,66350,13:30,14:45,75,PARTIAL,2,3,,,SCALE_INSUFFICIENT,,True,,,,SCALE_UNAVAILABLE,OBSERVATION_INSUFFICIENT,8,0,0,False,0,0,False,INHERITED_RAW_PRICE_BASIS,False,False
2025-08-13|66350,2025-08-13,66350,13:30,14:50,80,PARTIAL,2,3,,,SCALE_INSUFFICIENT,,True,,,,CURRENT_BAR_UNAVAILABLE,OBSERVATION_INSUFFICIENT,10,0,0,False,2,0,False,INHERITED_RAW_PRICE_BASIS,False,False
2025-08-13|66350,2025-08-13,66350,13:30,14:55,85,UNAVAILABLE,0,5,,,SCALE_INSUFFICIENT,,True,,,,CURRENT_BAR_UNAVAILABLE,OBSERVATION_INSUFFICIENT,10,0,0,False,0,0,False,INHERITED_RAW_PRICE_BASIS,False,False
2025-08-13|66350,2025-08-13,66350,13:30,15:00,90,UNAVAILABLE,0,5,,,SCALE_INSUFFICIENT,,True,,,,CURRENT_BAR_UNAVAILABLE,OBSERVATION_INSUFFICIENT,10,0,0,False,0,0,False,INHERITED_RAW_PRICE_BASIS,False,False
2025-08-13|66350,2025-08-13,66350,13:30,15:05,95,UNAVAILABLE,0,5,,,SCALE_INSUFFICIENT,,True,,,,CURRENT_BAR_UNAVAILABLE,OBSERVATION_INSUFFICIENT,10,0,0,False,0,0,False,INHERITED_RAW_PRICE_BASIS,False,False
2025-08-13|66350,2025-08-13,66350,13:30,15:10,100,UNAVAILABLE,0,5,,,SCALE_INSUFFICIENT,,True,,,,CURRENT_BAR_UNAVAILABLE,OBSERVATION_INSUFFICIENT,9,0,0,False,0,0,False,INHERITED_RAW_PRICE_BASIS,False,False
2025-08-13|66350,2025-08-13,66350,13:30,15:15,105,UNAVAILABLE,0,5,,,SCALE_INSUFFICIENT,,True,,,,CURRENT_BAR_UNAVAILABLE,OBSERVATION_INSUFFICIENT,7,0,0,False,0,0,False,INHERITED_RAW_PRICE_BASIS,False,False
2025-08-13|66350,2025-08-13,66350,13:30,15:20,110,PARTIAL,1,4,,,SCALE_INSUFFICIENT,,True,,,,SCALE_UNAVAILABLE,RIGHT_CENSORED,3,0,0,False,0,0,False,INHERITED_RAW_PRICE_BASIS,False,False
2025-08-13|66350,2025-08-13,66350,13:30,15:25,115,PARTIAL,2,3,,,SCALE_INSUFFICIENT,,True,,,,SCALE_UNAVAILABLE,RIGHT_CENSORED,0,0,0,False,0,0,False,INHERITED_RAW_PRICE_BASIS,False,False
2025-08-13|68400,2025-08-13,68400,10:00,10:00,0,COMPLETE,5,0,DOWN,-0.8426966292134831,SCALE_INSUFFICIENT,,True,,,,SCALE_UNAVAILABLE,WINDOW_OBSERVED,0,0,0,False,0,0,False,INHERITED_RAW_PRICE_BASIS,False,False
2025-08-13|68400,2025-08-13,68400,10:00,10:05,5,COMPLETE,5,0,DOWN,-0.28328611898017,SCALE_INSUFFICIENT,,True,,,VOLUME_EXPANSION|TRADING_VALUE_EXPANSION,SCALE_UNAVAILABLE,WINDOW_OBSERVED,0,0,0,False,1,2,False,INHERITED_RAW_PRICE_BASIS,True,False
2025-08-13|68400,2025-08-13,68400,10:00,10:10,10,COMPLETE,5,0,UP,0.2849002849002849,SCALE_INSUFFICIENT,,True,,,RANGE_COMPRESSION|VOLUME_COMPRESSION|TRADING_VALUE_COMPRESSION,SCALE_UNAVAILABLE,OBSERVATION_INSUFFICIENT,1,0,0,False,0,0,False,INHERITED_RAW_PRICE_BASIS,True,False
2025-08-13|68400,2025-08-13,68400,10:00,10:15,15,COMPLETE,5,0,DOWN,-0.2840909090909091,SCALE_INSUFFICIENT,,True,,,VOLUME_COMPRESSION|TRADING_VALUE_COMPRESSION,SCALE_UNAVAILABLE,OBSERVATION_INSUFFICIENT,2,0,0,False,0,0,False,INHERITED_RAW_PRICE_BASIS,True,False
2025-08-13|68400,2025-08-13,68400,10:00,10:20,20,PARTIAL,4,1,,,SCALE_INSUFFICIENT,,True,,,,SCALE_UNAVAILABLE,OBSERVATION_INSUFFICIENT,1,0,0,False,0,0,False,INHERITED_RAW_PRICE_BASIS,False,False
2025-08-13|68400,2025-08-13,68400,10:00,10:25,25,PARTIAL,4,1,,,SCALE_INSUFFICIENT,,True,,,,SCALE_UNAVAILABLE,OBSERVATION_INSUFFICIENT,1,0,0,False,0,0,False,INHERITED_RAW_PRICE_BASIS,False,False
2025-08-13|68400,2025-08-13,68400,10:00,10:30,30,COMPLETE,5,0,UP,1.1363636363636365,SCALE_INSUFFICIENT,,True,,,,SCALE_UNAVAILABLE,OBSERVATION_INSUFFICIENT,1,0,0,False,0,0,False,INHERITED_RAW_PRICE_BASIS,False,False
2025-08-13|68400,2025-08-13,68400,10:00,10:35,35,PARTIAL,4,1,,,SCALE_INSUFFICIENT,,True,,,,CURRENT_BAR_UNAVAILABLE,WINDOW_OBSERVED,0,0,0,False,0,0,False,INHERITED_RAW_PRICE_BASIS,False,False
2025-08-13|68400,2025-08-13,68400,10:00,10:40,40,COMPLETE,5,0,UNCHANGED,0.0,SCALE_INSUFFICIENT,,True,,,,SCALE_UNAVAILABLE,WINDOW_OBSERVED,0,0,0,False,0,0,False,INHERITED_RAW_PRICE_BASIS,False,False
2025-08-13|68400,2025-08-13,68400,10:00,10:45,45,COMPLETE,5,0,UNCHANGED,0.0,SCALE_INSUFFICIENT,,True,,,RANGE_COMPRESSION|VOLUME_COMPRESSION|TRADING_VALUE_COMPRESSION,SCALE_UNAVAILABLE,OBSERVATION_INSUFFICIENT,1,0,0,False,0,0,False,INHERITED_RAW_PRICE_BASIS,True,False
2025-08-13|68400,2025-08-13,68400,10:00,10:50,50,COMPLETE,5,0,DOWN,-0.2777777777777778,SCALE_INSUFFICIENT,,True,,,RANGE_EXPANSION|VOLUME_EXPANSION|TRADING_VALUE_EXPANSION,SCALE_UNAVAILABLE,OBSERVATION_INSUFFICIENT,4,0,0,False,0,0,False,INHERITED_RAW_PRICE_BASIS,True,False
2025-08-13|68400,2025-08-13,68400,10:00,10:55,55,PARTIAL,4,1,,,SCALE_INSUFFICIENT,,True,,,,SCALE_UNAVAILABLE,OBSERVATION_INSUFFICIENT,5,0,0,False,0,0,False,INHERITED_RAW_PRICE_BASIS,False,False
2025-08-13|68400,2025-08-13,68400,10:00,11:00,60,PARTIAL,2,3,,,SCALE_INSUFFICIENT,,True,,,,CURRENT_BAR_UNAVAILABLE,OBSERVATION_INSUFFICIENT,2,0,0,False,0,0,False,INHERITED_RAW_PRICE_BASIS,False,False
2025-08-13|68400,2025-08-13,68400,10:00,11:05,65,PARTIAL,3,2,,,SCALE_INSUFFICIENT,,True,,,,SCALE_UNAVAILABLE,OBSERVATION_INSUFFICIENT,2,0,0,False,0,0,False,INHERITED_RAW_PRICE_BASIS,False,False
2025-08-13|68400,2025-08-13,68400,10:00,11:10,70,COMPLETE,5,0,UP,0.5586592178770949,SCALE_INSUFFICIENT,,True,,,,SCALE_UNAVAILABLE,OBSERVATION_INSUFFICIENT,6,0,0,False,0,0,False,INHERITED_RAW_PRICE_BASIS,False,False
2025-08-13|68400,2025-08-13,68400,10:00,11:15,75,PARTIAL,3,2,,,SCALE_INSUFFICIENT,,True,,,,CURRENT_BAR_UNAVAILABLE,OBSERVATION_INSUFFICIENT,4,0,0,False,0,0,False,INHERITED_RAW_PRICE_BASIS,False,False
2025-08-13|68400,2025-08-13,68400,10:00,11:20,80,PARTIAL,1,4,,,SCALE_INSUFFICIENT,,True,,,,CURRENT_BAR_UNAVAILABLE,OBSERVATION_INSUFFICIENT,1,0,0,False,0,0,False,INHERITED_RAW_PRICE_BASIS,False,False
2025-08-13|68400,2025-08-13,68400,10:00,11:25,85,COMPLETE,5,0,UP,0.2785515320334262,SCALE_INSUFFICIENT,,True,,,,SCALE_UNAVAILABLE,OBSERVATION_INSUFFICIENT,2,0,0,False,0,0,False,INHERITED_RAW_PRICE_BASIS,False,False
2025-08-13|68400,2025-08-13,68400,10:00,11:30,90,PARTIAL,4,1,,,SCALE_INSUFFICIENT,,True,,,,SCALE_UNAVAILABLE,OBSERVATION_INSUFFICIENT,1,0,0,False,0,0,False,INHERITED_RAW_PRICE_BASIS,False,False
2025-08-13|68400,2025-08-13,68400,10:00,12:35,95,PARTIAL,4,1,,,SCALE_INSUFFICIENT,,True,,,,CURRENT_BAR_UNAVAILABLE,OBSERVATION_INSUFFICIENT,3,0,0,False,0,0,False,INHERITED_RAW_PRICE_BASIS,False,False
2025-08-13|68400,2025-08-13,68400,10:00,12:40,100,COMPLETE,5,0,UP,0.5698005698005698,SCALE_INSUFFICIENT,,True,,,,SCALE_UNAVAILABLE,OBSERVATION_INSUFFICIENT,4,0,0,False,0,0,False,INHERITED_RAW_PRICE_BASIS,False,False
2025-08-13|68400,2025-08-13,68400,10:00,12:45,105,PARTIAL,2,3,,,SCALE_INSUFFICIENT,,True,,,,CURRENT_BAR_UNAVAILABLE,OBSERVATION_INSUFFICIENT,2,0,0,False,0,0,False,INHERITED_RAW_PRICE_BASIS,False,False
2025-08-13|68400,2025-08-13,68400,10:00,12:50,110,PARTIAL,4,1,,,SCALE_INSUFFICIENT,,True,,,,SCALE_UNAVAILABLE,OBSERVATION_INSUFFICIENT,1,0,0,False,0,0,False,INHERITED_RAW_PRICE_BASIS,False,False
2025-08-13|68400,2025-08-13,68400,10:00,12:55,115,PARTIAL,4,1,,,SCALE_INSUFFICIENT,,True,,,,SCALE_UNAVAILABLE,OBSERVATION_INSUFFICIENT,2,0,0,False,0,0,False,INHERITED_RAW_PRICE_BASIS,False,False
2025-08-13|68400,2025-08-13,68400,10:00,13:00,120,COMPLETE,5,0,UP,0.2840909090909091,SCALE_INSUFFICIENT,,True,,,,SCALE_UNAVAILABLE,OBSERVATION_INSUFFICIENT,3,0,0,False,0,0,False,INHERITED_RAW_PRICE_BASIS,False,False
2025-08-13|68400,2025-08-13,68400,10:00,13:05,125,PARTIAL,3,2,,,SCALE_INSUFFICIENT,,True,,,,SCALE_UNAVAILABLE,OBSERVATION_INSUFFICIENT,2,0,0,False,0,0,False,INHERITED_RAW_PRICE_BASIS,False,False
2025-08-13|68400,2025-08-13,68400,10:00,13:10,130,PARTIAL,4,1,,,SCALE_INSUFFICIENT,,True,,,,SCALE_UNAVAILABLE,OBSERVATION_INSUFFICIENT,3,0,0,False,0,0,False,INHERITED_RAW_PRICE_BASIS,False,False
2025-08-13|68400,2025-08-13,68400,10:00,13:15,135,PARTIAL,4,1,,,SCALE_INSUFFICIENT,,True,,,,SCALE_UNAVAILABLE,OBSERVATION_INSUFFICIENT,3,0,0,False,0,0,False,INHERITED_RAW_PRICE_BASIS,False,False
2025-08-13|68400,2025-08-13,68400,10:00,13:20,140,PARTIAL,3,2,,,SCALE_INSUFFICIENT,,True,,,,CURRENT_BAR_UNAVAILABLE,OBSERVATION_INSUFFICIENT,4,0,0,False,0,0,False,INHERITED_RAW_PRICE_BASIS,False,False
2025-08-13|68400,2025-08-13,68400,10:00,13:25,145,PARTIAL,4,1,,,SCALE_INSUFFICIENT,,True,,,,SCALE_UNAVAILABLE,OBSERVATION_INSUFFICIENT,4,0,0,False,0,0,False,INHERITED_RAW_PRICE_BASIS,False,False
2025-08-13|68400,2025-08-13,68400,10:00,13:30,150,PARTIAL,2,3,,,SCALE_INSUFFICIENT,,True,,,,CURRENT_BAR_UNAVAILABLE,OBSERVATION_INSUFFICIENT,4,0,0,False,0,6,False,INHERITED_RAW_PRICE_BASIS,False,False
2025-08-13|68400,2025-08-13,68400,10:00,13:35,155,PARTIAL,4,1,,,SCALE_INSUFFICIENT,,True,,,,SCALE_UNAVAILABLE,OBSERVATION_INSUFFICIENT,7,0,0,False,0,2,False,INHERITED_RAW_PRICE_BASIS,False,False
2025-08-13|68400,2025-08-13,68400,10:00,13:40,160,PARTIAL,2,3,,,SCALE_INSUFFICIENT,,True,,,,SCALE_UNAVAILABLE,OBSERVATION_INSUFFICIENT,7,0,0,False,0,2,False,INHERITED_RAW_PRICE_BASIS,False,False
2025-08-13|68400,2025-08-13,68400,10:00,13:45,165,PARTIAL,1,4,,,SCALE_INSUFFICIENT,,True,,,,CURRENT_BAR_UNAVAILABLE,OBSERVATION_INSUFFICIENT,6,0,0,False,0,0,False,INHERITED_RAW_PRICE_BASIS,False,False
2025-08-13|68400,2025-08-13,68400,10:00,13:50,170,PARTIAL,2,3,,,SCALE_INSUFFICIENT,,True,,,,CURRENT_BAR_UNAVAILABLE,OBSERVATION_INSUFFICIENT,7,0,0,False,0,0,False,INHERITED_RAW_PRICE_BASIS,False,False
2025-08-13|68400,2025-08-13,68400,10:00,13:55,175,PARTIAL,2,3,,,SCALE_INSUFFICIENT,,True,,,,CURRENT_BAR_UNAVAILABLE,OBSERVATION_INSUFFICIENT,7,0,0,False,0,0,False,INHERITED_RAW_PRICE_BASIS,False,False
2025-08-13|68400,2025-08-13,68400,10:00,14:00,180,PARTIAL,1,4,,,SCALE_INSUFFICIENT,,True,,,,CURRENT_BAR_UNAVAILABLE,OBSERVATION_INSUFFICIENT,7,0,0,False,0,0,False,INHERITED_RAW_PRICE_BASIS,False,False
2025-08-13|68400,2025-08-13,68400,10:00,14:05,185,PARTIAL,2,3,,,SCALE_INSUFFICIENT,,True,,,,CURRENT_BAR_UNAVAILABLE,OBSERVATION_INSUFFICIENT,5,0,0,False,0,0,False,INHERITED_RAW_PRICE_BASIS,False,False
2025-08-13|68400,2025-08-13,68400,10:00,14:10,190,PARTIAL,1,4,,,SCALE_INSUFFICIENT,,True,,,,CURRENT_BAR_UNAVAILABLE,OBSERVATION_INSUFFICIENT,5,0,0,False,0,0,False,INHERITED_RAW_PRICE_BASIS,False,False
2025-08-13|68400,2025-08-13,68400,10:00,14:15,195,PARTIAL,4,1,,,SCALE_INSUFFICIENT,,True,,,,CURRENT_BAR_UNAVAILABLE,OBSERVATION_INSUFFICIENT,7,0,0,False,2,3,False,INHERITED_RAW_PRICE_BASIS,False,False
2025-08-13|68400,2025-08-13,68400,10:00,14:20,200,PARTIAL,1,4,,,SCALE_INSUFFICIENT,,True,,,,CURRENT_BAR_UNAVAILABLE,OBSERVATION_INSUFFICIENT,4,0,0,False,0,0,False,INHERITED_RAW_PRICE_BASIS,False,False
2025-08-13|68400,2025-08-13,68400,10:00,14:25,205,PARTIAL,2,3,,,SCALE_INSUFFICIENT,,True,,,,CURRENT_BAR_UNAVAILABLE,OBSERVATION_INSUFFICIENT,1,0,0,False,0,0,False,INHERITED_RAW_PRICE_BASIS,False,False
2025-08-13|68400,2025-08-13,68400,10:00,14:30,210,PARTIAL,4,1,,,SCALE_INSUFFICIENT,,True,,,,SCALE_UNAVAILABLE,OBSERVATION_INSUFFICIENT,2,0,0,False,0,2,False,INHERITED_RAW_PRICE_BASIS,False,False
2025-08-13|68400,2025-08-13,68400,10:00,14:35,215,COMPLETE,5,0,DOWN,-0.5763688760806917,SCALE_INSUFFICIENT,,True,,,,SCALE_UNAVAILABLE,OBSERVATION_INSUFFICIENT,6,0,0,False,0,1,False,INHERITED_RAW_PRICE_BASIS,False,False
2025-08-13|68400,2025-08-13,68400,10:00,14:40,220,PARTIAL,3,2,,,SCALE_INSUFFICIENT,,True,,,,CURRENT_BAR_UNAVAILABLE,OBSERVATION_INSUFFICIENT,5,0,0,False,0,3,False,INHERITED_RAW_PRICE_BASIS,False,False
2025-08-13|68400,2025-08-13,68400,10:00,14:45,225,PARTIAL,1,4,,,SCALE_INSUFFICIENT,,True,,,,SCALE_UNAVAILABLE,OBSERVATION_INSUFFICIENT,2,0,0,False,0,0,False,INHERITED_RAW_PRICE_BASIS,False,False
2025-08-13|68400,2025-08-13,68400,10:00,14:50,230,PARTIAL,4,1,,,SCALE_INSUFFICIENT,,True,,,,SCALE_UNAVAILABLE,OBSERVATION_INSUFFICIENT,2,0,0,False,0,0,False,INHERITED_RAW_PRICE_BASIS,False,False
2025-08-13|68400,2025-08-13,68400,10:00,14:55,235,PARTIAL,4,1,,,SCALE_INSUFFICIENT,,True,,,,SCALE_UNAVAILABLE,OBSERVATION_INSUFFICIENT,2,0,0,False,0,0,False,INHERITED_RAW_PRICE_BASIS,False,False
2025-08-13|68400,2025-08-13,68400,10:00,15:00,240,PARTIAL,4,1,,,SCALE_INSUFFICIENT,,True,,,,SCALE_UNAVAILABLE,OBSERVATION_INSUFFICIENT,6,0,0,False,0,0,False,INHERITED_RAW_PRICE_BASIS,False,False
2025-08-13|68400,2025-08-13,68400,10:00,15:05,245,PARTIAL,4,1,,,SCALE_INSUFFICIENT,,True,,,,SCALE_UNAVAILABLE,OBSERVATION_INSUFFICIENT,8,0,0,False,0,0,False,INHERITED_RAW_PRICE_BASIS,False,False
2025-08-13|68400,2025-08-13,68400,10:00,15:10,250,UNAVAILABLE,0,5,,,SCALE_INSUFFICIENT,,True,,,,CURRENT_BAR_UNAVAILABLE,OBSERVATION_INSUFFICIENT,6,0,0,False,0,0,False,INHERITED_RAW_PRICE_BASIS,False,False
2025-08-13|68400,2025-08-13,68400,10:00,15:15,255,PARTIAL,2,3,,,SCALE_INSUFFICIENT,,True,,,,CURRENT_BAR_UNAVAILABLE,OBSERVATION_INSUFFICIENT,4,0,0,False,0,0,False,INHERITED_RAW_PRICE_BASIS,False,False
2025-08-13|68400,2025-08-13,68400,10:00,15:20,260,PARTIAL,2,3,,,SCALE_INSUFFICIENT,,True,,,,SCALE_UNAVAILABLE,RIGHT_CENSORED,1,0,0,False,0,0,False,INHERITED_RAW_PRICE_BASIS,False,False
2025-08-13|68400,2025-08-13,68400,10:00,15:25,265,PARTIAL,4,1,,,SCALE_INSUFFICIENT,,True,,,,CURRENT_BAR_UNAVAILABLE,RIGHT_CENSORED,0,0,0,False,0,4,False,INHERITED_RAW_PRICE_BASIS,False,False
2025-08-13|70390,2025-08-13,70390,13:00,13:00,0,PARTIAL,2,3,,,SCALE_INSUFFICIENT,,True,,,,CURRENT_BAR_UNAVAILABLE,OBSERVATION_INSUFFICIENT,7,0,0,False,4,0,False,INHERITED_RAW_PRICE_BASIS,False,False
2025-08-13|70390,2025-08-13,70390,13:00,13:05,5,PARTIAL,1,4,,,SCALE_INSUFFICIENT,,True,,,,CURRENT_BAR_UNAVAILABLE,OBSERVATION_INSUFFICIENT,8,0,0,False,0,0,False,INHERITED_RAW_PRICE_BASIS,False,False
2025-08-13|70390,2025-08-13,70390,13:00,13:10,10,PARTIAL,2,3,,,SCALE_INSUFFICIENT,,True,,,,CURRENT_BAR_UNAVAILABLE,OBSERVATION_INSUFFICIENT,9,0,0,False,1,0,False,INHERITED_RAW_PRICE_BASIS,False,False
2025-08-13|70390,2025-08-13,70390,13:00,13:15,15,UNAVAILABLE,0,5,,,SCALE_INSUFFICIENT,,True,,,,CURRENT_BAR_UNAVAILABLE,OBSERVATION_INSUFFICIENT,9,0,0,False,0,0,False,INHERITED_RAW_PRICE_BASIS,False,False
2025-08-13|70390,2025-08-13,70390,13:00,13:20,20,PARTIAL,1,4,,,SCALE_INSUFFICIENT,,True,,,,CURRENT_BAR_UNAVAILABLE,OBSERVATION_INSUFFICIENT,9,0,0,False,0,0,False,INHERITED_RAW_PRICE_BASIS,False,False
2025-08-13|70390,2025-08-13,70390,13:00,13:25,25,UNAVAILABLE,0,5,,,SCALE_INSUFFICIENT,,True,,,,CURRENT_BAR_UNAVAILABLE,OBSERVATION_INSUFFICIENT,9,0,0,False,0,0,False,INHERITED_RAW_PRICE_BASIS,False,False
2025-08-13|70390,2025-08-13,70390,13:00,13:30,30,PARTIAL,1,4,,,SCALE_INSUFFICIENT,,True,,,,CURRENT_BAR_UNAVAILABLE,OBSERVATION_INSUFFICIENT,10,0,0,False,0,0,False,INHERITED_RAW_PRICE_BASIS,False,False
2025-08-13|70390,2025-08-13,70390,13:00,13:35,35,UNAVAILABLE,0,5,,,SCALE_INSUFFICIENT,,True,,,,CURRENT_BAR_UNAVAILABLE,OBSERVATION_INSUFFICIENT,8,0,0,False,0,0,False,INHERITED_RAW_PRICE_BASIS,False,False
2025-08-13|70390,2025-08-13,70390,13:00,13:40,40,UNAVAILABLE,0,5,,,SCALE_INSUFFICIENT,,True,,,,CURRENT_BAR_UNAVAILABLE,OBSERVATION_INSUFFICIENT,8,0,0,False,0,0,False,INHERITED_RAW_PRICE_BASIS,False,False
2025-08-13|70390,2025-08-13,70390,13:00,13:45,45,PARTIAL,2,3,,,SCALE_INSUFFICIENT,,True,,,,CURRENT_BAR_UNAVAILABLE,OBSERVATION_INSUFFICIENT,9,0,0,False,0,0,False,INHERITED_RAW_PRICE_BASIS,False,False
2025-08-13|70390,2025-08-13,70390,13:00,13:50,50,UNAVAILABLE,0,5,,,SCALE_INSUFFICIENT,,True,,,,CURRENT_BAR_UNAVAILABLE,OBSERVATION_INSUFFICIENT,8,0,0,False,0,0,False,INHERITED_RAW_PRICE_BASIS,False,False
2025-08-13|70390,2025-08-13,70390,13:00,13:55,55,PARTIAL,1,4,,,SCALE_INSUFFICIENT,,True,,,,CURRENT_BAR_UNAVAILABLE,OBSERVATION_INSUFFICIENT,9,0,0,False,0,0,False,INHERITED_RAW_PRICE_BASIS,False,False
2025-08-13|70390,2025-08-13,70390,13:00,14:00,60,PARTIAL,1,4,,,SCALE_INSUFFICIENT,,True,,,,CURRENT_BAR_UNAVAILABLE,OBSERVATION_INSUFFICIENT,10,0,0,False,0,0,False,INHERITED_RAW_PRICE_BASIS,False,False
2025-08-13|70390,2025-08-13,70390,13:00,14:05,65,UNAVAILABLE,0,5,,,SCALE_INSUFFICIENT,,True,,,,CURRENT_BAR_UNAVAILABLE,OBSERVATION_INSUFFICIENT,10,0,0,False,0,0,False,INHERITED_RAW_PRICE_BASIS,False,False
2025-08-13|70390,2025-08-13,70390,13:00,14:10,70,UNAVAILABLE,0,5,,,SCALE_INSUFFICIENT,,True,,,,CURRENT_BAR_UNAVAILABLE,OBSERVATION_INSUFFICIENT,9,0,0,False,0,0,False,INHERITED_RAW_PRICE_BASIS,False,False
2025-08-13|70390,2025-08-13,70390,13:00,14:15,75,UNAVAILABLE,0,5,,,SCALE_INSUFFICIENT,,True,,,,CURRENT_BAR_UNAVAILABLE,OBSERVATION_INSUFFICIENT,9,0,0,False,0,0,False,INHERITED_RAW_PRICE_BASIS,False,False
2025-08-13|70390,2025-08-13,70390,13:00,14:20,80,PARTIAL,1,4,,,SCALE_INSUFFICIENT,,True,,,,CURRENT_BAR_UNAVAILABLE,OBSERVATION_INSUFFICIENT,10,0,0,False,0,0,False,INHERITED_RAW_PRICE_BASIS,False,False
2025-08-13|70390,2025-08-13,70390,13:00,14:25,85,UNAVAILABLE,0,5,,,SCALE_INSUFFICIENT,,True,,,,CURRENT_BAR_UNAVAILABLE,OBSERVATION_INSUFFICIENT,8,0,0,False,0,0,False,INHERITED_RAW_PRICE_BASIS,False,False
2025-08-13|70390,2025-08-13,70390,13:00,14:30,90,UNAVAILABLE,0,5,,,SCALE_INSUFFICIENT,,True,,,,CURRENT_BAR_UNAVAILABLE,OBSERVATION_INSUFFICIENT,7,0,0,False,0,0,False,INHERITED_RAW_PRICE_BASIS,False,False
2025-08-13|70390,2025-08-13,70390,13:00,14:35,95,PARTIAL,2,3,,,SCALE_INSUFFICIENT,,True,,,,SCALE_UNAVAILABLE,OBSERVATION_INSUFFICIENT,8,0,0,False,0,0,False,INHERITED_RAW_PRICE_BASIS,False,False
2025-08-13|70390,2025-08-13,70390,13:00,14:40,100,PARTIAL,1,4,,,SCALE_INSUFFICIENT,,True,,,,CURRENT_BAR_UNAVAILABLE,OBSERVATION_INSUFFICIENT,8,0,0,False,0,0,False,INHERITED_RAW_PRICE_BASIS,False,False
2025-08-13|70390,2025-08-13,70390,13:00,14:45,105,PARTIAL,1,4,,,SCALE_INSUFFICIENT,,True,,,,CURRENT_BAR_UNAVAILABLE,OBSERVATION_INSUFFICIENT,8,0,0,False,0,0,False,INHERITED_RAW_PRICE_BASIS,False,False
2025-08-13|70390,2025-08-13,70390,13:00,14:50,110,PARTIAL,1,4,,,SCALE_INSUFFICIENT,,True,,,,CURRENT_BAR_UNAVAILABLE,OBSERVATION_INSUFFICIENT,9,0,0,False,0,0,False,INHERITED_RAW_PRICE_BASIS,False,False
2025-08-13|70390,2025-08-13,70390,13:00,14:55,115,PARTIAL,1,4,,,SCALE_INSUFFICIENT,,True,,,,SCALE_UNAVAILABLE,OBSERVATION_INSUFFICIENT,8,0,0,False,0,0,False,INHERITED_RAW_PRICE_BASIS,False,False
2025-08-13|70390,2025-08-13,70390,13:00,15:00,120,UNAVAILABLE,0,5,,,SCALE_INSUFFICIENT,,True,,,,CURRENT_BAR_UNAVAILABLE,OBSERVATION_INSUFFICIENT,8,0,0,False,0,0,False,INHERITED_RAW_PRICE_BASIS,False,False
2025-08-13|70390,2025-08-13,70390,13:00,15:05,125,PARTIAL,2,3,,,SCALE_INSUFFICIENT,,True,,,,SCALE_UNAVAILABLE,OBSERVATION_INSUFFICIENT,10,0,0,False,0,0,False,INHERITED_RAW_PRICE_BASIS,False,False
2025-08-13|70390,2025-08-13,70390,13:00,15:10,130,UNAVAILABLE,0,5,,,SCALE_INSUFFICIENT,,True,,,,CURRENT_BAR_UNAVAILABLE,OBSERVATION_INSUFFICIENT,10,0,0,False,0,0,False,INHERITED_RAW_PRICE_BASIS,False,False
2025-08-13|70390,2025-08-13,70390,13:00,15:15,135,UNAVAILABLE,0,5,,,SCALE_INSUFFICIENT,,True,,,,CURRENT_BAR_UNAVAILABLE,OBSERVATION_INSUFFICIENT,9,0,0,False,0,0,False,INHERITED_RAW_PRICE_BASIS,False,False
2025-08-13|70390,2025-08-13,70390,13:00,15:20,140,UNAVAILABLE,0,5,,,SCALE_INSUFFICIENT,,True,,,,CURRENT_BAR_UNAVAILABLE,RIGHT_CENSORED,4,0,0,False,0,0,False,INHERITED_RAW_PRICE_BASIS,False,False
2025-08-13|70390,2025-08-13,70390,13:00,15:25,145,PARTIAL,1,4,,,SCALE_INSUFFICIENT,,True,,,,CURRENT_BAR_UNAVAILABLE,RIGHT_CENSORED,0,0,0,False,0,0,False,INHERITED_RAW_PRICE_BASIS,False,False
2025-08-13|70900,2025-08-13,70900,10:30,10:30,0,PARTIAL,1,4,,,SCALE_INSUFFICIENT,,True,,,,CURRENT_BAR_UNAVAILABLE,OBSERVATION_INSUFFICIENT,8,0,0,False,0,0,False,INHERITED_RAW_PRICE_BASIS,False,False
2025-08-13|70900,2025-08-13,70900,10:30,10:35,5,PARTIAL,1,4,,,SCALE_INSUFFICIENT,,True,,,,CURRENT_BAR_UNAVAILABLE,OBSERVATION_INSUFFICIENT,9,0,0,False,0,0,False,INHERITED_RAW_PRICE_BASIS,False,False
2025-08-13|70900,2025-08-13,70900,10:30,10:40,10,PARTIAL,1,4,,,SCALE_INSUFFICIENT,,True,,,,CURRENT_BAR_UNAVAILABLE,OBSERVATION_INSUFFICIENT,10,0,0,False,0,0,False,INHERITED_RAW_PRICE_BASIS,False,False
2025-08-13|70900,2025-08-13,70900,10:30,10:45,15,UNAVAILABLE,0,5,,,SCALE_INSUFFICIENT,,True,,,,CURRENT_BAR_UNAVAILABLE,OBSERVATION_INSUFFICIENT,10,0,0,False,0,0,False,INHERITED_RAW_PRICE_BASIS,False,False
2025-08-13|70900,2025-08-13,70900,10:30,10:50,20,UNAVAILABLE,0,5,,,SCALE_INSUFFICIENT,,True,,,,CURRENT_BAR_UNAVAILABLE,OBSERVATION_INSUFFICIENT,9,0,0,False,0,0,False,INHERITED_RAW_PRICE_BASIS,False,False
2025-08-13|70900,2025-08-13,70900,10:30,10:55,25,UNAVAILABLE,0,5,,,SCALE_INSUFFICIENT,,True,,,,CURRENT_BAR_UNAVAILABLE,OBSERVATION_INSUFFICIENT,8,0,0,False,0,0,False,INHERITED_RAW_PRICE_BASIS,False,False
2025-08-13|70900,2025-08-13,70900,10:30,11:00,30,PARTIAL,1,4,,,SCALE_INSUFFICIENT,,True,,,,CURRENT_BAR_UNAVAILABLE,OBSERVATION_INSUFFICIENT,8,0,0,False,0,0,False,INHERITED_RAW_PRICE_BASIS,False,False
2025-08-13|70900,2025-08-13,70900,10:30,11:05,35,PARTIAL,1,4,,,SCALE_INSUFFICIENT,,True,,,,SCALE_UNAVAILABLE,OBSERVATION_INSUFFICIENT,9,0,0,False,0,0,False,INHERITED_RAW_PRICE_BASIS,False,False
2025-08-13|70900,2025-08-13,70900,10:30,11:10,40,PARTIAL,1,4,,,SCALE_INSUFFICIENT,,True,,,,CURRENT_BAR_UNAVAILABLE,OBSERVATION_INSUFFICIENT,10,0,0,False,0,0,False,INHERITED_RAW_PRICE_BASIS,False,False
2025-08-13|70900,2025-08-13,70900,10:30,11:15,45,UNAVAILABLE,0,5,,,SCALE_INSUFFICIENT,,True,,,,CURRENT_BAR_UNAVAILABLE,OBSERVATION_INSUFFICIENT,9,0,0,False,0,0,False,INHERITED_RAW_PRICE_BASIS,False,False
2025-08-13|70900,2025-08-13,70900,10:30,11:20,50,UNAVAILABLE,0,5,,,SCALE_INSUFFICIENT,,True,,,,CURRENT_BAR_UNAVAILABLE,OBSERVATION_INSUFFICIENT,9,0,0,False,0,0,False,INHERITED_RAW_PRICE_BASIS,False,False
2025-08-13|70900,2025-08-13,70900,10:30,11:25,55,PARTIAL,1,4,,,SCALE_INSUFFICIENT,,True,,,,CURRENT_BAR_UNAVAILABLE,OBSERVATION_INSUFFICIENT,9,0,0,False,0,0,False,INHERITED_RAW_PRICE_BASIS,False,False
2025-08-13|70900,2025-08-13,70900,10:30,11:30,60,UNAVAILABLE,0,5,,,SCALE_INSUFFICIENT,,True,,,,CURRENT_BAR_UNAVAILABLE,OBSERVATION_INSUFFICIENT,9,0,0,False,0,0,False,INHERITED_RAW_PRICE_BASIS,False,False
2025-08-13|70900,2025-08-13,70900,10:30,12:35,65,PARTIAL,1,4,,,SCALE_INSUFFICIENT,,True,,,,CURRENT_BAR_UNAVAILABLE,OBSERVATION_INSUFFICIENT,10,0,0,False,0,0,False,INHERITED_RAW_PRICE_BASIS,False,False
2025-08-13|70900,2025-08-13,70900,10:30,12:40,70,UNAVAILABLE,0,5,,,SCALE_INSUFFICIENT,,True,,,,CURRENT_BAR_UNAVAILABLE,OBSERVATION_INSUFFICIENT,10,0,0,False,0,0,False,INHERITED_RAW_PRICE_BASIS,False,False
2025-08-13|70900,2025-08-13,70900,10:30,12:45,75,UNAVAILABLE,0,5,,,SCALE_INSUFFICIENT,,True,,,,CURRENT_BAR_UNAVAILABLE,OBSERVATION_INSUFFICIENT,9,0,0,False,0,0,False,INHERITED_RAW_PRICE_BASIS,False,False
2025-08-13|70900,2025-08-13,70900,10:30,12:50,80,UNAVAILABLE,0,5,,,SCALE_INSUFFICIENT,,True,,,,CURRENT_BAR_UNAVAILABLE,OBSERVATION_INSUFFICIENT,9,0,0,False,0,0,False,INHERITED_RAW_PRICE_BASIS,False,False
2025-08-13|70900,2025-08-13,70900,10:30,12:55,85,PARTIAL,1,4,,,SCALE_INSUFFICIENT,,True,,,,CURRENT_BAR_UNAVAILABLE,OBSERVATION_INSUFFICIENT,10,0,0,False,0,0,False,INHERITED_RAW_PRICE_BASIS,False,False
2025-08-13|70900,2025-08-13,70900,10:30,13:00,90,UNAVAILABLE,0,5,,,SCALE_INSUFFICIENT,,True,,,,CURRENT_BAR_UNAVAILABLE,OBSERVATION_INSUFFICIENT,10,0,0,False,0,0,False,INHERITED_RAW_PRICE_BASIS,False,False
2025-08-13|70900,2025-08-13,70900,10:30,13:05,95,UNAVAILABLE,0,5,,,SCALE_INSUFFICIENT,,True,,,,CURRENT_BAR_UNAVAILABLE,OBSERVATION_INSUFFICIENT,10,0,0,False,0,0,False,INHERITED_RAW_PRICE_BASIS,False,False
2025-08-13|70900,2025-08-13,70900,10:30,13:10,100,UNAVAILABLE,0,5,,,SCALE_INSUFFICIENT,,True,,,,CURRENT_BAR_UNAVAILABLE,OBSERVATION_INSUFFICIENT,9,0,0,False,0,0,False,INHERITED_RAW_PRICE_BASIS,False,False
2025-08-13|70900,2025-08-13,70900,10:30,13:15,105,UNAVAILABLE,0,5,,,SCALE_INSUFFICIENT,,True,,,,CURRENT_BAR_UNAVAILABLE,OBSERVATION_INSUFFICIENT,8,0,0,False,0,0,False,INHERITED_RAW_PRICE_BASIS,False,False
2025-08-13|70900,2025-08-13,70900,10:30,13:20,110,PARTIAL,1,4,,,SCALE_INSUFFICIENT,,True,,,,CURRENT_BAR_UNAVAILABLE,OBSERVATION_INSUFFICIENT,9,0,0,False,0,0,False,INHERITED_RAW_PRICE_BASIS,False,False
2025-08-13|70900,2025-08-13,70900,10:30,13:25,115,PARTIAL,1,4,,,SCALE_INSUFFICIENT,,True,,,,CURRENT_BAR_UNAVAILABLE,OBSERVATION_INSUFFICIENT,10,0,0,False,0,0,False,INHERITED_RAW_PRICE_BASIS,False,False
2025-08-13|70900,2025-08-13,70900,10:30,13:30,120,UNAVAILABLE,0,5,,,SCALE_INSUFFICIENT,,True,,,,CURRENT_BAR_UNAVAILABLE,OBSERVATION_INSUFFICIENT,9,0,0,False,0,0,False,INHERITED_RAW_PRICE_BASIS,False,False
2025-08-13|70900,2025-08-13,70900,10:30,13:35,125,UNAVAILABLE,0,5,,,SCALE_INSUFFICIENT,,True,,,,CURRENT_BAR_UNAVAILABLE,OBSERVATION_INSUFFICIENT,9,0,0,False,0,0,False,INHERITED_RAW_PRICE_BASIS,False,False
2025-08-13|70900,2025-08-13,70900,10:30,13:40,130,PARTIAL,1,4,,,SCALE_INSUFFICIENT,,True,,,,SCALE_UNAVAILABLE,OBSERVATION_INSUFFICIENT,10,0,0,False,0,0,False,INHERITED_RAW_PRICE_BASIS,False,False
2025-08-13|70900,2025-08-13,70900,10:30,13:45,135,UNAVAILABLE,0,5,,,SCALE_INSUFFICIENT,,True,,,,CURRENT_BAR_UNAVAILABLE,OBSERVATION_INSUFFICIENT,8,0,0,False,0,0,False,INHERITED_RAW_PRICE_BASIS,False,False
2025-08-13|70900,2025-08-13,70900,10:30,13:50,140,UNAVAILABLE,0,5,,,SCALE_INSUFFICIENT,,True,,,,CURRENT_BAR_UNAVAILABLE,OBSERVATION_INSUFFICIENT,7,0,0,False,0,0,False,INHERITED_RAW_PRICE_BASIS,False,False
2025-08-13|70900,2025-08-13,70900,10:30,13:55,145,PARTIAL,2,3,,,SCALE_INSUFFICIENT,,True,,,,SCALE_UNAVAILABLE,OBSERVATION_INSUFFICIENT,9,0,0,False,0,0,False,INHERITED_RAW_PRICE_BASIS,False,False
2025-08-13|70900,2025-08-13,70900,10:30,14:00,150,PARTIAL,1,4,,,SCALE_INSUFFICIENT,,True,,,,CURRENT_BAR_UNAVAILABLE,OBSERVATION_INSUFFICIENT,10,0,0,False,0,0,False,INHERITED_RAW_PRICE_BASIS,False,False
2025-08-13|70900,2025-08-13,70900,10:30,14:05,155,UNAVAILABLE,0,5,,,SCALE_INSUFFICIENT,,True,,,,CURRENT_BAR_UNAVAILABLE,OBSERVATION_INSUFFICIENT,10,0,0,False,0,0,False,INHERITED_RAW_PRICE_BASIS,False,False
2025-08-13|70900,2025-08-13,70900,10:30,14:10,160,UNAVAILABLE,0,5,,,SCALE_INSUFFICIENT,,True,,,,CURRENT_BAR_UNAVAILABLE,OBSERVATION_INSUFFICIENT,9,0,0,False,0,0,False,INHERITED_RAW_PRICE_BASIS,False,False
2025-08-13|70900,2025-08-13,70900,10:30,14:15,165,UNAVAILABLE,0,5,,,SCALE_INSUFFICIENT,,True,,,,CURRENT_BAR_UNAVAILABLE,OBSERVATION_INSUFFICIENT,9,0,0,False,0,0,False,INHERITED_RAW_PRICE_BASIS,False,False
2025-08-13|70900,2025-08-13,70900,10:30,14:20,170,PARTIAL,1,4,,,SCALE_INSUFFICIENT,,True,,,,SCALE_UNAVAILABLE,OBSERVATION_INSUFFICIENT,10,0,0,False,0,0,False,INHERITED_RAW_PRICE_BASIS,False,False
2025-08-13|70900,2025-08-13,70900,10:30,14:25,175,UNAVAILABLE,0,5,,,SCALE_INSUFFICIENT,,True,,,,CURRENT_BAR_UNAVAILABLE,OBSERVATION_INSUFFICIENT,10,0,0,False,0,0,False,INHERITED_RAW_PRICE_BASIS,False,False
2025-08-13|70900,2025-08-13,70900,10:30,14:30,180,UNAVAILABLE,0,5,,,SCALE_INSUFFICIENT,,True,,,,CURRENT_BAR_UNAVAILABLE,OBSERVATION_INSUFFICIENT,10,0,0,False,0,0,False,INHERITED_RAW_PRICE_BASIS,False,False
2025-08-13|70900,2025-08-13,70900,10:30,14:35,185,UNAVAILABLE,0,5,,,SCALE_INSUFFICIENT,,True,,,,CURRENT_BAR_UNAVAILABLE,OBSERVATION_INSUFFICIENT,10,0,0,False,0,0,False,INHERITED_RAW_PRICE_BASIS,False,False
2025-08-13|70900,2025-08-13,70900,10:30,14:40,190,UNAVAILABLE,0,5,,,SCALE_INSUFFICIENT,,True,,,,CURRENT_BAR_UNAVAILABLE,OBSERVATION_INSUFFICIENT,10,0,0,False,0,0,False,INHERITED_RAW_PRICE_BASIS,False,False
2025-08-13|70900,2025-08-13,70900,10:30,14:45,195,UNAVAILABLE,0,5,,,SCALE_INSUFFICIENT,,True,,,,CURRENT_BAR_UNAVAILABLE,OBSERVATION_INSUFFICIENT,7,0,0,False,0,0,False,INHERITED_RAW_PRICE_BASIS,False,False
2025-08-13|70900,2025-08-13,70900,10:30,14:50,200,UNAVAILABLE,0,5,,,SCALE_INSUFFICIENT,,True,,,,CURRENT_BAR_UNAVAILABLE,OBSERVATION_INSUFFICIENT,6,0,0,False,0,0,False,INHERITED_RAW_PRICE_BASIS,False,False
2025-08-13|70900,2025-08-13,70900,10:30,14:55,205,PARTIAL,3,2,,,SCALE_INSUFFICIENT,,True,,,,CURRENT_BAR_UNAVAILABLE,OBSERVATION_INSUFFICIENT,9,0,0,False,0,0,False,INHERITED_RAW_PRICE_BASIS,False,False
2025-08-13|70900,2025-08-13,70900,10:30,15:00,210,PARTIAL,1,4,,,SCALE_INSUFFICIENT,,True,,,,CURRENT_BAR_UNAVAILABLE,OBSERVATION_INSUFFICIENT,9,0,0,False,0,0,False,INHERITED_RAW_PRICE_BASIS,False,False
2025-08-13|70900,2025-08-13,70900,10:30,15:05,215,UNAVAILABLE,0,5,,,SCALE_INSUFFICIENT,,True,,,,CURRENT_BAR_UNAVAILABLE,OBSERVATION_INSUFFICIENT,8,0,0,False,0,0,False,INHERITED_RAW_PRICE_BASIS,False,False
2025-08-13|70900,2025-08-13,70900,10:30,15:10,220,PARTIAL,1,4,,,SCALE_INSUFFICIENT,,True,,,,CURRENT_BAR_UNAVAILABLE,OBSERVATION_INSUFFICIENT,7,0,0,False,0,0,False,INHERITED_RAW_PRICE_BASIS,False,False
2025-08-13|70900,2025-08-13,70900,10:30,15:15,225,PARTIAL,1,4,,,SCALE_INSUFFICIENT,,True,,,,CURRENT_BAR_UNAVAILABLE,OBSERVATION_INSUFFICIENT,8,0,0,False,0,0,False,INHERITED_RAW_PRICE_BASIS,False,False
2025-08-13|70900,2025-08-13,70900,10:30,15:20,230,PARTIAL,2,3,,,SCALE_INSUFFICIENT,,True,,,,CURRENT_BAR_UNAVAILABLE,RIGHT_CENSORED,5,0,0,False,0,0,False,INHERITED_RAW_PRICE_BASIS,False,False
2025-08-13|70900,2025-08-13,70900,10:30,15:25,235,UNAVAILABLE,0,5,,,SCALE_INSUFFICIENT,,True,,,,CURRENT_BAR_UNAVAILABLE,RIGHT_CENSORED,0,0,0,False,0,0,False,INHERITED_RAW_PRICE_BASIS,False,False
2025-08-13|72710,2025-08-13,72710,11:00,11:00,0,PARTIAL,3,2,,,AVAILABLE,15.0,True,,,,CURRENT_BAR_UNAVAILABLE,OBSERVATION_INSUFFICIENT,1,0,0,False,0,0,False,INHERITED_RAW_PRICE_BASIS,False,False
2025-08-13|72710,2025-08-13,72710,11:00,11:05,5,PARTIAL,4,1,,,AVAILABLE,15.0,True,,,,UNRESOLVED_STRUCTURE,WINDOW_OBSERVED,0,0,0,False,0,0,False,INHERITED_RAW_PRICE_BASIS,False,False
2025-08-13|72710,2025-08-13,72710,11:00,11:10,10,COMPLETE,5,0,DOWN,-0.78125,AVAILABLE,15.0,True,,,,UNRESOLVED_STRUCTURE,OBSERVATION_INSUFFICIENT,2,1,1,False,2,2,False,INHERITED_RAW_PRICE_BASIS,False,False
2025-08-13|72710,2025-08-13,72710,11:00,11:15,15,COMPLETE,5,0,UP,0.6553079947575361,AVAILABLE,15.0,True,,,VOLUME_COMPRESSION|TRADING_VALUE_COMPRESSION,UNRESOLVED_STRUCTURE,OBSERVATION_INSUFFICIENT,2,0,1,False,0,0,False,INHERITED_RAW_PRICE_BASIS,True,False
2025-08-13|72710,2025-08-13,72710,11:00,11:20,20,PARTIAL,3,2,,,AVAILABLE,15.0,True,,,,UNRESOLVED_STRUCTURE,OBSERVATION_INSUFFICIENT,1,1,1,False,0,0,False,INHERITED_RAW_PRICE_BASIS,False,False
2025-08-13|72710,2025-08-13,72710,11:00,11:25,25,COMPLETE,5,0,UP,1.8276762402088773,AVAILABLE,15.0,True,,,,UNRESOLVED_STRUCTURE,OBSERVATION_INSUFFICIENT,1,1,1,False,0,0,False,INHERITED_RAW_PRICE_BASIS,False,False
2025-08-13|72710,2025-08-13,72710,11:00,11:30,30,PARTIAL,4,1,,,AVAILABLE,15.0,True,,,,UNRESOLVED_STRUCTURE,OBSERVATION_INSUFFICIENT,1,0,0,False,0,0,False,INHERITED_RAW_PRICE_BASIS,False,False
2025-08-13|72710,2025-08-13,72710,11:00,12:35,35,COMPLETE,5,0,DOWN,-0.13089005235602094,AVAILABLE,15.0,True,,,CHOPPINESS,UNRESOLVED_STRUCTURE,OBSERVATION_INSUFFICIENT,1,0,0,False,1,1,False,INHERITED_RAW_PRICE_BASIS,False,False
2025-08-13|72710,2025-08-13,72710,11:00,12:40,40,PARTIAL,4,1,,,AVAILABLE,15.0,True,,,,UNRESOLVED_STRUCTURE,WINDOW_OBSERVED,0,0,0,False,0,0,False,INHERITED_RAW_PRICE_BASIS,False,False
2025-08-13|72710,2025-08-13,72710,11:00,12:45,45,COMPLETE,5,0,UP,0.517464424320828,AVAILABLE,15.0,True,,,,UNRESOLVED_STRUCTURE,WINDOW_OBSERVED,0,1,1,False,0,0,False,INHERITED_RAW_PRICE_BASIS,False,False
2025-08-13|72710,2025-08-13,72710,11:00,12:50,50,COMPLETE,5,0,UP,1.287001287001287,AVAILABLE,15.0,True,,,CHOPPINESS|RANGE_EXPANSION|VOLUME_EXPANSION|TRADING_VALUE_EXPANSION,UNRESOLVED_STRUCTURE,OBSERVATION_INSUFFICIENT,4,0,1,False,0,0,False,INHERITED_RAW_PRICE_BASIS,True,False
2025-08-13|72710,2025-08-13,72710,11:00,12:55,55,COMPLETE,5,0,UP,0.7662835249042146,AVAILABLE,15.0,True,,,RANGE_COMPRESSION|VOLUME_COMPRESSION|TRADING_VALUE_COMPRESSION,UNRESOLVED_STRUCTURE,OBSERVATION_INSUFFICIENT,7,0,1,False,0,0,False,INHERITED_RAW_PRICE_BASIS,True,False
2025-08-13|72710,2025-08-13,72710,11:00,13:00,60,PARTIAL,1,4,,,AVAILABLE,15.0,True,,,,CURRENT_BAR_UNAVAILABLE,OBSERVATION_INSUFFICIENT,4,0,0,False,0,0,False,INHERITED_RAW_PRICE_BASIS,False,False
2025-08-13|72710,2025-08-13,72710,11:00,13:05,65,PARTIAL,2,3,,,AVAILABLE,15.0,True,,,,UNRESOLVED_STRUCTURE,OBSERVATION_INSUFFICIENT,1,0,0,False,0,0,False,INHERITED_RAW_PRICE_BASIS,False,False
2025-08-13|72710,2025-08-13,72710,11:00,13:10,70,PARTIAL,4,1,,,AVAILABLE,15.0,True,,,,UNRESOLVED_STRUCTURE,OBSERVATION_INSUFFICIENT,2,0,0,False,0,0,False,INHERITED_RAW_PRICE_BASIS,False,False
2025-08-13|72710,2025-08-13,72710,11:00,13:15,75,COMPLETE,5,0,DOWN,-0.6493506493506493,AVAILABLE,15.0,True,,,,UNRESOLVED_STRUCTURE,OBSERVATION_INSUFFICIENT,2,0,0,False,0,0,False,INHERITED_RAW_PRICE_BASIS,False,False
2025-08-13|72710,2025-08-13,72710,11:00,13:20,80,PARTIAL,3,2,,,AVAILABLE,15.0,True,,,,UNRESOLVED_STRUCTURE,WINDOW_OBSERVED,0,0,0,False,0,0,False,INHERITED_RAW_PRICE_BASIS,False,False
2025-08-13|72710,2025-08-13,72710,11:00,13:25,85,COMPLETE,5,0,DOWN,-0.6527415143603134,AVAILABLE,15.0,True,,,,UNRESOLVED_STRUCTURE,OBSERVATION_INSUFFICIENT,2,0,0,False,0,0,False,INHERITED_RAW_PRICE_BASIS,False,False
2025-08-13|72710,2025-08-13,72710,11:00,13:30,90,COMPLETE,5,0,DOWN,-0.2628120893561104,AVAILABLE,15.0,True,,,CHOPPINESS,UNRESOLVED_STRUCTURE,OBSERVATION_INSUFFICIENT,2,0,0,False,1,0,False,INHERITED_RAW_PRICE_BASIS,True,False
2025-08-13|72710,2025-08-13,72710,11:00,13:35,95,PARTIAL,3,2,,,AVAILABLE,15.0,True,,,,UNRESOLVED_STRUCTURE,WINDOW_OBSERVED,0,0,0,False,0,0,False,INHERITED_RAW_PRICE_BASIS,False,False
2025-08-13|72710,2025-08-13,72710,11:00,13:40,100,COMPLETE,5,0,DOWN,-0.5235602094240838,AVAILABLE,15.0,True,,,,UNRESOLVED_STRUCTURE,OBSERVATION_INSUFFICIENT,3,0,0,False,0,0,False,INHERITED_RAW_PRICE_BASIS,False,False
2025-08-13|72710,2025-08-13,72710,11:00,13:45,105,COMPLETE,5,0,UP,0.5263157894736842,AVAILABLE,15.0,True,,,RANGE_COMPRESSION|VOLUME_COMPRESSION|TRADING_VALUE_COMPRESSION,UNRESOLVED_STRUCTURE,OBSERVATION_INSUFFICIENT,5,0,0,False,0,0,False,INHERITED_RAW_PRICE_BASIS,True,False
2025-08-13|72710,2025-08-13,72710,11:00,13:50,110,PARTIAL,2,3,,,AVAILABLE,15.0,True,,,,UNRESOLVED_STRUCTURE,OBSERVATION_INSUFFICIENT,5,0,0,False,0,0,False,INHERITED_RAW_PRICE_BASIS,False,False
2025-08-13|72710,2025-08-13,72710,11:00,13:55,115,PARTIAL,3,2,,,AVAILABLE,15.0,True,,,,UNRESOLVED_STRUCTURE,OBSERVATION_INSUFFICIENT,4,0,0,False,0,0,False,INHERITED_RAW_PRICE_BASIS,False,False
2025-08-13|72710,2025-08-13,72710,11:00,14:00,120,PARTIAL,2,3,,,AVAILABLE,15.0,True,,,,UNRESOLVED_STRUCTURE,OBSERVATION_INSUFFICIENT,1,0,0,False,0,0,False,INHERITED_RAW_PRICE_BASIS,False,False
2025-08-13|72710,2025-08-13,72710,11:00,14:05,125,PARTIAL,4,1,,,AVAILABLE,15.0,True,,,,UNRESOLVED_STRUCTURE,OBSERVATION_INSUFFICIENT,3,1,1,False,0,0,False,INHERITED_RAW_PRICE_BASIS,False,False
2025-08-13|72710,2025-08-13,72710,11:00,14:10,130,COMPLETE,5,0,DOWN,-1.277139208173691,AVAILABLE,15.0,True,,,,UNRESOLVED_STRUCTURE,OBSERVATION_INSUFFICIENT,4,0,1,False,0,0,False,INHERITED_RAW_PRICE_BASIS,False,False
2025-08-13|72710,2025-08-13,72710,11:00,14:15,135,PARTIAL,2,3,,,AVAILABLE,15.0,True,,,,UNRESOLVED_STRUCTURE,OBSERVATION_INSUFFICIENT,3,0,0,False,0,0,False,INHERITED_RAW_PRICE_BASIS,False,False
2025-08-13|72710,2025-08-13,72710,11:00,14:20,140,PARTIAL,4,1,,,AVAILABLE,15.0,True,,,,CURRENT_BAR_UNAVAILABLE,OBSERVATION_INSUFFICIENT,2,0,0,False,0,0,False,INHERITED_RAW_PRICE_BASIS,False,False
2025-08-13|72710,2025-08-13,72710,11:00,14:25,145,PARTIAL,3,2,,,AVAILABLE,15.0,True,,,,UNRESOLVED_STRUCTURE,OBSERVATION_INSUFFICIENT,2,0,0,False,0,0,False,INHERITED_RAW_PRICE_BASIS,False,False
2025-08-13|72710,2025-08-13,72710,11:00,14:30,150,COMPLETE,5,0,DOWN,-0.6493506493506493,AVAILABLE,15.0,True,,,,UNRESOLVED_STRUCTURE,OBSERVATION_INSUFFICIENT,3,0,0,False,0,0,False,INHERITED_RAW_PRICE_BASIS,False,False
2025-08-13|72710,2025-08-13,72710,11:00,14:35,155,PARTIAL,3,2,,,AVAILABLE,15.0,True,,,,CURRENT_BAR_UNAVAILABLE,OBSERVATION_INSUFFICIENT,3,0,0,False,0,0,False,INHERITED_RAW_PRICE_BASIS,False,False
2025-08-13|72710,2025-08-13,72710,11:00,14:40,160,PARTIAL,4,1,,,AVAILABLE,15.0,True,,,,CURRENT_BAR_UNAVAILABLE,OBSERVATION_INSUFFICIENT,6,0,0,False,0,0,False,INHERITED_RAW_PRICE_BASIS,False,False
2025-08-13|72710,2025-08-13,72710,11:00,14:45,165,PARTIAL,3,2,,,AVAILABLE,15.0,True,,,,UNRESOLVED_STRUCTURE,OBSERVATION_INSUFFICIENT,7,0,0,False,0,0,False,INHERITED_RAW_PRICE_BASIS,False,False
2025-08-13|72710,2025-08-13,72710,11:00,14:50,170,PARTIAL,1,4,,,AVAILABLE,15.0,True,,,,CURRENT_BAR_UNAVAILABLE,OBSERVATION_INSUFFICIENT,5,0,0,False,0,0,False,INHERITED_RAW_PRICE_BASIS,False,False
2025-08-13|72710,2025-08-13,72710,11:00,14:55,175,PARTIAL,2,3,,,AVAILABLE,15.0,True,,,,CURRENT_BAR_UNAVAILABLE,OBSERVATION_INSUFFICIENT,4,0,0,False,0,0,False,INHERITED_RAW_PRICE_BASIS,False,False
2025-08-13|72710,2025-08-13,72710,11:00,15:00,180,PARTIAL,3,2,,,AVAILABLE,15.0,True,,,,CURRENT_BAR_UNAVAILABLE,OBSERVATION_INSUFFICIENT,3,0,0,False,0,0,False,INHERITED_RAW_PRICE_BASIS,False,False
2025-08-13|72710,2025-08-13,72710,11:00,15:05,185,PARTIAL,3,2,,,AVAILABLE,15.0,True,,,,UNRESOLVED_STRUCTURE,OBSERVATION_INSUFFICIENT,3,0,0,False,0,0,False,INHERITED_RAW_PRICE_BASIS,False,False
2025-08-13|72710,2025-08-13,72710,11:00,15:10,190,PARTIAL,4,1,,,AVAILABLE,15.0,True,,,,UNRESOLVED_STRUCTURE,OBSERVATION_INSUFFICIENT,3,0,0,False,0,0,False,INHERITED_RAW_PRICE_BASIS,False,False
2025-08-13|72710,2025-08-13,72710,11:00,15:15,195,PARTIAL,3,2,,,AVAILABLE,15.0,True,,,,UNRESOLVED_STRUCTURE,OBSERVATION_INSUFFICIENT,2,0,0,False,0,0,False,INHERITED_RAW_PRICE_BASIS,False,False
2025-08-13|72710,2025-08-13,72710,11:00,15:20,200,PARTIAL,4,1,,,AVAILABLE,15.0,True,,,,UNRESOLVED_STRUCTURE,RIGHT_CENSORED,1,0,0,False,0,0,False,INHERITED_RAW_PRICE_BASIS,False,False
2025-08-13|72710,2025-08-13,72710,11:00,15:25,205,PARTIAL,4,1,,,AVAILABLE,15.0,True,,,,UNRESOLVED_STRUCTURE,RIGHT_CENSORED,0,0,0,False,0,0,False,INHERITED_RAW_PRICE_BASIS,False,False
2025-08-13|73690,2025-08-13,73690,13:30,13:30,0,PARTIAL,1,4,,,SCALE_INSUFFICIENT,,True,,,,SCALE_UNAVAILABLE,WINDOW_OBSERVED,0,0,0,False,1,0,False,INHERITED_RAW_PRICE_BASIS,False,False
2025-08-13|73690,2025-08-13,73690,13:30,13:35,5,COMPLETE,5,0,DOWN,-0.36674816625916873,SCALE_INSUFFICIENT,,True,,,,SCALE_UNAVAILABLE,WINDOW_OBSERVED,0,0,0,False,8,7,False,INHERITED_RAW_PRICE_BASIS,False,False
2025-08-13|73690,2025-08-13,73690,13:30,13:40,10,COMPLETE,5,0,DOWN,-4.914004914004914,SCALE_INSUFFICIENT,,True,,,VOLUME_EXPANSION|TRADING_VALUE_EXPANSION,SCALE_UNAVAILABLE,WINDOW_OBSERVED,0,0,0,False,3,3,False,INHERITED_RAW_PRICE_BASIS,True,False
2025-08-13|73690,2025-08-13,73690,13:30,13:45,15,COMPLETE,5,0,UP,0.6443298969072165,SCALE_INSUFFICIENT,,True,,,RANGE_COMPRESSION|VOLUME_COMPRESSION|TRADING_VALUE_COMPRESSION,SCALE_UNAVAILABLE,WINDOW_OBSERVED,0,0,0,False,3,2,False,INHERITED_RAW_PRICE_BASIS,True,False
2025-08-13|73690,2025-08-13,73690,13:30,13:50,20,COMPLETE,5,0,DOWN,-2.053915275994865,SCALE_INSUFFICIENT,,True,,,VOLUME_COMPRESSION|TRADING_VALUE_COMPRESSION,SCALE_UNAVAILABLE,WINDOW_OBSERVED,0,0,0,False,1,1,False,INHERITED_RAW_PRICE_BASIS,True,False
2025-08-13|73690,2025-08-13,73690,13:30,13:55,25,COMPLETE,5,0,DOWN,-1.1811023622047243,SCALE_INSUFFICIENT,,True,,,VOLUME_EXPANSION|TRADING_VALUE_EXPANSION,SCALE_UNAVAILABLE,WINDOW_OBSERVED,0,0,0,False,2,2,False,INHERITED_RAW_PRICE_BASIS,True,False
2025-08-13|73690,2025-08-13,73690,13:30,14:00,30,COMPLETE,5,0,DOWN,-1.9920318725099602,SCALE_INSUFFICIENT,,True,,,,SCALE_UNAVAILABLE,WINDOW_OBSERVED,0,0,0,False,1,1,False,INHERITED_RAW_PRICE_BASIS,True,False
2025-08-13|73690,2025-08-13,73690,13:30,14:05,35,COMPLETE,5,0,UP,1.2178619756427604,SCALE_INSUFFICIENT,,True,,,,SCALE_UNAVAILABLE,WINDOW_OBSERVED,0,0,0,False,0,0,False,INHERITED_RAW_PRICE_BASIS,True,False
2025-08-13|73690,2025-08-13,73690,13:30,14:10,40,COMPLETE,5,0,UP,1.2048192771084338,SCALE_INSUFFICIENT,,True,,,VOLUME_COMPRESSION|TRADING_VALUE_COMPRESSION,SCALE_UNAVAILABLE,WINDOW_OBSERVED,0,0,0,False,0,0,False,INHERITED_RAW_PRICE_BASIS,True,False
2025-08-13|73690,2025-08-13,73690,13:30,14:15,45,COMPLETE,5,0,UP,0.13210039630118892,SCALE_INSUFFICIENT,,True,,,RANGE_COMPRESSION|VOLUME_COMPRESSION|TRADING_VALUE_COMPRESSION,SCALE_UNAVAILABLE,WINDOW_OBSERVED,0,0,0,False,0,0,False,INHERITED_RAW_PRICE_BASIS,True,False
2025-08-13|73690,2025-08-13,73690,13:30,14:20,50,COMPLETE,5,0,UP,0.39577836411609496,SCALE_INSUFFICIENT,,True,,,RANGE_EXPANSION|VOLUME_EXPANSION|TRADING_VALUE_EXPANSION,SCALE_UNAVAILABLE,WINDOW_OBSERVED,0,0,0,False,0,0,False,INHERITED_RAW_PRICE_BASIS,True,False
2025-08-13|73690,2025-08-13,73690,13:30,14:25,55,COMPLETE,5,0,UP,1.445466491458607,SCALE_INSUFFICIENT,,True,,,RANGE_EXPANSION|VOLUME_EXPANSION|TRADING_VALUE_EXPANSION,SCALE_UNAVAILABLE,WINDOW_OBSERVED,0,0,0,False,0,0,False,INHERITED_RAW_PRICE_BASIS,True,False
2025-08-13|73690,2025-08-13,73690,13:30,14:30,60,COMPLETE,5,0,DOWN,-0.38860103626943004,SCALE_INSUFFICIENT,,True,,,RANGE_COMPRESSION|VOLUME_COMPRESSION|TRADING_VALUE_COMPRESSION,SCALE_UNAVAILABLE,OBSERVATION_INSUFFICIENT,1,0,0,False,0,0,False,INHERITED_RAW_PRICE_BASIS,True,False
2025-08-13|73690,2025-08-13,73690,13:30,14:35,65,COMPLETE,5,0,DOWN,-1.566579634464752,SCALE_INSUFFICIENT,,True,,,RANGE_EXPANSION|VOLUME_EXPANSION|TRADING_VALUE_EXPANSION,SCALE_UNAVAILABLE,OBSERVATION_INSUFFICIENT,3,0,0,False,0,0,False,INHERITED_RAW_PRICE_BASIS,True,False
2025-08-13|73690,2025-08-13,73690,13:30,14:40,70,PARTIAL,4,1,,,SCALE_INSUFFICIENT,,True,,,,SCALE_UNAVAILABLE,OBSERVATION_INSUFFICIENT,2,0,0,False,0,0,False,INHERITED_RAW_PRICE_BASIS,False,False
2025-08-13|73690,2025-08-13,73690,13:30,14:45,75,PARTIAL,3,2,,,SCALE_INSUFFICIENT,,True,,,,CURRENT_BAR_UNAVAILABLE,OBSERVATION_INSUFFICIENT,2,0,0,False,0,0,False,INHERITED_RAW_PRICE_BASIS,False,False
2025-08-13|73690,2025-08-13,73690,13:30,14:50,80,COMPLETE,5,0,DOWN,-0.3973509933774834,SCALE_INSUFFICIENT,,True,,,,SCALE_UNAVAILABLE,OBSERVATION_INSUFFICIENT,4,0,0,False,0,0,False,INHERITED_RAW_PRICE_BASIS,False,False
2025-08-13|73690,2025-08-13,73690,13:30,14:55,85,PARTIAL,3,2,,,SCALE_INSUFFICIENT,,True,,,,SCALE_UNAVAILABLE,OBSERVATION_INSUFFICIENT,2,0,0,False,0,0,False,INHERITED_RAW_PRICE_BASIS,False,False
2025-08-13|73690,2025-08-13,73690,13:30,15:00,90,PARTIAL,3,2,,,SCALE_INSUFFICIENT,,True,,,,SCALE_UNAVAILABLE,OBSERVATION_INSUFFICIENT,1,0,0,False,0,0,False,INHERITED_RAW_PRICE_BASIS,False,False
2025-08-13|73690,2025-08-13,73690,13:30,15:05,95,COMPLETE,5,0,DOWN,-0.26525198938992045,SCALE_INSUFFICIENT,,True,,,,SCALE_UNAVAILABLE,OBSERVATION_INSUFFICIENT,2,0,0,False,0,0,False,INHERITED_RAW_PRICE_BASIS,False,False
2025-08-13|73690,2025-08-13,73690,13:30,15:10,100,PARTIAL,4,1,,,SCALE_INSUFFICIENT,,True,,,,SCALE_UNAVAILABLE,OBSERVATION_INSUFFICIENT,4,0,0,False,0,0,False,INHERITED_RAW_PRICE_BASIS,False,False
2025-08-13|73690,2025-08-13,73690,13:30,15:15,105,PARTIAL,4,1,,,SCALE_INSUFFICIENT,,True,,,,SCALE_UNAVAILABLE,OBSERVATION_INSUFFICIENT,3,0,0,False,0,0,False,INHERITED_RAW_PRICE_BASIS,False,False
2025-08-13|73690,2025-08-13,73690,13:30,15:20,110,PARTIAL,2,3,,,SCALE_INSUFFICIENT,,True,,,,SCALE_UNAVAILABLE,RIGHT_CENSORED,0,0,0,False,0,0,False,INHERITED_RAW_PRICE_BASIS,False,False
2025-08-13|73690,2025-08-13,73690,13:30,15:25,115,COMPLETE,5,0,UP,0.9333333333333333,SCALE_INSUFFICIENT,,True,,,,SCALE_UNAVAILABLE,RIGHT_CENSORED,0,0,0,False,0,0,False,INHERITED_RAW_PRICE_BASIS,False,False
2025-08-13|78220,2025-08-13,78220,14:30,14:30,0,COMPLETE,5,0,DOWN,-4.593639575971731,SCALE_INSUFFICIENT,,True,,,RANGE_EXPANSION|VOLUME_EXPANSION|TRADING_VALUE_EXPANSION,SCALE_UNAVAILABLE,WINDOW_OBSERVED,0,0,0,False,0,0,False,INHERITED_RAW_PRICE_BASIS,False,False
2025-08-13|78220,2025-08-13,78220,14:30,14:35,5,COMPLETE,5,0,DOWN,-1.4814814814814814,SCALE_INSUFFICIENT,,True,,,RANGE_COMPRESSION,SCALE_UNAVAILABLE,WINDOW_OBSERVED,0,0,0,False,0,0,False,INHERITED_RAW_PRICE_BASIS,True,False
2025-08-13|78220,2025-08-13,78220,14:30,14:40,10,COMPLETE,5,0,UP,1.8867924528301887,SCALE_INSUFFICIENT,,True,,,,SCALE_UNAVAILABLE,WINDOW_OBSERVED,0,0,0,False,0,0,False,INHERITED_RAW_PRICE_BASIS,True,False
2025-08-13|78220,2025-08-13,78220,14:30,14:45,15,COMPLETE,5,0,DOWN,-0.36900369003690037,SCALE_INSUFFICIENT,,True,,,RANGE_COMPRESSION|VOLUME_COMPRESSION|TRADING_VALUE_COMPRESSION,SCALE_UNAVAILABLE,WINDOW_OBSERVED,0,0,0,False,0,0,False,INHERITED_RAW_PRICE_BASIS,True,False
2025-08-13|78220,2025-08-13,78220,14:30,14:50,20,COMPLETE,5,0,UP,1.1111111111111112,SCALE_INSUFFICIENT,,True,,,VOLUME_COMPRESSION|TRADING_VALUE_COMPRESSION,SCALE_UNAVAILABLE,WINDOW_OBSERVED,0,0,0,False,0,0,False,INHERITED_RAW_PRICE_BASIS,True,False
2025-08-13|78220,2025-08-13,78220,14:30,14:55,25,COMPLETE,5,0,DOWN,-1.465201465201465,SCALE_INSUFFICIENT,,True,,,,SCALE_UNAVAILABLE,WINDOW_OBSERVED,0,0,0,False,0,0,False,INHERITED_RAW_PRICE_BASIS,True,False
2025-08-13|78220,2025-08-13,78220,14:30,15:00,30,COMPLETE,5,0,UNCHANGED,0.0,SCALE_INSUFFICIENT,,True,,,RANGE_COMPRESSION,SCALE_UNAVAILABLE,WINDOW_OBSERVED,0,0,0,False,0,0,False,INHERITED_RAW_PRICE_BASIS,True,False
2025-08-13|78220,2025-08-13,78220,14:30,15:05,35,COMPLETE,5,0,DOWN,-1.4760147601476015,SCALE_INSUFFICIENT,,True,,,RANGE_EXPANSION,SCALE_UNAVAILABLE,WINDOW_OBSERVED,0,0,0,False,0,0,False,INHERITED_RAW_PRICE_BASIS,True,False
2025-08-13|78220,2025-08-13,78220,14:30,15:10,40,COMPLETE,5,0,UP,0.37453183520599254,SCALE_INSUFFICIENT,,True,,,RANGE_COMPRESSION|VOLUME_COMPRESSION|TRADING_VALUE_COMPRESSION,SCALE_UNAVAILABLE,WINDOW_OBSERVED,0,0,0,False,0,0,False,INHERITED_RAW_PRICE_BASIS,True,False
2025-08-13|78220,2025-08-13,78220,14:30,15:15,45,COMPLETE,5,0,UP,0.746268656716418,SCALE_INSUFFICIENT,,True,,,RANGE_EXPANSION|VOLUME_EXPANSION|TRADING_VALUE_EXPANSION,SCALE_UNAVAILABLE,WINDOW_OBSERVED,0,0,0,False,0,0,False,INHERITED_RAW_PRICE_BASIS,True,False
2025-08-13|78220,2025-08-13,78220,14:30,15:20,50,COMPLETE,5,0,UP,2.2140221402214024,SCALE_INSUFFICIENT,,True,,,VOLUME_EXPANSION|TRADING_VALUE_EXPANSION,SCALE_UNAVAILABLE,RIGHT_CENSORED,0,0,0,False,0,0,False,INHERITED_RAW_PRICE_BASIS,True,False
2025-08-13|78220,2025-08-13,78220,14:30,15:25,55,COMPLETE,5,0,UNCHANGED,0.0,SCALE_INSUFFICIENT,,True,,,VOLUME_COMPRESSION|TRADING_VALUE_COMPRESSION,SCALE_UNAVAILABLE,RIGHT_CENSORED,0,0,0,False,0,0,False,INHERITED_RAW_PRICE_BASIS,True,False
2025-08-13|79060,2025-08-13,79060,10:00,10:00,0,COMPLETE,5,0,DOWN,-0.7317073170731707,PREVIOUS_CONTEXT_UNAVAILABLE,,True,,,,SCALE_UNAVAILABLE,WINDOW_OBSERVED,0,0,0,False,0,0,False,INHERITED_RAW_PRICE_BASIS,False,False
2025-08-13|79060,2025-08-13,79060,10:00,10:05,5,COMPLETE,5,0,UP,1.1056511056511056,PREVIOUS_CONTEXT_UNAVAILABLE,,True,,,,SCALE_UNAVAILABLE,WINDOW_OBSERVED,0,0,0,False,0,0,False,INHERITED_RAW_PRICE_BASIS,True,False
2025-08-13|79060,2025-08-13,79060,10:00,10:10,10,COMPLETE,5,0,UP,0.851581508515815,PREVIOUS_CONTEXT_UNAVAILABLE,,True,,,,SCALE_UNAVAILABLE,WINDOW_OBSERVED,0,0,0,False,0,0,False,INHERITED_RAW_PRICE_BASIS,True,False
2025-08-13|79060,2025-08-13,79060,10:00,10:15,15,COMPLETE,5,0,DOWN,-1.0856453558504222,PREVIOUS_CONTEXT_UNAVAILABLE,,True,,,,SCALE_UNAVAILABLE,WINDOW_OBSERVED,0,0,0,False,0,0,False,INHERITED_RAW_PRICE_BASIS,True,False
2025-08-13|79060,2025-08-13,79060,10:00,10:20,20,COMPLETE,5,0,UP,0.975609756097561,PREVIOUS_CONTEXT_UNAVAILABLE,,True,,,VOLUME_EXPANSION|TRADING_VALUE_EXPANSION,SCALE_UNAVAILABLE,WINDOW_OBSERVED,0,0,0,False,0,0,False,INHERITED_RAW_PRICE_BASIS,True,False
2025-08-13|79060,2025-08-13,79060,10:00,10:25,25,COMPLETE,5,0,UP,1.0856453558504222,PREVIOUS_CONTEXT_UNAVAILABLE,,True,,,,SCALE_UNAVAILABLE,WINDOW_OBSERVED,0,0,0,False,0,0,False,INHERITED_RAW_PRICE_BASIS,True,False
2025-08-13|79060,2025-08-13,79060,10:00,10:30,30,COMPLETE,5,0,DOWN,-0.11918951132300358,PREVIOUS_CONTEXT_UNAVAILABLE,,True,,,RANGE_COMPRESSION|VOLUME_COMPRESSION|TRADING_VALUE_COMPRESSION,SCALE_UNAVAILABLE,WINDOW_OBSERVED,0,0,0,False,0,0,False,INHERITED_RAW_PRICE_BASIS,True,False
2025-08-13|79060,2025-08-13,79060,10:00,10:35,35,COMPLETE,5,0,DOWN,-0.23809523809523808,PREVIOUS_CONTEXT_UNAVAILABLE,,True,,,RANGE_COMPRESSION|VOLUME_COMPRESSION|TRADING_VALUE_COMPRESSION,SCALE_UNAVAILABLE,WINDOW_OBSERVED,0,0,0,False,0,0,False,INHERITED_RAW_PRICE_BASIS,True,False
2025-08-13|79060,2025-08-13,79060,10:00,10:40,40,COMPLETE,5,0,DOWN,-0.4778972520908005,PREVIOUS_CONTEXT_UNAVAILABLE,,True,,,,SCALE_UNAVAILABLE,WINDOW_OBSERVED,0,0,0,False,0,0,False,INHERITED_RAW_PRICE_BASIS,True,False
2025-08-13|79060,2025-08-13,79060,10:00,10:45,45,COMPLETE,5,0,UP,1.079136690647482,PREVIOUS_CONTEXT_UNAVAILABLE,,True,,,VOLUME_EXPANSION|TRADING_VALUE_EXPANSION,SCALE_UNAVAILABLE,OBSERVATION_INSUFFICIENT,1,0,0,False,0,0,False,INHERITED_RAW_PRICE_BASIS,True,False
2025-08-13|79060,2025-08-13,79060,10:00,10:50,50,COMPLETE,5,0,DOWN,-0.23696682464454977,PREVIOUS_CONTEXT_UNAVAILABLE,,True,,,,SCALE_UNAVAILABLE,OBSERVATION_INSUFFICIENT,1,0,0,False,0,0,False,INHERITED_RAW_PRICE_BASIS,True,False
2025-08-13|79060,2025-08-13,79060,10:00,10:55,55,PARTIAL,4,1,,,PREVIOUS_CONTEXT_UNAVAILABLE,,True,,,,SCALE_UNAVAILABLE,WINDOW_OBSERVED,0,0,0,False,0,0,False,INHERITED_RAW_PRICE_BASIS,False,False
2025-08-13|79060,2025-08-13,79060,10:00,11:00,60,COMPLETE,5,0,UP,0.468384074941452,PREVIOUS_CONTEXT_UNAVAILABLE,,True,,,,SCALE_UNAVAILABLE,WINDOW_OBSERVED,0,0,0,False,0,0,False,INHERITED_RAW_PRICE_BASIS,False,False
2025-08-13|79060,2025-08-13,79060,10:00,11:05,65,COMPLETE,5,0,DOWN,-1.2820512820512822,PREVIOUS_CONTEXT_UNAVAILABLE,,True,,,RANGE_EXPANSION,SCALE_UNAVAILABLE,WINDOW_OBSERVED,0,0,0,False,0,0,False,INHERITED_RAW_PRICE_BASIS,True,False
2025-08-13|79060,2025-08-13,79060,10:00,11:10,70,COMPLETE,5,0,UP,0.1180637544273908,PREVIOUS_CONTEXT_UNAVAILABLE,,True,,,RANGE_COMPRESSION|VOLUME_COMPRESSION|TRADING_VALUE_COMPRESSION,SCALE_UNAVAILABLE,WINDOW_OBSERVED,0,0,0,False,0,0,False,INHERITED_RAW_PRICE_BASIS,True,False
2025-08-13|79060,2025-08-13,79060,10:00,11:15,75,COMPLETE,5,0,UP,0.23557126030624265,PREVIOUS_CONTEXT_UNAVAILABLE,,True,,,VOLUME_EXPANSION|TRADING_VALUE_EXPANSION,SCALE_UNAVAILABLE,WINDOW_OBSERVED,0,0,0,False,0,0,False,INHERITED_RAW_PRICE_BASIS,True,False
2025-08-13|79060,2025-08-13,79060,10:00,11:20,80,COMPLETE,5,0,DOWN,-0.352112676056338,PREVIOUS_CONTEXT_UNAVAILABLE,,True,,,RANGE_COMPRESSION,SCALE_UNAVAILABLE,WINDOW_OBSERVED,0,0,0,False,0,0,False,INHERITED_RAW_PRICE_BASIS,True,False
2025-08-13|79060,2025-08-13,79060,10:00,11:25,85,COMPLETE,5,0,DOWN,-0.23501762632197415,PREVIOUS_CONTEXT_UNAVAILABLE,,True,,,RANGE_COMPRESSION,SCALE_UNAVAILABLE,WINDOW_OBSERVED,0,0,0,False,0,0,False,INHERITED_RAW_PRICE_BASIS,True,False
2025-08-13|79060,2025-08-13,79060,10:00,11:30,90,COMPLETE,5,0,UP,1.6489988221436984,PREVIOUS_CONTEXT_UNAVAILABLE,,True,,,RANGE_EXPANSION|VOLUME_EXPANSION|TRADING_VALUE_EXPANSION,SCALE_UNAVAILABLE,WINDOW_OBSERVED,0,0,0,False,0,0,False,INHERITED_RAW_PRICE_BASIS,True,False
2025-08-13|79060,2025-08-13,79060,10:00,12:35,95,COMPLETE,5,0,DOWN,-0.8149010477299186,PREVIOUS_CONTEXT_UNAVAILABLE,,True,,,,SCALE_UNAVAILABLE,WINDOW_OBSERVED,0,0,0,False,0,0,False,INHERITED_RAW_PRICE_BASIS,True,False
2025-08-13|79060,2025-08-13,79060,10:00,12:40,100,COMPLETE,5,0,UP,0.4694835680751174,PREVIOUS_CONTEXT_UNAVAILABLE,,True,,,VOLUME_COMPRESSION|TRADING_VALUE_COMPRESSION,SCALE_UNAVAILABLE,WINDOW_OBSERVED,0,0,0,False,0,0,False,INHERITED_RAW_PRICE_BASIS,True,False
2025-08-13|79060,2025-08-13,79060,10:00,12:45,105,COMPLETE,5,0,UP,0.11695906432748537,PREVIOUS_CONTEXT_UNAVAILABLE,,True,,,,SCALE_UNAVAILABLE,WINDOW_OBSERVED,0,0,0,False,0,0,False,INHERITED_RAW_PRICE_BASIS,True,False
2025-08-13|79060,2025-08-13,79060,10:00,12:50,110,COMPLETE,5,0,UP,0.3500583430571762,PREVIOUS_CONTEXT_UNAVAILABLE,,True,,,,SCALE_UNAVAILABLE,WINDOW_OBSERVED,0,0,0,False,0,0,False,INHERITED_RAW_PRICE_BASIS,True,False
2025-08-13|79060,2025-08-13,79060,10:00,12:55,115,COMPLETE,5,0,UP,0.11627906976744186,PREVIOUS_CONTEXT_UNAVAILABLE,,True,,,RANGE_EXPANSION|VOLUME_EXPANSION|TRADING_VALUE_EXPANSION,SCALE_UNAVAILABLE,WINDOW_OBSERVED,0,0,0,False,0,0,False,INHERITED_RAW_PRICE_BASIS,True,False
2025-08-13|79060,2025-08-13,79060,10:00,13:00,120,COMPLETE,5,0,UP,0.9280742459396751,PREVIOUS_CONTEXT_UNAVAILABLE,,True,,,,SCALE_UNAVAILABLE,WINDOW_OBSERVED,0,0,0,False,0,0,False,INHERITED_RAW_PRICE_BASIS,True,False
2025-08-13|79060,2025-08-13,79060,10:00,13:05,125,COMPLETE,5,0,DOWN,-0.11494252873563218,PREVIOUS_CONTEXT_UNAVAILABLE,,True,,,RANGE_COMPRESSION|VOLUME_COMPRESSION|TRADING_VALUE_COMPRESSION,SCALE_UNAVAILABLE,WINDOW_OBSERVED,0,0,0,False,0,0,False,INHERITED_RAW_PRICE_BASIS,True,False
2025-08-13|79060,2025-08-13,79060,10:00,13:10,130,COMPLETE,5,0,DOWN,-0.11494252873563218,PREVIOUS_CONTEXT_UNAVAILABLE,,True,,,RANGE_COMPRESSION|VOLUME_COMPRESSION|TRADING_VALUE_COMPRESSION,SCALE_UNAVAILABLE,WINDOW_OBSERVED,0,0,0,False,0,0,False,INHERITED_RAW_PRICE_BASIS,True,False
2025-08-13|79060,2025-08-13,79060,10:00,13:15,135,COMPLETE,5,0,UP,0.8045977011494253,PREVIOUS_CONTEXT_UNAVAILABLE,,True,,,RANGE_EXPANSION|VOLUME_EXPANSION|TRADING_VALUE_EXPANSION,SCALE_UNAVAILABLE,WINDOW_OBSERVED,0,0,0,False,0,0,False,INHERITED_RAW_PRICE_BASIS,True,False
2025-08-13|79060,2025-08-13,79060,10:00,13:20,140,COMPLETE,5,0,DOWN,-0.228310502283105,PREVIOUS_CONTEXT_UNAVAILABLE,,True,,,RANGE_COMPRESSION|VOLUME_COMPRESSION|TRADING_VALUE_COMPRESSION,SCALE_UNAVAILABLE,OBSERVATION_INSUFFICIENT,1,0,0,False,0,0,False,INHERITED_RAW_PRICE_BASIS,True,False
2025-08-13|79060,2025-08-13,79060,10:00,13:25,145,COMPLETE,5,0,UP,0.11441647597254005,PREVIOUS_CONTEXT_UNAVAILABLE,,True,,,VOLUME_EXPANSION|TRADING_VALUE_EXPANSION,SCALE_UNAVAILABLE,OBSERVATION_INSUFFICIENT,2,0,0,False,0,0,False,INHERITED_RAW_PRICE_BASIS,True,False
2025-08-13|79060,2025-08-13,79060,10:00,13:30,150,PARTIAL,4,1,,,PREVIOUS_CONTEXT_UNAVAILABLE,,True,,,,SCALE_UNAVAILABLE,OBSERVATION_INSUFFICIENT,1,0,0,False,0,0,False,INHERITED_RAW_PRICE_BASIS,False,False
2025-08-13|79060,2025-08-13,79060,10:00,13:35,155,PARTIAL,4,1,,,PREVIOUS_CONTEXT_UNAVAILABLE,,True,,,,SCALE_UNAVAILABLE,WINDOW_OBSERVED,0,0,0,False,0,0,False,INHERITED_RAW_PRICE_BASIS,False,False
2025-08-13|79060,2025-08-13,79060,10:00,13:40,160,COMPLETE,5,0,UP,0.3424657534246575,PREVIOUS_CONTEXT_UNAVAILABLE,,True,,,,SCALE_UNAVAILABLE,WINDOW_OBSERVED,0,0,0,False,0,0,False,INHERITED_RAW_PRICE_BASIS,False,False
2025-08-13|79060,2025-08-13,79060,10:00,13:45,165,COMPLETE,5,0,DOWN,-1.023890784982935,PREVIOUS_CONTEXT_UNAVAILABLE,,True,,,RANGE_EXPANSION|VOLUME_COMPRESSION|TRADING_VALUE_COMPRESSION,SCALE_UNAVAILABLE,OBSERVATION_INSUFFICIENT,1,0,0,False,0,0,False,INHERITED_RAW_PRICE_BASIS,True,False
2025-08-13|79060,2025-08-13,79060,10:00,13:50,170,COMPLETE,5,0,UP,0.23014959723820483,PREVIOUS_CONTEXT_UNAVAILABLE,,True,,,RANGE_COMPRESSION|VOLUME_COMPRESSION|TRADING_VALUE_COMPRESSION,SCALE_UNAVAILABLE,OBSERVATION_INSUFFICIENT,2,0,0,False,0,0,False,INHERITED_RAW_PRICE_BASIS,True,False
2025-08-13|79060,2025-08-13,79060,10:00,13:55,175,PARTIAL,4,1,,,PREVIOUS_CONTEXT_UNAVAILABLE,,True,,,,CURRENT_BAR_UNAVAILABLE,OBSERVATION_INSUFFICIENT,1,0,0,False,0,0,False,INHERITED_RAW_PRICE_BASIS,False,False
2025-08-13|79060,2025-08-13,79060,10:00,14:00,180,PARTIAL,4,1,,,PREVIOUS_CONTEXT_UNAVAILABLE,,True,,,,SCALE_UNAVAILABLE,WINDOW_OBSERVED,0,0,0,False,0,0,False,INHERITED_RAW_PRICE_BASIS,False,False
2025-08-13|79060,2025-08-13,79060,10:00,14:05,185,COMPLETE,5,0,UP,0.4592422502870264,PREVIOUS_CONTEXT_UNAVAILABLE,,True,,,,SCALE_UNAVAILABLE,WINDOW_OBSERVED,0,0,0,False,0,0,False,INHERITED_RAW_PRICE_BASIS,False,False
2025-08-13|79060,2025-08-13,79060,10:00,14:10,190,COMPLETE,5,0,UP,0.11428571428571428,PREVIOUS_CONTEXT_UNAVAILABLE,,True,,,RANGE_COMPRESSION,SCALE_UNAVAILABLE,OBSERVATION_INSUFFICIENT,1,0,0,False,0,0,False,INHERITED_RAW_PRICE_BASIS,True,False
2025-08-13|79060,2025-08-13,79060,10:00,14:15,195,COMPLETE,5,0,DOWN,-0.11428571428571428,PREVIOUS_CONTEXT_UNAVAILABLE,,True,,,RANGE_EXPANSION,SCALE_UNAVAILABLE,OBSERVATION_INSUFFICIENT,2,0,0,False,0,0,False,INHERITED_RAW_PRICE_BASIS,True,False
2025-08-13|79060,2025-08-13,79060,10:00,14:20,200,PARTIAL,4,1,,,PREVIOUS_CONTEXT_UNAVAILABLE,,True,,,,SCALE_UNAVAILABLE,OBSERVATION_INSUFFICIENT,2,0,0,False,0,0,False,INHERITED_RAW_PRICE_BASIS,False,False
2025-08-13|79060,2025-08-13,79060,10:00,14:25,205,PARTIAL,4,1,,,PREVIOUS_CONTEXT_UNAVAILABLE,,True,,,,CURRENT_BAR_UNAVAILABLE,OBSERVATION_INSUFFICIENT,1,0,0,False,0,0,False,INHERITED_RAW_PRICE_BASIS,False,False
2025-08-13|79060,2025-08-13,79060,10:00,14:30,210,PARTIAL,4,1,,,PREVIOUS_CONTEXT_UNAVAILABLE,,True,,,,CURRENT_BAR_UNAVAILABLE,OBSERVATION_INSUFFICIENT,4,0,0,False,0,0,False,INHERITED_RAW_PRICE_BASIS,False,False
2025-08-13|79060,2025-08-13,79060,10:00,14:35,215,COMPLETE,5,0,UNCHANGED,0.0,PREVIOUS_CONTEXT_UNAVAILABLE,,True,,,,SCALE_UNAVAILABLE,OBSERVATION_INSUFFICIENT,4,0,0,False,0,0,False,INHERITED_RAW_PRICE_BASIS,False,False
2025-08-13|79060,2025-08-13,79060,10:00,14:40,220,PARTIAL,1,4,,,PREVIOUS_CONTEXT_UNAVAILABLE,,True,,,,CURRENT_BAR_UNAVAILABLE,WINDOW_OBSERVED,0,0,0,False,0,0,False,INHERITED_RAW_PRICE_BASIS,False,False
2025-08-13|79060,2025-08-13,79060,10:00,14:45,225,COMPLETE,5,0,UP,0.34324942791762014,PREVIOUS_CONTEXT_UNAVAILABLE,,True,,,,SCALE_UNAVAILABLE,WINDOW_OBSERVED,0,0,0,False,0,0,False,INHERITED_RAW_PRICE_BASIS,False,False
2025-08-13|79060,2025-08-13,79060,10:00,14:50,230,COMPLETE,5,0,UP,0.7990867579908676,PREVIOUS_CONTEXT_UNAVAILABLE,,True,,,RANGE_EXPANSION,SCALE_UNAVAILABLE,WINDOW_OBSERVED,0,0,0,False,0,0,False,INHERITED_RAW_PRICE_BASIS,True,False
2025-08-13|79060,2025-08-13,79060,10:00,14:55,235,COMPLETE,5,0,DOWN,-0.22624434389140272,PREVIOUS_CONTEXT_UNAVAILABLE,,True,,,RANGE_COMPRESSION|VOLUME_COMPRESSION|TRADING_VALUE_COMPRESSION,SCALE_UNAVAILABLE,WINDOW_OBSERVED,0,0,0,False,0,0,False,INHERITED_RAW_PRICE_BASIS,True,False
2025-08-13|79060,2025-08-13,79060,10:00,15:00,240,COMPLETE,5,0,UP,0.340522133938706,PREVIOUS_CONTEXT_UNAVAILABLE,,True,,,RANGE_EXPANSION,SCALE_UNAVAILABLE,WINDOW_OBSERVED,0,0,0,False,0,0,False,INHERITED_RAW_PRICE_BASIS,True,False
2025-08-13|79060,2025-08-13,79060,10:00,15:05,245,COMPLETE,5,0,DOWN,-0.22624434389140272,PREVIOUS_CONTEXT_UNAVAILABLE,,True,,,RANGE_EXPANSION|VOLUME_EXPANSION|TRADING_VALUE_EXPANSION,SCALE_UNAVAILABLE,WINDOW_OBSERVED,0,0,0,False,0,0,False,INHERITED_RAW_PRICE_BASIS,True,False
2025-08-13|79060,2025-08-13,79060,10:00,15:10,250,COMPLETE,5,0,UP,0.11337868480725624,PREVIOUS_CONTEXT_UNAVAILABLE,,True,,,RANGE_COMPRESSION|VOLUME_COMPRESSION|TRADING_VALUE_COMPRESSION,SCALE_UNAVAILABLE,WINDOW_OBSERVED,0,0,0,False,0,0,False,INHERITED_RAW_PRICE_BASIS,True,False
2025-08-13|79060,2025-08-13,79060,10:00,15:15,255,COMPLETE,5,0,UP,0.33975084937712347,PREVIOUS_CONTEXT_UNAVAILABLE,,True,,,RANGE_EXPANSION|VOLUME_EXPANSION|TRADING_VALUE_EXPANSION,SCALE_UNAVAILABLE,WINDOW_OBSERVED,0,0,0,False,0,0,False,INHERITED_RAW_PRICE_BASIS,True,False
2025-08-13|79060,2025-08-13,79060,10:00,15:20,260,COMPLETE,5,0,UNCHANGED,0.0,PREVIOUS_CONTEXT_UNAVAILABLE,,True,,,RANGE_COMPRESSION,SCALE_UNAVAILABLE,RIGHT_CENSORED,0,0,0,False,0,0,False,INHERITED_RAW_PRICE_BASIS,True,False
2025-08-13|79060,2025-08-13,79060,10:00,15:25,265,COMPLETE,5,0,DOWN,-1.0146561443066517,PREVIOUS_CONTEXT_UNAVAILABLE,,True,,,RANGE_EXPANSION|VOLUME_EXPANSION|TRADING_VALUE_EXPANSION,SCALE_UNAVAILABLE,RIGHT_CENSORED,0,0,0,False,0,0,False,INHERITED_RAW_PRICE_BASIS,True,False
2025-08-13|89950,2025-08-13,89950,10:30,10:30,0,PARTIAL,2,3,,,SCALE_INSUFFICIENT,,True,,,,SCALE_UNAVAILABLE,OBSERVATION_INSUFFICIENT,1,0,0,False,2,0,False,INHERITED_RAW_PRICE_BASIS,False,False
2025-08-13|89950,2025-08-13,89950,10:30,10:35,5,COMPLETE,5,0,UP,1.2658227848101267,SCALE_INSUFFICIENT,,True,,,,SCALE_UNAVAILABLE,OBSERVATION_INSUFFICIENT,3,0,0,False,2,6,False,INHERITED_RAW_PRICE_BASIS,False,False
2025-08-13|89950,2025-08-13,89950,10:30,10:40,10,PARTIAL,4,1,,,SCALE_INSUFFICIENT,,True,,,,SCALE_UNAVAILABLE,OBSERVATION_INSUFFICIENT,6,0,0,False,0,0,False,INHERITED_RAW_PRICE_BASIS,False,False
2025-08-13|89950,2025-08-13,89950,10:30,10:45,15,PARTIAL,3,2,,,SCALE_INSUFFICIENT,,True,,,,CURRENT_BAR_UNAVAILABLE,OBSERVATION_INSUFFICIENT,8,0,0,False,0,0,False,INHERITED_RAW_PRICE_BASIS,False,False
2025-08-13|89950,2025-08-13,89950,10:30,10:50,20,PARTIAL,1,4,,,SCALE_INSUFFICIENT,,True,,,,CURRENT_BAR_UNAVAILABLE,OBSERVATION_INSUFFICIENT,6,0,0,False,0,0,False,INHERITED_RAW_PRICE_BASIS,False,False
2025-08-13|89950,2025-08-13,89950,10:30,10:55,25,PARTIAL,1,4,,,SCALE_INSUFFICIENT,,True,,,,CURRENT_BAR_UNAVAILABLE,OBSERVATION_INSUFFICIENT,4,0,0,False,0,0,False,INHERITED_RAW_PRICE_BASIS,False,False
2025-08-13|89950,2025-08-13,89950,10:30,11:00,30,PARTIAL,3,2,,,SCALE_INSUFFICIENT,,True,,,,SCALE_UNAVAILABLE,OBSERVATION_INSUFFICIENT,6,0,0,False,0,0,False,INHERITED_RAW_PRICE_BASIS,False,False
2025-08-13|89950,2025-08-13,89950,10:30,11:05,35,PARTIAL,3,2,,,SCALE_INSUFFICIENT,,True,,,,CURRENT_BAR_UNAVAILABLE,OBSERVATION_INSUFFICIENT,7,0,0,False,0,0,False,INHERITED_RAW_PRICE_BASIS,False,False
2025-08-13|89950,2025-08-13,89950,10:30,11:10,40,PARTIAL,1,4,,,SCALE_INSUFFICIENT,,True,,,,SCALE_UNAVAILABLE,OBSERVATION_INSUFFICIENT,3,0,0,False,0,0,False,INHERITED_RAW_PRICE_BASIS,False,False
2025-08-13|89950,2025-08-13,89950,10:30,11:15,45,PARTIAL,2,3,,,SCALE_INSUFFICIENT,,True,,,,SCALE_UNAVAILABLE,WINDOW_OBSERVED,0,0,0,False,0,0,False,INHERITED_RAW_PRICE_BASIS,False,False
2025-08-13|89950,2025-08-13,89950,10:30,11:20,50,COMPLETE,5,0,DOWN,-7.553956834532374,SCALE_INSUFFICIENT,,True,,,,SCALE_UNAVAILABLE,WINDOW_OBSERVED,0,0,0,False,2,3,False,INHERITED_RAW_PRICE_BASIS,False,False
2025-08-13|89950,2025-08-13,89950,10:30,11:25,55,COMPLETE,5,0,DOWN,-3.038309114927345,SCALE_INSUFFICIENT,,True,,,VOLUME_EXPANSION|TRADING_VALUE_EXPANSION,SCALE_UNAVAILABLE,OBSERVATION_INSUFFICIENT,1,0,0,False,2,2,False,INHERITED_RAW_PRICE_BASIS,True,False
2025-08-13|89950,2025-08-13,89950,10:30,11:30,60,COMPLETE,5,0,DOWN,-1.342281879194631,SCALE_INSUFFICIENT,,True,,,RANGE_COMPRESSION|VOLUME_COMPRESSION|TRADING_VALUE_COMPRESSION,SCALE_UNAVAILABLE,OBSERVATION_INSUFFICIENT,1,0,0,False,0,0,False,INHERITED_RAW_PRICE_BASIS,True,False
2025-08-13|89950,2025-08-13,89950,10:30,12:35,65,PARTIAL,4,1,,,SCALE_INSUFFICIENT,,True,,,,CURRENT_BAR_UNAVAILABLE,OBSERVATION_INSUFFICIENT,1,0,0,False,0,0,False,INHERITED_RAW_PRICE_BASIS,False,False
2025-08-13|89950,2025-08-13,89950,10:30,12:40,70,COMPLETE,5,0,DOWN,-0.8152173913043478,SCALE_INSUFFICIENT,,True,,,,SCALE_UNAVAILABLE,OBSERVATION_INSUFFICIENT,4,0,0,False,0,0,False,INHERITED_RAW_PRICE_BASIS,False,False
2025-08-13|89950,2025-08-13,89950,10:30,12:45,75,PARTIAL,4,1,,,SCALE_INSUFFICIENT,,True,,,,SCALE_UNAVAILABLE,OBSERVATION_INSUFFICIENT,6,0,0,False,0,0,False,INHERITED_RAW_PRICE_BASIS,False,False
2025-08-13|89950,2025-08-13,89950,10:30,12:50,80,PARTIAL,2,3,,,SCALE_INSUFFICIENT,,True,,,,SCALE_UNAVAILABLE,OBSERVATION_INSUFFICIENT,6,0,0,False,0,0,False,INHERITED_RAW_PRICE_BASIS,False,False
2025-08-13|89950,2025-08-13,89950,10:30,12:55,85,PARTIAL,2,3,,,SCALE_INSUFFICIENT,,True,,,,CURRENT_BAR_UNAVAILABLE,OBSERVATION_INSUFFICIENT,5,0,0,False,0,0,False,INHERITED_RAW_PRICE_BASIS,False,False
2025-08-13|89950,2025-08-13,89950,10:30,13:00,90,PARTIAL,2,3,,,SCALE_INSUFFICIENT,,True,,,,SCALE_UNAVAILABLE,OBSERVATION_INSUFFICIENT,3,0,0,False,0,0,False,INHERITED_RAW_PRICE_BASIS,False,False
2025-08-13|89950,2025-08-13,89950,10:30,13:05,95,PARTIAL,3,2,,,SCALE_INSUFFICIENT,,True,,,,CURRENT_BAR_UNAVAILABLE,OBSERVATION_INSUFFICIENT,6,0,0,False,0,0,False,INHERITED_RAW_PRICE_BASIS,False,False
2025-08-13|89950,2025-08-13,89950,10:30,13:10,100,PARTIAL,4,1,,,SCALE_INSUFFICIENT,,True,,,,SCALE_UNAVAILABLE,OBSERVATION_INSUFFICIENT,9,0,0,False,0,0,False,INHERITED_RAW_PRICE_BASIS,False,False
2025-08-13|89950,2025-08-13,89950,10:30,13:15,105,UNAVAILABLE,0,5,,,SCALE_INSUFFICIENT,,True,,,,CURRENT_BAR_UNAVAILABLE,OBSERVATION_INSUFFICIENT,7,0,0,False,0,0,False,INHERITED_RAW_PRICE_BASIS,False,False
2025-08-13|89950,2025-08-13,89950,10:30,13:20,110,PARTIAL,1,4,,,SCALE_INSUFFICIENT,,True,,,,CURRENT_BAR_UNAVAILABLE,OBSERVATION_INSUFFICIENT,5,0,0,False,0,0,False,INHERITED_RAW_PRICE_BASIS,False,False
2025-08-13|89950,2025-08-13,89950,10:30,13:25,115,PARTIAL,2,3,,,SCALE_INSUFFICIENT,,True,,,,CURRENT_BAR_UNAVAILABLE,OBSERVATION_INSUFFICIENT,3,0,0,False,0,0,False,INHERITED_RAW_PRICE_BASIS,False,False
2025-08-13|89950,2025-08-13,89950,10:30,13:30,120,PARTIAL,3,2,,,SCALE_INSUFFICIENT,,True,,,,SCALE_UNAVAILABLE,OBSERVATION_INSUFFICIENT,4,0,0,False,0,0,False,INHERITED_RAW_PRICE_BASIS,False,False
2025-08-13|89950,2025-08-13,89950,10:30,13:35,125,PARTIAL,4,1,,,SCALE_INSUFFICIENT,,True,,,,CURRENT_BAR_UNAVAILABLE,OBSERVATION_INSUFFICIENT,6,0,0,False,0,0,False,INHERITED_RAW_PRICE_BASIS,False,False
2025-08-13|89950,2025-08-13,89950,10:30,13:40,130,PARTIAL,2,3,,,SCALE_INSUFFICIENT,,True,,,,CURRENT_BAR_UNAVAILABLE,OBSERVATION_INSUFFICIENT,6,0,0,False,0,0,False,INHERITED_RAW_PRICE_BASIS,False,False
2025-08-13|89950,2025-08-13,89950,10:30,13:45,135,PARTIAL,2,3,,,SCALE_INSUFFICIENT,,True,,,,CURRENT_BAR_UNAVAILABLE,OBSERVATION_INSUFFICIENT,6,0,0,False,0,0,False,INHERITED_RAW_PRICE_BASIS,False,False
2025-08-13|89950,2025-08-13,89950,10:30,13:50,140,PARTIAL,2,3,,,SCALE_INSUFFICIENT,,True,,,,CURRENT_BAR_UNAVAILABLE,OBSERVATION_INSUFFICIENT,6,0,0,False,0,0,False,INHERITED_RAW_PRICE_BASIS,False,False
2025-08-13|89950,2025-08-13,89950,10:30,13:55,145,PARTIAL,2,3,,,SCALE_INSUFFICIENT,,True,,,,CURRENT_BAR_UNAVAILABLE,OBSERVATION_INSUFFICIENT,6,0,0,False,0,0,False,INHERITED_RAW_PRICE_BASIS,False,False
2025-08-13|89950,2025-08-13,89950,10:30,14:00,150,PARTIAL,2,3,,,SCALE_INSUFFICIENT,,True,,,,SCALE_UNAVAILABLE,OBSERVATION_INSUFFICIENT,8,0,0,False,0,0,False,INHERITED_RAW_PRICE_BASIS,False,False
2025-08-13|89950,2025-08-13,89950,10:30,14:05,155,PARTIAL,2,3,,,SCALE_INSUFFICIENT,,True,,,,SCALE_UNAVAILABLE,OBSERVATION_INSUFFICIENT,9,0,0,False,0,0,False,INHERITED_RAW_PRICE_BASIS,False,False
2025-08-13|89950,2025-08-13,89950,10:30,14:10,160,UNAVAILABLE,0,5,,,SCALE_INSUFFICIENT,,True,,,,CURRENT_BAR_UNAVAILABLE,OBSERVATION_INSUFFICIENT,7,0,0,False,0,0,False,INHERITED_RAW_PRICE_BASIS,False,False
2025-08-13|89950,2025-08-13,89950,10:30,14:15,165,PARTIAL,1,4,,,SCALE_INSUFFICIENT,,True,,,,CURRENT_BAR_UNAVAILABLE,OBSERVATION_INSUFFICIENT,7,0,0,False,0,0,False,INHERITED_RAW_PRICE_BASIS,False,False
2025-08-13|89950,2025-08-13,89950,10:30,14:20,170,PARTIAL,2,3,,,SCALE_INSUFFICIENT,,True,,,,CURRENT_BAR_UNAVAILABLE,OBSERVATION_INSUFFICIENT,7,0,0,False,0,0,False,INHERITED_RAW_PRICE_BASIS,False,False
2025-08-13|89950,2025-08-13,89950,10:30,14:25,175,PARTIAL,1,4,,,SCALE_INSUFFICIENT,,True,,,,CURRENT_BAR_UNAVAILABLE,OBSERVATION_INSUFFICIENT,7,0,0,False,0,0,False,INHERITED_RAW_PRICE_BASIS,False,False
2025-08-13|89950,2025-08-13,89950,10:30,14:30,180,PARTIAL,2,3,,,SCALE_INSUFFICIENT,,True,,,,CURRENT_BAR_UNAVAILABLE,OBSERVATION_INSUFFICIENT,8,0,0,False,0,0,False,INHERITED_RAW_PRICE_BASIS,False,False
2025-08-13|89950,2025-08-13,89950,10:30,14:35,185,PARTIAL,1,4,,,SCALE_INSUFFICIENT,,True,,,,CURRENT_BAR_UNAVAILABLE,OBSERVATION_INSUFFICIENT,7,0,0,False,0,0,False,INHERITED_RAW_PRICE_BASIS,False,False
2025-08-13|89950,2025-08-13,89950,10:30,14:40,190,PARTIAL,1,4,,,SCALE_INSUFFICIENT,,True,,,,CURRENT_BAR_UNAVAILABLE,OBSERVATION_INSUFFICIENT,7,0,0,False,0,0,False,INHERITED_RAW_PRICE_BASIS,False,False
2025-08-13|89950,2025-08-13,89950,10:30,14:45,195,PARTIAL,2,3,,,SCALE_INSUFFICIENT,,True,,,,SCALE_UNAVAILABLE,OBSERVATION_INSUFFICIENT,8,0,0,False,0,0,False,INHERITED_RAW_PRICE_BASIS,False,False
2025-08-13|89950,2025-08-13,89950,10:30,14:50,200,PARTIAL,1,4,,,SCALE_INSUFFICIENT,,True,,,,SCALE_UNAVAILABLE,OBSERVATION_INSUFFICIENT,6,0,0,False,0,0,False,INHERITED_RAW_PRICE_BASIS,False,False
2025-08-13|89950,2025-08-13,89950,10:30,14:55,205,PARTIAL,1,4,,,SCALE_INSUFFICIENT,,True,,,,SCALE_UNAVAILABLE,OBSERVATION_INSUFFICIENT,5,0,0,False,0,0,False,INHERITED_RAW_PRICE_BASIS,False,False
2025-08-13|89950,2025-08-13,89950,10:30,15:00,210,PARTIAL,3,2,,,SCALE_INSUFFICIENT,,True,,,,SCALE_UNAVAILABLE,OBSERVATION_INSUFFICIENT,7,0,0,False,0,0,False,INHERITED_RAW_PRICE_BASIS,False,False
2025-08-13|89950,2025-08-13,89950,10:30,15:05,215,PARTIAL,2,3,,,SCALE_INSUFFICIENT,,True,,,,CURRENT_BAR_UNAVAILABLE,OBSERVATION_INSUFFICIENT,8,0,0,False,0,0,False,INHERITED_RAW_PRICE_BASIS,False,False
2025-08-13|89950,2025-08-13,89950,10:30,15:10,220,PARTIAL,1,4,,,SCALE_INSUFFICIENT,,True,,,,CURRENT_BAR_UNAVAILABLE,OBSERVATION_INSUFFICIENT,8,0,0,False,0,0,False,INHERITED_RAW_PRICE_BASIS,False,False
2025-08-13|89950,2025-08-13,89950,10:30,15:15,225,PARTIAL,1,4,,,SCALE_INSUFFICIENT,,True,,,,CURRENT_BAR_UNAVAILABLE,OBSERVATION_INSUFFICIENT,6,0,0,False,0,0,False,INHERITED_RAW_PRICE_BASIS,False,False
2025-08-13|89950,2025-08-13,89950,10:30,15:20,230,PARTIAL,1,4,,,SCALE_INSUFFICIENT,,True,,,,CURRENT_BAR_UNAVAILABLE,RIGHT_CENSORED,2,0,0,False,0,0,False,INHERITED_RAW_PRICE_BASIS,False,False
2025-08-13|89950,2025-08-13,89950,10:30,15:25,235,PARTIAL,3,2,,,SCALE_INSUFFICIENT,,True,,,,SCALE_UNAVAILABLE,RIGHT_CENSORED,0,0,0,False,0,0,False,INHERITED_RAW_PRICE_BASIS,False,False
2025-08-13|92290,2025-08-13,92290,09:30,09:30,0,COMPLETE,5,0,UP,0.24301336573511542,AVAILABLE,7.0,True,DOWN_STRUCTURE,CORRECTION|RECOVERY,RANGE_COMPRESSION|VOLUME_COMPRESSION|TRADING_VALUE_COMPRESSION,IDENTIFIED,WINDOW_OBSERVED,0,1,6,False,0,0,True,INHERITED_RAW_PRICE_BASIS,False,False
2025-08-13|92290,2025-08-13,92290,09:30,09:35,5,COMPLETE,5,0,UP,0.6053268765133172,AVAILABLE,7.0,True,DOWN_STRUCTURE,,RANGE_COMPRESSION|VOLUME_COMPRESSION|TRADING_VALUE_COMPRESSION,IDENTIFIED,WINDOW_OBSERVED,0,1,7,False,0,0,True,INHERITED_RAW_PRICE_BASIS,True,True
2025-08-13|92290,2025-08-13,92290,09:30,09:40,10,COMPLETE,5,0,DOWN,-1.2077294685990339,AVAILABLE,7.0,True,DOWN_STRUCTURE,CORRECTION|RECOVERY,RANGE_EXPANSION|VOLUME_EXPANSION|TRADING_VALUE_EXPANSION,IDENTIFIED,WINDOW_OBSERVED,0,1,8,False,1,1,True,INHERITED_RAW_PRICE_BASIS,True,True
2025-08-13|92290,2025-08-13,92290,09:30,09:45,15,COMPLETE,5,0,UNCHANGED,0.0,AVAILABLE,7.0,True,DOWN_STRUCTURE,PROGRESSION,VOLUME_EXPANSION|TRADING_VALUE_EXPANSION,IDENTIFIED,WINDOW_OBSERVED,0,1,9,False,1,0,True,INHERITED_RAW_PRICE_BASIS,True,True
2025-08-13|92290,2025-08-13,92290,09:30,09:50,20,COMPLETE,5,0,DOWN,-0.6112469437652812,AVAILABLE,7.0,True,DOWN_STRUCTURE,PROGRESSION,VOLUME_COMPRESSION|TRADING_VALUE_COMPRESSION,IDENTIFIED,WINDOW_OBSERVED,0,0,9,False,1,0,True,INHERITED_RAW_PRICE_BASIS,True,False
2025-08-13|92290,2025-08-13,92290,09:30,09:55,25,COMPLETE,5,0,DOWN,-0.3694581280788177,AVAILABLE,7.0,True,DOWN_STRUCTURE,CORRECTION|RECOVERY,RANGE_COMPRESSION,IDENTIFIED,OBSERVATION_INSUFFICIENT,1,1,10,False,0,1,True,INHERITED_RAW_PRICE_BASIS,True,True
2025-08-13|92290,2025-08-13,92290,09:30,10:00,30,COMPLETE,5,0,UP,0.24691358024691357,AVAILABLE,7.0,True,DOWN_STRUCTURE,CORRECTION|RECOVERY,CHOPPINESS,IDENTIFIED,OBSERVATION_INSUFFICIENT,1,0,10,False,2,2,True,INHERITED_RAW_PRICE_BASIS,True,False
2025-08-13|92290,2025-08-13,92290,09:30,10:05,35,PARTIAL,4,1,,,AVAILABLE,7.0,True,,,,UNRESOLVED_STRUCTURE,OBSERVATION_INSUFFICIENT,1,0,0,False,0,0,False,INHERITED_RAW_PRICE_BASIS,False,False
2025-08-13|92290,2025-08-13,92290,09:30,10:10,40,COMPLETE,5,0,UP,0.12269938650306748,AVAILABLE,7.0,True,,,,UNRESOLVED_STRUCTURE,OBSERVATION_INSUFFICIENT,1,0,0,False,0,0,False,INHERITED_RAW_PRICE_BASIS,False,False
2025-08-13|92290,2025-08-13,92290,09:30,10:15,45,PARTIAL,4,1,,,AVAILABLE,7.0,True,,,,UNRESOLVED_STRUCTURE,OBSERVATION_INSUFFICIENT,1,1,1,False,0,0,False,INHERITED_RAW_PRICE_BASIS,False,False
2025-08-13|92290,2025-08-13,92290,09:30,10:20,50,COMPLETE,5,0,DOWN,-0.7361963190184049,AVAILABLE,7.0,True,,,,UNRESOLVED_STRUCTURE,OBSERVATION_INSUFFICIENT,2,0,1,False,0,0,False,INHERITED_RAW_PRICE_BASIS,False,False
2025-08-13|92290,2025-08-13,92290,09:30,10:25,55,PARTIAL,4,1,,,AVAILABLE,7.0,True,,,,UNRESOLVED_STRUCTURE,OBSERVATION_INSUFFICIENT,1,0,0,False,0,0,False,INHERITED_RAW_PRICE_BASIS,False,False
2025-08-13|92290,2025-08-13,92290,09:30,10:30,60,PARTIAL,4,1,,,AVAILABLE,7.0,True,,,,UNRESOLVED_STRUCTURE,OBSERVATION_INSUFFICIENT,1,1,1,False,0,0,False,INHERITED_RAW_PRICE_BASIS,False,False
2025-08-13|92290,2025-08-13,92290,09:30,10:35,65,COMPLETE,5,0,DOWN,-1.6069221260815822,AVAILABLE,7.0,True,,,,UNRESOLVED_STRUCTURE,OBSERVATION_INSUFFICIENT,1,0,1,False,1,1,False,INHERITED_RAW_PRICE_BASIS,False,False
2025-08-13|92290,2025-08-13,92290,09:30,10:40,70,PARTIAL,4,1,,,AVAILABLE,7.0,True,,,,CURRENT_BAR_UNAVAILABLE,WINDOW_OBSERVED,0,0,0,False,1,2,False,INHERITED_RAW_PRICE_BASIS,False,False
2025-08-13|92290,2025-08-13,92290,09:30,10:45,75,COMPLETE,5,0,DOWN,-0.2506265664160401,AVAILABLE,7.0,True,,,,UNRESOLVED_STRUCTURE,WINDOW_OBSERVED,0,1,1,False,0,0,False,INHERITED_RAW_PRICE_BASIS,False,False
2025-08-13|92290,2025-08-13,92290,09:30,10:50,80,COMPLETE,5,0,DOWN,-0.7537688442211056,AVAILABLE,7.0,True,,,RANGE_EXPANSION|VOLUME_EXPANSION|TRADING_VALUE_EXPANSION,UNRESOLVED_STRUCTURE,OBSERVATION_INSUFFICIENT,2,0,1,False,0,1,False,INHERITED_RAW_PRICE_BASIS,True,False
2025-08-13|92290,2025-08-13,92290,09:30,10:55,85,COMPLETE,5,0,UP,0.5069708491761724,AVAILABLE,7.0,True,,,RANGE_COMPRESSION|VOLUME_COMPRESSION|TRADING_VALUE_COMPRESSION,UNRESOLVED_STRUCTURE,OBSERVATION_INSUFFICIENT,2,0,1,False,0,1,False,INHERITED_RAW_PRICE_BASIS,True,False
2025-08-13|92290,2025-08-13,92290,09:30,11:00,90,PARTIAL,3,2,,,AVAILABLE,7.0,True,,,,UNRESOLVED_STRUCTURE,OBSERVATION_INSUFFICIENT,1,1,1,False,0,0,False,INHERITED_RAW_PRICE_BASIS,False,False
2025-08-13|92290,2025-08-13,92290,09:30,11:05,95,COMPLETE,5,0,UP,1.0025062656641603,AVAILABLE,7.0,True,,,,UNRESOLVED_STRUCTURE,OBSERVATION_INSUFFICIENT,2,0,1,False,0,0,False,INHERITED_RAW_PRICE_BASIS,False,False
2025-08-13|92290,2025-08-13,92290,09:30,11:10,100,PARTIAL,4,1,,,AVAILABLE,7.0,True,,,,CURRENT_BAR_UNAVAILABLE,OBSERVATION_INSUFFICIENT,3,0,0,False,0,0,False,INHERITED_RAW_PRICE_BASIS,False,False
2025-08-13|92290,2025-08-13,92290,09:30,11:15,105,PARTIAL,4,1,,,AVAILABLE,7.0,True,,,,UNRESOLVED_STRUCTURE,OBSERVATION_INSUFFICIENT,3,0,0,False,0,0,False,INHERITED_RAW_PRICE_BASIS,False,False
2025-08-13|92290,2025-08-13,92290,09:30,11:20,110,PARTIAL,3,2,,,AVAILABLE,7.0,True,,,,UNRESOLVED_STRUCTURE,OBSERVATION_INSUFFICIENT,4,0,0,False,0,0,False,INHERITED_RAW_PRICE_BASIS,False,False
2025-08-13|92290,2025-08-13,92290,09:30,11:25,115,PARTIAL,4,1,,,AVAILABLE,7.0,True,,,,CURRENT_BAR_UNAVAILABLE,OBSERVATION_INSUFFICIENT,3,0,0,False,0,0,False,INHERITED_RAW_PRICE_BASIS,False,False
2025-08-13|92290,2025-08-13,92290,09:30,11:30,120,PARTIAL,2,3,,,AVAILABLE,7.0,True,,,,CURRENT_BAR_UNAVAILABLE,WINDOW_OBSERVED,0,0,0,False,0,0,False,INHERITED_RAW_PRICE_BASIS,False,False
2025-08-13|92290,2025-08-13,92290,09:30,12:35,125,COMPLETE,5,0,DOWN,-0.12468827930174564,AVAILABLE,7.0,True,,,,UNRESOLVED_STRUCTURE,OBSERVATION_INSUFFICIENT,2,1,1,False,0,0,False,INHERITED_RAW_PRICE_BASIS,False,False
2025-08-13|92290,2025-08-13,92290,09:30,12:40,130,COMPLETE,5,0,DOWN,-0.24968789013732834,AVAILABLE,7.0,True,,,RANGE_EXPANSION,UNRESOLVED_STRUCTURE,OBSERVATION_INSUFFICIENT,6,0,1,False,0,0,False,INHERITED_RAW_PRICE_BASIS,True,False
2025-08-13|92290,2025-08-13,92290,09:30,12:45,135,PARTIAL,3,2,,,AVAILABLE,7.0,True,,,,UNRESOLVED_STRUCTURE,OBSERVATION_INSUFFICIENT,4,0,0,False,0,0,False,INHERITED_RAW_PRICE_BASIS,False,False
2025-08-13|92290,2025-08-13,92290,09:30,12:50,140,PARTIAL,1,4,,,AVAILABLE,7.0,True,,,,CURRENT_BAR_UNAVAILABLE,OBSERVATION_INSUFFICIENT,1,0,0,False,0,0,False,INHERITED_RAW_PRICE_BASIS,False,False
2025-08-13|92290,2025-08-13,92290,09:30,12:55,145,COMPLETE,5,0,DOWN,-0.5012531328320802,AVAILABLE,7.0,True,,,,UNRESOLVED_STRUCTURE,OBSERVATION_INSUFFICIENT,3,0,0,False,0,0,False,INHERITED_RAW_PRICE_BASIS,False,False
2025-08-13|92290,2025-08-13,92290,09:30,13:00,150,PARTIAL,4,1,,,AVAILABLE,7.0,True,,,,UNRESOLVED_STRUCTURE,OBSERVATION_INSUFFICIENT,3,0,0,False,0,0,False,INHERITED_RAW_PRICE_BASIS,False,False
2025-08-13|92290,2025-08-13,92290,09:30,13:05,155,PARTIAL,3,2,,,AVAILABLE,7.0,True,,,,UNRESOLVED_STRUCTURE,OBSERVATION_INSUFFICIENT,2,0,0,False,0,0,False,INHERITED_RAW_PRICE_BASIS,False,False
2025-08-13|92290,2025-08-13,92290,09:30,13:10,160,PARTIAL,4,1,,,AVAILABLE,7.0,True,,,,UNRESOLVED_STRUCTURE,OBSERVATION_INSUFFICIENT,2,0,0,False,0,0,False,INHERITED_RAW_PRICE_BASIS,False,False
2025-08-13|92290,2025-08-13,92290,09:30,13:15,165,PARTIAL,4,1,,,AVAILABLE,7.0,True,,,,UNRESOLVED_STRUCTURE,OBSERVATION_INSUFFICIENT,2,0,0,False,0,0,False,INHERITED_RAW_PRICE_BASIS,False,False
2025-08-13|92290,2025-08-13,92290,09:30,13:20,170,PARTIAL,4,1,,,AVAILABLE,7.0,True,,,,UNRESOLVED_STRUCTURE,OBSERVATION_INSUFFICIENT,4,0,0,False,0,0,False,INHERITED_RAW_PRICE_BASIS,False,False
2025-08-13|92290,2025-08-13,92290,09:30,13:25,175,PARTIAL,4,1,,,AVAILABLE,7.0,True,,,,UNRESOLVED_STRUCTURE,OBSERVATION_INSUFFICIENT,3,0,0,False,0,0,False,INHERITED_RAW_PRICE_BASIS,False,False
2025-08-13|92290,2025-08-13,92290,09:30,13:30,180,PARTIAL,2,3,,,AVAILABLE,7.0,True,,,,UNRESOLVED_STRUCTURE,OBSERVATION_INSUFFICIENT,1,1,1,False,0,0,False,INHERITED_RAW_PRICE_BASIS,False,False
2025-08-13|92290,2025-08-13,92290,09:30,13:35,185,COMPLETE,5,0,UP,0.7434944237918215,AVAILABLE,7.0,True,,,,UNRESOLVED_STRUCTURE,OBSERVATION_INSUFFICIENT,1,0,1,False,0,0,False,INHERITED_RAW_PRICE_BASIS,False,False
2025-08-13|92290,2025-08-13,92290,09:30,13:40,190,PARTIAL,4,1,,,AVAILABLE,7.0,True,,,,UNRESOLVED_STRUCTURE,WINDOW_OBSERVED,0,0,1,False,0,0,False,INHERITED_RAW_PRICE_BASIS,False,False
2025-08-13|92290,2025-08-13,92290,09:30,13:45,195,COMPLETE,5,0,UP,0.12135922330097088,AVAILABLE,7.0,True,,,,UNRESOLVED_STRUCTURE,WINDOW_OBSERVED,0,0,1,False,0,0,False,INHERITED_RAW_PRICE_BASIS,False,False
2025-08-13|92290,2025-08-13,92290,09:30,13:50,200,COMPLETE,5,0,UP,0.9685230024213075,AVAILABLE,7.0,True,,,RANGE_EXPANSION,UNRESOLVED_STRUCTURE,OBSERVATION_INSUFFICIENT,2,0,1,False,0,0,False,INHERITED_RAW_PRICE_BASIS,True,False
2025-08-13|92290,2025-08-13,92290,09:30,13:55,205,COMPLETE,5,0,UNCHANGED,0.0,AVAILABLE,7.0,True,,,,UNRESOLVED_STRUCTURE,OBSERVATION_INSUFFICIENT,2,0,1,False,0,0,False,INHERITED_RAW_PRICE_BASIS,True,False
2025-08-13|92290,2025-08-13,92290,09:30,14:00,210,PARTIAL,3,2,,,AVAILABLE,7.0,True,,,,UNRESOLVED_STRUCTURE,WINDOW_OBSERVED,0,1,1,False,0,0,False,INHERITED_RAW_PRICE_BASIS,False,False
2025-08-13|92290,2025-08-13,92290,09:30,14:05,215,COMPLETE,5,0,UP,0.9592326139088729,AVAILABLE,7.0,True,,,,UNRESOLVED_STRUCTURE,WINDOW_OBSERVED,0,0,1,False,0,0,False,INHERITED_RAW_PRICE_BASIS,False,False
2025-08-13|92290,2025-08-13,92290,09:30,14:10,220,COMPLETE,5,0,UP,1.3048635824436536,AVAILABLE,7.0,True,,,VOLUME_COMPRESSION|TRADING_VALUE_COMPRESSION,UNRESOLVED_STRUCTURE,WINDOW_OBSERVED,0,0,1,False,0,0,False,INHERITED_RAW_PRICE_BASIS,True,False
2025-08-13|92290,2025-08-13,92290,09:30,14:15,225,COMPLETE,5,0,UP,1.0526315789473684,AVAILABLE,7.0,True,,,VOLUME_EXPANSION|TRADING_VALUE_EXPANSION,UNRESOLVED_STRUCTURE,WINDOW_OBSERVED,0,0,1,False,0,0,False,INHERITED_RAW_PRICE_BASIS,True,False
2025-08-13|92290,2025-08-13,92290,09:30,14:20,230,COMPLETE,5,0,DOWN,-0.3468208092485549,AVAILABLE,7.0,True,,,CHOPPINESS|RANGE_COMPRESSION|VOLUME_COMPRESSION|TRADING_VALUE_COMPRESSION,UNRESOLVED_STRUCTURE,WINDOW_OBSERVED,0,1,2,False,0,0,False,INHERITED_RAW_PRICE_BASIS,True,False
2025-08-13|92290,2025-08-13,92290,09:30,14:25,235,COMPLETE,5,0,UP,0.11614401858304298,AVAILABLE,7.0,True,,,CHOPPINESS|RANGE_EXPANSION,UNRESOLVED_STRUCTURE,WINDOW_OBSERVED,0,0,2,False,0,0,False,INHERITED_RAW_PRICE_BASIS,True,False
2025-08-13|92290,2025-08-13,92290,09:30,14:30,240,COMPLETE,5,0,UNCHANGED,0.0,AVAILABLE,7.0,True,,RECOVERY,,UNRESOLVED_STRUCTURE,OBSERVATION_INSUFFICIENT,1,0,3,False,0,0,True,INHERITED_RAW_PRICE_BASIS,True,True
2025-08-13|92290,2025-08-13,92290,09:30,14:35,245,COMPLETE,5,0,UNCHANGED,0.0,AVAILABLE,7.0,True,,,,UNRESOLVED_STRUCTURE,OBSERVATION_INSUFFICIENT,1,1,4,False,0,0,False,INHERITED_RAW_PRICE_BASIS,True,True
2025-08-13|92290,2025-08-13,92290,09:30,14:40,250,PARTIAL,4,1,,,AVAILABLE,7.0,True,,,,CURRENT_BAR_UNAVAILABLE,OBSERVATION_INSUFFICIENT,2,0,0,False,0,0,False,INHERITED_RAW_PRICE_BASIS,False,False
2025-08-13|92290,2025-08-13,92290,09:30,14:45,255,COMPLETE,5,0,UNCHANGED,0.0,AVAILABLE,7.0,True,,,,UNRESOLVED_STRUCTURE,OBSERVATION_INSUFFICIENT,3,0,0,False,0,0,False,INHERITED_RAW_PRICE_BASIS,False,False
2025-08-13|92290,2025-08-13,92290,09:30,14:50,260,PARTIAL,3,2,,,AVAILABLE,7.0,True,,,,UNRESOLVED_STRUCTURE,OBSERVATION_INSUFFICIENT,1,0,0,False,0,0,False,INHERITED_RAW_PRICE_BASIS,False,False
2025-08-13|92290,2025-08-13,92290,09:30,14:55,265,PARTIAL,4,1,,,AVAILABLE,7.0,True,,,,UNRESOLVED_STRUCTURE,WINDOW_OBSERVED,0,1,1,False,0,0,False,INHERITED_RAW_PRICE_BASIS,False,False
2025-08-13|92290,2025-08-13,92290,09:30,15:00,270,COMPLETE,5,0,UP,1.048951048951049,AVAILABLE,7.0,True,,,,UNRESOLVED_STRUCTURE,OBSERVATION_INSUFFICIENT,1,0,1,False,0,0,False,INHERITED_RAW_PRICE_BASIS,False,False
2025-08-13|92290,2025-08-13,92290,09:30,15:05,275,COMPLETE,5,0,DOWN,-0.6920415224913494,AVAILABLE,7.0,True,,,,UNRESOLVED_STRUCTURE,OBSERVATION_INSUFFICIENT,1,0,2,False,0,0,False,INHERITED_RAW_PRICE_BASIS,True,False
2025-08-13|92290,2025-08-13,92290,09:30,15:10,280,PARTIAL,4,1,,,AVAILABLE,7.0,True,,,,UNRESOLVED_STRUCTURE,OBSERVATION_INSUFFICIENT,1,0,0,False,0,0,False,INHERITED_RAW_PRICE_BASIS,False,False
2025-08-13|92290,2025-08-13,92290,09:30,15:15,285,COMPLETE,5,0,UP,0.580046403712297,AVAILABLE,7.0,True,,,,UNRESOLVED_STRUCTURE,OBSERVATION_INSUFFICIENT,1,0,1,False,0,0,False,INHERITED_RAW_PRICE_BASIS,False,False
2025-08-13|92290,2025-08-13,92290,09:30,15:20,290,PARTIAL,4,1,,,AVAILABLE,7.0,True,,,,CURRENT_BAR_UNAVAILABLE,RIGHT_CENSORED,0,0,0,False,0,0,False,INHERITED_RAW_PRICE_BASIS,False,False
2025-08-13|92290,2025-08-13,92290,09:30,15:25,295,COMPLETE,5,0,UP,1.2702078521939955,AVAILABLE,7.0,True,,,,UNRESOLVED_STRUCTURE,RIGHT_CENSORED,0,0,1,False,3,4,False,INHERITED_RAW_PRICE_BASIS,False,False
