opportunity,session,symbol,selectorTime,asOf,elapsedActiveMinutes,observation,observed1m,missing1m,direction,return5Pct,scaleStatus,scale,dailyComplete5,structure,phase,attributes,stateReason,futureStatus,futureMissing,lateConfirmedPivots,pivotN,localRange,sameBarOrderAmbiguities,closedCrossEvents,semanticAny,contextPriceBasis,transitionObservablePair,phaseChanged
2025-07-30|130A0,2025-07-30,130A0,10:30,10:30,0,COMPLETE,5,0,DOWN,-0.9569377990430622,PREVIOUS_CONTEXT_UNAVAILABLE,,True,,,RANGE_COMPRESSION|VOLUME_COMPRESSION|TRADING_VALUE_COMPRESSION,SCALE_UNAVAILABLE,WINDOW_OBSERVED,0,0,0,False,0,0,False,INHERITED_RAW_PRICE_BASIS,False,False
2025-07-30|130A0,2025-07-30,130A0,10:30,10:35,5,COMPLETE,5,0,UP,2.8950542822677927,PREVIOUS_CONTEXT_UNAVAILABLE,,True,,,RANGE_EXPANSION|VOLUME_EXPANSION|TRADING_VALUE_EXPANSION,SCALE_UNAVAILABLE,WINDOW_OBSERVED,0,0,0,False,0,0,False,INHERITED_RAW_PRICE_BASIS,True,False
2025-07-30|130A0,2025-07-30,130A0,10:30,10:40,10,COMPLETE,5,0,DOWN,-1.408450704225352,PREVIOUS_CONTEXT_UNAVAILABLE,,True,,,,SCALE_UNAVAILABLE,WINDOW_OBSERVED,0,0,0,False,0,0,False,INHERITED_RAW_PRICE_BASIS,True,False
2025-07-30|130A0,2025-07-30,130A0,10:30,10:45,15,COMPLETE,5,0,UP,2.863961813842482,PREVIOUS_CONTEXT_UNAVAILABLE,,True,,,TRADING_VALUE_EXPANSION,SCALE_UNAVAILABLE,WINDOW_OBSERVED,0,0,0,False,0,0,False,INHERITED_RAW_PRICE_BASIS,True,False
2025-07-30|130A0,2025-07-30,130A0,10:30,10:50,20,COMPLETE,5,0,UP,2.7906976744186047,PREVIOUS_CONTEXT_UNAVAILABLE,,True,,,VOLUME_EXPANSION|TRADING_VALUE_EXPANSION,SCALE_UNAVAILABLE,WINDOW_OBSERVED,0,0,0,False,0,0,False,INHERITED_RAW_PRICE_BASIS,True,False
2025-07-30|130A0,2025-07-30,130A0,10:30,10:55,25,COMPLETE,5,0,DOWN,-1.1312217194570136,PREVIOUS_CONTEXT_UNAVAILABLE,,True,,,RANGE_COMPRESSION|VOLUME_COMPRESSION|TRADING_VALUE_COMPRESSION,SCALE_UNAVAILABLE,WINDOW_OBSERVED,0,0,0,False,0,0,False,INHERITED_RAW_PRICE_BASIS,True,False
2025-07-30|130A0,2025-07-30,130A0,10:30,11:00,30,COMPLETE,5,0,UP,1.9450800915331807,PREVIOUS_CONTEXT_UNAVAILABLE,,True,,,,SCALE_UNAVAILABLE,WINDOW_OBSERVED,0,0,0,False,0,0,False,INHERITED_RAW_PRICE_BASIS,True,False
2025-07-30|130A0,2025-07-30,130A0,10:30,11:05,35,COMPLETE,5,0,DOWN,-0.5611672278338945,PREVIOUS_CONTEXT_UNAVAILABLE,,True,,,RANGE_COMPRESSION,SCALE_UNAVAILABLE,WINDOW_OBSERVED,0,0,0,False,0,0,False,INHERITED_RAW_PRICE_BASIS,True,False
2025-07-30|130A0,2025-07-30,130A0,10:30,11:10,40,COMPLETE,5,0,DOWN,-0.33975084937712347,PREVIOUS_CONTEXT_UNAVAILABLE,,True,,,VOLUME_COMPRESSION|TRADING_VALUE_COMPRESSION,SCALE_UNAVAILABLE,WINDOW_OBSERVED,0,0,0,False,0,0,False,INHERITED_RAW_PRICE_BASIS,True,False
2025-07-30|130A0,2025-07-30,130A0,10:30,11:15,45,COMPLETE,5,0,UP,0.22753128555176336,PREVIOUS_CONTEXT_UNAVAILABLE,,True,,,RANGE_COMPRESSION|VOLUME_COMPRESSION|TRADING_VALUE_COMPRESSION,SCALE_UNAVAILABLE,WINDOW_OBSERVED,0,0,0,False,0,0,False,INHERITED_RAW_PRICE_BASIS,True,False
2025-07-30|130A0,2025-07-30,130A0,10:30,11:20,50,COMPLETE,5,0,DOWN,-0.45454545454545453,PREVIOUS_CONTEXT_UNAVAILABLE,,True,,,RANGE_EXPANSION|VOLUME_EXPANSION|TRADING_VALUE_EXPANSION,SCALE_UNAVAILABLE,OBSERVATION_INSUFFICIENT,5,0,0,False,0,0,False,INHERITED_RAW_PRICE_BASIS,True,False
2025-07-30|130A0,2025-07-30,130A0,10:30,11:25,55,COMPLETE,5,0,UP,2.3917995444191344,PREVIOUS_CONTEXT_UNAVAILABLE,,True,,,VOLUME_EXPANSION|TRADING_VALUE_EXPANSION,SCALE_UNAVAILABLE,OBSERVATION_INSUFFICIENT,10,0,0,False,0,0,False,INHERITED_RAW_PRICE_BASIS,True,False
2025-07-30|130A0,2025-07-30,130A0,10:30,11:30,60,UNAVAILABLE,0,5,,,PREVIOUS_CONTEXT_UNAVAILABLE,,True,,,,CURRENT_BAR_UNAVAILABLE,OBSERVATION_INSUFFICIENT,10,0,0,False,0,0,False,INHERITED_RAW_PRICE_BASIS,False,False
2025-07-30|130A0,2025-07-30,130A0,10:30,12:35,65,UNAVAILABLE,0,5,,,PREVIOUS_CONTEXT_UNAVAILABLE,,True,,,,CURRENT_BAR_UNAVAILABLE,OBSERVATION_INSUFFICIENT,10,0,0,False,0,0,False,INHERITED_RAW_PRICE_BASIS,False,False
2025-07-30|130A0,2025-07-30,130A0,10:30,12:40,70,UNAVAILABLE,0,5,,,PREVIOUS_CONTEXT_UNAVAILABLE,,True,,,,CURRENT_BAR_UNAVAILABLE,OBSERVATION_INSUFFICIENT,10,0,0,False,0,0,False,INHERITED_RAW_PRICE_BASIS,False,False
2025-07-30|130A0,2025-07-30,130A0,10:30,12:45,75,UNAVAILABLE,0,5,,,PREVIOUS_CONTEXT_UNAVAILABLE,,True,,,,CURRENT_BAR_UNAVAILABLE,OBSERVATION_INSUFFICIENT,10,0,0,False,0,0,False,INHERITED_RAW_PRICE_BASIS,False,False
2025-07-30|130A0,2025-07-30,130A0,10:30,12:50,80,UNAVAILABLE,0,5,,,PREVIOUS_CONTEXT_UNAVAILABLE,,True,,,,CURRENT_BAR_UNAVAILABLE,OBSERVATION_INSUFFICIENT,10,0,0,False,0,0,False,INHERITED_RAW_PRICE_BASIS,False,False
2025-07-30|130A0,2025-07-30,130A0,10:30,12:55,85,UNAVAILABLE,0,5,,,PREVIOUS_CONTEXT_UNAVAILABLE,,True,,,,CURRENT_BAR_UNAVAILABLE,OBSERVATION_INSUFFICIENT,10,0,0,False,0,0,False,INHERITED_RAW_PRICE_BASIS,False,False
2025-07-30|130A0,2025-07-30,130A0,10:30,13:00,90,UNAVAILABLE,0,5,,,PREVIOUS_CONTEXT_UNAVAILABLE,,True,,,,CURRENT_BAR_UNAVAILABLE,OBSERVATION_INSUFFICIENT,10,0,0,False,0,0,False,INHERITED_RAW_PRICE_BASIS,False,False
2025-07-30|130A0,2025-07-30,130A0,10:30,13:05,95,UNAVAILABLE,0,5,,,PREVIOUS_CONTEXT_UNAVAILABLE,,True,,,,CURRENT_BAR_UNAVAILABLE,OBSERVATION_INSUFFICIENT,10,0,0,False,0,0,False,INHERITED_RAW_PRICE_BASIS,False,False
2025-07-30|130A0,2025-07-30,130A0,10:30,13:10,100,UNAVAILABLE,0,5,,,PREVIOUS_CONTEXT_UNAVAILABLE,,True,,,,CURRENT_BAR_UNAVAILABLE,OBSERVATION_INSUFFICIENT,10,0,0,False,0,0,False,INHERITED_RAW_PRICE_BASIS,False,False
2025-07-30|130A0,2025-07-30,130A0,10:30,13:15,105,UNAVAILABLE,0,5,,,PREVIOUS_CONTEXT_UNAVAILABLE,,True,,,,CURRENT_BAR_UNAVAILABLE,OBSERVATION_INSUFFICIENT,10,0,0,False,0,0,False,INHERITED_RAW_PRICE_BASIS,False,False
2025-07-30|130A0,2025-07-30,130A0,10:30,13:20,110,UNAVAILABLE,0,5,,,PREVIOUS_CONTEXT_UNAVAILABLE,,True,,,,CURRENT_BAR_UNAVAILABLE,OBSERVATION_INSUFFICIENT,10,0,0,False,0,0,False,INHERITED_RAW_PRICE_BASIS,False,False
2025-07-30|130A0,2025-07-30,130A0,10:30,13:25,115,UNAVAILABLE,0,5,,,PREVIOUS_CONTEXT_UNAVAILABLE,,True,,,,CURRENT_BAR_UNAVAILABLE,OBSERVATION_INSUFFICIENT,10,0,0,False,0,0,False,INHERITED_RAW_PRICE_BASIS,False,False
2025-07-30|130A0,2025-07-30,130A0,10:30,13:30,120,UNAVAILABLE,0,5,,,PREVIOUS_CONTEXT_UNAVAILABLE,,True,,,,CURRENT_BAR_UNAVAILABLE,OBSERVATION_INSUFFICIENT,10,0,0,False,0,0,False,INHERITED_RAW_PRICE_BASIS,False,False
2025-07-30|130A0,2025-07-30,130A0,10:30,13:35,125,UNAVAILABLE,0,5,,,PREVIOUS_CONTEXT_UNAVAILABLE,,True,,,,CURRENT_BAR_UNAVAILABLE,OBSERVATION_INSUFFICIENT,10,0,0,False,0,0,False,INHERITED_RAW_PRICE_BASIS,False,False
2025-07-30|130A0,2025-07-30,130A0,10:30,13:40,130,UNAVAILABLE,0,5,,,PREVIOUS_CONTEXT_UNAVAILABLE,,True,,,,CURRENT_BAR_UNAVAILABLE,OBSERVATION_INSUFFICIENT,10,0,0,False,0,0,False,INHERITED_RAW_PRICE_BASIS,False,False
2025-07-30|130A0,2025-07-30,130A0,10:30,13:45,135,UNAVAILABLE,0,5,,,PREVIOUS_CONTEXT_UNAVAILABLE,,True,,,,CURRENT_BAR_UNAVAILABLE,OBSERVATION_INSUFFICIENT,10,0,0,False,0,0,False,INHERITED_RAW_PRICE_BASIS,False,False
2025-07-30|130A0,2025-07-30,130A0,10:30,13:50,140,UNAVAILABLE,0,5,,,PREVIOUS_CONTEXT_UNAVAILABLE,,True,,,,CURRENT_BAR_UNAVAILABLE,OBSERVATION_INSUFFICIENT,10,0,0,False,0,0,False,INHERITED_RAW_PRICE_BASIS,False,False
2025-07-30|130A0,2025-07-30,130A0,10:30,13:55,145,UNAVAILABLE,0,5,,,PREVIOUS_CONTEXT_UNAVAILABLE,,True,,,,CURRENT_BAR_UNAVAILABLE,OBSERVATION_INSUFFICIENT,10,0,0,False,0,0,False,INHERITED_RAW_PRICE_BASIS,False,False
2025-07-30|130A0,2025-07-30,130A0,10:30,14:00,150,UNAVAILABLE,0,5,,,PREVIOUS_CONTEXT_UNAVAILABLE,,True,,,,CURRENT_BAR_UNAVAILABLE,OBSERVATION_INSUFFICIENT,10,0,0,False,0,0,False,INHERITED_RAW_PRICE_BASIS,False,False
2025-07-30|130A0,2025-07-30,130A0,10:30,14:05,155,UNAVAILABLE,0,5,,,PREVIOUS_CONTEXT_UNAVAILABLE,,True,,,,CURRENT_BAR_UNAVAILABLE,OBSERVATION_INSUFFICIENT,10,0,0,False,0,0,False,INHERITED_RAW_PRICE_BASIS,False,False
2025-07-30|130A0,2025-07-30,130A0,10:30,14:10,160,UNAVAILABLE,0,5,,,PREVIOUS_CONTEXT_UNAVAILABLE,,True,,,,CURRENT_BAR_UNAVAILABLE,OBSERVATION_INSUFFICIENT,10,0,0,False,0,0,False,INHERITED_RAW_PRICE_BASIS,False,False
2025-07-30|130A0,2025-07-30,130A0,10:30,14:15,165,UNAVAILABLE,0,5,,,PREVIOUS_CONTEXT_UNAVAILABLE,,True,,,,CURRENT_BAR_UNAVAILABLE,OBSERVATION_INSUFFICIENT,10,0,0,False,0,0,False,INHERITED_RAW_PRICE_BASIS,False,False
2025-07-30|130A0,2025-07-30,130A0,10:30,14:20,170,UNAVAILABLE,0,5,,,PREVIOUS_CONTEXT_UNAVAILABLE,,True,,,,CURRENT_BAR_UNAVAILABLE,OBSERVATION_INSUFFICIENT,10,0,0,False,0,0,False,INHERITED_RAW_PRICE_BASIS,False,False
2025-07-30|130A0,2025-07-30,130A0,10:30,14:25,175,UNAVAILABLE,0,5,,,PREVIOUS_CONTEXT_UNAVAILABLE,,True,,,,CURRENT_BAR_UNAVAILABLE,OBSERVATION_INSUFFICIENT,10,0,0,False,0,0,False,INHERITED_RAW_PRICE_BASIS,False,False
2025-07-30|130A0,2025-07-30,130A0,10:30,14:30,180,UNAVAILABLE,0,5,,,PREVIOUS_CONTEXT_UNAVAILABLE,,True,,,,CURRENT_BAR_UNAVAILABLE,OBSERVATION_INSUFFICIENT,10,0,0,False,0,0,False,INHERITED_RAW_PRICE_BASIS,False,False
2025-07-30|130A0,2025-07-30,130A0,10:30,14:35,185,UNAVAILABLE,0,5,,,PREVIOUS_CONTEXT_UNAVAILABLE,,True,,,,CURRENT_BAR_UNAVAILABLE,OBSERVATION_INSUFFICIENT,10,0,0,False,0,0,False,INHERITED_RAW_PRICE_BASIS,False,False
2025-07-30|130A0,2025-07-30,130A0,10:30,14:40,190,UNAVAILABLE,0,5,,,PREVIOUS_CONTEXT_UNAVAILABLE,,True,,,,CURRENT_BAR_UNAVAILABLE,OBSERVATION_INSUFFICIENT,10,0,0,False,0,0,False,INHERITED_RAW_PRICE_BASIS,False,False
2025-07-30|130A0,2025-07-30,130A0,10:30,14:45,195,UNAVAILABLE,0,5,,,PREVIOUS_CONTEXT_UNAVAILABLE,,True,,,,CURRENT_BAR_UNAVAILABLE,OBSERVATION_INSUFFICIENT,10,0,0,False,0,0,False,INHERITED_RAW_PRICE_BASIS,False,False
2025-07-30|130A0,2025-07-30,130A0,10:30,14:50,200,UNAVAILABLE,0,5,,,PREVIOUS_CONTEXT_UNAVAILABLE,,True,,,,CURRENT_BAR_UNAVAILABLE,OBSERVATION_INSUFFICIENT,10,0,0,False,0,0,False,INHERITED_RAW_PRICE_BASIS,False,False
2025-07-30|130A0,2025-07-30,130A0,10:30,14:55,205,UNAVAILABLE,0,5,,,PREVIOUS_CONTEXT_UNAVAILABLE,,True,,,,CURRENT_BAR_UNAVAILABLE,OBSERVATION_INSUFFICIENT,10,0,0,False,0,0,False,INHERITED_RAW_PRICE_BASIS,False,False
2025-07-30|130A0,2025-07-30,130A0,10:30,15:00,210,UNAVAILABLE,0,5,,,PREVIOUS_CONTEXT_UNAVAILABLE,,True,,,,CURRENT_BAR_UNAVAILABLE,OBSERVATION_INSUFFICIENT,10,0,0,False,0,0,False,INHERITED_RAW_PRICE_BASIS,False,False
2025-07-30|130A0,2025-07-30,130A0,10:30,15:05,215,UNAVAILABLE,0,5,,,PREVIOUS_CONTEXT_UNAVAILABLE,,True,,,,CURRENT_BAR_UNAVAILABLE,OBSERVATION_INSUFFICIENT,10,0,0,False,0,0,False,INHERITED_RAW_PRICE_BASIS,False,False
2025-07-30|130A0,2025-07-30,130A0,10:30,15:10,220,UNAVAILABLE,0,5,,,PREVIOUS_CONTEXT_UNAVAILABLE,,True,,,,CURRENT_BAR_UNAVAILABLE,OBSERVATION_INSUFFICIENT,10,0,0,False,0,0,False,INHERITED_RAW_PRICE_BASIS,False,False
2025-07-30|130A0,2025-07-30,130A0,10:30,15:15,225,UNAVAILABLE,0,5,,,PREVIOUS_CONTEXT_UNAVAILABLE,,True,,,,CURRENT_BAR_UNAVAILABLE,OBSERVATION_INSUFFICIENT,10,0,0,False,0,0,False,INHERITED_RAW_PRICE_BASIS,False,False
2025-07-30|130A0,2025-07-30,130A0,10:30,15:20,230,UNAVAILABLE,0,5,,,PREVIOUS_CONTEXT_UNAVAILABLE,,True,,,,CURRENT_BAR_UNAVAILABLE,RIGHT_CENSORED,5,0,0,False,0,0,False,INHERITED_RAW_PRICE_BASIS,False,False
2025-07-30|130A0,2025-07-30,130A0,10:30,15:25,235,UNAVAILABLE,0,5,,,PREVIOUS_CONTEXT_UNAVAILABLE,,True,,,,CURRENT_BAR_UNAVAILABLE,RIGHT_CENSORED,0,0,0,False,0,0,False,INHERITED_RAW_PRICE_BASIS,False,False
2025-07-30|150A0,2025-07-30,150A0,14:00,14:00,0,PARTIAL,2,3,,,SCALE_INSUFFICIENT,,True,,,,CURRENT_BAR_UNAVAILABLE,OBSERVATION_INSUFFICIENT,10,0,0,False,0,0,False,INHERITED_RAW_PRICE_BASIS,False,False
2025-07-30|150A0,2025-07-30,150A0,14:00,14:05,5,UNAVAILABLE,0,5,,,SCALE_INSUFFICIENT,,True,,,,CURRENT_BAR_UNAVAILABLE,OBSERVATION_INSUFFICIENT,10,0,0,False,0,0,False,INHERITED_RAW_PRICE_BASIS,False,False
2025-07-30|150A0,2025-07-30,150A0,14:00,14:10,10,UNAVAILABLE,0,5,,,SCALE_INSUFFICIENT,,True,,,,CURRENT_BAR_UNAVAILABLE,OBSERVATION_INSUFFICIENT,8,0,0,False,0,0,False,INHERITED_RAW_PRICE_BASIS,False,False
2025-07-30|150A0,2025-07-30,150A0,14:00,14:15,15,UNAVAILABLE,0,5,,,SCALE_INSUFFICIENT,,True,,,,CURRENT_BAR_UNAVAILABLE,OBSERVATION_INSUFFICIENT,6,0,0,False,0,0,False,INHERITED_RAW_PRICE_BASIS,False,False
2025-07-30|150A0,2025-07-30,150A0,14:00,14:20,20,PARTIAL,2,3,,,SCALE_INSUFFICIENT,,True,,,,SCALE_UNAVAILABLE,OBSERVATION_INSUFFICIENT,8,0,0,False,1,2,False,INHERITED_RAW_PRICE_BASIS,False,False
2025-07-30|150A0,2025-07-30,150A0,14:00,14:25,25,PARTIAL,2,3,,,SCALE_INSUFFICIENT,,True,,,,SCALE_UNAVAILABLE,OBSERVATION_INSUFFICIENT,9,0,0,False,0,0,False,INHERITED_RAW_PRICE_BASIS,False,False
2025-07-30|150A0,2025-07-30,150A0,14:00,14:30,30,UNAVAILABLE,0,5,,,SCALE_INSUFFICIENT,,True,,,,CURRENT_BAR_UNAVAILABLE,OBSERVATION_INSUFFICIENT,9,0,0,False,0,0,False,INHERITED_RAW_PRICE_BASIS,False,False
2025-07-30|150A0,2025-07-30,150A0,14:00,14:35,35,PARTIAL,1,4,,,SCALE_INSUFFICIENT,,True,,,,CURRENT_BAR_UNAVAILABLE,OBSERVATION_INSUFFICIENT,10,0,0,False,0,0,False,INHERITED_RAW_PRICE_BASIS,False,False
2025-07-30|150A0,2025-07-30,150A0,14:00,14:40,40,UNAVAILABLE,0,5,,,SCALE_INSUFFICIENT,,True,,,,CURRENT_BAR_UNAVAILABLE,OBSERVATION_INSUFFICIENT,10,0,0,False,0,0,False,INHERITED_RAW_PRICE_BASIS,False,False
2025-07-30|150A0,2025-07-30,150A0,14:00,14:45,45,UNAVAILABLE,0,5,,,SCALE_INSUFFICIENT,,True,,,,CURRENT_BAR_UNAVAILABLE,OBSERVATION_INSUFFICIENT,10,0,0,False,0,0,False,INHERITED_RAW_PRICE_BASIS,False,False
2025-07-30|150A0,2025-07-30,150A0,14:00,14:50,50,UNAVAILABLE,0,5,,,SCALE_INSUFFICIENT,,True,,,,CURRENT_BAR_UNAVAILABLE,OBSERVATION_INSUFFICIENT,10,0,0,False,0,0,False,INHERITED_RAW_PRICE_BASIS,False,False
2025-07-30|150A0,2025-07-30,150A0,14:00,14:55,55,UNAVAILABLE,0,5,,,SCALE_INSUFFICIENT,,True,,,,CURRENT_BAR_UNAVAILABLE,OBSERVATION_INSUFFICIENT,10,0,0,False,0,0,False,INHERITED_RAW_PRICE_BASIS,False,False
2025-07-30|150A0,2025-07-30,150A0,14:00,15:00,60,UNAVAILABLE,0,5,,,SCALE_INSUFFICIENT,,True,,,,CURRENT_BAR_UNAVAILABLE,OBSERVATION_INSUFFICIENT,10,0,0,False,0,0,False,INHERITED_RAW_PRICE_BASIS,False,False
2025-07-30|150A0,2025-07-30,150A0,14:00,15:05,65,UNAVAILABLE,0,5,,,SCALE_INSUFFICIENT,,True,,,,CURRENT_BAR_UNAVAILABLE,OBSERVATION_INSUFFICIENT,10,0,0,False,0,0,False,INHERITED_RAW_PRICE_BASIS,False,False
2025-07-30|150A0,2025-07-30,150A0,14:00,15:10,70,UNAVAILABLE,0,5,,,SCALE_INSUFFICIENT,,True,,,,CURRENT_BAR_UNAVAILABLE,OBSERVATION_INSUFFICIENT,10,0,0,False,0,0,False,INHERITED_RAW_PRICE_BASIS,False,False
2025-07-30|150A0,2025-07-30,150A0,14:00,15:15,75,UNAVAILABLE,0,5,,,SCALE_INSUFFICIENT,,True,,,,CURRENT_BAR_UNAVAILABLE,OBSERVATION_INSUFFICIENT,9,0,0,False,0,0,False,INHERITED_RAW_PRICE_BASIS,False,False
2025-07-30|150A0,2025-07-30,150A0,14:00,15:20,80,UNAVAILABLE,0,5,,,SCALE_INSUFFICIENT,,True,,,,CURRENT_BAR_UNAVAILABLE,RIGHT_CENSORED,4,0,0,False,0,0,False,INHERITED_RAW_PRICE_BASIS,False,False
2025-07-30|150A0,2025-07-30,150A0,14:00,15:25,85,PARTIAL,1,4,,,SCALE_INSUFFICIENT,,True,,,,CURRENT_BAR_UNAVAILABLE,RIGHT_CENSORED,0,0,0,False,1,0,False,INHERITED_RAW_PRICE_BASIS,False,False
2025-07-30|165A0,2025-07-30,165A0,13:00,13:00,0,COMPLETE,5,0,UP,0.5181347150259067,SCALE_INSUFFICIENT,,True,,,,SCALE_UNAVAILABLE,WINDOW_OBSERVED,0,0,0,False,0,0,False,INHERITED_RAW_PRICE_BASIS,False,False
2025-07-30|165A0,2025-07-30,165A0,13:00,13:05,5,COMPLETE,5,0,UNCHANGED,0.0,SCALE_INSUFFICIENT,,True,,,RANGE_COMPRESSION,SCALE_UNAVAILABLE,WINDOW_OBSERVED,0,0,0,False,0,0,False,INHERITED_RAW_PRICE_BASIS,True,False
2025-07-30|165A0,2025-07-30,165A0,13:00,13:10,10,COMPLETE,5,0,DOWN,-0.5154639175257731,SCALE_INSUFFICIENT,,True,,,RANGE_EXPANSION,SCALE_UNAVAILABLE,OBSERVATION_INSUFFICIENT,1,0,0,False,0,0,False,INHERITED_RAW_PRICE_BASIS,True,False
2025-07-30|165A0,2025-07-30,165A0,13:00,13:15,15,COMPLETE,5,0,DOWN,-0.5181347150259067,SCALE_INSUFFICIENT,,True,,,RANGE_COMPRESSION|VOLUME_COMPRESSION|TRADING_VALUE_COMPRESSION,SCALE_UNAVAILABLE,OBSERVATION_INSUFFICIENT,2,0,0,False,0,0,False,INHERITED_RAW_PRICE_BASIS,True,False
2025-07-30|165A0,2025-07-30,165A0,13:00,13:20,20,PARTIAL,4,1,,,SCALE_INSUFFICIENT,,True,,,,SCALE_UNAVAILABLE,OBSERVATION_INSUFFICIENT,2,0,0,False,0,0,False,INHERITED_RAW_PRICE_BASIS,False,False
2025-07-30|165A0,2025-07-30,165A0,13:00,13:25,25,PARTIAL,4,1,,,SCALE_INSUFFICIENT,,True,,,,CURRENT_BAR_UNAVAILABLE,OBSERVATION_INSUFFICIENT,2,0,0,False,0,0,False,INHERITED_RAW_PRICE_BASIS,False,False
2025-07-30|165A0,2025-07-30,165A0,13:00,13:30,30,PARTIAL,4,1,,,SCALE_INSUFFICIENT,,True,,,,SCALE_UNAVAILABLE,OBSERVATION_INSUFFICIENT,1,0,0,False,0,0,False,INHERITED_RAW_PRICE_BASIS,False,False
2025-07-30|165A0,2025-07-30,165A0,13:00,13:35,35,PARTIAL,4,1,,,SCALE_INSUFFICIENT,,True,,,,SCALE_UNAVAILABLE,OBSERVATION_INSUFFICIENT,1,0,0,False,0,0,False,INHERITED_RAW_PRICE_BASIS,False,False
2025-07-30|165A0,2025-07-30,165A0,13:00,13:40,40,COMPLETE,5,0,UNCHANGED,0.0,SCALE_INSUFFICIENT,,True,,,,SCALE_UNAVAILABLE,OBSERVATION_INSUFFICIENT,3,0,0,False,0,0,False,INHERITED_RAW_PRICE_BASIS,False,False
2025-07-30|165A0,2025-07-30,165A0,13:00,13:45,45,PARTIAL,4,1,,,SCALE_INSUFFICIENT,,True,,,,SCALE_UNAVAILABLE,OBSERVATION_INSUFFICIENT,5,0,0,False,0,0,False,INHERITED_RAW_PRICE_BASIS,False,False
2025-07-30|165A0,2025-07-30,165A0,13:00,13:50,50,PARTIAL,3,2,,,SCALE_INSUFFICIENT,,True,,,,CURRENT_BAR_UNAVAILABLE,OBSERVATION_INSUFFICIENT,4,0,0,False,0,0,False,INHERITED_RAW_PRICE_BASIS,False,False
2025-07-30|165A0,2025-07-30,165A0,13:00,13:55,55,PARTIAL,2,3,,,SCALE_INSUFFICIENT,,True,,,,SCALE_UNAVAILABLE,OBSERVATION_INSUFFICIENT,2,0,0,False,0,0,False,INHERITED_RAW_PRICE_BASIS,False,False
2025-07-30|165A0,2025-07-30,165A0,13:00,14:00,60,PARTIAL,4,1,,,SCALE_INSUFFICIENT,,True,,,,SCALE_UNAVAILABLE,OBSERVATION_INSUFFICIENT,1,0,0,False,0,0,False,INHERITED_RAW_PRICE_BASIS,False,False
2025-07-30|165A0,2025-07-30,165A0,13:00,14:05,65,PARTIAL,4,1,,,SCALE_INSUFFICIENT,,True,,,,SCALE_UNAVAILABLE,WINDOW_OBSERVED,0,0,0,False,0,0,False,INHERITED_RAW_PRICE_BASIS,False,False
2025-07-30|165A0,2025-07-30,165A0,13:00,14:10,70,COMPLETE,5,0,UNCHANGED,0.0,SCALE_INSUFFICIENT,,True,,,,SCALE_UNAVAILABLE,WINDOW_OBSERVED,0,0,0,False,0,0,False,INHERITED_RAW_PRICE_BASIS,False,False
2025-07-30|165A0,2025-07-30,165A0,13:00,14:15,75,COMPLETE,5,0,UNCHANGED,0.0,SCALE_INSUFFICIENT,,True,,,,SCALE_UNAVAILABLE,OBSERVATION_INSUFFICIENT,1,0,0,False,0,0,False,INHERITED_RAW_PRICE_BASIS,True,False
2025-07-30|165A0,2025-07-30,165A0,13:00,14:20,80,COMPLETE,5,0,UNCHANGED,0.0,SCALE_INSUFFICIENT,,True,,,RANGE_COMPRESSION,SCALE_UNAVAILABLE,OBSERVATION_INSUFFICIENT,1,0,0,False,0,0,False,INHERITED_RAW_PRICE_BASIS,True,False
2025-07-30|165A0,2025-07-30,165A0,13:00,14:25,85,PARTIAL,4,1,,,SCALE_INSUFFICIENT,,True,,,,SCALE_UNAVAILABLE,OBSERVATION_INSUFFICIENT,1,0,0,False,0,0,False,INHERITED_RAW_PRICE_BASIS,False,False
2025-07-30|165A0,2025-07-30,165A0,13:00,14:30,90,COMPLETE,5,0,UNCHANGED,0.0,SCALE_INSUFFICIENT,,True,,,,SCALE_UNAVAILABLE,OBSERVATION_INSUFFICIENT,1,0,0,False,0,0,False,INHERITED_RAW_PRICE_BASIS,False,False
2025-07-30|165A0,2025-07-30,165A0,13:00,14:35,95,PARTIAL,4,1,,,SCALE_INSUFFICIENT,,True,,,,CURRENT_BAR_UNAVAILABLE,OBSERVATION_INSUFFICIENT,3,0,0,False,0,0,False,INHERITED_RAW_PRICE_BASIS,False,False
2025-07-30|165A0,2025-07-30,165A0,13:00,14:40,100,COMPLETE,5,0,UNCHANGED,0.0,SCALE_INSUFFICIENT,,True,,,,SCALE_UNAVAILABLE,OBSERVATION_INSUFFICIENT,5,0,0,False,0,0,False,INHERITED_RAW_PRICE_BASIS,False,False
2025-07-30|165A0,2025-07-30,165A0,13:00,14:45,105,PARTIAL,2,3,,,SCALE_INSUFFICIENT,,True,,,,CURRENT_BAR_UNAVAILABLE,OBSERVATION_INSUFFICIENT,2,0,0,False,0,0,False,INHERITED_RAW_PRICE_BASIS,False,False
2025-07-30|165A0,2025-07-30,165A0,13:00,14:50,110,PARTIAL,3,2,,,SCALE_INSUFFICIENT,,True,,,,SCALE_UNAVAILABLE,WINDOW_OBSERVED,0,0,0,False,0,0,False,INHERITED_RAW_PRICE_BASIS,False,False
2025-07-30|165A0,2025-07-30,165A0,13:00,14:55,115,COMPLETE,5,0,DOWN,-0.5208333333333334,SCALE_INSUFFICIENT,,True,,,,SCALE_UNAVAILABLE,OBSERVATION_INSUFFICIENT,2,0,0,False,0,0,False,INHERITED_RAW_PRICE_BASIS,False,False
2025-07-30|165A0,2025-07-30,165A0,13:00,15:00,120,COMPLETE,5,0,UP,0.5235602094240838,SCALE_INSUFFICIENT,,True,,,VOLUME_COMPRESSION|TRADING_VALUE_COMPRESSION,SCALE_UNAVAILABLE,OBSERVATION_INSUFFICIENT,2,0,0,False,0,0,False,INHERITED_RAW_PRICE_BASIS,True,False
2025-07-30|165A0,2025-07-30,165A0,13:00,15:05,125,PARTIAL,3,2,,,SCALE_INSUFFICIENT,,True,,,,SCALE_UNAVAILABLE,WINDOW_OBSERVED,0,0,0,False,0,0,False,INHERITED_RAW_PRICE_BASIS,False,False
2025-07-30|165A0,2025-07-30,165A0,13:00,15:10,130,COMPLETE,5,0,UP,0.5208333333333334,SCALE_INSUFFICIENT,,True,,,,SCALE_UNAVAILABLE,WINDOW_OBSERVED,0,0,0,False,0,0,False,INHERITED_RAW_PRICE_BASIS,False,False
2025-07-30|165A0,2025-07-30,165A0,13:00,15:15,135,COMPLETE,5,0,UNCHANGED,0.0,SCALE_INSUFFICIENT,,True,,,RANGE_COMPRESSION,SCALE_UNAVAILABLE,OBSERVATION_INSUFFICIENT,1,0,0,False,0,0,False,INHERITED_RAW_PRICE_BASIS,True,False
2025-07-30|165A0,2025-07-30,165A0,13:00,15:20,140,COMPLETE,5,0,DOWN,-0.5181347150259067,SCALE_INSUFFICIENT,,True,,,VOLUME_EXPANSION|TRADING_VALUE_EXPANSION,SCALE_UNAVAILABLE,RIGHT_CENSORED,1,0,0,False,0,0,False,INHERITED_RAW_PRICE_BASIS,True,False
2025-07-30|165A0,2025-07-30,165A0,13:00,15:25,145,PARTIAL,4,1,,,SCALE_INSUFFICIENT,,True,,,,SCALE_UNAVAILABLE,RIGHT_CENSORED,0,0,0,False,0,0,False,INHERITED_RAW_PRICE_BASIS,False,False
2025-07-30|21580,2025-07-30,21580,10:00,10:00,0,COMPLETE,5,0,DOWN,-5.696846388606307,AVAILABLE,25.0,True,,RESTRUCTURING,RANGE_EXPANSION|VOLUME_EXPANSION|TRADING_VALUE_EXPANSION,UNRESOLVED_STRUCTURE,WINDOW_OBSERVED,0,0,5,False,6,5,True,INHERITED_RAW_PRICE_BASIS,False,False
2025-07-30|21580,2025-07-30,21580,10:00,10:05,5,COMPLETE,5,0,UP,1.6146393972012918,AVAILABLE,25.0,True,,RESTRUCTURING,RANGE_COMPRESSION|VOLUME_COMPRESSION|TRADING_VALUE_COMPRESSION,UNRESOLVED_STRUCTURE,WINDOW_OBSERVED,0,0,5,False,1,0,True,INHERITED_RAW_PRICE_BASIS,True,False
2025-07-30|21580,2025-07-30,21580,10:00,10:10,10,COMPLETE,5,0,DOWN,-0.211864406779661,AVAILABLE,25.0,True,DOWN_STRUCTURE,CORRECTION|RECOVERY,RANGE_COMPRESSION|VOLUME_COMPRESSION|TRADING_VALUE_COMPRESSION,IDENTIFIED,WINDOW_OBSERVED,0,1,6,False,0,0,True,INHERITED_RAW_PRICE_BASIS,True,True
2025-07-30|21580,2025-07-30,21580,10:00,10:15,15,COMPLETE,5,0,UP,0.6369426751592356,AVAILABLE,25.0,True,DOWN_STRUCTURE,CORRECTION|RECOVERY,,IDENTIFIED,WINDOW_OBSERVED,0,1,6,False,0,0,True,INHERITED_RAW_PRICE_BASIS,True,False
2025-07-30|21580,2025-07-30,21580,10:00,10:20,20,COMPLETE,5,0,UP,1.36986301369863,AVAILABLE,25.0,True,DOWN_STRUCTURE,CORRECTION|RECOVERY,RANGE_EXPANSION|VOLUME_EXPANSION|TRADING_VALUE_EXPANSION,IDENTIFIED,WINDOW_OBSERVED,0,0,6,False,0,0,True,INHERITED_RAW_PRICE_BASIS,True,False
2025-07-30|21580,2025-07-30,21580,10:00,10:25,25,COMPLETE,5,0,UP,0.8307372793354102,AVAILABLE,25.0,True,DOWN_STRUCTURE,CORRECTION|RECOVERY,,IDENTIFIED,WINDOW_OBSERVED,0,0,6,False,4,2,True,INHERITED_RAW_PRICE_BASIS,True,False
2025-07-30|21580,2025-07-30,21580,10:00,10:30,30,COMPLETE,5,0,UP,0.6179196704428425,AVAILABLE,25.0,True,DOWN_STRUCTURE,CORRECTION|RECOVERY,VOLUME_COMPRESSION|TRADING_VALUE_COMPRESSION,IDENTIFIED,WINDOW_OBSERVED,0,0,6,False,2,2,True,INHERITED_RAW_PRICE_BASIS,True,False
2025-07-30|21580,2025-07-30,21580,10:00,10:35,35,COMPLETE,5,0,UP,3.282051282051282,AVAILABLE,25.0,True,DOWN_STRUCTURE,CORRECTION|RECOVERY,RANGE_EXPANSION|VOLUME_EXPANSION|TRADING_VALUE_EXPANSION,IDENTIFIED,WINDOW_OBSERVED,0,0,6,False,1,1,True,INHERITED_RAW_PRICE_BASIS,True,False
2025-07-30|21580,2025-07-30,21580,10:00,10:40,40,COMPLETE,5,0,UP,1.3930348258706469,AVAILABLE,25.0,True,,RESTRUCTURING,VOLUME_EXPANSION|TRADING_VALUE_EXPANSION,UNRESOLVED_STRUCTURE,WINDOW_OBSERVED,0,0,6,False,2,1,True,INHERITED_RAW_PRICE_BASIS,True,True
2025-07-30|21580,2025-07-30,21580,10:00,10:45,45,COMPLETE,5,0,UP,1.3725490196078431,AVAILABLE,25.0,True,,RESTRUCTURING,,UNRESOLVED_STRUCTURE,WINDOW_OBSERVED,0,0,6,False,3,2,True,INHERITED_RAW_PRICE_BASIS,True,False
2025-07-30|21580,2025-07-30,21580,10:00,10:50,50,COMPLETE,5,0,DOWN,-0.7744433688286544,AVAILABLE,25.0,True,,RESTRUCTURING,TRADING_VALUE_COMPRESSION,UNRESOLVED_STRUCTURE,WINDOW_OBSERVED,0,1,7,False,0,0,True,INHERITED_RAW_PRICE_BASIS,True,False
2025-07-30|21580,2025-07-30,21580,10:00,10:55,55,COMPLETE,5,0,DOWN,-0.5847953216374269,AVAILABLE,25.0,True,,RESTRUCTURING,,UNRESOLVED_STRUCTURE,WINDOW_OBSERVED,0,1,7,False,0,0,True,INHERITED_RAW_PRICE_BASIS,True,False
2025-07-30|21580,2025-07-30,21580,10:00,11:00,60,COMPLETE,5,0,UP,0.09803921568627451,AVAILABLE,25.0,True,,RESTRUCTURING,VOLUME_COMPRESSION|TRADING_VALUE_COMPRESSION,UNRESOLVED_STRUCTURE,WINDOW_OBSERVED,0,0,7,False,0,0,True,INHERITED_RAW_PRICE_BASIS,True,False
2025-07-30|21580,2025-07-30,21580,10:00,11:05,65,COMPLETE,5,0,DOWN,-0.09784735812133072,AVAILABLE,25.0,True,,RESTRUCTURING,,UNRESOLVED_STRUCTURE,WINDOW_OBSERVED,0,0,7,False,0,0,True,INHERITED_RAW_PRICE_BASIS,True,False
2025-07-30|21580,2025-07-30,21580,10:00,11:10,70,COMPLETE,5,0,DOWN,-1.1764705882352942,AVAILABLE,25.0,True,,RESTRUCTURING,,UNRESOLVED_STRUCTURE,WINDOW_OBSERVED,0,0,7,False,0,0,True,INHERITED_RAW_PRICE_BASIS,True,False
2025-07-30|21580,2025-07-30,21580,10:00,11:15,75,COMPLETE,5,0,UNCHANGED,0.0,AVAILABLE,25.0,True,RANGE_STRUCTURE,BALANCE,RANGE_COMPRESSION|VOLUME_COMPRESSION|TRADING_VALUE_COMPRESSION,IDENTIFIED,WINDOW_OBSERVED,0,0,7,True,0,0,True,INHERITED_RAW_PRICE_BASIS,True,True
2025-07-30|21580,2025-07-30,21580,10:00,11:20,80,COMPLETE,5,0,UP,2.0833333333333335,AVAILABLE,25.0,True,UP_STRUCTURE,RECOVERY,RANGE_EXPANSION,IDENTIFIED,WINDOW_OBSERVED,0,1,8,True,0,0,True,INHERITED_RAW_PRICE_BASIS,True,True
2025-07-30|21580,2025-07-30,21580,10:00,11:25,85,COMPLETE,5,0,DOWN,-0.19455252918287938,AVAILABLE,25.0,True,UP_STRUCTURE,RECOVERY,RANGE_COMPRESSION|VOLUME_COMPRESSION|TRADING_VALUE_COMPRESSION,IDENTIFIED,WINDOW_OBSERVED,0,1,8,True,0,0,True,INHERITED_RAW_PRICE_BASIS,True,False
2025-07-30|21580,2025-07-30,21580,10:00,11:30,90,COMPLETE,5,0,UP,0.7797270955165692,AVAILABLE,25.0,True,UP_STRUCTURE,RECOVERY,VOLUME_EXPANSION|TRADING_VALUE_EXPANSION,IDENTIFIED,WINDOW_OBSERVED,0,0,8,True,0,0,True,INHERITED_RAW_PRICE_BASIS,True,False
2025-07-30|21580,2025-07-30,21580,10:00,12:35,95,COMPLETE,5,0,DOWN,-0.8712487899322362,AVAILABLE,25.0,True,UP_STRUCTURE,CORRECTION,,IDENTIFIED,WINDOW_OBSERVED,0,1,1,False,2,0,True,INHERITED_RAW_PRICE_BASIS,True,True
2025-07-30|21580,2025-07-30,21580,10:00,12:40,100,COMPLETE,5,0,DOWN,-0.78125,AVAILABLE,25.0,True,UP_STRUCTURE,CORRECTION,RANGE_COMPRESSION|VOLUME_COMPRESSION|TRADING_VALUE_COMPRESSION,IDENTIFIED,WINDOW_OBSERVED,0,0,1,False,0,0,True,INHERITED_RAW_PRICE_BASIS,True,False
2025-07-30|21580,2025-07-30,21580,10:00,12:45,105,COMPLETE,5,0,DOWN,-3.143418467583497,AVAILABLE,25.0,True,,RESTRUCTURING,RANGE_EXPANSION|VOLUME_EXPANSION|TRADING_VALUE_EXPANSION,UNRESOLVED_STRUCTURE,WINDOW_OBSERVED,0,0,1,False,1,1,True,INHERITED_RAW_PRICE_BASIS,True,True
2025-07-30|21580,2025-07-30,21580,10:00,12:50,110,COMPLETE,5,0,UP,0.4056795131845842,AVAILABLE,25.0,True,,RESTRUCTURING,VOLUME_COMPRESSION|TRADING_VALUE_COMPRESSION,UNRESOLVED_STRUCTURE,WINDOW_OBSERVED,0,0,1,False,1,0,True,INHERITED_RAW_PRICE_BASIS,True,False
2025-07-30|21580,2025-07-30,21580,10:00,12:55,115,COMPLETE,5,0,UP,0.6054490413723511,AVAILABLE,25.0,True,,RESTRUCTURING,CHOPPINESS|RANGE_COMPRESSION,UNRESOLVED_STRUCTURE,WINDOW_OBSERVED,0,0,1,False,4,3,True,INHERITED_RAW_PRICE_BASIS,True,False
2025-07-30|21580,2025-07-30,21580,10:00,13:00,120,COMPLETE,5,0,DOWN,-0.20040080160320642,AVAILABLE,25.0,True,,RESTRUCTURING,,UNRESOLVED_STRUCTURE,WINDOW_OBSERVED,0,0,1,False,1,1,True,INHERITED_RAW_PRICE_BASIS,True,False
2025-07-30|21580,2025-07-30,21580,10:00,13:05,125,COMPLETE,5,0,DOWN,-0.5015045135406219,AVAILABLE,25.0,True,,RESTRUCTURING,RANGE_COMPRESSION|VOLUME_COMPRESSION|TRADING_VALUE_COMPRESSION,UNRESOLVED_STRUCTURE,WINDOW_OBSERVED,0,0,1,False,0,0,True,INHERITED_RAW_PRICE_BASIS,True,False
2025-07-30|21580,2025-07-30,21580,10:00,13:10,130,COMPLETE,5,0,UP,0.10090817356205853,AVAILABLE,25.0,True,,RESTRUCTURING,RANGE_COMPRESSION|VOLUME_COMPRESSION|TRADING_VALUE_COMPRESSION,UNRESOLVED_STRUCTURE,WINDOW_OBSERVED,0,0,1,False,0,0,True,INHERITED_RAW_PRICE_BASIS,True,False
2025-07-30|21580,2025-07-30,21580,10:00,13:15,135,COMPLETE,5,0,DOWN,-0.8072653884964682,AVAILABLE,25.0,True,RANGE_STRUCTURE,BALANCE,RANGE_EXPANSION|VOLUME_EXPANSION|TRADING_VALUE_EXPANSION,IDENTIFIED,WINDOW_OBSERVED,0,0,1,True,0,0,True,INHERITED_RAW_PRICE_BASIS,True,True
2025-07-30|21580,2025-07-30,21580,10:00,13:20,140,COMPLETE,5,0,UP,0.508130081300813,AVAILABLE,25.0,True,RANGE_STRUCTURE,BALANCE,,IDENTIFIED,WINDOW_OBSERVED,0,0,1,True,0,0,True,INHERITED_RAW_PRICE_BASIS,True,False
2025-07-30|21580,2025-07-30,21580,10:00,13:25,145,COMPLETE,5,0,DOWN,-0.20222446916076844,AVAILABLE,25.0,True,RANGE_STRUCTURE,BALANCE,RANGE_COMPRESSION|VOLUME_COMPRESSION|TRADING_VALUE_COMPRESSION,IDENTIFIED,WINDOW_OBSERVED,0,0,1,True,0,0,True,INHERITED_RAW_PRICE_BASIS,True,False
2025-07-30|21580,2025-07-30,21580,10:00,13:30,150,COMPLETE,5,0,DOWN,-0.30364372469635625,AVAILABLE,25.0,True,RANGE_STRUCTURE,BALANCE,RANGE_EXPANSION,IDENTIFIED,WINDOW_OBSERVED,0,0,1,True,0,0,True,INHERITED_RAW_PRICE_BASIS,True,False
2025-07-30|21580,2025-07-30,21580,10:00,13:35,155,COMPLETE,5,0,UP,1.8274111675126903,AVAILABLE,25.0,True,RANGE_STRUCTURE,BALANCE,RANGE_EXPANSION|VOLUME_EXPANSION|TRADING_VALUE_EXPANSION,IDENTIFIED,WINDOW_OBSERVED,0,0,1,True,3,1,True,INHERITED_RAW_PRICE_BASIS,True,False
2025-07-30|21580,2025-07-30,21580,10:00,13:40,160,COMPLETE,5,0,DOWN,-0.7960199004975125,AVAILABLE,25.0,True,RANGE_STRUCTURE,BALANCE,RANGE_COMPRESSION,IDENTIFIED,WINDOW_OBSERVED,0,0,1,True,1,1,True,INHERITED_RAW_PRICE_BASIS,True,False
2025-07-30|21580,2025-07-30,21580,10:00,13:45,165,COMPLETE,5,0,DOWN,-0.4012036108324975,AVAILABLE,25.0,True,RANGE_STRUCTURE,BALANCE,,IDENTIFIED,WINDOW_OBSERVED,0,0,1,True,0,0,True,INHERITED_RAW_PRICE_BASIS,True,False
2025-07-30|21580,2025-07-30,21580,10:00,13:50,170,COMPLETE,5,0,DOWN,-0.10080645161290322,AVAILABLE,25.0,True,RANGE_STRUCTURE,BALANCE,RANGE_COMPRESSION|VOLUME_COMPRESSION|TRADING_VALUE_COMPRESSION,IDENTIFIED,WINDOW_OBSERVED,0,0,1,True,0,0,True,INHERITED_RAW_PRICE_BASIS,True,False
2025-07-30|21580,2025-07-30,21580,10:00,13:55,175,COMPLETE,5,0,UP,0.10090817356205853,AVAILABLE,25.0,True,RANGE_STRUCTURE,BALANCE,,IDENTIFIED,WINDOW_OBSERVED,0,0,1,True,0,0,True,INHERITED_RAW_PRICE_BASIS,True,False
2025-07-30|21580,2025-07-30,21580,10:00,14:00,180,COMPLETE,5,0,UNCHANGED,0.0,AVAILABLE,25.0,True,RANGE_STRUCTURE,BALANCE,,IDENTIFIED,WINDOW_OBSERVED,0,0,1,True,0,0,True,INHERITED_RAW_PRICE_BASIS,True,False
2025-07-30|21580,2025-07-30,21580,10:00,14:05,185,COMPLETE,5,0,DOWN,-1.0070493454179255,AVAILABLE,25.0,True,RANGE_STRUCTURE,BALANCE,RANGE_EXPANSION|VOLUME_EXPANSION|TRADING_VALUE_EXPANSION,IDENTIFIED,WINDOW_OBSERVED,0,0,1,True,0,0,True,INHERITED_RAW_PRICE_BASIS,True,False
2025-07-30|21580,2025-07-30,21580,10:00,14:10,190,COMPLETE,5,0,UP,0.3051881993896236,AVAILABLE,25.0,True,RANGE_STRUCTURE,BALANCE,RANGE_COMPRESSION|VOLUME_COMPRESSION|TRADING_VALUE_COMPRESSION,IDENTIFIED,WINDOW_OBSERVED,0,0,1,True,0,0,True,INHERITED_RAW_PRICE_BASIS,True,False
2025-07-30|21580,2025-07-30,21580,10:00,14:15,195,COMPLETE,5,0,UP,0.6085192697768763,AVAILABLE,25.0,True,RANGE_STRUCTURE,BALANCE,,IDENTIFIED,WINDOW_OBSERVED,0,0,1,True,0,0,True,INHERITED_RAW_PRICE_BASIS,True,False
2025-07-30|21580,2025-07-30,21580,10:00,14:20,200,COMPLETE,5,0,DOWN,-0.20161290322580644,AVAILABLE,25.0,True,RANGE_STRUCTURE,BALANCE,VOLUME_COMPRESSION|TRADING_VALUE_COMPRESSION,IDENTIFIED,WINDOW_OBSERVED,0,0,1,True,0,0,True,INHERITED_RAW_PRICE_BASIS,True,False
2025-07-30|21580,2025-07-30,21580,10:00,14:25,205,COMPLETE,5,0,UP,0.20222446916076844,AVAILABLE,25.0,True,RANGE_STRUCTURE,BALANCE,RANGE_COMPRESSION|VOLUME_COMPRESSION|TRADING_VALUE_COMPRESSION,IDENTIFIED,WINDOW_OBSERVED,0,0,1,True,0,0,True,INHERITED_RAW_PRICE_BASIS,True,False
2025-07-30|21580,2025-07-30,21580,10:00,14:30,210,COMPLETE,5,0,UNCHANGED,0.0,AVAILABLE,25.0,True,RANGE_STRUCTURE,BALANCE|RECOVERY,RANGE_EXPANSION|VOLUME_EXPANSION|TRADING_VALUE_EXPANSION,IDENTIFIED,WINDOW_OBSERVED,0,1,2,True,0,0,True,INHERITED_RAW_PRICE_BASIS,True,True
2025-07-30|21580,2025-07-30,21580,10:00,14:35,215,COMPLETE,5,0,UP,0.40404040404040403,AVAILABLE,25.0,True,RANGE_STRUCTURE,BALANCE|RECOVERY,,IDENTIFIED,WINDOW_OBSERVED,0,1,2,True,0,0,True,INHERITED_RAW_PRICE_BASIS,True,False
2025-07-30|21580,2025-07-30,21580,10:00,14:40,220,COMPLETE,5,0,UP,1.1066398390342052,AVAILABLE,25.0,True,,RESTRUCTURING|RECOVERY,RANGE_EXPANSION|VOLUME_EXPANSION|TRADING_VALUE_EXPANSION,UNRESOLVED_STRUCTURE,WINDOW_OBSERVED,0,0,2,False,4,3,True,INHERITED_RAW_PRICE_BASIS,True,True
2025-07-30|21580,2025-07-30,21580,10:00,14:45,225,COMPLETE,5,0,DOWN,-1.2922465208747516,AVAILABLE,25.0,True,,RESTRUCTURING|RECOVERY,,UNRESOLVED_STRUCTURE,WINDOW_OBSERVED,0,0,2,False,1,1,True,INHERITED_RAW_PRICE_BASIS,True,False
2025-07-30|21580,2025-07-30,21580,10:00,14:50,230,COMPLETE,5,0,UP,0.4028197381671702,AVAILABLE,25.0,True,,RESTRUCTURING|RECOVERY,RANGE_COMPRESSION|VOLUME_COMPRESSION|TRADING_VALUE_COMPRESSION,UNRESOLVED_STRUCTURE,WINDOW_OBSERVED,0,0,2,False,0,0,True,INHERITED_RAW_PRICE_BASIS,True,False
2025-07-30|21580,2025-07-30,21580,10:00,14:55,235,COMPLETE,5,0,UP,2.108433734939759,AVAILABLE,25.0,True,,RESTRUCTURING|RECOVERY,RANGE_EXPANSION|VOLUME_EXPANSION|TRADING_VALUE_EXPANSION,UNRESOLVED_STRUCTURE,WINDOW_OBSERVED,0,0,2,False,1,1,True,INHERITED_RAW_PRICE_BASIS,True,False
2025-07-30|21580,2025-07-30,21580,10:00,15:00,240,COMPLETE,5,0,DOWN,-0.09832841691248771,AVAILABLE,25.0,True,RANGE_STRUCTURE,BALANCE|RECOVERY,RANGE_COMPRESSION,IDENTIFIED,WINDOW_OBSERVED,0,0,2,True,0,0,True,INHERITED_RAW_PRICE_BASIS,True,True
2025-07-30|21580,2025-07-30,21580,10:00,15:05,245,COMPLETE,5,0,UP,1.6732283464566928,AVAILABLE,25.0,True,,RESTRUCTURING|RECOVERY,RANGE_EXPANSION,UNRESOLVED_STRUCTURE,WINDOW_OBSERVED,0,0,2,False,1,1,True,INHERITED_RAW_PRICE_BASIS,True,True
2025-07-30|21580,2025-07-30,21580,10:00,15:10,250,COMPLETE,5,0,UP,1.1616650532429815,AVAILABLE,25.0,True,,RESTRUCTURING,CHOPPINESS|VOLUME_EXPANSION|TRADING_VALUE_EXPANSION,UNRESOLVED_STRUCTURE,WINDOW_OBSERVED,0,0,2,False,3,2,True,INHERITED_RAW_PRICE_BASIS,True,True
2025-07-30|21580,2025-07-30,21580,10:00,15:15,255,COMPLETE,5,0,DOWN,-0.861244019138756,AVAILABLE,25.0,True,,RESTRUCTURING,CHOPPINESS,UNRESOLVED_STRUCTURE,WINDOW_OBSERVED,0,1,3,False,3,2,True,INHERITED_RAW_PRICE_BASIS,True,False
2025-07-30|21580,2025-07-30,21580,10:00,15:20,260,COMPLETE,5,0,UP,0.8678881388621023,AVAILABLE,25.0,True,,RESTRUCTURING,VOLUME_COMPRESSION|TRADING_VALUE_COMPRESSION,UNRESOLVED_STRUCTURE,RIGHT_CENSORED,0,0,3,False,1,0,True,INHERITED_RAW_PRICE_BASIS,True,False
2025-07-30|21580,2025-07-30,21580,10:00,15:25,265,COMPLETE,5,0,DOWN,-0.28735632183908044,AVAILABLE,25.0,True,RANGE_STRUCTURE,BALANCE,CHOPPINESS,IDENTIFIED,RIGHT_CENSORED,0,0,3,True,0,0,True,INHERITED_RAW_PRICE_BASIS,True,True
2025-07-30|26560,2025-07-30,26560,09:30,09:30,0,COMPLETE,5,0,DOWN,-1.5625,SCALE_INSUFFICIENT,,True,,,,SCALE_UNAVAILABLE,OBSERVATION_INSUFFICIENT,1,0,0,False,0,3,False,INHERITED_RAW_PRICE_BASIS,False,False
2025-07-30|26560,2025-07-30,26560,09:30,09:35,5,PARTIAL,4,1,,,SCALE_INSUFFICIENT,,True,,,,CURRENT_BAR_UNAVAILABLE,OBSERVATION_INSUFFICIENT,4,0,0,False,0,0,False,INHERITED_RAW_PRICE_BASIS,False,False
2025-07-30|26560,2025-07-30,26560,09:30,09:40,10,COMPLETE,5,0,DOWN,-0.7936507936507936,SCALE_INSUFFICIENT,,True,,,,SCALE_UNAVAILABLE,OBSERVATION_INSUFFICIENT,8,0,0,False,1,0,False,INHERITED_RAW_PRICE_BASIS,False,False
2025-07-30|26560,2025-07-30,26560,09:30,09:45,15,PARTIAL,1,4,,,SCALE_INSUFFICIENT,,True,,,,SCALE_UNAVAILABLE,OBSERVATION_INSUFFICIENT,6,0,0,False,0,0,False,INHERITED_RAW_PRICE_BASIS,False,False
2025-07-30|26560,2025-07-30,26560,09:30,09:50,20,PARTIAL,1,4,,,SCALE_INSUFFICIENT,,True,,,,SCALE_UNAVAILABLE,OBSERVATION_INSUFFICIENT,2,0,0,False,0,0,False,INHERITED_RAW_PRICE_BASIS,False,False
2025-07-30|26560,2025-07-30,26560,09:30,09:55,25,PARTIAL,3,2,,,SCALE_INSUFFICIENT,,True,,,,SCALE_UNAVAILABLE,WINDOW_OBSERVED,0,0,0,False,0,1,False,INHERITED_RAW_PRICE_BASIS,False,False
2025-07-30|26560,2025-07-30,26560,09:30,10:00,30,COMPLETE,5,0,UP,0.8064516129032258,SCALE_INSUFFICIENT,,True,,,,SCALE_UNAVAILABLE,WINDOW_OBSERVED,0,0,0,False,1,1,False,INHERITED_RAW_PRICE_BASIS,False,False
2025-07-30|26560,2025-07-30,26560,09:30,10:05,35,COMPLETE,5,0,UP,6.4,SCALE_INSUFFICIENT,,True,,,RANGE_EXPANSION|VOLUME_EXPANSION|TRADING_VALUE_EXPANSION,SCALE_UNAVAILABLE,WINDOW_OBSERVED,0,0,0,False,3,3,False,INHERITED_RAW_PRICE_BASIS,True,False
2025-07-30|26560,2025-07-30,26560,09:30,10:10,40,COMPLETE,5,0,UP,1.5151515151515151,SCALE_INSUFFICIENT,,True,,,,SCALE_UNAVAILABLE,WINDOW_OBSERVED,0,0,0,False,4,1,False,INHERITED_RAW_PRICE_BASIS,True,False
2025-07-30|26560,2025-07-30,26560,09:30,10:15,45,COMPLETE,5,0,DOWN,-1.492537313432836,SCALE_INSUFFICIENT,,True,,,VOLUME_EXPANSION|TRADING_VALUE_EXPANSION,SCALE_UNAVAILABLE,WINDOW_OBSERVED,0,0,0,False,4,4,False,INHERITED_RAW_PRICE_BASIS,True,False
2025-07-30|26560,2025-07-30,26560,09:30,10:20,50,COMPLETE,5,0,DOWN,-1.5037593984962405,SCALE_INSUFFICIENT,,True,,,VOLUME_COMPRESSION|TRADING_VALUE_COMPRESSION,SCALE_UNAVAILABLE,OBSERVATION_INSUFFICIENT,1,0,0,False,6,2,False,INHERITED_RAW_PRICE_BASIS,True,False
2025-07-30|26560,2025-07-30,26560,09:30,10:25,55,COMPLETE,5,0,DOWN,-0.7692307692307693,SCALE_INSUFFICIENT,,True,,,RANGE_COMPRESSION|VOLUME_COMPRESSION|TRADING_VALUE_COMPRESSION,SCALE_UNAVAILABLE,OBSERVATION_INSUFFICIENT,1,0,0,False,1,3,False,INHERITED_RAW_PRICE_BASIS,True,False
2025-07-30|26560,2025-07-30,26560,09:30,10:30,60,PARTIAL,4,1,,,SCALE_INSUFFICIENT,,True,,,,SCALE_UNAVAILABLE,WINDOW_OBSERVED,0,0,0,False,0,0,False,INHERITED_RAW_PRICE_BASIS,False,False
2025-07-30|26560,2025-07-30,26560,09:30,10:35,65,COMPLETE,5,0,UNCHANGED,0.0,SCALE_INSUFFICIENT,,True,,,,SCALE_UNAVAILABLE,OBSERVATION_INSUFFICIENT,1,0,0,False,1,2,False,INHERITED_RAW_PRICE_BASIS,False,False
2025-07-30|26560,2025-07-30,26560,09:30,10:40,70,COMPLETE,5,0,DOWN,-0.7874015748031497,SCALE_INSUFFICIENT,,True,,,RANGE_COMPRESSION|VOLUME_COMPRESSION|TRADING_VALUE_COMPRESSION,SCALE_UNAVAILABLE,OBSERVATION_INSUFFICIENT,4,0,0,False,0,2,False,INHERITED_RAW_PRICE_BASIS,True,False
2025-07-30|26560,2025-07-30,26560,09:30,10:45,75,PARTIAL,4,1,,,SCALE_INSUFFICIENT,,True,,,,SCALE_UNAVAILABLE,OBSERVATION_INSUFFICIENT,7,0,0,False,0,0,False,INHERITED_RAW_PRICE_BASIS,False,False
2025-07-30|26560,2025-07-30,26560,09:30,10:50,80,PARTIAL,2,3,,,SCALE_INSUFFICIENT,,True,,,,CURRENT_BAR_UNAVAILABLE,OBSERVATION_INSUFFICIENT,4,0,0,False,0,0,False,INHERITED_RAW_PRICE_BASIS,False,False
2025-07-30|26560,2025-07-30,26560,09:30,10:55,85,PARTIAL,1,4,,,SCALE_INSUFFICIENT,,True,,,,CURRENT_BAR_UNAVAILABLE,OBSERVATION_INSUFFICIENT,2,0,0,False,0,0,False,INHERITED_RAW_PRICE_BASIS,False,False
2025-07-30|26560,2025-07-30,26560,09:30,11:00,90,COMPLETE,5,0,DOWN,-1.5873015873015872,SCALE_INSUFFICIENT,,True,,,,SCALE_UNAVAILABLE,OBSERVATION_INSUFFICIENT,2,0,0,False,0,0,False,INHERITED_RAW_PRICE_BASIS,False,False
2025-07-30|26560,2025-07-30,26560,09:30,11:05,95,PARTIAL,3,2,,,SCALE_INSUFFICIENT,,True,,,,CURRENT_BAR_UNAVAILABLE,OBSERVATION_INSUFFICIENT,3,0,0,False,0,0,False,INHERITED_RAW_PRICE_BASIS,False,False
2025-07-30|26560,2025-07-30,26560,09:30,11:10,100,COMPLETE,5,0,UNCHANGED,0.0,SCALE_INSUFFICIENT,,True,,,,SCALE_UNAVAILABLE,OBSERVATION_INSUFFICIENT,4,0,0,False,0,0,False,INHERITED_RAW_PRICE_BASIS,False,False
2025-07-30|26560,2025-07-30,26560,09:30,11:15,105,PARTIAL,2,3,,,SCALE_INSUFFICIENT,,True,,,,CURRENT_BAR_UNAVAILABLE,OBSERVATION_INSUFFICIENT,3,0,0,False,0,0,False,INHERITED_RAW_PRICE_BASIS,False,False
2025-07-30|26560,2025-07-30,26560,09:30,11:20,110,PARTIAL,4,1,,,SCALE_INSUFFICIENT,,True,,,,SCALE_UNAVAILABLE,OBSERVATION_INSUFFICIENT,2,0,0,False,0,0,False,INHERITED_RAW_PRICE_BASIS,False,False
2025-07-30|26560,2025-07-30,26560,09:30,11:25,115,PARTIAL,3,2,,,SCALE_INSUFFICIENT,,True,,,,SCALE_UNAVAILABLE,OBSERVATION_INSUFFICIENT,2,0,0,False,0,0,False,INHERITED_RAW_PRICE_BASIS,False,False
2025-07-30|26560,2025-07-30,26560,09:30,11:30,120,COMPLETE,5,0,UP,0.819672131147541,SCALE_INSUFFICIENT,,True,,,,SCALE_UNAVAILABLE,OBSERVATION_INSUFFICIENT,5,0,0,False,1,0,False,INHERITED_RAW_PRICE_BASIS,False,False
2025-07-30|26560,2025-07-30,26560,09:30,12:35,125,PARTIAL,3,2,,,SCALE_INSUFFICIENT,,True,,,,CURRENT_BAR_UNAVAILABLE,OBSERVATION_INSUFFICIENT,5,0,0,False,0,0,False,INHERITED_RAW_PRICE_BASIS,False,False
2025-07-30|26560,2025-07-30,26560,09:30,12:40,130,PARTIAL,2,3,,,SCALE_INSUFFICIENT,,True,,,,SCALE_UNAVAILABLE,OBSERVATION_INSUFFICIENT,2,0,0,False,0,0,False,INHERITED_RAW_PRICE_BASIS,False,False
2025-07-30|26560,2025-07-30,26560,09:30,12:45,135,PARTIAL,3,2,,,SCALE_INSUFFICIENT,,True,,,,SCALE_UNAVAILABLE,OBSERVATION_INSUFFICIENT,1,0,0,False,0,0,False,INHERITED_RAW_PRICE_BASIS,False,False
2025-07-30|26560,2025-07-30,26560,09:30,12:50,140,COMPLETE,5,0,UNCHANGED,0.0,SCALE_INSUFFICIENT,,True,,,,SCALE_UNAVAILABLE,OBSERVATION_INSUFFICIENT,1,0,0,False,0,0,False,INHERITED_RAW_PRICE_BASIS,False,False
2025-07-30|26560,2025-07-30,26560,09:30,12:55,145,PARTIAL,4,1,,,SCALE_INSUFFICIENT,,True,,,,SCALE_UNAVAILABLE,OBSERVATION_INSUFFICIENT,2,0,0,False,0,0,False,INHERITED_RAW_PRICE_BASIS,False,False
2025-07-30|26560,2025-07-30,26560,09:30,13:00,150,COMPLETE,5,0,DOWN,-0.8264462809917356,SCALE_INSUFFICIENT,,True,,,,SCALE_UNAVAILABLE,OBSERVATION_INSUFFICIENT,4,0,0,False,0,0,False,INHERITED_RAW_PRICE_BASIS,False,False
2025-07-30|26560,2025-07-30,26560,09:30,13:05,155,PARTIAL,3,2,,,SCALE_INSUFFICIENT,,True,,,,CURRENT_BAR_UNAVAILABLE,OBSERVATION_INSUFFICIENT,5,0,0,False,0,0,False,INHERITED_RAW_PRICE_BASIS,False,False
2025-07-30|26560,2025-07-30,26560,09:30,13:10,160,PARTIAL,3,2,,,SCALE_INSUFFICIENT,,True,,,,SCALE_UNAVAILABLE,OBSERVATION_INSUFFICIENT,8,0,0,False,0,0,False,INHERITED_RAW_PRICE_BASIS,False,False
2025-07-30|26560,2025-07-30,26560,09:30,13:15,165,PARTIAL,2,3,,,SCALE_INSUFFICIENT,,True,,,,CURRENT_BAR_UNAVAILABLE,OBSERVATION_INSUFFICIENT,8,0,0,False,0,0,False,INHERITED_RAW_PRICE_BASIS,False,False
2025-07-30|26560,2025-07-30,26560,09:30,13:20,170,UNAVAILABLE,0,5,,,SCALE_INSUFFICIENT,,True,,,,CURRENT_BAR_UNAVAILABLE,OBSERVATION_INSUFFICIENT,5,0,0,False,0,0,False,INHERITED_RAW_PRICE_BASIS,False,False
2025-07-30|26560,2025-07-30,26560,09:30,13:25,175,PARTIAL,2,3,,,SCALE_INSUFFICIENT,,True,,,,SCALE_UNAVAILABLE,OBSERVATION_INSUFFICIENT,3,0,0,False,0,0,False,INHERITED_RAW_PRICE_BASIS,False,False
2025-07-30|26560,2025-07-30,26560,09:30,13:30,180,PARTIAL,3,2,,,SCALE_INSUFFICIENT,,True,,,,SCALE_UNAVAILABLE,OBSERVATION_INSUFFICIENT,3,0,0,False,0,0,False,INHERITED_RAW_PRICE_BASIS,False,False
2025-07-30|26560,2025-07-30,26560,09:30,13:35,185,PARTIAL,4,1,,,SCALE_INSUFFICIENT,,True,,,,SCALE_UNAVAILABLE,OBSERVATION_INSUFFICIENT,4,0,0,False,0,0,False,INHERITED_RAW_PRICE_BASIS,False,False
2025-07-30|26560,2025-07-30,26560,09:30,13:40,190,PARTIAL,3,2,,,SCALE_INSUFFICIENT,,True,,,,SCALE_UNAVAILABLE,OBSERVATION_INSUFFICIENT,2,0,0,False,0,0,False,INHERITED_RAW_PRICE_BASIS,False,False
2025-07-30|26560,2025-07-30,26560,09:30,13:45,195,PARTIAL,3,2,,,SCALE_INSUFFICIENT,,True,,,,SCALE_UNAVAILABLE,OBSERVATION_INSUFFICIENT,3,0,0,False,0,0,False,INHERITED_RAW_PRICE_BASIS,False,False
2025-07-30|26560,2025-07-30,26560,09:30,13:50,200,COMPLETE,5,0,UNCHANGED,0.0,SCALE_INSUFFICIENT,,True,,,,SCALE_UNAVAILABLE,OBSERVATION_INSUFFICIENT,6,0,0,False,0,0,False,INHERITED_RAW_PRICE_BASIS,False,False
2025-07-30|26560,2025-07-30,26560,09:30,13:55,205,PARTIAL,2,3,,,SCALE_INSUFFICIENT,,True,,,,CURRENT_BAR_UNAVAILABLE,OBSERVATION_INSUFFICIENT,5,0,0,False,0,0,False,INHERITED_RAW_PRICE_BASIS,False,False
2025-07-30|26560,2025-07-30,26560,09:30,14:00,210,PARTIAL,2,3,,,SCALE_INSUFFICIENT,,True,,,,SCALE_UNAVAILABLE,OBSERVATION_INSUFFICIENT,6,0,0,False,0,0,False,INHERITED_RAW_PRICE_BASIS,False,False
2025-07-30|26560,2025-07-30,26560,09:30,14:05,215,PARTIAL,3,2,,,SCALE_INSUFFICIENT,,True,,,,SCALE_UNAVAILABLE,OBSERVATION_INSUFFICIENT,5,0,0,False,0,0,False,INHERITED_RAW_PRICE_BASIS,False,False
2025-07-30|26560,2025-07-30,26560,09:30,14:10,220,PARTIAL,1,4,,,SCALE_INSUFFICIENT,,True,,,,SCALE_UNAVAILABLE,OBSERVATION_INSUFFICIENT,3,0,0,False,0,0,False,INHERITED_RAW_PRICE_BASIS,False,False
2025-07-30|26560,2025-07-30,26560,09:30,14:15,225,PARTIAL,4,1,,,SCALE_INSUFFICIENT,,True,,,,CURRENT_BAR_UNAVAILABLE,OBSERVATION_INSUFFICIENT,4,0,0,False,0,2,False,INHERITED_RAW_PRICE_BASIS,False,False
2025-07-30|26560,2025-07-30,26560,09:30,14:20,230,PARTIAL,3,2,,,SCALE_INSUFFICIENT,,True,,,,CURRENT_BAR_UNAVAILABLE,OBSERVATION_INSUFFICIENT,4,0,0,False,0,0,False,INHERITED_RAW_PRICE_BASIS,False,False
2025-07-30|26560,2025-07-30,26560,09:30,14:25,235,PARTIAL,3,2,,,SCALE_INSUFFICIENT,,True,,,,CURRENT_BAR_UNAVAILABLE,OBSERVATION_INSUFFICIENT,4,0,0,False,0,0,False,INHERITED_RAW_PRICE_BASIS,False,False
2025-07-30|26560,2025-07-30,26560,09:30,14:30,240,PARTIAL,3,2,,,SCALE_INSUFFICIENT,,True,,,,SCALE_UNAVAILABLE,OBSERVATION_INSUFFICIENT,5,0,0,False,0,0,False,INHERITED_RAW_PRICE_BASIS,False,False
2025-07-30|26560,2025-07-30,26560,09:30,14:35,245,PARTIAL,3,2,,,SCALE_INSUFFICIENT,,True,,,,CURRENT_BAR_UNAVAILABLE,OBSERVATION_INSUFFICIENT,8,0,0,False,0,1,False,INHERITED_RAW_PRICE_BASIS,False,False
2025-07-30|26560,2025-07-30,26560,09:30,14:40,250,PARTIAL,2,3,,,SCALE_INSUFFICIENT,,True,,,,SCALE_UNAVAILABLE,OBSERVATION_INSUFFICIENT,7,0,0,False,0,0,False,INHERITED_RAW_PRICE_BASIS,False,False
2025-07-30|26560,2025-07-30,26560,09:30,14:45,255,UNAVAILABLE,0,5,,,SCALE_INSUFFICIENT,,True,,,,CURRENT_BAR_UNAVAILABLE,OBSERVATION_INSUFFICIENT,5,0,0,False,0,0,False,INHERITED_RAW_PRICE_BASIS,False,False
2025-07-30|26560,2025-07-30,26560,09:30,14:50,260,PARTIAL,3,2,,,SCALE_INSUFFICIENT,,True,,,,SCALE_UNAVAILABLE,OBSERVATION_INSUFFICIENT,5,0,0,False,0,0,False,INHERITED_RAW_PRICE_BASIS,False,False
2025-07-30|26560,2025-07-30,26560,09:30,14:55,265,PARTIAL,2,3,,,SCALE_INSUFFICIENT,,True,,,,CURRENT_BAR_UNAVAILABLE,OBSERVATION_INSUFFICIENT,5,0,0,False,0,0,False,INHERITED_RAW_PRICE_BASIS,False,False
2025-07-30|26560,2025-07-30,26560,09:30,15:00,270,PARTIAL,3,2,,,SCALE_INSUFFICIENT,,True,,,,SCALE_UNAVAILABLE,OBSERVATION_INSUFFICIENT,5,0,0,False,0,0,False,INHERITED_RAW_PRICE_BASIS,False,False
2025-07-30|26560,2025-07-30,26560,09:30,15:05,275,PARTIAL,2,3,,,SCALE_INSUFFICIENT,,True,,,,CURRENT_BAR_UNAVAILABLE,OBSERVATION_INSUFFICIENT,2,0,0,False,0,0,False,INHERITED_RAW_PRICE_BASIS,False,False
2025-07-30|26560,2025-07-30,26560,09:30,15:10,280,PARTIAL,3,2,,,SCALE_INSUFFICIENT,,True,,,,SCALE_UNAVAILABLE,WINDOW_OBSERVED,0,0,0,False,0,0,False,INHERITED_RAW_PRICE_BASIS,False,False
2025-07-30|26560,2025-07-30,26560,09:30,15:15,285,COMPLETE,5,0,DOWN,-0.8403361344537815,SCALE_INSUFFICIENT,,True,,,,SCALE_UNAVAILABLE,WINDOW_OBSERVED,0,0,0,False,0,2,False,INHERITED_RAW_PRICE_BASIS,False,False
2025-07-30|26560,2025-07-30,26560,09:30,15:20,290,COMPLETE,5,0,UP,0.847457627118644,SCALE_INSUFFICIENT,,True,,,RANGE_COMPRESSION|VOLUME_COMPRESSION|TRADING_VALUE_COMPRESSION,SCALE_UNAVAILABLE,RIGHT_CENSORED,0,0,0,False,0,0,False,INHERITED_RAW_PRICE_BASIS,True,False
2025-07-30|26560,2025-07-30,26560,09:30,15:25,295,COMPLETE,5,0,DOWN,-0.8403361344537815,SCALE_INSUFFICIENT,,True,,,VOLUME_COMPRESSION|TRADING_VALUE_COMPRESSION,SCALE_UNAVAILABLE,RIGHT_CENSORED,0,0,0,False,0,0,False,INHERITED_RAW_PRICE_BASIS,True,False
2025-07-30|288A0,2025-07-30,288A0,10:00,10:00,0,PARTIAL,3,2,,,AVAILABLE,3.0,True,,,,UNRESOLVED_STRUCTURE,OBSERVATION_INSUFFICIENT,3,0,0,False,0,0,False,INHERITED_RAW_PRICE_BASIS,False,False
2025-07-30|288A0,2025-07-30,288A0,10:00,10:05,5,PARTIAL,3,2,,,AVAILABLE,3.0,True,,,,CURRENT_BAR_UNAVAILABLE,OBSERVATION_INSUFFICIENT,4,0,0,False,0,0,False,INHERITED_RAW_PRICE_BASIS,False,False
2025-07-30|288A0,2025-07-30,288A0,10:00,10:10,10,PARTIAL,4,1,,,AVAILABLE,3.0,True,,,,UNRESOLVED_STRUCTURE,OBSERVATION_INSUFFICIENT,5,0,0,False,0,0,False,INHERITED_RAW_PRICE_BASIS,False,False
2025-07-30|288A0,2025-07-30,288A0,10:00,10:15,15,PARTIAL,2,3,,,AVAILABLE,3.0,True,,,,CURRENT_BAR_UNAVAILABLE,OBSERVATION_INSUFFICIENT,3,0,0,False,0,0,False,INHERITED_RAW_PRICE_BASIS,False,False
2025-07-30|288A0,2025-07-30,288A0,10:00,10:20,20,PARTIAL,3,2,,,AVAILABLE,3.0,True,,,,UNRESOLVED_STRUCTURE,OBSERVATION_INSUFFICIENT,5,0,0,False,0,0,False,INHERITED_RAW_PRICE_BASIS,False,False
2025-07-30|288A0,2025-07-30,288A0,10:00,10:25,25,PARTIAL,4,1,,,AVAILABLE,3.0,True,,,,UNRESOLVED_STRUCTURE,OBSERVATION_INSUFFICIENT,7,0,0,False,0,0,False,INHERITED_RAW_PRICE_BASIS,False,False
2025-07-30|288A0,2025-07-30,288A0,10:00,10:30,30,PARTIAL,1,4,,,AVAILABLE,3.0,True,,,,UNRESOLVED_STRUCTURE,OBSERVATION_INSUFFICIENT,3,0,0,False,0,0,False,INHERITED_RAW_PRICE_BASIS,False,False
2025-07-30|288A0,2025-07-30,288A0,10:00,10:35,35,PARTIAL,2,3,,,AVAILABLE,3.0,True,,,,CURRENT_BAR_UNAVAILABLE,OBSERVATION_INSUFFICIENT,2,0,0,False,0,0,False,INHERITED_RAW_PRICE_BASIS,False,False
2025-07-30|288A0,2025-07-30,288A0,10:00,10:40,40,COMPLETE,5,0,DOWN,-0.5780346820809249,AVAILABLE,3.0,True,,,,UNRESOLVED_STRUCTURE,OBSERVATION_INSUFFICIENT,6,0,0,False,0,0,False,INHERITED_RAW_PRICE_BASIS,False,False
2025-07-30|288A0,2025-07-30,288A0,10:00,10:45,45,PARTIAL,3,2,,,AVAILABLE,3.0,True,,,,UNRESOLVED_STRUCTURE,OBSERVATION_INSUFFICIENT,8,0,0,False,0,0,False,INHERITED_RAW_PRICE_BASIS,False,False
2025-07-30|288A0,2025-07-30,288A0,10:00,10:50,50,PARTIAL,1,4,,,AVAILABLE,3.0,True,,,,CURRENT_BAR_UNAVAILABLE,OBSERVATION_INSUFFICIENT,7,0,0,False,0,0,False,INHERITED_RAW_PRICE_BASIS,False,False
2025-07-30|288A0,2025-07-30,288A0,10:00,10:55,55,PARTIAL,1,4,,,AVAILABLE,3.0,True,,,,CURRENT_BAR_UNAVAILABLE,OBSERVATION_INSUFFICIENT,6,0,0,False,0,0,False,INHERITED_RAW_PRICE_BASIS,False,False
2025-07-30|288A0,2025-07-30,288A0,10:00,11:00,60,PARTIAL,2,3,,,AVAILABLE,3.0,True,,,,UNRESOLVED_STRUCTURE,OBSERVATION_INSUFFICIENT,6,0,0,False,0,0,False,INHERITED_RAW_PRICE_BASIS,False,False
2025-07-30|288A0,2025-07-30,288A0,10:00,11:05,65,PARTIAL,2,3,,,AVAILABLE,3.0,True,,,,CURRENT_BAR_UNAVAILABLE,OBSERVATION_INSUFFICIENT,3,0,0,False,0,0,False,INHERITED_RAW_PRICE_BASIS,False,False
2025-07-30|288A0,2025-07-30,288A0,10:00,11:10,70,PARTIAL,2,3,,,AVAILABLE,3.0,True,,,,CURRENT_BAR_UNAVAILABLE,OBSERVATION_INSUFFICIENT,3,0,0,False,0,0,False,INHERITED_RAW_PRICE_BASIS,False,False
2025-07-30|288A0,2025-07-30,288A0,10:00,11:15,75,COMPLETE,5,0,UNCHANGED,0.0,AVAILABLE,3.0,True,,,,UNRESOLVED_STRUCTURE,OBSERVATION_INSUFFICIENT,3,0,0,False,0,0,False,INHERITED_RAW_PRICE_BASIS,False,False
2025-07-30|288A0,2025-07-30,288A0,10:00,11:20,80,PARTIAL,2,3,,,AVAILABLE,3.0,True,,,,UNRESOLVED_STRUCTURE,OBSERVATION_INSUFFICIENT,1,1,1,False,0,0,False,INHERITED_RAW_PRICE_BASIS,False,False
2025-07-30|288A0,2025-07-30,288A0,10:00,11:25,85,COMPLETE,5,0,UP,1.1428571428571428,AVAILABLE,3.0,True,,,,UNRESOLVED_STRUCTURE,OBSERVATION_INSUFFICIENT,1,0,1,False,0,0,False,INHERITED_RAW_PRICE_BASIS,False,False
2025-07-30|288A0,2025-07-30,288A0,10:00,11:30,90,PARTIAL,4,1,,,AVAILABLE,3.0,True,,,,UNRESOLVED_STRUCTURE,WINDOW_OBSERVED,0,0,0,False,0,0,False,INHERITED_RAW_PRICE_BASIS,False,False
2025-07-30|288A0,2025-07-30,288A0,10:00,12:35,95,COMPLETE,5,0,UP,1.7045454545454546,AVAILABLE,3.0,True,,,,UNRESOLVED_STRUCTURE,OBSERVATION_INSUFFICIENT,2,1,1,False,0,0,False,INHERITED_RAW_PRICE_BASIS,False,False
2025-07-30|288A0,2025-07-30,288A0,10:00,12:40,100,COMPLETE,5,0,DOWN,-1.1235955056179776,AVAILABLE,3.0,True,,,RANGE_EXPANSION|VOLUME_COMPRESSION|TRADING_VALUE_COMPRESSION,UNRESOLVED_STRUCTURE,OBSERVATION_INSUFFICIENT,2,0,1,False,0,0,False,INHERITED_RAW_PRICE_BASIS,True,False
2025-07-30|288A0,2025-07-30,288A0,10:00,12:45,105,PARTIAL,3,2,,,AVAILABLE,3.0,True,,,,CURRENT_BAR_UNAVAILABLE,OBSERVATION_INSUFFICIENT,1,0,0,False,0,0,False,INHERITED_RAW_PRICE_BASIS,False,False
2025-07-30|288A0,2025-07-30,288A0,10:00,12:50,110,COMPLETE,5,0,UP,1.7241379310344827,AVAILABLE,3.0,True,,,,UNRESOLVED_STRUCTURE,OBSERVATION_INSUFFICIENT,2,1,2,False,0,0,False,INHERITED_RAW_PRICE_BASIS,False,False
2025-07-30|288A0,2025-07-30,288A0,10:00,12:55,115,PARTIAL,4,1,,,AVAILABLE,3.0,True,,,,UNRESOLVED_STRUCTURE,OBSERVATION_INSUFFICIENT,1,0,0,False,1,1,False,INHERITED_RAW_PRICE_BASIS,False,False
2025-07-30|288A0,2025-07-30,288A0,10:00,13:00,120,PARTIAL,4,1,,,AVAILABLE,3.0,True,,,,UNRESOLVED_STRUCTURE,WINDOW_OBSERVED,0,1,1,False,0,0,False,INHERITED_RAW_PRICE_BASIS,False,False
2025-07-30|288A0,2025-07-30,288A0,10:00,13:05,125,COMPLETE,5,0,UP,0.5649717514124294,AVAILABLE,3.0,True,,,,UNRESOLVED_STRUCTURE,WINDOW_OBSERVED,0,0,1,False,0,0,False,INHERITED_RAW_PRICE_BASIS,False,False
2025-07-30|288A0,2025-07-30,288A0,10:00,13:10,130,COMPLETE,5,0,UP,1.1299435028248588,AVAILABLE,3.0,True,,RECOVERY,,UNRESOLVED_STRUCTURE,WINDOW_OBSERVED,0,1,3,False,1,0,True,INHERITED_RAW_PRICE_BASIS,True,True
2025-07-30|288A0,2025-07-30,288A0,10:00,13:15,135,COMPLETE,5,0,UP,1.1173184357541899,AVAILABLE,3.0,True,,,CHOPPINESS|RANGE_COMPRESSION|VOLUME_COMPRESSION|TRADING_VALUE_COMPRESSION,UNRESOLVED_STRUCTURE,WINDOW_OBSERVED,0,0,3,False,2,3,False,INHERITED_RAW_PRICE_BASIS,True,True
2025-07-30|288A0,2025-07-30,288A0,10:00,13:20,140,COMPLETE,5,0,UP,2.7777777777777777,AVAILABLE,3.0,True,UP_STRUCTURE,RECOVERY,RANGE_EXPANSION|VOLUME_EXPANSION|TRADING_VALUE_EXPANSION,IDENTIFIED,WINDOW_OBSERVED,0,1,5,False,5,4,True,INHERITED_RAW_PRICE_BASIS,True,True
2025-07-30|288A0,2025-07-30,288A0,10:00,13:25,145,COMPLETE,5,0,DOWN,-1.0695187165775402,AVAILABLE,3.0,True,UP_STRUCTURE,PROGRESSION,RANGE_COMPRESSION,IDENTIFIED,WINDOW_OBSERVED,0,0,5,False,2,3,True,INHERITED_RAW_PRICE_BASIS,True,True
2025-07-30|288A0,2025-07-30,288A0,10:00,13:30,150,COMPLETE,5,0,UP,1.075268817204301,AVAILABLE,3.0,True,UP_STRUCTURE,PROGRESSION,RANGE_EXPANSION,IDENTIFIED,WINDOW_OBSERVED,0,0,5,False,4,2,True,INHERITED_RAW_PRICE_BASIS,True,False
2025-07-30|288A0,2025-07-30,288A0,10:00,13:35,155,COMPLETE,5,0,UP,2.6595744680851063,AVAILABLE,3.0,True,UP_STRUCTURE,CORRECTION,VOLUME_EXPANSION|TRADING_VALUE_EXPANSION,IDENTIFIED,WINDOW_OBSERVED,0,1,6,False,1,1,True,INHERITED_RAW_PRICE_BASIS,True,True
2025-07-30|288A0,2025-07-30,288A0,10:00,13:40,160,COMPLETE,5,0,UNCHANGED,0.0,AVAILABLE,3.0,True,UP_STRUCTURE,,CHOPPINESS|RANGE_COMPRESSION,IDENTIFIED,WINDOW_OBSERVED,0,1,8,False,0,0,True,INHERITED_RAW_PRICE_BASIS,True,True
2025-07-30|288A0,2025-07-30,288A0,10:00,13:45,165,COMPLETE,5,0,DOWN,-4.639175257731959,AVAILABLE,3.0,True,DOWN_STRUCTURE,,RANGE_EXPANSION,IDENTIFIED,WINDOW_OBSERVED,0,1,9,False,0,1,True,INHERITED_RAW_PRICE_BASIS,True,False
2025-07-30|288A0,2025-07-30,288A0,10:00,13:50,170,COMPLETE,5,0,UNCHANGED,0.0,AVAILABLE,3.0,True,DOWN_STRUCTURE,PROGRESSION,RANGE_COMPRESSION|VOLUME_COMPRESSION|TRADING_VALUE_COMPRESSION,IDENTIFIED,WINDOW_OBSERVED,0,0,10,False,0,0,True,INHERITED_RAW_PRICE_BASIS,True,True
2025-07-30|288A0,2025-07-30,288A0,10:00,13:55,175,COMPLETE,5,0,UP,1.6129032258064515,AVAILABLE,3.0,True,DOWN_STRUCTURE,,,IDENTIFIED,OBSERVATION_INSUFFICIENT,1,1,12,False,2,1,True,INHERITED_RAW_PRICE_BASIS,True,True
2025-07-30|288A0,2025-07-30,288A0,10:00,14:00,180,COMPLETE,5,0,DOWN,-0.5319148936170213,AVAILABLE,3.0,True,DOWN_STRUCTURE,PROGRESSION,RANGE_COMPRESSION|VOLUME_COMPRESSION|TRADING_VALUE_COMPRESSION,IDENTIFIED,OBSERVATION_INSUFFICIENT,1,1,12,False,0,0,True,INHERITED_RAW_PRICE_BASIS,True,True
2025-07-30|288A0,2025-07-30,288A0,10:00,14:05,185,PARTIAL,4,1,,,AVAILABLE,3.0,True,,,,CURRENT_BAR_UNAVAILABLE,WINDOW_OBSERVED,0,0,0,False,2,2,False,INHERITED_RAW_PRICE_BASIS,False,False
2025-07-30|288A0,2025-07-30,288A0,10:00,14:10,190,COMPLETE,5,0,UP,1.0695187165775402,AVAILABLE,3.0,True,,,,UNRESOLVED_STRUCTURE,WINDOW_OBSERVED,0,0,0,False,0,0,False,INHERITED_RAW_PRICE_BASIS,False,False
2025-07-30|288A0,2025-07-30,288A0,10:00,14:15,195,COMPLETE,5,0,DOWN,-0.5291005291005291,AVAILABLE,3.0,True,,,RANGE_COMPRESSION|VOLUME_COMPRESSION|TRADING_VALUE_COMPRESSION,UNRESOLVED_STRUCTURE,WINDOW_OBSERVED,0,1,1,False,0,0,False,INHERITED_RAW_PRICE_BASIS,True,False
2025-07-30|288A0,2025-07-30,288A0,10:00,14:20,200,COMPLETE,5,0,UP,1.5957446808510638,AVAILABLE,3.0,True,,,RANGE_EXPANSION|VOLUME_EXPANSION|TRADING_VALUE_EXPANSION,UNRESOLVED_STRUCTURE,WINDOW_OBSERVED,0,0,1,False,0,0,False,INHERITED_RAW_PRICE_BASIS,True,False
2025-07-30|288A0,2025-07-30,288A0,10:00,14:25,205,COMPLETE,5,0,UNCHANGED,0.0,AVAILABLE,3.0,True,,,RANGE_COMPRESSION,UNRESOLVED_STRUCTURE,WINDOW_OBSERVED,0,0,1,False,0,0,False,INHERITED_RAW_PRICE_BASIS,True,False
2025-07-30|288A0,2025-07-30,288A0,10:00,14:30,210,COMPLETE,5,0,UP,2.6315789473684212,AVAILABLE,3.0,True,,,RANGE_EXPANSION,UNRESOLVED_STRUCTURE,WINDOW_OBSERVED,0,1,2,False,0,0,False,INHERITED_RAW_PRICE_BASIS,True,False
2025-07-30|288A0,2025-07-30,288A0,10:00,14:35,215,COMPLETE,5,0,DOWN,-1.0256410256410255,AVAILABLE,3.0,True,,,,UNRESOLVED_STRUCTURE,WINDOW_OBSERVED,0,0,2,False,0,0,False,INHERITED_RAW_PRICE_BASIS,True,False
2025-07-30|288A0,2025-07-30,288A0,10:00,14:40,220,COMPLETE,5,0,DOWN,-0.5208333333333334,AVAILABLE,3.0,True,,RECOVERY,CHOPPINESS|RANGE_COMPRESSION,UNRESOLVED_STRUCTURE,WINDOW_OBSERVED,0,1,3,False,0,0,True,INHERITED_RAW_PRICE_BASIS,True,True
2025-07-30|288A0,2025-07-30,288A0,10:00,14:45,225,COMPLETE,5,0,UNCHANGED,0.0,AVAILABLE,3.0,True,,,,UNRESOLVED_STRUCTURE,WINDOW_OBSERVED,0,1,4,False,0,0,False,INHERITED_RAW_PRICE_BASIS,True,True
2025-07-30|288A0,2025-07-30,288A0,10:00,14:50,230,COMPLETE,5,0,DOWN,-0.5235602094240838,AVAILABLE,3.0,True,,,,UNRESOLVED_STRUCTURE,WINDOW_OBSERVED,0,1,5,False,1,0,False,INHERITED_RAW_PRICE_BASIS,True,False
2025-07-30|288A0,2025-07-30,288A0,10:00,14:55,235,COMPLETE,5,0,UNCHANGED,0.0,AVAILABLE,3.0,True,,,RANGE_COMPRESSION|VOLUME_COMPRESSION|TRADING_VALUE_COMPRESSION,UNRESOLVED_STRUCTURE,WINDOW_OBSERVED,0,1,5,False,0,0,False,INHERITED_RAW_PRICE_BASIS,True,False
2025-07-30|288A0,2025-07-30,288A0,10:00,15:00,240,COMPLETE,5,0,UP,1.5789473684210527,AVAILABLE,3.0,True,,,RANGE_EXPANSION,UNRESOLVED_STRUCTURE,WINDOW_OBSERVED,0,0,5,False,1,2,False,INHERITED_RAW_PRICE_BASIS,True,False
2025-07-30|288A0,2025-07-30,288A0,10:00,15:05,245,COMPLETE,5,0,UNCHANGED,0.0,AVAILABLE,3.0,True,RANGE_STRUCTURE,BALANCE,RANGE_COMPRESSION|VOLUME_EXPANSION|TRADING_VALUE_EXPANSION,IDENTIFIED,WINDOW_OBSERVED,0,1,6,True,2,1,True,INHERITED_RAW_PRICE_BASIS,True,True
2025-07-30|288A0,2025-07-30,288A0,10:00,15:10,250,COMPLETE,5,0,DOWN,-0.5181347150259067,AVAILABLE,3.0,True,RANGE_STRUCTURE,BALANCE,RANGE_COMPRESSION,IDENTIFIED,WINDOW_OBSERVED,0,1,6,True,0,2,True,INHERITED_RAW_PRICE_BASIS,True,False
2025-07-30|288A0,2025-07-30,288A0,10:00,15:15,255,COMPLETE,5,0,DOWN,-0.5208333333333334,AVAILABLE,3.0,True,RANGE_STRUCTURE,BALANCE,RANGE_EXPANSION|VOLUME_COMPRESSION|TRADING_VALUE_COMPRESSION,IDENTIFIED,WINDOW_OBSERVED,0,0,6,True,0,1,True,INHERITED_RAW_PRICE_BASIS,True,False
2025-07-30|288A0,2025-07-30,288A0,10:00,15:20,260,COMPLETE,5,0,UNCHANGED,0.0,AVAILABLE,3.0,True,,RESTRUCTURING|RECOVERY,CHOPPINESS|RANGE_EXPANSION|VOLUME_EXPANSION|TRADING_VALUE_EXPANSION,UNRESOLVED_STRUCTURE,RIGHT_CENSORED,0,1,7,False,2,4,True,INHERITED_RAW_PRICE_BASIS,True,True
2025-07-30|288A0,2025-07-30,288A0,10:00,15:25,265,COMPLETE,5,0,UP,0.5263157894736842,AVAILABLE,3.0,True,,RESTRUCTURING|RECOVERY,CHOPPINESS|VOLUME_COMPRESSION|TRADING_VALUE_COMPRESSION,UNRESOLVED_STRUCTURE,RIGHT_CENSORED,0,0,7,False,1,2,True,INHERITED_RAW_PRICE_BASIS,True,False
2025-07-30|298A0,2025-07-30,298A0,11:30,11:30,0,PARTIAL,1,4,,,SCALE_INSUFFICIENT,,True,,,,CURRENT_BAR_UNAVAILABLE,OBSERVATION_INSUFFICIENT,10,0,0,False,0,0,False,INHERITED_RAW_PRICE_BASIS,False,False
2025-07-30|298A0,2025-07-30,298A0,11:30,12:35,5,UNAVAILABLE,0,5,,,SCALE_INSUFFICIENT,,True,,,,CURRENT_BAR_UNAVAILABLE,OBSERVATION_INSUFFICIENT,10,0,0,False,0,0,False,INHERITED_RAW_PRICE_BASIS,False,False
2025-07-30|298A0,2025-07-30,298A0,11:30,12:40,10,UNAVAILABLE,0,5,,,SCALE_INSUFFICIENT,,True,,,,CURRENT_BAR_UNAVAILABLE,OBSERVATION_INSUFFICIENT,9,0,0,False,0,0,False,INHERITED_RAW_PRICE_BASIS,False,False
2025-07-30|298A0,2025-07-30,298A0,11:30,12:45,15,UNAVAILABLE,0,5,,,SCALE_INSUFFICIENT,,True,,,,CURRENT_BAR_UNAVAILABLE,OBSERVATION_INSUFFICIENT,7,0,0,False,0,0,False,INHERITED_RAW_PRICE_BASIS,False,False
2025-07-30|298A0,2025-07-30,298A0,11:30,12:50,20,PARTIAL,1,4,,,SCALE_INSUFFICIENT,,True,,,,CURRENT_BAR_UNAVAILABLE,OBSERVATION_INSUFFICIENT,8,0,0,False,0,0,False,INHERITED_RAW_PRICE_BASIS,False,False
2025-07-30|298A0,2025-07-30,298A0,11:30,12:55,25,PARTIAL,2,3,,,SCALE_INSUFFICIENT,,True,,,,CURRENT_BAR_UNAVAILABLE,OBSERVATION_INSUFFICIENT,10,0,0,False,0,0,False,INHERITED_RAW_PRICE_BASIS,False,False
2025-07-30|298A0,2025-07-30,298A0,11:30,13:00,30,UNAVAILABLE,0,5,,,SCALE_INSUFFICIENT,,True,,,,CURRENT_BAR_UNAVAILABLE,OBSERVATION_INSUFFICIENT,10,0,0,False,0,0,False,INHERITED_RAW_PRICE_BASIS,False,False
2025-07-30|298A0,2025-07-30,298A0,11:30,13:05,35,UNAVAILABLE,0,5,,,SCALE_INSUFFICIENT,,True,,,,CURRENT_BAR_UNAVAILABLE,OBSERVATION_INSUFFICIENT,10,0,0,False,0,0,False,INHERITED_RAW_PRICE_BASIS,False,False
2025-07-30|298A0,2025-07-30,298A0,11:30,13:10,40,UNAVAILABLE,0,5,,,SCALE_INSUFFICIENT,,True,,,,CURRENT_BAR_UNAVAILABLE,OBSERVATION_INSUFFICIENT,10,0,0,False,0,0,False,INHERITED_RAW_PRICE_BASIS,False,False
2025-07-30|298A0,2025-07-30,298A0,11:30,13:15,45,UNAVAILABLE,0,5,,,SCALE_INSUFFICIENT,,True,,,,CURRENT_BAR_UNAVAILABLE,OBSERVATION_INSUFFICIENT,10,0,0,False,0,0,False,INHERITED_RAW_PRICE_BASIS,False,False
2025-07-30|298A0,2025-07-30,298A0,11:30,13:20,50,UNAVAILABLE,0,5,,,SCALE_INSUFFICIENT,,True,,,,CURRENT_BAR_UNAVAILABLE,OBSERVATION_INSUFFICIENT,10,0,0,False,0,0,False,INHERITED_RAW_PRICE_BASIS,False,False
2025-07-30|298A0,2025-07-30,298A0,11:30,13:25,55,UNAVAILABLE,0,5,,,SCALE_INSUFFICIENT,,True,,,,CURRENT_BAR_UNAVAILABLE,OBSERVATION_INSUFFICIENT,10,0,0,False,0,0,False,INHERITED_RAW_PRICE_BASIS,False,False
2025-07-30|298A0,2025-07-30,298A0,11:30,13:30,60,UNAVAILABLE,0,5,,,SCALE_INSUFFICIENT,,True,,,,CURRENT_BAR_UNAVAILABLE,OBSERVATION_INSUFFICIENT,10,0,0,False,0,0,False,INHERITED_RAW_PRICE_BASIS,False,False
2025-07-30|298A0,2025-07-30,298A0,11:30,13:35,65,UNAVAILABLE,0,5,,,SCALE_INSUFFICIENT,,True,,,,CURRENT_BAR_UNAVAILABLE,OBSERVATION_INSUFFICIENT,9,0,0,False,0,0,False,INHERITED_RAW_PRICE_BASIS,False,False
2025-07-30|298A0,2025-07-30,298A0,11:30,13:40,70,UNAVAILABLE,0,5,,,SCALE_INSUFFICIENT,,True,,,,CURRENT_BAR_UNAVAILABLE,OBSERVATION_INSUFFICIENT,9,0,0,False,0,0,False,INHERITED_RAW_PRICE_BASIS,False,False
2025-07-30|298A0,2025-07-30,298A0,11:30,13:45,75,PARTIAL,1,4,,,SCALE_INSUFFICIENT,,True,,,,SCALE_UNAVAILABLE,OBSERVATION_INSUFFICIENT,10,0,0,False,0,0,False,INHERITED_RAW_PRICE_BASIS,False,False
2025-07-30|298A0,2025-07-30,298A0,11:30,13:50,80,UNAVAILABLE,0,5,,,SCALE_INSUFFICIENT,,True,,,,CURRENT_BAR_UNAVAILABLE,OBSERVATION_INSUFFICIENT,10,0,0,False,0,0,False,INHERITED_RAW_PRICE_BASIS,False,False
2025-07-30|298A0,2025-07-30,298A0,11:30,13:55,85,UNAVAILABLE,0,5,,,SCALE_INSUFFICIENT,,True,,,,CURRENT_BAR_UNAVAILABLE,OBSERVATION_INSUFFICIENT,10,0,0,False,0,0,False,INHERITED_RAW_PRICE_BASIS,False,False
2025-07-30|298A0,2025-07-30,298A0,11:30,14:00,90,UNAVAILABLE,0,5,,,SCALE_INSUFFICIENT,,True,,,,CURRENT_BAR_UNAVAILABLE,OBSERVATION_INSUFFICIENT,9,0,0,False,0,0,False,INHERITED_RAW_PRICE_BASIS,False,False
2025-07-30|298A0,2025-07-30,298A0,11:30,14:05,95,UNAVAILABLE,0,5,,,SCALE_INSUFFICIENT,,True,,,,CURRENT_BAR_UNAVAILABLE,OBSERVATION_INSUFFICIENT,8,0,0,False,0,0,False,INHERITED_RAW_PRICE_BASIS,False,False
2025-07-30|298A0,2025-07-30,298A0,11:30,14:10,100,PARTIAL,1,4,,,SCALE_INSUFFICIENT,,True,,,,CURRENT_BAR_UNAVAILABLE,OBSERVATION_INSUFFICIENT,9,0,0,False,0,0,False,INHERITED_RAW_PRICE_BASIS,False,False
2025-07-30|298A0,2025-07-30,298A0,11:30,14:15,105,PARTIAL,1,4,,,SCALE_INSUFFICIENT,,True,,,,SCALE_UNAVAILABLE,OBSERVATION_INSUFFICIENT,10,0,0,False,0,0,False,INHERITED_RAW_PRICE_BASIS,False,False
2025-07-30|298A0,2025-07-30,298A0,11:30,14:20,110,UNAVAILABLE,0,5,,,SCALE_INSUFFICIENT,,True,,,,CURRENT_BAR_UNAVAILABLE,OBSERVATION_INSUFFICIENT,10,0,0,False,0,0,False,INHERITED_RAW_PRICE_BASIS,False,False
2025-07-30|298A0,2025-07-30,298A0,11:30,14:25,115,UNAVAILABLE,0,5,,,SCALE_INSUFFICIENT,,True,,,,CURRENT_BAR_UNAVAILABLE,OBSERVATION_INSUFFICIENT,10,0,0,False,0,0,False,INHERITED_RAW_PRICE_BASIS,False,False
2025-07-30|298A0,2025-07-30,298A0,11:30,14:30,120,UNAVAILABLE,0,5,,,SCALE_INSUFFICIENT,,True,,,,CURRENT_BAR_UNAVAILABLE,OBSERVATION_INSUFFICIENT,10,0,0,False,0,0,False,INHERITED_RAW_PRICE_BASIS,False,False
2025-07-30|298A0,2025-07-30,298A0,11:30,14:35,125,UNAVAILABLE,0,5,,,SCALE_INSUFFICIENT,,True,,,,CURRENT_BAR_UNAVAILABLE,OBSERVATION_INSUFFICIENT,10,0,0,False,0,0,False,INHERITED_RAW_PRICE_BASIS,False,False
2025-07-30|298A0,2025-07-30,298A0,11:30,14:40,130,UNAVAILABLE,0,5,,,SCALE_INSUFFICIENT,,True,,,,CURRENT_BAR_UNAVAILABLE,OBSERVATION_INSUFFICIENT,10,0,0,False,0,0,False,INHERITED_RAW_PRICE_BASIS,False,False
2025-07-30|298A0,2025-07-30,298A0,11:30,14:45,135,UNAVAILABLE,0,5,,,SCALE_INSUFFICIENT,,True,,,,CURRENT_BAR_UNAVAILABLE,OBSERVATION_INSUFFICIENT,9,0,0,False,0,0,False,INHERITED_RAW_PRICE_BASIS,False,False
2025-07-30|298A0,2025-07-30,298A0,11:30,14:50,140,UNAVAILABLE,0,5,,,SCALE_INSUFFICIENT,,True,,,,CURRENT_BAR_UNAVAILABLE,OBSERVATION_INSUFFICIENT,9,0,0,False,0,0,False,INHERITED_RAW_PRICE_BASIS,False,False
2025-07-30|298A0,2025-07-30,298A0,11:30,14:55,145,PARTIAL,1,4,,,SCALE_INSUFFICIENT,,True,,,,CURRENT_BAR_UNAVAILABLE,OBSERVATION_INSUFFICIENT,9,0,0,False,0,0,False,INHERITED_RAW_PRICE_BASIS,False,False
2025-07-30|298A0,2025-07-30,298A0,11:30,15:00,150,UNAVAILABLE,0,5,,,SCALE_INSUFFICIENT,,True,,,,CURRENT_BAR_UNAVAILABLE,OBSERVATION_INSUFFICIENT,8,0,0,False,0,0,False,INHERITED_RAW_PRICE_BASIS,False,False
2025-07-30|298A0,2025-07-30,298A0,11:30,15:05,155,PARTIAL,1,4,,,SCALE_INSUFFICIENT,,True,,,,CURRENT_BAR_UNAVAILABLE,OBSERVATION_INSUFFICIENT,9,0,0,False,0,0,False,INHERITED_RAW_PRICE_BASIS,False,False
2025-07-30|298A0,2025-07-30,298A0,11:30,15:10,160,PARTIAL,1,4,,,SCALE_INSUFFICIENT,,True,,,,CURRENT_BAR_UNAVAILABLE,OBSERVATION_INSUFFICIENT,9,0,0,False,0,0,False,INHERITED_RAW_PRICE_BASIS,False,False
2025-07-30|298A0,2025-07-30,298A0,11:30,15:15,165,UNAVAILABLE,0,5,,,SCALE_INSUFFICIENT,,True,,,,CURRENT_BAR_UNAVAILABLE,OBSERVATION_INSUFFICIENT,9,0,0,False,0,0,False,INHERITED_RAW_PRICE_BASIS,False,False
2025-07-30|298A0,2025-07-30,298A0,11:30,15:20,170,PARTIAL,1,4,,,SCALE_INSUFFICIENT,,True,,,,CURRENT_BAR_UNAVAILABLE,RIGHT_CENSORED,5,0,0,False,0,0,False,INHERITED_RAW_PRICE_BASIS,False,False
2025-07-30|298A0,2025-07-30,298A0,11:30,15:25,175,UNAVAILABLE,0,5,,,SCALE_INSUFFICIENT,,True,,,,CURRENT_BAR_UNAVAILABLE,RIGHT_CENSORED,0,0,0,False,0,0,False,INHERITED_RAW_PRICE_BASIS,False,False
2025-07-30|38450,2025-07-30,38450,09:30,09:30,0,PARTIAL,4,1,,,AVAILABLE,2.0,True,,,,UNRESOLVED_STRUCTURE,OBSERVATION_INSUFFICIENT,5,0,0,False,0,1,False,INHERITED_RAW_PRICE_BASIS,False,False
2025-07-30|38450,2025-07-30,38450,09:30,09:35,5,PARTIAL,4,1,,,AVAILABLE,2.0,True,,,,UNRESOLVED_STRUCTURE,OBSERVATION_INSUFFICIENT,6,0,0,False,0,0,False,INHERITED_RAW_PRICE_BASIS,False,False
2025-07-30|38450,2025-07-30,38450,09:30,09:40,10,PARTIAL,1,4,,,AVAILABLE,2.0,True,,,,CURRENT_BAR_UNAVAILABLE,OBSERVATION_INSUFFICIENT,4,0,0,False,0,0,False,INHERITED_RAW_PRICE_BASIS,False,False
2025-07-30|38450,2025-07-30,38450,09:30,09:45,15,PARTIAL,3,2,,,AVAILABLE,2.0,True,,,,UNRESOLVED_STRUCTURE,OBSERVATION_INSUFFICIENT,6,0,0,False,0,0,False,INHERITED_RAW_PRICE_BASIS,False,False
2025-07-30|38450,2025-07-30,38450,09:30,09:50,20,PARTIAL,3,2,,,AVAILABLE,2.0,True,,,,CURRENT_BAR_UNAVAILABLE,OBSERVATION_INSUFFICIENT,7,0,0,False,0,0,False,INHERITED_RAW_PRICE_BASIS,False,False
2025-07-30|38450,2025-07-30,38450,09:30,09:55,25,PARTIAL,1,4,,,AVAILABLE,2.0,True,,,,UNRESOLVED_STRUCTURE,OBSERVATION_INSUFFICIENT,6,0,0,False,0,0,False,INHERITED_RAW_PRICE_BASIS,False,False
2025-07-30|38450,2025-07-30,38450,09:30,10:00,30,PARTIAL,2,3,,,AVAILABLE,2.0,True,,,,UNRESOLVED_STRUCTURE,OBSERVATION_INSUFFICIENT,7,0,0,False,0,0,False,INHERITED_RAW_PRICE_BASIS,False,False
2025-07-30|38450,2025-07-30,38450,09:30,10:05,35,PARTIAL,2,3,,,AVAILABLE,2.0,True,,,,CURRENT_BAR_UNAVAILABLE,OBSERVATION_INSUFFICIENT,8,0,0,False,0,0,False,INHERITED_RAW_PRICE_BASIS,False,False
2025-07-30|38450,2025-07-30,38450,09:30,10:10,40,PARTIAL,1,4,,,AVAILABLE,2.0,True,,,,CURRENT_BAR_UNAVAILABLE,OBSERVATION_INSUFFICIENT,6,0,0,False,0,0,False,INHERITED_RAW_PRICE_BASIS,False,False
2025-07-30|38450,2025-07-30,38450,09:30,10:15,45,PARTIAL,1,4,,,AVAILABLE,2.0,True,,,,CURRENT_BAR_UNAVAILABLE,OBSERVATION_INSUFFICIENT,6,0,0,False,0,0,False,INHERITED_RAW_PRICE_BASIS,False,False
2025-07-30|38450,2025-07-30,38450,09:30,10:20,50,PARTIAL,3,2,,,AVAILABLE,2.0,True,,,,CURRENT_BAR_UNAVAILABLE,OBSERVATION_INSUFFICIENT,9,0,0,False,0,0,False,INHERITED_RAW_PRICE_BASIS,False,False
2025-07-30|38450,2025-07-30,38450,09:30,10:25,55,PARTIAL,1,4,,,AVAILABLE,2.0,True,,,,CURRENT_BAR_UNAVAILABLE,OBSERVATION_INSUFFICIENT,10,0,0,False,0,0,False,INHERITED_RAW_PRICE_BASIS,False,False
2025-07-30|38450,2025-07-30,38450,09:30,10:30,60,UNAVAILABLE,0,5,,,AVAILABLE,2.0,True,,,,CURRENT_BAR_UNAVAILABLE,OBSERVATION_INSUFFICIENT,9,0,0,False,0,0,False,INHERITED_RAW_PRICE_BASIS,False,False
2025-07-30|38450,2025-07-30,38450,09:30,10:35,65,UNAVAILABLE,0,5,,,AVAILABLE,2.0,True,,,,CURRENT_BAR_UNAVAILABLE,OBSERVATION_INSUFFICIENT,9,0,0,False,0,0,False,INHERITED_RAW_PRICE_BASIS,False,False
2025-07-30|38450,2025-07-30,38450,09:30,10:40,70,PARTIAL,1,4,,,AVAILABLE,2.0,True,,,,CURRENT_BAR_UNAVAILABLE,OBSERVATION_INSUFFICIENT,9,0,0,False,0,0,False,INHERITED_RAW_PRICE_BASIS,False,False
2025-07-30|38450,2025-07-30,38450,09:30,10:45,75,UNAVAILABLE,0,5,,,AVAILABLE,2.0,True,,,,CURRENT_BAR_UNAVAILABLE,OBSERVATION_INSUFFICIENT,9,0,0,False,0,0,False,INHERITED_RAW_PRICE_BASIS,False,False
2025-07-30|38450,2025-07-30,38450,09:30,10:50,80,PARTIAL,1,4,,,AVAILABLE,2.0,True,,,,CURRENT_BAR_UNAVAILABLE,OBSERVATION_INSUFFICIENT,9,0,0,False,0,0,False,INHERITED_RAW_PRICE_BASIS,False,False
2025-07-30|38450,2025-07-30,38450,09:30,10:55,85,UNAVAILABLE,0,5,,,AVAILABLE,2.0,True,,,,CURRENT_BAR_UNAVAILABLE,OBSERVATION_INSUFFICIENT,9,0,0,False,0,0,False,INHERITED_RAW_PRICE_BASIS,False,False
2025-07-30|38450,2025-07-30,38450,09:30,11:00,90,PARTIAL,1,4,,,AVAILABLE,2.0,True,,,,CURRENT_BAR_UNAVAILABLE,OBSERVATION_INSUFFICIENT,7,0,0,False,0,0,False,INHERITED_RAW_PRICE_BASIS,False,False
2025-07-30|38450,2025-07-30,38450,09:30,11:05,95,UNAVAILABLE,0,5,,,AVAILABLE,2.0,True,,,,CURRENT_BAR_UNAVAILABLE,OBSERVATION_INSUFFICIENT,6,0,0,False,0,0,False,INHERITED_RAW_PRICE_BASIS,False,False
2025-07-30|38450,2025-07-30,38450,09:30,11:10,100,PARTIAL,3,2,,,AVAILABLE,2.0,True,,,,CURRENT_BAR_UNAVAILABLE,OBSERVATION_INSUFFICIENT,7,0,0,False,0,0,False,INHERITED_RAW_PRICE_BASIS,False,False
2025-07-30|38450,2025-07-30,38450,09:30,11:15,105,PARTIAL,1,4,,,AVAILABLE,2.0,True,,,,CURRENT_BAR_UNAVAILABLE,OBSERVATION_INSUFFICIENT,7,0,0,False,0,0,False,INHERITED_RAW_PRICE_BASIS,False,False
2025-07-30|38450,2025-07-30,38450,09:30,11:20,110,PARTIAL,2,3,,,AVAILABLE,2.0,True,,,,CURRENT_BAR_UNAVAILABLE,OBSERVATION_INSUFFICIENT,8,0,0,False,0,0,False,INHERITED_RAW_PRICE_BASIS,False,False
2025-07-30|38450,2025-07-30,38450,09:30,11:25,115,PARTIAL,1,4,,,AVAILABLE,2.0,True,,,,UNRESOLVED_STRUCTURE,OBSERVATION_INSUFFICIENT,7,0,0,False,0,0,False,INHERITED_RAW_PRICE_BASIS,False,False
2025-07-30|38450,2025-07-30,38450,09:30,11:30,120,PARTIAL,1,4,,,AVAILABLE,2.0,True,,,,CURRENT_BAR_UNAVAILABLE,OBSERVATION_INSUFFICIENT,8,0,0,False,0,0,False,INHERITED_RAW_PRICE_BASIS,False,False
2025-07-30|38450,2025-07-30,38450,09:30,12:35,125,PARTIAL,2,3,,,AVAILABLE,2.0,True,,,,CURRENT_BAR_UNAVAILABLE,OBSERVATION_INSUFFICIENT,10,0,0,False,0,0,False,INHERITED_RAW_PRICE_BASIS,False,False
2025-07-30|38450,2025-07-30,38450,09:30,12:40,130,UNAVAILABLE,0,5,,,AVAILABLE,2.0,True,,,,CURRENT_BAR_UNAVAILABLE,OBSERVATION_INSUFFICIENT,9,0,0,False,0,0,False,INHERITED_RAW_PRICE_BASIS,False,False
2025-07-30|38450,2025-07-30,38450,09:30,12:45,135,UNAVAILABLE,0,5,,,AVAILABLE,2.0,True,,,,CURRENT_BAR_UNAVAILABLE,OBSERVATION_INSUFFICIENT,7,0,0,False,0,0,False,INHERITED_RAW_PRICE_BASIS,False,False
2025-07-30|38450,2025-07-30,38450,09:30,12:50,140,PARTIAL,1,4,,,AVAILABLE,2.0,True,,,,UNRESOLVED_STRUCTURE,OBSERVATION_INSUFFICIENT,6,0,0,False,0,0,False,INHERITED_RAW_PRICE_BASIS,False,False
2025-07-30|38450,2025-07-30,38450,09:30,12:55,145,PARTIAL,2,3,,,AVAILABLE,2.0,True,,,,CURRENT_BAR_UNAVAILABLE,OBSERVATION_INSUFFICIENT,8,0,0,False,0,0,False,INHERITED_RAW_PRICE_BASIS,False,False
2025-07-30|38450,2025-07-30,38450,09:30,13:00,150,PARTIAL,2,3,,,AVAILABLE,2.0,True,,,,CURRENT_BAR_UNAVAILABLE,OBSERVATION_INSUFFICIENT,8,0,0,False,0,0,False,INHERITED_RAW_PRICE_BASIS,False,False
2025-07-30|38450,2025-07-30,38450,09:30,13:05,155,UNAVAILABLE,0,5,,,AVAILABLE,2.0,True,,,,CURRENT_BAR_UNAVAILABLE,OBSERVATION_INSUFFICIENT,8,0,0,False,0,0,False,INHERITED_RAW_PRICE_BASIS,False,False
2025-07-30|38450,2025-07-30,38450,09:30,13:10,160,PARTIAL,2,3,,,AVAILABLE,2.0,True,,,,CURRENT_BAR_UNAVAILABLE,OBSERVATION_INSUFFICIENT,10,0,0,False,0,0,False,INHERITED_RAW_PRICE_BASIS,False,False
2025-07-30|38450,2025-07-30,38450,09:30,13:15,165,UNAVAILABLE,0,5,,,AVAILABLE,2.0,True,,,,CURRENT_BAR_UNAVAILABLE,OBSERVATION_INSUFFICIENT,8,0,0,False,0,0,False,INHERITED_RAW_PRICE_BASIS,False,False
2025-07-30|38450,2025-07-30,38450,09:30,13:20,170,UNAVAILABLE,0,5,,,AVAILABLE,2.0,True,,,,CURRENT_BAR_UNAVAILABLE,OBSERVATION_INSUFFICIENT,8,0,0,False,0,0,False,INHERITED_RAW_PRICE_BASIS,False,False
2025-07-30|38450,2025-07-30,38450,09:30,13:25,175,PARTIAL,2,3,,,AVAILABLE,2.0,True,,,,CURRENT_BAR_UNAVAILABLE,OBSERVATION_INSUFFICIENT,9,0,0,False,0,0,False,INHERITED_RAW_PRICE_BASIS,False,False
2025-07-30|38450,2025-07-30,38450,09:30,13:30,180,UNAVAILABLE,0,5,,,AVAILABLE,2.0,True,,,,CURRENT_BAR_UNAVAILABLE,OBSERVATION_INSUFFICIENT,9,0,0,False,0,0,False,INHERITED_RAW_PRICE_BASIS,False,False
2025-07-30|38450,2025-07-30,38450,09:30,13:35,185,PARTIAL,1,4,,,AVAILABLE,2.0,True,,,,CURRENT_BAR_UNAVAILABLE,OBSERVATION_INSUFFICIENT,7,0,0,False,0,0,False,INHERITED_RAW_PRICE_BASIS,False,False
2025-07-30|38450,2025-07-30,38450,09:30,13:40,190,UNAVAILABLE,0,5,,,AVAILABLE,2.0,True,,,,CURRENT_BAR_UNAVAILABLE,OBSERVATION_INSUFFICIENT,5,0,0,False,0,0,False,INHERITED_RAW_PRICE_BASIS,False,False
2025-07-30|38450,2025-07-30,38450,09:30,13:45,195,PARTIAL,3,2,,,AVAILABLE,2.0,True,,,,UNRESOLVED_STRUCTURE,OBSERVATION_INSUFFICIENT,6,0,0,False,0,0,False,INHERITED_RAW_PRICE_BASIS,False,False
2025-07-30|38450,2025-07-30,38450,09:30,13:50,200,PARTIAL,2,3,,,AVAILABLE,2.0,True,,,,CURRENT_BAR_UNAVAILABLE,OBSERVATION_INSUFFICIENT,7,0,0,False,0,0,False,INHERITED_RAW_PRICE_BASIS,False,False
2025-07-30|38450,2025-07-30,38450,09:30,13:55,205,PARTIAL,2,3,,,AVAILABLE,2.0,True,,,,CURRENT_BAR_UNAVAILABLE,OBSERVATION_INSUFFICIENT,8,0,0,False,0,0,False,INHERITED_RAW_PRICE_BASIS,False,False
2025-07-30|38450,2025-07-30,38450,09:30,14:00,210,PARTIAL,1,4,,,AVAILABLE,2.0,True,,,,UNRESOLVED_STRUCTURE,OBSERVATION_INSUFFICIENT,8,0,0,False,0,0,False,INHERITED_RAW_PRICE_BASIS,False,False
2025-07-30|38450,2025-07-30,38450,09:30,14:05,215,PARTIAL,1,4,,,AVAILABLE,2.0,True,,,,CURRENT_BAR_UNAVAILABLE,OBSERVATION_INSUFFICIENT,7,0,0,False,0,0,False,INHERITED_RAW_PRICE_BASIS,False,False
2025-07-30|38450,2025-07-30,38450,09:30,14:10,220,PARTIAL,1,4,,,AVAILABLE,2.0,True,,,,CURRENT_BAR_UNAVAILABLE,OBSERVATION_INSUFFICIENT,8,0,0,False,0,0,False,INHERITED_RAW_PRICE_BASIS,False,False
2025-07-30|38450,2025-07-30,38450,09:30,14:15,225,PARTIAL,2,3,,,AVAILABLE,2.0,True,,,,CURRENT_BAR_UNAVAILABLE,OBSERVATION_INSUFFICIENT,9,0,0,False,0,0,False,INHERITED_RAW_PRICE_BASIS,False,False
2025-07-30|38450,2025-07-30,38450,09:30,14:20,230,UNAVAILABLE,0,5,,,AVAILABLE,2.0,True,,,,CURRENT_BAR_UNAVAILABLE,OBSERVATION_INSUFFICIENT,9,0,0,False,0,0,False,INHERITED_RAW_PRICE_BASIS,False,False
2025-07-30|38450,2025-07-30,38450,09:30,14:25,235,PARTIAL,1,4,,,AVAILABLE,2.0,True,,,,CURRENT_BAR_UNAVAILABLE,OBSERVATION_INSUFFICIENT,7,0,0,False,0,0,False,INHERITED_RAW_PRICE_BASIS,False,False
2025-07-30|38450,2025-07-30,38450,09:30,14:30,240,UNAVAILABLE,0,5,,,AVAILABLE,2.0,True,,,,CURRENT_BAR_UNAVAILABLE,OBSERVATION_INSUFFICIENT,6,0,0,False,0,0,False,INHERITED_RAW_PRICE_BASIS,False,False
2025-07-30|38450,2025-07-30,38450,09:30,14:35,245,PARTIAL,3,2,,,AVAILABLE,2.0,True,,,,CURRENT_BAR_UNAVAILABLE,OBSERVATION_INSUFFICIENT,9,0,0,False,0,0,False,INHERITED_RAW_PRICE_BASIS,False,False
2025-07-30|38450,2025-07-30,38450,09:30,14:40,250,PARTIAL,1,4,,,AVAILABLE,2.0,True,,,,CURRENT_BAR_UNAVAILABLE,OBSERVATION_INSUFFICIENT,10,0,0,False,0,0,False,INHERITED_RAW_PRICE_BASIS,False,False
2025-07-30|38450,2025-07-30,38450,09:30,14:45,255,UNAVAILABLE,0,5,,,AVAILABLE,2.0,True,,,,CURRENT_BAR_UNAVAILABLE,OBSERVATION_INSUFFICIENT,9,0,0,False,0,0,False,INHERITED_RAW_PRICE_BASIS,False,False
2025-07-30|38450,2025-07-30,38450,09:30,14:50,260,UNAVAILABLE,0,5,,,AVAILABLE,2.0,True,,,,CURRENT_BAR_UNAVAILABLE,OBSERVATION_INSUFFICIENT,9,0,0,False,0,0,False,INHERITED_RAW_PRICE_BASIS,False,False
2025-07-30|38450,2025-07-30,38450,09:30,14:55,265,PARTIAL,1,4,,,AVAILABLE,2.0,True,,,,UNRESOLVED_STRUCTURE,OBSERVATION_INSUFFICIENT,10,0,0,False,0,0,False,INHERITED_RAW_PRICE_BASIS,False,False
2025-07-30|38450,2025-07-30,38450,09:30,15:00,270,UNAVAILABLE,0,5,,,AVAILABLE,2.0,True,,,,CURRENT_BAR_UNAVAILABLE,OBSERVATION_INSUFFICIENT,8,0,0,False,0,0,False,INHERITED_RAW_PRICE_BASIS,False,False
2025-07-30|38450,2025-07-30,38450,09:30,15:05,275,UNAVAILABLE,0,5,,,AVAILABLE,2.0,True,,,,CURRENT_BAR_UNAVAILABLE,OBSERVATION_INSUFFICIENT,5,0,0,False,0,0,False,INHERITED_RAW_PRICE_BASIS,False,False
2025-07-30|38450,2025-07-30,38450,09:30,15:10,280,PARTIAL,2,3,,,AVAILABLE,2.0,True,,,,CURRENT_BAR_UNAVAILABLE,OBSERVATION_INSUFFICIENT,5,0,0,False,0,0,False,INHERITED_RAW_PRICE_BASIS,False,False
2025-07-30|38450,2025-07-30,38450,09:30,15:15,285,PARTIAL,3,2,,,AVAILABLE,2.0,True,,,,CURRENT_BAR_UNAVAILABLE,OBSERVATION_INSUFFICIENT,4,0,0,False,0,0,False,INHERITED_RAW_PRICE_BASIS,False,False
2025-07-30|38450,2025-07-30,38450,09:30,15:20,290,PARTIAL,2,3,,,AVAILABLE,2.0,True,,,,CURRENT_BAR_UNAVAILABLE,RIGHT_CENSORED,1,0,0,False,0,0,False,INHERITED_RAW_PRICE_BASIS,False,False
2025-07-30|38450,2025-07-30,38450,09:30,15:25,295,PARTIAL,4,1,,,AVAILABLE,2.0,True,,,,UNRESOLVED_STRUCTURE,RIGHT_CENSORED,0,0,0,False,0,0,False,INHERITED_RAW_PRICE_BASIS,False,False
2025-07-30|39310,2025-07-30,39310,10:30,10:30,0,PARTIAL,3,2,,,SCALE_INSUFFICIENT,,True,,,,SCALE_UNAVAILABLE,OBSERVATION_INSUFFICIENT,2,0,0,False,0,0,False,INHERITED_RAW_PRICE_BASIS,False,False
2025-07-30|39310,2025-07-30,39310,10:30,10:35,5,PARTIAL,3,2,,,SCALE_INSUFFICIENT,,True,,,,SCALE_UNAVAILABLE,OBSERVATION_INSUFFICIENT,1,0,0,False,0,0,False,INHERITED_RAW_PRICE_BASIS,False,False
2025-07-30|39310,2025-07-30,39310,10:30,10:40,10,COMPLETE,5,0,DOWN,-0.22123893805309736,SCALE_INSUFFICIENT,,True,,,,SCALE_UNAVAILABLE,OBSERVATION_INSUFFICIENT,3,0,0,False,0,1,False,INHERITED_RAW_PRICE_BASIS,False,False
2025-07-30|39310,2025-07-30,39310,10:30,10:45,15,PARTIAL,4,1,,,SCALE_INSUFFICIENT,,True,,,,CURRENT_BAR_UNAVAILABLE,OBSERVATION_INSUFFICIENT,3,0,0,False,0,0,False,INHERITED_RAW_PRICE_BASIS,False,False
2025-07-30|39310,2025-07-30,39310,10:30,10:50,20,PARTIAL,3,2,,,SCALE_INSUFFICIENT,,True,,,,SCALE_UNAVAILABLE,OBSERVATION_INSUFFICIENT,3,0,0,False,0,0,False,INHERITED_RAW_PRICE_BASIS,False,False
2025-07-30|39310,2025-07-30,39310,10:30,10:55,25,PARTIAL,4,1,,,SCALE_INSUFFICIENT,,True,,,,SCALE_UNAVAILABLE,OBSERVATION_INSUFFICIENT,3,0,0,False,0,0,False,INHERITED_RAW_PRICE_BASIS,False,False
2025-07-30|39310,2025-07-30,39310,10:30,11:00,30,PARTIAL,3,2,,,SCALE_INSUFFICIENT,,True,,,,CURRENT_BAR_UNAVAILABLE,OBSERVATION_INSUFFICIENT,2,0,0,False,0,0,False,INHERITED_RAW_PRICE_BASIS,False,False
2025-07-30|39310,2025-07-30,39310,10:30,11:05,35,PARTIAL,4,1,,,SCALE_INSUFFICIENT,,True,,,,SCALE_UNAVAILABLE,OBSERVATION_INSUFFICIENT,3,0,0,False,0,0,False,INHERITED_RAW_PRICE_BASIS,False,False
2025-07-30|39310,2025-07-30,39310,10:30,11:10,40,PARTIAL,4,1,,,SCALE_INSUFFICIENT,,True,,,,CURRENT_BAR_UNAVAILABLE,OBSERVATION_INSUFFICIENT,6,0,0,False,0,0,False,INHERITED_RAW_PRICE_BASIS,False,False
2025-07-30|39310,2025-07-30,39310,10:30,11:15,45,PARTIAL,3,2,,,SCALE_INSUFFICIENT,,True,,,,SCALE_UNAVAILABLE,OBSERVATION_INSUFFICIENT,5,0,0,False,0,0,False,INHERITED_RAW_PRICE_BASIS,False,False
2025-07-30|39310,2025-07-30,39310,10:30,11:20,50,PARTIAL,1,4,,,SCALE_INSUFFICIENT,,True,,,,SCALE_UNAVAILABLE,OBSERVATION_INSUFFICIENT,5,0,0,False,0,0,False,INHERITED_RAW_PRICE_BASIS,False,False
2025-07-30|39310,2025-07-30,39310,10:30,11:25,55,PARTIAL,4,1,,,SCALE_INSUFFICIENT,,True,,,,CURRENT_BAR_UNAVAILABLE,OBSERVATION_INSUFFICIENT,4,0,0,False,0,1,False,INHERITED_RAW_PRICE_BASIS,False,False
2025-07-30|39310,2025-07-30,39310,10:30,11:30,60,PARTIAL,1,4,,,SCALE_INSUFFICIENT,,True,,,,SCALE_UNAVAILABLE,WINDOW_OBSERVED,0,0,0,False,0,0,False,INHERITED_RAW_PRICE_BASIS,False,False
2025-07-30|39310,2025-07-30,39310,10:30,12:35,65,COMPLETE,5,0,DOWN,-1.0543840177580466,SCALE_INSUFFICIENT,,True,,,,SCALE_UNAVAILABLE,OBSERVATION_INSUFFICIENT,4,0,0,False,0,0,False,INHERITED_RAW_PRICE_BASIS,False,False
2025-07-30|39310,2025-07-30,39310,10:30,12:40,70,COMPLETE,5,0,DOWN,-0.22459292532285233,SCALE_INSUFFICIENT,,True,,,RANGE_COMPRESSION|VOLUME_COMPRESSION|TRADING_VALUE_COMPRESSION,SCALE_UNAVAILABLE,OBSERVATION_INSUFFICIENT,6,0,0,False,0,1,False,INHERITED_RAW_PRICE_BASIS,True,False
2025-07-30|39310,2025-07-30,39310,10:30,12:45,75,PARTIAL,1,4,,,SCALE_INSUFFICIENT,,True,,,,CURRENT_BAR_UNAVAILABLE,OBSERVATION_INSUFFICIENT,5,0,0,False,0,0,False,INHERITED_RAW_PRICE_BASIS,False,False
2025-07-30|39310,2025-07-30,39310,10:30,12:50,80,PARTIAL,3,2,,,SCALE_INSUFFICIENT,,True,,,,CURRENT_BAR_UNAVAILABLE,OBSERVATION_INSUFFICIENT,6,0,0,False,0,0,False,INHERITED_RAW_PRICE_BASIS,False,False
2025-07-30|39310,2025-07-30,39310,10:30,12:55,85,PARTIAL,2,3,,,SCALE_INSUFFICIENT,,True,,,,CURRENT_BAR_UNAVAILABLE,OBSERVATION_INSUFFICIENT,6,0,0,False,0,0,False,INHERITED_RAW_PRICE_BASIS,False,False
2025-07-30|39310,2025-07-30,39310,10:30,13:00,90,PARTIAL,2,3,,,SCALE_INSUFFICIENT,,True,,,,CURRENT_BAR_UNAVAILABLE,OBSERVATION_INSUFFICIENT,6,0,0,False,0,0,False,INHERITED_RAW_PRICE_BASIS,False,False
2025-07-30|39310,2025-07-30,39310,10:30,13:05,95,PARTIAL,2,3,,,SCALE_INSUFFICIENT,,True,,,,SCALE_UNAVAILABLE,OBSERVATION_INSUFFICIENT,5,0,0,False,0,0,False,INHERITED_RAW_PRICE_BASIS,False,False
2025-07-30|39310,2025-07-30,39310,10:30,13:10,100,PARTIAL,2,3,,,SCALE_INSUFFICIENT,,True,,,,SCALE_UNAVAILABLE,OBSERVATION_INSUFFICIENT,5,0,0,False,0,0,False,INHERITED_RAW_PRICE_BASIS,False,False
2025-07-30|39310,2025-07-30,39310,10:30,13:15,105,PARTIAL,3,2,,,SCALE_INSUFFICIENT,,True,,,,SCALE_UNAVAILABLE,OBSERVATION_INSUFFICIENT,8,0,0,False,0,0,False,INHERITED_RAW_PRICE_BASIS,False,False
2025-07-30|39310,2025-07-30,39310,10:30,13:20,110,PARTIAL,2,3,,,SCALE_INSUFFICIENT,,True,,,,CURRENT_BAR_UNAVAILABLE,OBSERVATION_INSUFFICIENT,10,0,0,False,0,0,False,INHERITED_RAW_PRICE_BASIS,False,False
2025-07-30|39310,2025-07-30,39310,10:30,13:25,115,UNAVAILABLE,0,5,,,SCALE_INSUFFICIENT,,True,,,,CURRENT_BAR_UNAVAILABLE,OBSERVATION_INSUFFICIENT,9,0,0,False,0,0,False,INHERITED_RAW_PRICE_BASIS,False,False
2025-07-30|39310,2025-07-30,39310,10:30,13:30,120,UNAVAILABLE,0,5,,,SCALE_INSUFFICIENT,,True,,,,CURRENT_BAR_UNAVAILABLE,OBSERVATION_INSUFFICIENT,7,0,0,False,0,0,False,INHERITED_RAW_PRICE_BASIS,False,False
2025-07-30|39310,2025-07-30,39310,10:30,13:35,125,PARTIAL,1,4,,,SCALE_INSUFFICIENT,,True,,,,SCALE_UNAVAILABLE,OBSERVATION_INSUFFICIENT,8,0,0,False,0,0,False,INHERITED_RAW_PRICE_BASIS,False,False
2025-07-30|39310,2025-07-30,39310,10:30,13:40,130,PARTIAL,2,3,,,SCALE_INSUFFICIENT,,True,,,,SCALE_UNAVAILABLE,OBSERVATION_INSUFFICIENT,8,0,0,False,0,0,False,INHERITED_RAW_PRICE_BASIS,False,False
2025-07-30|39310,2025-07-30,39310,10:30,13:45,135,UNAVAILABLE,0,5,,,SCALE_INSUFFICIENT,,True,,,,CURRENT_BAR_UNAVAILABLE,OBSERVATION_INSUFFICIENT,7,0,0,False,0,0,False,INHERITED_RAW_PRICE_BASIS,False,False
2025-07-30|39310,2025-07-30,39310,10:30,13:50,140,PARTIAL,2,3,,,SCALE_INSUFFICIENT,,True,,,,SCALE_UNAVAILABLE,OBSERVATION_INSUFFICIENT,6,0,0,False,0,0,False,INHERITED_RAW_PRICE_BASIS,False,False
2025-07-30|39310,2025-07-30,39310,10:30,13:55,145,PARTIAL,1,4,,,SCALE_INSUFFICIENT,,True,,,,CURRENT_BAR_UNAVAILABLE,OBSERVATION_INSUFFICIENT,7,0,0,False,0,0,False,INHERITED_RAW_PRICE_BASIS,False,False
2025-07-30|39310,2025-07-30,39310,10:30,14:00,150,PARTIAL,3,2,,,SCALE_INSUFFICIENT,,True,,,,SCALE_UNAVAILABLE,OBSERVATION_INSUFFICIENT,9,0,0,False,0,0,False,INHERITED_RAW_PRICE_BASIS,False,False
2025-07-30|39310,2025-07-30,39310,10:30,14:05,155,UNAVAILABLE,0,5,,,SCALE_INSUFFICIENT,,True,,,,CURRENT_BAR_UNAVAILABLE,OBSERVATION_INSUFFICIENT,8,0,0,False,0,0,False,INHERITED_RAW_PRICE_BASIS,False,False
2025-07-30|39310,2025-07-30,39310,10:30,14:10,160,PARTIAL,1,4,,,SCALE_INSUFFICIENT,,True,,,,CURRENT_BAR_UNAVAILABLE,OBSERVATION_INSUFFICIENT,8,0,0,False,0,0,False,INHERITED_RAW_PRICE_BASIS,False,False
2025-07-30|39310,2025-07-30,39310,10:30,14:15,165,PARTIAL,1,4,,,SCALE_INSUFFICIENT,,True,,,,CURRENT_BAR_UNAVAILABLE,OBSERVATION_INSUFFICIENT,8,0,0,False,0,0,False,INHERITED_RAW_PRICE_BASIS,False,False
2025-07-30|39310,2025-07-30,39310,10:30,14:20,170,PARTIAL,1,4,,,SCALE_INSUFFICIENT,,True,,,,CURRENT_BAR_UNAVAILABLE,OBSERVATION_INSUFFICIENT,8,0,0,False,0,0,False,INHERITED_RAW_PRICE_BASIS,False,False
2025-07-30|39310,2025-07-30,39310,10:30,14:25,175,PARTIAL,1,4,,,SCALE_INSUFFICIENT,,True,,,,CURRENT_BAR_UNAVAILABLE,OBSERVATION_INSUFFICIENT,7,0,0,False,0,0,False,INHERITED_RAW_PRICE_BASIS,False,False
2025-07-30|39310,2025-07-30,39310,10:30,14:30,180,PARTIAL,1,4,,,SCALE_INSUFFICIENT,,True,,,,SCALE_UNAVAILABLE,OBSERVATION_INSUFFICIENT,7,0,0,False,0,0,False,INHERITED_RAW_PRICE_BASIS,False,False
2025-07-30|39310,2025-07-30,39310,10:30,14:35,185,PARTIAL,2,3,,,SCALE_INSUFFICIENT,,True,,,,CURRENT_BAR_UNAVAILABLE,OBSERVATION_INSUFFICIENT,6,0,0,False,0,0,False,INHERITED_RAW_PRICE_BASIS,False,False
2025-07-30|39310,2025-07-30,39310,10:30,14:40,190,PARTIAL,1,4,,,SCALE_INSUFFICIENT,,True,,,,CURRENT_BAR_UNAVAILABLE,OBSERVATION_INSUFFICIENT,6,0,0,False,0,0,False,INHERITED_RAW_PRICE_BASIS,False,False
2025-07-30|39310,2025-07-30,39310,10:30,14:45,195,PARTIAL,3,2,,,SCALE_INSUFFICIENT,,True,,,,SCALE_UNAVAILABLE,OBSERVATION_INSUFFICIENT,9,0,0,False,0,0,False,INHERITED_RAW_PRICE_BASIS,False,False
2025-07-30|39310,2025-07-30,39310,10:30,14:50,200,PARTIAL,1,4,,,SCALE_INSUFFICIENT,,True,,,,SCALE_UNAVAILABLE,OBSERVATION_INSUFFICIENT,10,0,0,False,0,0,False,INHERITED_RAW_PRICE_BASIS,False,False
2025-07-30|39310,2025-07-30,39310,10:30,14:55,205,UNAVAILABLE,0,5,,,SCALE_INSUFFICIENT,,True,,,,CURRENT_BAR_UNAVAILABLE,OBSERVATION_INSUFFICIENT,7,0,0,False,0,0,False,INHERITED_RAW_PRICE_BASIS,False,False
2025-07-30|39310,2025-07-30,39310,10:30,15:00,210,UNAVAILABLE,0,5,,,SCALE_INSUFFICIENT,,True,,,,CURRENT_BAR_UNAVAILABLE,OBSERVATION_INSUFFICIENT,5,0,0,False,0,0,False,INHERITED_RAW_PRICE_BASIS,False,False
2025-07-30|39310,2025-07-30,39310,10:30,15:05,215,PARTIAL,3,2,,,SCALE_INSUFFICIENT,,True,,,,SCALE_UNAVAILABLE,OBSERVATION_INSUFFICIENT,8,0,0,False,0,0,False,INHERITED_RAW_PRICE_BASIS,False,False
2025-07-30|39310,2025-07-30,39310,10:30,15:10,220,PARTIAL,2,3,,,SCALE_INSUFFICIENT,,True,,,,CURRENT_BAR_UNAVAILABLE,OBSERVATION_INSUFFICIENT,5,0,0,False,0,0,False,INHERITED_RAW_PRICE_BASIS,False,False
2025-07-30|39310,2025-07-30,39310,10:30,15:15,225,UNAVAILABLE,0,5,,,SCALE_INSUFFICIENT,,True,,,,CURRENT_BAR_UNAVAILABLE,OBSERVATION_INSUFFICIENT,2,0,0,False,0,0,False,INHERITED_RAW_PRICE_BASIS,False,False
2025-07-30|39310,2025-07-30,39310,10:30,15:20,230,COMPLETE,5,0,UP,0.2247191011235955,SCALE_INSUFFICIENT,,True,,,,SCALE_UNAVAILABLE,RIGHT_CENSORED,2,0,0,False,0,0,False,INHERITED_RAW_PRICE_BASIS,False,False
2025-07-30|39310,2025-07-30,39310,10:30,15:25,235,PARTIAL,3,2,,,SCALE_INSUFFICIENT,,True,,,,CURRENT_BAR_UNAVAILABLE,RIGHT_CENSORED,0,0,0,False,0,0,False,INHERITED_RAW_PRICE_BASIS,False,False
2025-07-30|40990,2025-07-30,40990,13:00,13:00,0,COMPLETE,5,0,DOWN,-1.1571841851494695,SCALE_INSUFFICIENT,,True,,,RANGE_COMPRESSION|VOLUME_COMPRESSION|TRADING_VALUE_COMPRESSION,SCALE_UNAVAILABLE,WINDOW_OBSERVED,0,0,0,False,0,0,False,INHERITED_RAW_PRICE_BASIS,False,False
2025-07-30|40990,2025-07-30,40990,13:00,13:05,5,COMPLETE,5,0,DOWN,-0.09765625,SCALE_INSUFFICIENT,,True,,,RANGE_COMPRESSION|VOLUME_COMPRESSION|TRADING_VALUE_COMPRESSION,SCALE_UNAVAILABLE,WINDOW_OBSERVED,0,0,0,False,0,0,False,INHERITED_RAW_PRICE_BASIS,True,False
2025-07-30|40990,2025-07-30,40990,13:00,13:10,10,COMPLETE,5,0,DOWN,-1.1246943765281174,SCALE_INSUFFICIENT,,True,,,RANGE_EXPANSION|VOLUME_EXPANSION|TRADING_VALUE_EXPANSION,SCALE_UNAVAILABLE,WINDOW_OBSERVED,0,0,0,False,0,0,False,INHERITED_RAW_PRICE_BASIS,True,False
2025-07-30|40990,2025-07-30,40990,13:00,13:15,15,COMPLETE,5,0,UNCHANGED,0.0,SCALE_INSUFFICIENT,,True,,,RANGE_COMPRESSION,SCALE_UNAVAILABLE,WINDOW_OBSERVED,0,0,0,False,0,0,False,INHERITED_RAW_PRICE_BASIS,True,False
2025-07-30|40990,2025-07-30,40990,13:00,13:20,20,COMPLETE,5,0,UP,0.5434782608695652,SCALE_INSUFFICIENT,,True,,,VOLUME_COMPRESSION|TRADING_VALUE_COMPRESSION,SCALE_UNAVAILABLE,WINDOW_OBSERVED,0,0,0,False,0,0,False,INHERITED_RAW_PRICE_BASIS,True,False
2025-07-30|40990,2025-07-30,40990,13:00,13:25,25,COMPLETE,5,0,DOWN,-0.29484029484029484,SCALE_INSUFFICIENT,,True,,,VOLUME_EXPANSION|TRADING_VALUE_EXPANSION,SCALE_UNAVAILABLE,WINDOW_OBSERVED,0,0,0,False,0,0,False,INHERITED_RAW_PRICE_BASIS,True,False
2025-07-30|40990,2025-07-30,40990,13:00,13:30,30,COMPLETE,5,0,UP,0.04930966469428008,SCALE_INSUFFICIENT,,True,,,,SCALE_UNAVAILABLE,WINDOW_OBSERVED,0,0,0,False,0,0,False,INHERITED_RAW_PRICE_BASIS,True,False
2025-07-30|40990,2025-07-30,40990,13:00,13:35,35,COMPLETE,5,0,UP,1.1822660098522169,SCALE_INSUFFICIENT,,True,,,RANGE_EXPANSION,SCALE_UNAVAILABLE,WINDOW_OBSERVED,0,0,0,False,0,0,False,INHERITED_RAW_PRICE_BASIS,True,False
2025-07-30|40990,2025-07-30,40990,13:00,13:40,40,COMPLETE,5,0,DOWN,-0.6338371526084836,SCALE_INSUFFICIENT,,True,,,RANGE_COMPRESSION|VOLUME_COMPRESSION|TRADING_VALUE_COMPRESSION,SCALE_UNAVAILABLE,OBSERVATION_INSUFFICIENT,1,0,0,False,0,0,False,INHERITED_RAW_PRICE_BASIS,True,False
2025-07-30|40990,2025-07-30,40990,13:00,13:45,45,COMPLETE,5,0,UP,0.14734774066797643,SCALE_INSUFFICIENT,,True,,,RANGE_COMPRESSION,SCALE_UNAVAILABLE,OBSERVATION_INSUFFICIENT,1,0,0,False,0,0,False,INHERITED_RAW_PRICE_BASIS,True,False
2025-07-30|40990,2025-07-30,40990,13:00,13:50,50,PARTIAL,4,1,,,SCALE_INSUFFICIENT,,True,,,,SCALE_UNAVAILABLE,WINDOW_OBSERVED,0,0,0,False,0,0,False,INHERITED_RAW_PRICE_BASIS,False,False
2025-07-30|40990,2025-07-30,40990,13:00,13:55,55,COMPLETE,5,0,UP,1.5158924205378974,SCALE_INSUFFICIENT,,True,,,,SCALE_UNAVAILABLE,OBSERVATION_INSUFFICIENT,2,0,0,False,0,0,False,INHERITED_RAW_PRICE_BASIS,False,False
2025-07-30|40990,2025-07-30,40990,13:00,14:00,60,COMPLETE,5,0,UP,0.3853564547206166,SCALE_INSUFFICIENT,,True,,,RANGE_COMPRESSION,SCALE_UNAVAILABLE,OBSERVATION_INSUFFICIENT,3,0,0,False,0,0,False,INHERITED_RAW_PRICE_BASIS,True,False
2025-07-30|40990,2025-07-30,40990,13:00,14:05,65,PARTIAL,3,2,,,SCALE_INSUFFICIENT,,True,,,,SCALE_UNAVAILABLE,OBSERVATION_INSUFFICIENT,1,0,0,False,0,0,False,INHERITED_RAW_PRICE_BASIS,False,False
2025-07-30|40990,2025-07-30,40990,13:00,14:10,70,PARTIAL,4,1,,,SCALE_INSUFFICIENT,,True,,,,CURRENT_BAR_UNAVAILABLE,WINDOW_OBSERVED,0,0,0,False,0,0,False,INHERITED_RAW_PRICE_BASIS,False,False
2025-07-30|40990,2025-07-30,40990,13:00,14:15,75,COMPLETE,5,0,DOWN,-0.19011406844106463,SCALE_INSUFFICIENT,,True,,,,SCALE_UNAVAILABLE,OBSERVATION_INSUFFICIENT,1,0,0,False,0,0,False,INHERITED_RAW_PRICE_BASIS,False,False
2025-07-30|40990,2025-07-30,40990,13:00,14:20,80,COMPLETE,5,0,UP,0.14285714285714285,SCALE_INSUFFICIENT,,True,,,VOLUME_COMPRESSION|TRADING_VALUE_COMPRESSION,SCALE_UNAVAILABLE,OBSERVATION_INSUFFICIENT,1,0,0,False,0,0,False,INHERITED_RAW_PRICE_BASIS,True,False
2025-07-30|40990,2025-07-30,40990,13:00,14:25,85,PARTIAL,4,1,,,SCALE_INSUFFICIENT,,True,,,,SCALE_UNAVAILABLE,OBSERVATION_INSUFFICIENT,1,0,0,False,0,0,False,INHERITED_RAW_PRICE_BASIS,False,False
2025-07-30|40990,2025-07-30,40990,13:00,14:30,90,COMPLETE,5,0,UP,0.8579599618684461,SCALE_INSUFFICIENT,,True,,,,SCALE_UNAVAILABLE,OBSERVATION_INSUFFICIENT,1,0,0,False,0,0,False,INHERITED_RAW_PRICE_BASIS,False,False
2025-07-30|40990,2025-07-30,40990,13:00,14:35,95,PARTIAL,4,1,,,SCALE_INSUFFICIENT,,True,,,,SCALE_UNAVAILABLE,OBSERVATION_INSUFFICIENT,1,0,0,False,0,0,False,INHERITED_RAW_PRICE_BASIS,False,False
2025-07-30|40990,2025-07-30,40990,13:00,14:40,100,COMPLETE,5,0,UP,0.0951022349025202,SCALE_INSUFFICIENT,,True,,,,SCALE_UNAVAILABLE,OBSERVATION_INSUFFICIENT,1,0,0,False,0,0,False,INHERITED_RAW_PRICE_BASIS,False,False
2025-07-30|40990,2025-07-30,40990,13:00,14:45,105,PARTIAL,4,1,,,SCALE_INSUFFICIENT,,True,,,,SCALE_UNAVAILABLE,WINDOW_OBSERVED,0,0,0,False,0,0,False,INHERITED_RAW_PRICE_BASIS,False,False
2025-07-30|40990,2025-07-30,40990,13:00,14:50,110,COMPLETE,5,0,DOWN,-0.4231311706629055,SCALE_INSUFFICIENT,,True,,,,SCALE_UNAVAILABLE,WINDOW_OBSERVED,0,0,0,False,0,0,False,INHERITED_RAW_PRICE_BASIS,False,False
2025-07-30|40990,2025-07-30,40990,13:00,14:55,115,COMPLETE,5,0,UNCHANGED,0.0,SCALE_INSUFFICIENT,,True,,,VOLUME_EXPANSION|TRADING_VALUE_EXPANSION,SCALE_UNAVAILABLE,WINDOW_OBSERVED,0,0,0,False,0,0,False,INHERITED_RAW_PRICE_BASIS,True,False
2025-07-30|40990,2025-07-30,40990,13:00,15:00,120,COMPLETE,5,0,DOWN,-0.2834199338686821,SCALE_INSUFFICIENT,,True,,,VOLUME_COMPRESSION|TRADING_VALUE_COMPRESSION,SCALE_UNAVAILABLE,WINDOW_OBSERVED,0,0,0,False,0,0,False,INHERITED_RAW_PRICE_BASIS,True,False
2025-07-30|40990,2025-07-30,40990,13:00,15:05,125,COMPLETE,5,0,UNCHANGED,0.0,SCALE_INSUFFICIENT,,True,,,RANGE_COMPRESSION,SCALE_UNAVAILABLE,WINDOW_OBSERVED,0,0,0,False,0,0,False,INHERITED_RAW_PRICE_BASIS,True,False
2025-07-30|40990,2025-07-30,40990,13:00,15:10,130,COMPLETE,5,0,UP,0.28422548555187116,SCALE_INSUFFICIENT,,True,,,RANGE_EXPANSION,SCALE_UNAVAILABLE,WINDOW_OBSERVED,0,0,0,False,0,0,False,INHERITED_RAW_PRICE_BASIS,True,False
2025-07-30|40990,2025-07-30,40990,13:00,15:15,135,COMPLETE,5,0,DOWN,-0.04723665564478035,SCALE_INSUFFICIENT,,True,,,RANGE_COMPRESSION,SCALE_UNAVAILABLE,WINDOW_OBSERVED,0,0,0,False,0,0,False,INHERITED_RAW_PRICE_BASIS,True,False
2025-07-30|40990,2025-07-30,40990,13:00,15:20,140,COMPLETE,5,0,DOWN,-0.2835538752362949,SCALE_INSUFFICIENT,,True,,,RANGE_EXPANSION|VOLUME_EXPANSION|TRADING_VALUE_EXPANSION,SCALE_UNAVAILABLE,RIGHT_CENSORED,0,0,0,False,0,0,False,INHERITED_RAW_PRICE_BASIS,True,False
2025-07-30|40990,2025-07-30,40990,13:00,15:25,145,COMPLETE,5,0,UP,0.04739336492890995,SCALE_INSUFFICIENT,,True,,,,SCALE_UNAVAILABLE,RIGHT_CENSORED,0,0,0,False,0,0,False,INHERITED_RAW_PRICE_BASIS,True,False
2025-07-30|41750,2025-07-30,41750,10:30,10:30,0,PARTIAL,1,4,,,AVAILABLE,17.0,True,,,,UNRESOLVED_STRUCTURE,OBSERVATION_INSUFFICIENT,8,0,0,False,0,0,False,INHERITED_RAW_PRICE_BASIS,False,False
2025-07-30|41750,2025-07-30,41750,10:30,10:35,5,PARTIAL,1,4,,,AVAILABLE,17.0,True,,,,CURRENT_BAR_UNAVAILABLE,OBSERVATION_INSUFFICIENT,8,0,0,False,0,0,False,INHERITED_RAW_PRICE_BASIS,False,False
2025-07-30|41750,2025-07-30,41750,10:30,10:40,10,PARTIAL,1,4,,,AVAILABLE,17.0,True,,,,CURRENT_BAR_UNAVAILABLE,OBSERVATION_INSUFFICIENT,7,0,0,False,1,0,False,INHERITED_RAW_PRICE_BASIS,False,False
2025-07-30|41750,2025-07-30,41750,10:30,10:45,15,PARTIAL,1,4,,,AVAILABLE,17.0,True,,,,CURRENT_BAR_UNAVAILABLE,OBSERVATION_INSUFFICIENT,8,0,0,False,0,0,False,INHERITED_RAW_PRICE_BASIS,False,False
2025-07-30|41750,2025-07-30,41750,10:30,10:50,20,PARTIAL,2,3,,,AVAILABLE,17.0,True,,,,UNRESOLVED_STRUCTURE,OBSERVATION_INSUFFICIENT,9,0,0,False,0,1,False,INHERITED_RAW_PRICE_BASIS,False,False
2025-07-30|41750,2025-07-30,41750,10:30,10:55,25,UNAVAILABLE,0,5,,,AVAILABLE,17.0,True,,,,CURRENT_BAR_UNAVAILABLE,OBSERVATION_INSUFFICIENT,8,0,0,False,0,0,False,INHERITED_RAW_PRICE_BASIS,False,False
2025-07-30|41750,2025-07-30,41750,10:30,11:00,30,PARTIAL,1,4,,,AVAILABLE,17.0,True,,,,UNRESOLVED_STRUCTURE,OBSERVATION_INSUFFICIENT,5,0,0,False,0,0,False,INHERITED_RAW_PRICE_BASIS,False,False
2025-07-30|41750,2025-07-30,41750,10:30,11:05,35,PARTIAL,1,4,,,AVAILABLE,17.0,True,,,,CURRENT_BAR_UNAVAILABLE,OBSERVATION_INSUFFICIENT,6,0,0,False,0,0,False,INHERITED_RAW_PRICE_BASIS,False,False
2025-07-30|41750,2025-07-30,41750,10:30,11:10,40,PARTIAL,4,1,,,AVAILABLE,17.0,True,,,,UNRESOLVED_STRUCTURE,OBSERVATION_INSUFFICIENT,9,0,0,False,0,0,False,INHERITED_RAW_PRICE_BASIS,False,False
2025-07-30|41750,2025-07-30,41750,10:30,11:15,45,UNAVAILABLE,0,5,,,AVAILABLE,17.0,True,,,,CURRENT_BAR_UNAVAILABLE,OBSERVATION_INSUFFICIENT,8,0,0,False,0,0,False,INHERITED_RAW_PRICE_BASIS,False,False
2025-07-30|41750,2025-07-30,41750,10:30,11:20,50,PARTIAL,1,4,,,AVAILABLE,17.0,True,,,,CURRENT_BAR_UNAVAILABLE,OBSERVATION_INSUFFICIENT,8,0,0,False,0,0,False,INHERITED_RAW_PRICE_BASIS,False,False
2025-07-30|41750,2025-07-30,41750,10:30,11:25,55,PARTIAL,1,4,,,AVAILABLE,17.0,True,,,,CURRENT_BAR_UNAVAILABLE,OBSERVATION_INSUFFICIENT,6,0,0,False,0,0,False,INHERITED_RAW_PRICE_BASIS,False,False
2025-07-30|41750,2025-07-30,41750,10:30,11:30,60,PARTIAL,1,4,,,AVAILABLE,17.0,True,,,,UNRESOLVED_STRUCTURE,OBSERVATION_INSUFFICIENT,7,0,0,False,0,0,False,INHERITED_RAW_PRICE_BASIS,False,False
2025-07-30|41750,2025-07-30,41750,10:30,12:35,65,PARTIAL,3,2,,,AVAILABLE,17.0,True,,,,CURRENT_BAR_UNAVAILABLE,OBSERVATION_INSUFFICIENT,8,0,0,False,0,0,False,INHERITED_RAW_PRICE_BASIS,False,False
2025-07-30|41750,2025-07-30,41750,10:30,12:40,70,UNAVAILABLE,0,5,,,AVAILABLE,17.0,True,,,,CURRENT_BAR_UNAVAILABLE,OBSERVATION_INSUFFICIENT,8,0,0,False,0,0,False,INHERITED_RAW_PRICE_BASIS,False,False
2025-07-30|41750,2025-07-30,41750,10:30,12:45,75,PARTIAL,2,3,,,AVAILABLE,17.0,True,,,,CURRENT_BAR_UNAVAILABLE,OBSERVATION_INSUFFICIENT,9,0,0,False,1,0,False,INHERITED_RAW_PRICE_BASIS,False,False
2025-07-30|41750,2025-07-30,41750,10:30,12:50,80,UNAVAILABLE,0,5,,,AVAILABLE,17.0,True,,,,CURRENT_BAR_UNAVAILABLE,OBSERVATION_INSUFFICIENT,9,0,0,False,0,0,False,INHERITED_RAW_PRICE_BASIS,False,False
2025-07-30|41750,2025-07-30,41750,10:30,12:55,85,PARTIAL,1,4,,,AVAILABLE,17.0,True,,,,CURRENT_BAR_UNAVAILABLE,OBSERVATION_INSUFFICIENT,9,0,0,False,0,0,False,INHERITED_RAW_PRICE_BASIS,False,False
2025-07-30|41750,2025-07-30,41750,10:30,13:00,90,UNAVAILABLE,0,5,,,AVAILABLE,17.0,True,,,,CURRENT_BAR_UNAVAILABLE,OBSERVATION_INSUFFICIENT,7,0,0,False,0,0,False,INHERITED_RAW_PRICE_BASIS,False,False
2025-07-30|41750,2025-07-30,41750,10:30,13:05,95,PARTIAL,1,4,,,AVAILABLE,17.0,True,,,,CURRENT_BAR_UNAVAILABLE,OBSERVATION_INSUFFICIENT,5,0,0,False,0,0,False,INHERITED_RAW_PRICE_BASIS,False,False
2025-07-30|41750,2025-07-30,41750,10:30,13:10,100,PARTIAL,2,3,,,AVAILABLE,17.0,True,,,,UNRESOLVED_STRUCTURE,OBSERVATION_INSUFFICIENT,5,1,1,False,0,0,False,INHERITED_RAW_PRICE_BASIS,False,False
2025-07-30|41750,2025-07-30,41750,10:30,13:15,105,PARTIAL,3,2,,,AVAILABLE,17.0,True,,,,CURRENT_BAR_UNAVAILABLE,OBSERVATION_INSUFFICIENT,8,0,0,False,4,4,False,INHERITED_RAW_PRICE_BASIS,False,False
2025-07-30|41750,2025-07-30,41750,10:30,13:20,110,PARTIAL,2,3,,,AVAILABLE,17.0,True,,,,UNRESOLVED_STRUCTURE,OBSERVATION_INSUFFICIENT,10,0,0,False,0,0,False,INHERITED_RAW_PRICE_BASIS,False,False
2025-07-30|41750,2025-07-30,41750,10:30,13:25,115,UNAVAILABLE,0,5,,,AVAILABLE,17.0,True,,,,CURRENT_BAR_UNAVAILABLE,OBSERVATION_INSUFFICIENT,9,0,0,False,0,0,False,INHERITED_RAW_PRICE_BASIS,False,False
2025-07-30|41750,2025-07-30,41750,10:30,13:30,120,UNAVAILABLE,0,5,,,AVAILABLE,17.0,True,,,,CURRENT_BAR_UNAVAILABLE,OBSERVATION_INSUFFICIENT,7,0,0,False,0,0,False,INHERITED_RAW_PRICE_BASIS,False,False
2025-07-30|41750,2025-07-30,41750,10:30,13:35,125,PARTIAL,1,4,,,AVAILABLE,17.0,True,,,,CURRENT_BAR_UNAVAILABLE,OBSERVATION_INSUFFICIENT,3,0,0,False,0,0,False,INHERITED_RAW_PRICE_BASIS,False,False
2025-07-30|41750,2025-07-30,41750,10:30,13:40,130,PARTIAL,2,3,,,AVAILABLE,17.0,True,,,,CURRENT_BAR_UNAVAILABLE,OBSERVATION_INSUFFICIENT,3,0,0,False,0,0,False,INHERITED_RAW_PRICE_BASIS,False,False
2025-07-30|41750,2025-07-30,41750,10:30,13:45,135,COMPLETE,5,0,UP,0.33444816053511706,AVAILABLE,17.0,True,,,,UNRESOLVED_STRUCTURE,OBSERVATION_INSUFFICIENT,8,0,0,False,0,0,False,INHERITED_RAW_PRICE_BASIS,False,False
2025-07-30|41750,2025-07-30,41750,10:30,13:50,140,PARTIAL,2,3,,,AVAILABLE,17.0,True,,,,CURRENT_BAR_UNAVAILABLE,OBSERVATION_INSUFFICIENT,9,0,0,False,0,0,False,INHERITED_RAW_PRICE_BASIS,False,False
2025-07-30|41750,2025-07-30,41750,10:30,13:55,145,UNAVAILABLE,0,5,,,AVAILABLE,17.0,True,,,,CURRENT_BAR_UNAVAILABLE,OBSERVATION_INSUFFICIENT,6,0,0,False,0,0,False,INHERITED_RAW_PRICE_BASIS,False,False
2025-07-30|41750,2025-07-30,41750,10:30,14:00,150,PARTIAL,1,4,,,AVAILABLE,17.0,True,,,,UNRESOLVED_STRUCTURE,OBSERVATION_INSUFFICIENT,4,0,0,False,0,0,False,INHERITED_RAW_PRICE_BASIS,False,False
2025-07-30|41750,2025-07-30,41750,10:30,14:05,155,PARTIAL,3,2,,,AVAILABLE,17.0,True,,,,UNRESOLVED_STRUCTURE,OBSERVATION_INSUFFICIENT,7,0,0,False,0,0,False,INHERITED_RAW_PRICE_BASIS,False,False
2025-07-30|41750,2025-07-30,41750,10:30,14:10,160,PARTIAL,3,2,,,AVAILABLE,17.0,True,,,,UNRESOLVED_STRUCTURE,OBSERVATION_INSUFFICIENT,8,0,0,False,0,0,False,INHERITED_RAW_PRICE_BASIS,False,False
2025-07-30|41750,2025-07-30,41750,10:30,14:15,165,UNAVAILABLE,0,5,,,AVAILABLE,17.0,True,,,,CURRENT_BAR_UNAVAILABLE,OBSERVATION_INSUFFICIENT,8,0,0,False,0,0,False,INHERITED_RAW_PRICE_BASIS,False,False
2025-07-30|41750,2025-07-30,41750,10:30,14:20,170,PARTIAL,2,3,,,AVAILABLE,17.0,True,,,,UNRESOLVED_STRUCTURE,OBSERVATION_INSUFFICIENT,10,0,0,False,2,0,False,INHERITED_RAW_PRICE_BASIS,False,False
2025-07-30|41750,2025-07-30,41750,10:30,14:25,175,UNAVAILABLE,0,5,,,AVAILABLE,17.0,True,,,,CURRENT_BAR_UNAVAILABLE,OBSERVATION_INSUFFICIENT,8,0,0,False,0,0,False,INHERITED_RAW_PRICE_BASIS,False,False
2025-07-30|41750,2025-07-30,41750,10:30,14:30,180,UNAVAILABLE,0,5,,,AVAILABLE,17.0,True,,,,CURRENT_BAR_UNAVAILABLE,OBSERVATION_INSUFFICIENT,8,0,0,False,0,0,False,INHERITED_RAW_PRICE_BASIS,False,False
2025-07-30|41750,2025-07-30,41750,10:30,14:35,185,PARTIAL,2,3,,,AVAILABLE,17.0,True,,,,CURRENT_BAR_UNAVAILABLE,OBSERVATION_INSUFFICIENT,9,0,0,False,0,0,False,INHERITED_RAW_PRICE_BASIS,False,False
2025-07-30|41750,2025-07-30,41750,10:30,14:40,190,UNAVAILABLE,0,5,,,AVAILABLE,17.0,True,,,,CURRENT_BAR_UNAVAILABLE,OBSERVATION_INSUFFICIENT,9,0,0,False,0,0,False,INHERITED_RAW_PRICE_BASIS,False,False
2025-07-30|41750,2025-07-30,41750,10:30,14:45,195,PARTIAL,1,4,,,AVAILABLE,17.0,True,,,,CURRENT_BAR_UNAVAILABLE,OBSERVATION_INSUFFICIENT,9,0,0,False,0,0,False,INHERITED_RAW_PRICE_BASIS,False,False
2025-07-30|41750,2025-07-30,41750,10:30,14:50,200,UNAVAILABLE,0,5,,,AVAILABLE,17.0,True,,,,CURRENT_BAR_UNAVAILABLE,OBSERVATION_INSUFFICIENT,9,0,0,False,0,0,False,INHERITED_RAW_PRICE_BASIS,False,False
2025-07-30|41750,2025-07-30,41750,10:30,14:55,205,PARTIAL,1,4,,,AVAILABLE,17.0,True,,,,CURRENT_BAR_UNAVAILABLE,OBSERVATION_INSUFFICIENT,9,0,0,False,0,0,False,INHERITED_RAW_PRICE_BASIS,False,False
2025-07-30|41750,2025-07-30,41750,10:30,15:00,210,UNAVAILABLE,0,5,,,AVAILABLE,17.0,True,,,,CURRENT_BAR_UNAVAILABLE,OBSERVATION_INSUFFICIENT,6,0,0,False,0,0,False,INHERITED_RAW_PRICE_BASIS,False,False
2025-07-30|41750,2025-07-30,41750,10:30,15:05,215,PARTIAL,1,4,,,AVAILABLE,17.0,True,,,,CURRENT_BAR_UNAVAILABLE,OBSERVATION_INSUFFICIENT,4,0,0,False,1,0,False,INHERITED_RAW_PRICE_BASIS,False,False
2025-07-30|41750,2025-07-30,41750,10:30,15:10,220,PARTIAL,3,2,,,AVAILABLE,17.0,True,,,,UNRESOLVED_STRUCTURE,OBSERVATION_INSUFFICIENT,4,0,1,False,0,1,False,INHERITED_RAW_PRICE_BASIS,False,False
2025-07-30|41750,2025-07-30,41750,10:30,15:15,225,PARTIAL,3,2,,,AVAILABLE,17.0,True,,,,UNRESOLVED_STRUCTURE,OBSERVATION_INSUFFICIENT,6,0,0,False,0,1,False,INHERITED_RAW_PRICE_BASIS,False,False
2025-07-30|41750,2025-07-30,41750,10:30,15:20,230,PARTIAL,3,2,,,AVAILABLE,17.0,True,,,,UNRESOLVED_STRUCTURE,RIGHT_CENSORED,4,0,0,False,0,2,False,INHERITED_RAW_PRICE_BASIS,False,False
2025-07-30|41750,2025-07-30,41750,10:30,15:25,235,PARTIAL,1,4,,,AVAILABLE,17.0,True,,,,UNRESOLVED_STRUCTURE,RIGHT_CENSORED,0,0,0,False,1,0,False,INHERITED_RAW_PRICE_BASIS,False,False
2025-07-30|42470,2025-07-30,42470,14:30,14:30,0,PARTIAL,1,4,,,SCALE_INSUFFICIENT,,True,,,,CURRENT_BAR_UNAVAILABLE,OBSERVATION_INSUFFICIENT,10,0,0,False,0,0,False,INHERITED_RAW_PRICE_BASIS,False,False
2025-07-30|42470,2025-07-30,42470,14:30,14:35,5,UNAVAILABLE,0,5,,,SCALE_INSUFFICIENT,,True,,,,CURRENT_BAR_UNAVAILABLE,OBSERVATION_INSUFFICIENT,10,0,0,False,0,0,False,INHERITED_RAW_PRICE_BASIS,False,False
2025-07-30|42470,2025-07-30,42470,14:30,14:40,10,UNAVAILABLE,0,5,,,SCALE_INSUFFICIENT,,True,,,,CURRENT_BAR_UNAVAILABLE,OBSERVATION_INSUFFICIENT,10,0,0,False,0,0,False,INHERITED_RAW_PRICE_BASIS,False,False
2025-07-30|42470,2025-07-30,42470,14:30,14:45,15,UNAVAILABLE,0,5,,,SCALE_INSUFFICIENT,,True,,,,CURRENT_BAR_UNAVAILABLE,OBSERVATION_INSUFFICIENT,9,0,0,False,0,0,False,INHERITED_RAW_PRICE_BASIS,False,False
2025-07-30|42470,2025-07-30,42470,14:30,14:50,20,UNAVAILABLE,0,5,,,SCALE_INSUFFICIENT,,True,,,,CURRENT_BAR_UNAVAILABLE,OBSERVATION_INSUFFICIENT,9,0,0,False,0,0,False,INHERITED_RAW_PRICE_BASIS,False,False
2025-07-30|42470,2025-07-30,42470,14:30,14:55,25,PARTIAL,1,4,,,SCALE_INSUFFICIENT,,True,,,,SCALE_UNAVAILABLE,OBSERVATION_INSUFFICIENT,10,0,0,False,0,0,False,INHERITED_RAW_PRICE_BASIS,False,False
2025-07-30|42470,2025-07-30,42470,14:30,15:00,30,UNAVAILABLE,0,5,,,SCALE_INSUFFICIENT,,True,,,,CURRENT_BAR_UNAVAILABLE,OBSERVATION_INSUFFICIENT,10,0,0,False,0,0,False,INHERITED_RAW_PRICE_BASIS,False,False
2025-07-30|42470,2025-07-30,42470,14:30,15:05,35,UNAVAILABLE,0,5,,,SCALE_INSUFFICIENT,,True,,,,CURRENT_BAR_UNAVAILABLE,OBSERVATION_INSUFFICIENT,10,0,0,False,0,0,False,INHERITED_RAW_PRICE_BASIS,False,False
2025-07-30|42470,2025-07-30,42470,14:30,15:10,40,UNAVAILABLE,0,5,,,SCALE_INSUFFICIENT,,True,,,,CURRENT_BAR_UNAVAILABLE,OBSERVATION_INSUFFICIENT,10,0,0,False,0,0,False,INHERITED_RAW_PRICE_BASIS,False,False
2025-07-30|42470,2025-07-30,42470,14:30,15:15,45,UNAVAILABLE,0,5,,,SCALE_INSUFFICIENT,,True,,,,CURRENT_BAR_UNAVAILABLE,OBSERVATION_INSUFFICIENT,10,0,0,False,0,0,False,INHERITED_RAW_PRICE_BASIS,False,False
2025-07-30|42470,2025-07-30,42470,14:30,15:20,50,UNAVAILABLE,0,5,,,SCALE_INSUFFICIENT,,True,,,,CURRENT_BAR_UNAVAILABLE,RIGHT_CENSORED,5,0,0,False,0,0,False,INHERITED_RAW_PRICE_BASIS,False,False
2025-07-30|42470,2025-07-30,42470,14:30,15:25,55,UNAVAILABLE,0,5,,,SCALE_INSUFFICIENT,,True,,,,CURRENT_BAR_UNAVAILABLE,RIGHT_CENSORED,0,0,0,False,0,0,False,INHERITED_RAW_PRICE_BASIS,False,False
2025-07-30|42630,2025-07-30,42630,10:30,10:30,0,COMPLETE,5,0,DOWN,-0.9478672985781991,AVAILABLE,11.0,True,DOWN_STRUCTURE,PROGRESSION,RANGE_COMPRESSION,IDENTIFIED,WINDOW_OBSERVED,0,0,12,False,2,1,True,INHERITED_RAW_PRICE_BASIS,False,False
2025-07-30|42630,2025-07-30,42630,10:30,10:35,5,COMPLETE,5,0,UP,0.3588516746411483,AVAILABLE,11.0,True,DOWN_STRUCTURE,PROGRESSION,CHOPPINESS,IDENTIFIED,WINDOW_OBSERVED,0,0,12,False,2,1,True,INHERITED_RAW_PRICE_BASIS,True,False
2025-07-30|42630,2025-07-30,42630,10:30,10:40,10,COMPLETE,5,0,DOWN,-0.9535160905840286,AVAILABLE,11.0,True,DOWN_STRUCTURE,CORRECTION|RECOVERY,,IDENTIFIED,WINDOW_OBSERVED,0,1,13,False,2,1,True,INHERITED_RAW_PRICE_BASIS,True,True
2025-07-30|42630,2025-07-30,42630,10:30,10:45,15,COMPLETE,5,0,UP,0.601684717208183,AVAILABLE,11.0,True,DOWN_STRUCTURE,CORRECTION|RECOVERY,CHOPPINESS|VOLUME_COMPRESSION|TRADING_VALUE_COMPRESSION,IDENTIFIED,WINDOW_OBSERVED,0,1,13,False,0,0,True,INHERITED_RAW_PRICE_BASIS,True,False
2025-07-30|42630,2025-07-30,42630,10:30,10:50,20,COMPLETE,5,0,UP,1.437125748502994,AVAILABLE,11.0,True,DOWN_STRUCTURE,CORRECTION|RECOVERY,RANGE_EXPANSION|VOLUME_EXPANSION|TRADING_VALUE_EXPANSION,IDENTIFIED,WINDOW_OBSERVED,0,0,13,False,0,0,True,INHERITED_RAW_PRICE_BASIS,True,False
2025-07-30|42630,2025-07-30,42630,10:30,10:55,25,COMPLETE,5,0,DOWN,-0.3546099290780142,AVAILABLE,11.0,True,DOWN_STRUCTURE,PROGRESSION,RANGE_COMPRESSION|VOLUME_COMPRESSION|TRADING_VALUE_COMPRESSION,IDENTIFIED,WINDOW_OBSERVED,0,1,14,False,0,0,True,INHERITED_RAW_PRICE_BASIS,True,True
2025-07-30|42630,2025-07-30,42630,10:30,11:00,30,COMPLETE,5,0,DOWN,-0.47393364928909953,AVAILABLE,11.0,True,DOWN_STRUCTURE,PROGRESSION,VOLUME_EXPANSION|TRADING_VALUE_EXPANSION,IDENTIFIED,WINDOW_OBSERVED,0,1,14,False,0,0,True,INHERITED_RAW_PRICE_BASIS,True,False
2025-07-30|42630,2025-07-30,42630,10:30,11:05,35,COMPLETE,5,0,DOWN,-1.187648456057007,AVAILABLE,11.0,True,DOWN_STRUCTURE,PROGRESSION,VOLUME_COMPRESSION|TRADING_VALUE_COMPRESSION,IDENTIFIED,WINDOW_OBSERVED,0,0,14,False,0,0,True,INHERITED_RAW_PRICE_BASIS,True,False
2025-07-30|42630,2025-07-30,42630,10:30,11:10,40,COMPLETE,5,0,DOWN,-0.24009603841536614,AVAILABLE,11.0,True,DOWN_STRUCTURE,PROGRESSION,CHOPPINESS|RANGE_COMPRESSION,IDENTIFIED,WINDOW_OBSERVED,0,0,14,False,0,0,True,INHERITED_RAW_PRICE_BASIS,True,False
2025-07-30|42630,2025-07-30,42630,10:30,11:15,45,COMPLETE,5,0,DOWN,-0.7228915662650602,AVAILABLE,11.0,True,DOWN_STRUCTURE,,VOLUME_EXPANSION|TRADING_VALUE_EXPANSION,IDENTIFIED,WINDOW_OBSERVED,0,1,15,False,5,5,True,INHERITED_RAW_PRICE_BASIS,True,True
2025-07-30|42630,2025-07-30,42630,10:30,11:20,50,COMPLETE,5,0,UP,0.6045949214026602,AVAILABLE,11.0,True,DOWN_STRUCTURE,CORRECTION|RECOVERY,VOLUME_COMPRESSION|TRADING_VALUE_COMPRESSION,IDENTIFIED,WINDOW_OBSERVED,0,1,15,False,2,1,True,INHERITED_RAW_PRICE_BASIS,True,True
2025-07-30|42630,2025-07-30,42630,10:30,11:25,55,COMPLETE,5,0,UP,0.7202881152460985,AVAILABLE,11.0,True,DOWN_STRUCTURE,CORRECTION|RECOVERY,,IDENTIFIED,WINDOW_OBSERVED,0,0,15,True,0,0,True,INHERITED_RAW_PRICE_BASIS,True,False
2025-07-30|42630,2025-07-30,42630,10:30,11:30,60,COMPLETE,5,0,DOWN,-0.3575685339690107,AVAILABLE,11.0,True,DOWN_STRUCTURE,CORRECTION|RECOVERY,CHOPPINESS|VOLUME_EXPANSION|TRADING_VALUE_EXPANSION,IDENTIFIED,WINDOW_OBSERVED,0,0,15,True,0,0,True,INHERITED_RAW_PRICE_BASIS,True,False
2025-07-30|42630,2025-07-30,42630,10:30,12:35,65,COMPLETE,5,0,DOWN,-0.7211538461538461,AVAILABLE,11.0,True,DOWN_STRUCTURE,PROGRESSION,,IDENTIFIED,WINDOW_OBSERVED,0,0,1,True,0,0,True,INHERITED_RAW_PRICE_BASIS,True,True
2025-07-30|42630,2025-07-30,42630,10:30,12:40,70,COMPLETE,5,0,UP,0.4836759371221282,AVAILABLE,11.0,True,DOWN_STRUCTURE,PROGRESSION,RANGE_COMPRESSION|VOLUME_COMPRESSION|TRADING_VALUE_COMPRESSION,IDENTIFIED,WINDOW_OBSERVED,0,0,1,True,0,0,True,INHERITED_RAW_PRICE_BASIS,True,False
2025-07-30|42630,2025-07-30,42630,10:30,12:45,75,COMPLETE,5,0,DOWN,-1.4457831325301205,AVAILABLE,11.0,True,DOWN_STRUCTURE,CORRECTION|RECOVERY,RANGE_EXPANSION|VOLUME_EXPANSION|TRADING_VALUE_EXPANSION,IDENTIFIED,WINDOW_OBSERVED,0,1,2,False,2,2,True,INHERITED_RAW_PRICE_BASIS,True,True
2025-07-30|42630,2025-07-30,42630,10:30,12:50,80,COMPLETE,5,0,UP,1.2165450121654502,AVAILABLE,11.0,True,DOWN_STRUCTURE,,,IDENTIFIED,WINDOW_OBSERVED,0,1,3,False,1,0,True,INHERITED_RAW_PRICE_BASIS,True,True
2025-07-30|42630,2025-07-30,42630,10:30,12:55,85,COMPLETE,5,0,DOWN,-1.6826923076923077,AVAILABLE,11.0,True,DOWN_STRUCTURE,PROGRESSION,VOLUME_COMPRESSION|TRADING_VALUE_COMPRESSION,IDENTIFIED,WINDOW_OBSERVED,0,0,3,False,0,0,True,INHERITED_RAW_PRICE_BASIS,True,True
2025-07-30|42630,2025-07-30,42630,10:30,13:00,90,COMPLETE,5,0,UP,0.24449877750611246,AVAILABLE,11.0,True,DOWN_STRUCTURE,PROGRESSION,RANGE_COMPRESSION|VOLUME_COMPRESSION|TRADING_VALUE_COMPRESSION,IDENTIFIED,WINDOW_OBSERVED,0,0,3,False,0,0,True,INHERITED_RAW_PRICE_BASIS,True,False
2025-07-30|42630,2025-07-30,42630,10:30,13:05,95,COMPLETE,5,0,UP,0.12195121951219512,AVAILABLE,11.0,True,DOWN_STRUCTURE,PROGRESSION,RANGE_COMPRESSION,IDENTIFIED,WINDOW_OBSERVED,0,0,3,False,0,0,True,INHERITED_RAW_PRICE_BASIS,True,False
2025-07-30|42630,2025-07-30,42630,10:30,13:10,100,COMPLETE,5,0,DOWN,-0.3654080389768575,AVAILABLE,11.0,True,DOWN_STRUCTURE,PROGRESSION,RANGE_COMPRESSION|VOLUME_COMPRESSION|TRADING_VALUE_COMPRESSION,IDENTIFIED,WINDOW_OBSERVED,0,0,3,False,0,0,True,INHERITED_RAW_PRICE_BASIS,True,False
2025-07-30|42630,2025-07-30,42630,10:30,13:15,105,COMPLETE,5,0,DOWN,-0.4889975550122249,AVAILABLE,11.0,True,DOWN_STRUCTURE,PROGRESSION,RANGE_EXPANSION|VOLUME_EXPANSION|TRADING_VALUE_EXPANSION,IDENTIFIED,WINDOW_OBSERVED,0,0,3,False,3,1,True,INHERITED_RAW_PRICE_BASIS,True,False
2025-07-30|42630,2025-07-30,42630,10:30,13:20,110,COMPLETE,5,0,UP,0.7371007371007371,AVAILABLE,11.0,True,DOWN_STRUCTURE,PROGRESSION,RANGE_EXPANSION|VOLUME_COMPRESSION|TRADING_VALUE_COMPRESSION,IDENTIFIED,WINDOW_OBSERVED,0,0,3,False,0,1,True,INHERITED_RAW_PRICE_BASIS,True,False
2025-07-30|42630,2025-07-30,42630,10:30,13:25,115,COMPLETE,5,0,UNCHANGED,0.0,AVAILABLE,11.0,True,DOWN_STRUCTURE,PROGRESSION,RANGE_COMPRESSION|VOLUME_COMPRESSION|TRADING_VALUE_COMPRESSION,IDENTIFIED,WINDOW_OBSERVED,0,0,3,True,0,0,True,INHERITED_RAW_PRICE_BASIS,True,False
2025-07-30|42630,2025-07-30,42630,10:30,13:30,120,COMPLETE,5,0,DOWN,-0.3663003663003663,AVAILABLE,11.0,True,DOWN_STRUCTURE,PROGRESSION,RANGE_EXPANSION|VOLUME_EXPANSION|TRADING_VALUE_EXPANSION,IDENTIFIED,WINDOW_OBSERVED,0,0,3,True,0,0,True,INHERITED_RAW_PRICE_BASIS,True,False
2025-07-30|42630,2025-07-30,42630,10:30,13:35,125,COMPLETE,5,0,UNCHANGED,0.0,AVAILABLE,11.0,True,DOWN_STRUCTURE,PROGRESSION,RANGE_COMPRESSION,IDENTIFIED,OBSERVATION_INSUFFICIENT,1,0,3,True,0,0,True,INHERITED_RAW_PRICE_BASIS,True,False
2025-07-30|42630,2025-07-30,42630,10:30,13:40,130,COMPLETE,5,0,DOWN,-0.12254901960784313,AVAILABLE,11.0,True,DOWN_STRUCTURE,PROGRESSION,,IDENTIFIED,OBSERVATION_INSUFFICIENT,1,0,3,True,0,0,True,INHERITED_RAW_PRICE_BASIS,True,False
2025-07-30|42630,2025-07-30,42630,10:30,13:45,135,PARTIAL,4,1,,,AVAILABLE,11.0,True,,,,UNRESOLVED_STRUCTURE,WINDOW_OBSERVED,0,0,0,False,1,1,False,INHERITED_RAW_PRICE_BASIS,False,False
2025-07-30|42630,2025-07-30,42630,10:30,13:50,140,COMPLETE,5,0,UNCHANGED,0.0,AVAILABLE,11.0,True,,,,UNRESOLVED_STRUCTURE,WINDOW_OBSERVED,0,1,1,False,0,0,False,INHERITED_RAW_PRICE_BASIS,False,False
2025-07-30|42630,2025-07-30,42630,10:30,13:55,145,COMPLETE,5,0,UP,0.7371007371007371,AVAILABLE,11.0,True,,,RANGE_EXPANSION|VOLUME_EXPANSION|TRADING_VALUE_EXPANSION,UNRESOLVED_STRUCTURE,WINDOW_OBSERVED,0,1,1,False,0,0,False,INHERITED_RAW_PRICE_BASIS,True,False
2025-07-30|42630,2025-07-30,42630,10:30,14:00,150,COMPLETE,5,0,UP,0.3654080389768575,AVAILABLE,11.0,True,,,RANGE_COMPRESSION,UNRESOLVED_STRUCTURE,WINDOW_OBSERVED,0,0,1,False,0,0,False,INHERITED_RAW_PRICE_BASIS,True,False
2025-07-30|42630,2025-07-30,42630,10:30,14:05,155,COMPLETE,5,0,DOWN,-0.970873786407767,AVAILABLE,11.0,True,,,RANGE_EXPANSION,UNRESOLVED_STRUCTURE,OBSERVATION_INSUFFICIENT,1,0,1,False,0,0,False,INHERITED_RAW_PRICE_BASIS,True,False
2025-07-30|42630,2025-07-30,42630,10:30,14:10,160,COMPLETE,5,0,DOWN,-0.24509803921568626,AVAILABLE,11.0,True,,,RANGE_COMPRESSION|VOLUME_COMPRESSION|TRADING_VALUE_COMPRESSION,UNRESOLVED_STRUCTURE,OBSERVATION_INSUFFICIENT,1,0,1,False,0,0,False,INHERITED_RAW_PRICE_BASIS,True,False
2025-07-30|42630,2025-07-30,42630,10:30,14:15,165,PARTIAL,4,1,,,AVAILABLE,11.0,True,,,,UNRESOLVED_STRUCTURE,WINDOW_OBSERVED,0,1,1,False,0,0,False,INHERITED_RAW_PRICE_BASIS,False,False
2025-07-30|42630,2025-07-30,42630,10:30,14:20,170,COMPLETE,5,0,DOWN,-0.9815950920245399,AVAILABLE,11.0,True,,,,UNRESOLVED_STRUCTURE,WINDOW_OBSERVED,0,0,1,False,1,1,False,INHERITED_RAW_PRICE_BASIS,False,False
2025-07-30|42630,2025-07-30,42630,10:30,14:25,175,COMPLETE,5,0,UNCHANGED,0.0,AVAILABLE,11.0,True,,,CHOPPINESS|RANGE_EXPANSION|VOLUME_EXPANSION|TRADING_VALUE_EXPANSION,UNRESOLVED_STRUCTURE,WINDOW_OBSERVED,0,0,1,False,2,2,False,INHERITED_RAW_PRICE_BASIS,True,False
2025-07-30|42630,2025-07-30,42630,10:30,14:30,180,COMPLETE,5,0,DOWN,-0.6211180124223602,AVAILABLE,11.0,True,,,RANGE_COMPRESSION|VOLUME_COMPRESSION|TRADING_VALUE_COMPRESSION,UNRESOLVED_STRUCTURE,WINDOW_OBSERVED,0,1,2,False,0,0,False,INHERITED_RAW_PRICE_BASIS,True,False
2025-07-30|42630,2025-07-30,42630,10:30,14:35,185,COMPLETE,5,0,UP,0.375,AVAILABLE,11.0,True,,RECOVERY,CHOPPINESS,UNRESOLVED_STRUCTURE,WINDOW_OBSERVED,0,1,2,False,0,0,True,INHERITED_RAW_PRICE_BASIS,True,True
2025-07-30|42630,2025-07-30,42630,10:30,14:40,190,COMPLETE,5,0,UP,0.6211180124223602,AVAILABLE,11.0,True,,RECOVERY,,UNRESOLVED_STRUCTURE,WINDOW_OBSERVED,0,0,2,False,0,0,True,INHERITED_RAW_PRICE_BASIS,True,False
2025-07-30|42630,2025-07-30,42630,10:30,14:45,195,COMPLETE,5,0,DOWN,-0.8631319358816276,AVAILABLE,11.0,True,,RECOVERY,RANGE_EXPANSION|VOLUME_EXPANSION|TRADING_VALUE_EXPANSION,UNRESOLVED_STRUCTURE,WINDOW_OBSERVED,0,0,2,False,1,0,True,INHERITED_RAW_PRICE_BASIS,True,False
2025-07-30|42630,2025-07-30,42630,10:30,14:50,200,COMPLETE,5,0,UP,0.373134328358209,AVAILABLE,11.0,True,RANGE_STRUCTURE,BALANCE,RANGE_COMPRESSION|VOLUME_COMPRESSION|TRADING_VALUE_COMPRESSION,IDENTIFIED,WINDOW_OBSERVED,0,1,3,True,0,0,True,INHERITED_RAW_PRICE_BASIS,True,True
2025-07-30|42630,2025-07-30,42630,10:30,14:55,205,COMPLETE,5,0,UNCHANGED,0.0,AVAILABLE,11.0,True,RANGE_STRUCTURE,BALANCE,RANGE_COMPRESSION,IDENTIFIED,WINDOW_OBSERVED,0,1,3,True,0,0,True,INHERITED_RAW_PRICE_BASIS,True,False
2025-07-30|42630,2025-07-30,42630,10:30,15:00,210,COMPLETE,5,0,DOWN,-0.12391573729863693,AVAILABLE,11.0,True,RANGE_STRUCTURE,BALANCE,RANGE_EXPANSION,IDENTIFIED,WINDOW_OBSERVED,0,0,3,True,0,0,True,INHERITED_RAW_PRICE_BASIS,True,False
2025-07-30|42630,2025-07-30,42630,10:30,15:05,215,COMPLETE,5,0,DOWN,-0.12406947890818859,AVAILABLE,11.0,True,RANGE_STRUCTURE,BALANCE,RANGE_COMPRESSION,IDENTIFIED,WINDOW_OBSERVED,0,0,3,True,0,0,True,INHERITED_RAW_PRICE_BASIS,True,False
2025-07-30|42630,2025-07-30,42630,10:30,15:10,220,COMPLETE,5,0,DOWN,-0.24813895781637718,AVAILABLE,11.0,True,RANGE_STRUCTURE,BALANCE,CHOPPINESS|RANGE_EXPANSION|VOLUME_EXPANSION|TRADING_VALUE_EXPANSION,IDENTIFIED,WINDOW_OBSERVED,0,0,3,True,0,0,True,INHERITED_RAW_PRICE_BASIS,True,False
2025-07-30|42630,2025-07-30,42630,10:30,15:15,225,COMPLETE,5,0,DOWN,-1.36986301369863,AVAILABLE,11.0,True,,RESTRUCTURING,RANGE_EXPANSION|VOLUME_EXPANSION|TRADING_VALUE_EXPANSION,UNRESOLVED_STRUCTURE,WINDOW_OBSERVED,0,0,3,False,3,3,True,INHERITED_RAW_PRICE_BASIS,True,True
2025-07-30|42630,2025-07-30,42630,10:30,15:20,230,COMPLETE,5,0,DOWN,-0.25252525252525254,AVAILABLE,11.0,True,,RESTRUCTURING,RANGE_COMPRESSION,UNRESOLVED_STRUCTURE,RIGHT_CENSORED,0,0,3,False,0,0,True,INHERITED_RAW_PRICE_BASIS,True,False
2025-07-30|42630,2025-07-30,42630,10:30,15:25,235,COMPLETE,5,0,UP,0.5056890012642224,AVAILABLE,11.0,True,,RESTRUCTURING,VOLUME_EXPANSION|TRADING_VALUE_EXPANSION,UNRESOLVED_STRUCTURE,RIGHT_CENSORED,0,0,3,False,3,1,True,INHERITED_RAW_PRICE_BASIS,True,False
2025-07-30|43700,2025-07-30,43700,10:00,10:00,0,COMPLETE,5,0,DOWN,-3.041825095057034,SCALE_INSUFFICIENT,,True,,,,SCALE_UNAVAILABLE,OBSERVATION_INSUFFICIENT,3,0,0,False,1,1,False,INHERITED_RAW_PRICE_BASIS,False,False
2025-07-30|43700,2025-07-30,43700,10:00,10:05,5,COMPLETE,5,0,UP,1.1764705882352942,SCALE_INSUFFICIENT,,True,,,,SCALE_UNAVAILABLE,OBSERVATION_INSUFFICIENT,6,0,0,False,0,1,False,INHERITED_RAW_PRICE_BASIS,True,False
2025-07-30|43700,2025-07-30,43700,10:00,10:10,10,PARTIAL,2,3,,,SCALE_INSUFFICIENT,,True,,,,CURRENT_BAR_UNAVAILABLE,OBSERVATION_INSUFFICIENT,7,0,0,False,0,0,False,INHERITED_RAW_PRICE_BASIS,False,False
2025-07-30|43700,2025-07-30,43700,10:00,10:15,15,PARTIAL,2,3,,,SCALE_INSUFFICIENT,,True,,,,SCALE_UNAVAILABLE,OBSERVATION_INSUFFICIENT,8,0,0,False,0,0,False,INHERITED_RAW_PRICE_BASIS,False,False
2025-07-30|43700,2025-07-30,43700,10:00,10:20,20,PARTIAL,1,4,,,SCALE_INSUFFICIENT,,True,,,,CURRENT_BAR_UNAVAILABLE,OBSERVATION_INSUFFICIENT,7,0,0,False,0,0,False,INHERITED_RAW_PRICE_BASIS,False,False
2025-07-30|43700,2025-07-30,43700,10:00,10:25,25,PARTIAL,1,4,,,SCALE_INSUFFICIENT,,True,,,,CURRENT_BAR_UNAVAILABLE,OBSERVATION_INSUFFICIENT,6,0,0,False,0,0,False,INHERITED_RAW_PRICE_BASIS,False,False
2025-07-30|43700,2025-07-30,43700,10:00,10:30,30,PARTIAL,2,3,,,SCALE_INSUFFICIENT,,True,,,,SCALE_UNAVAILABLE,OBSERVATION_INSUFFICIENT,7,0,0,False,0,0,False,INHERITED_RAW_PRICE_BASIS,False,False
2025-07-30|43700,2025-07-30,43700,10:00,10:35,35,PARTIAL,2,3,,,SCALE_INSUFFICIENT,,True,,,,SCALE_UNAVAILABLE,OBSERVATION_INSUFFICIENT,9,0,0,False,1,1,False,INHERITED_RAW_PRICE_BASIS,False,False
2025-07-30|43700,2025-07-30,43700,10:00,10:40,40,PARTIAL,1,4,,,SCALE_INSUFFICIENT,,True,,,,CURRENT_BAR_UNAVAILABLE,OBSERVATION_INSUFFICIENT,8,0,0,False,1,0,False,INHERITED_RAW_PRICE_BASIS,False,False
2025-07-30|43700,2025-07-30,43700,10:00,10:45,45,UNAVAILABLE,0,5,,,SCALE_INSUFFICIENT,,True,,,,CURRENT_BAR_UNAVAILABLE,OBSERVATION_INSUFFICIENT,8,0,0,False,0,0,False,INHERITED_RAW_PRICE_BASIS,False,False
2025-07-30|43700,2025-07-30,43700,10:00,10:50,50,PARTIAL,2,3,,,SCALE_INSUFFICIENT,,True,,,,CURRENT_BAR_UNAVAILABLE,OBSERVATION_INSUFFICIENT,9,0,0,False,1,3,False,INHERITED_RAW_PRICE_BASIS,False,False
2025-07-30|43700,2025-07-30,43700,10:00,10:55,55,UNAVAILABLE,0,5,,,SCALE_INSUFFICIENT,,True,,,,CURRENT_BAR_UNAVAILABLE,OBSERVATION_INSUFFICIENT,9,0,0,False,0,0,False,INHERITED_RAW_PRICE_BASIS,False,False
2025-07-30|43700,2025-07-30,43700,10:00,11:00,60,PARTIAL,1,4,,,SCALE_INSUFFICIENT,,True,,,,CURRENT_BAR_UNAVAILABLE,OBSERVATION_INSUFFICIENT,10,0,0,False,0,0,False,INHERITED_RAW_PRICE_BASIS,False,False
2025-07-30|43700,2025-07-30,43700,10:00,11:05,65,UNAVAILABLE,0,5,,,SCALE_INSUFFICIENT,,True,,,,CURRENT_BAR_UNAVAILABLE,OBSERVATION_INSUFFICIENT,9,0,0,False,0,0,False,INHERITED_RAW_PRICE_BASIS,False,False
2025-07-30|43700,2025-07-30,43700,10:00,11:10,70,UNAVAILABLE,0,5,,,SCALE_INSUFFICIENT,,True,,,,CURRENT_BAR_UNAVAILABLE,OBSERVATION_INSUFFICIENT,8,0,0,False,0,0,False,INHERITED_RAW_PRICE_BASIS,False,False
2025-07-30|43700,2025-07-30,43700,10:00,11:15,75,PARTIAL,1,4,,,SCALE_INSUFFICIENT,,True,,,,CURRENT_BAR_UNAVAILABLE,OBSERVATION_INSUFFICIENT,9,0,0,False,0,0,False,INHERITED_RAW_PRICE_BASIS,False,False
2025-07-30|43700,2025-07-30,43700,10:00,11:20,80,PARTIAL,1,4,,,SCALE_INSUFFICIENT,,True,,,,CURRENT_BAR_UNAVAILABLE,OBSERVATION_INSUFFICIENT,10,0,0,False,0,0,False,INHERITED_RAW_PRICE_BASIS,False,False
2025-07-30|43700,2025-07-30,43700,10:00,11:25,85,UNAVAILABLE,0,5,,,SCALE_INSUFFICIENT,,True,,,,CURRENT_BAR_UNAVAILABLE,OBSERVATION_INSUFFICIENT,8,0,0,False,0,0,False,INHERITED_RAW_PRICE_BASIS,False,False
2025-07-30|43700,2025-07-30,43700,10:00,11:30,90,UNAVAILABLE,0,5,,,SCALE_INSUFFICIENT,,True,,,,CURRENT_BAR_UNAVAILABLE,OBSERVATION_INSUFFICIENT,8,0,0,False,0,0,False,INHERITED_RAW_PRICE_BASIS,False,False
2025-07-30|43700,2025-07-30,43700,10:00,12:35,95,PARTIAL,2,3,,,SCALE_INSUFFICIENT,,True,,,,CURRENT_BAR_UNAVAILABLE,OBSERVATION_INSUFFICIENT,9,0,0,False,0,0,False,INHERITED_RAW_PRICE_BASIS,False,False
2025-07-30|43700,2025-07-30,43700,10:00,12:40,100,UNAVAILABLE,0,5,,,SCALE_INSUFFICIENT,,True,,,,CURRENT_BAR_UNAVAILABLE,OBSERVATION_INSUFFICIENT,8,0,0,False,0,0,False,INHERITED_RAW_PRICE_BASIS,False,False
2025-07-30|43700,2025-07-30,43700,10:00,12:45,105,PARTIAL,1,4,,,SCALE_INSUFFICIENT,,True,,,,CURRENT_BAR_UNAVAILABLE,OBSERVATION_INSUFFICIENT,7,0,0,False,0,0,False,INHERITED_RAW_PRICE_BASIS,False,False
2025-07-30|43700,2025-07-30,43700,10:00,12:50,110,PARTIAL,1,4,,,SCALE_INSUFFICIENT,,True,,,,CURRENT_BAR_UNAVAILABLE,OBSERVATION_INSUFFICIENT,7,0,0,False,0,0,False,INHERITED_RAW_PRICE_BASIS,False,False
2025-07-30|43700,2025-07-30,43700,10:00,12:55,115,PARTIAL,2,3,,,SCALE_INSUFFICIENT,,True,,,,SCALE_UNAVAILABLE,OBSERVATION_INSUFFICIENT,8,0,0,False,0,0,False,INHERITED_RAW_PRICE_BASIS,False,False
2025-07-30|43700,2025-07-30,43700,10:00,13:00,120,PARTIAL,1,4,,,SCALE_INSUFFICIENT,,True,,,,SCALE_UNAVAILABLE,OBSERVATION_INSUFFICIENT,8,0,0,False,0,0,False,INHERITED_RAW_PRICE_BASIS,False,False
2025-07-30|43700,2025-07-30,43700,10:00,13:05,125,PARTIAL,1,4,,,SCALE_INSUFFICIENT,,True,,,,CURRENT_BAR_UNAVAILABLE,OBSERVATION_INSUFFICIENT,7,0,0,False,0,0,False,INHERITED_RAW_PRICE_BASIS,False,False
2025-07-30|43700,2025-07-30,43700,10:00,13:10,130,PARTIAL,1,4,,,SCALE_INSUFFICIENT,,True,,,,CURRENT_BAR_UNAVAILABLE,OBSERVATION_INSUFFICIENT,7,0,0,False,0,0,False,INHERITED_RAW_PRICE_BASIS,False,False
2025-07-30|43700,2025-07-30,43700,10:00,13:15,135,PARTIAL,2,3,,,SCALE_INSUFFICIENT,,True,,,,CURRENT_BAR_UNAVAILABLE,OBSERVATION_INSUFFICIENT,8,0,0,False,0,0,False,INHERITED_RAW_PRICE_BASIS,False,False
2025-07-30|43700,2025-07-30,43700,10:00,13:20,140,PARTIAL,1,4,,,SCALE_INSUFFICIENT,,True,,,,SCALE_UNAVAILABLE,OBSERVATION_INSUFFICIENT,9,0,0,False,0,0,False,INHERITED_RAW_PRICE_BASIS,False,False
2025-07-30|43700,2025-07-30,43700,10:00,13:25,145,PARTIAL,1,4,,,SCALE_INSUFFICIENT,,True,,,,CURRENT_BAR_UNAVAILABLE,OBSERVATION_INSUFFICIENT,10,0,0,False,0,0,False,INHERITED_RAW_PRICE_BASIS,False,False
2025-07-30|43700,2025-07-30,43700,10:00,13:30,150,UNAVAILABLE,0,5,,,SCALE_INSUFFICIENT,,True,,,,CURRENT_BAR_UNAVAILABLE,OBSERVATION_INSUFFICIENT,9,0,0,False,0,0,False,INHERITED_RAW_PRICE_BASIS,False,False
2025-07-30|43700,2025-07-30,43700,10:00,13:35,155,UNAVAILABLE,0,5,,,SCALE_INSUFFICIENT,,True,,,,CURRENT_BAR_UNAVAILABLE,OBSERVATION_INSUFFICIENT,7,0,0,False,0,0,False,INHERITED_RAW_PRICE_BASIS,False,False
2025-07-30|43700,2025-07-30,43700,10:00,13:40,160,PARTIAL,1,4,,,SCALE_INSUFFICIENT,,True,,,,CURRENT_BAR_UNAVAILABLE,OBSERVATION_INSUFFICIENT,8,0,0,False,0,0,False,INHERITED_RAW_PRICE_BASIS,False,False
2025-07-30|43700,2025-07-30,43700,10:00,13:45,165,PARTIAL,2,3,,,SCALE_INSUFFICIENT,,True,,,,SCALE_UNAVAILABLE,OBSERVATION_INSUFFICIENT,10,0,0,False,0,0,False,INHERITED_RAW_PRICE_BASIS,False,False
2025-07-30|43700,2025-07-30,43700,10:00,13:50,170,UNAVAILABLE,0,5,,,SCALE_INSUFFICIENT,,True,,,,CURRENT_BAR_UNAVAILABLE,OBSERVATION_INSUFFICIENT,8,0,0,False,0,0,False,INHERITED_RAW_PRICE_BASIS,False,False
2025-07-30|43700,2025-07-30,43700,10:00,13:55,175,UNAVAILABLE,0,5,,,SCALE_INSUFFICIENT,,True,,,,CURRENT_BAR_UNAVAILABLE,OBSERVATION_INSUFFICIENT,8,0,0,False,0,0,False,INHERITED_RAW_PRICE_BASIS,False,False
2025-07-30|43700,2025-07-30,43700,10:00,14:00,180,PARTIAL,2,3,,,SCALE_INSUFFICIENT,,True,,,,SCALE_UNAVAILABLE,OBSERVATION_INSUFFICIENT,9,0,0,False,0,0,False,INHERITED_RAW_PRICE_BASIS,False,False
2025-07-30|43700,2025-07-30,43700,10:00,14:05,185,UNAVAILABLE,0,5,,,SCALE_INSUFFICIENT,,True,,,,CURRENT_BAR_UNAVAILABLE,OBSERVATION_INSUFFICIENT,9,0,0,False,0,0,False,INHERITED_RAW_PRICE_BASIS,False,False
2025-07-30|43700,2025-07-30,43700,10:00,14:10,190,PARTIAL,1,4,,,SCALE_INSUFFICIENT,,True,,,,CURRENT_BAR_UNAVAILABLE,OBSERVATION_INSUFFICIENT,10,0,0,False,0,0,False,INHERITED_RAW_PRICE_BASIS,False,False
2025-07-30|43700,2025-07-30,43700,10:00,14:15,195,UNAVAILABLE,0,5,,,SCALE_INSUFFICIENT,,True,,,,CURRENT_BAR_UNAVAILABLE,OBSERVATION_INSUFFICIENT,10,0,0,False,0,0,False,INHERITED_RAW_PRICE_BASIS,False,False
2025-07-30|43700,2025-07-30,43700,10:00,14:20,200,UNAVAILABLE,0,5,,,SCALE_INSUFFICIENT,,True,,,,CURRENT_BAR_UNAVAILABLE,OBSERVATION_INSUFFICIENT,10,0,0,False,0,0,False,INHERITED_RAW_PRICE_BASIS,False,False
2025-07-30|43700,2025-07-30,43700,10:00,14:25,205,UNAVAILABLE,0,5,,,SCALE_INSUFFICIENT,,True,,,,CURRENT_BAR_UNAVAILABLE,OBSERVATION_INSUFFICIENT,10,0,0,False,0,0,False,INHERITED_RAW_PRICE_BASIS,False,False
2025-07-30|43700,2025-07-30,43700,10:00,14:30,210,UNAVAILABLE,0,5,,,SCALE_INSUFFICIENT,,True,,,,CURRENT_BAR_UNAVAILABLE,OBSERVATION_INSUFFICIENT,9,0,0,False,0,0,False,INHERITED_RAW_PRICE_BASIS,False,False
2025-07-30|43700,2025-07-30,43700,10:00,14:35,215,UNAVAILABLE,0,5,,,SCALE_INSUFFICIENT,,True,,,,CURRENT_BAR_UNAVAILABLE,OBSERVATION_INSUFFICIENT,8,0,0,False,0,0,False,INHERITED_RAW_PRICE_BASIS,False,False
2025-07-30|43700,2025-07-30,43700,10:00,14:40,220,PARTIAL,1,4,,,SCALE_INSUFFICIENT,,True,,,,SCALE_UNAVAILABLE,OBSERVATION_INSUFFICIENT,8,0,0,False,0,0,False,INHERITED_RAW_PRICE_BASIS,False,False
2025-07-30|43700,2025-07-30,43700,10:00,14:45,225,PARTIAL,1,4,,,SCALE_INSUFFICIENT,,True,,,,CURRENT_BAR_UNAVAILABLE,OBSERVATION_INSUFFICIENT,9,0,0,False,0,0,False,INHERITED_RAW_PRICE_BASIS,False,False
2025-07-30|43700,2025-07-30,43700,10:00,14:50,230,PARTIAL,1,4,,,SCALE_INSUFFICIENT,,True,,,,SCALE_UNAVAILABLE,OBSERVATION_INSUFFICIENT,9,0,0,False,0,0,False,INHERITED_RAW_PRICE_BASIS,False,False
2025-07-30|43700,2025-07-30,43700,10:00,14:55,235,UNAVAILABLE,0,5,,,SCALE_INSUFFICIENT,,True,,,,CURRENT_BAR_UNAVAILABLE,OBSERVATION_INSUFFICIENT,8,0,0,False,0,0,False,INHERITED_RAW_PRICE_BASIS,False,False
2025-07-30|43700,2025-07-30,43700,10:00,15:00,240,PARTIAL,1,4,,,SCALE_INSUFFICIENT,,True,,,,CURRENT_BAR_UNAVAILABLE,OBSERVATION_INSUFFICIENT,9,0,0,False,0,0,False,INHERITED_RAW_PRICE_BASIS,False,False
2025-07-30|43700,2025-07-30,43700,10:00,15:05,245,PARTIAL,1,4,,,SCALE_INSUFFICIENT,,True,,,,CURRENT_BAR_UNAVAILABLE,OBSERVATION_INSUFFICIENT,8,0,0,False,0,0,False,INHERITED_RAW_PRICE_BASIS,False,False
2025-07-30|43700,2025-07-30,43700,10:00,15:10,250,UNAVAILABLE,0,5,,,SCALE_INSUFFICIENT,,True,,,,CURRENT_BAR_UNAVAILABLE,OBSERVATION_INSUFFICIENT,8,0,0,False,0,0,False,INHERITED_RAW_PRICE_BASIS,False,False
2025-07-30|43700,2025-07-30,43700,10:00,15:15,255,PARTIAL,2,3,,,SCALE_INSUFFICIENT,,True,,,,CURRENT_BAR_UNAVAILABLE,OBSERVATION_INSUFFICIENT,8,0,0,False,0,0,False,INHERITED_RAW_PRICE_BASIS,False,False
2025-07-30|43700,2025-07-30,43700,10:00,15:20,260,UNAVAILABLE,0,5,,,SCALE_INSUFFICIENT,,True,,,,CURRENT_BAR_UNAVAILABLE,RIGHT_CENSORED,3,0,0,False,0,0,False,INHERITED_RAW_PRICE_BASIS,False,False
2025-07-30|43700,2025-07-30,43700,10:00,15:25,265,PARTIAL,2,3,,,SCALE_INSUFFICIENT,,True,,,,SCALE_UNAVAILABLE,RIGHT_CENSORED,0,0,0,False,0,0,False,INHERITED_RAW_PRICE_BASIS,False,False
2025-07-30|44610,2025-07-30,44610,11:30,11:30,0,COMPLETE,5,0,DOWN,-0.3968253968253968,SCALE_INSUFFICIENT,,True,,,RANGE_COMPRESSION,SCALE_UNAVAILABLE,OBSERVATION_INSUFFICIENT,1,0,0,False,0,1,False,INHERITED_RAW_PRICE_BASIS,False,False
2025-07-30|44610,2025-07-30,44610,11:30,12:35,5,COMPLETE,5,0,UP,2.0,SCALE_INSUFFICIENT,,True,,,,SCALE_UNAVAILABLE,OBSERVATION_INSUFFICIENT,1,0,0,False,1,0,False,INHERITED_RAW_PRICE_BASIS,True,False
2025-07-30|44610,2025-07-30,44610,11:30,12:40,10,PARTIAL,4,1,,,SCALE_INSUFFICIENT,,True,,,,SCALE_UNAVAILABLE,WINDOW_OBSERVED,0,0,0,False,0,0,False,INHERITED_RAW_PRICE_BASIS,False,False
2025-07-30|44610,2025-07-30,44610,11:30,12:45,15,COMPLETE,5,0,DOWN,-1.1787819253438114,SCALE_INSUFFICIENT,,True,,,,SCALE_UNAVAILABLE,OBSERVATION_INSUFFICIENT,3,0,0,False,0,0,False,INHERITED_RAW_PRICE_BASIS,False,False
2025-07-30|44610,2025-07-30,44610,11:30,12:50,20,COMPLETE,5,0,UP,0.5976095617529881,SCALE_INSUFFICIENT,,True,,,RANGE_COMPRESSION|VOLUME_COMPRESSION|TRADING_VALUE_COMPRESSION,SCALE_UNAVAILABLE,OBSERVATION_INSUFFICIENT,6,0,0,False,0,0,False,INHERITED_RAW_PRICE_BASIS,True,False
2025-07-30|44610,2025-07-30,44610,11:30,12:55,25,PARTIAL,2,3,,,SCALE_INSUFFICIENT,,True,,,,SCALE_UNAVAILABLE,OBSERVATION_INSUFFICIENT,6,0,0,False,0,0,False,INHERITED_RAW_PRICE_BASIS,False,False
2025-07-30|44610,2025-07-30,44610,11:30,13:00,30,PARTIAL,2,3,,,SCALE_INSUFFICIENT,,True,,,,SCALE_UNAVAILABLE,OBSERVATION_INSUFFICIENT,4,0,0,False,0,0,False,INHERITED_RAW_PRICE_BASIS,False,False
2025-07-30|44610,2025-07-30,44610,11:30,13:05,35,PARTIAL,2,3,,,SCALE_INSUFFICIENT,,True,,,,CURRENT_BAR_UNAVAILABLE,OBSERVATION_INSUFFICIENT,2,0,0,False,0,0,False,INHERITED_RAW_PRICE_BASIS,False,False
2025-07-30|44610,2025-07-30,44610,11:30,13:10,40,PARTIAL,4,1,,,SCALE_INSUFFICIENT,,True,,,,SCALE_UNAVAILABLE,OBSERVATION_INSUFFICIENT,3,0,0,False,0,0,False,INHERITED_RAW_PRICE_BASIS,False,False
2025-07-30|44610,2025-07-30,44610,11:30,13:15,45,PARTIAL,4,1,,,SCALE_INSUFFICIENT,,True,,,,SCALE_UNAVAILABLE,OBSERVATION_INSUFFICIENT,4,0,0,False,0,0,False,INHERITED_RAW_PRICE_BASIS,False,False
2025-07-30|44610,2025-07-30,44610,11:30,13:20,50,PARTIAL,3,2,,,SCALE_INSUFFICIENT,,True,,,,SCALE_UNAVAILABLE,OBSERVATION_INSUFFICIENT,3,0,0,False,0,0,False,INHERITED_RAW_PRICE_BASIS,False,False
2025-07-30|44610,2025-07-30,44610,11:30,13:25,55,PARTIAL,3,2,,,SCALE_INSUFFICIENT,,True,,,,CURRENT_BAR_UNAVAILABLE,OBSERVATION_INSUFFICIENT,3,0,0,False,0,0,False,INHERITED_RAW_PRICE_BASIS,False,False
2025-07-30|44610,2025-07-30,44610,11:30,13:30,60,PARTIAL,4,1,,,SCALE_INSUFFICIENT,,True,,,,SCALE_UNAVAILABLE,OBSERVATION_INSUFFICIENT,3,0,0,False,0,0,False,INHERITED_RAW_PRICE_BASIS,False,False
2025-07-30|44610,2025-07-30,44610,11:30,13:35,65,PARTIAL,3,2,,,SCALE_INSUFFICIENT,,True,,,,SCALE_UNAVAILABLE,OBSERVATION_INSUFFICIENT,4,0,0,False,0,0,False,INHERITED_RAW_PRICE_BASIS,False,False
2025-07-30|44610,2025-07-30,44610,11:30,13:40,70,PARTIAL,4,1,,,SCALE_INSUFFICIENT,,True,,,,SCALE_UNAVAILABLE,OBSERVATION_INSUFFICIENT,4,0,0,False,0,0,False,INHERITED_RAW_PRICE_BASIS,False,False
2025-07-30|44610,2025-07-30,44610,11:30,13:45,75,PARTIAL,2,3,,,SCALE_INSUFFICIENT,,True,,,,SCALE_UNAVAILABLE,OBSERVATION_INSUFFICIENT,3,0,0,False,0,0,False,INHERITED_RAW_PRICE_BASIS,False,False
2025-07-30|44610,2025-07-30,44610,11:30,13:50,80,PARTIAL,4,1,,,SCALE_INSUFFICIENT,,True,,,,SCALE_UNAVAILABLE,OBSERVATION_INSUFFICIENT,6,0,0,False,0,0,False,INHERITED_RAW_PRICE_BASIS,False,False
2025-07-30|44610,2025-07-30,44610,11:30,13:55,85,PARTIAL,3,2,,,SCALE_INSUFFICIENT,,True,,,,SCALE_UNAVAILABLE,OBSERVATION_INSUFFICIENT,8,0,0,False,0,0,False,INHERITED_RAW_PRICE_BASIS,False,False
2025-07-30|44610,2025-07-30,44610,11:30,14:00,90,PARTIAL,1,4,,,SCALE_INSUFFICIENT,,True,,,,CURRENT_BAR_UNAVAILABLE,OBSERVATION_INSUFFICIENT,5,0,0,False,0,0,False,INHERITED_RAW_PRICE_BASIS,False,False
2025-07-30|44610,2025-07-30,44610,11:30,14:05,95,PARTIAL,1,4,,,SCALE_INSUFFICIENT,,True,,,,CURRENT_BAR_UNAVAILABLE,OBSERVATION_INSUFFICIENT,4,0,0,False,0,0,False,INHERITED_RAW_PRICE_BASIS,False,False
2025-07-30|44610,2025-07-30,44610,11:30,14:10,100,PARTIAL,4,1,,,SCALE_INSUFFICIENT,,True,,,,SCALE_UNAVAILABLE,OBSERVATION_INSUFFICIENT,7,0,0,False,0,0,False,INHERITED_RAW_PRICE_BASIS,False,False
2025-07-30|44610,2025-07-30,44610,11:30,14:15,105,PARTIAL,2,3,,,SCALE_INSUFFICIENT,,True,,,,CURRENT_BAR_UNAVAILABLE,OBSERVATION_INSUFFICIENT,6,0,0,False,0,0,False,INHERITED_RAW_PRICE_BASIS,False,False
2025-07-30|44610,2025-07-30,44610,11:30,14:20,110,PARTIAL,1,4,,,SCALE_INSUFFICIENT,,True,,,,CURRENT_BAR_UNAVAILABLE,OBSERVATION_INSUFFICIENT,6,0,0,False,0,0,False,INHERITED_RAW_PRICE_BASIS,False,False
2025-07-30|44610,2025-07-30,44610,11:30,14:25,115,PARTIAL,3,2,,,SCALE_INSUFFICIENT,,True,,,,SCALE_UNAVAILABLE,OBSERVATION_INSUFFICIENT,5,0,0,False,0,0,False,INHERITED_RAW_PRICE_BASIS,False,False
2025-07-30|44610,2025-07-30,44610,11:30,14:30,120,PARTIAL,1,4,,,SCALE_INSUFFICIENT,,True,,,,CURRENT_BAR_UNAVAILABLE,OBSERVATION_INSUFFICIENT,5,0,0,False,0,0,False,INHERITED_RAW_PRICE_BASIS,False,False
2025-07-30|44610,2025-07-30,44610,11:30,14:35,125,PARTIAL,4,1,,,SCALE_INSUFFICIENT,,True,,,,CURRENT_BAR_UNAVAILABLE,OBSERVATION_INSUFFICIENT,5,0,0,False,0,0,False,INHERITED_RAW_PRICE_BASIS,False,False
2025-07-30|44610,2025-07-30,44610,11:30,14:40,130,PARTIAL,1,4,,,SCALE_INSUFFICIENT,,True,,,,SCALE_UNAVAILABLE,OBSERVATION_INSUFFICIENT,3,0,0,False,0,0,False,INHERITED_RAW_PRICE_BASIS,False,False
2025-07-30|44610,2025-07-30,44610,11:30,14:45,135,PARTIAL,4,1,,,SCALE_INSUFFICIENT,,True,,,,SCALE_UNAVAILABLE,OBSERVATION_INSUFFICIENT,5,0,0,False,0,0,False,INHERITED_RAW_PRICE_BASIS,False,False
2025-07-30|44610,2025-07-30,44610,11:30,14:50,140,PARTIAL,3,2,,,SCALE_INSUFFICIENT,,True,,,,SCALE_UNAVAILABLE,OBSERVATION_INSUFFICIENT,4,0,0,False,0,0,False,INHERITED_RAW_PRICE_BASIS,False,False
2025-07-30|44610,2025-07-30,44610,11:30,14:55,145,PARTIAL,2,3,,,SCALE_INSUFFICIENT,,True,,,,CURRENT_BAR_UNAVAILABLE,OBSERVATION_INSUFFICIENT,3,0,0,False,0,0,False,INHERITED_RAW_PRICE_BASIS,False,False
2025-07-30|44610,2025-07-30,44610,11:30,15:00,150,PARTIAL,4,1,,,SCALE_INSUFFICIENT,,True,,,,SCALE_UNAVAILABLE,OBSERVATION_INSUFFICIENT,6,0,0,False,0,0,False,INHERITED_RAW_PRICE_BASIS,False,False
2025-07-30|44610,2025-07-30,44610,11:30,15:05,155,PARTIAL,3,2,,,SCALE_INSUFFICIENT,,True,,,,CURRENT_BAR_UNAVAILABLE,OBSERVATION_INSUFFICIENT,8,0,0,False,0,0,False,INHERITED_RAW_PRICE_BASIS,False,False
2025-07-30|44610,2025-07-30,44610,11:30,15:10,160,PARTIAL,1,4,,,SCALE_INSUFFICIENT,,True,,,,SCALE_UNAVAILABLE,OBSERVATION_INSUFFICIENT,6,0,0,False,0,0,False,INHERITED_RAW_PRICE_BASIS,False,False
2025-07-30|44610,2025-07-30,44610,11:30,15:15,165,PARTIAL,1,4,,,SCALE_INSUFFICIENT,,True,,,,CURRENT_BAR_UNAVAILABLE,OBSERVATION_INSUFFICIENT,5,0,0,False,0,0,False,INHERITED_RAW_PRICE_BASIS,False,False
2025-07-30|44610,2025-07-30,44610,11:30,15:20,170,PARTIAL,3,2,,,SCALE_INSUFFICIENT,,True,,,,CURRENT_BAR_UNAVAILABLE,RIGHT_CENSORED,3,0,0,False,0,0,False,INHERITED_RAW_PRICE_BASIS,False,False
2025-07-30|44610,2025-07-30,44610,11:30,15:25,175,PARTIAL,2,3,,,SCALE_INSUFFICIENT,,True,,,,SCALE_UNAVAILABLE,RIGHT_CENSORED,0,0,0,False,0,0,False,INHERITED_RAW_PRICE_BASIS,False,False
2025-07-30|45840,2025-07-30,45840,13:30,13:30,0,COMPLETE,5,0,DOWN,-1.9305019305019304,AVAILABLE,2.0,True,,,,UNRESOLVED_STRUCTURE,WINDOW_OBSERVED,0,0,3,False,0,1,False,INHERITED_RAW_PRICE_BASIS,False,False
2025-07-30|45840,2025-07-30,45840,13:30,13:35,5,COMPLETE,5,0,DOWN,-0.3937007874015748,AVAILABLE,2.0,True,DOWN_STRUCTURE,,RANGE_COMPRESSION,IDENTIFIED,WINDOW_OBSERVED,0,1,5,False,2,1,True,INHERITED_RAW_PRICE_BASIS,True,False
2025-07-30|45840,2025-07-30,45840,13:30,13:40,10,COMPLETE,5,0,DOWN,-1.5873015873015872,AVAILABLE,2.0,True,DOWN_STRUCTURE,,RANGE_EXPANSION,IDENTIFIED,WINDOW_OBSERVED,0,1,6,False,1,3,True,INHERITED_RAW_PRICE_BASIS,True,False
2025-07-30|45840,2025-07-30,45840,13:30,13:45,15,COMPLETE,5,0,UP,1.6129032258064515,AVAILABLE,2.0,True,DOWN_STRUCTURE,CORRECTION|RECOVERY,,IDENTIFIED,WINDOW_OBSERVED,0,0,6,False,3,2,True,INHERITED_RAW_PRICE_BASIS,True,True
2025-07-30|45840,2025-07-30,45840,13:30,13:50,20,COMPLETE,5,0,UNCHANGED,0.0,AVAILABLE,2.0,True,DOWN_STRUCTURE,CORRECTION|RECOVERY,RANGE_COMPRESSION|VOLUME_COMPRESSION|TRADING_VALUE_COMPRESSION,IDENTIFIED,WINDOW_OBSERVED,0,0,6,False,0,0,True,INHERITED_RAW_PRICE_BASIS,True,False
2025-07-30|45840,2025-07-30,45840,13:30,13:55,25,COMPLETE,5,0,UP,0.3952569169960474,AVAILABLE,2.0,True,,RESTRUCTURING,,UNRESOLVED_STRUCTURE,WINDOW_OBSERVED,0,1,7,False,0,2,True,INHERITED_RAW_PRICE_BASIS,True,True
2025-07-30|45840,2025-07-30,45840,13:30,14:00,30,COMPLETE,5,0,DOWN,-0.3937007874015748,AVAILABLE,2.0,True,,RESTRUCTURING,,UNRESOLVED_STRUCTURE,WINDOW_OBSERVED,0,1,7,False,0,0,True,INHERITED_RAW_PRICE_BASIS,True,False
2025-07-30|45840,2025-07-30,45840,13:30,14:05,35,COMPLETE,5,0,DOWN,-0.3952569169960474,AVAILABLE,2.0,True,,RESTRUCTURING,RANGE_EXPANSION,UNRESOLVED_STRUCTURE,WINDOW_OBSERVED,0,0,7,False,0,2,True,INHERITED_RAW_PRICE_BASIS,True,False
2025-07-30|45840,2025-07-30,45840,13:30,14:10,40,COMPLETE,5,0,UP,0.398406374501992,AVAILABLE,2.0,True,UP_STRUCTURE,CORRECTION,CHOPPINESS,IDENTIFIED,OBSERVATION_INSUFFICIENT,1,1,9,False,0,0,True,INHERITED_RAW_PRICE_BASIS,True,True
2025-07-30|45840,2025-07-30,45840,13:30,14:15,45,COMPLETE,5,0,UNCHANGED,0.0,AVAILABLE,2.0,True,UP_STRUCTURE,CORRECTION,RANGE_COMPRESSION,IDENTIFIED,OBSERVATION_INSUFFICIENT,1,0,9,False,0,1,True,INHERITED_RAW_PRICE_BASIS,True,False
2025-07-30|45840,2025-07-30,45840,13:30,14:20,50,PARTIAL,4,1,,,AVAILABLE,2.0,True,,,,UNRESOLVED_STRUCTURE,OBSERVATION_INSUFFICIENT,1,1,1,False,0,0,False,INHERITED_RAW_PRICE_BASIS,False,False
2025-07-30|45840,2025-07-30,45840,13:30,14:25,55,COMPLETE,5,0,DOWN,-0.7936507936507936,AVAILABLE,2.0,True,,,,UNRESOLVED_STRUCTURE,OBSERVATION_INSUFFICIENT,2,0,1,False,0,0,False,INHERITED_RAW_PRICE_BASIS,False,False
2025-07-30|45840,2025-07-30,45840,13:30,14:30,60,PARTIAL,4,1,,,AVAILABLE,2.0,True,,,,CURRENT_BAR_UNAVAILABLE,OBSERVATION_INSUFFICIENT,2,0,0,False,0,0,False,INHERITED_RAW_PRICE_BASIS,False,False
2025-07-30|45840,2025-07-30,45840,13:30,14:35,65,PARTIAL,4,1,,,AVAILABLE,2.0,True,,,,CURRENT_BAR_UNAVAILABLE,OBSERVATION_INSUFFICIENT,1,0,0,False,0,0,False,INHERITED_RAW_PRICE_BASIS,False,False
2025-07-30|45840,2025-07-30,45840,13:30,14:40,70,PARTIAL,4,1,,,AVAILABLE,2.0,True,,,,CURRENT_BAR_UNAVAILABLE,WINDOW_OBSERVED,0,0,0,False,0,0,False,INHERITED_RAW_PRICE_BASIS,False,False
2025-07-30|45840,2025-07-30,45840,13:30,14:45,75,COMPLETE,5,0,UNCHANGED,0.0,AVAILABLE,2.0,True,,,,UNRESOLVED_STRUCTURE,WINDOW_OBSERVED,0,1,1,False,0,0,False,INHERITED_RAW_PRICE_BASIS,False,False
2025-07-30|45840,2025-07-30,45840,13:30,14:50,80,COMPLETE,5,0,UNCHANGED,0.0,AVAILABLE,2.0,True,,,,UNRESOLVED_STRUCTURE,WINDOW_OBSERVED,0,1,1,False,0,0,False,INHERITED_RAW_PRICE_BASIS,True,False
2025-07-30|45840,2025-07-30,45840,13:30,14:55,85,COMPLETE,5,0,UP,0.3937007874015748,AVAILABLE,2.0,True,,,,UNRESOLVED_STRUCTURE,OBSERVATION_INSUFFICIENT,1,1,2,False,0,0,False,INHERITED_RAW_PRICE_BASIS,True,False
2025-07-30|45840,2025-07-30,45840,13:30,15:00,90,COMPLETE,5,0,DOWN,-0.7843137254901961,AVAILABLE,2.0,True,,,RANGE_EXPANSION,UNRESOLVED_STRUCTURE,OBSERVATION_INSUFFICIENT,1,0,2,False,0,1,False,INHERITED_RAW_PRICE_BASIS,True,False
2025-07-30|45840,2025-07-30,45840,13:30,15:05,95,PARTIAL,4,1,,,AVAILABLE,2.0,True,,,,UNRESOLVED_STRUCTURE,OBSERVATION_INSUFFICIENT,1,0,0,False,0,0,False,INHERITED_RAW_PRICE_BASIS,False,False
2025-07-30|45840,2025-07-30,45840,13:30,15:10,100,COMPLETE,5,0,UNCHANGED,0.0,AVAILABLE,2.0,True,,,,UNRESOLVED_STRUCTURE,OBSERVATION_INSUFFICIENT,2,0,0,False,0,0,False,INHERITED_RAW_PRICE_BASIS,False,False
2025-07-30|45840,2025-07-30,45840,13:30,15:15,105,PARTIAL,4,1,,,AVAILABLE,2.0,True,,,,UNRESOLVED_STRUCTURE,OBSERVATION_INSUFFICIENT,1,0,0,False,0,0,False,INHERITED_RAW_PRICE_BASIS,False,False
2025-07-30|45840,2025-07-30,45840,13:30,15:20,110,PARTIAL,4,1,,,AVAILABLE,2.0,True,,,,UNRESOLVED_STRUCTURE,RIGHT_CENSORED,0,1,1,False,0,0,False,INHERITED_RAW_PRICE_BASIS,False,False
2025-07-30|45840,2025-07-30,45840,13:30,15:25,115,COMPLETE,5,0,UNCHANGED,0.0,AVAILABLE,2.0,True,,,,UNRESOLVED_STRUCTURE,RIGHT_CENSORED,0,0,1,False,0,0,False,INHERITED_RAW_PRICE_BASIS,False,False
2025-07-30|46900,2025-07-30,46900,11:00,11:00,0,PARTIAL,1,4,,,SCALE_INSUFFICIENT,,True,,,,CURRENT_BAR_UNAVAILABLE,OBSERVATION_INSUFFICIENT,9,0,0,False,0,0,False,INHERITED_RAW_PRICE_BASIS,False,False
2025-07-30|46900,2025-07-30,46900,11:00,11:05,5,PARTIAL,1,4,,,SCALE_INSUFFICIENT,,True,,,,CURRENT_BAR_UNAVAILABLE,OBSERVATION_INSUFFICIENT,10,0,0,False,0,0,False,INHERITED_RAW_PRICE_BASIS,False,False
2025-07-30|46900,2025-07-30,46900,11:00,11:10,10,UNAVAILABLE,0,5,,,SCALE_INSUFFICIENT,,True,,,,CURRENT_BAR_UNAVAILABLE,OBSERVATION_INSUFFICIENT,10,0,0,False,0,0,False,INHERITED_RAW_PRICE_BASIS,False,False
2025-07-30|46900,2025-07-30,46900,11:00,11:15,15,UNAVAILABLE,0,5,,,SCALE_INSUFFICIENT,,True,,,,CURRENT_BAR_UNAVAILABLE,OBSERVATION_INSUFFICIENT,10,0,0,False,0,0,False,INHERITED_RAW_PRICE_BASIS,False,False
2025-07-30|46900,2025-07-30,46900,11:00,11:20,20,UNAVAILABLE,0,5,,,SCALE_INSUFFICIENT,,True,,,,CURRENT_BAR_UNAVAILABLE,OBSERVATION_INSUFFICIENT,9,0,0,False,0,0,False,INHERITED_RAW_PRICE_BASIS,False,False
2025-07-30|46900,2025-07-30,46900,11:00,11:25,25,UNAVAILABLE,0,5,,,SCALE_INSUFFICIENT,,True,,,,CURRENT_BAR_UNAVAILABLE,OBSERVATION_INSUFFICIENT,8,0,0,False,0,0,False,INHERITED_RAW_PRICE_BASIS,False,False
2025-07-30|46900,2025-07-30,46900,11:00,11:30,30,PARTIAL,1,4,,,SCALE_INSUFFICIENT,,True,,,,CURRENT_BAR_UNAVAILABLE,OBSERVATION_INSUFFICIENT,7,0,0,False,0,0,False,INHERITED_RAW_PRICE_BASIS,False,False
2025-07-30|46900,2025-07-30,46900,11:00,12:35,35,PARTIAL,1,4,,,SCALE_INSUFFICIENT,,True,,,,CURRENT_BAR_UNAVAILABLE,OBSERVATION_INSUFFICIENT,8,0,0,False,0,0,False,INHERITED_RAW_PRICE_BASIS,False,False
2025-07-30|46900,2025-07-30,46900,11:00,12:40,40,PARTIAL,2,3,,,SCALE_INSUFFICIENT,,True,,,,SCALE_UNAVAILABLE,OBSERVATION_INSUFFICIENT,10,0,0,False,0,0,False,INHERITED_RAW_PRICE_BASIS,False,False
2025-07-30|46900,2025-07-30,46900,11:00,12:45,45,UNAVAILABLE,0,5,,,SCALE_INSUFFICIENT,,True,,,,CURRENT_BAR_UNAVAILABLE,OBSERVATION_INSUFFICIENT,10,0,0,False,0,0,False,INHERITED_RAW_PRICE_BASIS,False,False
2025-07-30|46900,2025-07-30,46900,11:00,12:50,50,UNAVAILABLE,0,5,,,SCALE_INSUFFICIENT,,True,,,,CURRENT_BAR_UNAVAILABLE,OBSERVATION_INSUFFICIENT,9,0,0,False,0,0,False,INHERITED_RAW_PRICE_BASIS,False,False
2025-07-30|46900,2025-07-30,46900,11:00,12:55,55,UNAVAILABLE,0,5,,,SCALE_INSUFFICIENT,,True,,,,CURRENT_BAR_UNAVAILABLE,OBSERVATION_INSUFFICIENT,9,0,0,False,0,0,False,INHERITED_RAW_PRICE_BASIS,False,False
2025-07-30|46900,2025-07-30,46900,11:00,13:00,60,PARTIAL,1,4,,,SCALE_INSUFFICIENT,,True,,,,SCALE_UNAVAILABLE,OBSERVATION_INSUFFICIENT,10,0,0,False,0,0,False,INHERITED_RAW_PRICE_BASIS,False,False
2025-07-30|46900,2025-07-30,46900,11:00,13:05,65,UNAVAILABLE,0,5,,,SCALE_INSUFFICIENT,,True,,,,CURRENT_BAR_UNAVAILABLE,OBSERVATION_INSUFFICIENT,10,0,0,False,0,0,False,INHERITED_RAW_PRICE_BASIS,False,False
2025-07-30|46900,2025-07-30,46900,11:00,13:10,70,UNAVAILABLE,0,5,,,SCALE_INSUFFICIENT,,True,,,,CURRENT_BAR_UNAVAILABLE,OBSERVATION_INSUFFICIENT,10,0,0,False,0,0,False,INHERITED_RAW_PRICE_BASIS,False,False
2025-07-30|46900,2025-07-30,46900,11:00,13:15,75,UNAVAILABLE,0,5,,,SCALE_INSUFFICIENT,,True,,,,CURRENT_BAR_UNAVAILABLE,OBSERVATION_INSUFFICIENT,10,0,0,False,0,0,False,INHERITED_RAW_PRICE_BASIS,False,False
2025-07-30|46900,2025-07-30,46900,11:00,13:20,80,UNAVAILABLE,0,5,,,SCALE_INSUFFICIENT,,True,,,,CURRENT_BAR_UNAVAILABLE,OBSERVATION_INSUFFICIENT,10,0,0,False,0,0,False,INHERITED_RAW_PRICE_BASIS,False,False
2025-07-30|46900,2025-07-30,46900,11:00,13:25,85,UNAVAILABLE,0,5,,,SCALE_INSUFFICIENT,,True,,,,CURRENT_BAR_UNAVAILABLE,OBSERVATION_INSUFFICIENT,10,0,0,False,0,0,False,INHERITED_RAW_PRICE_BASIS,False,False
2025-07-30|46900,2025-07-30,46900,11:00,13:30,90,UNAVAILABLE,0,5,,,SCALE_INSUFFICIENT,,True,,,,CURRENT_BAR_UNAVAILABLE,OBSERVATION_INSUFFICIENT,10,0,0,False,0,0,False,INHERITED_RAW_PRICE_BASIS,False,False
2025-07-30|46900,2025-07-30,46900,11:00,13:35,95,UNAVAILABLE,0,5,,,SCALE_INSUFFICIENT,,True,,,,CURRENT_BAR_UNAVAILABLE,OBSERVATION_INSUFFICIENT,10,0,0,False,0,0,False,INHERITED_RAW_PRICE_BASIS,False,False
2025-07-30|46900,2025-07-30,46900,11:00,13:40,100,UNAVAILABLE,0,5,,,SCALE_INSUFFICIENT,,True,,,,CURRENT_BAR_UNAVAILABLE,OBSERVATION_INSUFFICIENT,10,0,0,False,0,0,False,INHERITED_RAW_PRICE_BASIS,False,False
2025-07-30|46900,2025-07-30,46900,11:00,13:45,105,UNAVAILABLE,0,5,,,SCALE_INSUFFICIENT,,True,,,,CURRENT_BAR_UNAVAILABLE,OBSERVATION_INSUFFICIENT,10,0,0,False,0,0,False,INHERITED_RAW_PRICE_BASIS,False,False
2025-07-30|46900,2025-07-30,46900,11:00,13:50,110,UNAVAILABLE,0,5,,,SCALE_INSUFFICIENT,,True,,,,CURRENT_BAR_UNAVAILABLE,OBSERVATION_INSUFFICIENT,10,0,0,False,0,0,False,INHERITED_RAW_PRICE_BASIS,False,False
2025-07-30|46900,2025-07-30,46900,11:00,13:55,115,UNAVAILABLE,0,5,,,SCALE_INSUFFICIENT,,True,,,,CURRENT_BAR_UNAVAILABLE,OBSERVATION_INSUFFICIENT,10,0,0,False,0,0,False,INHERITED_RAW_PRICE_BASIS,False,False
2025-07-30|46900,2025-07-30,46900,11:00,14:00,120,UNAVAILABLE,0,5,,,SCALE_INSUFFICIENT,,True,,,,CURRENT_BAR_UNAVAILABLE,OBSERVATION_INSUFFICIENT,10,0,0,False,0,0,False,INHERITED_RAW_PRICE_BASIS,False,False
2025-07-30|46900,2025-07-30,46900,11:00,14:05,125,UNAVAILABLE,0,5,,,SCALE_INSUFFICIENT,,True,,,,CURRENT_BAR_UNAVAILABLE,OBSERVATION_INSUFFICIENT,10,0,0,False,0,0,False,INHERITED_RAW_PRICE_BASIS,False,False
2025-07-30|46900,2025-07-30,46900,11:00,14:10,130,UNAVAILABLE,0,5,,,SCALE_INSUFFICIENT,,True,,,,CURRENT_BAR_UNAVAILABLE,OBSERVATION_INSUFFICIENT,10,0,0,False,0,0,False,INHERITED_RAW_PRICE_BASIS,False,False
2025-07-30|46900,2025-07-30,46900,11:00,14:15,135,UNAVAILABLE,0,5,,,SCALE_INSUFFICIENT,,True,,,,CURRENT_BAR_UNAVAILABLE,OBSERVATION_INSUFFICIENT,10,0,0,False,0,0,False,INHERITED_RAW_PRICE_BASIS,False,False
2025-07-30|46900,2025-07-30,46900,11:00,14:20,140,UNAVAILABLE,0,5,,,SCALE_INSUFFICIENT,,True,,,,CURRENT_BAR_UNAVAILABLE,OBSERVATION_INSUFFICIENT,10,0,0,False,0,0,False,INHERITED_RAW_PRICE_BASIS,False,False
2025-07-30|46900,2025-07-30,46900,11:00,14:25,145,UNAVAILABLE,0,5,,,SCALE_INSUFFICIENT,,True,,,,CURRENT_BAR_UNAVAILABLE,OBSERVATION_INSUFFICIENT,10,0,0,False,0,0,False,INHERITED_RAW_PRICE_BASIS,False,False
2025-07-30|46900,2025-07-30,46900,11:00,14:30,150,UNAVAILABLE,0,5,,,SCALE_INSUFFICIENT,,True,,,,CURRENT_BAR_UNAVAILABLE,OBSERVATION_INSUFFICIENT,10,0,0,False,0,0,False,INHERITED_RAW_PRICE_BASIS,False,False
2025-07-30|46900,2025-07-30,46900,11:00,14:35,155,UNAVAILABLE,0,5,,,SCALE_INSUFFICIENT,,True,,,,CURRENT_BAR_UNAVAILABLE,OBSERVATION_INSUFFICIENT,10,0,0,False,0,0,False,INHERITED_RAW_PRICE_BASIS,False,False
2025-07-30|46900,2025-07-30,46900,11:00,14:40,160,UNAVAILABLE,0,5,,,SCALE_INSUFFICIENT,,True,,,,CURRENT_BAR_UNAVAILABLE,OBSERVATION_INSUFFICIENT,10,0,0,False,0,0,False,INHERITED_RAW_PRICE_BASIS,False,False
2025-07-30|46900,2025-07-30,46900,11:00,14:45,165,UNAVAILABLE,0,5,,,SCALE_INSUFFICIENT,,True,,,,CURRENT_BAR_UNAVAILABLE,OBSERVATION_INSUFFICIENT,10,0,0,False,0,0,False,INHERITED_RAW_PRICE_BASIS,False,False
2025-07-30|46900,2025-07-30,46900,11:00,14:50,170,UNAVAILABLE,0,5,,,SCALE_INSUFFICIENT,,True,,,,CURRENT_BAR_UNAVAILABLE,OBSERVATION_INSUFFICIENT,9,0,0,False,0,0,False,INHERITED_RAW_PRICE_BASIS,False,False
2025-07-30|46900,2025-07-30,46900,11:00,14:55,175,UNAVAILABLE,0,5,,,SCALE_INSUFFICIENT,,True,,,,CURRENT_BAR_UNAVAILABLE,OBSERVATION_INSUFFICIENT,8,0,0,False,0,0,False,INHERITED_RAW_PRICE_BASIS,False,False
2025-07-30|46900,2025-07-30,46900,11:00,15:00,180,PARTIAL,1,4,,,SCALE_INSUFFICIENT,,True,,,,CURRENT_BAR_UNAVAILABLE,OBSERVATION_INSUFFICIENT,9,0,0,False,0,0,False,INHERITED_RAW_PRICE_BASIS,False,False
2025-07-30|46900,2025-07-30,46900,11:00,15:05,185,PARTIAL,1,4,,,SCALE_INSUFFICIENT,,True,,,,CURRENT_BAR_UNAVAILABLE,OBSERVATION_INSUFFICIENT,8,0,0,False,0,0,False,INHERITED_RAW_PRICE_BASIS,False,False
2025-07-30|46900,2025-07-30,46900,11:00,15:10,190,UNAVAILABLE,0,5,,,SCALE_INSUFFICIENT,,True,,,,CURRENT_BAR_UNAVAILABLE,OBSERVATION_INSUFFICIENT,7,0,0,False,0,0,False,INHERITED_RAW_PRICE_BASIS,False,False
2025-07-30|46900,2025-07-30,46900,11:00,15:15,195,PARTIAL,2,3,,,SCALE_INSUFFICIENT,,True,,,,SCALE_UNAVAILABLE,OBSERVATION_INSUFFICIENT,8,0,0,False,0,0,False,INHERITED_RAW_PRICE_BASIS,False,False
2025-07-30|46900,2025-07-30,46900,11:00,15:20,200,PARTIAL,1,4,,,SCALE_INSUFFICIENT,,True,,,,CURRENT_BAR_UNAVAILABLE,RIGHT_CENSORED,4,0,0,False,0,0,False,INHERITED_RAW_PRICE_BASIS,False,False
2025-07-30|46900,2025-07-30,46900,11:00,15:25,205,PARTIAL,1,4,,,SCALE_INSUFFICIENT,,True,,,,SCALE_UNAVAILABLE,RIGHT_CENSORED,0,0,0,False,0,0,False,INHERITED_RAW_PRICE_BASIS,False,False
2025-07-30|52560,2025-07-30,52560,10:30,10:30,0,PARTIAL,1,4,,,SCALE_INSUFFICIENT,,True,,,,CURRENT_BAR_UNAVAILABLE,OBSERVATION_INSUFFICIENT,9,0,0,False,0,0,False,INHERITED_RAW_PRICE_BASIS,False,False
2025-07-30|52560,2025-07-30,52560,10:30,10:35,5,UNAVAILABLE,0,5,,,SCALE_INSUFFICIENT,,True,,,,CURRENT_BAR_UNAVAILABLE,OBSERVATION_INSUFFICIENT,9,0,0,False,0,0,False,INHERITED_RAW_PRICE_BASIS,False,False
2025-07-30|52560,2025-07-30,52560,10:30,10:40,10,PARTIAL,1,4,,,SCALE_INSUFFICIENT,,True,,,,SCALE_UNAVAILABLE,OBSERVATION_INSUFFICIENT,9,0,0,False,0,0,False,INHERITED_RAW_PRICE_BASIS,False,False
2025-07-30|52560,2025-07-30,52560,10:30,10:45,15,UNAVAILABLE,0,5,,,SCALE_INSUFFICIENT,,True,,,,CURRENT_BAR_UNAVAILABLE,OBSERVATION_INSUFFICIENT,9,0,0,False,0,0,False,INHERITED_RAW_PRICE_BASIS,False,False
2025-07-30|52560,2025-07-30,52560,10:30,10:50,20,PARTIAL,1,4,,,SCALE_INSUFFICIENT,,True,,,,CURRENT_BAR_UNAVAILABLE,OBSERVATION_INSUFFICIENT,9,0,0,False,0,0,False,INHERITED_RAW_PRICE_BASIS,False,False
2025-07-30|52560,2025-07-30,52560,10:30,10:55,25,UNAVAILABLE,0,5,,,SCALE_INSUFFICIENT,,True,,,,CURRENT_BAR_UNAVAILABLE,OBSERVATION_INSUFFICIENT,9,0,0,False,0,0,False,INHERITED_RAW_PRICE_BASIS,False,False
2025-07-30|52560,2025-07-30,52560,10:30,11:00,30,PARTIAL,1,4,,,SCALE_INSUFFICIENT,,True,,,,CURRENT_BAR_UNAVAILABLE,OBSERVATION_INSUFFICIENT,10,0,0,False,0,0,False,INHERITED_RAW_PRICE_BASIS,False,False
2025-07-30|52560,2025-07-30,52560,10:30,11:05,35,UNAVAILABLE,0,5,,,SCALE_INSUFFICIENT,,True,,,,CURRENT_BAR_UNAVAILABLE,OBSERVATION_INSUFFICIENT,10,0,0,False,0,0,False,INHERITED_RAW_PRICE_BASIS,False,False
2025-07-30|52560,2025-07-30,52560,10:30,11:10,40,UNAVAILABLE,0,5,,,SCALE_INSUFFICIENT,,True,,,,CURRENT_BAR_UNAVAILABLE,OBSERVATION_INSUFFICIENT,8,0,0,False,0,0,False,INHERITED_RAW_PRICE_BASIS,False,False
2025-07-30|52560,2025-07-30,52560,10:30,11:15,45,UNAVAILABLE,0,5,,,SCALE_INSUFFICIENT,,True,,,,CURRENT_BAR_UNAVAILABLE,OBSERVATION_INSUFFICIENT,8,0,0,False,0,0,False,INHERITED_RAW_PRICE_BASIS,False,False
2025-07-30|52560,2025-07-30,52560,10:30,11:20,50,PARTIAL,2,3,,,SCALE_INSUFFICIENT,,True,,,,CURRENT_BAR_UNAVAILABLE,OBSERVATION_INSUFFICIENT,10,0,0,False,0,0,False,INHERITED_RAW_PRICE_BASIS,False,False
2025-07-30|52560,2025-07-30,52560,10:30,11:25,55,UNAVAILABLE,0,5,,,SCALE_INSUFFICIENT,,True,,,,CURRENT_BAR_UNAVAILABLE,OBSERVATION_INSUFFICIENT,9,0,0,False,0,0,False,INHERITED_RAW_PRICE_BASIS,False,False
2025-07-30|52560,2025-07-30,52560,10:30,11:30,60,UNAVAILABLE,0,5,,,SCALE_INSUFFICIENT,,True,,,,CURRENT_BAR_UNAVAILABLE,OBSERVATION_INSUFFICIENT,8,0,0,False,0,0,False,INHERITED_RAW_PRICE_BASIS,False,False
2025-07-30|52560,2025-07-30,52560,10:30,12:35,65,PARTIAL,1,4,,,SCALE_INSUFFICIENT,,True,,,,CURRENT_BAR_UNAVAILABLE,OBSERVATION_INSUFFICIENT,9,0,0,False,0,0,False,INHERITED_RAW_PRICE_BASIS,False,False
2025-07-30|52560,2025-07-30,52560,10:30,12:40,70,PARTIAL,1,4,,,SCALE_INSUFFICIENT,,True,,,,CURRENT_BAR_UNAVAILABLE,OBSERVATION_INSUFFICIENT,10,0,0,False,0,0,False,INHERITED_RAW_PRICE_BASIS,False,False
2025-07-30|52560,2025-07-30,52560,10:30,12:45,75,UNAVAILABLE,0,5,,,SCALE_INSUFFICIENT,,True,,,,CURRENT_BAR_UNAVAILABLE,OBSERVATION_INSUFFICIENT,10,0,0,False,0,0,False,INHERITED_RAW_PRICE_BASIS,False,False
2025-07-30|52560,2025-07-30,52560,10:30,12:50,80,UNAVAILABLE,0,5,,,SCALE_INSUFFICIENT,,True,,,,CURRENT_BAR_UNAVAILABLE,OBSERVATION_INSUFFICIENT,10,0,0,False,0,0,False,INHERITED_RAW_PRICE_BASIS,False,False
2025-07-30|52560,2025-07-30,52560,10:30,12:55,85,UNAVAILABLE,0,5,,,SCALE_INSUFFICIENT,,True,,,,CURRENT_BAR_UNAVAILABLE,OBSERVATION_INSUFFICIENT,10,0,0,False,0,0,False,INHERITED_RAW_PRICE_BASIS,False,False
2025-07-30|52560,2025-07-30,52560,10:30,13:00,90,UNAVAILABLE,0,5,,,SCALE_INSUFFICIENT,,True,,,,CURRENT_BAR_UNAVAILABLE,OBSERVATION_INSUFFICIENT,10,0,0,False,0,0,False,INHERITED_RAW_PRICE_BASIS,False,False
2025-07-30|52560,2025-07-30,52560,10:30,13:05,95,UNAVAILABLE,0,5,,,SCALE_INSUFFICIENT,,True,,,,CURRENT_BAR_UNAVAILABLE,OBSERVATION_INSUFFICIENT,10,0,0,False,0,0,False,INHERITED_RAW_PRICE_BASIS,False,False
2025-07-30|52560,2025-07-30,52560,10:30,13:10,100,UNAVAILABLE,0,5,,,SCALE_INSUFFICIENT,,True,,,,CURRENT_BAR_UNAVAILABLE,OBSERVATION_INSUFFICIENT,10,0,0,False,0,0,False,INHERITED_RAW_PRICE_BASIS,False,False
2025-07-30|52560,2025-07-30,52560,10:30,13:15,105,UNAVAILABLE,0,5,,,SCALE_INSUFFICIENT,,True,,,,CURRENT_BAR_UNAVAILABLE,OBSERVATION_INSUFFICIENT,10,0,0,False,0,0,False,INHERITED_RAW_PRICE_BASIS,False,False
2025-07-30|52560,2025-07-30,52560,10:30,13:20,110,UNAVAILABLE,0,5,,,SCALE_INSUFFICIENT,,True,,,,CURRENT_BAR_UNAVAILABLE,OBSERVATION_INSUFFICIENT,10,0,0,False,0,0,False,INHERITED_RAW_PRICE_BASIS,False,False
2025-07-30|52560,2025-07-30,52560,10:30,13:25,115,UNAVAILABLE,0,5,,,SCALE_INSUFFICIENT,,True,,,,CURRENT_BAR_UNAVAILABLE,OBSERVATION_INSUFFICIENT,10,0,0,False,0,0,False,INHERITED_RAW_PRICE_BASIS,False,False
2025-07-30|52560,2025-07-30,52560,10:30,13:30,120,UNAVAILABLE,0,5,,,SCALE_INSUFFICIENT,,True,,,,CURRENT_BAR_UNAVAILABLE,OBSERVATION_INSUFFICIENT,10,0,0,False,0,0,False,INHERITED_RAW_PRICE_BASIS,False,False
2025-07-30|52560,2025-07-30,52560,10:30,13:35,125,UNAVAILABLE,0,5,,,SCALE_INSUFFICIENT,,True,,,,CURRENT_BAR_UNAVAILABLE,OBSERVATION_INSUFFICIENT,10,0,0,False,0,0,False,INHERITED_RAW_PRICE_BASIS,False,False
2025-07-30|52560,2025-07-30,52560,10:30,13:40,130,UNAVAILABLE,0,5,,,SCALE_INSUFFICIENT,,True,,,,CURRENT_BAR_UNAVAILABLE,OBSERVATION_INSUFFICIENT,10,0,0,False,0,0,False,INHERITED_RAW_PRICE_BASIS,False,False
2025-07-30|52560,2025-07-30,52560,10:30,13:45,135,UNAVAILABLE,0,5,,,SCALE_INSUFFICIENT,,True,,,,CURRENT_BAR_UNAVAILABLE,OBSERVATION_INSUFFICIENT,10,0,0,False,0,0,False,INHERITED_RAW_PRICE_BASIS,False,False
2025-07-30|52560,2025-07-30,52560,10:30,13:50,140,UNAVAILABLE,0,5,,,SCALE_INSUFFICIENT,,True,,,,CURRENT_BAR_UNAVAILABLE,OBSERVATION_INSUFFICIENT,10,0,0,False,0,0,False,INHERITED_RAW_PRICE_BASIS,False,False
2025-07-30|52560,2025-07-30,52560,10:30,13:55,145,UNAVAILABLE,0,5,,,SCALE_INSUFFICIENT,,True,,,,CURRENT_BAR_UNAVAILABLE,OBSERVATION_INSUFFICIENT,10,0,0,False,0,0,False,INHERITED_RAW_PRICE_BASIS,False,False
2025-07-30|52560,2025-07-30,52560,10:30,14:00,150,UNAVAILABLE,0,5,,,SCALE_INSUFFICIENT,,True,,,,CURRENT_BAR_UNAVAILABLE,OBSERVATION_INSUFFICIENT,10,0,0,False,0,0,False,INHERITED_RAW_PRICE_BASIS,False,False
2025-07-30|52560,2025-07-30,52560,10:30,14:05,155,UNAVAILABLE,0,5,,,SCALE_INSUFFICIENT,,True,,,,CURRENT_BAR_UNAVAILABLE,OBSERVATION_INSUFFICIENT,10,0,0,False,0,0,False,INHERITED_RAW_PRICE_BASIS,False,False
2025-07-30|52560,2025-07-30,52560,10:30,14:10,160,UNAVAILABLE,0,5,,,SCALE_INSUFFICIENT,,True,,,,CURRENT_BAR_UNAVAILABLE,OBSERVATION_INSUFFICIENT,10,0,0,False,0,0,False,INHERITED_RAW_PRICE_BASIS,False,False
2025-07-30|52560,2025-07-30,52560,10:30,14:15,165,UNAVAILABLE,0,5,,,SCALE_INSUFFICIENT,,True,,,,CURRENT_BAR_UNAVAILABLE,OBSERVATION_INSUFFICIENT,10,0,0,False,0,0,False,INHERITED_RAW_PRICE_BASIS,False,False
2025-07-30|52560,2025-07-30,52560,10:30,14:20,170,UNAVAILABLE,0,5,,,SCALE_INSUFFICIENT,,True,,,,CURRENT_BAR_UNAVAILABLE,OBSERVATION_INSUFFICIENT,10,0,0,False,0,0,False,INHERITED_RAW_PRICE_BASIS,False,False
2025-07-30|52560,2025-07-30,52560,10:30,14:25,175,UNAVAILABLE,0,5,,,SCALE_INSUFFICIENT,,True,,,,CURRENT_BAR_UNAVAILABLE,OBSERVATION_INSUFFICIENT,10,0,0,False,0,0,False,INHERITED_RAW_PRICE_BASIS,False,False
2025-07-30|52560,2025-07-30,52560,10:30,14:30,180,UNAVAILABLE,0,5,,,SCALE_INSUFFICIENT,,True,,,,CURRENT_BAR_UNAVAILABLE,OBSERVATION_INSUFFICIENT,10,0,0,False,0,0,False,INHERITED_RAW_PRICE_BASIS,False,False
2025-07-30|52560,2025-07-30,52560,10:30,14:35,185,UNAVAILABLE,0,5,,,SCALE_INSUFFICIENT,,True,,,,CURRENT_BAR_UNAVAILABLE,OBSERVATION_INSUFFICIENT,10,0,0,False,0,0,False,INHERITED_RAW_PRICE_BASIS,False,False
2025-07-30|52560,2025-07-30,52560,10:30,14:40,190,UNAVAILABLE,0,5,,,SCALE_INSUFFICIENT,,True,,,,CURRENT_BAR_UNAVAILABLE,OBSERVATION_INSUFFICIENT,10,0,0,False,0,0,False,INHERITED_RAW_PRICE_BASIS,False,False
2025-07-30|52560,2025-07-30,52560,10:30,14:45,195,UNAVAILABLE,0,5,,,SCALE_INSUFFICIENT,,True,,,,CURRENT_BAR_UNAVAILABLE,OBSERVATION_INSUFFICIENT,9,0,0,False,0,0,False,INHERITED_RAW_PRICE_BASIS,False,False
2025-07-30|52560,2025-07-30,52560,10:30,14:50,200,UNAVAILABLE,0,5,,,SCALE_INSUFFICIENT,,True,,,,CURRENT_BAR_UNAVAILABLE,OBSERVATION_INSUFFICIENT,9,0,0,False,0,0,False,INHERITED_RAW_PRICE_BASIS,False,False
2025-07-30|52560,2025-07-30,52560,10:30,14:55,205,PARTIAL,1,4,,,SCALE_INSUFFICIENT,,True,,,,CURRENT_BAR_UNAVAILABLE,OBSERVATION_INSUFFICIENT,10,0,0,False,0,0,False,INHERITED_RAW_PRICE_BASIS,False,False
2025-07-30|52560,2025-07-30,52560,10:30,15:00,210,UNAVAILABLE,0,5,,,SCALE_INSUFFICIENT,,True,,,,CURRENT_BAR_UNAVAILABLE,OBSERVATION_INSUFFICIENT,10,0,0,False,0,0,False,INHERITED_RAW_PRICE_BASIS,False,False
2025-07-30|52560,2025-07-30,52560,10:30,15:05,215,UNAVAILABLE,0,5,,,SCALE_INSUFFICIENT,,True,,,,CURRENT_BAR_UNAVAILABLE,OBSERVATION_INSUFFICIENT,10,0,0,False,0,0,False,INHERITED_RAW_PRICE_BASIS,False,False
2025-07-30|52560,2025-07-30,52560,10:30,15:10,220,UNAVAILABLE,0,5,,,SCALE_INSUFFICIENT,,True,,,,CURRENT_BAR_UNAVAILABLE,OBSERVATION_INSUFFICIENT,9,0,0,False,0,0,False,INHERITED_RAW_PRICE_BASIS,False,False
2025-07-30|52560,2025-07-30,52560,10:30,15:15,225,UNAVAILABLE,0,5,,,SCALE_INSUFFICIENT,,True,,,,CURRENT_BAR_UNAVAILABLE,OBSERVATION_INSUFFICIENT,9,0,0,False,0,0,False,INHERITED_RAW_PRICE_BASIS,False,False
2025-07-30|52560,2025-07-30,52560,10:30,15:20,230,PARTIAL,1,4,,,SCALE_INSUFFICIENT,,True,,,,CURRENT_BAR_UNAVAILABLE,RIGHT_CENSORED,5,0,0,False,0,0,False,INHERITED_RAW_PRICE_BASIS,False,False
2025-07-30|52560,2025-07-30,52560,10:30,15:25,235,UNAVAILABLE,0,5,,,SCALE_INSUFFICIENT,,True,,,,CURRENT_BAR_UNAVAILABLE,RIGHT_CENSORED,0,0,0,False,0,0,False,INHERITED_RAW_PRICE_BASIS,False,False
2025-07-30|54490,2025-07-30,54490,13:00,13:00,0,COMPLETE,5,0,DOWN,-2.87168302435478,SCALE_INSUFFICIENT,,True,,,,SCALE_UNAVAILABLE,OBSERVATION_INSUFFICIENT,5,0,0,False,2,3,False,INHERITED_RAW_PRICE_BASIS,False,False
2025-07-30|54490,2025-07-30,54490,13:00,13:05,5,PARTIAL,1,4,,,SCALE_INSUFFICIENT,,True,,,,CURRENT_BAR_UNAVAILABLE,OBSERVATION_INSUFFICIENT,1,0,0,False,1,1,False,INHERITED_RAW_PRICE_BASIS,False,False
2025-07-30|54490,2025-07-30,54490,13:00,13:10,10,PARTIAL,4,1,,,SCALE_INSUFFICIENT,,True,,,,SCALE_UNAVAILABLE,WINDOW_OBSERVED,0,0,0,False,0,0,False,INHERITED_RAW_PRICE_BASIS,False,False
2025-07-30|54490,2025-07-30,54490,13:00,13:15,15,COMPLETE,5,0,UP,1.4553014553014554,SCALE_INSUFFICIENT,,True,,,,SCALE_UNAVAILABLE,WINDOW_OBSERVED,0,0,0,False,1,1,False,INHERITED_RAW_PRICE_BASIS,False,False
2025-07-30|54490,2025-07-30,54490,13:00,13:20,20,COMPLETE,5,0,DOWN,-1.1890118901189013,SCALE_INSUFFICIENT,,True,,,,SCALE_UNAVAILABLE,WINDOW_OBSERVED,0,0,0,False,0,0,False,INHERITED_RAW_PRICE_BASIS,True,False
2025-07-30|54490,2025-07-30,54490,13:00,13:25,25,COMPLETE,5,0,DOWN,-0.6628003314001657,SCALE_INSUFFICIENT,,True,,,,SCALE_UNAVAILABLE,WINDOW_OBSERVED,0,0,0,False,2,1,False,INHERITED_RAW_PRICE_BASIS,True,False
2025-07-30|54490,2025-07-30,54490,13:00,13:30,30,COMPLETE,5,0,UP,1.4981273408239701,SCALE_INSUFFICIENT,,True,,,,SCALE_UNAVAILABLE,WINDOW_OBSERVED,0,0,0,False,0,0,False,INHERITED_RAW_PRICE_BASIS,True,False
2025-07-30|54490,2025-07-30,54490,13:00,13:35,35,COMPLETE,5,0,UP,0.737402703809914,SCALE_INSUFFICIENT,,True,,,,SCALE_UNAVAILABLE,WINDOW_OBSERVED,0,0,0,False,0,0,False,INHERITED_RAW_PRICE_BASIS,True,False
2025-07-30|54490,2025-07-30,54490,13:00,13:40,40,COMPLETE,5,0,DOWN,-0.36600244001626675,SCALE_INSUFFICIENT,,True,,,RANGE_COMPRESSION|VOLUME_COMPRESSION|TRADING_VALUE_COMPRESSION,SCALE_UNAVAILABLE,WINDOW_OBSERVED,0,0,0,False,0,0,False,INHERITED_RAW_PRICE_BASIS,True,False
2025-07-30|54490,2025-07-30,54490,13:00,13:45,45,COMPLETE,5,0,UP,0.40816326530612246,SCALE_INSUFFICIENT,,True,,,,SCALE_UNAVAILABLE,WINDOW_OBSERVED,0,0,0,False,0,0,False,INHERITED_RAW_PRICE_BASIS,True,False
2025-07-30|54490,2025-07-30,54490,13:00,13:50,50,COMPLETE,5,0,DOWN,-0.486815415821501,SCALE_INSUFFICIENT,,True,,,RANGE_EXPANSION,SCALE_UNAVAILABLE,WINDOW_OBSERVED,0,0,0,False,0,0,False,INHERITED_RAW_PRICE_BASIS,True,False
2025-07-30|54490,2025-07-30,54490,13:00,13:55,55,COMPLETE,5,0,DOWN,-0.08163265306122448,SCALE_INSUFFICIENT,,True,,,RANGE_COMPRESSION,SCALE_UNAVAILABLE,WINDOW_OBSERVED,0,0,0,False,0,0,False,INHERITED_RAW_PRICE_BASIS,True,False
2025-07-30|54490,2025-07-30,54490,13:00,14:00,60,COMPLETE,5,0,UP,0.1631321370309951,SCALE_INSUFFICIENT,,True,,,RANGE_COMPRESSION|VOLUME_COMPRESSION|TRADING_VALUE_COMPRESSION,SCALE_UNAVAILABLE,OBSERVATION_INSUFFICIENT,2,0,0,False,0,0,False,INHERITED_RAW_PRICE_BASIS,True,False
2025-07-30|54490,2025-07-30,54490,13:00,14:05,65,COMPLETE,5,0,UNCHANGED,0.0,SCALE_INSUFFICIENT,,True,,,RANGE_EXPANSION|VOLUME_EXPANSION|TRADING_VALUE_EXPANSION,SCALE_UNAVAILABLE,OBSERVATION_INSUFFICIENT,3,0,0,False,0,0,False,INHERITED_RAW_PRICE_BASIS,True,False
2025-07-30|54490,2025-07-30,54490,13:00,14:10,70,PARTIAL,3,2,,,SCALE_INSUFFICIENT,,True,,,,CURRENT_BAR_UNAVAILABLE,OBSERVATION_INSUFFICIENT,1,0,0,False,0,0,False,INHERITED_RAW_PRICE_BASIS,False,False
2025-07-30|54490,2025-07-30,54490,13:00,14:15,75,PARTIAL,4,1,,,SCALE_INSUFFICIENT,,True,,,,CURRENT_BAR_UNAVAILABLE,OBSERVATION_INSUFFICIENT,1,0,0,False,0,0,False,INHERITED_RAW_PRICE_BASIS,False,False
2025-07-30|54490,2025-07-30,54490,13:00,14:20,80,COMPLETE,5,0,DOWN,-0.08156606851549755,SCALE_INSUFFICIENT,,True,,,,SCALE_UNAVAILABLE,OBSERVATION_INSUFFICIENT,4,0,0,False,0,0,False,INHERITED_RAW_PRICE_BASIS,False,False
2025-07-30|54490,2025-07-30,54490,13:00,14:25,85,PARTIAL,4,1,,,SCALE_INSUFFICIENT,,True,,,,SCALE_UNAVAILABLE,OBSERVATION_INSUFFICIENT,3,0,0,False,0,0,False,INHERITED_RAW_PRICE_BASIS,False,False
2025-07-30|54490,2025-07-30,54490,13:00,14:30,90,PARTIAL,2,3,,,SCALE_INSUFFICIENT,,True,,,,CURRENT_BAR_UNAVAILABLE,WINDOW_OBSERVED,0,0,0,False,0,0,False,INHERITED_RAW_PRICE_BASIS,False,False
2025-07-30|54490,2025-07-30,54490,13:00,14:35,95,COMPLETE,5,0,UP,0.2043318348998774,SCALE_INSUFFICIENT,,True,,,,SCALE_UNAVAILABLE,WINDOW_OBSERVED,0,0,0,False,0,0,False,INHERITED_RAW_PRICE_BASIS,False,False
2025-07-30|54490,2025-07-30,54490,13:00,14:40,100,COMPLETE,5,0,DOWN,-0.16306563391765186,SCALE_INSUFFICIENT,,True,,,VOLUME_EXPANSION|TRADING_VALUE_EXPANSION,SCALE_UNAVAILABLE,OBSERVATION_INSUFFICIENT,1,0,0,False,0,0,False,INHERITED_RAW_PRICE_BASIS,True,False
2025-07-30|54490,2025-07-30,54490,13:00,14:45,105,COMPLETE,5,0,DOWN,-0.04083299305839118,SCALE_INSUFFICIENT,,True,,,,SCALE_UNAVAILABLE,OBSERVATION_INSUFFICIENT,2,0,0,False,0,0,False,INHERITED_RAW_PRICE_BASIS,True,False
2025-07-30|54490,2025-07-30,54490,13:00,14:50,110,PARTIAL,4,1,,,SCALE_INSUFFICIENT,,True,,,,SCALE_UNAVAILABLE,OBSERVATION_INSUFFICIENT,2,0,0,False,0,0,False,INHERITED_RAW_PRICE_BASIS,False,False
2025-07-30|54490,2025-07-30,54490,13:00,14:55,115,PARTIAL,4,1,,,SCALE_INSUFFICIENT,,True,,,,SCALE_UNAVAILABLE,OBSERVATION_INSUFFICIENT,2,0,0,False,0,0,False,INHERITED_RAW_PRICE_BASIS,False,False
2025-07-30|54490,2025-07-30,54490,13:00,15:00,120,PARTIAL,4,1,,,SCALE_INSUFFICIENT,,True,,,,SCALE_UNAVAILABLE,OBSERVATION_INSUFFICIENT,3,0,0,False,0,0,False,INHERITED_RAW_PRICE_BASIS,False,False
2025-07-30|54490,2025-07-30,54490,13:00,15:05,125,PARTIAL,4,1,,,SCALE_INSUFFICIENT,,True,,,,SCALE_UNAVAILABLE,OBSERVATION_INSUFFICIENT,3,0,0,False,0,0,False,INHERITED_RAW_PRICE_BASIS,False,False
2025-07-30|54490,2025-07-30,54490,13:00,15:10,130,PARTIAL,3,2,,,SCALE_INSUFFICIENT,,True,,,,CURRENT_BAR_UNAVAILABLE,OBSERVATION_INSUFFICIENT,1,0,0,False,0,0,False,INHERITED_RAW_PRICE_BASIS,False,False
2025-07-30|54490,2025-07-30,54490,13:00,15:15,135,PARTIAL,4,1,,,SCALE_INSUFFICIENT,,True,,,,CURRENT_BAR_UNAVAILABLE,WINDOW_OBSERVED,0,0,0,False,0,0,False,INHERITED_RAW_PRICE_BASIS,False,False
2025-07-30|54490,2025-07-30,54490,13:00,15:20,140,COMPLETE,5,0,DOWN,-0.12195121951219512,SCALE_INSUFFICIENT,,True,,,,SCALE_UNAVAILABLE,RIGHT_CENSORED,0,0,0,False,0,0,False,INHERITED_RAW_PRICE_BASIS,False,False
2025-07-30|54490,2025-07-30,54490,13:00,15:25,145,COMPLETE,5,0,DOWN,-0.1629327902240326,SCALE_INSUFFICIENT,,True,,,RANGE_COMPRESSION|VOLUME_EXPANSION|TRADING_VALUE_EXPANSION,SCALE_UNAVAILABLE,RIGHT_CENSORED,0,0,0,False,0,0,False,INHERITED_RAW_PRICE_BASIS,True,False
2025-07-30|55970,2025-07-30,55970,10:00,10:00,0,COMPLETE,5,0,DOWN,-1.5853658536585367,AVAILABLE,39.0,True,DOWN_STRUCTURE,PROGRESSION,,IDENTIFIED,WINDOW_OBSERVED,0,0,6,False,5,3,True,INHERITED_RAW_PRICE_BASIS,False,False
2025-07-30|55970,2025-07-30,55970,10:00,10:05,5,COMPLETE,5,0,DOWN,-0.7013201320132013,AVAILABLE,39.0,True,DOWN_STRUCTURE,PROGRESSION,RANGE_COMPRESSION|VOLUME_COMPRESSION|TRADING_VALUE_COMPRESSION,IDENTIFIED,WINDOW_OBSERVED,0,0,6,False,0,0,True,INHERITED_RAW_PRICE_BASIS,True,False
2025-07-30|55970,2025-07-30,55970,10:00,10:10,10,COMPLETE,5,0,DOWN,-0.12453300124533001,AVAILABLE,39.0,True,DOWN_STRUCTURE,PROGRESSION,RANGE_EXPANSION,IDENTIFIED,WINDOW_OBSERVED,0,0,6,False,2,2,True,INHERITED_RAW_PRICE_BASIS,True,False
2025-07-30|55970,2025-07-30,55970,10:00,10:15,15,COMPLETE,5,0,UNCHANGED,0.0,AVAILABLE,39.0,True,DOWN_STRUCTURE,PROGRESSION,RANGE_COMPRESSION|VOLUME_COMPRESSION|TRADING_VALUE_COMPRESSION,IDENTIFIED,WINDOW_OBSERVED,0,0,6,False,0,0,True,INHERITED_RAW_PRICE_BASIS,True,False
2025-07-30|55970,2025-07-30,55970,10:00,10:20,20,COMPLETE,5,0,UNCHANGED,0.0,AVAILABLE,39.0,True,DOWN_STRUCTURE,PROGRESSION,,IDENTIFIED,WINDOW_OBSERVED,0,0,6,False,0,0,True,INHERITED_RAW_PRICE_BASIS,True,False
2025-07-30|55970,2025-07-30,55970,10:00,10:25,25,COMPLETE,5,0,DOWN,-0.5414410662224073,AVAILABLE,39.0,True,DOWN_STRUCTURE,PROGRESSION,VOLUME_COMPRESSION|TRADING_VALUE_COMPRESSION,IDENTIFIED,WINDOW_OBSERVED,0,0,6,False,0,0,True,INHERITED_RAW_PRICE_BASIS,True,False
2025-07-30|55970,2025-07-30,55970,10:00,10:30,30,COMPLETE,5,0,UP,0.4602510460251046,AVAILABLE,39.0,True,DOWN_STRUCTURE,PROGRESSION,VOLUME_EXPANSION|TRADING_VALUE_EXPANSION,IDENTIFIED,WINDOW_OBSERVED,0,0,6,False,0,0,True,INHERITED_RAW_PRICE_BASIS,True,False
2025-07-30|55970,2025-07-30,55970,10:00,10:35,35,COMPLETE,5,0,UP,0.12489592006661115,AVAILABLE,39.0,True,DOWN_STRUCTURE,PROGRESSION,,IDENTIFIED,WINDOW_OBSERVED,0,0,6,False,0,0,True,INHERITED_RAW_PRICE_BASIS,True,False
2025-07-30|55970,2025-07-30,55970,10:00,10:40,40,COMPLETE,5,0,DOWN,-0.16638935108153077,AVAILABLE,39.0,True,DOWN_STRUCTURE,PROGRESSION,VOLUME_COMPRESSION|TRADING_VALUE_COMPRESSION,IDENTIFIED,WINDOW_OBSERVED,0,0,6,True,0,0,True,INHERITED_RAW_PRICE_BASIS,True,False
2025-07-30|55970,2025-07-30,55970,10:00,10:45,45,COMPLETE,5,0,UNCHANGED,0.0,AVAILABLE,39.0,True,DOWN_STRUCTURE,PROGRESSION,RANGE_COMPRESSION|VOLUME_COMPRESSION|TRADING_VALUE_COMPRESSION,IDENTIFIED,WINDOW_OBSERVED,0,0,6,True,0,0,True,INHERITED_RAW_PRICE_BASIS,True,False
2025-07-30|55970,2025-07-30,55970,10:00,10:50,50,COMPLETE,5,0,DOWN,-0.16666666666666666,AVAILABLE,39.0,True,DOWN_STRUCTURE,PROGRESSION,RANGE_COMPRESSION|VOLUME_COMPRESSION|TRADING_VALUE_COMPRESSION,IDENTIFIED,OBSERVATION_INSUFFICIENT,1,0,6,True,0,0,True,INHERITED_RAW_PRICE_BASIS,True,False
2025-07-30|55970,2025-07-30,55970,10:00,10:55,55,COMPLETE,5,0,DOWN,-0.29227557411273486,AVAILABLE,39.0,True,DOWN_STRUCTURE,PROGRESSION,RANGE_EXPANSION|VOLUME_EXPANSION|TRADING_VALUE_EXPANSION,IDENTIFIED,OBSERVATION_INSUFFICIENT,1,0,6,True,0,0,True,INHERITED_RAW_PRICE_BASIS,True,False
2025-07-30|55970,2025-07-30,55970,10:00,11:00,60,PARTIAL,4,1,,,AVAILABLE,39.0,True,,,,UNRESOLVED_STRUCTURE,WINDOW_OBSERVED,0,1,1,False,0,0,False,INHERITED_RAW_PRICE_BASIS,False,False
2025-07-30|55970,2025-07-30,55970,10:00,11:05,65,COMPLETE,5,0,UP,1.0442773600668338,AVAILABLE,39.0,True,,,,UNRESOLVED_STRUCTURE,WINDOW_OBSERVED,0,1,1,False,0,0,False,INHERITED_RAW_PRICE_BASIS,False,False
2025-07-30|55970,2025-07-30,55970,10:00,11:10,70,COMPLETE,5,0,UP,2.232327408019843,AVAILABLE,39.0,True,,,RANGE_EXPANSION|VOLUME_EXPANSION|TRADING_VALUE_EXPANSION,UNRESOLVED_STRUCTURE,WINDOW_OBSERVED,0,0,1,False,3,3,False,INHERITED_RAW_PRICE_BASIS,True,False
2025-07-30|55970,2025-07-30,55970,10:00,11:15,75,COMPLETE,5,0,UP,4.043671653861707,AVAILABLE,39.0,True,,,RANGE_EXPANSION|VOLUME_EXPANSION|TRADING_VALUE_EXPANSION,UNRESOLVED_STRUCTURE,WINDOW_OBSERVED,0,1,2,False,0,0,False,INHERITED_RAW_PRICE_BASIS,True,False
2025-07-30|55970,2025-07-30,55970,10:00,11:20,80,COMPLETE,5,0,DOWN,-0.6223259432127577,AVAILABLE,39.0,True,,,RANGE_COMPRESSION|VOLUME_COMPRESSION|TRADING_VALUE_COMPRESSION,UNRESOLVED_STRUCTURE,WINDOW_OBSERVED,0,0,2,False,0,0,False,INHERITED_RAW_PRICE_BASIS,True,False
2025-07-30|55970,2025-07-30,55970,10:00,11:25,85,COMPLETE,5,0,DOWN,-1.0567514677103718,AVAILABLE,39.0,True,,,,UNRESOLVED_STRUCTURE,WINDOW_OBSERVED,0,0,2,False,0,0,False,INHERITED_RAW_PRICE_BASIS,True,False
2025-07-30|55970,2025-07-30,55970,10:00,11:30,90,COMPLETE,5,0,DOWN,-0.3561535417491096,AVAILABLE,39.0,True,,,RANGE_COMPRESSION|VOLUME_COMPRESSION|TRADING_VALUE_COMPRESSION,UNRESOLVED_STRUCTURE,WINDOW_OBSERVED,0,0,2,False,0,0,False,INHERITED_RAW_PRICE_BASIS,True,False
2025-07-30|55970,2025-07-30,55970,10:00,12:35,95,COMPLETE,5,0,DOWN,-2.1352313167259784,AVAILABLE,39.0,True,,,,UNRESOLVED_STRUCTURE,WINDOW_OBSERVED,0,1,1,False,3,2,False,INHERITED_RAW_PRICE_BASIS,True,False
2025-07-30|55970,2025-07-30,55970,10:00,12:40,100,COMPLETE,5,0,UP,2.261712439418417,AVAILABLE,39.0,True,,,VOLUME_EXPANSION|TRADING_VALUE_EXPANSION,UNRESOLVED_STRUCTURE,WINDOW_OBSERVED,0,1,2,False,0,0,False,INHERITED_RAW_PRICE_BASIS,True,False
2025-07-30|55970,2025-07-30,55970,10:00,12:45,105,COMPLETE,5,0,DOWN,-0.5533596837944664,AVAILABLE,39.0,True,,,RANGE_COMPRESSION|VOLUME_COMPRESSION|TRADING_VALUE_COMPRESSION,UNRESOLVED_STRUCTURE,WINDOW_OBSERVED,0,0,2,False,0,0,False,INHERITED_RAW_PRICE_BASIS,True,False
2025-07-30|55970,2025-07-30,55970,10:00,12:50,110,COMPLETE,5,0,DOWN,-0.35771065182829886,AVAILABLE,39.0,True,,,RANGE_COMPRESSION|VOLUME_COMPRESSION|TRADING_VALUE_COMPRESSION,UNRESOLVED_STRUCTURE,WINDOW_OBSERVED,0,0,2,False,0,0,False,INHERITED_RAW_PRICE_BASIS,True,False
2025-07-30|55970,2025-07-30,55970,10:00,12:55,115,COMPLETE,5,0,DOWN,-0.5185480654168328,AVAILABLE,39.0,True,,,RANGE_EXPANSION,UNRESOLVED_STRUCTURE,WINDOW_OBSERVED,0,0,2,False,0,0,False,INHERITED_RAW_PRICE_BASIS,True,False
2025-07-30|55970,2025-07-30,55970,10:00,13:00,120,COMPLETE,5,0,UP,0.2807862013638187,AVAILABLE,39.0,True,,,RANGE_COMPRESSION,UNRESOLVED_STRUCTURE,WINDOW_OBSERVED,0,0,2,False,0,0,False,INHERITED_RAW_PRICE_BASIS,True,False
2025-07-30|55970,2025-07-30,55970,10:00,13:05,125,COMPLETE,5,0,DOWN,-0.1599360255897641,AVAILABLE,39.0,True,,,VOLUME_COMPRESSION|TRADING_VALUE_COMPRESSION,UNRESOLVED_STRUCTURE,WINDOW_OBSERVED,0,0,2,False,0,0,False,INHERITED_RAW_PRICE_BASIS,True,False
2025-07-30|55970,2025-07-30,55970,10:00,13:10,130,COMPLETE,5,0,DOWN,-0.5606728073688426,AVAILABLE,39.0,True,,RECOVERY,CHOPPINESS|RANGE_EXPANSION|VOLUME_EXPANSION|TRADING_VALUE_EXPANSION,UNRESOLVED_STRUCTURE,WINDOW_OBSERVED,0,1,3,False,3,2,True,INHERITED_RAW_PRICE_BASIS,True,True
2025-07-30|55970,2025-07-30,55970,10:00,13:15,135,COMPLETE,5,0,UNCHANGED,0.0,AVAILABLE,39.0,True,,RECOVERY,RANGE_COMPRESSION|VOLUME_COMPRESSION|TRADING_VALUE_COMPRESSION,UNRESOLVED_STRUCTURE,WINDOW_OBSERVED,0,1,3,False,0,0,True,INHERITED_RAW_PRICE_BASIS,True,False
2025-07-30|55970,2025-07-30,55970,10:00,13:20,140,COMPLETE,5,0,UP,1.3301088270858525,AVAILABLE,39.0,True,RANGE_STRUCTURE,BALANCE|RECOVERY,RANGE_EXPANSION|VOLUME_EXPANSION|TRADING_VALUE_EXPANSION,IDENTIFIED,WINDOW_OBSERVED,0,0,3,True,1,1,True,INHERITED_RAW_PRICE_BASIS,True,True
2025-07-30|55970,2025-07-30,55970,10:00,13:25,145,COMPLETE,5,0,DOWN,-0.47713717693836977,AVAILABLE,39.0,True,,RESTRUCTURING,VOLUME_EXPANSION|TRADING_VALUE_EXPANSION,UNRESOLVED_STRUCTURE,WINDOW_OBSERVED,0,1,4,False,2,2,True,INHERITED_RAW_PRICE_BASIS,True,True
2025-07-30|55970,2025-07-30,55970,10:00,13:30,150,COMPLETE,5,0,DOWN,-0.15987210231814547,AVAILABLE,39.0,True,,RESTRUCTURING,RANGE_COMPRESSION|VOLUME_COMPRESSION|TRADING_VALUE_COMPRESSION,UNRESOLVED_STRUCTURE,WINDOW_OBSERVED,0,1,4,False,0,0,True,INHERITED_RAW_PRICE_BASIS,True,False
2025-07-30|55970,2025-07-30,55970,10:00,13:35,155,COMPLETE,5,0,DOWN,-0.32025620496397117,AVAILABLE,39.0,True,,RESTRUCTURING,RANGE_EXPANSION,UNRESOLVED_STRUCTURE,WINDOW_OBSERVED,0,0,4,False,0,0,True,INHERITED_RAW_PRICE_BASIS,True,False
2025-07-30|55970,2025-07-30,55970,10:00,13:40,160,COMPLETE,5,0,DOWN,-0.5622489959839357,AVAILABLE,39.0,True,,RESTRUCTURING,RANGE_COMPRESSION|VOLUME_COMPRESSION|TRADING_VALUE_COMPRESSION,UNRESOLVED_STRUCTURE,WINDOW_OBSERVED,0,0,4,False,0,0,True,INHERITED_RAW_PRICE_BASIS,True,False
2025-07-30|55970,2025-07-30,55970,10:00,13:45,165,COMPLETE,5,0,UP,0.5244050020169423,AVAILABLE,39.0,True,,RESTRUCTURING,RANGE_EXPANSION|VOLUME_EXPANSION|TRADING_VALUE_EXPANSION,UNRESOLVED_STRUCTURE,WINDOW_OBSERVED,0,0,4,False,3,0,True,INHERITED_RAW_PRICE_BASIS,True,False
2025-07-30|55970,2025-07-30,55970,10:00,13:50,170,COMPLETE,5,0,DOWN,-0.44158972300281013,AVAILABLE,39.0,True,,RESTRUCTURING,RANGE_COMPRESSION|VOLUME_COMPRESSION|TRADING_VALUE_COMPRESSION,UNRESOLVED_STRUCTURE,WINDOW_OBSERVED,0,0,4,False,0,0,True,INHERITED_RAW_PRICE_BASIS,True,False
2025-07-30|55970,2025-07-30,55970,10:00,13:55,175,COMPLETE,5,0,UP,0.36275695284159615,AVAILABLE,39.0,True,RANGE_STRUCTURE,BALANCE,,IDENTIFIED,WINDOW_OBSERVED,0,0,4,True,0,0,True,INHERITED_RAW_PRICE_BASIS,True,True
2025-07-30|55970,2025-07-30,55970,10:00,14:00,180,COMPLETE,5,0,DOWN,-0.36130068245684466,AVAILABLE,39.0,True,RANGE_STRUCTURE,BALANCE,VOLUME_COMPRESSION|TRADING_VALUE_COMPRESSION,IDENTIFIED,WINDOW_OBSERVED,0,0,4,True,0,0,True,INHERITED_RAW_PRICE_BASIS,True,False
2025-07-30|55970,2025-07-30,55970,10:00,14:05,185,COMPLETE,5,0,DOWN,-0.16116035455278002,AVAILABLE,39.0,True,RANGE_STRUCTURE,BALANCE,RANGE_EXPANSION,IDENTIFIED,WINDOW_OBSERVED,0,0,4,True,0,0,True,INHERITED_RAW_PRICE_BASIS,True,False
2025-07-30|55970,2025-07-30,55970,10:00,14:10,190,COMPLETE,5,0,DOWN,-1.5341138473960436,AVAILABLE,39.0,True,DOWN_STRUCTURE,CORRECTION|RECOVERY,RANGE_EXPANSION|VOLUME_EXPANSION|TRADING_VALUE_EXPANSION,IDENTIFIED,WINDOW_OBSERVED,0,1,5,False,3,3,True,INHERITED_RAW_PRICE_BASIS,True,True
2025-07-30|55970,2025-07-30,55970,10:00,14:15,195,COMPLETE,5,0,UP,1.1890118901189013,AVAILABLE,39.0,True,DOWN_STRUCTURE,CORRECTION|RECOVERY,,IDENTIFIED,WINDOW_OBSERVED,0,0,5,True,6,4,True,INHERITED_RAW_PRICE_BASIS,True,False
2025-07-30|55970,2025-07-30,55970,10:00,14:20,200,COMPLETE,5,0,UP,0.12155591572123177,AVAILABLE,39.0,True,DOWN_STRUCTURE,CORRECTION|RECOVERY,RANGE_COMPRESSION|VOLUME_COMPRESSION|TRADING_VALUE_COMPRESSION,IDENTIFIED,WINDOW_OBSERVED,0,0,5,True,4,2,True,INHERITED_RAW_PRICE_BASIS,True,False
2025-07-30|55970,2025-07-30,55970,10:00,14:25,205,COMPLETE,5,0,DOWN,-0.08093889113719142,AVAILABLE,39.0,True,DOWN_STRUCTURE,CORRECTION|RECOVERY,RANGE_COMPRESSION|VOLUME_COMPRESSION|TRADING_VALUE_COMPRESSION,IDENTIFIED,WINDOW_OBSERVED,0,0,5,True,3,2,True,INHERITED_RAW_PRICE_BASIS,True,False
2025-07-30|55970,2025-07-30,55970,10:00,14:30,210,COMPLETE,5,0,DOWN,-0.5670311867152693,AVAILABLE,39.0,True,DOWN_STRUCTURE,CORRECTION|RECOVERY,RANGE_EXPANSION|VOLUME_EXPANSION|TRADING_VALUE_EXPANSION,IDENTIFIED,WINDOW_OBSERVED,0,0,5,True,0,0,True,INHERITED_RAW_PRICE_BASIS,True,False
2025-07-30|55970,2025-07-30,55970,10:00,14:35,215,COMPLETE,5,0,UP,0.8547008547008547,AVAILABLE,39.0,True,DOWN_STRUCTURE,CORRECTION|RECOVERY,VOLUME_EXPANSION|TRADING_VALUE_EXPANSION,IDENTIFIED,WINDOW_OBSERVED,0,0,5,True,2,3,True,INHERITED_RAW_PRICE_BASIS,True,False
2025-07-30|55970,2025-07-30,55970,10:00,14:40,220,COMPLETE,5,0,DOWN,-0.08074283407347597,AVAILABLE,39.0,True,DOWN_STRUCTURE,CORRECTION|RECOVERY,RANGE_COMPRESSION|VOLUME_COMPRESSION|TRADING_VALUE_COMPRESSION,IDENTIFIED,WINDOW_OBSERVED,0,0,5,True,2,1,True,INHERITED_RAW_PRICE_BASIS,True,False
2025-07-30|55970,2025-07-30,55970,10:00,14:45,225,COMPLETE,5,0,UNCHANGED,0.0,AVAILABLE,39.0,True,DOWN_STRUCTURE,CORRECTION|RECOVERY,RANGE_EXPANSION,IDENTIFIED,WINDOW_OBSERVED,0,0,5,True,2,2,True,INHERITED_RAW_PRICE_BASIS,True,False
2025-07-30|55970,2025-07-30,55970,10:00,14:50,230,COMPLETE,5,0,DOWN,-0.12126111560226355,AVAILABLE,39.0,True,DOWN_STRUCTURE,CORRECTION|RECOVERY,RANGE_COMPRESSION|VOLUME_COMPRESSION|TRADING_VALUE_COMPRESSION,IDENTIFIED,WINDOW_OBSERVED,0,0,5,True,1,1,True,INHERITED_RAW_PRICE_BASIS,True,False
2025-07-30|55970,2025-07-30,55970,10:00,14:55,235,COMPLETE,5,0,DOWN,-0.2025111381125962,AVAILABLE,39.0,True,DOWN_STRUCTURE,CORRECTION|RECOVERY,VOLUME_EXPANSION|TRADING_VALUE_EXPANSION,IDENTIFIED,WINDOW_OBSERVED,0,0,5,True,0,0,True,INHERITED_RAW_PRICE_BASIS,True,False
2025-07-30|55970,2025-07-30,55970,10:00,15:00,240,COMPLETE,5,0,UP,0.3246753246753247,AVAILABLE,39.0,True,DOWN_STRUCTURE,CORRECTION|RECOVERY,,IDENTIFIED,WINDOW_OBSERVED,0,0,5,True,0,0,True,INHERITED_RAW_PRICE_BASIS,True,False
2025-07-30|55970,2025-07-30,55970,10:00,15:05,245,COMPLETE,5,0,UP,0.3639304488475536,AVAILABLE,39.0,True,DOWN_STRUCTURE,CORRECTION|RECOVERY,CHOPPINESS|RANGE_EXPANSION|VOLUME_EXPANSION|TRADING_VALUE_EXPANSION,IDENTIFIED,WINDOW_OBSERVED,0,0,5,True,2,2,True,INHERITED_RAW_PRICE_BASIS,True,False
2025-07-30|55970,2025-07-30,55970,10:00,15:10,250,COMPLETE,5,0,DOWN,-0.6854838709677419,AVAILABLE,39.0,True,DOWN_STRUCTURE,CORRECTION|RECOVERY,,IDENTIFIED,WINDOW_OBSERVED,0,0,5,True,2,1,True,INHERITED_RAW_PRICE_BASIS,True,False
2025-07-30|55970,2025-07-30,55970,10:00,15:15,255,COMPLETE,5,0,UP,0.20300446609825415,AVAILABLE,39.0,True,DOWN_STRUCTURE,PROGRESSION,,IDENTIFIED,WINDOW_OBSERVED,0,1,6,True,0,0,True,INHERITED_RAW_PRICE_BASIS,True,True
2025-07-30|55970,2025-07-30,55970,10:00,15:20,260,COMPLETE,5,0,DOWN,-0.5273833671399595,AVAILABLE,39.0,True,DOWN_STRUCTURE,PROGRESSION,,IDENTIFIED,RIGHT_CENSORED,0,1,6,True,0,0,True,INHERITED_RAW_PRICE_BASIS,True,False
2025-07-30|55970,2025-07-30,55970,10:00,15:25,265,COMPLETE,5,0,DOWN,-0.8567931456548348,AVAILABLE,39.0,True,DOWN_STRUCTURE,PROGRESSION,RANGE_EXPANSION|VOLUME_EXPANSION|TRADING_VALUE_EXPANSION,IDENTIFIED,RIGHT_CENSORED,0,0,6,False,8,7,True,INHERITED_RAW_PRICE_BASIS,True,False
2025-07-30|59920,2025-07-30,59920,15:00,15:00,0,COMPLETE,5,0,DOWN,-0.5619950825430278,AVAILABLE,16.0,True,,,,UNRESOLVED_STRUCTURE,OBSERVATION_INSUFFICIENT,1,1,1,False,0,0,False,INHERITED_RAW_PRICE_BASIS,False,False
2025-07-30|59920,2025-07-30,59920,15:00,15:05,5,PARTIAL,4,1,,,AVAILABLE,16.0,True,,,,CURRENT_BAR_UNAVAILABLE,WINDOW_OBSERVED,0,0,0,False,1,0,False,INHERITED_RAW_PRICE_BASIS,False,False
2025-07-30|59920,2025-07-30,59920,15:00,15:10,10,COMPLETE,5,0,UP,0.8087201125175809,AVAILABLE,16.0,True,,,,UNRESOLVED_STRUCTURE,WINDOW_OBSERVED,0,0,1,False,4,2,False,INHERITED_RAW_PRICE_BASIS,False,False
2025-07-30|59920,2025-07-30,59920,15:00,15:15,15,COMPLETE,5,0,UP,1.8466898954703832,AVAILABLE,16.0,True,,,RANGE_EXPANSION|VOLUME_EXPANSION|TRADING_VALUE_EXPANSION,UNRESOLVED_STRUCTURE,WINDOW_OBSERVED,0,0,2,False,0,0,False,INHERITED_RAW_PRICE_BASIS,True,False
2025-07-30|59920,2025-07-30,59920,15:00,15:20,20,COMPLETE,5,0,UP,1.64552622557422,AVAILABLE,16.0,True,,,RANGE_COMPRESSION,UNRESOLVED_STRUCTURE,RIGHT_CENSORED,0,0,3,False,2,1,False,INHERITED_RAW_PRICE_BASIS,True,False
2025-07-30|59920,2025-07-30,59920,15:00,15:25,25,COMPLETE,5,0,UP,1.3171225937183384,AVAILABLE,16.0,True,UP_STRUCTURE,CORRECTION,VOLUME_EXPANSION|TRADING_VALUE_EXPANSION,IDENTIFIED,RIGHT_CENSORED,0,0,4,False,13,9,True,INHERITED_RAW_PRICE_BASIS,True,True
2025-07-30|60720,2025-07-30,60720,11:00,11:00,0,COMPLETE,5,0,DOWN,-2.2598870056497176,SCALE_INSUFFICIENT,,True,,,RANGE_EXPANSION|VOLUME_EXPANSION|TRADING_VALUE_EXPANSION,SCALE_UNAVAILABLE,WINDOW_OBSERVED,0,0,0,False,2,0,False,INHERITED_RAW_PRICE_BASIS,False,False
2025-07-30|60720,2025-07-30,60720,11:00,11:05,5,COMPLETE,5,0,UNCHANGED,0.0,SCALE_INSUFFICIENT,,True,,,RANGE_COMPRESSION|VOLUME_COMPRESSION|TRADING_VALUE_COMPRESSION,SCALE_UNAVAILABLE,WINDOW_OBSERVED,0,0,0,False,0,4,False,INHERITED_RAW_PRICE_BASIS,True,False
2025-07-30|60720,2025-07-30,60720,11:00,11:10,10,COMPLETE,5,0,UP,0.5780346820809249,SCALE_INSUFFICIENT,,True,,,,SCALE_UNAVAILABLE,WINDOW_OBSERVED,0,0,0,False,2,2,False,INHERITED_RAW_PRICE_BASIS,True,False
2025-07-30|60720,2025-07-30,60720,11:00,11:15,15,COMPLETE,5,0,UNCHANGED,0.0,SCALE_INSUFFICIENT,,True,,,VOLUME_COMPRESSION|TRADING_VALUE_COMPRESSION,SCALE_UNAVAILABLE,WINDOW_OBSERVED,0,0,0,False,2,0,False,INHERITED_RAW_PRICE_BASIS,True,False
2025-07-30|60720,2025-07-30,60720,11:00,11:20,20,COMPLETE,5,0,UNCHANGED,0.0,SCALE_INSUFFICIENT,,True,,,RANGE_COMPRESSION|VOLUME_EXPANSION|TRADING_VALUE_EXPANSION,SCALE_UNAVAILABLE,WINDOW_OBSERVED,0,0,0,False,0,2,False,INHERITED_RAW_PRICE_BASIS,True,False
2025-07-30|60720,2025-07-30,60720,11:00,11:25,25,COMPLETE,5,0,UP,1.1627906976744187,SCALE_INSUFFICIENT,,True,,,RANGE_EXPANSION|VOLUME_EXPANSION|TRADING_VALUE_EXPANSION,SCALE_UNAVAILABLE,WINDOW_OBSERVED,0,0,0,False,2,4,False,INHERITED_RAW_PRICE_BASIS,True,False
2025-07-30|60720,2025-07-30,60720,11:00,11:30,30,COMPLETE,5,0,UP,0.5780346820809249,SCALE_INSUFFICIENT,,True,,,RANGE_COMPRESSION,SCALE_UNAVAILABLE,WINDOW_OBSERVED,0,0,0,False,0,2,False,INHERITED_RAW_PRICE_BASIS,True,False
2025-07-30|60720,2025-07-30,60720,11:00,12:35,35,COMPLETE,5,0,UNCHANGED,0.0,SCALE_INSUFFICIENT,,True,,,,SCALE_UNAVAILABLE,WINDOW_OBSERVED,0,0,0,False,0,0,False,INHERITED_RAW_PRICE_BASIS,True,False
2025-07-30|60720,2025-07-30,60720,11:00,12:40,40,COMPLETE,5,0,UNCHANGED,0.0,SCALE_INSUFFICIENT,,True,,,VOLUME_COMPRESSION|TRADING_VALUE_COMPRESSION,SCALE_UNAVAILABLE,WINDOW_OBSERVED,0,0,0,False,0,4,False,INHERITED_RAW_PRICE_BASIS,True,False
2025-07-30|60720,2025-07-30,60720,11:00,12:45,45,COMPLETE,5,0,UP,0.5780346820809249,SCALE_INSUFFICIENT,,True,,,RANGE_EXPANSION|VOLUME_EXPANSION|TRADING_VALUE_EXPANSION,SCALE_UNAVAILABLE,WINDOW_OBSERVED,0,0,0,False,0,2,False,INHERITED_RAW_PRICE_BASIS,True,False
2025-07-30|60720,2025-07-30,60720,11:00,12:50,50,COMPLETE,5,0,UP,1.1494252873563218,SCALE_INSUFFICIENT,,True,,,VOLUME_EXPANSION|TRADING_VALUE_EXPANSION,SCALE_UNAVAILABLE,OBSERVATION_INSUFFICIENT,1,0,0,False,0,0,False,INHERITED_RAW_PRICE_BASIS,True,False
2025-07-30|60720,2025-07-30,60720,11:00,12:55,55,COMPLETE,5,0,DOWN,-1.1299435028248588,SCALE_INSUFFICIENT,,True,,,VOLUME_COMPRESSION|TRADING_VALUE_COMPRESSION,SCALE_UNAVAILABLE,OBSERVATION_INSUFFICIENT,1,0,0,False,0,0,False,INHERITED_RAW_PRICE_BASIS,True,False
2025-07-30|60720,2025-07-30,60720,11:00,13:00,60,PARTIAL,4,1,,,SCALE_INSUFFICIENT,,True,,,,SCALE_UNAVAILABLE,OBSERVATION_INSUFFICIENT,2,0,0,False,0,0,False,INHERITED_RAW_PRICE_BASIS,False,False
2025-07-30|60720,2025-07-30,60720,11:00,13:05,65,COMPLETE,5,0,DOWN,-0.5747126436781609,SCALE_INSUFFICIENT,,True,,,,SCALE_UNAVAILABLE,OBSERVATION_INSUFFICIENT,3,0,0,False,0,0,False,INHERITED_RAW_PRICE_BASIS,False,False
2025-07-30|60720,2025-07-30,60720,11:00,13:10,70,PARTIAL,3,2,,,SCALE_INSUFFICIENT,,True,,,,CURRENT_BAR_UNAVAILABLE,OBSERVATION_INSUFFICIENT,2,0,0,False,0,0,False,INHERITED_RAW_PRICE_BASIS,False,False
2025-07-30|60720,2025-07-30,60720,11:00,13:15,75,PARTIAL,4,1,,,SCALE_INSUFFICIENT,,True,,,,SCALE_UNAVAILABLE,OBSERVATION_INSUFFICIENT,4,0,0,False,0,2,False,INHERITED_RAW_PRICE_BASIS,False,False
2025-07-30|60720,2025-07-30,60720,11:00,13:20,80,PARTIAL,4,1,,,SCALE_INSUFFICIENT,,True,,,,SCALE_UNAVAILABLE,OBSERVATION_INSUFFICIENT,6,0,0,False,0,0,False,INHERITED_RAW_PRICE_BASIS,False,False
2025-07-30|60720,2025-07-30,60720,11:00,13:25,85,PARTIAL,2,3,,,SCALE_INSUFFICIENT,,True,,,,CURRENT_BAR_UNAVAILABLE,OBSERVATION_INSUFFICIENT,4,0,0,False,0,0,False,INHERITED_RAW_PRICE_BASIS,False,False
2025-07-30|60720,2025-07-30,60720,11:00,13:30,90,PARTIAL,2,3,,,SCALE_INSUFFICIENT,,True,,,,SCALE_UNAVAILABLE,OBSERVATION_INSUFFICIENT,3,0,0,False,0,0,False,INHERITED_RAW_PRICE_BASIS,False,False
2025-07-30|60720,2025-07-30,60720,11:00,13:35,95,PARTIAL,4,1,,,SCALE_INSUFFICIENT,,True,,,,SCALE_UNAVAILABLE,OBSERVATION_INSUFFICIENT,3,0,0,False,0,0,False,INHERITED_RAW_PRICE_BASIS,False,False
2025-07-30|60720,2025-07-30,60720,11:00,13:40,100,PARTIAL,3,2,,,SCALE_INSUFFICIENT,,True,,,,CURRENT_BAR_UNAVAILABLE,OBSERVATION_INSUFFICIENT,2,0,0,False,0,0,False,INHERITED_RAW_PRICE_BASIS,False,False
2025-07-30|60720,2025-07-30,60720,11:00,13:45,105,PARTIAL,4,1,,,SCALE_INSUFFICIENT,,True,,,,SCALE_UNAVAILABLE,OBSERVATION_INSUFFICIENT,3,0,0,False,0,2,False,INHERITED_RAW_PRICE_BASIS,False,False
2025-07-30|60720,2025-07-30,60720,11:00,13:50,110,PARTIAL,4,1,,,SCALE_INSUFFICIENT,,True,,,,SCALE_UNAVAILABLE,OBSERVATION_INSUFFICIENT,5,0,0,False,0,0,False,INHERITED_RAW_PRICE_BASIS,False,False
2025-07-30|60720,2025-07-30,60720,11:00,13:55,115,PARTIAL,3,2,,,SCALE_INSUFFICIENT,,True,,,,CURRENT_BAR_UNAVAILABLE,OBSERVATION_INSUFFICIENT,4,0,0,False,0,0,False,INHERITED_RAW_PRICE_BASIS,False,False
2025-07-30|60720,2025-07-30,60720,11:00,14:00,120,PARTIAL,2,3,,,SCALE_INSUFFICIENT,,True,,,,SCALE_UNAVAILABLE,OBSERVATION_INSUFFICIENT,4,0,0,False,0,0,False,INHERITED_RAW_PRICE_BASIS,False,False
2025-07-30|60720,2025-07-30,60720,11:00,14:05,125,PARTIAL,4,1,,,SCALE_INSUFFICIENT,,True,,,,CURRENT_BAR_UNAVAILABLE,OBSERVATION_INSUFFICIENT,3,0,0,False,0,2,False,INHERITED_RAW_PRICE_BASIS,False,False
2025-07-30|60720,2025-07-30,60720,11:00,14:10,130,PARTIAL,2,3,,,SCALE_INSUFFICIENT,,True,,,,SCALE_UNAVAILABLE,WINDOW_OBSERVED,0,0,0,False,0,0,False,INHERITED_RAW_PRICE_BASIS,False,False
2025-07-30|60720,2025-07-30,60720,11:00,14:15,135,COMPLETE,5,0,UNCHANGED,0.0,SCALE_INSUFFICIENT,,True,,,,SCALE_UNAVAILABLE,OBSERVATION_INSUFFICIENT,4,0,0,False,0,0,False,INHERITED_RAW_PRICE_BASIS,False,False
2025-07-30|60720,2025-07-30,60720,11:00,14:20,140,COMPLETE,5,0,UNCHANGED,0.0,SCALE_INSUFFICIENT,,True,,,VOLUME_EXPANSION|TRADING_VALUE_EXPANSION,SCALE_UNAVAILABLE,OBSERVATION_INSUFFICIENT,7,0,0,False,0,2,False,INHERITED_RAW_PRICE_BASIS,True,False
2025-07-30|60720,2025-07-30,60720,11:00,14:25,145,PARTIAL,1,4,,,SCALE_INSUFFICIENT,,True,,,,CURRENT_BAR_UNAVAILABLE,OBSERVATION_INSUFFICIENT,5,0,0,False,0,0,False,INHERITED_RAW_PRICE_BASIS,False,False
2025-07-30|60720,2025-07-30,60720,11:00,14:30,150,PARTIAL,2,3,,,SCALE_INSUFFICIENT,,True,,,,SCALE_UNAVAILABLE,OBSERVATION_INSUFFICIENT,4,0,0,False,0,0,False,INHERITED_RAW_PRICE_BASIS,False,False
2025-07-30|60720,2025-07-30,60720,11:00,14:35,155,PARTIAL,3,2,,,SCALE_INSUFFICIENT,,True,,,,SCALE_UNAVAILABLE,OBSERVATION_INSUFFICIENT,3,0,0,False,0,0,False,INHERITED_RAW_PRICE_BASIS,False,False
2025-07-30|60720,2025-07-30,60720,11:00,14:40,160,PARTIAL,3,2,,,SCALE_INSUFFICIENT,,True,,,,SCALE_UNAVAILABLE,OBSERVATION_INSUFFICIENT,4,0,0,False,0,2,False,INHERITED_RAW_PRICE_BASIS,False,False
2025-07-30|60720,2025-07-30,60720,11:00,14:45,165,PARTIAL,4,1,,,SCALE_INSUFFICIENT,,True,,,,SCALE_UNAVAILABLE,OBSERVATION_INSUFFICIENT,5,0,0,False,0,0,False,INHERITED_RAW_PRICE_BASIS,False,False
2025-07-30|60720,2025-07-30,60720,11:00,14:50,170,PARTIAL,2,3,,,SCALE_INSUFFICIENT,,True,,,,CURRENT_BAR_UNAVAILABLE,OBSERVATION_INSUFFICIENT,4,0,0,False,0,0,False,INHERITED_RAW_PRICE_BASIS,False,False
2025-07-30|60720,2025-07-30,60720,11:00,14:55,175,PARTIAL,3,2,,,SCALE_INSUFFICIENT,,True,,,,SCALE_UNAVAILABLE,OBSERVATION_INSUFFICIENT,3,0,0,False,0,2,False,INHERITED_RAW_PRICE_BASIS,False,False
2025-07-30|60720,2025-07-30,60720,11:00,15:00,180,PARTIAL,3,2,,,SCALE_INSUFFICIENT,,True,,,,SCALE_UNAVAILABLE,OBSERVATION_INSUFFICIENT,3,0,0,False,0,0,False,INHERITED_RAW_PRICE_BASIS,False,False
2025-07-30|60720,2025-07-30,60720,11:00,15:05,185,PARTIAL,4,1,,,SCALE_INSUFFICIENT,,True,,,,CURRENT_BAR_UNAVAILABLE,OBSERVATION_INSUFFICIENT,3,0,0,False,0,0,False,INHERITED_RAW_PRICE_BASIS,False,False
2025-07-30|60720,2025-07-30,60720,11:00,15:10,190,PARTIAL,3,2,,,SCALE_INSUFFICIENT,,True,,,,SCALE_UNAVAILABLE,OBSERVATION_INSUFFICIENT,1,0,0,False,0,0,False,INHERITED_RAW_PRICE_BASIS,False,False
2025-07-30|60720,2025-07-30,60720,11:00,15:15,195,PARTIAL,4,1,,,SCALE_INSUFFICIENT,,True,,,,SCALE_UNAVAILABLE,WINDOW_OBSERVED,0,0,0,False,0,0,False,INHERITED_RAW_PRICE_BASIS,False,False
2025-07-30|60720,2025-07-30,60720,11:00,15:20,200,COMPLETE,5,0,DOWN,-0.5714285714285714,SCALE_INSUFFICIENT,,True,,,,SCALE_UNAVAILABLE,RIGHT_CENSORED,0,0,0,False,0,0,False,INHERITED_RAW_PRICE_BASIS,False,False
2025-07-30|60720,2025-07-30,60720,11:00,15:25,205,COMPLETE,5,0,DOWN,-0.5747126436781609,SCALE_INSUFFICIENT,,True,,,,SCALE_UNAVAILABLE,RIGHT_CENSORED,0,0,0,False,0,0,False,INHERITED_RAW_PRICE_BASIS,True,False
2025-07-30|60810,2025-07-30,60810,13:30,13:30,0,PARTIAL,4,1,,,SCALE_INSUFFICIENT,,True,,,,SCALE_UNAVAILABLE,OBSERVATION_INSUFFICIENT,2,0,0,False,0,0,False,INHERITED_RAW_PRICE_BASIS,False,False
2025-07-30|60810,2025-07-30,60810,13:30,13:35,5,PARTIAL,4,1,,,SCALE_INSUFFICIENT,,True,,,,SCALE_UNAVAILABLE,OBSERVATION_INSUFFICIENT,4,0,0,False,0,0,False,INHERITED_RAW_PRICE_BASIS,False,False
2025-07-30|60810,2025-07-30,60810,13:30,13:40,10,PARTIAL,4,1,,,SCALE_INSUFFICIENT,,True,,,,SCALE_UNAVAILABLE,OBSERVATION_INSUFFICIENT,8,0,0,False,0,3,False,INHERITED_RAW_PRICE_BASIS,False,False
2025-07-30|60810,2025-07-30,60810,13:30,13:45,15,PARTIAL,2,3,,,SCALE_INSUFFICIENT,,True,,,,SCALE_UNAVAILABLE,OBSERVATION_INSUFFICIENT,7,0,0,False,0,0,False,INHERITED_RAW_PRICE_BASIS,False,False
2025-07-30|60810,2025-07-30,60810,13:30,13:50,20,UNAVAILABLE,0,5,,,SCALE_INSUFFICIENT,,True,,,,CURRENT_BAR_UNAVAILABLE,OBSERVATION_INSUFFICIENT,4,0,0,False,0,0,False,INHERITED_RAW_PRICE_BASIS,False,False
2025-07-30|60810,2025-07-30,60810,13:30,13:55,25,PARTIAL,3,2,,,SCALE_INSUFFICIENT,,True,,,,CURRENT_BAR_UNAVAILABLE,OBSERVATION_INSUFFICIENT,6,0,0,False,3,0,False,INHERITED_RAW_PRICE_BASIS,False,False
2025-07-30|60810,2025-07-30,60810,13:30,14:00,30,PARTIAL,3,2,,,SCALE_INSUFFICIENT,,True,,,,SCALE_UNAVAILABLE,OBSERVATION_INSUFFICIENT,5,0,0,False,0,0,False,INHERITED_RAW_PRICE_BASIS,False,False
2025-07-30|60810,2025-07-30,60810,13:30,14:05,35,PARTIAL,1,4,,,SCALE_INSUFFICIENT,,True,,,,CURRENT_BAR_UNAVAILABLE,OBSERVATION_INSUFFICIENT,3,0,0,False,0,0,False,INHERITED_RAW_PRICE_BASIS,False,False
2025-07-30|60810,2025-07-30,60810,13:30,14:10,40,PARTIAL,4,1,,,SCALE_INSUFFICIENT,,True,,,,SCALE_UNAVAILABLE,OBSERVATION_INSUFFICIENT,4,0,0,False,0,0,False,INHERITED_RAW_PRICE_BASIS,False,False
2025-07-30|60810,2025-07-30,60810,13:30,14:15,45,PARTIAL,3,2,,,SCALE_INSUFFICIENT,,True,,,,CURRENT_BAR_UNAVAILABLE,OBSERVATION_INSUFFICIENT,6,0,0,False,0,0,False,INHERITED_RAW_PRICE_BASIS,False,False
2025-07-30|60810,2025-07-30,60810,13:30,14:20,50,PARTIAL,3,2,,,SCALE_INSUFFICIENT,,True,,,,SCALE_UNAVAILABLE,OBSERVATION_INSUFFICIENT,8,0,0,False,0,0,False,INHERITED_RAW_PRICE_BASIS,False,False
2025-07-30|60810,2025-07-30,60810,13:30,14:25,55,PARTIAL,1,4,,,SCALE_INSUFFICIENT,,True,,,,CURRENT_BAR_UNAVAILABLE,OBSERVATION_INSUFFICIENT,6,0,0,False,0,0,False,INHERITED_RAW_PRICE_BASIS,False,False
2025-07-30|60810,2025-07-30,60810,13:30,14:30,60,PARTIAL,1,4,,,SCALE_INSUFFICIENT,,True,,,,CURRENT_BAR_UNAVAILABLE,OBSERVATION_INSUFFICIENT,3,0,0,False,0,0,False,INHERITED_RAW_PRICE_BASIS,False,False
2025-07-30|60810,2025-07-30,60810,13:30,14:35,65,PARTIAL,3,2,,,SCALE_INSUFFICIENT,,True,,,,SCALE_UNAVAILABLE,OBSERVATION_INSUFFICIENT,4,0,0,False,0,0,False,INHERITED_RAW_PRICE_BASIS,False,False
2025-07-30|60810,2025-07-30,60810,13:30,14:40,70,PARTIAL,4,1,,,SCALE_INSUFFICIENT,,True,,,,SCALE_UNAVAILABLE,OBSERVATION_INSUFFICIENT,6,0,0,False,0,0,False,INHERITED_RAW_PRICE_BASIS,False,False
2025-07-30|60810,2025-07-30,60810,13:30,14:45,75,PARTIAL,2,3,,,SCALE_INSUFFICIENT,,True,,,,CURRENT_BAR_UNAVAILABLE,OBSERVATION_INSUFFICIENT,4,0,0,False,0,0,False,INHERITED_RAW_PRICE_BASIS,False,False
2025-07-30|60810,2025-07-30,60810,13:30,14:50,80,PARTIAL,2,3,,,SCALE_INSUFFICIENT,,True,,,,SCALE_UNAVAILABLE,OBSERVATION_INSUFFICIENT,3,0,0,False,0,0,False,INHERITED_RAW_PRICE_BASIS,False,False
2025-07-30|60810,2025-07-30,60810,13:30,14:55,85,PARTIAL,4,1,,,SCALE_INSUFFICIENT,,True,,,,SCALE_UNAVAILABLE,OBSERVATION_INSUFFICIENT,4,0,0,False,0,0,False,INHERITED_RAW_PRICE_BASIS,False,False
2025-07-30|60810,2025-07-30,60810,13:30,15:00,90,PARTIAL,3,2,,,SCALE_INSUFFICIENT,,True,,,,SCALE_UNAVAILABLE,OBSERVATION_INSUFFICIENT,4,0,0,False,0,0,False,INHERITED_RAW_PRICE_BASIS,False,False
2025-07-30|60810,2025-07-30,60810,13:30,15:05,95,PARTIAL,3,2,,,SCALE_INSUFFICIENT,,True,,,,SCALE_UNAVAILABLE,OBSERVATION_INSUFFICIENT,5,0,0,False,0,0,False,INHERITED_RAW_PRICE_BASIS,False,False
2025-07-30|60810,2025-07-30,60810,13:30,15:10,100,PARTIAL,3,2,,,SCALE_INSUFFICIENT,,True,,,,CURRENT_BAR_UNAVAILABLE,OBSERVATION_INSUFFICIENT,6,0,0,False,0,0,False,INHERITED_RAW_PRICE_BASIS,False,False
2025-07-30|60810,2025-07-30,60810,13:30,15:15,105,PARTIAL,2,3,,,SCALE_INSUFFICIENT,,True,,,,CURRENT_BAR_UNAVAILABLE,OBSERVATION_INSUFFICIENT,4,0,0,False,0,0,False,INHERITED_RAW_PRICE_BASIS,False,False
2025-07-30|60810,2025-07-30,60810,13:30,15:20,110,PARTIAL,2,3,,,SCALE_INSUFFICIENT,,True,,,,SCALE_UNAVAILABLE,RIGHT_CENSORED,1,0,0,False,0,0,False,INHERITED_RAW_PRICE_BASIS,False,False
2025-07-30|60810,2025-07-30,60810,13:30,15:25,115,PARTIAL,4,1,,,SCALE_INSUFFICIENT,,True,,,,SCALE_UNAVAILABLE,RIGHT_CENSORED,0,0,0,False,0,0,False,INHERITED_RAW_PRICE_BASIS,False,False
2025-07-30|68360,2025-07-30,68360,11:30,11:30,0,COMPLETE,5,0,DOWN,-0.6479481641468683,AVAILABLE,25.0,True,,,RANGE_EXPANSION,UNRESOLVED_STRUCTURE,WINDOW_OBSERVED,0,0,2,False,1,1,False,INHERITED_RAW_PRICE_BASIS,False,False
2025-07-30|68360,2025-07-30,68360,11:30,12:35,5,COMPLETE,5,0,UP,0.27100271002710025,AVAILABLE,25.0,True,,,CHOPPINESS,UNRESOLVED_STRUCTURE,WINDOW_OBSERVED,0,1,1,False,4,3,False,INHERITED_RAW_PRICE_BASIS,True,False
2025-07-30|68360,2025-07-30,68360,11:30,12:40,10,COMPLETE,5,0,UP,1.3001083423618636,AVAILABLE,25.0,True,,,,UNRESOLVED_STRUCTURE,WINDOW_OBSERVED,0,1,2,False,0,0,False,INHERITED_RAW_PRICE_BASIS,True,False
2025-07-30|68360,2025-07-30,68360,11:30,12:45,15,COMPLETE,5,0,DOWN,-0.7490636704119851,AVAILABLE,25.0,True,,,,UNRESOLVED_STRUCTURE,WINDOW_OBSERVED,0,1,2,False,0,0,False,INHERITED_RAW_PRICE_BASIS,True,False
2025-07-30|68360,2025-07-30,68360,11:30,12:50,20,COMPLETE,5,0,DOWN,-0.6469002695417789,AVAILABLE,25.0,True,,,VOLUME_COMPRESSION|TRADING_VALUE_COMPRESSION,UNRESOLVED_STRUCTURE,WINDOW_OBSERVED,0,0,2,False,0,0,False,INHERITED_RAW_PRICE_BASIS,True,False
2025-07-30|68360,2025-07-30,68360,11:30,12:55,25,COMPLETE,5,0,DOWN,-0.5420054200542005,AVAILABLE,25.0,True,,,,UNRESOLVED_STRUCTURE,WINDOW_OBSERVED,0,0,2,False,3,2,False,INHERITED_RAW_PRICE_BASIS,True,False
2025-07-30|68360,2025-07-30,68360,11:30,13:00,30,COMPLETE,5,0,UNCHANGED,0.0,AVAILABLE,25.0,True,RANGE_STRUCTURE,BALANCE,RANGE_COMPRESSION|VOLUME_COMPRESSION|TRADING_VALUE_COMPRESSION,IDENTIFIED,WINDOW_OBSERVED,0,0,2,True,1,0,True,INHERITED_RAW_PRICE_BASIS,True,True
2025-07-30|68360,2025-07-30,68360,11:30,13:05,35,COMPLETE,5,0,DOWN,-0.4357298474945534,AVAILABLE,25.0,True,,RESTRUCTURING,CHOPPINESS|RANGE_EXPANSION|VOLUME_EXPANSION|TRADING_VALUE_EXPANSION,UNRESOLVED_STRUCTURE,WINDOW_OBSERVED,0,0,2,False,2,3,True,INHERITED_RAW_PRICE_BASIS,True,True
2025-07-30|68360,2025-07-30,68360,11:30,13:10,40,COMPLETE,5,0,UNCHANGED,0.0,AVAILABLE,25.0,True,,RESTRUCTURING,RANGE_COMPRESSION,UNRESOLVED_STRUCTURE,OBSERVATION_INSUFFICIENT,2,0,2,False,0,0,True,INHERITED_RAW_PRICE_BASIS,True,False
2025-07-30|68360,2025-07-30,68360,11:30,13:15,45,COMPLETE,5,0,UP,0.3835616438356164,AVAILABLE,25.0,True,,RESTRUCTURING,RANGE_EXPANSION,UNRESOLVED_STRUCTURE,OBSERVATION_INSUFFICIENT,2,0,2,False,4,4,True,INHERITED_RAW_PRICE_BASIS,True,False
2025-07-30|68360,2025-07-30,68360,11:30,13:20,50,PARTIAL,3,2,,,AVAILABLE,25.0,True,,,,UNRESOLVED_STRUCTURE,OBSERVATION_INSUFFICIENT,2,0,0,False,0,0,False,INHERITED_RAW_PRICE_BASIS,False,False
2025-07-30|68360,2025-07-30,68360,11:30,13:25,55,COMPLETE,5,0,DOWN,-0.10952902519167579,AVAILABLE,25.0,True,,,,UNRESOLVED_STRUCTURE,OBSERVATION_INSUFFICIENT,2,0,0,False,0,0,False,INHERITED_RAW_PRICE_BASIS,False,False
2025-07-30|68360,2025-07-30,68360,11:30,13:30,60,PARTIAL,3,2,,,AVAILABLE,25.0,True,,,,UNRESOLVED_STRUCTURE,OBSERVATION_INSUFFICIENT,1,1,1,False,0,0,False,INHERITED_RAW_PRICE_BASIS,False,False
2025-07-30|68360,2025-07-30,68360,11:30,13:35,65,COMPLETE,5,0,UP,1.6474464579901154,AVAILABLE,25.0,True,,,,UNRESOLVED_STRUCTURE,OBSERVATION_INSUFFICIENT,3,0,1,False,1,1,False,INHERITED_RAW_PRICE_BASIS,False,False
2025-07-30|68360,2025-07-30,68360,11:30,13:40,70,PARTIAL,4,1,,,AVAILABLE,25.0,True,,,,UNRESOLVED_STRUCTURE,OBSERVATION_INSUFFICIENT,3,0,0,False,1,0,False,INHERITED_RAW_PRICE_BASIS,False,False
2025-07-30|68360,2025-07-30,68360,11:30,13:45,75,PARTIAL,3,2,,,AVAILABLE,25.0,True,,,,UNRESOLVED_STRUCTURE,OBSERVATION_INSUFFICIENT,2,0,0,False,2,1,False,INHERITED_RAW_PRICE_BASIS,False,False
2025-07-30|68360,2025-07-30,68360,11:30,13:50,80,PARTIAL,4,1,,,AVAILABLE,25.0,True,,,,UNRESOLVED_STRUCTURE,OBSERVATION_INSUFFICIENT,2,0,0,False,0,1,False,INHERITED_RAW_PRICE_BASIS,False,False
2025-07-30|68360,2025-07-30,68360,11:30,13:55,85,PARTIAL,4,1,,,AVAILABLE,25.0,True,,,,UNRESOLVED_STRUCTURE,OBSERVATION_INSUFFICIENT,3,0,0,False,0,0,False,INHERITED_RAW_PRICE_BASIS,False,False
2025-07-30|68360,2025-07-30,68360,11:30,14:00,90,PARTIAL,4,1,,,AVAILABLE,25.0,True,,,,UNRESOLVED_STRUCTURE,OBSERVATION_INSUFFICIENT,2,0,0,False,0,0,False,INHERITED_RAW_PRICE_BASIS,False,False
2025-07-30|68360,2025-07-30,68360,11:30,14:05,95,PARTIAL,3,2,,,AVAILABLE,25.0,True,,,,CURRENT_BAR_UNAVAILABLE,WINDOW_OBSERVED,0,0,0,False,0,0,False,INHERITED_RAW_PRICE_BASIS,False,False
2025-07-30|68360,2025-07-30,68360,11:30,14:10,100,COMPLETE,5,0,UP,0.26983270372369134,AVAILABLE,25.0,True,,,,UNRESOLVED_STRUCTURE,OBSERVATION_INSUFFICIENT,2,0,0,False,0,0,False,INHERITED_RAW_PRICE_BASIS,False,False
2025-07-30|68360,2025-07-30,68360,11:30,14:15,105,COMPLETE,5,0,UP,0.05382131324004306,AVAILABLE,25.0,True,,,,UNRESOLVED_STRUCTURE,OBSERVATION_INSUFFICIENT,3,0,0,False,0,0,False,INHERITED_RAW_PRICE_BASIS,True,False
2025-07-30|68360,2025-07-30,68360,11:30,14:20,110,PARTIAL,3,2,,,AVAILABLE,25.0,True,,,,UNRESOLVED_STRUCTURE,OBSERVATION_INSUFFICIENT,1,0,0,False,0,0,False,INHERITED_RAW_PRICE_BASIS,False,False
2025-07-30|68360,2025-07-30,68360,11:30,14:25,115,PARTIAL,4,1,,,AVAILABLE,25.0,True,,,,UNRESOLVED_STRUCTURE,WINDOW_OBSERVED,0,0,0,False,0,0,False,INHERITED_RAW_PRICE_BASIS,False,False
2025-07-30|68360,2025-07-30,68360,11:30,14:30,120,COMPLETE,5,0,UP,0.5387931034482759,AVAILABLE,25.0,True,,,,UNRESOLVED_STRUCTURE,WINDOW_OBSERVED,0,0,0,False,0,0,False,INHERITED_RAW_PRICE_BASIS,False,False
2025-07-30|68360,2025-07-30,68360,11:30,14:35,125,COMPLETE,5,0,UP,0.1610305958132045,AVAILABLE,25.0,True,,,CHOPPINESS|RANGE_EXPANSION|VOLUME_EXPANSION|TRADING_VALUE_EXPANSION,UNRESOLVED_STRUCTURE,WINDOW_OBSERVED,0,0,0,False,0,0,False,INHERITED_RAW_PRICE_BASIS,True,False
2025-07-30|68360,2025-07-30,68360,11:30,14:40,130,COMPLETE,5,0,DOWN,-0.2678093197643278,AVAILABLE,25.0,True,,,RANGE_COMPRESSION|VOLUME_COMPRESSION|TRADING_VALUE_COMPRESSION,UNRESOLVED_STRUCTURE,WINDOW_OBSERVED,0,0,0,False,0,0,False,INHERITED_RAW_PRICE_BASIS,True,False
2025-07-30|68360,2025-07-30,68360,11:30,14:45,135,COMPLETE,5,0,UP,0.21493820526598603,AVAILABLE,25.0,True,,,RANGE_EXPANSION|VOLUME_EXPANSION|TRADING_VALUE_EXPANSION,UNRESOLVED_STRUCTURE,OBSERVATION_INSUFFICIENT,1,0,0,False,0,0,False,INHERITED_RAW_PRICE_BASIS,True,False
2025-07-30|68360,2025-07-30,68360,11:30,14:50,140,COMPLETE,5,0,DOWN,-0.10712372790573112,AVAILABLE,25.0,True,,,RANGE_COMPRESSION|VOLUME_COMPRESSION|TRADING_VALUE_COMPRESSION,UNRESOLVED_STRUCTURE,OBSERVATION_INSUFFICIENT,1,0,0,False,0,0,False,INHERITED_RAW_PRICE_BASIS,True,False
2025-07-30|68360,2025-07-30,68360,11:30,14:55,145,PARTIAL,4,1,,,AVAILABLE,25.0,True,,,,UNRESOLVED_STRUCTURE,WINDOW_OBSERVED,0,0,0,False,0,0,False,INHERITED_RAW_PRICE_BASIS,False,False
2025-07-30|68360,2025-07-30,68360,11:30,15:00,150,COMPLETE,5,0,DOWN,-1.1764705882352942,AVAILABLE,25.0,True,,,,UNRESOLVED_STRUCTURE,WINDOW_OBSERVED,0,0,1,False,0,0,False,INHERITED_RAW_PRICE_BASIS,False,False
2025-07-30|68360,2025-07-30,68360,11:30,15:05,155,COMPLETE,5,0,DOWN,-0.7034632034632035,AVAILABLE,25.0,True,,,RANGE_COMPRESSION,UNRESOLVED_STRUCTURE,WINDOW_OBSERVED,0,0,1,False,0,1,False,INHERITED_RAW_PRICE_BASIS,True,False
2025-07-30|68360,2025-07-30,68360,11:30,15:10,160,COMPLETE,5,0,UP,0.38209606986899564,AVAILABLE,25.0,True,,,RANGE_COMPRESSION,UNRESOLVED_STRUCTURE,WINDOW_OBSERVED,0,0,1,False,0,0,False,INHERITED_RAW_PRICE_BASIS,True,False
2025-07-30|68360,2025-07-30,68360,11:30,15:15,165,COMPLETE,5,0,DOWN,-0.9793253536452666,AVAILABLE,25.0,True,,,RANGE_EXPANSION,UNRESOLVED_STRUCTURE,WINDOW_OBSERVED,0,0,1,False,0,0,False,INHERITED_RAW_PRICE_BASIS,True,False
2025-07-30|68360,2025-07-30,68360,11:30,15:20,170,COMPLETE,5,0,UP,0.6586169045005489,AVAILABLE,25.0,True,,,,UNRESOLVED_STRUCTURE,RIGHT_CENSORED,0,0,1,False,0,0,False,INHERITED_RAW_PRICE_BASIS,True,False
2025-07-30|68360,2025-07-30,68360,11:30,15:25,175,COMPLETE,5,0,DOWN,-0.10905125408942203,AVAILABLE,25.0,True,,,,UNRESOLVED_STRUCTURE,RIGHT_CENSORED,0,0,1,False,0,0,False,INHERITED_RAW_PRICE_BASIS,True,False
2025-07-30|69810,2025-07-30,69810,14:30,14:30,0,COMPLETE,5,0,DOWN,-0.5586592178770949,AVAILABLE,3.0,True,DOWN_STRUCTURE,,,IDENTIFIED,WINDOW_OBSERVED,0,1,19,False,0,0,True,INHERITED_RAW_PRICE_BASIS,False,False
2025-07-30|69810,2025-07-30,69810,14:30,14:35,5,COMPLETE,5,0,DOWN,-0.37435657463734207,AVAILABLE,3.0,True,,RESTRUCTURING|RECOVERY,VOLUME_COMPRESSION|TRADING_VALUE_COMPRESSION,UNRESOLVED_STRUCTURE,WINDOW_OBSERVED,0,0,21,False,4,4,True,INHERITED_RAW_PRICE_BASIS,True,True
2025-07-30|69810,2025-07-30,69810,14:30,14:40,10,COMPLETE,5,0,UP,0.11745360582569885,AVAILABLE,3.0,True,DOWN_STRUCTURE,CORRECTION,RANGE_COMPRESSION|VOLUME_COMPRESSION|TRADING_VALUE_COMPRESSION,IDENTIFIED,WINDOW_OBSERVED,0,0,23,False,2,2,True,INHERITED_RAW_PRICE_BASIS,True,True
2025-07-30|69810,2025-07-30,69810,14:30,14:45,15,COMPLETE,5,0,UP,0.5396527451900516,AVAILABLE,3.0,True,,RESTRUCTURING,,UNRESOLVED_STRUCTURE,WINDOW_OBSERVED,0,1,24,False,1,1,True,INHERITED_RAW_PRICE_BASIS,True,True
2025-07-30|69810,2025-07-30,69810,14:30,14:50,20,COMPLETE,5,0,DOWN,-0.23337222870478413,AVAILABLE,3.0,True,UP_STRUCTURE,RECOVERY,,IDENTIFIED,WINDOW_OBSERVED,0,1,25,False,0,0,True,INHERITED_RAW_PRICE_BASIS,True,True
2025-07-30|69810,2025-07-30,69810,14:30,14:55,25,COMPLETE,5,0,UNCHANGED,0.0,AVAILABLE,3.0,True,UP_STRUCTURE,RECOVERY,,IDENTIFIED,WINDOW_OBSERVED,0,1,27,False,3,2,True,INHERITED_RAW_PRICE_BASIS,True,False
2025-07-30|69810,2025-07-30,69810,14:30,15:00,30,COMPLETE,5,0,UP,0.7251461988304093,AVAILABLE,3.0,True,UP_STRUCTURE,PROGRESSION,,IDENTIFIED,WINDOW_OBSERVED,0,0,27,False,1,1,True,INHERITED_RAW_PRICE_BASIS,True,True
2025-07-30|69810,2025-07-30,69810,14:30,15:05,35,COMPLETE,5,0,UP,0.30197444831591175,AVAILABLE,3.0,True,UP_STRUCTURE,PROGRESSION,,IDENTIFIED,WINDOW_OBSERVED,0,0,29,False,0,0,True,INHERITED_RAW_PRICE_BASIS,True,False
2025-07-30|69810,2025-07-30,69810,14:30,15:10,40,COMPLETE,5,0,DOWN,-0.02315886984715146,AVAILABLE,3.0,True,UP_STRUCTURE,CORRECTION,,IDENTIFIED,WINDOW_OBSERVED,0,0,30,False,0,0,True,INHERITED_RAW_PRICE_BASIS,True,True
2025-07-30|69810,2025-07-30,69810,14:30,15:15,45,COMPLETE,5,0,UP,0.0926569376882094,AVAILABLE,3.0,True,UP_STRUCTURE,RECOVERY,RANGE_COMPRESSION,IDENTIFIED,WINDOW_OBSERVED,0,0,31,False,4,0,True,INHERITED_RAW_PRICE_BASIS,True,True
2025-07-30|69810,2025-07-30,69810,14:30,15:20,50,COMPLETE,5,0,UP,0.1388888888888889,AVAILABLE,3.0,True,UP_STRUCTURE,CORRECTION,CHOPPINESS|RANGE_EXPANSION|VOLUME_EXPANSION|TRADING_VALUE_EXPANSION,IDENTIFIED,RIGHT_CENSORED,0,0,32,False,3,3,True,INHERITED_RAW_PRICE_BASIS,True,True
2025-07-30|69810,2025-07-30,69810,14:30,15:25,55,COMPLETE,5,0,DOWN,-0.02311604253351826,AVAILABLE,3.0,True,UP_STRUCTURE,CORRECTION,CHOPPINESS,IDENTIFIED,RIGHT_CENSORED,0,0,32,False,2,0,True,INHERITED_RAW_PRICE_BASIS,True,False
2025-07-30|70670,2025-07-30,70670,09:30,09:30,0,COMPLETE,5,0,DOWN,-2.4271844660194173,AVAILABLE,29.0,True,,,,UNRESOLVED_STRUCTURE,OBSERVATION_INSUFFICIENT,2,0,1,False,6,3,False,INHERITED_RAW_PRICE_BASIS,False,False
2025-07-30|70670,2025-07-30,70670,09:30,09:35,5,PARTIAL,4,1,,,AVAILABLE,29.0,True,,,,UNRESOLVED_STRUCTURE,OBSERVATION_INSUFFICIENT,2,0,0,False,1,1,False,INHERITED_RAW_PRICE_BASIS,False,False
2025-07-30|70670,2025-07-30,70670,09:30,09:40,10,PARTIAL,4,1,,,AVAILABLE,29.0,True,,,,CURRENT_BAR_UNAVAILABLE,OBSERVATION_INSUFFICIENT,2,0,0,False,0,0,False,INHERITED_RAW_PRICE_BASIS,False,False
2025-07-30|70670,2025-07-30,70670,09:30,09:45,15,PARTIAL,4,1,,,AVAILABLE,29.0,True,,,,UNRESOLVED_STRUCTURE,OBSERVATION_INSUFFICIENT,3,0,0,False,0,0,False,INHERITED_RAW_PRICE_BASIS,False,False
2025-07-30|70670,2025-07-30,70670,09:30,09:50,20,PARTIAL,4,1,,,AVAILABLE,29.0,True,,,,UNRESOLVED_STRUCTURE,OBSERVATION_INSUFFICIENT,3,0,0,False,0,0,False,INHERITED_RAW_PRICE_BASIS,False,False
2025-07-30|70670,2025-07-30,70670,09:30,09:55,25,PARTIAL,3,2,,,AVAILABLE,29.0,True,,,,UNRESOLVED_STRUCTURE,OBSERVATION_INSUFFICIENT,2,0,0,False,0,0,False,INHERITED_RAW_PRICE_BASIS,False,False
2025-07-30|70670,2025-07-30,70670,09:30,10:00,30,PARTIAL,4,1,,,AVAILABLE,29.0,True,,,,UNRESOLVED_STRUCTURE,OBSERVATION_INSUFFICIENT,4,0,0,False,0,0,False,INHERITED_RAW_PRICE_BASIS,False,False
2025-07-30|70670,2025-07-30,70670,09:30,10:05,35,PARTIAL,4,1,,,AVAILABLE,29.0,True,,,,UNRESOLVED_STRUCTURE,OBSERVATION_INSUFFICIENT,4,0,0,False,0,1,False,INHERITED_RAW_PRICE_BASIS,False,False
2025-07-30|70670,2025-07-30,70670,09:30,10:10,40,PARTIAL,2,3,,,AVAILABLE,29.0,True,,,,UNRESOLVED_STRUCTURE,OBSERVATION_INSUFFICIENT,4,0,0,False,0,0,False,INHERITED_RAW_PRICE_BASIS,False,False
2025-07-30|70670,2025-07-30,70670,09:30,10:15,45,PARTIAL,4,1,,,AVAILABLE,29.0,True,,,,UNRESOLVED_STRUCTURE,OBSERVATION_INSUFFICIENT,5,0,0,False,0,1,False,INHERITED_RAW_PRICE_BASIS,False,False
2025-07-30|70670,2025-07-30,70670,09:30,10:20,50,PARTIAL,2,3,,,AVAILABLE,29.0,True,,,,UNRESOLVED_STRUCTURE,OBSERVATION_INSUFFICIENT,5,0,0,False,0,0,False,INHERITED_RAW_PRICE_BASIS,False,False
2025-07-30|70670,2025-07-30,70670,09:30,10:25,55,PARTIAL,3,2,,,AVAILABLE,29.0,True,,,,CURRENT_BAR_UNAVAILABLE,OBSERVATION_INSUFFICIENT,7,0,0,False,0,0,False,INHERITED_RAW_PRICE_BASIS,False,False
2025-07-30|70670,2025-07-30,70670,09:30,10:30,60,PARTIAL,2,3,,,AVAILABLE,29.0,True,,,,CURRENT_BAR_UNAVAILABLE,OBSERVATION_INSUFFICIENT,6,0,0,False,0,0,False,INHERITED_RAW_PRICE_BASIS,False,False
2025-07-30|70670,2025-07-30,70670,09:30,10:35,65,PARTIAL,1,4,,,AVAILABLE,29.0,True,,,,UNRESOLVED_STRUCTURE,OBSERVATION_INSUFFICIENT,4,0,0,False,0,0,False,INHERITED_RAW_PRICE_BASIS,False,False
2025-07-30|70670,2025-07-30,70670,09:30,10:40,70,PARTIAL,3,2,,,AVAILABLE,29.0,True,,,,UNRESOLVED_STRUCTURE,OBSERVATION_INSUFFICIENT,5,0,0,False,0,0,False,INHERITED_RAW_PRICE_BASIS,False,False
2025-07-30|70670,2025-07-30,70670,09:30,10:45,75,PARTIAL,3,2,,,AVAILABLE,29.0,True,,,,UNRESOLVED_STRUCTURE,OBSERVATION_INSUFFICIENT,6,0,0,False,4,1,False,INHERITED_RAW_PRICE_BASIS,False,False
2025-07-30|70670,2025-07-30,70670,09:30,10:50,80,PARTIAL,2,3,,,AVAILABLE,29.0,True,,,,UNRESOLVED_STRUCTURE,OBSERVATION_INSUFFICIENT,6,0,0,False,0,0,False,INHERITED_RAW_PRICE_BASIS,False,False
2025-07-30|70670,2025-07-30,70670,09:30,10:55,85,PARTIAL,2,3,,,AVAILABLE,29.0,True,,,,UNRESOLVED_STRUCTURE,OBSERVATION_INSUFFICIENT,8,0,0,False,0,0,False,INHERITED_RAW_PRICE_BASIS,False,False
2025-07-30|70670,2025-07-30,70670,09:30,11:00,90,PARTIAL,2,3,,,AVAILABLE,29.0,True,,,,UNRESOLVED_STRUCTURE,OBSERVATION_INSUFFICIENT,10,0,0,False,0,0,False,INHERITED_RAW_PRICE_BASIS,False,False
2025-07-30|70670,2025-07-30,70670,09:30,11:05,95,UNAVAILABLE,0,5,,,AVAILABLE,29.0,True,,,,CURRENT_BAR_UNAVAILABLE,OBSERVATION_INSUFFICIENT,9,0,0,False,0,0,False,INHERITED_RAW_PRICE_BASIS,False,False
2025-07-30|70670,2025-07-30,70670,09:30,11:10,100,UNAVAILABLE,0,5,,,AVAILABLE,29.0,True,,,,CURRENT_BAR_UNAVAILABLE,OBSERVATION_INSUFFICIENT,9,0,0,False,0,0,False,INHERITED_RAW_PRICE_BASIS,False,False
2025-07-30|70670,2025-07-30,70670,09:30,11:15,105,PARTIAL,1,4,,,AVAILABLE,29.0,True,,,,CURRENT_BAR_UNAVAILABLE,OBSERVATION_INSUFFICIENT,10,0,0,False,0,0,False,INHERITED_RAW_PRICE_BASIS,False,False
2025-07-30|70670,2025-07-30,70670,09:30,11:20,110,UNAVAILABLE,0,5,,,AVAILABLE,29.0,True,,,,CURRENT_BAR_UNAVAILABLE,OBSERVATION_INSUFFICIENT,8,0,0,False,0,0,False,INHERITED_RAW_PRICE_BASIS,False,False
2025-07-30|70670,2025-07-30,70670,09:30,11:25,115,UNAVAILABLE,0,5,,,AVAILABLE,29.0,True,,,,CURRENT_BAR_UNAVAILABLE,OBSERVATION_INSUFFICIENT,6,0,0,False,0,0,False,INHERITED_RAW_PRICE_BASIS,False,False
2025-07-30|70670,2025-07-30,70670,09:30,11:30,120,PARTIAL,2,3,,,AVAILABLE,29.0,True,,,,UNRESOLVED_STRUCTURE,OBSERVATION_INSUFFICIENT,8,0,0,False,0,0,False,INHERITED_RAW_PRICE_BASIS,False,False
2025-07-30|70670,2025-07-30,70670,09:30,12:35,125,PARTIAL,2,3,,,AVAILABLE,29.0,True,,,,CURRENT_BAR_UNAVAILABLE,OBSERVATION_INSUFFICIENT,7,0,0,False,0,0,False,INHERITED_RAW_PRICE_BASIS,False,False
2025-07-30|70670,2025-07-30,70670,09:30,12:40,130,UNAVAILABLE,0,5,,,AVAILABLE,29.0,True,,,,CURRENT_BAR_UNAVAILABLE,OBSERVATION_INSUFFICIENT,4,0,0,False,0,0,False,INHERITED_RAW_PRICE_BASIS,False,False
2025-07-30|70670,2025-07-30,70670,09:30,12:45,135,PARTIAL,3,2,,,AVAILABLE,29.0,True,,,,UNRESOLVED_STRUCTURE,OBSERVATION_INSUFFICIENT,3,0,0,False,0,0,False,INHERITED_RAW_PRICE_BASIS,False,False
2025-07-30|70670,2025-07-30,70670,09:30,12:50,140,PARTIAL,3,2,,,AVAILABLE,29.0,True,,,,CURRENT_BAR_UNAVAILABLE,OBSERVATION_INSUFFICIENT,5,0,0,False,0,0,False,INHERITED_RAW_PRICE_BASIS,False,False
2025-07-30|70670,2025-07-30,70670,09:30,12:55,145,PARTIAL,4,1,,,AVAILABLE,29.0,True,,,,UNRESOLVED_STRUCTURE,OBSERVATION_INSUFFICIENT,8,0,0,False,0,0,False,INHERITED_RAW_PRICE_BASIS,False,False
2025-07-30|70670,2025-07-30,70670,09:30,13:00,150,PARTIAL,1,4,,,AVAILABLE,29.0,True,,,,CURRENT_BAR_UNAVAILABLE,OBSERVATION_INSUFFICIENT,5,0,0,False,0,0,False,INHERITED_RAW_PRICE_BASIS,False,False
2025-07-30|70670,2025-07-30,70670,09:30,13:05,155,PARTIAL,1,4,,,AVAILABLE,29.0,True,,,,CURRENT_BAR_UNAVAILABLE,OBSERVATION_INSUFFICIENT,3,0,0,False,0,0,False,INHERITED_RAW_PRICE_BASIS,False,False
2025-07-30|70670,2025-07-30,70670,09:30,13:10,160,PARTIAL,4,1,,,AVAILABLE,29.0,True,,,,UNRESOLVED_STRUCTURE,OBSERVATION_INSUFFICIENT,4,0,0,False,0,0,False,INHERITED_RAW_PRICE_BASIS,False,False
2025-07-30|70670,2025-07-30,70670,09:30,13:15,165,PARTIAL,3,2,,,AVAILABLE,29.0,True,,,,UNRESOLVED_STRUCTURE,OBSERVATION_INSUFFICIENT,7,0,0,False,0,0,False,INHERITED_RAW_PRICE_BASIS,False,False
2025-07-30|70670,2025-07-30,70670,09:30,13:20,170,PARTIAL,3,2,,,AVAILABLE,29.0,True,,,,CURRENT_BAR_UNAVAILABLE,OBSERVATION_INSUFFICIENT,9,0,0,False,0,0,False,INHERITED_RAW_PRICE_BASIS,False,False
2025-07-30|70670,2025-07-30,70670,09:30,13:25,175,UNAVAILABLE,0,5,,,AVAILABLE,29.0,True,,,,CURRENT_BAR_UNAVAILABLE,OBSERVATION_INSUFFICIENT,7,0,0,False,0,0,False,INHERITED_RAW_PRICE_BASIS,False,False
2025-07-30|70670,2025-07-30,70670,09:30,13:30,180,PARTIAL,1,4,,,AVAILABLE,29.0,True,,,,UNRESOLVED_STRUCTURE,OBSERVATION_INSUFFICIENT,6,0,0,False,0,0,False,INHERITED_RAW_PRICE_BASIS,False,False
2025-07-30|70670,2025-07-30,70670,09:30,13:35,185,PARTIAL,2,3,,,AVAILABLE,29.0,True,,,,CURRENT_BAR_UNAVAILABLE,OBSERVATION_INSUFFICIENT,7,0,0,False,0,0,False,INHERITED_RAW_PRICE_BASIS,False,False
2025-07-30|70670,2025-07-30,70670,09:30,13:40,190,PARTIAL,2,3,,,AVAILABLE,29.0,True,,,,UNRESOLVED_STRUCTURE,OBSERVATION_INSUFFICIENT,7,0,0,False,0,0,False,INHERITED_RAW_PRICE_BASIS,False,False
2025-07-30|70670,2025-07-30,70670,09:30,13:45,195,PARTIAL,1,4,,,AVAILABLE,29.0,True,,,,UNRESOLVED_STRUCTURE,OBSERVATION_INSUFFICIENT,6,0,0,False,0,0,False,INHERITED_RAW_PRICE_BASIS,False,False
2025-07-30|70670,2025-07-30,70670,09:30,13:50,200,PARTIAL,2,3,,,AVAILABLE,29.0,True,,,,UNRESOLVED_STRUCTURE,OBSERVATION_INSUFFICIENT,7,0,0,False,0,0,False,INHERITED_RAW_PRICE_BASIS,False,False
2025-07-30|70670,2025-07-30,70670,09:30,13:55,205,PARTIAL,2,3,,,AVAILABLE,29.0,True,,,,UNRESOLVED_STRUCTURE,OBSERVATION_INSUFFICIENT,5,0,0,False,0,0,False,INHERITED_RAW_PRICE_BASIS,False,False
2025-07-30|70670,2025-07-30,70670,09:30,14:00,210,PARTIAL,1,4,,,AVAILABLE,29.0,True,,,,CURRENT_BAR_UNAVAILABLE,OBSERVATION_INSUFFICIENT,5,0,0,False,0,0,False,INHERITED_RAW_PRICE_BASIS,False,False
2025-07-30|70670,2025-07-30,70670,09:30,14:05,215,PARTIAL,4,1,,,AVAILABLE,29.0,True,,,,CURRENT_BAR_UNAVAILABLE,OBSERVATION_INSUFFICIENT,5,0,0,False,0,1,False,INHERITED_RAW_PRICE_BASIS,False,False
2025-07-30|70670,2025-07-30,70670,09:30,14:10,220,PARTIAL,1,4,,,AVAILABLE,29.0,True,,,,UNRESOLVED_STRUCTURE,OBSERVATION_INSUFFICIENT,3,0,0,False,0,0,False,INHERITED_RAW_PRICE_BASIS,False,False
2025-07-30|70670,2025-07-30,70670,09:30,14:15,225,PARTIAL,4,1,,,AVAILABLE,29.0,True,,,,CURRENT_BAR_UNAVAILABLE,OBSERVATION_INSUFFICIENT,6,0,0,False,0,1,False,INHERITED_RAW_PRICE_BASIS,False,False
2025-07-30|70670,2025-07-30,70670,09:30,14:20,230,PARTIAL,3,2,,,AVAILABLE,29.0,True,,,,CURRENT_BAR_UNAVAILABLE,OBSERVATION_INSUFFICIENT,7,0,0,False,0,0,False,INHERITED_RAW_PRICE_BASIS,False,False
2025-07-30|70670,2025-07-30,70670,09:30,14:25,235,PARTIAL,1,4,,,AVAILABLE,29.0,True,,,,UNRESOLVED_STRUCTURE,OBSERVATION_INSUFFICIENT,8,0,0,False,0,0,False,INHERITED_RAW_PRICE_BASIS,False,False
2025-07-30|70670,2025-07-30,70670,09:30,14:30,240,PARTIAL,2,3,,,AVAILABLE,29.0,True,,,,UNRESOLVED_STRUCTURE,OBSERVATION_INSUFFICIENT,9,0,0,False,0,0,False,INHERITED_RAW_PRICE_BASIS,False,False
2025-07-30|70670,2025-07-30,70670,09:30,14:35,245,UNAVAILABLE,0,5,,,AVAILABLE,29.0,True,,,,CURRENT_BAR_UNAVAILABLE,OBSERVATION_INSUFFICIENT,6,0,0,False,0,0,False,INHERITED_RAW_PRICE_BASIS,False,False
2025-07-30|70670,2025-07-30,70670,09:30,14:40,250,PARTIAL,1,4,,,AVAILABLE,29.0,True,,,,CURRENT_BAR_UNAVAILABLE,OBSERVATION_INSUFFICIENT,6,0,0,False,0,0,False,INHERITED_RAW_PRICE_BASIS,False,False
2025-07-30|70670,2025-07-30,70670,09:30,14:45,255,PARTIAL,3,2,,,AVAILABLE,29.0,True,,,,CURRENT_BAR_UNAVAILABLE,OBSERVATION_INSUFFICIENT,9,0,0,False,0,0,False,INHERITED_RAW_PRICE_BASIS,False,False
2025-07-30|70670,2025-07-30,70670,09:30,14:50,260,PARTIAL,1,4,,,AVAILABLE,29.0,True,,,,CURRENT_BAR_UNAVAILABLE,OBSERVATION_INSUFFICIENT,8,0,0,False,0,0,False,INHERITED_RAW_PRICE_BASIS,False,False
2025-07-30|70670,2025-07-30,70670,09:30,14:55,265,UNAVAILABLE,0,5,,,AVAILABLE,29.0,True,,,,CURRENT_BAR_UNAVAILABLE,OBSERVATION_INSUFFICIENT,5,0,0,False,0,0,False,INHERITED_RAW_PRICE_BASIS,False,False
2025-07-30|70670,2025-07-30,70670,09:30,15:00,270,PARTIAL,2,3,,,AVAILABLE,29.0,True,,,,CURRENT_BAR_UNAVAILABLE,OBSERVATION_INSUFFICIENT,4,0,0,False,0,0,False,INHERITED_RAW_PRICE_BASIS,False,False
2025-07-30|70670,2025-07-30,70670,09:30,15:05,275,PARTIAL,3,2,,,AVAILABLE,29.0,True,,,,UNRESOLVED_STRUCTURE,OBSERVATION_INSUFFICIENT,4,0,0,False,0,0,False,INHERITED_RAW_PRICE_BASIS,False,False
2025-07-30|70670,2025-07-30,70670,09:30,15:10,280,PARTIAL,3,2,,,AVAILABLE,29.0,True,,,,UNRESOLVED_STRUCTURE,OBSERVATION_INSUFFICIENT,5,0,0,False,0,0,False,INHERITED_RAW_PRICE_BASIS,False,False
2025-07-30|70670,2025-07-30,70670,09:30,15:15,285,PARTIAL,3,2,,,AVAILABLE,29.0,True,,,,CURRENT_BAR_UNAVAILABLE,OBSERVATION_INSUFFICIENT,4,0,0,False,0,0,False,INHERITED_RAW_PRICE_BASIS,False,False
2025-07-30|70670,2025-07-30,70670,09:30,15:20,290,PARTIAL,2,3,,,AVAILABLE,29.0,True,,,,CURRENT_BAR_UNAVAILABLE,RIGHT_CENSORED,1,0,0,False,0,0,False,INHERITED_RAW_PRICE_BASIS,False,False
2025-07-30|70670,2025-07-30,70670,09:30,15:25,295,PARTIAL,4,1,,,AVAILABLE,29.0,True,,,,UNRESOLVED_STRUCTURE,RIGHT_CENSORED,0,0,0,False,0,0,False,INHERITED_RAW_PRICE_BASIS,False,False
2025-07-30|71380,2025-07-30,71380,11:00,11:00,0,PARTIAL,2,3,,,SCALE_INSUFFICIENT,,True,,,,CURRENT_BAR_UNAVAILABLE,OBSERVATION_INSUFFICIENT,6,0,0,False,0,0,False,INHERITED_RAW_PRICE_BASIS,False,False
2025-07-30|71380,2025-07-30,71380,11:00,11:05,5,PARTIAL,1,4,,,SCALE_INSUFFICIENT,,True,,,,CURRENT_BAR_UNAVAILABLE,OBSERVATION_INSUFFICIENT,5,0,0,False,0,0,False,INHERITED_RAW_PRICE_BASIS,False,False
2025-07-30|71380,2025-07-30,71380,11:00,11:10,10,PARTIAL,3,2,,,SCALE_INSUFFICIENT,,True,,,,SCALE_UNAVAILABLE,OBSERVATION_INSUFFICIENT,7,0,0,False,0,0,False,INHERITED_RAW_PRICE_BASIS,False,False
2025-07-30|71380,2025-07-30,71380,11:00,11:15,15,PARTIAL,2,3,,,SCALE_INSUFFICIENT,,True,,,,SCALE_UNAVAILABLE,OBSERVATION_INSUFFICIENT,8,0,0,False,0,0,False,INHERITED_RAW_PRICE_BASIS,False,False
2025-07-30|71380,2025-07-30,71380,11:00,11:20,20,PARTIAL,1,4,,,SCALE_INSUFFICIENT,,True,,,,SCALE_UNAVAILABLE,OBSERVATION_INSUFFICIENT,8,0,0,False,0,0,False,INHERITED_RAW_PRICE_BASIS,False,False
2025-07-30|71380,2025-07-30,71380,11:00,11:25,25,PARTIAL,1,4,,,SCALE_INSUFFICIENT,,True,,,,CURRENT_BAR_UNAVAILABLE,OBSERVATION_INSUFFICIENT,7,0,0,False,0,0,False,INHERITED_RAW_PRICE_BASIS,False,False
2025-07-30|71380,2025-07-30,71380,11:00,11:30,30,PARTIAL,1,4,,,SCALE_INSUFFICIENT,,True,,,,SCALE_UNAVAILABLE,OBSERVATION_INSUFFICIENT,8,0,0,False,0,0,False,INHERITED_RAW_PRICE_BASIS,False,False
2025-07-30|71380,2025-07-30,71380,11:00,12:35,35,PARTIAL,2,3,,,SCALE_INSUFFICIENT,,True,,,,CURRENT_BAR_UNAVAILABLE,OBSERVATION_INSUFFICIENT,7,0,0,False,0,0,False,INHERITED_RAW_PRICE_BASIS,False,False
2025-07-30|71380,2025-07-30,71380,11:00,12:40,40,UNAVAILABLE,0,5,,,SCALE_INSUFFICIENT,,True,,,,CURRENT_BAR_UNAVAILABLE,OBSERVATION_INSUFFICIENT,2,0,0,False,0,0,False,INHERITED_RAW_PRICE_BASIS,False,False
2025-07-30|71380,2025-07-30,71380,11:00,12:45,45,PARTIAL,3,2,,,SCALE_INSUFFICIENT,,True,,,,SCALE_UNAVAILABLE,OBSERVATION_INSUFFICIENT,3,0,0,False,0,0,False,INHERITED_RAW_PRICE_BASIS,False,False
2025-07-30|71380,2025-07-30,71380,11:00,12:50,50,COMPLETE,5,0,UP,0.17467248908296942,SCALE_INSUFFICIENT,,True,,,,SCALE_UNAVAILABLE,OBSERVATION_INSUFFICIENT,6,0,0,False,0,4,False,INHERITED_RAW_PRICE_BASIS,False,False
2025-07-30|71380,2025-07-30,71380,11:00,12:55,55,PARTIAL,2,3,,,SCALE_INSUFFICIENT,,True,,,,SCALE_UNAVAILABLE,OBSERVATION_INSUFFICIENT,6,0,0,False,0,0,False,INHERITED_RAW_PRICE_BASIS,False,False
2025-07-30|71380,2025-07-30,71380,11:00,13:00,60,PARTIAL,2,3,,,SCALE_INSUFFICIENT,,True,,,,SCALE_UNAVAILABLE,OBSERVATION_INSUFFICIENT,6,0,0,False,0,0,False,INHERITED_RAW_PRICE_BASIS,False,False
2025-07-30|71380,2025-07-30,71380,11:00,13:05,65,PARTIAL,2,3,,,SCALE_INSUFFICIENT,,True,,,,CURRENT_BAR_UNAVAILABLE,OBSERVATION_INSUFFICIENT,7,0,0,False,0,0,False,INHERITED_RAW_PRICE_BASIS,False,False
2025-07-30|71380,2025-07-30,71380,11:00,13:10,70,PARTIAL,2,3,,,SCALE_INSUFFICIENT,,True,,,,SCALE_UNAVAILABLE,OBSERVATION_INSUFFICIENT,6,0,0,False,0,0,False,INHERITED_RAW_PRICE_BASIS,False,False
2025-07-30|71380,2025-07-30,71380,11:00,13:15,75,PARTIAL,1,4,,,SCALE_INSUFFICIENT,,True,,,,CURRENT_BAR_UNAVAILABLE,OBSERVATION_INSUFFICIENT,5,0,0,False,2,0,False,INHERITED_RAW_PRICE_BASIS,False,False
2025-07-30|71380,2025-07-30,71380,11:00,13:20,80,PARTIAL,3,2,,,SCALE_INSUFFICIENT,,True,,,,SCALE_UNAVAILABLE,OBSERVATION_INSUFFICIENT,7,0,0,False,0,0,False,INHERITED_RAW_PRICE_BASIS,False,False
2025-07-30|71380,2025-07-30,71380,11:00,13:25,85,PARTIAL,2,3,,,SCALE_INSUFFICIENT,,True,,,,SCALE_UNAVAILABLE,OBSERVATION_INSUFFICIENT,9,0,0,False,0,0,False,INHERITED_RAW_PRICE_BASIS,False,False
2025-07-30|71380,2025-07-30,71380,11:00,13:30,90,PARTIAL,1,4,,,SCALE_INSUFFICIENT,,True,,,,CURRENT_BAR_UNAVAILABLE,OBSERVATION_INSUFFICIENT,8,0,0,False,0,0,False,INHERITED_RAW_PRICE_BASIS,False,False
2025-07-30|71380,2025-07-30,71380,11:00,13:35,95,UNAVAILABLE,0,5,,,SCALE_INSUFFICIENT,,True,,,,CURRENT_BAR_UNAVAILABLE,OBSERVATION_INSUFFICIENT,6,0,0,False,0,0,False,INHERITED_RAW_PRICE_BASIS,False,False
2025-07-30|71380,2025-07-30,71380,11:00,13:40,100,PARTIAL,2,3,,,SCALE_INSUFFICIENT,,True,,,,CURRENT_BAR_UNAVAILABLE,OBSERVATION_INSUFFICIENT,8,0,0,False,0,0,False,INHERITED_RAW_PRICE_BASIS,False,False
2025-07-30|71380,2025-07-30,71380,11:00,13:45,105,PARTIAL,2,3,,,SCALE_INSUFFICIENT,,True,,,,CURRENT_BAR_UNAVAILABLE,OBSERVATION_INSUFFICIENT,8,0,0,False,0,0,False,INHERITED_RAW_PRICE_BASIS,False,False
2025-07-30|71380,2025-07-30,71380,11:00,13:50,110,UNAVAILABLE,0,5,,,SCALE_INSUFFICIENT,,True,,,,CURRENT_BAR_UNAVAILABLE,OBSERVATION_INSUFFICIENT,6,0,0,False,0,0,False,INHERITED_RAW_PRICE_BASIS,False,False
2025-07-30|71380,2025-07-30,71380,11:00,13:55,115,PARTIAL,2,3,,,SCALE_INSUFFICIENT,,True,,,,SCALE_UNAVAILABLE,OBSERVATION_INSUFFICIENT,6,0,0,False,0,0,False,INHERITED_RAW_PRICE_BASIS,False,False
2025-07-30|71380,2025-07-30,71380,11:00,14:00,120,PARTIAL,2,3,,,SCALE_INSUFFICIENT,,True,,,,SCALE_UNAVAILABLE,OBSERVATION_INSUFFICIENT,6,0,0,False,0,0,False,INHERITED_RAW_PRICE_BASIS,False,False
2025-07-30|71380,2025-07-30,71380,11:00,14:05,125,PARTIAL,2,3,,,SCALE_INSUFFICIENT,,True,,,,CURRENT_BAR_UNAVAILABLE,OBSERVATION_INSUFFICIENT,8,0,0,False,0,0,False,INHERITED_RAW_PRICE_BASIS,False,False
2025-07-30|71380,2025-07-30,71380,11:00,14:10,130,PARTIAL,2,3,,,SCALE_INSUFFICIENT,,True,,,,CURRENT_BAR_UNAVAILABLE,OBSERVATION_INSUFFICIENT,10,0,0,False,0,0,False,INHERITED_RAW_PRICE_BASIS,False,False
2025-07-30|71380,2025-07-30,71380,11:00,14:15,135,UNAVAILABLE,0,5,,,SCALE_INSUFFICIENT,,True,,,,CURRENT_BAR_UNAVAILABLE,OBSERVATION_INSUFFICIENT,9,0,0,False,0,0,False,INHERITED_RAW_PRICE_BASIS,False,False
2025-07-30|71380,2025-07-30,71380,11:00,14:20,140,UNAVAILABLE,0,5,,,SCALE_INSUFFICIENT,,True,,,,CURRENT_BAR_UNAVAILABLE,OBSERVATION_INSUFFICIENT,9,0,0,False,0,0,False,INHERITED_RAW_PRICE_BASIS,False,False
2025-07-30|71380,2025-07-30,71380,11:00,14:25,145,PARTIAL,1,4,,,SCALE_INSUFFICIENT,,True,,,,CURRENT_BAR_UNAVAILABLE,OBSERVATION_INSUFFICIENT,8,0,0,False,0,0,False,INHERITED_RAW_PRICE_BASIS,False,False
2025-07-30|71380,2025-07-30,71380,11:00,14:30,150,UNAVAILABLE,0,5,,,SCALE_INSUFFICIENT,,True,,,,CURRENT_BAR_UNAVAILABLE,OBSERVATION_INSUFFICIENT,8,0,0,False,0,0,False,INHERITED_RAW_PRICE_BASIS,False,False
2025-07-30|71380,2025-07-30,71380,11:00,14:35,155,PARTIAL,2,3,,,SCALE_INSUFFICIENT,,True,,,,CURRENT_BAR_UNAVAILABLE,OBSERVATION_INSUFFICIENT,10,0,0,False,1,2,False,INHERITED_RAW_PRICE_BASIS,False,False
2025-07-30|71380,2025-07-30,71380,11:00,14:40,160,UNAVAILABLE,0,5,,,SCALE_INSUFFICIENT,,True,,,,CURRENT_BAR_UNAVAILABLE,OBSERVATION_INSUFFICIENT,9,0,0,False,0,0,False,INHERITED_RAW_PRICE_BASIS,False,False
2025-07-30|71380,2025-07-30,71380,11:00,14:45,165,UNAVAILABLE,0,5,,,SCALE_INSUFFICIENT,,True,,,,CURRENT_BAR_UNAVAILABLE,OBSERVATION_INSUFFICIENT,7,0,0,False,0,0,False,INHERITED_RAW_PRICE_BASIS,False,False
2025-07-30|71380,2025-07-30,71380,11:00,14:50,170,PARTIAL,1,4,,,SCALE_INSUFFICIENT,,True,,,,CURRENT_BAR_UNAVAILABLE,OBSERVATION_INSUFFICIENT,4,0,0,False,1,0,False,INHERITED_RAW_PRICE_BASIS,False,False
2025-07-30|71380,2025-07-30,71380,11:00,14:55,175,PARTIAL,2,3,,,SCALE_INSUFFICIENT,,True,,,,SCALE_UNAVAILABLE,OBSERVATION_INSUFFICIENT,3,0,0,False,0,0,False,INHERITED_RAW_PRICE_BASIS,False,False
2025-07-30|71380,2025-07-30,71380,11:00,15:00,180,PARTIAL,4,1,,,SCALE_INSUFFICIENT,,True,,,,SCALE_UNAVAILABLE,OBSERVATION_INSUFFICIENT,3,0,0,False,3,4,False,INHERITED_RAW_PRICE_BASIS,False,False
2025-07-30|71380,2025-07-30,71380,11:00,15:05,185,PARTIAL,3,2,,,SCALE_INSUFFICIENT,,True,,,,SCALE_UNAVAILABLE,OBSERVATION_INSUFFICIENT,3,0,0,False,0,0,False,INHERITED_RAW_PRICE_BASIS,False,False
2025-07-30|71380,2025-07-30,71380,11:00,15:10,190,PARTIAL,4,1,,,SCALE_INSUFFICIENT,,True,,,,SCALE_UNAVAILABLE,OBSERVATION_INSUFFICIENT,5,0,0,False,1,1,False,INHERITED_RAW_PRICE_BASIS,False,False
2025-07-30|71380,2025-07-30,71380,11:00,15:15,195,PARTIAL,3,2,,,SCALE_INSUFFICIENT,,True,,,,SCALE_UNAVAILABLE,OBSERVATION_INSUFFICIENT,5,0,0,False,1,1,False,INHERITED_RAW_PRICE_BASIS,False,False
2025-07-30|71380,2025-07-30,71380,11:00,15:20,200,PARTIAL,2,3,,,SCALE_INSUFFICIENT,,True,,,,SCALE_UNAVAILABLE,RIGHT_CENSORED,2,0,0,False,0,0,False,INHERITED_RAW_PRICE_BASIS,False,False
2025-07-30|71380,2025-07-30,71380,11:00,15:25,205,PARTIAL,3,2,,,SCALE_INSUFFICIENT,,True,,,,SCALE_UNAVAILABLE,RIGHT_CENSORED,0,0,0,False,1,1,False,INHERITED_RAW_PRICE_BASIS,False,False
2025-07-30|73090,2025-07-30,73090,09:30,09:30,0,PARTIAL,3,2,,,AVAILABLE,50.0,True,,,,UNRESOLVED_STRUCTURE,WINDOW_OBSERVED,0,0,1,False,0,0,False,INHERITED_RAW_PRICE_BASIS,False,False
2025-07-30|73090,2025-07-30,73090,09:30,09:35,5,COMPLETE,5,0,UP,0.6921456515197111,AVAILABLE,50.0,True,,RECOVERY,,UNRESOLVED_STRUCTURE,WINDOW_OBSERVED,0,0,2,False,2,2,True,INHERITED_RAW_PRICE_BASIS,False,False
2025-07-30|73090,2025-07-30,73090,09:30,09:40,10,COMPLETE,5,0,DOWN,-0.7765830346475507,AVAILABLE,50.0,True,DOWN_STRUCTURE,CORRECTION|RECOVERY,,IDENTIFIED,WINDOW_OBSERVED,0,1,4,False,2,2,True,INHERITED_RAW_PRICE_BASIS,True,True
2025-07-30|73090,2025-07-30,73090,09:30,09:45,15,COMPLETE,5,0,UP,0.21084337349397592,AVAILABLE,50.0,True,DOWN_STRUCTURE,PROGRESSION,CHOPPINESS|RANGE_COMPRESSION|VOLUME_COMPRESSION|TRADING_VALUE_COMPRESSION,IDENTIFIED,WINDOW_OBSERVED,0,0,5,False,1,0,True,INHERITED_RAW_PRICE_BASIS,True,True
2025-07-30|73090,2025-07-30,73090,09:30,09:50,20,COMPLETE,5,0,UP,0.18045112781954886,AVAILABLE,50.0,True,DOWN_STRUCTURE,,CHOPPINESS,IDENTIFIED,WINDOW_OBSERVED,0,1,7,False,1,1,True,INHERITED_RAW_PRICE_BASIS,True,True
2025-07-30|73090,2025-07-30,73090,09:30,09:55,25,COMPLETE,5,0,DOWN,-0.18018018018018017,AVAILABLE,50.0,True,DOWN_STRUCTURE,PROGRESSION,CHOPPINESS,IDENTIFIED,WINDOW_OBSERVED,0,0,7,False,1,1,True,INHERITED_RAW_PRICE_BASIS,True,True
2025-07-30|73090,2025-07-30,73090,09:30,10:00,30,COMPLETE,5,0,DOWN,-0.15051173991571343,AVAILABLE,50.0,True,DOWN_STRUCTURE,PROGRESSION,,IDENTIFIED,WINDOW_OBSERVED,0,0,7,False,3,2,True,INHERITED_RAW_PRICE_BASIS,True,False
2025-07-30|73090,2025-07-30,73090,09:30,10:05,35,COMPLETE,5,0,DOWN,-0.2717391304347826,AVAILABLE,50.0,True,DOWN_STRUCTURE,PROGRESSION,,IDENTIFIED,WINDOW_OBSERVED,0,0,7,False,1,1,True,INHERITED_RAW_PRICE_BASIS,True,False
2025-07-30|73090,2025-07-30,73090,09:30,10:10,40,COMPLETE,5,0,DOWN,-0.06053268765133172,AVAILABLE,50.0,True,DOWN_STRUCTURE,PROGRESSION,VOLUME_EXPANSION|TRADING_VALUE_EXPANSION,IDENTIFIED,WINDOW_OBSERVED,0,0,7,False,2,2,True,INHERITED_RAW_PRICE_BASIS,True,False
2025-07-30|73090,2025-07-30,73090,09:30,10:15,45,COMPLETE,5,0,DOWN,-0.09085402786190187,AVAILABLE,50.0,True,DOWN_STRUCTURE,PROGRESSION,CHOPPINESS|VOLUME_COMPRESSION|TRADING_VALUE_COMPRESSION,IDENTIFIED,WINDOW_OBSERVED,0,0,7,False,2,2,True,INHERITED_RAW_PRICE_BASIS,True,False
2025-07-30|73090,2025-07-30,73090,09:30,10:20,50,COMPLETE,5,0,DOWN,-0.21231422505307856,AVAILABLE,50.0,True,DOWN_STRUCTURE,PROGRESSION,,IDENTIFIED,WINDOW_OBSERVED,0,0,7,False,2,1,True,INHERITED_RAW_PRICE_BASIS,True,False
2025-07-30|73090,2025-07-30,73090,09:30,10:25,55,COMPLETE,5,0,UP,0.1519756838905775,AVAILABLE,50.0,True,DOWN_STRUCTURE,CORRECTION|RECOVERY,RANGE_EXPANSION,IDENTIFIED,WINDOW_OBSERVED,0,1,8,False,1,1,True,INHERITED_RAW_PRICE_BASIS,True,True
2025-07-30|73090,2025-07-30,73090,09:30,10:30,60,COMPLETE,5,0,UP,0.030358227079538554,AVAILABLE,50.0,True,DOWN_STRUCTURE,CORRECTION|RECOVERY,CHOPPINESS|RANGE_COMPRESSION|VOLUME_COMPRESSION|TRADING_VALUE_COMPRESSION,IDENTIFIED,WINDOW_OBSERVED,0,1,8,False,0,0,True,INHERITED_RAW_PRICE_BASIS,True,False
2025-07-30|73090,2025-07-30,73090,09:30,10:35,65,COMPLETE,5,0,UP,0.6067961165048543,AVAILABLE,50.0,True,DOWN_STRUCTURE,CORRECTION|RECOVERY,RANGE_EXPANSION|VOLUME_EXPANSION|TRADING_VALUE_EXPANSION,IDENTIFIED,WINDOW_OBSERVED,0,0,8,False,1,1,True,INHERITED_RAW_PRICE_BASIS,True,False
2025-07-30|73090,2025-07-30,73090,09:30,10:40,70,COMPLETE,5,0,UP,0.33172496984318456,AVAILABLE,50.0,True,DOWN_STRUCTURE,CORRECTION|RECOVERY,RANGE_COMPRESSION,IDENTIFIED,WINDOW_OBSERVED,0,0,8,False,1,0,True,INHERITED_RAW_PRICE_BASIS,True,False
2025-07-30|73090,2025-07-30,73090,09:30,10:45,75,COMPLETE,5,0,UP,0.18028846153846154,AVAILABLE,50.0,True,,RESTRUCTURING,RANGE_COMPRESSION,UNRESOLVED_STRUCTURE,WINDOW_OBSERVED,0,0,8,False,5,1,True,INHERITED_RAW_PRICE_BASIS,True,True
2025-07-30|73090,2025-07-30,73090,09:30,10:50,80,COMPLETE,5,0,UP,0.33003300330033003,AVAILABLE,50.0,True,,RESTRUCTURING,RANGE_EXPANSION,UNRESOLVED_STRUCTURE,WINDOW_OBSERVED,0,0,8,False,0,0,True,INHERITED_RAW_PRICE_BASIS,True,False
2025-07-30|73090,2025-07-30,73090,09:30,10:55,85,COMPLETE,5,0,UNCHANGED,0.0,AVAILABLE,50.0,True,,RESTRUCTURING,VOLUME_COMPRESSION|TRADING_VALUE_COMPRESSION,UNRESOLVED_STRUCTURE,WINDOW_OBSERVED,0,0,9,False,0,0,True,INHERITED_RAW_PRICE_BASIS,True,False
2025-07-30|73090,2025-07-30,73090,09:30,11:00,90,COMPLETE,5,0,UP,0.08971291866028708,AVAILABLE,50.0,True,UP_STRUCTURE,CORRECTION,CHOPPINESS,IDENTIFIED,WINDOW_OBSERVED,0,1,11,False,0,0,True,INHERITED_RAW_PRICE_BASIS,True,True
2025-07-30|73090,2025-07-30,73090,09:30,11:05,95,COMPLETE,5,0,DOWN,-0.2390914524805738,AVAILABLE,50.0,True,,RESTRUCTURING,,UNRESOLVED_STRUCTURE,WINDOW_OBSERVED,0,0,11,False,1,1,True,INHERITED_RAW_PRICE_BASIS,True,True
2025-07-30|73090,2025-07-30,73090,09:30,11:10,100,COMPLETE,5,0,DOWN,-0.11983223487118035,AVAILABLE,50.0,True,DOWN_STRUCTURE,CORRECTION|RECOVERY,CHOPPINESS|RANGE_COMPRESSION,IDENTIFIED,WINDOW_OBSERVED,0,1,12,False,0,0,True,INHERITED_RAW_PRICE_BASIS,True,True
2025-07-30|73090,2025-07-30,73090,09:30,11:15,105,COMPLETE,5,0,UP,0.29994001199760045,AVAILABLE,50.0,True,DOWN_STRUCTURE,CORRECTION|RECOVERY,VOLUME_COMPRESSION|TRADING_VALUE_COMPRESSION,IDENTIFIED,WINDOW_OBSERVED,0,0,12,False,2,3,True,INHERITED_RAW_PRICE_BASIS,True,False
2025-07-30|73090,2025-07-30,73090,09:30,11:20,110,COMPLETE,5,0,UP,0.14961101137043686,AVAILABLE,50.0,True,DOWN_STRUCTURE,CORRECTION|RECOVERY,,IDENTIFIED,WINDOW_OBSERVED,0,0,12,False,0,0,True,INHERITED_RAW_PRICE_BASIS,True,False
2025-07-30|73090,2025-07-30,73090,09:30,11:25,115,COMPLETE,5,0,UP,0.11958146487294469,AVAILABLE,50.0,True,DOWN_STRUCTURE,CORRECTION|RECOVERY,,IDENTIFIED,WINDOW_OBSERVED,0,0,12,False,0,0,True,INHERITED_RAW_PRICE_BASIS,True,False
2025-07-30|73090,2025-07-30,73090,09:30,11:30,120,COMPLETE,5,0,UNCHANGED,0.0,AVAILABLE,50.0,True,DOWN_STRUCTURE,CORRECTION|RECOVERY,CHOPPINESS,IDENTIFIED,WINDOW_OBSERVED,0,0,12,False,0,0,True,INHERITED_RAW_PRICE_BASIS,True,False
2025-07-30|73090,2025-07-30,73090,09:30,12:35,125,COMPLETE,5,0,DOWN,-0.9237187127532777,AVAILABLE,50.0,True,DOWN_STRUCTURE,PROGRESSION,,IDENTIFIED,WINDOW_OBSERVED,0,1,2,False,0,0,True,INHERITED_RAW_PRICE_BASIS,True,True
2025-07-30|73090,2025-07-30,73090,09:30,12:40,130,COMPLETE,5,0,DOWN,-0.15042117930204574,AVAILABLE,50.0,True,DOWN_STRUCTURE,PROGRESSION,RANGE_COMPRESSION|VOLUME_COMPRESSION|TRADING_VALUE_COMPRESSION,IDENTIFIED,WINDOW_OBSERVED,0,0,2,False,0,0,True,INHERITED_RAW_PRICE_BASIS,True,False
2025-07-30|73090,2025-07-30,73090,09:30,12:45,135,COMPLETE,5,0,DOWN,-0.1807773425730642,AVAILABLE,50.0,True,DOWN_STRUCTURE,PROGRESSION,,IDENTIFIED,WINDOW_OBSERVED,0,0,2,False,1,1,True,INHERITED_RAW_PRICE_BASIS,True,False
2025-07-30|73090,2025-07-30,73090,09:30,12:50,140,COMPLETE,5,0,UP,0.24154589371980675,AVAILABLE,50.0,True,DOWN_STRUCTURE,PROGRESSION,,IDENTIFIED,WINDOW_OBSERVED,0,0,2,False,2,1,True,INHERITED_RAW_PRICE_BASIS,True,False
2025-07-30|73090,2025-07-30,73090,09:30,12:55,145,COMPLETE,5,0,DOWN,-0.1807773425730642,AVAILABLE,50.0,True,DOWN_STRUCTURE,PROGRESSION,RANGE_COMPRESSION|VOLUME_COMPRESSION|TRADING_VALUE_COMPRESSION,IDENTIFIED,WINDOW_OBSERVED,0,0,2,False,0,1,True,INHERITED_RAW_PRICE_BASIS,True,False
2025-07-30|73090,2025-07-30,73090,09:30,13:00,150,COMPLETE,5,0,DOWN,-0.2112888620585572,AVAILABLE,50.0,True,DOWN_STRUCTURE,PROGRESSION,VOLUME_EXPANSION|TRADING_VALUE_EXPANSION,IDENTIFIED,WINDOW_OBSERVED,0,0,2,False,0,0,True,INHERITED_RAW_PRICE_BASIS,True,False
2025-07-30|73090,2025-07-30,73090,09:30,13:05,155,COMPLETE,5,0,UNCHANGED,0.0,AVAILABLE,50.0,True,DOWN_STRUCTURE,PROGRESSION,CHOPPINESS,IDENTIFIED,WINDOW_OBSERVED,0,0,2,False,0,0,True,INHERITED_RAW_PRICE_BASIS,True,False
2025-07-30|73090,2025-07-30,73090,09:30,13:10,160,COMPLETE,5,0,DOWN,-0.09074410163339383,AVAILABLE,50.0,True,DOWN_STRUCTURE,PROGRESSION,VOLUME_COMPRESSION|TRADING_VALUE_COMPRESSION,IDENTIFIED,WINDOW_OBSERVED,0,0,2,False,0,0,True,INHERITED_RAW_PRICE_BASIS,True,False
2025-07-30|73090,2025-07-30,73090,09:30,13:15,165,COMPLETE,5,0,DOWN,-0.060551014229488345,AVAILABLE,50.0,True,DOWN_STRUCTURE,PROGRESSION,RANGE_COMPRESSION|VOLUME_COMPRESSION|TRADING_VALUE_COMPRESSION,IDENTIFIED,WINDOW_OBSERVED,0,0,2,False,0,0,True,INHERITED_RAW_PRICE_BASIS,True,False
2025-07-30|73090,2025-07-30,73090,09:30,13:20,170,COMPLETE,5,0,DOWN,-0.2727272727272727,AVAILABLE,50.0,True,DOWN_STRUCTURE,PROGRESSION,RANGE_EXPANSION|VOLUME_EXPANSION|TRADING_VALUE_EXPANSION,IDENTIFIED,WINDOW_OBSERVED,0,0,2,False,0,0,True,INHERITED_RAW_PRICE_BASIS,True,False
2025-07-30|73090,2025-07-30,73090,09:30,13:25,175,COMPLETE,5,0,UNCHANGED,0.0,AVAILABLE,50.0,True,DOWN_STRUCTURE,PROGRESSION,RANGE_COMPRESSION|VOLUME_COMPRESSION|TRADING_VALUE_COMPRESSION,IDENTIFIED,WINDOW_OBSERVED,0,0,2,False,0,0,True,INHERITED_RAW_PRICE_BASIS,True,False
2025-07-30|73090,2025-07-30,73090,09:30,13:30,180,COMPLETE,5,0,DOWN,-0.030385900941962928,AVAILABLE,50.0,True,DOWN_STRUCTURE,PROGRESSION,,IDENTIFIED,WINDOW_OBSERVED,0,0,2,False,0,0,True,INHERITED_RAW_PRICE_BASIS,True,False
2025-07-30|73090,2025-07-30,73090,09:30,13:35,185,COMPLETE,5,0,DOWN,-0.12158054711246201,AVAILABLE,50.0,True,DOWN_STRUCTURE,PROGRESSION,RANGE_EXPANSION|VOLUME_EXPANSION|TRADING_VALUE_EXPANSION,IDENTIFIED,WINDOW_OBSERVED,0,0,2,False,1,1,True,INHERITED_RAW_PRICE_BASIS,True,False
2025-07-30|73090,2025-07-30,73090,09:30,13:40,190,COMPLETE,5,0,UNCHANGED,0.0,AVAILABLE,50.0,True,DOWN_STRUCTURE,PROGRESSION,RANGE_COMPRESSION|VOLUME_COMPRESSION|TRADING_VALUE_COMPRESSION,IDENTIFIED,WINDOW_OBSERVED,0,0,2,False,0,2,True,INHERITED_RAW_PRICE_BASIS,True,False
2025-07-30|73090,2025-07-30,73090,09:30,13:45,195,COMPLETE,5,0,UP,0.06086427267194157,AVAILABLE,50.0,True,DOWN_STRUCTURE,PROGRESSION,RANGE_EXPANSION|VOLUME_EXPANSION|TRADING_VALUE_EXPANSION,IDENTIFIED,WINDOW_OBSERVED,0,0,2,False,0,0,True,INHERITED_RAW_PRICE_BASIS,True,False
2025-07-30|73090,2025-07-30,73090,09:30,13:50,200,COMPLETE,5,0,DOWN,-0.09124087591240876,AVAILABLE,50.0,True,DOWN_STRUCTURE,PROGRESSION,,IDENTIFIED,WINDOW_OBSERVED,0,0,2,False,0,1,True,INHERITED_RAW_PRICE_BASIS,True,False
2025-07-30|73090,2025-07-30,73090,09:30,13:55,205,COMPLETE,5,0,UNCHANGED,0.0,AVAILABLE,50.0,True,DOWN_STRUCTURE,PROGRESSION,RANGE_COMPRESSION,IDENTIFIED,WINDOW_OBSERVED,0,0,2,True,0,2,True,INHERITED_RAW_PRICE_BASIS,True,False
2025-07-30|73090,2025-07-30,73090,09:30,14:00,210,COMPLETE,5,0,UP,0.030432136335970784,AVAILABLE,50.0,True,DOWN_STRUCTURE,PROGRESSION,RANGE_COMPRESSION|VOLUME_COMPRESSION|TRADING_VALUE_COMPRESSION,IDENTIFIED,WINDOW_OBSERVED,0,0,2,True,0,0,True,INHERITED_RAW_PRICE_BASIS,True,False
2025-07-30|73090,2025-07-30,73090,09:30,14:05,215,COMPLETE,5,0,UP,0.06084575600851841,AVAILABLE,50.0,True,DOWN_STRUCTURE,PROGRESSION,RANGE_EXPANSION,IDENTIFIED,WINDOW_OBSERVED,0,0,2,True,0,0,True,INHERITED_RAW_PRICE_BASIS,True,False
2025-07-30|73090,2025-07-30,73090,09:30,14:10,220,COMPLETE,5,0,DOWN,-0.09121313469139557,AVAILABLE,50.0,True,DOWN_STRUCTURE,PROGRESSION,VOLUME_EXPANSION|TRADING_VALUE_EXPANSION,IDENTIFIED,WINDOW_OBSERVED,0,0,2,True,0,0,True,INHERITED_RAW_PRICE_BASIS,True,False
2025-07-30|73090,2025-07-30,73090,09:30,14:15,225,COMPLETE,5,0,DOWN,-0.030432136335970784,AVAILABLE,50.0,True,DOWN_STRUCTURE,PROGRESSION,RANGE_COMPRESSION,IDENTIFIED,WINDOW_OBSERVED,0,0,2,True,0,2,True,INHERITED_RAW_PRICE_BASIS,True,False
2025-07-30|73090,2025-07-30,73090,09:30,14:20,230,COMPLETE,5,0,UP,0.030441400304414,AVAILABLE,50.0,True,DOWN_STRUCTURE,PROGRESSION,VOLUME_COMPRESSION|TRADING_VALUE_COMPRESSION,IDENTIFIED,WINDOW_OBSERVED,0,0,2,True,0,2,True,INHERITED_RAW_PRICE_BASIS,True,False
2025-07-30|73090,2025-07-30,73090,09:30,14:25,235,COMPLETE,5,0,UNCHANGED,0.0,AVAILABLE,50.0,True,DOWN_STRUCTURE,PROGRESSION,VOLUME_EXPANSION|TRADING_VALUE_EXPANSION,IDENTIFIED,WINDOW_OBSERVED,0,0,2,True,0,4,True,INHERITED_RAW_PRICE_BASIS,True,False
2025-07-30|73090,2025-07-30,73090,09:30,14:30,240,COMPLETE,5,0,UNCHANGED,0.0,AVAILABLE,50.0,True,DOWN_STRUCTURE,PROGRESSION,RANGE_EXPANSION|VOLUME_EXPANSION|TRADING_VALUE_EXPANSION,IDENTIFIED,OBSERVATION_INSUFFICIENT,1,0,2,True,0,0,True,INHERITED_RAW_PRICE_BASIS,True,False
2025-07-30|73090,2025-07-30,73090,09:30,14:35,245,COMPLETE,5,0,UNCHANGED,0.0,AVAILABLE,50.0,True,DOWN_STRUCTURE,PROGRESSION,RANGE_COMPRESSION,IDENTIFIED,OBSERVATION_INSUFFICIENT,1,0,2,True,0,0,True,INHERITED_RAW_PRICE_BASIS,True,False
2025-07-30|73090,2025-07-30,73090,09:30,14:40,250,PARTIAL,4,1,,,AVAILABLE,50.0,True,,,,UNRESOLVED_STRUCTURE,WINDOW_OBSERVED,0,0,0,False,0,0,False,INHERITED_RAW_PRICE_BASIS,False,False
2025-07-30|73090,2025-07-30,73090,09:30,14:45,255,COMPLETE,5,0,UNCHANGED,0.0,AVAILABLE,50.0,True,,,,UNRESOLVED_STRUCTURE,WINDOW_OBSERVED,0,0,0,False,0,1,False,INHERITED_RAW_PRICE_BASIS,False,False
2025-07-30|73090,2025-07-30,73090,09:30,14:50,260,COMPLETE,5,0,UP,0.030441400304414,AVAILABLE,50.0,True,,,VOLUME_COMPRESSION|TRADING_VALUE_COMPRESSION,UNRESOLVED_STRUCTURE,WINDOW_OBSERVED,0,0,0,False,0,2,False,INHERITED_RAW_PRICE_BASIS,True,False
2025-07-30|73090,2025-07-30,73090,09:30,14:55,265,COMPLETE,5,0,UNCHANGED,0.0,AVAILABLE,50.0,True,,,VOLUME_EXPANSION|TRADING_VALUE_EXPANSION,UNRESOLVED_STRUCTURE,WINDOW_OBSERVED,0,0,0,False,0,0,False,INHERITED_RAW_PRICE_BASIS,True,False
2025-07-30|73090,2025-07-30,73090,09:30,15:00,270,COMPLETE,5,0,UP,0.030441400304414,AVAILABLE,50.0,True,,,,UNRESOLVED_STRUCTURE,WINDOW_OBSERVED,0,0,0,False,0,2,False,INHERITED_RAW_PRICE_BASIS,True,False
2025-07-30|73090,2025-07-30,73090,09:30,15:05,275,COMPLETE,5,0,UNCHANGED,0.0,AVAILABLE,50.0,True,,,,UNRESOLVED_STRUCTURE,WINDOW_OBSERVED,0,0,0,False,0,1,False,INHERITED_RAW_PRICE_BASIS,True,False
2025-07-30|73090,2025-07-30,73090,09:30,15:10,280,COMPLETE,5,0,UP,0.030441400304414,AVAILABLE,50.0,True,RANGE_STRUCTURE,BALANCE,,IDENTIFIED,WINDOW_OBSERVED,0,0,0,True,0,2,True,INHERITED_RAW_PRICE_BASIS,True,True
2025-07-30|73090,2025-07-30,73090,09:30,15:15,285,COMPLETE,5,0,UP,0.030441400304414,AVAILABLE,50.0,True,RANGE_STRUCTURE,BALANCE,,IDENTIFIED,WINDOW_OBSERVED,0,0,0,True,0,3,True,INHERITED_RAW_PRICE_BASIS,True,False
2025-07-30|73090,2025-07-30,73090,09:30,15:20,290,COMPLETE,5,0,UNCHANGED,0.0,AVAILABLE,50.0,True,RANGE_STRUCTURE,BALANCE,VOLUME_EXPANSION|TRADING_VALUE_EXPANSION,IDENTIFIED,RIGHT_CENSORED,0,0,0,True,0,1,True,INHERITED_RAW_PRICE_BASIS,True,False
2025-07-30|73090,2025-07-30,73090,09:30,15:25,295,COMPLETE,5,0,UNCHANGED,0.0,AVAILABLE,50.0,True,RANGE_STRUCTURE,BALANCE,,IDENTIFIED,RIGHT_CENSORED,0,0,0,True,0,0,True,INHERITED_RAW_PRICE_BASIS,True,False
2025-07-30|73560,2025-07-30,73560,10:00,10:00,0,COMPLETE,5,0,DOWN,-0.78125,AVAILABLE,5.0,True,DOWN_STRUCTURE,PROGRESSION,RANGE_COMPRESSION|VOLUME_COMPRESSION|TRADING_VALUE_COMPRESSION,IDENTIFIED,OBSERVATION_INSUFFICIENT,2,0,8,False,0,0,True,INHERITED_RAW_PRICE_BASIS,False,False
2025-07-30|73560,2025-07-30,73560,10:00,10:05,5,PARTIAL,4,1,,,AVAILABLE,5.0,True,,,,UNRESOLVED_STRUCTURE,OBSERVATION_INSUFFICIENT,1,0,0,False,2,2,False,INHERITED_RAW_PRICE_BASIS,False,False
2025-07-30|73560,2025-07-30,73560,10:00,10:10,10,PARTIAL,4,1,,,AVAILABLE,5.0,True,,,,UNRESOLVED_STRUCTURE,WINDOW_OBSERVED,0,1,1,False,1,1,False,INHERITED_RAW_PRICE_BASIS,False,False
2025-07-30|73560,2025-07-30,73560,10:00,10:15,15,COMPLETE,5,0,UNCHANGED,0.0,AVAILABLE,5.0,True,,,CHOPPINESS,UNRESOLVED_STRUCTURE,WINDOW_OBSERVED,0,0,1,False,0,2,False,INHERITED_RAW_PRICE_BASIS,False,False
2025-07-30|73560,2025-07-30,73560,10:00,10:20,20,COMPLETE,5,0,DOWN,-0.4,AVAILABLE,5.0,True,,RECOVERY,RANGE_COMPRESSION,UNRESOLVED_STRUCTURE,WINDOW_OBSERVED,0,1,2,False,0,0,True,INHERITED_RAW_PRICE_BASIS,True,True
2025-07-30|73560,2025-07-30,73560,10:00,10:25,25,COMPLETE,5,0,UNCHANGED,0.0,AVAILABLE,5.0,True,,RECOVERY,CHOPPINESS|RANGE_EXPANSION,UNRESOLVED_STRUCTURE,WINDOW_OBSERVED,0,1,2,False,0,1,True,INHERITED_RAW_PRICE_BASIS,True,False
2025-07-30|73560,2025-07-30,73560,10:00,10:30,30,COMPLETE,5,0,UP,2.0,AVAILABLE,5.0,True,,,RANGE_EXPANSION,UNRESOLVED_STRUCTURE,WINDOW_OBSERVED,0,0,2,False,1,2,False,INHERITED_RAW_PRICE_BASIS,True,True
2025-07-30|73560,2025-07-30,73560,10:00,10:35,35,COMPLETE,5,0,DOWN,-0.39215686274509803,AVAILABLE,5.0,True,,,RANGE_COMPRESSION|VOLUME_EXPANSION|TRADING_VALUE_EXPANSION,UNRESOLVED_STRUCTURE,WINDOW_OBSERVED,0,1,3,False,0,0,False,INHERITED_RAW_PRICE_BASIS,True,False
2025-07-30|73560,2025-07-30,73560,10:00,10:40,40,COMPLETE,5,0,DOWN,-2.3715415019762847,AVAILABLE,5.0,True,,RESTRUCTURING,RANGE_EXPANSION,UNRESOLVED_STRUCTURE,WINDOW_OBSERVED,0,0,3,False,2,4,True,INHERITED_RAW_PRICE_BASIS,True,True
2025-07-30|73560,2025-07-30,73560,10:00,10:45,45,COMPLETE,5,0,DOWN,-1.214574898785425,AVAILABLE,5.0,True,,RESTRUCTURING,,UNRESOLVED_STRUCTURE,WINDOW_OBSERVED,0,0,3,False,1,1,True,INHERITED_RAW_PRICE_BASIS,True,False
2025-07-30|73560,2025-07-30,73560,10:00,10:50,50,COMPLETE,5,0,UP,0.819672131147541,AVAILABLE,5.0,True,,RESTRUCTURING,RANGE_COMPRESSION|VOLUME_COMPRESSION|TRADING_VALUE_COMPRESSION,UNRESOLVED_STRUCTURE,OBSERVATION_INSUFFICIENT,2,0,3,False,0,0,True,INHERITED_RAW_PRICE_BASIS,True,False
2025-07-30|73560,2025-07-30,73560,10:00,10:55,55,COMPLETE,5,0,DOWN,-1.2195121951219512,AVAILABLE,5.0,True,,RESTRUCTURING,RANGE_EXPANSION|VOLUME_EXPANSION|TRADING_VALUE_EXPANSION,UNRESOLVED_STRUCTURE,OBSERVATION_INSUFFICIENT,3,0,3,False,0,0,True,INHERITED_RAW_PRICE_BASIS,True,False
2025-07-30|73560,2025-07-30,73560,10:00,11:00,60,PARTIAL,3,2,,,AVAILABLE,5.0,True,,,,CURRENT_BAR_UNAVAILABLE,OBSERVATION_INSUFFICIENT,1,0,0,False,0,0,False,INHERITED_RAW_PRICE_BASIS,False,False
2025-07-30|73560,2025-07-30,73560,10:00,11:05,65,PARTIAL,4,1,,,AVAILABLE,5.0,True,,,,UNRESOLVED_STRUCTURE,WINDOW_OBSERVED,0,0,0,False,0,0,False,INHERITED_RAW_PRICE_BASIS,False,False
2025-07-30|73560,2025-07-30,73560,10:00,11:10,70,COMPLETE,5,0,DOWN,-2.4691358024691357,AVAILABLE,5.0,True,,,,UNRESOLVED_STRUCTURE,OBSERVATION_INSUFFICIENT,2,0,1,False,1,1,False,INHERITED_RAW_PRICE_BASIS,False,False
2025-07-30|73560,2025-07-30,73560,10:00,11:15,75,COMPLETE,5,0,UP,0.42016806722689076,AVAILABLE,5.0,True,,,RANGE_COMPRESSION|VOLUME_COMPRESSION|TRADING_VALUE_COMPRESSION,UNRESOLVED_STRUCTURE,OBSERVATION_INSUFFICIENT,4,0,1,False,0,2,False,INHERITED_RAW_PRICE_BASIS,True,False
2025-07-30|73560,2025-07-30,73560,10:00,11:20,80,PARTIAL,3,2,,,AVAILABLE,5.0,True,,,,UNRESOLVED_STRUCTURE,OBSERVATION_INSUFFICIENT,4,0,0,False,0,0,False,INHERITED_RAW_PRICE_BASIS,False,False
2025-07-30|73560,2025-07-30,73560,10:00,11:25,85,PARTIAL,3,2,,,AVAILABLE,5.0,True,,,,CURRENT_BAR_UNAVAILABLE,OBSERVATION_INSUFFICIENT,2,0,0,False,0,0,False,INHERITED_RAW_PRICE_BASIS,False,False
2025-07-30|73560,2025-07-30,73560,10:00,11:30,90,PARTIAL,3,2,,,AVAILABLE,5.0,True,,,,CURRENT_BAR_UNAVAILABLE,WINDOW_OBSERVED,0,0,0,False,0,0,False,INHERITED_RAW_PRICE_BASIS,False,False
2025-07-30|73560,2025-07-30,73560,10:00,12:35,95,COMPLETE,5,0,UP,0.4166666666666667,AVAILABLE,5.0,True,,,,UNRESOLVED_STRUCTURE,WINDOW_OBSERVED,0,1,1,False,0,0,False,INHERITED_RAW_PRICE_BASIS,False,False
2025-07-30|73560,2025-07-30,73560,10:00,12:40,100,COMPLETE,5,0,UNCHANGED,0.0,AVAILABLE,5.0,True,,,RANGE_COMPRESSION|VOLUME_COMPRESSION|TRADING_VALUE_COMPRESSION,UNRESOLVED_STRUCTURE,WINDOW_OBSERVED,0,1,1,False,0,0,False,INHERITED_RAW_PRICE_BASIS,True,False
2025-07-30|73560,2025-07-30,73560,10:00,12:45,105,COMPLETE,5,0,DOWN,-0.8333333333333334,AVAILABLE,5.0,True,,,RANGE_EXPANSION|VOLUME_EXPANSION|TRADING_VALUE_EXPANSION,UNRESOLVED_STRUCTURE,WINDOW_OBSERVED,0,0,1,False,0,0,False,INHERITED_RAW_PRICE_BASIS,True,False
2025-07-30|73560,2025-07-30,73560,10:00,12:50,110,COMPLETE,5,0,UP,0.42016806722689076,AVAILABLE,5.0,True,,,,UNRESOLVED_STRUCTURE,OBSERVATION_INSUFFICIENT,2,0,1,False,0,1,False,INHERITED_RAW_PRICE_BASIS,True,False
2025-07-30|73560,2025-07-30,73560,10:00,12:55,115,COMPLETE,5,0,UP,0.4166666666666667,AVAILABLE,5.0,True,,,CHOPPINESS,UNRESOLVED_STRUCTURE,OBSERVATION_INSUFFICIENT,4,0,1,False,0,0,False,INHERITED_RAW_PRICE_BASIS,True,False
2025-07-30|73560,2025-07-30,73560,10:00,13:00,120,PARTIAL,3,2,,,AVAILABLE,5.0,True,,,,CURRENT_BAR_UNAVAILABLE,OBSERVATION_INSUFFICIENT,3,0,0,False,0,0,False,INHERITED_RAW_PRICE_BASIS,False,False
2025-07-30|73560,2025-07-30,73560,10:00,13:05,125,PARTIAL,3,2,,,AVAILABLE,5.0,True,,,,CURRENT_BAR_UNAVAILABLE,OBSERVATION_INSUFFICIENT,1,0,0,False,0,0,False,INHERITED_RAW_PRICE_BASIS,False,False
2025-07-30|73560,2025-07-30,73560,10:00,13:10,130,PARTIAL,4,1,,,AVAILABLE,5.0,True,,,,CURRENT_BAR_UNAVAILABLE,OBSERVATION_INSUFFICIENT,1,0,0,False,0,0,False,INHERITED_RAW_PRICE_BASIS,False,False
2025-07-30|73560,2025-07-30,73560,10:00,13:15,135,COMPLETE,5,0,DOWN,-0.4166666666666667,AVAILABLE,5.0,True,,,CHOPPINESS,UNRESOLVED_STRUCTURE,OBSERVATION_INSUFFICIENT,1,0,0,False,0,0,False,INHERITED_RAW_PRICE_BASIS,False,False
2025-07-30|73560,2025-07-30,73560,10:00,13:20,140,PARTIAL,4,1,,,AVAILABLE,5.0,True,,,,UNRESOLVED_STRUCTURE,WINDOW_OBSERVED,0,1,1,False,0,0,False,INHERITED_RAW_PRICE_BASIS,False,False
2025-07-30|73560,2025-07-30,73560,10:00,13:25,145,COMPLETE,5,0,DOWN,-0.4219409282700422,AVAILABLE,5.0,True,,,,UNRESOLVED_STRUCTURE,OBSERVATION_INSUFFICIENT,2,0,1,False,1,1,False,INHERITED_RAW_PRICE_BASIS,False,False
2025-07-30|73560,2025-07-30,73560,10:00,13:30,150,COMPLETE,5,0,UNCHANGED,0.0,AVAILABLE,5.0,True,,,RANGE_COMPRESSION|VOLUME_COMPRESSION|TRADING_VALUE_COMPRESSION,UNRESOLVED_STRUCTURE,OBSERVATION_INSUFFICIENT,5,0,1,False,0,0,False,INHERITED_RAW_PRICE_BASIS,True,False
2025-07-30|73560,2025-07-30,73560,10:00,13:35,155,PARTIAL,3,2,,,AVAILABLE,5.0,True,,,,CURRENT_BAR_UNAVAILABLE,OBSERVATION_INSUFFICIENT,4,0,0,False,0,0,False,INHERITED_RAW_PRICE_BASIS,False,False
2025-07-30|73560,2025-07-30,73560,10:00,13:40,160,PARTIAL,2,3,,,AVAILABLE,5.0,True,,,,UNRESOLVED_STRUCTURE,OBSERVATION_INSUFFICIENT,3,0,0,False,0,0,False,INHERITED_RAW_PRICE_BASIS,False,False
2025-07-30|73560,2025-07-30,73560,10:00,13:45,165,PARTIAL,4,1,,,AVAILABLE,5.0,True,,,,CURRENT_BAR_UNAVAILABLE,OBSERVATION_INSUFFICIENT,3,0,0,False,0,0,False,INHERITED_RAW_PRICE_BASIS,False,False
2025-07-30|73560,2025-07-30,73560,10:00,13:50,170,PARTIAL,3,2,,,AVAILABLE,5.0,True,,,,UNRESOLVED_STRUCTURE,OBSERVATION_INSUFFICIENT,2,0,0,False,0,0,False,INHERITED_RAW_PRICE_BASIS,False,False
2025-07-30|73560,2025-07-30,73560,10:00,13:55,175,PARTIAL,4,1,,,AVAILABLE,5.0,True,,,,CURRENT_BAR_UNAVAILABLE,OBSERVATION_INSUFFICIENT,2,0,0,False,0,0,False,INHERITED_RAW_PRICE_BASIS,False,False
2025-07-30|73560,2025-07-30,73560,10:00,14:00,180,PARTIAL,4,1,,,AVAILABLE,5.0,True,,,,CURRENT_BAR_UNAVAILABLE,OBSERVATION_INSUFFICIENT,1,0,0,False,0,0,False,INHERITED_RAW_PRICE_BASIS,False,False
2025-07-30|73560,2025-07-30,73560,10:00,14:05,185,PARTIAL,4,1,,,AVAILABLE,5.0,True,,,,UNRESOLVED_STRUCTURE,WINDOW_OBSERVED,0,0,0,False,0,0,False,INHERITED_RAW_PRICE_BASIS,False,False
2025-07-30|73560,2025-07-30,73560,10:00,14:10,190,COMPLETE,5,0,DOWN,-0.411522633744856,AVAILABLE,5.0,True,,,,UNRESOLVED_STRUCTURE,OBSERVATION_INSUFFICIENT,1,0,0,False,0,0,False,INHERITED_RAW_PRICE_BASIS,False,False
2025-07-30|73560,2025-07-30,73560,10:00,14:15,195,COMPLETE,5,0,UP,0.4132231404958678,AVAILABLE,5.0,True,,,RANGE_EXPANSION,UNRESOLVED_STRUCTURE,OBSERVATION_INSUFFICIENT,2,0,0,False,0,0,False,INHERITED_RAW_PRICE_BASIS,True,False
2025-07-30|73560,2025-07-30,73560,10:00,14:20,200,PARTIAL,4,1,,,AVAILABLE,5.0,True,,,,CURRENT_BAR_UNAVAILABLE,OBSERVATION_INSUFFICIENT,2,0,0,False,0,0,False,INHERITED_RAW_PRICE_BASIS,False,False
2025-07-30|73560,2025-07-30,73560,10:00,14:25,205,PARTIAL,4,1,,,AVAILABLE,5.0,True,,,,UNRESOLVED_STRUCTURE,OBSERVATION_INSUFFICIENT,1,0,0,False,0,0,False,INHERITED_RAW_PRICE_BASIS,False,False
2025-07-30|73560,2025-07-30,73560,10:00,14:30,210,PARTIAL,4,1,,,AVAILABLE,5.0,True,,,,UNRESOLVED_STRUCTURE,OBSERVATION_INSUFFICIENT,1,1,1,False,0,0,False,INHERITED_RAW_PRICE_BASIS,False,False
2025-07-30|73560,2025-07-30,73560,10:00,14:35,215,COMPLETE,5,0,UP,0.8438818565400844,AVAILABLE,5.0,True,,,,UNRESOLVED_STRUCTURE,OBSERVATION_INSUFFICIENT,3,0,1,False,0,0,False,INHERITED_RAW_PRICE_BASIS,False,False
2025-07-30|73560,2025-07-30,73560,10:00,14:40,220,PARTIAL,4,1,,,AVAILABLE,5.0,True,,,,UNRESOLVED_STRUCTURE,OBSERVATION_INSUFFICIENT,3,0,0,False,0,0,False,INHERITED_RAW_PRICE_BASIS,False,False
2025-07-30|73560,2025-07-30,73560,10:00,14:45,225,PARTIAL,3,2,,,AVAILABLE,5.0,True,,,,UNRESOLVED_STRUCTURE,OBSERVATION_INSUFFICIENT,1,0,0,False,0,0,False,INHERITED_RAW_PRICE_BASIS,False,False
2025-07-30|73560,2025-07-30,73560,10:00,14:50,230,PARTIAL,4,1,,,AVAILABLE,5.0,True,,,,UNRESOLVED_STRUCTURE,WINDOW_OBSERVED,0,0,0,False,0,0,False,INHERITED_RAW_PRICE_BASIS,False,False
2025-07-30|73560,2025-07-30,73560,10:00,14:55,235,COMPLETE,5,0,UNCHANGED,0.0,AVAILABLE,5.0,True,,,,UNRESOLVED_STRUCTURE,WINDOW_OBSERVED,0,0,0,False,0,0,False,INHERITED_RAW_PRICE_BASIS,False,False
2025-07-30|73560,2025-07-30,73560,10:00,15:00,240,COMPLETE,5,0,UP,0.8368200836820083,AVAILABLE,5.0,True,,,,UNRESOLVED_STRUCTURE,OBSERVATION_INSUFFICIENT,2,0,0,False,0,0,False,INHERITED_RAW_PRICE_BASIS,True,False
2025-07-30|73560,2025-07-30,73560,10:00,15:05,245,COMPLETE,5,0,UP,0.41841004184100417,AVAILABLE,5.0,True,,,RANGE_EXPANSION|VOLUME_COMPRESSION|TRADING_VALUE_COMPRESSION,UNRESOLVED_STRUCTURE,OBSERVATION_INSUFFICIENT,3,0,0,False,0,0,False,INHERITED_RAW_PRICE_BASIS,True,False
2025-07-30|73560,2025-07-30,73560,10:00,15:10,250,PARTIAL,3,2,,,AVAILABLE,5.0,True,,,,UNRESOLVED_STRUCTURE,OBSERVATION_INSUFFICIENT,1,0,0,False,0,0,False,INHERITED_RAW_PRICE_BASIS,False,False
2025-07-30|73560,2025-07-30,73560,10:00,15:15,255,PARTIAL,4,1,,,AVAILABLE,5.0,True,,,,UNRESOLVED_STRUCTURE,OBSERVATION_INSUFFICIENT,1,0,0,False,0,0,False,INHERITED_RAW_PRICE_BASIS,False,False
2025-07-30|73560,2025-07-30,73560,10:00,15:20,260,COMPLETE,5,0,UNCHANGED,0.0,AVAILABLE,5.0,True,,,,UNRESOLVED_STRUCTURE,RIGHT_CENSORED,1,0,0,False,0,0,False,INHERITED_RAW_PRICE_BASIS,False,False
2025-07-30|73560,2025-07-30,73560,10:00,15:25,265,PARTIAL,4,1,,,AVAILABLE,5.0,True,,,,UNRESOLVED_STRUCTURE,RIGHT_CENSORED,0,0,0,False,0,0,False,INHERITED_RAW_PRICE_BASIS,False,False
2025-07-30|76000,2025-07-30,76000,13:00,13:00,0,PARTIAL,2,3,,,SCALE_INSUFFICIENT,,True,,,,SCALE_UNAVAILABLE,OBSERVATION_INSUFFICIENT,4,0,0,False,0,0,False,INHERITED_RAW_PRICE_BASIS,False,False
2025-07-30|76000,2025-07-30,76000,13:00,13:05,5,PARTIAL,3,2,,,SCALE_INSUFFICIENT,,True,,,,SCALE_UNAVAILABLE,OBSERVATION_INSUFFICIENT,2,0,0,False,0,0,False,INHERITED_RAW_PRICE_BASIS,False,False
2025-07-30|76000,2025-07-30,76000,13:00,13:10,10,PARTIAL,3,2,,,SCALE_INSUFFICIENT,,True,,,,SCALE_UNAVAILABLE,OBSERVATION_INSUFFICIENT,1,0,0,False,0,0,False,INHERITED_RAW_PRICE_BASIS,False,False
2025-07-30|76000,2025-07-30,76000,13:00,13:15,15,COMPLETE,5,0,UP,0.18867924528301888,SCALE_INSUFFICIENT,,True,,,,SCALE_UNAVAILABLE,OBSERVATION_INSUFFICIENT,2,0,0,False,0,0,False,INHERITED_RAW_PRICE_BASIS,False,False
2025-07-30|76000,2025-07-30,76000,13:00,13:20,20,PARTIAL,4,1,,,SCALE_INSUFFICIENT,,True,,,,SCALE_UNAVAILABLE,OBSERVATION_INSUFFICIENT,1,0,0,False,0,0,False,INHERITED_RAW_PRICE_BASIS,False,False
2025-07-30|76000,2025-07-30,76000,13:00,13:25,25,PARTIAL,4,1,,,SCALE_INSUFFICIENT,,True,,,,SCALE_UNAVAILABLE,OBSERVATION_INSUFFICIENT,1,0,0,False,0,0,False,INHERITED_RAW_PRICE_BASIS,False,False
2025-07-30|76000,2025-07-30,76000,13:00,13:30,30,COMPLETE,5,0,UNCHANGED,0.0,SCALE_INSUFFICIENT,,True,,,,SCALE_UNAVAILABLE,OBSERVATION_INSUFFICIENT,3,0,0,False,0,0,False,INHERITED_RAW_PRICE_BASIS,False,False
2025-07-30|76000,2025-07-30,76000,13:00,13:35,35,PARTIAL,4,1,,,SCALE_INSUFFICIENT,,True,,,,SCALE_UNAVAILABLE,OBSERVATION_INSUFFICIENT,4,0,0,False,0,0,False,INHERITED_RAW_PRICE_BASIS,False,False
2025-07-30|76000,2025-07-30,76000,13:00,13:40,40,PARTIAL,3,2,,,SCALE_INSUFFICIENT,,True,,,,CURRENT_BAR_UNAVAILABLE,OBSERVATION_INSUFFICIENT,2,0,0,False,0,0,False,INHERITED_RAW_PRICE_BASIS,False,False
2025-07-30|76000,2025-07-30,76000,13:00,13:45,45,PARTIAL,3,2,,,SCALE_INSUFFICIENT,,True,,,,CURRENT_BAR_UNAVAILABLE,WINDOW_OBSERVED,0,0,0,False,0,0,False,INHERITED_RAW_PRICE_BASIS,False,False
2025-07-30|76000,2025-07-30,76000,13:00,13:50,50,COMPLETE,5,0,UP,0.1893939393939394,SCALE_INSUFFICIENT,,True,,,,SCALE_UNAVAILABLE,OBSERVATION_INSUFFICIENT,2,0,0,False,0,0,False,INHERITED_RAW_PRICE_BASIS,False,False
2025-07-30|76000,2025-07-30,76000,13:00,13:55,55,COMPLETE,5,0,DOWN,-0.18867924528301888,SCALE_INSUFFICIENT,,True,,,VOLUME_COMPRESSION|TRADING_VALUE_COMPRESSION,SCALE_UNAVAILABLE,OBSERVATION_INSUFFICIENT,4,0,0,False,0,0,False,INHERITED_RAW_PRICE_BASIS,True,False
2025-07-30|76000,2025-07-30,76000,13:00,14:00,60,PARTIAL,3,2,,,SCALE_INSUFFICIENT,,True,,,,SCALE_UNAVAILABLE,OBSERVATION_INSUFFICIENT,3,0,0,False,0,0,False,INHERITED_RAW_PRICE_BASIS,False,False
2025-07-30|76000,2025-07-30,76000,13:00,14:05,65,PARTIAL,3,2,,,SCALE_INSUFFICIENT,,True,,,,SCALE_UNAVAILABLE,OBSERVATION_INSUFFICIENT,2,0,0,False,0,0,False,INHERITED_RAW_PRICE_BASIS,False,False
2025-07-30|76000,2025-07-30,76000,13:00,14:10,70,PARTIAL,4,1,,,SCALE_INSUFFICIENT,,True,,,,SCALE_UNAVAILABLE,OBSERVATION_INSUFFICIENT,2,0,0,False,0,0,False,INHERITED_RAW_PRICE_BASIS,False,False
2025-07-30|76000,2025-07-30,76000,13:00,14:15,75,PARTIAL,4,1,,,SCALE_INSUFFICIENT,,True,,,,SCALE_UNAVAILABLE,OBSERVATION_INSUFFICIENT,2,0,0,False,0,0,False,INHERITED_RAW_PRICE_BASIS,False,False
2025-07-30|76000,2025-07-30,76000,13:00,14:20,80,PARTIAL,4,1,,,SCALE_INSUFFICIENT,,True,,,,SCALE_UNAVAILABLE,OBSERVATION_INSUFFICIENT,4,0,0,False,0,0,False,INHERITED_RAW_PRICE_BASIS,False,False
2025-07-30|76000,2025-07-30,76000,13:00,14:25,85,PARTIAL,4,1,,,SCALE_INSUFFICIENT,,True,,,,SCALE_UNAVAILABLE,OBSERVATION_INSUFFICIENT,5,0,0,False,0,0,False,INHERITED_RAW_PRICE_BASIS,False,False
2025-07-30|76000,2025-07-30,76000,13:00,14:30,90,PARTIAL,2,3,,,SCALE_INSUFFICIENT,,True,,,,CURRENT_BAR_UNAVAILABLE,OBSERVATION_INSUFFICIENT,6,0,0,False,0,0,False,INHERITED_RAW_PRICE_BASIS,False,False
2025-07-30|76000,2025-07-30,76000,13:00,14:35,95,PARTIAL,3,2,,,SCALE_INSUFFICIENT,,True,,,,SCALE_UNAVAILABLE,OBSERVATION_INSUFFICIENT,7,0,0,False,0,0,False,INHERITED_RAW_PRICE_BASIS,False,False
2025-07-30|76000,2025-07-30,76000,13:00,14:40,100,PARTIAL,1,4,,,SCALE_INSUFFICIENT,,True,,,,CURRENT_BAR_UNAVAILABLE,OBSERVATION_INSUFFICIENT,5,0,0,False,0,0,False,INHERITED_RAW_PRICE_BASIS,False,False
2025-07-30|76000,2025-07-30,76000,13:00,14:45,105,PARTIAL,2,3,,,SCALE_INSUFFICIENT,,True,,,,CURRENT_BAR_UNAVAILABLE,OBSERVATION_INSUFFICIENT,3,0,0,False,0,0,False,INHERITED_RAW_PRICE_BASIS,False,False
2025-07-30|76000,2025-07-30,76000,13:00,14:50,110,PARTIAL,3,2,,,SCALE_INSUFFICIENT,,True,,,,SCALE_UNAVAILABLE,OBSERVATION_INSUFFICIENT,4,0,0,False,0,0,False,INHERITED_RAW_PRICE_BASIS,False,False
2025-07-30|76000,2025-07-30,76000,13:00,14:55,115,PARTIAL,4,1,,,SCALE_INSUFFICIENT,,True,,,,SCALE_UNAVAILABLE,OBSERVATION_INSUFFICIENT,5,0,0,False,0,0,False,INHERITED_RAW_PRICE_BASIS,False,False
2025-07-30|76000,2025-07-30,76000,13:00,15:00,120,PARTIAL,2,3,,,SCALE_INSUFFICIENT,,True,,,,CURRENT_BAR_UNAVAILABLE,OBSERVATION_INSUFFICIENT,3,0,0,False,0,0,False,INHERITED_RAW_PRICE_BASIS,False,False
2025-07-30|76000,2025-07-30,76000,13:00,15:05,125,PARTIAL,3,2,,,SCALE_INSUFFICIENT,,True,,,,SCALE_UNAVAILABLE,OBSERVATION_INSUFFICIENT,5,0,0,False,0,0,False,INHERITED_RAW_PRICE_BASIS,False,False
2025-07-30|76000,2025-07-30,76000,13:00,15:10,130,PARTIAL,4,1,,,SCALE_INSUFFICIENT,,True,,,,SCALE_UNAVAILABLE,OBSERVATION_INSUFFICIENT,8,0,0,False,0,0,False,INHERITED_RAW_PRICE_BASIS,False,False
2025-07-30|76000,2025-07-30,76000,13:00,15:15,135,PARTIAL,1,4,,,SCALE_INSUFFICIENT,,True,,,,CURRENT_BAR_UNAVAILABLE,OBSERVATION_INSUFFICIENT,4,0,0,False,0,0,False,INHERITED_RAW_PRICE_BASIS,False,False
2025-07-30|76000,2025-07-30,76000,13:00,15:20,140,PARTIAL,1,4,,,SCALE_INSUFFICIENT,,True,,,,SCALE_UNAVAILABLE,RIGHT_CENSORED,0,0,0,False,0,0,False,INHERITED_RAW_PRICE_BASIS,False,False
2025-07-30|76000,2025-07-30,76000,13:00,15:25,145,COMPLETE,5,0,UP,0.18761726078799248,SCALE_INSUFFICIENT,,True,,,,SCALE_UNAVAILABLE,RIGHT_CENSORED,0,0,0,False,0,0,False,INHERITED_RAW_PRICE_BASIS,False,False
2025-07-30|79460,2025-07-30,79460,13:00,13:00,0,PARTIAL,3,2,,,SCALE_INSUFFICIENT,,True,,,,CURRENT_BAR_UNAVAILABLE,OBSERVATION_INSUFFICIENT,1,0,0,False,0,0,False,INHERITED_RAW_PRICE_BASIS,False,False
2025-07-30|79460,2025-07-30,79460,13:00,13:05,5,COMPLETE,5,0,DOWN,-5.54675118858954,SCALE_INSUFFICIENT,,True,,,,SCALE_UNAVAILABLE,OBSERVATION_INSUFFICIENT,2,0,0,False,0,0,False,INHERITED_RAW_PRICE_BASIS,False,False
2025-07-30|79460,2025-07-30,79460,13:00,13:10,10,PARTIAL,4,1,,,SCALE_INSUFFICIENT,,True,,,,SCALE_UNAVAILABLE,OBSERVATION_INSUFFICIENT,1,0,0,False,1,2,False,INHERITED_RAW_PRICE_BASIS,False,False
2025-07-30|79460,2025-07-30,79460,13:00,13:15,15,PARTIAL,4,1,,,SCALE_INSUFFICIENT,,True,,,,SCALE_UNAVAILABLE,WINDOW_OBSERVED,0,0,0,False,0,0,False,INHERITED_RAW_PRICE_BASIS,False,False
2025-07-30|79460,2025-07-30,79460,13:00,13:20,20,COMPLETE,5,0,UP,1.3175675675675675,SCALE_INSUFFICIENT,,True,,,,SCALE_UNAVAILABLE,OBSERVATION_INSUFFICIENT,1,0,0,False,0,0,False,INHERITED_RAW_PRICE_BASIS,False,False
2025-07-30|79460,2025-07-30,79460,13:00,13:25,25,COMPLETE,5,0,UP,1.0,SCALE_INSUFFICIENT,,True,,,,SCALE_UNAVAILABLE,OBSERVATION_INSUFFICIENT,1,0,0,False,0,0,False,INHERITED_RAW_PRICE_BASIS,True,False
2025-07-30|79460,2025-07-30,79460,13:00,13:30,30,PARTIAL,4,1,,,SCALE_INSUFFICIENT,,True,,,,SCALE_UNAVAILABLE,WINDOW_OBSERVED,0,0,0,False,0,0,False,INHERITED_RAW_PRICE_BASIS,False,False
2025-07-30|79460,2025-07-30,79460,13:00,13:35,35,COMPLETE,5,0,DOWN,-1.6611295681063123,SCALE_INSUFFICIENT,,True,,,,SCALE_UNAVAILABLE,OBSERVATION_INSUFFICIENT,3,0,0,False,0,0,False,INHERITED_RAW_PRICE_BASIS,False,False
2025-07-30|79460,2025-07-30,79460,13:00,13:40,40,COMPLETE,5,0,UP,1.8237082066869301,SCALE_INSUFFICIENT,,True,,,VOLUME_COMPRESSION|TRADING_VALUE_COMPRESSION,SCALE_UNAVAILABLE,OBSERVATION_INSUFFICIENT,8,0,0,False,0,0,False,INHERITED_RAW_PRICE_BASIS,True,False
2025-07-30|79460,2025-07-30,79460,13:00,13:45,45,PARTIAL,2,3,,,SCALE_INSUFFICIENT,,True,,,,CURRENT_BAR_UNAVAILABLE,OBSERVATION_INSUFFICIENT,9,0,0,False,0,0,False,INHERITED_RAW_PRICE_BASIS,False,False
2025-07-30|79460,2025-07-30,79460,13:00,13:50,50,UNAVAILABLE,0,5,,,SCALE_INSUFFICIENT,,True,,,,CURRENT_BAR_UNAVAILABLE,OBSERVATION_INSUFFICIENT,7,0,0,False,0,0,False,INHERITED_RAW_PRICE_BASIS,False,False
2025-07-30|79460,2025-07-30,79460,13:00,13:55,55,PARTIAL,1,4,,,SCALE_INSUFFICIENT,,True,,,,CURRENT_BAR_UNAVAILABLE,OBSERVATION_INSUFFICIENT,6,0,0,False,0,0,False,INHERITED_RAW_PRICE_BASIS,False,False
2025-07-30|79460,2025-07-30,79460,13:00,14:00,60,PARTIAL,2,3,,,SCALE_INSUFFICIENT,,True,,,,SCALE_UNAVAILABLE,OBSERVATION_INSUFFICIENT,5,0,0,False,0,0,False,INHERITED_RAW_PRICE_BASIS,False,False
2025-07-30|79460,2025-07-30,79460,13:00,14:05,65,PARTIAL,2,3,,,SCALE_INSUFFICIENT,,True,,,,CURRENT_BAR_UNAVAILABLE,OBSERVATION_INSUFFICIENT,4,0,0,False,0,0,False,INHERITED_RAW_PRICE_BASIS,False,False
2025-07-30|79460,2025-07-30,79460,13:00,14:10,70,PARTIAL,3,2,,,SCALE_INSUFFICIENT,,True,,,,SCALE_UNAVAILABLE,OBSERVATION_INSUFFICIENT,4,0,0,False,0,0,False,INHERITED_RAW_PRICE_BASIS,False,False
2025-07-30|79460,2025-07-30,79460,13:00,14:15,75,PARTIAL,3,2,,,SCALE_INSUFFICIENT,,True,,,,SCALE_UNAVAILABLE,OBSERVATION_INSUFFICIENT,4,0,0,False,0,0,False,INHERITED_RAW_PRICE_BASIS,False,False
2025-07-30|79460,2025-07-30,79460,13:00,14:20,80,PARTIAL,3,2,,,SCALE_INSUFFICIENT,,True,,,,SCALE_UNAVAILABLE,OBSERVATION_INSUFFICIENT,6,0,0,False,0,0,False,INHERITED_RAW_PRICE_BASIS,False,False
2025-07-30|79460,2025-07-30,79460,13:00,14:25,85,PARTIAL,3,2,,,SCALE_INSUFFICIENT,,True,,,,CURRENT_BAR_UNAVAILABLE,OBSERVATION_INSUFFICIENT,8,0,0,False,0,0,False,INHERITED_RAW_PRICE_BASIS,False,False
2025-07-30|79460,2025-07-30,79460,13:00,14:30,90,PARTIAL,1,4,,,SCALE_INSUFFICIENT,,True,,,,CURRENT_BAR_UNAVAILABLE,OBSERVATION_INSUFFICIENT,6,0,0,False,0,0,False,INHERITED_RAW_PRICE_BASIS,False,False
2025-07-30|79460,2025-07-30,79460,13:00,14:35,95,PARTIAL,1,4,,,SCALE_INSUFFICIENT,,True,,,,CURRENT_BAR_UNAVAILABLE,OBSERVATION_INSUFFICIENT,3,0,0,False,0,0,False,INHERITED_RAW_PRICE_BASIS,False,False
2025-07-30|79460,2025-07-30,79460,13:00,14:40,100,PARTIAL,3,2,,,SCALE_INSUFFICIENT,,True,,,,SCALE_UNAVAILABLE,OBSERVATION_INSUFFICIENT,3,0,0,False,0,0,False,INHERITED_RAW_PRICE_BASIS,False,False
2025-07-30|79460,2025-07-30,79460,13:00,14:45,105,PARTIAL,4,1,,,SCALE_INSUFFICIENT,,True,,,,SCALE_UNAVAILABLE,OBSERVATION_INSUFFICIENT,5,0,0,False,0,0,False,INHERITED_RAW_PRICE_BASIS,False,False
2025-07-30|79460,2025-07-30,79460,13:00,14:50,110,PARTIAL,3,2,,,SCALE_INSUFFICIENT,,True,,,,SCALE_UNAVAILABLE,OBSERVATION_INSUFFICIENT,7,0,0,False,0,0,False,INHERITED_RAW_PRICE_BASIS,False,False
2025-07-30|79460,2025-07-30,79460,13:00,14:55,115,PARTIAL,2,3,,,SCALE_INSUFFICIENT,,True,,,,CURRENT_BAR_UNAVAILABLE,OBSERVATION_INSUFFICIENT,5,0,0,False,0,0,False,INHERITED_RAW_PRICE_BASIS,False,False
2025-07-30|79460,2025-07-30,79460,13:00,15:00,120,PARTIAL,1,4,,,SCALE_INSUFFICIENT,,True,,,,SCALE_UNAVAILABLE,OBSERVATION_INSUFFICIENT,1,0,0,False,0,0,False,INHERITED_RAW_PRICE_BASIS,False,False
2025-07-30|79460,2025-07-30,79460,13:00,15:05,125,PARTIAL,4,1,,,SCALE_INSUFFICIENT,,True,,,,SCALE_UNAVAILABLE,WINDOW_OBSERVED,0,0,0,False,0,0,False,INHERITED_RAW_PRICE_BASIS,False,False
2025-07-30|79460,2025-07-30,79460,13:00,15:10,130,COMPLETE,5,0,UP,0.4878048780487805,SCALE_INSUFFICIENT,,True,,,,SCALE_UNAVAILABLE,OBSERVATION_INSUFFICIENT,2,0,0,False,0,0,False,INHERITED_RAW_PRICE_BASIS,False,False
2025-07-30|79460,2025-07-30,79460,13:00,15:15,135,COMPLETE,5,0,DOWN,-2.26537216828479,SCALE_INSUFFICIENT,,True,,,RANGE_EXPANSION|VOLUME_EXPANSION|TRADING_VALUE_EXPANSION,SCALE_UNAVAILABLE,OBSERVATION_INSUFFICIENT,4,0,0,False,0,0,False,INHERITED_RAW_PRICE_BASIS,True,False
2025-07-30|79460,2025-07-30,79460,13:00,15:20,140,PARTIAL,3,2,,,SCALE_INSUFFICIENT,,True,,,,CURRENT_BAR_UNAVAILABLE,RIGHT_CENSORED,2,0,0,False,0,0,False,INHERITED_RAW_PRICE_BASIS,False,False
2025-07-30|79460,2025-07-30,79460,13:00,15:25,145,PARTIAL,3,2,,,SCALE_INSUFFICIENT,,True,,,,SCALE_UNAVAILABLE,RIGHT_CENSORED,0,0,0,False,0,0,False,INHERITED_RAW_PRICE_BASIS,False,False
2025-07-30|80810,2025-07-30,80810,15:00,15:00,0,COMPLETE,5,0,DOWN,-0.91792656587473,SCALE_INSUFFICIENT,,True,,,,SCALE_UNAVAILABLE,WINDOW_OBSERVED,0,0,0,False,0,0,False,INHERITED_RAW_PRICE_BASIS,False,False
2025-07-30|80810,2025-07-30,80810,15:00,15:05,5,COMPLETE,5,0,UP,0.32697547683923706,SCALE_INSUFFICIENT,,True,,,RANGE_COMPRESSION|VOLUME_COMPRESSION|TRADING_VALUE_COMPRESSION,SCALE_UNAVAILABLE,WINDOW_OBSERVED,0,0,0,False,0,0,False,INHERITED_RAW_PRICE_BASIS,True,False
2025-07-30|80810,2025-07-30,80810,15:00,15:10,10,COMPLETE,5,0,UP,0.5971769815418024,SCALE_INSUFFICIENT,,True,,,RANGE_EXPANSION,SCALE_UNAVAILABLE,WINDOW_OBSERVED,0,0,0,False,0,0,False,INHERITED_RAW_PRICE_BASIS,True,False
2025-07-30|80810,2025-07-30,80810,15:00,15:15,15,COMPLETE,5,0,UP,0.37817396002160997,SCALE_INSUFFICIENT,,True,,,,SCALE_UNAVAILABLE,WINDOW_OBSERVED,0,0,0,False,0,0,False,INHERITED_RAW_PRICE_BASIS,True,False
2025-07-30|80810,2025-07-30,80810,15:00,15:20,20,COMPLETE,5,0,UP,0.10764262648008611,SCALE_INSUFFICIENT,,True,,,RANGE_COMPRESSION|VOLUME_COMPRESSION|TRADING_VALUE_COMPRESSION,SCALE_UNAVAILABLE,RIGHT_CENSORED,0,0,0,False,0,0,False,INHERITED_RAW_PRICE_BASIS,True,False
2025-07-30|80810,2025-07-30,80810,15:00,15:25,25,COMPLETE,5,0,DOWN,-0.26881720430107525,SCALE_INSUFFICIENT,,True,,,RANGE_EXPANSION|VOLUME_EXPANSION|TRADING_VALUE_EXPANSION,SCALE_UNAVAILABLE,RIGHT_CENSORED,0,0,0,False,0,0,False,INHERITED_RAW_PRICE_BASIS,True,False
2025-07-30|86090,2025-07-30,86090,11:30,11:30,0,COMPLETE,5,0,DOWN,-0.14771048744460857,AVAILABLE,2.0,True,DOWN_STRUCTURE,CORRECTION|RECOVERY,CHOPPINESS|RANGE_COMPRESSION|VOLUME_COMPRESSION|TRADING_VALUE_COMPRESSION,IDENTIFIED,WINDOW_OBSERVED,0,0,7,False,0,1,True,INHERITED_RAW_PRICE_BASIS,False,False
2025-07-30|86090,2025-07-30,86090,11:30,12:35,5,COMPLETE,5,0,DOWN,-1.037037037037037,AVAILABLE,2.0,True,DOWN_STRUCTURE,PROGRESSION,,IDENTIFIED,WINDOW_OBSERVED,0,0,1,False,1,0,True,INHERITED_RAW_PRICE_BASIS,True,True
2025-07-30|86090,2025-07-30,86090,11:30,12:40,10,COMPLETE,5,0,DOWN,-0.29985007496251875,AVAILABLE,2.0,True,DOWN_STRUCTURE,,RANGE_COMPRESSION|VOLUME_COMPRESSION|TRADING_VALUE_COMPRESSION,IDENTIFIED,WINDOW_OBSERVED,0,1,3,False,1,1,True,INHERITED_RAW_PRICE_BASIS,True,True
2025-07-30|86090,2025-07-30,86090,11:30,12:45,15,COMPLETE,5,0,UNCHANGED,0.0,AVAILABLE,2.0,True,DOWN_STRUCTURE,CORRECTION,,IDENTIFIED,WINDOW_OBSERVED,0,0,4,False,0,2,True,INHERITED_RAW_PRICE_BASIS,True,True
2025-07-30|86090,2025-07-30,86090,11:30,12:50,20,COMPLETE,5,0,UP,0.15037593984962405,AVAILABLE,2.0,True,DOWN_STRUCTURE,PROGRESSION,RANGE_COMPRESSION,IDENTIFIED,WINDOW_OBSERVED,0,1,5,False,0,1,True,INHERITED_RAW_PRICE_BASIS,True,True
2025-07-30|86090,2025-07-30,86090,11:30,12:55,25,COMPLETE,5,0,DOWN,-0.29985007496251875,AVAILABLE,2.0,True,UP_STRUCTURE,,RANGE_EXPANSION,IDENTIFIED,WINDOW_OBSERVED,0,1,6,False,1,0,True,INHERITED_RAW_PRICE_BASIS,True,True
2025-07-30|86090,2025-07-30,86090,11:30,13:00,30,COMPLETE,5,0,DOWN,-0.14992503748125938,AVAILABLE,2.0,True,UP_STRUCTURE,CORRECTION,RANGE_COMPRESSION|VOLUME_COMPRESSION|TRADING_VALUE_COMPRESSION,IDENTIFIED,OBSERVATION_INSUFFICIENT,1,0,7,False,1,2,True,INHERITED_RAW_PRICE_BASIS,True,True
2025-07-30|86090,2025-07-30,86090,11:30,13:05,35,COMPLETE,5,0,DOWN,-0.14992503748125938,AVAILABLE,2.0,True,UP_STRUCTURE,CORRECTION,CHOPPINESS|RANGE_COMPRESSION|VOLUME_COMPRESSION|TRADING_VALUE_COMPRESSION,IDENTIFIED,OBSERVATION_INSUFFICIENT,1,0,7,False,0,0,True,INHERITED_RAW_PRICE_BASIS,True,False
2025-07-30|86090,2025-07-30,86090,11:30,13:10,40,PARTIAL,4,1,,,AVAILABLE,2.0,True,,,,CURRENT_BAR_UNAVAILABLE,OBSERVATION_INSUFFICIENT,1,0,0,False,0,1,False,INHERITED_RAW_PRICE_BASIS,False,False
2025-07-30|86090,2025-07-30,86090,11:30,13:15,45,COMPLETE,5,0,DOWN,-0.9022556390977443,AVAILABLE,2.0,True,,RECOVERY,,UNRESOLVED_STRUCTURE,OBSERVATION_INSUFFICIENT,2,0,3,False,1,1,True,INHERITED_RAW_PRICE_BASIS,False,False
2025-07-30|86090,2025-07-30,86090,11:30,13:20,50,PARTIAL,4,1,,,AVAILABLE,2.0,True,,,,UNRESOLVED_STRUCTURE,OBSERVATION_INSUFFICIENT,1,1,2,False,0,0,False,INHERITED_RAW_PRICE_BASIS,False,False
2025-07-30|86090,2025-07-30,86090,11:30,13:25,55,PARTIAL,4,1,,,AVAILABLE,2.0,True,,,,UNRESOLVED_STRUCTURE,WINDOW_OBSERVED,0,1,1,False,0,0,False,INHERITED_RAW_PRICE_BASIS,False,False
2025-07-30|86090,2025-07-30,86090,11:30,13:30,60,COMPLETE,5,0,UNCHANGED,0.0,AVAILABLE,2.0,True,,,,UNRESOLVED_STRUCTURE,OBSERVATION_INSUFFICIENT,1,0,1,False,0,0,False,INHERITED_RAW_PRICE_BASIS,False,False
2025-07-30|86090,2025-07-30,86090,11:30,13:35,65,COMPLETE,5,0,DOWN,-0.1519756838905775,AVAILABLE,2.0,True,,,CHOPPINESS|RANGE_COMPRESSION|VOLUME_COMPRESSION|TRADING_VALUE_COMPRESSION,UNRESOLVED_STRUCTURE,OBSERVATION_INSUFFICIENT,2,0,1,False,0,0,False,INHERITED_RAW_PRICE_BASIS,True,False
2025-07-30|86090,2025-07-30,86090,11:30,13:40,70,PARTIAL,4,1,,,AVAILABLE,2.0,True,,,,CURRENT_BAR_UNAVAILABLE,OBSERVATION_INSUFFICIENT,1,0,0,False,0,0,False,INHERITED_RAW_PRICE_BASIS,False,False
2025-07-30|86090,2025-07-30,86090,11:30,13:45,75,PARTIAL,4,1,,,AVAILABLE,2.0,True,,,,CURRENT_BAR_UNAVAILABLE,OBSERVATION_INSUFFICIENT,1,0,0,False,0,0,False,INHERITED_RAW_PRICE_BASIS,False,False
2025-07-30|86090,2025-07-30,86090,11:30,13:50,80,COMPLETE,5,0,UP,0.45662100456621,AVAILABLE,2.0,True,,,,UNRESOLVED_STRUCTURE,OBSERVATION_INSUFFICIENT,2,0,1,False,0,0,False,INHERITED_RAW_PRICE_BASIS,False,False
2025-07-30|86090,2025-07-30,86090,11:30,13:55,85,PARTIAL,4,1,,,AVAILABLE,2.0,True,,,,UNRESOLVED_STRUCTURE,OBSERVATION_INSUFFICIENT,1,0,0,False,0,0,False,INHERITED_RAW_PRICE_BASIS,False,False
2025-07-30|86090,2025-07-30,86090,11:30,14:00,90,PARTIAL,4,1,,,AVAILABLE,2.0,True,,,,UNRESOLVED_STRUCTURE,WINDOW_OBSERVED,0,1,1,False,0,0,False,INHERITED_RAW_PRICE_BASIS,False,False
2025-07-30|86090,2025-07-30,86090,11:30,14:05,95,COMPLETE,5,0,UP,0.15174506828528073,AVAILABLE,2.0,True,,,,UNRESOLVED_STRUCTURE,WINDOW_OBSERVED,0,1,3,False,0,0,False,INHERITED_RAW_PRICE_BASIS,False,False
2025-07-30|86090,2025-07-30,86090,11:30,14:10,100,COMPLETE,5,0,UNCHANGED,0.0,AVAILABLE,2.0,True,,,RANGE_COMPRESSION|VOLUME_COMPRESSION|TRADING_VALUE_COMPRESSION,UNRESOLVED_STRUCTURE,WINDOW_OBSERVED,0,1,3,False,0,1,False,INHERITED_RAW_PRICE_BASIS,True,False
2025-07-30|86090,2025-07-30,86090,11:30,14:15,105,COMPLETE,5,0,DOWN,-0.9104704097116844,AVAILABLE,2.0,True,,,RANGE_EXPANSION|VOLUME_EXPANSION|TRADING_VALUE_EXPANSION,UNRESOLVED_STRUCTURE,WINDOW_OBSERVED,0,1,4,False,1,3,False,INHERITED_RAW_PRICE_BASIS,True,False
2025-07-30|86090,2025-07-30,86090,11:30,14:20,110,COMPLETE,5,0,UNCHANGED,0.0,AVAILABLE,2.0,True,DOWN_STRUCTURE,CORRECTION|RECOVERY,CHOPPINESS|RANGE_COMPRESSION|VOLUME_COMPRESSION|TRADING_VALUE_COMPRESSION,IDENTIFIED,WINDOW_OBSERVED,0,1,6,False,0,2,True,INHERITED_RAW_PRICE_BASIS,True,True
2025-07-30|86090,2025-07-30,86090,11:30,14:25,115,COMPLETE,5,0,UNCHANGED,0.0,AVAILABLE,2.0,True,UP_STRUCTURE,,VOLUME_COMPRESSION|TRADING_VALUE_COMPRESSION,IDENTIFIED,OBSERVATION_INSUFFICIENT,1,1,8,False,0,3,True,INHERITED_RAW_PRICE_BASIS,True,True
2025-07-30|86090,2025-07-30,86090,11:30,14:30,120,COMPLETE,5,0,UP,0.3058103975535168,AVAILABLE,2.0,True,UP_STRUCTURE,PROGRESSION,RANGE_COMPRESSION,IDENTIFIED,OBSERVATION_INSUFFICIENT,5,0,8,False,0,0,True,INHERITED_RAW_PRICE_BASIS,True,True
2025-07-30|86090,2025-07-30,86090,11:30,14:35,125,PARTIAL,4,1,,,AVAILABLE,2.0,True,,,,UNRESOLVED_STRUCTURE,OBSERVATION_INSUFFICIENT,4,0,0,False,0,2,False,INHERITED_RAW_PRICE_BASIS,False,False
2025-07-30|86090,2025-07-30,86090,11:30,14:40,130,PARTIAL,1,4,,,AVAILABLE,2.0,True,,,,CURRENT_BAR_UNAVAILABLE,OBSERVATION_INSUFFICIENT,1,0,0,False,0,0,False,INHERITED_RAW_PRICE_BASIS,False,False
2025-07-30|86090,2025-07-30,86090,11:30,14:45,135,COMPLETE,5,0,DOWN,-0.1519756838905775,AVAILABLE,2.0,True,,,,UNRESOLVED_STRUCTURE,OBSERVATION_INSUFFICIENT,2,0,0,False,0,0,False,INHERITED_RAW_PRICE_BASIS,False,False
2025-07-30|86090,2025-07-30,86090,11:30,14:50,140,PARTIAL,4,1,,,AVAILABLE,2.0,True,,,,UNRESOLVED_STRUCTURE,OBSERVATION_INSUFFICIENT,3,0,0,False,0,0,False,INHERITED_RAW_PRICE_BASIS,False,False
2025-07-30|86090,2025-07-30,86090,11:30,14:55,145,PARTIAL,4,1,,,AVAILABLE,2.0,True,,,,CURRENT_BAR_UNAVAILABLE,OBSERVATION_INSUFFICIENT,2,0,0,False,0,0,False,INHERITED_RAW_PRICE_BASIS,False,False
2025-07-30|86090,2025-07-30,86090,11:30,15:00,150,PARTIAL,3,2,,,AVAILABLE,2.0,True,,,,CURRENT_BAR_UNAVAILABLE,WINDOW_OBSERVED,0,0,0,False,0,0,False,INHERITED_RAW_PRICE_BASIS,False,False
2025-07-30|86090,2025-07-30,86090,11:30,15:05,155,COMPLETE,5,0,DOWN,-0.7621951219512195,AVAILABLE,2.0,True,,,,UNRESOLVED_STRUCTURE,OBSERVATION_INSUFFICIENT,1,0,1,False,0,1,False,INHERITED_RAW_PRICE_BASIS,False,False
2025-07-30|86090,2025-07-30,86090,11:30,15:10,160,COMPLETE,5,0,DOWN,-0.15337423312883436,AVAILABLE,2.0,True,,,RANGE_COMPRESSION,UNRESOLVED_STRUCTURE,OBSERVATION_INSUFFICIENT,1,0,1,False,0,1,False,INHERITED_RAW_PRICE_BASIS,True,False
2025-07-30|86090,2025-07-30,86090,11:30,15:15,165,PARTIAL,4,1,,,AVAILABLE,2.0,True,,,,UNRESOLVED_STRUCTURE,WINDOW_OBSERVED,0,1,1,False,0,0,False,INHERITED_RAW_PRICE_BASIS,False,False
2025-07-30|86090,2025-07-30,86090,11:30,15:20,170,COMPLETE,5,0,UNCHANGED,0.0,AVAILABLE,2.0,True,,,,UNRESOLVED_STRUCTURE,RIGHT_CENSORED,0,0,1,False,0,1,False,INHERITED_RAW_PRICE_BASIS,False,False
2025-07-30|86090,2025-07-30,86090,11:30,15:25,175,COMPLETE,5,0,DOWN,-0.30721966205837176,AVAILABLE,2.0,True,,,RANGE_EXPANSION|VOLUME_EXPANSION|TRADING_VALUE_EXPANSION,UNRESOLVED_STRUCTURE,RIGHT_CENSORED,0,0,1,False,2,2,False,INHERITED_RAW_PRICE_BASIS,True,False
2025-07-30|87460,2025-07-30,87460,14:00,14:00,0,COMPLETE,5,0,DOWN,-0.6237006237006237,AVAILABLE,6.0,True,DOWN_STRUCTURE,PROGRESSION,CHOPPINESS,IDENTIFIED,WINDOW_OBSERVED,0,0,12,False,0,0,True,INHERITED_RAW_PRICE_BASIS,False,False
2025-07-30|87460,2025-07-30,87460,14:00,14:05,5,COMPLETE,5,0,UNCHANGED,0.0,AVAILABLE,6.0,True,DOWN_STRUCTURE,CORRECTION|RECOVERY,CHOPPINESS,IDENTIFIED,WINDOW_OBSERVED,0,1,13,False,0,0,True,INHERITED_RAW_PRICE_BASIS,True,True
2025-07-30|87460,2025-07-30,87460,14:00,14:10,10,COMPLETE,5,0,UP,0.8385744234800838,AVAILABLE,6.0,True,DOWN_STRUCTURE,,CHOPPINESS,IDENTIFIED,WINDOW_OBSERVED,0,1,14,False,0,0,True,INHERITED_RAW_PRICE_BASIS,True,True
2025-07-30|87460,2025-07-30,87460,14:00,14:15,15,COMPLETE,5,0,DOWN,-0.4158004158004158,AVAILABLE,6.0,True,DOWN_STRUCTURE,PROGRESSION,,IDENTIFIED,WINDOW_OBSERVED,0,1,14,False,0,0,True,INHERITED_RAW_PRICE_BASIS,True,True
2025-07-30|87460,2025-07-30,87460,14:00,14:20,20,COMPLETE,5,0,DOWN,-1.0438413361169103,AVAILABLE,6.0,True,DOWN_STRUCTURE,CORRECTION|RECOVERY,CHOPPINESS|RANGE_EXPANSION|VOLUME_EXPANSION|TRADING_VALUE_EXPANSION,IDENTIFIED,WINDOW_OBSERVED,0,0,15,False,2,2,True,INHERITED_RAW_PRICE_BASIS,True,True
2025-07-30|87460,2025-07-30,87460,14:00,14:25,25,COMPLETE,5,0,UNCHANGED,0.0,AVAILABLE,6.0,True,DOWN_STRUCTURE,PROGRESSION,CHOPPINESS|RANGE_COMPRESSION|VOLUME_COMPRESSION|TRADING_VALUE_COMPRESSION,IDENTIFIED,WINDOW_OBSERVED,0,1,16,False,0,0,True,INHERITED_RAW_PRICE_BASIS,True,True
2025-07-30|87460,2025-07-30,87460,14:00,14:30,30,COMPLETE,5,0,DOWN,-0.4219409282700422,AVAILABLE,6.0,True,DOWN_STRUCTURE,CORRECTION|RECOVERY,CHOPPINESS|VOLUME_COMPRESSION|TRADING_VALUE_COMPRESSION,IDENTIFIED,WINDOW_OBSERVED,0,1,17,False,0,0,True,INHERITED_RAW_PRICE_BASIS,True,True
2025-07-30|87460,2025-07-30,87460,14:00,14:35,35,COMPLETE,5,0,UP,0.6329113924050633,AVAILABLE,6.0,True,DOWN_STRUCTURE,CORRECTION,VOLUME_EXPANSION|TRADING_VALUE_EXPANSION,IDENTIFIED,WINDOW_OBSERVED,0,0,17,False,1,0,True,INHERITED_RAW_PRICE_BASIS,True,True
2025-07-30|87460,2025-07-30,87460,14:00,14:40,40,COMPLETE,5,0,UNCHANGED,0.0,AVAILABLE,6.0,True,,RESTRUCTURING,RANGE_COMPRESSION|VOLUME_COMPRESSION|TRADING_VALUE_COMPRESSION,UNRESOLVED_STRUCTURE,WINDOW_OBSERVED,0,0,17,False,2,2,True,INHERITED_RAW_PRICE_BASIS,True,True
2025-07-30|87460,2025-07-30,87460,14:00,14:45,45,COMPLETE,5,0,UP,0.6276150627615062,AVAILABLE,6.0,True,UP_STRUCTURE,CORRECTION,RANGE_EXPANSION|VOLUME_EXPANSION|TRADING_VALUE_EXPANSION,IDENTIFIED,WINDOW_OBSERVED,0,1,18,False,0,1,True,INHERITED_RAW_PRICE_BASIS,True,True
2025-07-30|87460,2025-07-30,87460,14:00,14:50,50,COMPLETE,5,0,DOWN,-0.4158004158004158,AVAILABLE,6.0,True,UP_STRUCTURE,CORRECTION,VOLUME_COMPRESSION|TRADING_VALUE_COMPRESSION,IDENTIFIED,WINDOW_OBSERVED,0,0,18,False,1,1,True,INHERITED_RAW_PRICE_BASIS,True,False
2025-07-30|87460,2025-07-30,87460,14:00,14:55,55,COMPLETE,5,0,DOWN,-0.20833333333333334,AVAILABLE,6.0,True,UP_STRUCTURE,RECOVERY,RANGE_COMPRESSION|VOLUME_COMPRESSION|TRADING_VALUE_COMPRESSION,IDENTIFIED,WINDOW_OBSERVED,0,1,19,False,0,0,True,INHERITED_RAW_PRICE_BASIS,True,True
2025-07-30|87460,2025-07-30,87460,14:00,15:00,60,COMPLETE,5,0,UP,0.20876826722338204,AVAILABLE,6.0,True,UP_STRUCTURE,RECOVERY,CHOPPINESS,IDENTIFIED,WINDOW_OBSERVED,0,1,19,False,0,0,True,INHERITED_RAW_PRICE_BASIS,True,False
2025-07-30|87460,2025-07-30,87460,14:00,15:05,65,COMPLETE,5,0,UP,0.625,AVAILABLE,6.0,True,UP_STRUCTURE,CORRECTION,RANGE_EXPANSION,IDENTIFIED,WINDOW_OBSERVED,0,1,20,False,1,1,True,INHERITED_RAW_PRICE_BASIS,True,True
2025-07-30|87460,2025-07-30,87460,14:00,15:10,70,COMPLETE,5,0,DOWN,-2.904564315352697,AVAILABLE,6.0,True,,RESTRUCTURING|RECOVERY,RANGE_EXPANSION|VOLUME_EXPANSION|TRADING_VALUE_EXPANSION,UNRESOLVED_STRUCTURE,WINDOW_OBSERVED,0,1,21,False,4,3,True,INHERITED_RAW_PRICE_BASIS,True,True
2025-07-30|87460,2025-07-30,87460,14:00,15:15,75,COMPLETE,5,0,UNCHANGED,0.0,AVAILABLE,6.0,True,DOWN_STRUCTURE,PROGRESSION,RANGE_COMPRESSION|VOLUME_COMPRESSION|TRADING_VALUE_COMPRESSION,IDENTIFIED,WINDOW_OBSERVED,0,0,22,False,0,0,True,INHERITED_RAW_PRICE_BASIS,True,True
2025-07-30|87460,2025-07-30,87460,14:00,15:20,80,COMPLETE,5,0,UP,0.4282655246252677,AVAILABLE,6.0,True,DOWN_STRUCTURE,CORRECTION|RECOVERY,,IDENTIFIED,RIGHT_CENSORED,0,0,23,False,3,2,True,INHERITED_RAW_PRICE_BASIS,True,True
2025-07-30|87460,2025-07-30,87460,14:00,15:25,85,COMPLETE,5,0,DOWN,-0.42735042735042733,AVAILABLE,6.0,True,DOWN_STRUCTURE,CORRECTION|RECOVERY,CHOPPINESS,IDENTIFIED,RIGHT_CENSORED,0,0,23,False,0,0,True,INHERITED_RAW_PRICE_BASIS,True,False
2025-07-30|89140,2025-07-30,89140,14:00,14:00,0,PARTIAL,3,2,,,SCALE_INSUFFICIENT,,True,,,,CURRENT_BAR_UNAVAILABLE,OBSERVATION_INSUFFICIENT,4,0,0,False,0,0,False,INHERITED_RAW_PRICE_BASIS,False,False
2025-07-30|89140,2025-07-30,89140,14:00,14:05,5,PARTIAL,4,1,,,SCALE_INSUFFICIENT,,True,,,,SCALE_UNAVAILABLE,OBSERVATION_INSUFFICIENT,6,0,0,False,0,0,False,INHERITED_RAW_PRICE_BASIS,False,False
2025-07-30|89140,2025-07-30,89140,14:00,14:10,10,PARTIAL,2,3,,,SCALE_INSUFFICIENT,,True,,,,CURRENT_BAR_UNAVAILABLE,OBSERVATION_INSUFFICIENT,4,0,0,False,0,0,False,INHERITED_RAW_PRICE_BASIS,False,False
2025-07-30|89140,2025-07-30,89140,14:00,14:15,15,PARTIAL,2,3,,,SCALE_INSUFFICIENT,,True,,,,SCALE_UNAVAILABLE,OBSERVATION_INSUFFICIENT,3,0,0,False,0,0,False,INHERITED_RAW_PRICE_BASIS,False,False
2025-07-30|89140,2025-07-30,89140,14:00,14:20,20,PARTIAL,4,1,,,SCALE_INSUFFICIENT,,True,,,,SCALE_UNAVAILABLE,OBSERVATION_INSUFFICIENT,4,0,0,False,0,1,False,INHERITED_RAW_PRICE_BASIS,False,False
2025-07-30|89140,2025-07-30,89140,14:00,14:25,25,PARTIAL,3,2,,,SCALE_INSUFFICIENT,,True,,,,SCALE_UNAVAILABLE,OBSERVATION_INSUFFICIENT,4,0,0,False,0,0,False,INHERITED_RAW_PRICE_BASIS,False,False
2025-07-30|89140,2025-07-30,89140,14:00,14:30,30,PARTIAL,3,2,,,SCALE_INSUFFICIENT,,True,,,,SCALE_UNAVAILABLE,OBSERVATION_INSUFFICIENT,4,0,0,False,0,0,False,INHERITED_RAW_PRICE_BASIS,False,False
2025-07-30|89140,2025-07-30,89140,14:00,14:35,35,PARTIAL,3,2,,,SCALE_INSUFFICIENT,,True,,,,CURRENT_BAR_UNAVAILABLE,OBSERVATION_INSUFFICIENT,4,0,0,False,0,0,False,INHERITED_RAW_PRICE_BASIS,False,False
2025-07-30|89140,2025-07-30,89140,14:00,14:40,40,PARTIAL,3,2,,,SCALE_INSUFFICIENT,,True,,,,CURRENT_BAR_UNAVAILABLE,OBSERVATION_INSUFFICIENT,2,0,0,False,0,0,False,INHERITED_RAW_PRICE_BASIS,False,False
2025-07-30|89140,2025-07-30,89140,14:00,14:45,45,PARTIAL,3,2,,,SCALE_INSUFFICIENT,,True,,,,CURRENT_BAR_UNAVAILABLE,OBSERVATION_INSUFFICIENT,1,0,0,False,0,0,False,INHERITED_RAW_PRICE_BASIS,False,False
2025-07-30|89140,2025-07-30,89140,14:00,14:50,50,COMPLETE,5,0,DOWN,-0.8254230293025175,SCALE_INSUFFICIENT,,True,,,,SCALE_UNAVAILABLE,OBSERVATION_INSUFFICIENT,2,0,0,False,0,0,False,INHERITED_RAW_PRICE_BASIS,False,False
2025-07-30|89140,2025-07-30,89140,14:00,14:55,55,PARTIAL,4,1,,,SCALE_INSUFFICIENT,,True,,,,SCALE_UNAVAILABLE,OBSERVATION_INSUFFICIENT,4,0,0,False,0,0,False,INHERITED_RAW_PRICE_BASIS,False,False
2025-07-30|89140,2025-07-30,89140,14:00,15:00,60,PARTIAL,4,1,,,SCALE_INSUFFICIENT,,True,,,,SCALE_UNAVAILABLE,OBSERVATION_INSUFFICIENT,4,0,0,False,1,0,False,INHERITED_RAW_PRICE_BASIS,False,False
2025-07-30|89140,2025-07-30,89140,14:00,15:05,65,PARTIAL,2,3,,,SCALE_INSUFFICIENT,,True,,,,CURRENT_BAR_UNAVAILABLE,OBSERVATION_INSUFFICIENT,3,0,0,False,2,0,False,INHERITED_RAW_PRICE_BASIS,False,False
2025-07-30|89140,2025-07-30,89140,14:00,15:10,70,PARTIAL,4,1,,,SCALE_INSUFFICIENT,,True,,,,CURRENT_BAR_UNAVAILABLE,OBSERVATION_INSUFFICIENT,3,0,0,False,0,0,False,INHERITED_RAW_PRICE_BASIS,False,False
2025-07-30|89140,2025-07-30,89140,14:00,15:15,75,PARTIAL,3,2,,,SCALE_INSUFFICIENT,,True,,,,CURRENT_BAR_UNAVAILABLE,OBSERVATION_INSUFFICIENT,1,0,0,False,0,0,False,INHERITED_RAW_PRICE_BASIS,False,False
2025-07-30|89140,2025-07-30,89140,14:00,15:20,80,PARTIAL,4,1,,,SCALE_INSUFFICIENT,,True,,,,CURRENT_BAR_UNAVAILABLE,RIGHT_CENSORED,0,0,0,False,0,0,False,INHERITED_RAW_PRICE_BASIS,False,False
2025-07-30|89140,2025-07-30,89140,14:00,15:25,85,COMPLETE,5,0,DOWN,-0.04086636697997548,SCALE_INSUFFICIENT,,True,,,,SCALE_UNAVAILABLE,RIGHT_CENSORED,0,0,0,False,0,0,False,INHERITED_RAW_PRICE_BASIS,False,False
2025-07-30|92290,2025-07-30,92290,09:30,09:30,0,COMPLETE,5,0,UP,0.2570694087403599,AVAILABLE,4.0,True,,RESTRUCTURING|RECOVERY,,UNRESOLVED_STRUCTURE,WINDOW_OBSERVED,0,1,10,False,1,1,True,INHERITED_RAW_PRICE_BASIS,False,False
2025-07-30|92290,2025-07-30,92290,09:30,09:35,5,COMPLETE,5,0,UP,0.38412291933418696,AVAILABLE,4.0,True,,RESTRUCTURING,VOLUME_COMPRESSION|TRADING_VALUE_COMPRESSION,UNRESOLVED_STRUCTURE,OBSERVATION_INSUFFICIENT,1,0,10,False,0,1,True,INHERITED_RAW_PRICE_BASIS,True,True
2025-07-30|92290,2025-07-30,92290,09:30,09:40,10,COMPLETE,5,0,DOWN,-0.25510204081632654,AVAILABLE,4.0,True,RANGE_STRUCTURE,BALANCE,,IDENTIFIED,OBSERVATION_INSUFFICIENT,2,0,10,True,0,0,True,INHERITED_RAW_PRICE_BASIS,True,True
2025-07-30|92290,2025-07-30,92290,09:30,09:45,15,PARTIAL,4,1,,,AVAILABLE,4.0,True,,,,CURRENT_BAR_UNAVAILABLE,OBSERVATION_INSUFFICIENT,3,0,0,False,0,2,False,INHERITED_RAW_PRICE_BASIS,False,False
2025-07-30|92290,2025-07-30,92290,09:30,09:50,20,PARTIAL,4,1,,,AVAILABLE,4.0,True,,,,UNRESOLVED_STRUCTURE,OBSERVATION_INSUFFICIENT,3,0,0,False,0,0,False,INHERITED_RAW_PRICE_BASIS,False,False
2025-07-30|92290,2025-07-30,92290,09:30,09:55,25,PARTIAL,3,2,,,AVAILABLE,4.0,True,,,,CURRENT_BAR_UNAVAILABLE,OBSERVATION_INSUFFICIENT,1,0,0,False,0,0,False,INHERITED_RAW_PRICE_BASIS,False,False
2025-07-30|92290,2025-07-30,92290,09:30,10:00,30,PARTIAL,4,1,,,AVAILABLE,4.0,True,,,,UNRESOLVED_STRUCTURE,OBSERVATION_INSUFFICIENT,1,0,0,False,0,0,False,INHERITED_RAW_PRICE_BASIS,False,False
2025-07-30|92290,2025-07-30,92290,09:30,10:05,35,COMPLETE,5,0,UNCHANGED,0.0,AVAILABLE,4.0,True,,,CHOPPINESS,UNRESOLVED_STRUCTURE,OBSERVATION_INSUFFICIENT,1,0,0,False,0,0,False,INHERITED_RAW_PRICE_BASIS,False,False
2025-07-30|92290,2025-07-30,92290,09:30,10:10,40,PARTIAL,4,1,,,AVAILABLE,4.0,True,,,,UNRESOLVED_STRUCTURE,OBSERVATION_INSUFFICIENT,2,0,0,False,0,0,False,INHERITED_RAW_PRICE_BASIS,False,False
2025-07-30|92290,2025-07-30,92290,09:30,10:15,45,COMPLETE,5,0,UP,0.1278772378516624,AVAILABLE,4.0,True,,,CHOPPINESS,UNRESOLVED_STRUCTURE,OBSERVATION_INSUFFICIENT,3,0,0,False,0,0,False,INHERITED_RAW_PRICE_BASIS,False,False
2025-07-30|92290,2025-07-30,92290,09:30,10:20,50,PARTIAL,3,2,,,AVAILABLE,4.0,True,,,,CURRENT_BAR_UNAVAILABLE,OBSERVATION_INSUFFICIENT,3,0,0,False,0,0,False,INHERITED_RAW_PRICE_BASIS,False,False
2025-07-30|92290,2025-07-30,92290,09:30,10:25,55,PARTIAL,4,1,,,AVAILABLE,4.0,True,,,,UNRESOLVED_STRUCTURE,OBSERVATION_INSUFFICIENT,5,0,0,False,0,0,False,INHERITED_RAW_PRICE_BASIS,False,False
2025-07-30|92290,2025-07-30,92290,09:30,10:30,60,PARTIAL,3,2,,,AVAILABLE,4.0,True,,,,UNRESOLVED_STRUCTURE,OBSERVATION_INSUFFICIENT,5,0,0,False,0,0,False,INHERITED_RAW_PRICE_BASIS,False,False
2025-07-30|92290,2025-07-30,92290,09:30,10:35,65,PARTIAL,2,3,,,AVAILABLE,4.0,True,,,,UNRESOLVED_STRUCTURE,OBSERVATION_INSUFFICIENT,3,0,0,False,0,0,False,INHERITED_RAW_PRICE_BASIS,False,False
2025-07-30|92290,2025-07-30,92290,09:30,10:40,70,PARTIAL,3,2,,,AVAILABLE,4.0,True,,,,UNRESOLVED_STRUCTURE,OBSERVATION_INSUFFICIENT,4,0,0,False,0,0,False,INHERITED_RAW_PRICE_BASIS,False,False
2025-07-30|92290,2025-07-30,92290,09:30,10:45,75,PARTIAL,4,1,,,AVAILABLE,4.0,True,,,,UNRESOLVED_STRUCTURE,OBSERVATION_INSUFFICIENT,6,0,0,False,0,0,False,INHERITED_RAW_PRICE_BASIS,False,False
2025-07-30|92290,2025-07-30,92290,09:30,10:50,80,PARTIAL,2,3,,,AVAILABLE,4.0,True,,,,CURRENT_BAR_UNAVAILABLE,OBSERVATION_INSUFFICIENT,8,0,0,False,0,0,False,INHERITED_RAW_PRICE_BASIS,False,False
2025-07-30|92290,2025-07-30,92290,09:30,10:55,85,PARTIAL,2,3,,,AVAILABLE,4.0,True,,,,UNRESOLVED_STRUCTURE,OBSERVATION_INSUFFICIENT,7,0,0,False,0,0,False,INHERITED_RAW_PRICE_BASIS,False,False
2025-07-30|92290,2025-07-30,92290,09:30,11:00,90,UNAVAILABLE,0,5,,,AVAILABLE,4.0,True,,,,CURRENT_BAR_UNAVAILABLE,OBSERVATION_INSUFFICIENT,4,0,0,False,0,0,False,INHERITED_RAW_PRICE_BASIS,False,False
2025-07-30|92290,2025-07-30,92290,09:30,11:05,95,PARTIAL,3,2,,,AVAILABLE,4.0,True,,,,UNRESOLVED_STRUCTURE,OBSERVATION_INSUFFICIENT,3,0,0,False,0,0,False,INHERITED_RAW_PRICE_BASIS,False,False
2025-07-30|92290,2025-07-30,92290,09:30,11:10,100,PARTIAL,3,2,,,AVAILABLE,4.0,True,,,,CURRENT_BAR_UNAVAILABLE,OBSERVATION_INSUFFICIENT,3,0,0,False,0,0,False,INHERITED_RAW_PRICE_BASIS,False,False
2025-07-30|92290,2025-07-30,92290,09:30,11:15,105,PARTIAL,4,1,,,AVAILABLE,4.0,True,,,,UNRESOLVED_STRUCTURE,OBSERVATION_INSUFFICIENT,3,0,0,False,0,0,False,INHERITED_RAW_PRICE_BASIS,False,False
2025-07-30|92290,2025-07-30,92290,09:30,11:20,110,PARTIAL,3,2,,,AVAILABLE,4.0,True,,,,UNRESOLVED_STRUCTURE,OBSERVATION_INSUFFICIENT,4,0,0,False,0,0,False,INHERITED_RAW_PRICE_BASIS,False,False
2025-07-30|92290,2025-07-30,92290,09:30,11:25,115,PARTIAL,4,1,,,AVAILABLE,4.0,True,,,,UNRESOLVED_STRUCTURE,OBSERVATION_INSUFFICIENT,5,0,0,False,0,0,False,INHERITED_RAW_PRICE_BASIS,False,False
2025-07-30|92290,2025-07-30,92290,09:30,11:30,120,PARTIAL,2,3,,,AVAILABLE,4.0,True,,,,CURRENT_BAR_UNAVAILABLE,OBSERVATION_INSUFFICIENT,3,0,0,False,0,0,False,INHERITED_RAW_PRICE_BASIS,False,False
2025-07-30|92290,2025-07-30,92290,09:30,12:35,125,PARTIAL,3,2,,,AVAILABLE,4.0,True,,,,UNRESOLVED_STRUCTURE,OBSERVATION_INSUFFICIENT,2,0,0,False,0,0,False,INHERITED_RAW_PRICE_BASIS,False,False
2025-07-30|92290,2025-07-30,92290,09:30,12:40,130,PARTIAL,4,1,,,AVAILABLE,4.0,True,,,,UNRESOLVED_STRUCTURE,OBSERVATION_INSUFFICIENT,4,1,1,False,0,0,False,INHERITED_RAW_PRICE_BASIS,False,False
2025-07-30|92290,2025-07-30,92290,09:30,12:45,135,PARTIAL,4,1,,,AVAILABLE,4.0,True,,,,UNRESOLVED_STRUCTURE,OBSERVATION_INSUFFICIENT,3,0,0,False,0,0,False,INHERITED_RAW_PRICE_BASIS,False,False
2025-07-30|92290,2025-07-30,92290,09:30,12:50,140,PARTIAL,2,3,,,AVAILABLE,4.0,True,,,,CURRENT_BAR_UNAVAILABLE,OBSERVATION_INSUFFICIENT,1,0,0,False,0,0,False,INHERITED_RAW_PRICE_BASIS,False,False
2025-07-30|92290,2025-07-30,92290,09:30,12:55,145,COMPLETE,5,0,UNCHANGED,0.0,AVAILABLE,4.0,True,,,,UNRESOLVED_STRUCTURE,OBSERVATION_INSUFFICIENT,4,0,0,False,0,0,False,INHERITED_RAW_PRICE_BASIS,False,False
2025-07-30|92290,2025-07-30,92290,09:30,13:00,150,PARTIAL,4,1,,,AVAILABLE,4.0,True,,,,UNRESOLVED_STRUCTURE,OBSERVATION_INSUFFICIENT,5,0,0,False,0,0,False,INHERITED_RAW_PRICE_BASIS,False,False
2025-07-30|92290,2025-07-30,92290,09:30,13:05,155,PARTIAL,2,3,,,AVAILABLE,4.0,True,,,,CURRENT_BAR_UNAVAILABLE,OBSERVATION_INSUFFICIENT,5,0,0,False,0,0,False,INHERITED_RAW_PRICE_BASIS,False,False
2025-07-30|92290,2025-07-30,92290,09:30,13:10,160,PARTIAL,3,2,,,AVAILABLE,4.0,True,,,,UNRESOLVED_STRUCTURE,OBSERVATION_INSUFFICIENT,4,0,0,False,0,0,False,INHERITED_RAW_PRICE_BASIS,False,False
2025-07-30|92290,2025-07-30,92290,09:30,13:15,165,PARTIAL,2,3,,,AVAILABLE,4.0,True,,,,UNRESOLVED_STRUCTURE,OBSERVATION_INSUFFICIENT,3,0,0,False,0,0,False,INHERITED_RAW_PRICE_BASIS,False,False
2025-07-30|92290,2025-07-30,92290,09:30,13:20,170,PARTIAL,4,1,,,AVAILABLE,4.0,True,,,,CURRENT_BAR_UNAVAILABLE,OBSERVATION_INSUFFICIENT,2,0,0,False,0,0,False,INHERITED_RAW_PRICE_BASIS,False,False
2025-07-30|92290,2025-07-30,92290,09:30,13:25,175,PARTIAL,3,2,,,AVAILABLE,4.0,True,,,,CURRENT_BAR_UNAVAILABLE,WINDOW_OBSERVED,0,0,0,False,0,0,False,INHERITED_RAW_PRICE_BASIS,False,False
2025-07-30|92290,2025-07-30,92290,09:30,13:30,180,COMPLETE,5,0,DOWN,-0.12626262626262627,AVAILABLE,4.0,True,,,,UNRESOLVED_STRUCTURE,OBSERVATION_INSUFFICIENT,3,1,1,False,0,0,False,INHERITED_RAW_PRICE_BASIS,False,False
2025-07-30|92290,2025-07-30,92290,09:30,13:35,185,COMPLETE,5,0,UP,1.2626262626262625,AVAILABLE,4.0,True,,,RANGE_EXPANSION|VOLUME_EXPANSION|TRADING_VALUE_EXPANSION,UNRESOLVED_STRUCTURE,OBSERVATION_INSUFFICIENT,7,0,1,False,0,0,False,INHERITED_RAW_PRICE_BASIS,True,False
2025-07-30|92290,2025-07-30,92290,09:30,13:40,190,PARTIAL,2,3,,,AVAILABLE,4.0,True,,,,CURRENT_BAR_UNAVAILABLE,OBSERVATION_INSUFFICIENT,5,0,0,False,0,0,False,INHERITED_RAW_PRICE_BASIS,False,False
2025-07-30|92290,2025-07-30,92290,09:30,13:45,195,PARTIAL,1,4,,,AVAILABLE,4.0,True,,,,CURRENT_BAR_UNAVAILABLE,OBSERVATION_INSUFFICIENT,5,0,0,False,0,0,False,INHERITED_RAW_PRICE_BASIS,False,False
2025-07-30|92290,2025-07-30,92290,09:30,13:50,200,PARTIAL,4,1,,,AVAILABLE,4.0,True,,,,UNRESOLVED_STRUCTURE,OBSERVATION_INSUFFICIENT,8,0,0,False,0,0,False,INHERITED_RAW_PRICE_BASIS,False,False
2025-07-30|92290,2025-07-30,92290,09:30,13:55,205,PARTIAL,1,4,,,AVAILABLE,4.0,True,,,,CURRENT_BAR_UNAVAILABLE,OBSERVATION_INSUFFICIENT,5,0,0,False,0,0,False,INHERITED_RAW_PRICE_BASIS,False,False
2025-07-30|92290,2025-07-30,92290,09:30,14:00,210,PARTIAL,1,4,,,AVAILABLE,4.0,True,,,,CURRENT_BAR_UNAVAILABLE,OBSERVATION_INSUFFICIENT,2,0,0,False,0,0,False,INHERITED_RAW_PRICE_BASIS,False,False
2025-07-30|92290,2025-07-30,92290,09:30,14:05,215,PARTIAL,4,1,,,AVAILABLE,4.0,True,,,,UNRESOLVED_STRUCTURE,OBSERVATION_INSUFFICIENT,3,1,1,False,0,0,False,INHERITED_RAW_PRICE_BASIS,False,False
2025-07-30|92290,2025-07-30,92290,09:30,14:10,220,PARTIAL,4,1,,,AVAILABLE,4.0,True,,,,UNRESOLVED_STRUCTURE,OBSERVATION_INSUFFICIENT,5,0,0,False,0,0,False,INHERITED_RAW_PRICE_BASIS,False,False
2025-07-30|92290,2025-07-30,92290,09:30,14:15,225,PARTIAL,3,2,,,AVAILABLE,4.0,True,,,,UNRESOLVED_STRUCTURE,OBSERVATION_INSUFFICIENT,4,0,0,False,0,0,False,INHERITED_RAW_PRICE_BASIS,False,False
2025-07-30|92290,2025-07-30,92290,09:30,14:20,230,PARTIAL,2,3,,,AVAILABLE,4.0,True,,,,UNRESOLVED_STRUCTURE,OBSERVATION_INSUFFICIENT,5,0,0,False,0,0,False,INHERITED_RAW_PRICE_BASIS,False,False
2025-07-30|92290,2025-07-30,92290,09:30,14:25,235,PARTIAL,4,1,,,AVAILABLE,4.0,True,,,,UNRESOLVED_STRUCTURE,OBSERVATION_INSUFFICIENT,7,1,2,False,0,0,False,INHERITED_RAW_PRICE_BASIS,False,False
2025-07-30|92290,2025-07-30,92290,09:30,14:30,240,PARTIAL,1,4,,,AVAILABLE,4.0,True,,,,CURRENT_BAR_UNAVAILABLE,OBSERVATION_INSUFFICIENT,5,0,0,False,0,0,False,INHERITED_RAW_PRICE_BASIS,False,False
2025-07-30|92290,2025-07-30,92290,09:30,14:35,245,PARTIAL,2,3,,,AVAILABLE,4.0,True,,,,CURRENT_BAR_UNAVAILABLE,OBSERVATION_INSUFFICIENT,3,0,0,False,0,0,False,INHERITED_RAW_PRICE_BASIS,False,False
2025-07-30|92290,2025-07-30,92290,09:30,14:40,250,PARTIAL,3,2,,,AVAILABLE,4.0,True,,,,CURRENT_BAR_UNAVAILABLE,OBSERVATION_INSUFFICIENT,2,0,0,False,0,0,False,INHERITED_RAW_PRICE_BASIS,False,False
2025-07-30|92290,2025-07-30,92290,09:30,14:45,255,PARTIAL,4,1,,,AVAILABLE,4.0,True,,,,UNRESOLVED_STRUCTURE,OBSERVATION_INSUFFICIENT,2,0,0,False,0,0,False,INHERITED_RAW_PRICE_BASIS,False,False
2025-07-30|92290,2025-07-30,92290,09:30,14:50,260,PARTIAL,4,1,,,AVAILABLE,4.0,True,,,,UNRESOLVED_STRUCTURE,OBSERVATION_INSUFFICIENT,1,0,1,False,0,0,False,INHERITED_RAW_PRICE_BASIS,False,False
2025-07-30|92290,2025-07-30,92290,09:30,14:55,265,PARTIAL,4,1,,,AVAILABLE,4.0,True,,,,UNRESOLVED_STRUCTURE,WINDOW_OBSERVED,0,0,0,False,0,0,False,INHERITED_RAW_PRICE_BASIS,False,False
2025-07-30|92290,2025-07-30,92290,09:30,15:00,270,COMPLETE,5,0,DOWN,-0.37546933667083854,AVAILABLE,4.0,True,,,,UNRESOLVED_STRUCTURE,WINDOW_OBSERVED,0,1,1,False,0,0,False,INHERITED_RAW_PRICE_BASIS,False,False
2025-07-30|92290,2025-07-30,92290,09:30,15:05,275,COMPLETE,5,0,UNCHANGED,0.0,AVAILABLE,4.0,True,,,CHOPPINESS|RANGE_COMPRESSION|VOLUME_COMPRESSION|TRADING_VALUE_COMPRESSION,UNRESOLVED_STRUCTURE,OBSERVATION_INSUFFICIENT,2,1,1,False,0,0,False,INHERITED_RAW_PRICE_BASIS,True,False
2025-07-30|92290,2025-07-30,92290,09:30,15:10,280,COMPLETE,5,0,UP,0.5018820577164367,AVAILABLE,4.0,True,,,RANGE_EXPANSION|VOLUME_EXPANSION|TRADING_VALUE_EXPANSION,UNRESOLVED_STRUCTURE,OBSERVATION_INSUFFICIENT,2,0,1,False,0,0,False,INHERITED_RAW_PRICE_BASIS,True,False
2025-07-30|92290,2025-07-30,92290,09:30,15:15,285,PARTIAL,3,2,,,AVAILABLE,4.0,True,,,,UNRESOLVED_STRUCTURE,WINDOW_OBSERVED,0,1,1,False,0,0,False,INHERITED_RAW_PRICE_BASIS,False,False
2025-07-30|92290,2025-07-30,92290,09:30,15:20,290,COMPLETE,5,0,DOWN,-0.6265664160401002,AVAILABLE,4.0,True,,RECOVERY,,UNRESOLVED_STRUCTURE,RIGHT_CENSORED,0,1,2,False,0,0,True,INHERITED_RAW_PRICE_BASIS,False,False
2025-07-30|92290,2025-07-30,92290,09:30,15:25,295,COMPLETE,5,0,UP,0.25220680958385877,AVAILABLE,4.0,True,,RECOVERY,RANGE_COMPRESSION,UNRESOLVED_STRUCTURE,RIGHT_CENSORED,0,0,2,False,0,0,True,INHERITED_RAW_PRICE_BASIS,True,False
2025-07-30|92710,2025-07-30,92710,15:00,15:00,0,PARTIAL,2,3,,,SCALE_INSUFFICIENT,,True,,,,CURRENT_BAR_UNAVAILABLE,OBSERVATION_INSUFFICIENT,8,0,0,False,0,0,False,INHERITED_RAW_PRICE_BASIS,False,False
2025-07-30|92710,2025-07-30,92710,15:00,15:05,5,PARTIAL,1,4,,,SCALE_INSUFFICIENT,,True,,,,CURRENT_BAR_UNAVAILABLE,OBSERVATION_INSUFFICIENT,8,0,0,False,0,0,False,INHERITED_RAW_PRICE_BASIS,False,False
2025-07-30|92710,2025-07-30,92710,15:00,15:10,10,PARTIAL,1,4,,,SCALE_INSUFFICIENT,,True,,,,CURRENT_BAR_UNAVAILABLE,OBSERVATION_INSUFFICIENT,7,0,0,False,2,0,False,INHERITED_RAW_PRICE_BASIS,False,False
2025-07-30|92710,2025-07-30,92710,15:00,15:15,15,PARTIAL,1,4,,,SCALE_INSUFFICIENT,,True,,,,CURRENT_BAR_UNAVAILABLE,OBSERVATION_INSUFFICIENT,8,0,0,False,0,0,False,INHERITED_RAW_PRICE_BASIS,False,False
2025-07-30|92710,2025-07-30,92710,15:00,15:20,20,PARTIAL,2,3,,,SCALE_INSUFFICIENT,,True,,,,CURRENT_BAR_UNAVAILABLE,RIGHT_CENSORED,5,0,0,False,0,0,False,INHERITED_RAW_PRICE_BASIS,False,False
2025-07-30|92710,2025-07-30,92710,15:00,15:25,25,UNAVAILABLE,0,5,,,SCALE_INSUFFICIENT,,True,,,,CURRENT_BAR_UNAVAILABLE,RIGHT_CENSORED,0,0,0,False,0,0,False,INHERITED_RAW_PRICE_BASIS,False,False
2025-07-30|95610,2025-07-30,95610,15:00,15:00,0,PARTIAL,2,3,,,SCALE_INSUFFICIENT,,True,,,,CURRENT_BAR_UNAVAILABLE,OBSERVATION_INSUFFICIENT,8,0,0,False,0,0,False,INHERITED_RAW_PRICE_BASIS,False,False
2025-07-30|95610,2025-07-30,95610,15:00,15:05,5,PARTIAL,1,4,,,SCALE_INSUFFICIENT,,True,,,,SCALE_UNAVAILABLE,OBSERVATION_INSUFFICIENT,8,0,0,False,0,0,False,INHERITED_RAW_PRICE_BASIS,False,False
2025-07-30|95610,2025-07-30,95610,15:00,15:10,10,PARTIAL,1,4,,,SCALE_INSUFFICIENT,,True,,,,CURRENT_BAR_UNAVAILABLE,OBSERVATION_INSUFFICIENT,8,0,0,False,0,0,False,INHERITED_RAW_PRICE_BASIS,False,False
2025-07-30|95610,2025-07-30,95610,15:00,15:15,15,PARTIAL,1,4,,,SCALE_INSUFFICIENT,,True,,,,CURRENT_BAR_UNAVAILABLE,OBSERVATION_INSUFFICIENT,9,0,0,False,0,0,False,INHERITED_RAW_PRICE_BASIS,False,False
2025-07-30|95610,2025-07-30,95610,15:00,15:20,20,PARTIAL,1,4,,,SCALE_INSUFFICIENT,,True,,,,CURRENT_BAR_UNAVAILABLE,RIGHT_CENSORED,5,0,0,False,3,0,False,INHERITED_RAW_PRICE_BASIS,False,False
2025-07-30|95610,2025-07-30,95610,15:00,15:25,25,UNAVAILABLE,0,5,,,SCALE_INSUFFICIENT,,True,,,,CURRENT_BAR_UNAVAILABLE,RIGHT_CENSORED,0,0,0,False,0,0,False,INHERITED_RAW_PRICE_BASIS,False,False
