opportunity,session,symbol,selectorTime,asOf,elapsedActiveMinutes,observation,observed1m,missing1m,direction,return5Pct,scaleStatus,scale,dailyComplete5,structure,phase,attributes,stateReason,futureStatus,futureMissing,lateConfirmedPivots,pivotN,localRange,sameBarOrderAmbiguities,closedCrossEvents,semanticAny,contextPriceBasis,transitionObservablePair,phaseChanged
2025-08-14|155A0,2025-08-14,155A0,09:30,09:30,0,COMPLETE,5,0,UP,0.13089005235602094,AVAILABLE,5.0,True,,,,UNRESOLVED_STRUCTURE,OBSERVATION_INSUFFICIENT,1,0,1,False,0,0,False,INHERITED_RAW_PRICE_BASIS,False,False
2025-08-14|155A0,2025-08-14,155A0,09:30,09:35,5,COMPLETE,5,0,UP,0.5201560468140443,AVAILABLE,5.0,True,,,RANGE_EXPANSION,UNRESOLVED_STRUCTURE,OBSERVATION_INSUFFICIENT,2,0,1,False,1,0,False,INHERITED_RAW_PRICE_BASIS,True,False
2025-08-14|155A0,2025-08-14,155A0,09:30,09:40,10,PARTIAL,4,1,,,AVAILABLE,5.0,True,,,,CURRENT_BAR_UNAVAILABLE,OBSERVATION_INSUFFICIENT,1,0,0,False,2,4,False,INHERITED_RAW_PRICE_BASIS,False,False
2025-08-14|155A0,2025-08-14,155A0,09:30,09:45,15,PARTIAL,4,1,,,AVAILABLE,5.0,True,,,,UNRESOLVED_STRUCTURE,OBSERVATION_INSUFFICIENT,2,1,1,False,0,0,False,INHERITED_RAW_PRICE_BASIS,False,False
2025-08-14|155A0,2025-08-14,155A0,09:30,09:50,20,COMPLETE,5,0,DOWN,-0.7682458386683739,AVAILABLE,5.0,True,,,,UNRESOLVED_STRUCTURE,OBSERVATION_INSUFFICIENT,3,0,1,False,0,0,False,INHERITED_RAW_PRICE_BASIS,False,False
2025-08-14|155A0,2025-08-14,155A0,09:30,09:55,25,PARTIAL,3,2,,,AVAILABLE,5.0,True,,,,UNRESOLVED_STRUCTURE,OBSERVATION_INSUFFICIENT,2,0,0,False,0,0,False,INHERITED_RAW_PRICE_BASIS,False,False
2025-08-14|155A0,2025-08-14,155A0,09:30,10:00,30,PARTIAL,4,1,,,AVAILABLE,5.0,True,,,,UNRESOLVED_STRUCTURE,OBSERVATION_INSUFFICIENT,2,0,0,False,0,0,False,INHERITED_RAW_PRICE_BASIS,False,False
2025-08-14|155A0,2025-08-14,155A0,09:30,10:05,35,PARTIAL,4,1,,,AVAILABLE,5.0,True,,,,UNRESOLVED_STRUCTURE,OBSERVATION_INSUFFICIENT,1,0,0,False,0,0,False,INHERITED_RAW_PRICE_BASIS,False,False
2025-08-14|155A0,2025-08-14,155A0,09:30,10:10,40,PARTIAL,4,1,,,AVAILABLE,5.0,True,,,,UNRESOLVED_STRUCTURE,OBSERVATION_INSUFFICIENT,2,0,1,False,0,0,False,INHERITED_RAW_PRICE_BASIS,False,False
2025-08-14|155A0,2025-08-14,155A0,09:30,10:15,45,COMPLETE,5,0,UP,0.2570694087403599,AVAILABLE,5.0,True,,,,UNRESOLVED_STRUCTURE,OBSERVATION_INSUFFICIENT,4,1,2,False,2,0,False,INHERITED_RAW_PRICE_BASIS,False,False
2025-08-14|155A0,2025-08-14,155A0,09:30,10:20,50,PARTIAL,3,2,,,AVAILABLE,5.0,True,,,,CURRENT_BAR_UNAVAILABLE,OBSERVATION_INSUFFICIENT,4,0,0,False,0,0,False,INHERITED_RAW_PRICE_BASIS,False,False
2025-08-14|155A0,2025-08-14,155A0,09:30,10:25,55,PARTIAL,3,2,,,AVAILABLE,5.0,True,,,,UNRESOLVED_STRUCTURE,OBSERVATION_INSUFFICIENT,2,0,0,False,0,0,False,INHERITED_RAW_PRICE_BASIS,False,False
2025-08-14|155A0,2025-08-14,155A0,09:30,10:30,60,PARTIAL,3,2,,,AVAILABLE,5.0,True,,,,UNRESOLVED_STRUCTURE,OBSERVATION_INSUFFICIENT,3,0,0,False,0,0,False,INHERITED_RAW_PRICE_BASIS,False,False
2025-08-14|155A0,2025-08-14,155A0,09:30,10:35,65,COMPLETE,5,0,UP,0.5167958656330749,AVAILABLE,5.0,True,,,,UNRESOLVED_STRUCTURE,OBSERVATION_INSUFFICIENT,3,1,2,False,0,0,False,INHERITED_RAW_PRICE_BASIS,False,False
2025-08-14|155A0,2025-08-14,155A0,09:30,10:40,70,PARTIAL,2,3,,,AVAILABLE,5.0,True,,,,CURRENT_BAR_UNAVAILABLE,OBSERVATION_INSUFFICIENT,1,0,0,False,0,1,False,INHERITED_RAW_PRICE_BASIS,False,False
2025-08-14|155A0,2025-08-14,155A0,09:30,10:45,75,COMPLETE,5,0,UP,0.5161290322580645,AVAILABLE,5.0,True,,,,UNRESOLVED_STRUCTURE,OBSERVATION_INSUFFICIENT,1,0,0,False,0,0,False,INHERITED_RAW_PRICE_BASIS,False,False
2025-08-14|155A0,2025-08-14,155A0,09:30,10:50,80,PARTIAL,4,1,,,AVAILABLE,5.0,True,,,,UNRESOLVED_STRUCTURE,OBSERVATION_INSUFFICIENT,1,0,1,False,0,2,False,INHERITED_RAW_PRICE_BASIS,False,False
2025-08-14|155A0,2025-08-14,155A0,09:30,10:55,85,COMPLETE,5,0,UP,0.7623888182973316,AVAILABLE,5.0,True,,,CHOPPINESS,UNRESOLVED_STRUCTURE,OBSERVATION_INSUFFICIENT,4,1,2,False,0,0,False,INHERITED_RAW_PRICE_BASIS,False,False
2025-08-14|155A0,2025-08-14,155A0,09:30,11:00,90,PARTIAL,4,1,,,AVAILABLE,5.0,True,,,,UNRESOLVED_STRUCTURE,OBSERVATION_INSUFFICIENT,4,0,0,False,0,0,False,INHERITED_RAW_PRICE_BASIS,False,False
2025-08-14|155A0,2025-08-14,155A0,09:30,11:05,95,PARTIAL,2,3,,,AVAILABLE,5.0,True,,,,CURRENT_BAR_UNAVAILABLE,OBSERVATION_INSUFFICIENT,3,0,0,False,2,0,False,INHERITED_RAW_PRICE_BASIS,False,False
2025-08-14|155A0,2025-08-14,155A0,09:30,11:10,100,PARTIAL,4,1,,,AVAILABLE,5.0,True,,,,UNRESOLVED_STRUCTURE,OBSERVATION_INSUFFICIENT,7,1,1,False,0,0,False,INHERITED_RAW_PRICE_BASIS,False,False
2025-08-14|155A0,2025-08-14,155A0,09:30,11:15,105,PARTIAL,3,2,,,AVAILABLE,5.0,True,,,,UNRESOLVED_STRUCTURE,OBSERVATION_INSUFFICIENT,8,0,0,False,4,2,False,INHERITED_RAW_PRICE_BASIS,False,False
2025-08-14|155A0,2025-08-14,155A0,09:30,11:20,110,UNAVAILABLE,0,5,,,AVAILABLE,5.0,True,,,,CURRENT_BAR_UNAVAILABLE,OBSERVATION_INSUFFICIENT,5,0,0,False,0,0,False,INHERITED_RAW_PRICE_BASIS,False,False
2025-08-14|155A0,2025-08-14,155A0,09:30,11:25,115,PARTIAL,2,3,,,AVAILABLE,5.0,True,,,,CURRENT_BAR_UNAVAILABLE,OBSERVATION_INSUFFICIENT,3,0,0,False,0,0,False,INHERITED_RAW_PRICE_BASIS,False,False
2025-08-14|155A0,2025-08-14,155A0,09:30,11:30,120,PARTIAL,3,2,,,AVAILABLE,5.0,True,,,,UNRESOLVED_STRUCTURE,OBSERVATION_INSUFFICIENT,4,0,0,False,0,0,False,INHERITED_RAW_PRICE_BASIS,False,False
2025-08-14|155A0,2025-08-14,155A0,09:30,12:35,125,PARTIAL,4,1,,,AVAILABLE,5.0,True,,,,CURRENT_BAR_UNAVAILABLE,OBSERVATION_INSUFFICIENT,7,0,0,False,0,0,False,INHERITED_RAW_PRICE_BASIS,False,False
2025-08-14|155A0,2025-08-14,155A0,09:30,12:40,130,PARTIAL,2,3,,,AVAILABLE,5.0,True,,,,UNRESOLVED_STRUCTURE,OBSERVATION_INSUFFICIENT,4,0,0,False,0,0,False,INHERITED_RAW_PRICE_BASIS,False,False
2025-08-14|155A0,2025-08-14,155A0,09:30,12:45,135,PARTIAL,1,4,,,AVAILABLE,5.0,True,,,,UNRESOLVED_STRUCTURE,WINDOW_OBSERVED,0,1,1,False,0,0,False,INHERITED_RAW_PRICE_BASIS,False,False
2025-08-14|155A0,2025-08-14,155A0,09:30,12:50,140,COMPLETE,5,0,UP,0.5063291139240507,AVAILABLE,5.0,True,,,,UNRESOLVED_STRUCTURE,OBSERVATION_INSUFFICIENT,1,0,1,False,0,0,False,INHERITED_RAW_PRICE_BASIS,False,False
2025-08-14|155A0,2025-08-14,155A0,09:30,12:55,145,COMPLETE,5,0,UP,1.5113350125944585,AVAILABLE,5.0,True,,,RANGE_EXPANSION|VOLUME_EXPANSION|TRADING_VALUE_EXPANSION,UNRESOLVED_STRUCTURE,OBSERVATION_INSUFFICIENT,2,0,1,False,0,0,False,INHERITED_RAW_PRICE_BASIS,True,False
2025-08-14|155A0,2025-08-14,155A0,09:30,13:00,150,PARTIAL,4,1,,,AVAILABLE,5.0,True,,,,CURRENT_BAR_UNAVAILABLE,OBSERVATION_INSUFFICIENT,3,0,0,False,0,0,False,INHERITED_RAW_PRICE_BASIS,False,False
2025-08-14|155A0,2025-08-14,155A0,09:30,13:05,155,PARTIAL,4,1,,,AVAILABLE,5.0,True,,,,UNRESOLVED_STRUCTURE,OBSERVATION_INSUFFICIENT,5,0,0,False,0,0,False,INHERITED_RAW_PRICE_BASIS,False,False
2025-08-14|155A0,2025-08-14,155A0,09:30,13:10,160,PARTIAL,3,2,,,AVAILABLE,5.0,True,,,,UNRESOLVED_STRUCTURE,OBSERVATION_INSUFFICIENT,4,0,0,False,0,0,False,INHERITED_RAW_PRICE_BASIS,False,False
2025-08-14|155A0,2025-08-14,155A0,09:30,13:15,165,PARTIAL,2,3,,,AVAILABLE,5.0,True,,,,CURRENT_BAR_UNAVAILABLE,OBSERVATION_INSUFFICIENT,2,0,0,False,0,0,False,INHERITED_RAW_PRICE_BASIS,False,False
2025-08-14|155A0,2025-08-14,155A0,09:30,13:20,170,PARTIAL,4,1,,,AVAILABLE,5.0,True,,,,CURRENT_BAR_UNAVAILABLE,OBSERVATION_INSUFFICIENT,4,0,0,False,0,0,False,INHERITED_RAW_PRICE_BASIS,False,False
2025-08-14|155A0,2025-08-14,155A0,09:30,13:25,175,PARTIAL,4,1,,,AVAILABLE,5.0,True,,,,CURRENT_BAR_UNAVAILABLE,OBSERVATION_INSUFFICIENT,5,0,0,False,0,0,False,INHERITED_RAW_PRICE_BASIS,False,False
2025-08-14|155A0,2025-08-14,155A0,09:30,13:30,180,PARTIAL,2,3,,,AVAILABLE,5.0,True,,,,CURRENT_BAR_UNAVAILABLE,OBSERVATION_INSUFFICIENT,4,0,0,False,0,0,False,INHERITED_RAW_PRICE_BASIS,False,False
2025-08-14|155A0,2025-08-14,155A0,09:30,13:35,185,PARTIAL,3,2,,,AVAILABLE,5.0,True,,,,UNRESOLVED_STRUCTURE,OBSERVATION_INSUFFICIENT,5,0,0,False,0,0,False,INHERITED_RAW_PRICE_BASIS,False,False
2025-08-14|155A0,2025-08-14,155A0,09:30,13:40,190,PARTIAL,3,2,,,AVAILABLE,5.0,True,,,,CURRENT_BAR_UNAVAILABLE,OBSERVATION_INSUFFICIENT,8,0,0,False,0,0,False,INHERITED_RAW_PRICE_BASIS,False,False
2025-08-14|155A0,2025-08-14,155A0,09:30,13:45,195,PARTIAL,2,3,,,AVAILABLE,5.0,True,,,,UNRESOLVED_STRUCTURE,OBSERVATION_INSUFFICIENT,6,0,0,False,0,0,False,INHERITED_RAW_PRICE_BASIS,False,False
2025-08-14|155A0,2025-08-14,155A0,09:30,13:50,200,UNAVAILABLE,0,5,,,AVAILABLE,5.0,True,,,,CURRENT_BAR_UNAVAILABLE,OBSERVATION_INSUFFICIENT,2,0,0,False,0,0,False,INHERITED_RAW_PRICE_BASIS,False,False
2025-08-14|155A0,2025-08-14,155A0,09:30,13:55,205,PARTIAL,4,1,,,AVAILABLE,5.0,True,,,,UNRESOLVED_STRUCTURE,OBSERVATION_INSUFFICIENT,2,0,0,False,0,0,False,INHERITED_RAW_PRICE_BASIS,False,False
2025-08-14|155A0,2025-08-14,155A0,09:30,14:00,210,PARTIAL,4,1,,,AVAILABLE,5.0,True,,,,CURRENT_BAR_UNAVAILABLE,OBSERVATION_INSUFFICIENT,3,0,0,False,0,0,False,INHERITED_RAW_PRICE_BASIS,False,False
2025-08-14|155A0,2025-08-14,155A0,09:30,14:05,215,PARTIAL,4,1,,,AVAILABLE,5.0,True,,,,UNRESOLVED_STRUCTURE,OBSERVATION_INSUFFICIENT,3,0,0,False,0,0,False,INHERITED_RAW_PRICE_BASIS,False,False
2025-08-14|155A0,2025-08-14,155A0,09:30,14:10,220,PARTIAL,3,2,,,AVAILABLE,5.0,True,,,,CURRENT_BAR_UNAVAILABLE,OBSERVATION_INSUFFICIENT,3,0,0,False,0,0,False,INHERITED_RAW_PRICE_BASIS,False,False
2025-08-14|155A0,2025-08-14,155A0,09:30,14:15,225,PARTIAL,4,1,,,AVAILABLE,5.0,True,,,,UNRESOLVED_STRUCTURE,OBSERVATION_INSUFFICIENT,5,0,0,False,0,0,False,INHERITED_RAW_PRICE_BASIS,False,False
2025-08-14|155A0,2025-08-14,155A0,09:30,14:20,230,PARTIAL,3,2,,,AVAILABLE,5.0,True,,,,UNRESOLVED_STRUCTURE,OBSERVATION_INSUFFICIENT,5,0,0,False,0,0,False,INHERITED_RAW_PRICE_BASIS,False,False
2025-08-14|155A0,2025-08-14,155A0,09:30,14:25,235,PARTIAL,2,3,,,AVAILABLE,5.0,True,,,,CURRENT_BAR_UNAVAILABLE,OBSERVATION_INSUFFICIENT,6,0,0,False,0,0,False,INHERITED_RAW_PRICE_BASIS,False,False
2025-08-14|155A0,2025-08-14,155A0,09:30,14:30,240,PARTIAL,3,2,,,AVAILABLE,5.0,True,,,,CURRENT_BAR_UNAVAILABLE,OBSERVATION_INSUFFICIENT,6,0,0,False,0,0,False,INHERITED_RAW_PRICE_BASIS,False,False
2025-08-14|155A0,2025-08-14,155A0,09:30,14:35,245,PARTIAL,1,4,,,AVAILABLE,5.0,True,,,,CURRENT_BAR_UNAVAILABLE,OBSERVATION_INSUFFICIENT,5,0,0,False,0,0,False,INHERITED_RAW_PRICE_BASIS,False,False
2025-08-14|155A0,2025-08-14,155A0,09:30,14:40,250,PARTIAL,3,2,,,AVAILABLE,5.0,True,,,,UNRESOLVED_STRUCTURE,OBSERVATION_INSUFFICIENT,4,0,0,False,0,0,False,INHERITED_RAW_PRICE_BASIS,False,False
2025-08-14|155A0,2025-08-14,155A0,09:30,14:45,255,PARTIAL,2,3,,,AVAILABLE,5.0,True,,,,UNRESOLVED_STRUCTURE,OBSERVATION_INSUFFICIENT,2,0,0,False,0,0,False,INHERITED_RAW_PRICE_BASIS,False,False
2025-08-14|155A0,2025-08-14,155A0,09:30,14:50,260,PARTIAL,4,1,,,AVAILABLE,5.0,True,,,,UNRESOLVED_STRUCTURE,OBSERVATION_INSUFFICIENT,3,1,1,False,0,0,False,INHERITED_RAW_PRICE_BASIS,False,False
2025-08-14|155A0,2025-08-14,155A0,09:30,14:55,265,PARTIAL,4,1,,,AVAILABLE,5.0,True,,,,UNRESOLVED_STRUCTURE,OBSERVATION_INSUFFICIENT,2,0,0,False,2,2,False,INHERITED_RAW_PRICE_BASIS,False,False
2025-08-14|155A0,2025-08-14,155A0,09:30,15:00,270,PARTIAL,3,2,,,AVAILABLE,5.0,True,,,,UNRESOLVED_STRUCTURE,WINDOW_OBSERVED,0,1,1,False,2,2,False,INHERITED_RAW_PRICE_BASIS,False,False
2025-08-14|155A0,2025-08-14,155A0,09:30,15:05,275,COMPLETE,5,0,DOWN,-0.8928571428571429,AVAILABLE,5.0,True,,,,UNRESOLVED_STRUCTURE,WINDOW_OBSERVED,0,0,1,False,0,2,False,INHERITED_RAW_PRICE_BASIS,False,False
2025-08-14|155A0,2025-08-14,155A0,09:30,15:10,280,COMPLETE,5,0,DOWN,-0.25673940949935814,AVAILABLE,5.0,True,,,RANGE_COMPRESSION|VOLUME_COMPRESSION|TRADING_VALUE_COMPRESSION,UNRESOLVED_STRUCTURE,WINDOW_OBSERVED,0,0,1,False,0,0,False,INHERITED_RAW_PRICE_BASIS,True,False
2025-08-14|155A0,2025-08-14,155A0,09:30,15:15,285,COMPLETE,5,0,UNCHANGED,0.0,AVAILABLE,5.0,True,,,RANGE_COMPRESSION|VOLUME_EXPANSION|TRADING_VALUE_EXPANSION,UNRESOLVED_STRUCTURE,WINDOW_OBSERVED,0,0,1,False,0,0,False,INHERITED_RAW_PRICE_BASIS,True,False
2025-08-14|155A0,2025-08-14,155A0,09:30,15:20,290,COMPLETE,5,0,DOWN,-0.12853470437017994,AVAILABLE,5.0,True,,RECOVERY,RANGE_EXPANSION|VOLUME_COMPRESSION|TRADING_VALUE_COMPRESSION,UNRESOLVED_STRUCTURE,RIGHT_CENSORED,0,1,2,False,0,0,True,INHERITED_RAW_PRICE_BASIS,True,True
2025-08-14|155A0,2025-08-14,155A0,09:30,15:25,295,COMPLETE,5,0,UP,0.1287001287001287,AVAILABLE,5.0,True,,RECOVERY,,UNRESOLVED_STRUCTURE,RIGHT_CENSORED,0,0,2,False,0,0,True,INHERITED_RAW_PRICE_BASIS,True,False
2025-08-14|173A0,2025-08-14,173A0,13:00,13:00,0,PARTIAL,3,2,,,SCALE_INSUFFICIENT,,True,,,,CURRENT_BAR_UNAVAILABLE,OBSERVATION_INSUFFICIENT,5,0,0,False,0,0,False,INHERITED_RAW_PRICE_BASIS,False,False
2025-08-14|173A0,2025-08-14,173A0,13:00,13:05,5,PARTIAL,3,2,,,SCALE_INSUFFICIENT,,True,,,,SCALE_UNAVAILABLE,OBSERVATION_INSUFFICIENT,5,0,0,False,0,0,False,INHERITED_RAW_PRICE_BASIS,False,False
2025-08-14|173A0,2025-08-14,173A0,13:00,13:10,10,PARTIAL,2,3,,,SCALE_INSUFFICIENT,,True,,,,SCALE_UNAVAILABLE,OBSERVATION_INSUFFICIENT,5,0,0,False,0,0,False,INHERITED_RAW_PRICE_BASIS,False,False
2025-08-14|173A0,2025-08-14,173A0,13:00,13:15,15,PARTIAL,3,2,,,SCALE_INSUFFICIENT,,True,,,,SCALE_UNAVAILABLE,OBSERVATION_INSUFFICIENT,5,0,0,False,0,0,False,INHERITED_RAW_PRICE_BASIS,False,False
2025-08-14|173A0,2025-08-14,173A0,13:00,13:20,20,PARTIAL,2,3,,,SCALE_INSUFFICIENT,,True,,,,CURRENT_BAR_UNAVAILABLE,OBSERVATION_INSUFFICIENT,6,0,0,False,0,0,False,INHERITED_RAW_PRICE_BASIS,False,False
2025-08-14|173A0,2025-08-14,173A0,13:00,13:25,25,PARTIAL,3,2,,,SCALE_INSUFFICIENT,,True,,,,CURRENT_BAR_UNAVAILABLE,OBSERVATION_INSUFFICIENT,8,0,0,False,0,0,False,INHERITED_RAW_PRICE_BASIS,False,False
2025-08-14|173A0,2025-08-14,173A0,13:00,13:30,30,PARTIAL,1,4,,,SCALE_INSUFFICIENT,,True,,,,CURRENT_BAR_UNAVAILABLE,OBSERVATION_INSUFFICIENT,8,0,0,False,0,0,False,INHERITED_RAW_PRICE_BASIS,False,False
2025-08-14|173A0,2025-08-14,173A0,13:00,13:35,35,PARTIAL,1,4,,,SCALE_INSUFFICIENT,,True,,,,CURRENT_BAR_UNAVAILABLE,OBSERVATION_INSUFFICIENT,9,0,0,False,0,0,False,INHERITED_RAW_PRICE_BASIS,False,False
2025-08-14|173A0,2025-08-14,173A0,13:00,13:40,40,PARTIAL,1,4,,,SCALE_INSUFFICIENT,,True,,,,CURRENT_BAR_UNAVAILABLE,OBSERVATION_INSUFFICIENT,8,0,0,False,0,0,False,INHERITED_RAW_PRICE_BASIS,False,False
2025-08-14|173A0,2025-08-14,173A0,13:00,13:45,45,UNAVAILABLE,0,5,,,SCALE_INSUFFICIENT,,True,,,,CURRENT_BAR_UNAVAILABLE,OBSERVATION_INSUFFICIENT,8,0,0,False,0,0,False,INHERITED_RAW_PRICE_BASIS,False,False
2025-08-14|173A0,2025-08-14,173A0,13:00,13:50,50,PARTIAL,2,3,,,SCALE_INSUFFICIENT,,True,,,,SCALE_UNAVAILABLE,OBSERVATION_INSUFFICIENT,10,0,0,False,0,0,False,INHERITED_RAW_PRICE_BASIS,False,False
2025-08-14|173A0,2025-08-14,173A0,13:00,13:55,55,UNAVAILABLE,0,5,,,SCALE_INSUFFICIENT,,True,,,,CURRENT_BAR_UNAVAILABLE,OBSERVATION_INSUFFICIENT,9,0,0,False,0,0,False,INHERITED_RAW_PRICE_BASIS,False,False
2025-08-14|173A0,2025-08-14,173A0,13:00,14:00,60,UNAVAILABLE,0,5,,,SCALE_INSUFFICIENT,,True,,,,CURRENT_BAR_UNAVAILABLE,OBSERVATION_INSUFFICIENT,7,0,0,False,0,0,False,INHERITED_RAW_PRICE_BASIS,False,False
2025-08-14|173A0,2025-08-14,173A0,13:00,14:05,65,PARTIAL,1,4,,,SCALE_INSUFFICIENT,,True,,,,CURRENT_BAR_UNAVAILABLE,OBSERVATION_INSUFFICIENT,5,0,0,False,0,0,False,INHERITED_RAW_PRICE_BASIS,False,False
2025-08-14|173A0,2025-08-14,173A0,13:00,14:10,70,PARTIAL,2,3,,,SCALE_INSUFFICIENT,,True,,,,CURRENT_BAR_UNAVAILABLE,OBSERVATION_INSUFFICIENT,6,0,0,False,0,0,False,INHERITED_RAW_PRICE_BASIS,False,False
2025-08-14|173A0,2025-08-14,173A0,13:00,14:15,75,PARTIAL,3,2,,,SCALE_INSUFFICIENT,,True,,,,CURRENT_BAR_UNAVAILABLE,OBSERVATION_INSUFFICIENT,8,0,0,False,0,0,False,INHERITED_RAW_PRICE_BASIS,False,False
2025-08-14|173A0,2025-08-14,173A0,13:00,14:20,80,PARTIAL,1,4,,,SCALE_INSUFFICIENT,,True,,,,CURRENT_BAR_UNAVAILABLE,OBSERVATION_INSUFFICIENT,8,0,0,False,0,0,False,INHERITED_RAW_PRICE_BASIS,False,False
2025-08-14|173A0,2025-08-14,173A0,13:00,14:25,85,PARTIAL,1,4,,,SCALE_INSUFFICIENT,,True,,,,CURRENT_BAR_UNAVAILABLE,OBSERVATION_INSUFFICIENT,8,0,0,False,0,0,False,INHERITED_RAW_PRICE_BASIS,False,False
2025-08-14|173A0,2025-08-14,173A0,13:00,14:30,90,PARTIAL,1,4,,,SCALE_INSUFFICIENT,,True,,,,SCALE_UNAVAILABLE,OBSERVATION_INSUFFICIENT,7,0,0,False,0,0,False,INHERITED_RAW_PRICE_BASIS,False,False
2025-08-14|173A0,2025-08-14,173A0,13:00,14:35,95,PARTIAL,1,4,,,SCALE_INSUFFICIENT,,True,,,,CURRENT_BAR_UNAVAILABLE,OBSERVATION_INSUFFICIENT,5,0,0,False,0,0,False,INHERITED_RAW_PRICE_BASIS,False,False
2025-08-14|173A0,2025-08-14,173A0,13:00,14:40,100,PARTIAL,2,3,,,SCALE_INSUFFICIENT,,True,,,,CURRENT_BAR_UNAVAILABLE,OBSERVATION_INSUFFICIENT,6,0,0,False,0,0,False,INHERITED_RAW_PRICE_BASIS,False,False
2025-08-14|173A0,2025-08-14,173A0,13:00,14:45,105,PARTIAL,3,2,,,SCALE_INSUFFICIENT,,True,,,,SCALE_UNAVAILABLE,OBSERVATION_INSUFFICIENT,8,0,0,False,0,0,False,INHERITED_RAW_PRICE_BASIS,False,False
2025-08-14|173A0,2025-08-14,173A0,13:00,14:50,110,PARTIAL,1,4,,,SCALE_INSUFFICIENT,,True,,,,CURRENT_BAR_UNAVAILABLE,OBSERVATION_INSUFFICIENT,8,0,0,False,0,0,False,INHERITED_RAW_PRICE_BASIS,False,False
2025-08-14|173A0,2025-08-14,173A0,13:00,14:55,115,PARTIAL,1,4,,,SCALE_INSUFFICIENT,,True,,,,CURRENT_BAR_UNAVAILABLE,OBSERVATION_INSUFFICIENT,9,0,0,False,0,0,False,INHERITED_RAW_PRICE_BASIS,False,False
2025-08-14|173A0,2025-08-14,173A0,13:00,15:00,120,PARTIAL,1,4,,,SCALE_INSUFFICIENT,,True,,,,CURRENT_BAR_UNAVAILABLE,OBSERVATION_INSUFFICIENT,10,0,0,False,0,0,False,INHERITED_RAW_PRICE_BASIS,False,False
2025-08-14|173A0,2025-08-14,173A0,13:00,15:05,125,UNAVAILABLE,0,5,,,SCALE_INSUFFICIENT,,True,,,,CURRENT_BAR_UNAVAILABLE,OBSERVATION_INSUFFICIENT,8,0,0,False,0,0,False,INHERITED_RAW_PRICE_BASIS,False,False
2025-08-14|173A0,2025-08-14,173A0,13:00,15:10,130,UNAVAILABLE,0,5,,,SCALE_INSUFFICIENT,,True,,,,CURRENT_BAR_UNAVAILABLE,OBSERVATION_INSUFFICIENT,6,0,0,False,0,0,False,INHERITED_RAW_PRICE_BASIS,False,False
2025-08-14|173A0,2025-08-14,173A0,13:00,15:15,135,PARTIAL,2,3,,,SCALE_INSUFFICIENT,,True,,,,CURRENT_BAR_UNAVAILABLE,OBSERVATION_INSUFFICIENT,6,0,0,False,0,0,False,INHERITED_RAW_PRICE_BASIS,False,False
2025-08-14|173A0,2025-08-14,173A0,13:00,15:20,140,PARTIAL,2,3,,,SCALE_INSUFFICIENT,,True,,,,CURRENT_BAR_UNAVAILABLE,RIGHT_CENSORED,3,0,0,False,0,0,False,INHERITED_RAW_PRICE_BASIS,False,False
2025-08-14|173A0,2025-08-14,173A0,13:00,15:25,145,PARTIAL,2,3,,,SCALE_INSUFFICIENT,,True,,,,CURRENT_BAR_UNAVAILABLE,RIGHT_CENSORED,0,0,0,False,0,0,False,INHERITED_RAW_PRICE_BASIS,False,False
2025-08-14|23210,2025-08-14,23210,09:30,09:30,0,COMPLETE,5,0,DOWN,-2.7649769585253456,AVAILABLE,3.0,True,DOWN_STRUCTURE,PROGRESSION,,IDENTIFIED,WINDOW_OBSERVED,0,0,5,False,2,2,True,INHERITED_RAW_PRICE_BASIS,False,False
2025-08-14|23210,2025-08-14,23210,09:30,09:35,5,COMPLETE,5,0,UNCHANGED,0.0,AVAILABLE,3.0,True,DOWN_STRUCTURE,PROGRESSION,RANGE_COMPRESSION|VOLUME_COMPRESSION|TRADING_VALUE_COMPRESSION,IDENTIFIED,WINDOW_OBSERVED,0,0,5,False,0,0,True,INHERITED_RAW_PRICE_BASIS,True,False
2025-08-14|23210,2025-08-14,23210,09:30,09:40,10,COMPLETE,5,0,UP,0.4716981132075472,AVAILABLE,3.0,True,DOWN_STRUCTURE,,VOLUME_EXPANSION|TRADING_VALUE_EXPANSION,IDENTIFIED,WINDOW_OBSERVED,0,1,7,False,0,1,True,INHERITED_RAW_PRICE_BASIS,True,True
2025-08-14|23210,2025-08-14,23210,09:30,09:45,15,COMPLETE,5,0,UNCHANGED,0.0,AVAILABLE,3.0,True,DOWN_STRUCTURE,PROGRESSION,RANGE_COMPRESSION|VOLUME_COMPRESSION|TRADING_VALUE_COMPRESSION,IDENTIFIED,WINDOW_OBSERVED,0,1,7,False,0,0,True,INHERITED_RAW_PRICE_BASIS,True,True
2025-08-14|23210,2025-08-14,23210,09:30,09:50,20,COMPLETE,5,0,DOWN,-1.8867924528301887,AVAILABLE,3.0,True,DOWN_STRUCTURE,PROGRESSION,RANGE_EXPANSION|VOLUME_EXPANSION|TRADING_VALUE_EXPANSION,IDENTIFIED,WINDOW_OBSERVED,0,0,7,False,2,4,True,INHERITED_RAW_PRICE_BASIS,True,False
2025-08-14|23210,2025-08-14,23210,09:30,09:55,25,COMPLETE,5,0,UNCHANGED,0.0,AVAILABLE,3.0,True,DOWN_STRUCTURE,PROGRESSION,RANGE_COMPRESSION,IDENTIFIED,WINDOW_OBSERVED,0,0,7,False,1,4,True,INHERITED_RAW_PRICE_BASIS,True,False
2025-08-14|23210,2025-08-14,23210,09:30,10:00,30,COMPLETE,5,0,DOWN,-1.4354066985645932,AVAILABLE,3.0,True,DOWN_STRUCTURE,,RANGE_EXPANSION,IDENTIFIED,WINDOW_OBSERVED,0,1,8,False,0,0,True,INHERITED_RAW_PRICE_BASIS,True,True
2025-08-14|23210,2025-08-14,23210,09:30,10:05,35,COMPLETE,5,0,UP,0.4854368932038835,AVAILABLE,3.0,True,DOWN_STRUCTURE,CORRECTION|RECOVERY,RANGE_COMPRESSION|VOLUME_COMPRESSION|TRADING_VALUE_COMPRESSION,IDENTIFIED,WINDOW_OBSERVED,0,1,8,False,2,4,True,INHERITED_RAW_PRICE_BASIS,True,True
2025-08-14|23210,2025-08-14,23210,09:30,10:10,40,COMPLETE,5,0,UP,0.4830917874396135,AVAILABLE,3.0,True,DOWN_STRUCTURE,PROGRESSION,RANGE_EXPANSION|VOLUME_EXPANSION|TRADING_VALUE_EXPANSION,IDENTIFIED,WINDOW_OBSERVED,0,1,9,False,0,0,True,INHERITED_RAW_PRICE_BASIS,True,True
2025-08-14|23210,2025-08-14,23210,09:30,10:15,45,COMPLETE,5,0,DOWN,-0.4807692307692308,AVAILABLE,3.0,True,DOWN_STRUCTURE,PROGRESSION,RANGE_COMPRESSION|VOLUME_COMPRESSION|TRADING_VALUE_COMPRESSION,IDENTIFIED,WINDOW_OBSERVED,0,1,9,False,0,0,True,INHERITED_RAW_PRICE_BASIS,True,False
2025-08-14|23210,2025-08-14,23210,09:30,10:20,50,COMPLETE,5,0,UNCHANGED,0.0,AVAILABLE,3.0,True,DOWN_STRUCTURE,PROGRESSION,RANGE_COMPRESSION|VOLUME_COMPRESSION|TRADING_VALUE_COMPRESSION,IDENTIFIED,WINDOW_OBSERVED,0,0,9,False,0,3,True,INHERITED_RAW_PRICE_BASIS,True,False
2025-08-14|23210,2025-08-14,23210,09:30,10:25,55,COMPLETE,5,0,DOWN,-1.4563106796116505,AVAILABLE,3.0,True,DOWN_STRUCTURE,PROGRESSION,RANGE_EXPANSION|VOLUME_EXPANSION|TRADING_VALUE_EXPANSION,IDENTIFIED,WINDOW_OBSERVED,0,0,9,False,0,4,True,INHERITED_RAW_PRICE_BASIS,True,False
2025-08-14|23210,2025-08-14,23210,09:30,10:30,60,COMPLETE,5,0,DOWN,-0.49261083743842365,AVAILABLE,3.0,True,DOWN_STRUCTURE,PROGRESSION,RANGE_COMPRESSION|VOLUME_COMPRESSION|TRADING_VALUE_COMPRESSION,IDENTIFIED,WINDOW_OBSERVED,0,0,9,False,1,2,True,INHERITED_RAW_PRICE_BASIS,True,False
2025-08-14|23210,2025-08-14,23210,09:30,10:35,65,COMPLETE,5,0,UNCHANGED,0.0,AVAILABLE,3.0,True,DOWN_STRUCTURE,CORRECTION|RECOVERY,CHOPPINESS|RANGE_EXPANSION|VOLUME_EXPANSION|TRADING_VALUE_EXPANSION,IDENTIFIED,WINDOW_OBSERVED,0,1,10,False,1,1,True,INHERITED_RAW_PRICE_BASIS,True,True
2025-08-14|23210,2025-08-14,23210,09:30,10:40,70,COMPLETE,5,0,UNCHANGED,0.0,AVAILABLE,3.0,True,DOWN_STRUCTURE,CORRECTION|RECOVERY,RANGE_COMPRESSION|VOLUME_COMPRESSION|TRADING_VALUE_COMPRESSION,IDENTIFIED,WINDOW_OBSERVED,0,1,10,False,0,0,True,INHERITED_RAW_PRICE_BASIS,True,False
2025-08-14|23210,2025-08-14,23210,09:30,10:45,75,COMPLETE,5,0,UP,0.9900990099009901,AVAILABLE,3.0,True,DOWN_STRUCTURE,CORRECTION|RECOVERY,RANGE_EXPANSION,IDENTIFIED,WINDOW_OBSERVED,0,0,10,False,0,0,True,INHERITED_RAW_PRICE_BASIS,True,False
2025-08-14|23210,2025-08-14,23210,09:30,10:50,80,COMPLETE,5,0,UP,1.4634146341463414,AVAILABLE,3.0,True,DOWN_STRUCTURE,,VOLUME_EXPANSION|TRADING_VALUE_EXPANSION,IDENTIFIED,WINDOW_OBSERVED,0,1,11,False,0,2,True,INHERITED_RAW_PRICE_BASIS,True,True
2025-08-14|23210,2025-08-14,23210,09:30,10:55,85,COMPLETE,5,0,DOWN,-0.4807692307692308,AVAILABLE,3.0,True,DOWN_STRUCTURE,PROGRESSION,VOLUME_COMPRESSION|TRADING_VALUE_COMPRESSION,IDENTIFIED,WINDOW_OBSERVED,0,0,11,False,0,4,True,INHERITED_RAW_PRICE_BASIS,True,True
2025-08-14|23210,2025-08-14,23210,09:30,11:00,90,COMPLETE,5,0,UNCHANGED,0.0,AVAILABLE,3.0,True,DOWN_STRUCTURE,PROGRESSION,RANGE_COMPRESSION,IDENTIFIED,WINDOW_OBSERVED,0,0,11,False,0,2,True,INHERITED_RAW_PRICE_BASIS,True,False
2025-08-14|23210,2025-08-14,23210,09:30,11:05,95,COMPLETE,5,0,UNCHANGED,0.0,AVAILABLE,3.0,True,DOWN_STRUCTURE,PROGRESSION,RANGE_EXPANSION,IDENTIFIED,WINDOW_OBSERVED,0,0,11,False,0,2,True,INHERITED_RAW_PRICE_BASIS,True,False
2025-08-14|23210,2025-08-14,23210,09:30,11:10,100,COMPLETE,5,0,DOWN,-0.4830917874396135,AVAILABLE,3.0,True,DOWN_STRUCTURE,PROGRESSION,,IDENTIFIED,WINDOW_OBSERVED,0,0,11,False,0,0,True,INHERITED_RAW_PRICE_BASIS,True,False
2025-08-14|23210,2025-08-14,23210,09:30,11:15,105,COMPLETE,5,0,UNCHANGED,0.0,AVAILABLE,3.0,True,DOWN_STRUCTURE,PROGRESSION,RANGE_COMPRESSION|VOLUME_COMPRESSION|TRADING_VALUE_COMPRESSION,IDENTIFIED,OBSERVATION_INSUFFICIENT,1,0,11,False,0,2,True,INHERITED_RAW_PRICE_BASIS,True,False
2025-08-14|23210,2025-08-14,23210,09:30,11:20,110,COMPLETE,5,0,DOWN,-0.4830917874396135,AVAILABLE,3.0,True,DOWN_STRUCTURE,PROGRESSION,RANGE_EXPANSION|VOLUME_EXPANSION|TRADING_VALUE_EXPANSION,IDENTIFIED,OBSERVATION_INSUFFICIENT,1,0,11,True,2,2,True,INHERITED_RAW_PRICE_BASIS,True,False
2025-08-14|23210,2025-08-14,23210,09:30,11:25,115,PARTIAL,4,1,,,AVAILABLE,3.0,True,,,,UNRESOLVED_STRUCTURE,WINDOW_OBSERVED,0,0,0,False,0,2,False,INHERITED_RAW_PRICE_BASIS,False,False
2025-08-14|23210,2025-08-14,23210,09:30,11:30,120,COMPLETE,5,0,DOWN,-0.4878048780487805,AVAILABLE,3.0,True,,,,UNRESOLVED_STRUCTURE,WINDOW_OBSERVED,0,0,0,False,0,0,False,INHERITED_RAW_PRICE_BASIS,False,False
2025-08-14|23210,2025-08-14,23210,09:30,12:35,125,COMPLETE,5,0,DOWN,-0.49019607843137253,AVAILABLE,3.0,True,,,,UNRESOLVED_STRUCTURE,WINDOW_OBSERVED,0,0,0,False,0,0,False,INHERITED_RAW_PRICE_BASIS,True,False
2025-08-14|23210,2025-08-14,23210,09:30,12:40,130,COMPLETE,5,0,UNCHANGED,0.0,AVAILABLE,3.0,True,,,RANGE_COMPRESSION|VOLUME_COMPRESSION|TRADING_VALUE_COMPRESSION,UNRESOLVED_STRUCTURE,OBSERVATION_INSUFFICIENT,1,0,0,False,0,0,False,INHERITED_RAW_PRICE_BASIS,True,False
2025-08-14|23210,2025-08-14,23210,09:30,12:45,135,COMPLETE,5,0,UP,0.9900990099009901,AVAILABLE,3.0,True,,,RANGE_EXPANSION|VOLUME_COMPRESSION|TRADING_VALUE_COMPRESSION,UNRESOLVED_STRUCTURE,OBSERVATION_INSUFFICIENT,1,0,0,False,0,0,False,INHERITED_RAW_PRICE_BASIS,True,False
2025-08-14|23210,2025-08-14,23210,09:30,12:50,140,PARTIAL,4,1,,,AVAILABLE,3.0,True,,,,UNRESOLVED_STRUCTURE,WINDOW_OBSERVED,0,1,1,False,0,0,False,INHERITED_RAW_PRICE_BASIS,False,False
2025-08-14|23210,2025-08-14,23210,09:30,12:55,145,COMPLETE,5,0,DOWN,-0.49019607843137253,AVAILABLE,3.0,True,,,,UNRESOLVED_STRUCTURE,WINDOW_OBSERVED,0,1,1,False,0,0,False,INHERITED_RAW_PRICE_BASIS,False,False
2025-08-14|23210,2025-08-14,23210,09:30,13:00,150,COMPLETE,5,0,UP,0.49019607843137253,AVAILABLE,3.0,True,,,RANGE_EXPANSION|VOLUME_EXPANSION|TRADING_VALUE_EXPANSION,UNRESOLVED_STRUCTURE,WINDOW_OBSERVED,0,0,1,False,0,2,False,INHERITED_RAW_PRICE_BASIS,True,False
2025-08-14|23210,2025-08-14,23210,09:30,13:05,155,COMPLETE,5,0,DOWN,-0.4878048780487805,AVAILABLE,3.0,True,,,RANGE_COMPRESSION|VOLUME_COMPRESSION|TRADING_VALUE_COMPRESSION,UNRESOLVED_STRUCTURE,OBSERVATION_INSUFFICIENT,2,0,1,False,0,0,False,INHERITED_RAW_PRICE_BASIS,True,False
2025-08-14|23210,2025-08-14,23210,09:30,13:10,160,COMPLETE,5,0,UNCHANGED,0.0,AVAILABLE,3.0,True,,,RANGE_EXPANSION|VOLUME_EXPANSION|TRADING_VALUE_EXPANSION,UNRESOLVED_STRUCTURE,OBSERVATION_INSUFFICIENT,2,0,1,False,0,0,False,INHERITED_RAW_PRICE_BASIS,True,False
2025-08-14|23210,2025-08-14,23210,09:30,13:15,165,PARTIAL,3,2,,,AVAILABLE,3.0,True,,,,UNRESOLVED_STRUCTURE,WINDOW_OBSERVED,0,0,0,False,0,0,False,INHERITED_RAW_PRICE_BASIS,False,False
2025-08-14|23210,2025-08-14,23210,09:30,13:20,170,COMPLETE,5,0,UNCHANGED,0.0,AVAILABLE,3.0,True,,,,UNRESOLVED_STRUCTURE,WINDOW_OBSERVED,0,1,1,False,0,0,False,INHERITED_RAW_PRICE_BASIS,False,False
2025-08-14|23210,2025-08-14,23210,09:30,13:25,175,COMPLETE,5,0,DOWN,-0.4878048780487805,AVAILABLE,3.0,True,,,VOLUME_COMPRESSION|TRADING_VALUE_COMPRESSION,UNRESOLVED_STRUCTURE,OBSERVATION_INSUFFICIENT,1,1,1,False,0,0,False,INHERITED_RAW_PRICE_BASIS,True,False
2025-08-14|23210,2025-08-14,23210,09:30,13:30,180,COMPLETE,5,0,DOWN,-0.49019607843137253,AVAILABLE,3.0,True,,,CHOPPINESS|RANGE_EXPANSION|VOLUME_EXPANSION|TRADING_VALUE_EXPANSION,UNRESOLVED_STRUCTURE,OBSERVATION_INSUFFICIENT,2,0,1,False,0,0,False,INHERITED_RAW_PRICE_BASIS,True,False
2025-08-14|23210,2025-08-14,23210,09:30,13:35,185,PARTIAL,4,1,,,AVAILABLE,3.0,True,,,,UNRESOLVED_STRUCTURE,OBSERVATION_INSUFFICIENT,1,0,0,False,0,0,False,INHERITED_RAW_PRICE_BASIS,False,False
2025-08-14|23210,2025-08-14,23210,09:30,13:40,190,PARTIAL,4,1,,,AVAILABLE,3.0,True,,,,CURRENT_BAR_UNAVAILABLE,WINDOW_OBSERVED,0,0,0,False,0,0,False,INHERITED_RAW_PRICE_BASIS,False,False
2025-08-14|23210,2025-08-14,23210,09:30,13:45,195,COMPLETE,5,0,DOWN,-1.4705882352941178,AVAILABLE,3.0,True,,,,UNRESOLVED_STRUCTURE,WINDOW_OBSERVED,0,1,1,False,0,0,False,INHERITED_RAW_PRICE_BASIS,False,False
2025-08-14|23210,2025-08-14,23210,09:30,13:50,200,COMPLETE,5,0,DOWN,-0.4975124378109453,AVAILABLE,3.0,True,,RECOVERY,RANGE_COMPRESSION|VOLUME_EXPANSION|TRADING_VALUE_EXPANSION,UNRESOLVED_STRUCTURE,WINDOW_OBSERVED,0,1,2,False,0,1,True,INHERITED_RAW_PRICE_BASIS,True,True
2025-08-14|23210,2025-08-14,23210,09:30,13:55,205,COMPLETE,5,0,UP,1.0,AVAILABLE,3.0,True,,RECOVERY,RANGE_EXPANSION|VOLUME_COMPRESSION|TRADING_VALUE_COMPRESSION,UNRESOLVED_STRUCTURE,WINDOW_OBSERVED,0,0,2,False,0,0,True,INHERITED_RAW_PRICE_BASIS,True,False
2025-08-14|23210,2025-08-14,23210,09:30,14:00,210,COMPLETE,5,0,UP,0.4975124378109453,AVAILABLE,3.0,True,,RECOVERY,RANGE_COMPRESSION|VOLUME_COMPRESSION|TRADING_VALUE_COMPRESSION,UNRESOLVED_STRUCTURE,WINDOW_OBSERVED,0,0,2,False,0,0,True,INHERITED_RAW_PRICE_BASIS,True,False
2025-08-14|23210,2025-08-14,23210,09:30,14:05,215,COMPLETE,5,0,UNCHANGED,0.0,AVAILABLE,3.0,True,,RECOVERY,RANGE_EXPANSION|VOLUME_EXPANSION|TRADING_VALUE_EXPANSION,UNRESOLVED_STRUCTURE,OBSERVATION_INSUFFICIENT,1,0,2,False,0,0,True,INHERITED_RAW_PRICE_BASIS,True,False
2025-08-14|23210,2025-08-14,23210,09:30,14:10,220,COMPLETE,5,0,UP,0.5,AVAILABLE,3.0,True,,RECOVERY,VOLUME_EXPANSION|TRADING_VALUE_EXPANSION,UNRESOLVED_STRUCTURE,OBSERVATION_INSUFFICIENT,1,0,2,False,0,0,True,INHERITED_RAW_PRICE_BASIS,True,False
2025-08-14|23210,2025-08-14,23210,09:30,14:15,225,PARTIAL,4,1,,,AVAILABLE,3.0,True,,,,UNRESOLVED_STRUCTURE,WINDOW_OBSERVED,0,1,1,False,0,0,False,INHERITED_RAW_PRICE_BASIS,False,False
2025-08-14|23210,2025-08-14,23210,09:30,14:20,230,COMPLETE,5,0,UNCHANGED,0.0,AVAILABLE,3.0,True,,,,UNRESOLVED_STRUCTURE,WINDOW_OBSERVED,0,1,1,False,0,0,False,INHERITED_RAW_PRICE_BASIS,False,False
2025-08-14|23210,2025-08-14,23210,09:30,14:25,235,COMPLETE,5,0,DOWN,-1.5,AVAILABLE,3.0,True,,,RANGE_EXPANSION|VOLUME_EXPANSION|TRADING_VALUE_EXPANSION,UNRESOLVED_STRUCTURE,WINDOW_OBSERVED,0,0,1,False,0,1,False,INHERITED_RAW_PRICE_BASIS,True,False
2025-08-14|23210,2025-08-14,23210,09:30,14:30,240,COMPLETE,5,0,UP,0.5076142131979695,AVAILABLE,3.0,True,,,RANGE_COMPRESSION,UNRESOLVED_STRUCTURE,WINDOW_OBSERVED,0,0,1,False,3,1,False,INHERITED_RAW_PRICE_BASIS,True,False
2025-08-14|23210,2025-08-14,23210,09:30,14:35,245,COMPLETE,5,0,UNCHANGED,0.0,AVAILABLE,3.0,True,,,RANGE_COMPRESSION|VOLUME_COMPRESSION|TRADING_VALUE_COMPRESSION,UNRESOLVED_STRUCTURE,WINDOW_OBSERVED,0,0,1,False,0,0,False,INHERITED_RAW_PRICE_BASIS,True,False
2025-08-14|23210,2025-08-14,23210,09:30,14:40,250,COMPLETE,5,0,UNCHANGED,0.0,AVAILABLE,3.0,True,,,RANGE_EXPANSION,UNRESOLVED_STRUCTURE,WINDOW_OBSERVED,0,0,1,False,0,0,False,INHERITED_RAW_PRICE_BASIS,True,False
2025-08-14|23210,2025-08-14,23210,09:30,14:45,255,COMPLETE,5,0,UNCHANGED,0.0,AVAILABLE,3.0,True,RANGE_STRUCTURE,BALANCE,,IDENTIFIED,WINDOW_OBSERVED,0,0,1,True,0,1,True,INHERITED_RAW_PRICE_BASIS,True,True
2025-08-14|23210,2025-08-14,23210,09:30,14:50,260,COMPLETE,5,0,UNCHANGED,0.0,AVAILABLE,3.0,True,RANGE_STRUCTURE,BALANCE,CHOPPINESS,IDENTIFIED,WINDOW_OBSERVED,0,0,1,True,0,0,True,INHERITED_RAW_PRICE_BASIS,True,False
2025-08-14|23210,2025-08-14,23210,09:30,14:55,265,COMPLETE,5,0,UP,0.5076142131979695,AVAILABLE,3.0,True,RANGE_STRUCTURE,BALANCE,,IDENTIFIED,WINDOW_OBSERVED,0,0,1,True,0,2,True,INHERITED_RAW_PRICE_BASIS,True,False
2025-08-14|23210,2025-08-14,23210,09:30,15:00,270,COMPLETE,5,0,UNCHANGED,0.0,AVAILABLE,3.0,True,RANGE_STRUCTURE,BALANCE,,IDENTIFIED,WINDOW_OBSERVED,0,0,1,True,0,0,True,INHERITED_RAW_PRICE_BASIS,True,False
2025-08-14|23210,2025-08-14,23210,09:30,15:05,275,COMPLETE,5,0,UNCHANGED,0.0,AVAILABLE,3.0,True,RANGE_STRUCTURE,BALANCE,RANGE_COMPRESSION,IDENTIFIED,WINDOW_OBSERVED,0,0,1,True,0,2,True,INHERITED_RAW_PRICE_BASIS,True,False
2025-08-14|23210,2025-08-14,23210,09:30,15:10,280,COMPLETE,5,0,DOWN,-0.5076142131979695,AVAILABLE,3.0,True,RANGE_STRUCTURE,BALANCE,RANGE_EXPANSION|VOLUME_EXPANSION|TRADING_VALUE_EXPANSION,IDENTIFIED,WINDOW_OBSERVED,0,0,1,True,0,0,True,INHERITED_RAW_PRICE_BASIS,True,False
2025-08-14|23210,2025-08-14,23210,09:30,15:15,285,COMPLETE,5,0,UNCHANGED,0.0,AVAILABLE,3.0,True,,RESTRUCTURING|RECOVERY,VOLUME_EXPANSION|TRADING_VALUE_EXPANSION,UNRESOLVED_STRUCTURE,WINDOW_OBSERVED,0,0,2,False,2,3,True,INHERITED_RAW_PRICE_BASIS,True,True
2025-08-14|23210,2025-08-14,23210,09:30,15:20,290,COMPLETE,5,0,UNCHANGED,0.0,AVAILABLE,3.0,True,,RESTRUCTURING|RECOVERY,VOLUME_COMPRESSION|TRADING_VALUE_COMPRESSION,UNRESOLVED_STRUCTURE,RIGHT_CENSORED,0,0,2,False,0,0,True,INHERITED_RAW_PRICE_BASIS,True,False
2025-08-14|23210,2025-08-14,23210,09:30,15:25,295,COMPLETE,5,0,UNCHANGED,0.0,AVAILABLE,3.0,True,,RESTRUCTURING|RECOVERY,CHOPPINESS|RANGE_COMPRESSION,UNRESOLVED_STRUCTURE,RIGHT_CENSORED,0,0,2,False,0,0,True,INHERITED_RAW_PRICE_BASIS,True,False
2025-08-14|25860,2025-08-14,25860,14:00,14:00,0,COMPLETE,5,0,DOWN,-0.7263922518159807,AVAILABLE,3.0,True,DOWN_STRUCTURE,PROGRESSION,RANGE_COMPRESSION|VOLUME_COMPRESSION|TRADING_VALUE_COMPRESSION,IDENTIFIED,WINDOW_OBSERVED,0,0,16,False,1,1,True,INHERITED_RAW_PRICE_BASIS,False,False
2025-08-14|25860,2025-08-14,25860,14:00,14:05,5,COMPLETE,5,0,DOWN,-1.951219512195122,AVAILABLE,3.0,True,DOWN_STRUCTURE,,RANGE_EXPANSION|VOLUME_EXPANSION|TRADING_VALUE_EXPANSION,IDENTIFIED,WINDOW_OBSERVED,0,1,17,False,5,2,True,INHERITED_RAW_PRICE_BASIS,True,True
2025-08-14|25860,2025-08-14,25860,14:00,14:10,10,COMPLETE,5,0,UP,1.7412935323383085,AVAILABLE,3.0,True,DOWN_STRUCTURE,CORRECTION|RECOVERY,VOLUME_COMPRESSION|TRADING_VALUE_COMPRESSION,IDENTIFIED,WINDOW_OBSERVED,0,0,17,False,0,0,True,INHERITED_RAW_PRICE_BASIS,True,True
2025-08-14|25860,2025-08-14,25860,14:00,14:15,15,COMPLETE,5,0,UP,1.2195121951219512,AVAILABLE,3.0,True,,RESTRUCTURING,RANGE_COMPRESSION,UNRESOLVED_STRUCTURE,WINDOW_OBSERVED,0,1,18,False,5,2,True,INHERITED_RAW_PRICE_BASIS,True,True
2025-08-14|25860,2025-08-14,25860,14:00,14:20,20,COMPLETE,5,0,DOWN,-0.7228915662650602,AVAILABLE,3.0,True,,RESTRUCTURING,VOLUME_COMPRESSION|TRADING_VALUE_COMPRESSION,UNRESOLVED_STRUCTURE,WINDOW_OBSERVED,0,0,18,False,2,2,True,INHERITED_RAW_PRICE_BASIS,True,False
2025-08-14|25860,2025-08-14,25860,14:00,14:25,25,COMPLETE,5,0,UP,0.24330900243309003,AVAILABLE,3.0,True,,RESTRUCTURING,,UNRESOLVED_STRUCTURE,WINDOW_OBSERVED,0,0,18,False,0,0,True,INHERITED_RAW_PRICE_BASIS,True,False
2025-08-14|25860,2025-08-14,25860,14:00,14:30,30,COMPLETE,5,0,UP,0.24330900243309003,AVAILABLE,3.0,True,,RESTRUCTURING,RANGE_COMPRESSION,UNRESOLVED_STRUCTURE,WINDOW_OBSERVED,0,0,18,False,0,0,True,INHERITED_RAW_PRICE_BASIS,True,False
2025-08-14|25860,2025-08-14,25860,14:00,14:35,35,COMPLETE,5,0,UNCHANGED,0.0,AVAILABLE,3.0,True,,RESTRUCTURING,CHOPPINESS|RANGE_EXPANSION,UNRESOLVED_STRUCTURE,WINDOW_OBSERVED,0,0,18,False,0,0,True,INHERITED_RAW_PRICE_BASIS,True,False
2025-08-14|25860,2025-08-14,25860,14:00,14:40,40,COMPLETE,5,0,UNCHANGED,0.0,AVAILABLE,3.0,True,UP_STRUCTURE,RECOVERY,CHOPPINESS,IDENTIFIED,WINDOW_OBSERVED,0,1,19,False,0,0,True,INHERITED_RAW_PRICE_BASIS,True,True
2025-08-14|25860,2025-08-14,25860,14:00,14:45,45,COMPLETE,5,0,DOWN,-0.24330900243309003,AVAILABLE,3.0,True,UP_STRUCTURE,,,IDENTIFIED,WINDOW_OBSERVED,0,1,19,False,0,0,True,INHERITED_RAW_PRICE_BASIS,True,True
2025-08-14|25860,2025-08-14,25860,14:00,14:50,50,COMPLETE,5,0,UP,0.4878048780487805,AVAILABLE,3.0,True,UP_STRUCTURE,CORRECTION,RANGE_EXPANSION,IDENTIFIED,WINDOW_OBSERVED,0,1,20,False,0,0,True,INHERITED_RAW_PRICE_BASIS,True,True
2025-08-14|25860,2025-08-14,25860,14:00,14:55,55,COMPLETE,5,0,UNCHANGED,0.0,AVAILABLE,3.0,True,UP_STRUCTURE,RECOVERY,CHOPPINESS|RANGE_COMPRESSION|VOLUME_COMPRESSION|TRADING_VALUE_COMPRESSION,IDENTIFIED,WINDOW_OBSERVED,0,1,21,False,1,1,True,INHERITED_RAW_PRICE_BASIS,True,True
2025-08-14|25860,2025-08-14,25860,14:00,15:00,60,COMPLETE,5,0,UP,1.4598540145985401,AVAILABLE,3.0,True,UP_STRUCTURE,,RANGE_EXPANSION|VOLUME_EXPANSION|TRADING_VALUE_EXPANSION,IDENTIFIED,WINDOW_OBSERVED,0,1,22,False,2,3,True,INHERITED_RAW_PRICE_BASIS,True,True
2025-08-14|25860,2025-08-14,25860,14:00,15:05,65,COMPLETE,5,0,DOWN,-0.7194244604316546,AVAILABLE,3.0,True,UP_STRUCTURE,RECOVERY,RANGE_COMPRESSION,IDENTIFIED,WINDOW_OBSERVED,0,1,23,False,2,2,True,INHERITED_RAW_PRICE_BASIS,True,True
2025-08-14|25860,2025-08-14,25860,14:00,15:10,70,COMPLETE,5,0,UP,0.966183574879227,AVAILABLE,3.0,True,UP_STRUCTURE,PROGRESSION,,IDENTIFIED,WINDOW_OBSERVED,0,0,23,False,2,3,True,INHERITED_RAW_PRICE_BASIS,True,True
2025-08-14|25860,2025-08-14,25860,14:00,15:15,75,COMPLETE,5,0,UP,1.431980906921241,AVAILABLE,3.0,True,UP_STRUCTURE,PROGRESSION,VOLUME_EXPANSION|TRADING_VALUE_EXPANSION,IDENTIFIED,WINDOW_OBSERVED,0,0,23,False,0,0,True,INHERITED_RAW_PRICE_BASIS,True,False
2025-08-14|25860,2025-08-14,25860,14:00,15:20,80,COMPLETE,5,0,UNCHANGED,0.0,AVAILABLE,3.0,True,UP_STRUCTURE,PROGRESSION,,IDENTIFIED,RIGHT_CENSORED,0,0,23,False,0,0,True,INHERITED_RAW_PRICE_BASIS,True,False
2025-08-14|25860,2025-08-14,25860,14:00,15:25,85,COMPLETE,5,0,UP,0.23529411764705882,AVAILABLE,3.0,True,UP_STRUCTURE,CORRECTION,,IDENTIFIED,RIGHT_CENSORED,0,0,24,False,0,0,True,INHERITED_RAW_PRICE_BASIS,True,True
2025-08-14|26730,2025-08-14,26730,11:30,11:30,0,COMPLETE,5,0,DOWN,-3.125,SCALE_INSUFFICIENT,,True,,,RANGE_EXPANSION|VOLUME_EXPANSION,SCALE_UNAVAILABLE,WINDOW_OBSERVED,0,0,0,False,0,0,False,INHERITED_RAW_PRICE_BASIS,False,False
2025-08-14|26730,2025-08-14,26730,11:30,12:35,5,COMPLETE,5,0,UNCHANGED,0.0,SCALE_INSUFFICIENT,,True,,,,SCALE_UNAVAILABLE,WINDOW_OBSERVED,0,0,0,False,0,0,False,INHERITED_RAW_PRICE_BASIS,True,False
2025-08-14|26730,2025-08-14,26730,11:30,12:40,10,COMPLETE,5,0,DOWN,-2.5806451612903225,SCALE_INSUFFICIENT,,True,,,RANGE_EXPANSION,SCALE_UNAVAILABLE,WINDOW_OBSERVED,0,0,0,False,0,0,False,INHERITED_RAW_PRICE_BASIS,True,False
2025-08-14|26730,2025-08-14,26730,11:30,12:45,15,COMPLETE,5,0,UP,1.3245033112582782,SCALE_INSUFFICIENT,,True,,,RANGE_COMPRESSION|VOLUME_COMPRESSION|TRADING_VALUE_COMPRESSION,SCALE_UNAVAILABLE,WINDOW_OBSERVED,0,0,0,False,0,0,False,INHERITED_RAW_PRICE_BASIS,True,False
2025-08-14|26730,2025-08-14,26730,11:30,12:50,20,COMPLETE,5,0,UP,0.6535947712418301,SCALE_INSUFFICIENT,,True,,,RANGE_COMPRESSION|VOLUME_COMPRESSION|TRADING_VALUE_COMPRESSION,SCALE_UNAVAILABLE,WINDOW_OBSERVED,0,0,0,False,0,0,False,INHERITED_RAW_PRICE_BASIS,True,False
2025-08-14|26730,2025-08-14,26730,11:30,12:55,25,COMPLETE,5,0,UNCHANGED,0.0,SCALE_INSUFFICIENT,,True,,,,SCALE_UNAVAILABLE,WINDOW_OBSERVED,0,0,0,False,0,0,False,INHERITED_RAW_PRICE_BASIS,True,False
2025-08-14|26730,2025-08-14,26730,11:30,13:00,30,COMPLETE,5,0,UNCHANGED,0.0,SCALE_INSUFFICIENT,,True,,,RANGE_COMPRESSION|VOLUME_COMPRESSION|TRADING_VALUE_COMPRESSION,SCALE_UNAVAILABLE,WINDOW_OBSERVED,0,0,0,False,0,0,False,INHERITED_RAW_PRICE_BASIS,True,False
2025-08-14|26730,2025-08-14,26730,11:30,13:05,35,COMPLETE,5,0,DOWN,-0.6535947712418301,SCALE_INSUFFICIENT,,True,,,RANGE_EXPANSION|VOLUME_EXPANSION|TRADING_VALUE_EXPANSION,SCALE_UNAVAILABLE,WINDOW_OBSERVED,0,0,0,False,0,0,False,INHERITED_RAW_PRICE_BASIS,True,False
2025-08-14|26730,2025-08-14,26730,11:30,13:10,40,COMPLETE,5,0,UNCHANGED,0.0,SCALE_INSUFFICIENT,,True,,,RANGE_EXPANSION|VOLUME_COMPRESSION|TRADING_VALUE_COMPRESSION,SCALE_UNAVAILABLE,WINDOW_OBSERVED,0,0,0,False,0,0,False,INHERITED_RAW_PRICE_BASIS,True,False
2025-08-14|26730,2025-08-14,26730,11:30,13:15,45,COMPLETE,5,0,DOWN,-1.3157894736842106,SCALE_INSUFFICIENT,,True,,,RANGE_COMPRESSION|VOLUME_COMPRESSION|TRADING_VALUE_COMPRESSION,SCALE_UNAVAILABLE,WINDOW_OBSERVED,0,0,0,False,0,0,False,INHERITED_RAW_PRICE_BASIS,True,False
2025-08-14|26730,2025-08-14,26730,11:30,13:20,50,COMPLETE,5,0,DOWN,-0.6622516556291391,SCALE_INSUFFICIENT,,True,,,,SCALE_UNAVAILABLE,WINDOW_OBSERVED,0,0,0,False,0,0,False,INHERITED_RAW_PRICE_BASIS,True,False
2025-08-14|26730,2025-08-14,26730,11:30,13:25,55,COMPLETE,5,0,DOWN,-0.6666666666666666,SCALE_INSUFFICIENT,,True,,,VOLUME_EXPANSION|TRADING_VALUE_EXPANSION,SCALE_UNAVAILABLE,WINDOW_OBSERVED,0,0,0,False,0,0,False,INHERITED_RAW_PRICE_BASIS,True,False
2025-08-14|26730,2025-08-14,26730,11:30,13:30,60,COMPLETE,5,0,UP,1.342281879194631,SCALE_INSUFFICIENT,,True,,,,SCALE_UNAVAILABLE,WINDOW_OBSERVED,0,0,0,False,0,0,False,INHERITED_RAW_PRICE_BASIS,True,False
2025-08-14|26730,2025-08-14,26730,11:30,13:35,65,COMPLETE,5,0,DOWN,-0.6666666666666666,SCALE_INSUFFICIENT,,True,,,RANGE_COMPRESSION,SCALE_UNAVAILABLE,WINDOW_OBSERVED,0,0,0,False,0,0,False,INHERITED_RAW_PRICE_BASIS,True,False
2025-08-14|26730,2025-08-14,26730,11:30,13:40,70,COMPLETE,5,0,UP,1.342281879194631,SCALE_INSUFFICIENT,,True,,,RANGE_EXPANSION,SCALE_UNAVAILABLE,OBSERVATION_INSUFFICIENT,2,0,0,False,0,0,False,INHERITED_RAW_PRICE_BASIS,True,False
2025-08-14|26730,2025-08-14,26730,11:30,13:45,75,COMPLETE,5,0,DOWN,-1.3245033112582782,SCALE_INSUFFICIENT,,True,,,,SCALE_UNAVAILABLE,OBSERVATION_INSUFFICIENT,3,0,0,False,0,0,False,INHERITED_RAW_PRICE_BASIS,True,False
2025-08-14|26730,2025-08-14,26730,11:30,13:50,80,PARTIAL,3,2,,,SCALE_INSUFFICIENT,,True,,,,SCALE_UNAVAILABLE,OBSERVATION_INSUFFICIENT,1,0,0,False,0,0,False,INHERITED_RAW_PRICE_BASIS,False,False
2025-08-14|26730,2025-08-14,26730,11:30,13:55,85,PARTIAL,4,1,,,SCALE_INSUFFICIENT,,True,,,,SCALE_UNAVAILABLE,OBSERVATION_INSUFFICIENT,3,0,0,False,0,0,False,INHERITED_RAW_PRICE_BASIS,False,False
2025-08-14|26730,2025-08-14,26730,11:30,14:00,90,COMPLETE,5,0,UP,0.6711409395973155,SCALE_INSUFFICIENT,,True,,,,SCALE_UNAVAILABLE,OBSERVATION_INSUFFICIENT,3,0,0,False,0,0,False,INHERITED_RAW_PRICE_BASIS,False,False
2025-08-14|26730,2025-08-14,26730,11:30,14:05,95,PARTIAL,2,3,,,SCALE_INSUFFICIENT,,True,,,,CURRENT_BAR_UNAVAILABLE,WINDOW_OBSERVED,0,0,0,False,0,0,False,INHERITED_RAW_PRICE_BASIS,False,False
2025-08-14|26730,2025-08-14,26730,11:30,14:10,100,COMPLETE,5,0,DOWN,-0.6666666666666666,SCALE_INSUFFICIENT,,True,,,,SCALE_UNAVAILABLE,WINDOW_OBSERVED,0,0,0,False,0,0,False,INHERITED_RAW_PRICE_BASIS,False,False
2025-08-14|26730,2025-08-14,26730,11:30,14:15,105,COMPLETE,5,0,DOWN,-1.342281879194631,SCALE_INSUFFICIENT,,True,,,RANGE_EXPANSION|VOLUME_EXPANSION|TRADING_VALUE_EXPANSION,SCALE_UNAVAILABLE,OBSERVATION_INSUFFICIENT,1,0,0,False,0,0,False,INHERITED_RAW_PRICE_BASIS,True,False
2025-08-14|26730,2025-08-14,26730,11:30,14:20,110,COMPLETE,5,0,UNCHANGED,0.0,SCALE_INSUFFICIENT,,True,,,RANGE_COMPRESSION|VOLUME_COMPRESSION|TRADING_VALUE_COMPRESSION,SCALE_UNAVAILABLE,OBSERVATION_INSUFFICIENT,2,0,0,False,0,0,False,INHERITED_RAW_PRICE_BASIS,True,False
2025-08-14|26730,2025-08-14,26730,11:30,14:25,115,PARTIAL,4,1,,,SCALE_INSUFFICIENT,,True,,,,SCALE_UNAVAILABLE,OBSERVATION_INSUFFICIENT,1,0,0,False,0,0,False,INHERITED_RAW_PRICE_BASIS,False,False
2025-08-14|26730,2025-08-14,26730,11:30,14:30,120,PARTIAL,4,1,,,SCALE_INSUFFICIENT,,True,,,,SCALE_UNAVAILABLE,OBSERVATION_INSUFFICIENT,1,0,0,False,0,0,False,INHERITED_RAW_PRICE_BASIS,False,False
2025-08-14|26730,2025-08-14,26730,11:30,14:35,125,COMPLETE,5,0,UP,0.6802721088435374,SCALE_INSUFFICIENT,,True,,,,SCALE_UNAVAILABLE,OBSERVATION_INSUFFICIENT,3,0,0,False,0,0,False,INHERITED_RAW_PRICE_BASIS,False,False
2025-08-14|26730,2025-08-14,26730,11:30,14:40,130,PARTIAL,4,1,,,SCALE_INSUFFICIENT,,True,,,,SCALE_UNAVAILABLE,OBSERVATION_INSUFFICIENT,3,0,0,False,0,0,False,INHERITED_RAW_PRICE_BASIS,False,False
2025-08-14|26730,2025-08-14,26730,11:30,14:45,135,PARTIAL,3,2,,,SCALE_INSUFFICIENT,,True,,,,SCALE_UNAVAILABLE,OBSERVATION_INSUFFICIENT,1,0,0,False,0,0,False,INHERITED_RAW_PRICE_BASIS,False,False
2025-08-14|26730,2025-08-14,26730,11:30,14:50,140,PARTIAL,4,1,,,SCALE_INSUFFICIENT,,True,,,,SCALE_UNAVAILABLE,OBSERVATION_INSUFFICIENT,3,0,0,False,0,0,False,INHERITED_RAW_PRICE_BASIS,False,False
2025-08-14|26730,2025-08-14,26730,11:30,14:55,145,COMPLETE,5,0,UNCHANGED,0.0,SCALE_INSUFFICIENT,,True,,,,SCALE_UNAVAILABLE,OBSERVATION_INSUFFICIENT,3,0,0,False,0,0,False,INHERITED_RAW_PRICE_BASIS,False,False
2025-08-14|26730,2025-08-14,26730,11:30,15:00,150,PARTIAL,2,3,,,SCALE_INSUFFICIENT,,True,,,,SCALE_UNAVAILABLE,OBSERVATION_INSUFFICIENT,1,0,0,False,0,0,False,INHERITED_RAW_PRICE_BASIS,False,False
2025-08-14|26730,2025-08-14,26730,11:30,15:05,155,COMPLETE,5,0,DOWN,-1.3513513513513513,SCALE_INSUFFICIENT,,True,,,,SCALE_UNAVAILABLE,OBSERVATION_INSUFFICIENT,1,0,0,False,0,0,False,INHERITED_RAW_PRICE_BASIS,False,False
2025-08-14|26730,2025-08-14,26730,11:30,15:10,160,PARTIAL,4,1,,,SCALE_INSUFFICIENT,,True,,,,SCALE_UNAVAILABLE,WINDOW_OBSERVED,0,0,0,False,0,0,False,INHERITED_RAW_PRICE_BASIS,False,False
2025-08-14|26730,2025-08-14,26730,11:30,15:15,165,COMPLETE,5,0,UNCHANGED,0.0,SCALE_INSUFFICIENT,,True,,,,SCALE_UNAVAILABLE,WINDOW_OBSERVED,0,0,0,False,0,0,False,INHERITED_RAW_PRICE_BASIS,False,False
2025-08-14|26730,2025-08-14,26730,11:30,15:20,170,COMPLETE,5,0,UNCHANGED,0.0,SCALE_INSUFFICIENT,,True,,,RANGE_COMPRESSION|VOLUME_EXPANSION|TRADING_VALUE_EXPANSION,SCALE_UNAVAILABLE,RIGHT_CENSORED,0,0,0,False,0,0,False,INHERITED_RAW_PRICE_BASIS,True,False
2025-08-14|26730,2025-08-14,26730,11:30,15:25,175,COMPLETE,5,0,UNCHANGED,0.0,SCALE_INSUFFICIENT,,True,,,VOLUME_COMPRESSION|TRADING_VALUE_COMPRESSION,SCALE_UNAVAILABLE,RIGHT_CENSORED,0,0,0,False,0,0,False,INHERITED_RAW_PRICE_BASIS,True,False
2025-08-14|281A0,2025-08-14,281A0,10:00,10:00,0,COMPLETE,5,0,UP,0.7117437722419929,AVAILABLE,14.0,True,DOWN_STRUCTURE,CORRECTION|RECOVERY,RANGE_COMPRESSION|VOLUME_COMPRESSION|TRADING_VALUE_COMPRESSION,IDENTIFIED,WINDOW_OBSERVED,0,0,10,False,0,0,True,INHERITED_RAW_PRICE_BASIS,False,False
2025-08-14|281A0,2025-08-14,281A0,10:00,10:05,5,COMPLETE,5,0,DOWN,-0.5300353356890459,AVAILABLE,14.0,True,DOWN_STRUCTURE,PROGRESSION,,IDENTIFIED,WINDOW_OBSERVED,0,0,11,False,0,0,True,INHERITED_RAW_PRICE_BASIS,True,True
2025-08-14|281A0,2025-08-14,281A0,10:00,10:10,10,COMPLETE,5,0,DOWN,-0.29673590504451036,AVAILABLE,14.0,True,DOWN_STRUCTURE,PROGRESSION,RANGE_COMPRESSION,IDENTIFIED,WINDOW_OBSERVED,0,0,11,False,0,0,True,INHERITED_RAW_PRICE_BASIS,True,False
2025-08-14|281A0,2025-08-14,281A0,10:00,10:15,15,COMPLETE,5,0,DOWN,-1.9047619047619047,AVAILABLE,14.0,True,DOWN_STRUCTURE,PROGRESSION,RANGE_EXPANSION|VOLUME_EXPANSION|TRADING_VALUE_EXPANSION,IDENTIFIED,WINDOW_OBSERVED,0,0,11,False,3,5,True,INHERITED_RAW_PRICE_BASIS,True,False
2025-08-14|281A0,2025-08-14,281A0,10:00,10:20,20,COMPLETE,5,0,DOWN,-1.0922330097087378,AVAILABLE,14.0,True,DOWN_STRUCTURE,PROGRESSION,VOLUME_EXPANSION|TRADING_VALUE_EXPANSION,IDENTIFIED,OBSERVATION_INSUFFICIENT,1,0,11,False,1,1,True,INHERITED_RAW_PRICE_BASIS,True,False
2025-08-14|281A0,2025-08-14,281A0,10:00,10:25,25,COMPLETE,5,0,UP,1.1076923076923078,AVAILABLE,14.0,True,DOWN_STRUCTURE,CORRECTION|RECOVERY,VOLUME_COMPRESSION|TRADING_VALUE_COMPRESSION,IDENTIFIED,OBSERVATION_INSUFFICIENT,1,0,12,False,2,2,True,INHERITED_RAW_PRICE_BASIS,True,True
2025-08-14|281A0,2025-08-14,281A0,10:00,10:30,30,PARTIAL,4,1,,,AVAILABLE,14.0,True,,,,UNRESOLVED_STRUCTURE,OBSERVATION_INSUFFICIENT,1,1,1,False,0,0,False,INHERITED_RAW_PRICE_BASIS,False,False
2025-08-14|281A0,2025-08-14,281A0,10:00,10:35,35,COMPLETE,5,0,DOWN,-0.12277470841006753,AVAILABLE,14.0,True,,,,UNRESOLVED_STRUCTURE,OBSERVATION_INSUFFICIENT,1,0,2,False,0,0,False,INHERITED_RAW_PRICE_BASIS,False,False
2025-08-14|281A0,2025-08-14,281A0,10:00,10:40,40,PARTIAL,4,1,,,AVAILABLE,14.0,True,,,,UNRESOLVED_STRUCTURE,OBSERVATION_INSUFFICIENT,1,1,1,False,1,0,False,INHERITED_RAW_PRICE_BASIS,False,False
2025-08-14|281A0,2025-08-14,281A0,10:00,10:45,45,COMPLETE,5,0,UP,0.12461059190031153,AVAILABLE,14.0,True,,,CHOPPINESS,UNRESOLVED_STRUCTURE,OBSERVATION_INSUFFICIENT,1,1,1,False,0,1,False,INHERITED_RAW_PRICE_BASIS,False,False
2025-08-14|281A0,2025-08-14,281A0,10:00,10:50,50,PARTIAL,4,1,,,AVAILABLE,14.0,True,,,,CURRENT_BAR_UNAVAILABLE,WINDOW_OBSERVED,0,0,0,False,2,1,False,INHERITED_RAW_PRICE_BASIS,False,False
2025-08-14|281A0,2025-08-14,281A0,10:00,10:55,55,COMPLETE,5,0,DOWN,-0.8728179551122195,AVAILABLE,14.0,True,,,,UNRESOLVED_STRUCTURE,WINDOW_OBSERVED,0,0,1,False,1,0,False,INHERITED_RAW_PRICE_BASIS,False,False
2025-08-14|281A0,2025-08-14,281A0,10:00,11:00,60,COMPLETE,5,0,DOWN,-0.37735849056603776,AVAILABLE,14.0,True,,RECOVERY,CHOPPINESS,UNRESOLVED_STRUCTURE,OBSERVATION_INSUFFICIENT,2,1,2,False,2,1,True,INHERITED_RAW_PRICE_BASIS,True,True
2025-08-14|281A0,2025-08-14,281A0,10:00,11:05,65,COMPLETE,5,0,UP,0.6944444444444444,AVAILABLE,14.0,True,,RECOVERY,VOLUME_COMPRESSION|TRADING_VALUE_COMPRESSION,UNRESOLVED_STRUCTURE,OBSERVATION_INSUFFICIENT,2,0,2,False,0,0,True,INHERITED_RAW_PRICE_BASIS,True,False
2025-08-14|281A0,2025-08-14,281A0,10:00,11:10,70,PARTIAL,3,2,,,AVAILABLE,14.0,True,,,,UNRESOLVED_STRUCTURE,OBSERVATION_INSUFFICIENT,1,0,0,False,0,0,False,INHERITED_RAW_PRICE_BASIS,False,False
2025-08-14|281A0,2025-08-14,281A0,10:00,11:15,75,COMPLETE,5,0,UP,0.5003126954346466,AVAILABLE,14.0,True,,,,UNRESOLVED_STRUCTURE,OBSERVATION_INSUFFICIENT,1,0,1,False,0,0,False,INHERITED_RAW_PRICE_BASIS,False,False
2025-08-14|281A0,2025-08-14,281A0,10:00,11:20,80,PARTIAL,4,1,,,AVAILABLE,14.0,True,,,,UNRESOLVED_STRUCTURE,OBSERVATION_INSUFFICIENT,4,0,1,False,0,0,False,INHERITED_RAW_PRICE_BASIS,False,False
2025-08-14|281A0,2025-08-14,281A0,10:00,11:25,85,COMPLETE,5,0,DOWN,-0.37453183520599254,AVAILABLE,14.0,True,,,,UNRESOLVED_STRUCTURE,OBSERVATION_INSUFFICIENT,4,0,1,False,0,0,False,INHERITED_RAW_PRICE_BASIS,False,False
2025-08-14|281A0,2025-08-14,281A0,10:00,11:30,90,PARTIAL,1,4,,,AVAILABLE,14.0,True,,,,CURRENT_BAR_UNAVAILABLE,WINDOW_OBSERVED,0,0,0,False,0,0,False,INHERITED_RAW_PRICE_BASIS,False,False
2025-08-14|281A0,2025-08-14,281A0,10:00,12:35,95,COMPLETE,5,0,DOWN,-3.300124533001245,AVAILABLE,14.0,True,,,,UNRESOLVED_STRUCTURE,WINDOW_OBSERVED,0,0,1,False,2,1,False,INHERITED_RAW_PRICE_BASIS,False,False
2025-08-14|281A0,2025-08-14,281A0,10:00,12:40,100,COMPLETE,5,0,DOWN,-1.9305019305019304,AVAILABLE,14.0,True,,,,UNRESOLVED_STRUCTURE,WINDOW_OBSERVED,0,0,1,False,1,1,False,INHERITED_RAW_PRICE_BASIS,True,False
2025-08-14|281A0,2025-08-14,281A0,10:00,12:45,105,COMPLETE,5,0,DOWN,-0.06561679790026247,AVAILABLE,14.0,True,,,CHOPPINESS|RANGE_COMPRESSION|VOLUME_COMPRESSION|TRADING_VALUE_COMPRESSION,UNRESOLVED_STRUCTURE,WINDOW_OBSERVED,0,0,1,False,2,0,False,INHERITED_RAW_PRICE_BASIS,True,False
2025-08-14|281A0,2025-08-14,281A0,10:00,12:50,110,COMPLETE,5,0,DOWN,-1.050558108995404,AVAILABLE,14.0,True,,,RANGE_EXPANSION,UNRESOLVED_STRUCTURE,WINDOW_OBSERVED,0,0,1,False,1,1,False,INHERITED_RAW_PRICE_BASIS,True,False
2025-08-14|281A0,2025-08-14,281A0,10:00,12:55,115,COMPLETE,5,0,DOWN,-0.5294506949040371,AVAILABLE,14.0,True,,,CHOPPINESS|RANGE_COMPRESSION,UNRESOLVED_STRUCTURE,WINDOW_OBSERVED,0,0,1,False,1,0,False,INHERITED_RAW_PRICE_BASIS,True,False
2025-08-14|281A0,2025-08-14,281A0,10:00,13:00,120,COMPLETE,5,0,UP,1.9333333333333333,AVAILABLE,14.0,True,,,RANGE_EXPANSION,UNRESOLVED_STRUCTURE,WINDOW_OBSERVED,0,1,3,False,2,2,False,INHERITED_RAW_PRICE_BASIS,True,False
2025-08-14|281A0,2025-08-14,281A0,10:00,13:05,125,COMPLETE,5,0,DOWN,-1.5810276679841897,AVAILABLE,14.0,True,,,RANGE_COMPRESSION|VOLUME_COMPRESSION|TRADING_VALUE_COMPRESSION,UNRESOLVED_STRUCTURE,WINDOW_OBSERVED,0,1,4,False,0,0,False,INHERITED_RAW_PRICE_BASIS,True,False
2025-08-14|281A0,2025-08-14,281A0,10:00,13:10,130,COMPLETE,5,0,UP,1.137123745819398,AVAILABLE,14.0,True,,RECOVERY,RANGE_COMPRESSION|VOLUME_COMPRESSION|TRADING_VALUE_COMPRESSION,UNRESOLVED_STRUCTURE,WINDOW_OBSERVED,0,0,4,False,0,0,True,INHERITED_RAW_PRICE_BASIS,True,True
2025-08-14|281A0,2025-08-14,281A0,10:00,13:15,135,COMPLETE,5,0,DOWN,-1.1896893588896233,AVAILABLE,14.0,True,,,VOLUME_EXPANSION|TRADING_VALUE_EXPANSION,UNRESOLVED_STRUCTURE,WINDOW_OBSERVED,0,0,5,False,0,0,False,INHERITED_RAW_PRICE_BASIS,True,True
2025-08-14|281A0,2025-08-14,281A0,10:00,13:20,140,COMPLETE,5,0,DOWN,-1.6722408026755853,AVAILABLE,14.0,True,,,VOLUME_EXPANSION|TRADING_VALUE_EXPANSION,UNRESOLVED_STRUCTURE,WINDOW_OBSERVED,0,0,5,False,4,2,False,INHERITED_RAW_PRICE_BASIS,True,False
2025-08-14|281A0,2025-08-14,281A0,10:00,13:25,145,COMPLETE,5,0,DOWN,-6.326530612244898,AVAILABLE,14.0,True,,,RANGE_EXPANSION|VOLUME_EXPANSION|TRADING_VALUE_EXPANSION,UNRESOLVED_STRUCTURE,WINDOW_OBSERVED,0,0,5,False,1,1,False,INHERITED_RAW_PRICE_BASIS,True,False
2025-08-14|281A0,2025-08-14,281A0,10:00,13:30,150,COMPLETE,5,0,UP,3.1860970311368573,AVAILABLE,14.0,True,DOWN_STRUCTURE,CORRECTION|RECOVERY,,IDENTIFIED,WINDOW_OBSERVED,0,0,6,False,2,2,True,INHERITED_RAW_PRICE_BASIS,True,True
2025-08-14|281A0,2025-08-14,281A0,10:00,13:35,155,COMPLETE,5,0,UP,1.408450704225352,AVAILABLE,14.0,True,DOWN_STRUCTURE,CORRECTION|RECOVERY,RANGE_COMPRESSION|VOLUME_COMPRESSION|TRADING_VALUE_COMPRESSION,IDENTIFIED,WINDOW_OBSERVED,0,0,6,False,0,0,True,INHERITED_RAW_PRICE_BASIS,True,False
2025-08-14|281A0,2025-08-14,281A0,10:00,13:40,160,COMPLETE,5,0,DOWN,-1.0402219140083218,AVAILABLE,14.0,True,DOWN_STRUCTURE,,RANGE_EXPANSION,IDENTIFIED,WINDOW_OBSERVED,0,1,8,False,0,0,True,INHERITED_RAW_PRICE_BASIS,True,True
2025-08-14|281A0,2025-08-14,281A0,10:00,13:45,165,COMPLETE,5,0,UP,1.050420168067227,AVAILABLE,14.0,True,DOWN_STRUCTURE,CORRECTION,VOLUME_COMPRESSION|TRADING_VALUE_COMPRESSION,IDENTIFIED,WINDOW_OBSERVED,0,0,8,False,1,1,True,INHERITED_RAW_PRICE_BASIS,True,True
2025-08-14|281A0,2025-08-14,281A0,10:00,13:50,170,COMPLETE,5,0,UP,0.4851004851004851,AVAILABLE,14.0,True,DOWN_STRUCTURE,CORRECTION,CHOPPINESS|RANGE_COMPRESSION|VOLUME_COMPRESSION|TRADING_VALUE_COMPRESSION,IDENTIFIED,WINDOW_OBSERVED,0,0,8,False,1,0,True,INHERITED_RAW_PRICE_BASIS,True,False
2025-08-14|281A0,2025-08-14,281A0,10:00,13:55,175,COMPLETE,5,0,UP,0.8947006194081212,AVAILABLE,14.0,True,UP_STRUCTURE,PROGRESSION,RANGE_EXPANSION|VOLUME_EXPANSION|TRADING_VALUE_EXPANSION,IDENTIFIED,WINDOW_OBSERVED,0,0,10,False,2,3,True,INHERITED_RAW_PRICE_BASIS,True,True
2025-08-14|281A0,2025-08-14,281A0,10:00,14:00,180,COMPLETE,5,0,UP,0.8861622358554874,AVAILABLE,14.0,True,UP_STRUCTURE,PROGRESSION,RANGE_COMPRESSION|VOLUME_EXPANSION|TRADING_VALUE_EXPANSION,IDENTIFIED,WINDOW_OBSERVED,0,0,10,False,0,0,True,INHERITED_RAW_PRICE_BASIS,True,False
2025-08-14|281A0,2025-08-14,281A0,10:00,14:05,185,COMPLETE,5,0,UP,0.4726536124240378,AVAILABLE,14.0,True,UP_STRUCTURE,CORRECTION,RANGE_EXPANSION|VOLUME_COMPRESSION|TRADING_VALUE_COMPRESSION,IDENTIFIED,WINDOW_OBSERVED,0,1,11,False,0,0,True,INHERITED_RAW_PRICE_BASIS,True,True
2025-08-14|281A0,2025-08-14,281A0,10:00,14:10,190,COMPLETE,5,0,DOWN,-0.0671591672263264,AVAILABLE,14.0,True,UP_STRUCTURE,RECOVERY,RANGE_COMPRESSION|VOLUME_COMPRESSION|TRADING_VALUE_COMPRESSION,IDENTIFIED,WINDOW_OBSERVED,0,0,12,False,0,0,True,INHERITED_RAW_PRICE_BASIS,True,True
2025-08-14|281A0,2025-08-14,281A0,10:00,14:15,195,COMPLETE,5,0,UP,1.4112903225806452,AVAILABLE,14.0,True,UP_STRUCTURE,CORRECTION,RANGE_EXPANSION|VOLUME_EXPANSION|TRADING_VALUE_EXPANSION,IDENTIFIED,WINDOW_OBSERVED,0,1,13,False,1,1,True,INHERITED_RAW_PRICE_BASIS,True,True
2025-08-14|281A0,2025-08-14,281A0,10:00,14:20,200,COMPLETE,5,0,DOWN,-0.7308970099667774,AVAILABLE,14.0,True,UP_STRUCTURE,CORRECTION,VOLUME_COMPRESSION|TRADING_VALUE_COMPRESSION,IDENTIFIED,WINDOW_OBSERVED,0,0,13,False,0,0,True,INHERITED_RAW_PRICE_BASIS,True,False
2025-08-14|281A0,2025-08-14,281A0,10:00,14:25,205,COMPLETE,5,0,UP,0.26755852842809363,AVAILABLE,14.0,True,UP_STRUCTURE,,,IDENTIFIED,OBSERVATION_INSUFFICIENT,1,1,16,False,0,0,True,INHERITED_RAW_PRICE_BASIS,True,True
2025-08-14|281A0,2025-08-14,281A0,10:00,14:30,210,COMPLETE,5,0,UP,1.1333333333333333,AVAILABLE,14.0,True,UP_STRUCTURE,PROGRESSION,RANGE_COMPRESSION|VOLUME_COMPRESSION|TRADING_VALUE_COMPRESSION,IDENTIFIED,OBSERVATION_INSUFFICIENT,1,0,16,False,0,0,True,INHERITED_RAW_PRICE_BASIS,True,True
2025-08-14|281A0,2025-08-14,281A0,10:00,14:35,215,PARTIAL,4,1,,,AVAILABLE,14.0,True,,,,CURRENT_BAR_UNAVAILABLE,WINDOW_OBSERVED,0,0,0,False,3,4,False,INHERITED_RAW_PRICE_BASIS,False,False
2025-08-14|281A0,2025-08-14,281A0,10:00,14:40,220,COMPLETE,5,0,DOWN,-0.8586525759577279,AVAILABLE,14.0,True,,,,UNRESOLVED_STRUCTURE,WINDOW_OBSERVED,0,0,1,False,0,0,False,INHERITED_RAW_PRICE_BASIS,False,False
2025-08-14|281A0,2025-08-14,281A0,10:00,14:45,225,COMPLETE,5,0,DOWN,-0.4666666666666667,AVAILABLE,14.0,True,,,RANGE_COMPRESSION|VOLUME_EXPANSION|TRADING_VALUE_EXPANSION,UNRESOLVED_STRUCTURE,WINDOW_OBSERVED,0,1,2,False,0,0,False,INHERITED_RAW_PRICE_BASIS,True,False
2025-08-14|281A0,2025-08-14,281A0,10:00,14:50,230,COMPLETE,5,0,UP,0.8037508372404555,AVAILABLE,14.0,True,,RECOVERY,VOLUME_COMPRESSION|TRADING_VALUE_COMPRESSION,UNRESOLVED_STRUCTURE,OBSERVATION_INSUFFICIENT,1,1,2,False,0,0,True,INHERITED_RAW_PRICE_BASIS,True,True
2025-08-14|281A0,2025-08-14,281A0,10:00,14:55,235,COMPLETE,5,0,UP,0.7308970099667774,AVAILABLE,14.0,True,,,RANGE_EXPANSION,UNRESOLVED_STRUCTURE,OBSERVATION_INSUFFICIENT,1,0,2,False,1,0,False,INHERITED_RAW_PRICE_BASIS,True,True
2025-08-14|281A0,2025-08-14,281A0,10:00,15:00,240,PARTIAL,4,1,,,AVAILABLE,14.0,True,,,,UNRESOLVED_STRUCTURE,WINDOW_OBSERVED,0,0,0,False,0,1,False,INHERITED_RAW_PRICE_BASIS,False,False
2025-08-14|281A0,2025-08-14,281A0,10:00,15:05,245,COMPLETE,5,0,UNCHANGED,0.0,AVAILABLE,14.0,True,,,,UNRESOLVED_STRUCTURE,WINDOW_OBSERVED,0,1,1,False,0,0,False,INHERITED_RAW_PRICE_BASIS,False,False
2025-08-14|281A0,2025-08-14,281A0,10:00,15:10,250,COMPLETE,5,0,UP,0.598404255319149,AVAILABLE,14.0,True,,,RANGE_EXPANSION,UNRESOLVED_STRUCTURE,WINDOW_OBSERVED,0,0,1,False,0,0,False,INHERITED_RAW_PRICE_BASIS,True,False
2025-08-14|281A0,2025-08-14,281A0,10:00,15:15,255,COMPLETE,5,0,UP,0.46296296296296297,AVAILABLE,14.0,True,,,RANGE_COMPRESSION|VOLUME_EXPANSION|TRADING_VALUE_EXPANSION,UNRESOLVED_STRUCTURE,WINDOW_OBSERVED,0,0,1,False,0,0,False,INHERITED_RAW_PRICE_BASIS,True,False
2025-08-14|281A0,2025-08-14,281A0,10:00,15:20,260,COMPLETE,5,0,UP,0.066006600660066,AVAILABLE,14.0,True,,,RANGE_COMPRESSION|VOLUME_COMPRESSION|TRADING_VALUE_COMPRESSION,UNRESOLVED_STRUCTURE,RIGHT_CENSORED,0,0,1,False,0,0,False,INHERITED_RAW_PRICE_BASIS,True,False
2025-08-14|281A0,2025-08-14,281A0,10:00,15:25,265,COMPLETE,5,0,UP,0.5273566249176005,AVAILABLE,14.0,True,,,RANGE_EXPANSION|VOLUME_EXPANSION|TRADING_VALUE_EXPANSION,UNRESOLVED_STRUCTURE,RIGHT_CENSORED,0,0,1,False,0,0,False,INHERITED_RAW_PRICE_BASIS,True,False
2025-08-14|30790,2025-08-14,30790,10:00,10:00,0,PARTIAL,4,1,,,SCALE_INSUFFICIENT,,True,,,,CURRENT_BAR_UNAVAILABLE,OBSERVATION_INSUFFICIENT,2,0,0,False,2,1,False,INHERITED_RAW_PRICE_BASIS,False,False
2025-08-14|30790,2025-08-14,30790,10:00,10:05,5,PARTIAL,4,1,,,SCALE_INSUFFICIENT,,True,,,,SCALE_UNAVAILABLE,OBSERVATION_INSUFFICIENT,3,0,0,False,0,0,False,INHERITED_RAW_PRICE_BASIS,False,False
2025-08-14|30790,2025-08-14,30790,10:00,10:10,10,PARTIAL,4,1,,,SCALE_INSUFFICIENT,,True,,,,SCALE_UNAVAILABLE,OBSERVATION_INSUFFICIENT,4,0,0,False,0,0,False,INHERITED_RAW_PRICE_BASIS,False,False
2025-08-14|30790,2025-08-14,30790,10:00,10:15,15,PARTIAL,3,2,,,SCALE_INSUFFICIENT,,True,,,,SCALE_UNAVAILABLE,OBSERVATION_INSUFFICIENT,7,0,0,False,0,0,False,INHERITED_RAW_PRICE_BASIS,False,False
2025-08-14|30790,2025-08-14,30790,10:00,10:20,20,PARTIAL,3,2,,,SCALE_INSUFFICIENT,,True,,,,CURRENT_BAR_UNAVAILABLE,OBSERVATION_INSUFFICIENT,8,0,0,False,0,0,False,INHERITED_RAW_PRICE_BASIS,False,False
2025-08-14|30790,2025-08-14,30790,10:00,10:25,25,UNAVAILABLE,0,5,,,SCALE_INSUFFICIENT,,True,,,,CURRENT_BAR_UNAVAILABLE,OBSERVATION_INSUFFICIENT,6,0,0,False,0,0,False,INHERITED_RAW_PRICE_BASIS,False,False
2025-08-14|30790,2025-08-14,30790,10:00,10:30,30,PARTIAL,2,3,,,SCALE_INSUFFICIENT,,True,,,,CURRENT_BAR_UNAVAILABLE,OBSERVATION_INSUFFICIENT,7,0,0,False,0,0,False,INHERITED_RAW_PRICE_BASIS,False,False
2025-08-14|30790,2025-08-14,30790,10:00,10:35,35,PARTIAL,2,3,,,SCALE_INSUFFICIENT,,True,,,,CURRENT_BAR_UNAVAILABLE,OBSERVATION_INSUFFICIENT,9,0,0,False,0,0,False,INHERITED_RAW_PRICE_BASIS,False,False
2025-08-14|30790,2025-08-14,30790,10:00,10:40,40,PARTIAL,1,4,,,SCALE_INSUFFICIENT,,True,,,,SCALE_UNAVAILABLE,OBSERVATION_INSUFFICIENT,8,0,0,False,0,0,False,INHERITED_RAW_PRICE_BASIS,False,False
2025-08-14|30790,2025-08-14,30790,10:00,10:45,45,UNAVAILABLE,0,5,,,SCALE_INSUFFICIENT,,True,,,,CURRENT_BAR_UNAVAILABLE,OBSERVATION_INSUFFICIENT,6,0,0,False,0,0,False,INHERITED_RAW_PRICE_BASIS,False,False
2025-08-14|30790,2025-08-14,30790,10:00,10:50,50,PARTIAL,2,3,,,SCALE_INSUFFICIENT,,True,,,,CURRENT_BAR_UNAVAILABLE,OBSERVATION_INSUFFICIENT,8,0,0,False,0,0,False,INHERITED_RAW_PRICE_BASIS,False,False
2025-08-14|30790,2025-08-14,30790,10:00,10:55,55,PARTIAL,2,3,,,SCALE_INSUFFICIENT,,True,,,,SCALE_UNAVAILABLE,OBSERVATION_INSUFFICIENT,7,0,0,False,0,0,False,INHERITED_RAW_PRICE_BASIS,False,False
2025-08-14|30790,2025-08-14,30790,10:00,11:00,60,UNAVAILABLE,0,5,,,SCALE_INSUFFICIENT,,True,,,,CURRENT_BAR_UNAVAILABLE,OBSERVATION_INSUFFICIENT,4,0,0,False,0,0,False,INHERITED_RAW_PRICE_BASIS,False,False
2025-08-14|30790,2025-08-14,30790,10:00,11:05,65,PARTIAL,3,2,,,SCALE_INSUFFICIENT,,True,,,,SCALE_UNAVAILABLE,OBSERVATION_INSUFFICIENT,6,0,0,False,0,0,False,INHERITED_RAW_PRICE_BASIS,False,False
2025-08-14|30790,2025-08-14,30790,10:00,11:10,70,PARTIAL,3,2,,,SCALE_INSUFFICIENT,,True,,,,CURRENT_BAR_UNAVAILABLE,OBSERVATION_INSUFFICIENT,6,0,0,False,0,0,False,INHERITED_RAW_PRICE_BASIS,False,False
2025-08-14|30790,2025-08-14,30790,10:00,11:15,75,PARTIAL,1,4,,,SCALE_INSUFFICIENT,,True,,,,SCALE_UNAVAILABLE,OBSERVATION_INSUFFICIENT,5,0,0,False,0,0,False,INHERITED_RAW_PRICE_BASIS,False,False
2025-08-14|30790,2025-08-14,30790,10:00,11:20,80,PARTIAL,3,2,,,SCALE_INSUFFICIENT,,True,,,,SCALE_UNAVAILABLE,OBSERVATION_INSUFFICIENT,4,0,0,False,0,0,False,INHERITED_RAW_PRICE_BASIS,False,False
2025-08-14|30790,2025-08-14,30790,10:00,11:25,85,PARTIAL,2,3,,,SCALE_INSUFFICIENT,,True,,,,SCALE_UNAVAILABLE,OBSERVATION_INSUFFICIENT,2,0,0,False,0,0,False,INHERITED_RAW_PRICE_BASIS,False,False
2025-08-14|30790,2025-08-14,30790,10:00,11:30,90,PARTIAL,4,1,,,SCALE_INSUFFICIENT,,True,,,,SCALE_UNAVAILABLE,OBSERVATION_INSUFFICIENT,2,0,0,False,0,0,False,INHERITED_RAW_PRICE_BASIS,False,False
2025-08-14|30790,2025-08-14,30790,10:00,12:35,95,PARTIAL,4,1,,,SCALE_INSUFFICIENT,,True,,,,SCALE_UNAVAILABLE,OBSERVATION_INSUFFICIENT,5,0,0,False,0,0,False,INHERITED_RAW_PRICE_BASIS,False,False
2025-08-14|30790,2025-08-14,30790,10:00,12:40,100,PARTIAL,4,1,,,SCALE_INSUFFICIENT,,True,,,,SCALE_UNAVAILABLE,OBSERVATION_INSUFFICIENT,7,0,0,False,0,0,False,INHERITED_RAW_PRICE_BASIS,False,False
2025-08-14|30790,2025-08-14,30790,10:00,12:45,105,PARTIAL,1,4,,,SCALE_INSUFFICIENT,,True,,,,SCALE_UNAVAILABLE,OBSERVATION_INSUFFICIENT,6,0,0,False,0,0,False,INHERITED_RAW_PRICE_BASIS,False,False
2025-08-14|30790,2025-08-14,30790,10:00,12:50,110,PARTIAL,2,3,,,SCALE_INSUFFICIENT,,True,,,,CURRENT_BAR_UNAVAILABLE,OBSERVATION_INSUFFICIENT,3,0,0,False,0,0,False,INHERITED_RAW_PRICE_BASIS,False,False
2025-08-14|30790,2025-08-14,30790,10:00,12:55,115,PARTIAL,2,3,,,SCALE_INSUFFICIENT,,True,,,,SCALE_UNAVAILABLE,OBSERVATION_INSUFFICIENT,4,0,0,False,0,0,False,INHERITED_RAW_PRICE_BASIS,False,False
2025-08-14|30790,2025-08-14,30790,10:00,13:00,120,COMPLETE,5,0,UP,0.2744739249771272,SCALE_INSUFFICIENT,,True,,,,SCALE_UNAVAILABLE,OBSERVATION_INSUFFICIENT,8,0,0,False,0,0,False,INHERITED_RAW_PRICE_BASIS,False,False
2025-08-14|30790,2025-08-14,30790,10:00,13:05,125,PARTIAL,1,4,,,SCALE_INSUFFICIENT,,True,,,,CURRENT_BAR_UNAVAILABLE,OBSERVATION_INSUFFICIENT,5,0,0,False,0,0,False,INHERITED_RAW_PRICE_BASIS,False,False
2025-08-14|30790,2025-08-14,30790,10:00,13:10,130,PARTIAL,1,4,,,SCALE_INSUFFICIENT,,True,,,,SCALE_UNAVAILABLE,OBSERVATION_INSUFFICIENT,4,0,0,False,0,0,False,INHERITED_RAW_PRICE_BASIS,False,False
2025-08-14|30790,2025-08-14,30790,10:00,13:15,135,PARTIAL,4,1,,,SCALE_INSUFFICIENT,,True,,,,CURRENT_BAR_UNAVAILABLE,OBSERVATION_INSUFFICIENT,8,0,0,False,0,0,False,INHERITED_RAW_PRICE_BASIS,False,False
2025-08-14|30790,2025-08-14,30790,10:00,13:20,140,PARTIAL,2,3,,,SCALE_INSUFFICIENT,,True,,,,CURRENT_BAR_UNAVAILABLE,OBSERVATION_INSUFFICIENT,7,0,0,False,0,0,False,INHERITED_RAW_PRICE_BASIS,False,False
2025-08-14|30790,2025-08-14,30790,10:00,13:25,145,UNAVAILABLE,0,5,,,SCALE_INSUFFICIENT,,True,,,,CURRENT_BAR_UNAVAILABLE,OBSERVATION_INSUFFICIENT,4,0,0,False,0,0,False,INHERITED_RAW_PRICE_BASIS,False,False
2025-08-14|30790,2025-08-14,30790,10:00,13:30,150,PARTIAL,3,2,,,SCALE_INSUFFICIENT,,True,,,,SCALE_UNAVAILABLE,OBSERVATION_INSUFFICIENT,6,0,0,False,0,0,False,INHERITED_RAW_PRICE_BASIS,False,False
2025-08-14|30790,2025-08-14,30790,10:00,13:35,155,PARTIAL,3,2,,,SCALE_INSUFFICIENT,,True,,,,CURRENT_BAR_UNAVAILABLE,OBSERVATION_INSUFFICIENT,8,0,0,False,0,0,False,INHERITED_RAW_PRICE_BASIS,False,False
2025-08-14|30790,2025-08-14,30790,10:00,13:40,160,PARTIAL,1,4,,,SCALE_INSUFFICIENT,,True,,,,CURRENT_BAR_UNAVAILABLE,OBSERVATION_INSUFFICIENT,7,0,0,False,0,0,False,INHERITED_RAW_PRICE_BASIS,False,False
2025-08-14|30790,2025-08-14,30790,10:00,13:45,165,PARTIAL,1,4,,,SCALE_INSUFFICIENT,,True,,,,CURRENT_BAR_UNAVAILABLE,OBSERVATION_INSUFFICIENT,6,0,0,False,0,0,False,INHERITED_RAW_PRICE_BASIS,False,False
2025-08-14|30790,2025-08-14,30790,10:00,13:50,170,PARTIAL,2,3,,,SCALE_INSUFFICIENT,,True,,,,CURRENT_BAR_UNAVAILABLE,OBSERVATION_INSUFFICIENT,8,0,0,False,0,0,False,INHERITED_RAW_PRICE_BASIS,False,False
2025-08-14|30790,2025-08-14,30790,10:00,13:55,175,PARTIAL,2,3,,,SCALE_INSUFFICIENT,,True,,,,CURRENT_BAR_UNAVAILABLE,OBSERVATION_INSUFFICIENT,7,0,0,False,0,0,False,INHERITED_RAW_PRICE_BASIS,False,False
2025-08-14|30790,2025-08-14,30790,10:00,14:00,180,UNAVAILABLE,0,5,,,SCALE_INSUFFICIENT,,True,,,,CURRENT_BAR_UNAVAILABLE,OBSERVATION_INSUFFICIENT,6,0,0,False,0,0,False,INHERITED_RAW_PRICE_BASIS,False,False
2025-08-14|30790,2025-08-14,30790,10:00,14:05,185,PARTIAL,3,2,,,SCALE_INSUFFICIENT,,True,,,,CURRENT_BAR_UNAVAILABLE,OBSERVATION_INSUFFICIENT,6,0,0,False,0,0,False,INHERITED_RAW_PRICE_BASIS,False,False
2025-08-14|30790,2025-08-14,30790,10:00,14:10,190,PARTIAL,1,4,,,SCALE_INSUFFICIENT,,True,,,,SCALE_UNAVAILABLE,OBSERVATION_INSUFFICIENT,3,0,0,False,0,0,False,INHERITED_RAW_PRICE_BASIS,False,False
2025-08-14|30790,2025-08-14,30790,10:00,14:15,195,PARTIAL,3,2,,,SCALE_INSUFFICIENT,,True,,,,SCALE_UNAVAILABLE,OBSERVATION_INSUFFICIENT,5,0,0,False,0,0,False,INHERITED_RAW_PRICE_BASIS,False,False
2025-08-14|30790,2025-08-14,30790,10:00,14:20,200,PARTIAL,4,1,,,SCALE_INSUFFICIENT,,True,,,,SCALE_UNAVAILABLE,OBSERVATION_INSUFFICIENT,7,0,0,False,0,0,False,INHERITED_RAW_PRICE_BASIS,False,False
2025-08-14|30790,2025-08-14,30790,10:00,14:25,205,PARTIAL,1,4,,,SCALE_INSUFFICIENT,,True,,,,CURRENT_BAR_UNAVAILABLE,OBSERVATION_INSUFFICIENT,5,0,0,False,0,0,False,INHERITED_RAW_PRICE_BASIS,False,False
2025-08-14|30790,2025-08-14,30790,10:00,14:30,210,PARTIAL,2,3,,,SCALE_INSUFFICIENT,,True,,,,SCALE_UNAVAILABLE,OBSERVATION_INSUFFICIENT,7,0,0,False,0,0,False,INHERITED_RAW_PRICE_BASIS,False,False
2025-08-14|30790,2025-08-14,30790,10:00,14:35,215,PARTIAL,3,2,,,SCALE_INSUFFICIENT,,True,,,,CURRENT_BAR_UNAVAILABLE,OBSERVATION_INSUFFICIENT,7,0,0,False,0,0,False,INHERITED_RAW_PRICE_BASIS,False,False
2025-08-14|30790,2025-08-14,30790,10:00,14:40,220,UNAVAILABLE,0,5,,,SCALE_INSUFFICIENT,,True,,,,CURRENT_BAR_UNAVAILABLE,OBSERVATION_INSUFFICIENT,6,0,0,False,0,0,False,INHERITED_RAW_PRICE_BASIS,False,False
2025-08-14|30790,2025-08-14,30790,10:00,14:45,225,PARTIAL,3,2,,,SCALE_INSUFFICIENT,,True,,,,SCALE_UNAVAILABLE,OBSERVATION_INSUFFICIENT,7,0,0,False,0,0,False,INHERITED_RAW_PRICE_BASIS,False,False
2025-08-14|30790,2025-08-14,30790,10:00,14:50,230,PARTIAL,1,4,,,SCALE_INSUFFICIENT,,True,,,,CURRENT_BAR_UNAVAILABLE,OBSERVATION_INSUFFICIENT,4,0,0,False,0,0,False,INHERITED_RAW_PRICE_BASIS,False,False
2025-08-14|30790,2025-08-14,30790,10:00,14:55,235,PARTIAL,2,3,,,SCALE_INSUFFICIENT,,True,,,,CURRENT_BAR_UNAVAILABLE,OBSERVATION_INSUFFICIENT,3,0,0,False,0,0,False,INHERITED_RAW_PRICE_BASIS,False,False
2025-08-14|30790,2025-08-14,30790,10:00,15:00,240,PARTIAL,4,1,,,SCALE_INSUFFICIENT,,True,,,,CURRENT_BAR_UNAVAILABLE,OBSERVATION_INSUFFICIENT,4,0,0,False,0,0,False,INHERITED_RAW_PRICE_BASIS,False,False
2025-08-14|30790,2025-08-14,30790,10:00,15:05,245,PARTIAL,3,2,,,SCALE_INSUFFICIENT,,True,,,,SCALE_UNAVAILABLE,OBSERVATION_INSUFFICIENT,2,0,0,False,0,0,False,INHERITED_RAW_PRICE_BASIS,False,False
2025-08-14|30790,2025-08-14,30790,10:00,15:10,250,PARTIAL,3,2,,,SCALE_INSUFFICIENT,,True,,,,CURRENT_BAR_UNAVAILABLE,OBSERVATION_INSUFFICIENT,2,0,0,False,0,0,False,INHERITED_RAW_PRICE_BASIS,False,False
2025-08-14|30790,2025-08-14,30790,10:00,15:15,255,COMPLETE,5,0,DOWN,-0.09191176470588236,SCALE_INSUFFICIENT,,True,,,,SCALE_UNAVAILABLE,OBSERVATION_INSUFFICIENT,3,0,0,False,0,0,False,INHERITED_RAW_PRICE_BASIS,False,False
2025-08-14|30790,2025-08-14,30790,10:00,15:20,260,PARTIAL,3,2,,,SCALE_INSUFFICIENT,,True,,,,SCALE_UNAVAILABLE,RIGHT_CENSORED,1,0,0,False,0,0,False,INHERITED_RAW_PRICE_BASIS,False,False
2025-08-14|30790,2025-08-14,30790,10:00,15:25,265,PARTIAL,4,1,,,SCALE_INSUFFICIENT,,True,,,,SCALE_UNAVAILABLE,RIGHT_CENSORED,0,0,0,False,0,0,False,INHERITED_RAW_PRICE_BASIS,False,False
2025-08-14|35610,2025-08-14,35610,13:00,13:00,0,COMPLETE,5,0,DOWN,-0.14316392269148176,SCALE_INSUFFICIENT,,True,,,,SCALE_UNAVAILABLE,WINDOW_OBSERVED,0,0,0,False,0,0,False,INHERITED_RAW_PRICE_BASIS,False,False
2025-08-14|35610,2025-08-14,35610,13:00,13:05,5,COMPLETE,5,0,UP,0.14336917562724014,SCALE_INSUFFICIENT,,True,,,VOLUME_COMPRESSION|TRADING_VALUE_COMPRESSION,SCALE_UNAVAILABLE,WINDOW_OBSERVED,0,0,0,False,0,0,False,INHERITED_RAW_PRICE_BASIS,True,False
2025-08-14|35610,2025-08-14,35610,13:00,13:10,10,COMPLETE,5,0,UP,0.14316392269148176,SCALE_INSUFFICIENT,,True,,,,SCALE_UNAVAILABLE,WINDOW_OBSERVED,0,0,0,False,0,0,False,INHERITED_RAW_PRICE_BASIS,True,False
2025-08-14|35610,2025-08-14,35610,13:00,13:15,15,COMPLETE,5,0,UP,0.2145922746781116,SCALE_INSUFFICIENT,,True,,,VOLUME_COMPRESSION|TRADING_VALUE_COMPRESSION,SCALE_UNAVAILABLE,OBSERVATION_INSUFFICIENT,1,0,0,False,0,0,False,INHERITED_RAW_PRICE_BASIS,True,False
2025-08-14|35610,2025-08-14,35610,13:00,13:20,20,COMPLETE,5,0,UNCHANGED,0.0,SCALE_INSUFFICIENT,,True,,,RANGE_COMPRESSION|VOLUME_EXPANSION|TRADING_VALUE_EXPANSION,SCALE_UNAVAILABLE,OBSERVATION_INSUFFICIENT,2,0,0,False,0,0,False,INHERITED_RAW_PRICE_BASIS,True,False
2025-08-14|35610,2025-08-14,35610,13:00,13:25,25,PARTIAL,4,1,,,SCALE_INSUFFICIENT,,True,,,,SCALE_UNAVAILABLE,OBSERVATION_INSUFFICIENT,1,0,0,False,0,0,False,INHERITED_RAW_PRICE_BASIS,False,False
2025-08-14|35610,2025-08-14,35610,13:00,13:30,30,PARTIAL,4,1,,,SCALE_INSUFFICIENT,,True,,,,CURRENT_BAR_UNAVAILABLE,WINDOW_OBSERVED,0,0,0,False,0,0,False,INHERITED_RAW_PRICE_BASIS,False,False
2025-08-14|35610,2025-08-14,35610,13:00,13:35,35,COMPLETE,5,0,UP,0.5706134094151213,SCALE_INSUFFICIENT,,True,,,,SCALE_UNAVAILABLE,WINDOW_OBSERVED,0,0,0,False,0,0,False,INHERITED_RAW_PRICE_BASIS,False,False
2025-08-14|35610,2025-08-14,35610,13:00,13:40,40,COMPLETE,5,0,DOWN,-0.14184397163120568,SCALE_INSUFFICIENT,,True,,,RANGE_COMPRESSION,SCALE_UNAVAILABLE,OBSERVATION_INSUFFICIENT,1,0,0,False,0,0,False,INHERITED_RAW_PRICE_BASIS,True,False
2025-08-14|35610,2025-08-14,35610,13:00,13:45,45,COMPLETE,5,0,DOWN,-0.14214641080312723,SCALE_INSUFFICIENT,,True,,,RANGE_COMPRESSION|VOLUME_COMPRESSION|TRADING_VALUE_COMPRESSION,SCALE_UNAVAILABLE,OBSERVATION_INSUFFICIENT,1,0,0,False,0,0,False,INHERITED_RAW_PRICE_BASIS,True,False
2025-08-14|35610,2025-08-14,35610,13:00,13:50,50,PARTIAL,4,1,,,SCALE_INSUFFICIENT,,True,,,,CURRENT_BAR_UNAVAILABLE,WINDOW_OBSERVED,0,0,0,False,0,0,False,INHERITED_RAW_PRICE_BASIS,False,False
2025-08-14|35610,2025-08-14,35610,13:00,13:55,55,COMPLETE,5,0,UP,0.5689900426742532,SCALE_INSUFFICIENT,,True,,,,SCALE_UNAVAILABLE,WINDOW_OBSERVED,0,0,0,False,0,0,False,INHERITED_RAW_PRICE_BASIS,False,False
2025-08-14|35610,2025-08-14,35610,13:00,14:00,60,COMPLETE,5,0,UP,0.49504950495049505,SCALE_INSUFFICIENT,,True,,,VOLUME_EXPANSION|TRADING_VALUE_EXPANSION,SCALE_UNAVAILABLE,OBSERVATION_INSUFFICIENT,1,0,0,False,0,0,False,INHERITED_RAW_PRICE_BASIS,True,False
2025-08-14|35610,2025-08-14,35610,13:00,14:05,65,COMPLETE,5,0,DOWN,-0.21156558533145275,SCALE_INSUFFICIENT,,True,,,RANGE_COMPRESSION|VOLUME_COMPRESSION|TRADING_VALUE_COMPRESSION,SCALE_UNAVAILABLE,OBSERVATION_INSUFFICIENT,1,0,0,False,0,0,False,INHERITED_RAW_PRICE_BASIS,True,False
2025-08-14|35610,2025-08-14,35610,13:00,14:10,70,PARTIAL,4,1,,,SCALE_INSUFFICIENT,,True,,,,SCALE_UNAVAILABLE,WINDOW_OBSERVED,0,0,0,False,0,0,False,INHERITED_RAW_PRICE_BASIS,False,False
2025-08-14|35610,2025-08-14,35610,13:00,14:15,75,COMPLETE,5,0,UP,0.14094432699083861,SCALE_INSUFFICIENT,,True,,,,SCALE_UNAVAILABLE,WINDOW_OBSERVED,0,0,0,False,0,0,False,INHERITED_RAW_PRICE_BASIS,False,False
2025-08-14|35610,2025-08-14,35610,13:00,14:20,80,COMPLETE,5,0,DOWN,-0.21082220660576248,SCALE_INSUFFICIENT,,True,,,,SCALE_UNAVAILABLE,OBSERVATION_INSUFFICIENT,2,0,0,False,0,0,False,INHERITED_RAW_PRICE_BASIS,True,False
2025-08-14|35610,2025-08-14,35610,13:00,14:25,85,COMPLETE,5,0,UNCHANGED,0.0,SCALE_INSUFFICIENT,,True,,,RANGE_COMPRESSION|VOLUME_COMPRESSION|TRADING_VALUE_COMPRESSION,SCALE_UNAVAILABLE,OBSERVATION_INSUFFICIENT,2,0,0,False,0,0,False,INHERITED_RAW_PRICE_BASIS,True,False
2025-08-14|35610,2025-08-14,35610,13:00,14:30,90,PARTIAL,3,2,,,SCALE_INSUFFICIENT,,True,,,,SCALE_UNAVAILABLE,WINDOW_OBSERVED,0,0,0,False,0,0,False,INHERITED_RAW_PRICE_BASIS,False,False
2025-08-14|35610,2025-08-14,35610,13:00,14:35,95,COMPLETE,5,0,DOWN,-0.21082220660576248,SCALE_INSUFFICIENT,,True,,,,SCALE_UNAVAILABLE,WINDOW_OBSERVED,0,0,0,False,0,0,False,INHERITED_RAW_PRICE_BASIS,False,False
2025-08-14|35610,2025-08-14,35610,13:00,14:40,100,COMPLETE,5,0,UNCHANGED,0.0,SCALE_INSUFFICIENT,,True,,,RANGE_COMPRESSION|VOLUME_COMPRESSION|TRADING_VALUE_COMPRESSION,SCALE_UNAVAILABLE,OBSERVATION_INSUFFICIENT,1,0,0,False,0,0,False,INHERITED_RAW_PRICE_BASIS,True,False
2025-08-14|35610,2025-08-14,35610,13:00,14:45,105,COMPLETE,5,0,UNCHANGED,0.0,SCALE_INSUFFICIENT,,True,,,RANGE_EXPANSION,SCALE_UNAVAILABLE,OBSERVATION_INSUFFICIENT,1,0,0,False,0,0,False,INHERITED_RAW_PRICE_BASIS,True,False
2025-08-14|35610,2025-08-14,35610,13:00,14:50,110,PARTIAL,4,1,,,SCALE_INSUFFICIENT,,True,,,,SCALE_UNAVAILABLE,WINDOW_OBSERVED,0,0,0,False,0,0,False,INHERITED_RAW_PRICE_BASIS,False,False
2025-08-14|35610,2025-08-14,35610,13:00,14:55,115,COMPLETE,5,0,DOWN,-0.14074595355383532,SCALE_INSUFFICIENT,,True,,,,SCALE_UNAVAILABLE,OBSERVATION_INSUFFICIENT,1,0,0,False,0,0,False,INHERITED_RAW_PRICE_BASIS,False,False
2025-08-14|35610,2025-08-14,35610,13:00,15:00,120,COMPLETE,5,0,UNCHANGED,0.0,SCALE_INSUFFICIENT,,True,,,RANGE_COMPRESSION|VOLUME_EXPANSION|TRADING_VALUE_EXPANSION,SCALE_UNAVAILABLE,OBSERVATION_INSUFFICIENT,1,0,0,False,0,0,False,INHERITED_RAW_PRICE_BASIS,True,False
2025-08-14|35610,2025-08-14,35610,13:00,15:05,125,PARTIAL,4,1,,,SCALE_INSUFFICIENT,,True,,,,SCALE_UNAVAILABLE,OBSERVATION_INSUFFICIENT,1,0,0,False,0,0,False,INHERITED_RAW_PRICE_BASIS,False,False
2025-08-14|35610,2025-08-14,35610,13:00,15:10,130,COMPLETE,5,0,DOWN,-0.14104372355430184,SCALE_INSUFFICIENT,,True,,,,SCALE_UNAVAILABLE,OBSERVATION_INSUFFICIENT,1,0,0,False,0,0,False,INHERITED_RAW_PRICE_BASIS,False,False
2025-08-14|35610,2025-08-14,35610,13:00,15:15,135,PARTIAL,4,1,,,SCALE_INSUFFICIENT,,True,,,,SCALE_UNAVAILABLE,OBSERVATION_INSUFFICIENT,1,0,0,False,0,0,False,INHERITED_RAW_PRICE_BASIS,False,False
2025-08-14|35610,2025-08-14,35610,13:00,15:20,140,COMPLETE,5,0,UP,0.14094432699083861,SCALE_INSUFFICIENT,,True,,,,SCALE_UNAVAILABLE,RIGHT_CENSORED,1,0,0,False,0,0,False,INHERITED_RAW_PRICE_BASIS,False,False
2025-08-14|35610,2025-08-14,35610,13:00,15:25,145,PARTIAL,4,1,,,SCALE_INSUFFICIENT,,True,,,,SCALE_UNAVAILABLE,RIGHT_CENSORED,0,0,0,False,0,0,False,INHERITED_RAW_PRICE_BASIS,False,False
2025-08-14|38140,2025-08-14,38140,10:30,10:30,0,COMPLETE,5,0,DOWN,-0.5376344086021505,AVAILABLE,2.0,True,DOWN_STRUCTURE,PROGRESSION,,IDENTIFIED,WINDOW_OBSERVED,0,0,18,False,2,3,True,INHERITED_RAW_PRICE_BASIS,False,False
2025-08-14|38140,2025-08-14,38140,10:30,10:35,5,COMPLETE,5,0,DOWN,-2.1621621621621623,AVAILABLE,2.0,True,DOWN_STRUCTURE,PROGRESSION,VOLUME_EXPANSION|TRADING_VALUE_EXPANSION,IDENTIFIED,WINDOW_OBSERVED,0,0,18,False,1,5,True,INHERITED_RAW_PRICE_BASIS,True,False
2025-08-14|38140,2025-08-14,38140,10:30,10:40,10,COMPLETE,5,0,DOWN,-6.629834254143646,AVAILABLE,2.0,True,DOWN_STRUCTURE,CORRECTION|RECOVERY,RANGE_EXPANSION,IDENTIFIED,OBSERVATION_INSUFFICIENT,1,0,19,False,1,1,True,INHERITED_RAW_PRICE_BASIS,True,True
2025-08-14|38140,2025-08-14,38140,10:30,10:45,15,COMPLETE,5,0,UP,4.1420118343195265,AVAILABLE,2.0,True,DOWN_STRUCTURE,PROGRESSION,VOLUME_COMPRESSION|TRADING_VALUE_COMPRESSION,IDENTIFIED,OBSERVATION_INSUFFICIENT,1,0,22,False,0,0,True,INHERITED_RAW_PRICE_BASIS,True,True
2025-08-14|38140,2025-08-14,38140,10:30,10:50,20,PARTIAL,4,1,,,AVAILABLE,2.0,True,,,,CURRENT_BAR_UNAVAILABLE,OBSERVATION_INSUFFICIENT,1,0,0,False,0,1,False,INHERITED_RAW_PRICE_BASIS,False,False
2025-08-14|38140,2025-08-14,38140,10:30,10:55,25,COMPLETE,5,0,DOWN,-1.7142857142857142,AVAILABLE,2.0,True,,,,UNRESOLVED_STRUCTURE,OBSERVATION_INSUFFICIENT,2,0,1,False,0,0,False,INHERITED_RAW_PRICE_BASIS,False,False
2025-08-14|38140,2025-08-14,38140,10:30,11:00,30,PARTIAL,4,1,,,AVAILABLE,2.0,True,,,,UNRESOLVED_STRUCTURE,OBSERVATION_INSUFFICIENT,1,0,0,False,0,0,False,INHERITED_RAW_PRICE_BASIS,False,False
2025-08-14|38140,2025-08-14,38140,10:30,11:05,35,PARTIAL,4,1,,,AVAILABLE,2.0,True,,,,UNRESOLVED_STRUCTURE,WINDOW_OBSERVED,0,0,1,False,0,0,False,INHERITED_RAW_PRICE_BASIS,False,False
2025-08-14|38140,2025-08-14,38140,10:30,11:10,40,COMPLETE,5,0,UP,0.5952380952380952,AVAILABLE,2.0,True,,,,UNRESOLVED_STRUCTURE,WINDOW_OBSERVED,0,1,3,False,0,1,False,INHERITED_RAW_PRICE_BASIS,False,False
2025-08-14|38140,2025-08-14,38140,10:30,11:15,45,COMPLETE,5,0,DOWN,-1.7647058823529411,AVAILABLE,2.0,True,,,RANGE_EXPANSION|VOLUME_COMPRESSION|TRADING_VALUE_COMPRESSION,UNRESOLVED_STRUCTURE,OBSERVATION_INSUFFICIENT,2,0,3,False,0,0,False,INHERITED_RAW_PRICE_BASIS,True,False
2025-08-14|38140,2025-08-14,38140,10:30,11:20,50,COMPLETE,5,0,UP,0.5988023952095808,AVAILABLE,2.0,True,,,RANGE_COMPRESSION|VOLUME_COMPRESSION|TRADING_VALUE_COMPRESSION,UNRESOLVED_STRUCTURE,OBSERVATION_INSUFFICIENT,3,0,3,False,0,2,False,INHERITED_RAW_PRICE_BASIS,True,False
2025-08-14|38140,2025-08-14,38140,10:30,11:25,55,PARTIAL,3,2,,,AVAILABLE,2.0,True,,,,UNRESOLVED_STRUCTURE,OBSERVATION_INSUFFICIENT,2,1,1,False,0,0,False,INHERITED_RAW_PRICE_BASIS,False,False
2025-08-14|38140,2025-08-14,38140,10:30,11:30,60,PARTIAL,4,1,,,AVAILABLE,2.0,True,,,,UNRESOLVED_STRUCTURE,OBSERVATION_INSUFFICIENT,2,0,0,False,0,0,False,INHERITED_RAW_PRICE_BASIS,False,False
2025-08-14|38140,2025-08-14,38140,10:30,12:35,65,PARTIAL,4,1,,,AVAILABLE,2.0,True,,,,UNRESOLVED_STRUCTURE,OBSERVATION_INSUFFICIENT,2,1,1,False,0,0,False,INHERITED_RAW_PRICE_BASIS,False,False
2025-08-14|38140,2025-08-14,38140,10:30,12:40,70,PARTIAL,4,1,,,AVAILABLE,2.0,True,,,,UNRESOLVED_STRUCTURE,OBSERVATION_INSUFFICIENT,1,0,0,False,0,0,False,INHERITED_RAW_PRICE_BASIS,False,False
2025-08-14|38140,2025-08-14,38140,10:30,12:45,75,PARTIAL,4,1,,,AVAILABLE,2.0,True,,,,UNRESOLVED_STRUCTURE,OBSERVATION_INSUFFICIENT,1,1,1,False,0,0,False,INHERITED_RAW_PRICE_BASIS,False,False
2025-08-14|38140,2025-08-14,38140,10:30,12:50,80,COMPLETE,5,0,UP,1.1627906976744187,AVAILABLE,2.0,True,,,,UNRESOLVED_STRUCTURE,OBSERVATION_INSUFFICIENT,1,0,1,False,0,0,False,INHERITED_RAW_PRICE_BASIS,False,False
2025-08-14|38140,2025-08-14,38140,10:30,12:55,85,PARTIAL,4,1,,,AVAILABLE,2.0,True,,,,UNRESOLVED_STRUCTURE,OBSERVATION_INSUFFICIENT,2,1,2,False,2,1,False,INHERITED_RAW_PRICE_BASIS,False,False
2025-08-14|38140,2025-08-14,38140,10:30,13:00,90,COMPLETE,5,0,DOWN,-2.2988505747126435,AVAILABLE,2.0,True,,,,UNRESOLVED_STRUCTURE,OBSERVATION_INSUFFICIENT,4,0,2,False,0,0,False,INHERITED_RAW_PRICE_BASIS,False,False
2025-08-14|38140,2025-08-14,38140,10:30,13:05,95,PARTIAL,3,2,,,AVAILABLE,2.0,True,,,,CURRENT_BAR_UNAVAILABLE,OBSERVATION_INSUFFICIENT,5,0,0,False,0,0,False,INHERITED_RAW_PRICE_BASIS,False,False
2025-08-14|38140,2025-08-14,38140,10:30,13:10,100,PARTIAL,3,2,,,AVAILABLE,2.0,True,,,,CURRENT_BAR_UNAVAILABLE,OBSERVATION_INSUFFICIENT,4,0,0,False,0,0,False,INHERITED_RAW_PRICE_BASIS,False,False
2025-08-14|38140,2025-08-14,38140,10:30,13:15,105,PARTIAL,2,3,,,AVAILABLE,2.0,True,,,,CURRENT_BAR_UNAVAILABLE,OBSERVATION_INSUFFICIENT,2,0,0,False,0,0,False,INHERITED_RAW_PRICE_BASIS,False,False
2025-08-14|38140,2025-08-14,38140,10:30,13:20,110,PARTIAL,4,1,,,AVAILABLE,2.0,True,,,,UNRESOLVED_STRUCTURE,OBSERVATION_INSUFFICIENT,2,1,1,False,0,0,False,INHERITED_RAW_PRICE_BASIS,False,False
2025-08-14|38140,2025-08-14,38140,10:30,13:25,115,PARTIAL,4,1,,,AVAILABLE,2.0,True,,,,UNRESOLVED_STRUCTURE,OBSERVATION_INSUFFICIENT,3,0,0,False,0,0,False,INHERITED_RAW_PRICE_BASIS,False,False
2025-08-14|38140,2025-08-14,38140,10:30,13:30,120,PARTIAL,4,1,,,AVAILABLE,2.0,True,,,,UNRESOLVED_STRUCTURE,OBSERVATION_INSUFFICIENT,2,0,0,False,0,1,False,INHERITED_RAW_PRICE_BASIS,False,False
2025-08-14|38140,2025-08-14,38140,10:30,13:35,125,PARTIAL,3,2,,,AVAILABLE,2.0,True,,,,UNRESOLVED_STRUCTURE,OBSERVATION_INSUFFICIENT,1,0,0,False,0,0,False,INHERITED_RAW_PRICE_BASIS,False,False
2025-08-14|38140,2025-08-14,38140,10:30,13:40,130,COMPLETE,5,0,UP,0.5988023952095808,AVAILABLE,2.0,True,,,CHOPPINESS,UNRESOLVED_STRUCTURE,OBSERVATION_INSUFFICIENT,3,0,1,False,1,2,False,INHERITED_RAW_PRICE_BASIS,False,False
2025-08-14|38140,2025-08-14,38140,10:30,13:45,135,PARTIAL,4,1,,,AVAILABLE,2.0,True,,,,UNRESOLVED_STRUCTURE,OBSERVATION_INSUFFICIENT,2,0,0,False,0,0,False,INHERITED_RAW_PRICE_BASIS,False,False
2025-08-14|38140,2025-08-14,38140,10:30,13:50,140,PARTIAL,3,2,,,AVAILABLE,2.0,True,,,,CURRENT_BAR_UNAVAILABLE,WINDOW_OBSERVED,0,0,0,False,0,0,False,INHERITED_RAW_PRICE_BASIS,False,False
2025-08-14|38140,2025-08-14,38140,10:30,13:55,145,COMPLETE,5,0,DOWN,-3.6144578313253013,AVAILABLE,2.0,True,,,,UNRESOLVED_STRUCTURE,OBSERVATION_INSUFFICIENT,1,1,2,False,0,1,False,INHERITED_RAW_PRICE_BASIS,False,False
2025-08-14|38140,2025-08-14,38140,10:30,14:00,150,COMPLETE,5,0,UP,1.25,AVAILABLE,2.0,True,,,RANGE_COMPRESSION|VOLUME_COMPRESSION|TRADING_VALUE_COMPRESSION,UNRESOLVED_STRUCTURE,OBSERVATION_INSUFFICIENT,1,1,3,False,0,0,False,INHERITED_RAW_PRICE_BASIS,True,False
2025-08-14|38140,2025-08-14,38140,10:30,14:05,155,PARTIAL,4,1,,,AVAILABLE,2.0,True,,,,UNRESOLVED_STRUCTURE,WINDOW_OBSERVED,0,1,1,False,0,0,False,INHERITED_RAW_PRICE_BASIS,False,False
2025-08-14|38140,2025-08-14,38140,10:30,14:10,160,COMPLETE,5,0,DOWN,-3.125,AVAILABLE,2.0,True,,RECOVERY,,UNRESOLVED_STRUCTURE,WINDOW_OBSERVED,0,1,2,False,1,1,True,INHERITED_RAW_PRICE_BASIS,False,False
2025-08-14|38140,2025-08-14,38140,10:30,14:15,165,COMPLETE,5,0,UP,1.2903225806451613,AVAILABLE,2.0,True,,RECOVERY,CHOPPINESS|RANGE_COMPRESSION|VOLUME_COMPRESSION|TRADING_VALUE_COMPRESSION,UNRESOLVED_STRUCTURE,WINDOW_OBSERVED,0,0,4,False,0,0,True,INHERITED_RAW_PRICE_BASIS,True,False
2025-08-14|38140,2025-08-14,38140,10:30,14:20,170,COMPLETE,5,0,DOWN,-0.6410256410256411,AVAILABLE,2.0,True,,,,UNRESOLVED_STRUCTURE,OBSERVATION_INSUFFICIENT,2,1,6,False,0,1,False,INHERITED_RAW_PRICE_BASIS,True,True
2025-08-14|38140,2025-08-14,38140,10:30,14:25,175,COMPLETE,5,0,UP,1.2820512820512822,AVAILABLE,2.0,True,,,VOLUME_COMPRESSION|TRADING_VALUE_COMPRESSION,UNRESOLVED_STRUCTURE,OBSERVATION_INSUFFICIENT,4,0,6,False,0,1,False,INHERITED_RAW_PRICE_BASIS,True,False
2025-08-14|38140,2025-08-14,38140,10:30,14:30,180,PARTIAL,3,2,,,AVAILABLE,2.0,True,,,,CURRENT_BAR_UNAVAILABLE,OBSERVATION_INSUFFICIENT,2,0,0,False,0,1,False,INHERITED_RAW_PRICE_BASIS,False,False
2025-08-14|38140,2025-08-14,38140,10:30,14:35,185,PARTIAL,3,2,,,AVAILABLE,2.0,True,,,,CURRENT_BAR_UNAVAILABLE,OBSERVATION_INSUFFICIENT,1,0,0,False,0,0,False,INHERITED_RAW_PRICE_BASIS,False,False
2025-08-14|38140,2025-08-14,38140,10:30,14:40,190,COMPLETE,5,0,UP,1.2738853503184713,AVAILABLE,2.0,True,,,,UNRESOLVED_STRUCTURE,OBSERVATION_INSUFFICIENT,1,0,1,False,0,0,False,INHERITED_RAW_PRICE_BASIS,False,False
2025-08-14|38140,2025-08-14,38140,10:30,14:45,195,PARTIAL,4,1,,,AVAILABLE,2.0,True,,,,UNRESOLVED_STRUCTURE,OBSERVATION_INSUFFICIENT,1,1,1,False,0,0,False,INHERITED_RAW_PRICE_BASIS,False,False
2025-08-14|38140,2025-08-14,38140,10:30,14:50,200,COMPLETE,5,0,UP,1.2578616352201257,AVAILABLE,2.0,True,,,,UNRESOLVED_STRUCTURE,OBSERVATION_INSUFFICIENT,2,0,1,False,0,0,False,INHERITED_RAW_PRICE_BASIS,False,False
2025-08-14|38140,2025-08-14,38140,10:30,14:55,205,PARTIAL,4,1,,,AVAILABLE,2.0,True,,,,UNRESOLVED_STRUCTURE,OBSERVATION_INSUFFICIENT,2,0,0,False,0,0,False,INHERITED_RAW_PRICE_BASIS,False,False
2025-08-14|38140,2025-08-14,38140,10:30,15:00,210,PARTIAL,4,1,,,AVAILABLE,2.0,True,,,,UNRESOLVED_STRUCTURE,OBSERVATION_INSUFFICIENT,2,1,1,False,0,0,False,INHERITED_RAW_PRICE_BASIS,False,False
2025-08-14|38140,2025-08-14,38140,10:30,15:05,215,PARTIAL,4,1,,,AVAILABLE,2.0,True,,,,UNRESOLVED_STRUCTURE,OBSERVATION_INSUFFICIENT,2,0,0,False,0,0,False,INHERITED_RAW_PRICE_BASIS,False,False
2025-08-14|38140,2025-08-14,38140,10:30,15:10,220,PARTIAL,4,1,,,AVAILABLE,2.0,True,,,,UNRESOLVED_STRUCTURE,OBSERVATION_INSUFFICIENT,2,0,0,False,0,0,False,INHERITED_RAW_PRICE_BASIS,False,False
2025-08-14|38140,2025-08-14,38140,10:30,15:15,225,PARTIAL,4,1,,,AVAILABLE,2.0,True,,,,UNRESOLVED_STRUCTURE,OBSERVATION_INSUFFICIENT,3,1,2,False,0,0,False,INHERITED_RAW_PRICE_BASIS,False,False
2025-08-14|38140,2025-08-14,38140,10:30,15:20,230,PARTIAL,4,1,,,AVAILABLE,2.0,True,,,,UNRESOLVED_STRUCTURE,RIGHT_CENSORED,2,0,0,False,0,1,False,INHERITED_RAW_PRICE_BASIS,False,False
2025-08-14|38140,2025-08-14,38140,10:30,15:25,235,PARTIAL,3,2,,,AVAILABLE,2.0,True,,,,UNRESOLVED_STRUCTURE,RIGHT_CENSORED,0,0,0,False,0,0,False,INHERITED_RAW_PRICE_BASIS,False,False
2025-08-14|39130,2025-08-14,39130,13:30,13:30,0,COMPLETE,5,0,DOWN,-3.574468085106383,SCALE_INSUFFICIENT,,True,,,,SCALE_UNAVAILABLE,WINDOW_OBSERVED,0,0,0,False,1,1,False,INHERITED_RAW_PRICE_BASIS,False,False
2025-08-14|39130,2025-08-14,39130,13:30,13:35,5,COMPLETE,5,0,UP,1.059135039717564,SCALE_INSUFFICIENT,,True,,,RANGE_COMPRESSION|VOLUME_COMPRESSION|TRADING_VALUE_COMPRESSION,SCALE_UNAVAILABLE,WINDOW_OBSERVED,0,0,0,False,0,0,False,INHERITED_RAW_PRICE_BASIS,True,False
2025-08-14|39130,2025-08-14,39130,13:30,13:40,10,COMPLETE,5,0,DOWN,-1.5693112467306016,SCALE_INSUFFICIENT,,True,,,RANGE_EXPANSION|VOLUME_EXPANSION|TRADING_VALUE_EXPANSION,SCALE_UNAVAILABLE,WINDOW_OBSERVED,0,0,0,False,3,2,False,INHERITED_RAW_PRICE_BASIS,True,False
2025-08-14|39130,2025-08-14,39130,13:30,13:45,15,COMPLETE,5,0,DOWN,-3.111111111111111,SCALE_INSUFFICIENT,,True,,,TRADING_VALUE_COMPRESSION,SCALE_UNAVAILABLE,WINDOW_OBSERVED,0,0,0,False,3,0,False,INHERITED_RAW_PRICE_BASIS,True,False
2025-08-14|39130,2025-08-14,39130,13:30,13:50,20,COMPLETE,5,0,UP,5.027422303473492,SCALE_INSUFFICIENT,,True,,,,SCALE_UNAVAILABLE,WINDOW_OBSERVED,0,0,0,False,0,0,False,INHERITED_RAW_PRICE_BASIS,True,False
2025-08-14|39130,2025-08-14,39130,13:30,13:55,25,COMPLETE,5,0,UP,1.392515230635335,SCALE_INSUFFICIENT,,True,,,VOLUME_EXPANSION|TRADING_VALUE_EXPANSION,SCALE_UNAVAILABLE,WINDOW_OBSERVED,0,0,0,False,0,0,False,INHERITED_RAW_PRICE_BASIS,True,False
2025-08-14|39130,2025-08-14,39130,13:30,14:00,30,COMPLETE,5,0,DOWN,-1.2027491408934707,SCALE_INSUFFICIENT,,True,,,RANGE_COMPRESSION|VOLUME_COMPRESSION|TRADING_VALUE_COMPRESSION,SCALE_UNAVAILABLE,WINDOW_OBSERVED,0,0,0,False,0,0,False,INHERITED_RAW_PRICE_BASIS,True,False
2025-08-14|39130,2025-08-14,39130,13:30,14:05,35,COMPLETE,5,0,UP,0.43440486533449174,SCALE_INSUFFICIENT,,True,,,VOLUME_COMPRESSION|TRADING_VALUE_COMPRESSION,SCALE_UNAVAILABLE,WINDOW_OBSERVED,0,0,0,False,0,0,False,INHERITED_RAW_PRICE_BASIS,True,False
2025-08-14|39130,2025-08-14,39130,13:30,14:10,40,COMPLETE,5,0,DOWN,-1.1274934952298352,SCALE_INSUFFICIENT,,True,,,RANGE_COMPRESSION,SCALE_UNAVAILABLE,WINDOW_OBSERVED,0,0,0,False,0,0,False,INHERITED_RAW_PRICE_BASIS,True,False
2025-08-14|39130,2025-08-14,39130,13:30,14:15,45,COMPLETE,5,0,UP,0.43859649122807015,SCALE_INSUFFICIENT,,True,,,RANGE_EXPANSION|VOLUME_EXPANSION|TRADING_VALUE_EXPANSION,SCALE_UNAVAILABLE,OBSERVATION_INSUFFICIENT,1,0,0,False,0,0,False,INHERITED_RAW_PRICE_BASIS,True,False
2025-08-14|39130,2025-08-14,39130,13:30,14:20,50,COMPLETE,5,0,DOWN,-0.8764241893076249,SCALE_INSUFFICIENT,,True,,,RANGE_COMPRESSION|VOLUME_COMPRESSION|TRADING_VALUE_COMPRESSION,SCALE_UNAVAILABLE,OBSERVATION_INSUFFICIENT,2,0,0,False,0,0,False,INHERITED_RAW_PRICE_BASIS,True,False
2025-08-14|39130,2025-08-14,39130,13:30,14:25,55,PARTIAL,4,1,,,SCALE_INSUFFICIENT,,True,,,,SCALE_UNAVAILABLE,OBSERVATION_INSUFFICIENT,1,0,0,False,0,0,False,INHERITED_RAW_PRICE_BASIS,False,False
2025-08-14|39130,2025-08-14,39130,13:30,14:30,60,PARTIAL,4,1,,,SCALE_INSUFFICIENT,,True,,,,SCALE_UNAVAILABLE,WINDOW_OBSERVED,0,0,0,False,0,0,False,INHERITED_RAW_PRICE_BASIS,False,False
2025-08-14|39130,2025-08-14,39130,13:30,14:35,65,COMPLETE,5,0,UP,0.08756567425569177,SCALE_INSUFFICIENT,,True,,,,SCALE_UNAVAILABLE,OBSERVATION_INSUFFICIENT,1,0,0,False,0,0,False,INHERITED_RAW_PRICE_BASIS,False,False
2025-08-14|39130,2025-08-14,39130,13:30,14:40,70,COMPLETE,5,0,DOWN,-0.17421602787456447,SCALE_INSUFFICIENT,,True,,,RANGE_EXPANSION|VOLUME_COMPRESSION|TRADING_VALUE_COMPRESSION,SCALE_UNAVAILABLE,OBSERVATION_INSUFFICIENT,1,0,0,False,0,0,False,INHERITED_RAW_PRICE_BASIS,True,False
2025-08-14|39130,2025-08-14,39130,13:30,14:45,75,PARTIAL,4,1,,,SCALE_INSUFFICIENT,,True,,,,SCALE_UNAVAILABLE,WINDOW_OBSERVED,0,0,0,False,0,0,False,INHERITED_RAW_PRICE_BASIS,False,False
2025-08-14|39130,2025-08-14,39130,13:30,14:50,80,COMPLETE,5,0,DOWN,-0.08818342151675485,SCALE_INSUFFICIENT,,True,,,,SCALE_UNAVAILABLE,WINDOW_OBSERVED,0,0,0,False,0,0,False,INHERITED_RAW_PRICE_BASIS,False,False
2025-08-14|39130,2025-08-14,39130,13:30,14:55,85,COMPLETE,5,0,DOWN,-0.5300353356890459,SCALE_INSUFFICIENT,,True,,,,SCALE_UNAVAILABLE,WINDOW_OBSERVED,0,0,0,False,0,0,False,INHERITED_RAW_PRICE_BASIS,True,False
2025-08-14|39130,2025-08-14,39130,13:30,15:00,90,COMPLETE,5,0,DOWN,-2.1314387211367674,SCALE_INSUFFICIENT,,True,,,RANGE_EXPANSION|VOLUME_EXPANSION|TRADING_VALUE_EXPANSION,SCALE_UNAVAILABLE,WINDOW_OBSERVED,0,0,0,False,0,0,False,INHERITED_RAW_PRICE_BASIS,True,False
2025-08-14|39130,2025-08-14,39130,13:30,15:05,95,COMPLETE,5,0,UP,0.27223230490018147,SCALE_INSUFFICIENT,,True,,,RANGE_COMPRESSION|VOLUME_COMPRESSION|TRADING_VALUE_COMPRESSION,SCALE_UNAVAILABLE,WINDOW_OBSERVED,0,0,0,False,0,0,False,INHERITED_RAW_PRICE_BASIS,True,False
2025-08-14|39130,2025-08-14,39130,13:30,15:10,100,COMPLETE,5,0,DOWN,-0.8144796380090498,SCALE_INSUFFICIENT,,True,,,,SCALE_UNAVAILABLE,OBSERVATION_INSUFFICIENT,1,0,0,False,0,0,False,INHERITED_RAW_PRICE_BASIS,True,False
2025-08-14|39130,2025-08-14,39130,13:30,15:15,105,COMPLETE,5,0,UP,0.9090909090909091,SCALE_INSUFFICIENT,,True,,,VOLUME_COMPRESSION|TRADING_VALUE_COMPRESSION,SCALE_UNAVAILABLE,OBSERVATION_INSUFFICIENT,1,0,0,False,0,0,False,INHERITED_RAW_PRICE_BASIS,True,False
2025-08-14|39130,2025-08-14,39130,13:30,15:20,110,PARTIAL,4,1,,,SCALE_INSUFFICIENT,,True,,,,SCALE_UNAVAILABLE,RIGHT_CENSORED,0,0,0,False,0,0,False,INHERITED_RAW_PRICE_BASIS,False,False
2025-08-14|39130,2025-08-14,39130,13:30,15:25,115,COMPLETE,5,0,UNCHANGED,0.0,SCALE_INSUFFICIENT,,True,,,,SCALE_UNAVAILABLE,RIGHT_CENSORED,0,0,0,False,0,0,False,INHERITED_RAW_PRICE_BASIS,False,False
2025-08-14|39270,2025-08-14,39270,14:30,14:30,0,COMPLETE,5,0,DOWN,-1.6483516483516483,SCALE_INSUFFICIENT,,True,,,RANGE_EXPANSION,SCALE_UNAVAILABLE,WINDOW_OBSERVED,0,0,0,False,0,0,False,INHERITED_RAW_PRICE_BASIS,False,False
2025-08-14|39270,2025-08-14,39270,14:30,14:35,5,COMPLETE,5,0,DOWN,-0.11098779134295228,SCALE_INSUFFICIENT,,True,,,,SCALE_UNAVAILABLE,OBSERVATION_INSUFFICIENT,2,0,0,False,3,3,False,INHERITED_RAW_PRICE_BASIS,True,False
2025-08-14|39270,2025-08-14,39270,14:30,14:40,10,COMPLETE,5,0,UP,0.3333333333333333,SCALE_INSUFFICIENT,,True,,,RANGE_COMPRESSION|VOLUME_COMPRESSION|TRADING_VALUE_COMPRESSION,SCALE_UNAVAILABLE,OBSERVATION_INSUFFICIENT,4,0,0,False,0,0,False,INHERITED_RAW_PRICE_BASIS,True,False
2025-08-14|39270,2025-08-14,39270,14:30,14:45,15,PARTIAL,3,2,,,SCALE_INSUFFICIENT,,True,,,,SCALE_UNAVAILABLE,OBSERVATION_INSUFFICIENT,3,0,0,False,0,0,False,INHERITED_RAW_PRICE_BASIS,False,False
2025-08-14|39270,2025-08-14,39270,14:30,14:50,20,PARTIAL,3,2,,,SCALE_INSUFFICIENT,,True,,,,SCALE_UNAVAILABLE,OBSERVATION_INSUFFICIENT,3,0,0,False,0,0,False,INHERITED_RAW_PRICE_BASIS,False,False
2025-08-14|39270,2025-08-14,39270,14:30,14:55,25,PARTIAL,4,1,,,SCALE_INSUFFICIENT,,True,,,,SCALE_UNAVAILABLE,OBSERVATION_INSUFFICIENT,5,0,0,False,0,0,False,INHERITED_RAW_PRICE_BASIS,False,False
2025-08-14|39270,2025-08-14,39270,14:30,15:00,30,PARTIAL,3,2,,,SCALE_INSUFFICIENT,,True,,,,CURRENT_BAR_UNAVAILABLE,OBSERVATION_INSUFFICIENT,4,0,0,False,0,2,False,INHERITED_RAW_PRICE_BASIS,False,False
2025-08-14|39270,2025-08-14,39270,14:30,15:05,35,PARTIAL,2,3,,,SCALE_INSUFFICIENT,,True,,,,CURRENT_BAR_UNAVAILABLE,OBSERVATION_INSUFFICIENT,2,0,0,False,0,2,False,INHERITED_RAW_PRICE_BASIS,False,False
2025-08-14|39270,2025-08-14,39270,14:30,15:10,40,PARTIAL,4,1,,,SCALE_INSUFFICIENT,,True,,,,SCALE_UNAVAILABLE,OBSERVATION_INSUFFICIENT,4,0,0,False,0,0,False,INHERITED_RAW_PRICE_BASIS,False,False
2025-08-14|39270,2025-08-14,39270,14:30,15:15,45,PARTIAL,4,1,,,SCALE_INSUFFICIENT,,True,,,,SCALE_UNAVAILABLE,OBSERVATION_INSUFFICIENT,4,0,0,False,4,2,False,INHERITED_RAW_PRICE_BASIS,False,False
2025-08-14|39270,2025-08-14,39270,14:30,15:20,50,PARTIAL,2,3,,,SCALE_INSUFFICIENT,,True,,,,SCALE_UNAVAILABLE,RIGHT_CENSORED,1,0,0,False,2,2,False,INHERITED_RAW_PRICE_BASIS,False,False
2025-08-14|39270,2025-08-14,39270,14:30,15:25,55,PARTIAL,4,1,,,SCALE_INSUFFICIENT,,True,,,,SCALE_UNAVAILABLE,RIGHT_CENSORED,0,0,0,False,0,2,False,INHERITED_RAW_PRICE_BASIS,False,False
2025-08-14|39400,2025-08-14,39400,15:00,15:00,0,COMPLETE,5,0,UP,0.7352941176470589,SCALE_INSUFFICIENT,,True,,,,SCALE_UNAVAILABLE,OBSERVATION_INSUFFICIENT,2,0,0,False,0,0,False,INHERITED_RAW_PRICE_BASIS,False,False
2025-08-14|39400,2025-08-14,39400,15:00,15:05,5,PARTIAL,4,1,,,SCALE_INSUFFICIENT,,True,,,,SCALE_UNAVAILABLE,OBSERVATION_INSUFFICIENT,2,0,0,False,0,0,False,INHERITED_RAW_PRICE_BASIS,False,False
2025-08-14|39400,2025-08-14,39400,15:00,15:10,10,PARTIAL,4,1,,,SCALE_INSUFFICIENT,,True,,,,SCALE_UNAVAILABLE,OBSERVATION_INSUFFICIENT,2,0,0,False,0,0,False,INHERITED_RAW_PRICE_BASIS,False,False
2025-08-14|39400,2025-08-14,39400,15:00,15:15,15,PARTIAL,4,1,,,SCALE_INSUFFICIENT,,True,,,,CURRENT_BAR_UNAVAILABLE,OBSERVATION_INSUFFICIENT,1,0,0,False,0,0,False,INHERITED_RAW_PRICE_BASIS,False,False
2025-08-14|39400,2025-08-14,39400,15:00,15:20,20,PARTIAL,4,1,,,SCALE_INSUFFICIENT,,True,,,,SCALE_UNAVAILABLE,RIGHT_CENSORED,0,0,0,False,0,0,False,INHERITED_RAW_PRICE_BASIS,False,False
2025-08-14|39400,2025-08-14,39400,15:00,15:25,25,COMPLETE,5,0,DOWN,-0.7352941176470589,SCALE_INSUFFICIENT,,True,,,,SCALE_UNAVAILABLE,RIGHT_CENSORED,0,0,0,False,0,0,False,INHERITED_RAW_PRICE_BASIS,False,False
2025-08-14|39970,2025-08-14,39970,13:00,13:00,0,COMPLETE,5,0,DOWN,-2.2539098436062557,AVAILABLE,32.5,True,,,RANGE_COMPRESSION,UNRESOLVED_STRUCTURE,WINDOW_OBSERVED,0,0,3,False,1,1,False,INHERITED_RAW_PRICE_BASIS,False,False
2025-08-14|39970,2025-08-14,39970,13:00,13:05,5,COMPLETE,5,0,UP,0.32941176470588235,AVAILABLE,32.5,True,DOWN_STRUCTURE,CORRECTION|RECOVERY,RANGE_EXPANSION|VOLUME_EXPANSION|TRADING_VALUE_EXPANSION,IDENTIFIED,WINDOW_OBSERVED,0,0,4,False,4,0,True,INHERITED_RAW_PRICE_BASIS,True,True
2025-08-14|39970,2025-08-14,39970,13:00,13:10,10,COMPLETE,5,0,DOWN,-1.2206572769953052,AVAILABLE,32.5,True,DOWN_STRUCTURE,CORRECTION|RECOVERY,RANGE_COMPRESSION|VOLUME_COMPRESSION|TRADING_VALUE_COMPRESSION,IDENTIFIED,WINDOW_OBSERVED,0,0,4,False,0,0,True,INHERITED_RAW_PRICE_BASIS,True,False
2025-08-14|39970,2025-08-14,39970,13:00,13:15,15,COMPLETE,5,0,UP,1.9385342789598108,AVAILABLE,32.5,True,DOWN_STRUCTURE,CORRECTION|RECOVERY,RANGE_EXPANSION|VOLUME_EXPANSION|TRADING_VALUE_EXPANSION,IDENTIFIED,WINDOW_OBSERVED,0,0,4,False,0,0,True,INHERITED_RAW_PRICE_BASIS,True,False
2025-08-14|39970,2025-08-14,39970,13:00,13:20,20,COMPLETE,5,0,UNCHANGED,0.0,AVAILABLE,32.5,True,DOWN_STRUCTURE,,VOLUME_EXPANSION|TRADING_VALUE_EXPANSION,IDENTIFIED,WINDOW_OBSERVED,0,1,6,False,0,0,True,INHERITED_RAW_PRICE_BASIS,True,True
2025-08-14|39970,2025-08-14,39970,13:00,13:25,25,COMPLETE,5,0,UP,1.3921113689095128,AVAILABLE,32.5,True,DOWN_STRUCTURE,CORRECTION|RECOVERY,RANGE_COMPRESSION|VOLUME_COMPRESSION|TRADING_VALUE_COMPRESSION,IDENTIFIED,WINDOW_OBSERVED,0,0,6,False,0,0,True,INHERITED_RAW_PRICE_BASIS,True,True
2025-08-14|39970,2025-08-14,39970,13:00,13:30,30,COMPLETE,5,0,UP,0.2288329519450801,AVAILABLE,32.5,True,DOWN_STRUCTURE,CORRECTION,,IDENTIFIED,WINDOW_OBSERVED,0,0,6,False,0,0,True,INHERITED_RAW_PRICE_BASIS,True,True
2025-08-14|39970,2025-08-14,39970,13:00,13:35,35,COMPLETE,5,0,DOWN,-0.9111617312072893,AVAILABLE,32.5,True,UP_STRUCTURE,CORRECTION,,IDENTIFIED,WINDOW_OBSERVED,0,1,7,False,3,2,True,INHERITED_RAW_PRICE_BASIS,True,False
2025-08-14|39970,2025-08-14,39970,13:00,13:40,40,COMPLETE,5,0,DOWN,-0.3218390804597701,AVAILABLE,32.5,True,UP_STRUCTURE,CORRECTION,VOLUME_COMPRESSION|TRADING_VALUE_COMPRESSION,IDENTIFIED,WINDOW_OBSERVED,0,0,7,False,0,0,True,INHERITED_RAW_PRICE_BASIS,True,False
2025-08-14|39970,2025-08-14,39970,13:00,13:45,45,COMPLETE,5,0,DOWN,-0.046446818392940084,AVAILABLE,32.5,True,UP_STRUCTURE,RECOVERY,CHOPPINESS,IDENTIFIED,WINDOW_OBSERVED,0,1,8,True,0,0,True,INHERITED_RAW_PRICE_BASIS,True,True
2025-08-14|39970,2025-08-14,39970,13:00,13:50,50,COMPLETE,5,0,UP,0.5542725173210161,AVAILABLE,32.5,True,UP_STRUCTURE,RECOVERY,RANGE_COMPRESSION|VOLUME_COMPRESSION|TRADING_VALUE_COMPRESSION,IDENTIFIED,WINDOW_OBSERVED,0,1,8,True,0,0,True,INHERITED_RAW_PRICE_BASIS,True,False
2025-08-14|39970,2025-08-14,39970,13:00,13:55,55,COMPLETE,5,0,UP,0.09186954524575103,AVAILABLE,32.5,True,UP_STRUCTURE,RECOVERY,RANGE_COMPRESSION|VOLUME_EXPANSION|TRADING_VALUE_EXPANSION,IDENTIFIED,OBSERVATION_INSUFFICIENT,1,0,8,True,0,0,True,INHERITED_RAW_PRICE_BASIS,True,False
2025-08-14|39970,2025-08-14,39970,13:00,14:00,60,COMPLETE,5,0,DOWN,-0.5484460694698354,AVAILABLE,32.5,True,UP_STRUCTURE,RECOVERY,RANGE_EXPANSION,IDENTIFIED,OBSERVATION_INSUFFICIENT,3,0,8,True,0,0,True,INHERITED_RAW_PRICE_BASIS,True,False
2025-08-14|39970,2025-08-14,39970,13:00,14:05,65,PARTIAL,4,1,,,AVAILABLE,32.5,True,,,,UNRESOLVED_STRUCTURE,OBSERVATION_INSUFFICIENT,3,0,0,False,0,0,False,INHERITED_RAW_PRICE_BASIS,False,False
2025-08-14|39970,2025-08-14,39970,13:00,14:10,70,PARTIAL,3,2,,,AVAILABLE,32.5,True,,,,CURRENT_BAR_UNAVAILABLE,OBSERVATION_INSUFFICIENT,1,0,0,False,0,0,False,INHERITED_RAW_PRICE_BASIS,False,False
2025-08-14|39970,2025-08-14,39970,13:00,14:15,75,PARTIAL,4,1,,,AVAILABLE,32.5,True,,,,UNRESOLVED_STRUCTURE,OBSERVATION_INSUFFICIENT,2,0,0,False,0,0,False,INHERITED_RAW_PRICE_BASIS,False,False
2025-08-14|39970,2025-08-14,39970,13:00,14:20,80,COMPLETE,5,0,UP,0.2761159687068569,AVAILABLE,32.5,True,,,CHOPPINESS,UNRESOLVED_STRUCTURE,OBSERVATION_INSUFFICIENT,3,0,0,False,0,0,False,INHERITED_RAW_PRICE_BASIS,False,False
2025-08-14|39970,2025-08-14,39970,13:00,14:25,85,PARTIAL,3,2,,,AVAILABLE,32.5,True,,,,UNRESOLVED_STRUCTURE,OBSERVATION_INSUFFICIENT,1,0,0,False,0,0,False,INHERITED_RAW_PRICE_BASIS,False,False
2025-08-14|39970,2025-08-14,39970,13:00,14:30,90,PARTIAL,4,1,,,AVAILABLE,32.5,True,,,,UNRESOLVED_STRUCTURE,OBSERVATION_INSUFFICIENT,1,1,1,False,0,0,False,INHERITED_RAW_PRICE_BASIS,False,False
2025-08-14|39970,2025-08-14,39970,13:00,14:35,95,COMPLETE,5,0,DOWN,-1.466544454628781,AVAILABLE,32.5,True,,,,UNRESOLVED_STRUCTURE,OBSERVATION_INSUFFICIENT,1,1,1,False,0,0,False,INHERITED_RAW_PRICE_BASIS,False,False
2025-08-14|39970,2025-08-14,39970,13:00,14:40,100,PARTIAL,4,1,,,AVAILABLE,32.5,True,,,,CURRENT_BAR_UNAVAILABLE,WINDOW_OBSERVED,0,0,0,False,0,0,False,INHERITED_RAW_PRICE_BASIS,False,False
2025-08-14|39970,2025-08-14,39970,13:00,14:45,105,COMPLETE,5,0,UP,0.13761467889908258,AVAILABLE,32.5,True,,,,UNRESOLVED_STRUCTURE,WINDOW_OBSERVED,0,1,1,False,0,0,False,INHERITED_RAW_PRICE_BASIS,False,False
2025-08-14|39970,2025-08-14,39970,13:00,14:50,110,COMPLETE,5,0,UP,0.961978928080623,AVAILABLE,32.5,True,,,RANGE_EXPANSION|VOLUME_EXPANSION|TRADING_VALUE_EXPANSION,UNRESOLVED_STRUCTURE,WINDOW_OBSERVED,0,0,1,False,0,0,False,INHERITED_RAW_PRICE_BASIS,True,False
2025-08-14|39970,2025-08-14,39970,13:00,14:55,115,COMPLETE,5,0,DOWN,-0.7256235827664399,AVAILABLE,32.5,True,,,RANGE_EXPANSION|VOLUME_COMPRESSION|TRADING_VALUE_COMPRESSION,UNRESOLVED_STRUCTURE,WINDOW_OBSERVED,0,0,2,False,0,0,False,INHERITED_RAW_PRICE_BASIS,True,False
2025-08-14|39970,2025-08-14,39970,13:00,15:00,120,COMPLETE,5,0,UP,0.3656307129798903,AVAILABLE,32.5,True,,,RANGE_COMPRESSION|VOLUME_COMPRESSION|TRADING_VALUE_COMPRESSION,UNRESOLVED_STRUCTURE,WINDOW_OBSERVED,0,0,2,False,0,0,False,INHERITED_RAW_PRICE_BASIS,True,False
2025-08-14|39970,2025-08-14,39970,13:00,15:05,125,COMPLETE,5,0,UP,0.136986301369863,AVAILABLE,32.5,True,,,,UNRESOLVED_STRUCTURE,WINDOW_OBSERVED,0,0,2,False,0,0,False,INHERITED_RAW_PRICE_BASIS,True,False
2025-08-14|39970,2025-08-14,39970,13:00,15:10,130,COMPLETE,5,0,UP,0.09161704076958314,AVAILABLE,32.5,True,RANGE_STRUCTURE,BALANCE|RECOVERY,VOLUME_EXPANSION|TRADING_VALUE_EXPANSION,IDENTIFIED,WINDOW_OBSERVED,0,1,3,True,0,0,True,INHERITED_RAW_PRICE_BASIS,True,True
2025-08-14|39970,2025-08-14,39970,13:00,15:15,135,COMPLETE,5,0,UP,0.6864988558352403,AVAILABLE,32.5,True,RANGE_STRUCTURE,BALANCE|RECOVERY,VOLUME_EXPANSION|TRADING_VALUE_EXPANSION,IDENTIFIED,WINDOW_OBSERVED,0,1,3,True,0,0,True,INHERITED_RAW_PRICE_BASIS,True,False
2025-08-14|39970,2025-08-14,39970,13:00,15:20,140,COMPLETE,5,0,UP,1.3175829168559745,AVAILABLE,32.5,True,,RESTRUCTURING,RANGE_EXPANSION,UNRESOLVED_STRUCTURE,RIGHT_CENSORED,0,0,3,False,4,2,True,INHERITED_RAW_PRICE_BASIS,True,True
2025-08-14|39970,2025-08-14,39970,13:00,15:25,145,COMPLETE,5,0,DOWN,-0.2239140170174653,AVAILABLE,32.5,True,,RESTRUCTURING,CHOPPINESS,UNRESOLVED_STRUCTURE,RIGHT_CENSORED,0,0,3,False,1,1,True,INHERITED_RAW_PRICE_BASIS,True,False
2025-08-14|40310,2025-08-14,40310,14:30,14:30,0,PARTIAL,3,2,,,SCALE_INSUFFICIENT,,True,,,,CURRENT_BAR_UNAVAILABLE,OBSERVATION_INSUFFICIENT,2,0,0,False,0,0,False,INHERITED_RAW_PRICE_BASIS,False,False
2025-08-14|40310,2025-08-14,40310,14:30,14:35,5,PARTIAL,4,1,,,SCALE_INSUFFICIENT,,True,,,,SCALE_UNAVAILABLE,OBSERVATION_INSUFFICIENT,1,0,0,False,0,0,False,INHERITED_RAW_PRICE_BASIS,False,False
2025-08-14|40310,2025-08-14,40310,14:30,14:40,10,PARTIAL,4,1,,,SCALE_INSUFFICIENT,,True,,,,SCALE_UNAVAILABLE,OBSERVATION_INSUFFICIENT,1,0,0,False,0,0,False,INHERITED_RAW_PRICE_BASIS,False,False
2025-08-14|40310,2025-08-14,40310,14:30,14:45,15,COMPLETE,5,0,UP,0.9118541033434651,SCALE_INSUFFICIENT,,True,,,,SCALE_UNAVAILABLE,OBSERVATION_INSUFFICIENT,2,0,0,False,0,0,False,INHERITED_RAW_PRICE_BASIS,False,False
2025-08-14|40310,2025-08-14,40310,14:30,14:50,20,PARTIAL,4,1,,,SCALE_INSUFFICIENT,,True,,,,SCALE_UNAVAILABLE,OBSERVATION_INSUFFICIENT,3,0,0,False,0,0,False,INHERITED_RAW_PRICE_BASIS,False,False
2025-08-14|40310,2025-08-14,40310,14:30,14:55,25,PARTIAL,4,1,,,SCALE_INSUFFICIENT,,True,,,,SCALE_UNAVAILABLE,OBSERVATION_INSUFFICIENT,4,0,0,False,0,0,False,INHERITED_RAW_PRICE_BASIS,False,False
2025-08-14|40310,2025-08-14,40310,14:30,15:00,30,PARTIAL,3,2,,,SCALE_INSUFFICIENT,,True,,,,CURRENT_BAR_UNAVAILABLE,OBSERVATION_INSUFFICIENT,6,0,0,False,0,0,False,INHERITED_RAW_PRICE_BASIS,False,False
2025-08-14|40310,2025-08-14,40310,14:30,15:05,35,PARTIAL,3,2,,,SCALE_INSUFFICIENT,,True,,,,CURRENT_BAR_UNAVAILABLE,OBSERVATION_INSUFFICIENT,5,0,0,False,0,0,False,INHERITED_RAW_PRICE_BASIS,False,False
2025-08-14|40310,2025-08-14,40310,14:30,15:10,40,PARTIAL,1,4,,,SCALE_INSUFFICIENT,,True,,,,CURRENT_BAR_UNAVAILABLE,OBSERVATION_INSUFFICIENT,1,0,0,False,0,0,False,INHERITED_RAW_PRICE_BASIS,False,False
2025-08-14|40310,2025-08-14,40310,14:30,15:15,45,PARTIAL,4,1,,,SCALE_INSUFFICIENT,,True,,,,SCALE_UNAVAILABLE,OBSERVATION_INSUFFICIENT,2,0,0,False,0,0,False,INHERITED_RAW_PRICE_BASIS,False,False
2025-08-14|40310,2025-08-14,40310,14:30,15:20,50,COMPLETE,5,0,UP,0.49261083743842365,SCALE_INSUFFICIENT,,True,,,,SCALE_UNAVAILABLE,RIGHT_CENSORED,2,0,0,False,0,0,False,INHERITED_RAW_PRICE_BASIS,False,False
2025-08-14|40310,2025-08-14,40310,14:30,15:25,55,PARTIAL,3,2,,,SCALE_INSUFFICIENT,,True,,,,SCALE_UNAVAILABLE,RIGHT_CENSORED,0,0,0,False,0,0,False,INHERITED_RAW_PRICE_BASIS,False,False
2025-08-14|42220,2025-08-14,42220,14:00,14:00,0,COMPLETE,5,0,DOWN,-0.9320905459387483,SCALE_INSUFFICIENT,,True,,,VOLUME_EXPANSION|TRADING_VALUE_EXPANSION,SCALE_UNAVAILABLE,WINDOW_OBSERVED,0,0,0,False,3,3,False,INHERITED_RAW_PRICE_BASIS,False,False
2025-08-14|42220,2025-08-14,42220,14:00,14:05,5,COMPLETE,5,0,UP,0.4032258064516129,SCALE_INSUFFICIENT,,True,,,RANGE_COMPRESSION|VOLUME_COMPRESSION|TRADING_VALUE_COMPRESSION,SCALE_UNAVAILABLE,WINDOW_OBSERVED,0,0,0,False,0,0,False,INHERITED_RAW_PRICE_BASIS,True,False
2025-08-14|42220,2025-08-14,42220,14:00,14:10,10,COMPLETE,5,0,UP,0.13351134846461948,SCALE_INSUFFICIENT,,True,,,RANGE_COMPRESSION,SCALE_UNAVAILABLE,WINDOW_OBSERVED,0,0,0,False,0,0,False,INHERITED_RAW_PRICE_BASIS,True,False
2025-08-14|42220,2025-08-14,42220,14:00,14:15,15,COMPLETE,5,0,DOWN,-0.26595744680851063,SCALE_INSUFFICIENT,,True,,,VOLUME_EXPANSION|TRADING_VALUE_EXPANSION,SCALE_UNAVAILABLE,WINDOW_OBSERVED,0,0,0,False,0,0,False,INHERITED_RAW_PRICE_BASIS,True,False
2025-08-14|42220,2025-08-14,42220,14:00,14:20,20,COMPLETE,5,0,UP,1.0652463382157125,SCALE_INSUFFICIENT,,True,,,RANGE_EXPANSION,SCALE_UNAVAILABLE,WINDOW_OBSERVED,0,0,0,False,0,0,False,INHERITED_RAW_PRICE_BASIS,True,False
2025-08-14|42220,2025-08-14,42220,14:00,14:25,25,COMPLETE,5,0,DOWN,-0.2635046113306983,SCALE_INSUFFICIENT,,True,,,RANGE_COMPRESSION,SCALE_UNAVAILABLE,WINDOW_OBSERVED,0,0,0,False,0,0,False,INHERITED_RAW_PRICE_BASIS,True,False
2025-08-14|42220,2025-08-14,42220,14:00,14:30,30,COMPLETE,5,0,DOWN,-0.13192612137203166,SCALE_INSUFFICIENT,,True,,,VOLUME_COMPRESSION|TRADING_VALUE_COMPRESSION,SCALE_UNAVAILABLE,WINDOW_OBSERVED,0,0,0,False,0,0,False,INHERITED_RAW_PRICE_BASIS,True,False
2025-08-14|42220,2025-08-14,42220,14:00,14:35,35,COMPLETE,5,0,UP,0.6605019815059445,SCALE_INSUFFICIENT,,True,,,VOLUME_EXPANSION|TRADING_VALUE_EXPANSION,SCALE_UNAVAILABLE,WINDOW_OBSERVED,0,0,0,False,0,0,False,INHERITED_RAW_PRICE_BASIS,True,False
2025-08-14|42220,2025-08-14,42220,14:00,14:40,40,COMPLETE,5,0,DOWN,-0.5256241787122208,SCALE_INSUFFICIENT,,True,,,RANGE_EXPANSION,SCALE_UNAVAILABLE,OBSERVATION_INSUFFICIENT,1,0,0,False,0,0,False,INHERITED_RAW_PRICE_BASIS,True,False
2025-08-14|42220,2025-08-14,42220,14:00,14:45,45,COMPLETE,5,0,DOWN,-0.6596306068601583,SCALE_INSUFFICIENT,,True,,,VOLUME_COMPRESSION|TRADING_VALUE_COMPRESSION,SCALE_UNAVAILABLE,OBSERVATION_INSUFFICIENT,1,0,0,False,0,0,False,INHERITED_RAW_PRICE_BASIS,True,False
2025-08-14|42220,2025-08-14,42220,14:00,14:50,50,PARTIAL,4,1,,,SCALE_INSUFFICIENT,,True,,,,CURRENT_BAR_UNAVAILABLE,WINDOW_OBSERVED,0,0,0,False,0,0,False,INHERITED_RAW_PRICE_BASIS,False,False
2025-08-14|42220,2025-08-14,42220,14:00,14:55,55,COMPLETE,5,0,UP,0.13280212483399734,SCALE_INSUFFICIENT,,True,,,,SCALE_UNAVAILABLE,WINDOW_OBSERVED,0,0,0,False,0,0,False,INHERITED_RAW_PRICE_BASIS,False,False
2025-08-14|42220,2025-08-14,42220,14:00,15:00,60,COMPLETE,5,0,UNCHANGED,0.0,SCALE_INSUFFICIENT,,True,,,,SCALE_UNAVAILABLE,WINDOW_OBSERVED,0,0,0,False,0,0,False,INHERITED_RAW_PRICE_BASIS,True,False
2025-08-14|42220,2025-08-14,42220,14:00,15:05,65,COMPLETE,5,0,UP,0.13280212483399734,SCALE_INSUFFICIENT,,True,,,VOLUME_COMPRESSION|TRADING_VALUE_COMPRESSION,SCALE_UNAVAILABLE,WINDOW_OBSERVED,0,0,0,False,0,0,False,INHERITED_RAW_PRICE_BASIS,True,False
2025-08-14|42220,2025-08-14,42220,14:00,15:10,70,COMPLETE,5,0,DOWN,-1.0624169986719787,SCALE_INSUFFICIENT,,True,,,RANGE_EXPANSION|VOLUME_EXPANSION|TRADING_VALUE_EXPANSION,SCALE_UNAVAILABLE,WINDOW_OBSERVED,0,0,0,False,0,0,False,INHERITED_RAW_PRICE_BASIS,True,False
2025-08-14|42220,2025-08-14,42220,14:00,15:15,75,COMPLETE,5,0,DOWN,-0.9395973154362416,SCALE_INSUFFICIENT,,True,,,VOLUME_EXPANSION|TRADING_VALUE_EXPANSION,SCALE_UNAVAILABLE,WINDOW_OBSERVED,0,0,0,False,0,0,False,INHERITED_RAW_PRICE_BASIS,True,False
2025-08-14|42220,2025-08-14,42220,14:00,15:20,80,COMPLETE,5,0,UP,0.13550135501355012,SCALE_INSUFFICIENT,,True,,,RANGE_COMPRESSION|VOLUME_COMPRESSION|TRADING_VALUE_COMPRESSION,SCALE_UNAVAILABLE,RIGHT_CENSORED,0,0,0,False,0,0,False,INHERITED_RAW_PRICE_BASIS,True,False
2025-08-14|42220,2025-08-14,42220,14:00,15:25,85,COMPLETE,5,0,UP,0.13550135501355012,SCALE_INSUFFICIENT,,True,,,VOLUME_EXPANSION|TRADING_VALUE_EXPANSION,SCALE_UNAVAILABLE,RIGHT_CENSORED,0,0,0,False,0,0,False,INHERITED_RAW_PRICE_BASIS,True,False
2025-08-14|42400,2025-08-14,42400,10:30,10:30,0,PARTIAL,3,2,,,AVAILABLE,6.0,True,,,,UNRESOLVED_STRUCTURE,OBSERVATION_INSUFFICIENT,4,0,0,False,0,0,False,INHERITED_RAW_PRICE_BASIS,False,False
2025-08-14|42400,2025-08-14,42400,10:30,10:35,5,PARTIAL,2,3,,,AVAILABLE,6.0,True,,,,CURRENT_BAR_UNAVAILABLE,OBSERVATION_INSUFFICIENT,4,0,0,False,0,0,False,INHERITED_RAW_PRICE_BASIS,False,False
2025-08-14|42400,2025-08-14,42400,10:30,10:40,10,PARTIAL,4,1,,,AVAILABLE,6.0,True,,,,CURRENT_BAR_UNAVAILABLE,OBSERVATION_INSUFFICIENT,6,0,0,False,0,0,False,INHERITED_RAW_PRICE_BASIS,False,False
2025-08-14|42400,2025-08-14,42400,10:30,10:45,15,PARTIAL,2,3,,,AVAILABLE,6.0,True,,,,CURRENT_BAR_UNAVAILABLE,OBSERVATION_INSUFFICIENT,6,0,0,False,0,0,False,INHERITED_RAW_PRICE_BASIS,False,False
2025-08-14|42400,2025-08-14,42400,10:30,10:50,20,PARTIAL,2,3,,,AVAILABLE,6.0,True,,,,CURRENT_BAR_UNAVAILABLE,OBSERVATION_INSUFFICIENT,7,0,0,False,0,0,False,INHERITED_RAW_PRICE_BASIS,False,False
2025-08-14|42400,2025-08-14,42400,10:30,10:55,25,PARTIAL,2,3,,,AVAILABLE,6.0,True,,,,UNRESOLVED_STRUCTURE,OBSERVATION_INSUFFICIENT,8,0,0,False,0,0,False,INHERITED_RAW_PRICE_BASIS,False,False
2025-08-14|42400,2025-08-14,42400,10:30,11:00,30,PARTIAL,1,4,,,AVAILABLE,6.0,True,,,,CURRENT_BAR_UNAVAILABLE,OBSERVATION_INSUFFICIENT,9,0,0,False,0,0,False,INHERITED_RAW_PRICE_BASIS,False,False
2025-08-14|42400,2025-08-14,42400,10:30,11:05,35,PARTIAL,1,4,,,AVAILABLE,6.0,True,,,,CURRENT_BAR_UNAVAILABLE,OBSERVATION_INSUFFICIENT,9,0,0,False,0,0,False,INHERITED_RAW_PRICE_BASIS,False,False
2025-08-14|42400,2025-08-14,42400,10:30,11:10,40,UNAVAILABLE,0,5,,,AVAILABLE,6.0,True,,,,CURRENT_BAR_UNAVAILABLE,OBSERVATION_INSUFFICIENT,7,0,0,False,0,0,False,INHERITED_RAW_PRICE_BASIS,False,False
2025-08-14|42400,2025-08-14,42400,10:30,11:15,45,PARTIAL,1,4,,,AVAILABLE,6.0,True,,,,CURRENT_BAR_UNAVAILABLE,OBSERVATION_INSUFFICIENT,6,0,0,False,0,0,False,INHERITED_RAW_PRICE_BASIS,False,False
2025-08-14|42400,2025-08-14,42400,10:30,11:20,50,PARTIAL,2,3,,,AVAILABLE,6.0,True,,,,CURRENT_BAR_UNAVAILABLE,OBSERVATION_INSUFFICIENT,7,0,0,False,0,0,False,INHERITED_RAW_PRICE_BASIS,False,False
2025-08-14|42400,2025-08-14,42400,10:30,11:25,55,PARTIAL,2,3,,,AVAILABLE,6.0,True,,,,UNRESOLVED_STRUCTURE,OBSERVATION_INSUFFICIENT,5,0,0,False,0,0,False,INHERITED_RAW_PRICE_BASIS,False,False
2025-08-14|42400,2025-08-14,42400,10:30,11:30,60,PARTIAL,1,4,,,AVAILABLE,6.0,True,,,,CURRENT_BAR_UNAVAILABLE,OBSERVATION_INSUFFICIENT,3,0,0,False,0,0,False,INHERITED_RAW_PRICE_BASIS,False,False
2025-08-14|42400,2025-08-14,42400,10:30,12:35,65,PARTIAL,4,1,,,AVAILABLE,6.0,True,,,,UNRESOLVED_STRUCTURE,OBSERVATION_INSUFFICIENT,5,0,0,False,0,0,False,INHERITED_RAW_PRICE_BASIS,False,False
2025-08-14|42400,2025-08-14,42400,10:30,12:40,70,PARTIAL,3,2,,,AVAILABLE,6.0,True,,,,CURRENT_BAR_UNAVAILABLE,OBSERVATION_INSUFFICIENT,5,0,0,False,0,1,False,INHERITED_RAW_PRICE_BASIS,False,False
2025-08-14|42400,2025-08-14,42400,10:30,12:45,75,PARTIAL,2,3,,,AVAILABLE,6.0,True,,,,UNRESOLVED_STRUCTURE,OBSERVATION_INSUFFICIENT,6,0,0,False,0,0,False,INHERITED_RAW_PRICE_BASIS,False,False
2025-08-14|42400,2025-08-14,42400,10:30,12:50,80,PARTIAL,3,2,,,AVAILABLE,6.0,True,,,,UNRESOLVED_STRUCTURE,OBSERVATION_INSUFFICIENT,7,0,0,False,0,2,False,INHERITED_RAW_PRICE_BASIS,False,False
2025-08-14|42400,2025-08-14,42400,10:30,12:55,85,PARTIAL,1,4,,,AVAILABLE,6.0,True,,,,CURRENT_BAR_UNAVAILABLE,OBSERVATION_INSUFFICIENT,8,0,0,False,0,0,False,INHERITED_RAW_PRICE_BASIS,False,False
2025-08-14|42400,2025-08-14,42400,10:30,13:00,90,PARTIAL,2,3,,,AVAILABLE,6.0,True,,,,CURRENT_BAR_UNAVAILABLE,OBSERVATION_INSUFFICIENT,8,0,0,False,0,0,False,INHERITED_RAW_PRICE_BASIS,False,False
2025-08-14|42400,2025-08-14,42400,10:30,13:05,95,UNAVAILABLE,0,5,,,AVAILABLE,6.0,True,,,,CURRENT_BAR_UNAVAILABLE,OBSERVATION_INSUFFICIENT,5,0,0,False,0,0,False,INHERITED_RAW_PRICE_BASIS,False,False
2025-08-14|42400,2025-08-14,42400,10:30,13:10,100,PARTIAL,2,3,,,AVAILABLE,6.0,True,,,,UNRESOLVED_STRUCTURE,OBSERVATION_INSUFFICIENT,5,0,0,False,0,0,False,INHERITED_RAW_PRICE_BASIS,False,False
2025-08-14|42400,2025-08-14,42400,10:30,13:15,105,PARTIAL,3,2,,,AVAILABLE,6.0,True,,,,CURRENT_BAR_UNAVAILABLE,OBSERVATION_INSUFFICIENT,8,0,0,False,0,0,False,INHERITED_RAW_PRICE_BASIS,False,False
2025-08-14|42400,2025-08-14,42400,10:30,13:20,110,PARTIAL,2,3,,,AVAILABLE,6.0,True,,,,CURRENT_BAR_UNAVAILABLE,OBSERVATION_INSUFFICIENT,7,0,0,False,0,0,False,INHERITED_RAW_PRICE_BASIS,False,False
2025-08-14|42400,2025-08-14,42400,10:30,13:25,115,UNAVAILABLE,0,5,,,AVAILABLE,6.0,True,,,,CURRENT_BAR_UNAVAILABLE,OBSERVATION_INSUFFICIENT,7,0,0,False,0,0,False,INHERITED_RAW_PRICE_BASIS,False,False
2025-08-14|42400,2025-08-14,42400,10:30,13:30,120,PARTIAL,3,2,,,AVAILABLE,6.0,True,,,,UNRESOLVED_STRUCTURE,OBSERVATION_INSUFFICIENT,7,0,0,False,0,0,False,INHERITED_RAW_PRICE_BASIS,False,False
2025-08-14|42400,2025-08-14,42400,10:30,13:35,125,UNAVAILABLE,0,5,,,AVAILABLE,6.0,True,,,,CURRENT_BAR_UNAVAILABLE,OBSERVATION_INSUFFICIENT,5,0,0,False,0,0,False,INHERITED_RAW_PRICE_BASIS,False,False
2025-08-14|42400,2025-08-14,42400,10:30,13:40,130,PARTIAL,3,2,,,AVAILABLE,6.0,True,,,,UNRESOLVED_STRUCTURE,OBSERVATION_INSUFFICIENT,6,0,0,False,0,0,False,INHERITED_RAW_PRICE_BASIS,False,False
2025-08-14|42400,2025-08-14,42400,10:30,13:45,135,PARTIAL,2,3,,,AVAILABLE,6.0,True,,,,CURRENT_BAR_UNAVAILABLE,OBSERVATION_INSUFFICIENT,6,0,0,False,0,0,False,INHERITED_RAW_PRICE_BASIS,False,False
2025-08-14|42400,2025-08-14,42400,10:30,13:50,140,PARTIAL,2,3,,,AVAILABLE,6.0,True,,,,CURRENT_BAR_UNAVAILABLE,OBSERVATION_INSUFFICIENT,6,0,0,False,0,0,False,INHERITED_RAW_PRICE_BASIS,False,False
2025-08-14|42400,2025-08-14,42400,10:30,13:55,145,PARTIAL,2,3,,,AVAILABLE,6.0,True,,,,UNRESOLVED_STRUCTURE,OBSERVATION_INSUFFICIENT,7,0,0,False,0,0,False,INHERITED_RAW_PRICE_BASIS,False,False
2025-08-14|42400,2025-08-14,42400,10:30,14:00,150,PARTIAL,2,3,,,AVAILABLE,6.0,True,,,,UNRESOLVED_STRUCTURE,OBSERVATION_INSUFFICIENT,9,0,0,False,0,0,False,INHERITED_RAW_PRICE_BASIS,False,False
2025-08-14|42400,2025-08-14,42400,10:30,14:05,155,PARTIAL,1,4,,,AVAILABLE,6.0,True,,,,CURRENT_BAR_UNAVAILABLE,OBSERVATION_INSUFFICIENT,7,0,0,False,0,0,False,INHERITED_RAW_PRICE_BASIS,False,False
2025-08-14|42400,2025-08-14,42400,10:30,14:10,160,UNAVAILABLE,0,5,,,AVAILABLE,6.0,True,,,,CURRENT_BAR_UNAVAILABLE,OBSERVATION_INSUFFICIENT,7,0,0,False,0,0,False,INHERITED_RAW_PRICE_BASIS,False,False
2025-08-14|42400,2025-08-14,42400,10:30,14:15,165,PARTIAL,3,2,,,AVAILABLE,6.0,True,,,,UNRESOLVED_STRUCTURE,OBSERVATION_INSUFFICIENT,8,0,0,False,0,0,False,INHERITED_RAW_PRICE_BASIS,False,False
2025-08-14|42400,2025-08-14,42400,10:30,14:20,170,UNAVAILABLE,0,5,,,AVAILABLE,6.0,True,,,,CURRENT_BAR_UNAVAILABLE,OBSERVATION_INSUFFICIENT,7,0,0,False,0,0,False,INHERITED_RAW_PRICE_BASIS,False,False
2025-08-14|42400,2025-08-14,42400,10:30,14:25,175,PARTIAL,2,3,,,AVAILABLE,6.0,True,,,,UNRESOLVED_STRUCTURE,OBSERVATION_INSUFFICIENT,8,0,0,False,0,0,False,INHERITED_RAW_PRICE_BASIS,False,False
2025-08-14|42400,2025-08-14,42400,10:30,14:30,180,PARTIAL,1,4,,,AVAILABLE,6.0,True,,,,CURRENT_BAR_UNAVAILABLE,OBSERVATION_INSUFFICIENT,7,0,0,False,0,0,False,INHERITED_RAW_PRICE_BASIS,False,False
2025-08-14|42400,2025-08-14,42400,10:30,14:35,185,PARTIAL,1,4,,,AVAILABLE,6.0,True,,,,CURRENT_BAR_UNAVAILABLE,OBSERVATION_INSUFFICIENT,8,0,0,False,0,0,False,INHERITED_RAW_PRICE_BASIS,False,False
2025-08-14|42400,2025-08-14,42400,10:30,14:40,190,PARTIAL,2,3,,,AVAILABLE,6.0,True,,,,CURRENT_BAR_UNAVAILABLE,OBSERVATION_INSUFFICIENT,9,0,0,False,0,0,False,INHERITED_RAW_PRICE_BASIS,False,False
2025-08-14|42400,2025-08-14,42400,10:30,14:45,195,UNAVAILABLE,0,5,,,AVAILABLE,6.0,True,,,,CURRENT_BAR_UNAVAILABLE,OBSERVATION_INSUFFICIENT,9,0,0,False,0,0,False,INHERITED_RAW_PRICE_BASIS,False,False
2025-08-14|42400,2025-08-14,42400,10:30,14:50,200,PARTIAL,1,4,,,AVAILABLE,6.0,True,,,,CURRENT_BAR_UNAVAILABLE,OBSERVATION_INSUFFICIENT,7,0,0,False,0,0,False,INHERITED_RAW_PRICE_BASIS,False,False
2025-08-14|42400,2025-08-14,42400,10:30,14:55,205,UNAVAILABLE,0,5,,,AVAILABLE,6.0,True,,,,CURRENT_BAR_UNAVAILABLE,OBSERVATION_INSUFFICIENT,5,0,0,False,0,0,False,INHERITED_RAW_PRICE_BASIS,False,False
2025-08-14|42400,2025-08-14,42400,10:30,15:00,210,PARTIAL,3,2,,,AVAILABLE,6.0,True,,,,CURRENT_BAR_UNAVAILABLE,OBSERVATION_INSUFFICIENT,7,0,0,False,0,0,False,INHERITED_RAW_PRICE_BASIS,False,False
2025-08-14|42400,2025-08-14,42400,10:30,15:05,215,PARTIAL,2,3,,,AVAILABLE,6.0,True,,,,UNRESOLVED_STRUCTURE,OBSERVATION_INSUFFICIENT,7,0,0,False,0,0,False,INHERITED_RAW_PRICE_BASIS,False,False
2025-08-14|42400,2025-08-14,42400,10:30,15:10,220,PARTIAL,1,4,,,AVAILABLE,6.0,True,,,,CURRENT_BAR_UNAVAILABLE,OBSERVATION_INSUFFICIENT,8,0,0,False,0,0,False,INHERITED_RAW_PRICE_BASIS,False,False
2025-08-14|42400,2025-08-14,42400,10:30,15:15,225,PARTIAL,2,3,,,AVAILABLE,6.0,True,,,,CURRENT_BAR_UNAVAILABLE,OBSERVATION_INSUFFICIENT,8,0,0,False,0,0,False,INHERITED_RAW_PRICE_BASIS,False,False
2025-08-14|42400,2025-08-14,42400,10:30,15:20,230,UNAVAILABLE,0,5,,,AVAILABLE,6.0,True,,,,CURRENT_BAR_UNAVAILABLE,RIGHT_CENSORED,3,0,0,False,0,0,False,INHERITED_RAW_PRICE_BASIS,False,False
2025-08-14|42400,2025-08-14,42400,10:30,15:25,235,PARTIAL,2,3,,,AVAILABLE,6.0,True,,,,UNRESOLVED_STRUCTURE,RIGHT_CENSORED,0,0,0,False,0,0,False,INHERITED_RAW_PRICE_BASIS,False,False
2025-08-14|42550,2025-08-14,42550,09:30,09:30,0,PARTIAL,1,4,,,SCALE_INSUFFICIENT,,True,,,,CURRENT_BAR_UNAVAILABLE,OBSERVATION_INSUFFICIENT,8,0,0,False,0,0,False,INHERITED_RAW_PRICE_BASIS,False,False
2025-08-14|42550,2025-08-14,42550,09:30,09:35,5,UNAVAILABLE,0,5,,,SCALE_INSUFFICIENT,,True,,,,CURRENT_BAR_UNAVAILABLE,OBSERVATION_INSUFFICIENT,6,0,0,False,0,0,False,INHERITED_RAW_PRICE_BASIS,False,False
2025-08-14|42550,2025-08-14,42550,09:30,09:40,10,PARTIAL,2,3,,,SCALE_INSUFFICIENT,,True,,,,SCALE_UNAVAILABLE,OBSERVATION_INSUFFICIENT,5,0,0,False,0,0,False,INHERITED_RAW_PRICE_BASIS,False,False
2025-08-14|42550,2025-08-14,42550,09:30,09:45,15,PARTIAL,2,3,,,SCALE_INSUFFICIENT,,True,,,,CURRENT_BAR_UNAVAILABLE,OBSERVATION_INSUFFICIENT,4,0,0,False,0,0,False,INHERITED_RAW_PRICE_BASIS,False,False
2025-08-14|42550,2025-08-14,42550,09:30,09:50,20,PARTIAL,3,2,,,SCALE_INSUFFICIENT,,True,,,,SCALE_UNAVAILABLE,OBSERVATION_INSUFFICIENT,6,0,0,False,0,0,False,INHERITED_RAW_PRICE_BASIS,False,False
2025-08-14|42550,2025-08-14,42550,09:30,09:55,25,PARTIAL,3,2,,,SCALE_INSUFFICIENT,,True,,,,SCALE_UNAVAILABLE,OBSERVATION_INSUFFICIENT,9,0,0,False,0,0,False,INHERITED_RAW_PRICE_BASIS,False,False
2025-08-14|42550,2025-08-14,42550,09:30,10:00,30,PARTIAL,1,4,,,SCALE_INSUFFICIENT,,True,,,,CURRENT_BAR_UNAVAILABLE,OBSERVATION_INSUFFICIENT,9,0,0,False,0,0,False,INHERITED_RAW_PRICE_BASIS,False,False
2025-08-14|42550,2025-08-14,42550,09:30,10:05,35,UNAVAILABLE,0,5,,,SCALE_INSUFFICIENT,,True,,,,CURRENT_BAR_UNAVAILABLE,OBSERVATION_INSUFFICIENT,6,0,0,False,0,0,False,INHERITED_RAW_PRICE_BASIS,False,False
2025-08-14|42550,2025-08-14,42550,09:30,10:10,40,PARTIAL,1,4,,,SCALE_INSUFFICIENT,,True,,,,SCALE_UNAVAILABLE,OBSERVATION_INSUFFICIENT,6,0,0,False,0,0,False,INHERITED_RAW_PRICE_BASIS,False,False
2025-08-14|42550,2025-08-14,42550,09:30,10:15,45,PARTIAL,3,2,,,SCALE_INSUFFICIENT,,True,,,,SCALE_UNAVAILABLE,OBSERVATION_INSUFFICIENT,9,0,0,False,2,2,False,INHERITED_RAW_PRICE_BASIS,False,False
2025-08-14|42550,2025-08-14,42550,09:30,10:20,50,PARTIAL,1,4,,,SCALE_INSUFFICIENT,,True,,,,CURRENT_BAR_UNAVAILABLE,OBSERVATION_INSUFFICIENT,9,0,0,False,0,0,False,INHERITED_RAW_PRICE_BASIS,False,False
2025-08-14|42550,2025-08-14,42550,09:30,10:25,55,UNAVAILABLE,0,5,,,SCALE_INSUFFICIENT,,True,,,,CURRENT_BAR_UNAVAILABLE,OBSERVATION_INSUFFICIENT,9,0,0,False,0,0,False,INHERITED_RAW_PRICE_BASIS,False,False
2025-08-14|42550,2025-08-14,42550,09:30,10:30,60,PARTIAL,1,4,,,SCALE_INSUFFICIENT,,True,,,,CURRENT_BAR_UNAVAILABLE,OBSERVATION_INSUFFICIENT,10,0,0,False,0,0,False,INHERITED_RAW_PRICE_BASIS,False,False
2025-08-14|42550,2025-08-14,42550,09:30,10:35,65,UNAVAILABLE,0,5,,,SCALE_INSUFFICIENT,,True,,,,CURRENT_BAR_UNAVAILABLE,OBSERVATION_INSUFFICIENT,10,0,0,False,0,0,False,INHERITED_RAW_PRICE_BASIS,False,False
2025-08-14|42550,2025-08-14,42550,09:30,10:40,70,UNAVAILABLE,0,5,,,SCALE_INSUFFICIENT,,True,,,,CURRENT_BAR_UNAVAILABLE,OBSERVATION_INSUFFICIENT,10,0,0,False,0,0,False,INHERITED_RAW_PRICE_BASIS,False,False
2025-08-14|42550,2025-08-14,42550,09:30,10:45,75,UNAVAILABLE,0,5,,,SCALE_INSUFFICIENT,,True,,,,CURRENT_BAR_UNAVAILABLE,OBSERVATION_INSUFFICIENT,10,0,0,False,0,0,False,INHERITED_RAW_PRICE_BASIS,False,False
2025-08-14|42550,2025-08-14,42550,09:30,10:50,80,UNAVAILABLE,0,5,,,SCALE_INSUFFICIENT,,True,,,,CURRENT_BAR_UNAVAILABLE,OBSERVATION_INSUFFICIENT,10,0,0,False,0,0,False,INHERITED_RAW_PRICE_BASIS,False,False
2025-08-14|42550,2025-08-14,42550,09:30,10:55,85,UNAVAILABLE,0,5,,,SCALE_INSUFFICIENT,,True,,,,CURRENT_BAR_UNAVAILABLE,OBSERVATION_INSUFFICIENT,9,0,0,False,0,0,False,INHERITED_RAW_PRICE_BASIS,False,False
2025-08-14|42550,2025-08-14,42550,09:30,11:00,90,UNAVAILABLE,0,5,,,SCALE_INSUFFICIENT,,True,,,,CURRENT_BAR_UNAVAILABLE,OBSERVATION_INSUFFICIENT,8,0,0,False,0,0,False,INHERITED_RAW_PRICE_BASIS,False,False
2025-08-14|42550,2025-08-14,42550,09:30,11:05,95,PARTIAL,1,4,,,SCALE_INSUFFICIENT,,True,,,,CURRENT_BAR_UNAVAILABLE,OBSERVATION_INSUFFICIENT,9,0,0,False,0,0,False,INHERITED_RAW_PRICE_BASIS,False,False
2025-08-14|42550,2025-08-14,42550,09:30,11:10,100,PARTIAL,1,4,,,SCALE_INSUFFICIENT,,True,,,,CURRENT_BAR_UNAVAILABLE,OBSERVATION_INSUFFICIENT,10,0,0,False,0,0,False,INHERITED_RAW_PRICE_BASIS,False,False
2025-08-14|42550,2025-08-14,42550,09:30,11:15,105,UNAVAILABLE,0,5,,,SCALE_INSUFFICIENT,,True,,,,CURRENT_BAR_UNAVAILABLE,OBSERVATION_INSUFFICIENT,10,0,0,False,0,0,False,INHERITED_RAW_PRICE_BASIS,False,False
2025-08-14|42550,2025-08-14,42550,09:30,11:20,110,UNAVAILABLE,0,5,,,SCALE_INSUFFICIENT,,True,,,,CURRENT_BAR_UNAVAILABLE,OBSERVATION_INSUFFICIENT,9,0,0,False,0,0,False,INHERITED_RAW_PRICE_BASIS,False,False
2025-08-14|42550,2025-08-14,42550,09:30,11:25,115,UNAVAILABLE,0,5,,,SCALE_INSUFFICIENT,,True,,,,CURRENT_BAR_UNAVAILABLE,OBSERVATION_INSUFFICIENT,7,0,0,False,0,0,False,INHERITED_RAW_PRICE_BASIS,False,False
2025-08-14|42550,2025-08-14,42550,09:30,11:30,120,PARTIAL,1,4,,,SCALE_INSUFFICIENT,,True,,,,CURRENT_BAR_UNAVAILABLE,OBSERVATION_INSUFFICIENT,8,0,0,False,0,0,False,INHERITED_RAW_PRICE_BASIS,False,False
2025-08-14|42550,2025-08-14,42550,09:30,12:35,125,PARTIAL,2,3,,,SCALE_INSUFFICIENT,,True,,,,CURRENT_BAR_UNAVAILABLE,OBSERVATION_INSUFFICIENT,9,0,0,False,0,0,False,INHERITED_RAW_PRICE_BASIS,False,False
2025-08-14|42550,2025-08-14,42550,09:30,12:40,130,UNAVAILABLE,0,5,,,SCALE_INSUFFICIENT,,True,,,,CURRENT_BAR_UNAVAILABLE,OBSERVATION_INSUFFICIENT,8,0,0,False,0,0,False,INHERITED_RAW_PRICE_BASIS,False,False
2025-08-14|42550,2025-08-14,42550,09:30,12:45,135,PARTIAL,1,4,,,SCALE_INSUFFICIENT,,True,,,,CURRENT_BAR_UNAVAILABLE,OBSERVATION_INSUFFICIENT,8,0,0,False,0,0,False,INHERITED_RAW_PRICE_BASIS,False,False
2025-08-14|42550,2025-08-14,42550,09:30,12:50,140,PARTIAL,1,4,,,SCALE_INSUFFICIENT,,True,,,,CURRENT_BAR_UNAVAILABLE,OBSERVATION_INSUFFICIENT,8,0,0,False,0,0,False,INHERITED_RAW_PRICE_BASIS,False,False
2025-08-14|42550,2025-08-14,42550,09:30,12:55,145,PARTIAL,1,4,,,SCALE_INSUFFICIENT,,True,,,,CURRENT_BAR_UNAVAILABLE,OBSERVATION_INSUFFICIENT,6,0,0,False,0,0,False,INHERITED_RAW_PRICE_BASIS,False,False
2025-08-14|42550,2025-08-14,42550,09:30,13:00,150,PARTIAL,1,4,,,SCALE_INSUFFICIENT,,True,,,,CURRENT_BAR_UNAVAILABLE,OBSERVATION_INSUFFICIENT,5,0,0,False,0,0,False,INHERITED_RAW_PRICE_BASIS,False,False
2025-08-14|42550,2025-08-14,42550,09:30,13:05,155,PARTIAL,3,2,,,SCALE_INSUFFICIENT,,True,,,,SCALE_UNAVAILABLE,OBSERVATION_INSUFFICIENT,8,0,0,False,1,1,False,INHERITED_RAW_PRICE_BASIS,False,False
2025-08-14|42550,2025-08-14,42550,09:30,13:10,160,PARTIAL,2,3,,,SCALE_INSUFFICIENT,,True,,,,CURRENT_BAR_UNAVAILABLE,OBSERVATION_INSUFFICIENT,10,0,0,False,0,1,False,INHERITED_RAW_PRICE_BASIS,False,False
2025-08-14|42550,2025-08-14,42550,09:30,13:15,165,UNAVAILABLE,0,5,,,SCALE_INSUFFICIENT,,True,,,,CURRENT_BAR_UNAVAILABLE,OBSERVATION_INSUFFICIENT,10,0,0,False,0,0,False,INHERITED_RAW_PRICE_BASIS,False,False
2025-08-14|42550,2025-08-14,42550,09:30,13:20,170,UNAVAILABLE,0,5,,,SCALE_INSUFFICIENT,,True,,,,CURRENT_BAR_UNAVAILABLE,OBSERVATION_INSUFFICIENT,8,0,0,False,0,0,False,INHERITED_RAW_PRICE_BASIS,False,False
2025-08-14|42550,2025-08-14,42550,09:30,13:25,175,UNAVAILABLE,0,5,,,SCALE_INSUFFICIENT,,True,,,,CURRENT_BAR_UNAVAILABLE,OBSERVATION_INSUFFICIENT,8,0,0,False,0,0,False,INHERITED_RAW_PRICE_BASIS,False,False
2025-08-14|42550,2025-08-14,42550,09:30,13:30,180,PARTIAL,2,3,,,SCALE_INSUFFICIENT,,True,,,,CURRENT_BAR_UNAVAILABLE,OBSERVATION_INSUFFICIENT,8,0,0,False,0,0,False,INHERITED_RAW_PRICE_BASIS,False,False
2025-08-14|42550,2025-08-14,42550,09:30,13:35,185,UNAVAILABLE,0,5,,,SCALE_INSUFFICIENT,,True,,,,CURRENT_BAR_UNAVAILABLE,OBSERVATION_INSUFFICIENT,6,0,0,False,0,0,False,INHERITED_RAW_PRICE_BASIS,False,False
2025-08-14|42550,2025-08-14,42550,09:30,13:40,190,PARTIAL,2,3,,,SCALE_INSUFFICIENT,,True,,,,SCALE_UNAVAILABLE,OBSERVATION_INSUFFICIENT,8,0,0,False,0,0,False,INHERITED_RAW_PRICE_BASIS,False,False
2025-08-14|42550,2025-08-14,42550,09:30,13:45,195,PARTIAL,2,3,,,SCALE_INSUFFICIENT,,True,,,,CURRENT_BAR_UNAVAILABLE,OBSERVATION_INSUFFICIENT,10,0,0,False,0,0,False,INHERITED_RAW_PRICE_BASIS,False,False
2025-08-14|42550,2025-08-14,42550,09:30,13:50,200,UNAVAILABLE,0,5,,,SCALE_INSUFFICIENT,,True,,,,CURRENT_BAR_UNAVAILABLE,OBSERVATION_INSUFFICIENT,10,0,0,False,0,0,False,INHERITED_RAW_PRICE_BASIS,False,False
2025-08-14|42550,2025-08-14,42550,09:30,13:55,205,UNAVAILABLE,0,5,,,SCALE_INSUFFICIENT,,True,,,,CURRENT_BAR_UNAVAILABLE,OBSERVATION_INSUFFICIENT,10,0,0,False,0,0,False,INHERITED_RAW_PRICE_BASIS,False,False
2025-08-14|42550,2025-08-14,42550,09:30,14:00,210,UNAVAILABLE,0,5,,,SCALE_INSUFFICIENT,,True,,,,CURRENT_BAR_UNAVAILABLE,OBSERVATION_INSUFFICIENT,10,0,0,False,0,0,False,INHERITED_RAW_PRICE_BASIS,False,False
2025-08-14|42550,2025-08-14,42550,09:30,14:05,215,UNAVAILABLE,0,5,,,SCALE_INSUFFICIENT,,True,,,,CURRENT_BAR_UNAVAILABLE,OBSERVATION_INSUFFICIENT,10,0,0,False,0,0,False,INHERITED_RAW_PRICE_BASIS,False,False
2025-08-14|42550,2025-08-14,42550,09:30,14:10,220,UNAVAILABLE,0,5,,,SCALE_INSUFFICIENT,,True,,,,CURRENT_BAR_UNAVAILABLE,OBSERVATION_INSUFFICIENT,9,0,0,False,0,0,False,INHERITED_RAW_PRICE_BASIS,False,False
2025-08-14|42550,2025-08-14,42550,09:30,14:15,225,UNAVAILABLE,0,5,,,SCALE_INSUFFICIENT,,True,,,,CURRENT_BAR_UNAVAILABLE,OBSERVATION_INSUFFICIENT,9,0,0,False,0,0,False,INHERITED_RAW_PRICE_BASIS,False,False
2025-08-14|42550,2025-08-14,42550,09:30,14:20,230,PARTIAL,1,4,,,SCALE_INSUFFICIENT,,True,,,,SCALE_UNAVAILABLE,OBSERVATION_INSUFFICIENT,10,0,0,False,0,0,False,INHERITED_RAW_PRICE_BASIS,False,False
2025-08-14|42550,2025-08-14,42550,09:30,14:25,235,UNAVAILABLE,0,5,,,SCALE_INSUFFICIENT,,True,,,,CURRENT_BAR_UNAVAILABLE,OBSERVATION_INSUFFICIENT,10,0,0,False,0,0,False,INHERITED_RAW_PRICE_BASIS,False,False
2025-08-14|42550,2025-08-14,42550,09:30,14:30,240,UNAVAILABLE,0,5,,,SCALE_INSUFFICIENT,,True,,,,CURRENT_BAR_UNAVAILABLE,OBSERVATION_INSUFFICIENT,10,0,0,False,0,0,False,INHERITED_RAW_PRICE_BASIS,False,False
2025-08-14|42550,2025-08-14,42550,09:30,14:35,245,UNAVAILABLE,0,5,,,SCALE_INSUFFICIENT,,True,,,,CURRENT_BAR_UNAVAILABLE,OBSERVATION_INSUFFICIENT,10,0,0,False,0,0,False,INHERITED_RAW_PRICE_BASIS,False,False
2025-08-14|42550,2025-08-14,42550,09:30,14:40,250,UNAVAILABLE,0,5,,,SCALE_INSUFFICIENT,,True,,,,CURRENT_BAR_UNAVAILABLE,OBSERVATION_INSUFFICIENT,10,0,0,False,0,0,False,INHERITED_RAW_PRICE_BASIS,False,False
2025-08-14|42550,2025-08-14,42550,09:30,14:45,255,UNAVAILABLE,0,5,,,SCALE_INSUFFICIENT,,True,,,,CURRENT_BAR_UNAVAILABLE,OBSERVATION_INSUFFICIENT,10,0,0,False,0,0,False,INHERITED_RAW_PRICE_BASIS,False,False
2025-08-14|42550,2025-08-14,42550,09:30,14:50,260,UNAVAILABLE,0,5,,,SCALE_INSUFFICIENT,,True,,,,CURRENT_BAR_UNAVAILABLE,OBSERVATION_INSUFFICIENT,10,0,0,False,0,0,False,INHERITED_RAW_PRICE_BASIS,False,False
2025-08-14|42550,2025-08-14,42550,09:30,14:55,265,UNAVAILABLE,0,5,,,SCALE_INSUFFICIENT,,True,,,,CURRENT_BAR_UNAVAILABLE,OBSERVATION_INSUFFICIENT,10,0,0,False,0,0,False,INHERITED_RAW_PRICE_BASIS,False,False
2025-08-14|42550,2025-08-14,42550,09:30,15:00,270,UNAVAILABLE,0,5,,,SCALE_INSUFFICIENT,,True,,,,CURRENT_BAR_UNAVAILABLE,OBSERVATION_INSUFFICIENT,6,0,0,False,0,0,False,INHERITED_RAW_PRICE_BASIS,False,False
2025-08-14|42550,2025-08-14,42550,09:30,15:05,275,UNAVAILABLE,0,5,,,SCALE_INSUFFICIENT,,True,,,,CURRENT_BAR_UNAVAILABLE,OBSERVATION_INSUFFICIENT,4,0,0,False,0,0,False,INHERITED_RAW_PRICE_BASIS,False,False
2025-08-14|42550,2025-08-14,42550,09:30,15:10,280,PARTIAL,4,1,,,SCALE_INSUFFICIENT,,True,,,,SCALE_UNAVAILABLE,OBSERVATION_INSUFFICIENT,4,0,0,False,0,0,False,INHERITED_RAW_PRICE_BASIS,False,False
2025-08-14|42550,2025-08-14,42550,09:30,15:15,285,PARTIAL,2,3,,,SCALE_INSUFFICIENT,,True,,,,CURRENT_BAR_UNAVAILABLE,OBSERVATION_INSUFFICIENT,5,0,0,False,0,0,False,INHERITED_RAW_PRICE_BASIS,False,False
2025-08-14|42550,2025-08-14,42550,09:30,15:20,290,PARTIAL,4,1,,,SCALE_INSUFFICIENT,,True,,,,CURRENT_BAR_UNAVAILABLE,RIGHT_CENSORED,4,0,0,False,0,0,False,INHERITED_RAW_PRICE_BASIS,False,False
2025-08-14|42550,2025-08-14,42550,09:30,15:25,295,PARTIAL,1,4,,,SCALE_INSUFFICIENT,,True,,,,SCALE_UNAVAILABLE,RIGHT_CENSORED,0,0,0,False,0,0,False,INHERITED_RAW_PRICE_BASIS,False,False
2025-08-14|44840,2025-08-14,44840,11:00,11:00,0,COMPLETE,5,0,DOWN,-5.128205128205129,SCALE_INSUFFICIENT,,True,,,RANGE_EXPANSION|VOLUME_EXPANSION|TRADING_VALUE_EXPANSION,SCALE_UNAVAILABLE,WINDOW_OBSERVED,0,0,0,False,1,1,False,INHERITED_RAW_PRICE_BASIS,False,False
2025-08-14|44840,2025-08-14,44840,11:00,11:05,5,COMPLETE,5,0,UP,1.5444015444015444,SCALE_INSUFFICIENT,,True,,,RANGE_COMPRESSION|VOLUME_COMPRESSION|TRADING_VALUE_COMPRESSION,SCALE_UNAVAILABLE,WINDOW_OBSERVED,0,0,0,False,0,0,False,INHERITED_RAW_PRICE_BASIS,True,False
2025-08-14|44840,2025-08-14,44840,11:00,11:10,10,COMPLETE,5,0,UP,0.7604562737642585,SCALE_INSUFFICIENT,,True,,,RANGE_COMPRESSION|VOLUME_COMPRESSION|TRADING_VALUE_COMPRESSION,SCALE_UNAVAILABLE,WINDOW_OBSERVED,0,0,0,False,0,0,False,INHERITED_RAW_PRICE_BASIS,True,False
2025-08-14|44840,2025-08-14,44840,11:00,11:15,15,COMPLETE,5,0,UP,0.37735849056603776,SCALE_INSUFFICIENT,,True,,,RANGE_EXPANSION,SCALE_UNAVAILABLE,WINDOW_OBSERVED,0,0,0,False,0,0,False,INHERITED_RAW_PRICE_BASIS,True,False
2025-08-14|44840,2025-08-14,44840,11:00,11:20,20,COMPLETE,5,0,UNCHANGED,0.0,SCALE_INSUFFICIENT,,True,,,RANGE_COMPRESSION|VOLUME_COMPRESSION|TRADING_VALUE_COMPRESSION,SCALE_UNAVAILABLE,WINDOW_OBSERVED,0,0,0,False,0,0,False,INHERITED_RAW_PRICE_BASIS,True,False
2025-08-14|44840,2025-08-14,44840,11:00,11:25,25,COMPLETE,5,0,UNCHANGED,0.0,SCALE_INSUFFICIENT,,True,,,RANGE_COMPRESSION,SCALE_UNAVAILABLE,WINDOW_OBSERVED,0,0,0,False,0,0,False,INHERITED_RAW_PRICE_BASIS,True,False
2025-08-14|44840,2025-08-14,44840,11:00,11:30,30,COMPLETE,5,0,DOWN,-1.4981273408239701,SCALE_INSUFFICIENT,,True,,,RANGE_EXPANSION|VOLUME_EXPANSION|TRADING_VALUE_EXPANSION,SCALE_UNAVAILABLE,WINDOW_OBSERVED,0,0,0,False,0,0,False,INHERITED_RAW_PRICE_BASIS,True,False
2025-08-14|44840,2025-08-14,44840,11:00,12:35,35,COMPLETE,5,0,UNCHANGED,0.0,SCALE_INSUFFICIENT,,True,,,,SCALE_UNAVAILABLE,WINDOW_OBSERVED,0,0,0,False,0,0,False,INHERITED_RAW_PRICE_BASIS,True,False
2025-08-14|44840,2025-08-14,44840,11:00,12:40,40,COMPLETE,5,0,UNCHANGED,0.0,SCALE_INSUFFICIENT,,True,,,VOLUME_COMPRESSION|TRADING_VALUE_COMPRESSION,SCALE_UNAVAILABLE,WINDOW_OBSERVED,0,0,0,False,0,0,False,INHERITED_RAW_PRICE_BASIS,True,False
2025-08-14|44840,2025-08-14,44840,11:00,12:45,45,COMPLETE,5,0,DOWN,-0.746268656716418,SCALE_INSUFFICIENT,,True,,,,SCALE_UNAVAILABLE,OBSERVATION_INSUFFICIENT,1,0,0,False,0,0,False,INHERITED_RAW_PRICE_BASIS,True,False
2025-08-14|44840,2025-08-14,44840,11:00,12:50,50,COMPLETE,5,0,UP,1.1278195488721805,SCALE_INSUFFICIENT,,True,,,RANGE_EXPANSION|VOLUME_EXPANSION|TRADING_VALUE_EXPANSION,SCALE_UNAVAILABLE,OBSERVATION_INSUFFICIENT,1,0,0,False,0,0,False,INHERITED_RAW_PRICE_BASIS,True,False
2025-08-14|44840,2025-08-14,44840,11:00,12:55,55,PARTIAL,4,1,,,SCALE_INSUFFICIENT,,True,,,,SCALE_UNAVAILABLE,OBSERVATION_INSUFFICIENT,1,0,0,False,0,0,False,INHERITED_RAW_PRICE_BASIS,False,False
2025-08-14|44840,2025-08-14,44840,11:00,13:00,60,COMPLETE,5,0,UP,1.486988847583643,SCALE_INSUFFICIENT,,True,,,,SCALE_UNAVAILABLE,OBSERVATION_INSUFFICIENT,2,0,0,False,0,0,False,INHERITED_RAW_PRICE_BASIS,False,False
2025-08-14|44840,2025-08-14,44840,11:00,13:05,65,PARTIAL,4,1,,,SCALE_INSUFFICIENT,,True,,,,CURRENT_BAR_UNAVAILABLE,OBSERVATION_INSUFFICIENT,1,0,0,False,0,0,False,INHERITED_RAW_PRICE_BASIS,False,False
2025-08-14|44840,2025-08-14,44840,11:00,13:10,70,PARTIAL,4,1,,,SCALE_INSUFFICIENT,,True,,,,SCALE_UNAVAILABLE,WINDOW_OBSERVED,0,0,0,False,0,0,False,INHERITED_RAW_PRICE_BASIS,False,False
2025-08-14|44840,2025-08-14,44840,11:00,13:15,75,COMPLETE,5,0,UP,0.36764705882352944,SCALE_INSUFFICIENT,,True,,,,SCALE_UNAVAILABLE,OBSERVATION_INSUFFICIENT,1,0,0,False,0,0,False,INHERITED_RAW_PRICE_BASIS,False,False
2025-08-14|44840,2025-08-14,44840,11:00,13:20,80,COMPLETE,5,0,DOWN,-0.3663003663003663,SCALE_INSUFFICIENT,,True,,,RANGE_COMPRESSION|VOLUME_EXPANSION|TRADING_VALUE_EXPANSION,SCALE_UNAVAILABLE,OBSERVATION_INSUFFICIENT,2,0,0,False,0,0,False,INHERITED_RAW_PRICE_BASIS,True,False
2025-08-14|44840,2025-08-14,44840,11:00,13:25,85,PARTIAL,4,1,,,SCALE_INSUFFICIENT,,True,,,,SCALE_UNAVAILABLE,OBSERVATION_INSUFFICIENT,1,0,0,False,0,0,False,INHERITED_RAW_PRICE_BASIS,False,False
2025-08-14|44840,2025-08-14,44840,11:00,13:30,90,PARTIAL,4,1,,,SCALE_INSUFFICIENT,,True,,,,SCALE_UNAVAILABLE,WINDOW_OBSERVED,0,0,0,False,0,0,False,INHERITED_RAW_PRICE_BASIS,False,False
2025-08-14|44840,2025-08-14,44840,11:00,13:35,95,COMPLETE,5,0,DOWN,-0.7352941176470589,SCALE_INSUFFICIENT,,True,,,,SCALE_UNAVAILABLE,OBSERVATION_INSUFFICIENT,2,0,0,False,0,0,False,INHERITED_RAW_PRICE_BASIS,False,False
2025-08-14|44840,2025-08-14,44840,11:00,13:40,100,COMPLETE,5,0,UP,0.37037037037037035,SCALE_INSUFFICIENT,,True,,,VOLUME_COMPRESSION|TRADING_VALUE_COMPRESSION,SCALE_UNAVAILABLE,OBSERVATION_INSUFFICIENT,2,0,0,False,0,0,False,INHERITED_RAW_PRICE_BASIS,True,False
2025-08-14|44840,2025-08-14,44840,11:00,13:45,105,PARTIAL,3,2,,,SCALE_INSUFFICIENT,,True,,,,CURRENT_BAR_UNAVAILABLE,WINDOW_OBSERVED,0,0,0,False,0,0,False,INHERITED_RAW_PRICE_BASIS,False,False
2025-08-14|44840,2025-08-14,44840,11:00,13:50,110,COMPLETE,5,0,DOWN,-0.3663003663003663,SCALE_INSUFFICIENT,,True,,,,SCALE_UNAVAILABLE,OBSERVATION_INSUFFICIENT,1,0,0,False,0,0,False,INHERITED_RAW_PRICE_BASIS,False,False
2025-08-14|44840,2025-08-14,44840,11:00,13:55,115,COMPLETE,5,0,DOWN,-0.3663003663003663,SCALE_INSUFFICIENT,,True,,,RANGE_EXPANSION|VOLUME_EXPANSION|TRADING_VALUE_EXPANSION,SCALE_UNAVAILABLE,OBSERVATION_INSUFFICIENT,2,0,0,False,0,0,False,INHERITED_RAW_PRICE_BASIS,True,False
2025-08-14|44840,2025-08-14,44840,11:00,14:00,120,PARTIAL,4,1,,,SCALE_INSUFFICIENT,,True,,,,SCALE_UNAVAILABLE,OBSERVATION_INSUFFICIENT,3,0,0,False,0,0,False,INHERITED_RAW_PRICE_BASIS,False,False
2025-08-14|44840,2025-08-14,44840,11:00,14:05,125,PARTIAL,4,1,,,SCALE_INSUFFICIENT,,True,,,,SCALE_UNAVAILABLE,OBSERVATION_INSUFFICIENT,3,0,0,False,0,0,False,INHERITED_RAW_PRICE_BASIS,False,False
2025-08-14|44840,2025-08-14,44840,11:00,14:10,130,PARTIAL,3,2,,,SCALE_INSUFFICIENT,,True,,,,SCALE_UNAVAILABLE,OBSERVATION_INSUFFICIENT,1,0,0,False,0,0,False,INHERITED_RAW_PRICE_BASIS,False,False
2025-08-14|44840,2025-08-14,44840,11:00,14:15,135,PARTIAL,4,1,,,SCALE_INSUFFICIENT,,True,,,,SCALE_UNAVAILABLE,OBSERVATION_INSUFFICIENT,3,0,0,False,0,0,False,INHERITED_RAW_PRICE_BASIS,False,False
2025-08-14|44840,2025-08-14,44840,11:00,14:20,140,COMPLETE,5,0,UNCHANGED,0.0,SCALE_INSUFFICIENT,,True,,,,SCALE_UNAVAILABLE,OBSERVATION_INSUFFICIENT,6,0,0,False,0,0,False,INHERITED_RAW_PRICE_BASIS,False,False
2025-08-14|44840,2025-08-14,44840,11:00,14:25,145,PARTIAL,2,3,,,SCALE_INSUFFICIENT,,True,,,,CURRENT_BAR_UNAVAILABLE,OBSERVATION_INSUFFICIENT,4,0,0,False,0,0,False,INHERITED_RAW_PRICE_BASIS,False,False
2025-08-14|44840,2025-08-14,44840,11:00,14:30,150,PARTIAL,2,3,,,SCALE_INSUFFICIENT,,True,,,,SCALE_UNAVAILABLE,OBSERVATION_INSUFFICIENT,1,0,0,False,0,0,False,INHERITED_RAW_PRICE_BASIS,False,False
2025-08-14|44840,2025-08-14,44840,11:00,14:35,155,PARTIAL,4,1,,,SCALE_INSUFFICIENT,,True,,,,SCALE_UNAVAILABLE,OBSERVATION_INSUFFICIENT,1,0,0,False,0,0,False,INHERITED_RAW_PRICE_BASIS,False,False
2025-08-14|44840,2025-08-14,44840,11:00,14:40,160,COMPLETE,5,0,UP,0.36900369003690037,SCALE_INSUFFICIENT,,True,,,,SCALE_UNAVAILABLE,OBSERVATION_INSUFFICIENT,1,0,0,False,0,0,False,INHERITED_RAW_PRICE_BASIS,False,False
2025-08-14|44840,2025-08-14,44840,11:00,14:45,165,PARTIAL,4,1,,,SCALE_INSUFFICIENT,,True,,,,SCALE_UNAVAILABLE,OBSERVATION_INSUFFICIENT,1,0,0,False,0,0,False,INHERITED_RAW_PRICE_BASIS,False,False
2025-08-14|44840,2025-08-14,44840,11:00,14:50,170,COMPLETE,5,0,UP,0.36900369003690037,SCALE_INSUFFICIENT,,True,,,,SCALE_UNAVAILABLE,OBSERVATION_INSUFFICIENT,1,0,0,False,0,0,False,INHERITED_RAW_PRICE_BASIS,False,False
2025-08-14|44840,2025-08-14,44840,11:00,14:55,175,PARTIAL,4,1,,,SCALE_INSUFFICIENT,,True,,,,SCALE_UNAVAILABLE,OBSERVATION_INSUFFICIENT,1,0,0,False,0,0,False,INHERITED_RAW_PRICE_BASIS,False,False
2025-08-14|44840,2025-08-14,44840,11:00,15:00,180,COMPLETE,5,0,DOWN,-0.7299270072992701,SCALE_INSUFFICIENT,,True,,,,SCALE_UNAVAILABLE,OBSERVATION_INSUFFICIENT,3,0,0,False,0,0,False,INHERITED_RAW_PRICE_BASIS,False,False
2025-08-14|44840,2025-08-14,44840,11:00,15:05,185,PARTIAL,4,1,,,SCALE_INSUFFICIENT,,True,,,,SCALE_UNAVAILABLE,OBSERVATION_INSUFFICIENT,3,0,0,False,0,0,False,INHERITED_RAW_PRICE_BASIS,False,False
2025-08-14|44840,2025-08-14,44840,11:00,15:10,190,PARTIAL,3,2,,,SCALE_INSUFFICIENT,,True,,,,CURRENT_BAR_UNAVAILABLE,OBSERVATION_INSUFFICIENT,3,0,0,False,0,0,False,INHERITED_RAW_PRICE_BASIS,False,False
2025-08-14|44840,2025-08-14,44840,11:00,15:15,195,PARTIAL,4,1,,,SCALE_INSUFFICIENT,,True,,,,SCALE_UNAVAILABLE,OBSERVATION_INSUFFICIENT,2,0,0,False,0,0,False,INHERITED_RAW_PRICE_BASIS,False,False
2025-08-14|44840,2025-08-14,44840,11:00,15:20,200,PARTIAL,3,2,,,SCALE_INSUFFICIENT,,True,,,,SCALE_UNAVAILABLE,RIGHT_CENSORED,0,0,0,False,0,0,False,INHERITED_RAW_PRICE_BASIS,False,False
2025-08-14|44840,2025-08-14,44840,11:00,15:25,205,COMPLETE,5,0,UNCHANGED,0.0,SCALE_INSUFFICIENT,,True,,,,SCALE_UNAVAILABLE,RIGHT_CENSORED,0,0,0,False,0,0,False,INHERITED_RAW_PRICE_BASIS,False,False
2025-08-14|45860,2025-08-14,45860,10:00,10:00,0,COMPLETE,5,0,DOWN,-3.3333333333333335,AVAILABLE,2.0,True,,,,UNRESOLVED_STRUCTURE,WINDOW_OBSERVED,0,0,1,False,0,0,False,INHERITED_RAW_PRICE_BASIS,False,False
2025-08-14|45860,2025-08-14,45860,10:00,10:05,5,COMPLETE,5,0,UNCHANGED,0.0,AVAILABLE,2.0,True,,,RANGE_COMPRESSION|VOLUME_COMPRESSION|TRADING_VALUE_COMPRESSION,UNRESOLVED_STRUCTURE,OBSERVATION_INSUFFICIENT,1,0,1,False,0,0,False,INHERITED_RAW_PRICE_BASIS,True,False
2025-08-14|45860,2025-08-14,45860,10:00,10:10,10,COMPLETE,5,0,DOWN,-1.1363636363636365,AVAILABLE,2.0,True,,,VOLUME_COMPRESSION|TRADING_VALUE_COMPRESSION,UNRESOLVED_STRUCTURE,OBSERVATION_INSUFFICIENT,1,0,1,False,0,0,False,INHERITED_RAW_PRICE_BASIS,True,False
2025-08-14|45860,2025-08-14,45860,10:00,10:15,15,PARTIAL,4,1,,,AVAILABLE,2.0,True,,,,UNRESOLVED_STRUCTURE,OBSERVATION_INSUFFICIENT,1,0,0,False,0,0,False,INHERITED_RAW_PRICE_BASIS,False,False
2025-08-14|45860,2025-08-14,45860,10:00,10:20,20,COMPLETE,5,0,UNCHANGED,0.0,AVAILABLE,2.0,True,,,,UNRESOLVED_STRUCTURE,OBSERVATION_INSUFFICIENT,1,0,0,False,0,0,False,INHERITED_RAW_PRICE_BASIS,False,False
2025-08-14|45860,2025-08-14,45860,10:00,10:25,25,PARTIAL,4,1,,,AVAILABLE,2.0,True,,,,UNRESOLVED_STRUCTURE,OBSERVATION_INSUFFICIENT,1,0,1,False,0,1,False,INHERITED_RAW_PRICE_BASIS,False,False
2025-08-14|45860,2025-08-14,45860,10:00,10:30,30,COMPLETE,5,0,UP,1.1235955056179776,AVAILABLE,2.0,True,,,CHOPPINESS,UNRESOLVED_STRUCTURE,OBSERVATION_INSUFFICIENT,1,0,1,False,0,0,False,INHERITED_RAW_PRICE_BASIS,False,False
2025-08-14|45860,2025-08-14,45860,10:00,10:35,35,PARTIAL,4,1,,,AVAILABLE,2.0,True,,,,UNRESOLVED_STRUCTURE,OBSERVATION_INSUFFICIENT,1,0,0,False,0,0,False,INHERITED_RAW_PRICE_BASIS,False,False
2025-08-14|45860,2025-08-14,45860,10:00,10:40,40,COMPLETE,5,0,UNCHANGED,0.0,AVAILABLE,2.0,True,,,,UNRESOLVED_STRUCTURE,OBSERVATION_INSUFFICIENT,1,0,0,False,0,0,False,INHERITED_RAW_PRICE_BASIS,False,False
2025-08-14|45860,2025-08-14,45860,10:00,10:45,45,PARTIAL,4,1,,,AVAILABLE,2.0,True,,,,UNRESOLVED_STRUCTURE,WINDOW_OBSERVED,0,0,0,False,0,0,False,INHERITED_RAW_PRICE_BASIS,False,False
2025-08-14|45860,2025-08-14,45860,10:00,10:50,50,COMPLETE,5,0,UNCHANGED,0.0,AVAILABLE,2.0,True,,,,UNRESOLVED_STRUCTURE,OBSERVATION_INSUFFICIENT,1,0,0,False,0,0,False,INHERITED_RAW_PRICE_BASIS,False,False
2025-08-14|45860,2025-08-14,45860,10:00,10:55,55,COMPLETE,5,0,UNCHANGED,0.0,AVAILABLE,2.0,True,,,VOLUME_COMPRESSION|TRADING_VALUE_COMPRESSION,UNRESOLVED_STRUCTURE,OBSERVATION_INSUFFICIENT,2,0,0,False,0,0,False,INHERITED_RAW_PRICE_BASIS,True,False
2025-08-14|45860,2025-08-14,45860,10:00,11:00,60,PARTIAL,4,1,,,AVAILABLE,2.0,True,,,,UNRESOLVED_STRUCTURE,OBSERVATION_INSUFFICIENT,1,0,0,False,0,0,False,INHERITED_RAW_PRICE_BASIS,False,False
2025-08-14|45860,2025-08-14,45860,10:00,11:05,65,PARTIAL,4,1,,,AVAILABLE,2.0,True,,,,CURRENT_BAR_UNAVAILABLE,OBSERVATION_INSUFFICIENT,1,0,0,False,0,0,False,INHERITED_RAW_PRICE_BASIS,False,False
2025-08-14|45860,2025-08-14,45860,10:00,11:10,70,COMPLETE,5,0,UNCHANGED,0.0,AVAILABLE,2.0,True,,,,UNRESOLVED_STRUCTURE,OBSERVATION_INSUFFICIENT,2,0,0,False,0,0,False,INHERITED_RAW_PRICE_BASIS,False,False
2025-08-14|45860,2025-08-14,45860,10:00,11:15,75,PARTIAL,4,1,,,AVAILABLE,2.0,True,,,,UNRESOLVED_STRUCTURE,OBSERVATION_INSUFFICIENT,2,0,0,False,0,0,False,INHERITED_RAW_PRICE_BASIS,False,False
2025-08-14|45860,2025-08-14,45860,10:00,11:20,80,PARTIAL,4,1,,,AVAILABLE,2.0,True,,,,UNRESOLVED_STRUCTURE,OBSERVATION_INSUFFICIENT,1,0,0,False,0,0,False,INHERITED_RAW_PRICE_BASIS,False,False
2025-08-14|45860,2025-08-14,45860,10:00,11:25,85,PARTIAL,4,1,,,AVAILABLE,2.0,True,,,,UNRESOLVED_STRUCTURE,WINDOW_OBSERVED,0,0,0,False,0,0,False,INHERITED_RAW_PRICE_BASIS,False,False
2025-08-14|45860,2025-08-14,45860,10:00,11:30,90,COMPLETE,5,0,UNCHANGED,0.0,AVAILABLE,2.0,True,,,,UNRESOLVED_STRUCTURE,WINDOW_OBSERVED,0,0,0,False,0,0,False,INHERITED_RAW_PRICE_BASIS,False,False
2025-08-14|45860,2025-08-14,45860,10:00,12:35,95,COMPLETE,5,0,UP,3.2967032967032965,AVAILABLE,2.0,True,,,,UNRESOLVED_STRUCTURE,WINDOW_OBSERVED,0,0,1,False,0,0,False,INHERITED_RAW_PRICE_BASIS,True,False
2025-08-14|45860,2025-08-14,45860,10:00,12:40,100,COMPLETE,5,0,UP,6.451612903225806,AVAILABLE,2.0,True,,,RANGE_EXPANSION|VOLUME_EXPANSION|TRADING_VALUE_EXPANSION,UNRESOLVED_STRUCTURE,WINDOW_OBSERVED,0,0,1,False,0,2,False,INHERITED_RAW_PRICE_BASIS,True,False
2025-08-14|45860,2025-08-14,45860,10:00,12:45,105,COMPLETE,5,0,UP,6.0606060606060606,AVAILABLE,2.0,True,,,VOLUME_EXPANSION|TRADING_VALUE_EXPANSION,UNRESOLVED_STRUCTURE,WINDOW_OBSERVED,0,1,2,False,1,1,False,INHERITED_RAW_PRICE_BASIS,True,False
2025-08-14|45860,2025-08-14,45860,10:00,12:50,110,COMPLETE,5,0,DOWN,-3.8095238095238093,AVAILABLE,2.0,True,,,,UNRESOLVED_STRUCTURE,WINDOW_OBSERVED,0,1,3,False,1,1,False,INHERITED_RAW_PRICE_BASIS,True,False
2025-08-14|45860,2025-08-14,45860,10:00,12:55,115,COMPLETE,5,0,UP,1.9607843137254901,AVAILABLE,2.0,True,UP_STRUCTURE,RECOVERY,CHOPPINESS,IDENTIFIED,WINDOW_OBSERVED,0,1,5,False,3,3,True,INHERITED_RAW_PRICE_BASIS,True,True
2025-08-14|45860,2025-08-14,45860,10:00,13:00,120,COMPLETE,5,0,UP,1.9230769230769231,AVAILABLE,2.0,True,UP_STRUCTURE,,RANGE_COMPRESSION|VOLUME_COMPRESSION|TRADING_VALUE_COMPRESSION,IDENTIFIED,WINDOW_OBSERVED,0,1,6,False,0,0,True,INHERITED_RAW_PRICE_BASIS,True,True
2025-08-14|45860,2025-08-14,45860,10:00,13:05,125,COMPLETE,5,0,DOWN,-1.8867924528301887,AVAILABLE,2.0,True,UP_STRUCTURE,CORRECTION,CHOPPINESS,IDENTIFIED,WINDOW_OBSERVED,0,1,8,False,1,2,True,INHERITED_RAW_PRICE_BASIS,True,True
2025-08-14|45860,2025-08-14,45860,10:00,13:10,130,COMPLETE,5,0,UP,4.8076923076923075,AVAILABLE,2.0,True,UP_STRUCTURE,PROGRESSION,RANGE_EXPANSION|VOLUME_EXPANSION|TRADING_VALUE_EXPANSION,IDENTIFIED,WINDOW_OBSERVED,0,0,9,False,2,3,True,INHERITED_RAW_PRICE_BASIS,True,True
2025-08-14|45860,2025-08-14,45860,10:00,13:15,135,COMPLETE,5,0,DOWN,-0.9174311926605505,AVAILABLE,2.0,True,UP_STRUCTURE,CORRECTION,CHOPPINESS|RANGE_COMPRESSION|VOLUME_COMPRESSION|TRADING_VALUE_COMPRESSION,IDENTIFIED,WINDOW_OBSERVED,0,0,10,False,0,1,True,INHERITED_RAW_PRICE_BASIS,True,True
2025-08-14|45860,2025-08-14,45860,10:00,13:20,140,COMPLETE,5,0,DOWN,-1.834862385321101,AVAILABLE,2.0,True,UP_STRUCTURE,RECOVERY,RANGE_EXPANSION|TRADING_VALUE_COMPRESSION,IDENTIFIED,WINDOW_OBSERVED,0,1,11,False,0,0,True,INHERITED_RAW_PRICE_BASIS,True,True
2025-08-14|45860,2025-08-14,45860,10:00,13:25,145,COMPLETE,5,0,UNCHANGED,0.0,AVAILABLE,2.0,True,UP_STRUCTURE,,,IDENTIFIED,WINDOW_OBSERVED,0,1,13,False,0,0,True,INHERITED_RAW_PRICE_BASIS,True,True
2025-08-14|45860,2025-08-14,45860,10:00,13:30,150,COMPLETE,5,0,DOWN,-2.803738317757009,AVAILABLE,2.0,True,,RESTRUCTURING,RANGE_EXPANSION|VOLUME_EXPANSION|TRADING_VALUE_EXPANSION,UNRESOLVED_STRUCTURE,WINDOW_OBSERVED,0,0,14,False,3,2,True,INHERITED_RAW_PRICE_BASIS,True,True
2025-08-14|45860,2025-08-14,45860,10:00,13:35,155,COMPLETE,5,0,DOWN,-3.8461538461538463,AVAILABLE,2.0,True,,RESTRUCTURING,,UNRESOLVED_STRUCTURE,WINDOW_OBSERVED,0,0,14,False,0,0,True,INHERITED_RAW_PRICE_BASIS,True,False
2025-08-14|45860,2025-08-14,45860,10:00,13:40,160,COMPLETE,5,0,UP,1.0,AVAILABLE,2.0,True,,RESTRUCTURING|RECOVERY,RANGE_COMPRESSION|VOLUME_COMPRESSION|TRADING_VALUE_COMPRESSION,UNRESOLVED_STRUCTURE,WINDOW_OBSERVED,0,0,15,False,0,0,True,INHERITED_RAW_PRICE_BASIS,True,True
2025-08-14|45860,2025-08-14,45860,10:00,13:45,165,COMPLETE,5,0,UP,2.0,AVAILABLE,2.0,True,DOWN_STRUCTURE,PROGRESSION,,IDENTIFIED,WINDOW_OBSERVED,0,1,16,False,0,0,True,INHERITED_RAW_PRICE_BASIS,True,True
2025-08-14|45860,2025-08-14,45860,10:00,13:50,170,COMPLETE,5,0,UP,1.9801980198019802,AVAILABLE,2.0,True,DOWN_STRUCTURE,CORRECTION,,IDENTIFIED,WINDOW_OBSERVED,0,0,17,False,0,0,True,INHERITED_RAW_PRICE_BASIS,True,True
2025-08-14|45860,2025-08-14,45860,10:00,13:55,175,COMPLETE,5,0,UP,0.970873786407767,AVAILABLE,2.0,True,UP_STRUCTURE,,RANGE_COMPRESSION|VOLUME_COMPRESSION|TRADING_VALUE_COMPRESSION,IDENTIFIED,WINDOW_OBSERVED,0,1,18,False,1,2,True,INHERITED_RAW_PRICE_BASIS,True,True
2025-08-14|45860,2025-08-14,45860,10:00,14:00,180,COMPLETE,5,0,DOWN,-1.941747572815534,AVAILABLE,2.0,True,UP_STRUCTURE,,,IDENTIFIED,WINDOW_OBSERVED,0,1,19,False,0,1,True,INHERITED_RAW_PRICE_BASIS,True,False
2025-08-14|45860,2025-08-14,45860,10:00,14:05,185,COMPLETE,5,0,UP,0.9900990099009901,AVAILABLE,2.0,True,UP_STRUCTURE,RECOVERY,RANGE_COMPRESSION|VOLUME_COMPRESSION|TRADING_VALUE_COMPRESSION,IDENTIFIED,WINDOW_OBSERVED,0,1,19,False,0,2,True,INHERITED_RAW_PRICE_BASIS,True,True
2025-08-14|45860,2025-08-14,45860,10:00,14:10,190,COMPLETE,5,0,UP,0.9803921568627451,AVAILABLE,2.0,True,UP_STRUCTURE,RECOVERY,RANGE_EXPANSION,IDENTIFIED,WINDOW_OBSERVED,0,0,19,False,0,0,True,INHERITED_RAW_PRICE_BASIS,True,False
2025-08-14|45860,2025-08-14,45860,10:00,14:15,195,COMPLETE,5,0,UNCHANGED,0.0,AVAILABLE,2.0,True,UP_STRUCTURE,CORRECTION,RANGE_EXPANSION|VOLUME_EXPANSION|TRADING_VALUE_EXPANSION,IDENTIFIED,WINDOW_OBSERVED,0,1,20,False,1,1,True,INHERITED_RAW_PRICE_BASIS,True,True
2025-08-14|45860,2025-08-14,45860,10:00,14:20,200,COMPLETE,5,0,DOWN,-0.9615384615384616,AVAILABLE,2.0,True,UP_STRUCTURE,CORRECTION,RANGE_COMPRESSION|VOLUME_COMPRESSION|TRADING_VALUE_COMPRESSION,IDENTIFIED,WINDOW_OBSERVED,0,1,20,False,0,1,True,INHERITED_RAW_PRICE_BASIS,True,False
2025-08-14|45860,2025-08-14,45860,10:00,14:25,205,COMPLETE,5,0,UP,0.970873786407767,AVAILABLE,2.0,True,UP_STRUCTURE,CORRECTION,CHOPPINESS|RANGE_EXPANSION|VOLUME_EXPANSION|TRADING_VALUE_EXPANSION,IDENTIFIED,WINDOW_OBSERVED,0,1,22,True,1,1,True,INHERITED_RAW_PRICE_BASIS,True,False
2025-08-14|45860,2025-08-14,45860,10:00,14:30,210,COMPLETE,5,0,UP,1.9230769230769231,AVAILABLE,2.0,True,UP_STRUCTURE,PROGRESSION,,IDENTIFIED,WINDOW_OBSERVED,0,0,23,False,0,3,True,INHERITED_RAW_PRICE_BASIS,True,True
2025-08-14|45860,2025-08-14,45860,10:00,14:35,215,COMPLETE,5,0,UP,2.830188679245283,AVAILABLE,2.0,True,UP_STRUCTURE,,VOLUME_EXPANSION|TRADING_VALUE_EXPANSION,IDENTIFIED,WINDOW_OBSERVED,0,1,24,False,0,0,True,INHERITED_RAW_PRICE_BASIS,True,True
2025-08-14|45860,2025-08-14,45860,10:00,14:40,220,COMPLETE,5,0,UNCHANGED,0.0,AVAILABLE,2.0,True,UP_STRUCTURE,,RANGE_COMPRESSION,IDENTIFIED,WINDOW_OBSERVED,0,1,24,False,0,0,True,INHERITED_RAW_PRICE_BASIS,True,False
2025-08-14|45860,2025-08-14,45860,10:00,14:45,225,COMPLETE,5,0,DOWN,-2.7522935779816513,AVAILABLE,2.0,True,UP_STRUCTURE,CORRECTION,RANGE_EXPANSION|TRADING_VALUE_COMPRESSION,IDENTIFIED,WINDOW_OBSERVED,0,0,24,False,0,0,True,INHERITED_RAW_PRICE_BASIS,True,True
2025-08-14|45860,2025-08-14,45860,10:00,14:50,230,COMPLETE,5,0,UP,0.9433962264150944,AVAILABLE,2.0,True,UP_STRUCTURE,CORRECTION,RANGE_COMPRESSION|VOLUME_COMPRESSION|TRADING_VALUE_COMPRESSION,IDENTIFIED,WINDOW_OBSERVED,0,0,24,False,0,0,True,INHERITED_RAW_PRICE_BASIS,True,False
2025-08-14|45860,2025-08-14,45860,10:00,14:55,235,COMPLETE,5,0,UNCHANGED,0.0,AVAILABLE,2.0,True,UP_STRUCTURE,RECOVERY,RANGE_EXPANSION|VOLUME_EXPANSION|TRADING_VALUE_EXPANSION,IDENTIFIED,WINDOW_OBSERVED,0,0,25,False,0,0,True,INHERITED_RAW_PRICE_BASIS,True,True
2025-08-14|45860,2025-08-14,45860,10:00,15:00,240,COMPLETE,5,0,UP,1.8691588785046729,AVAILABLE,2.0,True,UP_STRUCTURE,,CHOPPINESS|VOLUME_EXPANSION|TRADING_VALUE_EXPANSION,IDENTIFIED,WINDOW_OBSERVED,0,1,26,False,0,1,True,INHERITED_RAW_PRICE_BASIS,True,True
2025-08-14|45860,2025-08-14,45860,10:00,15:05,245,COMPLETE,5,0,DOWN,-2.7522935779816513,AVAILABLE,2.0,True,UP_STRUCTURE,,VOLUME_COMPRESSION|TRADING_VALUE_COMPRESSION,IDENTIFIED,WINDOW_OBSERVED,0,1,27,False,0,1,True,INHERITED_RAW_PRICE_BASIS,True,False
2025-08-14|45860,2025-08-14,45860,10:00,15:10,250,COMPLETE,5,0,UP,0.9433962264150944,AVAILABLE,2.0,True,UP_STRUCTURE,CORRECTION,CHOPPINESS|RANGE_COMPRESSION|VOLUME_COMPRESSION|TRADING_VALUE_COMPRESSION,IDENTIFIED,OBSERVATION_INSUFFICIENT,1,1,28,False,0,0,True,INHERITED_RAW_PRICE_BASIS,True,True
2025-08-14|45860,2025-08-14,45860,10:00,15:15,255,COMPLETE,5,0,DOWN,-1.8691588785046729,AVAILABLE,2.0,True,UP_STRUCTURE,CORRECTION,RANGE_EXPANSION,IDENTIFIED,OBSERVATION_INSUFFICIENT,1,0,28,False,0,1,True,INHERITED_RAW_PRICE_BASIS,True,False
2025-08-14|45860,2025-08-14,45860,10:00,15:20,260,PARTIAL,4,1,,,AVAILABLE,2.0,True,,,,UNRESOLVED_STRUCTURE,RIGHT_CENSORED,0,0,1,False,0,1,False,INHERITED_RAW_PRICE_BASIS,False,False
2025-08-14|45860,2025-08-14,45860,10:00,15:25,265,COMPLETE,5,0,UNCHANGED,0.0,AVAILABLE,2.0,True,,,,UNRESOLVED_STRUCTURE,RIGHT_CENSORED,0,0,1,False,0,0,False,INHERITED_RAW_PRICE_BASIS,False,False
2025-08-14|48830,2025-08-14,48830,09:30,09:30,0,PARTIAL,4,1,,,SCALE_INSUFFICIENT,,True,,,,CURRENT_BAR_UNAVAILABLE,OBSERVATION_INSUFFICIENT,3,0,0,False,0,0,False,INHERITED_RAW_PRICE_BASIS,False,False
2025-08-14|48830,2025-08-14,48830,09:30,09:35,5,PARTIAL,4,1,,,SCALE_INSUFFICIENT,,True,,,,SCALE_UNAVAILABLE,OBSERVATION_INSUFFICIENT,2,0,0,False,0,0,False,INHERITED_RAW_PRICE_BASIS,False,False
2025-08-14|48830,2025-08-14,48830,09:30,09:40,10,PARTIAL,3,2,,,SCALE_INSUFFICIENT,,True,,,,SCALE_UNAVAILABLE,OBSERVATION_INSUFFICIENT,1,0,0,False,0,0,False,INHERITED_RAW_PRICE_BASIS,False,False
2025-08-14|48830,2025-08-14,48830,09:30,09:45,15,COMPLETE,5,0,UP,1.1764705882352942,SCALE_INSUFFICIENT,,True,,,,SCALE_UNAVAILABLE,OBSERVATION_INSUFFICIENT,4,0,0,False,0,2,False,INHERITED_RAW_PRICE_BASIS,False,False
2025-08-14|48830,2025-08-14,48830,09:30,09:50,20,PARTIAL,4,1,,,SCALE_INSUFFICIENT,,True,,,,SCALE_UNAVAILABLE,OBSERVATION_INSUFFICIENT,5,0,0,False,0,0,False,INHERITED_RAW_PRICE_BASIS,False,False
2025-08-14|48830,2025-08-14,48830,09:30,09:55,25,PARTIAL,2,3,,,SCALE_INSUFFICIENT,,True,,,,CURRENT_BAR_UNAVAILABLE,OBSERVATION_INSUFFICIENT,5,0,0,False,0,0,False,INHERITED_RAW_PRICE_BASIS,False,False
2025-08-14|48830,2025-08-14,48830,09:30,10:00,30,PARTIAL,3,2,,,SCALE_INSUFFICIENT,,True,,,,SCALE_UNAVAILABLE,OBSERVATION_INSUFFICIENT,3,0,0,False,0,0,False,INHERITED_RAW_PRICE_BASIS,False,False
2025-08-14|48830,2025-08-14,48830,09:30,10:05,35,PARTIAL,2,3,,,SCALE_INSUFFICIENT,,True,,,,SCALE_UNAVAILABLE,OBSERVATION_INSUFFICIENT,1,0,0,False,0,0,False,INHERITED_RAW_PRICE_BASIS,False,False
2025-08-14|48830,2025-08-14,48830,09:30,10:10,40,COMPLETE,5,0,UP,1.1494252873563218,SCALE_INSUFFICIENT,,True,,,,SCALE_UNAVAILABLE,OBSERVATION_INSUFFICIENT,3,0,0,False,0,0,False,INHERITED_RAW_PRICE_BASIS,False,False
2025-08-14|48830,2025-08-14,48830,09:30,10:15,45,PARTIAL,4,1,,,SCALE_INSUFFICIENT,,True,,,,SCALE_UNAVAILABLE,OBSERVATION_INSUFFICIENT,3,0,0,False,0,3,False,INHERITED_RAW_PRICE_BASIS,False,False
2025-08-14|48830,2025-08-14,48830,09:30,10:20,50,PARTIAL,3,2,,,SCALE_INSUFFICIENT,,True,,,,SCALE_UNAVAILABLE,OBSERVATION_INSUFFICIENT,2,0,0,False,0,0,False,INHERITED_RAW_PRICE_BASIS,False,False
2025-08-14|48830,2025-08-14,48830,09:30,10:25,55,PARTIAL,4,1,,,SCALE_INSUFFICIENT,,True,,,,SCALE_UNAVAILABLE,OBSERVATION_INSUFFICIENT,1,0,0,False,0,0,False,INHERITED_RAW_PRICE_BASIS,False,False
2025-08-14|48830,2025-08-14,48830,09:30,10:30,60,PARTIAL,4,1,,,SCALE_INSUFFICIENT,,True,,,,SCALE_UNAVAILABLE,OBSERVATION_INSUFFICIENT,4,0,0,False,0,0,False,INHERITED_RAW_PRICE_BASIS,False,False
2025-08-14|48830,2025-08-14,48830,09:30,10:35,65,COMPLETE,5,0,UNCHANGED,0.0,SCALE_INSUFFICIENT,,True,,,,SCALE_UNAVAILABLE,OBSERVATION_INSUFFICIENT,6,0,0,False,0,0,False,INHERITED_RAW_PRICE_BASIS,False,False
2025-08-14|48830,2025-08-14,48830,09:30,10:40,70,PARTIAL,1,4,,,SCALE_INSUFFICIENT,,True,,,,CURRENT_BAR_UNAVAILABLE,OBSERVATION_INSUFFICIENT,2,0,0,False,0,0,False,INHERITED_RAW_PRICE_BASIS,False,False
2025-08-14|48830,2025-08-14,48830,09:30,10:45,75,PARTIAL,3,2,,,SCALE_INSUFFICIENT,,True,,,,SCALE_UNAVAILABLE,WINDOW_OBSERVED,0,0,0,False,0,0,False,INHERITED_RAW_PRICE_BASIS,False,False
2025-08-14|48830,2025-08-14,48830,09:30,10:50,80,COMPLETE,5,0,UNCHANGED,0.0,SCALE_INSUFFICIENT,,True,,,,SCALE_UNAVAILABLE,OBSERVATION_INSUFFICIENT,2,0,0,False,0,0,False,INHERITED_RAW_PRICE_BASIS,False,False
2025-08-14|48830,2025-08-14,48830,09:30,10:55,85,COMPLETE,5,0,UNCHANGED,0.0,SCALE_INSUFFICIENT,,True,,,,SCALE_UNAVAILABLE,OBSERVATION_INSUFFICIENT,5,0,0,False,0,3,False,INHERITED_RAW_PRICE_BASIS,True,False
2025-08-14|48830,2025-08-14,48830,09:30,11:00,90,PARTIAL,3,2,,,SCALE_INSUFFICIENT,,True,,,,SCALE_UNAVAILABLE,OBSERVATION_INSUFFICIENT,5,0,0,False,0,3,False,INHERITED_RAW_PRICE_BASIS,False,False
2025-08-14|48830,2025-08-14,48830,09:30,11:05,95,PARTIAL,2,3,,,SCALE_INSUFFICIENT,,True,,,,CURRENT_BAR_UNAVAILABLE,OBSERVATION_INSUFFICIENT,6,0,0,False,0,0,False,INHERITED_RAW_PRICE_BASIS,False,False
2025-08-14|48830,2025-08-14,48830,09:30,11:10,100,PARTIAL,3,2,,,SCALE_INSUFFICIENT,,True,,,,CURRENT_BAR_UNAVAILABLE,OBSERVATION_INSUFFICIENT,6,0,0,False,0,0,False,INHERITED_RAW_PRICE_BASIS,False,False
2025-08-14|48830,2025-08-14,48830,09:30,11:15,105,PARTIAL,1,4,,,SCALE_INSUFFICIENT,,True,,,,SCALE_UNAVAILABLE,OBSERVATION_INSUFFICIENT,6,0,0,False,0,0,False,INHERITED_RAW_PRICE_BASIS,False,False
2025-08-14|48830,2025-08-14,48830,09:30,11:20,110,PARTIAL,3,2,,,SCALE_INSUFFICIENT,,True,,,,CURRENT_BAR_UNAVAILABLE,OBSERVATION_INSUFFICIENT,6,0,0,False,0,0,False,INHERITED_RAW_PRICE_BASIS,False,False
2025-08-14|48830,2025-08-14,48830,09:30,11:25,115,PARTIAL,1,4,,,SCALE_INSUFFICIENT,,True,,,,CURRENT_BAR_UNAVAILABLE,OBSERVATION_INSUFFICIENT,4,0,0,False,0,0,False,INHERITED_RAW_PRICE_BASIS,False,False
2025-08-14|48830,2025-08-14,48830,09:30,11:30,120,PARTIAL,3,2,,,SCALE_INSUFFICIENT,,True,,,,SCALE_UNAVAILABLE,OBSERVATION_INSUFFICIENT,7,0,0,False,0,0,False,INHERITED_RAW_PRICE_BASIS,False,False
2025-08-14|48830,2025-08-14,48830,09:30,12:35,125,PARTIAL,3,2,,,SCALE_INSUFFICIENT,,True,,,,CURRENT_BAR_UNAVAILABLE,OBSERVATION_INSUFFICIENT,8,0,0,False,0,3,False,INHERITED_RAW_PRICE_BASIS,False,False
2025-08-14|48830,2025-08-14,48830,09:30,12:40,130,UNAVAILABLE,0,5,,,SCALE_INSUFFICIENT,,True,,,,CURRENT_BAR_UNAVAILABLE,OBSERVATION_INSUFFICIENT,7,0,0,False,0,0,False,INHERITED_RAW_PRICE_BASIS,False,False
2025-08-14|48830,2025-08-14,48830,09:30,12:45,135,PARTIAL,2,3,,,SCALE_INSUFFICIENT,,True,,,,SCALE_UNAVAILABLE,OBSERVATION_INSUFFICIENT,6,0,0,False,0,0,False,INHERITED_RAW_PRICE_BASIS,False,False
2025-08-14|48830,2025-08-14,48830,09:30,12:50,140,PARTIAL,1,4,,,SCALE_INSUFFICIENT,,True,,,,CURRENT_BAR_UNAVAILABLE,OBSERVATION_INSUFFICIENT,3,0,0,False,0,0,False,INHERITED_RAW_PRICE_BASIS,False,False
2025-08-14|48830,2025-08-14,48830,09:30,12:55,145,PARTIAL,3,2,,,SCALE_INSUFFICIENT,,True,,,,SCALE_UNAVAILABLE,OBSERVATION_INSUFFICIENT,5,0,0,False,0,0,False,INHERITED_RAW_PRICE_BASIS,False,False
2025-08-14|48830,2025-08-14,48830,09:30,13:00,150,PARTIAL,4,1,,,SCALE_INSUFFICIENT,,True,,,,SCALE_UNAVAILABLE,OBSERVATION_INSUFFICIENT,5,0,0,False,0,0,False,INHERITED_RAW_PRICE_BASIS,False,False
2025-08-14|48830,2025-08-14,48830,09:30,13:05,155,PARTIAL,1,4,,,SCALE_INSUFFICIENT,,True,,,,CURRENT_BAR_UNAVAILABLE,OBSERVATION_INSUFFICIENT,4,0,0,False,0,0,False,INHERITED_RAW_PRICE_BASIS,False,False
2025-08-14|48830,2025-08-14,48830,09:30,13:10,160,PARTIAL,4,1,,,SCALE_INSUFFICIENT,,True,,,,SCALE_UNAVAILABLE,OBSERVATION_INSUFFICIENT,7,0,0,False,0,0,False,INHERITED_RAW_PRICE_BASIS,False,False
2025-08-14|48830,2025-08-14,48830,09:30,13:15,165,PARTIAL,2,3,,,SCALE_INSUFFICIENT,,True,,,,SCALE_UNAVAILABLE,OBSERVATION_INSUFFICIENT,8,0,0,False,0,0,False,INHERITED_RAW_PRICE_BASIS,False,False
2025-08-14|48830,2025-08-14,48830,09:30,13:20,170,PARTIAL,1,4,,,SCALE_INSUFFICIENT,,True,,,,CURRENT_BAR_UNAVAILABLE,OBSERVATION_INSUFFICIENT,8,0,0,False,0,0,False,INHERITED_RAW_PRICE_BASIS,False,False
2025-08-14|48830,2025-08-14,48830,09:30,13:25,175,PARTIAL,1,4,,,SCALE_INSUFFICIENT,,True,,,,SCALE_UNAVAILABLE,OBSERVATION_INSUFFICIENT,8,0,0,False,0,0,False,INHERITED_RAW_PRICE_BASIS,False,False
2025-08-14|48830,2025-08-14,48830,09:30,13:30,180,PARTIAL,1,4,,,SCALE_INSUFFICIENT,,True,,,,CURRENT_BAR_UNAVAILABLE,OBSERVATION_INSUFFICIENT,5,0,0,False,0,0,False,INHERITED_RAW_PRICE_BASIS,False,False
2025-08-14|48830,2025-08-14,48830,09:30,13:35,185,PARTIAL,1,4,,,SCALE_INSUFFICIENT,,True,,,,CURRENT_BAR_UNAVAILABLE,OBSERVATION_INSUFFICIENT,4,0,0,False,0,0,False,INHERITED_RAW_PRICE_BASIS,False,False
2025-08-14|48830,2025-08-14,48830,09:30,13:40,190,PARTIAL,4,1,,,SCALE_INSUFFICIENT,,True,,,,SCALE_UNAVAILABLE,OBSERVATION_INSUFFICIENT,8,0,0,False,0,0,False,INHERITED_RAW_PRICE_BASIS,False,False
2025-08-14|48830,2025-08-14,48830,09:30,13:45,195,PARTIAL,2,3,,,SCALE_INSUFFICIENT,,True,,,,SCALE_UNAVAILABLE,OBSERVATION_INSUFFICIENT,9,0,0,False,0,0,False,INHERITED_RAW_PRICE_BASIS,False,False
2025-08-14|48830,2025-08-14,48830,09:30,13:50,200,UNAVAILABLE,0,5,,,SCALE_INSUFFICIENT,,True,,,,CURRENT_BAR_UNAVAILABLE,OBSERVATION_INSUFFICIENT,9,0,0,False,0,0,False,INHERITED_RAW_PRICE_BASIS,False,False
2025-08-14|48830,2025-08-14,48830,09:30,13:55,205,PARTIAL,1,4,,,SCALE_INSUFFICIENT,,True,,,,CURRENT_BAR_UNAVAILABLE,OBSERVATION_INSUFFICIENT,9,0,0,False,0,0,False,INHERITED_RAW_PRICE_BASIS,False,False
2025-08-14|48830,2025-08-14,48830,09:30,14:00,210,UNAVAILABLE,0,5,,,SCALE_INSUFFICIENT,,True,,,,CURRENT_BAR_UNAVAILABLE,OBSERVATION_INSUFFICIENT,8,0,0,False,0,0,False,INHERITED_RAW_PRICE_BASIS,False,False
2025-08-14|48830,2025-08-14,48830,09:30,14:05,215,PARTIAL,1,4,,,SCALE_INSUFFICIENT,,True,,,,CURRENT_BAR_UNAVAILABLE,OBSERVATION_INSUFFICIENT,9,0,0,False,0,0,False,INHERITED_RAW_PRICE_BASIS,False,False
2025-08-14|48830,2025-08-14,48830,09:30,14:10,220,PARTIAL,1,4,,,SCALE_INSUFFICIENT,,True,,,,SCALE_UNAVAILABLE,OBSERVATION_INSUFFICIENT,10,0,0,False,0,0,False,INHERITED_RAW_PRICE_BASIS,False,False
2025-08-14|48830,2025-08-14,48830,09:30,14:15,225,UNAVAILABLE,0,5,,,SCALE_INSUFFICIENT,,True,,,,CURRENT_BAR_UNAVAILABLE,OBSERVATION_INSUFFICIENT,10,0,0,False,0,0,False,INHERITED_RAW_PRICE_BASIS,False,False
2025-08-14|48830,2025-08-14,48830,09:30,14:20,230,UNAVAILABLE,0,5,,,SCALE_INSUFFICIENT,,True,,,,CURRENT_BAR_UNAVAILABLE,OBSERVATION_INSUFFICIENT,10,0,0,False,0,0,False,INHERITED_RAW_PRICE_BASIS,False,False
2025-08-14|48830,2025-08-14,48830,09:30,14:25,235,UNAVAILABLE,0,5,,,SCALE_INSUFFICIENT,,True,,,,CURRENT_BAR_UNAVAILABLE,OBSERVATION_INSUFFICIENT,9,0,0,False,0,0,False,INHERITED_RAW_PRICE_BASIS,False,False
2025-08-14|48830,2025-08-14,48830,09:30,14:30,240,UNAVAILABLE,0,5,,,SCALE_INSUFFICIENT,,True,,,,CURRENT_BAR_UNAVAILABLE,OBSERVATION_INSUFFICIENT,8,0,0,False,0,0,False,INHERITED_RAW_PRICE_BASIS,False,False
2025-08-14|48830,2025-08-14,48830,09:30,14:35,245,PARTIAL,1,4,,,SCALE_INSUFFICIENT,,True,,,,CURRENT_BAR_UNAVAILABLE,OBSERVATION_INSUFFICIENT,9,0,0,False,0,0,False,INHERITED_RAW_PRICE_BASIS,False,False
2025-08-14|48830,2025-08-14,48830,09:30,14:40,250,PARTIAL,1,4,,,SCALE_INSUFFICIENT,,True,,,,SCALE_UNAVAILABLE,OBSERVATION_INSUFFICIENT,10,0,0,False,0,0,False,INHERITED_RAW_PRICE_BASIS,False,False
2025-08-14|48830,2025-08-14,48830,09:30,14:45,255,UNAVAILABLE,0,5,,,SCALE_INSUFFICIENT,,True,,,,CURRENT_BAR_UNAVAILABLE,OBSERVATION_INSUFFICIENT,8,0,0,False,0,0,False,INHERITED_RAW_PRICE_BASIS,False,False
2025-08-14|48830,2025-08-14,48830,09:30,14:50,260,UNAVAILABLE,0,5,,,SCALE_INSUFFICIENT,,True,,,,CURRENT_BAR_UNAVAILABLE,OBSERVATION_INSUFFICIENT,4,0,0,False,0,0,False,INHERITED_RAW_PRICE_BASIS,False,False
2025-08-14|48830,2025-08-14,48830,09:30,14:55,265,PARTIAL,2,3,,,SCALE_INSUFFICIENT,,True,,,,CURRENT_BAR_UNAVAILABLE,OBSERVATION_INSUFFICIENT,3,0,0,False,0,0,False,INHERITED_RAW_PRICE_BASIS,False,False
2025-08-14|48830,2025-08-14,48830,09:30,15:00,270,PARTIAL,4,1,,,SCALE_INSUFFICIENT,,True,,,,CURRENT_BAR_UNAVAILABLE,OBSERVATION_INSUFFICIENT,7,0,0,False,0,0,False,INHERITED_RAW_PRICE_BASIS,False,False
2025-08-14|48830,2025-08-14,48830,09:30,15:05,275,PARTIAL,3,2,,,SCALE_INSUFFICIENT,,True,,,,CURRENT_BAR_UNAVAILABLE,OBSERVATION_INSUFFICIENT,6,0,0,False,0,0,False,INHERITED_RAW_PRICE_BASIS,False,False
2025-08-14|48830,2025-08-14,48830,09:30,15:10,280,UNAVAILABLE,0,5,,,SCALE_INSUFFICIENT,,True,,,,CURRENT_BAR_UNAVAILABLE,OBSERVATION_INSUFFICIENT,3,0,0,False,0,0,False,INHERITED_RAW_PRICE_BASIS,False,False
2025-08-14|48830,2025-08-14,48830,09:30,15:15,285,PARTIAL,4,1,,,SCALE_INSUFFICIENT,,True,,,,SCALE_UNAVAILABLE,OBSERVATION_INSUFFICIENT,5,0,0,False,0,0,False,INHERITED_RAW_PRICE_BASIS,False,False
2025-08-14|48830,2025-08-14,48830,09:30,15:20,290,PARTIAL,3,2,,,SCALE_INSUFFICIENT,,True,,,,SCALE_UNAVAILABLE,RIGHT_CENSORED,3,0,0,False,0,0,False,INHERITED_RAW_PRICE_BASIS,False,False
2025-08-14|48830,2025-08-14,48830,09:30,15:25,295,PARTIAL,2,3,,,SCALE_INSUFFICIENT,,True,,,,SCALE_UNAVAILABLE,RIGHT_CENSORED,0,0,0,False,0,0,False,INHERITED_RAW_PRICE_BASIS,False,False
2025-08-14|52550,2025-08-14,52550,14:30,14:30,0,COMPLETE,5,0,DOWN,-2.1186440677966103,AVAILABLE,2.0,True,DOWN_STRUCTURE,CORRECTION|RECOVERY,RANGE_EXPANSION|VOLUME_EXPANSION|TRADING_VALUE_EXPANSION,IDENTIFIED,WINDOW_OBSERVED,0,1,6,False,1,3,True,INHERITED_RAW_PRICE_BASIS,False,False
2025-08-14|52550,2025-08-14,52550,14:30,14:35,5,COMPLETE,5,0,UP,0.43103448275862066,AVAILABLE,2.0,True,DOWN_STRUCTURE,,RANGE_COMPRESSION|VOLUME_COMPRESSION|TRADING_VALUE_COMPRESSION,IDENTIFIED,WINDOW_OBSERVED,0,1,7,False,1,1,True,INHERITED_RAW_PRICE_BASIS,True,True
2025-08-14|52550,2025-08-14,52550,14:30,14:40,10,COMPLETE,5,0,DOWN,-0.4291845493562232,AVAILABLE,2.0,True,DOWN_STRUCTURE,CORRECTION|RECOVERY,,IDENTIFIED,WINDOW_OBSERVED,0,0,8,False,0,2,True,INHERITED_RAW_PRICE_BASIS,True,True
2025-08-14|52550,2025-08-14,52550,14:30,14:45,15,COMPLETE,5,0,UP,0.4291845493562232,AVAILABLE,2.0,True,,RESTRUCTURING,RANGE_COMPRESSION|VOLUME_COMPRESSION|TRADING_VALUE_COMPRESSION,UNRESOLVED_STRUCTURE,WINDOW_OBSERVED,0,0,8,False,1,1,True,INHERITED_RAW_PRICE_BASIS,True,True
2025-08-14|52550,2025-08-14,52550,14:30,14:50,20,COMPLETE,5,0,UP,1.2875536480686696,AVAILABLE,2.0,True,,RESTRUCTURING,RANGE_EXPANSION,UNRESOLVED_STRUCTURE,WINDOW_OBSERVED,0,1,9,False,0,0,True,INHERITED_RAW_PRICE_BASIS,True,False
2025-08-14|52550,2025-08-14,52550,14:30,14:55,25,COMPLETE,5,0,UNCHANGED,0.0,AVAILABLE,2.0,True,UP_STRUCTURE,RECOVERY,CHOPPINESS|RANGE_COMPRESSION,IDENTIFIED,WINDOW_OBSERVED,0,1,10,False,0,0,True,INHERITED_RAW_PRICE_BASIS,True,True
2025-08-14|52550,2025-08-14,52550,14:30,15:00,30,COMPLETE,5,0,UP,1.702127659574468,AVAILABLE,2.0,True,UP_STRUCTURE,PROGRESSION,RANGE_EXPANSION|VOLUME_EXPANSION|TRADING_VALUE_EXPANSION,IDENTIFIED,WINDOW_OBSERVED,0,0,10,False,3,3,True,INHERITED_RAW_PRICE_BASIS,True,True
2025-08-14|52550,2025-08-14,52550,14:30,15:05,35,COMPLETE,5,0,UNCHANGED,0.0,AVAILABLE,2.0,True,UP_STRUCTURE,PROGRESSION,RANGE_COMPRESSION|VOLUME_COMPRESSION|TRADING_VALUE_COMPRESSION,IDENTIFIED,WINDOW_OBSERVED,0,0,10,False,0,0,True,INHERITED_RAW_PRICE_BASIS,True,False
2025-08-14|52550,2025-08-14,52550,14:30,15:10,40,COMPLETE,5,0,UNCHANGED,0.0,AVAILABLE,2.0,True,UP_STRUCTURE,PROGRESSION,,IDENTIFIED,WINDOW_OBSERVED,0,0,10,False,0,0,True,INHERITED_RAW_PRICE_BASIS,True,False
2025-08-14|52550,2025-08-14,52550,14:30,15:15,45,COMPLETE,5,0,UP,1.2552301255230125,AVAILABLE,2.0,True,UP_STRUCTURE,PROGRESSION,RANGE_EXPANSION,IDENTIFIED,WINDOW_OBSERVED,0,0,10,False,1,1,True,INHERITED_RAW_PRICE_BASIS,True,False
2025-08-14|52550,2025-08-14,52550,14:30,15:20,50,COMPLETE,5,0,UNCHANGED,0.0,AVAILABLE,2.0,True,UP_STRUCTURE,PROGRESSION,CHOPPINESS|RANGE_COMPRESSION,IDENTIFIED,RIGHT_CENSORED,0,0,10,False,0,0,True,INHERITED_RAW_PRICE_BASIS,True,False
2025-08-14|52550,2025-08-14,52550,14:30,15:25,55,COMPLETE,5,0,DOWN,-0.4132231404958678,AVAILABLE,2.0,True,UP_STRUCTURE,CORRECTION,CHOPPINESS|RANGE_EXPANSION|VOLUME_EXPANSION|TRADING_VALUE_EXPANSION,IDENTIFIED,RIGHT_CENSORED,0,0,11,False,0,0,True,INHERITED_RAW_PRICE_BASIS,True,True
2025-08-14|55770,2025-08-14,55770,09:30,09:30,0,PARTIAL,2,3,,,SCALE_INSUFFICIENT,,True,,,,CURRENT_BAR_UNAVAILABLE,OBSERVATION_INSUFFICIENT,4,0,0,False,0,0,False,INHERITED_RAW_PRICE_BASIS,False,False
2025-08-14|55770,2025-08-14,55770,09:30,09:35,5,PARTIAL,2,3,,,SCALE_INSUFFICIENT,,True,,,,SCALE_UNAVAILABLE,OBSERVATION_INSUFFICIENT,4,0,0,False,0,0,False,INHERITED_RAW_PRICE_BASIS,False,False
2025-08-14|55770,2025-08-14,55770,09:30,09:40,10,PARTIAL,4,1,,,SCALE_INSUFFICIENT,,True,,,,SCALE_UNAVAILABLE,OBSERVATION_INSUFFICIENT,7,0,0,False,0,0,False,INHERITED_RAW_PRICE_BASIS,False,False
2025-08-14|55770,2025-08-14,55770,09:30,09:45,15,PARTIAL,2,3,,,SCALE_INSUFFICIENT,,True,,,,SCALE_UNAVAILABLE,OBSERVATION_INSUFFICIENT,8,0,0,False,0,0,False,INHERITED_RAW_PRICE_BASIS,False,False
2025-08-14|55770,2025-08-14,55770,09:30,09:50,20,PARTIAL,1,4,,,SCALE_INSUFFICIENT,,True,,,,CURRENT_BAR_UNAVAILABLE,OBSERVATION_INSUFFICIENT,5,0,0,False,0,0,False,INHERITED_RAW_PRICE_BASIS,False,False
2025-08-14|55770,2025-08-14,55770,09:30,09:55,25,PARTIAL,1,4,,,SCALE_INSUFFICIENT,,True,,,,SCALE_UNAVAILABLE,OBSERVATION_INSUFFICIENT,2,0,0,False,0,0,False,INHERITED_RAW_PRICE_BASIS,False,False
2025-08-14|55770,2025-08-14,55770,09:30,10:00,30,PARTIAL,4,1,,,SCALE_INSUFFICIENT,,True,,,,SCALE_UNAVAILABLE,OBSERVATION_INSUFFICIENT,3,0,0,False,0,0,False,INHERITED_RAW_PRICE_BASIS,False,False
2025-08-14|55770,2025-08-14,55770,09:30,10:05,35,PARTIAL,4,1,,,SCALE_INSUFFICIENT,,True,,,,SCALE_UNAVAILABLE,OBSERVATION_INSUFFICIENT,3,0,0,False,0,0,False,INHERITED_RAW_PRICE_BASIS,False,False
2025-08-14|55770,2025-08-14,55770,09:30,10:10,40,PARTIAL,3,2,,,SCALE_INSUFFICIENT,,True,,,,SCALE_UNAVAILABLE,OBSERVATION_INSUFFICIENT,3,0,0,False,0,0,False,INHERITED_RAW_PRICE_BASIS,False,False
2025-08-14|55770,2025-08-14,55770,09:30,10:15,45,PARTIAL,4,1,,,SCALE_INSUFFICIENT,,True,,,,SCALE_UNAVAILABLE,OBSERVATION_INSUFFICIENT,4,0,0,False,0,0,False,INHERITED_RAW_PRICE_BASIS,False,False
2025-08-14|55770,2025-08-14,55770,09:30,10:20,50,PARTIAL,3,2,,,SCALE_INSUFFICIENT,,True,,,,SCALE_UNAVAILABLE,OBSERVATION_INSUFFICIENT,6,0,0,False,0,0,False,INHERITED_RAW_PRICE_BASIS,False,False
2025-08-14|55770,2025-08-14,55770,09:30,10:25,55,PARTIAL,3,2,,,SCALE_INSUFFICIENT,,True,,,,CURRENT_BAR_UNAVAILABLE,OBSERVATION_INSUFFICIENT,7,0,0,False,1,0,False,INHERITED_RAW_PRICE_BASIS,False,False
2025-08-14|55770,2025-08-14,55770,09:30,10:30,60,PARTIAL,1,4,,,SCALE_INSUFFICIENT,,True,,,,SCALE_UNAVAILABLE,OBSERVATION_INSUFFICIENT,6,0,0,False,0,0,False,INHERITED_RAW_PRICE_BASIS,False,False
2025-08-14|55770,2025-08-14,55770,09:30,10:35,65,PARTIAL,2,3,,,SCALE_INSUFFICIENT,,True,,,,SCALE_UNAVAILABLE,OBSERVATION_INSUFFICIENT,6,0,0,False,0,0,False,INHERITED_RAW_PRICE_BASIS,False,False
2025-08-14|55770,2025-08-14,55770,09:30,10:40,70,PARTIAL,2,3,,,SCALE_INSUFFICIENT,,True,,,,CURRENT_BAR_UNAVAILABLE,OBSERVATION_INSUFFICIENT,7,0,0,False,0,0,False,INHERITED_RAW_PRICE_BASIS,False,False
2025-08-14|55770,2025-08-14,55770,09:30,10:45,75,PARTIAL,2,3,,,SCALE_INSUFFICIENT,,True,,,,SCALE_UNAVAILABLE,OBSERVATION_INSUFFICIENT,6,0,0,False,0,0,False,INHERITED_RAW_PRICE_BASIS,False,False
2025-08-14|55770,2025-08-14,55770,09:30,10:50,80,PARTIAL,1,4,,,SCALE_INSUFFICIENT,,True,,,,CURRENT_BAR_UNAVAILABLE,OBSERVATION_INSUFFICIENT,6,0,0,False,0,0,False,INHERITED_RAW_PRICE_BASIS,False,False
2025-08-14|55770,2025-08-14,55770,09:30,10:55,85,PARTIAL,3,2,,,SCALE_INSUFFICIENT,,True,,,,SCALE_UNAVAILABLE,OBSERVATION_INSUFFICIENT,8,0,0,False,0,0,False,INHERITED_RAW_PRICE_BASIS,False,False
2025-08-14|55770,2025-08-14,55770,09:30,11:00,90,PARTIAL,1,4,,,SCALE_INSUFFICIENT,,True,,,,CURRENT_BAR_UNAVAILABLE,OBSERVATION_INSUFFICIENT,6,0,0,False,0,0,False,INHERITED_RAW_PRICE_BASIS,False,False
2025-08-14|55770,2025-08-14,55770,09:30,11:05,95,PARTIAL,1,4,,,SCALE_INSUFFICIENT,,True,,,,SCALE_UNAVAILABLE,OBSERVATION_INSUFFICIENT,3,0,0,False,0,0,False,INHERITED_RAW_PRICE_BASIS,False,False
2025-08-14|55770,2025-08-14,55770,09:30,11:10,100,PARTIAL,3,2,,,SCALE_INSUFFICIENT,,True,,,,SCALE_UNAVAILABLE,OBSERVATION_INSUFFICIENT,2,0,0,False,0,0,False,INHERITED_RAW_PRICE_BASIS,False,False
2025-08-14|55770,2025-08-14,55770,09:30,11:15,105,PARTIAL,4,1,,,SCALE_INSUFFICIENT,,True,,,,SCALE_UNAVAILABLE,OBSERVATION_INSUFFICIENT,3,0,0,False,0,0,False,INHERITED_RAW_PRICE_BASIS,False,False
2025-08-14|55770,2025-08-14,55770,09:30,11:20,110,PARTIAL,4,1,,,SCALE_INSUFFICIENT,,True,,,,CURRENT_BAR_UNAVAILABLE,OBSERVATION_INSUFFICIENT,4,0,0,False,0,0,False,INHERITED_RAW_PRICE_BASIS,False,False
2025-08-14|55770,2025-08-14,55770,09:30,11:25,115,PARTIAL,3,2,,,SCALE_INSUFFICIENT,,True,,,,SCALE_UNAVAILABLE,OBSERVATION_INSUFFICIENT,3,0,0,False,0,0,False,INHERITED_RAW_PRICE_BASIS,False,False
2025-08-14|55770,2025-08-14,55770,09:30,11:30,120,PARTIAL,3,2,,,SCALE_INSUFFICIENT,,True,,,,SCALE_UNAVAILABLE,OBSERVATION_INSUFFICIENT,2,0,0,False,0,0,False,INHERITED_RAW_PRICE_BASIS,False,False
2025-08-14|55770,2025-08-14,55770,09:30,12:35,125,PARTIAL,4,1,,,SCALE_INSUFFICIENT,,True,,,,SCALE_UNAVAILABLE,OBSERVATION_INSUFFICIENT,3,0,0,False,0,0,False,INHERITED_RAW_PRICE_BASIS,False,False
2025-08-14|55770,2025-08-14,55770,09:30,12:40,130,PARTIAL,4,1,,,SCALE_INSUFFICIENT,,True,,,,SCALE_UNAVAILABLE,OBSERVATION_INSUFFICIENT,3,0,0,False,0,0,False,INHERITED_RAW_PRICE_BASIS,False,False
2025-08-14|55770,2025-08-14,55770,09:30,12:45,135,PARTIAL,3,2,,,SCALE_INSUFFICIENT,,True,,,,SCALE_UNAVAILABLE,OBSERVATION_INSUFFICIENT,2,0,0,False,2,1,False,INHERITED_RAW_PRICE_BASIS,False,False
2025-08-14|55770,2025-08-14,55770,09:30,12:50,140,PARTIAL,4,1,,,SCALE_INSUFFICIENT,,True,,,,CURRENT_BAR_UNAVAILABLE,OBSERVATION_INSUFFICIENT,4,0,0,False,1,2,False,INHERITED_RAW_PRICE_BASIS,False,False
2025-08-14|55770,2025-08-14,55770,09:30,12:55,145,PARTIAL,4,1,,,SCALE_INSUFFICIENT,,True,,,,SCALE_UNAVAILABLE,OBSERVATION_INSUFFICIENT,5,0,0,False,0,0,False,INHERITED_RAW_PRICE_BASIS,False,False
2025-08-14|55770,2025-08-14,55770,09:30,13:00,150,PARTIAL,2,3,,,SCALE_INSUFFICIENT,,True,,,,SCALE_UNAVAILABLE,OBSERVATION_INSUFFICIENT,4,0,0,False,0,0,False,INHERITED_RAW_PRICE_BASIS,False,False
2025-08-14|55770,2025-08-14,55770,09:30,13:05,155,PARTIAL,3,2,,,SCALE_INSUFFICIENT,,True,,,,CURRENT_BAR_UNAVAILABLE,OBSERVATION_INSUFFICIENT,6,0,0,False,0,0,False,INHERITED_RAW_PRICE_BASIS,False,False
2025-08-14|55770,2025-08-14,55770,09:30,13:10,160,PARTIAL,3,2,,,SCALE_INSUFFICIENT,,True,,,,SCALE_UNAVAILABLE,OBSERVATION_INSUFFICIENT,8,0,0,False,0,0,False,INHERITED_RAW_PRICE_BASIS,False,False
2025-08-14|55770,2025-08-14,55770,09:30,13:15,165,PARTIAL,1,4,,,SCALE_INSUFFICIENT,,True,,,,CURRENT_BAR_UNAVAILABLE,OBSERVATION_INSUFFICIENT,5,0,0,False,0,0,False,INHERITED_RAW_PRICE_BASIS,False,False
2025-08-14|55770,2025-08-14,55770,09:30,13:20,170,PARTIAL,1,4,,,SCALE_INSUFFICIENT,,True,,,,SCALE_UNAVAILABLE,OBSERVATION_INSUFFICIENT,2,0,0,False,0,0,False,INHERITED_RAW_PRICE_BASIS,False,False
2025-08-14|55770,2025-08-14,55770,09:30,13:25,175,PARTIAL,4,1,,,SCALE_INSUFFICIENT,,True,,,,SCALE_UNAVAILABLE,OBSERVATION_INSUFFICIENT,5,0,0,False,0,0,False,INHERITED_RAW_PRICE_BASIS,False,False
2025-08-14|55770,2025-08-14,55770,09:30,13:30,180,PARTIAL,4,1,,,SCALE_INSUFFICIENT,,True,,,,SCALE_UNAVAILABLE,OBSERVATION_INSUFFICIENT,9,0,0,False,0,0,False,INHERITED_RAW_PRICE_BASIS,False,False
2025-08-14|55770,2025-08-14,55770,09:30,13:35,185,PARTIAL,1,4,,,SCALE_INSUFFICIENT,,True,,,,CURRENT_BAR_UNAVAILABLE,OBSERVATION_INSUFFICIENT,6,0,0,False,0,0,False,INHERITED_RAW_PRICE_BASIS,False,False
2025-08-14|55770,2025-08-14,55770,09:30,13:40,190,UNAVAILABLE,0,5,,,SCALE_INSUFFICIENT,,True,,,,CURRENT_BAR_UNAVAILABLE,OBSERVATION_INSUFFICIENT,5,0,0,False,0,0,False,INHERITED_RAW_PRICE_BASIS,False,False
2025-08-14|55770,2025-08-14,55770,09:30,13:45,195,PARTIAL,4,1,,,SCALE_INSUFFICIENT,,True,,,,SCALE_UNAVAILABLE,OBSERVATION_INSUFFICIENT,8,0,0,False,0,0,False,INHERITED_RAW_PRICE_BASIS,False,False
2025-08-14|55770,2025-08-14,55770,09:30,13:50,200,PARTIAL,1,4,,,SCALE_INSUFFICIENT,,True,,,,CURRENT_BAR_UNAVAILABLE,OBSERVATION_INSUFFICIENT,5,0,0,False,0,0,False,INHERITED_RAW_PRICE_BASIS,False,False
2025-08-14|55770,2025-08-14,55770,09:30,13:55,205,PARTIAL,1,4,,,SCALE_INSUFFICIENT,,True,,,,CURRENT_BAR_UNAVAILABLE,OBSERVATION_INSUFFICIENT,6,0,0,False,0,0,False,INHERITED_RAW_PRICE_BASIS,False,False
2025-08-14|55770,2025-08-14,55770,09:30,14:00,210,PARTIAL,4,1,,,SCALE_INSUFFICIENT,,True,,,,SCALE_UNAVAILABLE,OBSERVATION_INSUFFICIENT,8,0,0,False,1,0,False,INHERITED_RAW_PRICE_BASIS,False,False
2025-08-14|55770,2025-08-14,55770,09:30,14:05,215,UNAVAILABLE,0,5,,,SCALE_INSUFFICIENT,,True,,,,CURRENT_BAR_UNAVAILABLE,OBSERVATION_INSUFFICIENT,5,0,0,False,0,0,False,INHERITED_RAW_PRICE_BASIS,False,False
2025-08-14|55770,2025-08-14,55770,09:30,14:10,220,PARTIAL,2,3,,,SCALE_INSUFFICIENT,,True,,,,CURRENT_BAR_UNAVAILABLE,OBSERVATION_INSUFFICIENT,5,0,0,False,0,0,False,INHERITED_RAW_PRICE_BASIS,False,False
2025-08-14|55770,2025-08-14,55770,09:30,14:15,225,PARTIAL,3,2,,,SCALE_INSUFFICIENT,,True,,,,SCALE_UNAVAILABLE,OBSERVATION_INSUFFICIENT,4,0,0,False,0,0,False,INHERITED_RAW_PRICE_BASIS,False,False
2025-08-14|55770,2025-08-14,55770,09:30,14:20,230,PARTIAL,2,3,,,SCALE_INSUFFICIENT,,True,,,,CURRENT_BAR_UNAVAILABLE,OBSERVATION_INSUFFICIENT,6,0,0,False,0,0,False,INHERITED_RAW_PRICE_BASIS,False,False
2025-08-14|55770,2025-08-14,55770,09:30,14:25,235,PARTIAL,4,1,,,SCALE_INSUFFICIENT,,True,,,,CURRENT_BAR_UNAVAILABLE,OBSERVATION_INSUFFICIENT,8,0,0,False,0,0,False,INHERITED_RAW_PRICE_BASIS,False,False
2025-08-14|55770,2025-08-14,55770,09:30,14:30,240,UNAVAILABLE,0,5,,,SCALE_INSUFFICIENT,,True,,,,CURRENT_BAR_UNAVAILABLE,OBSERVATION_INSUFFICIENT,6,0,0,False,0,0,False,INHERITED_RAW_PRICE_BASIS,False,False
2025-08-14|55770,2025-08-14,55770,09:30,14:35,245,PARTIAL,2,3,,,SCALE_INSUFFICIENT,,True,,,,SCALE_UNAVAILABLE,OBSERVATION_INSUFFICIENT,5,0,0,False,0,0,False,INHERITED_RAW_PRICE_BASIS,False,False
2025-08-14|55770,2025-08-14,55770,09:30,14:40,250,PARTIAL,2,3,,,SCALE_INSUFFICIENT,,True,,,,SCALE_UNAVAILABLE,OBSERVATION_INSUFFICIENT,5,0,0,False,0,0,False,INHERITED_RAW_PRICE_BASIS,False,False
2025-08-14|55770,2025-08-14,55770,09:30,14:45,255,PARTIAL,3,2,,,SCALE_INSUFFICIENT,,True,,,,SCALE_UNAVAILABLE,OBSERVATION_INSUFFICIENT,5,0,0,False,0,0,False,INHERITED_RAW_PRICE_BASIS,False,False
2025-08-14|55770,2025-08-14,55770,09:30,14:50,260,PARTIAL,2,3,,,SCALE_INSUFFICIENT,,True,,,,CURRENT_BAR_UNAVAILABLE,OBSERVATION_INSUFFICIENT,5,0,0,False,0,0,False,INHERITED_RAW_PRICE_BASIS,False,False
2025-08-14|55770,2025-08-14,55770,09:30,14:55,265,PARTIAL,3,2,,,SCALE_INSUFFICIENT,,True,,,,CURRENT_BAR_UNAVAILABLE,OBSERVATION_INSUFFICIENT,6,0,0,False,0,0,False,INHERITED_RAW_PRICE_BASIS,False,False
2025-08-14|55770,2025-08-14,55770,09:30,15:00,270,PARTIAL,2,3,,,SCALE_INSUFFICIENT,,True,,,,SCALE_UNAVAILABLE,OBSERVATION_INSUFFICIENT,4,0,0,False,0,0,False,INHERITED_RAW_PRICE_BASIS,False,False
2025-08-14|55770,2025-08-14,55770,09:30,15:05,275,PARTIAL,2,3,,,SCALE_INSUFFICIENT,,True,,,,CURRENT_BAR_UNAVAILABLE,OBSERVATION_INSUFFICIENT,1,0,0,False,0,0,False,INHERITED_RAW_PRICE_BASIS,False,False
2025-08-14|55770,2025-08-14,55770,09:30,15:10,280,PARTIAL,4,1,,,SCALE_INSUFFICIENT,,True,,,,SCALE_UNAVAILABLE,WINDOW_OBSERVED,0,0,0,False,10,1,False,INHERITED_RAW_PRICE_BASIS,False,False
2025-08-14|55770,2025-08-14,55770,09:30,15:15,285,COMPLETE,5,0,UP,8.726899383983573,SCALE_INSUFFICIENT,,True,,,,SCALE_UNAVAILABLE,OBSERVATION_INSUFFICIENT,1,0,0,False,1,1,False,INHERITED_RAW_PRICE_BASIS,False,False
2025-08-14|55770,2025-08-14,55770,09:30,15:20,290,COMPLETE,5,0,DOWN,-1.606805293005671,SCALE_INSUFFICIENT,,True,,,RANGE_COMPRESSION,SCALE_UNAVAILABLE,RIGHT_CENSORED,1,0,0,False,2,2,False,INHERITED_RAW_PRICE_BASIS,True,False
2025-08-14|55770,2025-08-14,55770,09:30,15:25,295,PARTIAL,4,1,,,SCALE_INSUFFICIENT,,True,,,,CURRENT_BAR_UNAVAILABLE,RIGHT_CENSORED,0,0,0,False,0,0,False,INHERITED_RAW_PRICE_BASIS,False,False
2025-08-14|55820,2025-08-14,55820,13:00,13:00,0,COMPLETE,5,0,DOWN,-0.29888983774551664,SCALE_INSUFFICIENT,,True,,,VOLUME_COMPRESSION|TRADING_VALUE_COMPRESSION,SCALE_UNAVAILABLE,OBSERVATION_INSUFFICIENT,1,0,0,False,0,0,False,INHERITED_RAW_PRICE_BASIS,False,False
2025-08-14|55820,2025-08-14,55820,13:00,13:05,5,COMPLETE,5,0,UP,0.3426124197002141,SCALE_INSUFFICIENT,,True,,,RANGE_COMPRESSION|VOLUME_COMPRESSION|TRADING_VALUE_COMPRESSION,SCALE_UNAVAILABLE,OBSERVATION_INSUFFICIENT,3,0,0,False,0,0,False,INHERITED_RAW_PRICE_BASIS,True,False
2025-08-14|55820,2025-08-14,55820,13:00,13:10,10,PARTIAL,4,1,,,SCALE_INSUFFICIENT,,True,,,,CURRENT_BAR_UNAVAILABLE,OBSERVATION_INSUFFICIENT,3,0,0,False,0,0,False,INHERITED_RAW_PRICE_BASIS,False,False
2025-08-14|55820,2025-08-14,55820,13:00,13:15,15,PARTIAL,3,2,,,SCALE_INSUFFICIENT,,True,,,,CURRENT_BAR_UNAVAILABLE,OBSERVATION_INSUFFICIENT,3,0,0,False,0,0,False,INHERITED_RAW_PRICE_BASIS,False,False
2025-08-14|55820,2025-08-14,55820,13:00,13:20,20,PARTIAL,4,1,,,SCALE_INSUFFICIENT,,True,,,,SCALE_UNAVAILABLE,OBSERVATION_INSUFFICIENT,3,0,0,False,0,0,False,INHERITED_RAW_PRICE_BASIS,False,False
2025-08-14|55820,2025-08-14,55820,13:00,13:25,25,PARTIAL,3,2,,,SCALE_INSUFFICIENT,,True,,,,SCALE_UNAVAILABLE,OBSERVATION_INSUFFICIENT,3,0,0,False,0,0,False,INHERITED_RAW_PRICE_BASIS,False,False
2025-08-14|55820,2025-08-14,55820,13:00,13:30,30,PARTIAL,4,1,,,SCALE_INSUFFICIENT,,True,,,,SCALE_UNAVAILABLE,OBSERVATION_INSUFFICIENT,2,0,0,False,0,0,False,INHERITED_RAW_PRICE_BASIS,False,False
2025-08-14|55820,2025-08-14,55820,13:00,13:35,35,PARTIAL,3,2,,,SCALE_INSUFFICIENT,,True,,,,SCALE_UNAVAILABLE,OBSERVATION_INSUFFICIENT,1,0,0,False,0,0,False,INHERITED_RAW_PRICE_BASIS,False,False
2025-08-14|55820,2025-08-14,55820,13:00,13:40,40,COMPLETE,5,0,UP,0.4219409282700422,SCALE_INSUFFICIENT,,True,,,,SCALE_UNAVAILABLE,OBSERVATION_INSUFFICIENT,4,0,0,False,0,0,False,INHERITED_RAW_PRICE_BASIS,False,False
2025-08-14|55820,2025-08-14,55820,13:00,13:45,45,PARTIAL,4,1,,,SCALE_INSUFFICIENT,,True,,,,SCALE_UNAVAILABLE,OBSERVATION_INSUFFICIENT,6,0,0,False,0,0,False,INHERITED_RAW_PRICE_BASIS,False,False
2025-08-14|55820,2025-08-14,55820,13:00,13:50,50,PARTIAL,2,3,,,SCALE_INSUFFICIENT,,True,,,,CURRENT_BAR_UNAVAILABLE,OBSERVATION_INSUFFICIENT,4,0,0,False,0,0,False,INHERITED_RAW_PRICE_BASIS,False,False
2025-08-14|55820,2025-08-14,55820,13:00,13:55,55,PARTIAL,2,3,,,SCALE_INSUFFICIENT,,True,,,,CURRENT_BAR_UNAVAILABLE,OBSERVATION_INSUFFICIENT,4,0,0,False,0,0,False,INHERITED_RAW_PRICE_BASIS,False,False
2025-08-14|55820,2025-08-14,55820,13:00,14:00,60,PARTIAL,4,1,,,SCALE_INSUFFICIENT,,True,,,,CURRENT_BAR_UNAVAILABLE,OBSERVATION_INSUFFICIENT,5,0,0,False,0,0,False,INHERITED_RAW_PRICE_BASIS,False,False
2025-08-14|55820,2025-08-14,55820,13:00,14:05,65,PARTIAL,2,3,,,SCALE_INSUFFICIENT,,True,,,,CURRENT_BAR_UNAVAILABLE,OBSERVATION_INSUFFICIENT,3,0,0,False,0,0,False,INHERITED_RAW_PRICE_BASIS,False,False
2025-08-14|55820,2025-08-14,55820,13:00,14:10,70,PARTIAL,3,2,,,SCALE_INSUFFICIENT,,True,,,,SCALE_UNAVAILABLE,OBSERVATION_INSUFFICIENT,5,0,0,False,0,0,False,INHERITED_RAW_PRICE_BASIS,False,False
2025-08-14|55820,2025-08-14,55820,13:00,14:15,75,PARTIAL,4,1,,,SCALE_INSUFFICIENT,,True,,,,SCALE_UNAVAILABLE,OBSERVATION_INSUFFICIENT,8,0,0,False,0,0,False,INHERITED_RAW_PRICE_BASIS,False,False
2025-08-14|55820,2025-08-14,55820,13:00,14:20,80,PARTIAL,1,4,,,SCALE_INSUFFICIENT,,True,,,,CURRENT_BAR_UNAVAILABLE,OBSERVATION_INSUFFICIENT,7,0,0,False,0,0,False,INHERITED_RAW_PRICE_BASIS,False,False
2025-08-14|55820,2025-08-14,55820,13:00,14:25,85,PARTIAL,1,4,,,SCALE_INSUFFICIENT,,True,,,,CURRENT_BAR_UNAVAILABLE,OBSERVATION_INSUFFICIENT,7,0,0,False,0,0,False,INHERITED_RAW_PRICE_BASIS,False,False
2025-08-14|55820,2025-08-14,55820,13:00,14:30,90,PARTIAL,2,3,,,SCALE_INSUFFICIENT,,True,,,,CURRENT_BAR_UNAVAILABLE,OBSERVATION_INSUFFICIENT,6,0,0,False,0,0,False,INHERITED_RAW_PRICE_BASIS,False,False
2025-08-14|55820,2025-08-14,55820,13:00,14:35,95,PARTIAL,1,4,,,SCALE_INSUFFICIENT,,True,,,,CURRENT_BAR_UNAVAILABLE,OBSERVATION_INSUFFICIENT,4,0,0,False,0,0,False,INHERITED_RAW_PRICE_BASIS,False,False
2025-08-14|55820,2025-08-14,55820,13:00,14:40,100,PARTIAL,3,2,,,SCALE_INSUFFICIENT,,True,,,,SCALE_UNAVAILABLE,OBSERVATION_INSUFFICIENT,3,0,0,False,0,0,False,INHERITED_RAW_PRICE_BASIS,False,False
2025-08-14|55820,2025-08-14,55820,13:00,14:45,105,PARTIAL,3,2,,,SCALE_INSUFFICIENT,,True,,,,SCALE_UNAVAILABLE,OBSERVATION_INSUFFICIENT,2,0,0,False,0,0,False,INHERITED_RAW_PRICE_BASIS,False,False
2025-08-14|55820,2025-08-14,55820,13:00,14:50,110,PARTIAL,4,1,,,SCALE_INSUFFICIENT,,True,,,,SCALE_UNAVAILABLE,OBSERVATION_INSUFFICIENT,2,0,0,False,0,0,False,INHERITED_RAW_PRICE_BASIS,False,False
2025-08-14|55820,2025-08-14,55820,13:00,14:55,115,PARTIAL,4,1,,,SCALE_INSUFFICIENT,,True,,,,SCALE_UNAVAILABLE,OBSERVATION_INSUFFICIENT,6,0,0,False,0,0,False,INHERITED_RAW_PRICE_BASIS,False,False
2025-08-14|55820,2025-08-14,55820,13:00,15:00,120,PARTIAL,4,1,,,SCALE_INSUFFICIENT,,True,,,,SCALE_UNAVAILABLE,OBSERVATION_INSUFFICIENT,9,0,0,False,0,0,False,INHERITED_RAW_PRICE_BASIS,False,False
2025-08-14|55820,2025-08-14,55820,13:00,15:05,125,UNAVAILABLE,0,5,,,SCALE_INSUFFICIENT,,True,,,,CURRENT_BAR_UNAVAILABLE,OBSERVATION_INSUFFICIENT,6,0,0,False,0,0,False,INHERITED_RAW_PRICE_BASIS,False,False
2025-08-14|55820,2025-08-14,55820,13:00,15:10,130,PARTIAL,1,4,,,SCALE_INSUFFICIENT,,True,,,,CURRENT_BAR_UNAVAILABLE,OBSERVATION_INSUFFICIENT,3,0,0,False,0,0,False,INHERITED_RAW_PRICE_BASIS,False,False
2025-08-14|55820,2025-08-14,55820,13:00,15:15,135,PARTIAL,3,2,,,SCALE_INSUFFICIENT,,True,,,,CURRENT_BAR_UNAVAILABLE,OBSERVATION_INSUFFICIENT,2,0,0,False,0,0,False,INHERITED_RAW_PRICE_BASIS,False,False
2025-08-14|55820,2025-08-14,55820,13:00,15:20,140,PARTIAL,4,1,,,SCALE_INSUFFICIENT,,True,,,,SCALE_UNAVAILABLE,RIGHT_CENSORED,1,0,0,False,0,0,False,INHERITED_RAW_PRICE_BASIS,False,False
2025-08-14|55820,2025-08-14,55820,13:00,15:25,145,PARTIAL,4,1,,,SCALE_INSUFFICIENT,,True,,,,SCALE_UNAVAILABLE,RIGHT_CENSORED,0,0,0,False,0,0,False,INHERITED_RAW_PRICE_BASIS,False,False
2025-08-14|55870,2025-08-14,55870,15:00,15:00,0,COMPLETE,5,0,DOWN,-6.84811237928007,SCALE_INSUFFICIENT,,True,,,,SCALE_UNAVAILABLE,OBSERVATION_INSUFFICIENT,5,0,0,False,0,0,False,INHERITED_RAW_PRICE_BASIS,False,False
2025-08-14|55870,2025-08-14,55870,15:00,15:05,5,PARTIAL,4,1,,,SCALE_INSUFFICIENT,,True,,,,SCALE_UNAVAILABLE,OBSERVATION_INSUFFICIENT,5,0,0,False,0,0,False,INHERITED_RAW_PRICE_BASIS,False,False
2025-08-14|55870,2025-08-14,55870,15:00,15:10,10,PARTIAL,1,4,,,SCALE_INSUFFICIENT,,True,,,,CURRENT_BAR_UNAVAILABLE,OBSERVATION_INSUFFICIENT,2,0,0,False,0,0,False,INHERITED_RAW_PRICE_BASIS,False,False
2025-08-14|55870,2025-08-14,55870,15:00,15:15,15,PARTIAL,4,1,,,SCALE_INSUFFICIENT,,True,,,,SCALE_UNAVAILABLE,OBSERVATION_INSUFFICIENT,1,0,0,False,0,0,False,INHERITED_RAW_PRICE_BASIS,False,False
2025-08-14|55870,2025-08-14,55870,15:00,15:20,20,PARTIAL,4,1,,,SCALE_INSUFFICIENT,,True,,,,SCALE_UNAVAILABLE,RIGHT_CENSORED,0,0,0,False,0,0,False,INHERITED_RAW_PRICE_BASIS,False,False
2025-08-14|55870,2025-08-14,55870,15:00,15:25,25,COMPLETE,5,0,UP,2.037037037037037,SCALE_INSUFFICIENT,,True,,,,SCALE_UNAVAILABLE,RIGHT_CENSORED,0,0,0,False,0,0,False,INHERITED_RAW_PRICE_BASIS,False,False
2025-08-14|58920,2025-08-14,58920,10:30,10:30,0,COMPLETE,5,0,DOWN,-0.8517887563884157,AVAILABLE,50.0,True,DOWN_STRUCTURE,CORRECTION|RECOVERY,VOLUME_COMPRESSION|TRADING_VALUE_COMPRESSION,IDENTIFIED,WINDOW_OBSERVED,0,1,15,False,3,2,True,INHERITED_RAW_PRICE_BASIS,False,False
2025-08-14|58920,2025-08-14,58920,10:30,10:35,5,COMPLETE,5,0,UP,0.5154639175257731,AVAILABLE,50.0,True,DOWN_STRUCTURE,CORRECTION|RECOVERY,VOLUME_COMPRESSION|TRADING_VALUE_COMPRESSION,IDENTIFIED,WINDOW_OBSERVED,0,1,15,False,1,0,True,INHERITED_RAW_PRICE_BASIS,True,False
2025-08-14|58920,2025-08-14,58920,10:30,10:40,10,COMPLETE,5,0,UP,0.3412969283276451,AVAILABLE,50.0,True,DOWN_STRUCTURE,CORRECTION|RECOVERY,VOLUME_EXPANSION|TRADING_VALUE_EXPANSION,IDENTIFIED,WINDOW_OBSERVED,0,0,15,False,0,1,True,INHERITED_RAW_PRICE_BASIS,True,False
2025-08-14|58920,2025-08-14,58920,10:30,10:45,15,COMPLETE,5,0,DOWN,-2.037351443123939,AVAILABLE,50.0,True,DOWN_STRUCTURE,PROGRESSION,RANGE_EXPANSION|VOLUME_EXPANSION|TRADING_VALUE_EXPANSION,IDENTIFIED,OBSERVATION_INSUFFICIENT,1,0,16,False,2,2,True,INHERITED_RAW_PRICE_BASIS,True,True
2025-08-14|58920,2025-08-14,58920,10:30,10:50,20,COMPLETE,5,0,DOWN,-0.1736111111111111,AVAILABLE,50.0,True,DOWN_STRUCTURE,PROGRESSION,RANGE_COMPRESSION|VOLUME_COMPRESSION|TRADING_VALUE_COMPRESSION,IDENTIFIED,OBSERVATION_INSUFFICIENT,2,0,16,False,0,0,True,INHERITED_RAW_PRICE_BASIS,True,False
2025-08-14|58920,2025-08-14,58920,10:30,10:55,25,PARTIAL,4,1,,,AVAILABLE,50.0,True,,,,UNRESOLVED_STRUCTURE,OBSERVATION_INSUFFICIENT,1,0,0,False,1,1,False,INHERITED_RAW_PRICE_BASIS,False,False
2025-08-14|58920,2025-08-14,58920,10:30,11:00,30,PARTIAL,4,1,,,AVAILABLE,50.0,True,,,,CURRENT_BAR_UNAVAILABLE,WINDOW_OBSERVED,0,0,0,False,0,0,False,INHERITED_RAW_PRICE_BASIS,False,False
2025-08-14|58920,2025-08-14,58920,10:30,11:05,35,COMPLETE,5,0,UP,0.5226480836236934,AVAILABLE,50.0,True,,,,UNRESOLVED_STRUCTURE,WINDOW_OBSERVED,0,1,1,False,0,0,False,INHERITED_RAW_PRICE_BASIS,False,False
2025-08-14|58920,2025-08-14,58920,10:30,11:10,40,COMPLETE,5,0,DOWN,-0.5199306759098787,AVAILABLE,50.0,True,,RECOVERY,,UNRESOLVED_STRUCTURE,WINDOW_OBSERVED,0,1,2,False,1,1,True,INHERITED_RAW_PRICE_BASIS,True,True
2025-08-14|58920,2025-08-14,58920,10:30,11:15,45,COMPLETE,5,0,UP,0.17391304347826086,AVAILABLE,50.0,True,,RECOVERY,CHOPPINESS|RANGE_COMPRESSION,UNRESOLVED_STRUCTURE,OBSERVATION_INSUFFICIENT,1,0,2,False,0,0,True,INHERITED_RAW_PRICE_BASIS,True,False
2025-08-14|58920,2025-08-14,58920,10:30,11:20,50,COMPLETE,5,0,UP,1.0362694300518134,AVAILABLE,50.0,True,,,RANGE_EXPANSION|VOLUME_EXPANSION|TRADING_VALUE_EXPANSION,UNRESOLVED_STRUCTURE,OBSERVATION_INSUFFICIENT,1,0,2,False,1,1,False,INHERITED_RAW_PRICE_BASIS,True,True
2025-08-14|58920,2025-08-14,58920,10:30,11:25,55,PARTIAL,4,1,,,AVAILABLE,50.0,True,,,,UNRESOLVED_STRUCTURE,WINDOW_OBSERVED,0,1,2,False,1,1,False,INHERITED_RAW_PRICE_BASIS,False,False
2025-08-14|58920,2025-08-14,58920,10:30,11:30,60,COMPLETE,5,0,UP,1.0398613518197575,AVAILABLE,50.0,True,,,,UNRESOLVED_STRUCTURE,WINDOW_OBSERVED,0,0,2,False,1,1,False,INHERITED_RAW_PRICE_BASIS,False,False
2025-08-14|58920,2025-08-14,58920,10:30,12:35,65,COMPLETE,5,0,DOWN,-1.3722126929674099,AVAILABLE,50.0,True,,RECOVERY,,UNRESOLVED_STRUCTURE,WINDOW_OBSERVED,0,1,2,False,0,0,True,INHERITED_RAW_PRICE_BASIS,True,True
2025-08-14|58920,2025-08-14,58920,10:30,12:40,70,COMPLETE,5,0,DOWN,-0.1736111111111111,AVAILABLE,50.0,True,,,RANGE_COMPRESSION|VOLUME_COMPRESSION|TRADING_VALUE_COMPRESSION,UNRESOLVED_STRUCTURE,WINDOW_OBSERVED,0,0,2,False,2,2,False,INHERITED_RAW_PRICE_BASIS,True,True
2025-08-14|58920,2025-08-14,58920,10:30,12:45,75,COMPLETE,5,0,UP,0.8695652173913043,AVAILABLE,50.0,True,,,,UNRESOLVED_STRUCTURE,WINDOW_OBSERVED,0,0,2,False,0,3,False,INHERITED_RAW_PRICE_BASIS,True,False
2025-08-14|58920,2025-08-14,58920,10:30,12:50,80,COMPLETE,5,0,DOWN,-0.17271157167530224,AVAILABLE,50.0,True,,,RANGE_COMPRESSION|VOLUME_COMPRESSION|TRADING_VALUE_COMPRESSION,UNRESOLVED_STRUCTURE,WINDOW_OBSERVED,0,0,2,False,1,1,False,INHERITED_RAW_PRICE_BASIS,True,False
2025-08-14|58920,2025-08-14,58920,10:30,12:55,85,COMPLETE,5,0,UP,0.1733102253032929,AVAILABLE,50.0,True,,,,UNRESOLVED_STRUCTURE,WINDOW_OBSERVED,0,0,2,False,1,1,False,INHERITED_RAW_PRICE_BASIS,True,False
2025-08-14|58920,2025-08-14,58920,10:30,13:00,90,COMPLETE,5,0,UP,1.5570934256055364,AVAILABLE,50.0,True,,,RANGE_EXPANSION|VOLUME_EXPANSION|TRADING_VALUE_EXPANSION,UNRESOLVED_STRUCTURE,WINDOW_OBSERVED,0,0,2,False,0,1,False,INHERITED_RAW_PRICE_BASIS,True,False
2025-08-14|58920,2025-08-14,58920,10:30,13:05,95,COMPLETE,5,0,UP,1.1904761904761905,AVAILABLE,50.0,True,,,,UNRESOLVED_STRUCTURE,WINDOW_OBSERVED,0,0,2,False,0,0,False,INHERITED_RAW_PRICE_BASIS,True,False
2025-08-14|58920,2025-08-14,58920,10:30,13:10,100,COMPLETE,5,0,UP,0.16778523489932887,AVAILABLE,50.0,True,,,CHOPPINESS|RANGE_COMPRESSION|VOLUME_COMPRESSION|TRADING_VALUE_COMPRESSION,UNRESOLVED_STRUCTURE,WINDOW_OBSERVED,0,0,3,False,0,0,False,INHERITED_RAW_PRICE_BASIS,True,False
2025-08-14|58920,2025-08-14,58920,10:30,13:15,105,COMPLETE,5,0,DOWN,-0.33557046979865773,AVAILABLE,50.0,True,,,,UNRESOLVED_STRUCTURE,WINDOW_OBSERVED,0,0,3,False,0,0,False,INHERITED_RAW_PRICE_BASIS,True,False
2025-08-14|58920,2025-08-14,58920,10:30,13:20,110,COMPLETE,5,0,UNCHANGED,0.0,AVAILABLE,50.0,True,,,RANGE_COMPRESSION|VOLUME_COMPRESSION|TRADING_VALUE_COMPRESSION,UNRESOLVED_STRUCTURE,WINDOW_OBSERVED,0,0,3,False,0,0,False,INHERITED_RAW_PRICE_BASIS,True,False
2025-08-14|58920,2025-08-14,58920,10:30,13:25,115,COMPLETE,5,0,UNCHANGED,0.0,AVAILABLE,50.0,True,UP_STRUCTURE,RECOVERY,CHOPPINESS|RANGE_EXPANSION|VOLUME_EXPANSION|TRADING_VALUE_EXPANSION,IDENTIFIED,OBSERVATION_INSUFFICIENT,2,0,4,False,0,0,True,INHERITED_RAW_PRICE_BASIS,True,True
2025-08-14|58920,2025-08-14,58920,10:30,13:30,120,COMPLETE,5,0,DOWN,-0.8389261744966443,AVAILABLE,50.0,True,UP_STRUCTURE,CORRECTION,VOLUME_EXPANSION|TRADING_VALUE_EXPANSION,IDENTIFIED,OBSERVATION_INSUFFICIENT,3,0,5,False,0,0,True,INHERITED_RAW_PRICE_BASIS,True,True
2025-08-14|58920,2025-08-14,58920,10:30,13:35,125,PARTIAL,3,2,,,AVAILABLE,50.0,True,,,,UNRESOLVED_STRUCTURE,OBSERVATION_INSUFFICIENT,1,0,0,False,0,0,False,INHERITED_RAW_PRICE_BASIS,False,False
2025-08-14|58920,2025-08-14,58920,10:30,13:40,130,PARTIAL,4,1,,,AVAILABLE,50.0,True,,,,UNRESOLVED_STRUCTURE,WINDOW_OBSERVED,0,0,0,False,0,0,False,INHERITED_RAW_PRICE_BASIS,False,False
2025-08-14|58920,2025-08-14,58920,10:30,13:45,135,COMPLETE,5,0,UNCHANGED,0.0,AVAILABLE,50.0,True,,,,UNRESOLVED_STRUCTURE,WINDOW_OBSERVED,0,1,1,False,0,0,False,INHERITED_RAW_PRICE_BASIS,False,False
2025-08-14|58920,2025-08-14,58920,10:30,13:50,140,COMPLETE,5,0,UP,1.1804384485666104,AVAILABLE,50.0,True,,,RANGE_EXPANSION|VOLUME_EXPANSION|TRADING_VALUE_EXPANSION,UNRESOLVED_STRUCTURE,OBSERVATION_INSUFFICIENT,1,1,2,False,0,0,False,INHERITED_RAW_PRICE_BASIS,True,False
2025-08-14|58920,2025-08-14,58920,10:30,13:55,145,COMPLETE,5,0,DOWN,-0.6666666666666666,AVAILABLE,50.0,True,,,RANGE_COMPRESSION|VOLUME_COMPRESSION|TRADING_VALUE_COMPRESSION,UNRESOLVED_STRUCTURE,OBSERVATION_INSUFFICIENT,1,0,2,False,0,0,False,INHERITED_RAW_PRICE_BASIS,True,False
2025-08-14|58920,2025-08-14,58920,10:30,14:00,150,PARTIAL,4,1,,,AVAILABLE,50.0,True,,,,UNRESOLVED_STRUCTURE,OBSERVATION_INSUFFICIENT,2,0,1,False,1,0,False,INHERITED_RAW_PRICE_BASIS,False,False
2025-08-14|58920,2025-08-14,58920,10:30,14:05,155,COMPLETE,5,0,DOWN,-0.3372681281618887,AVAILABLE,50.0,True,,,,UNRESOLVED_STRUCTURE,OBSERVATION_INSUFFICIENT,3,0,1,False,0,0,False,INHERITED_RAW_PRICE_BASIS,False,False
2025-08-14|58920,2025-08-14,58920,10:30,14:10,160,PARTIAL,3,2,,,AVAILABLE,50.0,True,,,,UNRESOLVED_STRUCTURE,OBSERVATION_INSUFFICIENT,3,0,1,False,0,0,False,INHERITED_RAW_PRICE_BASIS,False,False
2025-08-14|58920,2025-08-14,58920,10:30,14:15,165,PARTIAL,4,1,,,AVAILABLE,50.0,True,,,,UNRESOLVED_STRUCTURE,OBSERVATION_INSUFFICIENT,2,0,0,False,0,0,False,INHERITED_RAW_PRICE_BASIS,False,False
2025-08-14|58920,2025-08-14,58920,10:30,14:20,170,PARTIAL,3,2,,,AVAILABLE,50.0,True,,,,CURRENT_BAR_UNAVAILABLE,OBSERVATION_INSUFFICIENT,1,0,0,False,0,0,False,INHERITED_RAW_PRICE_BASIS,False,False
2025-08-14|58920,2025-08-14,58920,10:30,14:25,175,COMPLETE,5,0,UP,0.6722689075630253,AVAILABLE,50.0,True,,,,UNRESOLVED_STRUCTURE,OBSERVATION_INSUFFICIENT,1,0,0,False,0,0,False,INHERITED_RAW_PRICE_BASIS,False,False
2025-08-14|58920,2025-08-14,58920,10:30,14:30,180,PARTIAL,4,1,,,AVAILABLE,50.0,True,,,,UNRESOLVED_STRUCTURE,OBSERVATION_INSUFFICIENT,1,0,0,False,0,0,False,INHERITED_RAW_PRICE_BASIS,False,False
2025-08-14|58920,2025-08-14,58920,10:30,14:35,185,COMPLETE,5,0,DOWN,-0.33557046979865773,AVAILABLE,50.0,True,,,,UNRESOLVED_STRUCTURE,OBSERVATION_INSUFFICIENT,2,0,0,False,0,0,False,INHERITED_RAW_PRICE_BASIS,False,False
2025-08-14|58920,2025-08-14,58920,10:30,14:40,190,PARTIAL,4,1,,,AVAILABLE,50.0,True,,,,CURRENT_BAR_UNAVAILABLE,OBSERVATION_INSUFFICIENT,1,0,0,False,0,0,False,INHERITED_RAW_PRICE_BASIS,False,False
2025-08-14|58920,2025-08-14,58920,10:30,14:45,195,PARTIAL,4,1,,,AVAILABLE,50.0,True,,,,CURRENT_BAR_UNAVAILABLE,OBSERVATION_INSUFFICIENT,1,0,0,False,0,0,False,INHERITED_RAW_PRICE_BASIS,False,False
2025-08-14|58920,2025-08-14,58920,10:30,14:50,200,COMPLETE,5,0,UNCHANGED,0.0,AVAILABLE,50.0,True,,,,UNRESOLVED_STRUCTURE,OBSERVATION_INSUFFICIENT,2,0,0,False,0,0,False,INHERITED_RAW_PRICE_BASIS,False,False
2025-08-14|58920,2025-08-14,58920,10:30,14:55,205,PARTIAL,4,1,,,AVAILABLE,50.0,True,,,,CURRENT_BAR_UNAVAILABLE,OBSERVATION_INSUFFICIENT,2,0,0,False,0,0,False,INHERITED_RAW_PRICE_BASIS,False,False
2025-08-14|58920,2025-08-14,58920,10:30,15:00,210,PARTIAL,4,1,,,AVAILABLE,50.0,True,,,,CURRENT_BAR_UNAVAILABLE,OBSERVATION_INSUFFICIENT,3,0,0,False,0,0,False,INHERITED_RAW_PRICE_BASIS,False,False
2025-08-14|58920,2025-08-14,58920,10:30,15:05,215,PARTIAL,4,1,,,AVAILABLE,50.0,True,,,,CURRENT_BAR_UNAVAILABLE,OBSERVATION_INSUFFICIENT,2,0,0,False,0,0,False,INHERITED_RAW_PRICE_BASIS,False,False
2025-08-14|58920,2025-08-14,58920,10:30,15:10,220,PARTIAL,3,2,,,AVAILABLE,50.0,True,,,,UNRESOLVED_STRUCTURE,WINDOW_OBSERVED,0,0,0,False,0,0,False,INHERITED_RAW_PRICE_BASIS,False,False
2025-08-14|58920,2025-08-14,58920,10:30,15:15,225,COMPLETE,5,0,UP,0.5076142131979695,AVAILABLE,50.0,True,,,,UNRESOLVED_STRUCTURE,OBSERVATION_INSUFFICIENT,1,0,1,False,0,0,False,INHERITED_RAW_PRICE_BASIS,False,False
2025-08-14|58920,2025-08-14,58920,10:30,15:20,230,COMPLETE,5,0,DOWN,-0.16863406408094436,AVAILABLE,50.0,True,,,CHOPPINESS|RANGE_COMPRESSION,UNRESOLVED_STRUCTURE,RIGHT_CENSORED,1,0,1,False,0,0,False,INHERITED_RAW_PRICE_BASIS,True,False
2025-08-14|58920,2025-08-14,58920,10:30,15:25,235,PARTIAL,4,1,,,AVAILABLE,50.0,True,,,,UNRESOLVED_STRUCTURE,RIGHT_CENSORED,0,0,0,False,0,0,False,INHERITED_RAW_PRICE_BASIS,False,False
2025-08-14|59850,2025-08-14,59850,10:30,10:30,0,COMPLETE,5,0,DOWN,-2.491506228765572,PREVIOUS_CONTEXT_UNAVAILABLE,,True,,,VOLUME_COMPRESSION|TRADING_VALUE_COMPRESSION,SCALE_UNAVAILABLE,WINDOW_OBSERVED,0,0,0,False,0,0,False,INHERITED_RAW_PRICE_BASIS,False,False
2025-08-14|59850,2025-08-14,59850,10:30,10:35,5,COMPLETE,5,0,DOWN,-2.671312427409988,PREVIOUS_CONTEXT_UNAVAILABLE,,True,,,VOLUME_EXPANSION|TRADING_VALUE_EXPANSION,SCALE_UNAVAILABLE,WINDOW_OBSERVED,0,0,0,False,2,1,False,INHERITED_RAW_PRICE_BASIS,True,False
2025-08-14|59850,2025-08-14,59850,10:30,10:40,10,COMPLETE,5,0,DOWN,-1.5513126491646778,PREVIOUS_CONTEXT_UNAVAILABLE,,True,,,,SCALE_UNAVAILABLE,WINDOW_OBSERVED,0,0,0,False,2,1,False,INHERITED_RAW_PRICE_BASIS,True,False
2025-08-14|59850,2025-08-14,59850,10:30,10:45,15,COMPLETE,5,0,UP,1.4545454545454546,PREVIOUS_CONTEXT_UNAVAILABLE,,True,,,,SCALE_UNAVAILABLE,WINDOW_OBSERVED,0,0,0,False,0,0,False,INHERITED_RAW_PRICE_BASIS,True,False
2025-08-14|59850,2025-08-14,59850,10:30,10:50,20,COMPLETE,5,0,UP,2.150537634408602,PREVIOUS_CONTEXT_UNAVAILABLE,,True,,,,SCALE_UNAVAILABLE,WINDOW_OBSERVED,0,0,0,False,0,0,False,INHERITED_RAW_PRICE_BASIS,True,False
2025-08-14|59850,2025-08-14,59850,10:30,10:55,25,COMPLETE,5,0,DOWN,-2.456140350877193,PREVIOUS_CONTEXT_UNAVAILABLE,,True,,,VOLUME_COMPRESSION|TRADING_VALUE_COMPRESSION,SCALE_UNAVAILABLE,WINDOW_OBSERVED,0,0,0,False,0,0,False,INHERITED_RAW_PRICE_BASIS,True,False
2025-08-14|59850,2025-08-14,59850,10:30,11:00,30,COMPLETE,5,0,UNCHANGED,0.0,PREVIOUS_CONTEXT_UNAVAILABLE,,True,,,RANGE_COMPRESSION|VOLUME_COMPRESSION|TRADING_VALUE_COMPRESSION,SCALE_UNAVAILABLE,WINDOW_OBSERVED,0,0,0,False,0,0,False,INHERITED_RAW_PRICE_BASIS,True,False
2025-08-14|59850,2025-08-14,59850,10:30,11:05,35,COMPLETE,5,0,DOWN,-0.47904191616766467,PREVIOUS_CONTEXT_UNAVAILABLE,,True,,,,SCALE_UNAVAILABLE,WINDOW_OBSERVED,0,0,0,False,0,0,False,INHERITED_RAW_PRICE_BASIS,True,False
2025-08-14|59850,2025-08-14,59850,10:30,11:10,40,COMPLETE,5,0,UP,2.7677496991576414,PREVIOUS_CONTEXT_UNAVAILABLE,,True,,,RANGE_EXPANSION|VOLUME_EXPANSION|TRADING_VALUE_EXPANSION,SCALE_UNAVAILABLE,WINDOW_OBSERVED,0,0,0,False,0,0,False,INHERITED_RAW_PRICE_BASIS,True,False
2025-08-14|59850,2025-08-14,59850,10:30,11:15,45,COMPLETE,5,0,DOWN,-0.11723329425556858,PREVIOUS_CONTEXT_UNAVAILABLE,,True,,,RANGE_COMPRESSION,SCALE_UNAVAILABLE,WINDOW_OBSERVED,0,0,0,False,0,0,False,INHERITED_RAW_PRICE_BASIS,True,False
2025-08-14|59850,2025-08-14,59850,10:30,11:20,50,COMPLETE,5,0,DOWN,-0.11750881316098707,PREVIOUS_CONTEXT_UNAVAILABLE,,True,,,VOLUME_COMPRESSION|TRADING_VALUE_COMPRESSION,SCALE_UNAVAILABLE,WINDOW_OBSERVED,0,0,0,False,0,0,False,INHERITED_RAW_PRICE_BASIS,True,False
2025-08-14|59850,2025-08-14,59850,10:30,11:25,55,COMPLETE,5,0,DOWN,-1.2925969447708578,PREVIOUS_CONTEXT_UNAVAILABLE,,True,,,,SCALE_UNAVAILABLE,WINDOW_OBSERVED,0,0,0,False,0,0,False,INHERITED_RAW_PRICE_BASIS,True,False
2025-08-14|59850,2025-08-14,59850,10:30,11:30,60,COMPLETE,5,0,UP,1.6666666666666667,PREVIOUS_CONTEXT_UNAVAILABLE,,True,,,,SCALE_UNAVAILABLE,WINDOW_OBSERVED,0,0,0,False,0,0,False,INHERITED_RAW_PRICE_BASIS,True,False
2025-08-14|59850,2025-08-14,59850,10:30,12:35,65,COMPLETE,5,0,DOWN,-0.11764705882352941,PREVIOUS_CONTEXT_UNAVAILABLE,,True,,,,SCALE_UNAVAILABLE,WINDOW_OBSERVED,0,0,0,False,0,0,False,INHERITED_RAW_PRICE_BASIS,True,False
2025-08-14|59850,2025-08-14,59850,10:30,12:40,70,COMPLETE,5,0,DOWN,-0.23557126030624265,PREVIOUS_CONTEXT_UNAVAILABLE,,True,,,RANGE_COMPRESSION|VOLUME_COMPRESSION|TRADING_VALUE_COMPRESSION,SCALE_UNAVAILABLE,WINDOW_OBSERVED,0,0,0,False,0,0,False,INHERITED_RAW_PRICE_BASIS,True,False
2025-08-14|59850,2025-08-14,59850,10:30,12:45,75,COMPLETE,5,0,UP,0.7083825265643447,PREVIOUS_CONTEXT_UNAVAILABLE,,True,,,RANGE_EXPANSION|VOLUME_EXPANSION|TRADING_VALUE_EXPANSION,SCALE_UNAVAILABLE,WINDOW_OBSERVED,0,0,0,False,0,0,False,INHERITED_RAW_PRICE_BASIS,True,False
2025-08-14|59850,2025-08-14,59850,10:30,12:50,80,COMPLETE,5,0,UP,0.11723329425556858,PREVIOUS_CONTEXT_UNAVAILABLE,,True,,,,SCALE_UNAVAILABLE,WINDOW_OBSERVED,0,0,0,False,0,0,False,INHERITED_RAW_PRICE_BASIS,True,False
2025-08-14|59850,2025-08-14,59850,10:30,12:55,85,COMPLETE,5,0,DOWN,-0.819672131147541,PREVIOUS_CONTEXT_UNAVAILABLE,,True,,,,SCALE_UNAVAILABLE,WINDOW_OBSERVED,0,0,0,False,0,0,False,INHERITED_RAW_PRICE_BASIS,True,False
2025-08-14|59850,2025-08-14,59850,10:30,13:00,90,COMPLETE,5,0,DOWN,-0.4722550177095632,PREVIOUS_CONTEXT_UNAVAILABLE,,True,,,RANGE_COMPRESSION,SCALE_UNAVAILABLE,WINDOW_OBSERVED,0,0,0,False,0,0,False,INHERITED_RAW_PRICE_BASIS,True,False
2025-08-14|59850,2025-08-14,59850,10:30,13:05,95,COMPLETE,5,0,DOWN,-2.2538552787663106,PREVIOUS_CONTEXT_UNAVAILABLE,,True,,,RANGE_EXPANSION,SCALE_UNAVAILABLE,WINDOW_OBSERVED,0,0,0,False,0,0,False,INHERITED_RAW_PRICE_BASIS,True,False
2025-08-14|59850,2025-08-14,59850,10:30,13:10,100,COMPLETE,5,0,UP,1.4563106796116505,PREVIOUS_CONTEXT_UNAVAILABLE,,True,,,,SCALE_UNAVAILABLE,WINDOW_OBSERVED,0,0,0,False,0,0,False,INHERITED_RAW_PRICE_BASIS,True,False
2025-08-14|59850,2025-08-14,59850,10:30,13:15,105,COMPLETE,5,0,UP,0.4784688995215311,PREVIOUS_CONTEXT_UNAVAILABLE,,True,,,RANGE_COMPRESSION|VOLUME_COMPRESSION|TRADING_VALUE_COMPRESSION,SCALE_UNAVAILABLE,WINDOW_OBSERVED,0,0,0,False,0,0,False,INHERITED_RAW_PRICE_BASIS,True,False
2025-08-14|59850,2025-08-14,59850,10:30,13:20,110,COMPLETE,5,0,DOWN,-0.11918951132300358,PREVIOUS_CONTEXT_UNAVAILABLE,,True,,,VOLUME_COMPRESSION|TRADING_VALUE_COMPRESSION,SCALE_UNAVAILABLE,WINDOW_OBSERVED,0,0,0,False,0,0,False,INHERITED_RAW_PRICE_BASIS,True,False
2025-08-14|59850,2025-08-14,59850,10:30,13:25,115,COMPLETE,5,0,DOWN,-0.7177033492822966,PREVIOUS_CONTEXT_UNAVAILABLE,,True,,,VOLUME_EXPANSION|TRADING_VALUE_EXPANSION,SCALE_UNAVAILABLE,WINDOW_OBSERVED,0,0,0,False,0,0,False,INHERITED_RAW_PRICE_BASIS,True,False
2025-08-14|59850,2025-08-14,59850,10:30,13:30,120,COMPLETE,5,0,UP,1.5662650602409638,PREVIOUS_CONTEXT_UNAVAILABLE,,True,,,RANGE_EXPANSION,SCALE_UNAVAILABLE,WINDOW_OBSERVED,0,0,0,False,0,0,False,INHERITED_RAW_PRICE_BASIS,True,False
2025-08-14|59850,2025-08-14,59850,10:30,13:35,125,COMPLETE,5,0,UP,0.2372479240806643,PREVIOUS_CONTEXT_UNAVAILABLE,,True,,,VOLUME_EXPANSION|TRADING_VALUE_EXPANSION,SCALE_UNAVAILABLE,WINDOW_OBSERVED,0,0,0,False,0,0,False,INHERITED_RAW_PRICE_BASIS,True,False
2025-08-14|59850,2025-08-14,59850,10:30,13:40,130,COMPLETE,5,0,UP,0.23668639053254437,PREVIOUS_CONTEXT_UNAVAILABLE,,True,,,,SCALE_UNAVAILABLE,WINDOW_OBSERVED,0,0,0,False,0,0,False,INHERITED_RAW_PRICE_BASIS,True,False
2025-08-14|59850,2025-08-14,59850,10:30,13:45,135,COMPLETE,5,0,UNCHANGED,0.0,PREVIOUS_CONTEXT_UNAVAILABLE,,True,,,VOLUME_COMPRESSION|TRADING_VALUE_COMPRESSION,SCALE_UNAVAILABLE,WINDOW_OBSERVED,0,0,0,False,0,0,False,INHERITED_RAW_PRICE_BASIS,True,False
2025-08-14|59850,2025-08-14,59850,10:30,13:50,140,COMPLETE,5,0,UP,0.4716981132075472,PREVIOUS_CONTEXT_UNAVAILABLE,,True,,,RANGE_EXPANSION|VOLUME_EXPANSION|TRADING_VALUE_EXPANSION,SCALE_UNAVAILABLE,WINDOW_OBSERVED,0,0,0,False,0,0,False,INHERITED_RAW_PRICE_BASIS,True,False
2025-08-14|59850,2025-08-14,59850,10:30,13:55,145,COMPLETE,5,0,UP,0.585480093676815,PREVIOUS_CONTEXT_UNAVAILABLE,,True,,,VOLUME_EXPANSION|TRADING_VALUE_EXPANSION,SCALE_UNAVAILABLE,WINDOW_OBSERVED,0,0,0,False,0,0,False,INHERITED_RAW_PRICE_BASIS,True,False
2025-08-14|59850,2025-08-14,59850,10:30,14:00,150,COMPLETE,5,0,UP,0.23255813953488372,PREVIOUS_CONTEXT_UNAVAILABLE,,True,,,RANGE_COMPRESSION|VOLUME_COMPRESSION|TRADING_VALUE_COMPRESSION,SCALE_UNAVAILABLE,WINDOW_OBSERVED,0,0,0,False,0,0,False,INHERITED_RAW_PRICE_BASIS,True,False
2025-08-14|59850,2025-08-14,59850,10:30,14:05,155,COMPLETE,5,0,UP,0.46403712296983757,PREVIOUS_CONTEXT_UNAVAILABLE,,True,,,VOLUME_COMPRESSION,SCALE_UNAVAILABLE,WINDOW_OBSERVED,0,0,0,False,0,0,False,INHERITED_RAW_PRICE_BASIS,True,False
2025-08-14|59850,2025-08-14,59850,10:30,14:10,160,COMPLETE,5,0,UP,4.267589388696655,PREVIOUS_CONTEXT_UNAVAILABLE,,True,,,RANGE_EXPANSION|VOLUME_EXPANSION|TRADING_VALUE_EXPANSION,SCALE_UNAVAILABLE,WINDOW_OBSERVED,0,0,0,False,0,0,False,INHERITED_RAW_PRICE_BASIS,True,False
2025-08-14|59850,2025-08-14,59850,10:30,14:15,165,COMPLETE,5,0,UP,2.328159645232816,PREVIOUS_CONTEXT_UNAVAILABLE,,True,,,,SCALE_UNAVAILABLE,WINDOW_OBSERVED,0,0,0,False,0,0,False,INHERITED_RAW_PRICE_BASIS,True,False
2025-08-14|59850,2025-08-14,59850,10:30,14:20,170,COMPLETE,5,0,UP,1.3043478260869565,PREVIOUS_CONTEXT_UNAVAILABLE,,True,,,TRADING_VALUE_EXPANSION,SCALE_UNAVAILABLE,WINDOW_OBSERVED,0,0,0,False,0,0,False,INHERITED_RAW_PRICE_BASIS,True,False
2025-08-14|59850,2025-08-14,59850,10:30,14:25,175,COMPLETE,5,0,UP,1.3948497854077253,PREVIOUS_CONTEXT_UNAVAILABLE,,True,,,RANGE_COMPRESSION|VOLUME_COMPRESSION|TRADING_VALUE_COMPRESSION,SCALE_UNAVAILABLE,WINDOW_OBSERVED,0,0,0,False,0,0,False,INHERITED_RAW_PRICE_BASIS,True,False
2025-08-14|59850,2025-08-14,59850,10:30,14:30,180,COMPLETE,5,0,DOWN,-0.9533898305084746,PREVIOUS_CONTEXT_UNAVAILABLE,,True,,,RANGE_EXPANSION,SCALE_UNAVAILABLE,WINDOW_OBSERVED,0,0,0,False,0,0,False,INHERITED_RAW_PRICE_BASIS,True,False
2025-08-14|59850,2025-08-14,59850,10:30,14:35,185,COMPLETE,5,0,DOWN,-0.21367521367521367,PREVIOUS_CONTEXT_UNAVAILABLE,,True,,,RANGE_COMPRESSION|VOLUME_COMPRESSION|TRADING_VALUE_COMPRESSION,SCALE_UNAVAILABLE,WINDOW_OBSERVED,0,0,0,False,0,0,False,INHERITED_RAW_PRICE_BASIS,True,False
2025-08-14|59850,2025-08-14,59850,10:30,14:40,190,COMPLETE,5,0,DOWN,-0.10718113612004287,PREVIOUS_CONTEXT_UNAVAILABLE,,True,,,,SCALE_UNAVAILABLE,WINDOW_OBSERVED,0,0,0,False,0,0,False,INHERITED_RAW_PRICE_BASIS,True,False
2025-08-14|59850,2025-08-14,59850,10:30,14:45,195,COMPLETE,5,0,UP,3.322615219721329,PREVIOUS_CONTEXT_UNAVAILABLE,,True,,,RANGE_EXPANSION|VOLUME_EXPANSION|TRADING_VALUE_EXPANSION,SCALE_UNAVAILABLE,WINDOW_OBSERVED,0,0,0,False,1,1,False,INHERITED_RAW_PRICE_BASIS,True,False
2025-08-14|59850,2025-08-14,59850,10:30,14:50,200,COMPLETE,5,0,DOWN,-0.7261410788381742,PREVIOUS_CONTEXT_UNAVAILABLE,,True,,,RANGE_COMPRESSION,SCALE_UNAVAILABLE,WINDOW_OBSERVED,0,0,0,False,0,0,False,INHERITED_RAW_PRICE_BASIS,True,False
2025-08-14|59850,2025-08-14,59850,10:30,14:55,205,COMPLETE,5,0,DOWN,-1.2539184952978057,PREVIOUS_CONTEXT_UNAVAILABLE,,True,,,,SCALE_UNAVAILABLE,WINDOW_OBSERVED,0,0,0,False,0,0,False,INHERITED_RAW_PRICE_BASIS,True,False
2025-08-14|59850,2025-08-14,59850,10:30,15:00,210,COMPLETE,5,0,DOWN,-0.3177966101694915,PREVIOUS_CONTEXT_UNAVAILABLE,,True,,,,SCALE_UNAVAILABLE,WINDOW_OBSERVED,0,0,0,False,0,0,False,INHERITED_RAW_PRICE_BASIS,True,False
2025-08-14|59850,2025-08-14,59850,10:30,15:05,215,COMPLETE,5,0,DOWN,-0.42462845010615713,PREVIOUS_CONTEXT_UNAVAILABLE,,True,,,RANGE_COMPRESSION|VOLUME_COMPRESSION|TRADING_VALUE_COMPRESSION,SCALE_UNAVAILABLE,WINDOW_OBSERVED,0,0,0,False,0,0,False,INHERITED_RAW_PRICE_BASIS,True,False
2025-08-14|59850,2025-08-14,59850,10:30,15:10,220,COMPLETE,5,0,UP,0.7470651013874067,PREVIOUS_CONTEXT_UNAVAILABLE,,True,,,RANGE_EXPANSION,SCALE_UNAVAILABLE,WINDOW_OBSERVED,0,0,0,False,0,0,False,INHERITED_RAW_PRICE_BASIS,True,False
2025-08-14|59850,2025-08-14,59850,10:30,15:15,225,COMPLETE,5,0,DOWN,-0.211864406779661,PREVIOUS_CONTEXT_UNAVAILABLE,,True,,,RANGE_COMPRESSION,SCALE_UNAVAILABLE,WINDOW_OBSERVED,0,0,0,False,0,0,False,INHERITED_RAW_PRICE_BASIS,True,False
2025-08-14|59850,2025-08-14,59850,10:30,15:20,230,COMPLETE,5,0,UP,0.21231422505307856,PREVIOUS_CONTEXT_UNAVAILABLE,,True,,,,SCALE_UNAVAILABLE,RIGHT_CENSORED,0,0,0,False,0,0,False,INHERITED_RAW_PRICE_BASIS,True,False
2025-08-14|59850,2025-08-14,59850,10:30,15:25,235,COMPLETE,5,0,DOWN,-0.3177966101694915,PREVIOUS_CONTEXT_UNAVAILABLE,,True,,,RANGE_EXPANSION|VOLUME_EXPANSION|TRADING_VALUE_EXPANSION,SCALE_UNAVAILABLE,RIGHT_CENSORED,0,0,0,False,0,0,False,INHERITED_RAW_PRICE_BASIS,True,False
2025-08-14|60290,2025-08-14,60290,11:00,11:00,0,COMPLETE,5,0,DOWN,-1.1152416356877324,AVAILABLE,4.0,True,,,CHOPPINESS,UNRESOLVED_STRUCTURE,WINDOW_OBSERVED,0,0,1,False,0,0,False,INHERITED_RAW_PRICE_BASIS,False,False
2025-08-14|60290,2025-08-14,60290,11:00,11:05,5,COMPLETE,5,0,DOWN,-1.5037593984962405,AVAILABLE,4.0,True,,,,UNRESOLVED_STRUCTURE,WINDOW_OBSERVED,0,0,1,False,0,0,False,INHERITED_RAW_PRICE_BASIS,True,False
2025-08-14|60290,2025-08-14,60290,11:00,11:10,10,COMPLETE,5,0,DOWN,-0.3816793893129771,AVAILABLE,4.0,True,,RECOVERY,CHOPPINESS|RANGE_COMPRESSION,UNRESOLVED_STRUCTURE,WINDOW_OBSERVED,0,1,2,False,0,2,True,INHERITED_RAW_PRICE_BASIS,True,True
2025-08-14|60290,2025-08-14,60290,11:00,11:15,15,COMPLETE,5,0,UNCHANGED,0.0,AVAILABLE,4.0,True,,RECOVERY,RANGE_COMPRESSION|VOLUME_COMPRESSION|TRADING_VALUE_COMPRESSION,UNRESOLVED_STRUCTURE,WINDOW_OBSERVED,0,1,2,False,0,2,True,INHERITED_RAW_PRICE_BASIS,True,False
2025-08-14|60290,2025-08-14,60290,11:00,11:20,20,COMPLETE,5,0,UP,1.5267175572519085,AVAILABLE,4.0,True,,RECOVERY,RANGE_EXPANSION|VOLUME_EXPANSION|TRADING_VALUE_EXPANSION,UNRESOLVED_STRUCTURE,WINDOW_OBSERVED,0,0,2,False,0,0,True,INHERITED_RAW_PRICE_BASIS,True,False
2025-08-14|60290,2025-08-14,60290,11:00,11:25,25,COMPLETE,5,0,UP,1.8796992481203008,AVAILABLE,4.0,True,,,RANGE_EXPANSION|VOLUME_EXPANSION|TRADING_VALUE_EXPANSION,UNRESOLVED_STRUCTURE,WINDOW_OBSERVED,0,1,3,False,1,1,False,INHERITED_RAW_PRICE_BASIS,True,True
2025-08-14|60290,2025-08-14,60290,11:00,11:30,30,COMPLETE,5,0,DOWN,-1.1070110701107012,AVAILABLE,4.0,True,,,CHOPPINESS|RANGE_COMPRESSION|VOLUME_COMPRESSION|TRADING_VALUE_COMPRESSION,UNRESOLVED_STRUCTURE,WINDOW_OBSERVED,0,0,3,False,1,3,False,INHERITED_RAW_PRICE_BASIS,True,False
2025-08-14|60290,2025-08-14,60290,11:00,12:35,35,COMPLETE,5,0,UNCHANGED,0.0,AVAILABLE,4.0,True,,,,UNRESOLVED_STRUCTURE,WINDOW_OBSERVED,0,1,1,False,0,0,False,INHERITED_RAW_PRICE_BASIS,True,False
2025-08-14|60290,2025-08-14,60290,11:00,12:40,40,COMPLETE,5,0,DOWN,-0.7434944237918215,AVAILABLE,4.0,True,,,CHOPPINESS|VOLUME_EXPANSION|TRADING_VALUE_EXPANSION,UNRESOLVED_STRUCTURE,WINDOW_OBSERVED,0,0,1,False,0,0,False,INHERITED_RAW_PRICE_BASIS,True,False
2025-08-14|60290,2025-08-14,60290,11:00,12:45,45,COMPLETE,5,0,DOWN,-0.7518796992481203,AVAILABLE,4.0,True,,,CHOPPINESS,UNRESOLVED_STRUCTURE,WINDOW_OBSERVED,0,0,1,False,0,0,False,INHERITED_RAW_PRICE_BASIS,True,False
2025-08-14|60290,2025-08-14,60290,11:00,12:50,50,COMPLETE,5,0,UP,0.3787878787878788,AVAILABLE,4.0,True,,RECOVERY,CHOPPINESS,UNRESOLVED_STRUCTURE,OBSERVATION_INSUFFICIENT,1,0,2,False,0,0,True,INHERITED_RAW_PRICE_BASIS,True,True
2025-08-14|60290,2025-08-14,60290,11:00,12:55,55,COMPLETE,5,0,UP,0.7575757575757576,AVAILABLE,4.0,True,,RECOVERY,RANGE_COMPRESSION|VOLUME_COMPRESSION|TRADING_VALUE_COMPRESSION,UNRESOLVED_STRUCTURE,OBSERVATION_INSUFFICIENT,2,0,2,False,0,0,True,INHERITED_RAW_PRICE_BASIS,True,False
2025-08-14|60290,2025-08-14,60290,11:00,13:00,60,PARTIAL,4,1,,,AVAILABLE,4.0,True,,,,UNRESOLVED_STRUCTURE,OBSERVATION_INSUFFICIENT,1,0,0,False,0,0,False,INHERITED_RAW_PRICE_BASIS,False,False
2025-08-14|60290,2025-08-14,60290,11:00,13:05,65,PARTIAL,4,1,,,AVAILABLE,4.0,True,,,,UNRESOLVED_STRUCTURE,OBSERVATION_INSUFFICIENT,2,0,0,False,0,0,False,INHERITED_RAW_PRICE_BASIS,False,False
2025-08-14|60290,2025-08-14,60290,11:00,13:10,70,COMPLETE,5,0,DOWN,-0.746268656716418,AVAILABLE,4.0,True,,,,UNRESOLVED_STRUCTURE,OBSERVATION_INSUFFICIENT,4,0,0,False,0,0,False,INHERITED_RAW_PRICE_BASIS,False,False
2025-08-14|60290,2025-08-14,60290,11:00,13:15,75,PARTIAL,3,2,,,AVAILABLE,4.0,True,,,,CURRENT_BAR_UNAVAILABLE,OBSERVATION_INSUFFICIENT,2,0,0,False,0,0,False,INHERITED_RAW_PRICE_BASIS,False,False
2025-08-14|60290,2025-08-14,60290,11:00,13:20,80,PARTIAL,3,2,,,AVAILABLE,4.0,True,,,,UNRESOLVED_STRUCTURE,OBSERVATION_INSUFFICIENT,1,0,0,False,0,0,False,INHERITED_RAW_PRICE_BASIS,False,False
2025-08-14|60290,2025-08-14,60290,11:00,13:25,85,COMPLETE,5,0,UP,0.7518796992481203,AVAILABLE,4.0,True,,,,UNRESOLVED_STRUCTURE,OBSERVATION_INSUFFICIENT,1,0,0,False,0,0,False,INHERITED_RAW_PRICE_BASIS,False,False
2025-08-14|60290,2025-08-14,60290,11:00,13:30,90,PARTIAL,4,1,,,AVAILABLE,4.0,True,,,,UNRESOLVED_STRUCTURE,OBSERVATION_INSUFFICIENT,1,1,1,False,0,0,False,INHERITED_RAW_PRICE_BASIS,False,False
2025-08-14|60290,2025-08-14,60290,11:00,13:35,95,COMPLETE,5,0,UP,0.746268656716418,AVAILABLE,4.0,True,,,CHOPPINESS,UNRESOLVED_STRUCTURE,OBSERVATION_INSUFFICIENT,2,0,1,False,0,0,False,INHERITED_RAW_PRICE_BASIS,False,False
2025-08-14|60290,2025-08-14,60290,11:00,13:40,100,PARTIAL,4,1,,,AVAILABLE,4.0,True,,,,UNRESOLVED_STRUCTURE,OBSERVATION_INSUFFICIENT,1,0,0,False,0,0,False,INHERITED_RAW_PRICE_BASIS,False,False
2025-08-14|60290,2025-08-14,60290,11:00,13:45,105,PARTIAL,4,1,,,AVAILABLE,4.0,True,,,,CURRENT_BAR_UNAVAILABLE,OBSERVATION_INSUFFICIENT,2,0,0,False,0,0,False,INHERITED_RAW_PRICE_BASIS,False,False
2025-08-14|60290,2025-08-14,60290,11:00,13:50,110,COMPLETE,5,0,UP,1.486988847583643,AVAILABLE,4.0,True,,,,UNRESOLVED_STRUCTURE,OBSERVATION_INSUFFICIENT,3,0,1,False,0,0,False,INHERITED_RAW_PRICE_BASIS,False,False
2025-08-14|60290,2025-08-14,60290,11:00,13:55,115,PARTIAL,3,2,,,AVAILABLE,4.0,True,,,,CURRENT_BAR_UNAVAILABLE,OBSERVATION_INSUFFICIENT,2,0,0,False,0,0,False,INHERITED_RAW_PRICE_BASIS,False,False
2025-08-14|60290,2025-08-14,60290,11:00,14:00,120,PARTIAL,4,1,,,AVAILABLE,4.0,True,,,,UNRESOLVED_STRUCTURE,OBSERVATION_INSUFFICIENT,2,0,0,False,0,0,False,INHERITED_RAW_PRICE_BASIS,False,False
2025-08-14|60290,2025-08-14,60290,11:00,14:05,125,PARTIAL,4,1,,,AVAILABLE,4.0,True,,,,UNRESOLVED_STRUCTURE,OBSERVATION_INSUFFICIENT,2,0,0,False,0,0,False,INHERITED_RAW_PRICE_BASIS,False,False
2025-08-14|60290,2025-08-14,60290,11:00,14:10,130,PARTIAL,4,1,,,AVAILABLE,4.0,True,,,,UNRESOLVED_STRUCTURE,OBSERVATION_INSUFFICIENT,2,0,0,False,0,0,False,INHERITED_RAW_PRICE_BASIS,False,False
2025-08-14|60290,2025-08-14,60290,11:00,14:15,135,PARTIAL,4,1,,,AVAILABLE,4.0,True,,,,UNRESOLVED_STRUCTURE,OBSERVATION_INSUFFICIENT,1,0,0,False,0,0,False,INHERITED_RAW_PRICE_BASIS,False,False
2025-08-14|60290,2025-08-14,60290,11:00,14:20,140,PARTIAL,4,1,,,AVAILABLE,4.0,True,,,,CURRENT_BAR_UNAVAILABLE,OBSERVATION_INSUFFICIENT,2,0,0,False,0,0,False,INHERITED_RAW_PRICE_BASIS,False,False
2025-08-14|60290,2025-08-14,60290,11:00,14:25,145,COMPLETE,5,0,UP,0.7380073800738007,AVAILABLE,4.0,True,,,,UNRESOLVED_STRUCTURE,OBSERVATION_INSUFFICIENT,3,0,1,False,0,0,False,INHERITED_RAW_PRICE_BASIS,False,False
2025-08-14|60290,2025-08-14,60290,11:00,14:30,150,PARTIAL,3,2,,,AVAILABLE,4.0,True,,,,CURRENT_BAR_UNAVAILABLE,OBSERVATION_INSUFFICIENT,3,0,0,False,0,0,False,INHERITED_RAW_PRICE_BASIS,False,False
2025-08-14|60290,2025-08-14,60290,11:00,14:35,155,PARTIAL,4,1,,,AVAILABLE,4.0,True,,,,CURRENT_BAR_UNAVAILABLE,OBSERVATION_INSUFFICIENT,5,0,0,False,0,0,False,INHERITED_RAW_PRICE_BASIS,False,False
2025-08-14|60290,2025-08-14,60290,11:00,14:40,160,PARTIAL,3,2,,,AVAILABLE,4.0,True,,,,UNRESOLVED_STRUCTURE,OBSERVATION_INSUFFICIENT,7,0,0,False,0,0,False,INHERITED_RAW_PRICE_BASIS,False,False
2025-08-14|60290,2025-08-14,60290,11:00,14:45,165,PARTIAL,2,3,,,AVAILABLE,4.0,True,,,,CURRENT_BAR_UNAVAILABLE,OBSERVATION_INSUFFICIENT,4,0,0,False,0,0,False,INHERITED_RAW_PRICE_BASIS,False,False
2025-08-14|60290,2025-08-14,60290,11:00,14:50,170,PARTIAL,1,4,,,AVAILABLE,4.0,True,,,,CURRENT_BAR_UNAVAILABLE,WINDOW_OBSERVED,0,0,0,False,0,0,False,INHERITED_RAW_PRICE_BASIS,False,False
2025-08-14|60290,2025-08-14,60290,11:00,14:55,175,COMPLETE,5,0,DOWN,-0.7380073800738007,AVAILABLE,4.0,True,,,,UNRESOLVED_STRUCTURE,OBSERVATION_INSUFFICIENT,1,0,0,False,0,0,False,INHERITED_RAW_PRICE_BASIS,False,False
2025-08-14|60290,2025-08-14,60290,11:00,15:00,180,COMPLETE,5,0,UP,0.373134328358209,AVAILABLE,4.0,True,,,RANGE_COMPRESSION|VOLUME_COMPRESSION|TRADING_VALUE_COMPRESSION,UNRESOLVED_STRUCTURE,OBSERVATION_INSUFFICIENT,4,0,0,False,0,0,False,INHERITED_RAW_PRICE_BASIS,True,False
2025-08-14|60290,2025-08-14,60290,11:00,15:05,185,PARTIAL,4,1,,,AVAILABLE,4.0,True,,,,CURRENT_BAR_UNAVAILABLE,OBSERVATION_INSUFFICIENT,3,0,0,False,0,0,False,INHERITED_RAW_PRICE_BASIS,False,False
2025-08-14|60290,2025-08-14,60290,11:00,15:10,190,PARTIAL,2,3,,,AVAILABLE,4.0,True,,,,UNRESOLVED_STRUCTURE,WINDOW_OBSERVED,0,0,0,False,0,0,False,INHERITED_RAW_PRICE_BASIS,False,False
2025-08-14|60290,2025-08-14,60290,11:00,15:15,195,COMPLETE,5,0,DOWN,-0.7434944237918215,AVAILABLE,4.0,True,,,,UNRESOLVED_STRUCTURE,WINDOW_OBSERVED,0,1,1,False,0,0,False,INHERITED_RAW_PRICE_BASIS,False,False
2025-08-14|60290,2025-08-14,60290,11:00,15:20,200,COMPLETE,5,0,UP,2.6217228464419478,AVAILABLE,4.0,True,,,RANGE_EXPANSION|VOLUME_EXPANSION|TRADING_VALUE_EXPANSION,UNRESOLVED_STRUCTURE,RIGHT_CENSORED,0,0,1,False,0,0,False,INHERITED_RAW_PRICE_BASIS,True,False
2025-08-14|60290,2025-08-14,60290,11:00,15:25,205,COMPLETE,5,0,UP,2.5641025641025643,AVAILABLE,4.0,True,,,VOLUME_EXPANSION|TRADING_VALUE_EXPANSION,UNRESOLVED_STRUCTURE,RIGHT_CENSORED,0,0,1,False,0,0,False,INHERITED_RAW_PRICE_BASIS,True,False
2025-08-14|60340,2025-08-14,60340,11:30,11:30,0,UNAVAILABLE,0,5,,,SCALE_INSUFFICIENT,,True,,,,CURRENT_BAR_UNAVAILABLE,OBSERVATION_INSUFFICIENT,9,0,0,False,0,0,False,INHERITED_RAW_PRICE_BASIS,False,False
2025-08-14|60340,2025-08-14,60340,11:30,12:35,5,PARTIAL,1,4,,,SCALE_INSUFFICIENT,,True,,,,CURRENT_BAR_UNAVAILABLE,OBSERVATION_INSUFFICIENT,10,0,0,False,0,0,False,INHERITED_RAW_PRICE_BASIS,False,False
2025-08-14|60340,2025-08-14,60340,11:30,12:40,10,UNAVAILABLE,0,5,,,SCALE_INSUFFICIENT,,True,,,,CURRENT_BAR_UNAVAILABLE,OBSERVATION_INSUFFICIENT,10,0,0,False,0,0,False,INHERITED_RAW_PRICE_BASIS,False,False
2025-08-14|60340,2025-08-14,60340,11:30,12:45,15,UNAVAILABLE,0,5,,,SCALE_INSUFFICIENT,,True,,,,CURRENT_BAR_UNAVAILABLE,OBSERVATION_INSUFFICIENT,10,0,0,False,0,0,False,INHERITED_RAW_PRICE_BASIS,False,False
2025-08-14|60340,2025-08-14,60340,11:30,12:50,20,UNAVAILABLE,0,5,,,SCALE_INSUFFICIENT,,True,,,,CURRENT_BAR_UNAVAILABLE,OBSERVATION_INSUFFICIENT,10,0,0,False,0,0,False,INHERITED_RAW_PRICE_BASIS,False,False
2025-08-14|60340,2025-08-14,60340,11:30,12:55,25,UNAVAILABLE,0,5,,,SCALE_INSUFFICIENT,,True,,,,CURRENT_BAR_UNAVAILABLE,OBSERVATION_INSUFFICIENT,10,0,0,False,0,0,False,INHERITED_RAW_PRICE_BASIS,False,False
2025-08-14|60340,2025-08-14,60340,11:30,13:00,30,UNAVAILABLE,0,5,,,SCALE_INSUFFICIENT,,True,,,,CURRENT_BAR_UNAVAILABLE,OBSERVATION_INSUFFICIENT,10,0,0,False,0,0,False,INHERITED_RAW_PRICE_BASIS,False,False
2025-08-14|60340,2025-08-14,60340,11:30,13:05,35,UNAVAILABLE,0,5,,,SCALE_INSUFFICIENT,,True,,,,CURRENT_BAR_UNAVAILABLE,OBSERVATION_INSUFFICIENT,10,0,0,False,0,0,False,INHERITED_RAW_PRICE_BASIS,False,False
2025-08-14|60340,2025-08-14,60340,11:30,13:10,40,UNAVAILABLE,0,5,,,SCALE_INSUFFICIENT,,True,,,,CURRENT_BAR_UNAVAILABLE,OBSERVATION_INSUFFICIENT,10,0,0,False,0,0,False,INHERITED_RAW_PRICE_BASIS,False,False
2025-08-14|60340,2025-08-14,60340,11:30,13:15,45,UNAVAILABLE,0,5,,,SCALE_INSUFFICIENT,,True,,,,CURRENT_BAR_UNAVAILABLE,OBSERVATION_INSUFFICIENT,10,0,0,False,0,0,False,INHERITED_RAW_PRICE_BASIS,False,False
2025-08-14|60340,2025-08-14,60340,11:30,13:20,50,UNAVAILABLE,0,5,,,SCALE_INSUFFICIENT,,True,,,,CURRENT_BAR_UNAVAILABLE,OBSERVATION_INSUFFICIENT,10,0,0,False,0,0,False,INHERITED_RAW_PRICE_BASIS,False,False
2025-08-14|60340,2025-08-14,60340,11:30,13:25,55,UNAVAILABLE,0,5,,,SCALE_INSUFFICIENT,,True,,,,CURRENT_BAR_UNAVAILABLE,OBSERVATION_INSUFFICIENT,10,0,0,False,0,0,False,INHERITED_RAW_PRICE_BASIS,False,False
2025-08-14|60340,2025-08-14,60340,11:30,13:30,60,UNAVAILABLE,0,5,,,SCALE_INSUFFICIENT,,True,,,,CURRENT_BAR_UNAVAILABLE,OBSERVATION_INSUFFICIENT,10,0,0,False,0,0,False,INHERITED_RAW_PRICE_BASIS,False,False
2025-08-14|60340,2025-08-14,60340,11:30,13:35,65,UNAVAILABLE,0,5,,,SCALE_INSUFFICIENT,,True,,,,CURRENT_BAR_UNAVAILABLE,OBSERVATION_INSUFFICIENT,10,0,0,False,0,0,False,INHERITED_RAW_PRICE_BASIS,False,False
2025-08-14|60340,2025-08-14,60340,11:30,13:40,70,UNAVAILABLE,0,5,,,SCALE_INSUFFICIENT,,True,,,,CURRENT_BAR_UNAVAILABLE,OBSERVATION_INSUFFICIENT,10,0,0,False,0,0,False,INHERITED_RAW_PRICE_BASIS,False,False
2025-08-14|60340,2025-08-14,60340,11:30,13:45,75,UNAVAILABLE,0,5,,,SCALE_INSUFFICIENT,,True,,,,CURRENT_BAR_UNAVAILABLE,OBSERVATION_INSUFFICIENT,10,0,0,False,0,0,False,INHERITED_RAW_PRICE_BASIS,False,False
2025-08-14|60340,2025-08-14,60340,11:30,13:50,80,UNAVAILABLE,0,5,,,SCALE_INSUFFICIENT,,True,,,,CURRENT_BAR_UNAVAILABLE,OBSERVATION_INSUFFICIENT,10,0,0,False,0,0,False,INHERITED_RAW_PRICE_BASIS,False,False
2025-08-14|60340,2025-08-14,60340,11:30,13:55,85,UNAVAILABLE,0,5,,,SCALE_INSUFFICIENT,,True,,,,CURRENT_BAR_UNAVAILABLE,OBSERVATION_INSUFFICIENT,10,0,0,False,0,0,False,INHERITED_RAW_PRICE_BASIS,False,False
2025-08-14|60340,2025-08-14,60340,11:30,14:00,90,UNAVAILABLE,0,5,,,SCALE_INSUFFICIENT,,True,,,,CURRENT_BAR_UNAVAILABLE,OBSERVATION_INSUFFICIENT,10,0,0,False,0,0,False,INHERITED_RAW_PRICE_BASIS,False,False
2025-08-14|60340,2025-08-14,60340,11:30,14:05,95,UNAVAILABLE,0,5,,,SCALE_INSUFFICIENT,,True,,,,CURRENT_BAR_UNAVAILABLE,OBSERVATION_INSUFFICIENT,10,0,0,False,0,0,False,INHERITED_RAW_PRICE_BASIS,False,False
2025-08-14|60340,2025-08-14,60340,11:30,14:10,100,UNAVAILABLE,0,5,,,SCALE_INSUFFICIENT,,True,,,,CURRENT_BAR_UNAVAILABLE,OBSERVATION_INSUFFICIENT,10,0,0,False,0,0,False,INHERITED_RAW_PRICE_BASIS,False,False
2025-08-14|60340,2025-08-14,60340,11:30,14:15,105,UNAVAILABLE,0,5,,,SCALE_INSUFFICIENT,,True,,,,CURRENT_BAR_UNAVAILABLE,OBSERVATION_INSUFFICIENT,10,0,0,False,0,0,False,INHERITED_RAW_PRICE_BASIS,False,False
2025-08-14|60340,2025-08-14,60340,11:30,14:20,110,UNAVAILABLE,0,5,,,SCALE_INSUFFICIENT,,True,,,,CURRENT_BAR_UNAVAILABLE,OBSERVATION_INSUFFICIENT,9,0,0,False,0,0,False,INHERITED_RAW_PRICE_BASIS,False,False
2025-08-14|60340,2025-08-14,60340,11:30,14:25,115,UNAVAILABLE,0,5,,,SCALE_INSUFFICIENT,,True,,,,CURRENT_BAR_UNAVAILABLE,OBSERVATION_INSUFFICIENT,8,0,0,False,0,0,False,INHERITED_RAW_PRICE_BASIS,False,False
2025-08-14|60340,2025-08-14,60340,11:30,14:30,120,PARTIAL,1,4,,,SCALE_INSUFFICIENT,,True,,,,CURRENT_BAR_UNAVAILABLE,OBSERVATION_INSUFFICIENT,9,0,0,False,0,0,False,INHERITED_RAW_PRICE_BASIS,False,False
2025-08-14|60340,2025-08-14,60340,11:30,14:35,125,PARTIAL,1,4,,,SCALE_INSUFFICIENT,,True,,,,CURRENT_BAR_UNAVAILABLE,OBSERVATION_INSUFFICIENT,10,0,0,False,0,0,False,INHERITED_RAW_PRICE_BASIS,False,False
2025-08-14|60340,2025-08-14,60340,11:30,14:40,130,UNAVAILABLE,0,5,,,SCALE_INSUFFICIENT,,True,,,,CURRENT_BAR_UNAVAILABLE,OBSERVATION_INSUFFICIENT,10,0,0,False,0,0,False,INHERITED_RAW_PRICE_BASIS,False,False
2025-08-14|60340,2025-08-14,60340,11:30,14:45,135,UNAVAILABLE,0,5,,,SCALE_INSUFFICIENT,,True,,,,CURRENT_BAR_UNAVAILABLE,OBSERVATION_INSUFFICIENT,10,0,0,False,0,0,False,INHERITED_RAW_PRICE_BASIS,False,False
2025-08-14|60340,2025-08-14,60340,11:30,14:50,140,UNAVAILABLE,0,5,,,SCALE_INSUFFICIENT,,True,,,,CURRENT_BAR_UNAVAILABLE,OBSERVATION_INSUFFICIENT,10,0,0,False,0,0,False,INHERITED_RAW_PRICE_BASIS,False,False
2025-08-14|60340,2025-08-14,60340,11:30,14:55,145,UNAVAILABLE,0,5,,,SCALE_INSUFFICIENT,,True,,,,CURRENT_BAR_UNAVAILABLE,OBSERVATION_INSUFFICIENT,10,0,0,False,0,0,False,INHERITED_RAW_PRICE_BASIS,False,False
2025-08-14|60340,2025-08-14,60340,11:30,15:00,150,UNAVAILABLE,0,5,,,SCALE_INSUFFICIENT,,True,,,,CURRENT_BAR_UNAVAILABLE,OBSERVATION_INSUFFICIENT,10,0,0,False,0,0,False,INHERITED_RAW_PRICE_BASIS,False,False
2025-08-14|60340,2025-08-14,60340,11:30,15:05,155,UNAVAILABLE,0,5,,,SCALE_INSUFFICIENT,,True,,,,CURRENT_BAR_UNAVAILABLE,OBSERVATION_INSUFFICIENT,10,0,0,False,0,0,False,INHERITED_RAW_PRICE_BASIS,False,False
2025-08-14|60340,2025-08-14,60340,11:30,15:10,160,UNAVAILABLE,0,5,,,SCALE_INSUFFICIENT,,True,,,,CURRENT_BAR_UNAVAILABLE,OBSERVATION_INSUFFICIENT,10,0,0,False,0,0,False,INHERITED_RAW_PRICE_BASIS,False,False
2025-08-14|60340,2025-08-14,60340,11:30,15:15,165,UNAVAILABLE,0,5,,,SCALE_INSUFFICIENT,,True,,,,CURRENT_BAR_UNAVAILABLE,OBSERVATION_INSUFFICIENT,10,0,0,False,0,0,False,INHERITED_RAW_PRICE_BASIS,False,False
2025-08-14|60340,2025-08-14,60340,11:30,15:20,170,UNAVAILABLE,0,5,,,SCALE_INSUFFICIENT,,True,,,,CURRENT_BAR_UNAVAILABLE,RIGHT_CENSORED,5,0,0,False,0,0,False,INHERITED_RAW_PRICE_BASIS,False,False
2025-08-14|60340,2025-08-14,60340,11:30,15:25,175,UNAVAILABLE,0,5,,,SCALE_INSUFFICIENT,,True,,,,CURRENT_BAR_UNAVAILABLE,RIGHT_CENSORED,0,0,0,False,0,0,False,INHERITED_RAW_PRICE_BASIS,False,False
2025-08-14|65630,2025-08-14,65630,15:00,15:00,0,PARTIAL,1,4,,,SCALE_INSUFFICIENT,,True,,,,CURRENT_BAR_UNAVAILABLE,OBSERVATION_INSUFFICIENT,4,0,0,False,0,0,False,INHERITED_RAW_PRICE_BASIS,False,False
2025-08-14|65630,2025-08-14,65630,15:00,15:05,5,PARTIAL,3,2,,,SCALE_INSUFFICIENT,,True,,,,SCALE_UNAVAILABLE,OBSERVATION_INSUFFICIENT,5,0,0,False,0,0,False,INHERITED_RAW_PRICE_BASIS,False,False
2025-08-14|65630,2025-08-14,65630,15:00,15:10,10,PARTIAL,3,2,,,SCALE_INSUFFICIENT,,True,,,,SCALE_UNAVAILABLE,OBSERVATION_INSUFFICIENT,3,0,0,False,1,0,False,INHERITED_RAW_PRICE_BASIS,False,False
2025-08-14|65630,2025-08-14,65630,15:00,15:15,15,PARTIAL,2,3,,,SCALE_INSUFFICIENT,,True,,,,CURRENT_BAR_UNAVAILABLE,OBSERVATION_INSUFFICIENT,4,0,0,False,1,1,False,INHERITED_RAW_PRICE_BASIS,False,False
2025-08-14|65630,2025-08-14,65630,15:00,15:20,20,COMPLETE,5,0,UP,0.15873015873015872,SCALE_INSUFFICIENT,,True,,,,SCALE_UNAVAILABLE,RIGHT_CENSORED,4,0,0,False,0,0,False,INHERITED_RAW_PRICE_BASIS,False,False
2025-08-14|65630,2025-08-14,65630,15:00,15:25,25,PARTIAL,1,4,,,SCALE_INSUFFICIENT,,True,,,,CURRENT_BAR_UNAVAILABLE,RIGHT_CENSORED,0,0,0,False,0,0,False,INHERITED_RAW_PRICE_BASIS,False,False
2025-08-14|70710,2025-08-14,70710,10:00,10:00,0,COMPLETE,5,0,DOWN,-2.2666666666666666,PREVIOUS_CONTEXT_UNAVAILABLE,,True,,,,SCALE_UNAVAILABLE,WINDOW_OBSERVED,0,0,0,False,4,0,False,INHERITED_RAW_PRICE_BASIS,False,False
2025-08-14|70710,2025-08-14,70710,10:00,10:05,5,COMPLETE,5,0,UP,0.4087193460490463,PREVIOUS_CONTEXT_UNAVAILABLE,,True,,,RANGE_COMPRESSION|VOLUME_COMPRESSION|TRADING_VALUE_COMPRESSION,SCALE_UNAVAILABLE,WINDOW_OBSERVED,0,0,0,False,0,0,False,INHERITED_RAW_PRICE_BASIS,True,False
2025-08-14|70710,2025-08-14,70710,10:00,10:10,10,COMPLETE,5,0,UP,1.0854816824966078,PREVIOUS_CONTEXT_UNAVAILABLE,,True,,,,SCALE_UNAVAILABLE,WINDOW_OBSERVED,0,0,0,False,0,0,False,INHERITED_RAW_PRICE_BASIS,True,False
2025-08-14|70710,2025-08-14,70710,10:00,10:15,15,COMPLETE,5,0,DOWN,-0.5361930294906166,PREVIOUS_CONTEXT_UNAVAILABLE,,True,,,RANGE_COMPRESSION|VOLUME_COMPRESSION|TRADING_VALUE_COMPRESSION,SCALE_UNAVAILABLE,WINDOW_OBSERVED,0,0,0,False,0,0,False,INHERITED_RAW_PRICE_BASIS,True,False
2025-08-14|70710,2025-08-14,70710,10:00,10:20,20,COMPLETE,5,0,DOWN,-1.752021563342318,PREVIOUS_CONTEXT_UNAVAILABLE,,True,,,RANGE_EXPANSION|VOLUME_EXPANSION|TRADING_VALUE_EXPANSION,SCALE_UNAVAILABLE,WINDOW_OBSERVED,0,0,0,False,3,0,False,INHERITED_RAW_PRICE_BASIS,True,False
2025-08-14|70710,2025-08-14,70710,10:00,10:25,25,COMPLETE,5,0,UNCHANGED,0.0,PREVIOUS_CONTEXT_UNAVAILABLE,,True,,,RANGE_EXPANSION|VOLUME_EXPANSION|TRADING_VALUE_EXPANSION,SCALE_UNAVAILABLE,WINDOW_OBSERVED,0,0,0,False,8,8,False,INHERITED_RAW_PRICE_BASIS,True,False
2025-08-14|70710,2025-08-14,70710,10:00,10:30,30,COMPLETE,5,0,UP,5.349794238683128,PREVIOUS_CONTEXT_UNAVAILABLE,,True,,,,SCALE_UNAVAILABLE,WINDOW_OBSERVED,0,0,0,False,0,0,False,INHERITED_RAW_PRICE_BASIS,True,False
2025-08-14|70710,2025-08-14,70710,10:00,10:35,35,COMPLETE,5,0,DOWN,-1.6905071521456436,PREVIOUS_CONTEXT_UNAVAILABLE,,True,,,VOLUME_COMPRESSION|TRADING_VALUE_COMPRESSION,SCALE_UNAVAILABLE,WINDOW_OBSERVED,0,0,0,False,0,0,False,INHERITED_RAW_PRICE_BASIS,True,False
2025-08-14|70710,2025-08-14,70710,10:00,10:40,40,COMPLETE,5,0,DOWN,-1.9841269841269842,PREVIOUS_CONTEXT_UNAVAILABLE,,True,,,,SCALE_UNAVAILABLE,WINDOW_OBSERVED,0,0,0,False,0,0,False,INHERITED_RAW_PRICE_BASIS,True,False
2025-08-14|70710,2025-08-14,70710,10:00,10:45,45,COMPLETE,5,0,UNCHANGED,0.0,PREVIOUS_CONTEXT_UNAVAILABLE,,True,,,RANGE_COMPRESSION|VOLUME_COMPRESSION|TRADING_VALUE_COMPRESSION,SCALE_UNAVAILABLE,WINDOW_OBSERVED,0,0,0,False,0,0,False,INHERITED_RAW_PRICE_BASIS,True,False
2025-08-14|70710,2025-08-14,70710,10:00,10:50,50,COMPLETE,5,0,DOWN,-0.4048582995951417,PREVIOUS_CONTEXT_UNAVAILABLE,,True,,,,SCALE_UNAVAILABLE,WINDOW_OBSERVED,0,0,0,False,0,0,False,INHERITED_RAW_PRICE_BASIS,True,False
2025-08-14|70710,2025-08-14,70710,10:00,10:55,55,COMPLETE,5,0,DOWN,-0.27100271002710025,PREVIOUS_CONTEXT_UNAVAILABLE,,True,,,RANGE_COMPRESSION|VOLUME_COMPRESSION|TRADING_VALUE_COMPRESSION,SCALE_UNAVAILABLE,WINDOW_OBSERVED,0,0,0,False,0,0,False,INHERITED_RAW_PRICE_BASIS,True,False
2025-08-14|70710,2025-08-14,70710,10:00,11:00,60,COMPLETE,5,0,DOWN,-0.9510869565217391,PREVIOUS_CONTEXT_UNAVAILABLE,,True,,,RANGE_EXPANSION|VOLUME_EXPANSION|TRADING_VALUE_EXPANSION,SCALE_UNAVAILABLE,WINDOW_OBSERVED,0,0,0,False,0,0,False,INHERITED_RAW_PRICE_BASIS,True,False
2025-08-14|70710,2025-08-14,70710,10:00,11:05,65,COMPLETE,5,0,UP,1.098901098901099,PREVIOUS_CONTEXT_UNAVAILABLE,,True,,,,SCALE_UNAVAILABLE,WINDOW_OBSERVED,0,0,0,False,0,0,False,INHERITED_RAW_PRICE_BASIS,True,False
2025-08-14|70710,2025-08-14,70710,10:00,11:10,70,COMPLETE,5,0,UP,0.4076086956521739,PREVIOUS_CONTEXT_UNAVAILABLE,,True,,,RANGE_COMPRESSION,SCALE_UNAVAILABLE,WINDOW_OBSERVED,0,0,0,False,0,0,False,INHERITED_RAW_PRICE_BASIS,True,False
2025-08-14|70710,2025-08-14,70710,10:00,11:15,75,COMPLETE,5,0,DOWN,-0.40540540540540543,PREVIOUS_CONTEXT_UNAVAILABLE,,True,,,,SCALE_UNAVAILABLE,WINDOW_OBSERVED,0,0,0,False,0,0,False,INHERITED_RAW_PRICE_BASIS,True,False
2025-08-14|70710,2025-08-14,70710,10:00,11:20,80,COMPLETE,5,0,UNCHANGED,0.0,PREVIOUS_CONTEXT_UNAVAILABLE,,True,,,VOLUME_EXPANSION|TRADING_VALUE_EXPANSION,SCALE_UNAVAILABLE,WINDOW_OBSERVED,0,0,0,False,0,0,False,INHERITED_RAW_PRICE_BASIS,True,False
2025-08-14|70710,2025-08-14,70710,10:00,11:25,85,COMPLETE,5,0,DOWN,-1.0869565217391304,PREVIOUS_CONTEXT_UNAVAILABLE,,True,,,RANGE_EXPANSION|VOLUME_EXPANSION|TRADING_VALUE_EXPANSION,SCALE_UNAVAILABLE,WINDOW_OBSERVED,0,0,0,False,0,0,False,INHERITED_RAW_PRICE_BASIS,True,False
2025-08-14|70710,2025-08-14,70710,10:00,11:30,90,COMPLETE,5,0,UP,0.6858710562414266,PREVIOUS_CONTEXT_UNAVAILABLE,,True,,,VOLUME_COMPRESSION|TRADING_VALUE_COMPRESSION,SCALE_UNAVAILABLE,WINDOW_OBSERVED,0,0,0,False,0,0,False,INHERITED_RAW_PRICE_BASIS,True,False
2025-08-14|70710,2025-08-14,70710,10:00,12:35,95,COMPLETE,5,0,DOWN,-0.948509485094851,PREVIOUS_CONTEXT_UNAVAILABLE,,True,,,,SCALE_UNAVAILABLE,WINDOW_OBSERVED,0,0,0,False,0,0,False,INHERITED_RAW_PRICE_BASIS,True,False
2025-08-14|70710,2025-08-14,70710,10:00,12:40,100,COMPLETE,5,0,DOWN,-0.27359781121751026,PREVIOUS_CONTEXT_UNAVAILABLE,,True,,,VOLUME_COMPRESSION|TRADING_VALUE_COMPRESSION,SCALE_UNAVAILABLE,WINDOW_OBSERVED,0,0,0,False,0,0,False,INHERITED_RAW_PRICE_BASIS,True,False
2025-08-14|70710,2025-08-14,70710,10:00,12:45,105,COMPLETE,5,0,DOWN,-0.5494505494505495,PREVIOUS_CONTEXT_UNAVAILABLE,,True,,,,SCALE_UNAVAILABLE,WINDOW_OBSERVED,0,0,0,False,9,6,False,INHERITED_RAW_PRICE_BASIS,True,False
2025-08-14|70710,2025-08-14,70710,10:00,12:50,110,COMPLETE,5,0,DOWN,-0.13812154696132597,PREVIOUS_CONTEXT_UNAVAILABLE,,True,,,VOLUME_EXPANSION|TRADING_VALUE_EXPANSION,SCALE_UNAVAILABLE,WINDOW_OBSERVED,0,0,0,False,6,3,False,INHERITED_RAW_PRICE_BASIS,True,False
2025-08-14|70710,2025-08-14,70710,10:00,12:55,115,COMPLETE,5,0,UP,1.5214384508990317,PREVIOUS_CONTEXT_UNAVAILABLE,,True,,,VOLUME_COMPRESSION|TRADING_VALUE_COMPRESSION,SCALE_UNAVAILABLE,WINDOW_OBSERVED,0,0,0,False,9,9,False,INHERITED_RAW_PRICE_BASIS,True,False
2025-08-14|70710,2025-08-14,70710,10:00,13:00,120,COMPLETE,5,0,UNCHANGED,0.0,PREVIOUS_CONTEXT_UNAVAILABLE,,True,,,,SCALE_UNAVAILABLE,WINDOW_OBSERVED,0,0,0,False,0,0,False,INHERITED_RAW_PRICE_BASIS,True,False
2025-08-14|70710,2025-08-14,70710,10:00,13:05,125,COMPLETE,5,0,UP,0.6802721088435374,PREVIOUS_CONTEXT_UNAVAILABLE,,True,,,VOLUME_COMPRESSION|TRADING_VALUE_COMPRESSION,SCALE_UNAVAILABLE,WINDOW_OBSERVED,0,0,0,False,0,0,False,INHERITED_RAW_PRICE_BASIS,True,False
2025-08-14|70710,2025-08-14,70710,10:00,13:10,130,COMPLETE,5,0,DOWN,-0.2699055330634278,PREVIOUS_CONTEXT_UNAVAILABLE,,True,,,RANGE_COMPRESSION,SCALE_UNAVAILABLE,WINDOW_OBSERVED,0,0,0,False,0,0,False,INHERITED_RAW_PRICE_BASIS,True,False
2025-08-14|70710,2025-08-14,70710,10:00,13:15,135,COMPLETE,5,0,DOWN,-0.8130081300813008,PREVIOUS_CONTEXT_UNAVAILABLE,,True,,,RANGE_EXPANSION|VOLUME_EXPANSION|TRADING_VALUE_EXPANSION,SCALE_UNAVAILABLE,WINDOW_OBSERVED,0,0,0,False,0,0,False,INHERITED_RAW_PRICE_BASIS,True,False
2025-08-14|70710,2025-08-14,70710,10:00,13:20,140,COMPLETE,5,0,UP,0.273224043715847,PREVIOUS_CONTEXT_UNAVAILABLE,,True,,,RANGE_COMPRESSION|VOLUME_COMPRESSION|TRADING_VALUE_COMPRESSION,SCALE_UNAVAILABLE,WINDOW_OBSERVED,0,0,0,False,0,0,False,INHERITED_RAW_PRICE_BASIS,True,False
2025-08-14|70710,2025-08-14,70710,10:00,13:25,145,COMPLETE,5,0,DOWN,-0.40816326530612246,PREVIOUS_CONTEXT_UNAVAILABLE,,True,,,VOLUME_COMPRESSION|TRADING_VALUE_COMPRESSION,SCALE_UNAVAILABLE,WINDOW_OBSERVED,0,0,0,False,0,0,False,INHERITED_RAW_PRICE_BASIS,True,False
2025-08-14|70710,2025-08-14,70710,10:00,13:30,150,COMPLETE,5,0,UP,0.5471956224350205,PREVIOUS_CONTEXT_UNAVAILABLE,,True,,,,SCALE_UNAVAILABLE,WINDOW_OBSERVED,0,0,0,False,0,0,False,INHERITED_RAW_PRICE_BASIS,True,False
2025-08-14|70710,2025-08-14,70710,10:00,13:35,155,COMPLETE,5,0,DOWN,-0.272108843537415,PREVIOUS_CONTEXT_UNAVAILABLE,,True,,,,SCALE_UNAVAILABLE,WINDOW_OBSERVED,0,0,0,False,0,0,False,INHERITED_RAW_PRICE_BASIS,True,False
2025-08-14|70710,2025-08-14,70710,10:00,13:40,160,COMPLETE,5,0,UP,0.2728512960436562,PREVIOUS_CONTEXT_UNAVAILABLE,,True,,,VOLUME_COMPRESSION|TRADING_VALUE_COMPRESSION,SCALE_UNAVAILABLE,WINDOW_OBSERVED,0,0,0,False,0,0,False,INHERITED_RAW_PRICE_BASIS,True,False
2025-08-14|70710,2025-08-14,70710,10:00,13:45,165,COMPLETE,5,0,DOWN,-1.2244897959183674,PREVIOUS_CONTEXT_UNAVAILABLE,,True,,,RANGE_EXPANSION|VOLUME_EXPANSION|TRADING_VALUE_EXPANSION,SCALE_UNAVAILABLE,WINDOW_OBSERVED,0,0,0,False,6,3,False,INHERITED_RAW_PRICE_BASIS,True,False
2025-08-14|70710,2025-08-14,70710,10:00,13:50,170,COMPLETE,5,0,DOWN,-0.6887052341597796,PREVIOUS_CONTEXT_UNAVAILABLE,,True,,,VOLUME_COMPRESSION|TRADING_VALUE_COMPRESSION,SCALE_UNAVAILABLE,WINDOW_OBSERVED,0,0,0,False,3,3,False,INHERITED_RAW_PRICE_BASIS,True,False
2025-08-14|70710,2025-08-14,70710,10:00,13:55,175,COMPLETE,5,0,UNCHANGED,0.0,PREVIOUS_CONTEXT_UNAVAILABLE,,True,,,,SCALE_UNAVAILABLE,WINDOW_OBSERVED,0,0,0,False,0,0,False,INHERITED_RAW_PRICE_BASIS,True,False
2025-08-14|70710,2025-08-14,70710,10:00,14:00,180,COMPLETE,5,0,DOWN,-0.2777777777777778,PREVIOUS_CONTEXT_UNAVAILABLE,,True,,,,SCALE_UNAVAILABLE,WINDOW_OBSERVED,0,0,0,False,0,0,False,INHERITED_RAW_PRICE_BASIS,True,False
2025-08-14|70710,2025-08-14,70710,10:00,14:05,185,COMPLETE,5,0,UP,0.27816411682892905,PREVIOUS_CONTEXT_UNAVAILABLE,,True,,,VOLUME_EXPANSION|TRADING_VALUE_EXPANSION,SCALE_UNAVAILABLE,WINDOW_OBSERVED,0,0,0,False,3,0,False,INHERITED_RAW_PRICE_BASIS,True,False
2025-08-14|70710,2025-08-14,70710,10:00,14:10,190,COMPLETE,5,0,DOWN,-0.4155124653739612,PREVIOUS_CONTEXT_UNAVAILABLE,,True,,,RANGE_COMPRESSION,SCALE_UNAVAILABLE,WINDOW_OBSERVED,0,0,0,False,0,0,False,INHERITED_RAW_PRICE_BASIS,True,False
2025-08-14|70710,2025-08-14,70710,10:00,14:15,195,COMPLETE,5,0,DOWN,-0.6963788300835655,PREVIOUS_CONTEXT_UNAVAILABLE,,True,,,VOLUME_EXPANSION|TRADING_VALUE_EXPANSION,SCALE_UNAVAILABLE,WINDOW_OBSERVED,0,0,0,False,0,0,False,INHERITED_RAW_PRICE_BASIS,True,False
2025-08-14|70710,2025-08-14,70710,10:00,14:20,200,COMPLETE,5,0,DOWN,-0.1402524544179523,PREVIOUS_CONTEXT_UNAVAILABLE,,True,,,RANGE_COMPRESSION|VOLUME_COMPRESSION|TRADING_VALUE_COMPRESSION,SCALE_UNAVAILABLE,WINDOW_OBSERVED,0,0,0,False,0,0,False,INHERITED_RAW_PRICE_BASIS,True,False
2025-08-14|70710,2025-08-14,70710,10:00,14:25,205,COMPLETE,5,0,DOWN,-0.42134831460674155,PREVIOUS_CONTEXT_UNAVAILABLE,,True,,,RANGE_EXPANSION|VOLUME_EXPANSION|TRADING_VALUE_EXPANSION,SCALE_UNAVAILABLE,WINDOW_OBSERVED,0,0,0,False,0,0,False,INHERITED_RAW_PRICE_BASIS,True,False
2025-08-14|70710,2025-08-14,70710,10:00,14:30,210,COMPLETE,5,0,UP,0.14084507042253522,PREVIOUS_CONTEXT_UNAVAILABLE,,True,,,RANGE_COMPRESSION|VOLUME_COMPRESSION|TRADING_VALUE_COMPRESSION,SCALE_UNAVAILABLE,WINDOW_OBSERVED,0,0,0,False,0,0,False,INHERITED_RAW_PRICE_BASIS,True,False
2025-08-14|70710,2025-08-14,70710,10:00,14:35,215,COMPLETE,5,0,UP,0.14064697609001406,PREVIOUS_CONTEXT_UNAVAILABLE,,True,,,,SCALE_UNAVAILABLE,WINDOW_OBSERVED,0,0,0,False,0,0,False,INHERITED_RAW_PRICE_BASIS,True,False
2025-08-14|70710,2025-08-14,70710,10:00,14:40,220,COMPLETE,5,0,UP,0.1404494382022472,PREVIOUS_CONTEXT_UNAVAILABLE,,True,,,,SCALE_UNAVAILABLE,WINDOW_OBSERVED,0,0,0,False,0,0,False,INHERITED_RAW_PRICE_BASIS,True,False
2025-08-14|70710,2025-08-14,70710,10:00,14:45,225,COMPLETE,5,0,DOWN,-0.8415147265077139,PREVIOUS_CONTEXT_UNAVAILABLE,,True,,,RANGE_EXPANSION|VOLUME_EXPANSION|TRADING_VALUE_EXPANSION,SCALE_UNAVAILABLE,WINDOW_OBSERVED,0,0,0,False,0,0,False,INHERITED_RAW_PRICE_BASIS,True,False
2025-08-14|70710,2025-08-14,70710,10:00,14:50,230,COMPLETE,5,0,DOWN,-0.2828854314002829,PREVIOUS_CONTEXT_UNAVAILABLE,,True,,,RANGE_COMPRESSION|VOLUME_COMPRESSION|TRADING_VALUE_COMPRESSION,SCALE_UNAVAILABLE,WINDOW_OBSERVED,0,0,0,False,0,0,False,INHERITED_RAW_PRICE_BASIS,True,False
2025-08-14|70710,2025-08-14,70710,10:00,14:55,235,COMPLETE,5,0,UP,0.8498583569405099,PREVIOUS_CONTEXT_UNAVAILABLE,,True,,,RANGE_EXPANSION|VOLUME_EXPANSION|TRADING_VALUE_EXPANSION,SCALE_UNAVAILABLE,WINDOW_OBSERVED,0,0,0,False,0,0,False,INHERITED_RAW_PRICE_BASIS,True,False
2025-08-14|70710,2025-08-14,70710,10:00,15:00,240,COMPLETE,5,0,DOWN,-0.5617977528089888,PREVIOUS_CONTEXT_UNAVAILABLE,,True,,,,SCALE_UNAVAILABLE,WINDOW_OBSERVED,0,0,0,False,0,0,False,INHERITED_RAW_PRICE_BASIS,True,False
2025-08-14|70710,2025-08-14,70710,10:00,15:05,245,COMPLETE,5,0,DOWN,-0.4231311706629055,PREVIOUS_CONTEXT_UNAVAILABLE,,True,,,RANGE_COMPRESSION|VOLUME_COMPRESSION|TRADING_VALUE_COMPRESSION,SCALE_UNAVAILABLE,WINDOW_OBSERVED,0,0,0,False,0,0,False,INHERITED_RAW_PRICE_BASIS,True,False
2025-08-14|70710,2025-08-14,70710,10:00,15:10,250,COMPLETE,5,0,DOWN,-0.4243281471004243,PREVIOUS_CONTEXT_UNAVAILABLE,,True,,,VOLUME_EXPANSION|TRADING_VALUE_EXPANSION,SCALE_UNAVAILABLE,WINDOW_OBSERVED,0,0,0,False,2,1,False,INHERITED_RAW_PRICE_BASIS,True,False
2025-08-14|70710,2025-08-14,70710,10:00,15:15,255,COMPLETE,5,0,DOWN,-0.2840909090909091,PREVIOUS_CONTEXT_UNAVAILABLE,,True,,,VOLUME_COMPRESSION|TRADING_VALUE_COMPRESSION,SCALE_UNAVAILABLE,WINDOW_OBSERVED,0,0,0,False,0,0,False,INHERITED_RAW_PRICE_BASIS,True,False
2025-08-14|70710,2025-08-14,70710,10:00,15:20,260,COMPLETE,5,0,UP,0.42735042735042733,PREVIOUS_CONTEXT_UNAVAILABLE,,True,,,VOLUME_EXPANSION|TRADING_VALUE_EXPANSION,SCALE_UNAVAILABLE,RIGHT_CENSORED,0,0,0,False,0,0,False,INHERITED_RAW_PRICE_BASIS,True,False
2025-08-14|70710,2025-08-14,70710,10:00,15:25,265,COMPLETE,5,0,DOWN,-0.28368794326241137,PREVIOUS_CONTEXT_UNAVAILABLE,,True,,,,SCALE_UNAVAILABLE,RIGHT_CENSORED,0,0,0,False,1,0,False,INHERITED_RAW_PRICE_BASIS,True,False
2025-08-14|78780,2025-08-14,78780,13:30,13:30,0,PARTIAL,1,4,,,AVAILABLE,38.0,True,,,,UNRESOLVED_STRUCTURE,OBSERVATION_INSUFFICIENT,7,0,0,False,1,0,False,INHERITED_RAW_PRICE_BASIS,False,False
2025-08-14|78780,2025-08-14,78780,13:30,13:35,5,PARTIAL,2,3,,,AVAILABLE,38.0,True,,,,CURRENT_BAR_UNAVAILABLE,OBSERVATION_INSUFFICIENT,8,0,0,False,0,1,False,INHERITED_RAW_PRICE_BASIS,False,False
2025-08-14|78780,2025-08-14,78780,13:30,13:40,10,PARTIAL,1,4,,,AVAILABLE,38.0,True,,,,CURRENT_BAR_UNAVAILABLE,OBSERVATION_INSUFFICIENT,8,0,0,False,1,0,False,INHERITED_RAW_PRICE_BASIS,False,False
2025-08-14|78780,2025-08-14,78780,13:30,13:45,15,PARTIAL,1,4,,,AVAILABLE,38.0,True,,,,CURRENT_BAR_UNAVAILABLE,OBSERVATION_INSUFFICIENT,8,0,0,False,0,0,False,INHERITED_RAW_PRICE_BASIS,False,False
2025-08-14|78780,2025-08-14,78780,13:30,13:50,20,PARTIAL,1,4,,,AVAILABLE,38.0,True,,,,CURRENT_BAR_UNAVAILABLE,OBSERVATION_INSUFFICIENT,9,0,0,False,0,0,False,INHERITED_RAW_PRICE_BASIS,False,False
2025-08-14|78780,2025-08-14,78780,13:30,13:55,25,PARTIAL,1,4,,,AVAILABLE,38.0,True,,,,CURRENT_BAR_UNAVAILABLE,OBSERVATION_INSUFFICIENT,9,0,0,False,0,0,False,INHERITED_RAW_PRICE_BASIS,False,False
2025-08-14|78780,2025-08-14,78780,13:30,14:00,30,UNAVAILABLE,0,5,,,AVAILABLE,38.0,True,,,,CURRENT_BAR_UNAVAILABLE,OBSERVATION_INSUFFICIENT,8,0,0,False,0,0,False,INHERITED_RAW_PRICE_BASIS,False,False
2025-08-14|78780,2025-08-14,78780,13:30,14:05,35,PARTIAL,1,4,,,AVAILABLE,38.0,True,,,,CURRENT_BAR_UNAVAILABLE,OBSERVATION_INSUFFICIENT,8,0,0,False,0,0,False,INHERITED_RAW_PRICE_BASIS,False,False
2025-08-14|78780,2025-08-14,78780,13:30,14:10,40,PARTIAL,1,4,,,AVAILABLE,38.0,True,,,,CURRENT_BAR_UNAVAILABLE,OBSERVATION_INSUFFICIENT,9,0,0,False,0,0,False,INHERITED_RAW_PRICE_BASIS,False,False
2025-08-14|78780,2025-08-14,78780,13:30,14:15,45,PARTIAL,1,4,,,AVAILABLE,38.0,True,,,,CURRENT_BAR_UNAVAILABLE,OBSERVATION_INSUFFICIENT,8,0,0,False,0,0,False,INHERITED_RAW_PRICE_BASIS,False,False
2025-08-14|78780,2025-08-14,78780,13:30,14:20,50,UNAVAILABLE,0,5,,,AVAILABLE,38.0,True,,,,CURRENT_BAR_UNAVAILABLE,OBSERVATION_INSUFFICIENT,6,0,0,False,0,0,False,INHERITED_RAW_PRICE_BASIS,False,False
2025-08-14|78780,2025-08-14,78780,13:30,14:25,55,PARTIAL,2,3,,,AVAILABLE,38.0,True,,,,CURRENT_BAR_UNAVAILABLE,OBSERVATION_INSUFFICIENT,3,0,0,False,0,0,False,INHERITED_RAW_PRICE_BASIS,False,False
2025-08-14|78780,2025-08-14,78780,13:30,14:30,60,PARTIAL,2,3,,,AVAILABLE,38.0,True,,,,UNRESOLVED_STRUCTURE,OBSERVATION_INSUFFICIENT,4,0,0,False,0,0,False,INHERITED_RAW_PRICE_BASIS,False,False
2025-08-14|78780,2025-08-14,78780,13:30,14:35,65,COMPLETE,5,0,DOWN,-0.5401755570560433,AVAILABLE,38.0,True,,,,UNRESOLVED_STRUCTURE,OBSERVATION_INSUFFICIENT,8,0,0,False,0,1,False,INHERITED_RAW_PRICE_BASIS,False,False
2025-08-14|78780,2025-08-14,78780,13:30,14:40,70,PARTIAL,1,4,,,AVAILABLE,38.0,True,,,,CURRENT_BAR_UNAVAILABLE,OBSERVATION_INSUFFICIENT,7,0,0,False,0,0,False,INHERITED_RAW_PRICE_BASIS,False,False
2025-08-14|78780,2025-08-14,78780,13:30,14:45,75,PARTIAL,1,4,,,AVAILABLE,38.0,True,,,,UNRESOLVED_STRUCTURE,OBSERVATION_INSUFFICIENT,3,0,0,False,0,0,False,INHERITED_RAW_PRICE_BASIS,False,False
2025-08-14|78780,2025-08-14,78780,13:30,14:50,80,PARTIAL,2,3,,,AVAILABLE,38.0,True,,,,CURRENT_BAR_UNAVAILABLE,OBSERVATION_INSUFFICIENT,4,0,0,False,0,0,False,INHERITED_RAW_PRICE_BASIS,False,False
2025-08-14|78780,2025-08-14,78780,13:30,14:55,85,COMPLETE,5,0,DOWN,-0.5471956224350205,AVAILABLE,38.0,True,,,,UNRESOLVED_STRUCTURE,OBSERVATION_INSUFFICIENT,5,0,0,False,2,1,False,INHERITED_RAW_PRICE_BASIS,False,False
2025-08-14|78780,2025-08-14,78780,13:30,15:00,90,PARTIAL,1,4,,,AVAILABLE,38.0,True,,,,CURRENT_BAR_UNAVAILABLE,OBSERVATION_INSUFFICIENT,3,0,0,False,0,1,False,INHERITED_RAW_PRICE_BASIS,False,False
2025-08-14|78780,2025-08-14,78780,13:30,15:05,95,PARTIAL,4,1,,,AVAILABLE,38.0,True,,,,UNRESOLVED_STRUCTURE,OBSERVATION_INSUFFICIENT,3,0,0,False,0,0,False,INHERITED_RAW_PRICE_BASIS,False,False
2025-08-14|78780,2025-08-14,78780,13:30,15:10,100,PARTIAL,3,2,,,AVAILABLE,38.0,True,,,,UNRESOLVED_STRUCTURE,OBSERVATION_INSUFFICIENT,1,0,0,False,0,0,False,INHERITED_RAW_PRICE_BASIS,False,False
2025-08-14|78780,2025-08-14,78780,13:30,15:15,105,PARTIAL,4,1,,,AVAILABLE,38.0,True,,,,UNRESOLVED_STRUCTURE,OBSERVATION_INSUFFICIENT,4,0,0,False,1,2,False,INHERITED_RAW_PRICE_BASIS,False,False
2025-08-14|78780,2025-08-14,78780,13:30,15:20,110,COMPLETE,5,0,UP,0.21352313167259787,AVAILABLE,38.0,True,,,,UNRESOLVED_STRUCTURE,RIGHT_CENSORED,4,0,0,False,0,4,False,INHERITED_RAW_PRICE_BASIS,False,False
2025-08-14|78780,2025-08-14,78780,13:30,15:25,115,PARTIAL,1,4,,,AVAILABLE,38.0,True,,,,CURRENT_BAR_UNAVAILABLE,RIGHT_CENSORED,0,0,0,False,0,0,False,INHERITED_RAW_PRICE_BASIS,False,False
2025-08-14|81050,2025-08-14,81050,11:30,11:30,0,COMPLETE,5,0,DOWN,-2.544529262086514,SCALE_INSUFFICIENT,,True,,,RANGE_EXPANSION|VOLUME_EXPANSION|TRADING_VALUE_EXPANSION,SCALE_UNAVAILABLE,WINDOW_OBSERVED,0,0,0,False,10,5,False,INHERITED_RAW_PRICE_BASIS,False,False
2025-08-14|81050,2025-08-14,81050,11:30,12:35,5,COMPLETE,5,0,DOWN,-1.5789473684210527,SCALE_INSUFFICIENT,,True,,,,SCALE_UNAVAILABLE,WINDOW_OBSERVED,0,0,0,False,10,5,False,INHERITED_RAW_PRICE_BASIS,True,False
2025-08-14|81050,2025-08-14,81050,11:30,12:40,10,COMPLETE,5,0,UP,3.4759358288770055,SCALE_INSUFFICIENT,,True,,,VOLUME_COMPRESSION|TRADING_VALUE_COMPRESSION,SCALE_UNAVAILABLE,WINDOW_OBSERVED,0,0,0,False,5,5,False,INHERITED_RAW_PRICE_BASIS,True,False
2025-08-14|81050,2025-08-14,81050,11:30,12:45,15,COMPLETE,5,0,UP,0.5167958656330749,SCALE_INSUFFICIENT,,True,,,RANGE_COMPRESSION|VOLUME_EXPANSION|TRADING_VALUE_EXPANSION,SCALE_UNAVAILABLE,WINDOW_OBSERVED,0,0,0,False,0,0,False,INHERITED_RAW_PRICE_BASIS,True,False
2025-08-14|81050,2025-08-14,81050,11:30,12:50,20,COMPLETE,5,0,DOWN,-1.2820512820512822,SCALE_INSUFFICIENT,,True,,,VOLUME_COMPRESSION|TRADING_VALUE_COMPRESSION,SCALE_UNAVAILABLE,WINDOW_OBSERVED,0,0,0,False,5,0,False,INHERITED_RAW_PRICE_BASIS,True,False
2025-08-14|81050,2025-08-14,81050,11:30,12:55,25,COMPLETE,5,0,DOWN,-0.25906735751295334,SCALE_INSUFFICIENT,,True,,,VOLUME_COMPRESSION|TRADING_VALUE_COMPRESSION,SCALE_UNAVAILABLE,WINDOW_OBSERVED,0,0,0,False,10,5,False,INHERITED_RAW_PRICE_BASIS,True,False
2025-08-14|81050,2025-08-14,81050,11:30,13:00,30,COMPLETE,5,0,UP,0.5208333333333334,SCALE_INSUFFICIENT,,True,,,RANGE_EXPANSION|VOLUME_EXPANSION|TRADING_VALUE_EXPANSION,SCALE_UNAVAILABLE,WINDOW_OBSERVED,0,0,0,False,5,10,False,INHERITED_RAW_PRICE_BASIS,True,False
2025-08-14|81050,2025-08-14,81050,11:30,13:05,35,COMPLETE,5,0,DOWN,-1.2953367875647668,SCALE_INSUFFICIENT,,True,,,RANGE_COMPRESSION|VOLUME_COMPRESSION|TRADING_VALUE_COMPRESSION,SCALE_UNAVAILABLE,WINDOW_OBSERVED,0,0,0,False,5,5,False,INHERITED_RAW_PRICE_BASIS,True,False
2025-08-14|81050,2025-08-14,81050,11:30,13:10,40,COMPLETE,5,0,DOWN,-1.837270341207349,SCALE_INSUFFICIENT,,True,,,RANGE_EXPANSION|VOLUME_EXPANSION|TRADING_VALUE_EXPANSION,SCALE_UNAVAILABLE,WINDOW_OBSERVED,0,0,0,False,0,0,False,INHERITED_RAW_PRICE_BASIS,True,False
2025-08-14|81050,2025-08-14,81050,11:30,13:15,45,COMPLETE,5,0,DOWN,-0.26666666666666666,SCALE_INSUFFICIENT,,True,,,VOLUME_COMPRESSION|TRADING_VALUE_COMPRESSION,SCALE_UNAVAILABLE,WINDOW_OBSERVED,0,0,0,False,0,0,False,INHERITED_RAW_PRICE_BASIS,True,False
2025-08-14|81050,2025-08-14,81050,11:30,13:20,50,COMPLETE,5,0,UP,1.0695187165775402,SCALE_INSUFFICIENT,,True,,,RANGE_COMPRESSION|VOLUME_COMPRESSION|TRADING_VALUE_COMPRESSION,SCALE_UNAVAILABLE,WINDOW_OBSERVED,0,0,0,False,0,0,False,INHERITED_RAW_PRICE_BASIS,True,False
2025-08-14|81050,2025-08-14,81050,11:30,13:25,55,COMPLETE,5,0,DOWN,-1.8518518518518519,SCALE_INSUFFICIENT,,True,,,RANGE_EXPANSION|VOLUME_EXPANSION|TRADING_VALUE_EXPANSION,SCALE_UNAVAILABLE,WINDOW_OBSERVED,0,0,0,False,0,0,False,INHERITED_RAW_PRICE_BASIS,True,False
2025-08-14|81050,2025-08-14,81050,11:30,13:30,60,COMPLETE,5,0,DOWN,-1.881720430107527,SCALE_INSUFFICIENT,,True,,,VOLUME_EXPANSION|TRADING_VALUE_EXPANSION,SCALE_UNAVAILABLE,WINDOW_OBSERVED,0,0,0,False,0,0,False,INHERITED_RAW_PRICE_BASIS,True,False
2025-08-14|81050,2025-08-14,81050,11:30,13:35,65,COMPLETE,5,0,UP,0.546448087431694,SCALE_INSUFFICIENT,,True,,,RANGE_COMPRESSION,SCALE_UNAVAILABLE,WINDOW_OBSERVED,0,0,0,False,0,0,False,INHERITED_RAW_PRICE_BASIS,True,False
2025-08-14|81050,2025-08-14,81050,11:30,13:40,70,COMPLETE,5,0,UP,1.3623978201634876,SCALE_INSUFFICIENT,,True,,,RANGE_EXPANSION,SCALE_UNAVAILABLE,WINDOW_OBSERVED,0,0,0,False,0,0,False,INHERITED_RAW_PRICE_BASIS,True,False
2025-08-14|81050,2025-08-14,81050,11:30,13:45,75,COMPLETE,5,0,DOWN,-0.26881720430107525,SCALE_INSUFFICIENT,,True,,,RANGE_COMPRESSION|VOLUME_COMPRESSION|TRADING_VALUE_COMPRESSION,SCALE_UNAVAILABLE,WINDOW_OBSERVED,0,0,0,False,0,0,False,INHERITED_RAW_PRICE_BASIS,True,False
2025-08-14|81050,2025-08-14,81050,11:30,13:50,80,COMPLETE,5,0,DOWN,-0.5390835579514824,SCALE_INSUFFICIENT,,True,,,,SCALE_UNAVAILABLE,WINDOW_OBSERVED,0,0,0,False,0,0,False,INHERITED_RAW_PRICE_BASIS,True,False
2025-08-14|81050,2025-08-14,81050,11:30,13:55,85,COMPLETE,5,0,DOWN,-0.5434782608695652,SCALE_INSUFFICIENT,,True,,,RANGE_EXPANSION|VOLUME_EXPANSION|TRADING_VALUE_EXPANSION,SCALE_UNAVAILABLE,WINDOW_OBSERVED,0,0,0,False,0,0,False,INHERITED_RAW_PRICE_BASIS,True,False
2025-08-14|81050,2025-08-14,81050,11:30,14:00,90,COMPLETE,5,0,UP,0.819672131147541,SCALE_INSUFFICIENT,,True,,,VOLUME_COMPRESSION|TRADING_VALUE_COMPRESSION,SCALE_UNAVAILABLE,WINDOW_OBSERVED,0,0,0,False,0,0,False,INHERITED_RAW_PRICE_BASIS,True,False
2025-08-14|81050,2025-08-14,81050,11:30,14:05,95,COMPLETE,5,0,UP,0.2717391304347826,SCALE_INSUFFICIENT,,True,,,RANGE_COMPRESSION|VOLUME_COMPRESSION|TRADING_VALUE_COMPRESSION,SCALE_UNAVAILABLE,WINDOW_OBSERVED,0,0,0,False,0,0,False,INHERITED_RAW_PRICE_BASIS,True,False
2025-08-14|81050,2025-08-14,81050,11:30,14:10,100,COMPLETE,5,0,DOWN,-0.8152173913043478,SCALE_INSUFFICIENT,,True,,,RANGE_EXPANSION|VOLUME_EXPANSION|TRADING_VALUE_EXPANSION,SCALE_UNAVAILABLE,WINDOW_OBSERVED,0,0,0,False,0,0,False,INHERITED_RAW_PRICE_BASIS,True,False
2025-08-14|81050,2025-08-14,81050,11:30,14:15,105,COMPLETE,5,0,UNCHANGED,0.0,SCALE_INSUFFICIENT,,True,,,,SCALE_UNAVAILABLE,WINDOW_OBSERVED,0,0,0,False,0,0,False,INHERITED_RAW_PRICE_BASIS,True,False
2025-08-14|81050,2025-08-14,81050,11:30,14:20,110,COMPLETE,5,0,UP,0.547945205479452,SCALE_INSUFFICIENT,,True,,,RANGE_EXPANSION|VOLUME_EXPANSION|TRADING_VALUE_EXPANSION,SCALE_UNAVAILABLE,WINDOW_OBSERVED,0,0,0,False,0,0,False,INHERITED_RAW_PRICE_BASIS,True,False
2025-08-14|81050,2025-08-14,81050,11:30,14:25,115,COMPLETE,5,0,UP,4.9046321525885554,SCALE_INSUFFICIENT,,True,,,RANGE_EXPANSION|VOLUME_EXPANSION|TRADING_VALUE_EXPANSION,SCALE_UNAVAILABLE,WINDOW_OBSERVED,0,0,0,False,5,0,False,INHERITED_RAW_PRICE_BASIS,True,False
2025-08-14|81050,2025-08-14,81050,11:30,14:30,120,COMPLETE,5,0,DOWN,-2.0779220779220777,SCALE_INSUFFICIENT,,True,,,RANGE_COMPRESSION,SCALE_UNAVAILABLE,WINDOW_OBSERVED,0,0,0,False,5,5,False,INHERITED_RAW_PRICE_BASIS,True,False
2025-08-14|81050,2025-08-14,81050,11:30,14:35,125,COMPLETE,5,0,DOWN,-0.26525198938992045,SCALE_INSUFFICIENT,,True,,,VOLUME_COMPRESSION|TRADING_VALUE_COMPRESSION,SCALE_UNAVAILABLE,WINDOW_OBSERVED,0,0,0,False,0,0,False,INHERITED_RAW_PRICE_BASIS,True,False
2025-08-14|81050,2025-08-14,81050,11:30,14:40,130,COMPLETE,5,0,UP,1.0610079575596818,SCALE_INSUFFICIENT,,True,,,,SCALE_UNAVAILABLE,WINDOW_OBSERVED,0,0,0,False,0,0,False,INHERITED_RAW_PRICE_BASIS,True,False
2025-08-14|81050,2025-08-14,81050,11:30,14:45,135,COMPLETE,5,0,UP,0.7874015748031497,SCALE_INSUFFICIENT,,True,,,,SCALE_UNAVAILABLE,WINDOW_OBSERVED,0,0,0,False,0,5,False,INHERITED_RAW_PRICE_BASIS,True,False
2025-08-14|81050,2025-08-14,81050,11:30,14:50,140,COMPLETE,5,0,DOWN,-1.3020833333333333,SCALE_INSUFFICIENT,,True,,,RANGE_EXPANSION,SCALE_UNAVAILABLE,WINDOW_OBSERVED,0,0,0,False,0,5,False,INHERITED_RAW_PRICE_BASIS,True,False
2025-08-14|81050,2025-08-14,81050,11:30,14:55,145,COMPLETE,5,0,UP,1.3227513227513228,SCALE_INSUFFICIENT,,True,,,,SCALE_UNAVAILABLE,WINDOW_OBSERVED,0,0,0,False,0,0,False,INHERITED_RAW_PRICE_BASIS,True,False
2025-08-14|81050,2025-08-14,81050,11:30,15:00,150,COMPLETE,5,0,UP,1.3054830287206267,SCALE_INSUFFICIENT,,True,,,VOLUME_EXPANSION|TRADING_VALUE_EXPANSION,SCALE_UNAVAILABLE,WINDOW_OBSERVED,0,0,0,False,5,5,False,INHERITED_RAW_PRICE_BASIS,True,False
2025-08-14|81050,2025-08-14,81050,11:30,15:05,155,COMPLETE,5,0,DOWN,-1.5463917525773196,SCALE_INSUFFICIENT,,True,,,RANGE_EXPANSION,SCALE_UNAVAILABLE,WINDOW_OBSERVED,0,0,0,False,5,5,False,INHERITED_RAW_PRICE_BASIS,True,False
2025-08-14|81050,2025-08-14,81050,11:30,15:10,160,COMPLETE,5,0,UP,1.8324607329842932,SCALE_INSUFFICIENT,,True,,,RANGE_COMPRESSION,SCALE_UNAVAILABLE,WINDOW_OBSERVED,0,0,0,False,5,5,False,INHERITED_RAW_PRICE_BASIS,True,False
2025-08-14|81050,2025-08-14,81050,11:30,15:15,165,COMPLETE,5,0,DOWN,-0.5154639175257731,SCALE_INSUFFICIENT,,True,,,,SCALE_UNAVAILABLE,WINDOW_OBSERVED,0,0,0,False,10,10,False,INHERITED_RAW_PRICE_BASIS,True,False
2025-08-14|81050,2025-08-14,81050,11:30,15:20,170,COMPLETE,5,0,DOWN,-0.5181347150259067,SCALE_INSUFFICIENT,,True,,,RANGE_COMPRESSION|VOLUME_COMPRESSION|TRADING_VALUE_COMPRESSION,SCALE_UNAVAILABLE,RIGHT_CENSORED,0,0,0,False,5,10,False,INHERITED_RAW_PRICE_BASIS,True,False
2025-08-14|81050,2025-08-14,81050,11:30,15:25,175,COMPLETE,5,0,UP,1.3020833333333333,SCALE_INSUFFICIENT,,True,,,RANGE_EXPANSION|VOLUME_EXPANSION|TRADING_VALUE_EXPANSION,SCALE_UNAVAILABLE,RIGHT_CENSORED,0,0,0,False,10,5,False,INHERITED_RAW_PRICE_BASIS,True,False
2025-08-14|85180,2025-08-14,85180,13:00,13:00,0,COMPLETE,5,0,UNCHANGED,0.0,SCALE_INSUFFICIENT,,True,,,VOLUME_COMPRESSION|TRADING_VALUE_COMPRESSION,SCALE_UNAVAILABLE,OBSERVATION_INSUFFICIENT,2,0,0,False,0,1,False,INHERITED_RAW_PRICE_BASIS,False,False
2025-08-14|85180,2025-08-14,85180,13:00,13:05,5,PARTIAL,3,2,,,SCALE_INSUFFICIENT,,True,,,,SCALE_UNAVAILABLE,OBSERVATION_INSUFFICIENT,1,0,0,False,0,0,False,INHERITED_RAW_PRICE_BASIS,False,False
2025-08-14|85180,2025-08-14,85180,13:00,13:10,10,COMPLETE,5,0,UP,1.8433179723502304,SCALE_INSUFFICIENT,,True,,,,SCALE_UNAVAILABLE,OBSERVATION_INSUFFICIENT,3,0,0,False,0,0,False,INHERITED_RAW_PRICE_BASIS,False,False
2025-08-14|85180,2025-08-14,85180,13:00,13:15,15,PARTIAL,4,1,,,SCALE_INSUFFICIENT,,True,,,,CURRENT_BAR_UNAVAILABLE,OBSERVATION_INSUFFICIENT,2,0,0,False,0,0,False,INHERITED_RAW_PRICE_BASIS,False,False
2025-08-14|85180,2025-08-14,85180,13:00,13:20,20,PARTIAL,3,2,,,SCALE_INSUFFICIENT,,True,,,,SCALE_UNAVAILABLE,OBSERVATION_INSUFFICIENT,2,0,0,False,0,0,False,INHERITED_RAW_PRICE_BASIS,False,False
2025-08-14|85180,2025-08-14,85180,13:00,13:25,25,COMPLETE,5,0,UP,0.45871559633027525,SCALE_INSUFFICIENT,,True,,,,SCALE_UNAVAILABLE,OBSERVATION_INSUFFICIENT,2,0,0,False,0,0,False,INHERITED_RAW_PRICE_BASIS,False,False
2025-08-14|85180,2025-08-14,85180,13:00,13:30,30,PARTIAL,3,2,,,SCALE_INSUFFICIENT,,True,,,,SCALE_UNAVAILABLE,OBSERVATION_INSUFFICIENT,2,0,0,False,0,0,False,INHERITED_RAW_PRICE_BASIS,False,False
2025-08-14|85180,2025-08-14,85180,13:00,13:35,35,COMPLETE,5,0,UP,0.45662100456621,SCALE_INSUFFICIENT,,True,,,,SCALE_UNAVAILABLE,OBSERVATION_INSUFFICIENT,3,0,0,False,0,0,False,INHERITED_RAW_PRICE_BASIS,False,False
2025-08-14|85180,2025-08-14,85180,13:00,13:40,40,PARTIAL,3,2,,,SCALE_INSUFFICIENT,,True,,,,CURRENT_BAR_UNAVAILABLE,OBSERVATION_INSUFFICIENT,2,0,0,False,0,0,False,INHERITED_RAW_PRICE_BASIS,False,False
2025-08-14|85180,2025-08-14,85180,13:00,13:45,45,PARTIAL,4,1,,,SCALE_INSUFFICIENT,,True,,,,SCALE_UNAVAILABLE,OBSERVATION_INSUFFICIENT,4,0,0,False,0,0,False,INHERITED_RAW_PRICE_BASIS,False,False
2025-08-14|85180,2025-08-14,85180,13:00,13:50,50,PARTIAL,4,1,,,SCALE_INSUFFICIENT,,True,,,,SCALE_UNAVAILABLE,OBSERVATION_INSUFFICIENT,5,0,0,False,0,0,False,INHERITED_RAW_PRICE_BASIS,False,False
2025-08-14|85180,2025-08-14,85180,13:00,13:55,55,PARTIAL,2,3,,,SCALE_INSUFFICIENT,,True,,,,CURRENT_BAR_UNAVAILABLE,OBSERVATION_INSUFFICIENT,5,0,0,False,0,0,False,INHERITED_RAW_PRICE_BASIS,False,False
2025-08-14|85180,2025-08-14,85180,13:00,14:00,60,PARTIAL,3,2,,,SCALE_INSUFFICIENT,,True,,,,CURRENT_BAR_UNAVAILABLE,OBSERVATION_INSUFFICIENT,6,0,0,False,0,0,False,INHERITED_RAW_PRICE_BASIS,False,False
2025-08-14|85180,2025-08-14,85180,13:00,14:05,65,PARTIAL,2,3,,,SCALE_INSUFFICIENT,,True,,,,CURRENT_BAR_UNAVAILABLE,OBSERVATION_INSUFFICIENT,7,0,0,False,0,0,False,INHERITED_RAW_PRICE_BASIS,False,False
2025-08-14|85180,2025-08-14,85180,13:00,14:10,70,PARTIAL,2,3,,,SCALE_INSUFFICIENT,,True,,,,CURRENT_BAR_UNAVAILABLE,OBSERVATION_INSUFFICIENT,7,0,0,False,0,0,False,INHERITED_RAW_PRICE_BASIS,False,False
2025-08-14|85180,2025-08-14,85180,13:00,14:15,75,PARTIAL,1,4,,,SCALE_INSUFFICIENT,,True,,,,SCALE_UNAVAILABLE,OBSERVATION_INSUFFICIENT,7,0,0,False,0,0,False,INHERITED_RAW_PRICE_BASIS,False,False
2025-08-14|85180,2025-08-14,85180,13:00,14:20,80,PARTIAL,2,3,,,SCALE_INSUFFICIENT,,True,,,,CURRENT_BAR_UNAVAILABLE,OBSERVATION_INSUFFICIENT,7,0,0,False,0,0,False,INHERITED_RAW_PRICE_BASIS,False,False
2025-08-14|85180,2025-08-14,85180,13:00,14:25,85,PARTIAL,1,4,,,SCALE_INSUFFICIENT,,True,,,,CURRENT_BAR_UNAVAILABLE,OBSERVATION_INSUFFICIENT,5,0,0,False,0,0,False,INHERITED_RAW_PRICE_BASIS,False,False
2025-08-14|85180,2025-08-14,85180,13:00,14:30,90,PARTIAL,2,3,,,SCALE_INSUFFICIENT,,True,,,,SCALE_UNAVAILABLE,OBSERVATION_INSUFFICIENT,4,0,0,False,0,0,False,INHERITED_RAW_PRICE_BASIS,False,False
2025-08-14|85180,2025-08-14,85180,13:00,14:35,95,PARTIAL,3,2,,,SCALE_INSUFFICIENT,,True,,,,SCALE_UNAVAILABLE,OBSERVATION_INSUFFICIENT,5,0,0,False,0,0,False,INHERITED_RAW_PRICE_BASIS,False,False
2025-08-14|85180,2025-08-14,85180,13:00,14:40,100,PARTIAL,3,2,,,SCALE_INSUFFICIENT,,True,,,,SCALE_UNAVAILABLE,OBSERVATION_INSUFFICIENT,5,0,0,False,0,0,False,INHERITED_RAW_PRICE_BASIS,False,False
2025-08-14|85180,2025-08-14,85180,13:00,14:45,105,PARTIAL,2,3,,,SCALE_INSUFFICIENT,,True,,,,CURRENT_BAR_UNAVAILABLE,OBSERVATION_INSUFFICIENT,6,0,0,False,0,0,False,INHERITED_RAW_PRICE_BASIS,False,False
2025-08-14|85180,2025-08-14,85180,13:00,14:50,110,PARTIAL,3,2,,,SCALE_INSUFFICIENT,,True,,,,CURRENT_BAR_UNAVAILABLE,OBSERVATION_INSUFFICIENT,5,0,0,False,0,0,False,INHERITED_RAW_PRICE_BASIS,False,False
2025-08-14|85180,2025-08-14,85180,13:00,14:55,115,PARTIAL,1,4,,,SCALE_INSUFFICIENT,,True,,,,CURRENT_BAR_UNAVAILABLE,OBSERVATION_INSUFFICIENT,4,0,0,False,0,0,False,INHERITED_RAW_PRICE_BASIS,False,False
2025-08-14|85180,2025-08-14,85180,13:00,15:00,120,PARTIAL,4,1,,,SCALE_INSUFFICIENT,,True,,,,SCALE_UNAVAILABLE,OBSERVATION_INSUFFICIENT,5,0,0,False,0,0,False,INHERITED_RAW_PRICE_BASIS,False,False
2025-08-14|85180,2025-08-14,85180,13:00,15:05,125,PARTIAL,2,3,,,SCALE_INSUFFICIENT,,True,,,,CURRENT_BAR_UNAVAILABLE,OBSERVATION_INSUFFICIENT,6,0,0,False,0,0,False,INHERITED_RAW_PRICE_BASIS,False,False
2025-08-14|85180,2025-08-14,85180,13:00,15:10,130,PARTIAL,3,2,,,SCALE_INSUFFICIENT,,True,,,,SCALE_UNAVAILABLE,OBSERVATION_INSUFFICIENT,6,0,0,False,0,0,False,INHERITED_RAW_PRICE_BASIS,False,False
2025-08-14|85180,2025-08-14,85180,13:00,15:15,135,PARTIAL,1,4,,,SCALE_INSUFFICIENT,,True,,,,CURRENT_BAR_UNAVAILABLE,OBSERVATION_INSUFFICIENT,7,0,0,False,0,0,False,INHERITED_RAW_PRICE_BASIS,False,False
2025-08-14|85180,2025-08-14,85180,13:00,15:20,140,PARTIAL,3,2,,,SCALE_INSUFFICIENT,,True,,,,CURRENT_BAR_UNAVAILABLE,RIGHT_CENSORED,5,0,0,False,0,0,False,INHERITED_RAW_PRICE_BASIS,False,False
2025-08-14|85180,2025-08-14,85180,13:00,15:25,145,UNAVAILABLE,0,5,,,SCALE_INSUFFICIENT,,True,,,,CURRENT_BAR_UNAVAILABLE,RIGHT_CENSORED,0,0,0,False,0,0,False,INHERITED_RAW_PRICE_BASIS,False,False
2025-08-14|92130,2025-08-14,92130,14:00,14:00,0,PARTIAL,1,4,,,SCALE_INSUFFICIENT,,True,,,,CURRENT_BAR_UNAVAILABLE,OBSERVATION_INSUFFICIENT,9,0,0,False,0,0,False,INHERITED_RAW_PRICE_BASIS,False,False
2025-08-14|92130,2025-08-14,92130,14:00,14:05,5,UNAVAILABLE,0,5,,,SCALE_INSUFFICIENT,,True,,,,CURRENT_BAR_UNAVAILABLE,OBSERVATION_INSUFFICIENT,9,0,0,False,0,0,False,INHERITED_RAW_PRICE_BASIS,False,False
2025-08-14|92130,2025-08-14,92130,14:00,14:10,10,PARTIAL,1,4,,,SCALE_INSUFFICIENT,,True,,,,CURRENT_BAR_UNAVAILABLE,OBSERVATION_INSUFFICIENT,10,0,0,False,0,0,False,INHERITED_RAW_PRICE_BASIS,False,False
2025-08-14|92130,2025-08-14,92130,14:00,14:15,15,UNAVAILABLE,0,5,,,SCALE_INSUFFICIENT,,True,,,,CURRENT_BAR_UNAVAILABLE,OBSERVATION_INSUFFICIENT,10,0,0,False,0,0,False,INHERITED_RAW_PRICE_BASIS,False,False
2025-08-14|92130,2025-08-14,92130,14:00,14:20,20,UNAVAILABLE,0,5,,,SCALE_INSUFFICIENT,,True,,,,CURRENT_BAR_UNAVAILABLE,OBSERVATION_INSUFFICIENT,10,0,0,False,0,0,False,INHERITED_RAW_PRICE_BASIS,False,False
2025-08-14|92130,2025-08-14,92130,14:00,14:25,25,UNAVAILABLE,0,5,,,SCALE_INSUFFICIENT,,True,,,,CURRENT_BAR_UNAVAILABLE,OBSERVATION_INSUFFICIENT,9,0,0,False,0,0,False,INHERITED_RAW_PRICE_BASIS,False,False
2025-08-14|92130,2025-08-14,92130,14:00,14:30,30,UNAVAILABLE,0,5,,,SCALE_INSUFFICIENT,,True,,,,CURRENT_BAR_UNAVAILABLE,OBSERVATION_INSUFFICIENT,9,0,0,False,0,0,False,INHERITED_RAW_PRICE_BASIS,False,False
2025-08-14|92130,2025-08-14,92130,14:00,14:35,35,PARTIAL,1,4,,,SCALE_INSUFFICIENT,,True,,,,SCALE_UNAVAILABLE,OBSERVATION_INSUFFICIENT,10,0,0,False,2,0,False,INHERITED_RAW_PRICE_BASIS,False,False
2025-08-14|92130,2025-08-14,92130,14:00,14:40,40,UNAVAILABLE,0,5,,,SCALE_INSUFFICIENT,,True,,,,CURRENT_BAR_UNAVAILABLE,OBSERVATION_INSUFFICIENT,8,0,0,False,0,0,False,INHERITED_RAW_PRICE_BASIS,False,False
2025-08-14|92130,2025-08-14,92130,14:00,14:45,45,UNAVAILABLE,0,5,,,SCALE_INSUFFICIENT,,True,,,,CURRENT_BAR_UNAVAILABLE,OBSERVATION_INSUFFICIENT,7,0,0,False,0,0,False,INHERITED_RAW_PRICE_BASIS,False,False
2025-08-14|92130,2025-08-14,92130,14:00,14:50,50,PARTIAL,2,3,,,SCALE_INSUFFICIENT,,True,,,,SCALE_UNAVAILABLE,OBSERVATION_INSUFFICIENT,4,0,0,False,0,0,False,INHERITED_RAW_PRICE_BASIS,False,False
2025-08-14|92130,2025-08-14,92130,14:00,14:55,55,PARTIAL,1,4,,,SCALE_INSUFFICIENT,,True,,,,SCALE_UNAVAILABLE,OBSERVATION_INSUFFICIENT,3,0,0,False,0,0,False,INHERITED_RAW_PRICE_BASIS,False,False
2025-08-14|92130,2025-08-14,92130,14:00,15:00,60,COMPLETE,5,0,UP,2.803738317757009,SCALE_INSUFFICIENT,,True,,,,SCALE_UNAVAILABLE,OBSERVATION_INSUFFICIENT,6,0,0,False,0,0,False,INHERITED_RAW_PRICE_BASIS,False,False
2025-08-14|92130,2025-08-14,92130,14:00,15:05,65,PARTIAL,2,3,,,SCALE_INSUFFICIENT,,True,,,,CURRENT_BAR_UNAVAILABLE,OBSERVATION_INSUFFICIENT,5,0,0,False,0,0,False,INHERITED_RAW_PRICE_BASIS,False,False
2025-08-14|92130,2025-08-14,92130,14:00,15:10,70,PARTIAL,2,3,,,SCALE_INSUFFICIENT,,True,,,,CURRENT_BAR_UNAVAILABLE,OBSERVATION_INSUFFICIENT,7,0,0,False,0,0,False,INHERITED_RAW_PRICE_BASIS,False,False
2025-08-14|92130,2025-08-14,92130,14:00,15:15,75,PARTIAL,3,2,,,SCALE_INSUFFICIENT,,True,,,,SCALE_UNAVAILABLE,OBSERVATION_INSUFFICIENT,8,0,0,False,0,0,False,INHERITED_RAW_PRICE_BASIS,False,False
2025-08-14|92130,2025-08-14,92130,14:00,15:20,80,UNAVAILABLE,0,5,,,SCALE_INSUFFICIENT,,True,,,,CURRENT_BAR_UNAVAILABLE,RIGHT_CENSORED,3,0,0,False,0,0,False,INHERITED_RAW_PRICE_BASIS,False,False
2025-08-14|92130,2025-08-14,92130,14:00,15:25,85,PARTIAL,2,3,,,SCALE_INSUFFICIENT,,True,,,,SCALE_UNAVAILABLE,RIGHT_CENSORED,0,0,0,False,0,0,False,INHERITED_RAW_PRICE_BASIS,False,False
2025-08-14|92410,2025-08-14,92410,10:00,10:00,0,COMPLETE,5,0,DOWN,-2.19210840972499,SCALE_INSUFFICIENT,,True,,,,SCALE_UNAVAILABLE,OBSERVATION_INSUFFICIENT,4,0,0,False,1,3,False,INHERITED_RAW_PRICE_BASIS,False,False
2025-08-14|92410,2025-08-14,92410,10:00,10:05,5,PARTIAL,2,3,,,SCALE_INSUFFICIENT,,True,,,,SCALE_UNAVAILABLE,OBSERVATION_INSUFFICIENT,3,0,0,False,0,0,False,INHERITED_RAW_PRICE_BASIS,False,False
2025-08-14|92410,2025-08-14,92410,10:00,10:10,10,PARTIAL,4,1,,,SCALE_INSUFFICIENT,,True,,,,CURRENT_BAR_UNAVAILABLE,OBSERVATION_INSUFFICIENT,7,0,0,False,0,0,False,INHERITED_RAW_PRICE_BASIS,False,False
2025-08-14|92410,2025-08-14,92410,10:00,10:15,15,PARTIAL,3,2,,,SCALE_INSUFFICIENT,,True,,,,SCALE_UNAVAILABLE,OBSERVATION_INSUFFICIENT,9,0,0,False,0,0,False,INHERITED_RAW_PRICE_BASIS,False,False
2025-08-14|92410,2025-08-14,92410,10:00,10:20,20,UNAVAILABLE,0,5,,,SCALE_INSUFFICIENT,,True,,,,CURRENT_BAR_UNAVAILABLE,OBSERVATION_INSUFFICIENT,8,0,0,False,0,0,False,INHERITED_RAW_PRICE_BASIS,False,False
2025-08-14|92410,2025-08-14,92410,10:00,10:25,25,PARTIAL,1,4,,,SCALE_INSUFFICIENT,,True,,,,CURRENT_BAR_UNAVAILABLE,OBSERVATION_INSUFFICIENT,6,0,0,False,0,0,False,INHERITED_RAW_PRICE_BASIS,False,False
2025-08-14|92410,2025-08-14,92410,10:00,10:30,30,PARTIAL,1,4,,,SCALE_INSUFFICIENT,,True,,,,CURRENT_BAR_UNAVAILABLE,OBSERVATION_INSUFFICIENT,2,0,0,False,0,0,False,INHERITED_RAW_PRICE_BASIS,False,False
2025-08-14|92410,2025-08-14,92410,10:00,10:35,35,PARTIAL,3,2,,,SCALE_INSUFFICIENT,,True,,,,SCALE_UNAVAILABLE,OBSERVATION_INSUFFICIENT,2,0,0,False,1,1,False,INHERITED_RAW_PRICE_BASIS,False,False
2025-08-14|92410,2025-08-14,92410,10:00,10:40,40,COMPLETE,5,0,DOWN,-0.7346938775510204,SCALE_INSUFFICIENT,,True,,,,SCALE_UNAVAILABLE,OBSERVATION_INSUFFICIENT,2,0,0,False,1,1,False,INHERITED_RAW_PRICE_BASIS,False,False
2025-08-14|92410,2025-08-14,92410,10:00,10:45,45,PARTIAL,3,2,,,SCALE_INSUFFICIENT,,True,,,,CURRENT_BAR_UNAVAILABLE,WINDOW_OBSERVED,0,0,0,False,0,2,False,INHERITED_RAW_PRICE_BASIS,False,False
2025-08-14|92410,2025-08-14,92410,10:00,10:50,50,COMPLETE,5,0,DOWN,-1.8442622950819672,SCALE_INSUFFICIENT,,True,,,,SCALE_UNAVAILABLE,OBSERVATION_INSUFFICIENT,1,0,0,False,1,1,False,INHERITED_RAW_PRICE_BASIS,False,False
2025-08-14|92410,2025-08-14,92410,10:00,10:55,55,COMPLETE,5,0,DOWN,-1.2448132780082988,SCALE_INSUFFICIENT,,True,,,VOLUME_EXPANSION|TRADING_VALUE_EXPANSION,SCALE_UNAVAILABLE,OBSERVATION_INSUFFICIENT,2,0,0,False,1,2,False,INHERITED_RAW_PRICE_BASIS,True,False
2025-08-14|92410,2025-08-14,92410,10:00,11:00,60,PARTIAL,4,1,,,SCALE_INSUFFICIENT,,True,,,,SCALE_UNAVAILABLE,OBSERVATION_INSUFFICIENT,5,0,0,False,1,1,False,INHERITED_RAW_PRICE_BASIS,False,False
2025-08-14|92410,2025-08-14,92410,10:00,11:05,65,PARTIAL,4,1,,,SCALE_INSUFFICIENT,,True,,,,SCALE_UNAVAILABLE,OBSERVATION_INSUFFICIENT,7,0,0,False,0,0,False,INHERITED_RAW_PRICE_BASIS,False,False
2025-08-14|92410,2025-08-14,92410,10:00,11:10,70,PARTIAL,1,4,,,SCALE_INSUFFICIENT,,True,,,,CURRENT_BAR_UNAVAILABLE,OBSERVATION_INSUFFICIENT,5,0,0,False,0,0,False,INHERITED_RAW_PRICE_BASIS,False,False
2025-08-14|92410,2025-08-14,92410,10:00,11:15,75,PARTIAL,2,3,,,SCALE_INSUFFICIENT,,True,,,,SCALE_UNAVAILABLE,OBSERVATION_INSUFFICIENT,4,0,0,False,0,0,False,INHERITED_RAW_PRICE_BASIS,False,False
2025-08-14|92410,2025-08-14,92410,10:00,11:20,80,PARTIAL,3,2,,,SCALE_INSUFFICIENT,,True,,,,SCALE_UNAVAILABLE,OBSERVATION_INSUFFICIENT,4,0,0,False,0,0,False,INHERITED_RAW_PRICE_BASIS,False,False
2025-08-14|92410,2025-08-14,92410,10:00,11:25,85,PARTIAL,3,2,,,SCALE_INSUFFICIENT,,True,,,,CURRENT_BAR_UNAVAILABLE,OBSERVATION_INSUFFICIENT,5,0,0,False,0,0,False,INHERITED_RAW_PRICE_BASIS,False,False
2025-08-14|92410,2025-08-14,92410,10:00,11:30,90,PARTIAL,3,2,,,SCALE_INSUFFICIENT,,True,,,,SCALE_UNAVAILABLE,OBSERVATION_INSUFFICIENT,6,0,0,False,0,0,False,INHERITED_RAW_PRICE_BASIS,False,False
2025-08-14|92410,2025-08-14,92410,10:00,12:35,95,PARTIAL,2,3,,,SCALE_INSUFFICIENT,,True,,,,CURRENT_BAR_UNAVAILABLE,OBSERVATION_INSUFFICIENT,5,0,0,False,0,0,False,INHERITED_RAW_PRICE_BASIS,False,False
2025-08-14|92410,2025-08-14,92410,10:00,12:40,100,PARTIAL,2,3,,,SCALE_INSUFFICIENT,,True,,,,SCALE_UNAVAILABLE,OBSERVATION_INSUFFICIENT,4,0,0,False,0,0,False,INHERITED_RAW_PRICE_BASIS,False,False
2025-08-14|92410,2025-08-14,92410,10:00,12:45,105,PARTIAL,3,2,,,SCALE_INSUFFICIENT,,True,,,,SCALE_UNAVAILABLE,OBSERVATION_INSUFFICIENT,7,0,0,False,0,0,False,INHERITED_RAW_PRICE_BASIS,False,False
2025-08-14|92410,2025-08-14,92410,10:00,12:50,110,PARTIAL,3,2,,,SCALE_INSUFFICIENT,,True,,,,SCALE_UNAVAILABLE,OBSERVATION_INSUFFICIENT,9,0,0,False,0,0,False,INHERITED_RAW_PRICE_BASIS,False,False
2025-08-14|92410,2025-08-14,92410,10:00,12:55,115,UNAVAILABLE,0,5,,,SCALE_INSUFFICIENT,,True,,,,CURRENT_BAR_UNAVAILABLE,OBSERVATION_INSUFFICIENT,8,0,0,False,0,0,False,INHERITED_RAW_PRICE_BASIS,False,False
2025-08-14|92410,2025-08-14,92410,10:00,13:00,120,PARTIAL,1,4,,,SCALE_INSUFFICIENT,,True,,,,CURRENT_BAR_UNAVAILABLE,OBSERVATION_INSUFFICIENT,5,0,0,False,0,0,False,INHERITED_RAW_PRICE_BASIS,False,False
2025-08-14|92410,2025-08-14,92410,10:00,13:05,125,PARTIAL,1,4,,,SCALE_INSUFFICIENT,,True,,,,CURRENT_BAR_UNAVAILABLE,OBSERVATION_INSUFFICIENT,5,0,0,False,0,0,False,INHERITED_RAW_PRICE_BASIS,False,False
2025-08-14|92410,2025-08-14,92410,10:00,13:10,130,PARTIAL,4,1,,,SCALE_INSUFFICIENT,,True,,,,SCALE_UNAVAILABLE,OBSERVATION_INSUFFICIENT,7,0,0,False,0,0,False,INHERITED_RAW_PRICE_BASIS,False,False
2025-08-14|92410,2025-08-14,92410,10:00,13:15,135,PARTIAL,1,4,,,SCALE_INSUFFICIENT,,True,,,,CURRENT_BAR_UNAVAILABLE,OBSERVATION_INSUFFICIENT,6,0,0,False,0,0,False,INHERITED_RAW_PRICE_BASIS,False,False
2025-08-14|92410,2025-08-14,92410,10:00,13:20,140,PARTIAL,2,3,,,SCALE_INSUFFICIENT,,True,,,,CURRENT_BAR_UNAVAILABLE,OBSERVATION_INSUFFICIENT,6,0,0,False,0,0,False,INHERITED_RAW_PRICE_BASIS,False,False
2025-08-14|92410,2025-08-14,92410,10:00,13:25,145,PARTIAL,2,3,,,SCALE_INSUFFICIENT,,True,,,,SCALE_UNAVAILABLE,OBSERVATION_INSUFFICIENT,8,0,0,False,0,0,False,INHERITED_RAW_PRICE_BASIS,False,False
2025-08-14|92410,2025-08-14,92410,10:00,13:30,150,PARTIAL,2,3,,,SCALE_INSUFFICIENT,,True,,,,SCALE_UNAVAILABLE,OBSERVATION_INSUFFICIENT,10,0,0,False,0,0,False,INHERITED_RAW_PRICE_BASIS,False,False
2025-08-14|92410,2025-08-14,92410,10:00,13:35,155,UNAVAILABLE,0,5,,,SCALE_INSUFFICIENT,,True,,,,CURRENT_BAR_UNAVAILABLE,OBSERVATION_INSUFFICIENT,8,0,0,False,0,0,False,INHERITED_RAW_PRICE_BASIS,False,False
2025-08-14|92410,2025-08-14,92410,10:00,13:40,160,UNAVAILABLE,0,5,,,SCALE_INSUFFICIENT,,True,,,,CURRENT_BAR_UNAVAILABLE,OBSERVATION_INSUFFICIENT,4,0,0,False,0,0,False,INHERITED_RAW_PRICE_BASIS,False,False
2025-08-14|92410,2025-08-14,92410,10:00,13:45,165,PARTIAL,2,3,,,SCALE_INSUFFICIENT,,True,,,,CURRENT_BAR_UNAVAILABLE,OBSERVATION_INSUFFICIENT,4,0,0,False,0,0,False,INHERITED_RAW_PRICE_BASIS,False,False
2025-08-14|92410,2025-08-14,92410,10:00,13:50,170,PARTIAL,4,1,,,SCALE_INSUFFICIENT,,True,,,,SCALE_UNAVAILABLE,OBSERVATION_INSUFFICIENT,4,0,0,False,0,0,False,INHERITED_RAW_PRICE_BASIS,False,False
2025-08-14|92410,2025-08-14,92410,10:00,13:55,175,PARTIAL,2,3,,,SCALE_INSUFFICIENT,,True,,,,SCALE_UNAVAILABLE,OBSERVATION_INSUFFICIENT,5,0,0,False,0,0,False,INHERITED_RAW_PRICE_BASIS,False,False
2025-08-14|92410,2025-08-14,92410,10:00,14:00,180,PARTIAL,4,1,,,SCALE_INSUFFICIENT,,True,,,,SCALE_UNAVAILABLE,OBSERVATION_INSUFFICIENT,8,0,0,False,0,0,False,INHERITED_RAW_PRICE_BASIS,False,False
2025-08-14|92410,2025-08-14,92410,10:00,14:05,185,PARTIAL,1,4,,,SCALE_INSUFFICIENT,,True,,,,CURRENT_BAR_UNAVAILABLE,OBSERVATION_INSUFFICIENT,6,0,0,False,0,0,False,INHERITED_RAW_PRICE_BASIS,False,False
2025-08-14|92410,2025-08-14,92410,10:00,14:10,190,PARTIAL,1,4,,,SCALE_INSUFFICIENT,,True,,,,SCALE_UNAVAILABLE,OBSERVATION_INSUFFICIENT,6,0,0,False,0,0,False,INHERITED_RAW_PRICE_BASIS,False,False
2025-08-14|92410,2025-08-14,92410,10:00,14:15,195,PARTIAL,3,2,,,SCALE_INSUFFICIENT,,True,,,,SCALE_UNAVAILABLE,OBSERVATION_INSUFFICIENT,9,0,0,False,0,0,False,INHERITED_RAW_PRICE_BASIS,False,False
2025-08-14|92410,2025-08-14,92410,10:00,14:20,200,PARTIAL,1,4,,,SCALE_INSUFFICIENT,,True,,,,CURRENT_BAR_UNAVAILABLE,OBSERVATION_INSUFFICIENT,9,0,0,False,0,0,False,INHERITED_RAW_PRICE_BASIS,False,False
2025-08-14|92410,2025-08-14,92410,10:00,14:25,205,UNAVAILABLE,0,5,,,SCALE_INSUFFICIENT,,True,,,,CURRENT_BAR_UNAVAILABLE,OBSERVATION_INSUFFICIENT,6,0,0,False,0,0,False,INHERITED_RAW_PRICE_BASIS,False,False
2025-08-14|92410,2025-08-14,92410,10:00,14:30,210,PARTIAL,1,4,,,SCALE_INSUFFICIENT,,True,,,,CURRENT_BAR_UNAVAILABLE,OBSERVATION_INSUFFICIENT,5,0,0,False,0,0,False,INHERITED_RAW_PRICE_BASIS,False,False
2025-08-14|92410,2025-08-14,92410,10:00,14:35,215,PARTIAL,3,2,,,SCALE_INSUFFICIENT,,True,,,,CURRENT_BAR_UNAVAILABLE,OBSERVATION_INSUFFICIENT,6,0,0,False,0,0,False,INHERITED_RAW_PRICE_BASIS,False,False
2025-08-14|92410,2025-08-14,92410,10:00,14:40,220,PARTIAL,2,3,,,SCALE_INSUFFICIENT,,True,,,,SCALE_UNAVAILABLE,OBSERVATION_INSUFFICIENT,7,0,0,False,0,0,False,INHERITED_RAW_PRICE_BASIS,False,False
2025-08-14|92410,2025-08-14,92410,10:00,14:45,225,PARTIAL,2,3,,,SCALE_INSUFFICIENT,,True,,,,CURRENT_BAR_UNAVAILABLE,OBSERVATION_INSUFFICIENT,7,0,0,False,0,0,False,INHERITED_RAW_PRICE_BASIS,False,False
2025-08-14|92410,2025-08-14,92410,10:00,14:50,230,PARTIAL,1,4,,,SCALE_INSUFFICIENT,,True,,,,CURRENT_BAR_UNAVAILABLE,OBSERVATION_INSUFFICIENT,6,0,0,False,0,0,False,INHERITED_RAW_PRICE_BASIS,False,False
2025-08-14|92410,2025-08-14,92410,10:00,14:55,235,PARTIAL,2,3,,,SCALE_INSUFFICIENT,,True,,,,SCALE_UNAVAILABLE,OBSERVATION_INSUFFICIENT,6,0,0,False,0,0,False,INHERITED_RAW_PRICE_BASIS,False,False
2025-08-14|92410,2025-08-14,92410,10:00,15:00,240,PARTIAL,2,3,,,SCALE_INSUFFICIENT,,True,,,,CURRENT_BAR_UNAVAILABLE,OBSERVATION_INSUFFICIENT,7,0,0,False,0,0,False,INHERITED_RAW_PRICE_BASIS,False,False
2025-08-14|92410,2025-08-14,92410,10:00,15:05,245,PARTIAL,2,3,,,SCALE_INSUFFICIENT,,True,,,,CURRENT_BAR_UNAVAILABLE,OBSERVATION_INSUFFICIENT,6,0,0,False,0,0,False,INHERITED_RAW_PRICE_BASIS,False,False
2025-08-14|92410,2025-08-14,92410,10:00,15:10,250,PARTIAL,1,4,,,SCALE_INSUFFICIENT,,True,,,,CURRENT_BAR_UNAVAILABLE,OBSERVATION_INSUFFICIENT,6,0,0,False,0,0,False,INHERITED_RAW_PRICE_BASIS,False,False
2025-08-14|92410,2025-08-14,92410,10:00,15:15,255,PARTIAL,3,2,,,SCALE_INSUFFICIENT,,True,,,,CURRENT_BAR_UNAVAILABLE,OBSERVATION_INSUFFICIENT,6,0,0,False,0,0,False,INHERITED_RAW_PRICE_BASIS,False,False
2025-08-14|92410,2025-08-14,92410,10:00,15:20,260,PARTIAL,1,4,,,SCALE_INSUFFICIENT,,True,,,,CURRENT_BAR_UNAVAILABLE,RIGHT_CENSORED,2,0,0,False,0,0,False,INHERITED_RAW_PRICE_BASIS,False,False
2025-08-14|92410,2025-08-14,92410,10:00,15:25,265,PARTIAL,3,2,,,SCALE_INSUFFICIENT,,True,,,,SCALE_UNAVAILABLE,RIGHT_CENSORED,0,0,0,False,0,0,False,INHERITED_RAW_PRICE_BASIS,False,False
2025-08-14|98160,2025-08-14,98160,11:30,11:30,0,UNAVAILABLE,0,5,,,SCALE_INSUFFICIENT,,True,,,,CURRENT_BAR_UNAVAILABLE,OBSERVATION_INSUFFICIENT,10,0,0,False,0,0,False,INHERITED_RAW_PRICE_BASIS,False,False
2025-08-14|98160,2025-08-14,98160,11:30,12:35,5,UNAVAILABLE,0,5,,,SCALE_INSUFFICIENT,,True,,,,CURRENT_BAR_UNAVAILABLE,OBSERVATION_INSUFFICIENT,9,0,0,False,0,0,False,INHERITED_RAW_PRICE_BASIS,False,False
2025-08-14|98160,2025-08-14,98160,11:30,12:40,10,UNAVAILABLE,0,5,,,SCALE_INSUFFICIENT,,True,,,,CURRENT_BAR_UNAVAILABLE,OBSERVATION_INSUFFICIENT,8,0,0,False,0,0,False,INHERITED_RAW_PRICE_BASIS,False,False
2025-08-14|98160,2025-08-14,98160,11:30,12:45,15,PARTIAL,1,4,,,SCALE_INSUFFICIENT,,True,,,,CURRENT_BAR_UNAVAILABLE,OBSERVATION_INSUFFICIENT,8,0,0,False,0,0,False,INHERITED_RAW_PRICE_BASIS,False,False
2025-08-14|98160,2025-08-14,98160,11:30,12:50,20,PARTIAL,1,4,,,SCALE_INSUFFICIENT,,True,,,,CURRENT_BAR_UNAVAILABLE,OBSERVATION_INSUFFICIENT,8,0,0,False,0,0,False,INHERITED_RAW_PRICE_BASIS,False,False
2025-08-14|98160,2025-08-14,98160,11:30,12:55,25,PARTIAL,1,4,,,SCALE_INSUFFICIENT,,True,,,,CURRENT_BAR_UNAVAILABLE,OBSERVATION_INSUFFICIENT,9,0,0,False,0,0,False,INHERITED_RAW_PRICE_BASIS,False,False
2025-08-14|98160,2025-08-14,98160,11:30,13:00,30,PARTIAL,1,4,,,SCALE_INSUFFICIENT,,True,,,,CURRENT_BAR_UNAVAILABLE,OBSERVATION_INSUFFICIENT,10,0,0,False,0,0,False,INHERITED_RAW_PRICE_BASIS,False,False
2025-08-14|98160,2025-08-14,98160,11:30,13:05,35,UNAVAILABLE,0,5,,,SCALE_INSUFFICIENT,,True,,,,CURRENT_BAR_UNAVAILABLE,OBSERVATION_INSUFFICIENT,10,0,0,False,0,0,False,INHERITED_RAW_PRICE_BASIS,False,False
2025-08-14|98160,2025-08-14,98160,11:30,13:10,40,UNAVAILABLE,0,5,,,SCALE_INSUFFICIENT,,True,,,,CURRENT_BAR_UNAVAILABLE,OBSERVATION_INSUFFICIENT,10,0,0,False,0,0,False,INHERITED_RAW_PRICE_BASIS,False,False
2025-08-14|98160,2025-08-14,98160,11:30,13:15,45,UNAVAILABLE,0,5,,,SCALE_INSUFFICIENT,,True,,,,CURRENT_BAR_UNAVAILABLE,OBSERVATION_INSUFFICIENT,10,0,0,False,0,0,False,INHERITED_RAW_PRICE_BASIS,False,False
2025-08-14|98160,2025-08-14,98160,11:30,13:20,50,UNAVAILABLE,0,5,,,SCALE_INSUFFICIENT,,True,,,,CURRENT_BAR_UNAVAILABLE,OBSERVATION_INSUFFICIENT,9,0,0,False,0,0,False,INHERITED_RAW_PRICE_BASIS,False,False
2025-08-14|98160,2025-08-14,98160,11:30,13:25,55,UNAVAILABLE,0,5,,,SCALE_INSUFFICIENT,,True,,,,CURRENT_BAR_UNAVAILABLE,OBSERVATION_INSUFFICIENT,9,0,0,False,0,0,False,INHERITED_RAW_PRICE_BASIS,False,False
2025-08-14|98160,2025-08-14,98160,11:30,13:30,60,PARTIAL,1,4,,,SCALE_INSUFFICIENT,,True,,,,SCALE_UNAVAILABLE,OBSERVATION_INSUFFICIENT,10,0,0,False,0,0,False,INHERITED_RAW_PRICE_BASIS,False,False
2025-08-14|98160,2025-08-14,98160,11:30,13:35,65,UNAVAILABLE,0,5,,,SCALE_INSUFFICIENT,,True,,,,CURRENT_BAR_UNAVAILABLE,OBSERVATION_INSUFFICIENT,10,0,0,False,0,0,False,INHERITED_RAW_PRICE_BASIS,False,False
2025-08-14|98160,2025-08-14,98160,11:30,13:40,70,UNAVAILABLE,0,5,,,SCALE_INSUFFICIENT,,True,,,,CURRENT_BAR_UNAVAILABLE,OBSERVATION_INSUFFICIENT,10,0,0,False,0,0,False,INHERITED_RAW_PRICE_BASIS,False,False
2025-08-14|98160,2025-08-14,98160,11:30,13:45,75,UNAVAILABLE,0,5,,,SCALE_INSUFFICIENT,,True,,,,CURRENT_BAR_UNAVAILABLE,OBSERVATION_INSUFFICIENT,10,0,0,False,0,0,False,INHERITED_RAW_PRICE_BASIS,False,False
2025-08-14|98160,2025-08-14,98160,11:30,13:50,80,UNAVAILABLE,0,5,,,SCALE_INSUFFICIENT,,True,,,,CURRENT_BAR_UNAVAILABLE,OBSERVATION_INSUFFICIENT,10,0,0,False,0,0,False,INHERITED_RAW_PRICE_BASIS,False,False
2025-08-14|98160,2025-08-14,98160,11:30,13:55,85,UNAVAILABLE,0,5,,,SCALE_INSUFFICIENT,,True,,,,CURRENT_BAR_UNAVAILABLE,OBSERVATION_INSUFFICIENT,9,0,0,False,0,0,False,INHERITED_RAW_PRICE_BASIS,False,False
2025-08-14|98160,2025-08-14,98160,11:30,14:00,90,UNAVAILABLE,0,5,,,SCALE_INSUFFICIENT,,True,,,,CURRENT_BAR_UNAVAILABLE,OBSERVATION_INSUFFICIENT,9,0,0,False,0,0,False,INHERITED_RAW_PRICE_BASIS,False,False
2025-08-14|98160,2025-08-14,98160,11:30,14:05,95,PARTIAL,1,4,,,SCALE_INSUFFICIENT,,True,,,,CURRENT_BAR_UNAVAILABLE,OBSERVATION_INSUFFICIENT,10,0,0,False,0,0,False,INHERITED_RAW_PRICE_BASIS,False,False
2025-08-14|98160,2025-08-14,98160,11:30,14:10,100,UNAVAILABLE,0,5,,,SCALE_INSUFFICIENT,,True,,,,CURRENT_BAR_UNAVAILABLE,OBSERVATION_INSUFFICIENT,10,0,0,False,0,0,False,INHERITED_RAW_PRICE_BASIS,False,False
2025-08-14|98160,2025-08-14,98160,11:30,14:15,105,UNAVAILABLE,0,5,,,SCALE_INSUFFICIENT,,True,,,,CURRENT_BAR_UNAVAILABLE,OBSERVATION_INSUFFICIENT,10,0,0,False,0,0,False,INHERITED_RAW_PRICE_BASIS,False,False
2025-08-14|98160,2025-08-14,98160,11:30,14:20,110,UNAVAILABLE,0,5,,,SCALE_INSUFFICIENT,,True,,,,CURRENT_BAR_UNAVAILABLE,OBSERVATION_INSUFFICIENT,10,0,0,False,0,0,False,INHERITED_RAW_PRICE_BASIS,False,False
2025-08-14|98160,2025-08-14,98160,11:30,14:25,115,UNAVAILABLE,0,5,,,SCALE_INSUFFICIENT,,True,,,,CURRENT_BAR_UNAVAILABLE,OBSERVATION_INSUFFICIENT,10,0,0,False,0,0,False,INHERITED_RAW_PRICE_BASIS,False,False
2025-08-14|98160,2025-08-14,98160,11:30,14:30,120,UNAVAILABLE,0,5,,,SCALE_INSUFFICIENT,,True,,,,CURRENT_BAR_UNAVAILABLE,OBSERVATION_INSUFFICIENT,9,0,0,False,0,0,False,INHERITED_RAW_PRICE_BASIS,False,False
2025-08-14|98160,2025-08-14,98160,11:30,14:35,125,UNAVAILABLE,0,5,,,SCALE_INSUFFICIENT,,True,,,,CURRENT_BAR_UNAVAILABLE,OBSERVATION_INSUFFICIENT,9,0,0,False,0,0,False,INHERITED_RAW_PRICE_BASIS,False,False
2025-08-14|98160,2025-08-14,98160,11:30,14:40,130,PARTIAL,1,4,,,SCALE_INSUFFICIENT,,True,,,,SCALE_UNAVAILABLE,OBSERVATION_INSUFFICIENT,9,0,0,False,0,0,False,INHERITED_RAW_PRICE_BASIS,False,False
2025-08-14|98160,2025-08-14,98160,11:30,14:45,135,UNAVAILABLE,0,5,,,SCALE_INSUFFICIENT,,True,,,,CURRENT_BAR_UNAVAILABLE,OBSERVATION_INSUFFICIENT,9,0,0,False,0,0,False,INHERITED_RAW_PRICE_BASIS,False,False
2025-08-14|98160,2025-08-14,98160,11:30,14:50,140,PARTIAL,1,4,,,SCALE_INSUFFICIENT,,True,,,,CURRENT_BAR_UNAVAILABLE,OBSERVATION_INSUFFICIENT,10,0,0,False,0,0,False,INHERITED_RAW_PRICE_BASIS,False,False
2025-08-14|98160,2025-08-14,98160,11:30,14:55,145,UNAVAILABLE,0,5,,,SCALE_INSUFFICIENT,,True,,,,CURRENT_BAR_UNAVAILABLE,OBSERVATION_INSUFFICIENT,10,0,0,False,0,0,False,INHERITED_RAW_PRICE_BASIS,False,False
2025-08-14|98160,2025-08-14,98160,11:30,15:00,150,UNAVAILABLE,0,5,,,SCALE_INSUFFICIENT,,True,,,,CURRENT_BAR_UNAVAILABLE,OBSERVATION_INSUFFICIENT,10,0,0,False,0,0,False,INHERITED_RAW_PRICE_BASIS,False,False
2025-08-14|98160,2025-08-14,98160,11:30,15:05,155,UNAVAILABLE,0,5,,,SCALE_INSUFFICIENT,,True,,,,CURRENT_BAR_UNAVAILABLE,OBSERVATION_INSUFFICIENT,10,0,0,False,0,0,False,INHERITED_RAW_PRICE_BASIS,False,False
2025-08-14|98160,2025-08-14,98160,11:30,15:10,160,UNAVAILABLE,0,5,,,SCALE_INSUFFICIENT,,True,,,,CURRENT_BAR_UNAVAILABLE,OBSERVATION_INSUFFICIENT,10,0,0,False,0,0,False,INHERITED_RAW_PRICE_BASIS,False,False
2025-08-14|98160,2025-08-14,98160,11:30,15:15,165,UNAVAILABLE,0,5,,,SCALE_INSUFFICIENT,,True,,,,CURRENT_BAR_UNAVAILABLE,OBSERVATION_INSUFFICIENT,10,0,0,False,0,0,False,INHERITED_RAW_PRICE_BASIS,False,False
2025-08-14|98160,2025-08-14,98160,11:30,15:20,170,UNAVAILABLE,0,5,,,SCALE_INSUFFICIENT,,True,,,,CURRENT_BAR_UNAVAILABLE,RIGHT_CENSORED,5,0,0,False,0,0,False,INHERITED_RAW_PRICE_BASIS,False,False
2025-08-14|98160,2025-08-14,98160,11:30,15:25,175,UNAVAILABLE,0,5,,,SCALE_INSUFFICIENT,,True,,,,CURRENT_BAR_UNAVAILABLE,RIGHT_CENSORED,0,0,0,False,0,0,False,INHERITED_RAW_PRICE_BASIS,False,False
