opportunity,session,symbol,selectorTime,asOf,elapsedActiveMinutes,observation,observed1m,missing1m,direction,return5Pct,scaleStatus,scale,dailyComplete5,structure,phase,attributes,stateReason,futureStatus,futureMissing,lateConfirmedPivots,pivotN,localRange,sameBarOrderAmbiguities,closedCrossEvents,semanticAny,contextPriceBasis,transitionObservablePair,phaseChanged
2025-06-10|184A0,2025-06-10,184A0,13:30,13:30,0,COMPLETE,5,0,UP,0.2418379685610641,AVAILABLE,13.0,True,,,,UNRESOLVED_STRUCTURE,WINDOW_OBSERVED,0,0,0,False,2,4,False,INHERITED_RAW_PRICE_BASIS,False,False
2025-06-10|184A0,2025-06-10,184A0,13:30,13:35,5,COMPLETE,5,0,DOWN,-0.6031363088057901,AVAILABLE,13.0,True,,,VOLUME_COMPRESSION|TRADING_VALUE_COMPRESSION,UNRESOLVED_STRUCTURE,OBSERVATION_INSUFFICIENT,1,1,1,False,0,0,False,INHERITED_RAW_PRICE_BASIS,True,False
2025-06-10|184A0,2025-06-10,184A0,13:30,13:40,10,COMPLETE,5,0,DOWN,-0.3645200486026732,AVAILABLE,13.0,True,,,RANGE_EXPANSION|VOLUME_EXPANSION|TRADING_VALUE_EXPANSION,UNRESOLVED_STRUCTURE,OBSERVATION_INSUFFICIENT,1,0,1,False,2,2,False,INHERITED_RAW_PRICE_BASIS,True,False
2025-06-10|184A0,2025-06-10,184A0,13:30,13:45,15,PARTIAL,4,1,,,AVAILABLE,13.0,True,,,,UNRESOLVED_STRUCTURE,WINDOW_OBSERVED,0,1,1,False,0,0,False,INHERITED_RAW_PRICE_BASIS,False,False
2025-06-10|184A0,2025-06-10,184A0,13:30,13:50,20,COMPLETE,5,0,DOWN,-0.7398273736128237,AVAILABLE,13.0,True,,,,UNRESOLVED_STRUCTURE,WINDOW_OBSERVED,0,0,1,False,0,0,False,INHERITED_RAW_PRICE_BASIS,False,False
2025-06-10|184A0,2025-06-10,184A0,13:30,13:55,25,COMPLETE,5,0,UP,0.12437810945273632,AVAILABLE,13.0,True,,,CHOPPINESS|VOLUME_COMPRESSION|TRADING_VALUE_COMPRESSION,UNRESOLVED_STRUCTURE,WINDOW_OBSERVED,0,0,1,False,0,0,False,INHERITED_RAW_PRICE_BASIS,True,False
2025-06-10|184A0,2025-06-10,184A0,13:30,14:00,30,COMPLETE,5,0,UP,0.12422360248447205,AVAILABLE,13.0,True,,,RANGE_COMPRESSION,UNRESOLVED_STRUCTURE,OBSERVATION_INSUFFICIENT,1,0,1,False,0,0,False,INHERITED_RAW_PRICE_BASIS,True,False
2025-06-10|184A0,2025-06-10,184A0,13:30,14:05,35,COMPLETE,5,0,DOWN,-0.37220843672456577,AVAILABLE,13.0,True,,,,UNRESOLVED_STRUCTURE,OBSERVATION_INSUFFICIENT,2,0,1,False,0,0,False,INHERITED_RAW_PRICE_BASIS,True,False
2025-06-10|184A0,2025-06-10,184A0,13:30,14:10,40,PARTIAL,4,1,,,AVAILABLE,13.0,True,,,,UNRESOLVED_STRUCTURE,OBSERVATION_INSUFFICIENT,2,0,0,False,0,0,False,INHERITED_RAW_PRICE_BASIS,False,False
2025-06-10|184A0,2025-06-10,184A0,13:30,14:15,45,PARTIAL,4,1,,,AVAILABLE,13.0,True,,,,UNRESOLVED_STRUCTURE,OBSERVATION_INSUFFICIENT,2,0,0,False,0,0,False,INHERITED_RAW_PRICE_BASIS,False,False
2025-06-10|184A0,2025-06-10,184A0,13:30,14:20,50,PARTIAL,4,1,,,AVAILABLE,13.0,True,,,,UNRESOLVED_STRUCTURE,OBSERVATION_INSUFFICIENT,1,0,0,False,0,0,False,INHERITED_RAW_PRICE_BASIS,False,False
2025-06-10|184A0,2025-06-10,184A0,13:30,14:25,55,PARTIAL,4,1,,,AVAILABLE,13.0,True,,,,UNRESOLVED_STRUCTURE,WINDOW_OBSERVED,0,0,0,False,0,0,False,INHERITED_RAW_PRICE_BASIS,False,False
2025-06-10|184A0,2025-06-10,184A0,13:30,14:30,60,COMPLETE,5,0,DOWN,-0.12626262626262627,AVAILABLE,13.0,True,,,,UNRESOLVED_STRUCTURE,WINDOW_OBSERVED,0,1,1,False,0,0,False,INHERITED_RAW_PRICE_BASIS,False,False
2025-06-10|184A0,2025-06-10,184A0,13:30,14:35,65,COMPLETE,5,0,DOWN,-1.5170670037926675,AVAILABLE,13.0,True,,,RANGE_EXPANSION|VOLUME_EXPANSION|TRADING_VALUE_EXPANSION,UNRESOLVED_STRUCTURE,WINDOW_OBSERVED,0,0,1,False,0,0,False,INHERITED_RAW_PRICE_BASIS,True,False
2025-06-10|184A0,2025-06-10,184A0,13:30,14:40,70,COMPLETE,5,0,UP,1.925545571245186,AVAILABLE,13.0,True,,,,UNRESOLVED_STRUCTURE,WINDOW_OBSERVED,0,1,3,False,0,0,False,INHERITED_RAW_PRICE_BASIS,True,False
2025-06-10|184A0,2025-06-10,184A0,13:30,14:45,75,COMPLETE,5,0,UNCHANGED,0.0,AVAILABLE,13.0,True,,,RANGE_COMPRESSION|VOLUME_COMPRESSION|TRADING_VALUE_COMPRESSION,UNRESOLVED_STRUCTURE,WINDOW_OBSERVED,0,1,3,False,0,0,False,INHERITED_RAW_PRICE_BASIS,True,False
2025-06-10|184A0,2025-06-10,184A0,13:30,14:50,80,COMPLETE,5,0,DOWN,-1.6455696202531647,AVAILABLE,13.0,True,,,RANGE_EXPANSION|VOLUME_EXPANSION|TRADING_VALUE_EXPANSION,UNRESOLVED_STRUCTURE,WINDOW_OBSERVED,0,0,3,False,2,3,False,INHERITED_RAW_PRICE_BASIS,True,False
2025-06-10|184A0,2025-06-10,184A0,13:30,14:55,85,COMPLETE,5,0,UP,0.12853470437017994,AVAILABLE,13.0,True,,,CHOPPINESS|RANGE_COMPRESSION,UNRESOLVED_STRUCTURE,WINDOW_OBSERVED,0,0,3,False,2,1,False,INHERITED_RAW_PRICE_BASIS,True,False
2025-06-10|184A0,2025-06-10,184A0,13:30,15:00,90,COMPLETE,5,0,UP,0.7702182284980744,AVAILABLE,13.0,True,RANGE_STRUCTURE,BALANCE,VOLUME_COMPRESSION|TRADING_VALUE_COMPRESSION,IDENTIFIED,WINDOW_OBSERVED,0,0,3,True,0,0,True,INHERITED_RAW_PRICE_BASIS,True,True
2025-06-10|184A0,2025-06-10,184A0,13:30,15:05,95,COMPLETE,5,0,DOWN,-1.277139208173691,AVAILABLE,13.0,True,,RESTRUCTURING,VOLUME_EXPANSION|TRADING_VALUE_EXPANSION,UNRESOLVED_STRUCTURE,WINDOW_OBSERVED,0,0,3,False,1,2,True,INHERITED_RAW_PRICE_BASIS,True,True
2025-06-10|184A0,2025-06-10,184A0,13:30,15:10,100,COMPLETE,5,0,DOWN,-1.2936610608020698,AVAILABLE,13.0,True,DOWN_STRUCTURE,,VOLUME_EXPANSION|TRADING_VALUE_EXPANSION,IDENTIFIED,WINDOW_OBSERVED,0,1,4,False,0,0,True,INHERITED_RAW_PRICE_BASIS,True,True
2025-06-10|184A0,2025-06-10,184A0,13:30,15:15,105,COMPLETE,5,0,UP,0.2621231979030144,AVAILABLE,13.0,True,DOWN_STRUCTURE,CORRECTION|RECOVERY,VOLUME_EXPANSION|TRADING_VALUE_EXPANSION,IDENTIFIED,WINDOW_OBSERVED,0,1,4,False,0,0,True,INHERITED_RAW_PRICE_BASIS,True,True
2025-06-10|184A0,2025-06-10,184A0,13:30,15:20,110,COMPLETE,5,0,UP,1.1795543905635648,AVAILABLE,13.0,True,DOWN_STRUCTURE,CORRECTION|RECOVERY,VOLUME_COMPRESSION|TRADING_VALUE_COMPRESSION,IDENTIFIED,RIGHT_CENSORED,0,0,4,False,0,1,True,INHERITED_RAW_PRICE_BASIS,True,False
2025-06-10|184A0,2025-06-10,184A0,13:30,15:25,115,COMPLETE,5,0,UP,0.5181347150259067,AVAILABLE,13.0,True,DOWN_STRUCTURE,CORRECTION|RECOVERY,RANGE_COMPRESSION,IDENTIFIED,RIGHT_CENSORED,0,0,4,False,0,0,True,INHERITED_RAW_PRICE_BASIS,True,False
2025-06-10|19820,2025-06-10,19820,11:00,11:00,0,PARTIAL,1,4,,,SCALE_INSUFFICIENT,,True,,,,CURRENT_BAR_UNAVAILABLE,OBSERVATION_INSUFFICIENT,8,0,0,False,0,0,False,INHERITED_RAW_PRICE_BASIS,False,False
2025-06-10|19820,2025-06-10,19820,11:00,11:05,5,PARTIAL,1,4,,,SCALE_INSUFFICIENT,,True,,,,CURRENT_BAR_UNAVAILABLE,OBSERVATION_INSUFFICIENT,8,0,0,False,0,0,False,INHERITED_RAW_PRICE_BASIS,False,False
2025-06-10|19820,2025-06-10,19820,11:00,11:10,10,PARTIAL,1,4,,,SCALE_INSUFFICIENT,,True,,,,SCALE_UNAVAILABLE,OBSERVATION_INSUFFICIENT,8,0,0,False,0,0,False,INHERITED_RAW_PRICE_BASIS,False,False
2025-06-10|19820,2025-06-10,19820,11:00,11:15,15,PARTIAL,1,4,,,SCALE_INSUFFICIENT,,True,,,,SCALE_UNAVAILABLE,OBSERVATION_INSUFFICIENT,8,0,0,False,0,0,False,INHERITED_RAW_PRICE_BASIS,False,False
2025-06-10|19820,2025-06-10,19820,11:00,11:20,20,PARTIAL,1,4,,,SCALE_INSUFFICIENT,,True,,,,CURRENT_BAR_UNAVAILABLE,OBSERVATION_INSUFFICIENT,8,0,0,False,1,0,False,INHERITED_RAW_PRICE_BASIS,False,False
2025-06-10|19820,2025-06-10,19820,11:00,11:25,25,PARTIAL,1,4,,,SCALE_INSUFFICIENT,,True,,,,CURRENT_BAR_UNAVAILABLE,OBSERVATION_INSUFFICIENT,5,0,0,False,0,0,False,INHERITED_RAW_PRICE_BASIS,False,False
2025-06-10|19820,2025-06-10,19820,11:00,11:30,30,PARTIAL,1,4,,,SCALE_INSUFFICIENT,,True,,,,CURRENT_BAR_UNAVAILABLE,OBSERVATION_INSUFFICIENT,5,0,0,False,3,0,False,INHERITED_RAW_PRICE_BASIS,False,False
2025-06-10|19820,2025-06-10,19820,11:00,12:35,35,PARTIAL,4,1,,,SCALE_INSUFFICIENT,,True,,,,SCALE_UNAVAILABLE,OBSERVATION_INSUFFICIENT,8,0,0,False,4,0,False,INHERITED_RAW_PRICE_BASIS,False,False
2025-06-10|19820,2025-06-10,19820,11:00,12:40,40,PARTIAL,1,4,,,SCALE_INSUFFICIENT,,True,,,,CURRENT_BAR_UNAVAILABLE,OBSERVATION_INSUFFICIENT,6,0,0,False,3,2,False,INHERITED_RAW_PRICE_BASIS,False,False
2025-06-10|19820,2025-06-10,19820,11:00,12:45,45,PARTIAL,1,4,,,SCALE_INSUFFICIENT,,True,,,,CURRENT_BAR_UNAVAILABLE,OBSERVATION_INSUFFICIENT,4,0,0,False,0,0,False,INHERITED_RAW_PRICE_BASIS,False,False
2025-06-10|19820,2025-06-10,19820,11:00,12:50,50,PARTIAL,3,2,,,SCALE_INSUFFICIENT,,True,,,,SCALE_UNAVAILABLE,OBSERVATION_INSUFFICIENT,5,0,0,False,0,0,False,INHERITED_RAW_PRICE_BASIS,False,False
2025-06-10|19820,2025-06-10,19820,11:00,12:55,55,PARTIAL,3,2,,,SCALE_INSUFFICIENT,,True,,,,CURRENT_BAR_UNAVAILABLE,OBSERVATION_INSUFFICIENT,7,0,0,False,0,0,False,INHERITED_RAW_PRICE_BASIS,False,False
2025-06-10|19820,2025-06-10,19820,11:00,13:00,60,PARTIAL,2,3,,,SCALE_INSUFFICIENT,,True,,,,CURRENT_BAR_UNAVAILABLE,OBSERVATION_INSUFFICIENT,7,0,0,False,0,0,False,INHERITED_RAW_PRICE_BASIS,False,False
2025-06-10|19820,2025-06-10,19820,11:00,13:05,65,PARTIAL,1,4,,,SCALE_INSUFFICIENT,,True,,,,CURRENT_BAR_UNAVAILABLE,OBSERVATION_INSUFFICIENT,7,0,0,False,0,0,False,INHERITED_RAW_PRICE_BASIS,False,False
2025-06-10|19820,2025-06-10,19820,11:00,13:10,70,PARTIAL,2,3,,,SCALE_INSUFFICIENT,,True,,,,SCALE_UNAVAILABLE,OBSERVATION_INSUFFICIENT,7,0,0,False,0,0,False,INHERITED_RAW_PRICE_BASIS,False,False
2025-06-10|19820,2025-06-10,19820,11:00,13:15,75,PARTIAL,1,4,,,SCALE_INSUFFICIENT,,True,,,,CURRENT_BAR_UNAVAILABLE,OBSERVATION_INSUFFICIENT,6,0,0,False,0,0,False,INHERITED_RAW_PRICE_BASIS,False,False
2025-06-10|19820,2025-06-10,19820,11:00,13:20,80,PARTIAL,2,3,,,SCALE_INSUFFICIENT,,True,,,,CURRENT_BAR_UNAVAILABLE,OBSERVATION_INSUFFICIENT,7,0,0,False,0,0,False,INHERITED_RAW_PRICE_BASIS,False,False
2025-06-10|19820,2025-06-10,19820,11:00,13:25,85,PARTIAL,2,3,,,SCALE_INSUFFICIENT,,True,,,,CURRENT_BAR_UNAVAILABLE,OBSERVATION_INSUFFICIENT,7,0,0,False,0,0,False,INHERITED_RAW_PRICE_BASIS,False,False
2025-06-10|19820,2025-06-10,19820,11:00,13:30,90,PARTIAL,1,4,,,SCALE_INSUFFICIENT,,True,,,,CURRENT_BAR_UNAVAILABLE,OBSERVATION_INSUFFICIENT,7,0,0,False,0,0,False,INHERITED_RAW_PRICE_BASIS,False,False
2025-06-10|19820,2025-06-10,19820,11:00,13:35,95,PARTIAL,2,3,,,SCALE_INSUFFICIENT,,True,,,,CURRENT_BAR_UNAVAILABLE,OBSERVATION_INSUFFICIENT,9,0,0,False,0,0,False,INHERITED_RAW_PRICE_BASIS,False,False
2025-06-10|19820,2025-06-10,19820,11:00,13:40,100,PARTIAL,1,4,,,SCALE_INSUFFICIENT,,True,,,,CURRENT_BAR_UNAVAILABLE,OBSERVATION_INSUFFICIENT,8,0,0,False,0,0,False,INHERITED_RAW_PRICE_BASIS,False,False
2025-06-10|19820,2025-06-10,19820,11:00,13:45,105,UNAVAILABLE,0,5,,,SCALE_INSUFFICIENT,,True,,,,CURRENT_BAR_UNAVAILABLE,OBSERVATION_INSUFFICIENT,7,0,0,False,0,0,False,INHERITED_RAW_PRICE_BASIS,False,False
2025-06-10|19820,2025-06-10,19820,11:00,13:50,110,PARTIAL,2,3,,,SCALE_INSUFFICIENT,,True,,,,CURRENT_BAR_UNAVAILABLE,OBSERVATION_INSUFFICIENT,8,0,0,False,0,0,False,INHERITED_RAW_PRICE_BASIS,False,False
2025-06-10|19820,2025-06-10,19820,11:00,13:55,115,PARTIAL,1,4,,,SCALE_INSUFFICIENT,,True,,,,CURRENT_BAR_UNAVAILABLE,OBSERVATION_INSUFFICIENT,8,0,0,False,0,0,False,INHERITED_RAW_PRICE_BASIS,False,False
2025-06-10|19820,2025-06-10,19820,11:00,14:00,120,PARTIAL,1,4,,,SCALE_INSUFFICIENT,,True,,,,CURRENT_BAR_UNAVAILABLE,OBSERVATION_INSUFFICIENT,8,0,0,False,0,0,False,INHERITED_RAW_PRICE_BASIS,False,False
2025-06-10|19820,2025-06-10,19820,11:00,14:05,125,PARTIAL,1,4,,,SCALE_INSUFFICIENT,,True,,,,CURRENT_BAR_UNAVAILABLE,OBSERVATION_INSUFFICIENT,9,0,0,False,0,0,False,INHERITED_RAW_PRICE_BASIS,False,False
2025-06-10|19820,2025-06-10,19820,11:00,14:10,130,PARTIAL,1,4,,,SCALE_INSUFFICIENT,,True,,,,SCALE_UNAVAILABLE,OBSERVATION_INSUFFICIENT,9,0,0,False,2,0,False,INHERITED_RAW_PRICE_BASIS,False,False
2025-06-10|19820,2025-06-10,19820,11:00,14:15,135,UNAVAILABLE,0,5,,,SCALE_INSUFFICIENT,,True,,,,CURRENT_BAR_UNAVAILABLE,OBSERVATION_INSUFFICIENT,8,0,0,False,0,0,False,INHERITED_RAW_PRICE_BASIS,False,False
2025-06-10|19820,2025-06-10,19820,11:00,14:20,140,PARTIAL,1,4,,,SCALE_INSUFFICIENT,,True,,,,SCALE_UNAVAILABLE,OBSERVATION_INSUFFICIENT,8,0,0,False,0,0,False,INHERITED_RAW_PRICE_BASIS,False,False
2025-06-10|19820,2025-06-10,19820,11:00,14:25,145,PARTIAL,1,4,,,SCALE_INSUFFICIENT,,True,,,,CURRENT_BAR_UNAVAILABLE,OBSERVATION_INSUFFICIENT,9,0,0,False,0,0,False,INHERITED_RAW_PRICE_BASIS,False,False
2025-06-10|19820,2025-06-10,19820,11:00,14:30,150,PARTIAL,1,4,,,SCALE_INSUFFICIENT,,True,,,,SCALE_UNAVAILABLE,OBSERVATION_INSUFFICIENT,9,0,0,False,0,0,False,INHERITED_RAW_PRICE_BASIS,False,False
2025-06-10|19820,2025-06-10,19820,11:00,14:35,155,UNAVAILABLE,0,5,,,SCALE_INSUFFICIENT,,True,,,,CURRENT_BAR_UNAVAILABLE,OBSERVATION_INSUFFICIENT,9,0,0,False,0,0,False,INHERITED_RAW_PRICE_BASIS,False,False
2025-06-10|19820,2025-06-10,19820,11:00,14:40,160,PARTIAL,1,4,,,SCALE_INSUFFICIENT,,True,,,,CURRENT_BAR_UNAVAILABLE,OBSERVATION_INSUFFICIENT,9,0,0,False,0,0,False,INHERITED_RAW_PRICE_BASIS,False,False
2025-06-10|19820,2025-06-10,19820,11:00,14:45,165,UNAVAILABLE,0,5,,,SCALE_INSUFFICIENT,,True,,,,CURRENT_BAR_UNAVAILABLE,OBSERVATION_INSUFFICIENT,8,0,0,False,0,0,False,INHERITED_RAW_PRICE_BASIS,False,False
2025-06-10|19820,2025-06-10,19820,11:00,14:50,170,PARTIAL,1,4,,,SCALE_INSUFFICIENT,,True,,,,CURRENT_BAR_UNAVAILABLE,OBSERVATION_INSUFFICIENT,9,0,0,False,0,0,False,INHERITED_RAW_PRICE_BASIS,False,False
2025-06-10|19820,2025-06-10,19820,11:00,14:55,175,PARTIAL,1,4,,,SCALE_INSUFFICIENT,,True,,,,SCALE_UNAVAILABLE,OBSERVATION_INSUFFICIENT,9,0,0,False,0,0,False,INHERITED_RAW_PRICE_BASIS,False,False
2025-06-10|19820,2025-06-10,19820,11:00,15:00,180,UNAVAILABLE,0,5,,,SCALE_INSUFFICIENT,,True,,,,CURRENT_BAR_UNAVAILABLE,OBSERVATION_INSUFFICIENT,8,0,0,False,0,0,False,INHERITED_RAW_PRICE_BASIS,False,False
2025-06-10|19820,2025-06-10,19820,11:00,15:05,185,PARTIAL,1,4,,,SCALE_INSUFFICIENT,,True,,,,CURRENT_BAR_UNAVAILABLE,OBSERVATION_INSUFFICIENT,7,0,0,False,0,0,False,INHERITED_RAW_PRICE_BASIS,False,False
2025-06-10|19820,2025-06-10,19820,11:00,15:10,190,PARTIAL,1,4,,,SCALE_INSUFFICIENT,,True,,,,CURRENT_BAR_UNAVAILABLE,OBSERVATION_INSUFFICIENT,4,0,0,False,0,0,False,INHERITED_RAW_PRICE_BASIS,False,False
2025-06-10|19820,2025-06-10,19820,11:00,15:15,195,PARTIAL,2,3,,,SCALE_INSUFFICIENT,,True,,,,SCALE_UNAVAILABLE,OBSERVATION_INSUFFICIENT,3,0,0,False,0,0,False,INHERITED_RAW_PRICE_BASIS,False,False
2025-06-10|19820,2025-06-10,19820,11:00,15:20,200,PARTIAL,4,1,,,SCALE_INSUFFICIENT,,True,,,,SCALE_UNAVAILABLE,RIGHT_CENSORED,2,0,0,False,0,0,False,INHERITED_RAW_PRICE_BASIS,False,False
2025-06-10|19820,2025-06-10,19820,11:00,15:25,205,PARTIAL,3,2,,,SCALE_INSUFFICIENT,,True,,,,SCALE_UNAVAILABLE,RIGHT_CENSORED,0,0,0,False,3,0,False,INHERITED_RAW_PRICE_BASIS,False,False
2025-06-10|21950,2025-06-10,21950,10:30,10:30,0,PARTIAL,1,4,,,SCALE_INSUFFICIENT,,True,,,,CURRENT_BAR_UNAVAILABLE,OBSERVATION_INSUFFICIENT,9,0,0,False,2,0,False,INHERITED_RAW_PRICE_BASIS,False,False
2025-06-10|21950,2025-06-10,21950,10:30,10:35,5,UNAVAILABLE,0,5,,,SCALE_INSUFFICIENT,,True,,,,CURRENT_BAR_UNAVAILABLE,OBSERVATION_INSUFFICIENT,8,0,0,False,0,0,False,INHERITED_RAW_PRICE_BASIS,False,False
2025-06-10|21950,2025-06-10,21950,10:30,10:40,10,PARTIAL,1,4,,,SCALE_INSUFFICIENT,,True,,,,CURRENT_BAR_UNAVAILABLE,OBSERVATION_INSUFFICIENT,9,0,0,False,0,0,False,INHERITED_RAW_PRICE_BASIS,False,False
2025-06-10|21950,2025-06-10,21950,10:30,10:45,15,PARTIAL,1,4,,,SCALE_INSUFFICIENT,,True,,,,CURRENT_BAR_UNAVAILABLE,OBSERVATION_INSUFFICIENT,10,0,0,False,0,0,False,INHERITED_RAW_PRICE_BASIS,False,False
2025-06-10|21950,2025-06-10,21950,10:30,10:50,20,UNAVAILABLE,0,5,,,SCALE_INSUFFICIENT,,True,,,,CURRENT_BAR_UNAVAILABLE,OBSERVATION_INSUFFICIENT,10,0,0,False,0,0,False,INHERITED_RAW_PRICE_BASIS,False,False
2025-06-10|21950,2025-06-10,21950,10:30,10:55,25,UNAVAILABLE,0,5,,,SCALE_INSUFFICIENT,,True,,,,CURRENT_BAR_UNAVAILABLE,OBSERVATION_INSUFFICIENT,10,0,0,False,0,0,False,INHERITED_RAW_PRICE_BASIS,False,False
2025-06-10|21950,2025-06-10,21950,10:30,11:00,30,UNAVAILABLE,0,5,,,SCALE_INSUFFICIENT,,True,,,,CURRENT_BAR_UNAVAILABLE,OBSERVATION_INSUFFICIENT,9,0,0,False,0,0,False,INHERITED_RAW_PRICE_BASIS,False,False
2025-06-10|21950,2025-06-10,21950,10:30,11:05,35,UNAVAILABLE,0,5,,,SCALE_INSUFFICIENT,,True,,,,CURRENT_BAR_UNAVAILABLE,OBSERVATION_INSUFFICIENT,9,0,0,False,0,0,False,INHERITED_RAW_PRICE_BASIS,False,False
2025-06-10|21950,2025-06-10,21950,10:30,11:10,40,PARTIAL,1,4,,,SCALE_INSUFFICIENT,,True,,,,CURRENT_BAR_UNAVAILABLE,OBSERVATION_INSUFFICIENT,10,0,0,False,0,0,False,INHERITED_RAW_PRICE_BASIS,False,False
2025-06-10|21950,2025-06-10,21950,10:30,11:15,45,UNAVAILABLE,0,5,,,SCALE_INSUFFICIENT,,True,,,,CURRENT_BAR_UNAVAILABLE,OBSERVATION_INSUFFICIENT,10,0,0,False,0,0,False,INHERITED_RAW_PRICE_BASIS,False,False
2025-06-10|21950,2025-06-10,21950,10:30,11:20,50,UNAVAILABLE,0,5,,,SCALE_INSUFFICIENT,,True,,,,CURRENT_BAR_UNAVAILABLE,OBSERVATION_INSUFFICIENT,10,0,0,False,0,0,False,INHERITED_RAW_PRICE_BASIS,False,False
2025-06-10|21950,2025-06-10,21950,10:30,11:25,55,UNAVAILABLE,0,5,,,SCALE_INSUFFICIENT,,True,,,,CURRENT_BAR_UNAVAILABLE,OBSERVATION_INSUFFICIENT,9,0,0,False,0,0,False,INHERITED_RAW_PRICE_BASIS,False,False
2025-06-10|21950,2025-06-10,21950,10:30,11:30,60,UNAVAILABLE,0,5,,,SCALE_INSUFFICIENT,,True,,,,CURRENT_BAR_UNAVAILABLE,OBSERVATION_INSUFFICIENT,9,0,0,False,0,0,False,INHERITED_RAW_PRICE_BASIS,False,False
2025-06-10|21950,2025-06-10,21950,10:30,12:35,65,PARTIAL,1,4,,,SCALE_INSUFFICIENT,,True,,,,CURRENT_BAR_UNAVAILABLE,OBSERVATION_INSUFFICIENT,9,0,0,False,0,0,False,INHERITED_RAW_PRICE_BASIS,False,False
2025-06-10|21950,2025-06-10,21950,10:30,12:40,70,UNAVAILABLE,0,5,,,SCALE_INSUFFICIENT,,True,,,,CURRENT_BAR_UNAVAILABLE,OBSERVATION_INSUFFICIENT,9,0,0,False,0,0,False,INHERITED_RAW_PRICE_BASIS,False,False
2025-06-10|21950,2025-06-10,21950,10:30,12:45,75,PARTIAL,1,4,,,SCALE_INSUFFICIENT,,True,,,,CURRENT_BAR_UNAVAILABLE,OBSERVATION_INSUFFICIENT,10,0,0,False,0,0,False,INHERITED_RAW_PRICE_BASIS,False,False
2025-06-10|21950,2025-06-10,21950,10:30,12:50,80,UNAVAILABLE,0,5,,,SCALE_INSUFFICIENT,,True,,,,CURRENT_BAR_UNAVAILABLE,OBSERVATION_INSUFFICIENT,8,0,0,False,0,0,False,INHERITED_RAW_PRICE_BASIS,False,False
2025-06-10|21950,2025-06-10,21950,10:30,12:55,85,UNAVAILABLE,0,5,,,SCALE_INSUFFICIENT,,True,,,,CURRENT_BAR_UNAVAILABLE,OBSERVATION_INSUFFICIENT,8,0,0,False,0,0,False,INHERITED_RAW_PRICE_BASIS,False,False
2025-06-10|21950,2025-06-10,21950,10:30,13:00,90,PARTIAL,2,3,,,SCALE_INSUFFICIENT,,True,,,,CURRENT_BAR_UNAVAILABLE,OBSERVATION_INSUFFICIENT,9,0,0,False,0,0,False,INHERITED_RAW_PRICE_BASIS,False,False
2025-06-10|21950,2025-06-10,21950,10:30,13:05,95,UNAVAILABLE,0,5,,,SCALE_INSUFFICIENT,,True,,,,CURRENT_BAR_UNAVAILABLE,OBSERVATION_INSUFFICIENT,9,0,0,False,0,0,False,INHERITED_RAW_PRICE_BASIS,False,False
2025-06-10|21950,2025-06-10,21950,10:30,13:10,100,PARTIAL,1,4,,,SCALE_INSUFFICIENT,,True,,,,CURRENT_BAR_UNAVAILABLE,OBSERVATION_INSUFFICIENT,10,0,0,False,0,0,False,INHERITED_RAW_PRICE_BASIS,False,False
2025-06-10|21950,2025-06-10,21950,10:30,13:15,105,UNAVAILABLE,0,5,,,SCALE_INSUFFICIENT,,True,,,,CURRENT_BAR_UNAVAILABLE,OBSERVATION_INSUFFICIENT,10,0,0,False,0,0,False,INHERITED_RAW_PRICE_BASIS,False,False
2025-06-10|21950,2025-06-10,21950,10:30,13:20,110,UNAVAILABLE,0,5,,,SCALE_INSUFFICIENT,,True,,,,CURRENT_BAR_UNAVAILABLE,OBSERVATION_INSUFFICIENT,10,0,0,False,0,0,False,INHERITED_RAW_PRICE_BASIS,False,False
2025-06-10|21950,2025-06-10,21950,10:30,13:25,115,UNAVAILABLE,0,5,,,SCALE_INSUFFICIENT,,True,,,,CURRENT_BAR_UNAVAILABLE,OBSERVATION_INSUFFICIENT,10,0,0,False,0,0,False,INHERITED_RAW_PRICE_BASIS,False,False
2025-06-10|21950,2025-06-10,21950,10:30,13:30,120,UNAVAILABLE,0,5,,,SCALE_INSUFFICIENT,,True,,,,CURRENT_BAR_UNAVAILABLE,OBSERVATION_INSUFFICIENT,10,0,0,False,0,0,False,INHERITED_RAW_PRICE_BASIS,False,False
2025-06-10|21950,2025-06-10,21950,10:30,13:35,125,UNAVAILABLE,0,5,,,SCALE_INSUFFICIENT,,True,,,,CURRENT_BAR_UNAVAILABLE,OBSERVATION_INSUFFICIENT,10,0,0,False,0,0,False,INHERITED_RAW_PRICE_BASIS,False,False
2025-06-10|21950,2025-06-10,21950,10:30,13:40,130,UNAVAILABLE,0,5,,,SCALE_INSUFFICIENT,,True,,,,CURRENT_BAR_UNAVAILABLE,OBSERVATION_INSUFFICIENT,10,0,0,False,0,0,False,INHERITED_RAW_PRICE_BASIS,False,False
2025-06-10|21950,2025-06-10,21950,10:30,13:45,135,UNAVAILABLE,0,5,,,SCALE_INSUFFICIENT,,True,,,,CURRENT_BAR_UNAVAILABLE,OBSERVATION_INSUFFICIENT,9,0,0,False,0,0,False,INHERITED_RAW_PRICE_BASIS,False,False
2025-06-10|21950,2025-06-10,21950,10:30,13:50,140,UNAVAILABLE,0,5,,,SCALE_INSUFFICIENT,,True,,,,CURRENT_BAR_UNAVAILABLE,OBSERVATION_INSUFFICIENT,8,0,0,False,0,0,False,INHERITED_RAW_PRICE_BASIS,False,False
2025-06-10|21950,2025-06-10,21950,10:30,13:55,145,PARTIAL,1,4,,,SCALE_INSUFFICIENT,,True,,,,CURRENT_BAR_UNAVAILABLE,OBSERVATION_INSUFFICIENT,9,0,0,False,0,0,False,INHERITED_RAW_PRICE_BASIS,False,False
2025-06-10|21950,2025-06-10,21950,10:30,14:00,150,PARTIAL,1,4,,,SCALE_INSUFFICIENT,,True,,,,CURRENT_BAR_UNAVAILABLE,OBSERVATION_INSUFFICIENT,10,0,0,False,0,0,False,INHERITED_RAW_PRICE_BASIS,False,False
2025-06-10|21950,2025-06-10,21950,10:30,14:05,155,UNAVAILABLE,0,5,,,SCALE_INSUFFICIENT,,True,,,,CURRENT_BAR_UNAVAILABLE,OBSERVATION_INSUFFICIENT,10,0,0,False,0,0,False,INHERITED_RAW_PRICE_BASIS,False,False
2025-06-10|21950,2025-06-10,21950,10:30,14:10,160,UNAVAILABLE,0,5,,,SCALE_INSUFFICIENT,,True,,,,CURRENT_BAR_UNAVAILABLE,OBSERVATION_INSUFFICIENT,10,0,0,False,0,0,False,INHERITED_RAW_PRICE_BASIS,False,False
2025-06-10|21950,2025-06-10,21950,10:30,14:15,165,UNAVAILABLE,0,5,,,SCALE_INSUFFICIENT,,True,,,,CURRENT_BAR_UNAVAILABLE,OBSERVATION_INSUFFICIENT,9,0,0,False,0,0,False,INHERITED_RAW_PRICE_BASIS,False,False
2025-06-10|21950,2025-06-10,21950,10:30,14:20,170,UNAVAILABLE,0,5,,,SCALE_INSUFFICIENT,,True,,,,CURRENT_BAR_UNAVAILABLE,OBSERVATION_INSUFFICIENT,9,0,0,False,0,0,False,INHERITED_RAW_PRICE_BASIS,False,False
2025-06-10|21950,2025-06-10,21950,10:30,14:25,175,PARTIAL,1,4,,,SCALE_INSUFFICIENT,,True,,,,CURRENT_BAR_UNAVAILABLE,OBSERVATION_INSUFFICIENT,10,0,0,False,0,0,False,INHERITED_RAW_PRICE_BASIS,False,False
2025-06-10|21950,2025-06-10,21950,10:30,14:30,180,UNAVAILABLE,0,5,,,SCALE_INSUFFICIENT,,True,,,,CURRENT_BAR_UNAVAILABLE,OBSERVATION_INSUFFICIENT,10,0,0,False,0,0,False,INHERITED_RAW_PRICE_BASIS,False,False
2025-06-10|21950,2025-06-10,21950,10:30,14:35,185,UNAVAILABLE,0,5,,,SCALE_INSUFFICIENT,,True,,,,CURRENT_BAR_UNAVAILABLE,OBSERVATION_INSUFFICIENT,10,0,0,False,0,0,False,INHERITED_RAW_PRICE_BASIS,False,False
2025-06-10|21950,2025-06-10,21950,10:30,14:40,190,UNAVAILABLE,0,5,,,SCALE_INSUFFICIENT,,True,,,,CURRENT_BAR_UNAVAILABLE,OBSERVATION_INSUFFICIENT,10,0,0,False,0,0,False,INHERITED_RAW_PRICE_BASIS,False,False
2025-06-10|21950,2025-06-10,21950,10:30,14:45,195,UNAVAILABLE,0,5,,,SCALE_INSUFFICIENT,,True,,,,CURRENT_BAR_UNAVAILABLE,OBSERVATION_INSUFFICIENT,10,0,0,False,0,0,False,INHERITED_RAW_PRICE_BASIS,False,False
2025-06-10|21950,2025-06-10,21950,10:30,14:50,200,UNAVAILABLE,0,5,,,SCALE_INSUFFICIENT,,True,,,,CURRENT_BAR_UNAVAILABLE,OBSERVATION_INSUFFICIENT,10,0,0,False,0,0,False,INHERITED_RAW_PRICE_BASIS,False,False
2025-06-10|21950,2025-06-10,21950,10:30,14:55,205,UNAVAILABLE,0,5,,,SCALE_INSUFFICIENT,,True,,,,CURRENT_BAR_UNAVAILABLE,OBSERVATION_INSUFFICIENT,10,0,0,False,0,0,False,INHERITED_RAW_PRICE_BASIS,False,False
2025-06-10|21950,2025-06-10,21950,10:30,15:00,210,UNAVAILABLE,0,5,,,SCALE_INSUFFICIENT,,True,,,,CURRENT_BAR_UNAVAILABLE,OBSERVATION_INSUFFICIENT,10,0,0,False,0,0,False,INHERITED_RAW_PRICE_BASIS,False,False
2025-06-10|21950,2025-06-10,21950,10:30,15:05,215,UNAVAILABLE,0,5,,,SCALE_INSUFFICIENT,,True,,,,CURRENT_BAR_UNAVAILABLE,OBSERVATION_INSUFFICIENT,10,0,0,False,0,0,False,INHERITED_RAW_PRICE_BASIS,False,False
2025-06-10|21950,2025-06-10,21950,10:30,15:10,220,UNAVAILABLE,0,5,,,SCALE_INSUFFICIENT,,True,,,,CURRENT_BAR_UNAVAILABLE,OBSERVATION_INSUFFICIENT,9,0,0,False,0,0,False,INHERITED_RAW_PRICE_BASIS,False,False
2025-06-10|21950,2025-06-10,21950,10:30,15:15,225,UNAVAILABLE,0,5,,,SCALE_INSUFFICIENT,,True,,,,CURRENT_BAR_UNAVAILABLE,OBSERVATION_INSUFFICIENT,9,0,0,False,0,0,False,INHERITED_RAW_PRICE_BASIS,False,False
2025-06-10|21950,2025-06-10,21950,10:30,15:20,230,PARTIAL,1,4,,,SCALE_INSUFFICIENT,,True,,,,CURRENT_BAR_UNAVAILABLE,RIGHT_CENSORED,5,0,0,False,0,0,False,INHERITED_RAW_PRICE_BASIS,False,False
2025-06-10|21950,2025-06-10,21950,10:30,15:25,235,UNAVAILABLE,0,5,,,SCALE_INSUFFICIENT,,True,,,,CURRENT_BAR_UNAVAILABLE,RIGHT_CENSORED,0,0,0,False,0,0,False,INHERITED_RAW_PRICE_BASIS,False,False
2025-06-10|27000,2025-06-10,27000,13:00,13:00,0,COMPLETE,5,0,UNCHANGED,0.0,AVAILABLE,400.0,True,,,RANGE_COMPRESSION|VOLUME_COMPRESSION|TRADING_VALUE_COMPRESSION,UNRESOLVED_STRUCTURE,OBSERVATION_INSUFFICIENT,8,0,1,False,0,0,False,INHERITED_RAW_PRICE_BASIS,False,False
2025-06-10|27000,2025-06-10,27000,13:00,13:05,5,PARTIAL,1,4,,,AVAILABLE,400.0,True,,,,CURRENT_BAR_UNAVAILABLE,OBSERVATION_INSUFFICIENT,7,0,0,False,0,0,False,INHERITED_RAW_PRICE_BASIS,False,False
2025-06-10|27000,2025-06-10,27000,13:00,13:10,10,PARTIAL,1,4,,,AVAILABLE,400.0,True,,,,CURRENT_BAR_UNAVAILABLE,OBSERVATION_INSUFFICIENT,4,0,0,False,0,0,False,INHERITED_RAW_PRICE_BASIS,False,False
2025-06-10|27000,2025-06-10,27000,13:00,13:15,15,PARTIAL,2,3,,,AVAILABLE,400.0,True,,,,CURRENT_BAR_UNAVAILABLE,OBSERVATION_INSUFFICIENT,3,0,0,False,0,0,False,INHERITED_RAW_PRICE_BASIS,False,False
2025-06-10|27000,2025-06-10,27000,13:00,13:20,20,PARTIAL,4,1,,,AVAILABLE,400.0,True,,,,UNRESOLVED_STRUCTURE,OBSERVATION_INSUFFICIENT,4,0,0,False,0,0,False,INHERITED_RAW_PRICE_BASIS,False,False
2025-06-10|27000,2025-06-10,27000,13:00,13:25,25,PARTIAL,3,2,,,AVAILABLE,400.0,True,,,,CURRENT_BAR_UNAVAILABLE,OBSERVATION_INSUFFICIENT,4,0,0,False,0,0,False,INHERITED_RAW_PRICE_BASIS,False,False
2025-06-10|27000,2025-06-10,27000,13:00,13:30,30,PARTIAL,3,2,,,AVAILABLE,400.0,True,,,,CURRENT_BAR_UNAVAILABLE,OBSERVATION_INSUFFICIENT,5,0,0,False,0,0,False,INHERITED_RAW_PRICE_BASIS,False,False
2025-06-10|27000,2025-06-10,27000,13:00,13:35,35,PARTIAL,3,2,,,AVAILABLE,400.0,True,,,,UNRESOLVED_STRUCTURE,OBSERVATION_INSUFFICIENT,6,0,0,False,0,0,False,INHERITED_RAW_PRICE_BASIS,False,False
2025-06-10|27000,2025-06-10,27000,13:00,13:40,40,PARTIAL,2,3,,,AVAILABLE,400.0,True,,,,UNRESOLVED_STRUCTURE,OBSERVATION_INSUFFICIENT,5,0,0,False,0,0,False,INHERITED_RAW_PRICE_BASIS,False,False
2025-06-10|27000,2025-06-10,27000,13:00,13:45,45,PARTIAL,2,3,,,AVAILABLE,400.0,True,,,,CURRENT_BAR_UNAVAILABLE,OBSERVATION_INSUFFICIENT,5,0,0,False,0,0,False,INHERITED_RAW_PRICE_BASIS,False,False
2025-06-10|27000,2025-06-10,27000,13:00,13:50,50,PARTIAL,3,2,,,AVAILABLE,400.0,True,,,,UNRESOLVED_STRUCTURE,OBSERVATION_INSUFFICIENT,7,0,0,False,0,0,False,INHERITED_RAW_PRICE_BASIS,False,False
2025-06-10|27000,2025-06-10,27000,13:00,13:55,55,PARTIAL,2,3,,,AVAILABLE,400.0,True,,,,CURRENT_BAR_UNAVAILABLE,OBSERVATION_INSUFFICIENT,9,0,0,False,0,0,False,INHERITED_RAW_PRICE_BASIS,False,False
2025-06-10|27000,2025-06-10,27000,13:00,14:00,60,PARTIAL,1,4,,,AVAILABLE,400.0,True,,,,CURRENT_BAR_UNAVAILABLE,OBSERVATION_INSUFFICIENT,8,0,0,False,0,0,False,INHERITED_RAW_PRICE_BASIS,False,False
2025-06-10|27000,2025-06-10,27000,13:00,14:05,65,UNAVAILABLE,0,5,,,AVAILABLE,400.0,True,,,,CURRENT_BAR_UNAVAILABLE,OBSERVATION_INSUFFICIENT,6,0,0,False,0,0,False,INHERITED_RAW_PRICE_BASIS,False,False
2025-06-10|27000,2025-06-10,27000,13:00,14:10,70,PARTIAL,2,3,,,AVAILABLE,400.0,True,,,,UNRESOLVED_STRUCTURE,OBSERVATION_INSUFFICIENT,4,0,0,False,0,0,False,INHERITED_RAW_PRICE_BASIS,False,False
2025-06-10|27000,2025-06-10,27000,13:00,14:15,75,PARTIAL,2,3,,,AVAILABLE,400.0,True,,,,CURRENT_BAR_UNAVAILABLE,OBSERVATION_INSUFFICIENT,6,0,0,False,0,0,False,INHERITED_RAW_PRICE_BASIS,False,False
2025-06-10|27000,2025-06-10,27000,13:00,14:20,80,PARTIAL,4,1,,,AVAILABLE,400.0,True,,,,CURRENT_BAR_UNAVAILABLE,OBSERVATION_INSUFFICIENT,10,0,0,False,0,0,False,INHERITED_RAW_PRICE_BASIS,False,False
2025-06-10|27000,2025-06-10,27000,13:00,14:25,85,UNAVAILABLE,0,5,,,AVAILABLE,400.0,True,,,,CURRENT_BAR_UNAVAILABLE,OBSERVATION_INSUFFICIENT,6,0,0,False,0,0,False,INHERITED_RAW_PRICE_BASIS,False,False
2025-06-10|27000,2025-06-10,27000,13:00,14:30,90,UNAVAILABLE,0,5,,,AVAILABLE,400.0,True,,,,CURRENT_BAR_UNAVAILABLE,OBSERVATION_INSUFFICIENT,6,0,0,False,0,0,False,INHERITED_RAW_PRICE_BASIS,False,False
2025-06-10|27000,2025-06-10,27000,13:00,14:35,95,PARTIAL,4,1,,,AVAILABLE,400.0,True,,,,CURRENT_BAR_UNAVAILABLE,OBSERVATION_INSUFFICIENT,6,0,0,False,0,0,False,INHERITED_RAW_PRICE_BASIS,False,False
2025-06-10|27000,2025-06-10,27000,13:00,14:40,100,UNAVAILABLE,0,5,,,AVAILABLE,400.0,True,,,,CURRENT_BAR_UNAVAILABLE,OBSERVATION_INSUFFICIENT,3,0,0,False,0,0,False,INHERITED_RAW_PRICE_BASIS,False,False
2025-06-10|27000,2025-06-10,27000,13:00,14:45,105,PARTIAL,4,1,,,AVAILABLE,400.0,True,,,,UNRESOLVED_STRUCTURE,OBSERVATION_INSUFFICIENT,5,0,0,False,0,0,False,INHERITED_RAW_PRICE_BASIS,False,False
2025-06-10|27000,2025-06-10,27000,13:00,14:50,110,PARTIAL,3,2,,,AVAILABLE,400.0,True,,,,CURRENT_BAR_UNAVAILABLE,OBSERVATION_INSUFFICIENT,5,0,0,False,0,0,False,INHERITED_RAW_PRICE_BASIS,False,False
2025-06-10|27000,2025-06-10,27000,13:00,14:55,115,PARTIAL,2,3,,,AVAILABLE,400.0,True,,,,UNRESOLVED_STRUCTURE,OBSERVATION_INSUFFICIENT,4,0,0,False,0,0,False,INHERITED_RAW_PRICE_BASIS,False,False
2025-06-10|27000,2025-06-10,27000,13:00,15:00,120,PARTIAL,3,2,,,AVAILABLE,400.0,True,,,,CURRENT_BAR_UNAVAILABLE,OBSERVATION_INSUFFICIENT,5,0,0,False,0,0,False,INHERITED_RAW_PRICE_BASIS,False,False
2025-06-10|27000,2025-06-10,27000,13:00,15:05,125,PARTIAL,3,2,,,AVAILABLE,400.0,True,,,,UNRESOLVED_STRUCTURE,OBSERVATION_INSUFFICIENT,5,0,0,False,0,0,False,INHERITED_RAW_PRICE_BASIS,False,False
2025-06-10|27000,2025-06-10,27000,13:00,15:10,130,PARTIAL,2,3,,,AVAILABLE,400.0,True,,,,UNRESOLVED_STRUCTURE,OBSERVATION_INSUFFICIENT,3,0,0,False,0,0,False,INHERITED_RAW_PRICE_BASIS,False,False
2025-06-10|27000,2025-06-10,27000,13:00,15:15,135,PARTIAL,3,2,,,AVAILABLE,400.0,True,,,,UNRESOLVED_STRUCTURE,OBSERVATION_INSUFFICIENT,1,0,0,False,0,0,False,INHERITED_RAW_PRICE_BASIS,False,False
2025-06-10|27000,2025-06-10,27000,13:00,15:20,140,PARTIAL,4,1,,,AVAILABLE,400.0,True,,,,UNRESOLVED_STRUCTURE,RIGHT_CENSORED,0,0,0,False,0,0,False,INHERITED_RAW_PRICE_BASIS,False,False
2025-06-10|27000,2025-06-10,27000,13:00,15:25,145,COMPLETE,5,0,UP,0.5439005439005439,AVAILABLE,400.0,True,,,,UNRESOLVED_STRUCTURE,RIGHT_CENSORED,0,0,0,False,0,0,False,INHERITED_RAW_PRICE_BASIS,False,False
2025-06-10|29290,2025-06-10,29290,14:00,14:00,0,COMPLETE,5,0,DOWN,-0.10964912280701754,SCALE_INSUFFICIENT,,True,,,RANGE_COMPRESSION,SCALE_UNAVAILABLE,WINDOW_OBSERVED,0,0,0,False,0,0,False,INHERITED_RAW_PRICE_BASIS,False,False
2025-06-10|29290,2025-06-10,29290,14:00,14:05,5,COMPLETE,5,0,UNCHANGED,0.0,SCALE_INSUFFICIENT,,True,,,VOLUME_COMPRESSION|TRADING_VALUE_COMPRESSION,SCALE_UNAVAILABLE,WINDOW_OBSERVED,0,0,0,False,0,0,False,INHERITED_RAW_PRICE_BASIS,True,False
2025-06-10|29290,2025-06-10,29290,14:00,14:10,10,COMPLETE,5,0,UP,0.44004400440044006,SCALE_INSUFFICIENT,,True,,,,SCALE_UNAVAILABLE,WINDOW_OBSERVED,0,0,0,False,0,0,False,INHERITED_RAW_PRICE_BASIS,True,False
2025-06-10|29290,2025-06-10,29290,14:00,14:15,15,COMPLETE,5,0,UP,0.10940919037199125,SCALE_INSUFFICIENT,,True,,,RANGE_COMPRESSION|VOLUME_EXPANSION|TRADING_VALUE_EXPANSION,SCALE_UNAVAILABLE,WINDOW_OBSERVED,0,0,0,False,0,0,False,INHERITED_RAW_PRICE_BASIS,True,False
2025-06-10|29290,2025-06-10,29290,14:00,14:20,20,COMPLETE,5,0,UP,0.10940919037199125,SCALE_INSUFFICIENT,,True,,,VOLUME_COMPRESSION|TRADING_VALUE_COMPRESSION,SCALE_UNAVAILABLE,WINDOW_OBSERVED,0,0,0,False,0,0,False,INHERITED_RAW_PRICE_BASIS,True,False
2025-06-10|29290,2025-06-10,29290,14:00,14:25,25,COMPLETE,5,0,UP,1.091703056768559,SCALE_INSUFFICIENT,,True,,,RANGE_EXPANSION|VOLUME_EXPANSION|TRADING_VALUE_EXPANSION,SCALE_UNAVAILABLE,WINDOW_OBSERVED,0,0,0,False,0,0,False,INHERITED_RAW_PRICE_BASIS,True,False
2025-06-10|29290,2025-06-10,29290,14:00,14:30,30,COMPLETE,5,0,DOWN,-0.32432432432432434,SCALE_INSUFFICIENT,,True,,,VOLUME_COMPRESSION|TRADING_VALUE_COMPRESSION,SCALE_UNAVAILABLE,WINDOW_OBSERVED,0,0,0,False,0,0,False,INHERITED_RAW_PRICE_BASIS,True,False
2025-06-10|29290,2025-06-10,29290,14:00,14:35,35,COMPLETE,5,0,UP,0.3257328990228013,SCALE_INSUFFICIENT,,True,,,,SCALE_UNAVAILABLE,WINDOW_OBSERVED,0,0,0,False,0,0,False,INHERITED_RAW_PRICE_BASIS,True,False
2025-06-10|29290,2025-06-10,29290,14:00,14:40,40,COMPLETE,5,0,UP,0.5411255411255411,SCALE_INSUFFICIENT,,True,,,VOLUME_EXPANSION|TRADING_VALUE_EXPANSION,SCALE_UNAVAILABLE,WINDOW_OBSERVED,0,0,0,False,0,0,False,INHERITED_RAW_PRICE_BASIS,True,False
2025-06-10|29290,2025-06-10,29290,14:00,14:45,45,COMPLETE,5,0,UP,0.7526881720430108,SCALE_INSUFFICIENT,,True,,,,SCALE_UNAVAILABLE,OBSERVATION_INSUFFICIENT,1,0,0,False,0,0,False,INHERITED_RAW_PRICE_BASIS,True,False
2025-06-10|29290,2025-06-10,29290,14:00,14:50,50,COMPLETE,5,0,UP,0.7470651013874067,SCALE_INSUFFICIENT,,True,,,RANGE_EXPANSION|VOLUME_EXPANSION|TRADING_VALUE_EXPANSION,SCALE_UNAVAILABLE,OBSERVATION_INSUFFICIENT,1,0,0,False,0,0,False,INHERITED_RAW_PRICE_BASIS,True,False
2025-06-10|29290,2025-06-10,29290,14:00,14:55,55,PARTIAL,4,1,,,SCALE_INSUFFICIENT,,True,,,,CURRENT_BAR_UNAVAILABLE,OBSERVATION_INSUFFICIENT,1,0,0,False,0,0,False,INHERITED_RAW_PRICE_BASIS,False,False
2025-06-10|29290,2025-06-10,29290,14:00,15:00,60,COMPLETE,5,0,UNCHANGED,0.0,SCALE_INSUFFICIENT,,True,,,,SCALE_UNAVAILABLE,OBSERVATION_INSUFFICIENT,3,0,0,False,0,0,False,INHERITED_RAW_PRICE_BASIS,False,False
2025-06-10|29290,2025-06-10,29290,14:00,15:05,65,PARTIAL,4,1,,,SCALE_INSUFFICIENT,,True,,,,SCALE_UNAVAILABLE,OBSERVATION_INSUFFICIENT,2,0,0,False,0,0,False,INHERITED_RAW_PRICE_BASIS,False,False
2025-06-10|29290,2025-06-10,29290,14:00,15:10,70,PARTIAL,3,2,,,SCALE_INSUFFICIENT,,True,,,,CURRENT_BAR_UNAVAILABLE,WINDOW_OBSERVED,0,0,0,False,0,0,False,INHERITED_RAW_PRICE_BASIS,False,False
2025-06-10|29290,2025-06-10,29290,14:00,15:15,75,COMPLETE,5,0,UP,0.21367521367521367,SCALE_INSUFFICIENT,,True,,,,SCALE_UNAVAILABLE,WINDOW_OBSERVED,0,0,0,False,0,0,False,INHERITED_RAW_PRICE_BASIS,False,False
2025-06-10|29290,2025-06-10,29290,14:00,15:20,80,COMPLETE,5,0,UP,0.32017075773745995,SCALE_INSUFFICIENT,,True,,,RANGE_COMPRESSION|VOLUME_COMPRESSION|TRADING_VALUE_COMPRESSION,SCALE_UNAVAILABLE,RIGHT_CENSORED,0,0,0,False,0,0,False,INHERITED_RAW_PRICE_BASIS,True,False
2025-06-10|29290,2025-06-10,29290,14:00,15:25,85,COMPLETE,5,0,UNCHANGED,0.0,SCALE_INSUFFICIENT,,True,,,VOLUME_EXPANSION|TRADING_VALUE_EXPANSION,SCALE_UNAVAILABLE,RIGHT_CENSORED,0,0,0,False,0,0,False,INHERITED_RAW_PRICE_BASIS,True,False
2025-06-10|30830,2025-06-10,30830,09:30,09:30,0,COMPLETE,5,0,UNCHANGED,0.0,AVAILABLE,8.0,True,,,CHOPPINESS|RANGE_COMPRESSION|VOLUME_COMPRESSION|TRADING_VALUE_COMPRESSION,UNRESOLVED_STRUCTURE,OBSERVATION_INSUFFICIENT,1,0,1,False,0,0,False,INHERITED_RAW_PRICE_BASIS,False,False
2025-06-10|30830,2025-06-10,30830,09:30,09:35,5,COMPLETE,5,0,UP,0.49566294919454773,AVAILABLE,8.0,True,,RECOVERY,RANGE_EXPANSION|VOLUME_EXPANSION|TRADING_VALUE_EXPANSION,UNRESOLVED_STRUCTURE,OBSERVATION_INSUFFICIENT,1,0,2,False,2,2,True,INHERITED_RAW_PRICE_BASIS,True,True
2025-06-10|30830,2025-06-10,30830,09:30,09:40,10,PARTIAL,4,1,,,AVAILABLE,8.0,True,,,,UNRESOLVED_STRUCTURE,OBSERVATION_INSUFFICIENT,1,0,0,False,0,2,False,INHERITED_RAW_PRICE_BASIS,False,False
2025-06-10|30830,2025-06-10,30830,09:30,09:45,15,COMPLETE,5,0,UP,0.12345679012345678,AVAILABLE,8.0,True,,,,UNRESOLVED_STRUCTURE,OBSERVATION_INSUFFICIENT,2,0,0,False,0,0,False,INHERITED_RAW_PRICE_BASIS,False,False
2025-06-10|30830,2025-06-10,30830,09:30,09:50,20,PARTIAL,4,1,,,AVAILABLE,8.0,True,,,,CURRENT_BAR_UNAVAILABLE,OBSERVATION_INSUFFICIENT,1,0,0,False,0,0,False,INHERITED_RAW_PRICE_BASIS,False,False
2025-06-10|30830,2025-06-10,30830,09:30,09:55,25,PARTIAL,4,1,,,AVAILABLE,8.0,True,,,,UNRESOLVED_STRUCTURE,OBSERVATION_INSUFFICIENT,1,0,1,False,2,2,False,INHERITED_RAW_PRICE_BASIS,False,False
2025-06-10|30830,2025-06-10,30830,09:30,10:00,30,COMPLETE,5,0,UP,0.3640776699029126,AVAILABLE,8.0,True,,,,UNRESOLVED_STRUCTURE,OBSERVATION_INSUFFICIENT,2,0,1,False,0,0,False,INHERITED_RAW_PRICE_BASIS,False,False
2025-06-10|30830,2025-06-10,30830,09:30,10:05,35,PARTIAL,4,1,,,AVAILABLE,8.0,True,,,,UNRESOLVED_STRUCTURE,OBSERVATION_INSUFFICIENT,1,0,0,False,0,0,False,INHERITED_RAW_PRICE_BASIS,False,False
2025-06-10|30830,2025-06-10,30830,09:30,10:10,40,PARTIAL,4,1,,,AVAILABLE,8.0,True,,,,UNRESOLVED_STRUCTURE,OBSERVATION_INSUFFICIENT,1,1,1,False,0,0,False,INHERITED_RAW_PRICE_BASIS,False,False
2025-06-10|30830,2025-06-10,30830,09:30,10:15,45,COMPLETE,5,0,UP,1.440576230492197,AVAILABLE,8.0,True,,,,UNRESOLVED_STRUCTURE,OBSERVATION_INSUFFICIENT,2,0,1,False,0,0,False,INHERITED_RAW_PRICE_BASIS,False,False
2025-06-10|30830,2025-06-10,30830,09:30,10:20,50,PARTIAL,4,1,,,AVAILABLE,8.0,True,,,,UNRESOLVED_STRUCTURE,OBSERVATION_INSUFFICIENT,3,0,0,False,0,0,False,INHERITED_RAW_PRICE_BASIS,False,False
2025-06-10|30830,2025-06-10,30830,09:30,10:25,55,PARTIAL,4,1,,,AVAILABLE,8.0,True,,,,UNRESOLVED_STRUCTURE,OBSERVATION_INSUFFICIENT,5,0,0,False,0,0,False,INHERITED_RAW_PRICE_BASIS,False,False
2025-06-10|30830,2025-06-10,30830,09:30,10:30,60,PARTIAL,3,2,,,AVAILABLE,8.0,True,,,,UNRESOLVED_STRUCTURE,OBSERVATION_INSUFFICIENT,5,1,2,False,0,0,False,INHERITED_RAW_PRICE_BASIS,False,False
2025-06-10|30830,2025-06-10,30830,09:30,10:35,65,PARTIAL,2,3,,,AVAILABLE,8.0,True,,,,CURRENT_BAR_UNAVAILABLE,OBSERVATION_INSUFFICIENT,2,0,0,False,1,1,False,INHERITED_RAW_PRICE_BASIS,False,False
2025-06-10|30830,2025-06-10,30830,09:30,10:40,70,PARTIAL,3,2,,,AVAILABLE,8.0,True,,,,CURRENT_BAR_UNAVAILABLE,OBSERVATION_INSUFFICIENT,2,0,0,False,0,0,False,INHERITED_RAW_PRICE_BASIS,False,False
2025-06-10|30830,2025-06-10,30830,09:30,10:45,75,COMPLETE,5,0,UP,0.36363636363636365,AVAILABLE,8.0,True,,,,UNRESOLVED_STRUCTURE,OBSERVATION_INSUFFICIENT,6,0,0,False,0,0,False,INHERITED_RAW_PRICE_BASIS,False,False
2025-06-10|30830,2025-06-10,30830,09:30,10:50,80,PARTIAL,3,2,,,AVAILABLE,8.0,True,,,,UNRESOLVED_STRUCTURE,OBSERVATION_INSUFFICIENT,4,0,0,False,0,0,False,INHERITED_RAW_PRICE_BASIS,False,False
2025-06-10|30830,2025-06-10,30830,09:30,10:55,85,PARTIAL,1,4,,,AVAILABLE,8.0,True,,,,CURRENT_BAR_UNAVAILABLE,OBSERVATION_INSUFFICIENT,2,0,0,False,0,0,False,INHERITED_RAW_PRICE_BASIS,False,False
2025-06-10|30830,2025-06-10,30830,09:30,11:00,90,COMPLETE,5,0,UP,0.35842293906810035,AVAILABLE,8.0,True,,,,UNRESOLVED_STRUCTURE,OBSERVATION_INSUFFICIENT,5,0,0,False,0,0,False,INHERITED_RAW_PRICE_BASIS,False,False
2025-06-10|30830,2025-06-10,30830,09:30,11:05,95,PARTIAL,3,2,,,AVAILABLE,8.0,True,,,,UNRESOLVED_STRUCTURE,OBSERVATION_INSUFFICIENT,3,0,0,False,0,0,False,INHERITED_RAW_PRICE_BASIS,False,False
2025-06-10|30830,2025-06-10,30830,09:30,11:10,100,PARTIAL,2,3,,,AVAILABLE,8.0,True,,,,CURRENT_BAR_UNAVAILABLE,OBSERVATION_INSUFFICIENT,2,0,0,False,0,0,False,INHERITED_RAW_PRICE_BASIS,False,False
2025-06-10|30830,2025-06-10,30830,09:30,11:15,105,COMPLETE,5,0,UP,1.0739856801909309,AVAILABLE,8.0,True,,,,UNRESOLVED_STRUCTURE,OBSERVATION_INSUFFICIENT,4,0,1,False,1,2,False,INHERITED_RAW_PRICE_BASIS,False,False
2025-06-10|30830,2025-06-10,30830,09:30,11:20,110,PARTIAL,3,2,,,AVAILABLE,8.0,True,,,,CURRENT_BAR_UNAVAILABLE,OBSERVATION_INSUFFICIENT,3,0,0,False,1,1,False,INHERITED_RAW_PRICE_BASIS,False,False
2025-06-10|30830,2025-06-10,30830,09:30,11:25,115,PARTIAL,3,2,,,AVAILABLE,8.0,True,,,,CURRENT_BAR_UNAVAILABLE,OBSERVATION_INSUFFICIENT,2,0,0,False,0,0,False,INHERITED_RAW_PRICE_BASIS,False,False
2025-06-10|30830,2025-06-10,30830,09:30,11:30,120,PARTIAL,4,1,,,AVAILABLE,8.0,True,,,,UNRESOLVED_STRUCTURE,OBSERVATION_INSUFFICIENT,5,0,0,False,0,0,False,INHERITED_RAW_PRICE_BASIS,False,False
2025-06-10|30830,2025-06-10,30830,09:30,12:35,125,PARTIAL,4,1,,,AVAILABLE,8.0,True,,,,CURRENT_BAR_UNAVAILABLE,OBSERVATION_INSUFFICIENT,5,0,0,False,0,0,False,INHERITED_RAW_PRICE_BASIS,False,False
2025-06-10|30830,2025-06-10,30830,09:30,12:40,130,PARTIAL,1,4,,,AVAILABLE,8.0,True,,,,CURRENT_BAR_UNAVAILABLE,OBSERVATION_INSUFFICIENT,3,0,0,False,0,0,False,INHERITED_RAW_PRICE_BASIS,False,False
2025-06-10|30830,2025-06-10,30830,09:30,12:45,135,PARTIAL,4,1,,,AVAILABLE,8.0,True,,,,UNRESOLVED_STRUCTURE,OBSERVATION_INSUFFICIENT,4,0,0,False,0,0,False,INHERITED_RAW_PRICE_BASIS,False,False
2025-06-10|30830,2025-06-10,30830,09:30,12:50,140,PARTIAL,3,2,,,AVAILABLE,8.0,True,,,,UNRESOLVED_STRUCTURE,OBSERVATION_INSUFFICIENT,3,0,0,False,0,0,False,INHERITED_RAW_PRICE_BASIS,False,False
2025-06-10|30830,2025-06-10,30830,09:30,12:55,145,PARTIAL,3,2,,,AVAILABLE,8.0,True,,,,UNRESOLVED_STRUCTURE,OBSERVATION_INSUFFICIENT,3,0,1,False,0,0,False,INHERITED_RAW_PRICE_BASIS,False,False
2025-06-10|30830,2025-06-10,30830,09:30,13:00,150,PARTIAL,4,1,,,AVAILABLE,8.0,True,,,,UNRESOLVED_STRUCTURE,OBSERVATION_INSUFFICIENT,6,0,0,False,0,0,False,INHERITED_RAW_PRICE_BASIS,False,False
2025-06-10|30830,2025-06-10,30830,09:30,13:05,155,PARTIAL,3,2,,,AVAILABLE,8.0,True,,,,CURRENT_BAR_UNAVAILABLE,OBSERVATION_INSUFFICIENT,5,0,0,False,0,0,False,INHERITED_RAW_PRICE_BASIS,False,False
2025-06-10|30830,2025-06-10,30830,09:30,13:10,160,PARTIAL,1,4,,,AVAILABLE,8.0,True,,,,UNRESOLVED_STRUCTURE,OBSERVATION_INSUFFICIENT,4,0,0,False,0,0,False,INHERITED_RAW_PRICE_BASIS,False,False
2025-06-10|30830,2025-06-10,30830,09:30,13:15,165,PARTIAL,4,1,,,AVAILABLE,8.0,True,,,,CURRENT_BAR_UNAVAILABLE,OBSERVATION_INSUFFICIENT,5,0,0,False,0,0,False,INHERITED_RAW_PRICE_BASIS,False,False
2025-06-10|30830,2025-06-10,30830,09:30,13:20,170,PARTIAL,2,3,,,AVAILABLE,8.0,True,,,,UNRESOLVED_STRUCTURE,OBSERVATION_INSUFFICIENT,5,0,0,False,0,0,False,INHERITED_RAW_PRICE_BASIS,False,False
2025-06-10|30830,2025-06-10,30830,09:30,13:25,175,PARTIAL,3,2,,,AVAILABLE,8.0,True,,,,UNRESOLVED_STRUCTURE,OBSERVATION_INSUFFICIENT,6,0,0,False,0,0,False,INHERITED_RAW_PRICE_BASIS,False,False
2025-06-10|30830,2025-06-10,30830,09:30,13:30,180,PARTIAL,2,3,,,AVAILABLE,8.0,True,,,,CURRENT_BAR_UNAVAILABLE,OBSERVATION_INSUFFICIENT,5,0,0,False,0,0,False,INHERITED_RAW_PRICE_BASIS,False,False
2025-06-10|30830,2025-06-10,30830,09:30,13:35,185,PARTIAL,2,3,,,AVAILABLE,8.0,True,,,,CURRENT_BAR_UNAVAILABLE,OBSERVATION_INSUFFICIENT,3,0,0,False,0,0,False,INHERITED_RAW_PRICE_BASIS,False,False
2025-06-10|30830,2025-06-10,30830,09:30,13:40,190,PARTIAL,3,2,,,AVAILABLE,8.0,True,,,,CURRENT_BAR_UNAVAILABLE,OBSERVATION_INSUFFICIENT,2,0,0,False,0,0,False,INHERITED_RAW_PRICE_BASIS,False,False
2025-06-10|30830,2025-06-10,30830,09:30,13:45,195,PARTIAL,4,1,,,AVAILABLE,8.0,True,,,,UNRESOLVED_STRUCTURE,OBSERVATION_INSUFFICIENT,1,0,0,False,0,0,False,INHERITED_RAW_PRICE_BASIS,False,False
2025-06-10|30830,2025-06-10,30830,09:30,13:50,200,PARTIAL,4,1,,,AVAILABLE,8.0,True,,,,UNRESOLVED_STRUCTURE,WINDOW_OBSERVED,0,1,1,False,0,0,False,INHERITED_RAW_PRICE_BASIS,False,False
2025-06-10|30830,2025-06-10,30830,09:30,13:55,205,COMPLETE,5,0,UP,0.7151370679380215,AVAILABLE,8.0,True,,,,UNRESOLVED_STRUCTURE,OBSERVATION_INSUFFICIENT,4,0,1,False,0,0,False,INHERITED_RAW_PRICE_BASIS,False,False
2025-06-10|30830,2025-06-10,30830,09:30,14:00,210,COMPLETE,5,0,DOWN,-0.35545023696682465,AVAILABLE,8.0,True,,,RANGE_COMPRESSION|VOLUME_COMPRESSION|TRADING_VALUE_COMPRESSION,UNRESOLVED_STRUCTURE,OBSERVATION_INSUFFICIENT,7,0,1,False,0,0,False,INHERITED_RAW_PRICE_BASIS,True,False
2025-06-10|30830,2025-06-10,30830,09:30,14:05,215,PARTIAL,1,4,,,AVAILABLE,8.0,True,,,,CURRENT_BAR_UNAVAILABLE,OBSERVATION_INSUFFICIENT,8,0,0,False,0,0,False,INHERITED_RAW_PRICE_BASIS,False,False
2025-06-10|30830,2025-06-10,30830,09:30,14:10,220,PARTIAL,2,3,,,AVAILABLE,8.0,True,,,,CURRENT_BAR_UNAVAILABLE,OBSERVATION_INSUFFICIENT,8,0,0,False,0,0,False,INHERITED_RAW_PRICE_BASIS,False,False
2025-06-10|30830,2025-06-10,30830,09:30,14:15,225,UNAVAILABLE,0,5,,,AVAILABLE,8.0,True,,,,CURRENT_BAR_UNAVAILABLE,OBSERVATION_INSUFFICIENT,7,0,0,False,0,0,False,INHERITED_RAW_PRICE_BASIS,False,False
2025-06-10|30830,2025-06-10,30830,09:30,14:20,230,PARTIAL,2,3,,,AVAILABLE,8.0,True,,,,CURRENT_BAR_UNAVAILABLE,OBSERVATION_INSUFFICIENT,6,0,0,False,0,0,False,INHERITED_RAW_PRICE_BASIS,False,False
2025-06-10|30830,2025-06-10,30830,09:30,14:25,235,PARTIAL,1,4,,,AVAILABLE,8.0,True,,,,CURRENT_BAR_UNAVAILABLE,OBSERVATION_INSUFFICIENT,6,0,0,False,0,0,False,INHERITED_RAW_PRICE_BASIS,False,False
2025-06-10|30830,2025-06-10,30830,09:30,14:30,240,PARTIAL,3,2,,,AVAILABLE,8.0,True,,,,UNRESOLVED_STRUCTURE,OBSERVATION_INSUFFICIENT,5,0,0,False,0,0,False,INHERITED_RAW_PRICE_BASIS,False,False
2025-06-10|30830,2025-06-10,30830,09:30,14:35,245,PARTIAL,1,4,,,AVAILABLE,8.0,True,,,,CURRENT_BAR_UNAVAILABLE,OBSERVATION_INSUFFICIENT,3,0,0,False,0,0,False,INHERITED_RAW_PRICE_BASIS,False,False
2025-06-10|30830,2025-06-10,30830,09:30,14:40,250,PARTIAL,4,1,,,AVAILABLE,8.0,True,,,,CURRENT_BAR_UNAVAILABLE,OBSERVATION_INSUFFICIENT,6,0,0,False,0,0,False,INHERITED_RAW_PRICE_BASIS,False,False
2025-06-10|30830,2025-06-10,30830,09:30,14:45,255,PARTIAL,3,2,,,AVAILABLE,8.0,True,,,,CURRENT_BAR_UNAVAILABLE,OBSERVATION_INSUFFICIENT,7,0,0,False,0,0,False,INHERITED_RAW_PRICE_BASIS,False,False
2025-06-10|30830,2025-06-10,30830,09:30,14:50,260,PARTIAL,1,4,,,AVAILABLE,8.0,True,,,,CURRENT_BAR_UNAVAILABLE,OBSERVATION_INSUFFICIENT,7,0,0,False,0,0,False,INHERITED_RAW_PRICE_BASIS,False,False
2025-06-10|30830,2025-06-10,30830,09:30,14:55,265,PARTIAL,2,3,,,AVAILABLE,8.0,True,,,,CURRENT_BAR_UNAVAILABLE,OBSERVATION_INSUFFICIENT,8,0,0,False,0,0,False,INHERITED_RAW_PRICE_BASIS,False,False
2025-06-10|30830,2025-06-10,30830,09:30,15:00,270,PARTIAL,1,4,,,AVAILABLE,8.0,True,,,,UNRESOLVED_STRUCTURE,OBSERVATION_INSUFFICIENT,7,0,0,False,0,0,False,INHERITED_RAW_PRICE_BASIS,False,False
2025-06-10|30830,2025-06-10,30830,09:30,15:05,275,PARTIAL,1,4,,,AVAILABLE,8.0,True,,,,CURRENT_BAR_UNAVAILABLE,OBSERVATION_INSUFFICIENT,6,0,0,False,0,0,False,INHERITED_RAW_PRICE_BASIS,False,False
2025-06-10|30830,2025-06-10,30830,09:30,15:10,280,PARTIAL,2,3,,,AVAILABLE,8.0,True,,,,UNRESOLVED_STRUCTURE,OBSERVATION_INSUFFICIENT,4,0,0,False,0,0,False,INHERITED_RAW_PRICE_BASIS,False,False
2025-06-10|30830,2025-06-10,30830,09:30,15:15,285,PARTIAL,2,3,,,AVAILABLE,8.0,True,,,,CURRENT_BAR_UNAVAILABLE,OBSERVATION_INSUFFICIENT,3,0,0,False,0,0,False,INHERITED_RAW_PRICE_BASIS,False,False
2025-06-10|30830,2025-06-10,30830,09:30,15:20,290,PARTIAL,4,1,,,AVAILABLE,8.0,True,,,,UNRESOLVED_STRUCTURE,RIGHT_CENSORED,2,0,0,False,0,0,False,INHERITED_RAW_PRICE_BASIS,False,False
2025-06-10|30830,2025-06-10,30830,09:30,15:25,295,PARTIAL,3,2,,,AVAILABLE,8.0,True,,,,UNRESOLVED_STRUCTURE,RIGHT_CENSORED,0,0,0,False,0,0,False,INHERITED_RAW_PRICE_BASIS,False,False
2025-06-10|323A0,2025-06-10,323A0,10:30,10:30,0,PARTIAL,4,1,,,SCALE_INSUFFICIENT,,True,,,,SCALE_UNAVAILABLE,OBSERVATION_INSUFFICIENT,9,0,0,False,0,0,False,INHERITED_RAW_PRICE_BASIS,False,False
2025-06-10|323A0,2025-06-10,323A0,10:30,10:35,5,PARTIAL,1,4,,,SCALE_INSUFFICIENT,,True,,,,CURRENT_BAR_UNAVAILABLE,OBSERVATION_INSUFFICIENT,10,0,0,False,0,0,False,INHERITED_RAW_PRICE_BASIS,False,False
2025-06-10|323A0,2025-06-10,323A0,10:30,10:40,10,UNAVAILABLE,0,5,,,SCALE_INSUFFICIENT,,True,,,,CURRENT_BAR_UNAVAILABLE,OBSERVATION_INSUFFICIENT,8,0,0,False,0,0,False,INHERITED_RAW_PRICE_BASIS,False,False
2025-06-10|323A0,2025-06-10,323A0,10:30,10:45,15,UNAVAILABLE,0,5,,,SCALE_INSUFFICIENT,,True,,,,CURRENT_BAR_UNAVAILABLE,OBSERVATION_INSUFFICIENT,7,0,0,False,0,0,False,INHERITED_RAW_PRICE_BASIS,False,False
2025-06-10|323A0,2025-06-10,323A0,10:30,10:50,20,PARTIAL,2,3,,,SCALE_INSUFFICIENT,,True,,,,SCALE_UNAVAILABLE,OBSERVATION_INSUFFICIENT,8,0,0,False,0,0,False,INHERITED_RAW_PRICE_BASIS,False,False
2025-06-10|323A0,2025-06-10,323A0,10:30,10:55,25,PARTIAL,1,4,,,SCALE_INSUFFICIENT,,True,,,,CURRENT_BAR_UNAVAILABLE,OBSERVATION_INSUFFICIENT,9,0,0,False,0,0,False,INHERITED_RAW_PRICE_BASIS,False,False
2025-06-10|323A0,2025-06-10,323A0,10:30,11:00,30,PARTIAL,1,4,,,SCALE_INSUFFICIENT,,True,,,,SCALE_UNAVAILABLE,OBSERVATION_INSUFFICIENT,9,0,0,False,0,0,False,INHERITED_RAW_PRICE_BASIS,False,False
2025-06-10|323A0,2025-06-10,323A0,10:30,11:05,35,UNAVAILABLE,0,5,,,SCALE_INSUFFICIENT,,True,,,,CURRENT_BAR_UNAVAILABLE,OBSERVATION_INSUFFICIENT,7,0,0,False,0,0,False,INHERITED_RAW_PRICE_BASIS,False,False
2025-06-10|323A0,2025-06-10,323A0,10:30,11:10,40,PARTIAL,1,4,,,SCALE_INSUFFICIENT,,True,,,,SCALE_UNAVAILABLE,OBSERVATION_INSUFFICIENT,7,0,0,False,0,0,False,INHERITED_RAW_PRICE_BASIS,False,False
2025-06-10|323A0,2025-06-10,323A0,10:30,11:15,45,PARTIAL,2,3,,,SCALE_INSUFFICIENT,,True,,,,CURRENT_BAR_UNAVAILABLE,OBSERVATION_INSUFFICIENT,5,0,0,False,0,0,False,INHERITED_RAW_PRICE_BASIS,False,False
2025-06-10|323A0,2025-06-10,323A0,10:30,11:20,50,PARTIAL,1,4,,,SCALE_INSUFFICIENT,,True,,,,SCALE_UNAVAILABLE,OBSERVATION_INSUFFICIENT,5,0,0,False,0,0,False,INHERITED_RAW_PRICE_BASIS,False,False
2025-06-10|323A0,2025-06-10,323A0,10:30,11:25,55,PARTIAL,4,1,,,SCALE_INSUFFICIENT,,True,,,,SCALE_UNAVAILABLE,OBSERVATION_INSUFFICIENT,6,0,0,False,0,0,False,INHERITED_RAW_PRICE_BASIS,False,False
2025-06-10|323A0,2025-06-10,323A0,10:30,11:30,60,PARTIAL,1,4,,,SCALE_INSUFFICIENT,,True,,,,SCALE_UNAVAILABLE,OBSERVATION_INSUFFICIENT,4,0,0,False,0,0,False,INHERITED_RAW_PRICE_BASIS,False,False
2025-06-10|323A0,2025-06-10,323A0,10:30,12:35,65,PARTIAL,3,2,,,SCALE_INSUFFICIENT,,True,,,,CURRENT_BAR_UNAVAILABLE,OBSERVATION_INSUFFICIENT,6,0,0,False,1,1,False,INHERITED_RAW_PRICE_BASIS,False,False
2025-06-10|323A0,2025-06-10,323A0,10:30,12:40,70,PARTIAL,3,2,,,SCALE_INSUFFICIENT,,True,,,,SCALE_UNAVAILABLE,OBSERVATION_INSUFFICIENT,9,0,0,False,0,0,False,INHERITED_RAW_PRICE_BASIS,False,False
2025-06-10|323A0,2025-06-10,323A0,10:30,12:45,75,PARTIAL,1,4,,,SCALE_INSUFFICIENT,,True,,,,CURRENT_BAR_UNAVAILABLE,OBSERVATION_INSUFFICIENT,8,0,0,False,0,0,False,INHERITED_RAW_PRICE_BASIS,False,False
2025-06-10|323A0,2025-06-10,323A0,10:30,12:50,80,UNAVAILABLE,0,5,,,SCALE_INSUFFICIENT,,True,,,,CURRENT_BAR_UNAVAILABLE,OBSERVATION_INSUFFICIENT,7,0,0,False,0,0,False,INHERITED_RAW_PRICE_BASIS,False,False
2025-06-10|323A0,2025-06-10,323A0,10:30,12:55,85,PARTIAL,2,3,,,SCALE_INSUFFICIENT,,True,,,,SCALE_UNAVAILABLE,OBSERVATION_INSUFFICIENT,9,0,0,False,0,0,False,INHERITED_RAW_PRICE_BASIS,False,False
2025-06-10|323A0,2025-06-10,323A0,10:30,13:00,90,PARTIAL,1,4,,,SCALE_INSUFFICIENT,,True,,,,SCALE_UNAVAILABLE,OBSERVATION_INSUFFICIENT,7,0,0,False,0,0,False,INHERITED_RAW_PRICE_BASIS,False,False
2025-06-10|323A0,2025-06-10,323A0,10:30,13:05,95,UNAVAILABLE,0,5,,,SCALE_INSUFFICIENT,,True,,,,CURRENT_BAR_UNAVAILABLE,OBSERVATION_INSUFFICIENT,5,0,0,False,0,0,False,INHERITED_RAW_PRICE_BASIS,False,False
2025-06-10|323A0,2025-06-10,323A0,10:30,13:10,100,PARTIAL,3,2,,,SCALE_INSUFFICIENT,,True,,,,SCALE_UNAVAILABLE,OBSERVATION_INSUFFICIENT,7,0,0,False,0,0,False,INHERITED_RAW_PRICE_BASIS,False,False
2025-06-10|323A0,2025-06-10,323A0,10:30,13:15,105,PARTIAL,2,3,,,SCALE_INSUFFICIENT,,True,,,,SCALE_UNAVAILABLE,OBSERVATION_INSUFFICIENT,8,0,0,False,0,0,False,INHERITED_RAW_PRICE_BASIS,False,False
2025-06-10|323A0,2025-06-10,323A0,10:30,13:20,110,PARTIAL,1,4,,,SCALE_INSUFFICIENT,,True,,,,CURRENT_BAR_UNAVAILABLE,OBSERVATION_INSUFFICIENT,8,0,0,False,0,0,False,INHERITED_RAW_PRICE_BASIS,False,False
2025-06-10|323A0,2025-06-10,323A0,10:30,13:25,115,PARTIAL,1,4,,,SCALE_INSUFFICIENT,,True,,,,CURRENT_BAR_UNAVAILABLE,OBSERVATION_INSUFFICIENT,9,0,0,False,0,0,False,INHERITED_RAW_PRICE_BASIS,False,False
2025-06-10|323A0,2025-06-10,323A0,10:30,13:30,120,PARTIAL,1,4,,,SCALE_INSUFFICIENT,,True,,,,SCALE_UNAVAILABLE,OBSERVATION_INSUFFICIENT,10,0,0,False,0,0,False,INHERITED_RAW_PRICE_BASIS,False,False
2025-06-10|323A0,2025-06-10,323A0,10:30,13:35,125,UNAVAILABLE,0,5,,,SCALE_INSUFFICIENT,,True,,,,CURRENT_BAR_UNAVAILABLE,OBSERVATION_INSUFFICIENT,9,0,0,False,0,0,False,INHERITED_RAW_PRICE_BASIS,False,False
2025-06-10|323A0,2025-06-10,323A0,10:30,13:40,130,UNAVAILABLE,0,5,,,SCALE_INSUFFICIENT,,True,,,,CURRENT_BAR_UNAVAILABLE,OBSERVATION_INSUFFICIENT,9,0,0,False,0,0,False,INHERITED_RAW_PRICE_BASIS,False,False
2025-06-10|323A0,2025-06-10,323A0,10:30,13:45,135,PARTIAL,1,4,,,SCALE_INSUFFICIENT,,True,,,,CURRENT_BAR_UNAVAILABLE,OBSERVATION_INSUFFICIENT,9,0,0,False,0,0,False,INHERITED_RAW_PRICE_BASIS,False,False
2025-06-10|323A0,2025-06-10,323A0,10:30,13:50,140,UNAVAILABLE,0,5,,,SCALE_INSUFFICIENT,,True,,,,CURRENT_BAR_UNAVAILABLE,OBSERVATION_INSUFFICIENT,8,0,0,False,0,0,False,INHERITED_RAW_PRICE_BASIS,False,False
2025-06-10|323A0,2025-06-10,323A0,10:30,13:55,145,PARTIAL,1,4,,,SCALE_INSUFFICIENT,,True,,,,SCALE_UNAVAILABLE,OBSERVATION_INSUFFICIENT,9,0,0,False,0,0,False,INHERITED_RAW_PRICE_BASIS,False,False
2025-06-10|323A0,2025-06-10,323A0,10:30,14:00,150,PARTIAL,1,4,,,SCALE_INSUFFICIENT,,True,,,,SCALE_UNAVAILABLE,OBSERVATION_INSUFFICIENT,8,0,0,False,0,0,False,INHERITED_RAW_PRICE_BASIS,False,False
2025-06-10|323A0,2025-06-10,323A0,10:30,14:05,155,UNAVAILABLE,0,5,,,SCALE_INSUFFICIENT,,True,,,,CURRENT_BAR_UNAVAILABLE,OBSERVATION_INSUFFICIENT,7,0,0,False,0,0,False,INHERITED_RAW_PRICE_BASIS,False,False
2025-06-10|323A0,2025-06-10,323A0,10:30,14:10,160,PARTIAL,2,3,,,SCALE_INSUFFICIENT,,True,,,,SCALE_UNAVAILABLE,OBSERVATION_INSUFFICIENT,9,0,0,False,0,0,False,INHERITED_RAW_PRICE_BASIS,False,False
2025-06-10|323A0,2025-06-10,323A0,10:30,14:15,165,PARTIAL,1,4,,,SCALE_INSUFFICIENT,,True,,,,CURRENT_BAR_UNAVAILABLE,OBSERVATION_INSUFFICIENT,10,0,0,False,0,0,False,INHERITED_RAW_PRICE_BASIS,False,False
2025-06-10|323A0,2025-06-10,323A0,10:30,14:20,170,UNAVAILABLE,0,5,,,SCALE_INSUFFICIENT,,True,,,,CURRENT_BAR_UNAVAILABLE,OBSERVATION_INSUFFICIENT,8,0,0,False,0,0,False,INHERITED_RAW_PRICE_BASIS,False,False
2025-06-10|323A0,2025-06-10,323A0,10:30,14:25,175,UNAVAILABLE,0,5,,,SCALE_INSUFFICIENT,,True,,,,CURRENT_BAR_UNAVAILABLE,OBSERVATION_INSUFFICIENT,6,0,0,False,0,0,False,INHERITED_RAW_PRICE_BASIS,False,False
2025-06-10|323A0,2025-06-10,323A0,10:30,14:30,180,PARTIAL,2,3,,,SCALE_INSUFFICIENT,,True,,,,SCALE_UNAVAILABLE,OBSERVATION_INSUFFICIENT,7,0,0,False,0,0,False,INHERITED_RAW_PRICE_BASIS,False,False
2025-06-10|323A0,2025-06-10,323A0,10:30,14:35,185,PARTIAL,2,3,,,SCALE_INSUFFICIENT,,True,,,,CURRENT_BAR_UNAVAILABLE,OBSERVATION_INSUFFICIENT,9,0,0,False,0,0,False,INHERITED_RAW_PRICE_BASIS,False,False
2025-06-10|323A0,2025-06-10,323A0,10:30,14:40,190,PARTIAL,1,4,,,SCALE_INSUFFICIENT,,True,,,,CURRENT_BAR_UNAVAILABLE,OBSERVATION_INSUFFICIENT,9,0,0,False,0,0,False,INHERITED_RAW_PRICE_BASIS,False,False
2025-06-10|323A0,2025-06-10,323A0,10:30,14:45,195,UNAVAILABLE,0,5,,,SCALE_INSUFFICIENT,,True,,,,CURRENT_BAR_UNAVAILABLE,OBSERVATION_INSUFFICIENT,7,0,0,False,0,0,False,INHERITED_RAW_PRICE_BASIS,False,False
2025-06-10|323A0,2025-06-10,323A0,10:30,14:50,200,PARTIAL,1,4,,,SCALE_INSUFFICIENT,,True,,,,CURRENT_BAR_UNAVAILABLE,OBSERVATION_INSUFFICIENT,6,0,0,False,0,0,False,INHERITED_RAW_PRICE_BASIS,False,False
2025-06-10|323A0,2025-06-10,323A0,10:30,14:55,205,PARTIAL,2,3,,,SCALE_INSUFFICIENT,,True,,,,CURRENT_BAR_UNAVAILABLE,OBSERVATION_INSUFFICIENT,7,0,0,False,0,0,False,INHERITED_RAW_PRICE_BASIS,False,False
2025-06-10|323A0,2025-06-10,323A0,10:30,15:00,210,PARTIAL,2,3,,,SCALE_INSUFFICIENT,,True,,,,SCALE_UNAVAILABLE,OBSERVATION_INSUFFICIENT,7,0,0,False,0,0,False,INHERITED_RAW_PRICE_BASIS,False,False
2025-06-10|323A0,2025-06-10,323A0,10:30,15:05,215,PARTIAL,1,4,,,SCALE_INSUFFICIENT,,True,,,,CURRENT_BAR_UNAVAILABLE,OBSERVATION_INSUFFICIENT,6,0,0,False,0,0,False,INHERITED_RAW_PRICE_BASIS,False,False
2025-06-10|323A0,2025-06-10,323A0,10:30,15:10,220,PARTIAL,2,3,,,SCALE_INSUFFICIENT,,True,,,,CURRENT_BAR_UNAVAILABLE,OBSERVATION_INSUFFICIENT,6,0,0,False,0,0,False,INHERITED_RAW_PRICE_BASIS,False,False
2025-06-10|323A0,2025-06-10,323A0,10:30,15:15,225,PARTIAL,2,3,,,SCALE_INSUFFICIENT,,True,,,,SCALE_UNAVAILABLE,OBSERVATION_INSUFFICIENT,6,0,0,False,0,0,False,INHERITED_RAW_PRICE_BASIS,False,False
2025-06-10|323A0,2025-06-10,323A0,10:30,15:20,230,PARTIAL,2,3,,,SCALE_INSUFFICIENT,,True,,,,CURRENT_BAR_UNAVAILABLE,RIGHT_CENSORED,3,0,0,False,0,0,False,INHERITED_RAW_PRICE_BASIS,False,False
2025-06-10|323A0,2025-06-10,323A0,10:30,15:25,235,PARTIAL,2,3,,,SCALE_INSUFFICIENT,,True,,,,CURRENT_BAR_UNAVAILABLE,RIGHT_CENSORED,0,0,0,False,0,0,False,INHERITED_RAW_PRICE_BASIS,False,False
2025-06-10|36220,2025-06-10,36220,14:30,14:30,0,PARTIAL,3,2,,,SCALE_INSUFFICIENT,,True,,,,SCALE_UNAVAILABLE,OBSERVATION_INSUFFICIENT,5,0,0,False,0,0,False,INHERITED_RAW_PRICE_BASIS,False,False
2025-06-10|36220,2025-06-10,36220,14:30,14:35,5,PARTIAL,2,3,,,SCALE_INSUFFICIENT,,True,,,,SCALE_UNAVAILABLE,OBSERVATION_INSUFFICIENT,5,0,0,False,1,0,False,INHERITED_RAW_PRICE_BASIS,False,False
2025-06-10|36220,2025-06-10,36220,14:30,14:40,10,PARTIAL,3,2,,,SCALE_INSUFFICIENT,,True,,,,SCALE_UNAVAILABLE,OBSERVATION_INSUFFICIENT,6,0,0,False,0,1,False,INHERITED_RAW_PRICE_BASIS,False,False
2025-06-10|36220,2025-06-10,36220,14:30,14:45,15,PARTIAL,2,3,,,SCALE_INSUFFICIENT,,True,,,,CURRENT_BAR_UNAVAILABLE,OBSERVATION_INSUFFICIENT,7,0,0,False,0,2,False,INHERITED_RAW_PRICE_BASIS,False,False
2025-06-10|36220,2025-06-10,36220,14:30,14:50,20,PARTIAL,2,3,,,SCALE_INSUFFICIENT,,True,,,,CURRENT_BAR_UNAVAILABLE,OBSERVATION_INSUFFICIENT,9,0,0,False,0,0,False,INHERITED_RAW_PRICE_BASIS,False,False
2025-06-10|36220,2025-06-10,36220,14:30,14:55,25,PARTIAL,1,4,,,SCALE_INSUFFICIENT,,True,,,,CURRENT_BAR_UNAVAILABLE,OBSERVATION_INSUFFICIENT,9,0,0,False,0,0,False,INHERITED_RAW_PRICE_BASIS,False,False
2025-06-10|36220,2025-06-10,36220,14:30,15:00,30,UNAVAILABLE,0,5,,,SCALE_INSUFFICIENT,,True,,,,CURRENT_BAR_UNAVAILABLE,OBSERVATION_INSUFFICIENT,7,0,0,False,0,0,False,INHERITED_RAW_PRICE_BASIS,False,False
2025-06-10|36220,2025-06-10,36220,14:30,15:05,35,PARTIAL,1,4,,,SCALE_INSUFFICIENT,,True,,,,CURRENT_BAR_UNAVAILABLE,OBSERVATION_INSUFFICIENT,6,0,0,False,0,0,False,INHERITED_RAW_PRICE_BASIS,False,False
2025-06-10|36220,2025-06-10,36220,14:30,15:10,40,PARTIAL,2,3,,,SCALE_INSUFFICIENT,,True,,,,SCALE_UNAVAILABLE,OBSERVATION_INSUFFICIENT,3,0,0,False,0,0,False,INHERITED_RAW_PRICE_BASIS,False,False
2025-06-10|36220,2025-06-10,36220,14:30,15:15,45,PARTIAL,2,3,,,SCALE_INSUFFICIENT,,True,,,,CURRENT_BAR_UNAVAILABLE,OBSERVATION_INSUFFICIENT,1,0,0,False,0,0,False,INHERITED_RAW_PRICE_BASIS,False,False
2025-06-10|36220,2025-06-10,36220,14:30,15:20,50,COMPLETE,5,0,UP,1.529051987767584,SCALE_INSUFFICIENT,,True,,,,SCALE_UNAVAILABLE,RIGHT_CENSORED,1,0,0,False,0,0,False,INHERITED_RAW_PRICE_BASIS,False,False
2025-06-10|36220,2025-06-10,36220,14:30,15:25,55,PARTIAL,4,1,,,SCALE_INSUFFICIENT,,True,,,,SCALE_UNAVAILABLE,RIGHT_CENSORED,0,0,0,False,0,0,False,INHERITED_RAW_PRICE_BASIS,False,False
2025-06-10|36340,2025-06-10,36340,14:30,14:30,0,PARTIAL,1,4,,,SCALE_INSUFFICIENT,,True,,,,CURRENT_BAR_UNAVAILABLE,OBSERVATION_INSUFFICIENT,10,0,0,False,0,0,False,INHERITED_RAW_PRICE_BASIS,False,False
2025-06-10|36340,2025-06-10,36340,14:30,14:35,5,UNAVAILABLE,0,5,,,SCALE_INSUFFICIENT,,True,,,,CURRENT_BAR_UNAVAILABLE,OBSERVATION_INSUFFICIENT,10,0,0,False,0,0,False,INHERITED_RAW_PRICE_BASIS,False,False
2025-06-10|36340,2025-06-10,36340,14:30,14:40,10,UNAVAILABLE,0,5,,,SCALE_INSUFFICIENT,,True,,,,CURRENT_BAR_UNAVAILABLE,OBSERVATION_INSUFFICIENT,10,0,0,False,0,0,False,INHERITED_RAW_PRICE_BASIS,False,False
2025-06-10|36340,2025-06-10,36340,14:30,14:45,15,UNAVAILABLE,0,5,,,SCALE_INSUFFICIENT,,True,,,,CURRENT_BAR_UNAVAILABLE,OBSERVATION_INSUFFICIENT,10,0,0,False,0,0,False,INHERITED_RAW_PRICE_BASIS,False,False
2025-06-10|36340,2025-06-10,36340,14:30,14:50,20,UNAVAILABLE,0,5,,,SCALE_INSUFFICIENT,,True,,,,CURRENT_BAR_UNAVAILABLE,OBSERVATION_INSUFFICIENT,9,0,0,False,0,0,False,INHERITED_RAW_PRICE_BASIS,False,False
2025-06-10|36340,2025-06-10,36340,14:30,14:55,25,UNAVAILABLE,0,5,,,SCALE_INSUFFICIENT,,True,,,,CURRENT_BAR_UNAVAILABLE,OBSERVATION_INSUFFICIENT,7,0,0,False,0,0,False,INHERITED_RAW_PRICE_BASIS,False,False
2025-06-10|36340,2025-06-10,36340,14:30,15:00,30,PARTIAL,1,4,,,SCALE_INSUFFICIENT,,True,,,,CURRENT_BAR_UNAVAILABLE,OBSERVATION_INSUFFICIENT,8,0,0,False,0,0,False,INHERITED_RAW_PRICE_BASIS,False,False
2025-06-10|36340,2025-06-10,36340,14:30,15:05,35,PARTIAL,2,3,,,SCALE_INSUFFICIENT,,True,,,,CURRENT_BAR_UNAVAILABLE,OBSERVATION_INSUFFICIENT,10,0,0,False,0,0,False,INHERITED_RAW_PRICE_BASIS,False,False
2025-06-10|36340,2025-06-10,36340,14:30,15:10,40,UNAVAILABLE,0,5,,,SCALE_INSUFFICIENT,,True,,,,CURRENT_BAR_UNAVAILABLE,OBSERVATION_INSUFFICIENT,8,0,0,False,0,0,False,INHERITED_RAW_PRICE_BASIS,False,False
2025-06-10|36340,2025-06-10,36340,14:30,15:15,45,UNAVAILABLE,0,5,,,SCALE_INSUFFICIENT,,True,,,,CURRENT_BAR_UNAVAILABLE,OBSERVATION_INSUFFICIENT,8,0,0,False,0,0,False,INHERITED_RAW_PRICE_BASIS,False,False
2025-06-10|36340,2025-06-10,36340,14:30,15:20,50,PARTIAL,2,3,,,SCALE_INSUFFICIENT,,True,,,,SCALE_UNAVAILABLE,RIGHT_CENSORED,5,0,0,False,0,0,False,INHERITED_RAW_PRICE_BASIS,False,False
2025-06-10|36340,2025-06-10,36340,14:30,15:25,55,UNAVAILABLE,0,5,,,SCALE_INSUFFICIENT,,True,,,,CURRENT_BAR_UNAVAILABLE,RIGHT_CENSORED,0,0,0,False,0,0,False,INHERITED_RAW_PRICE_BASIS,False,False
2025-06-10|36470,2025-06-10,36470,10:00,10:00,0,COMPLETE,5,0,UP,0.6802721088435374,AVAILABLE,3.0,True,DOWN_STRUCTURE,CORRECTION|RECOVERY,RANGE_COMPRESSION,IDENTIFIED,WINDOW_OBSERVED,0,1,7,False,0,2,True,INHERITED_RAW_PRICE_BASIS,False,False
2025-06-10|36470,2025-06-10,36470,10:00,10:05,5,COMPLETE,5,0,UP,0.6802721088435374,AVAILABLE,3.0,True,DOWN_STRUCTURE,CORRECTION|RECOVERY,VOLUME_COMPRESSION|TRADING_VALUE_COMPRESSION,IDENTIFIED,WINDOW_OBSERVED,0,1,7,False,0,0,True,INHERITED_RAW_PRICE_BASIS,True,False
2025-06-10|36470,2025-06-10,36470,10:00,10:10,10,COMPLETE,5,0,UP,1.3605442176870748,AVAILABLE,3.0,True,DOWN_STRUCTURE,PROGRESSION,RANGE_EXPANSION|VOLUME_EXPANSION|TRADING_VALUE_EXPANSION,IDENTIFIED,OBSERVATION_INSUFFICIENT,1,1,8,False,0,0,True,INHERITED_RAW_PRICE_BASIS,True,True
2025-06-10|36470,2025-06-10,36470,10:00,10:15,15,COMPLETE,5,0,DOWN,-0.6711409395973155,AVAILABLE,3.0,True,DOWN_STRUCTURE,PROGRESSION,RANGE_COMPRESSION,IDENTIFIED,OBSERVATION_INSUFFICIENT,1,1,8,False,0,0,True,INHERITED_RAW_PRICE_BASIS,True,False
2025-06-10|36470,2025-06-10,36470,10:00,10:20,20,PARTIAL,4,1,,,AVAILABLE,3.0,True,,,,UNRESOLVED_STRUCTURE,WINDOW_OBSERVED,0,0,0,False,0,3,False,INHERITED_RAW_PRICE_BASIS,False,False
2025-06-10|36470,2025-06-10,36470,10:00,10:25,25,COMPLETE,5,0,UP,3.401360544217687,AVAILABLE,3.0,True,,,,UNRESOLVED_STRUCTURE,WINDOW_OBSERVED,0,0,1,False,0,2,False,INHERITED_RAW_PRICE_BASIS,False,False
2025-06-10|36470,2025-06-10,36470,10:00,10:30,30,COMPLETE,5,0,UP,1.3157894736842106,AVAILABLE,3.0,True,,,,UNRESOLVED_STRUCTURE,WINDOW_OBSERVED,0,1,2,False,0,0,False,INHERITED_RAW_PRICE_BASIS,True,False
2025-06-10|36470,2025-06-10,36470,10:00,10:35,35,COMPLETE,5,0,DOWN,-0.6493506493506493,AVAILABLE,3.0,True,,,RANGE_COMPRESSION|VOLUME_COMPRESSION|TRADING_VALUE_COMPRESSION,UNRESOLVED_STRUCTURE,WINDOW_OBSERVED,0,0,2,False,0,0,False,INHERITED_RAW_PRICE_BASIS,True,False
2025-06-10|36470,2025-06-10,36470,10:00,10:40,40,COMPLETE,5,0,UNCHANGED,0.0,AVAILABLE,3.0,True,,,VOLUME_COMPRESSION|TRADING_VALUE_COMPRESSION,UNRESOLVED_STRUCTURE,OBSERVATION_INSUFFICIENT,1,0,2,False,0,0,False,INHERITED_RAW_PRICE_BASIS,True,False
2025-06-10|36470,2025-06-10,36470,10:00,10:45,45,COMPLETE,5,0,UNCHANGED,0.0,AVAILABLE,3.0,True,,,RANGE_COMPRESSION|VOLUME_COMPRESSION|TRADING_VALUE_COMPRESSION,UNRESOLVED_STRUCTURE,OBSERVATION_INSUFFICIENT,1,0,2,False,0,0,False,INHERITED_RAW_PRICE_BASIS,True,False
2025-06-10|36470,2025-06-10,36470,10:00,10:50,50,PARTIAL,4,1,,,AVAILABLE,3.0,True,,,,CURRENT_BAR_UNAVAILABLE,OBSERVATION_INSUFFICIENT,2,0,0,False,0,0,False,INHERITED_RAW_PRICE_BASIS,False,False
2025-06-10|36470,2025-06-10,36470,10:00,10:55,55,COMPLETE,5,0,UNCHANGED,0.0,AVAILABLE,3.0,True,,,,UNRESOLVED_STRUCTURE,OBSERVATION_INSUFFICIENT,2,0,0,False,0,0,False,INHERITED_RAW_PRICE_BASIS,False,False
2025-06-10|36470,2025-06-10,36470,10:00,11:00,60,PARTIAL,3,2,,,AVAILABLE,3.0,True,,,,UNRESOLVED_STRUCTURE,OBSERVATION_INSUFFICIENT,1,1,1,False,0,0,False,INHERITED_RAW_PRICE_BASIS,False,False
2025-06-10|36470,2025-06-10,36470,10:00,11:05,65,COMPLETE,5,0,DOWN,-1.3071895424836601,AVAILABLE,3.0,True,,,,UNRESOLVED_STRUCTURE,OBSERVATION_INSUFFICIENT,3,1,1,False,0,0,False,INHERITED_RAW_PRICE_BASIS,False,False
2025-06-10|36470,2025-06-10,36470,10:00,11:10,70,PARTIAL,4,1,,,AVAILABLE,3.0,True,,,,UNRESOLVED_STRUCTURE,OBSERVATION_INSUFFICIENT,2,0,0,False,0,0,False,INHERITED_RAW_PRICE_BASIS,False,False
2025-06-10|36470,2025-06-10,36470,10:00,11:15,75,PARTIAL,3,2,,,AVAILABLE,3.0,True,,,,CURRENT_BAR_UNAVAILABLE,OBSERVATION_INSUFFICIENT,1,0,0,False,0,0,False,INHERITED_RAW_PRICE_BASIS,False,False
2025-06-10|36470,2025-06-10,36470,10:00,11:20,80,COMPLETE,5,0,DOWN,-0.6622516556291391,AVAILABLE,3.0,True,,,,UNRESOLVED_STRUCTURE,OBSERVATION_INSUFFICIENT,2,0,0,False,0,0,False,INHERITED_RAW_PRICE_BASIS,False,False
2025-06-10|36470,2025-06-10,36470,10:00,11:25,85,PARTIAL,4,1,,,AVAILABLE,3.0,True,,,,UNRESOLVED_STRUCTURE,OBSERVATION_INSUFFICIENT,2,0,0,False,0,0,False,INHERITED_RAW_PRICE_BASIS,False,False
2025-06-10|36470,2025-06-10,36470,10:00,11:30,90,PARTIAL,4,1,,,AVAILABLE,3.0,True,,,,UNRESOLVED_STRUCTURE,OBSERVATION_INSUFFICIENT,2,0,0,False,0,0,False,INHERITED_RAW_PRICE_BASIS,False,False
2025-06-10|36470,2025-06-10,36470,10:00,12:35,95,PARTIAL,4,1,,,AVAILABLE,3.0,True,,,,CURRENT_BAR_UNAVAILABLE,OBSERVATION_INSUFFICIENT,1,0,0,False,0,0,False,INHERITED_RAW_PRICE_BASIS,False,False
2025-06-10|36470,2025-06-10,36470,10:00,12:40,100,PARTIAL,4,1,,,AVAILABLE,3.0,True,,,,UNRESOLVED_STRUCTURE,OBSERVATION_INSUFFICIENT,1,0,0,False,0,0,False,INHERITED_RAW_PRICE_BASIS,False,False
2025-06-10|36470,2025-06-10,36470,10:00,12:45,105,COMPLETE,5,0,UNCHANGED,0.0,AVAILABLE,3.0,True,,,,UNRESOLVED_STRUCTURE,OBSERVATION_INSUFFICIENT,1,0,0,False,0,0,False,INHERITED_RAW_PRICE_BASIS,False,False
2025-06-10|36470,2025-06-10,36470,10:00,12:50,110,PARTIAL,4,1,,,AVAILABLE,3.0,True,,,,UNRESOLVED_STRUCTURE,OBSERVATION_INSUFFICIENT,1,1,1,False,0,0,False,INHERITED_RAW_PRICE_BASIS,False,False
2025-06-10|36470,2025-06-10,36470,10:00,12:55,115,COMPLETE,5,0,UP,2.027027027027027,AVAILABLE,3.0,True,,,,UNRESOLVED_STRUCTURE,OBSERVATION_INSUFFICIENT,2,0,1,False,0,0,False,INHERITED_RAW_PRICE_BASIS,False,False
2025-06-10|36470,2025-06-10,36470,10:00,13:00,120,PARTIAL,4,1,,,AVAILABLE,3.0,True,,,,UNRESOLVED_STRUCTURE,OBSERVATION_INSUFFICIENT,2,0,0,False,0,0,False,INHERITED_RAW_PRICE_BASIS,False,False
2025-06-10|36470,2025-06-10,36470,10:00,13:05,125,PARTIAL,4,1,,,AVAILABLE,3.0,True,,,,UNRESOLVED_STRUCTURE,OBSERVATION_INSUFFICIENT,2,0,0,False,0,0,False,INHERITED_RAW_PRICE_BASIS,False,False
2025-06-10|36470,2025-06-10,36470,10:00,13:10,130,PARTIAL,4,1,,,AVAILABLE,3.0,True,,,,UNRESOLVED_STRUCTURE,OBSERVATION_INSUFFICIENT,2,0,0,False,0,0,False,INHERITED_RAW_PRICE_BASIS,False,False
2025-06-10|36470,2025-06-10,36470,10:00,13:15,135,PARTIAL,4,1,,,AVAILABLE,3.0,True,,,,UNRESOLVED_STRUCTURE,OBSERVATION_INSUFFICIENT,2,0,0,False,0,2,False,INHERITED_RAW_PRICE_BASIS,False,False
2025-06-10|36470,2025-06-10,36470,10:00,13:20,140,PARTIAL,4,1,,,AVAILABLE,3.0,True,,,,UNRESOLVED_STRUCTURE,OBSERVATION_INSUFFICIENT,3,0,0,False,0,0,False,INHERITED_RAW_PRICE_BASIS,False,False
2025-06-10|36470,2025-06-10,36470,10:00,13:25,145,PARTIAL,4,1,,,AVAILABLE,3.0,True,,,,UNRESOLVED_STRUCTURE,OBSERVATION_INSUFFICIENT,2,0,0,False,0,0,False,INHERITED_RAW_PRICE_BASIS,False,False
2025-06-10|36470,2025-06-10,36470,10:00,13:30,150,PARTIAL,3,2,,,AVAILABLE,3.0,True,,,,UNRESOLVED_STRUCTURE,OBSERVATION_INSUFFICIENT,3,0,0,False,0,2,False,INHERITED_RAW_PRICE_BASIS,False,False
2025-06-10|36470,2025-06-10,36470,10:00,13:35,155,COMPLETE,5,0,UNCHANGED,0.0,AVAILABLE,3.0,True,,,,UNRESOLVED_STRUCTURE,OBSERVATION_INSUFFICIENT,4,0,0,False,0,2,False,INHERITED_RAW_PRICE_BASIS,False,False
2025-06-10|36470,2025-06-10,36470,10:00,13:40,160,PARTIAL,2,3,,,AVAILABLE,3.0,True,,,,UNRESOLVED_STRUCTURE,OBSERVATION_INSUFFICIENT,3,0,0,False,0,0,False,INHERITED_RAW_PRICE_BASIS,False,False
2025-06-10|36470,2025-06-10,36470,10:00,13:45,165,PARTIAL,4,1,,,AVAILABLE,3.0,True,,,,CURRENT_BAR_UNAVAILABLE,OBSERVATION_INSUFFICIENT,2,0,0,False,0,0,False,INHERITED_RAW_PRICE_BASIS,False,False
2025-06-10|36470,2025-06-10,36470,10:00,13:50,170,PARTIAL,3,2,,,AVAILABLE,3.0,True,,,,UNRESOLVED_STRUCTURE,OBSERVATION_INSUFFICIENT,1,0,0,False,0,0,False,INHERITED_RAW_PRICE_BASIS,False,False
2025-06-10|36470,2025-06-10,36470,10:00,13:55,175,COMPLETE,5,0,DOWN,-2.0689655172413794,AVAILABLE,3.0,True,,,,UNRESOLVED_STRUCTURE,OBSERVATION_INSUFFICIENT,2,0,1,False,0,1,False,INHERITED_RAW_PRICE_BASIS,False,False
2025-06-10|36470,2025-06-10,36470,10:00,14:00,180,PARTIAL,4,1,,,AVAILABLE,3.0,True,,,,CURRENT_BAR_UNAVAILABLE,OBSERVATION_INSUFFICIENT,1,0,0,False,0,1,False,INHERITED_RAW_PRICE_BASIS,False,False
2025-06-10|36470,2025-06-10,36470,10:00,14:05,185,PARTIAL,4,1,,,AVAILABLE,3.0,True,,,,UNRESOLVED_STRUCTURE,WINDOW_OBSERVED,0,0,0,False,0,0,False,INHERITED_RAW_PRICE_BASIS,False,False
2025-06-10|36470,2025-06-10,36470,10:00,14:10,190,COMPLETE,5,0,DOWN,-0.7092198581560284,AVAILABLE,3.0,True,,,,UNRESOLVED_STRUCTURE,WINDOW_OBSERVED,0,0,0,False,0,2,False,INHERITED_RAW_PRICE_BASIS,False,False
2025-06-10|36470,2025-06-10,36470,10:00,14:15,195,COMPLETE,5,0,UP,0.7092198581560284,AVAILABLE,3.0,True,,,RANGE_EXPANSION|VOLUME_EXPANSION|TRADING_VALUE_EXPANSION,UNRESOLVED_STRUCTURE,WINDOW_OBSERVED,0,0,0,False,0,4,False,INHERITED_RAW_PRICE_BASIS,True,False
2025-06-10|36470,2025-06-10,36470,10:00,14:20,200,COMPLETE,5,0,DOWN,-0.704225352112676,AVAILABLE,3.0,True,,,RANGE_COMPRESSION|VOLUME_COMPRESSION|TRADING_VALUE_COMPRESSION,UNRESOLVED_STRUCTURE,OBSERVATION_INSUFFICIENT,3,0,0,False,0,0,False,INHERITED_RAW_PRICE_BASIS,True,False
2025-06-10|36470,2025-06-10,36470,10:00,14:25,205,COMPLETE,5,0,UNCHANGED,0.0,AVAILABLE,3.0,True,,,RANGE_EXPANSION|VOLUME_EXPANSION|TRADING_VALUE_EXPANSION,UNRESOLVED_STRUCTURE,OBSERVATION_INSUFFICIENT,5,0,0,False,0,2,False,INHERITED_RAW_PRICE_BASIS,True,False
2025-06-10|36470,2025-06-10,36470,10:00,14:30,210,PARTIAL,2,3,,,AVAILABLE,3.0,True,,,,CURRENT_BAR_UNAVAILABLE,OBSERVATION_INSUFFICIENT,4,0,0,False,0,0,False,INHERITED_RAW_PRICE_BASIS,False,False
2025-06-10|36470,2025-06-10,36470,10:00,14:35,215,PARTIAL,3,2,,,AVAILABLE,3.0,True,,,,CURRENT_BAR_UNAVAILABLE,OBSERVATION_INSUFFICIENT,2,0,0,False,0,0,False,INHERITED_RAW_PRICE_BASIS,False,False
2025-06-10|36470,2025-06-10,36470,10:00,14:40,220,PARTIAL,3,2,,,AVAILABLE,3.0,True,,,,CURRENT_BAR_UNAVAILABLE,OBSERVATION_INSUFFICIENT,1,0,0,False,0,2,False,INHERITED_RAW_PRICE_BASIS,False,False
2025-06-10|36470,2025-06-10,36470,10:00,14:45,225,COMPLETE,5,0,UP,0.7142857142857143,AVAILABLE,3.0,True,,,,UNRESOLVED_STRUCTURE,OBSERVATION_INSUFFICIENT,2,0,0,False,0,2,False,INHERITED_RAW_PRICE_BASIS,False,False
2025-06-10|36470,2025-06-10,36470,10:00,14:50,230,PARTIAL,4,1,,,AVAILABLE,3.0,True,,,,CURRENT_BAR_UNAVAILABLE,OBSERVATION_INSUFFICIENT,2,0,0,False,0,0,False,INHERITED_RAW_PRICE_BASIS,False,False
2025-06-10|36470,2025-06-10,36470,10:00,14:55,235,PARTIAL,4,1,,,AVAILABLE,3.0,True,,,,UNRESOLVED_STRUCTURE,OBSERVATION_INSUFFICIENT,1,0,0,False,0,0,False,INHERITED_RAW_PRICE_BASIS,False,False
2025-06-10|36470,2025-06-10,36470,10:00,15:00,240,PARTIAL,4,1,,,AVAILABLE,3.0,True,,,,UNRESOLVED_STRUCTURE,OBSERVATION_INSUFFICIENT,2,0,0,False,0,1,False,INHERITED_RAW_PRICE_BASIS,False,False
2025-06-10|36470,2025-06-10,36470,10:00,15:05,245,COMPLETE,5,0,UP,0.7194244604316546,AVAILABLE,3.0,True,,,,UNRESOLVED_STRUCTURE,OBSERVATION_INSUFFICIENT,5,0,0,False,0,1,False,INHERITED_RAW_PRICE_BASIS,False,False
2025-06-10|36470,2025-06-10,36470,10:00,15:10,250,PARTIAL,3,2,,,AVAILABLE,3.0,True,,,,CURRENT_BAR_UNAVAILABLE,OBSERVATION_INSUFFICIENT,6,0,0,False,0,1,False,INHERITED_RAW_PRICE_BASIS,False,False
2025-06-10|36470,2025-06-10,36470,10:00,15:15,255,PARTIAL,2,3,,,AVAILABLE,3.0,True,,,,CURRENT_BAR_UNAVAILABLE,OBSERVATION_INSUFFICIENT,4,0,0,False,0,0,False,INHERITED_RAW_PRICE_BASIS,False,False
2025-06-10|36470,2025-06-10,36470,10:00,15:20,260,PARTIAL,2,3,,,AVAILABLE,3.0,True,,,,UNRESOLVED_STRUCTURE,RIGHT_CENSORED,1,0,0,False,0,0,False,INHERITED_RAW_PRICE_BASIS,False,False
2025-06-10|36470,2025-06-10,36470,10:00,15:25,265,PARTIAL,4,1,,,AVAILABLE,3.0,True,,,,UNRESOLVED_STRUCTURE,RIGHT_CENSORED,0,0,0,False,0,0,False,INHERITED_RAW_PRICE_BASIS,False,False
2025-06-10|36920,2025-06-10,36920,13:00,13:00,0,COMPLETE,5,0,DOWN,-0.5607476635514018,AVAILABLE,40.0,True,,,VOLUME_COMPRESSION|TRADING_VALUE_COMPRESSION,UNRESOLVED_STRUCTURE,WINDOW_OBSERVED,0,0,1,False,1,5,False,INHERITED_RAW_PRICE_BASIS,False,False
2025-06-10|36920,2025-06-10,36920,13:00,13:05,5,COMPLETE,5,0,UP,0.18796992481203006,AVAILABLE,40.0,True,,,,UNRESOLVED_STRUCTURE,WINDOW_OBSERVED,0,0,1,False,0,1,False,INHERITED_RAW_PRICE_BASIS,True,False
2025-06-10|36920,2025-06-10,36920,13:00,13:10,10,COMPLETE,5,0,DOWN,-0.7504690431519699,AVAILABLE,40.0,True,,,RANGE_EXPANSION|VOLUME_EXPANSION|TRADING_VALUE_EXPANSION,UNRESOLVED_STRUCTURE,WINDOW_OBSERVED,0,0,1,False,1,1,False,INHERITED_RAW_PRICE_BASIS,True,False
2025-06-10|36920,2025-06-10,36920,13:00,13:15,15,COMPLETE,5,0,DOWN,-0.1893939393939394,AVAILABLE,40.0,True,,RECOVERY,CHOPPINESS|VOLUME_EXPANSION|TRADING_VALUE_EXPANSION,UNRESOLVED_STRUCTURE,WINDOW_OBSERVED,0,0,2,False,1,2,True,INHERITED_RAW_PRICE_BASIS,True,True
2025-06-10|36920,2025-06-10,36920,13:00,13:20,20,COMPLETE,5,0,DOWN,-0.3787878787878788,AVAILABLE,40.0,True,,RECOVERY,RANGE_EXPANSION,UNRESOLVED_STRUCTURE,WINDOW_OBSERVED,0,0,2,False,2,0,True,INHERITED_RAW_PRICE_BASIS,True,False
2025-06-10|36920,2025-06-10,36920,13:00,13:25,25,COMPLETE,5,0,UP,0.5703422053231939,AVAILABLE,40.0,True,,RECOVERY,RANGE_COMPRESSION|VOLUME_COMPRESSION|TRADING_VALUE_COMPRESSION,UNRESOLVED_STRUCTURE,WINDOW_OBSERVED,0,0,2,False,0,0,True,INHERITED_RAW_PRICE_BASIS,True,False
2025-06-10|36920,2025-06-10,36920,13:00,13:30,30,COMPLETE,5,0,UP,0.5671077504725898,AVAILABLE,40.0,True,,RECOVERY,RANGE_COMPRESSION,UNRESOLVED_STRUCTURE,WINDOW_OBSERVED,0,0,2,False,0,0,True,INHERITED_RAW_PRICE_BASIS,True,False
2025-06-10|36920,2025-06-10,36920,13:00,13:35,35,COMPLETE,5,0,UNCHANGED,0.0,AVAILABLE,40.0,True,,RECOVERY,,UNRESOLVED_STRUCTURE,WINDOW_OBSERVED,0,0,2,False,0,0,True,INHERITED_RAW_PRICE_BASIS,True,False
2025-06-10|36920,2025-06-10,36920,13:00,13:40,40,COMPLETE,5,0,UP,0.3766478342749529,AVAILABLE,40.0,True,,RECOVERY,,UNRESOLVED_STRUCTURE,WINDOW_OBSERVED,0,0,2,False,0,2,True,INHERITED_RAW_PRICE_BASIS,True,False
2025-06-10|36920,2025-06-10,36920,13:00,13:45,45,COMPLETE,5,0,DOWN,-0.18726591760299627,AVAILABLE,40.0,True,,RECOVERY,RANGE_COMPRESSION|VOLUME_COMPRESSION|TRADING_VALUE_COMPRESSION,UNRESOLVED_STRUCTURE,WINDOW_OBSERVED,0,0,2,False,0,0,True,INHERITED_RAW_PRICE_BASIS,True,False
2025-06-10|36920,2025-06-10,36920,13:00,13:50,50,COMPLETE,5,0,UP,0.7504690431519699,AVAILABLE,40.0,True,,RECOVERY,RANGE_EXPANSION|VOLUME_EXPANSION|TRADING_VALUE_EXPANSION,UNRESOLVED_STRUCTURE,WINDOW_OBSERVED,0,0,2,False,2,2,True,INHERITED_RAW_PRICE_BASIS,True,False
2025-06-10|36920,2025-06-10,36920,13:00,13:55,55,COMPLETE,5,0,UP,0.37243947858473,AVAILABLE,40.0,True,,RECOVERY,RANGE_COMPRESSION,UNRESOLVED_STRUCTURE,WINDOW_OBSERVED,0,0,2,False,0,0,True,INHERITED_RAW_PRICE_BASIS,True,False
2025-06-10|36920,2025-06-10,36920,13:00,14:00,60,COMPLETE,5,0,UNCHANGED,0.0,AVAILABLE,40.0,True,,RECOVERY,VOLUME_COMPRESSION|TRADING_VALUE_COMPRESSION,UNRESOLVED_STRUCTURE,WINDOW_OBSERVED,0,0,2,False,0,0,True,INHERITED_RAW_PRICE_BASIS,True,False
2025-06-10|36920,2025-06-10,36920,13:00,14:05,65,COMPLETE,5,0,UP,0.18587360594795538,AVAILABLE,40.0,True,,RECOVERY,RANGE_COMPRESSION|VOLUME_COMPRESSION|TRADING_VALUE_COMPRESSION,UNRESOLVED_STRUCTURE,OBSERVATION_INSUFFICIENT,1,0,2,False,0,0,True,INHERITED_RAW_PRICE_BASIS,True,False
2025-06-10|36920,2025-06-10,36920,13:00,14:10,70,COMPLETE,5,0,UP,0.18587360594795538,AVAILABLE,40.0,True,RANGE_STRUCTURE,BALANCE|RECOVERY,RANGE_EXPANSION|VOLUME_EXPANSION|TRADING_VALUE_EXPANSION,IDENTIFIED,OBSERVATION_INSUFFICIENT,1,0,2,True,0,0,True,INHERITED_RAW_PRICE_BASIS,True,True
2025-06-10|36920,2025-06-10,36920,13:00,14:15,75,PARTIAL,4,1,,,AVAILABLE,40.0,True,,,,UNRESOLVED_STRUCTURE,WINDOW_OBSERVED,0,1,1,False,0,1,False,INHERITED_RAW_PRICE_BASIS,False,False
2025-06-10|36920,2025-06-10,36920,13:00,14:20,80,COMPLETE,5,0,UP,0.36764705882352944,AVAILABLE,40.0,True,,,,UNRESOLVED_STRUCTURE,WINDOW_OBSERVED,0,0,1,False,0,0,False,INHERITED_RAW_PRICE_BASIS,False,False
2025-06-10|36920,2025-06-10,36920,13:00,14:25,85,COMPLETE,5,0,DOWN,-0.18315018315018314,AVAILABLE,40.0,True,,,,UNRESOLVED_STRUCTURE,WINDOW_OBSERVED,0,1,2,False,0,0,False,INHERITED_RAW_PRICE_BASIS,True,False
2025-06-10|36920,2025-06-10,36920,13:00,14:30,90,COMPLETE,5,0,UNCHANGED,0.0,AVAILABLE,40.0,True,,,RANGE_COMPRESSION|VOLUME_COMPRESSION|TRADING_VALUE_COMPRESSION,UNRESOLVED_STRUCTURE,WINDOW_OBSERVED,0,1,2,False,0,0,False,INHERITED_RAW_PRICE_BASIS,True,False
2025-06-10|36920,2025-06-10,36920,13:00,14:35,95,COMPLETE,5,0,DOWN,-0.36764705882352944,AVAILABLE,40.0,True,,,VOLUME_EXPANSION|TRADING_VALUE_EXPANSION,UNRESOLVED_STRUCTURE,WINDOW_OBSERVED,0,1,3,False,0,0,False,INHERITED_RAW_PRICE_BASIS,True,False
2025-06-10|36920,2025-06-10,36920,13:00,14:40,100,COMPLETE,5,0,UP,0.5535055350553506,AVAILABLE,40.0,True,,RECOVERY,VOLUME_COMPRESSION|TRADING_VALUE_COMPRESSION,UNRESOLVED_STRUCTURE,WINDOW_OBSERVED,0,0,3,False,0,0,True,INHERITED_RAW_PRICE_BASIS,True,True
2025-06-10|36920,2025-06-10,36920,13:00,14:45,105,COMPLETE,5,0,DOWN,-0.3663003663003663,AVAILABLE,40.0,True,UP_STRUCTURE,CORRECTION,CHOPPINESS|RANGE_EXPANSION,IDENTIFIED,WINDOW_OBSERVED,0,0,4,False,1,3,True,INHERITED_RAW_PRICE_BASIS,True,True
2025-06-10|36920,2025-06-10,36920,13:00,14:50,110,COMPLETE,5,0,UNCHANGED,0.0,AVAILABLE,40.0,True,UP_STRUCTURE,CORRECTION,RANGE_COMPRESSION|VOLUME_COMPRESSION|TRADING_VALUE_COMPRESSION,IDENTIFIED,OBSERVATION_INSUFFICIENT,1,0,4,True,0,0,True,INHERITED_RAW_PRICE_BASIS,True,False
2025-06-10|36920,2025-06-10,36920,13:00,14:55,115,COMPLETE,5,0,DOWN,-0.18382352941176472,AVAILABLE,40.0,True,UP_STRUCTURE,CORRECTION,RANGE_COMPRESSION,IDENTIFIED,OBSERVATION_INSUFFICIENT,1,0,4,True,0,1,True,INHERITED_RAW_PRICE_BASIS,True,False
2025-06-10|36920,2025-06-10,36920,13:00,15:00,120,PARTIAL,4,1,,,AVAILABLE,40.0,True,,,,UNRESOLVED_STRUCTURE,OBSERVATION_INSUFFICIENT,1,0,0,False,0,0,False,INHERITED_RAW_PRICE_BASIS,False,False
2025-06-10|36920,2025-06-10,36920,13:00,15:05,125,COMPLETE,5,0,UP,0.1841620626151013,AVAILABLE,40.0,True,,,CHOPPINESS,UNRESOLVED_STRUCTURE,OBSERVATION_INSUFFICIENT,1,0,0,False,0,0,False,INHERITED_RAW_PRICE_BASIS,False,False
2025-06-10|36920,2025-06-10,36920,13:00,15:10,130,PARTIAL,4,1,,,AVAILABLE,40.0,True,,,,UNRESOLVED_STRUCTURE,WINDOW_OBSERVED,0,0,0,False,0,0,False,INHERITED_RAW_PRICE_BASIS,False,False
2025-06-10|36920,2025-06-10,36920,13:00,15:15,135,COMPLETE,5,0,DOWN,-0.18382352941176472,AVAILABLE,40.0,True,,,,UNRESOLVED_STRUCTURE,WINDOW_OBSERVED,0,0,0,False,0,0,False,INHERITED_RAW_PRICE_BASIS,False,False
2025-06-10|36920,2025-06-10,36920,13:00,15:20,140,COMPLETE,5,0,DOWN,-0.36764705882352944,AVAILABLE,40.0,True,,,RANGE_COMPRESSION,UNRESOLVED_STRUCTURE,RIGHT_CENSORED,0,0,0,False,0,0,False,INHERITED_RAW_PRICE_BASIS,True,False
2025-06-10|36920,2025-06-10,36920,13:00,15:25,145,COMPLETE,5,0,DOWN,-0.1841620626151013,AVAILABLE,40.0,True,,,VOLUME_EXPANSION|TRADING_VALUE_EXPANSION,UNRESOLVED_STRUCTURE,RIGHT_CENSORED,0,0,0,False,0,0,False,INHERITED_RAW_PRICE_BASIS,True,False
2025-06-10|37260,2025-06-10,37260,11:00,11:00,0,UNAVAILABLE,0,5,,,SCALE_INSUFFICIENT,,True,,,,CURRENT_BAR_UNAVAILABLE,OBSERVATION_INSUFFICIENT,10,0,0,False,0,0,False,INHERITED_RAW_PRICE_BASIS,False,False
2025-06-10|37260,2025-06-10,37260,11:00,11:05,5,UNAVAILABLE,0,5,,,SCALE_INSUFFICIENT,,True,,,,CURRENT_BAR_UNAVAILABLE,OBSERVATION_INSUFFICIENT,10,0,0,False,0,0,False,INHERITED_RAW_PRICE_BASIS,False,False
2025-06-10|37260,2025-06-10,37260,11:00,11:10,10,UNAVAILABLE,0,5,,,SCALE_INSUFFICIENT,,True,,,,CURRENT_BAR_UNAVAILABLE,OBSERVATION_INSUFFICIENT,10,0,0,False,0,0,False,INHERITED_RAW_PRICE_BASIS,False,False
2025-06-10|37260,2025-06-10,37260,11:00,11:15,15,UNAVAILABLE,0,5,,,SCALE_INSUFFICIENT,,True,,,,CURRENT_BAR_UNAVAILABLE,OBSERVATION_INSUFFICIENT,10,0,0,False,0,0,False,INHERITED_RAW_PRICE_BASIS,False,False
2025-06-10|37260,2025-06-10,37260,11:00,11:20,20,UNAVAILABLE,0,5,,,SCALE_INSUFFICIENT,,True,,,,CURRENT_BAR_UNAVAILABLE,OBSERVATION_INSUFFICIENT,10,0,0,False,0,0,False,INHERITED_RAW_PRICE_BASIS,False,False
2025-06-10|37260,2025-06-10,37260,11:00,11:25,25,UNAVAILABLE,0,5,,,SCALE_INSUFFICIENT,,True,,,,CURRENT_BAR_UNAVAILABLE,OBSERVATION_INSUFFICIENT,8,0,0,False,0,0,False,INHERITED_RAW_PRICE_BASIS,False,False
2025-06-10|37260,2025-06-10,37260,11:00,11:30,30,UNAVAILABLE,0,5,,,SCALE_INSUFFICIENT,,True,,,,CURRENT_BAR_UNAVAILABLE,OBSERVATION_INSUFFICIENT,6,0,0,False,0,0,False,INHERITED_RAW_PRICE_BASIS,False,False
2025-06-10|37260,2025-06-10,37260,11:00,12:35,35,PARTIAL,2,3,,,SCALE_INSUFFICIENT,,True,,,,CURRENT_BAR_UNAVAILABLE,OBSERVATION_INSUFFICIENT,8,0,0,False,0,0,False,INHERITED_RAW_PRICE_BASIS,False,False
2025-06-10|37260,2025-06-10,37260,11:00,12:40,40,PARTIAL,2,3,,,SCALE_INSUFFICIENT,,True,,,,CURRENT_BAR_UNAVAILABLE,OBSERVATION_INSUFFICIENT,10,0,0,False,0,0,False,INHERITED_RAW_PRICE_BASIS,False,False
2025-06-10|37260,2025-06-10,37260,11:00,12:45,45,UNAVAILABLE,0,5,,,SCALE_INSUFFICIENT,,True,,,,CURRENT_BAR_UNAVAILABLE,OBSERVATION_INSUFFICIENT,10,0,0,False,0,0,False,INHERITED_RAW_PRICE_BASIS,False,False
2025-06-10|37260,2025-06-10,37260,11:00,12:50,50,UNAVAILABLE,0,5,,,SCALE_INSUFFICIENT,,True,,,,CURRENT_BAR_UNAVAILABLE,OBSERVATION_INSUFFICIENT,9,0,0,False,0,0,False,INHERITED_RAW_PRICE_BASIS,False,False
2025-06-10|37260,2025-06-10,37260,11:00,12:55,55,UNAVAILABLE,0,5,,,SCALE_INSUFFICIENT,,True,,,,CURRENT_BAR_UNAVAILABLE,OBSERVATION_INSUFFICIENT,8,0,0,False,0,0,False,INHERITED_RAW_PRICE_BASIS,False,False
2025-06-10|37260,2025-06-10,37260,11:00,13:00,60,PARTIAL,1,4,,,SCALE_INSUFFICIENT,,True,,,,CURRENT_BAR_UNAVAILABLE,OBSERVATION_INSUFFICIENT,9,0,0,False,1,0,False,INHERITED_RAW_PRICE_BASIS,False,False
2025-06-10|37260,2025-06-10,37260,11:00,13:05,65,PARTIAL,1,4,,,SCALE_INSUFFICIENT,,True,,,,CURRENT_BAR_UNAVAILABLE,OBSERVATION_INSUFFICIENT,10,0,0,False,0,0,False,INHERITED_RAW_PRICE_BASIS,False,False
2025-06-10|37260,2025-06-10,37260,11:00,13:10,70,UNAVAILABLE,0,5,,,SCALE_INSUFFICIENT,,True,,,,CURRENT_BAR_UNAVAILABLE,OBSERVATION_INSUFFICIENT,10,0,0,False,0,0,False,INHERITED_RAW_PRICE_BASIS,False,False
2025-06-10|37260,2025-06-10,37260,11:00,13:15,75,UNAVAILABLE,0,5,,,SCALE_INSUFFICIENT,,True,,,,CURRENT_BAR_UNAVAILABLE,OBSERVATION_INSUFFICIENT,9,0,0,False,0,0,False,INHERITED_RAW_PRICE_BASIS,False,False
2025-06-10|37260,2025-06-10,37260,11:00,13:20,80,UNAVAILABLE,0,5,,,SCALE_INSUFFICIENT,,True,,,,CURRENT_BAR_UNAVAILABLE,OBSERVATION_INSUFFICIENT,9,0,0,False,0,0,False,INHERITED_RAW_PRICE_BASIS,False,False
2025-06-10|37260,2025-06-10,37260,11:00,13:25,85,PARTIAL,1,4,,,SCALE_INSUFFICIENT,,True,,,,SCALE_UNAVAILABLE,OBSERVATION_INSUFFICIENT,9,0,0,False,0,0,False,INHERITED_RAW_PRICE_BASIS,False,False
2025-06-10|37260,2025-06-10,37260,11:00,13:30,90,UNAVAILABLE,0,5,,,SCALE_INSUFFICIENT,,True,,,,CURRENT_BAR_UNAVAILABLE,OBSERVATION_INSUFFICIENT,9,0,0,False,0,0,False,INHERITED_RAW_PRICE_BASIS,False,False
2025-06-10|37260,2025-06-10,37260,11:00,13:35,95,PARTIAL,1,4,,,SCALE_INSUFFICIENT,,True,,,,CURRENT_BAR_UNAVAILABLE,OBSERVATION_INSUFFICIENT,9,0,0,False,0,0,False,INHERITED_RAW_PRICE_BASIS,False,False
2025-06-10|37260,2025-06-10,37260,11:00,13:40,100,UNAVAILABLE,0,5,,,SCALE_INSUFFICIENT,,True,,,,CURRENT_BAR_UNAVAILABLE,OBSERVATION_INSUFFICIENT,9,0,0,False,0,0,False,INHERITED_RAW_PRICE_BASIS,False,False
2025-06-10|37260,2025-06-10,37260,11:00,13:45,105,PARTIAL,1,4,,,SCALE_INSUFFICIENT,,True,,,,CURRENT_BAR_UNAVAILABLE,OBSERVATION_INSUFFICIENT,10,0,0,False,0,0,False,INHERITED_RAW_PRICE_BASIS,False,False
2025-06-10|37260,2025-06-10,37260,11:00,13:50,110,UNAVAILABLE,0,5,,,SCALE_INSUFFICIENT,,True,,,,CURRENT_BAR_UNAVAILABLE,OBSERVATION_INSUFFICIENT,10,0,0,False,0,0,False,INHERITED_RAW_PRICE_BASIS,False,False
2025-06-10|37260,2025-06-10,37260,11:00,13:55,115,UNAVAILABLE,0,5,,,SCALE_INSUFFICIENT,,True,,,,CURRENT_BAR_UNAVAILABLE,OBSERVATION_INSUFFICIENT,10,0,0,False,0,0,False,INHERITED_RAW_PRICE_BASIS,False,False
2025-06-10|37260,2025-06-10,37260,11:00,14:00,120,UNAVAILABLE,0,5,,,SCALE_INSUFFICIENT,,True,,,,CURRENT_BAR_UNAVAILABLE,OBSERVATION_INSUFFICIENT,10,0,0,False,0,0,False,INHERITED_RAW_PRICE_BASIS,False,False
2025-06-10|37260,2025-06-10,37260,11:00,14:05,125,UNAVAILABLE,0,5,,,SCALE_INSUFFICIENT,,True,,,,CURRENT_BAR_UNAVAILABLE,OBSERVATION_INSUFFICIENT,10,0,0,False,0,0,False,INHERITED_RAW_PRICE_BASIS,False,False
2025-06-10|37260,2025-06-10,37260,11:00,14:10,130,UNAVAILABLE,0,5,,,SCALE_INSUFFICIENT,,True,,,,CURRENT_BAR_UNAVAILABLE,OBSERVATION_INSUFFICIENT,10,0,0,False,0,0,False,INHERITED_RAW_PRICE_BASIS,False,False
2025-06-10|37260,2025-06-10,37260,11:00,14:15,135,UNAVAILABLE,0,5,,,SCALE_INSUFFICIENT,,True,,,,CURRENT_BAR_UNAVAILABLE,OBSERVATION_INSUFFICIENT,10,0,0,False,0,0,False,INHERITED_RAW_PRICE_BASIS,False,False
2025-06-10|37260,2025-06-10,37260,11:00,14:20,140,UNAVAILABLE,0,5,,,SCALE_INSUFFICIENT,,True,,,,CURRENT_BAR_UNAVAILABLE,OBSERVATION_INSUFFICIENT,10,0,0,False,0,0,False,INHERITED_RAW_PRICE_BASIS,False,False
2025-06-10|37260,2025-06-10,37260,11:00,14:25,145,UNAVAILABLE,0,5,,,SCALE_INSUFFICIENT,,True,,,,CURRENT_BAR_UNAVAILABLE,OBSERVATION_INSUFFICIENT,10,0,0,False,0,0,False,INHERITED_RAW_PRICE_BASIS,False,False
2025-06-10|37260,2025-06-10,37260,11:00,14:30,150,UNAVAILABLE,0,5,,,SCALE_INSUFFICIENT,,True,,,,CURRENT_BAR_UNAVAILABLE,OBSERVATION_INSUFFICIENT,10,0,0,False,0,0,False,INHERITED_RAW_PRICE_BASIS,False,False
2025-06-10|37260,2025-06-10,37260,11:00,14:35,155,UNAVAILABLE,0,5,,,SCALE_INSUFFICIENT,,True,,,,CURRENT_BAR_UNAVAILABLE,OBSERVATION_INSUFFICIENT,10,0,0,False,0,0,False,INHERITED_RAW_PRICE_BASIS,False,False
2025-06-10|37260,2025-06-10,37260,11:00,14:40,160,UNAVAILABLE,0,5,,,SCALE_INSUFFICIENT,,True,,,,CURRENT_BAR_UNAVAILABLE,OBSERVATION_INSUFFICIENT,10,0,0,False,0,0,False,INHERITED_RAW_PRICE_BASIS,False,False
2025-06-10|37260,2025-06-10,37260,11:00,14:45,165,UNAVAILABLE,0,5,,,SCALE_INSUFFICIENT,,True,,,,CURRENT_BAR_UNAVAILABLE,OBSERVATION_INSUFFICIENT,10,0,0,False,0,0,False,INHERITED_RAW_PRICE_BASIS,False,False
2025-06-10|37260,2025-06-10,37260,11:00,14:50,170,UNAVAILABLE,0,5,,,SCALE_INSUFFICIENT,,True,,,,CURRENT_BAR_UNAVAILABLE,OBSERVATION_INSUFFICIENT,10,0,0,False,0,0,False,INHERITED_RAW_PRICE_BASIS,False,False
2025-06-10|37260,2025-06-10,37260,11:00,14:55,175,UNAVAILABLE,0,5,,,SCALE_INSUFFICIENT,,True,,,,CURRENT_BAR_UNAVAILABLE,OBSERVATION_INSUFFICIENT,10,0,0,False,0,0,False,INHERITED_RAW_PRICE_BASIS,False,False
2025-06-10|37260,2025-06-10,37260,11:00,15:00,180,UNAVAILABLE,0,5,,,SCALE_INSUFFICIENT,,True,,,,CURRENT_BAR_UNAVAILABLE,OBSERVATION_INSUFFICIENT,9,0,0,False,0,0,False,INHERITED_RAW_PRICE_BASIS,False,False
2025-06-10|37260,2025-06-10,37260,11:00,15:05,185,UNAVAILABLE,0,5,,,SCALE_INSUFFICIENT,,True,,,,CURRENT_BAR_UNAVAILABLE,OBSERVATION_INSUFFICIENT,9,0,0,False,0,0,False,INHERITED_RAW_PRICE_BASIS,False,False
2025-06-10|37260,2025-06-10,37260,11:00,15:10,190,PARTIAL,1,4,,,SCALE_INSUFFICIENT,,True,,,,CURRENT_BAR_UNAVAILABLE,OBSERVATION_INSUFFICIENT,9,0,0,False,0,0,False,INHERITED_RAW_PRICE_BASIS,False,False
2025-06-10|37260,2025-06-10,37260,11:00,15:15,195,UNAVAILABLE,0,5,,,SCALE_INSUFFICIENT,,True,,,,CURRENT_BAR_UNAVAILABLE,OBSERVATION_INSUFFICIENT,7,0,0,False,0,0,False,INHERITED_RAW_PRICE_BASIS,False,False
2025-06-10|37260,2025-06-10,37260,11:00,15:20,200,PARTIAL,1,4,,,SCALE_INSUFFICIENT,,True,,,,CURRENT_BAR_UNAVAILABLE,RIGHT_CENSORED,3,0,0,False,0,0,False,INHERITED_RAW_PRICE_BASIS,False,False
2025-06-10|37260,2025-06-10,37260,11:00,15:25,205,PARTIAL,2,3,,,SCALE_INSUFFICIENT,,True,,,,CURRENT_BAR_UNAVAILABLE,RIGHT_CENSORED,0,0,0,False,2,0,False,INHERITED_RAW_PRICE_BASIS,False,False
2025-06-10|37870,2025-06-10,37870,14:30,14:30,0,PARTIAL,1,4,,,SCALE_INSUFFICIENT,,True,,,,CURRENT_BAR_UNAVAILABLE,OBSERVATION_INSUFFICIENT,10,0,0,False,0,0,False,INHERITED_RAW_PRICE_BASIS,False,False
2025-06-10|37870,2025-06-10,37870,14:30,14:35,5,UNAVAILABLE,0,5,,,SCALE_INSUFFICIENT,,True,,,,CURRENT_BAR_UNAVAILABLE,OBSERVATION_INSUFFICIENT,10,0,0,False,0,0,False,INHERITED_RAW_PRICE_BASIS,False,False
2025-06-10|37870,2025-06-10,37870,14:30,14:40,10,UNAVAILABLE,0,5,,,SCALE_INSUFFICIENT,,True,,,,CURRENT_BAR_UNAVAILABLE,OBSERVATION_INSUFFICIENT,10,0,0,False,0,0,False,INHERITED_RAW_PRICE_BASIS,False,False
2025-06-10|37870,2025-06-10,37870,14:30,14:45,15,UNAVAILABLE,0,5,,,SCALE_INSUFFICIENT,,True,,,,CURRENT_BAR_UNAVAILABLE,OBSERVATION_INSUFFICIENT,8,0,0,False,0,0,False,INHERITED_RAW_PRICE_BASIS,False,False
2025-06-10|37870,2025-06-10,37870,14:30,14:50,20,UNAVAILABLE,0,5,,,SCALE_INSUFFICIENT,,True,,,,CURRENT_BAR_UNAVAILABLE,OBSERVATION_INSUFFICIENT,8,0,0,False,0,0,False,INHERITED_RAW_PRICE_BASIS,False,False
2025-06-10|37870,2025-06-10,37870,14:30,14:55,25,PARTIAL,2,3,,,SCALE_INSUFFICIENT,,True,,,,SCALE_UNAVAILABLE,OBSERVATION_INSUFFICIENT,9,0,0,False,0,0,False,INHERITED_RAW_PRICE_BASIS,False,False
2025-06-10|37870,2025-06-10,37870,14:30,15:00,30,UNAVAILABLE,0,5,,,SCALE_INSUFFICIENT,,True,,,,CURRENT_BAR_UNAVAILABLE,OBSERVATION_INSUFFICIENT,9,0,0,False,0,0,False,INHERITED_RAW_PRICE_BASIS,False,False
2025-06-10|37870,2025-06-10,37870,14:30,15:05,35,PARTIAL,1,4,,,SCALE_INSUFFICIENT,,True,,,,SCALE_UNAVAILABLE,OBSERVATION_INSUFFICIENT,10,0,0,False,0,0,False,INHERITED_RAW_PRICE_BASIS,False,False
2025-06-10|37870,2025-06-10,37870,14:30,15:10,40,UNAVAILABLE,0,5,,,SCALE_INSUFFICIENT,,True,,,,CURRENT_BAR_UNAVAILABLE,OBSERVATION_INSUFFICIENT,9,0,0,False,0,0,False,INHERITED_RAW_PRICE_BASIS,False,False
2025-06-10|37870,2025-06-10,37870,14:30,15:15,45,UNAVAILABLE,0,5,,,SCALE_INSUFFICIENT,,True,,,,CURRENT_BAR_UNAVAILABLE,OBSERVATION_INSUFFICIENT,8,0,0,False,0,0,False,INHERITED_RAW_PRICE_BASIS,False,False
2025-06-10|37870,2025-06-10,37870,14:30,15:20,50,PARTIAL,1,4,,,SCALE_INSUFFICIENT,,True,,,,CURRENT_BAR_UNAVAILABLE,RIGHT_CENSORED,4,0,0,False,0,0,False,INHERITED_RAW_PRICE_BASIS,False,False
2025-06-10|37870,2025-06-10,37870,14:30,15:25,55,PARTIAL,1,4,,,SCALE_INSUFFICIENT,,True,,,,SCALE_UNAVAILABLE,RIGHT_CENSORED,0,0,0,False,0,0,False,INHERITED_RAW_PRICE_BASIS,False,False
2025-06-10|39070,2025-06-10,39070,11:00,11:00,0,COMPLETE,5,0,UP,0.6060606060606061,PREVIOUS_CONTEXT_UNAVAILABLE,,True,,,,SCALE_UNAVAILABLE,WINDOW_OBSERVED,0,0,0,False,0,0,False,INHERITED_RAW_PRICE_BASIS,False,False
2025-06-10|39070,2025-06-10,39070,11:00,11:05,5,COMPLETE,5,0,DOWN,-0.4306632213608958,PREVIOUS_CONTEXT_UNAVAILABLE,,True,,,RANGE_COMPRESSION|VOLUME_COMPRESSION|TRADING_VALUE_COMPRESSION,SCALE_UNAVAILABLE,WINDOW_OBSERVED,0,0,0,False,0,0,False,INHERITED_RAW_PRICE_BASIS,True,False
2025-06-10|39070,2025-06-10,39070,11:00,11:10,10,COMPLETE,5,0,DOWN,-0.2597402597402597,PREVIOUS_CONTEXT_UNAVAILABLE,,True,,,,SCALE_UNAVAILABLE,WINDOW_OBSERVED,0,0,0,False,0,0,False,INHERITED_RAW_PRICE_BASIS,True,False
2025-06-10|39070,2025-06-10,39070,11:00,11:15,15,COMPLETE,5,0,UP,2.515177797051171,PREVIOUS_CONTEXT_UNAVAILABLE,,True,,,RANGE_EXPANSION|VOLUME_EXPANSION|TRADING_VALUE_EXPANSION,SCALE_UNAVAILABLE,WINDOW_OBSERVED,0,0,0,False,0,0,False,INHERITED_RAW_PRICE_BASIS,True,False
2025-06-10|39070,2025-06-10,39070,11:00,11:20,20,COMPLETE,5,0,DOWN,-1.4382402707275803,PREVIOUS_CONTEXT_UNAVAILABLE,,True,,,,SCALE_UNAVAILABLE,WINDOW_OBSERVED,0,0,0,False,0,0,False,INHERITED_RAW_PRICE_BASIS,True,False
2025-06-10|39070,2025-06-10,39070,11:00,11:25,25,COMPLETE,5,0,DOWN,-0.7731958762886598,PREVIOUS_CONTEXT_UNAVAILABLE,,True,,,RANGE_COMPRESSION|VOLUME_COMPRESSION|TRADING_VALUE_COMPRESSION,SCALE_UNAVAILABLE,WINDOW_OBSERVED,0,0,0,False,0,0,False,INHERITED_RAW_PRICE_BASIS,True,False
2025-06-10|39070,2025-06-10,39070,11:00,11:30,30,COMPLETE,5,0,DOWN,-0.6050129645635264,PREVIOUS_CONTEXT_UNAVAILABLE,,True,,,RANGE_EXPANSION|VOLUME_EXPANSION|TRADING_VALUE_EXPANSION,SCALE_UNAVAILABLE,WINDOW_OBSERVED,0,0,0,False,0,0,False,INHERITED_RAW_PRICE_BASIS,True,False
2025-06-10|39070,2025-06-10,39070,11:00,12:35,35,COMPLETE,5,0,UP,0.25862068965517243,PREVIOUS_CONTEXT_UNAVAILABLE,,True,,,,SCALE_UNAVAILABLE,WINDOW_OBSERVED,0,0,0,False,0,0,False,INHERITED_RAW_PRICE_BASIS,True,False
2025-06-10|39070,2025-06-10,39070,11:00,12:40,40,COMPLETE,5,0,DOWN,-0.8598452278589854,PREVIOUS_CONTEXT_UNAVAILABLE,,True,,,RANGE_EXPANSION,SCALE_UNAVAILABLE,WINDOW_OBSERVED,0,0,0,False,0,0,False,INHERITED_RAW_PRICE_BASIS,True,False
2025-06-10|39070,2025-06-10,39070,11:00,12:45,45,COMPLETE,5,0,UP,0.6926406926406926,PREVIOUS_CONTEXT_UNAVAILABLE,,True,,,RANGE_COMPRESSION|VOLUME_COMPRESSION|TRADING_VALUE_COMPRESSION,SCALE_UNAVAILABLE,WINDOW_OBSERVED,0,0,0,False,0,0,False,INHERITED_RAW_PRICE_BASIS,True,False
2025-06-10|39070,2025-06-10,39070,11:00,12:50,50,COMPLETE,5,0,UP,0.6872852233676976,PREVIOUS_CONTEXT_UNAVAILABLE,,True,,,RANGE_EXPANSION|VOLUME_EXPANSION|TRADING_VALUE_EXPANSION,SCALE_UNAVAILABLE,WINDOW_OBSERVED,0,0,0,False,0,0,False,INHERITED_RAW_PRICE_BASIS,True,False
2025-06-10|39070,2025-06-10,39070,11:00,12:55,55,COMPLETE,5,0,UP,2.810902896081772,PREVIOUS_CONTEXT_UNAVAILABLE,,True,,,,SCALE_UNAVAILABLE,OBSERVATION_INSUFFICIENT,2,0,0,False,0,0,False,INHERITED_RAW_PRICE_BASIS,True,False
2025-06-10|39070,2025-06-10,39070,11:00,13:00,60,COMPLETE,5,0,UP,0.16556291390728478,PREVIOUS_CONTEXT_UNAVAILABLE,,True,,,VOLUME_EXPANSION|TRADING_VALUE_EXPANSION,SCALE_UNAVAILABLE,OBSERVATION_INSUFFICIENT,3,0,0,False,0,0,False,INHERITED_RAW_PRICE_BASIS,True,False
2025-06-10|39070,2025-06-10,39070,11:00,13:05,65,PARTIAL,3,2,,,PREVIOUS_CONTEXT_UNAVAILABLE,,True,,,,CURRENT_BAR_UNAVAILABLE,OBSERVATION_INSUFFICIENT,1,0,0,False,0,0,False,INHERITED_RAW_PRICE_BASIS,False,False
2025-06-10|39070,2025-06-10,39070,11:00,13:10,70,PARTIAL,4,1,,,PREVIOUS_CONTEXT_UNAVAILABLE,,True,,,,SCALE_UNAVAILABLE,WINDOW_OBSERVED,0,0,0,False,3,1,False,INHERITED_RAW_PRICE_BASIS,False,False
2025-06-10|39070,2025-06-10,39070,11:00,13:15,75,COMPLETE,5,0,DOWN,-1.8099547511312217,PREVIOUS_CONTEXT_UNAVAILABLE,,True,,,,SCALE_UNAVAILABLE,WINDOW_OBSERVED,0,0,0,False,0,0,False,INHERITED_RAW_PRICE_BASIS,False,False
2025-06-10|39070,2025-06-10,39070,11:00,13:20,80,COMPLETE,5,0,UP,1.0138248847926268,PREVIOUS_CONTEXT_UNAVAILABLE,,True,,,,SCALE_UNAVAILABLE,WINDOW_OBSERVED,0,0,0,False,0,0,False,INHERITED_RAW_PRICE_BASIS,True,False
2025-06-10|39070,2025-06-10,39070,11:00,13:25,85,COMPLETE,5,0,DOWN,-0.3646308113035551,PREVIOUS_CONTEXT_UNAVAILABLE,,True,,,,SCALE_UNAVAILABLE,WINDOW_OBSERVED,0,0,0,False,0,0,False,INHERITED_RAW_PRICE_BASIS,True,False
2025-06-10|39070,2025-06-10,39070,11:00,13:30,90,COMPLETE,5,0,UNCHANGED,0.0,PREVIOUS_CONTEXT_UNAVAILABLE,,True,,,RANGE_COMPRESSION|VOLUME_COMPRESSION|TRADING_VALUE_COMPRESSION,SCALE_UNAVAILABLE,WINDOW_OBSERVED,0,0,0,False,0,0,False,INHERITED_RAW_PRICE_BASIS,True,False
2025-06-10|39070,2025-06-10,39070,11:00,13:35,95,COMPLETE,5,0,DOWN,-2.293577981651376,PREVIOUS_CONTEXT_UNAVAILABLE,,True,,,RANGE_EXPANSION|VOLUME_EXPANSION|TRADING_VALUE_EXPANSION,SCALE_UNAVAILABLE,WINDOW_OBSERVED,0,0,0,False,1,1,False,INHERITED_RAW_PRICE_BASIS,True,False
2025-06-10|39070,2025-06-10,39070,11:00,13:40,100,COMPLETE,5,0,UP,0.5628517823639775,PREVIOUS_CONTEXT_UNAVAILABLE,,True,,,RANGE_COMPRESSION|VOLUME_COMPRESSION|TRADING_VALUE_COMPRESSION,SCALE_UNAVAILABLE,WINDOW_OBSERVED,0,0,0,False,0,0,False,INHERITED_RAW_PRICE_BASIS,True,False
2025-06-10|39070,2025-06-10,39070,11:00,13:45,105,COMPLETE,5,0,DOWN,-1.1183597390493942,PREVIOUS_CONTEXT_UNAVAILABLE,,True,,,RANGE_EXPANSION|VOLUME_EXPANSION|TRADING_VALUE_EXPANSION,SCALE_UNAVAILABLE,WINDOW_OBSERVED,0,0,0,False,2,2,False,INHERITED_RAW_PRICE_BASIS,True,False
2025-06-10|39070,2025-06-10,39070,11:00,13:50,110,COMPLETE,5,0,UP,0.7540056550424128,PREVIOUS_CONTEXT_UNAVAILABLE,,True,,,RANGE_COMPRESSION|VOLUME_COMPRESSION|TRADING_VALUE_COMPRESSION,SCALE_UNAVAILABLE,WINDOW_OBSERVED,0,0,0,False,0,0,False,INHERITED_RAW_PRICE_BASIS,True,False
2025-06-10|39070,2025-06-10,39070,11:00,13:55,115,COMPLETE,5,0,UNCHANGED,0.0,PREVIOUS_CONTEXT_UNAVAILABLE,,True,,,RANGE_COMPRESSION|VOLUME_COMPRESSION|TRADING_VALUE_COMPRESSION,SCALE_UNAVAILABLE,WINDOW_OBSERVED,0,0,0,False,0,0,False,INHERITED_RAW_PRICE_BASIS,True,False
2025-06-10|39070,2025-06-10,39070,11:00,14:00,120,COMPLETE,5,0,DOWN,-1.7690875232774674,PREVIOUS_CONTEXT_UNAVAILABLE,,True,,,RANGE_EXPANSION|VOLUME_EXPANSION|TRADING_VALUE_EXPANSION,SCALE_UNAVAILABLE,WINDOW_OBSERVED,0,0,0,False,0,0,False,INHERITED_RAW_PRICE_BASIS,True,False
2025-06-10|39070,2025-06-10,39070,11:00,14:05,125,COMPLETE,5,0,DOWN,-0.5681818181818182,PREVIOUS_CONTEXT_UNAVAILABLE,,True,,,RANGE_COMPRESSION,SCALE_UNAVAILABLE,WINDOW_OBSERVED,0,0,0,False,0,0,False,INHERITED_RAW_PRICE_BASIS,True,False
2025-06-10|39070,2025-06-10,39070,11:00,14:10,130,COMPLETE,5,0,DOWN,-0.5703422053231939,PREVIOUS_CONTEXT_UNAVAILABLE,,True,,,VOLUME_EXPANSION|TRADING_VALUE_EXPANSION,SCALE_UNAVAILABLE,OBSERVATION_INSUFFICIENT,1,0,0,False,2,2,False,INHERITED_RAW_PRICE_BASIS,True,False
2025-06-10|39070,2025-06-10,39070,11:00,14:15,135,COMPLETE,5,0,UP,1.7191977077363896,PREVIOUS_CONTEXT_UNAVAILABLE,,True,,,RANGE_EXPANSION,SCALE_UNAVAILABLE,OBSERVATION_INSUFFICIENT,1,0,0,False,0,0,False,INHERITED_RAW_PRICE_BASIS,True,False
2025-06-10|39070,2025-06-10,39070,11:00,14:20,140,PARTIAL,4,1,,,PREVIOUS_CONTEXT_UNAVAILABLE,,True,,,,SCALE_UNAVAILABLE,WINDOW_OBSERVED,0,0,0,False,0,0,False,INHERITED_RAW_PRICE_BASIS,False,False
2025-06-10|39070,2025-06-10,39070,11:00,14:25,145,COMPLETE,5,0,DOWN,-1.6901408450704225,PREVIOUS_CONTEXT_UNAVAILABLE,,True,,,,SCALE_UNAVAILABLE,WINDOW_OBSERVED,0,0,0,False,0,0,False,INHERITED_RAW_PRICE_BASIS,False,False
2025-06-10|39070,2025-06-10,39070,11:00,14:30,150,COMPLETE,5,0,UNCHANGED,0.0,PREVIOUS_CONTEXT_UNAVAILABLE,,True,,,RANGE_COMPRESSION|VOLUME_COMPRESSION|TRADING_VALUE_COMPRESSION,SCALE_UNAVAILABLE,WINDOW_OBSERVED,0,0,0,False,0,0,False,INHERITED_RAW_PRICE_BASIS,True,False
2025-06-10|39070,2025-06-10,39070,11:00,14:35,155,COMPLETE,5,0,DOWN,-1.1385199240986716,PREVIOUS_CONTEXT_UNAVAILABLE,,True,,,RANGE_EXPANSION|VOLUME_EXPANSION|TRADING_VALUE_EXPANSION,SCALE_UNAVAILABLE,WINDOW_OBSERVED,0,0,0,False,3,5,False,INHERITED_RAW_PRICE_BASIS,True,False
2025-06-10|39070,2025-06-10,39070,11:00,14:40,160,COMPLETE,5,0,UP,0.6724303554274735,PREVIOUS_CONTEXT_UNAVAILABLE,,True,,,RANGE_COMPRESSION|VOLUME_COMPRESSION|TRADING_VALUE_COMPRESSION,SCALE_UNAVAILABLE,WINDOW_OBSERVED,0,0,0,False,0,0,False,INHERITED_RAW_PRICE_BASIS,True,False
2025-06-10|39070,2025-06-10,39070,11:00,14:45,165,COMPLETE,5,0,UP,0.09532888465204957,PREVIOUS_CONTEXT_UNAVAILABLE,,True,,,VOLUME_EXPANSION|TRADING_VALUE_EXPANSION,SCALE_UNAVAILABLE,WINDOW_OBSERVED,0,0,0,False,0,0,False,INHERITED_RAW_PRICE_BASIS,True,False
2025-06-10|39070,2025-06-10,39070,11:00,14:50,170,COMPLETE,5,0,UP,0.38022813688212925,PREVIOUS_CONTEXT_UNAVAILABLE,,True,,,RANGE_COMPRESSION|VOLUME_COMPRESSION|TRADING_VALUE_COMPRESSION,SCALE_UNAVAILABLE,WINDOW_OBSERVED,0,0,0,False,0,0,False,INHERITED_RAW_PRICE_BASIS,True,False
2025-06-10|39070,2025-06-10,39070,11:00,14:55,175,COMPLETE,5,0,DOWN,-0.7582938388625592,PREVIOUS_CONTEXT_UNAVAILABLE,,True,,,RANGE_EXPANSION|VOLUME_EXPANSION|TRADING_VALUE_EXPANSION,SCALE_UNAVAILABLE,OBSERVATION_INSUFFICIENT,1,0,0,False,0,0,False,INHERITED_RAW_PRICE_BASIS,True,False
2025-06-10|39070,2025-06-10,39070,11:00,15:00,180,COMPLETE,5,0,UP,0.5725190839694656,PREVIOUS_CONTEXT_UNAVAILABLE,,True,,,,SCALE_UNAVAILABLE,OBSERVATION_INSUFFICIENT,1,0,0,False,0,0,False,INHERITED_RAW_PRICE_BASIS,True,False
2025-06-10|39070,2025-06-10,39070,11:00,15:05,185,PARTIAL,4,1,,,PREVIOUS_CONTEXT_UNAVAILABLE,,True,,,,SCALE_UNAVAILABLE,WINDOW_OBSERVED,0,0,0,False,0,0,False,INHERITED_RAW_PRICE_BASIS,False,False
2025-06-10|39070,2025-06-10,39070,11:00,15:10,190,COMPLETE,5,0,UP,0.09551098376313276,PREVIOUS_CONTEXT_UNAVAILABLE,,True,,,,SCALE_UNAVAILABLE,WINDOW_OBSERVED,0,0,0,False,0,0,False,INHERITED_RAW_PRICE_BASIS,False,False
2025-06-10|39070,2025-06-10,39070,11:00,15:15,195,COMPLETE,5,0,UP,0.7640878701050621,PREVIOUS_CONTEXT_UNAVAILABLE,,True,,,RANGE_EXPANSION|VOLUME_EXPANSION|TRADING_VALUE_EXPANSION,SCALE_UNAVAILABLE,WINDOW_OBSERVED,0,0,0,False,0,0,False,INHERITED_RAW_PRICE_BASIS,True,False
2025-06-10|39070,2025-06-10,39070,11:00,15:20,200,COMPLETE,5,0,UP,2.5568181818181817,PREVIOUS_CONTEXT_UNAVAILABLE,,True,,,RANGE_EXPANSION|VOLUME_EXPANSION|TRADING_VALUE_EXPANSION,SCALE_UNAVAILABLE,RIGHT_CENSORED,0,0,0,False,0,0,False,INHERITED_RAW_PRICE_BASIS,True,False
2025-06-10|39070,2025-06-10,39070,11:00,15:25,205,COMPLETE,5,0,DOWN,-2.677746999076639,PREVIOUS_CONTEXT_UNAVAILABLE,,True,,,VOLUME_COMPRESSION|TRADING_VALUE_COMPRESSION,SCALE_UNAVAILABLE,RIGHT_CENSORED,0,0,0,False,0,0,False,INHERITED_RAW_PRICE_BASIS,True,False
2025-06-10|42220,2025-06-10,42220,10:30,10:30,0,PARTIAL,4,1,,,AVAILABLE,5.0,True,,,,UNRESOLVED_STRUCTURE,OBSERVATION_INSUFFICIENT,2,1,1,False,0,0,False,INHERITED_RAW_PRICE_BASIS,False,False
2025-06-10|42220,2025-06-10,42220,10:30,10:35,5,COMPLETE,5,0,DOWN,-0.7923930269413629,AVAILABLE,5.0,True,,,,UNRESOLVED_STRUCTURE,OBSERVATION_INSUFFICIENT,2,0,1,False,1,0,False,INHERITED_RAW_PRICE_BASIS,False,False
2025-06-10|42220,2025-06-10,42220,10:30,10:40,10,PARTIAL,3,2,,,AVAILABLE,5.0,True,,,,UNRESOLVED_STRUCTURE,OBSERVATION_INSUFFICIENT,1,0,0,False,1,0,False,INHERITED_RAW_PRICE_BASIS,False,False
2025-06-10|42220,2025-06-10,42220,10:30,10:45,15,COMPLETE,5,0,UP,0.31496062992125984,AVAILABLE,5.0,True,,,CHOPPINESS,UNRESOLVED_STRUCTURE,OBSERVATION_INSUFFICIENT,2,0,1,False,0,0,False,INHERITED_RAW_PRICE_BASIS,False,False
2025-06-10|42220,2025-06-10,42220,10:30,10:50,20,PARTIAL,4,1,,,AVAILABLE,5.0,True,,,,UNRESOLVED_STRUCTURE,OBSERVATION_INSUFFICIENT,2,1,1,False,0,0,False,INHERITED_RAW_PRICE_BASIS,False,False
2025-06-10|42220,2025-06-10,42220,10:30,10:55,25,PARTIAL,4,1,,,AVAILABLE,5.0,True,,,,CURRENT_BAR_UNAVAILABLE,OBSERVATION_INSUFFICIENT,1,0,0,False,3,3,False,INHERITED_RAW_PRICE_BASIS,False,False
2025-06-10|42220,2025-06-10,42220,10:30,11:00,30,PARTIAL,4,1,,,AVAILABLE,5.0,True,,,,UNRESOLVED_STRUCTURE,WINDOW_OBSERVED,0,0,2,False,0,0,False,INHERITED_RAW_PRICE_BASIS,False,False
2025-06-10|42220,2025-06-10,42220,10:30,11:05,35,COMPLETE,5,0,DOWN,-0.4658385093167702,AVAILABLE,5.0,True,DOWN_STRUCTURE,PROGRESSION,CHOPPINESS,IDENTIFIED,OBSERVATION_INSUFFICIENT,1,0,4,False,1,0,True,INHERITED_RAW_PRICE_BASIS,False,False
2025-06-10|42220,2025-06-10,42220,10:30,11:10,40,COMPLETE,5,0,DOWN,-0.4665629860031104,AVAILABLE,5.0,True,DOWN_STRUCTURE,PROGRESSION,RANGE_COMPRESSION|VOLUME_COMPRESSION|TRADING_VALUE_COMPRESSION,IDENTIFIED,OBSERVATION_INSUFFICIENT,1,0,4,False,0,0,True,INHERITED_RAW_PRICE_BASIS,True,False
2025-06-10|42220,2025-06-10,42220,10:30,11:15,45,PARTIAL,4,1,,,AVAILABLE,5.0,True,,,,UNRESOLVED_STRUCTURE,OBSERVATION_INSUFFICIENT,1,0,0,False,0,0,False,INHERITED_RAW_PRICE_BASIS,False,False
2025-06-10|42220,2025-06-10,42220,10:30,11:20,50,COMPLETE,5,0,UNCHANGED,0.0,AVAILABLE,5.0,True,,,,UNRESOLVED_STRUCTURE,OBSERVATION_INSUFFICIENT,2,0,0,False,0,0,False,INHERITED_RAW_PRICE_BASIS,False,False
2025-06-10|42220,2025-06-10,42220,10:30,11:25,55,PARTIAL,4,1,,,AVAILABLE,5.0,True,,,,CURRENT_BAR_UNAVAILABLE,OBSERVATION_INSUFFICIENT,3,0,0,False,0,0,False,INHERITED_RAW_PRICE_BASIS,False,False
2025-06-10|42220,2025-06-10,42220,10:30,11:30,60,PARTIAL,4,1,,,AVAILABLE,5.0,True,,,,UNRESOLVED_STRUCTURE,OBSERVATION_INSUFFICIENT,2,0,0,False,0,0,False,INHERITED_RAW_PRICE_BASIS,False,False
2025-06-10|42220,2025-06-10,42220,10:30,12:35,65,PARTIAL,3,2,,,AVAILABLE,5.0,True,,,,UNRESOLVED_STRUCTURE,WINDOW_OBSERVED,0,0,0,False,4,0,False,INHERITED_RAW_PRICE_BASIS,False,False
2025-06-10|42220,2025-06-10,42220,10:30,12:40,70,COMPLETE,5,0,UP,0.6182380216383307,AVAILABLE,5.0,True,,,,UNRESOLVED_STRUCTURE,WINDOW_OBSERVED,0,0,1,False,0,0,False,INHERITED_RAW_PRICE_BASIS,False,False
2025-06-10|42220,2025-06-10,42220,10:30,12:45,75,COMPLETE,5,0,UP,0.30721966205837176,AVAILABLE,5.0,True,,,RANGE_EXPANSION,UNRESOLVED_STRUCTURE,WINDOW_OBSERVED,0,1,2,False,0,0,False,INHERITED_RAW_PRICE_BASIS,True,False
2025-06-10|42220,2025-06-10,42220,10:30,12:50,80,COMPLETE,5,0,DOWN,-0.764525993883792,AVAILABLE,5.0,True,,,RANGE_COMPRESSION,UNRESOLVED_STRUCTURE,OBSERVATION_INSUFFICIENT,2,0,2,False,0,0,False,INHERITED_RAW_PRICE_BASIS,True,False
2025-06-10|42220,2025-06-10,42220,10:30,12:55,85,COMPLETE,5,0,UNCHANGED,0.0,AVAILABLE,5.0,True,,,RANGE_COMPRESSION|VOLUME_COMPRESSION|TRADING_VALUE_COMPRESSION,UNRESOLVED_STRUCTURE,OBSERVATION_INSUFFICIENT,2,0,2,False,0,0,False,INHERITED_RAW_PRICE_BASIS,True,False
2025-06-10|42220,2025-06-10,42220,10:30,13:00,90,PARTIAL,3,2,,,AVAILABLE,5.0,True,,,,UNRESOLVED_STRUCTURE,WINDOW_OBSERVED,0,1,1,False,0,0,False,INHERITED_RAW_PRICE_BASIS,False,False
2025-06-10|42220,2025-06-10,42220,10:30,13:05,95,COMPLETE,5,0,UP,0.9244992295839753,AVAILABLE,5.0,True,,,,UNRESOLVED_STRUCTURE,WINDOW_OBSERVED,0,0,1,False,2,0,False,INHERITED_RAW_PRICE_BASIS,False,False
2025-06-10|42220,2025-06-10,42220,10:30,13:10,100,COMPLETE,5,0,UP,0.4580152671755725,AVAILABLE,5.0,True,,,RANGE_COMPRESSION|VOLUME_COMPRESSION|TRADING_VALUE_COMPRESSION,UNRESOLVED_STRUCTURE,WINDOW_OBSERVED,0,0,1,False,0,0,False,INHERITED_RAW_PRICE_BASIS,True,False
2025-06-10|42220,2025-06-10,42220,10:30,13:15,105,COMPLETE,5,0,UP,0.1519756838905775,AVAILABLE,5.0,True,,,,UNRESOLVED_STRUCTURE,OBSERVATION_INSUFFICIENT,1,1,2,False,2,2,False,INHERITED_RAW_PRICE_BASIS,True,False
2025-06-10|42220,2025-06-10,42220,10:30,13:20,110,COMPLETE,5,0,DOWN,-0.45454545454545453,AVAILABLE,5.0,True,,,VOLUME_COMPRESSION|TRADING_VALUE_COMPRESSION,UNRESOLVED_STRUCTURE,OBSERVATION_INSUFFICIENT,1,0,2,False,4,4,False,INHERITED_RAW_PRICE_BASIS,True,False
2025-06-10|42220,2025-06-10,42220,10:30,13:25,115,PARTIAL,4,1,,,AVAILABLE,5.0,True,,,,UNRESOLVED_STRUCTURE,OBSERVATION_INSUFFICIENT,2,0,0,False,2,0,False,INHERITED_RAW_PRICE_BASIS,False,False
2025-06-10|42220,2025-06-10,42220,10:30,13:30,120,COMPLETE,5,0,UNCHANGED,0.0,AVAILABLE,5.0,True,,,CHOPPINESS,UNRESOLVED_STRUCTURE,OBSERVATION_INSUFFICIENT,3,0,0,False,0,0,False,INHERITED_RAW_PRICE_BASIS,False,False
2025-06-10|42220,2025-06-10,42220,10:30,13:35,125,PARTIAL,3,2,,,AVAILABLE,5.0,True,,,,UNRESOLVED_STRUCTURE,OBSERVATION_INSUFFICIENT,3,0,0,False,2,0,False,INHERITED_RAW_PRICE_BASIS,False,False
2025-06-10|42220,2025-06-10,42220,10:30,13:40,130,PARTIAL,4,1,,,AVAILABLE,5.0,True,,,,UNRESOLVED_STRUCTURE,OBSERVATION_INSUFFICIENT,3,0,0,False,0,0,False,INHERITED_RAW_PRICE_BASIS,False,False
2025-06-10|42220,2025-06-10,42220,10:30,13:45,135,PARTIAL,3,2,,,AVAILABLE,5.0,True,,,,UNRESOLVED_STRUCTURE,OBSERVATION_INSUFFICIENT,1,0,0,False,2,0,False,INHERITED_RAW_PRICE_BASIS,False,False
2025-06-10|42220,2025-06-10,42220,10:30,13:50,140,PARTIAL,4,1,,,AVAILABLE,5.0,True,,,,UNRESOLVED_STRUCTURE,WINDOW_OBSERVED,0,0,0,False,1,0,False,INHERITED_RAW_PRICE_BASIS,False,False
2025-06-10|42220,2025-06-10,42220,10:30,13:55,145,COMPLETE,5,0,DOWN,-0.30120481927710846,AVAILABLE,5.0,True,,RECOVERY,,UNRESOLVED_STRUCTURE,OBSERVATION_INSUFFICIENT,1,1,2,False,0,2,True,INHERITED_RAW_PRICE_BASIS,False,False
2025-06-10|42220,2025-06-10,42220,10:30,14:00,150,COMPLETE,5,0,UP,0.9063444108761329,AVAILABLE,5.0,True,,,,UNRESOLVED_STRUCTURE,OBSERVATION_INSUFFICIENT,1,0,2,False,2,2,False,INHERITED_RAW_PRICE_BASIS,True,True
2025-06-10|42220,2025-06-10,42220,10:30,14:05,155,PARTIAL,4,1,,,AVAILABLE,5.0,True,,,,UNRESOLVED_STRUCTURE,WINDOW_OBSERVED,0,0,0,False,0,0,False,INHERITED_RAW_PRICE_BASIS,False,False
2025-06-10|42220,2025-06-10,42220,10:30,14:10,160,COMPLETE,5,0,DOWN,-0.15015015015015015,AVAILABLE,5.0,True,,,,UNRESOLVED_STRUCTURE,OBSERVATION_INSUFFICIENT,1,0,0,False,0,0,False,INHERITED_RAW_PRICE_BASIS,False,False
2025-06-10|42220,2025-06-10,42220,10:30,14:15,165,COMPLETE,5,0,DOWN,-0.15037593984962405,AVAILABLE,5.0,True,,,RANGE_EXPANSION|VOLUME_EXPANSION|TRADING_VALUE_EXPANSION,UNRESOLVED_STRUCTURE,OBSERVATION_INSUFFICIENT,1,0,0,False,0,0,False,INHERITED_RAW_PRICE_BASIS,True,False
2025-06-10|42220,2025-06-10,42220,10:30,14:20,170,PARTIAL,4,1,,,AVAILABLE,5.0,True,,,,UNRESOLVED_STRUCTURE,WINDOW_OBSERVED,0,1,1,False,0,0,False,INHERITED_RAW_PRICE_BASIS,False,False
2025-06-10|42220,2025-06-10,42220,10:30,14:25,175,COMPLETE,5,0,DOWN,-1.2030075187969924,AVAILABLE,5.0,True,,,,UNRESOLVED_STRUCTURE,WINDOW_OBSERVED,0,0,1,False,2,2,False,INHERITED_RAW_PRICE_BASIS,False,False
2025-06-10|42220,2025-06-10,42220,10:30,14:30,180,COMPLETE,5,0,DOWN,-0.45662100456621,AVAILABLE,5.0,True,,,RANGE_COMPRESSION|VOLUME_COMPRESSION|TRADING_VALUE_COMPRESSION,UNRESOLVED_STRUCTURE,WINDOW_OBSERVED,0,0,1,False,0,0,False,INHERITED_RAW_PRICE_BASIS,True,False
2025-06-10|42220,2025-06-10,42220,10:30,14:35,185,COMPLETE,5,0,DOWN,-0.916030534351145,AVAILABLE,5.0,True,,,RANGE_EXPANSION|VOLUME_EXPANSION|TRADING_VALUE_EXPANSION,UNRESOLVED_STRUCTURE,WINDOW_OBSERVED,0,1,2,False,0,0,False,INHERITED_RAW_PRICE_BASIS,True,False
2025-06-10|42220,2025-06-10,42220,10:30,14:40,190,COMPLETE,5,0,UP,0.4601226993865031,AVAILABLE,5.0,True,,RECOVERY,CHOPPINESS|VOLUME_COMPRESSION|TRADING_VALUE_COMPRESSION,UNRESOLVED_STRUCTURE,WINDOW_OBSERVED,0,0,2,False,0,0,True,INHERITED_RAW_PRICE_BASIS,True,True
2025-06-10|42220,2025-06-10,42220,10:30,14:45,195,COMPLETE,5,0,UP,0.3058103975535168,AVAILABLE,5.0,True,,RECOVERY,VOLUME_COMPRESSION|TRADING_VALUE_COMPRESSION,UNRESOLVED_STRUCTURE,WINDOW_OBSERVED,0,0,2,False,0,0,True,INHERITED_RAW_PRICE_BASIS,True,False
2025-06-10|42220,2025-06-10,42220,10:30,14:50,200,COMPLETE,5,0,DOWN,-0.15267175572519084,AVAILABLE,5.0,True,,RECOVERY,CHOPPINESS,UNRESOLVED_STRUCTURE,OBSERVATION_INSUFFICIENT,1,0,2,False,0,0,True,INHERITED_RAW_PRICE_BASIS,True,False
2025-06-10|42220,2025-06-10,42220,10:30,14:55,205,COMPLETE,5,0,DOWN,-0.1529051987767584,AVAILABLE,5.0,True,,RECOVERY,VOLUME_EXPANSION|TRADING_VALUE_EXPANSION,UNRESOLVED_STRUCTURE,OBSERVATION_INSUFFICIENT,1,0,2,False,0,0,True,INHERITED_RAW_PRICE_BASIS,True,False
2025-06-10|42220,2025-06-10,42220,10:30,15:00,210,PARTIAL,4,1,,,AVAILABLE,5.0,True,,,,UNRESOLVED_STRUCTURE,WINDOW_OBSERVED,0,0,0,False,0,0,False,INHERITED_RAW_PRICE_BASIS,False,False
2025-06-10|42220,2025-06-10,42220,10:30,15:05,215,COMPLETE,5,0,UNCHANGED,0.0,AVAILABLE,5.0,True,,,,UNRESOLVED_STRUCTURE,WINDOW_OBSERVED,0,0,0,False,0,0,False,INHERITED_RAW_PRICE_BASIS,False,False
2025-06-10|42220,2025-06-10,42220,10:30,15:10,220,COMPLETE,5,0,UP,0.30627871362940273,AVAILABLE,5.0,True,,,RANGE_EXPANSION,UNRESOLVED_STRUCTURE,OBSERVATION_INSUFFICIENT,1,0,0,False,0,0,False,INHERITED_RAW_PRICE_BASIS,True,False
2025-06-10|42220,2025-06-10,42220,10:30,15:15,225,COMPLETE,5,0,UNCHANGED,0.0,AVAILABLE,5.0,True,,,RANGE_COMPRESSION|VOLUME_COMPRESSION|TRADING_VALUE_COMPRESSION,UNRESOLVED_STRUCTURE,OBSERVATION_INSUFFICIENT,1,0,0,False,0,0,False,INHERITED_RAW_PRICE_BASIS,True,False
2025-06-10|42220,2025-06-10,42220,10:30,15:20,230,PARTIAL,4,1,,,AVAILABLE,5.0,True,,,,UNRESOLVED_STRUCTURE,RIGHT_CENSORED,0,0,0,False,2,0,False,INHERITED_RAW_PRICE_BASIS,False,False
2025-06-10|42220,2025-06-10,42220,10:30,15:25,235,COMPLETE,5,0,DOWN,-0.15360983102918588,AVAILABLE,5.0,True,,,,UNRESOLVED_STRUCTURE,RIGHT_CENSORED,0,0,0,False,0,0,False,INHERITED_RAW_PRICE_BASIS,False,False
2025-06-10|43780,2025-06-10,43780,09:30,09:30,0,PARTIAL,1,4,,,SCALE_INSUFFICIENT,,True,,,,SCALE_UNAVAILABLE,WINDOW_OBSERVED,0,0,0,False,0,0,False,INHERITED_RAW_PRICE_BASIS,False,False
2025-06-10|43780,2025-06-10,43780,09:30,09:35,5,COMPLETE,5,0,DOWN,-2.770083102493075,SCALE_INSUFFICIENT,,True,,,,SCALE_UNAVAILABLE,WINDOW_OBSERVED,0,0,0,False,1,2,False,INHERITED_RAW_PRICE_BASIS,False,False
2025-06-10|43780,2025-06-10,43780,09:30,09:40,10,COMPLETE,5,0,UP,0.7092198581560284,SCALE_INSUFFICIENT,,True,,,RANGE_COMPRESSION|VOLUME_COMPRESSION|TRADING_VALUE_COMPRESSION,SCALE_UNAVAILABLE,WINDOW_OBSERVED,0,0,0,False,0,1,False,INHERITED_RAW_PRICE_BASIS,True,False
2025-06-10|43780,2025-06-10,43780,09:30,09:45,15,COMPLETE,5,0,DOWN,-3.380281690140845,SCALE_INSUFFICIENT,,True,,,,SCALE_UNAVAILABLE,WINDOW_OBSERVED,0,0,0,False,1,1,False,INHERITED_RAW_PRICE_BASIS,True,False
2025-06-10|43780,2025-06-10,43780,09:30,09:50,20,COMPLETE,5,0,UP,5.547445255474453,SCALE_INSUFFICIENT,,True,,,VOLUME_EXPANSION|TRADING_VALUE_EXPANSION,SCALE_UNAVAILABLE,WINDOW_OBSERVED,0,0,0,False,1,0,False,INHERITED_RAW_PRICE_BASIS,True,False
2025-06-10|43780,2025-06-10,43780,09:30,09:55,25,COMPLETE,5,0,UNCHANGED,0.0,SCALE_INSUFFICIENT,,True,,,RANGE_COMPRESSION|VOLUME_COMPRESSION|TRADING_VALUE_COMPRESSION,SCALE_UNAVAILABLE,WINDOW_OBSERVED,0,0,0,False,0,0,False,INHERITED_RAW_PRICE_BASIS,True,False
2025-06-10|43780,2025-06-10,43780,09:30,10:00,30,COMPLETE,5,0,DOWN,-1.1049723756906078,SCALE_INSUFFICIENT,,True,,,RANGE_COMPRESSION|VOLUME_COMPRESSION|TRADING_VALUE_COMPRESSION,SCALE_UNAVAILABLE,WINDOW_OBSERVED,0,0,0,False,0,0,False,INHERITED_RAW_PRICE_BASIS,True,False
2025-06-10|43780,2025-06-10,43780,09:30,10:05,35,COMPLETE,5,0,DOWN,-1.8105849582172702,SCALE_INSUFFICIENT,,True,,,RANGE_EXPANSION|VOLUME_EXPANSION|TRADING_VALUE_EXPANSION,SCALE_UNAVAILABLE,WINDOW_OBSERVED,0,0,0,False,0,0,False,INHERITED_RAW_PRICE_BASIS,True,False
2025-06-10|43780,2025-06-10,43780,09:30,10:10,40,COMPLETE,5,0,DOWN,-0.425531914893617,SCALE_INSUFFICIENT,,True,,,RANGE_COMPRESSION|VOLUME_COMPRESSION|TRADING_VALUE_COMPRESSION,SCALE_UNAVAILABLE,OBSERVATION_INSUFFICIENT,2,0,0,False,0,0,False,INHERITED_RAW_PRICE_BASIS,True,False
2025-06-10|43780,2025-06-10,43780,09:30,10:15,45,COMPLETE,5,0,UP,1.4245014245014245,SCALE_INSUFFICIENT,,True,,,RANGE_EXPANSION,SCALE_UNAVAILABLE,OBSERVATION_INSUFFICIENT,3,0,0,False,0,0,False,INHERITED_RAW_PRICE_BASIS,True,False
2025-06-10|43780,2025-06-10,43780,09:30,10:20,50,PARTIAL,3,2,,,SCALE_INSUFFICIENT,,True,,,,CURRENT_BAR_UNAVAILABLE,OBSERVATION_INSUFFICIENT,1,0,0,False,0,0,False,INHERITED_RAW_PRICE_BASIS,False,False
2025-06-10|43780,2025-06-10,43780,09:30,10:25,55,PARTIAL,4,1,,,SCALE_INSUFFICIENT,,True,,,,SCALE_UNAVAILABLE,OBSERVATION_INSUFFICIENT,1,0,0,False,0,0,False,INHERITED_RAW_PRICE_BASIS,False,False
2025-06-10|43780,2025-06-10,43780,09:30,10:30,60,COMPLETE,5,0,UP,0.14265335235378032,SCALE_INSUFFICIENT,,True,,,,SCALE_UNAVAILABLE,OBSERVATION_INSUFFICIENT,1,0,0,False,1,0,False,INHERITED_RAW_PRICE_BASIS,False,False
2025-06-10|43780,2025-06-10,43780,09:30,10:35,65,PARTIAL,4,1,,,SCALE_INSUFFICIENT,,True,,,,SCALE_UNAVAILABLE,OBSERVATION_INSUFFICIENT,1,0,0,False,0,0,False,INHERITED_RAW_PRICE_BASIS,False,False
2025-06-10|43780,2025-06-10,43780,09:30,10:40,70,COMPLETE,5,0,UP,0.425531914893617,SCALE_INSUFFICIENT,,True,,,,SCALE_UNAVAILABLE,OBSERVATION_INSUFFICIENT,1,0,0,False,0,0,False,INHERITED_RAW_PRICE_BASIS,False,False
2025-06-10|43780,2025-06-10,43780,09:30,10:45,75,PARTIAL,4,1,,,SCALE_INSUFFICIENT,,True,,,,CURRENT_BAR_UNAVAILABLE,OBSERVATION_INSUFFICIENT,1,0,0,False,0,0,False,INHERITED_RAW_PRICE_BASIS,False,False
2025-06-10|43780,2025-06-10,43780,09:30,10:50,80,COMPLETE,5,0,DOWN,-0.1404494382022472,SCALE_INSUFFICIENT,,True,,,,SCALE_UNAVAILABLE,OBSERVATION_INSUFFICIENT,2,0,0,False,0,0,False,INHERITED_RAW_PRICE_BASIS,False,False
2025-06-10|43780,2025-06-10,43780,09:30,10:55,85,PARTIAL,4,1,,,SCALE_INSUFFICIENT,,True,,,,SCALE_UNAVAILABLE,OBSERVATION_INSUFFICIENT,3,0,0,False,0,0,False,INHERITED_RAW_PRICE_BASIS,False,False
2025-06-10|43780,2025-06-10,43780,09:30,11:00,90,PARTIAL,4,1,,,SCALE_INSUFFICIENT,,True,,,,SCALE_UNAVAILABLE,OBSERVATION_INSUFFICIENT,4,0,0,False,0,0,False,INHERITED_RAW_PRICE_BASIS,False,False
2025-06-10|43780,2025-06-10,43780,09:30,11:05,95,PARTIAL,3,2,,,SCALE_INSUFFICIENT,,True,,,,SCALE_UNAVAILABLE,OBSERVATION_INSUFFICIENT,4,0,0,False,0,0,False,INHERITED_RAW_PRICE_BASIS,False,False
2025-06-10|43780,2025-06-10,43780,09:30,11:10,100,PARTIAL,3,2,,,SCALE_INSUFFICIENT,,True,,,,CURRENT_BAR_UNAVAILABLE,OBSERVATION_INSUFFICIENT,4,0,0,False,0,0,False,INHERITED_RAW_PRICE_BASIS,False,False
2025-06-10|43780,2025-06-10,43780,09:30,11:15,105,PARTIAL,3,2,,,SCALE_INSUFFICIENT,,True,,,,SCALE_UNAVAILABLE,OBSERVATION_INSUFFICIENT,4,0,0,False,0,0,False,INHERITED_RAW_PRICE_BASIS,False,False
2025-06-10|43780,2025-06-10,43780,09:30,11:20,110,PARTIAL,3,2,,,SCALE_INSUFFICIENT,,True,,,,CURRENT_BAR_UNAVAILABLE,OBSERVATION_INSUFFICIENT,2,0,0,False,0,0,False,INHERITED_RAW_PRICE_BASIS,False,False
2025-06-10|43780,2025-06-10,43780,09:30,11:25,115,PARTIAL,3,2,,,SCALE_INSUFFICIENT,,True,,,,SCALE_UNAVAILABLE,OBSERVATION_INSUFFICIENT,1,0,0,False,0,0,False,INHERITED_RAW_PRICE_BASIS,False,False
2025-06-10|43780,2025-06-10,43780,09:30,11:30,120,COMPLETE,5,0,DOWN,-0.14064697609001406,SCALE_INSUFFICIENT,,True,,,,SCALE_UNAVAILABLE,OBSERVATION_INSUFFICIENT,1,0,0,False,0,0,False,INHERITED_RAW_PRICE_BASIS,False,False
2025-06-10|43780,2025-06-10,43780,09:30,12:35,125,PARTIAL,4,1,,,SCALE_INSUFFICIENT,,True,,,,CURRENT_BAR_UNAVAILABLE,OBSERVATION_INSUFFICIENT,3,0,0,False,0,0,False,INHERITED_RAW_PRICE_BASIS,False,False
2025-06-10|43780,2025-06-10,43780,09:30,12:40,130,COMPLETE,5,0,UP,0.8403361344537815,SCALE_INSUFFICIENT,,True,,,,SCALE_UNAVAILABLE,OBSERVATION_INSUFFICIENT,3,0,0,False,0,0,False,INHERITED_RAW_PRICE_BASIS,False,False
2025-06-10|43780,2025-06-10,43780,09:30,12:45,135,PARTIAL,2,3,,,SCALE_INSUFFICIENT,,True,,,,SCALE_UNAVAILABLE,WINDOW_OBSERVED,0,0,0,False,0,0,False,INHERITED_RAW_PRICE_BASIS,False,False
2025-06-10|43780,2025-06-10,43780,09:30,12:50,140,COMPLETE,5,0,UP,1.262272089761571,SCALE_INSUFFICIENT,,True,,,,SCALE_UNAVAILABLE,OBSERVATION_INSUFFICIENT,1,0,0,False,0,0,False,INHERITED_RAW_PRICE_BASIS,False,False
2025-06-10|43780,2025-06-10,43780,09:30,12:55,145,COMPLETE,5,0,UP,0.2785515320334262,SCALE_INSUFFICIENT,,True,,,RANGE_COMPRESSION|VOLUME_COMPRESSION|TRADING_VALUE_COMPRESSION,SCALE_UNAVAILABLE,OBSERVATION_INSUFFICIENT,1,0,0,False,0,0,False,INHERITED_RAW_PRICE_BASIS,True,False
2025-06-10|43780,2025-06-10,43780,09:30,13:00,150,PARTIAL,4,1,,,SCALE_INSUFFICIENT,,True,,,,SCALE_UNAVAILABLE,WINDOW_OBSERVED,0,0,0,False,0,0,False,INHERITED_RAW_PRICE_BASIS,False,False
2025-06-10|43780,2025-06-10,43780,09:30,13:05,155,COMPLETE,5,0,UP,0.6925207756232687,SCALE_INSUFFICIENT,,True,,,,SCALE_UNAVAILABLE,OBSERVATION_INSUFFICIENT,2,0,0,False,0,0,False,INHERITED_RAW_PRICE_BASIS,False,False
2025-06-10|43780,2025-06-10,43780,09:30,13:10,160,COMPLETE,5,0,DOWN,-0.8264462809917356,SCALE_INSUFFICIENT,,True,,,RANGE_COMPRESSION|VOLUME_COMPRESSION|TRADING_VALUE_COMPRESSION,SCALE_UNAVAILABLE,OBSERVATION_INSUFFICIENT,2,0,0,False,0,0,False,INHERITED_RAW_PRICE_BASIS,True,False
2025-06-10|43780,2025-06-10,43780,09:30,13:15,165,PARTIAL,3,2,,,SCALE_INSUFFICIENT,,True,,,,CURRENT_BAR_UNAVAILABLE,WINDOW_OBSERVED,0,0,0,False,0,0,False,INHERITED_RAW_PRICE_BASIS,False,False
2025-06-10|43780,2025-06-10,43780,09:30,13:20,170,COMPLETE,5,0,UP,1.5256588072122053,SCALE_INSUFFICIENT,,True,,,,SCALE_UNAVAILABLE,OBSERVATION_INSUFFICIENT,2,0,0,False,0,0,False,INHERITED_RAW_PRICE_BASIS,False,False
2025-06-10|43780,2025-06-10,43780,09:30,13:25,175,COMPLETE,5,0,UP,2.459016393442623,SCALE_INSUFFICIENT,,True,,,VOLUME_EXPANSION|TRADING_VALUE_EXPANSION,SCALE_UNAVAILABLE,OBSERVATION_INSUFFICIENT,7,0,0,False,0,0,False,INHERITED_RAW_PRICE_BASIS,True,False
2025-06-10|43780,2025-06-10,43780,09:30,13:30,180,PARTIAL,3,2,,,SCALE_INSUFFICIENT,,True,,,,SCALE_UNAVAILABLE,OBSERVATION_INSUFFICIENT,8,0,0,False,0,0,False,INHERITED_RAW_PRICE_BASIS,False,False
2025-06-10|43780,2025-06-10,43780,09:30,13:35,185,UNAVAILABLE,0,5,,,SCALE_INSUFFICIENT,,True,,,,CURRENT_BAR_UNAVAILABLE,OBSERVATION_INSUFFICIENT,8,0,0,False,0,0,False,INHERITED_RAW_PRICE_BASIS,False,False
2025-06-10|43780,2025-06-10,43780,09:30,13:40,190,PARTIAL,2,3,,,SCALE_INSUFFICIENT,,True,,,,CURRENT_BAR_UNAVAILABLE,OBSERVATION_INSUFFICIENT,10,0,0,False,0,0,False,INHERITED_RAW_PRICE_BASIS,False,False
2025-06-10|43780,2025-06-10,43780,09:30,13:45,195,UNAVAILABLE,0,5,,,SCALE_INSUFFICIENT,,True,,,,CURRENT_BAR_UNAVAILABLE,OBSERVATION_INSUFFICIENT,10,0,0,False,0,0,False,INHERITED_RAW_PRICE_BASIS,False,False
2025-06-10|43780,2025-06-10,43780,09:30,13:50,200,UNAVAILABLE,0,5,,,SCALE_INSUFFICIENT,,True,,,,CURRENT_BAR_UNAVAILABLE,OBSERVATION_INSUFFICIENT,10,0,0,False,0,0,False,INHERITED_RAW_PRICE_BASIS,False,False
2025-06-10|43780,2025-06-10,43780,09:30,13:55,205,UNAVAILABLE,0,5,,,SCALE_INSUFFICIENT,,True,,,,CURRENT_BAR_UNAVAILABLE,OBSERVATION_INSUFFICIENT,10,0,0,False,0,0,False,INHERITED_RAW_PRICE_BASIS,False,False
2025-06-10|43780,2025-06-10,43780,09:30,14:00,210,UNAVAILABLE,0,5,,,SCALE_INSUFFICIENT,,True,,,,CURRENT_BAR_UNAVAILABLE,OBSERVATION_INSUFFICIENT,10,0,0,False,0,0,False,INHERITED_RAW_PRICE_BASIS,False,False
2025-06-10|43780,2025-06-10,43780,09:30,14:05,215,UNAVAILABLE,0,5,,,SCALE_INSUFFICIENT,,True,,,,CURRENT_BAR_UNAVAILABLE,OBSERVATION_INSUFFICIENT,10,0,0,False,0,0,False,INHERITED_RAW_PRICE_BASIS,False,False
2025-06-10|43780,2025-06-10,43780,09:30,14:10,220,UNAVAILABLE,0,5,,,SCALE_INSUFFICIENT,,True,,,,CURRENT_BAR_UNAVAILABLE,OBSERVATION_INSUFFICIENT,10,0,0,False,0,0,False,INHERITED_RAW_PRICE_BASIS,False,False
2025-06-10|43780,2025-06-10,43780,09:30,14:15,225,UNAVAILABLE,0,5,,,SCALE_INSUFFICIENT,,True,,,,CURRENT_BAR_UNAVAILABLE,OBSERVATION_INSUFFICIENT,10,0,0,False,0,0,False,INHERITED_RAW_PRICE_BASIS,False,False
2025-06-10|43780,2025-06-10,43780,09:30,14:20,230,UNAVAILABLE,0,5,,,SCALE_INSUFFICIENT,,True,,,,CURRENT_BAR_UNAVAILABLE,OBSERVATION_INSUFFICIENT,10,0,0,False,0,0,False,INHERITED_RAW_PRICE_BASIS,False,False
2025-06-10|43780,2025-06-10,43780,09:30,14:25,235,UNAVAILABLE,0,5,,,SCALE_INSUFFICIENT,,True,,,,CURRENT_BAR_UNAVAILABLE,OBSERVATION_INSUFFICIENT,10,0,0,False,0,0,False,INHERITED_RAW_PRICE_BASIS,False,False
2025-06-10|43780,2025-06-10,43780,09:30,14:30,240,UNAVAILABLE,0,5,,,SCALE_INSUFFICIENT,,True,,,,CURRENT_BAR_UNAVAILABLE,OBSERVATION_INSUFFICIENT,10,0,0,False,0,0,False,INHERITED_RAW_PRICE_BASIS,False,False
2025-06-10|43780,2025-06-10,43780,09:30,14:35,245,UNAVAILABLE,0,5,,,SCALE_INSUFFICIENT,,True,,,,CURRENT_BAR_UNAVAILABLE,OBSERVATION_INSUFFICIENT,10,0,0,False,0,0,False,INHERITED_RAW_PRICE_BASIS,False,False
2025-06-10|43780,2025-06-10,43780,09:30,14:40,250,UNAVAILABLE,0,5,,,SCALE_INSUFFICIENT,,True,,,,CURRENT_BAR_UNAVAILABLE,OBSERVATION_INSUFFICIENT,10,0,0,False,0,0,False,INHERITED_RAW_PRICE_BASIS,False,False
2025-06-10|43780,2025-06-10,43780,09:30,14:45,255,UNAVAILABLE,0,5,,,SCALE_INSUFFICIENT,,True,,,,CURRENT_BAR_UNAVAILABLE,OBSERVATION_INSUFFICIENT,10,0,0,False,0,0,False,INHERITED_RAW_PRICE_BASIS,False,False
2025-06-10|43780,2025-06-10,43780,09:30,14:50,260,UNAVAILABLE,0,5,,,SCALE_INSUFFICIENT,,True,,,,CURRENT_BAR_UNAVAILABLE,OBSERVATION_INSUFFICIENT,10,0,0,False,0,0,False,INHERITED_RAW_PRICE_BASIS,False,False
2025-06-10|43780,2025-06-10,43780,09:30,14:55,265,UNAVAILABLE,0,5,,,SCALE_INSUFFICIENT,,True,,,,CURRENT_BAR_UNAVAILABLE,OBSERVATION_INSUFFICIENT,10,0,0,False,0,0,False,INHERITED_RAW_PRICE_BASIS,False,False
2025-06-10|43780,2025-06-10,43780,09:30,15:00,270,UNAVAILABLE,0,5,,,SCALE_INSUFFICIENT,,True,,,,CURRENT_BAR_UNAVAILABLE,OBSERVATION_INSUFFICIENT,10,0,0,False,0,0,False,INHERITED_RAW_PRICE_BASIS,False,False
2025-06-10|43780,2025-06-10,43780,09:30,15:05,275,UNAVAILABLE,0,5,,,SCALE_INSUFFICIENT,,True,,,,CURRENT_BAR_UNAVAILABLE,OBSERVATION_INSUFFICIENT,10,0,0,False,0,0,False,INHERITED_RAW_PRICE_BASIS,False,False
2025-06-10|43780,2025-06-10,43780,09:30,15:10,280,UNAVAILABLE,0,5,,,SCALE_INSUFFICIENT,,True,,,,CURRENT_BAR_UNAVAILABLE,OBSERVATION_INSUFFICIENT,10,0,0,False,0,0,False,INHERITED_RAW_PRICE_BASIS,False,False
2025-06-10|43780,2025-06-10,43780,09:30,15:15,285,UNAVAILABLE,0,5,,,SCALE_INSUFFICIENT,,True,,,,CURRENT_BAR_UNAVAILABLE,OBSERVATION_INSUFFICIENT,10,0,0,False,0,0,False,INHERITED_RAW_PRICE_BASIS,False,False
2025-06-10|43780,2025-06-10,43780,09:30,15:20,290,UNAVAILABLE,0,5,,,SCALE_INSUFFICIENT,,True,,,,CURRENT_BAR_UNAVAILABLE,RIGHT_CENSORED,5,0,0,False,0,0,False,INHERITED_RAW_PRICE_BASIS,False,False
2025-06-10|43780,2025-06-10,43780,09:30,15:25,295,UNAVAILABLE,0,5,,,SCALE_INSUFFICIENT,,True,,,,CURRENT_BAR_UNAVAILABLE,RIGHT_CENSORED,0,0,0,False,0,0,False,INHERITED_RAW_PRICE_BASIS,False,False
2025-06-10|44270,2025-06-10,44270,09:30,09:30,0,COMPLETE,5,0,DOWN,-0.21008403361344538,AVAILABLE,21.5,True,,,RANGE_COMPRESSION|VOLUME_COMPRESSION|TRADING_VALUE_COMPRESSION,UNRESOLVED_STRUCTURE,WINDOW_OBSERVED,0,0,1,False,1,0,False,INHERITED_RAW_PRICE_BASIS,False,False
2025-06-10|44270,2025-06-10,44270,09:30,09:35,5,COMPLETE,5,0,UNCHANGED,0.0,AVAILABLE,21.5,True,,,RANGE_COMPRESSION|VOLUME_COMPRESSION|TRADING_VALUE_COMPRESSION,UNRESOLVED_STRUCTURE,WINDOW_OBSERVED,0,0,1,False,0,0,False,INHERITED_RAW_PRICE_BASIS,True,False
2025-06-10|44270,2025-06-10,44270,09:30,09:40,10,COMPLETE,5,0,UP,0.21052631578947367,AVAILABLE,21.5,True,,,RANGE_COMPRESSION|VOLUME_COMPRESSION|TRADING_VALUE_COMPRESSION,UNRESOLVED_STRUCTURE,WINDOW_OBSERVED,0,0,1,False,0,0,False,INHERITED_RAW_PRICE_BASIS,True,False
2025-06-10|44270,2025-06-10,44270,09:30,09:45,15,COMPLETE,5,0,DOWN,-0.42016806722689076,AVAILABLE,21.5,True,,,,UNRESOLVED_STRUCTURE,WINDOW_OBSERVED,0,0,1,False,0,0,False,INHERITED_RAW_PRICE_BASIS,True,False
2025-06-10|44270,2025-06-10,44270,09:30,09:50,20,COMPLETE,5,0,UNCHANGED,0.0,AVAILABLE,21.5,True,,,RANGE_EXPANSION,UNRESOLVED_STRUCTURE,WINDOW_OBSERVED,0,0,1,False,0,0,False,INHERITED_RAW_PRICE_BASIS,True,False
2025-06-10|44270,2025-06-10,44270,09:30,09:55,25,COMPLETE,5,0,DOWN,-1.4767932489451476,AVAILABLE,21.5,True,RANGE_STRUCTURE,BALANCE,RANGE_EXPANSION|VOLUME_EXPANSION|TRADING_VALUE_EXPANSION,IDENTIFIED,WINDOW_OBSERVED,0,0,1,True,0,0,True,INHERITED_RAW_PRICE_BASIS,True,True
2025-06-10|44270,2025-06-10,44270,09:30,10:00,30,COMPLETE,5,0,DOWN,-0.21413276231263384,AVAILABLE,21.5,True,RANGE_STRUCTURE,BALANCE,RANGE_COMPRESSION|VOLUME_COMPRESSION|TRADING_VALUE_COMPRESSION,IDENTIFIED,WINDOW_OBSERVED,0,0,1,True,0,0,True,INHERITED_RAW_PRICE_BASIS,True,False
2025-06-10|44270,2025-06-10,44270,09:30,10:05,35,COMPLETE,5,0,UP,1.502145922746781,AVAILABLE,21.5,True,RANGE_STRUCTURE,BALANCE,RANGE_EXPANSION,IDENTIFIED,WINDOW_OBSERVED,0,0,1,True,0,0,True,INHERITED_RAW_PRICE_BASIS,True,False
2025-06-10|44270,2025-06-10,44270,09:30,10:10,40,COMPLETE,5,0,DOWN,-0.21141649048625794,AVAILABLE,21.5,True,RANGE_STRUCTURE,BALANCE,RANGE_COMPRESSION,IDENTIFIED,WINDOW_OBSERVED,0,0,1,True,0,0,True,INHERITED_RAW_PRICE_BASIS,True,False
2025-06-10|44270,2025-06-10,44270,09:30,10:15,45,COMPLETE,5,0,UP,0.6329113924050633,AVAILABLE,21.5,True,RANGE_STRUCTURE,BALANCE,RANGE_EXPANSION|VOLUME_EXPANSION|TRADING_VALUE_EXPANSION,IDENTIFIED,WINDOW_OBSERVED,0,0,1,True,0,0,True,INHERITED_RAW_PRICE_BASIS,True,False
2025-06-10|44270,2025-06-10,44270,09:30,10:20,50,COMPLETE,5,0,UP,1.0460251046025104,AVAILABLE,21.5,True,,RESTRUCTURING,RANGE_EXPANSION|VOLUME_EXPANSION|TRADING_VALUE_EXPANSION,UNRESOLVED_STRUCTURE,WINDOW_OBSERVED,0,0,1,False,2,1,True,INHERITED_RAW_PRICE_BASIS,True,True
2025-06-10|44270,2025-06-10,44270,09:30,10:25,55,COMPLETE,5,0,DOWN,-0.6211180124223602,AVAILABLE,21.5,True,,RESTRUCTURING,RANGE_COMPRESSION|VOLUME_COMPRESSION|TRADING_VALUE_COMPRESSION,UNRESOLVED_STRUCTURE,WINDOW_OBSERVED,0,0,1,False,0,0,True,INHERITED_RAW_PRICE_BASIS,True,False
2025-06-10|44270,2025-06-10,44270,09:30,10:30,60,COMPLETE,5,0,DOWN,-2.0833333333333335,AVAILABLE,21.5,True,RANGE_STRUCTURE,BALANCE,RANGE_EXPANSION|VOLUME_EXPANSION|TRADING_VALUE_EXPANSION,IDENTIFIED,WINDOW_OBSERVED,0,0,1,True,0,0,True,INHERITED_RAW_PRICE_BASIS,True,True
2025-06-10|44270,2025-06-10,44270,09:30,10:35,65,COMPLETE,5,0,UP,0.21231422505307856,AVAILABLE,21.5,True,RANGE_STRUCTURE,BALANCE,RANGE_COMPRESSION|VOLUME_COMPRESSION|TRADING_VALUE_COMPRESSION,IDENTIFIED,WINDOW_OBSERVED,0,0,1,True,0,0,True,INHERITED_RAW_PRICE_BASIS,True,False
2025-06-10|44270,2025-06-10,44270,09:30,10:40,70,COMPLETE,5,0,UP,0.635593220338983,AVAILABLE,21.5,True,RANGE_STRUCTURE,BALANCE,RANGE_EXPANSION|VOLUME_COMPRESSION|TRADING_VALUE_COMPRESSION,IDENTIFIED,WINDOW_OBSERVED,0,0,1,True,0,0,True,INHERITED_RAW_PRICE_BASIS,True,False
2025-06-10|44270,2025-06-10,44270,09:30,10:45,75,COMPLETE,5,0,UP,1.263157894736842,AVAILABLE,21.5,True,RANGE_STRUCTURE,BALANCE,VOLUME_EXPANSION|TRADING_VALUE_EXPANSION,IDENTIFIED,WINDOW_OBSERVED,0,0,1,True,0,0,True,INHERITED_RAW_PRICE_BASIS,True,False
2025-06-10|44270,2025-06-10,44270,09:30,10:50,80,COMPLETE,5,0,UP,0.4166666666666667,AVAILABLE,21.5,True,RANGE_STRUCTURE,BALANCE,RANGE_COMPRESSION,IDENTIFIED,WINDOW_OBSERVED,0,0,1,True,0,0,True,INHERITED_RAW_PRICE_BASIS,True,False
2025-06-10|44270,2025-06-10,44270,09:30,10:55,85,COMPLETE,5,0,DOWN,-0.6211180124223602,AVAILABLE,21.5,True,RANGE_STRUCTURE,BALANCE,VOLUME_COMPRESSION|TRADING_VALUE_COMPRESSION,IDENTIFIED,WINDOW_OBSERVED,0,0,1,True,0,0,True,INHERITED_RAW_PRICE_BASIS,True,False
2025-06-10|44270,2025-06-10,44270,09:30,11:00,90,COMPLETE,5,0,DOWN,-0.8333333333333334,AVAILABLE,21.5,True,RANGE_STRUCTURE,BALANCE,RANGE_EXPANSION,IDENTIFIED,OBSERVATION_INSUFFICIENT,1,0,1,True,0,0,True,INHERITED_RAW_PRICE_BASIS,True,False
2025-06-10|44270,2025-06-10,44270,09:30,11:05,95,COMPLETE,5,0,UP,1.2605042016806722,AVAILABLE,21.5,True,RANGE_STRUCTURE,BALANCE,,IDENTIFIED,OBSERVATION_INSUFFICIENT,1,0,1,True,0,0,True,INHERITED_RAW_PRICE_BASIS,True,False
2025-06-10|44270,2025-06-10,44270,09:30,11:10,100,PARTIAL,4,1,,,AVAILABLE,21.5,True,,,,CURRENT_BAR_UNAVAILABLE,OBSERVATION_INSUFFICIENT,1,0,0,False,0,0,False,INHERITED_RAW_PRICE_BASIS,False,False
2025-06-10|44270,2025-06-10,44270,09:30,11:15,105,COMPLETE,5,0,UP,0.20833333333333334,AVAILABLE,21.5,True,,,,UNRESOLVED_STRUCTURE,OBSERVATION_INSUFFICIENT,1,0,0,False,0,0,False,INHERITED_RAW_PRICE_BASIS,False,False
2025-06-10|44270,2025-06-10,44270,09:30,11:20,110,PARTIAL,4,1,,,AVAILABLE,21.5,True,,,,UNRESOLVED_STRUCTURE,OBSERVATION_INSUFFICIENT,2,0,0,False,0,0,False,INHERITED_RAW_PRICE_BASIS,False,False
2025-06-10|44270,2025-06-10,44270,09:30,11:25,115,COMPLETE,5,0,DOWN,-0.4166666666666667,AVAILABLE,21.5,True,,,,UNRESOLVED_STRUCTURE,OBSERVATION_INSUFFICIENT,2,0,0,False,0,0,False,INHERITED_RAW_PRICE_BASIS,False,False
2025-06-10|44270,2025-06-10,44270,09:30,11:30,120,PARTIAL,3,2,,,AVAILABLE,21.5,True,,,,UNRESOLVED_STRUCTURE,WINDOW_OBSERVED,0,0,0,False,0,0,False,INHERITED_RAW_PRICE_BASIS,False,False
2025-06-10|44270,2025-06-10,44270,09:30,12:35,125,COMPLETE,5,0,UP,2.092050209205021,AVAILABLE,21.5,True,,,,UNRESOLVED_STRUCTURE,WINDOW_OBSERVED,0,0,0,False,0,0,False,INHERITED_RAW_PRICE_BASIS,False,False
2025-06-10|44270,2025-06-10,44270,09:30,12:40,130,COMPLETE,5,0,DOWN,-0.819672131147541,AVAILABLE,21.5,True,,,VOLUME_COMPRESSION|TRADING_VALUE_COMPRESSION,UNRESOLVED_STRUCTURE,WINDOW_OBSERVED,0,1,1,False,0,0,False,INHERITED_RAW_PRICE_BASIS,True,False
2025-06-10|44270,2025-06-10,44270,09:30,12:45,135,COMPLETE,5,0,UP,2.272727272727273,AVAILABLE,21.5,True,,,VOLUME_EXPANSION|TRADING_VALUE_EXPANSION,UNRESOLVED_STRUCTURE,WINDOW_OBSERVED,0,1,1,False,0,0,False,INHERITED_RAW_PRICE_BASIS,True,False
2025-06-10|44270,2025-06-10,44270,09:30,12:50,140,COMPLETE,5,0,UP,0.6060606060606061,AVAILABLE,21.5,True,,,CHOPPINESS,UNRESOLVED_STRUCTURE,WINDOW_OBSERVED,0,0,1,False,0,0,False,INHERITED_RAW_PRICE_BASIS,True,False
2025-06-10|44270,2025-06-10,44270,09:30,12:55,145,COMPLETE,5,0,UNCHANGED,0.0,AVAILABLE,21.5,True,,,RANGE_COMPRESSION|VOLUME_COMPRESSION|TRADING_VALUE_COMPRESSION,UNRESOLVED_STRUCTURE,WINDOW_OBSERVED,0,0,1,False,0,0,False,INHERITED_RAW_PRICE_BASIS,True,False
2025-06-10|44270,2025-06-10,44270,09:30,13:00,150,COMPLETE,5,0,UP,2.0120724346076457,AVAILABLE,21.5,True,RANGE_STRUCTURE,BALANCE,RANGE_EXPANSION|VOLUME_EXPANSION|TRADING_VALUE_EXPANSION,IDENTIFIED,WINDOW_OBSERVED,0,0,1,True,0,0,True,INHERITED_RAW_PRICE_BASIS,True,True
2025-06-10|44270,2025-06-10,44270,09:30,13:05,155,COMPLETE,5,0,DOWN,-1.7751479289940828,AVAILABLE,21.5,True,RANGE_STRUCTURE,BALANCE,VOLUME_COMPRESSION|TRADING_VALUE_COMPRESSION,IDENTIFIED,WINDOW_OBSERVED,0,0,1,True,0,0,True,INHERITED_RAW_PRICE_BASIS,True,False
2025-06-10|44270,2025-06-10,44270,09:30,13:10,160,COMPLETE,5,0,DOWN,-1.2024048096192386,AVAILABLE,21.5,True,RANGE_STRUCTURE,BALANCE,,IDENTIFIED,WINDOW_OBSERVED,0,0,1,True,0,0,True,INHERITED_RAW_PRICE_BASIS,True,False
2025-06-10|44270,2025-06-10,44270,09:30,13:15,165,COMPLETE,5,0,UP,1.2170385395537526,AVAILABLE,21.5,True,RANGE_STRUCTURE,BALANCE,,IDENTIFIED,WINDOW_OBSERVED,0,0,1,True,0,0,True,INHERITED_RAW_PRICE_BASIS,True,False
2025-06-10|44270,2025-06-10,44270,09:30,13:20,170,COMPLETE,5,0,UP,0.40160642570281124,AVAILABLE,21.5,True,RANGE_STRUCTURE,BALANCE,RANGE_COMPRESSION|VOLUME_COMPRESSION|TRADING_VALUE_COMPRESSION,IDENTIFIED,WINDOW_OBSERVED,0,0,1,True,0,0,True,INHERITED_RAW_PRICE_BASIS,True,False
2025-06-10|44270,2025-06-10,44270,09:30,13:25,175,COMPLETE,5,0,UP,0.1996007984031936,AVAILABLE,21.5,True,RANGE_STRUCTURE,BALANCE,RANGE_EXPANSION|VOLUME_EXPANSION|TRADING_VALUE_EXPANSION,IDENTIFIED,WINDOW_OBSERVED,0,0,1,True,0,0,True,INHERITED_RAW_PRICE_BASIS,True,False
2025-06-10|44270,2025-06-10,44270,09:30,13:30,180,COMPLETE,5,0,DOWN,-0.5988023952095808,AVAILABLE,21.5,True,RANGE_STRUCTURE,BALANCE,VOLUME_COMPRESSION|TRADING_VALUE_COMPRESSION,IDENTIFIED,WINDOW_OBSERVED,0,0,1,True,0,0,True,INHERITED_RAW_PRICE_BASIS,True,False
2025-06-10|44270,2025-06-10,44270,09:30,13:35,185,COMPLETE,5,0,DOWN,-0.6024096385542169,AVAILABLE,21.5,True,RANGE_STRUCTURE,BALANCE,VOLUME_COMPRESSION|TRADING_VALUE_COMPRESSION,IDENTIFIED,WINDOW_OBSERVED,0,0,1,True,0,0,True,INHERITED_RAW_PRICE_BASIS,True,False
2025-06-10|44270,2025-06-10,44270,09:30,13:40,190,COMPLETE,5,0,UP,1.0060362173038229,AVAILABLE,21.5,True,RANGE_STRUCTURE,BALANCE,VOLUME_COMPRESSION|TRADING_VALUE_COMPRESSION,IDENTIFIED,OBSERVATION_INSUFFICIENT,1,0,1,True,0,0,True,INHERITED_RAW_PRICE_BASIS,True,False
2025-06-10|44270,2025-06-10,44270,09:30,13:45,195,COMPLETE,5,0,DOWN,-0.5988023952095808,AVAILABLE,21.5,True,RANGE_STRUCTURE,BALANCE,VOLUME_EXPANSION|TRADING_VALUE_EXPANSION,IDENTIFIED,OBSERVATION_INSUFFICIENT,3,0,1,True,0,0,True,INHERITED_RAW_PRICE_BASIS,True,False
2025-06-10|44270,2025-06-10,44270,09:30,13:50,200,PARTIAL,4,1,,,AVAILABLE,21.5,True,,,,UNRESOLVED_STRUCTURE,OBSERVATION_INSUFFICIENT,5,0,0,False,0,0,False,INHERITED_RAW_PRICE_BASIS,False,False
2025-06-10|44270,2025-06-10,44270,09:30,13:55,205,PARTIAL,3,2,,,AVAILABLE,21.5,True,,,,UNRESOLVED_STRUCTURE,OBSERVATION_INSUFFICIENT,4,0,0,False,0,0,False,INHERITED_RAW_PRICE_BASIS,False,False
2025-06-10|44270,2025-06-10,44270,09:30,14:00,210,PARTIAL,2,3,,,AVAILABLE,21.5,True,,,,CURRENT_BAR_UNAVAILABLE,OBSERVATION_INSUFFICIENT,3,0,0,False,0,0,False,INHERITED_RAW_PRICE_BASIS,False,False
2025-06-10|44270,2025-06-10,44270,09:30,14:05,215,PARTIAL,4,1,,,AVAILABLE,21.5,True,,,,UNRESOLVED_STRUCTURE,OBSERVATION_INSUFFICIENT,2,0,0,False,0,0,False,INHERITED_RAW_PRICE_BASIS,False,False
2025-06-10|44270,2025-06-10,44270,09:30,14:10,220,PARTIAL,3,2,,,AVAILABLE,21.5,True,,,,CURRENT_BAR_UNAVAILABLE,WINDOW_OBSERVED,0,0,0,False,0,0,False,INHERITED_RAW_PRICE_BASIS,False,False
2025-06-10|44270,2025-06-10,44270,09:30,14:15,225,COMPLETE,5,0,DOWN,-0.40080160320641284,AVAILABLE,21.5,True,,,,UNRESOLVED_STRUCTURE,OBSERVATION_INSUFFICIENT,1,0,0,False,0,0,False,INHERITED_RAW_PRICE_BASIS,False,False
2025-06-10|44270,2025-06-10,44270,09:30,14:20,230,COMPLETE,5,0,UNCHANGED,0.0,AVAILABLE,21.5,True,,,RANGE_COMPRESSION|VOLUME_COMPRESSION|TRADING_VALUE_COMPRESSION,UNRESOLVED_STRUCTURE,OBSERVATION_INSUFFICIENT,1,0,0,False,0,0,False,INHERITED_RAW_PRICE_BASIS,True,False
2025-06-10|44270,2025-06-10,44270,09:30,14:25,235,PARTIAL,4,1,,,AVAILABLE,21.5,True,,,,CURRENT_BAR_UNAVAILABLE,OBSERVATION_INSUFFICIENT,2,0,0,False,0,0,False,INHERITED_RAW_PRICE_BASIS,False,False
2025-06-10|44270,2025-06-10,44270,09:30,14:30,240,COMPLETE,5,0,DOWN,-1.0101010101010102,AVAILABLE,21.5,True,,,,UNRESOLVED_STRUCTURE,OBSERVATION_INSUFFICIENT,4,0,0,False,0,0,False,INHERITED_RAW_PRICE_BASIS,False,False
2025-06-10|44270,2025-06-10,44270,09:30,14:35,245,PARTIAL,3,2,,,AVAILABLE,21.5,True,,,,CURRENT_BAR_UNAVAILABLE,OBSERVATION_INSUFFICIENT,2,0,0,False,0,0,False,INHERITED_RAW_PRICE_BASIS,False,False
2025-06-10|44270,2025-06-10,44270,09:30,14:40,250,PARTIAL,3,2,,,AVAILABLE,21.5,True,,,,UNRESOLVED_STRUCTURE,WINDOW_OBSERVED,0,0,0,False,0,0,False,INHERITED_RAW_PRICE_BASIS,False,False
2025-06-10|44270,2025-06-10,44270,09:30,14:45,255,COMPLETE,5,0,DOWN,-1.0080645161290323,AVAILABLE,21.5,True,,,,UNRESOLVED_STRUCTURE,WINDOW_OBSERVED,0,0,0,False,0,0,False,INHERITED_RAW_PRICE_BASIS,False,False
2025-06-10|44270,2025-06-10,44270,09:30,14:50,260,COMPLETE,5,0,DOWN,-2.4390243902439024,AVAILABLE,21.5,True,,,RANGE_EXPANSION|VOLUME_EXPANSION|TRADING_VALUE_EXPANSION,UNRESOLVED_STRUCTURE,WINDOW_OBSERVED,0,0,0,False,0,0,False,INHERITED_RAW_PRICE_BASIS,True,False
2025-06-10|44270,2025-06-10,44270,09:30,14:55,265,COMPLETE,5,0,UP,0.625,AVAILABLE,21.5,True,,,RANGE_COMPRESSION|VOLUME_COMPRESSION|TRADING_VALUE_COMPRESSION,UNRESOLVED_STRUCTURE,OBSERVATION_INSUFFICIENT,1,0,0,False,0,0,False,INHERITED_RAW_PRICE_BASIS,True,False
2025-06-10|44270,2025-06-10,44270,09:30,15:00,270,COMPLETE,5,0,UP,0.2070393374741201,AVAILABLE,21.5,True,,,RANGE_COMPRESSION|VOLUME_COMPRESSION|TRADING_VALUE_COMPRESSION,UNRESOLVED_STRUCTURE,OBSERVATION_INSUFFICIENT,2,0,0,False,0,0,False,INHERITED_RAW_PRICE_BASIS,True,False
2025-06-10|44270,2025-06-10,44270,09:30,15:05,275,PARTIAL,4,1,,,AVAILABLE,21.5,True,,,,UNRESOLVED_STRUCTURE,OBSERVATION_INSUFFICIENT,1,0,0,False,0,0,False,INHERITED_RAW_PRICE_BASIS,False,False
2025-06-10|44270,2025-06-10,44270,09:30,15:10,280,PARTIAL,4,1,,,AVAILABLE,21.5,True,,,,UNRESOLVED_STRUCTURE,WINDOW_OBSERVED,0,0,0,False,0,0,False,INHERITED_RAW_PRICE_BASIS,False,False
2025-06-10|44270,2025-06-10,44270,09:30,15:15,285,COMPLETE,5,0,DOWN,-0.8350730688935282,AVAILABLE,21.5,True,,,,UNRESOLVED_STRUCTURE,WINDOW_OBSERVED,0,0,0,False,0,0,False,INHERITED_RAW_PRICE_BASIS,False,False
2025-06-10|44270,2025-06-10,44270,09:30,15:20,290,COMPLETE,5,0,DOWN,-0.8385744234800838,AVAILABLE,21.5,True,,,VOLUME_EXPANSION|TRADING_VALUE_EXPANSION,UNRESOLVED_STRUCTURE,RIGHT_CENSORED,0,0,0,False,0,0,False,INHERITED_RAW_PRICE_BASIS,True,False
2025-06-10|44270,2025-06-10,44270,09:30,15:25,295,COMPLETE,5,0,UP,0.6342494714587738,AVAILABLE,21.5,True,,,,UNRESOLVED_STRUCTURE,RIGHT_CENSORED,0,0,0,False,0,0,False,INHERITED_RAW_PRICE_BASIS,True,False
2025-06-10|48830,2025-06-10,48830,09:30,09:30,0,COMPLETE,5,0,DOWN,-0.9433962264150944,AVAILABLE,3.0,True,,RESTRUCTURING,CHOPPINESS|RANGE_COMPRESSION|VOLUME_COMPRESSION|TRADING_VALUE_COMPRESSION,UNRESOLVED_STRUCTURE,WINDOW_OBSERVED,0,1,5,False,6,9,True,INHERITED_RAW_PRICE_BASIS,False,False
2025-06-10|48830,2025-06-10,48830,09:30,09:35,5,COMPLETE,5,0,UNCHANGED,0.0,AVAILABLE,3.0,True,DOWN_STRUCTURE,PROGRESSION,,IDENTIFIED,WINDOW_OBSERVED,0,1,6,False,0,3,True,INHERITED_RAW_PRICE_BASIS,True,True
2025-06-10|48830,2025-06-10,48830,09:30,09:40,10,COMPLETE,5,0,DOWN,-1.8867924528301887,AVAILABLE,3.0,True,DOWN_STRUCTURE,,,IDENTIFIED,WINDOW_OBSERVED,0,1,7,False,7,6,True,INHERITED_RAW_PRICE_BASIS,True,True
2025-06-10|48830,2025-06-10,48830,09:30,09:45,15,COMPLETE,5,0,UP,2.8846153846153846,AVAILABLE,3.0,True,DOWN_STRUCTURE,,VOLUME_COMPRESSION|TRADING_VALUE_COMPRESSION,IDENTIFIED,WINDOW_OBSERVED,0,1,8,False,3,4,True,INHERITED_RAW_PRICE_BASIS,True,False
2025-06-10|48830,2025-06-10,48830,09:30,09:50,20,COMPLETE,5,0,DOWN,-3.7383177570093458,AVAILABLE,3.0,True,DOWN_STRUCTURE,PROGRESSION,,IDENTIFIED,WINDOW_OBSERVED,0,0,8,False,4,4,True,INHERITED_RAW_PRICE_BASIS,True,True
2025-06-10|48830,2025-06-10,48830,09:30,09:55,25,COMPLETE,5,0,UNCHANGED,0.0,AVAILABLE,3.0,True,DOWN_STRUCTURE,PROGRESSION,CHOPPINESS|VOLUME_EXPANSION|TRADING_VALUE_EXPANSION,IDENTIFIED,WINDOW_OBSERVED,0,0,8,False,4,4,True,INHERITED_RAW_PRICE_BASIS,True,False
2025-06-10|48830,2025-06-10,48830,09:30,10:00,30,COMPLETE,5,0,UNCHANGED,0.0,AVAILABLE,3.0,True,DOWN_STRUCTURE,PROGRESSION,CHOPPINESS|RANGE_COMPRESSION,IDENTIFIED,WINDOW_OBSERVED,0,0,8,False,1,2,True,INHERITED_RAW_PRICE_BASIS,True,False
2025-06-10|48830,2025-06-10,48830,09:30,10:05,35,COMPLETE,5,0,DOWN,-0.9803921568627451,AVAILABLE,3.0,True,DOWN_STRUCTURE,PROGRESSION,RANGE_COMPRESSION|VOLUME_COMPRESSION|TRADING_VALUE_COMPRESSION,IDENTIFIED,WINDOW_OBSERVED,0,0,8,False,0,0,True,INHERITED_RAW_PRICE_BASIS,True,False
2025-06-10|48830,2025-06-10,48830,09:30,10:10,40,COMPLETE,5,0,UP,3.0,AVAILABLE,3.0,True,DOWN_STRUCTURE,CORRECTION|RECOVERY,RANGE_EXPANSION|VOLUME_COMPRESSION|TRADING_VALUE_COMPRESSION,IDENTIFIED,WINDOW_OBSERVED,0,0,9,False,0,1,True,INHERITED_RAW_PRICE_BASIS,True,True
2025-06-10|48830,2025-06-10,48830,09:30,10:15,45,COMPLETE,5,0,UP,1.941747572815534,AVAILABLE,3.0,True,DOWN_STRUCTURE,CORRECTION|RECOVERY,VOLUME_EXPANSION|TRADING_VALUE_EXPANSION,IDENTIFIED,WINDOW_OBSERVED,0,0,9,False,0,0,True,INHERITED_RAW_PRICE_BASIS,True,False
2025-06-10|48830,2025-06-10,48830,09:30,10:20,50,COMPLETE,5,0,UNCHANGED,0.0,AVAILABLE,3.0,True,DOWN_STRUCTURE,CORRECTION|RECOVERY,RANGE_COMPRESSION|VOLUME_COMPRESSION|TRADING_VALUE_COMPRESSION,IDENTIFIED,WINDOW_OBSERVED,0,0,9,False,0,0,True,INHERITED_RAW_PRICE_BASIS,True,False
2025-06-10|48830,2025-06-10,48830,09:30,10:25,55,COMPLETE,5,0,UP,2.857142857142857,AVAILABLE,3.0,True,,RESTRUCTURING,RANGE_EXPANSION|VOLUME_EXPANSION|TRADING_VALUE_EXPANSION,UNRESOLVED_STRUCTURE,WINDOW_OBSERVED,0,0,9,False,4,4,True,INHERITED_RAW_PRICE_BASIS,True,True
2025-06-10|48830,2025-06-10,48830,09:30,10:30,60,COMPLETE,5,0,DOWN,-1.8518518518518519,AVAILABLE,3.0,True,,RESTRUCTURING,VOLUME_COMPRESSION|TRADING_VALUE_COMPRESSION,UNRESOLVED_STRUCTURE,WINDOW_OBSERVED,0,0,9,False,3,1,True,INHERITED_RAW_PRICE_BASIS,True,False
2025-06-10|48830,2025-06-10,48830,09:30,10:35,65,COMPLETE,5,0,UNCHANGED,0.0,AVAILABLE,3.0,True,,RESTRUCTURING,RANGE_COMPRESSION|VOLUME_COMPRESSION|TRADING_VALUE_COMPRESSION,UNRESOLVED_STRUCTURE,WINDOW_OBSERVED,0,1,10,False,3,4,True,INHERITED_RAW_PRICE_BASIS,True,False
2025-06-10|48830,2025-06-10,48830,09:30,10:40,70,COMPLETE,5,0,UNCHANGED,0.0,AVAILABLE,3.0,True,,RESTRUCTURING,RANGE_COMPRESSION,UNRESOLVED_STRUCTURE,WINDOW_OBSERVED,0,1,10,False,0,4,True,INHERITED_RAW_PRICE_BASIS,True,False
2025-06-10|48830,2025-06-10,48830,09:30,10:45,75,COMPLETE,5,0,DOWN,-0.9433962264150944,AVAILABLE,3.0,True,RANGE_STRUCTURE,BALANCE,RANGE_EXPANSION,IDENTIFIED,WINDOW_OBSERVED,0,0,10,True,0,3,True,INHERITED_RAW_PRICE_BASIS,True,True
2025-06-10|48830,2025-06-10,48830,09:30,10:50,80,COMPLETE,5,0,DOWN,-0.9523809523809523,AVAILABLE,3.0,True,RANGE_STRUCTURE,BALANCE,RANGE_EXPANSION|VOLUME_EXPANSION|TRADING_VALUE_EXPANSION,IDENTIFIED,WINDOW_OBSERVED,0,0,10,True,1,0,True,INHERITED_RAW_PRICE_BASIS,True,False
2025-06-10|48830,2025-06-10,48830,09:30,10:55,85,COMPLETE,5,0,UNCHANGED,0.0,AVAILABLE,3.0,True,RANGE_STRUCTURE,BALANCE,RANGE_COMPRESSION|VOLUME_COMPRESSION|TRADING_VALUE_COMPRESSION,IDENTIFIED,WINDOW_OBSERVED,0,0,10,True,0,0,True,INHERITED_RAW_PRICE_BASIS,True,False
2025-06-10|48830,2025-06-10,48830,09:30,11:00,90,COMPLETE,5,0,UNCHANGED,0.0,AVAILABLE,3.0,True,,RESTRUCTURING,,UNRESOLVED_STRUCTURE,WINDOW_OBSERVED,0,0,10,False,0,2,True,INHERITED_RAW_PRICE_BASIS,True,True
2025-06-10|48830,2025-06-10,48830,09:30,11:05,95,COMPLETE,5,0,UP,0.9615384615384616,AVAILABLE,3.0,True,RANGE_STRUCTURE,BALANCE,VOLUME_COMPRESSION|TRADING_VALUE_COMPRESSION,IDENTIFIED,OBSERVATION_INSUFFICIENT,1,0,10,True,0,0,True,INHERITED_RAW_PRICE_BASIS,True,True
2025-06-10|48830,2025-06-10,48830,09:30,11:10,100,COMPLETE,5,0,UNCHANGED,0.0,AVAILABLE,3.0,True,RANGE_STRUCTURE,BALANCE,,IDENTIFIED,OBSERVATION_INSUFFICIENT,1,0,10,True,0,0,True,INHERITED_RAW_PRICE_BASIS,True,False
2025-06-10|48830,2025-06-10,48830,09:30,11:15,105,PARTIAL,4,1,,,AVAILABLE,3.0,True,,,,UNRESOLVED_STRUCTURE,WINDOW_OBSERVED,0,0,0,False,0,0,False,INHERITED_RAW_PRICE_BASIS,False,False
2025-06-10|48830,2025-06-10,48830,09:30,11:20,110,COMPLETE,5,0,DOWN,-0.9615384615384616,AVAILABLE,3.0,True,,,,UNRESOLVED_STRUCTURE,WINDOW_OBSERVED,0,0,0,False,0,0,False,INHERITED_RAW_PRICE_BASIS,False,False
2025-06-10|48830,2025-06-10,48830,09:30,11:25,115,COMPLETE,5,0,DOWN,-0.970873786407767,AVAILABLE,3.0,True,,,VOLUME_COMPRESSION|TRADING_VALUE_COMPRESSION,UNRESOLVED_STRUCTURE,WINDOW_OBSERVED,0,0,0,False,0,0,False,INHERITED_RAW_PRICE_BASIS,True,False
2025-06-10|48830,2025-06-10,48830,09:30,11:30,120,COMPLETE,5,0,DOWN,-0.970873786407767,AVAILABLE,3.0,True,,,RANGE_COMPRESSION|VOLUME_COMPRESSION|TRADING_VALUE_COMPRESSION,UNRESOLVED_STRUCTURE,WINDOW_OBSERVED,0,0,0,False,0,0,False,INHERITED_RAW_PRICE_BASIS,True,False
2025-06-10|48830,2025-06-10,48830,09:30,12:35,125,COMPLETE,5,0,UNCHANGED,0.0,AVAILABLE,3.0,True,,,,UNRESOLVED_STRUCTURE,WINDOW_OBSERVED,0,1,1,False,0,0,False,INHERITED_RAW_PRICE_BASIS,True,False
2025-06-10|48830,2025-06-10,48830,09:30,12:40,130,COMPLETE,5,0,DOWN,-0.9803921568627451,AVAILABLE,3.0,True,,,VOLUME_COMPRESSION|TRADING_VALUE_COMPRESSION,UNRESOLVED_STRUCTURE,WINDOW_OBSERVED,0,1,1,False,0,0,False,INHERITED_RAW_PRICE_BASIS,True,False
2025-06-10|48830,2025-06-10,48830,09:30,12:45,135,COMPLETE,5,0,DOWN,-0.9900990099009901,AVAILABLE,3.0,True,,,RANGE_EXPANSION|VOLUME_EXPANSION|TRADING_VALUE_EXPANSION,UNRESOLVED_STRUCTURE,WINDOW_OBSERVED,0,0,1,False,0,1,False,INHERITED_RAW_PRICE_BASIS,True,False
2025-06-10|48830,2025-06-10,48830,09:30,12:50,140,COMPLETE,5,0,DOWN,-1.0,AVAILABLE,3.0,True,,,RANGE_COMPRESSION|VOLUME_COMPRESSION|TRADING_VALUE_COMPRESSION,UNRESOLVED_STRUCTURE,WINDOW_OBSERVED,0,0,1,False,0,0,False,INHERITED_RAW_PRICE_BASIS,True,False
2025-06-10|48830,2025-06-10,48830,09:30,12:55,145,COMPLETE,5,0,UNCHANGED,0.0,AVAILABLE,3.0,True,,,RANGE_EXPANSION,UNRESOLVED_STRUCTURE,WINDOW_OBSERVED,0,0,1,False,0,0,False,INHERITED_RAW_PRICE_BASIS,True,False
2025-06-10|48830,2025-06-10,48830,09:30,13:00,150,COMPLETE,5,0,DOWN,-1.0204081632653061,AVAILABLE,3.0,True,,RECOVERY,CHOPPINESS|RANGE_EXPANSION|VOLUME_EXPANSION|TRADING_VALUE_EXPANSION,UNRESOLVED_STRUCTURE,WINDOW_OBSERVED,0,1,2,False,2,2,True,INHERITED_RAW_PRICE_BASIS,True,True
2025-06-10|48830,2025-06-10,48830,09:30,13:05,155,COMPLETE,5,0,UP,2.0408163265306123,AVAILABLE,3.0,True,,RECOVERY,VOLUME_COMPRESSION|TRADING_VALUE_COMPRESSION,UNRESOLVED_STRUCTURE,WINDOW_OBSERVED,0,0,2,False,0,0,True,INHERITED_RAW_PRICE_BASIS,True,False
2025-06-10|48830,2025-06-10,48830,09:30,13:10,160,COMPLETE,5,0,UNCHANGED,0.0,AVAILABLE,3.0,True,,RECOVERY,RANGE_COMPRESSION|VOLUME_COMPRESSION|TRADING_VALUE_COMPRESSION,UNRESOLVED_STRUCTURE,WINDOW_OBSERVED,0,0,2,False,0,0,True,INHERITED_RAW_PRICE_BASIS,True,False
2025-06-10|48830,2025-06-10,48830,09:30,13:15,165,COMPLETE,5,0,UP,2.0,AVAILABLE,3.0,True,,,RANGE_EXPANSION,UNRESOLVED_STRUCTURE,WINDOW_OBSERVED,0,1,3,False,0,0,False,INHERITED_RAW_PRICE_BASIS,True,True
2025-06-10|48830,2025-06-10,48830,09:30,13:20,170,COMPLETE,5,0,DOWN,-3.9215686274509802,AVAILABLE,3.0,True,,,RANGE_EXPANSION,UNRESOLVED_STRUCTURE,WINDOW_OBSERVED,0,0,3,False,0,0,False,INHERITED_RAW_PRICE_BASIS,True,False
2025-06-10|48830,2025-06-10,48830,09:30,13:25,175,COMPLETE,5,0,DOWN,-1.0204081632653061,AVAILABLE,3.0,True,,,RANGE_COMPRESSION|VOLUME_COMPRESSION|TRADING_VALUE_COMPRESSION,UNRESOLVED_STRUCTURE,WINDOW_OBSERVED,0,0,3,False,0,0,False,INHERITED_RAW_PRICE_BASIS,True,False
2025-06-10|48830,2025-06-10,48830,09:30,13:30,180,COMPLETE,5,0,DOWN,-1.0204081632653061,AVAILABLE,3.0,True,RANGE_STRUCTURE,BALANCE,RANGE_EXPANSION,IDENTIFIED,WINDOW_OBSERVED,0,0,3,True,0,0,True,INHERITED_RAW_PRICE_BASIS,True,True
2025-06-10|48830,2025-06-10,48830,09:30,13:35,185,COMPLETE,5,0,UP,2.0618556701030926,AVAILABLE,3.0,True,RANGE_STRUCTURE,BALANCE|RECOVERY,VOLUME_COMPRESSION|TRADING_VALUE_COMPRESSION,IDENTIFIED,WINDOW_OBSERVED,0,1,4,True,0,1,True,INHERITED_RAW_PRICE_BASIS,True,True
2025-06-10|48830,2025-06-10,48830,09:30,13:40,190,COMPLETE,5,0,UNCHANGED,0.0,AVAILABLE,3.0,True,RANGE_STRUCTURE,BALANCE|RECOVERY,RANGE_COMPRESSION|VOLUME_EXPANSION|TRADING_VALUE_EXPANSION,IDENTIFIED,WINDOW_OBSERVED,0,1,4,True,0,0,True,INHERITED_RAW_PRICE_BASIS,True,False
2025-06-10|48830,2025-06-10,48830,09:30,13:45,195,COMPLETE,5,0,UP,1.0101010101010102,AVAILABLE,3.0,True,RANGE_STRUCTURE,BALANCE|RECOVERY,RANGE_EXPANSION,IDENTIFIED,OBSERVATION_INSUFFICIENT,1,0,4,True,0,0,True,INHERITED_RAW_PRICE_BASIS,True,False
2025-06-10|48830,2025-06-10,48830,09:30,13:50,200,COMPLETE,5,0,UNCHANGED,0.0,AVAILABLE,3.0,True,RANGE_STRUCTURE,BALANCE|RECOVERY,RANGE_COMPRESSION,IDENTIFIED,OBSERVATION_INSUFFICIENT,3,0,4,True,0,0,True,INHERITED_RAW_PRICE_BASIS,True,False
2025-06-10|48830,2025-06-10,48830,09:30,13:55,205,PARTIAL,4,1,,,AVAILABLE,3.0,True,,,,UNRESOLVED_STRUCTURE,OBSERVATION_INSUFFICIENT,2,0,0,False,0,0,False,INHERITED_RAW_PRICE_BASIS,False,False
2025-06-10|48830,2025-06-10,48830,09:30,14:00,210,PARTIAL,3,2,,,AVAILABLE,3.0,True,,,,UNRESOLVED_STRUCTURE,WINDOW_OBSERVED,0,0,0,False,0,0,False,INHERITED_RAW_PRICE_BASIS,False,False
2025-06-10|48830,2025-06-10,48830,09:30,14:05,215,COMPLETE,5,0,UNCHANGED,0.0,AVAILABLE,3.0,True,,,,UNRESOLVED_STRUCTURE,WINDOW_OBSERVED,0,0,0,False,0,0,False,INHERITED_RAW_PRICE_BASIS,False,False
2025-06-10|48830,2025-06-10,48830,09:30,14:10,220,COMPLETE,5,0,DOWN,-1.0,AVAILABLE,3.0,True,,,RANGE_EXPANSION|VOLUME_COMPRESSION|TRADING_VALUE_COMPRESSION,UNRESOLVED_STRUCTURE,WINDOW_OBSERVED,0,1,1,False,0,0,False,INHERITED_RAW_PRICE_BASIS,True,False
2025-06-10|48830,2025-06-10,48830,09:30,14:15,225,COMPLETE,5,0,UNCHANGED,0.0,AVAILABLE,3.0,True,,,RANGE_COMPRESSION|VOLUME_COMPRESSION|TRADING_VALUE_COMPRESSION,UNRESOLVED_STRUCTURE,WINDOW_OBSERVED,0,1,1,False,0,0,False,INHERITED_RAW_PRICE_BASIS,True,False
2025-06-10|48830,2025-06-10,48830,09:30,14:20,230,COMPLETE,5,0,UNCHANGED,0.0,AVAILABLE,3.0,True,,,RANGE_EXPANSION|VOLUME_EXPANSION|TRADING_VALUE_EXPANSION,UNRESOLVED_STRUCTURE,WINDOW_OBSERVED,0,0,1,False,0,0,False,INHERITED_RAW_PRICE_BASIS,True,False
2025-06-10|48830,2025-06-10,48830,09:30,14:25,235,COMPLETE,5,0,DOWN,-1.0101010101010102,AVAILABLE,3.0,True,,,RANGE_COMPRESSION|VOLUME_EXPANSION|TRADING_VALUE_EXPANSION,UNRESOLVED_STRUCTURE,WINDOW_OBSERVED,0,0,1,False,0,0,False,INHERITED_RAW_PRICE_BASIS,True,False
2025-06-10|48830,2025-06-10,48830,09:30,14:30,240,COMPLETE,5,0,DOWN,-1.0204081632653061,AVAILABLE,3.0,True,,,,UNRESOLVED_STRUCTURE,WINDOW_OBSERVED,0,0,1,False,0,0,False,INHERITED_RAW_PRICE_BASIS,True,False
2025-06-10|48830,2025-06-10,48830,09:30,14:35,245,COMPLETE,5,0,UP,1.0416666666666667,AVAILABLE,3.0,True,,,RANGE_EXPANSION|VOLUME_EXPANSION|TRADING_VALUE_EXPANSION,UNRESOLVED_STRUCTURE,WINDOW_OBSERVED,0,0,1,False,1,1,False,INHERITED_RAW_PRICE_BASIS,True,False
2025-06-10|48830,2025-06-10,48830,09:30,14:40,250,COMPLETE,5,0,UP,2.0833333333333335,AVAILABLE,3.0,True,,RECOVERY,CHOPPINESS|VOLUME_COMPRESSION|TRADING_VALUE_COMPRESSION,UNRESOLVED_STRUCTURE,WINDOW_OBSERVED,0,1,2,False,0,0,True,INHERITED_RAW_PRICE_BASIS,True,True
2025-06-10|48830,2025-06-10,48830,09:30,14:45,255,COMPLETE,5,0,UNCHANGED,0.0,AVAILABLE,3.0,True,,RECOVERY,,UNRESOLVED_STRUCTURE,WINDOW_OBSERVED,0,1,2,False,0,0,True,INHERITED_RAW_PRICE_BASIS,True,False
2025-06-10|48830,2025-06-10,48830,09:30,14:50,260,COMPLETE,5,0,UP,3.0927835051546393,AVAILABLE,3.0,True,,RECOVERY,RANGE_EXPANSION|VOLUME_EXPANSION|TRADING_VALUE_EXPANSION,UNRESOLVED_STRUCTURE,WINDOW_OBSERVED,0,0,2,False,0,0,True,INHERITED_RAW_PRICE_BASIS,True,False
2025-06-10|48830,2025-06-10,48830,09:30,14:55,265,COMPLETE,5,0,UNCHANGED,0.0,AVAILABLE,3.0,True,,RECOVERY,RANGE_COMPRESSION|VOLUME_COMPRESSION|TRADING_VALUE_COMPRESSION,UNRESOLVED_STRUCTURE,WINDOW_OBSERVED,0,0,2,False,0,0,True,INHERITED_RAW_PRICE_BASIS,True,False
2025-06-10|48830,2025-06-10,48830,09:30,15:00,270,COMPLETE,5,0,DOWN,-1.0,AVAILABLE,3.0,True,,RECOVERY,RANGE_COMPRESSION,UNRESOLVED_STRUCTURE,WINDOW_OBSERVED,0,0,2,False,0,0,True,INHERITED_RAW_PRICE_BASIS,True,False
2025-06-10|48830,2025-06-10,48830,09:30,15:05,275,COMPLETE,5,0,UP,1.0101010101010102,AVAILABLE,3.0,True,RANGE_STRUCTURE,BALANCE|RECOVERY,CHOPPINESS|RANGE_EXPANSION,IDENTIFIED,WINDOW_OBSERVED,0,0,2,True,0,0,True,INHERITED_RAW_PRICE_BASIS,True,True
2025-06-10|48830,2025-06-10,48830,09:30,15:10,280,COMPLETE,5,0,DOWN,-2.0,AVAILABLE,3.0,True,RANGE_STRUCTURE,BALANCE|RECOVERY,RANGE_EXPANSION,IDENTIFIED,WINDOW_OBSERVED,0,0,2,True,0,0,True,INHERITED_RAW_PRICE_BASIS,True,False
2025-06-10|48830,2025-06-10,48830,09:30,15:15,285,COMPLETE,5,0,UP,1.0204081632653061,AVAILABLE,3.0,True,RANGE_STRUCTURE,BALANCE|RECOVERY,RANGE_COMPRESSION|VOLUME_COMPRESSION|TRADING_VALUE_COMPRESSION,IDENTIFIED,WINDOW_OBSERVED,0,0,2,True,0,0,True,INHERITED_RAW_PRICE_BASIS,True,False
2025-06-10|48830,2025-06-10,48830,09:30,15:20,290,COMPLETE,5,0,UNCHANGED,0.0,AVAILABLE,3.0,True,RANGE_STRUCTURE,BALANCE|RECOVERY,VOLUME_EXPANSION|TRADING_VALUE_EXPANSION,IDENTIFIED,RIGHT_CENSORED,0,0,2,True,0,0,True,INHERITED_RAW_PRICE_BASIS,True,False
2025-06-10|48830,2025-06-10,48830,09:30,15:25,295,COMPLETE,5,0,UNCHANGED,0.0,AVAILABLE,3.0,True,RANGE_STRUCTURE,BALANCE|RECOVERY,RANGE_EXPANSION|VOLUME_EXPANSION|TRADING_VALUE_EXPANSION,IDENTIFIED,RIGHT_CENSORED,0,0,2,True,0,0,True,INHERITED_RAW_PRICE_BASIS,True,False
2025-06-10|48930,2025-06-10,48930,09:30,09:30,0,PARTIAL,4,1,,,SCALE_INSUFFICIENT,,True,,,,CURRENT_BAR_UNAVAILABLE,OBSERVATION_INSUFFICIENT,3,0,0,False,0,0,False,INHERITED_RAW_PRICE_BASIS,False,False
2025-06-10|48930,2025-06-10,48930,09:30,09:35,5,PARTIAL,3,2,,,SCALE_INSUFFICIENT,,True,,,,CURRENT_BAR_UNAVAILABLE,OBSERVATION_INSUFFICIENT,2,0,0,False,0,0,False,INHERITED_RAW_PRICE_BASIS,False,False
2025-06-10|48930,2025-06-10,48930,09:30,09:40,10,PARTIAL,4,1,,,SCALE_INSUFFICIENT,,True,,,,SCALE_UNAVAILABLE,OBSERVATION_INSUFFICIENT,4,0,0,False,0,0,False,INHERITED_RAW_PRICE_BASIS,False,False
2025-06-10|48930,2025-06-10,48930,09:30,09:45,15,PARTIAL,4,1,,,SCALE_INSUFFICIENT,,True,,,,SCALE_UNAVAILABLE,OBSERVATION_INSUFFICIENT,5,0,0,False,0,0,False,INHERITED_RAW_PRICE_BASIS,False,False
2025-06-10|48930,2025-06-10,48930,09:30,09:50,20,PARTIAL,2,3,,,SCALE_INSUFFICIENT,,True,,,,CURRENT_BAR_UNAVAILABLE,OBSERVATION_INSUFFICIENT,4,0,0,False,0,0,False,INHERITED_RAW_PRICE_BASIS,False,False
2025-06-10|48930,2025-06-10,48930,09:30,09:55,25,PARTIAL,3,2,,,SCALE_INSUFFICIENT,,True,,,,SCALE_UNAVAILABLE,OBSERVATION_INSUFFICIENT,6,0,0,False,0,0,False,INHERITED_RAW_PRICE_BASIS,False,False
2025-06-10|48930,2025-06-10,48930,09:30,10:00,30,PARTIAL,3,2,,,SCALE_INSUFFICIENT,,True,,,,SCALE_UNAVAILABLE,OBSERVATION_INSUFFICIENT,7,0,0,False,0,0,False,INHERITED_RAW_PRICE_BASIS,False,False
2025-06-10|48930,2025-06-10,48930,09:30,10:05,35,PARTIAL,1,4,,,SCALE_INSUFFICIENT,,True,,,,SCALE_UNAVAILABLE,OBSERVATION_INSUFFICIENT,4,0,0,False,0,0,False,INHERITED_RAW_PRICE_BASIS,False,False
2025-06-10|48930,2025-06-10,48930,09:30,10:10,40,PARTIAL,2,3,,,SCALE_INSUFFICIENT,,True,,,,SCALE_UNAVAILABLE,OBSERVATION_INSUFFICIENT,5,0,0,False,0,0,False,INHERITED_RAW_PRICE_BASIS,False,False
2025-06-10|48930,2025-06-10,48930,09:30,10:15,45,PARTIAL,4,1,,,SCALE_INSUFFICIENT,,True,,,,SCALE_UNAVAILABLE,OBSERVATION_INSUFFICIENT,5,0,0,False,0,0,False,INHERITED_RAW_PRICE_BASIS,False,False
2025-06-10|48930,2025-06-10,48930,09:30,10:20,50,PARTIAL,1,4,,,SCALE_INSUFFICIENT,,True,,,,CURRENT_BAR_UNAVAILABLE,OBSERVATION_INSUFFICIENT,6,0,0,False,0,0,False,INHERITED_RAW_PRICE_BASIS,False,False
2025-06-10|48930,2025-06-10,48930,09:30,10:25,55,PARTIAL,4,1,,,SCALE_INSUFFICIENT,,True,,,,CURRENT_BAR_UNAVAILABLE,OBSERVATION_INSUFFICIENT,8,0,0,False,0,0,False,INHERITED_RAW_PRICE_BASIS,False,False
2025-06-10|48930,2025-06-10,48930,09:30,10:30,60,UNAVAILABLE,0,5,,,SCALE_INSUFFICIENT,,True,,,,CURRENT_BAR_UNAVAILABLE,OBSERVATION_INSUFFICIENT,8,0,0,False,0,0,False,INHERITED_RAW_PRICE_BASIS,False,False
2025-06-10|48930,2025-06-10,48930,09:30,10:35,65,PARTIAL,2,3,,,SCALE_INSUFFICIENT,,True,,,,CURRENT_BAR_UNAVAILABLE,OBSERVATION_INSUFFICIENT,8,0,0,False,0,0,False,INHERITED_RAW_PRICE_BASIS,False,False
2025-06-10|48930,2025-06-10,48930,09:30,10:40,70,UNAVAILABLE,0,5,,,SCALE_INSUFFICIENT,,True,,,,CURRENT_BAR_UNAVAILABLE,OBSERVATION_INSUFFICIENT,7,0,0,False,0,0,False,INHERITED_RAW_PRICE_BASIS,False,False
2025-06-10|48930,2025-06-10,48930,09:30,10:45,75,PARTIAL,2,3,,,SCALE_INSUFFICIENT,,True,,,,CURRENT_BAR_UNAVAILABLE,OBSERVATION_INSUFFICIENT,6,0,0,False,0,0,False,INHERITED_RAW_PRICE_BASIS,False,False
2025-06-10|48930,2025-06-10,48930,09:30,10:50,80,PARTIAL,1,4,,,SCALE_INSUFFICIENT,,True,,,,CURRENT_BAR_UNAVAILABLE,OBSERVATION_INSUFFICIENT,7,0,0,False,0,0,False,INHERITED_RAW_PRICE_BASIS,False,False
2025-06-10|48930,2025-06-10,48930,09:30,10:55,85,PARTIAL,3,2,,,SCALE_INSUFFICIENT,,True,,,,CURRENT_BAR_UNAVAILABLE,OBSERVATION_INSUFFICIENT,10,0,0,False,0,0,False,INHERITED_RAW_PRICE_BASIS,False,False
2025-06-10|48930,2025-06-10,48930,09:30,11:00,90,UNAVAILABLE,0,5,,,SCALE_INSUFFICIENT,,True,,,,CURRENT_BAR_UNAVAILABLE,OBSERVATION_INSUFFICIENT,9,0,0,False,0,0,False,INHERITED_RAW_PRICE_BASIS,False,False
2025-06-10|48930,2025-06-10,48930,09:30,11:05,95,UNAVAILABLE,0,5,,,SCALE_INSUFFICIENT,,True,,,,CURRENT_BAR_UNAVAILABLE,OBSERVATION_INSUFFICIENT,8,0,0,False,0,0,False,INHERITED_RAW_PRICE_BASIS,False,False
2025-06-10|48930,2025-06-10,48930,09:30,11:10,100,PARTIAL,1,4,,,SCALE_INSUFFICIENT,,True,,,,SCALE_UNAVAILABLE,OBSERVATION_INSUFFICIENT,9,0,0,False,0,0,False,INHERITED_RAW_PRICE_BASIS,False,False
2025-06-10|48930,2025-06-10,48930,09:30,11:15,105,PARTIAL,1,4,,,SCALE_INSUFFICIENT,,True,,,,CURRENT_BAR_UNAVAILABLE,OBSERVATION_INSUFFICIENT,10,0,0,False,0,0,False,INHERITED_RAW_PRICE_BASIS,False,False
2025-06-10|48930,2025-06-10,48930,09:30,11:20,110,UNAVAILABLE,0,5,,,SCALE_INSUFFICIENT,,True,,,,CURRENT_BAR_UNAVAILABLE,OBSERVATION_INSUFFICIENT,8,0,0,False,0,0,False,INHERITED_RAW_PRICE_BASIS,False,False
2025-06-10|48930,2025-06-10,48930,09:30,11:25,115,UNAVAILABLE,0,5,,,SCALE_INSUFFICIENT,,True,,,,CURRENT_BAR_UNAVAILABLE,OBSERVATION_INSUFFICIENT,6,0,0,False,0,0,False,INHERITED_RAW_PRICE_BASIS,False,False
2025-06-10|48930,2025-06-10,48930,09:30,11:30,120,PARTIAL,2,3,,,SCALE_INSUFFICIENT,,True,,,,SCALE_UNAVAILABLE,OBSERVATION_INSUFFICIENT,5,0,0,False,0,0,False,INHERITED_RAW_PRICE_BASIS,False,False
2025-06-10|48930,2025-06-10,48930,09:30,12:35,125,PARTIAL,2,3,,,SCALE_INSUFFICIENT,,True,,,,CURRENT_BAR_UNAVAILABLE,OBSERVATION_INSUFFICIENT,6,0,0,False,0,0,False,INHERITED_RAW_PRICE_BASIS,False,False
2025-06-10|48930,2025-06-10,48930,09:30,12:40,130,PARTIAL,3,2,,,SCALE_INSUFFICIENT,,True,,,,CURRENT_BAR_UNAVAILABLE,OBSERVATION_INSUFFICIENT,8,0,0,False,0,0,False,INHERITED_RAW_PRICE_BASIS,False,False
2025-06-10|48930,2025-06-10,48930,09:30,12:45,135,PARTIAL,1,4,,,SCALE_INSUFFICIENT,,True,,,,CURRENT_BAR_UNAVAILABLE,OBSERVATION_INSUFFICIENT,7,0,0,False,0,0,False,INHERITED_RAW_PRICE_BASIS,False,False
2025-06-10|48930,2025-06-10,48930,09:30,12:50,140,PARTIAL,1,4,,,SCALE_INSUFFICIENT,,True,,,,SCALE_UNAVAILABLE,OBSERVATION_INSUFFICIENT,6,0,0,False,0,0,False,INHERITED_RAW_PRICE_BASIS,False,False
2025-06-10|48930,2025-06-10,48930,09:30,12:55,145,PARTIAL,2,3,,,SCALE_INSUFFICIENT,,True,,,,SCALE_UNAVAILABLE,OBSERVATION_INSUFFICIENT,5,0,0,False,0,0,False,INHERITED_RAW_PRICE_BASIS,False,False
2025-06-10|48930,2025-06-10,48930,09:30,13:00,150,PARTIAL,2,3,,,SCALE_INSUFFICIENT,,True,,,,CURRENT_BAR_UNAVAILABLE,OBSERVATION_INSUFFICIENT,5,0,0,False,0,0,False,INHERITED_RAW_PRICE_BASIS,False,False
2025-06-10|48930,2025-06-10,48930,09:30,13:05,155,PARTIAL,3,2,,,SCALE_INSUFFICIENT,,True,,,,SCALE_UNAVAILABLE,OBSERVATION_INSUFFICIENT,6,0,0,False,0,0,False,INHERITED_RAW_PRICE_BASIS,False,False
2025-06-10|48930,2025-06-10,48930,09:30,13:10,160,PARTIAL,2,3,,,SCALE_INSUFFICIENT,,True,,,,SCALE_UNAVAILABLE,OBSERVATION_INSUFFICIENT,6,0,0,False,0,0,False,INHERITED_RAW_PRICE_BASIS,False,False
2025-06-10|48930,2025-06-10,48930,09:30,13:15,165,PARTIAL,2,3,,,SCALE_INSUFFICIENT,,True,,,,SCALE_UNAVAILABLE,OBSERVATION_INSUFFICIENT,5,0,0,False,0,0,False,INHERITED_RAW_PRICE_BASIS,False,False
2025-06-10|48930,2025-06-10,48930,09:30,13:20,170,PARTIAL,2,3,,,SCALE_INSUFFICIENT,,True,,,,SCALE_UNAVAILABLE,OBSERVATION_INSUFFICIENT,6,0,0,False,0,0,False,INHERITED_RAW_PRICE_BASIS,False,False
2025-06-10|48930,2025-06-10,48930,09:30,13:25,175,PARTIAL,3,2,,,SCALE_INSUFFICIENT,,True,,,,CURRENT_BAR_UNAVAILABLE,OBSERVATION_INSUFFICIENT,8,0,0,False,0,0,False,INHERITED_RAW_PRICE_BASIS,False,False
2025-06-10|48930,2025-06-10,48930,09:30,13:30,180,PARTIAL,1,4,,,SCALE_INSUFFICIENT,,True,,,,SCALE_UNAVAILABLE,OBSERVATION_INSUFFICIENT,7,0,0,False,0,0,False,INHERITED_RAW_PRICE_BASIS,False,False
2025-06-10|48930,2025-06-10,48930,09:30,13:35,185,PARTIAL,1,4,,,SCALE_INSUFFICIENT,,True,,,,CURRENT_BAR_UNAVAILABLE,OBSERVATION_INSUFFICIENT,7,0,0,False,0,0,False,INHERITED_RAW_PRICE_BASIS,False,False
2025-06-10|48930,2025-06-10,48930,09:30,13:40,190,PARTIAL,2,3,,,SCALE_INSUFFICIENT,,True,,,,CURRENT_BAR_UNAVAILABLE,OBSERVATION_INSUFFICIENT,9,0,0,False,0,0,False,INHERITED_RAW_PRICE_BASIS,False,False
2025-06-10|48930,2025-06-10,48930,09:30,13:45,195,PARTIAL,1,4,,,SCALE_INSUFFICIENT,,True,,,,SCALE_UNAVAILABLE,OBSERVATION_INSUFFICIENT,7,0,0,False,0,0,False,INHERITED_RAW_PRICE_BASIS,False,False
2025-06-10|48930,2025-06-10,48930,09:30,13:50,200,UNAVAILABLE,0,5,,,SCALE_INSUFFICIENT,,True,,,,CURRENT_BAR_UNAVAILABLE,OBSERVATION_INSUFFICIENT,6,0,0,False,0,0,False,INHERITED_RAW_PRICE_BASIS,False,False
2025-06-10|48930,2025-06-10,48930,09:30,13:55,205,PARTIAL,3,2,,,SCALE_INSUFFICIENT,,True,,,,CURRENT_BAR_UNAVAILABLE,OBSERVATION_INSUFFICIENT,5,0,0,False,0,0,False,INHERITED_RAW_PRICE_BASIS,False,False
2025-06-10|48930,2025-06-10,48930,09:30,14:00,210,PARTIAL,1,4,,,SCALE_INSUFFICIENT,,True,,,,SCALE_UNAVAILABLE,OBSERVATION_INSUFFICIENT,5,0,0,False,0,0,False,INHERITED_RAW_PRICE_BASIS,False,False
2025-06-10|48930,2025-06-10,48930,09:30,14:05,215,PARTIAL,4,1,,,SCALE_INSUFFICIENT,,True,,,,SCALE_UNAVAILABLE,OBSERVATION_INSUFFICIENT,8,0,0,False,0,1,False,INHERITED_RAW_PRICE_BASIS,False,False
2025-06-10|48930,2025-06-10,48930,09:30,14:10,220,PARTIAL,1,4,,,SCALE_INSUFFICIENT,,True,,,,CURRENT_BAR_UNAVAILABLE,OBSERVATION_INSUFFICIENT,8,0,0,False,0,0,False,INHERITED_RAW_PRICE_BASIS,False,False
2025-06-10|48930,2025-06-10,48930,09:30,14:15,225,PARTIAL,1,4,,,SCALE_INSUFFICIENT,,True,,,,CURRENT_BAR_UNAVAILABLE,OBSERVATION_INSUFFICIENT,8,0,0,False,0,0,False,INHERITED_RAW_PRICE_BASIS,False,False
2025-06-10|48930,2025-06-10,48930,09:30,14:20,230,PARTIAL,1,4,,,SCALE_INSUFFICIENT,,True,,,,CURRENT_BAR_UNAVAILABLE,OBSERVATION_INSUFFICIENT,8,0,0,False,0,0,False,INHERITED_RAW_PRICE_BASIS,False,False
2025-06-10|48930,2025-06-10,48930,09:30,14:25,235,PARTIAL,1,4,,,SCALE_INSUFFICIENT,,True,,,,CURRENT_BAR_UNAVAILABLE,OBSERVATION_INSUFFICIENT,9,0,0,False,0,0,False,INHERITED_RAW_PRICE_BASIS,False,False
2025-06-10|48930,2025-06-10,48930,09:30,14:30,240,PARTIAL,1,4,,,SCALE_INSUFFICIENT,,True,,,,SCALE_UNAVAILABLE,OBSERVATION_INSUFFICIENT,7,0,0,False,0,0,False,INHERITED_RAW_PRICE_BASIS,False,False
2025-06-10|48930,2025-06-10,48930,09:30,14:35,245,UNAVAILABLE,0,5,,,SCALE_INSUFFICIENT,,True,,,,CURRENT_BAR_UNAVAILABLE,OBSERVATION_INSUFFICIENT,5,0,0,False,0,0,False,INHERITED_RAW_PRICE_BASIS,False,False
2025-06-10|48930,2025-06-10,48930,09:30,14:40,250,PARTIAL,3,2,,,SCALE_INSUFFICIENT,,True,,,,SCALE_UNAVAILABLE,OBSERVATION_INSUFFICIENT,6,0,0,False,0,0,False,INHERITED_RAW_PRICE_BASIS,False,False
2025-06-10|48930,2025-06-10,48930,09:30,14:45,255,PARTIAL,2,3,,,SCALE_INSUFFICIENT,,True,,,,SCALE_UNAVAILABLE,OBSERVATION_INSUFFICIENT,6,0,0,False,0,0,False,INHERITED_RAW_PRICE_BASIS,False,False
2025-06-10|48930,2025-06-10,48930,09:30,14:50,260,PARTIAL,2,3,,,SCALE_INSUFFICIENT,,True,,,,SCALE_UNAVAILABLE,OBSERVATION_INSUFFICIENT,4,0,0,False,0,0,False,INHERITED_RAW_PRICE_BASIS,False,False
2025-06-10|48930,2025-06-10,48930,09:30,14:55,265,PARTIAL,2,3,,,SCALE_INSUFFICIENT,,True,,,,SCALE_UNAVAILABLE,OBSERVATION_INSUFFICIENT,5,0,0,False,0,0,False,INHERITED_RAW_PRICE_BASIS,False,False
2025-06-10|48930,2025-06-10,48930,09:30,15:00,270,PARTIAL,4,1,,,SCALE_INSUFFICIENT,,True,,,,SCALE_UNAVAILABLE,OBSERVATION_INSUFFICIENT,5,0,0,False,0,1,False,INHERITED_RAW_PRICE_BASIS,False,False
2025-06-10|48930,2025-06-10,48930,09:30,15:05,275,PARTIAL,1,4,,,SCALE_INSUFFICIENT,,True,,,,SCALE_UNAVAILABLE,OBSERVATION_INSUFFICIENT,3,0,0,False,0,0,False,INHERITED_RAW_PRICE_BASIS,False,False
2025-06-10|48930,2025-06-10,48930,09:30,15:10,280,PARTIAL,4,1,,,SCALE_INSUFFICIENT,,True,,,,SCALE_UNAVAILABLE,OBSERVATION_INSUFFICIENT,3,0,0,False,0,0,False,INHERITED_RAW_PRICE_BASIS,False,False
2025-06-10|48930,2025-06-10,48930,09:30,15:15,285,PARTIAL,3,2,,,SCALE_INSUFFICIENT,,True,,,,CURRENT_BAR_UNAVAILABLE,OBSERVATION_INSUFFICIENT,2,0,0,False,0,3,False,INHERITED_RAW_PRICE_BASIS,False,False
2025-06-10|48930,2025-06-10,48930,09:30,15:20,290,PARTIAL,4,1,,,SCALE_INSUFFICIENT,,True,,,,SCALE_UNAVAILABLE,RIGHT_CENSORED,1,0,0,False,0,0,False,INHERITED_RAW_PRICE_BASIS,False,False
2025-06-10|48930,2025-06-10,48930,09:30,15:25,295,PARTIAL,4,1,,,SCALE_INSUFFICIENT,,True,,,,SCALE_UNAVAILABLE,RIGHT_CENSORED,0,0,0,False,0,0,False,INHERITED_RAW_PRICE_BASIS,False,False
2025-06-10|52790,2025-06-10,52790,10:00,10:00,0,PARTIAL,3,2,,,SCALE_INSUFFICIENT,,True,,,,SCALE_UNAVAILABLE,OBSERVATION_INSUFFICIENT,9,0,0,False,7,0,False,INHERITED_RAW_PRICE_BASIS,False,False
2025-06-10|52790,2025-06-10,52790,10:00,10:05,5,PARTIAL,1,4,,,SCALE_INSUFFICIENT,,True,,,,CURRENT_BAR_UNAVAILABLE,OBSERVATION_INSUFFICIENT,9,0,0,False,0,2,False,INHERITED_RAW_PRICE_BASIS,False,False
2025-06-10|52790,2025-06-10,52790,10:00,10:10,10,UNAVAILABLE,0,5,,,SCALE_INSUFFICIENT,,True,,,,CURRENT_BAR_UNAVAILABLE,OBSERVATION_INSUFFICIENT,9,0,0,False,0,0,False,INHERITED_RAW_PRICE_BASIS,False,False
2025-06-10|52790,2025-06-10,52790,10:00,10:15,15,PARTIAL,1,4,,,SCALE_INSUFFICIENT,,True,,,,CURRENT_BAR_UNAVAILABLE,OBSERVATION_INSUFFICIENT,7,0,0,False,0,0,False,INHERITED_RAW_PRICE_BASIS,False,False
2025-06-10|52790,2025-06-10,52790,10:00,10:20,20,UNAVAILABLE,0,5,,,SCALE_INSUFFICIENT,,True,,,,CURRENT_BAR_UNAVAILABLE,OBSERVATION_INSUFFICIENT,4,0,0,False,0,0,False,INHERITED_RAW_PRICE_BASIS,False,False
2025-06-10|52790,2025-06-10,52790,10:00,10:25,25,PARTIAL,3,2,,,SCALE_INSUFFICIENT,,True,,,,SCALE_UNAVAILABLE,OBSERVATION_INSUFFICIENT,6,0,0,False,2,0,False,INHERITED_RAW_PRICE_BASIS,False,False
2025-06-10|52790,2025-06-10,52790,10:00,10:30,30,PARTIAL,3,2,,,SCALE_INSUFFICIENT,,True,,,,SCALE_UNAVAILABLE,OBSERVATION_INSUFFICIENT,7,0,0,False,0,2,False,INHERITED_RAW_PRICE_BASIS,False,False
2025-06-10|52790,2025-06-10,52790,10:00,10:35,35,PARTIAL,1,4,,,SCALE_INSUFFICIENT,,True,,,,CURRENT_BAR_UNAVAILABLE,OBSERVATION_INSUFFICIENT,4,0,0,False,0,0,False,INHERITED_RAW_PRICE_BASIS,False,False
2025-06-10|52790,2025-06-10,52790,10:00,10:40,40,PARTIAL,2,3,,,SCALE_INSUFFICIENT,,True,,,,CURRENT_BAR_UNAVAILABLE,OBSERVATION_INSUFFICIENT,6,0,0,False,0,0,False,INHERITED_RAW_PRICE_BASIS,False,False
2025-06-10|52790,2025-06-10,52790,10:00,10:45,45,PARTIAL,4,1,,,SCALE_INSUFFICIENT,,True,,,,CURRENT_BAR_UNAVAILABLE,OBSERVATION_INSUFFICIENT,9,0,0,False,2,4,False,INHERITED_RAW_PRICE_BASIS,False,False
2025-06-10|52790,2025-06-10,52790,10:00,10:50,50,UNAVAILABLE,0,5,,,SCALE_INSUFFICIENT,,True,,,,CURRENT_BAR_UNAVAILABLE,OBSERVATION_INSUFFICIENT,7,0,0,False,0,0,False,INHERITED_RAW_PRICE_BASIS,False,False
2025-06-10|52790,2025-06-10,52790,10:00,10:55,55,PARTIAL,1,4,,,SCALE_INSUFFICIENT,,True,,,,SCALE_UNAVAILABLE,OBSERVATION_INSUFFICIENT,5,0,0,False,0,0,False,INHERITED_RAW_PRICE_BASIS,False,False
2025-06-10|52790,2025-06-10,52790,10:00,11:00,60,PARTIAL,2,3,,,SCALE_INSUFFICIENT,,True,,,,CURRENT_BAR_UNAVAILABLE,OBSERVATION_INSUFFICIENT,6,0,0,False,0,0,False,INHERITED_RAW_PRICE_BASIS,False,False
2025-06-10|52790,2025-06-10,52790,10:00,11:05,65,PARTIAL,3,2,,,SCALE_INSUFFICIENT,,True,,,,SCALE_UNAVAILABLE,OBSERVATION_INSUFFICIENT,8,0,0,False,2,0,False,INHERITED_RAW_PRICE_BASIS,False,False
2025-06-10|52790,2025-06-10,52790,10:00,11:10,70,PARTIAL,1,4,,,SCALE_INSUFFICIENT,,True,,,,CURRENT_BAR_UNAVAILABLE,OBSERVATION_INSUFFICIENT,8,0,0,False,0,2,False,INHERITED_RAW_PRICE_BASIS,False,False
2025-06-10|52790,2025-06-10,52790,10:00,11:15,75,PARTIAL,1,4,,,SCALE_INSUFFICIENT,,True,,,,CURRENT_BAR_UNAVAILABLE,OBSERVATION_INSUFFICIENT,9,0,0,False,0,0,False,INHERITED_RAW_PRICE_BASIS,False,False
2025-06-10|52790,2025-06-10,52790,10:00,11:20,80,PARTIAL,1,4,,,SCALE_INSUFFICIENT,,True,,,,CURRENT_BAR_UNAVAILABLE,OBSERVATION_INSUFFICIENT,10,0,0,False,0,0,False,INHERITED_RAW_PRICE_BASIS,False,False
2025-06-10|52790,2025-06-10,52790,10:00,11:25,85,UNAVAILABLE,0,5,,,SCALE_INSUFFICIENT,,True,,,,CURRENT_BAR_UNAVAILABLE,OBSERVATION_INSUFFICIENT,6,0,0,False,0,0,False,INHERITED_RAW_PRICE_BASIS,False,False
2025-06-10|52790,2025-06-10,52790,10:00,11:30,90,UNAVAILABLE,0,5,,,SCALE_INSUFFICIENT,,True,,,,CURRENT_BAR_UNAVAILABLE,OBSERVATION_INSUFFICIENT,4,0,0,False,0,0,False,INHERITED_RAW_PRICE_BASIS,False,False
2025-06-10|52790,2025-06-10,52790,10:00,12:35,95,PARTIAL,4,1,,,SCALE_INSUFFICIENT,,True,,,,SCALE_UNAVAILABLE,OBSERVATION_INSUFFICIENT,6,0,0,False,0,0,False,INHERITED_RAW_PRICE_BASIS,False,False
2025-06-10|52790,2025-06-10,52790,10:00,12:40,100,PARTIAL,2,3,,,SCALE_INSUFFICIENT,,True,,,,CURRENT_BAR_UNAVAILABLE,OBSERVATION_INSUFFICIENT,5,0,0,False,0,0,False,INHERITED_RAW_PRICE_BASIS,False,False
2025-06-10|52790,2025-06-10,52790,10:00,12:45,105,PARTIAL,2,3,,,SCALE_INSUFFICIENT,,True,,,,CURRENT_BAR_UNAVAILABLE,OBSERVATION_INSUFFICIENT,5,0,0,False,0,0,False,INHERITED_RAW_PRICE_BASIS,False,False
2025-06-10|52790,2025-06-10,52790,10:00,12:50,110,PARTIAL,3,2,,,SCALE_INSUFFICIENT,,True,,,,SCALE_UNAVAILABLE,OBSERVATION_INSUFFICIENT,6,0,0,False,0,2,False,INHERITED_RAW_PRICE_BASIS,False,False
2025-06-10|52790,2025-06-10,52790,10:00,12:55,115,PARTIAL,2,3,,,SCALE_INSUFFICIENT,,True,,,,SCALE_UNAVAILABLE,OBSERVATION_INSUFFICIENT,5,0,0,False,0,0,False,INHERITED_RAW_PRICE_BASIS,False,False
2025-06-10|52790,2025-06-10,52790,10:00,13:00,120,PARTIAL,2,3,,,SCALE_INSUFFICIENT,,True,,,,CURRENT_BAR_UNAVAILABLE,OBSERVATION_INSUFFICIENT,6,0,0,False,0,0,False,INHERITED_RAW_PRICE_BASIS,False,False
2025-06-10|52790,2025-06-10,52790,10:00,13:05,125,PARTIAL,3,2,,,SCALE_INSUFFICIENT,,True,,,,CURRENT_BAR_UNAVAILABLE,OBSERVATION_INSUFFICIENT,8,0,0,False,0,0,False,INHERITED_RAW_PRICE_BASIS,False,False
2025-06-10|52790,2025-06-10,52790,10:00,13:10,130,PARTIAL,1,4,,,SCALE_INSUFFICIENT,,True,,,,SCALE_UNAVAILABLE,OBSERVATION_INSUFFICIENT,9,0,0,False,0,0,False,INHERITED_RAW_PRICE_BASIS,False,False
2025-06-10|52790,2025-06-10,52790,10:00,13:15,135,PARTIAL,1,4,,,SCALE_INSUFFICIENT,,True,,,,CURRENT_BAR_UNAVAILABLE,OBSERVATION_INSUFFICIENT,10,0,0,False,0,0,False,INHERITED_RAW_PRICE_BASIS,False,False
2025-06-10|52790,2025-06-10,52790,10:00,13:20,140,UNAVAILABLE,0,5,,,SCALE_INSUFFICIENT,,True,,,,CURRENT_BAR_UNAVAILABLE,OBSERVATION_INSUFFICIENT,8,0,0,False,0,0,False,INHERITED_RAW_PRICE_BASIS,False,False
2025-06-10|52790,2025-06-10,52790,10:00,13:25,145,UNAVAILABLE,0,5,,,SCALE_INSUFFICIENT,,True,,,,CURRENT_BAR_UNAVAILABLE,OBSERVATION_INSUFFICIENT,6,0,0,False,0,0,False,INHERITED_RAW_PRICE_BASIS,False,False
2025-06-10|52790,2025-06-10,52790,10:00,13:30,150,PARTIAL,2,3,,,SCALE_INSUFFICIENT,,True,,,,CURRENT_BAR_UNAVAILABLE,OBSERVATION_INSUFFICIENT,8,0,0,False,0,0,False,INHERITED_RAW_PRICE_BASIS,False,False
2025-06-10|52790,2025-06-10,52790,10:00,13:35,155,PARTIAL,2,3,,,SCALE_INSUFFICIENT,,True,,,,SCALE_UNAVAILABLE,OBSERVATION_INSUFFICIENT,7,0,0,False,0,0,False,INHERITED_RAW_PRICE_BASIS,False,False
2025-06-10|52790,2025-06-10,52790,10:00,13:40,160,UNAVAILABLE,0,5,,,SCALE_INSUFFICIENT,,True,,,,CURRENT_BAR_UNAVAILABLE,OBSERVATION_INSUFFICIENT,5,0,0,False,0,0,False,INHERITED_RAW_PRICE_BASIS,False,False
2025-06-10|52790,2025-06-10,52790,10:00,13:45,165,PARTIAL,3,2,,,SCALE_INSUFFICIENT,,True,,,,SCALE_UNAVAILABLE,OBSERVATION_INSUFFICIENT,5,0,0,False,0,0,False,INHERITED_RAW_PRICE_BASIS,False,False
2025-06-10|52790,2025-06-10,52790,10:00,13:50,170,PARTIAL,2,3,,,SCALE_INSUFFICIENT,,True,,,,SCALE_UNAVAILABLE,OBSERVATION_INSUFFICIENT,5,0,0,False,0,0,False,INHERITED_RAW_PRICE_BASIS,False,False
2025-06-10|52790,2025-06-10,52790,10:00,13:55,175,PARTIAL,3,2,,,SCALE_INSUFFICIENT,,True,,,,SCALE_UNAVAILABLE,OBSERVATION_INSUFFICIENT,7,0,0,False,0,0,False,INHERITED_RAW_PRICE_BASIS,False,False
2025-06-10|52790,2025-06-10,52790,10:00,14:00,180,PARTIAL,2,3,,,SCALE_INSUFFICIENT,,True,,,,CURRENT_BAR_UNAVAILABLE,OBSERVATION_INSUFFICIENT,7,0,0,False,0,0,False,INHERITED_RAW_PRICE_BASIS,False,False
2025-06-10|52790,2025-06-10,52790,10:00,14:05,185,PARTIAL,1,4,,,SCALE_INSUFFICIENT,,True,,,,CURRENT_BAR_UNAVAILABLE,OBSERVATION_INSUFFICIENT,7,0,0,False,0,0,False,INHERITED_RAW_PRICE_BASIS,False,False
2025-06-10|52790,2025-06-10,52790,10:00,14:10,190,PARTIAL,2,3,,,SCALE_INSUFFICIENT,,True,,,,SCALE_UNAVAILABLE,OBSERVATION_INSUFFICIENT,9,0,0,False,0,0,False,INHERITED_RAW_PRICE_BASIS,False,False
2025-06-10|52790,2025-06-10,52790,10:00,14:15,195,PARTIAL,1,4,,,SCALE_INSUFFICIENT,,True,,,,CURRENT_BAR_UNAVAILABLE,OBSERVATION_INSUFFICIENT,10,0,0,False,0,0,False,INHERITED_RAW_PRICE_BASIS,False,False
2025-06-10|52790,2025-06-10,52790,10:00,14:20,200,UNAVAILABLE,0,5,,,SCALE_INSUFFICIENT,,True,,,,CURRENT_BAR_UNAVAILABLE,OBSERVATION_INSUFFICIENT,9,0,0,False,0,0,False,INHERITED_RAW_PRICE_BASIS,False,False
2025-06-10|52790,2025-06-10,52790,10:00,14:25,205,UNAVAILABLE,0,5,,,SCALE_INSUFFICIENT,,True,,,,CURRENT_BAR_UNAVAILABLE,OBSERVATION_INSUFFICIENT,9,0,0,False,0,0,False,INHERITED_RAW_PRICE_BASIS,False,False
2025-06-10|52790,2025-06-10,52790,10:00,14:30,210,PARTIAL,1,4,,,SCALE_INSUFFICIENT,,True,,,,CURRENT_BAR_UNAVAILABLE,OBSERVATION_INSUFFICIENT,10,0,0,False,0,0,False,INHERITED_RAW_PRICE_BASIS,False,False
2025-06-10|52790,2025-06-10,52790,10:00,14:35,215,UNAVAILABLE,0,5,,,SCALE_INSUFFICIENT,,True,,,,CURRENT_BAR_UNAVAILABLE,OBSERVATION_INSUFFICIENT,9,0,0,False,0,0,False,INHERITED_RAW_PRICE_BASIS,False,False
2025-06-10|52790,2025-06-10,52790,10:00,14:40,220,UNAVAILABLE,0,5,,,SCALE_INSUFFICIENT,,True,,,,CURRENT_BAR_UNAVAILABLE,OBSERVATION_INSUFFICIENT,9,0,0,False,0,0,False,INHERITED_RAW_PRICE_BASIS,False,False
2025-06-10|52790,2025-06-10,52790,10:00,14:45,225,PARTIAL,1,4,,,SCALE_INSUFFICIENT,,True,,,,CURRENT_BAR_UNAVAILABLE,OBSERVATION_INSUFFICIENT,8,0,0,False,0,0,False,INHERITED_RAW_PRICE_BASIS,False,False
2025-06-10|52790,2025-06-10,52790,10:00,14:50,230,UNAVAILABLE,0,5,,,SCALE_INSUFFICIENT,,True,,,,CURRENT_BAR_UNAVAILABLE,OBSERVATION_INSUFFICIENT,7,0,0,False,0,0,False,INHERITED_RAW_PRICE_BASIS,False,False
2025-06-10|52790,2025-06-10,52790,10:00,14:55,235,PARTIAL,2,3,,,SCALE_INSUFFICIENT,,True,,,,SCALE_UNAVAILABLE,OBSERVATION_INSUFFICIENT,9,0,0,False,0,0,False,INHERITED_RAW_PRICE_BASIS,False,False
2025-06-10|52790,2025-06-10,52790,10:00,15:00,240,PARTIAL,1,4,,,SCALE_INSUFFICIENT,,True,,,,CURRENT_BAR_UNAVAILABLE,OBSERVATION_INSUFFICIENT,10,0,0,False,0,0,False,INHERITED_RAW_PRICE_BASIS,False,False
2025-06-10|52790,2025-06-10,52790,10:00,15:05,245,UNAVAILABLE,0,5,,,SCALE_INSUFFICIENT,,True,,,,CURRENT_BAR_UNAVAILABLE,OBSERVATION_INSUFFICIENT,9,0,0,False,0,0,False,INHERITED_RAW_PRICE_BASIS,False,False
2025-06-10|52790,2025-06-10,52790,10:00,15:10,250,UNAVAILABLE,0,5,,,SCALE_INSUFFICIENT,,True,,,,CURRENT_BAR_UNAVAILABLE,OBSERVATION_INSUFFICIENT,8,0,0,False,0,0,False,INHERITED_RAW_PRICE_BASIS,False,False
2025-06-10|52790,2025-06-10,52790,10:00,15:15,255,PARTIAL,1,4,,,SCALE_INSUFFICIENT,,True,,,,CURRENT_BAR_UNAVAILABLE,OBSERVATION_INSUFFICIENT,9,0,0,False,0,0,False,INHERITED_RAW_PRICE_BASIS,False,False
2025-06-10|52790,2025-06-10,52790,10:00,15:20,260,PARTIAL,1,4,,,SCALE_INSUFFICIENT,,True,,,,CURRENT_BAR_UNAVAILABLE,RIGHT_CENSORED,5,0,0,False,0,0,False,INHERITED_RAW_PRICE_BASIS,False,False
2025-06-10|52790,2025-06-10,52790,10:00,15:25,265,UNAVAILABLE,0,5,,,SCALE_INSUFFICIENT,,True,,,,CURRENT_BAR_UNAVAILABLE,RIGHT_CENSORED,0,0,0,False,0,0,False,INHERITED_RAW_PRICE_BASIS,False,False
2025-06-10|56190,2025-06-10,56190,11:30,11:30,0,UNAVAILABLE,0,5,,,SCALE_INSUFFICIENT,,True,,,,CURRENT_BAR_UNAVAILABLE,OBSERVATION_INSUFFICIENT,8,0,0,False,0,0,False,INHERITED_RAW_PRICE_BASIS,False,False
2025-06-10|56190,2025-06-10,56190,11:30,12:35,5,PARTIAL,1,4,,,SCALE_INSUFFICIENT,,True,,,,CURRENT_BAR_UNAVAILABLE,OBSERVATION_INSUFFICIENT,9,0,0,False,0,0,False,INHERITED_RAW_PRICE_BASIS,False,False
2025-06-10|56190,2025-06-10,56190,11:30,12:40,10,PARTIAL,1,4,,,SCALE_INSUFFICIENT,,True,,,,CURRENT_BAR_UNAVAILABLE,OBSERVATION_INSUFFICIENT,10,0,0,False,0,0,False,INHERITED_RAW_PRICE_BASIS,False,False
2025-06-10|56190,2025-06-10,56190,11:30,12:45,15,UNAVAILABLE,0,5,,,SCALE_INSUFFICIENT,,True,,,,CURRENT_BAR_UNAVAILABLE,OBSERVATION_INSUFFICIENT,10,0,0,False,0,0,False,INHERITED_RAW_PRICE_BASIS,False,False
2025-06-10|56190,2025-06-10,56190,11:30,12:50,20,UNAVAILABLE,0,5,,,SCALE_INSUFFICIENT,,True,,,,CURRENT_BAR_UNAVAILABLE,OBSERVATION_INSUFFICIENT,10,0,0,False,0,0,False,INHERITED_RAW_PRICE_BASIS,False,False
2025-06-10|56190,2025-06-10,56190,11:30,12:55,25,UNAVAILABLE,0,5,,,SCALE_INSUFFICIENT,,True,,,,CURRENT_BAR_UNAVAILABLE,OBSERVATION_INSUFFICIENT,10,0,0,False,0,0,False,INHERITED_RAW_PRICE_BASIS,False,False
2025-06-10|56190,2025-06-10,56190,11:30,13:00,30,UNAVAILABLE,0,5,,,SCALE_INSUFFICIENT,,True,,,,CURRENT_BAR_UNAVAILABLE,OBSERVATION_INSUFFICIENT,10,0,0,False,0,0,False,INHERITED_RAW_PRICE_BASIS,False,False
2025-06-10|56190,2025-06-10,56190,11:30,13:05,35,UNAVAILABLE,0,5,,,SCALE_INSUFFICIENT,,True,,,,CURRENT_BAR_UNAVAILABLE,OBSERVATION_INSUFFICIENT,10,0,0,False,0,0,False,INHERITED_RAW_PRICE_BASIS,False,False
2025-06-10|56190,2025-06-10,56190,11:30,13:10,40,UNAVAILABLE,0,5,,,SCALE_INSUFFICIENT,,True,,,,CURRENT_BAR_UNAVAILABLE,OBSERVATION_INSUFFICIENT,9,0,0,False,0,0,False,INHERITED_RAW_PRICE_BASIS,False,False
2025-06-10|56190,2025-06-10,56190,11:30,13:15,45,UNAVAILABLE,0,5,,,SCALE_INSUFFICIENT,,True,,,,CURRENT_BAR_UNAVAILABLE,OBSERVATION_INSUFFICIENT,9,0,0,False,0,0,False,INHERITED_RAW_PRICE_BASIS,False,False
2025-06-10|56190,2025-06-10,56190,11:30,13:20,50,PARTIAL,1,4,,,SCALE_INSUFFICIENT,,True,,,,CURRENT_BAR_UNAVAILABLE,OBSERVATION_INSUFFICIENT,10,0,0,False,0,0,False,INHERITED_RAW_PRICE_BASIS,False,False
2025-06-10|56190,2025-06-10,56190,11:30,13:25,55,UNAVAILABLE,0,5,,,SCALE_INSUFFICIENT,,True,,,,CURRENT_BAR_UNAVAILABLE,OBSERVATION_INSUFFICIENT,10,0,0,False,0,0,False,INHERITED_RAW_PRICE_BASIS,False,False
2025-06-10|56190,2025-06-10,56190,11:30,13:30,60,UNAVAILABLE,0,5,,,SCALE_INSUFFICIENT,,True,,,,CURRENT_BAR_UNAVAILABLE,OBSERVATION_INSUFFICIENT,10,0,0,False,0,0,False,INHERITED_RAW_PRICE_BASIS,False,False
2025-06-10|56190,2025-06-10,56190,11:30,13:35,65,UNAVAILABLE,0,5,,,SCALE_INSUFFICIENT,,True,,,,CURRENT_BAR_UNAVAILABLE,OBSERVATION_INSUFFICIENT,10,0,0,False,0,0,False,INHERITED_RAW_PRICE_BASIS,False,False
2025-06-10|56190,2025-06-10,56190,11:30,13:40,70,UNAVAILABLE,0,5,,,SCALE_INSUFFICIENT,,True,,,,CURRENT_BAR_UNAVAILABLE,OBSERVATION_INSUFFICIENT,10,0,0,False,0,0,False,INHERITED_RAW_PRICE_BASIS,False,False
2025-06-10|56190,2025-06-10,56190,11:30,13:45,75,UNAVAILABLE,0,5,,,SCALE_INSUFFICIENT,,True,,,,CURRENT_BAR_UNAVAILABLE,OBSERVATION_INSUFFICIENT,9,0,0,False,0,0,False,INHERITED_RAW_PRICE_BASIS,False,False
2025-06-10|56190,2025-06-10,56190,11:30,13:50,80,UNAVAILABLE,0,5,,,SCALE_INSUFFICIENT,,True,,,,CURRENT_BAR_UNAVAILABLE,OBSERVATION_INSUFFICIENT,9,0,0,False,0,0,False,INHERITED_RAW_PRICE_BASIS,False,False
2025-06-10|56190,2025-06-10,56190,11:30,13:55,85,PARTIAL,1,4,,,SCALE_INSUFFICIENT,,True,,,,SCALE_UNAVAILABLE,OBSERVATION_INSUFFICIENT,10,0,0,False,0,0,False,INHERITED_RAW_PRICE_BASIS,False,False
2025-06-10|56190,2025-06-10,56190,11:30,14:00,90,UNAVAILABLE,0,5,,,SCALE_INSUFFICIENT,,True,,,,CURRENT_BAR_UNAVAILABLE,OBSERVATION_INSUFFICIENT,9,0,0,False,0,0,False,INHERITED_RAW_PRICE_BASIS,False,False
2025-06-10|56190,2025-06-10,56190,11:30,14:05,95,UNAVAILABLE,0,5,,,SCALE_INSUFFICIENT,,True,,,,CURRENT_BAR_UNAVAILABLE,OBSERVATION_INSUFFICIENT,9,0,0,False,0,0,False,INHERITED_RAW_PRICE_BASIS,False,False
2025-06-10|56190,2025-06-10,56190,11:30,14:10,100,PARTIAL,1,4,,,SCALE_INSUFFICIENT,,True,,,,CURRENT_BAR_UNAVAILABLE,OBSERVATION_INSUFFICIENT,10,0,0,False,0,0,False,INHERITED_RAW_PRICE_BASIS,False,False
2025-06-10|56190,2025-06-10,56190,11:30,14:15,105,UNAVAILABLE,0,5,,,SCALE_INSUFFICIENT,,True,,,,CURRENT_BAR_UNAVAILABLE,OBSERVATION_INSUFFICIENT,9,0,0,False,0,0,False,INHERITED_RAW_PRICE_BASIS,False,False
2025-06-10|56190,2025-06-10,56190,11:30,14:20,110,UNAVAILABLE,0,5,,,SCALE_INSUFFICIENT,,True,,,,CURRENT_BAR_UNAVAILABLE,OBSERVATION_INSUFFICIENT,9,0,0,False,0,0,False,INHERITED_RAW_PRICE_BASIS,False,False
2025-06-10|56190,2025-06-10,56190,11:30,14:25,115,PARTIAL,1,4,,,SCALE_INSUFFICIENT,,True,,,,SCALE_UNAVAILABLE,OBSERVATION_INSUFFICIENT,10,0,0,False,0,0,False,INHERITED_RAW_PRICE_BASIS,False,False
2025-06-10|56190,2025-06-10,56190,11:30,14:30,120,UNAVAILABLE,0,5,,,SCALE_INSUFFICIENT,,True,,,,CURRENT_BAR_UNAVAILABLE,OBSERVATION_INSUFFICIENT,10,0,0,False,0,0,False,INHERITED_RAW_PRICE_BASIS,False,False
2025-06-10|56190,2025-06-10,56190,11:30,14:35,125,UNAVAILABLE,0,5,,,SCALE_INSUFFICIENT,,True,,,,CURRENT_BAR_UNAVAILABLE,OBSERVATION_INSUFFICIENT,10,0,0,False,0,0,False,INHERITED_RAW_PRICE_BASIS,False,False
2025-06-10|56190,2025-06-10,56190,11:30,14:40,130,UNAVAILABLE,0,5,,,SCALE_INSUFFICIENT,,True,,,,CURRENT_BAR_UNAVAILABLE,OBSERVATION_INSUFFICIENT,10,0,0,False,0,0,False,INHERITED_RAW_PRICE_BASIS,False,False
2025-06-10|56190,2025-06-10,56190,11:30,14:45,135,UNAVAILABLE,0,5,,,SCALE_INSUFFICIENT,,True,,,,CURRENT_BAR_UNAVAILABLE,OBSERVATION_INSUFFICIENT,10,0,0,False,0,0,False,INHERITED_RAW_PRICE_BASIS,False,False
2025-06-10|56190,2025-06-10,56190,11:30,14:50,140,UNAVAILABLE,0,5,,,SCALE_INSUFFICIENT,,True,,,,CURRENT_BAR_UNAVAILABLE,OBSERVATION_INSUFFICIENT,8,0,0,False,0,0,False,INHERITED_RAW_PRICE_BASIS,False,False
2025-06-10|56190,2025-06-10,56190,11:30,14:55,145,UNAVAILABLE,0,5,,,SCALE_INSUFFICIENT,,True,,,,CURRENT_BAR_UNAVAILABLE,OBSERVATION_INSUFFICIENT,8,0,0,False,0,0,False,INHERITED_RAW_PRICE_BASIS,False,False
2025-06-10|56190,2025-06-10,56190,11:30,15:00,150,PARTIAL,2,3,,,SCALE_INSUFFICIENT,,True,,,,CURRENT_BAR_UNAVAILABLE,OBSERVATION_INSUFFICIENT,10,0,0,False,0,0,False,INHERITED_RAW_PRICE_BASIS,False,False
2025-06-10|56190,2025-06-10,56190,11:30,15:05,155,UNAVAILABLE,0,5,,,SCALE_INSUFFICIENT,,True,,,,CURRENT_BAR_UNAVAILABLE,OBSERVATION_INSUFFICIENT,9,0,0,False,0,0,False,INHERITED_RAW_PRICE_BASIS,False,False
2025-06-10|56190,2025-06-10,56190,11:30,15:10,160,UNAVAILABLE,0,5,,,SCALE_INSUFFICIENT,,True,,,,CURRENT_BAR_UNAVAILABLE,OBSERVATION_INSUFFICIENT,8,0,0,False,0,0,False,INHERITED_RAW_PRICE_BASIS,False,False
2025-06-10|56190,2025-06-10,56190,11:30,15:15,165,PARTIAL,1,4,,,SCALE_INSUFFICIENT,,True,,,,SCALE_UNAVAILABLE,OBSERVATION_INSUFFICIENT,8,0,0,False,0,0,False,INHERITED_RAW_PRICE_BASIS,False,False
2025-06-10|56190,2025-06-10,56190,11:30,15:20,170,PARTIAL,1,4,,,SCALE_INSUFFICIENT,,True,,,,CURRENT_BAR_UNAVAILABLE,RIGHT_CENSORED,4,0,0,False,0,1,False,INHERITED_RAW_PRICE_BASIS,False,False
2025-06-10|56190,2025-06-10,56190,11:30,15:25,175,PARTIAL,1,4,,,SCALE_INSUFFICIENT,,True,,,,SCALE_UNAVAILABLE,RIGHT_CENSORED,0,0,0,False,0,0,False,INHERITED_RAW_PRICE_BASIS,False,False
2025-06-10|57210,2025-06-10,57210,10:30,10:30,0,COMPLETE,5,0,DOWN,-1.5706806282722514,AVAILABLE,4.0,True,DOWN_STRUCTURE,,VOLUME_EXPANSION|TRADING_VALUE_EXPANSION,IDENTIFIED,WINDOW_OBSERVED,0,1,5,True,4,0,True,INHERITED_RAW_PRICE_BASIS,False,False
2025-06-10|57210,2025-06-10,57210,10:30,10:35,5,COMPLETE,5,0,UP,1.5957446808510638,AVAILABLE,4.0,True,DOWN_STRUCTURE,CORRECTION|RECOVERY,VOLUME_COMPRESSION|TRADING_VALUE_COMPRESSION,IDENTIFIED,WINDOW_OBSERVED,0,1,5,True,0,4,True,INHERITED_RAW_PRICE_BASIS,True,True
2025-06-10|57210,2025-06-10,57210,10:30,10:40,10,COMPLETE,5,0,UP,0.5235602094240838,AVAILABLE,4.0,True,DOWN_STRUCTURE,CORRECTION|RECOVERY,RANGE_COMPRESSION|VOLUME_COMPRESSION|TRADING_VALUE_COMPRESSION,IDENTIFIED,WINDOW_OBSERVED,0,0,5,True,0,0,True,INHERITED_RAW_PRICE_BASIS,True,False
2025-06-10|57210,2025-06-10,57210,10:30,10:45,15,COMPLETE,5,0,UP,2.094240837696335,AVAILABLE,4.0,True,DOWN_STRUCTURE,CORRECTION|RECOVERY,RANGE_EXPANSION|VOLUME_EXPANSION|TRADING_VALUE_EXPANSION,IDENTIFIED,WINDOW_OBSERVED,0,0,5,True,0,0,True,INHERITED_RAW_PRICE_BASIS,True,False
2025-06-10|57210,2025-06-10,57210,10:30,10:50,20,COMPLETE,5,0,DOWN,-1.5384615384615385,AVAILABLE,4.0,True,DOWN_STRUCTURE,CORRECTION|RECOVERY,VOLUME_COMPRESSION|TRADING_VALUE_COMPRESSION,IDENTIFIED,WINDOW_OBSERVED,0,0,5,True,0,0,True,INHERITED_RAW_PRICE_BASIS,True,False
2025-06-10|57210,2025-06-10,57210,10:30,10:55,25,COMPLETE,5,0,UP,0.5208333333333334,AVAILABLE,4.0,True,DOWN_STRUCTURE,CORRECTION|RECOVERY,RANGE_COMPRESSION,IDENTIFIED,WINDOW_OBSERVED,0,0,5,True,0,0,True,INHERITED_RAW_PRICE_BASIS,True,False
2025-06-10|57210,2025-06-10,57210,10:30,11:00,30,COMPLETE,5,0,UNCHANGED,0.0,AVAILABLE,4.0,True,DOWN_STRUCTURE,CORRECTION|RECOVERY,VOLUME_COMPRESSION|TRADING_VALUE_COMPRESSION,IDENTIFIED,WINDOW_OBSERVED,0,0,5,True,0,0,True,INHERITED_RAW_PRICE_BASIS,True,False
2025-06-10|57210,2025-06-10,57210,10:30,11:05,35,COMPLETE,5,0,UP,0.5181347150259067,AVAILABLE,4.0,True,DOWN_STRUCTURE,CORRECTION|RECOVERY,RANGE_EXPANSION|VOLUME_EXPANSION|TRADING_VALUE_EXPANSION,IDENTIFIED,WINDOW_OBSERVED,0,0,5,True,0,0,True,INHERITED_RAW_PRICE_BASIS,True,False
2025-06-10|57210,2025-06-10,57210,10:30,11:10,40,COMPLETE,5,0,UNCHANGED,0.0,AVAILABLE,4.0,True,DOWN_STRUCTURE,CORRECTION|RECOVERY,RANGE_COMPRESSION|VOLUME_COMPRESSION|TRADING_VALUE_COMPRESSION,IDENTIFIED,WINDOW_OBSERVED,0,0,5,True,0,0,True,INHERITED_RAW_PRICE_BASIS,True,False
2025-06-10|57210,2025-06-10,57210,10:30,11:15,45,COMPLETE,5,0,UNCHANGED,0.0,AVAILABLE,4.0,True,DOWN_STRUCTURE,PROGRESSION,RANGE_EXPANSION|VOLUME_EXPANSION|TRADING_VALUE_EXPANSION,IDENTIFIED,WINDOW_OBSERVED,0,1,6,True,0,1,True,INHERITED_RAW_PRICE_BASIS,True,True
2025-06-10|57210,2025-06-10,57210,10:30,11:20,50,COMPLETE,5,0,DOWN,-1.5463917525773196,AVAILABLE,4.0,True,DOWN_STRUCTURE,PROGRESSION,,IDENTIFIED,WINDOW_OBSERVED,0,0,6,True,0,0,True,INHERITED_RAW_PRICE_BASIS,True,False
2025-06-10|57210,2025-06-10,57210,10:30,11:25,55,COMPLETE,5,0,UP,1.0471204188481675,AVAILABLE,4.0,True,DOWN_STRUCTURE,PROGRESSION,RANGE_COMPRESSION|VOLUME_COMPRESSION|TRADING_VALUE_COMPRESSION,IDENTIFIED,WINDOW_OBSERVED,0,0,6,True,0,0,True,INHERITED_RAW_PRICE_BASIS,True,False
2025-06-10|57210,2025-06-10,57210,10:30,11:30,60,COMPLETE,5,0,UNCHANGED,0.0,AVAILABLE,4.0,True,DOWN_STRUCTURE,PROGRESSION,RANGE_COMPRESSION,IDENTIFIED,WINDOW_OBSERVED,0,0,6,True,0,0,True,INHERITED_RAW_PRICE_BASIS,True,False
2025-06-10|57210,2025-06-10,57210,10:30,12:35,65,COMPLETE,5,0,DOWN,-1.0416666666666667,AVAILABLE,4.0,True,DOWN_STRUCTURE,PROGRESSION,,IDENTIFIED,WINDOW_OBSERVED,0,1,1,True,0,0,True,INHERITED_RAW_PRICE_BASIS,True,False
2025-06-10|57210,2025-06-10,57210,10:30,12:40,70,COMPLETE,5,0,DOWN,-2.6315789473684212,AVAILABLE,4.0,True,DOWN_STRUCTURE,PROGRESSION,RANGE_EXPANSION|VOLUME_EXPANSION|TRADING_VALUE_EXPANSION,IDENTIFIED,WINDOW_OBSERVED,0,0,1,False,4,3,True,INHERITED_RAW_PRICE_BASIS,True,False
2025-06-10|57210,2025-06-10,57210,10:30,12:45,75,COMPLETE,5,0,UP,1.0869565217391304,AVAILABLE,4.0,True,DOWN_STRUCTURE,CORRECTION|RECOVERY,,IDENTIFIED,WINDOW_OBSERVED,0,1,2,False,3,1,True,INHERITED_RAW_PRICE_BASIS,True,True
2025-06-10|57210,2025-06-10,57210,10:30,12:50,80,COMPLETE,5,0,UP,1.075268817204301,AVAILABLE,4.0,True,DOWN_STRUCTURE,CORRECTION|RECOVERY,RANGE_COMPRESSION|VOLUME_COMPRESSION|TRADING_VALUE_COMPRESSION,IDENTIFIED,WINDOW_OBSERVED,0,0,2,False,0,0,True,INHERITED_RAW_PRICE_BASIS,True,False
2025-06-10|57210,2025-06-10,57210,10:30,12:55,85,COMPLETE,5,0,DOWN,-0.5319148936170213,AVAILABLE,4.0,True,DOWN_STRUCTURE,CORRECTION|RECOVERY,RANGE_COMPRESSION|VOLUME_COMPRESSION|TRADING_VALUE_COMPRESSION,IDENTIFIED,WINDOW_OBSERVED,0,0,2,False,0,2,True,INHERITED_RAW_PRICE_BASIS,True,False
2025-06-10|57210,2025-06-10,57210,10:30,13:00,90,COMPLETE,5,0,UP,2.127659574468085,AVAILABLE,4.0,True,DOWN_STRUCTURE,CORRECTION,RANGE_EXPANSION|VOLUME_EXPANSION|TRADING_VALUE_EXPANSION,IDENTIFIED,WINDOW_OBSERVED,0,0,2,False,3,3,True,INHERITED_RAW_PRICE_BASIS,True,True
2025-06-10|57210,2025-06-10,57210,10:30,13:05,95,COMPLETE,5,0,UNCHANGED,0.0,AVAILABLE,4.0,True,DOWN_STRUCTURE,CORRECTION,RANGE_COMPRESSION,IDENTIFIED,WINDOW_OBSERVED,0,0,2,False,0,0,True,INHERITED_RAW_PRICE_BASIS,True,False
2025-06-10|57210,2025-06-10,57210,10:30,13:10,100,COMPLETE,5,0,UP,1.0471204188481675,AVAILABLE,4.0,True,DOWN_STRUCTURE,CORRECTION,RANGE_EXPANSION,IDENTIFIED,WINDOW_OBSERVED,0,0,2,False,0,0,True,INHERITED_RAW_PRICE_BASIS,True,False
2025-06-10|57210,2025-06-10,57210,10:30,13:15,105,COMPLETE,5,0,DOWN,-1.5544041450777202,AVAILABLE,4.0,True,DOWN_STRUCTURE,PROGRESSION,RANGE_EXPANSION,IDENTIFIED,WINDOW_OBSERVED,0,0,3,False,1,1,True,INHERITED_RAW_PRICE_BASIS,True,True
2025-06-10|57210,2025-06-10,57210,10:30,13:20,110,COMPLETE,5,0,DOWN,-2.1052631578947367,AVAILABLE,4.0,True,DOWN_STRUCTURE,PROGRESSION,RANGE_COMPRESSION,IDENTIFIED,WINDOW_OBSERVED,0,0,3,False,2,2,True,INHERITED_RAW_PRICE_BASIS,True,False
2025-06-10|57210,2025-06-10,57210,10:30,13:25,115,COMPLETE,5,0,DOWN,-1.0695187165775402,AVAILABLE,4.0,True,UP_STRUCTURE,RECOVERY,,IDENTIFIED,WINDOW_OBSERVED,0,1,4,False,0,0,True,INHERITED_RAW_PRICE_BASIS,True,True
2025-06-10|57210,2025-06-10,57210,10:30,13:30,120,COMPLETE,5,0,UP,1.0869565217391304,AVAILABLE,4.0,True,UP_STRUCTURE,RECOVERY,RANGE_COMPRESSION|VOLUME_COMPRESSION|TRADING_VALUE_COMPRESSION,IDENTIFIED,WINDOW_OBSERVED,0,1,4,False,0,0,True,INHERITED_RAW_PRICE_BASIS,True,False
2025-06-10|57210,2025-06-10,57210,10:30,13:35,125,COMPLETE,5,0,UP,0.5347593582887701,AVAILABLE,4.0,True,UP_STRUCTURE,RECOVERY,CHOPPINESS,IDENTIFIED,WINDOW_OBSERVED,0,0,4,False,2,2,True,INHERITED_RAW_PRICE_BASIS,True,False
2025-06-10|57210,2025-06-10,57210,10:30,13:40,130,COMPLETE,5,0,DOWN,-0.5319148936170213,AVAILABLE,4.0,True,UP_STRUCTURE,RECOVERY,,IDENTIFIED,WINDOW_OBSERVED,0,0,4,False,2,2,True,INHERITED_RAW_PRICE_BASIS,True,False
2025-06-10|57210,2025-06-10,57210,10:30,13:45,135,COMPLETE,5,0,DOWN,-0.5347593582887701,AVAILABLE,4.0,True,UP_STRUCTURE,RECOVERY,VOLUME_EXPANSION|TRADING_VALUE_EXPANSION,IDENTIFIED,WINDOW_OBSERVED,0,0,4,True,0,2,True,INHERITED_RAW_PRICE_BASIS,True,False
2025-06-10|57210,2025-06-10,57210,10:30,13:50,140,COMPLETE,5,0,UNCHANGED,0.0,AVAILABLE,4.0,True,UP_STRUCTURE,CORRECTION,RANGE_COMPRESSION|VOLUME_COMPRESSION|TRADING_VALUE_COMPRESSION,IDENTIFIED,WINDOW_OBSERVED,0,1,5,True,0,0,True,INHERITED_RAW_PRICE_BASIS,True,True
2025-06-10|57210,2025-06-10,57210,10:30,13:55,145,COMPLETE,5,0,DOWN,-0.5376344086021505,AVAILABLE,4.0,True,UP_STRUCTURE,CORRECTION,RANGE_EXPANSION|VOLUME_EXPANSION|TRADING_VALUE_EXPANSION,IDENTIFIED,WINDOW_OBSERVED,0,1,5,True,0,0,True,INHERITED_RAW_PRICE_BASIS,True,False
2025-06-10|57210,2025-06-10,57210,10:30,14:00,150,COMPLETE,5,0,DOWN,-1.0869565217391304,AVAILABLE,4.0,True,,RESTRUCTURING,RANGE_EXPANSION|VOLUME_EXPANSION|TRADING_VALUE_EXPANSION,UNRESOLVED_STRUCTURE,WINDOW_OBSERVED,0,0,5,False,2,2,True,INHERITED_RAW_PRICE_BASIS,True,True
2025-06-10|57210,2025-06-10,57210,10:30,14:05,155,COMPLETE,5,0,UP,0.5494505494505495,AVAILABLE,4.0,True,,RESTRUCTURING,RANGE_COMPRESSION|VOLUME_COMPRESSION|TRADING_VALUE_COMPRESSION,UNRESOLVED_STRUCTURE,WINDOW_OBSERVED,0,0,5,False,0,0,True,INHERITED_RAW_PRICE_BASIS,True,False
2025-06-10|57210,2025-06-10,57210,10:30,14:10,160,COMPLETE,5,0,UP,1.098901098901099,AVAILABLE,4.0,True,DOWN_STRUCTURE,PROGRESSION,RANGE_EXPANSION|VOLUME_EXPANSION|TRADING_VALUE_EXPANSION,IDENTIFIED,WINDOW_OBSERVED,0,1,7,True,1,2,True,INHERITED_RAW_PRICE_BASIS,True,True
2025-06-10|57210,2025-06-10,57210,10:30,14:15,165,COMPLETE,5,0,DOWN,-1.092896174863388,AVAILABLE,4.0,True,DOWN_STRUCTURE,PROGRESSION,,IDENTIFIED,WINDOW_OBSERVED,0,0,7,True,3,0,True,INHERITED_RAW_PRICE_BASIS,True,False
2025-06-10|57210,2025-06-10,57210,10:30,14:20,170,COMPLETE,5,0,DOWN,-1.1049723756906078,AVAILABLE,4.0,True,DOWN_STRUCTURE,PROGRESSION,VOLUME_EXPANSION|TRADING_VALUE_EXPANSION,IDENTIFIED,WINDOW_OBSERVED,0,0,7,False,1,3,True,INHERITED_RAW_PRICE_BASIS,True,False
2025-06-10|57210,2025-06-10,57210,10:30,14:25,175,COMPLETE,5,0,UP,1.1235955056179776,AVAILABLE,4.0,True,DOWN_STRUCTURE,PROGRESSION,,IDENTIFIED,WINDOW_OBSERVED,0,0,7,False,1,1,True,INHERITED_RAW_PRICE_BASIS,True,False
2025-06-10|57210,2025-06-10,57210,10:30,14:30,180,COMPLETE,5,0,UNCHANGED,0.0,AVAILABLE,4.0,True,DOWN_STRUCTURE,PROGRESSION,CHOPPINESS|RANGE_COMPRESSION|VOLUME_COMPRESSION|TRADING_VALUE_COMPRESSION,IDENTIFIED,WINDOW_OBSERVED,0,0,7,True,0,0,True,INHERITED_RAW_PRICE_BASIS,True,False
2025-06-10|57210,2025-06-10,57210,10:30,14:35,185,COMPLETE,5,0,DOWN,-1.1111111111111112,AVAILABLE,4.0,True,DOWN_STRUCTURE,PROGRESSION,VOLUME_COMPRESSION|TRADING_VALUE_COMPRESSION,IDENTIFIED,WINDOW_OBSERVED,0,0,7,True,0,0,True,INHERITED_RAW_PRICE_BASIS,True,False
2025-06-10|57210,2025-06-10,57210,10:30,14:40,190,COMPLETE,5,0,UP,2.247191011235955,AVAILABLE,4.0,True,DOWN_STRUCTURE,CORRECTION|RECOVERY,RANGE_EXPANSION|VOLUME_EXPANSION|TRADING_VALUE_EXPANSION,IDENTIFIED,WINDOW_OBSERVED,0,0,8,True,1,4,True,INHERITED_RAW_PRICE_BASIS,True,True
2025-06-10|57210,2025-06-10,57210,10:30,14:45,195,COMPLETE,5,0,UNCHANGED,0.0,AVAILABLE,4.0,True,DOWN_STRUCTURE,CORRECTION|RECOVERY,RANGE_COMPRESSION|VOLUME_COMPRESSION|TRADING_VALUE_COMPRESSION,IDENTIFIED,WINDOW_OBSERVED,0,0,8,True,0,0,True,INHERITED_RAW_PRICE_BASIS,True,False
2025-06-10|57210,2025-06-10,57210,10:30,14:50,200,COMPLETE,5,0,UP,1.639344262295082,AVAILABLE,4.0,True,,RESTRUCTURING,RANGE_EXPANSION,UNRESOLVED_STRUCTURE,WINDOW_OBSERVED,0,0,8,False,2,2,True,INHERITED_RAW_PRICE_BASIS,True,True
2025-06-10|57210,2025-06-10,57210,10:30,14:55,205,COMPLETE,5,0,UP,0.5376344086021505,AVAILABLE,4.0,True,,RESTRUCTURING,CHOPPINESS|RANGE_COMPRESSION|TRADING_VALUE_EXPANSION,UNRESOLVED_STRUCTURE,WINDOW_OBSERVED,0,0,8,False,0,4,True,INHERITED_RAW_PRICE_BASIS,True,False
2025-06-10|57210,2025-06-10,57210,10:30,15:00,210,COMPLETE,5,0,UP,2.127659574468085,AVAILABLE,4.0,True,,RESTRUCTURING,RANGE_EXPANSION,UNRESOLVED_STRUCTURE,WINDOW_OBSERVED,0,0,8,False,2,2,True,INHERITED_RAW_PRICE_BASIS,True,False
2025-06-10|57210,2025-06-10,57210,10:30,15:05,215,COMPLETE,5,0,DOWN,-1.5625,AVAILABLE,4.0,True,,RESTRUCTURING,RANGE_COMPRESSION,UNRESOLVED_STRUCTURE,WINDOW_OBSERVED,0,1,9,False,0,0,True,INHERITED_RAW_PRICE_BASIS,True,False
2025-06-10|57210,2025-06-10,57210,10:30,15:10,220,COMPLETE,5,0,UNCHANGED,0.0,AVAILABLE,4.0,True,,RESTRUCTURING,VOLUME_EXPANSION|TRADING_VALUE_EXPANSION,UNRESOLVED_STRUCTURE,WINDOW_OBSERVED,0,1,9,False,0,0,True,INHERITED_RAW_PRICE_BASIS,True,False
2025-06-10|57210,2025-06-10,57210,10:30,15:15,225,COMPLETE,5,0,UNCHANGED,0.0,AVAILABLE,4.0,True,UP_STRUCTURE,RECOVERY,VOLUME_COMPRESSION|TRADING_VALUE_COMPRESSION,IDENTIFIED,WINDOW_OBSERVED,0,1,10,False,4,4,True,INHERITED_RAW_PRICE_BASIS,True,True
2025-06-10|57210,2025-06-10,57210,10:30,15:20,230,COMPLETE,5,0,DOWN,-1.0582010582010581,AVAILABLE,4.0,True,UP_STRUCTURE,,,IDENTIFIED,RIGHT_CENSORED,0,1,10,True,4,2,True,INHERITED_RAW_PRICE_BASIS,True,True
2025-06-10|57210,2025-06-10,57210,10:30,15:25,235,COMPLETE,5,0,UP,2.127659574468085,AVAILABLE,4.0,True,UP_STRUCTURE,PROGRESSION,RANGE_EXPANSION,IDENTIFIED,RIGHT_CENSORED,0,0,10,True,1,2,True,INHERITED_RAW_PRICE_BASIS,True,True
2025-06-10|57240,2025-06-10,57240,15:00,15:00,0,PARTIAL,3,2,,,AVAILABLE,12.5,True,,,,UNRESOLVED_STRUCTURE,OBSERVATION_INSUFFICIENT,4,0,0,False,0,0,False,INHERITED_RAW_PRICE_BASIS,False,False
2025-06-10|57240,2025-06-10,57240,15:00,15:05,5,PARTIAL,4,1,,,AVAILABLE,12.5,True,,,,UNRESOLVED_STRUCTURE,OBSERVATION_INSUFFICIENT,4,0,0,False,0,0,False,INHERITED_RAW_PRICE_BASIS,False,False
2025-06-10|57240,2025-06-10,57240,15:00,15:10,10,PARTIAL,2,3,,,AVAILABLE,12.5,True,,,,UNRESOLVED_STRUCTURE,OBSERVATION_INSUFFICIENT,1,0,0,False,0,0,False,INHERITED_RAW_PRICE_BASIS,False,False
2025-06-10|57240,2025-06-10,57240,15:00,15:15,15,PARTIAL,4,1,,,AVAILABLE,12.5,True,,,,UNRESOLVED_STRUCTURE,WINDOW_OBSERVED,0,1,1,False,0,0,False,INHERITED_RAW_PRICE_BASIS,False,False
2025-06-10|57240,2025-06-10,57240,15:00,15:20,20,COMPLETE,5,0,DOWN,-0.5025125628140703,AVAILABLE,12.5,True,,,,UNRESOLVED_STRUCTURE,RIGHT_CENSORED,0,1,1,False,0,0,False,INHERITED_RAW_PRICE_BASIS,False,False
2025-06-10|57240,2025-06-10,57240,15:00,15:25,25,COMPLETE,5,0,UP,0.5897219882055602,AVAILABLE,12.5,True,,RECOVERY,CHOPPINESS|RANGE_EXPANSION|VOLUME_EXPANSION|TRADING_VALUE_EXPANSION,UNRESOLVED_STRUCTURE,RIGHT_CENSORED,0,0,2,False,3,4,True,INHERITED_RAW_PRICE_BASIS,True,True
2025-06-10|58170,2025-06-10,58170,11:00,11:00,0,PARTIAL,2,3,,,SCALE_INSUFFICIENT,,True,,,,CURRENT_BAR_UNAVAILABLE,OBSERVATION_INSUFFICIENT,3,0,0,False,0,0,False,INHERITED_RAW_PRICE_BASIS,False,False
2025-06-10|58170,2025-06-10,58170,11:00,11:05,5,PARTIAL,3,2,,,SCALE_INSUFFICIENT,,True,,,,CURRENT_BAR_UNAVAILABLE,OBSERVATION_INSUFFICIENT,2,0,0,False,0,0,False,INHERITED_RAW_PRICE_BASIS,False,False
2025-06-10|58170,2025-06-10,58170,11:00,11:10,10,PARTIAL,4,1,,,SCALE_INSUFFICIENT,,True,,,,SCALE_UNAVAILABLE,OBSERVATION_INSUFFICIENT,2,0,0,False,0,0,False,INHERITED_RAW_PRICE_BASIS,False,False
2025-06-10|58170,2025-06-10,58170,11:00,11:15,15,PARTIAL,4,1,,,SCALE_INSUFFICIENT,,True,,,,SCALE_UNAVAILABLE,OBSERVATION_INSUFFICIENT,2,0,0,False,0,0,False,INHERITED_RAW_PRICE_BASIS,False,False
2025-06-10|58170,2025-06-10,58170,11:00,11:20,20,PARTIAL,4,1,,,SCALE_INSUFFICIENT,,True,,,,SCALE_UNAVAILABLE,OBSERVATION_INSUFFICIENT,2,0,0,False,0,0,False,INHERITED_RAW_PRICE_BASIS,False,False
2025-06-10|58170,2025-06-10,58170,11:00,11:25,25,PARTIAL,4,1,,,SCALE_INSUFFICIENT,,True,,,,SCALE_UNAVAILABLE,OBSERVATION_INSUFFICIENT,6,0,0,False,0,0,False,INHERITED_RAW_PRICE_BASIS,False,False
2025-06-10|58170,2025-06-10,58170,11:00,11:30,30,PARTIAL,4,1,,,SCALE_INSUFFICIENT,,True,,,,SCALE_UNAVAILABLE,OBSERVATION_INSUFFICIENT,10,0,0,False,0,0,False,INHERITED_RAW_PRICE_BASIS,False,False
2025-06-10|58170,2025-06-10,58170,11:00,12:35,35,UNAVAILABLE,0,5,,,SCALE_INSUFFICIENT,,True,,,,CURRENT_BAR_UNAVAILABLE,OBSERVATION_INSUFFICIENT,10,0,0,False,0,0,False,INHERITED_RAW_PRICE_BASIS,False,False
2025-06-10|58170,2025-06-10,58170,11:00,12:40,40,UNAVAILABLE,0,5,,,SCALE_INSUFFICIENT,,True,,,,CURRENT_BAR_UNAVAILABLE,OBSERVATION_INSUFFICIENT,8,0,0,False,0,0,False,INHERITED_RAW_PRICE_BASIS,False,False
2025-06-10|58170,2025-06-10,58170,11:00,12:45,45,UNAVAILABLE,0,5,,,SCALE_INSUFFICIENT,,True,,,,CURRENT_BAR_UNAVAILABLE,OBSERVATION_INSUFFICIENT,3,0,0,False,0,0,False,INHERITED_RAW_PRICE_BASIS,False,False
2025-06-10|58170,2025-06-10,58170,11:00,12:50,50,PARTIAL,2,3,,,SCALE_INSUFFICIENT,,True,,,,SCALE_UNAVAILABLE,WINDOW_OBSERVED,0,0,0,False,2,2,False,INHERITED_RAW_PRICE_BASIS,False,False
2025-06-10|58170,2025-06-10,58170,11:00,12:55,55,COMPLETE,5,0,UP,1.9607843137254901,SCALE_INSUFFICIENT,,True,,,,SCALE_UNAVAILABLE,WINDOW_OBSERVED,0,0,0,False,0,1,False,INHERITED_RAW_PRICE_BASIS,False,False
2025-06-10|58170,2025-06-10,58170,11:00,13:00,60,COMPLETE,5,0,UP,0.5758157389635317,SCALE_INSUFFICIENT,,True,,,VOLUME_COMPRESSION,SCALE_UNAVAILABLE,OBSERVATION_INSUFFICIENT,1,0,0,False,0,0,False,INHERITED_RAW_PRICE_BASIS,True,False
2025-06-10|58170,2025-06-10,58170,11:00,13:05,65,COMPLETE,5,0,DOWN,-1.1538461538461537,SCALE_INSUFFICIENT,,True,,,,SCALE_UNAVAILABLE,OBSERVATION_INSUFFICIENT,2,0,0,False,0,0,False,INHERITED_RAW_PRICE_BASIS,True,False
2025-06-10|58170,2025-06-10,58170,11:00,13:10,70,PARTIAL,4,1,,,SCALE_INSUFFICIENT,,True,,,,SCALE_UNAVAILABLE,OBSERVATION_INSUFFICIENT,3,0,0,False,0,0,False,INHERITED_RAW_PRICE_BASIS,False,False
2025-06-10|58170,2025-06-10,58170,11:00,13:15,75,PARTIAL,4,1,,,SCALE_INSUFFICIENT,,True,,,,SCALE_UNAVAILABLE,OBSERVATION_INSUFFICIENT,3,0,0,False,0,0,False,INHERITED_RAW_PRICE_BASIS,False,False
2025-06-10|58170,2025-06-10,58170,11:00,13:20,80,PARTIAL,3,2,,,SCALE_INSUFFICIENT,,True,,,,SCALE_UNAVAILABLE,OBSERVATION_INSUFFICIENT,4,0,0,False,0,0,False,INHERITED_RAW_PRICE_BASIS,False,False
2025-06-10|58170,2025-06-10,58170,11:00,13:25,85,PARTIAL,4,1,,,SCALE_INSUFFICIENT,,True,,,,SCALE_UNAVAILABLE,OBSERVATION_INSUFFICIENT,6,0,0,False,0,0,False,INHERITED_RAW_PRICE_BASIS,False,False
2025-06-10|58170,2025-06-10,58170,11:00,13:30,90,PARTIAL,2,3,,,SCALE_INSUFFICIENT,,True,,,,CURRENT_BAR_UNAVAILABLE,OBSERVATION_INSUFFICIENT,3,0,0,False,0,0,False,INHERITED_RAW_PRICE_BASIS,False,False
2025-06-10|58170,2025-06-10,58170,11:00,13:35,95,PARTIAL,2,3,,,SCALE_INSUFFICIENT,,True,,,,SCALE_UNAVAILABLE,OBSERVATION_INSUFFICIENT,1,0,0,False,0,0,False,INHERITED_RAW_PRICE_BASIS,False,False
2025-06-10|58170,2025-06-10,58170,11:00,13:40,100,COMPLETE,5,0,DOWN,-2.131782945736434,SCALE_INSUFFICIENT,,True,,,,SCALE_UNAVAILABLE,OBSERVATION_INSUFFICIENT,1,0,0,False,1,1,False,INHERITED_RAW_PRICE_BASIS,False,False
2025-06-10|58170,2025-06-10,58170,11:00,13:45,105,PARTIAL,4,1,,,SCALE_INSUFFICIENT,,True,,,,SCALE_UNAVAILABLE,WINDOW_OBSERVED,0,0,0,False,0,1,False,INHERITED_RAW_PRICE_BASIS,False,False
2025-06-10|58170,2025-06-10,58170,11:00,13:50,110,COMPLETE,5,0,DOWN,-0.5964214711729622,SCALE_INSUFFICIENT,,True,,,,SCALE_UNAVAILABLE,WINDOW_OBSERVED,0,0,0,False,1,2,False,INHERITED_RAW_PRICE_BASIS,False,False
2025-06-10|58170,2025-06-10,58170,11:00,13:55,115,COMPLETE,5,0,DOWN,-1.1976047904191616,SCALE_INSUFFICIENT,,True,,,VOLUME_COMPRESSION|TRADING_VALUE_COMPRESSION,SCALE_UNAVAILABLE,OBSERVATION_INSUFFICIENT,2,0,0,False,1,3,False,INHERITED_RAW_PRICE_BASIS,True,False
2025-06-10|58170,2025-06-10,58170,11:00,14:00,120,COMPLETE,5,0,UP,0.20080321285140562,SCALE_INSUFFICIENT,,True,,,RANGE_COMPRESSION|VOLUME_COMPRESSION|TRADING_VALUE_COMPRESSION,SCALE_UNAVAILABLE,OBSERVATION_INSUFFICIENT,6,0,0,False,0,1,False,INHERITED_RAW_PRICE_BASIS,True,False
2025-06-10|58170,2025-06-10,58170,11:00,14:05,125,PARTIAL,3,2,,,SCALE_INSUFFICIENT,,True,,,,SCALE_UNAVAILABLE,OBSERVATION_INSUFFICIENT,6,0,0,False,0,0,False,INHERITED_RAW_PRICE_BASIS,False,False
2025-06-10|58170,2025-06-10,58170,11:00,14:10,130,PARTIAL,1,4,,,SCALE_INSUFFICIENT,,True,,,,CURRENT_BAR_UNAVAILABLE,OBSERVATION_INSUFFICIENT,2,0,0,False,0,0,False,INHERITED_RAW_PRICE_BASIS,False,False
2025-06-10|58170,2025-06-10,58170,11:00,14:15,135,PARTIAL,3,2,,,SCALE_INSUFFICIENT,,True,,,,CURRENT_BAR_UNAVAILABLE,WINDOW_OBSERVED,0,0,0,False,0,0,False,INHERITED_RAW_PRICE_BASIS,False,False
2025-06-10|58170,2025-06-10,58170,11:00,14:20,140,COMPLETE,5,0,UP,0.4,SCALE_INSUFFICIENT,,True,,,,SCALE_UNAVAILABLE,WINDOW_OBSERVED,0,0,0,False,0,0,False,INHERITED_RAW_PRICE_BASIS,False,False
2025-06-10|58170,2025-06-10,58170,11:00,14:25,145,COMPLETE,5,0,UNCHANGED,0.0,SCALE_INSUFFICIENT,,True,,,VOLUME_EXPANSION|TRADING_VALUE_EXPANSION,SCALE_UNAVAILABLE,OBSERVATION_INSUFFICIENT,2,0,0,False,0,0,False,INHERITED_RAW_PRICE_BASIS,True,False
2025-06-10|58170,2025-06-10,58170,11:00,14:30,150,COMPLETE,5,0,DOWN,-0.3992015968063872,SCALE_INSUFFICIENT,,True,,,RANGE_EXPANSION|VOLUME_EXPANSION|TRADING_VALUE_EXPANSION,SCALE_UNAVAILABLE,OBSERVATION_INSUFFICIENT,3,0,0,False,0,0,False,INHERITED_RAW_PRICE_BASIS,True,False
2025-06-10|58170,2025-06-10,58170,11:00,14:35,155,PARTIAL,3,2,,,SCALE_INSUFFICIENT,,True,,,,SCALE_UNAVAILABLE,OBSERVATION_INSUFFICIENT,1,0,0,False,0,0,False,INHERITED_RAW_PRICE_BASIS,False,False
2025-06-10|58170,2025-06-10,58170,11:00,14:40,160,PARTIAL,4,1,,,SCALE_INSUFFICIENT,,True,,,,CURRENT_BAR_UNAVAILABLE,WINDOW_OBSERVED,0,0,0,False,0,0,False,INHERITED_RAW_PRICE_BASIS,False,False
2025-06-10|58170,2025-06-10,58170,11:00,14:45,165,COMPLETE,5,0,UNCHANGED,0.0,SCALE_INSUFFICIENT,,True,,,,SCALE_UNAVAILABLE,WINDOW_OBSERVED,0,0,0,False,0,0,False,INHERITED_RAW_PRICE_BASIS,False,False
2025-06-10|58170,2025-06-10,58170,11:00,14:50,170,COMPLETE,5,0,UNCHANGED,0.0,SCALE_INSUFFICIENT,,True,,,RANGE_COMPRESSION|VOLUME_COMPRESSION|TRADING_VALUE_COMPRESSION,SCALE_UNAVAILABLE,WINDOW_OBSERVED,0,0,0,False,0,0,False,INHERITED_RAW_PRICE_BASIS,True,False
2025-06-10|58170,2025-06-10,58170,11:00,14:55,175,COMPLETE,5,0,DOWN,-1.4056224899598393,SCALE_INSUFFICIENT,,True,,,RANGE_EXPANSION|VOLUME_EXPANSION|TRADING_VALUE_EXPANSION,SCALE_UNAVAILABLE,OBSERVATION_INSUFFICIENT,2,0,0,False,1,1,False,INHERITED_RAW_PRICE_BASIS,True,False
2025-06-10|58170,2025-06-10,58170,11:00,15:00,180,COMPLETE,5,0,UNCHANGED,0.0,SCALE_INSUFFICIENT,,True,,,RANGE_COMPRESSION,SCALE_UNAVAILABLE,OBSERVATION_INSUFFICIENT,3,0,0,False,0,2,False,INHERITED_RAW_PRICE_BASIS,True,False
2025-06-10|58170,2025-06-10,58170,11:00,15:05,185,PARTIAL,3,2,,,SCALE_INSUFFICIENT,,True,,,,CURRENT_BAR_UNAVAILABLE,OBSERVATION_INSUFFICIENT,2,0,0,False,0,0,False,INHERITED_RAW_PRICE_BASIS,False,False
2025-06-10|58170,2025-06-10,58170,11:00,15:10,190,PARTIAL,4,1,,,SCALE_INSUFFICIENT,,True,,,,SCALE_UNAVAILABLE,OBSERVATION_INSUFFICIENT,1,0,0,False,0,0,False,INHERITED_RAW_PRICE_BASIS,False,False
2025-06-10|58170,2025-06-10,58170,11:00,15:15,195,PARTIAL,4,1,,,SCALE_INSUFFICIENT,,True,,,,SCALE_UNAVAILABLE,OBSERVATION_INSUFFICIENT,1,0,0,False,0,0,False,INHERITED_RAW_PRICE_BASIS,False,False
2025-06-10|58170,2025-06-10,58170,11:00,15:20,200,COMPLETE,5,0,DOWN,-0.6085192697768763,SCALE_INSUFFICIENT,,True,,,,SCALE_UNAVAILABLE,RIGHT_CENSORED,1,0,0,False,0,0,False,INHERITED_RAW_PRICE_BASIS,False,False
2025-06-10|58170,2025-06-10,58170,11:00,15:25,205,PARTIAL,4,1,,,SCALE_INSUFFICIENT,,True,,,,CURRENT_BAR_UNAVAILABLE,RIGHT_CENSORED,0,0,0,False,0,0,False,INHERITED_RAW_PRICE_BASIS,False,False
2025-06-10|65450,2025-06-10,65450,11:30,11:30,0,UNAVAILABLE,0,5,,,SCALE_INSUFFICIENT,,True,,,,CURRENT_BAR_UNAVAILABLE,OBSERVATION_INSUFFICIENT,8,0,0,False,0,0,False,INHERITED_RAW_PRICE_BASIS,False,False
2025-06-10|65450,2025-06-10,65450,11:30,12:35,5,PARTIAL,2,3,,,SCALE_INSUFFICIENT,,True,,,,CURRENT_BAR_UNAVAILABLE,OBSERVATION_INSUFFICIENT,10,0,0,False,0,0,False,INHERITED_RAW_PRICE_BASIS,False,False
2025-06-10|65450,2025-06-10,65450,11:30,12:40,10,UNAVAILABLE,0,5,,,SCALE_INSUFFICIENT,,True,,,,CURRENT_BAR_UNAVAILABLE,OBSERVATION_INSUFFICIENT,9,0,0,False,0,0,False,INHERITED_RAW_PRICE_BASIS,False,False
2025-06-10|65450,2025-06-10,65450,11:30,12:45,15,UNAVAILABLE,0,5,,,SCALE_INSUFFICIENT,,True,,,,CURRENT_BAR_UNAVAILABLE,OBSERVATION_INSUFFICIENT,9,0,0,False,0,0,False,INHERITED_RAW_PRICE_BASIS,False,False
2025-06-10|65450,2025-06-10,65450,11:30,12:50,20,PARTIAL,1,4,,,SCALE_INSUFFICIENT,,True,,,,CURRENT_BAR_UNAVAILABLE,OBSERVATION_INSUFFICIENT,8,0,0,False,0,0,False,INHERITED_RAW_PRICE_BASIS,False,False
2025-06-10|65450,2025-06-10,65450,11:30,12:55,25,UNAVAILABLE,0,5,,,SCALE_INSUFFICIENT,,True,,,,CURRENT_BAR_UNAVAILABLE,OBSERVATION_INSUFFICIENT,7,0,0,False,0,0,False,INHERITED_RAW_PRICE_BASIS,False,False
2025-06-10|65450,2025-06-10,65450,11:30,13:00,30,PARTIAL,2,3,,,SCALE_INSUFFICIENT,,True,,,,CURRENT_BAR_UNAVAILABLE,OBSERVATION_INSUFFICIENT,9,0,0,False,0,0,False,INHERITED_RAW_PRICE_BASIS,False,False
2025-06-10|65450,2025-06-10,65450,11:30,13:05,35,PARTIAL,1,4,,,SCALE_INSUFFICIENT,,True,,,,SCALE_UNAVAILABLE,OBSERVATION_INSUFFICIENT,9,0,0,False,0,0,False,INHERITED_RAW_PRICE_BASIS,False,False
2025-06-10|65450,2025-06-10,65450,11:30,13:10,40,UNAVAILABLE,0,5,,,SCALE_INSUFFICIENT,,True,,,,CURRENT_BAR_UNAVAILABLE,OBSERVATION_INSUFFICIENT,8,0,0,False,0,0,False,INHERITED_RAW_PRICE_BASIS,False,False
2025-06-10|65450,2025-06-10,65450,11:30,13:15,45,PARTIAL,1,4,,,SCALE_INSUFFICIENT,,True,,,,CURRENT_BAR_UNAVAILABLE,OBSERVATION_INSUFFICIENT,9,0,0,False,0,0,False,INHERITED_RAW_PRICE_BASIS,False,False
2025-06-10|65450,2025-06-10,65450,11:30,13:20,50,PARTIAL,1,4,,,SCALE_INSUFFICIENT,,True,,,,CURRENT_BAR_UNAVAILABLE,OBSERVATION_INSUFFICIENT,10,0,0,False,0,0,False,INHERITED_RAW_PRICE_BASIS,False,False
2025-06-10|65450,2025-06-10,65450,11:30,13:25,55,UNAVAILABLE,0,5,,,SCALE_INSUFFICIENT,,True,,,,CURRENT_BAR_UNAVAILABLE,OBSERVATION_INSUFFICIENT,10,0,0,False,0,0,False,INHERITED_RAW_PRICE_BASIS,False,False
2025-06-10|65450,2025-06-10,65450,11:30,13:30,60,UNAVAILABLE,0,5,,,SCALE_INSUFFICIENT,,True,,,,CURRENT_BAR_UNAVAILABLE,OBSERVATION_INSUFFICIENT,10,0,0,False,0,0,False,INHERITED_RAW_PRICE_BASIS,False,False
2025-06-10|65450,2025-06-10,65450,11:30,13:35,65,UNAVAILABLE,0,5,,,SCALE_INSUFFICIENT,,True,,,,CURRENT_BAR_UNAVAILABLE,OBSERVATION_INSUFFICIENT,10,0,0,False,0,0,False,INHERITED_RAW_PRICE_BASIS,False,False
2025-06-10|65450,2025-06-10,65450,11:30,13:40,70,UNAVAILABLE,0,5,,,SCALE_INSUFFICIENT,,True,,,,CURRENT_BAR_UNAVAILABLE,OBSERVATION_INSUFFICIENT,10,0,0,False,0,0,False,INHERITED_RAW_PRICE_BASIS,False,False
2025-06-10|65450,2025-06-10,65450,11:30,13:45,75,UNAVAILABLE,0,5,,,SCALE_INSUFFICIENT,,True,,,,CURRENT_BAR_UNAVAILABLE,OBSERVATION_INSUFFICIENT,10,0,0,False,0,0,False,INHERITED_RAW_PRICE_BASIS,False,False
2025-06-10|65450,2025-06-10,65450,11:30,13:50,80,UNAVAILABLE,0,5,,,SCALE_INSUFFICIENT,,True,,,,CURRENT_BAR_UNAVAILABLE,OBSERVATION_INSUFFICIENT,8,0,0,False,0,0,False,INHERITED_RAW_PRICE_BASIS,False,False
2025-06-10|65450,2025-06-10,65450,11:30,13:55,85,UNAVAILABLE,0,5,,,SCALE_INSUFFICIENT,,True,,,,CURRENT_BAR_UNAVAILABLE,OBSERVATION_INSUFFICIENT,7,0,0,False,0,0,False,INHERITED_RAW_PRICE_BASIS,False,False
2025-06-10|65450,2025-06-10,65450,11:30,14:00,90,PARTIAL,2,3,,,SCALE_INSUFFICIENT,,True,,,,SCALE_UNAVAILABLE,OBSERVATION_INSUFFICIENT,8,0,0,False,0,0,False,INHERITED_RAW_PRICE_BASIS,False,False
2025-06-10|65450,2025-06-10,65450,11:30,14:05,95,PARTIAL,1,4,,,SCALE_INSUFFICIENT,,True,,,,CURRENT_BAR_UNAVAILABLE,OBSERVATION_INSUFFICIENT,8,0,0,False,0,0,False,INHERITED_RAW_PRICE_BASIS,False,False
2025-06-10|65450,2025-06-10,65450,11:30,14:10,100,PARTIAL,1,4,,,SCALE_INSUFFICIENT,,True,,,,CURRENT_BAR_UNAVAILABLE,OBSERVATION_INSUFFICIENT,9,0,0,False,0,0,False,INHERITED_RAW_PRICE_BASIS,False,False
2025-06-10|65450,2025-06-10,65450,11:30,14:15,105,PARTIAL,1,4,,,SCALE_INSUFFICIENT,,True,,,,SCALE_UNAVAILABLE,OBSERVATION_INSUFFICIENT,9,0,0,False,0,0,False,INHERITED_RAW_PRICE_BASIS,False,False
2025-06-10|65450,2025-06-10,65450,11:30,14:20,110,UNAVAILABLE,0,5,,,SCALE_INSUFFICIENT,,True,,,,CURRENT_BAR_UNAVAILABLE,OBSERVATION_INSUFFICIENT,9,0,0,False,0,0,False,INHERITED_RAW_PRICE_BASIS,False,False
2025-06-10|65450,2025-06-10,65450,11:30,14:25,115,PARTIAL,1,4,,,SCALE_INSUFFICIENT,,True,,,,SCALE_UNAVAILABLE,OBSERVATION_INSUFFICIENT,9,0,0,False,0,0,False,INHERITED_RAW_PRICE_BASIS,False,False
2025-06-10|65450,2025-06-10,65450,11:30,14:30,120,UNAVAILABLE,0,5,,,SCALE_INSUFFICIENT,,True,,,,CURRENT_BAR_UNAVAILABLE,OBSERVATION_INSUFFICIENT,8,0,0,False,0,0,False,INHERITED_RAW_PRICE_BASIS,False,False
2025-06-10|65450,2025-06-10,65450,11:30,14:35,125,PARTIAL,1,4,,,SCALE_INSUFFICIENT,,True,,,,CURRENT_BAR_UNAVAILABLE,OBSERVATION_INSUFFICIENT,9,0,0,False,0,0,False,INHERITED_RAW_PRICE_BASIS,False,False
2025-06-10|65450,2025-06-10,65450,11:30,14:40,130,PARTIAL,1,4,,,SCALE_INSUFFICIENT,,True,,,,CURRENT_BAR_UNAVAILABLE,OBSERVATION_INSUFFICIENT,10,0,0,False,0,0,False,INHERITED_RAW_PRICE_BASIS,False,False
2025-06-10|65450,2025-06-10,65450,11:30,14:45,135,UNAVAILABLE,0,5,,,SCALE_INSUFFICIENT,,True,,,,CURRENT_BAR_UNAVAILABLE,OBSERVATION_INSUFFICIENT,10,0,0,False,0,0,False,INHERITED_RAW_PRICE_BASIS,False,False
2025-06-10|65450,2025-06-10,65450,11:30,14:50,140,UNAVAILABLE,0,5,,,SCALE_INSUFFICIENT,,True,,,,CURRENT_BAR_UNAVAILABLE,OBSERVATION_INSUFFICIENT,10,0,0,False,0,0,False,INHERITED_RAW_PRICE_BASIS,False,False
2025-06-10|65450,2025-06-10,65450,11:30,14:55,145,UNAVAILABLE,0,5,,,SCALE_INSUFFICIENT,,True,,,,CURRENT_BAR_UNAVAILABLE,OBSERVATION_INSUFFICIENT,10,0,0,False,0,0,False,INHERITED_RAW_PRICE_BASIS,False,False
2025-06-10|65450,2025-06-10,65450,11:30,15:00,150,UNAVAILABLE,0,5,,,SCALE_INSUFFICIENT,,True,,,,CURRENT_BAR_UNAVAILABLE,OBSERVATION_INSUFFICIENT,8,0,0,False,0,0,False,INHERITED_RAW_PRICE_BASIS,False,False
2025-06-10|65450,2025-06-10,65450,11:30,15:05,155,UNAVAILABLE,0,5,,,SCALE_INSUFFICIENT,,True,,,,CURRENT_BAR_UNAVAILABLE,OBSERVATION_INSUFFICIENT,8,0,0,False,0,0,False,INHERITED_RAW_PRICE_BASIS,False,False
2025-06-10|65450,2025-06-10,65450,11:30,15:10,160,PARTIAL,2,3,,,SCALE_INSUFFICIENT,,True,,,,SCALE_UNAVAILABLE,OBSERVATION_INSUFFICIENT,9,0,0,False,0,0,False,INHERITED_RAW_PRICE_BASIS,False,False
2025-06-10|65450,2025-06-10,65450,11:30,15:15,165,UNAVAILABLE,0,5,,,SCALE_INSUFFICIENT,,True,,,,CURRENT_BAR_UNAVAILABLE,OBSERVATION_INSUFFICIENT,8,0,0,False,0,0,False,INHERITED_RAW_PRICE_BASIS,False,False
2025-06-10|65450,2025-06-10,65450,11:30,15:20,170,PARTIAL,1,4,,,SCALE_INSUFFICIENT,,True,,,,CURRENT_BAR_UNAVAILABLE,RIGHT_CENSORED,4,0,0,False,0,0,False,INHERITED_RAW_PRICE_BASIS,False,False
2025-06-10|65450,2025-06-10,65450,11:30,15:25,175,PARTIAL,1,4,,,SCALE_INSUFFICIENT,,True,,,,CURRENT_BAR_UNAVAILABLE,RIGHT_CENSORED,0,0,0,False,0,0,False,INHERITED_RAW_PRICE_BASIS,False,False
2025-06-10|69690,2025-06-10,69690,11:00,11:00,0,PARTIAL,2,3,,,SCALE_INSUFFICIENT,,True,,,,CURRENT_BAR_UNAVAILABLE,OBSERVATION_INSUFFICIENT,5,0,0,False,0,0,False,INHERITED_RAW_PRICE_BASIS,False,False
2025-06-10|69690,2025-06-10,69690,11:00,11:05,5,PARTIAL,4,1,,,SCALE_INSUFFICIENT,,True,,,,SCALE_UNAVAILABLE,OBSERVATION_INSUFFICIENT,8,0,0,False,0,0,False,INHERITED_RAW_PRICE_BASIS,False,False
2025-06-10|69690,2025-06-10,69690,11:00,11:10,10,PARTIAL,1,4,,,SCALE_INSUFFICIENT,,True,,,,SCALE_UNAVAILABLE,OBSERVATION_INSUFFICIENT,8,0,0,False,0,0,False,INHERITED_RAW_PRICE_BASIS,False,False
2025-06-10|69690,2025-06-10,69690,11:00,11:15,15,PARTIAL,1,4,,,SCALE_INSUFFICIENT,,True,,,,CURRENT_BAR_UNAVAILABLE,OBSERVATION_INSUFFICIENT,6,0,0,False,0,0,False,INHERITED_RAW_PRICE_BASIS,False,False
2025-06-10|69690,2025-06-10,69690,11:00,11:20,20,PARTIAL,1,4,,,SCALE_INSUFFICIENT,,True,,,,CURRENT_BAR_UNAVAILABLE,OBSERVATION_INSUFFICIENT,6,0,0,False,0,0,False,INHERITED_RAW_PRICE_BASIS,False,False
2025-06-10|69690,2025-06-10,69690,11:00,11:25,25,PARTIAL,3,2,,,SCALE_INSUFFICIENT,,True,,,,SCALE_UNAVAILABLE,OBSERVATION_INSUFFICIENT,6,0,0,False,0,0,False,INHERITED_RAW_PRICE_BASIS,False,False
2025-06-10|69690,2025-06-10,69690,11:00,11:30,30,PARTIAL,1,4,,,SCALE_INSUFFICIENT,,True,,,,CURRENT_BAR_UNAVAILABLE,OBSERVATION_INSUFFICIENT,4,0,0,False,0,0,False,INHERITED_RAW_PRICE_BASIS,False,False
2025-06-10|69690,2025-06-10,69690,11:00,12:35,35,PARTIAL,3,2,,,SCALE_INSUFFICIENT,,True,,,,SCALE_UNAVAILABLE,OBSERVATION_INSUFFICIENT,5,0,0,False,0,0,False,INHERITED_RAW_PRICE_BASIS,False,False
2025-06-10|69690,2025-06-10,69690,11:00,12:40,40,PARTIAL,3,2,,,SCALE_INSUFFICIENT,,True,,,,SCALE_UNAVAILABLE,OBSERVATION_INSUFFICIENT,5,0,0,False,0,0,False,INHERITED_RAW_PRICE_BASIS,False,False
2025-06-10|69690,2025-06-10,69690,11:00,12:45,45,PARTIAL,2,3,,,SCALE_INSUFFICIENT,,True,,,,CURRENT_BAR_UNAVAILABLE,OBSERVATION_INSUFFICIENT,4,0,0,False,0,0,False,INHERITED_RAW_PRICE_BASIS,False,False
2025-06-10|69690,2025-06-10,69690,11:00,12:50,50,PARTIAL,3,2,,,SCALE_INSUFFICIENT,,True,,,,CURRENT_BAR_UNAVAILABLE,OBSERVATION_INSUFFICIENT,6,0,0,False,0,0,False,INHERITED_RAW_PRICE_BASIS,False,False
2025-06-10|69690,2025-06-10,69690,11:00,12:55,55,PARTIAL,3,2,,,SCALE_INSUFFICIENT,,True,,,,CURRENT_BAR_UNAVAILABLE,OBSERVATION_INSUFFICIENT,5,0,0,False,2,1,False,INHERITED_RAW_PRICE_BASIS,False,False
2025-06-10|69690,2025-06-10,69690,11:00,13:00,60,PARTIAL,1,4,,,SCALE_INSUFFICIENT,,True,,,,SCALE_UNAVAILABLE,OBSERVATION_INSUFFICIENT,4,0,0,False,0,0,False,INHERITED_RAW_PRICE_BASIS,False,False
2025-06-10|69690,2025-06-10,69690,11:00,13:05,65,PARTIAL,4,1,,,SCALE_INSUFFICIENT,,True,,,,SCALE_UNAVAILABLE,OBSERVATION_INSUFFICIENT,6,0,0,False,2,2,False,INHERITED_RAW_PRICE_BASIS,False,False
2025-06-10|69690,2025-06-10,69690,11:00,13:10,70,PARTIAL,2,3,,,SCALE_INSUFFICIENT,,True,,,,CURRENT_BAR_UNAVAILABLE,OBSERVATION_INSUFFICIENT,6,0,0,False,0,1,False,INHERITED_RAW_PRICE_BASIS,False,False
2025-06-10|69690,2025-06-10,69690,11:00,13:15,75,PARTIAL,2,3,,,SCALE_INSUFFICIENT,,True,,,,CURRENT_BAR_UNAVAILABLE,OBSERVATION_INSUFFICIENT,7,0,0,False,0,0,False,INHERITED_RAW_PRICE_BASIS,False,False
2025-06-10|69690,2025-06-10,69690,11:00,13:20,80,PARTIAL,2,3,,,SCALE_INSUFFICIENT,,True,,,,SCALE_UNAVAILABLE,OBSERVATION_INSUFFICIENT,8,0,0,False,0,0,False,INHERITED_RAW_PRICE_BASIS,False,False
2025-06-10|69690,2025-06-10,69690,11:00,13:25,85,PARTIAL,1,4,,,SCALE_INSUFFICIENT,,True,,,,SCALE_UNAVAILABLE,OBSERVATION_INSUFFICIENT,6,0,0,False,0,0,False,INHERITED_RAW_PRICE_BASIS,False,False
2025-06-10|69690,2025-06-10,69690,11:00,13:30,90,PARTIAL,1,4,,,SCALE_INSUFFICIENT,,True,,,,CURRENT_BAR_UNAVAILABLE,OBSERVATION_INSUFFICIENT,7,0,0,False,0,0,False,INHERITED_RAW_PRICE_BASIS,False,False
2025-06-10|69690,2025-06-10,69690,11:00,13:35,95,PARTIAL,3,2,,,SCALE_INSUFFICIENT,,True,,,,SCALE_UNAVAILABLE,OBSERVATION_INSUFFICIENT,10,0,0,False,0,0,False,INHERITED_RAW_PRICE_BASIS,False,False
2025-06-10|69690,2025-06-10,69690,11:00,13:40,100,UNAVAILABLE,0,5,,,SCALE_INSUFFICIENT,,True,,,,CURRENT_BAR_UNAVAILABLE,OBSERVATION_INSUFFICIENT,9,0,0,False,0,0,False,INHERITED_RAW_PRICE_BASIS,False,False
2025-06-10|69690,2025-06-10,69690,11:00,13:45,105,UNAVAILABLE,0,5,,,SCALE_INSUFFICIENT,,True,,,,CURRENT_BAR_UNAVAILABLE,OBSERVATION_INSUFFICIENT,7,0,0,False,0,0,False,INHERITED_RAW_PRICE_BASIS,False,False
2025-06-10|69690,2025-06-10,69690,11:00,13:50,110,PARTIAL,1,4,,,SCALE_INSUFFICIENT,,True,,,,SCALE_UNAVAILABLE,OBSERVATION_INSUFFICIENT,6,0,0,False,0,0,False,INHERITED_RAW_PRICE_BASIS,False,False
2025-06-10|69690,2025-06-10,69690,11:00,13:55,115,PARTIAL,2,3,,,SCALE_INSUFFICIENT,,True,,,,CURRENT_BAR_UNAVAILABLE,OBSERVATION_INSUFFICIENT,6,0,0,False,0,0,False,INHERITED_RAW_PRICE_BASIS,False,False
2025-06-10|69690,2025-06-10,69690,11:00,14:00,120,PARTIAL,2,3,,,SCALE_INSUFFICIENT,,True,,,,CURRENT_BAR_UNAVAILABLE,OBSERVATION_INSUFFICIENT,6,0,0,False,0,0,False,INHERITED_RAW_PRICE_BASIS,False,False
2025-06-10|69690,2025-06-10,69690,11:00,14:05,125,PARTIAL,2,3,,,SCALE_INSUFFICIENT,,True,,,,CURRENT_BAR_UNAVAILABLE,OBSERVATION_INSUFFICIENT,7,0,0,False,0,0,False,INHERITED_RAW_PRICE_BASIS,False,False
2025-06-10|69690,2025-06-10,69690,11:00,14:10,130,PARTIAL,2,3,,,SCALE_INSUFFICIENT,,True,,,,CURRENT_BAR_UNAVAILABLE,OBSERVATION_INSUFFICIENT,7,0,0,False,0,0,False,INHERITED_RAW_PRICE_BASIS,False,False
2025-06-10|69690,2025-06-10,69690,11:00,14:15,135,PARTIAL,1,4,,,SCALE_INSUFFICIENT,,True,,,,CURRENT_BAR_UNAVAILABLE,OBSERVATION_INSUFFICIENT,8,0,0,False,0,0,False,INHERITED_RAW_PRICE_BASIS,False,False
2025-06-10|69690,2025-06-10,69690,11:00,14:20,140,PARTIAL,2,3,,,SCALE_INSUFFICIENT,,True,,,,SCALE_UNAVAILABLE,OBSERVATION_INSUFFICIENT,10,0,0,False,0,0,False,INHERITED_RAW_PRICE_BASIS,False,False
2025-06-10|69690,2025-06-10,69690,11:00,14:25,145,UNAVAILABLE,0,5,,,SCALE_INSUFFICIENT,,True,,,,CURRENT_BAR_UNAVAILABLE,OBSERVATION_INSUFFICIENT,10,0,0,False,0,0,False,INHERITED_RAW_PRICE_BASIS,False,False
2025-06-10|69690,2025-06-10,69690,11:00,14:30,150,UNAVAILABLE,0,5,,,SCALE_INSUFFICIENT,,True,,,,CURRENT_BAR_UNAVAILABLE,OBSERVATION_INSUFFICIENT,10,0,0,False,0,0,False,INHERITED_RAW_PRICE_BASIS,False,False
2025-06-10|69690,2025-06-10,69690,11:00,14:35,155,UNAVAILABLE,0,5,,,SCALE_INSUFFICIENT,,True,,,,CURRENT_BAR_UNAVAILABLE,OBSERVATION_INSUFFICIENT,10,0,0,False,0,0,False,INHERITED_RAW_PRICE_BASIS,False,False
2025-06-10|69690,2025-06-10,69690,11:00,14:40,160,UNAVAILABLE,0,5,,,SCALE_INSUFFICIENT,,True,,,,CURRENT_BAR_UNAVAILABLE,OBSERVATION_INSUFFICIENT,7,0,0,False,0,0,False,INHERITED_RAW_PRICE_BASIS,False,False
2025-06-10|69690,2025-06-10,69690,11:00,14:45,165,UNAVAILABLE,0,5,,,SCALE_INSUFFICIENT,,True,,,,CURRENT_BAR_UNAVAILABLE,OBSERVATION_INSUFFICIENT,7,0,0,False,0,0,False,INHERITED_RAW_PRICE_BASIS,False,False
2025-06-10|69690,2025-06-10,69690,11:00,14:50,170,PARTIAL,3,2,,,SCALE_INSUFFICIENT,,True,,,,SCALE_UNAVAILABLE,OBSERVATION_INSUFFICIENT,8,0,0,False,0,0,False,INHERITED_RAW_PRICE_BASIS,False,False
2025-06-10|69690,2025-06-10,69690,11:00,14:55,175,UNAVAILABLE,0,5,,,SCALE_INSUFFICIENT,,True,,,,CURRENT_BAR_UNAVAILABLE,OBSERVATION_INSUFFICIENT,7,0,0,False,0,0,False,INHERITED_RAW_PRICE_BASIS,False,False
2025-06-10|69690,2025-06-10,69690,11:00,15:00,180,PARTIAL,2,3,,,SCALE_INSUFFICIENT,,True,,,,CURRENT_BAR_UNAVAILABLE,OBSERVATION_INSUFFICIENT,8,0,0,False,0,0,False,INHERITED_RAW_PRICE_BASIS,False,False
2025-06-10|69690,2025-06-10,69690,11:00,15:05,185,PARTIAL,1,4,,,SCALE_INSUFFICIENT,,True,,,,CURRENT_BAR_UNAVAILABLE,OBSERVATION_INSUFFICIENT,9,0,0,False,0,0,False,INHERITED_RAW_PRICE_BASIS,False,False
2025-06-10|69690,2025-06-10,69690,11:00,15:10,190,PARTIAL,1,4,,,SCALE_INSUFFICIENT,,True,,,,CURRENT_BAR_UNAVAILABLE,OBSERVATION_INSUFFICIENT,9,0,0,False,0,0,False,INHERITED_RAW_PRICE_BASIS,False,False
2025-06-10|69690,2025-06-10,69690,11:00,15:15,195,UNAVAILABLE,0,5,,,SCALE_INSUFFICIENT,,True,,,,CURRENT_BAR_UNAVAILABLE,OBSERVATION_INSUFFICIENT,6,0,0,False,0,0,False,INHERITED_RAW_PRICE_BASIS,False,False
2025-06-10|69690,2025-06-10,69690,11:00,15:20,200,PARTIAL,1,4,,,SCALE_INSUFFICIENT,,True,,,,SCALE_UNAVAILABLE,RIGHT_CENSORED,2,0,0,False,0,0,False,INHERITED_RAW_PRICE_BASIS,False,False
2025-06-10|69690,2025-06-10,69690,11:00,15:25,205,PARTIAL,3,2,,,SCALE_INSUFFICIENT,,True,,,,SCALE_UNAVAILABLE,RIGHT_CENSORED,0,0,0,False,0,0,False,INHERITED_RAW_PRICE_BASIS,False,False
2025-06-10|70620,2025-06-10,70620,10:00,10:00,0,PARTIAL,3,2,,,SCALE_INSUFFICIENT,,True,,,,CURRENT_BAR_UNAVAILABLE,OBSERVATION_INSUFFICIENT,8,0,0,False,0,0,False,INHERITED_RAW_PRICE_BASIS,False,False
2025-06-10|70620,2025-06-10,70620,10:00,10:05,5,PARTIAL,1,4,,,SCALE_INSUFFICIENT,,True,,,,CURRENT_BAR_UNAVAILABLE,OBSERVATION_INSUFFICIENT,9,0,0,False,0,0,False,INHERITED_RAW_PRICE_BASIS,False,False
2025-06-10|70620,2025-06-10,70620,10:00,10:10,10,PARTIAL,1,4,,,SCALE_INSUFFICIENT,,True,,,,CURRENT_BAR_UNAVAILABLE,OBSERVATION_INSUFFICIENT,10,0,0,False,0,0,False,INHERITED_RAW_PRICE_BASIS,False,False
2025-06-10|70620,2025-06-10,70620,10:00,10:15,15,UNAVAILABLE,0,5,,,SCALE_INSUFFICIENT,,True,,,,CURRENT_BAR_UNAVAILABLE,OBSERVATION_INSUFFICIENT,10,0,0,False,0,0,False,INHERITED_RAW_PRICE_BASIS,False,False
2025-06-10|70620,2025-06-10,70620,10:00,10:20,20,UNAVAILABLE,0,5,,,SCALE_INSUFFICIENT,,True,,,,CURRENT_BAR_UNAVAILABLE,OBSERVATION_INSUFFICIENT,10,0,0,False,0,0,False,INHERITED_RAW_PRICE_BASIS,False,False
2025-06-10|70620,2025-06-10,70620,10:00,10:25,25,UNAVAILABLE,0,5,,,SCALE_INSUFFICIENT,,True,,,,CURRENT_BAR_UNAVAILABLE,OBSERVATION_INSUFFICIENT,9,0,0,False,0,0,False,INHERITED_RAW_PRICE_BASIS,False,False
2025-06-10|70620,2025-06-10,70620,10:00,10:30,30,UNAVAILABLE,0,5,,,SCALE_INSUFFICIENT,,True,,,,CURRENT_BAR_UNAVAILABLE,OBSERVATION_INSUFFICIENT,6,0,0,False,0,0,False,INHERITED_RAW_PRICE_BASIS,False,False
2025-06-10|70620,2025-06-10,70620,10:00,10:35,35,PARTIAL,1,4,,,SCALE_INSUFFICIENT,,True,,,,CURRENT_BAR_UNAVAILABLE,OBSERVATION_INSUFFICIENT,7,0,0,False,0,0,False,INHERITED_RAW_PRICE_BASIS,False,False
2025-06-10|70620,2025-06-10,70620,10:00,10:40,40,PARTIAL,3,2,,,SCALE_INSUFFICIENT,,True,,,,CURRENT_BAR_UNAVAILABLE,OBSERVATION_INSUFFICIENT,10,0,0,False,0,0,False,INHERITED_RAW_PRICE_BASIS,False,False
2025-06-10|70620,2025-06-10,70620,10:00,10:45,45,UNAVAILABLE,0,5,,,SCALE_INSUFFICIENT,,True,,,,CURRENT_BAR_UNAVAILABLE,OBSERVATION_INSUFFICIENT,8,0,0,False,0,0,False,INHERITED_RAW_PRICE_BASIS,False,False
2025-06-10|70620,2025-06-10,70620,10:00,10:50,50,UNAVAILABLE,0,5,,,SCALE_INSUFFICIENT,,True,,,,CURRENT_BAR_UNAVAILABLE,OBSERVATION_INSUFFICIENT,8,0,0,False,0,0,False,INHERITED_RAW_PRICE_BASIS,False,False
2025-06-10|70620,2025-06-10,70620,10:00,10:55,55,PARTIAL,2,3,,,SCALE_INSUFFICIENT,,True,,,,CURRENT_BAR_UNAVAILABLE,OBSERVATION_INSUFFICIENT,10,0,0,False,0,0,False,INHERITED_RAW_PRICE_BASIS,False,False
2025-06-10|70620,2025-06-10,70620,10:00,11:00,60,UNAVAILABLE,0,5,,,SCALE_INSUFFICIENT,,True,,,,CURRENT_BAR_UNAVAILABLE,OBSERVATION_INSUFFICIENT,8,0,0,False,0,0,False,INHERITED_RAW_PRICE_BASIS,False,False
2025-06-10|70620,2025-06-10,70620,10:00,11:05,65,UNAVAILABLE,0,5,,,SCALE_INSUFFICIENT,,True,,,,CURRENT_BAR_UNAVAILABLE,OBSERVATION_INSUFFICIENT,8,0,0,False,0,0,False,INHERITED_RAW_PRICE_BASIS,False,False
2025-06-10|70620,2025-06-10,70620,10:00,11:10,70,PARTIAL,2,3,,,SCALE_INSUFFICIENT,,True,,,,SCALE_UNAVAILABLE,OBSERVATION_INSUFFICIENT,10,0,0,False,0,0,False,INHERITED_RAW_PRICE_BASIS,False,False
2025-06-10|70620,2025-06-10,70620,10:00,11:15,75,UNAVAILABLE,0,5,,,SCALE_INSUFFICIENT,,True,,,,CURRENT_BAR_UNAVAILABLE,OBSERVATION_INSUFFICIENT,10,0,0,False,0,0,False,INHERITED_RAW_PRICE_BASIS,False,False
2025-06-10|70620,2025-06-10,70620,10:00,11:20,80,UNAVAILABLE,0,5,,,SCALE_INSUFFICIENT,,True,,,,CURRENT_BAR_UNAVAILABLE,OBSERVATION_INSUFFICIENT,10,0,0,False,0,0,False,INHERITED_RAW_PRICE_BASIS,False,False
2025-06-10|70620,2025-06-10,70620,10:00,11:25,85,UNAVAILABLE,0,5,,,SCALE_INSUFFICIENT,,True,,,,CURRENT_BAR_UNAVAILABLE,OBSERVATION_INSUFFICIENT,8,0,0,False,0,0,False,INHERITED_RAW_PRICE_BASIS,False,False
2025-06-10|70620,2025-06-10,70620,10:00,11:30,90,UNAVAILABLE,0,5,,,SCALE_INSUFFICIENT,,True,,,,CURRENT_BAR_UNAVAILABLE,OBSERVATION_INSUFFICIENT,6,0,0,False,0,0,False,INHERITED_RAW_PRICE_BASIS,False,False
2025-06-10|70620,2025-06-10,70620,10:00,12:35,95,PARTIAL,2,3,,,SCALE_INSUFFICIENT,,True,,,,CURRENT_BAR_UNAVAILABLE,OBSERVATION_INSUFFICIENT,8,0,0,False,0,0,False,INHERITED_RAW_PRICE_BASIS,False,False
2025-06-10|70620,2025-06-10,70620,10:00,12:40,100,PARTIAL,2,3,,,SCALE_INSUFFICIENT,,True,,,,CURRENT_BAR_UNAVAILABLE,OBSERVATION_INSUFFICIENT,9,0,0,False,0,0,False,INHERITED_RAW_PRICE_BASIS,False,False
2025-06-10|70620,2025-06-10,70620,10:00,12:45,105,UNAVAILABLE,0,5,,,SCALE_INSUFFICIENT,,True,,,,CURRENT_BAR_UNAVAILABLE,OBSERVATION_INSUFFICIENT,9,0,0,False,0,0,False,INHERITED_RAW_PRICE_BASIS,False,False
2025-06-10|70620,2025-06-10,70620,10:00,12:50,110,PARTIAL,1,4,,,SCALE_INSUFFICIENT,,True,,,,CURRENT_BAR_UNAVAILABLE,OBSERVATION_INSUFFICIENT,10,0,0,False,0,0,False,INHERITED_RAW_PRICE_BASIS,False,False
2025-06-10|70620,2025-06-10,70620,10:00,12:55,115,UNAVAILABLE,0,5,,,SCALE_INSUFFICIENT,,True,,,,CURRENT_BAR_UNAVAILABLE,OBSERVATION_INSUFFICIENT,10,0,0,False,0,0,False,INHERITED_RAW_PRICE_BASIS,False,False
2025-06-10|70620,2025-06-10,70620,10:00,13:00,120,UNAVAILABLE,0,5,,,SCALE_INSUFFICIENT,,True,,,,CURRENT_BAR_UNAVAILABLE,OBSERVATION_INSUFFICIENT,10,0,0,False,0,0,False,INHERITED_RAW_PRICE_BASIS,False,False
2025-06-10|70620,2025-06-10,70620,10:00,13:05,125,UNAVAILABLE,0,5,,,SCALE_INSUFFICIENT,,True,,,,CURRENT_BAR_UNAVAILABLE,OBSERVATION_INSUFFICIENT,10,0,0,False,0,0,False,INHERITED_RAW_PRICE_BASIS,False,False
2025-06-10|70620,2025-06-10,70620,10:00,13:10,130,UNAVAILABLE,0,5,,,SCALE_INSUFFICIENT,,True,,,,CURRENT_BAR_UNAVAILABLE,OBSERVATION_INSUFFICIENT,10,0,0,False,0,0,False,INHERITED_RAW_PRICE_BASIS,False,False
2025-06-10|70620,2025-06-10,70620,10:00,13:15,135,UNAVAILABLE,0,5,,,SCALE_INSUFFICIENT,,True,,,,CURRENT_BAR_UNAVAILABLE,OBSERVATION_INSUFFICIENT,10,0,0,False,0,0,False,INHERITED_RAW_PRICE_BASIS,False,False
2025-06-10|70620,2025-06-10,70620,10:00,13:20,140,UNAVAILABLE,0,5,,,SCALE_INSUFFICIENT,,True,,,,CURRENT_BAR_UNAVAILABLE,OBSERVATION_INSUFFICIENT,10,0,0,False,0,0,False,INHERITED_RAW_PRICE_BASIS,False,False
2025-06-10|70620,2025-06-10,70620,10:00,13:25,145,UNAVAILABLE,0,5,,,SCALE_INSUFFICIENT,,True,,,,CURRENT_BAR_UNAVAILABLE,OBSERVATION_INSUFFICIENT,10,0,0,False,0,0,False,INHERITED_RAW_PRICE_BASIS,False,False
2025-06-10|70620,2025-06-10,70620,10:00,13:30,150,UNAVAILABLE,0,5,,,SCALE_INSUFFICIENT,,True,,,,CURRENT_BAR_UNAVAILABLE,OBSERVATION_INSUFFICIENT,10,0,0,False,0,0,False,INHERITED_RAW_PRICE_BASIS,False,False
2025-06-10|70620,2025-06-10,70620,10:00,13:35,155,UNAVAILABLE,0,5,,,SCALE_INSUFFICIENT,,True,,,,CURRENT_BAR_UNAVAILABLE,OBSERVATION_INSUFFICIENT,10,0,0,False,0,0,False,INHERITED_RAW_PRICE_BASIS,False,False
2025-06-10|70620,2025-06-10,70620,10:00,13:40,160,UNAVAILABLE,0,5,,,SCALE_INSUFFICIENT,,True,,,,CURRENT_BAR_UNAVAILABLE,OBSERVATION_INSUFFICIENT,10,0,0,False,0,0,False,INHERITED_RAW_PRICE_BASIS,False,False
2025-06-10|70620,2025-06-10,70620,10:00,13:45,165,UNAVAILABLE,0,5,,,SCALE_INSUFFICIENT,,True,,,,CURRENT_BAR_UNAVAILABLE,OBSERVATION_INSUFFICIENT,10,0,0,False,0,0,False,INHERITED_RAW_PRICE_BASIS,False,False
2025-06-10|70620,2025-06-10,70620,10:00,13:50,170,UNAVAILABLE,0,5,,,SCALE_INSUFFICIENT,,True,,,,CURRENT_BAR_UNAVAILABLE,OBSERVATION_INSUFFICIENT,10,0,0,False,0,0,False,INHERITED_RAW_PRICE_BASIS,False,False
2025-06-10|70620,2025-06-10,70620,10:00,13:55,175,UNAVAILABLE,0,5,,,SCALE_INSUFFICIENT,,True,,,,CURRENT_BAR_UNAVAILABLE,OBSERVATION_INSUFFICIENT,10,0,0,False,0,0,False,INHERITED_RAW_PRICE_BASIS,False,False
2025-06-10|70620,2025-06-10,70620,10:00,14:00,180,UNAVAILABLE,0,5,,,SCALE_INSUFFICIENT,,True,,,,CURRENT_BAR_UNAVAILABLE,OBSERVATION_INSUFFICIENT,10,0,0,False,0,0,False,INHERITED_RAW_PRICE_BASIS,False,False
2025-06-10|70620,2025-06-10,70620,10:00,14:05,185,UNAVAILABLE,0,5,,,SCALE_INSUFFICIENT,,True,,,,CURRENT_BAR_UNAVAILABLE,OBSERVATION_INSUFFICIENT,10,0,0,False,0,0,False,INHERITED_RAW_PRICE_BASIS,False,False
2025-06-10|70620,2025-06-10,70620,10:00,14:10,190,UNAVAILABLE,0,5,,,SCALE_INSUFFICIENT,,True,,,,CURRENT_BAR_UNAVAILABLE,OBSERVATION_INSUFFICIENT,10,0,0,False,0,0,False,INHERITED_RAW_PRICE_BASIS,False,False
2025-06-10|70620,2025-06-10,70620,10:00,14:15,195,UNAVAILABLE,0,5,,,SCALE_INSUFFICIENT,,True,,,,CURRENT_BAR_UNAVAILABLE,OBSERVATION_INSUFFICIENT,9,0,0,False,0,0,False,INHERITED_RAW_PRICE_BASIS,False,False
2025-06-10|70620,2025-06-10,70620,10:00,14:20,200,UNAVAILABLE,0,5,,,SCALE_INSUFFICIENT,,True,,,,CURRENT_BAR_UNAVAILABLE,OBSERVATION_INSUFFICIENT,9,0,0,False,0,0,False,INHERITED_RAW_PRICE_BASIS,False,False
2025-06-10|70620,2025-06-10,70620,10:00,14:25,205,PARTIAL,1,4,,,SCALE_INSUFFICIENT,,True,,,,CURRENT_BAR_UNAVAILABLE,OBSERVATION_INSUFFICIENT,10,0,0,False,0,0,False,INHERITED_RAW_PRICE_BASIS,False,False
2025-06-10|70620,2025-06-10,70620,10:00,14:30,210,UNAVAILABLE,0,5,,,SCALE_INSUFFICIENT,,True,,,,CURRENT_BAR_UNAVAILABLE,OBSERVATION_INSUFFICIENT,10,0,0,False,0,0,False,INHERITED_RAW_PRICE_BASIS,False,False
2025-06-10|70620,2025-06-10,70620,10:00,14:35,215,UNAVAILABLE,0,5,,,SCALE_INSUFFICIENT,,True,,,,CURRENT_BAR_UNAVAILABLE,OBSERVATION_INSUFFICIENT,10,0,0,False,0,0,False,INHERITED_RAW_PRICE_BASIS,False,False
2025-06-10|70620,2025-06-10,70620,10:00,14:40,220,UNAVAILABLE,0,5,,,SCALE_INSUFFICIENT,,True,,,,CURRENT_BAR_UNAVAILABLE,OBSERVATION_INSUFFICIENT,10,0,0,False,0,0,False,INHERITED_RAW_PRICE_BASIS,False,False
2025-06-10|70620,2025-06-10,70620,10:00,14:45,225,UNAVAILABLE,0,5,,,SCALE_INSUFFICIENT,,True,,,,CURRENT_BAR_UNAVAILABLE,OBSERVATION_INSUFFICIENT,10,0,0,False,0,0,False,INHERITED_RAW_PRICE_BASIS,False,False
2025-06-10|70620,2025-06-10,70620,10:00,14:50,230,UNAVAILABLE,0,5,,,SCALE_INSUFFICIENT,,True,,,,CURRENT_BAR_UNAVAILABLE,OBSERVATION_INSUFFICIENT,10,0,0,False,0,0,False,INHERITED_RAW_PRICE_BASIS,False,False
2025-06-10|70620,2025-06-10,70620,10:00,14:55,235,UNAVAILABLE,0,5,,,SCALE_INSUFFICIENT,,True,,,,CURRENT_BAR_UNAVAILABLE,OBSERVATION_INSUFFICIENT,10,0,0,False,0,0,False,INHERITED_RAW_PRICE_BASIS,False,False
2025-06-10|70620,2025-06-10,70620,10:00,15:00,240,UNAVAILABLE,0,5,,,SCALE_INSUFFICIENT,,True,,,,CURRENT_BAR_UNAVAILABLE,OBSERVATION_INSUFFICIENT,9,0,0,False,0,0,False,INHERITED_RAW_PRICE_BASIS,False,False
2025-06-10|70620,2025-06-10,70620,10:00,15:05,245,UNAVAILABLE,0,5,,,SCALE_INSUFFICIENT,,True,,,,CURRENT_BAR_UNAVAILABLE,OBSERVATION_INSUFFICIENT,9,0,0,False,0,0,False,INHERITED_RAW_PRICE_BASIS,False,False
2025-06-10|70620,2025-06-10,70620,10:00,15:10,250,PARTIAL,1,4,,,SCALE_INSUFFICIENT,,True,,,,SCALE_UNAVAILABLE,OBSERVATION_INSUFFICIENT,8,0,0,False,0,0,False,INHERITED_RAW_PRICE_BASIS,False,False
2025-06-10|70620,2025-06-10,70620,10:00,15:15,255,UNAVAILABLE,0,5,,,SCALE_INSUFFICIENT,,True,,,,CURRENT_BAR_UNAVAILABLE,OBSERVATION_INSUFFICIENT,7,0,0,False,0,0,False,INHERITED_RAW_PRICE_BASIS,False,False
2025-06-10|70620,2025-06-10,70620,10:00,15:20,260,PARTIAL,2,3,,,SCALE_INSUFFICIENT,,True,,,,SCALE_UNAVAILABLE,RIGHT_CENSORED,4,0,0,False,0,0,False,INHERITED_RAW_PRICE_BASIS,False,False
2025-06-10|70620,2025-06-10,70620,10:00,15:25,265,PARTIAL,1,4,,,SCALE_INSUFFICIENT,,True,,,,SCALE_UNAVAILABLE,RIGHT_CENSORED,0,0,0,False,0,0,False,INHERITED_RAW_PRICE_BASIS,False,False
2025-06-10|72990,2025-06-10,72990,10:30,10:30,0,PARTIAL,2,3,,,SCALE_INSUFFICIENT,,True,,,,SCALE_UNAVAILABLE,OBSERVATION_INSUFFICIENT,8,0,0,False,6,0,False,INHERITED_RAW_PRICE_BASIS,False,False
2025-06-10|72990,2025-06-10,72990,10:30,10:35,5,PARTIAL,1,4,,,SCALE_INSUFFICIENT,,True,,,,SCALE_UNAVAILABLE,OBSERVATION_INSUFFICIENT,8,0,0,False,0,0,False,INHERITED_RAW_PRICE_BASIS,False,False
2025-06-10|72990,2025-06-10,72990,10:30,10:40,10,PARTIAL,1,4,,,SCALE_INSUFFICIENT,,True,,,,CURRENT_BAR_UNAVAILABLE,OBSERVATION_INSUFFICIENT,9,0,0,False,0,2,False,INHERITED_RAW_PRICE_BASIS,False,False
2025-06-10|72990,2025-06-10,72990,10:30,10:45,15,PARTIAL,1,4,,,SCALE_INSUFFICIENT,,True,,,,SCALE_UNAVAILABLE,OBSERVATION_INSUFFICIENT,10,0,0,False,0,0,False,INHERITED_RAW_PRICE_BASIS,False,False
2025-06-10|72990,2025-06-10,72990,10:30,10:50,20,UNAVAILABLE,0,5,,,SCALE_INSUFFICIENT,,True,,,,CURRENT_BAR_UNAVAILABLE,OBSERVATION_INSUFFICIENT,9,0,0,False,0,0,False,INHERITED_RAW_PRICE_BASIS,False,False
2025-06-10|72990,2025-06-10,72990,10:30,10:55,25,UNAVAILABLE,0,5,,,SCALE_INSUFFICIENT,,True,,,,CURRENT_BAR_UNAVAILABLE,OBSERVATION_INSUFFICIENT,9,0,0,False,0,0,False,INHERITED_RAW_PRICE_BASIS,False,False
2025-06-10|72990,2025-06-10,72990,10:30,11:00,30,PARTIAL,1,4,,,SCALE_INSUFFICIENT,,True,,,,SCALE_UNAVAILABLE,OBSERVATION_INSUFFICIENT,10,0,0,False,0,0,False,INHERITED_RAW_PRICE_BASIS,False,False
2025-06-10|72990,2025-06-10,72990,10:30,11:05,35,UNAVAILABLE,0,5,,,SCALE_INSUFFICIENT,,True,,,,CURRENT_BAR_UNAVAILABLE,OBSERVATION_INSUFFICIENT,10,0,0,False,0,0,False,INHERITED_RAW_PRICE_BASIS,False,False
2025-06-10|72990,2025-06-10,72990,10:30,11:10,40,UNAVAILABLE,0,5,,,SCALE_INSUFFICIENT,,True,,,,CURRENT_BAR_UNAVAILABLE,OBSERVATION_INSUFFICIENT,10,0,0,False,0,0,False,INHERITED_RAW_PRICE_BASIS,False,False
2025-06-10|72990,2025-06-10,72990,10:30,11:15,45,UNAVAILABLE,0,5,,,SCALE_INSUFFICIENT,,True,,,,CURRENT_BAR_UNAVAILABLE,OBSERVATION_INSUFFICIENT,10,0,0,False,0,0,False,INHERITED_RAW_PRICE_BASIS,False,False
2025-06-10|72990,2025-06-10,72990,10:30,11:20,50,UNAVAILABLE,0,5,,,SCALE_INSUFFICIENT,,True,,,,CURRENT_BAR_UNAVAILABLE,OBSERVATION_INSUFFICIENT,10,0,0,False,0,0,False,INHERITED_RAW_PRICE_BASIS,False,False
2025-06-10|72990,2025-06-10,72990,10:30,11:25,55,UNAVAILABLE,0,5,,,SCALE_INSUFFICIENT,,True,,,,CURRENT_BAR_UNAVAILABLE,OBSERVATION_INSUFFICIENT,9,0,0,False,0,0,False,INHERITED_RAW_PRICE_BASIS,False,False
2025-06-10|72990,2025-06-10,72990,10:30,11:30,60,UNAVAILABLE,0,5,,,SCALE_INSUFFICIENT,,True,,,,CURRENT_BAR_UNAVAILABLE,OBSERVATION_INSUFFICIENT,8,0,0,False,0,0,False,INHERITED_RAW_PRICE_BASIS,False,False
2025-06-10|72990,2025-06-10,72990,10:30,12:35,65,PARTIAL,1,4,,,SCALE_INSUFFICIENT,,True,,,,CURRENT_BAR_UNAVAILABLE,OBSERVATION_INSUFFICIENT,9,0,0,False,0,0,False,INHERITED_RAW_PRICE_BASIS,False,False
2025-06-10|72990,2025-06-10,72990,10:30,12:40,70,PARTIAL,1,4,,,SCALE_INSUFFICIENT,,True,,,,CURRENT_BAR_UNAVAILABLE,OBSERVATION_INSUFFICIENT,10,0,0,False,0,0,False,INHERITED_RAW_PRICE_BASIS,False,False
2025-06-10|72990,2025-06-10,72990,10:30,12:45,75,UNAVAILABLE,0,5,,,SCALE_INSUFFICIENT,,True,,,,CURRENT_BAR_UNAVAILABLE,OBSERVATION_INSUFFICIENT,10,0,0,False,0,0,False,INHERITED_RAW_PRICE_BASIS,False,False
2025-06-10|72990,2025-06-10,72990,10:30,12:50,80,UNAVAILABLE,0,5,,,SCALE_INSUFFICIENT,,True,,,,CURRENT_BAR_UNAVAILABLE,OBSERVATION_INSUFFICIENT,10,0,0,False,0,0,False,INHERITED_RAW_PRICE_BASIS,False,False
2025-06-10|72990,2025-06-10,72990,10:30,12:55,85,UNAVAILABLE,0,5,,,SCALE_INSUFFICIENT,,True,,,,CURRENT_BAR_UNAVAILABLE,OBSERVATION_INSUFFICIENT,10,0,0,False,0,0,False,INHERITED_RAW_PRICE_BASIS,False,False
2025-06-10|72990,2025-06-10,72990,10:30,13:00,90,UNAVAILABLE,0,5,,,SCALE_INSUFFICIENT,,True,,,,CURRENT_BAR_UNAVAILABLE,OBSERVATION_INSUFFICIENT,10,0,0,False,0,0,False,INHERITED_RAW_PRICE_BASIS,False,False
2025-06-10|72990,2025-06-10,72990,10:30,13:05,95,UNAVAILABLE,0,5,,,SCALE_INSUFFICIENT,,True,,,,CURRENT_BAR_UNAVAILABLE,OBSERVATION_INSUFFICIENT,10,0,0,False,0,0,False,INHERITED_RAW_PRICE_BASIS,False,False
2025-06-10|72990,2025-06-10,72990,10:30,13:10,100,UNAVAILABLE,0,5,,,SCALE_INSUFFICIENT,,True,,,,CURRENT_BAR_UNAVAILABLE,OBSERVATION_INSUFFICIENT,10,0,0,False,0,0,False,INHERITED_RAW_PRICE_BASIS,False,False
2025-06-10|72990,2025-06-10,72990,10:30,13:15,105,UNAVAILABLE,0,5,,,SCALE_INSUFFICIENT,,True,,,,CURRENT_BAR_UNAVAILABLE,OBSERVATION_INSUFFICIENT,10,0,0,False,0,0,False,INHERITED_RAW_PRICE_BASIS,False,False
2025-06-10|72990,2025-06-10,72990,10:30,13:20,110,UNAVAILABLE,0,5,,,SCALE_INSUFFICIENT,,True,,,,CURRENT_BAR_UNAVAILABLE,OBSERVATION_INSUFFICIENT,8,0,0,False,0,0,False,INHERITED_RAW_PRICE_BASIS,False,False
2025-06-10|72990,2025-06-10,72990,10:30,13:25,115,UNAVAILABLE,0,5,,,SCALE_INSUFFICIENT,,True,,,,CURRENT_BAR_UNAVAILABLE,OBSERVATION_INSUFFICIENT,7,0,0,False,0,0,False,INHERITED_RAW_PRICE_BASIS,False,False
2025-06-10|72990,2025-06-10,72990,10:30,13:30,120,PARTIAL,2,3,,,SCALE_INSUFFICIENT,,True,,,,SCALE_UNAVAILABLE,OBSERVATION_INSUFFICIENT,9,0,0,False,0,0,False,INHERITED_RAW_PRICE_BASIS,False,False
2025-06-10|72990,2025-06-10,72990,10:30,13:35,125,PARTIAL,1,4,,,SCALE_INSUFFICIENT,,True,,,,CURRENT_BAR_UNAVAILABLE,OBSERVATION_INSUFFICIENT,10,0,0,False,1,0,False,INHERITED_RAW_PRICE_BASIS,False,False
2025-06-10|72990,2025-06-10,72990,10:30,13:40,130,UNAVAILABLE,0,5,,,SCALE_INSUFFICIENT,,True,,,,CURRENT_BAR_UNAVAILABLE,OBSERVATION_INSUFFICIENT,10,0,0,False,0,0,False,INHERITED_RAW_PRICE_BASIS,False,False
2025-06-10|72990,2025-06-10,72990,10:30,13:45,135,UNAVAILABLE,0,5,,,SCALE_INSUFFICIENT,,True,,,,CURRENT_BAR_UNAVAILABLE,OBSERVATION_INSUFFICIENT,9,0,0,False,0,0,False,INHERITED_RAW_PRICE_BASIS,False,False
2025-06-10|72990,2025-06-10,72990,10:30,13:50,140,UNAVAILABLE,0,5,,,SCALE_INSUFFICIENT,,True,,,,CURRENT_BAR_UNAVAILABLE,OBSERVATION_INSUFFICIENT,9,0,0,False,0,0,False,INHERITED_RAW_PRICE_BASIS,False,False
2025-06-10|72990,2025-06-10,72990,10:30,13:55,145,PARTIAL,1,4,,,SCALE_INSUFFICIENT,,True,,,,CURRENT_BAR_UNAVAILABLE,OBSERVATION_INSUFFICIENT,10,0,0,False,0,0,False,INHERITED_RAW_PRICE_BASIS,False,False
2025-06-10|72990,2025-06-10,72990,10:30,14:00,150,UNAVAILABLE,0,5,,,SCALE_INSUFFICIENT,,True,,,,CURRENT_BAR_UNAVAILABLE,OBSERVATION_INSUFFICIENT,10,0,0,False,0,0,False,INHERITED_RAW_PRICE_BASIS,False,False
2025-06-10|72990,2025-06-10,72990,10:30,14:05,155,UNAVAILABLE,0,5,,,SCALE_INSUFFICIENT,,True,,,,CURRENT_BAR_UNAVAILABLE,OBSERVATION_INSUFFICIENT,10,0,0,False,0,0,False,INHERITED_RAW_PRICE_BASIS,False,False
2025-06-10|72990,2025-06-10,72990,10:30,14:10,160,UNAVAILABLE,0,5,,,SCALE_INSUFFICIENT,,True,,,,CURRENT_BAR_UNAVAILABLE,OBSERVATION_INSUFFICIENT,10,0,0,False,0,0,False,INHERITED_RAW_PRICE_BASIS,False,False
2025-06-10|72990,2025-06-10,72990,10:30,14:15,165,UNAVAILABLE,0,5,,,SCALE_INSUFFICIENT,,True,,,,CURRENT_BAR_UNAVAILABLE,OBSERVATION_INSUFFICIENT,10,0,0,False,0,0,False,INHERITED_RAW_PRICE_BASIS,False,False
2025-06-10|72990,2025-06-10,72990,10:30,14:20,170,UNAVAILABLE,0,5,,,SCALE_INSUFFICIENT,,True,,,,CURRENT_BAR_UNAVAILABLE,OBSERVATION_INSUFFICIENT,9,0,0,False,0,0,False,INHERITED_RAW_PRICE_BASIS,False,False
2025-06-10|72990,2025-06-10,72990,10:30,14:25,175,UNAVAILABLE,0,5,,,SCALE_INSUFFICIENT,,True,,,,CURRENT_BAR_UNAVAILABLE,OBSERVATION_INSUFFICIENT,9,0,0,False,0,0,False,INHERITED_RAW_PRICE_BASIS,False,False
2025-06-10|72990,2025-06-10,72990,10:30,14:30,180,PARTIAL,1,4,,,SCALE_INSUFFICIENT,,True,,,,CURRENT_BAR_UNAVAILABLE,OBSERVATION_INSUFFICIENT,10,0,0,False,0,0,False,INHERITED_RAW_PRICE_BASIS,False,False
2025-06-10|72990,2025-06-10,72990,10:30,14:35,185,UNAVAILABLE,0,5,,,SCALE_INSUFFICIENT,,True,,,,CURRENT_BAR_UNAVAILABLE,OBSERVATION_INSUFFICIENT,10,0,0,False,0,0,False,INHERITED_RAW_PRICE_BASIS,False,False
2025-06-10|72990,2025-06-10,72990,10:30,14:40,190,UNAVAILABLE,0,5,,,SCALE_INSUFFICIENT,,True,,,,CURRENT_BAR_UNAVAILABLE,OBSERVATION_INSUFFICIENT,10,0,0,False,0,0,False,INHERITED_RAW_PRICE_BASIS,False,False
2025-06-10|72990,2025-06-10,72990,10:30,14:45,195,UNAVAILABLE,0,5,,,SCALE_INSUFFICIENT,,True,,,,CURRENT_BAR_UNAVAILABLE,OBSERVATION_INSUFFICIENT,10,0,0,False,0,0,False,INHERITED_RAW_PRICE_BASIS,False,False
2025-06-10|72990,2025-06-10,72990,10:30,14:50,200,UNAVAILABLE,0,5,,,SCALE_INSUFFICIENT,,True,,,,CURRENT_BAR_UNAVAILABLE,OBSERVATION_INSUFFICIENT,10,0,0,False,0,0,False,INHERITED_RAW_PRICE_BASIS,False,False
2025-06-10|72990,2025-06-10,72990,10:30,14:55,205,UNAVAILABLE,0,5,,,SCALE_INSUFFICIENT,,True,,,,CURRENT_BAR_UNAVAILABLE,OBSERVATION_INSUFFICIENT,9,0,0,False,0,0,False,INHERITED_RAW_PRICE_BASIS,False,False
2025-06-10|72990,2025-06-10,72990,10:30,15:00,210,UNAVAILABLE,0,5,,,SCALE_INSUFFICIENT,,True,,,,CURRENT_BAR_UNAVAILABLE,OBSERVATION_INSUFFICIENT,9,0,0,False,0,0,False,INHERITED_RAW_PRICE_BASIS,False,False
2025-06-10|72990,2025-06-10,72990,10:30,15:05,215,PARTIAL,1,4,,,SCALE_INSUFFICIENT,,True,,,,CURRENT_BAR_UNAVAILABLE,OBSERVATION_INSUFFICIENT,10,0,0,False,0,0,False,INHERITED_RAW_PRICE_BASIS,False,False
2025-06-10|72990,2025-06-10,72990,10:30,15:10,220,UNAVAILABLE,0,5,,,SCALE_INSUFFICIENT,,True,,,,CURRENT_BAR_UNAVAILABLE,OBSERVATION_INSUFFICIENT,9,0,0,False,0,0,False,INHERITED_RAW_PRICE_BASIS,False,False
2025-06-10|72990,2025-06-10,72990,10:30,15:15,225,UNAVAILABLE,0,5,,,SCALE_INSUFFICIENT,,True,,,,CURRENT_BAR_UNAVAILABLE,OBSERVATION_INSUFFICIENT,8,0,0,False,0,0,False,INHERITED_RAW_PRICE_BASIS,False,False
2025-06-10|72990,2025-06-10,72990,10:30,15:20,230,PARTIAL,1,4,,,SCALE_INSUFFICIENT,,True,,,,SCALE_UNAVAILABLE,RIGHT_CENSORED,4,0,0,False,0,0,False,INHERITED_RAW_PRICE_BASIS,False,False
2025-06-10|72990,2025-06-10,72990,10:30,15:25,235,PARTIAL,1,4,,,SCALE_INSUFFICIENT,,True,,,,CURRENT_BAR_UNAVAILABLE,RIGHT_CENSORED,0,0,0,False,3,0,False,INHERITED_RAW_PRICE_BASIS,False,False
2025-06-10|92460,2025-06-10,92460,11:30,11:30,0,PARTIAL,1,4,,,SCALE_INSUFFICIENT,,False,,,,CURRENT_BAR_UNAVAILABLE,OBSERVATION_INSUFFICIENT,6,0,0,False,0,0,False,INHERITED_RAW_PRICE_BASIS,False,False
2025-06-10|92460,2025-06-10,92460,11:30,12:35,5,PARTIAL,2,3,,,SCALE_INSUFFICIENT,,False,,,,CURRENT_BAR_UNAVAILABLE,OBSERVATION_INSUFFICIENT,8,0,0,False,0,0,False,INHERITED_RAW_PRICE_BASIS,False,False
2025-06-10|92460,2025-06-10,92460,11:30,12:40,10,PARTIAL,2,3,,,SCALE_INSUFFICIENT,,False,,,,CURRENT_BAR_UNAVAILABLE,OBSERVATION_INSUFFICIENT,9,0,0,False,0,0,False,INHERITED_RAW_PRICE_BASIS,False,False
2025-06-10|92460,2025-06-10,92460,11:30,12:45,15,UNAVAILABLE,0,5,,,SCALE_INSUFFICIENT,,False,,,,CURRENT_BAR_UNAVAILABLE,OBSERVATION_INSUFFICIENT,9,0,0,False,0,0,False,INHERITED_RAW_PRICE_BASIS,False,False
2025-06-10|92460,2025-06-10,92460,11:30,12:50,20,PARTIAL,1,4,,,SCALE_INSUFFICIENT,,False,,,,CURRENT_BAR_UNAVAILABLE,OBSERVATION_INSUFFICIENT,10,0,0,False,0,0,False,INHERITED_RAW_PRICE_BASIS,False,False
2025-06-10|92460,2025-06-10,92460,11:30,12:55,25,UNAVAILABLE,0,5,,,SCALE_INSUFFICIENT,,False,,,,CURRENT_BAR_UNAVAILABLE,OBSERVATION_INSUFFICIENT,9,0,0,False,0,0,False,INHERITED_RAW_PRICE_BASIS,False,False
2025-06-10|92460,2025-06-10,92460,11:30,13:00,30,UNAVAILABLE,0,5,,,SCALE_INSUFFICIENT,,False,,,,CURRENT_BAR_UNAVAILABLE,OBSERVATION_INSUFFICIENT,7,0,0,False,0,0,False,INHERITED_RAW_PRICE_BASIS,False,False
2025-06-10|92460,2025-06-10,92460,11:30,13:05,35,PARTIAL,1,4,,,SCALE_INSUFFICIENT,,False,,,,SCALE_UNAVAILABLE,OBSERVATION_INSUFFICIENT,8,0,0,False,0,0,False,INHERITED_RAW_PRICE_BASIS,False,False
2025-06-10|92460,2025-06-10,92460,11:30,13:10,40,PARTIAL,2,3,,,SCALE_INSUFFICIENT,,False,,,,CURRENT_BAR_UNAVAILABLE,OBSERVATION_INSUFFICIENT,10,0,0,False,0,0,False,INHERITED_RAW_PRICE_BASIS,False,False
2025-06-10|92460,2025-06-10,92460,11:30,13:15,45,UNAVAILABLE,0,5,,,SCALE_INSUFFICIENT,,False,,,,CURRENT_BAR_UNAVAILABLE,OBSERVATION_INSUFFICIENT,8,0,0,False,0,0,False,INHERITED_RAW_PRICE_BASIS,False,False
2025-06-10|92460,2025-06-10,92460,11:30,13:20,50,UNAVAILABLE,0,5,,,SCALE_INSUFFICIENT,,False,,,,CURRENT_BAR_UNAVAILABLE,OBSERVATION_INSUFFICIENT,8,0,0,False,0,0,False,INHERITED_RAW_PRICE_BASIS,False,False
2025-06-10|92460,2025-06-10,92460,11:30,13:25,55,PARTIAL,2,3,,,SCALE_INSUFFICIENT,,False,,,,CURRENT_BAR_UNAVAILABLE,OBSERVATION_INSUFFICIENT,10,0,0,False,0,0,False,INHERITED_RAW_PRICE_BASIS,False,False
2025-06-10|92460,2025-06-10,92460,11:30,13:30,60,UNAVAILABLE,0,5,,,SCALE_INSUFFICIENT,,False,,,,CURRENT_BAR_UNAVAILABLE,OBSERVATION_INSUFFICIENT,10,0,0,False,0,0,False,INHERITED_RAW_PRICE_BASIS,False,False
2025-06-10|92460,2025-06-10,92460,11:30,13:35,65,UNAVAILABLE,0,5,,,SCALE_INSUFFICIENT,,False,,,,CURRENT_BAR_UNAVAILABLE,OBSERVATION_INSUFFICIENT,10,0,0,False,0,0,False,INHERITED_RAW_PRICE_BASIS,False,False
2025-06-10|92460,2025-06-10,92460,11:30,13:40,70,UNAVAILABLE,0,5,,,SCALE_INSUFFICIENT,,False,,,,CURRENT_BAR_UNAVAILABLE,OBSERVATION_INSUFFICIENT,10,0,0,False,0,0,False,INHERITED_RAW_PRICE_BASIS,False,False
2025-06-10|92460,2025-06-10,92460,11:30,13:45,75,UNAVAILABLE,0,5,,,SCALE_INSUFFICIENT,,False,,,,CURRENT_BAR_UNAVAILABLE,OBSERVATION_INSUFFICIENT,10,0,0,False,0,0,False,INHERITED_RAW_PRICE_BASIS,False,False
2025-06-10|92460,2025-06-10,92460,11:30,13:50,80,UNAVAILABLE,0,5,,,SCALE_INSUFFICIENT,,False,,,,CURRENT_BAR_UNAVAILABLE,OBSERVATION_INSUFFICIENT,10,0,0,False,0,0,False,INHERITED_RAW_PRICE_BASIS,False,False
2025-06-10|92460,2025-06-10,92460,11:30,13:55,85,UNAVAILABLE,0,5,,,SCALE_INSUFFICIENT,,False,,,,CURRENT_BAR_UNAVAILABLE,OBSERVATION_INSUFFICIENT,10,0,0,False,0,0,False,INHERITED_RAW_PRICE_BASIS,False,False
2025-06-10|92460,2025-06-10,92460,11:30,14:00,90,UNAVAILABLE,0,5,,,SCALE_INSUFFICIENT,,False,,,,CURRENT_BAR_UNAVAILABLE,OBSERVATION_INSUFFICIENT,10,0,0,False,0,0,False,INHERITED_RAW_PRICE_BASIS,False,False
2025-06-10|92460,2025-06-10,92460,11:30,14:05,95,UNAVAILABLE,0,5,,,SCALE_INSUFFICIENT,,False,,,,CURRENT_BAR_UNAVAILABLE,OBSERVATION_INSUFFICIENT,9,0,0,False,0,0,False,INHERITED_RAW_PRICE_BASIS,False,False
2025-06-10|92460,2025-06-10,92460,11:30,14:10,100,UNAVAILABLE,0,5,,,SCALE_INSUFFICIENT,,False,,,,CURRENT_BAR_UNAVAILABLE,OBSERVATION_INSUFFICIENT,9,0,0,False,0,0,False,INHERITED_RAW_PRICE_BASIS,False,False
2025-06-10|92460,2025-06-10,92460,11:30,14:15,105,PARTIAL,1,4,,,SCALE_INSUFFICIENT,,False,,,,CURRENT_BAR_UNAVAILABLE,OBSERVATION_INSUFFICIENT,10,0,0,False,0,0,False,INHERITED_RAW_PRICE_BASIS,False,False
2025-06-10|92460,2025-06-10,92460,11:30,14:20,110,UNAVAILABLE,0,5,,,SCALE_INSUFFICIENT,,False,,,,CURRENT_BAR_UNAVAILABLE,OBSERVATION_INSUFFICIENT,10,0,0,False,0,0,False,INHERITED_RAW_PRICE_BASIS,False,False
2025-06-10|92460,2025-06-10,92460,11:30,14:25,115,UNAVAILABLE,0,5,,,SCALE_INSUFFICIENT,,False,,,,CURRENT_BAR_UNAVAILABLE,OBSERVATION_INSUFFICIENT,10,0,0,False,0,0,False,INHERITED_RAW_PRICE_BASIS,False,False
2025-06-10|92460,2025-06-10,92460,11:30,14:30,120,UNAVAILABLE,0,5,,,SCALE_INSUFFICIENT,,False,,,,CURRENT_BAR_UNAVAILABLE,OBSERVATION_INSUFFICIENT,10,0,0,False,0,0,False,INHERITED_RAW_PRICE_BASIS,False,False
2025-06-10|92460,2025-06-10,92460,11:30,14:35,125,UNAVAILABLE,0,5,,,SCALE_INSUFFICIENT,,False,,,,CURRENT_BAR_UNAVAILABLE,OBSERVATION_INSUFFICIENT,10,0,0,False,0,0,False,INHERITED_RAW_PRICE_BASIS,False,False
2025-06-10|92460,2025-06-10,92460,11:30,14:40,130,UNAVAILABLE,0,5,,,SCALE_INSUFFICIENT,,False,,,,CURRENT_BAR_UNAVAILABLE,OBSERVATION_INSUFFICIENT,10,0,0,False,0,0,False,INHERITED_RAW_PRICE_BASIS,False,False
2025-06-10|92460,2025-06-10,92460,11:30,14:45,135,UNAVAILABLE,0,5,,,SCALE_INSUFFICIENT,,False,,,,CURRENT_BAR_UNAVAILABLE,OBSERVATION_INSUFFICIENT,10,0,0,False,0,0,False,INHERITED_RAW_PRICE_BASIS,False,False
2025-06-10|92460,2025-06-10,92460,11:30,14:50,140,UNAVAILABLE,0,5,,,SCALE_INSUFFICIENT,,False,,,,CURRENT_BAR_UNAVAILABLE,OBSERVATION_INSUFFICIENT,9,0,0,False,0,0,False,INHERITED_RAW_PRICE_BASIS,False,False
2025-06-10|92460,2025-06-10,92460,11:30,14:55,145,UNAVAILABLE,0,5,,,SCALE_INSUFFICIENT,,False,,,,CURRENT_BAR_UNAVAILABLE,OBSERVATION_INSUFFICIENT,9,0,0,False,0,0,False,INHERITED_RAW_PRICE_BASIS,False,False
2025-06-10|92460,2025-06-10,92460,11:30,15:00,150,PARTIAL,1,4,,,SCALE_INSUFFICIENT,,False,,,,SCALE_UNAVAILABLE,OBSERVATION_INSUFFICIENT,10,0,0,False,0,0,False,INHERITED_RAW_PRICE_BASIS,False,False
2025-06-10|92460,2025-06-10,92460,11:30,15:05,155,UNAVAILABLE,0,5,,,SCALE_INSUFFICIENT,,False,,,,CURRENT_BAR_UNAVAILABLE,OBSERVATION_INSUFFICIENT,10,0,0,False,0,0,False,INHERITED_RAW_PRICE_BASIS,False,False
2025-06-10|92460,2025-06-10,92460,11:30,15:10,160,UNAVAILABLE,0,5,,,SCALE_INSUFFICIENT,,False,,,,CURRENT_BAR_UNAVAILABLE,OBSERVATION_INSUFFICIENT,10,0,0,False,0,0,False,INHERITED_RAW_PRICE_BASIS,False,False
2025-06-10|92460,2025-06-10,92460,11:30,15:15,165,UNAVAILABLE,0,5,,,SCALE_INSUFFICIENT,,False,,,,CURRENT_BAR_UNAVAILABLE,OBSERVATION_INSUFFICIENT,10,0,0,False,0,0,False,INHERITED_RAW_PRICE_BASIS,False,False
2025-06-10|92460,2025-06-10,92460,11:30,15:20,170,UNAVAILABLE,0,5,,,SCALE_INSUFFICIENT,,False,,,,CURRENT_BAR_UNAVAILABLE,RIGHT_CENSORED,5,0,0,False,0,0,False,INHERITED_RAW_PRICE_BASIS,False,False
2025-06-10|92460,2025-06-10,92460,11:30,15:25,175,UNAVAILABLE,0,5,,,SCALE_INSUFFICIENT,,False,,,,CURRENT_BAR_UNAVAILABLE,RIGHT_CENSORED,0,0,0,False,0,0,False,INHERITED_RAW_PRICE_BASIS,False,False
