opportunity,session,symbol,selectorTime,asOf,elapsedActiveMinutes,observation,observed1m,missing1m,direction,return5Pct,scaleStatus,scale,dailyComplete5,structure,phase,attributes,stateReason,futureStatus,futureMissing,lateConfirmedPivots,pivotN,localRange,sameBarOrderAmbiguities,closedCrossEvents,semanticAny,contextPriceBasis,transitionObservablePair,phaseChanged
2025-08-20|143A0,2025-08-20,143A0,10:30,10:30,0,PARTIAL,1,4,,,SCALE_INSUFFICIENT,,True,,,,CURRENT_BAR_UNAVAILABLE,OBSERVATION_INSUFFICIENT,10,0,0,False,0,0,False,INHERITED_RAW_PRICE_BASIS,False,False
2025-08-20|143A0,2025-08-20,143A0,10:30,10:35,5,UNAVAILABLE,0,5,,,SCALE_INSUFFICIENT,,True,,,,CURRENT_BAR_UNAVAILABLE,OBSERVATION_INSUFFICIENT,10,0,0,False,0,0,False,INHERITED_RAW_PRICE_BASIS,False,False
2025-08-20|143A0,2025-08-20,143A0,10:30,10:40,10,UNAVAILABLE,0,5,,,SCALE_INSUFFICIENT,,True,,,,CURRENT_BAR_UNAVAILABLE,OBSERVATION_INSUFFICIENT,10,0,0,False,0,0,False,INHERITED_RAW_PRICE_BASIS,False,False
2025-08-20|143A0,2025-08-20,143A0,10:30,10:45,15,UNAVAILABLE,0,5,,,SCALE_INSUFFICIENT,,True,,,,CURRENT_BAR_UNAVAILABLE,OBSERVATION_INSUFFICIENT,10,0,0,False,0,0,False,INHERITED_RAW_PRICE_BASIS,False,False
2025-08-20|143A0,2025-08-20,143A0,10:30,10:50,20,UNAVAILABLE,0,5,,,SCALE_INSUFFICIENT,,True,,,,CURRENT_BAR_UNAVAILABLE,OBSERVATION_INSUFFICIENT,9,0,0,False,0,0,False,INHERITED_RAW_PRICE_BASIS,False,False
2025-08-20|143A0,2025-08-20,143A0,10:30,10:55,25,UNAVAILABLE,0,5,,,SCALE_INSUFFICIENT,,True,,,,CURRENT_BAR_UNAVAILABLE,OBSERVATION_INSUFFICIENT,9,0,0,False,0,0,False,INHERITED_RAW_PRICE_BASIS,False,False
2025-08-20|143A0,2025-08-20,143A0,10:30,11:00,30,PARTIAL,1,4,,,SCALE_INSUFFICIENT,,True,,,,SCALE_UNAVAILABLE,OBSERVATION_INSUFFICIENT,10,0,0,False,0,0,False,INHERITED_RAW_PRICE_BASIS,False,False
2025-08-20|143A0,2025-08-20,143A0,10:30,11:05,35,UNAVAILABLE,0,5,,,SCALE_INSUFFICIENT,,True,,,,CURRENT_BAR_UNAVAILABLE,OBSERVATION_INSUFFICIENT,10,0,0,False,0,0,False,INHERITED_RAW_PRICE_BASIS,False,False
2025-08-20|143A0,2025-08-20,143A0,10:30,11:10,40,UNAVAILABLE,0,5,,,SCALE_INSUFFICIENT,,True,,,,CURRENT_BAR_UNAVAILABLE,OBSERVATION_INSUFFICIENT,9,0,0,False,0,0,False,INHERITED_RAW_PRICE_BASIS,False,False
2025-08-20|143A0,2025-08-20,143A0,10:30,11:15,45,UNAVAILABLE,0,5,,,SCALE_INSUFFICIENT,,True,,,,CURRENT_BAR_UNAVAILABLE,OBSERVATION_INSUFFICIENT,8,0,0,False,0,0,False,INHERITED_RAW_PRICE_BASIS,False,False
2025-08-20|143A0,2025-08-20,143A0,10:30,11:20,50,PARTIAL,1,4,,,SCALE_INSUFFICIENT,,True,,,,CURRENT_BAR_UNAVAILABLE,OBSERVATION_INSUFFICIENT,9,0,0,False,0,0,False,INHERITED_RAW_PRICE_BASIS,False,False
2025-08-20|143A0,2025-08-20,143A0,10:30,11:25,55,PARTIAL,1,4,,,SCALE_INSUFFICIENT,,True,,,,SCALE_UNAVAILABLE,OBSERVATION_INSUFFICIENT,10,0,0,False,0,0,False,INHERITED_RAW_PRICE_BASIS,False,False
2025-08-20|143A0,2025-08-20,143A0,10:30,11:30,60,UNAVAILABLE,0,5,,,SCALE_INSUFFICIENT,,True,,,,CURRENT_BAR_UNAVAILABLE,OBSERVATION_INSUFFICIENT,10,0,0,False,0,0,False,INHERITED_RAW_PRICE_BASIS,False,False
2025-08-20|143A0,2025-08-20,143A0,10:30,12:35,65,UNAVAILABLE,0,5,,,SCALE_INSUFFICIENT,,True,,,,CURRENT_BAR_UNAVAILABLE,OBSERVATION_INSUFFICIENT,9,0,0,False,0,0,False,INHERITED_RAW_PRICE_BASIS,False,False
2025-08-20|143A0,2025-08-20,143A0,10:30,12:40,70,UNAVAILABLE,0,5,,,SCALE_INSUFFICIENT,,True,,,,CURRENT_BAR_UNAVAILABLE,OBSERVATION_INSUFFICIENT,9,0,0,False,0,0,False,INHERITED_RAW_PRICE_BASIS,False,False
2025-08-20|143A0,2025-08-20,143A0,10:30,12:45,75,PARTIAL,1,4,,,SCALE_INSUFFICIENT,,True,,,,CURRENT_BAR_UNAVAILABLE,OBSERVATION_INSUFFICIENT,10,0,0,False,0,0,False,INHERITED_RAW_PRICE_BASIS,False,False
2025-08-20|143A0,2025-08-20,143A0,10:30,12:50,80,UNAVAILABLE,0,5,,,SCALE_INSUFFICIENT,,True,,,,CURRENT_BAR_UNAVAILABLE,OBSERVATION_INSUFFICIENT,10,0,0,False,0,0,False,INHERITED_RAW_PRICE_BASIS,False,False
2025-08-20|143A0,2025-08-20,143A0,10:30,12:55,85,UNAVAILABLE,0,5,,,SCALE_INSUFFICIENT,,True,,,,CURRENT_BAR_UNAVAILABLE,OBSERVATION_INSUFFICIENT,10,0,0,False,0,0,False,INHERITED_RAW_PRICE_BASIS,False,False
2025-08-20|143A0,2025-08-20,143A0,10:30,13:00,90,UNAVAILABLE,0,5,,,SCALE_INSUFFICIENT,,True,,,,CURRENT_BAR_UNAVAILABLE,OBSERVATION_INSUFFICIENT,10,0,0,False,0,0,False,INHERITED_RAW_PRICE_BASIS,False,False
2025-08-20|143A0,2025-08-20,143A0,10:30,13:05,95,UNAVAILABLE,0,5,,,SCALE_INSUFFICIENT,,True,,,,CURRENT_BAR_UNAVAILABLE,OBSERVATION_INSUFFICIENT,10,0,0,False,0,0,False,INHERITED_RAW_PRICE_BASIS,False,False
2025-08-20|143A0,2025-08-20,143A0,10:30,13:10,100,UNAVAILABLE,0,5,,,SCALE_INSUFFICIENT,,True,,,,CURRENT_BAR_UNAVAILABLE,OBSERVATION_INSUFFICIENT,10,0,0,False,0,0,False,INHERITED_RAW_PRICE_BASIS,False,False
2025-08-20|143A0,2025-08-20,143A0,10:30,13:15,105,UNAVAILABLE,0,5,,,SCALE_INSUFFICIENT,,True,,,,CURRENT_BAR_UNAVAILABLE,OBSERVATION_INSUFFICIENT,10,0,0,False,0,0,False,INHERITED_RAW_PRICE_BASIS,False,False
2025-08-20|143A0,2025-08-20,143A0,10:30,13:20,110,UNAVAILABLE,0,5,,,SCALE_INSUFFICIENT,,True,,,,CURRENT_BAR_UNAVAILABLE,OBSERVATION_INSUFFICIENT,9,0,0,False,0,0,False,INHERITED_RAW_PRICE_BASIS,False,False
2025-08-20|143A0,2025-08-20,143A0,10:30,13:25,115,UNAVAILABLE,0,5,,,SCALE_INSUFFICIENT,,True,,,,CURRENT_BAR_UNAVAILABLE,OBSERVATION_INSUFFICIENT,9,0,0,False,0,0,False,INHERITED_RAW_PRICE_BASIS,False,False
2025-08-20|143A0,2025-08-20,143A0,10:30,13:30,120,PARTIAL,1,4,,,SCALE_INSUFFICIENT,,True,,,,CURRENT_BAR_UNAVAILABLE,OBSERVATION_INSUFFICIENT,10,0,0,False,0,0,False,INHERITED_RAW_PRICE_BASIS,False,False
2025-08-20|143A0,2025-08-20,143A0,10:30,13:35,125,UNAVAILABLE,0,5,,,SCALE_INSUFFICIENT,,True,,,,CURRENT_BAR_UNAVAILABLE,OBSERVATION_INSUFFICIENT,10,0,0,False,0,0,False,INHERITED_RAW_PRICE_BASIS,False,False
2025-08-20|143A0,2025-08-20,143A0,10:30,13:40,130,UNAVAILABLE,0,5,,,SCALE_INSUFFICIENT,,True,,,,CURRENT_BAR_UNAVAILABLE,OBSERVATION_INSUFFICIENT,9,0,0,False,0,0,False,INHERITED_RAW_PRICE_BASIS,False,False
2025-08-20|143A0,2025-08-20,143A0,10:30,13:45,135,UNAVAILABLE,0,5,,,SCALE_INSUFFICIENT,,True,,,,CURRENT_BAR_UNAVAILABLE,OBSERVATION_INSUFFICIENT,9,0,0,False,0,0,False,INHERITED_RAW_PRICE_BASIS,False,False
2025-08-20|143A0,2025-08-20,143A0,10:30,13:50,140,PARTIAL,1,4,,,SCALE_INSUFFICIENT,,True,,,,CURRENT_BAR_UNAVAILABLE,OBSERVATION_INSUFFICIENT,10,0,0,False,0,0,False,INHERITED_RAW_PRICE_BASIS,False,False
2025-08-20|143A0,2025-08-20,143A0,10:30,13:55,145,UNAVAILABLE,0,5,,,SCALE_INSUFFICIENT,,True,,,,CURRENT_BAR_UNAVAILABLE,OBSERVATION_INSUFFICIENT,10,0,0,False,0,0,False,INHERITED_RAW_PRICE_BASIS,False,False
2025-08-20|143A0,2025-08-20,143A0,10:30,14:00,150,UNAVAILABLE,0,5,,,SCALE_INSUFFICIENT,,True,,,,CURRENT_BAR_UNAVAILABLE,OBSERVATION_INSUFFICIENT,10,0,0,False,0,0,False,INHERITED_RAW_PRICE_BASIS,False,False
2025-08-20|143A0,2025-08-20,143A0,10:30,14:05,155,UNAVAILABLE,0,5,,,SCALE_INSUFFICIENT,,True,,,,CURRENT_BAR_UNAVAILABLE,OBSERVATION_INSUFFICIENT,8,0,0,False,0,0,False,INHERITED_RAW_PRICE_BASIS,False,False
2025-08-20|143A0,2025-08-20,143A0,10:30,14:10,160,UNAVAILABLE,0,5,,,SCALE_INSUFFICIENT,,True,,,,CURRENT_BAR_UNAVAILABLE,OBSERVATION_INSUFFICIENT,8,0,0,False,0,0,False,INHERITED_RAW_PRICE_BASIS,False,False
2025-08-20|143A0,2025-08-20,143A0,10:30,14:15,165,PARTIAL,2,3,,,SCALE_INSUFFICIENT,,True,,,,SCALE_UNAVAILABLE,OBSERVATION_INSUFFICIENT,10,0,0,False,0,0,False,INHERITED_RAW_PRICE_BASIS,False,False
2025-08-20|143A0,2025-08-20,143A0,10:30,14:20,170,UNAVAILABLE,0,5,,,SCALE_INSUFFICIENT,,True,,,,CURRENT_BAR_UNAVAILABLE,OBSERVATION_INSUFFICIENT,10,0,0,False,0,0,False,INHERITED_RAW_PRICE_BASIS,False,False
2025-08-20|143A0,2025-08-20,143A0,10:30,14:25,175,UNAVAILABLE,0,5,,,SCALE_INSUFFICIENT,,True,,,,CURRENT_BAR_UNAVAILABLE,OBSERVATION_INSUFFICIENT,9,0,0,False,0,0,False,INHERITED_RAW_PRICE_BASIS,False,False
2025-08-20|143A0,2025-08-20,143A0,10:30,14:30,180,UNAVAILABLE,0,5,,,SCALE_INSUFFICIENT,,True,,,,CURRENT_BAR_UNAVAILABLE,OBSERVATION_INSUFFICIENT,9,0,0,False,0,0,False,INHERITED_RAW_PRICE_BASIS,False,False
2025-08-20|143A0,2025-08-20,143A0,10:30,14:35,185,PARTIAL,1,4,,,SCALE_INSUFFICIENT,,True,,,,SCALE_UNAVAILABLE,OBSERVATION_INSUFFICIENT,10,0,0,False,0,0,False,INHERITED_RAW_PRICE_BASIS,False,False
2025-08-20|143A0,2025-08-20,143A0,10:30,14:40,190,UNAVAILABLE,0,5,,,SCALE_INSUFFICIENT,,True,,,,CURRENT_BAR_UNAVAILABLE,OBSERVATION_INSUFFICIENT,10,0,0,False,0,0,False,INHERITED_RAW_PRICE_BASIS,False,False
2025-08-20|143A0,2025-08-20,143A0,10:30,14:45,195,UNAVAILABLE,0,5,,,SCALE_INSUFFICIENT,,True,,,,CURRENT_BAR_UNAVAILABLE,OBSERVATION_INSUFFICIENT,10,0,0,False,0,0,False,INHERITED_RAW_PRICE_BASIS,False,False
2025-08-20|143A0,2025-08-20,143A0,10:30,14:50,200,UNAVAILABLE,0,5,,,SCALE_INSUFFICIENT,,True,,,,CURRENT_BAR_UNAVAILABLE,OBSERVATION_INSUFFICIENT,10,0,0,False,0,0,False,INHERITED_RAW_PRICE_BASIS,False,False
2025-08-20|143A0,2025-08-20,143A0,10:30,14:55,205,UNAVAILABLE,0,5,,,SCALE_INSUFFICIENT,,True,,,,CURRENT_BAR_UNAVAILABLE,OBSERVATION_INSUFFICIENT,9,0,0,False,0,0,False,INHERITED_RAW_PRICE_BASIS,False,False
2025-08-20|143A0,2025-08-20,143A0,10:30,15:00,210,UNAVAILABLE,0,5,,,SCALE_INSUFFICIENT,,True,,,,CURRENT_BAR_UNAVAILABLE,OBSERVATION_INSUFFICIENT,9,0,0,False,0,0,False,INHERITED_RAW_PRICE_BASIS,False,False
2025-08-20|143A0,2025-08-20,143A0,10:30,15:05,215,PARTIAL,1,4,,,SCALE_INSUFFICIENT,,True,,,,SCALE_UNAVAILABLE,OBSERVATION_INSUFFICIENT,9,0,0,False,0,0,False,INHERITED_RAW_PRICE_BASIS,False,False
2025-08-20|143A0,2025-08-20,143A0,10:30,15:10,220,UNAVAILABLE,0,5,,,SCALE_INSUFFICIENT,,True,,,,CURRENT_BAR_UNAVAILABLE,OBSERVATION_INSUFFICIENT,8,0,0,False,0,0,False,INHERITED_RAW_PRICE_BASIS,False,False
2025-08-20|143A0,2025-08-20,143A0,10:30,15:15,225,PARTIAL,1,4,,,SCALE_INSUFFICIENT,,True,,,,CURRENT_BAR_UNAVAILABLE,OBSERVATION_INSUFFICIENT,7,0,0,False,0,0,False,INHERITED_RAW_PRICE_BASIS,False,False
2025-08-20|143A0,2025-08-20,143A0,10:30,15:20,230,PARTIAL,1,4,,,SCALE_INSUFFICIENT,,True,,,,SCALE_UNAVAILABLE,RIGHT_CENSORED,3,0,0,False,0,0,False,INHERITED_RAW_PRICE_BASIS,False,False
2025-08-20|143A0,2025-08-20,143A0,10:30,15:25,235,PARTIAL,2,3,,,SCALE_INSUFFICIENT,,True,,,,SCALE_UNAVAILABLE,RIGHT_CENSORED,0,0,0,False,0,0,False,INHERITED_RAW_PRICE_BASIS,False,False
2025-08-20|23230,2025-08-20,23230,11:30,11:30,0,COMPLETE,5,0,DOWN,-0.1524390243902439,AVAILABLE,11.0,True,,,,UNRESOLVED_STRUCTURE,OBSERVATION_INSUFFICIENT,1,0,0,False,3,3,False,INHERITED_RAW_PRICE_BASIS,False,False
2025-08-20|23230,2025-08-20,23230,11:30,12:35,5,COMPLETE,5,0,DOWN,-3.3587786259541983,AVAILABLE,11.0,True,,,,UNRESOLVED_STRUCTURE,OBSERVATION_INSUFFICIENT,1,1,2,False,1,4,False,INHERITED_RAW_PRICE_BASIS,True,False
2025-08-20|23230,2025-08-20,23230,11:30,12:40,10,PARTIAL,4,1,,,AVAILABLE,11.0,True,,,,UNRESOLVED_STRUCTURE,OBSERVATION_INSUFFICIENT,1,1,1,False,0,0,False,INHERITED_RAW_PRICE_BASIS,False,False
2025-08-20|23230,2025-08-20,23230,11:30,12:45,15,COMPLETE,5,0,UP,1.5649452269170578,AVAILABLE,11.0,True,,,,UNRESOLVED_STRUCTURE,OBSERVATION_INSUFFICIENT,2,1,1,False,0,0,False,INHERITED_RAW_PRICE_BASIS,False,False
2025-08-20|23230,2025-08-20,23230,11:30,12:50,20,PARTIAL,4,1,,,AVAILABLE,11.0,True,,,,UNRESOLVED_STRUCTURE,OBSERVATION_INSUFFICIENT,1,1,1,False,0,0,False,INHERITED_RAW_PRICE_BASIS,False,False
2025-08-20|23230,2025-08-20,23230,11:30,12:55,25,PARTIAL,4,1,,,AVAILABLE,11.0,True,,,,CURRENT_BAR_UNAVAILABLE,WINDOW_OBSERVED,0,0,0,False,3,3,False,INHERITED_RAW_PRICE_BASIS,False,False
2025-08-20|23230,2025-08-20,23230,11:30,13:00,30,COMPLETE,5,0,DOWN,-3.5242290748898677,AVAILABLE,11.0,True,,,,UNRESOLVED_STRUCTURE,OBSERVATION_INSUFFICIENT,2,0,1,False,0,0,False,INHERITED_RAW_PRICE_BASIS,False,False
2025-08-20|23230,2025-08-20,23230,11:30,13:05,35,COMPLETE,5,0,UNCHANGED,0.0,AVAILABLE,11.0,True,,,RANGE_COMPRESSION|VOLUME_COMPRESSION|TRADING_VALUE_COMPRESSION,UNRESOLVED_STRUCTURE,OBSERVATION_INSUFFICIENT,4,0,1,False,1,3,False,INHERITED_RAW_PRICE_BASIS,True,False
2025-08-20|23230,2025-08-20,23230,11:30,13:10,40,PARTIAL,3,2,,,AVAILABLE,11.0,True,,,,CURRENT_BAR_UNAVAILABLE,OBSERVATION_INSUFFICIENT,3,0,0,False,0,0,False,INHERITED_RAW_PRICE_BASIS,False,False
2025-08-20|23230,2025-08-20,23230,11:30,13:15,45,PARTIAL,3,2,,,AVAILABLE,11.0,True,,,,UNRESOLVED_STRUCTURE,OBSERVATION_INSUFFICIENT,3,0,0,False,0,0,False,INHERITED_RAW_PRICE_BASIS,False,False
2025-08-20|23230,2025-08-20,23230,11:30,13:20,50,PARTIAL,4,1,,,AVAILABLE,11.0,True,,,,UNRESOLVED_STRUCTURE,OBSERVATION_INSUFFICIENT,5,0,0,False,0,0,False,INHERITED_RAW_PRICE_BASIS,False,False
2025-08-20|23230,2025-08-20,23230,11:30,13:25,55,PARTIAL,3,2,,,AVAILABLE,11.0,True,,,,UNRESOLVED_STRUCTURE,OBSERVATION_INSUFFICIENT,5,0,0,False,0,0,False,INHERITED_RAW_PRICE_BASIS,False,False
2025-08-20|23230,2025-08-20,23230,11:30,13:30,60,PARTIAL,2,3,,,AVAILABLE,11.0,True,,,,UNRESOLVED_STRUCTURE,OBSERVATION_INSUFFICIENT,3,0,0,False,0,0,False,INHERITED_RAW_PRICE_BASIS,False,False
2025-08-20|23230,2025-08-20,23230,11:30,13:35,65,PARTIAL,3,2,,,AVAILABLE,11.0,True,,,,UNRESOLVED_STRUCTURE,OBSERVATION_INSUFFICIENT,5,0,0,False,0,0,False,INHERITED_RAW_PRICE_BASIS,False,False
2025-08-20|23230,2025-08-20,23230,11:30,13:40,70,PARTIAL,4,1,,,AVAILABLE,11.0,True,,,,UNRESOLVED_STRUCTURE,OBSERVATION_INSUFFICIENT,6,0,0,False,0,0,False,INHERITED_RAW_PRICE_BASIS,False,False
2025-08-20|23230,2025-08-20,23230,11:30,13:45,75,PARTIAL,1,4,,,AVAILABLE,11.0,True,,,,CURRENT_BAR_UNAVAILABLE,OBSERVATION_INSUFFICIENT,4,0,0,False,0,0,False,INHERITED_RAW_PRICE_BASIS,False,False
2025-08-20|23230,2025-08-20,23230,11:30,13:50,80,PARTIAL,3,2,,,AVAILABLE,11.0,True,,,,UNRESOLVED_STRUCTURE,OBSERVATION_INSUFFICIENT,6,0,0,False,0,0,False,INHERITED_RAW_PRICE_BASIS,False,False
2025-08-20|23230,2025-08-20,23230,11:30,13:55,85,PARTIAL,3,2,,,AVAILABLE,11.0,True,,,,CURRENT_BAR_UNAVAILABLE,OBSERVATION_INSUFFICIENT,6,0,0,False,0,0,False,INHERITED_RAW_PRICE_BASIS,False,False
2025-08-20|23230,2025-08-20,23230,11:30,14:00,90,PARTIAL,1,4,,,AVAILABLE,11.0,True,,,,CURRENT_BAR_UNAVAILABLE,OBSERVATION_INSUFFICIENT,5,0,0,False,0,0,False,INHERITED_RAW_PRICE_BASIS,False,False
2025-08-20|23230,2025-08-20,23230,11:30,14:05,95,PARTIAL,3,2,,,AVAILABLE,11.0,True,,,,CURRENT_BAR_UNAVAILABLE,OBSERVATION_INSUFFICIENT,4,0,0,False,0,0,False,INHERITED_RAW_PRICE_BASIS,False,False
2025-08-20|23230,2025-08-20,23230,11:30,14:10,100,PARTIAL,2,3,,,AVAILABLE,11.0,True,,,,CURRENT_BAR_UNAVAILABLE,OBSERVATION_INSUFFICIENT,4,0,0,False,0,0,False,INHERITED_RAW_PRICE_BASIS,False,False
2025-08-20|23230,2025-08-20,23230,11:30,14:15,105,PARTIAL,4,1,,,AVAILABLE,11.0,True,,,,UNRESOLVED_STRUCTURE,OBSERVATION_INSUFFICIENT,5,0,0,False,3,3,False,INHERITED_RAW_PRICE_BASIS,False,False
2025-08-20|23230,2025-08-20,23230,11:30,14:20,110,PARTIAL,2,3,,,AVAILABLE,11.0,True,,,,UNRESOLVED_STRUCTURE,OBSERVATION_INSUFFICIENT,4,0,0,False,0,0,False,INHERITED_RAW_PRICE_BASIS,False,False
2025-08-20|23230,2025-08-20,23230,11:30,14:25,115,PARTIAL,3,2,,,AVAILABLE,11.0,True,,,,CURRENT_BAR_UNAVAILABLE,OBSERVATION_INSUFFICIENT,4,0,0,False,0,0,False,INHERITED_RAW_PRICE_BASIS,False,False
2025-08-20|23230,2025-08-20,23230,11:30,14:30,120,PARTIAL,3,2,,,AVAILABLE,11.0,True,,,,UNRESOLVED_STRUCTURE,OBSERVATION_INSUFFICIENT,4,0,0,False,0,0,False,INHERITED_RAW_PRICE_BASIS,False,False
2025-08-20|23230,2025-08-20,23230,11:30,14:35,125,PARTIAL,3,2,,,AVAILABLE,11.0,True,,,,UNRESOLVED_STRUCTURE,OBSERVATION_INSUFFICIENT,4,1,1,False,0,0,False,INHERITED_RAW_PRICE_BASIS,False,False
2025-08-20|23230,2025-08-20,23230,11:30,14:40,130,PARTIAL,3,2,,,AVAILABLE,11.0,True,,,,UNRESOLVED_STRUCTURE,OBSERVATION_INSUFFICIENT,6,0,0,False,0,3,False,INHERITED_RAW_PRICE_BASIS,False,False
2025-08-20|23230,2025-08-20,23230,11:30,14:45,135,PARTIAL,3,2,,,AVAILABLE,11.0,True,,,,CURRENT_BAR_UNAVAILABLE,OBSERVATION_INSUFFICIENT,7,0,0,False,0,0,False,INHERITED_RAW_PRICE_BASIS,False,False
2025-08-20|23230,2025-08-20,23230,11:30,14:50,140,PARTIAL,1,4,,,AVAILABLE,11.0,True,,,,UNRESOLVED_STRUCTURE,OBSERVATION_INSUFFICIENT,4,0,0,False,0,0,False,INHERITED_RAW_PRICE_BASIS,False,False
2025-08-20|23230,2025-08-20,23230,11:30,14:55,145,PARTIAL,2,3,,,AVAILABLE,11.0,True,,,,UNRESOLVED_STRUCTURE,OBSERVATION_INSUFFICIENT,1,0,0,False,0,0,False,INHERITED_RAW_PRICE_BASIS,False,False
2025-08-20|23230,2025-08-20,23230,11:30,15:00,150,PARTIAL,4,1,,,AVAILABLE,11.0,True,,,,UNRESOLVED_STRUCTURE,OBSERVATION_INSUFFICIENT,2,0,0,False,0,3,False,INHERITED_RAW_PRICE_BASIS,False,False
2025-08-20|23230,2025-08-20,23230,11:30,15:05,155,COMPLETE,5,0,DOWN,-0.6069802731411229,AVAILABLE,11.0,True,,,CHOPPINESS,UNRESOLVED_STRUCTURE,OBSERVATION_INSUFFICIENT,3,0,0,False,0,0,False,INHERITED_RAW_PRICE_BASIS,False,False
2025-08-20|23230,2025-08-20,23230,11:30,15:10,160,PARTIAL,3,2,,,AVAILABLE,11.0,True,,,,UNRESOLVED_STRUCTURE,OBSERVATION_INSUFFICIENT,2,0,0,False,0,3,False,INHERITED_RAW_PRICE_BASIS,False,False
2025-08-20|23230,2025-08-20,23230,11:30,15:15,165,PARTIAL,4,1,,,AVAILABLE,11.0,True,,,,UNRESOLVED_STRUCTURE,OBSERVATION_INSUFFICIENT,1,0,0,False,0,6,False,INHERITED_RAW_PRICE_BASIS,False,False
2025-08-20|23230,2025-08-20,23230,11:30,15:20,170,PARTIAL,4,1,,,AVAILABLE,11.0,True,,,,CURRENT_BAR_UNAVAILABLE,RIGHT_CENSORED,0,0,0,False,0,0,False,INHERITED_RAW_PRICE_BASIS,False,False
2025-08-20|23230,2025-08-20,23230,11:30,15:25,175,COMPLETE,5,0,UP,0.30721966205837176,AVAILABLE,11.0,True,,,,UNRESOLVED_STRUCTURE,RIGHT_CENSORED,0,0,0,False,0,0,False,INHERITED_RAW_PRICE_BASIS,False,False
2025-08-20|27430,2025-08-20,27430,11:00,11:00,0,PARTIAL,4,1,,,AVAILABLE,3.0,True,,,,UNRESOLVED_STRUCTURE,OBSERVATION_INSUFFICIENT,1,0,0,False,0,0,False,INHERITED_RAW_PRICE_BASIS,False,False
2025-08-20|27430,2025-08-20,27430,11:00,11:05,5,PARTIAL,4,1,,,AVAILABLE,3.0,True,,,,UNRESOLVED_STRUCTURE,WINDOW_OBSERVED,0,0,0,False,0,0,False,INHERITED_RAW_PRICE_BASIS,False,False
2025-08-20|27430,2025-08-20,27430,11:00,11:10,10,COMPLETE,5,0,UNCHANGED,0.0,AVAILABLE,3.0,True,,,,UNRESOLVED_STRUCTURE,WINDOW_OBSERVED,0,1,1,False,0,0,False,INHERITED_RAW_PRICE_BASIS,False,False
2025-08-20|27430,2025-08-20,27430,11:00,11:15,15,COMPLETE,5,0,UNCHANGED,0.0,AVAILABLE,3.0,True,,,RANGE_COMPRESSION|TRADING_VALUE_COMPRESSION,UNRESOLVED_STRUCTURE,WINDOW_OBSERVED,0,1,1,False,0,0,False,INHERITED_RAW_PRICE_BASIS,True,False
2025-08-20|27430,2025-08-20,27430,11:00,11:20,20,COMPLETE,5,0,DOWN,-1.3245033112582782,AVAILABLE,3.0,True,,,RANGE_EXPANSION,UNRESOLVED_STRUCTURE,WINDOW_OBSERVED,0,0,1,False,0,0,False,INHERITED_RAW_PRICE_BASIS,True,False
2025-08-20|27430,2025-08-20,27430,11:00,11:25,25,COMPLETE,5,0,UP,0.6711409395973155,AVAILABLE,3.0,True,,,RANGE_COMPRESSION|VOLUME_COMPRESSION|TRADING_VALUE_COMPRESSION,UNRESOLVED_STRUCTURE,WINDOW_OBSERVED,0,0,1,False,0,0,False,INHERITED_RAW_PRICE_BASIS,True,False
2025-08-20|27430,2025-08-20,27430,11:00,11:30,30,COMPLETE,5,0,UP,0.6666666666666666,AVAILABLE,3.0,True,,,RANGE_EXPANSION|VOLUME_EXPANSION|TRADING_VALUE_EXPANSION,UNRESOLVED_STRUCTURE,WINDOW_OBSERVED,0,0,1,False,0,0,False,INHERITED_RAW_PRICE_BASIS,True,False
2025-08-20|27430,2025-08-20,27430,11:00,12:35,35,COMPLETE,5,0,UP,0.6711409395973155,AVAILABLE,3.0,True,,,,UNRESOLVED_STRUCTURE,WINDOW_OBSERVED,0,1,1,False,0,0,False,INHERITED_RAW_PRICE_BASIS,True,False
2025-08-20|27430,2025-08-20,27430,11:00,12:40,40,COMPLETE,5,0,UP,0.6666666666666666,AVAILABLE,3.0,True,,,RANGE_COMPRESSION|VOLUME_COMPRESSION|TRADING_VALUE_COMPRESSION,UNRESOLVED_STRUCTURE,WINDOW_OBSERVED,0,0,1,False,0,0,False,INHERITED_RAW_PRICE_BASIS,True,False
2025-08-20|27430,2025-08-20,27430,11:00,12:45,45,COMPLETE,5,0,UNCHANGED,0.0,AVAILABLE,3.0,True,,,VOLUME_COMPRESSION|TRADING_VALUE_COMPRESSION,UNRESOLVED_STRUCTURE,WINDOW_OBSERVED,0,0,1,False,0,0,False,INHERITED_RAW_PRICE_BASIS,True,False
2025-08-20|27430,2025-08-20,27430,11:00,12:50,50,COMPLETE,5,0,DOWN,-0.6622516556291391,AVAILABLE,3.0,True,,,VOLUME_EXPANSION|TRADING_VALUE_EXPANSION,UNRESOLVED_STRUCTURE,OBSERVATION_INSUFFICIENT,1,0,1,False,0,0,False,INHERITED_RAW_PRICE_BASIS,True,False
2025-08-20|27430,2025-08-20,27430,11:00,12:55,55,COMPLETE,5,0,UNCHANGED,0.0,AVAILABLE,3.0,True,,,RANGE_COMPRESSION|VOLUME_COMPRESSION|TRADING_VALUE_COMPRESSION,UNRESOLVED_STRUCTURE,OBSERVATION_INSUFFICIENT,1,0,1,False,0,0,False,INHERITED_RAW_PRICE_BASIS,True,False
2025-08-20|27430,2025-08-20,27430,11:00,13:00,60,PARTIAL,4,1,,,AVAILABLE,3.0,True,,,,CURRENT_BAR_UNAVAILABLE,WINDOW_OBSERVED,0,0,0,False,0,0,False,INHERITED_RAW_PRICE_BASIS,False,False
2025-08-20|27430,2025-08-20,27430,11:00,13:05,65,COMPLETE,5,0,UP,1.9867549668874172,AVAILABLE,3.0,True,,,,UNRESOLVED_STRUCTURE,WINDOW_OBSERVED,0,1,2,False,1,2,False,INHERITED_RAW_PRICE_BASIS,False,False
2025-08-20|27430,2025-08-20,27430,11:00,13:10,70,COMPLETE,5,0,UNCHANGED,0.0,AVAILABLE,3.0,True,,,RANGE_COMPRESSION,UNRESOLVED_STRUCTURE,WINDOW_OBSERVED,0,1,2,False,0,0,False,INHERITED_RAW_PRICE_BASIS,True,False
2025-08-20|27430,2025-08-20,27430,11:00,13:15,75,COMPLETE,5,0,DOWN,-2.5974025974025974,AVAILABLE,3.0,True,,,RANGE_EXPANSION|VOLUME_EXPANSION|TRADING_VALUE_EXPANSION,UNRESOLVED_STRUCTURE,WINDOW_OBSERVED,0,0,2,False,1,2,False,INHERITED_RAW_PRICE_BASIS,True,False
2025-08-20|27430,2025-08-20,27430,11:00,13:20,80,COMPLETE,5,0,DOWN,-1.3245033112582782,AVAILABLE,3.0,True,,RECOVERY,VOLUME_EXPANSION|TRADING_VALUE_EXPANSION,UNRESOLVED_STRUCTURE,OBSERVATION_INSUFFICIENT,1,1,3,False,0,1,True,INHERITED_RAW_PRICE_BASIS,True,True
2025-08-20|27430,2025-08-20,27430,11:00,13:25,85,COMPLETE,5,0,UP,0.6711409395973155,AVAILABLE,3.0,True,,RECOVERY,RANGE_COMPRESSION|VOLUME_COMPRESSION|TRADING_VALUE_COMPRESSION,UNRESOLVED_STRUCTURE,OBSERVATION_INSUFFICIENT,2,0,3,False,0,1,True,INHERITED_RAW_PRICE_BASIS,True,False
2025-08-20|27430,2025-08-20,27430,11:00,13:30,90,PARTIAL,4,1,,,AVAILABLE,3.0,True,,,,CURRENT_BAR_UNAVAILABLE,OBSERVATION_INSUFFICIENT,2,0,0,False,0,0,False,INHERITED_RAW_PRICE_BASIS,False,False
2025-08-20|27430,2025-08-20,27430,11:00,13:35,95,PARTIAL,4,1,,,AVAILABLE,3.0,True,,,,UNRESOLVED_STRUCTURE,OBSERVATION_INSUFFICIENT,3,0,0,False,0,0,False,INHERITED_RAW_PRICE_BASIS,False,False
2025-08-20|27430,2025-08-20,27430,11:00,13:40,100,PARTIAL,4,1,,,AVAILABLE,3.0,True,,,,UNRESOLVED_STRUCTURE,OBSERVATION_INSUFFICIENT,2,0,0,False,0,0,False,INHERITED_RAW_PRICE_BASIS,False,False
2025-08-20|27430,2025-08-20,27430,11:00,13:45,105,PARTIAL,3,2,,,AVAILABLE,3.0,True,,,,UNRESOLVED_STRUCTURE,WINDOW_OBSERVED,0,0,0,False,0,0,False,INHERITED_RAW_PRICE_BASIS,False,False
2025-08-20|27430,2025-08-20,27430,11:00,13:50,110,COMPLETE,5,0,UP,0.6666666666666666,AVAILABLE,3.0,True,,,,UNRESOLVED_STRUCTURE,OBSERVATION_INSUFFICIENT,1,0,0,False,0,0,False,INHERITED_RAW_PRICE_BASIS,False,False
2025-08-20|27430,2025-08-20,27430,11:00,13:55,115,COMPLETE,5,0,UNCHANGED,0.0,AVAILABLE,3.0,True,,,VOLUME_EXPANSION|TRADING_VALUE_EXPANSION,UNRESOLVED_STRUCTURE,OBSERVATION_INSUFFICIENT,2,0,0,False,0,0,False,INHERITED_RAW_PRICE_BASIS,True,False
2025-08-20|27430,2025-08-20,27430,11:00,14:00,120,PARTIAL,4,1,,,AVAILABLE,3.0,True,,,,UNRESOLVED_STRUCTURE,OBSERVATION_INSUFFICIENT,2,0,0,False,0,0,False,INHERITED_RAW_PRICE_BASIS,False,False
2025-08-20|27430,2025-08-20,27430,11:00,14:05,125,PARTIAL,4,1,,,AVAILABLE,3.0,True,,,,UNRESOLVED_STRUCTURE,OBSERVATION_INSUFFICIENT,2,0,0,False,0,0,False,INHERITED_RAW_PRICE_BASIS,False,False
2025-08-20|27430,2025-08-20,27430,11:00,14:10,130,PARTIAL,4,1,,,AVAILABLE,3.0,True,,,,UNRESOLVED_STRUCTURE,OBSERVATION_INSUFFICIENT,1,0,0,False,0,1,False,INHERITED_RAW_PRICE_BASIS,False,False
2025-08-20|27430,2025-08-20,27430,11:00,14:15,135,PARTIAL,4,1,,,AVAILABLE,3.0,True,,,,CURRENT_BAR_UNAVAILABLE,WINDOW_OBSERVED,0,0,0,False,0,0,False,INHERITED_RAW_PRICE_BASIS,False,False
2025-08-20|27430,2025-08-20,27430,11:00,14:20,140,COMPLETE,5,0,UP,1.3245033112582782,AVAILABLE,3.0,True,,,,UNRESOLVED_STRUCTURE,OBSERVATION_INSUFFICIENT,3,1,1,False,0,0,False,INHERITED_RAW_PRICE_BASIS,False,False
2025-08-20|27430,2025-08-20,27430,11:00,14:25,145,COMPLETE,5,0,DOWN,-1.3157894736842106,AVAILABLE,3.0,True,,,,UNRESOLVED_STRUCTURE,OBSERVATION_INSUFFICIENT,4,0,1,False,0,1,False,INHERITED_RAW_PRICE_BASIS,True,False
2025-08-20|27430,2025-08-20,27430,11:00,14:30,150,PARTIAL,2,3,,,AVAILABLE,3.0,True,,,,CURRENT_BAR_UNAVAILABLE,OBSERVATION_INSUFFICIENT,2,0,0,False,0,0,False,INHERITED_RAW_PRICE_BASIS,False,False
2025-08-20|27430,2025-08-20,27430,11:00,14:35,155,PARTIAL,4,1,,,AVAILABLE,3.0,True,,,,UNRESOLVED_STRUCTURE,OBSERVATION_INSUFFICIENT,1,0,0,False,0,0,False,INHERITED_RAW_PRICE_BASIS,False,False
2025-08-20|27430,2025-08-20,27430,11:00,14:40,160,PARTIAL,4,1,,,AVAILABLE,3.0,True,,,,UNRESOLVED_STRUCTURE,WINDOW_OBSERVED,0,1,1,False,0,0,False,INHERITED_RAW_PRICE_BASIS,False,False
2025-08-20|27430,2025-08-20,27430,11:00,14:45,165,COMPLETE,5,0,UP,1.3513513513513513,AVAILABLE,3.0,True,,,,UNRESOLVED_STRUCTURE,OBSERVATION_INSUFFICIENT,1,0,2,False,2,2,False,INHERITED_RAW_PRICE_BASIS,False,False
2025-08-20|27430,2025-08-20,27430,11:00,14:50,170,COMPLETE,5,0,UP,0.6666666666666666,AVAILABLE,3.0,True,,,RANGE_COMPRESSION|VOLUME_COMPRESSION|TRADING_VALUE_COMPRESSION,UNRESOLVED_STRUCTURE,OBSERVATION_INSUFFICIENT,1,0,2,False,0,1,False,INHERITED_RAW_PRICE_BASIS,True,False
2025-08-20|27430,2025-08-20,27430,11:00,14:55,175,PARTIAL,4,1,,,AVAILABLE,3.0,True,,,,CURRENT_BAR_UNAVAILABLE,OBSERVATION_INSUFFICIENT,1,0,0,False,0,0,False,INHERITED_RAW_PRICE_BASIS,False,False
2025-08-20|27430,2025-08-20,27430,11:00,15:00,180,COMPLETE,5,0,UP,1.3333333333333333,AVAILABLE,3.0,True,,,,UNRESOLVED_STRUCTURE,OBSERVATION_INSUFFICIENT,1,0,0,False,0,0,False,INHERITED_RAW_PRICE_BASIS,False,False
2025-08-20|27430,2025-08-20,27430,11:00,15:05,185,PARTIAL,4,1,,,AVAILABLE,3.0,True,,,,UNRESOLVED_STRUCTURE,WINDOW_OBSERVED,0,0,0,False,1,0,False,INHERITED_RAW_PRICE_BASIS,False,False
2025-08-20|27430,2025-08-20,27430,11:00,15:10,190,COMPLETE,5,0,UP,0.6535947712418301,AVAILABLE,3.0,True,,,,UNRESOLVED_STRUCTURE,WINDOW_OBSERVED,0,0,0,False,0,1,False,INHERITED_RAW_PRICE_BASIS,False,False
2025-08-20|27430,2025-08-20,27430,11:00,15:15,195,COMPLETE,5,0,DOWN,-0.6493506493506493,AVAILABLE,3.0,True,,,VOLUME_COMPRESSION|TRADING_VALUE_COMPRESSION,UNRESOLVED_STRUCTURE,WINDOW_OBSERVED,0,0,0,False,0,1,False,INHERITED_RAW_PRICE_BASIS,True,False
2025-08-20|27430,2025-08-20,27430,11:00,15:20,200,COMPLETE,5,0,UNCHANGED,0.0,AVAILABLE,3.0,True,,,RANGE_COMPRESSION|VOLUME_COMPRESSION|TRADING_VALUE_COMPRESSION,UNRESOLVED_STRUCTURE,RIGHT_CENSORED,0,0,0,False,0,2,False,INHERITED_RAW_PRICE_BASIS,True,False
2025-08-20|27430,2025-08-20,27430,11:00,15:25,205,COMPLETE,5,0,UNCHANGED,0.0,AVAILABLE,3.0,True,,,VOLUME_EXPANSION|TRADING_VALUE_EXPANSION,UNRESOLVED_STRUCTURE,RIGHT_CENSORED,0,0,0,False,0,1,False,INHERITED_RAW_PRICE_BASIS,True,False
2025-08-20|281A0,2025-08-20,281A0,10:30,10:30,0,PARTIAL,4,1,,,AVAILABLE,17.0,True,,,,UNRESOLVED_STRUCTURE,WINDOW_OBSERVED,0,1,1,False,3,3,False,INHERITED_RAW_PRICE_BASIS,False,False
2025-08-20|281A0,2025-08-20,281A0,10:30,10:35,5,COMPLETE,5,0,UNCHANGED,0.0,AVAILABLE,17.0,True,,,,UNRESOLVED_STRUCTURE,WINDOW_OBSERVED,0,0,1,False,3,2,False,INHERITED_RAW_PRICE_BASIS,False,False
2025-08-20|281A0,2025-08-20,281A0,10:30,10:40,10,COMPLETE,5,0,DOWN,-0.2686366689053056,AVAILABLE,17.0,True,,,,UNRESOLVED_STRUCTURE,WINDOW_OBSERVED,0,0,1,False,1,0,False,INHERITED_RAW_PRICE_BASIS,True,False
2025-08-20|281A0,2025-08-20,281A0,10:30,10:45,15,COMPLETE,5,0,UP,0.8748317631224765,AVAILABLE,17.0,True,,RECOVERY,VOLUME_EXPANSION|TRADING_VALUE_EXPANSION,UNRESOLVED_STRUCTURE,WINDOW_OBSERVED,0,1,2,False,0,1,True,INHERITED_RAW_PRICE_BASIS,True,True
2025-08-20|281A0,2025-08-20,281A0,10:30,10:50,20,COMPLETE,5,0,UP,0.4672897196261682,AVAILABLE,17.0,True,,,VOLUME_COMPRESSION|TRADING_VALUE_COMPRESSION,UNRESOLVED_STRUCTURE,WINDOW_OBSERVED,0,0,2,False,1,0,False,INHERITED_RAW_PRICE_BASIS,True,True
2025-08-20|281A0,2025-08-20,281A0,10:30,10:55,25,COMPLETE,5,0,UP,0.0664451827242525,AVAILABLE,17.0,True,,,VOLUME_EXPANSION|TRADING_VALUE_EXPANSION,UNRESOLVED_STRUCTURE,OBSERVATION_INSUFFICIENT,1,0,2,False,2,2,False,INHERITED_RAW_PRICE_BASIS,True,False
2025-08-20|281A0,2025-08-20,281A0,10:30,11:00,30,COMPLETE,5,0,DOWN,-0.26525198938992045,AVAILABLE,17.0,True,RANGE_STRUCTURE,BALANCE,RANGE_COMPRESSION,IDENTIFIED,OBSERVATION_INSUFFICIENT,2,0,2,True,1,1,True,INHERITED_RAW_PRICE_BASIS,True,True
2025-08-20|281A0,2025-08-20,281A0,10:30,11:05,35,PARTIAL,4,1,,,AVAILABLE,17.0,True,,,,UNRESOLVED_STRUCTURE,OBSERVATION_INSUFFICIENT,4,0,0,False,0,1,False,INHERITED_RAW_PRICE_BASIS,False,False
2025-08-20|281A0,2025-08-20,281A0,10:30,11:10,40,PARTIAL,4,1,,,AVAILABLE,17.0,True,,,,UNRESOLVED_STRUCTURE,OBSERVATION_INSUFFICIENT,7,0,0,False,0,0,False,INHERITED_RAW_PRICE_BASIS,False,False
2025-08-20|281A0,2025-08-20,281A0,10:30,11:15,45,PARTIAL,2,3,,,AVAILABLE,17.0,True,,,,UNRESOLVED_STRUCTURE,OBSERVATION_INSUFFICIENT,6,0,0,False,0,0,False,INHERITED_RAW_PRICE_BASIS,False,False
2025-08-20|281A0,2025-08-20,281A0,10:30,11:20,50,PARTIAL,1,4,,,AVAILABLE,17.0,True,,,,UNRESOLVED_STRUCTURE,OBSERVATION_INSUFFICIENT,2,0,0,False,0,0,False,INHERITED_RAW_PRICE_BASIS,False,False
2025-08-20|281A0,2025-08-20,281A0,10:30,11:25,55,PARTIAL,3,2,,,AVAILABLE,17.0,True,,,,UNRESOLVED_STRUCTURE,WINDOW_OBSERVED,0,0,0,False,0,0,False,INHERITED_RAW_PRICE_BASIS,False,False
2025-08-20|281A0,2025-08-20,281A0,10:30,11:30,60,COMPLETE,5,0,DOWN,-0.33222591362126247,AVAILABLE,17.0,True,,,,UNRESOLVED_STRUCTURE,WINDOW_OBSERVED,0,0,0,False,0,0,False,INHERITED_RAW_PRICE_BASIS,False,False
2025-08-20|281A0,2025-08-20,281A0,10:30,12:35,65,COMPLETE,5,0,DOWN,-0.20026702269692923,AVAILABLE,17.0,True,,,,UNRESOLVED_STRUCTURE,WINDOW_OBSERVED,0,0,0,False,0,0,False,INHERITED_RAW_PRICE_BASIS,True,False
2025-08-20|281A0,2025-08-20,281A0,10:30,12:40,70,COMPLETE,5,0,UP,0.6020066889632107,AVAILABLE,17.0,True,,,RANGE_EXPANSION|VOLUME_COMPRESSION|TRADING_VALUE_COMPRESSION,UNRESOLVED_STRUCTURE,WINDOW_OBSERVED,0,0,0,False,0,0,False,INHERITED_RAW_PRICE_BASIS,True,False
2025-08-20|281A0,2025-08-20,281A0,10:30,12:45,75,COMPLETE,5,0,DOWN,-0.4654255319148936,AVAILABLE,17.0,True,,,,UNRESOLVED_STRUCTURE,OBSERVATION_INSUFFICIENT,1,0,0,False,0,0,False,INHERITED_RAW_PRICE_BASIS,True,False
2025-08-20|281A0,2025-08-20,281A0,10:30,12:50,80,COMPLETE,5,0,DOWN,-0.26737967914438504,AVAILABLE,17.0,True,,,VOLUME_EXPANSION|TRADING_VALUE_EXPANSION,UNRESOLVED_STRUCTURE,OBSERVATION_INSUFFICIENT,1,0,0,False,0,0,False,INHERITED_RAW_PRICE_BASIS,True,False
2025-08-20|281A0,2025-08-20,281A0,10:30,12:55,85,PARTIAL,4,1,,,AVAILABLE,17.0,True,,,,CURRENT_BAR_UNAVAILABLE,OBSERVATION_INSUFFICIENT,2,0,0,False,0,0,False,INHERITED_RAW_PRICE_BASIS,False,False
2025-08-20|281A0,2025-08-20,281A0,10:30,13:00,90,COMPLETE,5,0,UP,0.40053404539385845,AVAILABLE,17.0,True,,,,UNRESOLVED_STRUCTURE,OBSERVATION_INSUFFICIENT,3,0,0,False,0,0,False,INHERITED_RAW_PRICE_BASIS,False,False
2025-08-20|281A0,2025-08-20,281A0,10:30,13:05,95,PARTIAL,3,2,,,AVAILABLE,17.0,True,,,,UNRESOLVED_STRUCTURE,OBSERVATION_INSUFFICIENT,2,0,0,False,0,0,False,INHERITED_RAW_PRICE_BASIS,False,False
2025-08-20|281A0,2025-08-20,281A0,10:30,13:10,100,PARTIAL,4,1,,,AVAILABLE,17.0,True,,,,UNRESOLVED_STRUCTURE,OBSERVATION_INSUFFICIENT,2,0,0,False,0,0,False,INHERITED_RAW_PRICE_BASIS,False,False
2025-08-20|281A0,2025-08-20,281A0,10:30,13:15,105,PARTIAL,4,1,,,AVAILABLE,17.0,True,,,,UNRESOLVED_STRUCTURE,OBSERVATION_INSUFFICIENT,3,0,0,False,0,0,False,INHERITED_RAW_PRICE_BASIS,False,False
2025-08-20|281A0,2025-08-20,281A0,10:30,13:20,110,PARTIAL,4,1,,,AVAILABLE,17.0,True,,,,UNRESOLVED_STRUCTURE,OBSERVATION_INSUFFICIENT,3,0,0,False,0,0,False,INHERITED_RAW_PRICE_BASIS,False,False
2025-08-20|281A0,2025-08-20,281A0,10:30,13:25,115,PARTIAL,3,2,,,AVAILABLE,17.0,True,,,,UNRESOLVED_STRUCTURE,OBSERVATION_INSUFFICIENT,2,0,0,False,0,0,False,INHERITED_RAW_PRICE_BASIS,False,False
2025-08-20|281A0,2025-08-20,281A0,10:30,13:30,120,PARTIAL,4,1,,,AVAILABLE,17.0,True,,,,UNRESOLVED_STRUCTURE,OBSERVATION_INSUFFICIENT,1,0,0,False,0,0,False,INHERITED_RAW_PRICE_BASIS,False,False
2025-08-20|281A0,2025-08-20,281A0,10:30,13:35,125,PARTIAL,4,1,,,AVAILABLE,17.0,True,,,,UNRESOLVED_STRUCTURE,OBSERVATION_INSUFFICIENT,1,0,0,False,0,0,False,INHERITED_RAW_PRICE_BASIS,False,False
2025-08-20|281A0,2025-08-20,281A0,10:30,13:40,130,COMPLETE,5,0,UP,0.132013201320132,AVAILABLE,17.0,True,,,,UNRESOLVED_STRUCTURE,OBSERVATION_INSUFFICIENT,2,0,0,False,0,0,False,INHERITED_RAW_PRICE_BASIS,False,False
2025-08-20|281A0,2025-08-20,281A0,10:30,13:45,135,PARTIAL,4,1,,,AVAILABLE,17.0,True,,,,UNRESOLVED_STRUCTURE,OBSERVATION_INSUFFICIENT,1,0,0,False,0,0,False,INHERITED_RAW_PRICE_BASIS,False,False
2025-08-20|281A0,2025-08-20,281A0,10:30,13:50,140,PARTIAL,4,1,,,AVAILABLE,17.0,True,,,,CURRENT_BAR_UNAVAILABLE,OBSERVATION_INSUFFICIENT,1,0,0,False,0,0,False,INHERITED_RAW_PRICE_BASIS,False,False
2025-08-20|281A0,2025-08-20,281A0,10:30,13:55,145,COMPLETE,5,0,DOWN,-0.2664890073284477,AVAILABLE,17.0,True,,,,UNRESOLVED_STRUCTURE,OBSERVATION_INSUFFICIENT,2,0,0,False,0,0,False,INHERITED_RAW_PRICE_BASIS,False,False
2025-08-20|281A0,2025-08-20,281A0,10:30,14:00,150,PARTIAL,4,1,,,AVAILABLE,17.0,True,,,,UNRESOLVED_STRUCTURE,OBSERVATION_INSUFFICIENT,3,0,0,False,0,0,False,INHERITED_RAW_PRICE_BASIS,False,False
2025-08-20|281A0,2025-08-20,281A0,10:30,14:05,155,PARTIAL,4,1,,,AVAILABLE,17.0,True,,,,UNRESOLVED_STRUCTURE,OBSERVATION_INSUFFICIENT,3,0,0,False,0,0,False,INHERITED_RAW_PRICE_BASIS,False,False
2025-08-20|281A0,2025-08-20,281A0,10:30,14:10,160,PARTIAL,3,2,,,AVAILABLE,17.0,True,,,,UNRESOLVED_STRUCTURE,OBSERVATION_INSUFFICIENT,3,0,0,False,0,0,False,INHERITED_RAW_PRICE_BASIS,False,False
2025-08-20|281A0,2025-08-20,281A0,10:30,14:15,165,PARTIAL,4,1,,,AVAILABLE,17.0,True,,,,UNRESOLVED_STRUCTURE,OBSERVATION_INSUFFICIENT,3,0,0,False,0,0,False,INHERITED_RAW_PRICE_BASIS,False,False
2025-08-20|281A0,2025-08-20,281A0,10:30,14:20,170,PARTIAL,3,2,,,AVAILABLE,17.0,True,,,,UNRESOLVED_STRUCTURE,OBSERVATION_INSUFFICIENT,1,0,0,False,0,0,False,INHERITED_RAW_PRICE_BASIS,False,False
2025-08-20|281A0,2025-08-20,281A0,10:30,14:25,175,PARTIAL,4,1,,,AVAILABLE,17.0,True,,,,UNRESOLVED_STRUCTURE,OBSERVATION_INSUFFICIENT,1,0,0,False,0,0,False,INHERITED_RAW_PRICE_BASIS,False,False
2025-08-20|281A0,2025-08-20,281A0,10:30,14:30,180,COMPLETE,5,0,UP,0.33400133600534404,AVAILABLE,17.0,True,,,,UNRESOLVED_STRUCTURE,OBSERVATION_INSUFFICIENT,2,0,0,False,0,0,False,INHERITED_RAW_PRICE_BASIS,False,False
2025-08-20|281A0,2025-08-20,281A0,10:30,14:35,185,PARTIAL,4,1,,,AVAILABLE,17.0,True,,,,UNRESOLVED_STRUCTURE,OBSERVATION_INSUFFICIENT,1,0,0,False,1,0,False,INHERITED_RAW_PRICE_BASIS,False,False
2025-08-20|281A0,2025-08-20,281A0,10:30,14:40,190,PARTIAL,4,1,,,AVAILABLE,17.0,True,,,,UNRESOLVED_STRUCTURE,WINDOW_OBSERVED,0,0,0,False,2,1,False,INHERITED_RAW_PRICE_BASIS,False,False
2025-08-20|281A0,2025-08-20,281A0,10:30,14:45,195,COMPLETE,5,0,UP,0.2018842530282638,AVAILABLE,17.0,True,,,,UNRESOLVED_STRUCTURE,WINDOW_OBSERVED,0,0,0,False,0,0,False,INHERITED_RAW_PRICE_BASIS,False,False
2025-08-20|281A0,2025-08-20,281A0,10:30,14:50,200,COMPLETE,5,0,DOWN,-0.5372733378106112,AVAILABLE,17.0,True,,,RANGE_EXPANSION|VOLUME_EXPANSION|TRADING_VALUE_EXPANSION,UNRESOLVED_STRUCTURE,WINDOW_OBSERVED,0,0,0,False,0,1,False,INHERITED_RAW_PRICE_BASIS,True,False
2025-08-20|281A0,2025-08-20,281A0,10:30,14:55,205,COMPLETE,5,0,UP,0.33783783783783783,AVAILABLE,17.0,True,,,RANGE_COMPRESSION|VOLUME_COMPRESSION|TRADING_VALUE_COMPRESSION,UNRESOLVED_STRUCTURE,OBSERVATION_INSUFFICIENT,1,0,0,False,0,1,False,INHERITED_RAW_PRICE_BASIS,True,False
2025-08-20|281A0,2025-08-20,281A0,10:30,15:00,210,COMPLETE,5,0,UP,0.20202020202020202,AVAILABLE,17.0,True,,,,UNRESOLVED_STRUCTURE,OBSERVATION_INSUFFICIENT,1,0,0,False,0,0,False,INHERITED_RAW_PRICE_BASIS,True,False
2025-08-20|281A0,2025-08-20,281A0,10:30,15:05,215,PARTIAL,4,1,,,AVAILABLE,17.0,True,,,,UNRESOLVED_STRUCTURE,WINDOW_OBSERVED,0,0,0,False,0,0,False,INHERITED_RAW_PRICE_BASIS,False,False
2025-08-20|281A0,2025-08-20,281A0,10:30,15:10,220,COMPLETE,5,0,UP,0.6715916722632639,AVAILABLE,17.0,True,,,,UNRESOLVED_STRUCTURE,WINDOW_OBSERVED,0,0,0,False,0,0,False,INHERITED_RAW_PRICE_BASIS,False,False
2025-08-20|281A0,2025-08-20,281A0,10:30,15:15,225,COMPLETE,5,0,DOWN,-0.06675567423230974,AVAILABLE,17.0,True,,,RANGE_COMPRESSION|VOLUME_COMPRESSION|TRADING_VALUE_COMPRESSION,UNRESOLVED_STRUCTURE,OBSERVATION_INSUFFICIENT,1,0,0,False,0,0,False,INHERITED_RAW_PRICE_BASIS,True,False
2025-08-20|281A0,2025-08-20,281A0,10:30,15:20,230,COMPLETE,5,0,DOWN,-0.13360053440213762,AVAILABLE,17.0,True,,,VOLUME_COMPRESSION|TRADING_VALUE_COMPRESSION,UNRESOLVED_STRUCTURE,RIGHT_CENSORED,1,0,0,False,0,0,False,INHERITED_RAW_PRICE_BASIS,True,False
2025-08-20|281A0,2025-08-20,281A0,10:30,15:25,235,PARTIAL,4,1,,,AVAILABLE,17.0,True,,,,UNRESOLVED_STRUCTURE,RIGHT_CENSORED,0,0,0,False,0,0,False,INHERITED_RAW_PRICE_BASIS,False,False
2025-08-20|30700,2025-08-20,30700,15:00,15:00,0,COMPLETE,5,0,UP,0.4098360655737705,SCALE_INSUFFICIENT,,True,,,,SCALE_UNAVAILABLE,WINDOW_OBSERVED,0,0,0,False,0,1,False,INHERITED_RAW_PRICE_BASIS,False,False
2025-08-20|30700,2025-08-20,30700,15:00,15:05,5,COMPLETE,5,0,UNCHANGED,0.0,SCALE_INSUFFICIENT,,True,,,VOLUME_EXPANSION|TRADING_VALUE_EXPANSION,SCALE_UNAVAILABLE,WINDOW_OBSERVED,0,0,0,False,0,1,False,INHERITED_RAW_PRICE_BASIS,True,False
2025-08-20|30700,2025-08-20,30700,15:00,15:10,10,COMPLETE,5,0,UNCHANGED,0.0,SCALE_INSUFFICIENT,,True,,,RANGE_COMPRESSION|VOLUME_COMPRESSION|TRADING_VALUE_COMPRESSION,SCALE_UNAVAILABLE,WINDOW_OBSERVED,0,0,0,False,0,1,False,INHERITED_RAW_PRICE_BASIS,True,False
2025-08-20|30700,2025-08-20,30700,15:00,15:15,15,COMPLETE,5,0,UP,0.4098360655737705,SCALE_INSUFFICIENT,,True,,,VOLUME_COMPRESSION|TRADING_VALUE_COMPRESSION,SCALE_UNAVAILABLE,WINDOW_OBSERVED,0,0,0,False,0,1,False,INHERITED_RAW_PRICE_BASIS,True,False
2025-08-20|30700,2025-08-20,30700,15:00,15:20,20,COMPLETE,5,0,UNCHANGED,0.0,SCALE_INSUFFICIENT,,True,,,VOLUME_EXPANSION|TRADING_VALUE_EXPANSION,SCALE_UNAVAILABLE,RIGHT_CENSORED,0,0,0,False,0,1,False,INHERITED_RAW_PRICE_BASIS,True,False
2025-08-20|30700,2025-08-20,30700,15:00,15:25,25,COMPLETE,5,0,UNCHANGED,0.0,SCALE_INSUFFICIENT,,True,,,,SCALE_UNAVAILABLE,RIGHT_CENSORED,0,0,0,False,0,1,False,INHERITED_RAW_PRICE_BASIS,True,False
2025-08-20|30770,2025-08-20,30770,13:00,13:00,0,PARTIAL,4,1,,,AVAILABLE,30.5,True,,,,UNRESOLVED_STRUCTURE,WINDOW_OBSERVED,0,0,0,False,0,0,False,INHERITED_RAW_PRICE_BASIS,False,False
2025-08-20|30770,2025-08-20,30770,13:00,13:05,5,COMPLETE,5,0,DOWN,-2.643171806167401,AVAILABLE,30.5,True,,,,UNRESOLVED_STRUCTURE,WINDOW_OBSERVED,0,0,0,False,1,1,False,INHERITED_RAW_PRICE_BASIS,False,False
2025-08-20|30770,2025-08-20,30770,13:00,13:10,10,COMPLETE,5,0,DOWN,-1.0526315789473684,AVAILABLE,30.5,True,,,RANGE_COMPRESSION|TRADING_VALUE_COMPRESSION,UNRESOLVED_STRUCTURE,WINDOW_OBSERVED,0,0,0,False,2,2,False,INHERITED_RAW_PRICE_BASIS,True,False
2025-08-20|30770,2025-08-20,30770,13:00,13:15,15,COMPLETE,5,0,UP,1.0638297872340425,AVAILABLE,30.5,True,,,,UNRESOLVED_STRUCTURE,WINDOW_OBSERVED,0,0,0,False,0,0,False,INHERITED_RAW_PRICE_BASIS,True,False
2025-08-20|30770,2025-08-20,30770,13:00,13:20,20,COMPLETE,5,0,DOWN,-1.5037593984962405,AVAILABLE,30.5,True,,,,UNRESOLVED_STRUCTURE,WINDOW_OBSERVED,0,0,0,False,1,1,False,INHERITED_RAW_PRICE_BASIS,True,False
2025-08-20|30770,2025-08-20,30770,13:00,13:25,25,COMPLETE,5,0,DOWN,-0.6106870229007634,AVAILABLE,30.5,True,,,RANGE_COMPRESSION,UNRESOLVED_STRUCTURE,OBSERVATION_INSUFFICIENT,1,1,1,False,1,1,False,INHERITED_RAW_PRICE_BASIS,True,False
2025-08-20|30770,2025-08-20,30770,13:00,13:30,30,COMPLETE,5,0,DOWN,-0.15360983102918588,AVAILABLE,30.5,True,,,VOLUME_EXPANSION|TRADING_VALUE_EXPANSION,UNRESOLVED_STRUCTURE,OBSERVATION_INSUFFICIENT,1,1,1,False,1,3,False,INHERITED_RAW_PRICE_BASIS,True,False
2025-08-20|30770,2025-08-20,30770,13:00,13:35,35,PARTIAL,4,1,,,AVAILABLE,30.5,True,,,,UNRESOLVED_STRUCTURE,OBSERVATION_INSUFFICIENT,2,0,0,False,1,2,False,INHERITED_RAW_PRICE_BASIS,False,False
2025-08-20|30770,2025-08-20,30770,13:00,13:40,40,COMPLETE,5,0,DOWN,-0.9188361408882083,AVAILABLE,30.5,True,,,,UNRESOLVED_STRUCTURE,OBSERVATION_INSUFFICIENT,3,0,0,False,1,1,False,INHERITED_RAW_PRICE_BASIS,False,False
2025-08-20|30770,2025-08-20,30770,13:00,13:45,45,PARTIAL,3,2,,,AVAILABLE,30.5,True,,,,UNRESOLVED_STRUCTURE,OBSERVATION_INSUFFICIENT,1,0,0,False,0,0,False,INHERITED_RAW_PRICE_BASIS,False,False
2025-08-20|30770,2025-08-20,30770,13:00,13:50,50,PARTIAL,4,1,,,AVAILABLE,30.5,True,,,,UNRESOLVED_STRUCTURE,WINDOW_OBSERVED,0,0,0,False,0,0,False,INHERITED_RAW_PRICE_BASIS,False,False
2025-08-20|30770,2025-08-20,30770,13:00,13:55,55,COMPLETE,5,0,UP,1.9817073170731707,AVAILABLE,30.5,True,,,,UNRESOLVED_STRUCTURE,WINDOW_OBSERVED,0,0,0,False,0,0,False,INHERITED_RAW_PRICE_BASIS,False,False
2025-08-20|30770,2025-08-20,30770,13:00,14:00,60,COMPLETE,5,0,DOWN,-0.4484304932735426,AVAILABLE,30.5,True,,,CHOPPINESS|VOLUME_EXPANSION|TRADING_VALUE_EXPANSION,UNRESOLVED_STRUCTURE,OBSERVATION_INSUFFICIENT,2,0,0,False,0,0,False,INHERITED_RAW_PRICE_BASIS,True,False
2025-08-20|30770,2025-08-20,30770,13:00,14:05,65,COMPLETE,5,0,DOWN,-1.791044776119403,AVAILABLE,30.5,True,,,VOLUME_COMPRESSION|TRADING_VALUE_COMPRESSION,UNRESOLVED_STRUCTURE,OBSERVATION_INSUFFICIENT,2,0,0,False,0,0,False,INHERITED_RAW_PRICE_BASIS,True,False
2025-08-20|30770,2025-08-20,30770,13:00,14:10,70,PARTIAL,3,2,,,AVAILABLE,30.5,True,,,,UNRESOLVED_STRUCTURE,WINDOW_OBSERVED,0,0,0,False,0,0,False,INHERITED_RAW_PRICE_BASIS,False,False
2025-08-20|30770,2025-08-20,30770,13:00,14:15,75,COMPLETE,5,0,DOWN,-1.06544901065449,AVAILABLE,30.5,True,,,,UNRESOLVED_STRUCTURE,WINDOW_OBSERVED,0,0,0,False,0,0,False,INHERITED_RAW_PRICE_BASIS,False,False
2025-08-20|30770,2025-08-20,30770,13:00,14:20,80,COMPLETE,5,0,DOWN,-0.7668711656441718,AVAILABLE,30.5,True,,,,UNRESOLVED_STRUCTURE,WINDOW_OBSERVED,0,0,0,False,0,0,False,INHERITED_RAW_PRICE_BASIS,True,False
2025-08-20|30770,2025-08-20,30770,13:00,14:25,85,COMPLETE,5,0,UP,1.3910355486862442,AVAILABLE,30.5,True,,,CHOPPINESS|RANGE_EXPANSION|VOLUME_EXPANSION|TRADING_VALUE_EXPANSION,UNRESOLVED_STRUCTURE,WINDOW_OBSERVED,0,1,1,False,0,0,False,INHERITED_RAW_PRICE_BASIS,True,False
2025-08-20|30770,2025-08-20,30770,13:00,14:30,90,COMPLETE,5,0,UP,2.4390243902439024,AVAILABLE,30.5,True,,,,UNRESOLVED_STRUCTURE,OBSERVATION_INSUFFICIENT,3,1,1,False,0,0,False,INHERITED_RAW_PRICE_BASIS,True,False
2025-08-20|30770,2025-08-20,30770,13:00,14:35,95,COMPLETE,5,0,UP,2.7027027027027026,AVAILABLE,30.5,True,,,RANGE_EXPANSION|VOLUME_EXPANSION|TRADING_VALUE_EXPANSION,UNRESOLVED_STRUCTURE,OBSERVATION_INSUFFICIENT,3,0,1,False,0,0,False,INHERITED_RAW_PRICE_BASIS,True,False
2025-08-20|30770,2025-08-20,30770,13:00,14:40,100,PARTIAL,2,3,,,AVAILABLE,30.5,True,,,,UNRESOLVED_STRUCTURE,WINDOW_OBSERVED,0,0,0,False,0,0,False,INHERITED_RAW_PRICE_BASIS,False,False
2025-08-20|30770,2025-08-20,30770,13:00,14:45,105,COMPLETE,5,0,UNCHANGED,0.0,AVAILABLE,30.5,True,,,CHOPPINESS,UNRESOLVED_STRUCTURE,WINDOW_OBSERVED,0,1,1,False,0,0,False,INHERITED_RAW_PRICE_BASIS,False,False
2025-08-20|30770,2025-08-20,30770,13:00,14:50,110,COMPLETE,5,0,UP,0.7122507122507122,AVAILABLE,30.5,True,,,RANGE_COMPRESSION|VOLUME_COMPRESSION|TRADING_VALUE_COMPRESSION,UNRESOLVED_STRUCTURE,WINDOW_OBSERVED,0,1,1,False,0,0,False,INHERITED_RAW_PRICE_BASIS,True,False
2025-08-20|30770,2025-08-20,30770,13:00,14:55,115,COMPLETE,5,0,DOWN,-1.5492957746478873,AVAILABLE,30.5,True,,RECOVERY,RANGE_EXPANSION,UNRESOLVED_STRUCTURE,WINDOW_OBSERVED,0,1,2,False,0,0,True,INHERITED_RAW_PRICE_BASIS,True,True
2025-08-20|30770,2025-08-20,30770,13:00,15:00,120,COMPLETE,5,0,UP,3.0215827338129495,AVAILABLE,30.5,True,,RECOVERY,RANGE_COMPRESSION,UNRESOLVED_STRUCTURE,WINDOW_OBSERVED,0,0,2,False,0,0,True,INHERITED_RAW_PRICE_BASIS,True,False
2025-08-20|30770,2025-08-20,30770,13:00,15:05,125,COMPLETE,5,0,UP,6.843575418994414,AVAILABLE,30.5,True,,,RANGE_EXPANSION|VOLUME_EXPANSION|TRADING_VALUE_EXPANSION,UNRESOLVED_STRUCTURE,WINDOW_OBSERVED,0,1,3,False,16,4,False,INHERITED_RAW_PRICE_BASIS,True,True
2025-08-20|30770,2025-08-20,30770,13:00,15:10,130,COMPLETE,5,0,DOWN,-5.345501955671447,AVAILABLE,30.5,True,,,RANGE_COMPRESSION|VOLUME_COMPRESSION|TRADING_VALUE_COMPRESSION,UNRESOLVED_STRUCTURE,OBSERVATION_INSUFFICIENT,1,0,3,False,3,3,False,INHERITED_RAW_PRICE_BASIS,True,False
2025-08-20|30770,2025-08-20,30770,13:00,15:15,135,COMPLETE,5,0,DOWN,-2.7586206896551726,AVAILABLE,30.5,True,UP_STRUCTURE,,RANGE_COMPRESSION,IDENTIFIED,OBSERVATION_INSUFFICIENT,2,1,4,False,0,0,True,INHERITED_RAW_PRICE_BASIS,True,False
2025-08-20|30770,2025-08-20,30770,13:00,15:20,140,PARTIAL,4,1,,,AVAILABLE,30.5,True,,,,UNRESOLVED_STRUCTURE,RIGHT_CENSORED,1,1,1,False,6,4,False,INHERITED_RAW_PRICE_BASIS,False,False
2025-08-20|30770,2025-08-20,30770,13:00,15:25,145,PARTIAL,4,1,,,AVAILABLE,30.5,True,,,,CURRENT_BAR_UNAVAILABLE,RIGHT_CENSORED,0,0,0,False,2,4,False,INHERITED_RAW_PRICE_BASIS,False,False
2025-08-20|325A0,2025-08-20,325A0,10:00,10:00,0,COMPLETE,5,0,DOWN,-2.0,PREVIOUS_CONTEXT_UNAVAILABLE,,True,,,RANGE_EXPANSION|VOLUME_EXPANSION|TRADING_VALUE_EXPANSION,SCALE_UNAVAILABLE,WINDOW_OBSERVED,0,0,0,False,1,1,False,INHERITED_RAW_PRICE_BASIS,False,False
2025-08-20|325A0,2025-08-20,325A0,10:00,10:05,5,COMPLETE,5,0,UP,0.10204081632653061,PREVIOUS_CONTEXT_UNAVAILABLE,,True,,,,SCALE_UNAVAILABLE,WINDOW_OBSERVED,0,0,0,False,3,2,False,INHERITED_RAW_PRICE_BASIS,True,False
2025-08-20|325A0,2025-08-20,325A0,10:00,10:10,10,COMPLETE,5,0,UP,0.1019367991845056,PREVIOUS_CONTEXT_UNAVAILABLE,,True,,,RANGE_COMPRESSION|VOLUME_COMPRESSION|TRADING_VALUE_COMPRESSION,SCALE_UNAVAILABLE,WINDOW_OBSERVED,0,0,0,False,0,0,False,INHERITED_RAW_PRICE_BASIS,True,False
2025-08-20|325A0,2025-08-20,325A0,10:00,10:15,15,COMPLETE,5,0,UP,0.7121057985757884,PREVIOUS_CONTEXT_UNAVAILABLE,,True,,,,SCALE_UNAVAILABLE,WINDOW_OBSERVED,0,0,0,False,0,0,False,INHERITED_RAW_PRICE_BASIS,True,False
2025-08-20|325A0,2025-08-20,325A0,10:00,10:20,20,COMPLETE,5,0,DOWN,-2.323232323232323,PREVIOUS_CONTEXT_UNAVAILABLE,,True,,,RANGE_EXPANSION|VOLUME_EXPANSION|TRADING_VALUE_EXPANSION,SCALE_UNAVAILABLE,WINDOW_OBSERVED,0,0,0,False,0,0,False,INHERITED_RAW_PRICE_BASIS,True,False
2025-08-20|325A0,2025-08-20,325A0,10:00,10:25,25,COMPLETE,5,0,UP,1.6580310880829014,PREVIOUS_CONTEXT_UNAVAILABLE,,True,,,VOLUME_COMPRESSION|TRADING_VALUE_COMPRESSION,SCALE_UNAVAILABLE,WINDOW_OBSERVED,0,0,0,False,0,0,False,INHERITED_RAW_PRICE_BASIS,True,False
2025-08-20|325A0,2025-08-20,325A0,10:00,10:30,30,COMPLETE,5,0,DOWN,-0.20408163265306123,PREVIOUS_CONTEXT_UNAVAILABLE,,True,,,RANGE_COMPRESSION|VOLUME_COMPRESSION|TRADING_VALUE_COMPRESSION,SCALE_UNAVAILABLE,WINDOW_OBSERVED,0,0,0,False,0,0,False,INHERITED_RAW_PRICE_BASIS,True,False
2025-08-20|325A0,2025-08-20,325A0,10:00,10:35,35,COMPLETE,5,0,DOWN,-0.8171603677221655,PREVIOUS_CONTEXT_UNAVAILABLE,,True,,,RANGE_EXPANSION|VOLUME_EXPANSION|TRADING_VALUE_EXPANSION,SCALE_UNAVAILABLE,WINDOW_OBSERVED,0,0,0,False,0,0,False,INHERITED_RAW_PRICE_BASIS,True,False
2025-08-20|325A0,2025-08-20,325A0,10:00,10:40,40,COMPLETE,5,0,UP,0.41237113402061853,PREVIOUS_CONTEXT_UNAVAILABLE,,True,,,RANGE_COMPRESSION|VOLUME_COMPRESSION|TRADING_VALUE_COMPRESSION,SCALE_UNAVAILABLE,WINDOW_OBSERVED,0,0,0,False,0,0,False,INHERITED_RAW_PRICE_BASIS,True,False
2025-08-20|325A0,2025-08-20,325A0,10:00,10:45,45,COMPLETE,5,0,DOWN,-1.1305241521068858,PREVIOUS_CONTEXT_UNAVAILABLE,,True,,,RANGE_EXPANSION,SCALE_UNAVAILABLE,WINDOW_OBSERVED,0,0,0,False,1,1,False,INHERITED_RAW_PRICE_BASIS,True,False
2025-08-20|325A0,2025-08-20,325A0,10:00,10:50,50,COMPLETE,5,0,DOWN,-0.8298755186721992,PREVIOUS_CONTEXT_UNAVAILABLE,,True,,,VOLUME_EXPANSION|TRADING_VALUE_EXPANSION,SCALE_UNAVAILABLE,WINDOW_OBSERVED,0,0,0,False,1,2,False,INHERITED_RAW_PRICE_BASIS,True,False
2025-08-20|325A0,2025-08-20,325A0,10:00,10:55,55,COMPLETE,5,0,DOWN,-0.6276150627615062,PREVIOUS_CONTEXT_UNAVAILABLE,,True,,,RANGE_COMPRESSION,SCALE_UNAVAILABLE,WINDOW_OBSERVED,0,0,0,False,3,2,False,INHERITED_RAW_PRICE_BASIS,True,False
2025-08-20|325A0,2025-08-20,325A0,10:00,11:00,60,COMPLETE,5,0,UP,0.21052631578947367,PREVIOUS_CONTEXT_UNAVAILABLE,,True,,,RANGE_EXPANSION|VOLUME_EXPANSION|TRADING_VALUE_EXPANSION,SCALE_UNAVAILABLE,WINDOW_OBSERVED,0,0,0,False,1,2,False,INHERITED_RAW_PRICE_BASIS,True,False
2025-08-20|325A0,2025-08-20,325A0,10:00,11:05,65,COMPLETE,5,0,UP,1.365546218487395,PREVIOUS_CONTEXT_UNAVAILABLE,,True,,,RANGE_EXPANSION,SCALE_UNAVAILABLE,WINDOW_OBSERVED,0,0,0,False,0,0,False,INHERITED_RAW_PRICE_BASIS,True,False
2025-08-20|325A0,2025-08-20,325A0,10:00,11:10,70,COMPLETE,5,0,UP,0.8290155440414507,PREVIOUS_CONTEXT_UNAVAILABLE,,True,,,RANGE_COMPRESSION|VOLUME_COMPRESSION|TRADING_VALUE_COMPRESSION,SCALE_UNAVAILABLE,WINDOW_OBSERVED,0,0,0,False,0,0,False,INHERITED_RAW_PRICE_BASIS,True,False
2025-08-20|325A0,2025-08-20,325A0,10:00,11:15,75,COMPLETE,5,0,UP,1.3360739979445015,PREVIOUS_CONTEXT_UNAVAILABLE,,True,,,VOLUME_EXPANSION|TRADING_VALUE_EXPANSION,SCALE_UNAVAILABLE,WINDOW_OBSERVED,0,0,0,False,0,0,False,INHERITED_RAW_PRICE_BASIS,True,False
2025-08-20|325A0,2025-08-20,325A0,10:00,11:20,80,COMPLETE,5,0,UNCHANGED,0.0,PREVIOUS_CONTEXT_UNAVAILABLE,,True,,,RANGE_COMPRESSION|VOLUME_COMPRESSION|TRADING_VALUE_COMPRESSION,SCALE_UNAVAILABLE,WINDOW_OBSERVED,0,0,0,False,0,0,False,INHERITED_RAW_PRICE_BASIS,True,False
2025-08-20|325A0,2025-08-20,325A0,10:00,11:25,85,COMPLETE,5,0,UNCHANGED,0.0,PREVIOUS_CONTEXT_UNAVAILABLE,,True,,,RANGE_EXPANSION,SCALE_UNAVAILABLE,WINDOW_OBSERVED,0,0,0,False,0,0,False,INHERITED_RAW_PRICE_BASIS,True,False
2025-08-20|325A0,2025-08-20,325A0,10:00,11:30,90,COMPLETE,5,0,DOWN,-0.1016260162601626,PREVIOUS_CONTEXT_UNAVAILABLE,,True,,,RANGE_COMPRESSION,SCALE_UNAVAILABLE,WINDOW_OBSERVED,0,0,0,False,0,0,False,INHERITED_RAW_PRICE_BASIS,True,False
2025-08-20|325A0,2025-08-20,325A0,10:00,12:35,95,COMPLETE,5,0,DOWN,-0.4028197381671702,PREVIOUS_CONTEXT_UNAVAILABLE,,True,,,,SCALE_UNAVAILABLE,WINDOW_OBSERVED,0,0,0,False,0,0,False,INHERITED_RAW_PRICE_BASIS,True,False
2025-08-20|325A0,2025-08-20,325A0,10:00,12:40,100,COMPLETE,5,0,UP,1.314459049544995,PREVIOUS_CONTEXT_UNAVAILABLE,,True,,,VOLUME_EXPANSION|TRADING_VALUE_EXPANSION,SCALE_UNAVAILABLE,WINDOW_OBSERVED,0,0,0,False,0,0,False,INHERITED_RAW_PRICE_BASIS,True,False
2025-08-20|325A0,2025-08-20,325A0,10:00,12:45,105,COMPLETE,5,0,DOWN,-0.6986027944111777,PREVIOUS_CONTEXT_UNAVAILABLE,,True,,,VOLUME_COMPRESSION|TRADING_VALUE_COMPRESSION,SCALE_UNAVAILABLE,WINDOW_OBSERVED,0,0,0,False,0,0,False,INHERITED_RAW_PRICE_BASIS,True,False
2025-08-20|325A0,2025-08-20,325A0,10:00,12:50,110,COMPLETE,5,0,DOWN,-0.10040160642570281,PREVIOUS_CONTEXT_UNAVAILABLE,,True,,,,SCALE_UNAVAILABLE,WINDOW_OBSERVED,0,0,0,False,0,0,False,INHERITED_RAW_PRICE_BASIS,True,False
2025-08-20|325A0,2025-08-20,325A0,10:00,12:55,115,COMPLETE,5,0,UP,0.5025125628140703,PREVIOUS_CONTEXT_UNAVAILABLE,,True,,,RANGE_COMPRESSION|VOLUME_COMPRESSION|TRADING_VALUE_COMPRESSION,SCALE_UNAVAILABLE,WINDOW_OBSERVED,0,0,0,False,0,0,False,INHERITED_RAW_PRICE_BASIS,True,False
2025-08-20|325A0,2025-08-20,325A0,10:00,13:00,120,COMPLETE,5,0,DOWN,-0.8,PREVIOUS_CONTEXT_UNAVAILABLE,,True,,,VOLUME_EXPANSION|TRADING_VALUE_EXPANSION,SCALE_UNAVAILABLE,WINDOW_OBSERVED,0,0,0,False,0,0,False,INHERITED_RAW_PRICE_BASIS,True,False
2025-08-20|325A0,2025-08-20,325A0,10:00,13:05,125,COMPLETE,5,0,UP,0.6042296072507553,PREVIOUS_CONTEXT_UNAVAILABLE,,True,,,VOLUME_COMPRESSION|TRADING_VALUE_COMPRESSION,SCALE_UNAVAILABLE,WINDOW_OBSERVED,0,0,0,False,0,0,False,INHERITED_RAW_PRICE_BASIS,True,False
2025-08-20|325A0,2025-08-20,325A0,10:00,13:10,130,COMPLETE,5,0,UP,0.3003003003003003,PREVIOUS_CONTEXT_UNAVAILABLE,,True,,,,SCALE_UNAVAILABLE,WINDOW_OBSERVED,0,0,0,False,0,0,False,INHERITED_RAW_PRICE_BASIS,True,False
2025-08-20|325A0,2025-08-20,325A0,10:00,13:15,135,COMPLETE,5,0,DOWN,-0.5988023952095808,PREVIOUS_CONTEXT_UNAVAILABLE,,True,,,VOLUME_EXPANSION|TRADING_VALUE_EXPANSION,SCALE_UNAVAILABLE,OBSERVATION_INSUFFICIENT,1,0,0,False,0,0,False,INHERITED_RAW_PRICE_BASIS,True,False
2025-08-20|325A0,2025-08-20,325A0,10:00,13:20,140,COMPLETE,5,0,DOWN,-0.10040160642570281,PREVIOUS_CONTEXT_UNAVAILABLE,,True,,,RANGE_COMPRESSION|VOLUME_COMPRESSION|TRADING_VALUE_COMPRESSION,SCALE_UNAVAILABLE,OBSERVATION_INSUFFICIENT,2,0,0,False,0,0,False,INHERITED_RAW_PRICE_BASIS,True,False
2025-08-20|325A0,2025-08-20,325A0,10:00,13:25,145,PARTIAL,4,1,,,PREVIOUS_CONTEXT_UNAVAILABLE,,True,,,,SCALE_UNAVAILABLE,OBSERVATION_INSUFFICIENT,1,0,0,False,0,0,False,INHERITED_RAW_PRICE_BASIS,False,False
2025-08-20|325A0,2025-08-20,325A0,10:00,13:30,150,PARTIAL,4,1,,,PREVIOUS_CONTEXT_UNAVAILABLE,,True,,,,SCALE_UNAVAILABLE,OBSERVATION_INSUFFICIENT,1,0,0,False,0,0,False,INHERITED_RAW_PRICE_BASIS,False,False
2025-08-20|325A0,2025-08-20,325A0,10:00,13:35,155,COMPLETE,5,0,DOWN,-0.20181634712411706,PREVIOUS_CONTEXT_UNAVAILABLE,,True,,,,SCALE_UNAVAILABLE,OBSERVATION_INSUFFICIENT,1,0,0,False,0,0,False,INHERITED_RAW_PRICE_BASIS,False,False
2025-08-20|325A0,2025-08-20,325A0,10:00,13:40,160,PARTIAL,4,1,,,PREVIOUS_CONTEXT_UNAVAILABLE,,True,,,,SCALE_UNAVAILABLE,WINDOW_OBSERVED,0,0,0,False,0,0,False,INHERITED_RAW_PRICE_BASIS,False,False
2025-08-20|325A0,2025-08-20,325A0,10:00,13:45,165,COMPLETE,5,0,UP,0.4028197381671702,PREVIOUS_CONTEXT_UNAVAILABLE,,True,,,,SCALE_UNAVAILABLE,WINDOW_OBSERVED,0,0,0,False,0,0,False,INHERITED_RAW_PRICE_BASIS,False,False
2025-08-20|325A0,2025-08-20,325A0,10:00,13:50,170,COMPLETE,5,0,DOWN,-0.30090270812437314,PREVIOUS_CONTEXT_UNAVAILABLE,,True,,,VOLUME_COMPRESSION|TRADING_VALUE_COMPRESSION,SCALE_UNAVAILABLE,WINDOW_OBSERVED,0,0,0,False,0,0,False,INHERITED_RAW_PRICE_BASIS,True,False
2025-08-20|325A0,2025-08-20,325A0,10:00,13:55,175,COMPLETE,5,0,DOWN,-0.30181086519114686,PREVIOUS_CONTEXT_UNAVAILABLE,,True,,,RANGE_EXPANSION|VOLUME_EXPANSION|TRADING_VALUE_EXPANSION,SCALE_UNAVAILABLE,WINDOW_OBSERVED,0,0,0,False,0,0,False,INHERITED_RAW_PRICE_BASIS,True,False
2025-08-20|325A0,2025-08-20,325A0,10:00,14:00,180,COMPLETE,5,0,UP,1.513622603430878,PREVIOUS_CONTEXT_UNAVAILABLE,,True,,,RANGE_EXPANSION|VOLUME_EXPANSION|TRADING_VALUE_EXPANSION,SCALE_UNAVAILABLE,WINDOW_OBSERVED,0,0,0,False,0,0,False,INHERITED_RAW_PRICE_BASIS,True,False
2025-08-20|325A0,2025-08-20,325A0,10:00,14:05,185,COMPLETE,5,0,DOWN,-0.3968253968253968,PREVIOUS_CONTEXT_UNAVAILABLE,,True,,,RANGE_COMPRESSION,SCALE_UNAVAILABLE,OBSERVATION_INSUFFICIENT,1,0,0,False,0,0,False,INHERITED_RAW_PRICE_BASIS,True,False
2025-08-20|325A0,2025-08-20,325A0,10:00,14:10,190,COMPLETE,5,0,UNCHANGED,0.0,PREVIOUS_CONTEXT_UNAVAILABLE,,True,,,RANGE_COMPRESSION|VOLUME_COMPRESSION|TRADING_VALUE_COMPRESSION,SCALE_UNAVAILABLE,OBSERVATION_INSUFFICIENT,1,0,0,False,0,0,False,INHERITED_RAW_PRICE_BASIS,True,False
2025-08-20|325A0,2025-08-20,325A0,10:00,14:15,195,PARTIAL,4,1,,,PREVIOUS_CONTEXT_UNAVAILABLE,,True,,,,SCALE_UNAVAILABLE,WINDOW_OBSERVED,0,0,0,False,0,0,False,INHERITED_RAW_PRICE_BASIS,False,False
2025-08-20|325A0,2025-08-20,325A0,10:00,14:20,200,COMPLETE,5,0,DOWN,-0.4,PREVIOUS_CONTEXT_UNAVAILABLE,,True,,,,SCALE_UNAVAILABLE,WINDOW_OBSERVED,0,0,0,False,0,0,False,INHERITED_RAW_PRICE_BASIS,False,False
2025-08-20|325A0,2025-08-20,325A0,10:00,14:25,205,COMPLETE,5,0,DOWN,-0.20080321285140562,PREVIOUS_CONTEXT_UNAVAILABLE,,True,,,,SCALE_UNAVAILABLE,WINDOW_OBSERVED,0,0,0,False,0,0,False,INHERITED_RAW_PRICE_BASIS,True,False
2025-08-20|325A0,2025-08-20,325A0,10:00,14:30,210,COMPLETE,5,0,DOWN,-0.1006036217303823,PREVIOUS_CONTEXT_UNAVAILABLE,,True,,,,SCALE_UNAVAILABLE,WINDOW_OBSERVED,0,0,0,False,0,0,False,INHERITED_RAW_PRICE_BASIS,True,False
2025-08-20|325A0,2025-08-20,325A0,10:00,14:35,215,COMPLETE,5,0,UP,0.1006036217303823,PREVIOUS_CONTEXT_UNAVAILABLE,,True,,,RANGE_COMPRESSION,SCALE_UNAVAILABLE,WINDOW_OBSERVED,0,0,0,False,0,0,False,INHERITED_RAW_PRICE_BASIS,True,False
2025-08-20|325A0,2025-08-20,325A0,10:00,14:40,220,COMPLETE,5,0,UP,0.10070493454179255,PREVIOUS_CONTEXT_UNAVAILABLE,,True,,,RANGE_EXPANSION,SCALE_UNAVAILABLE,WINDOW_OBSERVED,0,0,0,False,0,0,False,INHERITED_RAW_PRICE_BASIS,True,False
2025-08-20|325A0,2025-08-20,325A0,10:00,14:45,225,COMPLETE,5,0,DOWN,-0.8048289738430584,PREVIOUS_CONTEXT_UNAVAILABLE,,True,,,RANGE_EXPANSION|VOLUME_EXPANSION|TRADING_VALUE_EXPANSION,SCALE_UNAVAILABLE,WINDOW_OBSERVED,0,0,0,False,0,0,False,INHERITED_RAW_PRICE_BASIS,True,False
2025-08-20|325A0,2025-08-20,325A0,10:00,14:50,230,COMPLETE,5,0,UNCHANGED,0.0,PREVIOUS_CONTEXT_UNAVAILABLE,,True,,,RANGE_COMPRESSION,SCALE_UNAVAILABLE,WINDOW_OBSERVED,0,0,0,False,0,0,False,INHERITED_RAW_PRICE_BASIS,True,False
2025-08-20|325A0,2025-08-20,325A0,10:00,14:55,235,COMPLETE,5,0,DOWN,-0.10131712259371833,PREVIOUS_CONTEXT_UNAVAILABLE,,True,,,RANGE_COMPRESSION|VOLUME_COMPRESSION|TRADING_VALUE_COMPRESSION,SCALE_UNAVAILABLE,OBSERVATION_INSUFFICIENT,1,0,0,False,0,0,False,INHERITED_RAW_PRICE_BASIS,True,False
2025-08-20|325A0,2025-08-20,325A0,10:00,15:00,240,COMPLETE,5,0,UP,0.20304568527918782,PREVIOUS_CONTEXT_UNAVAILABLE,,True,,,RANGE_EXPANSION|VOLUME_EXPANSION|TRADING_VALUE_EXPANSION,SCALE_UNAVAILABLE,OBSERVATION_INSUFFICIENT,1,0,0,False,0,0,False,INHERITED_RAW_PRICE_BASIS,True,False
2025-08-20|325A0,2025-08-20,325A0,10:00,15:05,245,PARTIAL,4,1,,,PREVIOUS_CONTEXT_UNAVAILABLE,,True,,,,CURRENT_BAR_UNAVAILABLE,WINDOW_OBSERVED,0,0,0,False,0,0,False,INHERITED_RAW_PRICE_BASIS,False,False
2025-08-20|325A0,2025-08-20,325A0,10:00,15:10,250,COMPLETE,5,0,UP,0.4056795131845842,PREVIOUS_CONTEXT_UNAVAILABLE,,True,,,,SCALE_UNAVAILABLE,WINDOW_OBSERVED,0,0,0,False,0,0,False,INHERITED_RAW_PRICE_BASIS,False,False
2025-08-20|325A0,2025-08-20,325A0,10:00,15:15,255,COMPLETE,5,0,DOWN,-0.20202020202020202,PREVIOUS_CONTEXT_UNAVAILABLE,,True,,,RANGE_COMPRESSION,SCALE_UNAVAILABLE,WINDOW_OBSERVED,0,0,0,False,0,0,False,INHERITED_RAW_PRICE_BASIS,True,False
2025-08-20|325A0,2025-08-20,325A0,10:00,15:20,260,COMPLETE,5,0,DOWN,-0.30364372469635625,PREVIOUS_CONTEXT_UNAVAILABLE,,True,,,RANGE_EXPANSION|VOLUME_EXPANSION|TRADING_VALUE_EXPANSION,SCALE_UNAVAILABLE,RIGHT_CENSORED,0,0,0,False,0,0,False,INHERITED_RAW_PRICE_BASIS,True,False
2025-08-20|325A0,2025-08-20,325A0,10:00,15:25,265,COMPLETE,5,0,DOWN,-0.10152284263959391,PREVIOUS_CONTEXT_UNAVAILABLE,,True,,,VOLUME_EXPANSION|TRADING_VALUE_EXPANSION,SCALE_UNAVAILABLE,RIGHT_CENSORED,0,0,0,False,0,0,False,INHERITED_RAW_PRICE_BASIS,True,False
2025-08-20|37660,2025-08-20,37660,13:30,13:30,0,PARTIAL,1,4,,,SCALE_INSUFFICIENT,,True,,,,CURRENT_BAR_UNAVAILABLE,OBSERVATION_INSUFFICIENT,10,0,0,False,0,0,False,INHERITED_RAW_PRICE_BASIS,False,False
2025-08-20|37660,2025-08-20,37660,13:30,13:35,5,UNAVAILABLE,0,5,,,SCALE_INSUFFICIENT,,True,,,,CURRENT_BAR_UNAVAILABLE,OBSERVATION_INSUFFICIENT,10,0,0,False,0,0,False,INHERITED_RAW_PRICE_BASIS,False,False
2025-08-20|37660,2025-08-20,37660,13:30,13:40,10,UNAVAILABLE,0,5,,,SCALE_INSUFFICIENT,,True,,,,CURRENT_BAR_UNAVAILABLE,OBSERVATION_INSUFFICIENT,10,0,0,False,0,0,False,INHERITED_RAW_PRICE_BASIS,False,False
2025-08-20|37660,2025-08-20,37660,13:30,13:45,15,UNAVAILABLE,0,5,,,SCALE_INSUFFICIENT,,True,,,,CURRENT_BAR_UNAVAILABLE,OBSERVATION_INSUFFICIENT,10,0,0,False,0,0,False,INHERITED_RAW_PRICE_BASIS,False,False
2025-08-20|37660,2025-08-20,37660,13:30,13:50,20,UNAVAILABLE,0,5,,,SCALE_INSUFFICIENT,,True,,,,CURRENT_BAR_UNAVAILABLE,OBSERVATION_INSUFFICIENT,10,0,0,False,0,0,False,INHERITED_RAW_PRICE_BASIS,False,False
2025-08-20|37660,2025-08-20,37660,13:30,13:55,25,UNAVAILABLE,0,5,,,SCALE_INSUFFICIENT,,True,,,,CURRENT_BAR_UNAVAILABLE,OBSERVATION_INSUFFICIENT,10,0,0,False,0,0,False,INHERITED_RAW_PRICE_BASIS,False,False
2025-08-20|37660,2025-08-20,37660,13:30,14:00,30,UNAVAILABLE,0,5,,,SCALE_INSUFFICIENT,,True,,,,CURRENT_BAR_UNAVAILABLE,OBSERVATION_INSUFFICIENT,9,0,0,False,0,0,False,INHERITED_RAW_PRICE_BASIS,False,False
2025-08-20|37660,2025-08-20,37660,13:30,14:05,35,UNAVAILABLE,0,5,,,SCALE_INSUFFICIENT,,True,,,,CURRENT_BAR_UNAVAILABLE,OBSERVATION_INSUFFICIENT,9,0,0,False,0,0,False,INHERITED_RAW_PRICE_BASIS,False,False
2025-08-20|37660,2025-08-20,37660,13:30,14:10,40,PARTIAL,1,4,,,SCALE_INSUFFICIENT,,True,,,,CURRENT_BAR_UNAVAILABLE,OBSERVATION_INSUFFICIENT,10,0,0,False,0,0,False,INHERITED_RAW_PRICE_BASIS,False,False
2025-08-20|37660,2025-08-20,37660,13:30,14:15,45,UNAVAILABLE,0,5,,,SCALE_INSUFFICIENT,,True,,,,CURRENT_BAR_UNAVAILABLE,OBSERVATION_INSUFFICIENT,10,0,0,False,0,0,False,INHERITED_RAW_PRICE_BASIS,False,False
2025-08-20|37660,2025-08-20,37660,13:30,14:20,50,UNAVAILABLE,0,5,,,SCALE_INSUFFICIENT,,True,,,,CURRENT_BAR_UNAVAILABLE,OBSERVATION_INSUFFICIENT,9,0,0,False,0,0,False,INHERITED_RAW_PRICE_BASIS,False,False
2025-08-20|37660,2025-08-20,37660,13:30,14:25,55,UNAVAILABLE,0,5,,,SCALE_INSUFFICIENT,,True,,,,CURRENT_BAR_UNAVAILABLE,OBSERVATION_INSUFFICIENT,9,0,0,False,0,0,False,INHERITED_RAW_PRICE_BASIS,False,False
2025-08-20|37660,2025-08-20,37660,13:30,14:30,60,PARTIAL,1,4,,,SCALE_INSUFFICIENT,,True,,,,SCALE_UNAVAILABLE,OBSERVATION_INSUFFICIENT,10,0,0,False,0,0,False,INHERITED_RAW_PRICE_BASIS,False,False
2025-08-20|37660,2025-08-20,37660,13:30,14:35,65,UNAVAILABLE,0,5,,,SCALE_INSUFFICIENT,,True,,,,CURRENT_BAR_UNAVAILABLE,OBSERVATION_INSUFFICIENT,10,0,0,False,0,0,False,INHERITED_RAW_PRICE_BASIS,False,False
2025-08-20|37660,2025-08-20,37660,13:30,14:40,70,UNAVAILABLE,0,5,,,SCALE_INSUFFICIENT,,True,,,,CURRENT_BAR_UNAVAILABLE,OBSERVATION_INSUFFICIENT,10,0,0,False,0,0,False,INHERITED_RAW_PRICE_BASIS,False,False
2025-08-20|37660,2025-08-20,37660,13:30,14:45,75,UNAVAILABLE,0,5,,,SCALE_INSUFFICIENT,,True,,,,CURRENT_BAR_UNAVAILABLE,OBSERVATION_INSUFFICIENT,9,0,0,False,0,0,False,INHERITED_RAW_PRICE_BASIS,False,False
2025-08-20|37660,2025-08-20,37660,13:30,14:50,80,UNAVAILABLE,0,5,,,SCALE_INSUFFICIENT,,True,,,,CURRENT_BAR_UNAVAILABLE,OBSERVATION_INSUFFICIENT,9,0,0,False,0,0,False,INHERITED_RAW_PRICE_BASIS,False,False
2025-08-20|37660,2025-08-20,37660,13:30,14:55,85,PARTIAL,1,4,,,SCALE_INSUFFICIENT,,True,,,,SCALE_UNAVAILABLE,OBSERVATION_INSUFFICIENT,10,0,0,False,0,0,False,INHERITED_RAW_PRICE_BASIS,False,False
2025-08-20|37660,2025-08-20,37660,13:30,15:00,90,UNAVAILABLE,0,5,,,SCALE_INSUFFICIENT,,True,,,,CURRENT_BAR_UNAVAILABLE,OBSERVATION_INSUFFICIENT,10,0,0,False,0,0,False,INHERITED_RAW_PRICE_BASIS,False,False
2025-08-20|37660,2025-08-20,37660,13:30,15:05,95,UNAVAILABLE,0,5,,,SCALE_INSUFFICIENT,,True,,,,CURRENT_BAR_UNAVAILABLE,OBSERVATION_INSUFFICIENT,10,0,0,False,0,0,False,INHERITED_RAW_PRICE_BASIS,False,False
2025-08-20|37660,2025-08-20,37660,13:30,15:10,100,UNAVAILABLE,0,5,,,SCALE_INSUFFICIENT,,True,,,,CURRENT_BAR_UNAVAILABLE,OBSERVATION_INSUFFICIENT,10,0,0,False,0,0,False,INHERITED_RAW_PRICE_BASIS,False,False
2025-08-20|37660,2025-08-20,37660,13:30,15:15,105,UNAVAILABLE,0,5,,,SCALE_INSUFFICIENT,,True,,,,CURRENT_BAR_UNAVAILABLE,OBSERVATION_INSUFFICIENT,10,0,0,False,0,0,False,INHERITED_RAW_PRICE_BASIS,False,False
2025-08-20|37660,2025-08-20,37660,13:30,15:20,110,UNAVAILABLE,0,5,,,SCALE_INSUFFICIENT,,True,,,,CURRENT_BAR_UNAVAILABLE,RIGHT_CENSORED,5,0,0,False,0,0,False,INHERITED_RAW_PRICE_BASIS,False,False
2025-08-20|37660,2025-08-20,37660,13:30,15:25,115,UNAVAILABLE,0,5,,,SCALE_INSUFFICIENT,,True,,,,CURRENT_BAR_UNAVAILABLE,RIGHT_CENSORED,0,0,0,False,0,0,False,INHERITED_RAW_PRICE_BASIS,False,False
2025-08-20|38030,2025-08-20,38030,09:30,09:30,0,PARTIAL,4,1,,,SCALE_INSUFFICIENT,,True,,,,CURRENT_BAR_UNAVAILABLE,OBSERVATION_INSUFFICIENT,1,0,0,False,1,1,False,INHERITED_RAW_PRICE_BASIS,False,False
2025-08-20|38030,2025-08-20,38030,09:30,09:35,5,PARTIAL,4,1,,,SCALE_INSUFFICIENT,,True,,,,SCALE_UNAVAILABLE,WINDOW_OBSERVED,0,0,0,False,1,1,False,INHERITED_RAW_PRICE_BASIS,False,False
2025-08-20|38030,2025-08-20,38030,09:30,09:40,10,COMPLETE,5,0,UP,1.4381591562799616,SCALE_INSUFFICIENT,,True,,,,SCALE_UNAVAILABLE,WINDOW_OBSERVED,0,0,0,False,0,0,False,INHERITED_RAW_PRICE_BASIS,False,False
2025-08-20|38030,2025-08-20,38030,09:30,09:45,15,COMPLETE,5,0,UP,0.3791469194312796,SCALE_INSUFFICIENT,,True,,,RANGE_COMPRESSION|VOLUME_COMPRESSION|TRADING_VALUE_COMPRESSION,SCALE_UNAVAILABLE,OBSERVATION_INSUFFICIENT,2,0,0,False,0,0,False,INHERITED_RAW_PRICE_BASIS,True,False
2025-08-20|38030,2025-08-20,38030,09:30,09:50,20,COMPLETE,5,0,UP,0.4725897920604915,SCALE_INSUFFICIENT,,True,,,VOLUME_COMPRESSION|TRADING_VALUE_COMPRESSION,SCALE_UNAVAILABLE,OBSERVATION_INSUFFICIENT,2,0,0,False,0,0,False,INHERITED_RAW_PRICE_BASIS,True,False
2025-08-20|38030,2025-08-20,38030,09:30,09:55,25,PARTIAL,3,2,,,SCALE_INSUFFICIENT,,True,,,,CURRENT_BAR_UNAVAILABLE,OBSERVATION_INSUFFICIENT,3,0,0,False,0,0,False,INHERITED_RAW_PRICE_BASIS,False,False
2025-08-20|38030,2025-08-20,38030,09:30,10:00,30,COMPLETE,5,0,UP,1.1214953271028036,SCALE_INSUFFICIENT,,True,,,,SCALE_UNAVAILABLE,OBSERVATION_INSUFFICIENT,5,0,0,False,0,0,False,INHERITED_RAW_PRICE_BASIS,False,False
2025-08-20|38030,2025-08-20,38030,09:30,10:05,35,PARTIAL,2,3,,,SCALE_INSUFFICIENT,,True,,,,CURRENT_BAR_UNAVAILABLE,OBSERVATION_INSUFFICIENT,4,0,0,False,0,0,False,INHERITED_RAW_PRICE_BASIS,False,False
2025-08-20|38030,2025-08-20,38030,09:30,10:10,40,PARTIAL,3,2,,,SCALE_INSUFFICIENT,,True,,,,SCALE_UNAVAILABLE,OBSERVATION_INSUFFICIENT,5,0,0,False,0,0,False,INHERITED_RAW_PRICE_BASIS,False,False
2025-08-20|38030,2025-08-20,38030,09:30,10:15,45,PARTIAL,3,2,,,SCALE_INSUFFICIENT,,True,,,,SCALE_UNAVAILABLE,OBSERVATION_INSUFFICIENT,7,0,0,False,0,0,False,INHERITED_RAW_PRICE_BASIS,False,False
2025-08-20|38030,2025-08-20,38030,09:30,10:20,50,PARTIAL,2,3,,,SCALE_INSUFFICIENT,,True,,,,SCALE_UNAVAILABLE,OBSERVATION_INSUFFICIENT,8,0,0,False,0,0,False,INHERITED_RAW_PRICE_BASIS,False,False
2025-08-20|38030,2025-08-20,38030,09:30,10:25,55,PARTIAL,1,4,,,SCALE_INSUFFICIENT,,True,,,,CURRENT_BAR_UNAVAILABLE,OBSERVATION_INSUFFICIENT,6,0,0,False,0,0,False,INHERITED_RAW_PRICE_BASIS,False,False
2025-08-20|38030,2025-08-20,38030,09:30,10:30,60,PARTIAL,1,4,,,SCALE_INSUFFICIENT,,True,,,,SCALE_UNAVAILABLE,OBSERVATION_INSUFFICIENT,4,0,0,False,0,0,False,INHERITED_RAW_PRICE_BASIS,False,False
2025-08-20|38030,2025-08-20,38030,09:30,10:35,65,PARTIAL,3,2,,,SCALE_INSUFFICIENT,,True,,,,SCALE_UNAVAILABLE,OBSERVATION_INSUFFICIENT,6,0,0,False,0,0,False,INHERITED_RAW_PRICE_BASIS,False,False
2025-08-20|38030,2025-08-20,38030,09:30,10:40,70,PARTIAL,3,2,,,SCALE_INSUFFICIENT,,True,,,,CURRENT_BAR_UNAVAILABLE,OBSERVATION_INSUFFICIENT,8,0,0,False,0,0,False,INHERITED_RAW_PRICE_BASIS,False,False
2025-08-20|38030,2025-08-20,38030,09:30,10:45,75,PARTIAL,1,4,,,SCALE_INSUFFICIENT,,True,,,,SCALE_UNAVAILABLE,OBSERVATION_INSUFFICIENT,8,0,0,False,0,0,False,INHERITED_RAW_PRICE_BASIS,False,False
2025-08-20|38030,2025-08-20,38030,09:30,10:50,80,PARTIAL,1,4,,,SCALE_INSUFFICIENT,,True,,,,CURRENT_BAR_UNAVAILABLE,OBSERVATION_INSUFFICIENT,8,0,0,False,0,0,False,INHERITED_RAW_PRICE_BASIS,False,False
2025-08-20|38030,2025-08-20,38030,09:30,10:55,85,PARTIAL,1,4,,,SCALE_INSUFFICIENT,,True,,,,SCALE_UNAVAILABLE,OBSERVATION_INSUFFICIENT,8,0,0,False,0,0,False,INHERITED_RAW_PRICE_BASIS,False,False
2025-08-20|38030,2025-08-20,38030,09:30,11:00,90,PARTIAL,1,4,,,SCALE_INSUFFICIENT,,True,,,,SCALE_UNAVAILABLE,OBSERVATION_INSUFFICIENT,9,0,0,False,0,0,False,INHERITED_RAW_PRICE_BASIS,False,False
2025-08-20|38030,2025-08-20,38030,09:30,11:05,95,PARTIAL,1,4,,,SCALE_INSUFFICIENT,,True,,,,CURRENT_BAR_UNAVAILABLE,OBSERVATION_INSUFFICIENT,8,0,0,False,0,0,False,INHERITED_RAW_PRICE_BASIS,False,False
2025-08-20|38030,2025-08-20,38030,09:30,11:10,100,UNAVAILABLE,0,5,,,SCALE_INSUFFICIENT,,True,,,,CURRENT_BAR_UNAVAILABLE,OBSERVATION_INSUFFICIENT,6,0,0,False,0,0,False,INHERITED_RAW_PRICE_BASIS,False,False
2025-08-20|38030,2025-08-20,38030,09:30,11:15,105,PARTIAL,2,3,,,SCALE_INSUFFICIENT,,True,,,,CURRENT_BAR_UNAVAILABLE,OBSERVATION_INSUFFICIENT,6,0,0,False,0,0,False,INHERITED_RAW_PRICE_BASIS,False,False
2025-08-20|38030,2025-08-20,38030,09:30,11:20,110,PARTIAL,2,3,,,SCALE_INSUFFICIENT,,True,,,,CURRENT_BAR_UNAVAILABLE,OBSERVATION_INSUFFICIENT,7,0,0,False,0,0,False,INHERITED_RAW_PRICE_BASIS,False,False
2025-08-20|38030,2025-08-20,38030,09:30,11:25,115,PARTIAL,2,3,,,SCALE_INSUFFICIENT,,True,,,,CURRENT_BAR_UNAVAILABLE,OBSERVATION_INSUFFICIENT,7,0,0,False,0,0,False,INHERITED_RAW_PRICE_BASIS,False,False
2025-08-20|38030,2025-08-20,38030,09:30,11:30,120,PARTIAL,1,4,,,SCALE_INSUFFICIENT,,True,,,,CURRENT_BAR_UNAVAILABLE,OBSERVATION_INSUFFICIENT,6,0,0,False,0,0,False,INHERITED_RAW_PRICE_BASIS,False,False
2025-08-20|38030,2025-08-20,38030,09:30,12:35,125,PARTIAL,2,3,,,SCALE_INSUFFICIENT,,True,,,,CURRENT_BAR_UNAVAILABLE,OBSERVATION_INSUFFICIENT,7,0,0,False,0,0,False,INHERITED_RAW_PRICE_BASIS,False,False
2025-08-20|38030,2025-08-20,38030,09:30,12:40,130,PARTIAL,2,3,,,SCALE_INSUFFICIENT,,True,,,,SCALE_UNAVAILABLE,OBSERVATION_INSUFFICIENT,6,0,0,False,0,0,False,INHERITED_RAW_PRICE_BASIS,False,False
2025-08-20|38030,2025-08-20,38030,09:30,12:45,135,PARTIAL,1,4,,,SCALE_INSUFFICIENT,,True,,,,CURRENT_BAR_UNAVAILABLE,OBSERVATION_INSUFFICIENT,6,0,0,False,0,0,False,INHERITED_RAW_PRICE_BASIS,False,False
2025-08-20|38030,2025-08-20,38030,09:30,12:50,140,PARTIAL,3,2,,,SCALE_INSUFFICIENT,,True,,,,SCALE_UNAVAILABLE,OBSERVATION_INSUFFICIENT,8,0,0,False,0,0,False,INHERITED_RAW_PRICE_BASIS,False,False
2025-08-20|38030,2025-08-20,38030,09:30,12:55,145,PARTIAL,1,4,,,SCALE_INSUFFICIENT,,True,,,,SCALE_UNAVAILABLE,OBSERVATION_INSUFFICIENT,9,0,0,False,0,0,False,INHERITED_RAW_PRICE_BASIS,False,False
2025-08-20|38030,2025-08-20,38030,09:30,13:00,150,PARTIAL,1,4,,,SCALE_INSUFFICIENT,,True,,,,CURRENT_BAR_UNAVAILABLE,OBSERVATION_INSUFFICIENT,6,0,0,False,0,0,False,INHERITED_RAW_PRICE_BASIS,False,False
2025-08-20|38030,2025-08-20,38030,09:30,13:05,155,UNAVAILABLE,0,5,,,SCALE_INSUFFICIENT,,True,,,,CURRENT_BAR_UNAVAILABLE,OBSERVATION_INSUFFICIENT,5,0,0,False,0,0,False,INHERITED_RAW_PRICE_BASIS,False,False
2025-08-20|38030,2025-08-20,38030,09:30,13:10,160,PARTIAL,4,1,,,SCALE_INSUFFICIENT,,True,,,,SCALE_UNAVAILABLE,OBSERVATION_INSUFFICIENT,9,0,0,False,0,0,False,INHERITED_RAW_PRICE_BASIS,False,False
2025-08-20|38030,2025-08-20,38030,09:30,13:15,165,PARTIAL,1,4,,,SCALE_INSUFFICIENT,,True,,,,CURRENT_BAR_UNAVAILABLE,OBSERVATION_INSUFFICIENT,10,0,0,False,0,0,False,INHERITED_RAW_PRICE_BASIS,False,False
2025-08-20|38030,2025-08-20,38030,09:30,13:20,170,UNAVAILABLE,0,5,,,SCALE_INSUFFICIENT,,True,,,,CURRENT_BAR_UNAVAILABLE,OBSERVATION_INSUFFICIENT,10,0,0,False,0,0,False,INHERITED_RAW_PRICE_BASIS,False,False
2025-08-20|38030,2025-08-20,38030,09:30,13:25,175,UNAVAILABLE,0,5,,,SCALE_INSUFFICIENT,,True,,,,CURRENT_BAR_UNAVAILABLE,OBSERVATION_INSUFFICIENT,9,0,0,False,0,0,False,INHERITED_RAW_PRICE_BASIS,False,False
2025-08-20|38030,2025-08-20,38030,09:30,13:30,180,UNAVAILABLE,0,5,,,SCALE_INSUFFICIENT,,True,,,,CURRENT_BAR_UNAVAILABLE,OBSERVATION_INSUFFICIENT,9,0,0,False,0,0,False,INHERITED_RAW_PRICE_BASIS,False,False
2025-08-20|38030,2025-08-20,38030,09:30,13:35,185,PARTIAL,1,4,,,SCALE_INSUFFICIENT,,True,,,,CURRENT_BAR_UNAVAILABLE,OBSERVATION_INSUFFICIENT,9,0,0,False,0,0,False,INHERITED_RAW_PRICE_BASIS,False,False
2025-08-20|38030,2025-08-20,38030,09:30,13:40,190,UNAVAILABLE,0,5,,,SCALE_INSUFFICIENT,,True,,,,CURRENT_BAR_UNAVAILABLE,OBSERVATION_INSUFFICIENT,8,0,0,False,0,0,False,INHERITED_RAW_PRICE_BASIS,False,False
2025-08-20|38030,2025-08-20,38030,09:30,13:45,195,PARTIAL,1,4,,,SCALE_INSUFFICIENT,,True,,,,SCALE_UNAVAILABLE,OBSERVATION_INSUFFICIENT,8,0,0,False,0,0,False,INHERITED_RAW_PRICE_BASIS,False,False
2025-08-20|38030,2025-08-20,38030,09:30,13:50,200,PARTIAL,1,4,,,SCALE_INSUFFICIENT,,True,,,,CURRENT_BAR_UNAVAILABLE,OBSERVATION_INSUFFICIENT,9,0,0,False,0,0,False,INHERITED_RAW_PRICE_BASIS,False,False
2025-08-20|38030,2025-08-20,38030,09:30,13:55,205,PARTIAL,1,4,,,SCALE_INSUFFICIENT,,True,,,,CURRENT_BAR_UNAVAILABLE,OBSERVATION_INSUFFICIENT,8,0,0,False,0,0,False,INHERITED_RAW_PRICE_BASIS,False,False
2025-08-20|38030,2025-08-20,38030,09:30,14:00,210,UNAVAILABLE,0,5,,,SCALE_INSUFFICIENT,,True,,,,CURRENT_BAR_UNAVAILABLE,OBSERVATION_INSUFFICIENT,5,0,0,False,0,0,False,INHERITED_RAW_PRICE_BASIS,False,False
2025-08-20|38030,2025-08-20,38030,09:30,14:05,215,PARTIAL,2,3,,,SCALE_INSUFFICIENT,,True,,,,CURRENT_BAR_UNAVAILABLE,OBSERVATION_INSUFFICIENT,6,0,0,False,0,0,False,INHERITED_RAW_PRICE_BASIS,False,False
2025-08-20|38030,2025-08-20,38030,09:30,14:10,220,PARTIAL,3,2,,,SCALE_INSUFFICIENT,,True,,,,SCALE_UNAVAILABLE,OBSERVATION_INSUFFICIENT,8,0,0,False,0,0,False,INHERITED_RAW_PRICE_BASIS,False,False
2025-08-20|38030,2025-08-20,38030,09:30,14:15,225,PARTIAL,1,4,,,SCALE_INSUFFICIENT,,True,,,,CURRENT_BAR_UNAVAILABLE,OBSERVATION_INSUFFICIENT,9,0,0,False,0,0,False,INHERITED_RAW_PRICE_BASIS,False,False
2025-08-20|38030,2025-08-20,38030,09:30,14:20,230,PARTIAL,1,4,,,SCALE_INSUFFICIENT,,True,,,,CURRENT_BAR_UNAVAILABLE,OBSERVATION_INSUFFICIENT,9,0,0,False,0,0,False,INHERITED_RAW_PRICE_BASIS,False,False
2025-08-20|38030,2025-08-20,38030,09:30,14:25,235,UNAVAILABLE,0,5,,,SCALE_INSUFFICIENT,,True,,,,CURRENT_BAR_UNAVAILABLE,OBSERVATION_INSUFFICIENT,8,0,0,False,0,0,False,INHERITED_RAW_PRICE_BASIS,False,False
2025-08-20|38030,2025-08-20,38030,09:30,14:30,240,PARTIAL,1,4,,,SCALE_INSUFFICIENT,,True,,,,CURRENT_BAR_UNAVAILABLE,OBSERVATION_INSUFFICIENT,7,0,0,False,0,0,False,INHERITED_RAW_PRICE_BASIS,False,False
2025-08-20|38030,2025-08-20,38030,09:30,14:35,245,PARTIAL,1,4,,,SCALE_INSUFFICIENT,,True,,,,CURRENT_BAR_UNAVAILABLE,OBSERVATION_INSUFFICIENT,8,0,0,False,0,0,False,INHERITED_RAW_PRICE_BASIS,False,False
2025-08-20|38030,2025-08-20,38030,09:30,14:40,250,PARTIAL,2,3,,,SCALE_INSUFFICIENT,,True,,,,CURRENT_BAR_UNAVAILABLE,OBSERVATION_INSUFFICIENT,9,0,0,False,0,0,False,INHERITED_RAW_PRICE_BASIS,False,False
2025-08-20|38030,2025-08-20,38030,09:30,14:45,255,UNAVAILABLE,0,5,,,SCALE_INSUFFICIENT,,True,,,,CURRENT_BAR_UNAVAILABLE,OBSERVATION_INSUFFICIENT,6,0,0,False,0,0,False,INHERITED_RAW_PRICE_BASIS,False,False
2025-08-20|38030,2025-08-20,38030,09:30,14:50,260,PARTIAL,1,4,,,SCALE_INSUFFICIENT,,True,,,,CURRENT_BAR_UNAVAILABLE,OBSERVATION_INSUFFICIENT,6,0,0,False,0,0,False,INHERITED_RAW_PRICE_BASIS,False,False
2025-08-20|38030,2025-08-20,38030,09:30,14:55,265,PARTIAL,3,2,,,SCALE_INSUFFICIENT,,True,,,,SCALE_UNAVAILABLE,OBSERVATION_INSUFFICIENT,6,0,0,False,0,0,False,INHERITED_RAW_PRICE_BASIS,False,False
2025-08-20|38030,2025-08-20,38030,09:30,15:00,270,PARTIAL,1,4,,,SCALE_INSUFFICIENT,,True,,,,SCALE_UNAVAILABLE,OBSERVATION_INSUFFICIENT,4,0,0,False,0,0,False,INHERITED_RAW_PRICE_BASIS,False,False
2025-08-20|38030,2025-08-20,38030,09:30,15:05,275,PARTIAL,3,2,,,SCALE_INSUFFICIENT,,True,,,,CURRENT_BAR_UNAVAILABLE,OBSERVATION_INSUFFICIENT,3,0,0,False,0,0,False,INHERITED_RAW_PRICE_BASIS,False,False
2025-08-20|38030,2025-08-20,38030,09:30,15:10,280,PARTIAL,3,2,,,SCALE_INSUFFICIENT,,True,,,,SCALE_UNAVAILABLE,OBSERVATION_INSUFFICIENT,3,0,0,False,0,0,False,INHERITED_RAW_PRICE_BASIS,False,False
2025-08-20|38030,2025-08-20,38030,09:30,15:15,285,PARTIAL,4,1,,,SCALE_INSUFFICIENT,,True,,,,SCALE_UNAVAILABLE,OBSERVATION_INSUFFICIENT,2,0,0,False,0,0,False,INHERITED_RAW_PRICE_BASIS,False,False
2025-08-20|38030,2025-08-20,38030,09:30,15:20,290,PARTIAL,3,2,,,SCALE_INSUFFICIENT,,True,,,,SCALE_UNAVAILABLE,RIGHT_CENSORED,0,0,0,False,0,0,False,INHERITED_RAW_PRICE_BASIS,False,False
2025-08-20|38030,2025-08-20,38030,09:30,15:25,295,COMPLETE,5,0,DOWN,-0.19029495718363462,SCALE_INSUFFICIENT,,True,,,,SCALE_UNAVAILABLE,RIGHT_CENSORED,0,0,0,False,0,0,False,INHERITED_RAW_PRICE_BASIS,False,False
2025-08-20|38140,2025-08-20,38140,09:30,09:30,0,COMPLETE,5,0,DOWN,-1.0101010101010102,AVAILABLE,2.0,True,DOWN_STRUCTURE,PROGRESSION,,IDENTIFIED,WINDOW_OBSERVED,0,0,8,False,1,0,True,INHERITED_RAW_PRICE_BASIS,False,False
2025-08-20|38140,2025-08-20,38140,09:30,09:35,5,COMPLETE,5,0,DOWN,-2.5510204081632653,AVAILABLE,2.0,True,DOWN_STRUCTURE,PROGRESSION,RANGE_COMPRESSION,IDENTIFIED,WINDOW_OBSERVED,0,0,8,False,1,0,True,INHERITED_RAW_PRICE_BASIS,True,False
2025-08-20|38140,2025-08-20,38140,09:30,09:40,10,COMPLETE,5,0,UP,2.094240837696335,AVAILABLE,2.0,True,DOWN_STRUCTURE,,,IDENTIFIED,WINDOW_OBSERVED,0,1,10,False,2,2,True,INHERITED_RAW_PRICE_BASIS,True,True
2025-08-20|38140,2025-08-20,38140,09:30,09:45,15,COMPLETE,5,0,DOWN,-0.5235602094240838,AVAILABLE,2.0,True,DOWN_STRUCTURE,,RANGE_COMPRESSION|VOLUME_COMPRESSION|TRADING_VALUE_COMPRESSION,IDENTIFIED,WINDOW_OBSERVED,0,1,11,False,0,0,True,INHERITED_RAW_PRICE_BASIS,True,False
2025-08-20|38140,2025-08-20,38140,09:30,09:50,20,COMPLETE,5,0,UP,2.1052631578947367,AVAILABLE,2.0,True,DOWN_STRUCTURE,CORRECTION,VOLUME_COMPRESSION|TRADING_VALUE_COMPRESSION,IDENTIFIED,WINDOW_OBSERVED,0,0,13,False,0,0,True,INHERITED_RAW_PRICE_BASIS,True,True
2025-08-20|38140,2025-08-20,38140,09:30,09:55,25,COMPLETE,5,0,DOWN,-1.0309278350515463,AVAILABLE,2.0,True,,RESTRUCTURING|RECOVERY,VOLUME_EXPANSION|TRADING_VALUE_EXPANSION,UNRESOLVED_STRUCTURE,WINDOW_OBSERVED,0,0,15,False,2,3,True,INHERITED_RAW_PRICE_BASIS,True,True
2025-08-20|38140,2025-08-20,38140,09:30,10:00,30,COMPLETE,5,0,UP,3.125,AVAILABLE,2.0,True,,RESTRUCTURING,VOLUME_COMPRESSION|TRADING_VALUE_COMPRESSION,UNRESOLVED_STRUCTURE,WINDOW_OBSERVED,0,0,15,False,1,1,True,INHERITED_RAW_PRICE_BASIS,True,True
2025-08-20|38140,2025-08-20,38140,09:30,10:05,35,COMPLETE,5,0,UP,1.0101010101010102,AVAILABLE,2.0,True,UP_STRUCTURE,PROGRESSION,RANGE_COMPRESSION|VOLUME_EXPANSION|TRADING_VALUE_EXPANSION,IDENTIFIED,OBSERVATION_INSUFFICIENT,1,0,17,False,0,0,True,INHERITED_RAW_PRICE_BASIS,True,True
2025-08-20|38140,2025-08-20,38140,09:30,10:10,40,COMPLETE,5,0,DOWN,-0.5,AVAILABLE,2.0,True,UP_STRUCTURE,PROGRESSION,RANGE_COMPRESSION|VOLUME_COMPRESSION|TRADING_VALUE_COMPRESSION,IDENTIFIED,OBSERVATION_INSUFFICIENT,2,0,17,False,1,1,True,INHERITED_RAW_PRICE_BASIS,True,False
2025-08-20|38140,2025-08-20,38140,09:30,10:15,45,PARTIAL,4,1,,,AVAILABLE,2.0,True,,,,UNRESOLVED_STRUCTURE,OBSERVATION_INSUFFICIENT,3,0,0,False,0,0,False,INHERITED_RAW_PRICE_BASIS,False,False
2025-08-20|38140,2025-08-20,38140,09:30,10:20,50,PARTIAL,4,1,,,AVAILABLE,2.0,True,,,,UNRESOLVED_STRUCTURE,OBSERVATION_INSUFFICIENT,2,0,0,False,0,0,False,INHERITED_RAW_PRICE_BASIS,False,False
2025-08-20|38140,2025-08-20,38140,09:30,10:25,55,PARTIAL,3,2,,,AVAILABLE,2.0,True,,,,CURRENT_BAR_UNAVAILABLE,OBSERVATION_INSUFFICIENT,1,0,0,False,0,0,False,INHERITED_RAW_PRICE_BASIS,False,False
2025-08-20|38140,2025-08-20,38140,09:30,10:30,60,COMPLETE,5,0,UNCHANGED,0.0,AVAILABLE,2.0,True,,,,UNRESOLVED_STRUCTURE,OBSERVATION_INSUFFICIENT,1,1,1,False,0,0,False,INHERITED_RAW_PRICE_BASIS,False,False
2025-08-20|38140,2025-08-20,38140,09:30,10:35,65,PARTIAL,4,1,,,AVAILABLE,2.0,True,,,,CURRENT_BAR_UNAVAILABLE,WINDOW_OBSERVED,0,0,0,False,0,0,False,INHERITED_RAW_PRICE_BASIS,False,False
2025-08-20|38140,2025-08-20,38140,09:30,10:40,70,COMPLETE,5,0,UP,0.5128205128205128,AVAILABLE,2.0,True,,,CHOPPINESS,UNRESOLVED_STRUCTURE,OBSERVATION_INSUFFICIENT,1,1,1,False,0,0,False,INHERITED_RAW_PRICE_BASIS,False,False
2025-08-20|38140,2025-08-20,38140,09:30,10:45,75,COMPLETE,5,0,DOWN,-1.0204081632653061,AVAILABLE,2.0,True,,,RANGE_EXPANSION|VOLUME_EXPANSION|TRADING_VALUE_EXPANSION,UNRESOLVED_STRUCTURE,OBSERVATION_INSUFFICIENT,2,0,1,False,0,0,False,INHERITED_RAW_PRICE_BASIS,True,False
2025-08-20|38140,2025-08-20,38140,09:30,10:50,80,PARTIAL,4,1,,,AVAILABLE,2.0,True,,,,UNRESOLVED_STRUCTURE,OBSERVATION_INSUFFICIENT,3,0,1,False,0,0,False,INHERITED_RAW_PRICE_BASIS,False,False
2025-08-20|38140,2025-08-20,38140,09:30,10:55,85,PARTIAL,4,1,,,AVAILABLE,2.0,True,,,,CURRENT_BAR_UNAVAILABLE,OBSERVATION_INSUFFICIENT,6,0,0,False,0,0,False,INHERITED_RAW_PRICE_BASIS,False,False
2025-08-20|38140,2025-08-20,38140,09:30,11:00,90,PARTIAL,3,2,,,AVAILABLE,2.0,True,,,,CURRENT_BAR_UNAVAILABLE,OBSERVATION_INSUFFICIENT,7,0,0,False,0,0,False,INHERITED_RAW_PRICE_BASIS,False,False
2025-08-20|38140,2025-08-20,38140,09:30,11:05,95,PARTIAL,1,4,,,AVAILABLE,2.0,True,,,,CURRENT_BAR_UNAVAILABLE,OBSERVATION_INSUFFICIENT,3,0,0,False,0,0,False,INHERITED_RAW_PRICE_BASIS,False,False
2025-08-20|38140,2025-08-20,38140,09:30,11:10,100,PARTIAL,2,3,,,AVAILABLE,2.0,True,,,,UNRESOLVED_STRUCTURE,WINDOW_OBSERVED,0,1,1,False,0,0,False,INHERITED_RAW_PRICE_BASIS,False,False
2025-08-20|38140,2025-08-20,38140,09:30,11:15,105,COMPLETE,5,0,UP,1.5463917525773196,AVAILABLE,2.0,True,,,,UNRESOLVED_STRUCTURE,OBSERVATION_INSUFFICIENT,1,0,1,False,0,0,False,INHERITED_RAW_PRICE_BASIS,False,False
2025-08-20|38140,2025-08-20,38140,09:30,11:20,110,COMPLETE,5,0,UNCHANGED,0.0,AVAILABLE,2.0,True,,,CHOPPINESS,UNRESOLVED_STRUCTURE,OBSERVATION_INSUFFICIENT,1,0,2,False,0,0,False,INHERITED_RAW_PRICE_BASIS,True,False
2025-08-20|38140,2025-08-20,38140,09:30,11:25,115,PARTIAL,4,1,,,AVAILABLE,2.0,True,,,,UNRESOLVED_STRUCTURE,WINDOW_OBSERVED,0,0,1,False,1,1,False,INHERITED_RAW_PRICE_BASIS,False,False
2025-08-20|38140,2025-08-20,38140,09:30,11:30,120,COMPLETE,5,0,UP,1.0050251256281406,AVAILABLE,2.0,True,,,,UNRESOLVED_STRUCTURE,WINDOW_OBSERVED,0,0,1,False,0,0,False,INHERITED_RAW_PRICE_BASIS,False,False
2025-08-20|38140,2025-08-20,38140,09:30,12:35,125,COMPLETE,5,0,DOWN,-0.4975124378109453,AVAILABLE,2.0,True,,,,UNRESOLVED_STRUCTURE,OBSERVATION_INSUFFICIENT,2,1,1,False,0,0,False,INHERITED_RAW_PRICE_BASIS,True,False
2025-08-20|38140,2025-08-20,38140,09:30,12:40,130,COMPLETE,5,0,DOWN,-0.4975124378109453,AVAILABLE,2.0,True,,,RANGE_EXPANSION|VOLUME_COMPRESSION|TRADING_VALUE_COMPRESSION,UNRESOLVED_STRUCTURE,OBSERVATION_INSUFFICIENT,3,0,2,False,0,0,False,INHERITED_RAW_PRICE_BASIS,True,False
2025-08-20|38140,2025-08-20,38140,09:30,12:45,135,PARTIAL,3,2,,,AVAILABLE,2.0,True,,,,UNRESOLVED_STRUCTURE,OBSERVATION_INSUFFICIENT,2,0,0,False,0,1,False,INHERITED_RAW_PRICE_BASIS,False,False
2025-08-20|38140,2025-08-20,38140,09:30,12:50,140,PARTIAL,4,1,,,AVAILABLE,2.0,True,,,,UNRESOLVED_STRUCTURE,OBSERVATION_INSUFFICIENT,3,0,0,False,0,0,False,INHERITED_RAW_PRICE_BASIS,False,False
2025-08-20|38140,2025-08-20,38140,09:30,12:55,145,PARTIAL,4,1,,,AVAILABLE,2.0,True,,,,UNRESOLVED_STRUCTURE,OBSERVATION_INSUFFICIENT,2,0,1,False,0,0,False,INHERITED_RAW_PRICE_BASIS,False,False
2025-08-20|38140,2025-08-20,38140,09:30,13:00,150,PARTIAL,3,2,,,AVAILABLE,2.0,True,,,,UNRESOLVED_STRUCTURE,OBSERVATION_INSUFFICIENT,2,0,1,False,0,0,False,INHERITED_RAW_PRICE_BASIS,False,False
2025-08-20|38140,2025-08-20,38140,09:30,13:05,155,COMPLETE,5,0,UP,2.4752475247524752,AVAILABLE,2.0,True,,,,UNRESOLVED_STRUCTURE,OBSERVATION_INSUFFICIENT,3,1,2,False,0,0,False,INHERITED_RAW_PRICE_BASIS,False,False
2025-08-20|38140,2025-08-20,38140,09:30,13:10,160,PARTIAL,3,2,,,AVAILABLE,2.0,True,,,,UNRESOLVED_STRUCTURE,OBSERVATION_INSUFFICIENT,1,0,0,False,0,0,False,INHERITED_RAW_PRICE_BASIS,False,False
2025-08-20|38140,2025-08-20,38140,09:30,13:15,165,PARTIAL,4,1,,,AVAILABLE,2.0,True,,,,UNRESOLVED_STRUCTURE,OBSERVATION_INSUFFICIENT,2,0,0,False,0,0,False,INHERITED_RAW_PRICE_BASIS,False,False
2025-08-20|38140,2025-08-20,38140,09:30,13:20,170,COMPLETE,5,0,UNCHANGED,0.0,AVAILABLE,2.0,True,,,,UNRESOLVED_STRUCTURE,OBSERVATION_INSUFFICIENT,4,0,0,False,0,0,False,INHERITED_RAW_PRICE_BASIS,False,False
2025-08-20|38140,2025-08-20,38140,09:30,13:25,175,PARTIAL,3,2,,,AVAILABLE,2.0,True,,,,CURRENT_BAR_UNAVAILABLE,OBSERVATION_INSUFFICIENT,3,0,0,False,0,0,False,INHERITED_RAW_PRICE_BASIS,False,False
2025-08-20|38140,2025-08-20,38140,09:30,13:30,180,PARTIAL,3,2,,,AVAILABLE,2.0,True,,,,CURRENT_BAR_UNAVAILABLE,OBSERVATION_INSUFFICIENT,2,0,0,False,0,0,False,INHERITED_RAW_PRICE_BASIS,False,False
2025-08-20|38140,2025-08-20,38140,09:30,13:35,185,PARTIAL,4,1,,,AVAILABLE,2.0,True,,,,UNRESOLVED_STRUCTURE,OBSERVATION_INSUFFICIENT,5,0,0,False,0,0,False,INHERITED_RAW_PRICE_BASIS,False,False
2025-08-20|38140,2025-08-20,38140,09:30,13:40,190,PARTIAL,4,1,,,AVAILABLE,2.0,True,,,,UNRESOLVED_STRUCTURE,OBSERVATION_INSUFFICIENT,4,0,0,False,0,0,False,INHERITED_RAW_PRICE_BASIS,False,False
2025-08-20|38140,2025-08-20,38140,09:30,13:45,195,PARTIAL,1,4,,,AVAILABLE,2.0,True,,,,CURRENT_BAR_UNAVAILABLE,OBSERVATION_INSUFFICIENT,3,0,0,False,0,0,False,INHERITED_RAW_PRICE_BASIS,False,False
2025-08-20|38140,2025-08-20,38140,09:30,13:50,200,COMPLETE,5,0,UNCHANGED,0.0,AVAILABLE,2.0,True,,,,UNRESOLVED_STRUCTURE,OBSERVATION_INSUFFICIENT,3,0,0,False,0,0,False,INHERITED_RAW_PRICE_BASIS,False,False
2025-08-20|38140,2025-08-20,38140,09:30,13:55,205,PARTIAL,2,3,,,AVAILABLE,2.0,True,,,,CURRENT_BAR_UNAVAILABLE,OBSERVATION_INSUFFICIENT,2,0,0,False,0,0,False,INHERITED_RAW_PRICE_BASIS,False,False
2025-08-20|38140,2025-08-20,38140,09:30,14:00,210,COMPLETE,5,0,UP,2.0,AVAILABLE,2.0,True,,,,UNRESOLVED_STRUCTURE,OBSERVATION_INSUFFICIENT,2,0,1,False,0,0,False,INHERITED_RAW_PRICE_BASIS,False,False
2025-08-20|38140,2025-08-20,38140,09:30,14:05,215,PARTIAL,3,2,,,AVAILABLE,2.0,True,,,,UNRESOLVED_STRUCTURE,OBSERVATION_INSUFFICIENT,1,1,1,False,0,0,False,INHERITED_RAW_PRICE_BASIS,False,False
2025-08-20|38140,2025-08-20,38140,09:30,14:10,220,COMPLETE,5,0,UP,0.9900990099009901,AVAILABLE,2.0,True,,,,UNRESOLVED_STRUCTURE,OBSERVATION_INSUFFICIENT,4,0,1,False,0,0,False,INHERITED_RAW_PRICE_BASIS,False,False
2025-08-20|38140,2025-08-20,38140,09:30,14:15,225,PARTIAL,4,1,,,AVAILABLE,2.0,True,,,,UNRESOLVED_STRUCTURE,OBSERVATION_INSUFFICIENT,3,0,0,False,0,0,False,INHERITED_RAW_PRICE_BASIS,False,False
2025-08-20|38140,2025-08-20,38140,09:30,14:20,230,PARTIAL,2,3,,,AVAILABLE,2.0,True,,,,UNRESOLVED_STRUCTURE,OBSERVATION_INSUFFICIENT,2,1,1,False,0,0,False,INHERITED_RAW_PRICE_BASIS,False,False
2025-08-20|38140,2025-08-20,38140,09:30,14:25,235,COMPLETE,5,0,DOWN,-0.4975124378109453,AVAILABLE,2.0,True,,,,UNRESOLVED_STRUCTURE,OBSERVATION_INSUFFICIENT,5,0,1,False,0,0,False,INHERITED_RAW_PRICE_BASIS,False,False
2025-08-20|38140,2025-08-20,38140,09:30,14:30,240,PARTIAL,3,2,,,AVAILABLE,2.0,True,,,,UNRESOLVED_STRUCTURE,OBSERVATION_INSUFFICIENT,7,0,0,False,0,0,False,INHERITED_RAW_PRICE_BASIS,False,False
2025-08-20|38140,2025-08-20,38140,09:30,14:35,245,PARTIAL,2,3,,,AVAILABLE,2.0,True,,,,CURRENT_BAR_UNAVAILABLE,OBSERVATION_INSUFFICIENT,6,0,0,False,0,0,False,INHERITED_RAW_PRICE_BASIS,False,False
2025-08-20|38140,2025-08-20,38140,09:30,14:40,250,PARTIAL,1,4,,,AVAILABLE,2.0,True,,,,CURRENT_BAR_UNAVAILABLE,OBSERVATION_INSUFFICIENT,4,0,0,False,0,0,False,INHERITED_RAW_PRICE_BASIS,False,False
2025-08-20|38140,2025-08-20,38140,09:30,14:45,255,PARTIAL,3,2,,,AVAILABLE,2.0,True,,,,UNRESOLVED_STRUCTURE,OBSERVATION_INSUFFICIENT,3,0,0,False,0,0,False,INHERITED_RAW_PRICE_BASIS,False,False
2025-08-20|38140,2025-08-20,38140,09:30,14:50,260,PARTIAL,3,2,,,AVAILABLE,2.0,True,,,,CURRENT_BAR_UNAVAILABLE,OBSERVATION_INSUFFICIENT,3,0,0,False,0,0,False,INHERITED_RAW_PRICE_BASIS,False,False
2025-08-20|38140,2025-08-20,38140,09:30,14:55,265,PARTIAL,4,1,,,AVAILABLE,2.0,True,,,,UNRESOLVED_STRUCTURE,OBSERVATION_INSUFFICIENT,4,0,0,False,0,0,False,INHERITED_RAW_PRICE_BASIS,False,False
2025-08-20|38140,2025-08-20,38140,09:30,15:00,270,PARTIAL,3,2,,,AVAILABLE,2.0,True,,,,CURRENT_BAR_UNAVAILABLE,OBSERVATION_INSUFFICIENT,3,0,0,False,0,0,False,INHERITED_RAW_PRICE_BASIS,False,False
2025-08-20|38140,2025-08-20,38140,09:30,15:05,275,PARTIAL,3,2,,,AVAILABLE,2.0,True,,,,UNRESOLVED_STRUCTURE,OBSERVATION_INSUFFICIENT,3,0,0,False,0,0,False,INHERITED_RAW_PRICE_BASIS,False,False
2025-08-20|38140,2025-08-20,38140,09:30,15:10,280,PARTIAL,4,1,,,AVAILABLE,2.0,True,,,,UNRESOLVED_STRUCTURE,OBSERVATION_INSUFFICIENT,2,0,0,False,0,0,False,INHERITED_RAW_PRICE_BASIS,False,False
2025-08-20|38140,2025-08-20,38140,09:30,15:15,285,PARTIAL,3,2,,,AVAILABLE,2.0,True,,,,UNRESOLVED_STRUCTURE,WINDOW_OBSERVED,0,0,0,False,0,0,False,INHERITED_RAW_PRICE_BASIS,False,False
2025-08-20|38140,2025-08-20,38140,09:30,15:20,290,COMPLETE,5,0,DOWN,-0.5025125628140703,AVAILABLE,2.0,True,,,,UNRESOLVED_STRUCTURE,RIGHT_CENSORED,0,1,1,False,0,0,False,INHERITED_RAW_PRICE_BASIS,False,False
2025-08-20|38140,2025-08-20,38140,09:30,15:25,295,COMPLETE,5,0,UP,0.5050505050505051,AVAILABLE,2.0,True,,,RANGE_EXPANSION|VOLUME_EXPANSION|TRADING_VALUE_EXPANSION,UNRESOLVED_STRUCTURE,RIGHT_CENSORED,0,0,1,False,0,0,False,INHERITED_RAW_PRICE_BASIS,True,False
2025-08-20|402A0,2025-08-20,402A0,11:00,11:00,0,COMPLETE,5,0,UP,1.311806256306761,AVAILABLE,9.0,True,DOWN_STRUCTURE,CORRECTION|RECOVERY,RANGE_COMPRESSION,IDENTIFIED,WINDOW_OBSERVED,0,0,22,False,3,1,True,INHERITED_RAW_PRICE_BASIS,False,False
2025-08-20|402A0,2025-08-20,402A0,11:00,11:05,5,COMPLETE,5,0,DOWN,-0.5970149253731343,AVAILABLE,9.0,True,DOWN_STRUCTURE,CORRECTION|RECOVERY,RANGE_COMPRESSION|VOLUME_COMPRESSION|TRADING_VALUE_COMPRESSION,IDENTIFIED,WINDOW_OBSERVED,0,0,22,False,3,0,True,INHERITED_RAW_PRICE_BASIS,True,False
2025-08-20|402A0,2025-08-20,402A0,11:00,11:10,10,COMPLETE,5,0,DOWN,-1.5015015015015014,AVAILABLE,9.0,True,DOWN_STRUCTURE,PROGRESSION,RANGE_EXPANSION|VOLUME_EXPANSION|TRADING_VALUE_EXPANSION,IDENTIFIED,WINDOW_OBSERVED,0,0,23,False,6,3,True,INHERITED_RAW_PRICE_BASIS,True,True
2025-08-20|402A0,2025-08-20,402A0,11:00,11:15,15,COMPLETE,5,0,UP,0.6097560975609756,AVAILABLE,9.0,True,DOWN_STRUCTURE,CORRECTION|RECOVERY,CHOPPINESS|RANGE_COMPRESSION|VOLUME_COMPRESSION|TRADING_VALUE_COMPRESSION,IDENTIFIED,WINDOW_OBSERVED,0,0,24,False,0,0,True,INHERITED_RAW_PRICE_BASIS,True,True
2025-08-20|402A0,2025-08-20,402A0,11:00,11:20,20,COMPLETE,5,0,UNCHANGED,0.0,AVAILABLE,9.0,True,DOWN_STRUCTURE,PROGRESSION,CHOPPINESS|RANGE_COMPRESSION|VOLUME_COMPRESSION|TRADING_VALUE_COMPRESSION,IDENTIFIED,WINDOW_OBSERVED,0,1,25,False,0,0,True,INHERITED_RAW_PRICE_BASIS,True,True
2025-08-20|402A0,2025-08-20,402A0,11:00,11:25,25,COMPLETE,5,0,DOWN,-0.5055611729019212,AVAILABLE,9.0,True,DOWN_STRUCTURE,PROGRESSION,,IDENTIFIED,WINDOW_OBSERVED,0,0,25,False,0,0,True,INHERITED_RAW_PRICE_BASIS,True,False
2025-08-20|402A0,2025-08-20,402A0,11:00,11:30,30,COMPLETE,5,0,DOWN,-0.3048780487804878,AVAILABLE,9.0,True,DOWN_STRUCTURE,CORRECTION|RECOVERY,VOLUME_EXPANSION|TRADING_VALUE_EXPANSION,IDENTIFIED,WINDOW_OBSERVED,0,0,26,False,8,4,True,INHERITED_RAW_PRICE_BASIS,True,True
2025-08-20|402A0,2025-08-20,402A0,11:00,12:35,35,COMPLETE,5,0,DOWN,-1.2244897959183674,AVAILABLE,9.0,True,DOWN_STRUCTURE,CORRECTION|RECOVERY,,IDENTIFIED,WINDOW_OBSERVED,0,1,2,False,2,2,True,INHERITED_RAW_PRICE_BASIS,True,False
2025-08-20|402A0,2025-08-20,402A0,11:00,12:40,40,COMPLETE,5,0,UP,1.5495867768595042,AVAILABLE,9.0,True,DOWN_STRUCTURE,CORRECTION,VOLUME_COMPRESSION|TRADING_VALUE_COMPRESSION,IDENTIFIED,WINDOW_OBSERVED,0,0,2,False,5,3,True,INHERITED_RAW_PRICE_BASIS,True,True
2025-08-20|402A0,2025-08-20,402A0,11:00,12:45,45,COMPLETE,5,0,UP,0.2034587995930824,AVAILABLE,9.0,True,DOWN_STRUCTURE,CORRECTION,CHOPPINESS|RANGE_COMPRESSION,IDENTIFIED,WINDOW_OBSERVED,0,0,2,False,0,0,True,INHERITED_RAW_PRICE_BASIS,True,False
2025-08-20|402A0,2025-08-20,402A0,11:00,12:50,50,COMPLETE,5,0,UP,0.9146341463414634,AVAILABLE,9.0,True,,RESTRUCTURING,VOLUME_COMPRESSION|TRADING_VALUE_COMPRESSION,UNRESOLVED_STRUCTURE,WINDOW_OBSERVED,0,0,2,False,0,0,True,INHERITED_RAW_PRICE_BASIS,True,True
2025-08-20|402A0,2025-08-20,402A0,11:00,12:55,55,COMPLETE,5,0,UP,0.2014098690835851,AVAILABLE,9.0,True,,RESTRUCTURING,CHOPPINESS|VOLUME_COMPRESSION|TRADING_VALUE_COMPRESSION,UNRESOLVED_STRUCTURE,WINDOW_OBSERVED,0,1,3,False,0,0,True,INHERITED_RAW_PRICE_BASIS,True,False
2025-08-20|402A0,2025-08-20,402A0,11:00,13:00,60,COMPLETE,5,0,DOWN,-0.8040201005025126,AVAILABLE,9.0,True,,RESTRUCTURING,,UNRESOLVED_STRUCTURE,WINDOW_OBSERVED,0,0,3,False,0,0,True,INHERITED_RAW_PRICE_BASIS,True,False
2025-08-20|402A0,2025-08-20,402A0,11:00,13:05,65,COMPLETE,5,0,DOWN,-0.303951367781155,AVAILABLE,9.0,True,,RESTRUCTURING,CHOPPINESS,UNRESOLVED_STRUCTURE,WINDOW_OBSERVED,0,0,3,False,0,0,True,INHERITED_RAW_PRICE_BASIS,True,False
2025-08-20|402A0,2025-08-20,402A0,11:00,13:10,70,COMPLETE,5,0,DOWN,-0.1016260162601626,AVAILABLE,9.0,True,UP_STRUCTURE,RECOVERY,,IDENTIFIED,WINDOW_OBSERVED,0,1,4,False,0,0,True,INHERITED_RAW_PRICE_BASIS,True,True
2025-08-20|402A0,2025-08-20,402A0,11:00,13:15,75,COMPLETE,5,0,UP,0.508130081300813,AVAILABLE,9.0,True,UP_STRUCTURE,RECOVERY,VOLUME_COMPRESSION|TRADING_VALUE_COMPRESSION,IDENTIFIED,WINDOW_OBSERVED,0,0,4,False,0,0,True,INHERITED_RAW_PRICE_BASIS,True,False
2025-08-20|402A0,2025-08-20,402A0,11:00,13:20,80,COMPLETE,5,0,UP,0.5055611729019212,AVAILABLE,9.0,True,UP_STRUCTURE,PROGRESSION,,IDENTIFIED,WINDOW_OBSERVED,0,0,4,False,0,1,True,INHERITED_RAW_PRICE_BASIS,True,True
2025-08-20|402A0,2025-08-20,402A0,11:00,13:25,85,COMPLETE,5,0,UP,0.10070493454179255,AVAILABLE,9.0,True,UP_STRUCTURE,PROGRESSION,,IDENTIFIED,WINDOW_OBSERVED,0,0,4,False,0,0,True,INHERITED_RAW_PRICE_BASIS,True,False
2025-08-20|402A0,2025-08-20,402A0,11:00,13:30,90,COMPLETE,5,0,DOWN,-0.5030181086519114,AVAILABLE,9.0,True,UP_STRUCTURE,PROGRESSION,VOLUME_COMPRESSION|TRADING_VALUE_COMPRESSION,IDENTIFIED,WINDOW_OBSERVED,0,0,4,False,0,0,True,INHERITED_RAW_PRICE_BASIS,True,False
2025-08-20|402A0,2025-08-20,402A0,11:00,13:35,95,COMPLETE,5,0,UP,0.5055611729019212,AVAILABLE,9.0,True,UP_STRUCTURE,PROGRESSION,VOLUME_EXPANSION|TRADING_VALUE_EXPANSION,IDENTIFIED,WINDOW_OBSERVED,0,0,4,False,0,1,True,INHERITED_RAW_PRICE_BASIS,True,False
2025-08-20|402A0,2025-08-20,402A0,11:00,13:40,100,COMPLETE,5,0,DOWN,-0.4024144869215292,AVAILABLE,9.0,True,UP_STRUCTURE,PROGRESSION,VOLUME_COMPRESSION|TRADING_VALUE_COMPRESSION,IDENTIFIED,WINDOW_OBSERVED,0,0,4,False,0,0,True,INHERITED_RAW_PRICE_BASIS,True,False
2025-08-20|402A0,2025-08-20,402A0,11:00,13:45,105,COMPLETE,5,0,UP,0.30272452068617556,AVAILABLE,9.0,True,UP_STRUCTURE,PROGRESSION,VOLUME_COMPRESSION|TRADING_VALUE_COMPRESSION,IDENTIFIED,WINDOW_OBSERVED,0,0,4,True,0,0,True,INHERITED_RAW_PRICE_BASIS,True,False
2025-08-20|402A0,2025-08-20,402A0,11:00,13:50,110,COMPLETE,5,0,UP,0.5030181086519114,AVAILABLE,9.0,True,UP_STRUCTURE,CORRECTION,CHOPPINESS|RANGE_EXPANSION|VOLUME_EXPANSION|TRADING_VALUE_EXPANSION,IDENTIFIED,WINDOW_OBSERVED,0,1,5,False,8,8,True,INHERITED_RAW_PRICE_BASIS,True,True
2025-08-20|402A0,2025-08-20,402A0,11:00,13:55,115,COMPLETE,5,0,DOWN,-0.1001001001001001,AVAILABLE,9.0,True,UP_STRUCTURE,CORRECTION,RANGE_COMPRESSION|VOLUME_COMPRESSION|TRADING_VALUE_COMPRESSION,IDENTIFIED,WINDOW_OBSERVED,0,1,5,False,0,2,True,INHERITED_RAW_PRICE_BASIS,True,False
2025-08-20|402A0,2025-08-20,402A0,11:00,14:00,120,COMPLETE,5,0,DOWN,-0.7014028056112225,AVAILABLE,9.0,True,UP_STRUCTURE,CORRECTION,RANGE_EXPANSION,IDENTIFIED,WINDOW_OBSERVED,0,0,5,False,2,1,True,INHERITED_RAW_PRICE_BASIS,True,False
2025-08-20|402A0,2025-08-20,402A0,11:00,14:05,125,COMPLETE,5,0,UP,0.30272452068617556,AVAILABLE,9.0,True,UP_STRUCTURE,CORRECTION,,IDENTIFIED,WINDOW_OBSERVED,0,0,5,False,0,0,True,INHERITED_RAW_PRICE_BASIS,True,False
2025-08-20|402A0,2025-08-20,402A0,11:00,14:10,130,COMPLETE,5,0,DOWN,-0.2012072434607646,AVAILABLE,9.0,True,UP_STRUCTURE,CORRECTION,RANGE_COMPRESSION|VOLUME_COMPRESSION|TRADING_VALUE_COMPRESSION,IDENTIFIED,WINDOW_OBSERVED,0,0,5,False,0,0,True,INHERITED_RAW_PRICE_BASIS,True,False
2025-08-20|402A0,2025-08-20,402A0,11:00,14:15,135,COMPLETE,5,0,DOWN,-0.30272452068617556,AVAILABLE,9.0,True,UP_STRUCTURE,CORRECTION,VOLUME_EXPANSION|TRADING_VALUE_EXPANSION,IDENTIFIED,WINDOW_OBSERVED,0,0,5,False,0,0,True,INHERITED_RAW_PRICE_BASIS,True,False
2025-08-20|402A0,2025-08-20,402A0,11:00,14:20,140,COMPLETE,5,0,UP,0.4048582995951417,AVAILABLE,9.0,True,UP_STRUCTURE,RECOVERY,RANGE_EXPANSION,IDENTIFIED,WINDOW_OBSERVED,0,1,6,True,0,0,True,INHERITED_RAW_PRICE_BASIS,True,True
2025-08-20|402A0,2025-08-20,402A0,11:00,14:25,145,COMPLETE,5,0,UP,0.3024193548387097,AVAILABLE,9.0,True,UP_STRUCTURE,RECOVERY,RANGE_COMPRESSION|VOLUME_COMPRESSION|TRADING_VALUE_COMPRESSION,IDENTIFIED,WINDOW_OBSERVED,0,1,6,True,0,0,True,INHERITED_RAW_PRICE_BASIS,True,False
2025-08-20|402A0,2025-08-20,402A0,11:00,14:30,150,COMPLETE,5,0,UP,0.20100502512562815,AVAILABLE,9.0,True,UP_STRUCTURE,RECOVERY,RANGE_EXPANSION|VOLUME_EXPANSION|TRADING_VALUE_EXPANSION,IDENTIFIED,WINDOW_OBSERVED,0,0,6,True,2,0,True,INHERITED_RAW_PRICE_BASIS,True,False
2025-08-20|402A0,2025-08-20,402A0,11:00,14:35,155,COMPLETE,5,0,UP,0.10030090270812438,AVAILABLE,9.0,True,UP_STRUCTURE,RECOVERY,RANGE_COMPRESSION|VOLUME_COMPRESSION|TRADING_VALUE_COMPRESSION,IDENTIFIED,WINDOW_OBSERVED,0,0,6,True,0,0,True,INHERITED_RAW_PRICE_BASIS,True,False
2025-08-20|402A0,2025-08-20,402A0,11:00,14:40,160,COMPLETE,5,0,UP,2.002002002002002,AVAILABLE,9.0,True,UP_STRUCTURE,CORRECTION,RANGE_EXPANSION|VOLUME_EXPANSION|TRADING_VALUE_EXPANSION,IDENTIFIED,WINDOW_OBSERVED,0,1,7,False,5,3,True,INHERITED_RAW_PRICE_BASIS,True,True
2025-08-20|402A0,2025-08-20,402A0,11:00,14:45,165,COMPLETE,5,0,DOWN,-0.19627085377821393,AVAILABLE,9.0,True,UP_STRUCTURE,CORRECTION,,IDENTIFIED,WINDOW_OBSERVED,0,1,9,False,0,0,True,INHERITED_RAW_PRICE_BASIS,True,False
2025-08-20|402A0,2025-08-20,402A0,11:00,14:50,170,COMPLETE,5,0,DOWN,-4.031465093411996,AVAILABLE,9.0,True,DOWN_STRUCTURE,CORRECTION|RECOVERY,RANGE_EXPANSION|VOLUME_EXPANSION|TRADING_VALUE_EXPANSION,IDENTIFIED,WINDOW_OBSERVED,0,1,10,False,9,6,True,INHERITED_RAW_PRICE_BASIS,True,True
2025-08-20|402A0,2025-08-20,402A0,11:00,14:55,175,COMPLETE,5,0,DOWN,-0.41025641025641024,AVAILABLE,9.0,True,DOWN_STRUCTURE,CORRECTION|RECOVERY,RANGE_COMPRESSION|VOLUME_COMPRESSION|TRADING_VALUE_COMPRESSION,IDENTIFIED,WINDOW_OBSERVED,0,0,10,False,6,2,True,INHERITED_RAW_PRICE_BASIS,True,False
2025-08-20|402A0,2025-08-20,402A0,11:00,15:00,180,COMPLETE,5,0,UP,0.411522633744856,AVAILABLE,9.0,True,DOWN_STRUCTURE,PROGRESSION,CHOPPINESS|RANGE_EXPANSION,IDENTIFIED,WINDOW_OBSERVED,0,1,11,False,5,2,True,INHERITED_RAW_PRICE_BASIS,True,True
2025-08-20|402A0,2025-08-20,402A0,11:00,15:05,185,COMPLETE,5,0,DOWN,-0.10256410256410256,AVAILABLE,9.0,True,DOWN_STRUCTURE,CORRECTION|RECOVERY,RANGE_COMPRESSION|VOLUME_COMPRESSION|TRADING_VALUE_COMPRESSION,IDENTIFIED,WINDOW_OBSERVED,0,1,12,False,4,4,True,INHERITED_RAW_PRICE_BASIS,True,True
2025-08-20|402A0,2025-08-20,402A0,11:00,15:10,190,COMPLETE,5,0,UP,0.10277492291880781,AVAILABLE,9.0,True,DOWN_STRUCTURE,CORRECTION|RECOVERY,RANGE_COMPRESSION|VOLUME_COMPRESSION|TRADING_VALUE_COMPRESSION,IDENTIFIED,WINDOW_OBSERVED,0,1,12,False,4,0,True,INHERITED_RAW_PRICE_BASIS,True,False
2025-08-20|402A0,2025-08-20,402A0,11:00,15:15,195,COMPLETE,5,0,UP,1.641025641025641,AVAILABLE,9.0,True,UP_STRUCTURE,,RANGE_EXPANSION|VOLUME_EXPANSION|TRADING_VALUE_EXPANSION,IDENTIFIED,WINDOW_OBSERVED,0,1,13,False,3,2,True,INHERITED_RAW_PRICE_BASIS,True,True
2025-08-20|402A0,2025-08-20,402A0,11:00,15:20,200,COMPLETE,5,0,DOWN,-0.8072653884964682,AVAILABLE,9.0,True,UP_STRUCTURE,CORRECTION,RANGE_COMPRESSION|VOLUME_COMPRESSION|TRADING_VALUE_COMPRESSION,IDENTIFIED,RIGHT_CENSORED,0,1,13,False,0,0,True,INHERITED_RAW_PRICE_BASIS,True,True
2025-08-20|402A0,2025-08-20,402A0,11:00,15:25,205,COMPLETE,5,0,DOWN,-0.1017293997965412,AVAILABLE,9.0,True,UP_STRUCTURE,RECOVERY,VOLUME_EXPANSION|TRADING_VALUE_EXPANSION,IDENTIFIED,RIGHT_CENSORED,0,0,14,False,7,2,True,INHERITED_RAW_PRICE_BASIS,True,True
2025-08-20|42550,2025-08-20,42550,10:00,10:00,0,COMPLETE,5,0,DOWN,-3.112203112203112,SCALE_INSUFFICIENT,,True,,,,SCALE_UNAVAILABLE,OBSERVATION_INSUFFICIENT,4,0,0,False,1,1,False,INHERITED_RAW_PRICE_BASIS,False,False
2025-08-20|42550,2025-08-20,42550,10:00,10:05,5,COMPLETE,5,0,DOWN,-0.851063829787234,SCALE_INSUFFICIENT,,True,,,RANGE_COMPRESSION|VOLUME_COMPRESSION|TRADING_VALUE_COMPRESSION,SCALE_UNAVAILABLE,OBSERVATION_INSUFFICIENT,5,0,0,False,0,0,False,INHERITED_RAW_PRICE_BASIS,True,False
2025-08-20|42550,2025-08-20,42550,10:00,10:10,10,PARTIAL,1,4,,,SCALE_INSUFFICIENT,,True,,,,CURRENT_BAR_UNAVAILABLE,OBSERVATION_INSUFFICIENT,6,0,0,False,0,0,False,INHERITED_RAW_PRICE_BASIS,False,False
2025-08-20|42550,2025-08-20,42550,10:00,10:15,15,PARTIAL,4,1,,,SCALE_INSUFFICIENT,,True,,,,SCALE_UNAVAILABLE,OBSERVATION_INSUFFICIENT,7,0,0,False,0,0,False,INHERITED_RAW_PRICE_BASIS,False,False
2025-08-20|42550,2025-08-20,42550,10:00,10:20,20,UNAVAILABLE,0,5,,,SCALE_INSUFFICIENT,,True,,,,CURRENT_BAR_UNAVAILABLE,OBSERVATION_INSUFFICIENT,3,0,0,False,0,0,False,INHERITED_RAW_PRICE_BASIS,False,False
2025-08-20|42550,2025-08-20,42550,10:00,10:25,25,PARTIAL,3,2,,,SCALE_INSUFFICIENT,,True,,,,SCALE_UNAVAILABLE,OBSERVATION_INSUFFICIENT,4,0,0,False,0,0,False,INHERITED_RAW_PRICE_BASIS,False,False
2025-08-20|42550,2025-08-20,42550,10:00,10:30,30,PARTIAL,4,1,,,SCALE_INSUFFICIENT,,True,,,,SCALE_UNAVAILABLE,OBSERVATION_INSUFFICIENT,4,0,0,False,0,0,False,INHERITED_RAW_PRICE_BASIS,False,False
2025-08-20|42550,2025-08-20,42550,10:00,10:35,35,PARTIAL,2,3,,,SCALE_INSUFFICIENT,,True,,,,CURRENT_BAR_UNAVAILABLE,OBSERVATION_INSUFFICIENT,1,0,0,False,0,0,False,INHERITED_RAW_PRICE_BASIS,False,False
2025-08-20|42550,2025-08-20,42550,10:00,10:40,40,PARTIAL,4,1,,,SCALE_INSUFFICIENT,,True,,,,SCALE_UNAVAILABLE,OBSERVATION_INSUFFICIENT,3,0,0,False,0,0,False,INHERITED_RAW_PRICE_BASIS,False,False
2025-08-20|42550,2025-08-20,42550,10:00,10:45,45,COMPLETE,5,0,UP,0.08237232289950576,SCALE_INSUFFICIENT,,True,,,,SCALE_UNAVAILABLE,OBSERVATION_INSUFFICIENT,6,0,0,False,0,0,False,INHERITED_RAW_PRICE_BASIS,False,False
2025-08-20|42550,2025-08-20,42550,10:00,10:50,50,PARTIAL,2,3,,,SCALE_INSUFFICIENT,,True,,,,SCALE_UNAVAILABLE,OBSERVATION_INSUFFICIENT,7,0,0,False,0,0,False,INHERITED_RAW_PRICE_BASIS,False,False
2025-08-20|42550,2025-08-20,42550,10:00,10:55,55,PARTIAL,2,3,,,SCALE_INSUFFICIENT,,True,,,,CURRENT_BAR_UNAVAILABLE,OBSERVATION_INSUFFICIENT,7,0,0,False,0,0,False,INHERITED_RAW_PRICE_BASIS,False,False
2025-08-20|42550,2025-08-20,42550,10:00,11:00,60,PARTIAL,1,4,,,SCALE_INSUFFICIENT,,True,,,,CURRENT_BAR_UNAVAILABLE,OBSERVATION_INSUFFICIENT,8,0,0,False,0,0,False,INHERITED_RAW_PRICE_BASIS,False,False
2025-08-20|42550,2025-08-20,42550,10:00,11:05,65,PARTIAL,2,3,,,SCALE_INSUFFICIENT,,True,,,,CURRENT_BAR_UNAVAILABLE,OBSERVATION_INSUFFICIENT,7,0,0,False,0,0,False,INHERITED_RAW_PRICE_BASIS,False,False
2025-08-20|42550,2025-08-20,42550,10:00,11:10,70,UNAVAILABLE,0,5,,,SCALE_INSUFFICIENT,,True,,,,CURRENT_BAR_UNAVAILABLE,OBSERVATION_INSUFFICIENT,3,0,0,False,0,0,False,INHERITED_RAW_PRICE_BASIS,False,False
2025-08-20|42550,2025-08-20,42550,10:00,11:15,75,PARTIAL,3,2,,,SCALE_INSUFFICIENT,,True,,,,SCALE_UNAVAILABLE,OBSERVATION_INSUFFICIENT,5,0,0,False,0,0,False,INHERITED_RAW_PRICE_BASIS,False,False
2025-08-20|42550,2025-08-20,42550,10:00,11:20,80,PARTIAL,4,1,,,SCALE_INSUFFICIENT,,True,,,,SCALE_UNAVAILABLE,OBSERVATION_INSUFFICIENT,8,0,0,False,0,0,False,INHERITED_RAW_PRICE_BASIS,False,False
2025-08-20|42550,2025-08-20,42550,10:00,11:25,85,PARTIAL,1,4,,,SCALE_INSUFFICIENT,,True,,,,CURRENT_BAR_UNAVAILABLE,OBSERVATION_INSUFFICIENT,4,0,0,False,0,0,False,INHERITED_RAW_PRICE_BASIS,False,False
2025-08-20|42550,2025-08-20,42550,10:00,11:30,90,PARTIAL,1,4,,,SCALE_INSUFFICIENT,,True,,,,SCALE_UNAVAILABLE,WINDOW_OBSERVED,0,0,0,False,0,0,False,INHERITED_RAW_PRICE_BASIS,False,False
2025-08-20|42550,2025-08-20,42550,10:00,12:35,95,COMPLETE,5,0,DOWN,-2.459016393442623,SCALE_INSUFFICIENT,,True,,,,SCALE_UNAVAILABLE,OBSERVATION_INSUFFICIENT,3,0,0,False,0,0,False,INHERITED_RAW_PRICE_BASIS,False,False
2025-08-20|42550,2025-08-20,42550,10:00,12:40,100,COMPLETE,5,0,DOWN,-0.17050298380221654,SCALE_INSUFFICIENT,,True,,,RANGE_COMPRESSION|VOLUME_COMPRESSION|TRADING_VALUE_COMPRESSION,SCALE_UNAVAILABLE,OBSERVATION_INSUFFICIENT,6,0,0,False,0,0,False,INHERITED_RAW_PRICE_BASIS,True,False
2025-08-20|42550,2025-08-20,42550,10:00,12:45,105,PARTIAL,2,3,,,SCALE_INSUFFICIENT,,True,,,,SCALE_UNAVAILABLE,OBSERVATION_INSUFFICIENT,6,0,0,False,0,0,False,INHERITED_RAW_PRICE_BASIS,False,False
2025-08-20|42550,2025-08-20,42550,10:00,12:50,110,PARTIAL,2,3,,,SCALE_INSUFFICIENT,,True,,,,SCALE_UNAVAILABLE,OBSERVATION_INSUFFICIENT,7,0,0,False,0,0,False,INHERITED_RAW_PRICE_BASIS,False,False
2025-08-20|42550,2025-08-20,42550,10:00,12:55,115,PARTIAL,2,3,,,SCALE_INSUFFICIENT,,True,,,,CURRENT_BAR_UNAVAILABLE,OBSERVATION_INSUFFICIENT,8,0,0,False,0,0,False,INHERITED_RAW_PRICE_BASIS,False,False
2025-08-20|42550,2025-08-20,42550,10:00,13:00,120,PARTIAL,1,4,,,SCALE_INSUFFICIENT,,True,,,,CURRENT_BAR_UNAVAILABLE,OBSERVATION_INSUFFICIENT,9,0,0,False,0,0,False,INHERITED_RAW_PRICE_BASIS,False,False
2025-08-20|42550,2025-08-20,42550,10:00,13:05,125,PARTIAL,1,4,,,SCALE_INSUFFICIENT,,True,,,,CURRENT_BAR_UNAVAILABLE,OBSERVATION_INSUFFICIENT,10,0,0,False,0,0,False,INHERITED_RAW_PRICE_BASIS,False,False
2025-08-20|42550,2025-08-20,42550,10:00,13:10,130,UNAVAILABLE,0,5,,,SCALE_INSUFFICIENT,,True,,,,CURRENT_BAR_UNAVAILABLE,OBSERVATION_INSUFFICIENT,8,0,0,False,0,0,False,INHERITED_RAW_PRICE_BASIS,False,False
2025-08-20|42550,2025-08-20,42550,10:00,13:15,135,UNAVAILABLE,0,5,,,SCALE_INSUFFICIENT,,True,,,,CURRENT_BAR_UNAVAILABLE,OBSERVATION_INSUFFICIENT,8,0,0,False,0,0,False,INHERITED_RAW_PRICE_BASIS,False,False
2025-08-20|42550,2025-08-20,42550,10:00,13:20,140,PARTIAL,2,3,,,SCALE_INSUFFICIENT,,True,,,,CURRENT_BAR_UNAVAILABLE,OBSERVATION_INSUFFICIENT,8,0,0,False,0,0,False,INHERITED_RAW_PRICE_BASIS,False,False
2025-08-20|42550,2025-08-20,42550,10:00,13:25,145,UNAVAILABLE,0,5,,,SCALE_INSUFFICIENT,,True,,,,CURRENT_BAR_UNAVAILABLE,OBSERVATION_INSUFFICIENT,6,0,0,False,0,0,False,INHERITED_RAW_PRICE_BASIS,False,False
2025-08-20|42550,2025-08-20,42550,10:00,13:30,150,PARTIAL,2,3,,,SCALE_INSUFFICIENT,,True,,,,CURRENT_BAR_UNAVAILABLE,OBSERVATION_INSUFFICIENT,6,0,0,False,0,0,False,INHERITED_RAW_PRICE_BASIS,False,False
2025-08-20|42550,2025-08-20,42550,10:00,13:35,155,PARTIAL,2,3,,,SCALE_INSUFFICIENT,,True,,,,SCALE_UNAVAILABLE,OBSERVATION_INSUFFICIENT,3,0,0,False,0,0,False,INHERITED_RAW_PRICE_BASIS,False,False
2025-08-20|42550,2025-08-20,42550,10:00,13:40,160,PARTIAL,2,3,,,SCALE_INSUFFICIENT,,True,,,,SCALE_UNAVAILABLE,OBSERVATION_INSUFFICIENT,1,0,0,False,0,0,False,INHERITED_RAW_PRICE_BASIS,False,False
2025-08-20|42550,2025-08-20,42550,10:00,13:45,165,COMPLETE,5,0,UP,2.0458265139116203,SCALE_INSUFFICIENT,,True,,,,SCALE_UNAVAILABLE,OBSERVATION_INSUFFICIENT,4,0,0,False,0,0,False,INHERITED_RAW_PRICE_BASIS,False,False
2025-08-20|42550,2025-08-20,42550,10:00,13:50,170,PARTIAL,4,1,,,SCALE_INSUFFICIENT,,True,,,,SCALE_UNAVAILABLE,OBSERVATION_INSUFFICIENT,6,0,0,False,0,0,False,INHERITED_RAW_PRICE_BASIS,False,False
2025-08-20|42550,2025-08-20,42550,10:00,13:55,175,PARTIAL,2,3,,,SCALE_INSUFFICIENT,,True,,,,CURRENT_BAR_UNAVAILABLE,OBSERVATION_INSUFFICIENT,6,0,0,False,0,0,False,INHERITED_RAW_PRICE_BASIS,False,False
2025-08-20|42550,2025-08-20,42550,10:00,14:00,180,PARTIAL,2,3,,,SCALE_INSUFFICIENT,,True,,,,SCALE_UNAVAILABLE,OBSERVATION_INSUFFICIENT,7,0,0,False,0,0,False,INHERITED_RAW_PRICE_BASIS,False,False
2025-08-20|42550,2025-08-20,42550,10:00,14:05,185,PARTIAL,2,3,,,SCALE_INSUFFICIENT,,True,,,,SCALE_UNAVAILABLE,OBSERVATION_INSUFFICIENT,6,0,0,False,0,0,False,INHERITED_RAW_PRICE_BASIS,False,False
2025-08-20|42550,2025-08-20,42550,10:00,14:10,190,PARTIAL,1,4,,,SCALE_INSUFFICIENT,,True,,,,CURRENT_BAR_UNAVAILABLE,OBSERVATION_INSUFFICIENT,5,0,0,False,0,0,False,INHERITED_RAW_PRICE_BASIS,False,False
2025-08-20|42550,2025-08-20,42550,10:00,14:15,195,PARTIAL,3,2,,,SCALE_INSUFFICIENT,,True,,,,CURRENT_BAR_UNAVAILABLE,OBSERVATION_INSUFFICIENT,5,0,0,False,0,0,False,INHERITED_RAW_PRICE_BASIS,False,False
2025-08-20|42550,2025-08-20,42550,10:00,14:20,200,PARTIAL,2,3,,,SCALE_INSUFFICIENT,,True,,,,CURRENT_BAR_UNAVAILABLE,OBSERVATION_INSUFFICIENT,5,0,0,False,0,0,False,INHERITED_RAW_PRICE_BASIS,False,False
2025-08-20|42550,2025-08-20,42550,10:00,14:25,205,PARTIAL,3,2,,,SCALE_INSUFFICIENT,,True,,,,CURRENT_BAR_UNAVAILABLE,OBSERVATION_INSUFFICIENT,5,0,0,False,0,0,False,INHERITED_RAW_PRICE_BASIS,False,False
2025-08-20|42550,2025-08-20,42550,10:00,14:30,210,PARTIAL,2,3,,,SCALE_INSUFFICIENT,,True,,,,SCALE_UNAVAILABLE,OBSERVATION_INSUFFICIENT,5,0,0,False,0,0,False,INHERITED_RAW_PRICE_BASIS,False,False
2025-08-20|42550,2025-08-20,42550,10:00,14:35,215,PARTIAL,3,2,,,SCALE_INSUFFICIENT,,True,,,,CURRENT_BAR_UNAVAILABLE,OBSERVATION_INSUFFICIENT,6,0,0,False,0,0,False,INHERITED_RAW_PRICE_BASIS,False,False
2025-08-20|42550,2025-08-20,42550,10:00,14:40,220,PARTIAL,2,3,,,SCALE_INSUFFICIENT,,True,,,,CURRENT_BAR_UNAVAILABLE,OBSERVATION_INSUFFICIENT,7,0,0,False,0,0,False,INHERITED_RAW_PRICE_BASIS,False,False
2025-08-20|42550,2025-08-20,42550,10:00,14:45,225,PARTIAL,2,3,,,SCALE_INSUFFICIENT,,True,,,,CURRENT_BAR_UNAVAILABLE,OBSERVATION_INSUFFICIENT,9,0,0,False,0,0,False,INHERITED_RAW_PRICE_BASIS,False,False
2025-08-20|42550,2025-08-20,42550,10:00,14:50,230,PARTIAL,1,4,,,SCALE_INSUFFICIENT,,True,,,,CURRENT_BAR_UNAVAILABLE,OBSERVATION_INSUFFICIENT,9,0,0,False,0,0,False,INHERITED_RAW_PRICE_BASIS,False,False
2025-08-20|42550,2025-08-20,42550,10:00,14:55,235,UNAVAILABLE,0,5,,,SCALE_INSUFFICIENT,,True,,,,CURRENT_BAR_UNAVAILABLE,OBSERVATION_INSUFFICIENT,8,0,0,False,0,0,False,INHERITED_RAW_PRICE_BASIS,False,False
2025-08-20|42550,2025-08-20,42550,10:00,15:00,240,PARTIAL,1,4,,,SCALE_INSUFFICIENT,,True,,,,CURRENT_BAR_UNAVAILABLE,OBSERVATION_INSUFFICIENT,8,0,0,False,0,0,False,INHERITED_RAW_PRICE_BASIS,False,False
2025-08-20|42550,2025-08-20,42550,10:00,15:05,245,PARTIAL,1,4,,,SCALE_INSUFFICIENT,,True,,,,SCALE_UNAVAILABLE,OBSERVATION_INSUFFICIENT,6,0,0,False,0,0,False,INHERITED_RAW_PRICE_BASIS,False,False
2025-08-20|42550,2025-08-20,42550,10:00,15:10,250,PARTIAL,1,4,,,SCALE_INSUFFICIENT,,True,,,,CURRENT_BAR_UNAVAILABLE,OBSERVATION_INSUFFICIENT,4,0,0,False,0,0,False,INHERITED_RAW_PRICE_BASIS,False,False
2025-08-20|42550,2025-08-20,42550,10:00,15:15,255,PARTIAL,3,2,,,SCALE_INSUFFICIENT,,True,,,,SCALE_UNAVAILABLE,OBSERVATION_INSUFFICIENT,4,0,0,False,0,0,False,INHERITED_RAW_PRICE_BASIS,False,False
2025-08-20|42550,2025-08-20,42550,10:00,15:20,260,PARTIAL,3,2,,,SCALE_INSUFFICIENT,,True,,,,SCALE_UNAVAILABLE,RIGHT_CENSORED,2,0,0,False,0,0,False,INHERITED_RAW_PRICE_BASIS,False,False
2025-08-20|42550,2025-08-20,42550,10:00,15:25,265,PARTIAL,3,2,,,SCALE_INSUFFICIENT,,True,,,,SCALE_UNAVAILABLE,RIGHT_CENSORED,0,0,0,False,0,0,False,INHERITED_RAW_PRICE_BASIS,False,False
2025-08-20|49350,2025-08-20,49350,10:00,10:00,0,COMPLETE,5,0,DOWN,-0.08368200836820083,AVAILABLE,34.0,True,DOWN_STRUCTURE,CORRECTION|RECOVERY,CHOPPINESS|RANGE_COMPRESSION|VOLUME_COMPRESSION|TRADING_VALUE_COMPRESSION,IDENTIFIED,WINDOW_OBSERVED,0,1,7,False,0,0,True,INHERITED_RAW_PRICE_BASIS,False,False
2025-08-20|49350,2025-08-20,49350,10:00,10:05,5,COMPLETE,5,0,UP,0.8768267223382046,AVAILABLE,34.0,True,DOWN_STRUCTURE,CORRECTION|RECOVERY,RANGE_EXPANSION,IDENTIFIED,WINDOW_OBSERVED,0,0,7,False,0,0,True,INHERITED_RAW_PRICE_BASIS,True,False
2025-08-20|49350,2025-08-20,49350,10:00,10:10,10,COMPLETE,5,0,UP,0.16556291390728478,AVAILABLE,34.0,True,DOWN_STRUCTURE,CORRECTION|RECOVERY,TRADING_VALUE_EXPANSION,IDENTIFIED,OBSERVATION_INSUFFICIENT,1,0,7,False,0,0,True,INHERITED_RAW_PRICE_BASIS,True,False
2025-08-20|49350,2025-08-20,49350,10:00,10:15,15,COMPLETE,5,0,UP,0.5371900826446281,AVAILABLE,34.0,True,DOWN_STRUCTURE,CORRECTION|RECOVERY,,IDENTIFIED,OBSERVATION_INSUFFICIENT,1,0,7,False,0,0,True,INHERITED_RAW_PRICE_BASIS,True,False
2025-08-20|49350,2025-08-20,49350,10:00,10:20,20,PARTIAL,4,1,,,AVAILABLE,34.0,True,,,,CURRENT_BAR_UNAVAILABLE,WINDOW_OBSERVED,0,0,0,False,0,0,False,INHERITED_RAW_PRICE_BASIS,False,False
2025-08-20|49350,2025-08-20,49350,10:00,10:25,25,COMPLETE,5,0,DOWN,-0.12325390304026294,AVAILABLE,34.0,True,,,,UNRESOLVED_STRUCTURE,OBSERVATION_INSUFFICIENT,1,0,0,False,0,0,False,INHERITED_RAW_PRICE_BASIS,False,False
2025-08-20|49350,2025-08-20,49350,10:00,10:30,30,COMPLETE,5,0,DOWN,-0.2875924404272802,AVAILABLE,34.0,True,,,VOLUME_COMPRESSION|TRADING_VALUE_COMPRESSION,UNRESOLVED_STRUCTURE,OBSERVATION_INSUFFICIENT,1,0,0,False,0,0,False,INHERITED_RAW_PRICE_BASIS,True,False
2025-08-20|49350,2025-08-20,49350,10:00,10:35,35,PARTIAL,4,1,,,AVAILABLE,34.0,True,,,,UNRESOLVED_STRUCTURE,WINDOW_OBSERVED,0,0,0,False,0,0,False,INHERITED_RAW_PRICE_BASIS,False,False
2025-08-20|49350,2025-08-20,49350,10:00,10:40,40,COMPLETE,5,0,DOWN,-0.4975124378109453,AVAILABLE,34.0,True,,,,UNRESOLVED_STRUCTURE,WINDOW_OBSERVED,0,0,0,False,0,0,False,INHERITED_RAW_PRICE_BASIS,False,False
2025-08-20|49350,2025-08-20,49350,10:00,10:45,45,COMPLETE,5,0,UP,1.41725719049604,AVAILABLE,34.0,True,,,RANGE_EXPANSION,UNRESOLVED_STRUCTURE,WINDOW_OBSERVED,0,0,1,False,0,0,False,INHERITED_RAW_PRICE_BASIS,True,False
2025-08-20|49350,2025-08-20,49350,10:00,10:50,50,COMPLETE,5,0,UP,0.903861955628595,AVAILABLE,34.0,True,,,VOLUME_EXPANSION|TRADING_VALUE_EXPANSION,UNRESOLVED_STRUCTURE,WINDOW_OBSERVED,0,1,2,False,0,0,False,INHERITED_RAW_PRICE_BASIS,True,False
2025-08-20|49350,2025-08-20,49350,10:00,10:55,55,COMPLETE,5,0,DOWN,-1.5898899306971055,AVAILABLE,34.0,True,,,VOLUME_COMPRESSION|TRADING_VALUE_COMPRESSION,UNRESOLVED_STRUCTURE,WINDOW_OBSERVED,0,0,2,False,0,0,False,INHERITED_RAW_PRICE_BASIS,True,False
2025-08-20|49350,2025-08-20,49350,10:00,11:00,60,COMPLETE,5,0,DOWN,-0.1652892561983471,AVAILABLE,34.0,True,,,RANGE_COMPRESSION|VOLUME_COMPRESSION|TRADING_VALUE_COMPRESSION,UNRESOLVED_STRUCTURE,WINDOW_OBSERVED,0,0,2,False,0,0,False,INHERITED_RAW_PRICE_BASIS,True,False
2025-08-20|49350,2025-08-20,49350,10:00,11:05,65,COMPLETE,5,0,UP,0.33098882912701694,AVAILABLE,34.0,True,,,,UNRESOLVED_STRUCTURE,WINDOW_OBSERVED,0,0,2,False,0,0,False,INHERITED_RAW_PRICE_BASIS,True,False
2025-08-20|49350,2025-08-20,49350,10:00,11:10,70,COMPLETE,5,0,DOWN,-0.08247422680412371,AVAILABLE,34.0,True,,,RANGE_COMPRESSION,UNRESOLVED_STRUCTURE,OBSERVATION_INSUFFICIENT,1,0,2,False,0,0,False,INHERITED_RAW_PRICE_BASIS,True,False
2025-08-20|49350,2025-08-20,49350,10:00,11:15,75,COMPLETE,5,0,DOWN,-0.12381345439537764,AVAILABLE,34.0,True,,,,UNRESOLVED_STRUCTURE,OBSERVATION_INSUFFICIENT,1,0,2,False,0,0,False,INHERITED_RAW_PRICE_BASIS,True,False
2025-08-20|49350,2025-08-20,49350,10:00,11:20,80,PARTIAL,4,1,,,AVAILABLE,34.0,True,,,,UNRESOLVED_STRUCTURE,WINDOW_OBSERVED,0,0,0,False,0,0,False,INHERITED_RAW_PRICE_BASIS,False,False
2025-08-20|49350,2025-08-20,49350,10:00,11:25,85,COMPLETE,5,0,DOWN,-0.3296250515039143,AVAILABLE,34.0,True,,,,UNRESOLVED_STRUCTURE,WINDOW_OBSERVED,0,0,0,False,0,0,False,INHERITED_RAW_PRICE_BASIS,False,False
2025-08-20|49350,2025-08-20,49350,10:00,11:30,90,COMPLETE,5,0,DOWN,-0.703351261894911,AVAILABLE,34.0,True,,,,UNRESOLVED_STRUCTURE,WINDOW_OBSERVED,0,0,0,False,0,0,False,INHERITED_RAW_PRICE_BASIS,True,False
2025-08-20|49350,2025-08-20,49350,10:00,12:35,95,COMPLETE,5,0,DOWN,-1.1297071129707112,AVAILABLE,34.0,True,,,,UNRESOLVED_STRUCTURE,WINDOW_OBSERVED,0,1,1,False,2,1,False,INHERITED_RAW_PRICE_BASIS,True,False
2025-08-20|49350,2025-08-20,49350,10:00,12:40,100,COMPLETE,5,0,DOWN,-0.2957329953527672,AVAILABLE,34.0,True,,,RANGE_COMPRESSION|VOLUME_COMPRESSION|TRADING_VALUE_COMPRESSION,UNRESOLVED_STRUCTURE,WINDOW_OBSERVED,0,1,1,False,0,0,False,INHERITED_RAW_PRICE_BASIS,True,False
2025-08-20|49350,2025-08-20,49350,10:00,12:45,105,COMPLETE,5,0,DOWN,-0.7627118644067796,AVAILABLE,34.0,True,,,VOLUME_EXPANSION|TRADING_VALUE_EXPANSION,UNRESOLVED_STRUCTURE,WINDOW_OBSERVED,0,1,2,False,1,1,False,INHERITED_RAW_PRICE_BASIS,True,False
2025-08-20|49350,2025-08-20,49350,10:00,12:50,110,COMPLETE,5,0,UP,0.8947592671495527,AVAILABLE,34.0,True,,RECOVERY,VOLUME_COMPRESSION|TRADING_VALUE_COMPRESSION,UNRESOLVED_STRUCTURE,WINDOW_OBSERVED,0,1,2,False,0,1,True,INHERITED_RAW_PRICE_BASIS,True,True
2025-08-20|49350,2025-08-20,49350,10:00,12:55,115,COMPLETE,5,0,UP,0.759493670886076,AVAILABLE,34.0,True,,,VOLUME_EXPANSION|TRADING_VALUE_EXPANSION,UNRESOLVED_STRUCTURE,WINDOW_OBSERVED,0,0,2,False,1,1,False,INHERITED_RAW_PRICE_BASIS,True,True
2025-08-20|49350,2025-08-20,49350,10:00,13:00,120,COMPLETE,5,0,DOWN,-0.2510460251046025,AVAILABLE,34.0,True,RANGE_STRUCTURE,BALANCE,RANGE_COMPRESSION|VOLUME_COMPRESSION|TRADING_VALUE_COMPRESSION,IDENTIFIED,WINDOW_OBSERVED,0,0,2,True,0,0,True,INHERITED_RAW_PRICE_BASIS,True,True
2025-08-20|49350,2025-08-20,49350,10:00,13:05,125,COMPLETE,5,0,UP,0.25125628140703515,AVAILABLE,34.0,True,RANGE_STRUCTURE,BALANCE,,IDENTIFIED,WINDOW_OBSERVED,0,0,2,True,2,2,True,INHERITED_RAW_PRICE_BASIS,True,False
2025-08-20|49350,2025-08-20,49350,10:00,13:10,130,COMPLETE,5,0,UP,0.7939824488090264,AVAILABLE,34.0,True,,RESTRUCTURING,,UNRESOLVED_STRUCTURE,WINDOW_OBSERVED,0,0,2,False,1,1,True,INHERITED_RAW_PRICE_BASIS,True,True
2025-08-20|49350,2025-08-20,49350,10:00,13:15,135,COMPLETE,5,0,UP,0.7874015748031497,AVAILABLE,34.0,True,,RESTRUCTURING,RANGE_EXPANSION|VOLUME_EXPANSION|TRADING_VALUE_EXPANSION,UNRESOLVED_STRUCTURE,OBSERVATION_INSUFFICIENT,1,0,2,False,0,0,True,INHERITED_RAW_PRICE_BASIS,True,False
2025-08-20|49350,2025-08-20,49350,10:00,13:20,140,COMPLETE,5,0,DOWN,-0.45286125977768626,AVAILABLE,34.0,True,,RESTRUCTURING,RANGE_COMPRESSION|VOLUME_COMPRESSION|TRADING_VALUE_COMPRESSION,UNRESOLVED_STRUCTURE,OBSERVATION_INSUFFICIENT,1,0,2,False,0,0,True,INHERITED_RAW_PRICE_BASIS,True,False
2025-08-20|49350,2025-08-20,49350,10:00,13:25,145,PARTIAL,4,1,,,AVAILABLE,34.0,True,,,,CURRENT_BAR_UNAVAILABLE,WINDOW_OBSERVED,0,0,0,False,0,0,False,INHERITED_RAW_PRICE_BASIS,False,False
2025-08-20|49350,2025-08-20,49350,10:00,13:30,150,COMPLETE,5,0,DOWN,-0.12376237623762376,AVAILABLE,34.0,True,,,CHOPPINESS,UNRESOLVED_STRUCTURE,WINDOW_OBSERVED,0,0,0,False,0,0,False,INHERITED_RAW_PRICE_BASIS,False,False
2025-08-20|49350,2025-08-20,49350,10:00,13:35,155,COMPLETE,5,0,DOWN,-0.041254125412541254,AVAILABLE,34.0,True,,,RANGE_COMPRESSION|VOLUME_COMPRESSION|TRADING_VALUE_COMPRESSION,UNRESOLVED_STRUCTURE,WINDOW_OBSERVED,0,0,0,False,0,0,False,INHERITED_RAW_PRICE_BASIS,True,False
2025-08-20|49350,2025-08-20,49350,10:00,13:40,160,COMPLETE,5,0,UP,0.08254230293025175,AVAILABLE,34.0,True,,,CHOPPINESS|RANGE_EXPANSION|VOLUME_EXPANSION|TRADING_VALUE_EXPANSION,UNRESOLVED_STRUCTURE,WINDOW_OBSERVED,0,0,0,False,0,0,False,INHERITED_RAW_PRICE_BASIS,True,False
2025-08-20|49350,2025-08-20,49350,10:00,13:45,165,COMPLETE,5,0,DOWN,-0.4948453608247423,AVAILABLE,34.0,True,,,VOLUME_COMPRESSION|TRADING_VALUE_COMPRESSION,UNRESOLVED_STRUCTURE,OBSERVATION_INSUFFICIENT,1,0,0,False,0,0,False,INHERITED_RAW_PRICE_BASIS,True,False
2025-08-20|49350,2025-08-20,49350,10:00,13:50,170,COMPLETE,5,0,UP,0.7048092868988391,AVAILABLE,34.0,True,,,RANGE_EXPANSION,UNRESOLVED_STRUCTURE,OBSERVATION_INSUFFICIENT,1,0,0,False,0,0,False,INHERITED_RAW_PRICE_BASIS,True,False
2025-08-20|49350,2025-08-20,49350,10:00,13:55,175,PARTIAL,4,1,,,AVAILABLE,34.0,True,,,,UNRESOLVED_STRUCTURE,WINDOW_OBSERVED,0,1,1,False,0,0,False,INHERITED_RAW_PRICE_BASIS,False,False
2025-08-20|49350,2025-08-20,49350,10:00,14:00,180,COMPLETE,5,0,UP,0.823045267489712,AVAILABLE,34.0,True,,,,UNRESOLVED_STRUCTURE,WINDOW_OBSERVED,0,1,1,False,0,0,False,INHERITED_RAW_PRICE_BASIS,False,False
2025-08-20|49350,2025-08-20,49350,10:00,14:05,185,COMPLETE,5,0,UP,0.32653061224489793,AVAILABLE,34.0,True,,,VOLUME_COMPRESSION|TRADING_VALUE_COMPRESSION,UNRESOLVED_STRUCTURE,WINDOW_OBSERVED,0,0,1,False,0,0,False,INHERITED_RAW_PRICE_BASIS,True,False
2025-08-20|49350,2025-08-20,49350,10:00,14:10,190,COMPLETE,5,0,UP,0.16273393002441008,AVAILABLE,34.0,True,,,VOLUME_EXPANSION|TRADING_VALUE_EXPANSION,UNRESOLVED_STRUCTURE,WINDOW_OBSERVED,0,0,1,False,0,0,False,INHERITED_RAW_PRICE_BASIS,True,False
2025-08-20|49350,2025-08-20,49350,10:00,14:15,195,COMPLETE,5,0,DOWN,-0.4878048780487805,AVAILABLE,34.0,True,,,VOLUME_COMPRESSION|TRADING_VALUE_COMPRESSION,UNRESOLVED_STRUCTURE,OBSERVATION_INSUFFICIENT,1,1,2,False,0,0,False,INHERITED_RAW_PRICE_BASIS,True,False
2025-08-20|49350,2025-08-20,49350,10:00,14:20,200,COMPLETE,5,0,DOWN,-0.36779730281977935,AVAILABLE,34.0,True,,,,UNRESOLVED_STRUCTURE,OBSERVATION_INSUFFICIENT,1,1,2,False,0,0,False,INHERITED_RAW_PRICE_BASIS,True,False
2025-08-20|49350,2025-08-20,49350,10:00,14:25,205,PARTIAL,4,1,,,AVAILABLE,34.0,True,,,,UNRESOLVED_STRUCTURE,OBSERVATION_INSUFFICIENT,1,0,0,False,0,0,False,INHERITED_RAW_PRICE_BASIS,False,False
2025-08-20|49350,2025-08-20,49350,10:00,14:30,210,COMPLETE,5,0,UP,0.24630541871921183,AVAILABLE,34.0,True,,,,UNRESOLVED_STRUCTURE,OBSERVATION_INSUFFICIENT,1,0,0,False,0,0,False,INHERITED_RAW_PRICE_BASIS,False,False
2025-08-20|49350,2025-08-20,49350,10:00,14:35,215,PARTIAL,4,1,,,AVAILABLE,34.0,True,,,,UNRESOLVED_STRUCTURE,WINDOW_OBSERVED,0,0,0,False,0,0,False,INHERITED_RAW_PRICE_BASIS,False,False
2025-08-20|49350,2025-08-20,49350,10:00,14:40,220,COMPLETE,5,0,DOWN,-0.08254230293025175,AVAILABLE,34.0,True,,,,UNRESOLVED_STRUCTURE,WINDOW_OBSERVED,0,0,0,False,0,0,False,INHERITED_RAW_PRICE_BASIS,False,False
2025-08-20|49350,2025-08-20,49350,10:00,14:45,225,COMPLETE,5,0,UP,0.6606110652353427,AVAILABLE,34.0,True,,,,UNRESOLVED_STRUCTURE,OBSERVATION_INSUFFICIENT,1,0,0,False,0,0,False,INHERITED_RAW_PRICE_BASIS,True,False
2025-08-20|49350,2025-08-20,49350,10:00,14:50,230,COMPLETE,5,0,DOWN,-0.4108463434675431,AVAILABLE,34.0,True,,,,UNRESOLVED_STRUCTURE,OBSERVATION_INSUFFICIENT,1,0,0,False,0,0,False,INHERITED_RAW_PRICE_BASIS,True,False
2025-08-20|49350,2025-08-20,49350,10:00,14:55,235,PARTIAL,4,1,,,AVAILABLE,34.0,True,,,,UNRESOLVED_STRUCTURE,WINDOW_OBSERVED,0,0,0,False,0,0,False,INHERITED_RAW_PRICE_BASIS,False,False
2025-08-20|49350,2025-08-20,49350,10:00,15:00,240,COMPLETE,5,0,UP,0.49627791563275436,AVAILABLE,34.0,True,,,,UNRESOLVED_STRUCTURE,WINDOW_OBSERVED,0,0,0,False,0,0,False,INHERITED_RAW_PRICE_BASIS,False,False
2025-08-20|49350,2025-08-20,49350,10:00,15:05,245,COMPLETE,5,0,DOWN,-0.08237232289950576,AVAILABLE,34.0,True,,,RANGE_COMPRESSION|VOLUME_COMPRESSION|TRADING_VALUE_COMPRESSION,UNRESOLVED_STRUCTURE,WINDOW_OBSERVED,0,0,0,False,0,0,False,INHERITED_RAW_PRICE_BASIS,True,False
2025-08-20|49350,2025-08-20,49350,10:00,15:10,250,COMPLETE,5,0,DOWN,-0.1646090534979424,AVAILABLE,34.0,True,,,RANGE_EXPANSION|VOLUME_COMPRESSION|TRADING_VALUE_COMPRESSION,UNRESOLVED_STRUCTURE,WINDOW_OBSERVED,0,1,1,False,0,0,False,INHERITED_RAW_PRICE_BASIS,True,False
2025-08-20|49350,2025-08-20,49350,10:00,15:15,255,COMPLETE,5,0,UP,0.2885408079142622,AVAILABLE,34.0,True,,,RANGE_EXPANSION|VOLUME_EXPANSION|TRADING_VALUE_EXPANSION,UNRESOLVED_STRUCTURE,WINDOW_OBSERVED,0,1,1,False,0,0,False,INHERITED_RAW_PRICE_BASIS,True,False
2025-08-20|49350,2025-08-20,49350,10:00,15:20,260,COMPLETE,5,0,UP,0.7404360345536816,AVAILABLE,34.0,True,,,RANGE_EXPANSION|VOLUME_EXPANSION|TRADING_VALUE_EXPANSION,UNRESOLVED_STRUCTURE,RIGHT_CENSORED,0,0,1,False,0,0,False,INHERITED_RAW_PRICE_BASIS,True,False
2025-08-20|49350,2025-08-20,49350,10:00,15:25,265,COMPLETE,5,0,UP,0.16359918200409,AVAILABLE,34.0,True,,,RANGE_COMPRESSION,UNRESOLVED_STRUCTURE,RIGHT_CENSORED,0,0,1,False,0,0,False,INHERITED_RAW_PRICE_BASIS,True,False
2025-08-20|53800,2025-08-20,53800,14:00,14:00,0,UNAVAILABLE,0,5,,,SCALE_INSUFFICIENT,,True,,,,CURRENT_BAR_UNAVAILABLE,OBSERVATION_INSUFFICIENT,7,0,0,False,0,0,False,INHERITED_RAW_PRICE_BASIS,False,False
2025-08-20|53800,2025-08-20,53800,14:00,14:05,5,PARTIAL,3,2,,,SCALE_INSUFFICIENT,,True,,,,SCALE_UNAVAILABLE,OBSERVATION_INSUFFICIENT,10,0,0,False,0,0,False,INHERITED_RAW_PRICE_BASIS,False,False
2025-08-20|53800,2025-08-20,53800,14:00,14:10,10,UNAVAILABLE,0,5,,,SCALE_INSUFFICIENT,,True,,,,CURRENT_BAR_UNAVAILABLE,OBSERVATION_INSUFFICIENT,9,0,0,False,0,0,False,INHERITED_RAW_PRICE_BASIS,False,False
2025-08-20|53800,2025-08-20,53800,14:00,14:15,15,UNAVAILABLE,0,5,,,SCALE_INSUFFICIENT,,True,,,,CURRENT_BAR_UNAVAILABLE,OBSERVATION_INSUFFICIENT,9,0,0,False,0,0,False,INHERITED_RAW_PRICE_BASIS,False,False
2025-08-20|53800,2025-08-20,53800,14:00,14:20,20,PARTIAL,1,4,,,SCALE_INSUFFICIENT,,True,,,,CURRENT_BAR_UNAVAILABLE,OBSERVATION_INSUFFICIENT,10,0,0,False,0,0,False,INHERITED_RAW_PRICE_BASIS,False,False
2025-08-20|53800,2025-08-20,53800,14:00,14:25,25,UNAVAILABLE,0,5,,,SCALE_INSUFFICIENT,,True,,,,CURRENT_BAR_UNAVAILABLE,OBSERVATION_INSUFFICIENT,9,0,0,False,0,0,False,INHERITED_RAW_PRICE_BASIS,False,False
2025-08-20|53800,2025-08-20,53800,14:00,14:30,30,UNAVAILABLE,0,5,,,SCALE_INSUFFICIENT,,True,,,,CURRENT_BAR_UNAVAILABLE,OBSERVATION_INSUFFICIENT,9,0,0,False,0,0,False,INHERITED_RAW_PRICE_BASIS,False,False
2025-08-20|53800,2025-08-20,53800,14:00,14:35,35,PARTIAL,1,4,,,SCALE_INSUFFICIENT,,True,,,,SCALE_UNAVAILABLE,OBSERVATION_INSUFFICIENT,8,0,0,False,0,0,False,INHERITED_RAW_PRICE_BASIS,False,False
2025-08-20|53800,2025-08-20,53800,14:00,14:40,40,UNAVAILABLE,0,5,,,SCALE_INSUFFICIENT,,True,,,,CURRENT_BAR_UNAVAILABLE,OBSERVATION_INSUFFICIENT,8,0,0,False,0,0,False,INHERITED_RAW_PRICE_BASIS,False,False
2025-08-20|53800,2025-08-20,53800,14:00,14:45,45,PARTIAL,2,3,,,SCALE_INSUFFICIENT,,True,,,,CURRENT_BAR_UNAVAILABLE,OBSERVATION_INSUFFICIENT,10,0,0,False,0,0,False,INHERITED_RAW_PRICE_BASIS,False,False
2025-08-20|53800,2025-08-20,53800,14:00,14:50,50,UNAVAILABLE,0,5,,,SCALE_INSUFFICIENT,,True,,,,CURRENT_BAR_UNAVAILABLE,OBSERVATION_INSUFFICIENT,10,0,0,False,0,0,False,INHERITED_RAW_PRICE_BASIS,False,False
2025-08-20|53800,2025-08-20,53800,14:00,14:55,55,UNAVAILABLE,0,5,,,SCALE_INSUFFICIENT,,True,,,,CURRENT_BAR_UNAVAILABLE,OBSERVATION_INSUFFICIENT,10,0,0,False,0,0,False,INHERITED_RAW_PRICE_BASIS,False,False
2025-08-20|53800,2025-08-20,53800,14:00,15:00,60,UNAVAILABLE,0,5,,,SCALE_INSUFFICIENT,,True,,,,CURRENT_BAR_UNAVAILABLE,OBSERVATION_INSUFFICIENT,9,0,0,False,0,0,False,INHERITED_RAW_PRICE_BASIS,False,False
2025-08-20|53800,2025-08-20,53800,14:00,15:05,65,UNAVAILABLE,0,5,,,SCALE_INSUFFICIENT,,True,,,,CURRENT_BAR_UNAVAILABLE,OBSERVATION_INSUFFICIENT,9,0,0,False,0,0,False,INHERITED_RAW_PRICE_BASIS,False,False
2025-08-20|53800,2025-08-20,53800,14:00,15:10,70,PARTIAL,1,4,,,SCALE_INSUFFICIENT,,True,,,,CURRENT_BAR_UNAVAILABLE,OBSERVATION_INSUFFICIENT,10,0,0,False,0,0,False,INHERITED_RAW_PRICE_BASIS,False,False
2025-08-20|53800,2025-08-20,53800,14:00,15:15,75,UNAVAILABLE,0,5,,,SCALE_INSUFFICIENT,,True,,,,CURRENT_BAR_UNAVAILABLE,OBSERVATION_INSUFFICIENT,10,0,0,False,0,0,False,INHERITED_RAW_PRICE_BASIS,False,False
2025-08-20|53800,2025-08-20,53800,14:00,15:20,80,UNAVAILABLE,0,5,,,SCALE_INSUFFICIENT,,True,,,,CURRENT_BAR_UNAVAILABLE,RIGHT_CENSORED,5,0,0,False,0,0,False,INHERITED_RAW_PRICE_BASIS,False,False
2025-08-20|53800,2025-08-20,53800,14:00,15:25,85,UNAVAILABLE,0,5,,,SCALE_INSUFFICIENT,,True,,,,CURRENT_BAR_UNAVAILABLE,RIGHT_CENSORED,0,0,0,False,0,0,False,INHERITED_RAW_PRICE_BASIS,False,False
2025-08-20|57210,2025-08-20,57210,10:00,10:00,0,COMPLETE,5,0,DOWN,-0.398406374501992,AVAILABLE,5.0,True,DOWN_STRUCTURE,,CHOPPINESS|RANGE_COMPRESSION,IDENTIFIED,WINDOW_OBSERVED,0,1,10,False,0,0,True,INHERITED_RAW_PRICE_BASIS,False,False
2025-08-20|57210,2025-08-20,57210,10:00,10:05,5,COMPLETE,5,0,UP,0.398406374501992,AVAILABLE,5.0,True,DOWN_STRUCTURE,,RANGE_EXPANSION,IDENTIFIED,WINDOW_OBSERVED,0,1,12,False,0,0,True,INHERITED_RAW_PRICE_BASIS,True,False
2025-08-20|57210,2025-08-20,57210,10:00,10:10,10,COMPLETE,5,0,UP,0.796812749003984,AVAILABLE,5.0,True,DOWN_STRUCTURE,PROGRESSION,,IDENTIFIED,WINDOW_OBSERVED,0,1,13,False,2,1,True,INHERITED_RAW_PRICE_BASIS,True,True
2025-08-20|57210,2025-08-20,57210,10:00,10:15,15,COMPLETE,5,0,UP,0.3952569169960474,AVAILABLE,5.0,True,DOWN_STRUCTURE,PROGRESSION,CHOPPINESS,IDENTIFIED,WINDOW_OBSERVED,0,0,13,True,2,2,True,INHERITED_RAW_PRICE_BASIS,True,False
2025-08-20|57210,2025-08-20,57210,10:00,10:20,20,COMPLETE,5,0,UP,0.7874015748031497,AVAILABLE,5.0,True,DOWN_STRUCTURE,CORRECTION,,IDENTIFIED,WINDOW_OBSERVED,0,0,14,True,3,4,True,INHERITED_RAW_PRICE_BASIS,True,True
2025-08-20|57210,2025-08-20,57210,10:00,10:25,25,COMPLETE,5,0,UNCHANGED,0.0,AVAILABLE,5.0,True,,RESTRUCTURING,VOLUME_EXPANSION|TRADING_VALUE_EXPANSION,UNRESOLVED_STRUCTURE,WINDOW_OBSERVED,0,0,15,False,4,4,True,INHERITED_RAW_PRICE_BASIS,True,True
2025-08-20|57210,2025-08-20,57210,10:00,10:30,30,COMPLETE,5,0,DOWN,-0.7782101167315175,AVAILABLE,5.0,True,,RESTRUCTURING,RANGE_COMPRESSION|VOLUME_COMPRESSION|TRADING_VALUE_COMPRESSION,UNRESOLVED_STRUCTURE,WINDOW_OBSERVED,0,0,15,False,0,0,True,INHERITED_RAW_PRICE_BASIS,True,False
2025-08-20|57210,2025-08-20,57210,10:00,10:35,35,COMPLETE,5,0,UP,0.3937007874015748,AVAILABLE,5.0,True,,RESTRUCTURING,CHOPPINESS,UNRESOLVED_STRUCTURE,WINDOW_OBSERVED,0,0,15,False,0,0,True,INHERITED_RAW_PRICE_BASIS,True,False
2025-08-20|57210,2025-08-20,57210,10:00,10:40,40,COMPLETE,5,0,DOWN,-1.5686274509803921,AVAILABLE,5.0,True,,RESTRUCTURING,RANGE_EXPANSION|VOLUME_EXPANSION|TRADING_VALUE_EXPANSION,UNRESOLVED_STRUCTURE,WINDOW_OBSERVED,0,1,16,False,3,1,True,INHERITED_RAW_PRICE_BASIS,True,False
2025-08-20|57210,2025-08-20,57210,10:00,10:45,45,COMPLETE,5,0,UP,4.365079365079365,AVAILABLE,5.0,True,,RESTRUCTURING,RANGE_EXPANSION,UNRESOLVED_STRUCTURE,WINDOW_OBSERVED,0,0,16,False,1,2,True,INHERITED_RAW_PRICE_BASIS,True,False
2025-08-20|57210,2025-08-20,57210,10:00,10:50,50,COMPLETE,5,0,UP,2.661596958174905,AVAILABLE,5.0,True,,RESTRUCTURING,VOLUME_EXPANSION|TRADING_VALUE_EXPANSION,UNRESOLVED_STRUCTURE,WINDOW_OBSERVED,0,1,17,False,1,0,True,INHERITED_RAW_PRICE_BASIS,True,False
2025-08-20|57210,2025-08-20,57210,10:00,10:55,55,COMPLETE,5,0,DOWN,-1.8518518518518519,AVAILABLE,5.0,True,,RESTRUCTURING,RANGE_COMPRESSION|VOLUME_COMPRESSION|TRADING_VALUE_COMPRESSION,UNRESOLVED_STRUCTURE,WINDOW_OBSERVED,0,0,17,False,0,0,True,INHERITED_RAW_PRICE_BASIS,True,False
2025-08-20|57210,2025-08-20,57210,10:00,11:00,60,COMPLETE,5,0,DOWN,-0.7518796992481203,AVAILABLE,5.0,True,UP_STRUCTURE,RECOVERY,CHOPPINESS,IDENTIFIED,WINDOW_OBSERVED,0,1,18,False,0,0,True,INHERITED_RAW_PRICE_BASIS,True,True
2025-08-20|57210,2025-08-20,57210,10:00,11:05,65,COMPLETE,5,0,UP,3.409090909090909,AVAILABLE,5.0,True,UP_STRUCTURE,PROGRESSION,RANGE_EXPANSION|VOLUME_EXPANSION|TRADING_VALUE_EXPANSION,IDENTIFIED,WINDOW_OBSERVED,0,0,18,False,1,1,True,INHERITED_RAW_PRICE_BASIS,True,True
2025-08-20|57210,2025-08-20,57210,10:00,11:10,70,COMPLETE,5,0,UP,5.128205128205129,AVAILABLE,5.0,True,UP_STRUCTURE,PROGRESSION,VOLUME_EXPANSION|TRADING_VALUE_EXPANSION,IDENTIFIED,WINDOW_OBSERVED,0,0,18,False,2,1,True,INHERITED_RAW_PRICE_BASIS,True,False
2025-08-20|57210,2025-08-20,57210,10:00,11:15,75,COMPLETE,5,0,UP,0.34965034965034963,AVAILABLE,5.0,True,UP_STRUCTURE,PROGRESSION,RANGE_COMPRESSION,IDENTIFIED,OBSERVATION_INSUFFICIENT,1,0,18,False,4,1,True,INHERITED_RAW_PRICE_BASIS,True,False
2025-08-20|57210,2025-08-20,57210,10:00,11:20,80,COMPLETE,5,0,UP,1.3986013986013985,AVAILABLE,5.0,True,UP_STRUCTURE,PROGRESSION,,IDENTIFIED,OBSERVATION_INSUFFICIENT,5,0,18,False,4,2,True,INHERITED_RAW_PRICE_BASIS,True,False
2025-08-20|57210,2025-08-20,57210,10:00,11:25,85,PARTIAL,4,1,,,AVAILABLE,5.0,True,,,,CURRENT_BAR_UNAVAILABLE,OBSERVATION_INSUFFICIENT,4,0,0,False,0,1,False,INHERITED_RAW_PRICE_BASIS,False,False
2025-08-20|57210,2025-08-20,57210,10:00,11:30,90,PARTIAL,1,4,,,AVAILABLE,5.0,True,,,,UNRESOLVED_STRUCTURE,WINDOW_OBSERVED,0,0,0,False,0,0,False,INHERITED_RAW_PRICE_BASIS,False,False
2025-08-20|57210,2025-08-20,57210,10:00,12:35,95,COMPLETE,5,0,UP,4.37956204379562,AVAILABLE,5.0,True,,,,UNRESOLVED_STRUCTURE,WINDOW_OBSERVED,0,0,1,False,0,0,False,INHERITED_RAW_PRICE_BASIS,False,False
2025-08-20|57210,2025-08-20,57210,10:00,12:40,100,COMPLETE,5,0,UP,0.34965034965034963,AVAILABLE,5.0,True,,,CHOPPINESS|RANGE_COMPRESSION,UNRESOLVED_STRUCTURE,WINDOW_OBSERVED,0,1,2,False,0,0,False,INHERITED_RAW_PRICE_BASIS,True,False
2025-08-20|57210,2025-08-20,57210,10:00,12:45,105,COMPLETE,5,0,DOWN,-1.0452961672473868,AVAILABLE,5.0,True,,,VOLUME_COMPRESSION|TRADING_VALUE_COMPRESSION,UNRESOLVED_STRUCTURE,WINDOW_OBSERVED,0,0,2,False,0,0,False,INHERITED_RAW_PRICE_BASIS,True,False
2025-08-20|57210,2025-08-20,57210,10:00,12:50,110,COMPLETE,5,0,UP,0.352112676056338,AVAILABLE,5.0,True,,,CHOPPINESS|VOLUME_COMPRESSION|TRADING_VALUE_COMPRESSION,UNRESOLVED_STRUCTURE,WINDOW_OBSERVED,0,0,2,False,0,0,False,INHERITED_RAW_PRICE_BASIS,True,False
2025-08-20|57210,2025-08-20,57210,10:00,12:55,115,COMPLETE,5,0,DOWN,-0.6993006993006993,AVAILABLE,5.0,True,,,,UNRESOLVED_STRUCTURE,WINDOW_OBSERVED,0,0,2,False,0,0,False,INHERITED_RAW_PRICE_BASIS,True,False
2025-08-20|57210,2025-08-20,57210,10:00,13:00,120,COMPLETE,5,0,DOWN,-1.7605633802816902,AVAILABLE,5.0,True,,,RANGE_EXPANSION,UNRESOLVED_STRUCTURE,WINDOW_OBSERVED,0,0,2,False,3,1,False,INHERITED_RAW_PRICE_BASIS,True,False
2025-08-20|57210,2025-08-20,57210,10:00,13:05,125,COMPLETE,5,0,UP,1.075268817204301,AVAILABLE,5.0,True,,RECOVERY,VOLUME_COMPRESSION|TRADING_VALUE_COMPRESSION,UNRESOLVED_STRUCTURE,WINDOW_OBSERVED,0,0,3,False,2,2,True,INHERITED_RAW_PRICE_BASIS,True,True
2025-08-20|57210,2025-08-20,57210,10:00,13:10,130,COMPLETE,5,0,UNCHANGED,0.0,AVAILABLE,5.0,True,,RECOVERY,RANGE_COMPRESSION|VOLUME_COMPRESSION|TRADING_VALUE_COMPRESSION,UNRESOLVED_STRUCTURE,WINDOW_OBSERVED,0,0,3,False,0,0,True,INHERITED_RAW_PRICE_BASIS,True,False
2025-08-20|57210,2025-08-20,57210,10:00,13:15,135,COMPLETE,5,0,UP,1.0638297872340425,AVAILABLE,5.0,True,,RECOVERY,RANGE_EXPANSION|VOLUME_EXPANSION|TRADING_VALUE_EXPANSION,UNRESOLVED_STRUCTURE,WINDOW_OBSERVED,0,0,3,False,0,0,True,INHERITED_RAW_PRICE_BASIS,True,False
2025-08-20|57210,2025-08-20,57210,10:00,13:20,140,COMPLETE,5,0,DOWN,-0.34965034965034963,AVAILABLE,5.0,True,,RECOVERY,RANGE_COMPRESSION,UNRESOLVED_STRUCTURE,WINDOW_OBSERVED,0,0,3,False,0,0,True,INHERITED_RAW_PRICE_BASIS,True,False
2025-08-20|57210,2025-08-20,57210,10:00,13:25,145,COMPLETE,5,0,UP,1.7543859649122806,AVAILABLE,5.0,True,,,RANGE_EXPANSION|VOLUME_EXPANSION|TRADING_VALUE_EXPANSION,UNRESOLVED_STRUCTURE,WINDOW_OBSERVED,0,0,3,False,1,1,False,INHERITED_RAW_PRICE_BASIS,True,True
2025-08-20|57210,2025-08-20,57210,10:00,13:30,150,COMPLETE,5,0,DOWN,-0.6920415224913494,AVAILABLE,5.0,True,,,VOLUME_COMPRESSION|TRADING_VALUE_COMPRESSION,UNRESOLVED_STRUCTURE,WINDOW_OBSERVED,0,0,3,False,1,2,False,INHERITED_RAW_PRICE_BASIS,True,False
2025-08-20|57210,2025-08-20,57210,10:00,13:35,155,COMPLETE,5,0,UP,0.34843205574912894,AVAILABLE,5.0,True,RANGE_STRUCTURE,BALANCE,RANGE_COMPRESSION|VOLUME_COMPRESSION|TRADING_VALUE_COMPRESSION,IDENTIFIED,WINDOW_OBSERVED,0,1,4,True,0,0,True,INHERITED_RAW_PRICE_BASIS,True,True
2025-08-20|57210,2025-08-20,57210,10:00,13:40,160,COMPLETE,5,0,UNCHANGED,0.0,AVAILABLE,5.0,True,RANGE_STRUCTURE,BALANCE,VOLUME_EXPANSION|TRADING_VALUE_EXPANSION,IDENTIFIED,WINDOW_OBSERVED,0,1,4,True,0,1,True,INHERITED_RAW_PRICE_BASIS,True,False
2025-08-20|57210,2025-08-20,57210,10:00,13:45,165,COMPLETE,5,0,DOWN,-1.0416666666666667,AVAILABLE,5.0,True,RANGE_STRUCTURE,BALANCE,RANGE_EXPANSION,IDENTIFIED,WINDOW_OBSERVED,0,0,4,True,0,0,True,INHERITED_RAW_PRICE_BASIS,True,False
2025-08-20|57210,2025-08-20,57210,10:00,13:50,170,COMPLETE,5,0,DOWN,-0.352112676056338,AVAILABLE,5.0,True,RANGE_STRUCTURE,BALANCE,,IDENTIFIED,WINDOW_OBSERVED,0,0,4,True,0,0,True,INHERITED_RAW_PRICE_BASIS,True,False
2025-08-20|57210,2025-08-20,57210,10:00,13:55,175,COMPLETE,5,0,UP,0.35335689045936397,AVAILABLE,5.0,True,RANGE_STRUCTURE,BALANCE,CHOPPINESS,IDENTIFIED,WINDOW_OBSERVED,0,0,4,True,0,0,True,INHERITED_RAW_PRICE_BASIS,True,False
2025-08-20|57210,2025-08-20,57210,10:00,14:00,180,COMPLETE,5,0,DOWN,-0.7067137809187279,AVAILABLE,5.0,True,RANGE_STRUCTURE,BALANCE,,IDENTIFIED,WINDOW_OBSERVED,0,0,4,True,2,0,True,INHERITED_RAW_PRICE_BASIS,True,False
2025-08-20|57210,2025-08-20,57210,10:00,14:05,185,COMPLETE,5,0,UNCHANGED,0.0,AVAILABLE,5.0,True,RANGE_STRUCTURE,BALANCE,RANGE_COMPRESSION|VOLUME_COMPRESSION|TRADING_VALUE_COMPRESSION,IDENTIFIED,WINDOW_OBSERVED,0,0,4,True,0,1,True,INHERITED_RAW_PRICE_BASIS,True,False
2025-08-20|57210,2025-08-20,57210,10:00,14:10,190,COMPLETE,5,0,UP,0.35587188612099646,AVAILABLE,5.0,True,,RESTRUCTURING,RANGE_EXPANSION|VOLUME_EXPANSION|TRADING_VALUE_EXPANSION,UNRESOLVED_STRUCTURE,WINDOW_OBSERVED,0,0,4,False,1,2,True,INHERITED_RAW_PRICE_BASIS,True,True
2025-08-20|57210,2025-08-20,57210,10:00,14:15,195,COMPLETE,5,0,DOWN,-0.3546099290780142,AVAILABLE,5.0,True,,RESTRUCTURING,RANGE_COMPRESSION|VOLUME_COMPRESSION|TRADING_VALUE_COMPRESSION,UNRESOLVED_STRUCTURE,WINDOW_OBSERVED,0,0,4,False,0,0,True,INHERITED_RAW_PRICE_BASIS,True,False
2025-08-20|57210,2025-08-20,57210,10:00,14:20,200,COMPLETE,5,0,UNCHANGED,0.0,AVAILABLE,5.0,True,,RESTRUCTURING,RANGE_COMPRESSION|VOLUME_COMPRESSION|TRADING_VALUE_COMPRESSION,UNRESOLVED_STRUCTURE,WINDOW_OBSERVED,0,0,4,False,0,0,True,INHERITED_RAW_PRICE_BASIS,True,False
2025-08-20|57210,2025-08-20,57210,10:00,14:25,205,COMPLETE,5,0,DOWN,-3.5587188612099645,AVAILABLE,5.0,True,,RESTRUCTURING,RANGE_EXPANSION|VOLUME_EXPANSION|TRADING_VALUE_EXPANSION,UNRESOLVED_STRUCTURE,WINDOW_OBSERVED,0,0,4,False,2,1,True,INHERITED_RAW_PRICE_BASIS,True,False
2025-08-20|57210,2025-08-20,57210,10:00,14:30,210,COMPLETE,5,0,DOWN,-0.7380073800738007,AVAILABLE,5.0,True,,RESTRUCTURING|RECOVERY,RANGE_COMPRESSION,UNRESOLVED_STRUCTURE,WINDOW_OBSERVED,0,1,5,False,0,0,True,INHERITED_RAW_PRICE_BASIS,True,True
2025-08-20|57210,2025-08-20,57210,10:00,14:35,215,COMPLETE,5,0,UP,0.373134328358209,AVAILABLE,5.0,True,,RESTRUCTURING|RECOVERY,RANGE_COMPRESSION|VOLUME_COMPRESSION|TRADING_VALUE_COMPRESSION,UNRESOLVED_STRUCTURE,WINDOW_OBSERVED,0,1,5,False,0,0,True,INHERITED_RAW_PRICE_BASIS,True,False
2025-08-20|57210,2025-08-20,57210,10:00,14:40,220,COMPLETE,5,0,UP,1.1111111111111112,AVAILABLE,5.0,True,DOWN_STRUCTURE,PROGRESSION,RANGE_EXPANSION|VOLUME_EXPANSION|TRADING_VALUE_EXPANSION,IDENTIFIED,WINDOW_OBSERVED,0,1,6,False,1,0,True,INHERITED_RAW_PRICE_BASIS,True,True
2025-08-20|57210,2025-08-20,57210,10:00,14:45,225,COMPLETE,5,0,DOWN,-3.2967032967032965,AVAILABLE,5.0,True,DOWN_STRUCTURE,,,IDENTIFIED,WINDOW_OBSERVED,0,1,7,False,1,1,True,INHERITED_RAW_PRICE_BASIS,True,True
2025-08-20|57210,2025-08-20,57210,10:00,14:50,230,COMPLETE,5,0,UP,2.2641509433962264,AVAILABLE,5.0,True,DOWN_STRUCTURE,,,IDENTIFIED,WINDOW_OBSERVED,0,1,8,False,2,1,True,INHERITED_RAW_PRICE_BASIS,True,False
2025-08-20|57210,2025-08-20,57210,10:00,14:55,235,COMPLETE,5,0,DOWN,-4.059040590405904,AVAILABLE,5.0,True,DOWN_STRUCTURE,CORRECTION|RECOVERY,RANGE_EXPANSION|VOLUME_EXPANSION|TRADING_VALUE_EXPANSION,IDENTIFIED,WINDOW_OBSERVED,0,0,9,False,3,2,True,INHERITED_RAW_PRICE_BASIS,True,True
2025-08-20|57210,2025-08-20,57210,10:00,15:00,240,COMPLETE,5,0,UP,0.7692307692307693,AVAILABLE,5.0,True,DOWN_STRUCTURE,CORRECTION|RECOVERY,RANGE_COMPRESSION|VOLUME_COMPRESSION|TRADING_VALUE_COMPRESSION,IDENTIFIED,WINDOW_OBSERVED,0,0,9,False,0,0,True,INHERITED_RAW_PRICE_BASIS,True,False
2025-08-20|57210,2025-08-20,57210,10:00,15:05,245,COMPLETE,5,0,UP,3.816793893129771,AVAILABLE,5.0,True,,RESTRUCTURING,RANGE_EXPANSION|VOLUME_EXPANSION|TRADING_VALUE_EXPANSION,UNRESOLVED_STRUCTURE,WINDOW_OBSERVED,0,0,9,False,2,1,True,INHERITED_RAW_PRICE_BASIS,True,True
2025-08-20|57210,2025-08-20,57210,10:00,15:10,250,COMPLETE,5,0,UP,0.36764705882352944,AVAILABLE,5.0,True,,RESTRUCTURING,RANGE_COMPRESSION|VOLUME_COMPRESSION|TRADING_VALUE_COMPRESSION,UNRESOLVED_STRUCTURE,WINDOW_OBSERVED,0,0,9,False,2,2,True,INHERITED_RAW_PRICE_BASIS,True,False
2025-08-20|57210,2025-08-20,57210,10:00,15:15,255,COMPLETE,5,0,UP,1.4598540145985401,AVAILABLE,5.0,True,,RESTRUCTURING,VOLUME_EXPANSION|TRADING_VALUE_EXPANSION,UNRESOLVED_STRUCTURE,WINDOW_OBSERVED,0,0,9,False,0,0,True,INHERITED_RAW_PRICE_BASIS,True,False
2025-08-20|57210,2025-08-20,57210,10:00,15:20,260,COMPLETE,5,0,UP,2.158273381294964,AVAILABLE,5.0,True,,RESTRUCTURING,,UNRESOLVED_STRUCTURE,RIGHT_CENSORED,0,1,10,False,0,0,True,INHERITED_RAW_PRICE_BASIS,True,False
2025-08-20|57210,2025-08-20,57210,10:00,15:25,265,COMPLETE,5,0,DOWN,-2.816901408450704,AVAILABLE,5.0,True,,RESTRUCTURING,RANGE_EXPANSION,UNRESOLVED_STRUCTURE,RIGHT_CENSORED,0,0,10,False,1,0,True,INHERITED_RAW_PRICE_BASIS,True,False
2025-08-20|59690,2025-08-20,59690,11:30,11:30,0,PARTIAL,1,4,,,SCALE_INSUFFICIENT,,False,,,,CURRENT_BAR_UNAVAILABLE,OBSERVATION_INSUFFICIENT,9,0,0,False,0,0,False,INHERITED_RAW_PRICE_BASIS,False,False
2025-08-20|59690,2025-08-20,59690,11:30,12:35,5,PARTIAL,1,4,,,SCALE_INSUFFICIENT,,False,,,,CURRENT_BAR_UNAVAILABLE,OBSERVATION_INSUFFICIENT,10,0,0,False,0,0,False,INHERITED_RAW_PRICE_BASIS,False,False
2025-08-20|59690,2025-08-20,59690,11:30,12:40,10,UNAVAILABLE,0,5,,,SCALE_INSUFFICIENT,,False,,,,CURRENT_BAR_UNAVAILABLE,OBSERVATION_INSUFFICIENT,10,0,0,False,0,0,False,INHERITED_RAW_PRICE_BASIS,False,False
2025-08-20|59690,2025-08-20,59690,11:30,12:45,15,UNAVAILABLE,0,5,,,SCALE_INSUFFICIENT,,False,,,,CURRENT_BAR_UNAVAILABLE,OBSERVATION_INSUFFICIENT,10,0,0,False,0,0,False,INHERITED_RAW_PRICE_BASIS,False,False
2025-08-20|59690,2025-08-20,59690,11:30,12:50,20,UNAVAILABLE,0,5,,,SCALE_INSUFFICIENT,,False,,,,CURRENT_BAR_UNAVAILABLE,OBSERVATION_INSUFFICIENT,10,0,0,False,0,0,False,INHERITED_RAW_PRICE_BASIS,False,False
2025-08-20|59690,2025-08-20,59690,11:30,12:55,25,UNAVAILABLE,0,5,,,SCALE_INSUFFICIENT,,False,,,,CURRENT_BAR_UNAVAILABLE,OBSERVATION_INSUFFICIENT,10,0,0,False,0,0,False,INHERITED_RAW_PRICE_BASIS,False,False
2025-08-20|59690,2025-08-20,59690,11:30,13:00,30,UNAVAILABLE,0,5,,,SCALE_INSUFFICIENT,,False,,,,CURRENT_BAR_UNAVAILABLE,OBSERVATION_INSUFFICIENT,10,0,0,False,0,0,False,INHERITED_RAW_PRICE_BASIS,False,False
2025-08-20|59690,2025-08-20,59690,11:30,13:05,35,UNAVAILABLE,0,5,,,SCALE_INSUFFICIENT,,False,,,,CURRENT_BAR_UNAVAILABLE,OBSERVATION_INSUFFICIENT,10,0,0,False,0,0,False,INHERITED_RAW_PRICE_BASIS,False,False
2025-08-20|59690,2025-08-20,59690,11:30,13:10,40,UNAVAILABLE,0,5,,,SCALE_INSUFFICIENT,,False,,,,CURRENT_BAR_UNAVAILABLE,OBSERVATION_INSUFFICIENT,10,0,0,False,0,0,False,INHERITED_RAW_PRICE_BASIS,False,False
2025-08-20|59690,2025-08-20,59690,11:30,13:15,45,UNAVAILABLE,0,5,,,SCALE_INSUFFICIENT,,False,,,,CURRENT_BAR_UNAVAILABLE,OBSERVATION_INSUFFICIENT,10,0,0,False,0,0,False,INHERITED_RAW_PRICE_BASIS,False,False
2025-08-20|59690,2025-08-20,59690,11:30,13:20,50,UNAVAILABLE,0,5,,,SCALE_INSUFFICIENT,,False,,,,CURRENT_BAR_UNAVAILABLE,OBSERVATION_INSUFFICIENT,10,0,0,False,0,0,False,INHERITED_RAW_PRICE_BASIS,False,False
2025-08-20|59690,2025-08-20,59690,11:30,13:25,55,UNAVAILABLE,0,5,,,SCALE_INSUFFICIENT,,False,,,,CURRENT_BAR_UNAVAILABLE,OBSERVATION_INSUFFICIENT,10,0,0,False,0,0,False,INHERITED_RAW_PRICE_BASIS,False,False
2025-08-20|59690,2025-08-20,59690,11:30,13:30,60,UNAVAILABLE,0,5,,,SCALE_INSUFFICIENT,,False,,,,CURRENT_BAR_UNAVAILABLE,OBSERVATION_INSUFFICIENT,10,0,0,False,0,0,False,INHERITED_RAW_PRICE_BASIS,False,False
2025-08-20|59690,2025-08-20,59690,11:30,13:35,65,UNAVAILABLE,0,5,,,SCALE_INSUFFICIENT,,False,,,,CURRENT_BAR_UNAVAILABLE,OBSERVATION_INSUFFICIENT,10,0,0,False,0,0,False,INHERITED_RAW_PRICE_BASIS,False,False
2025-08-20|59690,2025-08-20,59690,11:30,13:40,70,UNAVAILABLE,0,5,,,SCALE_INSUFFICIENT,,False,,,,CURRENT_BAR_UNAVAILABLE,OBSERVATION_INSUFFICIENT,10,0,0,False,0,0,False,INHERITED_RAW_PRICE_BASIS,False,False
2025-08-20|59690,2025-08-20,59690,11:30,13:45,75,UNAVAILABLE,0,5,,,SCALE_INSUFFICIENT,,False,,,,CURRENT_BAR_UNAVAILABLE,OBSERVATION_INSUFFICIENT,10,0,0,False,0,0,False,INHERITED_RAW_PRICE_BASIS,False,False
2025-08-20|59690,2025-08-20,59690,11:30,13:50,80,UNAVAILABLE,0,5,,,SCALE_INSUFFICIENT,,False,,,,CURRENT_BAR_UNAVAILABLE,OBSERVATION_INSUFFICIENT,10,0,0,False,0,0,False,INHERITED_RAW_PRICE_BASIS,False,False
2025-08-20|59690,2025-08-20,59690,11:30,13:55,85,UNAVAILABLE,0,5,,,SCALE_INSUFFICIENT,,False,,,,CURRENT_BAR_UNAVAILABLE,OBSERVATION_INSUFFICIENT,10,0,0,False,0,0,False,INHERITED_RAW_PRICE_BASIS,False,False
2025-08-20|59690,2025-08-20,59690,11:30,14:00,90,UNAVAILABLE,0,5,,,SCALE_INSUFFICIENT,,False,,,,CURRENT_BAR_UNAVAILABLE,OBSERVATION_INSUFFICIENT,9,0,0,False,0,0,False,INHERITED_RAW_PRICE_BASIS,False,False
2025-08-20|59690,2025-08-20,59690,11:30,14:05,95,UNAVAILABLE,0,5,,,SCALE_INSUFFICIENT,,False,,,,CURRENT_BAR_UNAVAILABLE,OBSERVATION_INSUFFICIENT,9,0,0,False,0,0,False,INHERITED_RAW_PRICE_BASIS,False,False
2025-08-20|59690,2025-08-20,59690,11:30,14:10,100,PARTIAL,1,4,,,SCALE_INSUFFICIENT,,False,,,,CURRENT_BAR_UNAVAILABLE,OBSERVATION_INSUFFICIENT,10,0,0,False,0,0,False,INHERITED_RAW_PRICE_BASIS,False,False
2025-08-20|59690,2025-08-20,59690,11:30,14:15,105,UNAVAILABLE,0,5,,,SCALE_INSUFFICIENT,,False,,,,CURRENT_BAR_UNAVAILABLE,OBSERVATION_INSUFFICIENT,10,0,0,False,0,0,False,INHERITED_RAW_PRICE_BASIS,False,False
2025-08-20|59690,2025-08-20,59690,11:30,14:20,110,UNAVAILABLE,0,5,,,SCALE_INSUFFICIENT,,False,,,,CURRENT_BAR_UNAVAILABLE,OBSERVATION_INSUFFICIENT,10,0,0,False,0,0,False,INHERITED_RAW_PRICE_BASIS,False,False
2025-08-20|59690,2025-08-20,59690,11:30,14:25,115,UNAVAILABLE,0,5,,,SCALE_INSUFFICIENT,,False,,,,CURRENT_BAR_UNAVAILABLE,OBSERVATION_INSUFFICIENT,10,0,0,False,0,0,False,INHERITED_RAW_PRICE_BASIS,False,False
2025-08-20|59690,2025-08-20,59690,11:30,14:30,120,UNAVAILABLE,0,5,,,SCALE_INSUFFICIENT,,False,,,,CURRENT_BAR_UNAVAILABLE,OBSERVATION_INSUFFICIENT,10,0,0,False,0,0,False,INHERITED_RAW_PRICE_BASIS,False,False
2025-08-20|59690,2025-08-20,59690,11:30,14:35,125,UNAVAILABLE,0,5,,,SCALE_INSUFFICIENT,,False,,,,CURRENT_BAR_UNAVAILABLE,OBSERVATION_INSUFFICIENT,10,0,0,False,0,0,False,INHERITED_RAW_PRICE_BASIS,False,False
2025-08-20|59690,2025-08-20,59690,11:30,14:40,130,UNAVAILABLE,0,5,,,SCALE_INSUFFICIENT,,False,,,,CURRENT_BAR_UNAVAILABLE,OBSERVATION_INSUFFICIENT,10,0,0,False,0,0,False,INHERITED_RAW_PRICE_BASIS,False,False
2025-08-20|59690,2025-08-20,59690,11:30,14:45,135,UNAVAILABLE,0,5,,,SCALE_INSUFFICIENT,,False,,,,CURRENT_BAR_UNAVAILABLE,OBSERVATION_INSUFFICIENT,10,0,0,False,0,0,False,INHERITED_RAW_PRICE_BASIS,False,False
2025-08-20|59690,2025-08-20,59690,11:30,14:50,140,UNAVAILABLE,0,5,,,SCALE_INSUFFICIENT,,False,,,,CURRENT_BAR_UNAVAILABLE,OBSERVATION_INSUFFICIENT,10,0,0,False,0,0,False,INHERITED_RAW_PRICE_BASIS,False,False
2025-08-20|59690,2025-08-20,59690,11:30,14:55,145,UNAVAILABLE,0,5,,,SCALE_INSUFFICIENT,,False,,,,CURRENT_BAR_UNAVAILABLE,OBSERVATION_INSUFFICIENT,10,0,0,False,0,0,False,INHERITED_RAW_PRICE_BASIS,False,False
2025-08-20|59690,2025-08-20,59690,11:30,15:00,150,UNAVAILABLE,0,5,,,SCALE_INSUFFICIENT,,False,,,,CURRENT_BAR_UNAVAILABLE,OBSERVATION_INSUFFICIENT,10,0,0,False,0,0,False,INHERITED_RAW_PRICE_BASIS,False,False
2025-08-20|59690,2025-08-20,59690,11:30,15:05,155,UNAVAILABLE,0,5,,,SCALE_INSUFFICIENT,,False,,,,CURRENT_BAR_UNAVAILABLE,OBSERVATION_INSUFFICIENT,10,0,0,False,0,0,False,INHERITED_RAW_PRICE_BASIS,False,False
2025-08-20|59690,2025-08-20,59690,11:30,15:10,160,UNAVAILABLE,0,5,,,SCALE_INSUFFICIENT,,False,,,,CURRENT_BAR_UNAVAILABLE,OBSERVATION_INSUFFICIENT,10,0,0,False,0,0,False,INHERITED_RAW_PRICE_BASIS,False,False
2025-08-20|59690,2025-08-20,59690,11:30,15:15,165,UNAVAILABLE,0,5,,,SCALE_INSUFFICIENT,,False,,,,CURRENT_BAR_UNAVAILABLE,OBSERVATION_INSUFFICIENT,9,0,0,False,0,0,False,INHERITED_RAW_PRICE_BASIS,False,False
2025-08-20|59690,2025-08-20,59690,11:30,15:20,170,UNAVAILABLE,0,5,,,SCALE_INSUFFICIENT,,False,,,,CURRENT_BAR_UNAVAILABLE,RIGHT_CENSORED,4,0,0,False,0,0,False,INHERITED_RAW_PRICE_BASIS,False,False
2025-08-20|59690,2025-08-20,59690,11:30,15:25,175,PARTIAL,1,4,,,SCALE_INSUFFICIENT,,False,,,,CURRENT_BAR_UNAVAILABLE,RIGHT_CENSORED,0,0,0,False,0,0,False,INHERITED_RAW_PRICE_BASIS,False,False
2025-08-20|63800,2025-08-20,63800,10:30,10:30,0,PARTIAL,2,3,,,SCALE_INSUFFICIENT,,True,,,,CURRENT_BAR_UNAVAILABLE,OBSERVATION_INSUFFICIENT,8,0,0,False,3,0,False,INHERITED_RAW_PRICE_BASIS,False,False
2025-08-20|63800,2025-08-20,63800,10:30,10:35,5,PARTIAL,2,3,,,SCALE_INSUFFICIENT,,True,,,,CURRENT_BAR_UNAVAILABLE,OBSERVATION_INSUFFICIENT,8,0,0,False,3,0,False,INHERITED_RAW_PRICE_BASIS,False,False
2025-08-20|63800,2025-08-20,63800,10:30,10:40,10,UNAVAILABLE,0,5,,,SCALE_INSUFFICIENT,,True,,,,CURRENT_BAR_UNAVAILABLE,OBSERVATION_INSUFFICIENT,8,0,0,False,0,0,False,INHERITED_RAW_PRICE_BASIS,False,False
2025-08-20|63800,2025-08-20,63800,10:30,10:45,15,PARTIAL,2,3,,,SCALE_INSUFFICIENT,,True,,,,CURRENT_BAR_UNAVAILABLE,OBSERVATION_INSUFFICIENT,9,0,0,False,0,1,False,INHERITED_RAW_PRICE_BASIS,False,False
2025-08-20|63800,2025-08-20,63800,10:30,10:50,20,UNAVAILABLE,0,5,,,SCALE_INSUFFICIENT,,True,,,,CURRENT_BAR_UNAVAILABLE,OBSERVATION_INSUFFICIENT,8,0,0,False,0,0,False,INHERITED_RAW_PRICE_BASIS,False,False
2025-08-20|63800,2025-08-20,63800,10:30,10:55,25,PARTIAL,1,4,,,SCALE_INSUFFICIENT,,True,,,,CURRENT_BAR_UNAVAILABLE,OBSERVATION_INSUFFICIENT,9,0,0,False,0,0,False,INHERITED_RAW_PRICE_BASIS,False,False
2025-08-20|63800,2025-08-20,63800,10:30,11:00,30,PARTIAL,1,4,,,SCALE_INSUFFICIENT,,True,,,,CURRENT_BAR_UNAVAILABLE,OBSERVATION_INSUFFICIENT,10,0,0,False,0,0,False,INHERITED_RAW_PRICE_BASIS,False,False
2025-08-20|63800,2025-08-20,63800,10:30,11:05,35,UNAVAILABLE,0,5,,,SCALE_INSUFFICIENT,,True,,,,CURRENT_BAR_UNAVAILABLE,OBSERVATION_INSUFFICIENT,9,0,0,False,0,0,False,INHERITED_RAW_PRICE_BASIS,False,False
2025-08-20|63800,2025-08-20,63800,10:30,11:10,40,UNAVAILABLE,0,5,,,SCALE_INSUFFICIENT,,True,,,,CURRENT_BAR_UNAVAILABLE,OBSERVATION_INSUFFICIENT,9,0,0,False,0,0,False,INHERITED_RAW_PRICE_BASIS,False,False
2025-08-20|63800,2025-08-20,63800,10:30,11:15,45,PARTIAL,1,4,,,SCALE_INSUFFICIENT,,True,,,,CURRENT_BAR_UNAVAILABLE,OBSERVATION_INSUFFICIENT,9,0,0,False,0,0,False,INHERITED_RAW_PRICE_BASIS,False,False
2025-08-20|63800,2025-08-20,63800,10:30,11:20,50,UNAVAILABLE,0,5,,,SCALE_INSUFFICIENT,,True,,,,CURRENT_BAR_UNAVAILABLE,OBSERVATION_INSUFFICIENT,9,0,0,False,0,0,False,INHERITED_RAW_PRICE_BASIS,False,False
2025-08-20|63800,2025-08-20,63800,10:30,11:25,55,PARTIAL,1,4,,,SCALE_INSUFFICIENT,,True,,,,CURRENT_BAR_UNAVAILABLE,OBSERVATION_INSUFFICIENT,9,0,0,False,0,0,False,INHERITED_RAW_PRICE_BASIS,False,False
2025-08-20|63800,2025-08-20,63800,10:30,11:30,60,UNAVAILABLE,0,5,,,SCALE_INSUFFICIENT,,True,,,,CURRENT_BAR_UNAVAILABLE,OBSERVATION_INSUFFICIENT,9,0,0,False,0,0,False,INHERITED_RAW_PRICE_BASIS,False,False
2025-08-20|63800,2025-08-20,63800,10:30,12:35,65,PARTIAL,1,4,,,SCALE_INSUFFICIENT,,True,,,,CURRENT_BAR_UNAVAILABLE,OBSERVATION_INSUFFICIENT,10,0,0,False,0,0,False,INHERITED_RAW_PRICE_BASIS,False,False
2025-08-20|63800,2025-08-20,63800,10:30,12:40,70,UNAVAILABLE,0,5,,,SCALE_INSUFFICIENT,,True,,,,CURRENT_BAR_UNAVAILABLE,OBSERVATION_INSUFFICIENT,9,0,0,False,0,0,False,INHERITED_RAW_PRICE_BASIS,False,False
2025-08-20|63800,2025-08-20,63800,10:30,12:45,75,UNAVAILABLE,0,5,,,SCALE_INSUFFICIENT,,True,,,,CURRENT_BAR_UNAVAILABLE,OBSERVATION_INSUFFICIENT,8,0,0,False,0,0,False,INHERITED_RAW_PRICE_BASIS,False,False
2025-08-20|63800,2025-08-20,63800,10:30,12:50,80,PARTIAL,1,4,,,SCALE_INSUFFICIENT,,True,,,,CURRENT_BAR_UNAVAILABLE,OBSERVATION_INSUFFICIENT,9,0,0,False,0,0,False,INHERITED_RAW_PRICE_BASIS,False,False
2025-08-20|63800,2025-08-20,63800,10:30,12:55,85,PARTIAL,1,4,,,SCALE_INSUFFICIENT,,True,,,,CURRENT_BAR_UNAVAILABLE,OBSERVATION_INSUFFICIENT,9,0,0,False,0,0,False,INHERITED_RAW_PRICE_BASIS,False,False
2025-08-20|63800,2025-08-20,63800,10:30,13:00,90,UNAVAILABLE,0,5,,,SCALE_INSUFFICIENT,,True,,,,CURRENT_BAR_UNAVAILABLE,OBSERVATION_INSUFFICIENT,9,0,0,False,0,0,False,INHERITED_RAW_PRICE_BASIS,False,False
2025-08-20|63800,2025-08-20,63800,10:30,13:05,95,PARTIAL,1,4,,,SCALE_INSUFFICIENT,,True,,,,CURRENT_BAR_UNAVAILABLE,OBSERVATION_INSUFFICIENT,10,0,0,False,0,0,False,INHERITED_RAW_PRICE_BASIS,False,False
2025-08-20|63800,2025-08-20,63800,10:30,13:10,100,UNAVAILABLE,0,5,,,SCALE_INSUFFICIENT,,True,,,,CURRENT_BAR_UNAVAILABLE,OBSERVATION_INSUFFICIENT,10,0,0,False,0,0,False,INHERITED_RAW_PRICE_BASIS,False,False
2025-08-20|63800,2025-08-20,63800,10:30,13:15,105,UNAVAILABLE,0,5,,,SCALE_INSUFFICIENT,,True,,,,CURRENT_BAR_UNAVAILABLE,OBSERVATION_INSUFFICIENT,8,0,0,False,0,0,False,INHERITED_RAW_PRICE_BASIS,False,False
2025-08-20|63800,2025-08-20,63800,10:30,13:20,110,UNAVAILABLE,0,5,,,SCALE_INSUFFICIENT,,True,,,,CURRENT_BAR_UNAVAILABLE,OBSERVATION_INSUFFICIENT,7,0,0,False,0,0,False,INHERITED_RAW_PRICE_BASIS,False,False
2025-08-20|63800,2025-08-20,63800,10:30,13:25,115,PARTIAL,2,3,,,SCALE_INSUFFICIENT,,True,,,,CURRENT_BAR_UNAVAILABLE,OBSERVATION_INSUFFICIENT,7,0,0,False,0,0,False,INHERITED_RAW_PRICE_BASIS,False,False
2025-08-20|63800,2025-08-20,63800,10:30,13:30,120,PARTIAL,1,4,,,SCALE_INSUFFICIENT,,True,,,,CURRENT_BAR_UNAVAILABLE,OBSERVATION_INSUFFICIENT,8,0,0,False,0,0,False,INHERITED_RAW_PRICE_BASIS,False,False
2025-08-20|63800,2025-08-20,63800,10:30,13:35,125,PARTIAL,2,3,,,SCALE_INSUFFICIENT,,True,,,,CURRENT_BAR_UNAVAILABLE,OBSERVATION_INSUFFICIENT,8,0,0,False,0,0,False,INHERITED_RAW_PRICE_BASIS,False,False
2025-08-20|63800,2025-08-20,63800,10:30,13:40,130,UNAVAILABLE,0,5,,,SCALE_INSUFFICIENT,,True,,,,CURRENT_BAR_UNAVAILABLE,OBSERVATION_INSUFFICIENT,7,0,0,False,0,0,False,INHERITED_RAW_PRICE_BASIS,False,False
2025-08-20|63800,2025-08-20,63800,10:30,13:45,135,PARTIAL,2,3,,,SCALE_INSUFFICIENT,,True,,,,SCALE_UNAVAILABLE,OBSERVATION_INSUFFICIENT,9,0,0,False,0,0,False,INHERITED_RAW_PRICE_BASIS,False,False
2025-08-20|63800,2025-08-20,63800,10:30,13:50,140,PARTIAL,1,4,,,SCALE_INSUFFICIENT,,True,,,,CURRENT_BAR_UNAVAILABLE,OBSERVATION_INSUFFICIENT,10,0,0,False,0,0,False,INHERITED_RAW_PRICE_BASIS,False,False
2025-08-20|63800,2025-08-20,63800,10:30,13:55,145,UNAVAILABLE,0,5,,,SCALE_INSUFFICIENT,,True,,,,CURRENT_BAR_UNAVAILABLE,OBSERVATION_INSUFFICIENT,9,0,0,False,0,0,False,INHERITED_RAW_PRICE_BASIS,False,False
2025-08-20|63800,2025-08-20,63800,10:30,14:00,150,UNAVAILABLE,0,5,,,SCALE_INSUFFICIENT,,True,,,,CURRENT_BAR_UNAVAILABLE,OBSERVATION_INSUFFICIENT,9,0,0,False,0,0,False,INHERITED_RAW_PRICE_BASIS,False,False
2025-08-20|63800,2025-08-20,63800,10:30,14:05,155,PARTIAL,1,4,,,SCALE_INSUFFICIENT,,True,,,,SCALE_UNAVAILABLE,OBSERVATION_INSUFFICIENT,10,0,0,False,0,0,False,INHERITED_RAW_PRICE_BASIS,False,False
2025-08-20|63800,2025-08-20,63800,10:30,14:10,160,UNAVAILABLE,0,5,,,SCALE_INSUFFICIENT,,True,,,,CURRENT_BAR_UNAVAILABLE,OBSERVATION_INSUFFICIENT,10,0,0,False,0,0,False,INHERITED_RAW_PRICE_BASIS,False,False
2025-08-20|63800,2025-08-20,63800,10:30,14:15,165,UNAVAILABLE,0,5,,,SCALE_INSUFFICIENT,,True,,,,CURRENT_BAR_UNAVAILABLE,OBSERVATION_INSUFFICIENT,10,0,0,False,0,0,False,INHERITED_RAW_PRICE_BASIS,False,False
2025-08-20|63800,2025-08-20,63800,10:30,14:20,170,UNAVAILABLE,0,5,,,SCALE_INSUFFICIENT,,True,,,,CURRENT_BAR_UNAVAILABLE,OBSERVATION_INSUFFICIENT,10,0,0,False,0,0,False,INHERITED_RAW_PRICE_BASIS,False,False
2025-08-20|63800,2025-08-20,63800,10:30,14:25,175,UNAVAILABLE,0,5,,,SCALE_INSUFFICIENT,,True,,,,CURRENT_BAR_UNAVAILABLE,OBSERVATION_INSUFFICIENT,10,0,0,False,0,0,False,INHERITED_RAW_PRICE_BASIS,False,False
2025-08-20|63800,2025-08-20,63800,10:30,14:30,180,UNAVAILABLE,0,5,,,SCALE_INSUFFICIENT,,True,,,,CURRENT_BAR_UNAVAILABLE,OBSERVATION_INSUFFICIENT,10,0,0,False,0,0,False,INHERITED_RAW_PRICE_BASIS,False,False
2025-08-20|63800,2025-08-20,63800,10:30,14:35,185,UNAVAILABLE,0,5,,,SCALE_INSUFFICIENT,,True,,,,CURRENT_BAR_UNAVAILABLE,OBSERVATION_INSUFFICIENT,10,0,0,False,0,0,False,INHERITED_RAW_PRICE_BASIS,False,False
2025-08-20|63800,2025-08-20,63800,10:30,14:40,190,UNAVAILABLE,0,5,,,SCALE_INSUFFICIENT,,True,,,,CURRENT_BAR_UNAVAILABLE,OBSERVATION_INSUFFICIENT,10,0,0,False,0,0,False,INHERITED_RAW_PRICE_BASIS,False,False
2025-08-20|63800,2025-08-20,63800,10:30,14:45,195,UNAVAILABLE,0,5,,,SCALE_INSUFFICIENT,,True,,,,CURRENT_BAR_UNAVAILABLE,OBSERVATION_INSUFFICIENT,10,0,0,False,0,0,False,INHERITED_RAW_PRICE_BASIS,False,False
2025-08-20|63800,2025-08-20,63800,10:30,14:50,200,UNAVAILABLE,0,5,,,SCALE_INSUFFICIENT,,True,,,,CURRENT_BAR_UNAVAILABLE,OBSERVATION_INSUFFICIENT,8,0,0,False,0,0,False,INHERITED_RAW_PRICE_BASIS,False,False
2025-08-20|63800,2025-08-20,63800,10:30,14:55,205,UNAVAILABLE,0,5,,,SCALE_INSUFFICIENT,,True,,,,CURRENT_BAR_UNAVAILABLE,OBSERVATION_INSUFFICIENT,6,0,0,False,0,0,False,INHERITED_RAW_PRICE_BASIS,False,False
2025-08-20|63800,2025-08-20,63800,10:30,15:00,210,PARTIAL,2,3,,,SCALE_INSUFFICIENT,,True,,,,CURRENT_BAR_UNAVAILABLE,OBSERVATION_INSUFFICIENT,8,0,0,False,1,0,False,INHERITED_RAW_PRICE_BASIS,False,False
2025-08-20|63800,2025-08-20,63800,10:30,15:05,215,PARTIAL,2,3,,,SCALE_INSUFFICIENT,,True,,,,CURRENT_BAR_UNAVAILABLE,OBSERVATION_INSUFFICIENT,10,0,0,False,0,0,False,INHERITED_RAW_PRICE_BASIS,False,False
2025-08-20|63800,2025-08-20,63800,10:30,15:10,220,UNAVAILABLE,0,5,,,SCALE_INSUFFICIENT,,True,,,,CURRENT_BAR_UNAVAILABLE,OBSERVATION_INSUFFICIENT,10,0,0,False,0,0,False,INHERITED_RAW_PRICE_BASIS,False,False
2025-08-20|63800,2025-08-20,63800,10:30,15:15,225,UNAVAILABLE,0,5,,,SCALE_INSUFFICIENT,,True,,,,CURRENT_BAR_UNAVAILABLE,OBSERVATION_INSUFFICIENT,9,0,0,False,0,0,False,INHERITED_RAW_PRICE_BASIS,False,False
2025-08-20|63800,2025-08-20,63800,10:30,15:20,230,UNAVAILABLE,0,5,,,SCALE_INSUFFICIENT,,True,,,,CURRENT_BAR_UNAVAILABLE,RIGHT_CENSORED,4,0,0,False,0,0,False,INHERITED_RAW_PRICE_BASIS,False,False
2025-08-20|63800,2025-08-20,63800,10:30,15:25,235,PARTIAL,1,4,,,SCALE_INSUFFICIENT,,True,,,,SCALE_UNAVAILABLE,RIGHT_CENSORED,0,0,0,False,0,0,False,INHERITED_RAW_PRICE_BASIS,False,False
2025-08-20|65740,2025-08-20,65740,13:00,13:00,0,COMPLETE,5,0,DOWN,-0.24415765608650156,PREVIOUS_CONTEXT_UNAVAILABLE,,True,,,,SCALE_UNAVAILABLE,OBSERVATION_INSUFFICIENT,1,0,0,False,4,2,False,INHERITED_RAW_PRICE_BASIS,False,False
2025-08-20|65740,2025-08-20,65740,13:00,13:05,5,PARTIAL,4,1,,,PREVIOUS_CONTEXT_UNAVAILABLE,,True,,,,SCALE_UNAVAILABLE,WINDOW_OBSERVED,0,0,0,False,2,1,False,INHERITED_RAW_PRICE_BASIS,False,False
2025-08-20|65740,2025-08-20,65740,13:00,13:10,10,COMPLETE,5,0,UP,9.369433558959743,PREVIOUS_CONTEXT_UNAVAILABLE,,True,,,,SCALE_UNAVAILABLE,WINDOW_OBSERVED,0,0,0,False,0,0,False,INHERITED_RAW_PRICE_BASIS,False,False
2025-08-20|65740,2025-08-20,65740,13:00,13:15,15,COMPLETE,5,0,DOWN,-0.8156606851549756,PREVIOUS_CONTEXT_UNAVAILABLE,,True,,,RANGE_COMPRESSION|VOLUME_COMPRESSION|TRADING_VALUE_COMPRESSION,SCALE_UNAVAILABLE,WINDOW_OBSERVED,0,0,0,False,0,0,False,INHERITED_RAW_PRICE_BASIS,True,False
2025-08-20|65740,2025-08-20,65740,13:00,13:20,20,COMPLETE,5,0,UP,2.2988505747126435,PREVIOUS_CONTEXT_UNAVAILABLE,,True,,,,SCALE_UNAVAILABLE,WINDOW_OBSERVED,0,0,0,False,0,0,False,INHERITED_RAW_PRICE_BASIS,True,False
2025-08-20|65740,2025-08-20,65740,13:00,13:25,25,COMPLETE,5,0,DOWN,-3.3653846153846154,PREVIOUS_CONTEXT_UNAVAILABLE,,True,,,,SCALE_UNAVAILABLE,WINDOW_OBSERVED,0,0,0,False,0,0,False,INHERITED_RAW_PRICE_BASIS,True,False
2025-08-20|65740,2025-08-20,65740,13:00,13:30,30,COMPLETE,5,0,DOWN,-0.8970099667774086,PREVIOUS_CONTEXT_UNAVAILABLE,,True,,,RANGE_COMPRESSION|VOLUME_COMPRESSION|TRADING_VALUE_COMPRESSION,SCALE_UNAVAILABLE,WINDOW_OBSERVED,0,0,0,False,0,0,False,INHERITED_RAW_PRICE_BASIS,True,False
2025-08-20|65740,2025-08-20,65740,13:00,13:35,35,COMPLETE,5,0,DOWN,-0.46901172529313234,PREVIOUS_CONTEXT_UNAVAILABLE,,True,,,RANGE_COMPRESSION|VOLUME_COMPRESSION|TRADING_VALUE_COMPRESSION,SCALE_UNAVAILABLE,WINDOW_OBSERVED,0,0,0,False,0,0,False,INHERITED_RAW_PRICE_BASIS,True,False
2025-08-20|65740,2025-08-20,65740,13:00,13:40,40,COMPLETE,5,0,DOWN,-0.9761023224503534,PREVIOUS_CONTEXT_UNAVAILABLE,,True,,,RANGE_EXPANSION,SCALE_UNAVAILABLE,WINDOW_OBSERVED,0,0,0,False,0,0,False,INHERITED_RAW_PRICE_BASIS,True,False
2025-08-20|65740,2025-08-20,65740,13:00,13:45,45,COMPLETE,5,0,UP,1.529571719918423,PREVIOUS_CONTEXT_UNAVAILABLE,,True,,,,SCALE_UNAVAILABLE,WINDOW_OBSERVED,0,0,0,False,0,0,False,INHERITED_RAW_PRICE_BASIS,True,False
2025-08-20|65740,2025-08-20,65740,13:00,13:50,50,COMPLETE,5,0,UP,0.6026113157013726,PREVIOUS_CONTEXT_UNAVAILABLE,,True,,,,SCALE_UNAVAILABLE,WINDOW_OBSERVED,0,0,0,False,0,0,False,INHERITED_RAW_PRICE_BASIS,True,False
2025-08-20|65740,2025-08-20,65740,13:00,13:55,55,COMPLETE,5,0,DOWN,-0.33277870216306155,PREVIOUS_CONTEXT_UNAVAILABLE,,True,,,RANGE_COMPRESSION,SCALE_UNAVAILABLE,WINDOW_OBSERVED,0,0,0,False,0,0,False,INHERITED_RAW_PRICE_BASIS,True,False
2025-08-20|65740,2025-08-20,65740,13:00,14:00,60,COMPLETE,5,0,DOWN,-2.3015343562374917,PREVIOUS_CONTEXT_UNAVAILABLE,,True,,,RANGE_EXPANSION,SCALE_UNAVAILABLE,WINDOW_OBSERVED,0,0,0,False,0,0,False,INHERITED_RAW_PRICE_BASIS,True,False
2025-08-20|65740,2025-08-20,65740,13:00,14:05,65,COMPLETE,5,0,DOWN,-1.8777739842949812,PREVIOUS_CONTEXT_UNAVAILABLE,,True,,,,SCALE_UNAVAILABLE,WINDOW_OBSERVED,0,0,0,False,0,0,False,INHERITED_RAW_PRICE_BASIS,True,False
2025-08-20|65740,2025-08-20,65740,13:00,14:10,70,COMPLETE,5,0,DOWN,-0.8,PREVIOUS_CONTEXT_UNAVAILABLE,,True,,,,SCALE_UNAVAILABLE,WINDOW_OBSERVED,0,0,0,False,0,0,False,INHERITED_RAW_PRICE_BASIS,True,False
2025-08-20|65740,2025-08-20,65740,13:00,14:15,75,COMPLETE,5,0,UP,0.45502275113755686,PREVIOUS_CONTEXT_UNAVAILABLE,,True,,,RANGE_COMPRESSION|VOLUME_COMPRESSION|TRADING_VALUE_COMPRESSION,SCALE_UNAVAILABLE,WINDOW_OBSERVED,0,0,0,False,0,0,False,INHERITED_RAW_PRICE_BASIS,True,False
2025-08-20|65740,2025-08-20,65740,13:00,14:20,80,COMPLETE,5,0,UP,0.17415534656913967,PREVIOUS_CONTEXT_UNAVAILABLE,,True,,,,SCALE_UNAVAILABLE,WINDOW_OBSERVED,0,0,0,False,0,0,False,INHERITED_RAW_PRICE_BASIS,True,False
2025-08-20|65740,2025-08-20,65740,13:00,14:25,85,COMPLETE,5,0,DOWN,-0.7314524555903866,PREVIOUS_CONTEXT_UNAVAILABLE,,True,,,RANGE_EXPANSION|VOLUME_EXPANSION|TRADING_VALUE_EXPANSION,SCALE_UNAVAILABLE,WINDOW_OBSERVED,0,0,0,False,0,0,False,INHERITED_RAW_PRICE_BASIS,True,False
2025-08-20|65740,2025-08-20,65740,13:00,14:30,90,COMPLETE,5,0,DOWN,-0.5612065941774815,PREVIOUS_CONTEXT_UNAVAILABLE,,True,,,,SCALE_UNAVAILABLE,WINDOW_OBSERVED,0,0,0,False,0,0,False,INHERITED_RAW_PRICE_BASIS,True,False
2025-08-20|65740,2025-08-20,65740,13:00,14:35,95,COMPLETE,5,0,UP,0.6358177322500883,PREVIOUS_CONTEXT_UNAVAILABLE,,True,,,,SCALE_UNAVAILABLE,WINDOW_OBSERVED,0,0,0,False,0,0,False,INHERITED_RAW_PRICE_BASIS,True,False
2025-08-20|65740,2025-08-20,65740,13:00,14:40,100,COMPLETE,5,0,DOWN,-1.370344342937456,PREVIOUS_CONTEXT_UNAVAILABLE,,True,,,VOLUME_EXPANSION|TRADING_VALUE_EXPANSION,SCALE_UNAVAILABLE,WINDOW_OBSERVED,0,0,0,False,0,0,False,INHERITED_RAW_PRICE_BASIS,True,False
2025-08-20|65740,2025-08-20,65740,13:00,14:45,105,COMPLETE,5,0,DOWN,-0.6780870806566738,PREVIOUS_CONTEXT_UNAVAILABLE,,True,,,RANGE_COMPRESSION,SCALE_UNAVAILABLE,WINDOW_OBSERVED,0,0,0,False,0,0,False,INHERITED_RAW_PRICE_BASIS,True,False
2025-08-20|65740,2025-08-20,65740,13:00,14:50,110,COMPLETE,5,0,DOWN,-0.6097560975609756,PREVIOUS_CONTEXT_UNAVAILABLE,,True,,,,SCALE_UNAVAILABLE,WINDOW_OBSERVED,0,0,0,False,0,0,False,INHERITED_RAW_PRICE_BASIS,True,False
2025-08-20|65740,2025-08-20,65740,13:00,14:55,115,COMPLETE,5,0,DOWN,-0.25225225225225223,PREVIOUS_CONTEXT_UNAVAILABLE,,True,,,,SCALE_UNAVAILABLE,WINDOW_OBSERVED,0,0,0,False,0,0,False,INHERITED_RAW_PRICE_BASIS,True,False
2025-08-20|65740,2025-08-20,65740,13:00,15:00,120,COMPLETE,5,0,DOWN,-0.25371511417180137,PREVIOUS_CONTEXT_UNAVAILABLE,,True,,,VOLUME_COMPRESSION|TRADING_VALUE_COMPRESSION,SCALE_UNAVAILABLE,WINDOW_OBSERVED,0,0,0,False,0,0,False,INHERITED_RAW_PRICE_BASIS,True,False
2025-08-20|65740,2025-08-20,65740,13:00,15:05,125,COMPLETE,5,0,UP,0.5085361423901199,PREVIOUS_CONTEXT_UNAVAILABLE,,True,,,RANGE_EXPANSION|VOLUME_EXPANSION|TRADING_VALUE_EXPANSION,SCALE_UNAVAILABLE,WINDOW_OBSERVED,0,0,0,False,0,0,False,INHERITED_RAW_PRICE_BASIS,True,False
2025-08-20|65740,2025-08-20,65740,13:00,15:10,130,COMPLETE,5,0,DOWN,-0.14482259232440262,PREVIOUS_CONTEXT_UNAVAILABLE,,True,,,RANGE_COMPRESSION|VOLUME_COMPRESSION|TRADING_VALUE_COMPRESSION,SCALE_UNAVAILABLE,WINDOW_OBSERVED,0,0,0,False,0,0,False,INHERITED_RAW_PRICE_BASIS,True,False
2025-08-20|65740,2025-08-20,65740,13:00,15:15,135,COMPLETE,5,0,UP,0.43509789702683105,PREVIOUS_CONTEXT_UNAVAILABLE,,True,,,,SCALE_UNAVAILABLE,WINDOW_OBSERVED,0,0,0,False,0,0,False,INHERITED_RAW_PRICE_BASIS,True,False
2025-08-20|65740,2025-08-20,65740,13:00,15:20,140,COMPLETE,5,0,UP,0.7583965330444203,PREVIOUS_CONTEXT_UNAVAILABLE,,True,,,RANGE_EXPANSION,SCALE_UNAVAILABLE,RIGHT_CENSORED,0,0,0,False,0,0,False,INHERITED_RAW_PRICE_BASIS,True,False
2025-08-20|65740,2025-08-20,65740,13:00,15:25,145,COMPLETE,5,0,DOWN,-1.4331780723754926,PREVIOUS_CONTEXT_UNAVAILABLE,,True,,,RANGE_EXPANSION|VOLUME_EXPANSION|TRADING_VALUE_EXPANSION,SCALE_UNAVAILABLE,RIGHT_CENSORED,0,0,0,False,0,0,False,INHERITED_RAW_PRICE_BASIS,True,False
2025-08-20|70210,2025-08-20,70210,14:00,14:00,0,PARTIAL,1,4,,,SCALE_INSUFFICIENT,,True,,,,CURRENT_BAR_UNAVAILABLE,OBSERVATION_INSUFFICIENT,10,0,0,False,0,0,False,INHERITED_RAW_PRICE_BASIS,False,False
2025-08-20|70210,2025-08-20,70210,14:00,14:05,5,UNAVAILABLE,0,5,,,SCALE_INSUFFICIENT,,True,,,,CURRENT_BAR_UNAVAILABLE,OBSERVATION_INSUFFICIENT,9,0,0,False,0,0,False,INHERITED_RAW_PRICE_BASIS,False,False
2025-08-20|70210,2025-08-20,70210,14:00,14:10,10,UNAVAILABLE,0,5,,,SCALE_INSUFFICIENT,,True,,,,CURRENT_BAR_UNAVAILABLE,OBSERVATION_INSUFFICIENT,8,0,0,False,0,0,False,INHERITED_RAW_PRICE_BASIS,False,False
2025-08-20|70210,2025-08-20,70210,14:00,14:15,15,PARTIAL,1,4,,,SCALE_INSUFFICIENT,,True,,,,SCALE_UNAVAILABLE,OBSERVATION_INSUFFICIENT,8,0,0,False,0,0,False,INHERITED_RAW_PRICE_BASIS,False,False
2025-08-20|70210,2025-08-20,70210,14:00,14:20,20,PARTIAL,1,4,,,SCALE_INSUFFICIENT,,True,,,,CURRENT_BAR_UNAVAILABLE,OBSERVATION_INSUFFICIENT,9,0,0,False,0,0,False,INHERITED_RAW_PRICE_BASIS,False,False
2025-08-20|70210,2025-08-20,70210,14:00,14:25,25,PARTIAL,1,4,,,SCALE_INSUFFICIENT,,True,,,,SCALE_UNAVAILABLE,OBSERVATION_INSUFFICIENT,9,0,0,False,0,0,False,INHERITED_RAW_PRICE_BASIS,False,False
2025-08-20|70210,2025-08-20,70210,14:00,14:30,30,UNAVAILABLE,0,5,,,SCALE_INSUFFICIENT,,True,,,,CURRENT_BAR_UNAVAILABLE,OBSERVATION_INSUFFICIENT,9,0,0,False,0,0,False,INHERITED_RAW_PRICE_BASIS,False,False
2025-08-20|70210,2025-08-20,70210,14:00,14:35,35,PARTIAL,1,4,,,SCALE_INSUFFICIENT,,True,,,,CURRENT_BAR_UNAVAILABLE,OBSERVATION_INSUFFICIENT,10,0,0,False,0,0,False,INHERITED_RAW_PRICE_BASIS,False,False
2025-08-20|70210,2025-08-20,70210,14:00,14:40,40,UNAVAILABLE,0,5,,,SCALE_INSUFFICIENT,,True,,,,CURRENT_BAR_UNAVAILABLE,OBSERVATION_INSUFFICIENT,10,0,0,False,0,0,False,INHERITED_RAW_PRICE_BASIS,False,False
2025-08-20|70210,2025-08-20,70210,14:00,14:45,45,UNAVAILABLE,0,5,,,SCALE_INSUFFICIENT,,True,,,,CURRENT_BAR_UNAVAILABLE,OBSERVATION_INSUFFICIENT,9,0,0,False,0,0,False,INHERITED_RAW_PRICE_BASIS,False,False
2025-08-20|70210,2025-08-20,70210,14:00,14:50,50,UNAVAILABLE,0,5,,,SCALE_INSUFFICIENT,,True,,,,CURRENT_BAR_UNAVAILABLE,OBSERVATION_INSUFFICIENT,9,0,0,False,0,0,False,INHERITED_RAW_PRICE_BASIS,False,False
2025-08-20|70210,2025-08-20,70210,14:00,14:55,55,PARTIAL,1,4,,,SCALE_INSUFFICIENT,,True,,,,CURRENT_BAR_UNAVAILABLE,OBSERVATION_INSUFFICIENT,10,0,0,False,0,0,False,INHERITED_RAW_PRICE_BASIS,False,False
2025-08-20|70210,2025-08-20,70210,14:00,15:00,60,UNAVAILABLE,0,5,,,SCALE_INSUFFICIENT,,True,,,,CURRENT_BAR_UNAVAILABLE,OBSERVATION_INSUFFICIENT,10,0,0,False,0,0,False,INHERITED_RAW_PRICE_BASIS,False,False
2025-08-20|70210,2025-08-20,70210,14:00,15:05,65,UNAVAILABLE,0,5,,,SCALE_INSUFFICIENT,,True,,,,CURRENT_BAR_UNAVAILABLE,OBSERVATION_INSUFFICIENT,9,0,0,False,0,0,False,INHERITED_RAW_PRICE_BASIS,False,False
2025-08-20|70210,2025-08-20,70210,14:00,15:10,70,UNAVAILABLE,0,5,,,SCALE_INSUFFICIENT,,True,,,,CURRENT_BAR_UNAVAILABLE,OBSERVATION_INSUFFICIENT,9,0,0,False,0,0,False,INHERITED_RAW_PRICE_BASIS,False,False
2025-08-20|70210,2025-08-20,70210,14:00,15:15,75,PARTIAL,1,4,,,SCALE_INSUFFICIENT,,True,,,,CURRENT_BAR_UNAVAILABLE,OBSERVATION_INSUFFICIENT,10,0,0,False,0,0,False,INHERITED_RAW_PRICE_BASIS,False,False
2025-08-20|70210,2025-08-20,70210,14:00,15:20,80,UNAVAILABLE,0,5,,,SCALE_INSUFFICIENT,,True,,,,CURRENT_BAR_UNAVAILABLE,RIGHT_CENSORED,5,0,0,False,0,0,False,INHERITED_RAW_PRICE_BASIS,False,False
2025-08-20|70210,2025-08-20,70210,14:00,15:25,85,UNAVAILABLE,0,5,,,SCALE_INSUFFICIENT,,True,,,,CURRENT_BAR_UNAVAILABLE,RIGHT_CENSORED,0,0,0,False,0,0,False,INHERITED_RAW_PRICE_BASIS,False,False
2025-08-20|70660,2025-08-20,70660,11:30,11:30,0,COMPLETE,5,0,DOWN,-0.4608294930875576,SCALE_INSUFFICIENT,,True,,,,SCALE_UNAVAILABLE,WINDOW_OBSERVED,0,0,0,False,0,0,False,INHERITED_RAW_PRICE_BASIS,False,False
2025-08-20|70660,2025-08-20,70660,11:30,12:35,5,COMPLETE,5,0,DOWN,-0.15220700152207,SCALE_INSUFFICIENT,,True,,,,SCALE_UNAVAILABLE,WINDOW_OBSERVED,0,0,0,False,0,0,False,INHERITED_RAW_PRICE_BASIS,True,False
2025-08-20|70660,2025-08-20,70660,11:30,12:40,10,COMPLETE,5,0,DOWN,-0.303951367781155,SCALE_INSUFFICIENT,,True,,,,SCALE_UNAVAILABLE,OBSERVATION_INSUFFICIENT,1,0,0,False,0,0,False,INHERITED_RAW_PRICE_BASIS,True,False
2025-08-20|70660,2025-08-20,70660,11:30,12:45,15,COMPLETE,5,0,UP,0.7621951219512195,SCALE_INSUFFICIENT,,True,,,VOLUME_EXPANSION|TRADING_VALUE_EXPANSION,SCALE_UNAVAILABLE,OBSERVATION_INSUFFICIENT,2,0,0,False,0,0,False,INHERITED_RAW_PRICE_BASIS,True,False
2025-08-20|70660,2025-08-20,70660,11:30,12:50,20,PARTIAL,4,1,,,SCALE_INSUFFICIENT,,True,,,,SCALE_UNAVAILABLE,OBSERVATION_INSUFFICIENT,2,0,0,False,0,0,False,INHERITED_RAW_PRICE_BASIS,False,False
2025-08-20|70660,2025-08-20,70660,11:30,12:55,25,PARTIAL,4,1,,,SCALE_INSUFFICIENT,,True,,,,SCALE_UNAVAILABLE,OBSERVATION_INSUFFICIENT,3,0,0,False,0,0,False,INHERITED_RAW_PRICE_BASIS,False,False
2025-08-20|70660,2025-08-20,70660,11:30,13:00,30,PARTIAL,4,1,,,SCALE_INSUFFICIENT,,True,,,,CURRENT_BAR_UNAVAILABLE,OBSERVATION_INSUFFICIENT,2,0,0,False,0,0,False,INHERITED_RAW_PRICE_BASIS,False,False
2025-08-20|70660,2025-08-20,70660,11:30,13:05,35,PARTIAL,3,2,,,SCALE_INSUFFICIENT,,True,,,,SCALE_UNAVAILABLE,OBSERVATION_INSUFFICIENT,1,0,0,False,0,0,False,INHERITED_RAW_PRICE_BASIS,False,False
2025-08-20|70660,2025-08-20,70660,11:30,13:10,40,COMPLETE,5,0,UP,0.7598784194528876,SCALE_INSUFFICIENT,,True,,,,SCALE_UNAVAILABLE,OBSERVATION_INSUFFICIENT,1,0,0,False,0,0,False,INHERITED_RAW_PRICE_BASIS,False,False
2025-08-20|70660,2025-08-20,70660,11:30,13:15,45,PARTIAL,4,1,,,SCALE_INSUFFICIENT,,True,,,,CURRENT_BAR_UNAVAILABLE,OBSERVATION_INSUFFICIENT,1,0,0,False,0,0,False,INHERITED_RAW_PRICE_BASIS,False,False
2025-08-20|70660,2025-08-20,70660,11:30,13:20,50,COMPLETE,5,0,UP,1.2084592145015105,SCALE_INSUFFICIENT,,True,,,,SCALE_UNAVAILABLE,OBSERVATION_INSUFFICIENT,1,0,0,False,0,0,False,INHERITED_RAW_PRICE_BASIS,False,False
2025-08-20|70660,2025-08-20,70660,11:30,13:25,55,PARTIAL,4,1,,,SCALE_INSUFFICIENT,,True,,,,SCALE_UNAVAILABLE,OBSERVATION_INSUFFICIENT,1,0,0,False,0,0,False,INHERITED_RAW_PRICE_BASIS,False,False
2025-08-20|70660,2025-08-20,70660,11:30,13:30,60,COMPLETE,5,0,UNCHANGED,0.0,SCALE_INSUFFICIENT,,True,,,,SCALE_UNAVAILABLE,OBSERVATION_INSUFFICIENT,2,0,0,False,0,0,False,INHERITED_RAW_PRICE_BASIS,False,False
2025-08-20|70660,2025-08-20,70660,11:30,13:35,65,PARTIAL,4,1,,,SCALE_INSUFFICIENT,,True,,,,SCALE_UNAVAILABLE,OBSERVATION_INSUFFICIENT,3,0,0,False,0,0,False,INHERITED_RAW_PRICE_BASIS,False,False
2025-08-20|70660,2025-08-20,70660,11:30,13:40,70,PARTIAL,4,1,,,SCALE_INSUFFICIENT,,True,,,,SCALE_UNAVAILABLE,OBSERVATION_INSUFFICIENT,5,0,0,False,0,0,False,INHERITED_RAW_PRICE_BASIS,False,False
2025-08-20|70660,2025-08-20,70660,11:30,13:45,75,PARTIAL,3,2,,,SCALE_INSUFFICIENT,,True,,,,CURRENT_BAR_UNAVAILABLE,OBSERVATION_INSUFFICIENT,5,0,0,False,0,0,False,INHERITED_RAW_PRICE_BASIS,False,False
2025-08-20|70660,2025-08-20,70660,11:30,13:50,80,PARTIAL,2,3,,,SCALE_INSUFFICIENT,,True,,,,CURRENT_BAR_UNAVAILABLE,OBSERVATION_INSUFFICIENT,2,0,0,False,0,0,False,INHERITED_RAW_PRICE_BASIS,False,False
2025-08-20|70660,2025-08-20,70660,11:30,13:55,85,PARTIAL,3,2,,,SCALE_INSUFFICIENT,,True,,,,CURRENT_BAR_UNAVAILABLE,OBSERVATION_INSUFFICIENT,2,0,0,False,0,0,False,INHERITED_RAW_PRICE_BASIS,False,False
2025-08-20|70660,2025-08-20,70660,11:30,14:00,90,COMPLETE,5,0,UP,1.0432190760059612,SCALE_INSUFFICIENT,,True,,,,SCALE_UNAVAILABLE,OBSERVATION_INSUFFICIENT,5,0,0,False,0,0,False,INHERITED_RAW_PRICE_BASIS,False,False
2025-08-20|70660,2025-08-20,70660,11:30,14:05,95,PARTIAL,3,2,,,SCALE_INSUFFICIENT,,True,,,,SCALE_UNAVAILABLE,OBSERVATION_INSUFFICIENT,3,0,0,False,0,0,False,INHERITED_RAW_PRICE_BASIS,False,False
2025-08-20|70660,2025-08-20,70660,11:30,14:10,100,PARTIAL,2,3,,,SCALE_INSUFFICIENT,,True,,,,SCALE_UNAVAILABLE,WINDOW_OBSERVED,0,0,0,False,0,0,False,INHERITED_RAW_PRICE_BASIS,False,False
2025-08-20|70660,2025-08-20,70660,11:30,14:15,105,COMPLETE,5,0,UP,1.0324483775811208,SCALE_INSUFFICIENT,,True,,,,SCALE_UNAVAILABLE,WINDOW_OBSERVED,0,0,0,False,0,0,False,INHERITED_RAW_PRICE_BASIS,False,False
2025-08-20|70660,2025-08-20,70660,11:30,14:20,110,COMPLETE,5,0,UP,0.5822416302765647,SCALE_INSUFFICIENT,,True,,,,SCALE_UNAVAILABLE,WINDOW_OBSERVED,0,0,0,False,1,1,False,INHERITED_RAW_PRICE_BASIS,True,False
2025-08-20|70660,2025-08-20,70660,11:30,14:25,115,COMPLETE,5,0,DOWN,-0.7225433526011561,SCALE_INSUFFICIENT,,True,,,VOLUME_COMPRESSION|TRADING_VALUE_COMPRESSION,SCALE_UNAVAILABLE,WINDOW_OBSERVED,0,0,0,False,0,1,False,INHERITED_RAW_PRICE_BASIS,True,False
2025-08-20|70660,2025-08-20,70660,11:30,14:30,120,COMPLETE,5,0,UP,0.436046511627907,SCALE_INSUFFICIENT,,True,,,,SCALE_UNAVAILABLE,WINDOW_OBSERVED,0,0,0,False,0,0,False,INHERITED_RAW_PRICE_BASIS,True,False
2025-08-20|70660,2025-08-20,70660,11:30,14:35,125,COMPLETE,5,0,DOWN,-0.1447178002894356,SCALE_INSUFFICIENT,,True,,,RANGE_COMPRESSION|VOLUME_COMPRESSION|TRADING_VALUE_COMPRESSION,SCALE_UNAVAILABLE,OBSERVATION_INSUFFICIENT,1,0,0,False,0,0,False,INHERITED_RAW_PRICE_BASIS,True,False
2025-08-20|70660,2025-08-20,70660,11:30,14:40,130,COMPLETE,5,0,DOWN,-0.14492753623188406,SCALE_INSUFFICIENT,,True,,,RANGE_COMPRESSION,SCALE_UNAVAILABLE,OBSERVATION_INSUFFICIENT,1,0,0,False,0,0,False,INHERITED_RAW_PRICE_BASIS,True,False
2025-08-20|70660,2025-08-20,70660,11:30,14:45,135,PARTIAL,4,1,,,SCALE_INSUFFICIENT,,True,,,,SCALE_UNAVAILABLE,WINDOW_OBSERVED,0,0,0,False,0,0,False,INHERITED_RAW_PRICE_BASIS,False,False
2025-08-20|70660,2025-08-20,70660,11:30,14:50,140,COMPLETE,5,0,UP,0.2894356005788712,SCALE_INSUFFICIENT,,True,,,,SCALE_UNAVAILABLE,OBSERVATION_INSUFFICIENT,1,0,0,False,4,3,False,INHERITED_RAW_PRICE_BASIS,False,False
2025-08-20|70660,2025-08-20,70660,11:30,14:55,145,COMPLETE,5,0,DOWN,-1.4388489208633093,SCALE_INSUFFICIENT,,True,,,VOLUME_COMPRESSION|TRADING_VALUE_COMPRESSION,SCALE_UNAVAILABLE,OBSERVATION_INSUFFICIENT,2,0,0,False,0,0,False,INHERITED_RAW_PRICE_BASIS,True,False
2025-08-20|70660,2025-08-20,70660,11:30,15:00,150,PARTIAL,4,1,,,SCALE_INSUFFICIENT,,True,,,,SCALE_UNAVAILABLE,OBSERVATION_INSUFFICIENT,3,0,0,False,0,0,False,INHERITED_RAW_PRICE_BASIS,False,False
2025-08-20|70660,2025-08-20,70660,11:30,15:05,155,PARTIAL,4,1,,,SCALE_INSUFFICIENT,,True,,,,CURRENT_BAR_UNAVAILABLE,OBSERVATION_INSUFFICIENT,2,0,0,False,0,0,False,INHERITED_RAW_PRICE_BASIS,False,False
2025-08-20|70660,2025-08-20,70660,11:30,15:10,160,PARTIAL,3,2,,,SCALE_INSUFFICIENT,,True,,,,SCALE_UNAVAILABLE,WINDOW_OBSERVED,0,0,0,False,0,0,False,INHERITED_RAW_PRICE_BASIS,False,False
2025-08-20|70660,2025-08-20,70660,11:30,15:15,165,COMPLETE,5,0,UNCHANGED,0.0,SCALE_INSUFFICIENT,,True,,,,SCALE_UNAVAILABLE,WINDOW_OBSERVED,0,0,0,False,0,0,False,INHERITED_RAW_PRICE_BASIS,False,False
2025-08-20|70660,2025-08-20,70660,11:30,15:20,170,COMPLETE,5,0,DOWN,-1.3157894736842106,SCALE_INSUFFICIENT,,True,,,RANGE_EXPANSION|VOLUME_EXPANSION|TRADING_VALUE_EXPANSION,SCALE_UNAVAILABLE,RIGHT_CENSORED,0,0,0,False,0,0,False,INHERITED_RAW_PRICE_BASIS,True,False
2025-08-20|70660,2025-08-20,70660,11:30,15:25,175,COMPLETE,5,0,DOWN,-0.2962962962962963,SCALE_INSUFFICIENT,,True,,,,SCALE_UNAVAILABLE,RIGHT_CENSORED,0,0,0,False,0,0,False,INHERITED_RAW_PRICE_BASIS,True,False
2025-08-20|71100,2025-08-20,71100,15:00,15:00,0,PARTIAL,3,2,,,SCALE_INSUFFICIENT,,True,,,,SCALE_UNAVAILABLE,OBSERVATION_INSUFFICIENT,10,0,0,False,0,0,False,INHERITED_RAW_PRICE_BASIS,False,False
2025-08-20|71100,2025-08-20,71100,15:00,15:05,5,UNAVAILABLE,0,5,,,SCALE_INSUFFICIENT,,True,,,,CURRENT_BAR_UNAVAILABLE,OBSERVATION_INSUFFICIENT,10,0,0,False,0,0,False,INHERITED_RAW_PRICE_BASIS,False,False
2025-08-20|71100,2025-08-20,71100,15:00,15:10,10,UNAVAILABLE,0,5,,,SCALE_INSUFFICIENT,,True,,,,CURRENT_BAR_UNAVAILABLE,OBSERVATION_INSUFFICIENT,9,0,0,False,0,0,False,INHERITED_RAW_PRICE_BASIS,False,False
2025-08-20|71100,2025-08-20,71100,15:00,15:15,15,UNAVAILABLE,0,5,,,SCALE_INSUFFICIENT,,True,,,,CURRENT_BAR_UNAVAILABLE,OBSERVATION_INSUFFICIENT,8,0,0,False,0,0,False,INHERITED_RAW_PRICE_BASIS,False,False
2025-08-20|71100,2025-08-20,71100,15:00,15:20,20,PARTIAL,1,4,,,SCALE_INSUFFICIENT,,True,,,,CURRENT_BAR_UNAVAILABLE,RIGHT_CENSORED,4,0,0,False,0,0,False,INHERITED_RAW_PRICE_BASIS,False,False
2025-08-20|71100,2025-08-20,71100,15:00,15:25,25,PARTIAL,1,4,,,SCALE_INSUFFICIENT,,True,,,,CURRENT_BAR_UNAVAILABLE,RIGHT_CENSORED,0,0,0,False,0,0,False,INHERITED_RAW_PRICE_BASIS,False,False
2025-08-20|72150,2025-08-20,72150,14:00,14:00,0,PARTIAL,1,4,,,SCALE_INSUFFICIENT,,True,,,,CURRENT_BAR_UNAVAILABLE,OBSERVATION_INSUFFICIENT,10,0,0,False,0,0,False,INHERITED_RAW_PRICE_BASIS,False,False
2025-08-20|72150,2025-08-20,72150,14:00,14:05,5,UNAVAILABLE,0,5,,,SCALE_INSUFFICIENT,,True,,,,CURRENT_BAR_UNAVAILABLE,OBSERVATION_INSUFFICIENT,10,0,0,False,0,0,False,INHERITED_RAW_PRICE_BASIS,False,False
2025-08-20|72150,2025-08-20,72150,14:00,14:10,10,UNAVAILABLE,0,5,,,SCALE_INSUFFICIENT,,True,,,,CURRENT_BAR_UNAVAILABLE,OBSERVATION_INSUFFICIENT,10,0,0,False,0,0,False,INHERITED_RAW_PRICE_BASIS,False,False
2025-08-20|72150,2025-08-20,72150,14:00,14:15,15,UNAVAILABLE,0,5,,,SCALE_INSUFFICIENT,,True,,,,CURRENT_BAR_UNAVAILABLE,OBSERVATION_INSUFFICIENT,10,0,0,False,0,0,False,INHERITED_RAW_PRICE_BASIS,False,False
2025-08-20|72150,2025-08-20,72150,14:00,14:20,20,UNAVAILABLE,0,5,,,SCALE_INSUFFICIENT,,True,,,,CURRENT_BAR_UNAVAILABLE,OBSERVATION_INSUFFICIENT,10,0,0,False,0,0,False,INHERITED_RAW_PRICE_BASIS,False,False
2025-08-20|72150,2025-08-20,72150,14:00,14:25,25,UNAVAILABLE,0,5,,,SCALE_INSUFFICIENT,,True,,,,CURRENT_BAR_UNAVAILABLE,OBSERVATION_INSUFFICIENT,10,0,0,False,0,0,False,INHERITED_RAW_PRICE_BASIS,False,False
2025-08-20|72150,2025-08-20,72150,14:00,14:30,30,UNAVAILABLE,0,5,,,SCALE_INSUFFICIENT,,True,,,,CURRENT_BAR_UNAVAILABLE,OBSERVATION_INSUFFICIENT,10,0,0,False,0,0,False,INHERITED_RAW_PRICE_BASIS,False,False
2025-08-20|72150,2025-08-20,72150,14:00,14:35,35,UNAVAILABLE,0,5,,,SCALE_INSUFFICIENT,,True,,,,CURRENT_BAR_UNAVAILABLE,OBSERVATION_INSUFFICIENT,10,0,0,False,0,0,False,INHERITED_RAW_PRICE_BASIS,False,False
2025-08-20|72150,2025-08-20,72150,14:00,14:40,40,UNAVAILABLE,0,5,,,SCALE_INSUFFICIENT,,True,,,,CURRENT_BAR_UNAVAILABLE,OBSERVATION_INSUFFICIENT,10,0,0,False,0,0,False,INHERITED_RAW_PRICE_BASIS,False,False
2025-08-20|72150,2025-08-20,72150,14:00,14:45,45,UNAVAILABLE,0,5,,,SCALE_INSUFFICIENT,,True,,,,CURRENT_BAR_UNAVAILABLE,OBSERVATION_INSUFFICIENT,10,0,0,False,0,0,False,INHERITED_RAW_PRICE_BASIS,False,False
2025-08-20|72150,2025-08-20,72150,14:00,14:50,50,UNAVAILABLE,0,5,,,SCALE_INSUFFICIENT,,True,,,,CURRENT_BAR_UNAVAILABLE,OBSERVATION_INSUFFICIENT,9,0,0,False,0,0,False,INHERITED_RAW_PRICE_BASIS,False,False
2025-08-20|72150,2025-08-20,72150,14:00,14:55,55,UNAVAILABLE,0,5,,,SCALE_INSUFFICIENT,,True,,,,CURRENT_BAR_UNAVAILABLE,OBSERVATION_INSUFFICIENT,9,0,0,False,0,0,False,INHERITED_RAW_PRICE_BASIS,False,False
2025-08-20|72150,2025-08-20,72150,14:00,15:00,60,PARTIAL,1,4,,,SCALE_INSUFFICIENT,,True,,,,CURRENT_BAR_UNAVAILABLE,OBSERVATION_INSUFFICIENT,9,0,0,False,0,0,False,INHERITED_RAW_PRICE_BASIS,False,False
2025-08-20|72150,2025-08-20,72150,14:00,15:05,65,UNAVAILABLE,0,5,,,SCALE_INSUFFICIENT,,True,,,,CURRENT_BAR_UNAVAILABLE,OBSERVATION_INSUFFICIENT,9,0,0,False,0,0,False,INHERITED_RAW_PRICE_BASIS,False,False
2025-08-20|72150,2025-08-20,72150,14:00,15:10,70,PARTIAL,1,4,,,SCALE_INSUFFICIENT,,True,,,,CURRENT_BAR_UNAVAILABLE,OBSERVATION_INSUFFICIENT,10,0,0,False,0,0,False,INHERITED_RAW_PRICE_BASIS,False,False
2025-08-20|72150,2025-08-20,72150,14:00,15:15,75,UNAVAILABLE,0,5,,,SCALE_INSUFFICIENT,,True,,,,CURRENT_BAR_UNAVAILABLE,OBSERVATION_INSUFFICIENT,10,0,0,False,0,0,False,INHERITED_RAW_PRICE_BASIS,False,False
2025-08-20|72150,2025-08-20,72150,14:00,15:20,80,UNAVAILABLE,0,5,,,SCALE_INSUFFICIENT,,True,,,,CURRENT_BAR_UNAVAILABLE,RIGHT_CENSORED,5,0,0,False,0,0,False,INHERITED_RAW_PRICE_BASIS,False,False
2025-08-20|72150,2025-08-20,72150,14:00,15:25,85,UNAVAILABLE,0,5,,,SCALE_INSUFFICIENT,,True,,,,CURRENT_BAR_UNAVAILABLE,RIGHT_CENSORED,0,0,0,False,0,0,False,INHERITED_RAW_PRICE_BASIS,False,False
2025-08-20|74620,2025-08-20,74620,13:30,13:30,0,PARTIAL,2,3,,,SCALE_INSUFFICIENT,,True,,,,SCALE_UNAVAILABLE,OBSERVATION_INSUFFICIENT,7,0,0,False,1,1,False,INHERITED_RAW_PRICE_BASIS,False,False
2025-08-20|74620,2025-08-20,74620,13:30,13:35,5,PARTIAL,1,4,,,SCALE_INSUFFICIENT,,True,,,,CURRENT_BAR_UNAVAILABLE,OBSERVATION_INSUFFICIENT,5,0,0,False,0,0,False,INHERITED_RAW_PRICE_BASIS,False,False
2025-08-20|74620,2025-08-20,74620,13:30,13:40,10,PARTIAL,2,3,,,SCALE_INSUFFICIENT,,True,,,,CURRENT_BAR_UNAVAILABLE,OBSERVATION_INSUFFICIENT,5,0,0,False,0,0,False,INHERITED_RAW_PRICE_BASIS,False,False
2025-08-20|74620,2025-08-20,74620,13:30,13:45,15,PARTIAL,3,2,,,SCALE_INSUFFICIENT,,True,,,,CURRENT_BAR_UNAVAILABLE,OBSERVATION_INSUFFICIENT,7,0,0,False,0,0,False,INHERITED_RAW_PRICE_BASIS,False,False
2025-08-20|74620,2025-08-20,74620,13:30,13:50,20,PARTIAL,2,3,,,SCALE_INSUFFICIENT,,True,,,,CURRENT_BAR_UNAVAILABLE,OBSERVATION_INSUFFICIENT,9,0,0,False,0,0,False,INHERITED_RAW_PRICE_BASIS,False,False
2025-08-20|74620,2025-08-20,74620,13:30,13:55,25,PARTIAL,1,4,,,SCALE_INSUFFICIENT,,True,,,,CURRENT_BAR_UNAVAILABLE,OBSERVATION_INSUFFICIENT,7,0,0,False,0,0,False,INHERITED_RAW_PRICE_BASIS,False,False
2025-08-20|74620,2025-08-20,74620,13:30,14:00,30,UNAVAILABLE,0,5,,,SCALE_INSUFFICIENT,,True,,,,CURRENT_BAR_UNAVAILABLE,OBSERVATION_INSUFFICIENT,6,0,0,False,0,0,False,INHERITED_RAW_PRICE_BASIS,False,False
2025-08-20|74620,2025-08-20,74620,13:30,14:05,35,PARTIAL,3,2,,,SCALE_INSUFFICIENT,,True,,,,CURRENT_BAR_UNAVAILABLE,OBSERVATION_INSUFFICIENT,9,0,0,False,0,0,False,INHERITED_RAW_PRICE_BASIS,False,False
2025-08-20|74620,2025-08-20,74620,13:30,14:10,40,PARTIAL,1,4,,,SCALE_INSUFFICIENT,,True,,,,CURRENT_BAR_UNAVAILABLE,OBSERVATION_INSUFFICIENT,5,0,0,False,0,0,False,INHERITED_RAW_PRICE_BASIS,False,False
2025-08-20|74620,2025-08-20,74620,13:30,14:15,45,UNAVAILABLE,0,5,,,SCALE_INSUFFICIENT,,True,,,,CURRENT_BAR_UNAVAILABLE,OBSERVATION_INSUFFICIENT,2,0,0,False,0,0,False,INHERITED_RAW_PRICE_BASIS,False,False
2025-08-20|74620,2025-08-20,74620,13:30,14:20,50,COMPLETE,5,0,UP,0.7092198581560284,SCALE_INSUFFICIENT,,True,,,,SCALE_UNAVAILABLE,OBSERVATION_INSUFFICIENT,7,0,0,False,0,2,False,INHERITED_RAW_PRICE_BASIS,False,False
2025-08-20|74620,2025-08-20,74620,13:30,14:25,55,PARTIAL,3,2,,,SCALE_INSUFFICIENT,,True,,,,CURRENT_BAR_UNAVAILABLE,OBSERVATION_INSUFFICIENT,6,0,0,False,0,0,False,INHERITED_RAW_PRICE_BASIS,False,False
2025-08-20|74620,2025-08-20,74620,13:30,14:30,60,UNAVAILABLE,0,5,,,SCALE_INSUFFICIENT,,True,,,,CURRENT_BAR_UNAVAILABLE,OBSERVATION_INSUFFICIENT,1,0,0,False,0,0,False,INHERITED_RAW_PRICE_BASIS,False,False
2025-08-20|74620,2025-08-20,74620,13:30,14:35,65,PARTIAL,4,1,,,SCALE_INSUFFICIENT,,True,,,,SCALE_UNAVAILABLE,OBSERVATION_INSUFFICIENT,1,0,0,False,0,0,False,INHERITED_RAW_PRICE_BASIS,False,False
2025-08-20|74620,2025-08-20,74620,13:30,14:40,70,COMPLETE,5,0,DOWN,-0.954653937947494,SCALE_INSUFFICIENT,,True,,,,SCALE_UNAVAILABLE,OBSERVATION_INSUFFICIENT,4,0,0,False,2,3,False,INHERITED_RAW_PRICE_BASIS,False,False
2025-08-20|74620,2025-08-20,74620,13:30,14:45,75,PARTIAL,4,1,,,SCALE_INSUFFICIENT,,True,,,,CURRENT_BAR_UNAVAILABLE,OBSERVATION_INSUFFICIENT,6,0,0,False,0,2,False,INHERITED_RAW_PRICE_BASIS,False,False
2025-08-20|74620,2025-08-20,74620,13:30,14:50,80,PARTIAL,2,3,,,SCALE_INSUFFICIENT,,True,,,,SCALE_UNAVAILABLE,OBSERVATION_INSUFFICIENT,4,0,0,False,0,0,False,INHERITED_RAW_PRICE_BASIS,False,False
2025-08-20|74620,2025-08-20,74620,13:30,14:55,85,PARTIAL,2,3,,,SCALE_INSUFFICIENT,,True,,,,CURRENT_BAR_UNAVAILABLE,OBSERVATION_INSUFFICIENT,4,0,0,False,0,0,False,INHERITED_RAW_PRICE_BASIS,False,False
2025-08-20|74620,2025-08-20,74620,13:30,15:00,90,PARTIAL,4,1,,,SCALE_INSUFFICIENT,,True,,,,SCALE_UNAVAILABLE,OBSERVATION_INSUFFICIENT,7,0,0,False,0,0,False,INHERITED_RAW_PRICE_BASIS,False,False
2025-08-20|74620,2025-08-20,74620,13:30,15:05,95,PARTIAL,2,3,,,SCALE_INSUFFICIENT,,True,,,,CURRENT_BAR_UNAVAILABLE,OBSERVATION_INSUFFICIENT,8,0,0,False,0,0,False,INHERITED_RAW_PRICE_BASIS,False,False
2025-08-20|74620,2025-08-20,74620,13:30,15:10,100,PARTIAL,1,4,,,SCALE_INSUFFICIENT,,True,,,,CURRENT_BAR_UNAVAILABLE,OBSERVATION_INSUFFICIENT,9,0,0,False,0,0,False,INHERITED_RAW_PRICE_BASIS,False,False
2025-08-20|74620,2025-08-20,74620,13:30,15:15,105,PARTIAL,1,4,,,SCALE_INSUFFICIENT,,True,,,,SCALE_UNAVAILABLE,OBSERVATION_INSUFFICIENT,8,0,0,False,0,0,False,INHERITED_RAW_PRICE_BASIS,False,False
2025-08-20|74620,2025-08-20,74620,13:30,15:20,110,UNAVAILABLE,0,5,,,SCALE_INSUFFICIENT,,True,,,,CURRENT_BAR_UNAVAILABLE,RIGHT_CENSORED,3,0,0,False,0,0,False,INHERITED_RAW_PRICE_BASIS,False,False
2025-08-20|74620,2025-08-20,74620,13:30,15:25,115,PARTIAL,2,3,,,SCALE_INSUFFICIENT,,True,,,,SCALE_UNAVAILABLE,RIGHT_CENSORED,0,0,0,False,0,0,False,INHERITED_RAW_PRICE_BASIS,False,False
2025-08-20|75710,2025-08-20,75710,10:30,10:30,0,COMPLETE,5,0,DOWN,-0.6493506493506493,AVAILABLE,1.5,True,DOWN_STRUCTURE,PROGRESSION,CHOPPINESS|RANGE_COMPRESSION|VOLUME_COMPRESSION|TRADING_VALUE_COMPRESSION,IDENTIFIED,WINDOW_OBSERVED,0,0,16,False,0,1,True,INHERITED_RAW_PRICE_BASIS,False,False
2025-08-20|75710,2025-08-20,75710,10:30,10:35,5,COMPLETE,5,0,DOWN,-0.6535947712418301,AVAILABLE,1.5,True,DOWN_STRUCTURE,PROGRESSION,CHOPPINESS|VOLUME_EXPANSION|TRADING_VALUE_EXPANSION,IDENTIFIED,OBSERVATION_INSUFFICIENT,1,0,16,False,0,5,True,INHERITED_RAW_PRICE_BASIS,True,False
2025-08-20|75710,2025-08-20,75710,10:30,10:40,10,COMPLETE,5,0,UNCHANGED,0.0,AVAILABLE,1.5,True,DOWN_STRUCTURE,PROGRESSION,,IDENTIFIED,OBSERVATION_INSUFFICIENT,1,0,16,False,0,0,True,INHERITED_RAW_PRICE_BASIS,True,False
2025-08-20|75710,2025-08-20,75710,10:30,10:45,15,PARTIAL,4,1,,,AVAILABLE,1.5,True,,,,UNRESOLVED_STRUCTURE,WINDOW_OBSERVED,0,1,2,False,2,3,False,INHERITED_RAW_PRICE_BASIS,False,False
2025-08-20|75710,2025-08-20,75710,10:30,10:50,20,COMPLETE,5,0,DOWN,-1.3157894736842106,AVAILABLE,1.5,True,,,,UNRESOLVED_STRUCTURE,WINDOW_OBSERVED,0,0,2,False,0,2,False,INHERITED_RAW_PRICE_BASIS,False,False
2025-08-20|75710,2025-08-20,75710,10:30,10:55,25,COMPLETE,5,0,UNCHANGED,0.0,AVAILABLE,1.5,True,,RECOVERY,CHOPPINESS|RANGE_COMPRESSION|VOLUME_EXPANSION|TRADING_VALUE_EXPANSION,UNRESOLVED_STRUCTURE,OBSERVATION_INSUFFICIENT,1,1,3,False,0,4,True,INHERITED_RAW_PRICE_BASIS,True,True
2025-08-20|75710,2025-08-20,75710,10:30,11:00,30,COMPLETE,5,0,UNCHANGED,0.0,AVAILABLE,1.5,True,,RECOVERY,RANGE_EXPANSION,UNRESOLVED_STRUCTURE,OBSERVATION_INSUFFICIENT,1,0,3,False,1,1,True,INHERITED_RAW_PRICE_BASIS,True,False
2025-08-20|75710,2025-08-20,75710,10:30,11:05,35,PARTIAL,4,1,,,AVAILABLE,1.5,True,,,,UNRESOLVED_STRUCTURE,OBSERVATION_INSUFFICIENT,1,0,0,False,0,3,False,INHERITED_RAW_PRICE_BASIS,False,False
2025-08-20|75710,2025-08-20,75710,10:30,11:10,40,COMPLETE,5,0,UNCHANGED,0.0,AVAILABLE,1.5,True,,,,UNRESOLVED_STRUCTURE,OBSERVATION_INSUFFICIENT,2,0,0,False,0,2,False,INHERITED_RAW_PRICE_BASIS,False,False
2025-08-20|75710,2025-08-20,75710,10:30,11:15,45,PARTIAL,4,1,,,AVAILABLE,1.5,True,,,,UNRESOLVED_STRUCTURE,OBSERVATION_INSUFFICIENT,1,0,0,False,0,2,False,INHERITED_RAW_PRICE_BASIS,False,False
2025-08-20|75710,2025-08-20,75710,10:30,11:20,50,PARTIAL,4,1,,,AVAILABLE,1.5,True,,,,UNRESOLVED_STRUCTURE,WINDOW_OBSERVED,0,1,1,False,0,2,False,INHERITED_RAW_PRICE_BASIS,False,False
2025-08-20|75710,2025-08-20,75710,10:30,11:25,55,COMPLETE,5,0,UP,1.3157894736842106,AVAILABLE,1.5,True,,,,UNRESOLVED_STRUCTURE,WINDOW_OBSERVED,0,1,3,False,2,2,False,INHERITED_RAW_PRICE_BASIS,False,False
2025-08-20|75710,2025-08-20,75710,10:30,11:30,60,COMPLETE,5,0,UP,2.5974025974025974,AVAILABLE,1.5,True,,,,UNRESOLVED_STRUCTURE,WINDOW_OBSERVED,0,0,3,False,1,2,False,INHERITED_RAW_PRICE_BASIS,True,False
2025-08-20|75710,2025-08-20,75710,10:30,12:35,65,COMPLETE,5,0,UP,3.1847133757961785,AVAILABLE,1.5,True,,,,UNRESOLVED_STRUCTURE,WINDOW_OBSERVED,0,1,4,False,0,0,False,INHERITED_RAW_PRICE_BASIS,True,False
2025-08-20|75710,2025-08-20,75710,10:30,12:40,70,COMPLETE,5,0,DOWN,-1.8518518518518519,AVAILABLE,1.5,True,,,RANGE_COMPRESSION|VOLUME_COMPRESSION|TRADING_VALUE_COMPRESSION,UNRESOLVED_STRUCTURE,WINDOW_OBSERVED,0,0,4,False,0,1,False,INHERITED_RAW_PRICE_BASIS,True,False
2025-08-20|75710,2025-08-20,75710,10:30,12:45,75,COMPLETE,5,0,UP,0.6329113924050633,AVAILABLE,1.5,True,DOWN_STRUCTURE,CORRECTION|RECOVERY,,IDENTIFIED,WINDOW_OBSERVED,0,1,5,False,0,1,True,INHERITED_RAW_PRICE_BASIS,True,True
2025-08-20|75710,2025-08-20,75710,10:30,12:50,80,COMPLETE,5,0,UNCHANGED,0.0,AVAILABLE,1.5,True,DOWN_STRUCTURE,PROGRESSION,CHOPPINESS|VOLUME_EXPANSION|TRADING_VALUE_EXPANSION,IDENTIFIED,OBSERVATION_INSUFFICIENT,3,0,6,False,0,1,True,INHERITED_RAW_PRICE_BASIS,True,True
2025-08-20|75710,2025-08-20,75710,10:30,12:55,85,COMPLETE,5,0,DOWN,-1.2578616352201257,AVAILABLE,1.5,True,DOWN_STRUCTURE,PROGRESSION,RANGE_COMPRESSION|VOLUME_COMPRESSION|TRADING_VALUE_COMPRESSION,IDENTIFIED,OBSERVATION_INSUFFICIENT,3,0,6,False,0,1,True,INHERITED_RAW_PRICE_BASIS,True,False
2025-08-20|75710,2025-08-20,75710,10:30,13:00,90,PARTIAL,2,3,,,AVAILABLE,1.5,True,,,,CURRENT_BAR_UNAVAILABLE,WINDOW_OBSERVED,0,0,0,False,0,0,False,INHERITED_RAW_PRICE_BASIS,False,False
2025-08-20|75710,2025-08-20,75710,10:30,13:05,95,COMPLETE,5,0,DOWN,-0.6329113924050633,AVAILABLE,1.5,True,,,,UNRESOLVED_STRUCTURE,OBSERVATION_INSUFFICIENT,3,0,0,False,0,0,False,INHERITED_RAW_PRICE_BASIS,False,False
2025-08-20|75710,2025-08-20,75710,10:30,13:10,100,COMPLETE,5,0,UP,1.2820512820512822,AVAILABLE,1.5,True,,,RANGE_EXPANSION|VOLUME_EXPANSION|TRADING_VALUE_EXPANSION,UNRESOLVED_STRUCTURE,OBSERVATION_INSUFFICIENT,3,0,1,False,0,0,False,INHERITED_RAW_PRICE_BASIS,True,False
2025-08-20|75710,2025-08-20,75710,10:30,13:15,105,PARTIAL,2,3,,,AVAILABLE,1.5,True,,,,CURRENT_BAR_UNAVAILABLE,WINDOW_OBSERVED,0,0,0,False,0,0,False,INHERITED_RAW_PRICE_BASIS,False,False
2025-08-20|75710,2025-08-20,75710,10:30,13:20,110,COMPLETE,5,0,UP,0.6289308176100629,AVAILABLE,1.5,True,,,,UNRESOLVED_STRUCTURE,WINDOW_OBSERVED,0,1,1,False,0,0,False,INHERITED_RAW_PRICE_BASIS,False,False
2025-08-20|75710,2025-08-20,75710,10:30,13:25,115,COMPLETE,5,0,UP,0.6289308176100629,AVAILABLE,1.5,True,,,VOLUME_EXPANSION|TRADING_VALUE_EXPANSION,UNRESOLVED_STRUCTURE,WINDOW_OBSERVED,0,1,1,False,0,0,False,INHERITED_RAW_PRICE_BASIS,True,False
2025-08-20|75710,2025-08-20,75710,10:30,13:30,120,COMPLETE,5,0,DOWN,-1.2422360248447204,AVAILABLE,1.5,True,,,RANGE_EXPANSION|VOLUME_EXPANSION|TRADING_VALUE_EXPANSION,UNRESOLVED_STRUCTURE,WINDOW_OBSERVED,0,0,2,False,0,0,False,INHERITED_RAW_PRICE_BASIS,True,False
2025-08-20|75710,2025-08-20,75710,10:30,13:35,125,COMPLETE,5,0,UP,0.6329113924050633,AVAILABLE,1.5,True,,,RANGE_COMPRESSION|VOLUME_COMPRESSION|TRADING_VALUE_COMPRESSION,UNRESOLVED_STRUCTURE,WINDOW_OBSERVED,0,0,2,False,0,1,False,INHERITED_RAW_PRICE_BASIS,True,False
2025-08-20|75710,2025-08-20,75710,10:30,13:40,130,COMPLETE,5,0,DOWN,-0.625,AVAILABLE,1.5,True,,,CHOPPINESS|VOLUME_EXPANSION|TRADING_VALUE_EXPANSION,UNRESOLVED_STRUCTURE,OBSERVATION_INSUFFICIENT,2,0,2,False,1,2,False,INHERITED_RAW_PRICE_BASIS,True,False
2025-08-20|75710,2025-08-20,75710,10:30,13:45,135,COMPLETE,5,0,DOWN,-0.6289308176100629,AVAILABLE,1.5,True,,RECOVERY,,UNRESOLVED_STRUCTURE,OBSERVATION_INSUFFICIENT,4,0,3,False,0,2,True,INHERITED_RAW_PRICE_BASIS,True,True
2025-08-20|75710,2025-08-20,75710,10:30,13:50,140,PARTIAL,3,2,,,AVAILABLE,1.5,True,,,,UNRESOLVED_STRUCTURE,OBSERVATION_INSUFFICIENT,5,0,0,False,0,0,False,INHERITED_RAW_PRICE_BASIS,False,False
2025-08-20|75710,2025-08-20,75710,10:30,13:55,145,PARTIAL,3,2,,,AVAILABLE,1.5,True,,,,CURRENT_BAR_UNAVAILABLE,OBSERVATION_INSUFFICIENT,4,0,0,False,0,0,False,INHERITED_RAW_PRICE_BASIS,False,False
2025-08-20|75710,2025-08-20,75710,10:30,14:00,150,PARTIAL,2,3,,,AVAILABLE,1.5,True,,,,CURRENT_BAR_UNAVAILABLE,OBSERVATION_INSUFFICIENT,2,0,0,False,0,0,False,INHERITED_RAW_PRICE_BASIS,False,False
2025-08-20|75710,2025-08-20,75710,10:30,14:05,155,PARTIAL,4,1,,,AVAILABLE,1.5,True,,,,UNRESOLVED_STRUCTURE,OBSERVATION_INSUFFICIENT,1,0,0,False,0,0,False,INHERITED_RAW_PRICE_BASIS,False,False
2025-08-20|75710,2025-08-20,75710,10:30,14:10,160,PARTIAL,4,1,,,AVAILABLE,1.5,True,,,,UNRESOLVED_STRUCTURE,WINDOW_OBSERVED,0,1,1,False,0,0,False,INHERITED_RAW_PRICE_BASIS,False,False
2025-08-20|75710,2025-08-20,75710,10:30,14:15,165,COMPLETE,5,0,DOWN,-0.6329113924050633,AVAILABLE,1.5,True,,,,UNRESOLVED_STRUCTURE,OBSERVATION_INSUFFICIENT,1,0,1,False,0,0,False,INHERITED_RAW_PRICE_BASIS,False,False
2025-08-20|75710,2025-08-20,75710,10:30,14:20,170,COMPLETE,5,0,DOWN,-0.6369426751592356,AVAILABLE,1.5,True,,,,UNRESOLVED_STRUCTURE,OBSERVATION_INSUFFICIENT,1,0,1,False,0,1,False,INHERITED_RAW_PRICE_BASIS,True,False
2025-08-20|75710,2025-08-20,75710,10:30,14:25,175,PARTIAL,4,1,,,AVAILABLE,1.5,True,,,,UNRESOLVED_STRUCTURE,OBSERVATION_INSUFFICIENT,1,1,1,False,0,0,False,INHERITED_RAW_PRICE_BASIS,False,False
2025-08-20|75710,2025-08-20,75710,10:30,14:30,180,COMPLETE,5,0,DOWN,-1.2820512820512822,AVAILABLE,1.5,True,,,,UNRESOLVED_STRUCTURE,OBSERVATION_INSUFFICIENT,1,0,1,False,0,1,False,INHERITED_RAW_PRICE_BASIS,False,False
2025-08-20|75710,2025-08-20,75710,10:30,14:35,185,PARTIAL,4,1,,,AVAILABLE,1.5,True,,,,UNRESOLVED_STRUCTURE,WINDOW_OBSERVED,0,1,1,False,0,1,False,INHERITED_RAW_PRICE_BASIS,False,False
2025-08-20|75710,2025-08-20,75710,10:30,14:40,190,COMPLETE,5,0,DOWN,-1.2903225806451613,AVAILABLE,1.5,True,,,,UNRESOLVED_STRUCTURE,WINDOW_OBSERVED,0,0,1,False,0,1,False,INHERITED_RAW_PRICE_BASIS,False,False
2025-08-20|75710,2025-08-20,75710,10:30,14:45,195,COMPLETE,5,0,DOWN,-0.6535947712418301,AVAILABLE,1.5,True,,,RANGE_EXPANSION|VOLUME_EXPANSION|TRADING_VALUE_EXPANSION,UNRESOLVED_STRUCTURE,OBSERVATION_INSUFFICIENT,1,0,1,False,0,0,False,INHERITED_RAW_PRICE_BASIS,True,False
2025-08-20|75710,2025-08-20,75710,10:30,14:50,200,COMPLETE,5,0,UNCHANGED,0.0,AVAILABLE,1.5,True,,RECOVERY,RANGE_COMPRESSION,UNRESOLVED_STRUCTURE,OBSERVATION_INSUFFICIENT,3,0,2,False,2,4,True,INHERITED_RAW_PRICE_BASIS,True,True
2025-08-20|75710,2025-08-20,75710,10:30,14:55,205,PARTIAL,4,1,,,AVAILABLE,1.5,True,,,,UNRESOLVED_STRUCTURE,OBSERVATION_INSUFFICIENT,2,0,0,False,0,2,False,INHERITED_RAW_PRICE_BASIS,False,False
2025-08-20|75710,2025-08-20,75710,10:30,15:00,210,PARTIAL,3,2,,,AVAILABLE,1.5,True,,,,CURRENT_BAR_UNAVAILABLE,WINDOW_OBSERVED,0,0,0,False,0,0,False,INHERITED_RAW_PRICE_BASIS,False,False
2025-08-20|75710,2025-08-20,75710,10:30,15:05,215,COMPLETE,5,0,UP,0.6578947368421053,AVAILABLE,1.5,True,,,,UNRESOLVED_STRUCTURE,OBSERVATION_INSUFFICIENT,1,1,1,False,0,0,False,INHERITED_RAW_PRICE_BASIS,False,False
2025-08-20|75710,2025-08-20,75710,10:30,15:10,220,COMPLETE,5,0,DOWN,-1.3071895424836601,AVAILABLE,1.5,True,,,RANGE_EXPANSION,UNRESOLVED_STRUCTURE,OBSERVATION_INSUFFICIENT,1,1,3,False,0,0,False,INHERITED_RAW_PRICE_BASIS,True,False
2025-08-20|75710,2025-08-20,75710,10:30,15:15,225,PARTIAL,4,1,,,AVAILABLE,1.5,True,,,,UNRESOLVED_STRUCTURE,WINDOW_OBSERVED,0,1,1,False,0,3,False,INHERITED_RAW_PRICE_BASIS,False,False
2025-08-20|75710,2025-08-20,75710,10:30,15:20,230,COMPLETE,5,0,UP,0.6535947712418301,AVAILABLE,1.5,True,,,CHOPPINESS,UNRESOLVED_STRUCTURE,RIGHT_CENSORED,0,1,1,False,0,0,False,INHERITED_RAW_PRICE_BASIS,False,False
2025-08-20|75710,2025-08-20,75710,10:30,15:25,235,COMPLETE,5,0,UNCHANGED,0.0,AVAILABLE,1.5,True,,,,UNRESOLVED_STRUCTURE,RIGHT_CENSORED,0,0,1,False,0,0,False,INHERITED_RAW_PRICE_BASIS,True,False
2025-08-20|76030,2025-08-20,76030,14:30,14:30,0,COMPLETE,5,0,DOWN,-1.263157894736842,AVAILABLE,4.0,True,DOWN_STRUCTURE,,RANGE_COMPRESSION|VOLUME_COMPRESSION|TRADING_VALUE_COMPRESSION,IDENTIFIED,WINDOW_OBSERVED,0,1,5,False,0,0,True,INHERITED_RAW_PRICE_BASIS,False,False
2025-08-20|76030,2025-08-20,76030,14:30,14:35,5,COMPLETE,5,0,UP,1.279317697228145,AVAILABLE,4.0,True,DOWN_STRUCTURE,PROGRESSION,VOLUME_COMPRESSION|TRADING_VALUE_COMPRESSION,IDENTIFIED,WINDOW_OBSERVED,0,0,6,False,0,0,True,INHERITED_RAW_PRICE_BASIS,True,True
2025-08-20|76030,2025-08-20,76030,14:30,14:40,10,COMPLETE,5,0,DOWN,-0.4219409282700422,AVAILABLE,4.0,True,DOWN_STRUCTURE,PROGRESSION,CHOPPINESS|RANGE_COMPRESSION|VOLUME_COMPRESSION|TRADING_VALUE_COMPRESSION,IDENTIFIED,WINDOW_OBSERVED,0,0,6,False,0,0,True,INHERITED_RAW_PRICE_BASIS,True,False
2025-08-20|76030,2025-08-20,76030,14:30,14:45,15,COMPLETE,5,0,DOWN,-2.542372881355932,AVAILABLE,4.0,True,DOWN_STRUCTURE,PROGRESSION,RANGE_EXPANSION|VOLUME_EXPANSION|TRADING_VALUE_EXPANSION,IDENTIFIED,WINDOW_OBSERVED,0,0,6,False,4,3,True,INHERITED_RAW_PRICE_BASIS,True,False
2025-08-20|76030,2025-08-20,76030,14:30,14:50,20,COMPLETE,5,0,DOWN,-1.3043478260869565,AVAILABLE,4.0,True,DOWN_STRUCTURE,PROGRESSION,RANGE_COMPRESSION,IDENTIFIED,WINDOW_OBSERVED,0,0,6,False,3,1,True,INHERITED_RAW_PRICE_BASIS,True,False
2025-08-20|76030,2025-08-20,76030,14:30,14:55,25,COMPLETE,5,0,UP,0.44150110375275936,AVAILABLE,4.0,True,DOWN_STRUCTURE,PROGRESSION,RANGE_COMPRESSION|VOLUME_COMPRESSION|TRADING_VALUE_COMPRESSION,IDENTIFIED,WINDOW_OBSERVED,0,0,6,False,0,0,True,INHERITED_RAW_PRICE_BASIS,True,False
2025-08-20|76030,2025-08-20,76030,14:30,15:00,30,COMPLETE,5,0,DOWN,-0.8771929824561403,AVAILABLE,4.0,True,DOWN_STRUCTURE,CORRECTION|RECOVERY,RANGE_EXPANSION|VOLUME_EXPANSION|TRADING_VALUE_EXPANSION,IDENTIFIED,WINDOW_OBSERVED,0,0,7,False,5,2,True,INHERITED_RAW_PRICE_BASIS,True,True
2025-08-20|76030,2025-08-20,76030,14:30,15:05,35,COMPLETE,5,0,UP,0.44150110375275936,AVAILABLE,4.0,True,DOWN_STRUCTURE,CORRECTION|RECOVERY,RANGE_COMPRESSION|VOLUME_COMPRESSION|TRADING_VALUE_COMPRESSION,IDENTIFIED,WINDOW_OBSERVED,0,0,7,False,0,1,True,INHERITED_RAW_PRICE_BASIS,True,False
2025-08-20|76030,2025-08-20,76030,14:30,15:10,40,COMPLETE,5,0,UNCHANGED,0.0,AVAILABLE,4.0,True,DOWN_STRUCTURE,PROGRESSION,,IDENTIFIED,WINDOW_OBSERVED,0,1,8,False,0,0,True,INHERITED_RAW_PRICE_BASIS,True,True
2025-08-20|76030,2025-08-20,76030,14:30,15:15,45,COMPLETE,5,0,UP,0.6607929515418502,AVAILABLE,4.0,True,DOWN_STRUCTURE,CORRECTION,RANGE_EXPANSION,IDENTIFIED,WINDOW_OBSERVED,0,0,9,False,0,1,True,INHERITED_RAW_PRICE_BASIS,True,True
2025-08-20|76030,2025-08-20,76030,14:30,15:20,50,COMPLETE,5,0,UP,0.2188183807439825,AVAILABLE,4.0,True,,RESTRUCTURING,CHOPPINESS|RANGE_COMPRESSION,UNRESOLVED_STRUCTURE,RIGHT_CENSORED,0,0,9,False,2,3,True,INHERITED_RAW_PRICE_BASIS,True,True
2025-08-20|76030,2025-08-20,76030,14:30,15:25,55,COMPLETE,5,0,UP,0.6535947712418301,AVAILABLE,4.0,True,,RESTRUCTURING,RANGE_EXPANSION,UNRESOLVED_STRUCTURE,RIGHT_CENSORED,0,0,9,False,0,0,True,INHERITED_RAW_PRICE_BASIS,True,False
2025-08-20|76150,2025-08-20,76150,10:00,10:00,0,COMPLETE,5,0,UP,1.6853932584269662,AVAILABLE,2.0,True,DOWN_STRUCTURE,,CHOPPINESS,IDENTIFIED,WINDOW_OBSERVED,0,1,18,False,0,0,True,INHERITED_RAW_PRICE_BASIS,False,False
2025-08-20|76150,2025-08-20,76150,10:00,10:05,5,COMPLETE,5,0,DOWN,-1.6574585635359116,AVAILABLE,2.0,True,DOWN_STRUCTURE,,RANGE_COMPRESSION|VOLUME_COMPRESSION|TRADING_VALUE_COMPRESSION,IDENTIFIED,WINDOW_OBSERVED,0,1,19,False,0,0,True,INHERITED_RAW_PRICE_BASIS,True,False
2025-08-20|76150,2025-08-20,76150,10:00,10:10,10,COMPLETE,5,0,UP,1.1235955056179776,AVAILABLE,2.0,True,DOWN_STRUCTURE,CORRECTION,VOLUME_COMPRESSION|TRADING_VALUE_COMPRESSION,IDENTIFIED,WINDOW_OBSERVED,0,0,19,False,0,1,True,INHERITED_RAW_PRICE_BASIS,True,True
2025-08-20|76150,2025-08-20,76150,10:00,10:15,15,COMPLETE,5,0,UP,0.5555555555555556,AVAILABLE,2.0,True,UP_STRUCTURE,CORRECTION,,IDENTIFIED,WINDOW_OBSERVED,0,0,20,False,2,1,True,INHERITED_RAW_PRICE_BASIS,True,False
2025-08-20|76150,2025-08-20,76150,10:00,10:20,20,COMPLETE,5,0,DOWN,-1.098901098901099,AVAILABLE,2.0,True,UP_STRUCTURE,CORRECTION,,IDENTIFIED,WINDOW_OBSERVED,0,0,20,False,0,0,True,INHERITED_RAW_PRICE_BASIS,True,False
2025-08-20|76150,2025-08-20,76150,10:00,10:25,25,COMPLETE,5,0,UNCHANGED,0.0,AVAILABLE,2.0,True,UP_STRUCTURE,CORRECTION,RANGE_COMPRESSION,IDENTIFIED,WINDOW_OBSERVED,0,0,20,False,0,0,True,INHERITED_RAW_PRICE_BASIS,True,False
2025-08-20|76150,2025-08-20,76150,10:00,10:30,30,COMPLETE,5,0,UP,6.145251396648045,AVAILABLE,2.0,True,UP_STRUCTURE,PROGRESSION,RANGE_EXPANSION|VOLUME_EXPANSION|TRADING_VALUE_EXPANSION,IDENTIFIED,WINDOW_OBSERVED,0,0,21,False,2,2,True,INHERITED_RAW_PRICE_BASIS,True,True
2025-08-20|76150,2025-08-20,76150,10:00,10:35,35,COMPLETE,5,0,UP,6.282722513089006,AVAILABLE,2.0,True,UP_STRUCTURE,PROGRESSION,VOLUME_EXPANSION|TRADING_VALUE_EXPANSION,IDENTIFIED,WINDOW_OBSERVED,0,0,21,False,0,2,True,INHERITED_RAW_PRICE_BASIS,True,False
2025-08-20|76150,2025-08-20,76150,10:00,10:40,40,COMPLETE,5,0,UP,0.9852216748768473,AVAILABLE,2.0,True,UP_STRUCTURE,CORRECTION,VOLUME_EXPANSION|TRADING_VALUE_EXPANSION,IDENTIFIED,OBSERVATION_INSUFFICIENT,1,0,22,False,2,2,True,INHERITED_RAW_PRICE_BASIS,True,True
2025-08-20|76150,2025-08-20,76150,10:00,10:45,45,COMPLETE,5,0,UP,1.951219512195122,AVAILABLE,2.0,True,UP_STRUCTURE,PROGRESSION,RANGE_COMPRESSION|VOLUME_COMPRESSION|TRADING_VALUE_COMPRESSION,IDENTIFIED,OBSERVATION_INSUFFICIENT,1,0,23,False,1,1,True,INHERITED_RAW_PRICE_BASIS,True,True
2025-08-20|76150,2025-08-20,76150,10:00,10:50,50,PARTIAL,4,1,,,AVAILABLE,2.0,True,,,,UNRESOLVED_STRUCTURE,OBSERVATION_INSUFFICIENT,1,1,2,False,3,2,False,INHERITED_RAW_PRICE_BASIS,False,False
2025-08-20|76150,2025-08-20,76150,10:00,10:55,55,COMPLETE,5,0,UP,1.4563106796116505,AVAILABLE,2.0,True,,,,UNRESOLVED_STRUCTURE,OBSERVATION_INSUFFICIENT,6,0,2,False,0,0,False,INHERITED_RAW_PRICE_BASIS,False,False
2025-08-20|76150,2025-08-20,76150,10:00,11:00,60,PARTIAL,4,1,,,AVAILABLE,2.0,True,,,,UNRESOLVED_STRUCTURE,OBSERVATION_INSUFFICIENT,10,0,1,False,2,0,False,INHERITED_RAW_PRICE_BASIS,False,False
2025-08-20|76150,2025-08-20,76150,10:00,11:05,65,UNAVAILABLE,0,5,,,AVAILABLE,2.0,True,,,,CURRENT_BAR_UNAVAILABLE,OBSERVATION_INSUFFICIENT,10,0,0,False,0,0,False,INHERITED_RAW_PRICE_BASIS,False,False
2025-08-20|76150,2025-08-20,76150,10:00,11:10,70,UNAVAILABLE,0,5,,,AVAILABLE,2.0,True,,,,CURRENT_BAR_UNAVAILABLE,OBSERVATION_INSUFFICIENT,10,0,0,False,0,0,False,INHERITED_RAW_PRICE_BASIS,False,False
2025-08-20|76150,2025-08-20,76150,10:00,11:15,75,UNAVAILABLE,0,5,,,AVAILABLE,2.0,True,,,,CURRENT_BAR_UNAVAILABLE,OBSERVATION_INSUFFICIENT,10,0,0,False,0,0,False,INHERITED_RAW_PRICE_BASIS,False,False
2025-08-20|76150,2025-08-20,76150,10:00,11:20,80,UNAVAILABLE,0,5,,,AVAILABLE,2.0,True,,,,CURRENT_BAR_UNAVAILABLE,OBSERVATION_INSUFFICIENT,10,0,0,False,0,0,False,INHERITED_RAW_PRICE_BASIS,False,False
2025-08-20|76150,2025-08-20,76150,10:00,11:25,85,UNAVAILABLE,0,5,,,AVAILABLE,2.0,True,,,,CURRENT_BAR_UNAVAILABLE,OBSERVATION_INSUFFICIENT,10,0,0,False,0,0,False,INHERITED_RAW_PRICE_BASIS,False,False
2025-08-20|76150,2025-08-20,76150,10:00,11:30,90,UNAVAILABLE,0,5,,,AVAILABLE,2.0,True,,,,CURRENT_BAR_UNAVAILABLE,OBSERVATION_INSUFFICIENT,10,0,0,False,0,0,False,INHERITED_RAW_PRICE_BASIS,False,False
2025-08-20|76150,2025-08-20,76150,10:00,12:35,95,UNAVAILABLE,0,5,,,AVAILABLE,2.0,True,,,,CURRENT_BAR_UNAVAILABLE,OBSERVATION_INSUFFICIENT,10,0,0,False,0,0,False,INHERITED_RAW_PRICE_BASIS,False,False
2025-08-20|76150,2025-08-20,76150,10:00,12:40,100,UNAVAILABLE,0,5,,,AVAILABLE,2.0,True,,,,CURRENT_BAR_UNAVAILABLE,OBSERVATION_INSUFFICIENT,10,0,0,False,0,0,False,INHERITED_RAW_PRICE_BASIS,False,False
2025-08-20|76150,2025-08-20,76150,10:00,12:45,105,UNAVAILABLE,0,5,,,AVAILABLE,2.0,True,,,,CURRENT_BAR_UNAVAILABLE,OBSERVATION_INSUFFICIENT,10,0,0,False,0,0,False,INHERITED_RAW_PRICE_BASIS,False,False
2025-08-20|76150,2025-08-20,76150,10:00,12:50,110,UNAVAILABLE,0,5,,,AVAILABLE,2.0,True,,,,CURRENT_BAR_UNAVAILABLE,OBSERVATION_INSUFFICIENT,10,0,0,False,0,0,False,INHERITED_RAW_PRICE_BASIS,False,False
2025-08-20|76150,2025-08-20,76150,10:00,12:55,115,UNAVAILABLE,0,5,,,AVAILABLE,2.0,True,,,,CURRENT_BAR_UNAVAILABLE,OBSERVATION_INSUFFICIENT,10,0,0,False,0,0,False,INHERITED_RAW_PRICE_BASIS,False,False
2025-08-20|76150,2025-08-20,76150,10:00,13:00,120,UNAVAILABLE,0,5,,,AVAILABLE,2.0,True,,,,CURRENT_BAR_UNAVAILABLE,OBSERVATION_INSUFFICIENT,10,0,0,False,0,0,False,INHERITED_RAW_PRICE_BASIS,False,False
2025-08-20|76150,2025-08-20,76150,10:00,13:05,125,UNAVAILABLE,0,5,,,AVAILABLE,2.0,True,,,,CURRENT_BAR_UNAVAILABLE,OBSERVATION_INSUFFICIENT,10,0,0,False,0,0,False,INHERITED_RAW_PRICE_BASIS,False,False
2025-08-20|76150,2025-08-20,76150,10:00,13:10,130,UNAVAILABLE,0,5,,,AVAILABLE,2.0,True,,,,CURRENT_BAR_UNAVAILABLE,OBSERVATION_INSUFFICIENT,10,0,0,False,0,0,False,INHERITED_RAW_PRICE_BASIS,False,False
2025-08-20|76150,2025-08-20,76150,10:00,13:15,135,UNAVAILABLE,0,5,,,AVAILABLE,2.0,True,,,,CURRENT_BAR_UNAVAILABLE,OBSERVATION_INSUFFICIENT,10,0,0,False,0,0,False,INHERITED_RAW_PRICE_BASIS,False,False
2025-08-20|76150,2025-08-20,76150,10:00,13:20,140,UNAVAILABLE,0,5,,,AVAILABLE,2.0,True,,,,CURRENT_BAR_UNAVAILABLE,OBSERVATION_INSUFFICIENT,10,0,0,False,0,0,False,INHERITED_RAW_PRICE_BASIS,False,False
2025-08-20|76150,2025-08-20,76150,10:00,13:25,145,UNAVAILABLE,0,5,,,AVAILABLE,2.0,True,,,,CURRENT_BAR_UNAVAILABLE,OBSERVATION_INSUFFICIENT,10,0,0,False,0,0,False,INHERITED_RAW_PRICE_BASIS,False,False
2025-08-20|76150,2025-08-20,76150,10:00,13:30,150,UNAVAILABLE,0,5,,,AVAILABLE,2.0,True,,,,CURRENT_BAR_UNAVAILABLE,OBSERVATION_INSUFFICIENT,10,0,0,False,0,0,False,INHERITED_RAW_PRICE_BASIS,False,False
2025-08-20|76150,2025-08-20,76150,10:00,13:35,155,UNAVAILABLE,0,5,,,AVAILABLE,2.0,True,,,,CURRENT_BAR_UNAVAILABLE,OBSERVATION_INSUFFICIENT,10,0,0,False,0,0,False,INHERITED_RAW_PRICE_BASIS,False,False
2025-08-20|76150,2025-08-20,76150,10:00,13:40,160,UNAVAILABLE,0,5,,,AVAILABLE,2.0,True,,,,CURRENT_BAR_UNAVAILABLE,OBSERVATION_INSUFFICIENT,10,0,0,False,0,0,False,INHERITED_RAW_PRICE_BASIS,False,False
2025-08-20|76150,2025-08-20,76150,10:00,13:45,165,UNAVAILABLE,0,5,,,AVAILABLE,2.0,True,,,,CURRENT_BAR_UNAVAILABLE,OBSERVATION_INSUFFICIENT,10,0,0,False,0,0,False,INHERITED_RAW_PRICE_BASIS,False,False
2025-08-20|76150,2025-08-20,76150,10:00,13:50,170,UNAVAILABLE,0,5,,,AVAILABLE,2.0,True,,,,CURRENT_BAR_UNAVAILABLE,OBSERVATION_INSUFFICIENT,10,0,0,False,0,0,False,INHERITED_RAW_PRICE_BASIS,False,False
2025-08-20|76150,2025-08-20,76150,10:00,13:55,175,UNAVAILABLE,0,5,,,AVAILABLE,2.0,True,,,,CURRENT_BAR_UNAVAILABLE,OBSERVATION_INSUFFICIENT,10,0,0,False,0,0,False,INHERITED_RAW_PRICE_BASIS,False,False
2025-08-20|76150,2025-08-20,76150,10:00,14:00,180,UNAVAILABLE,0,5,,,AVAILABLE,2.0,True,,,,CURRENT_BAR_UNAVAILABLE,OBSERVATION_INSUFFICIENT,10,0,0,False,0,0,False,INHERITED_RAW_PRICE_BASIS,False,False
2025-08-20|76150,2025-08-20,76150,10:00,14:05,185,UNAVAILABLE,0,5,,,AVAILABLE,2.0,True,,,,CURRENT_BAR_UNAVAILABLE,OBSERVATION_INSUFFICIENT,10,0,0,False,0,0,False,INHERITED_RAW_PRICE_BASIS,False,False
2025-08-20|76150,2025-08-20,76150,10:00,14:10,190,UNAVAILABLE,0,5,,,AVAILABLE,2.0,True,,,,CURRENT_BAR_UNAVAILABLE,OBSERVATION_INSUFFICIENT,10,0,0,False,0,0,False,INHERITED_RAW_PRICE_BASIS,False,False
2025-08-20|76150,2025-08-20,76150,10:00,14:15,195,UNAVAILABLE,0,5,,,AVAILABLE,2.0,True,,,,CURRENT_BAR_UNAVAILABLE,OBSERVATION_INSUFFICIENT,10,0,0,False,0,0,False,INHERITED_RAW_PRICE_BASIS,False,False
2025-08-20|76150,2025-08-20,76150,10:00,14:20,200,UNAVAILABLE,0,5,,,AVAILABLE,2.0,True,,,,CURRENT_BAR_UNAVAILABLE,OBSERVATION_INSUFFICIENT,10,0,0,False,0,0,False,INHERITED_RAW_PRICE_BASIS,False,False
2025-08-20|76150,2025-08-20,76150,10:00,14:25,205,UNAVAILABLE,0,5,,,AVAILABLE,2.0,True,,,,CURRENT_BAR_UNAVAILABLE,OBSERVATION_INSUFFICIENT,10,0,0,False,0,0,False,INHERITED_RAW_PRICE_BASIS,False,False
2025-08-20|76150,2025-08-20,76150,10:00,14:30,210,UNAVAILABLE,0,5,,,AVAILABLE,2.0,True,,,,CURRENT_BAR_UNAVAILABLE,OBSERVATION_INSUFFICIENT,10,0,0,False,0,0,False,INHERITED_RAW_PRICE_BASIS,False,False
2025-08-20|76150,2025-08-20,76150,10:00,14:35,215,UNAVAILABLE,0,5,,,AVAILABLE,2.0,True,,,,CURRENT_BAR_UNAVAILABLE,OBSERVATION_INSUFFICIENT,10,0,0,False,0,0,False,INHERITED_RAW_PRICE_BASIS,False,False
2025-08-20|76150,2025-08-20,76150,10:00,14:40,220,UNAVAILABLE,0,5,,,AVAILABLE,2.0,True,,,,CURRENT_BAR_UNAVAILABLE,OBSERVATION_INSUFFICIENT,10,0,0,False,0,0,False,INHERITED_RAW_PRICE_BASIS,False,False
2025-08-20|76150,2025-08-20,76150,10:00,14:45,225,UNAVAILABLE,0,5,,,AVAILABLE,2.0,True,,,,CURRENT_BAR_UNAVAILABLE,OBSERVATION_INSUFFICIENT,10,0,0,False,0,0,False,INHERITED_RAW_PRICE_BASIS,False,False
2025-08-20|76150,2025-08-20,76150,10:00,14:50,230,UNAVAILABLE,0,5,,,AVAILABLE,2.0,True,,,,CURRENT_BAR_UNAVAILABLE,OBSERVATION_INSUFFICIENT,10,0,0,False,0,0,False,INHERITED_RAW_PRICE_BASIS,False,False
2025-08-20|76150,2025-08-20,76150,10:00,14:55,235,UNAVAILABLE,0,5,,,AVAILABLE,2.0,True,,,,CURRENT_BAR_UNAVAILABLE,OBSERVATION_INSUFFICIENT,10,0,0,False,0,0,False,INHERITED_RAW_PRICE_BASIS,False,False
2025-08-20|76150,2025-08-20,76150,10:00,15:00,240,UNAVAILABLE,0,5,,,AVAILABLE,2.0,True,,,,CURRENT_BAR_UNAVAILABLE,OBSERVATION_INSUFFICIENT,10,0,0,False,0,0,False,INHERITED_RAW_PRICE_BASIS,False,False
2025-08-20|76150,2025-08-20,76150,10:00,15:05,245,UNAVAILABLE,0,5,,,AVAILABLE,2.0,True,,,,CURRENT_BAR_UNAVAILABLE,OBSERVATION_INSUFFICIENT,10,0,0,False,0,0,False,INHERITED_RAW_PRICE_BASIS,False,False
2025-08-20|76150,2025-08-20,76150,10:00,15:10,250,UNAVAILABLE,0,5,,,AVAILABLE,2.0,True,,,,CURRENT_BAR_UNAVAILABLE,OBSERVATION_INSUFFICIENT,10,0,0,False,0,0,False,INHERITED_RAW_PRICE_BASIS,False,False
2025-08-20|76150,2025-08-20,76150,10:00,15:15,255,UNAVAILABLE,0,5,,,AVAILABLE,2.0,True,,,,CURRENT_BAR_UNAVAILABLE,OBSERVATION_INSUFFICIENT,10,0,0,False,0,0,False,INHERITED_RAW_PRICE_BASIS,False,False
2025-08-20|76150,2025-08-20,76150,10:00,15:20,260,UNAVAILABLE,0,5,,,AVAILABLE,2.0,True,,,,CURRENT_BAR_UNAVAILABLE,RIGHT_CENSORED,5,0,0,False,0,0,False,INHERITED_RAW_PRICE_BASIS,False,False
2025-08-20|76150,2025-08-20,76150,10:00,15:25,265,UNAVAILABLE,0,5,,,AVAILABLE,2.0,True,,,,CURRENT_BAR_UNAVAILABLE,RIGHT_CENSORED,0,0,0,False,0,0,False,INHERITED_RAW_PRICE_BASIS,False,False
2025-08-20|76810,2025-08-20,76810,14:30,14:30,0,PARTIAL,3,2,,,PREVIOUS_CONTEXT_UNAVAILABLE,,False,,,,CURRENT_BAR_UNAVAILABLE,OBSERVATION_INSUFFICIENT,3,0,0,False,0,0,False,INHERITED_RAW_PRICE_BASIS,False,False
2025-08-20|76810,2025-08-20,76810,14:30,14:35,5,PARTIAL,3,2,,,PREVIOUS_CONTEXT_UNAVAILABLE,,False,,,,CURRENT_BAR_UNAVAILABLE,OBSERVATION_INSUFFICIENT,3,0,0,False,0,0,False,INHERITED_RAW_PRICE_BASIS,False,False
2025-08-20|76810,2025-08-20,76810,14:30,14:40,10,PARTIAL,4,1,,,PREVIOUS_CONTEXT_UNAVAILABLE,,False,,,,SCALE_UNAVAILABLE,OBSERVATION_INSUFFICIENT,5,0,0,False,0,0,False,INHERITED_RAW_PRICE_BASIS,False,False
2025-08-20|76810,2025-08-20,76810,14:30,14:45,15,PARTIAL,3,2,,,PREVIOUS_CONTEXT_UNAVAILABLE,,False,,,,CURRENT_BAR_UNAVAILABLE,OBSERVATION_INSUFFICIENT,3,0,0,False,0,0,False,INHERITED_RAW_PRICE_BASIS,False,False
2025-08-20|76810,2025-08-20,76810,14:30,14:50,20,PARTIAL,2,3,,,PREVIOUS_CONTEXT_UNAVAILABLE,,False,,,,CURRENT_BAR_UNAVAILABLE,OBSERVATION_INSUFFICIENT,1,0,0,False,0,0,False,INHERITED_RAW_PRICE_BASIS,False,False
2025-08-20|76810,2025-08-20,76810,14:30,14:55,25,COMPLETE,5,0,DOWN,-2.07667731629393,PREVIOUS_CONTEXT_UNAVAILABLE,,False,,,,SCALE_UNAVAILABLE,OBSERVATION_INSUFFICIENT,3,0,0,False,0,0,False,INHERITED_RAW_PRICE_BASIS,False,False
2025-08-20|76810,2025-08-20,76810,14:30,15:00,30,PARTIAL,4,1,,,PREVIOUS_CONTEXT_UNAVAILABLE,,False,,,,SCALE_UNAVAILABLE,OBSERVATION_INSUFFICIENT,2,0,0,False,0,0,False,INHERITED_RAW_PRICE_BASIS,False,False
2025-08-20|76810,2025-08-20,76810,14:30,15:05,35,PARTIAL,3,2,,,PREVIOUS_CONTEXT_UNAVAILABLE,,False,,,,CURRENT_BAR_UNAVAILABLE,WINDOW_OBSERVED,0,0,0,False,0,0,False,INHERITED_RAW_PRICE_BASIS,False,False
2025-08-20|76810,2025-08-20,76810,14:30,15:10,40,COMPLETE,5,0,UP,0.24855012427506215,PREVIOUS_CONTEXT_UNAVAILABLE,,False,,,,SCALE_UNAVAILABLE,OBSERVATION_INSUFFICIENT,2,0,0,False,0,0,False,INHERITED_RAW_PRICE_BASIS,False,False
2025-08-20|76810,2025-08-20,76810,14:30,15:15,45,COMPLETE,5,0,UP,1.4072847682119205,PREVIOUS_CONTEXT_UNAVAILABLE,,False,,,RANGE_EXPANSION,SCALE_UNAVAILABLE,OBSERVATION_INSUFFICIENT,2,0,0,False,0,0,False,INHERITED_RAW_PRICE_BASIS,True,False
2025-08-20|76810,2025-08-20,76810,14:30,15:20,50,PARTIAL,3,2,,,PREVIOUS_CONTEXT_UNAVAILABLE,,False,,,,CURRENT_BAR_UNAVAILABLE,RIGHT_CENSORED,0,0,0,False,0,0,False,INHERITED_RAW_PRICE_BASIS,False,False
2025-08-20|76810,2025-08-20,76810,14:30,15:25,55,COMPLETE,5,0,DOWN,-1.5522875816993464,PREVIOUS_CONTEXT_UNAVAILABLE,,False,,,,SCALE_UNAVAILABLE,RIGHT_CENSORED,0,0,0,False,0,0,False,INHERITED_RAW_PRICE_BASIS,False,False
2025-08-20|78130,2025-08-20,78130,11:30,11:30,0,PARTIAL,3,2,,,SCALE_INSUFFICIENT,,True,,,,SCALE_UNAVAILABLE,OBSERVATION_INSUFFICIENT,9,0,0,False,0,0,False,INHERITED_RAW_PRICE_BASIS,False,False
2025-08-20|78130,2025-08-20,78130,11:30,12:35,5,PARTIAL,1,4,,,SCALE_INSUFFICIENT,,True,,,,CURRENT_BAR_UNAVAILABLE,OBSERVATION_INSUFFICIENT,10,0,0,False,0,0,False,INHERITED_RAW_PRICE_BASIS,False,False
2025-08-20|78130,2025-08-20,78130,11:30,12:40,10,UNAVAILABLE,0,5,,,SCALE_INSUFFICIENT,,True,,,,CURRENT_BAR_UNAVAILABLE,OBSERVATION_INSUFFICIENT,10,0,0,False,0,0,False,INHERITED_RAW_PRICE_BASIS,False,False
2025-08-20|78130,2025-08-20,78130,11:30,12:45,15,UNAVAILABLE,0,5,,,SCALE_INSUFFICIENT,,True,,,,CURRENT_BAR_UNAVAILABLE,OBSERVATION_INSUFFICIENT,10,0,0,False,0,0,False,INHERITED_RAW_PRICE_BASIS,False,False
2025-08-20|78130,2025-08-20,78130,11:30,12:50,20,UNAVAILABLE,0,5,,,SCALE_INSUFFICIENT,,True,,,,CURRENT_BAR_UNAVAILABLE,OBSERVATION_INSUFFICIENT,10,0,0,False,0,0,False,INHERITED_RAW_PRICE_BASIS,False,False
2025-08-20|78130,2025-08-20,78130,11:30,12:55,25,UNAVAILABLE,0,5,,,SCALE_INSUFFICIENT,,True,,,,CURRENT_BAR_UNAVAILABLE,OBSERVATION_INSUFFICIENT,9,0,0,False,0,0,False,INHERITED_RAW_PRICE_BASIS,False,False
2025-08-20|78130,2025-08-20,78130,11:30,13:00,30,UNAVAILABLE,0,5,,,SCALE_INSUFFICIENT,,True,,,,CURRENT_BAR_UNAVAILABLE,OBSERVATION_INSUFFICIENT,9,0,0,False,0,0,False,INHERITED_RAW_PRICE_BASIS,False,False
2025-08-20|78130,2025-08-20,78130,11:30,13:05,35,PARTIAL,1,4,,,SCALE_INSUFFICIENT,,True,,,,CURRENT_BAR_UNAVAILABLE,OBSERVATION_INSUFFICIENT,10,0,0,False,0,0,False,INHERITED_RAW_PRICE_BASIS,False,False
2025-08-20|78130,2025-08-20,78130,11:30,13:10,40,UNAVAILABLE,0,5,,,SCALE_INSUFFICIENT,,True,,,,CURRENT_BAR_UNAVAILABLE,OBSERVATION_INSUFFICIENT,10,0,0,False,0,0,False,INHERITED_RAW_PRICE_BASIS,False,False
2025-08-20|78130,2025-08-20,78130,11:30,13:15,45,UNAVAILABLE,0,5,,,SCALE_INSUFFICIENT,,True,,,,CURRENT_BAR_UNAVAILABLE,OBSERVATION_INSUFFICIENT,10,0,0,False,0,0,False,INHERITED_RAW_PRICE_BASIS,False,False
2025-08-20|78130,2025-08-20,78130,11:30,13:20,50,UNAVAILABLE,0,5,,,SCALE_INSUFFICIENT,,True,,,,CURRENT_BAR_UNAVAILABLE,OBSERVATION_INSUFFICIENT,10,0,0,False,0,0,False,INHERITED_RAW_PRICE_BASIS,False,False
2025-08-20|78130,2025-08-20,78130,11:30,13:25,55,UNAVAILABLE,0,5,,,SCALE_INSUFFICIENT,,True,,,,CURRENT_BAR_UNAVAILABLE,OBSERVATION_INSUFFICIENT,10,0,0,False,0,0,False,INHERITED_RAW_PRICE_BASIS,False,False
2025-08-20|78130,2025-08-20,78130,11:30,13:30,60,UNAVAILABLE,0,5,,,SCALE_INSUFFICIENT,,True,,,,CURRENT_BAR_UNAVAILABLE,OBSERVATION_INSUFFICIENT,8,0,0,False,0,0,False,INHERITED_RAW_PRICE_BASIS,False,False
2025-08-20|78130,2025-08-20,78130,11:30,13:35,65,UNAVAILABLE,0,5,,,SCALE_INSUFFICIENT,,True,,,,CURRENT_BAR_UNAVAILABLE,OBSERVATION_INSUFFICIENT,5,0,0,False,0,0,False,INHERITED_RAW_PRICE_BASIS,False,False
2025-08-20|78130,2025-08-20,78130,11:30,13:40,70,PARTIAL,2,3,,,SCALE_INSUFFICIENT,,True,,,,SCALE_UNAVAILABLE,OBSERVATION_INSUFFICIENT,6,0,0,False,0,0,False,INHERITED_RAW_PRICE_BASIS,False,False
2025-08-20|78130,2025-08-20,78130,11:30,13:45,75,PARTIAL,3,2,,,SCALE_INSUFFICIENT,,True,,,,SCALE_UNAVAILABLE,OBSERVATION_INSUFFICIENT,9,0,0,False,0,0,False,INHERITED_RAW_PRICE_BASIS,False,False
2025-08-20|78130,2025-08-20,78130,11:30,13:50,80,PARTIAL,1,4,,,SCALE_INSUFFICIENT,,True,,,,CURRENT_BAR_UNAVAILABLE,OBSERVATION_INSUFFICIENT,10,0,0,False,0,0,False,INHERITED_RAW_PRICE_BASIS,False,False
2025-08-20|78130,2025-08-20,78130,11:30,13:55,85,UNAVAILABLE,0,5,,,SCALE_INSUFFICIENT,,True,,,,CURRENT_BAR_UNAVAILABLE,OBSERVATION_INSUFFICIENT,10,0,0,False,0,0,False,INHERITED_RAW_PRICE_BASIS,False,False
2025-08-20|78130,2025-08-20,78130,11:30,14:00,90,UNAVAILABLE,0,5,,,SCALE_INSUFFICIENT,,True,,,,CURRENT_BAR_UNAVAILABLE,OBSERVATION_INSUFFICIENT,10,0,0,False,0,0,False,INHERITED_RAW_PRICE_BASIS,False,False
2025-08-20|78130,2025-08-20,78130,11:30,14:05,95,UNAVAILABLE,0,5,,,SCALE_INSUFFICIENT,,True,,,,CURRENT_BAR_UNAVAILABLE,OBSERVATION_INSUFFICIENT,10,0,0,False,0,0,False,INHERITED_RAW_PRICE_BASIS,False,False
2025-08-20|78130,2025-08-20,78130,11:30,14:10,100,UNAVAILABLE,0,5,,,SCALE_INSUFFICIENT,,True,,,,CURRENT_BAR_UNAVAILABLE,OBSERVATION_INSUFFICIENT,10,0,0,False,0,0,False,INHERITED_RAW_PRICE_BASIS,False,False
2025-08-20|78130,2025-08-20,78130,11:30,14:15,105,UNAVAILABLE,0,5,,,SCALE_INSUFFICIENT,,True,,,,CURRENT_BAR_UNAVAILABLE,OBSERVATION_INSUFFICIENT,10,0,0,False,0,0,False,INHERITED_RAW_PRICE_BASIS,False,False
2025-08-20|78130,2025-08-20,78130,11:30,14:20,110,UNAVAILABLE,0,5,,,SCALE_INSUFFICIENT,,True,,,,CURRENT_BAR_UNAVAILABLE,OBSERVATION_INSUFFICIENT,8,0,0,False,0,0,False,INHERITED_RAW_PRICE_BASIS,False,False
2025-08-20|78130,2025-08-20,78130,11:30,14:25,115,UNAVAILABLE,0,5,,,SCALE_INSUFFICIENT,,True,,,,CURRENT_BAR_UNAVAILABLE,OBSERVATION_INSUFFICIENT,8,0,0,False,0,0,False,INHERITED_RAW_PRICE_BASIS,False,False
2025-08-20|78130,2025-08-20,78130,11:30,14:30,120,PARTIAL,2,3,,,SCALE_INSUFFICIENT,,True,,,,SCALE_UNAVAILABLE,OBSERVATION_INSUFFICIENT,10,0,0,False,0,0,False,INHERITED_RAW_PRICE_BASIS,False,False
2025-08-20|78130,2025-08-20,78130,11:30,14:35,125,UNAVAILABLE,0,5,,,SCALE_INSUFFICIENT,,True,,,,CURRENT_BAR_UNAVAILABLE,OBSERVATION_INSUFFICIENT,10,0,0,False,0,0,False,INHERITED_RAW_PRICE_BASIS,False,False
2025-08-20|78130,2025-08-20,78130,11:30,14:40,130,UNAVAILABLE,0,5,,,SCALE_INSUFFICIENT,,True,,,,CURRENT_BAR_UNAVAILABLE,OBSERVATION_INSUFFICIENT,9,0,0,False,0,0,False,INHERITED_RAW_PRICE_BASIS,False,False
2025-08-20|78130,2025-08-20,78130,11:30,14:45,135,UNAVAILABLE,0,5,,,SCALE_INSUFFICIENT,,True,,,,CURRENT_BAR_UNAVAILABLE,OBSERVATION_INSUFFICIENT,9,0,0,False,0,0,False,INHERITED_RAW_PRICE_BASIS,False,False
2025-08-20|78130,2025-08-20,78130,11:30,14:50,140,PARTIAL,1,4,,,SCALE_INSUFFICIENT,,True,,,,CURRENT_BAR_UNAVAILABLE,OBSERVATION_INSUFFICIENT,10,0,0,False,0,0,False,INHERITED_RAW_PRICE_BASIS,False,False
2025-08-20|78130,2025-08-20,78130,11:30,14:55,145,UNAVAILABLE,0,5,,,SCALE_INSUFFICIENT,,True,,,,CURRENT_BAR_UNAVAILABLE,OBSERVATION_INSUFFICIENT,10,0,0,False,0,0,False,INHERITED_RAW_PRICE_BASIS,False,False
2025-08-20|78130,2025-08-20,78130,11:30,15:00,150,UNAVAILABLE,0,5,,,SCALE_INSUFFICIENT,,True,,,,CURRENT_BAR_UNAVAILABLE,OBSERVATION_INSUFFICIENT,9,0,0,False,0,0,False,INHERITED_RAW_PRICE_BASIS,False,False
2025-08-20|78130,2025-08-20,78130,11:30,15:05,155,UNAVAILABLE,0,5,,,SCALE_INSUFFICIENT,,True,,,,CURRENT_BAR_UNAVAILABLE,OBSERVATION_INSUFFICIENT,9,0,0,False,0,0,False,INHERITED_RAW_PRICE_BASIS,False,False
2025-08-20|78130,2025-08-20,78130,11:30,15:10,160,PARTIAL,1,4,,,SCALE_INSUFFICIENT,,True,,,,SCALE_UNAVAILABLE,OBSERVATION_INSUFFICIENT,9,0,0,False,0,0,False,INHERITED_RAW_PRICE_BASIS,False,False
2025-08-20|78130,2025-08-20,78130,11:30,15:15,165,UNAVAILABLE,0,5,,,SCALE_INSUFFICIENT,,True,,,,CURRENT_BAR_UNAVAILABLE,OBSERVATION_INSUFFICIENT,8,0,0,False,0,0,False,INHERITED_RAW_PRICE_BASIS,False,False
2025-08-20|78130,2025-08-20,78130,11:30,15:20,170,PARTIAL,1,4,,,SCALE_INSUFFICIENT,,True,,,,CURRENT_BAR_UNAVAILABLE,RIGHT_CENSORED,4,0,0,False,0,0,False,INHERITED_RAW_PRICE_BASIS,False,False
2025-08-20|78130,2025-08-20,78130,11:30,15:25,175,PARTIAL,1,4,,,SCALE_INSUFFICIENT,,True,,,,SCALE_UNAVAILABLE,RIGHT_CENSORED,0,0,0,False,0,0,False,INHERITED_RAW_PRICE_BASIS,False,False
2025-08-20|79230,2025-08-20,79230,15:00,15:00,0,PARTIAL,1,4,,,SCALE_INSUFFICIENT,,True,,,,CURRENT_BAR_UNAVAILABLE,OBSERVATION_INSUFFICIENT,9,0,0,False,4,0,False,INHERITED_RAW_PRICE_BASIS,False,False
2025-08-20|79230,2025-08-20,79230,15:00,15:05,5,UNAVAILABLE,0,5,,,SCALE_INSUFFICIENT,,True,,,,CURRENT_BAR_UNAVAILABLE,OBSERVATION_INSUFFICIENT,9,0,0,False,0,0,False,INHERITED_RAW_PRICE_BASIS,False,False
2025-08-20|79230,2025-08-20,79230,15:00,15:10,10,PARTIAL,1,4,,,SCALE_INSUFFICIENT,,True,,,,CURRENT_BAR_UNAVAILABLE,OBSERVATION_INSUFFICIENT,10,0,0,False,0,0,False,INHERITED_RAW_PRICE_BASIS,False,False
2025-08-20|79230,2025-08-20,79230,15:00,15:15,15,UNAVAILABLE,0,5,,,SCALE_INSUFFICIENT,,True,,,,CURRENT_BAR_UNAVAILABLE,OBSERVATION_INSUFFICIENT,10,0,0,False,0,0,False,INHERITED_RAW_PRICE_BASIS,False,False
2025-08-20|79230,2025-08-20,79230,15:00,15:20,20,UNAVAILABLE,0,5,,,SCALE_INSUFFICIENT,,True,,,,CURRENT_BAR_UNAVAILABLE,RIGHT_CENSORED,5,0,0,False,0,0,False,INHERITED_RAW_PRICE_BASIS,False,False
2025-08-20|79230,2025-08-20,79230,15:00,15:25,25,UNAVAILABLE,0,5,,,SCALE_INSUFFICIENT,,True,,,,CURRENT_BAR_UNAVAILABLE,RIGHT_CENSORED,0,0,0,False,0,0,False,INHERITED_RAW_PRICE_BASIS,False,False
2025-08-20|79460,2025-08-20,79460,13:00,13:00,0,PARTIAL,3,2,,,SCALE_INSUFFICIENT,,True,,,,SCALE_UNAVAILABLE,OBSERVATION_INSUFFICIENT,7,0,0,False,0,0,False,INHERITED_RAW_PRICE_BASIS,False,False
2025-08-20|79460,2025-08-20,79460,13:00,13:05,5,PARTIAL,1,4,,,SCALE_INSUFFICIENT,,True,,,,CURRENT_BAR_UNAVAILABLE,OBSERVATION_INSUFFICIENT,8,0,0,False,0,0,False,INHERITED_RAW_PRICE_BASIS,False,False
2025-08-20|79460,2025-08-20,79460,13:00,13:10,10,PARTIAL,2,3,,,SCALE_INSUFFICIENT,,True,,,,CURRENT_BAR_UNAVAILABLE,OBSERVATION_INSUFFICIENT,10,0,0,False,0,0,False,INHERITED_RAW_PRICE_BASIS,False,False
2025-08-20|79460,2025-08-20,79460,13:00,13:15,15,UNAVAILABLE,0,5,,,SCALE_INSUFFICIENT,,True,,,,CURRENT_BAR_UNAVAILABLE,OBSERVATION_INSUFFICIENT,10,0,0,False,0,0,False,INHERITED_RAW_PRICE_BASIS,False,False
2025-08-20|79460,2025-08-20,79460,13:00,13:20,20,UNAVAILABLE,0,5,,,SCALE_INSUFFICIENT,,True,,,,CURRENT_BAR_UNAVAILABLE,OBSERVATION_INSUFFICIENT,10,0,0,False,0,0,False,INHERITED_RAW_PRICE_BASIS,False,False
2025-08-20|79460,2025-08-20,79460,13:00,13:25,25,UNAVAILABLE,0,5,,,SCALE_INSUFFICIENT,,True,,,,CURRENT_BAR_UNAVAILABLE,OBSERVATION_INSUFFICIENT,10,0,0,False,0,0,False,INHERITED_RAW_PRICE_BASIS,False,False
2025-08-20|79460,2025-08-20,79460,13:00,13:30,30,UNAVAILABLE,0,5,,,SCALE_INSUFFICIENT,,True,,,,CURRENT_BAR_UNAVAILABLE,OBSERVATION_INSUFFICIENT,10,0,0,False,0,0,False,INHERITED_RAW_PRICE_BASIS,False,False
2025-08-20|79460,2025-08-20,79460,13:00,13:35,35,UNAVAILABLE,0,5,,,SCALE_INSUFFICIENT,,True,,,,CURRENT_BAR_UNAVAILABLE,OBSERVATION_INSUFFICIENT,9,0,0,False,0,0,False,INHERITED_RAW_PRICE_BASIS,False,False
2025-08-20|79460,2025-08-20,79460,13:00,13:40,40,UNAVAILABLE,0,5,,,SCALE_INSUFFICIENT,,True,,,,CURRENT_BAR_UNAVAILABLE,OBSERVATION_INSUFFICIENT,9,0,0,False,0,0,False,INHERITED_RAW_PRICE_BASIS,False,False
2025-08-20|79460,2025-08-20,79460,13:00,13:45,45,PARTIAL,1,4,,,SCALE_INSUFFICIENT,,True,,,,CURRENT_BAR_UNAVAILABLE,OBSERVATION_INSUFFICIENT,8,0,0,False,0,0,False,INHERITED_RAW_PRICE_BASIS,False,False
2025-08-20|79460,2025-08-20,79460,13:00,13:50,50,UNAVAILABLE,0,5,,,SCALE_INSUFFICIENT,,True,,,,CURRENT_BAR_UNAVAILABLE,OBSERVATION_INSUFFICIENT,6,0,0,False,0,0,False,INHERITED_RAW_PRICE_BASIS,False,False
2025-08-20|79460,2025-08-20,79460,13:00,13:55,55,PARTIAL,2,3,,,SCALE_INSUFFICIENT,,True,,,,CURRENT_BAR_UNAVAILABLE,OBSERVATION_INSUFFICIENT,8,0,0,False,0,0,False,INHERITED_RAW_PRICE_BASIS,False,False
2025-08-20|79460,2025-08-20,79460,13:00,14:00,60,PARTIAL,2,3,,,SCALE_INSUFFICIENT,,True,,,,CURRENT_BAR_UNAVAILABLE,OBSERVATION_INSUFFICIENT,9,0,0,False,0,0,False,INHERITED_RAW_PRICE_BASIS,False,False
2025-08-20|79460,2025-08-20,79460,13:00,14:05,65,UNAVAILABLE,0,5,,,SCALE_INSUFFICIENT,,True,,,,CURRENT_BAR_UNAVAILABLE,OBSERVATION_INSUFFICIENT,9,0,0,False,0,0,False,INHERITED_RAW_PRICE_BASIS,False,False
2025-08-20|79460,2025-08-20,79460,13:00,14:10,70,PARTIAL,1,4,,,SCALE_INSUFFICIENT,,True,,,,CURRENT_BAR_UNAVAILABLE,OBSERVATION_INSUFFICIENT,10,0,0,False,0,0,False,INHERITED_RAW_PRICE_BASIS,False,False
2025-08-20|79460,2025-08-20,79460,13:00,14:15,75,UNAVAILABLE,0,5,,,SCALE_INSUFFICIENT,,True,,,,CURRENT_BAR_UNAVAILABLE,OBSERVATION_INSUFFICIENT,10,0,0,False,0,0,False,INHERITED_RAW_PRICE_BASIS,False,False
2025-08-20|79460,2025-08-20,79460,13:00,14:20,80,UNAVAILABLE,0,5,,,SCALE_INSUFFICIENT,,True,,,,CURRENT_BAR_UNAVAILABLE,OBSERVATION_INSUFFICIENT,8,0,0,False,0,0,False,INHERITED_RAW_PRICE_BASIS,False,False
2025-08-20|79460,2025-08-20,79460,13:00,14:25,85,UNAVAILABLE,0,5,,,SCALE_INSUFFICIENT,,True,,,,CURRENT_BAR_UNAVAILABLE,OBSERVATION_INSUFFICIENT,7,0,0,False,0,0,False,INHERITED_RAW_PRICE_BASIS,False,False
2025-08-20|79460,2025-08-20,79460,13:00,14:30,90,PARTIAL,2,3,,,SCALE_INSUFFICIENT,,True,,,,CURRENT_BAR_UNAVAILABLE,OBSERVATION_INSUFFICIENT,9,0,0,False,0,0,False,INHERITED_RAW_PRICE_BASIS,False,False
2025-08-20|79460,2025-08-20,79460,13:00,14:35,95,PARTIAL,1,4,,,SCALE_INSUFFICIENT,,True,,,,CURRENT_BAR_UNAVAILABLE,OBSERVATION_INSUFFICIENT,10,0,0,False,0,0,False,INHERITED_RAW_PRICE_BASIS,False,False
2025-08-20|79460,2025-08-20,79460,13:00,14:40,100,UNAVAILABLE,0,5,,,SCALE_INSUFFICIENT,,True,,,,CURRENT_BAR_UNAVAILABLE,OBSERVATION_INSUFFICIENT,10,0,0,False,0,0,False,INHERITED_RAW_PRICE_BASIS,False,False
2025-08-20|79460,2025-08-20,79460,13:00,14:45,105,UNAVAILABLE,0,5,,,SCALE_INSUFFICIENT,,True,,,,CURRENT_BAR_UNAVAILABLE,OBSERVATION_INSUFFICIENT,10,0,0,False,0,0,False,INHERITED_RAW_PRICE_BASIS,False,False
2025-08-20|79460,2025-08-20,79460,13:00,14:50,110,UNAVAILABLE,0,5,,,SCALE_INSUFFICIENT,,True,,,,CURRENT_BAR_UNAVAILABLE,OBSERVATION_INSUFFICIENT,10,0,0,False,0,0,False,INHERITED_RAW_PRICE_BASIS,False,False
2025-08-20|79460,2025-08-20,79460,13:00,14:55,115,UNAVAILABLE,0,5,,,SCALE_INSUFFICIENT,,True,,,,CURRENT_BAR_UNAVAILABLE,OBSERVATION_INSUFFICIENT,10,0,0,False,0,0,False,INHERITED_RAW_PRICE_BASIS,False,False
2025-08-20|79460,2025-08-20,79460,13:00,15:00,120,UNAVAILABLE,0,5,,,SCALE_INSUFFICIENT,,True,,,,CURRENT_BAR_UNAVAILABLE,OBSERVATION_INSUFFICIENT,10,0,0,False,0,0,False,INHERITED_RAW_PRICE_BASIS,False,False
2025-08-20|79460,2025-08-20,79460,13:00,15:05,125,UNAVAILABLE,0,5,,,SCALE_INSUFFICIENT,,True,,,,CURRENT_BAR_UNAVAILABLE,OBSERVATION_INSUFFICIENT,7,0,0,False,0,0,False,INHERITED_RAW_PRICE_BASIS,False,False
2025-08-20|79460,2025-08-20,79460,13:00,15:10,130,UNAVAILABLE,0,5,,,SCALE_INSUFFICIENT,,True,,,,CURRENT_BAR_UNAVAILABLE,OBSERVATION_INSUFFICIENT,4,0,0,False,0,0,False,INHERITED_RAW_PRICE_BASIS,False,False
2025-08-20|79460,2025-08-20,79460,13:00,15:15,135,PARTIAL,3,2,,,SCALE_INSUFFICIENT,,True,,,,CURRENT_BAR_UNAVAILABLE,OBSERVATION_INSUFFICIENT,6,0,0,False,2,2,False,INHERITED_RAW_PRICE_BASIS,False,False
2025-08-20|79460,2025-08-20,79460,13:00,15:20,140,PARTIAL,3,2,,,SCALE_INSUFFICIENT,,True,,,,CURRENT_BAR_UNAVAILABLE,RIGHT_CENSORED,4,0,0,False,0,0,False,INHERITED_RAW_PRICE_BASIS,False,False
2025-08-20|79460,2025-08-20,79460,13:00,15:25,145,PARTIAL,1,4,,,SCALE_INSUFFICIENT,,True,,,,CURRENT_BAR_UNAVAILABLE,RIGHT_CENSORED,0,0,0,False,0,0,False,INHERITED_RAW_PRICE_BASIS,False,False
2025-08-20|81050,2025-08-20,81050,10:30,10:30,0,COMPLETE,5,0,DOWN,-1.9097222222222223,PREVIOUS_CONTEXT_UNAVAILABLE,,True,,,,SCALE_UNAVAILABLE,WINDOW_OBSERVED,0,0,0,False,0,0,False,INHERITED_RAW_PRICE_BASIS,False,False
2025-08-20|81050,2025-08-20,81050,10:30,10:35,5,COMPLETE,5,0,DOWN,-1.2367491166077738,PREVIOUS_CONTEXT_UNAVAILABLE,,True,,,,SCALE_UNAVAILABLE,WINDOW_OBSERVED,0,0,0,False,0,0,False,INHERITED_RAW_PRICE_BASIS,True,False
2025-08-20|81050,2025-08-20,81050,10:30,10:40,10,COMPLETE,5,0,UP,2.5,PREVIOUS_CONTEXT_UNAVAILABLE,,True,,,,SCALE_UNAVAILABLE,WINDOW_OBSERVED,0,0,0,False,0,0,False,INHERITED_RAW_PRICE_BASIS,True,False
2025-08-20|81050,2025-08-20,81050,10:30,10:45,15,COMPLETE,5,0,UP,0.6980802792321117,PREVIOUS_CONTEXT_UNAVAILABLE,,True,,,,SCALE_UNAVAILABLE,WINDOW_OBSERVED,0,0,0,False,0,0,False,INHERITED_RAW_PRICE_BASIS,True,False
2025-08-20|81050,2025-08-20,81050,10:30,10:50,20,COMPLETE,5,0,DOWN,-0.8665511265164645,PREVIOUS_CONTEXT_UNAVAILABLE,,True,,,,SCALE_UNAVAILABLE,WINDOW_OBSERVED,0,0,0,False,0,0,False,INHERITED_RAW_PRICE_BASIS,True,False
2025-08-20|81050,2025-08-20,81050,10:30,10:55,25,COMPLETE,5,0,UP,0.5235602094240838,PREVIOUS_CONTEXT_UNAVAILABLE,,True,,,,SCALE_UNAVAILABLE,WINDOW_OBSERVED,0,0,0,False,0,0,False,INHERITED_RAW_PRICE_BASIS,True,False
2025-08-20|81050,2025-08-20,81050,10:30,11:00,30,COMPLETE,5,0,DOWN,-0.5199306759098787,PREVIOUS_CONTEXT_UNAVAILABLE,,True,,,RANGE_COMPRESSION|VOLUME_COMPRESSION|TRADING_VALUE_COMPRESSION,SCALE_UNAVAILABLE,WINDOW_OBSERVED,0,0,0,False,0,0,False,INHERITED_RAW_PRICE_BASIS,True,False
2025-08-20|81050,2025-08-20,81050,10:30,11:05,35,COMPLETE,5,0,UP,0.17421602787456447,PREVIOUS_CONTEXT_UNAVAILABLE,,True,,,,SCALE_UNAVAILABLE,WINDOW_OBSERVED,0,0,0,False,0,0,False,INHERITED_RAW_PRICE_BASIS,True,False
2025-08-20|81050,2025-08-20,81050,10:30,11:10,40,COMPLETE,5,0,UP,1.2173913043478262,PREVIOUS_CONTEXT_UNAVAILABLE,,True,,,RANGE_EXPANSION|VOLUME_EXPANSION|TRADING_VALUE_EXPANSION,SCALE_UNAVAILABLE,WINDOW_OBSERVED,0,0,0,False,0,0,False,INHERITED_RAW_PRICE_BASIS,True,False
2025-08-20|81050,2025-08-20,81050,10:30,11:15,45,COMPLETE,5,0,DOWN,-0.8591065292096219,PREVIOUS_CONTEXT_UNAVAILABLE,,True,,,RANGE_COMPRESSION|VOLUME_COMPRESSION|TRADING_VALUE_COMPRESSION,SCALE_UNAVAILABLE,WINDOW_OBSERVED,0,0,0,False,0,0,False,INHERITED_RAW_PRICE_BASIS,True,False
2025-08-20|81050,2025-08-20,81050,10:30,11:20,50,COMPLETE,5,0,UP,2.4263431542461005,PREVIOUS_CONTEXT_UNAVAILABLE,,True,,,RANGE_EXPANSION|VOLUME_EXPANSION|TRADING_VALUE_EXPANSION,SCALE_UNAVAILABLE,WINDOW_OBSERVED,0,0,0,False,0,0,False,INHERITED_RAW_PRICE_BASIS,True,False
2025-08-20|81050,2025-08-20,81050,10:30,11:25,55,COMPLETE,5,0,UP,2.195945945945946,PREVIOUS_CONTEXT_UNAVAILABLE,,True,,,RANGE_EXPANSION|VOLUME_EXPANSION|TRADING_VALUE_EXPANSION,SCALE_UNAVAILABLE,OBSERVATION_INSUFFICIENT,2,0,0,False,0,0,False,INHERITED_RAW_PRICE_BASIS,True,False
2025-08-20|81050,2025-08-20,81050,10:30,11:30,60,COMPLETE,5,0,UP,3.1456953642384105,PREVIOUS_CONTEXT_UNAVAILABLE,,True,,,,SCALE_UNAVAILABLE,OBSERVATION_INSUFFICIENT,7,0,0,False,0,0,False,INHERITED_RAW_PRICE_BASIS,True,False
2025-08-20|81050,2025-08-20,81050,10:30,12:35,65,PARTIAL,3,2,,,PREVIOUS_CONTEXT_UNAVAILABLE,,True,,,,CURRENT_BAR_UNAVAILABLE,OBSERVATION_INSUFFICIENT,9,0,0,False,0,0,False,INHERITED_RAW_PRICE_BASIS,False,False
2025-08-20|81050,2025-08-20,81050,10:30,12:40,70,UNAVAILABLE,0,5,,,PREVIOUS_CONTEXT_UNAVAILABLE,,True,,,,CURRENT_BAR_UNAVAILABLE,OBSERVATION_INSUFFICIENT,6,0,0,False,0,0,False,INHERITED_RAW_PRICE_BASIS,False,False
2025-08-20|81050,2025-08-20,81050,10:30,12:45,75,PARTIAL,1,4,,,PREVIOUS_CONTEXT_UNAVAILABLE,,True,,,,CURRENT_BAR_UNAVAILABLE,OBSERVATION_INSUFFICIENT,6,0,0,False,0,0,False,INHERITED_RAW_PRICE_BASIS,False,False
2025-08-20|81050,2025-08-20,81050,10:30,12:50,80,PARTIAL,3,2,,,PREVIOUS_CONTEXT_UNAVAILABLE,,True,,,,CURRENT_BAR_UNAVAILABLE,OBSERVATION_INSUFFICIENT,9,0,0,False,0,0,False,INHERITED_RAW_PRICE_BASIS,False,False
2025-08-20|81050,2025-08-20,81050,10:30,12:55,85,PARTIAL,1,4,,,PREVIOUS_CONTEXT_UNAVAILABLE,,True,,,,CURRENT_BAR_UNAVAILABLE,OBSERVATION_INSUFFICIENT,8,0,0,False,0,0,False,INHERITED_RAW_PRICE_BASIS,False,False
2025-08-20|81050,2025-08-20,81050,10:30,13:00,90,UNAVAILABLE,0,5,,,PREVIOUS_CONTEXT_UNAVAILABLE,,True,,,,CURRENT_BAR_UNAVAILABLE,OBSERVATION_INSUFFICIENT,7,0,0,False,0,0,False,INHERITED_RAW_PRICE_BASIS,False,False
2025-08-20|81050,2025-08-20,81050,10:30,13:05,95,PARTIAL,2,3,,,PREVIOUS_CONTEXT_UNAVAILABLE,,True,,,,CURRENT_BAR_UNAVAILABLE,OBSERVATION_INSUFFICIENT,9,0,0,False,0,0,False,INHERITED_RAW_PRICE_BASIS,False,False
2025-08-20|81050,2025-08-20,81050,10:30,13:10,100,PARTIAL,1,4,,,PREVIOUS_CONTEXT_UNAVAILABLE,,True,,,,CURRENT_BAR_UNAVAILABLE,OBSERVATION_INSUFFICIENT,10,0,0,False,0,0,False,INHERITED_RAW_PRICE_BASIS,False,False
2025-08-20|81050,2025-08-20,81050,10:30,13:15,105,UNAVAILABLE,0,5,,,PREVIOUS_CONTEXT_UNAVAILABLE,,True,,,,CURRENT_BAR_UNAVAILABLE,OBSERVATION_INSUFFICIENT,10,0,0,False,0,0,False,INHERITED_RAW_PRICE_BASIS,False,False
2025-08-20|81050,2025-08-20,81050,10:30,13:20,110,UNAVAILABLE,0,5,,,PREVIOUS_CONTEXT_UNAVAILABLE,,True,,,,CURRENT_BAR_UNAVAILABLE,OBSERVATION_INSUFFICIENT,10,0,0,False,0,0,False,INHERITED_RAW_PRICE_BASIS,False,False
2025-08-20|81050,2025-08-20,81050,10:30,13:25,115,UNAVAILABLE,0,5,,,PREVIOUS_CONTEXT_UNAVAILABLE,,True,,,,CURRENT_BAR_UNAVAILABLE,OBSERVATION_INSUFFICIENT,10,0,0,False,0,0,False,INHERITED_RAW_PRICE_BASIS,False,False
2025-08-20|81050,2025-08-20,81050,10:30,13:30,120,UNAVAILABLE,0,5,,,PREVIOUS_CONTEXT_UNAVAILABLE,,True,,,,CURRENT_BAR_UNAVAILABLE,OBSERVATION_INSUFFICIENT,10,0,0,False,0,0,False,INHERITED_RAW_PRICE_BASIS,False,False
2025-08-20|81050,2025-08-20,81050,10:30,13:35,125,UNAVAILABLE,0,5,,,PREVIOUS_CONTEXT_UNAVAILABLE,,True,,,,CURRENT_BAR_UNAVAILABLE,OBSERVATION_INSUFFICIENT,10,0,0,False,0,0,False,INHERITED_RAW_PRICE_BASIS,False,False
2025-08-20|81050,2025-08-20,81050,10:30,13:40,130,UNAVAILABLE,0,5,,,PREVIOUS_CONTEXT_UNAVAILABLE,,True,,,,CURRENT_BAR_UNAVAILABLE,OBSERVATION_INSUFFICIENT,10,0,0,False,0,0,False,INHERITED_RAW_PRICE_BASIS,False,False
2025-08-20|81050,2025-08-20,81050,10:30,13:45,135,UNAVAILABLE,0,5,,,PREVIOUS_CONTEXT_UNAVAILABLE,,True,,,,CURRENT_BAR_UNAVAILABLE,OBSERVATION_INSUFFICIENT,10,0,0,False,0,0,False,INHERITED_RAW_PRICE_BASIS,False,False
2025-08-20|81050,2025-08-20,81050,10:30,13:50,140,UNAVAILABLE,0,5,,,PREVIOUS_CONTEXT_UNAVAILABLE,,True,,,,CURRENT_BAR_UNAVAILABLE,OBSERVATION_INSUFFICIENT,10,0,0,False,0,0,False,INHERITED_RAW_PRICE_BASIS,False,False
2025-08-20|81050,2025-08-20,81050,10:30,13:55,145,UNAVAILABLE,0,5,,,PREVIOUS_CONTEXT_UNAVAILABLE,,True,,,,CURRENT_BAR_UNAVAILABLE,OBSERVATION_INSUFFICIENT,10,0,0,False,0,0,False,INHERITED_RAW_PRICE_BASIS,False,False
2025-08-20|81050,2025-08-20,81050,10:30,14:00,150,UNAVAILABLE,0,5,,,PREVIOUS_CONTEXT_UNAVAILABLE,,True,,,,CURRENT_BAR_UNAVAILABLE,OBSERVATION_INSUFFICIENT,10,0,0,False,0,0,False,INHERITED_RAW_PRICE_BASIS,False,False
2025-08-20|81050,2025-08-20,81050,10:30,14:05,155,UNAVAILABLE,0,5,,,PREVIOUS_CONTEXT_UNAVAILABLE,,True,,,,CURRENT_BAR_UNAVAILABLE,OBSERVATION_INSUFFICIENT,10,0,0,False,0,0,False,INHERITED_RAW_PRICE_BASIS,False,False
2025-08-20|81050,2025-08-20,81050,10:30,14:10,160,UNAVAILABLE,0,5,,,PREVIOUS_CONTEXT_UNAVAILABLE,,True,,,,CURRENT_BAR_UNAVAILABLE,OBSERVATION_INSUFFICIENT,10,0,0,False,0,0,False,INHERITED_RAW_PRICE_BASIS,False,False
2025-08-20|81050,2025-08-20,81050,10:30,14:15,165,UNAVAILABLE,0,5,,,PREVIOUS_CONTEXT_UNAVAILABLE,,True,,,,CURRENT_BAR_UNAVAILABLE,OBSERVATION_INSUFFICIENT,10,0,0,False,0,0,False,INHERITED_RAW_PRICE_BASIS,False,False
2025-08-20|81050,2025-08-20,81050,10:30,14:20,170,UNAVAILABLE,0,5,,,PREVIOUS_CONTEXT_UNAVAILABLE,,True,,,,CURRENT_BAR_UNAVAILABLE,OBSERVATION_INSUFFICIENT,6,0,0,False,0,0,False,INHERITED_RAW_PRICE_BASIS,False,False
2025-08-20|81050,2025-08-20,81050,10:30,14:25,175,UNAVAILABLE,0,5,,,PREVIOUS_CONTEXT_UNAVAILABLE,,True,,,,CURRENT_BAR_UNAVAILABLE,OBSERVATION_INSUFFICIENT,1,0,0,False,0,0,False,INHERITED_RAW_PRICE_BASIS,False,False
2025-08-20|81050,2025-08-20,81050,10:30,14:30,180,PARTIAL,4,1,,,PREVIOUS_CONTEXT_UNAVAILABLE,,True,,,,SCALE_UNAVAILABLE,OBSERVATION_INSUFFICIENT,1,0,0,False,0,1,False,INHERITED_RAW_PRICE_BASIS,False,False
2025-08-20|81050,2025-08-20,81050,10:30,14:35,185,COMPLETE,5,0,UP,3.0595813204508855,PREVIOUS_CONTEXT_UNAVAILABLE,,True,,,,SCALE_UNAVAILABLE,OBSERVATION_INSUFFICIENT,1,0,0,False,0,0,False,INHERITED_RAW_PRICE_BASIS,False,False
2025-08-20|81050,2025-08-20,81050,10:30,14:40,190,PARTIAL,4,1,,,PREVIOUS_CONTEXT_UNAVAILABLE,,True,,,,SCALE_UNAVAILABLE,WINDOW_OBSERVED,0,0,0,False,0,0,False,INHERITED_RAW_PRICE_BASIS,False,False
2025-08-20|81050,2025-08-20,81050,10:30,14:45,195,COMPLETE,5,0,DOWN,-0.9389671361502347,PREVIOUS_CONTEXT_UNAVAILABLE,,True,,,,SCALE_UNAVAILABLE,WINDOW_OBSERVED,0,0,0,False,0,0,False,INHERITED_RAW_PRICE_BASIS,False,False
2025-08-20|81050,2025-08-20,81050,10:30,14:50,200,COMPLETE,5,0,DOWN,-1.4195583596214512,PREVIOUS_CONTEXT_UNAVAILABLE,,True,,,RANGE_EXPANSION|VOLUME_EXPANSION|TRADING_VALUE_EXPANSION,SCALE_UNAVAILABLE,WINDOW_OBSERVED,0,0,0,False,0,0,False,INHERITED_RAW_PRICE_BASIS,True,False
2025-08-20|81050,2025-08-20,81050,10:30,14:55,205,COMPLETE,5,0,UP,1.12,PREVIOUS_CONTEXT_UNAVAILABLE,,True,,,,SCALE_UNAVAILABLE,OBSERVATION_INSUFFICIENT,2,0,0,False,0,0,False,INHERITED_RAW_PRICE_BASIS,True,False
2025-08-20|81050,2025-08-20,81050,10:30,15:00,210,COMPLETE,5,0,UP,0.9508716323296355,PREVIOUS_CONTEXT_UNAVAILABLE,,True,,,RANGE_COMPRESSION,SCALE_UNAVAILABLE,OBSERVATION_INSUFFICIENT,3,0,0,False,0,0,False,INHERITED_RAW_PRICE_BASIS,True,False
2025-08-20|81050,2025-08-20,81050,10:30,15:05,215,PARTIAL,3,2,,,PREVIOUS_CONTEXT_UNAVAILABLE,,True,,,,CURRENT_BAR_UNAVAILABLE,OBSERVATION_INSUFFICIENT,2,0,0,False,0,0,False,INHERITED_RAW_PRICE_BASIS,False,False
2025-08-20|81050,2025-08-20,81050,10:30,15:10,220,PARTIAL,4,1,,,PREVIOUS_CONTEXT_UNAVAILABLE,,True,,,,SCALE_UNAVAILABLE,OBSERVATION_INSUFFICIENT,6,0,0,False,0,0,False,INHERITED_RAW_PRICE_BASIS,False,False
2025-08-20|81050,2025-08-20,81050,10:30,15:15,225,PARTIAL,4,1,,,PREVIOUS_CONTEXT_UNAVAILABLE,,True,,,,CURRENT_BAR_UNAVAILABLE,OBSERVATION_INSUFFICIENT,9,0,0,False,0,0,False,INHERITED_RAW_PRICE_BASIS,False,False
2025-08-20|81050,2025-08-20,81050,10:30,15:20,230,UNAVAILABLE,0,5,,,PREVIOUS_CONTEXT_UNAVAILABLE,,True,,,,CURRENT_BAR_UNAVAILABLE,RIGHT_CENSORED,4,0,0,False,0,0,False,INHERITED_RAW_PRICE_BASIS,False,False
2025-08-20|81050,2025-08-20,81050,10:30,15:25,235,PARTIAL,1,4,,,PREVIOUS_CONTEXT_UNAVAILABLE,,True,,,,CURRENT_BAR_UNAVAILABLE,RIGHT_CENSORED,0,0,0,False,0,0,False,INHERITED_RAW_PRICE_BASIS,False,False
2025-08-20|83490,2025-08-20,83490,09:30,09:30,0,COMPLETE,5,0,DOWN,-5.020352781546811,SCALE_INSUFFICIENT,,True,,,,SCALE_UNAVAILABLE,WINDOW_OBSERVED,0,0,0,False,0,0,False,INHERITED_RAW_PRICE_BASIS,False,False
2025-08-20|83490,2025-08-20,83490,09:30,09:35,5,COMPLETE,5,0,DOWN,-0.4297994269340974,SCALE_INSUFFICIENT,,True,,,RANGE_COMPRESSION|VOLUME_COMPRESSION|TRADING_VALUE_COMPRESSION,SCALE_UNAVAILABLE,WINDOW_OBSERVED,0,0,0,False,5,2,False,INHERITED_RAW_PRICE_BASIS,True,False
2025-08-20|83490,2025-08-20,83490,09:30,09:40,10,COMPLETE,5,0,DOWN,-0.7194244604316546,SCALE_INSUFFICIENT,,True,,,VOLUME_COMPRESSION|TRADING_VALUE_COMPRESSION,SCALE_UNAVAILABLE,WINDOW_OBSERVED,0,0,0,False,1,0,False,INHERITED_RAW_PRICE_BASIS,True,False
2025-08-20|83490,2025-08-20,83490,09:30,09:45,15,COMPLETE,5,0,UP,0.7994186046511628,SCALE_INSUFFICIENT,,True,,,,SCALE_UNAVAILABLE,WINDOW_OBSERVED,0,0,0,False,0,0,False,INHERITED_RAW_PRICE_BASIS,True,False
2025-08-20|83490,2025-08-20,83490,09:30,09:50,20,COMPLETE,5,0,DOWN,-0.4316546762589928,SCALE_INSUFFICIENT,,True,,,RANGE_COMPRESSION|VOLUME_COMPRESSION|TRADING_VALUE_COMPRESSION,SCALE_UNAVAILABLE,WINDOW_OBSERVED,0,0,0,False,0,0,False,INHERITED_RAW_PRICE_BASIS,True,False
2025-08-20|83490,2025-08-20,83490,09:30,09:55,25,COMPLETE,5,0,DOWN,-0.28901734104046245,SCALE_INSUFFICIENT,,True,,,RANGE_EXPANSION|VOLUME_EXPANSION|TRADING_VALUE_EXPANSION,SCALE_UNAVAILABLE,WINDOW_OBSERVED,0,0,0,False,3,2,False,INHERITED_RAW_PRICE_BASIS,True,False
2025-08-20|83490,2025-08-20,83490,09:30,10:00,30,COMPLETE,5,0,DOWN,-1.6,SCALE_INSUFFICIENT,,True,,,,SCALE_UNAVAILABLE,WINDOW_OBSERVED,0,0,0,False,1,1,False,INHERITED_RAW_PRICE_BASIS,True,False
2025-08-20|83490,2025-08-20,83490,09:30,10:05,35,COMPLETE,5,0,DOWN,-0.5912786400591279,SCALE_INSUFFICIENT,,True,,,RANGE_COMPRESSION,SCALE_UNAVAILABLE,WINDOW_OBSERVED,0,0,0,False,2,1,False,INHERITED_RAW_PRICE_BASIS,True,False
2025-08-20|83490,2025-08-20,83490,09:30,10:10,40,COMPLETE,5,0,UP,1.0408921933085502,SCALE_INSUFFICIENT,,True,,,VOLUME_COMPRESSION|TRADING_VALUE_COMPRESSION,SCALE_UNAVAILABLE,WINDOW_OBSERVED,0,0,0,False,3,3,False,INHERITED_RAW_PRICE_BASIS,True,False
2025-08-20|83490,2025-08-20,83490,09:30,10:15,45,COMPLETE,5,0,DOWN,-0.36791758646063283,SCALE_INSUFFICIENT,,True,,,RANGE_COMPRESSION|VOLUME_COMPRESSION|TRADING_VALUE_COMPRESSION,SCALE_UNAVAILABLE,OBSERVATION_INSUFFICIENT,1,0,0,False,0,0,False,INHERITED_RAW_PRICE_BASIS,True,False
2025-08-20|83490,2025-08-20,83490,09:30,10:20,50,COMPLETE,5,0,UNCHANGED,0.0,SCALE_INSUFFICIENT,,True,,,,SCALE_UNAVAILABLE,OBSERVATION_INSUFFICIENT,1,0,0,False,0,0,False,INHERITED_RAW_PRICE_BASIS,True,False
2025-08-20|83490,2025-08-20,83490,09:30,10:25,55,PARTIAL,4,1,,,SCALE_INSUFFICIENT,,True,,,,CURRENT_BAR_UNAVAILABLE,WINDOW_OBSERVED,0,0,0,False,0,0,False,INHERITED_RAW_PRICE_BASIS,False,False
2025-08-20|83490,2025-08-20,83490,09:30,10:30,60,COMPLETE,5,0,UP,0.22172949002217296,SCALE_INSUFFICIENT,,True,,,,SCALE_UNAVAILABLE,OBSERVATION_INSUFFICIENT,1,0,0,False,0,0,False,INHERITED_RAW_PRICE_BASIS,False,False
2025-08-20|83490,2025-08-20,83490,09:30,10:35,65,COMPLETE,5,0,DOWN,-0.5891016200294551,SCALE_INSUFFICIENT,,True,,,RANGE_EXPANSION|VOLUME_EXPANSION|TRADING_VALUE_EXPANSION,SCALE_UNAVAILABLE,OBSERVATION_INSUFFICIENT,1,0,0,False,0,0,False,INHERITED_RAW_PRICE_BASIS,True,False
2025-08-20|83490,2025-08-20,83490,09:30,10:40,70,PARTIAL,4,1,,,SCALE_INSUFFICIENT,,True,,,,SCALE_UNAVAILABLE,WINDOW_OBSERVED,0,0,0,False,0,0,False,INHERITED_RAW_PRICE_BASIS,False,False
2025-08-20|83490,2025-08-20,83490,09:30,10:45,75,COMPLETE,5,0,UP,0.07407407407407407,SCALE_INSUFFICIENT,,True,,,,SCALE_UNAVAILABLE,WINDOW_OBSERVED,0,0,0,False,0,0,False,INHERITED_RAW_PRICE_BASIS,False,False
2025-08-20|83490,2025-08-20,83490,09:30,10:50,80,COMPLETE,5,0,UP,1.1851851851851851,SCALE_INSUFFICIENT,,True,,,VOLUME_COMPRESSION|TRADING_VALUE_COMPRESSION,SCALE_UNAVAILABLE,WINDOW_OBSERVED,0,0,0,False,0,0,False,INHERITED_RAW_PRICE_BASIS,True,False
2025-08-20|83490,2025-08-20,83490,09:30,10:55,85,COMPLETE,5,0,DOWN,-0.36656891495601174,SCALE_INSUFFICIENT,,True,,,RANGE_COMPRESSION|VOLUME_EXPANSION|TRADING_VALUE_EXPANSION,SCALE_UNAVAILABLE,WINDOW_OBSERVED,0,0,0,False,0,0,False,INHERITED_RAW_PRICE_BASIS,True,False
2025-08-20|83490,2025-08-20,83490,09:30,11:00,90,COMPLETE,5,0,UP,0.8088235294117647,SCALE_INSUFFICIENT,,True,,,,SCALE_UNAVAILABLE,WINDOW_OBSERVED,0,0,0,False,0,0,False,INHERITED_RAW_PRICE_BASIS,True,False
2025-08-20|83490,2025-08-20,83490,09:30,11:05,95,COMPLETE,5,0,DOWN,-0.21865889212827988,SCALE_INSUFFICIENT,,True,,,,SCALE_UNAVAILABLE,OBSERVATION_INSUFFICIENT,1,0,0,False,0,0,False,INHERITED_RAW_PRICE_BASIS,True,False
2025-08-20|83490,2025-08-20,83490,09:30,11:10,100,COMPLETE,5,0,DOWN,-0.291970802919708,SCALE_INSUFFICIENT,,True,,,,SCALE_UNAVAILABLE,OBSERVATION_INSUFFICIENT,2,0,0,False,0,0,False,INHERITED_RAW_PRICE_BASIS,True,False
2025-08-20|83490,2025-08-20,83490,09:30,11:15,105,PARTIAL,4,1,,,SCALE_INSUFFICIENT,,True,,,,SCALE_UNAVAILABLE,OBSERVATION_INSUFFICIENT,2,0,0,False,0,0,False,INHERITED_RAW_PRICE_BASIS,False,False
2025-08-20|83490,2025-08-20,83490,09:30,11:20,110,PARTIAL,4,1,,,SCALE_INSUFFICIENT,,True,,,,SCALE_UNAVAILABLE,OBSERVATION_INSUFFICIENT,1,0,0,False,0,0,False,INHERITED_RAW_PRICE_BASIS,False,False
2025-08-20|83490,2025-08-20,83490,09:30,11:25,115,PARTIAL,4,1,,,SCALE_INSUFFICIENT,,True,,,,SCALE_UNAVAILABLE,WINDOW_OBSERVED,0,0,0,False,0,0,False,INHERITED_RAW_PRICE_BASIS,False,False
2025-08-20|83490,2025-08-20,83490,09:30,11:30,120,COMPLETE,5,0,DOWN,-0.21929824561403508,SCALE_INSUFFICIENT,,True,,,,SCALE_UNAVAILABLE,WINDOW_OBSERVED,0,0,0,False,0,0,False,INHERITED_RAW_PRICE_BASIS,False,False
2025-08-20|83490,2025-08-20,83490,09:30,12:35,125,COMPLETE,5,0,DOWN,-2.4727272727272727,SCALE_INSUFFICIENT,,True,,,,SCALE_UNAVAILABLE,WINDOW_OBSERVED,0,0,0,False,1,0,False,INHERITED_RAW_PRICE_BASIS,True,False
2025-08-20|83490,2025-08-20,83490,09:30,12:40,130,COMPLETE,5,0,DOWN,-0.14914243102162567,SCALE_INSUFFICIENT,,True,,,RANGE_COMPRESSION|VOLUME_COMPRESSION|TRADING_VALUE_COMPRESSION,SCALE_UNAVAILABLE,OBSERVATION_INSUFFICIENT,1,0,0,False,2,1,False,INHERITED_RAW_PRICE_BASIS,True,False
2025-08-20|83490,2025-08-20,83490,09:30,12:45,135,COMPLETE,5,0,UP,0.07468259895444361,SCALE_INSUFFICIENT,,True,,,RANGE_EXPANSION|VOLUME_COMPRESSION|TRADING_VALUE_COMPRESSION,SCALE_UNAVAILABLE,OBSERVATION_INSUFFICIENT,1,0,0,False,3,4,False,INHERITED_RAW_PRICE_BASIS,True,False
2025-08-20|83490,2025-08-20,83490,09:30,12:50,140,PARTIAL,4,1,,,SCALE_INSUFFICIENT,,True,,,,CURRENT_BAR_UNAVAILABLE,OBSERVATION_INSUFFICIENT,2,0,0,False,0,0,False,INHERITED_RAW_PRICE_BASIS,False,False
2025-08-20|83490,2025-08-20,83490,09:30,12:55,145,COMPLETE,5,0,DOWN,-0.44609665427509293,SCALE_INSUFFICIENT,,True,,,,SCALE_UNAVAILABLE,OBSERVATION_INSUFFICIENT,3,0,0,False,0,0,False,INHERITED_RAW_PRICE_BASIS,False,False
2025-08-20|83490,2025-08-20,83490,09:30,13:00,150,PARTIAL,3,2,,,SCALE_INSUFFICIENT,,True,,,,SCALE_UNAVAILABLE,OBSERVATION_INSUFFICIENT,2,0,0,False,0,0,False,INHERITED_RAW_PRICE_BASIS,False,False
2025-08-20|83490,2025-08-20,83490,09:30,13:05,155,PARTIAL,4,1,,,SCALE_INSUFFICIENT,,True,,,,SCALE_UNAVAILABLE,OBSERVATION_INSUFFICIENT,1,0,0,False,0,0,False,INHERITED_RAW_PRICE_BASIS,False,False
2025-08-20|83490,2025-08-20,83490,09:30,13:10,160,PARTIAL,4,1,,,SCALE_INSUFFICIENT,,True,,,,SCALE_UNAVAILABLE,WINDOW_OBSERVED,0,0,0,False,0,0,False,INHERITED_RAW_PRICE_BASIS,False,False
2025-08-20|83490,2025-08-20,83490,09:30,13:15,165,COMPLETE,5,0,DOWN,-0.07451564828614009,SCALE_INSUFFICIENT,,True,,,,SCALE_UNAVAILABLE,OBSERVATION_INSUFFICIENT,2,0,0,False,0,0,False,INHERITED_RAW_PRICE_BASIS,False,False
2025-08-20|83490,2025-08-20,83490,09:30,13:20,170,COMPLETE,5,0,DOWN,-0.29806259314456035,SCALE_INSUFFICIENT,,True,,,RANGE_EXPANSION|VOLUME_EXPANSION|TRADING_VALUE_EXPANSION,SCALE_UNAVAILABLE,OBSERVATION_INSUFFICIENT,2,0,0,False,0,0,False,INHERITED_RAW_PRICE_BASIS,True,False
2025-08-20|83490,2025-08-20,83490,09:30,13:25,175,PARTIAL,3,2,,,SCALE_INSUFFICIENT,,True,,,,SCALE_UNAVAILABLE,WINDOW_OBSERVED,0,0,0,False,0,0,False,INHERITED_RAW_PRICE_BASIS,False,False
2025-08-20|83490,2025-08-20,83490,09:30,13:30,180,COMPLETE,5,0,DOWN,-0.14936519790888722,SCALE_INSUFFICIENT,,True,,,,SCALE_UNAVAILABLE,OBSERVATION_INSUFFICIENT,1,0,0,False,0,0,False,INHERITED_RAW_PRICE_BASIS,False,False
2025-08-20|83490,2025-08-20,83490,09:30,13:35,185,COMPLETE,5,0,DOWN,-0.22404779686333084,SCALE_INSUFFICIENT,,True,,,VOLUME_EXPANSION|TRADING_VALUE_EXPANSION,SCALE_UNAVAILABLE,OBSERVATION_INSUFFICIENT,1,0,0,False,0,0,False,INHERITED_RAW_PRICE_BASIS,True,False
2025-08-20|83490,2025-08-20,83490,09:30,13:40,190,PARTIAL,4,1,,,SCALE_INSUFFICIENT,,True,,,,SCALE_UNAVAILABLE,OBSERVATION_INSUFFICIENT,1,0,0,False,0,0,False,INHERITED_RAW_PRICE_BASIS,False,False
2025-08-20|83490,2025-08-20,83490,09:30,13:45,195,COMPLETE,5,0,DOWN,-0.14947683109118087,SCALE_INSUFFICIENT,,True,,,,SCALE_UNAVAILABLE,OBSERVATION_INSUFFICIENT,2,0,0,False,0,0,False,INHERITED_RAW_PRICE_BASIS,False,False
2025-08-20|83490,2025-08-20,83490,09:30,13:50,200,PARTIAL,4,1,,,SCALE_INSUFFICIENT,,True,,,,SCALE_UNAVAILABLE,OBSERVATION_INSUFFICIENT,2,0,0,False,0,0,False,INHERITED_RAW_PRICE_BASIS,False,False
2025-08-20|83490,2025-08-20,83490,09:30,13:55,205,PARTIAL,4,1,,,SCALE_INSUFFICIENT,,True,,,,SCALE_UNAVAILABLE,OBSERVATION_INSUFFICIENT,4,0,0,False,0,0,False,INHERITED_RAW_PRICE_BASIS,False,False
2025-08-20|83490,2025-08-20,83490,09:30,14:00,210,PARTIAL,4,1,,,SCALE_INSUFFICIENT,,True,,,,SCALE_UNAVAILABLE,OBSERVATION_INSUFFICIENT,4,0,0,False,0,0,False,INHERITED_RAW_PRICE_BASIS,False,False
2025-08-20|83490,2025-08-20,83490,09:30,14:05,215,PARTIAL,2,3,,,SCALE_INSUFFICIENT,,True,,,,SCALE_UNAVAILABLE,OBSERVATION_INSUFFICIENT,3,0,0,False,0,0,False,INHERITED_RAW_PRICE_BASIS,False,False
2025-08-20|83490,2025-08-20,83490,09:30,14:10,220,PARTIAL,4,1,,,SCALE_INSUFFICIENT,,True,,,,CURRENT_BAR_UNAVAILABLE,OBSERVATION_INSUFFICIENT,3,0,0,False,0,0,False,INHERITED_RAW_PRICE_BASIS,False,False
2025-08-20|83490,2025-08-20,83490,09:30,14:15,225,PARTIAL,3,2,,,SCALE_INSUFFICIENT,,True,,,,CURRENT_BAR_UNAVAILABLE,OBSERVATION_INSUFFICIENT,1,0,0,False,0,0,False,INHERITED_RAW_PRICE_BASIS,False,False
2025-08-20|83490,2025-08-20,83490,09:30,14:20,230,PARTIAL,4,1,,,SCALE_INSUFFICIENT,,True,,,,SCALE_UNAVAILABLE,OBSERVATION_INSUFFICIENT,1,0,0,False,0,0,False,INHERITED_RAW_PRICE_BASIS,False,False
2025-08-20|83490,2025-08-20,83490,09:30,14:25,235,COMPLETE,5,0,DOWN,-0.2242152466367713,SCALE_INSUFFICIENT,,True,,,,SCALE_UNAVAILABLE,OBSERVATION_INSUFFICIENT,2,0,0,False,0,0,False,INHERITED_RAW_PRICE_BASIS,False,False
2025-08-20|83490,2025-08-20,83490,09:30,14:30,240,PARTIAL,4,1,,,SCALE_INSUFFICIENT,,True,,,,SCALE_UNAVAILABLE,OBSERVATION_INSUFFICIENT,2,0,0,False,0,0,False,INHERITED_RAW_PRICE_BASIS,False,False
2025-08-20|83490,2025-08-20,83490,09:30,14:35,245,PARTIAL,4,1,,,SCALE_INSUFFICIENT,,True,,,,CURRENT_BAR_UNAVAILABLE,OBSERVATION_INSUFFICIENT,3,0,0,False,0,0,False,INHERITED_RAW_PRICE_BASIS,False,False
2025-08-20|83490,2025-08-20,83490,09:30,14:40,250,PARTIAL,4,1,,,SCALE_INSUFFICIENT,,True,,,,SCALE_UNAVAILABLE,OBSERVATION_INSUFFICIENT,6,0,0,False,0,0,False,INHERITED_RAW_PRICE_BASIS,False,False
2025-08-20|83490,2025-08-20,83490,09:30,14:45,255,PARTIAL,3,2,,,SCALE_INSUFFICIENT,,True,,,,SCALE_UNAVAILABLE,OBSERVATION_INSUFFICIENT,8,0,0,False,0,0,False,INHERITED_RAW_PRICE_BASIS,False,False
2025-08-20|83490,2025-08-20,83490,09:30,14:50,260,PARTIAL,1,4,,,SCALE_INSUFFICIENT,,True,,,,CURRENT_BAR_UNAVAILABLE,OBSERVATION_INSUFFICIENT,7,0,0,False,0,0,False,INHERITED_RAW_PRICE_BASIS,False,False
2025-08-20|83490,2025-08-20,83490,09:30,14:55,265,PARTIAL,1,4,,,SCALE_INSUFFICIENT,,True,,,,CURRENT_BAR_UNAVAILABLE,OBSERVATION_INSUFFICIENT,3,0,0,False,0,0,False,INHERITED_RAW_PRICE_BASIS,False,False
2025-08-20|83490,2025-08-20,83490,09:30,15:00,270,PARTIAL,2,3,,,SCALE_INSUFFICIENT,,True,,,,CURRENT_BAR_UNAVAILABLE,OBSERVATION_INSUFFICIENT,1,0,0,False,0,0,False,INHERITED_RAW_PRICE_BASIS,False,False
2025-08-20|83490,2025-08-20,83490,09:30,15:05,275,COMPLETE,5,0,UP,0.7451564828614009,SCALE_INSUFFICIENT,,True,,,,SCALE_UNAVAILABLE,OBSERVATION_INSUFFICIENT,2,0,0,False,0,0,False,INHERITED_RAW_PRICE_BASIS,False,False
2025-08-20|83490,2025-08-20,83490,09:30,15:10,280,PARTIAL,4,1,,,SCALE_INSUFFICIENT,,True,,,,SCALE_UNAVAILABLE,OBSERVATION_INSUFFICIENT,2,0,0,False,0,0,False,INHERITED_RAW_PRICE_BASIS,False,False
2025-08-20|83490,2025-08-20,83490,09:30,15:15,285,PARTIAL,4,1,,,SCALE_INSUFFICIENT,,True,,,,SCALE_UNAVAILABLE,OBSERVATION_INSUFFICIENT,1,0,0,False,0,0,False,INHERITED_RAW_PRICE_BASIS,False,False
2025-08-20|83490,2025-08-20,83490,09:30,15:20,290,PARTIAL,4,1,,,SCALE_INSUFFICIENT,,True,,,,SCALE_UNAVAILABLE,RIGHT_CENSORED,0,0,0,False,0,0,False,INHERITED_RAW_PRICE_BASIS,False,False
2025-08-20|83490,2025-08-20,83490,09:30,15:25,295,COMPLETE,5,0,UNCHANGED,0.0,SCALE_INSUFFICIENT,,True,,,,SCALE_UNAVAILABLE,RIGHT_CENSORED,0,0,0,False,0,0,False,INHERITED_RAW_PRICE_BASIS,False,False
2025-08-20|87460,2025-08-20,87460,09:30,09:30,0,COMPLETE,5,0,UP,0.42735042735042733,AVAILABLE,6.0,True,,,RANGE_COMPRESSION|VOLUME_COMPRESSION|TRADING_VALUE_COMPRESSION,UNRESOLVED_STRUCTURE,OBSERVATION_INSUFFICIENT,1,0,3,False,0,0,False,INHERITED_RAW_PRICE_BASIS,False,False
2025-08-20|87460,2025-08-20,87460,09:30,09:35,5,COMPLETE,5,0,UNCHANGED,0.0,AVAILABLE,6.0,True,,,VOLUME_COMPRESSION|TRADING_VALUE_COMPRESSION,UNRESOLVED_STRUCTURE,OBSERVATION_INSUFFICIENT,1,0,3,False,0,0,False,INHERITED_RAW_PRICE_BASIS,True,False
2025-08-20|87460,2025-08-20,87460,09:30,09:40,10,PARTIAL,4,1,,,AVAILABLE,6.0,True,,,,UNRESOLVED_STRUCTURE,WINDOW_OBSERVED,0,0,1,False,1,1,False,INHERITED_RAW_PRICE_BASIS,False,False
2025-08-20|87460,2025-08-20,87460,09:30,09:45,15,COMPLETE,5,0,DOWN,-0.423728813559322,AVAILABLE,6.0,True,,,,UNRESOLVED_STRUCTURE,WINDOW_OBSERVED,0,1,2,False,0,0,False,INHERITED_RAW_PRICE_BASIS,False,False
2025-08-20|87460,2025-08-20,87460,09:30,09:50,20,COMPLETE,5,0,UP,0.2127659574468085,AVAILABLE,6.0,True,,,CHOPPINESS|RANGE_EXPANSION|VOLUME_EXPANSION|TRADING_VALUE_EXPANSION,UNRESOLVED_STRUCTURE,WINDOW_OBSERVED,0,1,2,False,0,0,False,INHERITED_RAW_PRICE_BASIS,True,False
2025-08-20|87460,2025-08-20,87460,09:30,09:55,25,COMPLETE,5,0,DOWN,-0.6369426751592356,AVAILABLE,6.0,True,,,RANGE_EXPANSION|VOLUME_EXPANSION|TRADING_VALUE_EXPANSION,UNRESOLVED_STRUCTURE,OBSERVATION_INSUFFICIENT,1,0,2,False,0,1,False,INHERITED_RAW_PRICE_BASIS,True,False
2025-08-20|87460,2025-08-20,87460,09:30,10:00,30,COMPLETE,5,0,UP,0.21367521367521367,AVAILABLE,6.0,True,,,RANGE_COMPRESSION|VOLUME_COMPRESSION|TRADING_VALUE_COMPRESSION,UNRESOLVED_STRUCTURE,OBSERVATION_INSUFFICIENT,1,0,2,False,0,0,False,INHERITED_RAW_PRICE_BASIS,True,False
2025-08-20|87460,2025-08-20,87460,09:30,10:05,35,PARTIAL,4,1,,,AVAILABLE,6.0,True,,,,UNRESOLVED_STRUCTURE,WINDOW_OBSERVED,0,0,0,False,1,1,False,INHERITED_RAW_PRICE_BASIS,False,False
2025-08-20|87460,2025-08-20,87460,09:30,10:10,40,COMPLETE,5,0,DOWN,-0.42283298097251587,AVAILABLE,6.0,True,,,,UNRESOLVED_STRUCTURE,OBSERVATION_INSUFFICIENT,1,0,0,False,0,0,False,INHERITED_RAW_PRICE_BASIS,False,False
2025-08-20|87460,2025-08-20,87460,09:30,10:15,45,COMPLETE,5,0,UP,0.21231422505307856,AVAILABLE,6.0,True,,,RANGE_COMPRESSION|VOLUME_EXPANSION|TRADING_VALUE_EXPANSION,UNRESOLVED_STRUCTURE,OBSERVATION_INSUFFICIENT,2,0,0,False,0,0,False,INHERITED_RAW_PRICE_BASIS,True,False
2025-08-20|87460,2025-08-20,87460,09:30,10:20,50,PARTIAL,4,1,,,AVAILABLE,6.0,True,,,,CURRENT_BAR_UNAVAILABLE,OBSERVATION_INSUFFICIENT,4,0,0,False,0,0,False,INHERITED_RAW_PRICE_BASIS,False,False
2025-08-20|87460,2025-08-20,87460,09:30,10:25,55,PARTIAL,4,1,,,AVAILABLE,6.0,True,,,,UNRESOLVED_STRUCTURE,OBSERVATION_INSUFFICIENT,4,0,0,False,0,0,False,INHERITED_RAW_PRICE_BASIS,False,False
2025-08-20|87460,2025-08-20,87460,09:30,10:30,60,PARTIAL,2,3,,,AVAILABLE,6.0,True,,,,CURRENT_BAR_UNAVAILABLE,OBSERVATION_INSUFFICIENT,1,0,0,False,0,0,False,INHERITED_RAW_PRICE_BASIS,False,False
2025-08-20|87460,2025-08-20,87460,09:30,10:35,65,PARTIAL,4,1,,,AVAILABLE,6.0,True,,,,CURRENT_BAR_UNAVAILABLE,WINDOW_OBSERVED,0,0,0,False,0,0,False,INHERITED_RAW_PRICE_BASIS,False,False
2025-08-20|87460,2025-08-20,87460,09:30,10:40,70,COMPLETE,5,0,UP,0.21413276231263384,AVAILABLE,6.0,True,,,,UNRESOLVED_STRUCTURE,WINDOW_OBSERVED,0,1,1,False,0,0,False,INHERITED_RAW_PRICE_BASIS,False,False
2025-08-20|87460,2025-08-20,87460,09:30,10:45,75,COMPLETE,5,0,UP,1.2820512820512822,AVAILABLE,6.0,True,,,RANGE_EXPANSION|VOLUME_EXPANSION|TRADING_VALUE_EXPANSION,UNRESOLVED_STRUCTURE,OBSERVATION_INSUFFICIENT,1,0,1,False,0,0,False,INHERITED_RAW_PRICE_BASIS,True,False
2025-08-20|87460,2025-08-20,87460,09:30,10:50,80,COMPLETE,5,0,DOWN,-0.8438818565400844,AVAILABLE,6.0,True,,,RANGE_COMPRESSION|VOLUME_COMPRESSION|TRADING_VALUE_COMPRESSION,UNRESOLVED_STRUCTURE,OBSERVATION_INSUFFICIENT,1,0,1,False,0,0,False,INHERITED_RAW_PRICE_BASIS,True,False
2025-08-20|87460,2025-08-20,87460,09:30,10:55,85,PARTIAL,4,1,,,AVAILABLE,6.0,True,,,,UNRESOLVED_STRUCTURE,WINDOW_OBSERVED,0,1,1,False,0,0,False,INHERITED_RAW_PRICE_BASIS,False,False
2025-08-20|87460,2025-08-20,87460,09:30,11:00,90,COMPLETE,5,0,UP,4.264392324093817,AVAILABLE,6.0,True,,,,UNRESOLVED_STRUCTURE,WINDOW_OBSERVED,0,1,2,False,0,0,False,INHERITED_RAW_PRICE_BASIS,False,False
2025-08-20|87460,2025-08-20,87460,09:30,11:05,95,COMPLETE,5,0,DOWN,-1.6326530612244898,AVAILABLE,6.0,True,,,RANGE_COMPRESSION|VOLUME_COMPRESSION|TRADING_VALUE_COMPRESSION,UNRESOLVED_STRUCTURE,WINDOW_OBSERVED,0,0,2,False,0,0,False,INHERITED_RAW_PRICE_BASIS,True,False
2025-08-20|87460,2025-08-20,87460,09:30,11:10,100,COMPLETE,5,0,UP,0.2074688796680498,AVAILABLE,6.0,True,,,RANGE_COMPRESSION,UNRESOLVED_STRUCTURE,WINDOW_OBSERVED,0,0,2,False,0,0,False,INHERITED_RAW_PRICE_BASIS,True,False
2025-08-20|87460,2025-08-20,87460,09:30,11:15,105,COMPLETE,5,0,UP,0.4132231404958678,AVAILABLE,6.0,True,,,VOLUME_COMPRESSION|TRADING_VALUE_COMPRESSION,UNRESOLVED_STRUCTURE,WINDOW_OBSERVED,0,0,2,False,0,0,False,INHERITED_RAW_PRICE_BASIS,True,False
2025-08-20|87460,2025-08-20,87460,09:30,11:20,110,COMPLETE,5,0,DOWN,-0.20618556701030927,AVAILABLE,6.0,True,,RECOVERY,CHOPPINESS|VOLUME_COMPRESSION|TRADING_VALUE_COMPRESSION,UNRESOLVED_STRUCTURE,WINDOW_OBSERVED,0,1,3,False,0,0,True,INHERITED_RAW_PRICE_BASIS,True,True
2025-08-20|87460,2025-08-20,87460,09:30,11:25,115,COMPLETE,5,0,UP,0.6198347107438017,AVAILABLE,6.0,True,,RECOVERY,VOLUME_COMPRESSION|TRADING_VALUE_COMPRESSION,UNRESOLVED_STRUCTURE,WINDOW_OBSERVED,0,1,3,False,0,0,True,INHERITED_RAW_PRICE_BASIS,True,False
2025-08-20|87460,2025-08-20,87460,09:30,11:30,120,COMPLETE,5,0,UNCHANGED,0.0,AVAILABLE,6.0,True,,RECOVERY,RANGE_COMPRESSION,UNRESOLVED_STRUCTURE,WINDOW_OBSERVED,0,0,3,False,0,0,True,INHERITED_RAW_PRICE_BASIS,True,False
2025-08-20|87460,2025-08-20,87460,09:30,12:35,125,COMPLETE,5,0,UP,1.2345679012345678,AVAILABLE,6.0,True,,,,UNRESOLVED_STRUCTURE,WINDOW_OBSERVED,0,1,1,False,0,0,False,INHERITED_RAW_PRICE_BASIS,True,True
2025-08-20|87460,2025-08-20,87460,09:30,12:40,130,COMPLETE,5,0,DOWN,-0.2032520325203252,AVAILABLE,6.0,True,,,RANGE_COMPRESSION|VOLUME_COMPRESSION|TRADING_VALUE_COMPRESSION,UNRESOLVED_STRUCTURE,WINDOW_OBSERVED,0,1,1,False,0,0,False,INHERITED_RAW_PRICE_BASIS,True,False
2025-08-20|87460,2025-08-20,87460,09:30,12:45,135,COMPLETE,5,0,UP,1.4256619144602851,AVAILABLE,6.0,True,,,RANGE_EXPANSION|VOLUME_EXPANSION|TRADING_VALUE_EXPANSION,UNRESOLVED_STRUCTURE,WINDOW_OBSERVED,0,0,1,False,0,0,False,INHERITED_RAW_PRICE_BASIS,True,False
2025-08-20|87460,2025-08-20,87460,09:30,12:50,140,COMPLETE,5,0,UP,1.0060362173038229,AVAILABLE,6.0,True,,,VOLUME_EXPANSION|TRADING_VALUE_EXPANSION,UNRESOLVED_STRUCTURE,WINDOW_OBSERVED,0,1,2,False,0,0,False,INHERITED_RAW_PRICE_BASIS,True,False
2025-08-20|87460,2025-08-20,87460,09:30,12:55,145,COMPLETE,5,0,UNCHANGED,0.0,AVAILABLE,6.0,True,,,VOLUME_EXPANSION|TRADING_VALUE_EXPANSION,UNRESOLVED_STRUCTURE,OBSERVATION_INSUFFICIENT,3,1,2,False,0,0,False,INHERITED_RAW_PRICE_BASIS,True,False
2025-08-20|87460,2025-08-20,87460,09:30,13:00,150,COMPLETE,5,0,DOWN,-1.6,AVAILABLE,6.0,True,,,RANGE_EXPANSION|VOLUME_COMPRESSION|TRADING_VALUE_COMPRESSION,UNRESOLVED_STRUCTURE,OBSERVATION_INSUFFICIENT,3,0,2,False,0,0,False,INHERITED_RAW_PRICE_BASIS,True,False
2025-08-20|87460,2025-08-20,87460,09:30,13:05,155,PARTIAL,2,3,,,AVAILABLE,6.0,True,,,,UNRESOLVED_STRUCTURE,WINDOW_OBSERVED,0,0,0,False,0,0,False,INHERITED_RAW_PRICE_BASIS,False,False
2025-08-20|87460,2025-08-20,87460,09:30,13:10,160,COMPLETE,5,0,DOWN,-0.4056795131845842,AVAILABLE,6.0,True,,,,UNRESOLVED_STRUCTURE,WINDOW_OBSERVED,0,0,0,False,0,0,False,INHERITED_RAW_PRICE_BASIS,False,False
2025-08-20|87460,2025-08-20,87460,09:30,13:15,165,COMPLETE,5,0,UP,0.40816326530612246,AVAILABLE,6.0,True,,,CHOPPINESS|VOLUME_EXPANSION|TRADING_VALUE_EXPANSION,UNRESOLVED_STRUCTURE,OBSERVATION_INSUFFICIENT,2,1,1,False,0,0,False,INHERITED_RAW_PRICE_BASIS,True,False
2025-08-20|87460,2025-08-20,87460,09:30,13:20,170,COMPLETE,5,0,UP,0.4065040650406504,AVAILABLE,6.0,True,,,VOLUME_COMPRESSION|TRADING_VALUE_COMPRESSION,UNRESOLVED_STRUCTURE,OBSERVATION_INSUFFICIENT,4,0,1,False,0,0,False,INHERITED_RAW_PRICE_BASIS,True,False
2025-08-20|87460,2025-08-20,87460,09:30,13:25,175,PARTIAL,3,2,,,AVAILABLE,6.0,True,,,,UNRESOLVED_STRUCTURE,OBSERVATION_INSUFFICIENT,3,0,0,False,0,0,False,INHERITED_RAW_PRICE_BASIS,False,False
2025-08-20|87460,2025-08-20,87460,09:30,13:30,180,PARTIAL,3,2,,,AVAILABLE,6.0,True,,,,UNRESOLVED_STRUCTURE,OBSERVATION_INSUFFICIENT,4,0,0,False,0,0,False,INHERITED_RAW_PRICE_BASIS,False,False
2025-08-20|87460,2025-08-20,87460,09:30,13:35,185,PARTIAL,4,1,,,AVAILABLE,6.0,True,,,,UNRESOLVED_STRUCTURE,OBSERVATION_INSUFFICIENT,4,0,0,False,0,0,False,INHERITED_RAW_PRICE_BASIS,False,False
2025-08-20|87460,2025-08-20,87460,09:30,13:40,190,PARTIAL,2,3,,,AVAILABLE,6.0,True,,,,UNRESOLVED_STRUCTURE,OBSERVATION_INSUFFICIENT,4,0,0,False,0,0,False,INHERITED_RAW_PRICE_BASIS,False,False
2025-08-20|87460,2025-08-20,87460,09:30,13:45,195,PARTIAL,4,1,,,AVAILABLE,6.0,True,,,,UNRESOLVED_STRUCTURE,OBSERVATION_INSUFFICIENT,6,0,0,False,0,0,False,INHERITED_RAW_PRICE_BASIS,False,False
2025-08-20|87460,2025-08-20,87460,09:30,13:50,200,PARTIAL,2,3,,,AVAILABLE,6.0,True,,,,CURRENT_BAR_UNAVAILABLE,OBSERVATION_INSUFFICIENT,5,0,0,False,0,0,False,INHERITED_RAW_PRICE_BASIS,False,False
2025-08-20|87460,2025-08-20,87460,09:30,13:55,205,PARTIAL,2,3,,,AVAILABLE,6.0,True,,,,CURRENT_BAR_UNAVAILABLE,OBSERVATION_INSUFFICIENT,4,0,0,False,0,0,False,INHERITED_RAW_PRICE_BASIS,False,False
2025-08-20|87460,2025-08-20,87460,09:30,14:00,210,PARTIAL,3,2,,,AVAILABLE,6.0,True,,,,CURRENT_BAR_UNAVAILABLE,OBSERVATION_INSUFFICIENT,2,0,0,False,0,0,False,INHERITED_RAW_PRICE_BASIS,False,False
2025-08-20|87460,2025-08-20,87460,09:30,14:05,215,PARTIAL,3,2,,,AVAILABLE,6.0,True,,,,UNRESOLVED_STRUCTURE,WINDOW_OBSERVED,0,0,0,False,0,0,False,INHERITED_RAW_PRICE_BASIS,False,False
2025-08-20|87460,2025-08-20,87460,09:30,14:10,220,COMPLETE,5,0,DOWN,-0.40080160320641284,AVAILABLE,6.0,True,,,,UNRESOLVED_STRUCTURE,OBSERVATION_INSUFFICIENT,1,0,0,False,0,0,False,INHERITED_RAW_PRICE_BASIS,False,False
2025-08-20|87460,2025-08-20,87460,09:30,14:15,225,COMPLETE,5,0,UP,0.4024144869215292,AVAILABLE,6.0,True,,,VOLUME_EXPANSION|TRADING_VALUE_EXPANSION,UNRESOLVED_STRUCTURE,OBSERVATION_INSUFFICIENT,1,0,0,False,0,0,False,INHERITED_RAW_PRICE_BASIS,True,False
2025-08-20|87460,2025-08-20,87460,09:30,14:20,230,PARTIAL,4,1,,,AVAILABLE,6.0,True,,,,UNRESOLVED_STRUCTURE,OBSERVATION_INSUFFICIENT,1,1,1,False,0,0,False,INHERITED_RAW_PRICE_BASIS,False,False
2025-08-20|87460,2025-08-20,87460,09:30,14:25,235,COMPLETE,5,0,UP,0.8016032064128257,AVAILABLE,6.0,True,,,,UNRESOLVED_STRUCTURE,OBSERVATION_INSUFFICIENT,4,0,1,False,0,0,False,INHERITED_RAW_PRICE_BASIS,False,False
2025-08-20|87460,2025-08-20,87460,09:30,14:30,240,PARTIAL,4,1,,,AVAILABLE,6.0,True,,,,UNRESOLVED_STRUCTURE,OBSERVATION_INSUFFICIENT,5,0,0,False,0,0,False,INHERITED_RAW_PRICE_BASIS,False,False
2025-08-20|87460,2025-08-20,87460,09:30,14:35,245,PARTIAL,2,3,,,AVAILABLE,6.0,True,,,,CURRENT_BAR_UNAVAILABLE,OBSERVATION_INSUFFICIENT,4,0,0,False,0,0,False,INHERITED_RAW_PRICE_BASIS,False,False
2025-08-20|87460,2025-08-20,87460,09:30,14:40,250,PARTIAL,3,2,,,AVAILABLE,6.0,True,,,,UNRESOLVED_STRUCTURE,OBSERVATION_INSUFFICIENT,3,0,0,False,0,0,False,INHERITED_RAW_PRICE_BASIS,False,False
2025-08-20|87460,2025-08-20,87460,09:30,14:45,255,PARTIAL,3,2,,,AVAILABLE,6.0,True,,,,CURRENT_BAR_UNAVAILABLE,OBSERVATION_INSUFFICIENT,1,0,0,False,0,0,False,INHERITED_RAW_PRICE_BASIS,False,False
2025-08-20|87460,2025-08-20,87460,09:30,14:50,260,PARTIAL,4,1,,,AVAILABLE,6.0,True,,,,UNRESOLVED_STRUCTURE,OBSERVATION_INSUFFICIENT,3,0,0,False,0,0,False,INHERITED_RAW_PRICE_BASIS,False,False
2025-08-20|87460,2025-08-20,87460,09:30,14:55,265,COMPLETE,5,0,UNCHANGED,0.0,AVAILABLE,6.0,True,,,,UNRESOLVED_STRUCTURE,OBSERVATION_INSUFFICIENT,5,0,0,False,0,0,False,INHERITED_RAW_PRICE_BASIS,False,False
2025-08-20|87460,2025-08-20,87460,09:30,15:00,270,PARTIAL,2,3,,,AVAILABLE,6.0,True,,,,CURRENT_BAR_UNAVAILABLE,OBSERVATION_INSUFFICIENT,3,0,0,False,0,0,False,INHERITED_RAW_PRICE_BASIS,False,False
2025-08-20|87460,2025-08-20,87460,09:30,15:05,275,PARTIAL,3,2,,,AVAILABLE,6.0,True,,,,CURRENT_BAR_UNAVAILABLE,OBSERVATION_INSUFFICIENT,1,0,0,False,0,0,False,INHERITED_RAW_PRICE_BASIS,False,False
2025-08-20|87460,2025-08-20,87460,09:30,15:10,280,PARTIAL,4,1,,,AVAILABLE,6.0,True,,,,UNRESOLVED_STRUCTURE,WINDOW_OBSERVED,0,0,0,False,0,0,False,INHERITED_RAW_PRICE_BASIS,False,False
2025-08-20|87460,2025-08-20,87460,09:30,15:15,285,COMPLETE,5,0,DOWN,-0.6097560975609756,AVAILABLE,6.0,True,,,,UNRESOLVED_STRUCTURE,WINDOW_OBSERVED,0,0,0,False,0,0,False,INHERITED_RAW_PRICE_BASIS,False,False
2025-08-20|87460,2025-08-20,87460,09:30,15:20,290,COMPLETE,5,0,UP,0.4098360655737705,AVAILABLE,6.0,True,,,,UNRESOLVED_STRUCTURE,RIGHT_CENSORED,0,0,0,False,0,0,False,INHERITED_RAW_PRICE_BASIS,True,False
2025-08-20|87460,2025-08-20,87460,09:30,15:25,295,COMPLETE,5,0,UNCHANGED,0.0,AVAILABLE,6.0,True,,,,UNRESOLVED_STRUCTURE,RIGHT_CENSORED,0,0,0,False,0,0,False,INHERITED_RAW_PRICE_BASIS,True,False
2025-08-20|87830,2025-08-20,87830,11:00,11:00,0,COMPLETE,5,0,UP,0.31347962382445144,AVAILABLE,2.0,True,,RESTRUCTURING,RANGE_COMPRESSION,UNRESOLVED_STRUCTURE,WINDOW_OBSERVED,0,1,14,False,3,3,True,INHERITED_RAW_PRICE_BASIS,False,False
2025-08-20|87830,2025-08-20,87830,11:00,11:05,5,COMPLETE,5,0,DOWN,-2.5,AVAILABLE,2.0,True,,RESTRUCTURING,RANGE_EXPANSION|VOLUME_COMPRESSION|TRADING_VALUE_COMPRESSION,UNRESOLVED_STRUCTURE,WINDOW_OBSERVED,0,0,14,False,1,2,True,INHERITED_RAW_PRICE_BASIS,True,False
2025-08-20|87830,2025-08-20,87830,11:00,11:10,10,COMPLETE,5,0,UP,1.2861736334405145,AVAILABLE,2.0,True,,RESTRUCTURING|RECOVERY,VOLUME_EXPANSION|TRADING_VALUE_EXPANSION,UNRESOLVED_STRUCTURE,WINDOW_OBSERVED,0,0,15,False,2,0,True,INHERITED_RAW_PRICE_BASIS,True,True
2025-08-20|87830,2025-08-20,87830,11:00,11:15,15,COMPLETE,5,0,DOWN,-0.31645569620253167,AVAILABLE,2.0,True,DOWN_STRUCTURE,,RANGE_COMPRESSION|VOLUME_COMPRESSION|TRADING_VALUE_COMPRESSION,IDENTIFIED,WINDOW_OBSERVED,0,1,17,False,1,0,True,INHERITED_RAW_PRICE_BASIS,True,True
2025-08-20|87830,2025-08-20,87830,11:00,11:20,20,COMPLETE,5,0,UNCHANGED,0.0,AVAILABLE,2.0,True,DOWN_STRUCTURE,PROGRESSION,CHOPPINESS,IDENTIFIED,WINDOW_OBSERVED,0,0,20,False,0,1,True,INHERITED_RAW_PRICE_BASIS,True,True
2025-08-20|87830,2025-08-20,87830,11:00,11:25,25,COMPLETE,5,0,DOWN,-1.2698412698412698,AVAILABLE,2.0,True,DOWN_STRUCTURE,PROGRESSION,RANGE_COMPRESSION|VOLUME_COMPRESSION|TRADING_VALUE_COMPRESSION,IDENTIFIED,WINDOW_OBSERVED,0,0,22,False,0,1,True,INHERITED_RAW_PRICE_BASIS,True,False
2025-08-20|87830,2025-08-20,87830,11:00,11:30,30,COMPLETE,5,0,UP,0.6451612903225806,AVAILABLE,2.0,True,DOWN_STRUCTURE,PROGRESSION,,IDENTIFIED,WINDOW_OBSERVED,0,0,22,False,1,1,True,INHERITED_RAW_PRICE_BASIS,True,False
2025-08-20|87830,2025-08-20,87830,11:00,12:35,35,COMPLETE,5,0,UP,1.6129032258064515,AVAILABLE,2.0,True,,RESTRUCTURING,,UNRESOLVED_STRUCTURE,WINDOW_OBSERVED,0,0,2,False,0,0,True,INHERITED_RAW_PRICE_BASIS,True,True
2025-08-20|87830,2025-08-20,87830,11:00,12:40,40,COMPLETE,5,0,UP,0.6329113924050633,AVAILABLE,2.0,True,,RESTRUCTURING,,UNRESOLVED_STRUCTURE,WINDOW_OBSERVED,0,0,3,False,0,0,True,INHERITED_RAW_PRICE_BASIS,True,False
2025-08-20|87830,2025-08-20,87830,11:00,12:45,45,COMPLETE,5,0,DOWN,-0.9463722397476341,AVAILABLE,2.0,True,UP_STRUCTURE,,RANGE_COMPRESSION|VOLUME_COMPRESSION|TRADING_VALUE_COMPRESSION,IDENTIFIED,WINDOW_OBSERVED,0,1,4,False,0,0,True,INHERITED_RAW_PRICE_BASIS,True,True
2025-08-20|87830,2025-08-20,87830,11:00,12:50,50,COMPLETE,5,0,UP,2.2222222222222223,AVAILABLE,2.0,True,UP_STRUCTURE,PROGRESSION,RANGE_EXPANSION|VOLUME_EXPANSION|TRADING_VALUE_EXPANSION,IDENTIFIED,WINDOW_OBSERVED,0,0,4,False,1,1,True,INHERITED_RAW_PRICE_BASIS,True,True
2025-08-20|87830,2025-08-20,87830,11:00,12:55,55,COMPLETE,5,0,UP,1.8633540372670807,AVAILABLE,2.0,True,UP_STRUCTURE,CORRECTION,VOLUME_EXPANSION|TRADING_VALUE_EXPANSION,IDENTIFIED,WINDOW_OBSERVED,0,1,7,False,0,0,True,INHERITED_RAW_PRICE_BASIS,True,True
2025-08-20|87830,2025-08-20,87830,11:00,13:00,60,COMPLETE,5,0,UP,0.9174311926605505,AVAILABLE,2.0,True,UP_STRUCTURE,,RANGE_COMPRESSION|VOLUME_COMPRESSION|TRADING_VALUE_COMPRESSION,IDENTIFIED,WINDOW_OBSERVED,0,1,9,False,3,1,True,INHERITED_RAW_PRICE_BASIS,True,True
2025-08-20|87830,2025-08-20,87830,11:00,13:05,65,COMPLETE,5,0,DOWN,-0.60790273556231,AVAILABLE,2.0,True,,RESTRUCTURING,RANGE_EXPANSION|VOLUME_EXPANSION|TRADING_VALUE_EXPANSION,UNRESOLVED_STRUCTURE,WINDOW_OBSERVED,0,0,11,False,5,5,True,INHERITED_RAW_PRICE_BASIS,True,True
2025-08-20|87830,2025-08-20,87830,11:00,13:10,70,COMPLETE,5,0,DOWN,-0.6116207951070336,AVAILABLE,2.0,True,,RESTRUCTURING|RECOVERY,RANGE_COMPRESSION|VOLUME_COMPRESSION|TRADING_VALUE_COMPRESSION,UNRESOLVED_STRUCTURE,WINDOW_OBSERVED,0,1,12,False,0,1,True,INHERITED_RAW_PRICE_BASIS,True,True
2025-08-20|87830,2025-08-20,87830,11:00,13:15,75,COMPLETE,5,0,UP,1.2307692307692308,AVAILABLE,2.0,True,DOWN_STRUCTURE,PROGRESSION,RANGE_EXPANSION|VOLUME_EXPANSION|TRADING_VALUE_EXPANSION,IDENTIFIED,WINDOW_OBSERVED,0,0,13,False,1,1,True,INHERITED_RAW_PRICE_BASIS,True,True
2025-08-20|87830,2025-08-20,87830,11:00,13:20,80,COMPLETE,5,0,DOWN,-0.9118541033434651,AVAILABLE,2.0,True,DOWN_STRUCTURE,PROGRESSION,RANGE_COMPRESSION|TRADING_VALUE_COMPRESSION,IDENTIFIED,WINDOW_OBSERVED,0,0,13,False,0,0,True,INHERITED_RAW_PRICE_BASIS,True,False
2025-08-20|87830,2025-08-20,87830,11:00,13:25,85,COMPLETE,5,0,DOWN,-0.6153846153846154,AVAILABLE,2.0,True,DOWN_STRUCTURE,PROGRESSION,,IDENTIFIED,WINDOW_OBSERVED,0,0,13,False,0,1,True,INHERITED_RAW_PRICE_BASIS,True,False
2025-08-20|87830,2025-08-20,87830,11:00,13:30,90,COMPLETE,5,0,DOWN,-0.9287925696594427,AVAILABLE,2.0,True,DOWN_STRUCTURE,,RANGE_COMPRESSION,IDENTIFIED,WINDOW_OBSERVED,0,1,14,False,0,0,True,INHERITED_RAW_PRICE_BASIS,True,True
2025-08-20|87830,2025-08-20,87830,11:00,13:35,95,COMPLETE,5,0,UNCHANGED,0.0,AVAILABLE,2.0,True,DOWN_STRUCTURE,CORRECTION|RECOVERY,VOLUME_COMPRESSION|TRADING_VALUE_COMPRESSION,IDENTIFIED,WINDOW_OBSERVED,0,0,14,False,0,0,True,INHERITED_RAW_PRICE_BASIS,True,True
2025-08-20|87830,2025-08-20,87830,11:00,13:40,100,COMPLETE,5,0,UP,0.3105590062111801,AVAILABLE,2.0,True,DOWN_STRUCTURE,PROGRESSION,VOLUME_COMPRESSION|TRADING_VALUE_COMPRESSION,IDENTIFIED,WINDOW_OBSERVED,0,1,15,False,0,0,True,INHERITED_RAW_PRICE_BASIS,True,True
2025-08-20|87830,2025-08-20,87830,11:00,13:45,105,COMPLETE,5,0,DOWN,-0.30959752321981426,AVAILABLE,2.0,True,DOWN_STRUCTURE,,CHOPPINESS|VOLUME_EXPANSION|TRADING_VALUE_EXPANSION,IDENTIFIED,OBSERVATION_INSUFFICIENT,1,1,17,False,0,1,True,INHERITED_RAW_PRICE_BASIS,True,True
2025-08-20|87830,2025-08-20,87830,11:00,13:50,110,COMPLETE,5,0,UP,0.3115264797507788,AVAILABLE,2.0,True,DOWN_STRUCTURE,CORRECTION,VOLUME_COMPRESSION|TRADING_VALUE_COMPRESSION,IDENTIFIED,OBSERVATION_INSUFFICIENT,2,0,18,False,1,1,True,INHERITED_RAW_PRICE_BASIS,True,True
2025-08-20|87830,2025-08-20,87830,11:00,13:55,115,PARTIAL,4,1,,,AVAILABLE,2.0,True,,,,CURRENT_BAR_UNAVAILABLE,OBSERVATION_INSUFFICIENT,1,0,0,False,0,1,False,INHERITED_RAW_PRICE_BASIS,False,False
2025-08-20|87830,2025-08-20,87830,11:00,14:00,120,PARTIAL,4,1,,,AVAILABLE,2.0,True,,,,UNRESOLVED_STRUCTURE,WINDOW_OBSERVED,0,0,1,False,0,0,False,INHERITED_RAW_PRICE_BASIS,False,False
2025-08-20|87830,2025-08-20,87830,11:00,14:05,125,COMPLETE,5,0,DOWN,-0.6309148264984227,AVAILABLE,2.0,True,,,,UNRESOLVED_STRUCTURE,WINDOW_OBSERVED,0,0,1,False,0,0,False,INHERITED_RAW_PRICE_BASIS,False,False
2025-08-20|87830,2025-08-20,87830,11:00,14:10,130,COMPLETE,5,0,UNCHANGED,0.0,AVAILABLE,2.0,True,,,RANGE_COMPRESSION|VOLUME_COMPRESSION|TRADING_VALUE_COMPRESSION,UNRESOLVED_STRUCTURE,WINDOW_OBSERVED,0,1,3,False,0,0,False,INHERITED_RAW_PRICE_BASIS,True,False
2025-08-20|87830,2025-08-20,87830,11:00,14:15,135,COMPLETE,5,0,DOWN,-0.9523809523809523,AVAILABLE,2.0,True,,,RANGE_EXPANSION|VOLUME_EXPANSION|TRADING_VALUE_EXPANSION,UNRESOLVED_STRUCTURE,WINDOW_OBSERVED,0,0,3,False,0,1,False,INHERITED_RAW_PRICE_BASIS,True,False
2025-08-20|87830,2025-08-20,87830,11:00,14:20,140,COMPLETE,5,0,DOWN,-0.6410256410256411,AVAILABLE,2.0,True,,,,UNRESOLVED_STRUCTURE,WINDOW_OBSERVED,0,0,3,False,0,0,False,INHERITED_RAW_PRICE_BASIS,True,False
2025-08-20|87830,2025-08-20,87830,11:00,14:25,145,COMPLETE,5,0,DOWN,-0.32362459546925565,AVAILABLE,2.0,True,,,CHOPPINESS|RANGE_EXPANSION|VOLUME_EXPANSION|TRADING_VALUE_EXPANSION,UNRESOLVED_STRUCTURE,WINDOW_OBSERVED,0,0,3,False,0,0,False,INHERITED_RAW_PRICE_BASIS,True,False
2025-08-20|87830,2025-08-20,87830,11:00,14:30,150,COMPLETE,5,0,DOWN,-0.6493506493506493,AVAILABLE,2.0,True,,,RANGE_COMPRESSION|VOLUME_COMPRESSION|TRADING_VALUE_COMPRESSION,UNRESOLVED_STRUCTURE,WINDOW_OBSERVED,0,0,3,False,0,0,False,INHERITED_RAW_PRICE_BASIS,True,False
2025-08-20|87830,2025-08-20,87830,11:00,14:35,155,COMPLETE,5,0,DOWN,-0.32679738562091504,AVAILABLE,2.0,True,DOWN_STRUCTURE,,RANGE_EXPANSION,IDENTIFIED,WINDOW_OBSERVED,0,1,5,False,0,0,True,INHERITED_RAW_PRICE_BASIS,True,False
2025-08-20|87830,2025-08-20,87830,11:00,14:40,160,COMPLETE,5,0,DOWN,-0.6557377049180327,AVAILABLE,2.0,True,DOWN_STRUCTURE,PROGRESSION,CHOPPINESS|RANGE_COMPRESSION,IDENTIFIED,WINDOW_OBSERVED,0,0,7,False,0,1,True,INHERITED_RAW_PRICE_BASIS,True,True
2025-08-20|87830,2025-08-20,87830,11:00,14:45,165,COMPLETE,5,0,DOWN,-0.33003300330033003,AVAILABLE,2.0,True,DOWN_STRUCTURE,PROGRESSION,RANGE_COMPRESSION,IDENTIFIED,WINDOW_OBSERVED,0,0,7,False,1,1,True,INHERITED_RAW_PRICE_BASIS,True,False
2025-08-20|87830,2025-08-20,87830,11:00,14:50,170,COMPLETE,5,0,DOWN,-0.6622516556291391,AVAILABLE,2.0,True,DOWN_STRUCTURE,,RANGE_EXPANSION,IDENTIFIED,WINDOW_OBSERVED,0,1,8,False,0,1,True,INHERITED_RAW_PRICE_BASIS,True,True
2025-08-20|87830,2025-08-20,87830,11:00,14:55,175,COMPLETE,5,0,UP,0.3333333333333333,AVAILABLE,2.0,True,DOWN_STRUCTURE,,VOLUME_COMPRESSION|TRADING_VALUE_COMPRESSION,IDENTIFIED,OBSERVATION_INSUFFICIENT,1,1,10,False,1,2,True,INHERITED_RAW_PRICE_BASIS,True,False
2025-08-20|87830,2025-08-20,87830,11:00,15:00,180,COMPLETE,5,0,UP,0.9933774834437086,AVAILABLE,2.0,True,,RESTRUCTURING,,UNRESOLVED_STRUCTURE,OBSERVATION_INSUFFICIENT,2,0,10,False,0,1,True,INHERITED_RAW_PRICE_BASIS,True,True
2025-08-20|87830,2025-08-20,87830,11:00,15:05,185,PARTIAL,4,1,,,AVAILABLE,2.0,True,,,,UNRESOLVED_STRUCTURE,OBSERVATION_INSUFFICIENT,2,0,0,False,0,0,False,INHERITED_RAW_PRICE_BASIS,False,False
2025-08-20|87830,2025-08-20,87830,11:00,15:10,190,PARTIAL,4,1,,,AVAILABLE,2.0,True,,,,CURRENT_BAR_UNAVAILABLE,OBSERVATION_INSUFFICIENT,1,0,0,False,0,0,False,INHERITED_RAW_PRICE_BASIS,False,False
2025-08-20|87830,2025-08-20,87830,11:00,15:15,195,PARTIAL,4,1,,,AVAILABLE,2.0,True,,,,UNRESOLVED_STRUCTURE,WINDOW_OBSERVED,0,1,1,False,0,0,False,INHERITED_RAW_PRICE_BASIS,False,False
2025-08-20|87830,2025-08-20,87830,11:00,15:20,200,COMPLETE,5,0,UP,0.32786885245901637,AVAILABLE,2.0,True,,,,UNRESOLVED_STRUCTURE,RIGHT_CENSORED,0,0,1,False,0,0,False,INHERITED_RAW_PRICE_BASIS,False,False
2025-08-20|87830,2025-08-20,87830,11:00,15:25,205,COMPLETE,5,0,DOWN,-0.3257328990228013,AVAILABLE,2.0,True,,,VOLUME_EXPANSION|TRADING_VALUE_EXPANSION,UNRESOLVED_STRUCTURE,RIGHT_CENSORED,0,0,1,False,0,0,False,INHERITED_RAW_PRICE_BASIS,True,False
2025-08-20|87890,2025-08-20,87890,13:30,13:30,0,PARTIAL,1,4,,,SCALE_INSUFFICIENT,,True,,,,CURRENT_BAR_UNAVAILABLE,OBSERVATION_INSUFFICIENT,9,0,0,False,0,0,False,INHERITED_RAW_PRICE_BASIS,False,False
2025-08-20|87890,2025-08-20,87890,13:30,13:35,5,PARTIAL,1,4,,,SCALE_INSUFFICIENT,,True,,,,SCALE_UNAVAILABLE,OBSERVATION_INSUFFICIENT,9,0,0,False,0,0,False,INHERITED_RAW_PRICE_BASIS,False,False
2025-08-20|87890,2025-08-20,87890,13:30,13:40,10,UNAVAILABLE,0,5,,,SCALE_INSUFFICIENT,,True,,,,CURRENT_BAR_UNAVAILABLE,OBSERVATION_INSUFFICIENT,6,0,0,False,0,0,False,INHERITED_RAW_PRICE_BASIS,False,False
2025-08-20|87890,2025-08-20,87890,13:30,13:45,15,PARTIAL,1,4,,,SCALE_INSUFFICIENT,,True,,,,CURRENT_BAR_UNAVAILABLE,OBSERVATION_INSUFFICIENT,3,0,0,False,0,0,False,INHERITED_RAW_PRICE_BASIS,False,False
2025-08-20|87890,2025-08-20,87890,13:30,13:50,20,PARTIAL,3,2,,,SCALE_INSUFFICIENT,,True,,,,SCALE_UNAVAILABLE,OBSERVATION_INSUFFICIENT,1,0,0,False,0,0,False,INHERITED_RAW_PRICE_BASIS,False,False
2025-08-20|87890,2025-08-20,87890,13:30,13:55,25,PARTIAL,4,1,,,SCALE_INSUFFICIENT,,True,,,,SCALE_UNAVAILABLE,OBSERVATION_INSUFFICIENT,4,0,0,False,0,0,False,INHERITED_RAW_PRICE_BASIS,False,False
2025-08-20|87890,2025-08-20,87890,13:30,14:00,30,COMPLETE,5,0,UNCHANGED,0.0,SCALE_INSUFFICIENT,,True,,,,SCALE_UNAVAILABLE,OBSERVATION_INSUFFICIENT,6,0,0,False,0,0,False,INHERITED_RAW_PRICE_BASIS,False,False
2025-08-20|87890,2025-08-20,87890,13:30,14:05,35,PARTIAL,1,4,,,SCALE_INSUFFICIENT,,True,,,,CURRENT_BAR_UNAVAILABLE,OBSERVATION_INSUFFICIENT,2,0,0,False,0,0,False,INHERITED_RAW_PRICE_BASIS,False,False
2025-08-20|87890,2025-08-20,87890,13:30,14:10,40,PARTIAL,3,2,,,SCALE_INSUFFICIENT,,True,,,,SCALE_UNAVAILABLE,OBSERVATION_INSUFFICIENT,1,0,0,False,0,0,False,INHERITED_RAW_PRICE_BASIS,False,False
2025-08-20|87890,2025-08-20,87890,13:30,14:15,45,COMPLETE,5,0,UNCHANGED,0.0,SCALE_INSUFFICIENT,,True,,,,SCALE_UNAVAILABLE,OBSERVATION_INSUFFICIENT,4,0,0,False,0,0,False,INHERITED_RAW_PRICE_BASIS,False,False
2025-08-20|87890,2025-08-20,87890,13:30,14:20,50,PARTIAL,4,1,,,SCALE_INSUFFICIENT,,True,,,,SCALE_UNAVAILABLE,OBSERVATION_INSUFFICIENT,7,0,0,False,0,0,False,INHERITED_RAW_PRICE_BASIS,False,False
2025-08-20|87890,2025-08-20,87890,13:30,14:25,55,PARTIAL,2,3,,,SCALE_INSUFFICIENT,,True,,,,CURRENT_BAR_UNAVAILABLE,OBSERVATION_INSUFFICIENT,8,0,0,False,0,0,False,INHERITED_RAW_PRICE_BASIS,False,False
2025-08-20|87890,2025-08-20,87890,13:30,14:30,60,PARTIAL,1,4,,,SCALE_INSUFFICIENT,,True,,,,SCALE_UNAVAILABLE,OBSERVATION_INSUFFICIENT,7,0,0,False,0,0,False,INHERITED_RAW_PRICE_BASIS,False,False
2025-08-20|87890,2025-08-20,87890,13:30,14:35,65,PARTIAL,1,4,,,SCALE_INSUFFICIENT,,True,,,,CURRENT_BAR_UNAVAILABLE,OBSERVATION_INSUFFICIENT,7,0,0,False,0,0,False,INHERITED_RAW_PRICE_BASIS,False,False
2025-08-20|87890,2025-08-20,87890,13:30,14:40,70,PARTIAL,2,3,,,SCALE_INSUFFICIENT,,True,,,,CURRENT_BAR_UNAVAILABLE,OBSERVATION_INSUFFICIENT,6,0,0,False,0,0,False,INHERITED_RAW_PRICE_BASIS,False,False
2025-08-20|87890,2025-08-20,87890,13:30,14:45,75,PARTIAL,1,4,,,SCALE_INSUFFICIENT,,True,,,,CURRENT_BAR_UNAVAILABLE,OBSERVATION_INSUFFICIENT,6,0,0,False,0,0,False,INHERITED_RAW_PRICE_BASIS,False,False
2025-08-20|87890,2025-08-20,87890,13:30,14:50,80,PARTIAL,3,2,,,SCALE_INSUFFICIENT,,True,,,,SCALE_UNAVAILABLE,OBSERVATION_INSUFFICIENT,8,0,0,False,0,0,False,INHERITED_RAW_PRICE_BASIS,False,False
2025-08-20|87890,2025-08-20,87890,13:30,14:55,85,PARTIAL,1,4,,,SCALE_INSUFFICIENT,,True,,,,CURRENT_BAR_UNAVAILABLE,OBSERVATION_INSUFFICIENT,8,0,0,False,0,0,False,INHERITED_RAW_PRICE_BASIS,False,False
2025-08-20|87890,2025-08-20,87890,13:30,15:00,90,PARTIAL,1,4,,,SCALE_INSUFFICIENT,,True,,,,CURRENT_BAR_UNAVAILABLE,OBSERVATION_INSUFFICIENT,5,0,0,False,0,0,False,INHERITED_RAW_PRICE_BASIS,False,False
2025-08-20|87890,2025-08-20,87890,13:30,15:05,95,PARTIAL,1,4,,,SCALE_INSUFFICIENT,,True,,,,CURRENT_BAR_UNAVAILABLE,OBSERVATION_INSUFFICIENT,5,0,0,False,0,0,False,INHERITED_RAW_PRICE_BASIS,False,False
2025-08-20|87890,2025-08-20,87890,13:30,15:10,100,PARTIAL,4,1,,,SCALE_INSUFFICIENT,,True,,,,SCALE_UNAVAILABLE,OBSERVATION_INSUFFICIENT,8,0,0,False,0,0,False,INHERITED_RAW_PRICE_BASIS,False,False
2025-08-20|87890,2025-08-20,87890,13:30,15:15,105,PARTIAL,1,4,,,SCALE_INSUFFICIENT,,True,,,,CURRENT_BAR_UNAVAILABLE,OBSERVATION_INSUFFICIENT,4,0,0,False,0,0,False,INHERITED_RAW_PRICE_BASIS,False,False
2025-08-20|87890,2025-08-20,87890,13:30,15:20,110,PARTIAL,1,4,,,SCALE_INSUFFICIENT,,True,,,,CURRENT_BAR_UNAVAILABLE,RIGHT_CENSORED,0,0,0,False,0,0,False,INHERITED_RAW_PRICE_BASIS,False,False
2025-08-20|87890,2025-08-20,87890,13:30,15:25,115,COMPLETE,5,0,UP,0.9090909090909091,SCALE_INSUFFICIENT,,True,,,,SCALE_UNAVAILABLE,RIGHT_CENSORED,0,0,0,False,0,0,False,INHERITED_RAW_PRICE_BASIS,False,False
2025-08-20|87980,2025-08-20,87980,09:30,09:30,0,PARTIAL,3,2,,,AVAILABLE,6.0,True,,,,UNRESOLVED_STRUCTURE,OBSERVATION_INSUFFICIENT,5,0,0,False,0,0,False,INHERITED_RAW_PRICE_BASIS,False,False
2025-08-20|87980,2025-08-20,87980,09:30,09:35,5,PARTIAL,2,3,,,AVAILABLE,6.0,True,,,,CURRENT_BAR_UNAVAILABLE,OBSERVATION_INSUFFICIENT,4,0,0,False,0,0,False,INHERITED_RAW_PRICE_BASIS,False,False
2025-08-20|87980,2025-08-20,87980,09:30,09:40,10,PARTIAL,3,2,,,AVAILABLE,6.0,True,,,,UNRESOLVED_STRUCTURE,OBSERVATION_INSUFFICIENT,2,0,0,False,0,0,False,INHERITED_RAW_PRICE_BASIS,False,False
2025-08-20|87980,2025-08-20,87980,09:30,09:45,15,PARTIAL,3,2,,,AVAILABLE,6.0,True,,,,UNRESOLVED_STRUCTURE,WINDOW_OBSERVED,0,0,1,False,0,0,False,INHERITED_RAW_PRICE_BASIS,False,False
2025-08-20|87980,2025-08-20,87980,09:30,09:50,20,COMPLETE,5,0,UP,0.8310249307479224,AVAILABLE,6.0,True,,,,UNRESOLVED_STRUCTURE,OBSERVATION_INSUFFICIENT,2,0,1,False,0,0,False,INHERITED_RAW_PRICE_BASIS,False,False
2025-08-20|87980,2025-08-20,87980,09:30,09:55,25,COMPLETE,5,0,DOWN,-1.098901098901099,AVAILABLE,6.0,True,,,VOLUME_EXPANSION|TRADING_VALUE_EXPANSION,UNRESOLVED_STRUCTURE,OBSERVATION_INSUFFICIENT,5,0,1,False,0,0,False,INHERITED_RAW_PRICE_BASIS,True,False
2025-08-20|87980,2025-08-20,87980,09:30,10:00,30,PARTIAL,3,2,,,AVAILABLE,6.0,True,,,,CURRENT_BAR_UNAVAILABLE,OBSERVATION_INSUFFICIENT,3,0,0,False,0,0,False,INHERITED_RAW_PRICE_BASIS,False,False
2025-08-20|87980,2025-08-20,87980,09:30,10:05,35,PARTIAL,2,3,,,AVAILABLE,6.0,True,,,,CURRENT_BAR_UNAVAILABLE,WINDOW_OBSERVED,0,0,0,False,0,0,False,INHERITED_RAW_PRICE_BASIS,False,False
2025-08-20|87980,2025-08-20,87980,09:30,10:10,40,COMPLETE,5,0,DOWN,-0.5555555555555556,AVAILABLE,6.0,True,,,,UNRESOLVED_STRUCTURE,OBSERVATION_INSUFFICIENT,2,1,1,False,0,1,False,INHERITED_RAW_PRICE_BASIS,False,False
2025-08-20|87980,2025-08-20,87980,09:30,10:15,45,COMPLETE,5,0,UP,0.5555555555555556,AVAILABLE,6.0,True,,,RANGE_EXPANSION|VOLUME_COMPRESSION|TRADING_VALUE_COMPRESSION,UNRESOLVED_STRUCTURE,OBSERVATION_INSUFFICIENT,5,0,1,False,0,0,False,INHERITED_RAW_PRICE_BASIS,True,False
2025-08-20|87980,2025-08-20,87980,09:30,10:20,50,PARTIAL,3,2,,,AVAILABLE,6.0,True,,,,CURRENT_BAR_UNAVAILABLE,OBSERVATION_INSUFFICIENT,6,0,0,False,0,0,False,INHERITED_RAW_PRICE_BASIS,False,False
2025-08-20|87980,2025-08-20,87980,09:30,10:25,55,PARTIAL,2,3,,,AVAILABLE,6.0,True,,,,CURRENT_BAR_UNAVAILABLE,OBSERVATION_INSUFFICIENT,5,0,0,False,0,0,False,INHERITED_RAW_PRICE_BASIS,False,False
2025-08-20|87980,2025-08-20,87980,09:30,10:30,60,PARTIAL,2,3,,,AVAILABLE,6.0,True,,,,CURRENT_BAR_UNAVAILABLE,OBSERVATION_INSUFFICIENT,6,0,0,False,0,0,False,INHERITED_RAW_PRICE_BASIS,False,False
2025-08-20|87980,2025-08-20,87980,09:30,10:35,65,PARTIAL,3,2,,,AVAILABLE,6.0,True,,,,UNRESOLVED_STRUCTURE,OBSERVATION_INSUFFICIENT,7,0,0,False,0,0,False,INHERITED_RAW_PRICE_BASIS,False,False
2025-08-20|87980,2025-08-20,87980,09:30,10:40,70,PARTIAL,1,4,,,AVAILABLE,6.0,True,,,,UNRESOLVED_STRUCTURE,OBSERVATION_INSUFFICIENT,6,0,0,False,0,0,False,INHERITED_RAW_PRICE_BASIS,False,False
2025-08-20|87980,2025-08-20,87980,09:30,10:45,75,PARTIAL,2,3,,,AVAILABLE,6.0,True,,,,CURRENT_BAR_UNAVAILABLE,OBSERVATION_INSUFFICIENT,5,0,0,False,0,0,False,INHERITED_RAW_PRICE_BASIS,False,False
2025-08-20|87980,2025-08-20,87980,09:30,10:50,80,PARTIAL,2,3,,,AVAILABLE,6.0,True,,,,UNRESOLVED_STRUCTURE,OBSERVATION_INSUFFICIENT,6,0,0,False,0,0,False,INHERITED_RAW_PRICE_BASIS,False,False
2025-08-20|87980,2025-08-20,87980,09:30,10:55,85,PARTIAL,3,2,,,AVAILABLE,6.0,True,,,,CURRENT_BAR_UNAVAILABLE,OBSERVATION_INSUFFICIENT,7,0,0,False,0,0,False,INHERITED_RAW_PRICE_BASIS,False,False
2025-08-20|87980,2025-08-20,87980,09:30,11:00,90,PARTIAL,1,4,,,AVAILABLE,6.0,True,,,,CURRENT_BAR_UNAVAILABLE,OBSERVATION_INSUFFICIENT,6,0,0,False,0,0,False,INHERITED_RAW_PRICE_BASIS,False,False
2025-08-20|87980,2025-08-20,87980,09:30,11:05,95,PARTIAL,2,3,,,AVAILABLE,6.0,True,,,,CURRENT_BAR_UNAVAILABLE,OBSERVATION_INSUFFICIENT,7,0,0,False,0,0,False,INHERITED_RAW_PRICE_BASIS,False,False
2025-08-20|87980,2025-08-20,87980,09:30,11:10,100,PARTIAL,2,3,,,AVAILABLE,6.0,True,,,,CURRENT_BAR_UNAVAILABLE,OBSERVATION_INSUFFICIENT,7,0,0,False,0,0,False,INHERITED_RAW_PRICE_BASIS,False,False
2025-08-20|87980,2025-08-20,87980,09:30,11:15,105,PARTIAL,1,4,,,AVAILABLE,6.0,True,,,,CURRENT_BAR_UNAVAILABLE,OBSERVATION_INSUFFICIENT,4,0,0,False,0,0,False,INHERITED_RAW_PRICE_BASIS,False,False
2025-08-20|87980,2025-08-20,87980,09:30,11:20,110,PARTIAL,2,3,,,AVAILABLE,6.0,True,,,,CURRENT_BAR_UNAVAILABLE,OBSERVATION_INSUFFICIENT,4,0,0,False,0,0,False,INHERITED_RAW_PRICE_BASIS,False,False
2025-08-20|87980,2025-08-20,87980,09:30,11:25,115,PARTIAL,4,1,,,AVAILABLE,6.0,True,,,,UNRESOLVED_STRUCTURE,OBSERVATION_INSUFFICIENT,3,0,0,False,0,0,False,INHERITED_RAW_PRICE_BASIS,False,False
2025-08-20|87980,2025-08-20,87980,09:30,11:30,120,PARTIAL,2,3,,,AVAILABLE,6.0,True,,,,UNRESOLVED_STRUCTURE,OBSERVATION_INSUFFICIENT,3,0,0,False,0,0,False,INHERITED_RAW_PRICE_BASIS,False,False
2025-08-20|87980,2025-08-20,87980,09:30,12:35,125,COMPLETE,5,0,UP,1.3774104683195592,AVAILABLE,6.0,True,,,,UNRESOLVED_STRUCTURE,OBSERVATION_INSUFFICIENT,4,0,0,False,0,0,False,INHERITED_RAW_PRICE_BASIS,False,False
2025-08-20|87980,2025-08-20,87980,09:30,12:40,130,PARTIAL,2,3,,,AVAILABLE,6.0,True,,,,UNRESOLVED_STRUCTURE,OBSERVATION_INSUFFICIENT,4,0,0,False,0,0,False,INHERITED_RAW_PRICE_BASIS,False,False
2025-08-20|87980,2025-08-20,87980,09:30,12:45,135,PARTIAL,4,1,,,AVAILABLE,6.0,True,,,,UNRESOLVED_STRUCTURE,OBSERVATION_INSUFFICIENT,6,0,0,False,0,0,False,INHERITED_RAW_PRICE_BASIS,False,False
2025-08-20|87980,2025-08-20,87980,09:30,12:50,140,PARTIAL,2,3,,,AVAILABLE,6.0,True,,,,CURRENT_BAR_UNAVAILABLE,OBSERVATION_INSUFFICIENT,4,0,0,False,0,0,False,INHERITED_RAW_PRICE_BASIS,False,False
2025-08-20|87980,2025-08-20,87980,09:30,12:55,145,PARTIAL,2,3,,,AVAILABLE,6.0,True,,,,CURRENT_BAR_UNAVAILABLE,OBSERVATION_INSUFFICIENT,4,0,0,False,0,0,False,INHERITED_RAW_PRICE_BASIS,False,False
2025-08-20|87980,2025-08-20,87980,09:30,13:00,150,PARTIAL,4,1,,,AVAILABLE,6.0,True,,,,UNRESOLVED_STRUCTURE,OBSERVATION_INSUFFICIENT,3,0,0,False,0,0,False,INHERITED_RAW_PRICE_BASIS,False,False
2025-08-20|87980,2025-08-20,87980,09:30,13:05,155,PARTIAL,2,3,,,AVAILABLE,6.0,True,,,,UNRESOLVED_STRUCTURE,OBSERVATION_INSUFFICIENT,5,0,0,False,0,0,False,INHERITED_RAW_PRICE_BASIS,False,False
2025-08-20|87980,2025-08-20,87980,09:30,13:10,160,COMPLETE,5,0,DOWN,-0.26737967914438504,AVAILABLE,6.0,True,,,,UNRESOLVED_STRUCTURE,OBSERVATION_INSUFFICIENT,8,0,0,False,0,0,False,INHERITED_RAW_PRICE_BASIS,False,False
2025-08-20|87980,2025-08-20,87980,09:30,13:15,165,UNAVAILABLE,0,5,,,AVAILABLE,6.0,True,,,,CURRENT_BAR_UNAVAILABLE,OBSERVATION_INSUFFICIENT,6,0,0,False,0,0,False,INHERITED_RAW_PRICE_BASIS,False,False
2025-08-20|87980,2025-08-20,87980,09:30,13:20,170,PARTIAL,2,3,,,AVAILABLE,6.0,True,,,,UNRESOLVED_STRUCTURE,OBSERVATION_INSUFFICIENT,8,0,0,False,0,0,False,INHERITED_RAW_PRICE_BASIS,False,False
2025-08-20|87980,2025-08-20,87980,09:30,13:25,175,PARTIAL,2,3,,,AVAILABLE,6.0,True,,,,CURRENT_BAR_UNAVAILABLE,OBSERVATION_INSUFFICIENT,9,0,0,False,0,0,False,INHERITED_RAW_PRICE_BASIS,False,False
2025-08-20|87980,2025-08-20,87980,09:30,13:30,180,UNAVAILABLE,0,5,,,AVAILABLE,6.0,True,,,,CURRENT_BAR_UNAVAILABLE,OBSERVATION_INSUFFICIENT,9,0,0,False,0,0,False,INHERITED_RAW_PRICE_BASIS,False,False
2025-08-20|87980,2025-08-20,87980,09:30,13:35,185,PARTIAL,1,4,,,AVAILABLE,6.0,True,,,,UNRESOLVED_STRUCTURE,OBSERVATION_INSUFFICIENT,10,0,0,False,0,0,False,INHERITED_RAW_PRICE_BASIS,False,False
2025-08-20|87980,2025-08-20,87980,09:30,13:40,190,UNAVAILABLE,0,5,,,AVAILABLE,6.0,True,,,,CURRENT_BAR_UNAVAILABLE,OBSERVATION_INSUFFICIENT,8,0,0,False,0,0,False,INHERITED_RAW_PRICE_BASIS,False,False
2025-08-20|87980,2025-08-20,87980,09:30,13:45,195,UNAVAILABLE,0,5,,,AVAILABLE,6.0,True,,,,CURRENT_BAR_UNAVAILABLE,OBSERVATION_INSUFFICIENT,5,0,0,False,0,0,False,INHERITED_RAW_PRICE_BASIS,False,False
2025-08-20|87980,2025-08-20,87980,09:30,13:50,200,PARTIAL,2,3,,,AVAILABLE,6.0,True,,,,CURRENT_BAR_UNAVAILABLE,OBSERVATION_INSUFFICIENT,3,0,0,False,0,0,False,INHERITED_RAW_PRICE_BASIS,False,False
2025-08-20|87980,2025-08-20,87980,09:30,13:55,205,PARTIAL,3,2,,,AVAILABLE,6.0,True,,,,CURRENT_BAR_UNAVAILABLE,OBSERVATION_INSUFFICIENT,5,0,0,False,0,0,False,INHERITED_RAW_PRICE_BASIS,False,False
2025-08-20|87980,2025-08-20,87980,09:30,14:00,210,PARTIAL,4,1,,,AVAILABLE,6.0,True,,,,UNRESOLVED_STRUCTURE,OBSERVATION_INSUFFICIENT,6,0,0,False,0,0,False,INHERITED_RAW_PRICE_BASIS,False,False
2025-08-20|87980,2025-08-20,87980,09:30,14:05,215,PARTIAL,1,4,,,AVAILABLE,6.0,True,,,,CURRENT_BAR_UNAVAILABLE,OBSERVATION_INSUFFICIENT,7,0,0,False,0,0,False,INHERITED_RAW_PRICE_BASIS,False,False
2025-08-20|87980,2025-08-20,87980,09:30,14:10,220,PARTIAL,3,2,,,AVAILABLE,6.0,True,,,,CURRENT_BAR_UNAVAILABLE,OBSERVATION_INSUFFICIENT,6,0,0,False,3,0,False,INHERITED_RAW_PRICE_BASIS,False,False
2025-08-20|87980,2025-08-20,87980,09:30,14:15,225,UNAVAILABLE,0,5,,,AVAILABLE,6.0,True,,,,CURRENT_BAR_UNAVAILABLE,OBSERVATION_INSUFFICIENT,4,0,0,False,0,0,False,INHERITED_RAW_PRICE_BASIS,False,False
2025-08-20|87980,2025-08-20,87980,09:30,14:20,230,PARTIAL,4,1,,,AVAILABLE,6.0,True,,,,UNRESOLVED_STRUCTURE,OBSERVATION_INSUFFICIENT,4,0,0,False,0,3,False,INHERITED_RAW_PRICE_BASIS,False,False
2025-08-20|87980,2025-08-20,87980,09:30,14:25,235,PARTIAL,2,3,,,AVAILABLE,6.0,True,,,,UNRESOLVED_STRUCTURE,OBSERVATION_INSUFFICIENT,5,0,0,False,6,0,False,INHERITED_RAW_PRICE_BASIS,False,False
2025-08-20|87980,2025-08-20,87980,09:30,14:30,240,PARTIAL,4,1,,,AVAILABLE,6.0,True,,,,CURRENT_BAR_UNAVAILABLE,OBSERVATION_INSUFFICIENT,6,0,0,False,0,0,False,INHERITED_RAW_PRICE_BASIS,False,False
2025-08-20|87980,2025-08-20,87980,09:30,14:35,245,PARTIAL,1,4,,,AVAILABLE,6.0,True,,,,CURRENT_BAR_UNAVAILABLE,OBSERVATION_INSUFFICIENT,5,0,0,False,0,0,False,INHERITED_RAW_PRICE_BASIS,False,False
2025-08-20|87980,2025-08-20,87980,09:30,14:40,250,PARTIAL,3,2,,,AVAILABLE,6.0,True,,,,CURRENT_BAR_UNAVAILABLE,OBSERVATION_INSUFFICIENT,6,0,0,False,0,0,False,INHERITED_RAW_PRICE_BASIS,False,False
2025-08-20|87980,2025-08-20,87980,09:30,14:45,255,PARTIAL,2,3,,,AVAILABLE,6.0,True,,,,CURRENT_BAR_UNAVAILABLE,OBSERVATION_INSUFFICIENT,5,0,0,False,0,0,False,INHERITED_RAW_PRICE_BASIS,False,False
2025-08-20|87980,2025-08-20,87980,09:30,14:50,260,PARTIAL,2,3,,,AVAILABLE,6.0,True,,,,UNRESOLVED_STRUCTURE,OBSERVATION_INSUFFICIENT,7,0,0,False,0,0,False,INHERITED_RAW_PRICE_BASIS,False,False
2025-08-20|87980,2025-08-20,87980,09:30,14:55,265,PARTIAL,3,2,,,AVAILABLE,6.0,True,,,,CURRENT_BAR_UNAVAILABLE,OBSERVATION_INSUFFICIENT,8,0,0,False,0,0,False,INHERITED_RAW_PRICE_BASIS,False,False
2025-08-20|87980,2025-08-20,87980,09:30,15:00,270,UNAVAILABLE,0,5,,,AVAILABLE,6.0,True,,,,CURRENT_BAR_UNAVAILABLE,OBSERVATION_INSUFFICIENT,4,0,0,False,0,0,False,INHERITED_RAW_PRICE_BASIS,False,False
2025-08-20|87980,2025-08-20,87980,09:30,15:05,275,PARTIAL,2,3,,,AVAILABLE,6.0,True,,,,CURRENT_BAR_UNAVAILABLE,OBSERVATION_INSUFFICIENT,5,0,0,False,0,0,False,INHERITED_RAW_PRICE_BASIS,False,False
2025-08-20|87980,2025-08-20,87980,09:30,15:10,280,PARTIAL,4,1,,,AVAILABLE,6.0,True,,,,CURRENT_BAR_UNAVAILABLE,OBSERVATION_INSUFFICIENT,6,0,0,False,0,0,False,INHERITED_RAW_PRICE_BASIS,False,False
2025-08-20|87980,2025-08-20,87980,09:30,15:15,285,PARTIAL,1,4,,,AVAILABLE,6.0,True,,,,CURRENT_BAR_UNAVAILABLE,OBSERVATION_INSUFFICIENT,4,0,0,False,0,0,False,INHERITED_RAW_PRICE_BASIS,False,False
2025-08-20|87980,2025-08-20,87980,09:30,15:20,290,PARTIAL,3,2,,,AVAILABLE,6.0,True,,,,CURRENT_BAR_UNAVAILABLE,RIGHT_CENSORED,2,0,0,False,0,0,False,INHERITED_RAW_PRICE_BASIS,False,False
2025-08-20|87980,2025-08-20,87980,09:30,15:25,295,PARTIAL,3,2,,,AVAILABLE,6.0,True,,,,UNRESOLVED_STRUCTURE,RIGHT_CENSORED,0,0,0,False,0,0,False,INHERITED_RAW_PRICE_BASIS,False,False
2025-08-20|93300,2025-08-20,93300,13:30,13:30,0,COMPLETE,5,0,DOWN,-1.1111111111111112,SCALE_INSUFFICIENT,,True,,,RANGE_COMPRESSION|VOLUME_COMPRESSION|TRADING_VALUE_COMPRESSION,SCALE_UNAVAILABLE,OBSERVATION_INSUFFICIENT,1,0,0,False,0,0,False,INHERITED_RAW_PRICE_BASIS,False,False
2025-08-20|93300,2025-08-20,93300,13:30,13:35,5,COMPLETE,5,0,DOWN,-1.0123734533183353,SCALE_INSUFFICIENT,,True,,,RANGE_COMPRESSION,SCALE_UNAVAILABLE,OBSERVATION_INSUFFICIENT,4,0,0,False,0,0,False,INHERITED_RAW_PRICE_BASIS,True,False
2025-08-20|93300,2025-08-20,93300,13:30,13:40,10,PARTIAL,4,1,,,SCALE_INSUFFICIENT,,True,,,,CURRENT_BAR_UNAVAILABLE,OBSERVATION_INSUFFICIENT,4,0,0,False,0,0,False,INHERITED_RAW_PRICE_BASIS,False,False
2025-08-20|93300,2025-08-20,93300,13:30,13:45,15,PARTIAL,2,3,,,SCALE_INSUFFICIENT,,True,,,,CURRENT_BAR_UNAVAILABLE,OBSERVATION_INSUFFICIENT,4,0,0,False,0,0,False,INHERITED_RAW_PRICE_BASIS,False,False
2025-08-20|93300,2025-08-20,93300,13:30,13:50,20,PARTIAL,4,1,,,SCALE_INSUFFICIENT,,True,,,,SCALE_UNAVAILABLE,OBSERVATION_INSUFFICIENT,6,0,0,False,0,0,False,INHERITED_RAW_PRICE_BASIS,False,False
2025-08-20|93300,2025-08-20,93300,13:30,13:55,25,PARTIAL,2,3,,,SCALE_INSUFFICIENT,,True,,,,CURRENT_BAR_UNAVAILABLE,OBSERVATION_INSUFFICIENT,6,0,0,False,0,0,False,INHERITED_RAW_PRICE_BASIS,False,False
2025-08-20|93300,2025-08-20,93300,13:30,14:00,30,PARTIAL,2,3,,,SCALE_INSUFFICIENT,,True,,,,CURRENT_BAR_UNAVAILABLE,OBSERVATION_INSUFFICIENT,5,0,0,False,0,0,False,INHERITED_RAW_PRICE_BASIS,False,False
2025-08-20|93300,2025-08-20,93300,13:30,14:05,35,PARTIAL,2,3,,,SCALE_INSUFFICIENT,,True,,,,CURRENT_BAR_UNAVAILABLE,OBSERVATION_INSUFFICIENT,3,0,0,False,0,0,False,INHERITED_RAW_PRICE_BASIS,False,False
2025-08-20|93300,2025-08-20,93300,13:30,14:10,40,PARTIAL,3,2,,,SCALE_INSUFFICIENT,,True,,,,SCALE_UNAVAILABLE,OBSERVATION_INSUFFICIENT,2,0,0,False,0,0,False,INHERITED_RAW_PRICE_BASIS,False,False
2025-08-20|93300,2025-08-20,93300,13:30,14:15,45,PARTIAL,4,1,,,SCALE_INSUFFICIENT,,True,,,,SCALE_UNAVAILABLE,OBSERVATION_INSUFFICIENT,4,0,0,False,0,0,False,INHERITED_RAW_PRICE_BASIS,False,False
2025-08-20|93300,2025-08-20,93300,13:30,14:20,50,PARTIAL,4,1,,,SCALE_INSUFFICIENT,,True,,,,SCALE_UNAVAILABLE,OBSERVATION_INSUFFICIENT,7,0,0,False,0,0,False,INHERITED_RAW_PRICE_BASIS,False,False
2025-08-20|93300,2025-08-20,93300,13:30,14:25,55,PARTIAL,2,3,,,SCALE_INSUFFICIENT,,True,,,,SCALE_UNAVAILABLE,OBSERVATION_INSUFFICIENT,8,0,0,False,0,0,False,INHERITED_RAW_PRICE_BASIS,False,False
2025-08-20|93300,2025-08-20,93300,13:30,14:30,60,PARTIAL,1,4,,,SCALE_INSUFFICIENT,,True,,,,CURRENT_BAR_UNAVAILABLE,OBSERVATION_INSUFFICIENT,6,0,0,False,0,0,False,INHERITED_RAW_PRICE_BASIS,False,False
2025-08-20|93300,2025-08-20,93300,13:30,14:35,65,PARTIAL,1,4,,,SCALE_INSUFFICIENT,,True,,,,SCALE_UNAVAILABLE,OBSERVATION_INSUFFICIENT,6,0,0,False,0,0,False,INHERITED_RAW_PRICE_BASIS,False,False
2025-08-20|93300,2025-08-20,93300,13:30,14:40,70,PARTIAL,3,2,,,SCALE_INSUFFICIENT,,True,,,,CURRENT_BAR_UNAVAILABLE,OBSERVATION_INSUFFICIENT,9,0,0,False,0,0,False,INHERITED_RAW_PRICE_BASIS,False,False
2025-08-20|93300,2025-08-20,93300,13:30,14:45,75,PARTIAL,1,4,,,SCALE_INSUFFICIENT,,True,,,,CURRENT_BAR_UNAVAILABLE,OBSERVATION_INSUFFICIENT,9,0,0,False,0,0,False,INHERITED_RAW_PRICE_BASIS,False,False
2025-08-20|93300,2025-08-20,93300,13:30,14:50,80,UNAVAILABLE,0,5,,,SCALE_INSUFFICIENT,,True,,,,CURRENT_BAR_UNAVAILABLE,OBSERVATION_INSUFFICIENT,8,0,0,False,0,0,False,INHERITED_RAW_PRICE_BASIS,False,False
2025-08-20|93300,2025-08-20,93300,13:30,14:55,85,PARTIAL,1,4,,,SCALE_INSUFFICIENT,,True,,,,CURRENT_BAR_UNAVAILABLE,OBSERVATION_INSUFFICIENT,9,0,0,False,0,0,False,INHERITED_RAW_PRICE_BASIS,False,False
2025-08-20|93300,2025-08-20,93300,13:30,15:00,90,PARTIAL,1,4,,,SCALE_INSUFFICIENT,,True,,,,CURRENT_BAR_UNAVAILABLE,OBSERVATION_INSUFFICIENT,9,0,0,False,0,0,False,INHERITED_RAW_PRICE_BASIS,False,False
2025-08-20|93300,2025-08-20,93300,13:30,15:05,95,UNAVAILABLE,0,5,,,SCALE_INSUFFICIENT,,True,,,,CURRENT_BAR_UNAVAILABLE,OBSERVATION_INSUFFICIENT,7,0,0,False,0,0,False,INHERITED_RAW_PRICE_BASIS,False,False
2025-08-20|93300,2025-08-20,93300,13:30,15:10,100,PARTIAL,1,4,,,SCALE_INSUFFICIENT,,True,,,,CURRENT_BAR_UNAVAILABLE,OBSERVATION_INSUFFICIENT,5,0,0,False,0,0,False,INHERITED_RAW_PRICE_BASIS,False,False
2025-08-20|93300,2025-08-20,93300,13:30,15:15,105,PARTIAL,2,3,,,SCALE_INSUFFICIENT,,True,,,,CURRENT_BAR_UNAVAILABLE,OBSERVATION_INSUFFICIENT,3,0,0,False,0,0,False,INHERITED_RAW_PRICE_BASIS,False,False
2025-08-20|93300,2025-08-20,93300,13:30,15:20,110,PARTIAL,3,2,,,SCALE_INSUFFICIENT,,True,,,,CURRENT_BAR_UNAVAILABLE,RIGHT_CENSORED,1,0,0,False,0,3,False,INHERITED_RAW_PRICE_BASIS,False,False
2025-08-20|93300,2025-08-20,93300,13:30,15:25,115,PARTIAL,4,1,,,SCALE_INSUFFICIENT,,True,,,,SCALE_UNAVAILABLE,RIGHT_CENSORED,0,0,0,False,2,3,False,INHERITED_RAW_PRICE_BASIS,False,False
2025-08-20|95530,2025-08-20,95530,13:00,13:00,0,COMPLETE,5,0,DOWN,-1.8726591760299625,AVAILABLE,3.0,True,,,RANGE_EXPANSION|VOLUME_EXPANSION|TRADING_VALUE_EXPANSION,UNRESOLVED_STRUCTURE,WINDOW_OBSERVED,0,1,2,False,0,1,False,INHERITED_RAW_PRICE_BASIS,False,False
2025-08-20|95530,2025-08-20,95530,13:00,13:05,5,COMPLETE,5,0,UP,0.19011406844106463,AVAILABLE,3.0,True,,RECOVERY,CHOPPINESS|RANGE_COMPRESSION|VOLUME_COMPRESSION|TRADING_VALUE_COMPRESSION,UNRESOLVED_STRUCTURE,WINDOW_OBSERVED,0,0,2,False,0,1,True,INHERITED_RAW_PRICE_BASIS,True,True
2025-08-20|95530,2025-08-20,95530,13:00,13:10,10,COMPLETE,5,0,DOWN,-0.5692599620493358,AVAILABLE,3.0,True,,,VOLUME_EXPANSION|TRADING_VALUE_EXPANSION,UNRESOLVED_STRUCTURE,WINDOW_OBSERVED,0,0,3,False,0,0,False,INHERITED_RAW_PRICE_BASIS,True,True
2025-08-20|95530,2025-08-20,95530,13:00,13:15,15,COMPLETE,5,0,DOWN,-0.19120458891013384,AVAILABLE,3.0,True,,,,UNRESOLVED_STRUCTURE,WINDOW_OBSERVED,0,0,3,False,0,2,False,INHERITED_RAW_PRICE_BASIS,True,False
2025-08-20|95530,2025-08-20,95530,13:00,13:20,20,COMPLETE,5,0,DOWN,-0.3838771593090211,AVAILABLE,3.0,True,DOWN_STRUCTURE,,RANGE_EXPANSION|VOLUME_EXPANSION|TRADING_VALUE_EXPANSION,IDENTIFIED,WINDOW_OBSERVED,0,1,4,False,2,1,True,INHERITED_RAW_PRICE_BASIS,True,False
2025-08-20|95530,2025-08-20,95530,13:00,13:25,25,COMPLETE,5,0,UP,0.7707129094412332,AVAILABLE,3.0,True,DOWN_STRUCTURE,CORRECTION|RECOVERY,VOLUME_COMPRESSION|TRADING_VALUE_COMPRESSION,IDENTIFIED,WINDOW_OBSERVED,0,0,4,False,0,0,True,INHERITED_RAW_PRICE_BASIS,True,True
2025-08-20|95530,2025-08-20,95530,13:00,13:30,30,COMPLETE,5,0,UP,0.3824091778202677,AVAILABLE,3.0,True,DOWN_STRUCTURE,CORRECTION|RECOVERY,RANGE_COMPRESSION|VOLUME_EXPANSION|TRADING_VALUE_EXPANSION,IDENTIFIED,WINDOW_OBSERVED,0,0,4,False,0,0,True,INHERITED_RAW_PRICE_BASIS,True,False
2025-08-20|95530,2025-08-20,95530,13:00,13:35,35,COMPLETE,5,0,UP,0.19047619047619047,AVAILABLE,3.0,True,DOWN_STRUCTURE,CORRECTION|RECOVERY,CHOPPINESS,IDENTIFIED,WINDOW_OBSERVED,0,0,4,False,0,0,True,INHERITED_RAW_PRICE_BASIS,True,False
2025-08-20|95530,2025-08-20,95530,13:00,13:40,40,COMPLETE,5,0,UNCHANGED,0.0,AVAILABLE,3.0,True,DOWN_STRUCTURE,CORRECTION|RECOVERY,RANGE_COMPRESSION|VOLUME_COMPRESSION|TRADING_VALUE_COMPRESSION,IDENTIFIED,WINDOW_OBSERVED,0,0,4,False,0,0,True,INHERITED_RAW_PRICE_BASIS,True,False
2025-08-20|95530,2025-08-20,95530,13:00,13:45,45,COMPLETE,5,0,UP,0.7590132827324478,AVAILABLE,3.0,True,,RESTRUCTURING,RANGE_EXPANSION|VOLUME_EXPANSION|TRADING_VALUE_EXPANSION,UNRESOLVED_STRUCTURE,WINDOW_OBSERVED,0,0,4,False,0,1,True,INHERITED_RAW_PRICE_BASIS,True,True
2025-08-20|95530,2025-08-20,95530,13:00,13:50,50,COMPLETE,5,0,UP,0.5649717514124294,AVAILABLE,3.0,True,,RESTRUCTURING,,UNRESOLVED_STRUCTURE,WINDOW_OBSERVED,0,0,4,False,0,0,True,INHERITED_RAW_PRICE_BASIS,True,False
2025-08-20|95530,2025-08-20,95530,13:00,13:55,55,COMPLETE,5,0,UP,0.18726591760299627,AVAILABLE,3.0,True,,RESTRUCTURING,,UNRESOLVED_STRUCTURE,WINDOW_OBSERVED,0,0,4,False,0,0,True,INHERITED_RAW_PRICE_BASIS,True,False
2025-08-20|95530,2025-08-20,95530,13:00,14:00,60,COMPLETE,5,0,UP,0.37383177570093457,AVAILABLE,3.0,True,,RESTRUCTURING,VOLUME_EXPANSION|TRADING_VALUE_EXPANSION,UNRESOLVED_STRUCTURE,WINDOW_OBSERVED,0,0,4,False,0,0,True,INHERITED_RAW_PRICE_BASIS,True,False
2025-08-20|95530,2025-08-20,95530,13:00,14:05,65,COMPLETE,5,0,UP,0.186219739292365,AVAILABLE,3.0,True,,RESTRUCTURING,RANGE_COMPRESSION,UNRESOLVED_STRUCTURE,WINDOW_OBSERVED,0,0,4,False,0,0,True,INHERITED_RAW_PRICE_BASIS,True,False
2025-08-20|95530,2025-08-20,95530,13:00,14:10,70,COMPLETE,5,0,UP,0.5576208178438662,AVAILABLE,3.0,True,,RESTRUCTURING,RANGE_EXPANSION|VOLUME_EXPANSION|TRADING_VALUE_EXPANSION,UNRESOLVED_STRUCTURE,WINDOW_OBSERVED,0,0,4,False,0,0,True,INHERITED_RAW_PRICE_BASIS,True,False
2025-08-20|95530,2025-08-20,95530,13:00,14:15,75,COMPLETE,5,0,UNCHANGED,0.0,AVAILABLE,3.0,True,,RESTRUCTURING,RANGE_COMPRESSION|VOLUME_COMPRESSION|TRADING_VALUE_COMPRESSION,UNRESOLVED_STRUCTURE,OBSERVATION_INSUFFICIENT,1,0,4,False,0,0,True,INHERITED_RAW_PRICE_BASIS,True,False
2025-08-20|95530,2025-08-20,95530,13:00,14:20,80,COMPLETE,5,0,DOWN,-0.18450184501845018,AVAILABLE,3.0,True,,RESTRUCTURING,CHOPPINESS,UNRESOLVED_STRUCTURE,OBSERVATION_INSUFFICIENT,2,0,4,False,0,0,True,INHERITED_RAW_PRICE_BASIS,True,False
2025-08-20|95530,2025-08-20,95530,13:00,14:25,85,PARTIAL,4,1,,,AVAILABLE,3.0,True,,,,UNRESOLVED_STRUCTURE,OBSERVATION_INSUFFICIENT,3,0,0,False,0,0,False,INHERITED_RAW_PRICE_BASIS,False,False
2025-08-20|95530,2025-08-20,95530,13:00,14:30,90,PARTIAL,4,1,,,AVAILABLE,3.0,True,,,,UNRESOLVED_STRUCTURE,OBSERVATION_INSUFFICIENT,4,0,0,False,0,0,False,INHERITED_RAW_PRICE_BASIS,False,False
2025-08-20|95530,2025-08-20,95530,13:00,14:35,95,PARTIAL,3,2,,,AVAILABLE,3.0,True,,,,CURRENT_BAR_UNAVAILABLE,OBSERVATION_INSUFFICIENT,3,0,0,False,0,0,False,INHERITED_RAW_PRICE_BASIS,False,False
2025-08-20|95530,2025-08-20,95530,13:00,14:40,100,PARTIAL,3,2,,,AVAILABLE,3.0,True,,,,UNRESOLVED_STRUCTURE,OBSERVATION_INSUFFICIENT,3,0,0,False,0,0,False,INHERITED_RAW_PRICE_BASIS,False,False
2025-08-20|95530,2025-08-20,95530,13:00,14:45,105,PARTIAL,4,1,,,AVAILABLE,3.0,True,,,,CURRENT_BAR_UNAVAILABLE,OBSERVATION_INSUFFICIENT,4,0,0,False,0,0,False,INHERITED_RAW_PRICE_BASIS,False,False
2025-08-20|95530,2025-08-20,95530,13:00,14:50,110,PARTIAL,3,2,,,AVAILABLE,3.0,True,,,,UNRESOLVED_STRUCTURE,OBSERVATION_INSUFFICIENT,3,0,0,False,0,0,False,INHERITED_RAW_PRICE_BASIS,False,False
2025-08-20|95530,2025-08-20,95530,13:00,14:55,115,PARTIAL,3,2,,,AVAILABLE,3.0,True,,,,UNRESOLVED_STRUCTURE,OBSERVATION_INSUFFICIENT,1,0,0,False,0,0,False,INHERITED_RAW_PRICE_BASIS,False,False
2025-08-20|95530,2025-08-20,95530,13:00,15:00,120,PARTIAL,4,1,,,AVAILABLE,3.0,True,,,,UNRESOLVED_STRUCTURE,OBSERVATION_INSUFFICIENT,2,0,0,False,0,0,False,INHERITED_RAW_PRICE_BASIS,False,False
2025-08-20|95530,2025-08-20,95530,13:00,15:05,125,COMPLETE,5,0,UP,0.18552875695732837,AVAILABLE,3.0,True,,,,UNRESOLVED_STRUCTURE,OBSERVATION_INSUFFICIENT,3,0,0,False,0,0,False,INHERITED_RAW_PRICE_BASIS,False,False
2025-08-20|95530,2025-08-20,95530,13:00,15:10,130,PARTIAL,3,2,,,AVAILABLE,3.0,True,,,,CURRENT_BAR_UNAVAILABLE,OBSERVATION_INSUFFICIENT,2,0,0,False,0,0,False,INHERITED_RAW_PRICE_BASIS,False,False
2025-08-20|95530,2025-08-20,95530,13:00,15:15,135,PARTIAL,4,1,,,AVAILABLE,3.0,True,,,,UNRESOLVED_STRUCTURE,OBSERVATION_INSUFFICIENT,1,0,0,False,0,0,False,INHERITED_RAW_PRICE_BASIS,False,False
2025-08-20|95530,2025-08-20,95530,13:00,15:20,140,PARTIAL,4,1,,,AVAILABLE,3.0,True,,,,UNRESOLVED_STRUCTURE,RIGHT_CENSORED,0,0,0,False,0,0,False,INHERITED_RAW_PRICE_BASIS,False,False
2025-08-20|95530,2025-08-20,95530,13:00,15:25,145,COMPLETE,5,0,UP,0.18484288354898337,AVAILABLE,3.0,True,,,,UNRESOLVED_STRUCTURE,RIGHT_CENSORED,0,0,0,False,0,0,False,INHERITED_RAW_PRICE_BASIS,False,False
2025-08-20|95620,2025-08-20,95620,14:00,14:00,0,PARTIAL,1,4,,,SCALE_INSUFFICIENT,,True,,,,SCALE_UNAVAILABLE,OBSERVATION_INSUFFICIENT,10,0,0,False,1,0,False,INHERITED_RAW_PRICE_BASIS,False,False
2025-08-20|95620,2025-08-20,95620,14:00,14:05,5,UNAVAILABLE,0,5,,,SCALE_INSUFFICIENT,,True,,,,CURRENT_BAR_UNAVAILABLE,OBSERVATION_INSUFFICIENT,10,0,0,False,0,0,False,INHERITED_RAW_PRICE_BASIS,False,False
2025-08-20|95620,2025-08-20,95620,14:00,14:10,10,UNAVAILABLE,0,5,,,SCALE_INSUFFICIENT,,True,,,,CURRENT_BAR_UNAVAILABLE,OBSERVATION_INSUFFICIENT,10,0,0,False,0,0,False,INHERITED_RAW_PRICE_BASIS,False,False
2025-08-20|95620,2025-08-20,95620,14:00,14:15,15,UNAVAILABLE,0,5,,,SCALE_INSUFFICIENT,,True,,,,CURRENT_BAR_UNAVAILABLE,OBSERVATION_INSUFFICIENT,10,0,0,False,0,0,False,INHERITED_RAW_PRICE_BASIS,False,False
2025-08-20|95620,2025-08-20,95620,14:00,14:20,20,UNAVAILABLE,0,5,,,SCALE_INSUFFICIENT,,True,,,,CURRENT_BAR_UNAVAILABLE,OBSERVATION_INSUFFICIENT,10,0,0,False,0,0,False,INHERITED_RAW_PRICE_BASIS,False,False
2025-08-20|95620,2025-08-20,95620,14:00,14:25,25,UNAVAILABLE,0,5,,,SCALE_INSUFFICIENT,,True,,,,CURRENT_BAR_UNAVAILABLE,OBSERVATION_INSUFFICIENT,10,0,0,False,0,0,False,INHERITED_RAW_PRICE_BASIS,False,False
2025-08-20|95620,2025-08-20,95620,14:00,14:30,30,UNAVAILABLE,0,5,,,SCALE_INSUFFICIENT,,True,,,,CURRENT_BAR_UNAVAILABLE,OBSERVATION_INSUFFICIENT,10,0,0,False,0,0,False,INHERITED_RAW_PRICE_BASIS,False,False
2025-08-20|95620,2025-08-20,95620,14:00,14:35,35,UNAVAILABLE,0,5,,,SCALE_INSUFFICIENT,,True,,,,CURRENT_BAR_UNAVAILABLE,OBSERVATION_INSUFFICIENT,10,0,0,False,0,0,False,INHERITED_RAW_PRICE_BASIS,False,False
2025-08-20|95620,2025-08-20,95620,14:00,14:40,40,UNAVAILABLE,0,5,,,SCALE_INSUFFICIENT,,True,,,,CURRENT_BAR_UNAVAILABLE,OBSERVATION_INSUFFICIENT,10,0,0,False,0,0,False,INHERITED_RAW_PRICE_BASIS,False,False
2025-08-20|95620,2025-08-20,95620,14:00,14:45,45,UNAVAILABLE,0,5,,,SCALE_INSUFFICIENT,,True,,,,CURRENT_BAR_UNAVAILABLE,OBSERVATION_INSUFFICIENT,10,0,0,False,0,0,False,INHERITED_RAW_PRICE_BASIS,False,False
2025-08-20|95620,2025-08-20,95620,14:00,14:50,50,UNAVAILABLE,0,5,,,SCALE_INSUFFICIENT,,True,,,,CURRENT_BAR_UNAVAILABLE,OBSERVATION_INSUFFICIENT,10,0,0,False,0,0,False,INHERITED_RAW_PRICE_BASIS,False,False
2025-08-20|95620,2025-08-20,95620,14:00,14:55,55,UNAVAILABLE,0,5,,,SCALE_INSUFFICIENT,,True,,,,CURRENT_BAR_UNAVAILABLE,OBSERVATION_INSUFFICIENT,9,0,0,False,0,0,False,INHERITED_RAW_PRICE_BASIS,False,False
2025-08-20|95620,2025-08-20,95620,14:00,15:00,60,UNAVAILABLE,0,5,,,SCALE_INSUFFICIENT,,True,,,,CURRENT_BAR_UNAVAILABLE,OBSERVATION_INSUFFICIENT,9,0,0,False,0,0,False,INHERITED_RAW_PRICE_BASIS,False,False
2025-08-20|95620,2025-08-20,95620,14:00,15:05,65,PARTIAL,1,4,,,SCALE_INSUFFICIENT,,True,,,,CURRENT_BAR_UNAVAILABLE,OBSERVATION_INSUFFICIENT,9,0,0,False,0,0,False,INHERITED_RAW_PRICE_BASIS,False,False
2025-08-20|95620,2025-08-20,95620,14:00,15:10,70,UNAVAILABLE,0,5,,,SCALE_INSUFFICIENT,,True,,,,CURRENT_BAR_UNAVAILABLE,OBSERVATION_INSUFFICIENT,9,0,0,False,0,0,False,INHERITED_RAW_PRICE_BASIS,False,False
2025-08-20|95620,2025-08-20,95620,14:00,15:15,75,PARTIAL,1,4,,,SCALE_INSUFFICIENT,,True,,,,SCALE_UNAVAILABLE,OBSERVATION_INSUFFICIENT,10,0,0,False,0,0,False,INHERITED_RAW_PRICE_BASIS,False,False
2025-08-20|95620,2025-08-20,95620,14:00,15:20,80,UNAVAILABLE,0,5,,,SCALE_INSUFFICIENT,,True,,,,CURRENT_BAR_UNAVAILABLE,RIGHT_CENSORED,5,0,0,False,0,0,False,INHERITED_RAW_PRICE_BASIS,False,False
2025-08-20|95620,2025-08-20,95620,14:00,15:25,85,UNAVAILABLE,0,5,,,SCALE_INSUFFICIENT,,True,,,,CURRENT_BAR_UNAVAILABLE,RIGHT_CENSORED,0,0,0,False,0,0,False,INHERITED_RAW_PRICE_BASIS,False,False
2025-08-20|97530,2025-08-20,97530,14:30,14:30,0,PARTIAL,1,4,,,SCALE_INSUFFICIENT,,True,,,,CURRENT_BAR_UNAVAILABLE,OBSERVATION_INSUFFICIENT,6,0,0,False,0,0,False,INHERITED_RAW_PRICE_BASIS,False,False
2025-08-20|97530,2025-08-20,97530,14:30,14:35,5,PARTIAL,3,2,,,SCALE_INSUFFICIENT,,True,,,,CURRENT_BAR_UNAVAILABLE,OBSERVATION_INSUFFICIENT,8,0,0,False,0,0,False,INHERITED_RAW_PRICE_BASIS,False,False
2025-08-20|97530,2025-08-20,97530,14:30,14:40,10,PARTIAL,1,4,,,SCALE_INSUFFICIENT,,True,,,,CURRENT_BAR_UNAVAILABLE,OBSERVATION_INSUFFICIENT,8,0,0,False,0,0,False,INHERITED_RAW_PRICE_BASIS,False,False
2025-08-20|97530,2025-08-20,97530,14:30,14:45,15,PARTIAL,1,4,,,SCALE_INSUFFICIENT,,True,,,,SCALE_UNAVAILABLE,OBSERVATION_INSUFFICIENT,7,0,0,False,0,0,False,INHERITED_RAW_PRICE_BASIS,False,False
2025-08-20|97530,2025-08-20,97530,14:30,14:50,20,PARTIAL,1,4,,,SCALE_INSUFFICIENT,,True,,,,CURRENT_BAR_UNAVAILABLE,OBSERVATION_INSUFFICIENT,6,0,0,False,0,0,False,INHERITED_RAW_PRICE_BASIS,False,False
2025-08-20|97530,2025-08-20,97530,14:30,14:55,25,PARTIAL,2,3,,,SCALE_INSUFFICIENT,,True,,,,SCALE_UNAVAILABLE,OBSERVATION_INSUFFICIENT,7,0,0,False,0,0,False,INHERITED_RAW_PRICE_BASIS,False,False
2025-08-20|97530,2025-08-20,97530,14:30,15:00,30,PARTIAL,2,3,,,SCALE_INSUFFICIENT,,True,,,,SCALE_UNAVAILABLE,OBSERVATION_INSUFFICIENT,6,0,0,False,0,0,False,INHERITED_RAW_PRICE_BASIS,False,False
2025-08-20|97530,2025-08-20,97530,14:30,15:05,35,PARTIAL,1,4,,,SCALE_INSUFFICIENT,,True,,,,CURRENT_BAR_UNAVAILABLE,OBSERVATION_INSUFFICIENT,6,0,0,False,0,0,False,INHERITED_RAW_PRICE_BASIS,False,False
2025-08-20|97530,2025-08-20,97530,14:30,15:10,40,PARTIAL,3,2,,,SCALE_INSUFFICIENT,,True,,,,CURRENT_BAR_UNAVAILABLE,OBSERVATION_INSUFFICIENT,9,0,0,False,0,0,False,INHERITED_RAW_PRICE_BASIS,False,False
2025-08-20|97530,2025-08-20,97530,14:30,15:15,45,PARTIAL,1,4,,,SCALE_INSUFFICIENT,,True,,,,CURRENT_BAR_UNAVAILABLE,OBSERVATION_INSUFFICIENT,7,0,0,False,0,0,False,INHERITED_RAW_PRICE_BASIS,False,False
2025-08-20|97530,2025-08-20,97530,14:30,15:20,50,UNAVAILABLE,0,5,,,SCALE_INSUFFICIENT,,True,,,,CURRENT_BAR_UNAVAILABLE,RIGHT_CENSORED,2,0,0,False,0,0,False,INHERITED_RAW_PRICE_BASIS,False,False
2025-08-20|97530,2025-08-20,97530,14:30,15:25,55,PARTIAL,3,2,,,SCALE_INSUFFICIENT,,True,,,,SCALE_UNAVAILABLE,RIGHT_CENSORED,0,0,0,False,0,0,False,INHERITED_RAW_PRICE_BASIS,False,False
