opportunity,session,symbol,selectorTime,asOf,elapsedActiveMinutes,observation,observed1m,missing1m,direction,return5Pct,scaleStatus,scale,dailyComplete5,structure,phase,attributes,stateReason,futureStatus,futureMissing,lateConfirmedPivots,pivotN,localRange,sameBarOrderAmbiguities,closedCrossEvents,semanticAny,contextPriceBasis,transitionObservablePair,phaseChanged
2025-07-15|14070,2025-07-15,14070,13:00,13:00,0,COMPLETE,5,0,DOWN,-0.06337135614702155,AVAILABLE,5.0,False,,RESTRUCTURING,CHOPPINESS|RANGE_COMPRESSION|VOLUME_COMPRESSION|TRADING_VALUE_COMPRESSION,UNRESOLVED_STRUCTURE,WINDOW_OBSERVED,0,0,5,False,1,2,True,INHERITED_RAW_PRICE_BASIS,False,False
2025-07-15|14070,2025-07-15,14070,13:00,13:05,5,COMPLETE,5,0,DOWN,-0.8877615726062144,AVAILABLE,5.0,False,DOWN_STRUCTURE,,RANGE_EXPANSION|VOLUME_EXPANSION|TRADING_VALUE_EXPANSION,IDENTIFIED,WINDOW_OBSERVED,0,1,6,False,1,1,True,INHERITED_RAW_PRICE_BASIS,True,True
2025-07-15|14070,2025-07-15,14070,13:00,13:10,10,COMPLETE,5,0,UP,0.5758157389635317,AVAILABLE,5.0,False,DOWN_STRUCTURE,CORRECTION|RECOVERY,VOLUME_COMPRESSION|TRADING_VALUE_COMPRESSION,IDENTIFIED,WINDOW_OBSERVED,0,0,6,False,0,0,True,INHERITED_RAW_PRICE_BASIS,True,True
2025-07-15|14070,2025-07-15,14070,13:00,13:15,15,COMPLETE,5,0,DOWN,-0.5728835136855506,AVAILABLE,5.0,False,DOWN_STRUCTURE,,VOLUME_EXPANSION|TRADING_VALUE_EXPANSION,IDENTIFIED,WINDOW_OBSERVED,0,1,8,False,2,1,True,INHERITED_RAW_PRICE_BASIS,True,True
2025-07-15|14070,2025-07-15,14070,13:00,13:20,20,COMPLETE,5,0,UP,0.5121638924455826,AVAILABLE,5.0,False,DOWN_STRUCTURE,,RANGE_COMPRESSION,IDENTIFIED,WINDOW_OBSERVED,0,1,9,False,2,1,True,INHERITED_RAW_PRICE_BASIS,True,False
2025-07-15|14070,2025-07-15,14070,13:00,13:25,25,COMPLETE,5,0,UP,0.3186743148502231,AVAILABLE,5.0,False,,RESTRUCTURING,,UNRESOLVED_STRUCTURE,WINDOW_OBSERVED,0,0,10,False,1,1,True,INHERITED_RAW_PRICE_BASIS,True,True
2025-07-15|14070,2025-07-15,14070,13:00,13:30,30,COMPLETE,5,0,UP,1.0165184243964422,AVAILABLE,5.0,False,,RESTRUCTURING,RANGE_EXPANSION|VOLUME_EXPANSION|TRADING_VALUE_EXPANSION,UNRESOLVED_STRUCTURE,WINDOW_OBSERVED,0,0,10,False,0,0,True,INHERITED_RAW_PRICE_BASIS,True,False
2025-07-15|14070,2025-07-15,14070,13:00,13:35,35,COMPLETE,5,0,UP,1.0062893081761006,AVAILABLE,5.0,False,,RESTRUCTURING,,UNRESOLVED_STRUCTURE,WINDOW_OBSERVED,0,0,10,False,0,0,True,INHERITED_RAW_PRICE_BASIS,True,False
2025-07-15|14070,2025-07-15,14070,13:00,13:40,40,COMPLETE,5,0,UP,0.31133250311332505,AVAILABLE,5.0,False,,RESTRUCTURING,RANGE_COMPRESSION|VOLUME_COMPRESSION|TRADING_VALUE_COMPRESSION,UNRESOLVED_STRUCTURE,OBSERVATION_INSUFFICIENT,1,0,10,False,0,0,True,INHERITED_RAW_PRICE_BASIS,True,False
2025-07-15|14070,2025-07-15,14070,13:00,13:45,45,COMPLETE,5,0,UP,0.4965859714463066,AVAILABLE,5.0,False,UP_STRUCTURE,,RANGE_EXPANSION|VOLUME_EXPANSION|TRADING_VALUE_EXPANSION,IDENTIFIED,OBSERVATION_INSUFFICIENT,1,1,11,False,0,0,True,INHERITED_RAW_PRICE_BASIS,True,True
2025-07-15|14070,2025-07-15,14070,13:00,13:50,50,PARTIAL,4,1,,,AVAILABLE,5.0,False,,,,UNRESOLVED_STRUCTURE,WINDOW_OBSERVED,0,1,1,False,0,0,False,INHERITED_RAW_PRICE_BASIS,False,False
2025-07-15|14070,2025-07-15,14070,13:00,13:55,55,COMPLETE,5,0,DOWN,-0.12406947890818859,AVAILABLE,5.0,False,,,,UNRESOLVED_STRUCTURE,WINDOW_OBSERVED,0,1,3,False,0,0,False,INHERITED_RAW_PRICE_BASIS,False,False
2025-07-15|14070,2025-07-15,14070,13:00,14:00,60,COMPLETE,5,0,DOWN,-0.6203473945409429,AVAILABLE,5.0,False,,,VOLUME_COMPRESSION|TRADING_VALUE_COMPRESSION,UNRESOLVED_STRUCTURE,WINDOW_OBSERVED,0,0,3,False,2,0,False,INHERITED_RAW_PRICE_BASIS,True,False
2025-07-15|14070,2025-07-15,14070,13:00,14:05,65,COMPLETE,5,0,DOWN,-0.4366812227074236,AVAILABLE,5.0,False,,,,UNRESOLVED_STRUCTURE,WINDOW_OBSERVED,0,0,3,False,1,2,False,INHERITED_RAW_PRICE_BASIS,True,False
2025-07-15|14070,2025-07-15,14070,13:00,14:10,70,COMPLETE,5,0,DOWN,-0.5642633228840125,AVAILABLE,5.0,False,DOWN_STRUCTURE,CORRECTION|RECOVERY,,IDENTIFIED,WINDOW_OBSERVED,0,1,4,False,0,0,True,INHERITED_RAW_PRICE_BASIS,True,True
2025-07-15|14070,2025-07-15,14070,13:00,14:15,75,COMPLETE,5,0,UP,0.5671077504725898,AVAILABLE,5.0,False,DOWN_STRUCTURE,,,IDENTIFIED,WINDOW_OBSERVED,0,1,5,False,0,0,True,INHERITED_RAW_PRICE_BASIS,True,True
2025-07-15|14070,2025-07-15,14070,13:00,14:20,80,COMPLETE,5,0,DOWN,-0.31347962382445144,AVAILABLE,5.0,False,DOWN_STRUCTURE,PROGRESSION,VOLUME_COMPRESSION|TRADING_VALUE_COMPRESSION,IDENTIFIED,WINDOW_OBSERVED,0,0,5,False,0,0,True,INHERITED_RAW_PRICE_BASIS,True,True
2025-07-15|14070,2025-07-15,14070,13:00,14:25,85,COMPLETE,5,0,DOWN,-0.43997485857950974,AVAILABLE,5.0,False,DOWN_STRUCTURE,PROGRESSION,,IDENTIFIED,WINDOW_OBSERVED,0,0,5,False,0,2,True,INHERITED_RAW_PRICE_BASIS,True,False
2025-07-15|14070,2025-07-15,14070,13:00,14:30,90,COMPLETE,5,0,UP,0.18951358180669614,AVAILABLE,5.0,False,DOWN_STRUCTURE,CORRECTION|RECOVERY,RANGE_COMPRESSION,IDENTIFIED,OBSERVATION_INSUFFICIENT,1,1,6,False,1,1,True,INHERITED_RAW_PRICE_BASIS,True,True
2025-07-15|14070,2025-07-15,14070,13:00,14:35,95,COMPLETE,5,0,UP,0.25220680958385877,AVAILABLE,5.0,False,DOWN_STRUCTURE,CORRECTION|RECOVERY,RANGE_EXPANSION|VOLUME_EXPANSION|TRADING_VALUE_EXPANSION,IDENTIFIED,OBSERVATION_INSUFFICIENT,1,0,6,False,2,0,True,INHERITED_RAW_PRICE_BASIS,True,False
2025-07-15|14070,2025-07-15,14070,13:00,14:40,100,PARTIAL,4,1,,,AVAILABLE,5.0,False,,,,CURRENT_BAR_UNAVAILABLE,OBSERVATION_INSUFFICIENT,1,0,0,False,2,2,False,INHERITED_RAW_PRICE_BASIS,False,False
2025-07-15|14070,2025-07-15,14070,13:00,14:45,105,COMPLETE,5,0,UP,0.12554927809165098,AVAILABLE,5.0,False,,,,UNRESOLVED_STRUCTURE,OBSERVATION_INSUFFICIENT,2,0,0,False,0,0,False,INHERITED_RAW_PRICE_BASIS,False,False
2025-07-15|14070,2025-07-15,14070,13:00,14:50,110,PARTIAL,4,1,,,AVAILABLE,5.0,False,,,,UNRESOLVED_STRUCTURE,OBSERVATION_INSUFFICIENT,1,0,0,False,0,0,False,INHERITED_RAW_PRICE_BASIS,False,False
2025-07-15|14070,2025-07-15,14070,13:00,14:55,115,PARTIAL,4,1,,,AVAILABLE,5.0,False,,,,UNRESOLVED_STRUCTURE,WINDOW_OBSERVED,0,1,1,False,0,0,False,INHERITED_RAW_PRICE_BASIS,False,False
2025-07-15|14070,2025-07-15,14070,13:00,15:00,120,COMPLETE,5,0,DOWN,-0.6297229219143576,AVAILABLE,5.0,False,,,,UNRESOLVED_STRUCTURE,WINDOW_OBSERVED,0,0,1,False,0,0,False,INHERITED_RAW_PRICE_BASIS,False,False
2025-07-15|14070,2025-07-15,14070,13:00,15:05,125,COMPLETE,5,0,DOWN,-0.12682308180088775,AVAILABLE,5.0,False,,,CHOPPINESS|RANGE_COMPRESSION|VOLUME_COMPRESSION|TRADING_VALUE_COMPRESSION,UNRESOLVED_STRUCTURE,WINDOW_OBSERVED,0,0,1,False,0,0,False,INHERITED_RAW_PRICE_BASIS,True,False
2025-07-15|14070,2025-07-15,14070,13:00,15:10,130,COMPLETE,5,0,DOWN,-0.12690355329949238,AVAILABLE,5.0,False,,RECOVERY,RANGE_EXPANSION,UNRESOLVED_STRUCTURE,WINDOW_OBSERVED,0,0,2,False,0,0,True,INHERITED_RAW_PRICE_BASIS,True,True
2025-07-15|14070,2025-07-15,14070,13:00,15:15,135,COMPLETE,5,0,DOWN,-0.25396825396825395,AVAILABLE,5.0,False,,,VOLUME_COMPRESSION|TRADING_VALUE_COMPRESSION,UNRESOLVED_STRUCTURE,WINDOW_OBSERVED,0,0,3,False,0,0,False,INHERITED_RAW_PRICE_BASIS,True,True
2025-07-15|14070,2025-07-15,14070,13:00,15:20,140,COMPLETE,5,0,DOWN,-0.445859872611465,AVAILABLE,5.0,False,,,VOLUME_EXPANSION|TRADING_VALUE_EXPANSION,UNRESOLVED_STRUCTURE,RIGHT_CENSORED,0,0,3,False,1,1,False,INHERITED_RAW_PRICE_BASIS,True,False
2025-07-15|14070,2025-07-15,14070,13:00,15:25,145,COMPLETE,5,0,UP,0.12795905310300704,AVAILABLE,5.0,False,,,RANGE_COMPRESSION|VOLUME_COMPRESSION|TRADING_VALUE_COMPRESSION,UNRESOLVED_STRUCTURE,RIGHT_CENSORED,0,0,3,False,0,0,False,INHERITED_RAW_PRICE_BASIS,True,False
2025-07-15|142A0,2025-07-15,142A0,14:30,14:30,0,PARTIAL,2,3,,,SCALE_INSUFFICIENT,,False,,,,SCALE_UNAVAILABLE,OBSERVATION_INSUFFICIENT,9,0,0,False,0,0,False,INHERITED_RAW_PRICE_BASIS,False,False
2025-07-15|142A0,2025-07-15,142A0,14:30,14:35,5,PARTIAL,1,4,,,SCALE_INSUFFICIENT,,False,,,,CURRENT_BAR_UNAVAILABLE,OBSERVATION_INSUFFICIENT,10,0,0,False,0,0,False,INHERITED_RAW_PRICE_BASIS,False,False
2025-07-15|142A0,2025-07-15,142A0,14:30,14:40,10,UNAVAILABLE,0,5,,,SCALE_INSUFFICIENT,,False,,,,CURRENT_BAR_UNAVAILABLE,OBSERVATION_INSUFFICIENT,10,0,0,False,0,0,False,INHERITED_RAW_PRICE_BASIS,False,False
2025-07-15|142A0,2025-07-15,142A0,14:30,14:45,15,UNAVAILABLE,0,5,,,SCALE_INSUFFICIENT,,False,,,,CURRENT_BAR_UNAVAILABLE,OBSERVATION_INSUFFICIENT,10,0,0,False,0,0,False,INHERITED_RAW_PRICE_BASIS,False,False
2025-07-15|142A0,2025-07-15,142A0,14:30,14:50,20,UNAVAILABLE,0,5,,,SCALE_INSUFFICIENT,,False,,,,CURRENT_BAR_UNAVAILABLE,OBSERVATION_INSUFFICIENT,9,0,0,False,0,0,False,INHERITED_RAW_PRICE_BASIS,False,False
2025-07-15|142A0,2025-07-15,142A0,14:30,14:55,25,UNAVAILABLE,0,5,,,SCALE_INSUFFICIENT,,False,,,,CURRENT_BAR_UNAVAILABLE,OBSERVATION_INSUFFICIENT,8,0,0,False,0,0,False,INHERITED_RAW_PRICE_BASIS,False,False
2025-07-15|142A0,2025-07-15,142A0,14:30,15:00,30,PARTIAL,1,4,,,SCALE_INSUFFICIENT,,False,,,,CURRENT_BAR_UNAVAILABLE,OBSERVATION_INSUFFICIENT,9,0,0,False,0,0,False,INHERITED_RAW_PRICE_BASIS,False,False
2025-07-15|142A0,2025-07-15,142A0,14:30,15:05,35,PARTIAL,1,4,,,SCALE_INSUFFICIENT,,False,,,,SCALE_UNAVAILABLE,OBSERVATION_INSUFFICIENT,10,0,0,False,0,0,False,INHERITED_RAW_PRICE_BASIS,False,False
2025-07-15|142A0,2025-07-15,142A0,14:30,15:10,40,UNAVAILABLE,0,5,,,SCALE_INSUFFICIENT,,False,,,,CURRENT_BAR_UNAVAILABLE,OBSERVATION_INSUFFICIENT,8,0,0,False,0,0,False,INHERITED_RAW_PRICE_BASIS,False,False
2025-07-15|142A0,2025-07-15,142A0,14:30,15:15,45,UNAVAILABLE,0,5,,,SCALE_INSUFFICIENT,,False,,,,CURRENT_BAR_UNAVAILABLE,OBSERVATION_INSUFFICIENT,6,0,0,False,0,0,False,INHERITED_RAW_PRICE_BASIS,False,False
2025-07-15|142A0,2025-07-15,142A0,14:30,15:20,50,PARTIAL,2,3,,,SCALE_INSUFFICIENT,,False,,,,CURRENT_BAR_UNAVAILABLE,RIGHT_CENSORED,3,0,0,False,0,0,False,INHERITED_RAW_PRICE_BASIS,False,False
2025-07-15|142A0,2025-07-15,142A0,14:30,15:25,55,PARTIAL,2,3,,,SCALE_INSUFFICIENT,,False,,,,CURRENT_BAR_UNAVAILABLE,RIGHT_CENSORED,0,0,0,False,0,0,False,INHERITED_RAW_PRICE_BASIS,False,False
2025-07-15|18870,2025-07-15,18870,14:30,14:30,0,COMPLETE,5,0,DOWN,-1.0438413361169103,SCALE_INSUFFICIENT,,False,,,RANGE_EXPANSION|VOLUME_EXPANSION|TRADING_VALUE_EXPANSION,SCALE_UNAVAILABLE,OBSERVATION_INSUFFICIENT,1,0,0,False,1,1,False,INHERITED_RAW_PRICE_BASIS,False,False
2025-07-15|18870,2025-07-15,18870,14:30,14:35,5,COMPLETE,5,0,DOWN,-0.42105263157894735,SCALE_INSUFFICIENT,,False,,,RANGE_COMPRESSION|VOLUME_COMPRESSION|TRADING_VALUE_COMPRESSION,SCALE_UNAVAILABLE,OBSERVATION_INSUFFICIENT,1,0,0,False,0,0,False,INHERITED_RAW_PRICE_BASIS,True,False
2025-07-15|18870,2025-07-15,18870,14:30,14:40,10,PARTIAL,4,1,,,SCALE_INSUFFICIENT,,False,,,,SCALE_UNAVAILABLE,WINDOW_OBSERVED,0,0,0,False,0,0,False,INHERITED_RAW_PRICE_BASIS,False,False
2025-07-15|18870,2025-07-15,18870,14:30,14:45,15,COMPLETE,5,0,DOWN,-0.21141649048625794,SCALE_INSUFFICIENT,,False,,,,SCALE_UNAVAILABLE,OBSERVATION_INSUFFICIENT,1,0,0,False,1,1,False,INHERITED_RAW_PRICE_BASIS,False,False
2025-07-15|18870,2025-07-15,18870,14:30,14:50,20,COMPLETE,5,0,DOWN,-0.211864406779661,SCALE_INSUFFICIENT,,False,,,VOLUME_EXPANSION|TRADING_VALUE_EXPANSION,SCALE_UNAVAILABLE,OBSERVATION_INSUFFICIENT,3,0,0,False,1,1,False,INHERITED_RAW_PRICE_BASIS,True,False
2025-07-15|18870,2025-07-15,18870,14:30,14:55,25,PARTIAL,4,1,,,SCALE_INSUFFICIENT,,False,,,,CURRENT_BAR_UNAVAILABLE,OBSERVATION_INSUFFICIENT,2,0,0,False,0,0,False,INHERITED_RAW_PRICE_BASIS,False,False
2025-07-15|18870,2025-07-15,18870,14:30,15:00,30,PARTIAL,3,2,,,SCALE_INSUFFICIENT,,False,,,,SCALE_UNAVAILABLE,WINDOW_OBSERVED,0,0,0,False,0,0,False,INHERITED_RAW_PRICE_BASIS,False,False
2025-07-15|18870,2025-07-15,18870,14:30,15:05,35,COMPLETE,5,0,DOWN,-0.42462845010615713,SCALE_INSUFFICIENT,,False,,,,SCALE_UNAVAILABLE,OBSERVATION_INSUFFICIENT,1,0,0,False,2,1,False,INHERITED_RAW_PRICE_BASIS,False,False
2025-07-15|18870,2025-07-15,18870,14:30,15:10,40,COMPLETE,5,0,UNCHANGED,0.0,SCALE_INSUFFICIENT,,False,,,RANGE_COMPRESSION|VOLUME_COMPRESSION|TRADING_VALUE_COMPRESSION,SCALE_UNAVAILABLE,OBSERVATION_INSUFFICIENT,1,0,0,False,0,1,False,INHERITED_RAW_PRICE_BASIS,True,False
2025-07-15|18870,2025-07-15,18870,14:30,15:15,45,PARTIAL,4,1,,,SCALE_INSUFFICIENT,,False,,,,SCALE_UNAVAILABLE,WINDOW_OBSERVED,0,0,0,False,0,0,False,INHERITED_RAW_PRICE_BASIS,False,False
2025-07-15|18870,2025-07-15,18870,14:30,15:20,50,COMPLETE,5,0,DOWN,-0.42735042735042733,SCALE_INSUFFICIENT,,False,,,,SCALE_UNAVAILABLE,RIGHT_CENSORED,0,0,0,False,0,1,False,INHERITED_RAW_PRICE_BASIS,False,False
2025-07-15|18870,2025-07-15,18870,14:30,15:25,55,COMPLETE,5,0,UNCHANGED,0.0,SCALE_INSUFFICIENT,,False,,,VOLUME_EXPANSION|TRADING_VALUE_EXPANSION,SCALE_UNAVAILABLE,RIGHT_CENSORED,0,0,0,False,0,1,False,INHERITED_RAW_PRICE_BASIS,True,False
2025-07-15|205A0,2025-07-15,205A0,13:00,13:00,0,PARTIAL,3,2,,,AVAILABLE,34.5,False,,,,UNRESOLVED_STRUCTURE,OBSERVATION_INSUFFICIENT,1,0,0,False,1,0,False,INHERITED_RAW_PRICE_BASIS,False,False
2025-07-15|205A0,2025-07-15,205A0,13:00,13:05,5,COMPLETE,5,0,DOWN,-0.29433406916850624,AVAILABLE,34.5,False,,,CHOPPINESS,UNRESOLVED_STRUCTURE,OBSERVATION_INSUFFICIENT,5,0,0,False,0,0,False,INHERITED_RAW_PRICE_BASIS,False,False
2025-07-15|205A0,2025-07-15,205A0,13:00,13:10,10,PARTIAL,4,1,,,AVAILABLE,34.5,False,,,,CURRENT_BAR_UNAVAILABLE,OBSERVATION_INSUFFICIENT,7,0,0,False,0,0,False,INHERITED_RAW_PRICE_BASIS,False,False
2025-07-15|205A0,2025-07-15,205A0,13:00,13:15,15,PARTIAL,1,4,,,AVAILABLE,34.5,False,,,,CURRENT_BAR_UNAVAILABLE,OBSERVATION_INSUFFICIENT,5,0,0,False,0,0,False,INHERITED_RAW_PRICE_BASIS,False,False
2025-07-15|205A0,2025-07-15,205A0,13:00,13:20,20,PARTIAL,2,3,,,AVAILABLE,34.5,False,,,,UNRESOLVED_STRUCTURE,OBSERVATION_INSUFFICIENT,4,0,0,False,0,0,False,INHERITED_RAW_PRICE_BASIS,False,False
2025-07-15|205A0,2025-07-15,205A0,13:00,13:25,25,PARTIAL,3,2,,,AVAILABLE,34.5,False,,,,CURRENT_BAR_UNAVAILABLE,OBSERVATION_INSUFFICIENT,6,0,0,False,0,0,False,INHERITED_RAW_PRICE_BASIS,False,False
2025-07-15|205A0,2025-07-15,205A0,13:00,13:30,30,PARTIAL,3,2,,,AVAILABLE,34.5,False,,,,CURRENT_BAR_UNAVAILABLE,OBSERVATION_INSUFFICIENT,7,0,0,False,0,0,False,INHERITED_RAW_PRICE_BASIS,False,False
2025-07-15|205A0,2025-07-15,205A0,13:00,13:35,35,PARTIAL,1,4,,,AVAILABLE,34.5,False,,,,CURRENT_BAR_UNAVAILABLE,OBSERVATION_INSUFFICIENT,5,0,0,False,0,0,False,INHERITED_RAW_PRICE_BASIS,False,False
2025-07-15|205A0,2025-07-15,205A0,13:00,13:40,40,PARTIAL,2,3,,,AVAILABLE,34.5,False,,,,UNRESOLVED_STRUCTURE,OBSERVATION_INSUFFICIENT,3,0,0,False,0,0,False,INHERITED_RAW_PRICE_BASIS,False,False
2025-07-15|205A0,2025-07-15,205A0,13:00,13:45,45,PARTIAL,3,2,,,AVAILABLE,34.5,False,,,,UNRESOLVED_STRUCTURE,OBSERVATION_INSUFFICIENT,5,0,0,False,0,0,False,INHERITED_RAW_PRICE_BASIS,False,False
2025-07-15|205A0,2025-07-15,205A0,13:00,13:50,50,PARTIAL,4,1,,,AVAILABLE,34.5,False,,,,CURRENT_BAR_UNAVAILABLE,OBSERVATION_INSUFFICIENT,9,0,0,False,0,0,False,INHERITED_RAW_PRICE_BASIS,False,False
2025-07-15|205A0,2025-07-15,205A0,13:00,13:55,55,PARTIAL,1,4,,,AVAILABLE,34.5,False,,,,CURRENT_BAR_UNAVAILABLE,OBSERVATION_INSUFFICIENT,9,0,0,False,0,0,False,INHERITED_RAW_PRICE_BASIS,False,False
2025-07-15|205A0,2025-07-15,205A0,13:00,14:00,60,UNAVAILABLE,0,5,,,AVAILABLE,34.5,False,,,,CURRENT_BAR_UNAVAILABLE,OBSERVATION_INSUFFICIENT,9,0,0,False,0,0,False,INHERITED_RAW_PRICE_BASIS,False,False
2025-07-15|205A0,2025-07-15,205A0,13:00,14:05,65,PARTIAL,1,4,,,AVAILABLE,34.5,False,,,,UNRESOLVED_STRUCTURE,OBSERVATION_INSUFFICIENT,10,0,0,False,0,0,False,INHERITED_RAW_PRICE_BASIS,False,False
2025-07-15|205A0,2025-07-15,205A0,13:00,14:10,70,UNAVAILABLE,0,5,,,AVAILABLE,34.5,False,,,,CURRENT_BAR_UNAVAILABLE,OBSERVATION_INSUFFICIENT,7,0,0,False,0,0,False,INHERITED_RAW_PRICE_BASIS,False,False
2025-07-15|205A0,2025-07-15,205A0,13:00,14:15,75,UNAVAILABLE,0,5,,,AVAILABLE,34.5,False,,,,CURRENT_BAR_UNAVAILABLE,OBSERVATION_INSUFFICIENT,6,0,0,False,0,0,False,INHERITED_RAW_PRICE_BASIS,False,False
2025-07-15|205A0,2025-07-15,205A0,13:00,14:20,80,PARTIAL,3,2,,,AVAILABLE,34.5,False,,,,CURRENT_BAR_UNAVAILABLE,OBSERVATION_INSUFFICIENT,7,0,0,False,0,0,False,INHERITED_RAW_PRICE_BASIS,False,False
2025-07-15|205A0,2025-07-15,205A0,13:00,14:25,85,PARTIAL,1,4,,,AVAILABLE,34.5,False,,,,UNRESOLVED_STRUCTURE,OBSERVATION_INSUFFICIENT,6,0,0,False,0,0,False,INHERITED_RAW_PRICE_BASIS,False,False
2025-07-15|205A0,2025-07-15,205A0,13:00,14:30,90,PARTIAL,2,3,,,AVAILABLE,34.5,False,,,,UNRESOLVED_STRUCTURE,OBSERVATION_INSUFFICIENT,7,0,0,False,0,0,False,INHERITED_RAW_PRICE_BASIS,False,False
2025-07-15|205A0,2025-07-15,205A0,13:00,14:35,95,PARTIAL,2,3,,,AVAILABLE,34.5,False,,,,CURRENT_BAR_UNAVAILABLE,OBSERVATION_INSUFFICIENT,6,0,0,False,0,0,False,INHERITED_RAW_PRICE_BASIS,False,False
2025-07-15|205A0,2025-07-15,205A0,13:00,14:40,100,PARTIAL,1,4,,,AVAILABLE,34.5,False,,,,CURRENT_BAR_UNAVAILABLE,OBSERVATION_INSUFFICIENT,7,0,0,False,0,0,False,INHERITED_RAW_PRICE_BASIS,False,False
2025-07-15|205A0,2025-07-15,205A0,13:00,14:45,105,PARTIAL,3,2,,,AVAILABLE,34.5,False,,,,UNRESOLVED_STRUCTURE,OBSERVATION_INSUFFICIENT,7,0,0,False,0,0,False,INHERITED_RAW_PRICE_BASIS,False,False
2025-07-15|205A0,2025-07-15,205A0,13:00,14:50,110,UNAVAILABLE,0,5,,,AVAILABLE,34.5,False,,,,CURRENT_BAR_UNAVAILABLE,OBSERVATION_INSUFFICIENT,6,0,0,False,0,0,False,INHERITED_RAW_PRICE_BASIS,False,False
2025-07-15|205A0,2025-07-15,205A0,13:00,14:55,115,PARTIAL,3,2,,,AVAILABLE,34.5,False,,,,CURRENT_BAR_UNAVAILABLE,OBSERVATION_INSUFFICIENT,8,0,0,False,0,0,False,INHERITED_RAW_PRICE_BASIS,False,False
2025-07-15|205A0,2025-07-15,205A0,13:00,15:00,120,PARTIAL,1,4,,,AVAILABLE,34.5,False,,,,CURRENT_BAR_UNAVAILABLE,OBSERVATION_INSUFFICIENT,7,0,0,False,0,0,False,INHERITED_RAW_PRICE_BASIS,False,False
2025-07-15|205A0,2025-07-15,205A0,13:00,15:05,125,PARTIAL,1,4,,,AVAILABLE,34.5,False,,,,CURRENT_BAR_UNAVAILABLE,OBSERVATION_INSUFFICIENT,6,0,0,False,0,0,False,INHERITED_RAW_PRICE_BASIS,False,False
2025-07-15|205A0,2025-07-15,205A0,13:00,15:10,130,PARTIAL,2,3,,,AVAILABLE,34.5,False,,,,CURRENT_BAR_UNAVAILABLE,OBSERVATION_INSUFFICIENT,4,0,0,False,0,0,False,INHERITED_RAW_PRICE_BASIS,False,False
2025-07-15|205A0,2025-07-15,205A0,13:00,15:15,135,PARTIAL,2,3,,,AVAILABLE,34.5,False,,,,CURRENT_BAR_UNAVAILABLE,OBSERVATION_INSUFFICIENT,1,0,0,False,0,0,False,INHERITED_RAW_PRICE_BASIS,False,False
2025-07-15|205A0,2025-07-15,205A0,13:00,15:20,140,PARTIAL,4,1,,,AVAILABLE,34.5,False,,,,UNRESOLVED_STRUCTURE,RIGHT_CENSORED,0,0,1,False,0,0,False,INHERITED_RAW_PRICE_BASIS,False,False
2025-07-15|205A0,2025-07-15,205A0,13:00,15:25,145,COMPLETE,5,0,UP,1.5671641791044777,AVAILABLE,34.5,False,,,,UNRESOLVED_STRUCTURE,RIGHT_CENSORED,0,0,1,False,1,0,False,INHERITED_RAW_PRICE_BASIS,False,False
2025-07-15|219A0,2025-07-15,219A0,14:00,14:00,0,COMPLETE,5,0,DOWN,-0.2936857562408223,AVAILABLE,25.0,False,DOWN_STRUCTURE,PROGRESSION,CHOPPINESS|VOLUME_COMPRESSION|TRADING_VALUE_COMPRESSION,IDENTIFIED,WINDOW_OBSERVED,0,0,7,False,3,0,True,INHERITED_RAW_PRICE_BASIS,False,False
2025-07-15|219A0,2025-07-15,219A0,14:00,14:05,5,COMPLETE,5,0,DOWN,-0.7363770250368189,AVAILABLE,25.0,False,DOWN_STRUCTURE,PROGRESSION,VOLUME_EXPANSION|TRADING_VALUE_EXPANSION,IDENTIFIED,WINDOW_OBSERVED,0,0,7,False,0,1,True,INHERITED_RAW_PRICE_BASIS,True,False
2025-07-15|219A0,2025-07-15,219A0,14:00,14:10,10,COMPLETE,5,0,DOWN,-0.8915304606240714,AVAILABLE,25.0,False,DOWN_STRUCTURE,PROGRESSION,RANGE_EXPANSION,IDENTIFIED,WINDOW_OBSERVED,0,0,7,False,3,3,True,INHERITED_RAW_PRICE_BASIS,True,False
2025-07-15|219A0,2025-07-15,219A0,14:00,14:15,15,COMPLETE,5,0,DOWN,-1.949025487256372,AVAILABLE,25.0,False,DOWN_STRUCTURE,PROGRESSION,RANGE_EXPANSION|VOLUME_EXPANSION|TRADING_VALUE_EXPANSION,IDENTIFIED,WINDOW_OBSERVED,0,1,9,False,1,1,True,INHERITED_RAW_PRICE_BASIS,True,False
2025-07-15|219A0,2025-07-15,219A0,14:00,14:20,20,COMPLETE,5,0,DOWN,-0.3058103975535168,AVAILABLE,25.0,False,DOWN_STRUCTURE,CORRECTION|RECOVERY,CHOPPINESS|RANGE_COMPRESSION|VOLUME_COMPRESSION|TRADING_VALUE_COMPRESSION,IDENTIFIED,WINDOW_OBSERVED,0,1,10,False,0,0,True,INHERITED_RAW_PRICE_BASIS,True,True
2025-07-15|219A0,2025-07-15,219A0,14:00,14:25,25,COMPLETE,5,0,DOWN,-0.7668711656441718,AVAILABLE,25.0,False,,RESTRUCTURING,,UNRESOLVED_STRUCTURE,WINDOW_OBSERVED,0,1,12,False,5,3,True,INHERITED_RAW_PRICE_BASIS,True,True
2025-07-15|219A0,2025-07-15,219A0,14:00,14:30,30,COMPLETE,5,0,UP,1.5432098765432098,AVAILABLE,25.0,False,,RESTRUCTURING,,UNRESOLVED_STRUCTURE,WINDOW_OBSERVED,0,0,12,False,3,2,True,INHERITED_RAW_PRICE_BASIS,True,False
2025-07-15|219A0,2025-07-15,219A0,14:00,14:35,35,COMPLETE,5,0,DOWN,-1.21765601217656,AVAILABLE,25.0,False,UP_STRUCTURE,,,IDENTIFIED,WINDOW_OBSERVED,0,1,14,False,2,2,True,INHERITED_RAW_PRICE_BASIS,True,True
2025-07-15|219A0,2025-07-15,219A0,14:00,14:40,40,COMPLETE,5,0,UP,1.0769230769230769,AVAILABLE,25.0,False,UP_STRUCTURE,,,IDENTIFIED,WINDOW_OBSERVED,0,1,15,False,1,0,True,INHERITED_RAW_PRICE_BASIS,True,False
2025-07-15|219A0,2025-07-15,219A0,14:00,14:45,45,COMPLETE,5,0,DOWN,-0.3053435114503817,AVAILABLE,25.0,False,UP_STRUCTURE,RECOVERY,RANGE_COMPRESSION|VOLUME_COMPRESSION|TRADING_VALUE_COMPRESSION,IDENTIFIED,WINDOW_OBSERVED,0,1,16,False,0,0,True,INHERITED_RAW_PRICE_BASIS,True,True
2025-07-15|219A0,2025-07-15,219A0,14:00,14:50,50,COMPLETE,5,0,DOWN,-0.45871559633027525,AVAILABLE,25.0,False,UP_STRUCTURE,,,IDENTIFIED,WINDOW_OBSERVED,0,1,16,False,0,0,True,INHERITED_RAW_PRICE_BASIS,True,True
2025-07-15|219A0,2025-07-15,219A0,14:00,14:55,55,COMPLETE,5,0,UP,1.3846153846153846,AVAILABLE,25.0,False,UP_STRUCTURE,,RANGE_EXPANSION,IDENTIFIED,WINDOW_OBSERVED,0,1,17,False,1,1,True,INHERITED_RAW_PRICE_BASIS,True,False
2025-07-15|219A0,2025-07-15,219A0,14:00,15:00,60,COMPLETE,5,0,DOWN,-0.60790273556231,AVAILABLE,25.0,False,UP_STRUCTURE,CORRECTION,,IDENTIFIED,WINDOW_OBSERVED,0,0,17,False,1,2,True,INHERITED_RAW_PRICE_BASIS,True,True
2025-07-15|219A0,2025-07-15,219A0,14:00,15:05,65,COMPLETE,5,0,DOWN,-3.6753445635528332,AVAILABLE,25.0,False,,RESTRUCTURING,RANGE_EXPANSION|VOLUME_EXPANSION|TRADING_VALUE_EXPANSION,UNRESOLVED_STRUCTURE,WINDOW_OBSERVED,0,1,18,False,3,2,True,INHERITED_RAW_PRICE_BASIS,True,True
2025-07-15|219A0,2025-07-15,219A0,14:00,15:10,70,COMPLETE,5,0,UP,0.31746031746031744,AVAILABLE,25.0,False,DOWN_STRUCTURE,CORRECTION|RECOVERY,RANGE_COMPRESSION,IDENTIFIED,WINDOW_OBSERVED,0,0,20,False,3,2,True,INHERITED_RAW_PRICE_BASIS,True,True
2025-07-15|219A0,2025-07-15,219A0,14:00,15:15,75,COMPLETE,5,0,UP,1.2698412698412698,AVAILABLE,25.0,False,,RESTRUCTURING,VOLUME_COMPRESSION|TRADING_VALUE_COMPRESSION,UNRESOLVED_STRUCTURE,WINDOW_OBSERVED,0,0,20,False,3,1,True,INHERITED_RAW_PRICE_BASIS,True,True
2025-07-15|219A0,2025-07-15,219A0,14:00,15:20,80,COMPLETE,5,0,UP,1.2539184952978057,AVAILABLE,25.0,False,UP_STRUCTURE,CORRECTION,,IDENTIFIED,RIGHT_CENSORED,0,1,23,False,1,0,True,INHERITED_RAW_PRICE_BASIS,True,True
2025-07-15|219A0,2025-07-15,219A0,14:00,15:25,85,COMPLETE,5,0,DOWN,-1.7001545595054095,AVAILABLE,25.0,False,,RESTRUCTURING,,UNRESOLVED_STRUCTURE,RIGHT_CENSORED,0,0,23,False,2,3,True,INHERITED_RAW_PRICE_BASIS,True,True
2025-07-15|23340,2025-07-15,23340,10:00,10:00,0,COMPLETE,5,0,DOWN,-0.14285714285714285,AVAILABLE,52.5,False,,RECOVERY,CHOPPINESS|RANGE_COMPRESSION|VOLUME_COMPRESSION|TRADING_VALUE_COMPRESSION,UNRESOLVED_STRUCTURE,WINDOW_OBSERVED,0,1,2,False,1,0,True,INHERITED_RAW_PRICE_BASIS,False,False
2025-07-15|23340,2025-07-15,23340,10:00,10:05,5,COMPLETE,5,0,UP,0.5714285714285714,AVAILABLE,52.5,False,,RECOVERY,RANGE_COMPRESSION|VOLUME_COMPRESSION|TRADING_VALUE_COMPRESSION,UNRESOLVED_STRUCTURE,OBSERVATION_INSUFFICIENT,1,1,2,False,0,0,True,INHERITED_RAW_PRICE_BASIS,True,False
2025-07-15|23340,2025-07-15,23340,10:00,10:10,10,COMPLETE,5,0,UP,0.42613636363636365,AVAILABLE,52.5,False,,RECOVERY,VOLUME_COMPRESSION|TRADING_VALUE_COMPRESSION,UNRESOLVED_STRUCTURE,OBSERVATION_INSUFFICIENT,2,0,2,False,0,0,True,INHERITED_RAW_PRICE_BASIS,True,False
2025-07-15|23340,2025-07-15,23340,10:00,10:15,15,PARTIAL,4,1,,,AVAILABLE,52.5,False,,,,UNRESOLVED_STRUCTURE,OBSERVATION_INSUFFICIENT,4,0,0,False,0,0,False,INHERITED_RAW_PRICE_BASIS,False,False
2025-07-15|23340,2025-07-15,23340,10:00,10:20,20,PARTIAL,4,1,,,AVAILABLE,52.5,False,,,,UNRESOLVED_STRUCTURE,OBSERVATION_INSUFFICIENT,3,0,0,False,0,0,False,INHERITED_RAW_PRICE_BASIS,False,False
2025-07-15|23340,2025-07-15,23340,10:00,10:25,25,PARTIAL,2,3,,,AVAILABLE,52.5,False,,,,CURRENT_BAR_UNAVAILABLE,OBSERVATION_INSUFFICIENT,2,0,0,False,0,0,False,INHERITED_RAW_PRICE_BASIS,False,False
2025-07-15|23340,2025-07-15,23340,10:00,10:30,30,COMPLETE,5,0,DOWN,-0.5706134094151213,AVAILABLE,52.5,False,,,,UNRESOLVED_STRUCTURE,OBSERVATION_INSUFFICIENT,3,0,0,False,0,0,False,INHERITED_RAW_PRICE_BASIS,False,False
2025-07-15|23340,2025-07-15,23340,10:00,10:35,35,PARTIAL,3,2,,,AVAILABLE,52.5,False,,,,CURRENT_BAR_UNAVAILABLE,OBSERVATION_INSUFFICIENT,3,0,0,False,0,0,False,INHERITED_RAW_PRICE_BASIS,False,False
2025-07-15|23340,2025-07-15,23340,10:00,10:40,40,PARTIAL,4,1,,,AVAILABLE,52.5,False,,,,UNRESOLVED_STRUCTURE,OBSERVATION_INSUFFICIENT,3,0,0,False,3,1,False,INHERITED_RAW_PRICE_BASIS,False,False
2025-07-15|23340,2025-07-15,23340,10:00,10:45,45,PARTIAL,3,2,,,AVAILABLE,52.5,False,,,,UNRESOLVED_STRUCTURE,OBSERVATION_INSUFFICIENT,2,0,0,False,0,2,False,INHERITED_RAW_PRICE_BASIS,False,False
2025-07-15|23340,2025-07-15,23340,10:00,10:50,50,PARTIAL,4,1,,,AVAILABLE,52.5,False,,,,UNRESOLVED_STRUCTURE,OBSERVATION_INSUFFICIENT,1,0,0,False,3,3,False,INHERITED_RAW_PRICE_BASIS,False,False
2025-07-15|23340,2025-07-15,23340,10:00,10:55,55,PARTIAL,4,1,,,AVAILABLE,52.5,False,,,,CURRENT_BAR_UNAVAILABLE,OBSERVATION_INSUFFICIENT,1,0,0,False,0,0,False,INHERITED_RAW_PRICE_BASIS,False,False
2025-07-15|23340,2025-07-15,23340,10:00,11:00,60,COMPLETE,5,0,UP,0.29239766081871343,AVAILABLE,52.5,False,,,,UNRESOLVED_STRUCTURE,OBSERVATION_INSUFFICIENT,1,0,0,False,0,0,False,INHERITED_RAW_PRICE_BASIS,False,False
2025-07-15|23340,2025-07-15,23340,10:00,11:05,65,PARTIAL,4,1,,,AVAILABLE,52.5,False,,,,UNRESOLVED_STRUCTURE,OBSERVATION_INSUFFICIENT,1,0,0,False,0,0,False,INHERITED_RAW_PRICE_BASIS,False,False
2025-07-15|23340,2025-07-15,23340,10:00,11:10,70,COMPLETE,5,0,DOWN,-0.14556040756914118,AVAILABLE,52.5,False,,,,UNRESOLVED_STRUCTURE,OBSERVATION_INSUFFICIENT,2,0,0,False,0,0,False,INHERITED_RAW_PRICE_BASIS,False,False
2025-07-15|23340,2025-07-15,23340,10:00,11:15,75,PARTIAL,4,1,,,AVAILABLE,52.5,False,,,,UNRESOLVED_STRUCTURE,OBSERVATION_INSUFFICIENT,3,0,0,False,0,0,False,INHERITED_RAW_PRICE_BASIS,False,False
2025-07-15|23340,2025-07-15,23340,10:00,11:20,80,PARTIAL,4,1,,,AVAILABLE,52.5,False,,,,UNRESOLVED_STRUCTURE,OBSERVATION_INSUFFICIENT,2,0,0,False,0,0,False,INHERITED_RAW_PRICE_BASIS,False,False
2025-07-15|23340,2025-07-15,23340,10:00,11:25,85,PARTIAL,3,2,,,AVAILABLE,52.5,False,,,,CURRENT_BAR_UNAVAILABLE,OBSERVATION_INSUFFICIENT,1,0,0,False,0,0,False,INHERITED_RAW_PRICE_BASIS,False,False
2025-07-15|23340,2025-07-15,23340,10:00,11:30,90,COMPLETE,5,0,UP,0.5856515373352855,AVAILABLE,52.5,False,,,,UNRESOLVED_STRUCTURE,OBSERVATION_INSUFFICIENT,2,0,0,False,0,0,False,INHERITED_RAW_PRICE_BASIS,False,False
2025-07-15|23340,2025-07-15,23340,10:00,12:35,95,PARTIAL,4,1,,,AVAILABLE,52.5,False,,,,UNRESOLVED_STRUCTURE,OBSERVATION_INSUFFICIENT,1,0,0,False,2,2,False,INHERITED_RAW_PRICE_BASIS,False,False
2025-07-15|23340,2025-07-15,23340,10:00,12:40,100,PARTIAL,4,1,,,AVAILABLE,52.5,False,,,,UNRESOLVED_STRUCTURE,WINDOW_OBSERVED,0,0,0,False,0,2,False,INHERITED_RAW_PRICE_BASIS,False,False
2025-07-15|23340,2025-07-15,23340,10:00,12:45,105,COMPLETE,5,0,UNCHANGED,0.0,AVAILABLE,52.5,False,,,,UNRESOLVED_STRUCTURE,WINDOW_OBSERVED,0,0,0,False,0,0,False,INHERITED_RAW_PRICE_BASIS,False,False
2025-07-15|23340,2025-07-15,23340,10:00,12:50,110,COMPLETE,5,0,DOWN,-0.43731778425655976,AVAILABLE,52.5,False,,,,UNRESOLVED_STRUCTURE,WINDOW_OBSERVED,0,0,0,False,0,0,False,INHERITED_RAW_PRICE_BASIS,True,False
2025-07-15|23340,2025-07-15,23340,10:00,12:55,115,COMPLETE,5,0,UNCHANGED,0.0,AVAILABLE,52.5,False,,,RANGE_COMPRESSION|VOLUME_COMPRESSION|TRADING_VALUE_COMPRESSION,UNRESOLVED_STRUCTURE,WINDOW_OBSERVED,0,1,1,False,0,0,False,INHERITED_RAW_PRICE_BASIS,True,False
2025-07-15|23340,2025-07-15,23340,10:00,13:00,120,COMPLETE,5,0,UP,1.023391812865497,AVAILABLE,52.5,False,,,RANGE_EXPANSION|VOLUME_EXPANSION|TRADING_VALUE_EXPANSION,UNRESOLVED_STRUCTURE,OBSERVATION_INSUFFICIENT,1,1,1,False,2,4,False,INHERITED_RAW_PRICE_BASIS,True,False
2025-07-15|23340,2025-07-15,23340,10:00,13:05,125,COMPLETE,5,0,UP,0.8683068017366136,AVAILABLE,52.5,False,,,,UNRESOLVED_STRUCTURE,OBSERVATION_INSUFFICIENT,3,0,1,False,2,0,False,INHERITED_RAW_PRICE_BASIS,True,False
2025-07-15|23340,2025-07-15,23340,10:00,13:10,130,PARTIAL,4,1,,,AVAILABLE,52.5,False,,,,CURRENT_BAR_UNAVAILABLE,OBSERVATION_INSUFFICIENT,2,0,0,False,0,0,False,INHERITED_RAW_PRICE_BASIS,False,False
2025-07-15|23340,2025-07-15,23340,10:00,13:15,135,PARTIAL,3,2,,,AVAILABLE,52.5,False,,,,UNRESOLVED_STRUCTURE,WINDOW_OBSERVED,0,0,0,False,0,0,False,INHERITED_RAW_PRICE_BASIS,False,False
2025-07-15|23340,2025-07-15,23340,10:00,13:20,140,COMPLETE,5,0,UNCHANGED,0.0,AVAILABLE,52.5,False,,,,UNRESOLVED_STRUCTURE,OBSERVATION_INSUFFICIENT,1,0,0,False,0,0,False,INHERITED_RAW_PRICE_BASIS,False,False
2025-07-15|23340,2025-07-15,23340,10:00,13:25,145,COMPLETE,5,0,DOWN,-0.1443001443001443,AVAILABLE,52.5,False,,,RANGE_EXPANSION|VOLUME_EXPANSION|TRADING_VALUE_EXPANSION,UNRESOLVED_STRUCTURE,OBSERVATION_INSUFFICIENT,1,0,0,False,0,0,False,INHERITED_RAW_PRICE_BASIS,True,False
2025-07-15|23340,2025-07-15,23340,10:00,13:30,150,PARTIAL,4,1,,,AVAILABLE,52.5,False,,,,UNRESOLVED_STRUCTURE,OBSERVATION_INSUFFICIENT,2,0,0,False,0,0,False,INHERITED_RAW_PRICE_BASIS,False,False
2025-07-15|23340,2025-07-15,23340,10:00,13:35,155,COMPLETE,5,0,UNCHANGED,0.0,AVAILABLE,52.5,False,,,,UNRESOLVED_STRUCTURE,OBSERVATION_INSUFFICIENT,3,0,0,False,0,0,False,INHERITED_RAW_PRICE_BASIS,False,False
2025-07-15|23340,2025-07-15,23340,10:00,13:40,160,PARTIAL,3,2,,,AVAILABLE,52.5,False,,,,UNRESOLVED_STRUCTURE,OBSERVATION_INSUFFICIENT,2,0,0,False,0,0,False,INHERITED_RAW_PRICE_BASIS,False,False
2025-07-15|23340,2025-07-15,23340,10:00,13:45,165,PARTIAL,4,1,,,AVAILABLE,52.5,False,,,,UNRESOLVED_STRUCTURE,OBSERVATION_INSUFFICIENT,4,0,0,False,0,0,False,INHERITED_RAW_PRICE_BASIS,False,False
2025-07-15|23340,2025-07-15,23340,10:00,13:50,170,PARTIAL,4,1,,,AVAILABLE,52.5,False,,,,UNRESOLVED_STRUCTURE,OBSERVATION_INSUFFICIENT,6,0,0,False,0,0,False,INHERITED_RAW_PRICE_BASIS,False,False
2025-07-15|23340,2025-07-15,23340,10:00,13:55,175,PARTIAL,2,3,,,AVAILABLE,52.5,False,,,,UNRESOLVED_STRUCTURE,OBSERVATION_INSUFFICIENT,7,0,0,False,0,0,False,INHERITED_RAW_PRICE_BASIS,False,False
2025-07-15|23340,2025-07-15,23340,10:00,14:00,180,PARTIAL,2,3,,,AVAILABLE,52.5,False,,,,CURRENT_BAR_UNAVAILABLE,OBSERVATION_INSUFFICIENT,8,0,0,False,0,0,False,INHERITED_RAW_PRICE_BASIS,False,False
2025-07-15|23340,2025-07-15,23340,10:00,14:05,185,PARTIAL,1,4,,,AVAILABLE,52.5,False,,,,CURRENT_BAR_UNAVAILABLE,OBSERVATION_INSUFFICIENT,6,0,0,False,0,0,False,INHERITED_RAW_PRICE_BASIS,False,False
2025-07-15|23340,2025-07-15,23340,10:00,14:10,190,PARTIAL,1,4,,,AVAILABLE,52.5,False,,,,UNRESOLVED_STRUCTURE,OBSERVATION_INSUFFICIENT,3,0,0,False,0,0,False,INHERITED_RAW_PRICE_BASIS,False,False
2025-07-15|23340,2025-07-15,23340,10:00,14:15,195,PARTIAL,3,2,,,AVAILABLE,52.5,False,,,,UNRESOLVED_STRUCTURE,OBSERVATION_INSUFFICIENT,3,0,0,False,0,0,False,INHERITED_RAW_PRICE_BASIS,False,False
2025-07-15|23340,2025-07-15,23340,10:00,14:20,200,PARTIAL,4,1,,,AVAILABLE,52.5,False,,,,UNRESOLVED_STRUCTURE,OBSERVATION_INSUFFICIENT,5,0,0,False,0,0,False,INHERITED_RAW_PRICE_BASIS,False,False
2025-07-15|23340,2025-07-15,23340,10:00,14:25,205,PARTIAL,3,2,,,AVAILABLE,52.5,False,,,,UNRESOLVED_STRUCTURE,OBSERVATION_INSUFFICIENT,5,0,0,False,0,0,False,INHERITED_RAW_PRICE_BASIS,False,False
2025-07-15|23340,2025-07-15,23340,10:00,14:30,210,PARTIAL,2,3,,,AVAILABLE,52.5,False,,,,UNRESOLVED_STRUCTURE,OBSERVATION_INSUFFICIENT,3,0,0,False,0,0,False,INHERITED_RAW_PRICE_BASIS,False,False
2025-07-15|23340,2025-07-15,23340,10:00,14:35,215,PARTIAL,3,2,,,AVAILABLE,52.5,False,,,,CURRENT_BAR_UNAVAILABLE,OBSERVATION_INSUFFICIENT,3,0,0,False,0,0,False,INHERITED_RAW_PRICE_BASIS,False,False
2025-07-15|23340,2025-07-15,23340,10:00,14:40,220,PARTIAL,4,1,,,AVAILABLE,52.5,False,,,,UNRESOLVED_STRUCTURE,OBSERVATION_INSUFFICIENT,2,0,0,False,2,2,False,INHERITED_RAW_PRICE_BASIS,False,False
2025-07-15|23340,2025-07-15,23340,10:00,14:45,225,PARTIAL,3,2,,,AVAILABLE,52.5,False,,,,CURRENT_BAR_UNAVAILABLE,OBSERVATION_INSUFFICIENT,1,0,0,False,0,0,False,INHERITED_RAW_PRICE_BASIS,False,False
2025-07-15|23340,2025-07-15,23340,10:00,14:50,230,COMPLETE,5,0,DOWN,-0.5830903790087464,AVAILABLE,52.5,False,,,,UNRESOLVED_STRUCTURE,OBSERVATION_INSUFFICIENT,3,0,0,False,0,1,False,INHERITED_RAW_PRICE_BASIS,False,False
2025-07-15|23340,2025-07-15,23340,10:00,14:55,235,PARTIAL,4,1,,,AVAILABLE,52.5,False,,,,UNRESOLVED_STRUCTURE,OBSERVATION_INSUFFICIENT,3,0,0,False,0,0,False,INHERITED_RAW_PRICE_BASIS,False,False
2025-07-15|23340,2025-07-15,23340,10:00,15:00,240,PARTIAL,3,2,,,AVAILABLE,52.5,False,,,,UNRESOLVED_STRUCTURE,OBSERVATION_INSUFFICIENT,3,0,0,False,0,0,False,INHERITED_RAW_PRICE_BASIS,False,False
2025-07-15|23340,2025-07-15,23340,10:00,15:05,245,PARTIAL,4,1,,,AVAILABLE,52.5,False,,,,CURRENT_BAR_UNAVAILABLE,OBSERVATION_INSUFFICIENT,2,0,0,False,0,0,False,INHERITED_RAW_PRICE_BASIS,False,False
2025-07-15|23340,2025-07-15,23340,10:00,15:10,250,PARTIAL,3,2,,,AVAILABLE,52.5,False,,,,UNRESOLVED_STRUCTURE,OBSERVATION_INSUFFICIENT,2,0,0,False,0,0,False,INHERITED_RAW_PRICE_BASIS,False,False
2025-07-15|23340,2025-07-15,23340,10:00,15:15,255,COMPLETE,5,0,DOWN,-0.7288629737609329,AVAILABLE,52.5,False,,,,UNRESOLVED_STRUCTURE,OBSERVATION_INSUFFICIENT,2,0,0,False,0,0,False,INHERITED_RAW_PRICE_BASIS,False,False
2025-07-15|23340,2025-07-15,23340,10:00,15:20,260,PARTIAL,3,2,,,AVAILABLE,52.5,False,,,,CURRENT_BAR_UNAVAILABLE,RIGHT_CENSORED,0,0,0,False,0,0,False,INHERITED_RAW_PRICE_BASIS,False,False
2025-07-15|23340,2025-07-15,23340,10:00,15:25,265,COMPLETE,5,0,UP,0.8784773060029283,AVAILABLE,52.5,False,,,,UNRESOLVED_STRUCTURE,RIGHT_CENSORED,0,0,0,False,0,0,False,INHERITED_RAW_PRICE_BASIS,False,False
2025-07-15|24040,2025-07-15,24040,11:30,11:30,0,PARTIAL,1,4,,,SCALE_INSUFFICIENT,,False,,,,SCALE_UNAVAILABLE,OBSERVATION_INSUFFICIENT,5,0,0,False,0,0,False,INHERITED_RAW_PRICE_BASIS,False,False
2025-07-15|24040,2025-07-15,24040,11:30,12:35,5,PARTIAL,4,1,,,SCALE_INSUFFICIENT,,False,,,,SCALE_UNAVAILABLE,OBSERVATION_INSUFFICIENT,5,0,0,False,0,0,False,INHERITED_RAW_PRICE_BASIS,False,False
2025-07-15|24040,2025-07-15,24040,11:30,12:40,10,PARTIAL,1,4,,,SCALE_INSUFFICIENT,,False,,,,SCALE_UNAVAILABLE,OBSERVATION_INSUFFICIENT,4,0,0,False,0,0,False,INHERITED_RAW_PRICE_BASIS,False,False
2025-07-15|24040,2025-07-15,24040,11:30,12:45,15,PARTIAL,4,1,,,SCALE_INSUFFICIENT,,False,,,,SCALE_UNAVAILABLE,OBSERVATION_INSUFFICIENT,4,0,0,False,0,0,False,INHERITED_RAW_PRICE_BASIS,False,False
2025-07-15|24040,2025-07-15,24040,11:30,12:50,20,PARTIAL,2,3,,,SCALE_INSUFFICIENT,,False,,,,SCALE_UNAVAILABLE,OBSERVATION_INSUFFICIENT,3,0,0,False,0,0,False,INHERITED_RAW_PRICE_BASIS,False,False
2025-07-15|24040,2025-07-15,24040,11:30,12:55,25,PARTIAL,4,1,,,SCALE_INSUFFICIENT,,False,,,,SCALE_UNAVAILABLE,OBSERVATION_INSUFFICIENT,4,0,0,False,0,0,False,INHERITED_RAW_PRICE_BASIS,False,False
2025-07-15|24040,2025-07-15,24040,11:30,13:00,30,PARTIAL,3,2,,,SCALE_INSUFFICIENT,,False,,,,CURRENT_BAR_UNAVAILABLE,OBSERVATION_INSUFFICIENT,3,0,0,False,0,0,False,INHERITED_RAW_PRICE_BASIS,False,False
2025-07-15|24040,2025-07-15,24040,11:30,13:05,35,PARTIAL,3,2,,,SCALE_INSUFFICIENT,,False,,,,SCALE_UNAVAILABLE,OBSERVATION_INSUFFICIENT,5,0,0,False,0,0,False,INHERITED_RAW_PRICE_BASIS,False,False
2025-07-15|24040,2025-07-15,24040,11:30,13:10,40,PARTIAL,4,1,,,SCALE_INSUFFICIENT,,False,,,,SCALE_UNAVAILABLE,OBSERVATION_INSUFFICIENT,8,0,0,False,0,0,False,INHERITED_RAW_PRICE_BASIS,False,False
2025-07-15|24040,2025-07-15,24040,11:30,13:15,45,PARTIAL,1,4,,,SCALE_INSUFFICIENT,,False,,,,CURRENT_BAR_UNAVAILABLE,OBSERVATION_INSUFFICIENT,7,0,0,False,0,0,False,INHERITED_RAW_PRICE_BASIS,False,False
2025-07-15|24040,2025-07-15,24040,11:30,13:20,50,PARTIAL,1,4,,,SCALE_INSUFFICIENT,,False,,,,CURRENT_BAR_UNAVAILABLE,OBSERVATION_INSUFFICIENT,5,0,0,False,0,0,False,INHERITED_RAW_PRICE_BASIS,False,False
2025-07-15|24040,2025-07-15,24040,11:30,13:25,55,PARTIAL,2,3,,,SCALE_INSUFFICIENT,,False,,,,CURRENT_BAR_UNAVAILABLE,OBSERVATION_INSUFFICIENT,6,0,0,False,0,0,False,INHERITED_RAW_PRICE_BASIS,False,False
2025-07-15|24040,2025-07-15,24040,11:30,13:30,60,PARTIAL,3,2,,,SCALE_INSUFFICIENT,,False,,,,CURRENT_BAR_UNAVAILABLE,OBSERVATION_INSUFFICIENT,7,0,0,False,0,0,False,INHERITED_RAW_PRICE_BASIS,False,False
2025-07-15|24040,2025-07-15,24040,11:30,13:35,65,PARTIAL,1,4,,,SCALE_INSUFFICIENT,,False,,,,CURRENT_BAR_UNAVAILABLE,OBSERVATION_INSUFFICIENT,5,0,0,False,0,0,False,INHERITED_RAW_PRICE_BASIS,False,False
2025-07-15|24040,2025-07-15,24040,11:30,13:40,70,PARTIAL,2,3,,,SCALE_INSUFFICIENT,,False,,,,CURRENT_BAR_UNAVAILABLE,OBSERVATION_INSUFFICIENT,4,0,0,False,0,0,False,INHERITED_RAW_PRICE_BASIS,False,False
2025-07-15|24040,2025-07-15,24040,11:30,13:45,75,PARTIAL,3,2,,,SCALE_INSUFFICIENT,,False,,,,SCALE_UNAVAILABLE,OBSERVATION_INSUFFICIENT,3,0,0,False,0,0,False,INHERITED_RAW_PRICE_BASIS,False,False
2025-07-15|24040,2025-07-15,24040,11:30,13:50,80,PARTIAL,3,2,,,SCALE_INSUFFICIENT,,False,,,,SCALE_UNAVAILABLE,OBSERVATION_INSUFFICIENT,5,0,0,False,0,0,False,INHERITED_RAW_PRICE_BASIS,False,False
2025-07-15|24040,2025-07-15,24040,11:30,13:55,85,PARTIAL,4,1,,,SCALE_INSUFFICIENT,,False,,,,SCALE_UNAVAILABLE,OBSERVATION_INSUFFICIENT,9,0,0,False,0,0,False,INHERITED_RAW_PRICE_BASIS,False,False
2025-07-15|24040,2025-07-15,24040,11:30,14:00,90,PARTIAL,1,4,,,SCALE_INSUFFICIENT,,False,,,,SCALE_UNAVAILABLE,OBSERVATION_INSUFFICIENT,9,0,0,False,0,0,False,INHERITED_RAW_PRICE_BASIS,False,False
2025-07-15|24040,2025-07-15,24040,11:30,14:05,95,UNAVAILABLE,0,5,,,SCALE_INSUFFICIENT,,False,,,,CURRENT_BAR_UNAVAILABLE,OBSERVATION_INSUFFICIENT,5,0,0,False,0,0,False,INHERITED_RAW_PRICE_BASIS,False,False
2025-07-15|24040,2025-07-15,24040,11:30,14:10,100,PARTIAL,1,4,,,SCALE_INSUFFICIENT,,False,,,,CURRENT_BAR_UNAVAILABLE,OBSERVATION_INSUFFICIENT,1,0,0,False,0,0,False,INHERITED_RAW_PRICE_BASIS,False,False
2025-07-15|24040,2025-07-15,24040,11:30,14:15,105,PARTIAL,4,1,,,SCALE_INSUFFICIENT,,False,,,,SCALE_UNAVAILABLE,WINDOW_OBSERVED,0,0,0,False,0,0,False,INHERITED_RAW_PRICE_BASIS,False,False
2025-07-15|24040,2025-07-15,24040,11:30,14:20,110,COMPLETE,5,0,UP,0.704225352112676,SCALE_INSUFFICIENT,,False,,,,SCALE_UNAVAILABLE,OBSERVATION_INSUFFICIENT,4,0,0,False,0,0,False,INHERITED_RAW_PRICE_BASIS,False,False
2025-07-15|24040,2025-07-15,24040,11:30,14:25,115,COMPLETE,5,0,UP,0.3508771929824561,SCALE_INSUFFICIENT,,False,,,VOLUME_EXPANSION|TRADING_VALUE_EXPANSION,SCALE_UNAVAILABLE,OBSERVATION_INSUFFICIENT,8,0,0,False,0,0,False,INHERITED_RAW_PRICE_BASIS,True,False
2025-07-15|24040,2025-07-15,24040,11:30,14:30,120,PARTIAL,1,4,,,SCALE_INSUFFICIENT,,False,,,,CURRENT_BAR_UNAVAILABLE,OBSERVATION_INSUFFICIENT,5,0,0,False,0,0,False,INHERITED_RAW_PRICE_BASIS,False,False
2025-07-15|24040,2025-07-15,24040,11:30,14:35,125,PARTIAL,1,4,,,SCALE_INSUFFICIENT,,False,,,,CURRENT_BAR_UNAVAILABLE,OBSERVATION_INSUFFICIENT,2,0,0,False,0,0,False,INHERITED_RAW_PRICE_BASIS,False,False
2025-07-15|24040,2025-07-15,24040,11:30,14:40,130,PARTIAL,4,1,,,SCALE_INSUFFICIENT,,False,,,,SCALE_UNAVAILABLE,OBSERVATION_INSUFFICIENT,5,0,0,False,0,0,False,INHERITED_RAW_PRICE_BASIS,False,False
2025-07-15|24040,2025-07-15,24040,11:30,14:45,135,PARTIAL,4,1,,,SCALE_INSUFFICIENT,,False,,,,SCALE_UNAVAILABLE,OBSERVATION_INSUFFICIENT,6,0,0,False,0,0,False,INHERITED_RAW_PRICE_BASIS,False,False
2025-07-15|24040,2025-07-15,24040,11:30,14:50,140,PARTIAL,1,4,,,SCALE_INSUFFICIENT,,False,,,,SCALE_UNAVAILABLE,OBSERVATION_INSUFFICIENT,6,0,0,False,0,0,False,INHERITED_RAW_PRICE_BASIS,False,False
2025-07-15|24040,2025-07-15,24040,11:30,14:55,145,PARTIAL,3,2,,,SCALE_INSUFFICIENT,,False,,,,SCALE_UNAVAILABLE,OBSERVATION_INSUFFICIENT,5,0,0,False,0,0,False,INHERITED_RAW_PRICE_BASIS,False,False
2025-07-15|24040,2025-07-15,24040,11:30,15:00,150,PARTIAL,1,4,,,SCALE_INSUFFICIENT,,False,,,,CURRENT_BAR_UNAVAILABLE,OBSERVATION_INSUFFICIENT,1,0,0,False,0,0,False,INHERITED_RAW_PRICE_BASIS,False,False
2025-07-15|24040,2025-07-15,24040,11:30,15:05,155,PARTIAL,4,1,,,SCALE_INSUFFICIENT,,False,,,,SCALE_UNAVAILABLE,OBSERVATION_INSUFFICIENT,3,0,0,False,0,0,False,INHERITED_RAW_PRICE_BASIS,False,False
2025-07-15|24040,2025-07-15,24040,11:30,15:10,160,COMPLETE,5,0,UNCHANGED,0.0,SCALE_INSUFFICIENT,,False,,,,SCALE_UNAVAILABLE,OBSERVATION_INSUFFICIENT,5,0,0,False,0,0,False,INHERITED_RAW_PRICE_BASIS,False,False
2025-07-15|24040,2025-07-15,24040,11:30,15:15,165,PARTIAL,2,3,,,SCALE_INSUFFICIENT,,False,,,,CURRENT_BAR_UNAVAILABLE,OBSERVATION_INSUFFICIENT,3,0,0,False,0,0,False,INHERITED_RAW_PRICE_BASIS,False,False
2025-07-15|24040,2025-07-15,24040,11:30,15:20,170,PARTIAL,3,2,,,SCALE_INSUFFICIENT,,False,,,,SCALE_UNAVAILABLE,RIGHT_CENSORED,1,0,0,False,0,0,False,INHERITED_RAW_PRICE_BASIS,False,False
2025-07-15|24040,2025-07-15,24040,11:30,15:25,175,PARTIAL,4,1,,,SCALE_INSUFFICIENT,,False,,,,SCALE_UNAVAILABLE,RIGHT_CENSORED,0,0,0,False,0,0,False,INHERITED_RAW_PRICE_BASIS,False,False
2025-07-15|27430,2025-07-15,27430,10:00,10:00,0,COMPLETE,5,0,DOWN,-2.142857142857143,AVAILABLE,4.0,False,DOWN_STRUCTURE,PROGRESSION,CHOPPINESS|VOLUME_EXPANSION|TRADING_VALUE_EXPANSION,IDENTIFIED,WINDOW_OBSERVED,0,0,6,False,2,2,True,INHERITED_RAW_PRICE_BASIS,False,False
2025-07-15|27430,2025-07-15,27430,10:00,10:05,5,COMPLETE,5,0,DOWN,-0.7299270072992701,AVAILABLE,4.0,False,DOWN_STRUCTURE,PROGRESSION,CHOPPINESS|RANGE_COMPRESSION|VOLUME_COMPRESSION|TRADING_VALUE_COMPRESSION,IDENTIFIED,WINDOW_OBSERVED,0,0,6,False,0,1,True,INHERITED_RAW_PRICE_BASIS,True,False
2025-07-15|27430,2025-07-15,27430,10:00,10:10,10,COMPLETE,5,0,DOWN,-2.9411764705882355,AVAILABLE,4.0,False,DOWN_STRUCTURE,PROGRESSION,VOLUME_EXPANSION|TRADING_VALUE_EXPANSION,IDENTIFIED,WINDOW_OBSERVED,0,0,6,False,1,2,True,INHERITED_RAW_PRICE_BASIS,True,False
2025-07-15|27430,2025-07-15,27430,10:00,10:15,15,COMPLETE,5,0,UP,3.0303030303030303,AVAILABLE,4.0,False,DOWN_STRUCTURE,CORRECTION|RECOVERY,RANGE_EXPANSION,IDENTIFIED,WINDOW_OBSERVED,0,0,7,False,3,2,True,INHERITED_RAW_PRICE_BASIS,True,True
2025-07-15|27430,2025-07-15,27430,10:00,10:20,20,COMPLETE,5,0,UP,2.9197080291970803,AVAILABLE,4.0,False,,RESTRUCTURING,VOLUME_COMPRESSION|TRADING_VALUE_COMPRESSION,UNRESOLVED_STRUCTURE,WINDOW_OBSERVED,0,0,7,False,1,1,True,INHERITED_RAW_PRICE_BASIS,True,True
2025-07-15|27430,2025-07-15,27430,10:00,10:25,25,COMPLETE,5,0,UP,1.4184397163120568,AVAILABLE,4.0,False,,RESTRUCTURING,,UNRESOLVED_STRUCTURE,WINDOW_OBSERVED,0,0,7,False,0,0,True,INHERITED_RAW_PRICE_BASIS,True,False
2025-07-15|27430,2025-07-15,27430,10:00,10:30,30,COMPLETE,5,0,DOWN,-2.097902097902098,AVAILABLE,4.0,False,,RESTRUCTURING,VOLUME_COMPRESSION|TRADING_VALUE_COMPRESSION,UNRESOLVED_STRUCTURE,WINDOW_OBSERVED,0,0,8,False,1,0,True,INHERITED_RAW_PRICE_BASIS,True,False
2025-07-15|27430,2025-07-15,27430,10:00,10:35,35,COMPLETE,5,0,UP,0.7142857142857143,AVAILABLE,4.0,False,,RESTRUCTURING,RANGE_COMPRESSION|VOLUME_COMPRESSION|TRADING_VALUE_COMPRESSION,UNRESOLVED_STRUCTURE,WINDOW_OBSERVED,0,0,8,False,0,0,True,INHERITED_RAW_PRICE_BASIS,True,False
2025-07-15|27430,2025-07-15,27430,10:00,10:40,40,COMPLETE,5,0,UP,0.7142857142857143,AVAILABLE,4.0,False,,RESTRUCTURING,RANGE_COMPRESSION|VOLUME_COMPRESSION|TRADING_VALUE_COMPRESSION,UNRESOLVED_STRUCTURE,WINDOW_OBSERVED,0,0,8,False,0,0,True,INHERITED_RAW_PRICE_BASIS,True,False
2025-07-15|27430,2025-07-15,27430,10:00,10:45,45,COMPLETE,5,0,UP,2.142857142857143,AVAILABLE,4.0,False,UP_STRUCTURE,RECOVERY,RANGE_EXPANSION|VOLUME_EXPANSION|TRADING_VALUE_EXPANSION,IDENTIFIED,WINDOW_OBSERVED,0,0,9,False,0,0,True,INHERITED_RAW_PRICE_BASIS,True,True
2025-07-15|27430,2025-07-15,27430,10:00,10:50,50,COMPLETE,5,0,UNCHANGED,0.0,AVAILABLE,4.0,False,UP_STRUCTURE,RECOVERY,RANGE_COMPRESSION|VOLUME_COMPRESSION|TRADING_VALUE_COMPRESSION,IDENTIFIED,WINDOW_OBSERVED,0,0,9,False,0,0,True,INHERITED_RAW_PRICE_BASIS,True,False
2025-07-15|27430,2025-07-15,27430,10:00,10:55,55,COMPLETE,5,0,UP,0.6993006993006993,AVAILABLE,4.0,False,UP_STRUCTURE,PROGRESSION,,IDENTIFIED,WINDOW_OBSERVED,0,0,9,True,0,0,True,INHERITED_RAW_PRICE_BASIS,True,True
2025-07-15|27430,2025-07-15,27430,10:00,11:00,60,COMPLETE,5,0,UNCHANGED,0.0,AVAILABLE,4.0,False,UP_STRUCTURE,PROGRESSION,RANGE_COMPRESSION,IDENTIFIED,OBSERVATION_INSUFFICIENT,1,0,9,True,0,1,True,INHERITED_RAW_PRICE_BASIS,True,False
2025-07-15|27430,2025-07-15,27430,10:00,11:05,65,COMPLETE,5,0,DOWN,-0.6896551724137931,AVAILABLE,4.0,False,UP_STRUCTURE,PROGRESSION,RANGE_EXPANSION,IDENTIFIED,OBSERVATION_INSUFFICIENT,1,0,9,False,0,2,True,INHERITED_RAW_PRICE_BASIS,True,False
2025-07-15|27430,2025-07-15,27430,10:00,11:10,70,PARTIAL,4,1,,,AVAILABLE,4.0,False,,,,UNRESOLVED_STRUCTURE,WINDOW_OBSERVED,0,0,0,False,1,2,False,INHERITED_RAW_PRICE_BASIS,False,False
2025-07-15|27430,2025-07-15,27430,10:00,11:15,75,COMPLETE,5,0,DOWN,-1.3888888888888888,AVAILABLE,4.0,False,,,,UNRESOLVED_STRUCTURE,WINDOW_OBSERVED,0,0,0,False,0,0,False,INHERITED_RAW_PRICE_BASIS,False,False
2025-07-15|27430,2025-07-15,27430,10:00,11:20,80,COMPLETE,5,0,UP,1.408450704225352,AVAILABLE,4.0,False,,,RANGE_COMPRESSION,UNRESOLVED_STRUCTURE,WINDOW_OBSERVED,0,0,0,False,0,0,False,INHERITED_RAW_PRICE_BASIS,True,False
2025-07-15|27430,2025-07-15,27430,10:00,11:25,85,COMPLETE,5,0,UP,0.6993006993006993,AVAILABLE,4.0,False,,,CHOPPINESS,UNRESOLVED_STRUCTURE,WINDOW_OBSERVED,0,0,0,False,0,0,False,INHERITED_RAW_PRICE_BASIS,True,False
2025-07-15|27430,2025-07-15,27430,10:00,11:30,90,COMPLETE,5,0,UNCHANGED,0.0,AVAILABLE,4.0,False,,,,UNRESOLVED_STRUCTURE,WINDOW_OBSERVED,0,0,0,False,0,0,False,INHERITED_RAW_PRICE_BASIS,True,False
2025-07-15|27430,2025-07-15,27430,10:00,12:35,95,COMPLETE,5,0,DOWN,-1.3986013986013985,AVAILABLE,4.0,False,,,,UNRESOLVED_STRUCTURE,WINDOW_OBSERVED,0,1,1,False,0,0,False,INHERITED_RAW_PRICE_BASIS,True,False
2025-07-15|27430,2025-07-15,27430,10:00,12:40,100,COMPLETE,5,0,DOWN,-1.4184397163120568,AVAILABLE,4.0,False,,,RANGE_COMPRESSION|VOLUME_COMPRESSION|TRADING_VALUE_COMPRESSION,UNRESOLVED_STRUCTURE,WINDOW_OBSERVED,0,0,1,False,0,0,False,INHERITED_RAW_PRICE_BASIS,True,False
2025-07-15|27430,2025-07-15,27430,10:00,12:45,105,COMPLETE,5,0,UNCHANGED,0.0,AVAILABLE,4.0,False,,,RANGE_COMPRESSION|VOLUME_COMPRESSION|TRADING_VALUE_COMPRESSION,UNRESOLVED_STRUCTURE,WINDOW_OBSERVED,0,0,1,False,0,0,False,INHERITED_RAW_PRICE_BASIS,True,False
2025-07-15|27430,2025-07-15,27430,10:00,12:50,110,COMPLETE,5,0,UNCHANGED,0.0,AVAILABLE,4.0,False,,,VOLUME_EXPANSION|TRADING_VALUE_EXPANSION,UNRESOLVED_STRUCTURE,WINDOW_OBSERVED,0,0,1,False,0,0,False,INHERITED_RAW_PRICE_BASIS,True,False
2025-07-15|27430,2025-07-15,27430,10:00,12:55,115,COMPLETE,5,0,DOWN,-4.316546762589928,AVAILABLE,4.0,False,,,RANGE_EXPANSION|VOLUME_EXPANSION|TRADING_VALUE_EXPANSION,UNRESOLVED_STRUCTURE,WINDOW_OBSERVED,0,1,2,False,0,0,False,INHERITED_RAW_PRICE_BASIS,True,False
2025-07-15|27430,2025-07-15,27430,10:00,13:00,120,COMPLETE,5,0,UP,3.7313432835820897,AVAILABLE,4.0,False,,RECOVERY,VOLUME_COMPRESSION|TRADING_VALUE_COMPRESSION,UNRESOLVED_STRUCTURE,WINDOW_OBSERVED,0,0,2,False,0,0,True,INHERITED_RAW_PRICE_BASIS,True,True
2025-07-15|27430,2025-07-15,27430,10:00,13:05,125,COMPLETE,5,0,DOWN,-1.4492753623188406,AVAILABLE,4.0,False,RANGE_STRUCTURE,BALANCE|RECOVERY,RANGE_COMPRESSION,IDENTIFIED,WINDOW_OBSERVED,0,0,2,True,0,0,True,INHERITED_RAW_PRICE_BASIS,True,True
2025-07-15|27430,2025-07-15,27430,10:00,13:10,130,COMPLETE,5,0,UNCHANGED,0.0,AVAILABLE,4.0,False,RANGE_STRUCTURE,BALANCE|RECOVERY,,IDENTIFIED,WINDOW_OBSERVED,0,0,2,True,0,0,True,INHERITED_RAW_PRICE_BASIS,True,False
2025-07-15|27430,2025-07-15,27430,10:00,13:15,135,COMPLETE,5,0,DOWN,-0.7299270072992701,AVAILABLE,4.0,False,RANGE_STRUCTURE,BALANCE,RANGE_COMPRESSION,IDENTIFIED,WINDOW_OBSERVED,0,1,3,True,0,0,True,INHERITED_RAW_PRICE_BASIS,True,True
2025-07-15|27430,2025-07-15,27430,10:00,13:20,140,COMPLETE,5,0,UP,0.7352941176470589,AVAILABLE,4.0,False,RANGE_STRUCTURE,BALANCE,,IDENTIFIED,WINDOW_OBSERVED,0,1,3,True,0,0,True,INHERITED_RAW_PRICE_BASIS,True,False
2025-07-15|27430,2025-07-15,27430,10:00,13:25,145,COMPLETE,5,0,DOWN,-2.18978102189781,AVAILABLE,4.0,False,RANGE_STRUCTURE,BALANCE,RANGE_EXPANSION|VOLUME_EXPANSION|TRADING_VALUE_EXPANSION,IDENTIFIED,WINDOW_OBSERVED,0,0,3,True,0,0,True,INHERITED_RAW_PRICE_BASIS,True,False
2025-07-15|27430,2025-07-15,27430,10:00,13:30,150,COMPLETE,5,0,UP,0.746268656716418,AVAILABLE,4.0,False,RANGE_STRUCTURE,BALANCE,RANGE_COMPRESSION|VOLUME_COMPRESSION|TRADING_VALUE_COMPRESSION,IDENTIFIED,WINDOW_OBSERVED,0,0,3,True,0,0,True,INHERITED_RAW_PRICE_BASIS,True,False
2025-07-15|27430,2025-07-15,27430,10:00,13:35,155,COMPLETE,5,0,UNCHANGED,0.0,AVAILABLE,4.0,False,RANGE_STRUCTURE,BALANCE|RECOVERY,RANGE_COMPRESSION,IDENTIFIED,WINDOW_OBSERVED,0,1,4,True,0,0,True,INHERITED_RAW_PRICE_BASIS,True,True
2025-07-15|27430,2025-07-15,27430,10:00,13:40,160,COMPLETE,5,0,UNCHANGED,0.0,AVAILABLE,4.0,False,RANGE_STRUCTURE,BALANCE|RECOVERY,RANGE_EXPANSION,IDENTIFIED,OBSERVATION_INSUFFICIENT,1,1,4,True,0,0,True,INHERITED_RAW_PRICE_BASIS,True,False
2025-07-15|27430,2025-07-15,27430,10:00,13:45,165,COMPLETE,5,0,UP,2.2222222222222223,AVAILABLE,4.0,False,RANGE_STRUCTURE,BALANCE|RECOVERY,RANGE_EXPANSION,IDENTIFIED,OBSERVATION_INSUFFICIENT,2,0,4,True,0,0,True,INHERITED_RAW_PRICE_BASIS,True,False
2025-07-15|27430,2025-07-15,27430,10:00,13:50,170,PARTIAL,4,1,,,AVAILABLE,4.0,False,,,,UNRESOLVED_STRUCTURE,OBSERVATION_INSUFFICIENT,1,0,0,False,0,0,False,INHERITED_RAW_PRICE_BASIS,False,False
2025-07-15|27430,2025-07-15,27430,10:00,13:55,175,PARTIAL,4,1,,,AVAILABLE,4.0,False,,,,UNRESOLVED_STRUCTURE,WINDOW_OBSERVED,0,1,1,False,0,0,False,INHERITED_RAW_PRICE_BASIS,False,False
2025-07-15|27430,2025-07-15,27430,10:00,14:00,180,COMPLETE,5,0,UP,2.857142857142857,AVAILABLE,4.0,False,,,,UNRESOLVED_STRUCTURE,WINDOW_OBSERVED,0,1,2,False,0,0,False,INHERITED_RAW_PRICE_BASIS,False,False
2025-07-15|27430,2025-07-15,27430,10:00,14:05,185,COMPLETE,5,0,DOWN,-4.166666666666667,AVAILABLE,4.0,False,,,VOLUME_COMPRESSION|TRADING_VALUE_COMPRESSION,UNRESOLVED_STRUCTURE,WINDOW_OBSERVED,0,0,2,False,0,0,False,INHERITED_RAW_PRICE_BASIS,True,False
2025-07-15|27430,2025-07-15,27430,10:00,14:10,190,COMPLETE,5,0,DOWN,-1.4388489208633093,AVAILABLE,4.0,False,,,RANGE_COMPRESSION|VOLUME_COMPRESSION|TRADING_VALUE_COMPRESSION,UNRESOLVED_STRUCTURE,WINDOW_OBSERVED,0,0,2,False,0,2,False,INHERITED_RAW_PRICE_BASIS,True,False
2025-07-15|27430,2025-07-15,27430,10:00,14:15,195,COMPLETE,5,0,UNCHANGED,0.0,AVAILABLE,4.0,False,,,RANGE_EXPANSION,UNRESOLVED_STRUCTURE,WINDOW_OBSERVED,0,0,2,False,0,1,False,INHERITED_RAW_PRICE_BASIS,True,False
2025-07-15|27430,2025-07-15,27430,10:00,14:20,200,COMPLETE,5,0,DOWN,-1.4492753623188406,AVAILABLE,4.0,False,,,RANGE_COMPRESSION,UNRESOLVED_STRUCTURE,WINDOW_OBSERVED,0,0,2,False,0,1,False,INHERITED_RAW_PRICE_BASIS,True,False
2025-07-15|27430,2025-07-15,27430,10:00,14:25,205,COMPLETE,5,0,UNCHANGED,0.0,AVAILABLE,4.0,False,,,CHOPPINESS|RANGE_EXPANSION,UNRESOLVED_STRUCTURE,WINDOW_OBSERVED,0,0,2,False,0,2,False,INHERITED_RAW_PRICE_BASIS,True,False
2025-07-15|27430,2025-07-15,27430,10:00,14:30,210,COMPLETE,5,0,DOWN,-2.18978102189781,AVAILABLE,4.0,False,,,VOLUME_EXPANSION|TRADING_VALUE_EXPANSION,UNRESOLVED_STRUCTURE,WINDOW_OBSERVED,0,0,2,False,0,0,False,INHERITED_RAW_PRICE_BASIS,True,False
2025-07-15|27430,2025-07-15,27430,10:00,14:35,215,COMPLETE,5,0,UP,0.746268656716418,AVAILABLE,4.0,False,RANGE_STRUCTURE,BALANCE,VOLUME_COMPRESSION|TRADING_VALUE_COMPRESSION,IDENTIFIED,WINDOW_OBSERVED,0,0,2,True,0,0,True,INHERITED_RAW_PRICE_BASIS,True,True
2025-07-15|27430,2025-07-15,27430,10:00,14:40,220,COMPLETE,5,0,DOWN,-0.7407407407407407,AVAILABLE,4.0,False,RANGE_STRUCTURE,BALANCE,RANGE_COMPRESSION|VOLUME_EXPANSION|TRADING_VALUE_EXPANSION,IDENTIFIED,WINDOW_OBSERVED,0,0,2,True,1,0,True,INHERITED_RAW_PRICE_BASIS,True,False
2025-07-15|27430,2025-07-15,27430,10:00,14:45,225,COMPLETE,5,0,DOWN,-0.746268656716418,AVAILABLE,4.0,False,,RESTRUCTURING,RANGE_COMPRESSION|VOLUME_COMPRESSION|TRADING_VALUE_COMPRESSION,UNRESOLVED_STRUCTURE,WINDOW_OBSERVED,0,0,2,False,0,2,True,INHERITED_RAW_PRICE_BASIS,True,True
2025-07-15|27430,2025-07-15,27430,10:00,14:50,230,COMPLETE,5,0,UNCHANGED,0.0,AVAILABLE,4.0,False,,RESTRUCTURING,RANGE_EXPANSION|VOLUME_EXPANSION|TRADING_VALUE_EXPANSION,UNRESOLVED_STRUCTURE,WINDOW_OBSERVED,0,0,2,False,0,0,True,INHERITED_RAW_PRICE_BASIS,True,False
2025-07-15|27430,2025-07-15,27430,10:00,14:55,235,COMPLETE,5,0,UNCHANGED,0.0,AVAILABLE,4.0,False,RANGE_STRUCTURE,BALANCE,RANGE_COMPRESSION|VOLUME_COMPRESSION|TRADING_VALUE_COMPRESSION,IDENTIFIED,WINDOW_OBSERVED,0,0,2,True,0,0,True,INHERITED_RAW_PRICE_BASIS,True,True
2025-07-15|27430,2025-07-15,27430,10:00,15:00,240,COMPLETE,5,0,DOWN,-0.7518796992481203,AVAILABLE,4.0,False,RANGE_STRUCTURE,BALANCE,RANGE_COMPRESSION|VOLUME_EXPANSION|TRADING_VALUE_EXPANSION,IDENTIFIED,WINDOW_OBSERVED,0,0,2,True,0,0,True,INHERITED_RAW_PRICE_BASIS,True,False
2025-07-15|27430,2025-07-15,27430,10:00,15:05,245,COMPLETE,5,0,UP,0.7518796992481203,AVAILABLE,4.0,False,RANGE_STRUCTURE,BALANCE,RANGE_EXPANSION,IDENTIFIED,WINDOW_OBSERVED,0,0,2,True,0,0,True,INHERITED_RAW_PRICE_BASIS,True,False
2025-07-15|27430,2025-07-15,27430,10:00,15:10,250,COMPLETE,5,0,DOWN,-1.5037593984962405,AVAILABLE,4.0,False,RANGE_STRUCTURE,BALANCE,RANGE_EXPANSION,IDENTIFIED,WINDOW_OBSERVED,0,0,2,True,0,0,True,INHERITED_RAW_PRICE_BASIS,True,False
2025-07-15|27430,2025-07-15,27430,10:00,15:15,255,COMPLETE,5,0,UP,2.2900763358778624,AVAILABLE,4.0,False,RANGE_STRUCTURE,BALANCE,,IDENTIFIED,WINDOW_OBSERVED,0,0,2,True,0,1,True,INHERITED_RAW_PRICE_BASIS,True,False
2025-07-15|27430,2025-07-15,27430,10:00,15:20,260,COMPLETE,5,0,UNCHANGED,0.0,AVAILABLE,4.0,False,RANGE_STRUCTURE,BALANCE,CHOPPINESS|RANGE_COMPRESSION|VOLUME_COMPRESSION|TRADING_VALUE_COMPRESSION,IDENTIFIED,RIGHT_CENSORED,0,0,2,True,0,0,True,INHERITED_RAW_PRICE_BASIS,True,False
2025-07-15|27430,2025-07-15,27430,10:00,15:25,265,COMPLETE,5,0,DOWN,-0.746268656716418,AVAILABLE,4.0,False,RANGE_STRUCTURE,BALANCE,RANGE_EXPANSION|VOLUME_EXPANSION|TRADING_VALUE_EXPANSION,IDENTIFIED,RIGHT_CENSORED,0,0,2,True,0,1,True,INHERITED_RAW_PRICE_BASIS,True,False
2025-07-15|276A0,2025-07-15,276A0,10:30,10:30,0,COMPLETE,5,0,DOWN,-1.9642857142857142,AVAILABLE,50.0,False,DOWN_STRUCTURE,,VOLUME_EXPANSION|TRADING_VALUE_EXPANSION,IDENTIFIED,WINDOW_OBSERVED,0,1,15,False,1,1,True,INHERITED_RAW_PRICE_BASIS,False,False
2025-07-15|276A0,2025-07-15,276A0,10:30,10:35,5,COMPLETE,5,0,UP,0.36496350364963503,AVAILABLE,50.0,False,DOWN_STRUCTURE,CORRECTION|RECOVERY,CHOPPINESS|RANGE_COMPRESSION,IDENTIFIED,OBSERVATION_INSUFFICIENT,1,1,15,False,1,0,True,INHERITED_RAW_PRICE_BASIS,True,True
2025-07-15|276A0,2025-07-15,276A0,10:30,10:40,10,COMPLETE,5,0,UP,0.7259528130671506,AVAILABLE,50.0,False,DOWN_STRUCTURE,CORRECTION|RECOVERY,VOLUME_COMPRESSION|TRADING_VALUE_COMPRESSION,IDENTIFIED,OBSERVATION_INSUFFICIENT,1,0,15,False,0,0,True,INHERITED_RAW_PRICE_BASIS,True,False
2025-07-15|276A0,2025-07-15,276A0,10:30,10:45,15,PARTIAL,4,1,,,AVAILABLE,50.0,False,,,,UNRESOLVED_STRUCTURE,WINDOW_OBSERVED,0,1,1,False,0,0,False,INHERITED_RAW_PRICE_BASIS,False,False
2025-07-15|276A0,2025-07-15,276A0,10:30,10:50,20,COMPLETE,5,0,DOWN,-0.539568345323741,AVAILABLE,50.0,False,,,,UNRESOLVED_STRUCTURE,WINDOW_OBSERVED,0,1,1,False,0,0,False,INHERITED_RAW_PRICE_BASIS,False,False
2025-07-15|276A0,2025-07-15,276A0,10:30,10:55,25,COMPLETE,5,0,DOWN,-0.3616636528028933,AVAILABLE,50.0,False,,,,UNRESOLVED_STRUCTURE,WINDOW_OBSERVED,0,0,1,False,0,0,False,INHERITED_RAW_PRICE_BASIS,True,False
2025-07-15|276A0,2025-07-15,276A0,10:30,11:00,30,COMPLETE,5,0,UNCHANGED,0.0,AVAILABLE,50.0,False,,,CHOPPINESS|RANGE_COMPRESSION,UNRESOLVED_STRUCTURE,WINDOW_OBSERVED,0,0,1,False,0,0,False,INHERITED_RAW_PRICE_BASIS,True,False
2025-07-15|276A0,2025-07-15,276A0,10:30,11:05,35,COMPLETE,5,0,DOWN,-0.3629764065335753,AVAILABLE,50.0,False,,,RANGE_EXPANSION|VOLUME_EXPANSION|TRADING_VALUE_EXPANSION,UNRESOLVED_STRUCTURE,WINDOW_OBSERVED,0,0,1,False,0,0,False,INHERITED_RAW_PRICE_BASIS,True,False
2025-07-15|276A0,2025-07-15,276A0,10:30,11:10,40,COMPLETE,5,0,DOWN,-0.36429872495446264,AVAILABLE,50.0,False,,,RANGE_COMPRESSION|VOLUME_COMPRESSION|TRADING_VALUE_COMPRESSION,UNRESOLVED_STRUCTURE,WINDOW_OBSERVED,0,1,2,False,0,0,False,INHERITED_RAW_PRICE_BASIS,True,False
2025-07-15|276A0,2025-07-15,276A0,10:30,11:15,45,COMPLETE,5,0,UP,0.9140767824497258,AVAILABLE,50.0,False,,RECOVERY,RANGE_EXPANSION,UNRESOLVED_STRUCTURE,WINDOW_OBSERVED,0,0,2,False,0,0,True,INHERITED_RAW_PRICE_BASIS,True,True
2025-07-15|276A0,2025-07-15,276A0,10:30,11:20,50,COMPLETE,5,0,UP,1.2727272727272727,AVAILABLE,50.0,False,,,RANGE_EXPANSION|VOLUME_EXPANSION|TRADING_VALUE_EXPANSION,UNRESOLVED_STRUCTURE,WINDOW_OBSERVED,0,1,3,False,3,2,False,INHERITED_RAW_PRICE_BASIS,True,True
2025-07-15|276A0,2025-07-15,276A0,10:30,11:25,55,COMPLETE,5,0,DOWN,-1.618705035971223,AVAILABLE,50.0,False,,,,UNRESOLVED_STRUCTURE,WINDOW_OBSERVED,0,0,3,False,1,1,False,INHERITED_RAW_PRICE_BASIS,True,False
2025-07-15|276A0,2025-07-15,276A0,10:30,11:30,60,COMPLETE,5,0,UP,0.18281535648994515,AVAILABLE,50.0,False,,,RANGE_COMPRESSION|VOLUME_COMPRESSION|TRADING_VALUE_COMPRESSION,UNRESOLVED_STRUCTURE,WINDOW_OBSERVED,0,0,3,False,0,1,False,INHERITED_RAW_PRICE_BASIS,True,False
2025-07-15|276A0,2025-07-15,276A0,10:30,12:35,65,COMPLETE,5,0,DOWN,-0.36429872495446264,AVAILABLE,50.0,False,,,CHOPPINESS,UNRESOLVED_STRUCTURE,WINDOW_OBSERVED,0,1,1,False,0,1,False,INHERITED_RAW_PRICE_BASIS,True,False
2025-07-15|276A0,2025-07-15,276A0,10:30,12:40,70,COMPLETE,5,0,UP,0.5494505494505495,AVAILABLE,50.0,False,,,VOLUME_COMPRESSION|TRADING_VALUE_COMPRESSION,UNRESOLVED_STRUCTURE,WINDOW_OBSERVED,0,1,1,False,0,1,False,INHERITED_RAW_PRICE_BASIS,True,False
2025-07-15|276A0,2025-07-15,276A0,10:30,12:45,75,COMPLETE,5,0,DOWN,-0.18181818181818182,AVAILABLE,50.0,False,,,CHOPPINESS|RANGE_EXPANSION,UNRESOLVED_STRUCTURE,WINDOW_OBSERVED,0,0,1,False,0,0,False,INHERITED_RAW_PRICE_BASIS,True,False
2025-07-15|276A0,2025-07-15,276A0,10:30,12:50,80,COMPLETE,5,0,UP,0.18214936247723132,AVAILABLE,50.0,False,,,CHOPPINESS|RANGE_COMPRESSION|VOLUME_COMPRESSION|TRADING_VALUE_COMPRESSION,UNRESOLVED_STRUCTURE,OBSERVATION_INSUFFICIENT,1,0,1,False,0,0,False,INHERITED_RAW_PRICE_BASIS,True,False
2025-07-15|276A0,2025-07-15,276A0,10:30,12:55,85,COMPLETE,5,0,DOWN,-0.3629764065335753,AVAILABLE,50.0,False,,,,UNRESOLVED_STRUCTURE,OBSERVATION_INSUFFICIENT,3,0,1,False,0,0,False,INHERITED_RAW_PRICE_BASIS,True,False
2025-07-15|276A0,2025-07-15,276A0,10:30,13:00,90,PARTIAL,4,1,,,AVAILABLE,50.0,False,,,,UNRESOLVED_STRUCTURE,OBSERVATION_INSUFFICIENT,4,0,0,False,0,0,False,INHERITED_RAW_PRICE_BASIS,False,False
2025-07-15|276A0,2025-07-15,276A0,10:30,13:05,95,PARTIAL,3,2,,,AVAILABLE,50.0,False,,,,UNRESOLVED_STRUCTURE,OBSERVATION_INSUFFICIENT,4,0,0,False,0,0,False,INHERITED_RAW_PRICE_BASIS,False,False
2025-07-15|276A0,2025-07-15,276A0,10:30,13:10,100,PARTIAL,3,2,,,AVAILABLE,50.0,False,,,,CURRENT_BAR_UNAVAILABLE,OBSERVATION_INSUFFICIENT,5,0,0,False,0,0,False,INHERITED_RAW_PRICE_BASIS,False,False
2025-07-15|276A0,2025-07-15,276A0,10:30,13:15,105,PARTIAL,3,2,,,AVAILABLE,50.0,False,,,,UNRESOLVED_STRUCTURE,OBSERVATION_INSUFFICIENT,8,0,0,False,0,0,False,INHERITED_RAW_PRICE_BASIS,False,False
2025-07-15|276A0,2025-07-15,276A0,10:30,13:20,110,PARTIAL,2,3,,,AVAILABLE,50.0,False,,,,CURRENT_BAR_UNAVAILABLE,OBSERVATION_INSUFFICIENT,10,0,0,False,0,0,False,INHERITED_RAW_PRICE_BASIS,False,False
2025-07-15|276A0,2025-07-15,276A0,10:30,13:25,115,UNAVAILABLE,0,5,,,AVAILABLE,50.0,False,,,,CURRENT_BAR_UNAVAILABLE,OBSERVATION_INSUFFICIENT,10,0,0,False,0,0,False,INHERITED_RAW_PRICE_BASIS,False,False
2025-07-15|276A0,2025-07-15,276A0,10:30,13:30,120,UNAVAILABLE,0,5,,,AVAILABLE,50.0,False,,,,CURRENT_BAR_UNAVAILABLE,OBSERVATION_INSUFFICIENT,10,0,0,False,0,0,False,INHERITED_RAW_PRICE_BASIS,False,False
2025-07-15|276A0,2025-07-15,276A0,10:30,13:35,125,UNAVAILABLE,0,5,,,AVAILABLE,50.0,False,,,,CURRENT_BAR_UNAVAILABLE,OBSERVATION_INSUFFICIENT,10,0,0,False,0,0,False,INHERITED_RAW_PRICE_BASIS,False,False
2025-07-15|276A0,2025-07-15,276A0,10:30,13:40,130,UNAVAILABLE,0,5,,,AVAILABLE,50.0,False,,,,CURRENT_BAR_UNAVAILABLE,OBSERVATION_INSUFFICIENT,10,0,0,False,0,0,False,INHERITED_RAW_PRICE_BASIS,False,False
2025-07-15|276A0,2025-07-15,276A0,10:30,13:45,135,UNAVAILABLE,0,5,,,AVAILABLE,50.0,False,,,,CURRENT_BAR_UNAVAILABLE,OBSERVATION_INSUFFICIENT,10,0,0,False,0,0,False,INHERITED_RAW_PRICE_BASIS,False,False
2025-07-15|276A0,2025-07-15,276A0,10:30,13:50,140,UNAVAILABLE,0,5,,,AVAILABLE,50.0,False,,,,CURRENT_BAR_UNAVAILABLE,OBSERVATION_INSUFFICIENT,10,0,0,False,0,0,False,INHERITED_RAW_PRICE_BASIS,False,False
2025-07-15|276A0,2025-07-15,276A0,10:30,13:55,145,UNAVAILABLE,0,5,,,AVAILABLE,50.0,False,,,,CURRENT_BAR_UNAVAILABLE,OBSERVATION_INSUFFICIENT,10,0,0,False,0,0,False,INHERITED_RAW_PRICE_BASIS,False,False
2025-07-15|276A0,2025-07-15,276A0,10:30,14:00,150,UNAVAILABLE,0,5,,,AVAILABLE,50.0,False,,,,CURRENT_BAR_UNAVAILABLE,OBSERVATION_INSUFFICIENT,10,0,0,False,0,0,False,INHERITED_RAW_PRICE_BASIS,False,False
2025-07-15|276A0,2025-07-15,276A0,10:30,14:05,155,UNAVAILABLE,0,5,,,AVAILABLE,50.0,False,,,,CURRENT_BAR_UNAVAILABLE,OBSERVATION_INSUFFICIENT,10,0,0,False,0,0,False,INHERITED_RAW_PRICE_BASIS,False,False
2025-07-15|276A0,2025-07-15,276A0,10:30,14:10,160,UNAVAILABLE,0,5,,,AVAILABLE,50.0,False,,,,CURRENT_BAR_UNAVAILABLE,OBSERVATION_INSUFFICIENT,10,0,0,False,0,0,False,INHERITED_RAW_PRICE_BASIS,False,False
2025-07-15|276A0,2025-07-15,276A0,10:30,14:15,165,UNAVAILABLE,0,5,,,AVAILABLE,50.0,False,,,,CURRENT_BAR_UNAVAILABLE,OBSERVATION_INSUFFICIENT,10,0,0,False,0,0,False,INHERITED_RAW_PRICE_BASIS,False,False
2025-07-15|276A0,2025-07-15,276A0,10:30,14:20,170,UNAVAILABLE,0,5,,,AVAILABLE,50.0,False,,,,CURRENT_BAR_UNAVAILABLE,OBSERVATION_INSUFFICIENT,10,0,0,False,0,0,False,INHERITED_RAW_PRICE_BASIS,False,False
2025-07-15|276A0,2025-07-15,276A0,10:30,14:25,175,UNAVAILABLE,0,5,,,AVAILABLE,50.0,False,,,,CURRENT_BAR_UNAVAILABLE,OBSERVATION_INSUFFICIENT,10,0,0,False,0,0,False,INHERITED_RAW_PRICE_BASIS,False,False
2025-07-15|276A0,2025-07-15,276A0,10:30,14:30,180,UNAVAILABLE,0,5,,,AVAILABLE,50.0,False,,,,CURRENT_BAR_UNAVAILABLE,OBSERVATION_INSUFFICIENT,10,0,0,False,0,0,False,INHERITED_RAW_PRICE_BASIS,False,False
2025-07-15|276A0,2025-07-15,276A0,10:30,14:35,185,UNAVAILABLE,0,5,,,AVAILABLE,50.0,False,,,,CURRENT_BAR_UNAVAILABLE,OBSERVATION_INSUFFICIENT,10,0,0,False,0,0,False,INHERITED_RAW_PRICE_BASIS,False,False
2025-07-15|276A0,2025-07-15,276A0,10:30,14:40,190,UNAVAILABLE,0,5,,,AVAILABLE,50.0,False,,,,CURRENT_BAR_UNAVAILABLE,OBSERVATION_INSUFFICIENT,10,0,0,False,0,0,False,INHERITED_RAW_PRICE_BASIS,False,False
2025-07-15|276A0,2025-07-15,276A0,10:30,14:45,195,UNAVAILABLE,0,5,,,AVAILABLE,50.0,False,,,,CURRENT_BAR_UNAVAILABLE,OBSERVATION_INSUFFICIENT,10,0,0,False,0,0,False,INHERITED_RAW_PRICE_BASIS,False,False
2025-07-15|276A0,2025-07-15,276A0,10:30,14:50,200,UNAVAILABLE,0,5,,,AVAILABLE,50.0,False,,,,CURRENT_BAR_UNAVAILABLE,OBSERVATION_INSUFFICIENT,10,0,0,False,0,0,False,INHERITED_RAW_PRICE_BASIS,False,False
2025-07-15|276A0,2025-07-15,276A0,10:30,14:55,205,UNAVAILABLE,0,5,,,AVAILABLE,50.0,False,,,,CURRENT_BAR_UNAVAILABLE,OBSERVATION_INSUFFICIENT,10,0,0,False,0,0,False,INHERITED_RAW_PRICE_BASIS,False,False
2025-07-15|276A0,2025-07-15,276A0,10:30,15:00,210,UNAVAILABLE,0,5,,,AVAILABLE,50.0,False,,,,CURRENT_BAR_UNAVAILABLE,OBSERVATION_INSUFFICIENT,10,0,0,False,0,0,False,INHERITED_RAW_PRICE_BASIS,False,False
2025-07-15|276A0,2025-07-15,276A0,10:30,15:05,215,UNAVAILABLE,0,5,,,AVAILABLE,50.0,False,,,,CURRENT_BAR_UNAVAILABLE,OBSERVATION_INSUFFICIENT,10,0,0,False,0,0,False,INHERITED_RAW_PRICE_BASIS,False,False
2025-07-15|276A0,2025-07-15,276A0,10:30,15:10,220,UNAVAILABLE,0,5,,,AVAILABLE,50.0,False,,,,CURRENT_BAR_UNAVAILABLE,OBSERVATION_INSUFFICIENT,10,0,0,False,0,0,False,INHERITED_RAW_PRICE_BASIS,False,False
2025-07-15|276A0,2025-07-15,276A0,10:30,15:15,225,UNAVAILABLE,0,5,,,AVAILABLE,50.0,False,,,,CURRENT_BAR_UNAVAILABLE,OBSERVATION_INSUFFICIENT,10,0,0,False,0,0,False,INHERITED_RAW_PRICE_BASIS,False,False
2025-07-15|276A0,2025-07-15,276A0,10:30,15:20,230,UNAVAILABLE,0,5,,,AVAILABLE,50.0,False,,,,CURRENT_BAR_UNAVAILABLE,RIGHT_CENSORED,5,0,0,False,0,0,False,INHERITED_RAW_PRICE_BASIS,False,False
2025-07-15|276A0,2025-07-15,276A0,10:30,15:25,235,UNAVAILABLE,0,5,,,AVAILABLE,50.0,False,,,,CURRENT_BAR_UNAVAILABLE,RIGHT_CENSORED,0,0,0,False,0,0,False,INHERITED_RAW_PRICE_BASIS,False,False
2025-07-15|29360,2025-07-15,29360,15:00,15:00,0,COMPLETE,5,0,DOWN,-1.8789144050104385,SCALE_INSUFFICIENT,,False,,,,SCALE_UNAVAILABLE,WINDOW_OBSERVED,0,0,0,False,1,1,False,INHERITED_RAW_PRICE_BASIS,False,False
2025-07-15|29360,2025-07-15,29360,15:00,15:05,5,COMPLETE,5,0,UP,0.6382978723404256,SCALE_INSUFFICIENT,,False,,,RANGE_COMPRESSION|VOLUME_COMPRESSION|TRADING_VALUE_COMPRESSION,SCALE_UNAVAILABLE,WINDOW_OBSERVED,0,0,0,False,0,1,False,INHERITED_RAW_PRICE_BASIS,True,False
2025-07-15|29360,2025-07-15,29360,15:00,15:10,10,COMPLETE,5,0,DOWN,-0.42283298097251587,SCALE_INSUFFICIENT,,False,,,,SCALE_UNAVAILABLE,WINDOW_OBSERVED,0,0,0,False,0,0,False,INHERITED_RAW_PRICE_BASIS,True,False
2025-07-15|29360,2025-07-15,29360,15:00,15:15,15,COMPLETE,5,0,UP,0.42462845010615713,SCALE_INSUFFICIENT,,False,,,,SCALE_UNAVAILABLE,WINDOW_OBSERVED,0,0,0,False,0,1,False,INHERITED_RAW_PRICE_BASIS,True,False
2025-07-15|29360,2025-07-15,29360,15:00,15:20,20,COMPLETE,5,0,DOWN,-0.4219409282700422,SCALE_INSUFFICIENT,,False,,,RANGE_COMPRESSION,SCALE_UNAVAILABLE,RIGHT_CENSORED,0,0,0,False,0,0,False,INHERITED_RAW_PRICE_BASIS,True,False
2025-07-15|29360,2025-07-15,29360,15:00,15:25,25,COMPLETE,5,0,UP,0.8492569002123143,SCALE_INSUFFICIENT,,False,,,RANGE_EXPANSION|VOLUME_EXPANSION|TRADING_VALUE_EXPANSION,SCALE_UNAVAILABLE,RIGHT_CENSORED,0,0,0,False,2,2,False,INHERITED_RAW_PRICE_BASIS,True,False
2025-07-15|33700,2025-07-15,33700,11:00,11:00,0,COMPLETE,5,0,DOWN,-0.5194805194805194,AVAILABLE,5.0,False,DOWN_STRUCTURE,PROGRESSION,CHOPPINESS|RANGE_COMPRESSION|VOLUME_COMPRESSION|TRADING_VALUE_COMPRESSION,IDENTIFIED,WINDOW_OBSERVED,0,0,9,False,1,2,True,INHERITED_RAW_PRICE_BASIS,False,False
2025-07-15|33700,2025-07-15,33700,11:00,11:05,5,COMPLETE,5,0,UNCHANGED,0.0,AVAILABLE,5.0,False,DOWN_STRUCTURE,PROGRESSION,VOLUME_COMPRESSION|TRADING_VALUE_COMPRESSION,IDENTIFIED,WINDOW_OBSERVED,0,0,9,False,0,0,True,INHERITED_RAW_PRICE_BASIS,True,False
2025-07-15|33700,2025-07-15,33700,11:00,11:10,10,COMPLETE,5,0,DOWN,-0.2604166666666667,AVAILABLE,5.0,False,DOWN_STRUCTURE,PROGRESSION,CHOPPINESS|RANGE_EXPANSION|VOLUME_EXPANSION|TRADING_VALUE_EXPANSION,IDENTIFIED,WINDOW_OBSERVED,0,1,11,False,1,2,True,INHERITED_RAW_PRICE_BASIS,True,False
2025-07-15|33700,2025-07-15,33700,11:00,11:15,15,COMPLETE,5,0,DOWN,-0.783289817232376,AVAILABLE,5.0,False,DOWN_STRUCTURE,PROGRESSION,VOLUME_COMPRESSION|TRADING_VALUE_COMPRESSION,IDENTIFIED,WINDOW_OBSERVED,0,1,11,False,2,0,True,INHERITED_RAW_PRICE_BASIS,True,False
2025-07-15|33700,2025-07-15,33700,11:00,11:20,20,COMPLETE,5,0,DOWN,-0.7915567282321899,AVAILABLE,5.0,False,DOWN_STRUCTURE,PROGRESSION,VOLUME_EXPANSION|TRADING_VALUE_EXPANSION,IDENTIFIED,WINDOW_OBSERVED,0,0,11,False,1,2,True,INHERITED_RAW_PRICE_BASIS,True,False
2025-07-15|33700,2025-07-15,33700,11:00,11:25,25,COMPLETE,5,0,DOWN,-0.5333333333333333,AVAILABLE,5.0,False,DOWN_STRUCTURE,CORRECTION|RECOVERY,,IDENTIFIED,WINDOW_OBSERVED,0,1,12,False,1,1,True,INHERITED_RAW_PRICE_BASIS,True,True
2025-07-15|33700,2025-07-15,33700,11:00,11:30,30,COMPLETE,5,0,UNCHANGED,0.0,AVAILABLE,5.0,False,DOWN_STRUCTURE,CORRECTION|RECOVERY,CHOPPINESS|VOLUME_COMPRESSION|TRADING_VALUE_COMPRESSION,IDENTIFIED,WINDOW_OBSERVED,0,0,12,False,0,0,True,INHERITED_RAW_PRICE_BASIS,True,False
2025-07-15|33700,2025-07-15,33700,11:00,12:35,35,COMPLETE,5,0,UNCHANGED,0.0,AVAILABLE,5.0,False,DOWN_STRUCTURE,CORRECTION,,IDENTIFIED,WINDOW_OBSERVED,0,1,1,False,2,2,True,INHERITED_RAW_PRICE_BASIS,True,True
2025-07-15|33700,2025-07-15,33700,11:00,12:40,40,COMPLETE,5,0,UNCHANGED,0.0,AVAILABLE,5.0,False,DOWN_STRUCTURE,CORRECTION|RECOVERY,CHOPPINESS|RANGE_EXPANSION|VOLUME_COMPRESSION|TRADING_VALUE_COMPRESSION,IDENTIFIED,OBSERVATION_INSUFFICIENT,1,1,3,False,0,0,True,INHERITED_RAW_PRICE_BASIS,True,True
2025-07-15|33700,2025-07-15,33700,11:00,12:45,45,COMPLETE,5,0,UP,0.2695417789757412,AVAILABLE,5.0,False,DOWN_STRUCTURE,PROGRESSION,CHOPPINESS|RANGE_COMPRESSION|VOLUME_COMPRESSION|TRADING_VALUE_COMPRESSION,IDENTIFIED,OBSERVATION_INSUFFICIENT,1,1,4,False,0,0,True,INHERITED_RAW_PRICE_BASIS,True,True
2025-07-15|33700,2025-07-15,33700,11:00,12:50,50,PARTIAL,4,1,,,AVAILABLE,5.0,False,,,,CURRENT_BAR_UNAVAILABLE,WINDOW_OBSERVED,0,0,0,False,2,2,False,INHERITED_RAW_PRICE_BASIS,False,False
2025-07-15|33700,2025-07-15,33700,11:00,12:55,55,COMPLETE,5,0,DOWN,-0.27100271002710025,AVAILABLE,5.0,False,,,,UNRESOLVED_STRUCTURE,OBSERVATION_INSUFFICIENT,1,0,0,False,0,0,False,INHERITED_RAW_PRICE_BASIS,False,False
2025-07-15|33700,2025-07-15,33700,11:00,13:00,60,COMPLETE,5,0,UNCHANGED,0.0,AVAILABLE,5.0,False,,,VOLUME_COMPRESSION|TRADING_VALUE_COMPRESSION,UNRESOLVED_STRUCTURE,OBSERVATION_INSUFFICIENT,1,0,0,False,0,0,False,INHERITED_RAW_PRICE_BASIS,True,False
2025-07-15|33700,2025-07-15,33700,11:00,13:05,65,PARTIAL,4,1,,,AVAILABLE,5.0,False,,,,UNRESOLVED_STRUCTURE,WINDOW_OBSERVED,0,0,0,False,0,0,False,INHERITED_RAW_PRICE_BASIS,False,False
2025-07-15|33700,2025-07-15,33700,11:00,13:10,70,COMPLETE,5,0,UP,0.2724795640326976,AVAILABLE,5.0,False,,,,UNRESOLVED_STRUCTURE,WINDOW_OBSERVED,0,0,0,False,0,1,False,INHERITED_RAW_PRICE_BASIS,False,False
2025-07-15|33700,2025-07-15,33700,11:00,13:15,75,COMPLETE,5,0,UNCHANGED,0.0,AVAILABLE,5.0,False,,,RANGE_EXPANSION|VOLUME_EXPANSION|TRADING_VALUE_EXPANSION,UNRESOLVED_STRUCTURE,WINDOW_OBSERVED,0,0,0,False,0,0,False,INHERITED_RAW_PRICE_BASIS,True,False
2025-07-15|33700,2025-07-15,33700,11:00,13:20,80,COMPLETE,5,0,UP,0.27100271002710025,AVAILABLE,5.0,False,,,RANGE_COMPRESSION|VOLUME_COMPRESSION|TRADING_VALUE_COMPRESSION,UNRESOLVED_STRUCTURE,WINDOW_OBSERVED,0,1,1,False,0,0,False,INHERITED_RAW_PRICE_BASIS,True,False
2025-07-15|33700,2025-07-15,33700,11:00,13:25,85,COMPLETE,5,0,UNCHANGED,0.0,AVAILABLE,5.0,False,,,RANGE_EXPANSION|VOLUME_EXPANSION|TRADING_VALUE_EXPANSION,UNRESOLVED_STRUCTURE,WINDOW_OBSERVED,0,1,1,False,0,0,False,INHERITED_RAW_PRICE_BASIS,True,False
2025-07-15|33700,2025-07-15,33700,11:00,13:30,90,COMPLETE,5,0,UP,0.5405405405405406,AVAILABLE,5.0,False,,,,UNRESOLVED_STRUCTURE,WINDOW_OBSERVED,0,0,1,False,0,0,False,INHERITED_RAW_PRICE_BASIS,True,False
2025-07-15|33700,2025-07-15,33700,11:00,13:35,95,COMPLETE,5,0,UNCHANGED,0.0,AVAILABLE,5.0,False,RANGE_STRUCTURE,BALANCE,VOLUME_COMPRESSION|TRADING_VALUE_COMPRESSION,IDENTIFIED,OBSERVATION_INSUFFICIENT,1,1,2,True,0,0,True,INHERITED_RAW_PRICE_BASIS,True,True
2025-07-15|33700,2025-07-15,33700,11:00,13:40,100,COMPLETE,5,0,DOWN,-1.0781671159029649,AVAILABLE,5.0,False,RANGE_STRUCTURE,BALANCE,RANGE_EXPANSION|VOLUME_EXPANSION|TRADING_VALUE_EXPANSION,IDENTIFIED,OBSERVATION_INSUFFICIENT,1,0,2,True,0,0,True,INHERITED_RAW_PRICE_BASIS,True,False
2025-07-15|33700,2025-07-15,33700,11:00,13:45,105,PARTIAL,4,1,,,AVAILABLE,5.0,False,,,,UNRESOLVED_STRUCTURE,WINDOW_OBSERVED,0,0,0,False,0,0,False,INHERITED_RAW_PRICE_BASIS,False,False
2025-07-15|33700,2025-07-15,33700,11:00,13:50,110,COMPLETE,5,0,DOWN,-0.5420054200542005,AVAILABLE,5.0,False,,,,UNRESOLVED_STRUCTURE,WINDOW_OBSERVED,0,0,0,False,0,0,False,INHERITED_RAW_PRICE_BASIS,False,False
2025-07-15|33700,2025-07-15,33700,11:00,13:55,115,COMPLETE,5,0,UP,0.2724795640326976,AVAILABLE,5.0,False,,,,UNRESOLVED_STRUCTURE,OBSERVATION_INSUFFICIENT,1,0,0,False,0,2,False,INHERITED_RAW_PRICE_BASIS,True,False
2025-07-15|33700,2025-07-15,33700,11:00,14:00,120,COMPLETE,5,0,DOWN,-0.2717391304347826,AVAILABLE,5.0,False,,,RANGE_COMPRESSION|VOLUME_COMPRESSION|TRADING_VALUE_COMPRESSION,UNRESOLVED_STRUCTURE,OBSERVATION_INSUFFICIENT,2,0,0,False,0,1,False,INHERITED_RAW_PRICE_BASIS,True,False
2025-07-15|33700,2025-07-15,33700,11:00,14:05,125,PARTIAL,4,1,,,AVAILABLE,5.0,False,,,,UNRESOLVED_STRUCTURE,OBSERVATION_INSUFFICIENT,2,0,0,False,0,2,False,INHERITED_RAW_PRICE_BASIS,False,False
2025-07-15|33700,2025-07-15,33700,11:00,14:10,130,PARTIAL,4,1,,,AVAILABLE,5.0,False,,,,UNRESOLVED_STRUCTURE,OBSERVATION_INSUFFICIENT,2,0,0,False,0,0,False,INHERITED_RAW_PRICE_BASIS,False,False
2025-07-15|33700,2025-07-15,33700,11:00,14:15,135,PARTIAL,4,1,,,AVAILABLE,5.0,False,,,,UNRESOLVED_STRUCTURE,OBSERVATION_INSUFFICIENT,5,0,0,False,0,0,False,INHERITED_RAW_PRICE_BASIS,False,False
2025-07-15|33700,2025-07-15,33700,11:00,14:20,140,PARTIAL,4,1,,,AVAILABLE,5.0,False,,,,UNRESOLVED_STRUCTURE,OBSERVATION_INSUFFICIENT,9,0,0,False,0,0,False,INHERITED_RAW_PRICE_BASIS,False,False
2025-07-15|33700,2025-07-15,33700,11:00,14:25,145,PARTIAL,1,4,,,AVAILABLE,5.0,False,,,,CURRENT_BAR_UNAVAILABLE,OBSERVATION_INSUFFICIENT,10,0,0,False,0,0,False,INHERITED_RAW_PRICE_BASIS,False,False
2025-07-15|33700,2025-07-15,33700,11:00,14:30,150,UNAVAILABLE,0,5,,,AVAILABLE,5.0,False,,,,CURRENT_BAR_UNAVAILABLE,OBSERVATION_INSUFFICIENT,10,0,0,False,0,0,False,INHERITED_RAW_PRICE_BASIS,False,False
2025-07-15|33700,2025-07-15,33700,11:00,14:35,155,UNAVAILABLE,0,5,,,AVAILABLE,5.0,False,,,,CURRENT_BAR_UNAVAILABLE,OBSERVATION_INSUFFICIENT,10,0,0,False,0,0,False,INHERITED_RAW_PRICE_BASIS,False,False
2025-07-15|33700,2025-07-15,33700,11:00,14:40,160,UNAVAILABLE,0,5,,,AVAILABLE,5.0,False,,,,CURRENT_BAR_UNAVAILABLE,OBSERVATION_INSUFFICIENT,10,0,0,False,0,0,False,INHERITED_RAW_PRICE_BASIS,False,False
2025-07-15|33700,2025-07-15,33700,11:00,14:45,165,UNAVAILABLE,0,5,,,AVAILABLE,5.0,False,,,,CURRENT_BAR_UNAVAILABLE,OBSERVATION_INSUFFICIENT,10,0,0,False,0,0,False,INHERITED_RAW_PRICE_BASIS,False,False
2025-07-15|33700,2025-07-15,33700,11:00,14:50,170,UNAVAILABLE,0,5,,,AVAILABLE,5.0,False,,,,CURRENT_BAR_UNAVAILABLE,OBSERVATION_INSUFFICIENT,10,0,0,False,0,0,False,INHERITED_RAW_PRICE_BASIS,False,False
2025-07-15|33700,2025-07-15,33700,11:00,14:55,175,UNAVAILABLE,0,5,,,AVAILABLE,5.0,False,,,,CURRENT_BAR_UNAVAILABLE,OBSERVATION_INSUFFICIENT,10,0,0,False,0,0,False,INHERITED_RAW_PRICE_BASIS,False,False
2025-07-15|33700,2025-07-15,33700,11:00,15:00,180,UNAVAILABLE,0,5,,,AVAILABLE,5.0,False,,,,CURRENT_BAR_UNAVAILABLE,OBSERVATION_INSUFFICIENT,10,0,0,False,0,0,False,INHERITED_RAW_PRICE_BASIS,False,False
2025-07-15|33700,2025-07-15,33700,11:00,15:05,185,UNAVAILABLE,0,5,,,AVAILABLE,5.0,False,,,,CURRENT_BAR_UNAVAILABLE,OBSERVATION_INSUFFICIENT,10,0,0,False,0,0,False,INHERITED_RAW_PRICE_BASIS,False,False
2025-07-15|33700,2025-07-15,33700,11:00,15:10,190,UNAVAILABLE,0,5,,,AVAILABLE,5.0,False,,,,CURRENT_BAR_UNAVAILABLE,OBSERVATION_INSUFFICIENT,10,0,0,False,0,0,False,INHERITED_RAW_PRICE_BASIS,False,False
2025-07-15|33700,2025-07-15,33700,11:00,15:15,195,UNAVAILABLE,0,5,,,AVAILABLE,5.0,False,,,,CURRENT_BAR_UNAVAILABLE,OBSERVATION_INSUFFICIENT,10,0,0,False,0,0,False,INHERITED_RAW_PRICE_BASIS,False,False
2025-07-15|33700,2025-07-15,33700,11:00,15:20,200,UNAVAILABLE,0,5,,,AVAILABLE,5.0,False,,,,CURRENT_BAR_UNAVAILABLE,RIGHT_CENSORED,5,0,0,False,0,0,False,INHERITED_RAW_PRICE_BASIS,False,False
2025-07-15|33700,2025-07-15,33700,11:00,15:25,205,UNAVAILABLE,0,5,,,AVAILABLE,5.0,False,,,,CURRENT_BAR_UNAVAILABLE,RIGHT_CENSORED,0,0,0,False,0,0,False,INHERITED_RAW_PRICE_BASIS,False,False
2025-07-15|34090,2025-07-15,34090,10:30,10:30,0,COMPLETE,5,0,DOWN,-1.2096774193548387,AVAILABLE,2.5,False,DOWN_STRUCTURE,PROGRESSION,,IDENTIFIED,WINDOW_OBSERVED,0,0,11,False,0,2,True,INHERITED_RAW_PRICE_BASIS,False,False
2025-07-15|34090,2025-07-15,34090,10:30,10:35,5,COMPLETE,5,0,DOWN,-0.819672131147541,AVAILABLE,2.5,False,DOWN_STRUCTURE,CORRECTION|RECOVERY,,IDENTIFIED,WINDOW_OBSERVED,0,1,12,False,0,2,True,INHERITED_RAW_PRICE_BASIS,True,True
2025-07-15|34090,2025-07-15,34090,10:30,10:40,10,COMPLETE,5,0,UP,0.4149377593360996,AVAILABLE,2.5,False,DOWN_STRUCTURE,PROGRESSION,VOLUME_COMPRESSION|TRADING_VALUE_COMPRESSION,IDENTIFIED,OBSERVATION_INSUFFICIENT,1,1,13,False,0,0,True,INHERITED_RAW_PRICE_BASIS,True,True
2025-07-15|34090,2025-07-15,34090,10:30,10:45,15,COMPLETE,5,0,UNCHANGED,0.0,AVAILABLE,2.5,False,DOWN_STRUCTURE,CORRECTION|RECOVERY,VOLUME_EXPANSION|TRADING_VALUE_EXPANSION,IDENTIFIED,OBSERVATION_INSUFFICIENT,3,1,14,False,0,2,True,INHERITED_RAW_PRICE_BASIS,True,True
2025-07-15|34090,2025-07-15,34090,10:30,10:50,20,PARTIAL,4,1,,,AVAILABLE,2.5,False,,,,UNRESOLVED_STRUCTURE,OBSERVATION_INSUFFICIENT,2,0,0,False,2,2,False,INHERITED_RAW_PRICE_BASIS,False,False
2025-07-15|34090,2025-07-15,34090,10:30,10:55,25,PARTIAL,3,2,,,AVAILABLE,2.5,False,,,,CURRENT_BAR_UNAVAILABLE,WINDOW_OBSERVED,0,0,0,False,0,0,False,INHERITED_RAW_PRICE_BASIS,False,False
2025-07-15|34090,2025-07-15,34090,10:30,11:00,30,COMPLETE,5,0,UNCHANGED,0.0,AVAILABLE,2.5,False,,,,UNRESOLVED_STRUCTURE,WINDOW_OBSERVED,0,1,1,False,0,0,False,INHERITED_RAW_PRICE_BASIS,False,False
2025-07-15|34090,2025-07-15,34090,10:30,11:05,35,COMPLETE,5,0,DOWN,-0.8264462809917356,AVAILABLE,2.5,False,,,RANGE_EXPANSION|VOLUME_EXPANSION|TRADING_VALUE_EXPANSION,UNRESOLVED_STRUCTURE,WINDOW_OBSERVED,0,0,1,False,1,1,False,INHERITED_RAW_PRICE_BASIS,True,False
2025-07-15|34090,2025-07-15,34090,10:30,11:10,40,COMPLETE,5,0,DOWN,-0.8333333333333334,AVAILABLE,2.5,False,,,RANGE_COMPRESSION,UNRESOLVED_STRUCTURE,WINDOW_OBSERVED,0,0,1,False,0,1,False,INHERITED_RAW_PRICE_BASIS,True,False
2025-07-15|34090,2025-07-15,34090,10:30,11:15,45,COMPLETE,5,0,DOWN,-1.680672268907563,AVAILABLE,2.5,False,,,RANGE_EXPANSION|VOLUME_EXPANSION|TRADING_VALUE_EXPANSION,UNRESOLVED_STRUCTURE,WINDOW_OBSERVED,0,0,1,False,1,2,False,INHERITED_RAW_PRICE_BASIS,True,False
2025-07-15|34090,2025-07-15,34090,10:30,11:20,50,COMPLETE,5,0,DOWN,-1.7094017094017093,AVAILABLE,2.5,False,,,VOLUME_EXPANSION|TRADING_VALUE_EXPANSION,UNRESOLVED_STRUCTURE,WINDOW_OBSERVED,0,0,1,False,4,3,False,INHERITED_RAW_PRICE_BASIS,True,False
2025-07-15|34090,2025-07-15,34090,10:30,11:25,55,COMPLETE,5,0,UP,0.8695652173913043,AVAILABLE,2.5,False,,RECOVERY,RANGE_COMPRESSION|VOLUME_COMPRESSION|TRADING_VALUE_COMPRESSION,UNRESOLVED_STRUCTURE,WINDOW_OBSERVED,0,0,2,False,0,1,True,INHERITED_RAW_PRICE_BASIS,True,True
2025-07-15|34090,2025-07-15,34090,10:30,11:30,60,COMPLETE,5,0,UP,2.1551724137931036,AVAILABLE,2.5,False,,RECOVERY,RANGE_EXPANSION,UNRESOLVED_STRUCTURE,WINDOW_OBSERVED,0,0,2,False,0,2,True,INHERITED_RAW_PRICE_BASIS,True,False
2025-07-15|34090,2025-07-15,34090,10:30,12:35,65,COMPLETE,5,0,DOWN,-1.2605042016806722,AVAILABLE,2.5,False,,,,UNRESOLVED_STRUCTURE,WINDOW_OBSERVED,0,1,1,False,0,0,False,INHERITED_RAW_PRICE_BASIS,True,True
2025-07-15|34090,2025-07-15,34090,10:30,12:40,70,COMPLETE,5,0,UP,1.2765957446808511,AVAILABLE,2.5,False,,,CHOPPINESS|RANGE_COMPRESSION,UNRESOLVED_STRUCTURE,WINDOW_OBSERVED,0,0,3,False,0,0,False,INHERITED_RAW_PRICE_BASIS,True,False
2025-07-15|34090,2025-07-15,34090,10:30,12:45,75,COMPLETE,5,0,DOWN,-0.8403361344537815,AVAILABLE,2.5,False,UP_STRUCTURE,,,IDENTIFIED,WINDOW_OBSERVED,0,1,5,False,0,2,True,INHERITED_RAW_PRICE_BASIS,True,False
2025-07-15|34090,2025-07-15,34090,10:30,12:50,80,COMPLETE,5,0,UP,0.4219409282700422,AVAILABLE,2.5,False,UP_STRUCTURE,CORRECTION,CHOPPINESS,IDENTIFIED,WINDOW_OBSERVED,0,0,6,False,2,3,True,INHERITED_RAW_PRICE_BASIS,True,True
2025-07-15|34090,2025-07-15,34090,10:30,12:55,85,COMPLETE,5,0,DOWN,-1.680672268907563,AVAILABLE,2.5,False,,RESTRUCTURING,RANGE_EXPANSION|VOLUME_EXPANSION|TRADING_VALUE_EXPANSION,UNRESOLVED_STRUCTURE,OBSERVATION_INSUFFICIENT,1,0,6,False,2,1,True,INHERITED_RAW_PRICE_BASIS,True,True
2025-07-15|34090,2025-07-15,34090,10:30,13:00,90,COMPLETE,5,0,DOWN,-1.293103448275862,AVAILABLE,2.5,False,,RESTRUCTURING,VOLUME_COMPRESSION|TRADING_VALUE_COMPRESSION,UNRESOLVED_STRUCTURE,OBSERVATION_INSUFFICIENT,1,1,7,False,2,2,True,INHERITED_RAW_PRICE_BASIS,True,False
2025-07-15|34090,2025-07-15,34090,10:30,13:05,95,PARTIAL,4,1,,,AVAILABLE,2.5,False,,,,CURRENT_BAR_UNAVAILABLE,WINDOW_OBSERVED,0,0,0,False,0,1,False,INHERITED_RAW_PRICE_BASIS,False,False
2025-07-15|34090,2025-07-15,34090,10:30,13:10,100,COMPLETE,5,0,UP,0.4329004329004329,AVAILABLE,2.5,False,,,,UNRESOLVED_STRUCTURE,WINDOW_OBSERVED,0,0,0,False,0,0,False,INHERITED_RAW_PRICE_BASIS,False,False
2025-07-15|34090,2025-07-15,34090,10:30,13:15,105,COMPLETE,5,0,UNCHANGED,0.0,AVAILABLE,2.5,False,,,RANGE_COMPRESSION|VOLUME_EXPANSION|TRADING_VALUE_EXPANSION,UNRESOLVED_STRUCTURE,OBSERVATION_INSUFFICIENT,1,0,0,False,0,2,False,INHERITED_RAW_PRICE_BASIS,True,False
2025-07-15|34090,2025-07-15,34090,10:30,13:20,110,COMPLETE,5,0,UNCHANGED,0.0,AVAILABLE,2.5,False,,,RANGE_EXPANSION|VOLUME_COMPRESSION|TRADING_VALUE_COMPRESSION,UNRESOLVED_STRUCTURE,OBSERVATION_INSUFFICIENT,1,0,0,False,0,0,False,INHERITED_RAW_PRICE_BASIS,True,False
2025-07-15|34090,2025-07-15,34090,10:30,13:25,115,PARTIAL,4,1,,,AVAILABLE,2.5,False,,,,UNRESOLVED_STRUCTURE,WINDOW_OBSERVED,0,0,0,False,0,0,False,INHERITED_RAW_PRICE_BASIS,False,False
2025-07-15|34090,2025-07-15,34090,10:30,13:30,120,COMPLETE,5,0,UNCHANGED,0.0,AVAILABLE,2.5,False,,,,UNRESOLVED_STRUCTURE,OBSERVATION_INSUFFICIENT,2,0,0,False,0,0,False,INHERITED_RAW_PRICE_BASIS,False,False
2025-07-15|34090,2025-07-15,34090,10:30,13:35,125,COMPLETE,5,0,DOWN,-0.8695652173913043,AVAILABLE,2.5,False,,,VOLUME_EXPANSION|TRADING_VALUE_EXPANSION,UNRESOLVED_STRUCTURE,OBSERVATION_INSUFFICIENT,4,0,0,False,2,3,False,INHERITED_RAW_PRICE_BASIS,True,False
2025-07-15|34090,2025-07-15,34090,10:30,13:40,130,PARTIAL,3,2,,,AVAILABLE,2.5,False,,,,UNRESOLVED_STRUCTURE,OBSERVATION_INSUFFICIENT,2,0,0,False,0,0,False,INHERITED_RAW_PRICE_BASIS,False,False
2025-07-15|34090,2025-07-15,34090,10:30,13:45,135,PARTIAL,3,2,,,AVAILABLE,2.5,False,,,,CURRENT_BAR_UNAVAILABLE,OBSERVATION_INSUFFICIENT,2,0,0,False,0,0,False,INHERITED_RAW_PRICE_BASIS,False,False
2025-07-15|34090,2025-07-15,34090,10:30,13:50,140,COMPLETE,5,0,UP,0.4366812227074236,AVAILABLE,2.5,False,,,,UNRESOLVED_STRUCTURE,OBSERVATION_INSUFFICIENT,3,0,0,False,0,0,False,INHERITED_RAW_PRICE_BASIS,False,False
2025-07-15|34090,2025-07-15,34090,10:30,13:55,145,PARTIAL,3,2,,,AVAILABLE,2.5,False,,,,UNRESOLVED_STRUCTURE,OBSERVATION_INSUFFICIENT,2,0,0,False,0,0,False,INHERITED_RAW_PRICE_BASIS,False,False
2025-07-15|34090,2025-07-15,34090,10:30,14:00,150,PARTIAL,4,1,,,AVAILABLE,2.5,False,,,,UNRESOLVED_STRUCTURE,OBSERVATION_INSUFFICIENT,2,0,0,False,0,0,False,INHERITED_RAW_PRICE_BASIS,False,False
2025-07-15|34090,2025-07-15,34090,10:30,14:05,155,PARTIAL,4,1,,,AVAILABLE,2.5,False,,,,UNRESOLVED_STRUCTURE,OBSERVATION_INSUFFICIENT,2,0,0,False,0,0,False,INHERITED_RAW_PRICE_BASIS,False,False
2025-07-15|34090,2025-07-15,34090,10:30,14:10,160,PARTIAL,4,1,,,AVAILABLE,2.5,False,,,,UNRESOLVED_STRUCTURE,OBSERVATION_INSUFFICIENT,1,0,0,False,0,0,False,INHERITED_RAW_PRICE_BASIS,False,False
2025-07-15|34090,2025-07-15,34090,10:30,14:15,165,PARTIAL,4,1,,,AVAILABLE,2.5,False,,,,UNRESOLVED_STRUCTURE,OBSERVATION_INSUFFICIENT,1,0,0,False,0,0,False,INHERITED_RAW_PRICE_BASIS,False,False
2025-07-15|34090,2025-07-15,34090,10:30,14:20,170,COMPLETE,5,0,UNCHANGED,0.0,AVAILABLE,2.5,False,,,,UNRESOLVED_STRUCTURE,OBSERVATION_INSUFFICIENT,1,0,0,False,0,0,False,INHERITED_RAW_PRICE_BASIS,False,False
2025-07-15|34090,2025-07-15,34090,10:30,14:25,175,PARTIAL,4,1,,,AVAILABLE,2.5,False,,,,UNRESOLVED_STRUCTURE,OBSERVATION_INSUFFICIENT,1,0,0,False,0,0,False,INHERITED_RAW_PRICE_BASIS,False,False
2025-07-15|34090,2025-07-15,34090,10:30,14:30,180,COMPLETE,5,0,UNCHANGED,0.0,AVAILABLE,2.5,False,,,,UNRESOLVED_STRUCTURE,OBSERVATION_INSUFFICIENT,2,0,0,False,0,0,False,INHERITED_RAW_PRICE_BASIS,False,False
2025-07-15|34090,2025-07-15,34090,10:30,14:35,185,PARTIAL,4,1,,,AVAILABLE,2.5,False,,,,UNRESOLVED_STRUCTURE,OBSERVATION_INSUFFICIENT,1,0,0,False,0,0,False,INHERITED_RAW_PRICE_BASIS,False,False
2025-07-15|34090,2025-07-15,34090,10:30,14:40,190,PARTIAL,4,1,,,AVAILABLE,2.5,False,,,,UNRESOLVED_STRUCTURE,WINDOW_OBSERVED,0,0,0,False,0,0,False,INHERITED_RAW_PRICE_BASIS,False,False
2025-07-15|34090,2025-07-15,34090,10:30,14:45,195,COMPLETE,5,0,UP,0.8733624454148472,AVAILABLE,2.5,False,,,,UNRESOLVED_STRUCTURE,WINDOW_OBSERVED,0,0,0,False,0,0,False,INHERITED_RAW_PRICE_BASIS,False,False
2025-07-15|34090,2025-07-15,34090,10:30,14:50,200,COMPLETE,5,0,UNCHANGED,0.0,AVAILABLE,2.5,False,,,VOLUME_COMPRESSION|TRADING_VALUE_COMPRESSION,UNRESOLVED_STRUCTURE,OBSERVATION_INSUFFICIENT,1,0,0,False,0,0,False,INHERITED_RAW_PRICE_BASIS,True,False
2025-07-15|34090,2025-07-15,34090,10:30,14:55,205,COMPLETE,5,0,DOWN,-0.43478260869565216,AVAILABLE,2.5,False,,,VOLUME_COMPRESSION|TRADING_VALUE_COMPRESSION,UNRESOLVED_STRUCTURE,OBSERVATION_INSUFFICIENT,3,0,0,False,0,0,False,INHERITED_RAW_PRICE_BASIS,True,False
2025-07-15|34090,2025-07-15,34090,10:30,15:00,210,PARTIAL,4,1,,,AVAILABLE,2.5,False,,,,CURRENT_BAR_UNAVAILABLE,OBSERVATION_INSUFFICIENT,5,0,0,False,0,0,False,INHERITED_RAW_PRICE_BASIS,False,False
2025-07-15|34090,2025-07-15,34090,10:30,15:05,215,PARTIAL,3,2,,,AVAILABLE,2.5,False,,,,UNRESOLVED_STRUCTURE,OBSERVATION_INSUFFICIENT,4,0,0,False,0,0,False,INHERITED_RAW_PRICE_BASIS,False,False
2025-07-15|34090,2025-07-15,34090,10:30,15:10,220,PARTIAL,2,3,,,AVAILABLE,2.5,False,,,,CURRENT_BAR_UNAVAILABLE,OBSERVATION_INSUFFICIENT,3,0,0,False,0,0,False,INHERITED_RAW_PRICE_BASIS,False,False
2025-07-15|34090,2025-07-15,34090,10:30,15:15,225,PARTIAL,4,1,,,AVAILABLE,2.5,False,,,,UNRESOLVED_STRUCTURE,OBSERVATION_INSUFFICIENT,2,0,0,False,0,0,False,INHERITED_RAW_PRICE_BASIS,False,False
2025-07-15|34090,2025-07-15,34090,10:30,15:20,230,PARTIAL,3,2,,,AVAILABLE,2.5,False,,,,UNRESOLVED_STRUCTURE,RIGHT_CENSORED,0,0,0,False,0,0,False,INHERITED_RAW_PRICE_BASIS,False,False
2025-07-15|34090,2025-07-15,34090,10:30,15:25,235,COMPLETE,5,0,UP,0.43478260869565216,AVAILABLE,2.5,False,,,CHOPPINESS,UNRESOLVED_STRUCTURE,RIGHT_CENSORED,0,0,0,False,0,0,False,INHERITED_RAW_PRICE_BASIS,False,False
2025-07-15|35410,2025-07-15,35410,10:00,10:00,0,COMPLETE,5,0,UNCHANGED,0.0,AVAILABLE,7.0,False,DOWN_STRUCTURE,CORRECTION|RECOVERY,RANGE_COMPRESSION|VOLUME_COMPRESSION|TRADING_VALUE_COMPRESSION,IDENTIFIED,WINDOW_OBSERVED,0,1,4,False,1,1,True,INHERITED_RAW_PRICE_BASIS,False,False
2025-07-15|35410,2025-07-15,35410,10:00,10:05,5,COMPLETE,5,0,UNCHANGED,0.0,AVAILABLE,7.0,False,DOWN_STRUCTURE,CORRECTION|RECOVERY,CHOPPINESS|VOLUME_COMPRESSION|TRADING_VALUE_COMPRESSION,IDENTIFIED,WINDOW_OBSERVED,0,1,4,False,0,0,True,INHERITED_RAW_PRICE_BASIS,True,False
2025-07-15|35410,2025-07-15,35410,10:00,10:10,10,COMPLETE,5,0,DOWN,-0.18181818181818182,AVAILABLE,7.0,False,DOWN_STRUCTURE,PROGRESSION,,IDENTIFIED,WINDOW_OBSERVED,0,1,5,False,0,0,True,INHERITED_RAW_PRICE_BASIS,True,True
2025-07-15|35410,2025-07-15,35410,10:00,10:15,15,COMPLETE,5,0,DOWN,-0.9124087591240876,AVAILABLE,7.0,False,DOWN_STRUCTURE,PROGRESSION,RANGE_EXPANSION|VOLUME_EXPANSION|TRADING_VALUE_EXPANSION,IDENTIFIED,WINDOW_OBSERVED,0,0,5,False,4,2,True,INHERITED_RAW_PRICE_BASIS,True,False
2025-07-15|35410,2025-07-15,35410,10:00,10:20,20,COMPLETE,5,0,DOWN,-0.3683241252302026,AVAILABLE,7.0,False,DOWN_STRUCTURE,PROGRESSION,CHOPPINESS|RANGE_COMPRESSION|VOLUME_COMPRESSION|TRADING_VALUE_COMPRESSION,IDENTIFIED,WINDOW_OBSERVED,0,0,5,False,0,0,True,INHERITED_RAW_PRICE_BASIS,True,False
2025-07-15|35410,2025-07-15,35410,10:00,10:25,25,COMPLETE,5,0,UP,0.18450184501845018,AVAILABLE,7.0,False,DOWN_STRUCTURE,PROGRESSION,VOLUME_COMPRESSION|TRADING_VALUE_COMPRESSION,IDENTIFIED,WINDOW_OBSERVED,0,0,5,False,0,0,True,INHERITED_RAW_PRICE_BASIS,True,False
2025-07-15|35410,2025-07-15,35410,10:00,10:30,30,COMPLETE,5,0,DOWN,-0.5514705882352942,AVAILABLE,7.0,False,DOWN_STRUCTURE,PROGRESSION,VOLUME_EXPANSION|TRADING_VALUE_EXPANSION,IDENTIFIED,WINDOW_OBSERVED,0,0,5,False,0,0,True,INHERITED_RAW_PRICE_BASIS,True,False
2025-07-15|35410,2025-07-15,35410,10:00,10:35,35,COMPLETE,5,0,UNCHANGED,0.0,AVAILABLE,7.0,False,DOWN_STRUCTURE,PROGRESSION,VOLUME_COMPRESSION|TRADING_VALUE_COMPRESSION,IDENTIFIED,OBSERVATION_INSUFFICIENT,1,0,5,False,0,0,True,INHERITED_RAW_PRICE_BASIS,True,False
2025-07-15|35410,2025-07-15,35410,10:00,10:40,40,COMPLETE,5,0,UP,0.18484288354898337,AVAILABLE,7.0,False,DOWN_STRUCTURE,PROGRESSION,RANGE_COMPRESSION|VOLUME_COMPRESSION|TRADING_VALUE_COMPRESSION,IDENTIFIED,OBSERVATION_INSUFFICIENT,1,0,5,False,0,0,True,INHERITED_RAW_PRICE_BASIS,True,False
2025-07-15|35410,2025-07-15,35410,10:00,10:45,45,PARTIAL,4,1,,,AVAILABLE,7.0,False,,,,UNRESOLVED_STRUCTURE,WINDOW_OBSERVED,0,0,0,False,0,0,False,INHERITED_RAW_PRICE_BASIS,False,False
2025-07-15|35410,2025-07-15,35410,10:00,10:50,50,COMPLETE,5,0,UP,0.7352941176470589,AVAILABLE,7.0,False,,,,UNRESOLVED_STRUCTURE,WINDOW_OBSERVED,0,0,0,False,0,0,False,INHERITED_RAW_PRICE_BASIS,False,False
2025-07-15|35410,2025-07-15,35410,10:00,10:55,55,COMPLETE,5,0,DOWN,-0.3656307129798903,AVAILABLE,7.0,False,,,,UNRESOLVED_STRUCTURE,WINDOW_OBSERVED,0,0,0,False,0,0,False,INHERITED_RAW_PRICE_BASIS,True,False
2025-07-15|35410,2025-07-15,35410,10:00,11:00,60,COMPLETE,5,0,UP,0.36764705882352944,AVAILABLE,7.0,False,,,CHOPPINESS,UNRESOLVED_STRUCTURE,WINDOW_OBSERVED,0,0,0,False,0,0,False,INHERITED_RAW_PRICE_BASIS,True,False
2025-07-15|35410,2025-07-15,35410,10:00,11:05,65,COMPLETE,5,0,DOWN,-0.18315018315018314,AVAILABLE,7.0,False,,,RANGE_COMPRESSION|VOLUME_COMPRESSION|TRADING_VALUE_COMPRESSION,UNRESOLVED_STRUCTURE,WINDOW_OBSERVED,0,0,0,False,0,0,False,INHERITED_RAW_PRICE_BASIS,True,False
2025-07-15|35410,2025-07-15,35410,10:00,11:10,70,COMPLETE,5,0,DOWN,-0.1834862385321101,AVAILABLE,7.0,False,,,RANGE_COMPRESSION,UNRESOLVED_STRUCTURE,WINDOW_OBSERVED,0,0,0,False,0,0,False,INHERITED_RAW_PRICE_BASIS,True,False
2025-07-15|35410,2025-07-15,35410,10:00,11:15,75,COMPLETE,5,0,UNCHANGED,0.0,AVAILABLE,7.0,False,RANGE_STRUCTURE,BALANCE,RANGE_EXPANSION|VOLUME_EXPANSION|TRADING_VALUE_EXPANSION,IDENTIFIED,WINDOW_OBSERVED,0,1,1,True,0,0,True,INHERITED_RAW_PRICE_BASIS,True,True
2025-07-15|35410,2025-07-15,35410,10:00,11:20,80,COMPLETE,5,0,DOWN,-0.18382352941176472,AVAILABLE,7.0,False,RANGE_STRUCTURE,BALANCE,RANGE_COMPRESSION|VOLUME_COMPRESSION|TRADING_VALUE_COMPRESSION,IDENTIFIED,OBSERVATION_INSUFFICIENT,1,1,1,True,0,0,True,INHERITED_RAW_PRICE_BASIS,True,False
2025-07-15|35410,2025-07-15,35410,10:00,11:25,85,COMPLETE,5,0,UNCHANGED,0.0,AVAILABLE,7.0,False,,RESTRUCTURING,RANGE_EXPANSION|VOLUME_EXPANSION|TRADING_VALUE_EXPANSION,UNRESOLVED_STRUCTURE,OBSERVATION_INSUFFICIENT,1,0,1,False,0,2,True,INHERITED_RAW_PRICE_BASIS,True,True
2025-07-15|35410,2025-07-15,35410,10:00,11:30,90,PARTIAL,4,1,,,AVAILABLE,7.0,False,,,,UNRESOLVED_STRUCTURE,WINDOW_OBSERVED,0,0,0,False,0,0,False,INHERITED_RAW_PRICE_BASIS,False,False
2025-07-15|35410,2025-07-15,35410,10:00,12:35,95,COMPLETE,5,0,DOWN,-0.7407407407407407,AVAILABLE,7.0,False,,,,UNRESOLVED_STRUCTURE,WINDOW_OBSERVED,0,0,0,False,2,1,False,INHERITED_RAW_PRICE_BASIS,False,False
2025-07-15|35410,2025-07-15,35410,10:00,12:40,100,COMPLETE,5,0,UP,0.186219739292365,AVAILABLE,7.0,False,,,VOLUME_COMPRESSION|TRADING_VALUE_COMPRESSION,UNRESOLVED_STRUCTURE,WINDOW_OBSERVED,0,1,1,False,0,1,False,INHERITED_RAW_PRICE_BASIS,True,False
2025-07-15|35410,2025-07-15,35410,10:00,12:45,105,COMPLETE,5,0,DOWN,-0.5576208178438662,AVAILABLE,7.0,False,,,,UNRESOLVED_STRUCTURE,WINDOW_OBSERVED,0,1,1,False,1,1,False,INHERITED_RAW_PRICE_BASIS,True,False
2025-07-15|35410,2025-07-15,35410,10:00,12:50,110,COMPLETE,5,0,DOWN,-0.18691588785046728,AVAILABLE,7.0,False,,RECOVERY,,UNRESOLVED_STRUCTURE,WINDOW_OBSERVED,0,1,2,False,3,2,True,INHERITED_RAW_PRICE_BASIS,True,True
2025-07-15|35410,2025-07-15,35410,10:00,12:55,115,COMPLETE,5,0,UP,0.18726591760299627,AVAILABLE,7.0,False,,RECOVERY,,UNRESOLVED_STRUCTURE,OBSERVATION_INSUFFICIENT,1,1,2,False,0,0,True,INHERITED_RAW_PRICE_BASIS,True,False
2025-07-15|35410,2025-07-15,35410,10:00,13:00,120,COMPLETE,5,0,UP,0.9345794392523364,AVAILABLE,7.0,False,RANGE_STRUCTURE,BALANCE,RANGE_EXPANSION,IDENTIFIED,OBSERVATION_INSUFFICIENT,1,0,2,True,0,0,True,INHERITED_RAW_PRICE_BASIS,True,True
2025-07-15|35410,2025-07-15,35410,10:00,13:05,125,PARTIAL,4,1,,,AVAILABLE,7.0,False,,,,UNRESOLVED_STRUCTURE,WINDOW_OBSERVED,0,0,0,False,0,2,False,INHERITED_RAW_PRICE_BASIS,False,False
2025-07-15|35410,2025-07-15,35410,10:00,13:10,130,COMPLETE,5,0,UP,0.5586592178770949,AVAILABLE,7.0,False,,,,UNRESOLVED_STRUCTURE,WINDOW_OBSERVED,0,0,0,False,0,0,False,INHERITED_RAW_PRICE_BASIS,False,False
2025-07-15|35410,2025-07-15,35410,10:00,13:15,135,COMPLETE,5,0,DOWN,-0.18552875695732837,AVAILABLE,7.0,False,,,RANGE_COMPRESSION,UNRESOLVED_STRUCTURE,OBSERVATION_INSUFFICIENT,1,0,0,False,0,0,False,INHERITED_RAW_PRICE_BASIS,True,False
2025-07-15|35410,2025-07-15,35410,10:00,13:20,140,COMPLETE,5,0,DOWN,-0.5576208178438662,AVAILABLE,7.0,False,,,RANGE_EXPANSION,UNRESOLVED_STRUCTURE,OBSERVATION_INSUFFICIENT,1,0,0,False,0,0,False,INHERITED_RAW_PRICE_BASIS,True,False
2025-07-15|35410,2025-07-15,35410,10:00,13:25,145,PARTIAL,4,1,,,AVAILABLE,7.0,False,,,,UNRESOLVED_STRUCTURE,WINDOW_OBSERVED,0,0,0,False,0,0,False,INHERITED_RAW_PRICE_BASIS,False,False
2025-07-15|35410,2025-07-15,35410,10:00,13:30,150,COMPLETE,5,0,UP,0.373134328358209,AVAILABLE,7.0,False,,,,UNRESOLVED_STRUCTURE,WINDOW_OBSERVED,0,0,0,False,0,0,False,INHERITED_RAW_PRICE_BASIS,False,False
2025-07-15|35410,2025-07-15,35410,10:00,13:35,155,COMPLETE,5,0,DOWN,-0.5576208178438662,AVAILABLE,7.0,False,,,RANGE_EXPANSION|VOLUME_EXPANSION|TRADING_VALUE_EXPANSION,UNRESOLVED_STRUCTURE,WINDOW_OBSERVED,0,0,0,False,0,0,False,INHERITED_RAW_PRICE_BASIS,True,False
2025-07-15|35410,2025-07-15,35410,10:00,13:40,160,COMPLETE,5,0,UP,0.37383177570093457,AVAILABLE,7.0,False,,,RANGE_COMPRESSION|VOLUME_COMPRESSION|TRADING_VALUE_COMPRESSION,UNRESOLVED_STRUCTURE,OBSERVATION_INSUFFICIENT,1,1,1,False,0,0,False,INHERITED_RAW_PRICE_BASIS,True,False
2025-07-15|35410,2025-07-15,35410,10:00,13:45,165,COMPLETE,5,0,UP,0.37243947858473,AVAILABLE,7.0,False,,,RANGE_EXPANSION|VOLUME_EXPANSION|TRADING_VALUE_EXPANSION,UNRESOLVED_STRUCTURE,OBSERVATION_INSUFFICIENT,1,0,1,False,0,0,False,INHERITED_RAW_PRICE_BASIS,True,False
2025-07-15|35410,2025-07-15,35410,10:00,13:50,170,PARTIAL,4,1,,,AVAILABLE,7.0,False,,,,UNRESOLVED_STRUCTURE,WINDOW_OBSERVED,0,0,0,False,0,0,False,INHERITED_RAW_PRICE_BASIS,False,False
2025-07-15|35410,2025-07-15,35410,10:00,13:55,175,COMPLETE,5,0,DOWN,-0.18587360594795538,AVAILABLE,7.0,False,,,,UNRESOLVED_STRUCTURE,OBSERVATION_INSUFFICIENT,1,0,0,False,0,0,False,INHERITED_RAW_PRICE_BASIS,False,False
2025-07-15|35410,2025-07-15,35410,10:00,14:00,180,COMPLETE,5,0,DOWN,-0.37243947858473,AVAILABLE,7.0,False,,,RANGE_EXPANSION|VOLUME_EXPANSION|TRADING_VALUE_EXPANSION,UNRESOLVED_STRUCTURE,OBSERVATION_INSUFFICIENT,2,0,0,False,0,0,False,INHERITED_RAW_PRICE_BASIS,True,False
2025-07-15|35410,2025-07-15,35410,10:00,14:05,185,PARTIAL,4,1,,,AVAILABLE,7.0,False,,,,UNRESOLVED_STRUCTURE,OBSERVATION_INSUFFICIENT,1,0,0,False,0,0,False,INHERITED_RAW_PRICE_BASIS,False,False
2025-07-15|35410,2025-07-15,35410,10:00,14:10,190,PARTIAL,4,1,,,AVAILABLE,7.0,False,,,,UNRESOLVED_STRUCTURE,OBSERVATION_INSUFFICIENT,1,0,0,False,0,0,False,INHERITED_RAW_PRICE_BASIS,False,False
2025-07-15|35410,2025-07-15,35410,10:00,14:15,195,COMPLETE,5,0,UP,0.1865671641791045,AVAILABLE,7.0,False,,,,UNRESOLVED_STRUCTURE,OBSERVATION_INSUFFICIENT,1,0,0,False,0,0,False,INHERITED_RAW_PRICE_BASIS,False,False
2025-07-15|35410,2025-07-15,35410,10:00,14:20,200,PARTIAL,4,1,,,AVAILABLE,7.0,False,,,,UNRESOLVED_STRUCTURE,WINDOW_OBSERVED,0,0,0,False,0,0,False,INHERITED_RAW_PRICE_BASIS,False,False
2025-07-15|35410,2025-07-15,35410,10:00,14:25,205,COMPLETE,5,0,DOWN,-0.37383177570093457,AVAILABLE,7.0,False,,,,UNRESOLVED_STRUCTURE,OBSERVATION_INSUFFICIENT,1,0,0,False,0,0,False,INHERITED_RAW_PRICE_BASIS,False,False
2025-07-15|35410,2025-07-15,35410,10:00,14:30,210,COMPLETE,5,0,UP,0.18761726078799248,AVAILABLE,7.0,False,,,,UNRESOLVED_STRUCTURE,OBSERVATION_INSUFFICIENT,1,0,0,False,0,2,False,INHERITED_RAW_PRICE_BASIS,True,False
2025-07-15|35410,2025-07-15,35410,10:00,14:35,215,PARTIAL,4,1,,,AVAILABLE,7.0,False,,,,UNRESOLVED_STRUCTURE,WINDOW_OBSERVED,0,0,0,False,1,1,False,INHERITED_RAW_PRICE_BASIS,False,False
2025-07-15|35410,2025-07-15,35410,10:00,14:40,220,COMPLETE,5,0,UP,0.18761726078799248,AVAILABLE,7.0,False,,,,UNRESOLVED_STRUCTURE,WINDOW_OBSERVED,0,0,0,False,0,0,False,INHERITED_RAW_PRICE_BASIS,False,False
2025-07-15|35410,2025-07-15,35410,10:00,14:45,225,COMPLETE,5,0,UP,0.37453183520599254,AVAILABLE,7.0,False,,,RANGE_EXPANSION,UNRESOLVED_STRUCTURE,WINDOW_OBSERVED,0,0,0,False,0,0,False,INHERITED_RAW_PRICE_BASIS,True,False
2025-07-15|35410,2025-07-15,35410,10:00,14:50,230,COMPLETE,5,0,UNCHANGED,0.0,AVAILABLE,7.0,False,,,RANGE_COMPRESSION,UNRESOLVED_STRUCTURE,WINDOW_OBSERVED,0,0,0,False,0,0,False,INHERITED_RAW_PRICE_BASIS,True,False
2025-07-15|35410,2025-07-15,35410,10:00,14:55,235,COMPLETE,5,0,UP,0.1865671641791045,AVAILABLE,7.0,False,,,RANGE_EXPANSION,UNRESOLVED_STRUCTURE,WINDOW_OBSERVED,0,0,0,False,0,0,False,INHERITED_RAW_PRICE_BASIS,True,False
2025-07-15|35410,2025-07-15,35410,10:00,15:00,240,COMPLETE,5,0,DOWN,-0.186219739292365,AVAILABLE,7.0,False,,,,UNRESOLVED_STRUCTURE,OBSERVATION_INSUFFICIENT,1,0,0,False,0,0,False,INHERITED_RAW_PRICE_BASIS,True,False
2025-07-15|35410,2025-07-15,35410,10:00,15:05,245,COMPLETE,5,0,UNCHANGED,0.0,AVAILABLE,7.0,False,RANGE_STRUCTURE,BALANCE,VOLUME_EXPANSION|TRADING_VALUE_EXPANSION,IDENTIFIED,OBSERVATION_INSUFFICIENT,1,0,0,True,0,0,True,INHERITED_RAW_PRICE_BASIS,True,True
2025-07-15|35410,2025-07-15,35410,10:00,15:10,250,PARTIAL,4,1,,,AVAILABLE,7.0,False,,,,UNRESOLVED_STRUCTURE,OBSERVATION_INSUFFICIENT,1,0,0,False,0,0,False,INHERITED_RAW_PRICE_BASIS,False,False
2025-07-15|35410,2025-07-15,35410,10:00,15:15,255,COMPLETE,5,0,UP,0.37453183520599254,AVAILABLE,7.0,False,,,,UNRESOLVED_STRUCTURE,OBSERVATION_INSUFFICIENT,1,0,0,False,0,0,False,INHERITED_RAW_PRICE_BASIS,False,False
2025-07-15|35410,2025-07-15,35410,10:00,15:20,260,PARTIAL,4,1,,,AVAILABLE,7.0,False,,,,UNRESOLVED_STRUCTURE,RIGHT_CENSORED,0,1,1,False,0,0,False,INHERITED_RAW_PRICE_BASIS,False,False
2025-07-15|35410,2025-07-15,35410,10:00,15:25,265,COMPLETE,5,0,DOWN,-1.3108614232209739,AVAILABLE,7.0,False,,,,UNRESOLVED_STRUCTURE,RIGHT_CENSORED,0,0,1,False,0,1,False,INHERITED_RAW_PRICE_BASIS,False,False
2025-07-15|36710,2025-07-15,36710,10:30,10:30,0,PARTIAL,4,1,,,SCALE_INSUFFICIENT,,False,,,,SCALE_UNAVAILABLE,OBSERVATION_INSUFFICIENT,4,0,0,False,0,0,False,INHERITED_RAW_PRICE_BASIS,False,False
2025-07-15|36710,2025-07-15,36710,10:30,10:35,5,PARTIAL,1,4,,,SCALE_INSUFFICIENT,,False,,,,CURRENT_BAR_UNAVAILABLE,OBSERVATION_INSUFFICIENT,1,0,0,False,0,0,False,INHERITED_RAW_PRICE_BASIS,False,False
2025-07-15|36710,2025-07-15,36710,10:30,10:40,10,COMPLETE,5,0,UP,1.5060240963855422,SCALE_INSUFFICIENT,,False,,,,SCALE_UNAVAILABLE,OBSERVATION_INSUFFICIENT,3,0,0,False,0,0,False,INHERITED_RAW_PRICE_BASIS,False,False
2025-07-15|36710,2025-07-15,36710,10:30,10:45,15,PARTIAL,4,1,,,SCALE_INSUFFICIENT,,False,,,,SCALE_UNAVAILABLE,OBSERVATION_INSUFFICIENT,4,0,0,False,0,0,False,INHERITED_RAW_PRICE_BASIS,False,False
2025-07-15|36710,2025-07-15,36710,10:30,10:50,20,PARTIAL,3,2,,,SCALE_INSUFFICIENT,,False,,,,CURRENT_BAR_UNAVAILABLE,OBSERVATION_INSUFFICIENT,5,0,0,False,0,0,False,INHERITED_RAW_PRICE_BASIS,False,False
2025-07-15|36710,2025-07-15,36710,10:30,10:55,25,PARTIAL,3,2,,,SCALE_INSUFFICIENT,,False,,,,CURRENT_BAR_UNAVAILABLE,OBSERVATION_INSUFFICIENT,5,0,0,False,0,0,False,INHERITED_RAW_PRICE_BASIS,False,False
2025-07-15|36710,2025-07-15,36710,10:30,11:00,30,PARTIAL,2,3,,,SCALE_INSUFFICIENT,,False,,,,SCALE_UNAVAILABLE,OBSERVATION_INSUFFICIENT,4,0,0,False,0,0,False,INHERITED_RAW_PRICE_BASIS,False,False
2025-07-15|36710,2025-07-15,36710,10:30,11:05,35,PARTIAL,3,2,,,SCALE_INSUFFICIENT,,False,,,,CURRENT_BAR_UNAVAILABLE,OBSERVATION_INSUFFICIENT,6,0,0,False,0,0,False,INHERITED_RAW_PRICE_BASIS,False,False
2025-07-15|36710,2025-07-15,36710,10:30,11:10,40,PARTIAL,3,2,,,SCALE_INSUFFICIENT,,False,,,,SCALE_UNAVAILABLE,OBSERVATION_INSUFFICIENT,6,0,0,False,0,0,False,INHERITED_RAW_PRICE_BASIS,False,False
2025-07-15|36710,2025-07-15,36710,10:30,11:15,45,PARTIAL,1,4,,,SCALE_INSUFFICIENT,,False,,,,CURRENT_BAR_UNAVAILABLE,OBSERVATION_INSUFFICIENT,5,0,0,False,0,0,False,INHERITED_RAW_PRICE_BASIS,False,False
2025-07-15|36710,2025-07-15,36710,10:30,11:20,50,PARTIAL,3,2,,,SCALE_INSUFFICIENT,,False,,,,CURRENT_BAR_UNAVAILABLE,OBSERVATION_INSUFFICIENT,7,0,0,False,0,1,False,INHERITED_RAW_PRICE_BASIS,False,False
2025-07-15|36710,2025-07-15,36710,10:30,11:25,55,PARTIAL,2,3,,,SCALE_INSUFFICIENT,,False,,,,SCALE_UNAVAILABLE,OBSERVATION_INSUFFICIENT,5,0,0,False,0,0,False,INHERITED_RAW_PRICE_BASIS,False,False
2025-07-15|36710,2025-07-15,36710,10:30,11:30,60,PARTIAL,1,4,,,SCALE_INSUFFICIENT,,False,,,,CURRENT_BAR_UNAVAILABLE,OBSERVATION_INSUFFICIENT,4,0,0,False,0,0,False,INHERITED_RAW_PRICE_BASIS,False,False
2025-07-15|36710,2025-07-15,36710,10:30,12:35,65,PARTIAL,4,1,,,SCALE_INSUFFICIENT,,False,,,,CURRENT_BAR_UNAVAILABLE,OBSERVATION_INSUFFICIENT,5,0,0,False,0,0,False,INHERITED_RAW_PRICE_BASIS,False,False
2025-07-15|36710,2025-07-15,36710,10:30,12:40,70,PARTIAL,2,3,,,SCALE_INSUFFICIENT,,False,,,,SCALE_UNAVAILABLE,OBSERVATION_INSUFFICIENT,4,0,0,False,0,0,False,INHERITED_RAW_PRICE_BASIS,False,False
2025-07-15|36710,2025-07-15,36710,10:30,12:45,75,PARTIAL,3,2,,,SCALE_INSUFFICIENT,,False,,,,SCALE_UNAVAILABLE,OBSERVATION_INSUFFICIENT,2,0,0,False,0,0,False,INHERITED_RAW_PRICE_BASIS,False,False
2025-07-15|36710,2025-07-15,36710,10:30,12:50,80,PARTIAL,3,2,,,SCALE_INSUFFICIENT,,False,,,,SCALE_UNAVAILABLE,OBSERVATION_INSUFFICIENT,1,0,0,False,0,0,False,INHERITED_RAW_PRICE_BASIS,False,False
2025-07-15|36710,2025-07-15,36710,10:30,12:55,85,COMPLETE,5,0,UP,0.30120481927710846,SCALE_INSUFFICIENT,,False,,,,SCALE_UNAVAILABLE,OBSERVATION_INSUFFICIENT,2,0,0,False,0,0,False,INHERITED_RAW_PRICE_BASIS,False,False
2025-07-15|36710,2025-07-15,36710,10:30,13:00,90,PARTIAL,4,1,,,SCALE_INSUFFICIENT,,False,,,,CURRENT_BAR_UNAVAILABLE,OBSERVATION_INSUFFICIENT,4,0,0,False,0,0,False,INHERITED_RAW_PRICE_BASIS,False,False
2025-07-15|36710,2025-07-15,36710,10:30,13:05,95,PARTIAL,4,1,,,SCALE_INSUFFICIENT,,False,,,,CURRENT_BAR_UNAVAILABLE,OBSERVATION_INSUFFICIENT,6,0,0,False,0,0,False,INHERITED_RAW_PRICE_BASIS,False,False
2025-07-15|36710,2025-07-15,36710,10:30,13:10,100,PARTIAL,2,3,,,SCALE_INSUFFICIENT,,False,,,,CURRENT_BAR_UNAVAILABLE,OBSERVATION_INSUFFICIENT,5,0,0,False,0,0,False,INHERITED_RAW_PRICE_BASIS,False,False
2025-07-15|36710,2025-07-15,36710,10:30,13:15,105,PARTIAL,2,3,,,SCALE_INSUFFICIENT,,False,,,,SCALE_UNAVAILABLE,OBSERVATION_INSUFFICIENT,4,0,0,False,0,0,False,INHERITED_RAW_PRICE_BASIS,False,False
2025-07-15|36710,2025-07-15,36710,10:30,13:20,110,PARTIAL,3,2,,,SCALE_INSUFFICIENT,,False,,,,SCALE_UNAVAILABLE,OBSERVATION_INSUFFICIENT,4,0,0,False,0,1,False,INHERITED_RAW_PRICE_BASIS,False,False
2025-07-15|36710,2025-07-15,36710,10:30,13:25,115,PARTIAL,3,2,,,SCALE_INSUFFICIENT,,False,,,,CURRENT_BAR_UNAVAILABLE,OBSERVATION_INSUFFICIENT,6,0,0,False,0,1,False,INHERITED_RAW_PRICE_BASIS,False,False
2025-07-15|36710,2025-07-15,36710,10:30,13:30,120,PARTIAL,3,2,,,SCALE_INSUFFICIENT,,False,,,,SCALE_UNAVAILABLE,OBSERVATION_INSUFFICIENT,7,0,0,False,0,0,False,INHERITED_RAW_PRICE_BASIS,False,False
2025-07-15|36710,2025-07-15,36710,10:30,13:35,125,PARTIAL,1,4,,,SCALE_INSUFFICIENT,,False,,,,CURRENT_BAR_UNAVAILABLE,OBSERVATION_INSUFFICIENT,4,0,0,False,0,0,False,INHERITED_RAW_PRICE_BASIS,False,False
2025-07-15|36710,2025-07-15,36710,10:30,13:40,130,PARTIAL,2,3,,,SCALE_INSUFFICIENT,,False,,,,SCALE_UNAVAILABLE,OBSERVATION_INSUFFICIENT,4,0,0,False,0,0,False,INHERITED_RAW_PRICE_BASIS,False,False
2025-07-15|36710,2025-07-15,36710,10:30,13:45,135,PARTIAL,4,1,,,SCALE_INSUFFICIENT,,False,,,,SCALE_UNAVAILABLE,OBSERVATION_INSUFFICIENT,7,0,0,False,0,0,False,INHERITED_RAW_PRICE_BASIS,False,False
2025-07-15|36710,2025-07-15,36710,10:30,13:50,140,PARTIAL,2,3,,,SCALE_INSUFFICIENT,,False,,,,CURRENT_BAR_UNAVAILABLE,OBSERVATION_INSUFFICIENT,5,0,0,False,0,0,False,INHERITED_RAW_PRICE_BASIS,False,False
2025-07-15|36710,2025-07-15,36710,10:30,13:55,145,PARTIAL,1,4,,,SCALE_INSUFFICIENT,,False,,,,CURRENT_BAR_UNAVAILABLE,OBSERVATION_INSUFFICIENT,3,0,0,False,0,0,False,INHERITED_RAW_PRICE_BASIS,False,False
2025-07-15|36710,2025-07-15,36710,10:30,14:00,150,PARTIAL,4,1,,,SCALE_INSUFFICIENT,,False,,,,SCALE_UNAVAILABLE,OBSERVATION_INSUFFICIENT,7,0,0,False,0,0,False,INHERITED_RAW_PRICE_BASIS,False,False
2025-07-15|36710,2025-07-15,36710,10:30,14:05,155,PARTIAL,3,2,,,SCALE_INSUFFICIENT,,False,,,,SCALE_UNAVAILABLE,OBSERVATION_INSUFFICIENT,9,0,0,False,0,0,False,INHERITED_RAW_PRICE_BASIS,False,False
2025-07-15|36710,2025-07-15,36710,10:30,14:10,160,UNAVAILABLE,0,5,,,SCALE_INSUFFICIENT,,False,,,,CURRENT_BAR_UNAVAILABLE,OBSERVATION_INSUFFICIENT,6,0,0,False,0,0,False,INHERITED_RAW_PRICE_BASIS,False,False
2025-07-15|36710,2025-07-15,36710,10:30,14:15,165,PARTIAL,1,4,,,SCALE_INSUFFICIENT,,False,,,,SCALE_UNAVAILABLE,OBSERVATION_INSUFFICIENT,3,0,0,False,0,0,False,INHERITED_RAW_PRICE_BASIS,False,False
2025-07-15|36710,2025-07-15,36710,10:30,14:20,170,PARTIAL,3,2,,,SCALE_INSUFFICIENT,,False,,,,SCALE_UNAVAILABLE,OBSERVATION_INSUFFICIENT,5,0,0,False,0,0,False,INHERITED_RAW_PRICE_BASIS,False,False
2025-07-15|36710,2025-07-15,36710,10:30,14:25,175,PARTIAL,4,1,,,SCALE_INSUFFICIENT,,False,,,,SCALE_UNAVAILABLE,OBSERVATION_INSUFFICIENT,6,0,0,False,0,1,False,INHERITED_RAW_PRICE_BASIS,False,False
2025-07-15|36710,2025-07-15,36710,10:30,14:30,180,PARTIAL,1,4,,,SCALE_INSUFFICIENT,,False,,,,SCALE_UNAVAILABLE,OBSERVATION_INSUFFICIENT,4,0,0,False,0,0,False,INHERITED_RAW_PRICE_BASIS,False,False
2025-07-15|36710,2025-07-15,36710,10:30,14:35,185,PARTIAL,3,2,,,SCALE_INSUFFICIENT,,False,,,,SCALE_UNAVAILABLE,OBSERVATION_INSUFFICIENT,2,0,0,False,0,0,False,INHERITED_RAW_PRICE_BASIS,False,False
2025-07-15|36710,2025-07-15,36710,10:30,14:40,190,PARTIAL,3,2,,,SCALE_INSUFFICIENT,,False,,,,SCALE_UNAVAILABLE,OBSERVATION_INSUFFICIENT,2,0,0,False,0,1,False,INHERITED_RAW_PRICE_BASIS,False,False
2025-07-15|36710,2025-07-15,36710,10:30,14:45,195,COMPLETE,5,0,DOWN,-0.9259259259259259,SCALE_INSUFFICIENT,,False,,,,SCALE_UNAVAILABLE,OBSERVATION_INSUFFICIENT,5,0,0,False,0,1,False,INHERITED_RAW_PRICE_BASIS,False,False
2025-07-15|36710,2025-07-15,36710,10:30,14:50,200,PARTIAL,3,2,,,SCALE_INSUFFICIENT,,False,,,,SCALE_UNAVAILABLE,OBSERVATION_INSUFFICIENT,7,0,0,False,0,1,False,INHERITED_RAW_PRICE_BASIS,False,False
2025-07-15|36710,2025-07-15,36710,10:30,14:55,205,PARTIAL,2,3,,,SCALE_INSUFFICIENT,,False,,,,SCALE_UNAVAILABLE,OBSERVATION_INSUFFICIENT,5,0,0,False,0,0,False,INHERITED_RAW_PRICE_BASIS,False,False
2025-07-15|36710,2025-07-15,36710,10:30,15:00,210,PARTIAL,1,4,,,SCALE_INSUFFICIENT,,False,,,,CURRENT_BAR_UNAVAILABLE,OBSERVATION_INSUFFICIENT,3,0,0,False,0,0,False,INHERITED_RAW_PRICE_BASIS,False,False
2025-07-15|36710,2025-07-15,36710,10:30,15:05,215,PARTIAL,4,1,,,SCALE_INSUFFICIENT,,False,,,,CURRENT_BAR_UNAVAILABLE,OBSERVATION_INSUFFICIENT,6,0,0,False,0,0,False,INHERITED_RAW_PRICE_BASIS,False,False
2025-07-15|36710,2025-07-15,36710,10:30,15:10,220,PARTIAL,3,2,,,SCALE_INSUFFICIENT,,False,,,,SCALE_UNAVAILABLE,OBSERVATION_INSUFFICIENT,8,0,0,False,0,0,False,INHERITED_RAW_PRICE_BASIS,False,False
2025-07-15|36710,2025-07-15,36710,10:30,15:15,225,PARTIAL,1,4,,,SCALE_INSUFFICIENT,,False,,,,CURRENT_BAR_UNAVAILABLE,OBSERVATION_INSUFFICIENT,5,0,0,False,0,0,False,INHERITED_RAW_PRICE_BASIS,False,False
2025-07-15|36710,2025-07-15,36710,10:30,15:20,230,PARTIAL,1,4,,,SCALE_INSUFFICIENT,,False,,,,CURRENT_BAR_UNAVAILABLE,RIGHT_CENSORED,1,0,0,False,0,0,False,INHERITED_RAW_PRICE_BASIS,False,False
2025-07-15|36710,2025-07-15,36710,10:30,15:25,235,PARTIAL,4,1,,,SCALE_INSUFFICIENT,,False,,,,SCALE_UNAVAILABLE,RIGHT_CENSORED,0,0,0,False,0,0,False,INHERITED_RAW_PRICE_BASIS,False,False
2025-07-15|38030,2025-07-15,38030,11:30,11:30,0,PARTIAL,1,4,,,SCALE_INSUFFICIENT,,False,,,,SCALE_UNAVAILABLE,OBSERVATION_INSUFFICIENT,9,0,0,False,0,0,False,INHERITED_RAW_PRICE_BASIS,False,False
2025-07-15|38030,2025-07-15,38030,11:30,12:35,5,PARTIAL,1,4,,,SCALE_INSUFFICIENT,,False,,,,CURRENT_BAR_UNAVAILABLE,OBSERVATION_INSUFFICIENT,10,0,0,False,0,0,False,INHERITED_RAW_PRICE_BASIS,False,False
2025-07-15|38030,2025-07-15,38030,11:30,12:40,10,UNAVAILABLE,0,5,,,SCALE_INSUFFICIENT,,False,,,,CURRENT_BAR_UNAVAILABLE,OBSERVATION_INSUFFICIENT,8,0,0,False,0,0,False,INHERITED_RAW_PRICE_BASIS,False,False
2025-07-15|38030,2025-07-15,38030,11:30,12:45,15,UNAVAILABLE,0,5,,,SCALE_INSUFFICIENT,,False,,,,CURRENT_BAR_UNAVAILABLE,OBSERVATION_INSUFFICIENT,6,0,0,False,0,0,False,INHERITED_RAW_PRICE_BASIS,False,False
2025-07-15|38030,2025-07-15,38030,11:30,12:50,20,PARTIAL,2,3,,,SCALE_INSUFFICIENT,,False,,,,CURRENT_BAR_UNAVAILABLE,OBSERVATION_INSUFFICIENT,8,0,0,False,0,0,False,INHERITED_RAW_PRICE_BASIS,False,False
2025-07-15|38030,2025-07-15,38030,11:30,12:55,25,PARTIAL,2,3,,,SCALE_INSUFFICIENT,,False,,,,CURRENT_BAR_UNAVAILABLE,OBSERVATION_INSUFFICIENT,9,0,0,False,0,0,False,INHERITED_RAW_PRICE_BASIS,False,False
2025-07-15|38030,2025-07-15,38030,11:30,13:00,30,UNAVAILABLE,0,5,,,SCALE_INSUFFICIENT,,False,,,,CURRENT_BAR_UNAVAILABLE,OBSERVATION_INSUFFICIENT,9,0,0,False,0,0,False,INHERITED_RAW_PRICE_BASIS,False,False
2025-07-15|38030,2025-07-15,38030,11:30,13:05,35,PARTIAL,1,4,,,SCALE_INSUFFICIENT,,False,,,,CURRENT_BAR_UNAVAILABLE,OBSERVATION_INSUFFICIENT,10,0,0,False,0,0,False,INHERITED_RAW_PRICE_BASIS,False,False
2025-07-15|38030,2025-07-15,38030,11:30,13:10,40,UNAVAILABLE,0,5,,,SCALE_INSUFFICIENT,,False,,,,CURRENT_BAR_UNAVAILABLE,OBSERVATION_INSUFFICIENT,10,0,0,False,0,0,False,INHERITED_RAW_PRICE_BASIS,False,False
2025-07-15|38030,2025-07-15,38030,11:30,13:15,45,UNAVAILABLE,0,5,,,SCALE_INSUFFICIENT,,False,,,,CURRENT_BAR_UNAVAILABLE,OBSERVATION_INSUFFICIENT,10,0,0,False,0,0,False,INHERITED_RAW_PRICE_BASIS,False,False
2025-07-15|38030,2025-07-15,38030,11:30,13:20,50,UNAVAILABLE,0,5,,,SCALE_INSUFFICIENT,,False,,,,CURRENT_BAR_UNAVAILABLE,OBSERVATION_INSUFFICIENT,10,0,0,False,0,0,False,INHERITED_RAW_PRICE_BASIS,False,False
2025-07-15|38030,2025-07-15,38030,11:30,13:25,55,UNAVAILABLE,0,5,,,SCALE_INSUFFICIENT,,False,,,,CURRENT_BAR_UNAVAILABLE,OBSERVATION_INSUFFICIENT,10,0,0,False,0,0,False,INHERITED_RAW_PRICE_BASIS,False,False
2025-07-15|38030,2025-07-15,38030,11:30,13:30,60,UNAVAILABLE,0,5,,,SCALE_INSUFFICIENT,,False,,,,CURRENT_BAR_UNAVAILABLE,OBSERVATION_INSUFFICIENT,9,0,0,False,0,0,False,INHERITED_RAW_PRICE_BASIS,False,False
2025-07-15|38030,2025-07-15,38030,11:30,13:35,65,UNAVAILABLE,0,5,,,SCALE_INSUFFICIENT,,False,,,,CURRENT_BAR_UNAVAILABLE,OBSERVATION_INSUFFICIENT,9,0,0,False,0,0,False,INHERITED_RAW_PRICE_BASIS,False,False
2025-07-15|38030,2025-07-15,38030,11:30,13:40,70,PARTIAL,1,4,,,SCALE_INSUFFICIENT,,False,,,,CURRENT_BAR_UNAVAILABLE,OBSERVATION_INSUFFICIENT,10,0,0,False,0,0,False,INHERITED_RAW_PRICE_BASIS,False,False
2025-07-15|38030,2025-07-15,38030,11:30,13:45,75,UNAVAILABLE,0,5,,,SCALE_INSUFFICIENT,,False,,,,CURRENT_BAR_UNAVAILABLE,OBSERVATION_INSUFFICIENT,8,0,0,False,0,0,False,INHERITED_RAW_PRICE_BASIS,False,False
2025-07-15|38030,2025-07-15,38030,11:30,13:50,80,UNAVAILABLE,0,5,,,SCALE_INSUFFICIENT,,False,,,,CURRENT_BAR_UNAVAILABLE,OBSERVATION_INSUFFICIENT,8,0,0,False,0,0,False,INHERITED_RAW_PRICE_BASIS,False,False
2025-07-15|38030,2025-07-15,38030,11:30,13:55,85,PARTIAL,2,3,,,SCALE_INSUFFICIENT,,False,,,,SCALE_UNAVAILABLE,OBSERVATION_INSUFFICIENT,10,0,0,False,0,0,False,INHERITED_RAW_PRICE_BASIS,False,False
2025-07-15|38030,2025-07-15,38030,11:30,14:00,90,UNAVAILABLE,0,5,,,SCALE_INSUFFICIENT,,False,,,,CURRENT_BAR_UNAVAILABLE,OBSERVATION_INSUFFICIENT,10,0,0,False,0,0,False,INHERITED_RAW_PRICE_BASIS,False,False
2025-07-15|38030,2025-07-15,38030,11:30,14:05,95,UNAVAILABLE,0,5,,,SCALE_INSUFFICIENT,,False,,,,CURRENT_BAR_UNAVAILABLE,OBSERVATION_INSUFFICIENT,10,0,0,False,0,0,False,INHERITED_RAW_PRICE_BASIS,False,False
2025-07-15|38030,2025-07-15,38030,11:30,14:10,100,UNAVAILABLE,0,5,,,SCALE_INSUFFICIENT,,False,,,,CURRENT_BAR_UNAVAILABLE,OBSERVATION_INSUFFICIENT,10,0,0,False,0,0,False,INHERITED_RAW_PRICE_BASIS,False,False
2025-07-15|38030,2025-07-15,38030,11:30,14:15,105,UNAVAILABLE,0,5,,,SCALE_INSUFFICIENT,,False,,,,CURRENT_BAR_UNAVAILABLE,OBSERVATION_INSUFFICIENT,9,0,0,False,0,0,False,INHERITED_RAW_PRICE_BASIS,False,False
2025-07-15|38030,2025-07-15,38030,11:30,14:20,110,UNAVAILABLE,0,5,,,SCALE_INSUFFICIENT,,False,,,,CURRENT_BAR_UNAVAILABLE,OBSERVATION_INSUFFICIENT,8,0,0,False,0,0,False,INHERITED_RAW_PRICE_BASIS,False,False
2025-07-15|38030,2025-07-15,38030,11:30,14:25,115,PARTIAL,1,4,,,SCALE_INSUFFICIENT,,False,,,,SCALE_UNAVAILABLE,OBSERVATION_INSUFFICIENT,6,0,0,False,0,0,False,INHERITED_RAW_PRICE_BASIS,False,False
2025-07-15|38030,2025-07-15,38030,11:30,14:30,120,PARTIAL,1,4,,,SCALE_INSUFFICIENT,,False,,,,CURRENT_BAR_UNAVAILABLE,OBSERVATION_INSUFFICIENT,2,0,0,False,0,0,False,INHERITED_RAW_PRICE_BASIS,False,False
2025-07-15|38030,2025-07-15,38030,11:30,14:35,125,PARTIAL,3,2,,,SCALE_INSUFFICIENT,,False,,,,SCALE_UNAVAILABLE,WINDOW_OBSERVED,0,0,0,False,0,0,False,INHERITED_RAW_PRICE_BASIS,False,False
2025-07-15|38030,2025-07-15,38030,11:30,14:40,130,COMPLETE,5,0,UP,8.0,SCALE_INSUFFICIENT,,False,,,,SCALE_UNAVAILABLE,OBSERVATION_INSUFFICIENT,3,0,0,False,0,4,False,INHERITED_RAW_PRICE_BASIS,False,False
2025-07-15|38030,2025-07-15,38030,11:30,14:45,135,COMPLETE,5,0,UP,4.4753086419753085,SCALE_INSUFFICIENT,,False,,,VOLUME_EXPANSION|TRADING_VALUE_EXPANSION,SCALE_UNAVAILABLE,OBSERVATION_INSUFFICIENT,3,0,0,False,3,2,False,INHERITED_RAW_PRICE_BASIS,True,False
2025-07-15|38030,2025-07-15,38030,11:30,14:50,140,PARTIAL,2,3,,,SCALE_INSUFFICIENT,,False,,,,SCALE_UNAVAILABLE,WINDOW_OBSERVED,0,0,0,False,0,0,False,INHERITED_RAW_PRICE_BASIS,False,False
2025-07-15|38030,2025-07-15,38030,11:30,14:55,145,COMPLETE,5,0,DOWN,-0.6116207951070336,SCALE_INSUFFICIENT,,False,,,,SCALE_UNAVAILABLE,OBSERVATION_INSUFFICIENT,1,0,0,False,0,0,False,INHERITED_RAW_PRICE_BASIS,False,False
2025-07-15|38030,2025-07-15,38030,11:30,15:00,150,COMPLETE,5,0,DOWN,-1.386748844375963,SCALE_INSUFFICIENT,,False,,,RANGE_COMPRESSION|VOLUME_COMPRESSION|TRADING_VALUE_COMPRESSION,SCALE_UNAVAILABLE,OBSERVATION_INSUFFICIENT,1,0,0,False,0,0,False,INHERITED_RAW_PRICE_BASIS,True,False
2025-07-15|38030,2025-07-15,38030,11:30,15:05,155,PARTIAL,4,1,,,SCALE_INSUFFICIENT,,False,,,,CURRENT_BAR_UNAVAILABLE,WINDOW_OBSERVED,0,0,0,False,0,0,False,INHERITED_RAW_PRICE_BASIS,False,False
2025-07-15|38030,2025-07-15,38030,11:30,15:10,160,COMPLETE,5,0,DOWN,-0.3115264797507788,SCALE_INSUFFICIENT,,False,,,,SCALE_UNAVAILABLE,OBSERVATION_INSUFFICIENT,1,0,0,False,0,0,False,INHERITED_RAW_PRICE_BASIS,False,False
2025-07-15|38030,2025-07-15,38030,11:30,15:15,165,COMPLETE,5,0,UP,2.329192546583851,SCALE_INSUFFICIENT,,False,,,VOLUME_EXPANSION|TRADING_VALUE_EXPANSION,SCALE_UNAVAILABLE,OBSERVATION_INSUFFICIENT,1,0,0,False,0,0,False,INHERITED_RAW_PRICE_BASIS,True,False
2025-07-15|38030,2025-07-15,38030,11:30,15:20,170,PARTIAL,4,1,,,SCALE_INSUFFICIENT,,False,,,,SCALE_UNAVAILABLE,RIGHT_CENSORED,0,0,0,False,0,0,False,INHERITED_RAW_PRICE_BASIS,False,False
2025-07-15|38030,2025-07-15,38030,11:30,15:25,175,COMPLETE,5,0,DOWN,-1.1904761904761905,SCALE_INSUFFICIENT,,False,,,,SCALE_UNAVAILABLE,RIGHT_CENSORED,0,0,0,False,0,0,False,INHERITED_RAW_PRICE_BASIS,False,False
2025-07-15|39400,2025-07-15,39400,15:00,15:00,0,PARTIAL,3,2,,,SCALE_INSUFFICIENT,,False,,,,SCALE_UNAVAILABLE,OBSERVATION_INSUFFICIENT,3,0,0,False,0,0,False,INHERITED_RAW_PRICE_BASIS,False,False
2025-07-15|39400,2025-07-15,39400,15:00,15:05,5,PARTIAL,2,3,,,SCALE_INSUFFICIENT,,False,,,,CURRENT_BAR_UNAVAILABLE,OBSERVATION_INSUFFICIENT,1,0,0,False,0,0,False,INHERITED_RAW_PRICE_BASIS,False,False
2025-07-15|39400,2025-07-15,39400,15:00,15:10,10,COMPLETE,5,0,DOWN,-0.7352941176470589,SCALE_INSUFFICIENT,,False,,,,SCALE_UNAVAILABLE,OBSERVATION_INSUFFICIENT,2,0,0,False,0,0,False,INHERITED_RAW_PRICE_BASIS,False,False
2025-07-15|39400,2025-07-15,39400,15:00,15:15,15,PARTIAL,4,1,,,SCALE_INSUFFICIENT,,False,,,,SCALE_UNAVAILABLE,OBSERVATION_INSUFFICIENT,2,0,0,False,0,0,False,INHERITED_RAW_PRICE_BASIS,False,False
2025-07-15|39400,2025-07-15,39400,15:00,15:20,20,PARTIAL,4,1,,,SCALE_INSUFFICIENT,,False,,,,SCALE_UNAVAILABLE,RIGHT_CENSORED,1,0,0,False,0,0,False,INHERITED_RAW_PRICE_BASIS,False,False
2025-07-15|39400,2025-07-15,39400,15:00,15:25,25,PARTIAL,4,1,,,SCALE_INSUFFICIENT,,False,,,,CURRENT_BAR_UNAVAILABLE,RIGHT_CENSORED,0,0,0,False,0,0,False,INHERITED_RAW_PRICE_BASIS,False,False
2025-07-15|44340,2025-07-15,44340,13:00,13:00,0,COMPLETE,5,0,DOWN,-0.04830917874396135,SCALE_INSUFFICIENT,,False,,,,SCALE_UNAVAILABLE,OBSERVATION_INSUFFICIENT,1,0,0,False,2,2,False,INHERITED_RAW_PRICE_BASIS,False,False
2025-07-15|44340,2025-07-15,44340,13:00,13:05,5,PARTIAL,4,1,,,SCALE_INSUFFICIENT,,False,,,,SCALE_UNAVAILABLE,WINDOW_OBSERVED,0,0,0,False,1,0,False,INHERITED_RAW_PRICE_BASIS,False,False
2025-07-15|44340,2025-07-15,44340,13:00,13:10,10,COMPLETE,5,0,UP,0.24096385542168675,SCALE_INSUFFICIENT,,False,,,,SCALE_UNAVAILABLE,WINDOW_OBSERVED,0,0,0,False,0,0,False,INHERITED_RAW_PRICE_BASIS,False,False
2025-07-15|44340,2025-07-15,44340,13:00,13:15,15,COMPLETE,5,0,UP,0.33653846153846156,SCALE_INSUFFICIENT,,False,,,,SCALE_UNAVAILABLE,WINDOW_OBSERVED,0,0,0,False,0,0,False,INHERITED_RAW_PRICE_BASIS,True,False
2025-07-15|44340,2025-07-15,44340,13:00,13:20,20,COMPLETE,5,0,UP,0.8624820316243411,SCALE_INSUFFICIENT,,False,,,,SCALE_UNAVAILABLE,OBSERVATION_INSUFFICIENT,2,0,0,False,0,0,False,INHERITED_RAW_PRICE_BASIS,True,False
2025-07-15|44340,2025-07-15,44340,13:00,13:25,25,COMPLETE,5,0,DOWN,-0.19011406844106463,SCALE_INSUFFICIENT,,False,,,RANGE_COMPRESSION|VOLUME_COMPRESSION|TRADING_VALUE_COMPRESSION,SCALE_UNAVAILABLE,OBSERVATION_INSUFFICIENT,4,0,0,False,0,0,False,INHERITED_RAW_PRICE_BASIS,True,False
2025-07-15|44340,2025-07-15,44340,13:00,13:30,30,PARTIAL,3,2,,,SCALE_INSUFFICIENT,,False,,,,SCALE_UNAVAILABLE,OBSERVATION_INSUFFICIENT,4,0,0,False,0,0,False,INHERITED_RAW_PRICE_BASIS,False,False
2025-07-15|44340,2025-07-15,44340,13:00,13:35,35,PARTIAL,3,2,,,SCALE_INSUFFICIENT,,False,,,,CURRENT_BAR_UNAVAILABLE,OBSERVATION_INSUFFICIENT,3,0,0,False,0,0,False,INHERITED_RAW_PRICE_BASIS,False,False
2025-07-15|44340,2025-07-15,44340,13:00,13:40,40,PARTIAL,3,2,,,SCALE_INSUFFICIENT,,False,,,,CURRENT_BAR_UNAVAILABLE,OBSERVATION_INSUFFICIENT,2,0,0,False,0,0,False,INHERITED_RAW_PRICE_BASIS,False,False
2025-07-15|44340,2025-07-15,44340,13:00,13:45,45,PARTIAL,4,1,,,SCALE_INSUFFICIENT,,False,,,,SCALE_UNAVAILABLE,OBSERVATION_INSUFFICIENT,1,0,0,False,0,0,False,INHERITED_RAW_PRICE_BASIS,False,False
2025-07-15|44340,2025-07-15,44340,13:00,13:50,50,PARTIAL,4,1,,,SCALE_INSUFFICIENT,,False,,,,CURRENT_BAR_UNAVAILABLE,OBSERVATION_INSUFFICIENT,1,0,0,False,0,0,False,INHERITED_RAW_PRICE_BASIS,False,False
2025-07-15|44340,2025-07-15,44340,13:00,13:55,55,COMPLETE,5,0,UP,0.8102955195424214,SCALE_INSUFFICIENT,,False,,,,SCALE_UNAVAILABLE,OBSERVATION_INSUFFICIENT,3,0,0,False,0,0,False,INHERITED_RAW_PRICE_BASIS,False,False
2025-07-15|44340,2025-07-15,44340,13:00,14:00,60,PARTIAL,4,1,,,SCALE_INSUFFICIENT,,False,,,,SCALE_UNAVAILABLE,OBSERVATION_INSUFFICIENT,3,0,0,False,0,0,False,INHERITED_RAW_PRICE_BASIS,False,False
2025-07-15|44340,2025-07-15,44340,13:00,14:05,65,PARTIAL,3,2,,,SCALE_INSUFFICIENT,,False,,,,SCALE_UNAVAILABLE,OBSERVATION_INSUFFICIENT,2,0,0,False,0,0,False,INHERITED_RAW_PRICE_BASIS,False,False
2025-07-15|44340,2025-07-15,44340,13:00,14:10,70,PARTIAL,4,1,,,SCALE_INSUFFICIENT,,False,,,,SCALE_UNAVAILABLE,OBSERVATION_INSUFFICIENT,2,0,0,False,0,0,False,INHERITED_RAW_PRICE_BASIS,False,False
2025-07-15|44340,2025-07-15,44340,13:00,14:15,75,PARTIAL,4,1,,,SCALE_INSUFFICIENT,,False,,,,SCALE_UNAVAILABLE,OBSERVATION_INSUFFICIENT,2,0,0,False,0,0,False,INHERITED_RAW_PRICE_BASIS,False,False
2025-07-15|44340,2025-07-15,44340,13:00,14:20,80,PARTIAL,4,1,,,SCALE_INSUFFICIENT,,False,,,,CURRENT_BAR_UNAVAILABLE,OBSERVATION_INSUFFICIENT,3,0,0,False,0,0,False,INHERITED_RAW_PRICE_BASIS,False,False
2025-07-15|44340,2025-07-15,44340,13:00,14:25,85,PARTIAL,4,1,,,SCALE_INSUFFICIENT,,False,,,,SCALE_UNAVAILABLE,OBSERVATION_INSUFFICIENT,4,0,0,False,0,0,False,INHERITED_RAW_PRICE_BASIS,False,False
2025-07-15|44340,2025-07-15,44340,13:00,14:30,90,PARTIAL,3,2,,,SCALE_INSUFFICIENT,,False,,,,CURRENT_BAR_UNAVAILABLE,OBSERVATION_INSUFFICIENT,5,0,0,False,0,0,False,INHERITED_RAW_PRICE_BASIS,False,False
2025-07-15|44340,2025-07-15,44340,13:00,14:35,95,PARTIAL,3,2,,,SCALE_INSUFFICIENT,,False,,,,CURRENT_BAR_UNAVAILABLE,OBSERVATION_INSUFFICIENT,5,0,0,False,0,0,False,INHERITED_RAW_PRICE_BASIS,False,False
2025-07-15|44340,2025-07-15,44340,13:00,14:40,100,PARTIAL,2,3,,,SCALE_INSUFFICIENT,,False,,,,SCALE_UNAVAILABLE,OBSERVATION_INSUFFICIENT,5,0,0,False,0,0,False,INHERITED_RAW_PRICE_BASIS,False,False
2025-07-15|44340,2025-07-15,44340,13:00,14:45,105,PARTIAL,3,2,,,SCALE_INSUFFICIENT,,False,,,,SCALE_UNAVAILABLE,OBSERVATION_INSUFFICIENT,5,0,0,False,0,0,False,INHERITED_RAW_PRICE_BASIS,False,False
2025-07-15|44340,2025-07-15,44340,13:00,14:50,110,PARTIAL,2,3,,,SCALE_INSUFFICIENT,,False,,,,CURRENT_BAR_UNAVAILABLE,OBSERVATION_INSUFFICIENT,3,0,0,False,0,0,False,INHERITED_RAW_PRICE_BASIS,False,False
2025-07-15|44340,2025-07-15,44340,13:00,14:55,115,PARTIAL,3,2,,,SCALE_INSUFFICIENT,,False,,,,SCALE_UNAVAILABLE,OBSERVATION_INSUFFICIENT,2,0,0,False,0,0,False,INHERITED_RAW_PRICE_BASIS,False,False
2025-07-15|44340,2025-07-15,44340,13:00,15:00,120,PARTIAL,4,1,,,SCALE_INSUFFICIENT,,False,,,,SCALE_UNAVAILABLE,OBSERVATION_INSUFFICIENT,1,0,0,False,0,0,False,INHERITED_RAW_PRICE_BASIS,False,False
2025-07-15|44340,2025-07-15,44340,13:00,15:05,125,PARTIAL,4,1,,,SCALE_INSUFFICIENT,,False,,,,CURRENT_BAR_UNAVAILABLE,OBSERVATION_INSUFFICIENT,2,0,0,False,0,0,False,INHERITED_RAW_PRICE_BASIS,False,False
2025-07-15|44340,2025-07-15,44340,13:00,15:10,130,COMPLETE,5,0,UP,0.2347417840375587,SCALE_INSUFFICIENT,,False,,,,SCALE_UNAVAILABLE,OBSERVATION_INSUFFICIENT,4,0,0,False,0,0,False,INHERITED_RAW_PRICE_BASIS,False,False
2025-07-15|44340,2025-07-15,44340,13:00,15:15,135,PARTIAL,3,2,,,SCALE_INSUFFICIENT,,False,,,,SCALE_UNAVAILABLE,OBSERVATION_INSUFFICIENT,3,0,0,False,0,0,False,INHERITED_RAW_PRICE_BASIS,False,False
2025-07-15|44340,2025-07-15,44340,13:00,15:20,140,PARTIAL,3,2,,,SCALE_INSUFFICIENT,,False,,,,SCALE_UNAVAILABLE,RIGHT_CENSORED,1,0,0,False,0,0,False,INHERITED_RAW_PRICE_BASIS,False,False
2025-07-15|44340,2025-07-15,44340,13:00,15:25,145,PARTIAL,4,1,,,SCALE_INSUFFICIENT,,False,,,,SCALE_UNAVAILABLE,RIGHT_CENSORED,0,0,0,False,0,0,False,INHERITED_RAW_PRICE_BASIS,False,False
2025-07-15|47600,2025-07-15,47600,09:30,09:30,0,PARTIAL,2,3,,,SCALE_INSUFFICIENT,,False,,,,SCALE_UNAVAILABLE,OBSERVATION_INSUFFICIENT,5,0,0,False,0,0,False,INHERITED_RAW_PRICE_BASIS,False,False
2025-07-15|47600,2025-07-15,47600,09:30,09:35,5,PARTIAL,2,3,,,SCALE_INSUFFICIENT,,False,,,,SCALE_UNAVAILABLE,OBSERVATION_INSUFFICIENT,4,0,0,False,0,0,False,INHERITED_RAW_PRICE_BASIS,False,False
2025-07-15|47600,2025-07-15,47600,09:30,09:40,10,PARTIAL,3,2,,,SCALE_INSUFFICIENT,,False,,,,CURRENT_BAR_UNAVAILABLE,OBSERVATION_INSUFFICIENT,6,0,0,False,0,0,False,INHERITED_RAW_PRICE_BASIS,False,False
2025-07-15|47600,2025-07-15,47600,09:30,09:45,15,PARTIAL,3,2,,,SCALE_INSUFFICIENT,,False,,,,SCALE_UNAVAILABLE,OBSERVATION_INSUFFICIENT,9,0,0,False,0,0,False,INHERITED_RAW_PRICE_BASIS,False,False
2025-07-15|47600,2025-07-15,47600,09:30,09:50,20,PARTIAL,1,4,,,SCALE_INSUFFICIENT,,False,,,,CURRENT_BAR_UNAVAILABLE,OBSERVATION_INSUFFICIENT,8,0,0,False,0,0,False,INHERITED_RAW_PRICE_BASIS,False,False
2025-07-15|47600,2025-07-15,47600,09:30,09:55,25,UNAVAILABLE,0,5,,,SCALE_INSUFFICIENT,,False,,,,CURRENT_BAR_UNAVAILABLE,OBSERVATION_INSUFFICIENT,8,0,0,False,0,0,False,INHERITED_RAW_PRICE_BASIS,False,False
2025-07-15|47600,2025-07-15,47600,09:30,10:00,30,PARTIAL,2,3,,,SCALE_INSUFFICIENT,,False,,,,CURRENT_BAR_UNAVAILABLE,OBSERVATION_INSUFFICIENT,9,0,0,False,0,0,False,INHERITED_RAW_PRICE_BASIS,False,False
2025-07-15|47600,2025-07-15,47600,09:30,10:05,35,UNAVAILABLE,0,5,,,SCALE_INSUFFICIENT,,False,,,,CURRENT_BAR_UNAVAILABLE,OBSERVATION_INSUFFICIENT,9,0,0,False,0,0,False,INHERITED_RAW_PRICE_BASIS,False,False
2025-07-15|47600,2025-07-15,47600,09:30,10:10,40,PARTIAL,1,4,,,SCALE_INSUFFICIENT,,False,,,,CURRENT_BAR_UNAVAILABLE,OBSERVATION_INSUFFICIENT,8,0,0,False,0,0,False,INHERITED_RAW_PRICE_BASIS,False,False
2025-07-15|47600,2025-07-15,47600,09:30,10:15,45,UNAVAILABLE,0,5,,,SCALE_INSUFFICIENT,,False,,,,CURRENT_BAR_UNAVAILABLE,OBSERVATION_INSUFFICIENT,5,0,0,False,0,0,False,INHERITED_RAW_PRICE_BASIS,False,False
2025-07-15|47600,2025-07-15,47600,09:30,10:20,50,PARTIAL,2,3,,,SCALE_INSUFFICIENT,,False,,,,CURRENT_BAR_UNAVAILABLE,OBSERVATION_INSUFFICIENT,4,0,0,False,0,0,False,INHERITED_RAW_PRICE_BASIS,False,False
2025-07-15|47600,2025-07-15,47600,09:30,10:25,55,PARTIAL,3,2,,,SCALE_INSUFFICIENT,,False,,,,CURRENT_BAR_UNAVAILABLE,OBSERVATION_INSUFFICIENT,7,0,0,False,0,0,False,INHERITED_RAW_PRICE_BASIS,False,False
2025-07-15|47600,2025-07-15,47600,09:30,10:30,60,PARTIAL,3,2,,,SCALE_INSUFFICIENT,,False,,,,SCALE_UNAVAILABLE,OBSERVATION_INSUFFICIENT,10,0,0,False,0,0,False,INHERITED_RAW_PRICE_BASIS,False,False
2025-07-15|47600,2025-07-15,47600,09:30,10:35,65,UNAVAILABLE,0,5,,,SCALE_INSUFFICIENT,,False,,,,CURRENT_BAR_UNAVAILABLE,OBSERVATION_INSUFFICIENT,9,0,0,False,0,0,False,INHERITED_RAW_PRICE_BASIS,False,False
2025-07-15|47600,2025-07-15,47600,09:30,10:40,70,UNAVAILABLE,0,5,,,SCALE_INSUFFICIENT,,False,,,,CURRENT_BAR_UNAVAILABLE,OBSERVATION_INSUFFICIENT,8,0,0,False,0,0,False,INHERITED_RAW_PRICE_BASIS,False,False
2025-07-15|47600,2025-07-15,47600,09:30,10:45,75,PARTIAL,1,4,,,SCALE_INSUFFICIENT,,False,,,,CURRENT_BAR_UNAVAILABLE,OBSERVATION_INSUFFICIENT,8,0,0,False,0,0,False,INHERITED_RAW_PRICE_BASIS,False,False
2025-07-15|47600,2025-07-15,47600,09:30,10:50,80,PARTIAL,1,4,,,SCALE_INSUFFICIENT,,False,,,,CURRENT_BAR_UNAVAILABLE,OBSERVATION_INSUFFICIENT,9,0,0,False,0,0,False,INHERITED_RAW_PRICE_BASIS,False,False
2025-07-15|47600,2025-07-15,47600,09:30,10:55,85,PARTIAL,1,4,,,SCALE_INSUFFICIENT,,False,,,,SCALE_UNAVAILABLE,OBSERVATION_INSUFFICIENT,10,0,0,False,0,0,False,INHERITED_RAW_PRICE_BASIS,False,False
2025-07-15|47600,2025-07-15,47600,09:30,11:00,90,UNAVAILABLE,0,5,,,SCALE_INSUFFICIENT,,False,,,,CURRENT_BAR_UNAVAILABLE,OBSERVATION_INSUFFICIENT,10,0,0,False,0,0,False,INHERITED_RAW_PRICE_BASIS,False,False
2025-07-15|47600,2025-07-15,47600,09:30,11:05,95,UNAVAILABLE,0,5,,,SCALE_INSUFFICIENT,,False,,,,CURRENT_BAR_UNAVAILABLE,OBSERVATION_INSUFFICIENT,9,0,0,False,0,0,False,INHERITED_RAW_PRICE_BASIS,False,False
2025-07-15|47600,2025-07-15,47600,09:30,11:10,100,UNAVAILABLE,0,5,,,SCALE_INSUFFICIENT,,False,,,,CURRENT_BAR_UNAVAILABLE,OBSERVATION_INSUFFICIENT,9,0,0,False,0,0,False,INHERITED_RAW_PRICE_BASIS,False,False
2025-07-15|47600,2025-07-15,47600,09:30,11:15,105,PARTIAL,1,4,,,SCALE_INSUFFICIENT,,False,,,,CURRENT_BAR_UNAVAILABLE,OBSERVATION_INSUFFICIENT,10,0,0,False,0,0,False,INHERITED_RAW_PRICE_BASIS,False,False
2025-07-15|47600,2025-07-15,47600,09:30,11:20,110,UNAVAILABLE,0,5,,,SCALE_INSUFFICIENT,,False,,,,CURRENT_BAR_UNAVAILABLE,OBSERVATION_INSUFFICIENT,10,0,0,False,0,0,False,INHERITED_RAW_PRICE_BASIS,False,False
2025-07-15|47600,2025-07-15,47600,09:30,11:25,115,UNAVAILABLE,0,5,,,SCALE_INSUFFICIENT,,False,,,,CURRENT_BAR_UNAVAILABLE,OBSERVATION_INSUFFICIENT,6,0,0,False,0,0,False,INHERITED_RAW_PRICE_BASIS,False,False
2025-07-15|47600,2025-07-15,47600,09:30,11:30,120,UNAVAILABLE,0,5,,,SCALE_INSUFFICIENT,,False,,,,CURRENT_BAR_UNAVAILABLE,OBSERVATION_INSUFFICIENT,3,0,0,False,0,0,False,INHERITED_RAW_PRICE_BASIS,False,False
2025-07-15|47600,2025-07-15,47600,09:30,12:35,125,PARTIAL,4,1,,,SCALE_INSUFFICIENT,,False,,,,SCALE_UNAVAILABLE,OBSERVATION_INSUFFICIENT,4,0,0,False,0,0,False,INHERITED_RAW_PRICE_BASIS,False,False
2025-07-15|47600,2025-07-15,47600,09:30,12:40,130,PARTIAL,3,2,,,SCALE_INSUFFICIENT,,False,,,,CURRENT_BAR_UNAVAILABLE,OBSERVATION_INSUFFICIENT,5,0,0,False,0,0,False,INHERITED_RAW_PRICE_BASIS,False,False
2025-07-15|47600,2025-07-15,47600,09:30,12:45,135,PARTIAL,3,2,,,SCALE_INSUFFICIENT,,False,,,,SCALE_UNAVAILABLE,OBSERVATION_INSUFFICIENT,6,0,0,False,0,0,False,INHERITED_RAW_PRICE_BASIS,False,False
2025-07-15|47600,2025-07-15,47600,09:30,12:50,140,PARTIAL,2,3,,,SCALE_INSUFFICIENT,,False,,,,SCALE_UNAVAILABLE,OBSERVATION_INSUFFICIENT,4,0,0,False,1,0,False,INHERITED_RAW_PRICE_BASIS,False,False
2025-07-15|47600,2025-07-15,47600,09:30,12:55,145,PARTIAL,2,3,,,SCALE_INSUFFICIENT,,False,,,,CURRENT_BAR_UNAVAILABLE,OBSERVATION_INSUFFICIENT,3,0,0,False,0,0,False,INHERITED_RAW_PRICE_BASIS,False,False
2025-07-15|47600,2025-07-15,47600,09:30,13:00,150,PARTIAL,4,1,,,SCALE_INSUFFICIENT,,False,,,,SCALE_UNAVAILABLE,OBSERVATION_INSUFFICIENT,4,0,0,False,9,3,False,INHERITED_RAW_PRICE_BASIS,False,False
2025-07-15|47600,2025-07-15,47600,09:30,13:05,155,PARTIAL,3,2,,,SCALE_INSUFFICIENT,,False,,,,SCALE_UNAVAILABLE,OBSERVATION_INSUFFICIENT,7,0,0,False,0,1,False,INHERITED_RAW_PRICE_BASIS,False,False
2025-07-15|47600,2025-07-15,47600,09:30,13:10,160,PARTIAL,3,2,,,SCALE_INSUFFICIENT,,False,,,,CURRENT_BAR_UNAVAILABLE,OBSERVATION_INSUFFICIENT,10,0,0,False,1,1,False,INHERITED_RAW_PRICE_BASIS,False,False
2025-07-15|47600,2025-07-15,47600,09:30,13:15,165,UNAVAILABLE,0,5,,,SCALE_INSUFFICIENT,,False,,,,CURRENT_BAR_UNAVAILABLE,OBSERVATION_INSUFFICIENT,7,0,0,False,0,0,False,INHERITED_RAW_PRICE_BASIS,False,False
2025-07-15|47600,2025-07-15,47600,09:30,13:20,170,UNAVAILABLE,0,5,,,SCALE_INSUFFICIENT,,False,,,,CURRENT_BAR_UNAVAILABLE,OBSERVATION_INSUFFICIENT,5,0,0,False,0,0,False,INHERITED_RAW_PRICE_BASIS,False,False
2025-07-15|47600,2025-07-15,47600,09:30,13:25,175,PARTIAL,3,2,,,SCALE_INSUFFICIENT,,False,,,,SCALE_UNAVAILABLE,OBSERVATION_INSUFFICIENT,3,0,0,False,0,0,False,INHERITED_RAW_PRICE_BASIS,False,False
2025-07-15|47600,2025-07-15,47600,09:30,13:30,180,PARTIAL,2,3,,,SCALE_INSUFFICIENT,,False,,,,CURRENT_BAR_UNAVAILABLE,OBSERVATION_INSUFFICIENT,4,0,0,False,0,1,False,INHERITED_RAW_PRICE_BASIS,False,False
2025-07-15|47600,2025-07-15,47600,09:30,13:35,185,COMPLETE,5,0,DOWN,-1.9203072491598656,SCALE_INSUFFICIENT,,False,,,,SCALE_UNAVAILABLE,OBSERVATION_INSUFFICIENT,9,0,0,False,0,1,False,INHERITED_RAW_PRICE_BASIS,False,False
2025-07-15|47600,2025-07-15,47600,09:30,13:40,190,PARTIAL,1,4,,,SCALE_INSUFFICIENT,,False,,,,CURRENT_BAR_UNAVAILABLE,OBSERVATION_INSUFFICIENT,10,0,0,False,2,0,False,INHERITED_RAW_PRICE_BASIS,False,False
2025-07-15|47600,2025-07-15,47600,09:30,13:45,195,UNAVAILABLE,0,5,,,SCALE_INSUFFICIENT,,False,,,,CURRENT_BAR_UNAVAILABLE,OBSERVATION_INSUFFICIENT,10,0,0,False,0,0,False,INHERITED_RAW_PRICE_BASIS,False,False
2025-07-15|47600,2025-07-15,47600,09:30,13:50,200,UNAVAILABLE,0,5,,,SCALE_INSUFFICIENT,,False,,,,CURRENT_BAR_UNAVAILABLE,OBSERVATION_INSUFFICIENT,9,0,0,False,0,0,False,INHERITED_RAW_PRICE_BASIS,False,False
2025-07-15|47600,2025-07-15,47600,09:30,13:55,205,UNAVAILABLE,0,5,,,SCALE_INSUFFICIENT,,False,,,,CURRENT_BAR_UNAVAILABLE,OBSERVATION_INSUFFICIENT,7,0,0,False,0,0,False,INHERITED_RAW_PRICE_BASIS,False,False
2025-07-15|47600,2025-07-15,47600,09:30,14:00,210,PARTIAL,1,4,,,SCALE_INSUFFICIENT,,False,,,,CURRENT_BAR_UNAVAILABLE,OBSERVATION_INSUFFICIENT,8,0,0,False,0,0,False,INHERITED_RAW_PRICE_BASIS,False,False
2025-07-15|47600,2025-07-15,47600,09:30,14:05,215,PARTIAL,2,3,,,SCALE_INSUFFICIENT,,False,,,,CURRENT_BAR_UNAVAILABLE,OBSERVATION_INSUFFICIENT,7,0,0,False,0,0,False,INHERITED_RAW_PRICE_BASIS,False,False
2025-07-15|47600,2025-07-15,47600,09:30,14:10,220,UNAVAILABLE,0,5,,,SCALE_INSUFFICIENT,,False,,,,CURRENT_BAR_UNAVAILABLE,OBSERVATION_INSUFFICIENT,5,0,0,False,0,0,False,INHERITED_RAW_PRICE_BASIS,False,False
2025-07-15|47600,2025-07-15,47600,09:30,14:15,225,PARTIAL,3,2,,,SCALE_INSUFFICIENT,,False,,,,CURRENT_BAR_UNAVAILABLE,OBSERVATION_INSUFFICIENT,7,0,0,False,0,0,False,INHERITED_RAW_PRICE_BASIS,False,False
2025-07-15|47600,2025-07-15,47600,09:30,14:20,230,PARTIAL,2,3,,,SCALE_INSUFFICIENT,,False,,,,SCALE_UNAVAILABLE,OBSERVATION_INSUFFICIENT,7,0,0,False,1,0,False,INHERITED_RAW_PRICE_BASIS,False,False
2025-07-15|47600,2025-07-15,47600,09:30,14:25,235,PARTIAL,1,4,,,SCALE_INSUFFICIENT,,False,,,,CURRENT_BAR_UNAVAILABLE,OBSERVATION_INSUFFICIENT,7,0,0,False,0,1,False,INHERITED_RAW_PRICE_BASIS,False,False
2025-07-15|47600,2025-07-15,47600,09:30,14:30,240,PARTIAL,2,3,,,SCALE_INSUFFICIENT,,False,,,,SCALE_UNAVAILABLE,OBSERVATION_INSUFFICIENT,9,0,0,False,0,0,False,INHERITED_RAW_PRICE_BASIS,False,False
2025-07-15|47600,2025-07-15,47600,09:30,14:35,245,PARTIAL,1,4,,,SCALE_INSUFFICIENT,,False,,,,CURRENT_BAR_UNAVAILABLE,OBSERVATION_INSUFFICIENT,8,0,0,False,0,0,False,INHERITED_RAW_PRICE_BASIS,False,False
2025-07-15|47600,2025-07-15,47600,09:30,14:40,250,UNAVAILABLE,0,5,,,SCALE_INSUFFICIENT,,False,,,,CURRENT_BAR_UNAVAILABLE,OBSERVATION_INSUFFICIENT,6,0,0,False,0,0,False,INHERITED_RAW_PRICE_BASIS,False,False
2025-07-15|47600,2025-07-15,47600,09:30,14:45,255,PARTIAL,2,3,,,SCALE_INSUFFICIENT,,False,,,,CURRENT_BAR_UNAVAILABLE,OBSERVATION_INSUFFICIENT,5,0,0,False,0,0,False,INHERITED_RAW_PRICE_BASIS,False,False
2025-07-15|47600,2025-07-15,47600,09:30,14:50,260,PARTIAL,2,3,,,SCALE_INSUFFICIENT,,False,,,,CURRENT_BAR_UNAVAILABLE,OBSERVATION_INSUFFICIENT,6,0,0,False,0,0,False,INHERITED_RAW_PRICE_BASIS,False,False
2025-07-15|47600,2025-07-15,47600,09:30,14:55,265,PARTIAL,3,2,,,SCALE_INSUFFICIENT,,False,,,,SCALE_UNAVAILABLE,OBSERVATION_INSUFFICIENT,7,0,0,False,0,0,False,INHERITED_RAW_PRICE_BASIS,False,False
2025-07-15|47600,2025-07-15,47600,09:30,15:00,270,PARTIAL,1,4,,,SCALE_INSUFFICIENT,,False,,,,CURRENT_BAR_UNAVAILABLE,OBSERVATION_INSUFFICIENT,6,0,0,False,0,0,False,INHERITED_RAW_PRICE_BASIS,False,False
2025-07-15|47600,2025-07-15,47600,09:30,15:05,275,PARTIAL,2,3,,,SCALE_INSUFFICIENT,,False,,,,CURRENT_BAR_UNAVAILABLE,OBSERVATION_INSUFFICIENT,3,0,0,False,0,0,False,INHERITED_RAW_PRICE_BASIS,False,False
2025-07-15|47600,2025-07-15,47600,09:30,15:10,280,PARTIAL,2,3,,,SCALE_INSUFFICIENT,,False,,,,CURRENT_BAR_UNAVAILABLE,OBSERVATION_INSUFFICIENT,2,0,0,False,1,0,False,INHERITED_RAW_PRICE_BASIS,False,False
2025-07-15|47600,2025-07-15,47600,09:30,15:15,285,COMPLETE,5,0,UP,0.6024096385542169,SCALE_INSUFFICIENT,,False,,,,SCALE_UNAVAILABLE,OBSERVATION_INSUFFICIENT,2,0,0,False,0,0,False,INHERITED_RAW_PRICE_BASIS,False,False
2025-07-15|47600,2025-07-15,47600,09:30,15:20,290,PARTIAL,3,2,,,SCALE_INSUFFICIENT,,False,,,,SCALE_UNAVAILABLE,RIGHT_CENSORED,0,0,0,False,0,0,False,INHERITED_RAW_PRICE_BASIS,False,False
2025-07-15|47600,2025-07-15,47600,09:30,15:25,295,COMPLETE,5,0,DOWN,-0.472914875322442,SCALE_INSUFFICIENT,,False,,,,SCALE_UNAVAILABLE,RIGHT_CENSORED,0,0,0,False,0,0,False,INHERITED_RAW_PRICE_BASIS,False,False
2025-07-15|50260,2025-07-15,50260,14:00,14:00,0,COMPLETE,5,0,UP,1.1403508771929824,AVAILABLE,11.0,False,DOWN_STRUCTURE,PROGRESSION,CHOPPINESS,IDENTIFIED,WINDOW_OBSERVED,0,0,7,False,1,2,True,INHERITED_RAW_PRICE_BASIS,False,False
2025-07-15|50260,2025-07-15,50260,14:00,14:05,5,COMPLETE,5,0,DOWN,-1.821335646140503,AVAILABLE,11.0,False,DOWN_STRUCTURE,,,IDENTIFIED,WINDOW_OBSERVED,0,1,8,False,0,0,True,INHERITED_RAW_PRICE_BASIS,True,True
2025-07-15|50260,2025-07-15,50260,14:00,14:10,10,COMPLETE,5,0,UP,0.5291005291005291,AVAILABLE,11.0,False,DOWN_STRUCTURE,PROGRESSION,VOLUME_COMPRESSION|TRADING_VALUE_COMPRESSION,IDENTIFIED,WINDOW_OBSERVED,0,1,9,False,0,0,True,INHERITED_RAW_PRICE_BASIS,True,True
2025-07-15|50260,2025-07-15,50260,14:00,14:15,15,COMPLETE,5,0,DOWN,-2.017543859649123,AVAILABLE,11.0,False,DOWN_STRUCTURE,PROGRESSION,RANGE_EXPANSION|VOLUME_EXPANSION|TRADING_VALUE_EXPANSION,IDENTIFIED,WINDOW_OBSERVED,0,0,9,False,1,1,True,INHERITED_RAW_PRICE_BASIS,True,False
2025-07-15|50260,2025-07-15,50260,14:00,14:20,20,COMPLETE,5,0,UNCHANGED,0.0,AVAILABLE,11.0,False,DOWN_STRUCTURE,CORRECTION|RECOVERY,CHOPPINESS|RANGE_COMPRESSION,IDENTIFIED,WINDOW_OBSERVED,0,1,10,False,0,0,True,INHERITED_RAW_PRICE_BASIS,True,True
2025-07-15|50260,2025-07-15,50260,14:00,14:25,25,COMPLETE,5,0,UNCHANGED,0.0,AVAILABLE,11.0,False,DOWN_STRUCTURE,PROGRESSION,RANGE_EXPANSION,IDENTIFIED,WINDOW_OBSERVED,0,0,11,False,1,0,True,INHERITED_RAW_PRICE_BASIS,True,True
2025-07-15|50260,2025-07-15,50260,14:00,14:30,30,COMPLETE,5,0,UP,1.2522361359570662,AVAILABLE,11.0,False,,RESTRUCTURING,,UNRESOLVED_STRUCTURE,WINDOW_OBSERVED,0,0,12,False,2,1,True,INHERITED_RAW_PRICE_BASIS,True,True
2025-07-15|50260,2025-07-15,50260,14:00,14:35,35,COMPLETE,5,0,UP,0.7992895204262878,AVAILABLE,11.0,False,UP_STRUCTURE,CORRECTION,VOLUME_COMPRESSION|TRADING_VALUE_COMPRESSION,IDENTIFIED,WINDOW_OBSERVED,0,0,13,False,1,2,True,INHERITED_RAW_PRICE_BASIS,True,True
2025-07-15|50260,2025-07-15,50260,14:00,14:40,40,COMPLETE,5,0,UP,0.5309734513274337,AVAILABLE,11.0,False,UP_STRUCTURE,CORRECTION,CHOPPINESS|RANGE_COMPRESSION,IDENTIFIED,WINDOW_OBSERVED,0,0,13,False,0,0,True,INHERITED_RAW_PRICE_BASIS,True,False
2025-07-15|50260,2025-07-15,50260,14:00,14:45,45,COMPLETE,5,0,DOWN,-0.5323868677905945,AVAILABLE,11.0,False,UP_STRUCTURE,CORRECTION,RANGE_COMPRESSION|VOLUME_COMPRESSION|TRADING_VALUE_COMPRESSION,IDENTIFIED,WINDOW_OBSERVED,0,0,13,False,0,0,True,INHERITED_RAW_PRICE_BASIS,True,False
2025-07-15|50260,2025-07-15,50260,14:00,14:50,50,COMPLETE,5,0,UNCHANGED,0.0,AVAILABLE,11.0,False,UP_STRUCTURE,CORRECTION,,IDENTIFIED,WINDOW_OBSERVED,0,0,13,False,0,0,True,INHERITED_RAW_PRICE_BASIS,True,False
2025-07-15|50260,2025-07-15,50260,14:00,14:55,55,COMPLETE,5,0,DOWN,-0.6238859180035651,AVAILABLE,11.0,False,UP_STRUCTURE,CORRECTION,RANGE_EXPANSION|VOLUME_EXPANSION|TRADING_VALUE_EXPANSION,IDENTIFIED,WINDOW_OBSERVED,0,0,13,False,0,0,True,INHERITED_RAW_PRICE_BASIS,True,False
2025-07-15|50260,2025-07-15,50260,14:00,15:00,60,COMPLETE,5,0,DOWN,-0.35874439461883406,AVAILABLE,11.0,False,,RESTRUCTURING|RECOVERY,,UNRESOLVED_STRUCTURE,WINDOW_OBSERVED,0,1,14,False,3,2,True,INHERITED_RAW_PRICE_BASIS,True,True
2025-07-15|50260,2025-07-15,50260,14:00,15:05,65,COMPLETE,5,0,UP,0.36003600360036003,AVAILABLE,11.0,False,,RESTRUCTURING|RECOVERY,VOLUME_COMPRESSION|TRADING_VALUE_COMPRESSION,UNRESOLVED_STRUCTURE,OBSERVATION_INSUFFICIENT,1,1,14,False,2,2,True,INHERITED_RAW_PRICE_BASIS,True,False
2025-07-15|50260,2025-07-15,50260,14:00,15:10,70,COMPLETE,5,0,UP,0.5381165919282511,AVAILABLE,11.0,False,,RESTRUCTURING|RECOVERY,RANGE_EXPANSION|VOLUME_EXPANSION|TRADING_VALUE_EXPANSION,UNRESOLVED_STRUCTURE,OBSERVATION_INSUFFICIENT,1,0,14,False,2,2,True,INHERITED_RAW_PRICE_BASIS,True,False
2025-07-15|50260,2025-07-15,50260,14:00,15:15,75,PARTIAL,4,1,,,AVAILABLE,11.0,False,,,,UNRESOLVED_STRUCTURE,WINDOW_OBSERVED,0,0,1,False,0,0,False,INHERITED_RAW_PRICE_BASIS,False,False
2025-07-15|50260,2025-07-15,50260,14:00,15:20,80,COMPLETE,5,0,DOWN,-0.08992805755395683,AVAILABLE,11.0,False,,,,UNRESOLVED_STRUCTURE,RIGHT_CENSORED,0,0,1,False,0,0,False,INHERITED_RAW_PRICE_BASIS,False,False
2025-07-15|50260,2025-07-15,50260,14:00,15:25,85,COMPLETE,5,0,UP,0.18018018018018017,AVAILABLE,11.0,False,,,,UNRESOLVED_STRUCTURE,RIGHT_CENSORED,0,0,1,False,0,0,False,INHERITED_RAW_PRICE_BASIS,True,False
2025-07-15|52460,2025-07-15,52460,11:00,11:00,0,COMPLETE,5,0,UP,0.4291845493562232,AVAILABLE,6.0,False,DOWN_STRUCTURE,PROGRESSION,CHOPPINESS|RANGE_COMPRESSION|VOLUME_COMPRESSION|TRADING_VALUE_COMPRESSION,IDENTIFIED,WINDOW_OBSERVED,0,1,17,False,0,0,True,INHERITED_RAW_PRICE_BASIS,False,False
2025-07-15|52460,2025-07-15,52460,11:00,11:05,5,COMPLETE,5,0,UP,0.42735042735042733,AVAILABLE,6.0,False,,RESTRUCTURING,,UNRESOLVED_STRUCTURE,WINDOW_OBSERVED,0,1,19,False,2,2,True,INHERITED_RAW_PRICE_BASIS,True,True
2025-07-15|52460,2025-07-15,52460,11:00,11:10,10,COMPLETE,5,0,DOWN,-0.3191489361702128,AVAILABLE,6.0,False,,RESTRUCTURING,CHOPPINESS|RANGE_COMPRESSION|VOLUME_COMPRESSION|TRADING_VALUE_COMPRESSION,UNRESOLVED_STRUCTURE,WINDOW_OBSERVED,0,0,19,False,3,3,True,INHERITED_RAW_PRICE_BASIS,True,False
2025-07-15|52460,2025-07-15,52460,11:00,11:15,15,COMPLETE,5,0,DOWN,-0.21344717182497333,AVAILABLE,6.0,False,,RESTRUCTURING,VOLUME_EXPANSION|TRADING_VALUE_EXPANSION,UNRESOLVED_STRUCTURE,WINDOW_OBSERVED,0,0,19,False,2,0,True,INHERITED_RAW_PRICE_BASIS,True,False
2025-07-15|52460,2025-07-15,52460,11:00,11:20,20,COMPLETE,5,0,DOWN,-0.21390374331550802,AVAILABLE,6.0,False,,RESTRUCTURING,CHOPPINESS|RANGE_COMPRESSION|VOLUME_COMPRESSION|TRADING_VALUE_COMPRESSION,UNRESOLVED_STRUCTURE,WINDOW_OBSERVED,0,0,19,False,0,0,True,INHERITED_RAW_PRICE_BASIS,True,False
2025-07-15|52460,2025-07-15,52460,11:00,11:25,25,COMPLETE,5,0,UP,0.10718113612004287,AVAILABLE,6.0,False,,RESTRUCTURING,,UNRESOLVED_STRUCTURE,WINDOW_OBSERVED,0,0,19,False,1,0,True,INHERITED_RAW_PRICE_BASIS,True,False
2025-07-15|52460,2025-07-15,52460,11:00,11:30,30,COMPLETE,5,0,DOWN,-0.32119914346895073,AVAILABLE,6.0,False,,RESTRUCTURING,VOLUME_EXPANSION|TRADING_VALUE_EXPANSION,UNRESOLVED_STRUCTURE,WINDOW_OBSERVED,0,0,19,False,1,0,True,INHERITED_RAW_PRICE_BASIS,True,False
2025-07-15|52460,2025-07-15,52460,11:00,12:35,35,COMPLETE,5,0,DOWN,-0.21390374331550802,AVAILABLE,6.0,False,,RESTRUCTURING,CHOPPINESS,UNRESOLVED_STRUCTURE,WINDOW_OBSERVED,0,1,3,False,1,1,True,INHERITED_RAW_PRICE_BASIS,True,False
2025-07-15|52460,2025-07-15,52460,11:00,12:40,40,COMPLETE,5,0,DOWN,-0.21413276231263384,AVAILABLE,6.0,False,UP_STRUCTURE,RECOVERY,VOLUME_COMPRESSION|TRADING_VALUE_COMPRESSION,IDENTIFIED,WINDOW_OBSERVED,0,1,4,False,5,2,True,INHERITED_RAW_PRICE_BASIS,True,True
2025-07-15|52460,2025-07-15,52460,11:00,12:45,45,COMPLETE,5,0,UP,0.1072961373390558,AVAILABLE,6.0,False,UP_STRUCTURE,CORRECTION,CHOPPINESS|RANGE_COMPRESSION|VOLUME_COMPRESSION|TRADING_VALUE_COMPRESSION,IDENTIFIED,WINDOW_OBSERVED,0,1,5,False,0,0,True,INHERITED_RAW_PRICE_BASIS,True,True
2025-07-15|52460,2025-07-15,52460,11:00,12:50,50,COMPLETE,5,0,DOWN,-0.4287245444801715,AVAILABLE,6.0,False,,RESTRUCTURING,,UNRESOLVED_STRUCTURE,WINDOW_OBSERVED,0,0,5,False,2,1,True,INHERITED_RAW_PRICE_BASIS,True,True
2025-07-15|52460,2025-07-15,52460,11:00,12:55,55,COMPLETE,5,0,DOWN,-2.045209903121636,AVAILABLE,6.0,False,,RESTRUCTURING,RANGE_EXPANSION|VOLUME_EXPANSION|TRADING_VALUE_EXPANSION,UNRESOLVED_STRUCTURE,WINDOW_OBSERVED,0,0,5,False,1,2,True,INHERITED_RAW_PRICE_BASIS,True,False
2025-07-15|52460,2025-07-15,52460,11:00,13:00,60,COMPLETE,5,0,DOWN,-0.5500550055005501,AVAILABLE,6.0,False,,RESTRUCTURING,RANGE_COMPRESSION,UNRESOLVED_STRUCTURE,WINDOW_OBSERVED,0,0,5,False,3,1,True,INHERITED_RAW_PRICE_BASIS,True,False
2025-07-15|52460,2025-07-15,52460,11:00,13:05,65,COMPLETE,5,0,UP,0.7743362831858407,AVAILABLE,6.0,False,DOWN_STRUCTURE,,,IDENTIFIED,WINDOW_OBSERVED,0,1,7,False,2,2,True,INHERITED_RAW_PRICE_BASIS,True,True
2025-07-15|52460,2025-07-15,52460,11:00,13:10,70,COMPLETE,5,0,DOWN,-0.8781558726673985,AVAILABLE,6.0,False,DOWN_STRUCTURE,PROGRESSION,,IDENTIFIED,WINDOW_OBSERVED,0,0,7,False,1,0,True,INHERITED_RAW_PRICE_BASIS,True,True
2025-07-15|52460,2025-07-15,52460,11:00,13:15,75,COMPLETE,5,0,UP,0.22148394241417496,AVAILABLE,6.0,False,DOWN_STRUCTURE,,RANGE_COMPRESSION,IDENTIFIED,WINDOW_OBSERVED,0,1,9,False,2,0,True,INHERITED_RAW_PRICE_BASIS,True,True
2025-07-15|52460,2025-07-15,52460,11:00,13:20,80,COMPLETE,5,0,DOWN,-0.4424778761061947,AVAILABLE,6.0,False,DOWN_STRUCTURE,PROGRESSION,,IDENTIFIED,WINDOW_OBSERVED,0,0,9,False,3,1,True,INHERITED_RAW_PRICE_BASIS,True,True
2025-07-15|52460,2025-07-15,52460,11:00,13:25,85,COMPLETE,5,0,DOWN,-0.11123470522803114,AVAILABLE,6.0,False,DOWN_STRUCTURE,,VOLUME_COMPRESSION|TRADING_VALUE_COMPRESSION,IDENTIFIED,WINDOW_OBSERVED,0,1,10,False,1,1,True,INHERITED_RAW_PRICE_BASIS,True,True
2025-07-15|52460,2025-07-15,52460,11:00,13:30,90,COMPLETE,5,0,UP,0.22271714922049,AVAILABLE,6.0,False,DOWN_STRUCTURE,CORRECTION|RECOVERY,,IDENTIFIED,WINDOW_OBSERVED,0,1,10,False,1,1,True,INHERITED_RAW_PRICE_BASIS,True,True
2025-07-15|52460,2025-07-15,52460,11:00,13:35,95,COMPLETE,5,0,UP,1.1111111111111112,AVAILABLE,6.0,False,,RESTRUCTURING,RANGE_EXPANSION,UNRESOLVED_STRUCTURE,WINDOW_OBSERVED,0,0,10,False,1,1,True,INHERITED_RAW_PRICE_BASIS,True,True
2025-07-15|52460,2025-07-15,52460,11:00,13:40,100,COMPLETE,5,0,DOWN,-0.32930845225027444,AVAILABLE,6.0,False,,RESTRUCTURING,RANGE_COMPRESSION,UNRESOLVED_STRUCTURE,WINDOW_OBSERVED,0,0,10,False,0,0,True,INHERITED_RAW_PRICE_BASIS,True,False
2025-07-15|52460,2025-07-15,52460,11:00,13:45,105,COMPLETE,5,0,UP,1.4317180616740088,AVAILABLE,6.0,False,,RESTRUCTURING,RANGE_EXPANSION|VOLUME_EXPANSION|TRADING_VALUE_EXPANSION,UNRESOLVED_STRUCTURE,WINDOW_OBSERVED,0,0,10,False,0,0,True,INHERITED_RAW_PRICE_BASIS,True,False
2025-07-15|52460,2025-07-15,52460,11:00,13:50,110,COMPLETE,5,0,UP,0.5428881650380022,AVAILABLE,6.0,False,,RESTRUCTURING,,UNRESOLVED_STRUCTURE,WINDOW_OBSERVED,0,0,10,False,0,0,True,INHERITED_RAW_PRICE_BASIS,True,False
2025-07-15|52460,2025-07-15,52460,11:00,13:55,115,COMPLETE,5,0,UNCHANGED,0.0,AVAILABLE,6.0,False,,RESTRUCTURING,CHOPPINESS|RANGE_COMPRESSION,UNRESOLVED_STRUCTURE,WINDOW_OBSERVED,0,1,11,False,0,0,True,INHERITED_RAW_PRICE_BASIS,True,False
2025-07-15|52460,2025-07-15,52460,11:00,14:00,120,COMPLETE,5,0,UP,0.21621621621621623,AVAILABLE,6.0,False,UP_STRUCTURE,RECOVERY,RANGE_EXPANSION|VOLUME_COMPRESSION|TRADING_VALUE_COMPRESSION,IDENTIFIED,WINDOW_OBSERVED,0,1,12,False,0,0,True,INHERITED_RAW_PRICE_BASIS,True,True
2025-07-15|52460,2025-07-15,52460,11:00,14:05,125,COMPLETE,5,0,DOWN,-0.32362459546925565,AVAILABLE,6.0,False,UP_STRUCTURE,CORRECTION,RANGE_EXPANSION|VOLUME_EXPANSION|TRADING_VALUE_EXPANSION,IDENTIFIED,WINDOW_OBSERVED,0,0,13,False,2,2,True,INHERITED_RAW_PRICE_BASIS,True,True
2025-07-15|52460,2025-07-15,52460,11:00,14:10,130,COMPLETE,5,0,DOWN,-0.6493506493506493,AVAILABLE,6.0,False,,RESTRUCTURING|RECOVERY,,UNRESOLVED_STRUCTURE,WINDOW_OBSERVED,0,1,14,False,1,1,True,INHERITED_RAW_PRICE_BASIS,True,True
2025-07-15|52460,2025-07-15,52460,11:00,14:15,135,COMPLETE,5,0,UP,0.2178649237472767,AVAILABLE,6.0,False,DOWN_STRUCTURE,PROGRESSION,CHOPPINESS|RANGE_COMPRESSION|VOLUME_COMPRESSION|TRADING_VALUE_COMPRESSION,IDENTIFIED,WINDOW_OBSERVED,0,1,15,False,2,1,True,INHERITED_RAW_PRICE_BASIS,True,True
2025-07-15|52460,2025-07-15,52460,11:00,14:20,140,COMPLETE,5,0,DOWN,-0.5434782608695652,AVAILABLE,6.0,False,DOWN_STRUCTURE,PROGRESSION,RANGE_EXPANSION|VOLUME_EXPANSION|TRADING_VALUE_EXPANSION,IDENTIFIED,WINDOW_OBSERVED,0,0,15,False,2,1,True,INHERITED_RAW_PRICE_BASIS,True,False
2025-07-15|52460,2025-07-15,52460,11:00,14:25,145,COMPLETE,5,0,UP,0.2188183807439825,AVAILABLE,6.0,False,DOWN_STRUCTURE,CORRECTION|RECOVERY,CHOPPINESS|VOLUME_COMPRESSION|TRADING_VALUE_COMPRESSION,IDENTIFIED,WINDOW_OBSERVED,0,0,16,False,2,3,True,INHERITED_RAW_PRICE_BASIS,True,True
2025-07-15|52460,2025-07-15,52460,11:00,14:30,150,COMPLETE,5,0,UP,0.32751091703056767,AVAILABLE,6.0,False,DOWN_STRUCTURE,CORRECTION|RECOVERY,,IDENTIFIED,WINDOW_OBSERVED,0,0,16,False,0,0,True,INHERITED_RAW_PRICE_BASIS,True,False
2025-07-15|52460,2025-07-15,52460,11:00,14:35,155,COMPLETE,5,0,UP,0.8724100327153762,AVAILABLE,6.0,False,,RESTRUCTURING,RANGE_EXPANSION|VOLUME_EXPANSION|TRADING_VALUE_EXPANSION,UNRESOLVED_STRUCTURE,WINDOW_OBSERVED,0,1,17,False,0,1,True,INHERITED_RAW_PRICE_BASIS,True,True
2025-07-15|52460,2025-07-15,52460,11:00,14:40,160,COMPLETE,5,0,DOWN,-0.21621621621621623,AVAILABLE,6.0,False,,RESTRUCTURING,RANGE_COMPRESSION,UNRESOLVED_STRUCTURE,WINDOW_OBSERVED,0,1,17,False,2,1,True,INHERITED_RAW_PRICE_BASIS,True,False
2025-07-15|52460,2025-07-15,52460,11:00,14:45,165,COMPLETE,5,0,DOWN,-0.5417118093174431,AVAILABLE,6.0,False,UP_STRUCTURE,RECOVERY,RANGE_EXPANSION|VOLUME_COMPRESSION|TRADING_VALUE_COMPRESSION,IDENTIFIED,WINDOW_OBSERVED,0,1,18,False,1,1,True,INHERITED_RAW_PRICE_BASIS,True,True
2025-07-15|52460,2025-07-15,52460,11:00,14:50,170,COMPLETE,5,0,UP,0.2176278563656148,AVAILABLE,6.0,False,UP_STRUCTURE,RECOVERY,RANGE_COMPRESSION|VOLUME_COMPRESSION|TRADING_VALUE_COMPRESSION,IDENTIFIED,WINDOW_OBSERVED,0,1,18,False,0,0,True,INHERITED_RAW_PRICE_BASIS,True,False
2025-07-15|52460,2025-07-15,52460,11:00,14:55,175,COMPLETE,5,0,UNCHANGED,0.0,AVAILABLE,6.0,False,UP_STRUCTURE,CORRECTION,VOLUME_EXPANSION|TRADING_VALUE_EXPANSION,IDENTIFIED,WINDOW_OBSERVED,0,1,19,True,1,1,True,INHERITED_RAW_PRICE_BASIS,True,True
2025-07-15|52460,2025-07-15,52460,11:00,15:00,180,COMPLETE,5,0,DOWN,-0.6514657980456026,AVAILABLE,6.0,False,,RESTRUCTURING,RANGE_EXPANSION|VOLUME_EXPANSION|TRADING_VALUE_EXPANSION,UNRESOLVED_STRUCTURE,WINDOW_OBSERVED,0,0,19,False,2,2,True,INHERITED_RAW_PRICE_BASIS,True,True
2025-07-15|52460,2025-07-15,52460,11:00,15:05,185,COMPLETE,5,0,DOWN,-0.32786885245901637,AVAILABLE,6.0,False,,RESTRUCTURING,RANGE_COMPRESSION|VOLUME_COMPRESSION|TRADING_VALUE_COMPRESSION,UNRESOLVED_STRUCTURE,WINDOW_OBSERVED,0,0,19,False,0,0,True,INHERITED_RAW_PRICE_BASIS,True,False
2025-07-15|52460,2025-07-15,52460,11:00,15:10,190,COMPLETE,5,0,DOWN,-0.32930845225027444,AVAILABLE,6.0,False,,RESTRUCTURING|RECOVERY,CHOPPINESS|VOLUME_EXPANSION|TRADING_VALUE_EXPANSION,UNRESOLVED_STRUCTURE,WINDOW_OBSERVED,0,1,20,False,0,0,True,INHERITED_RAW_PRICE_BASIS,True,True
2025-07-15|52460,2025-07-15,52460,11:00,15:15,195,COMPLETE,5,0,UP,0.6607929515418502,AVAILABLE,6.0,False,,RESTRUCTURING|RECOVERY,RANGE_EXPANSION,UNRESOLVED_STRUCTURE,WINDOW_OBSERVED,0,0,20,False,0,0,True,INHERITED_RAW_PRICE_BASIS,True,False
2025-07-15|52460,2025-07-15,52460,11:00,15:20,200,COMPLETE,5,0,DOWN,-0.10940919037199125,AVAILABLE,6.0,False,,RESTRUCTURING|RECOVERY,CHOPPINESS|RANGE_COMPRESSION,UNRESOLVED_STRUCTURE,RIGHT_CENSORED,0,0,20,False,0,0,True,INHERITED_RAW_PRICE_BASIS,True,False
2025-07-15|52460,2025-07-15,52460,11:00,15:25,205,COMPLETE,5,0,UNCHANGED,0.0,AVAILABLE,6.0,False,,RESTRUCTURING|RECOVERY,VOLUME_EXPANSION|TRADING_VALUE_EXPANSION,UNRESOLVED_STRUCTURE,RIGHT_CENSORED,0,0,20,False,0,0,True,INHERITED_RAW_PRICE_BASIS,True,False
2025-07-15|52550,2025-07-15,52550,10:30,10:30,0,COMPLETE,5,0,DOWN,-1.0050251256281406,AVAILABLE,3.0,False,DOWN_STRUCTURE,PROGRESSION,VOLUME_COMPRESSION|TRADING_VALUE_COMPRESSION,IDENTIFIED,WINDOW_OBSERVED,0,0,11,False,0,2,True,INHERITED_RAW_PRICE_BASIS,False,False
2025-07-15|52550,2025-07-15,52550,10:30,10:35,5,COMPLETE,5,0,UNCHANGED,0.0,AVAILABLE,3.0,False,DOWN_STRUCTURE,PROGRESSION,RANGE_COMPRESSION,IDENTIFIED,WINDOW_OBSERVED,0,0,11,False,0,0,True,INHERITED_RAW_PRICE_BASIS,True,False
2025-07-15|52550,2025-07-15,52550,10:30,10:40,10,COMPLETE,5,0,DOWN,-0.5076142131979695,AVAILABLE,3.0,False,DOWN_STRUCTURE,CORRECTION|RECOVERY,RANGE_EXPANSION|VOLUME_EXPANSION|TRADING_VALUE_EXPANSION,IDENTIFIED,WINDOW_OBSERVED,0,1,12,False,0,0,True,INHERITED_RAW_PRICE_BASIS,True,True
2025-07-15|52550,2025-07-15,52550,10:30,10:45,15,COMPLETE,5,0,UNCHANGED,0.0,AVAILABLE,3.0,False,DOWN_STRUCTURE,CORRECTION|RECOVERY,RANGE_COMPRESSION|VOLUME_COMPRESSION|TRADING_VALUE_COMPRESSION,IDENTIFIED,WINDOW_OBSERVED,0,1,12,False,0,0,True,INHERITED_RAW_PRICE_BASIS,True,False
2025-07-15|52550,2025-07-15,52550,10:30,10:50,20,COMPLETE,5,0,UP,1.0204081632653061,AVAILABLE,3.0,False,DOWN_STRUCTURE,CORRECTION|RECOVERY,RANGE_EXPANSION,IDENTIFIED,WINDOW_OBSERVED,0,0,12,False,0,0,True,INHERITED_RAW_PRICE_BASIS,True,False
2025-07-15|52550,2025-07-15,52550,10:30,10:55,25,COMPLETE,5,0,UP,0.5025125628140703,AVAILABLE,3.0,False,DOWN_STRUCTURE,PROGRESSION,VOLUME_EXPANSION|TRADING_VALUE_EXPANSION,IDENTIFIED,WINDOW_OBSERVED,0,1,13,False,0,0,True,INHERITED_RAW_PRICE_BASIS,True,True
2025-07-15|52550,2025-07-15,52550,10:30,11:00,30,COMPLETE,5,0,UNCHANGED,0.0,AVAILABLE,3.0,False,DOWN_STRUCTURE,PROGRESSION,RANGE_COMPRESSION|VOLUME_COMPRESSION|TRADING_VALUE_COMPRESSION,IDENTIFIED,WINDOW_OBSERVED,0,1,13,False,0,0,True,INHERITED_RAW_PRICE_BASIS,True,False
2025-07-15|52550,2025-07-15,52550,10:30,11:05,35,COMPLETE,5,0,DOWN,-1.5,AVAILABLE,3.0,False,DOWN_STRUCTURE,PROGRESSION,RANGE_EXPANSION|VOLUME_EXPANSION|TRADING_VALUE_EXPANSION,IDENTIFIED,WINDOW_OBSERVED,0,0,13,False,0,1,True,INHERITED_RAW_PRICE_BASIS,True,False
2025-07-15|52550,2025-07-15,52550,10:30,11:10,40,COMPLETE,5,0,DOWN,-1.5228426395939085,AVAILABLE,3.0,False,DOWN_STRUCTURE,,RANGE_COMPRESSION|VOLUME_COMPRESSION|TRADING_VALUE_COMPRESSION,IDENTIFIED,WINDOW_OBSERVED,0,1,14,False,1,1,True,INHERITED_RAW_PRICE_BASIS,True,True
2025-07-15|52550,2025-07-15,52550,10:30,11:15,45,COMPLETE,5,0,UP,1.0309278350515463,AVAILABLE,3.0,False,DOWN_STRUCTURE,CORRECTION|RECOVERY,,IDENTIFIED,WINDOW_OBSERVED,0,1,14,False,0,1,True,INHERITED_RAW_PRICE_BASIS,True,True
2025-07-15|52550,2025-07-15,52550,10:30,11:20,50,COMPLETE,5,0,UP,0.5102040816326531,AVAILABLE,3.0,False,DOWN_STRUCTURE,CORRECTION|RECOVERY,RANGE_COMPRESSION|VOLUME_COMPRESSION|TRADING_VALUE_COMPRESSION,IDENTIFIED,WINDOW_OBSERVED,0,0,14,False,0,0,True,INHERITED_RAW_PRICE_BASIS,True,False
2025-07-15|52550,2025-07-15,52550,10:30,11:25,55,COMPLETE,5,0,UNCHANGED,0.0,AVAILABLE,3.0,False,DOWN_STRUCTURE,CORRECTION|RECOVERY,RANGE_COMPRESSION,IDENTIFIED,WINDOW_OBSERVED,0,0,14,False,0,0,True,INHERITED_RAW_PRICE_BASIS,True,False
2025-07-15|52550,2025-07-15,52550,10:30,11:30,60,COMPLETE,5,0,UNCHANGED,0.0,AVAILABLE,3.0,False,DOWN_STRUCTURE,CORRECTION|RECOVERY,VOLUME_EXPANSION|TRADING_VALUE_EXPANSION,IDENTIFIED,WINDOW_OBSERVED,0,0,14,False,0,0,True,INHERITED_RAW_PRICE_BASIS,True,False
2025-07-15|52550,2025-07-15,52550,10:30,12:35,65,COMPLETE,5,0,DOWN,-1.0256410256410255,AVAILABLE,3.0,False,DOWN_STRUCTURE,,,IDENTIFIED,WINDOW_OBSERVED,0,0,0,False,2,2,True,INHERITED_RAW_PRICE_BASIS,True,True
2025-07-15|52550,2025-07-15,52550,10:30,12:40,70,COMPLETE,5,0,UNCHANGED,0.0,AVAILABLE,3.0,False,DOWN_STRUCTURE,,RANGE_COMPRESSION|VOLUME_COMPRESSION|TRADING_VALUE_COMPRESSION,IDENTIFIED,WINDOW_OBSERVED,0,0,0,False,0,2,True,INHERITED_RAW_PRICE_BASIS,True,False
2025-07-15|52550,2025-07-15,52550,10:30,12:45,75,COMPLETE,5,0,DOWN,-0.5154639175257731,AVAILABLE,3.0,False,DOWN_STRUCTURE,PROGRESSION,RANGE_EXPANSION,IDENTIFIED,WINDOW_OBSERVED,0,1,1,False,0,0,True,INHERITED_RAW_PRICE_BASIS,True,True
2025-07-15|52550,2025-07-15,52550,10:30,12:50,80,COMPLETE,5,0,DOWN,-0.5181347150259067,AVAILABLE,3.0,False,DOWN_STRUCTURE,PROGRESSION,VOLUME_EXPANSION|TRADING_VALUE_EXPANSION,IDENTIFIED,WINDOW_OBSERVED,0,1,1,False,1,2,True,INHERITED_RAW_PRICE_BASIS,True,False
2025-07-15|52550,2025-07-15,52550,10:30,12:55,85,COMPLETE,5,0,DOWN,-2.6041666666666665,AVAILABLE,3.0,False,DOWN_STRUCTURE,PROGRESSION,RANGE_EXPANSION|VOLUME_EXPANSION|TRADING_VALUE_EXPANSION,IDENTIFIED,WINDOW_OBSERVED,0,0,1,False,0,1,True,INHERITED_RAW_PRICE_BASIS,True,False
2025-07-15|52550,2025-07-15,52550,10:30,13:00,90,COMPLETE,5,0,DOWN,-0.5347593582887701,AVAILABLE,3.0,False,DOWN_STRUCTURE,PROGRESSION,RANGE_COMPRESSION|VOLUME_COMPRESSION|TRADING_VALUE_COMPRESSION,IDENTIFIED,WINDOW_OBSERVED,0,0,1,False,1,0,True,INHERITED_RAW_PRICE_BASIS,True,False
2025-07-15|52550,2025-07-15,52550,10:30,13:05,95,COMPLETE,5,0,DOWN,-1.075268817204301,AVAILABLE,3.0,False,DOWN_STRUCTURE,CORRECTION|RECOVERY,VOLUME_EXPANSION|TRADING_VALUE_EXPANSION,IDENTIFIED,WINDOW_OBSERVED,0,1,2,False,0,3,True,INHERITED_RAW_PRICE_BASIS,True,True
2025-07-15|52550,2025-07-15,52550,10:30,13:10,100,COMPLETE,5,0,UP,1.0869565217391304,AVAILABLE,3.0,False,DOWN_STRUCTURE,PROGRESSION,VOLUME_COMPRESSION|TRADING_VALUE_COMPRESSION,IDENTIFIED,WINDOW_OBSERVED,0,1,3,False,0,0,True,INHERITED_RAW_PRICE_BASIS,True,True
2025-07-15|52550,2025-07-15,52550,10:30,13:15,105,COMPLETE,5,0,DOWN,-0.5376344086021505,AVAILABLE,3.0,False,DOWN_STRUCTURE,PROGRESSION,RANGE_COMPRESSION|VOLUME_COMPRESSION|TRADING_VALUE_COMPRESSION,IDENTIFIED,WINDOW_OBSERVED,0,1,3,False,0,0,True,INHERITED_RAW_PRICE_BASIS,True,False
2025-07-15|52550,2025-07-15,52550,10:30,13:20,110,COMPLETE,5,0,DOWN,-1.6216216216216217,AVAILABLE,3.0,False,DOWN_STRUCTURE,PROGRESSION,RANGE_EXPANSION|VOLUME_EXPANSION|TRADING_VALUE_EXPANSION,IDENTIFIED,WINDOW_OBSERVED,0,0,3,False,8,4,True,INHERITED_RAW_PRICE_BASIS,True,False
2025-07-15|52550,2025-07-15,52550,10:30,13:25,115,COMPLETE,5,0,UP,0.5494505494505495,AVAILABLE,3.0,False,DOWN_STRUCTURE,PROGRESSION,RANGE_COMPRESSION|VOLUME_COMPRESSION|TRADING_VALUE_COMPRESSION,IDENTIFIED,WINDOW_OBSERVED,0,0,3,False,3,1,True,INHERITED_RAW_PRICE_BASIS,True,False
2025-07-15|52550,2025-07-15,52550,10:30,13:30,120,COMPLETE,5,0,UNCHANGED,0.0,AVAILABLE,3.0,False,DOWN_STRUCTURE,PROGRESSION,VOLUME_COMPRESSION|TRADING_VALUE_COMPRESSION,IDENTIFIED,WINDOW_OBSERVED,0,0,3,True,0,7,True,INHERITED_RAW_PRICE_BASIS,True,False
2025-07-15|52550,2025-07-15,52550,10:30,13:35,125,COMPLETE,5,0,UNCHANGED,0.0,AVAILABLE,3.0,False,DOWN_STRUCTURE,PROGRESSION,RANGE_COMPRESSION|VOLUME_COMPRESSION|TRADING_VALUE_COMPRESSION,IDENTIFIED,OBSERVATION_INSUFFICIENT,1,0,3,True,0,6,True,INHERITED_RAW_PRICE_BASIS,True,False
2025-07-15|52550,2025-07-15,52550,10:30,13:40,130,COMPLETE,5,0,UNCHANGED,0.0,AVAILABLE,3.0,False,DOWN_STRUCTURE,PROGRESSION,VOLUME_EXPANSION|TRADING_VALUE_EXPANSION,IDENTIFIED,OBSERVATION_INSUFFICIENT,1,0,3,True,0,6,True,INHERITED_RAW_PRICE_BASIS,True,False
2025-07-15|52550,2025-07-15,52550,10:30,13:45,135,PARTIAL,4,1,,,AVAILABLE,3.0,False,,,,UNRESOLVED_STRUCTURE,WINDOW_OBSERVED,0,0,0,False,0,0,False,INHERITED_RAW_PRICE_BASIS,False,False
2025-07-15|52550,2025-07-15,52550,10:30,13:50,140,COMPLETE,5,0,UP,0.5405405405405406,AVAILABLE,3.0,False,,,,UNRESOLVED_STRUCTURE,WINDOW_OBSERVED,0,1,1,False,0,0,False,INHERITED_RAW_PRICE_BASIS,False,False
2025-07-15|52550,2025-07-15,52550,10:30,13:55,145,COMPLETE,5,0,DOWN,-0.5376344086021505,AVAILABLE,3.0,False,,,RANGE_EXPANSION,UNRESOLVED_STRUCTURE,WINDOW_OBSERVED,0,1,1,False,0,0,False,INHERITED_RAW_PRICE_BASIS,True,False
2025-07-15|52550,2025-07-15,52550,10:30,14:00,150,COMPLETE,5,0,UNCHANGED,0.0,AVAILABLE,3.0,False,,,,UNRESOLVED_STRUCTURE,OBSERVATION_INSUFFICIENT,1,0,1,False,0,2,False,INHERITED_RAW_PRICE_BASIS,True,False
2025-07-15|52550,2025-07-15,52550,10:30,14:05,155,COMPLETE,5,0,UNCHANGED,0.0,AVAILABLE,3.0,False,,,RANGE_COMPRESSION|VOLUME_COMPRESSION|TRADING_VALUE_COMPRESSION,UNRESOLVED_STRUCTURE,OBSERVATION_INSUFFICIENT,1,0,1,False,0,0,False,INHERITED_RAW_PRICE_BASIS,True,False
2025-07-15|52550,2025-07-15,52550,10:30,14:10,160,PARTIAL,4,1,,,AVAILABLE,3.0,False,,,,UNRESOLVED_STRUCTURE,WINDOW_OBSERVED,0,0,0,False,0,0,False,INHERITED_RAW_PRICE_BASIS,False,False
2025-07-15|52550,2025-07-15,52550,10:30,14:15,165,COMPLETE,5,0,UNCHANGED,0.0,AVAILABLE,3.0,False,,,,UNRESOLVED_STRUCTURE,WINDOW_OBSERVED,0,0,0,False,2,3,False,INHERITED_RAW_PRICE_BASIS,False,False
2025-07-15|52550,2025-07-15,52550,10:30,14:20,170,COMPLETE,5,0,UP,0.5494505494505495,AVAILABLE,3.0,False,,,VOLUME_COMPRESSION|TRADING_VALUE_COMPRESSION,UNRESOLVED_STRUCTURE,WINDOW_OBSERVED,0,0,0,False,0,0,False,INHERITED_RAW_PRICE_BASIS,True,False
2025-07-15|52550,2025-07-15,52550,10:30,14:25,175,COMPLETE,5,0,DOWN,-0.546448087431694,AVAILABLE,3.0,False,,,VOLUME_EXPANSION|TRADING_VALUE_EXPANSION,UNRESOLVED_STRUCTURE,WINDOW_OBSERVED,0,0,0,False,2,2,False,INHERITED_RAW_PRICE_BASIS,True,False
2025-07-15|52550,2025-07-15,52550,10:30,14:30,180,COMPLETE,5,0,UP,0.546448087431694,AVAILABLE,3.0,False,,,VOLUME_COMPRESSION|TRADING_VALUE_COMPRESSION,UNRESOLVED_STRUCTURE,WINDOW_OBSERVED,0,0,0,False,0,6,False,INHERITED_RAW_PRICE_BASIS,True,False
2025-07-15|52550,2025-07-15,52550,10:30,14:35,185,COMPLETE,5,0,UNCHANGED,0.0,AVAILABLE,3.0,False,,,RANGE_COMPRESSION|VOLUME_COMPRESSION|TRADING_VALUE_COMPRESSION,UNRESOLVED_STRUCTURE,OBSERVATION_INSUFFICIENT,1,0,0,False,0,2,False,INHERITED_RAW_PRICE_BASIS,True,False
2025-07-15|52550,2025-07-15,52550,10:30,14:40,190,COMPLETE,5,0,DOWN,-0.5434782608695652,AVAILABLE,3.0,False,RANGE_STRUCTURE,BALANCE,CHOPPINESS|RANGE_EXPANSION|VOLUME_EXPANSION|TRADING_VALUE_EXPANSION,IDENTIFIED,OBSERVATION_INSUFFICIENT,1,0,0,True,0,2,True,INHERITED_RAW_PRICE_BASIS,True,True
2025-07-15|52550,2025-07-15,52550,10:30,14:45,195,PARTIAL,4,1,,,AVAILABLE,3.0,False,,,,CURRENT_BAR_UNAVAILABLE,WINDOW_OBSERVED,0,0,0,False,0,0,False,INHERITED_RAW_PRICE_BASIS,False,False
2025-07-15|52550,2025-07-15,52550,10:30,14:50,200,COMPLETE,5,0,UNCHANGED,0.0,AVAILABLE,3.0,False,,,,UNRESOLVED_STRUCTURE,WINDOW_OBSERVED,0,0,0,False,0,2,False,INHERITED_RAW_PRICE_BASIS,False,False
2025-07-15|52550,2025-07-15,52550,10:30,14:55,205,COMPLETE,5,0,UNCHANGED,0.0,AVAILABLE,3.0,False,,,VOLUME_EXPANSION|TRADING_VALUE_EXPANSION,UNRESOLVED_STRUCTURE,WINDOW_OBSERVED,0,0,0,False,0,0,False,INHERITED_RAW_PRICE_BASIS,True,False
2025-07-15|52550,2025-07-15,52550,10:30,15:00,210,COMPLETE,5,0,UNCHANGED,0.0,AVAILABLE,3.0,False,,,RANGE_COMPRESSION|VOLUME_COMPRESSION|TRADING_VALUE_COMPRESSION,UNRESOLVED_STRUCTURE,WINDOW_OBSERVED,0,0,0,False,0,0,False,INHERITED_RAW_PRICE_BASIS,True,False
2025-07-15|52550,2025-07-15,52550,10:30,15:05,215,COMPLETE,5,0,DOWN,-1.0869565217391304,AVAILABLE,3.0,False,,,VOLUME_EXPANSION|TRADING_VALUE_EXPANSION,UNRESOLVED_STRUCTURE,WINDOW_OBSERVED,0,1,1,False,0,4,False,INHERITED_RAW_PRICE_BASIS,True,False
2025-07-15|52550,2025-07-15,52550,10:30,15:10,220,COMPLETE,5,0,UP,0.5494505494505495,AVAILABLE,3.0,False,,,VOLUME_COMPRESSION|TRADING_VALUE_COMPRESSION,UNRESOLVED_STRUCTURE,WINDOW_OBSERVED,0,1,1,False,2,4,False,INHERITED_RAW_PRICE_BASIS,True,False
2025-07-15|52550,2025-07-15,52550,10:30,15:15,225,COMPLETE,5,0,DOWN,-1.098901098901099,AVAILABLE,3.0,False,,,RANGE_EXPANSION|VOLUME_EXPANSION|TRADING_VALUE_EXPANSION,UNRESOLVED_STRUCTURE,WINDOW_OBSERVED,0,0,1,False,1,3,False,INHERITED_RAW_PRICE_BASIS,True,False
2025-07-15|52550,2025-07-15,52550,10:30,15:20,230,COMPLETE,5,0,UNCHANGED,0.0,AVAILABLE,3.0,False,,,RANGE_COMPRESSION,UNRESOLVED_STRUCTURE,RIGHT_CENSORED,0,0,1,False,2,2,False,INHERITED_RAW_PRICE_BASIS,True,False
2025-07-15|52550,2025-07-15,52550,10:30,15:25,235,COMPLETE,5,0,DOWN,-0.5555555555555556,AVAILABLE,3.0,False,RANGE_STRUCTURE,BALANCE,RANGE_COMPRESSION|VOLUME_COMPRESSION|TRADING_VALUE_COMPRESSION,IDENTIFIED,RIGHT_CENSORED,0,0,1,True,0,0,True,INHERITED_RAW_PRICE_BASIS,True,True
2025-07-15|57210,2025-07-15,57210,09:30,09:30,0,COMPLETE,5,0,UNCHANGED,0.0,AVAILABLE,1.0,False,,RESTRUCTURING,RANGE_COMPRESSION|VOLUME_COMPRESSION|TRADING_VALUE_COMPRESSION,UNRESOLVED_STRUCTURE,WINDOW_OBSERVED,0,0,11,False,0,1,True,INHERITED_RAW_PRICE_BASIS,False,False
2025-07-15|57210,2025-07-15,57210,09:30,09:35,5,COMPLETE,5,0,UNCHANGED,0.0,AVAILABLE,1.0,False,RANGE_STRUCTURE,BALANCE|RECOVERY,RANGE_EXPANSION|VOLUME_EXPANSION|TRADING_VALUE_EXPANSION,IDENTIFIED,WINDOW_OBSERVED,0,0,12,True,0,2,True,INHERITED_RAW_PRICE_BASIS,True,True
2025-07-15|57210,2025-07-15,57210,09:30,09:40,10,COMPLETE,5,0,UNCHANGED,0.0,AVAILABLE,1.0,False,RANGE_STRUCTURE,BALANCE,CHOPPINESS|RANGE_COMPRESSION|VOLUME_COMPRESSION|TRADING_VALUE_COMPRESSION,IDENTIFIED,WINDOW_OBSERVED,0,1,15,True,0,2,True,INHERITED_RAW_PRICE_BASIS,True,True
2025-07-15|57210,2025-07-15,57210,09:30,09:45,15,COMPLETE,5,0,UP,1.6260162601626016,AVAILABLE,1.0,False,,RESTRUCTURING,RANGE_EXPANSION|VOLUME_EXPANSION|TRADING_VALUE_EXPANSION,UNRESOLVED_STRUCTURE,WINDOW_OBSERVED,0,1,17,False,0,5,True,INHERITED_RAW_PRICE_BASIS,True,True
2025-07-15|57210,2025-07-15,57210,09:30,09:50,20,COMPLETE,5,0,UNCHANGED,0.0,AVAILABLE,1.0,False,UP_STRUCTURE,PROGRESSION,RANGE_COMPRESSION|VOLUME_COMPRESSION|TRADING_VALUE_COMPRESSION,IDENTIFIED,WINDOW_OBSERVED,0,0,18,False,0,3,True,INHERITED_RAW_PRICE_BASIS,True,True
2025-07-15|57210,2025-07-15,57210,09:30,09:55,25,COMPLETE,5,0,UNCHANGED,0.0,AVAILABLE,1.0,False,UP_STRUCTURE,,,IDENTIFIED,WINDOW_OBSERVED,0,1,21,False,0,6,True,INHERITED_RAW_PRICE_BASIS,True,True
2025-07-15|57210,2025-07-15,57210,09:30,10:00,30,COMPLETE,5,0,UNCHANGED,0.0,AVAILABLE,1.0,False,UP_STRUCTURE,CORRECTION,VOLUME_EXPANSION|TRADING_VALUE_EXPANSION,IDENTIFIED,WINDOW_OBSERVED,0,0,23,False,0,5,True,INHERITED_RAW_PRICE_BASIS,True,True
2025-07-15|57210,2025-07-15,57210,09:30,10:05,35,COMPLETE,5,0,DOWN,-2.380952380952381,AVAILABLE,1.0,False,,RESTRUCTURING,RANGE_EXPANSION|VOLUME_COMPRESSION|TRADING_VALUE_COMPRESSION,UNRESOLVED_STRUCTURE,WINDOW_OBSERVED,0,0,23,False,0,3,True,INHERITED_RAW_PRICE_BASIS,True,True
2025-07-15|57210,2025-07-15,57210,09:30,10:10,40,COMPLETE,5,0,DOWN,-1.6129032258064515,AVAILABLE,1.0,False,,RESTRUCTURING,RANGE_COMPRESSION|VOLUME_EXPANSION|TRADING_VALUE_EXPANSION,UNRESOLVED_STRUCTURE,WINDOW_OBSERVED,0,1,24,False,0,0,True,INHERITED_RAW_PRICE_BASIS,True,False
2025-07-15|57210,2025-07-15,57210,09:30,10:15,45,COMPLETE,5,0,DOWN,-0.8130081300813008,AVAILABLE,1.0,False,DOWN_STRUCTURE,,RANGE_COMPRESSION|VOLUME_COMPRESSION|TRADING_VALUE_COMPRESSION,IDENTIFIED,OBSERVATION_INSUFFICIENT,1,1,26,False,0,1,True,INHERITED_RAW_PRICE_BASIS,True,True
2025-07-15|57210,2025-07-15,57210,09:30,10:20,50,COMPLETE,5,0,UNCHANGED,0.0,AVAILABLE,1.0,False,DOWN_STRUCTURE,CORRECTION,VOLUME_EXPANSION|TRADING_VALUE_EXPANSION,IDENTIFIED,OBSERVATION_INSUFFICIENT,1,0,26,False,0,2,True,INHERITED_RAW_PRICE_BASIS,True,True
2025-07-15|57210,2025-07-15,57210,09:30,10:25,55,PARTIAL,4,1,,,AVAILABLE,1.0,False,,,,UNRESOLVED_STRUCTURE,WINDOW_OBSERVED,0,0,1,False,0,1,False,INHERITED_RAW_PRICE_BASIS,False,False
2025-07-15|57210,2025-07-15,57210,09:30,10:30,60,COMPLETE,5,0,DOWN,-0.819672131147541,AVAILABLE,1.0,False,,RECOVERY,,UNRESOLVED_STRUCTURE,WINDOW_OBSERVED,0,0,2,False,0,1,True,INHERITED_RAW_PRICE_BASIS,False,False
2025-07-15|57210,2025-07-15,57210,09:30,10:35,65,COMPLETE,5,0,UNCHANGED,0.0,AVAILABLE,1.0,False,,,RANGE_COMPRESSION|VOLUME_COMPRESSION|TRADING_VALUE_COMPRESSION,UNRESOLVED_STRUCTURE,WINDOW_OBSERVED,0,1,3,False,0,0,False,INHERITED_RAW_PRICE_BASIS,True,True
2025-07-15|57210,2025-07-15,57210,09:30,10:40,70,COMPLETE,5,0,UP,0.8333333333333334,AVAILABLE,1.0,False,,,VOLUME_COMPRESSION|TRADING_VALUE_COMPRESSION,UNRESOLVED_STRUCTURE,WINDOW_OBSERVED,0,1,3,False,0,0,False,INHERITED_RAW_PRICE_BASIS,True,False
2025-07-15|57210,2025-07-15,57210,09:30,10:45,75,COMPLETE,5,0,DOWN,-0.8264462809917356,AVAILABLE,1.0,False,,,CHOPPINESS|RANGE_EXPANSION|VOLUME_EXPANSION|TRADING_VALUE_EXPANSION,UNRESOLVED_STRUCTURE,WINDOW_OBSERVED,0,0,5,False,0,2,False,INHERITED_RAW_PRICE_BASIS,True,False
2025-07-15|57210,2025-07-15,57210,09:30,10:50,80,COMPLETE,5,0,UNCHANGED,0.0,AVAILABLE,1.0,False,,,RANGE_COMPRESSION,UNRESOLVED_STRUCTURE,WINDOW_OBSERVED,0,0,5,False,0,1,False,INHERITED_RAW_PRICE_BASIS,True,False
2025-07-15|57210,2025-07-15,57210,09:30,10:55,85,COMPLETE,5,0,UNCHANGED,0.0,AVAILABLE,1.0,False,,,VOLUME_COMPRESSION|TRADING_VALUE_COMPRESSION,UNRESOLVED_STRUCTURE,WINDOW_OBSERVED,0,1,6,False,0,0,False,INHERITED_RAW_PRICE_BASIS,True,False
2025-07-15|57210,2025-07-15,57210,09:30,11:00,90,COMPLETE,5,0,UNCHANGED,0.0,AVAILABLE,1.0,False,,,RANGE_EXPANSION,UNRESOLVED_STRUCTURE,WINDOW_OBSERVED,0,1,6,False,1,0,False,INHERITED_RAW_PRICE_BASIS,True,False
2025-07-15|57210,2025-07-15,57210,09:30,11:05,95,COMPLETE,5,0,UNCHANGED,0.0,AVAILABLE,1.0,False,DOWN_STRUCTURE,PROGRESSION,RANGE_COMPRESSION|VOLUME_COMPRESSION|TRADING_VALUE_COMPRESSION,IDENTIFIED,WINDOW_OBSERVED,0,0,7,False,0,1,True,INHERITED_RAW_PRICE_BASIS,True,True
2025-07-15|57210,2025-07-15,57210,09:30,11:10,100,COMPLETE,5,0,DOWN,-0.8403361344537815,AVAILABLE,1.0,False,DOWN_STRUCTURE,,CHOPPINESS|VOLUME_EXPANSION|TRADING_VALUE_EXPANSION,IDENTIFIED,WINDOW_OBSERVED,0,1,10,False,0,3,True,INHERITED_RAW_PRICE_BASIS,True,True
2025-07-15|57210,2025-07-15,57210,09:30,11:15,105,COMPLETE,5,0,UNCHANGED,0.0,AVAILABLE,1.0,False,DOWN_STRUCTURE,,VOLUME_COMPRESSION|TRADING_VALUE_COMPRESSION,IDENTIFIED,WINDOW_OBSERVED,0,1,12,False,0,3,True,INHERITED_RAW_PRICE_BASIS,True,False
2025-07-15|57210,2025-07-15,57210,09:30,11:20,110,COMPLETE,5,0,UNCHANGED,0.0,AVAILABLE,1.0,False,DOWN_STRUCTURE,,VOLUME_COMPRESSION|TRADING_VALUE_COMPRESSION,IDENTIFIED,WINDOW_OBSERVED,0,1,14,True,0,3,True,INHERITED_RAW_PRICE_BASIS,True,False
2025-07-15|57210,2025-07-15,57210,09:30,11:25,115,COMPLETE,5,0,UP,0.847457627118644,AVAILABLE,1.0,False,DOWN_STRUCTURE,CORRECTION,VOLUME_EXPANSION|TRADING_VALUE_EXPANSION,IDENTIFIED,WINDOW_OBSERVED,0,0,14,True,0,3,True,INHERITED_RAW_PRICE_BASIS,True,True
2025-07-15|57210,2025-07-15,57210,09:30,11:30,120,COMPLETE,5,0,UP,0.8403361344537815,AVAILABLE,1.0,False,RANGE_STRUCTURE,BALANCE,RANGE_EXPANSION,IDENTIFIED,WINDOW_OBSERVED,0,0,16,True,1,7,True,INHERITED_RAW_PRICE_BASIS,True,True
2025-07-15|57210,2025-07-15,57210,09:30,12:35,125,COMPLETE,5,0,DOWN,-0.8333333333333334,AVAILABLE,1.0,False,RANGE_STRUCTURE,BALANCE,,IDENTIFIED,WINDOW_OBSERVED,0,0,2,True,0,0,True,INHERITED_RAW_PRICE_BASIS,True,False
2025-07-15|57210,2025-07-15,57210,09:30,12:40,130,COMPLETE,5,0,DOWN,-0.8403361344537815,AVAILABLE,1.0,False,RANGE_STRUCTURE,BALANCE,RANGE_EXPANSION|VOLUME_COMPRESSION|TRADING_VALUE_COMPRESSION,IDENTIFIED,WINDOW_OBSERVED,0,1,3,True,0,1,True,INHERITED_RAW_PRICE_BASIS,True,False
2025-07-15|57210,2025-07-15,57210,09:30,12:45,135,COMPLETE,5,0,DOWN,-0.847457627118644,AVAILABLE,1.0,False,DOWN_STRUCTURE,,VOLUME_EXPANSION|TRADING_VALUE_EXPANSION,IDENTIFIED,WINDOW_OBSERVED,0,1,5,False,0,5,True,INHERITED_RAW_PRICE_BASIS,True,True
2025-07-15|57210,2025-07-15,57210,09:30,12:50,140,COMPLETE,5,0,UNCHANGED,0.0,AVAILABLE,1.0,False,DOWN_STRUCTURE,PROGRESSION,VOLUME_EXPANSION|TRADING_VALUE_EXPANSION,IDENTIFIED,WINDOW_OBSERVED,0,0,6,False,0,3,True,INHERITED_RAW_PRICE_BASIS,True,True
2025-07-15|57210,2025-07-15,57210,09:30,12:55,145,COMPLETE,5,0,DOWN,-0.847457627118644,AVAILABLE,1.0,False,DOWN_STRUCTURE,,CHOPPINESS|RANGE_COMPRESSION|VOLUME_COMPRESSION|TRADING_VALUE_COMPRESSION,IDENTIFIED,WINDOW_OBSERVED,0,1,9,False,0,2,True,INHERITED_RAW_PRICE_BASIS,True,True
2025-07-15|57210,2025-07-15,57210,09:30,13:00,150,COMPLETE,5,0,UNCHANGED,0.0,AVAILABLE,1.0,False,DOWN_STRUCTURE,,RANGE_EXPANSION|VOLUME_COMPRESSION|TRADING_VALUE_COMPRESSION,IDENTIFIED,WINDOW_OBSERVED,0,1,9,False,0,0,True,INHERITED_RAW_PRICE_BASIS,True,False
2025-07-15|57210,2025-07-15,57210,09:30,13:05,155,COMPLETE,5,0,UP,0.8547008547008547,AVAILABLE,1.0,False,DOWN_STRUCTURE,CORRECTION,RANGE_COMPRESSION,IDENTIFIED,WINDOW_OBSERVED,0,0,9,False,0,1,True,INHERITED_RAW_PRICE_BASIS,True,True
2025-07-15|57210,2025-07-15,57210,09:30,13:10,160,COMPLETE,5,0,UNCHANGED,0.0,AVAILABLE,1.0,False,UP_STRUCTURE,,VOLUME_COMPRESSION|TRADING_VALUE_COMPRESSION,IDENTIFIED,WINDOW_OBSERVED,0,1,11,False,0,1,True,INHERITED_RAW_PRICE_BASIS,True,True
2025-07-15|57210,2025-07-15,57210,09:30,13:15,165,COMPLETE,5,0,UP,0.847457627118644,AVAILABLE,1.0,False,UP_STRUCTURE,,VOLUME_COMPRESSION|TRADING_VALUE_COMPRESSION,IDENTIFIED,WINDOW_OBSERVED,0,1,12,False,0,0,True,INHERITED_RAW_PRICE_BASIS,True,False
2025-07-15|57210,2025-07-15,57210,09:30,13:20,170,COMPLETE,5,0,UNCHANGED,0.0,AVAILABLE,1.0,False,UP_STRUCTURE,,RANGE_COMPRESSION|VOLUME_EXPANSION|TRADING_VALUE_EXPANSION,IDENTIFIED,OBSERVATION_INSUFFICIENT,1,1,13,False,0,1,True,INHERITED_RAW_PRICE_BASIS,True,False
2025-07-15|57210,2025-07-15,57210,09:30,13:25,175,COMPLETE,5,0,UNCHANGED,0.0,AVAILABLE,1.0,False,UP_STRUCTURE,CORRECTION,VOLUME_COMPRESSION|TRADING_VALUE_COMPRESSION,IDENTIFIED,OBSERVATION_INSUFFICIENT,1,0,14,False,0,2,True,INHERITED_RAW_PRICE_BASIS,True,True
2025-07-15|57210,2025-07-15,57210,09:30,13:30,180,PARTIAL,4,1,,,AVAILABLE,1.0,False,,,,CURRENT_BAR_UNAVAILABLE,WINDOW_OBSERVED,0,0,0,False,0,1,False,INHERITED_RAW_PRICE_BASIS,False,False
2025-07-15|57210,2025-07-15,57210,09:30,13:35,185,COMPLETE,5,0,UNCHANGED,0.0,AVAILABLE,1.0,False,,,,UNRESOLVED_STRUCTURE,OBSERVATION_INSUFFICIENT,2,1,1,False,0,0,False,INHERITED_RAW_PRICE_BASIS,False,False
2025-07-15|57210,2025-07-15,57210,09:30,13:40,190,COMPLETE,5,0,DOWN,-0.8403361344537815,AVAILABLE,1.0,False,,,CHOPPINESS|VOLUME_COMPRESSION|TRADING_VALUE_COMPRESSION,UNRESOLVED_STRUCTURE,OBSERVATION_INSUFFICIENT,2,0,3,False,0,0,False,INHERITED_RAW_PRICE_BASIS,True,False
2025-07-15|57210,2025-07-15,57210,09:30,13:45,195,PARTIAL,3,2,,,AVAILABLE,1.0,False,,,,CURRENT_BAR_UNAVAILABLE,OBSERVATION_INSUFFICIENT,2,0,0,False,0,0,False,INHERITED_RAW_PRICE_BASIS,False,False
2025-07-15|57210,2025-07-15,57210,09:30,13:50,200,COMPLETE,5,0,UNCHANGED,0.0,AVAILABLE,1.0,False,,,,UNRESOLVED_STRUCTURE,OBSERVATION_INSUFFICIENT,5,0,2,False,0,0,False,INHERITED_RAW_PRICE_BASIS,False,False
2025-07-15|57210,2025-07-15,57210,09:30,13:55,205,PARTIAL,3,2,,,AVAILABLE,1.0,False,,,,UNRESOLVED_STRUCTURE,OBSERVATION_INSUFFICIENT,4,0,0,False,0,0,False,INHERITED_RAW_PRICE_BASIS,False,False
2025-07-15|57210,2025-07-15,57210,09:30,14:00,210,PARTIAL,2,3,,,AVAILABLE,1.0,False,,,,UNRESOLVED_STRUCTURE,OBSERVATION_INSUFFICIENT,1,1,1,False,0,0,False,INHERITED_RAW_PRICE_BASIS,False,False
2025-07-15|57210,2025-07-15,57210,09:30,14:05,215,PARTIAL,4,1,,,AVAILABLE,1.0,False,,,,UNRESOLVED_STRUCTURE,WINDOW_OBSERVED,0,1,1,False,0,0,False,INHERITED_RAW_PRICE_BASIS,False,False
2025-07-15|57210,2025-07-15,57210,09:30,14:10,220,COMPLETE,5,0,UP,0.847457627118644,AVAILABLE,1.0,False,,,,UNRESOLVED_STRUCTURE,WINDOW_OBSERVED,0,1,3,False,0,0,False,INHERITED_RAW_PRICE_BASIS,False,False
2025-07-15|57210,2025-07-15,57210,09:30,14:15,225,COMPLETE,5,0,UNCHANGED,0.0,AVAILABLE,1.0,False,,,RANGE_COMPRESSION|VOLUME_COMPRESSION|TRADING_VALUE_COMPRESSION,UNRESOLVED_STRUCTURE,WINDOW_OBSERVED,0,0,3,False,0,0,False,INHERITED_RAW_PRICE_BASIS,True,False
2025-07-15|57210,2025-07-15,57210,09:30,14:20,230,COMPLETE,5,0,UNCHANGED,0.0,AVAILABLE,1.0,False,,,VOLUME_COMPRESSION|TRADING_VALUE_COMPRESSION,UNRESOLVED_STRUCTURE,OBSERVATION_INSUFFICIENT,1,0,3,False,0,0,False,INHERITED_RAW_PRICE_BASIS,True,False
2025-07-15|57210,2025-07-15,57210,09:30,14:25,235,COMPLETE,5,0,UNCHANGED,0.0,AVAILABLE,1.0,False,,,CHOPPINESS|RANGE_EXPANSION,UNRESOLVED_STRUCTURE,OBSERVATION_INSUFFICIENT,1,0,5,False,0,2,False,INHERITED_RAW_PRICE_BASIS,True,False
2025-07-15|57210,2025-07-15,57210,09:30,14:30,240,PARTIAL,4,1,,,AVAILABLE,1.0,False,,,,UNRESOLVED_STRUCTURE,OBSERVATION_INSUFFICIENT,1,1,1,False,0,0,False,INHERITED_RAW_PRICE_BASIS,False,False
2025-07-15|57210,2025-07-15,57210,09:30,14:35,245,COMPLETE,5,0,UNCHANGED,0.0,AVAILABLE,1.0,False,,,,UNRESOLVED_STRUCTURE,OBSERVATION_INSUFFICIENT,1,0,3,False,0,0,False,INHERITED_RAW_PRICE_BASIS,False,False
2025-07-15|57210,2025-07-15,57210,09:30,14:40,250,PARTIAL,4,1,,,AVAILABLE,1.0,False,,,,UNRESOLVED_STRUCTURE,WINDOW_OBSERVED,0,1,1,False,0,0,False,INHERITED_RAW_PRICE_BASIS,False,False
2025-07-15|57210,2025-07-15,57210,09:30,14:45,255,COMPLETE,5,0,UNCHANGED,0.0,AVAILABLE,1.0,False,,,,UNRESOLVED_STRUCTURE,OBSERVATION_INSUFFICIENT,1,1,3,False,0,0,False,INHERITED_RAW_PRICE_BASIS,False,False
2025-07-15|57210,2025-07-15,57210,09:30,14:50,260,COMPLETE,5,0,UNCHANGED,0.0,AVAILABLE,1.0,False,,,VOLUME_COMPRESSION|TRADING_VALUE_COMPRESSION,UNRESOLVED_STRUCTURE,OBSERVATION_INSUFFICIENT,1,1,5,False,0,2,False,INHERITED_RAW_PRICE_BASIS,True,False
2025-07-15|57210,2025-07-15,57210,09:30,14:55,265,PARTIAL,4,1,,,AVAILABLE,1.0,False,,,,UNRESOLVED_STRUCTURE,WINDOW_OBSERVED,0,1,1,False,0,1,False,INHERITED_RAW_PRICE_BASIS,False,False
2025-07-15|57210,2025-07-15,57210,09:30,15:00,270,COMPLETE,5,0,UP,0.8547008547008547,AVAILABLE,1.0,False,,,,UNRESOLVED_STRUCTURE,WINDOW_OBSERVED,0,1,2,False,0,0,False,INHERITED_RAW_PRICE_BASIS,False,False
2025-07-15|57210,2025-07-15,57210,09:30,15:05,275,COMPLETE,5,0,UNCHANGED,0.0,AVAILABLE,1.0,False,,,RANGE_COMPRESSION|VOLUME_COMPRESSION|TRADING_VALUE_COMPRESSION,UNRESOLVED_STRUCTURE,WINDOW_OBSERVED,0,0,2,False,0,0,False,INHERITED_RAW_PRICE_BASIS,True,False
2025-07-15|57210,2025-07-15,57210,09:30,15:10,280,COMPLETE,5,0,UNCHANGED,0.0,AVAILABLE,1.0,False,DOWN_STRUCTURE,,CHOPPINESS|VOLUME_COMPRESSION|TRADING_VALUE_COMPRESSION,IDENTIFIED,WINDOW_OBSERVED,0,1,6,False,0,4,True,INHERITED_RAW_PRICE_BASIS,True,False
2025-07-15|57210,2025-07-15,57210,09:30,15:15,285,COMPLETE,5,0,UP,0.8620689655172413,AVAILABLE,1.0,False,DOWN_STRUCTURE,,RANGE_EXPANSION|VOLUME_EXPANSION|TRADING_VALUE_EXPANSION,IDENTIFIED,WINDOW_OBSERVED,0,1,8,False,2,5,True,INHERITED_RAW_PRICE_BASIS,True,False
2025-07-15|57210,2025-07-15,57210,09:30,15:20,290,COMPLETE,5,0,UNCHANGED,0.0,AVAILABLE,1.0,False,DOWN_STRUCTURE,,VOLUME_COMPRESSION|TRADING_VALUE_COMPRESSION,IDENTIFIED,RIGHT_CENSORED,0,1,9,False,0,1,True,INHERITED_RAW_PRICE_BASIS,True,False
2025-07-15|57210,2025-07-15,57210,09:30,15:25,295,COMPLETE,5,0,UNCHANGED,0.0,AVAILABLE,1.0,False,DOWN_STRUCTURE,PROGRESSION,VOLUME_EXPANSION|TRADING_VALUE_EXPANSION,IDENTIFIED,RIGHT_CENSORED,0,0,10,False,0,1,True,INHERITED_RAW_PRICE_BASIS,True,True
2025-07-15|67310,2025-07-15,67310,14:30,14:30,0,COMPLETE,5,0,DOWN,-0.819672131147541,AVAILABLE,2.0,False,DOWN_STRUCTURE,PROGRESSION,RANGE_COMPRESSION|VOLUME_COMPRESSION|TRADING_VALUE_COMPRESSION,IDENTIFIED,WINDOW_OBSERVED,0,0,28,False,0,0,True,INHERITED_RAW_PRICE_BASIS,False,False
2025-07-15|67310,2025-07-15,67310,14:30,14:35,5,COMPLETE,5,0,DOWN,-0.8264462809917356,AVAILABLE,2.0,False,DOWN_STRUCTURE,,,IDENTIFIED,WINDOW_OBSERVED,0,1,29,False,1,2,True,INHERITED_RAW_PRICE_BASIS,True,True
2025-07-15|67310,2025-07-15,67310,14:30,14:40,10,COMPLETE,5,0,UP,1.6528925619834711,AVAILABLE,2.0,False,,RESTRUCTURING,RANGE_EXPANSION|TRADING_VALUE_EXPANSION,UNRESOLVED_STRUCTURE,WINDOW_OBSERVED,0,1,30,False,2,2,True,INHERITED_RAW_PRICE_BASIS,True,True
2025-07-15|67310,2025-07-15,67310,14:30,14:45,15,COMPLETE,5,0,UNCHANGED,0.0,AVAILABLE,2.0,False,UP_STRUCTURE,RECOVERY,RANGE_COMPRESSION,IDENTIFIED,WINDOW_OBSERVED,0,1,31,False,1,1,True,INHERITED_RAW_PRICE_BASIS,True,True
2025-07-15|67310,2025-07-15,67310,14:30,14:50,20,COMPLETE,5,0,UP,1.6260162601626016,AVAILABLE,2.0,False,UP_STRUCTURE,PROGRESSION,CHOPPINESS,IDENTIFIED,WINDOW_OBSERVED,0,0,31,False,1,2,True,INHERITED_RAW_PRICE_BASIS,True,True
2025-07-15|67310,2025-07-15,67310,14:30,14:55,25,COMPLETE,5,0,UP,4.8,AVAILABLE,2.0,False,UP_STRUCTURE,,RANGE_EXPANSION|VOLUME_EXPANSION|TRADING_VALUE_EXPANSION,IDENTIFIED,WINDOW_OBSERVED,0,1,32,False,0,0,True,INHERITED_RAW_PRICE_BASIS,True,True
2025-07-15|67310,2025-07-15,67310,14:30,15:00,30,COMPLETE,5,0,DOWN,-1.5267175572519085,AVAILABLE,2.0,False,UP_STRUCTURE,CORRECTION,RANGE_COMPRESSION,IDENTIFIED,WINDOW_OBSERVED,0,0,32,False,0,0,True,INHERITED_RAW_PRICE_BASIS,True,True
2025-07-15|67310,2025-07-15,67310,14:30,15:05,35,COMPLETE,5,0,DOWN,-0.7751937984496124,AVAILABLE,2.0,False,UP_STRUCTURE,CORRECTION,,IDENTIFIED,WINDOW_OBSERVED,0,0,32,False,0,0,True,INHERITED_RAW_PRICE_BASIS,True,False
2025-07-15|67310,2025-07-15,67310,14:30,15:10,40,COMPLETE,5,0,DOWN,-2.34375,AVAILABLE,2.0,False,UP_STRUCTURE,,VOLUME_EXPANSION|TRADING_VALUE_EXPANSION,IDENTIFIED,WINDOW_OBSERVED,0,1,35,False,0,0,True,INHERITED_RAW_PRICE_BASIS,True,True
2025-07-15|67310,2025-07-15,67310,14:30,15:15,45,COMPLETE,5,0,UP,0.7936507936507936,AVAILABLE,2.0,False,UP_STRUCTURE,PROGRESSION,RANGE_COMPRESSION|VOLUME_COMPRESSION|TRADING_VALUE_COMPRESSION,IDENTIFIED,WINDOW_OBSERVED,0,0,35,False,1,2,True,INHERITED_RAW_PRICE_BASIS,True,True
2025-07-15|67310,2025-07-15,67310,14:30,15:20,50,COMPLETE,5,0,DOWN,-0.7874015748031497,AVAILABLE,2.0,False,UP_STRUCTURE,CORRECTION,,IDENTIFIED,RIGHT_CENSORED,0,0,36,False,1,2,True,INHERITED_RAW_PRICE_BASIS,True,True
2025-07-15|67310,2025-07-15,67310,14:30,15:25,55,COMPLETE,5,0,DOWN,-6.349206349206349,AVAILABLE,2.0,False,,RESTRUCTURING,RANGE_EXPANSION|VOLUME_EXPANSION|TRADING_VALUE_EXPANSION,UNRESOLVED_STRUCTURE,RIGHT_CENSORED,0,0,36,False,0,1,True,INHERITED_RAW_PRICE_BASIS,True,True
2025-07-15|70420,2025-07-15,70420,15:00,15:00,0,PARTIAL,2,3,,,SCALE_INSUFFICIENT,,False,,,,SCALE_UNAVAILABLE,OBSERVATION_INSUFFICIENT,10,0,0,False,0,1,False,INHERITED_RAW_PRICE_BASIS,False,False
2025-07-15|70420,2025-07-15,70420,15:00,15:05,5,UNAVAILABLE,0,5,,,SCALE_INSUFFICIENT,,False,,,,CURRENT_BAR_UNAVAILABLE,OBSERVATION_INSUFFICIENT,10,0,0,False,0,0,False,INHERITED_RAW_PRICE_BASIS,False,False
2025-07-15|70420,2025-07-15,70420,15:00,15:10,10,UNAVAILABLE,0,5,,,SCALE_INSUFFICIENT,,False,,,,CURRENT_BAR_UNAVAILABLE,OBSERVATION_INSUFFICIENT,10,0,0,False,0,0,False,INHERITED_RAW_PRICE_BASIS,False,False
2025-07-15|70420,2025-07-15,70420,15:00,15:15,15,UNAVAILABLE,0,5,,,SCALE_INSUFFICIENT,,False,,,,CURRENT_BAR_UNAVAILABLE,OBSERVATION_INSUFFICIENT,8,0,0,False,0,0,False,INHERITED_RAW_PRICE_BASIS,False,False
2025-07-15|70420,2025-07-15,70420,15:00,15:20,20,UNAVAILABLE,0,5,,,SCALE_INSUFFICIENT,,False,,,,CURRENT_BAR_UNAVAILABLE,RIGHT_CENSORED,3,0,0,False,0,0,False,INHERITED_RAW_PRICE_BASIS,False,False
2025-07-15|70420,2025-07-15,70420,15:00,15:25,25,PARTIAL,2,3,,,SCALE_INSUFFICIENT,,False,,,,SCALE_UNAVAILABLE,RIGHT_CENSORED,0,0,0,False,0,0,False,INHERITED_RAW_PRICE_BASIS,False,False
2025-07-15|71380,2025-07-15,71380,09:30,09:30,0,COMPLETE,5,0,DOWN,-7.291666666666667,AVAILABLE,56.0,False,DOWN_STRUCTURE,PROGRESSION,,IDENTIFIED,WINDOW_OBSERVED,0,0,4,False,4,4,True,INHERITED_RAW_PRICE_BASIS,False,False
2025-07-15|71380,2025-07-15,71380,09:30,09:35,5,COMPLETE,5,0,DOWN,-3.045369794903667,AVAILABLE,56.0,False,DOWN_STRUCTURE,PROGRESSION,RANGE_COMPRESSION,IDENTIFIED,WINDOW_OBSERVED,0,0,4,False,4,3,True,INHERITED_RAW_PRICE_BASIS,True,False
2025-07-15|71380,2025-07-15,71380,09:30,09:40,10,COMPLETE,5,0,DOWN,-0.6410256410256411,AVAILABLE,56.0,False,DOWN_STRUCTURE,PROGRESSION,CHOPPINESS,IDENTIFIED,WINDOW_OBSERVED,0,0,4,False,6,1,True,INHERITED_RAW_PRICE_BASIS,True,False
2025-07-15|71380,2025-07-15,71380,09:30,09:45,15,COMPLETE,5,0,DOWN,-7.156673114119923,AVAILABLE,56.0,False,DOWN_STRUCTURE,PROGRESSION,RANGE_EXPANSION,IDENTIFIED,WINDOW_OBSERVED,0,0,4,False,4,4,True,INHERITED_RAW_PRICE_BASIS,True,False
2025-07-15|71380,2025-07-15,71380,09:30,09:50,20,COMPLETE,5,0,DOWN,-3.1228313671061763,AVAILABLE,56.0,False,DOWN_STRUCTURE,PROGRESSION,RANGE_COMPRESSION|VOLUME_COMPRESSION|TRADING_VALUE_COMPRESSION,IDENTIFIED,WINDOW_OBSERVED,0,0,4,False,1,1,True,INHERITED_RAW_PRICE_BASIS,True,False
2025-07-15|71380,2025-07-15,71380,09:30,09:55,25,COMPLETE,5,0,UP,2.8612303290414878,AVAILABLE,56.0,False,DOWN_STRUCTURE,CORRECTION|RECOVERY,RANGE_COMPRESSION|VOLUME_COMPRESSION|TRADING_VALUE_COMPRESSION,IDENTIFIED,WINDOW_OBSERVED,0,1,5,False,0,0,True,INHERITED_RAW_PRICE_BASIS,True,True
2025-07-15|71380,2025-07-15,71380,09:30,10:00,30,COMPLETE,5,0,DOWN,-0.4864489228630994,AVAILABLE,56.0,False,DOWN_STRUCTURE,CORRECTION|RECOVERY,CHOPPINESS,IDENTIFIED,WINDOW_OBSERVED,0,1,5,False,0,0,True,INHERITED_RAW_PRICE_BASIS,True,False
2025-07-15|71380,2025-07-15,71380,09:30,10:05,35,COMPLETE,5,0,UP,3.015427769985975,AVAILABLE,56.0,False,DOWN_STRUCTURE,CORRECTION|RECOVERY,,IDENTIFIED,WINDOW_OBSERVED,0,0,5,False,0,0,True,INHERITED_RAW_PRICE_BASIS,True,False
2025-07-15|71380,2025-07-15,71380,09:30,10:10,40,COMPLETE,5,0,UP,0.20449897750511248,AVAILABLE,56.0,False,DOWN_STRUCTURE,,RANGE_COMPRESSION|VOLUME_COMPRESSION|TRADING_VALUE_COMPRESSION,IDENTIFIED,WINDOW_OBSERVED,0,1,6,False,0,0,True,INHERITED_RAW_PRICE_BASIS,True,True
2025-07-15|71380,2025-07-15,71380,09:30,10:15,45,COMPLETE,5,0,DOWN,-2.518720217835262,AVAILABLE,56.0,False,DOWN_STRUCTURE,PROGRESSION,RANGE_EXPANSION,IDENTIFIED,WINDOW_OBSERVED,0,1,6,False,0,0,True,INHERITED_RAW_PRICE_BASIS,True,True
2025-07-15|71380,2025-07-15,71380,09:30,10:20,50,COMPLETE,5,0,DOWN,-2.032235459004905,AVAILABLE,56.0,False,DOWN_STRUCTURE,PROGRESSION,RANGE_COMPRESSION,IDENTIFIED,WINDOW_OBSERVED,0,0,6,False,1,0,True,INHERITED_RAW_PRICE_BASIS,True,False
2025-07-15|71380,2025-07-15,71380,09:30,10:25,55,COMPLETE,5,0,DOWN,-3.7857142857142856,AVAILABLE,56.0,False,DOWN_STRUCTURE,PROGRESSION,RANGE_EXPANSION|VOLUME_EXPANSION|TRADING_VALUE_EXPANSION,IDENTIFIED,WINDOW_OBSERVED,0,0,6,False,2,2,True,INHERITED_RAW_PRICE_BASIS,True,False
2025-07-15|71380,2025-07-15,71380,09:30,10:30,60,COMPLETE,5,0,UP,2.8210838901262063,AVAILABLE,56.0,False,DOWN_STRUCTURE,PROGRESSION,,IDENTIFIED,WINDOW_OBSERVED,0,0,6,False,1,0,True,INHERITED_RAW_PRICE_BASIS,True,False
2025-07-15|71380,2025-07-15,71380,09:30,10:35,65,COMPLETE,5,0,DOWN,-1.4587892049598834,AVAILABLE,56.0,False,DOWN_STRUCTURE,PROGRESSION,RANGE_COMPRESSION|VOLUME_COMPRESSION|TRADING_VALUE_COMPRESSION,IDENTIFIED,WINDOW_OBSERVED,0,0,6,False,0,0,True,INHERITED_RAW_PRICE_BASIS,True,False
2025-07-15|71380,2025-07-15,71380,09:30,10:40,70,COMPLETE,5,0,UP,1.5544041450777202,AVAILABLE,56.0,False,DOWN_STRUCTURE,CORRECTION|RECOVERY,,IDENTIFIED,WINDOW_OBSERVED,0,1,7,False,0,0,True,INHERITED_RAW_PRICE_BASIS,True,True
2025-07-15|71380,2025-07-15,71380,09:30,10:45,75,COMPLETE,5,0,DOWN,-0.8746355685131195,AVAILABLE,56.0,False,DOWN_STRUCTURE,CORRECTION|RECOVERY,RANGE_COMPRESSION|VOLUME_COMPRESSION|TRADING_VALUE_COMPRESSION,IDENTIFIED,WINDOW_OBSERVED,0,1,7,False,0,0,True,INHERITED_RAW_PRICE_BASIS,True,False
2025-07-15|71380,2025-07-15,71380,09:30,10:50,80,COMPLETE,5,0,UP,4.488594554819721,AVAILABLE,56.0,False,DOWN_STRUCTURE,CORRECTION|RECOVERY,RANGE_EXPANSION|VOLUME_EXPANSION|TRADING_VALUE_EXPANSION,IDENTIFIED,WINDOW_OBSERVED,0,0,7,True,2,1,True,INHERITED_RAW_PRICE_BASIS,True,False
2025-07-15|71380,2025-07-15,71380,09:30,10:55,85,COMPLETE,5,0,UP,1.1283497884344147,AVAILABLE,56.0,False,DOWN_STRUCTURE,CORRECTION|RECOVERY,RANGE_COMPRESSION|VOLUME_EXPANSION|TRADING_VALUE_EXPANSION,IDENTIFIED,WINDOW_OBSERVED,0,0,7,False,4,1,True,INHERITED_RAW_PRICE_BASIS,True,False
2025-07-15|71380,2025-07-15,71380,09:30,11:00,90,COMPLETE,5,0,DOWN,-2.727272727272727,AVAILABLE,56.0,False,DOWN_STRUCTURE,CORRECTION|RECOVERY,VOLUME_COMPRESSION|TRADING_VALUE_COMPRESSION,IDENTIFIED,OBSERVATION_INSUFFICIENT,1,0,7,False,0,0,True,INHERITED_RAW_PRICE_BASIS,True,False
2025-07-15|71380,2025-07-15,71380,09:30,11:05,95,COMPLETE,5,0,DOWN,-0.7168458781362007,AVAILABLE,56.0,False,DOWN_STRUCTURE,CORRECTION|RECOVERY,RANGE_COMPRESSION|VOLUME_COMPRESSION|TRADING_VALUE_COMPRESSION,IDENTIFIED,OBSERVATION_INSUFFICIENT,1,0,7,False,0,0,True,INHERITED_RAW_PRICE_BASIS,True,False
2025-07-15|71380,2025-07-15,71380,09:30,11:10,100,PARTIAL,4,1,,,AVAILABLE,56.0,False,,,,UNRESOLVED_STRUCTURE,WINDOW_OBSERVED,0,0,0,False,0,0,False,INHERITED_RAW_PRICE_BASIS,False,False
2025-07-15|71380,2025-07-15,71380,09:30,11:15,105,COMPLETE,5,0,UP,0.7168458781362007,AVAILABLE,56.0,False,,,CHOPPINESS,UNRESOLVED_STRUCTURE,OBSERVATION_INSUFFICIENT,1,0,0,False,0,0,False,INHERITED_RAW_PRICE_BASIS,False,False
2025-07-15|71380,2025-07-15,71380,09:30,11:20,110,COMPLETE,5,0,DOWN,-1.1387900355871887,AVAILABLE,56.0,False,,,,UNRESOLVED_STRUCTURE,OBSERVATION_INSUFFICIENT,1,0,0,False,0,0,False,INHERITED_RAW_PRICE_BASIS,True,False
2025-07-15|71380,2025-07-15,71380,09:30,11:25,115,PARTIAL,4,1,,,AVAILABLE,56.0,False,,,,UNRESOLVED_STRUCTURE,OBSERVATION_INSUFFICIENT,1,0,0,False,0,0,False,INHERITED_RAW_PRICE_BASIS,False,False
2025-07-15|71380,2025-07-15,71380,09:30,11:30,120,COMPLETE,5,0,UP,1.2318840579710144,AVAILABLE,56.0,False,,,,UNRESOLVED_STRUCTURE,OBSERVATION_INSUFFICIENT,1,0,0,False,0,0,False,INHERITED_RAW_PRICE_BASIS,False,False
2025-07-15|71380,2025-07-15,71380,09:30,12:35,125,PARTIAL,4,1,,,AVAILABLE,56.0,False,,,,UNRESOLVED_STRUCTURE,WINDOW_OBSERVED,0,1,1,False,0,0,False,INHERITED_RAW_PRICE_BASIS,False,False
2025-07-15|71380,2025-07-15,71380,09:30,12:40,130,COMPLETE,5,0,UP,3.043170559094126,AVAILABLE,56.0,False,,,,UNRESOLVED_STRUCTURE,WINDOW_OBSERVED,0,0,1,False,0,0,False,INHERITED_RAW_PRICE_BASIS,False,False
2025-07-15|71380,2025-07-15,71380,09:30,12:45,135,COMPLETE,5,0,UP,6.3742289239204935,AVAILABLE,56.0,False,,,RANGE_EXPANSION|VOLUME_EXPANSION|TRADING_VALUE_EXPANSION,UNRESOLVED_STRUCTURE,WINDOW_OBSERVED,0,0,1,False,6,3,False,INHERITED_RAW_PRICE_BASIS,True,False
2025-07-15|71380,2025-07-15,71380,09:30,12:50,140,COMPLETE,5,0,UP,9.278350515463918,AVAILABLE,56.0,False,,,VOLUME_EXPANSION|TRADING_VALUE_EXPANSION,UNRESOLVED_STRUCTURE,WINDOW_OBSERVED,0,0,1,False,0,0,False,INHERITED_RAW_PRICE_BASIS,True,False
2025-07-15|71380,2025-07-15,71380,09:30,12:55,145,COMPLETE,5,0,UP,2.4676850763807288,AVAILABLE,56.0,False,,,,UNRESOLVED_STRUCTURE,WINDOW_OBSERVED,0,1,3,False,0,0,False,INHERITED_RAW_PRICE_BASIS,True,False
2025-07-15|71380,2025-07-15,71380,09:30,13:00,150,COMPLETE,5,0,UP,2.0618556701030926,AVAILABLE,56.0,False,,,CHOPPINESS|VOLUME_COMPRESSION|TRADING_VALUE_COMPRESSION,UNRESOLVED_STRUCTURE,WINDOW_OBSERVED,0,1,4,False,1,0,False,INHERITED_RAW_PRICE_BASIS,True,False
2025-07-15|71380,2025-07-15,71380,09:30,13:05,155,COMPLETE,5,0,DOWN,-1.6891891891891893,AVAILABLE,56.0,False,,,,UNRESOLVED_STRUCTURE,WINDOW_OBSERVED,0,0,4,False,2,2,False,INHERITED_RAW_PRICE_BASIS,True,False
2025-07-15|71380,2025-07-15,71380,09:30,13:10,160,COMPLETE,5,0,DOWN,-7.872219053051911,AVAILABLE,56.0,False,DOWN_STRUCTURE,,,IDENTIFIED,WINDOW_OBSERVED,0,1,5,False,2,1,True,INHERITED_RAW_PRICE_BASIS,True,False
2025-07-15|71380,2025-07-15,71380,09:30,13:15,165,COMPLETE,5,0,UP,2.1052631578947367,AVAILABLE,56.0,False,DOWN_STRUCTURE,CORRECTION|RECOVERY,RANGE_COMPRESSION,IDENTIFIED,WINDOW_OBSERVED,0,1,5,False,0,0,True,INHERITED_RAW_PRICE_BASIS,True,True
2025-07-15|71380,2025-07-15,71380,09:30,13:20,170,COMPLETE,5,0,UP,1.2727272727272727,AVAILABLE,56.0,False,DOWN_STRUCTURE,CORRECTION|RECOVERY,VOLUME_COMPRESSION|TRADING_VALUE_COMPRESSION,IDENTIFIED,WINDOW_OBSERVED,0,0,5,False,0,0,True,INHERITED_RAW_PRICE_BASIS,True,False
2025-07-15|71380,2025-07-15,71380,09:30,13:25,175,COMPLETE,5,0,UP,2.2754491017964074,AVAILABLE,56.0,False,DOWN_STRUCTURE,CORRECTION|RECOVERY,RANGE_EXPANSION|VOLUME_EXPANSION|TRADING_VALUE_EXPANSION,IDENTIFIED,WINDOW_OBSERVED,0,0,5,False,0,0,True,INHERITED_RAW_PRICE_BASIS,True,False
2025-07-15|71380,2025-07-15,71380,09:30,13:30,180,COMPLETE,5,0,UP,0.468384074941452,AVAILABLE,56.0,False,DOWN_STRUCTURE,PROGRESSION,RANGE_COMPRESSION|VOLUME_COMPRESSION|TRADING_VALUE_COMPRESSION,IDENTIFIED,WINDOW_OBSERVED,0,1,6,False,0,0,True,INHERITED_RAW_PRICE_BASIS,True,True
2025-07-15|71380,2025-07-15,71380,09:30,13:35,185,COMPLETE,5,0,UP,0.2915451895043732,AVAILABLE,56.0,False,DOWN_STRUCTURE,PROGRESSION,,IDENTIFIED,WINDOW_OBSERVED,0,1,6,False,0,0,True,INHERITED_RAW_PRICE_BASIS,True,False
2025-07-15|71380,2025-07-15,71380,09:30,13:40,190,COMPLETE,5,0,DOWN,-1.1627906976744187,AVAILABLE,56.0,False,DOWN_STRUCTURE,PROGRESSION,RANGE_EXPANSION,IDENTIFIED,WINDOW_OBSERVED,0,0,6,False,0,0,True,INHERITED_RAW_PRICE_BASIS,True,False
2025-07-15|71380,2025-07-15,71380,09:30,13:45,195,COMPLETE,5,0,UP,0.5294117647058824,AVAILABLE,56.0,False,DOWN_STRUCTURE,PROGRESSION,RANGE_COMPRESSION|VOLUME_COMPRESSION|TRADING_VALUE_COMPRESSION,IDENTIFIED,WINDOW_OBSERVED,0,0,6,False,0,0,True,INHERITED_RAW_PRICE_BASIS,True,False
2025-07-15|71380,2025-07-15,71380,09:30,13:50,200,COMPLETE,5,0,DOWN,-1.1737089201877935,AVAILABLE,56.0,False,DOWN_STRUCTURE,PROGRESSION,CHOPPINESS|RANGE_EXPANSION|VOLUME_EXPANSION|TRADING_VALUE_EXPANSION,IDENTIFIED,WINDOW_OBSERVED,0,0,6,False,0,0,True,INHERITED_RAW_PRICE_BASIS,True,False
2025-07-15|71380,2025-07-15,71380,09:30,13:55,205,COMPLETE,5,0,DOWN,-0.1187648456057007,AVAILABLE,56.0,False,DOWN_STRUCTURE,PROGRESSION,RANGE_COMPRESSION|VOLUME_COMPRESSION|TRADING_VALUE_COMPRESSION,IDENTIFIED,WINDOW_OBSERVED,0,0,6,False,0,0,True,INHERITED_RAW_PRICE_BASIS,True,False
2025-07-15|71380,2025-07-15,71380,09:30,14:00,210,COMPLETE,5,0,DOWN,-3.1491384432560903,AVAILABLE,56.0,False,DOWN_STRUCTURE,CORRECTION|RECOVERY,RANGE_EXPANSION|VOLUME_EXPANSION|TRADING_VALUE_EXPANSION,IDENTIFIED,WINDOW_OBSERVED,0,1,7,False,2,2,True,INHERITED_RAW_PRICE_BASIS,True,True
2025-07-15|71380,2025-07-15,71380,09:30,14:05,215,COMPLETE,5,0,UP,1.3496932515337423,AVAILABLE,56.0,False,DOWN_STRUCTURE,PROGRESSION,RANGE_COMPRESSION|VOLUME_COMPRESSION|TRADING_VALUE_COMPRESSION,IDENTIFIED,WINDOW_OBSERVED,0,1,8,False,0,0,True,INHERITED_RAW_PRICE_BASIS,True,True
2025-07-15|71380,2025-07-15,71380,09:30,14:10,220,COMPLETE,5,0,DOWN,-1.0935601458080195,AVAILABLE,56.0,False,DOWN_STRUCTURE,PROGRESSION,,IDENTIFIED,WINDOW_OBSERVED,0,1,8,False,0,0,True,INHERITED_RAW_PRICE_BASIS,True,False
2025-07-15|71380,2025-07-15,71380,09:30,14:15,225,COMPLETE,5,0,DOWN,-0.5538461538461539,AVAILABLE,56.0,False,DOWN_STRUCTURE,CORRECTION|RECOVERY,CHOPPINESS|RANGE_EXPANSION|VOLUME_EXPANSION|TRADING_VALUE_EXPANSION,IDENTIFIED,WINDOW_OBSERVED,0,1,9,False,2,0,True,INHERITED_RAW_PRICE_BASIS,True,True
2025-07-15|71380,2025-07-15,71380,09:30,14:20,230,COMPLETE,5,0,UP,1.7316017316017316,AVAILABLE,56.0,False,DOWN_STRUCTURE,CORRECTION|RECOVERY,RANGE_COMPRESSION,IDENTIFIED,WINDOW_OBSERVED,0,1,9,False,2,0,True,INHERITED_RAW_PRICE_BASIS,True,False
2025-07-15|71380,2025-07-15,71380,09:30,14:25,235,COMPLETE,5,0,UP,3.8929440389294405,AVAILABLE,56.0,False,UP_STRUCTURE,,VOLUME_EXPANSION|TRADING_VALUE_EXPANSION,IDENTIFIED,WINDOW_OBSERVED,0,1,10,False,2,1,True,INHERITED_RAW_PRICE_BASIS,True,True
2025-07-15|71380,2025-07-15,71380,09:30,14:30,240,COMPLETE,5,0,DOWN,-2.865497076023392,AVAILABLE,56.0,False,UP_STRUCTURE,CORRECTION,,IDENTIFIED,WINDOW_OBSERVED,0,1,10,False,1,0,True,INHERITED_RAW_PRICE_BASIS,True,True
2025-07-15|71380,2025-07-15,71380,09:30,14:35,245,COMPLETE,5,0,DOWN,-0.5405405405405406,AVAILABLE,56.0,False,UP_STRUCTURE,CORRECTION,RANGE_COMPRESSION|VOLUME_COMPRESSION|TRADING_VALUE_COMPRESSION,IDENTIFIED,WINDOW_OBSERVED,0,0,10,False,3,1,True,INHERITED_RAW_PRICE_BASIS,True,False
2025-07-15|71380,2025-07-15,71380,09:30,14:40,250,COMPLETE,5,0,DOWN,-3.145795523290986,AVAILABLE,56.0,False,UP_STRUCTURE,CORRECTION,RANGE_EXPANSION|VOLUME_EXPANSION|TRADING_VALUE_EXPANSION,IDENTIFIED,WINDOW_OBSERVED,0,0,10,False,2,0,True,INHERITED_RAW_PRICE_BASIS,True,False
2025-07-15|71380,2025-07-15,71380,09:30,14:45,255,COMPLETE,5,0,UP,0.375,AVAILABLE,56.0,False,UP_STRUCTURE,CORRECTION,RANGE_COMPRESSION|VOLUME_COMPRESSION|TRADING_VALUE_COMPRESSION,IDENTIFIED,WINDOW_OBSERVED,0,0,10,False,0,0,True,INHERITED_RAW_PRICE_BASIS,True,False
2025-07-15|71380,2025-07-15,71380,09:30,14:50,260,COMPLETE,5,0,DOWN,-2.9887920298879203,AVAILABLE,56.0,False,,RESTRUCTURING,RANGE_EXPANSION|VOLUME_EXPANSION|TRADING_VALUE_EXPANSION,UNRESOLVED_STRUCTURE,WINDOW_OBSERVED,0,0,10,False,3,1,True,INHERITED_RAW_PRICE_BASIS,True,True
2025-07-15|71380,2025-07-15,71380,09:30,14:55,265,COMPLETE,5,0,DOWN,-0.7064868336544637,AVAILABLE,56.0,False,,RESTRUCTURING,,UNRESOLVED_STRUCTURE,WINDOW_OBSERVED,0,0,10,False,0,0,True,INHERITED_RAW_PRICE_BASIS,True,False
2025-07-15|71380,2025-07-15,71380,09:30,15:00,270,COMPLETE,5,0,DOWN,-2.7325959661678594,AVAILABLE,56.0,False,,RESTRUCTURING|RECOVERY,VOLUME_EXPANSION|TRADING_VALUE_EXPANSION,UNRESOLVED_STRUCTURE,WINDOW_OBSERVED,0,1,11,False,3,3,True,INHERITED_RAW_PRICE_BASIS,True,True
2025-07-15|71380,2025-07-15,71380,09:30,15:05,275,COMPLETE,5,0,UP,1.7391304347826086,AVAILABLE,56.0,False,,RESTRUCTURING|RECOVERY,VOLUME_COMPRESSION,UNRESOLVED_STRUCTURE,WINDOW_OBSERVED,0,0,11,False,6,3,True,INHERITED_RAW_PRICE_BASIS,True,False
2025-07-15|71380,2025-07-15,71380,09:30,15:10,280,COMPLETE,5,0,UP,3.2215647600262987,AVAILABLE,56.0,False,DOWN_STRUCTURE,PROGRESSION,VOLUME_EXPANSION|TRADING_VALUE_EXPANSION,IDENTIFIED,WINDOW_OBSERVED,0,1,12,False,0,0,True,INHERITED_RAW_PRICE_BASIS,True,True
2025-07-15|71380,2025-07-15,71380,09:30,15:15,285,COMPLETE,5,0,DOWN,-6.760204081632653,AVAILABLE,56.0,False,DOWN_STRUCTURE,PROGRESSION,RANGE_EXPANSION,IDENTIFIED,WINDOW_OBSERVED,0,0,12,False,10,4,True,INHERITED_RAW_PRICE_BASIS,True,False
2025-07-15|71380,2025-07-15,71380,09:30,15:20,290,COMPLETE,5,0,UP,0.7513661202185792,AVAILABLE,56.0,False,DOWN_STRUCTURE,PROGRESSION,CHOPPINESS|RANGE_COMPRESSION|VOLUME_COMPRESSION|TRADING_VALUE_COMPRESSION,IDENTIFIED,RIGHT_CENSORED,0,0,12,False,3,2,True,INHERITED_RAW_PRICE_BASIS,True,False
2025-07-15|71380,2025-07-15,71380,09:30,15:25,295,COMPLETE,5,0,DOWN,-2.645861601085482,AVAILABLE,56.0,False,DOWN_STRUCTURE,PROGRESSION,CHOPPINESS|RANGE_EXPANSION,IDENTIFIED,RIGHT_CENSORED,0,0,12,False,3,4,True,INHERITED_RAW_PRICE_BASIS,True,False
2025-07-15|76940,2025-07-15,76940,14:00,14:00,0,PARTIAL,3,2,,,AVAILABLE,21.0,False,,,,UNRESOLVED_STRUCTURE,OBSERVATION_INSUFFICIENT,4,0,0,False,0,0,False,INHERITED_RAW_PRICE_BASIS,False,False
2025-07-15|76940,2025-07-15,76940,14:00,14:05,5,PARTIAL,2,3,,,AVAILABLE,21.0,False,,,,UNRESOLVED_STRUCTURE,OBSERVATION_INSUFFICIENT,4,0,0,False,0,0,False,INHERITED_RAW_PRICE_BASIS,False,False
2025-07-15|76940,2025-07-15,76940,14:00,14:10,10,PARTIAL,4,1,,,AVAILABLE,21.0,False,,,,UNRESOLVED_STRUCTURE,OBSERVATION_INSUFFICIENT,4,0,0,False,0,0,False,INHERITED_RAW_PRICE_BASIS,False,False
2025-07-15|76940,2025-07-15,76940,14:00,14:15,15,PARTIAL,2,3,,,AVAILABLE,21.0,False,,,,CURRENT_BAR_UNAVAILABLE,OBSERVATION_INSUFFICIENT,4,0,0,False,0,0,False,INHERITED_RAW_PRICE_BASIS,False,False
2025-07-15|76940,2025-07-15,76940,14:00,14:20,20,PARTIAL,4,1,,,AVAILABLE,21.0,False,,,,UNRESOLVED_STRUCTURE,OBSERVATION_INSUFFICIENT,5,0,0,False,3,1,False,INHERITED_RAW_PRICE_BASIS,False,False
2025-07-15|76940,2025-07-15,76940,14:00,14:25,25,PARTIAL,2,3,,,AVAILABLE,21.0,False,,,,UNRESOLVED_STRUCTURE,OBSERVATION_INSUFFICIENT,2,0,0,False,0,0,False,INHERITED_RAW_PRICE_BASIS,False,False
2025-07-15|76940,2025-07-15,76940,14:00,14:30,30,PARTIAL,3,2,,,AVAILABLE,21.0,False,,,,UNRESOLVED_STRUCTURE,WINDOW_OBSERVED,0,0,0,False,0,0,False,INHERITED_RAW_PRICE_BASIS,False,False
2025-07-15|76940,2025-07-15,76940,14:00,14:35,35,COMPLETE,5,0,UNCHANGED,0.0,AVAILABLE,21.0,False,,,,UNRESOLVED_STRUCTURE,WINDOW_OBSERVED,0,0,0,False,0,0,False,INHERITED_RAW_PRICE_BASIS,False,False
2025-07-15|76940,2025-07-15,76940,14:00,14:40,40,COMPLETE,5,0,DOWN,-0.2002002002002002,AVAILABLE,21.0,False,,,RANGE_COMPRESSION|VOLUME_COMPRESSION|TRADING_VALUE_COMPRESSION,UNRESOLVED_STRUCTURE,OBSERVATION_INSUFFICIENT,1,0,0,False,0,0,False,INHERITED_RAW_PRICE_BASIS,True,False
2025-07-15|76940,2025-07-15,76940,14:00,14:45,45,COMPLETE,5,0,UP,0.20060180541624875,AVAILABLE,21.0,False,,,RANGE_EXPANSION,UNRESOLVED_STRUCTURE,OBSERVATION_INSUFFICIENT,1,0,0,False,0,0,False,INHERITED_RAW_PRICE_BASIS,True,False
2025-07-15|76940,2025-07-15,76940,14:00,14:50,50,PARTIAL,4,1,,,AVAILABLE,21.0,False,,,,UNRESOLVED_STRUCTURE,OBSERVATION_INSUFFICIENT,2,0,0,False,0,0,False,INHERITED_RAW_PRICE_BASIS,False,False
2025-07-15|76940,2025-07-15,76940,14:00,14:55,55,COMPLETE,5,0,DOWN,-0.19900497512437812,AVAILABLE,21.0,False,,,,UNRESOLVED_STRUCTURE,OBSERVATION_INSUFFICIENT,3,0,0,False,0,0,False,INHERITED_RAW_PRICE_BASIS,False,False
2025-07-15|76940,2025-07-15,76940,14:00,15:00,60,PARTIAL,3,2,,,AVAILABLE,21.0,False,,,,CURRENT_BAR_UNAVAILABLE,OBSERVATION_INSUFFICIENT,2,0,0,False,0,0,False,INHERITED_RAW_PRICE_BASIS,False,False
2025-07-15|76940,2025-07-15,76940,14:00,15:05,65,PARTIAL,4,1,,,AVAILABLE,21.0,False,,,,UNRESOLVED_STRUCTURE,OBSERVATION_INSUFFICIENT,2,0,0,False,1,0,False,INHERITED_RAW_PRICE_BASIS,False,False
2025-07-15|76940,2025-07-15,76940,14:00,15:10,70,PARTIAL,4,1,,,AVAILABLE,21.0,False,,,,CURRENT_BAR_UNAVAILABLE,OBSERVATION_INSUFFICIENT,3,0,0,False,0,0,False,INHERITED_RAW_PRICE_BASIS,False,False
2025-07-15|76940,2025-07-15,76940,14:00,15:15,75,PARTIAL,4,1,,,AVAILABLE,21.0,False,,,,UNRESOLVED_STRUCTURE,OBSERVATION_INSUFFICIENT,2,0,0,False,0,0,False,INHERITED_RAW_PRICE_BASIS,False,False
2025-07-15|76940,2025-07-15,76940,14:00,15:20,80,PARTIAL,3,2,,,AVAILABLE,21.0,False,,,,UNRESOLVED_STRUCTURE,RIGHT_CENSORED,0,0,0,False,0,0,False,INHERITED_RAW_PRICE_BASIS,False,False
2025-07-15|76940,2025-07-15,76940,14:00,15:25,85,COMPLETE,5,0,DOWN,-0.3,AVAILABLE,21.0,False,,,,UNRESOLVED_STRUCTURE,RIGHT_CENSORED,0,0,0,False,0,0,False,INHERITED_RAW_PRICE_BASIS,False,False
2025-07-15|78780,2025-07-15,78780,11:00,11:00,0,PARTIAL,2,3,,,SCALE_INSUFFICIENT,,False,,,,CURRENT_BAR_UNAVAILABLE,OBSERVATION_INSUFFICIENT,8,0,0,False,0,0,False,INHERITED_RAW_PRICE_BASIS,False,False
2025-07-15|78780,2025-07-15,78780,11:00,11:05,5,PARTIAL,1,4,,,SCALE_INSUFFICIENT,,False,,,,CURRENT_BAR_UNAVAILABLE,OBSERVATION_INSUFFICIENT,8,0,0,False,0,0,False,INHERITED_RAW_PRICE_BASIS,False,False
2025-07-15|78780,2025-07-15,78780,11:00,11:10,10,PARTIAL,1,4,,,SCALE_INSUFFICIENT,,False,,,,CURRENT_BAR_UNAVAILABLE,OBSERVATION_INSUFFICIENT,8,0,0,False,0,0,False,INHERITED_RAW_PRICE_BASIS,False,False
2025-07-15|78780,2025-07-15,78780,11:00,11:15,15,PARTIAL,1,4,,,SCALE_INSUFFICIENT,,False,,,,SCALE_UNAVAILABLE,OBSERVATION_INSUFFICIENT,8,0,0,False,0,0,False,INHERITED_RAW_PRICE_BASIS,False,False
2025-07-15|78780,2025-07-15,78780,11:00,11:20,20,PARTIAL,1,4,,,SCALE_INSUFFICIENT,,False,,,,CURRENT_BAR_UNAVAILABLE,OBSERVATION_INSUFFICIENT,6,0,0,False,0,0,False,INHERITED_RAW_PRICE_BASIS,False,False
2025-07-15|78780,2025-07-15,78780,11:00,11:25,25,PARTIAL,1,4,,,SCALE_INSUFFICIENT,,False,,,,CURRENT_BAR_UNAVAILABLE,OBSERVATION_INSUFFICIENT,6,0,0,False,2,0,False,INHERITED_RAW_PRICE_BASIS,False,False
2025-07-15|78780,2025-07-15,78780,11:00,11:30,30,PARTIAL,3,2,,,SCALE_INSUFFICIENT,,False,,,,SCALE_UNAVAILABLE,OBSERVATION_INSUFFICIENT,8,0,0,False,0,0,False,INHERITED_RAW_PRICE_BASIS,False,False
2025-07-15|78780,2025-07-15,78780,11:00,12:35,35,PARTIAL,1,4,,,SCALE_INSUFFICIENT,,False,,,,CURRENT_BAR_UNAVAILABLE,OBSERVATION_INSUFFICIENT,9,0,0,False,0,0,False,INHERITED_RAW_PRICE_BASIS,False,False
2025-07-15|78780,2025-07-15,78780,11:00,12:40,40,PARTIAL,1,4,,,SCALE_INSUFFICIENT,,False,,,,CURRENT_BAR_UNAVAILABLE,OBSERVATION_INSUFFICIENT,9,0,0,False,0,0,False,INHERITED_RAW_PRICE_BASIS,False,False
2025-07-15|78780,2025-07-15,78780,11:00,12:45,45,UNAVAILABLE,0,5,,,SCALE_INSUFFICIENT,,False,,,,CURRENT_BAR_UNAVAILABLE,OBSERVATION_INSUFFICIENT,9,0,0,False,0,0,False,INHERITED_RAW_PRICE_BASIS,False,False
2025-07-15|78780,2025-07-15,78780,11:00,12:50,50,PARTIAL,1,4,,,SCALE_INSUFFICIENT,,False,,,,CURRENT_BAR_UNAVAILABLE,OBSERVATION_INSUFFICIENT,10,0,0,False,0,0,False,INHERITED_RAW_PRICE_BASIS,False,False
2025-07-15|78780,2025-07-15,78780,11:00,12:55,55,UNAVAILABLE,0,5,,,SCALE_INSUFFICIENT,,False,,,,CURRENT_BAR_UNAVAILABLE,OBSERVATION_INSUFFICIENT,9,0,0,False,0,0,False,INHERITED_RAW_PRICE_BASIS,False,False
2025-07-15|78780,2025-07-15,78780,11:00,13:00,60,UNAVAILABLE,0,5,,,SCALE_INSUFFICIENT,,False,,,,CURRENT_BAR_UNAVAILABLE,OBSERVATION_INSUFFICIENT,9,0,0,False,0,0,False,INHERITED_RAW_PRICE_BASIS,False,False
2025-07-15|78780,2025-07-15,78780,11:00,13:05,65,PARTIAL,1,4,,,SCALE_INSUFFICIENT,,False,,,,CURRENT_BAR_UNAVAILABLE,OBSERVATION_INSUFFICIENT,10,0,0,False,0,0,False,INHERITED_RAW_PRICE_BASIS,False,False
2025-07-15|78780,2025-07-15,78780,11:00,13:10,70,UNAVAILABLE,0,5,,,SCALE_INSUFFICIENT,,False,,,,CURRENT_BAR_UNAVAILABLE,OBSERVATION_INSUFFICIENT,9,0,0,False,0,0,False,INHERITED_RAW_PRICE_BASIS,False,False
2025-07-15|78780,2025-07-15,78780,11:00,13:15,75,UNAVAILABLE,0,5,,,SCALE_INSUFFICIENT,,False,,,,CURRENT_BAR_UNAVAILABLE,OBSERVATION_INSUFFICIENT,8,0,0,False,0,0,False,INHERITED_RAW_PRICE_BASIS,False,False
2025-07-15|78780,2025-07-15,78780,11:00,13:20,80,PARTIAL,1,4,,,SCALE_INSUFFICIENT,,False,,,,SCALE_UNAVAILABLE,OBSERVATION_INSUFFICIENT,8,0,0,False,0,0,False,INHERITED_RAW_PRICE_BASIS,False,False
2025-07-15|78780,2025-07-15,78780,11:00,13:25,85,PARTIAL,1,4,,,SCALE_INSUFFICIENT,,False,,,,CURRENT_BAR_UNAVAILABLE,OBSERVATION_INSUFFICIENT,9,0,0,False,0,0,False,INHERITED_RAW_PRICE_BASIS,False,False
2025-07-15|78780,2025-07-15,78780,11:00,13:30,90,PARTIAL,1,4,,,SCALE_INSUFFICIENT,,False,,,,CURRENT_BAR_UNAVAILABLE,OBSERVATION_INSUFFICIENT,10,0,0,False,0,0,False,INHERITED_RAW_PRICE_BASIS,False,False
2025-07-15|78780,2025-07-15,78780,11:00,13:35,95,UNAVAILABLE,0,5,,,SCALE_INSUFFICIENT,,False,,,,CURRENT_BAR_UNAVAILABLE,OBSERVATION_INSUFFICIENT,10,0,0,False,0,0,False,INHERITED_RAW_PRICE_BASIS,False,False
2025-07-15|78780,2025-07-15,78780,11:00,13:40,100,UNAVAILABLE,0,5,,,SCALE_INSUFFICIENT,,False,,,,CURRENT_BAR_UNAVAILABLE,OBSERVATION_INSUFFICIENT,10,0,0,False,0,0,False,INHERITED_RAW_PRICE_BASIS,False,False
2025-07-15|78780,2025-07-15,78780,11:00,13:45,105,UNAVAILABLE,0,5,,,SCALE_INSUFFICIENT,,False,,,,CURRENT_BAR_UNAVAILABLE,OBSERVATION_INSUFFICIENT,9,0,0,False,0,0,False,INHERITED_RAW_PRICE_BASIS,False,False
2025-07-15|78780,2025-07-15,78780,11:00,13:50,110,UNAVAILABLE,0,5,,,SCALE_INSUFFICIENT,,False,,,,CURRENT_BAR_UNAVAILABLE,OBSERVATION_INSUFFICIENT,9,0,0,False,0,0,False,INHERITED_RAW_PRICE_BASIS,False,False
2025-07-15|78780,2025-07-15,78780,11:00,13:55,115,PARTIAL,1,4,,,SCALE_INSUFFICIENT,,False,,,,CURRENT_BAR_UNAVAILABLE,OBSERVATION_INSUFFICIENT,10,0,0,False,0,0,False,INHERITED_RAW_PRICE_BASIS,False,False
2025-07-15|78780,2025-07-15,78780,11:00,14:00,120,UNAVAILABLE,0,5,,,SCALE_INSUFFICIENT,,False,,,,CURRENT_BAR_UNAVAILABLE,OBSERVATION_INSUFFICIENT,8,0,0,False,0,0,False,INHERITED_RAW_PRICE_BASIS,False,False
2025-07-15|78780,2025-07-15,78780,11:00,14:05,125,UNAVAILABLE,0,5,,,SCALE_INSUFFICIENT,,False,,,,CURRENT_BAR_UNAVAILABLE,OBSERVATION_INSUFFICIENT,8,0,0,False,0,0,False,INHERITED_RAW_PRICE_BASIS,False,False
2025-07-15|78780,2025-07-15,78780,11:00,14:10,130,PARTIAL,2,3,,,SCALE_INSUFFICIENT,,False,,,,CURRENT_BAR_UNAVAILABLE,OBSERVATION_INSUFFICIENT,10,0,0,False,0,0,False,INHERITED_RAW_PRICE_BASIS,False,False
2025-07-15|78780,2025-07-15,78780,11:00,14:15,135,UNAVAILABLE,0,5,,,SCALE_INSUFFICIENT,,False,,,,CURRENT_BAR_UNAVAILABLE,OBSERVATION_INSUFFICIENT,10,0,0,False,0,0,False,INHERITED_RAW_PRICE_BASIS,False,False
2025-07-15|78780,2025-07-15,78780,11:00,14:20,140,UNAVAILABLE,0,5,,,SCALE_INSUFFICIENT,,False,,,,CURRENT_BAR_UNAVAILABLE,OBSERVATION_INSUFFICIENT,10,0,0,False,0,0,False,INHERITED_RAW_PRICE_BASIS,False,False
2025-07-15|78780,2025-07-15,78780,11:00,14:25,145,UNAVAILABLE,0,5,,,SCALE_INSUFFICIENT,,False,,,,CURRENT_BAR_UNAVAILABLE,OBSERVATION_INSUFFICIENT,10,0,0,False,0,0,False,INHERITED_RAW_PRICE_BASIS,False,False
2025-07-15|78780,2025-07-15,78780,11:00,14:30,150,UNAVAILABLE,0,5,,,SCALE_INSUFFICIENT,,False,,,,CURRENT_BAR_UNAVAILABLE,OBSERVATION_INSUFFICIENT,10,0,0,False,0,0,False,INHERITED_RAW_PRICE_BASIS,False,False
2025-07-15|78780,2025-07-15,78780,11:00,14:35,155,UNAVAILABLE,0,5,,,SCALE_INSUFFICIENT,,False,,,,CURRENT_BAR_UNAVAILABLE,OBSERVATION_INSUFFICIENT,10,0,0,False,0,0,False,INHERITED_RAW_PRICE_BASIS,False,False
2025-07-15|78780,2025-07-15,78780,11:00,14:40,160,UNAVAILABLE,0,5,,,SCALE_INSUFFICIENT,,False,,,,CURRENT_BAR_UNAVAILABLE,OBSERVATION_INSUFFICIENT,9,0,0,False,0,0,False,INHERITED_RAW_PRICE_BASIS,False,False
2025-07-15|78780,2025-07-15,78780,11:00,14:45,165,UNAVAILABLE,0,5,,,SCALE_INSUFFICIENT,,False,,,,CURRENT_BAR_UNAVAILABLE,OBSERVATION_INSUFFICIENT,8,0,0,False,0,0,False,INHERITED_RAW_PRICE_BASIS,False,False
2025-07-15|78780,2025-07-15,78780,11:00,14:50,170,PARTIAL,1,4,,,SCALE_INSUFFICIENT,,False,,,,CURRENT_BAR_UNAVAILABLE,OBSERVATION_INSUFFICIENT,8,0,0,False,0,0,False,INHERITED_RAW_PRICE_BASIS,False,False
2025-07-15|78780,2025-07-15,78780,11:00,14:55,175,PARTIAL,1,4,,,SCALE_INSUFFICIENT,,False,,,,CURRENT_BAR_UNAVAILABLE,OBSERVATION_INSUFFICIENT,9,0,0,False,0,0,False,INHERITED_RAW_PRICE_BASIS,False,False
2025-07-15|78780,2025-07-15,78780,11:00,15:00,180,PARTIAL,1,4,,,SCALE_INSUFFICIENT,,False,,,,SCALE_UNAVAILABLE,OBSERVATION_INSUFFICIENT,10,0,0,False,0,0,False,INHERITED_RAW_PRICE_BASIS,False,False
2025-07-15|78780,2025-07-15,78780,11:00,15:05,185,UNAVAILABLE,0,5,,,SCALE_INSUFFICIENT,,False,,,,CURRENT_BAR_UNAVAILABLE,OBSERVATION_INSUFFICIENT,10,0,0,False,0,0,False,INHERITED_RAW_PRICE_BASIS,False,False
2025-07-15|78780,2025-07-15,78780,11:00,15:10,190,UNAVAILABLE,0,5,,,SCALE_INSUFFICIENT,,False,,,,CURRENT_BAR_UNAVAILABLE,OBSERVATION_INSUFFICIENT,9,0,0,False,0,0,False,INHERITED_RAW_PRICE_BASIS,False,False
2025-07-15|78780,2025-07-15,78780,11:00,15:15,195,UNAVAILABLE,0,5,,,SCALE_INSUFFICIENT,,False,,,,CURRENT_BAR_UNAVAILABLE,OBSERVATION_INSUFFICIENT,6,0,0,False,0,0,False,INHERITED_RAW_PRICE_BASIS,False,False
2025-07-15|78780,2025-07-15,78780,11:00,15:20,200,PARTIAL,1,4,,,SCALE_INSUFFICIENT,,False,,,,SCALE_UNAVAILABLE,RIGHT_CENSORED,2,0,0,False,0,0,False,INHERITED_RAW_PRICE_BASIS,False,False
2025-07-15|78780,2025-07-15,78780,11:00,15:25,205,PARTIAL,3,2,,,SCALE_INSUFFICIENT,,False,,,,SCALE_UNAVAILABLE,RIGHT_CENSORED,0,0,0,False,0,2,False,INHERITED_RAW_PRICE_BASIS,False,False
2025-07-15|79020,2025-07-15,79020,09:30,09:30,0,PARTIAL,1,4,,,SCALE_INSUFFICIENT,,False,,,,CURRENT_BAR_UNAVAILABLE,OBSERVATION_INSUFFICIENT,10,0,0,False,0,0,False,INHERITED_RAW_PRICE_BASIS,False,False
2025-07-15|79020,2025-07-15,79020,09:30,09:35,5,UNAVAILABLE,0,5,,,SCALE_INSUFFICIENT,,False,,,,CURRENT_BAR_UNAVAILABLE,OBSERVATION_INSUFFICIENT,9,0,0,False,0,0,False,INHERITED_RAW_PRICE_BASIS,False,False
2025-07-15|79020,2025-07-15,79020,09:30,09:40,10,UNAVAILABLE,0,5,,,SCALE_INSUFFICIENT,,False,,,,CURRENT_BAR_UNAVAILABLE,OBSERVATION_INSUFFICIENT,9,0,0,False,0,0,False,INHERITED_RAW_PRICE_BASIS,False,False
2025-07-15|79020,2025-07-15,79020,09:30,09:45,15,PARTIAL,1,4,,,SCALE_INSUFFICIENT,,False,,,,CURRENT_BAR_UNAVAILABLE,OBSERVATION_INSUFFICIENT,10,0,0,False,0,0,False,INHERITED_RAW_PRICE_BASIS,False,False
2025-07-15|79020,2025-07-15,79020,09:30,09:50,20,UNAVAILABLE,0,5,,,SCALE_INSUFFICIENT,,False,,,,CURRENT_BAR_UNAVAILABLE,OBSERVATION_INSUFFICIENT,10,0,0,False,0,0,False,INHERITED_RAW_PRICE_BASIS,False,False
2025-07-15|79020,2025-07-15,79020,09:30,09:55,25,UNAVAILABLE,0,5,,,SCALE_INSUFFICIENT,,False,,,,CURRENT_BAR_UNAVAILABLE,OBSERVATION_INSUFFICIENT,10,0,0,False,0,0,False,INHERITED_RAW_PRICE_BASIS,False,False
2025-07-15|79020,2025-07-15,79020,09:30,10:00,30,UNAVAILABLE,0,5,,,SCALE_INSUFFICIENT,,False,,,,CURRENT_BAR_UNAVAILABLE,OBSERVATION_INSUFFICIENT,9,0,0,False,0,0,False,INHERITED_RAW_PRICE_BASIS,False,False
2025-07-15|79020,2025-07-15,79020,09:30,10:05,35,UNAVAILABLE,0,5,,,SCALE_INSUFFICIENT,,False,,,,CURRENT_BAR_UNAVAILABLE,OBSERVATION_INSUFFICIENT,9,0,0,False,0,0,False,INHERITED_RAW_PRICE_BASIS,False,False
2025-07-15|79020,2025-07-15,79020,09:30,10:10,40,PARTIAL,1,4,,,SCALE_INSUFFICIENT,,False,,,,CURRENT_BAR_UNAVAILABLE,OBSERVATION_INSUFFICIENT,10,0,0,False,0,0,False,INHERITED_RAW_PRICE_BASIS,False,False
2025-07-15|79020,2025-07-15,79020,09:30,10:15,45,UNAVAILABLE,0,5,,,SCALE_INSUFFICIENT,,False,,,,CURRENT_BAR_UNAVAILABLE,OBSERVATION_INSUFFICIENT,10,0,0,False,0,0,False,INHERITED_RAW_PRICE_BASIS,False,False
2025-07-15|79020,2025-07-15,79020,09:30,10:20,50,UNAVAILABLE,0,5,,,SCALE_INSUFFICIENT,,False,,,,CURRENT_BAR_UNAVAILABLE,OBSERVATION_INSUFFICIENT,10,0,0,False,0,0,False,INHERITED_RAW_PRICE_BASIS,False,False
2025-07-15|79020,2025-07-15,79020,09:30,10:25,55,UNAVAILABLE,0,5,,,SCALE_INSUFFICIENT,,False,,,,CURRENT_BAR_UNAVAILABLE,OBSERVATION_INSUFFICIENT,9,0,0,False,0,0,False,INHERITED_RAW_PRICE_BASIS,False,False
2025-07-15|79020,2025-07-15,79020,09:30,10:30,60,UNAVAILABLE,0,5,,,SCALE_INSUFFICIENT,,False,,,,CURRENT_BAR_UNAVAILABLE,OBSERVATION_INSUFFICIENT,8,0,0,False,0,0,False,INHERITED_RAW_PRICE_BASIS,False,False
2025-07-15|79020,2025-07-15,79020,09:30,10:35,65,PARTIAL,1,4,,,SCALE_INSUFFICIENT,,False,,,,SCALE_UNAVAILABLE,OBSERVATION_INSUFFICIENT,8,0,0,False,0,0,False,INHERITED_RAW_PRICE_BASIS,False,False
2025-07-15|79020,2025-07-15,79020,09:30,10:40,70,PARTIAL,1,4,,,SCALE_INSUFFICIENT,,False,,,,CURRENT_BAR_UNAVAILABLE,OBSERVATION_INSUFFICIENT,9,0,0,False,0,0,False,INHERITED_RAW_PRICE_BASIS,False,False
2025-07-15|79020,2025-07-15,79020,09:30,10:45,75,PARTIAL,1,4,,,SCALE_INSUFFICIENT,,False,,,,CURRENT_BAR_UNAVAILABLE,OBSERVATION_INSUFFICIENT,10,0,0,False,0,0,False,INHERITED_RAW_PRICE_BASIS,False,False
2025-07-15|79020,2025-07-15,79020,09:30,10:50,80,UNAVAILABLE,0,5,,,SCALE_INSUFFICIENT,,False,,,,CURRENT_BAR_UNAVAILABLE,OBSERVATION_INSUFFICIENT,10,0,0,False,0,0,False,INHERITED_RAW_PRICE_BASIS,False,False
2025-07-15|79020,2025-07-15,79020,09:30,10:55,85,UNAVAILABLE,0,5,,,SCALE_INSUFFICIENT,,False,,,,CURRENT_BAR_UNAVAILABLE,OBSERVATION_INSUFFICIENT,10,0,0,False,0,0,False,INHERITED_RAW_PRICE_BASIS,False,False
2025-07-15|79020,2025-07-15,79020,09:30,11:00,90,UNAVAILABLE,0,5,,,SCALE_INSUFFICIENT,,False,,,,CURRENT_BAR_UNAVAILABLE,OBSERVATION_INSUFFICIENT,10,0,0,False,0,0,False,INHERITED_RAW_PRICE_BASIS,False,False
2025-07-15|79020,2025-07-15,79020,09:30,11:05,95,UNAVAILABLE,0,5,,,SCALE_INSUFFICIENT,,False,,,,CURRENT_BAR_UNAVAILABLE,OBSERVATION_INSUFFICIENT,10,0,0,False,0,0,False,INHERITED_RAW_PRICE_BASIS,False,False
2025-07-15|79020,2025-07-15,79020,09:30,11:10,100,UNAVAILABLE,0,5,,,SCALE_INSUFFICIENT,,False,,,,CURRENT_BAR_UNAVAILABLE,OBSERVATION_INSUFFICIENT,10,0,0,False,0,0,False,INHERITED_RAW_PRICE_BASIS,False,False
2025-07-15|79020,2025-07-15,79020,09:30,11:15,105,UNAVAILABLE,0,5,,,SCALE_INSUFFICIENT,,False,,,,CURRENT_BAR_UNAVAILABLE,OBSERVATION_INSUFFICIENT,9,0,0,False,0,0,False,INHERITED_RAW_PRICE_BASIS,False,False
2025-07-15|79020,2025-07-15,79020,09:30,11:20,110,UNAVAILABLE,0,5,,,SCALE_INSUFFICIENT,,False,,,,CURRENT_BAR_UNAVAILABLE,OBSERVATION_INSUFFICIENT,9,0,0,False,0,0,False,INHERITED_RAW_PRICE_BASIS,False,False
2025-07-15|79020,2025-07-15,79020,09:30,11:25,115,PARTIAL,1,4,,,SCALE_INSUFFICIENT,,False,,,,CURRENT_BAR_UNAVAILABLE,OBSERVATION_INSUFFICIENT,9,0,0,False,0,0,False,INHERITED_RAW_PRICE_BASIS,False,False
2025-07-15|79020,2025-07-15,79020,09:30,11:30,120,UNAVAILABLE,0,5,,,SCALE_INSUFFICIENT,,False,,,,CURRENT_BAR_UNAVAILABLE,OBSERVATION_INSUFFICIENT,9,0,0,False,0,0,False,INHERITED_RAW_PRICE_BASIS,False,False
2025-07-15|79020,2025-07-15,79020,09:30,12:35,125,PARTIAL,1,4,,,SCALE_INSUFFICIENT,,False,,,,CURRENT_BAR_UNAVAILABLE,OBSERVATION_INSUFFICIENT,10,0,0,False,0,0,False,INHERITED_RAW_PRICE_BASIS,False,False
2025-07-15|79020,2025-07-15,79020,09:30,12:40,130,UNAVAILABLE,0,5,,,SCALE_INSUFFICIENT,,False,,,,CURRENT_BAR_UNAVAILABLE,OBSERVATION_INSUFFICIENT,9,0,0,False,0,0,False,INHERITED_RAW_PRICE_BASIS,False,False
2025-07-15|79020,2025-07-15,79020,09:30,12:45,135,UNAVAILABLE,0,5,,,SCALE_INSUFFICIENT,,False,,,,CURRENT_BAR_UNAVAILABLE,OBSERVATION_INSUFFICIENT,9,0,0,False,0,0,False,INHERITED_RAW_PRICE_BASIS,False,False
2025-07-15|79020,2025-07-15,79020,09:30,12:50,140,PARTIAL,1,4,,,SCALE_INSUFFICIENT,,False,,,,CURRENT_BAR_UNAVAILABLE,OBSERVATION_INSUFFICIENT,10,0,0,False,0,0,False,INHERITED_RAW_PRICE_BASIS,False,False
2025-07-15|79020,2025-07-15,79020,09:30,12:55,145,UNAVAILABLE,0,5,,,SCALE_INSUFFICIENT,,False,,,,CURRENT_BAR_UNAVAILABLE,OBSERVATION_INSUFFICIENT,10,0,0,False,0,0,False,INHERITED_RAW_PRICE_BASIS,False,False
2025-07-15|79020,2025-07-15,79020,09:30,13:00,150,UNAVAILABLE,0,5,,,SCALE_INSUFFICIENT,,False,,,,CURRENT_BAR_UNAVAILABLE,OBSERVATION_INSUFFICIENT,10,0,0,False,0,0,False,INHERITED_RAW_PRICE_BASIS,False,False
2025-07-15|79020,2025-07-15,79020,09:30,13:05,155,UNAVAILABLE,0,5,,,SCALE_INSUFFICIENT,,False,,,,CURRENT_BAR_UNAVAILABLE,OBSERVATION_INSUFFICIENT,10,0,0,False,0,0,False,INHERITED_RAW_PRICE_BASIS,False,False
2025-07-15|79020,2025-07-15,79020,09:30,13:10,160,UNAVAILABLE,0,5,,,SCALE_INSUFFICIENT,,False,,,,CURRENT_BAR_UNAVAILABLE,OBSERVATION_INSUFFICIENT,10,0,0,False,0,0,False,INHERITED_RAW_PRICE_BASIS,False,False
2025-07-15|79020,2025-07-15,79020,09:30,13:15,165,UNAVAILABLE,0,5,,,SCALE_INSUFFICIENT,,False,,,,CURRENT_BAR_UNAVAILABLE,OBSERVATION_INSUFFICIENT,10,0,0,False,0,0,False,INHERITED_RAW_PRICE_BASIS,False,False
2025-07-15|79020,2025-07-15,79020,09:30,13:20,170,UNAVAILABLE,0,5,,,SCALE_INSUFFICIENT,,False,,,,CURRENT_BAR_UNAVAILABLE,OBSERVATION_INSUFFICIENT,10,0,0,False,0,0,False,INHERITED_RAW_PRICE_BASIS,False,False
2025-07-15|79020,2025-07-15,79020,09:30,13:25,175,UNAVAILABLE,0,5,,,SCALE_INSUFFICIENT,,False,,,,CURRENT_BAR_UNAVAILABLE,OBSERVATION_INSUFFICIENT,10,0,0,False,0,0,False,INHERITED_RAW_PRICE_BASIS,False,False
2025-07-15|79020,2025-07-15,79020,09:30,13:30,180,UNAVAILABLE,0,5,,,SCALE_INSUFFICIENT,,False,,,,CURRENT_BAR_UNAVAILABLE,OBSERVATION_INSUFFICIENT,10,0,0,False,0,0,False,INHERITED_RAW_PRICE_BASIS,False,False
2025-07-15|79020,2025-07-15,79020,09:30,13:35,185,UNAVAILABLE,0,5,,,SCALE_INSUFFICIENT,,False,,,,CURRENT_BAR_UNAVAILABLE,OBSERVATION_INSUFFICIENT,10,0,0,False,0,0,False,INHERITED_RAW_PRICE_BASIS,False,False
2025-07-15|79020,2025-07-15,79020,09:30,13:40,190,UNAVAILABLE,0,5,,,SCALE_INSUFFICIENT,,False,,,,CURRENT_BAR_UNAVAILABLE,OBSERVATION_INSUFFICIENT,10,0,0,False,0,0,False,INHERITED_RAW_PRICE_BASIS,False,False
2025-07-15|79020,2025-07-15,79020,09:30,13:45,195,UNAVAILABLE,0,5,,,SCALE_INSUFFICIENT,,False,,,,CURRENT_BAR_UNAVAILABLE,OBSERVATION_INSUFFICIENT,10,0,0,False,0,0,False,INHERITED_RAW_PRICE_BASIS,False,False
2025-07-15|79020,2025-07-15,79020,09:30,13:50,200,UNAVAILABLE,0,5,,,SCALE_INSUFFICIENT,,False,,,,CURRENT_BAR_UNAVAILABLE,OBSERVATION_INSUFFICIENT,10,0,0,False,0,0,False,INHERITED_RAW_PRICE_BASIS,False,False
2025-07-15|79020,2025-07-15,79020,09:30,13:55,205,UNAVAILABLE,0,5,,,SCALE_INSUFFICIENT,,False,,,,CURRENT_BAR_UNAVAILABLE,OBSERVATION_INSUFFICIENT,10,0,0,False,0,0,False,INHERITED_RAW_PRICE_BASIS,False,False
2025-07-15|79020,2025-07-15,79020,09:30,14:00,210,UNAVAILABLE,0,5,,,SCALE_INSUFFICIENT,,False,,,,CURRENT_BAR_UNAVAILABLE,OBSERVATION_INSUFFICIENT,10,0,0,False,0,0,False,INHERITED_RAW_PRICE_BASIS,False,False
2025-07-15|79020,2025-07-15,79020,09:30,14:05,215,UNAVAILABLE,0,5,,,SCALE_INSUFFICIENT,,False,,,,CURRENT_BAR_UNAVAILABLE,OBSERVATION_INSUFFICIENT,10,0,0,False,0,0,False,INHERITED_RAW_PRICE_BASIS,False,False
2025-07-15|79020,2025-07-15,79020,09:30,14:10,220,UNAVAILABLE,0,5,,,SCALE_INSUFFICIENT,,False,,,,CURRENT_BAR_UNAVAILABLE,OBSERVATION_INSUFFICIENT,10,0,0,False,0,0,False,INHERITED_RAW_PRICE_BASIS,False,False
2025-07-15|79020,2025-07-15,79020,09:30,14:15,225,UNAVAILABLE,0,5,,,SCALE_INSUFFICIENT,,False,,,,CURRENT_BAR_UNAVAILABLE,OBSERVATION_INSUFFICIENT,10,0,0,False,0,0,False,INHERITED_RAW_PRICE_BASIS,False,False
2025-07-15|79020,2025-07-15,79020,09:30,14:20,230,UNAVAILABLE,0,5,,,SCALE_INSUFFICIENT,,False,,,,CURRENT_BAR_UNAVAILABLE,OBSERVATION_INSUFFICIENT,10,0,0,False,0,0,False,INHERITED_RAW_PRICE_BASIS,False,False
2025-07-15|79020,2025-07-15,79020,09:30,14:25,235,UNAVAILABLE,0,5,,,SCALE_INSUFFICIENT,,False,,,,CURRENT_BAR_UNAVAILABLE,OBSERVATION_INSUFFICIENT,10,0,0,False,0,0,False,INHERITED_RAW_PRICE_BASIS,False,False
2025-07-15|79020,2025-07-15,79020,09:30,14:30,240,UNAVAILABLE,0,5,,,SCALE_INSUFFICIENT,,False,,,,CURRENT_BAR_UNAVAILABLE,OBSERVATION_INSUFFICIENT,9,0,0,False,0,0,False,INHERITED_RAW_PRICE_BASIS,False,False
2025-07-15|79020,2025-07-15,79020,09:30,14:35,245,UNAVAILABLE,0,5,,,SCALE_INSUFFICIENT,,False,,,,CURRENT_BAR_UNAVAILABLE,OBSERVATION_INSUFFICIENT,9,0,0,False,0,0,False,INHERITED_RAW_PRICE_BASIS,False,False
2025-07-15|79020,2025-07-15,79020,09:30,14:40,250,PARTIAL,1,4,,,SCALE_INSUFFICIENT,,False,,,,CURRENT_BAR_UNAVAILABLE,OBSERVATION_INSUFFICIENT,10,0,0,False,0,0,False,INHERITED_RAW_PRICE_BASIS,False,False
2025-07-15|79020,2025-07-15,79020,09:30,14:45,255,UNAVAILABLE,0,5,,,SCALE_INSUFFICIENT,,False,,,,CURRENT_BAR_UNAVAILABLE,OBSERVATION_INSUFFICIENT,10,0,0,False,0,0,False,INHERITED_RAW_PRICE_BASIS,False,False
2025-07-15|79020,2025-07-15,79020,09:30,14:50,260,UNAVAILABLE,0,5,,,SCALE_INSUFFICIENT,,False,,,,CURRENT_BAR_UNAVAILABLE,OBSERVATION_INSUFFICIENT,10,0,0,False,0,0,False,INHERITED_RAW_PRICE_BASIS,False,False
2025-07-15|79020,2025-07-15,79020,09:30,14:55,265,UNAVAILABLE,0,5,,,SCALE_INSUFFICIENT,,False,,,,CURRENT_BAR_UNAVAILABLE,OBSERVATION_INSUFFICIENT,10,0,0,False,0,0,False,INHERITED_RAW_PRICE_BASIS,False,False
2025-07-15|79020,2025-07-15,79020,09:30,15:00,270,UNAVAILABLE,0,5,,,SCALE_INSUFFICIENT,,False,,,,CURRENT_BAR_UNAVAILABLE,OBSERVATION_INSUFFICIENT,10,0,0,False,0,0,False,INHERITED_RAW_PRICE_BASIS,False,False
2025-07-15|79020,2025-07-15,79020,09:30,15:05,275,UNAVAILABLE,0,5,,,SCALE_INSUFFICIENT,,False,,,,CURRENT_BAR_UNAVAILABLE,OBSERVATION_INSUFFICIENT,10,0,0,False,0,0,False,INHERITED_RAW_PRICE_BASIS,False,False
2025-07-15|79020,2025-07-15,79020,09:30,15:10,280,UNAVAILABLE,0,5,,,SCALE_INSUFFICIENT,,False,,,,CURRENT_BAR_UNAVAILABLE,OBSERVATION_INSUFFICIENT,10,0,0,False,0,0,False,INHERITED_RAW_PRICE_BASIS,False,False
2025-07-15|79020,2025-07-15,79020,09:30,15:15,285,UNAVAILABLE,0,5,,,SCALE_INSUFFICIENT,,False,,,,CURRENT_BAR_UNAVAILABLE,OBSERVATION_INSUFFICIENT,10,0,0,False,0,0,False,INHERITED_RAW_PRICE_BASIS,False,False
2025-07-15|79020,2025-07-15,79020,09:30,15:20,290,UNAVAILABLE,0,5,,,SCALE_INSUFFICIENT,,False,,,,CURRENT_BAR_UNAVAILABLE,RIGHT_CENSORED,5,0,0,False,0,0,False,INHERITED_RAW_PRICE_BASIS,False,False
2025-07-15|79020,2025-07-15,79020,09:30,15:25,295,UNAVAILABLE,0,5,,,SCALE_INSUFFICIENT,,False,,,,CURRENT_BAR_UNAVAILABLE,RIGHT_CENSORED,0,0,0,False,0,0,False,INHERITED_RAW_PRICE_BASIS,False,False
2025-07-15|81150,2025-07-15,81150,10:30,10:30,0,COMPLETE,5,0,DOWN,-1.7118402282453637,SCALE_INSUFFICIENT,,False,,,,SCALE_UNAVAILABLE,OBSERVATION_INSUFFICIENT,5,0,0,False,3,3,False,INHERITED_RAW_PRICE_BASIS,False,False
2025-07-15|81150,2025-07-15,81150,10:30,10:35,5,PARTIAL,1,4,,,SCALE_INSUFFICIENT,,False,,,,CURRENT_BAR_UNAVAILABLE,OBSERVATION_INSUFFICIENT,3,0,0,False,0,0,False,INHERITED_RAW_PRICE_BASIS,False,False
2025-07-15|81150,2025-07-15,81150,10:30,10:40,10,PARTIAL,4,1,,,SCALE_INSUFFICIENT,,False,,,,CURRENT_BAR_UNAVAILABLE,OBSERVATION_INSUFFICIENT,2,0,0,False,1,2,False,INHERITED_RAW_PRICE_BASIS,False,False
2025-07-15|81150,2025-07-15,81150,10:30,10:45,15,PARTIAL,3,2,,,SCALE_INSUFFICIENT,,False,,,,SCALE_UNAVAILABLE,OBSERVATION_INSUFFICIENT,2,0,0,False,1,0,False,INHERITED_RAW_PRICE_BASIS,False,False
2025-07-15|81150,2025-07-15,81150,10:30,10:50,20,COMPLETE,5,0,DOWN,-0.07358351729212656,SCALE_INSUFFICIENT,,False,,,,SCALE_UNAVAILABLE,OBSERVATION_INSUFFICIENT,3,0,0,False,1,2,False,INHERITED_RAW_PRICE_BASIS,False,False
2025-07-15|81150,2025-07-15,81150,10:30,10:55,25,PARTIAL,3,2,,,SCALE_INSUFFICIENT,,False,,,,CURRENT_BAR_UNAVAILABLE,OBSERVATION_INSUFFICIENT,5,0,0,False,0,0,False,INHERITED_RAW_PRICE_BASIS,False,False
2025-07-15|81150,2025-07-15,81150,10:30,11:00,30,PARTIAL,4,1,,,SCALE_INSUFFICIENT,,False,,,,SCALE_UNAVAILABLE,OBSERVATION_INSUFFICIENT,6,0,0,False,1,0,False,INHERITED_RAW_PRICE_BASIS,False,False
2025-07-15|81150,2025-07-15,81150,10:30,11:05,35,PARTIAL,1,4,,,SCALE_INSUFFICIENT,,False,,,,SCALE_UNAVAILABLE,OBSERVATION_INSUFFICIENT,4,0,0,False,0,0,False,INHERITED_RAW_PRICE_BASIS,False,False
2025-07-15|81150,2025-07-15,81150,10:30,11:10,40,PARTIAL,3,2,,,SCALE_INSUFFICIENT,,False,,,,SCALE_UNAVAILABLE,OBSERVATION_INSUFFICIENT,7,0,0,False,2,2,False,INHERITED_RAW_PRICE_BASIS,False,False
2025-07-15|81150,2025-07-15,81150,10:30,11:15,45,PARTIAL,3,2,,,SCALE_INSUFFICIENT,,False,,,,SCALE_UNAVAILABLE,OBSERVATION_INSUFFICIENT,7,0,0,False,2,2,False,INHERITED_RAW_PRICE_BASIS,False,False
2025-07-15|81150,2025-07-15,81150,10:30,11:20,50,UNAVAILABLE,0,5,,,SCALE_INSUFFICIENT,,False,,,,CURRENT_BAR_UNAVAILABLE,OBSERVATION_INSUFFICIENT,5,0,0,False,0,0,False,INHERITED_RAW_PRICE_BASIS,False,False
2025-07-15|81150,2025-07-15,81150,10:30,11:25,55,PARTIAL,3,2,,,SCALE_INSUFFICIENT,,False,,,,CURRENT_BAR_UNAVAILABLE,OBSERVATION_INSUFFICIENT,6,0,0,False,0,2,False,INHERITED_RAW_PRICE_BASIS,False,False
2025-07-15|81150,2025-07-15,81150,10:30,11:30,60,PARTIAL,2,3,,,SCALE_INSUFFICIENT,,False,,,,SCALE_UNAVAILABLE,OBSERVATION_INSUFFICIENT,6,0,0,False,0,0,False,INHERITED_RAW_PRICE_BASIS,False,False
2025-07-15|81150,2025-07-15,81150,10:30,12:35,65,PARTIAL,2,3,,,SCALE_INSUFFICIENT,,False,,,,CURRENT_BAR_UNAVAILABLE,OBSERVATION_INSUFFICIENT,5,0,0,False,2,0,False,INHERITED_RAW_PRICE_BASIS,False,False
2025-07-15|81150,2025-07-15,81150,10:30,12:40,70,PARTIAL,2,3,,,SCALE_INSUFFICIENT,,False,,,,SCALE_UNAVAILABLE,OBSERVATION_INSUFFICIENT,4,0,0,False,0,0,False,INHERITED_RAW_PRICE_BASIS,False,False
2025-07-15|81150,2025-07-15,81150,10:30,12:45,75,PARTIAL,3,2,,,SCALE_INSUFFICIENT,,False,,,,SCALE_UNAVAILABLE,OBSERVATION_INSUFFICIENT,6,0,0,False,0,0,False,INHERITED_RAW_PRICE_BASIS,False,False
2025-07-15|81150,2025-07-15,81150,10:30,12:50,80,PARTIAL,3,2,,,SCALE_INSUFFICIENT,,False,,,,CURRENT_BAR_UNAVAILABLE,OBSERVATION_INSUFFICIENT,6,0,0,False,2,3,False,INHERITED_RAW_PRICE_BASIS,False,False
2025-07-15|81150,2025-07-15,81150,10:30,12:55,85,PARTIAL,1,4,,,SCALE_INSUFFICIENT,,False,,,,CURRENT_BAR_UNAVAILABLE,OBSERVATION_INSUFFICIENT,5,0,0,False,0,0,False,INHERITED_RAW_PRICE_BASIS,False,False
2025-07-15|81150,2025-07-15,81150,10:30,13:00,90,PARTIAL,3,2,,,SCALE_INSUFFICIENT,,False,,,,SCALE_UNAVAILABLE,OBSERVATION_INSUFFICIENT,6,0,0,False,0,0,False,INHERITED_RAW_PRICE_BASIS,False,False
2025-07-15|81150,2025-07-15,81150,10:30,13:05,95,PARTIAL,2,3,,,SCALE_INSUFFICIENT,,False,,,,SCALE_UNAVAILABLE,OBSERVATION_INSUFFICIENT,6,0,0,False,0,0,False,INHERITED_RAW_PRICE_BASIS,False,False
2025-07-15|81150,2025-07-15,81150,10:30,13:10,100,PARTIAL,2,3,,,SCALE_INSUFFICIENT,,False,,,,CURRENT_BAR_UNAVAILABLE,OBSERVATION_INSUFFICIENT,5,0,0,False,0,0,False,INHERITED_RAW_PRICE_BASIS,False,False
2025-07-15|81150,2025-07-15,81150,10:30,13:15,105,PARTIAL,2,3,,,SCALE_INSUFFICIENT,,False,,,,SCALE_UNAVAILABLE,OBSERVATION_INSUFFICIENT,3,0,0,False,0,0,False,INHERITED_RAW_PRICE_BASIS,False,False
2025-07-15|81150,2025-07-15,81150,10:30,13:20,110,PARTIAL,3,2,,,SCALE_INSUFFICIENT,,False,,,,SCALE_UNAVAILABLE,OBSERVATION_INSUFFICIENT,2,0,0,False,0,0,False,INHERITED_RAW_PRICE_BASIS,False,False
2025-07-15|81150,2025-07-15,81150,10:30,13:25,115,PARTIAL,4,1,,,SCALE_INSUFFICIENT,,False,,,,SCALE_UNAVAILABLE,OBSERVATION_INSUFFICIENT,6,0,0,False,0,0,False,INHERITED_RAW_PRICE_BASIS,False,False
2025-07-15|81150,2025-07-15,81150,10:30,13:30,120,PARTIAL,4,1,,,SCALE_INSUFFICIENT,,False,,,,SCALE_UNAVAILABLE,OBSERVATION_INSUFFICIENT,5,0,0,False,0,0,False,INHERITED_RAW_PRICE_BASIS,False,False
2025-07-15|81150,2025-07-15,81150,10:30,13:35,125,UNAVAILABLE,0,5,,,SCALE_INSUFFICIENT,,False,,,,CURRENT_BAR_UNAVAILABLE,OBSERVATION_INSUFFICIENT,3,0,0,False,0,0,False,INHERITED_RAW_PRICE_BASIS,False,False
2025-07-15|81150,2025-07-15,81150,10:30,13:40,130,COMPLETE,5,0,UP,0.4398826979472141,SCALE_INSUFFICIENT,,False,,,,SCALE_UNAVAILABLE,OBSERVATION_INSUFFICIENT,5,0,0,False,0,2,False,INHERITED_RAW_PRICE_BASIS,False,False
2025-07-15|81150,2025-07-15,81150,10:30,13:45,135,PARTIAL,2,3,,,SCALE_INSUFFICIENT,,False,,,,CURRENT_BAR_UNAVAILABLE,OBSERVATION_INSUFFICIENT,3,0,0,False,1,1,False,INHERITED_RAW_PRICE_BASIS,False,False
2025-07-15|81150,2025-07-15,81150,10:30,13:50,140,PARTIAL,3,2,,,SCALE_INSUFFICIENT,,False,,,,SCALE_UNAVAILABLE,OBSERVATION_INSUFFICIENT,5,0,0,False,0,0,False,INHERITED_RAW_PRICE_BASIS,False,False
2025-07-15|81150,2025-07-15,81150,10:30,13:55,145,PARTIAL,4,1,,,SCALE_INSUFFICIENT,,False,,,,SCALE_UNAVAILABLE,OBSERVATION_INSUFFICIENT,7,0,0,False,0,0,False,INHERITED_RAW_PRICE_BASIS,False,False
2025-07-15|81150,2025-07-15,81150,10:30,14:00,150,PARTIAL,1,4,,,SCALE_INSUFFICIENT,,False,,,,CURRENT_BAR_UNAVAILABLE,OBSERVATION_INSUFFICIENT,5,0,0,False,0,0,False,INHERITED_RAW_PRICE_BASIS,False,False
2025-07-15|81150,2025-07-15,81150,10:30,14:05,155,PARTIAL,2,3,,,SCALE_INSUFFICIENT,,False,,,,CURRENT_BAR_UNAVAILABLE,OBSERVATION_INSUFFICIENT,4,0,0,False,0,0,False,INHERITED_RAW_PRICE_BASIS,False,False
2025-07-15|81150,2025-07-15,81150,10:30,14:10,160,PARTIAL,3,2,,,SCALE_INSUFFICIENT,,False,,,,SCALE_UNAVAILABLE,OBSERVATION_INSUFFICIENT,4,0,0,False,0,0,False,INHERITED_RAW_PRICE_BASIS,False,False
2025-07-15|81150,2025-07-15,81150,10:30,14:15,165,PARTIAL,3,2,,,SCALE_INSUFFICIENT,,False,,,,CURRENT_BAR_UNAVAILABLE,OBSERVATION_INSUFFICIENT,7,0,0,False,0,0,False,INHERITED_RAW_PRICE_BASIS,False,False
2025-07-15|81150,2025-07-15,81150,10:30,14:20,170,PARTIAL,3,2,,,SCALE_INSUFFICIENT,,False,,,,SCALE_UNAVAILABLE,OBSERVATION_INSUFFICIENT,8,0,0,False,0,0,False,INHERITED_RAW_PRICE_BASIS,False,False
2025-07-15|81150,2025-07-15,81150,10:30,14:25,175,UNAVAILABLE,0,5,,,SCALE_INSUFFICIENT,,False,,,,CURRENT_BAR_UNAVAILABLE,OBSERVATION_INSUFFICIENT,7,0,0,False,0,0,False,INHERITED_RAW_PRICE_BASIS,False,False
2025-07-15|81150,2025-07-15,81150,10:30,14:30,180,PARTIAL,2,3,,,SCALE_INSUFFICIENT,,False,,,,CURRENT_BAR_UNAVAILABLE,OBSERVATION_INSUFFICIENT,7,0,0,False,0,0,False,INHERITED_RAW_PRICE_BASIS,False,False
2025-07-15|81150,2025-07-15,81150,10:30,14:35,185,PARTIAL,1,4,,,SCALE_INSUFFICIENT,,False,,,,CURRENT_BAR_UNAVAILABLE,OBSERVATION_INSUFFICIENT,5,0,0,False,0,0,False,INHERITED_RAW_PRICE_BASIS,False,False
2025-07-15|81150,2025-07-15,81150,10:30,14:40,190,PARTIAL,2,3,,,SCALE_INSUFFICIENT,,False,,,,SCALE_UNAVAILABLE,OBSERVATION_INSUFFICIENT,6,0,0,False,0,0,False,INHERITED_RAW_PRICE_BASIS,False,False
2025-07-15|81150,2025-07-15,81150,10:30,14:45,195,PARTIAL,3,2,,,SCALE_INSUFFICIENT,,False,,,,CURRENT_BAR_UNAVAILABLE,OBSERVATION_INSUFFICIENT,6,0,0,False,0,0,False,INHERITED_RAW_PRICE_BASIS,False,False
2025-07-15|81150,2025-07-15,81150,10:30,14:50,200,PARTIAL,1,4,,,SCALE_INSUFFICIENT,,False,,,,CURRENT_BAR_UNAVAILABLE,OBSERVATION_INSUFFICIENT,5,0,0,False,0,0,False,INHERITED_RAW_PRICE_BASIS,False,False
2025-07-15|81150,2025-07-15,81150,10:30,14:55,205,PARTIAL,3,2,,,SCALE_INSUFFICIENT,,False,,,,SCALE_UNAVAILABLE,OBSERVATION_INSUFFICIENT,5,0,0,False,1,0,False,INHERITED_RAW_PRICE_BASIS,False,False
2025-07-15|81150,2025-07-15,81150,10:30,15:00,210,PARTIAL,2,3,,,SCALE_INSUFFICIENT,,False,,,,SCALE_UNAVAILABLE,OBSERVATION_INSUFFICIENT,4,0,0,False,0,0,False,INHERITED_RAW_PRICE_BASIS,False,False
2025-07-15|81150,2025-07-15,81150,10:30,15:05,215,PARTIAL,3,2,,,SCALE_INSUFFICIENT,,False,,,,CURRENT_BAR_UNAVAILABLE,OBSERVATION_INSUFFICIENT,4,0,0,False,0,0,False,INHERITED_RAW_PRICE_BASIS,False,False
2025-07-15|81150,2025-07-15,81150,10:30,15:10,220,PARTIAL,3,2,,,SCALE_INSUFFICIENT,,False,,,,SCALE_UNAVAILABLE,OBSERVATION_INSUFFICIENT,5,0,0,False,0,0,False,INHERITED_RAW_PRICE_BASIS,False,False
2025-07-15|81150,2025-07-15,81150,10:30,15:15,225,PARTIAL,3,2,,,SCALE_INSUFFICIENT,,False,,,,SCALE_UNAVAILABLE,OBSERVATION_INSUFFICIENT,3,0,0,False,0,0,False,INHERITED_RAW_PRICE_BASIS,False,False
2025-07-15|81150,2025-07-15,81150,10:30,15:20,230,PARTIAL,2,3,,,SCALE_INSUFFICIENT,,False,,,,SCALE_UNAVAILABLE,RIGHT_CENSORED,0,0,0,False,0,0,False,INHERITED_RAW_PRICE_BASIS,False,False
2025-07-15|81150,2025-07-15,81150,10:30,15:25,235,COMPLETE,5,0,UP,0.9774436090225563,SCALE_INSUFFICIENT,,False,,,,SCALE_UNAVAILABLE,RIGHT_CENSORED,0,0,0,False,0,0,False,INHERITED_RAW_PRICE_BASIS,False,False
2025-07-15|82750,2025-07-15,82750,11:30,11:30,0,PARTIAL,1,4,,,SCALE_INSUFFICIENT,,False,,,,CURRENT_BAR_UNAVAILABLE,OBSERVATION_INSUFFICIENT,9,0,0,False,0,0,False,INHERITED_RAW_PRICE_BASIS,False,False
2025-07-15|82750,2025-07-15,82750,11:30,12:35,5,PARTIAL,1,4,,,SCALE_INSUFFICIENT,,False,,,,CURRENT_BAR_UNAVAILABLE,OBSERVATION_INSUFFICIENT,10,0,0,False,0,0,False,INHERITED_RAW_PRICE_BASIS,False,False
2025-07-15|82750,2025-07-15,82750,11:30,12:40,10,UNAVAILABLE,0,5,,,SCALE_INSUFFICIENT,,False,,,,CURRENT_BAR_UNAVAILABLE,OBSERVATION_INSUFFICIENT,10,0,0,False,0,0,False,INHERITED_RAW_PRICE_BASIS,False,False
2025-07-15|82750,2025-07-15,82750,11:30,12:45,15,UNAVAILABLE,0,5,,,SCALE_INSUFFICIENT,,False,,,,CURRENT_BAR_UNAVAILABLE,OBSERVATION_INSUFFICIENT,10,0,0,False,0,0,False,INHERITED_RAW_PRICE_BASIS,False,False
2025-07-15|82750,2025-07-15,82750,11:30,12:50,20,UNAVAILABLE,0,5,,,SCALE_INSUFFICIENT,,False,,,,CURRENT_BAR_UNAVAILABLE,OBSERVATION_INSUFFICIENT,10,0,0,False,0,0,False,INHERITED_RAW_PRICE_BASIS,False,False
2025-07-15|82750,2025-07-15,82750,11:30,12:55,25,UNAVAILABLE,0,5,,,SCALE_INSUFFICIENT,,False,,,,CURRENT_BAR_UNAVAILABLE,OBSERVATION_INSUFFICIENT,10,0,0,False,0,0,False,INHERITED_RAW_PRICE_BASIS,False,False
2025-07-15|82750,2025-07-15,82750,11:30,13:00,30,UNAVAILABLE,0,5,,,SCALE_INSUFFICIENT,,False,,,,CURRENT_BAR_UNAVAILABLE,OBSERVATION_INSUFFICIENT,9,0,0,False,0,0,False,INHERITED_RAW_PRICE_BASIS,False,False
2025-07-15|82750,2025-07-15,82750,11:30,13:05,35,UNAVAILABLE,0,5,,,SCALE_INSUFFICIENT,,False,,,,CURRENT_BAR_UNAVAILABLE,OBSERVATION_INSUFFICIENT,9,0,0,False,0,0,False,INHERITED_RAW_PRICE_BASIS,False,False
2025-07-15|82750,2025-07-15,82750,11:30,13:10,40,PARTIAL,1,4,,,SCALE_INSUFFICIENT,,False,,,,SCALE_UNAVAILABLE,OBSERVATION_INSUFFICIENT,10,0,0,False,0,0,False,INHERITED_RAW_PRICE_BASIS,False,False
2025-07-15|82750,2025-07-15,82750,11:30,13:15,45,UNAVAILABLE,0,5,,,SCALE_INSUFFICIENT,,False,,,,CURRENT_BAR_UNAVAILABLE,OBSERVATION_INSUFFICIENT,9,0,0,False,0,0,False,INHERITED_RAW_PRICE_BASIS,False,False
2025-07-15|82750,2025-07-15,82750,11:30,13:20,50,UNAVAILABLE,0,5,,,SCALE_INSUFFICIENT,,False,,,,CURRENT_BAR_UNAVAILABLE,OBSERVATION_INSUFFICIENT,9,0,0,False,0,0,False,INHERITED_RAW_PRICE_BASIS,False,False
2025-07-15|82750,2025-07-15,82750,11:30,13:25,55,PARTIAL,1,4,,,SCALE_INSUFFICIENT,,False,,,,SCALE_UNAVAILABLE,OBSERVATION_INSUFFICIENT,10,0,0,False,0,0,False,INHERITED_RAW_PRICE_BASIS,False,False
2025-07-15|82750,2025-07-15,82750,11:30,13:30,60,UNAVAILABLE,0,5,,,SCALE_INSUFFICIENT,,False,,,,CURRENT_BAR_UNAVAILABLE,OBSERVATION_INSUFFICIENT,10,0,0,False,0,0,False,INHERITED_RAW_PRICE_BASIS,False,False
2025-07-15|82750,2025-07-15,82750,11:30,13:35,65,UNAVAILABLE,0,5,,,SCALE_INSUFFICIENT,,False,,,,CURRENT_BAR_UNAVAILABLE,OBSERVATION_INSUFFICIENT,10,0,0,False,0,0,False,INHERITED_RAW_PRICE_BASIS,False,False
2025-07-15|82750,2025-07-15,82750,11:30,13:40,70,UNAVAILABLE,0,5,,,SCALE_INSUFFICIENT,,False,,,,CURRENT_BAR_UNAVAILABLE,OBSERVATION_INSUFFICIENT,10,0,0,False,0,0,False,INHERITED_RAW_PRICE_BASIS,False,False
2025-07-15|82750,2025-07-15,82750,11:30,13:45,75,UNAVAILABLE,0,5,,,SCALE_INSUFFICIENT,,False,,,,CURRENT_BAR_UNAVAILABLE,OBSERVATION_INSUFFICIENT,10,0,0,False,0,0,False,INHERITED_RAW_PRICE_BASIS,False,False
2025-07-15|82750,2025-07-15,82750,11:30,13:50,80,UNAVAILABLE,0,5,,,SCALE_INSUFFICIENT,,False,,,,CURRENT_BAR_UNAVAILABLE,OBSERVATION_INSUFFICIENT,10,0,0,False,0,0,False,INHERITED_RAW_PRICE_BASIS,False,False
2025-07-15|82750,2025-07-15,82750,11:30,13:55,85,UNAVAILABLE,0,5,,,SCALE_INSUFFICIENT,,False,,,,CURRENT_BAR_UNAVAILABLE,OBSERVATION_INSUFFICIENT,9,0,0,False,0,0,False,INHERITED_RAW_PRICE_BASIS,False,False
2025-07-15|82750,2025-07-15,82750,11:30,14:00,90,UNAVAILABLE,0,5,,,SCALE_INSUFFICIENT,,False,,,,CURRENT_BAR_UNAVAILABLE,OBSERVATION_INSUFFICIENT,9,0,0,False,0,0,False,INHERITED_RAW_PRICE_BASIS,False,False
2025-07-15|82750,2025-07-15,82750,11:30,14:05,95,PARTIAL,1,4,,,SCALE_INSUFFICIENT,,False,,,,CURRENT_BAR_UNAVAILABLE,OBSERVATION_INSUFFICIENT,10,0,0,False,0,0,False,INHERITED_RAW_PRICE_BASIS,False,False
2025-07-15|82750,2025-07-15,82750,11:30,14:10,100,UNAVAILABLE,0,5,,,SCALE_INSUFFICIENT,,False,,,,CURRENT_BAR_UNAVAILABLE,OBSERVATION_INSUFFICIENT,9,0,0,False,0,0,False,INHERITED_RAW_PRICE_BASIS,False,False
2025-07-15|82750,2025-07-15,82750,11:30,14:15,105,UNAVAILABLE,0,5,,,SCALE_INSUFFICIENT,,False,,,,CURRENT_BAR_UNAVAILABLE,OBSERVATION_INSUFFICIENT,9,0,0,False,0,0,False,INHERITED_RAW_PRICE_BASIS,False,False
2025-07-15|82750,2025-07-15,82750,11:30,14:20,110,PARTIAL,1,4,,,SCALE_INSUFFICIENT,,False,,,,CURRENT_BAR_UNAVAILABLE,OBSERVATION_INSUFFICIENT,10,0,0,False,0,0,False,INHERITED_RAW_PRICE_BASIS,False,False
2025-07-15|82750,2025-07-15,82750,11:30,14:25,115,UNAVAILABLE,0,5,,,SCALE_INSUFFICIENT,,False,,,,CURRENT_BAR_UNAVAILABLE,OBSERVATION_INSUFFICIENT,9,0,0,False,0,0,False,INHERITED_RAW_PRICE_BASIS,False,False
2025-07-15|82750,2025-07-15,82750,11:30,14:30,120,UNAVAILABLE,0,5,,,SCALE_INSUFFICIENT,,False,,,,CURRENT_BAR_UNAVAILABLE,OBSERVATION_INSUFFICIENT,9,0,0,False,0,0,False,INHERITED_RAW_PRICE_BASIS,False,False
2025-07-15|82750,2025-07-15,82750,11:30,14:35,125,PARTIAL,1,4,,,SCALE_INSUFFICIENT,,False,,,,CURRENT_BAR_UNAVAILABLE,OBSERVATION_INSUFFICIENT,10,0,0,False,0,0,False,INHERITED_RAW_PRICE_BASIS,False,False
2025-07-15|82750,2025-07-15,82750,11:30,14:40,130,UNAVAILABLE,0,5,,,SCALE_INSUFFICIENT,,False,,,,CURRENT_BAR_UNAVAILABLE,OBSERVATION_INSUFFICIENT,10,0,0,False,0,0,False,INHERITED_RAW_PRICE_BASIS,False,False
2025-07-15|82750,2025-07-15,82750,11:30,14:45,135,UNAVAILABLE,0,5,,,SCALE_INSUFFICIENT,,False,,,,CURRENT_BAR_UNAVAILABLE,OBSERVATION_INSUFFICIENT,9,0,0,False,0,0,False,INHERITED_RAW_PRICE_BASIS,False,False
2025-07-15|82750,2025-07-15,82750,11:30,14:50,140,UNAVAILABLE,0,5,,,SCALE_INSUFFICIENT,,False,,,,CURRENT_BAR_UNAVAILABLE,OBSERVATION_INSUFFICIENT,8,0,0,False,0,0,False,INHERITED_RAW_PRICE_BASIS,False,False
2025-07-15|82750,2025-07-15,82750,11:30,14:55,145,PARTIAL,1,4,,,SCALE_INSUFFICIENT,,False,,,,CURRENT_BAR_UNAVAILABLE,OBSERVATION_INSUFFICIENT,9,0,0,False,0,0,False,INHERITED_RAW_PRICE_BASIS,False,False
2025-07-15|82750,2025-07-15,82750,11:30,15:00,150,PARTIAL,1,4,,,SCALE_INSUFFICIENT,,False,,,,CURRENT_BAR_UNAVAILABLE,OBSERVATION_INSUFFICIENT,10,0,0,False,0,0,False,INHERITED_RAW_PRICE_BASIS,False,False
2025-07-15|82750,2025-07-15,82750,11:30,15:05,155,UNAVAILABLE,0,5,,,SCALE_INSUFFICIENT,,False,,,,CURRENT_BAR_UNAVAILABLE,OBSERVATION_INSUFFICIENT,10,0,0,False,0,0,False,INHERITED_RAW_PRICE_BASIS,False,False
2025-07-15|82750,2025-07-15,82750,11:30,15:10,160,UNAVAILABLE,0,5,,,SCALE_INSUFFICIENT,,False,,,,CURRENT_BAR_UNAVAILABLE,OBSERVATION_INSUFFICIENT,8,0,0,False,0,0,False,INHERITED_RAW_PRICE_BASIS,False,False
2025-07-15|82750,2025-07-15,82750,11:30,15:15,165,UNAVAILABLE,0,5,,,SCALE_INSUFFICIENT,,False,,,,CURRENT_BAR_UNAVAILABLE,OBSERVATION_INSUFFICIENT,6,0,0,False,0,0,False,INHERITED_RAW_PRICE_BASIS,False,False
2025-07-15|82750,2025-07-15,82750,11:30,15:20,170,PARTIAL,2,3,,,SCALE_INSUFFICIENT,,False,,,,SCALE_UNAVAILABLE,RIGHT_CENSORED,3,0,0,False,0,0,False,INHERITED_RAW_PRICE_BASIS,False,False
2025-07-15|82750,2025-07-15,82750,11:30,15:25,175,PARTIAL,2,3,,,SCALE_INSUFFICIENT,,False,,,,CURRENT_BAR_UNAVAILABLE,RIGHT_CENSORED,0,0,0,False,0,0,False,INHERITED_RAW_PRICE_BASIS,False,False
2025-07-15|88870,2025-07-15,88870,09:30,09:30,0,COMPLETE,5,0,DOWN,-4.010695187165775,SCALE_INSUFFICIENT,,False,,,RANGE_EXPANSION|VOLUME_EXPANSION|TRADING_VALUE_EXPANSION,SCALE_UNAVAILABLE,OBSERVATION_INSUFFICIENT,1,0,0,False,2,1,False,INHERITED_RAW_PRICE_BASIS,False,False
2025-07-15|88870,2025-07-15,88870,09:30,09:35,5,COMPLETE,5,0,UP,2.7548209366391183,SCALE_INSUFFICIENT,,False,,,VOLUME_COMPRESSION|TRADING_VALUE_COMPRESSION,SCALE_UNAVAILABLE,OBSERVATION_INSUFFICIENT,1,0,0,False,0,1,False,INHERITED_RAW_PRICE_BASIS,True,False
2025-07-15|88870,2025-07-15,88870,09:30,09:40,10,PARTIAL,4,1,,,SCALE_INSUFFICIENT,,False,,,,SCALE_UNAVAILABLE,WINDOW_OBSERVED,0,0,0,False,0,0,False,INHERITED_RAW_PRICE_BASIS,False,False
2025-07-15|88870,2025-07-15,88870,09:30,09:45,15,COMPLETE,5,0,DOWN,-1.0638297872340425,SCALE_INSUFFICIENT,,False,,,,SCALE_UNAVAILABLE,WINDOW_OBSERVED,0,0,0,False,0,0,False,INHERITED_RAW_PRICE_BASIS,False,False
2025-07-15|88870,2025-07-15,88870,09:30,09:50,20,COMPLETE,5,0,UP,0.2680965147453083,SCALE_INSUFFICIENT,,False,,,RANGE_COMPRESSION|VOLUME_COMPRESSION|TRADING_VALUE_COMPRESSION,SCALE_UNAVAILABLE,WINDOW_OBSERVED,0,0,0,False,0,0,False,INHERITED_RAW_PRICE_BASIS,True,False
2025-07-15|88870,2025-07-15,88870,09:30,09:55,25,COMPLETE,5,0,UP,0.5361930294906166,SCALE_INSUFFICIENT,,False,,,,SCALE_UNAVAILABLE,OBSERVATION_INSUFFICIENT,1,0,0,False,0,0,False,INHERITED_RAW_PRICE_BASIS,True,False
2025-07-15|88870,2025-07-15,88870,09:30,10:00,30,COMPLETE,5,0,DOWN,-1.0695187165775402,SCALE_INSUFFICIENT,,False,,,VOLUME_EXPANSION|TRADING_VALUE_EXPANSION,SCALE_UNAVAILABLE,OBSERVATION_INSUFFICIENT,2,0,0,False,0,0,False,INHERITED_RAW_PRICE_BASIS,True,False
2025-07-15|88870,2025-07-15,88870,09:30,10:05,35,PARTIAL,4,1,,,SCALE_INSUFFICIENT,,False,,,,SCALE_UNAVAILABLE,OBSERVATION_INSUFFICIENT,2,0,0,False,0,0,False,INHERITED_RAW_PRICE_BASIS,False,False
2025-07-15|88870,2025-07-15,88870,09:30,10:10,40,PARTIAL,4,1,,,SCALE_INSUFFICIENT,,False,,,,CURRENT_BAR_UNAVAILABLE,OBSERVATION_INSUFFICIENT,3,0,0,False,0,0,False,INHERITED_RAW_PRICE_BASIS,False,False
2025-07-15|88870,2025-07-15,88870,09:30,10:15,45,PARTIAL,4,1,,,SCALE_INSUFFICIENT,,False,,,,SCALE_UNAVAILABLE,OBSERVATION_INSUFFICIENT,2,0,0,False,0,0,False,INHERITED_RAW_PRICE_BASIS,False,False
2025-07-15|88870,2025-07-15,88870,09:30,10:20,50,PARTIAL,3,2,,,SCALE_INSUFFICIENT,,False,,,,SCALE_UNAVAILABLE,OBSERVATION_INSUFFICIENT,1,0,0,False,0,0,False,INHERITED_RAW_PRICE_BASIS,False,False
2025-07-15|88870,2025-07-15,88870,09:30,10:25,55,COMPLETE,5,0,DOWN,-0.8042895442359249,SCALE_INSUFFICIENT,,False,,,,SCALE_UNAVAILABLE,OBSERVATION_INSUFFICIENT,2,0,0,False,0,0,False,INHERITED_RAW_PRICE_BASIS,False,False
2025-07-15|88870,2025-07-15,88870,09:30,10:30,60,PARTIAL,4,1,,,SCALE_INSUFFICIENT,,False,,,,SCALE_UNAVAILABLE,OBSERVATION_INSUFFICIENT,1,0,0,False,0,0,False,INHERITED_RAW_PRICE_BASIS,False,False
2025-07-15|88870,2025-07-15,88870,09:30,10:35,65,PARTIAL,4,1,,,SCALE_INSUFFICIENT,,False,,,,CURRENT_BAR_UNAVAILABLE,OBSERVATION_INSUFFICIENT,1,0,0,False,0,0,False,INHERITED_RAW_PRICE_BASIS,False,False
2025-07-15|88870,2025-07-15,88870,09:30,10:40,70,COMPLETE,5,0,DOWN,-0.26595744680851063,SCALE_INSUFFICIENT,,False,,,,SCALE_UNAVAILABLE,OBSERVATION_INSUFFICIENT,3,0,0,False,0,0,False,INHERITED_RAW_PRICE_BASIS,False,False
2025-07-15|88870,2025-07-15,88870,09:30,10:45,75,PARTIAL,4,1,,,SCALE_INSUFFICIENT,,False,,,,SCALE_UNAVAILABLE,OBSERVATION_INSUFFICIENT,6,0,0,False,0,0,False,INHERITED_RAW_PRICE_BASIS,False,False
2025-07-15|88870,2025-07-15,88870,09:30,10:50,80,PARTIAL,3,2,,,SCALE_INSUFFICIENT,,False,,,,SCALE_UNAVAILABLE,OBSERVATION_INSUFFICIENT,6,0,0,False,0,0,False,INHERITED_RAW_PRICE_BASIS,False,False
2025-07-15|88870,2025-07-15,88870,09:30,10:55,85,PARTIAL,1,4,,,SCALE_INSUFFICIENT,,False,,,,CURRENT_BAR_UNAVAILABLE,OBSERVATION_INSUFFICIENT,3,0,0,False,0,0,False,INHERITED_RAW_PRICE_BASIS,False,False
2025-07-15|88870,2025-07-15,88870,09:30,11:00,90,PARTIAL,3,2,,,SCALE_INSUFFICIENT,,False,,,,SCALE_UNAVAILABLE,OBSERVATION_INSUFFICIENT,4,0,0,False,0,0,False,INHERITED_RAW_PRICE_BASIS,False,False
2025-07-15|88870,2025-07-15,88870,09:30,11:05,95,PARTIAL,4,1,,,SCALE_INSUFFICIENT,,False,,,,SCALE_UNAVAILABLE,OBSERVATION_INSUFFICIENT,3,0,0,False,0,0,False,INHERITED_RAW_PRICE_BASIS,False,False
2025-07-15|88870,2025-07-15,88870,09:30,11:10,100,PARTIAL,2,3,,,SCALE_INSUFFICIENT,,False,,,,CURRENT_BAR_UNAVAILABLE,OBSERVATION_INSUFFICIENT,1,0,0,False,0,0,False,INHERITED_RAW_PRICE_BASIS,False,False
2025-07-15|88870,2025-07-15,88870,09:30,11:15,105,COMPLETE,5,0,UNCHANGED,0.0,SCALE_INSUFFICIENT,,False,,,,SCALE_UNAVAILABLE,OBSERVATION_INSUFFICIENT,3,0,0,False,0,0,False,INHERITED_RAW_PRICE_BASIS,False,False
2025-07-15|88870,2025-07-15,88870,09:30,11:20,110,PARTIAL,4,1,,,SCALE_INSUFFICIENT,,False,,,,CURRENT_BAR_UNAVAILABLE,OBSERVATION_INSUFFICIENT,3,0,0,False,0,0,False,INHERITED_RAW_PRICE_BASIS,False,False
2025-07-15|88870,2025-07-15,88870,09:30,11:25,115,PARTIAL,3,2,,,SCALE_INSUFFICIENT,,False,,,,SCALE_UNAVAILABLE,OBSERVATION_INSUFFICIENT,2,0,0,False,0,0,False,INHERITED_RAW_PRICE_BASIS,False,False
2025-07-15|88870,2025-07-15,88870,09:30,11:30,120,PARTIAL,4,1,,,SCALE_INSUFFICIENT,,False,,,,SCALE_UNAVAILABLE,OBSERVATION_INSUFFICIENT,4,0,0,False,0,0,False,INHERITED_RAW_PRICE_BASIS,False,False
2025-07-15|88870,2025-07-15,88870,09:30,12:35,125,PARTIAL,4,1,,,SCALE_INSUFFICIENT,,False,,,,SCALE_UNAVAILABLE,OBSERVATION_INSUFFICIENT,5,0,0,False,0,0,False,INHERITED_RAW_PRICE_BASIS,False,False
2025-07-15|88870,2025-07-15,88870,09:30,12:40,130,PARTIAL,2,3,,,SCALE_INSUFFICIENT,,False,,,,SCALE_UNAVAILABLE,OBSERVATION_INSUFFICIENT,4,0,0,False,0,0,False,INHERITED_RAW_PRICE_BASIS,False,False
2025-07-15|88870,2025-07-15,88870,09:30,12:45,135,PARTIAL,3,2,,,SCALE_INSUFFICIENT,,False,,,,SCALE_UNAVAILABLE,OBSERVATION_INSUFFICIENT,3,0,0,False,0,0,False,INHERITED_RAW_PRICE_BASIS,False,False
2025-07-15|88870,2025-07-15,88870,09:30,12:50,140,PARTIAL,3,2,,,SCALE_INSUFFICIENT,,False,,,,CURRENT_BAR_UNAVAILABLE,OBSERVATION_INSUFFICIENT,3,0,0,False,0,0,False,INHERITED_RAW_PRICE_BASIS,False,False
2025-07-15|88870,2025-07-15,88870,09:30,12:55,145,PARTIAL,4,1,,,SCALE_INSUFFICIENT,,False,,,,CURRENT_BAR_UNAVAILABLE,OBSERVATION_INSUFFICIENT,2,0,0,False,0,0,False,INHERITED_RAW_PRICE_BASIS,False,False
2025-07-15|88870,2025-07-15,88870,09:30,13:00,150,PARTIAL,3,2,,,SCALE_INSUFFICIENT,,False,,,,CURRENT_BAR_UNAVAILABLE,WINDOW_OBSERVED,0,0,0,False,0,0,False,INHERITED_RAW_PRICE_BASIS,False,False
2025-07-15|88870,2025-07-15,88870,09:30,13:05,155,COMPLETE,5,0,UNCHANGED,0.0,SCALE_INSUFFICIENT,,False,,,,SCALE_UNAVAILABLE,WINDOW_OBSERVED,0,0,0,False,0,0,False,INHERITED_RAW_PRICE_BASIS,False,False
2025-07-15|88870,2025-07-15,88870,09:30,13:10,160,COMPLETE,5,0,DOWN,-0.547945205479452,SCALE_INSUFFICIENT,,False,,,RANGE_EXPANSION|VOLUME_EXPANSION|TRADING_VALUE_EXPANSION,SCALE_UNAVAILABLE,WINDOW_OBSERVED,0,0,0,False,0,0,False,INHERITED_RAW_PRICE_BASIS,True,False
2025-07-15|88870,2025-07-15,88870,09:30,13:15,165,COMPLETE,5,0,DOWN,-1.3774104683195592,SCALE_INSUFFICIENT,,False,,,RANGE_EXPANSION|VOLUME_EXPANSION|TRADING_VALUE_EXPANSION,SCALE_UNAVAILABLE,WINDOW_OBSERVED,0,0,0,False,1,1,False,INHERITED_RAW_PRICE_BASIS,True,False
2025-07-15|88870,2025-07-15,88870,09:30,13:20,170,COMPLETE,5,0,UNCHANGED,0.0,SCALE_INSUFFICIENT,,False,,,RANGE_COMPRESSION|VOLUME_COMPRESSION|TRADING_VALUE_COMPRESSION,SCALE_UNAVAILABLE,WINDOW_OBSERVED,0,0,0,False,0,0,False,INHERITED_RAW_PRICE_BASIS,True,False
2025-07-15|88870,2025-07-15,88870,09:30,13:25,175,COMPLETE,5,0,DOWN,-1.3966480446927374,SCALE_INSUFFICIENT,,False,,,RANGE_EXPANSION|VOLUME_EXPANSION|TRADING_VALUE_EXPANSION,SCALE_UNAVAILABLE,WINDOW_OBSERVED,0,0,0,False,0,0,False,INHERITED_RAW_PRICE_BASIS,True,False
2025-07-15|88870,2025-07-15,88870,09:30,13:30,180,COMPLETE,5,0,UNCHANGED,0.0,SCALE_INSUFFICIENT,,False,,,RANGE_COMPRESSION|VOLUME_COMPRESSION|TRADING_VALUE_COMPRESSION,SCALE_UNAVAILABLE,OBSERVATION_INSUFFICIENT,1,0,0,False,0,1,False,INHERITED_RAW_PRICE_BASIS,True,False
2025-07-15|88870,2025-07-15,88870,09:30,13:35,185,COMPLETE,5,0,DOWN,-0.28328611898017,SCALE_INSUFFICIENT,,False,,,,SCALE_UNAVAILABLE,OBSERVATION_INSUFFICIENT,2,0,0,False,0,0,False,INHERITED_RAW_PRICE_BASIS,True,False
2025-07-15|88870,2025-07-15,88870,09:30,13:40,190,PARTIAL,4,1,,,SCALE_INSUFFICIENT,,False,,,,SCALE_UNAVAILABLE,OBSERVATION_INSUFFICIENT,3,0,0,False,0,0,False,INHERITED_RAW_PRICE_BASIS,False,False
2025-07-15|88870,2025-07-15,88870,09:30,13:45,195,PARTIAL,4,1,,,SCALE_INSUFFICIENT,,False,,,,SCALE_UNAVAILABLE,OBSERVATION_INSUFFICIENT,2,0,0,False,0,0,False,INHERITED_RAW_PRICE_BASIS,False,False
2025-07-15|88870,2025-07-15,88870,09:30,13:50,200,PARTIAL,3,2,,,SCALE_INSUFFICIENT,,False,,,,CURRENT_BAR_UNAVAILABLE,WINDOW_OBSERVED,0,0,0,False,0,0,False,INHERITED_RAW_PRICE_BASIS,False,False
2025-07-15|88870,2025-07-15,88870,09:30,13:55,205,COMPLETE,5,0,DOWN,-0.5681818181818182,SCALE_INSUFFICIENT,,False,,,,SCALE_UNAVAILABLE,OBSERVATION_INSUFFICIENT,1,0,0,False,0,0,False,INHERITED_RAW_PRICE_BASIS,False,False
2025-07-15|88870,2025-07-15,88870,09:30,14:00,210,COMPLETE,5,0,UNCHANGED,0.0,SCALE_INSUFFICIENT,,False,,,RANGE_COMPRESSION|VOLUME_COMPRESSION|TRADING_VALUE_COMPRESSION,SCALE_UNAVAILABLE,OBSERVATION_INSUFFICIENT,2,0,0,False,0,0,False,INHERITED_RAW_PRICE_BASIS,True,False
2025-07-15|88870,2025-07-15,88870,09:30,14:05,215,PARTIAL,4,1,,,SCALE_INSUFFICIENT,,False,,,,SCALE_UNAVAILABLE,OBSERVATION_INSUFFICIENT,1,0,0,False,0,0,False,INHERITED_RAW_PRICE_BASIS,False,False
2025-07-15|88870,2025-07-15,88870,09:30,14:10,220,PARTIAL,4,1,,,SCALE_INSUFFICIENT,,False,,,,SCALE_UNAVAILABLE,OBSERVATION_INSUFFICIENT,2,0,0,False,0,1,False,INHERITED_RAW_PRICE_BASIS,False,False
2025-07-15|88870,2025-07-15,88870,09:30,14:15,225,COMPLETE,5,0,UNCHANGED,0.0,SCALE_INSUFFICIENT,,False,,,,SCALE_UNAVAILABLE,OBSERVATION_INSUFFICIENT,3,0,0,False,1,1,False,INHERITED_RAW_PRICE_BASIS,False,False
2025-07-15|88870,2025-07-15,88870,09:30,14:20,230,PARTIAL,3,2,,,SCALE_INSUFFICIENT,,False,,,,SCALE_UNAVAILABLE,OBSERVATION_INSUFFICIENT,3,0,0,False,0,0,False,INHERITED_RAW_PRICE_BASIS,False,False
2025-07-15|88870,2025-07-15,88870,09:30,14:25,235,PARTIAL,4,1,,,SCALE_INSUFFICIENT,,False,,,,SCALE_UNAVAILABLE,OBSERVATION_INSUFFICIENT,4,0,0,False,0,0,False,INHERITED_RAW_PRICE_BASIS,False,False
2025-07-15|88870,2025-07-15,88870,09:30,14:30,240,PARTIAL,3,2,,,SCALE_INSUFFICIENT,,False,,,,CURRENT_BAR_UNAVAILABLE,OBSERVATION_INSUFFICIENT,4,0,0,False,0,0,False,INHERITED_RAW_PRICE_BASIS,False,False
2025-07-15|88870,2025-07-15,88870,09:30,14:35,245,PARTIAL,3,2,,,SCALE_INSUFFICIENT,,False,,,,SCALE_UNAVAILABLE,OBSERVATION_INSUFFICIENT,3,0,0,False,0,0,False,INHERITED_RAW_PRICE_BASIS,False,False
2025-07-15|88870,2025-07-15,88870,09:30,14:40,250,PARTIAL,3,2,,,SCALE_INSUFFICIENT,,False,,,,SCALE_UNAVAILABLE,OBSERVATION_INSUFFICIENT,1,0,0,False,0,0,False,INHERITED_RAW_PRICE_BASIS,False,False
2025-07-15|88870,2025-07-15,88870,09:30,14:45,255,PARTIAL,4,1,,,SCALE_INSUFFICIENT,,False,,,,SCALE_UNAVAILABLE,WINDOW_OBSERVED,0,0,0,False,0,0,False,INHERITED_RAW_PRICE_BASIS,False,False
2025-07-15|88870,2025-07-15,88870,09:30,14:50,260,COMPLETE,5,0,UNCHANGED,0.0,SCALE_INSUFFICIENT,,False,,,,SCALE_UNAVAILABLE,WINDOW_OBSERVED,0,0,0,False,0,0,False,INHERITED_RAW_PRICE_BASIS,False,False
2025-07-15|88870,2025-07-15,88870,09:30,14:55,265,COMPLETE,5,0,DOWN,-0.28735632183908044,SCALE_INSUFFICIENT,,False,,,,SCALE_UNAVAILABLE,WINDOW_OBSERVED,0,0,0,False,0,0,False,INHERITED_RAW_PRICE_BASIS,True,False
2025-07-15|88870,2025-07-15,88870,09:30,15:00,270,COMPLETE,5,0,DOWN,-1.1494252873563218,SCALE_INSUFFICIENT,,False,,,RANGE_EXPANSION|VOLUME_EXPANSION|TRADING_VALUE_EXPANSION,SCALE_UNAVAILABLE,WINDOW_OBSERVED,0,0,0,False,1,1,False,INHERITED_RAW_PRICE_BASIS,True,False
2025-07-15|88870,2025-07-15,88870,09:30,15:05,275,COMPLETE,5,0,UP,0.29069767441860467,SCALE_INSUFFICIENT,,False,,,RANGE_COMPRESSION|VOLUME_COMPRESSION|TRADING_VALUE_COMPRESSION,SCALE_UNAVAILABLE,WINDOW_OBSERVED,0,0,0,False,0,1,False,INHERITED_RAW_PRICE_BASIS,True,False
2025-07-15|88870,2025-07-15,88870,09:30,15:10,280,COMPLETE,5,0,DOWN,-0.28901734104046245,SCALE_INSUFFICIENT,,False,,,VOLUME_EXPANSION|TRADING_VALUE_EXPANSION,SCALE_UNAVAILABLE,WINDOW_OBSERVED,0,0,0,False,0,0,False,INHERITED_RAW_PRICE_BASIS,True,False
2025-07-15|88870,2025-07-15,88870,09:30,15:15,285,COMPLETE,5,0,UP,0.5797101449275363,SCALE_INSUFFICIENT,,False,,,RANGE_EXPANSION,SCALE_UNAVAILABLE,WINDOW_OBSERVED,0,0,0,False,0,1,False,INHERITED_RAW_PRICE_BASIS,True,False
2025-07-15|88870,2025-07-15,88870,09:30,15:20,290,COMPLETE,5,0,UP,0.5763688760806917,SCALE_INSUFFICIENT,,False,,,VOLUME_EXPANSION|TRADING_VALUE_EXPANSION,SCALE_UNAVAILABLE,RIGHT_CENSORED,0,0,0,False,0,0,False,INHERITED_RAW_PRICE_BASIS,True,False
2025-07-15|88870,2025-07-15,88870,09:30,15:25,295,COMPLETE,5,0,UP,0.8620689655172413,SCALE_INSUFFICIENT,,False,,,VOLUME_COMPRESSION|TRADING_VALUE_COMPRESSION,SCALE_UNAVAILABLE,RIGHT_CENSORED,0,0,0,False,0,0,False,INHERITED_RAW_PRICE_BASIS,True,False
2025-07-15|88940,2025-07-15,88940,10:00,10:00,0,COMPLETE,5,0,UP,1.0526315789473684,AVAILABLE,3.0,False,DOWN_STRUCTURE,CORRECTION|RECOVERY,CHOPPINESS|VOLUME_COMPRESSION,IDENTIFIED,WINDOW_OBSERVED,0,0,6,False,0,0,True,INHERITED_RAW_PRICE_BASIS,False,False
2025-07-15|88940,2025-07-15,88940,10:00,10:05,5,COMPLETE,5,0,DOWN,-1.0416666666666667,AVAILABLE,3.0,False,DOWN_STRUCTURE,PROGRESSION,CHOPPINESS|VOLUME_EXPANSION|TRADING_VALUE_EXPANSION,IDENTIFIED,WINDOW_OBSERVED,0,0,7,False,0,0,True,INHERITED_RAW_PRICE_BASIS,True,True
2025-07-15|88940,2025-07-15,88940,10:00,10:10,10,COMPLETE,5,0,DOWN,-2.1052631578947367,AVAILABLE,3.0,False,DOWN_STRUCTURE,PROGRESSION,,IDENTIFIED,WINDOW_OBSERVED,0,0,7,False,0,1,True,INHERITED_RAW_PRICE_BASIS,True,False
2025-07-15|88940,2025-07-15,88940,10:00,10:15,15,COMPLETE,5,0,UNCHANGED,0.0,AVAILABLE,3.0,False,DOWN_STRUCTURE,CORRECTION|RECOVERY,CHOPPINESS|VOLUME_COMPRESSION|TRADING_VALUE_COMPRESSION,IDENTIFIED,WINDOW_OBSERVED,0,0,8,False,2,3,True,INHERITED_RAW_PRICE_BASIS,True,True
2025-07-15|88940,2025-07-15,88940,10:00,10:20,20,COMPLETE,5,0,UNCHANGED,0.0,AVAILABLE,3.0,False,DOWN_STRUCTURE,CORRECTION|RECOVERY,VOLUME_COMPRESSION|TRADING_VALUE_COMPRESSION,IDENTIFIED,WINDOW_OBSERVED,0,0,8,False,0,0,True,INHERITED_RAW_PRICE_BASIS,True,False
2025-07-15|88940,2025-07-15,88940,10:00,10:25,25,COMPLETE,5,0,DOWN,-1.0638297872340425,AVAILABLE,3.0,False,DOWN_STRUCTURE,CORRECTION|RECOVERY,RANGE_COMPRESSION,IDENTIFIED,WINDOW_OBSERVED,0,0,8,False,0,0,True,INHERITED_RAW_PRICE_BASIS,True,False
2025-07-15|88940,2025-07-15,88940,10:00,10:30,30,COMPLETE,5,0,UP,2.1739130434782608,AVAILABLE,3.0,False,DOWN_STRUCTURE,CORRECTION|RECOVERY,RANGE_EXPANSION,IDENTIFIED,OBSERVATION_INSUFFICIENT,1,0,8,False,0,0,True,INHERITED_RAW_PRICE_BASIS,True,False
2025-07-15|88940,2025-07-15,88940,10:00,10:35,35,COMPLETE,5,0,UNCHANGED,0.0,AVAILABLE,3.0,False,DOWN_STRUCTURE,CORRECTION|RECOVERY,RANGE_COMPRESSION|VOLUME_COMPRESSION|TRADING_VALUE_COMPRESSION,IDENTIFIED,OBSERVATION_INSUFFICIENT,2,0,8,False,0,0,True,INHERITED_RAW_PRICE_BASIS,True,False
2025-07-15|88940,2025-07-15,88940,10:00,10:40,40,PARTIAL,4,1,,,AVAILABLE,3.0,False,,,,UNRESOLVED_STRUCTURE,OBSERVATION_INSUFFICIENT,1,0,0,False,0,0,False,INHERITED_RAW_PRICE_BASIS,False,False
2025-07-15|88940,2025-07-15,88940,10:00,10:45,45,PARTIAL,4,1,,,AVAILABLE,3.0,False,,,,UNRESOLVED_STRUCTURE,WINDOW_OBSERVED,0,0,0,False,0,0,False,INHERITED_RAW_PRICE_BASIS,False,False
2025-07-15|88940,2025-07-15,88940,10:00,10:50,50,COMPLETE,5,0,DOWN,-2.1052631578947367,AVAILABLE,3.0,False,,,,UNRESOLVED_STRUCTURE,WINDOW_OBSERVED,0,1,1,False,0,0,False,INHERITED_RAW_PRICE_BASIS,False,False
2025-07-15|88940,2025-07-15,88940,10:00,10:55,55,COMPLETE,5,0,UP,2.150537634408602,AVAILABLE,3.0,False,,,RANGE_EXPANSION|VOLUME_EXPANSION|TRADING_VALUE_EXPANSION,UNRESOLVED_STRUCTURE,WINDOW_OBSERVED,0,0,1,False,0,0,False,INHERITED_RAW_PRICE_BASIS,True,False
2025-07-15|88940,2025-07-15,88940,10:00,11:00,60,COMPLETE,5,0,UP,1.0526315789473684,AVAILABLE,3.0,False,,,,UNRESOLVED_STRUCTURE,WINDOW_OBSERVED,0,0,1,False,0,0,False,INHERITED_RAW_PRICE_BASIS,True,False
2025-07-15|88940,2025-07-15,88940,10:00,11:05,65,COMPLETE,5,0,DOWN,-1.0416666666666667,AVAILABLE,3.0,False,,,CHOPPINESS|RANGE_COMPRESSION,UNRESOLVED_STRUCTURE,WINDOW_OBSERVED,0,0,1,False,0,0,False,INHERITED_RAW_PRICE_BASIS,True,False
2025-07-15|88940,2025-07-15,88940,10:00,11:10,70,COMPLETE,5,0,UNCHANGED,0.0,AVAILABLE,3.0,False,,,RANGE_COMPRESSION|VOLUME_COMPRESSION|TRADING_VALUE_COMPRESSION,UNRESOLVED_STRUCTURE,WINDOW_OBSERVED,0,1,2,False,0,0,False,INHERITED_RAW_PRICE_BASIS,True,False
2025-07-15|88940,2025-07-15,88940,10:00,11:15,75,COMPLETE,5,0,UNCHANGED,0.0,AVAILABLE,3.0,False,RANGE_STRUCTURE,BALANCE,,IDENTIFIED,WINDOW_OBSERVED,0,1,2,True,0,0,True,INHERITED_RAW_PRICE_BASIS,True,True
2025-07-15|88940,2025-07-15,88940,10:00,11:20,80,COMPLETE,5,0,DOWN,-2.0833333333333335,AVAILABLE,3.0,False,RANGE_STRUCTURE,BALANCE,RANGE_EXPANSION|VOLUME_EXPANSION|TRADING_VALUE_EXPANSION,IDENTIFIED,WINDOW_OBSERVED,0,1,3,True,0,0,True,INHERITED_RAW_PRICE_BASIS,True,False
2025-07-15|88940,2025-07-15,88940,10:00,11:25,85,COMPLETE,5,0,UP,1.0638297872340425,AVAILABLE,3.0,False,RANGE_STRUCTURE,BALANCE|RECOVERY,CHOPPINESS|RANGE_COMPRESSION|VOLUME_COMPRESSION|TRADING_VALUE_COMPRESSION,IDENTIFIED,WINDOW_OBSERVED,0,1,3,True,0,0,True,INHERITED_RAW_PRICE_BASIS,True,True
2025-07-15|88940,2025-07-15,88940,10:00,11:30,90,COMPLETE,5,0,UP,4.25531914893617,AVAILABLE,3.0,False,,RESTRUCTURING,RANGE_EXPANSION|VOLUME_EXPANSION|TRADING_VALUE_EXPANSION,UNRESOLVED_STRUCTURE,WINDOW_OBSERVED,0,0,3,False,2,2,True,INHERITED_RAW_PRICE_BASIS,True,True
2025-07-15|88940,2025-07-15,88940,10:00,12:35,95,COMPLETE,5,0,DOWN,-2.0408163265306123,AVAILABLE,3.0,False,,RESTRUCTURING,,UNRESOLVED_STRUCTURE,WINDOW_OBSERVED,0,0,1,False,0,3,True,INHERITED_RAW_PRICE_BASIS,True,False
2025-07-15|88940,2025-07-15,88940,10:00,12:40,100,COMPLETE,5,0,DOWN,-2.0833333333333335,AVAILABLE,3.0,False,,RESTRUCTURING,RANGE_COMPRESSION|VOLUME_COMPRESSION|TRADING_VALUE_COMPRESSION,UNRESOLVED_STRUCTURE,WINDOW_OBSERVED,0,1,2,False,0,0,True,INHERITED_RAW_PRICE_BASIS,True,False
2025-07-15|88940,2025-07-15,88940,10:00,12:45,105,COMPLETE,5,0,UP,4.25531914893617,AVAILABLE,3.0,False,,RESTRUCTURING,RANGE_EXPANSION,UNRESOLVED_STRUCTURE,WINDOW_OBSERVED,0,1,3,False,0,0,True,INHERITED_RAW_PRICE_BASIS,True,False
2025-07-15|88940,2025-07-15,88940,10:00,12:50,110,COMPLETE,5,0,DOWN,-1.0204081632653061,AVAILABLE,3.0,False,,RESTRUCTURING,RANGE_COMPRESSION|VOLUME_COMPRESSION|TRADING_VALUE_COMPRESSION,UNRESOLVED_STRUCTURE,WINDOW_OBSERVED,0,1,3,False,0,0,True,INHERITED_RAW_PRICE_BASIS,True,False
2025-07-15|88940,2025-07-15,88940,10:00,12:55,115,COMPLETE,5,0,UNCHANGED,0.0,AVAILABLE,3.0,False,,RESTRUCTURING,RANGE_COMPRESSION|VOLUME_EXPANSION|TRADING_VALUE_EXPANSION,UNRESOLVED_STRUCTURE,OBSERVATION_INSUFFICIENT,1,0,3,False,0,0,True,INHERITED_RAW_PRICE_BASIS,True,False
2025-07-15|88940,2025-07-15,88940,10:00,13:00,120,COMPLETE,5,0,UNCHANGED,0.0,AVAILABLE,3.0,False,RANGE_STRUCTURE,BALANCE,RANGE_EXPANSION|VOLUME_COMPRESSION|TRADING_VALUE_COMPRESSION,IDENTIFIED,OBSERVATION_INSUFFICIENT,1,0,3,True,0,0,True,INHERITED_RAW_PRICE_BASIS,True,True
2025-07-15|88940,2025-07-15,88940,10:00,13:05,125,PARTIAL,4,1,,,AVAILABLE,3.0,False,,,,CURRENT_BAR_UNAVAILABLE,OBSERVATION_INSUFFICIENT,1,0,0,False,0,0,False,INHERITED_RAW_PRICE_BASIS,False,False
2025-07-15|88940,2025-07-15,88940,10:00,13:10,130,COMPLETE,5,0,DOWN,-1.0416666666666667,AVAILABLE,3.0,False,,,,UNRESOLVED_STRUCTURE,OBSERVATION_INSUFFICIENT,1,0,0,False,0,0,False,INHERITED_RAW_PRICE_BASIS,False,False
2025-07-15|88940,2025-07-15,88940,10:00,13:15,135,PARTIAL,4,1,,,AVAILABLE,3.0,False,,,,CURRENT_BAR_UNAVAILABLE,WINDOW_OBSERVED,0,0,0,False,0,0,False,INHERITED_RAW_PRICE_BASIS,False,False
2025-07-15|88940,2025-07-15,88940,10:00,13:20,140,COMPLETE,5,0,DOWN,-1.0526315789473684,AVAILABLE,3.0,False,,,,UNRESOLVED_STRUCTURE,WINDOW_OBSERVED,0,1,1,False,0,0,False,INHERITED_RAW_PRICE_BASIS,False,False
2025-07-15|88940,2025-07-15,88940,10:00,13:25,145,COMPLETE,5,0,DOWN,-1.075268817204301,AVAILABLE,3.0,False,,,VOLUME_EXPANSION|TRADING_VALUE_EXPANSION,UNRESOLVED_STRUCTURE,WINDOW_OBSERVED,0,1,1,False,0,0,False,INHERITED_RAW_PRICE_BASIS,True,False
2025-07-15|88940,2025-07-15,88940,10:00,13:30,150,COMPLETE,5,0,UP,1.098901098901099,AVAILABLE,3.0,False,,,RANGE_COMPRESSION|VOLUME_COMPRESSION|TRADING_VALUE_COMPRESSION,UNRESOLVED_STRUCTURE,WINDOW_OBSERVED,0,0,1,False,0,1,False,INHERITED_RAW_PRICE_BASIS,True,False
2025-07-15|88940,2025-07-15,88940,10:00,13:35,155,COMPLETE,5,0,UP,1.098901098901099,AVAILABLE,3.0,False,,,RANGE_EXPANSION,UNRESOLVED_STRUCTURE,OBSERVATION_INSUFFICIENT,2,0,1,False,0,0,False,INHERITED_RAW_PRICE_BASIS,True,False
2025-07-15|88940,2025-07-15,88940,10:00,13:40,160,COMPLETE,5,0,DOWN,-1.0869565217391304,AVAILABLE,3.0,False,,,RANGE_COMPRESSION|VOLUME_COMPRESSION|TRADING_VALUE_COMPRESSION,UNRESOLVED_STRUCTURE,OBSERVATION_INSUFFICIENT,3,0,1,False,0,0,False,INHERITED_RAW_PRICE_BASIS,True,False
2025-07-15|88940,2025-07-15,88940,10:00,13:45,165,PARTIAL,3,2,,,AVAILABLE,3.0,False,,,,CURRENT_BAR_UNAVAILABLE,OBSERVATION_INSUFFICIENT,1,0,0,False,0,1,False,INHERITED_RAW_PRICE_BASIS,False,False
2025-07-15|88940,2025-07-15,88940,10:00,13:50,170,PARTIAL,4,1,,,AVAILABLE,3.0,False,,,,CURRENT_BAR_UNAVAILABLE,WINDOW_OBSERVED,0,0,0,False,0,1,False,INHERITED_RAW_PRICE_BASIS,False,False
2025-07-15|88940,2025-07-15,88940,10:00,13:55,175,COMPLETE,5,0,DOWN,-2.1739130434782608,AVAILABLE,3.0,False,,,,UNRESOLVED_STRUCTURE,WINDOW_OBSERVED,0,1,1,False,0,1,False,INHERITED_RAW_PRICE_BASIS,False,False
2025-07-15|88940,2025-07-15,88940,10:00,14:00,180,COMPLETE,5,0,DOWN,-3.2967032967032965,AVAILABLE,3.0,False,,,RANGE_EXPANSION|VOLUME_EXPANSION|TRADING_VALUE_EXPANSION,UNRESOLVED_STRUCTURE,WINDOW_OBSERVED,0,0,1,False,1,1,False,INHERITED_RAW_PRICE_BASIS,True,False
2025-07-15|88940,2025-07-15,88940,10:00,14:05,185,COMPLETE,5,0,UNCHANGED,0.0,AVAILABLE,3.0,False,,,RANGE_COMPRESSION|VOLUME_COMPRESSION|TRADING_VALUE_COMPRESSION,UNRESOLVED_STRUCTURE,WINDOW_OBSERVED,0,0,1,False,0,0,False,INHERITED_RAW_PRICE_BASIS,True,False
2025-07-15|88940,2025-07-15,88940,10:00,14:10,190,COMPLETE,5,0,UNCHANGED,0.0,AVAILABLE,3.0,False,,,VOLUME_EXPANSION|TRADING_VALUE_EXPANSION,UNRESOLVED_STRUCTURE,WINDOW_OBSERVED,0,0,1,False,0,0,False,INHERITED_RAW_PRICE_BASIS,True,False
2025-07-15|88940,2025-07-15,88940,10:00,14:15,195,COMPLETE,5,0,UP,1.1235955056179776,AVAILABLE,3.0,False,,,VOLUME_COMPRESSION|TRADING_VALUE_COMPRESSION,UNRESOLVED_STRUCTURE,WINDOW_OBSERVED,0,0,1,False,0,0,False,INHERITED_RAW_PRICE_BASIS,True,False
2025-07-15|88940,2025-07-15,88940,10:00,14:20,200,COMPLETE,5,0,DOWN,-1.1111111111111112,AVAILABLE,3.0,False,,,RANGE_EXPANSION,UNRESOLVED_STRUCTURE,OBSERVATION_INSUFFICIENT,1,0,1,False,0,0,False,INHERITED_RAW_PRICE_BASIS,True,False
2025-07-15|88940,2025-07-15,88940,10:00,14:25,205,COMPLETE,5,0,DOWN,-3.3707865168539324,AVAILABLE,3.0,False,,,RANGE_EXPANSION|VOLUME_EXPANSION|TRADING_VALUE_EXPANSION,UNRESOLVED_STRUCTURE,OBSERVATION_INSUFFICIENT,1,0,1,False,1,2,False,INHERITED_RAW_PRICE_BASIS,True,False
2025-07-15|88940,2025-07-15,88940,10:00,14:30,210,PARTIAL,4,1,,,AVAILABLE,3.0,False,,,,UNRESOLVED_STRUCTURE,WINDOW_OBSERVED,0,1,1,False,0,1,False,INHERITED_RAW_PRICE_BASIS,False,False
2025-07-15|88940,2025-07-15,88940,10:00,14:35,215,COMPLETE,5,0,UP,2.2988505747126435,AVAILABLE,3.0,False,,,,UNRESOLVED_STRUCTURE,WINDOW_OBSERVED,0,0,1,False,0,0,False,INHERITED_RAW_PRICE_BASIS,False,False
2025-07-15|88940,2025-07-15,88940,10:00,14:40,220,COMPLETE,5,0,UNCHANGED,0.0,AVAILABLE,3.0,False,,,RANGE_COMPRESSION|VOLUME_COMPRESSION|TRADING_VALUE_COMPRESSION,UNRESOLVED_STRUCTURE,OBSERVATION_INSUFFICIENT,1,0,1,False,0,0,False,INHERITED_RAW_PRICE_BASIS,True,False
2025-07-15|88940,2025-07-15,88940,10:00,14:45,225,COMPLETE,5,0,UNCHANGED,0.0,AVAILABLE,3.0,False,,,RANGE_COMPRESSION|VOLUME_COMPRESSION|TRADING_VALUE_COMPRESSION,UNRESOLVED_STRUCTURE,OBSERVATION_INSUFFICIENT,1,0,1,False,0,0,False,INHERITED_RAW_PRICE_BASIS,True,False
2025-07-15|88940,2025-07-15,88940,10:00,14:50,230,PARTIAL,4,1,,,AVAILABLE,3.0,False,,,,UNRESOLVED_STRUCTURE,WINDOW_OBSERVED,0,0,0,False,0,0,False,INHERITED_RAW_PRICE_BASIS,False,False
2025-07-15|88940,2025-07-15,88940,10:00,14:55,235,COMPLETE,5,0,UNCHANGED,0.0,AVAILABLE,3.0,False,,,,UNRESOLVED_STRUCTURE,WINDOW_OBSERVED,0,0,0,False,0,0,False,INHERITED_RAW_PRICE_BASIS,False,False
2025-07-15|88940,2025-07-15,88940,10:00,15:00,240,COMPLETE,5,0,UP,1.1235955056179776,AVAILABLE,3.0,False,,,VOLUME_EXPANSION|TRADING_VALUE_EXPANSION,UNRESOLVED_STRUCTURE,WINDOW_OBSERVED,0,0,0,False,0,0,False,INHERITED_RAW_PRICE_BASIS,True,False
2025-07-15|88940,2025-07-15,88940,10:00,15:05,245,COMPLETE,5,0,UNCHANGED,0.0,AVAILABLE,3.0,False,,,,UNRESOLVED_STRUCTURE,WINDOW_OBSERVED,0,0,0,False,0,0,False,INHERITED_RAW_PRICE_BASIS,True,False
2025-07-15|88940,2025-07-15,88940,10:00,15:10,250,COMPLETE,5,0,UP,1.1235955056179776,AVAILABLE,3.0,False,,,,UNRESOLVED_STRUCTURE,WINDOW_OBSERVED,0,1,1,False,0,0,False,INHERITED_RAW_PRICE_BASIS,True,False
2025-07-15|88940,2025-07-15,88940,10:00,15:15,255,COMPLETE,5,0,UNCHANGED,0.0,AVAILABLE,3.0,False,,,VOLUME_COMPRESSION|TRADING_VALUE_COMPRESSION,UNRESOLVED_STRUCTURE,WINDOW_OBSERVED,0,1,1,False,0,0,False,INHERITED_RAW_PRICE_BASIS,True,False
2025-07-15|88940,2025-07-15,88940,10:00,15:20,260,COMPLETE,5,0,DOWN,-2.247191011235955,AVAILABLE,3.0,False,,RESTRUCTURING,RANGE_EXPANSION|VOLUME_EXPANSION|TRADING_VALUE_EXPANSION,UNRESOLVED_STRUCTURE,RIGHT_CENSORED,0,0,1,False,0,0,True,INHERITED_RAW_PRICE_BASIS,True,True
2025-07-15|88940,2025-07-15,88940,10:00,15:25,265,COMPLETE,5,0,UP,1.1494252873563218,AVAILABLE,3.0,False,,RESTRUCTURING,RANGE_COMPRESSION|VOLUME_COMPRESSION|TRADING_VALUE_COMPRESSION,UNRESOLVED_STRUCTURE,RIGHT_CENSORED,0,0,1,False,0,0,True,INHERITED_RAW_PRICE_BASIS,True,False
2025-07-15|91650,2025-07-15,91650,13:30,13:30,0,PARTIAL,2,3,,,SCALE_INSUFFICIENT,,False,,,,CURRENT_BAR_UNAVAILABLE,OBSERVATION_INSUFFICIENT,5,0,0,False,0,0,False,INHERITED_RAW_PRICE_BASIS,False,False
2025-07-15|91650,2025-07-15,91650,13:30,13:35,5,PARTIAL,2,3,,,SCALE_INSUFFICIENT,,False,,,,SCALE_UNAVAILABLE,OBSERVATION_INSUFFICIENT,6,0,0,False,0,0,False,INHERITED_RAW_PRICE_BASIS,False,False
2025-07-15|91650,2025-07-15,91650,13:30,13:40,10,PARTIAL,3,2,,,SCALE_INSUFFICIENT,,False,,,,CURRENT_BAR_UNAVAILABLE,OBSERVATION_INSUFFICIENT,8,0,0,False,0,0,False,INHERITED_RAW_PRICE_BASIS,False,False
2025-07-15|91650,2025-07-15,91650,13:30,13:45,15,PARTIAL,1,4,,,SCALE_INSUFFICIENT,,False,,,,CURRENT_BAR_UNAVAILABLE,OBSERVATION_INSUFFICIENT,9,0,0,False,0,0,False,INHERITED_RAW_PRICE_BASIS,False,False
2025-07-15|91650,2025-07-15,91650,13:30,13:50,20,PARTIAL,1,4,,,SCALE_INSUFFICIENT,,False,,,,CURRENT_BAR_UNAVAILABLE,OBSERVATION_INSUFFICIENT,8,0,0,False,0,0,False,INHERITED_RAW_PRICE_BASIS,False,False
2025-07-15|91650,2025-07-15,91650,13:30,13:55,25,UNAVAILABLE,0,5,,,SCALE_INSUFFICIENT,,False,,,,CURRENT_BAR_UNAVAILABLE,OBSERVATION_INSUFFICIENT,7,0,0,False,0,0,False,INHERITED_RAW_PRICE_BASIS,False,False
2025-07-15|91650,2025-07-15,91650,13:30,14:00,30,PARTIAL,2,3,,,SCALE_INSUFFICIENT,,False,,,,SCALE_UNAVAILABLE,OBSERVATION_INSUFFICIENT,9,0,0,False,0,0,False,INHERITED_RAW_PRICE_BASIS,False,False
2025-07-15|91650,2025-07-15,91650,13:30,14:05,35,PARTIAL,1,4,,,SCALE_INSUFFICIENT,,False,,,,CURRENT_BAR_UNAVAILABLE,OBSERVATION_INSUFFICIENT,10,0,0,False,0,0,False,INHERITED_RAW_PRICE_BASIS,False,False
2025-07-15|91650,2025-07-15,91650,13:30,14:10,40,UNAVAILABLE,0,5,,,SCALE_INSUFFICIENT,,False,,,,CURRENT_BAR_UNAVAILABLE,OBSERVATION_INSUFFICIENT,10,0,0,False,0,0,False,INHERITED_RAW_PRICE_BASIS,False,False
2025-07-15|91650,2025-07-15,91650,13:30,14:15,45,UNAVAILABLE,0,5,,,SCALE_INSUFFICIENT,,False,,,,CURRENT_BAR_UNAVAILABLE,OBSERVATION_INSUFFICIENT,8,0,0,False,0,0,False,INHERITED_RAW_PRICE_BASIS,False,False
2025-07-15|91650,2025-07-15,91650,13:30,14:20,50,UNAVAILABLE,0,5,,,SCALE_INSUFFICIENT,,False,,,,CURRENT_BAR_UNAVAILABLE,OBSERVATION_INSUFFICIENT,8,0,0,False,0,0,False,INHERITED_RAW_PRICE_BASIS,False,False
2025-07-15|91650,2025-07-15,91650,13:30,14:25,55,PARTIAL,2,3,,,SCALE_INSUFFICIENT,,False,,,,CURRENT_BAR_UNAVAILABLE,OBSERVATION_INSUFFICIENT,10,0,0,False,0,0,False,INHERITED_RAW_PRICE_BASIS,False,False
2025-07-15|91650,2025-07-15,91650,13:30,14:30,60,UNAVAILABLE,0,5,,,SCALE_INSUFFICIENT,,False,,,,CURRENT_BAR_UNAVAILABLE,OBSERVATION_INSUFFICIENT,10,0,0,False,0,0,False,INHERITED_RAW_PRICE_BASIS,False,False
2025-07-15|91650,2025-07-15,91650,13:30,14:35,65,UNAVAILABLE,0,5,,,SCALE_INSUFFICIENT,,False,,,,CURRENT_BAR_UNAVAILABLE,OBSERVATION_INSUFFICIENT,9,0,0,False,0,0,False,INHERITED_RAW_PRICE_BASIS,False,False
2025-07-15|91650,2025-07-15,91650,13:30,14:40,70,UNAVAILABLE,0,5,,,SCALE_INSUFFICIENT,,False,,,,CURRENT_BAR_UNAVAILABLE,OBSERVATION_INSUFFICIENT,9,0,0,False,0,0,False,INHERITED_RAW_PRICE_BASIS,False,False
2025-07-15|91650,2025-07-15,91650,13:30,14:45,75,PARTIAL,1,4,,,SCALE_INSUFFICIENT,,False,,,,CURRENT_BAR_UNAVAILABLE,OBSERVATION_INSUFFICIENT,9,0,0,False,0,0,False,INHERITED_RAW_PRICE_BASIS,False,False
2025-07-15|91650,2025-07-15,91650,13:30,14:50,80,UNAVAILABLE,0,5,,,SCALE_INSUFFICIENT,,False,,,,CURRENT_BAR_UNAVAILABLE,OBSERVATION_INSUFFICIENT,8,0,0,False,0,0,False,INHERITED_RAW_PRICE_BASIS,False,False
2025-07-15|91650,2025-07-15,91650,13:30,14:55,85,PARTIAL,1,4,,,SCALE_INSUFFICIENT,,False,,,,CURRENT_BAR_UNAVAILABLE,OBSERVATION_INSUFFICIENT,9,0,0,False,0,0,False,INHERITED_RAW_PRICE_BASIS,False,False
2025-07-15|91650,2025-07-15,91650,13:30,15:00,90,PARTIAL,1,4,,,SCALE_INSUFFICIENT,,False,,,,CURRENT_BAR_UNAVAILABLE,OBSERVATION_INSUFFICIENT,10,0,0,False,0,0,False,INHERITED_RAW_PRICE_BASIS,False,False
2025-07-15|91650,2025-07-15,91650,13:30,15:05,95,UNAVAILABLE,0,5,,,SCALE_INSUFFICIENT,,False,,,,CURRENT_BAR_UNAVAILABLE,OBSERVATION_INSUFFICIENT,9,0,0,False,0,0,False,INHERITED_RAW_PRICE_BASIS,False,False
2025-07-15|91650,2025-07-15,91650,13:30,15:10,100,UNAVAILABLE,0,5,,,SCALE_INSUFFICIENT,,False,,,,CURRENT_BAR_UNAVAILABLE,OBSERVATION_INSUFFICIENT,9,0,0,False,0,0,False,INHERITED_RAW_PRICE_BASIS,False,False
2025-07-15|91650,2025-07-15,91650,13:30,15:15,105,PARTIAL,1,4,,,SCALE_INSUFFICIENT,,False,,,,CURRENT_BAR_UNAVAILABLE,OBSERVATION_INSUFFICIENT,10,0,0,False,0,0,False,INHERITED_RAW_PRICE_BASIS,False,False
2025-07-15|91650,2025-07-15,91650,13:30,15:20,110,UNAVAILABLE,0,5,,,SCALE_INSUFFICIENT,,False,,,,CURRENT_BAR_UNAVAILABLE,RIGHT_CENSORED,5,0,0,False,0,0,False,INHERITED_RAW_PRICE_BASIS,False,False
2025-07-15|91650,2025-07-15,91650,13:30,15:25,115,UNAVAILABLE,0,5,,,SCALE_INSUFFICIENT,,False,,,,CURRENT_BAR_UNAVAILABLE,RIGHT_CENSORED,0,0,0,False,0,0,False,INHERITED_RAW_PRICE_BASIS,False,False
2025-07-15|92440,2025-07-15,92440,13:00,13:00,0,PARTIAL,4,1,,,SCALE_INSUFFICIENT,,False,,,,SCALE_UNAVAILABLE,OBSERVATION_INSUFFICIENT,2,0,0,False,0,0,False,INHERITED_RAW_PRICE_BASIS,False,False
2025-07-15|92440,2025-07-15,92440,13:00,13:05,5,COMPLETE,5,0,UP,0.12165450121654502,SCALE_INSUFFICIENT,,False,,,,SCALE_UNAVAILABLE,OBSERVATION_INSUFFICIENT,3,0,0,False,0,0,False,INHERITED_RAW_PRICE_BASIS,False,False
2025-07-15|92440,2025-07-15,92440,13:00,13:10,10,PARTIAL,3,2,,,SCALE_INSUFFICIENT,,False,,,,CURRENT_BAR_UNAVAILABLE,OBSERVATION_INSUFFICIENT,2,0,0,False,0,0,False,INHERITED_RAW_PRICE_BASIS,False,False
2025-07-15|92440,2025-07-15,92440,13:00,13:15,15,PARTIAL,4,1,,,SCALE_INSUFFICIENT,,False,,,,SCALE_UNAVAILABLE,OBSERVATION_INSUFFICIENT,4,0,0,False,0,0,False,INHERITED_RAW_PRICE_BASIS,False,False
2025-07-15|92440,2025-07-15,92440,13:00,13:20,20,PARTIAL,4,1,,,SCALE_INSUFFICIENT,,False,,,,SCALE_UNAVAILABLE,OBSERVATION_INSUFFICIENT,6,0,0,False,0,0,False,INHERITED_RAW_PRICE_BASIS,False,False
2025-07-15|92440,2025-07-15,92440,13:00,13:25,25,PARTIAL,2,3,,,SCALE_INSUFFICIENT,,False,,,,CURRENT_BAR_UNAVAILABLE,OBSERVATION_INSUFFICIENT,6,0,0,False,0,0,False,INHERITED_RAW_PRICE_BASIS,False,False
2025-07-15|92440,2025-07-15,92440,13:00,13:30,30,PARTIAL,2,3,,,SCALE_INSUFFICIENT,,False,,,,SCALE_UNAVAILABLE,OBSERVATION_INSUFFICIENT,7,0,0,False,0,0,False,INHERITED_RAW_PRICE_BASIS,False,False
2025-07-15|92440,2025-07-15,92440,13:00,13:35,35,PARTIAL,2,3,,,SCALE_INSUFFICIENT,,False,,,,CURRENT_BAR_UNAVAILABLE,OBSERVATION_INSUFFICIENT,7,0,0,False,0,0,False,INHERITED_RAW_PRICE_BASIS,False,False
2025-07-15|92440,2025-07-15,92440,13:00,13:40,40,PARTIAL,1,4,,,SCALE_INSUFFICIENT,,False,,,,CURRENT_BAR_UNAVAILABLE,OBSERVATION_INSUFFICIENT,6,0,0,False,0,0,False,INHERITED_RAW_PRICE_BASIS,False,False
2025-07-15|92440,2025-07-15,92440,13:00,13:45,45,PARTIAL,2,3,,,SCALE_INSUFFICIENT,,False,,,,CURRENT_BAR_UNAVAILABLE,OBSERVATION_INSUFFICIENT,6,0,0,False,0,0,False,INHERITED_RAW_PRICE_BASIS,False,False
2025-07-15|92440,2025-07-15,92440,13:00,13:50,50,PARTIAL,2,3,,,SCALE_INSUFFICIENT,,False,,,,SCALE_UNAVAILABLE,OBSERVATION_INSUFFICIENT,5,0,0,False,0,0,False,INHERITED_RAW_PRICE_BASIS,False,False
2025-07-15|92440,2025-07-15,92440,13:00,13:55,55,PARTIAL,2,3,,,SCALE_INSUFFICIENT,,False,,,,SCALE_UNAVAILABLE,OBSERVATION_INSUFFICIENT,6,0,0,False,0,0,False,INHERITED_RAW_PRICE_BASIS,False,False
2025-07-15|92440,2025-07-15,92440,13:00,14:00,60,PARTIAL,3,2,,,SCALE_INSUFFICIENT,,False,,,,CURRENT_BAR_UNAVAILABLE,OBSERVATION_INSUFFICIENT,9,0,0,False,0,0,False,INHERITED_RAW_PRICE_BASIS,False,False
2025-07-15|92440,2025-07-15,92440,13:00,14:05,65,PARTIAL,1,4,,,SCALE_INSUFFICIENT,,False,,,,CURRENT_BAR_UNAVAILABLE,OBSERVATION_INSUFFICIENT,10,0,0,False,0,0,False,INHERITED_RAW_PRICE_BASIS,False,False
2025-07-15|92440,2025-07-15,92440,13:00,14:10,70,UNAVAILABLE,0,5,,,SCALE_INSUFFICIENT,,False,,,,CURRENT_BAR_UNAVAILABLE,OBSERVATION_INSUFFICIENT,9,0,0,False,0,0,False,INHERITED_RAW_PRICE_BASIS,False,False
2025-07-15|92440,2025-07-15,92440,13:00,14:15,75,UNAVAILABLE,0,5,,,SCALE_INSUFFICIENT,,False,,,,CURRENT_BAR_UNAVAILABLE,OBSERVATION_INSUFFICIENT,6,0,0,False,0,0,False,INHERITED_RAW_PRICE_BASIS,False,False
2025-07-15|92440,2025-07-15,92440,13:00,14:20,80,PARTIAL,1,4,,,SCALE_INSUFFICIENT,,False,,,,CURRENT_BAR_UNAVAILABLE,OBSERVATION_INSUFFICIENT,5,0,0,False,0,0,False,INHERITED_RAW_PRICE_BASIS,False,False
2025-07-15|92440,2025-07-15,92440,13:00,14:25,85,PARTIAL,3,2,,,SCALE_INSUFFICIENT,,False,,,,SCALE_UNAVAILABLE,OBSERVATION_INSUFFICIENT,7,0,0,False,0,0,False,INHERITED_RAW_PRICE_BASIS,False,False
2025-07-15|92440,2025-07-15,92440,13:00,14:30,90,PARTIAL,2,3,,,SCALE_INSUFFICIENT,,False,,,,CURRENT_BAR_UNAVAILABLE,OBSERVATION_INSUFFICIENT,8,0,0,False,0,0,False,INHERITED_RAW_PRICE_BASIS,False,False
2025-07-15|92440,2025-07-15,92440,13:00,14:35,95,PARTIAL,1,4,,,SCALE_INSUFFICIENT,,False,,,,CURRENT_BAR_UNAVAILABLE,OBSERVATION_INSUFFICIENT,7,0,0,False,0,0,False,INHERITED_RAW_PRICE_BASIS,False,False
2025-07-15|92440,2025-07-15,92440,13:00,14:40,100,PARTIAL,1,4,,,SCALE_INSUFFICIENT,,False,,,,CURRENT_BAR_UNAVAILABLE,OBSERVATION_INSUFFICIENT,5,0,0,False,0,0,False,INHERITED_RAW_PRICE_BASIS,False,False
2025-07-15|92440,2025-07-15,92440,13:00,14:45,105,PARTIAL,2,3,,,SCALE_INSUFFICIENT,,False,,,,CURRENT_BAR_UNAVAILABLE,OBSERVATION_INSUFFICIENT,6,0,0,False,0,0,False,INHERITED_RAW_PRICE_BASIS,False,False
2025-07-15|92440,2025-07-15,92440,13:00,14:50,110,PARTIAL,3,2,,,SCALE_INSUFFICIENT,,False,,,,SCALE_UNAVAILABLE,OBSERVATION_INSUFFICIENT,9,0,0,False,0,0,False,INHERITED_RAW_PRICE_BASIS,False,False
2025-07-15|92440,2025-07-15,92440,13:00,14:55,115,PARTIAL,1,4,,,SCALE_INSUFFICIENT,,False,,,,CURRENT_BAR_UNAVAILABLE,OBSERVATION_INSUFFICIENT,7,0,0,False,0,0,False,INHERITED_RAW_PRICE_BASIS,False,False
2025-07-15|92440,2025-07-15,92440,13:00,15:00,120,UNAVAILABLE,0,5,,,SCALE_INSUFFICIENT,,False,,,,CURRENT_BAR_UNAVAILABLE,OBSERVATION_INSUFFICIENT,4,0,0,False,0,0,False,INHERITED_RAW_PRICE_BASIS,False,False
2025-07-15|92440,2025-07-15,92440,13:00,15:05,125,PARTIAL,3,2,,,SCALE_INSUFFICIENT,,False,,,,SCALE_UNAVAILABLE,OBSERVATION_INSUFFICIENT,7,0,0,False,0,0,False,INHERITED_RAW_PRICE_BASIS,False,False
2025-07-15|92440,2025-07-15,92440,13:00,15:10,130,PARTIAL,3,2,,,SCALE_INSUFFICIENT,,False,,,,SCALE_UNAVAILABLE,OBSERVATION_INSUFFICIENT,6,0,0,False,0,0,False,INHERITED_RAW_PRICE_BASIS,False,False
2025-07-15|92440,2025-07-15,92440,13:00,15:15,135,UNAVAILABLE,0,5,,,SCALE_INSUFFICIENT,,False,,,,CURRENT_BAR_UNAVAILABLE,OBSERVATION_INSUFFICIENT,5,0,0,False,0,0,False,INHERITED_RAW_PRICE_BASIS,False,False
2025-07-15|92440,2025-07-15,92440,13:00,15:20,140,PARTIAL,4,1,,,SCALE_INSUFFICIENT,,False,,,,SCALE_UNAVAILABLE,RIGHT_CENSORED,4,0,0,False,0,0,False,INHERITED_RAW_PRICE_BASIS,False,False
2025-07-15|92440,2025-07-15,92440,13:00,15:25,145,PARTIAL,1,4,,,SCALE_INSUFFICIENT,,False,,,,SCALE_UNAVAILABLE,RIGHT_CENSORED,0,0,0,False,0,0,False,INHERITED_RAW_PRICE_BASIS,False,False
