opportunity,session,symbol,selectorTime,asOf,elapsedActiveMinutes,observation,observed1m,missing1m,direction,return5Pct,scaleStatus,scale,dailyComplete5,structure,phase,attributes,stateReason,futureStatus,futureMissing,lateConfirmedPivots,pivotN,localRange,sameBarOrderAmbiguities,closedCrossEvents,semanticAny,contextPriceBasis,transitionObservablePair,phaseChanged
2025-08-04|13010,2025-08-04,13010,13:00,13:00,0,COMPLETE,5,0,DOWN,-0.6681514476614699,SCALE_INSUFFICIENT,,True,,,RANGE_EXPANSION,SCALE_UNAVAILABLE,WINDOW_OBSERVED,0,0,0,False,0,0,False,INHERITED_RAW_PRICE_BASIS,False,False
2025-08-04|13010,2025-08-04,13010,13:00,13:05,5,COMPLETE,5,0,DOWN,-0.7847533632286996,SCALE_INSUFFICIENT,,True,,,RANGE_EXPANSION|VOLUME_EXPANSION|TRADING_VALUE_EXPANSION,SCALE_UNAVAILABLE,WINDOW_OBSERVED,0,0,0,False,0,1,False,INHERITED_RAW_PRICE_BASIS,True,False
2025-08-04|13010,2025-08-04,13010,13:00,13:10,10,COMPLETE,5,0,DOWN,-0.22573363431151242,SCALE_INSUFFICIENT,,True,,,RANGE_COMPRESSION|VOLUME_COMPRESSION|TRADING_VALUE_COMPRESSION,SCALE_UNAVAILABLE,WINDOW_OBSERVED,0,0,0,False,1,0,False,INHERITED_RAW_PRICE_BASIS,True,False
2025-08-04|13010,2025-08-04,13010,13:00,13:15,15,COMPLETE,5,0,DOWN,-0.45248868778280543,SCALE_INSUFFICIENT,,True,,,RANGE_EXPANSION|VOLUME_EXPANSION|TRADING_VALUE_EXPANSION,SCALE_UNAVAILABLE,WINDOW_OBSERVED,0,0,0,False,1,1,False,INHERITED_RAW_PRICE_BASIS,True,False
2025-08-04|13010,2025-08-04,13010,13:00,13:20,20,COMPLETE,5,0,UP,0.11363636363636363,SCALE_INSUFFICIENT,,True,,,VOLUME_COMPRESSION|TRADING_VALUE_COMPRESSION,SCALE_UNAVAILABLE,WINDOW_OBSERVED,0,0,0,False,0,0,False,INHERITED_RAW_PRICE_BASIS,True,False
2025-08-04|13010,2025-08-04,13010,13:00,13:25,25,COMPLETE,5,0,UP,0.22701475595913734,SCALE_INSUFFICIENT,,True,,,RANGE_COMPRESSION,SCALE_UNAVAILABLE,WINDOW_OBSERVED,0,0,0,False,0,0,False,INHERITED_RAW_PRICE_BASIS,True,False
2025-08-04|13010,2025-08-04,13010,13:00,13:30,30,COMPLETE,5,0,DOWN,-0.22650056625141562,SCALE_INSUFFICIENT,,True,,,RANGE_EXPANSION,SCALE_UNAVAILABLE,WINDOW_OBSERVED,0,0,0,False,0,0,False,INHERITED_RAW_PRICE_BASIS,True,False
2025-08-04|13010,2025-08-04,13010,13:00,13:35,35,COMPLETE,5,0,UP,0.22701475595913734,SCALE_INSUFFICIENT,,True,,,RANGE_COMPRESSION|VOLUME_COMPRESSION|TRADING_VALUE_COMPRESSION,SCALE_UNAVAILABLE,WINDOW_OBSERVED,0,0,0,False,0,0,False,INHERITED_RAW_PRICE_BASIS,True,False
2025-08-04|13010,2025-08-04,13010,13:00,13:40,40,COMPLETE,5,0,UP,0.11337868480725624,SCALE_INSUFFICIENT,,True,,,RANGE_EXPANSION|VOLUME_EXPANSION|TRADING_VALUE_EXPANSION,SCALE_UNAVAILABLE,WINDOW_OBSERVED,0,0,0,False,0,0,False,INHERITED_RAW_PRICE_BASIS,True,False
2025-08-04|13010,2025-08-04,13010,13:00,13:45,45,COMPLETE,5,0,UNCHANGED,0.0,SCALE_INSUFFICIENT,,True,,,,SCALE_UNAVAILABLE,OBSERVATION_INSUFFICIENT,1,0,0,False,0,0,False,INHERITED_RAW_PRICE_BASIS,True,False
2025-08-04|13010,2025-08-04,13010,13:00,13:50,50,COMPLETE,5,0,UP,0.11299435028248588,SCALE_INSUFFICIENT,,True,,,VOLUME_EXPANSION|TRADING_VALUE_EXPANSION,SCALE_UNAVAILABLE,OBSERVATION_INSUFFICIENT,3,0,0,False,0,0,False,INHERITED_RAW_PRICE_BASIS,True,False
2025-08-04|13010,2025-08-04,13010,13:00,13:55,55,PARTIAL,4,1,,,SCALE_INSUFFICIENT,,True,,,,CURRENT_BAR_UNAVAILABLE,OBSERVATION_INSUFFICIENT,2,0,0,False,0,0,False,INHERITED_RAW_PRICE_BASIS,False,False
2025-08-04|13010,2025-08-04,13010,13:00,14:00,60,PARTIAL,3,2,,,SCALE_INSUFFICIENT,,True,,,,CURRENT_BAR_UNAVAILABLE,OBSERVATION_INSUFFICIENT,1,0,0,False,0,0,False,INHERITED_RAW_PRICE_BASIS,False,False
2025-08-04|13010,2025-08-04,13010,13:00,14:05,65,COMPLETE,5,0,UP,0.11299435028248588,SCALE_INSUFFICIENT,,True,,,,SCALE_UNAVAILABLE,OBSERVATION_INSUFFICIENT,2,0,0,False,0,0,False,INHERITED_RAW_PRICE_BASIS,False,False
2025-08-04|13010,2025-08-04,13010,13:00,14:10,70,PARTIAL,4,1,,,SCALE_INSUFFICIENT,,True,,,,SCALE_UNAVAILABLE,OBSERVATION_INSUFFICIENT,3,0,0,False,0,0,False,INHERITED_RAW_PRICE_BASIS,False,False
2025-08-04|13010,2025-08-04,13010,13:00,14:15,75,PARTIAL,4,1,,,SCALE_INSUFFICIENT,,True,,,,CURRENT_BAR_UNAVAILABLE,OBSERVATION_INSUFFICIENT,2,0,0,False,0,0,False,INHERITED_RAW_PRICE_BASIS,False,False
2025-08-04|13010,2025-08-04,13010,13:00,14:20,80,PARTIAL,3,2,,,SCALE_INSUFFICIENT,,True,,,,CURRENT_BAR_UNAVAILABLE,OBSERVATION_INSUFFICIENT,1,0,0,False,0,0,False,INHERITED_RAW_PRICE_BASIS,False,False
2025-08-04|13010,2025-08-04,13010,13:00,14:25,85,COMPLETE,5,0,UP,0.11286681715575621,SCALE_INSUFFICIENT,,True,,,,SCALE_UNAVAILABLE,OBSERVATION_INSUFFICIENT,3,0,0,False,0,0,False,INHERITED_RAW_PRICE_BASIS,False,False
2025-08-04|13010,2025-08-04,13010,13:00,14:30,90,PARTIAL,4,1,,,SCALE_INSUFFICIENT,,True,,,,SCALE_UNAVAILABLE,OBSERVATION_INSUFFICIENT,2,0,0,False,0,0,False,INHERITED_RAW_PRICE_BASIS,False,False
2025-08-04|13010,2025-08-04,13010,13:00,14:35,95,PARTIAL,3,2,,,SCALE_INSUFFICIENT,,True,,,,SCALE_UNAVAILABLE,WINDOW_OBSERVED,0,0,0,False,0,0,False,INHERITED_RAW_PRICE_BASIS,False,False
2025-08-04|13010,2025-08-04,13010,13:00,14:40,100,COMPLETE,5,0,DOWN,-0.11299435028248588,SCALE_INSUFFICIENT,,True,,,,SCALE_UNAVAILABLE,OBSERVATION_INSUFFICIENT,4,0,0,False,0,0,False,INHERITED_RAW_PRICE_BASIS,False,False
2025-08-04|13010,2025-08-04,13010,13:00,14:45,105,COMPLETE,5,0,UNCHANGED,0.0,SCALE_INSUFFICIENT,,True,,,,SCALE_UNAVAILABLE,OBSERVATION_INSUFFICIENT,4,0,0,False,0,0,False,INHERITED_RAW_PRICE_BASIS,True,False
2025-08-04|13010,2025-08-04,13010,13:00,14:50,110,PARTIAL,1,4,,,SCALE_INSUFFICIENT,,True,,,,SCALE_UNAVAILABLE,OBSERVATION_INSUFFICIENT,1,0,0,False,0,0,False,INHERITED_RAW_PRICE_BASIS,False,False
2025-08-04|13010,2025-08-04,13010,13:00,14:55,115,COMPLETE,5,0,DOWN,-0.11299435028248588,SCALE_INSUFFICIENT,,True,,,,SCALE_UNAVAILABLE,OBSERVATION_INSUFFICIENT,3,0,0,False,0,0,False,INHERITED_RAW_PRICE_BASIS,False,False
2025-08-04|13010,2025-08-04,13010,13:00,15:00,120,PARTIAL,4,1,,,SCALE_INSUFFICIENT,,True,,,,SCALE_UNAVAILABLE,OBSERVATION_INSUFFICIENT,2,0,0,False,0,0,False,INHERITED_RAW_PRICE_BASIS,False,False
2025-08-04|13010,2025-08-04,13010,13:00,15:05,125,PARTIAL,3,2,,,SCALE_INSUFFICIENT,,True,,,,SCALE_UNAVAILABLE,WINDOW_OBSERVED,0,0,0,False,0,0,False,INHERITED_RAW_PRICE_BASIS,False,False
2025-08-04|13010,2025-08-04,13010,13:00,15:10,130,COMPLETE,5,0,UNCHANGED,0.0,SCALE_INSUFFICIENT,,True,,,,SCALE_UNAVAILABLE,WINDOW_OBSERVED,0,0,0,False,0,0,False,INHERITED_RAW_PRICE_BASIS,False,False
2025-08-04|13010,2025-08-04,13010,13:00,15:15,135,COMPLETE,5,0,DOWN,-0.11286681715575621,SCALE_INSUFFICIENT,,True,,,VOLUME_COMPRESSION|TRADING_VALUE_COMPRESSION,SCALE_UNAVAILABLE,WINDOW_OBSERVED,0,0,0,False,0,0,False,INHERITED_RAW_PRICE_BASIS,True,False
2025-08-04|13010,2025-08-04,13010,13:00,15:20,140,COMPLETE,5,0,DOWN,-0.11286681715575621,SCALE_INSUFFICIENT,,True,,,,SCALE_UNAVAILABLE,RIGHT_CENSORED,0,0,0,False,0,0,False,INHERITED_RAW_PRICE_BASIS,True,False
2025-08-04|13010,2025-08-04,13010,13:00,15:25,145,COMPLETE,5,0,UNCHANGED,0.0,SCALE_INSUFFICIENT,,True,,,RANGE_EXPANSION|VOLUME_EXPANSION|TRADING_VALUE_EXPANSION,SCALE_UNAVAILABLE,RIGHT_CENSORED,0,0,0,False,0,0,False,INHERITED_RAW_PRICE_BASIS,True,False
2025-08-04|175A0,2025-08-04,175A0,14:30,14:30,0,PARTIAL,2,3,,,SCALE_INSUFFICIENT,,True,,,,SCALE_UNAVAILABLE,OBSERVATION_INSUFFICIENT,6,0,0,False,1,0,False,INHERITED_RAW_PRICE_BASIS,False,False
2025-08-04|175A0,2025-08-04,175A0,14:30,14:35,5,PARTIAL,2,3,,,SCALE_INSUFFICIENT,,True,,,,CURRENT_BAR_UNAVAILABLE,OBSERVATION_INSUFFICIENT,4,0,0,False,0,0,False,INHERITED_RAW_PRICE_BASIS,False,False
2025-08-04|175A0,2025-08-04,175A0,14:30,14:40,10,PARTIAL,2,3,,,SCALE_INSUFFICIENT,,True,,,,SCALE_UNAVAILABLE,OBSERVATION_INSUFFICIENT,2,0,0,False,0,0,False,INHERITED_RAW_PRICE_BASIS,False,False
2025-08-04|175A0,2025-08-04,175A0,14:30,14:45,15,PARTIAL,4,1,,,SCALE_INSUFFICIENT,,True,,,,SCALE_UNAVAILABLE,OBSERVATION_INSUFFICIENT,5,0,0,False,1,2,False,INHERITED_RAW_PRICE_BASIS,False,False
2025-08-04|175A0,2025-08-04,175A0,14:30,14:50,20,PARTIAL,4,1,,,SCALE_INSUFFICIENT,,True,,,,SCALE_UNAVAILABLE,OBSERVATION_INSUFFICIENT,5,0,0,False,0,0,False,INHERITED_RAW_PRICE_BASIS,False,False
2025-08-04|175A0,2025-08-04,175A0,14:30,14:55,25,PARTIAL,1,4,,,SCALE_INSUFFICIENT,,True,,,,SCALE_UNAVAILABLE,OBSERVATION_INSUFFICIENT,5,0,0,False,0,0,False,INHERITED_RAW_PRICE_BASIS,False,False
2025-08-04|175A0,2025-08-04,175A0,14:30,15:00,30,PARTIAL,4,1,,,SCALE_INSUFFICIENT,,True,,,,SCALE_UNAVAILABLE,OBSERVATION_INSUFFICIENT,6,0,0,False,0,0,False,INHERITED_RAW_PRICE_BASIS,False,False
2025-08-04|175A0,2025-08-04,175A0,14:30,15:05,35,PARTIAL,1,4,,,SCALE_INSUFFICIENT,,True,,,,CURRENT_BAR_UNAVAILABLE,OBSERVATION_INSUFFICIENT,4,0,0,False,0,0,False,INHERITED_RAW_PRICE_BASIS,False,False
2025-08-04|175A0,2025-08-04,175A0,14:30,15:10,40,PARTIAL,3,2,,,SCALE_INSUFFICIENT,,True,,,,SCALE_UNAVAILABLE,OBSERVATION_INSUFFICIENT,3,0,0,False,0,0,False,INHERITED_RAW_PRICE_BASIS,False,False
2025-08-04|175A0,2025-08-04,175A0,14:30,15:15,45,PARTIAL,3,2,,,SCALE_INSUFFICIENT,,True,,,,CURRENT_BAR_UNAVAILABLE,OBSERVATION_INSUFFICIENT,1,0,0,False,0,0,False,INHERITED_RAW_PRICE_BASIS,False,False
2025-08-04|175A0,2025-08-04,175A0,14:30,15:20,50,PARTIAL,4,1,,,SCALE_INSUFFICIENT,,True,,,,SCALE_UNAVAILABLE,RIGHT_CENSORED,0,0,0,False,0,0,False,INHERITED_RAW_PRICE_BASIS,False,False
2025-08-04|175A0,2025-08-04,175A0,14:30,15:25,55,COMPLETE,5,0,UP,0.5328596802841918,SCALE_INSUFFICIENT,,True,,,,SCALE_UNAVAILABLE,RIGHT_CENSORED,0,0,0,False,0,0,False,INHERITED_RAW_PRICE_BASIS,False,False
2025-08-04|18660,2025-08-04,18660,10:00,10:00,0,PARTIAL,1,4,,,SCALE_INSUFFICIENT,,True,,,,CURRENT_BAR_UNAVAILABLE,OBSERVATION_INSUFFICIENT,10,0,0,False,0,0,False,INHERITED_RAW_PRICE_BASIS,False,False
2025-08-04|18660,2025-08-04,18660,10:00,10:05,5,UNAVAILABLE,0,5,,,SCALE_INSUFFICIENT,,True,,,,CURRENT_BAR_UNAVAILABLE,OBSERVATION_INSUFFICIENT,10,0,0,False,0,0,False,INHERITED_RAW_PRICE_BASIS,False,False
2025-08-04|18660,2025-08-04,18660,10:00,10:10,10,UNAVAILABLE,0,5,,,SCALE_INSUFFICIENT,,True,,,,CURRENT_BAR_UNAVAILABLE,OBSERVATION_INSUFFICIENT,10,0,0,False,0,0,False,INHERITED_RAW_PRICE_BASIS,False,False
2025-08-04|18660,2025-08-04,18660,10:00,10:15,15,UNAVAILABLE,0,5,,,SCALE_INSUFFICIENT,,True,,,,CURRENT_BAR_UNAVAILABLE,OBSERVATION_INSUFFICIENT,10,0,0,False,0,0,False,INHERITED_RAW_PRICE_BASIS,False,False
2025-08-04|18660,2025-08-04,18660,10:00,10:20,20,UNAVAILABLE,0,5,,,SCALE_INSUFFICIENT,,True,,,,CURRENT_BAR_UNAVAILABLE,OBSERVATION_INSUFFICIENT,10,0,0,False,0,0,False,INHERITED_RAW_PRICE_BASIS,False,False
2025-08-04|18660,2025-08-04,18660,10:00,10:25,25,UNAVAILABLE,0,5,,,SCALE_INSUFFICIENT,,True,,,,CURRENT_BAR_UNAVAILABLE,OBSERVATION_INSUFFICIENT,10,0,0,False,0,0,False,INHERITED_RAW_PRICE_BASIS,False,False
2025-08-04|18660,2025-08-04,18660,10:00,10:30,30,UNAVAILABLE,0,5,,,SCALE_INSUFFICIENT,,True,,,,CURRENT_BAR_UNAVAILABLE,OBSERVATION_INSUFFICIENT,9,0,0,False,0,0,False,INHERITED_RAW_PRICE_BASIS,False,False
2025-08-04|18660,2025-08-04,18660,10:00,10:35,35,UNAVAILABLE,0,5,,,SCALE_INSUFFICIENT,,True,,,,CURRENT_BAR_UNAVAILABLE,OBSERVATION_INSUFFICIENT,9,0,0,False,0,0,False,INHERITED_RAW_PRICE_BASIS,False,False
2025-08-04|18660,2025-08-04,18660,10:00,10:40,40,PARTIAL,1,4,,,SCALE_INSUFFICIENT,,True,,,,CURRENT_BAR_UNAVAILABLE,OBSERVATION_INSUFFICIENT,10,0,0,False,0,0,False,INHERITED_RAW_PRICE_BASIS,False,False
2025-08-04|18660,2025-08-04,18660,10:00,10:45,45,UNAVAILABLE,0,5,,,SCALE_INSUFFICIENT,,True,,,,CURRENT_BAR_UNAVAILABLE,OBSERVATION_INSUFFICIENT,10,0,0,False,0,0,False,INHERITED_RAW_PRICE_BASIS,False,False
2025-08-04|18660,2025-08-04,18660,10:00,10:50,50,UNAVAILABLE,0,5,,,SCALE_INSUFFICIENT,,True,,,,CURRENT_BAR_UNAVAILABLE,OBSERVATION_INSUFFICIENT,10,0,0,False,0,0,False,INHERITED_RAW_PRICE_BASIS,False,False
2025-08-04|18660,2025-08-04,18660,10:00,10:55,55,UNAVAILABLE,0,5,,,SCALE_INSUFFICIENT,,True,,,,CURRENT_BAR_UNAVAILABLE,OBSERVATION_INSUFFICIENT,10,0,0,False,0,0,False,INHERITED_RAW_PRICE_BASIS,False,False
2025-08-04|18660,2025-08-04,18660,10:00,11:00,60,UNAVAILABLE,0,5,,,SCALE_INSUFFICIENT,,True,,,,CURRENT_BAR_UNAVAILABLE,OBSERVATION_INSUFFICIENT,10,0,0,False,0,0,False,INHERITED_RAW_PRICE_BASIS,False,False
2025-08-04|18660,2025-08-04,18660,10:00,11:05,65,UNAVAILABLE,0,5,,,SCALE_INSUFFICIENT,,True,,,,CURRENT_BAR_UNAVAILABLE,OBSERVATION_INSUFFICIENT,10,0,0,False,0,0,False,INHERITED_RAW_PRICE_BASIS,False,False
2025-08-04|18660,2025-08-04,18660,10:00,11:10,70,UNAVAILABLE,0,5,,,SCALE_INSUFFICIENT,,True,,,,CURRENT_BAR_UNAVAILABLE,OBSERVATION_INSUFFICIENT,9,0,0,False,0,0,False,INHERITED_RAW_PRICE_BASIS,False,False
2025-08-04|18660,2025-08-04,18660,10:00,11:15,75,UNAVAILABLE,0,5,,,SCALE_INSUFFICIENT,,True,,,,CURRENT_BAR_UNAVAILABLE,OBSERVATION_INSUFFICIENT,9,0,0,False,0,0,False,INHERITED_RAW_PRICE_BASIS,False,False
2025-08-04|18660,2025-08-04,18660,10:00,11:20,80,PARTIAL,1,4,,,SCALE_INSUFFICIENT,,True,,,,SCALE_UNAVAILABLE,OBSERVATION_INSUFFICIENT,10,0,0,False,0,0,False,INHERITED_RAW_PRICE_BASIS,False,False
2025-08-04|18660,2025-08-04,18660,10:00,11:25,85,UNAVAILABLE,0,5,,,SCALE_INSUFFICIENT,,True,,,,CURRENT_BAR_UNAVAILABLE,OBSERVATION_INSUFFICIENT,9,0,0,False,0,0,False,INHERITED_RAW_PRICE_BASIS,False,False
2025-08-04|18660,2025-08-04,18660,10:00,11:30,90,UNAVAILABLE,0,5,,,SCALE_INSUFFICIENT,,True,,,,CURRENT_BAR_UNAVAILABLE,OBSERVATION_INSUFFICIENT,9,0,0,False,0,0,False,INHERITED_RAW_PRICE_BASIS,False,False
2025-08-04|18660,2025-08-04,18660,10:00,12:35,95,PARTIAL,1,4,,,SCALE_INSUFFICIENT,,True,,,,CURRENT_BAR_UNAVAILABLE,OBSERVATION_INSUFFICIENT,9,0,0,False,0,0,False,INHERITED_RAW_PRICE_BASIS,False,False
2025-08-04|18660,2025-08-04,18660,10:00,12:40,100,UNAVAILABLE,0,5,,,SCALE_INSUFFICIENT,,True,,,,CURRENT_BAR_UNAVAILABLE,OBSERVATION_INSUFFICIENT,8,0,0,False,0,0,False,INHERITED_RAW_PRICE_BASIS,False,False
2025-08-04|18660,2025-08-04,18660,10:00,12:45,105,PARTIAL,1,4,,,SCALE_INSUFFICIENT,,True,,,,CURRENT_BAR_UNAVAILABLE,OBSERVATION_INSUFFICIENT,9,0,0,False,0,0,False,INHERITED_RAW_PRICE_BASIS,False,False
2025-08-04|18660,2025-08-04,18660,10:00,12:50,110,PARTIAL,1,4,,,SCALE_INSUFFICIENT,,True,,,,CURRENT_BAR_UNAVAILABLE,OBSERVATION_INSUFFICIENT,9,0,0,False,0,0,False,INHERITED_RAW_PRICE_BASIS,False,False
2025-08-04|18660,2025-08-04,18660,10:00,12:55,115,UNAVAILABLE,0,5,,,SCALE_INSUFFICIENT,,True,,,,CURRENT_BAR_UNAVAILABLE,OBSERVATION_INSUFFICIENT,8,0,0,False,0,0,False,INHERITED_RAW_PRICE_BASIS,False,False
2025-08-04|18660,2025-08-04,18660,10:00,13:00,120,PARTIAL,1,4,,,SCALE_INSUFFICIENT,,True,,,,CURRENT_BAR_UNAVAILABLE,OBSERVATION_INSUFFICIENT,8,0,0,False,0,0,False,INHERITED_RAW_PRICE_BASIS,False,False
2025-08-04|18660,2025-08-04,18660,10:00,13:05,125,PARTIAL,1,4,,,SCALE_INSUFFICIENT,,True,,,,CURRENT_BAR_UNAVAILABLE,OBSERVATION_INSUFFICIENT,9,0,0,False,0,0,False,INHERITED_RAW_PRICE_BASIS,False,False
2025-08-04|18660,2025-08-04,18660,10:00,13:10,130,PARTIAL,1,4,,,SCALE_INSUFFICIENT,,True,,,,CURRENT_BAR_UNAVAILABLE,OBSERVATION_INSUFFICIENT,10,0,0,False,0,0,False,INHERITED_RAW_PRICE_BASIS,False,False
2025-08-04|18660,2025-08-04,18660,10:00,13:15,135,UNAVAILABLE,0,5,,,SCALE_INSUFFICIENT,,True,,,,CURRENT_BAR_UNAVAILABLE,OBSERVATION_INSUFFICIENT,10,0,0,False,0,0,False,INHERITED_RAW_PRICE_BASIS,False,False
2025-08-04|18660,2025-08-04,18660,10:00,13:20,140,UNAVAILABLE,0,5,,,SCALE_INSUFFICIENT,,True,,,,CURRENT_BAR_UNAVAILABLE,OBSERVATION_INSUFFICIENT,10,0,0,False,0,0,False,INHERITED_RAW_PRICE_BASIS,False,False
2025-08-04|18660,2025-08-04,18660,10:00,13:25,145,UNAVAILABLE,0,5,,,SCALE_INSUFFICIENT,,True,,,,CURRENT_BAR_UNAVAILABLE,OBSERVATION_INSUFFICIENT,10,0,0,False,0,0,False,INHERITED_RAW_PRICE_BASIS,False,False
2025-08-04|18660,2025-08-04,18660,10:00,13:30,150,UNAVAILABLE,0,5,,,SCALE_INSUFFICIENT,,True,,,,CURRENT_BAR_UNAVAILABLE,OBSERVATION_INSUFFICIENT,10,0,0,False,0,0,False,INHERITED_RAW_PRICE_BASIS,False,False
2025-08-04|18660,2025-08-04,18660,10:00,13:35,155,UNAVAILABLE,0,5,,,SCALE_INSUFFICIENT,,True,,,,CURRENT_BAR_UNAVAILABLE,OBSERVATION_INSUFFICIENT,9,0,0,False,0,0,False,INHERITED_RAW_PRICE_BASIS,False,False
2025-08-04|18660,2025-08-04,18660,10:00,13:40,160,UNAVAILABLE,0,5,,,SCALE_INSUFFICIENT,,True,,,,CURRENT_BAR_UNAVAILABLE,OBSERVATION_INSUFFICIENT,9,0,0,False,0,0,False,INHERITED_RAW_PRICE_BASIS,False,False
2025-08-04|18660,2025-08-04,18660,10:00,13:45,165,PARTIAL,1,4,,,SCALE_INSUFFICIENT,,True,,,,SCALE_UNAVAILABLE,OBSERVATION_INSUFFICIENT,9,0,0,False,0,0,False,INHERITED_RAW_PRICE_BASIS,False,False
2025-08-04|18660,2025-08-04,18660,10:00,13:50,170,UNAVAILABLE,0,5,,,SCALE_INSUFFICIENT,,True,,,,CURRENT_BAR_UNAVAILABLE,OBSERVATION_INSUFFICIENT,9,0,0,False,0,0,False,INHERITED_RAW_PRICE_BASIS,False,False
2025-08-04|18660,2025-08-04,18660,10:00,13:55,175,PARTIAL,1,4,,,SCALE_INSUFFICIENT,,True,,,,CURRENT_BAR_UNAVAILABLE,OBSERVATION_INSUFFICIENT,10,0,0,False,0,0,False,INHERITED_RAW_PRICE_BASIS,False,False
2025-08-04|18660,2025-08-04,18660,10:00,14:00,180,UNAVAILABLE,0,5,,,SCALE_INSUFFICIENT,,True,,,,CURRENT_BAR_UNAVAILABLE,OBSERVATION_INSUFFICIENT,10,0,0,False,0,0,False,INHERITED_RAW_PRICE_BASIS,False,False
2025-08-04|18660,2025-08-04,18660,10:00,14:05,185,UNAVAILABLE,0,5,,,SCALE_INSUFFICIENT,,True,,,,CURRENT_BAR_UNAVAILABLE,OBSERVATION_INSUFFICIENT,10,0,0,False,0,0,False,INHERITED_RAW_PRICE_BASIS,False,False
2025-08-04|18660,2025-08-04,18660,10:00,14:10,190,UNAVAILABLE,0,5,,,SCALE_INSUFFICIENT,,True,,,,CURRENT_BAR_UNAVAILABLE,OBSERVATION_INSUFFICIENT,10,0,0,False,0,0,False,INHERITED_RAW_PRICE_BASIS,False,False
2025-08-04|18660,2025-08-04,18660,10:00,14:15,195,UNAVAILABLE,0,5,,,SCALE_INSUFFICIENT,,True,,,,CURRENT_BAR_UNAVAILABLE,OBSERVATION_INSUFFICIENT,9,0,0,False,0,0,False,INHERITED_RAW_PRICE_BASIS,False,False
2025-08-04|18660,2025-08-04,18660,10:00,14:20,200,UNAVAILABLE,0,5,,,SCALE_INSUFFICIENT,,True,,,,CURRENT_BAR_UNAVAILABLE,OBSERVATION_INSUFFICIENT,9,0,0,False,0,0,False,INHERITED_RAW_PRICE_BASIS,False,False
2025-08-04|18660,2025-08-04,18660,10:00,14:25,205,PARTIAL,1,4,,,SCALE_INSUFFICIENT,,True,,,,CURRENT_BAR_UNAVAILABLE,OBSERVATION_INSUFFICIENT,10,0,0,False,0,0,False,INHERITED_RAW_PRICE_BASIS,False,False
2025-08-04|18660,2025-08-04,18660,10:00,14:30,210,UNAVAILABLE,0,5,,,SCALE_INSUFFICIENT,,True,,,,CURRENT_BAR_UNAVAILABLE,OBSERVATION_INSUFFICIENT,9,0,0,False,0,0,False,INHERITED_RAW_PRICE_BASIS,False,False
2025-08-04|18660,2025-08-04,18660,10:00,14:35,215,UNAVAILABLE,0,5,,,SCALE_INSUFFICIENT,,True,,,,CURRENT_BAR_UNAVAILABLE,OBSERVATION_INSUFFICIENT,9,0,0,False,0,0,False,INHERITED_RAW_PRICE_BASIS,False,False
2025-08-04|18660,2025-08-04,18660,10:00,14:40,220,PARTIAL,1,4,,,SCALE_INSUFFICIENT,,True,,,,CURRENT_BAR_UNAVAILABLE,OBSERVATION_INSUFFICIENT,10,0,0,False,0,0,False,INHERITED_RAW_PRICE_BASIS,False,False
2025-08-04|18660,2025-08-04,18660,10:00,14:45,225,UNAVAILABLE,0,5,,,SCALE_INSUFFICIENT,,True,,,,CURRENT_BAR_UNAVAILABLE,OBSERVATION_INSUFFICIENT,10,0,0,False,0,0,False,INHERITED_RAW_PRICE_BASIS,False,False
2025-08-04|18660,2025-08-04,18660,10:00,14:50,230,UNAVAILABLE,0,5,,,SCALE_INSUFFICIENT,,True,,,,CURRENT_BAR_UNAVAILABLE,OBSERVATION_INSUFFICIENT,9,0,0,False,0,0,False,INHERITED_RAW_PRICE_BASIS,False,False
2025-08-04|18660,2025-08-04,18660,10:00,14:55,235,UNAVAILABLE,0,5,,,SCALE_INSUFFICIENT,,True,,,,CURRENT_BAR_UNAVAILABLE,OBSERVATION_INSUFFICIENT,9,0,0,False,0,0,False,INHERITED_RAW_PRICE_BASIS,False,False
2025-08-04|18660,2025-08-04,18660,10:00,15:00,240,PARTIAL,1,4,,,SCALE_INSUFFICIENT,,True,,,,CURRENT_BAR_UNAVAILABLE,OBSERVATION_INSUFFICIENT,10,0,0,False,0,0,False,INHERITED_RAW_PRICE_BASIS,False,False
2025-08-04|18660,2025-08-04,18660,10:00,15:05,245,UNAVAILABLE,0,5,,,SCALE_INSUFFICIENT,,True,,,,CURRENT_BAR_UNAVAILABLE,OBSERVATION_INSUFFICIENT,9,0,0,False,0,0,False,INHERITED_RAW_PRICE_BASIS,False,False
2025-08-04|18660,2025-08-04,18660,10:00,15:10,250,UNAVAILABLE,0,5,,,SCALE_INSUFFICIENT,,True,,,,CURRENT_BAR_UNAVAILABLE,OBSERVATION_INSUFFICIENT,9,0,0,False,0,0,False,INHERITED_RAW_PRICE_BASIS,False,False
2025-08-04|18660,2025-08-04,18660,10:00,15:15,255,PARTIAL,1,4,,,SCALE_INSUFFICIENT,,True,,,,SCALE_UNAVAILABLE,OBSERVATION_INSUFFICIENT,8,0,0,False,0,0,False,INHERITED_RAW_PRICE_BASIS,False,False
2025-08-04|18660,2025-08-04,18660,10:00,15:20,260,UNAVAILABLE,0,5,,,SCALE_INSUFFICIENT,,True,,,,CURRENT_BAR_UNAVAILABLE,RIGHT_CENSORED,3,0,0,False,0,0,False,INHERITED_RAW_PRICE_BASIS,False,False
2025-08-04|18660,2025-08-04,18660,10:00,15:25,265,PARTIAL,2,3,,,SCALE_INSUFFICIENT,,True,,,,SCALE_UNAVAILABLE,RIGHT_CENSORED,0,0,0,False,0,0,False,INHERITED_RAW_PRICE_BASIS,False,False
2025-08-04|190A0,2025-08-04,190A0,11:00,11:00,0,PARTIAL,2,3,,,SCALE_INSUFFICIENT,,True,,,,SCALE_UNAVAILABLE,OBSERVATION_INSUFFICIENT,5,0,0,False,0,0,False,INHERITED_RAW_PRICE_BASIS,False,False
2025-08-04|190A0,2025-08-04,190A0,11:00,11:05,5,PARTIAL,3,2,,,SCALE_INSUFFICIENT,,True,,,,SCALE_UNAVAILABLE,OBSERVATION_INSUFFICIENT,8,0,0,False,0,0,False,INHERITED_RAW_PRICE_BASIS,False,False
2025-08-04|190A0,2025-08-04,190A0,11:00,11:10,10,PARTIAL,2,3,,,SCALE_INSUFFICIENT,,True,,,,CURRENT_BAR_UNAVAILABLE,OBSERVATION_INSUFFICIENT,9,0,0,False,0,0,False,INHERITED_RAW_PRICE_BASIS,False,False
2025-08-04|190A0,2025-08-04,190A0,11:00,11:15,15,UNAVAILABLE,0,5,,,SCALE_INSUFFICIENT,,True,,,,CURRENT_BAR_UNAVAILABLE,OBSERVATION_INSUFFICIENT,6,0,0,False,0,0,False,INHERITED_RAW_PRICE_BASIS,False,False
2025-08-04|190A0,2025-08-04,190A0,11:00,11:20,20,PARTIAL,1,4,,,SCALE_INSUFFICIENT,,True,,,,CURRENT_BAR_UNAVAILABLE,OBSERVATION_INSUFFICIENT,3,0,0,False,0,0,False,INHERITED_RAW_PRICE_BASIS,False,False
2025-08-04|190A0,2025-08-04,190A0,11:00,11:25,25,PARTIAL,3,2,,,SCALE_INSUFFICIENT,,True,,,,SCALE_UNAVAILABLE,OBSERVATION_INSUFFICIENT,3,0,0,False,0,0,False,INHERITED_RAW_PRICE_BASIS,False,False
2025-08-04|190A0,2025-08-04,190A0,11:00,11:30,30,PARTIAL,4,1,,,SCALE_INSUFFICIENT,,True,,,,SCALE_UNAVAILABLE,OBSERVATION_INSUFFICIENT,4,0,0,False,0,0,False,INHERITED_RAW_PRICE_BASIS,False,False
2025-08-04|190A0,2025-08-04,190A0,11:00,12:35,35,PARTIAL,3,2,,,SCALE_INSUFFICIENT,,True,,,,SCALE_UNAVAILABLE,OBSERVATION_INSUFFICIENT,4,0,0,False,0,0,False,INHERITED_RAW_PRICE_BASIS,False,False
2025-08-04|190A0,2025-08-04,190A0,11:00,12:40,40,PARTIAL,3,2,,,SCALE_INSUFFICIENT,,True,,,,SCALE_UNAVAILABLE,OBSERVATION_INSUFFICIENT,4,0,0,False,0,0,False,INHERITED_RAW_PRICE_BASIS,False,False
2025-08-04|190A0,2025-08-04,190A0,11:00,12:45,45,PARTIAL,3,2,,,SCALE_INSUFFICIENT,,True,,,,SCALE_UNAVAILABLE,OBSERVATION_INSUFFICIENT,5,0,0,False,0,0,False,INHERITED_RAW_PRICE_BASIS,False,False
2025-08-04|190A0,2025-08-04,190A0,11:00,12:50,50,PARTIAL,3,2,,,SCALE_INSUFFICIENT,,True,,,,CURRENT_BAR_UNAVAILABLE,OBSERVATION_INSUFFICIENT,6,0,0,False,0,0,False,INHERITED_RAW_PRICE_BASIS,False,False
2025-08-04|190A0,2025-08-04,190A0,11:00,12:55,55,PARTIAL,2,3,,,SCALE_INSUFFICIENT,,True,,,,SCALE_UNAVAILABLE,OBSERVATION_INSUFFICIENT,6,0,0,False,0,0,False,INHERITED_RAW_PRICE_BASIS,False,False
2025-08-04|190A0,2025-08-04,190A0,11:00,13:00,60,PARTIAL,2,3,,,SCALE_INSUFFICIENT,,True,,,,CURRENT_BAR_UNAVAILABLE,OBSERVATION_INSUFFICIENT,3,0,0,False,0,0,False,INHERITED_RAW_PRICE_BASIS,False,False
2025-08-04|190A0,2025-08-04,190A0,11:00,13:05,65,PARTIAL,2,3,,,SCALE_INSUFFICIENT,,True,,,,CURRENT_BAR_UNAVAILABLE,OBSERVATION_INSUFFICIENT,3,0,0,False,0,0,False,INHERITED_RAW_PRICE_BASIS,False,False
2025-08-04|190A0,2025-08-04,190A0,11:00,13:10,70,COMPLETE,5,0,UNCHANGED,0.0,SCALE_INSUFFICIENT,,True,,,,SCALE_UNAVAILABLE,OBSERVATION_INSUFFICIENT,5,0,0,False,0,0,False,INHERITED_RAW_PRICE_BASIS,False,False
2025-08-04|190A0,2025-08-04,190A0,11:00,13:15,75,PARTIAL,2,3,,,SCALE_INSUFFICIENT,,True,,,,SCALE_UNAVAILABLE,OBSERVATION_INSUFFICIENT,4,0,0,False,0,0,False,INHERITED_RAW_PRICE_BASIS,False,False
2025-08-04|190A0,2025-08-04,190A0,11:00,13:20,80,PARTIAL,3,2,,,SCALE_INSUFFICIENT,,True,,,,CURRENT_BAR_UNAVAILABLE,OBSERVATION_INSUFFICIENT,4,0,0,False,0,0,False,INHERITED_RAW_PRICE_BASIS,False,False
2025-08-04|190A0,2025-08-04,190A0,11:00,13:25,85,PARTIAL,3,2,,,SCALE_INSUFFICIENT,,True,,,,CURRENT_BAR_UNAVAILABLE,OBSERVATION_INSUFFICIENT,6,0,0,False,0,0,False,INHERITED_RAW_PRICE_BASIS,False,False
2025-08-04|190A0,2025-08-04,190A0,11:00,13:30,90,PARTIAL,3,2,,,SCALE_INSUFFICIENT,,True,,,,CURRENT_BAR_UNAVAILABLE,OBSERVATION_INSUFFICIENT,8,0,0,False,0,0,False,INHERITED_RAW_PRICE_BASIS,False,False
2025-08-04|190A0,2025-08-04,190A0,11:00,13:35,95,PARTIAL,1,4,,,SCALE_INSUFFICIENT,,True,,,,CURRENT_BAR_UNAVAILABLE,OBSERVATION_INSUFFICIENT,9,0,0,False,0,0,False,INHERITED_RAW_PRICE_BASIS,False,False
2025-08-04|190A0,2025-08-04,190A0,11:00,13:40,100,PARTIAL,1,4,,,SCALE_INSUFFICIENT,,True,,,,SCALE_UNAVAILABLE,OBSERVATION_INSUFFICIENT,5,0,0,False,0,0,False,INHERITED_RAW_PRICE_BASIS,False,False
2025-08-04|190A0,2025-08-04,190A0,11:00,13:45,105,UNAVAILABLE,0,5,,,SCALE_INSUFFICIENT,,True,,,,CURRENT_BAR_UNAVAILABLE,OBSERVATION_INSUFFICIENT,2,0,0,False,0,0,False,INHERITED_RAW_PRICE_BASIS,False,False
2025-08-04|190A0,2025-08-04,190A0,11:00,13:50,110,COMPLETE,5,0,UNCHANGED,0.0,SCALE_INSUFFICIENT,,True,,,,SCALE_UNAVAILABLE,OBSERVATION_INSUFFICIENT,5,0,0,False,0,0,False,INHERITED_RAW_PRICE_BASIS,False,False
2025-08-04|190A0,2025-08-04,190A0,11:00,13:55,115,PARTIAL,3,2,,,SCALE_INSUFFICIENT,,True,,,,SCALE_UNAVAILABLE,OBSERVATION_INSUFFICIENT,7,0,0,False,0,0,False,INHERITED_RAW_PRICE_BASIS,False,False
2025-08-04|190A0,2025-08-04,190A0,11:00,14:00,120,PARTIAL,2,3,,,SCALE_INSUFFICIENT,,True,,,,SCALE_UNAVAILABLE,OBSERVATION_INSUFFICIENT,8,0,0,False,0,0,False,INHERITED_RAW_PRICE_BASIS,False,False
2025-08-04|190A0,2025-08-04,190A0,11:00,14:05,125,PARTIAL,1,4,,,SCALE_INSUFFICIENT,,True,,,,CURRENT_BAR_UNAVAILABLE,OBSERVATION_INSUFFICIENT,9,0,0,False,0,0,False,INHERITED_RAW_PRICE_BASIS,False,False
2025-08-04|190A0,2025-08-04,190A0,11:00,14:10,130,PARTIAL,1,4,,,SCALE_INSUFFICIENT,,True,,,,CURRENT_BAR_UNAVAILABLE,OBSERVATION_INSUFFICIENT,10,0,0,False,0,0,False,INHERITED_RAW_PRICE_BASIS,False,False
2025-08-04|190A0,2025-08-04,190A0,11:00,14:15,135,UNAVAILABLE,0,5,,,SCALE_INSUFFICIENT,,True,,,,CURRENT_BAR_UNAVAILABLE,OBSERVATION_INSUFFICIENT,9,0,0,False,0,0,False,INHERITED_RAW_PRICE_BASIS,False,False
2025-08-04|190A0,2025-08-04,190A0,11:00,14:20,140,UNAVAILABLE,0,5,,,SCALE_INSUFFICIENT,,True,,,,CURRENT_BAR_UNAVAILABLE,OBSERVATION_INSUFFICIENT,8,0,0,False,0,0,False,INHERITED_RAW_PRICE_BASIS,False,False
2025-08-04|190A0,2025-08-04,190A0,11:00,14:25,145,PARTIAL,1,4,,,SCALE_INSUFFICIENT,,True,,,,CURRENT_BAR_UNAVAILABLE,OBSERVATION_INSUFFICIENT,5,0,0,False,0,0,False,INHERITED_RAW_PRICE_BASIS,False,False
2025-08-04|190A0,2025-08-04,190A0,11:00,14:30,150,PARTIAL,1,4,,,SCALE_INSUFFICIENT,,True,,,,SCALE_UNAVAILABLE,OBSERVATION_INSUFFICIENT,6,0,0,False,0,0,False,INHERITED_RAW_PRICE_BASIS,False,False
2025-08-04|190A0,2025-08-04,190A0,11:00,14:35,155,PARTIAL,4,1,,,SCALE_INSUFFICIENT,,True,,,,SCALE_UNAVAILABLE,OBSERVATION_INSUFFICIENT,8,0,0,False,0,0,False,INHERITED_RAW_PRICE_BASIS,False,False
2025-08-04|190A0,2025-08-04,190A0,11:00,14:40,160,UNAVAILABLE,0,5,,,SCALE_INSUFFICIENT,,True,,,,CURRENT_BAR_UNAVAILABLE,OBSERVATION_INSUFFICIENT,7,0,0,False,0,0,False,INHERITED_RAW_PRICE_BASIS,False,False
2025-08-04|190A0,2025-08-04,190A0,11:00,14:45,165,PARTIAL,2,3,,,SCALE_INSUFFICIENT,,True,,,,CURRENT_BAR_UNAVAILABLE,OBSERVATION_INSUFFICIENT,7,0,0,False,0,0,False,INHERITED_RAW_PRICE_BASIS,False,False
2025-08-04|190A0,2025-08-04,190A0,11:00,14:50,170,PARTIAL,1,4,,,SCALE_INSUFFICIENT,,True,,,,SCALE_UNAVAILABLE,OBSERVATION_INSUFFICIENT,5,0,0,False,0,0,False,INHERITED_RAW_PRICE_BASIS,False,False
2025-08-04|190A0,2025-08-04,190A0,11:00,14:55,175,PARTIAL,2,3,,,SCALE_INSUFFICIENT,,True,,,,SCALE_UNAVAILABLE,OBSERVATION_INSUFFICIENT,3,0,0,False,0,0,False,INHERITED_RAW_PRICE_BASIS,False,False
2025-08-04|190A0,2025-08-04,190A0,11:00,15:00,180,PARTIAL,3,2,,,SCALE_INSUFFICIENT,,True,,,,SCALE_UNAVAILABLE,OBSERVATION_INSUFFICIENT,2,0,0,False,0,0,False,INHERITED_RAW_PRICE_BASIS,False,False
2025-08-04|190A0,2025-08-04,190A0,11:00,15:05,185,PARTIAL,4,1,,,SCALE_INSUFFICIENT,,True,,,,CURRENT_BAR_UNAVAILABLE,OBSERVATION_INSUFFICIENT,2,0,0,False,0,0,False,INHERITED_RAW_PRICE_BASIS,False,False
2025-08-04|190A0,2025-08-04,190A0,11:00,15:10,190,PARTIAL,4,1,,,SCALE_INSUFFICIENT,,True,,,,SCALE_UNAVAILABLE,OBSERVATION_INSUFFICIENT,3,0,0,False,0,0,False,INHERITED_RAW_PRICE_BASIS,False,False
2025-08-04|190A0,2025-08-04,190A0,11:00,15:15,195,PARTIAL,4,1,,,SCALE_INSUFFICIENT,,True,,,,SCALE_UNAVAILABLE,OBSERVATION_INSUFFICIENT,2,0,0,False,0,0,False,INHERITED_RAW_PRICE_BASIS,False,False
2025-08-04|190A0,2025-08-04,190A0,11:00,15:20,200,PARTIAL,3,2,,,SCALE_INSUFFICIENT,,True,,,,SCALE_UNAVAILABLE,RIGHT_CENSORED,0,0,0,False,0,0,False,INHERITED_RAW_PRICE_BASIS,False,False
2025-08-04|190A0,2025-08-04,190A0,11:00,15:25,205,COMPLETE,5,0,DOWN,-0.5586592178770949,SCALE_INSUFFICIENT,,True,,,,SCALE_UNAVAILABLE,RIGHT_CENSORED,0,0,0,False,0,0,False,INHERITED_RAW_PRICE_BASIS,False,False
2025-08-04|21340,2025-08-04,21340,11:30,11:30,0,COMPLETE,5,0,DOWN,-2.4390243902439024,AVAILABLE,1.0,True,,,,UNRESOLVED_STRUCTURE,OBSERVATION_INSUFFICIENT,3,0,1,False,0,0,False,INHERITED_RAW_PRICE_BASIS,False,False
2025-08-04|21340,2025-08-04,21340,11:30,12:35,5,PARTIAL,2,3,,,AVAILABLE,1.0,True,,,,UNRESOLVED_STRUCTURE,WINDOW_OBSERVED,0,1,1,False,0,0,False,INHERITED_RAW_PRICE_BASIS,False,False
2025-08-04|21340,2025-08-04,21340,11:30,12:40,10,COMPLETE,5,0,UP,1.1764705882352942,AVAILABLE,1.0,True,,,CHOPPINESS,UNRESOLVED_STRUCTURE,WINDOW_OBSERVED,0,1,4,False,0,0,False,INHERITED_RAW_PRICE_BASIS,False,False
2025-08-04|21340,2025-08-04,21340,11:30,12:45,15,COMPLETE,5,0,DOWN,-3.488372093023256,AVAILABLE,1.0,True,DOWN_STRUCTURE,,VOLUME_COMPRESSION|TRADING_VALUE_COMPRESSION,IDENTIFIED,WINDOW_OBSERVED,0,1,5,False,1,1,True,INHERITED_RAW_PRICE_BASIS,True,False
2025-08-04|21340,2025-08-04,21340,11:30,12:50,20,COMPLETE,5,0,UP,1.1904761904761905,AVAILABLE,1.0,True,DOWN_STRUCTURE,CORRECTION,CHOPPINESS|RANGE_COMPRESSION|VOLUME_COMPRESSION|TRADING_VALUE_COMPRESSION,IDENTIFIED,WINDOW_OBSERVED,0,0,7,False,0,4,True,INHERITED_RAW_PRICE_BASIS,True,True
2025-08-04|21340,2025-08-04,21340,11:30,12:55,25,COMPLETE,5,0,UP,1.1764705882352942,AVAILABLE,1.0,True,UP_STRUCTURE,,VOLUME_COMPRESSION|TRADING_VALUE_COMPRESSION,IDENTIFIED,WINDOW_OBSERVED,0,1,8,False,0,1,True,INHERITED_RAW_PRICE_BASIS,True,True
2025-08-04|21340,2025-08-04,21340,11:30,13:00,30,COMPLETE,5,0,DOWN,-1.1627906976744187,AVAILABLE,1.0,True,UP_STRUCTURE,,,IDENTIFIED,WINDOW_OBSERVED,0,1,9,False,0,0,True,INHERITED_RAW_PRICE_BASIS,True,False
2025-08-04|21340,2025-08-04,21340,11:30,13:05,35,COMPLETE,5,0,UNCHANGED,0.0,AVAILABLE,1.0,True,UP_STRUCTURE,,RANGE_COMPRESSION|VOLUME_COMPRESSION|TRADING_VALUE_COMPRESSION,IDENTIFIED,WINDOW_OBSERVED,0,1,11,False,0,1,True,INHERITED_RAW_PRICE_BASIS,True,False
2025-08-04|21340,2025-08-04,21340,11:30,13:10,40,COMPLETE,5,0,UNCHANGED,0.0,AVAILABLE,1.0,True,UP_STRUCTURE,,VOLUME_COMPRESSION|TRADING_VALUE_COMPRESSION,IDENTIFIED,WINDOW_OBSERVED,0,1,14,False,0,3,True,INHERITED_RAW_PRICE_BASIS,True,False
2025-08-04|21340,2025-08-04,21340,11:30,13:15,45,COMPLETE,5,0,DOWN,-1.1764705882352942,AVAILABLE,1.0,True,,RESTRUCTURING,RANGE_EXPANSION|VOLUME_EXPANSION|TRADING_VALUE_EXPANSION,UNRESOLVED_STRUCTURE,WINDOW_OBSERVED,0,1,15,False,0,2,True,INHERITED_RAW_PRICE_BASIS,True,True
2025-08-04|21340,2025-08-04,21340,11:30,13:20,50,COMPLETE,5,0,UNCHANGED,0.0,AVAILABLE,1.0,True,DOWN_STRUCTURE,,RANGE_COMPRESSION|VOLUME_COMPRESSION|TRADING_VALUE_COMPRESSION,IDENTIFIED,WINDOW_OBSERVED,0,1,17,True,0,1,True,INHERITED_RAW_PRICE_BASIS,True,True
2025-08-04|21340,2025-08-04,21340,11:30,13:25,55,COMPLETE,5,0,DOWN,-1.1764705882352942,AVAILABLE,1.0,True,DOWN_STRUCTURE,,VOLUME_COMPRESSION|TRADING_VALUE_COMPRESSION,IDENTIFIED,WINDOW_OBSERVED,0,1,19,True,0,3,True,INHERITED_RAW_PRICE_BASIS,True,False
2025-08-04|21340,2025-08-04,21340,11:30,13:30,60,COMPLETE,5,0,UNCHANGED,0.0,AVAILABLE,1.0,True,DOWN_STRUCTURE,,VOLUME_EXPANSION|TRADING_VALUE_EXPANSION,IDENTIFIED,WINDOW_OBSERVED,0,1,21,True,0,3,True,INHERITED_RAW_PRICE_BASIS,True,False
2025-08-04|21340,2025-08-04,21340,11:30,13:35,65,COMPLETE,5,0,UP,1.1904761904761905,AVAILABLE,1.0,True,DOWN_STRUCTURE,,CHOPPINESS,IDENTIFIED,WINDOW_OBSERVED,0,1,24,True,0,5,True,INHERITED_RAW_PRICE_BASIS,True,False
2025-08-04|21340,2025-08-04,21340,11:30,13:40,70,COMPLETE,5,0,DOWN,-1.1764705882352942,AVAILABLE,1.0,True,DOWN_STRUCTURE,,VOLUME_COMPRESSION|TRADING_VALUE_COMPRESSION,IDENTIFIED,WINDOW_OBSERVED,0,1,25,True,0,1,True,INHERITED_RAW_PRICE_BASIS,True,False
2025-08-04|21340,2025-08-04,21340,11:30,13:45,75,COMPLETE,5,0,UP,1.1904761904761905,AVAILABLE,1.0,True,DOWN_STRUCTURE,,CHOPPINESS|VOLUME_EXPANSION|TRADING_VALUE_EXPANSION,IDENTIFIED,WINDOW_OBSERVED,0,1,28,True,0,5,True,INHERITED_RAW_PRICE_BASIS,True,False
2025-08-04|21340,2025-08-04,21340,11:30,13:50,80,COMPLETE,5,0,UNCHANGED,0.0,AVAILABLE,1.0,True,DOWN_STRUCTURE,,VOLUME_COMPRESSION|TRADING_VALUE_COMPRESSION,IDENTIFIED,WINDOW_OBSERVED,0,1,31,True,0,4,True,INHERITED_RAW_PRICE_BASIS,True,False
2025-08-04|21340,2025-08-04,21340,11:30,13:55,85,COMPLETE,5,0,UNCHANGED,0.0,AVAILABLE,1.0,True,DOWN_STRUCTURE,,VOLUME_EXPANSION|TRADING_VALUE_EXPANSION,IDENTIFIED,WINDOW_OBSERVED,0,1,34,True,0,5,True,INHERITED_RAW_PRICE_BASIS,True,False
2025-08-04|21340,2025-08-04,21340,11:30,14:00,90,COMPLETE,5,0,UNCHANGED,0.0,AVAILABLE,1.0,True,DOWN_STRUCTURE,,VOLUME_EXPANSION|TRADING_VALUE_EXPANSION,IDENTIFIED,OBSERVATION_INSUFFICIENT,1,1,35,True,0,1,True,INHERITED_RAW_PRICE_BASIS,True,False
2025-08-04|21340,2025-08-04,21340,11:30,14:05,95,COMPLETE,5,0,UNCHANGED,0.0,AVAILABLE,1.0,True,DOWN_STRUCTURE,,CHOPPINESS|VOLUME_COMPRESSION|TRADING_VALUE_COMPRESSION,IDENTIFIED,OBSERVATION_INSUFFICIENT,1,1,39,True,0,6,True,INHERITED_RAW_PRICE_BASIS,True,False
2025-08-04|21340,2025-08-04,21340,11:30,14:10,100,PARTIAL,4,1,,,AVAILABLE,1.0,True,,,,UNRESOLVED_STRUCTURE,WINDOW_OBSERVED,0,1,1,False,0,2,False,INHERITED_RAW_PRICE_BASIS,False,False
2025-08-04|21340,2025-08-04,21340,11:30,14:15,105,COMPLETE,5,0,UNCHANGED,0.0,AVAILABLE,1.0,True,,,,UNRESOLVED_STRUCTURE,WINDOW_OBSERVED,0,1,1,False,0,0,False,INHERITED_RAW_PRICE_BASIS,False,False
2025-08-04|21340,2025-08-04,21340,11:30,14:20,110,COMPLETE,5,0,UP,1.1904761904761905,AVAILABLE,1.0,True,,,VOLUME_COMPRESSION|TRADING_VALUE_COMPRESSION,UNRESOLVED_STRUCTURE,WINDOW_OBSERVED,0,1,3,False,0,0,False,INHERITED_RAW_PRICE_BASIS,True,False
2025-08-04|21340,2025-08-04,21340,11:30,14:25,115,COMPLETE,5,0,UP,1.1904761904761905,AVAILABLE,1.0,True,,,VOLUME_EXPANSION|TRADING_VALUE_EXPANSION,UNRESOLVED_STRUCTURE,WINDOW_OBSERVED,0,1,5,False,0,2,False,INHERITED_RAW_PRICE_BASIS,True,False
2025-08-04|21340,2025-08-04,21340,11:30,14:30,120,COMPLETE,5,0,UNCHANGED,0.0,AVAILABLE,1.0,True,,,CHOPPINESS|VOLUME_EXPANSION|TRADING_VALUE_EXPANSION,UNRESOLVED_STRUCTURE,WINDOW_OBSERVED,0,1,9,False,0,4,False,INHERITED_RAW_PRICE_BASIS,True,False
2025-08-04|21340,2025-08-04,21340,11:30,14:35,125,COMPLETE,5,0,UNCHANGED,0.0,AVAILABLE,1.0,True,,,CHOPPINESS|VOLUME_EXPANSION|TRADING_VALUE_EXPANSION,UNRESOLVED_STRUCTURE,WINDOW_OBSERVED,0,0,12,False,0,4,False,INHERITED_RAW_PRICE_BASIS,True,False
2025-08-04|21340,2025-08-04,21340,11:30,14:40,130,COMPLETE,5,0,UP,1.1764705882352942,AVAILABLE,1.0,True,,,VOLUME_COMPRESSION|TRADING_VALUE_COMPRESSION,UNRESOLVED_STRUCTURE,WINDOW_OBSERVED,0,1,13,False,0,1,False,INHERITED_RAW_PRICE_BASIS,True,False
2025-08-04|21340,2025-08-04,21340,11:30,14:45,135,COMPLETE,5,0,UNCHANGED,0.0,AVAILABLE,1.0,True,UP_STRUCTURE,,RANGE_EXPANSION|VOLUME_EXPANSION|TRADING_VALUE_EXPANSION,IDENTIFIED,WINDOW_OBSERVED,0,1,15,True,0,1,True,INHERITED_RAW_PRICE_BASIS,True,False
2025-08-04|21340,2025-08-04,21340,11:30,14:50,140,COMPLETE,5,0,UNCHANGED,0.0,AVAILABLE,1.0,True,UP_STRUCTURE,,RANGE_COMPRESSION|VOLUME_COMPRESSION|TRADING_VALUE_COMPRESSION,IDENTIFIED,WINDOW_OBSERVED,0,1,17,True,0,3,True,INHERITED_RAW_PRICE_BASIS,True,False
2025-08-04|21340,2025-08-04,21340,11:30,14:55,145,COMPLETE,5,0,DOWN,-1.1627906976744187,AVAILABLE,1.0,True,DOWN_STRUCTURE,,RANGE_EXPANSION|VOLUME_EXPANSION|TRADING_VALUE_EXPANSION,IDENTIFIED,WINDOW_OBSERVED,0,1,19,True,0,4,True,INHERITED_RAW_PRICE_BASIS,True,False
2025-08-04|21340,2025-08-04,21340,11:30,15:00,150,COMPLETE,5,0,DOWN,-1.1764705882352942,AVAILABLE,1.0,True,DOWN_STRUCTURE,,RANGE_COMPRESSION|VOLUME_COMPRESSION|TRADING_VALUE_COMPRESSION,IDENTIFIED,WINDOW_OBSERVED,0,1,20,True,0,0,True,INHERITED_RAW_PRICE_BASIS,True,False
2025-08-04|21340,2025-08-04,21340,11:30,15:05,155,COMPLETE,5,0,UNCHANGED,0.0,AVAILABLE,1.0,True,DOWN_STRUCTURE,CORRECTION,VOLUME_COMPRESSION|TRADING_VALUE_COMPRESSION,IDENTIFIED,WINDOW_OBSERVED,0,0,20,True,0,2,True,INHERITED_RAW_PRICE_BASIS,True,True
2025-08-04|21340,2025-08-04,21340,11:30,15:10,160,COMPLETE,5,0,UP,1.1904761904761905,AVAILABLE,1.0,True,DOWN_STRUCTURE,,VOLUME_EXPANSION|TRADING_VALUE_EXPANSION,IDENTIFIED,WINDOW_OBSERVED,0,1,21,True,0,0,True,INHERITED_RAW_PRICE_BASIS,True,True
2025-08-04|21340,2025-08-04,21340,11:30,15:15,165,COMPLETE,5,0,UNCHANGED,0.0,AVAILABLE,1.0,True,DOWN_STRUCTURE,,RANGE_EXPANSION|VOLUME_COMPRESSION|TRADING_VALUE_COMPRESSION,IDENTIFIED,WINDOW_OBSERVED,0,1,21,True,1,0,True,INHERITED_RAW_PRICE_BASIS,True,False
2025-08-04|21340,2025-08-04,21340,11:30,15:20,170,COMPLETE,5,0,DOWN,-1.1764705882352942,AVAILABLE,1.0,True,DOWN_STRUCTURE,,RANGE_COMPRESSION,IDENTIFIED,RIGHT_CENSORED,0,1,22,True,0,1,True,INHERITED_RAW_PRICE_BASIS,True,False
2025-08-04|21340,2025-08-04,21340,11:30,15:25,175,COMPLETE,5,0,DOWN,-1.1764705882352942,AVAILABLE,1.0,True,DOWN_STRUCTURE,PROGRESSION,VOLUME_EXPANSION|TRADING_VALUE_EXPANSION,IDENTIFIED,RIGHT_CENSORED,0,0,23,True,0,3,True,INHERITED_RAW_PRICE_BASIS,True,True
2025-08-04|219A0,2025-08-04,219A0,10:30,10:30,0,COMPLETE,5,0,DOWN,-0.7153075822603719,AVAILABLE,15.0,True,DOWN_STRUCTURE,,RANGE_COMPRESSION|VOLUME_COMPRESSION|TRADING_VALUE_COMPRESSION,IDENTIFIED,WINDOW_OBSERVED,0,1,4,False,0,0,True,INHERITED_RAW_PRICE_BASIS,False,False
2025-08-04|219A0,2025-08-04,219A0,10:30,10:35,5,COMPLETE,5,0,UP,0.14388489208633093,AVAILABLE,15.0,True,DOWN_STRUCTURE,CORRECTION|RECOVERY,RANGE_COMPRESSION,IDENTIFIED,WINDOW_OBSERVED,0,1,4,False,0,0,True,INHERITED_RAW_PRICE_BASIS,True,True
2025-08-04|219A0,2025-08-04,219A0,10:30,10:40,10,COMPLETE,5,0,UP,0.28694404591104733,AVAILABLE,15.0,True,DOWN_STRUCTURE,PROGRESSION,VOLUME_COMPRESSION|TRADING_VALUE_COMPRESSION,IDENTIFIED,WINDOW_OBSERVED,0,1,5,False,0,2,True,INHERITED_RAW_PRICE_BASIS,True,True
2025-08-04|219A0,2025-08-04,219A0,10:30,10:45,15,COMPLETE,5,0,DOWN,-0.7153075822603719,AVAILABLE,15.0,True,DOWN_STRUCTURE,PROGRESSION,RANGE_EXPANSION|VOLUME_EXPANSION|TRADING_VALUE_EXPANSION,IDENTIFIED,WINDOW_OBSERVED,0,0,5,False,0,0,True,INHERITED_RAW_PRICE_BASIS,True,False
2025-08-04|219A0,2025-08-04,219A0,10:30,10:50,20,COMPLETE,5,0,DOWN,-0.2886002886002886,AVAILABLE,15.0,True,DOWN_STRUCTURE,,RANGE_EXPANSION|VOLUME_EXPANSION|TRADING_VALUE_EXPANSION,IDENTIFIED,WINDOW_OBSERVED,0,1,7,False,1,2,True,INHERITED_RAW_PRICE_BASIS,True,True
2025-08-04|219A0,2025-08-04,219A0,10:30,10:55,25,COMPLETE,5,0,DOWN,-1.0144927536231885,AVAILABLE,15.0,True,DOWN_STRUCTURE,,,IDENTIFIED,WINDOW_OBSERVED,0,1,8,False,4,2,True,INHERITED_RAW_PRICE_BASIS,True,False
2025-08-04|219A0,2025-08-04,219A0,10:30,11:00,30,COMPLETE,5,0,UP,0.14641288433382138,AVAILABLE,15.0,True,DOWN_STRUCTURE,CORRECTION|RECOVERY,RANGE_COMPRESSION|VOLUME_COMPRESSION|TRADING_VALUE_COMPRESSION,IDENTIFIED,WINDOW_OBSERVED,0,0,8,False,1,1,True,INHERITED_RAW_PRICE_BASIS,True,True
2025-08-04|219A0,2025-08-04,219A0,10:30,11:05,35,COMPLETE,5,0,UP,0.291970802919708,AVAILABLE,15.0,True,DOWN_STRUCTURE,CORRECTION|RECOVERY,RANGE_COMPRESSION|VOLUME_COMPRESSION|TRADING_VALUE_COMPRESSION,IDENTIFIED,WINDOW_OBSERVED,0,0,8,False,0,0,True,INHERITED_RAW_PRICE_BASIS,True,False
2025-08-04|219A0,2025-08-04,219A0,10:30,11:10,40,COMPLETE,5,0,UNCHANGED,0.0,AVAILABLE,15.0,True,DOWN_STRUCTURE,CORRECTION|RECOVERY,RANGE_COMPRESSION|VOLUME_COMPRESSION|TRADING_VALUE_COMPRESSION,IDENTIFIED,WINDOW_OBSERVED,0,0,8,False,0,0,True,INHERITED_RAW_PRICE_BASIS,True,False
2025-08-04|219A0,2025-08-04,219A0,10:30,11:15,45,COMPLETE,5,0,UP,0.29112081513828236,AVAILABLE,15.0,True,DOWN_STRUCTURE,CORRECTION|RECOVERY,RANGE_EXPANSION,IDENTIFIED,OBSERVATION_INSUFFICIENT,1,0,8,False,0,0,True,INHERITED_RAW_PRICE_BASIS,True,False
2025-08-04|219A0,2025-08-04,219A0,10:30,11:20,50,COMPLETE,5,0,UNCHANGED,0.0,AVAILABLE,15.0,True,DOWN_STRUCTURE,CORRECTION|RECOVERY,,IDENTIFIED,OBSERVATION_INSUFFICIENT,1,0,8,False,0,0,True,INHERITED_RAW_PRICE_BASIS,True,False
2025-08-04|219A0,2025-08-04,219A0,10:30,11:25,55,PARTIAL,4,1,,,AVAILABLE,15.0,True,,,,UNRESOLVED_STRUCTURE,WINDOW_OBSERVED,0,1,1,False,0,1,False,INHERITED_RAW_PRICE_BASIS,False,False
2025-08-04|219A0,2025-08-04,219A0,10:30,11:30,60,COMPLETE,5,0,UP,0.28901734104046245,AVAILABLE,15.0,True,,,,UNRESOLVED_STRUCTURE,WINDOW_OBSERVED,0,0,1,False,0,0,False,INHERITED_RAW_PRICE_BASIS,False,False
2025-08-04|219A0,2025-08-04,219A0,10:30,12:35,65,COMPLETE,5,0,DOWN,-0.4316546762589928,AVAILABLE,15.0,True,,,CHOPPINESS,UNRESOLVED_STRUCTURE,OBSERVATION_INSUFFICIENT,1,1,1,False,0,0,False,INHERITED_RAW_PRICE_BASIS,True,False
2025-08-04|219A0,2025-08-04,219A0,10:30,12:40,70,COMPLETE,5,0,UP,0.1443001443001443,AVAILABLE,15.0,True,,,CHOPPINESS|RANGE_COMPRESSION|VOLUME_COMPRESSION|TRADING_VALUE_COMPRESSION,UNRESOLVED_STRUCTURE,OBSERVATION_INSUFFICIENT,2,1,2,False,0,0,False,INHERITED_RAW_PRICE_BASIS,True,False
2025-08-04|219A0,2025-08-04,219A0,10:30,12:45,75,PARTIAL,4,1,,,AVAILABLE,15.0,True,,,,UNRESOLVED_STRUCTURE,OBSERVATION_INSUFFICIENT,1,0,0,False,1,0,False,INHERITED_RAW_PRICE_BASIS,False,False
2025-08-04|219A0,2025-08-04,219A0,10:30,12:50,80,PARTIAL,4,1,,,AVAILABLE,15.0,True,,,,CURRENT_BAR_UNAVAILABLE,WINDOW_OBSERVED,0,0,0,False,0,0,False,INHERITED_RAW_PRICE_BASIS,False,False
2025-08-04|219A0,2025-08-04,219A0,10:30,12:55,85,COMPLETE,5,0,UNCHANGED,0.0,AVAILABLE,15.0,True,,,CHOPPINESS,UNRESOLVED_STRUCTURE,WINDOW_OBSERVED,0,1,1,False,0,0,False,INHERITED_RAW_PRICE_BASIS,False,False
2025-08-04|219A0,2025-08-04,219A0,10:30,13:00,90,COMPLETE,5,0,UP,0.43541364296081275,AVAILABLE,15.0,True,,,RANGE_EXPANSION,UNRESOLVED_STRUCTURE,WINDOW_OBSERVED,0,0,1,False,0,0,False,INHERITED_RAW_PRICE_BASIS,True,False
2025-08-04|219A0,2025-08-04,219A0,10:30,13:05,95,COMPLETE,5,0,UNCHANGED,0.0,AVAILABLE,15.0,True,,,RANGE_COMPRESSION|VOLUME_COMPRESSION|TRADING_VALUE_COMPRESSION,UNRESOLVED_STRUCTURE,WINDOW_OBSERVED,0,1,2,False,0,0,False,INHERITED_RAW_PRICE_BASIS,True,False
2025-08-04|219A0,2025-08-04,219A0,10:30,13:10,100,COMPLETE,5,0,DOWN,-0.28901734104046245,AVAILABLE,15.0,True,,,RANGE_EXPANSION|VOLUME_EXPANSION|TRADING_VALUE_EXPANSION,UNRESOLVED_STRUCTURE,OBSERVATION_INSUFFICIENT,2,1,2,False,0,0,False,INHERITED_RAW_PRICE_BASIS,True,False
2025-08-04|219A0,2025-08-04,219A0,10:30,13:15,105,COMPLETE,5,0,DOWN,-0.2898550724637681,AVAILABLE,15.0,True,,,,UNRESOLVED_STRUCTURE,OBSERVATION_INSUFFICIENT,2,0,2,False,0,1,False,INHERITED_RAW_PRICE_BASIS,True,False
2025-08-04|219A0,2025-08-04,219A0,10:30,13:20,110,PARTIAL,3,2,,,AVAILABLE,15.0,True,,,,CURRENT_BAR_UNAVAILABLE,WINDOW_OBSERVED,0,0,0,False,0,1,False,INHERITED_RAW_PRICE_BASIS,False,False
2025-08-04|219A0,2025-08-04,219A0,10:30,13:25,115,COMPLETE,5,0,UP,0.29069767441860467,AVAILABLE,15.0,True,,,,UNRESOLVED_STRUCTURE,WINDOW_OBSERVED,0,0,1,False,0,0,False,INHERITED_RAW_PRICE_BASIS,False,False
2025-08-04|219A0,2025-08-04,219A0,10:30,13:30,120,COMPLETE,5,0,UP,0.5788712011577424,AVAILABLE,15.0,True,,,RANGE_EXPANSION|VOLUME_EXPANSION|TRADING_VALUE_EXPANSION,UNRESOLVED_STRUCTURE,OBSERVATION_INSUFFICIENT,2,0,1,False,0,0,False,INHERITED_RAW_PRICE_BASIS,True,False
2025-08-04|219A0,2025-08-04,219A0,10:30,13:35,125,COMPLETE,5,0,UP,0.14388489208633093,AVAILABLE,15.0,True,,,RANGE_COMPRESSION|VOLUME_COMPRESSION|TRADING_VALUE_COMPRESSION,UNRESOLVED_STRUCTURE,OBSERVATION_INSUFFICIENT,5,0,1,False,0,0,False,INHERITED_RAW_PRICE_BASIS,True,False
2025-08-04|219A0,2025-08-04,219A0,10:30,13:40,130,PARTIAL,3,2,,,AVAILABLE,15.0,True,,,,UNRESOLVED_STRUCTURE,OBSERVATION_INSUFFICIENT,4,0,0,False,0,0,False,INHERITED_RAW_PRICE_BASIS,False,False
2025-08-04|219A0,2025-08-04,219A0,10:30,13:45,135,PARTIAL,2,3,,,AVAILABLE,15.0,True,,,,CURRENT_BAR_UNAVAILABLE,OBSERVATION_INSUFFICIENT,1,0,0,False,0,0,False,INHERITED_RAW_PRICE_BASIS,False,False
2025-08-04|219A0,2025-08-04,219A0,10:30,13:50,140,PARTIAL,4,1,,,AVAILABLE,15.0,True,,,,UNRESOLVED_STRUCTURE,WINDOW_OBSERVED,0,1,1,False,0,0,False,INHERITED_RAW_PRICE_BASIS,False,False
2025-08-04|219A0,2025-08-04,219A0,10:30,13:55,145,COMPLETE,5,0,UP,0.14326647564469913,AVAILABLE,15.0,True,,,,UNRESOLVED_STRUCTURE,OBSERVATION_INSUFFICIENT,1,0,1,False,0,0,False,INHERITED_RAW_PRICE_BASIS,False,False
2025-08-04|219A0,2025-08-04,219A0,10:30,14:00,150,COMPLETE,5,0,DOWN,-0.1430615164520744,AVAILABLE,15.0,True,,,RANGE_COMPRESSION|VOLUME_COMPRESSION|TRADING_VALUE_COMPRESSION,UNRESOLVED_STRUCTURE,OBSERVATION_INSUFFICIENT,2,0,1,False,0,0,False,INHERITED_RAW_PRICE_BASIS,True,False
2025-08-04|219A0,2025-08-04,219A0,10:30,14:05,155,PARTIAL,4,1,,,AVAILABLE,15.0,True,,,,UNRESOLVED_STRUCTURE,OBSERVATION_INSUFFICIENT,3,0,0,False,0,0,False,INHERITED_RAW_PRICE_BASIS,False,False
2025-08-04|219A0,2025-08-04,219A0,10:30,14:10,160,PARTIAL,4,1,,,AVAILABLE,15.0,True,,,,UNRESOLVED_STRUCTURE,OBSERVATION_INSUFFICIENT,6,0,0,False,0,0,False,INHERITED_RAW_PRICE_BASIS,False,False
2025-08-04|219A0,2025-08-04,219A0,10:30,14:15,165,PARTIAL,3,2,,,AVAILABLE,15.0,True,,,,UNRESOLVED_STRUCTURE,OBSERVATION_INSUFFICIENT,6,0,0,False,0,0,False,INHERITED_RAW_PRICE_BASIS,False,False
2025-08-04|219A0,2025-08-04,219A0,10:30,14:20,170,PARTIAL,1,4,,,AVAILABLE,15.0,True,,,,CURRENT_BAR_UNAVAILABLE,OBSERVATION_INSUFFICIENT,3,0,0,False,0,0,False,INHERITED_RAW_PRICE_BASIS,False,False
2025-08-04|219A0,2025-08-04,219A0,10:30,14:25,175,PARTIAL,3,2,,,AVAILABLE,15.0,True,,,,UNRESOLVED_STRUCTURE,OBSERVATION_INSUFFICIENT,3,0,0,False,0,0,False,INHERITED_RAW_PRICE_BASIS,False,False
2025-08-04|219A0,2025-08-04,219A0,10:30,14:30,180,PARTIAL,4,1,,,AVAILABLE,15.0,True,,,,UNRESOLVED_STRUCTURE,OBSERVATION_INSUFFICIENT,4,0,0,False,0,0,False,INHERITED_RAW_PRICE_BASIS,False,False
2025-08-04|219A0,2025-08-04,219A0,10:30,14:35,185,PARTIAL,3,2,,,AVAILABLE,15.0,True,,,,UNRESOLVED_STRUCTURE,OBSERVATION_INSUFFICIENT,2,0,0,False,0,0,False,INHERITED_RAW_PRICE_BASIS,False,False
2025-08-04|219A0,2025-08-04,219A0,10:30,14:40,190,PARTIAL,3,2,,,AVAILABLE,15.0,True,,,,UNRESOLVED_STRUCTURE,WINDOW_OBSERVED,0,0,1,False,0,0,False,INHERITED_RAW_PRICE_BASIS,False,False
2025-08-04|219A0,2025-08-04,219A0,10:30,14:45,195,COMPLETE,5,0,DOWN,-0.5755395683453237,AVAILABLE,15.0,True,,,,UNRESOLVED_STRUCTURE,WINDOW_OBSERVED,0,0,1,False,0,0,False,INHERITED_RAW_PRICE_BASIS,False,False
2025-08-04|219A0,2025-08-04,219A0,10:30,14:50,200,COMPLETE,5,0,UNCHANGED,0.0,AVAILABLE,15.0,True,,,RANGE_COMPRESSION,UNRESOLVED_STRUCTURE,WINDOW_OBSERVED,0,0,1,False,0,0,False,INHERITED_RAW_PRICE_BASIS,True,False
2025-08-04|219A0,2025-08-04,219A0,10:30,14:55,205,COMPLETE,5,0,DOWN,-0.4341534008683068,AVAILABLE,15.0,True,,,RANGE_EXPANSION,UNRESOLVED_STRUCTURE,WINDOW_OBSERVED,0,0,1,False,0,0,False,INHERITED_RAW_PRICE_BASIS,True,False
2025-08-04|219A0,2025-08-04,219A0,10:30,15:00,210,COMPLETE,5,0,DOWN,-0.14513788098693758,AVAILABLE,15.0,True,,,RANGE_COMPRESSION|VOLUME_COMPRESSION|TRADING_VALUE_COMPRESSION,UNRESOLVED_STRUCTURE,WINDOW_OBSERVED,0,0,1,False,0,0,False,INHERITED_RAW_PRICE_BASIS,True,False
2025-08-04|219A0,2025-08-04,219A0,10:30,15:05,215,COMPLETE,5,0,DOWN,-0.14534883720930233,AVAILABLE,15.0,True,,,RANGE_EXPANSION|VOLUME_EXPANSION|TRADING_VALUE_EXPANSION,UNRESOLVED_STRUCTURE,WINDOW_OBSERVED,0,0,1,False,0,0,False,INHERITED_RAW_PRICE_BASIS,True,False
2025-08-04|219A0,2025-08-04,219A0,10:30,15:10,220,COMPLETE,5,0,DOWN,-0.7288629737609329,AVAILABLE,15.0,True,,,VOLUME_EXPANSION|TRADING_VALUE_EXPANSION,UNRESOLVED_STRUCTURE,WINDOW_OBSERVED,0,0,1,False,1,1,False,INHERITED_RAW_PRICE_BASIS,True,False
2025-08-04|219A0,2025-08-04,219A0,10:30,15:15,225,COMPLETE,5,0,DOWN,-0.5865102639296188,AVAILABLE,15.0,True,,,VOLUME_EXPANSION|TRADING_VALUE_EXPANSION,UNRESOLVED_STRUCTURE,WINDOW_OBSERVED,0,0,1,False,2,3,False,INHERITED_RAW_PRICE_BASIS,True,False
2025-08-04|219A0,2025-08-04,219A0,10:30,15:20,230,COMPLETE,5,0,DOWN,-0.4424778761061947,AVAILABLE,15.0,True,,RECOVERY,,UNRESOLVED_STRUCTURE,RIGHT_CENSORED,0,1,2,False,2,1,True,INHERITED_RAW_PRICE_BASIS,True,True
2025-08-04|219A0,2025-08-04,219A0,10:30,15:25,235,COMPLETE,5,0,UP,0.2962962962962963,AVAILABLE,15.0,True,,RECOVERY,CHOPPINESS|RANGE_COMPRESSION|VOLUME_COMPRESSION|TRADING_VALUE_COMPRESSION,UNRESOLVED_STRUCTURE,RIGHT_CENSORED,0,0,2,False,0,0,True,INHERITED_RAW_PRICE_BASIS,True,False
2025-08-04|23340,2025-08-04,23340,13:30,13:30,0,COMPLETE,5,0,DOWN,-0.6459948320413437,AVAILABLE,45.0,True,,,CHOPPINESS,UNRESOLVED_STRUCTURE,OBSERVATION_INSUFFICIENT,3,0,3,False,1,2,False,INHERITED_RAW_PRICE_BASIS,False,False
2025-08-04|23340,2025-08-04,23340,13:30,13:35,5,PARTIAL,3,2,,,AVAILABLE,45.0,True,,,,UNRESOLVED_STRUCTURE,OBSERVATION_INSUFFICIENT,3,1,1,False,0,0,False,INHERITED_RAW_PRICE_BASIS,False,False
2025-08-04|23340,2025-08-04,23340,13:30,13:40,10,PARTIAL,4,1,,,AVAILABLE,45.0,True,,,,CURRENT_BAR_UNAVAILABLE,OBSERVATION_INSUFFICIENT,3,0,0,False,0,1,False,INHERITED_RAW_PRICE_BASIS,False,False
2025-08-04|23340,2025-08-04,23340,13:30,13:45,15,PARTIAL,3,2,,,AVAILABLE,45.0,True,,,,UNRESOLVED_STRUCTURE,OBSERVATION_INSUFFICIENT,5,0,0,False,1,0,False,INHERITED_RAW_PRICE_BASIS,False,False
2025-08-04|23340,2025-08-04,23340,13:30,13:50,20,PARTIAL,4,1,,,AVAILABLE,45.0,True,,,,UNRESOLVED_STRUCTURE,OBSERVATION_INSUFFICIENT,5,0,0,False,0,0,False,INHERITED_RAW_PRICE_BASIS,False,False
2025-08-04|23340,2025-08-04,23340,13:30,13:55,25,PARTIAL,1,4,,,AVAILABLE,45.0,True,,,,UNRESOLVED_STRUCTURE,OBSERVATION_INSUFFICIENT,2,0,0,False,0,0,False,INHERITED_RAW_PRICE_BASIS,False,False
2025-08-04|23340,2025-08-04,23340,13:30,14:00,30,PARTIAL,4,1,,,AVAILABLE,45.0,True,,,,UNRESOLVED_STRUCTURE,OBSERVATION_INSUFFICIENT,2,0,0,False,0,0,False,INHERITED_RAW_PRICE_BASIS,False,False
2025-08-04|23340,2025-08-04,23340,13:30,14:05,35,PARTIAL,4,1,,,AVAILABLE,45.0,True,,,,UNRESOLVED_STRUCTURE,OBSERVATION_INSUFFICIENT,3,0,0,False,0,0,False,INHERITED_RAW_PRICE_BASIS,False,False
2025-08-04|23340,2025-08-04,23340,13:30,14:10,40,PARTIAL,4,1,,,AVAILABLE,45.0,True,,,,UNRESOLVED_STRUCTURE,OBSERVATION_INSUFFICIENT,3,0,0,False,0,1,False,INHERITED_RAW_PRICE_BASIS,False,False
2025-08-04|23340,2025-08-04,23340,13:30,14:15,45,PARTIAL,3,2,,,AVAILABLE,45.0,True,,,,UNRESOLVED_STRUCTURE,OBSERVATION_INSUFFICIENT,1,0,0,False,0,0,False,INHERITED_RAW_PRICE_BASIS,False,False
2025-08-04|23340,2025-08-04,23340,13:30,14:20,50,PARTIAL,4,1,,,AVAILABLE,45.0,True,,,,UNRESOLVED_STRUCTURE,OBSERVATION_INSUFFICIENT,3,0,0,False,0,0,False,INHERITED_RAW_PRICE_BASIS,False,False
2025-08-04|23340,2025-08-04,23340,13:30,14:25,55,COMPLETE,5,0,DOWN,-0.1287001287001287,AVAILABLE,45.0,True,,,,UNRESOLVED_STRUCTURE,OBSERVATION_INSUFFICIENT,5,0,0,False,0,0,False,INHERITED_RAW_PRICE_BASIS,False,False
2025-08-04|23340,2025-08-04,23340,13:30,14:30,60,PARTIAL,2,3,,,AVAILABLE,45.0,True,,,,CURRENT_BAR_UNAVAILABLE,OBSERVATION_INSUFFICIENT,4,0,0,False,0,0,False,INHERITED_RAW_PRICE_BASIS,False,False
2025-08-04|23340,2025-08-04,23340,13:30,14:35,65,PARTIAL,3,2,,,AVAILABLE,45.0,True,,,,UNRESOLVED_STRUCTURE,OBSERVATION_INSUFFICIENT,5,0,0,False,0,0,False,INHERITED_RAW_PRICE_BASIS,False,False
2025-08-04|23340,2025-08-04,23340,13:30,14:40,70,PARTIAL,3,2,,,AVAILABLE,45.0,True,,,,UNRESOLVED_STRUCTURE,OBSERVATION_INSUFFICIENT,4,0,0,False,0,0,False,INHERITED_RAW_PRICE_BASIS,False,False
2025-08-04|23340,2025-08-04,23340,13:30,14:45,75,PARTIAL,2,3,,,AVAILABLE,45.0,True,,,,UNRESOLVED_STRUCTURE,OBSERVATION_INSUFFICIENT,2,0,0,False,0,0,False,INHERITED_RAW_PRICE_BASIS,False,False
2025-08-04|23340,2025-08-04,23340,13:30,14:50,80,PARTIAL,4,1,,,AVAILABLE,45.0,True,,,,CURRENT_BAR_UNAVAILABLE,OBSERVATION_INSUFFICIENT,1,0,0,False,0,0,False,INHERITED_RAW_PRICE_BASIS,False,False
2025-08-04|23340,2025-08-04,23340,13:30,14:55,85,PARTIAL,4,1,,,AVAILABLE,45.0,True,,,,UNRESOLVED_STRUCTURE,OBSERVATION_INSUFFICIENT,3,0,0,False,0,0,False,INHERITED_RAW_PRICE_BASIS,False,False
2025-08-04|23340,2025-08-04,23340,13:30,15:00,90,COMPLETE,5,0,DOWN,-0.3851091142490372,AVAILABLE,45.0,True,,,,UNRESOLVED_STRUCTURE,OBSERVATION_INSUFFICIENT,5,0,0,False,0,0,False,INHERITED_RAW_PRICE_BASIS,False,False
2025-08-04|23340,2025-08-04,23340,13:30,15:05,95,PARTIAL,2,3,,,AVAILABLE,45.0,True,,,,CURRENT_BAR_UNAVAILABLE,OBSERVATION_INSUFFICIENT,3,0,0,False,0,0,False,INHERITED_RAW_PRICE_BASIS,False,False
2025-08-04|23340,2025-08-04,23340,13:30,15:10,100,PARTIAL,3,2,,,AVAILABLE,45.0,True,,,,UNRESOLVED_STRUCTURE,OBSERVATION_INSUFFICIENT,3,0,0,False,0,0,False,INHERITED_RAW_PRICE_BASIS,False,False
2025-08-04|23340,2025-08-04,23340,13:30,15:15,105,PARTIAL,4,1,,,AVAILABLE,45.0,True,,,,UNRESOLVED_STRUCTURE,OBSERVATION_INSUFFICIENT,2,0,0,False,0,0,False,INHERITED_RAW_PRICE_BASIS,False,False
2025-08-04|23340,2025-08-04,23340,13:30,15:20,110,PARTIAL,3,2,,,AVAILABLE,45.0,True,,,,CURRENT_BAR_UNAVAILABLE,RIGHT_CENSORED,0,0,0,False,0,0,False,INHERITED_RAW_PRICE_BASIS,False,False
2025-08-04|23340,2025-08-04,23340,13:30,15:25,115,COMPLETE,5,0,DOWN,-0.38809831824062097,AVAILABLE,45.0,True,,,,UNRESOLVED_STRUCTURE,RIGHT_CENSORED,0,0,0,False,0,0,False,INHERITED_RAW_PRICE_BASIS,False,False
2025-08-04|23380,2025-08-04,23380,13:30,13:30,0,PARTIAL,2,3,,,SCALE_INSUFFICIENT,,True,,,,SCALE_UNAVAILABLE,OBSERVATION_INSUFFICIENT,2,0,0,False,2,0,False,INHERITED_RAW_PRICE_BASIS,False,False
2025-08-04|23380,2025-08-04,23380,13:30,13:35,5,PARTIAL,4,1,,,SCALE_INSUFFICIENT,,True,,,,SCALE_UNAVAILABLE,OBSERVATION_INSUFFICIENT,4,0,0,False,0,2,False,INHERITED_RAW_PRICE_BASIS,False,False
2025-08-04|23380,2025-08-04,23380,13:30,13:40,10,PARTIAL,4,1,,,SCALE_INSUFFICIENT,,True,,,,CURRENT_BAR_UNAVAILABLE,OBSERVATION_INSUFFICIENT,6,0,0,False,2,0,False,INHERITED_RAW_PRICE_BASIS,False,False
2025-08-04|23380,2025-08-04,23380,13:30,13:45,15,PARTIAL,2,3,,,SCALE_INSUFFICIENT,,True,,,,CURRENT_BAR_UNAVAILABLE,OBSERVATION_INSUFFICIENT,8,0,0,False,0,2,False,INHERITED_RAW_PRICE_BASIS,False,False
2025-08-04|23380,2025-08-04,23380,13:30,13:50,20,PARTIAL,2,3,,,SCALE_INSUFFICIENT,,True,,,,SCALE_UNAVAILABLE,OBSERVATION_INSUFFICIENT,9,0,0,False,0,0,False,INHERITED_RAW_PRICE_BASIS,False,False
2025-08-04|23380,2025-08-04,23380,13:30,13:55,25,UNAVAILABLE,0,5,,,SCALE_INSUFFICIENT,,True,,,,CURRENT_BAR_UNAVAILABLE,OBSERVATION_INSUFFICIENT,6,0,0,False,0,0,False,INHERITED_RAW_PRICE_BASIS,False,False
2025-08-04|23380,2025-08-04,23380,13:30,14:00,30,PARTIAL,1,4,,,SCALE_INSUFFICIENT,,True,,,,CURRENT_BAR_UNAVAILABLE,OBSERVATION_INSUFFICIENT,6,0,0,False,0,0,False,INHERITED_RAW_PRICE_BASIS,False,False
2025-08-04|23380,2025-08-04,23380,13:30,14:05,35,PARTIAL,3,2,,,SCALE_INSUFFICIENT,,True,,,,SCALE_UNAVAILABLE,OBSERVATION_INSUFFICIENT,8,0,0,False,0,0,False,INHERITED_RAW_PRICE_BASIS,False,False
2025-08-04|23380,2025-08-04,23380,13:30,14:10,40,PARTIAL,1,4,,,SCALE_INSUFFICIENT,,True,,,,CURRENT_BAR_UNAVAILABLE,OBSERVATION_INSUFFICIENT,9,0,0,False,0,0,False,INHERITED_RAW_PRICE_BASIS,False,False
2025-08-04|23380,2025-08-04,23380,13:30,14:15,45,PARTIAL,1,4,,,SCALE_INSUFFICIENT,,True,,,,SCALE_UNAVAILABLE,OBSERVATION_INSUFFICIENT,10,0,0,False,0,0,False,INHERITED_RAW_PRICE_BASIS,False,False
2025-08-04|23380,2025-08-04,23380,13:30,14:20,50,UNAVAILABLE,0,5,,,SCALE_INSUFFICIENT,,True,,,,CURRENT_BAR_UNAVAILABLE,OBSERVATION_INSUFFICIENT,10,0,0,False,0,0,False,INHERITED_RAW_PRICE_BASIS,False,False
2025-08-04|23380,2025-08-04,23380,13:30,14:25,55,UNAVAILABLE,0,5,,,SCALE_INSUFFICIENT,,True,,,,CURRENT_BAR_UNAVAILABLE,OBSERVATION_INSUFFICIENT,8,0,0,False,0,0,False,INHERITED_RAW_PRICE_BASIS,False,False
2025-08-04|23380,2025-08-04,23380,13:30,14:30,60,UNAVAILABLE,0,5,,,SCALE_INSUFFICIENT,,True,,,,CURRENT_BAR_UNAVAILABLE,OBSERVATION_INSUFFICIENT,6,0,0,False,0,0,False,INHERITED_RAW_PRICE_BASIS,False,False
2025-08-04|23380,2025-08-04,23380,13:30,14:35,65,PARTIAL,2,3,,,SCALE_INSUFFICIENT,,True,,,,CURRENT_BAR_UNAVAILABLE,OBSERVATION_INSUFFICIENT,4,0,0,False,0,0,False,INHERITED_RAW_PRICE_BASIS,False,False
2025-08-04|23380,2025-08-04,23380,13:30,14:40,70,PARTIAL,2,3,,,SCALE_INSUFFICIENT,,True,,,,CURRENT_BAR_UNAVAILABLE,OBSERVATION_INSUFFICIENT,3,0,0,False,0,0,False,INHERITED_RAW_PRICE_BASIS,False,False
2025-08-04|23380,2025-08-04,23380,13:30,14:45,75,PARTIAL,4,1,,,SCALE_INSUFFICIENT,,True,,,,SCALE_UNAVAILABLE,OBSERVATION_INSUFFICIENT,5,0,0,False,0,0,False,INHERITED_RAW_PRICE_BASIS,False,False
2025-08-04|23380,2025-08-04,23380,13:30,14:50,80,PARTIAL,3,2,,,SCALE_INSUFFICIENT,,True,,,,CURRENT_BAR_UNAVAILABLE,OBSERVATION_INSUFFICIENT,5,0,0,False,0,0,False,INHERITED_RAW_PRICE_BASIS,False,False
2025-08-04|23380,2025-08-04,23380,13:30,14:55,85,PARTIAL,2,3,,,SCALE_INSUFFICIENT,,True,,,,CURRENT_BAR_UNAVAILABLE,OBSERVATION_INSUFFICIENT,4,0,0,False,0,0,False,INHERITED_RAW_PRICE_BASIS,False,False
2025-08-04|23380,2025-08-04,23380,13:30,15:00,90,PARTIAL,3,2,,,SCALE_INSUFFICIENT,,True,,,,SCALE_UNAVAILABLE,OBSERVATION_INSUFFICIENT,3,0,0,False,0,0,False,INHERITED_RAW_PRICE_BASIS,False,False
2025-08-04|23380,2025-08-04,23380,13:30,15:05,95,PARTIAL,3,2,,,SCALE_INSUFFICIENT,,True,,,,SCALE_UNAVAILABLE,OBSERVATION_INSUFFICIENT,2,0,0,False,0,0,False,INHERITED_RAW_PRICE_BASIS,False,False
2025-08-04|23380,2025-08-04,23380,13:30,15:10,100,PARTIAL,4,1,,,SCALE_INSUFFICIENT,,True,,,,CURRENT_BAR_UNAVAILABLE,OBSERVATION_INSUFFICIENT,3,0,0,False,0,0,False,INHERITED_RAW_PRICE_BASIS,False,False
2025-08-04|23380,2025-08-04,23380,13:30,15:15,105,PARTIAL,4,1,,,SCALE_INSUFFICIENT,,True,,,,SCALE_UNAVAILABLE,OBSERVATION_INSUFFICIENT,3,0,0,False,0,0,False,INHERITED_RAW_PRICE_BASIS,False,False
2025-08-04|23380,2025-08-04,23380,13:30,15:20,110,PARTIAL,3,2,,,SCALE_INSUFFICIENT,,True,,,,CURRENT_BAR_UNAVAILABLE,RIGHT_CENSORED,1,0,0,False,0,0,False,INHERITED_RAW_PRICE_BASIS,False,False
2025-08-04|23380,2025-08-04,23380,13:30,15:25,115,PARTIAL,4,1,,,SCALE_INSUFFICIENT,,True,,,,SCALE_UNAVAILABLE,RIGHT_CENSORED,0,0,0,False,0,0,False,INHERITED_RAW_PRICE_BASIS,False,False
2025-08-04|23490,2025-08-04,23490,14:00,14:00,0,PARTIAL,1,4,,,SCALE_INSUFFICIENT,,False,,,,CURRENT_BAR_UNAVAILABLE,OBSERVATION_INSUFFICIENT,10,0,0,False,0,0,False,INHERITED_RAW_PRICE_BASIS,False,False
2025-08-04|23490,2025-08-04,23490,14:00,14:05,5,UNAVAILABLE,0,5,,,SCALE_INSUFFICIENT,,False,,,,CURRENT_BAR_UNAVAILABLE,OBSERVATION_INSUFFICIENT,10,0,0,False,0,0,False,INHERITED_RAW_PRICE_BASIS,False,False
2025-08-04|23490,2025-08-04,23490,14:00,14:10,10,UNAVAILABLE,0,5,,,SCALE_INSUFFICIENT,,False,,,,CURRENT_BAR_UNAVAILABLE,OBSERVATION_INSUFFICIENT,10,0,0,False,0,0,False,INHERITED_RAW_PRICE_BASIS,False,False
2025-08-04|23490,2025-08-04,23490,14:00,14:15,15,UNAVAILABLE,0,5,,,SCALE_INSUFFICIENT,,False,,,,CURRENT_BAR_UNAVAILABLE,OBSERVATION_INSUFFICIENT,10,0,0,False,0,0,False,INHERITED_RAW_PRICE_BASIS,False,False
2025-08-04|23490,2025-08-04,23490,14:00,14:20,20,UNAVAILABLE,0,5,,,SCALE_INSUFFICIENT,,False,,,,CURRENT_BAR_UNAVAILABLE,OBSERVATION_INSUFFICIENT,10,0,0,False,0,0,False,INHERITED_RAW_PRICE_BASIS,False,False
2025-08-04|23490,2025-08-04,23490,14:00,14:25,25,UNAVAILABLE,0,5,,,SCALE_INSUFFICIENT,,False,,,,CURRENT_BAR_UNAVAILABLE,OBSERVATION_INSUFFICIENT,10,0,0,False,0,0,False,INHERITED_RAW_PRICE_BASIS,False,False
2025-08-04|23490,2025-08-04,23490,14:00,14:30,30,UNAVAILABLE,0,5,,,SCALE_INSUFFICIENT,,False,,,,CURRENT_BAR_UNAVAILABLE,OBSERVATION_INSUFFICIENT,10,0,0,False,0,0,False,INHERITED_RAW_PRICE_BASIS,False,False
2025-08-04|23490,2025-08-04,23490,14:00,14:35,35,UNAVAILABLE,0,5,,,SCALE_INSUFFICIENT,,False,,,,CURRENT_BAR_UNAVAILABLE,OBSERVATION_INSUFFICIENT,10,0,0,False,0,0,False,INHERITED_RAW_PRICE_BASIS,False,False
2025-08-04|23490,2025-08-04,23490,14:00,14:40,40,UNAVAILABLE,0,5,,,SCALE_INSUFFICIENT,,False,,,,CURRENT_BAR_UNAVAILABLE,OBSERVATION_INSUFFICIENT,10,0,0,False,0,0,False,INHERITED_RAW_PRICE_BASIS,False,False
2025-08-04|23490,2025-08-04,23490,14:00,14:45,45,UNAVAILABLE,0,5,,,SCALE_INSUFFICIENT,,False,,,,CURRENT_BAR_UNAVAILABLE,OBSERVATION_INSUFFICIENT,10,0,0,False,0,0,False,INHERITED_RAW_PRICE_BASIS,False,False
2025-08-04|23490,2025-08-04,23490,14:00,14:50,50,UNAVAILABLE,0,5,,,SCALE_INSUFFICIENT,,False,,,,CURRENT_BAR_UNAVAILABLE,OBSERVATION_INSUFFICIENT,9,0,0,False,0,0,False,INHERITED_RAW_PRICE_BASIS,False,False
2025-08-04|23490,2025-08-04,23490,14:00,14:55,55,UNAVAILABLE,0,5,,,SCALE_INSUFFICIENT,,False,,,,CURRENT_BAR_UNAVAILABLE,OBSERVATION_INSUFFICIENT,9,0,0,False,0,0,False,INHERITED_RAW_PRICE_BASIS,False,False
2025-08-04|23490,2025-08-04,23490,14:00,15:00,60,PARTIAL,1,4,,,SCALE_INSUFFICIENT,,False,,,,CURRENT_BAR_UNAVAILABLE,OBSERVATION_INSUFFICIENT,10,0,0,False,0,0,False,INHERITED_RAW_PRICE_BASIS,False,False
2025-08-04|23490,2025-08-04,23490,14:00,15:05,65,UNAVAILABLE,0,5,,,SCALE_INSUFFICIENT,,False,,,,CURRENT_BAR_UNAVAILABLE,OBSERVATION_INSUFFICIENT,10,0,0,False,0,0,False,INHERITED_RAW_PRICE_BASIS,False,False
2025-08-04|23490,2025-08-04,23490,14:00,15:10,70,UNAVAILABLE,0,5,,,SCALE_INSUFFICIENT,,False,,,,CURRENT_BAR_UNAVAILABLE,OBSERVATION_INSUFFICIENT,10,0,0,False,0,0,False,INHERITED_RAW_PRICE_BASIS,False,False
2025-08-04|23490,2025-08-04,23490,14:00,15:15,75,UNAVAILABLE,0,5,,,SCALE_INSUFFICIENT,,False,,,,CURRENT_BAR_UNAVAILABLE,OBSERVATION_INSUFFICIENT,10,0,0,False,0,0,False,INHERITED_RAW_PRICE_BASIS,False,False
2025-08-04|23490,2025-08-04,23490,14:00,15:20,80,UNAVAILABLE,0,5,,,SCALE_INSUFFICIENT,,False,,,,CURRENT_BAR_UNAVAILABLE,RIGHT_CENSORED,5,0,0,False,0,0,False,INHERITED_RAW_PRICE_BASIS,False,False
2025-08-04|23490,2025-08-04,23490,14:00,15:25,85,UNAVAILABLE,0,5,,,SCALE_INSUFFICIENT,,False,,,,CURRENT_BAR_UNAVAILABLE,RIGHT_CENSORED,0,0,0,False,0,0,False,INHERITED_RAW_PRICE_BASIS,False,False
2025-08-04|25860,2025-08-04,25860,11:00,11:00,0,COMPLETE,5,0,DOWN,-0.8130081300813008,AVAILABLE,2.0,True,,,,UNRESOLVED_STRUCTURE,WINDOW_OBSERVED,0,0,1,False,0,0,False,INHERITED_RAW_PRICE_BASIS,False,False
2025-08-04|25860,2025-08-04,25860,11:00,11:05,5,COMPLETE,5,0,UP,0.273224043715847,AVAILABLE,2.0,True,,,CHOPPINESS|VOLUME_COMPRESSION|TRADING_VALUE_COMPRESSION,UNRESOLVED_STRUCTURE,WINDOW_OBSERVED,0,0,1,False,0,0,False,INHERITED_RAW_PRICE_BASIS,True,False
2025-08-04|25860,2025-08-04,25860,11:00,11:10,10,COMPLETE,5,0,DOWN,-0.5449591280653951,AVAILABLE,2.0,True,,,VOLUME_EXPANSION|TRADING_VALUE_EXPANSION,UNRESOLVED_STRUCTURE,WINDOW_OBSERVED,0,0,1,False,0,0,False,INHERITED_RAW_PRICE_BASIS,True,False
2025-08-04|25860,2025-08-04,25860,11:00,11:15,15,COMPLETE,5,0,UNCHANGED,0.0,AVAILABLE,2.0,True,,,RANGE_COMPRESSION|VOLUME_COMPRESSION|TRADING_VALUE_COMPRESSION,UNRESOLVED_STRUCTURE,WINDOW_OBSERVED,0,0,1,False,0,0,False,INHERITED_RAW_PRICE_BASIS,True,False
2025-08-04|25860,2025-08-04,25860,11:00,11:20,20,COMPLETE,5,0,UNCHANGED,0.0,AVAILABLE,2.0,True,,,VOLUME_EXPANSION|TRADING_VALUE_EXPANSION,UNRESOLVED_STRUCTURE,WINDOW_OBSERVED,0,0,1,False,0,0,False,INHERITED_RAW_PRICE_BASIS,True,False
2025-08-04|25860,2025-08-04,25860,11:00,11:25,25,COMPLETE,5,0,UNCHANGED,0.0,AVAILABLE,2.0,True,,RECOVERY,CHOPPINESS|RANGE_EXPANSION,UNRESOLVED_STRUCTURE,WINDOW_OBSERVED,0,0,2,False,0,1,True,INHERITED_RAW_PRICE_BASIS,True,True
2025-08-04|25860,2025-08-04,25860,11:00,11:30,30,COMPLETE,5,0,UP,0.273972602739726,AVAILABLE,2.0,True,,RECOVERY,VOLUME_COMPRESSION|TRADING_VALUE_COMPRESSION,UNRESOLVED_STRUCTURE,WINDOW_OBSERVED,0,0,2,False,0,0,True,INHERITED_RAW_PRICE_BASIS,True,False
2025-08-04|25860,2025-08-04,25860,11:00,12:35,35,COMPLETE,5,0,UP,0.273224043715847,AVAILABLE,2.0,True,,,,UNRESOLVED_STRUCTURE,WINDOW_OBSERVED,0,0,1,False,0,0,False,INHERITED_RAW_PRICE_BASIS,True,True
2025-08-04|25860,2025-08-04,25860,11:00,12:40,40,COMPLETE,5,0,UNCHANGED,0.0,AVAILABLE,2.0,True,,,RANGE_COMPRESSION|VOLUME_COMPRESSION|TRADING_VALUE_COMPRESSION,UNRESOLVED_STRUCTURE,WINDOW_OBSERVED,0,1,2,False,0,0,False,INHERITED_RAW_PRICE_BASIS,True,False
2025-08-04|25860,2025-08-04,25860,11:00,12:45,45,COMPLETE,5,0,UP,0.273224043715847,AVAILABLE,2.0,True,,,RANGE_COMPRESSION|VOLUME_EXPANSION|TRADING_VALUE_EXPANSION,UNRESOLVED_STRUCTURE,WINDOW_OBSERVED,0,1,2,False,0,0,False,INHERITED_RAW_PRICE_BASIS,True,False
2025-08-04|25860,2025-08-04,25860,11:00,12:50,50,COMPLETE,5,0,UNCHANGED,0.0,AVAILABLE,2.0,True,,,RANGE_EXPANSION|VOLUME_COMPRESSION|TRADING_VALUE_COMPRESSION,UNRESOLVED_STRUCTURE,OBSERVATION_INSUFFICIENT,1,0,3,False,0,1,False,INHERITED_RAW_PRICE_BASIS,True,False
2025-08-04|25860,2025-08-04,25860,11:00,12:55,55,COMPLETE,5,0,UNCHANGED,0.0,AVAILABLE,2.0,True,,,,UNRESOLVED_STRUCTURE,OBSERVATION_INSUFFICIENT,2,0,3,False,0,2,False,INHERITED_RAW_PRICE_BASIS,True,False
2025-08-04|25860,2025-08-04,25860,11:00,13:00,60,PARTIAL,4,1,,,AVAILABLE,2.0,True,,,,CURRENT_BAR_UNAVAILABLE,OBSERVATION_INSUFFICIENT,1,0,0,False,0,0,False,INHERITED_RAW_PRICE_BASIS,False,False
2025-08-04|25860,2025-08-04,25860,11:00,13:05,65,PARTIAL,4,1,,,AVAILABLE,2.0,True,,,,UNRESOLVED_STRUCTURE,WINDOW_OBSERVED,0,1,1,False,0,0,False,INHERITED_RAW_PRICE_BASIS,False,False
2025-08-04|25860,2025-08-04,25860,11:00,13:10,70,COMPLETE,5,0,UNCHANGED,0.0,AVAILABLE,2.0,True,,,,UNRESOLVED_STRUCTURE,WINDOW_OBSERVED,0,1,1,False,0,0,False,INHERITED_RAW_PRICE_BASIS,False,False
2025-08-04|25860,2025-08-04,25860,11:00,13:15,75,COMPLETE,5,0,DOWN,-0.273224043715847,AVAILABLE,2.0,True,,,VOLUME_EXPANSION|TRADING_VALUE_EXPANSION,UNRESOLVED_STRUCTURE,WINDOW_OBSERVED,0,0,1,False,0,0,False,INHERITED_RAW_PRICE_BASIS,True,False
2025-08-04|25860,2025-08-04,25860,11:00,13:20,80,COMPLETE,5,0,UNCHANGED,0.0,AVAILABLE,2.0,True,,,CHOPPINESS|RANGE_COMPRESSION|VOLUME_COMPRESSION|TRADING_VALUE_COMPRESSION,UNRESOLVED_STRUCTURE,WINDOW_OBSERVED,0,0,1,False,0,1,False,INHERITED_RAW_PRICE_BASIS,True,False
2025-08-04|25860,2025-08-04,25860,11:00,13:25,85,COMPLETE,5,0,DOWN,-0.273972602739726,AVAILABLE,2.0,True,,,RANGE_EXPANSION|VOLUME_EXPANSION|TRADING_VALUE_EXPANSION,UNRESOLVED_STRUCTURE,WINDOW_OBSERVED,0,0,1,False,0,1,False,INHERITED_RAW_PRICE_BASIS,True,False
2025-08-04|25860,2025-08-04,25860,11:00,13:30,90,COMPLETE,5,0,UNCHANGED,0.0,AVAILABLE,2.0,True,,,RANGE_COMPRESSION|VOLUME_COMPRESSION|TRADING_VALUE_COMPRESSION,UNRESOLVED_STRUCTURE,WINDOW_OBSERVED,0,0,1,False,0,0,False,INHERITED_RAW_PRICE_BASIS,True,False
2025-08-04|25860,2025-08-04,25860,11:00,13:35,95,COMPLETE,5,0,UNCHANGED,0.0,AVAILABLE,2.0,True,,RECOVERY,RANGE_EXPANSION|VOLUME_EXPANSION|TRADING_VALUE_EXPANSION,UNRESOLVED_STRUCTURE,WINDOW_OBSERVED,0,0,2,False,0,1,True,INHERITED_RAW_PRICE_BASIS,True,True
2025-08-04|25860,2025-08-04,25860,11:00,13:40,100,COMPLETE,5,0,DOWN,-0.273972602739726,AVAILABLE,2.0,True,,RECOVERY,RANGE_COMPRESSION|VOLUME_COMPRESSION|TRADING_VALUE_COMPRESSION,UNRESOLVED_STRUCTURE,WINDOW_OBSERVED,0,0,2,False,0,0,True,INHERITED_RAW_PRICE_BASIS,True,False
2025-08-04|25860,2025-08-04,25860,11:00,13:45,105,COMPLETE,5,0,DOWN,-0.273972602739726,AVAILABLE,2.0,True,,RECOVERY,RANGE_EXPANSION,UNRESOLVED_STRUCTURE,OBSERVATION_INSUFFICIENT,1,0,2,False,0,0,True,INHERITED_RAW_PRICE_BASIS,True,False
2025-08-04|25860,2025-08-04,25860,11:00,13:50,110,COMPLETE,5,0,UNCHANGED,0.0,AVAILABLE,2.0,True,RANGE_STRUCTURE,BALANCE|RECOVERY,CHOPPINESS|RANGE_COMPRESSION|VOLUME_COMPRESSION|TRADING_VALUE_COMPRESSION,IDENTIFIED,OBSERVATION_INSUFFICIENT,1,0,2,True,0,0,True,INHERITED_RAW_PRICE_BASIS,True,True
2025-08-04|25860,2025-08-04,25860,11:00,13:55,115,PARTIAL,4,1,,,AVAILABLE,2.0,True,,,,CURRENT_BAR_UNAVAILABLE,WINDOW_OBSERVED,0,0,0,False,0,1,False,INHERITED_RAW_PRICE_BASIS,False,False
2025-08-04|25860,2025-08-04,25860,11:00,14:00,120,COMPLETE,5,0,UNCHANGED,0.0,AVAILABLE,2.0,True,,,,UNRESOLVED_STRUCTURE,OBSERVATION_INSUFFICIENT,1,1,1,False,0,1,False,INHERITED_RAW_PRICE_BASIS,False,False
2025-08-04|25860,2025-08-04,25860,11:00,14:05,125,COMPLETE,5,0,UP,0.5509641873278237,AVAILABLE,2.0,True,,,RANGE_EXPANSION|VOLUME_EXPANSION|TRADING_VALUE_EXPANSION,UNRESOLVED_STRUCTURE,OBSERVATION_INSUFFICIENT,1,0,1,False,0,0,False,INHERITED_RAW_PRICE_BASIS,True,False
2025-08-04|25860,2025-08-04,25860,11:00,14:10,130,PARTIAL,4,1,,,AVAILABLE,2.0,True,,,,UNRESOLVED_STRUCTURE,OBSERVATION_INSUFFICIENT,1,0,0,False,0,0,False,INHERITED_RAW_PRICE_BASIS,False,False
2025-08-04|25860,2025-08-04,25860,11:00,14:15,135,COMPLETE,5,0,DOWN,-0.273972602739726,AVAILABLE,2.0,True,,,,UNRESOLVED_STRUCTURE,OBSERVATION_INSUFFICIENT,2,0,0,False,0,0,False,INHERITED_RAW_PRICE_BASIS,False,False
2025-08-04|25860,2025-08-04,25860,11:00,14:20,140,PARTIAL,4,1,,,AVAILABLE,2.0,True,,,,CURRENT_BAR_UNAVAILABLE,OBSERVATION_INSUFFICIENT,1,0,0,False,0,0,False,INHERITED_RAW_PRICE_BASIS,False,False
2025-08-04|25860,2025-08-04,25860,11:00,14:25,145,PARTIAL,4,1,,,AVAILABLE,2.0,True,,,,CURRENT_BAR_UNAVAILABLE,WINDOW_OBSERVED,0,0,0,False,0,0,False,INHERITED_RAW_PRICE_BASIS,False,False
2025-08-04|25860,2025-08-04,25860,11:00,14:30,150,COMPLETE,5,0,UNCHANGED,0.0,AVAILABLE,2.0,True,,,CHOPPINESS,UNRESOLVED_STRUCTURE,WINDOW_OBSERVED,0,0,0,False,0,0,False,INHERITED_RAW_PRICE_BASIS,False,False
2025-08-04|25860,2025-08-04,25860,11:00,14:35,155,COMPLETE,5,0,UNCHANGED,0.0,AVAILABLE,2.0,True,,,VOLUME_EXPANSION|TRADING_VALUE_EXPANSION,UNRESOLVED_STRUCTURE,WINDOW_OBSERVED,0,0,0,False,0,0,False,INHERITED_RAW_PRICE_BASIS,True,False
2025-08-04|25860,2025-08-04,25860,11:00,14:40,160,COMPLETE,5,0,UNCHANGED,0.0,AVAILABLE,2.0,True,,,VOLUME_EXPANSION|TRADING_VALUE_EXPANSION,UNRESOLVED_STRUCTURE,WINDOW_OBSERVED,0,1,1,False,0,0,False,INHERITED_RAW_PRICE_BASIS,True,False
2025-08-04|25860,2025-08-04,25860,11:00,14:45,165,COMPLETE,5,0,UNCHANGED,0.0,AVAILABLE,2.0,True,,,RANGE_COMPRESSION,UNRESOLVED_STRUCTURE,WINDOW_OBSERVED,0,1,1,False,0,0,False,INHERITED_RAW_PRICE_BASIS,True,False
2025-08-04|25860,2025-08-04,25860,11:00,14:50,170,COMPLETE,5,0,UP,0.273224043715847,AVAILABLE,2.0,True,,,VOLUME_COMPRESSION|TRADING_VALUE_COMPRESSION,UNRESOLVED_STRUCTURE,OBSERVATION_INSUFFICIENT,1,0,1,False,0,0,False,INHERITED_RAW_PRICE_BASIS,True,False
2025-08-04|25860,2025-08-04,25860,11:00,14:55,175,COMPLETE,5,0,DOWN,-0.2724795640326976,AVAILABLE,2.0,True,RANGE_STRUCTURE,BALANCE,VOLUME_COMPRESSION|TRADING_VALUE_COMPRESSION,IDENTIFIED,OBSERVATION_INSUFFICIENT,1,0,1,True,0,0,True,INHERITED_RAW_PRICE_BASIS,True,True
2025-08-04|25860,2025-08-04,25860,11:00,15:00,180,PARTIAL,4,1,,,AVAILABLE,2.0,True,,,,UNRESOLVED_STRUCTURE,WINDOW_OBSERVED,0,1,1,False,0,1,False,INHERITED_RAW_PRICE_BASIS,False,False
2025-08-04|25860,2025-08-04,25860,11:00,15:05,185,COMPLETE,5,0,DOWN,-0.273224043715847,AVAILABLE,2.0,True,,,CHOPPINESS,UNRESOLVED_STRUCTURE,WINDOW_OBSERVED,0,1,1,False,0,0,False,INHERITED_RAW_PRICE_BASIS,False,False
2025-08-04|25860,2025-08-04,25860,11:00,15:10,190,COMPLETE,5,0,UP,0.547945205479452,AVAILABLE,2.0,True,,,RANGE_EXPANSION|VOLUME_EXPANSION|TRADING_VALUE_EXPANSION,UNRESOLVED_STRUCTURE,WINDOW_OBSERVED,0,0,1,False,0,0,False,INHERITED_RAW_PRICE_BASIS,True,False
2025-08-04|25860,2025-08-04,25860,11:00,15:15,195,COMPLETE,5,0,UP,0.2724795640326976,AVAILABLE,2.0,True,,,CHOPPINESS|VOLUME_COMPRESSION|TRADING_VALUE_COMPRESSION,UNRESOLVED_STRUCTURE,WINDOW_OBSERVED,0,1,2,False,0,0,False,INHERITED_RAW_PRICE_BASIS,True,False
2025-08-04|25860,2025-08-04,25860,11:00,15:20,200,COMPLETE,5,0,DOWN,-0.2724795640326976,AVAILABLE,2.0,True,,,VOLUME_EXPANSION|TRADING_VALUE_EXPANSION,UNRESOLVED_STRUCTURE,RIGHT_CENSORED,0,0,2,False,0,0,False,INHERITED_RAW_PRICE_BASIS,True,False
2025-08-04|25860,2025-08-04,25860,11:00,15:25,205,COMPLETE,5,0,UNCHANGED,0.0,AVAILABLE,2.0,True,,,CHOPPINESS|RANGE_COMPRESSION|VOLUME_COMPRESSION|TRADING_VALUE_COMPRESSION,UNRESOLVED_STRUCTURE,RIGHT_CENSORED,0,0,2,False,0,0,False,INHERITED_RAW_PRICE_BASIS,True,False
2025-08-04|28970,2025-08-04,28970,13:30,13:30,0,COMPLETE,5,0,UP,0.1315047905316551,AVAILABLE,4.0,True,DOWN_STRUCTURE,,RANGE_COMPRESSION|VOLUME_COMPRESSION|TRADING_VALUE_COMPRESSION,IDENTIFIED,WINDOW_OBSERVED,0,1,12,False,1,0,True,INHERITED_RAW_PRICE_BASIS,False,False
2025-08-04|28970,2025-08-04,28970,13:30,13:35,5,COMPLETE,5,0,UP,0.03751641343087601,AVAILABLE,4.0,True,DOWN_STRUCTURE,PROGRESSION,CHOPPINESS,IDENTIFIED,WINDOW_OBSERVED,0,0,13,False,2,0,True,INHERITED_RAW_PRICE_BASIS,True,True
2025-08-04|28970,2025-08-04,28970,13:30,13:40,10,COMPLETE,5,0,UP,0.33758439609902474,AVAILABLE,4.0,True,,RESTRUCTURING,VOLUME_COMPRESSION|TRADING_VALUE_COMPRESSION,UNRESOLVED_STRUCTURE,WINDOW_OBSERVED,0,0,14,False,6,5,True,INHERITED_RAW_PRICE_BASIS,True,True
2025-08-04|28970,2025-08-04,28970,13:30,13:45,15,COMPLETE,5,0,UP,0.05606428704914969,AVAILABLE,4.0,True,,RESTRUCTURING,,UNRESOLVED_STRUCTURE,WINDOW_OBSERVED,0,1,15,False,1,0,True,INHERITED_RAW_PRICE_BASIS,True,False
2025-08-04|28970,2025-08-04,28970,13:30,13:50,20,COMPLETE,5,0,UNCHANGED,0.0,AVAILABLE,4.0,True,,RESTRUCTURING,RANGE_COMPRESSION,UNRESOLVED_STRUCTURE,WINDOW_OBSERVED,0,0,15,False,0,0,True,INHERITED_RAW_PRICE_BASIS,True,False
2025-08-04|28970,2025-08-04,28970,13:30,13:55,25,COMPLETE,5,0,UP,0.03735524841240194,AVAILABLE,4.0,True,UP_STRUCTURE,,RANGE_EXPANSION,IDENTIFIED,WINDOW_OBSERVED,0,1,17,False,1,0,True,INHERITED_RAW_PRICE_BASIS,True,True
2025-08-04|28970,2025-08-04,28970,13:30,14:00,30,COMPLETE,5,0,DOWN,-0.3732736095558044,AVAILABLE,4.0,True,,RESTRUCTURING,,UNRESOLVED_STRUCTURE,WINDOW_OBSERVED,0,0,17,False,5,1,True,INHERITED_RAW_PRICE_BASIS,True,True
2025-08-04|28970,2025-08-04,28970,13:30,14:05,35,COMPLETE,5,0,DOWN,-0.24349129050383966,AVAILABLE,4.0,True,DOWN_STRUCTURE,CORRECTION|RECOVERY,VOLUME_EXPANSION|TRADING_VALUE_EXPANSION,IDENTIFIED,WINDOW_OBSERVED,0,0,18,False,1,0,True,INHERITED_RAW_PRICE_BASIS,True,True
2025-08-04|28970,2025-08-04,28970,13:30,14:10,40,COMPLETE,5,0,UP,0.01877581674802854,AVAILABLE,4.0,True,DOWN_STRUCTURE,CORRECTION|RECOVERY,RANGE_COMPRESSION|VOLUME_COMPRESSION|TRADING_VALUE_COMPRESSION,IDENTIFIED,WINDOW_OBSERVED,0,0,18,False,0,0,True,INHERITED_RAW_PRICE_BASIS,True,False
2025-08-04|28970,2025-08-04,28970,13:30,14:15,45,COMPLETE,5,0,UP,0.18772292096865026,AVAILABLE,4.0,True,DOWN_STRUCTURE,CORRECTION|RECOVERY,VOLUME_COMPRESSION|TRADING_VALUE_COMPRESSION,IDENTIFIED,WINDOW_OBSERVED,0,0,18,False,0,0,True,INHERITED_RAW_PRICE_BASIS,True,False
2025-08-04|28970,2025-08-04,28970,13:30,14:20,50,COMPLETE,5,0,UP,0.03747423646243208,AVAILABLE,4.0,True,DOWN_STRUCTURE,CORRECTION|RECOVERY,RANGE_COMPRESSION,IDENTIFIED,WINDOW_OBSERVED,0,0,18,False,0,0,True,INHERITED_RAW_PRICE_BASIS,True,False
2025-08-04|28970,2025-08-04,28970,13:30,14:25,55,COMPLETE,5,0,DOWN,-0.03745318352059925,AVAILABLE,4.0,True,DOWN_STRUCTURE,CORRECTION|RECOVERY,CHOPPINESS,IDENTIFIED,WINDOW_OBSERVED,0,0,18,False,0,0,True,INHERITED_RAW_PRICE_BASIS,True,False
2025-08-04|28970,2025-08-04,28970,13:30,14:30,60,COMPLETE,5,0,UP,0.11238059561715677,AVAILABLE,4.0,True,DOWN_STRUCTURE,CORRECTION|RECOVERY,,IDENTIFIED,WINDOW_OBSERVED,0,0,18,False,0,0,True,INHERITED_RAW_PRICE_BASIS,True,False
2025-08-04|28970,2025-08-04,28970,13:30,14:35,65,COMPLETE,5,0,UP,0.13096351730589337,AVAILABLE,4.0,True,DOWN_STRUCTURE,PROGRESSION,,IDENTIFIED,WINDOW_OBSERVED,0,1,19,False,2,0,True,INHERITED_RAW_PRICE_BASIS,True,True
2025-08-04|28970,2025-08-04,28970,13:30,14:40,70,COMPLETE,5,0,DOWN,-0.05604334018307491,AVAILABLE,4.0,True,DOWN_STRUCTURE,CORRECTION|RECOVERY,CHOPPINESS,IDENTIFIED,WINDOW_OBSERVED,0,1,20,False,0,0,True,INHERITED_RAW_PRICE_BASIS,True,True
2025-08-04|28970,2025-08-04,28970,13:30,14:45,75,COMPLETE,5,0,UP,0.07476635514018691,AVAILABLE,4.0,True,DOWN_STRUCTURE,CORRECTION,VOLUME_COMPRESSION|TRADING_VALUE_COMPRESSION,IDENTIFIED,WINDOW_OBSERVED,0,0,20,False,1,1,True,INHERITED_RAW_PRICE_BASIS,True,True
2025-08-04|28970,2025-08-04,28970,13:30,14:50,80,COMPLETE,5,0,UP,0.05604334018307491,AVAILABLE,4.0,True,,RESTRUCTURING,,UNRESOLVED_STRUCTURE,WINDOW_OBSERVED,0,0,20,False,3,1,True,INHERITED_RAW_PRICE_BASIS,True,True
2025-08-04|28970,2025-08-04,28970,13:30,14:55,85,COMPLETE,5,0,UNCHANGED,0.0,AVAILABLE,4.0,True,,RESTRUCTURING,,UNRESOLVED_STRUCTURE,WINDOW_OBSERVED,0,0,20,False,2,2,True,INHERITED_RAW_PRICE_BASIS,True,False
2025-08-04|28970,2025-08-04,28970,13:30,15:00,90,COMPLETE,5,0,DOWN,-0.018670649738610903,AVAILABLE,4.0,True,,RESTRUCTURING,VOLUME_COMPRESSION|TRADING_VALUE_COMPRESSION,UNRESOLVED_STRUCTURE,WINDOW_OBSERVED,0,0,20,False,3,1,True,INHERITED_RAW_PRICE_BASIS,True,False
2025-08-04|28970,2025-08-04,28970,13:30,15:05,95,COMPLETE,5,0,UP,0.07471049682480388,AVAILABLE,4.0,True,,RESTRUCTURING,,UNRESOLVED_STRUCTURE,WINDOW_OBSERVED,0,0,20,False,3,3,True,INHERITED_RAW_PRICE_BASIS,True,False
2025-08-04|28970,2025-08-04,28970,13:30,15:10,100,COMPLETE,5,0,UNCHANGED,0.0,AVAILABLE,4.0,True,UP_STRUCTURE,CORRECTION,,IDENTIFIED,WINDOW_OBSERVED,0,0,21,False,0,0,True,INHERITED_RAW_PRICE_BASIS,True,True
2025-08-04|28970,2025-08-04,28970,13:30,15:15,105,COMPLETE,5,0,DOWN,-0.07464079119238663,AVAILABLE,4.0,True,UP_STRUCTURE,CORRECTION,,IDENTIFIED,WINDOW_OBSERVED,0,1,23,False,0,0,True,INHERITED_RAW_PRICE_BASIS,True,False
2025-08-04|28970,2025-08-04,28970,13:30,15:20,110,COMPLETE,5,0,UP,0.056022408963585436,AVAILABLE,4.0,True,UP_STRUCTURE,RECOVERY,RANGE_COMPRESSION,IDENTIFIED,RIGHT_CENSORED,0,1,24,False,4,0,True,INHERITED_RAW_PRICE_BASIS,True,True
2025-08-04|28970,2025-08-04,28970,13:30,15:25,115,COMPLETE,5,0,DOWN,-0.13062138458667663,AVAILABLE,4.0,True,,RESTRUCTURING,RANGE_EXPANSION,UNRESOLVED_STRUCTURE,RIGHT_CENSORED,0,0,25,False,2,2,True,INHERITED_RAW_PRICE_BASIS,True,True
2025-08-04|30700,2025-08-04,30700,13:30,13:30,0,PARTIAL,3,2,,,AVAILABLE,2.0,True,,,,CURRENT_BAR_UNAVAILABLE,OBSERVATION_INSUFFICIENT,3,0,0,False,0,0,False,INHERITED_RAW_PRICE_BASIS,False,False
2025-08-04|30700,2025-08-04,30700,13:30,13:35,5,PARTIAL,3,2,,,AVAILABLE,2.0,True,,,,UNRESOLVED_STRUCTURE,OBSERVATION_INSUFFICIENT,3,0,0,False,0,0,False,INHERITED_RAW_PRICE_BASIS,False,False
2025-08-04|30700,2025-08-04,30700,13:30,13:40,10,PARTIAL,4,1,,,AVAILABLE,2.0,True,,,,UNRESOLVED_STRUCTURE,OBSERVATION_INSUFFICIENT,4,0,0,False,0,0,False,INHERITED_RAW_PRICE_BASIS,False,False
2025-08-04|30700,2025-08-04,30700,13:30,13:45,15,PARTIAL,3,2,,,AVAILABLE,2.0,True,,,,CURRENT_BAR_UNAVAILABLE,OBSERVATION_INSUFFICIENT,2,0,0,False,0,0,False,INHERITED_RAW_PRICE_BASIS,False,False
2025-08-04|30700,2025-08-04,30700,13:30,13:50,20,PARTIAL,3,2,,,AVAILABLE,2.0,True,,,,UNRESOLVED_STRUCTURE,OBSERVATION_INSUFFICIENT,2,0,0,False,0,0,False,INHERITED_RAW_PRICE_BASIS,False,False
2025-08-04|30700,2025-08-04,30700,13:30,13:55,25,COMPLETE,5,0,UP,0.37174721189591076,AVAILABLE,2.0,True,,,,UNRESOLVED_STRUCTURE,OBSERVATION_INSUFFICIENT,4,0,0,False,0,0,False,INHERITED_RAW_PRICE_BASIS,False,False
2025-08-04|30700,2025-08-04,30700,13:30,14:00,30,PARTIAL,3,2,,,AVAILABLE,2.0,True,,,,UNRESOLVED_STRUCTURE,OBSERVATION_INSUFFICIENT,6,0,0,False,0,0,False,INHERITED_RAW_PRICE_BASIS,False,False
2025-08-04|30700,2025-08-04,30700,13:30,14:05,35,PARTIAL,3,2,,,AVAILABLE,2.0,True,,,,UNRESOLVED_STRUCTURE,OBSERVATION_INSUFFICIENT,6,0,0,False,0,0,False,INHERITED_RAW_PRICE_BASIS,False,False
2025-08-04|30700,2025-08-04,30700,13:30,14:10,40,PARTIAL,1,4,,,AVAILABLE,2.0,True,,,,UNRESOLVED_STRUCTURE,OBSERVATION_INSUFFICIENT,4,1,1,False,0,0,False,INHERITED_RAW_PRICE_BASIS,False,False
2025-08-04|30700,2025-08-04,30700,13:30,14:15,45,PARTIAL,3,2,,,AVAILABLE,2.0,True,,,,CURRENT_BAR_UNAVAILABLE,OBSERVATION_INSUFFICIENT,3,0,0,False,0,0,False,INHERITED_RAW_PRICE_BASIS,False,False
2025-08-04|30700,2025-08-04,30700,13:30,14:20,50,PARTIAL,3,2,,,AVAILABLE,2.0,True,,,,UNRESOLVED_STRUCTURE,OBSERVATION_INSUFFICIENT,1,0,0,False,0,0,False,INHERITED_RAW_PRICE_BASIS,False,False
2025-08-04|30700,2025-08-04,30700,13:30,14:25,55,PARTIAL,4,1,,,AVAILABLE,2.0,True,,,,UNRESOLVED_STRUCTURE,OBSERVATION_INSUFFICIENT,3,1,1,False,0,0,False,INHERITED_RAW_PRICE_BASIS,False,False
2025-08-04|30700,2025-08-04,30700,13:30,14:30,60,COMPLETE,5,0,UNCHANGED,0.0,AVAILABLE,2.0,True,,,CHOPPINESS,UNRESOLVED_STRUCTURE,OBSERVATION_INSUFFICIENT,3,0,1,False,0,0,False,INHERITED_RAW_PRICE_BASIS,False,False
2025-08-04|30700,2025-08-04,30700,13:30,14:35,65,PARTIAL,2,3,,,AVAILABLE,2.0,True,,,,UNRESOLVED_STRUCTURE,OBSERVATION_INSUFFICIENT,3,0,0,False,0,1,False,INHERITED_RAW_PRICE_BASIS,False,False
2025-08-04|30700,2025-08-04,30700,13:30,14:40,70,COMPLETE,5,0,UNCHANGED,0.0,AVAILABLE,2.0,True,,,,UNRESOLVED_STRUCTURE,OBSERVATION_INSUFFICIENT,4,0,0,False,0,0,False,INHERITED_RAW_PRICE_BASIS,False,False
2025-08-04|30700,2025-08-04,30700,13:30,14:45,75,PARTIAL,2,3,,,AVAILABLE,2.0,True,,,,CURRENT_BAR_UNAVAILABLE,OBSERVATION_INSUFFICIENT,4,0,0,False,0,0,False,INHERITED_RAW_PRICE_BASIS,False,False
2025-08-04|30700,2025-08-04,30700,13:30,14:50,80,PARTIAL,4,1,,,AVAILABLE,2.0,True,,RECOVERY,,UNRESOLVED_STRUCTURE,OBSERVATION_INSUFFICIENT,4,1,2,False,0,0,True,INHERITED_RAW_PRICE_BASIS,False,False
2025-08-04|30700,2025-08-04,30700,13:30,14:55,85,PARTIAL,2,3,,,AVAILABLE,2.0,True,,,,CURRENT_BAR_UNAVAILABLE,OBSERVATION_INSUFFICIENT,3,0,0,False,0,1,False,INHERITED_RAW_PRICE_BASIS,False,False
2025-08-04|30700,2025-08-04,30700,13:30,15:00,90,PARTIAL,4,1,,,AVAILABLE,2.0,True,,,,CURRENT_BAR_UNAVAILABLE,OBSERVATION_INSUFFICIENT,4,0,0,False,0,0,False,INHERITED_RAW_PRICE_BASIS,False,False
2025-08-04|30700,2025-08-04,30700,13:30,15:05,95,PARTIAL,3,2,,,AVAILABLE,2.0,True,,,,UNRESOLVED_STRUCTURE,OBSERVATION_INSUFFICIENT,3,0,0,False,0,0,False,INHERITED_RAW_PRICE_BASIS,False,False
2025-08-04|30700,2025-08-04,30700,13:30,15:10,100,PARTIAL,3,2,,,AVAILABLE,2.0,True,,,,UNRESOLVED_STRUCTURE,OBSERVATION_INSUFFICIENT,3,0,0,False,0,0,False,INHERITED_RAW_PRICE_BASIS,False,False
2025-08-04|30700,2025-08-04,30700,13:30,15:15,105,PARTIAL,4,1,,,AVAILABLE,2.0,True,,,,CURRENT_BAR_UNAVAILABLE,OBSERVATION_INSUFFICIENT,3,0,0,False,0,0,False,INHERITED_RAW_PRICE_BASIS,False,False
2025-08-04|30700,2025-08-04,30700,13:30,15:20,110,PARTIAL,3,2,,,AVAILABLE,2.0,True,,,,CURRENT_BAR_UNAVAILABLE,RIGHT_CENSORED,1,0,0,False,0,0,False,INHERITED_RAW_PRICE_BASIS,False,False
2025-08-04|30700,2025-08-04,30700,13:30,15:25,115,PARTIAL,4,1,,,AVAILABLE,2.0,True,,,,UNRESOLVED_STRUCTURE,RIGHT_CENSORED,0,0,1,False,0,0,False,INHERITED_RAW_PRICE_BASIS,False,False
2025-08-04|30770,2025-08-04,30770,13:30,13:30,0,PARTIAL,1,4,,,SCALE_INSUFFICIENT,,True,,,,CURRENT_BAR_UNAVAILABLE,OBSERVATION_INSUFFICIENT,9,0,0,False,0,0,False,INHERITED_RAW_PRICE_BASIS,False,False
2025-08-04|30770,2025-08-04,30770,13:30,13:35,5,PARTIAL,1,4,,,SCALE_INSUFFICIENT,,True,,,,CURRENT_BAR_UNAVAILABLE,OBSERVATION_INSUFFICIENT,9,0,0,False,0,0,False,INHERITED_RAW_PRICE_BASIS,False,False
2025-08-04|30770,2025-08-04,30770,13:30,13:40,10,UNAVAILABLE,0,5,,,SCALE_INSUFFICIENT,,True,,,,CURRENT_BAR_UNAVAILABLE,OBSERVATION_INSUFFICIENT,9,0,0,False,0,0,False,INHERITED_RAW_PRICE_BASIS,False,False
2025-08-04|30770,2025-08-04,30770,13:30,13:45,15,PARTIAL,1,4,,,SCALE_INSUFFICIENT,,True,,,,CURRENT_BAR_UNAVAILABLE,OBSERVATION_INSUFFICIENT,9,0,0,False,0,0,False,INHERITED_RAW_PRICE_BASIS,False,False
2025-08-04|30770,2025-08-04,30770,13:30,13:50,20,UNAVAILABLE,0,5,,,SCALE_INSUFFICIENT,,True,,,,CURRENT_BAR_UNAVAILABLE,OBSERVATION_INSUFFICIENT,9,0,0,False,0,0,False,INHERITED_RAW_PRICE_BASIS,False,False
2025-08-04|30770,2025-08-04,30770,13:30,13:55,25,PARTIAL,1,4,,,SCALE_INSUFFICIENT,,True,,,,CURRENT_BAR_UNAVAILABLE,OBSERVATION_INSUFFICIENT,10,0,0,False,0,0,False,INHERITED_RAW_PRICE_BASIS,False,False
2025-08-04|30770,2025-08-04,30770,13:30,14:00,30,UNAVAILABLE,0,5,,,SCALE_INSUFFICIENT,,True,,,,CURRENT_BAR_UNAVAILABLE,OBSERVATION_INSUFFICIENT,8,0,0,False,0,0,False,INHERITED_RAW_PRICE_BASIS,False,False
2025-08-04|30770,2025-08-04,30770,13:30,14:05,35,UNAVAILABLE,0,5,,,SCALE_INSUFFICIENT,,True,,,,CURRENT_BAR_UNAVAILABLE,OBSERVATION_INSUFFICIENT,8,0,0,False,0,0,False,INHERITED_RAW_PRICE_BASIS,False,False
2025-08-04|30770,2025-08-04,30770,13:30,14:10,40,PARTIAL,2,3,,,SCALE_INSUFFICIENT,,True,,,,SCALE_UNAVAILABLE,OBSERVATION_INSUFFICIENT,10,0,0,False,0,0,False,INHERITED_RAW_PRICE_BASIS,False,False
2025-08-04|30770,2025-08-04,30770,13:30,14:15,45,UNAVAILABLE,0,5,,,SCALE_INSUFFICIENT,,True,,,,CURRENT_BAR_UNAVAILABLE,OBSERVATION_INSUFFICIENT,9,0,0,False,0,0,False,INHERITED_RAW_PRICE_BASIS,False,False
2025-08-04|30770,2025-08-04,30770,13:30,14:20,50,UNAVAILABLE,0,5,,,SCALE_INSUFFICIENT,,True,,,,CURRENT_BAR_UNAVAILABLE,OBSERVATION_INSUFFICIENT,9,0,0,False,0,0,False,INHERITED_RAW_PRICE_BASIS,False,False
2025-08-04|30770,2025-08-04,30770,13:30,14:25,55,PARTIAL,1,4,,,SCALE_INSUFFICIENT,,True,,,,CURRENT_BAR_UNAVAILABLE,OBSERVATION_INSUFFICIENT,8,0,0,False,0,0,False,INHERITED_RAW_PRICE_BASIS,False,False
2025-08-04|30770,2025-08-04,30770,13:30,14:30,60,UNAVAILABLE,0,5,,,SCALE_INSUFFICIENT,,True,,,,CURRENT_BAR_UNAVAILABLE,OBSERVATION_INSUFFICIENT,5,0,0,False,0,0,False,INHERITED_RAW_PRICE_BASIS,False,False
2025-08-04|30770,2025-08-04,30770,13:30,14:35,65,PARTIAL,2,3,,,SCALE_INSUFFICIENT,,True,,,,CURRENT_BAR_UNAVAILABLE,OBSERVATION_INSUFFICIENT,6,0,0,False,0,0,False,INHERITED_RAW_PRICE_BASIS,False,False
2025-08-04|30770,2025-08-04,30770,13:30,14:40,70,PARTIAL,3,2,,,SCALE_INSUFFICIENT,,True,,,,SCALE_UNAVAILABLE,OBSERVATION_INSUFFICIENT,6,0,0,False,0,0,False,INHERITED_RAW_PRICE_BASIS,False,False
2025-08-04|30770,2025-08-04,30770,13:30,14:45,75,PARTIAL,1,4,,,SCALE_INSUFFICIENT,,True,,,,CURRENT_BAR_UNAVAILABLE,OBSERVATION_INSUFFICIENT,5,0,0,False,0,0,False,INHERITED_RAW_PRICE_BASIS,False,False
2025-08-04|30770,2025-08-04,30770,13:30,14:50,80,PARTIAL,3,2,,,SCALE_INSUFFICIENT,,True,,,,SCALE_UNAVAILABLE,OBSERVATION_INSUFFICIENT,7,0,0,False,0,0,False,INHERITED_RAW_PRICE_BASIS,False,False
2025-08-04|30770,2025-08-04,30770,13:30,14:55,85,PARTIAL,2,3,,,SCALE_INSUFFICIENT,,True,,,,CURRENT_BAR_UNAVAILABLE,OBSERVATION_INSUFFICIENT,7,0,0,False,0,0,False,INHERITED_RAW_PRICE_BASIS,False,False
2025-08-04|30770,2025-08-04,30770,13:30,15:00,90,PARTIAL,1,4,,,SCALE_INSUFFICIENT,,True,,,,CURRENT_BAR_UNAVAILABLE,OBSERVATION_INSUFFICIENT,8,0,0,False,0,0,False,INHERITED_RAW_PRICE_BASIS,False,False
2025-08-04|30770,2025-08-04,30770,13:30,15:05,95,PARTIAL,2,3,,,SCALE_INSUFFICIENT,,True,,,,SCALE_UNAVAILABLE,OBSERVATION_INSUFFICIENT,10,0,0,False,0,0,False,INHERITED_RAW_PRICE_BASIS,False,False
2025-08-04|30770,2025-08-04,30770,13:30,15:10,100,UNAVAILABLE,0,5,,,SCALE_INSUFFICIENT,,True,,,,CURRENT_BAR_UNAVAILABLE,OBSERVATION_INSUFFICIENT,9,0,0,False,0,0,False,INHERITED_RAW_PRICE_BASIS,False,False
2025-08-04|30770,2025-08-04,30770,13:30,15:15,105,UNAVAILABLE,0,5,,,SCALE_INSUFFICIENT,,True,,,,CURRENT_BAR_UNAVAILABLE,OBSERVATION_INSUFFICIENT,8,0,0,False,0,0,False,INHERITED_RAW_PRICE_BASIS,False,False
2025-08-04|30770,2025-08-04,30770,13:30,15:20,110,PARTIAL,1,4,,,SCALE_INSUFFICIENT,,True,,,,CURRENT_BAR_UNAVAILABLE,RIGHT_CENSORED,4,0,0,False,0,0,False,INHERITED_RAW_PRICE_BASIS,False,False
2025-08-04|30770,2025-08-04,30770,13:30,15:25,115,PARTIAL,1,4,,,SCALE_INSUFFICIENT,,True,,,,CURRENT_BAR_UNAVAILABLE,RIGHT_CENSORED,0,0,0,False,0,0,False,INHERITED_RAW_PRICE_BASIS,False,False
2025-08-04|31100,2025-08-04,31100,09:30,09:30,0,COMPLETE,5,0,UP,0.3616636528028933,AVAILABLE,30.0,True,,RECOVERY,RANGE_COMPRESSION,UNRESOLVED_STRUCTURE,WINDOW_OBSERVED,0,0,4,False,4,2,True,INHERITED_RAW_PRICE_BASIS,False,False
2025-08-04|31100,2025-08-04,31100,09:30,09:35,5,COMPLETE,5,0,UP,0.7220216606498195,AVAILABLE,30.0,True,,RECOVERY,VOLUME_COMPRESSION|TRADING_VALUE_COMPRESSION,UNRESOLVED_STRUCTURE,WINDOW_OBSERVED,0,0,4,False,0,0,True,INHERITED_RAW_PRICE_BASIS,True,False
2025-08-04|31100,2025-08-04,31100,09:30,09:40,10,COMPLETE,5,0,DOWN,-0.17921146953405018,AVAILABLE,30.0,True,DOWN_STRUCTURE,PROGRESSION,CHOPPINESS,IDENTIFIED,WINDOW_OBSERVED,0,1,5,False,0,0,True,INHERITED_RAW_PRICE_BASIS,True,True
2025-08-04|31100,2025-08-04,31100,09:30,09:45,15,COMPLETE,5,0,DOWN,-0.17985611510791366,AVAILABLE,30.0,True,DOWN_STRUCTURE,CORRECTION|RECOVERY,CHOPPINESS,IDENTIFIED,WINDOW_OBSERVED,0,1,8,False,0,0,True,INHERITED_RAW_PRICE_BASIS,True,True
2025-08-04|31100,2025-08-04,31100,09:30,09:50,20,COMPLETE,5,0,UP,0.36036036036036034,AVAILABLE,30.0,True,DOWN_STRUCTURE,CORRECTION|RECOVERY,RANGE_COMPRESSION|VOLUME_COMPRESSION|TRADING_VALUE_COMPRESSION,IDENTIFIED,WINDOW_OBSERVED,0,0,8,False,0,0,True,INHERITED_RAW_PRICE_BASIS,True,False
2025-08-04|31100,2025-08-04,31100,09:30,09:55,25,COMPLETE,5,0,UP,0.3590664272890485,AVAILABLE,30.0,True,DOWN_STRUCTURE,,,IDENTIFIED,OBSERVATION_INSUFFICIENT,2,1,9,False,1,0,True,INHERITED_RAW_PRICE_BASIS,True,True
2025-08-04|31100,2025-08-04,31100,09:30,10:00,30,COMPLETE,5,0,DOWN,-1.2522361359570662,AVAILABLE,30.0,True,DOWN_STRUCTURE,PROGRESSION,RANGE_EXPANSION,IDENTIFIED,OBSERVATION_INSUFFICIENT,4,0,9,False,1,3,True,INHERITED_RAW_PRICE_BASIS,True,True
2025-08-04|31100,2025-08-04,31100,09:30,10:05,35,PARTIAL,3,2,,,AVAILABLE,30.0,True,,,,CURRENT_BAR_UNAVAILABLE,OBSERVATION_INSUFFICIENT,2,0,0,False,0,0,False,INHERITED_RAW_PRICE_BASIS,False,False
2025-08-04|31100,2025-08-04,31100,09:30,10:10,40,PARTIAL,3,2,,,AVAILABLE,30.0,True,,,,UNRESOLVED_STRUCTURE,OBSERVATION_INSUFFICIENT,1,0,0,False,0,0,False,INHERITED_RAW_PRICE_BASIS,False,False
2025-08-04|31100,2025-08-04,31100,09:30,10:15,45,COMPLETE,5,0,UNCHANGED,0.0,AVAILABLE,30.0,True,,,,UNRESOLVED_STRUCTURE,OBSERVATION_INSUFFICIENT,4,0,0,False,0,0,False,INHERITED_RAW_PRICE_BASIS,False,False
2025-08-04|31100,2025-08-04,31100,09:30,10:20,50,PARTIAL,4,1,,,AVAILABLE,30.0,True,,,,CURRENT_BAR_UNAVAILABLE,OBSERVATION_INSUFFICIENT,3,0,0,False,0,0,False,INHERITED_RAW_PRICE_BASIS,False,False
2025-08-04|31100,2025-08-04,31100,09:30,10:25,55,PARTIAL,2,3,,,AVAILABLE,30.0,True,,,,CURRENT_BAR_UNAVAILABLE,WINDOW_OBSERVED,0,0,0,False,0,0,False,INHERITED_RAW_PRICE_BASIS,False,False
2025-08-04|31100,2025-08-04,31100,09:30,10:30,60,COMPLETE,5,0,UP,0.18181818181818182,AVAILABLE,30.0,True,,,CHOPPINESS,UNRESOLVED_STRUCTURE,WINDOW_OBSERVED,0,1,1,False,0,2,False,INHERITED_RAW_PRICE_BASIS,False,False
2025-08-04|31100,2025-08-04,31100,09:30,10:35,65,COMPLETE,5,0,UNCHANGED,0.0,AVAILABLE,30.0,True,,,RANGE_EXPANSION,UNRESOLVED_STRUCTURE,WINDOW_OBSERVED,0,0,1,False,0,1,False,INHERITED_RAW_PRICE_BASIS,True,False
2025-08-04|31100,2025-08-04,31100,09:30,10:40,70,COMPLETE,5,0,UP,0.5444646098003629,AVAILABLE,30.0,True,,,RANGE_EXPANSION,UNRESOLVED_STRUCTURE,OBSERVATION_INSUFFICIENT,1,1,2,False,0,0,False,INHERITED_RAW_PRICE_BASIS,True,False
2025-08-04|31100,2025-08-04,31100,09:30,10:45,75,COMPLETE,5,0,DOWN,-0.18050541516245489,AVAILABLE,30.0,True,,,RANGE_COMPRESSION|VOLUME_COMPRESSION|TRADING_VALUE_COMPRESSION,UNRESOLVED_STRUCTURE,OBSERVATION_INSUFFICIENT,1,1,2,False,0,0,False,INHERITED_RAW_PRICE_BASIS,True,False
2025-08-04|31100,2025-08-04,31100,09:30,10:50,80,PARTIAL,4,1,,,AVAILABLE,30.0,True,,,,UNRESOLVED_STRUCTURE,WINDOW_OBSERVED,0,0,0,False,0,2,False,INHERITED_RAW_PRICE_BASIS,False,False
2025-08-04|31100,2025-08-04,31100,09:30,10:55,85,COMPLETE,5,0,UNCHANGED,0.0,AVAILABLE,30.0,True,,,,UNRESOLVED_STRUCTURE,WINDOW_OBSERVED,0,0,0,False,0,1,False,INHERITED_RAW_PRICE_BASIS,False,False
2025-08-04|31100,2025-08-04,31100,09:30,11:00,90,COMPLETE,5,0,DOWN,-0.18148820326678766,AVAILABLE,30.0,True,,,RANGE_COMPRESSION|VOLUME_COMPRESSION|TRADING_VALUE_COMPRESSION,UNRESOLVED_STRUCTURE,WINDOW_OBSERVED,0,0,0,False,0,1,False,INHERITED_RAW_PRICE_BASIS,True,False
2025-08-04|31100,2025-08-04,31100,09:30,11:05,95,COMPLETE,5,0,UNCHANGED,0.0,AVAILABLE,30.0,True,,,,UNRESOLVED_STRUCTURE,WINDOW_OBSERVED,0,0,0,False,0,2,False,INHERITED_RAW_PRICE_BASIS,True,False
2025-08-04|31100,2025-08-04,31100,09:30,11:10,100,COMPLETE,5,0,DOWN,-0.18148820326678766,AVAILABLE,30.0,True,,,,UNRESOLVED_STRUCTURE,WINDOW_OBSERVED,0,0,0,False,0,0,False,INHERITED_RAW_PRICE_BASIS,True,False
2025-08-04|31100,2025-08-04,31100,09:30,11:15,105,COMPLETE,5,0,UNCHANGED,0.0,AVAILABLE,30.0,True,,,VOLUME_COMPRESSION|TRADING_VALUE_COMPRESSION,UNRESOLVED_STRUCTURE,WINDOW_OBSERVED,0,0,0,False,0,1,False,INHERITED_RAW_PRICE_BASIS,True,False
2025-08-04|31100,2025-08-04,31100,09:30,11:20,110,COMPLETE,5,0,UP,0.18181818181818182,AVAILABLE,30.0,True,,,,UNRESOLVED_STRUCTURE,WINDOW_OBSERVED,0,1,1,False,0,1,False,INHERITED_RAW_PRICE_BASIS,True,False
2025-08-04|31100,2025-08-04,31100,09:30,11:25,115,COMPLETE,5,0,UP,0.18181818181818182,AVAILABLE,30.0,True,RANGE_STRUCTURE,BALANCE,VOLUME_EXPANSION|TRADING_VALUE_EXPANSION,IDENTIFIED,WINDOW_OBSERVED,0,1,1,True,0,0,True,INHERITED_RAW_PRICE_BASIS,True,True
2025-08-04|31100,2025-08-04,31100,09:30,11:30,120,COMPLETE,5,0,UP,0.9074410163339383,AVAILABLE,30.0,True,,RESTRUCTURING,RANGE_EXPANSION|VOLUME_EXPANSION|TRADING_VALUE_EXPANSION,UNRESOLVED_STRUCTURE,WINDOW_OBSERVED,0,0,1,False,0,1,True,INHERITED_RAW_PRICE_BASIS,True,True
2025-08-04|31100,2025-08-04,31100,09:30,12:35,125,COMPLETE,5,0,DOWN,-0.539568345323741,AVAILABLE,30.0,True,,RESTRUCTURING,,UNRESOLVED_STRUCTURE,WINDOW_OBSERVED,0,1,2,False,0,0,True,INHERITED_RAW_PRICE_BASIS,True,False
2025-08-04|31100,2025-08-04,31100,09:30,12:40,130,COMPLETE,5,0,UP,0.5424954792043399,AVAILABLE,30.0,True,,RESTRUCTURING,RANGE_COMPRESSION|VOLUME_COMPRESSION|TRADING_VALUE_COMPRESSION,UNRESOLVED_STRUCTURE,WINDOW_OBSERVED,0,1,3,False,0,0,True,INHERITED_RAW_PRICE_BASIS,True,False
2025-08-04|31100,2025-08-04,31100,09:30,12:45,135,COMPLETE,5,0,DOWN,-0.5405405405405406,AVAILABLE,30.0,True,,RESTRUCTURING,,UNRESOLVED_STRUCTURE,WINDOW_OBSERVED,0,0,3,False,0,1,True,INHERITED_RAW_PRICE_BASIS,True,False
2025-08-04|31100,2025-08-04,31100,09:30,12:50,140,COMPLETE,5,0,DOWN,-0.18083182640144665,AVAILABLE,30.0,True,,RESTRUCTURING,RANGE_COMPRESSION|VOLUME_COMPRESSION|TRADING_VALUE_COMPRESSION,UNRESOLVED_STRUCTURE,WINDOW_OBSERVED,0,0,3,False,0,1,True,INHERITED_RAW_PRICE_BASIS,True,False
2025-08-04|31100,2025-08-04,31100,09:30,12:55,145,COMPLETE,5,0,DOWN,-0.36231884057971014,AVAILABLE,30.0,True,,RESTRUCTURING,RANGE_EXPANSION|VOLUME_EXPANSION|TRADING_VALUE_EXPANSION,UNRESOLVED_STRUCTURE,WINDOW_OBSERVED,0,0,3,False,0,0,True,INHERITED_RAW_PRICE_BASIS,True,False
2025-08-04|31100,2025-08-04,31100,09:30,13:00,150,COMPLETE,5,0,UNCHANGED,0.0,AVAILABLE,30.0,True,,RESTRUCTURING,RANGE_COMPRESSION|VOLUME_COMPRESSION|TRADING_VALUE_COMPRESSION,UNRESOLVED_STRUCTURE,WINDOW_OBSERVED,0,0,3,False,0,1,True,INHERITED_RAW_PRICE_BASIS,True,False
2025-08-04|31100,2025-08-04,31100,09:30,13:05,155,COMPLETE,5,0,UP,0.18181818181818182,AVAILABLE,30.0,True,RANGE_STRUCTURE,BALANCE,,IDENTIFIED,OBSERVATION_INSUFFICIENT,2,0,3,True,0,2,True,INHERITED_RAW_PRICE_BASIS,True,True
2025-08-04|31100,2025-08-04,31100,09:30,13:10,160,COMPLETE,5,0,DOWN,-0.18148820326678766,AVAILABLE,30.0,True,RANGE_STRUCTURE,BALANCE,VOLUME_EXPANSION|TRADING_VALUE_EXPANSION,IDENTIFIED,OBSERVATION_INSUFFICIENT,7,0,3,True,0,0,True,INHERITED_RAW_PRICE_BASIS,True,False
2025-08-04|31100,2025-08-04,31100,09:30,13:15,165,PARTIAL,3,2,,,AVAILABLE,30.0,True,,,,CURRENT_BAR_UNAVAILABLE,OBSERVATION_INSUFFICIENT,10,0,0,False,0,0,False,INHERITED_RAW_PRICE_BASIS,False,False
2025-08-04|31100,2025-08-04,31100,09:30,13:20,170,UNAVAILABLE,0,5,,,AVAILABLE,30.0,True,,,,CURRENT_BAR_UNAVAILABLE,OBSERVATION_INSUFFICIENT,10,0,0,False,0,0,False,INHERITED_RAW_PRICE_BASIS,False,False
2025-08-04|31100,2025-08-04,31100,09:30,13:25,175,UNAVAILABLE,0,5,,,AVAILABLE,30.0,True,,,,CURRENT_BAR_UNAVAILABLE,OBSERVATION_INSUFFICIENT,10,0,0,False,0,0,False,INHERITED_RAW_PRICE_BASIS,False,False
2025-08-04|31100,2025-08-04,31100,09:30,13:30,180,UNAVAILABLE,0,5,,,AVAILABLE,30.0,True,,,,CURRENT_BAR_UNAVAILABLE,OBSERVATION_INSUFFICIENT,10,0,0,False,0,0,False,INHERITED_RAW_PRICE_BASIS,False,False
2025-08-04|31100,2025-08-04,31100,09:30,13:35,185,UNAVAILABLE,0,5,,,AVAILABLE,30.0,True,,,,CURRENT_BAR_UNAVAILABLE,OBSERVATION_INSUFFICIENT,9,0,0,False,0,0,False,INHERITED_RAW_PRICE_BASIS,False,False
2025-08-04|31100,2025-08-04,31100,09:30,13:40,190,UNAVAILABLE,0,5,,,AVAILABLE,30.0,True,,,,CURRENT_BAR_UNAVAILABLE,OBSERVATION_INSUFFICIENT,9,0,0,False,0,0,False,INHERITED_RAW_PRICE_BASIS,False,False
2025-08-04|31100,2025-08-04,31100,09:30,13:45,195,PARTIAL,1,4,,,AVAILABLE,30.0,True,,,,CURRENT_BAR_UNAVAILABLE,OBSERVATION_INSUFFICIENT,10,0,0,False,0,0,False,INHERITED_RAW_PRICE_BASIS,False,False
2025-08-04|31100,2025-08-04,31100,09:30,13:50,200,UNAVAILABLE,0,5,,,AVAILABLE,30.0,True,,,,CURRENT_BAR_UNAVAILABLE,OBSERVATION_INSUFFICIENT,10,0,0,False,0,0,False,INHERITED_RAW_PRICE_BASIS,False,False
2025-08-04|31100,2025-08-04,31100,09:30,13:55,205,UNAVAILABLE,0,5,,,AVAILABLE,30.0,True,,,,CURRENT_BAR_UNAVAILABLE,OBSERVATION_INSUFFICIENT,10,0,0,False,0,0,False,INHERITED_RAW_PRICE_BASIS,False,False
2025-08-04|31100,2025-08-04,31100,09:30,14:00,210,UNAVAILABLE,0,5,,,AVAILABLE,30.0,True,,,,CURRENT_BAR_UNAVAILABLE,OBSERVATION_INSUFFICIENT,10,0,0,False,0,0,False,INHERITED_RAW_PRICE_BASIS,False,False
2025-08-04|31100,2025-08-04,31100,09:30,14:05,215,UNAVAILABLE,0,5,,,AVAILABLE,30.0,True,,,,CURRENT_BAR_UNAVAILABLE,OBSERVATION_INSUFFICIENT,10,0,0,False,0,0,False,INHERITED_RAW_PRICE_BASIS,False,False
2025-08-04|31100,2025-08-04,31100,09:30,14:10,220,UNAVAILABLE,0,5,,,AVAILABLE,30.0,True,,,,CURRENT_BAR_UNAVAILABLE,OBSERVATION_INSUFFICIENT,10,0,0,False,0,0,False,INHERITED_RAW_PRICE_BASIS,False,False
2025-08-04|31100,2025-08-04,31100,09:30,14:15,225,UNAVAILABLE,0,5,,,AVAILABLE,30.0,True,,,,CURRENT_BAR_UNAVAILABLE,OBSERVATION_INSUFFICIENT,10,0,0,False,0,0,False,INHERITED_RAW_PRICE_BASIS,False,False
2025-08-04|31100,2025-08-04,31100,09:30,14:20,230,UNAVAILABLE,0,5,,,AVAILABLE,30.0,True,,,,CURRENT_BAR_UNAVAILABLE,OBSERVATION_INSUFFICIENT,10,0,0,False,0,0,False,INHERITED_RAW_PRICE_BASIS,False,False
2025-08-04|31100,2025-08-04,31100,09:30,14:25,235,UNAVAILABLE,0,5,,,AVAILABLE,30.0,True,,,,CURRENT_BAR_UNAVAILABLE,OBSERVATION_INSUFFICIENT,10,0,0,False,0,0,False,INHERITED_RAW_PRICE_BASIS,False,False
2025-08-04|31100,2025-08-04,31100,09:30,14:30,240,UNAVAILABLE,0,5,,,AVAILABLE,30.0,True,,,,CURRENT_BAR_UNAVAILABLE,OBSERVATION_INSUFFICIENT,10,0,0,False,0,0,False,INHERITED_RAW_PRICE_BASIS,False,False
2025-08-04|31100,2025-08-04,31100,09:30,14:35,245,UNAVAILABLE,0,5,,,AVAILABLE,30.0,True,,,,CURRENT_BAR_UNAVAILABLE,OBSERVATION_INSUFFICIENT,10,0,0,False,0,0,False,INHERITED_RAW_PRICE_BASIS,False,False
2025-08-04|31100,2025-08-04,31100,09:30,14:40,250,UNAVAILABLE,0,5,,,AVAILABLE,30.0,True,,,,CURRENT_BAR_UNAVAILABLE,OBSERVATION_INSUFFICIENT,10,0,0,False,0,0,False,INHERITED_RAW_PRICE_BASIS,False,False
2025-08-04|31100,2025-08-04,31100,09:30,14:45,255,UNAVAILABLE,0,5,,,AVAILABLE,30.0,True,,,,CURRENT_BAR_UNAVAILABLE,OBSERVATION_INSUFFICIENT,10,0,0,False,0,0,False,INHERITED_RAW_PRICE_BASIS,False,False
2025-08-04|31100,2025-08-04,31100,09:30,14:50,260,UNAVAILABLE,0,5,,,AVAILABLE,30.0,True,,,,CURRENT_BAR_UNAVAILABLE,OBSERVATION_INSUFFICIENT,10,0,0,False,0,0,False,INHERITED_RAW_PRICE_BASIS,False,False
2025-08-04|31100,2025-08-04,31100,09:30,14:55,265,UNAVAILABLE,0,5,,,AVAILABLE,30.0,True,,,,CURRENT_BAR_UNAVAILABLE,OBSERVATION_INSUFFICIENT,10,0,0,False,0,0,False,INHERITED_RAW_PRICE_BASIS,False,False
2025-08-04|31100,2025-08-04,31100,09:30,15:00,270,UNAVAILABLE,0,5,,,AVAILABLE,30.0,True,,,,CURRENT_BAR_UNAVAILABLE,OBSERVATION_INSUFFICIENT,10,0,0,False,0,0,False,INHERITED_RAW_PRICE_BASIS,False,False
2025-08-04|31100,2025-08-04,31100,09:30,15:05,275,UNAVAILABLE,0,5,,,AVAILABLE,30.0,True,,,,CURRENT_BAR_UNAVAILABLE,OBSERVATION_INSUFFICIENT,10,0,0,False,0,0,False,INHERITED_RAW_PRICE_BASIS,False,False
2025-08-04|31100,2025-08-04,31100,09:30,15:10,280,UNAVAILABLE,0,5,,,AVAILABLE,30.0,True,,,,CURRENT_BAR_UNAVAILABLE,OBSERVATION_INSUFFICIENT,8,0,0,False,0,0,False,INHERITED_RAW_PRICE_BASIS,False,False
2025-08-04|31100,2025-08-04,31100,09:30,15:15,285,UNAVAILABLE,0,5,,,AVAILABLE,30.0,True,,,,CURRENT_BAR_UNAVAILABLE,OBSERVATION_INSUFFICIENT,8,0,0,False,0,0,False,INHERITED_RAW_PRICE_BASIS,False,False
2025-08-04|31100,2025-08-04,31100,09:30,15:20,290,PARTIAL,2,3,,,AVAILABLE,30.0,True,,,,UNRESOLVED_STRUCTURE,RIGHT_CENSORED,5,0,0,False,0,0,False,INHERITED_RAW_PRICE_BASIS,False,False
2025-08-04|31100,2025-08-04,31100,09:30,15:25,295,UNAVAILABLE,0,5,,,AVAILABLE,30.0,True,,,,CURRENT_BAR_UNAVAILABLE,RIGHT_CENSORED,0,0,0,False,0,0,False,INHERITED_RAW_PRICE_BASIS,False,False
2025-08-04|31370,2025-08-04,31370,11:00,11:00,0,COMPLETE,5,0,DOWN,-1.3725490196078431,AVAILABLE,8.0,True,,,,UNRESOLVED_STRUCTURE,WINDOW_OBSERVED,0,0,0,False,0,0,False,INHERITED_RAW_PRICE_BASIS,False,False
2025-08-04|31370,2025-08-04,31370,11:00,11:05,5,COMPLETE,5,0,UNCHANGED,0.0,AVAILABLE,8.0,True,,,CHOPPINESS,UNRESOLVED_STRUCTURE,WINDOW_OBSERVED,0,1,1,False,0,0,False,INHERITED_RAW_PRICE_BASIS,True,False
2025-08-04|31370,2025-08-04,31370,11:00,11:10,10,COMPLETE,5,0,DOWN,-0.5928853754940712,AVAILABLE,8.0,True,,,RANGE_COMPRESSION|VOLUME_COMPRESSION|TRADING_VALUE_COMPRESSION,UNRESOLVED_STRUCTURE,WINDOW_OBSERVED,0,1,1,False,0,0,False,INHERITED_RAW_PRICE_BASIS,True,False
2025-08-04|31370,2025-08-04,31370,11:00,11:15,15,COMPLETE,5,0,UP,1.5873015873015872,AVAILABLE,8.0,True,,,RANGE_EXPANSION|VOLUME_EXPANSION|TRADING_VALUE_EXPANSION,UNRESOLVED_STRUCTURE,OBSERVATION_INSUFFICIENT,2,0,1,False,0,0,False,INHERITED_RAW_PRICE_BASIS,True,False
2025-08-04|31370,2025-08-04,31370,11:00,11:20,20,COMPLETE,5,0,DOWN,-0.390625,AVAILABLE,8.0,True,,,CHOPPINESS|RANGE_COMPRESSION,UNRESOLVED_STRUCTURE,OBSERVATION_INSUFFICIENT,2,0,1,False,0,3,False,INHERITED_RAW_PRICE_BASIS,True,False
2025-08-04|31370,2025-08-04,31370,11:00,11:25,25,PARTIAL,3,2,,,AVAILABLE,8.0,True,,,,UNRESOLVED_STRUCTURE,OBSERVATION_INSUFFICIENT,1,0,0,False,0,0,False,INHERITED_RAW_PRICE_BASIS,False,False
2025-08-04|31370,2025-08-04,31370,11:00,11:30,30,COMPLETE,5,0,DOWN,-0.5905511811023622,AVAILABLE,8.0,True,,,,UNRESOLVED_STRUCTURE,OBSERVATION_INSUFFICIENT,1,0,0,False,0,0,False,INHERITED_RAW_PRICE_BASIS,False,False
2025-08-04|31370,2025-08-04,31370,11:00,12:35,35,PARTIAL,4,1,,,AVAILABLE,8.0,True,,,,UNRESOLVED_STRUCTURE,OBSERVATION_INSUFFICIENT,1,0,0,False,0,0,False,INHERITED_RAW_PRICE_BASIS,False,False
2025-08-04|31370,2025-08-04,31370,11:00,12:40,40,COMPLETE,5,0,UP,0.3968253968253968,AVAILABLE,8.0,True,,,,UNRESOLVED_STRUCTURE,OBSERVATION_INSUFFICIENT,3,0,0,False,0,0,False,INHERITED_RAW_PRICE_BASIS,False,False
2025-08-04|31370,2025-08-04,31370,11:00,12:45,45,PARTIAL,4,1,,,AVAILABLE,8.0,True,,,,UNRESOLVED_STRUCTURE,OBSERVATION_INSUFFICIENT,3,0,0,False,0,0,False,INHERITED_RAW_PRICE_BASIS,False,False
2025-08-04|31370,2025-08-04,31370,11:00,12:50,50,PARTIAL,3,2,,,AVAILABLE,8.0,True,,,,CURRENT_BAR_UNAVAILABLE,OBSERVATION_INSUFFICIENT,3,0,0,False,0,0,False,INHERITED_RAW_PRICE_BASIS,False,False
2025-08-04|31370,2025-08-04,31370,11:00,12:55,55,PARTIAL,4,1,,,AVAILABLE,8.0,True,,,,UNRESOLVED_STRUCTURE,OBSERVATION_INSUFFICIENT,4,0,0,False,0,0,False,INHERITED_RAW_PRICE_BASIS,False,False
2025-08-04|31370,2025-08-04,31370,11:00,13:00,60,PARTIAL,3,2,,,AVAILABLE,8.0,True,,,,UNRESOLVED_STRUCTURE,OBSERVATION_INSUFFICIENT,3,0,0,False,0,0,False,INHERITED_RAW_PRICE_BASIS,False,False
2025-08-04|31370,2025-08-04,31370,11:00,13:05,65,PARTIAL,3,2,,,AVAILABLE,8.0,True,,,,CURRENT_BAR_UNAVAILABLE,OBSERVATION_INSUFFICIENT,3,0,0,False,0,0,False,INHERITED_RAW_PRICE_BASIS,False,False
2025-08-04|31370,2025-08-04,31370,11:00,13:10,70,PARTIAL,4,1,,,AVAILABLE,8.0,True,,,,UNRESOLVED_STRUCTURE,OBSERVATION_INSUFFICIENT,4,0,0,False,0,0,False,INHERITED_RAW_PRICE_BASIS,False,False
2025-08-04|31370,2025-08-04,31370,11:00,13:15,75,PARTIAL,3,2,,,AVAILABLE,8.0,True,,,,CURRENT_BAR_UNAVAILABLE,OBSERVATION_INSUFFICIENT,5,0,0,False,0,0,False,INHERITED_RAW_PRICE_BASIS,False,False
2025-08-04|31370,2025-08-04,31370,11:00,13:20,80,PARTIAL,3,2,,,AVAILABLE,8.0,True,,,,UNRESOLVED_STRUCTURE,OBSERVATION_INSUFFICIENT,3,0,0,False,0,0,False,INHERITED_RAW_PRICE_BASIS,False,False
2025-08-04|31370,2025-08-04,31370,11:00,13:25,85,PARTIAL,2,3,,,AVAILABLE,8.0,True,,,,UNRESOLVED_STRUCTURE,OBSERVATION_INSUFFICIENT,1,0,0,False,0,0,False,INHERITED_RAW_PRICE_BASIS,False,False
2025-08-04|31370,2025-08-04,31370,11:00,13:30,90,COMPLETE,5,0,UP,0.1968503937007874,AVAILABLE,8.0,True,,,,UNRESOLVED_STRUCTURE,OBSERVATION_INSUFFICIENT,2,0,0,False,0,0,False,INHERITED_RAW_PRICE_BASIS,False,False
2025-08-04|31370,2025-08-04,31370,11:00,13:35,95,PARTIAL,4,1,,,AVAILABLE,8.0,True,,,,UNRESOLVED_STRUCTURE,OBSERVATION_INSUFFICIENT,2,0,0,False,0,0,False,INHERITED_RAW_PRICE_BASIS,False,False
2025-08-04|31370,2025-08-04,31370,11:00,13:40,100,PARTIAL,4,1,,,AVAILABLE,8.0,True,,,,UNRESOLVED_STRUCTURE,OBSERVATION_INSUFFICIENT,4,0,0,False,0,0,False,INHERITED_RAW_PRICE_BASIS,False,False
2025-08-04|31370,2025-08-04,31370,11:00,13:45,105,PARTIAL,4,1,,,AVAILABLE,8.0,True,,,,UNRESOLVED_STRUCTURE,OBSERVATION_INSUFFICIENT,5,0,0,False,0,0,False,INHERITED_RAW_PRICE_BASIS,False,False
2025-08-04|31370,2025-08-04,31370,11:00,13:50,110,PARTIAL,2,3,,,AVAILABLE,8.0,True,,,,UNRESOLVED_STRUCTURE,OBSERVATION_INSUFFICIENT,4,0,0,False,0,0,False,INHERITED_RAW_PRICE_BASIS,False,False
2025-08-04|31370,2025-08-04,31370,11:00,13:55,115,PARTIAL,3,2,,,AVAILABLE,8.0,True,,,,UNRESOLVED_STRUCTURE,OBSERVATION_INSUFFICIENT,3,0,0,False,0,0,False,INHERITED_RAW_PRICE_BASIS,False,False
2025-08-04|31370,2025-08-04,31370,11:00,14:00,120,PARTIAL,3,2,,,AVAILABLE,8.0,True,,,,UNRESOLVED_STRUCTURE,OBSERVATION_INSUFFICIENT,3,0,0,False,0,0,False,INHERITED_RAW_PRICE_BASIS,False,False
2025-08-04|31370,2025-08-04,31370,11:00,14:05,125,PARTIAL,4,1,,,AVAILABLE,8.0,True,,,,UNRESOLVED_STRUCTURE,OBSERVATION_INSUFFICIENT,5,0,0,False,0,0,False,INHERITED_RAW_PRICE_BASIS,False,False
2025-08-04|31370,2025-08-04,31370,11:00,14:10,130,PARTIAL,3,2,,,AVAILABLE,8.0,True,,,,CURRENT_BAR_UNAVAILABLE,OBSERVATION_INSUFFICIENT,4,0,0,False,0,0,False,INHERITED_RAW_PRICE_BASIS,False,False
2025-08-04|31370,2025-08-04,31370,11:00,14:15,135,PARTIAL,2,3,,,AVAILABLE,8.0,True,,,,CURRENT_BAR_UNAVAILABLE,OBSERVATION_INSUFFICIENT,1,0,0,False,0,0,False,INHERITED_RAW_PRICE_BASIS,False,False
2025-08-04|31370,2025-08-04,31370,11:00,14:20,140,PARTIAL,4,1,,,AVAILABLE,8.0,True,,,,UNRESOLVED_STRUCTURE,OBSERVATION_INSUFFICIENT,1,0,0,False,0,0,False,INHERITED_RAW_PRICE_BASIS,False,False
2025-08-04|31370,2025-08-04,31370,11:00,14:25,145,COMPLETE,5,0,UNCHANGED,0.0,AVAILABLE,8.0,True,,,,UNRESOLVED_STRUCTURE,OBSERVATION_INSUFFICIENT,1,0,0,False,0,0,False,INHERITED_RAW_PRICE_BASIS,False,False
2025-08-04|31370,2025-08-04,31370,11:00,14:30,150,PARTIAL,4,1,,,AVAILABLE,8.0,True,,,,UNRESOLVED_STRUCTURE,OBSERVATION_INSUFFICIENT,1,1,1,False,1,1,False,INHERITED_RAW_PRICE_BASIS,False,False
2025-08-04|31370,2025-08-04,31370,11:00,14:35,155,COMPLETE,5,0,UP,0.20242914979757085,AVAILABLE,8.0,True,,,,UNRESOLVED_STRUCTURE,OBSERVATION_INSUFFICIENT,1,0,1,False,1,2,False,INHERITED_RAW_PRICE_BASIS,False,False
2025-08-04|31370,2025-08-04,31370,11:00,14:40,160,PARTIAL,4,1,,,AVAILABLE,8.0,True,,,,UNRESOLVED_STRUCTURE,OBSERVATION_INSUFFICIENT,1,0,0,False,0,0,False,INHERITED_RAW_PRICE_BASIS,False,False
2025-08-04|31370,2025-08-04,31370,11:00,14:45,165,COMPLETE,5,0,UP,0.6085192697768763,AVAILABLE,8.0,True,,,,UNRESOLVED_STRUCTURE,OBSERVATION_INSUFFICIENT,2,0,0,False,0,0,False,INHERITED_RAW_PRICE_BASIS,False,False
2025-08-04|31370,2025-08-04,31370,11:00,14:50,170,PARTIAL,4,1,,,AVAILABLE,8.0,True,,,,UNRESOLVED_STRUCTURE,OBSERVATION_INSUFFICIENT,3,0,0,False,0,0,False,INHERITED_RAW_PRICE_BASIS,False,False
2025-08-04|31370,2025-08-04,31370,11:00,14:55,175,PARTIAL,4,1,,,AVAILABLE,8.0,True,,,,UNRESOLVED_STRUCTURE,OBSERVATION_INSUFFICIENT,2,0,0,False,0,0,False,INHERITED_RAW_PRICE_BASIS,False,False
2025-08-04|31370,2025-08-04,31370,11:00,15:00,180,PARTIAL,3,2,,,AVAILABLE,8.0,True,,,,CURRENT_BAR_UNAVAILABLE,WINDOW_OBSERVED,0,0,0,False,0,0,False,INHERITED_RAW_PRICE_BASIS,False,False
2025-08-04|31370,2025-08-04,31370,11:00,15:05,185,COMPLETE,5,0,UP,3.0303030303030303,AVAILABLE,8.0,True,,,,UNRESOLVED_STRUCTURE,WINDOW_OBSERVED,0,0,1,False,6,0,False,INHERITED_RAW_PRICE_BASIS,False,False
2025-08-04|31370,2025-08-04,31370,11:00,15:10,190,COMPLETE,5,0,UP,1.37524557956778,AVAILABLE,8.0,True,,,CHOPPINESS|RANGE_COMPRESSION,UNRESOLVED_STRUCTURE,OBSERVATION_INSUFFICIENT,1,0,2,False,12,9,False,INHERITED_RAW_PRICE_BASIS,True,False
2025-08-04|31370,2025-08-04,31370,11:00,15:15,195,COMPLETE,5,0,DOWN,-1.1627906976744187,AVAILABLE,8.0,True,,,RANGE_COMPRESSION|VOLUME_COMPRESSION|TRADING_VALUE_COMPRESSION,UNRESOLVED_STRUCTURE,OBSERVATION_INSUFFICIENT,2,0,2,False,3,3,False,INHERITED_RAW_PRICE_BASIS,True,False
2025-08-04|31370,2025-08-04,31370,11:00,15:20,200,PARTIAL,4,1,,,AVAILABLE,8.0,True,,,,UNRESOLVED_STRUCTURE,RIGHT_CENSORED,1,0,0,False,0,0,False,INHERITED_RAW_PRICE_BASIS,False,False
2025-08-04|31370,2025-08-04,31370,11:00,15:25,205,PARTIAL,4,1,,,AVAILABLE,8.0,True,,,,UNRESOLVED_STRUCTURE,RIGHT_CENSORED,0,0,0,False,0,0,False,INHERITED_RAW_PRICE_BASIS,False,False
2025-08-04|31950,2025-08-04,31950,09:30,09:30,0,COMPLETE,5,0,DOWN,-4.712041884816754,PREVIOUS_CONTEXT_UNAVAILABLE,,True,,,,SCALE_UNAVAILABLE,WINDOW_OBSERVED,0,0,0,False,0,0,False,INHERITED_RAW_PRICE_BASIS,False,False
2025-08-04|31950,2025-08-04,31950,09:30,09:35,5,COMPLETE,5,0,UP,2.376599634369287,PREVIOUS_CONTEXT_UNAVAILABLE,,True,,,RANGE_COMPRESSION|VOLUME_COMPRESSION|TRADING_VALUE_COMPRESSION,SCALE_UNAVAILABLE,WINDOW_OBSERVED,0,0,0,False,0,0,False,INHERITED_RAW_PRICE_BASIS,True,False
2025-08-04|31950,2025-08-04,31950,09:30,09:40,10,COMPLETE,5,0,DOWN,-0.5366726296958855,PREVIOUS_CONTEXT_UNAVAILABLE,,True,,,RANGE_COMPRESSION|VOLUME_COMPRESSION|TRADING_VALUE_COMPRESSION,SCALE_UNAVAILABLE,WINDOW_OBSERVED,0,0,0,False,0,0,False,INHERITED_RAW_PRICE_BASIS,True,False
2025-08-04|31950,2025-08-04,31950,09:30,09:45,15,COMPLETE,5,0,DOWN,-0.7220216606498195,PREVIOUS_CONTEXT_UNAVAILABLE,,True,,,VOLUME_COMPRESSION|TRADING_VALUE_COMPRESSION,SCALE_UNAVAILABLE,WINDOW_OBSERVED,0,0,0,False,0,0,False,INHERITED_RAW_PRICE_BASIS,True,False
2025-08-04|31950,2025-08-04,31950,09:30,09:50,20,COMPLETE,5,0,UP,2.9038112522686026,PREVIOUS_CONTEXT_UNAVAILABLE,,True,,,RANGE_EXPANSION|VOLUME_EXPANSION|TRADING_VALUE_EXPANSION,SCALE_UNAVAILABLE,WINDOW_OBSERVED,0,0,0,False,0,0,False,INHERITED_RAW_PRICE_BASIS,True,False
2025-08-04|31950,2025-08-04,31950,09:30,09:55,25,COMPLETE,5,0,DOWN,-0.7054673721340388,PREVIOUS_CONTEXT_UNAVAILABLE,,True,,,VOLUME_EXPANSION|TRADING_VALUE_EXPANSION,SCALE_UNAVAILABLE,WINDOW_OBSERVED,0,0,0,False,0,0,False,INHERITED_RAW_PRICE_BASIS,True,False
2025-08-04|31950,2025-08-04,31950,09:30,10:00,30,COMPLETE,5,0,DOWN,-1.7761989342806395,PREVIOUS_CONTEXT_UNAVAILABLE,,True,,,VOLUME_COMPRESSION|TRADING_VALUE_COMPRESSION,SCALE_UNAVAILABLE,WINDOW_OBSERVED,0,0,0,False,0,0,False,INHERITED_RAW_PRICE_BASIS,True,False
2025-08-04|31950,2025-08-04,31950,09:30,10:05,35,COMPLETE,5,0,DOWN,-0.5424954792043399,PREVIOUS_CONTEXT_UNAVAILABLE,,True,,,RANGE_COMPRESSION|VOLUME_COMPRESSION|TRADING_VALUE_COMPRESSION,SCALE_UNAVAILABLE,WINDOW_OBSERVED,0,0,0,False,0,0,False,INHERITED_RAW_PRICE_BASIS,True,False
2025-08-04|31950,2025-08-04,31950,09:30,10:10,40,COMPLETE,5,0,DOWN,-0.18181818181818182,PREVIOUS_CONTEXT_UNAVAILABLE,,True,,,,SCALE_UNAVAILABLE,WINDOW_OBSERVED,0,0,0,False,0,0,False,INHERITED_RAW_PRICE_BASIS,True,False
2025-08-04|31950,2025-08-04,31950,09:30,10:15,45,COMPLETE,5,0,UP,2.914389799635701,PREVIOUS_CONTEXT_UNAVAILABLE,,True,,,RANGE_EXPANSION,SCALE_UNAVAILABLE,WINDOW_OBSERVED,0,0,0,False,0,0,False,INHERITED_RAW_PRICE_BASIS,True,False
2025-08-04|31950,2025-08-04,31950,09:30,10:20,50,COMPLETE,5,0,DOWN,-1.9434628975265018,PREVIOUS_CONTEXT_UNAVAILABLE,,True,,,VOLUME_EXPANSION|TRADING_VALUE_EXPANSION,SCALE_UNAVAILABLE,WINDOW_OBSERVED,0,0,0,False,0,0,False,INHERITED_RAW_PRICE_BASIS,True,False
2025-08-04|31950,2025-08-04,31950,09:30,10:25,55,COMPLETE,5,0,DOWN,-0.7207207207207207,PREVIOUS_CONTEXT_UNAVAILABLE,,True,,,RANGE_COMPRESSION|VOLUME_COMPRESSION|TRADING_VALUE_COMPRESSION,SCALE_UNAVAILABLE,OBSERVATION_INSUFFICIENT,1,0,0,False,0,0,False,INHERITED_RAW_PRICE_BASIS,True,False
2025-08-04|31950,2025-08-04,31950,09:30,10:30,60,COMPLETE,5,0,DOWN,-1.2727272727272727,PREVIOUS_CONTEXT_UNAVAILABLE,,True,,,VOLUME_EXPANSION|TRADING_VALUE_EXPANSION,SCALE_UNAVAILABLE,OBSERVATION_INSUFFICIENT,1,0,0,False,0,0,False,INHERITED_RAW_PRICE_BASIS,True,False
2025-08-04|31950,2025-08-04,31950,09:30,10:35,65,PARTIAL,4,1,,,PREVIOUS_CONTEXT_UNAVAILABLE,,True,,,,CURRENT_BAR_UNAVAILABLE,OBSERVATION_INSUFFICIENT,1,0,0,False,0,0,False,INHERITED_RAW_PRICE_BASIS,False,False
2025-08-04|31950,2025-08-04,31950,09:30,10:40,70,COMPLETE,5,0,UP,1.4625228519195612,PREVIOUS_CONTEXT_UNAVAILABLE,,True,,,,SCALE_UNAVAILABLE,OBSERVATION_INSUFFICIENT,1,0,0,False,0,0,False,INHERITED_RAW_PRICE_BASIS,False,False
2025-08-04|31950,2025-08-04,31950,09:30,10:45,75,PARTIAL,4,1,,,PREVIOUS_CONTEXT_UNAVAILABLE,,True,,,,SCALE_UNAVAILABLE,WINDOW_OBSERVED,0,0,0,False,0,0,False,INHERITED_RAW_PRICE_BASIS,False,False
2025-08-04|31950,2025-08-04,31950,09:30,10:50,80,COMPLETE,5,0,DOWN,-0.7194244604316546,PREVIOUS_CONTEXT_UNAVAILABLE,,True,,,,SCALE_UNAVAILABLE,WINDOW_OBSERVED,0,0,0,False,0,0,False,INHERITED_RAW_PRICE_BASIS,False,False
2025-08-04|31950,2025-08-04,31950,09:30,10:55,85,COMPLETE,5,0,UP,0.3616636528028933,PREVIOUS_CONTEXT_UNAVAILABLE,,True,,,VOLUME_EXPANSION|TRADING_VALUE_EXPANSION,SCALE_UNAVAILABLE,WINDOW_OBSERVED,0,0,0,False,0,0,False,INHERITED_RAW_PRICE_BASIS,True,False
2025-08-04|31950,2025-08-04,31950,09:30,11:00,90,COMPLETE,5,0,UP,1.6216216216216217,PREVIOUS_CONTEXT_UNAVAILABLE,,True,,,,SCALE_UNAVAILABLE,WINDOW_OBSERVED,0,0,0,False,0,0,False,INHERITED_RAW_PRICE_BASIS,True,False
2025-08-04|31950,2025-08-04,31950,09:30,11:05,95,COMPLETE,5,0,DOWN,-6.914893617021277,PREVIOUS_CONTEXT_UNAVAILABLE,,True,,,RANGE_EXPANSION|VOLUME_EXPANSION|TRADING_VALUE_EXPANSION,SCALE_UNAVAILABLE,OBSERVATION_INSUFFICIENT,1,0,0,False,3,3,False,INHERITED_RAW_PRICE_BASIS,True,False
2025-08-04|31950,2025-08-04,31950,09:30,11:10,100,COMPLETE,5,0,UP,0.37383177570093457,PREVIOUS_CONTEXT_UNAVAILABLE,,True,,,RANGE_COMPRESSION|VOLUME_COMPRESSION|TRADING_VALUE_COMPRESSION,SCALE_UNAVAILABLE,OBSERVATION_INSUFFICIENT,1,0,0,False,6,3,False,INHERITED_RAW_PRICE_BASIS,True,False
2025-08-04|31950,2025-08-04,31950,09:30,11:15,105,PARTIAL,4,1,,,PREVIOUS_CONTEXT_UNAVAILABLE,,True,,,,CURRENT_BAR_UNAVAILABLE,WINDOW_OBSERVED,0,0,0,False,0,0,False,INHERITED_RAW_PRICE_BASIS,False,False
2025-08-04|31950,2025-08-04,31950,09:30,11:20,110,COMPLETE,5,0,UP,0.746268656716418,PREVIOUS_CONTEXT_UNAVAILABLE,,True,,,,SCALE_UNAVAILABLE,WINDOW_OBSERVED,0,0,0,False,0,0,False,INHERITED_RAW_PRICE_BASIS,False,False
2025-08-04|31950,2025-08-04,31950,09:30,11:25,115,COMPLETE,5,0,DOWN,-0.7407407407407407,PREVIOUS_CONTEXT_UNAVAILABLE,,True,,,,SCALE_UNAVAILABLE,WINDOW_OBSERVED,0,0,0,False,0,0,False,INHERITED_RAW_PRICE_BASIS,True,False
2025-08-04|31950,2025-08-04,31950,09:30,11:30,120,COMPLETE,5,0,UP,0.74487895716946,PREVIOUS_CONTEXT_UNAVAILABLE,,True,,,,SCALE_UNAVAILABLE,WINDOW_OBSERVED,0,0,0,False,0,0,False,INHERITED_RAW_PRICE_BASIS,True,False
2025-08-04|31950,2025-08-04,31950,09:30,12:35,125,COMPLETE,5,0,DOWN,-1.2915129151291513,PREVIOUS_CONTEXT_UNAVAILABLE,,True,,,,SCALE_UNAVAILABLE,WINDOW_OBSERVED,0,0,0,False,6,0,False,INHERITED_RAW_PRICE_BASIS,True,False
2025-08-04|31950,2025-08-04,31950,09:30,12:40,130,COMPLETE,5,0,DOWN,-1.1194029850746268,PREVIOUS_CONTEXT_UNAVAILABLE,,True,,,,SCALE_UNAVAILABLE,OBSERVATION_INSUFFICIENT,1,0,0,False,6,3,False,INHERITED_RAW_PRICE_BASIS,True,False
2025-08-04|31950,2025-08-04,31950,09:30,12:45,135,COMPLETE,5,0,UP,0.9433962264150944,PREVIOUS_CONTEXT_UNAVAILABLE,,True,,,VOLUME_COMPRESSION|TRADING_VALUE_COMPRESSION,SCALE_UNAVAILABLE,OBSERVATION_INSUFFICIENT,1,0,0,False,0,0,False,INHERITED_RAW_PRICE_BASIS,True,False
2025-08-04|31950,2025-08-04,31950,09:30,12:50,140,PARTIAL,4,1,,,PREVIOUS_CONTEXT_UNAVAILABLE,,True,,,,SCALE_UNAVAILABLE,WINDOW_OBSERVED,0,0,0,False,0,3,False,INHERITED_RAW_PRICE_BASIS,False,False
2025-08-04|31950,2025-08-04,31950,09:30,12:55,145,COMPLETE,5,0,DOWN,-0.5639097744360902,PREVIOUS_CONTEXT_UNAVAILABLE,,True,,,,SCALE_UNAVAILABLE,WINDOW_OBSERVED,0,0,0,False,0,0,False,INHERITED_RAW_PRICE_BASIS,False,False
2025-08-04|31950,2025-08-04,31950,09:30,13:00,150,COMPLETE,5,0,DOWN,-2.0793950850661624,PREVIOUS_CONTEXT_UNAVAILABLE,,True,,,RANGE_EXPANSION|VOLUME_EXPANSION|TRADING_VALUE_EXPANSION,SCALE_UNAVAILABLE,WINDOW_OBSERVED,0,0,0,False,1,1,False,INHERITED_RAW_PRICE_BASIS,True,False
2025-08-04|31950,2025-08-04,31950,09:30,13:05,155,COMPLETE,5,0,DOWN,-0.38684719535783363,PREVIOUS_CONTEXT_UNAVAILABLE,,True,,,RANGE_COMPRESSION|VOLUME_COMPRESSION|TRADING_VALUE_COMPRESSION,SCALE_UNAVAILABLE,WINDOW_OBSERVED,0,0,0,False,0,1,False,INHERITED_RAW_PRICE_BASIS,True,False
2025-08-04|31950,2025-08-04,31950,09:30,13:10,160,COMPLETE,5,0,UNCHANGED,0.0,PREVIOUS_CONTEXT_UNAVAILABLE,,True,,,VOLUME_COMPRESSION|TRADING_VALUE_COMPRESSION,SCALE_UNAVAILABLE,WINDOW_OBSERVED,0,0,0,False,0,0,False,INHERITED_RAW_PRICE_BASIS,True,False
2025-08-04|31950,2025-08-04,31950,09:30,13:15,165,COMPLETE,5,0,DOWN,-0.3898635477582846,PREVIOUS_CONTEXT_UNAVAILABLE,,True,,,VOLUME_EXPANSION|TRADING_VALUE_EXPANSION,SCALE_UNAVAILABLE,WINDOW_OBSERVED,0,0,0,False,1,1,False,INHERITED_RAW_PRICE_BASIS,True,False
2025-08-04|31950,2025-08-04,31950,09:30,13:20,170,COMPLETE,5,0,UNCHANGED,0.0,PREVIOUS_CONTEXT_UNAVAILABLE,,True,,,RANGE_COMPRESSION|VOLUME_COMPRESSION|TRADING_VALUE_COMPRESSION,SCALE_UNAVAILABLE,WINDOW_OBSERVED,0,0,0,False,0,0,False,INHERITED_RAW_PRICE_BASIS,True,False
2025-08-04|31950,2025-08-04,31950,09:30,13:25,175,COMPLETE,5,0,DOWN,-0.5859375,PREVIOUS_CONTEXT_UNAVAILABLE,,True,,,VOLUME_EXPANSION|TRADING_VALUE_EXPANSION,SCALE_UNAVAILABLE,OBSERVATION_INSUFFICIENT,1,0,0,False,0,1,False,INHERITED_RAW_PRICE_BASIS,True,False
2025-08-04|31950,2025-08-04,31950,09:30,13:30,180,COMPLETE,5,0,UP,1.5686274509803921,PREVIOUS_CONTEXT_UNAVAILABLE,,True,,,RANGE_EXPANSION|VOLUME_EXPANSION|TRADING_VALUE_EXPANSION,SCALE_UNAVAILABLE,OBSERVATION_INSUFFICIENT,2,0,0,False,0,1,False,INHERITED_RAW_PRICE_BASIS,True,False
2025-08-04|31950,2025-08-04,31950,09:30,13:35,185,PARTIAL,4,1,,,PREVIOUS_CONTEXT_UNAVAILABLE,,True,,,,CURRENT_BAR_UNAVAILABLE,OBSERVATION_INSUFFICIENT,2,0,0,False,0,0,False,INHERITED_RAW_PRICE_BASIS,False,False
2025-08-04|31950,2025-08-04,31950,09:30,13:40,190,PARTIAL,4,1,,,PREVIOUS_CONTEXT_UNAVAILABLE,,True,,,,SCALE_UNAVAILABLE,OBSERVATION_INSUFFICIENT,1,0,0,False,0,0,False,INHERITED_RAW_PRICE_BASIS,False,False
2025-08-04|31950,2025-08-04,31950,09:30,13:45,195,PARTIAL,4,1,,,PREVIOUS_CONTEXT_UNAVAILABLE,,True,,,,SCALE_UNAVAILABLE,OBSERVATION_INSUFFICIENT,2,0,0,False,0,0,False,INHERITED_RAW_PRICE_BASIS,False,False
2025-08-04|31950,2025-08-04,31950,09:30,13:50,200,COMPLETE,5,0,DOWN,-0.5825242718446602,PREVIOUS_CONTEXT_UNAVAILABLE,,True,,,,SCALE_UNAVAILABLE,OBSERVATION_INSUFFICIENT,3,0,0,False,0,0,False,INHERITED_RAW_PRICE_BASIS,False,False
2025-08-04|31950,2025-08-04,31950,09:30,13:55,205,PARTIAL,3,2,,,PREVIOUS_CONTEXT_UNAVAILABLE,,True,,,,CURRENT_BAR_UNAVAILABLE,OBSERVATION_INSUFFICIENT,2,0,0,False,0,0,False,INHERITED_RAW_PRICE_BASIS,False,False
2025-08-04|31950,2025-08-04,31950,09:30,14:00,210,PARTIAL,4,1,,,PREVIOUS_CONTEXT_UNAVAILABLE,,True,,,,SCALE_UNAVAILABLE,OBSERVATION_INSUFFICIENT,1,0,0,False,0,0,False,INHERITED_RAW_PRICE_BASIS,False,False
2025-08-04|31950,2025-08-04,31950,09:30,14:05,215,PARTIAL,4,1,,,PREVIOUS_CONTEXT_UNAVAILABLE,,True,,,,SCALE_UNAVAILABLE,WINDOW_OBSERVED,0,0,0,False,0,0,False,INHERITED_RAW_PRICE_BASIS,False,False
2025-08-04|31950,2025-08-04,31950,09:30,14:10,220,COMPLETE,5,0,UP,1.1627906976744187,PREVIOUS_CONTEXT_UNAVAILABLE,,True,,,,SCALE_UNAVAILABLE,OBSERVATION_INSUFFICIENT,1,0,0,False,0,0,False,INHERITED_RAW_PRICE_BASIS,False,False
2025-08-04|31950,2025-08-04,31950,09:30,14:15,225,COMPLETE,5,0,DOWN,-0.7662835249042146,PREVIOUS_CONTEXT_UNAVAILABLE,,True,,,RANGE_COMPRESSION|VOLUME_COMPRESSION|TRADING_VALUE_COMPRESSION,SCALE_UNAVAILABLE,OBSERVATION_INSUFFICIENT,1,0,0,False,0,0,False,INHERITED_RAW_PRICE_BASIS,True,False
2025-08-04|31950,2025-08-04,31950,09:30,14:20,230,PARTIAL,4,1,,,PREVIOUS_CONTEXT_UNAVAILABLE,,True,,,,SCALE_UNAVAILABLE,WINDOW_OBSERVED,0,0,0,False,0,0,False,INHERITED_RAW_PRICE_BASIS,False,False
2025-08-04|31950,2025-08-04,31950,09:30,14:25,235,COMPLETE,5,0,DOWN,-0.7751937984496124,PREVIOUS_CONTEXT_UNAVAILABLE,,True,,,,SCALE_UNAVAILABLE,OBSERVATION_INSUFFICIENT,1,0,0,False,0,0,False,INHERITED_RAW_PRICE_BASIS,False,False
2025-08-04|31950,2025-08-04,31950,09:30,14:30,240,COMPLETE,5,0,UP,0.390625,PREVIOUS_CONTEXT_UNAVAILABLE,,True,,,RANGE_COMPRESSION|VOLUME_COMPRESSION|TRADING_VALUE_COMPRESSION,SCALE_UNAVAILABLE,OBSERVATION_INSUFFICIENT,3,0,0,False,0,0,False,INHERITED_RAW_PRICE_BASIS,True,False
2025-08-04|31950,2025-08-04,31950,09:30,14:35,245,PARTIAL,4,1,,,PREVIOUS_CONTEXT_UNAVAILABLE,,True,,,,CURRENT_BAR_UNAVAILABLE,OBSERVATION_INSUFFICIENT,3,0,0,False,0,0,False,INHERITED_RAW_PRICE_BASIS,False,False
2025-08-04|31950,2025-08-04,31950,09:30,14:40,250,PARTIAL,3,2,,,PREVIOUS_CONTEXT_UNAVAILABLE,,True,,,,SCALE_UNAVAILABLE,OBSERVATION_INSUFFICIENT,3,0,0,False,0,0,False,INHERITED_RAW_PRICE_BASIS,False,False
2025-08-04|31950,2025-08-04,31950,09:30,14:45,255,PARTIAL,4,1,,,PREVIOUS_CONTEXT_UNAVAILABLE,,True,,,,SCALE_UNAVAILABLE,OBSERVATION_INSUFFICIENT,3,0,0,False,0,0,False,INHERITED_RAW_PRICE_BASIS,False,False
2025-08-04|31950,2025-08-04,31950,09:30,14:50,260,PARTIAL,3,2,,,PREVIOUS_CONTEXT_UNAVAILABLE,,True,,,,CURRENT_BAR_UNAVAILABLE,OBSERVATION_INSUFFICIENT,1,0,0,False,0,0,False,INHERITED_RAW_PRICE_BASIS,False,False
2025-08-04|31950,2025-08-04,31950,09:30,14:55,265,PARTIAL,4,1,,,PREVIOUS_CONTEXT_UNAVAILABLE,,True,,,,SCALE_UNAVAILABLE,WINDOW_OBSERVED,0,0,0,False,2,2,False,INHERITED_RAW_PRICE_BASIS,False,False
2025-08-04|31950,2025-08-04,31950,09:30,15:00,270,COMPLETE,5,0,UP,0.7843137254901961,PREVIOUS_CONTEXT_UNAVAILABLE,,True,,,,SCALE_UNAVAILABLE,OBSERVATION_INSUFFICIENT,1,0,0,False,0,0,False,INHERITED_RAW_PRICE_BASIS,False,False
2025-08-04|31950,2025-08-04,31950,09:30,15:05,275,COMPLETE,5,0,DOWN,-0.5836575875486382,PREVIOUS_CONTEXT_UNAVAILABLE,,True,,,RANGE_COMPRESSION|VOLUME_COMPRESSION|TRADING_VALUE_COMPRESSION,SCALE_UNAVAILABLE,OBSERVATION_INSUFFICIENT,1,0,0,False,0,0,False,INHERITED_RAW_PRICE_BASIS,True,False
2025-08-04|31950,2025-08-04,31950,09:30,15:10,280,PARTIAL,4,1,,,PREVIOUS_CONTEXT_UNAVAILABLE,,True,,,,SCALE_UNAVAILABLE,OBSERVATION_INSUFFICIENT,1,0,0,False,0,0,False,INHERITED_RAW_PRICE_BASIS,False,False
2025-08-04|31950,2025-08-04,31950,09:30,15:15,285,COMPLETE,5,0,DOWN,-1.1811023622047243,PREVIOUS_CONTEXT_UNAVAILABLE,,True,,,,SCALE_UNAVAILABLE,OBSERVATION_INSUFFICIENT,1,0,0,False,1,1,False,INHERITED_RAW_PRICE_BASIS,False,False
2025-08-04|31950,2025-08-04,31950,09:30,15:20,290,PARTIAL,4,1,,,PREVIOUS_CONTEXT_UNAVAILABLE,,True,,,,CURRENT_BAR_UNAVAILABLE,RIGHT_CENSORED,0,0,0,False,0,0,False,INHERITED_RAW_PRICE_BASIS,False,False
2025-08-04|31950,2025-08-04,31950,09:30,15:25,295,COMPLETE,5,0,DOWN,-0.39603960396039606,PREVIOUS_CONTEXT_UNAVAILABLE,,True,,,,SCALE_UNAVAILABLE,RIGHT_CENSORED,0,0,0,False,1,1,False,INHERITED_RAW_PRICE_BASIS,False,False
2025-08-04|338A0,2025-08-04,338A0,14:00,14:00,0,COMPLETE,5,0,DOWN,-0.4618937644341801,AVAILABLE,90.0,True,,,VOLUME_COMPRESSION|TRADING_VALUE_COMPRESSION,UNRESOLVED_STRUCTURE,OBSERVATION_INSUFFICIENT,3,0,0,False,0,0,False,INHERITED_RAW_PRICE_BASIS,False,False
2025-08-04|338A0,2025-08-04,338A0,14:00,14:05,5,PARTIAL,4,1,,,AVAILABLE,90.0,True,,,,UNRESOLVED_STRUCTURE,OBSERVATION_INSUFFICIENT,2,0,0,False,0,0,False,INHERITED_RAW_PRICE_BASIS,False,False
2025-08-04|338A0,2025-08-04,338A0,14:00,14:10,10,PARTIAL,3,2,,,AVAILABLE,90.0,True,,,,UNRESOLVED_STRUCTURE,WINDOW_OBSERVED,0,0,0,False,0,0,False,INHERITED_RAW_PRICE_BASIS,False,False
2025-08-04|338A0,2025-08-04,338A0,14:00,14:15,15,COMPLETE,5,0,UNCHANGED,0.0,AVAILABLE,90.0,True,,,,UNRESOLVED_STRUCTURE,OBSERVATION_INSUFFICIENT,1,0,0,False,0,0,False,INHERITED_RAW_PRICE_BASIS,False,False
2025-08-04|338A0,2025-08-04,338A0,14:00,14:20,20,COMPLETE,5,0,DOWN,-0.3480278422273782,AVAILABLE,90.0,True,,,RANGE_EXPANSION|VOLUME_EXPANSION|TRADING_VALUE_EXPANSION,UNRESOLVED_STRUCTURE,OBSERVATION_INSUFFICIENT,3,0,0,False,0,0,False,INHERITED_RAW_PRICE_BASIS,True,False
2025-08-04|338A0,2025-08-04,338A0,14:00,14:25,25,PARTIAL,4,1,,,AVAILABLE,90.0,True,,,,CURRENT_BAR_UNAVAILABLE,OBSERVATION_INSUFFICIENT,2,0,0,False,0,0,False,INHERITED_RAW_PRICE_BASIS,False,False
2025-08-04|338A0,2025-08-04,338A0,14:00,14:30,30,PARTIAL,3,2,,,AVAILABLE,90.0,True,,,,CURRENT_BAR_UNAVAILABLE,WINDOW_OBSERVED,0,0,0,False,0,0,False,INHERITED_RAW_PRICE_BASIS,False,False
2025-08-04|338A0,2025-08-04,338A0,14:00,14:35,35,COMPLETE,5,0,DOWN,-0.11655011655011654,AVAILABLE,90.0,True,,,,UNRESOLVED_STRUCTURE,WINDOW_OBSERVED,0,0,0,False,0,0,False,INHERITED_RAW_PRICE_BASIS,False,False
2025-08-04|338A0,2025-08-04,338A0,14:00,14:40,40,COMPLETE,5,0,UP,0.11655011655011654,AVAILABLE,90.0,True,,,VOLUME_EXPANSION|TRADING_VALUE_EXPANSION,UNRESOLVED_STRUCTURE,WINDOW_OBSERVED,0,0,0,False,0,0,False,INHERITED_RAW_PRICE_BASIS,True,False
2025-08-04|338A0,2025-08-04,338A0,14:00,14:45,45,COMPLETE,5,0,DOWN,-0.46511627906976744,AVAILABLE,90.0,True,,,RANGE_EXPANSION|VOLUME_EXPANSION|TRADING_VALUE_EXPANSION,UNRESOLVED_STRUCTURE,OBSERVATION_INSUFFICIENT,1,0,0,False,1,0,False,INHERITED_RAW_PRICE_BASIS,True,False
2025-08-04|338A0,2025-08-04,338A0,14:00,14:50,50,COMPLETE,5,0,UP,0.11682242990654206,AVAILABLE,90.0,True,,,CHOPPINESS|VOLUME_COMPRESSION|TRADING_VALUE_COMPRESSION,UNRESOLVED_STRUCTURE,OBSERVATION_INSUFFICIENT,2,0,0,False,0,0,False,INHERITED_RAW_PRICE_BASIS,True,False
2025-08-04|338A0,2025-08-04,338A0,14:00,14:55,55,PARTIAL,4,1,,,AVAILABLE,90.0,True,,,,UNRESOLVED_STRUCTURE,OBSERVATION_INSUFFICIENT,1,0,0,False,0,0,False,INHERITED_RAW_PRICE_BASIS,False,False
2025-08-04|338A0,2025-08-04,338A0,14:00,15:00,60,PARTIAL,4,1,,,AVAILABLE,90.0,True,,,,CURRENT_BAR_UNAVAILABLE,WINDOW_OBSERVED,0,0,0,False,0,0,False,INHERITED_RAW_PRICE_BASIS,False,False
2025-08-04|338A0,2025-08-04,338A0,14:00,15:05,65,COMPLETE,5,0,UP,0.935672514619883,AVAILABLE,90.0,True,,,,UNRESOLVED_STRUCTURE,WINDOW_OBSERVED,0,0,0,False,0,0,False,INHERITED_RAW_PRICE_BASIS,False,False
2025-08-04|338A0,2025-08-04,338A0,14:00,15:10,70,COMPLETE,5,0,DOWN,-0.8111239860950173,AVAILABLE,90.0,True,,,,UNRESOLVED_STRUCTURE,OBSERVATION_INSUFFICIENT,1,0,0,False,0,0,False,INHERITED_RAW_PRICE_BASIS,True,False
2025-08-04|338A0,2025-08-04,338A0,14:00,15:15,75,COMPLETE,5,0,UP,0.11695906432748537,AVAILABLE,90.0,True,,,RANGE_COMPRESSION|VOLUME_COMPRESSION|TRADING_VALUE_COMPRESSION,UNRESOLVED_STRUCTURE,OBSERVATION_INSUFFICIENT,1,0,0,False,0,0,False,INHERITED_RAW_PRICE_BASIS,True,False
2025-08-04|338A0,2025-08-04,338A0,14:00,15:20,80,PARTIAL,4,1,,,AVAILABLE,90.0,True,,,,CURRENT_BAR_UNAVAILABLE,RIGHT_CENSORED,0,0,0,False,0,0,False,INHERITED_RAW_PRICE_BASIS,False,False
2025-08-04|338A0,2025-08-04,338A0,14:00,15:25,85,COMPLETE,5,0,UP,0.5827505827505828,AVAILABLE,90.0,True,,,,UNRESOLVED_STRUCTURE,RIGHT_CENSORED,0,0,0,False,0,0,False,INHERITED_RAW_PRICE_BASIS,False,False
2025-08-04|34370,2025-08-04,34370,15:00,15:00,0,PARTIAL,1,4,,,SCALE_INSUFFICIENT,,False,,,,SCALE_UNAVAILABLE,OBSERVATION_INSUFFICIENT,10,0,0,False,0,0,False,INHERITED_RAW_PRICE_BASIS,False,False
2025-08-04|34370,2025-08-04,34370,15:00,15:05,5,UNAVAILABLE,0,5,,,SCALE_INSUFFICIENT,,False,,,,CURRENT_BAR_UNAVAILABLE,OBSERVATION_INSUFFICIENT,10,0,0,False,0,0,False,INHERITED_RAW_PRICE_BASIS,False,False
2025-08-04|34370,2025-08-04,34370,15:00,15:10,10,UNAVAILABLE,0,5,,,SCALE_INSUFFICIENT,,False,,,,CURRENT_BAR_UNAVAILABLE,OBSERVATION_INSUFFICIENT,10,0,0,False,0,0,False,INHERITED_RAW_PRICE_BASIS,False,False
2025-08-04|34370,2025-08-04,34370,15:00,15:15,15,UNAVAILABLE,0,5,,,SCALE_INSUFFICIENT,,False,,,,CURRENT_BAR_UNAVAILABLE,OBSERVATION_INSUFFICIENT,10,0,0,False,0,0,False,INHERITED_RAW_PRICE_BASIS,False,False
2025-08-04|34370,2025-08-04,34370,15:00,15:20,20,UNAVAILABLE,0,5,,,SCALE_INSUFFICIENT,,False,,,,CURRENT_BAR_UNAVAILABLE,RIGHT_CENSORED,5,0,0,False,0,0,False,INHERITED_RAW_PRICE_BASIS,False,False
2025-08-04|34370,2025-08-04,34370,15:00,15:25,25,UNAVAILABLE,0,5,,,SCALE_INSUFFICIENT,,False,,,,CURRENT_BAR_UNAVAILABLE,RIGHT_CENSORED,0,0,0,False,0,0,False,INHERITED_RAW_PRICE_BASIS,False,False
2025-08-04|36700,2025-08-04,36700,10:00,10:00,0,PARTIAL,4,1,,,SCALE_INSUFFICIENT,,True,,,,SCALE_UNAVAILABLE,OBSERVATION_INSUFFICIENT,6,0,0,False,5,7,False,INHERITED_RAW_PRICE_BASIS,False,False
2025-08-04|36700,2025-08-04,36700,10:00,10:05,5,PARTIAL,2,3,,,SCALE_INSUFFICIENT,,True,,,,CURRENT_BAR_UNAVAILABLE,OBSERVATION_INSUFFICIENT,8,0,0,False,1,1,False,INHERITED_RAW_PRICE_BASIS,False,False
2025-08-04|36700,2025-08-04,36700,10:00,10:10,10,PARTIAL,2,3,,,SCALE_INSUFFICIENT,,True,,,,CURRENT_BAR_UNAVAILABLE,OBSERVATION_INSUFFICIENT,10,0,0,False,0,0,False,INHERITED_RAW_PRICE_BASIS,False,False
2025-08-04|36700,2025-08-04,36700,10:00,10:15,15,UNAVAILABLE,0,5,,,SCALE_INSUFFICIENT,,True,,,,CURRENT_BAR_UNAVAILABLE,OBSERVATION_INSUFFICIENT,10,0,0,False,0,0,False,INHERITED_RAW_PRICE_BASIS,False,False
2025-08-04|36700,2025-08-04,36700,10:00,10:20,20,UNAVAILABLE,0,5,,,SCALE_INSUFFICIENT,,True,,,,CURRENT_BAR_UNAVAILABLE,OBSERVATION_INSUFFICIENT,10,0,0,False,0,0,False,INHERITED_RAW_PRICE_BASIS,False,False
2025-08-04|36700,2025-08-04,36700,10:00,10:25,25,UNAVAILABLE,0,5,,,SCALE_INSUFFICIENT,,True,,,,CURRENT_BAR_UNAVAILABLE,OBSERVATION_INSUFFICIENT,10,0,0,False,0,0,False,INHERITED_RAW_PRICE_BASIS,False,False
2025-08-04|36700,2025-08-04,36700,10:00,10:30,30,UNAVAILABLE,0,5,,,SCALE_INSUFFICIENT,,True,,,,CURRENT_BAR_UNAVAILABLE,OBSERVATION_INSUFFICIENT,10,0,0,False,0,0,False,INHERITED_RAW_PRICE_BASIS,False,False
2025-08-04|36700,2025-08-04,36700,10:00,10:35,35,UNAVAILABLE,0,5,,,SCALE_INSUFFICIENT,,True,,,,CURRENT_BAR_UNAVAILABLE,OBSERVATION_INSUFFICIENT,10,0,0,False,0,0,False,INHERITED_RAW_PRICE_BASIS,False,False
2025-08-04|36700,2025-08-04,36700,10:00,10:40,40,UNAVAILABLE,0,5,,,SCALE_INSUFFICIENT,,True,,,,CURRENT_BAR_UNAVAILABLE,OBSERVATION_INSUFFICIENT,7,0,0,False,0,0,False,INHERITED_RAW_PRICE_BASIS,False,False
2025-08-04|36700,2025-08-04,36700,10:00,10:45,45,UNAVAILABLE,0,5,,,SCALE_INSUFFICIENT,,True,,,,CURRENT_BAR_UNAVAILABLE,OBSERVATION_INSUFFICIENT,7,0,0,False,0,0,False,INHERITED_RAW_PRICE_BASIS,False,False
2025-08-04|36700,2025-08-04,36700,10:00,10:50,50,PARTIAL,3,2,,,SCALE_INSUFFICIENT,,True,,,,CURRENT_BAR_UNAVAILABLE,OBSERVATION_INSUFFICIENT,9,0,0,False,0,0,False,INHERITED_RAW_PRICE_BASIS,False,False
2025-08-04|36700,2025-08-04,36700,10:00,10:55,55,UNAVAILABLE,0,5,,,SCALE_INSUFFICIENT,,True,,,,CURRENT_BAR_UNAVAILABLE,OBSERVATION_INSUFFICIENT,9,0,0,False,0,0,False,INHERITED_RAW_PRICE_BASIS,False,False
2025-08-04|36700,2025-08-04,36700,10:00,11:00,60,PARTIAL,1,4,,,SCALE_INSUFFICIENT,,True,,,,CURRENT_BAR_UNAVAILABLE,OBSERVATION_INSUFFICIENT,9,0,0,False,0,0,False,INHERITED_RAW_PRICE_BASIS,False,False
2025-08-04|36700,2025-08-04,36700,10:00,11:05,65,UNAVAILABLE,0,5,,,SCALE_INSUFFICIENT,,True,,,,CURRENT_BAR_UNAVAILABLE,OBSERVATION_INSUFFICIENT,9,0,0,False,0,0,False,INHERITED_RAW_PRICE_BASIS,False,False
2025-08-04|36700,2025-08-04,36700,10:00,11:10,70,PARTIAL,1,4,,,SCALE_INSUFFICIENT,,True,,,,SCALE_UNAVAILABLE,OBSERVATION_INSUFFICIENT,10,0,0,False,0,0,False,INHERITED_RAW_PRICE_BASIS,False,False
2025-08-04|36700,2025-08-04,36700,10:00,11:15,75,UNAVAILABLE,0,5,,,SCALE_INSUFFICIENT,,True,,,,CURRENT_BAR_UNAVAILABLE,OBSERVATION_INSUFFICIENT,10,0,0,False,0,0,False,INHERITED_RAW_PRICE_BASIS,False,False
2025-08-04|36700,2025-08-04,36700,10:00,11:20,80,UNAVAILABLE,0,5,,,SCALE_INSUFFICIENT,,True,,,,CURRENT_BAR_UNAVAILABLE,OBSERVATION_INSUFFICIENT,10,0,0,False,0,0,False,INHERITED_RAW_PRICE_BASIS,False,False
2025-08-04|36700,2025-08-04,36700,10:00,11:25,85,UNAVAILABLE,0,5,,,SCALE_INSUFFICIENT,,True,,,,CURRENT_BAR_UNAVAILABLE,OBSERVATION_INSUFFICIENT,9,0,0,False,0,0,False,INHERITED_RAW_PRICE_BASIS,False,False
2025-08-04|36700,2025-08-04,36700,10:00,11:30,90,UNAVAILABLE,0,5,,,SCALE_INSUFFICIENT,,True,,,,CURRENT_BAR_UNAVAILABLE,OBSERVATION_INSUFFICIENT,9,0,0,False,0,0,False,INHERITED_RAW_PRICE_BASIS,False,False
2025-08-04|36700,2025-08-04,36700,10:00,12:35,95,PARTIAL,1,4,,,SCALE_INSUFFICIENT,,True,,,,CURRENT_BAR_UNAVAILABLE,OBSERVATION_INSUFFICIENT,10,0,0,False,0,0,False,INHERITED_RAW_PRICE_BASIS,False,False
2025-08-04|36700,2025-08-04,36700,10:00,12:40,100,UNAVAILABLE,0,5,,,SCALE_INSUFFICIENT,,True,,,,CURRENT_BAR_UNAVAILABLE,OBSERVATION_INSUFFICIENT,10,0,0,False,0,0,False,INHERITED_RAW_PRICE_BASIS,False,False
2025-08-04|36700,2025-08-04,36700,10:00,12:45,105,UNAVAILABLE,0,5,,,SCALE_INSUFFICIENT,,True,,,,CURRENT_BAR_UNAVAILABLE,OBSERVATION_INSUFFICIENT,10,0,0,False,0,0,False,INHERITED_RAW_PRICE_BASIS,False,False
2025-08-04|36700,2025-08-04,36700,10:00,12:50,110,UNAVAILABLE,0,5,,,SCALE_INSUFFICIENT,,True,,,,CURRENT_BAR_UNAVAILABLE,OBSERVATION_INSUFFICIENT,10,0,0,False,0,0,False,INHERITED_RAW_PRICE_BASIS,False,False
2025-08-04|36700,2025-08-04,36700,10:00,12:55,115,UNAVAILABLE,0,5,,,SCALE_INSUFFICIENT,,True,,,,CURRENT_BAR_UNAVAILABLE,OBSERVATION_INSUFFICIENT,10,0,0,False,0,0,False,INHERITED_RAW_PRICE_BASIS,False,False
2025-08-04|36700,2025-08-04,36700,10:00,13:00,120,UNAVAILABLE,0,5,,,SCALE_INSUFFICIENT,,True,,,,CURRENT_BAR_UNAVAILABLE,OBSERVATION_INSUFFICIENT,10,0,0,False,0,0,False,INHERITED_RAW_PRICE_BASIS,False,False
2025-08-04|36700,2025-08-04,36700,10:00,13:05,125,UNAVAILABLE,0,5,,,SCALE_INSUFFICIENT,,True,,,,CURRENT_BAR_UNAVAILABLE,OBSERVATION_INSUFFICIENT,10,0,0,False,0,0,False,INHERITED_RAW_PRICE_BASIS,False,False
2025-08-04|36700,2025-08-04,36700,10:00,13:10,130,UNAVAILABLE,0,5,,,SCALE_INSUFFICIENT,,True,,,,CURRENT_BAR_UNAVAILABLE,OBSERVATION_INSUFFICIENT,10,0,0,False,0,0,False,INHERITED_RAW_PRICE_BASIS,False,False
2025-08-04|36700,2025-08-04,36700,10:00,13:15,135,UNAVAILABLE,0,5,,,SCALE_INSUFFICIENT,,True,,,,CURRENT_BAR_UNAVAILABLE,OBSERVATION_INSUFFICIENT,10,0,0,False,0,0,False,INHERITED_RAW_PRICE_BASIS,False,False
2025-08-04|36700,2025-08-04,36700,10:00,13:20,140,UNAVAILABLE,0,5,,,SCALE_INSUFFICIENT,,True,,,,CURRENT_BAR_UNAVAILABLE,OBSERVATION_INSUFFICIENT,10,0,0,False,0,0,False,INHERITED_RAW_PRICE_BASIS,False,False
2025-08-04|36700,2025-08-04,36700,10:00,13:25,145,UNAVAILABLE,0,5,,,SCALE_INSUFFICIENT,,True,,,,CURRENT_BAR_UNAVAILABLE,OBSERVATION_INSUFFICIENT,10,0,0,False,0,0,False,INHERITED_RAW_PRICE_BASIS,False,False
2025-08-04|36700,2025-08-04,36700,10:00,13:30,150,UNAVAILABLE,0,5,,,SCALE_INSUFFICIENT,,True,,,,CURRENT_BAR_UNAVAILABLE,OBSERVATION_INSUFFICIENT,10,0,0,False,0,0,False,INHERITED_RAW_PRICE_BASIS,False,False
2025-08-04|36700,2025-08-04,36700,10:00,13:35,155,UNAVAILABLE,0,5,,,SCALE_INSUFFICIENT,,True,,,,CURRENT_BAR_UNAVAILABLE,OBSERVATION_INSUFFICIENT,9,0,0,False,0,0,False,INHERITED_RAW_PRICE_BASIS,False,False
2025-08-04|36700,2025-08-04,36700,10:00,13:40,160,UNAVAILABLE,0,5,,,SCALE_INSUFFICIENT,,True,,,,CURRENT_BAR_UNAVAILABLE,OBSERVATION_INSUFFICIENT,9,0,0,False,0,0,False,INHERITED_RAW_PRICE_BASIS,False,False
2025-08-04|36700,2025-08-04,36700,10:00,13:45,165,PARTIAL,1,4,,,SCALE_INSUFFICIENT,,True,,,,CURRENT_BAR_UNAVAILABLE,OBSERVATION_INSUFFICIENT,10,0,0,False,0,0,False,INHERITED_RAW_PRICE_BASIS,False,False
2025-08-04|36700,2025-08-04,36700,10:00,13:50,170,UNAVAILABLE,0,5,,,SCALE_INSUFFICIENT,,True,,,,CURRENT_BAR_UNAVAILABLE,OBSERVATION_INSUFFICIENT,10,0,0,False,0,0,False,INHERITED_RAW_PRICE_BASIS,False,False
2025-08-04|36700,2025-08-04,36700,10:00,13:55,175,UNAVAILABLE,0,5,,,SCALE_INSUFFICIENT,,True,,,,CURRENT_BAR_UNAVAILABLE,OBSERVATION_INSUFFICIENT,10,0,0,False,0,0,False,INHERITED_RAW_PRICE_BASIS,False,False
2025-08-04|36700,2025-08-04,36700,10:00,14:00,180,UNAVAILABLE,0,5,,,SCALE_INSUFFICIENT,,True,,,,CURRENT_BAR_UNAVAILABLE,OBSERVATION_INSUFFICIENT,10,0,0,False,0,0,False,INHERITED_RAW_PRICE_BASIS,False,False
2025-08-04|36700,2025-08-04,36700,10:00,14:05,185,UNAVAILABLE,0,5,,,SCALE_INSUFFICIENT,,True,,,,CURRENT_BAR_UNAVAILABLE,OBSERVATION_INSUFFICIENT,10,0,0,False,0,0,False,INHERITED_RAW_PRICE_BASIS,False,False
2025-08-04|36700,2025-08-04,36700,10:00,14:10,190,UNAVAILABLE,0,5,,,SCALE_INSUFFICIENT,,True,,,,CURRENT_BAR_UNAVAILABLE,OBSERVATION_INSUFFICIENT,8,0,0,False,0,0,False,INHERITED_RAW_PRICE_BASIS,False,False
2025-08-04|36700,2025-08-04,36700,10:00,14:15,195,UNAVAILABLE,0,5,,,SCALE_INSUFFICIENT,,True,,,,CURRENT_BAR_UNAVAILABLE,OBSERVATION_INSUFFICIENT,8,0,0,False,0,0,False,INHERITED_RAW_PRICE_BASIS,False,False
2025-08-04|36700,2025-08-04,36700,10:00,14:20,200,PARTIAL,2,3,,,SCALE_INSUFFICIENT,,True,,,,CURRENT_BAR_UNAVAILABLE,OBSERVATION_INSUFFICIENT,10,0,0,False,0,0,False,INHERITED_RAW_PRICE_BASIS,False,False
2025-08-04|36700,2025-08-04,36700,10:00,14:25,205,UNAVAILABLE,0,5,,,SCALE_INSUFFICIENT,,True,,,,CURRENT_BAR_UNAVAILABLE,OBSERVATION_INSUFFICIENT,10,0,0,False,0,0,False,INHERITED_RAW_PRICE_BASIS,False,False
2025-08-04|36700,2025-08-04,36700,10:00,14:30,210,UNAVAILABLE,0,5,,,SCALE_INSUFFICIENT,,True,,,,CURRENT_BAR_UNAVAILABLE,OBSERVATION_INSUFFICIENT,10,0,0,False,0,0,False,INHERITED_RAW_PRICE_BASIS,False,False
2025-08-04|36700,2025-08-04,36700,10:00,14:35,215,UNAVAILABLE,0,5,,,SCALE_INSUFFICIENT,,True,,,,CURRENT_BAR_UNAVAILABLE,OBSERVATION_INSUFFICIENT,10,0,0,False,0,0,False,INHERITED_RAW_PRICE_BASIS,False,False
2025-08-04|36700,2025-08-04,36700,10:00,14:40,220,UNAVAILABLE,0,5,,,SCALE_INSUFFICIENT,,True,,,,CURRENT_BAR_UNAVAILABLE,OBSERVATION_INSUFFICIENT,10,0,0,False,0,0,False,INHERITED_RAW_PRICE_BASIS,False,False
2025-08-04|36700,2025-08-04,36700,10:00,14:45,225,UNAVAILABLE,0,5,,,SCALE_INSUFFICIENT,,True,,,,CURRENT_BAR_UNAVAILABLE,OBSERVATION_INSUFFICIENT,10,0,0,False,0,0,False,INHERITED_RAW_PRICE_BASIS,False,False
2025-08-04|36700,2025-08-04,36700,10:00,14:50,230,UNAVAILABLE,0,5,,,SCALE_INSUFFICIENT,,True,,,,CURRENT_BAR_UNAVAILABLE,OBSERVATION_INSUFFICIENT,10,0,0,False,0,0,False,INHERITED_RAW_PRICE_BASIS,False,False
2025-08-04|36700,2025-08-04,36700,10:00,14:55,235,UNAVAILABLE,0,5,,,SCALE_INSUFFICIENT,,True,,,,CURRENT_BAR_UNAVAILABLE,OBSERVATION_INSUFFICIENT,10,0,0,False,0,0,False,INHERITED_RAW_PRICE_BASIS,False,False
2025-08-04|36700,2025-08-04,36700,10:00,15:00,240,UNAVAILABLE,0,5,,,SCALE_INSUFFICIENT,,True,,,,CURRENT_BAR_UNAVAILABLE,OBSERVATION_INSUFFICIENT,10,0,0,False,0,0,False,INHERITED_RAW_PRICE_BASIS,False,False
2025-08-04|36700,2025-08-04,36700,10:00,15:05,245,UNAVAILABLE,0,5,,,SCALE_INSUFFICIENT,,True,,,,CURRENT_BAR_UNAVAILABLE,OBSERVATION_INSUFFICIENT,9,0,0,False,0,0,False,INHERITED_RAW_PRICE_BASIS,False,False
2025-08-04|36700,2025-08-04,36700,10:00,15:10,250,UNAVAILABLE,0,5,,,SCALE_INSUFFICIENT,,True,,,,CURRENT_BAR_UNAVAILABLE,OBSERVATION_INSUFFICIENT,9,0,0,False,0,0,False,INHERITED_RAW_PRICE_BASIS,False,False
2025-08-04|36700,2025-08-04,36700,10:00,15:15,255,PARTIAL,1,4,,,SCALE_INSUFFICIENT,,True,,,,CURRENT_BAR_UNAVAILABLE,OBSERVATION_INSUFFICIENT,9,0,0,False,0,0,False,INHERITED_RAW_PRICE_BASIS,False,False
2025-08-04|36700,2025-08-04,36700,10:00,15:20,260,UNAVAILABLE,0,5,,,SCALE_INSUFFICIENT,,True,,,,CURRENT_BAR_UNAVAILABLE,RIGHT_CENSORED,4,0,0,False,0,0,False,INHERITED_RAW_PRICE_BASIS,False,False
2025-08-04|36700,2025-08-04,36700,10:00,15:25,265,PARTIAL,1,4,,,SCALE_INSUFFICIENT,,True,,,,CURRENT_BAR_UNAVAILABLE,RIGHT_CENSORED,0,0,0,False,0,0,False,INHERITED_RAW_PRICE_BASIS,False,False
2025-08-04|38030,2025-08-04,38030,10:00,10:00,0,COMPLETE,5,0,UP,1.1594202898550725,AVAILABLE,74.5,True,,,RANGE_COMPRESSION|VOLUME_COMPRESSION|TRADING_VALUE_COMPRESSION,UNRESOLVED_STRUCTURE,OBSERVATION_INSUFFICIENT,1,0,2,False,0,0,False,INHERITED_RAW_PRICE_BASIS,False,False
2025-08-04|38030,2025-08-04,38030,10:00,10:05,5,PARTIAL,4,1,,,AVAILABLE,74.5,True,,,,CURRENT_BAR_UNAVAILABLE,WINDOW_OBSERVED,0,0,0,False,0,0,False,INHERITED_RAW_PRICE_BASIS,False,False
2025-08-04|38030,2025-08-04,38030,10:00,10:10,10,COMPLETE,5,0,DOWN,-3.2562529495044834,AVAILABLE,74.5,True,,,,UNRESOLVED_STRUCTURE,OBSERVATION_INSUFFICIENT,1,0,0,False,0,0,False,INHERITED_RAW_PRICE_BASIS,False,False
2025-08-04|38030,2025-08-04,38030,10:00,10:15,15,COMPLETE,5,0,UP,1.9033674963396778,AVAILABLE,74.5,True,,,RANGE_COMPRESSION|VOLUME_COMPRESSION|TRADING_VALUE_COMPRESSION,UNRESOLVED_STRUCTURE,OBSERVATION_INSUFFICIENT,2,0,0,False,0,0,False,INHERITED_RAW_PRICE_BASIS,True,False
2025-08-04|38030,2025-08-04,38030,10:00,10:20,20,PARTIAL,4,1,,,AVAILABLE,74.5,True,,,,UNRESOLVED_STRUCTURE,OBSERVATION_INSUFFICIENT,2,0,0,False,0,0,False,INHERITED_RAW_PRICE_BASIS,False,False
2025-08-04|38030,2025-08-04,38030,10:00,10:25,25,PARTIAL,4,1,,,AVAILABLE,74.5,True,,,,UNRESOLVED_STRUCTURE,OBSERVATION_INSUFFICIENT,2,0,0,False,0,0,False,INHERITED_RAW_PRICE_BASIS,False,False
2025-08-04|38030,2025-08-04,38030,10:00,10:30,30,PARTIAL,4,1,,,AVAILABLE,74.5,True,,,,CURRENT_BAR_UNAVAILABLE,OBSERVATION_INSUFFICIENT,2,0,0,False,0,0,False,INHERITED_RAW_PRICE_BASIS,False,False
2025-08-04|38030,2025-08-04,38030,10:00,10:35,35,PARTIAL,4,1,,,AVAILABLE,74.5,True,,,,UNRESOLVED_STRUCTURE,OBSERVATION_INSUFFICIENT,2,0,0,False,0,0,False,INHERITED_RAW_PRICE_BASIS,False,False
2025-08-04|38030,2025-08-04,38030,10:00,10:40,40,PARTIAL,4,1,,,AVAILABLE,74.5,True,,,,UNRESOLVED_STRUCTURE,OBSERVATION_INSUFFICIENT,5,0,0,False,0,0,False,INHERITED_RAW_PRICE_BASIS,False,False
2025-08-04|38030,2025-08-04,38030,10:00,10:45,45,PARTIAL,4,1,,,AVAILABLE,74.5,True,,,,CURRENT_BAR_UNAVAILABLE,OBSERVATION_INSUFFICIENT,5,0,0,False,3,0,False,INHERITED_RAW_PRICE_BASIS,False,False
2025-08-04|38030,2025-08-04,38030,10:00,10:50,50,PARTIAL,1,4,,,AVAILABLE,74.5,True,,,,CURRENT_BAR_UNAVAILABLE,OBSERVATION_INSUFFICIENT,2,0,0,False,0,0,False,INHERITED_RAW_PRICE_BASIS,False,False
2025-08-04|38030,2025-08-04,38030,10:00,10:55,55,PARTIAL,4,1,,,AVAILABLE,74.5,True,,,,UNRESOLVED_STRUCTURE,OBSERVATION_INSUFFICIENT,2,0,0,False,0,0,False,INHERITED_RAW_PRICE_BASIS,False,False
2025-08-04|38030,2025-08-04,38030,10:00,11:00,60,PARTIAL,4,1,,,AVAILABLE,74.5,True,,,,UNRESOLVED_STRUCTURE,OBSERVATION_INSUFFICIENT,6,0,0,False,0,0,False,INHERITED_RAW_PRICE_BASIS,False,False
2025-08-04|38030,2025-08-04,38030,10:00,11:05,65,PARTIAL,4,1,,,AVAILABLE,74.5,True,,,,UNRESOLVED_STRUCTURE,OBSERVATION_INSUFFICIENT,6,0,0,False,0,0,False,INHERITED_RAW_PRICE_BASIS,False,False
2025-08-04|38030,2025-08-04,38030,10:00,11:10,70,UNAVAILABLE,0,5,,,AVAILABLE,74.5,True,,,,CURRENT_BAR_UNAVAILABLE,OBSERVATION_INSUFFICIENT,3,0,0,False,0,0,False,INHERITED_RAW_PRICE_BASIS,False,False
2025-08-04|38030,2025-08-04,38030,10:00,11:15,75,PARTIAL,4,1,,,AVAILABLE,74.5,True,,,,UNRESOLVED_STRUCTURE,OBSERVATION_INSUFFICIENT,4,0,0,False,0,0,False,INHERITED_RAW_PRICE_BASIS,False,False
2025-08-04|38030,2025-08-04,38030,10:00,11:20,80,PARTIAL,3,2,,,AVAILABLE,74.5,True,,,,CURRENT_BAR_UNAVAILABLE,OBSERVATION_INSUFFICIENT,5,0,0,False,0,0,False,INHERITED_RAW_PRICE_BASIS,False,False
2025-08-04|38030,2025-08-04,38030,10:00,11:25,85,PARTIAL,3,2,,,AVAILABLE,74.5,True,,,,UNRESOLVED_STRUCTURE,OBSERVATION_INSUFFICIENT,4,0,0,False,0,0,False,INHERITED_RAW_PRICE_BASIS,False,False
2025-08-04|38030,2025-08-04,38030,10:00,11:30,90,PARTIAL,2,3,,,AVAILABLE,74.5,True,,,,UNRESOLVED_STRUCTURE,OBSERVATION_INSUFFICIENT,1,0,0,False,0,0,False,INHERITED_RAW_PRICE_BASIS,False,False
2025-08-04|38030,2025-08-04,38030,10:00,12:35,95,PARTIAL,4,1,,,AVAILABLE,74.5,True,,,,CURRENT_BAR_UNAVAILABLE,OBSERVATION_INSUFFICIENT,2,0,0,False,0,0,False,INHERITED_RAW_PRICE_BASIS,False,False
2025-08-04|38030,2025-08-04,38030,10:00,12:40,100,COMPLETE,5,0,UP,3.5645472061657033,AVAILABLE,74.5,True,,,,UNRESOLVED_STRUCTURE,OBSERVATION_INSUFFICIENT,4,0,0,False,3,0,False,INHERITED_RAW_PRICE_BASIS,False,False
2025-08-04|38030,2025-08-04,38030,10:00,12:45,105,PARTIAL,3,2,,,AVAILABLE,74.5,True,,,,CURRENT_BAR_UNAVAILABLE,OBSERVATION_INSUFFICIENT,3,0,0,False,0,0,False,INHERITED_RAW_PRICE_BASIS,False,False
2025-08-04|38030,2025-08-04,38030,10:00,12:50,110,PARTIAL,3,2,,,AVAILABLE,74.5,True,,,,UNRESOLVED_STRUCTURE,OBSERVATION_INSUFFICIENT,2,0,0,False,0,0,False,INHERITED_RAW_PRICE_BASIS,False,False
2025-08-04|38030,2025-08-04,38030,10:00,12:55,115,PARTIAL,4,1,,,AVAILABLE,74.5,True,,,,UNRESOLVED_STRUCTURE,OBSERVATION_INSUFFICIENT,1,0,0,False,0,0,False,INHERITED_RAW_PRICE_BASIS,False,False
2025-08-04|38030,2025-08-04,38030,10:00,13:00,120,PARTIAL,4,1,,,AVAILABLE,74.5,True,,,,UNRESOLVED_STRUCTURE,OBSERVATION_INSUFFICIENT,1,0,0,False,0,0,False,INHERITED_RAW_PRICE_BASIS,False,False
2025-08-04|38030,2025-08-04,38030,10:00,13:05,125,COMPLETE,5,0,DOWN,-1.330166270783848,AVAILABLE,74.5,True,,,,UNRESOLVED_STRUCTURE,OBSERVATION_INSUFFICIENT,4,0,0,False,0,0,False,INHERITED_RAW_PRICE_BASIS,False,False
2025-08-04|38030,2025-08-04,38030,10:00,13:10,130,PARTIAL,4,1,,,AVAILABLE,74.5,True,,,,UNRESOLVED_STRUCTURE,OBSERVATION_INSUFFICIENT,4,0,0,False,0,0,False,INHERITED_RAW_PRICE_BASIS,False,False
2025-08-04|38030,2025-08-04,38030,10:00,13:15,135,PARTIAL,2,3,,,AVAILABLE,74.5,True,,,,CURRENT_BAR_UNAVAILABLE,OBSERVATION_INSUFFICIENT,3,0,0,False,0,0,False,INHERITED_RAW_PRICE_BASIS,False,False
2025-08-04|38030,2025-08-04,38030,10:00,13:20,140,PARTIAL,4,1,,,AVAILABLE,74.5,True,,,,CURRENT_BAR_UNAVAILABLE,OBSERVATION_INSUFFICIENT,3,0,0,False,0,0,False,INHERITED_RAW_PRICE_BASIS,False,False
2025-08-04|38030,2025-08-04,38030,10:00,13:25,145,PARTIAL,3,2,,,AVAILABLE,74.5,True,,,,UNRESOLVED_STRUCTURE,OBSERVATION_INSUFFICIENT,2,0,0,False,0,0,False,INHERITED_RAW_PRICE_BASIS,False,False
2025-08-04|38030,2025-08-04,38030,10:00,13:30,150,PARTIAL,4,1,,,AVAILABLE,74.5,True,,,,UNRESOLVED_STRUCTURE,OBSERVATION_INSUFFICIENT,3,0,0,False,0,0,False,INHERITED_RAW_PRICE_BASIS,False,False
2025-08-04|38030,2025-08-04,38030,10:00,13:35,155,PARTIAL,4,1,,,AVAILABLE,74.5,True,,,,UNRESOLVED_STRUCTURE,OBSERVATION_INSUFFICIENT,2,0,0,False,0,0,False,INHERITED_RAW_PRICE_BASIS,False,False
2025-08-04|38030,2025-08-04,38030,10:00,13:40,160,PARTIAL,3,2,,,AVAILABLE,74.5,True,,,,UNRESOLVED_STRUCTURE,OBSERVATION_INSUFFICIENT,3,0,0,False,0,0,False,INHERITED_RAW_PRICE_BASIS,False,False
2025-08-04|38030,2025-08-04,38030,10:00,13:45,165,COMPLETE,5,0,DOWN,-1.8630647414997672,AVAILABLE,74.5,True,,,,UNRESOLVED_STRUCTURE,OBSERVATION_INSUFFICIENT,4,0,1,False,3,6,False,INHERITED_RAW_PRICE_BASIS,False,False
2025-08-04|38030,2025-08-04,38030,10:00,13:50,170,PARTIAL,2,3,,,AVAILABLE,74.5,True,,,,CURRENT_BAR_UNAVAILABLE,OBSERVATION_INSUFFICIENT,4,0,0,False,0,0,False,INHERITED_RAW_PRICE_BASIS,False,False
2025-08-04|38030,2025-08-04,38030,10:00,13:55,175,PARTIAL,4,1,,,AVAILABLE,74.5,True,,,,UNRESOLVED_STRUCTURE,OBSERVATION_INSUFFICIENT,3,0,0,False,0,0,False,INHERITED_RAW_PRICE_BASIS,False,False
2025-08-04|38030,2025-08-04,38030,10:00,14:00,180,PARTIAL,2,3,,,AVAILABLE,74.5,True,,,,CURRENT_BAR_UNAVAILABLE,OBSERVATION_INSUFFICIENT,2,0,0,False,0,0,False,INHERITED_RAW_PRICE_BASIS,False,False
2025-08-04|38030,2025-08-04,38030,10:00,14:05,185,COMPLETE,5,0,UP,0.4217432052483599,AVAILABLE,74.5,True,,,,UNRESOLVED_STRUCTURE,OBSERVATION_INSUFFICIENT,5,0,0,False,6,6,False,INHERITED_RAW_PRICE_BASIS,False,False
2025-08-04|38030,2025-08-04,38030,10:00,14:10,190,PARTIAL,3,2,,,AVAILABLE,74.5,True,,,,CURRENT_BAR_UNAVAILABLE,OBSERVATION_INSUFFICIENT,5,0,0,False,6,6,False,INHERITED_RAW_PRICE_BASIS,False,False
2025-08-04|38030,2025-08-04,38030,10:00,14:15,195,PARTIAL,2,3,,,AVAILABLE,74.5,True,,,,CURRENT_BAR_UNAVAILABLE,OBSERVATION_INSUFFICIENT,3,0,0,False,0,0,False,INHERITED_RAW_PRICE_BASIS,False,False
2025-08-04|38030,2025-08-04,38030,10:00,14:20,200,PARTIAL,3,2,,,AVAILABLE,74.5,True,,,,CURRENT_BAR_UNAVAILABLE,OBSERVATION_INSUFFICIENT,4,0,0,False,0,0,False,INHERITED_RAW_PRICE_BASIS,False,False
2025-08-04|38030,2025-08-04,38030,10:00,14:25,205,PARTIAL,4,1,,,AVAILABLE,74.5,True,,,,UNRESOLVED_STRUCTURE,OBSERVATION_INSUFFICIENT,5,0,0,False,0,3,False,INHERITED_RAW_PRICE_BASIS,False,False
2025-08-04|38030,2025-08-04,38030,10:00,14:30,210,PARTIAL,2,3,,,AVAILABLE,74.5,True,,,,CURRENT_BAR_UNAVAILABLE,OBSERVATION_INSUFFICIENT,5,0,0,False,0,0,False,INHERITED_RAW_PRICE_BASIS,False,False
2025-08-04|38030,2025-08-04,38030,10:00,14:35,215,PARTIAL,3,2,,,AVAILABLE,74.5,True,,,,CURRENT_BAR_UNAVAILABLE,OBSERVATION_INSUFFICIENT,4,0,0,False,0,0,False,INHERITED_RAW_PRICE_BASIS,False,False
2025-08-04|38030,2025-08-04,38030,10:00,14:40,220,PARTIAL,2,3,,,AVAILABLE,74.5,True,,,,UNRESOLVED_STRUCTURE,OBSERVATION_INSUFFICIENT,1,0,0,False,0,0,False,INHERITED_RAW_PRICE_BASIS,False,False
2025-08-04|38030,2025-08-04,38030,10:00,14:45,225,PARTIAL,4,1,,,AVAILABLE,74.5,True,,,,UNRESOLVED_STRUCTURE,WINDOW_OBSERVED,0,0,2,False,6,0,False,INHERITED_RAW_PRICE_BASIS,False,False
2025-08-04|38030,2025-08-04,38030,10:00,14:50,230,COMPLETE,5,0,DOWN,-0.22872827081427263,AVAILABLE,74.5,True,,RECOVERY,,UNRESOLVED_STRUCTURE,WINDOW_OBSERVED,0,1,3,False,7,6,True,INHERITED_RAW_PRICE_BASIS,False,False
2025-08-04|38030,2025-08-04,38030,10:00,14:55,235,COMPLETE,5,0,UP,2.800734618916437,AVAILABLE,74.5,True,,RECOVERY,RANGE_EXPANSION,UNRESOLVED_STRUCTURE,WINDOW_OBSERVED,0,0,3,False,3,3,True,INHERITED_RAW_PRICE_BASIS,True,False
2025-08-04|38030,2025-08-04,38030,10:00,15:00,240,COMPLETE,5,0,UP,6.613047363717605,AVAILABLE,74.5,True,UP_STRUCTURE,PROGRESSION,RANGE_EXPANSION|VOLUME_EXPANSION|TRADING_VALUE_EXPANSION,IDENTIFIED,WINDOW_OBSERVED,0,0,5,False,2,3,True,INHERITED_RAW_PRICE_BASIS,True,True
2025-08-04|38030,2025-08-04,38030,10:00,15:05,245,COMPLETE,5,0,UP,3.857442348008386,AVAILABLE,74.5,True,UP_STRUCTURE,PROGRESSION,,IDENTIFIED,WINDOW_OBSERVED,0,0,5,False,0,0,True,INHERITED_RAW_PRICE_BASIS,True,False
2025-08-04|38030,2025-08-04,38030,10:00,15:10,250,COMPLETE,5,0,DOWN,-0.3262642740619902,AVAILABLE,74.5,True,UP_STRUCTURE,CORRECTION,CHOPPINESS,IDENTIFIED,WINDOW_OBSERVED,0,1,6,False,4,2,True,INHERITED_RAW_PRICE_BASIS,True,True
2025-08-04|38030,2025-08-04,38030,10:00,15:15,255,COMPLETE,5,0,UP,1.3082583810302535,AVAILABLE,74.5,True,UP_STRUCTURE,RECOVERY,VOLUME_COMPRESSION|TRADING_VALUE_COMPRESSION,IDENTIFIED,WINDOW_OBSERVED,0,0,7,False,0,0,True,INHERITED_RAW_PRICE_BASIS,True,True
2025-08-04|38030,2025-08-04,38030,10:00,15:20,260,COMPLETE,5,0,UP,6.4765784114052956,AVAILABLE,74.5,True,UP_STRUCTURE,PROGRESSION,RANGE_EXPANSION|VOLUME_EXPANSION|TRADING_VALUE_EXPANSION,IDENTIFIED,RIGHT_CENSORED,0,0,7,False,5,2,True,INHERITED_RAW_PRICE_BASIS,True,True
2025-08-04|38030,2025-08-04,38030,10:00,15:25,265,COMPLETE,5,0,UP,1.2633996937212864,AVAILABLE,74.5,True,UP_STRUCTURE,PROGRESSION,RANGE_COMPRESSION|VOLUME_COMPRESSION|TRADING_VALUE_COMPRESSION,IDENTIFIED,RIGHT_CENSORED,0,0,7,False,0,1,True,INHERITED_RAW_PRICE_BASIS,True,False
2025-08-04|45120,2025-08-04,45120,10:00,10:00,0,COMPLETE,5,0,DOWN,-0.9146341463414634,SCALE_INSUFFICIENT,,True,,,VOLUME_EXPANSION|TRADING_VALUE_EXPANSION,SCALE_UNAVAILABLE,WINDOW_OBSERVED,0,0,0,False,0,0,False,INHERITED_RAW_PRICE_BASIS,False,False
2025-08-04|45120,2025-08-04,45120,10:00,10:05,5,COMPLETE,5,0,UP,1.2345679012345678,SCALE_INSUFFICIENT,,True,,,VOLUME_COMPRESSION|TRADING_VALUE_COMPRESSION,SCALE_UNAVAILABLE,WINDOW_OBSERVED,0,0,0,False,0,0,False,INHERITED_RAW_PRICE_BASIS,True,False
2025-08-04|45120,2025-08-04,45120,10:00,10:10,10,COMPLETE,5,0,DOWN,-0.6097560975609756,SCALE_INSUFFICIENT,,True,,,RANGE_COMPRESSION|VOLUME_COMPRESSION|TRADING_VALUE_COMPRESSION,SCALE_UNAVAILABLE,WINDOW_OBSERVED,0,0,0,False,0,0,False,INHERITED_RAW_PRICE_BASIS,True,False
2025-08-04|45120,2025-08-04,45120,10:00,10:15,15,COMPLETE,5,0,DOWN,-1.2232415902140672,SCALE_INSUFFICIENT,,True,,,VOLUME_COMPRESSION|TRADING_VALUE_COMPRESSION,SCALE_UNAVAILABLE,WINDOW_OBSERVED,0,0,0,False,0,0,False,INHERITED_RAW_PRICE_BASIS,True,False
2025-08-04|45120,2025-08-04,45120,10:00,10:20,20,COMPLETE,5,0,UP,0.30959752321981426,SCALE_INSUFFICIENT,,True,,,VOLUME_EXPANSION|TRADING_VALUE_EXPANSION,SCALE_UNAVAILABLE,WINDOW_OBSERVED,0,0,0,False,0,0,False,INHERITED_RAW_PRICE_BASIS,True,False
2025-08-04|45120,2025-08-04,45120,10:00,10:25,25,COMPLETE,5,0,UP,1.8518518518518519,SCALE_INSUFFICIENT,,True,,,RANGE_EXPANSION,SCALE_UNAVAILABLE,WINDOW_OBSERVED,0,0,0,False,0,0,False,INHERITED_RAW_PRICE_BASIS,True,False
2025-08-04|45120,2025-08-04,45120,10:00,10:30,30,COMPLETE,5,0,UP,0.30303030303030304,SCALE_INSUFFICIENT,,True,,,VOLUME_EXPANSION|TRADING_VALUE_EXPANSION,SCALE_UNAVAILABLE,WINDOW_OBSERVED,0,0,0,False,0,0,False,INHERITED_RAW_PRICE_BASIS,True,False
2025-08-04|45120,2025-08-04,45120,10:00,10:35,35,COMPLETE,5,0,DOWN,-0.30120481927710846,SCALE_INSUFFICIENT,,True,,,RANGE_COMPRESSION|VOLUME_COMPRESSION|TRADING_VALUE_COMPRESSION,SCALE_UNAVAILABLE,WINDOW_OBSERVED,0,0,0,False,0,0,False,INHERITED_RAW_PRICE_BASIS,True,False
2025-08-04|45120,2025-08-04,45120,10:00,10:40,40,COMPLETE,5,0,UP,0.9063444108761329,SCALE_INSUFFICIENT,,True,,,RANGE_EXPANSION|VOLUME_EXPANSION|TRADING_VALUE_EXPANSION,SCALE_UNAVAILABLE,WINDOW_OBSERVED,0,0,0,False,0,0,False,INHERITED_RAW_PRICE_BASIS,True,False
2025-08-04|45120,2025-08-04,45120,10:00,10:45,45,COMPLETE,5,0,DOWN,-0.5988023952095808,SCALE_INSUFFICIENT,,True,,,RANGE_COMPRESSION,SCALE_UNAVAILABLE,WINDOW_OBSERVED,0,0,0,False,0,0,False,INHERITED_RAW_PRICE_BASIS,True,False
2025-08-04|45120,2025-08-04,45120,10:00,10:50,50,COMPLETE,5,0,UP,0.6042296072507553,SCALE_INSUFFICIENT,,True,,,RANGE_EXPANSION|VOLUME_COMPRESSION|TRADING_VALUE_COMPRESSION,SCALE_UNAVAILABLE,WINDOW_OBSERVED,0,0,0,False,0,0,False,INHERITED_RAW_PRICE_BASIS,True,False
2025-08-04|45120,2025-08-04,45120,10:00,10:55,55,COMPLETE,5,0,UP,0.8982035928143712,SCALE_INSUFFICIENT,,True,,,,SCALE_UNAVAILABLE,WINDOW_OBSERVED,0,0,0,False,0,0,False,INHERITED_RAW_PRICE_BASIS,True,False
2025-08-04|45120,2025-08-04,45120,10:00,11:00,60,COMPLETE,5,0,UNCHANGED,0.0,SCALE_INSUFFICIENT,,True,,,VOLUME_EXPANSION|TRADING_VALUE_EXPANSION,SCALE_UNAVAILABLE,WINDOW_OBSERVED,0,0,0,False,0,0,False,INHERITED_RAW_PRICE_BASIS,True,False
2025-08-04|45120,2025-08-04,45120,10:00,11:05,65,COMPLETE,5,0,DOWN,-0.8902077151335311,SCALE_INSUFFICIENT,,True,,,VOLUME_COMPRESSION|TRADING_VALUE_COMPRESSION,SCALE_UNAVAILABLE,WINDOW_OBSERVED,0,0,0,False,0,0,False,INHERITED_RAW_PRICE_BASIS,True,False
2025-08-04|45120,2025-08-04,45120,10:00,11:10,70,COMPLETE,5,0,UP,1.2012012012012012,SCALE_INSUFFICIENT,,True,,,VOLUME_COMPRESSION|TRADING_VALUE_COMPRESSION,SCALE_UNAVAILABLE,WINDOW_OBSERVED,0,0,0,False,0,0,False,INHERITED_RAW_PRICE_BASIS,True,False
2025-08-04|45120,2025-08-04,45120,10:00,11:15,75,COMPLETE,5,0,UP,0.29673590504451036,SCALE_INSUFFICIENT,,True,,,VOLUME_EXPANSION|TRADING_VALUE_EXPANSION,SCALE_UNAVAILABLE,WINDOW_OBSERVED,0,0,0,False,0,0,False,INHERITED_RAW_PRICE_BASIS,True,False
2025-08-04|45120,2025-08-04,45120,10:00,11:20,80,COMPLETE,5,0,UNCHANGED,0.0,SCALE_INSUFFICIENT,,True,,,RANGE_COMPRESSION|VOLUME_COMPRESSION|TRADING_VALUE_COMPRESSION,SCALE_UNAVAILABLE,WINDOW_OBSERVED,0,0,0,False,0,0,False,INHERITED_RAW_PRICE_BASIS,True,False
2025-08-04|45120,2025-08-04,45120,10:00,11:25,85,COMPLETE,5,0,UP,1.7751479289940828,SCALE_INSUFFICIENT,,True,,,RANGE_EXPANSION|VOLUME_EXPANSION|TRADING_VALUE_EXPANSION,SCALE_UNAVAILABLE,WINDOW_OBSERVED,0,0,0,False,0,0,False,INHERITED_RAW_PRICE_BASIS,True,False
2025-08-04|45120,2025-08-04,45120,10:00,11:30,90,COMPLETE,5,0,UP,2.0348837209302326,SCALE_INSUFFICIENT,,True,,,VOLUME_EXPANSION|TRADING_VALUE_EXPANSION,SCALE_UNAVAILABLE,WINDOW_OBSERVED,0,0,0,False,1,1,False,INHERITED_RAW_PRICE_BASIS,True,False
2025-08-04|45120,2025-08-04,45120,10:00,12:35,95,COMPLETE,5,0,DOWN,-2.2988505747126435,SCALE_INSUFFICIENT,,True,,,,SCALE_UNAVAILABLE,WINDOW_OBSERVED,0,0,0,False,0,0,False,INHERITED_RAW_PRICE_BASIS,True,False
2025-08-04|45120,2025-08-04,45120,10:00,12:40,100,COMPLETE,5,0,DOWN,-0.2949852507374631,SCALE_INSUFFICIENT,,True,,,RANGE_COMPRESSION|VOLUME_COMPRESSION|TRADING_VALUE_COMPRESSION,SCALE_UNAVAILABLE,WINDOW_OBSERVED,0,0,0,False,0,0,False,INHERITED_RAW_PRICE_BASIS,True,False
2025-08-04|45120,2025-08-04,45120,10:00,12:45,105,COMPLETE,5,0,DOWN,-2.662721893491124,SCALE_INSUFFICIENT,,True,,,RANGE_EXPANSION|VOLUME_EXPANSION|TRADING_VALUE_EXPANSION,SCALE_UNAVAILABLE,WINDOW_OBSERVED,0,0,0,False,0,0,False,INHERITED_RAW_PRICE_BASIS,True,False
2025-08-04|45120,2025-08-04,45120,10:00,12:50,110,COMPLETE,5,0,UP,0.60790273556231,SCALE_INSUFFICIENT,,True,,,RANGE_COMPRESSION,SCALE_UNAVAILABLE,WINDOW_OBSERVED,0,0,0,False,0,0,False,INHERITED_RAW_PRICE_BASIS,True,False
2025-08-04|45120,2025-08-04,45120,10:00,12:55,115,COMPLETE,5,0,UNCHANGED,0.0,SCALE_INSUFFICIENT,,True,,,RANGE_COMPRESSION|VOLUME_COMPRESSION|TRADING_VALUE_COMPRESSION,SCALE_UNAVAILABLE,WINDOW_OBSERVED,0,0,0,False,0,0,False,INHERITED_RAW_PRICE_BASIS,True,False
2025-08-04|45120,2025-08-04,45120,10:00,13:00,120,COMPLETE,5,0,DOWN,-0.30303030303030304,SCALE_INSUFFICIENT,,True,,,RANGE_EXPANSION|VOLUME_EXPANSION|TRADING_VALUE_EXPANSION,SCALE_UNAVAILABLE,WINDOW_OBSERVED,0,0,0,False,0,0,False,INHERITED_RAW_PRICE_BASIS,True,False
2025-08-04|45120,2025-08-04,45120,10:00,13:05,125,COMPLETE,5,0,UP,0.9146341463414634,SCALE_INSUFFICIENT,,True,,,RANGE_EXPANSION|VOLUME_EXPANSION|TRADING_VALUE_EXPANSION,SCALE_UNAVAILABLE,WINDOW_OBSERVED,0,0,0,False,0,0,False,INHERITED_RAW_PRICE_BASIS,True,False
2025-08-04|45120,2025-08-04,45120,10:00,13:10,130,COMPLETE,5,0,DOWN,-0.6042296072507553,SCALE_INSUFFICIENT,,True,,,RANGE_COMPRESSION|VOLUME_COMPRESSION|TRADING_VALUE_COMPRESSION,SCALE_UNAVAILABLE,WINDOW_OBSERVED,0,0,0,False,0,0,False,INHERITED_RAW_PRICE_BASIS,True,False
2025-08-04|45120,2025-08-04,45120,10:00,13:15,135,COMPLETE,5,0,UP,0.60790273556231,SCALE_INSUFFICIENT,,True,,,,SCALE_UNAVAILABLE,WINDOW_OBSERVED,0,0,0,False,0,0,False,INHERITED_RAW_PRICE_BASIS,True,False
2025-08-04|45120,2025-08-04,45120,10:00,13:20,140,COMPLETE,5,0,UNCHANGED,0.0,SCALE_INSUFFICIENT,,True,,,RANGE_COMPRESSION,SCALE_UNAVAILABLE,WINDOW_OBSERVED,0,0,0,False,0,0,False,INHERITED_RAW_PRICE_BASIS,True,False
2025-08-04|45120,2025-08-04,45120,10:00,13:25,145,COMPLETE,5,0,DOWN,-0.30303030303030304,SCALE_INSUFFICIENT,,True,,,,SCALE_UNAVAILABLE,WINDOW_OBSERVED,0,0,0,False,0,0,False,INHERITED_RAW_PRICE_BASIS,True,False
2025-08-04|45120,2025-08-04,45120,10:00,13:30,150,COMPLETE,5,0,UNCHANGED,0.0,SCALE_INSUFFICIENT,,True,,,,SCALE_UNAVAILABLE,WINDOW_OBSERVED,0,0,0,False,0,0,False,INHERITED_RAW_PRICE_BASIS,True,False
2025-08-04|45120,2025-08-04,45120,10:00,13:35,155,COMPLETE,5,0,DOWN,-0.60790273556231,SCALE_INSUFFICIENT,,True,,,RANGE_EXPANSION|VOLUME_EXPANSION|TRADING_VALUE_EXPANSION,SCALE_UNAVAILABLE,WINDOW_OBSERVED,0,0,0,False,0,0,False,INHERITED_RAW_PRICE_BASIS,True,False
2025-08-04|45120,2025-08-04,45120,10:00,13:40,160,COMPLETE,5,0,DOWN,-0.6116207951070336,SCALE_INSUFFICIENT,,True,,,,SCALE_UNAVAILABLE,WINDOW_OBSERVED,0,0,0,False,0,0,False,INHERITED_RAW_PRICE_BASIS,True,False
2025-08-04|45120,2025-08-04,45120,10:00,13:45,165,COMPLETE,5,0,UNCHANGED,0.0,SCALE_INSUFFICIENT,,True,,,VOLUME_COMPRESSION|TRADING_VALUE_COMPRESSION,SCALE_UNAVAILABLE,WINDOW_OBSERVED,0,0,0,False,0,0,False,INHERITED_RAW_PRICE_BASIS,True,False
2025-08-04|45120,2025-08-04,45120,10:00,13:50,170,COMPLETE,5,0,UNCHANGED,0.0,SCALE_INSUFFICIENT,,True,,,RANGE_COMPRESSION|VOLUME_COMPRESSION|TRADING_VALUE_COMPRESSION,SCALE_UNAVAILABLE,WINDOW_OBSERVED,0,0,0,False,0,0,False,INHERITED_RAW_PRICE_BASIS,True,False
2025-08-04|45120,2025-08-04,45120,10:00,13:55,175,COMPLETE,5,0,UNCHANGED,0.0,SCALE_INSUFFICIENT,,True,,,RANGE_COMPRESSION|VOLUME_COMPRESSION|TRADING_VALUE_COMPRESSION,SCALE_UNAVAILABLE,WINDOW_OBSERVED,0,0,0,False,0,0,False,INHERITED_RAW_PRICE_BASIS,True,False
2025-08-04|45120,2025-08-04,45120,10:00,14:00,180,COMPLETE,5,0,UP,0.3076923076923077,SCALE_INSUFFICIENT,,True,,,,SCALE_UNAVAILABLE,OBSERVATION_INSUFFICIENT,1,0,0,False,0,0,False,INHERITED_RAW_PRICE_BASIS,True,False
2025-08-04|45120,2025-08-04,45120,10:00,14:05,185,COMPLETE,5,0,UP,0.6153846153846154,SCALE_INSUFFICIENT,,True,,,RANGE_EXPANSION|VOLUME_EXPANSION|TRADING_VALUE_EXPANSION,SCALE_UNAVAILABLE,OBSERVATION_INSUFFICIENT,1,0,0,False,0,0,False,INHERITED_RAW_PRICE_BASIS,True,False
2025-08-04|45120,2025-08-04,45120,10:00,14:10,190,PARTIAL,4,1,,,SCALE_INSUFFICIENT,,True,,,,CURRENT_BAR_UNAVAILABLE,WINDOW_OBSERVED,0,0,0,False,0,0,False,INHERITED_RAW_PRICE_BASIS,False,False
2025-08-04|45120,2025-08-04,45120,10:00,14:15,195,COMPLETE,5,0,UNCHANGED,0.0,SCALE_INSUFFICIENT,,True,,,,SCALE_UNAVAILABLE,WINDOW_OBSERVED,0,0,0,False,0,0,False,INHERITED_RAW_PRICE_BASIS,False,False
2025-08-04|45120,2025-08-04,45120,10:00,14:20,200,COMPLETE,5,0,DOWN,-1.2232415902140672,SCALE_INSUFFICIENT,,True,,,RANGE_EXPANSION|VOLUME_EXPANSION|TRADING_VALUE_EXPANSION,SCALE_UNAVAILABLE,WINDOW_OBSERVED,0,0,0,False,0,0,False,INHERITED_RAW_PRICE_BASIS,True,False
2025-08-04|45120,2025-08-04,45120,10:00,14:25,205,COMPLETE,5,0,UP,0.30959752321981426,SCALE_INSUFFICIENT,,True,,,,SCALE_UNAVAILABLE,WINDOW_OBSERVED,0,0,0,False,0,0,False,INHERITED_RAW_PRICE_BASIS,True,False
2025-08-04|45120,2025-08-04,45120,10:00,14:30,210,COMPLETE,5,0,UNCHANGED,0.0,SCALE_INSUFFICIENT,,True,,,RANGE_COMPRESSION|VOLUME_COMPRESSION|TRADING_VALUE_COMPRESSION,SCALE_UNAVAILABLE,WINDOW_OBSERVED,0,0,0,False,0,0,False,INHERITED_RAW_PRICE_BASIS,True,False
2025-08-04|45120,2025-08-04,45120,10:00,14:35,215,COMPLETE,5,0,UNCHANGED,0.0,SCALE_INSUFFICIENT,,True,,,,SCALE_UNAVAILABLE,WINDOW_OBSERVED,0,0,0,False,0,0,False,INHERITED_RAW_PRICE_BASIS,True,False
2025-08-04|45120,2025-08-04,45120,10:00,14:40,220,COMPLETE,5,0,UP,0.30864197530864196,SCALE_INSUFFICIENT,,True,,,,SCALE_UNAVAILABLE,WINDOW_OBSERVED,0,0,0,False,0,0,False,INHERITED_RAW_PRICE_BASIS,True,False
2025-08-04|45120,2025-08-04,45120,10:00,14:45,225,COMPLETE,5,0,UP,0.6172839506172839,SCALE_INSUFFICIENT,,True,,,RANGE_EXPANSION|VOLUME_EXPANSION|TRADING_VALUE_EXPANSION,SCALE_UNAVAILABLE,WINDOW_OBSERVED,0,0,0,False,0,0,False,INHERITED_RAW_PRICE_BASIS,True,False
2025-08-04|45120,2025-08-04,45120,10:00,14:50,230,COMPLETE,5,0,UP,0.6134969325153374,SCALE_INSUFFICIENT,,True,,,RANGE_EXPANSION,SCALE_UNAVAILABLE,WINDOW_OBSERVED,0,0,0,False,0,0,False,INHERITED_RAW_PRICE_BASIS,True,False
2025-08-04|45120,2025-08-04,45120,10:00,14:55,235,COMPLETE,5,0,DOWN,-0.3058103975535168,SCALE_INSUFFICIENT,,True,,,RANGE_COMPRESSION|VOLUME_EXPANSION|TRADING_VALUE_EXPANSION,SCALE_UNAVAILABLE,WINDOW_OBSERVED,0,0,0,False,0,0,False,INHERITED_RAW_PRICE_BASIS,True,False
2025-08-04|45120,2025-08-04,45120,10:00,15:00,240,COMPLETE,5,0,DOWN,-0.6134969325153374,SCALE_INSUFFICIENT,,True,,,RANGE_EXPANSION,SCALE_UNAVAILABLE,WINDOW_OBSERVED,0,0,0,False,0,0,False,INHERITED_RAW_PRICE_BASIS,True,False
2025-08-04|45120,2025-08-04,45120,10:00,15:05,245,COMPLETE,5,0,UNCHANGED,0.0,SCALE_INSUFFICIENT,,True,,,RANGE_COMPRESSION,SCALE_UNAVAILABLE,WINDOW_OBSERVED,0,0,0,False,0,0,False,INHERITED_RAW_PRICE_BASIS,True,False
2025-08-04|45120,2025-08-04,45120,10:00,15:10,250,COMPLETE,5,0,UP,0.30864197530864196,SCALE_INSUFFICIENT,,True,,,RANGE_EXPANSION|VOLUME_EXPANSION|TRADING_VALUE_EXPANSION,SCALE_UNAVAILABLE,WINDOW_OBSERVED,0,0,0,False,0,0,False,INHERITED_RAW_PRICE_BASIS,True,False
2025-08-04|45120,2025-08-04,45120,10:00,15:15,255,COMPLETE,5,0,DOWN,-0.6172839506172839,SCALE_INSUFFICIENT,,True,,,RANGE_COMPRESSION|VOLUME_COMPRESSION|TRADING_VALUE_COMPRESSION,SCALE_UNAVAILABLE,WINDOW_OBSERVED,0,0,0,False,0,0,False,INHERITED_RAW_PRICE_BASIS,True,False
2025-08-04|45120,2025-08-04,45120,10:00,15:20,260,COMPLETE,5,0,UP,0.6211180124223602,SCALE_INSUFFICIENT,,True,,,VOLUME_EXPANSION|TRADING_VALUE_EXPANSION,SCALE_UNAVAILABLE,RIGHT_CENSORED,0,0,0,False,0,0,False,INHERITED_RAW_PRICE_BASIS,True,False
2025-08-04|45120,2025-08-04,45120,10:00,15:25,265,COMPLETE,5,0,DOWN,-0.30864197530864196,SCALE_INSUFFICIENT,,True,,,RANGE_COMPRESSION|VOLUME_COMPRESSION|TRADING_VALUE_COMPRESSION,SCALE_UNAVAILABLE,RIGHT_CENSORED,0,0,0,False,0,0,False,INHERITED_RAW_PRICE_BASIS,True,False
2025-08-04|48110,2025-08-04,48110,15:00,15:00,0,PARTIAL,1,4,,,SCALE_INSUFFICIENT,,True,,,,CURRENT_BAR_UNAVAILABLE,OBSERVATION_INSUFFICIENT,10,0,0,False,0,0,False,INHERITED_RAW_PRICE_BASIS,False,False
2025-08-04|48110,2025-08-04,48110,15:00,15:05,5,UNAVAILABLE,0,5,,,SCALE_INSUFFICIENT,,True,,,,CURRENT_BAR_UNAVAILABLE,OBSERVATION_INSUFFICIENT,9,0,0,False,0,0,False,INHERITED_RAW_PRICE_BASIS,False,False
2025-08-04|48110,2025-08-04,48110,15:00,15:10,10,UNAVAILABLE,0,5,,,SCALE_INSUFFICIENT,,True,,,,CURRENT_BAR_UNAVAILABLE,OBSERVATION_INSUFFICIENT,8,0,0,False,0,0,False,INHERITED_RAW_PRICE_BASIS,False,False
2025-08-04|48110,2025-08-04,48110,15:00,15:15,15,PARTIAL,1,4,,,SCALE_INSUFFICIENT,,True,,,,CURRENT_BAR_UNAVAILABLE,OBSERVATION_INSUFFICIENT,8,0,0,False,0,0,False,INHERITED_RAW_PRICE_BASIS,False,False
2025-08-04|48110,2025-08-04,48110,15:00,15:20,20,PARTIAL,1,4,,,SCALE_INSUFFICIENT,,True,,,,CURRENT_BAR_UNAVAILABLE,RIGHT_CENSORED,4,0,0,False,0,0,False,INHERITED_RAW_PRICE_BASIS,False,False
2025-08-04|48110,2025-08-04,48110,15:00,15:25,25,PARTIAL,1,4,,,SCALE_INSUFFICIENT,,True,,,,SCALE_UNAVAILABLE,RIGHT_CENSORED,0,0,0,False,2,0,False,INHERITED_RAW_PRICE_BASIS,False,False
2025-08-04|49180,2025-08-04,49180,09:30,09:30,0,PARTIAL,1,4,,,SCALE_INSUFFICIENT,,True,,,,CURRENT_BAR_UNAVAILABLE,OBSERVATION_INSUFFICIENT,8,0,0,False,0,0,False,INHERITED_RAW_PRICE_BASIS,False,False
2025-08-04|49180,2025-08-04,49180,09:30,09:35,5,PARTIAL,1,4,,,SCALE_INSUFFICIENT,,True,,,,CURRENT_BAR_UNAVAILABLE,OBSERVATION_INSUFFICIENT,8,0,0,False,0,0,False,INHERITED_RAW_PRICE_BASIS,False,False
2025-08-04|49180,2025-08-04,49180,09:30,09:40,10,PARTIAL,1,4,,,SCALE_INSUFFICIENT,,True,,,,CURRENT_BAR_UNAVAILABLE,OBSERVATION_INSUFFICIENT,8,0,0,False,0,0,False,INHERITED_RAW_PRICE_BASIS,False,False
2025-08-04|49180,2025-08-04,49180,09:30,09:45,15,PARTIAL,1,4,,,SCALE_INSUFFICIENT,,True,,,,CURRENT_BAR_UNAVAILABLE,OBSERVATION_INSUFFICIENT,9,0,0,False,0,0,False,INHERITED_RAW_PRICE_BASIS,False,False
2025-08-04|49180,2025-08-04,49180,09:30,09:50,20,PARTIAL,1,4,,,SCALE_INSUFFICIENT,,True,,,,CURRENT_BAR_UNAVAILABLE,OBSERVATION_INSUFFICIENT,9,0,0,False,0,0,False,INHERITED_RAW_PRICE_BASIS,False,False
2025-08-04|49180,2025-08-04,49180,09:30,09:55,25,UNAVAILABLE,0,5,,,SCALE_INSUFFICIENT,,True,,,,CURRENT_BAR_UNAVAILABLE,OBSERVATION_INSUFFICIENT,9,0,0,False,0,0,False,INHERITED_RAW_PRICE_BASIS,False,False
2025-08-04|49180,2025-08-04,49180,09:30,10:00,30,PARTIAL,1,4,,,SCALE_INSUFFICIENT,,True,,,,CURRENT_BAR_UNAVAILABLE,OBSERVATION_INSUFFICIENT,10,0,0,False,0,0,False,INHERITED_RAW_PRICE_BASIS,False,False
2025-08-04|49180,2025-08-04,49180,09:30,10:05,35,UNAVAILABLE,0,5,,,SCALE_INSUFFICIENT,,True,,,,CURRENT_BAR_UNAVAILABLE,OBSERVATION_INSUFFICIENT,10,0,0,False,0,0,False,INHERITED_RAW_PRICE_BASIS,False,False
2025-08-04|49180,2025-08-04,49180,09:30,10:10,40,UNAVAILABLE,0,5,,,SCALE_INSUFFICIENT,,True,,,,CURRENT_BAR_UNAVAILABLE,OBSERVATION_INSUFFICIENT,8,0,0,False,0,0,False,INHERITED_RAW_PRICE_BASIS,False,False
2025-08-04|49180,2025-08-04,49180,09:30,10:15,45,UNAVAILABLE,0,5,,,SCALE_INSUFFICIENT,,True,,,,CURRENT_BAR_UNAVAILABLE,OBSERVATION_INSUFFICIENT,8,0,0,False,0,0,False,INHERITED_RAW_PRICE_BASIS,False,False
2025-08-04|49180,2025-08-04,49180,09:30,10:20,50,PARTIAL,2,3,,,SCALE_INSUFFICIENT,,True,,,,SCALE_UNAVAILABLE,OBSERVATION_INSUFFICIENT,8,0,0,False,0,0,False,INHERITED_RAW_PRICE_BASIS,False,False
2025-08-04|49180,2025-08-04,49180,09:30,10:25,55,UNAVAILABLE,0,5,,,SCALE_INSUFFICIENT,,True,,,,CURRENT_BAR_UNAVAILABLE,OBSERVATION_INSUFFICIENT,5,0,0,False,0,0,False,INHERITED_RAW_PRICE_BASIS,False,False
2025-08-04|49180,2025-08-04,49180,09:30,10:30,60,PARTIAL,2,3,,,SCALE_INSUFFICIENT,,True,,,,CURRENT_BAR_UNAVAILABLE,OBSERVATION_INSUFFICIENT,6,0,0,False,0,0,False,INHERITED_RAW_PRICE_BASIS,False,False
2025-08-04|49180,2025-08-04,49180,09:30,10:35,65,PARTIAL,3,2,,,SCALE_INSUFFICIENT,,True,,,,CURRENT_BAR_UNAVAILABLE,OBSERVATION_INSUFFICIENT,9,0,0,False,0,0,False,INHERITED_RAW_PRICE_BASIS,False,False
2025-08-04|49180,2025-08-04,49180,09:30,10:40,70,PARTIAL,1,4,,,SCALE_INSUFFICIENT,,True,,,,CURRENT_BAR_UNAVAILABLE,OBSERVATION_INSUFFICIENT,10,0,0,False,0,0,False,INHERITED_RAW_PRICE_BASIS,False,False
2025-08-04|49180,2025-08-04,49180,09:30,10:45,75,UNAVAILABLE,0,5,,,SCALE_INSUFFICIENT,,True,,,,CURRENT_BAR_UNAVAILABLE,OBSERVATION_INSUFFICIENT,10,0,0,False,0,0,False,INHERITED_RAW_PRICE_BASIS,False,False
2025-08-04|49180,2025-08-04,49180,09:30,10:50,80,UNAVAILABLE,0,5,,,SCALE_INSUFFICIENT,,True,,,,CURRENT_BAR_UNAVAILABLE,OBSERVATION_INSUFFICIENT,10,0,0,False,0,0,False,INHERITED_RAW_PRICE_BASIS,False,False
2025-08-04|49180,2025-08-04,49180,09:30,10:55,85,UNAVAILABLE,0,5,,,SCALE_INSUFFICIENT,,True,,,,CURRENT_BAR_UNAVAILABLE,OBSERVATION_INSUFFICIENT,10,0,0,False,0,0,False,INHERITED_RAW_PRICE_BASIS,False,False
2025-08-04|49180,2025-08-04,49180,09:30,11:00,90,UNAVAILABLE,0,5,,,SCALE_INSUFFICIENT,,True,,,,CURRENT_BAR_UNAVAILABLE,OBSERVATION_INSUFFICIENT,10,0,0,False,0,0,False,INHERITED_RAW_PRICE_BASIS,False,False
2025-08-04|49180,2025-08-04,49180,09:30,11:05,95,UNAVAILABLE,0,5,,,SCALE_INSUFFICIENT,,True,,,,CURRENT_BAR_UNAVAILABLE,OBSERVATION_INSUFFICIENT,10,0,0,False,0,0,False,INHERITED_RAW_PRICE_BASIS,False,False
2025-08-04|49180,2025-08-04,49180,09:30,11:10,100,UNAVAILABLE,0,5,,,SCALE_INSUFFICIENT,,True,,,,CURRENT_BAR_UNAVAILABLE,OBSERVATION_INSUFFICIENT,10,0,0,False,0,0,False,INHERITED_RAW_PRICE_BASIS,False,False
2025-08-04|49180,2025-08-04,49180,09:30,11:15,105,UNAVAILABLE,0,5,,,SCALE_INSUFFICIENT,,True,,,,CURRENT_BAR_UNAVAILABLE,OBSERVATION_INSUFFICIENT,10,0,0,False,0,0,False,INHERITED_RAW_PRICE_BASIS,False,False
2025-08-04|49180,2025-08-04,49180,09:30,11:20,110,UNAVAILABLE,0,5,,,SCALE_INSUFFICIENT,,True,,,,CURRENT_BAR_UNAVAILABLE,OBSERVATION_INSUFFICIENT,10,0,0,False,0,0,False,INHERITED_RAW_PRICE_BASIS,False,False
2025-08-04|49180,2025-08-04,49180,09:30,11:25,115,UNAVAILABLE,0,5,,,SCALE_INSUFFICIENT,,True,,,,CURRENT_BAR_UNAVAILABLE,OBSERVATION_INSUFFICIENT,8,0,0,False,0,0,False,INHERITED_RAW_PRICE_BASIS,False,False
2025-08-04|49180,2025-08-04,49180,09:30,11:30,120,UNAVAILABLE,0,5,,,SCALE_INSUFFICIENT,,True,,,,CURRENT_BAR_UNAVAILABLE,OBSERVATION_INSUFFICIENT,8,0,0,False,0,0,False,INHERITED_RAW_PRICE_BASIS,False,False
2025-08-04|49180,2025-08-04,49180,09:30,12:35,125,PARTIAL,2,3,,,SCALE_INSUFFICIENT,,True,,,,CURRENT_BAR_UNAVAILABLE,OBSERVATION_INSUFFICIENT,10,0,0,False,0,0,False,INHERITED_RAW_PRICE_BASIS,False,False
2025-08-04|49180,2025-08-04,49180,09:30,12:40,130,UNAVAILABLE,0,5,,,SCALE_INSUFFICIENT,,True,,,,CURRENT_BAR_UNAVAILABLE,OBSERVATION_INSUFFICIENT,10,0,0,False,0,0,False,INHERITED_RAW_PRICE_BASIS,False,False
2025-08-04|49180,2025-08-04,49180,09:30,12:45,135,UNAVAILABLE,0,5,,,SCALE_INSUFFICIENT,,True,,,,CURRENT_BAR_UNAVAILABLE,OBSERVATION_INSUFFICIENT,10,0,0,False,0,0,False,INHERITED_RAW_PRICE_BASIS,False,False
2025-08-04|49180,2025-08-04,49180,09:30,12:50,140,UNAVAILABLE,0,5,,,SCALE_INSUFFICIENT,,True,,,,CURRENT_BAR_UNAVAILABLE,OBSERVATION_INSUFFICIENT,8,0,0,False,0,0,False,INHERITED_RAW_PRICE_BASIS,False,False
2025-08-04|49180,2025-08-04,49180,09:30,12:55,145,UNAVAILABLE,0,5,,,SCALE_INSUFFICIENT,,True,,,,CURRENT_BAR_UNAVAILABLE,OBSERVATION_INSUFFICIENT,8,0,0,False,0,0,False,INHERITED_RAW_PRICE_BASIS,False,False
2025-08-04|49180,2025-08-04,49180,09:30,13:00,150,PARTIAL,2,3,,,SCALE_INSUFFICIENT,,True,,,,CURRENT_BAR_UNAVAILABLE,OBSERVATION_INSUFFICIENT,10,0,0,False,0,0,False,INHERITED_RAW_PRICE_BASIS,False,False
2025-08-04|49180,2025-08-04,49180,09:30,13:05,155,UNAVAILABLE,0,5,,,SCALE_INSUFFICIENT,,True,,,,CURRENT_BAR_UNAVAILABLE,OBSERVATION_INSUFFICIENT,10,0,0,False,0,0,False,INHERITED_RAW_PRICE_BASIS,False,False
2025-08-04|49180,2025-08-04,49180,09:30,13:10,160,UNAVAILABLE,0,5,,,SCALE_INSUFFICIENT,,True,,,,CURRENT_BAR_UNAVAILABLE,OBSERVATION_INSUFFICIENT,9,0,0,False,0,0,False,INHERITED_RAW_PRICE_BASIS,False,False
2025-08-04|49180,2025-08-04,49180,09:30,13:15,165,UNAVAILABLE,0,5,,,SCALE_INSUFFICIENT,,True,,,,CURRENT_BAR_UNAVAILABLE,OBSERVATION_INSUFFICIENT,9,0,0,False,0,0,False,INHERITED_RAW_PRICE_BASIS,False,False
2025-08-04|49180,2025-08-04,49180,09:30,13:20,170,PARTIAL,1,4,,,SCALE_INSUFFICIENT,,True,,,,SCALE_UNAVAILABLE,OBSERVATION_INSUFFICIENT,10,0,0,False,0,0,False,INHERITED_RAW_PRICE_BASIS,False,False
2025-08-04|49180,2025-08-04,49180,09:30,13:25,175,UNAVAILABLE,0,5,,,SCALE_INSUFFICIENT,,True,,,,CURRENT_BAR_UNAVAILABLE,OBSERVATION_INSUFFICIENT,10,0,0,False,0,0,False,INHERITED_RAW_PRICE_BASIS,False,False
2025-08-04|49180,2025-08-04,49180,09:30,13:30,180,UNAVAILABLE,0,5,,,SCALE_INSUFFICIENT,,True,,,,CURRENT_BAR_UNAVAILABLE,OBSERVATION_INSUFFICIENT,10,0,0,False,0,0,False,INHERITED_RAW_PRICE_BASIS,False,False
2025-08-04|49180,2025-08-04,49180,09:30,13:35,185,UNAVAILABLE,0,5,,,SCALE_INSUFFICIENT,,True,,,,CURRENT_BAR_UNAVAILABLE,OBSERVATION_INSUFFICIENT,10,0,0,False,0,0,False,INHERITED_RAW_PRICE_BASIS,False,False
2025-08-04|49180,2025-08-04,49180,09:30,13:40,190,UNAVAILABLE,0,5,,,SCALE_INSUFFICIENT,,True,,,,CURRENT_BAR_UNAVAILABLE,OBSERVATION_INSUFFICIENT,10,0,0,False,0,0,False,INHERITED_RAW_PRICE_BASIS,False,False
2025-08-04|49180,2025-08-04,49180,09:30,13:45,195,UNAVAILABLE,0,5,,,SCALE_INSUFFICIENT,,True,,,,CURRENT_BAR_UNAVAILABLE,OBSERVATION_INSUFFICIENT,10,0,0,False,0,0,False,INHERITED_RAW_PRICE_BASIS,False,False
2025-08-04|49180,2025-08-04,49180,09:30,13:50,200,UNAVAILABLE,0,5,,,SCALE_INSUFFICIENT,,True,,,,CURRENT_BAR_UNAVAILABLE,OBSERVATION_INSUFFICIENT,10,0,0,False,0,0,False,INHERITED_RAW_PRICE_BASIS,False,False
2025-08-04|49180,2025-08-04,49180,09:30,13:55,205,UNAVAILABLE,0,5,,,SCALE_INSUFFICIENT,,True,,,,CURRENT_BAR_UNAVAILABLE,OBSERVATION_INSUFFICIENT,10,0,0,False,0,0,False,INHERITED_RAW_PRICE_BASIS,False,False
2025-08-04|49180,2025-08-04,49180,09:30,14:00,210,UNAVAILABLE,0,5,,,SCALE_INSUFFICIENT,,True,,,,CURRENT_BAR_UNAVAILABLE,OBSERVATION_INSUFFICIENT,10,0,0,False,0,0,False,INHERITED_RAW_PRICE_BASIS,False,False
2025-08-04|49180,2025-08-04,49180,09:30,14:05,215,UNAVAILABLE,0,5,,,SCALE_INSUFFICIENT,,True,,,,CURRENT_BAR_UNAVAILABLE,OBSERVATION_INSUFFICIENT,10,0,0,False,0,0,False,INHERITED_RAW_PRICE_BASIS,False,False
2025-08-04|49180,2025-08-04,49180,09:30,14:10,220,UNAVAILABLE,0,5,,,SCALE_INSUFFICIENT,,True,,,,CURRENT_BAR_UNAVAILABLE,OBSERVATION_INSUFFICIENT,9,0,0,False,0,0,False,INHERITED_RAW_PRICE_BASIS,False,False
2025-08-04|49180,2025-08-04,49180,09:30,14:15,225,UNAVAILABLE,0,5,,,SCALE_INSUFFICIENT,,True,,,,CURRENT_BAR_UNAVAILABLE,OBSERVATION_INSUFFICIENT,9,0,0,False,0,0,False,INHERITED_RAW_PRICE_BASIS,False,False
2025-08-04|49180,2025-08-04,49180,09:30,14:20,230,PARTIAL,1,4,,,SCALE_INSUFFICIENT,,True,,,,CURRENT_BAR_UNAVAILABLE,OBSERVATION_INSUFFICIENT,9,0,0,False,0,0,False,INHERITED_RAW_PRICE_BASIS,False,False
2025-08-04|49180,2025-08-04,49180,09:30,14:25,235,UNAVAILABLE,0,5,,,SCALE_INSUFFICIENT,,True,,,,CURRENT_BAR_UNAVAILABLE,OBSERVATION_INSUFFICIENT,9,0,0,False,0,0,False,INHERITED_RAW_PRICE_BASIS,False,False
2025-08-04|49180,2025-08-04,49180,09:30,14:30,240,PARTIAL,1,4,,,SCALE_INSUFFICIENT,,True,,,,CURRENT_BAR_UNAVAILABLE,OBSERVATION_INSUFFICIENT,10,0,0,False,0,0,False,INHERITED_RAW_PRICE_BASIS,False,False
2025-08-04|49180,2025-08-04,49180,09:30,14:35,245,UNAVAILABLE,0,5,,,SCALE_INSUFFICIENT,,True,,,,CURRENT_BAR_UNAVAILABLE,OBSERVATION_INSUFFICIENT,8,0,0,False,0,0,False,INHERITED_RAW_PRICE_BASIS,False,False
2025-08-04|49180,2025-08-04,49180,09:30,14:40,250,UNAVAILABLE,0,5,,,SCALE_INSUFFICIENT,,True,,,,CURRENT_BAR_UNAVAILABLE,OBSERVATION_INSUFFICIENT,8,0,0,False,0,0,False,INHERITED_RAW_PRICE_BASIS,False,False
2025-08-04|49180,2025-08-04,49180,09:30,14:45,255,PARTIAL,2,3,,,SCALE_INSUFFICIENT,,True,,,,CURRENT_BAR_UNAVAILABLE,OBSERVATION_INSUFFICIENT,9,0,0,False,0,0,False,INHERITED_RAW_PRICE_BASIS,False,False
2025-08-04|49180,2025-08-04,49180,09:30,14:50,260,UNAVAILABLE,0,5,,,SCALE_INSUFFICIENT,,True,,,,CURRENT_BAR_UNAVAILABLE,OBSERVATION_INSUFFICIENT,9,0,0,False,0,0,False,INHERITED_RAW_PRICE_BASIS,False,False
2025-08-04|49180,2025-08-04,49180,09:30,14:55,265,PARTIAL,1,4,,,SCALE_INSUFFICIENT,,True,,,,CURRENT_BAR_UNAVAILABLE,OBSERVATION_INSUFFICIENT,9,0,0,False,0,0,False,INHERITED_RAW_PRICE_BASIS,False,False
2025-08-04|49180,2025-08-04,49180,09:30,15:00,270,UNAVAILABLE,0,5,,,SCALE_INSUFFICIENT,,True,,,,CURRENT_BAR_UNAVAILABLE,OBSERVATION_INSUFFICIENT,9,0,0,False,0,0,False,INHERITED_RAW_PRICE_BASIS,False,False
2025-08-04|49180,2025-08-04,49180,09:30,15:05,275,PARTIAL,1,4,,,SCALE_INSUFFICIENT,,True,,,,CURRENT_BAR_UNAVAILABLE,OBSERVATION_INSUFFICIENT,10,0,0,False,0,0,False,INHERITED_RAW_PRICE_BASIS,False,False
2025-08-04|49180,2025-08-04,49180,09:30,15:10,280,UNAVAILABLE,0,5,,,SCALE_INSUFFICIENT,,True,,,,CURRENT_BAR_UNAVAILABLE,OBSERVATION_INSUFFICIENT,10,0,0,False,0,0,False,INHERITED_RAW_PRICE_BASIS,False,False
2025-08-04|49180,2025-08-04,49180,09:30,15:15,285,UNAVAILABLE,0,5,,,SCALE_INSUFFICIENT,,True,,,,CURRENT_BAR_UNAVAILABLE,OBSERVATION_INSUFFICIENT,10,0,0,False,0,0,False,INHERITED_RAW_PRICE_BASIS,False,False
2025-08-04|49180,2025-08-04,49180,09:30,15:20,290,UNAVAILABLE,0,5,,,SCALE_INSUFFICIENT,,True,,,,CURRENT_BAR_UNAVAILABLE,RIGHT_CENSORED,5,0,0,False,0,0,False,INHERITED_RAW_PRICE_BASIS,False,False
2025-08-04|49180,2025-08-04,49180,09:30,15:25,295,UNAVAILABLE,0,5,,,SCALE_INSUFFICIENT,,True,,,,CURRENT_BAR_UNAVAILABLE,RIGHT_CENSORED,0,0,0,False,0,0,False,INHERITED_RAW_PRICE_BASIS,False,False
2025-08-04|55780,2025-08-04,55780,14:00,14:00,0,PARTIAL,3,2,,,SCALE_INSUFFICIENT,,True,,,,SCALE_UNAVAILABLE,OBSERVATION_INSUFFICIENT,8,0,0,False,0,0,False,INHERITED_RAW_PRICE_BASIS,False,False
2025-08-04|55780,2025-08-04,55780,14:00,14:05,5,UNAVAILABLE,0,5,,,SCALE_INSUFFICIENT,,True,,,,CURRENT_BAR_UNAVAILABLE,OBSERVATION_INSUFFICIENT,8,0,0,False,0,0,False,INHERITED_RAW_PRICE_BASIS,False,False
2025-08-04|55780,2025-08-04,55780,14:00,14:10,10,PARTIAL,2,3,,,SCALE_INSUFFICIENT,,True,,,,SCALE_UNAVAILABLE,OBSERVATION_INSUFFICIENT,10,0,0,False,0,0,False,INHERITED_RAW_PRICE_BASIS,False,False
2025-08-04|55780,2025-08-04,55780,14:00,14:15,15,UNAVAILABLE,0,5,,,SCALE_INSUFFICIENT,,True,,,,CURRENT_BAR_UNAVAILABLE,OBSERVATION_INSUFFICIENT,10,0,0,False,0,0,False,INHERITED_RAW_PRICE_BASIS,False,False
2025-08-04|55780,2025-08-04,55780,14:00,14:20,20,UNAVAILABLE,0,5,,,SCALE_INSUFFICIENT,,True,,,,CURRENT_BAR_UNAVAILABLE,OBSERVATION_INSUFFICIENT,9,0,0,False,0,0,False,INHERITED_RAW_PRICE_BASIS,False,False
2025-08-04|55780,2025-08-04,55780,14:00,14:25,25,UNAVAILABLE,0,5,,,SCALE_INSUFFICIENT,,True,,,,CURRENT_BAR_UNAVAILABLE,OBSERVATION_INSUFFICIENT,8,0,0,False,0,0,False,INHERITED_RAW_PRICE_BASIS,False,False
2025-08-04|55780,2025-08-04,55780,14:00,14:30,30,PARTIAL,1,4,,,SCALE_INSUFFICIENT,,True,,,,CURRENT_BAR_UNAVAILABLE,OBSERVATION_INSUFFICIENT,7,0,0,False,0,0,False,INHERITED_RAW_PRICE_BASIS,False,False
2025-08-04|55780,2025-08-04,55780,14:00,14:35,35,PARTIAL,1,4,,,SCALE_INSUFFICIENT,,True,,,,CURRENT_BAR_UNAVAILABLE,OBSERVATION_INSUFFICIENT,8,0,0,False,0,0,False,INHERITED_RAW_PRICE_BASIS,False,False
2025-08-04|55780,2025-08-04,55780,14:00,14:40,40,PARTIAL,2,3,,,SCALE_INSUFFICIENT,,True,,,,CURRENT_BAR_UNAVAILABLE,OBSERVATION_INSUFFICIENT,10,0,0,False,0,0,False,INHERITED_RAW_PRICE_BASIS,False,False
2025-08-04|55780,2025-08-04,55780,14:00,14:45,45,UNAVAILABLE,0,5,,,SCALE_INSUFFICIENT,,True,,,,CURRENT_BAR_UNAVAILABLE,OBSERVATION_INSUFFICIENT,10,0,0,False,0,0,False,INHERITED_RAW_PRICE_BASIS,False,False
2025-08-04|55780,2025-08-04,55780,14:00,14:50,50,UNAVAILABLE,0,5,,,SCALE_INSUFFICIENT,,True,,,,CURRENT_BAR_UNAVAILABLE,OBSERVATION_INSUFFICIENT,9,0,0,False,0,0,False,INHERITED_RAW_PRICE_BASIS,False,False
2025-08-04|55780,2025-08-04,55780,14:00,14:55,55,UNAVAILABLE,0,5,,,SCALE_INSUFFICIENT,,True,,,,CURRENT_BAR_UNAVAILABLE,OBSERVATION_INSUFFICIENT,8,0,0,False,0,0,False,INHERITED_RAW_PRICE_BASIS,False,False
2025-08-04|55780,2025-08-04,55780,14:00,15:00,60,PARTIAL,1,4,,,SCALE_INSUFFICIENT,,True,,,,CURRENT_BAR_UNAVAILABLE,OBSERVATION_INSUFFICIENT,9,0,0,False,0,0,False,INHERITED_RAW_PRICE_BASIS,False,False
2025-08-04|55780,2025-08-04,55780,14:00,15:05,65,PARTIAL,1,4,,,SCALE_INSUFFICIENT,,True,,,,CURRENT_BAR_UNAVAILABLE,OBSERVATION_INSUFFICIENT,9,0,0,False,0,0,False,INHERITED_RAW_PRICE_BASIS,False,False
2025-08-04|55780,2025-08-04,55780,14:00,15:10,70,UNAVAILABLE,0,5,,,SCALE_INSUFFICIENT,,True,,,,CURRENT_BAR_UNAVAILABLE,OBSERVATION_INSUFFICIENT,9,0,0,False,0,0,False,INHERITED_RAW_PRICE_BASIS,False,False
2025-08-04|55780,2025-08-04,55780,14:00,15:15,75,PARTIAL,1,4,,,SCALE_INSUFFICIENT,,True,,,,CURRENT_BAR_UNAVAILABLE,OBSERVATION_INSUFFICIENT,10,0,0,False,0,0,False,INHERITED_RAW_PRICE_BASIS,False,False
2025-08-04|55780,2025-08-04,55780,14:00,15:20,80,UNAVAILABLE,0,5,,,SCALE_INSUFFICIENT,,True,,,,CURRENT_BAR_UNAVAILABLE,RIGHT_CENSORED,5,0,0,False,0,0,False,INHERITED_RAW_PRICE_BASIS,False,False
2025-08-04|55780,2025-08-04,55780,14:00,15:25,85,UNAVAILABLE,0,5,,,SCALE_INSUFFICIENT,,True,,,,CURRENT_BAR_UNAVAILABLE,RIGHT_CENSORED,0,0,0,False,0,0,False,INHERITED_RAW_PRICE_BASIS,False,False
2025-08-04|57290,2025-08-04,57290,10:00,10:00,0,PARTIAL,2,3,,,SCALE_INSUFFICIENT,,True,,,,SCALE_UNAVAILABLE,WINDOW_OBSERVED,0,0,0,False,2,0,False,INHERITED_RAW_PRICE_BASIS,False,False
2025-08-04|57290,2025-08-04,57290,10:00,10:05,5,COMPLETE,5,0,DOWN,-1.9675925925925926,SCALE_INSUFFICIENT,,True,,,,SCALE_UNAVAILABLE,WINDOW_OBSERVED,0,0,0,False,1,2,False,INHERITED_RAW_PRICE_BASIS,False,False
2025-08-04|57290,2025-08-04,57290,10:00,10:10,10,COMPLETE,5,0,DOWN,-0.11778563015312132,SCALE_INSUFFICIENT,,True,,,RANGE_COMPRESSION,SCALE_UNAVAILABLE,OBSERVATION_INSUFFICIENT,1,0,0,False,0,0,False,INHERITED_RAW_PRICE_BASIS,True,False
2025-08-04|57290,2025-08-04,57290,10:00,10:15,15,COMPLETE,5,0,UP,0.589622641509434,SCALE_INSUFFICIENT,,True,,,RANGE_COMPRESSION|VOLUME_COMPRESSION|TRADING_VALUE_COMPRESSION,SCALE_UNAVAILABLE,OBSERVATION_INSUFFICIENT,2,0,0,False,0,0,False,INHERITED_RAW_PRICE_BASIS,True,False
2025-08-04|57290,2025-08-04,57290,10:00,10:20,20,PARTIAL,4,1,,,SCALE_INSUFFICIENT,,True,,,,SCALE_UNAVAILABLE,OBSERVATION_INSUFFICIENT,1,0,0,False,1,1,False,INHERITED_RAW_PRICE_BASIS,False,False
2025-08-04|57290,2025-08-04,57290,10:00,10:25,25,PARTIAL,4,1,,,SCALE_INSUFFICIENT,,True,,,,SCALE_UNAVAILABLE,WINDOW_OBSERVED,0,0,0,False,0,1,False,INHERITED_RAW_PRICE_BASIS,False,False
2025-08-04|57290,2025-08-04,57290,10:00,10:30,30,COMPLETE,5,0,DOWN,-3.8694074969770256,SCALE_INSUFFICIENT,,True,,,,SCALE_UNAVAILABLE,OBSERVATION_INSUFFICIENT,1,0,0,False,0,1,False,INHERITED_RAW_PRICE_BASIS,False,False
2025-08-04|57290,2025-08-04,57290,10:00,10:35,35,COMPLETE,5,0,DOWN,-2.2641509433962264,SCALE_INSUFFICIENT,,True,,,VOLUME_EXPANSION|TRADING_VALUE_EXPANSION,SCALE_UNAVAILABLE,OBSERVATION_INSUFFICIENT,3,0,0,False,1,1,False,INHERITED_RAW_PRICE_BASIS,True,False
2025-08-04|57290,2025-08-04,57290,10:00,10:40,40,PARTIAL,4,1,,,SCALE_INSUFFICIENT,,True,,,,SCALE_UNAVAILABLE,OBSERVATION_INSUFFICIENT,5,0,0,False,0,0,False,INHERITED_RAW_PRICE_BASIS,False,False
2025-08-04|57290,2025-08-04,57290,10:00,10:45,45,PARTIAL,3,2,,,SCALE_INSUFFICIENT,,True,,,,CURRENT_BAR_UNAVAILABLE,OBSERVATION_INSUFFICIENT,4,0,0,False,0,0,False,INHERITED_RAW_PRICE_BASIS,False,False
2025-08-04|57290,2025-08-04,57290,10:00,10:50,50,PARTIAL,2,3,,,SCALE_INSUFFICIENT,,True,,,,CURRENT_BAR_UNAVAILABLE,OBSERVATION_INSUFFICIENT,3,0,0,False,0,0,False,INHERITED_RAW_PRICE_BASIS,False,False
2025-08-04|57290,2025-08-04,57290,10:00,10:55,55,PARTIAL,4,1,,,SCALE_INSUFFICIENT,,True,,,,SCALE_UNAVAILABLE,OBSERVATION_INSUFFICIENT,4,0,0,False,0,0,False,INHERITED_RAW_PRICE_BASIS,False,False
2025-08-04|57290,2025-08-04,57290,10:00,11:00,60,PARTIAL,3,2,,,SCALE_INSUFFICIENT,,True,,,,SCALE_UNAVAILABLE,OBSERVATION_INSUFFICIENT,5,0,0,False,0,0,False,INHERITED_RAW_PRICE_BASIS,False,False
2025-08-04|57290,2025-08-04,57290,10:00,11:05,65,PARTIAL,3,2,,,SCALE_INSUFFICIENT,,True,,,,CURRENT_BAR_UNAVAILABLE,OBSERVATION_INSUFFICIENT,6,0,0,False,0,0,False,INHERITED_RAW_PRICE_BASIS,False,False
2025-08-04|57290,2025-08-04,57290,10:00,11:10,70,PARTIAL,2,3,,,SCALE_INSUFFICIENT,,True,,,,CURRENT_BAR_UNAVAILABLE,OBSERVATION_INSUFFICIENT,4,0,0,False,0,0,False,INHERITED_RAW_PRICE_BASIS,False,False
2025-08-04|57290,2025-08-04,57290,10:00,11:15,75,PARTIAL,2,3,,,SCALE_INSUFFICIENT,,True,,,,CURRENT_BAR_UNAVAILABLE,OBSERVATION_INSUFFICIENT,3,0,0,False,0,0,False,INHERITED_RAW_PRICE_BASIS,False,False
2025-08-04|57290,2025-08-04,57290,10:00,11:20,80,PARTIAL,4,1,,,SCALE_INSUFFICIENT,,True,,,,CURRENT_BAR_UNAVAILABLE,OBSERVATION_INSUFFICIENT,3,0,0,False,0,0,False,INHERITED_RAW_PRICE_BASIS,False,False
2025-08-04|57290,2025-08-04,57290,10:00,11:25,85,PARTIAL,3,2,,,SCALE_INSUFFICIENT,,True,,,,SCALE_UNAVAILABLE,OBSERVATION_INSUFFICIENT,1,0,0,False,0,0,False,INHERITED_RAW_PRICE_BASIS,False,False
2025-08-04|57290,2025-08-04,57290,10:00,11:30,90,PARTIAL,4,1,,,SCALE_INSUFFICIENT,,True,,,,SCALE_UNAVAILABLE,WINDOW_OBSERVED,0,0,0,False,0,0,False,INHERITED_RAW_PRICE_BASIS,False,False
2025-08-04|57290,2025-08-04,57290,10:00,12:35,95,COMPLETE,5,0,DOWN,-0.26246719160104987,SCALE_INSUFFICIENT,,True,,,,SCALE_UNAVAILABLE,WINDOW_OBSERVED,0,0,0,False,2,1,False,INHERITED_RAW_PRICE_BASIS,False,False
2025-08-04|57290,2025-08-04,57290,10:00,12:40,100,COMPLETE,5,0,DOWN,-0.2628120893561104,SCALE_INSUFFICIENT,,True,,,RANGE_COMPRESSION|VOLUME_COMPRESSION|TRADING_VALUE_COMPRESSION,SCALE_UNAVAILABLE,WINDOW_OBSERVED,0,0,0,False,0,0,False,INHERITED_RAW_PRICE_BASIS,True,False
2025-08-04|57290,2025-08-04,57290,10:00,12:45,105,COMPLETE,5,0,UP,1.3175230566534915,SCALE_INSUFFICIENT,,True,,,RANGE_EXPANSION,SCALE_UNAVAILABLE,OBSERVATION_INSUFFICIENT,1,0,0,False,0,0,False,INHERITED_RAW_PRICE_BASIS,True,False
2025-08-04|57290,2025-08-04,57290,10:00,12:50,110,COMPLETE,5,0,UP,0.5201560468140443,SCALE_INSUFFICIENT,,True,,,RANGE_EXPANSION|VOLUME_EXPANSION|TRADING_VALUE_EXPANSION,SCALE_UNAVAILABLE,OBSERVATION_INSUFFICIENT,1,0,0,False,0,0,False,INHERITED_RAW_PRICE_BASIS,True,False
2025-08-04|57290,2025-08-04,57290,10:00,12:55,115,PARTIAL,4,1,,,SCALE_INSUFFICIENT,,True,,,,SCALE_UNAVAILABLE,WINDOW_OBSERVED,0,0,0,False,0,0,False,INHERITED_RAW_PRICE_BASIS,False,False
2025-08-04|57290,2025-08-04,57290,10:00,13:00,120,COMPLETE,5,0,UP,2.0278833967046896,SCALE_INSUFFICIENT,,True,,,,SCALE_UNAVAILABLE,OBSERVATION_INSUFFICIENT,1,0,0,False,0,0,False,INHERITED_RAW_PRICE_BASIS,False,False
2025-08-04|57290,2025-08-04,57290,10:00,13:05,125,COMPLETE,5,0,UP,0.12406947890818859,SCALE_INSUFFICIENT,,True,,,VOLUME_EXPANSION|TRADING_VALUE_EXPANSION,SCALE_UNAVAILABLE,OBSERVATION_INSUFFICIENT,1,0,0,False,0,0,False,INHERITED_RAW_PRICE_BASIS,True,False
2025-08-04|57290,2025-08-04,57290,10:00,13:10,130,PARTIAL,4,1,,,SCALE_INSUFFICIENT,,True,,,,SCALE_UNAVAILABLE,WINDOW_OBSERVED,0,0,0,False,0,0,False,INHERITED_RAW_PRICE_BASIS,False,False
2025-08-04|57290,2025-08-04,57290,10:00,13:15,135,COMPLETE,5,0,UP,0.49079754601226994,SCALE_INSUFFICIENT,,True,,,,SCALE_UNAVAILABLE,OBSERVATION_INSUFFICIENT,3,0,0,False,0,0,False,INHERITED_RAW_PRICE_BASIS,False,False
2025-08-04|57290,2025-08-04,57290,10:00,13:20,140,COMPLETE,5,0,DOWN,-0.12195121951219512,SCALE_INSUFFICIENT,,True,,,,SCALE_UNAVAILABLE,OBSERVATION_INSUFFICIENT,3,0,0,False,0,0,False,INHERITED_RAW_PRICE_BASIS,True,False
2025-08-04|57290,2025-08-04,57290,10:00,13:25,145,PARTIAL,2,3,,,SCALE_INSUFFICIENT,,True,,,,CURRENT_BAR_UNAVAILABLE,OBSERVATION_INSUFFICIENT,1,0,0,False,0,0,False,INHERITED_RAW_PRICE_BASIS,False,False
2025-08-04|57290,2025-08-04,57290,10:00,13:30,150,COMPLETE,5,0,UP,2.2360248447204967,SCALE_INSUFFICIENT,,True,,,,SCALE_UNAVAILABLE,OBSERVATION_INSUFFICIENT,1,0,0,False,0,0,False,INHERITED_RAW_PRICE_BASIS,False,False
2025-08-04|57290,2025-08-04,57290,10:00,13:35,155,PARTIAL,4,1,,,SCALE_INSUFFICIENT,,True,,,,SCALE_UNAVAILABLE,OBSERVATION_INSUFFICIENT,3,0,0,False,0,0,False,INHERITED_RAW_PRICE_BASIS,False,False
2025-08-04|57290,2025-08-04,57290,10:00,13:40,160,COMPLETE,5,0,UP,1.4814814814814814,SCALE_INSUFFICIENT,,True,,,,SCALE_UNAVAILABLE,OBSERVATION_INSUFFICIENT,4,0,0,False,0,0,False,INHERITED_RAW_PRICE_BASIS,False,False
2025-08-04|57290,2025-08-04,57290,10:00,13:45,165,PARTIAL,2,3,,,SCALE_INSUFFICIENT,,True,,,,SCALE_UNAVAILABLE,OBSERVATION_INSUFFICIENT,4,0,0,False,0,0,False,INHERITED_RAW_PRICE_BASIS,False,False
2025-08-04|57290,2025-08-04,57290,10:00,13:50,170,PARTIAL,4,1,,,SCALE_INSUFFICIENT,,True,,,,CURRENT_BAR_UNAVAILABLE,OBSERVATION_INSUFFICIENT,5,0,0,False,0,0,False,INHERITED_RAW_PRICE_BASIS,False,False
2025-08-04|57290,2025-08-04,57290,10:00,13:55,175,PARTIAL,2,3,,,SCALE_INSUFFICIENT,,True,,,,SCALE_UNAVAILABLE,OBSERVATION_INSUFFICIENT,4,0,0,False,0,0,False,INHERITED_RAW_PRICE_BASIS,False,False
2025-08-04|57290,2025-08-04,57290,10:00,14:00,180,PARTIAL,3,2,,,SCALE_INSUFFICIENT,,True,,,,SCALE_UNAVAILABLE,OBSERVATION_INSUFFICIENT,5,0,0,False,0,0,False,INHERITED_RAW_PRICE_BASIS,False,False
2025-08-04|57290,2025-08-04,57290,10:00,14:05,185,PARTIAL,3,2,,,SCALE_INSUFFICIENT,,True,,,,CURRENT_BAR_UNAVAILABLE,OBSERVATION_INSUFFICIENT,5,0,0,False,0,0,False,INHERITED_RAW_PRICE_BASIS,False,False
2025-08-04|57290,2025-08-04,57290,10:00,14:10,190,PARTIAL,2,3,,,SCALE_INSUFFICIENT,,True,,,,SCALE_UNAVAILABLE,OBSERVATION_INSUFFICIENT,4,0,0,False,0,0,False,INHERITED_RAW_PRICE_BASIS,False,False
2025-08-04|57290,2025-08-04,57290,10:00,14:15,195,PARTIAL,3,2,,,SCALE_INSUFFICIENT,,True,,,,SCALE_UNAVAILABLE,OBSERVATION_INSUFFICIENT,4,0,0,False,0,0,False,INHERITED_RAW_PRICE_BASIS,False,False
2025-08-04|57290,2025-08-04,57290,10:00,14:20,200,PARTIAL,3,2,,,SCALE_INSUFFICIENT,,True,,,,SCALE_UNAVAILABLE,OBSERVATION_INSUFFICIENT,5,0,0,False,0,0,False,INHERITED_RAW_PRICE_BASIS,False,False
2025-08-04|57290,2025-08-04,57290,10:00,14:25,205,PARTIAL,3,2,,,SCALE_INSUFFICIENT,,True,,,,CURRENT_BAR_UNAVAILABLE,OBSERVATION_INSUFFICIENT,5,0,0,False,0,0,False,INHERITED_RAW_PRICE_BASIS,False,False
2025-08-04|57290,2025-08-04,57290,10:00,14:30,210,PARTIAL,2,3,,,SCALE_INSUFFICIENT,,True,,,,CURRENT_BAR_UNAVAILABLE,OBSERVATION_INSUFFICIENT,3,0,0,False,0,0,False,INHERITED_RAW_PRICE_BASIS,False,False
2025-08-04|57290,2025-08-04,57290,10:00,14:35,215,PARTIAL,3,2,,,SCALE_INSUFFICIENT,,True,,,,CURRENT_BAR_UNAVAILABLE,OBSERVATION_INSUFFICIENT,1,0,0,False,0,0,False,INHERITED_RAW_PRICE_BASIS,False,False
2025-08-04|57290,2025-08-04,57290,10:00,14:40,220,PARTIAL,4,1,,,SCALE_INSUFFICIENT,,True,,,,SCALE_UNAVAILABLE,OBSERVATION_INSUFFICIENT,1,0,0,False,0,0,False,INHERITED_RAW_PRICE_BASIS,False,False
2025-08-04|57290,2025-08-04,57290,10:00,14:45,225,COMPLETE,5,0,DOWN,-1.098901098901099,SCALE_INSUFFICIENT,,True,,,,SCALE_UNAVAILABLE,OBSERVATION_INSUFFICIENT,4,0,0,False,0,0,False,INHERITED_RAW_PRICE_BASIS,False,False
2025-08-04|57290,2025-08-04,57290,10:00,14:50,230,PARTIAL,4,1,,,SCALE_INSUFFICIENT,,True,,,,SCALE_UNAVAILABLE,OBSERVATION_INSUFFICIENT,5,0,0,False,0,0,False,INHERITED_RAW_PRICE_BASIS,False,False
2025-08-04|57290,2025-08-04,57290,10:00,14:55,235,PARTIAL,2,3,,,SCALE_INSUFFICIENT,,True,,,,CURRENT_BAR_UNAVAILABLE,OBSERVATION_INSUFFICIENT,4,0,0,False,0,0,False,INHERITED_RAW_PRICE_BASIS,False,False
2025-08-04|57290,2025-08-04,57290,10:00,15:00,240,PARTIAL,3,2,,,SCALE_INSUFFICIENT,,True,,,,CURRENT_BAR_UNAVAILABLE,OBSERVATION_INSUFFICIENT,4,0,0,False,0,0,False,INHERITED_RAW_PRICE_BASIS,False,False
2025-08-04|57290,2025-08-04,57290,10:00,15:05,245,PARTIAL,3,2,,,SCALE_INSUFFICIENT,,True,,,,CURRENT_BAR_UNAVAILABLE,OBSERVATION_INSUFFICIENT,3,0,0,False,0,0,False,INHERITED_RAW_PRICE_BASIS,False,False
2025-08-04|57290,2025-08-04,57290,10:00,15:10,250,PARTIAL,3,2,,,SCALE_INSUFFICIENT,,True,,,,SCALE_UNAVAILABLE,OBSERVATION_INSUFFICIENT,2,0,0,False,0,0,False,INHERITED_RAW_PRICE_BASIS,False,False
2025-08-04|57290,2025-08-04,57290,10:00,15:15,255,PARTIAL,4,1,,,SCALE_INSUFFICIENT,,True,,,,SCALE_UNAVAILABLE,OBSERVATION_INSUFFICIENT,3,0,0,False,0,0,False,INHERITED_RAW_PRICE_BASIS,False,False
2025-08-04|57290,2025-08-04,57290,10:00,15:20,260,PARTIAL,4,1,,,SCALE_INSUFFICIENT,,True,,,,SCALE_UNAVAILABLE,RIGHT_CENSORED,2,0,0,False,0,0,False,INHERITED_RAW_PRICE_BASIS,False,False
2025-08-04|57290,2025-08-04,57290,10:00,15:25,265,PARTIAL,3,2,,,SCALE_INSUFFICIENT,,True,,,,SCALE_UNAVAILABLE,RIGHT_CENSORED,0,0,0,False,0,0,False,INHERITED_RAW_PRICE_BASIS,False,False
2025-08-04|58670,2025-08-04,58670,13:00,13:00,0,PARTIAL,2,3,,,SCALE_INSUFFICIENT,,True,,,,CURRENT_BAR_UNAVAILABLE,OBSERVATION_INSUFFICIENT,10,0,0,False,0,0,False,INHERITED_RAW_PRICE_BASIS,False,False
2025-08-04|58670,2025-08-04,58670,13:00,13:05,5,UNAVAILABLE,0,5,,,SCALE_INSUFFICIENT,,True,,,,CURRENT_BAR_UNAVAILABLE,OBSERVATION_INSUFFICIENT,9,0,0,False,0,0,False,INHERITED_RAW_PRICE_BASIS,False,False
2025-08-04|58670,2025-08-04,58670,13:00,13:10,10,UNAVAILABLE,0,5,,,SCALE_INSUFFICIENT,,True,,,,CURRENT_BAR_UNAVAILABLE,OBSERVATION_INSUFFICIENT,9,0,0,False,0,0,False,INHERITED_RAW_PRICE_BASIS,False,False
2025-08-04|58670,2025-08-04,58670,13:00,13:15,15,PARTIAL,1,4,,,SCALE_INSUFFICIENT,,True,,,,CURRENT_BAR_UNAVAILABLE,OBSERVATION_INSUFFICIENT,10,0,0,False,0,0,False,INHERITED_RAW_PRICE_BASIS,False,False
2025-08-04|58670,2025-08-04,58670,13:00,13:20,20,UNAVAILABLE,0,5,,,SCALE_INSUFFICIENT,,True,,,,CURRENT_BAR_UNAVAILABLE,OBSERVATION_INSUFFICIENT,10,0,0,False,0,0,False,INHERITED_RAW_PRICE_BASIS,False,False
2025-08-04|58670,2025-08-04,58670,13:00,13:25,25,UNAVAILABLE,0,5,,,SCALE_INSUFFICIENT,,True,,,,CURRENT_BAR_UNAVAILABLE,OBSERVATION_INSUFFICIENT,10,0,0,False,0,0,False,INHERITED_RAW_PRICE_BASIS,False,False
2025-08-04|58670,2025-08-04,58670,13:00,13:30,30,UNAVAILABLE,0,5,,,SCALE_INSUFFICIENT,,True,,,,CURRENT_BAR_UNAVAILABLE,OBSERVATION_INSUFFICIENT,10,0,0,False,0,0,False,INHERITED_RAW_PRICE_BASIS,False,False
2025-08-04|58670,2025-08-04,58670,13:00,13:35,35,UNAVAILABLE,0,5,,,SCALE_INSUFFICIENT,,True,,,,CURRENT_BAR_UNAVAILABLE,OBSERVATION_INSUFFICIENT,10,0,0,False,0,0,False,INHERITED_RAW_PRICE_BASIS,False,False
2025-08-04|58670,2025-08-04,58670,13:00,13:40,40,UNAVAILABLE,0,5,,,SCALE_INSUFFICIENT,,True,,,,CURRENT_BAR_UNAVAILABLE,OBSERVATION_INSUFFICIENT,10,0,0,False,0,0,False,INHERITED_RAW_PRICE_BASIS,False,False
2025-08-04|58670,2025-08-04,58670,13:00,13:45,45,UNAVAILABLE,0,5,,,SCALE_INSUFFICIENT,,True,,,,CURRENT_BAR_UNAVAILABLE,OBSERVATION_INSUFFICIENT,10,0,0,False,0,0,False,INHERITED_RAW_PRICE_BASIS,False,False
2025-08-04|58670,2025-08-04,58670,13:00,13:50,50,UNAVAILABLE,0,5,,,SCALE_INSUFFICIENT,,True,,,,CURRENT_BAR_UNAVAILABLE,OBSERVATION_INSUFFICIENT,10,0,0,False,0,0,False,INHERITED_RAW_PRICE_BASIS,False,False
2025-08-04|58670,2025-08-04,58670,13:00,13:55,55,UNAVAILABLE,0,5,,,SCALE_INSUFFICIENT,,True,,,,CURRENT_BAR_UNAVAILABLE,OBSERVATION_INSUFFICIENT,10,0,0,False,0,0,False,INHERITED_RAW_PRICE_BASIS,False,False
2025-08-04|58670,2025-08-04,58670,13:00,14:00,60,UNAVAILABLE,0,5,,,SCALE_INSUFFICIENT,,True,,,,CURRENT_BAR_UNAVAILABLE,OBSERVATION_INSUFFICIENT,10,0,0,False,0,0,False,INHERITED_RAW_PRICE_BASIS,False,False
2025-08-04|58670,2025-08-04,58670,13:00,14:05,65,UNAVAILABLE,0,5,,,SCALE_INSUFFICIENT,,True,,,,CURRENT_BAR_UNAVAILABLE,OBSERVATION_INSUFFICIENT,10,0,0,False,0,0,False,INHERITED_RAW_PRICE_BASIS,False,False
2025-08-04|58670,2025-08-04,58670,13:00,14:10,70,UNAVAILABLE,0,5,,,SCALE_INSUFFICIENT,,True,,,,CURRENT_BAR_UNAVAILABLE,OBSERVATION_INSUFFICIENT,10,0,0,False,0,0,False,INHERITED_RAW_PRICE_BASIS,False,False
2025-08-04|58670,2025-08-04,58670,13:00,14:15,75,UNAVAILABLE,0,5,,,SCALE_INSUFFICIENT,,True,,,,CURRENT_BAR_UNAVAILABLE,OBSERVATION_INSUFFICIENT,10,0,0,False,0,0,False,INHERITED_RAW_PRICE_BASIS,False,False
2025-08-04|58670,2025-08-04,58670,13:00,14:20,80,UNAVAILABLE,0,5,,,SCALE_INSUFFICIENT,,True,,,,CURRENT_BAR_UNAVAILABLE,OBSERVATION_INSUFFICIENT,10,0,0,False,0,0,False,INHERITED_RAW_PRICE_BASIS,False,False
2025-08-04|58670,2025-08-04,58670,13:00,14:25,85,UNAVAILABLE,0,5,,,SCALE_INSUFFICIENT,,True,,,,CURRENT_BAR_UNAVAILABLE,OBSERVATION_INSUFFICIENT,10,0,0,False,0,0,False,INHERITED_RAW_PRICE_BASIS,False,False
2025-08-04|58670,2025-08-04,58670,13:00,14:30,90,UNAVAILABLE,0,5,,,SCALE_INSUFFICIENT,,True,,,,CURRENT_BAR_UNAVAILABLE,OBSERVATION_INSUFFICIENT,9,0,0,False,0,0,False,INHERITED_RAW_PRICE_BASIS,False,False
2025-08-04|58670,2025-08-04,58670,13:00,14:35,95,UNAVAILABLE,0,5,,,SCALE_INSUFFICIENT,,True,,,,CURRENT_BAR_UNAVAILABLE,OBSERVATION_INSUFFICIENT,7,0,0,False,0,0,False,INHERITED_RAW_PRICE_BASIS,False,False
2025-08-04|58670,2025-08-04,58670,13:00,14:40,100,PARTIAL,1,4,,,SCALE_INSUFFICIENT,,True,,,,CURRENT_BAR_UNAVAILABLE,OBSERVATION_INSUFFICIENT,5,0,0,False,0,0,False,INHERITED_RAW_PRICE_BASIS,False,False
2025-08-04|58670,2025-08-04,58670,13:00,14:45,105,PARTIAL,2,3,,,SCALE_INSUFFICIENT,,True,,,,SCALE_UNAVAILABLE,OBSERVATION_INSUFFICIENT,7,0,0,False,0,0,False,INHERITED_RAW_PRICE_BASIS,False,False
2025-08-04|58670,2025-08-04,58670,13:00,14:50,110,PARTIAL,3,2,,,SCALE_INSUFFICIENT,,True,,,,SCALE_UNAVAILABLE,OBSERVATION_INSUFFICIENT,10,0,0,False,0,0,False,INHERITED_RAW_PRICE_BASIS,False,False
2025-08-04|58670,2025-08-04,58670,13:00,14:55,115,UNAVAILABLE,0,5,,,SCALE_INSUFFICIENT,,True,,,,CURRENT_BAR_UNAVAILABLE,OBSERVATION_INSUFFICIENT,9,0,0,False,0,0,False,INHERITED_RAW_PRICE_BASIS,False,False
2025-08-04|58670,2025-08-04,58670,13:00,15:00,120,UNAVAILABLE,0,5,,,SCALE_INSUFFICIENT,,True,,,,CURRENT_BAR_UNAVAILABLE,OBSERVATION_INSUFFICIENT,9,0,0,False,0,0,False,INHERITED_RAW_PRICE_BASIS,False,False
2025-08-04|58670,2025-08-04,58670,13:00,15:05,125,PARTIAL,1,4,,,SCALE_INSUFFICIENT,,True,,,,CURRENT_BAR_UNAVAILABLE,OBSERVATION_INSUFFICIENT,10,0,0,False,0,0,False,INHERITED_RAW_PRICE_BASIS,False,False
2025-08-04|58670,2025-08-04,58670,13:00,15:10,130,UNAVAILABLE,0,5,,,SCALE_INSUFFICIENT,,True,,,,CURRENT_BAR_UNAVAILABLE,OBSERVATION_INSUFFICIENT,10,0,0,False,0,0,False,INHERITED_RAW_PRICE_BASIS,False,False
2025-08-04|58670,2025-08-04,58670,13:00,15:15,135,UNAVAILABLE,0,5,,,SCALE_INSUFFICIENT,,True,,,,CURRENT_BAR_UNAVAILABLE,OBSERVATION_INSUFFICIENT,9,0,0,False,0,0,False,INHERITED_RAW_PRICE_BASIS,False,False
2025-08-04|58670,2025-08-04,58670,13:00,15:20,140,UNAVAILABLE,0,5,,,SCALE_INSUFFICIENT,,True,,,,CURRENT_BAR_UNAVAILABLE,RIGHT_CENSORED,4,0,0,False,0,0,False,INHERITED_RAW_PRICE_BASIS,False,False
2025-08-04|58670,2025-08-04,58670,13:00,15:25,145,PARTIAL,1,4,,,SCALE_INSUFFICIENT,,True,,,,CURRENT_BAR_UNAVAILABLE,RIGHT_CENSORED,0,0,0,False,0,0,False,INHERITED_RAW_PRICE_BASIS,False,False
2025-08-04|61900,2025-08-04,61900,15:00,15:00,0,PARTIAL,2,3,,,AVAILABLE,11.5,True,,,,UNRESOLVED_STRUCTURE,OBSERVATION_INSUFFICIENT,6,0,0,False,0,0,False,INHERITED_RAW_PRICE_BASIS,False,False
2025-08-04|61900,2025-08-04,61900,15:00,15:05,5,PARTIAL,1,4,,,AVAILABLE,11.5,True,,,,CURRENT_BAR_UNAVAILABLE,OBSERVATION_INSUFFICIENT,5,0,0,False,0,0,False,INHERITED_RAW_PRICE_BASIS,False,False
2025-08-04|61900,2025-08-04,61900,15:00,15:10,10,PARTIAL,3,2,,,AVAILABLE,11.5,True,,,,UNRESOLVED_STRUCTURE,OBSERVATION_INSUFFICIENT,4,0,0,False,0,0,False,INHERITED_RAW_PRICE_BASIS,False,False
2025-08-04|61900,2025-08-04,61900,15:00,15:15,15,PARTIAL,2,3,,,AVAILABLE,11.5,True,,,,UNRESOLVED_STRUCTURE,OBSERVATION_INSUFFICIENT,4,0,0,False,0,0,False,INHERITED_RAW_PRICE_BASIS,False,False
2025-08-04|61900,2025-08-04,61900,15:00,15:20,20,PARTIAL,4,1,,,AVAILABLE,11.5,True,,,,CURRENT_BAR_UNAVAILABLE,RIGHT_CENSORED,3,0,0,False,0,0,False,INHERITED_RAW_PRICE_BASIS,False,False
2025-08-04|61900,2025-08-04,61900,15:00,15:25,25,PARTIAL,2,3,,,AVAILABLE,11.5,True,,,,CURRENT_BAR_UNAVAILABLE,RIGHT_CENSORED,0,0,0,False,0,0,False,INHERITED_RAW_PRICE_BASIS,False,False
2025-08-04|61980,2025-08-04,61980,10:30,10:30,0,PARTIAL,2,3,,,SCALE_INSUFFICIENT,,True,,,,CURRENT_BAR_UNAVAILABLE,OBSERVATION_INSUFFICIENT,9,0,0,False,0,4,False,INHERITED_RAW_PRICE_BASIS,False,False
2025-08-04|61980,2025-08-04,61980,10:30,10:35,5,UNAVAILABLE,0,5,,,SCALE_INSUFFICIENT,,True,,,,CURRENT_BAR_UNAVAILABLE,OBSERVATION_INSUFFICIENT,9,0,0,False,0,0,False,INHERITED_RAW_PRICE_BASIS,False,False
2025-08-04|61980,2025-08-04,61980,10:30,10:40,10,PARTIAL,1,4,,,SCALE_INSUFFICIENT,,True,,,,CURRENT_BAR_UNAVAILABLE,OBSERVATION_INSUFFICIENT,10,0,0,False,0,0,False,INHERITED_RAW_PRICE_BASIS,False,False
2025-08-04|61980,2025-08-04,61980,10:30,10:45,15,UNAVAILABLE,0,5,,,SCALE_INSUFFICIENT,,True,,,,CURRENT_BAR_UNAVAILABLE,OBSERVATION_INSUFFICIENT,10,0,0,False,0,0,False,INHERITED_RAW_PRICE_BASIS,False,False
2025-08-04|61980,2025-08-04,61980,10:30,10:50,20,UNAVAILABLE,0,5,,,SCALE_INSUFFICIENT,,True,,,,CURRENT_BAR_UNAVAILABLE,OBSERVATION_INSUFFICIENT,10,0,0,False,0,0,False,INHERITED_RAW_PRICE_BASIS,False,False
2025-08-04|61980,2025-08-04,61980,10:30,10:55,25,UNAVAILABLE,0,5,,,SCALE_INSUFFICIENT,,True,,,,CURRENT_BAR_UNAVAILABLE,OBSERVATION_INSUFFICIENT,10,0,0,False,0,0,False,INHERITED_RAW_PRICE_BASIS,False,False
2025-08-04|61980,2025-08-04,61980,10:30,11:00,30,UNAVAILABLE,0,5,,,SCALE_INSUFFICIENT,,True,,,,CURRENT_BAR_UNAVAILABLE,OBSERVATION_INSUFFICIENT,10,0,0,False,0,0,False,INHERITED_RAW_PRICE_BASIS,False,False
2025-08-04|61980,2025-08-04,61980,10:30,11:05,35,UNAVAILABLE,0,5,,,SCALE_INSUFFICIENT,,True,,,,CURRENT_BAR_UNAVAILABLE,OBSERVATION_INSUFFICIENT,10,0,0,False,0,0,False,INHERITED_RAW_PRICE_BASIS,False,False
2025-08-04|61980,2025-08-04,61980,10:30,11:10,40,UNAVAILABLE,0,5,,,SCALE_INSUFFICIENT,,True,,,,CURRENT_BAR_UNAVAILABLE,OBSERVATION_INSUFFICIENT,10,0,0,False,0,0,False,INHERITED_RAW_PRICE_BASIS,False,False
2025-08-04|61980,2025-08-04,61980,10:30,11:15,45,UNAVAILABLE,0,5,,,SCALE_INSUFFICIENT,,True,,,,CURRENT_BAR_UNAVAILABLE,OBSERVATION_INSUFFICIENT,9,0,0,False,0,0,False,INHERITED_RAW_PRICE_BASIS,False,False
2025-08-04|61980,2025-08-04,61980,10:30,11:20,50,UNAVAILABLE,0,5,,,SCALE_INSUFFICIENT,,True,,,,CURRENT_BAR_UNAVAILABLE,OBSERVATION_INSUFFICIENT,9,0,0,False,0,0,False,INHERITED_RAW_PRICE_BASIS,False,False
2025-08-04|61980,2025-08-04,61980,10:30,11:25,55,PARTIAL,1,4,,,SCALE_INSUFFICIENT,,True,,,,CURRENT_BAR_UNAVAILABLE,OBSERVATION_INSUFFICIENT,9,0,0,False,0,0,False,INHERITED_RAW_PRICE_BASIS,False,False
2025-08-04|61980,2025-08-04,61980,10:30,11:30,60,UNAVAILABLE,0,5,,,SCALE_INSUFFICIENT,,True,,,,CURRENT_BAR_UNAVAILABLE,OBSERVATION_INSUFFICIENT,9,0,0,False,0,0,False,INHERITED_RAW_PRICE_BASIS,False,False
2025-08-04|61980,2025-08-04,61980,10:30,12:35,65,PARTIAL,1,4,,,SCALE_INSUFFICIENT,,True,,,,CURRENT_BAR_UNAVAILABLE,OBSERVATION_INSUFFICIENT,10,0,0,False,0,0,False,INHERITED_RAW_PRICE_BASIS,False,False
2025-08-04|61980,2025-08-04,61980,10:30,12:40,70,UNAVAILABLE,0,5,,,SCALE_INSUFFICIENT,,True,,,,CURRENT_BAR_UNAVAILABLE,OBSERVATION_INSUFFICIENT,10,0,0,False,0,0,False,INHERITED_RAW_PRICE_BASIS,False,False
2025-08-04|61980,2025-08-04,61980,10:30,12:45,75,UNAVAILABLE,0,5,,,SCALE_INSUFFICIENT,,True,,,,CURRENT_BAR_UNAVAILABLE,OBSERVATION_INSUFFICIENT,9,0,0,False,0,0,False,INHERITED_RAW_PRICE_BASIS,False,False
2025-08-04|61980,2025-08-04,61980,10:30,12:50,80,UNAVAILABLE,0,5,,,SCALE_INSUFFICIENT,,True,,,,CURRENT_BAR_UNAVAILABLE,OBSERVATION_INSUFFICIENT,9,0,0,False,0,0,False,INHERITED_RAW_PRICE_BASIS,False,False
2025-08-04|61980,2025-08-04,61980,10:30,12:55,85,PARTIAL,1,4,,,SCALE_INSUFFICIENT,,True,,,,CURRENT_BAR_UNAVAILABLE,OBSERVATION_INSUFFICIENT,10,0,0,False,0,0,False,INHERITED_RAW_PRICE_BASIS,False,False
2025-08-04|61980,2025-08-04,61980,10:30,13:00,90,UNAVAILABLE,0,5,,,SCALE_INSUFFICIENT,,True,,,,CURRENT_BAR_UNAVAILABLE,OBSERVATION_INSUFFICIENT,10,0,0,False,0,0,False,INHERITED_RAW_PRICE_BASIS,False,False
2025-08-04|61980,2025-08-04,61980,10:30,13:05,95,UNAVAILABLE,0,5,,,SCALE_INSUFFICIENT,,True,,,,CURRENT_BAR_UNAVAILABLE,OBSERVATION_INSUFFICIENT,10,0,0,False,0,0,False,INHERITED_RAW_PRICE_BASIS,False,False
2025-08-04|61980,2025-08-04,61980,10:30,13:10,100,UNAVAILABLE,0,5,,,SCALE_INSUFFICIENT,,True,,,,CURRENT_BAR_UNAVAILABLE,OBSERVATION_INSUFFICIENT,9,0,0,False,0,0,False,INHERITED_RAW_PRICE_BASIS,False,False
2025-08-04|61980,2025-08-04,61980,10:30,13:15,105,UNAVAILABLE,0,5,,,SCALE_INSUFFICIENT,,True,,,,CURRENT_BAR_UNAVAILABLE,OBSERVATION_INSUFFICIENT,8,0,0,False,0,0,False,INHERITED_RAW_PRICE_BASIS,False,False
2025-08-04|61980,2025-08-04,61980,10:30,13:20,110,PARTIAL,1,4,,,SCALE_INSUFFICIENT,,True,,,,CURRENT_BAR_UNAVAILABLE,OBSERVATION_INSUFFICIENT,8,0,0,False,0,0,False,INHERITED_RAW_PRICE_BASIS,False,False
2025-08-04|61980,2025-08-04,61980,10:30,13:25,115,PARTIAL,1,4,,,SCALE_INSUFFICIENT,,True,,,,CURRENT_BAR_UNAVAILABLE,OBSERVATION_INSUFFICIENT,8,0,0,False,0,0,False,INHERITED_RAW_PRICE_BASIS,False,False
2025-08-04|61980,2025-08-04,61980,10:30,13:30,120,PARTIAL,1,4,,,SCALE_INSUFFICIENT,,True,,,,CURRENT_BAR_UNAVAILABLE,OBSERVATION_INSUFFICIENT,9,0,0,False,0,0,False,INHERITED_RAW_PRICE_BASIS,False,False
2025-08-04|61980,2025-08-04,61980,10:30,13:35,125,PARTIAL,1,4,,,SCALE_INSUFFICIENT,,True,,,,CURRENT_BAR_UNAVAILABLE,OBSERVATION_INSUFFICIENT,10,0,0,False,0,0,False,INHERITED_RAW_PRICE_BASIS,False,False
2025-08-04|61980,2025-08-04,61980,10:30,13:40,130,UNAVAILABLE,0,5,,,SCALE_INSUFFICIENT,,True,,,,CURRENT_BAR_UNAVAILABLE,OBSERVATION_INSUFFICIENT,10,0,0,False,0,0,False,INHERITED_RAW_PRICE_BASIS,False,False
2025-08-04|61980,2025-08-04,61980,10:30,13:45,135,UNAVAILABLE,0,5,,,SCALE_INSUFFICIENT,,True,,,,CURRENT_BAR_UNAVAILABLE,OBSERVATION_INSUFFICIENT,9,0,0,False,0,0,False,INHERITED_RAW_PRICE_BASIS,False,False
2025-08-04|61980,2025-08-04,61980,10:30,13:50,140,UNAVAILABLE,0,5,,,SCALE_INSUFFICIENT,,True,,,,CURRENT_BAR_UNAVAILABLE,OBSERVATION_INSUFFICIENT,8,0,0,False,0,0,False,INHERITED_RAW_PRICE_BASIS,False,False
2025-08-04|61980,2025-08-04,61980,10:30,13:55,145,PARTIAL,1,4,,,SCALE_INSUFFICIENT,,True,,,,CURRENT_BAR_UNAVAILABLE,OBSERVATION_INSUFFICIENT,9,0,0,False,0,0,False,INHERITED_RAW_PRICE_BASIS,False,False
2025-08-04|61980,2025-08-04,61980,10:30,14:00,150,PARTIAL,1,4,,,SCALE_INSUFFICIENT,,True,,,,CURRENT_BAR_UNAVAILABLE,OBSERVATION_INSUFFICIENT,10,0,0,False,0,0,False,INHERITED_RAW_PRICE_BASIS,False,False
2025-08-04|61980,2025-08-04,61980,10:30,14:05,155,UNAVAILABLE,0,5,,,SCALE_INSUFFICIENT,,True,,,,CURRENT_BAR_UNAVAILABLE,OBSERVATION_INSUFFICIENT,10,0,0,False,0,0,False,INHERITED_RAW_PRICE_BASIS,False,False
2025-08-04|61980,2025-08-04,61980,10:30,14:10,160,UNAVAILABLE,0,5,,,SCALE_INSUFFICIENT,,True,,,,CURRENT_BAR_UNAVAILABLE,OBSERVATION_INSUFFICIENT,10,0,0,False,0,0,False,INHERITED_RAW_PRICE_BASIS,False,False
2025-08-04|61980,2025-08-04,61980,10:30,14:15,165,UNAVAILABLE,0,5,,,SCALE_INSUFFICIENT,,True,,,,CURRENT_BAR_UNAVAILABLE,OBSERVATION_INSUFFICIENT,10,0,0,False,0,0,False,INHERITED_RAW_PRICE_BASIS,False,False
2025-08-04|61980,2025-08-04,61980,10:30,14:20,170,UNAVAILABLE,0,5,,,SCALE_INSUFFICIENT,,True,,,,CURRENT_BAR_UNAVAILABLE,OBSERVATION_INSUFFICIENT,10,0,0,False,0,0,False,INHERITED_RAW_PRICE_BASIS,False,False
2025-08-04|61980,2025-08-04,61980,10:30,14:25,175,UNAVAILABLE,0,5,,,SCALE_INSUFFICIENT,,True,,,,CURRENT_BAR_UNAVAILABLE,OBSERVATION_INSUFFICIENT,10,0,0,False,0,0,False,INHERITED_RAW_PRICE_BASIS,False,False
2025-08-04|61980,2025-08-04,61980,10:30,14:30,180,UNAVAILABLE,0,5,,,SCALE_INSUFFICIENT,,True,,,,CURRENT_BAR_UNAVAILABLE,OBSERVATION_INSUFFICIENT,10,0,0,False,0,0,False,INHERITED_RAW_PRICE_BASIS,False,False
2025-08-04|61980,2025-08-04,61980,10:30,14:35,185,UNAVAILABLE,0,5,,,SCALE_INSUFFICIENT,,True,,,,CURRENT_BAR_UNAVAILABLE,OBSERVATION_INSUFFICIENT,10,0,0,False,0,0,False,INHERITED_RAW_PRICE_BASIS,False,False
2025-08-04|61980,2025-08-04,61980,10:30,14:40,190,UNAVAILABLE,0,5,,,SCALE_INSUFFICIENT,,True,,,,CURRENT_BAR_UNAVAILABLE,OBSERVATION_INSUFFICIENT,10,0,0,False,0,0,False,INHERITED_RAW_PRICE_BASIS,False,False
2025-08-04|61980,2025-08-04,61980,10:30,14:45,195,UNAVAILABLE,0,5,,,SCALE_INSUFFICIENT,,True,,,,CURRENT_BAR_UNAVAILABLE,OBSERVATION_INSUFFICIENT,10,0,0,False,0,0,False,INHERITED_RAW_PRICE_BASIS,False,False
2025-08-04|61980,2025-08-04,61980,10:30,14:50,200,UNAVAILABLE,0,5,,,SCALE_INSUFFICIENT,,True,,,,CURRENT_BAR_UNAVAILABLE,OBSERVATION_INSUFFICIENT,9,0,0,False,0,0,False,INHERITED_RAW_PRICE_BASIS,False,False
2025-08-04|61980,2025-08-04,61980,10:30,14:55,205,UNAVAILABLE,0,5,,,SCALE_INSUFFICIENT,,True,,,,CURRENT_BAR_UNAVAILABLE,OBSERVATION_INSUFFICIENT,9,0,0,False,0,0,False,INHERITED_RAW_PRICE_BASIS,False,False
2025-08-04|61980,2025-08-04,61980,10:30,15:00,210,PARTIAL,1,4,,,SCALE_INSUFFICIENT,,True,,,,SCALE_UNAVAILABLE,OBSERVATION_INSUFFICIENT,8,0,0,False,0,0,False,INHERITED_RAW_PRICE_BASIS,False,False
2025-08-04|61980,2025-08-04,61980,10:30,15:05,215,UNAVAILABLE,0,5,,,SCALE_INSUFFICIENT,,True,,,,CURRENT_BAR_UNAVAILABLE,OBSERVATION_INSUFFICIENT,8,0,0,False,0,0,False,INHERITED_RAW_PRICE_BASIS,False,False
2025-08-04|61980,2025-08-04,61980,10:30,15:10,220,PARTIAL,2,3,,,SCALE_INSUFFICIENT,,True,,,,SCALE_UNAVAILABLE,OBSERVATION_INSUFFICIENT,8,0,0,False,0,0,False,INHERITED_RAW_PRICE_BASIS,False,False
2025-08-04|61980,2025-08-04,61980,10:30,15:15,225,UNAVAILABLE,0,5,,,SCALE_INSUFFICIENT,,True,,,,CURRENT_BAR_UNAVAILABLE,OBSERVATION_INSUFFICIENT,5,0,0,False,0,0,False,INHERITED_RAW_PRICE_BASIS,False,False
2025-08-04|61980,2025-08-04,61980,10:30,15:20,230,PARTIAL,2,3,,,SCALE_INSUFFICIENT,,True,,,,SCALE_UNAVAILABLE,RIGHT_CENSORED,2,0,0,False,0,0,False,INHERITED_RAW_PRICE_BASIS,False,False
2025-08-04|61980,2025-08-04,61980,10:30,15:25,235,PARTIAL,3,2,,,SCALE_INSUFFICIENT,,True,,,,SCALE_UNAVAILABLE,RIGHT_CENSORED,0,0,0,False,0,0,False,INHERITED_RAW_PRICE_BASIS,False,False
2025-08-04|64030,2025-08-04,64030,10:30,10:30,0,UNAVAILABLE,0,5,,,SCALE_INSUFFICIENT,,True,,,,CURRENT_BAR_UNAVAILABLE,OBSERVATION_INSUFFICIENT,9,0,0,False,0,0,False,INHERITED_RAW_PRICE_BASIS,False,False
2025-08-04|64030,2025-08-04,64030,10:30,10:35,5,PARTIAL,1,4,,,SCALE_INSUFFICIENT,,True,,,,SCALE_UNAVAILABLE,OBSERVATION_INSUFFICIENT,9,0,0,False,0,0,False,INHERITED_RAW_PRICE_BASIS,False,False
2025-08-04|64030,2025-08-04,64030,10:30,10:40,10,UNAVAILABLE,0,5,,,SCALE_INSUFFICIENT,,True,,,,CURRENT_BAR_UNAVAILABLE,OBSERVATION_INSUFFICIENT,9,0,0,False,0,0,False,INHERITED_RAW_PRICE_BASIS,False,False
2025-08-04|64030,2025-08-04,64030,10:30,10:45,15,PARTIAL,1,4,,,SCALE_INSUFFICIENT,,True,,,,CURRENT_BAR_UNAVAILABLE,OBSERVATION_INSUFFICIENT,10,0,0,False,0,0,False,INHERITED_RAW_PRICE_BASIS,False,False
2025-08-04|64030,2025-08-04,64030,10:30,10:50,20,UNAVAILABLE,0,5,,,SCALE_INSUFFICIENT,,True,,,,CURRENT_BAR_UNAVAILABLE,OBSERVATION_INSUFFICIENT,10,0,0,False,0,0,False,INHERITED_RAW_PRICE_BASIS,False,False
2025-08-04|64030,2025-08-04,64030,10:30,10:55,25,UNAVAILABLE,0,5,,,SCALE_INSUFFICIENT,,True,,,,CURRENT_BAR_UNAVAILABLE,OBSERVATION_INSUFFICIENT,10,0,0,False,0,0,False,INHERITED_RAW_PRICE_BASIS,False,False
2025-08-04|64030,2025-08-04,64030,10:30,11:00,30,UNAVAILABLE,0,5,,,SCALE_INSUFFICIENT,,True,,,,CURRENT_BAR_UNAVAILABLE,OBSERVATION_INSUFFICIENT,10,0,0,False,0,0,False,INHERITED_RAW_PRICE_BASIS,False,False
2025-08-04|64030,2025-08-04,64030,10:30,11:05,35,UNAVAILABLE,0,5,,,SCALE_INSUFFICIENT,,True,,,,CURRENT_BAR_UNAVAILABLE,OBSERVATION_INSUFFICIENT,10,0,0,False,0,0,False,INHERITED_RAW_PRICE_BASIS,False,False
2025-08-04|64030,2025-08-04,64030,10:30,11:10,40,UNAVAILABLE,0,5,,,SCALE_INSUFFICIENT,,True,,,,CURRENT_BAR_UNAVAILABLE,OBSERVATION_INSUFFICIENT,10,0,0,False,0,0,False,INHERITED_RAW_PRICE_BASIS,False,False
2025-08-04|64030,2025-08-04,64030,10:30,11:15,45,UNAVAILABLE,0,5,,,SCALE_INSUFFICIENT,,True,,,,CURRENT_BAR_UNAVAILABLE,OBSERVATION_INSUFFICIENT,10,0,0,False,0,0,False,INHERITED_RAW_PRICE_BASIS,False,False
2025-08-04|64030,2025-08-04,64030,10:30,11:20,50,UNAVAILABLE,0,5,,,SCALE_INSUFFICIENT,,True,,,,CURRENT_BAR_UNAVAILABLE,OBSERVATION_INSUFFICIENT,9,0,0,False,0,0,False,INHERITED_RAW_PRICE_BASIS,False,False
2025-08-04|64030,2025-08-04,64030,10:30,11:25,55,UNAVAILABLE,0,5,,,SCALE_INSUFFICIENT,,True,,,,CURRENT_BAR_UNAVAILABLE,OBSERVATION_INSUFFICIENT,8,0,0,False,0,0,False,INHERITED_RAW_PRICE_BASIS,False,False
2025-08-04|64030,2025-08-04,64030,10:30,11:30,60,PARTIAL,1,4,,,SCALE_INSUFFICIENT,,True,,,,SCALE_UNAVAILABLE,OBSERVATION_INSUFFICIENT,9,0,0,False,0,0,False,INHERITED_RAW_PRICE_BASIS,False,False
2025-08-04|64030,2025-08-04,64030,10:30,12:35,65,PARTIAL,1,4,,,SCALE_INSUFFICIENT,,True,,,,CURRENT_BAR_UNAVAILABLE,OBSERVATION_INSUFFICIENT,10,0,0,False,0,0,False,INHERITED_RAW_PRICE_BASIS,False,False
2025-08-04|64030,2025-08-04,64030,10:30,12:40,70,UNAVAILABLE,0,5,,,SCALE_INSUFFICIENT,,True,,,,CURRENT_BAR_UNAVAILABLE,OBSERVATION_INSUFFICIENT,10,0,0,False,0,0,False,INHERITED_RAW_PRICE_BASIS,False,False
2025-08-04|64030,2025-08-04,64030,10:30,12:45,75,UNAVAILABLE,0,5,,,SCALE_INSUFFICIENT,,True,,,,CURRENT_BAR_UNAVAILABLE,OBSERVATION_INSUFFICIENT,10,0,0,False,0,0,False,INHERITED_RAW_PRICE_BASIS,False,False
2025-08-04|64030,2025-08-04,64030,10:30,12:50,80,UNAVAILABLE,0,5,,,SCALE_INSUFFICIENT,,True,,,,CURRENT_BAR_UNAVAILABLE,OBSERVATION_INSUFFICIENT,10,0,0,False,0,0,False,INHERITED_RAW_PRICE_BASIS,False,False
2025-08-04|64030,2025-08-04,64030,10:30,12:55,85,UNAVAILABLE,0,5,,,SCALE_INSUFFICIENT,,True,,,,CURRENT_BAR_UNAVAILABLE,OBSERVATION_INSUFFICIENT,10,0,0,False,0,0,False,INHERITED_RAW_PRICE_BASIS,False,False
2025-08-04|64030,2025-08-04,64030,10:30,13:00,90,UNAVAILABLE,0,5,,,SCALE_INSUFFICIENT,,True,,,,CURRENT_BAR_UNAVAILABLE,OBSERVATION_INSUFFICIENT,10,0,0,False,0,0,False,INHERITED_RAW_PRICE_BASIS,False,False
2025-08-04|64030,2025-08-04,64030,10:30,13:05,95,UNAVAILABLE,0,5,,,SCALE_INSUFFICIENT,,True,,,,CURRENT_BAR_UNAVAILABLE,OBSERVATION_INSUFFICIENT,10,0,0,False,0,0,False,INHERITED_RAW_PRICE_BASIS,False,False
2025-08-04|64030,2025-08-04,64030,10:30,13:10,100,UNAVAILABLE,0,5,,,SCALE_INSUFFICIENT,,True,,,,CURRENT_BAR_UNAVAILABLE,OBSERVATION_INSUFFICIENT,10,0,0,False,0,0,False,INHERITED_RAW_PRICE_BASIS,False,False
2025-08-04|64030,2025-08-04,64030,10:30,13:15,105,UNAVAILABLE,0,5,,,SCALE_INSUFFICIENT,,True,,,,CURRENT_BAR_UNAVAILABLE,OBSERVATION_INSUFFICIENT,10,0,0,False,0,0,False,INHERITED_RAW_PRICE_BASIS,False,False
2025-08-04|64030,2025-08-04,64030,10:30,13:20,110,UNAVAILABLE,0,5,,,SCALE_INSUFFICIENT,,True,,,,CURRENT_BAR_UNAVAILABLE,OBSERVATION_INSUFFICIENT,9,0,0,False,0,0,False,INHERITED_RAW_PRICE_BASIS,False,False
2025-08-04|64030,2025-08-04,64030,10:30,13:25,115,UNAVAILABLE,0,5,,,SCALE_INSUFFICIENT,,True,,,,CURRENT_BAR_UNAVAILABLE,OBSERVATION_INSUFFICIENT,9,0,0,False,0,0,False,INHERITED_RAW_PRICE_BASIS,False,False
2025-08-04|64030,2025-08-04,64030,10:30,13:30,120,PARTIAL,1,4,,,SCALE_INSUFFICIENT,,True,,,,CURRENT_BAR_UNAVAILABLE,OBSERVATION_INSUFFICIENT,9,0,0,False,0,0,False,INHERITED_RAW_PRICE_BASIS,False,False
2025-08-04|64030,2025-08-04,64030,10:30,13:35,125,UNAVAILABLE,0,5,,,SCALE_INSUFFICIENT,,True,,,,CURRENT_BAR_UNAVAILABLE,OBSERVATION_INSUFFICIENT,6,0,0,False,0,0,False,INHERITED_RAW_PRICE_BASIS,False,False
2025-08-04|64030,2025-08-04,64030,10:30,13:40,130,PARTIAL,1,4,,,SCALE_INSUFFICIENT,,True,,,,CURRENT_BAR_UNAVAILABLE,OBSERVATION_INSUFFICIENT,6,0,0,False,0,0,False,INHERITED_RAW_PRICE_BASIS,False,False
2025-08-04|64030,2025-08-04,64030,10:30,13:45,135,PARTIAL,3,2,,,SCALE_INSUFFICIENT,,True,,,,SCALE_UNAVAILABLE,OBSERVATION_INSUFFICIENT,9,0,0,False,0,0,False,INHERITED_RAW_PRICE_BASIS,False,False
2025-08-04|64030,2025-08-04,64030,10:30,13:50,140,PARTIAL,1,4,,,SCALE_INSUFFICIENT,,True,,,,CURRENT_BAR_UNAVAILABLE,OBSERVATION_INSUFFICIENT,9,0,0,False,1,0,False,INHERITED_RAW_PRICE_BASIS,False,False
2025-08-04|64030,2025-08-04,64030,10:30,13:55,145,UNAVAILABLE,0,5,,,SCALE_INSUFFICIENT,,True,,,,CURRENT_BAR_UNAVAILABLE,OBSERVATION_INSUFFICIENT,9,0,0,False,0,0,False,INHERITED_RAW_PRICE_BASIS,False,False
2025-08-04|64030,2025-08-04,64030,10:30,14:00,150,PARTIAL,1,4,,,SCALE_INSUFFICIENT,,True,,,,CURRENT_BAR_UNAVAILABLE,OBSERVATION_INSUFFICIENT,10,0,0,False,0,0,False,INHERITED_RAW_PRICE_BASIS,False,False
2025-08-04|64030,2025-08-04,64030,10:30,14:05,155,UNAVAILABLE,0,5,,,SCALE_INSUFFICIENT,,True,,,,CURRENT_BAR_UNAVAILABLE,OBSERVATION_INSUFFICIENT,10,0,0,False,0,0,False,INHERITED_RAW_PRICE_BASIS,False,False
2025-08-04|64030,2025-08-04,64030,10:30,14:10,160,UNAVAILABLE,0,5,,,SCALE_INSUFFICIENT,,True,,,,CURRENT_BAR_UNAVAILABLE,OBSERVATION_INSUFFICIENT,9,0,0,False,0,0,False,INHERITED_RAW_PRICE_BASIS,False,False
2025-08-04|64030,2025-08-04,64030,10:30,14:15,165,UNAVAILABLE,0,5,,,SCALE_INSUFFICIENT,,True,,,,CURRENT_BAR_UNAVAILABLE,OBSERVATION_INSUFFICIENT,9,0,0,False,0,0,False,INHERITED_RAW_PRICE_BASIS,False,False
2025-08-04|64030,2025-08-04,64030,10:30,14:20,170,PARTIAL,1,4,,,SCALE_INSUFFICIENT,,True,,,,CURRENT_BAR_UNAVAILABLE,OBSERVATION_INSUFFICIENT,10,0,0,False,0,0,False,INHERITED_RAW_PRICE_BASIS,False,False
2025-08-04|64030,2025-08-04,64030,10:30,14:25,175,UNAVAILABLE,0,5,,,SCALE_INSUFFICIENT,,True,,,,CURRENT_BAR_UNAVAILABLE,OBSERVATION_INSUFFICIENT,9,0,0,False,0,0,False,INHERITED_RAW_PRICE_BASIS,False,False
2025-08-04|64030,2025-08-04,64030,10:30,14:30,180,UNAVAILABLE,0,5,,,SCALE_INSUFFICIENT,,True,,,,CURRENT_BAR_UNAVAILABLE,OBSERVATION_INSUFFICIENT,9,0,0,False,0,0,False,INHERITED_RAW_PRICE_BASIS,False,False
2025-08-04|64030,2025-08-04,64030,10:30,14:35,185,PARTIAL,1,4,,,SCALE_INSUFFICIENT,,True,,,,CURRENT_BAR_UNAVAILABLE,OBSERVATION_INSUFFICIENT,10,0,0,False,0,0,False,INHERITED_RAW_PRICE_BASIS,False,False
2025-08-04|64030,2025-08-04,64030,10:30,14:40,190,UNAVAILABLE,0,5,,,SCALE_INSUFFICIENT,,True,,,,CURRENT_BAR_UNAVAILABLE,OBSERVATION_INSUFFICIENT,9,0,0,False,0,0,False,INHERITED_RAW_PRICE_BASIS,False,False
2025-08-04|64030,2025-08-04,64030,10:30,14:45,195,UNAVAILABLE,0,5,,,SCALE_INSUFFICIENT,,True,,,,CURRENT_BAR_UNAVAILABLE,OBSERVATION_INSUFFICIENT,9,0,0,False,0,0,False,INHERITED_RAW_PRICE_BASIS,False,False
2025-08-04|64030,2025-08-04,64030,10:30,14:50,200,PARTIAL,1,4,,,SCALE_INSUFFICIENT,,True,,,,CURRENT_BAR_UNAVAILABLE,OBSERVATION_INSUFFICIENT,10,0,0,False,0,0,False,INHERITED_RAW_PRICE_BASIS,False,False
2025-08-04|64030,2025-08-04,64030,10:30,14:55,205,UNAVAILABLE,0,5,,,SCALE_INSUFFICIENT,,True,,,,CURRENT_BAR_UNAVAILABLE,OBSERVATION_INSUFFICIENT,10,0,0,False,0,0,False,INHERITED_RAW_PRICE_BASIS,False,False
2025-08-04|64030,2025-08-04,64030,10:30,15:00,210,UNAVAILABLE,0,5,,,SCALE_INSUFFICIENT,,True,,,,CURRENT_BAR_UNAVAILABLE,OBSERVATION_INSUFFICIENT,10,0,0,False,0,0,False,INHERITED_RAW_PRICE_BASIS,False,False
2025-08-04|64030,2025-08-04,64030,10:30,15:05,215,UNAVAILABLE,0,5,,,SCALE_INSUFFICIENT,,True,,,,CURRENT_BAR_UNAVAILABLE,OBSERVATION_INSUFFICIENT,8,0,0,False,0,0,False,INHERITED_RAW_PRICE_BASIS,False,False
2025-08-04|64030,2025-08-04,64030,10:30,15:10,220,UNAVAILABLE,0,5,,,SCALE_INSUFFICIENT,,True,,,,CURRENT_BAR_UNAVAILABLE,OBSERVATION_INSUFFICIENT,6,0,0,False,0,0,False,INHERITED_RAW_PRICE_BASIS,False,False
2025-08-04|64030,2025-08-04,64030,10:30,15:15,225,PARTIAL,2,3,,,SCALE_INSUFFICIENT,,True,,,,CURRENT_BAR_UNAVAILABLE,OBSERVATION_INSUFFICIENT,4,0,0,False,0,0,False,INHERITED_RAW_PRICE_BASIS,False,False
2025-08-04|64030,2025-08-04,64030,10:30,15:20,230,PARTIAL,2,3,,,SCALE_INSUFFICIENT,,True,,,,CURRENT_BAR_UNAVAILABLE,RIGHT_CENSORED,1,0,0,False,0,0,False,INHERITED_RAW_PRICE_BASIS,False,False
2025-08-04|64030,2025-08-04,64030,10:30,15:25,235,PARTIAL,4,1,,,SCALE_INSUFFICIENT,,True,,,,SCALE_UNAVAILABLE,RIGHT_CENSORED,0,0,0,False,0,2,False,INHERITED_RAW_PRICE_BASIS,False,False
2025-08-04|65740,2025-08-04,65740,13:00,13:00,0,COMPLETE,5,0,DOWN,-0.28169014084507044,PREVIOUS_CONTEXT_UNAVAILABLE,,False,,,RANGE_COMPRESSION|VOLUME_COMPRESSION|TRADING_VALUE_COMPRESSION,SCALE_UNAVAILABLE,WINDOW_OBSERVED,0,0,0,False,0,0,False,INHERITED_RAW_PRICE_BASIS,False,False
2025-08-04|65740,2025-08-04,65740,13:00,13:05,5,COMPLETE,5,0,DOWN,-1.9081272084805654,PREVIOUS_CONTEXT_UNAVAILABLE,,False,,,RANGE_EXPANSION|VOLUME_EXPANSION|TRADING_VALUE_EXPANSION,SCALE_UNAVAILABLE,WINDOW_OBSERVED,0,0,0,False,0,0,False,INHERITED_RAW_PRICE_BASIS,True,False
2025-08-04|65740,2025-08-04,65740,13:00,13:10,10,COMPLETE,5,0,DOWN,-0.14388489208633093,PREVIOUS_CONTEXT_UNAVAILABLE,,False,,,RANGE_COMPRESSION|VOLUME_COMPRESSION|TRADING_VALUE_COMPRESSION,SCALE_UNAVAILABLE,WINDOW_OBSERVED,0,0,0,False,0,0,False,INHERITED_RAW_PRICE_BASIS,True,False
2025-08-04|65740,2025-08-04,65740,13:00,13:15,15,COMPLETE,5,0,DOWN,-1.2968299711815563,PREVIOUS_CONTEXT_UNAVAILABLE,,False,,,RANGE_EXPANSION,SCALE_UNAVAILABLE,WINDOW_OBSERVED,0,0,0,False,0,0,False,INHERITED_RAW_PRICE_BASIS,True,False
2025-08-04|65740,2025-08-04,65740,13:00,13:20,20,COMPLETE,5,0,UP,1.167883211678832,PREVIOUS_CONTEXT_UNAVAILABLE,,False,,,VOLUME_COMPRESSION|TRADING_VALUE_COMPRESSION,SCALE_UNAVAILABLE,WINDOW_OBSERVED,0,0,0,False,0,0,False,INHERITED_RAW_PRICE_BASIS,True,False
2025-08-04|65740,2025-08-04,65740,13:00,13:25,25,COMPLETE,5,0,UP,2.089337175792507,PREVIOUS_CONTEXT_UNAVAILABLE,,False,,,RANGE_EXPANSION|VOLUME_EXPANSION|TRADING_VALUE_EXPANSION,SCALE_UNAVAILABLE,WINDOW_OBSERVED,0,0,0,False,0,0,False,INHERITED_RAW_PRICE_BASIS,True,False
2025-08-04|65740,2025-08-04,65740,13:00,13:30,30,COMPLETE,5,0,UP,0.28188865398167723,PREVIOUS_CONTEXT_UNAVAILABLE,,False,,,RANGE_COMPRESSION,SCALE_UNAVAILABLE,WINDOW_OBSERVED,0,0,0,False,0,0,False,INHERITED_RAW_PRICE_BASIS,True,False
2025-08-04|65740,2025-08-04,65740,13:00,13:35,35,COMPLETE,5,0,UP,2.9515108924806746,PREVIOUS_CONTEXT_UNAVAILABLE,,False,,,RANGE_EXPANSION|VOLUME_EXPANSION|TRADING_VALUE_EXPANSION,SCALE_UNAVAILABLE,WINDOW_OBSERVED,0,0,0,False,0,0,False,INHERITED_RAW_PRICE_BASIS,True,False
2025-08-04|65740,2025-08-04,65740,13:00,13:40,40,COMPLETE,5,0,UP,0.957592339261286,PREVIOUS_CONTEXT_UNAVAILABLE,,False,,,RANGE_COMPRESSION,SCALE_UNAVAILABLE,WINDOW_OBSERVED,0,0,0,False,0,0,False,INHERITED_RAW_PRICE_BASIS,True,False
2025-08-04|65740,2025-08-04,65740,13:00,13:45,45,COMPLETE,5,0,DOWN,-0.2708192281651997,PREVIOUS_CONTEXT_UNAVAILABLE,,False,,,RANGE_COMPRESSION|VOLUME_COMPRESSION|TRADING_VALUE_COMPRESSION,SCALE_UNAVAILABLE,WINDOW_OBSERVED,0,0,0,False,0,0,False,INHERITED_RAW_PRICE_BASIS,True,False
2025-08-04|65740,2025-08-04,65740,13:00,13:50,50,COMPLETE,5,0,DOWN,-1.6972165648336728,PREVIOUS_CONTEXT_UNAVAILABLE,,False,,,RANGE_EXPANSION,SCALE_UNAVAILABLE,WINDOW_OBSERVED,0,0,0,False,0,0,False,INHERITED_RAW_PRICE_BASIS,True,False
2025-08-04|65740,2025-08-04,65740,13:00,13:55,55,COMPLETE,5,0,UP,0.2070393374741201,PREVIOUS_CONTEXT_UNAVAILABLE,,False,,,RANGE_COMPRESSION|VOLUME_COMPRESSION|TRADING_VALUE_COMPRESSION,SCALE_UNAVAILABLE,WINDOW_OBSERVED,0,0,0,False,0,0,False,INHERITED_RAW_PRICE_BASIS,True,False
2025-08-04|65740,2025-08-04,65740,13:00,14:00,60,COMPLETE,5,0,DOWN,-2.0013802622498273,PREVIOUS_CONTEXT_UNAVAILABLE,,False,,,VOLUME_EXPANSION|TRADING_VALUE_EXPANSION,SCALE_UNAVAILABLE,WINDOW_OBSERVED,0,0,0,False,0,0,False,INHERITED_RAW_PRICE_BASIS,True,False
2025-08-04|65740,2025-08-04,65740,13:00,14:05,65,COMPLETE,5,0,UP,10.070422535211268,PREVIOUS_CONTEXT_UNAVAILABLE,,False,,,RANGE_EXPANSION|VOLUME_EXPANSION|TRADING_VALUE_EXPANSION,SCALE_UNAVAILABLE,WINDOW_OBSERVED,0,0,0,False,0,0,False,INHERITED_RAW_PRICE_BASIS,True,False
2025-08-04|65740,2025-08-04,65740,13:00,14:10,70,COMPLETE,5,0,DOWN,-3.395259449071108,PREVIOUS_CONTEXT_UNAVAILABLE,,False,,,RANGE_COMPRESSION|VOLUME_COMPRESSION|TRADING_VALUE_COMPRESSION,SCALE_UNAVAILABLE,WINDOW_OBSERVED,0,0,0,False,0,0,False,INHERITED_RAW_PRICE_BASIS,True,False
2025-08-04|65740,2025-08-04,65740,13:00,14:15,75,COMPLETE,5,0,UP,2.38885202388852,PREVIOUS_CONTEXT_UNAVAILABLE,,False,,,RANGE_COMPRESSION|VOLUME_COMPRESSION|TRADING_VALUE_COMPRESSION,SCALE_UNAVAILABLE,WINDOW_OBSERVED,0,0,0,False,0,0,False,INHERITED_RAW_PRICE_BASIS,True,False
2025-08-04|65740,2025-08-04,65740,13:00,14:20,80,COMPLETE,5,0,UP,1.8831168831168832,PREVIOUS_CONTEXT_UNAVAILABLE,,False,,,VOLUME_EXPANSION|TRADING_VALUE_EXPANSION,SCALE_UNAVAILABLE,WINDOW_OBSERVED,0,0,0,False,0,0,False,INHERITED_RAW_PRICE_BASIS,True,False
2025-08-04|65740,2025-08-04,65740,13:00,14:25,85,COMPLETE,5,0,DOWN,-0.9548058561425843,PREVIOUS_CONTEXT_UNAVAILABLE,,False,,,,SCALE_UNAVAILABLE,WINDOW_OBSERVED,0,0,0,False,0,0,False,INHERITED_RAW_PRICE_BASIS,True,False
2025-08-04|65740,2025-08-04,65740,13:00,14:30,90,COMPLETE,5,0,DOWN,-0.2570694087403599,PREVIOUS_CONTEXT_UNAVAILABLE,,False,,,RANGE_COMPRESSION|VOLUME_COMPRESSION|TRADING_VALUE_COMPRESSION,SCALE_UNAVAILABLE,WINDOW_OBSERVED,0,0,0,False,0,0,False,INHERITED_RAW_PRICE_BASIS,True,False
2025-08-04|65740,2025-08-04,65740,13:00,14:35,95,COMPLETE,5,0,UP,0.7092198581560284,PREVIOUS_CONTEXT_UNAVAILABLE,,False,,,RANGE_EXPANSION|TRADING_VALUE_EXPANSION,SCALE_UNAVAILABLE,WINDOW_OBSERVED,0,0,0,False,0,0,False,INHERITED_RAW_PRICE_BASIS,True,False
2025-08-04|65740,2025-08-04,65740,13:00,14:40,100,COMPLETE,5,0,DOWN,-2.0486555697823303,PREVIOUS_CONTEXT_UNAVAILABLE,,False,,,,SCALE_UNAVAILABLE,WINDOW_OBSERVED,0,0,0,False,0,0,False,INHERITED_RAW_PRICE_BASIS,True,False
2025-08-04|65740,2025-08-04,65740,13:00,14:45,105,COMPLETE,5,0,UP,0.2612671456564337,PREVIOUS_CONTEXT_UNAVAILABLE,,False,,,RANGE_COMPRESSION,SCALE_UNAVAILABLE,WINDOW_OBSERVED,0,0,0,False,0,0,False,INHERITED_RAW_PRICE_BASIS,True,False
2025-08-04|65740,2025-08-04,65740,13:00,14:50,110,COMPLETE,5,0,DOWN,-0.19556714471968709,PREVIOUS_CONTEXT_UNAVAILABLE,,False,,,VOLUME_COMPRESSION|TRADING_VALUE_COMPRESSION,SCALE_UNAVAILABLE,WINDOW_OBSERVED,0,0,0,False,0,0,False,INHERITED_RAW_PRICE_BASIS,True,False
2025-08-04|65740,2025-08-04,65740,13:00,14:55,115,COMPLETE,5,0,DOWN,-0.9150326797385621,PREVIOUS_CONTEXT_UNAVAILABLE,,False,,,,SCALE_UNAVAILABLE,WINDOW_OBSERVED,0,0,0,False,0,0,False,INHERITED_RAW_PRICE_BASIS,True,False
2025-08-04|65740,2025-08-04,65740,13:00,15:00,120,COMPLETE,5,0,DOWN,-0.33003300330033003,PREVIOUS_CONTEXT_UNAVAILABLE,,False,,,VOLUME_EXPANSION|TRADING_VALUE_EXPANSION,SCALE_UNAVAILABLE,WINDOW_OBSERVED,0,0,0,False,0,0,False,INHERITED_RAW_PRICE_BASIS,True,False
2025-08-04|65740,2025-08-04,65740,13:00,15:05,125,COMPLETE,5,0,UP,0.13262599469496023,PREVIOUS_CONTEXT_UNAVAILABLE,,False,,,RANGE_EXPANSION,SCALE_UNAVAILABLE,WINDOW_OBSERVED,0,0,0,False,0,0,False,INHERITED_RAW_PRICE_BASIS,True,False
2025-08-04|65740,2025-08-04,65740,13:00,15:10,130,COMPLETE,5,0,DOWN,-0.1982815598149372,PREVIOUS_CONTEXT_UNAVAILABLE,,False,,,RANGE_COMPRESSION|VOLUME_COMPRESSION|TRADING_VALUE_COMPRESSION,SCALE_UNAVAILABLE,WINDOW_OBSERVED,0,0,0,False,0,0,False,INHERITED_RAW_PRICE_BASIS,True,False
2025-08-04|65740,2025-08-04,65740,13:00,15:15,135,COMPLETE,5,0,UP,1.5221707478491064,PREVIOUS_CONTEXT_UNAVAILABLE,,False,,,,SCALE_UNAVAILABLE,WINDOW_OBSERVED,0,0,0,False,0,0,False,INHERITED_RAW_PRICE_BASIS,True,False
2025-08-04|65740,2025-08-04,65740,13:00,15:20,140,COMPLETE,5,0,DOWN,-1.953125,PREVIOUS_CONTEXT_UNAVAILABLE,,False,,,RANGE_EXPANSION|VOLUME_EXPANSION|TRADING_VALUE_EXPANSION,SCALE_UNAVAILABLE,RIGHT_CENSORED,0,0,0,False,0,0,False,INHERITED_RAW_PRICE_BASIS,True,False
2025-08-04|65740,2025-08-04,65740,13:00,15:25,145,COMPLETE,5,0,UP,3.183023872679045,PREVIOUS_CONTEXT_UNAVAILABLE,,False,,,,SCALE_UNAVAILABLE,RIGHT_CENSORED,0,0,0,False,0,0,False,INHERITED_RAW_PRICE_BASIS,True,False
2025-08-04|70410,2025-08-04,70410,11:30,11:30,0,PARTIAL,1,4,,,SCALE_INSUFFICIENT,,True,,,,SCALE_UNAVAILABLE,OBSERVATION_INSUFFICIENT,10,0,0,False,0,0,False,INHERITED_RAW_PRICE_BASIS,False,False
2025-08-04|70410,2025-08-04,70410,11:30,12:35,5,UNAVAILABLE,0,5,,,SCALE_INSUFFICIENT,,True,,,,CURRENT_BAR_UNAVAILABLE,OBSERVATION_INSUFFICIENT,10,0,0,False,0,0,False,INHERITED_RAW_PRICE_BASIS,False,False
2025-08-04|70410,2025-08-04,70410,11:30,12:40,10,UNAVAILABLE,0,5,,,SCALE_INSUFFICIENT,,True,,,,CURRENT_BAR_UNAVAILABLE,OBSERVATION_INSUFFICIENT,10,0,0,False,0,0,False,INHERITED_RAW_PRICE_BASIS,False,False
2025-08-04|70410,2025-08-04,70410,11:30,12:45,15,UNAVAILABLE,0,5,,,SCALE_INSUFFICIENT,,True,,,,CURRENT_BAR_UNAVAILABLE,OBSERVATION_INSUFFICIENT,10,0,0,False,0,0,False,INHERITED_RAW_PRICE_BASIS,False,False
2025-08-04|70410,2025-08-04,70410,11:30,12:50,20,UNAVAILABLE,0,5,,,SCALE_INSUFFICIENT,,True,,,,CURRENT_BAR_UNAVAILABLE,OBSERVATION_INSUFFICIENT,10,0,0,False,0,0,False,INHERITED_RAW_PRICE_BASIS,False,False
2025-08-04|70410,2025-08-04,70410,11:30,12:55,25,UNAVAILABLE,0,5,,,SCALE_INSUFFICIENT,,True,,,,CURRENT_BAR_UNAVAILABLE,OBSERVATION_INSUFFICIENT,10,0,0,False,0,0,False,INHERITED_RAW_PRICE_BASIS,False,False
2025-08-04|70410,2025-08-04,70410,11:30,13:00,30,UNAVAILABLE,0,5,,,SCALE_INSUFFICIENT,,True,,,,CURRENT_BAR_UNAVAILABLE,OBSERVATION_INSUFFICIENT,10,0,0,False,0,0,False,INHERITED_RAW_PRICE_BASIS,False,False
2025-08-04|70410,2025-08-04,70410,11:30,13:05,35,UNAVAILABLE,0,5,,,SCALE_INSUFFICIENT,,True,,,,CURRENT_BAR_UNAVAILABLE,OBSERVATION_INSUFFICIENT,10,0,0,False,0,0,False,INHERITED_RAW_PRICE_BASIS,False,False
2025-08-04|70410,2025-08-04,70410,11:30,13:10,40,UNAVAILABLE,0,5,,,SCALE_INSUFFICIENT,,True,,,,CURRENT_BAR_UNAVAILABLE,OBSERVATION_INSUFFICIENT,10,0,0,False,0,0,False,INHERITED_RAW_PRICE_BASIS,False,False
2025-08-04|70410,2025-08-04,70410,11:30,13:15,45,UNAVAILABLE,0,5,,,SCALE_INSUFFICIENT,,True,,,,CURRENT_BAR_UNAVAILABLE,OBSERVATION_INSUFFICIENT,10,0,0,False,0,0,False,INHERITED_RAW_PRICE_BASIS,False,False
2025-08-04|70410,2025-08-04,70410,11:30,13:20,50,UNAVAILABLE,0,5,,,SCALE_INSUFFICIENT,,True,,,,CURRENT_BAR_UNAVAILABLE,OBSERVATION_INSUFFICIENT,10,0,0,False,0,0,False,INHERITED_RAW_PRICE_BASIS,False,False
2025-08-04|70410,2025-08-04,70410,11:30,13:25,55,UNAVAILABLE,0,5,,,SCALE_INSUFFICIENT,,True,,,,CURRENT_BAR_UNAVAILABLE,OBSERVATION_INSUFFICIENT,10,0,0,False,0,0,False,INHERITED_RAW_PRICE_BASIS,False,False
2025-08-04|70410,2025-08-04,70410,11:30,13:30,60,UNAVAILABLE,0,5,,,SCALE_INSUFFICIENT,,True,,,,CURRENT_BAR_UNAVAILABLE,OBSERVATION_INSUFFICIENT,10,0,0,False,0,0,False,INHERITED_RAW_PRICE_BASIS,False,False
2025-08-04|70410,2025-08-04,70410,11:30,13:35,65,UNAVAILABLE,0,5,,,SCALE_INSUFFICIENT,,True,,,,CURRENT_BAR_UNAVAILABLE,OBSERVATION_INSUFFICIENT,10,0,0,False,0,0,False,INHERITED_RAW_PRICE_BASIS,False,False
2025-08-04|70410,2025-08-04,70410,11:30,13:40,70,UNAVAILABLE,0,5,,,SCALE_INSUFFICIENT,,True,,,,CURRENT_BAR_UNAVAILABLE,OBSERVATION_INSUFFICIENT,10,0,0,False,0,0,False,INHERITED_RAW_PRICE_BASIS,False,False
2025-08-04|70410,2025-08-04,70410,11:30,13:45,75,UNAVAILABLE,0,5,,,SCALE_INSUFFICIENT,,True,,,,CURRENT_BAR_UNAVAILABLE,OBSERVATION_INSUFFICIENT,10,0,0,False,0,0,False,INHERITED_RAW_PRICE_BASIS,False,False
2025-08-04|70410,2025-08-04,70410,11:30,13:50,80,UNAVAILABLE,0,5,,,SCALE_INSUFFICIENT,,True,,,,CURRENT_BAR_UNAVAILABLE,OBSERVATION_INSUFFICIENT,10,0,0,False,0,0,False,INHERITED_RAW_PRICE_BASIS,False,False
2025-08-04|70410,2025-08-04,70410,11:30,13:55,85,UNAVAILABLE,0,5,,,SCALE_INSUFFICIENT,,True,,,,CURRENT_BAR_UNAVAILABLE,OBSERVATION_INSUFFICIENT,10,0,0,False,0,0,False,INHERITED_RAW_PRICE_BASIS,False,False
2025-08-04|70410,2025-08-04,70410,11:30,14:00,90,UNAVAILABLE,0,5,,,SCALE_INSUFFICIENT,,True,,,,CURRENT_BAR_UNAVAILABLE,OBSERVATION_INSUFFICIENT,9,0,0,False,0,0,False,INHERITED_RAW_PRICE_BASIS,False,False
2025-08-04|70410,2025-08-04,70410,11:30,14:05,95,UNAVAILABLE,0,5,,,SCALE_INSUFFICIENT,,True,,,,CURRENT_BAR_UNAVAILABLE,OBSERVATION_INSUFFICIENT,9,0,0,False,0,0,False,INHERITED_RAW_PRICE_BASIS,False,False
2025-08-04|70410,2025-08-04,70410,11:30,14:10,100,PARTIAL,1,4,,,SCALE_INSUFFICIENT,,True,,,,CURRENT_BAR_UNAVAILABLE,OBSERVATION_INSUFFICIENT,10,0,0,False,0,0,False,INHERITED_RAW_PRICE_BASIS,False,False
2025-08-04|70410,2025-08-04,70410,11:30,14:15,105,UNAVAILABLE,0,5,,,SCALE_INSUFFICIENT,,True,,,,CURRENT_BAR_UNAVAILABLE,OBSERVATION_INSUFFICIENT,10,0,0,False,0,0,False,INHERITED_RAW_PRICE_BASIS,False,False
2025-08-04|70410,2025-08-04,70410,11:30,14:20,110,UNAVAILABLE,0,5,,,SCALE_INSUFFICIENT,,True,,,,CURRENT_BAR_UNAVAILABLE,OBSERVATION_INSUFFICIENT,10,0,0,False,0,0,False,INHERITED_RAW_PRICE_BASIS,False,False
2025-08-04|70410,2025-08-04,70410,11:30,14:25,115,UNAVAILABLE,0,5,,,SCALE_INSUFFICIENT,,True,,,,CURRENT_BAR_UNAVAILABLE,OBSERVATION_INSUFFICIENT,10,0,0,False,0,0,False,INHERITED_RAW_PRICE_BASIS,False,False
2025-08-04|70410,2025-08-04,70410,11:30,14:30,120,UNAVAILABLE,0,5,,,SCALE_INSUFFICIENT,,True,,,,CURRENT_BAR_UNAVAILABLE,OBSERVATION_INSUFFICIENT,10,0,0,False,0,0,False,INHERITED_RAW_PRICE_BASIS,False,False
2025-08-04|70410,2025-08-04,70410,11:30,14:35,125,UNAVAILABLE,0,5,,,SCALE_INSUFFICIENT,,True,,,,CURRENT_BAR_UNAVAILABLE,OBSERVATION_INSUFFICIENT,10,0,0,False,0,0,False,INHERITED_RAW_PRICE_BASIS,False,False
2025-08-04|70410,2025-08-04,70410,11:30,14:40,130,UNAVAILABLE,0,5,,,SCALE_INSUFFICIENT,,True,,,,CURRENT_BAR_UNAVAILABLE,OBSERVATION_INSUFFICIENT,9,0,0,False,0,0,False,INHERITED_RAW_PRICE_BASIS,False,False
2025-08-04|70410,2025-08-04,70410,11:30,14:45,135,UNAVAILABLE,0,5,,,SCALE_INSUFFICIENT,,True,,,,CURRENT_BAR_UNAVAILABLE,OBSERVATION_INSUFFICIENT,8,0,0,False,0,0,False,INHERITED_RAW_PRICE_BASIS,False,False
2025-08-04|70410,2025-08-04,70410,11:30,14:50,140,PARTIAL,1,4,,,SCALE_INSUFFICIENT,,True,,,,CURRENT_BAR_UNAVAILABLE,OBSERVATION_INSUFFICIENT,9,0,0,False,0,0,False,INHERITED_RAW_PRICE_BASIS,False,False
2025-08-04|70410,2025-08-04,70410,11:30,14:55,145,PARTIAL,1,4,,,SCALE_INSUFFICIENT,,True,,,,CURRENT_BAR_UNAVAILABLE,OBSERVATION_INSUFFICIENT,10,0,0,False,0,0,False,INHERITED_RAW_PRICE_BASIS,False,False
2025-08-04|70410,2025-08-04,70410,11:30,15:00,150,UNAVAILABLE,0,5,,,SCALE_INSUFFICIENT,,True,,,,CURRENT_BAR_UNAVAILABLE,OBSERVATION_INSUFFICIENT,9,0,0,False,0,0,False,INHERITED_RAW_PRICE_BASIS,False,False
2025-08-04|70410,2025-08-04,70410,11:30,15:05,155,UNAVAILABLE,0,5,,,SCALE_INSUFFICIENT,,True,,,,CURRENT_BAR_UNAVAILABLE,OBSERVATION_INSUFFICIENT,8,0,0,False,0,0,False,INHERITED_RAW_PRICE_BASIS,False,False
2025-08-04|70410,2025-08-04,70410,11:30,15:10,160,PARTIAL,1,4,,,SCALE_INSUFFICIENT,,True,,,,CURRENT_BAR_UNAVAILABLE,OBSERVATION_INSUFFICIENT,9,0,0,False,0,0,False,INHERITED_RAW_PRICE_BASIS,False,False
2025-08-04|70410,2025-08-04,70410,11:30,15:15,165,PARTIAL,1,4,,,SCALE_INSUFFICIENT,,True,,,,CURRENT_BAR_UNAVAILABLE,OBSERVATION_INSUFFICIENT,9,0,0,False,0,0,False,INHERITED_RAW_PRICE_BASIS,False,False
2025-08-04|70410,2025-08-04,70410,11:30,15:20,170,UNAVAILABLE,0,5,,,SCALE_INSUFFICIENT,,True,,,,CURRENT_BAR_UNAVAILABLE,RIGHT_CENSORED,4,0,0,False,0,0,False,INHERITED_RAW_PRICE_BASIS,False,False
2025-08-04|70410,2025-08-04,70410,11:30,15:25,175,PARTIAL,1,4,,,SCALE_INSUFFICIENT,,True,,,,CURRENT_BAR_UNAVAILABLE,RIGHT_CENSORED,0,0,0,False,0,0,False,INHERITED_RAW_PRICE_BASIS,False,False
2025-08-04|72080,2025-08-04,72080,14:00,14:00,0,PARTIAL,3,2,,,SCALE_INSUFFICIENT,,True,,,,CURRENT_BAR_UNAVAILABLE,OBSERVATION_INSUFFICIENT,1,0,0,False,0,0,False,INHERITED_RAW_PRICE_BASIS,False,False
2025-08-04|72080,2025-08-04,72080,14:00,14:05,5,PARTIAL,4,1,,,SCALE_INSUFFICIENT,,True,,,,SCALE_UNAVAILABLE,WINDOW_OBSERVED,0,0,0,False,0,0,False,INHERITED_RAW_PRICE_BASIS,False,False
2025-08-04|72080,2025-08-04,72080,14:00,14:10,10,COMPLETE,5,0,DOWN,-1.7543859649122806,SCALE_INSUFFICIENT,,True,,,,SCALE_UNAVAILABLE,OBSERVATION_INSUFFICIENT,2,0,0,False,0,1,False,INHERITED_RAW_PRICE_BASIS,False,False
2025-08-04|72080,2025-08-04,72080,14:00,14:15,15,COMPLETE,5,0,DOWN,-0.2372479240806643,SCALE_INSUFFICIENT,,True,,,RANGE_COMPRESSION|VOLUME_COMPRESSION|TRADING_VALUE_COMPRESSION,SCALE_UNAVAILABLE,OBSERVATION_INSUFFICIENT,3,0,0,False,0,0,False,INHERITED_RAW_PRICE_BASIS,True,False
2025-08-04|72080,2025-08-04,72080,14:00,14:20,20,PARTIAL,3,2,,,SCALE_INSUFFICIENT,,True,,,,SCALE_UNAVAILABLE,OBSERVATION_INSUFFICIENT,2,0,0,False,0,0,False,INHERITED_RAW_PRICE_BASIS,False,False
2025-08-04|72080,2025-08-04,72080,14:00,14:25,25,PARTIAL,4,1,,,SCALE_INSUFFICIENT,,True,,,,SCALE_UNAVAILABLE,OBSERVATION_INSUFFICIENT,3,0,0,False,0,0,False,INHERITED_RAW_PRICE_BASIS,False,False
2025-08-04|72080,2025-08-04,72080,14:00,14:30,30,PARTIAL,4,1,,,SCALE_INSUFFICIENT,,True,,,,SCALE_UNAVAILABLE,OBSERVATION_INSUFFICIENT,5,0,0,False,0,0,False,INHERITED_RAW_PRICE_BASIS,False,False
2025-08-04|72080,2025-08-04,72080,14:00,14:35,35,PARTIAL,3,2,,,SCALE_INSUFFICIENT,,True,,,,SCALE_UNAVAILABLE,OBSERVATION_INSUFFICIENT,6,0,0,False,0,0,False,INHERITED_RAW_PRICE_BASIS,False,False
2025-08-04|72080,2025-08-04,72080,14:00,14:40,40,PARTIAL,2,3,,,SCALE_INSUFFICIENT,,True,,,,SCALE_UNAVAILABLE,OBSERVATION_INSUFFICIENT,6,0,0,False,0,0,False,INHERITED_RAW_PRICE_BASIS,False,False
2025-08-04|72080,2025-08-04,72080,14:00,14:45,45,PARTIAL,2,3,,,SCALE_INSUFFICIENT,,True,,,,SCALE_UNAVAILABLE,OBSERVATION_INSUFFICIENT,6,0,0,False,0,0,False,INHERITED_RAW_PRICE_BASIS,False,False
2025-08-04|72080,2025-08-04,72080,14:00,14:50,50,PARTIAL,2,3,,,SCALE_INSUFFICIENT,,True,,,,CURRENT_BAR_UNAVAILABLE,OBSERVATION_INSUFFICIENT,6,0,0,False,0,0,False,INHERITED_RAW_PRICE_BASIS,False,False
2025-08-04|72080,2025-08-04,72080,14:00,14:55,55,PARTIAL,2,3,,,SCALE_INSUFFICIENT,,True,,,,CURRENT_BAR_UNAVAILABLE,OBSERVATION_INSUFFICIENT,6,0,0,False,0,0,False,INHERITED_RAW_PRICE_BASIS,False,False
2025-08-04|72080,2025-08-04,72080,14:00,15:00,60,PARTIAL,2,3,,,SCALE_INSUFFICIENT,,True,,,,CURRENT_BAR_UNAVAILABLE,OBSERVATION_INSUFFICIENT,7,0,0,False,0,0,False,INHERITED_RAW_PRICE_BASIS,False,False
2025-08-04|72080,2025-08-04,72080,14:00,15:05,65,PARTIAL,2,3,,,SCALE_INSUFFICIENT,,True,,,,SCALE_UNAVAILABLE,OBSERVATION_INSUFFICIENT,5,0,0,False,0,0,False,INHERITED_RAW_PRICE_BASIS,False,False
2025-08-04|72080,2025-08-04,72080,14:00,15:10,70,PARTIAL,1,4,,,SCALE_INSUFFICIENT,,True,,,,CURRENT_BAR_UNAVAILABLE,OBSERVATION_INSUFFICIENT,3,0,0,False,0,0,False,INHERITED_RAW_PRICE_BASIS,False,False
2025-08-04|72080,2025-08-04,72080,14:00,15:15,75,PARTIAL,4,1,,,SCALE_INSUFFICIENT,,True,,,,SCALE_UNAVAILABLE,OBSERVATION_INSUFFICIENT,2,0,0,False,0,0,False,INHERITED_RAW_PRICE_BASIS,False,False
2025-08-04|72080,2025-08-04,72080,14:00,15:20,80,PARTIAL,3,2,,,SCALE_INSUFFICIENT,,True,,,,SCALE_UNAVAILABLE,RIGHT_CENSORED,0,0,0,False,0,0,False,INHERITED_RAW_PRICE_BASIS,False,False
2025-08-04|72080,2025-08-04,72080,14:00,15:25,85,COMPLETE,5,0,DOWN,-0.23501762632197415,SCALE_INSUFFICIENT,,True,,,,SCALE_UNAVAILABLE,RIGHT_CENSORED,0,0,0,False,0,0,False,INHERITED_RAW_PRICE_BASIS,False,False
2025-08-04|73570,2025-08-04,73570,15:00,15:00,0,PARTIAL,3,2,,,SCALE_INSUFFICIENT,,True,,,,SCALE_UNAVAILABLE,OBSERVATION_INSUFFICIENT,5,0,0,False,0,1,False,INHERITED_RAW_PRICE_BASIS,False,False
2025-08-04|73570,2025-08-04,73570,15:00,15:05,5,PARTIAL,2,3,,,SCALE_INSUFFICIENT,,True,,,,CURRENT_BAR_UNAVAILABLE,OBSERVATION_INSUFFICIENT,4,0,0,False,0,0,False,INHERITED_RAW_PRICE_BASIS,False,False
2025-08-04|73570,2025-08-04,73570,15:00,15:10,10,PARTIAL,3,2,,,SCALE_INSUFFICIENT,,True,,,,CURRENT_BAR_UNAVAILABLE,OBSERVATION_INSUFFICIENT,4,0,0,False,0,0,False,INHERITED_RAW_PRICE_BASIS,False,False
2025-08-04|73570,2025-08-04,73570,15:00,15:15,15,PARTIAL,3,2,,,SCALE_INSUFFICIENT,,True,,,,SCALE_UNAVAILABLE,OBSERVATION_INSUFFICIENT,3,0,0,False,0,0,False,INHERITED_RAW_PRICE_BASIS,False,False
2025-08-04|73570,2025-08-04,73570,15:00,15:20,20,PARTIAL,3,2,,,SCALE_INSUFFICIENT,,True,,,,SCALE_UNAVAILABLE,RIGHT_CENSORED,1,0,0,False,0,0,False,INHERITED_RAW_PRICE_BASIS,False,False
2025-08-04|73570,2025-08-04,73570,15:00,15:25,25,PARTIAL,4,1,,,SCALE_INSUFFICIENT,,True,,,,SCALE_UNAVAILABLE,RIGHT_CENSORED,0,0,0,False,0,0,False,INHERITED_RAW_PRICE_BASIS,False,False
2025-08-04|75950,2025-08-04,75950,09:30,09:30,0,COMPLETE,5,0,DOWN,-1.21580547112462,SCALE_INSUFFICIENT,,True,,,RANGE_EXPANSION|VOLUME_EXPANSION|TRADING_VALUE_EXPANSION,SCALE_UNAVAILABLE,WINDOW_OBSERVED,0,0,0,False,1,1,False,INHERITED_RAW_PRICE_BASIS,False,False
2025-08-04|75950,2025-08-04,75950,09:30,09:35,5,COMPLETE,5,0,UP,0.10256410256410256,SCALE_INSUFFICIENT,,True,,,RANGE_COMPRESSION|VOLUME_COMPRESSION|TRADING_VALUE_COMPRESSION,SCALE_UNAVAILABLE,WINDOW_OBSERVED,0,0,0,False,1,3,False,INHERITED_RAW_PRICE_BASIS,True,False
2025-08-04|75950,2025-08-04,75950,09:30,09:40,10,COMPLETE,5,0,DOWN,-0.4094165813715456,SCALE_INSUFFICIENT,,True,,,,SCALE_UNAVAILABLE,OBSERVATION_INSUFFICIENT,3,0,0,False,0,1,False,INHERITED_RAW_PRICE_BASIS,True,False
2025-08-04|75950,2025-08-04,75950,09:30,09:45,15,COMPLETE,5,0,DOWN,-0.10245901639344263,SCALE_INSUFFICIENT,,True,,,RANGE_COMPRESSION|VOLUME_COMPRESSION|TRADING_VALUE_COMPRESSION,SCALE_UNAVAILABLE,OBSERVATION_INSUFFICIENT,4,0,0,False,0,0,False,INHERITED_RAW_PRICE_BASIS,True,False
2025-08-04|75950,2025-08-04,75950,09:30,09:50,20,PARTIAL,2,3,,,SCALE_INSUFFICIENT,,True,,,,SCALE_UNAVAILABLE,OBSERVATION_INSUFFICIENT,1,0,0,False,0,0,False,INHERITED_RAW_PRICE_BASIS,False,False
2025-08-04|75950,2025-08-04,75950,09:30,09:55,25,PARTIAL,4,1,,,SCALE_INSUFFICIENT,,True,,,,SCALE_UNAVAILABLE,OBSERVATION_INSUFFICIENT,1,0,0,False,1,1,False,INHERITED_RAW_PRICE_BASIS,False,False
2025-08-04|75950,2025-08-04,75950,09:30,10:00,30,COMPLETE,5,0,DOWN,-0.30991735537190085,SCALE_INSUFFICIENT,,True,,,,SCALE_UNAVAILABLE,OBSERVATION_INSUFFICIENT,1,0,0,False,1,2,False,INHERITED_RAW_PRICE_BASIS,False,False
2025-08-04|75950,2025-08-04,75950,09:30,10:05,35,PARTIAL,4,1,,,SCALE_INSUFFICIENT,,True,,,,SCALE_UNAVAILABLE,WINDOW_OBSERVED,0,0,0,False,0,2,False,INHERITED_RAW_PRICE_BASIS,False,False
2025-08-04|75950,2025-08-04,75950,09:30,10:10,40,COMPLETE,5,0,DOWN,-1.0362694300518134,SCALE_INSUFFICIENT,,True,,,,SCALE_UNAVAILABLE,WINDOW_OBSERVED,0,0,0,False,1,1,False,INHERITED_RAW_PRICE_BASIS,False,False
2025-08-04|75950,2025-08-04,75950,09:30,10:15,45,COMPLETE,5,0,UP,0.5235602094240838,SCALE_INSUFFICIENT,,True,,,RANGE_COMPRESSION|VOLUME_COMPRESSION|TRADING_VALUE_COMPRESSION,SCALE_UNAVAILABLE,OBSERVATION_INSUFFICIENT,1,0,0,False,0,0,False,INHERITED_RAW_PRICE_BASIS,True,False
2025-08-04|75950,2025-08-04,75950,09:30,10:20,50,COMPLETE,5,0,UNCHANGED,0.0,SCALE_INSUFFICIENT,,True,,,,SCALE_UNAVAILABLE,OBSERVATION_INSUFFICIENT,2,0,0,False,0,0,False,INHERITED_RAW_PRICE_BASIS,True,False
2025-08-04|75950,2025-08-04,75950,09:30,10:25,55,PARTIAL,4,1,,,SCALE_INSUFFICIENT,,True,,,,SCALE_UNAVAILABLE,OBSERVATION_INSUFFICIENT,1,0,0,False,0,0,False,INHERITED_RAW_PRICE_BASIS,False,False
2025-08-04|75950,2025-08-04,75950,09:30,10:30,60,PARTIAL,4,1,,,SCALE_INSUFFICIENT,,True,,,,SCALE_UNAVAILABLE,OBSERVATION_INSUFFICIENT,1,0,0,False,0,0,False,INHERITED_RAW_PRICE_BASIS,False,False
2025-08-04|75950,2025-08-04,75950,09:30,10:35,65,COMPLETE,5,0,UP,0.5202913631633714,SCALE_INSUFFICIENT,,True,,,,SCALE_UNAVAILABLE,OBSERVATION_INSUFFICIENT,1,0,0,False,0,0,False,INHERITED_RAW_PRICE_BASIS,False,False
2025-08-04|75950,2025-08-04,75950,09:30,10:40,70,PARTIAL,4,1,,,SCALE_INSUFFICIENT,,True,,,,CURRENT_BAR_UNAVAILABLE,WINDOW_OBSERVED,0,0,0,False,0,0,False,INHERITED_RAW_PRICE_BASIS,False,False
2025-08-04|75950,2025-08-04,75950,09:30,10:45,75,COMPLETE,5,0,DOWN,-0.10351966873706005,SCALE_INSUFFICIENT,,True,,,,SCALE_UNAVAILABLE,WINDOW_OBSERVED,0,0,0,False,0,0,False,INHERITED_RAW_PRICE_BASIS,False,False
2025-08-04|75950,2025-08-04,75950,09:30,10:50,80,COMPLETE,5,0,UNCHANGED,0.0,SCALE_INSUFFICIENT,,True,,,RANGE_EXPANSION|VOLUME_EXPANSION,SCALE_UNAVAILABLE,WINDOW_OBSERVED,0,0,0,False,0,0,False,INHERITED_RAW_PRICE_BASIS,True,False
2025-08-04|75950,2025-08-04,75950,09:30,10:55,85,COMPLETE,5,0,DOWN,-0.5197505197505198,SCALE_INSUFFICIENT,,True,,,RANGE_EXPANSION|VOLUME_EXPANSION|TRADING_VALUE_EXPANSION,SCALE_UNAVAILABLE,OBSERVATION_INSUFFICIENT,1,0,0,False,0,0,False,INHERITED_RAW_PRICE_BASIS,True,False
2025-08-04|75950,2025-08-04,75950,09:30,11:00,90,COMPLETE,5,0,DOWN,-0.20876826722338204,SCALE_INSUFFICIENT,,True,,,RANGE_COMPRESSION|VOLUME_COMPRESSION|TRADING_VALUE_COMPRESSION,SCALE_UNAVAILABLE,OBSERVATION_INSUFFICIENT,1,0,0,False,0,0,False,INHERITED_RAW_PRICE_BASIS,True,False
2025-08-04|75950,2025-08-04,75950,09:30,11:05,95,PARTIAL,4,1,,,SCALE_INSUFFICIENT,,True,,,,SCALE_UNAVAILABLE,WINDOW_OBSERVED,0,0,0,False,0,0,False,INHERITED_RAW_PRICE_BASIS,False,False
2025-08-04|75950,2025-08-04,75950,09:30,11:10,100,COMPLETE,5,0,UP,0.21052631578947367,SCALE_INSUFFICIENT,,True,,,,SCALE_UNAVAILABLE,OBSERVATION_INSUFFICIENT,1,0,0,False,0,1,False,INHERITED_RAW_PRICE_BASIS,False,False
2025-08-04|75950,2025-08-04,75950,09:30,11:15,105,COMPLETE,5,0,DOWN,-0.2098635886673662,SCALE_INSUFFICIENT,,True,,,VOLUME_COMPRESSION|TRADING_VALUE_COMPRESSION,SCALE_UNAVAILABLE,OBSERVATION_INSUFFICIENT,4,0,0,False,0,0,False,INHERITED_RAW_PRICE_BASIS,True,False
2025-08-04|75950,2025-08-04,75950,09:30,11:20,110,PARTIAL,4,1,,,SCALE_INSUFFICIENT,,True,,,,SCALE_UNAVAILABLE,OBSERVATION_INSUFFICIENT,4,0,0,False,0,0,False,INHERITED_RAW_PRICE_BASIS,False,False
2025-08-04|75950,2025-08-04,75950,09:30,11:25,115,PARTIAL,2,3,,,SCALE_INSUFFICIENT,,True,,,,CURRENT_BAR_UNAVAILABLE,OBSERVATION_INSUFFICIENT,1,0,0,False,0,0,False,INHERITED_RAW_PRICE_BASIS,False,False
2025-08-04|75950,2025-08-04,75950,09:30,11:30,120,PARTIAL,4,1,,,SCALE_INSUFFICIENT,,True,,,,SCALE_UNAVAILABLE,WINDOW_OBSERVED,0,0,0,False,0,0,False,INHERITED_RAW_PRICE_BASIS,False,False
2025-08-04|75950,2025-08-04,75950,09:30,12:35,125,COMPLETE,5,0,UNCHANGED,0.0,SCALE_INSUFFICIENT,,True,,,,SCALE_UNAVAILABLE,WINDOW_OBSERVED,0,0,0,False,0,0,False,INHERITED_RAW_PRICE_BASIS,False,False
2025-08-04|75950,2025-08-04,75950,09:30,12:40,130,COMPLETE,5,0,UP,0.1049317943336831,SCALE_INSUFFICIENT,,True,,,VOLUME_COMPRESSION|TRADING_VALUE_COMPRESSION,SCALE_UNAVAILABLE,WINDOW_OBSERVED,0,0,0,False,0,0,False,INHERITED_RAW_PRICE_BASIS,True,False
2025-08-04|75950,2025-08-04,75950,09:30,12:45,135,COMPLETE,5,0,UP,0.1049317943336831,SCALE_INSUFFICIENT,,True,,,RANGE_COMPRESSION,SCALE_UNAVAILABLE,OBSERVATION_INSUFFICIENT,1,0,0,False,0,0,False,INHERITED_RAW_PRICE_BASIS,True,False
2025-08-04|75950,2025-08-04,75950,09:30,12:50,140,COMPLETE,5,0,DOWN,-0.5241090146750524,SCALE_INSUFFICIENT,,True,,,RANGE_EXPANSION|VOLUME_EXPANSION|TRADING_VALUE_EXPANSION,SCALE_UNAVAILABLE,OBSERVATION_INSUFFICIENT,3,0,0,False,0,1,False,INHERITED_RAW_PRICE_BASIS,True,False
2025-08-04|75950,2025-08-04,75950,09:30,12:55,145,PARTIAL,4,1,,,SCALE_INSUFFICIENT,,True,,,,SCALE_UNAVAILABLE,OBSERVATION_INSUFFICIENT,2,0,0,False,2,0,False,INHERITED_RAW_PRICE_BASIS,False,False
2025-08-04|75950,2025-08-04,75950,09:30,13:00,150,PARTIAL,3,2,,,SCALE_INSUFFICIENT,,True,,,,SCALE_UNAVAILABLE,WINDOW_OBSERVED,0,0,0,False,0,0,False,INHERITED_RAW_PRICE_BASIS,False,False
2025-08-04|75950,2025-08-04,75950,09:30,13:05,155,COMPLETE,5,0,DOWN,-0.4206098843322818,SCALE_INSUFFICIENT,,True,,,,SCALE_UNAVAILABLE,WINDOW_OBSERVED,0,0,0,False,1,0,False,INHERITED_RAW_PRICE_BASIS,False,False
2025-08-04|75950,2025-08-04,75950,09:30,13:10,160,COMPLETE,5,0,UP,0.10570824524312897,SCALE_INSUFFICIENT,,True,,,RANGE_COMPRESSION|VOLUME_COMPRESSION|TRADING_VALUE_COMPRESSION,SCALE_UNAVAILABLE,OBSERVATION_INSUFFICIENT,2,0,0,False,0,0,False,INHERITED_RAW_PRICE_BASIS,True,False
2025-08-04|75950,2025-08-04,75950,09:30,13:15,165,COMPLETE,5,0,UNCHANGED,0.0,SCALE_INSUFFICIENT,,True,,,RANGE_COMPRESSION,SCALE_UNAVAILABLE,OBSERVATION_INSUFFICIENT,2,0,0,False,0,0,False,INHERITED_RAW_PRICE_BASIS,True,False
2025-08-04|75950,2025-08-04,75950,09:30,13:20,170,PARTIAL,3,2,,,SCALE_INSUFFICIENT,,True,,,,CURRENT_BAR_UNAVAILABLE,WINDOW_OBSERVED,0,0,0,False,0,0,False,INHERITED_RAW_PRICE_BASIS,False,False
2025-08-04|75950,2025-08-04,75950,09:30,13:25,175,COMPLETE,5,0,UP,0.10570824524312897,SCALE_INSUFFICIENT,,True,,,,SCALE_UNAVAILABLE,OBSERVATION_INSUFFICIENT,1,0,0,False,0,0,False,INHERITED_RAW_PRICE_BASIS,False,False
2025-08-04|75950,2025-08-04,75950,09:30,13:30,180,COMPLETE,5,0,UNCHANGED,0.0,SCALE_INSUFFICIENT,,True,,,,SCALE_UNAVAILABLE,OBSERVATION_INSUFFICIENT,4,0,0,False,0,0,False,INHERITED_RAW_PRICE_BASIS,True,False
2025-08-04|75950,2025-08-04,75950,09:30,13:35,185,PARTIAL,4,1,,,SCALE_INSUFFICIENT,,True,,,,CURRENT_BAR_UNAVAILABLE,OBSERVATION_INSUFFICIENT,4,0,0,False,0,1,False,INHERITED_RAW_PRICE_BASIS,False,False
2025-08-04|75950,2025-08-04,75950,09:30,13:40,190,PARTIAL,2,3,,,SCALE_INSUFFICIENT,,True,,,,CURRENT_BAR_UNAVAILABLE,OBSERVATION_INSUFFICIENT,1,0,0,False,0,0,False,INHERITED_RAW_PRICE_BASIS,False,False
2025-08-04|75950,2025-08-04,75950,09:30,13:45,195,PARTIAL,4,1,,,SCALE_INSUFFICIENT,,True,,,,SCALE_UNAVAILABLE,OBSERVATION_INSUFFICIENT,3,0,0,False,0,0,False,INHERITED_RAW_PRICE_BASIS,False,False
2025-08-04|75950,2025-08-04,75950,09:30,13:50,200,COMPLETE,5,0,UP,0.4219409282700422,SCALE_INSUFFICIENT,,True,,,,SCALE_UNAVAILABLE,OBSERVATION_INSUFFICIENT,3,0,0,False,0,0,False,INHERITED_RAW_PRICE_BASIS,False,False
2025-08-04|75950,2025-08-04,75950,09:30,13:55,205,PARTIAL,2,3,,,SCALE_INSUFFICIENT,,True,,,,SCALE_UNAVAILABLE,WINDOW_OBSERVED,0,0,0,False,0,0,False,INHERITED_RAW_PRICE_BASIS,False,False
2025-08-04|75950,2025-08-04,75950,09:30,14:00,210,COMPLETE,5,0,UP,0.1049317943336831,SCALE_INSUFFICIENT,,True,,,,SCALE_UNAVAILABLE,OBSERVATION_INSUFFICIENT,1,0,0,False,0,0,False,INHERITED_RAW_PRICE_BASIS,False,False
2025-08-04|75950,2025-08-04,75950,09:30,14:05,215,COMPLETE,5,0,UP,0.6289308176100629,SCALE_INSUFFICIENT,,True,,,RANGE_EXPANSION,SCALE_UNAVAILABLE,OBSERVATION_INSUFFICIENT,1,0,0,False,0,0,False,INHERITED_RAW_PRICE_BASIS,True,False
2025-08-04|75950,2025-08-04,75950,09:30,14:10,220,PARTIAL,4,1,,,SCALE_INSUFFICIENT,,True,,,,SCALE_UNAVAILABLE,WINDOW_OBSERVED,0,0,0,False,0,0,False,INHERITED_RAW_PRICE_BASIS,False,False
2025-08-04|75950,2025-08-04,75950,09:30,14:15,225,COMPLETE,5,0,UP,0.1040582726326743,SCALE_INSUFFICIENT,,True,,,,SCALE_UNAVAILABLE,WINDOW_OBSERVED,0,0,0,False,0,0,False,INHERITED_RAW_PRICE_BASIS,False,False
2025-08-04|75950,2025-08-04,75950,09:30,14:20,230,COMPLETE,5,0,UP,0.72840790842872,SCALE_INSUFFICIENT,,True,,,RANGE_EXPANSION,SCALE_UNAVAILABLE,WINDOW_OBSERVED,0,0,0,False,0,0,False,INHERITED_RAW_PRICE_BASIS,True,False
2025-08-04|75950,2025-08-04,75950,09:30,14:25,235,COMPLETE,5,0,UP,0.2066115702479339,SCALE_INSUFFICIENT,,True,,,RANGE_COMPRESSION,SCALE_UNAVAILABLE,WINDOW_OBSERVED,0,0,0,False,0,0,False,INHERITED_RAW_PRICE_BASIS,True,False
2025-08-04|75950,2025-08-04,75950,09:30,14:30,240,COMPLETE,5,0,UP,0.9297520661157025,SCALE_INSUFFICIENT,,True,,,RANGE_EXPANSION|VOLUME_EXPANSION|TRADING_VALUE_EXPANSION,SCALE_UNAVAILABLE,OBSERVATION_INSUFFICIENT,1,0,0,False,0,0,False,INHERITED_RAW_PRICE_BASIS,True,False
2025-08-04|75950,2025-08-04,75950,09:30,14:35,245,COMPLETE,5,0,DOWN,-0.4098360655737705,SCALE_INSUFFICIENT,,True,,,,SCALE_UNAVAILABLE,OBSERVATION_INSUFFICIENT,1,0,0,False,0,0,False,INHERITED_RAW_PRICE_BASIS,True,False
2025-08-04|75950,2025-08-04,75950,09:30,14:40,250,PARTIAL,4,1,,,SCALE_INSUFFICIENT,,True,,,,SCALE_UNAVAILABLE,OBSERVATION_INSUFFICIENT,1,0,0,False,0,0,False,INHERITED_RAW_PRICE_BASIS,False,False
2025-08-04|75950,2025-08-04,75950,09:30,14:45,255,COMPLETE,5,0,DOWN,-0.3080082135523614,SCALE_INSUFFICIENT,,True,,,,SCALE_UNAVAILABLE,OBSERVATION_INSUFFICIENT,2,0,0,False,0,0,False,INHERITED_RAW_PRICE_BASIS,False,False
2025-08-04|75950,2025-08-04,75950,09:30,14:50,260,PARTIAL,4,1,,,SCALE_INSUFFICIENT,,True,,,,CURRENT_BAR_UNAVAILABLE,OBSERVATION_INSUFFICIENT,1,0,0,False,0,0,False,INHERITED_RAW_PRICE_BASIS,False,False
2025-08-04|75950,2025-08-04,75950,09:30,14:55,265,PARTIAL,4,1,,,SCALE_INSUFFICIENT,,True,,,,SCALE_UNAVAILABLE,WINDOW_OBSERVED,0,0,0,False,0,0,False,INHERITED_RAW_PRICE_BASIS,False,False
2025-08-04|75950,2025-08-04,75950,09:30,15:00,270,COMPLETE,5,0,UP,0.20554984583761562,SCALE_INSUFFICIENT,,True,,,,SCALE_UNAVAILABLE,OBSERVATION_INSUFFICIENT,1,0,0,False,0,0,False,INHERITED_RAW_PRICE_BASIS,False,False
2025-08-04|75950,2025-08-04,75950,09:30,15:05,275,COMPLETE,5,0,DOWN,-0.5128205128205128,SCALE_INSUFFICIENT,,True,,,RANGE_EXPANSION,SCALE_UNAVAILABLE,OBSERVATION_INSUFFICIENT,2,0,0,False,0,0,False,INHERITED_RAW_PRICE_BASIS,True,False
2025-08-04|75950,2025-08-04,75950,09:30,15:10,280,PARTIAL,4,1,,,SCALE_INSUFFICIENT,,True,,,,SCALE_UNAVAILABLE,OBSERVATION_INSUFFICIENT,1,0,0,False,0,0,False,INHERITED_RAW_PRICE_BASIS,False,False
2025-08-04|75950,2025-08-04,75950,09:30,15:15,285,PARTIAL,4,1,,,SCALE_INSUFFICIENT,,True,,,,SCALE_UNAVAILABLE,WINDOW_OBSERVED,0,0,0,False,0,0,False,INHERITED_RAW_PRICE_BASIS,False,False
2025-08-04|75950,2025-08-04,75950,09:30,15:20,290,COMPLETE,5,0,UP,0.6185567010309279,SCALE_INSUFFICIENT,,True,,,,SCALE_UNAVAILABLE,RIGHT_CENSORED,0,0,0,False,0,0,False,INHERITED_RAW_PRICE_BASIS,False,False
2025-08-04|75950,2025-08-04,75950,09:30,15:25,295,COMPLETE,5,0,UP,0.5133470225872689,SCALE_INSUFFICIENT,,True,,,RANGE_COMPRESSION|VOLUME_COMPRESSION|TRADING_VALUE_COMPRESSION,SCALE_UNAVAILABLE,RIGHT_CENSORED,0,0,0,False,0,0,False,INHERITED_RAW_PRICE_BASIS,True,False
2025-08-04|79010,2025-08-04,79010,10:30,10:30,0,COMPLETE,5,0,DOWN,-2.2326674500587544,AVAILABLE,83.0,True,,,VOLUME_COMPRESSION|TRADING_VALUE_COMPRESSION,UNRESOLVED_STRUCTURE,OBSERVATION_INSUFFICIENT,4,0,3,False,1,1,False,INHERITED_RAW_PRICE_BASIS,False,False
2025-08-04|79010,2025-08-04,79010,10:30,10:35,5,PARTIAL,3,2,,,AVAILABLE,83.0,True,,,,UNRESOLVED_STRUCTURE,OBSERVATION_INSUFFICIENT,3,0,0,False,1,1,False,INHERITED_RAW_PRICE_BASIS,False,False
2025-08-04|79010,2025-08-04,79010,10:30,10:40,10,PARTIAL,3,2,,,AVAILABLE,83.0,True,,,,CURRENT_BAR_UNAVAILABLE,OBSERVATION_INSUFFICIENT,4,0,0,False,0,0,False,INHERITED_RAW_PRICE_BASIS,False,False
2025-08-04|79010,2025-08-04,79010,10:30,10:45,15,PARTIAL,4,1,,,AVAILABLE,83.0,True,,,,CURRENT_BAR_UNAVAILABLE,OBSERVATION_INSUFFICIENT,3,0,0,False,0,0,False,INHERITED_RAW_PRICE_BASIS,False,False
2025-08-04|79010,2025-08-04,79010,10:30,10:50,20,PARTIAL,2,3,,,AVAILABLE,83.0,True,,,,UNRESOLVED_STRUCTURE,OBSERVATION_INSUFFICIENT,2,0,0,False,0,0,False,INHERITED_RAW_PRICE_BASIS,False,False
2025-08-04|79010,2025-08-04,79010,10:30,10:55,25,COMPLETE,5,0,DOWN,-0.9970674486803519,AVAILABLE,83.0,True,,,,UNRESOLVED_STRUCTURE,OBSERVATION_INSUFFICIENT,3,0,0,False,0,0,False,INHERITED_RAW_PRICE_BASIS,False,False
2025-08-04|79010,2025-08-04,79010,10:30,11:00,30,PARTIAL,3,2,,,AVAILABLE,83.0,True,,,,UNRESOLVED_STRUCTURE,OBSERVATION_INSUFFICIENT,5,0,0,False,0,0,False,INHERITED_RAW_PRICE_BASIS,False,False
2025-08-04|79010,2025-08-04,79010,10:30,11:05,35,PARTIAL,4,1,,,AVAILABLE,83.0,True,,,,UNRESOLVED_STRUCTURE,OBSERVATION_INSUFFICIENT,5,0,0,False,0,0,False,INHERITED_RAW_PRICE_BASIS,False,False
2025-08-04|79010,2025-08-04,79010,10:30,11:10,40,PARTIAL,1,4,,,AVAILABLE,83.0,True,,,,UNRESOLVED_STRUCTURE,OBSERVATION_INSUFFICIENT,1,0,0,False,0,0,False,INHERITED_RAW_PRICE_BASIS,False,False
2025-08-04|79010,2025-08-04,79010,10:30,11:15,45,PARTIAL,4,1,,,AVAILABLE,83.0,True,,,,UNRESOLVED_STRUCTURE,OBSERVATION_INSUFFICIENT,3,0,0,False,0,0,False,INHERITED_RAW_PRICE_BASIS,False,False
2025-08-04|79010,2025-08-04,79010,10:30,11:20,50,COMPLETE,5,0,UP,0.17974835230677053,AVAILABLE,83.0,True,,,,UNRESOLVED_STRUCTURE,OBSERVATION_INSUFFICIENT,6,0,0,False,0,0,False,INHERITED_RAW_PRICE_BASIS,False,False
2025-08-04|79010,2025-08-04,79010,10:30,11:25,55,PARTIAL,2,3,,,AVAILABLE,83.0,True,,,,UNRESOLVED_STRUCTURE,OBSERVATION_INSUFFICIENT,3,0,0,False,0,0,False,INHERITED_RAW_PRICE_BASIS,False,False
2025-08-04|79010,2025-08-04,79010,10:30,11:30,60,PARTIAL,2,3,,,AVAILABLE,83.0,True,,,,CURRENT_BAR_UNAVAILABLE,OBSERVATION_INSUFFICIENT,2,0,0,False,0,0,False,INHERITED_RAW_PRICE_BASIS,False,False
2025-08-04|79010,2025-08-04,79010,10:30,12:35,65,COMPLETE,5,0,DOWN,-0.1201923076923077,AVAILABLE,83.0,True,,,,UNRESOLVED_STRUCTURE,OBSERVATION_INSUFFICIENT,2,0,0,False,0,0,False,INHERITED_RAW_PRICE_BASIS,False,False
2025-08-04|79010,2025-08-04,79010,10:30,12:40,70,PARTIAL,3,2,,,AVAILABLE,83.0,True,,,,UNRESOLVED_STRUCTURE,OBSERVATION_INSUFFICIENT,1,0,0,False,0,0,False,INHERITED_RAW_PRICE_BASIS,False,False
2025-08-04|79010,2025-08-04,79010,10:30,12:45,75,COMPLETE,5,0,UP,0.9146341463414634,AVAILABLE,83.0,True,,,,UNRESOLVED_STRUCTURE,OBSERVATION_INSUFFICIENT,1,0,0,False,0,0,False,INHERITED_RAW_PRICE_BASIS,False,False
2025-08-04|79010,2025-08-04,79010,10:30,12:50,80,PARTIAL,4,1,,,AVAILABLE,83.0,True,,,,CURRENT_BAR_UNAVAILABLE,WINDOW_OBSERVED,0,0,0,False,0,0,False,INHERITED_RAW_PRICE_BASIS,False,False
2025-08-04|79010,2025-08-04,79010,10:30,12:55,85,COMPLETE,5,0,UP,1.8463371054198927,AVAILABLE,83.0,True,,,,UNRESOLVED_STRUCTURE,OBSERVATION_INSUFFICIENT,1,0,0,False,0,0,False,INHERITED_RAW_PRICE_BASIS,False,False
2025-08-04|79010,2025-08-04,79010,10:30,13:00,90,COMPLETE,5,0,DOWN,-0.8191925102399064,AVAILABLE,83.0,True,,,RANGE_COMPRESSION|VOLUME_COMPRESSION|TRADING_VALUE_COMPRESSION,UNRESOLVED_STRUCTURE,OBSERVATION_INSUFFICIENT,4,0,0,False,0,0,False,INHERITED_RAW_PRICE_BASIS,True,False
2025-08-04|79010,2025-08-04,79010,10:30,13:05,95,PARTIAL,4,1,,,AVAILABLE,83.0,True,,,,UNRESOLVED_STRUCTURE,OBSERVATION_INSUFFICIENT,3,0,0,False,0,0,False,INHERITED_RAW_PRICE_BASIS,False,False
2025-08-04|79010,2025-08-04,79010,10:30,13:10,100,PARTIAL,2,3,,,AVAILABLE,83.0,True,,,,CURRENT_BAR_UNAVAILABLE,OBSERVATION_INSUFFICIENT,3,0,0,False,0,0,False,INHERITED_RAW_PRICE_BASIS,False,False
2025-08-04|79010,2025-08-04,79010,10:30,13:15,105,COMPLETE,5,0,DOWN,-0.40816326530612246,AVAILABLE,83.0,True,,,,UNRESOLVED_STRUCTURE,OBSERVATION_INSUFFICIENT,7,0,0,False,0,0,False,INHERITED_RAW_PRICE_BASIS,False,False
2025-08-04|79010,2025-08-04,79010,10:30,13:20,110,PARTIAL,2,3,,,AVAILABLE,83.0,True,,,,UNRESOLVED_STRUCTURE,OBSERVATION_INSUFFICIENT,7,0,0,False,0,0,False,INHERITED_RAW_PRICE_BASIS,False,False
2025-08-04|79010,2025-08-04,79010,10:30,13:25,115,PARTIAL,1,4,,,AVAILABLE,83.0,True,,,,CURRENT_BAR_UNAVAILABLE,OBSERVATION_INSUFFICIENT,4,0,0,False,0,0,False,INHERITED_RAW_PRICE_BASIS,False,False
2025-08-04|79010,2025-08-04,79010,10:30,13:30,120,PARTIAL,2,3,,,AVAILABLE,83.0,True,,,,CURRENT_BAR_UNAVAILABLE,OBSERVATION_INSUFFICIENT,5,0,0,False,0,0,False,INHERITED_RAW_PRICE_BASIS,False,False
2025-08-04|79010,2025-08-04,79010,10:30,13:35,125,PARTIAL,4,1,,,AVAILABLE,83.0,True,,,,CURRENT_BAR_UNAVAILABLE,OBSERVATION_INSUFFICIENT,7,0,0,False,0,0,False,INHERITED_RAW_PRICE_BASIS,False,False
2025-08-04|79010,2025-08-04,79010,10:30,13:40,130,PARTIAL,1,4,,,AVAILABLE,83.0,True,,,,UNRESOLVED_STRUCTURE,OBSERVATION_INSUFFICIENT,6,0,0,False,0,0,False,INHERITED_RAW_PRICE_BASIS,False,False
2025-08-04|79010,2025-08-04,79010,10:30,13:45,135,PARTIAL,2,3,,,AVAILABLE,83.0,True,,,,CURRENT_BAR_UNAVAILABLE,OBSERVATION_INSUFFICIENT,5,0,0,False,0,0,False,INHERITED_RAW_PRICE_BASIS,False,False
2025-08-04|79010,2025-08-04,79010,10:30,13:50,140,PARTIAL,2,3,,,AVAILABLE,83.0,True,,,,UNRESOLVED_STRUCTURE,OBSERVATION_INSUFFICIENT,2,0,0,False,0,0,False,INHERITED_RAW_PRICE_BASIS,False,False
2025-08-04|79010,2025-08-04,79010,10:30,13:55,145,PARTIAL,3,2,,,AVAILABLE,83.0,True,,,,UNRESOLVED_STRUCTURE,OBSERVATION_INSUFFICIENT,2,1,1,False,0,0,False,INHERITED_RAW_PRICE_BASIS,False,False
2025-08-04|79010,2025-08-04,79010,10:30,14:00,150,COMPLETE,5,0,DOWN,-3.3714629741119806,AVAILABLE,83.0,True,,,CHOPPINESS,UNRESOLVED_STRUCTURE,OBSERVATION_INSUFFICIENT,3,0,1,False,0,0,False,INHERITED_RAW_PRICE_BASIS,False,False
2025-08-04|79010,2025-08-04,79010,10:30,14:05,155,PARTIAL,3,2,,,AVAILABLE,83.0,True,,,,UNRESOLVED_STRUCTURE,OBSERVATION_INSUFFICIENT,3,0,0,False,0,0,False,INHERITED_RAW_PRICE_BASIS,False,False
2025-08-04|79010,2025-08-04,79010,10:30,14:10,160,PARTIAL,4,1,,,AVAILABLE,83.0,True,,,,CURRENT_BAR_UNAVAILABLE,OBSERVATION_INSUFFICIENT,5,0,0,False,0,0,False,INHERITED_RAW_PRICE_BASIS,False,False
2025-08-04|79010,2025-08-04,79010,10:30,14:15,165,PARTIAL,3,2,,,AVAILABLE,83.0,True,,,,UNRESOLVED_STRUCTURE,OBSERVATION_INSUFFICIENT,6,0,0,False,0,0,False,INHERITED_RAW_PRICE_BASIS,False,False
2025-08-04|79010,2025-08-04,79010,10:30,14:20,170,PARTIAL,2,3,,,AVAILABLE,83.0,True,,,,CURRENT_BAR_UNAVAILABLE,OBSERVATION_INSUFFICIENT,4,0,0,False,0,0,False,INHERITED_RAW_PRICE_BASIS,False,False
2025-08-04|79010,2025-08-04,79010,10:30,14:25,175,PARTIAL,2,3,,,AVAILABLE,83.0,True,,,,UNRESOLVED_STRUCTURE,OBSERVATION_INSUFFICIENT,3,0,0,False,0,0,False,INHERITED_RAW_PRICE_BASIS,False,False
2025-08-04|79010,2025-08-04,79010,10:30,14:30,180,PARTIAL,4,1,,,AVAILABLE,83.0,True,,,,CURRENT_BAR_UNAVAILABLE,OBSERVATION_INSUFFICIENT,6,0,0,False,0,0,False,INHERITED_RAW_PRICE_BASIS,False,False
2025-08-04|79010,2025-08-04,79010,10:30,14:35,185,PARTIAL,3,2,,,AVAILABLE,83.0,True,,,,UNRESOLVED_STRUCTURE,OBSERVATION_INSUFFICIENT,4,0,0,False,0,0,False,INHERITED_RAW_PRICE_BASIS,False,False
2025-08-04|79010,2025-08-04,79010,10:30,14:40,190,PARTIAL,1,4,,,AVAILABLE,83.0,True,,,,CURRENT_BAR_UNAVAILABLE,OBSERVATION_INSUFFICIENT,3,0,0,False,0,0,False,INHERITED_RAW_PRICE_BASIS,False,False
2025-08-04|79010,2025-08-04,79010,10:30,14:45,195,COMPLETE,5,0,UP,0.6719609040928528,AVAILABLE,83.0,True,,,,UNRESOLVED_STRUCTURE,OBSERVATION_INSUFFICIENT,5,0,0,False,0,0,False,INHERITED_RAW_PRICE_BASIS,False,False
2025-08-04|79010,2025-08-04,79010,10:30,14:50,200,PARTIAL,2,3,,,AVAILABLE,83.0,True,,,,CURRENT_BAR_UNAVAILABLE,OBSERVATION_INSUFFICIENT,2,0,0,False,0,0,False,INHERITED_RAW_PRICE_BASIS,False,False
2025-08-04|79010,2025-08-04,79010,10:30,14:55,205,PARTIAL,3,2,,,AVAILABLE,83.0,True,,,,UNRESOLVED_STRUCTURE,WINDOW_OBSERVED,0,0,0,False,0,0,False,INHERITED_RAW_PRICE_BASIS,False,False
2025-08-04|79010,2025-08-04,79010,10:30,15:00,210,COMPLETE,5,0,UP,3.834449178332319,AVAILABLE,83.0,True,,,,UNRESOLVED_STRUCTURE,WINDOW_OBSERVED,0,0,0,False,0,0,False,INHERITED_RAW_PRICE_BASIS,False,False
2025-08-04|79010,2025-08-04,79010,10:30,15:05,215,COMPLETE,5,0,DOWN,-1.466275659824047,AVAILABLE,83.0,True,,,RANGE_COMPRESSION|VOLUME_COMPRESSION|TRADING_VALUE_COMPRESSION,UNRESOLVED_STRUCTURE,WINDOW_OBSERVED,0,1,1,False,0,0,False,INHERITED_RAW_PRICE_BASIS,True,False
2025-08-04|79010,2025-08-04,79010,10:30,15:10,220,COMPLETE,5,0,UP,0.11904761904761904,AVAILABLE,83.0,True,,,RANGE_COMPRESSION|VOLUME_COMPRESSION|TRADING_VALUE_COMPRESSION,UNRESOLVED_STRUCTURE,WINDOW_OBSERVED,0,1,1,False,0,0,False,INHERITED_RAW_PRICE_BASIS,True,False
2025-08-04|79010,2025-08-04,79010,10:30,15:15,225,COMPLETE,5,0,DOWN,-4.629080118694362,AVAILABLE,83.0,True,,,RANGE_EXPANSION|VOLUME_EXPANSION|TRADING_VALUE_EXPANSION,UNRESOLVED_STRUCTURE,WINDOW_OBSERVED,0,0,1,False,0,0,False,INHERITED_RAW_PRICE_BASIS,True,False
2025-08-04|79010,2025-08-04,79010,10:30,15:20,230,COMPLETE,5,0,UP,2.919254658385093,AVAILABLE,83.0,True,,,RANGE_COMPRESSION|VOLUME_COMPRESSION|TRADING_VALUE_COMPRESSION,UNRESOLVED_STRUCTURE,RIGHT_CENSORED,0,0,1,False,0,0,False,INHERITED_RAW_PRICE_BASIS,True,False
2025-08-04|79010,2025-08-04,79010,10:30,15:25,235,COMPLETE,5,0,DOWN,-0.6666666666666666,AVAILABLE,83.0,True,,,,UNRESOLVED_STRUCTURE,RIGHT_CENSORED,0,0,1,False,0,0,False,INHERITED_RAW_PRICE_BASIS,True,False
2025-08-04|79460,2025-08-04,79460,11:30,11:30,0,PARTIAL,4,1,,,SCALE_INSUFFICIENT,,True,,,,SCALE_UNAVAILABLE,OBSERVATION_INSUFFICIENT,2,0,0,False,0,0,False,INHERITED_RAW_PRICE_BASIS,False,False
2025-08-04|79460,2025-08-04,79460,11:30,12:35,5,PARTIAL,4,1,,,SCALE_INSUFFICIENT,,True,,,,SCALE_UNAVAILABLE,OBSERVATION_INSUFFICIENT,4,0,0,False,0,0,False,INHERITED_RAW_PRICE_BASIS,False,False
2025-08-04|79460,2025-08-04,79460,11:30,12:40,10,PARTIAL,4,1,,,SCALE_INSUFFICIENT,,True,,,,SCALE_UNAVAILABLE,OBSERVATION_INSUFFICIENT,4,0,0,False,0,0,False,INHERITED_RAW_PRICE_BASIS,False,False
2025-08-04|79460,2025-08-04,79460,11:30,12:45,15,PARTIAL,2,3,,,SCALE_INSUFFICIENT,,True,,,,CURRENT_BAR_UNAVAILABLE,OBSERVATION_INSUFFICIENT,4,0,0,False,0,0,False,INHERITED_RAW_PRICE_BASIS,False,False
2025-08-04|79460,2025-08-04,79460,11:30,12:50,20,PARTIAL,4,1,,,SCALE_INSUFFICIENT,,True,,,,SCALE_UNAVAILABLE,OBSERVATION_INSUFFICIENT,8,0,0,False,1,0,False,INHERITED_RAW_PRICE_BASIS,False,False
2025-08-04|79460,2025-08-04,79460,11:30,12:55,25,PARTIAL,2,3,,,SCALE_INSUFFICIENT,,True,,,,CURRENT_BAR_UNAVAILABLE,OBSERVATION_INSUFFICIENT,10,0,0,False,0,0,False,INHERITED_RAW_PRICE_BASIS,False,False
2025-08-04|79460,2025-08-04,79460,11:30,13:00,30,UNAVAILABLE,0,5,,,SCALE_INSUFFICIENT,,True,,,,CURRENT_BAR_UNAVAILABLE,OBSERVATION_INSUFFICIENT,10,0,0,False,0,0,False,INHERITED_RAW_PRICE_BASIS,False,False
2025-08-04|79460,2025-08-04,79460,11:30,13:05,35,UNAVAILABLE,0,5,,,SCALE_INSUFFICIENT,,True,,,,CURRENT_BAR_UNAVAILABLE,OBSERVATION_INSUFFICIENT,7,0,0,False,0,0,False,INHERITED_RAW_PRICE_BASIS,False,False
2025-08-04|79460,2025-08-04,79460,11:30,13:10,40,UNAVAILABLE,0,5,,,SCALE_INSUFFICIENT,,True,,,,CURRENT_BAR_UNAVAILABLE,OBSERVATION_INSUFFICIENT,6,0,0,False,0,0,False,INHERITED_RAW_PRICE_BASIS,False,False
2025-08-04|79460,2025-08-04,79460,11:30,13:15,45,PARTIAL,3,2,,,SCALE_INSUFFICIENT,,True,,,,SCALE_UNAVAILABLE,OBSERVATION_INSUFFICIENT,8,0,0,False,1,0,False,INHERITED_RAW_PRICE_BASIS,False,False
2025-08-04|79460,2025-08-04,79460,11:30,13:20,50,PARTIAL,1,4,,,SCALE_INSUFFICIENT,,True,,,,CURRENT_BAR_UNAVAILABLE,OBSERVATION_INSUFFICIENT,8,0,0,False,0,0,False,INHERITED_RAW_PRICE_BASIS,False,False
2025-08-04|79460,2025-08-04,79460,11:30,13:25,55,PARTIAL,1,4,,,SCALE_INSUFFICIENT,,True,,,,CURRENT_BAR_UNAVAILABLE,OBSERVATION_INSUFFICIENT,9,0,0,False,0,0,False,INHERITED_RAW_PRICE_BASIS,False,False
2025-08-04|79460,2025-08-04,79460,11:30,13:30,60,PARTIAL,1,4,,,SCALE_INSUFFICIENT,,True,,,,CURRENT_BAR_UNAVAILABLE,OBSERVATION_INSUFFICIENT,9,0,0,False,0,0,False,INHERITED_RAW_PRICE_BASIS,False,False
2025-08-04|79460,2025-08-04,79460,11:30,13:35,65,UNAVAILABLE,0,5,,,SCALE_INSUFFICIENT,,True,,,,CURRENT_BAR_UNAVAILABLE,OBSERVATION_INSUFFICIENT,9,0,0,False,0,0,False,INHERITED_RAW_PRICE_BASIS,False,False
2025-08-04|79460,2025-08-04,79460,11:30,13:40,70,PARTIAL,1,4,,,SCALE_INSUFFICIENT,,True,,,,CURRENT_BAR_UNAVAILABLE,OBSERVATION_INSUFFICIENT,9,0,0,False,1,0,False,INHERITED_RAW_PRICE_BASIS,False,False
2025-08-04|79460,2025-08-04,79460,11:30,13:45,75,UNAVAILABLE,0,5,,,SCALE_INSUFFICIENT,,True,,,,CURRENT_BAR_UNAVAILABLE,OBSERVATION_INSUFFICIENT,9,0,0,False,0,0,False,INHERITED_RAW_PRICE_BASIS,False,False
2025-08-04|79460,2025-08-04,79460,11:30,13:50,80,PARTIAL,1,4,,,SCALE_INSUFFICIENT,,True,,,,CURRENT_BAR_UNAVAILABLE,OBSERVATION_INSUFFICIENT,9,0,0,False,0,0,False,INHERITED_RAW_PRICE_BASIS,False,False
2025-08-04|79460,2025-08-04,79460,11:30,13:55,85,UNAVAILABLE,0,5,,,SCALE_INSUFFICIENT,,True,,,,CURRENT_BAR_UNAVAILABLE,OBSERVATION_INSUFFICIENT,8,0,0,False,0,0,False,INHERITED_RAW_PRICE_BASIS,False,False
2025-08-04|79460,2025-08-04,79460,11:30,14:00,90,PARTIAL,1,4,,,SCALE_INSUFFICIENT,,True,,,,CURRENT_BAR_UNAVAILABLE,OBSERVATION_INSUFFICIENT,8,0,0,False,0,0,False,INHERITED_RAW_PRICE_BASIS,False,False
2025-08-04|79460,2025-08-04,79460,11:30,14:05,95,PARTIAL,1,4,,,SCALE_INSUFFICIENT,,True,,,,CURRENT_BAR_UNAVAILABLE,OBSERVATION_INSUFFICIENT,8,0,0,False,0,0,False,INHERITED_RAW_PRICE_BASIS,False,False
2025-08-04|79460,2025-08-04,79460,11:30,14:10,100,PARTIAL,1,4,,,SCALE_INSUFFICIENT,,True,,,,CURRENT_BAR_UNAVAILABLE,OBSERVATION_INSUFFICIENT,8,0,0,False,0,0,False,INHERITED_RAW_PRICE_BASIS,False,False
2025-08-04|79460,2025-08-04,79460,11:30,14:15,105,PARTIAL,1,4,,,SCALE_INSUFFICIENT,,True,,,,CURRENT_BAR_UNAVAILABLE,OBSERVATION_INSUFFICIENT,8,0,0,False,0,0,False,INHERITED_RAW_PRICE_BASIS,False,False
2025-08-04|79460,2025-08-04,79460,11:30,14:20,110,PARTIAL,1,4,,,SCALE_INSUFFICIENT,,True,,,,CURRENT_BAR_UNAVAILABLE,OBSERVATION_INSUFFICIENT,8,0,0,False,0,0,False,INHERITED_RAW_PRICE_BASIS,False,False
2025-08-04|79460,2025-08-04,79460,11:30,14:25,115,PARTIAL,1,4,,,SCALE_INSUFFICIENT,,True,,,,SCALE_UNAVAILABLE,OBSERVATION_INSUFFICIENT,7,0,0,False,0,0,False,INHERITED_RAW_PRICE_BASIS,False,False
2025-08-04|79460,2025-08-04,79460,11:30,14:30,120,PARTIAL,1,4,,,SCALE_INSUFFICIENT,,True,,,,CURRENT_BAR_UNAVAILABLE,OBSERVATION_INSUFFICIENT,6,0,0,False,0,0,False,INHERITED_RAW_PRICE_BASIS,False,False
2025-08-04|79460,2025-08-04,79460,11:30,14:35,125,PARTIAL,2,3,,,SCALE_INSUFFICIENT,,True,,,,SCALE_UNAVAILABLE,OBSERVATION_INSUFFICIENT,7,0,0,False,0,0,False,INHERITED_RAW_PRICE_BASIS,False,False
2025-08-04|79460,2025-08-04,79460,11:30,14:40,130,PARTIAL,2,3,,,SCALE_INSUFFICIENT,,True,,,,CURRENT_BAR_UNAVAILABLE,OBSERVATION_INSUFFICIENT,9,0,0,False,0,0,False,INHERITED_RAW_PRICE_BASIS,False,False
2025-08-04|79460,2025-08-04,79460,11:30,14:45,135,PARTIAL,1,4,,,SCALE_INSUFFICIENT,,True,,,,CURRENT_BAR_UNAVAILABLE,OBSERVATION_INSUFFICIENT,8,0,0,False,0,0,False,INHERITED_RAW_PRICE_BASIS,False,False
2025-08-04|79460,2025-08-04,79460,11:30,14:50,140,UNAVAILABLE,0,5,,,SCALE_INSUFFICIENT,,True,,,,CURRENT_BAR_UNAVAILABLE,OBSERVATION_INSUFFICIENT,8,0,0,False,0,0,False,INHERITED_RAW_PRICE_BASIS,False,False
2025-08-04|79460,2025-08-04,79460,11:30,14:55,145,PARTIAL,2,3,,,SCALE_INSUFFICIENT,,True,,,,CURRENT_BAR_UNAVAILABLE,OBSERVATION_INSUFFICIENT,10,0,0,False,0,0,False,INHERITED_RAW_PRICE_BASIS,False,False
2025-08-04|79460,2025-08-04,79460,11:30,15:00,150,UNAVAILABLE,0,5,,,SCALE_INSUFFICIENT,,True,,,,CURRENT_BAR_UNAVAILABLE,OBSERVATION_INSUFFICIENT,10,0,0,False,0,0,False,INHERITED_RAW_PRICE_BASIS,False,False
2025-08-04|79460,2025-08-04,79460,11:30,15:05,155,UNAVAILABLE,0,5,,,SCALE_INSUFFICIENT,,True,,,,CURRENT_BAR_UNAVAILABLE,OBSERVATION_INSUFFICIENT,9,0,0,False,0,0,False,INHERITED_RAW_PRICE_BASIS,False,False
2025-08-04|79460,2025-08-04,79460,11:30,15:10,160,UNAVAILABLE,0,5,,,SCALE_INSUFFICIENT,,True,,,,CURRENT_BAR_UNAVAILABLE,OBSERVATION_INSUFFICIENT,8,0,0,False,0,0,False,INHERITED_RAW_PRICE_BASIS,False,False
2025-08-04|79460,2025-08-04,79460,11:30,15:15,165,PARTIAL,1,4,,,SCALE_INSUFFICIENT,,True,,,,CURRENT_BAR_UNAVAILABLE,OBSERVATION_INSUFFICIENT,6,0,0,False,0,0,False,INHERITED_RAW_PRICE_BASIS,False,False
2025-08-04|79460,2025-08-04,79460,11:30,15:20,170,PARTIAL,1,4,,,SCALE_INSUFFICIENT,,True,,,,CURRENT_BAR_UNAVAILABLE,RIGHT_CENSORED,2,0,0,False,0,0,False,INHERITED_RAW_PRICE_BASIS,False,False
2025-08-04|79460,2025-08-04,79460,11:30,15:25,175,PARTIAL,3,2,,,SCALE_INSUFFICIENT,,True,,,,SCALE_UNAVAILABLE,RIGHT_CENSORED,0,0,0,False,0,0,False,INHERITED_RAW_PRICE_BASIS,False,False
2025-08-04|81630,2025-08-04,81630,14:30,14:30,0,PARTIAL,4,1,,,SCALE_INSUFFICIENT,,True,,,,SCALE_UNAVAILABLE,OBSERVATION_INSUFFICIENT,3,0,0,False,1,0,False,INHERITED_RAW_PRICE_BASIS,False,False
2025-08-04|81630,2025-08-04,81630,14:30,14:35,5,PARTIAL,4,1,,,SCALE_INSUFFICIENT,,True,,,,SCALE_UNAVAILABLE,OBSERVATION_INSUFFICIENT,2,0,0,False,0,0,False,INHERITED_RAW_PRICE_BASIS,False,False
2025-08-04|81630,2025-08-04,81630,14:30,14:40,10,PARTIAL,3,2,,,SCALE_INSUFFICIENT,,True,,,,SCALE_UNAVAILABLE,OBSERVATION_INSUFFICIENT,2,0,0,False,0,0,False,INHERITED_RAW_PRICE_BASIS,False,False
2025-08-04|81630,2025-08-04,81630,14:30,14:45,15,COMPLETE,5,0,UP,0.07861635220125786,SCALE_INSUFFICIENT,,True,,,,SCALE_UNAVAILABLE,OBSERVATION_INSUFFICIENT,4,0,0,False,0,0,False,INHERITED_RAW_PRICE_BASIS,False,False
2025-08-04|81630,2025-08-04,81630,14:30,14:50,20,PARTIAL,3,2,,,SCALE_INSUFFICIENT,,True,,,,CURRENT_BAR_UNAVAILABLE,OBSERVATION_INSUFFICIENT,4,0,0,False,0,0,False,INHERITED_RAW_PRICE_BASIS,False,False
2025-08-04|81630,2025-08-04,81630,14:30,14:55,25,PARTIAL,3,2,,,SCALE_INSUFFICIENT,,True,,,,CURRENT_BAR_UNAVAILABLE,OBSERVATION_INSUFFICIENT,4,0,0,False,0,0,False,INHERITED_RAW_PRICE_BASIS,False,False
2025-08-04|81630,2025-08-04,81630,14:30,15:00,30,PARTIAL,3,2,,,SCALE_INSUFFICIENT,,True,,,,CURRENT_BAR_UNAVAILABLE,OBSERVATION_INSUFFICIENT,4,0,0,False,0,0,False,INHERITED_RAW_PRICE_BASIS,False,False
2025-08-04|81630,2025-08-04,81630,14:30,15:05,35,PARTIAL,3,2,,,SCALE_INSUFFICIENT,,True,,,,SCALE_UNAVAILABLE,OBSERVATION_INSUFFICIENT,6,0,0,False,0,0,False,INHERITED_RAW_PRICE_BASIS,False,False
2025-08-04|81630,2025-08-04,81630,14:30,15:10,40,PARTIAL,3,2,,,SCALE_INSUFFICIENT,,True,,,,SCALE_UNAVAILABLE,OBSERVATION_INSUFFICIENT,7,0,0,False,0,0,False,INHERITED_RAW_PRICE_BASIS,False,False
2025-08-04|81630,2025-08-04,81630,14:30,15:15,45,PARTIAL,1,4,,,SCALE_INSUFFICIENT,,True,,,,SCALE_UNAVAILABLE,OBSERVATION_INSUFFICIENT,4,0,0,False,0,0,False,INHERITED_RAW_PRICE_BASIS,False,False
2025-08-04|81630,2025-08-04,81630,14:30,15:20,50,PARTIAL,2,3,,,SCALE_INSUFFICIENT,,True,,,,CURRENT_BAR_UNAVAILABLE,RIGHT_CENSORED,1,0,0,False,0,0,False,INHERITED_RAW_PRICE_BASIS,False,False
2025-08-04|81630,2025-08-04,81630,14:30,15:25,55,PARTIAL,4,1,,,SCALE_INSUFFICIENT,,True,,,,SCALE_UNAVAILABLE,RIGHT_CENSORED,0,0,0,False,0,0,False,INHERITED_RAW_PRICE_BASIS,False,False
2025-08-04|85420,2025-08-04,85420,14:30,14:30,0,PARTIAL,2,3,,,SCALE_INSUFFICIENT,,True,,,,SCALE_UNAVAILABLE,OBSERVATION_INSUFFICIENT,6,0,0,False,0,0,False,INHERITED_RAW_PRICE_BASIS,False,False
2025-08-04|85420,2025-08-04,85420,14:30,14:35,5,PARTIAL,3,2,,,SCALE_INSUFFICIENT,,True,,,,CURRENT_BAR_UNAVAILABLE,OBSERVATION_INSUFFICIENT,9,0,0,False,0,0,False,INHERITED_RAW_PRICE_BASIS,False,False
2025-08-04|85420,2025-08-04,85420,14:30,14:40,10,PARTIAL,1,4,,,SCALE_INSUFFICIENT,,True,,,,CURRENT_BAR_UNAVAILABLE,OBSERVATION_INSUFFICIENT,9,0,0,False,0,0,False,INHERITED_RAW_PRICE_BASIS,False,False
2025-08-04|85420,2025-08-04,85420,14:30,14:45,15,UNAVAILABLE,0,5,,,SCALE_INSUFFICIENT,,True,,,,CURRENT_BAR_UNAVAILABLE,OBSERVATION_INSUFFICIENT,6,0,0,False,0,0,False,INHERITED_RAW_PRICE_BASIS,False,False
2025-08-04|85420,2025-08-04,85420,14:30,14:50,20,PARTIAL,1,4,,,SCALE_INSUFFICIENT,,True,,,,CURRENT_BAR_UNAVAILABLE,OBSERVATION_INSUFFICIENT,6,0,0,False,0,0,False,INHERITED_RAW_PRICE_BASIS,False,False
2025-08-04|85420,2025-08-04,85420,14:30,14:55,25,PARTIAL,3,2,,,SCALE_INSUFFICIENT,,True,,,,CURRENT_BAR_UNAVAILABLE,OBSERVATION_INSUFFICIENT,8,0,0,False,0,0,False,INHERITED_RAW_PRICE_BASIS,False,False
2025-08-04|85420,2025-08-04,85420,14:30,15:00,30,PARTIAL,1,4,,,SCALE_INSUFFICIENT,,True,,,,CURRENT_BAR_UNAVAILABLE,OBSERVATION_INSUFFICIENT,9,0,0,False,0,0,False,INHERITED_RAW_PRICE_BASIS,False,False
2025-08-04|85420,2025-08-04,85420,14:30,15:05,35,PARTIAL,1,4,,,SCALE_INSUFFICIENT,,True,,,,CURRENT_BAR_UNAVAILABLE,OBSERVATION_INSUFFICIENT,8,0,0,False,0,0,False,INHERITED_RAW_PRICE_BASIS,False,False
2025-08-04|85420,2025-08-04,85420,14:30,15:10,40,UNAVAILABLE,0,5,,,SCALE_INSUFFICIENT,,True,,,,CURRENT_BAR_UNAVAILABLE,OBSERVATION_INSUFFICIENT,7,0,0,False,0,0,False,INHERITED_RAW_PRICE_BASIS,False,False
2025-08-04|85420,2025-08-04,85420,14:30,15:15,45,PARTIAL,2,3,,,SCALE_INSUFFICIENT,,True,,,,CURRENT_BAR_UNAVAILABLE,OBSERVATION_INSUFFICIENT,9,0,0,False,0,0,False,INHERITED_RAW_PRICE_BASIS,False,False
2025-08-04|85420,2025-08-04,85420,14:30,15:20,50,PARTIAL,1,4,,,SCALE_INSUFFICIENT,,True,,,,CURRENT_BAR_UNAVAILABLE,RIGHT_CENSORED,5,0,0,False,0,0,False,INHERITED_RAW_PRICE_BASIS,False,False
2025-08-04|85420,2025-08-04,85420,14:30,15:25,55,UNAVAILABLE,0,5,,,SCALE_INSUFFICIENT,,True,,,,CURRENT_BAR_UNAVAILABLE,RIGHT_CENSORED,0,0,0,False,0,0,False,INHERITED_RAW_PRICE_BASIS,False,False
2025-08-04|92410,2025-08-04,92410,14:30,14:30,0,PARTIAL,4,1,,,AVAILABLE,135.0,True,,,,UNRESOLVED_STRUCTURE,WINDOW_OBSERVED,0,0,0,False,2,2,False,INHERITED_RAW_PRICE_BASIS,False,False
2025-08-04|92410,2025-08-04,92410,14:30,14:35,5,COMPLETE,5,0,DOWN,-0.9669889963321107,AVAILABLE,135.0,True,,,,UNRESOLVED_STRUCTURE,WINDOW_OBSERVED,0,0,0,False,5,8,False,INHERITED_RAW_PRICE_BASIS,False,False
2025-08-04|92410,2025-08-04,92410,14:30,14:40,10,COMPLETE,5,0,UP,1.6920473773265652,AVAILABLE,135.0,True,,,VOLUME_COMPRESSION|TRADING_VALUE_COMPRESSION,UNRESOLVED_STRUCTURE,OBSERVATION_INSUFFICIENT,2,0,0,False,2,2,False,INHERITED_RAW_PRICE_BASIS,True,False
2025-08-04|92410,2025-08-04,92410,14:30,14:45,15,COMPLETE,5,0,UNCHANGED,0.0,AVAILABLE,135.0,True,,,VOLUME_EXPANSION|TRADING_VALUE_EXPANSION,UNRESOLVED_STRUCTURE,OBSERVATION_INSUFFICIENT,2,0,0,False,0,0,False,INHERITED_RAW_PRICE_BASIS,True,False
2025-08-04|92410,2025-08-04,92410,14:30,14:50,20,PARTIAL,3,2,,,AVAILABLE,135.0,True,,,,CURRENT_BAR_UNAVAILABLE,OBSERVATION_INSUFFICIENT,3,0,0,False,2,2,False,INHERITED_RAW_PRICE_BASIS,False,False
2025-08-04|92410,2025-08-04,92410,14:30,14:55,25,COMPLETE,5,0,UP,0.5,AVAILABLE,135.0,True,,,,UNRESOLVED_STRUCTURE,OBSERVATION_INSUFFICIENT,6,0,0,False,0,0,False,INHERITED_RAW_PRICE_BASIS,False,False
2025-08-04|92410,2025-08-04,92410,14:30,15:00,30,PARTIAL,2,3,,,AVAILABLE,135.0,True,,,,CURRENT_BAR_UNAVAILABLE,OBSERVATION_INSUFFICIENT,5,0,0,False,0,0,False,INHERITED_RAW_PRICE_BASIS,False,False
2025-08-04|92410,2025-08-04,92410,14:30,15:05,35,PARTIAL,2,3,,,AVAILABLE,135.0,True,,,,CURRENT_BAR_UNAVAILABLE,OBSERVATION_INSUFFICIENT,3,0,0,False,0,0,False,INHERITED_RAW_PRICE_BASIS,False,False
2025-08-04|92410,2025-08-04,92410,14:30,15:10,40,PARTIAL,3,2,,,AVAILABLE,135.0,True,,,,CURRENT_BAR_UNAVAILABLE,OBSERVATION_INSUFFICIENT,4,0,0,False,0,0,False,INHERITED_RAW_PRICE_BASIS,False,False
2025-08-04|92410,2025-08-04,92410,14:30,15:15,45,PARTIAL,4,1,,,AVAILABLE,135.0,True,,,,UNRESOLVED_STRUCTURE,OBSERVATION_INSUFFICIENT,3,0,0,False,4,0,False,INHERITED_RAW_PRICE_BASIS,False,False
2025-08-04|92410,2025-08-04,92410,14:30,15:20,50,PARTIAL,2,3,,,AVAILABLE,135.0,True,,,,UNRESOLVED_STRUCTURE,RIGHT_CENSORED,0,0,0,False,0,0,False,INHERITED_RAW_PRICE_BASIS,False,False
2025-08-04|92410,2025-08-04,92410,14:30,15:25,55,COMPLETE,5,0,DOWN,-1.1647254575707155,AVAILABLE,135.0,True,,,,UNRESOLVED_STRUCTURE,RIGHT_CENSORED,0,0,0,False,0,2,False,INHERITED_RAW_PRICE_BASIS,False,False
2025-08-04|92520,2025-08-04,92520,15:00,15:00,0,PARTIAL,1,4,,,SCALE_INSUFFICIENT,,True,,,,CURRENT_BAR_UNAVAILABLE,OBSERVATION_INSUFFICIENT,5,0,0,False,0,0,False,INHERITED_RAW_PRICE_BASIS,False,False
2025-08-04|92520,2025-08-04,92520,15:00,15:05,5,PARTIAL,3,2,,,SCALE_INSUFFICIENT,,True,,,,SCALE_UNAVAILABLE,OBSERVATION_INSUFFICIENT,5,0,0,False,0,1,False,INHERITED_RAW_PRICE_BASIS,False,False
2025-08-04|92520,2025-08-04,92520,15:00,15:10,10,PARTIAL,2,3,,,SCALE_INSUFFICIENT,,True,,,,SCALE_UNAVAILABLE,OBSERVATION_INSUFFICIENT,6,0,0,False,0,0,False,INHERITED_RAW_PRICE_BASIS,False,False
2025-08-04|92520,2025-08-04,92520,15:00,15:15,15,PARTIAL,3,2,,,SCALE_INSUFFICIENT,,True,,,,CURRENT_BAR_UNAVAILABLE,OBSERVATION_INSUFFICIENT,7,0,0,False,0,0,False,INHERITED_RAW_PRICE_BASIS,False,False
2025-08-04|92520,2025-08-04,92520,15:00,15:20,20,PARTIAL,1,4,,,SCALE_INSUFFICIENT,,True,,,,CURRENT_BAR_UNAVAILABLE,RIGHT_CENSORED,3,0,0,False,1,0,False,INHERITED_RAW_PRICE_BASIS,False,False
2025-08-04|92520,2025-08-04,92520,15:00,15:25,25,PARTIAL,2,3,,,SCALE_INSUFFICIENT,,True,,,,SCALE_UNAVAILABLE,RIGHT_CENSORED,0,0,0,False,1,0,False,INHERITED_RAW_PRICE_BASIS,False,False
2025-08-04|93270,2025-08-04,93270,09:30,09:30,0,PARTIAL,3,2,,,SCALE_INSUFFICIENT,,True,,,,CURRENT_BAR_UNAVAILABLE,OBSERVATION_INSUFFICIENT,7,0,0,False,0,0,False,INHERITED_RAW_PRICE_BASIS,False,False
2025-08-04|93270,2025-08-04,93270,09:30,09:35,5,PARTIAL,1,4,,,SCALE_INSUFFICIENT,,True,,,,CURRENT_BAR_UNAVAILABLE,OBSERVATION_INSUFFICIENT,4,0,0,False,0,0,False,INHERITED_RAW_PRICE_BASIS,False,False
2025-08-04|93270,2025-08-04,93270,09:30,09:40,10,PARTIAL,2,3,,,SCALE_INSUFFICIENT,,True,,,,CURRENT_BAR_UNAVAILABLE,OBSERVATION_INSUFFICIENT,3,0,0,False,0,0,False,INHERITED_RAW_PRICE_BASIS,False,False
2025-08-04|93270,2025-08-04,93270,09:30,09:45,15,PARTIAL,4,1,,,SCALE_INSUFFICIENT,,True,,,,SCALE_UNAVAILABLE,OBSERVATION_INSUFFICIENT,7,0,0,False,0,0,False,INHERITED_RAW_PRICE_BASIS,False,False
2025-08-04|93270,2025-08-04,93270,09:30,09:50,20,PARTIAL,3,2,,,SCALE_INSUFFICIENT,,True,,,,SCALE_UNAVAILABLE,OBSERVATION_INSUFFICIENT,9,0,0,False,1,0,False,INHERITED_RAW_PRICE_BASIS,False,False
2025-08-04|93270,2025-08-04,93270,09:30,09:55,25,UNAVAILABLE,0,5,,,SCALE_INSUFFICIENT,,True,,,,CURRENT_BAR_UNAVAILABLE,OBSERVATION_INSUFFICIENT,9,0,0,False,0,0,False,INHERITED_RAW_PRICE_BASIS,False,False
2025-08-04|93270,2025-08-04,93270,09:30,10:00,30,PARTIAL,1,4,,,SCALE_INSUFFICIENT,,True,,,,CURRENT_BAR_UNAVAILABLE,OBSERVATION_INSUFFICIENT,8,0,0,False,0,0,False,INHERITED_RAW_PRICE_BASIS,False,False
2025-08-04|93270,2025-08-04,93270,09:30,10:05,35,UNAVAILABLE,0,5,,,SCALE_INSUFFICIENT,,True,,,,CURRENT_BAR_UNAVAILABLE,OBSERVATION_INSUFFICIENT,5,0,0,False,0,0,False,INHERITED_RAW_PRICE_BASIS,False,False
2025-08-04|93270,2025-08-04,93270,09:30,10:10,40,PARTIAL,2,3,,,SCALE_INSUFFICIENT,,True,,,,SCALE_UNAVAILABLE,OBSERVATION_INSUFFICIENT,4,0,0,False,1,0,False,INHERITED_RAW_PRICE_BASIS,False,False
2025-08-04|93270,2025-08-04,93270,09:30,10:15,45,PARTIAL,3,2,,,SCALE_INSUFFICIENT,,True,,,,CURRENT_BAR_UNAVAILABLE,OBSERVATION_INSUFFICIENT,5,0,0,False,0,1,False,INHERITED_RAW_PRICE_BASIS,False,False
2025-08-04|93270,2025-08-04,93270,09:30,10:20,50,PARTIAL,3,2,,,SCALE_INSUFFICIENT,,True,,,,SCALE_UNAVAILABLE,OBSERVATION_INSUFFICIENT,6,0,0,False,0,0,False,INHERITED_RAW_PRICE_BASIS,False,False
2025-08-04|93270,2025-08-04,93270,09:30,10:25,55,PARTIAL,2,3,,,SCALE_INSUFFICIENT,,True,,,,SCALE_UNAVAILABLE,OBSERVATION_INSUFFICIENT,8,0,0,False,0,0,False,INHERITED_RAW_PRICE_BASIS,False,False
2025-08-04|93270,2025-08-04,93270,09:30,10:30,60,PARTIAL,2,3,,,SCALE_INSUFFICIENT,,True,,,,CURRENT_BAR_UNAVAILABLE,OBSERVATION_INSUFFICIENT,8,0,0,False,0,0,False,INHERITED_RAW_PRICE_BASIS,False,False
2025-08-04|93270,2025-08-04,93270,09:30,10:35,65,UNAVAILABLE,0,5,,,SCALE_INSUFFICIENT,,True,,,,CURRENT_BAR_UNAVAILABLE,OBSERVATION_INSUFFICIENT,5,0,0,False,0,0,False,INHERITED_RAW_PRICE_BASIS,False,False
2025-08-04|93270,2025-08-04,93270,09:30,10:40,70,PARTIAL,2,3,,,SCALE_INSUFFICIENT,,True,,,,SCALE_UNAVAILABLE,OBSERVATION_INSUFFICIENT,5,0,0,False,0,0,False,INHERITED_RAW_PRICE_BASIS,False,False
2025-08-04|93270,2025-08-04,93270,09:30,10:45,75,PARTIAL,3,2,,,SCALE_INSUFFICIENT,,True,,,,CURRENT_BAR_UNAVAILABLE,OBSERVATION_INSUFFICIENT,5,0,0,False,0,0,False,INHERITED_RAW_PRICE_BASIS,False,False
2025-08-04|93270,2025-08-04,93270,09:30,10:50,80,PARTIAL,2,3,,,SCALE_INSUFFICIENT,,True,,,,SCALE_UNAVAILABLE,OBSERVATION_INSUFFICIENT,3,0,0,False,0,0,False,INHERITED_RAW_PRICE_BASIS,False,False
2025-08-04|93270,2025-08-04,93270,09:30,10:55,85,PARTIAL,3,2,,,SCALE_INSUFFICIENT,,True,,,,SCALE_UNAVAILABLE,OBSERVATION_INSUFFICIENT,2,0,0,False,0,0,False,INHERITED_RAW_PRICE_BASIS,False,False
2025-08-04|93270,2025-08-04,93270,09:30,11:00,90,PARTIAL,4,1,,,SCALE_INSUFFICIENT,,True,,,,SCALE_UNAVAILABLE,OBSERVATION_INSUFFICIENT,2,0,0,False,0,0,False,INHERITED_RAW_PRICE_BASIS,False,False
2025-08-04|93270,2025-08-04,93270,09:30,11:05,95,PARTIAL,4,1,,,SCALE_INSUFFICIENT,,True,,,,SCALE_UNAVAILABLE,OBSERVATION_INSUFFICIENT,3,0,0,False,0,0,False,INHERITED_RAW_PRICE_BASIS,False,False
2025-08-04|93270,2025-08-04,93270,09:30,11:10,100,PARTIAL,4,1,,,SCALE_INSUFFICIENT,,True,,,,CURRENT_BAR_UNAVAILABLE,OBSERVATION_INSUFFICIENT,6,0,0,False,0,0,False,INHERITED_RAW_PRICE_BASIS,False,False
2025-08-04|93270,2025-08-04,93270,09:30,11:15,105,PARTIAL,3,2,,,SCALE_INSUFFICIENT,,True,,,,CURRENT_BAR_UNAVAILABLE,OBSERVATION_INSUFFICIENT,6,0,0,False,0,0,False,INHERITED_RAW_PRICE_BASIS,False,False
2025-08-04|93270,2025-08-04,93270,09:30,11:20,110,PARTIAL,1,4,,,SCALE_INSUFFICIENT,,True,,,,SCALE_UNAVAILABLE,OBSERVATION_INSUFFICIENT,4,0,0,False,0,0,False,INHERITED_RAW_PRICE_BASIS,False,False
2025-08-04|93270,2025-08-04,93270,09:30,11:25,115,PARTIAL,3,2,,,SCALE_INSUFFICIENT,,True,,,,SCALE_UNAVAILABLE,OBSERVATION_INSUFFICIENT,4,0,0,False,0,0,False,INHERITED_RAW_PRICE_BASIS,False,False
2025-08-04|93270,2025-08-04,93270,09:30,11:30,120,PARTIAL,3,2,,,SCALE_INSUFFICIENT,,True,,,,SCALE_UNAVAILABLE,OBSERVATION_INSUFFICIENT,3,0,0,False,0,0,False,INHERITED_RAW_PRICE_BASIS,False,False
2025-08-04|93270,2025-08-04,93270,09:30,12:35,125,PARTIAL,3,2,,,SCALE_INSUFFICIENT,,True,,,,SCALE_UNAVAILABLE,OBSERVATION_INSUFFICIENT,1,0,0,False,0,0,False,INHERITED_RAW_PRICE_BASIS,False,False
2025-08-04|93270,2025-08-04,93270,09:30,12:40,130,PARTIAL,4,1,,,SCALE_INSUFFICIENT,,True,,,,SCALE_UNAVAILABLE,OBSERVATION_INSUFFICIENT,3,0,0,False,0,0,False,INHERITED_RAW_PRICE_BASIS,False,False
2025-08-04|93270,2025-08-04,93270,09:30,12:45,135,COMPLETE,5,0,DOWN,-0.8450704225352113,SCALE_INSUFFICIENT,,True,,,,SCALE_UNAVAILABLE,OBSERVATION_INSUFFICIENT,3,0,0,False,1,1,False,INHERITED_RAW_PRICE_BASIS,False,False
2025-08-04|93270,2025-08-04,93270,09:30,12:50,140,PARTIAL,2,3,,,SCALE_INSUFFICIENT,,True,,,,CURRENT_BAR_UNAVAILABLE,OBSERVATION_INSUFFICIENT,2,0,0,False,0,0,False,INHERITED_RAW_PRICE_BASIS,False,False
2025-08-04|93270,2025-08-04,93270,09:30,12:55,145,COMPLETE,5,0,DOWN,-1.1363636363636365,SCALE_INSUFFICIENT,,True,,,,SCALE_UNAVAILABLE,OBSERVATION_INSUFFICIENT,2,0,0,False,0,0,False,INHERITED_RAW_PRICE_BASIS,False,False
2025-08-04|93270,2025-08-04,93270,09:30,13:00,150,PARTIAL,3,2,,,SCALE_INSUFFICIENT,,True,,,,SCALE_UNAVAILABLE,OBSERVATION_INSUFFICIENT,2,0,0,False,0,0,False,INHERITED_RAW_PRICE_BASIS,False,False
2025-08-04|93270,2025-08-04,93270,09:30,13:05,155,COMPLETE,5,0,UP,0.28653295128939826,SCALE_INSUFFICIENT,,True,,,,SCALE_UNAVAILABLE,OBSERVATION_INSUFFICIENT,4,0,0,False,0,0,False,INHERITED_RAW_PRICE_BASIS,False,False
2025-08-04|93270,2025-08-04,93270,09:30,13:10,160,PARTIAL,3,2,,,SCALE_INSUFFICIENT,,True,,,,SCALE_UNAVAILABLE,OBSERVATION_INSUFFICIENT,4,0,0,False,0,0,False,INHERITED_RAW_PRICE_BASIS,False,False
2025-08-04|93270,2025-08-04,93270,09:30,13:15,165,PARTIAL,3,2,,,SCALE_INSUFFICIENT,,True,,,,SCALE_UNAVAILABLE,OBSERVATION_INSUFFICIENT,6,0,0,False,0,0,False,INHERITED_RAW_PRICE_BASIS,False,False
2025-08-04|93270,2025-08-04,93270,09:30,13:20,170,PARTIAL,3,2,,,SCALE_INSUFFICIENT,,True,,,,CURRENT_BAR_UNAVAILABLE,OBSERVATION_INSUFFICIENT,7,0,0,False,0,0,False,INHERITED_RAW_PRICE_BASIS,False,False
2025-08-04|93270,2025-08-04,93270,09:30,13:25,175,PARTIAL,1,4,,,SCALE_INSUFFICIENT,,True,,,,CURRENT_BAR_UNAVAILABLE,OBSERVATION_INSUFFICIENT,6,0,0,False,0,0,False,INHERITED_RAW_PRICE_BASIS,False,False
2025-08-04|93270,2025-08-04,93270,09:30,13:30,180,PARTIAL,2,3,,,SCALE_INSUFFICIENT,,True,,,,CURRENT_BAR_UNAVAILABLE,OBSERVATION_INSUFFICIENT,5,0,0,False,0,0,False,INHERITED_RAW_PRICE_BASIS,False,False
2025-08-04|93270,2025-08-04,93270,09:30,13:35,185,PARTIAL,2,3,,,SCALE_INSUFFICIENT,,True,,,,SCALE_UNAVAILABLE,OBSERVATION_INSUFFICIENT,4,0,0,False,0,0,False,INHERITED_RAW_PRICE_BASIS,False,False
2025-08-04|93270,2025-08-04,93270,09:30,13:40,190,PARTIAL,3,2,,,SCALE_INSUFFICIENT,,True,,,,SCALE_UNAVAILABLE,OBSERVATION_INSUFFICIENT,3,0,0,False,0,0,False,INHERITED_RAW_PRICE_BASIS,False,False
2025-08-04|93270,2025-08-04,93270,09:30,13:45,195,PARTIAL,3,2,,,SCALE_INSUFFICIENT,,True,,,,CURRENT_BAR_UNAVAILABLE,OBSERVATION_INSUFFICIENT,4,0,0,False,0,0,False,INHERITED_RAW_PRICE_BASIS,False,False
2025-08-04|93270,2025-08-04,93270,09:30,13:50,200,PARTIAL,4,1,,,SCALE_INSUFFICIENT,,True,,,,SCALE_UNAVAILABLE,OBSERVATION_INSUFFICIENT,5,0,0,False,0,0,False,INHERITED_RAW_PRICE_BASIS,False,False
2025-08-04|93270,2025-08-04,93270,09:30,13:55,205,PARTIAL,2,3,,,SCALE_INSUFFICIENT,,True,,,,SCALE_UNAVAILABLE,OBSERVATION_INSUFFICIENT,6,0,0,False,0,0,False,INHERITED_RAW_PRICE_BASIS,False,False
2025-08-04|93270,2025-08-04,93270,09:30,14:00,210,PARTIAL,3,2,,,SCALE_INSUFFICIENT,,True,,,,SCALE_UNAVAILABLE,OBSERVATION_INSUFFICIENT,9,0,0,False,0,0,False,INHERITED_RAW_PRICE_BASIS,False,False
2025-08-04|93270,2025-08-04,93270,09:30,14:05,215,PARTIAL,1,4,,,SCALE_INSUFFICIENT,,True,,,,CURRENT_BAR_UNAVAILABLE,OBSERVATION_INSUFFICIENT,10,0,0,False,0,0,False,INHERITED_RAW_PRICE_BASIS,False,False
2025-08-04|93270,2025-08-04,93270,09:30,14:10,220,UNAVAILABLE,0,5,,,SCALE_INSUFFICIENT,,True,,,,CURRENT_BAR_UNAVAILABLE,OBSERVATION_INSUFFICIENT,10,0,0,False,0,0,False,INHERITED_RAW_PRICE_BASIS,False,False
2025-08-04|93270,2025-08-04,93270,09:30,14:15,225,UNAVAILABLE,0,5,,,SCALE_INSUFFICIENT,,True,,,,CURRENT_BAR_UNAVAILABLE,OBSERVATION_INSUFFICIENT,9,0,0,False,0,0,False,INHERITED_RAW_PRICE_BASIS,False,False
2025-08-04|93270,2025-08-04,93270,09:30,14:20,230,UNAVAILABLE,0,5,,,SCALE_INSUFFICIENT,,True,,,,CURRENT_BAR_UNAVAILABLE,OBSERVATION_INSUFFICIENT,8,0,0,False,0,0,False,INHERITED_RAW_PRICE_BASIS,False,False
2025-08-04|93270,2025-08-04,93270,09:30,14:25,235,PARTIAL,1,4,,,SCALE_INSUFFICIENT,,True,,,,CURRENT_BAR_UNAVAILABLE,OBSERVATION_INSUFFICIENT,7,0,0,False,0,0,False,INHERITED_RAW_PRICE_BASIS,False,False
2025-08-04|93270,2025-08-04,93270,09:30,14:30,240,PARTIAL,1,4,,,SCALE_INSUFFICIENT,,True,,,,CURRENT_BAR_UNAVAILABLE,OBSERVATION_INSUFFICIENT,6,0,0,False,0,0,False,INHERITED_RAW_PRICE_BASIS,False,False
2025-08-04|93270,2025-08-04,93270,09:30,14:35,245,PARTIAL,2,3,,,SCALE_INSUFFICIENT,,True,,,,CURRENT_BAR_UNAVAILABLE,OBSERVATION_INSUFFICIENT,6,0,0,False,0,0,False,INHERITED_RAW_PRICE_BASIS,False,False
2025-08-04|93270,2025-08-04,93270,09:30,14:40,250,PARTIAL,2,3,,,SCALE_INSUFFICIENT,,True,,,,CURRENT_BAR_UNAVAILABLE,OBSERVATION_INSUFFICIENT,7,0,0,False,0,0,False,INHERITED_RAW_PRICE_BASIS,False,False
2025-08-04|93270,2025-08-04,93270,09:30,14:45,255,PARTIAL,2,3,,,SCALE_INSUFFICIENT,,True,,,,CURRENT_BAR_UNAVAILABLE,OBSERVATION_INSUFFICIENT,7,0,0,False,0,0,False,INHERITED_RAW_PRICE_BASIS,False,False
2025-08-04|93270,2025-08-04,93270,09:30,14:50,260,PARTIAL,1,4,,,SCALE_INSUFFICIENT,,True,,,,CURRENT_BAR_UNAVAILABLE,OBSERVATION_INSUFFICIENT,4,0,0,False,0,0,False,INHERITED_RAW_PRICE_BASIS,False,False
2025-08-04|93270,2025-08-04,93270,09:30,14:55,265,PARTIAL,2,3,,,SCALE_INSUFFICIENT,,True,,,,CURRENT_BAR_UNAVAILABLE,OBSERVATION_INSUFFICIENT,4,0,0,False,0,0,False,INHERITED_RAW_PRICE_BASIS,False,False
2025-08-04|93270,2025-08-04,93270,09:30,15:00,270,PARTIAL,4,1,,,SCALE_INSUFFICIENT,,True,,,,SCALE_UNAVAILABLE,OBSERVATION_INSUFFICIENT,7,0,0,False,0,0,False,INHERITED_RAW_PRICE_BASIS,False,False
2025-08-04|93270,2025-08-04,93270,09:30,15:05,275,PARTIAL,2,3,,,SCALE_INSUFFICIENT,,True,,,,CURRENT_BAR_UNAVAILABLE,OBSERVATION_INSUFFICIENT,7,0,0,False,0,0,False,INHERITED_RAW_PRICE_BASIS,False,False
2025-08-04|93270,2025-08-04,93270,09:30,15:10,280,PARTIAL,1,4,,,SCALE_INSUFFICIENT,,True,,,,CURRENT_BAR_UNAVAILABLE,OBSERVATION_INSUFFICIENT,4,0,0,False,0,0,False,INHERITED_RAW_PRICE_BASIS,False,False
2025-08-04|93270,2025-08-04,93270,09:30,15:15,285,PARTIAL,2,3,,,SCALE_INSUFFICIENT,,True,,,,CURRENT_BAR_UNAVAILABLE,OBSERVATION_INSUFFICIENT,2,0,0,False,0,0,False,INHERITED_RAW_PRICE_BASIS,False,False
2025-08-04|93270,2025-08-04,93270,09:30,15:20,290,PARTIAL,4,1,,,SCALE_INSUFFICIENT,,True,,,,SCALE_UNAVAILABLE,RIGHT_CENSORED,1,0,0,False,0,0,False,INHERITED_RAW_PRICE_BASIS,False,False
2025-08-04|93270,2025-08-04,93270,09:30,15:25,295,PARTIAL,4,1,,,SCALE_INSUFFICIENT,,True,,,,SCALE_UNAVAILABLE,RIGHT_CENSORED,0,0,0,False,0,0,False,INHERITED_RAW_PRICE_BASIS,False,False
