opportunity,session,symbol,selectorTime,asOf,elapsedActiveMinutes,observation,observed1m,missing1m,direction,return5Pct,scaleStatus,scale,dailyComplete5,structure,phase,attributes,stateReason,futureStatus,futureMissing,lateConfirmedPivots,pivotN,localRange,sameBarOrderAmbiguities,closedCrossEvents,semanticAny,contextPriceBasis,transitionObservablePair,phaseChanged
2025-07-01|205A0,2025-07-01,205A0,10:00,10:00,0,PARTIAL,1,4,,,SCALE_INSUFFICIENT,,True,,,,CURRENT_BAR_UNAVAILABLE,OBSERVATION_INSUFFICIENT,8,0,0,False,2,1,False,INHERITED_RAW_PRICE_BASIS,False,False
2025-07-01|205A0,2025-07-01,205A0,10:00,10:05,5,PARTIAL,2,3,,,SCALE_INSUFFICIENT,,True,,,,SCALE_UNAVAILABLE,OBSERVATION_INSUFFICIENT,10,0,0,False,0,0,False,INHERITED_RAW_PRICE_BASIS,False,False
2025-07-01|205A0,2025-07-01,205A0,10:00,10:10,10,UNAVAILABLE,0,5,,,SCALE_INSUFFICIENT,,True,,,,CURRENT_BAR_UNAVAILABLE,OBSERVATION_INSUFFICIENT,10,0,0,False,0,0,False,INHERITED_RAW_PRICE_BASIS,False,False
2025-07-01|205A0,2025-07-01,205A0,10:00,10:15,15,UNAVAILABLE,0,5,,,SCALE_INSUFFICIENT,,True,,,,CURRENT_BAR_UNAVAILABLE,OBSERVATION_INSUFFICIENT,9,0,0,False,0,0,False,INHERITED_RAW_PRICE_BASIS,False,False
2025-07-01|205A0,2025-07-01,205A0,10:00,10:20,20,UNAVAILABLE,0,5,,,SCALE_INSUFFICIENT,,True,,,,CURRENT_BAR_UNAVAILABLE,OBSERVATION_INSUFFICIENT,9,0,0,False,0,0,False,INHERITED_RAW_PRICE_BASIS,False,False
2025-07-01|205A0,2025-07-01,205A0,10:00,10:25,25,PARTIAL,1,4,,,SCALE_INSUFFICIENT,,True,,,,CURRENT_BAR_UNAVAILABLE,OBSERVATION_INSUFFICIENT,10,0,0,False,0,0,False,INHERITED_RAW_PRICE_BASIS,False,False
2025-07-01|205A0,2025-07-01,205A0,10:00,10:30,30,UNAVAILABLE,0,5,,,SCALE_INSUFFICIENT,,True,,,,CURRENT_BAR_UNAVAILABLE,OBSERVATION_INSUFFICIENT,10,0,0,False,0,0,False,INHERITED_RAW_PRICE_BASIS,False,False
2025-07-01|205A0,2025-07-01,205A0,10:00,10:35,35,UNAVAILABLE,0,5,,,SCALE_INSUFFICIENT,,True,,,,CURRENT_BAR_UNAVAILABLE,OBSERVATION_INSUFFICIENT,10,0,0,False,0,0,False,INHERITED_RAW_PRICE_BASIS,False,False
2025-07-01|205A0,2025-07-01,205A0,10:00,10:40,40,UNAVAILABLE,0,5,,,SCALE_INSUFFICIENT,,True,,,,CURRENT_BAR_UNAVAILABLE,OBSERVATION_INSUFFICIENT,10,0,0,False,0,0,False,INHERITED_RAW_PRICE_BASIS,False,False
2025-07-01|205A0,2025-07-01,205A0,10:00,10:45,45,UNAVAILABLE,0,5,,,SCALE_INSUFFICIENT,,True,,,,CURRENT_BAR_UNAVAILABLE,OBSERVATION_INSUFFICIENT,10,0,0,False,0,0,False,INHERITED_RAW_PRICE_BASIS,False,False
2025-07-01|205A0,2025-07-01,205A0,10:00,10:50,50,UNAVAILABLE,0,5,,,SCALE_INSUFFICIENT,,True,,,,CURRENT_BAR_UNAVAILABLE,OBSERVATION_INSUFFICIENT,10,0,0,False,0,0,False,INHERITED_RAW_PRICE_BASIS,False,False
2025-07-01|205A0,2025-07-01,205A0,10:00,10:55,55,UNAVAILABLE,0,5,,,SCALE_INSUFFICIENT,,True,,,,CURRENT_BAR_UNAVAILABLE,OBSERVATION_INSUFFICIENT,10,0,0,False,0,0,False,INHERITED_RAW_PRICE_BASIS,False,False
2025-07-01|205A0,2025-07-01,205A0,10:00,11:00,60,UNAVAILABLE,0,5,,,SCALE_INSUFFICIENT,,True,,,,CURRENT_BAR_UNAVAILABLE,OBSERVATION_INSUFFICIENT,10,0,0,False,0,0,False,INHERITED_RAW_PRICE_BASIS,False,False
2025-07-01|205A0,2025-07-01,205A0,10:00,11:05,65,UNAVAILABLE,0,5,,,SCALE_INSUFFICIENT,,True,,,,CURRENT_BAR_UNAVAILABLE,OBSERVATION_INSUFFICIENT,10,0,0,False,0,0,False,INHERITED_RAW_PRICE_BASIS,False,False
2025-07-01|205A0,2025-07-01,205A0,10:00,11:10,70,UNAVAILABLE,0,5,,,SCALE_INSUFFICIENT,,True,,,,CURRENT_BAR_UNAVAILABLE,OBSERVATION_INSUFFICIENT,10,0,0,False,0,0,False,INHERITED_RAW_PRICE_BASIS,False,False
2025-07-01|205A0,2025-07-01,205A0,10:00,11:15,75,UNAVAILABLE,0,5,,,SCALE_INSUFFICIENT,,True,,,,CURRENT_BAR_UNAVAILABLE,OBSERVATION_INSUFFICIENT,9,0,0,False,0,0,False,INHERITED_RAW_PRICE_BASIS,False,False
2025-07-01|205A0,2025-07-01,205A0,10:00,11:20,80,UNAVAILABLE,0,5,,,SCALE_INSUFFICIENT,,True,,,,CURRENT_BAR_UNAVAILABLE,OBSERVATION_INSUFFICIENT,9,0,0,False,0,0,False,INHERITED_RAW_PRICE_BASIS,False,False
2025-07-01|205A0,2025-07-01,205A0,10:00,11:25,85,PARTIAL,1,4,,,SCALE_INSUFFICIENT,,True,,,,SCALE_UNAVAILABLE,OBSERVATION_INSUFFICIENT,9,0,0,False,0,0,False,INHERITED_RAW_PRICE_BASIS,False,False
2025-07-01|205A0,2025-07-01,205A0,10:00,11:30,90,UNAVAILABLE,0,5,,,SCALE_INSUFFICIENT,,True,,,,CURRENT_BAR_UNAVAILABLE,OBSERVATION_INSUFFICIENT,9,0,0,False,0,0,False,INHERITED_RAW_PRICE_BASIS,False,False
2025-07-01|205A0,2025-07-01,205A0,10:00,12:35,95,PARTIAL,1,4,,,SCALE_INSUFFICIENT,,True,,,,CURRENT_BAR_UNAVAILABLE,OBSERVATION_INSUFFICIENT,9,0,0,False,1,0,False,INHERITED_RAW_PRICE_BASIS,False,False
2025-07-01|205A0,2025-07-01,205A0,10:00,12:40,100,UNAVAILABLE,0,5,,,SCALE_INSUFFICIENT,,True,,,,CURRENT_BAR_UNAVAILABLE,OBSERVATION_INSUFFICIENT,9,0,0,False,0,0,False,INHERITED_RAW_PRICE_BASIS,False,False
2025-07-01|205A0,2025-07-01,205A0,10:00,12:45,105,PARTIAL,1,4,,,SCALE_INSUFFICIENT,,True,,,,CURRENT_BAR_UNAVAILABLE,OBSERVATION_INSUFFICIENT,10,0,0,False,0,0,False,INHERITED_RAW_PRICE_BASIS,False,False
2025-07-01|205A0,2025-07-01,205A0,10:00,12:50,110,UNAVAILABLE,0,5,,,SCALE_INSUFFICIENT,,True,,,,CURRENT_BAR_UNAVAILABLE,OBSERVATION_INSUFFICIENT,10,0,0,False,0,0,False,INHERITED_RAW_PRICE_BASIS,False,False
2025-07-01|205A0,2025-07-01,205A0,10:00,12:55,115,UNAVAILABLE,0,5,,,SCALE_INSUFFICIENT,,True,,,,CURRENT_BAR_UNAVAILABLE,OBSERVATION_INSUFFICIENT,10,0,0,False,0,0,False,INHERITED_RAW_PRICE_BASIS,False,False
2025-07-01|205A0,2025-07-01,205A0,10:00,13:00,120,UNAVAILABLE,0,5,,,SCALE_INSUFFICIENT,,True,,,,CURRENT_BAR_UNAVAILABLE,OBSERVATION_INSUFFICIENT,10,0,0,False,0,0,False,INHERITED_RAW_PRICE_BASIS,False,False
2025-07-01|205A0,2025-07-01,205A0,10:00,13:05,125,UNAVAILABLE,0,5,,,SCALE_INSUFFICIENT,,True,,,,CURRENT_BAR_UNAVAILABLE,OBSERVATION_INSUFFICIENT,10,0,0,False,0,0,False,INHERITED_RAW_PRICE_BASIS,False,False
2025-07-01|205A0,2025-07-01,205A0,10:00,13:10,130,UNAVAILABLE,0,5,,,SCALE_INSUFFICIENT,,True,,,,CURRENT_BAR_UNAVAILABLE,OBSERVATION_INSUFFICIENT,10,0,0,False,0,0,False,INHERITED_RAW_PRICE_BASIS,False,False
2025-07-01|205A0,2025-07-01,205A0,10:00,13:15,135,UNAVAILABLE,0,5,,,SCALE_INSUFFICIENT,,True,,,,CURRENT_BAR_UNAVAILABLE,OBSERVATION_INSUFFICIENT,10,0,0,False,0,0,False,INHERITED_RAW_PRICE_BASIS,False,False
2025-07-01|205A0,2025-07-01,205A0,10:00,13:20,140,UNAVAILABLE,0,5,,,SCALE_INSUFFICIENT,,True,,,,CURRENT_BAR_UNAVAILABLE,OBSERVATION_INSUFFICIENT,10,0,0,False,0,0,False,INHERITED_RAW_PRICE_BASIS,False,False
2025-07-01|205A0,2025-07-01,205A0,10:00,13:25,145,UNAVAILABLE,0,5,,,SCALE_INSUFFICIENT,,True,,,,CURRENT_BAR_UNAVAILABLE,OBSERVATION_INSUFFICIENT,10,0,0,False,0,0,False,INHERITED_RAW_PRICE_BASIS,False,False
2025-07-01|205A0,2025-07-01,205A0,10:00,13:30,150,UNAVAILABLE,0,5,,,SCALE_INSUFFICIENT,,True,,,,CURRENT_BAR_UNAVAILABLE,OBSERVATION_INSUFFICIENT,10,0,0,False,0,0,False,INHERITED_RAW_PRICE_BASIS,False,False
2025-07-01|205A0,2025-07-01,205A0,10:00,13:35,155,UNAVAILABLE,0,5,,,SCALE_INSUFFICIENT,,True,,,,CURRENT_BAR_UNAVAILABLE,OBSERVATION_INSUFFICIENT,9,0,0,False,0,0,False,INHERITED_RAW_PRICE_BASIS,False,False
2025-07-01|205A0,2025-07-01,205A0,10:00,13:40,160,UNAVAILABLE,0,5,,,SCALE_INSUFFICIENT,,True,,,,CURRENT_BAR_UNAVAILABLE,OBSERVATION_INSUFFICIENT,9,0,0,False,0,0,False,INHERITED_RAW_PRICE_BASIS,False,False
2025-07-01|205A0,2025-07-01,205A0,10:00,13:45,165,PARTIAL,1,4,,,SCALE_INSUFFICIENT,,True,,,,CURRENT_BAR_UNAVAILABLE,OBSERVATION_INSUFFICIENT,10,0,0,False,0,0,False,INHERITED_RAW_PRICE_BASIS,False,False
2025-07-01|205A0,2025-07-01,205A0,10:00,13:50,170,UNAVAILABLE,0,5,,,SCALE_INSUFFICIENT,,True,,,,CURRENT_BAR_UNAVAILABLE,OBSERVATION_INSUFFICIENT,10,0,0,False,0,0,False,INHERITED_RAW_PRICE_BASIS,False,False
2025-07-01|205A0,2025-07-01,205A0,10:00,13:55,175,UNAVAILABLE,0,5,,,SCALE_INSUFFICIENT,,True,,,,CURRENT_BAR_UNAVAILABLE,OBSERVATION_INSUFFICIENT,9,0,0,False,0,0,False,INHERITED_RAW_PRICE_BASIS,False,False
2025-07-01|205A0,2025-07-01,205A0,10:00,14:00,180,UNAVAILABLE,0,5,,,SCALE_INSUFFICIENT,,True,,,,CURRENT_BAR_UNAVAILABLE,OBSERVATION_INSUFFICIENT,9,0,0,False,0,0,False,INHERITED_RAW_PRICE_BASIS,False,False
2025-07-01|205A0,2025-07-01,205A0,10:00,14:05,185,PARTIAL,1,4,,,SCALE_INSUFFICIENT,,True,,,,CURRENT_BAR_UNAVAILABLE,OBSERVATION_INSUFFICIENT,10,0,0,False,0,0,False,INHERITED_RAW_PRICE_BASIS,False,False
2025-07-01|205A0,2025-07-01,205A0,10:00,14:10,190,UNAVAILABLE,0,5,,,SCALE_INSUFFICIENT,,True,,,,CURRENT_BAR_UNAVAILABLE,OBSERVATION_INSUFFICIENT,10,0,0,False,0,0,False,INHERITED_RAW_PRICE_BASIS,False,False
2025-07-01|205A0,2025-07-01,205A0,10:00,14:15,195,UNAVAILABLE,0,5,,,SCALE_INSUFFICIENT,,True,,,,CURRENT_BAR_UNAVAILABLE,OBSERVATION_INSUFFICIENT,9,0,0,False,0,0,False,INHERITED_RAW_PRICE_BASIS,False,False
2025-07-01|205A0,2025-07-01,205A0,10:00,14:20,200,UNAVAILABLE,0,5,,,SCALE_INSUFFICIENT,,True,,,,CURRENT_BAR_UNAVAILABLE,OBSERVATION_INSUFFICIENT,9,0,0,False,0,0,False,INHERITED_RAW_PRICE_BASIS,False,False
2025-07-01|205A0,2025-07-01,205A0,10:00,14:25,205,PARTIAL,1,4,,,SCALE_INSUFFICIENT,,True,,,,CURRENT_BAR_UNAVAILABLE,OBSERVATION_INSUFFICIENT,10,0,0,False,0,0,False,INHERITED_RAW_PRICE_BASIS,False,False
2025-07-01|205A0,2025-07-01,205A0,10:00,14:30,210,UNAVAILABLE,0,5,,,SCALE_INSUFFICIENT,,True,,,,CURRENT_BAR_UNAVAILABLE,OBSERVATION_INSUFFICIENT,10,0,0,False,0,0,False,INHERITED_RAW_PRICE_BASIS,False,False
2025-07-01|205A0,2025-07-01,205A0,10:00,14:35,215,UNAVAILABLE,0,5,,,SCALE_INSUFFICIENT,,True,,,,CURRENT_BAR_UNAVAILABLE,OBSERVATION_INSUFFICIENT,10,0,0,False,0,0,False,INHERITED_RAW_PRICE_BASIS,False,False
2025-07-01|205A0,2025-07-01,205A0,10:00,14:40,220,UNAVAILABLE,0,5,,,SCALE_INSUFFICIENT,,True,,,,CURRENT_BAR_UNAVAILABLE,OBSERVATION_INSUFFICIENT,10,0,0,False,0,0,False,INHERITED_RAW_PRICE_BASIS,False,False
2025-07-01|205A0,2025-07-01,205A0,10:00,14:45,225,UNAVAILABLE,0,5,,,SCALE_INSUFFICIENT,,True,,,,CURRENT_BAR_UNAVAILABLE,OBSERVATION_INSUFFICIENT,10,0,0,False,0,0,False,INHERITED_RAW_PRICE_BASIS,False,False
2025-07-01|205A0,2025-07-01,205A0,10:00,14:50,230,UNAVAILABLE,0,5,,,SCALE_INSUFFICIENT,,True,,,,CURRENT_BAR_UNAVAILABLE,OBSERVATION_INSUFFICIENT,10,0,0,False,0,0,False,INHERITED_RAW_PRICE_BASIS,False,False
2025-07-01|205A0,2025-07-01,205A0,10:00,14:55,235,UNAVAILABLE,0,5,,,SCALE_INSUFFICIENT,,True,,,,CURRENT_BAR_UNAVAILABLE,OBSERVATION_INSUFFICIENT,9,0,0,False,0,0,False,INHERITED_RAW_PRICE_BASIS,False,False
2025-07-01|205A0,2025-07-01,205A0,10:00,15:00,240,UNAVAILABLE,0,5,,,SCALE_INSUFFICIENT,,True,,,,CURRENT_BAR_UNAVAILABLE,OBSERVATION_INSUFFICIENT,9,0,0,False,0,0,False,INHERITED_RAW_PRICE_BASIS,False,False
2025-07-01|205A0,2025-07-01,205A0,10:00,15:05,245,PARTIAL,1,4,,,SCALE_INSUFFICIENT,,True,,,,CURRENT_BAR_UNAVAILABLE,OBSERVATION_INSUFFICIENT,10,0,0,False,0,0,False,INHERITED_RAW_PRICE_BASIS,False,False
2025-07-01|205A0,2025-07-01,205A0,10:00,15:10,250,UNAVAILABLE,0,5,,,SCALE_INSUFFICIENT,,True,,,,CURRENT_BAR_UNAVAILABLE,OBSERVATION_INSUFFICIENT,9,0,0,False,0,0,False,INHERITED_RAW_PRICE_BASIS,False,False
2025-07-01|205A0,2025-07-01,205A0,10:00,15:15,255,UNAVAILABLE,0,5,,,SCALE_INSUFFICIENT,,True,,,,CURRENT_BAR_UNAVAILABLE,OBSERVATION_INSUFFICIENT,7,0,0,False,0,0,False,INHERITED_RAW_PRICE_BASIS,False,False
2025-07-01|205A0,2025-07-01,205A0,10:00,15:20,260,PARTIAL,1,4,,,SCALE_INSUFFICIENT,,True,,,,SCALE_UNAVAILABLE,RIGHT_CENSORED,3,0,0,False,0,0,False,INHERITED_RAW_PRICE_BASIS,False,False
2025-07-01|205A0,2025-07-01,205A0,10:00,15:25,265,PARTIAL,2,3,,,SCALE_INSUFFICIENT,,True,,,,CURRENT_BAR_UNAVAILABLE,RIGHT_CENSORED,0,0,0,False,0,0,False,INHERITED_RAW_PRICE_BASIS,False,False
2025-07-01|21340,2025-07-01,21340,14:00,14:00,0,COMPLETE,5,0,UNCHANGED,0.0,AVAILABLE,2.0,True,DOWN_STRUCTURE,CORRECTION|RECOVERY,CHOPPINESS|RANGE_COMPRESSION|VOLUME_EXPANSION|TRADING_VALUE_EXPANSION,IDENTIFIED,WINDOW_OBSERVED,0,0,7,False,0,0,True,INHERITED_RAW_PRICE_BASIS,False,False
2025-07-01|21340,2025-07-01,21340,14:00,14:05,5,COMPLETE,5,0,UP,1.1235955056179776,AVAILABLE,2.0,True,DOWN_STRUCTURE,CORRECTION|RECOVERY,CHOPPINESS|RANGE_EXPANSION,IDENTIFIED,WINDOW_OBSERVED,0,0,7,False,0,0,True,INHERITED_RAW_PRICE_BASIS,True,False
2025-07-01|21340,2025-07-01,21340,14:00,14:10,10,COMPLETE,5,0,DOWN,-1.1111111111111112,AVAILABLE,2.0,True,DOWN_STRUCTURE,CORRECTION|RECOVERY,CHOPPINESS|RANGE_COMPRESSION|VOLUME_COMPRESSION|TRADING_VALUE_COMPRESSION,IDENTIFIED,WINDOW_OBSERVED,0,0,7,False,0,0,True,INHERITED_RAW_PRICE_BASIS,True,False
2025-07-01|21340,2025-07-01,21340,14:00,14:15,15,COMPLETE,5,0,DOWN,-1.1111111111111112,AVAILABLE,2.0,True,DOWN_STRUCTURE,CORRECTION|RECOVERY,RANGE_EXPANSION|VOLUME_EXPANSION|TRADING_VALUE_EXPANSION,IDENTIFIED,WINDOW_OBSERVED,0,0,7,False,0,0,True,INHERITED_RAW_PRICE_BASIS,True,False
2025-07-01|21340,2025-07-01,21340,14:00,14:20,20,COMPLETE,5,0,UNCHANGED,0.0,AVAILABLE,2.0,True,DOWN_STRUCTURE,PROGRESSION,RANGE_COMPRESSION|VOLUME_COMPRESSION|TRADING_VALUE_COMPRESSION,IDENTIFIED,WINDOW_OBSERVED,0,1,8,False,0,0,True,INHERITED_RAW_PRICE_BASIS,True,True
2025-07-01|21340,2025-07-01,21340,14:00,14:25,25,COMPLETE,5,0,UP,1.1235955056179776,AVAILABLE,2.0,True,DOWN_STRUCTURE,,VOLUME_EXPANSION|TRADING_VALUE_EXPANSION,IDENTIFIED,WINDOW_OBSERVED,0,1,8,False,0,0,True,INHERITED_RAW_PRICE_BASIS,True,True
2025-07-01|21340,2025-07-01,21340,14:00,14:30,30,COMPLETE,5,0,UNCHANGED,0.0,AVAILABLE,2.0,True,DOWN_STRUCTURE,CORRECTION,RANGE_EXPANSION|VOLUME_EXPANSION|TRADING_VALUE_EXPANSION,IDENTIFIED,WINDOW_OBSERVED,0,0,9,True,0,0,True,INHERITED_RAW_PRICE_BASIS,True,True
2025-07-01|21340,2025-07-01,21340,14:00,14:35,35,COMPLETE,5,0,UP,1.1111111111111112,AVAILABLE,2.0,True,UP_STRUCTURE,,,IDENTIFIED,WINDOW_OBSERVED,0,1,10,True,2,1,True,INHERITED_RAW_PRICE_BASIS,True,True
2025-07-01|21340,2025-07-01,21340,14:00,14:40,40,COMPLETE,5,0,DOWN,-2.197802197802198,AVAILABLE,2.0,True,UP_STRUCTURE,,RANGE_COMPRESSION|VOLUME_COMPRESSION|TRADING_VALUE_COMPRESSION,IDENTIFIED,WINDOW_OBSERVED,0,1,11,True,0,2,True,INHERITED_RAW_PRICE_BASIS,True,False
2025-07-01|21340,2025-07-01,21340,14:00,14:45,45,COMPLETE,5,0,DOWN,-1.1111111111111112,AVAILABLE,2.0,True,UP_STRUCTURE,,CHOPPINESS|RANGE_COMPRESSION|VOLUME_EXPANSION|TRADING_VALUE_EXPANSION,IDENTIFIED,WINDOW_OBSERVED,0,1,11,True,0,0,True,INHERITED_RAW_PRICE_BASIS,True,False
2025-07-01|21340,2025-07-01,21340,14:00,14:50,50,COMPLETE,5,0,UP,2.247191011235955,AVAILABLE,2.0,True,UP_STRUCTURE,,RANGE_EXPANSION|VOLUME_COMPRESSION|TRADING_VALUE_COMPRESSION,IDENTIFIED,WINDOW_OBSERVED,0,1,12,True,0,0,True,INHERITED_RAW_PRICE_BASIS,True,False
2025-07-01|21340,2025-07-01,21340,14:00,14:55,55,COMPLETE,5,0,DOWN,-1.098901098901099,AVAILABLE,2.0,True,UP_STRUCTURE,CORRECTION,,IDENTIFIED,WINDOW_OBSERVED,0,0,12,True,0,3,True,INHERITED_RAW_PRICE_BASIS,True,True
2025-07-01|21340,2025-07-01,21340,14:00,15:00,60,COMPLETE,5,0,UP,1.1235955056179776,AVAILABLE,2.0,True,UP_STRUCTURE,CORRECTION,CHOPPINESS,IDENTIFIED,WINDOW_OBSERVED,0,0,12,True,0,2,True,INHERITED_RAW_PRICE_BASIS,True,False
2025-07-01|21340,2025-07-01,21340,14:00,15:05,65,COMPLETE,5,0,DOWN,-1.1111111111111112,AVAILABLE,2.0,True,RANGE_STRUCTURE,BALANCE|RECOVERY,VOLUME_EXPANSION|TRADING_VALUE_EXPANSION,IDENTIFIED,WINDOW_OBSERVED,0,1,13,True,1,2,True,INHERITED_RAW_PRICE_BASIS,True,True
2025-07-01|21340,2025-07-01,21340,14:00,15:10,70,COMPLETE,5,0,UNCHANGED,0.0,AVAILABLE,2.0,True,RANGE_STRUCTURE,BALANCE|RECOVERY,RANGE_COMPRESSION,IDENTIFIED,WINDOW_OBSERVED,0,1,13,True,0,2,True,INHERITED_RAW_PRICE_BASIS,True,False
2025-07-01|21340,2025-07-01,21340,14:00,15:15,75,COMPLETE,5,0,UNCHANGED,0.0,AVAILABLE,2.0,True,RANGE_STRUCTURE,BALANCE|RECOVERY,RANGE_EXPANSION|VOLUME_COMPRESSION|TRADING_VALUE_COMPRESSION,IDENTIFIED,WINDOW_OBSERVED,0,0,13,True,2,1,True,INHERITED_RAW_PRICE_BASIS,True,False
2025-07-01|21340,2025-07-01,21340,14:00,15:20,80,COMPLETE,5,0,UP,3.409090909090909,AVAILABLE,2.0,True,RANGE_STRUCTURE,BALANCE,RANGE_EXPANSION,IDENTIFIED,RIGHT_CENSORED,0,0,13,True,2,0,True,INHERITED_RAW_PRICE_BASIS,True,True
2025-07-01|21340,2025-07-01,21340,14:00,15:25,85,COMPLETE,5,0,UNCHANGED,0.0,AVAILABLE,2.0,True,RANGE_STRUCTURE,BALANCE,VOLUME_EXPANSION|TRADING_VALUE_EXPANSION,IDENTIFIED,RIGHT_CENSORED,0,0,13,True,0,2,True,INHERITED_RAW_PRICE_BASIS,True,False
2025-07-01|26930,2025-07-01,26930,11:00,11:00,0,COMPLETE,5,0,DOWN,-1.953125,SCALE_INSUFFICIENT,,True,,,RANGE_EXPANSION|VOLUME_EXPANSION|TRADING_VALUE_EXPANSION,SCALE_UNAVAILABLE,WINDOW_OBSERVED,0,0,0,False,1,1,False,INHERITED_RAW_PRICE_BASIS,False,False
2025-07-01|26930,2025-07-01,26930,11:00,11:05,5,COMPLETE,5,0,DOWN,-2.7777777777777777,SCALE_INSUFFICIENT,,True,,,VOLUME_EXPANSION|TRADING_VALUE_EXPANSION,SCALE_UNAVAILABLE,WINDOW_OBSERVED,0,0,0,False,1,1,False,INHERITED_RAW_PRICE_BASIS,True,False
2025-07-01|26930,2025-07-01,26930,11:00,11:10,10,COMPLETE,5,0,UNCHANGED,0.0,SCALE_INSUFFICIENT,,True,,,RANGE_COMPRESSION|VOLUME_COMPRESSION|TRADING_VALUE_COMPRESSION,SCALE_UNAVAILABLE,OBSERVATION_INSUFFICIENT,1,0,0,False,1,2,False,INHERITED_RAW_PRICE_BASIS,True,False
2025-07-01|26930,2025-07-01,26930,11:00,11:15,15,COMPLETE,5,0,DOWN,-0.8163265306122449,SCALE_INSUFFICIENT,,True,,,VOLUME_COMPRESSION|TRADING_VALUE_COMPRESSION,SCALE_UNAVAILABLE,OBSERVATION_INSUFFICIENT,3,0,0,False,0,0,False,INHERITED_RAW_PRICE_BASIS,True,False
2025-07-01|26930,2025-07-01,26930,11:00,11:20,20,PARTIAL,4,1,,,SCALE_INSUFFICIENT,,True,,,,SCALE_UNAVAILABLE,OBSERVATION_INSUFFICIENT,2,0,0,False,1,1,False,INHERITED_RAW_PRICE_BASIS,False,False
2025-07-01|26930,2025-07-01,26930,11:00,11:25,25,PARTIAL,3,2,,,SCALE_INSUFFICIENT,,True,,,,SCALE_UNAVAILABLE,WINDOW_OBSERVED,0,0,0,False,0,1,False,INHERITED_RAW_PRICE_BASIS,False,False
2025-07-01|26930,2025-07-01,26930,11:00,11:30,30,COMPLETE,5,0,UP,0.823045267489712,SCALE_INSUFFICIENT,,True,,,,SCALE_UNAVAILABLE,WINDOW_OBSERVED,0,0,0,False,0,0,False,INHERITED_RAW_PRICE_BASIS,False,False
2025-07-01|26930,2025-07-01,26930,11:00,12:35,35,COMPLETE,5,0,DOWN,-1.2244897959183674,SCALE_INSUFFICIENT,,True,,,,SCALE_UNAVAILABLE,OBSERVATION_INSUFFICIENT,2,0,0,False,0,0,False,INHERITED_RAW_PRICE_BASIS,True,False
2025-07-01|26930,2025-07-01,26930,11:00,12:40,40,COMPLETE,5,0,UP,1.2345679012345678,SCALE_INSUFFICIENT,,True,,,VOLUME_COMPRESSION|TRADING_VALUE_COMPRESSION,SCALE_UNAVAILABLE,OBSERVATION_INSUFFICIENT,2,0,0,False,0,0,False,INHERITED_RAW_PRICE_BASIS,True,False
2025-07-01|26930,2025-07-01,26930,11:00,12:45,45,PARTIAL,3,2,,,SCALE_INSUFFICIENT,,True,,,,CURRENT_BAR_UNAVAILABLE,OBSERVATION_INSUFFICIENT,3,0,0,False,0,0,False,INHERITED_RAW_PRICE_BASIS,False,False
2025-07-01|26930,2025-07-01,26930,11:00,12:50,50,COMPLETE,5,0,DOWN,-0.8097165991902834,SCALE_INSUFFICIENT,,True,,,,SCALE_UNAVAILABLE,OBSERVATION_INSUFFICIENT,3,0,0,False,0,0,False,INHERITED_RAW_PRICE_BASIS,False,False
2025-07-01|26930,2025-07-01,26930,11:00,12:55,55,PARTIAL,2,3,,,SCALE_INSUFFICIENT,,True,,,,SCALE_UNAVAILABLE,OBSERVATION_INSUFFICIENT,3,0,0,False,0,0,False,INHERITED_RAW_PRICE_BASIS,False,False
2025-07-01|26930,2025-07-01,26930,11:00,13:00,60,COMPLETE,5,0,DOWN,-0.4098360655737705,SCALE_INSUFFICIENT,,True,,,,SCALE_UNAVAILABLE,OBSERVATION_INSUFFICIENT,6,0,0,False,0,0,False,INHERITED_RAW_PRICE_BASIS,False,False
2025-07-01|26930,2025-07-01,26930,11:00,13:05,65,PARTIAL,2,3,,,SCALE_INSUFFICIENT,,True,,,,CURRENT_BAR_UNAVAILABLE,OBSERVATION_INSUFFICIENT,7,0,0,False,0,0,False,INHERITED_RAW_PRICE_BASIS,False,False
2025-07-01|26930,2025-07-01,26930,11:00,13:10,70,PARTIAL,2,3,,,SCALE_INSUFFICIENT,,True,,,,CURRENT_BAR_UNAVAILABLE,OBSERVATION_INSUFFICIENT,6,0,0,False,0,0,False,INHERITED_RAW_PRICE_BASIS,False,False
2025-07-01|26930,2025-07-01,26930,11:00,13:15,75,PARTIAL,1,4,,,SCALE_INSUFFICIENT,,True,,,,SCALE_UNAVAILABLE,OBSERVATION_INSUFFICIENT,2,0,0,False,0,0,False,INHERITED_RAW_PRICE_BASIS,False,False
2025-07-01|26930,2025-07-01,26930,11:00,13:20,80,PARTIAL,3,2,,,SCALE_INSUFFICIENT,,True,,,,CURRENT_BAR_UNAVAILABLE,WINDOW_OBSERVED,0,0,0,False,0,0,False,INHERITED_RAW_PRICE_BASIS,False,False
2025-07-01|26930,2025-07-01,26930,11:00,13:25,85,COMPLETE,5,0,DOWN,-0.4132231404958678,SCALE_INSUFFICIENT,,True,,,,SCALE_UNAVAILABLE,WINDOW_OBSERVED,0,0,0,False,0,1,False,INHERITED_RAW_PRICE_BASIS,False,False
2025-07-01|26930,2025-07-01,26930,11:00,13:30,90,COMPLETE,5,0,UP,0.4132231404958678,SCALE_INSUFFICIENT,,True,,,RANGE_EXPANSION|VOLUME_COMPRESSION|TRADING_VALUE_COMPRESSION,SCALE_UNAVAILABLE,OBSERVATION_INSUFFICIENT,2,0,0,False,0,2,False,INHERITED_RAW_PRICE_BASIS,True,False
2025-07-01|26930,2025-07-01,26930,11:00,13:35,95,COMPLETE,5,0,UP,0.411522633744856,SCALE_INSUFFICIENT,,True,,,RANGE_EXPANSION|VOLUME_EXPANSION|TRADING_VALUE_EXPANSION,SCALE_UNAVAILABLE,OBSERVATION_INSUFFICIENT,6,0,0,False,0,1,False,INHERITED_RAW_PRICE_BASIS,True,False
2025-07-01|26930,2025-07-01,26930,11:00,13:40,100,PARTIAL,3,2,,,SCALE_INSUFFICIENT,,True,,,,CURRENT_BAR_UNAVAILABLE,OBSERVATION_INSUFFICIENT,6,0,0,False,0,0,False,INHERITED_RAW_PRICE_BASIS,False,False
2025-07-01|26930,2025-07-01,26930,11:00,13:45,105,PARTIAL,1,4,,,SCALE_INSUFFICIENT,,True,,,,CURRENT_BAR_UNAVAILABLE,OBSERVATION_INSUFFICIENT,2,0,0,False,0,0,False,INHERITED_RAW_PRICE_BASIS,False,False
2025-07-01|26930,2025-07-01,26930,11:00,13:50,110,PARTIAL,3,2,,,SCALE_INSUFFICIENT,,True,,,,SCALE_UNAVAILABLE,OBSERVATION_INSUFFICIENT,1,0,0,False,0,0,False,INHERITED_RAW_PRICE_BASIS,False,False
2025-07-01|26930,2025-07-01,26930,11:00,13:55,115,COMPLETE,5,0,UP,0.8298755186721992,SCALE_INSUFFICIENT,,True,,,,SCALE_UNAVAILABLE,OBSERVATION_INSUFFICIENT,5,0,0,False,0,1,False,INHERITED_RAW_PRICE_BASIS,False,False
2025-07-01|26930,2025-07-01,26930,11:00,14:00,120,PARTIAL,4,1,,,SCALE_INSUFFICIENT,,True,,,,SCALE_UNAVAILABLE,OBSERVATION_INSUFFICIENT,7,0,0,False,0,0,False,INHERITED_RAW_PRICE_BASIS,False,False
2025-07-01|26930,2025-07-01,26930,11:00,14:05,125,PARTIAL,1,4,,,SCALE_INSUFFICIENT,,True,,,,CURRENT_BAR_UNAVAILABLE,OBSERVATION_INSUFFICIENT,5,0,0,False,0,0,False,INHERITED_RAW_PRICE_BASIS,False,False
2025-07-01|26930,2025-07-01,26930,11:00,14:10,130,PARTIAL,2,3,,,SCALE_INSUFFICIENT,,True,,,,SCALE_UNAVAILABLE,OBSERVATION_INSUFFICIENT,2,0,0,False,0,0,False,INHERITED_RAW_PRICE_BASIS,False,False
2025-07-01|26930,2025-07-01,26930,11:00,14:15,135,PARTIAL,3,2,,,SCALE_INSUFFICIENT,,True,,,,SCALE_UNAVAILABLE,WINDOW_OBSERVED,0,0,0,False,0,0,False,INHERITED_RAW_PRICE_BASIS,False,False
2025-07-01|26930,2025-07-01,26930,11:00,14:20,140,COMPLETE,5,0,UP,4.132231404958677,SCALE_INSUFFICIENT,,True,,,,SCALE_UNAVAILABLE,OBSERVATION_INSUFFICIENT,1,0,0,False,1,1,False,INHERITED_RAW_PRICE_BASIS,False,False
2025-07-01|26930,2025-07-01,26930,11:00,14:25,145,COMPLETE,5,0,DOWN,-0.398406374501992,SCALE_INSUFFICIENT,,True,,,RANGE_COMPRESSION|VOLUME_COMPRESSION|TRADING_VALUE_COMPRESSION,SCALE_UNAVAILABLE,OBSERVATION_INSUFFICIENT,2,0,0,False,1,0,False,INHERITED_RAW_PRICE_BASIS,True,False
2025-07-01|26930,2025-07-01,26930,11:00,14:30,150,PARTIAL,4,1,,,SCALE_INSUFFICIENT,,True,,,,SCALE_UNAVAILABLE,OBSERVATION_INSUFFICIENT,1,0,0,False,1,1,False,INHERITED_RAW_PRICE_BASIS,False,False
2025-07-01|26930,2025-07-01,26930,11:00,14:35,155,PARTIAL,4,1,,,SCALE_INSUFFICIENT,,True,,,,SCALE_UNAVAILABLE,OBSERVATION_INSUFFICIENT,2,0,0,False,0,0,False,INHERITED_RAW_PRICE_BASIS,False,False
2025-07-01|26930,2025-07-01,26930,11:00,14:40,160,COMPLETE,5,0,DOWN,-1.1627906976744187,SCALE_INSUFFICIENT,,True,,,,SCALE_UNAVAILABLE,OBSERVATION_INSUFFICIENT,4,0,0,False,1,2,False,INHERITED_RAW_PRICE_BASIS,False,False
2025-07-01|26930,2025-07-01,26930,11:00,14:45,165,PARTIAL,3,2,,,SCALE_INSUFFICIENT,,True,,,,CURRENT_BAR_UNAVAILABLE,OBSERVATION_INSUFFICIENT,7,0,0,False,0,1,False,INHERITED_RAW_PRICE_BASIS,False,False
2025-07-01|26930,2025-07-01,26930,11:00,14:50,170,PARTIAL,3,2,,,SCALE_INSUFFICIENT,,True,,,,CURRENT_BAR_UNAVAILABLE,OBSERVATION_INSUFFICIENT,7,0,0,False,0,0,False,INHERITED_RAW_PRICE_BASIS,False,False
2025-07-01|26930,2025-07-01,26930,11:00,14:55,175,UNAVAILABLE,0,5,,,SCALE_INSUFFICIENT,,True,,,,CURRENT_BAR_UNAVAILABLE,OBSERVATION_INSUFFICIENT,3,0,0,False,0,0,False,INHERITED_RAW_PRICE_BASIS,False,False
2025-07-01|26930,2025-07-01,26930,11:00,15:00,180,PARTIAL,3,2,,,SCALE_INSUFFICIENT,,True,,,,SCALE_UNAVAILABLE,OBSERVATION_INSUFFICIENT,4,0,0,False,0,0,False,INHERITED_RAW_PRICE_BASIS,False,False
2025-07-01|26930,2025-07-01,26930,11:00,15:05,185,PARTIAL,4,1,,,SCALE_INSUFFICIENT,,True,,,,SCALE_UNAVAILABLE,OBSERVATION_INSUFFICIENT,5,0,0,False,1,0,False,INHERITED_RAW_PRICE_BASIS,False,False
2025-07-01|26930,2025-07-01,26930,11:00,15:10,190,PARTIAL,2,3,,,SCALE_INSUFFICIENT,,True,,,,CURRENT_BAR_UNAVAILABLE,OBSERVATION_INSUFFICIENT,3,0,0,False,0,0,False,INHERITED_RAW_PRICE_BASIS,False,False
2025-07-01|26930,2025-07-01,26930,11:00,15:15,195,PARTIAL,3,2,,,SCALE_INSUFFICIENT,,True,,,,SCALE_UNAVAILABLE,OBSERVATION_INSUFFICIENT,1,0,0,False,0,0,False,INHERITED_RAW_PRICE_BASIS,False,False
2025-07-01|26930,2025-07-01,26930,11:00,15:20,200,PARTIAL,4,1,,,SCALE_INSUFFICIENT,,True,,,,SCALE_UNAVAILABLE,RIGHT_CENSORED,0,0,0,False,0,1,False,INHERITED_RAW_PRICE_BASIS,False,False
2025-07-01|26930,2025-07-01,26930,11:00,15:25,205,COMPLETE,5,0,DOWN,-1.976284584980237,SCALE_INSUFFICIENT,,True,,,,SCALE_UNAVAILABLE,RIGHT_CENSORED,0,0,0,False,0,1,False,INHERITED_RAW_PRICE_BASIS,False,False
2025-07-01|30700,2025-07-01,30700,14:00,14:00,0,PARTIAL,4,1,,,AVAILABLE,3.0,True,,,,UNRESOLVED_STRUCTURE,OBSERVATION_INSUFFICIENT,3,1,1,False,0,0,False,INHERITED_RAW_PRICE_BASIS,False,False
2025-07-01|30700,2025-07-01,30700,14:00,14:05,5,PARTIAL,3,2,,,AVAILABLE,3.0,True,,,,UNRESOLVED_STRUCTURE,OBSERVATION_INSUFFICIENT,1,0,0,False,0,1,False,INHERITED_RAW_PRICE_BASIS,False,False
2025-07-01|30700,2025-07-01,30700,14:00,14:10,10,PARTIAL,4,1,,,AVAILABLE,3.0,True,,,,UNRESOLVED_STRUCTURE,WINDOW_OBSERVED,0,1,1,False,0,1,False,INHERITED_RAW_PRICE_BASIS,False,False
2025-07-01|30700,2025-07-01,30700,14:00,14:15,15,COMPLETE,5,0,DOWN,-0.8097165991902834,AVAILABLE,3.0,True,,,,UNRESOLVED_STRUCTURE,WINDOW_OBSERVED,0,1,2,False,2,3,False,INHERITED_RAW_PRICE_BASIS,False,False
2025-07-01|30700,2025-07-01,30700,14:00,14:20,20,COMPLETE,5,0,UP,2.0408163265306123,AVAILABLE,3.0,True,,,RANGE_EXPANSION|VOLUME_COMPRESSION|TRADING_VALUE_COMPRESSION,UNRESOLVED_STRUCTURE,OBSERVATION_INSUFFICIENT,4,0,2,False,3,4,False,INHERITED_RAW_PRICE_BASIS,True,False
2025-07-01|30700,2025-07-01,30700,14:00,14:25,25,COMPLETE,5,0,DOWN,-0.398406374501992,AVAILABLE,3.0,True,,,RANGE_COMPRESSION|VOLUME_COMPRESSION|TRADING_VALUE_COMPRESSION,UNRESOLVED_STRUCTURE,OBSERVATION_INSUFFICIENT,4,0,2,False,0,0,False,INHERITED_RAW_PRICE_BASIS,True,False
2025-07-01|30700,2025-07-01,30700,14:00,14:30,30,PARTIAL,1,4,,,AVAILABLE,3.0,True,,,,CURRENT_BAR_UNAVAILABLE,WINDOW_OBSERVED,0,0,0,False,0,0,False,INHERITED_RAW_PRICE_BASIS,False,False
2025-07-01|30700,2025-07-01,30700,14:00,14:35,35,COMPLETE,5,0,DOWN,-1.6,AVAILABLE,3.0,True,,,,UNRESOLVED_STRUCTURE,OBSERVATION_INSUFFICIENT,3,0,1,False,0,0,False,INHERITED_RAW_PRICE_BASIS,False,False
2025-07-01|30700,2025-07-01,30700,14:00,14:40,40,COMPLETE,5,0,UNCHANGED,0.0,AVAILABLE,3.0,True,,,RANGE_COMPRESSION|VOLUME_COMPRESSION|TRADING_VALUE_COMPRESSION,UNRESOLVED_STRUCTURE,OBSERVATION_INSUFFICIENT,6,0,1,False,0,4,False,INHERITED_RAW_PRICE_BASIS,True,False
2025-07-01|30700,2025-07-01,30700,14:00,14:45,45,PARTIAL,2,3,,,AVAILABLE,3.0,True,,,,UNRESOLVED_STRUCTURE,OBSERVATION_INSUFFICIENT,6,0,0,False,0,0,False,INHERITED_RAW_PRICE_BASIS,False,False
2025-07-01|30700,2025-07-01,30700,14:00,14:50,50,PARTIAL,2,3,,,AVAILABLE,3.0,True,,,,UNRESOLVED_STRUCTURE,OBSERVATION_INSUFFICIENT,6,0,0,False,0,0,False,INHERITED_RAW_PRICE_BASIS,False,False
2025-07-01|30700,2025-07-01,30700,14:00,14:55,55,PARTIAL,2,3,,,AVAILABLE,3.0,True,,,,CURRENT_BAR_UNAVAILABLE,OBSERVATION_INSUFFICIENT,5,0,0,False,0,2,False,INHERITED_RAW_PRICE_BASIS,False,False
2025-07-01|30700,2025-07-01,30700,14:00,15:00,60,PARTIAL,2,3,,,AVAILABLE,3.0,True,,,,UNRESOLVED_STRUCTURE,OBSERVATION_INSUFFICIENT,4,0,0,False,0,0,False,INHERITED_RAW_PRICE_BASIS,False,False
2025-07-01|30700,2025-07-01,30700,14:00,15:05,65,PARTIAL,3,2,,,AVAILABLE,3.0,True,,,,UNRESOLVED_STRUCTURE,OBSERVATION_INSUFFICIENT,4,0,0,False,0,0,False,INHERITED_RAW_PRICE_BASIS,False,False
2025-07-01|30700,2025-07-01,30700,14:00,15:10,70,PARTIAL,3,2,,,AVAILABLE,3.0,True,,,,CURRENT_BAR_UNAVAILABLE,OBSERVATION_INSUFFICIENT,3,0,0,False,2,3,False,INHERITED_RAW_PRICE_BASIS,False,False
2025-07-01|30700,2025-07-01,30700,14:00,15:15,75,PARTIAL,3,2,,,AVAILABLE,3.0,True,,,,UNRESOLVED_STRUCTURE,OBSERVATION_INSUFFICIENT,2,0,0,False,0,0,False,INHERITED_RAW_PRICE_BASIS,False,False
2025-07-01|30700,2025-07-01,30700,14:00,15:20,80,PARTIAL,4,1,,,AVAILABLE,3.0,True,,,,UNRESOLVED_STRUCTURE,RIGHT_CENSORED,1,0,0,False,0,2,False,INHERITED_RAW_PRICE_BASIS,False,False
2025-07-01|30700,2025-07-01,30700,14:00,15:25,85,PARTIAL,4,1,,,AVAILABLE,3.0,True,,,,UNRESOLVED_STRUCTURE,RIGHT_CENSORED,0,0,0,False,0,2,False,INHERITED_RAW_PRICE_BASIS,False,False
2025-07-01|35420,2025-07-01,35420,14:30,14:30,0,PARTIAL,4,1,,,AVAILABLE,16.5,True,,,,UNRESOLVED_STRUCTURE,WINDOW_OBSERVED,0,1,1,False,0,1,False,INHERITED_RAW_PRICE_BASIS,False,False
2025-07-01|35420,2025-07-01,35420,14:30,14:35,5,COMPLETE,5,0,DOWN,-1.2302284710017575,AVAILABLE,16.5,True,,,,UNRESOLVED_STRUCTURE,WINDOW_OBSERVED,0,0,1,False,1,1,False,INHERITED_RAW_PRICE_BASIS,False,False
2025-07-01|35420,2025-07-01,35420,14:30,14:40,10,COMPLETE,5,0,DOWN,-0.8902077151335311,AVAILABLE,16.5,True,,,,UNRESOLVED_STRUCTURE,WINDOW_OBSERVED,0,0,1,False,2,2,False,INHERITED_RAW_PRICE_BASIS,True,False
2025-07-01|35420,2025-07-01,35420,14:30,14:45,15,COMPLETE,5,0,DOWN,-0.7784431137724551,AVAILABLE,16.5,True,,,,UNRESOLVED_STRUCTURE,WINDOW_OBSERVED,0,0,1,False,1,2,False,INHERITED_RAW_PRICE_BASIS,True,False
2025-07-01|35420,2025-07-01,35420,14:30,14:50,20,COMPLETE,5,0,DOWN,-1.2121212121212122,AVAILABLE,16.5,True,,,VOLUME_EXPANSION|TRADING_VALUE_EXPANSION,UNRESOLVED_STRUCTURE,WINDOW_OBSERVED,0,0,1,False,1,1,False,INHERITED_RAW_PRICE_BASIS,True,False
2025-07-01|35420,2025-07-01,35420,14:30,14:55,25,COMPLETE,5,0,DOWN,-2.6993865030674846,AVAILABLE,16.5,True,,,RANGE_EXPANSION|VOLUME_EXPANSION|TRADING_VALUE_EXPANSION,UNRESOLVED_STRUCTURE,WINDOW_OBSERVED,0,1,2,False,0,1,False,INHERITED_RAW_PRICE_BASIS,True,False
2025-07-01|35420,2025-07-01,35420,14:30,15:00,30,COMPLETE,5,0,UP,2.58349086326402,AVAILABLE,16.5,True,,,,UNRESOLVED_STRUCTURE,WINDOW_OBSERVED,0,1,3,False,0,0,False,INHERITED_RAW_PRICE_BASIS,True,False
2025-07-01|35420,2025-07-01,35420,14:30,15:05,35,COMPLETE,5,0,DOWN,-0.9236453201970444,AVAILABLE,16.5,True,,,RANGE_COMPRESSION|VOLUME_COMPRESSION|TRADING_VALUE_COMPRESSION,UNRESOLVED_STRUCTURE,WINDOW_OBSERVED,0,0,3,False,0,0,False,INHERITED_RAW_PRICE_BASIS,True,False
2025-07-01|35420,2025-07-01,35420,14:30,15:10,40,COMPLETE,5,0,UP,0.6215040397762586,AVAILABLE,16.5,True,DOWN_STRUCTURE,CORRECTION|RECOVERY,CHOPPINESS|RANGE_EXPANSION|VOLUME_EXPANSION|TRADING_VALUE_EXPANSION,IDENTIFIED,WINDOW_OBSERVED,0,0,4,False,2,2,True,INHERITED_RAW_PRICE_BASIS,True,True
2025-07-01|35420,2025-07-01,35420,14:30,15:15,45,COMPLETE,5,0,UP,0.6180469715698393,AVAILABLE,16.5,True,DOWN_STRUCTURE,PROGRESSION,VOLUME_COMPRESSION|TRADING_VALUE_COMPRESSION,IDENTIFIED,WINDOW_OBSERVED,0,1,5,False,1,1,True,INHERITED_RAW_PRICE_BASIS,True,True
2025-07-01|35420,2025-07-01,35420,14:30,15:20,50,COMPLETE,5,0,DOWN,-0.9208103130755064,AVAILABLE,16.5,True,DOWN_STRUCTURE,PROGRESSION,RANGE_COMPRESSION|VOLUME_COMPRESSION|TRADING_VALUE_COMPRESSION,IDENTIFIED,RIGHT_CENSORED,0,0,5,False,0,0,True,INHERITED_RAW_PRICE_BASIS,True,False
2025-07-01|35420,2025-07-01,35420,14:30,15:25,55,COMPLETE,5,0,UP,1.4879107253564785,AVAILABLE,16.5,True,,RESTRUCTURING,,UNRESOLVED_STRUCTURE,RIGHT_CENSORED,0,0,6,False,1,1,True,INHERITED_RAW_PRICE_BASIS,True,True
2025-07-01|35590,2025-07-01,35590,10:30,10:30,0,PARTIAL,4,1,,,AVAILABLE,7.0,True,,,,UNRESOLVED_STRUCTURE,WINDOW_OBSERVED,0,1,1,False,0,0,False,INHERITED_RAW_PRICE_BASIS,False,False
2025-07-01|35590,2025-07-01,35590,10:30,10:35,5,COMPLETE,5,0,DOWN,-1.0526315789473684,AVAILABLE,7.0,True,,,,UNRESOLVED_STRUCTURE,WINDOW_OBSERVED,0,0,1,False,0,1,False,INHERITED_RAW_PRICE_BASIS,False,False
2025-07-01|35590,2025-07-01,35590,10:30,10:40,10,COMPLETE,5,0,DOWN,-0.7079646017699115,AVAILABLE,7.0,True,,,RANGE_COMPRESSION,UNRESOLVED_STRUCTURE,OBSERVATION_INSUFFICIENT,2,0,1,False,0,0,False,INHERITED_RAW_PRICE_BASIS,True,False
2025-07-01|35590,2025-07-01,35590,10:30,10:45,15,COMPLETE,5,0,DOWN,-0.7142857142857143,AVAILABLE,7.0,True,,,VOLUME_EXPANSION|TRADING_VALUE_EXPANSION,UNRESOLVED_STRUCTURE,OBSERVATION_INSUFFICIENT,3,0,1,False,0,0,False,INHERITED_RAW_PRICE_BASIS,True,False
2025-07-01|35590,2025-07-01,35590,10:30,10:50,20,PARTIAL,3,2,,,AVAILABLE,7.0,True,,,,UNRESOLVED_STRUCTURE,OBSERVATION_INSUFFICIENT,3,0,0,False,0,0,False,INHERITED_RAW_PRICE_BASIS,False,False
2025-07-01|35590,2025-07-01,35590,10:30,10:55,25,PARTIAL,4,1,,,AVAILABLE,7.0,True,,,,UNRESOLVED_STRUCTURE,OBSERVATION_INSUFFICIENT,2,0,0,False,0,0,False,INHERITED_RAW_PRICE_BASIS,False,False
2025-07-01|35590,2025-07-01,35590,10:30,11:00,30,PARTIAL,3,2,,,AVAILABLE,7.0,True,,,,UNRESOLVED_STRUCTURE,OBSERVATION_INSUFFICIENT,1,0,0,False,0,0,False,INHERITED_RAW_PRICE_BASIS,False,False
2025-07-01|35590,2025-07-01,35590,10:30,11:05,35,COMPLETE,5,0,DOWN,-0.17921146953405018,AVAILABLE,7.0,True,,,,UNRESOLVED_STRUCTURE,OBSERVATION_INSUFFICIENT,4,0,0,False,0,0,False,INHERITED_RAW_PRICE_BASIS,False,False
2025-07-01|35590,2025-07-01,35590,10:30,11:10,40,PARTIAL,4,1,,,AVAILABLE,7.0,True,,,,UNRESOLVED_STRUCTURE,OBSERVATION_INSUFFICIENT,4,0,0,False,0,0,False,INHERITED_RAW_PRICE_BASIS,False,False
2025-07-01|35590,2025-07-01,35590,10:30,11:15,45,PARTIAL,2,3,,,AVAILABLE,7.0,True,,,,CURRENT_BAR_UNAVAILABLE,OBSERVATION_INSUFFICIENT,3,0,0,False,0,0,False,INHERITED_RAW_PRICE_BASIS,False,False
2025-07-01|35590,2025-07-01,35590,10:30,11:20,50,PARTIAL,4,1,,,AVAILABLE,7.0,True,,,,UNRESOLVED_STRUCTURE,OBSERVATION_INSUFFICIENT,2,0,0,False,1,1,False,INHERITED_RAW_PRICE_BASIS,False,False
2025-07-01|35590,2025-07-01,35590,10:30,11:25,55,PARTIAL,3,2,,,AVAILABLE,7.0,True,,,,CURRENT_BAR_UNAVAILABLE,WINDOW_OBSERVED,0,0,0,False,0,0,False,INHERITED_RAW_PRICE_BASIS,False,False
2025-07-01|35590,2025-07-01,35590,10:30,11:30,60,COMPLETE,5,0,DOWN,-1.9963702359346642,AVAILABLE,7.0,True,,,,UNRESOLVED_STRUCTURE,WINDOW_OBSERVED,0,0,1,False,1,1,False,INHERITED_RAW_PRICE_BASIS,False,False
2025-07-01|35590,2025-07-01,35590,10:30,12:35,65,COMPLETE,5,0,DOWN,-1.6728624535315986,AVAILABLE,7.0,True,,RECOVERY,,UNRESOLVED_STRUCTURE,WINDOW_OBSERVED,0,1,2,False,1,1,True,INHERITED_RAW_PRICE_BASIS,True,True
2025-07-01|35590,2025-07-01,35590,10:30,12:40,70,COMPLETE,5,0,UP,0.7561436672967864,AVAILABLE,7.0,True,,RECOVERY,RANGE_COMPRESSION|VOLUME_COMPRESSION|TRADING_VALUE_COMPRESSION,UNRESOLVED_STRUCTURE,WINDOW_OBSERVED,0,1,2,False,0,0,True,INHERITED_RAW_PRICE_BASIS,True,False
2025-07-01|35590,2025-07-01,35590,10:30,12:45,75,COMPLETE,5,0,UP,0.18726591760299627,AVAILABLE,7.0,True,,,,UNRESOLVED_STRUCTURE,OBSERVATION_INSUFFICIENT,1,0,2,False,0,1,False,INHERITED_RAW_PRICE_BASIS,True,True
2025-07-01|35590,2025-07-01,35590,10:30,12:50,80,COMPLETE,5,0,DOWN,-1.492537313432836,AVAILABLE,7.0,True,,,RANGE_EXPANSION|VOLUME_EXPANSION|TRADING_VALUE_EXPANSION,UNRESOLVED_STRUCTURE,OBSERVATION_INSUFFICIENT,3,0,3,False,2,2,False,INHERITED_RAW_PRICE_BASIS,True,False
2025-07-01|35590,2025-07-01,35590,10:30,12:55,85,PARTIAL,4,1,,,AVAILABLE,7.0,True,,,,UNRESOLVED_STRUCTURE,OBSERVATION_INSUFFICIENT,4,0,0,False,1,2,False,INHERITED_RAW_PRICE_BASIS,False,False
2025-07-01|35590,2025-07-01,35590,10:30,13:00,90,PARTIAL,3,2,,,AVAILABLE,7.0,True,,,,CURRENT_BAR_UNAVAILABLE,OBSERVATION_INSUFFICIENT,5,0,0,False,0,0,False,INHERITED_RAW_PRICE_BASIS,False,False
2025-07-01|35590,2025-07-01,35590,10:30,13:05,95,PARTIAL,3,2,,,AVAILABLE,7.0,True,,,,CURRENT_BAR_UNAVAILABLE,OBSERVATION_INSUFFICIENT,5,0,0,False,0,0,False,INHERITED_RAW_PRICE_BASIS,False,False
2025-07-01|35590,2025-07-01,35590,10:30,13:10,100,PARTIAL,2,3,,,AVAILABLE,7.0,True,,,,CURRENT_BAR_UNAVAILABLE,OBSERVATION_INSUFFICIENT,2,0,0,False,0,0,False,INHERITED_RAW_PRICE_BASIS,False,False
2025-07-01|35590,2025-07-01,35590,10:30,13:15,105,PARTIAL,3,2,,,AVAILABLE,7.0,True,,,,UNRESOLVED_STRUCTURE,WINDOW_OBSERVED,0,1,1,False,0,0,False,INHERITED_RAW_PRICE_BASIS,False,False
2025-07-01|35590,2025-07-01,35590,10:30,13:20,110,COMPLETE,5,0,UP,0.37593984962406013,AVAILABLE,7.0,True,,,,UNRESOLVED_STRUCTURE,WINDOW_OBSERVED,0,1,1,False,0,0,False,INHERITED_RAW_PRICE_BASIS,False,False
2025-07-01|35590,2025-07-01,35590,10:30,13:25,115,COMPLETE,5,0,UP,1.1235955056179776,AVAILABLE,7.0,True,,,RANGE_EXPANSION|VOLUME_EXPANSION|TRADING_VALUE_EXPANSION,UNRESOLVED_STRUCTURE,OBSERVATION_INSUFFICIENT,1,0,1,False,0,0,False,INHERITED_RAW_PRICE_BASIS,True,False
2025-07-01|35590,2025-07-01,35590,10:30,13:30,120,COMPLETE,5,0,UNCHANGED,0.0,AVAILABLE,7.0,True,,,RANGE_COMPRESSION,UNRESOLVED_STRUCTURE,OBSERVATION_INSUFFICIENT,4,0,1,False,0,0,False,INHERITED_RAW_PRICE_BASIS,True,False
2025-07-01|35590,2025-07-01,35590,10:30,13:35,125,PARTIAL,4,1,,,AVAILABLE,7.0,True,,,,UNRESOLVED_STRUCTURE,OBSERVATION_INSUFFICIENT,3,0,0,False,0,0,False,INHERITED_RAW_PRICE_BASIS,False,False
2025-07-01|35590,2025-07-01,35590,10:30,13:40,130,PARTIAL,2,3,,,AVAILABLE,7.0,True,,,,UNRESOLVED_STRUCTURE,OBSERVATION_INSUFFICIENT,1,0,0,False,0,0,False,INHERITED_RAW_PRICE_BASIS,False,False
2025-07-01|35590,2025-07-01,35590,10:30,13:45,135,COMPLETE,5,0,UP,0.18450184501845018,AVAILABLE,7.0,True,,,CHOPPINESS,UNRESOLVED_STRUCTURE,OBSERVATION_INSUFFICIENT,3,0,0,False,0,0,False,INHERITED_RAW_PRICE_BASIS,False,False
2025-07-01|35590,2025-07-01,35590,10:30,13:50,140,PARTIAL,4,1,,,AVAILABLE,7.0,True,,,,UNRESOLVED_STRUCTURE,OBSERVATION_INSUFFICIENT,4,0,0,False,0,0,False,INHERITED_RAW_PRICE_BASIS,False,False
2025-07-01|35590,2025-07-01,35590,10:30,13:55,145,PARTIAL,3,2,,,AVAILABLE,7.0,True,,,,UNRESOLVED_STRUCTURE,OBSERVATION_INSUFFICIENT,5,0,0,False,0,0,False,INHERITED_RAW_PRICE_BASIS,False,False
2025-07-01|35590,2025-07-01,35590,10:30,14:00,150,PARTIAL,3,2,,,AVAILABLE,7.0,True,,,,UNRESOLVED_STRUCTURE,OBSERVATION_INSUFFICIENT,4,0,0,False,0,0,False,INHERITED_RAW_PRICE_BASIS,False,False
2025-07-01|35590,2025-07-01,35590,10:30,14:05,155,PARTIAL,2,3,,,AVAILABLE,7.0,True,,,,CURRENT_BAR_UNAVAILABLE,OBSERVATION_INSUFFICIENT,5,0,0,False,0,0,False,INHERITED_RAW_PRICE_BASIS,False,False
2025-07-01|35590,2025-07-01,35590,10:30,14:10,160,PARTIAL,4,1,,,AVAILABLE,7.0,True,,,,UNRESOLVED_STRUCTURE,OBSERVATION_INSUFFICIENT,7,0,0,False,0,0,False,INHERITED_RAW_PRICE_BASIS,False,False
2025-07-01|35590,2025-07-01,35590,10:30,14:15,165,PARTIAL,1,4,,,AVAILABLE,7.0,True,,,,UNRESOLVED_STRUCTURE,OBSERVATION_INSUFFICIENT,6,0,0,False,0,0,False,INHERITED_RAW_PRICE_BASIS,False,False
2025-07-01|35590,2025-07-01,35590,10:30,14:20,170,PARTIAL,2,3,,,AVAILABLE,7.0,True,,,,UNRESOLVED_STRUCTURE,OBSERVATION_INSUFFICIENT,6,0,0,False,0,0,False,INHERITED_RAW_PRICE_BASIS,False,False
2025-07-01|35590,2025-07-01,35590,10:30,14:25,175,PARTIAL,2,3,,,AVAILABLE,7.0,True,,,,UNRESOLVED_STRUCTURE,OBSERVATION_INSUFFICIENT,7,0,0,False,0,0,False,INHERITED_RAW_PRICE_BASIS,False,False
2025-07-01|35590,2025-07-01,35590,10:30,14:30,180,PARTIAL,2,3,,,AVAILABLE,7.0,True,,,,CURRENT_BAR_UNAVAILABLE,OBSERVATION_INSUFFICIENT,8,0,0,False,0,0,False,INHERITED_RAW_PRICE_BASIS,False,False
2025-07-01|35590,2025-07-01,35590,10:30,14:35,185,PARTIAL,1,4,,,AVAILABLE,7.0,True,,,,CURRENT_BAR_UNAVAILABLE,OBSERVATION_INSUFFICIENT,6,0,0,False,0,0,False,INHERITED_RAW_PRICE_BASIS,False,False
2025-07-01|35590,2025-07-01,35590,10:30,14:40,190,PARTIAL,1,4,,,AVAILABLE,7.0,True,,,,CURRENT_BAR_UNAVAILABLE,OBSERVATION_INSUFFICIENT,4,0,0,False,0,0,False,INHERITED_RAW_PRICE_BASIS,False,False
2025-07-01|35590,2025-07-01,35590,10:30,14:45,195,PARTIAL,3,2,,,AVAILABLE,7.0,True,,,,UNRESOLVED_STRUCTURE,OBSERVATION_INSUFFICIENT,2,0,0,False,0,0,False,INHERITED_RAW_PRICE_BASIS,False,False
2025-07-01|35590,2025-07-01,35590,10:30,14:50,200,PARTIAL,3,2,,,AVAILABLE,7.0,True,,,,UNRESOLVED_STRUCTURE,WINDOW_OBSERVED,0,1,1,False,0,0,False,INHERITED_RAW_PRICE_BASIS,False,False
2025-07-01|35590,2025-07-01,35590,10:30,14:55,205,COMPLETE,5,0,UP,1.0968921389396709,AVAILABLE,7.0,True,,,,UNRESOLVED_STRUCTURE,OBSERVATION_INSUFFICIENT,3,0,1,False,0,0,False,INHERITED_RAW_PRICE_BASIS,False,False
2025-07-01|35590,2025-07-01,35590,10:30,15:00,210,COMPLETE,5,0,UP,0.3629764065335753,AVAILABLE,7.0,True,,,RANGE_COMPRESSION|VOLUME_COMPRESSION|TRADING_VALUE_COMPRESSION,UNRESOLVED_STRUCTURE,OBSERVATION_INSUFFICIENT,6,0,1,False,0,0,False,INHERITED_RAW_PRICE_BASIS,True,False
2025-07-01|35590,2025-07-01,35590,10:30,15:05,215,PARTIAL,2,3,,,AVAILABLE,7.0,True,,,,CURRENT_BAR_UNAVAILABLE,OBSERVATION_INSUFFICIENT,3,0,0,False,0,0,False,INHERITED_RAW_PRICE_BASIS,False,False
2025-07-01|35590,2025-07-01,35590,10:30,15:10,220,PARTIAL,2,3,,,AVAILABLE,7.0,True,,,,CURRENT_BAR_UNAVAILABLE,OBSERVATION_INSUFFICIENT,1,0,0,False,0,0,False,INHERITED_RAW_PRICE_BASIS,False,False
2025-07-01|35590,2025-07-01,35590,10:30,15:15,225,COMPLETE,5,0,DOWN,-1.465201465201465,AVAILABLE,7.0,True,,,,UNRESOLVED_STRUCTURE,OBSERVATION_INSUFFICIENT,2,0,0,False,0,0,False,INHERITED_RAW_PRICE_BASIS,False,False
2025-07-01|35590,2025-07-01,35590,10:30,15:20,230,PARTIAL,4,1,,,AVAILABLE,7.0,True,,,,UNRESOLVED_STRUCTURE,RIGHT_CENSORED,1,0,0,False,0,0,False,INHERITED_RAW_PRICE_BASIS,False,False
2025-07-01|35590,2025-07-01,35590,10:30,15:25,235,PARTIAL,4,1,,,AVAILABLE,7.0,True,,,,CURRENT_BAR_UNAVAILABLE,RIGHT_CENSORED,0,0,0,False,0,0,False,INHERITED_RAW_PRICE_BASIS,False,False
2025-07-01|36700,2025-07-01,36700,10:30,10:30,0,PARTIAL,2,3,,,SCALE_INSUFFICIENT,,True,,,,CURRENT_BAR_UNAVAILABLE,OBSERVATION_INSUFFICIENT,10,0,0,False,0,0,False,INHERITED_RAW_PRICE_BASIS,False,False
2025-07-01|36700,2025-07-01,36700,10:30,10:35,5,UNAVAILABLE,0,5,,,SCALE_INSUFFICIENT,,True,,,,CURRENT_BAR_UNAVAILABLE,OBSERVATION_INSUFFICIENT,9,0,0,False,0,0,False,INHERITED_RAW_PRICE_BASIS,False,False
2025-07-01|36700,2025-07-01,36700,10:30,10:40,10,UNAVAILABLE,0,5,,,SCALE_INSUFFICIENT,,True,,,,CURRENT_BAR_UNAVAILABLE,OBSERVATION_INSUFFICIENT,6,0,0,False,0,0,False,INHERITED_RAW_PRICE_BASIS,False,False
2025-07-01|36700,2025-07-01,36700,10:30,10:45,15,PARTIAL,1,4,,,SCALE_INSUFFICIENT,,True,,,,CURRENT_BAR_UNAVAILABLE,OBSERVATION_INSUFFICIENT,6,0,0,False,0,0,False,INHERITED_RAW_PRICE_BASIS,False,False
2025-07-01|36700,2025-07-01,36700,10:30,10:50,20,PARTIAL,3,2,,,SCALE_INSUFFICIENT,,True,,,,SCALE_UNAVAILABLE,OBSERVATION_INSUFFICIENT,7,0,0,False,1,0,False,INHERITED_RAW_PRICE_BASIS,False,False
2025-07-01|36700,2025-07-01,36700,10:30,10:55,25,PARTIAL,1,4,,,SCALE_INSUFFICIENT,,True,,,,CURRENT_BAR_UNAVAILABLE,OBSERVATION_INSUFFICIENT,5,0,0,False,0,0,False,INHERITED_RAW_PRICE_BASIS,False,False
2025-07-01|36700,2025-07-01,36700,10:30,11:00,30,PARTIAL,2,3,,,SCALE_INSUFFICIENT,,True,,,,SCALE_UNAVAILABLE,OBSERVATION_INSUFFICIENT,5,0,0,False,0,0,False,INHERITED_RAW_PRICE_BASIS,False,False
2025-07-01|36700,2025-07-01,36700,10:30,11:05,35,PARTIAL,3,2,,,SCALE_INSUFFICIENT,,True,,,,SCALE_UNAVAILABLE,OBSERVATION_INSUFFICIENT,7,0,0,False,0,0,False,INHERITED_RAW_PRICE_BASIS,False,False
2025-07-01|36700,2025-07-01,36700,10:30,11:10,40,PARTIAL,2,3,,,SCALE_INSUFFICIENT,,True,,,,CURRENT_BAR_UNAVAILABLE,OBSERVATION_INSUFFICIENT,9,0,0,False,0,0,False,INHERITED_RAW_PRICE_BASIS,False,False
2025-07-01|36700,2025-07-01,36700,10:30,11:15,45,PARTIAL,1,4,,,SCALE_INSUFFICIENT,,True,,,,CURRENT_BAR_UNAVAILABLE,OBSERVATION_INSUFFICIENT,8,0,0,False,0,0,False,INHERITED_RAW_PRICE_BASIS,False,False
2025-07-01|36700,2025-07-01,36700,10:30,11:20,50,UNAVAILABLE,0,5,,,SCALE_INSUFFICIENT,,True,,,,CURRENT_BAR_UNAVAILABLE,OBSERVATION_INSUFFICIENT,8,0,0,False,0,0,False,INHERITED_RAW_PRICE_BASIS,False,False
2025-07-01|36700,2025-07-01,36700,10:30,11:25,55,PARTIAL,2,3,,,SCALE_INSUFFICIENT,,True,,,,SCALE_UNAVAILABLE,OBSERVATION_INSUFFICIENT,9,0,0,False,0,0,False,INHERITED_RAW_PRICE_BASIS,False,False
2025-07-01|36700,2025-07-01,36700,10:30,11:30,60,UNAVAILABLE,0,5,,,SCALE_INSUFFICIENT,,True,,,,CURRENT_BAR_UNAVAILABLE,OBSERVATION_INSUFFICIENT,7,0,0,False,0,0,False,INHERITED_RAW_PRICE_BASIS,False,False
2025-07-01|36700,2025-07-01,36700,10:30,12:35,65,PARTIAL,1,4,,,SCALE_INSUFFICIENT,,True,,,,CURRENT_BAR_UNAVAILABLE,OBSERVATION_INSUFFICIENT,7,0,0,False,0,0,False,INHERITED_RAW_PRICE_BASIS,False,False
2025-07-01|36700,2025-07-01,36700,10:30,12:40,70,PARTIAL,2,3,,,SCALE_INSUFFICIENT,,True,,,,SCALE_UNAVAILABLE,OBSERVATION_INSUFFICIENT,9,0,0,False,0,0,False,INHERITED_RAW_PRICE_BASIS,False,False
2025-07-01|36700,2025-07-01,36700,10:30,12:45,75,PARTIAL,1,4,,,SCALE_INSUFFICIENT,,True,,,,CURRENT_BAR_UNAVAILABLE,OBSERVATION_INSUFFICIENT,9,0,0,False,0,0,False,INHERITED_RAW_PRICE_BASIS,False,False
2025-07-01|36700,2025-07-01,36700,10:30,12:50,80,UNAVAILABLE,0,5,,,SCALE_INSUFFICIENT,,True,,,,CURRENT_BAR_UNAVAILABLE,OBSERVATION_INSUFFICIENT,9,0,0,False,0,0,False,INHERITED_RAW_PRICE_BASIS,False,False
2025-07-01|36700,2025-07-01,36700,10:30,12:55,85,PARTIAL,1,4,,,SCALE_INSUFFICIENT,,True,,,,CURRENT_BAR_UNAVAILABLE,OBSERVATION_INSUFFICIENT,10,0,0,False,0,0,False,INHERITED_RAW_PRICE_BASIS,False,False
2025-07-01|36700,2025-07-01,36700,10:30,13:00,90,UNAVAILABLE,0,5,,,SCALE_INSUFFICIENT,,True,,,,CURRENT_BAR_UNAVAILABLE,OBSERVATION_INSUFFICIENT,10,0,0,False,0,0,False,INHERITED_RAW_PRICE_BASIS,False,False
2025-07-01|36700,2025-07-01,36700,10:30,13:05,95,UNAVAILABLE,0,5,,,SCALE_INSUFFICIENT,,True,,,,CURRENT_BAR_UNAVAILABLE,OBSERVATION_INSUFFICIENT,10,0,0,False,0,0,False,INHERITED_RAW_PRICE_BASIS,False,False
2025-07-01|36700,2025-07-01,36700,10:30,13:10,100,UNAVAILABLE,0,5,,,SCALE_INSUFFICIENT,,True,,,,CURRENT_BAR_UNAVAILABLE,OBSERVATION_INSUFFICIENT,8,0,0,False,0,0,False,INHERITED_RAW_PRICE_BASIS,False,False
2025-07-01|36700,2025-07-01,36700,10:30,13:15,105,UNAVAILABLE,0,5,,,SCALE_INSUFFICIENT,,True,,,,CURRENT_BAR_UNAVAILABLE,OBSERVATION_INSUFFICIENT,8,0,0,False,0,0,False,INHERITED_RAW_PRICE_BASIS,False,False
2025-07-01|36700,2025-07-01,36700,10:30,13:20,110,PARTIAL,2,3,,,SCALE_INSUFFICIENT,,True,,,,CURRENT_BAR_UNAVAILABLE,OBSERVATION_INSUFFICIENT,10,0,0,False,0,0,False,INHERITED_RAW_PRICE_BASIS,False,False
2025-07-01|36700,2025-07-01,36700,10:30,13:25,115,UNAVAILABLE,0,5,,,SCALE_INSUFFICIENT,,True,,,,CURRENT_BAR_UNAVAILABLE,OBSERVATION_INSUFFICIENT,10,0,0,False,0,0,False,INHERITED_RAW_PRICE_BASIS,False,False
2025-07-01|36700,2025-07-01,36700,10:30,13:30,120,UNAVAILABLE,0,5,,,SCALE_INSUFFICIENT,,True,,,,CURRENT_BAR_UNAVAILABLE,OBSERVATION_INSUFFICIENT,9,0,0,False,0,0,False,INHERITED_RAW_PRICE_BASIS,False,False
2025-07-01|36700,2025-07-01,36700,10:30,13:35,125,UNAVAILABLE,0,5,,,SCALE_INSUFFICIENT,,True,,,,CURRENT_BAR_UNAVAILABLE,OBSERVATION_INSUFFICIENT,9,0,0,False,0,0,False,INHERITED_RAW_PRICE_BASIS,False,False
2025-07-01|36700,2025-07-01,36700,10:30,13:40,130,PARTIAL,1,4,,,SCALE_INSUFFICIENT,,True,,,,CURRENT_BAR_UNAVAILABLE,OBSERVATION_INSUFFICIENT,9,0,0,False,0,0,False,INHERITED_RAW_PRICE_BASIS,False,False
2025-07-01|36700,2025-07-01,36700,10:30,13:45,135,UNAVAILABLE,0,5,,,SCALE_INSUFFICIENT,,True,,,,CURRENT_BAR_UNAVAILABLE,OBSERVATION_INSUFFICIENT,9,0,0,False,0,0,False,INHERITED_RAW_PRICE_BASIS,False,False
2025-07-01|36700,2025-07-01,36700,10:30,13:50,140,PARTIAL,1,4,,,SCALE_INSUFFICIENT,,True,,,,CURRENT_BAR_UNAVAILABLE,OBSERVATION_INSUFFICIENT,10,0,0,False,0,0,False,INHERITED_RAW_PRICE_BASIS,False,False
2025-07-01|36700,2025-07-01,36700,10:30,13:55,145,UNAVAILABLE,0,5,,,SCALE_INSUFFICIENT,,True,,,,CURRENT_BAR_UNAVAILABLE,OBSERVATION_INSUFFICIENT,8,0,0,False,0,0,False,INHERITED_RAW_PRICE_BASIS,False,False
2025-07-01|36700,2025-07-01,36700,10:30,14:00,150,UNAVAILABLE,0,5,,,SCALE_INSUFFICIENT,,True,,,,CURRENT_BAR_UNAVAILABLE,OBSERVATION_INSUFFICIENT,8,0,0,False,0,0,False,INHERITED_RAW_PRICE_BASIS,False,False
2025-07-01|36700,2025-07-01,36700,10:30,14:05,155,PARTIAL,2,3,,,SCALE_INSUFFICIENT,,True,,,,CURRENT_BAR_UNAVAILABLE,OBSERVATION_INSUFFICIENT,10,0,0,False,0,0,False,INHERITED_RAW_PRICE_BASIS,False,False
2025-07-01|36700,2025-07-01,36700,10:30,14:10,160,UNAVAILABLE,0,5,,,SCALE_INSUFFICIENT,,True,,,,CURRENT_BAR_UNAVAILABLE,OBSERVATION_INSUFFICIENT,10,0,0,False,0,0,False,INHERITED_RAW_PRICE_BASIS,False,False
2025-07-01|36700,2025-07-01,36700,10:30,14:15,165,UNAVAILABLE,0,5,,,SCALE_INSUFFICIENT,,True,,,,CURRENT_BAR_UNAVAILABLE,OBSERVATION_INSUFFICIENT,10,0,0,False,0,0,False,INHERITED_RAW_PRICE_BASIS,False,False
2025-07-01|36700,2025-07-01,36700,10:30,14:20,170,UNAVAILABLE,0,5,,,SCALE_INSUFFICIENT,,True,,,,CURRENT_BAR_UNAVAILABLE,OBSERVATION_INSUFFICIENT,9,0,0,False,0,0,False,INHERITED_RAW_PRICE_BASIS,False,False
2025-07-01|36700,2025-07-01,36700,10:30,14:25,175,UNAVAILABLE,0,5,,,SCALE_INSUFFICIENT,,True,,,,CURRENT_BAR_UNAVAILABLE,OBSERVATION_INSUFFICIENT,9,0,0,False,0,0,False,INHERITED_RAW_PRICE_BASIS,False,False
2025-07-01|36700,2025-07-01,36700,10:30,14:30,180,PARTIAL,1,4,,,SCALE_INSUFFICIENT,,True,,,,CURRENT_BAR_UNAVAILABLE,OBSERVATION_INSUFFICIENT,8,0,0,False,0,0,False,INHERITED_RAW_PRICE_BASIS,False,False
2025-07-01|36700,2025-07-01,36700,10:30,14:35,185,UNAVAILABLE,0,5,,,SCALE_INSUFFICIENT,,True,,,,CURRENT_BAR_UNAVAILABLE,OBSERVATION_INSUFFICIENT,6,0,0,False,0,0,False,INHERITED_RAW_PRICE_BASIS,False,False
2025-07-01|36700,2025-07-01,36700,10:30,14:40,190,PARTIAL,2,3,,,SCALE_INSUFFICIENT,,True,,,,SCALE_UNAVAILABLE,OBSERVATION_INSUFFICIENT,8,0,0,False,0,0,False,INHERITED_RAW_PRICE_BASIS,False,False
2025-07-01|36700,2025-07-01,36700,10:30,14:45,195,PARTIAL,2,3,,,SCALE_INSUFFICIENT,,True,,,,CURRENT_BAR_UNAVAILABLE,OBSERVATION_INSUFFICIENT,9,0,0,False,0,0,False,INHERITED_RAW_PRICE_BASIS,False,False
2025-07-01|36700,2025-07-01,36700,10:30,14:50,200,UNAVAILABLE,0,5,,,SCALE_INSUFFICIENT,,True,,,,CURRENT_BAR_UNAVAILABLE,OBSERVATION_INSUFFICIENT,9,0,0,False,0,0,False,INHERITED_RAW_PRICE_BASIS,False,False
2025-07-01|36700,2025-07-01,36700,10:30,14:55,205,PARTIAL,1,4,,,SCALE_INSUFFICIENT,,True,,,,CURRENT_BAR_UNAVAILABLE,OBSERVATION_INSUFFICIENT,10,0,0,False,0,0,False,INHERITED_RAW_PRICE_BASIS,False,False
2025-07-01|36700,2025-07-01,36700,10:30,15:00,210,UNAVAILABLE,0,5,,,SCALE_INSUFFICIENT,,True,,,,CURRENT_BAR_UNAVAILABLE,OBSERVATION_INSUFFICIENT,9,0,0,False,0,0,False,INHERITED_RAW_PRICE_BASIS,False,False
2025-07-01|36700,2025-07-01,36700,10:30,15:05,215,UNAVAILABLE,0,5,,,SCALE_INSUFFICIENT,,True,,,,CURRENT_BAR_UNAVAILABLE,OBSERVATION_INSUFFICIENT,8,0,0,False,0,0,False,INHERITED_RAW_PRICE_BASIS,False,False
2025-07-01|36700,2025-07-01,36700,10:30,15:10,220,PARTIAL,1,4,,,SCALE_INSUFFICIENT,,True,,,,SCALE_UNAVAILABLE,OBSERVATION_INSUFFICIENT,7,0,0,False,0,0,False,INHERITED_RAW_PRICE_BASIS,False,False
2025-07-01|36700,2025-07-01,36700,10:30,15:15,225,PARTIAL,1,4,,,SCALE_INSUFFICIENT,,True,,,,CURRENT_BAR_UNAVAILABLE,OBSERVATION_INSUFFICIENT,6,0,0,False,0,0,False,INHERITED_RAW_PRICE_BASIS,False,False
2025-07-01|36700,2025-07-01,36700,10:30,15:20,230,PARTIAL,2,3,,,SCALE_INSUFFICIENT,,True,,,,SCALE_UNAVAILABLE,RIGHT_CENSORED,3,0,0,False,0,0,False,INHERITED_RAW_PRICE_BASIS,False,False
2025-07-01|36700,2025-07-01,36700,10:30,15:25,235,PARTIAL,2,3,,,SCALE_INSUFFICIENT,,True,,,,SCALE_UNAVAILABLE,RIGHT_CENSORED,0,0,0,False,0,0,False,INHERITED_RAW_PRICE_BASIS,False,False
2025-07-01|369A0,2025-07-01,369A0,15:00,15:00,0,COMPLETE,5,0,DOWN,-0.2561912894961571,AVAILABLE,27.0,False,,,,UNRESOLVED_STRUCTURE,WINDOW_OBSERVED,0,0,1,False,2,2,False,INHERITED_RAW_PRICE_BASIS,False,False
2025-07-01|369A0,2025-07-01,369A0,15:00,15:05,5,COMPLETE,5,0,DOWN,-0.47068891741548996,AVAILABLE,27.0,False,,,RANGE_COMPRESSION,UNRESOLVED_STRUCTURE,WINDOW_OBSERVED,0,1,2,False,4,2,False,INHERITED_RAW_PRICE_BASIS,True,False
2025-07-01|369A0,2025-07-01,369A0,15:00,15:10,10,COMPLETE,5,0,UP,0.30055817947617003,AVAILABLE,27.0,False,RANGE_STRUCTURE,BALANCE|RECOVERY,VOLUME_COMPRESSION|TRADING_VALUE_COMPRESSION,IDENTIFIED,WINDOW_OBSERVED,0,1,2,True,1,1,True,INHERITED_RAW_PRICE_BASIS,True,True
2025-07-01|369A0,2025-07-01,369A0,15:00,15:15,15,COMPLETE,5,0,UP,0.7725321888412017,AVAILABLE,27.0,False,RANGE_STRUCTURE,BALANCE|RECOVERY,RANGE_EXPANSION|VOLUME_EXPANSION|TRADING_VALUE_EXPANSION,IDENTIFIED,WINDOW_OBSERVED,0,0,2,True,4,2,True,INHERITED_RAW_PRICE_BASIS,True,False
2025-07-01|369A0,2025-07-01,369A0,15:00,15:20,20,COMPLETE,5,0,UP,0.6811409110259685,AVAILABLE,27.0,False,RANGE_STRUCTURE,BALANCE|RECOVERY,RANGE_COMPRESSION|VOLUME_COMPRESSION|TRADING_VALUE_COMPRESSION,IDENTIFIED,RIGHT_CENSORED,0,0,2,True,2,2,True,INHERITED_RAW_PRICE_BASIS,True,False
2025-07-01|369A0,2025-07-01,369A0,15:00,15:25,25,COMPLETE,5,0,DOWN,-0.6342494714587738,AVAILABLE,27.0,False,RANGE_STRUCTURE,BALANCE|RECOVERY,VOLUME_EXPANSION|TRADING_VALUE_EXPANSION,IDENTIFIED,RIGHT_CENSORED,0,0,2,True,2,2,True,INHERITED_RAW_PRICE_BASIS,True,False
2025-07-01|373A0,2025-07-01,373A0,15:00,15:00,0,COMPLETE,5,0,DOWN,-1.6313213703099512,AVAILABLE,21.0,False,DOWN_STRUCTURE,PROGRESSION,,IDENTIFIED,WINDOW_OBSERVED,0,0,8,False,3,2,True,INHERITED_RAW_PRICE_BASIS,False,False
2025-07-01|373A0,2025-07-01,373A0,15:00,15:05,5,COMPLETE,5,0,DOWN,-1.1900826446280992,AVAILABLE,21.0,False,DOWN_STRUCTURE,PROGRESSION,RANGE_COMPRESSION,IDENTIFIED,WINDOW_OBSERVED,0,0,8,False,0,0,True,INHERITED_RAW_PRICE_BASIS,True,False
2025-07-01|373A0,2025-07-01,373A0,15:00,15:10,10,COMPLETE,5,0,DOWN,-1.4740368509212731,AVAILABLE,21.0,False,DOWN_STRUCTURE,PROGRESSION,RANGE_EXPANSION|VOLUME_EXPANSION|TRADING_VALUE_EXPANSION,IDENTIFIED,WINDOW_OBSERVED,0,0,8,False,0,0,True,INHERITED_RAW_PRICE_BASIS,True,False
2025-07-01|373A0,2025-07-01,373A0,15:00,15:15,15,COMPLETE,5,0,UP,0.40830214358625383,AVAILABLE,21.0,False,DOWN_STRUCTURE,PROGRESSION,,IDENTIFIED,WINDOW_OBSERVED,0,0,10,False,0,0,True,INHERITED_RAW_PRICE_BASIS,True,False
2025-07-01|373A0,2025-07-01,373A0,15:00,15:20,20,COMPLETE,5,0,DOWN,-0.47441545238902066,AVAILABLE,21.0,False,DOWN_STRUCTURE,PROGRESSION,CHOPPINESS|RANGE_COMPRESSION|VOLUME_COMPRESSION|TRADING_VALUE_COMPRESSION,IDENTIFIED,RIGHT_CENSORED,0,0,10,False,0,0,True,INHERITED_RAW_PRICE_BASIS,True,False
2025-07-01|373A0,2025-07-01,373A0,15:00,15:25,25,COMPLETE,5,0,UP,0.6122448979591837,AVAILABLE,21.0,False,DOWN_STRUCTURE,CORRECTION|RECOVERY,CHOPPINESS,IDENTIFIED,RIGHT_CENSORED,0,0,11,False,0,0,True,INHERITED_RAW_PRICE_BASIS,True,True
2025-07-01|38100,2025-07-01,38100,09:30,09:30,0,COMPLETE,5,0,UP,0.29850746268656714,AVAILABLE,3.5,True,DOWN_STRUCTURE,CORRECTION|RECOVERY,CHOPPINESS|RANGE_COMPRESSION|VOLUME_COMPRESSION|TRADING_VALUE_COMPRESSION,IDENTIFIED,WINDOW_OBSERVED,0,0,8,False,0,0,True,INHERITED_RAW_PRICE_BASIS,False,False
2025-07-01|38100,2025-07-01,38100,09:30,09:35,5,COMPLETE,5,0,UP,0.5934718100890207,AVAILABLE,3.5,True,DOWN_STRUCTURE,CORRECTION|RECOVERY,RANGE_EXPANSION|VOLUME_EXPANSION|TRADING_VALUE_EXPANSION,IDENTIFIED,WINDOW_OBSERVED,0,0,8,False,0,0,True,INHERITED_RAW_PRICE_BASIS,True,False
2025-07-01|38100,2025-07-01,38100,09:30,09:40,10,COMPLETE,5,0,DOWN,-0.8849557522123894,AVAILABLE,3.5,True,DOWN_STRUCTURE,PROGRESSION,,IDENTIFIED,WINDOW_OBSERVED,0,0,9,False,0,1,True,INHERITED_RAW_PRICE_BASIS,True,True
2025-07-01|38100,2025-07-01,38100,09:30,09:45,15,COMPLETE,5,0,UNCHANGED,0.0,AVAILABLE,3.5,True,DOWN_STRUCTURE,PROGRESSION,RANGE_COMPRESSION|VOLUME_COMPRESSION|TRADING_VALUE_COMPRESSION,IDENTIFIED,WINDOW_OBSERVED,0,0,9,False,0,0,True,INHERITED_RAW_PRICE_BASIS,True,False
2025-07-01|38100,2025-07-01,38100,09:30,09:50,20,COMPLETE,5,0,DOWN,-0.29850746268656714,AVAILABLE,3.5,True,DOWN_STRUCTURE,PROGRESSION,RANGE_COMPRESSION|VOLUME_COMPRESSION|TRADING_VALUE_COMPRESSION,IDENTIFIED,WINDOW_OBSERVED,0,0,9,False,0,0,True,INHERITED_RAW_PRICE_BASIS,True,False
2025-07-01|38100,2025-07-01,38100,09:30,09:55,25,COMPLETE,5,0,UNCHANGED,0.0,AVAILABLE,3.5,True,DOWN_STRUCTURE,PROGRESSION,VOLUME_EXPANSION|TRADING_VALUE_EXPANSION,IDENTIFIED,WINDOW_OBSERVED,0,0,9,False,0,1,True,INHERITED_RAW_PRICE_BASIS,True,False
2025-07-01|38100,2025-07-01,38100,09:30,10:00,30,COMPLETE,5,0,DOWN,-2.9940119760479043,AVAILABLE,3.5,True,DOWN_STRUCTURE,PROGRESSION,RANGE_EXPANSION|VOLUME_EXPANSION|TRADING_VALUE_EXPANSION,IDENTIFIED,WINDOW_OBSERVED,0,0,9,False,1,2,True,INHERITED_RAW_PRICE_BASIS,True,False
2025-07-01|38100,2025-07-01,38100,09:30,10:05,35,COMPLETE,5,0,DOWN,-0.6153846153846154,AVAILABLE,3.5,True,DOWN_STRUCTURE,PROGRESSION,CHOPPINESS|RANGE_COMPRESSION|VOLUME_COMPRESSION|TRADING_VALUE_COMPRESSION,IDENTIFIED,WINDOW_OBSERVED,0,0,9,False,1,0,True,INHERITED_RAW_PRICE_BASIS,True,False
2025-07-01|38100,2025-07-01,38100,09:30,10:10,40,COMPLETE,5,0,UP,0.6191950464396285,AVAILABLE,3.5,True,DOWN_STRUCTURE,CORRECTION|RECOVERY,VOLUME_COMPRESSION|TRADING_VALUE_COMPRESSION,IDENTIFIED,WINDOW_OBSERVED,0,1,10,False,0,0,True,INHERITED_RAW_PRICE_BASIS,True,True
2025-07-01|38100,2025-07-01,38100,09:30,10:15,45,COMPLETE,5,0,UNCHANGED,0.0,AVAILABLE,3.5,True,DOWN_STRUCTURE,CORRECTION|RECOVERY,CHOPPINESS,IDENTIFIED,OBSERVATION_INSUFFICIENT,1,1,10,False,0,0,True,INHERITED_RAW_PRICE_BASIS,True,False
2025-07-01|38100,2025-07-01,38100,09:30,10:20,50,COMPLETE,5,0,UP,0.6134969325153374,AVAILABLE,3.5,True,DOWN_STRUCTURE,CORRECTION|RECOVERY,VOLUME_EXPANSION|TRADING_VALUE_EXPANSION,IDENTIFIED,OBSERVATION_INSUFFICIENT,1,0,10,False,0,0,True,INHERITED_RAW_PRICE_BASIS,True,False
2025-07-01|38100,2025-07-01,38100,09:30,10:25,55,PARTIAL,4,1,,,AVAILABLE,3.5,True,,,,CURRENT_BAR_UNAVAILABLE,WINDOW_OBSERVED,0,0,0,False,0,0,False,INHERITED_RAW_PRICE_BASIS,False,False
2025-07-01|38100,2025-07-01,38100,09:30,10:30,60,COMPLETE,5,0,UNCHANGED,0.0,AVAILABLE,3.5,True,,,,UNRESOLVED_STRUCTURE,WINDOW_OBSERVED,0,0,0,False,0,0,False,INHERITED_RAW_PRICE_BASIS,False,False
2025-07-01|38100,2025-07-01,38100,09:30,10:35,65,COMPLETE,5,0,DOWN,-0.3058103975535168,AVAILABLE,3.5,True,,,VOLUME_COMPRESSION|TRADING_VALUE_COMPRESSION,UNRESOLVED_STRUCTURE,WINDOW_OBSERVED,0,0,0,False,0,0,False,INHERITED_RAW_PRICE_BASIS,True,False
2025-07-01|38100,2025-07-01,38100,09:30,10:40,70,COMPLETE,5,0,DOWN,-0.3058103975535168,AVAILABLE,3.5,True,,,,UNRESOLVED_STRUCTURE,WINDOW_OBSERVED,0,0,0,False,0,0,False,INHERITED_RAW_PRICE_BASIS,True,False
2025-07-01|38100,2025-07-01,38100,09:30,10:45,75,COMPLETE,5,0,UP,0.3067484662576687,AVAILABLE,3.5,True,,,VOLUME_EXPANSION|TRADING_VALUE_EXPANSION,UNRESOLVED_STRUCTURE,WINDOW_OBSERVED,0,0,0,False,0,0,False,INHERITED_RAW_PRICE_BASIS,True,False
2025-07-01|38100,2025-07-01,38100,09:30,10:50,80,COMPLETE,5,0,UNCHANGED,0.0,AVAILABLE,3.5,True,,,RANGE_EXPANSION|VOLUME_EXPANSION|TRADING_VALUE_EXPANSION,UNRESOLVED_STRUCTURE,OBSERVATION_INSUFFICIENT,1,0,0,False,0,0,False,INHERITED_RAW_PRICE_BASIS,True,False
2025-07-01|38100,2025-07-01,38100,09:30,10:55,85,COMPLETE,5,0,UP,0.3058103975535168,AVAILABLE,3.5,True,,,RANGE_COMPRESSION|VOLUME_COMPRESSION|TRADING_VALUE_COMPRESSION,UNRESOLVED_STRUCTURE,OBSERVATION_INSUFFICIENT,1,0,0,False,0,0,False,INHERITED_RAW_PRICE_BASIS,True,False
2025-07-01|38100,2025-07-01,38100,09:30,11:00,90,PARTIAL,4,1,,,AVAILABLE,3.5,True,,,,UNRESOLVED_STRUCTURE,WINDOW_OBSERVED,0,0,0,False,0,0,False,INHERITED_RAW_PRICE_BASIS,False,False
2025-07-01|38100,2025-07-01,38100,09:30,11:05,95,COMPLETE,5,0,DOWN,-0.3067484662576687,AVAILABLE,3.5,True,,,,UNRESOLVED_STRUCTURE,WINDOW_OBSERVED,0,0,0,False,0,0,False,INHERITED_RAW_PRICE_BASIS,False,False
2025-07-01|38100,2025-07-01,38100,09:30,11:10,100,COMPLETE,5,0,DOWN,-0.3076923076923077,AVAILABLE,3.5,True,,,RANGE_COMPRESSION|VOLUME_COMPRESSION|TRADING_VALUE_COMPRESSION,UNRESOLVED_STRUCTURE,OBSERVATION_INSUFFICIENT,1,0,0,False,0,0,False,INHERITED_RAW_PRICE_BASIS,True,False
2025-07-01|38100,2025-07-01,38100,09:30,11:15,105,COMPLETE,5,0,UNCHANGED,0.0,AVAILABLE,3.5,True,,,RANGE_COMPRESSION,UNRESOLVED_STRUCTURE,OBSERVATION_INSUFFICIENT,1,0,0,False,0,0,False,INHERITED_RAW_PRICE_BASIS,True,False
2025-07-01|38100,2025-07-01,38100,09:30,11:20,110,PARTIAL,4,1,,,AVAILABLE,3.5,True,,,,UNRESOLVED_STRUCTURE,WINDOW_OBSERVED,0,0,0,False,0,0,False,INHERITED_RAW_PRICE_BASIS,False,False
2025-07-01|38100,2025-07-01,38100,09:30,11:25,115,COMPLETE,5,0,UP,0.3076923076923077,AVAILABLE,3.5,True,,,,UNRESOLVED_STRUCTURE,WINDOW_OBSERVED,0,0,0,False,0,0,False,INHERITED_RAW_PRICE_BASIS,False,False
2025-07-01|38100,2025-07-01,38100,09:30,11:30,120,COMPLETE,5,0,UNCHANGED,0.0,AVAILABLE,3.5,True,,,,UNRESOLVED_STRUCTURE,WINDOW_OBSERVED,0,0,0,False,0,0,False,INHERITED_RAW_PRICE_BASIS,True,False
2025-07-01|38100,2025-07-01,38100,09:30,12:35,125,COMPLETE,5,0,DOWN,-0.6097560975609756,AVAILABLE,3.5,True,,,,UNRESOLVED_STRUCTURE,WINDOW_OBSERVED,0,0,0,False,0,0,False,INHERITED_RAW_PRICE_BASIS,True,False
2025-07-01|38100,2025-07-01,38100,09:30,12:40,130,COMPLETE,5,0,DOWN,-0.3076923076923077,AVAILABLE,3.5,True,,,RANGE_COMPRESSION|VOLUME_COMPRESSION|TRADING_VALUE_COMPRESSION,UNRESOLVED_STRUCTURE,WINDOW_OBSERVED,0,0,0,False,0,0,False,INHERITED_RAW_PRICE_BASIS,True,False
2025-07-01|38100,2025-07-01,38100,09:30,12:45,135,COMPLETE,5,0,DOWN,-0.6153846153846154,AVAILABLE,3.5,True,,,RANGE_EXPANSION|VOLUME_EXPANSION|TRADING_VALUE_EXPANSION,UNRESOLVED_STRUCTURE,WINDOW_OBSERVED,0,0,0,False,0,0,False,INHERITED_RAW_PRICE_BASIS,True,False
2025-07-01|38100,2025-07-01,38100,09:30,12:50,140,COMPLETE,5,0,DOWN,-0.30864197530864196,AVAILABLE,3.5,True,,,,UNRESOLVED_STRUCTURE,WINDOW_OBSERVED,0,1,1,False,0,0,False,INHERITED_RAW_PRICE_BASIS,True,False
2025-07-01|38100,2025-07-01,38100,09:30,12:55,145,COMPLETE,5,0,UNCHANGED,0.0,AVAILABLE,3.5,True,,,RANGE_COMPRESSION,UNRESOLVED_STRUCTURE,OBSERVATION_INSUFFICIENT,1,1,1,False,0,0,False,INHERITED_RAW_PRICE_BASIS,True,False
2025-07-01|38100,2025-07-01,38100,09:30,13:00,150,COMPLETE,5,0,DOWN,-0.9287925696594427,AVAILABLE,3.5,True,,,VOLUME_EXPANSION|TRADING_VALUE_EXPANSION,UNRESOLVED_STRUCTURE,OBSERVATION_INSUFFICIENT,3,0,1,False,1,1,False,INHERITED_RAW_PRICE_BASIS,True,False
2025-07-01|38100,2025-07-01,38100,09:30,13:05,155,PARTIAL,4,1,,,AVAILABLE,3.5,True,,,,CURRENT_BAR_UNAVAILABLE,OBSERVATION_INSUFFICIENT,4,0,0,False,0,1,False,INHERITED_RAW_PRICE_BASIS,False,False
2025-07-01|38100,2025-07-01,38100,09:30,13:10,160,PARTIAL,3,2,,,AVAILABLE,3.5,True,,,,UNRESOLVED_STRUCTURE,OBSERVATION_INSUFFICIENT,2,0,0,False,0,0,False,INHERITED_RAW_PRICE_BASIS,False,False
2025-07-01|38100,2025-07-01,38100,09:30,13:15,165,PARTIAL,3,2,,,AVAILABLE,3.5,True,,,,UNRESOLVED_STRUCTURE,WINDOW_OBSERVED,0,0,0,False,0,0,False,INHERITED_RAW_PRICE_BASIS,False,False
2025-07-01|38100,2025-07-01,38100,09:30,13:20,170,COMPLETE,5,0,UNCHANGED,0.0,AVAILABLE,3.5,True,,,,UNRESOLVED_STRUCTURE,WINDOW_OBSERVED,0,1,1,False,0,0,False,INHERITED_RAW_PRICE_BASIS,False,False
2025-07-01|38100,2025-07-01,38100,09:30,13:25,175,COMPLETE,5,0,DOWN,-0.31347962382445144,AVAILABLE,3.5,True,,,RANGE_EXPANSION,UNRESOLVED_STRUCTURE,WINDOW_OBSERVED,0,1,1,False,0,1,False,INHERITED_RAW_PRICE_BASIS,True,False
2025-07-01|38100,2025-07-01,38100,09:30,13:30,180,COMPLETE,5,0,DOWN,-0.6309148264984227,AVAILABLE,3.5,True,,,RANGE_EXPANSION|VOLUME_EXPANSION|TRADING_VALUE_EXPANSION,UNRESOLVED_STRUCTURE,WINDOW_OBSERVED,0,0,1,False,0,1,False,INHERITED_RAW_PRICE_BASIS,True,False
2025-07-01|38100,2025-07-01,38100,09:30,13:35,185,COMPLETE,5,0,UNCHANGED,0.0,AVAILABLE,3.5,True,,,RANGE_COMPRESSION|VOLUME_COMPRESSION|TRADING_VALUE_COMPRESSION,UNRESOLVED_STRUCTURE,OBSERVATION_INSUFFICIENT,1,0,1,False,0,1,False,INHERITED_RAW_PRICE_BASIS,True,False
2025-07-01|38100,2025-07-01,38100,09:30,13:40,190,COMPLETE,5,0,UP,0.9554140127388535,AVAILABLE,3.5,True,,,RANGE_EXPANSION,UNRESOLVED_STRUCTURE,OBSERVATION_INSUFFICIENT,2,0,1,False,0,2,False,INHERITED_RAW_PRICE_BASIS,True,False
2025-07-01|38100,2025-07-01,38100,09:30,13:45,195,PARTIAL,4,1,,,AVAILABLE,3.5,True,,,,UNRESOLVED_STRUCTURE,OBSERVATION_INSUFFICIENT,1,0,0,False,0,0,False,INHERITED_RAW_PRICE_BASIS,False,False
2025-07-01|38100,2025-07-01,38100,09:30,13:50,200,PARTIAL,4,1,,,AVAILABLE,3.5,True,,,,UNRESOLVED_STRUCTURE,WINDOW_OBSERVED,0,0,0,False,0,0,False,INHERITED_RAW_PRICE_BASIS,False,False
2025-07-01|38100,2025-07-01,38100,09:30,13:55,205,COMPLETE,5,0,DOWN,-0.31746031746031744,AVAILABLE,3.5,True,,,,UNRESOLVED_STRUCTURE,WINDOW_OBSERVED,0,0,0,False,0,0,False,INHERITED_RAW_PRICE_BASIS,False,False
2025-07-01|38100,2025-07-01,38100,09:30,14:00,210,COMPLETE,5,0,DOWN,-0.3184713375796178,AVAILABLE,3.5,True,,,RANGE_EXPANSION,UNRESOLVED_STRUCTURE,OBSERVATION_INSUFFICIENT,1,0,0,False,0,1,False,INHERITED_RAW_PRICE_BASIS,True,False
2025-07-01|38100,2025-07-01,38100,09:30,14:05,215,COMPLETE,5,0,UNCHANGED,0.0,AVAILABLE,3.5,True,,,RANGE_COMPRESSION,UNRESOLVED_STRUCTURE,OBSERVATION_INSUFFICIENT,1,0,0,False,0,0,False,INHERITED_RAW_PRICE_BASIS,True,False
2025-07-01|38100,2025-07-01,38100,09:30,14:10,220,PARTIAL,4,1,,,AVAILABLE,3.5,True,,,,CURRENT_BAR_UNAVAILABLE,OBSERVATION_INSUFFICIENT,1,0,0,False,0,1,False,INHERITED_RAW_PRICE_BASIS,False,False
2025-07-01|38100,2025-07-01,38100,09:30,14:15,225,COMPLETE,5,0,UNCHANGED,0.0,AVAILABLE,3.5,True,,,,UNRESOLVED_STRUCTURE,OBSERVATION_INSUFFICIENT,1,0,0,False,0,1,False,INHERITED_RAW_PRICE_BASIS,False,False
2025-07-01|38100,2025-07-01,38100,09:30,14:20,230,PARTIAL,4,1,,,AVAILABLE,3.5,True,,,,UNRESOLVED_STRUCTURE,WINDOW_OBSERVED,0,1,1,False,0,1,False,INHERITED_RAW_PRICE_BASIS,False,False
2025-07-01|38100,2025-07-01,38100,09:30,14:25,235,COMPLETE,5,0,DOWN,-0.9615384615384616,AVAILABLE,3.5,True,,,,UNRESOLVED_STRUCTURE,WINDOW_OBSERVED,0,1,1,False,0,1,False,INHERITED_RAW_PRICE_BASIS,False,False
2025-07-01|38100,2025-07-01,38100,09:30,14:30,240,COMPLETE,5,0,DOWN,-0.32362459546925565,AVAILABLE,3.5,True,,,VOLUME_COMPRESSION|TRADING_VALUE_COMPRESSION,UNRESOLVED_STRUCTURE,OBSERVATION_INSUFFICIENT,1,0,1,False,0,1,False,INHERITED_RAW_PRICE_BASIS,True,False
2025-07-01|38100,2025-07-01,38100,09:30,14:35,245,COMPLETE,5,0,DOWN,-0.6493506493506493,AVAILABLE,3.5,True,,,RANGE_COMPRESSION|VOLUME_EXPANSION|TRADING_VALUE_EXPANSION,UNRESOLVED_STRUCTURE,OBSERVATION_INSUFFICIENT,2,0,1,False,0,1,False,INHERITED_RAW_PRICE_BASIS,True,False
2025-07-01|38100,2025-07-01,38100,09:30,14:40,250,PARTIAL,4,1,,,AVAILABLE,3.5,True,,,,UNRESOLVED_STRUCTURE,OBSERVATION_INSUFFICIENT,2,0,0,False,0,1,False,INHERITED_RAW_PRICE_BASIS,False,False
2025-07-01|38100,2025-07-01,38100,09:30,14:45,255,PARTIAL,4,1,,,AVAILABLE,3.5,True,,,,UNRESOLVED_STRUCTURE,OBSERVATION_INSUFFICIENT,1,0,0,False,0,1,False,INHERITED_RAW_PRICE_BASIS,False,False
2025-07-01|38100,2025-07-01,38100,09:30,14:50,260,PARTIAL,4,1,,,AVAILABLE,3.5,True,,,,CURRENT_BAR_UNAVAILABLE,WINDOW_OBSERVED,0,0,0,False,0,0,False,INHERITED_RAW_PRICE_BASIS,False,False
2025-07-01|38100,2025-07-01,38100,09:30,14:55,265,COMPLETE,5,0,DOWN,-0.6493506493506493,AVAILABLE,3.5,True,,,,UNRESOLVED_STRUCTURE,WINDOW_OBSERVED,0,1,1,False,2,1,False,INHERITED_RAW_PRICE_BASIS,False,False
2025-07-01|38100,2025-07-01,38100,09:30,15:00,270,COMPLETE,5,0,DOWN,-2.9315960912052117,AVAILABLE,3.5,True,,,RANGE_EXPANSION|VOLUME_EXPANSION|TRADING_VALUE_EXPANSION,UNRESOLVED_STRUCTURE,WINDOW_OBSERVED,0,1,2,False,0,2,False,INHERITED_RAW_PRICE_BASIS,True,False
2025-07-01|38100,2025-07-01,38100,09:30,15:05,275,COMPLETE,5,0,UP,1.6778523489932886,AVAILABLE,3.5,True,,RECOVERY,RANGE_COMPRESSION|VOLUME_COMPRESSION|TRADING_VALUE_COMPRESSION,UNRESOLVED_STRUCTURE,WINDOW_OBSERVED,0,0,2,False,0,0,True,INHERITED_RAW_PRICE_BASIS,True,True
2025-07-01|38100,2025-07-01,38100,09:30,15:10,280,COMPLETE,5,0,UP,0.33003300330033003,AVAILABLE,3.5,True,,RECOVERY,RANGE_COMPRESSION|VOLUME_COMPRESSION|TRADING_VALUE_COMPRESSION,UNRESOLVED_STRUCTURE,WINDOW_OBSERVED,0,0,2,False,0,0,True,INHERITED_RAW_PRICE_BASIS,True,False
2025-07-01|38100,2025-07-01,38100,09:30,15:15,285,COMPLETE,5,0,UP,0.9900990099009901,AVAILABLE,3.5,True,,RECOVERY,RANGE_EXPANSION,UNRESOLVED_STRUCTURE,WINDOW_OBSERVED,0,0,2,False,0,0,True,INHERITED_RAW_PRICE_BASIS,True,False
2025-07-01|38100,2025-07-01,38100,09:30,15:20,290,COMPLETE,5,0,DOWN,-0.32786885245901637,AVAILABLE,3.5,True,,RECOVERY,,UNRESOLVED_STRUCTURE,RIGHT_CENSORED,0,0,2,False,0,0,True,INHERITED_RAW_PRICE_BASIS,True,False
2025-07-01|38100,2025-07-01,38100,09:30,15:25,295,COMPLETE,5,0,UP,0.32894736842105265,AVAILABLE,3.5,True,,RECOVERY,RANGE_COMPRESSION|VOLUME_COMPRESSION|TRADING_VALUE_COMPRESSION,UNRESOLVED_STRUCTURE,RIGHT_CENSORED,0,0,2,False,0,0,True,INHERITED_RAW_PRICE_BASIS,True,False
2025-07-01|39480,2025-07-01,39480,15:00,15:00,0,PARTIAL,1,4,,,SCALE_INSUFFICIENT,,True,,,,CURRENT_BAR_UNAVAILABLE,OBSERVATION_INSUFFICIENT,9,0,0,False,0,0,False,INHERITED_RAW_PRICE_BASIS,False,False
2025-07-01|39480,2025-07-01,39480,15:00,15:05,5,UNAVAILABLE,0,5,,,SCALE_INSUFFICIENT,,True,,,,CURRENT_BAR_UNAVAILABLE,OBSERVATION_INSUFFICIENT,7,0,0,False,0,0,False,INHERITED_RAW_PRICE_BASIS,False,False
2025-07-01|39480,2025-07-01,39480,15:00,15:10,10,PARTIAL,1,4,,,SCALE_INSUFFICIENT,,True,,,,CURRENT_BAR_UNAVAILABLE,OBSERVATION_INSUFFICIENT,5,0,0,False,0,0,False,INHERITED_RAW_PRICE_BASIS,False,False
2025-07-01|39480,2025-07-01,39480,15:00,15:15,15,PARTIAL,2,3,,,SCALE_INSUFFICIENT,,True,,,,SCALE_UNAVAILABLE,OBSERVATION_INSUFFICIENT,5,0,0,False,0,0,False,INHERITED_RAW_PRICE_BASIS,False,False
2025-07-01|39480,2025-07-01,39480,15:00,15:20,20,PARTIAL,3,2,,,SCALE_INSUFFICIENT,,True,,,,SCALE_UNAVAILABLE,RIGHT_CENSORED,3,0,0,False,4,2,False,INHERITED_RAW_PRICE_BASIS,False,False
2025-07-01|39480,2025-07-01,39480,15:00,15:25,25,PARTIAL,2,3,,,SCALE_INSUFFICIENT,,True,,,,SCALE_UNAVAILABLE,RIGHT_CENSORED,0,0,0,False,3,3,False,INHERITED_RAW_PRICE_BASIS,False,False
2025-07-01|39790,2025-07-01,39790,11:00,11:00,0,PARTIAL,2,3,,,SCALE_INSUFFICIENT,,True,,,,CURRENT_BAR_UNAVAILABLE,OBSERVATION_INSUFFICIENT,10,0,0,False,0,0,False,INHERITED_RAW_PRICE_BASIS,False,False
2025-07-01|39790,2025-07-01,39790,11:00,11:05,5,UNAVAILABLE,0,5,,,SCALE_INSUFFICIENT,,True,,,,CURRENT_BAR_UNAVAILABLE,OBSERVATION_INSUFFICIENT,10,0,0,False,0,0,False,INHERITED_RAW_PRICE_BASIS,False,False
2025-07-01|39790,2025-07-01,39790,11:00,11:10,10,UNAVAILABLE,0,5,,,SCALE_INSUFFICIENT,,True,,,,CURRENT_BAR_UNAVAILABLE,OBSERVATION_INSUFFICIENT,10,0,0,False,0,0,False,INHERITED_RAW_PRICE_BASIS,False,False
2025-07-01|39790,2025-07-01,39790,11:00,11:15,15,UNAVAILABLE,0,5,,,SCALE_INSUFFICIENT,,True,,,,CURRENT_BAR_UNAVAILABLE,OBSERVATION_INSUFFICIENT,10,0,0,False,0,0,False,INHERITED_RAW_PRICE_BASIS,False,False
2025-07-01|39790,2025-07-01,39790,11:00,11:20,20,UNAVAILABLE,0,5,,,SCALE_INSUFFICIENT,,True,,,,CURRENT_BAR_UNAVAILABLE,OBSERVATION_INSUFFICIENT,10,0,0,False,0,0,False,INHERITED_RAW_PRICE_BASIS,False,False
2025-07-01|39790,2025-07-01,39790,11:00,11:25,25,UNAVAILABLE,0,5,,,SCALE_INSUFFICIENT,,True,,,,CURRENT_BAR_UNAVAILABLE,OBSERVATION_INSUFFICIENT,7,0,0,False,0,0,False,INHERITED_RAW_PRICE_BASIS,False,False
2025-07-01|39790,2025-07-01,39790,11:00,11:30,30,UNAVAILABLE,0,5,,,SCALE_INSUFFICIENT,,True,,,,CURRENT_BAR_UNAVAILABLE,OBSERVATION_INSUFFICIENT,7,0,0,False,0,0,False,INHERITED_RAW_PRICE_BASIS,False,False
2025-07-01|39790,2025-07-01,39790,11:00,12:35,35,PARTIAL,3,2,,,SCALE_INSUFFICIENT,,True,,,,CURRENT_BAR_UNAVAILABLE,OBSERVATION_INSUFFICIENT,10,0,0,False,0,1,False,INHERITED_RAW_PRICE_BASIS,False,False
2025-07-01|39790,2025-07-01,39790,11:00,12:40,40,UNAVAILABLE,0,5,,,SCALE_INSUFFICIENT,,True,,,,CURRENT_BAR_UNAVAILABLE,OBSERVATION_INSUFFICIENT,10,0,0,False,0,0,False,INHERITED_RAW_PRICE_BASIS,False,False
2025-07-01|39790,2025-07-01,39790,11:00,12:45,45,UNAVAILABLE,0,5,,,SCALE_INSUFFICIENT,,True,,,,CURRENT_BAR_UNAVAILABLE,OBSERVATION_INSUFFICIENT,10,0,0,False,0,0,False,INHERITED_RAW_PRICE_BASIS,False,False
2025-07-01|39790,2025-07-01,39790,11:00,12:50,50,UNAVAILABLE,0,5,,,SCALE_INSUFFICIENT,,True,,,,CURRENT_BAR_UNAVAILABLE,OBSERVATION_INSUFFICIENT,10,0,0,False,0,0,False,INHERITED_RAW_PRICE_BASIS,False,False
2025-07-01|39790,2025-07-01,39790,11:00,12:55,55,UNAVAILABLE,0,5,,,SCALE_INSUFFICIENT,,True,,,,CURRENT_BAR_UNAVAILABLE,OBSERVATION_INSUFFICIENT,10,0,0,False,0,0,False,INHERITED_RAW_PRICE_BASIS,False,False
2025-07-01|39790,2025-07-01,39790,11:00,13:00,60,UNAVAILABLE,0,5,,,SCALE_INSUFFICIENT,,True,,,,CURRENT_BAR_UNAVAILABLE,OBSERVATION_INSUFFICIENT,10,0,0,False,0,0,False,INHERITED_RAW_PRICE_BASIS,False,False
2025-07-01|39790,2025-07-01,39790,11:00,13:05,65,UNAVAILABLE,0,5,,,SCALE_INSUFFICIENT,,True,,,,CURRENT_BAR_UNAVAILABLE,OBSERVATION_INSUFFICIENT,10,0,0,False,0,0,False,INHERITED_RAW_PRICE_BASIS,False,False
2025-07-01|39790,2025-07-01,39790,11:00,13:10,70,UNAVAILABLE,0,5,,,SCALE_INSUFFICIENT,,True,,,,CURRENT_BAR_UNAVAILABLE,OBSERVATION_INSUFFICIENT,10,0,0,False,0,0,False,INHERITED_RAW_PRICE_BASIS,False,False
2025-07-01|39790,2025-07-01,39790,11:00,13:15,75,UNAVAILABLE,0,5,,,SCALE_INSUFFICIENT,,True,,,,CURRENT_BAR_UNAVAILABLE,OBSERVATION_INSUFFICIENT,10,0,0,False,0,0,False,INHERITED_RAW_PRICE_BASIS,False,False
2025-07-01|39790,2025-07-01,39790,11:00,13:20,80,UNAVAILABLE,0,5,,,SCALE_INSUFFICIENT,,True,,,,CURRENT_BAR_UNAVAILABLE,OBSERVATION_INSUFFICIENT,10,0,0,False,0,0,False,INHERITED_RAW_PRICE_BASIS,False,False
2025-07-01|39790,2025-07-01,39790,11:00,13:25,85,UNAVAILABLE,0,5,,,SCALE_INSUFFICIENT,,True,,,,CURRENT_BAR_UNAVAILABLE,OBSERVATION_INSUFFICIENT,10,0,0,False,0,0,False,INHERITED_RAW_PRICE_BASIS,False,False
2025-07-01|39790,2025-07-01,39790,11:00,13:30,90,UNAVAILABLE,0,5,,,SCALE_INSUFFICIENT,,True,,,,CURRENT_BAR_UNAVAILABLE,OBSERVATION_INSUFFICIENT,10,0,0,False,0,0,False,INHERITED_RAW_PRICE_BASIS,False,False
2025-07-01|39790,2025-07-01,39790,11:00,13:35,95,UNAVAILABLE,0,5,,,SCALE_INSUFFICIENT,,True,,,,CURRENT_BAR_UNAVAILABLE,OBSERVATION_INSUFFICIENT,10,0,0,False,0,0,False,INHERITED_RAW_PRICE_BASIS,False,False
2025-07-01|39790,2025-07-01,39790,11:00,13:40,100,UNAVAILABLE,0,5,,,SCALE_INSUFFICIENT,,True,,,,CURRENT_BAR_UNAVAILABLE,OBSERVATION_INSUFFICIENT,10,0,0,False,0,0,False,INHERITED_RAW_PRICE_BASIS,False,False
2025-07-01|39790,2025-07-01,39790,11:00,13:45,105,UNAVAILABLE,0,5,,,SCALE_INSUFFICIENT,,True,,,,CURRENT_BAR_UNAVAILABLE,OBSERVATION_INSUFFICIENT,10,0,0,False,0,0,False,INHERITED_RAW_PRICE_BASIS,False,False
2025-07-01|39790,2025-07-01,39790,11:00,13:50,110,UNAVAILABLE,0,5,,,SCALE_INSUFFICIENT,,True,,,,CURRENT_BAR_UNAVAILABLE,OBSERVATION_INSUFFICIENT,10,0,0,False,0,0,False,INHERITED_RAW_PRICE_BASIS,False,False
2025-07-01|39790,2025-07-01,39790,11:00,13:55,115,UNAVAILABLE,0,5,,,SCALE_INSUFFICIENT,,True,,,,CURRENT_BAR_UNAVAILABLE,OBSERVATION_INSUFFICIENT,10,0,0,False,0,0,False,INHERITED_RAW_PRICE_BASIS,False,False
2025-07-01|39790,2025-07-01,39790,11:00,14:00,120,UNAVAILABLE,0,5,,,SCALE_INSUFFICIENT,,True,,,,CURRENT_BAR_UNAVAILABLE,OBSERVATION_INSUFFICIENT,10,0,0,False,0,0,False,INHERITED_RAW_PRICE_BASIS,False,False
2025-07-01|39790,2025-07-01,39790,11:00,14:05,125,UNAVAILABLE,0,5,,,SCALE_INSUFFICIENT,,True,,,,CURRENT_BAR_UNAVAILABLE,OBSERVATION_INSUFFICIENT,10,0,0,False,0,0,False,INHERITED_RAW_PRICE_BASIS,False,False
2025-07-01|39790,2025-07-01,39790,11:00,14:10,130,UNAVAILABLE,0,5,,,SCALE_INSUFFICIENT,,True,,,,CURRENT_BAR_UNAVAILABLE,OBSERVATION_INSUFFICIENT,10,0,0,False,0,0,False,INHERITED_RAW_PRICE_BASIS,False,False
2025-07-01|39790,2025-07-01,39790,11:00,14:15,135,UNAVAILABLE,0,5,,,SCALE_INSUFFICIENT,,True,,,,CURRENT_BAR_UNAVAILABLE,OBSERVATION_INSUFFICIENT,10,0,0,False,0,0,False,INHERITED_RAW_PRICE_BASIS,False,False
2025-07-01|39790,2025-07-01,39790,11:00,14:20,140,UNAVAILABLE,0,5,,,SCALE_INSUFFICIENT,,True,,,,CURRENT_BAR_UNAVAILABLE,OBSERVATION_INSUFFICIENT,10,0,0,False,0,0,False,INHERITED_RAW_PRICE_BASIS,False,False
2025-07-01|39790,2025-07-01,39790,11:00,14:25,145,UNAVAILABLE,0,5,,,SCALE_INSUFFICIENT,,True,,,,CURRENT_BAR_UNAVAILABLE,OBSERVATION_INSUFFICIENT,10,0,0,False,0,0,False,INHERITED_RAW_PRICE_BASIS,False,False
2025-07-01|39790,2025-07-01,39790,11:00,14:30,150,UNAVAILABLE,0,5,,,SCALE_INSUFFICIENT,,True,,,,CURRENT_BAR_UNAVAILABLE,OBSERVATION_INSUFFICIENT,10,0,0,False,0,0,False,INHERITED_RAW_PRICE_BASIS,False,False
2025-07-01|39790,2025-07-01,39790,11:00,14:35,155,UNAVAILABLE,0,5,,,SCALE_INSUFFICIENT,,True,,,,CURRENT_BAR_UNAVAILABLE,OBSERVATION_INSUFFICIENT,9,0,0,False,0,0,False,INHERITED_RAW_PRICE_BASIS,False,False
2025-07-01|39790,2025-07-01,39790,11:00,14:40,160,UNAVAILABLE,0,5,,,SCALE_INSUFFICIENT,,True,,,,CURRENT_BAR_UNAVAILABLE,OBSERVATION_INSUFFICIENT,9,0,0,False,0,0,False,INHERITED_RAW_PRICE_BASIS,False,False
2025-07-01|39790,2025-07-01,39790,11:00,14:45,165,PARTIAL,1,4,,,SCALE_INSUFFICIENT,,True,,,,CURRENT_BAR_UNAVAILABLE,OBSERVATION_INSUFFICIENT,10,0,0,False,0,0,False,INHERITED_RAW_PRICE_BASIS,False,False
2025-07-01|39790,2025-07-01,39790,11:00,14:50,170,UNAVAILABLE,0,5,,,SCALE_INSUFFICIENT,,True,,,,CURRENT_BAR_UNAVAILABLE,OBSERVATION_INSUFFICIENT,10,0,0,False,0,0,False,INHERITED_RAW_PRICE_BASIS,False,False
2025-07-01|39790,2025-07-01,39790,11:00,14:55,175,UNAVAILABLE,0,5,,,SCALE_INSUFFICIENT,,True,,,,CURRENT_BAR_UNAVAILABLE,OBSERVATION_INSUFFICIENT,10,0,0,False,0,0,False,INHERITED_RAW_PRICE_BASIS,False,False
2025-07-01|39790,2025-07-01,39790,11:00,15:00,180,UNAVAILABLE,0,5,,,SCALE_INSUFFICIENT,,True,,,,CURRENT_BAR_UNAVAILABLE,OBSERVATION_INSUFFICIENT,10,0,0,False,0,0,False,INHERITED_RAW_PRICE_BASIS,False,False
2025-07-01|39790,2025-07-01,39790,11:00,15:05,185,UNAVAILABLE,0,5,,,SCALE_INSUFFICIENT,,True,,,,CURRENT_BAR_UNAVAILABLE,OBSERVATION_INSUFFICIENT,10,0,0,False,0,0,False,INHERITED_RAW_PRICE_BASIS,False,False
2025-07-01|39790,2025-07-01,39790,11:00,15:10,190,UNAVAILABLE,0,5,,,SCALE_INSUFFICIENT,,True,,,,CURRENT_BAR_UNAVAILABLE,OBSERVATION_INSUFFICIENT,10,0,0,False,0,0,False,INHERITED_RAW_PRICE_BASIS,False,False
2025-07-01|39790,2025-07-01,39790,11:00,15:15,195,UNAVAILABLE,0,5,,,SCALE_INSUFFICIENT,,True,,,,CURRENT_BAR_UNAVAILABLE,OBSERVATION_INSUFFICIENT,8,0,0,False,0,0,False,INHERITED_RAW_PRICE_BASIS,False,False
2025-07-01|39790,2025-07-01,39790,11:00,15:20,200,UNAVAILABLE,0,5,,,SCALE_INSUFFICIENT,,True,,,,CURRENT_BAR_UNAVAILABLE,RIGHT_CENSORED,3,0,0,False,0,0,False,INHERITED_RAW_PRICE_BASIS,False,False
2025-07-01|39790,2025-07-01,39790,11:00,15:25,205,PARTIAL,2,3,,,SCALE_INSUFFICIENT,,True,,,,SCALE_UNAVAILABLE,RIGHT_CENSORED,0,0,0,False,0,0,False,INHERITED_RAW_PRICE_BASIS,False,False
2025-07-01|44870,2025-07-01,44870,14:30,14:30,0,PARTIAL,1,4,,,AVAILABLE,6.5,True,,,,UNRESOLVED_STRUCTURE,OBSERVATION_INSUFFICIENT,8,0,0,False,1,0,False,INHERITED_RAW_PRICE_BASIS,False,False
2025-07-01|44870,2025-07-01,44870,14:30,14:35,5,PARTIAL,1,4,,,AVAILABLE,6.5,True,,,,CURRENT_BAR_UNAVAILABLE,OBSERVATION_INSUFFICIENT,7,0,0,False,0,0,False,INHERITED_RAW_PRICE_BASIS,False,False
2025-07-01|44870,2025-07-01,44870,14:30,14:40,10,PARTIAL,1,4,,,AVAILABLE,6.5,True,,,,CURRENT_BAR_UNAVAILABLE,OBSERVATION_INSUFFICIENT,7,0,0,False,0,0,False,INHERITED_RAW_PRICE_BASIS,False,False
2025-07-01|44870,2025-07-01,44870,14:30,14:45,15,PARTIAL,2,3,,,AVAILABLE,6.5,True,,,,CURRENT_BAR_UNAVAILABLE,OBSERVATION_INSUFFICIENT,7,0,0,False,0,0,False,INHERITED_RAW_PRICE_BASIS,False,False
2025-07-01|44870,2025-07-01,44870,14:30,14:50,20,PARTIAL,1,4,,,AVAILABLE,6.5,True,,,,CURRENT_BAR_UNAVAILABLE,OBSERVATION_INSUFFICIENT,4,0,0,False,0,0,False,INHERITED_RAW_PRICE_BASIS,False,False
2025-07-01|44870,2025-07-01,44870,14:30,14:55,25,PARTIAL,2,3,,,AVAILABLE,6.5,True,,,,UNRESOLVED_STRUCTURE,OBSERVATION_INSUFFICIENT,4,0,0,False,0,0,False,INHERITED_RAW_PRICE_BASIS,False,False
2025-07-01|44870,2025-07-01,44870,14:30,15:00,30,PARTIAL,4,1,,,AVAILABLE,6.5,True,,,,UNRESOLVED_STRUCTURE,OBSERVATION_INSUFFICIENT,6,0,0,False,0,1,False,INHERITED_RAW_PRICE_BASIS,False,False
2025-07-01|44870,2025-07-01,44870,14:30,15:05,35,PARTIAL,2,3,,,AVAILABLE,6.5,True,,,,UNRESOLVED_STRUCTURE,OBSERVATION_INSUFFICIENT,5,0,0,False,0,0,False,INHERITED_RAW_PRICE_BASIS,False,False
2025-07-01|44870,2025-07-01,44870,14:30,15:10,40,PARTIAL,2,3,,,AVAILABLE,6.5,True,,,,UNRESOLVED_STRUCTURE,OBSERVATION_INSUFFICIENT,5,0,0,False,0,0,False,INHERITED_RAW_PRICE_BASIS,False,False
2025-07-01|44870,2025-07-01,44870,14:30,15:15,45,PARTIAL,3,2,,,AVAILABLE,6.5,True,,,,UNRESOLVED_STRUCTURE,OBSERVATION_INSUFFICIENT,6,0,0,False,0,0,False,INHERITED_RAW_PRICE_BASIS,False,False
2025-07-01|44870,2025-07-01,44870,14:30,15:20,50,PARTIAL,2,3,,,AVAILABLE,6.5,True,,,,UNRESOLVED_STRUCTURE,RIGHT_CENSORED,3,0,0,False,0,0,False,INHERITED_RAW_PRICE_BASIS,False,False
2025-07-01|44870,2025-07-01,44870,14:30,15:25,55,PARTIAL,2,3,,,AVAILABLE,6.5,True,,,,UNRESOLVED_STRUCTURE,RIGHT_CENSORED,0,0,0,False,0,0,False,INHERITED_RAW_PRICE_BASIS,False,False
2025-07-01|45910,2025-07-01,45910,09:30,09:30,0,COMPLETE,5,0,DOWN,-0.9523809523809523,SCALE_INSUFFICIENT,,True,,,RANGE_EXPANSION,SCALE_UNAVAILABLE,OBSERVATION_INSUFFICIENT,2,0,0,False,0,2,False,INHERITED_RAW_PRICE_BASIS,False,False
2025-07-01|45910,2025-07-01,45910,09:30,09:35,5,PARTIAL,4,1,,,SCALE_INSUFFICIENT,,True,,,,SCALE_UNAVAILABLE,OBSERVATION_INSUFFICIENT,1,0,0,False,0,2,False,INHERITED_RAW_PRICE_BASIS,False,False
2025-07-01|45910,2025-07-01,45910,09:30,09:40,10,PARTIAL,4,1,,,SCALE_INSUFFICIENT,,True,,,,SCALE_UNAVAILABLE,OBSERVATION_INSUFFICIENT,2,0,0,False,0,4,False,INHERITED_RAW_PRICE_BASIS,False,False
2025-07-01|45910,2025-07-01,45910,09:30,09:45,15,COMPLETE,5,0,DOWN,-0.9523809523809523,SCALE_INSUFFICIENT,,True,,,,SCALE_UNAVAILABLE,OBSERVATION_INSUFFICIENT,3,0,0,False,0,2,False,INHERITED_RAW_PRICE_BASIS,False,False
2025-07-01|45910,2025-07-01,45910,09:30,09:50,20,PARTIAL,3,2,,,SCALE_INSUFFICIENT,,True,,,,SCALE_UNAVAILABLE,OBSERVATION_INSUFFICIENT,1,0,0,False,0,2,False,INHERITED_RAW_PRICE_BASIS,False,False
2025-07-01|45910,2025-07-01,45910,09:30,09:55,25,PARTIAL,4,1,,,SCALE_INSUFFICIENT,,True,,,,SCALE_UNAVAILABLE,OBSERVATION_INSUFFICIENT,1,0,0,False,0,2,False,INHERITED_RAW_PRICE_BASIS,False,False
2025-07-01|45910,2025-07-01,45910,09:30,10:00,30,COMPLETE,5,0,UNCHANGED,0.0,SCALE_INSUFFICIENT,,True,,,,SCALE_UNAVAILABLE,OBSERVATION_INSUFFICIENT,1,0,0,False,0,0,False,INHERITED_RAW_PRICE_BASIS,False,False
2025-07-01|45910,2025-07-01,45910,09:30,10:05,35,PARTIAL,4,1,,,SCALE_INSUFFICIENT,,True,,,,SCALE_UNAVAILABLE,OBSERVATION_INSUFFICIENT,1,0,0,False,1,0,False,INHERITED_RAW_PRICE_BASIS,False,False
2025-07-01|45910,2025-07-01,45910,09:30,10:10,40,COMPLETE,5,0,UNCHANGED,0.0,SCALE_INSUFFICIENT,,True,,,,SCALE_UNAVAILABLE,OBSERVATION_INSUFFICIENT,1,0,0,False,0,1,False,INHERITED_RAW_PRICE_BASIS,False,False
2025-07-01|45910,2025-07-01,45910,09:30,10:15,45,PARTIAL,4,1,,,SCALE_INSUFFICIENT,,True,,,,SCALE_UNAVAILABLE,WINDOW_OBSERVED,0,0,0,False,0,0,False,INHERITED_RAW_PRICE_BASIS,False,False
2025-07-01|45910,2025-07-01,45910,09:30,10:20,50,COMPLETE,5,0,UNCHANGED,0.0,SCALE_INSUFFICIENT,,True,,,,SCALE_UNAVAILABLE,WINDOW_OBSERVED,0,0,0,False,0,0,False,INHERITED_RAW_PRICE_BASIS,False,False
2025-07-01|45910,2025-07-01,45910,09:30,10:25,55,COMPLETE,5,0,DOWN,-0.970873786407767,SCALE_INSUFFICIENT,,True,,,RANGE_COMPRESSION,SCALE_UNAVAILABLE,WINDOW_OBSERVED,0,0,0,False,0,0,False,INHERITED_RAW_PRICE_BASIS,True,False
2025-07-01|45910,2025-07-01,45910,09:30,10:30,60,COMPLETE,5,0,UNCHANGED,0.0,SCALE_INSUFFICIENT,,True,,,RANGE_COMPRESSION|VOLUME_COMPRESSION|TRADING_VALUE_COMPRESSION,SCALE_UNAVAILABLE,OBSERVATION_INSUFFICIENT,2,0,0,False,0,0,False,INHERITED_RAW_PRICE_BASIS,True,False
2025-07-01|45910,2025-07-01,45910,09:30,10:35,65,COMPLETE,5,0,UNCHANGED,0.0,SCALE_INSUFFICIENT,,True,,,VOLUME_EXPANSION|TRADING_VALUE_EXPANSION,SCALE_UNAVAILABLE,OBSERVATION_INSUFFICIENT,3,0,0,False,0,0,False,INHERITED_RAW_PRICE_BASIS,True,False
2025-07-01|45910,2025-07-01,45910,09:30,10:40,70,PARTIAL,3,2,,,SCALE_INSUFFICIENT,,True,,,,SCALE_UNAVAILABLE,OBSERVATION_INSUFFICIENT,2,0,0,False,0,1,False,INHERITED_RAW_PRICE_BASIS,False,False
2025-07-01|45910,2025-07-01,45910,09:30,10:45,75,PARTIAL,4,1,,,SCALE_INSUFFICIENT,,True,,,,SCALE_UNAVAILABLE,OBSERVATION_INSUFFICIENT,3,0,0,False,0,0,False,INHERITED_RAW_PRICE_BASIS,False,False
2025-07-01|45910,2025-07-01,45910,09:30,10:50,80,PARTIAL,4,1,,,SCALE_INSUFFICIENT,,True,,,,SCALE_UNAVAILABLE,OBSERVATION_INSUFFICIENT,3,0,0,False,0,1,False,INHERITED_RAW_PRICE_BASIS,False,False
2025-07-01|45910,2025-07-01,45910,09:30,10:55,85,PARTIAL,3,2,,,SCALE_INSUFFICIENT,,True,,,,SCALE_UNAVAILABLE,OBSERVATION_INSUFFICIENT,2,0,0,False,0,1,False,INHERITED_RAW_PRICE_BASIS,False,False
2025-07-01|45910,2025-07-01,45910,09:30,11:00,90,PARTIAL,4,1,,,SCALE_INSUFFICIENT,,True,,,,SCALE_UNAVAILABLE,OBSERVATION_INSUFFICIENT,3,0,0,False,0,0,False,INHERITED_RAW_PRICE_BASIS,False,False
2025-07-01|45910,2025-07-01,45910,09:30,11:05,95,PARTIAL,4,1,,,SCALE_INSUFFICIENT,,True,,,,SCALE_UNAVAILABLE,OBSERVATION_INSUFFICIENT,2,0,0,False,0,0,False,INHERITED_RAW_PRICE_BASIS,False,False
2025-07-01|45910,2025-07-01,45910,09:30,11:10,100,PARTIAL,3,2,,,SCALE_INSUFFICIENT,,True,,,,SCALE_UNAVAILABLE,WINDOW_OBSERVED,0,0,0,False,0,0,False,INHERITED_RAW_PRICE_BASIS,False,False
2025-07-01|45910,2025-07-01,45910,09:30,11:15,105,COMPLETE,5,0,DOWN,-0.970873786407767,SCALE_INSUFFICIENT,,True,,,,SCALE_UNAVAILABLE,OBSERVATION_INSUFFICIENT,2,0,0,False,0,2,False,INHERITED_RAW_PRICE_BASIS,False,False
2025-07-01|45910,2025-07-01,45910,09:30,11:20,110,COMPLETE,5,0,UNCHANGED,0.0,SCALE_INSUFFICIENT,,True,,,,SCALE_UNAVAILABLE,OBSERVATION_INSUFFICIENT,3,0,0,False,0,1,False,INHERITED_RAW_PRICE_BASIS,True,False
2025-07-01|45910,2025-07-01,45910,09:30,11:25,115,PARTIAL,3,2,,,SCALE_INSUFFICIENT,,True,,,,SCALE_UNAVAILABLE,OBSERVATION_INSUFFICIENT,4,0,0,False,0,0,False,INHERITED_RAW_PRICE_BASIS,False,False
2025-07-01|45910,2025-07-01,45910,09:30,11:30,120,PARTIAL,4,1,,,SCALE_INSUFFICIENT,,True,,,,SCALE_UNAVAILABLE,OBSERVATION_INSUFFICIENT,4,0,0,False,0,1,False,INHERITED_RAW_PRICE_BASIS,False,False
2025-07-01|45910,2025-07-01,45910,09:30,12:35,125,PARTIAL,2,3,,,SCALE_INSUFFICIENT,,True,,,,CURRENT_BAR_UNAVAILABLE,OBSERVATION_INSUFFICIENT,1,0,0,False,0,0,False,INHERITED_RAW_PRICE_BASIS,False,False
2025-07-01|45910,2025-07-01,45910,09:30,12:40,130,PARTIAL,4,1,,,SCALE_INSUFFICIENT,,True,,,,SCALE_UNAVAILABLE,OBSERVATION_INSUFFICIENT,1,0,0,False,0,1,False,INHERITED_RAW_PRICE_BASIS,False,False
2025-07-01|45910,2025-07-01,45910,09:30,12:45,135,COMPLETE,5,0,UNCHANGED,0.0,SCALE_INSUFFICIENT,,True,,,,SCALE_UNAVAILABLE,OBSERVATION_INSUFFICIENT,2,0,0,False,0,3,False,INHERITED_RAW_PRICE_BASIS,False,False
2025-07-01|45910,2025-07-01,45910,09:30,12:50,140,PARTIAL,4,1,,,SCALE_INSUFFICIENT,,True,,,,SCALE_UNAVAILABLE,OBSERVATION_INSUFFICIENT,3,0,0,False,0,3,False,INHERITED_RAW_PRICE_BASIS,False,False
2025-07-01|45910,2025-07-01,45910,09:30,12:55,145,PARTIAL,4,1,,,SCALE_INSUFFICIENT,,True,,,,SCALE_UNAVAILABLE,OBSERVATION_INSUFFICIENT,2,0,0,False,0,3,False,INHERITED_RAW_PRICE_BASIS,False,False
2025-07-01|45910,2025-07-01,45910,09:30,13:00,150,PARTIAL,3,2,,,SCALE_INSUFFICIENT,,True,,,,SCALE_UNAVAILABLE,WINDOW_OBSERVED,0,0,0,False,0,0,False,INHERITED_RAW_PRICE_BASIS,False,False
2025-07-01|45910,2025-07-01,45910,09:30,13:05,155,COMPLETE,5,0,UP,0.9900990099009901,SCALE_INSUFFICIENT,,True,,,,SCALE_UNAVAILABLE,OBSERVATION_INSUFFICIENT,3,0,0,False,0,3,False,INHERITED_RAW_PRICE_BASIS,False,False
2025-07-01|45910,2025-07-01,45910,09:30,13:10,160,COMPLETE,5,0,UNCHANGED,0.0,SCALE_INSUFFICIENT,,True,,,RANGE_EXPANSION|VOLUME_COMPRESSION|TRADING_VALUE_COMPRESSION,SCALE_UNAVAILABLE,OBSERVATION_INSUFFICIENT,6,0,0,False,0,3,False,INHERITED_RAW_PRICE_BASIS,True,False
2025-07-01|45910,2025-07-01,45910,09:30,13:15,165,PARTIAL,2,3,,,SCALE_INSUFFICIENT,,True,,,,SCALE_UNAVAILABLE,OBSERVATION_INSUFFICIENT,6,0,0,False,0,0,False,INHERITED_RAW_PRICE_BASIS,False,False
2025-07-01|45910,2025-07-01,45910,09:30,13:20,170,PARTIAL,2,3,,,SCALE_INSUFFICIENT,,True,,,,CURRENT_BAR_UNAVAILABLE,OBSERVATION_INSUFFICIENT,4,0,0,False,0,0,False,INHERITED_RAW_PRICE_BASIS,False,False
2025-07-01|45910,2025-07-01,45910,09:30,13:25,175,PARTIAL,2,3,,,SCALE_INSUFFICIENT,,True,,,,CURRENT_BAR_UNAVAILABLE,OBSERVATION_INSUFFICIENT,2,0,0,False,0,0,False,INHERITED_RAW_PRICE_BASIS,False,False
2025-07-01|45910,2025-07-01,45910,09:30,13:30,180,PARTIAL,4,1,,,SCALE_INSUFFICIENT,,True,,,,SCALE_UNAVAILABLE,OBSERVATION_INSUFFICIENT,2,0,0,False,0,0,False,INHERITED_RAW_PRICE_BASIS,False,False
2025-07-01|45910,2025-07-01,45910,09:30,13:35,185,PARTIAL,4,1,,,SCALE_INSUFFICIENT,,True,,,,SCALE_UNAVAILABLE,OBSERVATION_INSUFFICIENT,2,0,0,False,0,0,False,INHERITED_RAW_PRICE_BASIS,False,False
2025-07-01|45910,2025-07-01,45910,09:30,13:40,190,PARTIAL,4,1,,,SCALE_INSUFFICIENT,,True,,,,SCALE_UNAVAILABLE,OBSERVATION_INSUFFICIENT,1,0,0,False,0,0,False,INHERITED_RAW_PRICE_BASIS,False,False
2025-07-01|45910,2025-07-01,45910,09:30,13:45,195,PARTIAL,4,1,,,SCALE_INSUFFICIENT,,True,,,,SCALE_UNAVAILABLE,WINDOW_OBSERVED,0,0,0,False,0,0,False,INHERITED_RAW_PRICE_BASIS,False,False
2025-07-01|45910,2025-07-01,45910,09:30,13:50,200,COMPLETE,5,0,UNCHANGED,0.0,SCALE_INSUFFICIENT,,True,,,,SCALE_UNAVAILABLE,OBSERVATION_INSUFFICIENT,3,0,0,False,0,0,False,INHERITED_RAW_PRICE_BASIS,False,False
2025-07-01|45910,2025-07-01,45910,09:30,13:55,205,COMPLETE,5,0,UNCHANGED,0.0,SCALE_INSUFFICIENT,,True,,,VOLUME_EXPANSION|TRADING_VALUE_EXPANSION,SCALE_UNAVAILABLE,OBSERVATION_INSUFFICIENT,5,0,0,False,0,0,False,INHERITED_RAW_PRICE_BASIS,True,False
2025-07-01|45910,2025-07-01,45910,09:30,14:00,210,PARTIAL,2,3,,,SCALE_INSUFFICIENT,,True,,,,SCALE_UNAVAILABLE,OBSERVATION_INSUFFICIENT,5,0,0,False,0,0,False,INHERITED_RAW_PRICE_BASIS,False,False
2025-07-01|45910,2025-07-01,45910,09:30,14:05,215,PARTIAL,3,2,,,SCALE_INSUFFICIENT,,True,,,,SCALE_UNAVAILABLE,OBSERVATION_INSUFFICIENT,4,0,0,False,0,0,False,INHERITED_RAW_PRICE_BASIS,False,False
2025-07-01|45910,2025-07-01,45910,09:30,14:10,220,PARTIAL,2,3,,,SCALE_INSUFFICIENT,,True,,,,SCALE_UNAVAILABLE,OBSERVATION_INSUFFICIENT,1,0,0,False,0,0,False,INHERITED_RAW_PRICE_BASIS,False,False
2025-07-01|45910,2025-07-01,45910,09:30,14:15,225,PARTIAL,4,1,,,SCALE_INSUFFICIENT,,True,,,,SCALE_UNAVAILABLE,OBSERVATION_INSUFFICIENT,3,0,0,False,0,0,False,INHERITED_RAW_PRICE_BASIS,False,False
2025-07-01|45910,2025-07-01,45910,09:30,14:20,230,COMPLETE,5,0,DOWN,-0.9900990099009901,SCALE_INSUFFICIENT,,True,,,,SCALE_UNAVAILABLE,OBSERVATION_INSUFFICIENT,3,0,0,False,0,2,False,INHERITED_RAW_PRICE_BASIS,False,False
2025-07-01|45910,2025-07-01,45910,09:30,14:25,235,PARTIAL,2,3,,,SCALE_INSUFFICIENT,,True,,,,SCALE_UNAVAILABLE,OBSERVATION_INSUFFICIENT,1,0,0,False,0,1,False,INHERITED_RAW_PRICE_BASIS,False,False
2025-07-01|45910,2025-07-01,45910,09:30,14:30,240,COMPLETE,5,0,DOWN,-0.9900990099009901,SCALE_INSUFFICIENT,,True,,,,SCALE_UNAVAILABLE,OBSERVATION_INSUFFICIENT,1,0,0,False,2,5,False,INHERITED_RAW_PRICE_BASIS,False,False
2025-07-01|45910,2025-07-01,45910,09:30,14:35,245,PARTIAL,4,1,,,SCALE_INSUFFICIENT,,True,,,,SCALE_UNAVAILABLE,WINDOW_OBSERVED,0,0,0,False,0,1,False,INHERITED_RAW_PRICE_BASIS,False,False
2025-07-01|45910,2025-07-01,45910,09:30,14:40,250,COMPLETE,5,0,UNCHANGED,0.0,SCALE_INSUFFICIENT,,True,,,,SCALE_UNAVAILABLE,WINDOW_OBSERVED,0,0,0,False,0,2,False,INHERITED_RAW_PRICE_BASIS,False,False
2025-07-01|45910,2025-07-01,45910,09:30,14:45,255,COMPLETE,5,0,UNCHANGED,0.0,SCALE_INSUFFICIENT,,True,,,VOLUME_EXPANSION|TRADING_VALUE_EXPANSION,SCALE_UNAVAILABLE,WINDOW_OBSERVED,0,0,0,False,0,0,False,INHERITED_RAW_PRICE_BASIS,True,False
2025-07-01|45910,2025-07-01,45910,09:30,14:50,260,COMPLETE,5,0,UP,1.0,SCALE_INSUFFICIENT,,True,,,VOLUME_EXPANSION|TRADING_VALUE_EXPANSION,SCALE_UNAVAILABLE,OBSERVATION_INSUFFICIENT,3,0,0,False,0,1,False,INHERITED_RAW_PRICE_BASIS,True,False
2025-07-01|45910,2025-07-01,45910,09:30,14:55,265,COMPLETE,5,0,UNCHANGED,0.0,SCALE_INSUFFICIENT,,True,,,RANGE_EXPANSION|VOLUME_COMPRESSION|TRADING_VALUE_COMPRESSION,SCALE_UNAVAILABLE,OBSERVATION_INSUFFICIENT,4,0,0,False,0,2,False,INHERITED_RAW_PRICE_BASIS,True,False
2025-07-01|45910,2025-07-01,45910,09:30,15:00,270,PARTIAL,2,3,,,SCALE_INSUFFICIENT,,True,,,,SCALE_UNAVAILABLE,OBSERVATION_INSUFFICIENT,1,0,0,False,0,2,False,INHERITED_RAW_PRICE_BASIS,False,False
2025-07-01|45910,2025-07-01,45910,09:30,15:05,275,PARTIAL,4,1,,,SCALE_INSUFFICIENT,,True,,,,SCALE_UNAVAILABLE,WINDOW_OBSERVED,0,0,0,False,0,2,False,INHERITED_RAW_PRICE_BASIS,False,False
2025-07-01|45910,2025-07-01,45910,09:30,15:10,280,COMPLETE,5,0,UNCHANGED,0.0,SCALE_INSUFFICIENT,,True,,,,SCALE_UNAVAILABLE,WINDOW_OBSERVED,0,0,0,False,0,0,False,INHERITED_RAW_PRICE_BASIS,False,False
2025-07-01|45910,2025-07-01,45910,09:30,15:15,285,COMPLETE,5,0,UP,1.0,SCALE_INSUFFICIENT,,True,,,VOLUME_EXPANSION|TRADING_VALUE_EXPANSION,SCALE_UNAVAILABLE,WINDOW_OBSERVED,0,0,0,False,0,1,False,INHERITED_RAW_PRICE_BASIS,True,False
2025-07-01|45910,2025-07-01,45910,09:30,15:20,290,COMPLETE,5,0,DOWN,-0.9900990099009901,SCALE_INSUFFICIENT,,True,,,VOLUME_COMPRESSION|TRADING_VALUE_COMPRESSION,SCALE_UNAVAILABLE,RIGHT_CENSORED,0,0,0,False,0,2,False,INHERITED_RAW_PRICE_BASIS,True,False
2025-07-01|45910,2025-07-01,45910,09:30,15:25,295,COMPLETE,5,0,UP,2.0,SCALE_INSUFFICIENT,,True,,,RANGE_EXPANSION,SCALE_UNAVAILABLE,RIGHT_CENSORED,0,0,0,False,0,8,False,INHERITED_RAW_PRICE_BASIS,True,False
2025-07-01|48920,2025-07-01,48920,13:00,13:00,0,COMPLETE,5,0,DOWN,-0.2554278416347382,SCALE_INSUFFICIENT,,True,,,RANGE_COMPRESSION,SCALE_UNAVAILABLE,WINDOW_OBSERVED,0,0,0,False,0,0,False,INHERITED_RAW_PRICE_BASIS,False,False
2025-07-01|48920,2025-07-01,48920,13:00,13:05,5,COMPLETE,5,0,UP,1.1523687580025608,SCALE_INSUFFICIENT,,True,,,RANGE_EXPANSION,SCALE_UNAVAILABLE,OBSERVATION_INSUFFICIENT,1,0,0,False,1,1,False,INHERITED_RAW_PRICE_BASIS,True,False
2025-07-01|48920,2025-07-01,48920,13:00,13:10,10,COMPLETE,5,0,DOWN,-1.1421319796954315,SCALE_INSUFFICIENT,,True,,,VOLUME_COMPRESSION|TRADING_VALUE_COMPRESSION,SCALE_UNAVAILABLE,OBSERVATION_INSUFFICIENT,1,0,0,False,1,1,False,INHERITED_RAW_PRICE_BASIS,True,False
2025-07-01|48920,2025-07-01,48920,13:00,13:15,15,PARTIAL,4,1,,,SCALE_INSUFFICIENT,,True,,,,SCALE_UNAVAILABLE,WINDOW_OBSERVED,0,0,0,False,0,0,False,INHERITED_RAW_PRICE_BASIS,False,False
2025-07-01|48920,2025-07-01,48920,13:00,13:20,20,COMPLETE,5,0,UP,0.12755102040816327,SCALE_INSUFFICIENT,,True,,,,SCALE_UNAVAILABLE,WINDOW_OBSERVED,0,0,0,False,0,1,False,INHERITED_RAW_PRICE_BASIS,False,False
2025-07-01|48920,2025-07-01,48920,13:00,13:25,25,COMPLETE,5,0,DOWN,-0.12755102040816327,SCALE_INSUFFICIENT,,True,,,RANGE_EXPANSION|VOLUME_EXPANSION|TRADING_VALUE_EXPANSION,SCALE_UNAVAILABLE,WINDOW_OBSERVED,0,0,0,False,1,1,False,INHERITED_RAW_PRICE_BASIS,True,False
2025-07-01|48920,2025-07-01,48920,13:00,13:30,30,COMPLETE,5,0,DOWN,-0.3826530612244898,SCALE_INSUFFICIENT,,True,,,VOLUME_COMPRESSION|TRADING_VALUE_COMPRESSION,SCALE_UNAVAILABLE,OBSERVATION_INSUFFICIENT,1,0,0,False,1,2,False,INHERITED_RAW_PRICE_BASIS,True,False
2025-07-01|48920,2025-07-01,48920,13:00,13:35,35,COMPLETE,5,0,UP,0.5121638924455826,SCALE_INSUFFICIENT,,True,,,,SCALE_UNAVAILABLE,OBSERVATION_INSUFFICIENT,2,0,0,False,2,2,False,INHERITED_RAW_PRICE_BASIS,True,False
2025-07-01|48920,2025-07-01,48920,13:00,13:40,40,PARTIAL,4,1,,,SCALE_INSUFFICIENT,,True,,,,SCALE_UNAVAILABLE,OBSERVATION_INSUFFICIENT,2,0,0,False,0,0,False,INHERITED_RAW_PRICE_BASIS,False,False
2025-07-01|48920,2025-07-01,48920,13:00,13:45,45,PARTIAL,4,1,,,SCALE_INSUFFICIENT,,True,,,,SCALE_UNAVAILABLE,OBSERVATION_INSUFFICIENT,2,0,0,False,0,1,False,INHERITED_RAW_PRICE_BASIS,False,False
2025-07-01|48920,2025-07-01,48920,13:00,13:50,50,PARTIAL,4,1,,,SCALE_INSUFFICIENT,,True,,,,SCALE_UNAVAILABLE,OBSERVATION_INSUFFICIENT,2,0,0,False,0,0,False,INHERITED_RAW_PRICE_BASIS,False,False
2025-07-01|48920,2025-07-01,48920,13:00,13:55,55,PARTIAL,4,1,,,SCALE_INSUFFICIENT,,True,,,,SCALE_UNAVAILABLE,OBSERVATION_INSUFFICIENT,1,0,0,False,0,0,False,INHERITED_RAW_PRICE_BASIS,False,False
2025-07-01|48920,2025-07-01,48920,13:00,14:00,60,PARTIAL,4,1,,,SCALE_INSUFFICIENT,,True,,,,SCALE_UNAVAILABLE,OBSERVATION_INSUFFICIENT,1,0,0,False,0,0,False,INHERITED_RAW_PRICE_BASIS,False,False
2025-07-01|48920,2025-07-01,48920,13:00,14:05,65,COMPLETE,5,0,UP,0.1282051282051282,SCALE_INSUFFICIENT,,True,,,,SCALE_UNAVAILABLE,OBSERVATION_INSUFFICIENT,1,0,0,False,0,0,False,INHERITED_RAW_PRICE_BASIS,False,False
2025-07-01|48920,2025-07-01,48920,13:00,14:10,70,PARTIAL,4,1,,,SCALE_INSUFFICIENT,,True,,,,SCALE_UNAVAILABLE,WINDOW_OBSERVED,0,0,0,False,2,0,False,INHERITED_RAW_PRICE_BASIS,False,False
2025-07-01|48920,2025-07-01,48920,13:00,14:15,75,COMPLETE,5,0,UNCHANGED,0.0,SCALE_INSUFFICIENT,,True,,,,SCALE_UNAVAILABLE,WINDOW_OBSERVED,0,0,0,False,0,0,False,INHERITED_RAW_PRICE_BASIS,False,False
2025-07-01|48920,2025-07-01,48920,13:00,14:20,80,COMPLETE,5,0,UP,1.794871794871795,SCALE_INSUFFICIENT,,True,,,RANGE_EXPANSION|VOLUME_EXPANSION|TRADING_VALUE_EXPANSION,SCALE_UNAVAILABLE,WINDOW_OBSERVED,0,0,0,False,3,3,False,INHERITED_RAW_PRICE_BASIS,True,False
2025-07-01|48920,2025-07-01,48920,13:00,14:25,85,COMPLETE,5,0,DOWN,-0.5044136191677175,SCALE_INSUFFICIENT,,True,,,RANGE_COMPRESSION,SCALE_UNAVAILABLE,WINDOW_OBSERVED,0,0,0,False,2,2,False,INHERITED_RAW_PRICE_BASIS,True,False
2025-07-01|48920,2025-07-01,48920,13:00,14:30,90,COMPLETE,5,0,DOWN,-0.37926675094816686,SCALE_INSUFFICIENT,,True,,,,SCALE_UNAVAILABLE,OBSERVATION_INSUFFICIENT,2,0,0,False,4,4,False,INHERITED_RAW_PRICE_BASIS,True,False
2025-07-01|48920,2025-07-01,48920,13:00,14:35,95,COMPLETE,5,0,DOWN,-0.38071065989847713,SCALE_INSUFFICIENT,,True,,,RANGE_COMPRESSION,SCALE_UNAVAILABLE,OBSERVATION_INSUFFICIENT,2,0,0,False,0,0,False,INHERITED_RAW_PRICE_BASIS,True,False
2025-07-01|48920,2025-07-01,48920,13:00,14:40,100,PARTIAL,3,2,,,SCALE_INSUFFICIENT,,True,,,,SCALE_UNAVAILABLE,WINDOW_OBSERVED,0,0,0,False,0,0,False,INHERITED_RAW_PRICE_BASIS,False,False
2025-07-01|48920,2025-07-01,48920,13:00,14:45,105,COMPLETE,5,0,UP,1.008827238335435,SCALE_INSUFFICIENT,,True,,,,SCALE_UNAVAILABLE,OBSERVATION_INSUFFICIENT,2,0,0,False,2,2,False,INHERITED_RAW_PRICE_BASIS,False,False
2025-07-01|48920,2025-07-01,48920,13:00,14:50,110,COMPLETE,5,0,DOWN,-0.24875621890547264,SCALE_INSUFFICIENT,,True,,,RANGE_COMPRESSION|VOLUME_COMPRESSION|TRADING_VALUE_COMPRESSION,SCALE_UNAVAILABLE,OBSERVATION_INSUFFICIENT,2,0,0,False,0,0,False,INHERITED_RAW_PRICE_BASIS,True,False
2025-07-01|48920,2025-07-01,48920,13:00,14:55,115,PARTIAL,3,2,,,SCALE_INSUFFICIENT,,True,,,,CURRENT_BAR_UNAVAILABLE,WINDOW_OBSERVED,0,0,0,False,0,0,False,INHERITED_RAW_PRICE_BASIS,False,False
2025-07-01|48920,2025-07-01,48920,13:00,15:00,120,COMPLETE,5,0,UP,0.12453300124533001,SCALE_INSUFFICIENT,,True,,,,SCALE_UNAVAILABLE,WINDOW_OBSERVED,0,0,0,False,0,0,False,INHERITED_RAW_PRICE_BASIS,False,False
2025-07-01|48920,2025-07-01,48920,13:00,15:05,125,COMPLETE,5,0,UP,0.7453416149068323,SCALE_INSUFFICIENT,,True,,,RANGE_EXPANSION,SCALE_UNAVAILABLE,WINDOW_OBSERVED,0,0,0,False,0,0,False,INHERITED_RAW_PRICE_BASIS,True,False
2025-07-01|48920,2025-07-01,48920,13:00,15:10,130,COMPLETE,5,0,UNCHANGED,0.0,SCALE_INSUFFICIENT,,True,,,RANGE_COMPRESSION,SCALE_UNAVAILABLE,WINDOW_OBSERVED,0,0,0,False,0,0,False,INHERITED_RAW_PRICE_BASIS,True,False
2025-07-01|48920,2025-07-01,48920,13:00,15:15,135,COMPLETE,5,0,DOWN,-0.24630541871921183,SCALE_INSUFFICIENT,,True,,,,SCALE_UNAVAILABLE,WINDOW_OBSERVED,0,0,0,False,0,0,False,INHERITED_RAW_PRICE_BASIS,True,False
2025-07-01|48920,2025-07-01,48920,13:00,15:20,140,COMPLETE,5,0,DOWN,-0.37037037037037035,SCALE_INSUFFICIENT,,True,,,VOLUME_COMPRESSION|TRADING_VALUE_COMPRESSION,SCALE_UNAVAILABLE,RIGHT_CENSORED,0,0,0,False,0,0,False,INHERITED_RAW_PRICE_BASIS,True,False
2025-07-01|48920,2025-07-01,48920,13:00,15:25,145,COMPLETE,5,0,UP,1.1166253101736974,SCALE_INSUFFICIENT,,True,,,RANGE_EXPANSION,SCALE_UNAVAILABLE,RIGHT_CENSORED,0,0,0,False,0,0,False,INHERITED_RAW_PRICE_BASIS,True,False
2025-07-01|53860,2025-07-01,53860,15:00,15:00,0,UNAVAILABLE,0,5,,,SCALE_INSUFFICIENT,,True,,,,CURRENT_BAR_UNAVAILABLE,OBSERVATION_INSUFFICIENT,10,0,0,False,0,0,False,INHERITED_RAW_PRICE_BASIS,False,False
2025-07-01|53860,2025-07-01,53860,15:00,15:05,5,UNAVAILABLE,0,5,,,SCALE_INSUFFICIENT,,True,,,,CURRENT_BAR_UNAVAILABLE,OBSERVATION_INSUFFICIENT,10,0,0,False,0,0,False,INHERITED_RAW_PRICE_BASIS,False,False
2025-07-01|53860,2025-07-01,53860,15:00,15:10,10,UNAVAILABLE,0,5,,,SCALE_INSUFFICIENT,,True,,,,CURRENT_BAR_UNAVAILABLE,OBSERVATION_INSUFFICIENT,7,0,0,False,0,0,False,INHERITED_RAW_PRICE_BASIS,False,False
2025-07-01|53860,2025-07-01,53860,15:00,15:15,15,UNAVAILABLE,0,5,,,SCALE_INSUFFICIENT,,True,,,,CURRENT_BAR_UNAVAILABLE,OBSERVATION_INSUFFICIENT,7,0,0,False,0,0,False,INHERITED_RAW_PRICE_BASIS,False,False
2025-07-01|53860,2025-07-01,53860,15:00,15:20,20,PARTIAL,3,2,,,SCALE_INSUFFICIENT,,True,,,,SCALE_UNAVAILABLE,RIGHT_CENSORED,5,0,0,False,2,2,False,INHERITED_RAW_PRICE_BASIS,False,False
2025-07-01|53860,2025-07-01,53860,15:00,15:25,25,UNAVAILABLE,0,5,,,SCALE_INSUFFICIENT,,True,,,,CURRENT_BAR_UNAVAILABLE,RIGHT_CENSORED,0,0,0,False,0,0,False,INHERITED_RAW_PRICE_BASIS,False,False
2025-07-01|56180,2025-07-01,56180,09:30,09:30,0,COMPLETE,5,0,UP,1.0964912280701755,SCALE_INSUFFICIENT,,True,,,RANGE_COMPRESSION|VOLUME_COMPRESSION|TRADING_VALUE_COMPRESSION,SCALE_UNAVAILABLE,WINDOW_OBSERVED,0,0,0,False,0,0,False,INHERITED_RAW_PRICE_BASIS,False,False
2025-07-01|56180,2025-07-01,56180,09:30,09:35,5,COMPLETE,5,0,DOWN,-1.3100436681222707,SCALE_INSUFFICIENT,,True,,,RANGE_EXPANSION|VOLUME_EXPANSION|TRADING_VALUE_EXPANSION,SCALE_UNAVAILABLE,WINDOW_OBSERVED,0,0,0,False,1,1,False,INHERITED_RAW_PRICE_BASIS,True,False
2025-07-01|56180,2025-07-01,56180,09:30,09:40,10,COMPLETE,5,0,UP,11.45374449339207,SCALE_INSUFFICIENT,,True,,,RANGE_EXPANSION|VOLUME_EXPANSION|TRADING_VALUE_EXPANSION,SCALE_UNAVAILABLE,WINDOW_OBSERVED,0,0,0,False,0,0,False,INHERITED_RAW_PRICE_BASIS,True,False
2025-07-01|56180,2025-07-01,56180,09:30,09:45,15,COMPLETE,5,0,DOWN,-3.1620553359683794,SCALE_INSUFFICIENT,,True,,,RANGE_COMPRESSION|VOLUME_COMPRESSION|TRADING_VALUE_COMPRESSION,SCALE_UNAVAILABLE,WINDOW_OBSERVED,0,0,0,False,0,0,False,INHERITED_RAW_PRICE_BASIS,True,False
2025-07-01|56180,2025-07-01,56180,09:30,09:50,20,COMPLETE,5,0,UP,9.31174089068826,SCALE_INSUFFICIENT,,True,,,RANGE_EXPANSION|VOLUME_EXPANSION|TRADING_VALUE_EXPANSION,SCALE_UNAVAILABLE,WINDOW_OBSERVED,0,0,0,False,2,5,False,INHERITED_RAW_PRICE_BASIS,True,False
2025-07-01|56180,2025-07-01,56180,09:30,09:55,25,COMPLETE,5,0,DOWN,-1.6666666666666667,SCALE_INSUFFICIENT,,True,,,RANGE_COMPRESSION|VOLUME_COMPRESSION|TRADING_VALUE_COMPRESSION,SCALE_UNAVAILABLE,WINDOW_OBSERVED,0,0,0,False,0,0,False,INHERITED_RAW_PRICE_BASIS,True,False
2025-07-01|56180,2025-07-01,56180,09:30,10:00,30,COMPLETE,5,0,UP,2.071563088512241,SCALE_INSUFFICIENT,,True,,,RANGE_EXPANSION|VOLUME_EXPANSION|TRADING_VALUE_EXPANSION,SCALE_UNAVAILABLE,WINDOW_OBSERVED,0,0,0,False,13,11,False,INHERITED_RAW_PRICE_BASIS,True,False
2025-07-01|56180,2025-07-01,56180,09:30,10:05,35,COMPLETE,5,0,UP,3.321033210332103,SCALE_INSUFFICIENT,,True,,,,SCALE_UNAVAILABLE,WINDOW_OBSERVED,0,0,0,False,3,1,False,INHERITED_RAW_PRICE_BASIS,True,False
2025-07-01|56180,2025-07-01,56180,09:30,10:10,40,COMPLETE,5,0,DOWN,-5.376344086021505,SCALE_INSUFFICIENT,,True,,,VOLUME_COMPRESSION|TRADING_VALUE_COMPRESSION,SCALE_UNAVAILABLE,WINDOW_OBSERVED,0,0,0,False,8,0,False,INHERITED_RAW_PRICE_BASIS,True,False
2025-07-01|56180,2025-07-01,56180,09:30,10:15,45,COMPLETE,5,0,DOWN,-6.818181818181818,SCALE_INSUFFICIENT,,True,,,VOLUME_COMPRESSION|TRADING_VALUE_COMPRESSION,SCALE_UNAVAILABLE,WINDOW_OBSERVED,0,0,0,False,10,5,False,INHERITED_RAW_PRICE_BASIS,True,False
2025-07-01|56180,2025-07-01,56180,09:30,10:20,50,COMPLETE,5,0,DOWN,-5.040322580645161,SCALE_INSUFFICIENT,,True,,,VOLUME_EXPANSION|TRADING_VALUE_EXPANSION,SCALE_UNAVAILABLE,WINDOW_OBSERVED,0,0,0,False,0,0,False,INHERITED_RAW_PRICE_BASIS,True,False
2025-07-01|56180,2025-07-01,56180,09:30,10:25,55,COMPLETE,5,0,DOWN,-3.1914893617021276,SCALE_INSUFFICIENT,,True,,,RANGE_COMPRESSION,SCALE_UNAVAILABLE,WINDOW_OBSERVED,0,0,0,False,0,0,False,INHERITED_RAW_PRICE_BASIS,True,False
2025-07-01|56180,2025-07-01,56180,09:30,10:30,60,COMPLETE,5,0,DOWN,-1.1013215859030836,SCALE_INSUFFICIENT,,True,,,VOLUME_COMPRESSION|TRADING_VALUE_COMPRESSION,SCALE_UNAVAILABLE,WINDOW_OBSERVED,0,0,0,False,0,0,False,INHERITED_RAW_PRICE_BASIS,True,False
2025-07-01|56180,2025-07-01,56180,09:30,10:35,65,COMPLETE,5,0,UP,0.8888888888888888,SCALE_INSUFFICIENT,,True,,,VOLUME_COMPRESSION|TRADING_VALUE_COMPRESSION,SCALE_UNAVAILABLE,WINDOW_OBSERVED,0,0,0,False,2,2,False,INHERITED_RAW_PRICE_BASIS,True,False
2025-07-01|56180,2025-07-01,56180,09:30,10:40,70,COMPLETE,5,0,UP,0.44052863436123346,SCALE_INSUFFICIENT,,True,,,VOLUME_EXPANSION|TRADING_VALUE_EXPANSION,SCALE_UNAVAILABLE,WINDOW_OBSERVED,0,0,0,False,0,0,False,INHERITED_RAW_PRICE_BASIS,True,False
2025-07-01|56180,2025-07-01,56180,09:30,10:45,75,COMPLETE,5,0,DOWN,-0.4366812227074236,SCALE_INSUFFICIENT,,True,,,VOLUME_COMPRESSION|TRADING_VALUE_COMPRESSION,SCALE_UNAVAILABLE,WINDOW_OBSERVED,0,0,0,False,0,0,False,INHERITED_RAW_PRICE_BASIS,True,False
2025-07-01|56180,2025-07-01,56180,09:30,10:50,80,COMPLETE,5,0,DOWN,-0.6593406593406593,SCALE_INSUFFICIENT,,True,,,RANGE_COMPRESSION|VOLUME_COMPRESSION|TRADING_VALUE_COMPRESSION,SCALE_UNAVAILABLE,OBSERVATION_INSUFFICIENT,1,0,0,False,0,0,False,INHERITED_RAW_PRICE_BASIS,True,False
2025-07-01|56180,2025-07-01,56180,09:30,10:55,85,COMPLETE,5,0,UP,0.44052863436123346,SCALE_INSUFFICIENT,,True,,,,SCALE_UNAVAILABLE,OBSERVATION_INSUFFICIENT,1,0,0,False,0,0,False,INHERITED_RAW_PRICE_BASIS,True,False
2025-07-01|56180,2025-07-01,56180,09:30,11:00,90,PARTIAL,4,1,,,SCALE_INSUFFICIENT,,True,,,,SCALE_UNAVAILABLE,WINDOW_OBSERVED,0,0,0,False,0,0,False,INHERITED_RAW_PRICE_BASIS,False,False
2025-07-01|56180,2025-07-01,56180,09:30,11:05,95,COMPLETE,5,0,UP,1.0845986984815619,SCALE_INSUFFICIENT,,True,,,,SCALE_UNAVAILABLE,WINDOW_OBSERVED,0,0,0,False,0,0,False,INHERITED_RAW_PRICE_BASIS,False,False
2025-07-01|56180,2025-07-01,56180,09:30,11:10,100,COMPLETE,5,0,UNCHANGED,0.0,SCALE_INSUFFICIENT,,True,,,RANGE_EXPANSION|VOLUME_EXPANSION|TRADING_VALUE_EXPANSION,SCALE_UNAVAILABLE,WINDOW_OBSERVED,0,0,0,False,0,0,False,INHERITED_RAW_PRICE_BASIS,True,False
2025-07-01|56180,2025-07-01,56180,09:30,11:15,105,COMPLETE,5,0,UNCHANGED,0.0,SCALE_INSUFFICIENT,,True,,,RANGE_COMPRESSION|VOLUME_COMPRESSION|TRADING_VALUE_COMPRESSION,SCALE_UNAVAILABLE,OBSERVATION_INSUFFICIENT,1,0,0,False,0,0,False,INHERITED_RAW_PRICE_BASIS,True,False
2025-07-01|56180,2025-07-01,56180,09:30,11:20,110,COMPLETE,5,0,UP,0.8639308855291576,SCALE_INSUFFICIENT,,True,,,VOLUME_COMPRESSION|TRADING_VALUE_COMPRESSION,SCALE_UNAVAILABLE,OBSERVATION_INSUFFICIENT,2,0,0,False,0,0,False,INHERITED_RAW_PRICE_BASIS,True,False
2025-07-01|56180,2025-07-01,56180,09:30,11:25,115,PARTIAL,4,1,,,SCALE_INSUFFICIENT,,True,,,,SCALE_UNAVAILABLE,OBSERVATION_INSUFFICIENT,1,0,0,False,0,0,False,INHERITED_RAW_PRICE_BASIS,False,False
2025-07-01|56180,2025-07-01,56180,09:30,11:30,120,PARTIAL,4,1,,,SCALE_INSUFFICIENT,,True,,,,SCALE_UNAVAILABLE,OBSERVATION_INSUFFICIENT,1,0,0,False,0,0,False,INHERITED_RAW_PRICE_BASIS,False,False
2025-07-01|56180,2025-07-01,56180,09:30,12:35,125,COMPLETE,5,0,UNCHANGED,0.0,SCALE_INSUFFICIENT,,True,,,,SCALE_UNAVAILABLE,OBSERVATION_INSUFFICIENT,1,0,0,False,0,0,False,INHERITED_RAW_PRICE_BASIS,False,False
2025-07-01|56180,2025-07-01,56180,09:30,12:40,130,PARTIAL,4,1,,,SCALE_INSUFFICIENT,,True,,,,SCALE_UNAVAILABLE,WINDOW_OBSERVED,0,0,0,False,0,0,False,INHERITED_RAW_PRICE_BASIS,False,False
2025-07-01|56180,2025-07-01,56180,09:30,12:45,135,COMPLETE,5,0,UP,1.075268817204301,SCALE_INSUFFICIENT,,True,,,,SCALE_UNAVAILABLE,OBSERVATION_INSUFFICIENT,2,0,0,False,0,0,False,INHERITED_RAW_PRICE_BASIS,False,False
2025-07-01|56180,2025-07-01,56180,09:30,12:50,140,COMPLETE,5,0,UP,7.872340425531915,SCALE_INSUFFICIENT,,True,,,RANGE_EXPANSION|VOLUME_EXPANSION|TRADING_VALUE_EXPANSION,SCALE_UNAVAILABLE,OBSERVATION_INSUFFICIENT,2,0,0,False,0,0,False,INHERITED_RAW_PRICE_BASIS,True,False
2025-07-01|56180,2025-07-01,56180,09:30,12:55,145,PARTIAL,3,2,,,SCALE_INSUFFICIENT,,True,,,,SCALE_UNAVAILABLE,WINDOW_OBSERVED,0,0,0,False,4,4,False,INHERITED_RAW_PRICE_BASIS,False,False
2025-07-01|56180,2025-07-01,56180,09:30,13:00,150,COMPLETE,5,0,UP,6.0546875,SCALE_INSUFFICIENT,,True,,,,SCALE_UNAVAILABLE,OBSERVATION_INSUFFICIENT,5,0,0,False,5,5,False,INHERITED_RAW_PRICE_BASIS,False,False
2025-07-01|56180,2025-07-01,56180,09:30,13:05,155,COMPLETE,5,0,UP,12.296564195298373,SCALE_INSUFFICIENT,,True,,,VOLUME_EXPANSION|TRADING_VALUE_EXPANSION,SCALE_UNAVAILABLE,OBSERVATION_INSUFFICIENT,10,0,0,False,2,1,False,INHERITED_RAW_PRICE_BASIS,True,False
2025-07-01|56180,2025-07-01,56180,09:30,13:10,160,UNAVAILABLE,0,5,,,SCALE_INSUFFICIENT,,True,,,,CURRENT_BAR_UNAVAILABLE,OBSERVATION_INSUFFICIENT,10,0,0,False,0,0,False,INHERITED_RAW_PRICE_BASIS,False,False
2025-07-01|56180,2025-07-01,56180,09:30,13:15,165,UNAVAILABLE,0,5,,,SCALE_INSUFFICIENT,,True,,,,CURRENT_BAR_UNAVAILABLE,OBSERVATION_INSUFFICIENT,10,0,0,False,0,0,False,INHERITED_RAW_PRICE_BASIS,False,False
2025-07-01|56180,2025-07-01,56180,09:30,13:20,170,UNAVAILABLE,0,5,,,SCALE_INSUFFICIENT,,True,,,,CURRENT_BAR_UNAVAILABLE,OBSERVATION_INSUFFICIENT,10,0,0,False,0,0,False,INHERITED_RAW_PRICE_BASIS,False,False
2025-07-01|56180,2025-07-01,56180,09:30,13:25,175,UNAVAILABLE,0,5,,,SCALE_INSUFFICIENT,,True,,,,CURRENT_BAR_UNAVAILABLE,OBSERVATION_INSUFFICIENT,10,0,0,False,0,0,False,INHERITED_RAW_PRICE_BASIS,False,False
2025-07-01|56180,2025-07-01,56180,09:30,13:30,180,UNAVAILABLE,0,5,,,SCALE_INSUFFICIENT,,True,,,,CURRENT_BAR_UNAVAILABLE,OBSERVATION_INSUFFICIENT,10,0,0,False,0,0,False,INHERITED_RAW_PRICE_BASIS,False,False
2025-07-01|56180,2025-07-01,56180,09:30,13:35,185,UNAVAILABLE,0,5,,,SCALE_INSUFFICIENT,,True,,,,CURRENT_BAR_UNAVAILABLE,OBSERVATION_INSUFFICIENT,10,0,0,False,0,0,False,INHERITED_RAW_PRICE_BASIS,False,False
2025-07-01|56180,2025-07-01,56180,09:30,13:40,190,UNAVAILABLE,0,5,,,SCALE_INSUFFICIENT,,True,,,,CURRENT_BAR_UNAVAILABLE,OBSERVATION_INSUFFICIENT,10,0,0,False,0,0,False,INHERITED_RAW_PRICE_BASIS,False,False
2025-07-01|56180,2025-07-01,56180,09:30,13:45,195,UNAVAILABLE,0,5,,,SCALE_INSUFFICIENT,,True,,,,CURRENT_BAR_UNAVAILABLE,OBSERVATION_INSUFFICIENT,10,0,0,False,0,0,False,INHERITED_RAW_PRICE_BASIS,False,False
2025-07-01|56180,2025-07-01,56180,09:30,13:50,200,UNAVAILABLE,0,5,,,SCALE_INSUFFICIENT,,True,,,,CURRENT_BAR_UNAVAILABLE,OBSERVATION_INSUFFICIENT,10,0,0,False,0,0,False,INHERITED_RAW_PRICE_BASIS,False,False
2025-07-01|56180,2025-07-01,56180,09:30,13:55,205,UNAVAILABLE,0,5,,,SCALE_INSUFFICIENT,,True,,,,CURRENT_BAR_UNAVAILABLE,OBSERVATION_INSUFFICIENT,10,0,0,False,0,0,False,INHERITED_RAW_PRICE_BASIS,False,False
2025-07-01|56180,2025-07-01,56180,09:30,14:00,210,UNAVAILABLE,0,5,,,SCALE_INSUFFICIENT,,True,,,,CURRENT_BAR_UNAVAILABLE,OBSERVATION_INSUFFICIENT,10,0,0,False,0,0,False,INHERITED_RAW_PRICE_BASIS,False,False
2025-07-01|56180,2025-07-01,56180,09:30,14:05,215,UNAVAILABLE,0,5,,,SCALE_INSUFFICIENT,,True,,,,CURRENT_BAR_UNAVAILABLE,OBSERVATION_INSUFFICIENT,10,0,0,False,0,0,False,INHERITED_RAW_PRICE_BASIS,False,False
2025-07-01|56180,2025-07-01,56180,09:30,14:10,220,UNAVAILABLE,0,5,,,SCALE_INSUFFICIENT,,True,,,,CURRENT_BAR_UNAVAILABLE,OBSERVATION_INSUFFICIENT,10,0,0,False,0,0,False,INHERITED_RAW_PRICE_BASIS,False,False
2025-07-01|56180,2025-07-01,56180,09:30,14:15,225,UNAVAILABLE,0,5,,,SCALE_INSUFFICIENT,,True,,,,CURRENT_BAR_UNAVAILABLE,OBSERVATION_INSUFFICIENT,10,0,0,False,0,0,False,INHERITED_RAW_PRICE_BASIS,False,False
2025-07-01|56180,2025-07-01,56180,09:30,14:20,230,UNAVAILABLE,0,5,,,SCALE_INSUFFICIENT,,True,,,,CURRENT_BAR_UNAVAILABLE,OBSERVATION_INSUFFICIENT,10,0,0,False,0,0,False,INHERITED_RAW_PRICE_BASIS,False,False
2025-07-01|56180,2025-07-01,56180,09:30,14:25,235,UNAVAILABLE,0,5,,,SCALE_INSUFFICIENT,,True,,,,CURRENT_BAR_UNAVAILABLE,OBSERVATION_INSUFFICIENT,10,0,0,False,0,0,False,INHERITED_RAW_PRICE_BASIS,False,False
2025-07-01|56180,2025-07-01,56180,09:30,14:30,240,UNAVAILABLE,0,5,,,SCALE_INSUFFICIENT,,True,,,,CURRENT_BAR_UNAVAILABLE,OBSERVATION_INSUFFICIENT,10,0,0,False,0,0,False,INHERITED_RAW_PRICE_BASIS,False,False
2025-07-01|56180,2025-07-01,56180,09:30,14:35,245,UNAVAILABLE,0,5,,,SCALE_INSUFFICIENT,,True,,,,CURRENT_BAR_UNAVAILABLE,OBSERVATION_INSUFFICIENT,10,0,0,False,0,0,False,INHERITED_RAW_PRICE_BASIS,False,False
2025-07-01|56180,2025-07-01,56180,09:30,14:40,250,UNAVAILABLE,0,5,,,SCALE_INSUFFICIENT,,True,,,,CURRENT_BAR_UNAVAILABLE,OBSERVATION_INSUFFICIENT,10,0,0,False,0,0,False,INHERITED_RAW_PRICE_BASIS,False,False
2025-07-01|56180,2025-07-01,56180,09:30,14:45,255,UNAVAILABLE,0,5,,,SCALE_INSUFFICIENT,,True,,,,CURRENT_BAR_UNAVAILABLE,OBSERVATION_INSUFFICIENT,10,0,0,False,0,0,False,INHERITED_RAW_PRICE_BASIS,False,False
2025-07-01|56180,2025-07-01,56180,09:30,14:50,260,UNAVAILABLE,0,5,,,SCALE_INSUFFICIENT,,True,,,,CURRENT_BAR_UNAVAILABLE,OBSERVATION_INSUFFICIENT,10,0,0,False,0,0,False,INHERITED_RAW_PRICE_BASIS,False,False
2025-07-01|56180,2025-07-01,56180,09:30,14:55,265,UNAVAILABLE,0,5,,,SCALE_INSUFFICIENT,,True,,,,CURRENT_BAR_UNAVAILABLE,OBSERVATION_INSUFFICIENT,10,0,0,False,0,0,False,INHERITED_RAW_PRICE_BASIS,False,False
2025-07-01|56180,2025-07-01,56180,09:30,15:00,270,UNAVAILABLE,0,5,,,SCALE_INSUFFICIENT,,True,,,,CURRENT_BAR_UNAVAILABLE,OBSERVATION_INSUFFICIENT,10,0,0,False,0,0,False,INHERITED_RAW_PRICE_BASIS,False,False
2025-07-01|56180,2025-07-01,56180,09:30,15:05,275,UNAVAILABLE,0,5,,,SCALE_INSUFFICIENT,,True,,,,CURRENT_BAR_UNAVAILABLE,OBSERVATION_INSUFFICIENT,10,0,0,False,0,0,False,INHERITED_RAW_PRICE_BASIS,False,False
2025-07-01|56180,2025-07-01,56180,09:30,15:10,280,UNAVAILABLE,0,5,,,SCALE_INSUFFICIENT,,True,,,,CURRENT_BAR_UNAVAILABLE,OBSERVATION_INSUFFICIENT,10,0,0,False,0,0,False,INHERITED_RAW_PRICE_BASIS,False,False
2025-07-01|56180,2025-07-01,56180,09:30,15:15,285,UNAVAILABLE,0,5,,,SCALE_INSUFFICIENT,,True,,,,CURRENT_BAR_UNAVAILABLE,OBSERVATION_INSUFFICIENT,10,0,0,False,0,0,False,INHERITED_RAW_PRICE_BASIS,False,False
2025-07-01|56180,2025-07-01,56180,09:30,15:20,290,UNAVAILABLE,0,5,,,SCALE_INSUFFICIENT,,True,,,,CURRENT_BAR_UNAVAILABLE,RIGHT_CENSORED,5,0,0,False,0,0,False,INHERITED_RAW_PRICE_BASIS,False,False
2025-07-01|56180,2025-07-01,56180,09:30,15:25,295,UNAVAILABLE,0,5,,,SCALE_INSUFFICIENT,,True,,,,CURRENT_BAR_UNAVAILABLE,RIGHT_CENSORED,0,0,0,False,0,0,False,INHERITED_RAW_PRICE_BASIS,False,False
2025-07-01|57210,2025-07-01,57210,11:30,11:30,0,PARTIAL,2,3,,,AVAILABLE,2.0,True,,,,CURRENT_BAR_UNAVAILABLE,OBSERVATION_INSUFFICIENT,10,0,0,False,1,1,False,INHERITED_RAW_PRICE_BASIS,False,False
2025-07-01|57210,2025-07-01,57210,11:30,12:35,5,UNAVAILABLE,0,5,,,AVAILABLE,2.0,True,,,,CURRENT_BAR_UNAVAILABLE,OBSERVATION_INSUFFICIENT,10,0,0,False,0,0,False,INHERITED_RAW_PRICE_BASIS,False,False
2025-07-01|57210,2025-07-01,57210,11:30,12:40,10,UNAVAILABLE,0,5,,,AVAILABLE,2.0,True,,,,CURRENT_BAR_UNAVAILABLE,OBSERVATION_INSUFFICIENT,10,0,0,False,0,0,False,INHERITED_RAW_PRICE_BASIS,False,False
2025-07-01|57210,2025-07-01,57210,11:30,12:45,15,UNAVAILABLE,0,5,,,AVAILABLE,2.0,True,,,,CURRENT_BAR_UNAVAILABLE,OBSERVATION_INSUFFICIENT,10,0,0,False,0,0,False,INHERITED_RAW_PRICE_BASIS,False,False
2025-07-01|57210,2025-07-01,57210,11:30,12:50,20,UNAVAILABLE,0,5,,,AVAILABLE,2.0,True,,,,CURRENT_BAR_UNAVAILABLE,OBSERVATION_INSUFFICIENT,10,0,0,False,0,0,False,INHERITED_RAW_PRICE_BASIS,False,False
2025-07-01|57210,2025-07-01,57210,11:30,12:55,25,UNAVAILABLE,0,5,,,AVAILABLE,2.0,True,,,,CURRENT_BAR_UNAVAILABLE,OBSERVATION_INSUFFICIENT,10,0,0,False,0,0,False,INHERITED_RAW_PRICE_BASIS,False,False
2025-07-01|57210,2025-07-01,57210,11:30,13:00,30,UNAVAILABLE,0,5,,,AVAILABLE,2.0,True,,,,CURRENT_BAR_UNAVAILABLE,OBSERVATION_INSUFFICIENT,10,0,0,False,0,0,False,INHERITED_RAW_PRICE_BASIS,False,False
2025-07-01|57210,2025-07-01,57210,11:30,13:05,35,UNAVAILABLE,0,5,,,AVAILABLE,2.0,True,,,,CURRENT_BAR_UNAVAILABLE,OBSERVATION_INSUFFICIENT,10,0,0,False,0,0,False,INHERITED_RAW_PRICE_BASIS,False,False
2025-07-01|57210,2025-07-01,57210,11:30,13:10,40,UNAVAILABLE,0,5,,,AVAILABLE,2.0,True,,,,CURRENT_BAR_UNAVAILABLE,OBSERVATION_INSUFFICIENT,10,0,0,False,0,0,False,INHERITED_RAW_PRICE_BASIS,False,False
2025-07-01|57210,2025-07-01,57210,11:30,13:15,45,UNAVAILABLE,0,5,,,AVAILABLE,2.0,True,,,,CURRENT_BAR_UNAVAILABLE,OBSERVATION_INSUFFICIENT,10,0,0,False,0,0,False,INHERITED_RAW_PRICE_BASIS,False,False
2025-07-01|57210,2025-07-01,57210,11:30,13:20,50,UNAVAILABLE,0,5,,,AVAILABLE,2.0,True,,,,CURRENT_BAR_UNAVAILABLE,OBSERVATION_INSUFFICIENT,10,0,0,False,0,0,False,INHERITED_RAW_PRICE_BASIS,False,False
2025-07-01|57210,2025-07-01,57210,11:30,13:25,55,UNAVAILABLE,0,5,,,AVAILABLE,2.0,True,,,,CURRENT_BAR_UNAVAILABLE,OBSERVATION_INSUFFICIENT,10,0,0,False,0,0,False,INHERITED_RAW_PRICE_BASIS,False,False
2025-07-01|57210,2025-07-01,57210,11:30,13:30,60,UNAVAILABLE,0,5,,,AVAILABLE,2.0,True,,,,CURRENT_BAR_UNAVAILABLE,OBSERVATION_INSUFFICIENT,10,0,0,False,0,0,False,INHERITED_RAW_PRICE_BASIS,False,False
2025-07-01|57210,2025-07-01,57210,11:30,13:35,65,UNAVAILABLE,0,5,,,AVAILABLE,2.0,True,,,,CURRENT_BAR_UNAVAILABLE,OBSERVATION_INSUFFICIENT,10,0,0,False,0,0,False,INHERITED_RAW_PRICE_BASIS,False,False
2025-07-01|57210,2025-07-01,57210,11:30,13:40,70,UNAVAILABLE,0,5,,,AVAILABLE,2.0,True,,,,CURRENT_BAR_UNAVAILABLE,OBSERVATION_INSUFFICIENT,10,0,0,False,0,0,False,INHERITED_RAW_PRICE_BASIS,False,False
2025-07-01|57210,2025-07-01,57210,11:30,13:45,75,UNAVAILABLE,0,5,,,AVAILABLE,2.0,True,,,,CURRENT_BAR_UNAVAILABLE,OBSERVATION_INSUFFICIENT,10,0,0,False,0,0,False,INHERITED_RAW_PRICE_BASIS,False,False
2025-07-01|57210,2025-07-01,57210,11:30,13:50,80,UNAVAILABLE,0,5,,,AVAILABLE,2.0,True,,,,CURRENT_BAR_UNAVAILABLE,OBSERVATION_INSUFFICIENT,10,0,0,False,0,0,False,INHERITED_RAW_PRICE_BASIS,False,False
2025-07-01|57210,2025-07-01,57210,11:30,13:55,85,UNAVAILABLE,0,5,,,AVAILABLE,2.0,True,,,,CURRENT_BAR_UNAVAILABLE,OBSERVATION_INSUFFICIENT,10,0,0,False,0,0,False,INHERITED_RAW_PRICE_BASIS,False,False
2025-07-01|57210,2025-07-01,57210,11:30,14:00,90,UNAVAILABLE,0,5,,,AVAILABLE,2.0,True,,,,CURRENT_BAR_UNAVAILABLE,OBSERVATION_INSUFFICIENT,10,0,0,False,0,0,False,INHERITED_RAW_PRICE_BASIS,False,False
2025-07-01|57210,2025-07-01,57210,11:30,14:05,95,UNAVAILABLE,0,5,,,AVAILABLE,2.0,True,,,,CURRENT_BAR_UNAVAILABLE,OBSERVATION_INSUFFICIENT,10,0,0,False,0,0,False,INHERITED_RAW_PRICE_BASIS,False,False
2025-07-01|57210,2025-07-01,57210,11:30,14:10,100,UNAVAILABLE,0,5,,,AVAILABLE,2.0,True,,,,CURRENT_BAR_UNAVAILABLE,OBSERVATION_INSUFFICIENT,10,0,0,False,0,0,False,INHERITED_RAW_PRICE_BASIS,False,False
2025-07-01|57210,2025-07-01,57210,11:30,14:15,105,UNAVAILABLE,0,5,,,AVAILABLE,2.0,True,,,,CURRENT_BAR_UNAVAILABLE,OBSERVATION_INSUFFICIENT,10,0,0,False,0,0,False,INHERITED_RAW_PRICE_BASIS,False,False
2025-07-01|57210,2025-07-01,57210,11:30,14:20,110,UNAVAILABLE,0,5,,,AVAILABLE,2.0,True,,,,CURRENT_BAR_UNAVAILABLE,OBSERVATION_INSUFFICIENT,10,0,0,False,0,0,False,INHERITED_RAW_PRICE_BASIS,False,False
2025-07-01|57210,2025-07-01,57210,11:30,14:25,115,UNAVAILABLE,0,5,,,AVAILABLE,2.0,True,,,,CURRENT_BAR_UNAVAILABLE,OBSERVATION_INSUFFICIENT,10,0,0,False,0,0,False,INHERITED_RAW_PRICE_BASIS,False,False
2025-07-01|57210,2025-07-01,57210,11:30,14:30,120,UNAVAILABLE,0,5,,,AVAILABLE,2.0,True,,,,CURRENT_BAR_UNAVAILABLE,OBSERVATION_INSUFFICIENT,10,0,0,False,0,0,False,INHERITED_RAW_PRICE_BASIS,False,False
2025-07-01|57210,2025-07-01,57210,11:30,14:35,125,UNAVAILABLE,0,5,,,AVAILABLE,2.0,True,,,,CURRENT_BAR_UNAVAILABLE,OBSERVATION_INSUFFICIENT,10,0,0,False,0,0,False,INHERITED_RAW_PRICE_BASIS,False,False
2025-07-01|57210,2025-07-01,57210,11:30,14:40,130,UNAVAILABLE,0,5,,,AVAILABLE,2.0,True,,,,CURRENT_BAR_UNAVAILABLE,OBSERVATION_INSUFFICIENT,10,0,0,False,0,0,False,INHERITED_RAW_PRICE_BASIS,False,False
2025-07-01|57210,2025-07-01,57210,11:30,14:45,135,UNAVAILABLE,0,5,,,AVAILABLE,2.0,True,,,,CURRENT_BAR_UNAVAILABLE,OBSERVATION_INSUFFICIENT,10,0,0,False,0,0,False,INHERITED_RAW_PRICE_BASIS,False,False
2025-07-01|57210,2025-07-01,57210,11:30,14:50,140,UNAVAILABLE,0,5,,,AVAILABLE,2.0,True,,,,CURRENT_BAR_UNAVAILABLE,OBSERVATION_INSUFFICIENT,10,0,0,False,0,0,False,INHERITED_RAW_PRICE_BASIS,False,False
2025-07-01|57210,2025-07-01,57210,11:30,14:55,145,UNAVAILABLE,0,5,,,AVAILABLE,2.0,True,,,,CURRENT_BAR_UNAVAILABLE,OBSERVATION_INSUFFICIENT,10,0,0,False,0,0,False,INHERITED_RAW_PRICE_BASIS,False,False
2025-07-01|57210,2025-07-01,57210,11:30,15:00,150,UNAVAILABLE,0,5,,,AVAILABLE,2.0,True,,,,CURRENT_BAR_UNAVAILABLE,OBSERVATION_INSUFFICIENT,10,0,0,False,0,0,False,INHERITED_RAW_PRICE_BASIS,False,False
2025-07-01|57210,2025-07-01,57210,11:30,15:05,155,UNAVAILABLE,0,5,,,AVAILABLE,2.0,True,,,,CURRENT_BAR_UNAVAILABLE,OBSERVATION_INSUFFICIENT,10,0,0,False,0,0,False,INHERITED_RAW_PRICE_BASIS,False,False
2025-07-01|57210,2025-07-01,57210,11:30,15:10,160,UNAVAILABLE,0,5,,,AVAILABLE,2.0,True,,,,CURRENT_BAR_UNAVAILABLE,OBSERVATION_INSUFFICIENT,10,0,0,False,0,0,False,INHERITED_RAW_PRICE_BASIS,False,False
2025-07-01|57210,2025-07-01,57210,11:30,15:15,165,UNAVAILABLE,0,5,,,AVAILABLE,2.0,True,,,,CURRENT_BAR_UNAVAILABLE,OBSERVATION_INSUFFICIENT,10,0,0,False,0,0,False,INHERITED_RAW_PRICE_BASIS,False,False
2025-07-01|57210,2025-07-01,57210,11:30,15:20,170,UNAVAILABLE,0,5,,,AVAILABLE,2.0,True,,,,CURRENT_BAR_UNAVAILABLE,RIGHT_CENSORED,5,0,0,False,0,0,False,INHERITED_RAW_PRICE_BASIS,False,False
2025-07-01|57210,2025-07-01,57210,11:30,15:25,175,UNAVAILABLE,0,5,,,AVAILABLE,2.0,True,,,,CURRENT_BAR_UNAVAILABLE,RIGHT_CENSORED,0,0,0,False,0,0,False,INHERITED_RAW_PRICE_BASIS,False,False
2025-07-01|59920,2025-07-01,59920,11:00,11:00,0,PARTIAL,2,3,,,SCALE_INSUFFICIENT,,True,,,,SCALE_UNAVAILABLE,OBSERVATION_INSUFFICIENT,6,0,0,False,0,0,False,INHERITED_RAW_PRICE_BASIS,False,False
2025-07-01|59920,2025-07-01,59920,11:00,11:05,5,PARTIAL,2,3,,,SCALE_INSUFFICIENT,,True,,,,CURRENT_BAR_UNAVAILABLE,OBSERVATION_INSUFFICIENT,7,0,0,False,0,1,False,INHERITED_RAW_PRICE_BASIS,False,False
2025-07-01|59920,2025-07-01,59920,11:00,11:10,10,PARTIAL,2,3,,,SCALE_INSUFFICIENT,,True,,,,SCALE_UNAVAILABLE,OBSERVATION_INSUFFICIENT,9,0,0,False,1,1,False,INHERITED_RAW_PRICE_BASIS,False,False
2025-07-01|59920,2025-07-01,59920,11:00,11:15,15,PARTIAL,1,4,,,SCALE_INSUFFICIENT,,True,,,,CURRENT_BAR_UNAVAILABLE,OBSERVATION_INSUFFICIENT,10,0,0,False,1,0,False,INHERITED_RAW_PRICE_BASIS,False,False
2025-07-01|59920,2025-07-01,59920,11:00,11:20,20,UNAVAILABLE,0,5,,,SCALE_INSUFFICIENT,,True,,,,CURRENT_BAR_UNAVAILABLE,OBSERVATION_INSUFFICIENT,9,0,0,False,0,0,False,INHERITED_RAW_PRICE_BASIS,False,False
2025-07-01|59920,2025-07-01,59920,11:00,11:25,25,UNAVAILABLE,0,5,,,SCALE_INSUFFICIENT,,True,,,,CURRENT_BAR_UNAVAILABLE,OBSERVATION_INSUFFICIENT,6,0,0,False,0,0,False,INHERITED_RAW_PRICE_BASIS,False,False
2025-07-01|59920,2025-07-01,59920,11:00,11:30,30,PARTIAL,1,4,,,SCALE_INSUFFICIENT,,True,,,,CURRENT_BAR_UNAVAILABLE,OBSERVATION_INSUFFICIENT,3,0,0,False,0,0,False,INHERITED_RAW_PRICE_BASIS,False,False
2025-07-01|59920,2025-07-01,59920,11:00,12:35,35,PARTIAL,3,2,,,SCALE_INSUFFICIENT,,True,,,,SCALE_UNAVAILABLE,OBSERVATION_INSUFFICIENT,4,0,0,False,0,0,False,INHERITED_RAW_PRICE_BASIS,False,False
2025-07-01|59920,2025-07-01,59920,11:00,12:40,40,PARTIAL,4,1,,,SCALE_INSUFFICIENT,,True,,,,SCALE_UNAVAILABLE,OBSERVATION_INSUFFICIENT,5,0,0,False,1,1,False,INHERITED_RAW_PRICE_BASIS,False,False
2025-07-01|59920,2025-07-01,59920,11:00,12:45,45,PARTIAL,2,3,,,SCALE_INSUFFICIENT,,True,,,,SCALE_UNAVAILABLE,OBSERVATION_INSUFFICIENT,6,0,0,False,0,0,False,INHERITED_RAW_PRICE_BASIS,False,False
2025-07-01|59920,2025-07-01,59920,11:00,12:50,50,PARTIAL,3,2,,,SCALE_INSUFFICIENT,,True,,,,SCALE_UNAVAILABLE,OBSERVATION_INSUFFICIENT,9,0,0,False,1,0,False,INHERITED_RAW_PRICE_BASIS,False,False
2025-07-01|59920,2025-07-01,59920,11:00,12:55,55,PARTIAL,1,4,,,SCALE_INSUFFICIENT,,True,,,,SCALE_UNAVAILABLE,OBSERVATION_INSUFFICIENT,8,0,0,False,0,0,False,INHERITED_RAW_PRICE_BASIS,False,False
2025-07-01|59920,2025-07-01,59920,11:00,13:00,60,UNAVAILABLE,0,5,,,SCALE_INSUFFICIENT,,True,,,,CURRENT_BAR_UNAVAILABLE,OBSERVATION_INSUFFICIENT,6,0,0,False,0,0,False,INHERITED_RAW_PRICE_BASIS,False,False
2025-07-01|59920,2025-07-01,59920,11:00,13:05,65,PARTIAL,2,3,,,SCALE_INSUFFICIENT,,True,,,,CURRENT_BAR_UNAVAILABLE,OBSERVATION_INSUFFICIENT,5,0,0,False,0,0,False,INHERITED_RAW_PRICE_BASIS,False,False
2025-07-01|59920,2025-07-01,59920,11:00,13:10,70,PARTIAL,2,3,,,SCALE_INSUFFICIENT,,True,,,,CURRENT_BAR_UNAVAILABLE,OBSERVATION_INSUFFICIENT,6,0,0,False,0,0,False,INHERITED_RAW_PRICE_BASIS,False,False
2025-07-01|59920,2025-07-01,59920,11:00,13:15,75,PARTIAL,3,2,,,SCALE_INSUFFICIENT,,True,,,,SCALE_UNAVAILABLE,OBSERVATION_INSUFFICIENT,9,0,0,False,1,0,False,INHERITED_RAW_PRICE_BASIS,False,False
2025-07-01|59920,2025-07-01,59920,11:00,13:20,80,PARTIAL,1,4,,,SCALE_INSUFFICIENT,,True,,,,SCALE_UNAVAILABLE,OBSERVATION_INSUFFICIENT,9,0,0,False,0,0,False,INHERITED_RAW_PRICE_BASIS,False,False
2025-07-01|59920,2025-07-01,59920,11:00,13:25,85,UNAVAILABLE,0,5,,,SCALE_INSUFFICIENT,,True,,,,CURRENT_BAR_UNAVAILABLE,OBSERVATION_INSUFFICIENT,6,0,0,False,0,0,False,INHERITED_RAW_PRICE_BASIS,False,False
2025-07-01|59920,2025-07-01,59920,11:00,13:30,90,PARTIAL,1,4,,,SCALE_INSUFFICIENT,,True,,,,CURRENT_BAR_UNAVAILABLE,OBSERVATION_INSUFFICIENT,6,0,0,False,0,0,False,INHERITED_RAW_PRICE_BASIS,False,False
2025-07-01|59920,2025-07-01,59920,11:00,13:35,95,PARTIAL,3,2,,,SCALE_INSUFFICIENT,,True,,,,CURRENT_BAR_UNAVAILABLE,OBSERVATION_INSUFFICIENT,8,0,0,False,0,0,False,INHERITED_RAW_PRICE_BASIS,False,False
2025-07-01|59920,2025-07-01,59920,11:00,13:40,100,PARTIAL,1,4,,,SCALE_INSUFFICIENT,,True,,,,CURRENT_BAR_UNAVAILABLE,OBSERVATION_INSUFFICIENT,8,0,0,False,0,0,False,INHERITED_RAW_PRICE_BASIS,False,False
2025-07-01|59920,2025-07-01,59920,11:00,13:45,105,PARTIAL,1,4,,,SCALE_INSUFFICIENT,,True,,,,CURRENT_BAR_UNAVAILABLE,OBSERVATION_INSUFFICIENT,8,0,0,False,0,0,False,INHERITED_RAW_PRICE_BASIS,False,False
2025-07-01|59920,2025-07-01,59920,11:00,13:50,110,PARTIAL,1,4,,,SCALE_INSUFFICIENT,,True,,,,SCALE_UNAVAILABLE,OBSERVATION_INSUFFICIENT,9,0,0,False,0,0,False,INHERITED_RAW_PRICE_BASIS,False,False
2025-07-01|59920,2025-07-01,59920,11:00,13:55,115,PARTIAL,1,4,,,SCALE_INSUFFICIENT,,True,,,,CURRENT_BAR_UNAVAILABLE,OBSERVATION_INSUFFICIENT,9,0,0,False,0,0,False,INHERITED_RAW_PRICE_BASIS,False,False
2025-07-01|59920,2025-07-01,59920,11:00,14:00,120,UNAVAILABLE,0,5,,,SCALE_INSUFFICIENT,,True,,,,CURRENT_BAR_UNAVAILABLE,OBSERVATION_INSUFFICIENT,8,0,0,False,0,0,False,INHERITED_RAW_PRICE_BASIS,False,False
2025-07-01|59920,2025-07-01,59920,11:00,14:05,125,PARTIAL,1,4,,,SCALE_INSUFFICIENT,,True,,,,CURRENT_BAR_UNAVAILABLE,OBSERVATION_INSUFFICIENT,6,0,0,False,0,0,False,INHERITED_RAW_PRICE_BASIS,False,False
2025-07-01|59920,2025-07-01,59920,11:00,14:10,130,PARTIAL,1,4,,,SCALE_INSUFFICIENT,,True,,,,SCALE_UNAVAILABLE,OBSERVATION_INSUFFICIENT,5,0,0,False,0,0,False,INHERITED_RAW_PRICE_BASIS,False,False
2025-07-01|59920,2025-07-01,59920,11:00,14:15,135,PARTIAL,3,2,,,SCALE_INSUFFICIENT,,True,,,,SCALE_UNAVAILABLE,OBSERVATION_INSUFFICIENT,4,0,0,False,0,1,False,INHERITED_RAW_PRICE_BASIS,False,False
2025-07-01|59920,2025-07-01,59920,11:00,14:20,140,PARTIAL,2,3,,,SCALE_INSUFFICIENT,,True,,,,SCALE_UNAVAILABLE,OBSERVATION_INSUFFICIENT,2,0,0,False,0,0,False,INHERITED_RAW_PRICE_BASIS,False,False
2025-07-01|59920,2025-07-01,59920,11:00,14:25,145,PARTIAL,4,1,,,SCALE_INSUFFICIENT,,True,,,,SCALE_UNAVAILABLE,OBSERVATION_INSUFFICIENT,5,0,0,False,0,0,False,INHERITED_RAW_PRICE_BASIS,False,False
2025-07-01|59920,2025-07-01,59920,11:00,14:30,150,PARTIAL,4,1,,,SCALE_INSUFFICIENT,,True,,,,CURRENT_BAR_UNAVAILABLE,OBSERVATION_INSUFFICIENT,9,0,0,False,0,1,False,INHERITED_RAW_PRICE_BASIS,False,False
2025-07-01|59920,2025-07-01,59920,11:00,14:35,155,PARTIAL,1,4,,,SCALE_INSUFFICIENT,,True,,,,CURRENT_BAR_UNAVAILABLE,OBSERVATION_INSUFFICIENT,8,0,0,False,0,0,False,INHERITED_RAW_PRICE_BASIS,False,False
2025-07-01|59920,2025-07-01,59920,11:00,14:40,160,UNAVAILABLE,0,5,,,SCALE_INSUFFICIENT,,True,,,,CURRENT_BAR_UNAVAILABLE,OBSERVATION_INSUFFICIENT,7,0,0,False,0,0,False,INHERITED_RAW_PRICE_BASIS,False,False
2025-07-01|59920,2025-07-01,59920,11:00,14:45,165,PARTIAL,2,3,,,SCALE_INSUFFICIENT,,True,,,,SCALE_UNAVAILABLE,OBSERVATION_INSUFFICIENT,6,0,0,False,1,0,False,INHERITED_RAW_PRICE_BASIS,False,False
2025-07-01|59920,2025-07-01,59920,11:00,14:50,170,PARTIAL,1,4,,,SCALE_INSUFFICIENT,,True,,,,CURRENT_BAR_UNAVAILABLE,OBSERVATION_INSUFFICIENT,4,0,0,False,0,0,False,INHERITED_RAW_PRICE_BASIS,False,False
2025-07-01|59920,2025-07-01,59920,11:00,14:55,175,PARTIAL,3,2,,,SCALE_INSUFFICIENT,,True,,,,SCALE_UNAVAILABLE,OBSERVATION_INSUFFICIENT,5,0,0,False,0,0,False,INHERITED_RAW_PRICE_BASIS,False,False
2025-07-01|59920,2025-07-01,59920,11:00,15:00,180,PARTIAL,3,2,,,SCALE_INSUFFICIENT,,True,,,,CURRENT_BAR_UNAVAILABLE,OBSERVATION_INSUFFICIENT,5,0,0,False,0,1,False,INHERITED_RAW_PRICE_BASIS,False,False
2025-07-01|59920,2025-07-01,59920,11:00,15:05,185,PARTIAL,2,3,,,SCALE_INSUFFICIENT,,True,,,,SCALE_UNAVAILABLE,OBSERVATION_INSUFFICIENT,6,0,0,False,0,0,False,INHERITED_RAW_PRICE_BASIS,False,False
2025-07-01|59920,2025-07-01,59920,11:00,15:10,190,PARTIAL,3,2,,,SCALE_INSUFFICIENT,,True,,,,SCALE_UNAVAILABLE,OBSERVATION_INSUFFICIENT,7,0,0,False,0,0,False,INHERITED_RAW_PRICE_BASIS,False,False
2025-07-01|59920,2025-07-01,59920,11:00,15:15,195,PARTIAL,1,4,,,SCALE_INSUFFICIENT,,True,,,,CURRENT_BAR_UNAVAILABLE,OBSERVATION_INSUFFICIENT,4,0,0,False,0,0,False,INHERITED_RAW_PRICE_BASIS,False,False
2025-07-01|59920,2025-07-01,59920,11:00,15:20,200,PARTIAL,2,3,,,SCALE_INSUFFICIENT,,True,,,,CURRENT_BAR_UNAVAILABLE,RIGHT_CENSORED,1,0,0,False,0,0,False,INHERITED_RAW_PRICE_BASIS,False,False
2025-07-01|59920,2025-07-01,59920,11:00,15:25,205,PARTIAL,4,1,,,SCALE_INSUFFICIENT,,True,,,,SCALE_UNAVAILABLE,RIGHT_CENSORED,0,0,0,False,0,0,False,INHERITED_RAW_PRICE_BASIS,False,False
2025-07-01|60850,2025-07-01,60850,11:00,11:00,0,COMPLETE,5,0,DOWN,-0.78125,SCALE_INSUFFICIENT,,True,,,,SCALE_UNAVAILABLE,OBSERVATION_INSUFFICIENT,2,0,0,False,0,0,False,INHERITED_RAW_PRICE_BASIS,False,False
2025-07-01|60850,2025-07-01,60850,11:00,11:05,5,COMPLETE,5,0,UP,1.1857707509881423,SCALE_INSUFFICIENT,,True,,,VOLUME_COMPRESSION|TRADING_VALUE_COMPRESSION,SCALE_UNAVAILABLE,OBSERVATION_INSUFFICIENT,2,0,0,False,0,0,False,INHERITED_RAW_PRICE_BASIS,True,False
2025-07-01|60850,2025-07-01,60850,11:00,11:10,10,PARTIAL,3,2,,,SCALE_INSUFFICIENT,,True,,,,CURRENT_BAR_UNAVAILABLE,OBSERVATION_INSUFFICIENT,2,0,0,False,0,0,False,INHERITED_RAW_PRICE_BASIS,False,False
2025-07-01|60850,2025-07-01,60850,11:00,11:15,15,COMPLETE,5,0,DOWN,-0.78125,SCALE_INSUFFICIENT,,True,,,,SCALE_UNAVAILABLE,OBSERVATION_INSUFFICIENT,3,0,0,False,0,0,False,INHERITED_RAW_PRICE_BASIS,False,False
2025-07-01|60850,2025-07-01,60850,11:00,11:20,20,PARTIAL,3,2,,,SCALE_INSUFFICIENT,,True,,,,SCALE_UNAVAILABLE,OBSERVATION_INSUFFICIENT,3,0,0,False,0,0,False,INHERITED_RAW_PRICE_BASIS,False,False
2025-07-01|60850,2025-07-01,60850,11:00,11:25,25,PARTIAL,4,1,,,SCALE_INSUFFICIENT,,True,,,,SCALE_UNAVAILABLE,OBSERVATION_INSUFFICIENT,3,0,0,False,0,1,False,INHERITED_RAW_PRICE_BASIS,False,False
2025-07-01|60850,2025-07-01,60850,11:00,11:30,30,PARTIAL,3,2,,,SCALE_INSUFFICIENT,,True,,,,SCALE_UNAVAILABLE,OBSERVATION_INSUFFICIENT,3,0,0,False,0,0,False,INHERITED_RAW_PRICE_BASIS,False,False
2025-07-01|60850,2025-07-01,60850,11:00,12:35,35,PARTIAL,4,1,,,SCALE_INSUFFICIENT,,True,,,,CURRENT_BAR_UNAVAILABLE,OBSERVATION_INSUFFICIENT,3,0,0,False,0,0,False,INHERITED_RAW_PRICE_BASIS,False,False
2025-07-01|60850,2025-07-01,60850,11:00,12:40,40,PARTIAL,3,2,,,SCALE_INSUFFICIENT,,True,,,,SCALE_UNAVAILABLE,OBSERVATION_INSUFFICIENT,2,0,0,False,0,0,False,INHERITED_RAW_PRICE_BASIS,False,False
2025-07-01|60850,2025-07-01,60850,11:00,12:45,45,PARTIAL,4,1,,,SCALE_INSUFFICIENT,,True,,,,CURRENT_BAR_UNAVAILABLE,OBSERVATION_INSUFFICIENT,3,0,0,False,0,1,False,INHERITED_RAW_PRICE_BASIS,False,False
2025-07-01|60850,2025-07-01,60850,11:00,12:50,50,PARTIAL,4,1,,,SCALE_INSUFFICIENT,,True,,,,SCALE_UNAVAILABLE,OBSERVATION_INSUFFICIENT,4,0,0,False,0,0,False,INHERITED_RAW_PRICE_BASIS,False,False
2025-07-01|60850,2025-07-01,60850,11:00,12:55,55,PARTIAL,3,2,,,SCALE_INSUFFICIENT,,True,,,,CURRENT_BAR_UNAVAILABLE,OBSERVATION_INSUFFICIENT,5,0,0,False,0,0,False,INHERITED_RAW_PRICE_BASIS,False,False
2025-07-01|60850,2025-07-01,60850,11:00,13:00,60,PARTIAL,3,2,,,SCALE_INSUFFICIENT,,True,,,,SCALE_UNAVAILABLE,OBSERVATION_INSUFFICIENT,3,0,0,False,0,0,False,INHERITED_RAW_PRICE_BASIS,False,False
2025-07-01|60850,2025-07-01,60850,11:00,13:05,65,PARTIAL,2,3,,,SCALE_INSUFFICIENT,,True,,,,CURRENT_BAR_UNAVAILABLE,WINDOW_OBSERVED,0,0,0,False,0,0,False,INHERITED_RAW_PRICE_BASIS,False,False
2025-07-01|60850,2025-07-01,60850,11:00,13:10,70,COMPLETE,5,0,UP,0.7782101167315175,SCALE_INSUFFICIENT,,True,,,,SCALE_UNAVAILABLE,OBSERVATION_INSUFFICIENT,2,0,0,False,0,0,False,INHERITED_RAW_PRICE_BASIS,False,False
2025-07-01|60850,2025-07-01,60850,11:00,13:15,75,COMPLETE,5,0,UP,0.7722007722007722,SCALE_INSUFFICIENT,,True,,,RANGE_EXPANSION|VOLUME_EXPANSION|TRADING_VALUE_EXPANSION,SCALE_UNAVAILABLE,OBSERVATION_INSUFFICIENT,5,0,0,False,0,0,False,INHERITED_RAW_PRICE_BASIS,True,False
2025-07-01|60850,2025-07-01,60850,11:00,13:20,80,PARTIAL,3,2,,,SCALE_INSUFFICIENT,,True,,,,SCALE_UNAVAILABLE,OBSERVATION_INSUFFICIENT,6,0,0,False,0,0,False,INHERITED_RAW_PRICE_BASIS,False,False
2025-07-01|60850,2025-07-01,60850,11:00,13:25,85,PARTIAL,2,3,,,SCALE_INSUFFICIENT,,True,,,,SCALE_UNAVAILABLE,OBSERVATION_INSUFFICIENT,7,0,0,False,0,0,False,INHERITED_RAW_PRICE_BASIS,False,False
2025-07-01|60850,2025-07-01,60850,11:00,13:30,90,PARTIAL,2,3,,,SCALE_INSUFFICIENT,,True,,,,SCALE_UNAVAILABLE,OBSERVATION_INSUFFICIENT,6,0,0,False,0,0,False,INHERITED_RAW_PRICE_BASIS,False,False
2025-07-01|60850,2025-07-01,60850,11:00,13:35,95,PARTIAL,1,4,,,SCALE_INSUFFICIENT,,True,,,,CURRENT_BAR_UNAVAILABLE,OBSERVATION_INSUFFICIENT,7,0,0,False,0,0,False,INHERITED_RAW_PRICE_BASIS,False,False
2025-07-01|60850,2025-07-01,60850,11:00,13:40,100,PARTIAL,3,2,,,SCALE_INSUFFICIENT,,True,,,,SCALE_UNAVAILABLE,OBSERVATION_INSUFFICIENT,9,0,0,False,0,0,False,INHERITED_RAW_PRICE_BASIS,False,False
2025-07-01|60850,2025-07-01,60850,11:00,13:45,105,UNAVAILABLE,0,5,,,SCALE_INSUFFICIENT,,True,,,,CURRENT_BAR_UNAVAILABLE,OBSERVATION_INSUFFICIENT,8,0,0,False,0,0,False,INHERITED_RAW_PRICE_BASIS,False,False
2025-07-01|60850,2025-07-01,60850,11:00,13:50,110,PARTIAL,1,4,,,SCALE_INSUFFICIENT,,True,,,,CURRENT_BAR_UNAVAILABLE,OBSERVATION_INSUFFICIENT,5,0,0,False,0,0,False,INHERITED_RAW_PRICE_BASIS,False,False
2025-07-01|60850,2025-07-01,60850,11:00,13:55,115,PARTIAL,1,4,,,SCALE_INSUFFICIENT,,True,,,,SCALE_UNAVAILABLE,OBSERVATION_INSUFFICIENT,6,0,0,False,0,0,False,INHERITED_RAW_PRICE_BASIS,False,False
2025-07-01|60850,2025-07-01,60850,11:00,14:00,120,PARTIAL,4,1,,,SCALE_INSUFFICIENT,,True,,,,SCALE_UNAVAILABLE,OBSERVATION_INSUFFICIENT,8,0,0,False,0,0,False,INHERITED_RAW_PRICE_BASIS,False,False
2025-07-01|60850,2025-07-01,60850,11:00,14:05,125,UNAVAILABLE,0,5,,,SCALE_INSUFFICIENT,,True,,,,CURRENT_BAR_UNAVAILABLE,OBSERVATION_INSUFFICIENT,6,0,0,False,0,0,False,INHERITED_RAW_PRICE_BASIS,False,False
2025-07-01|60850,2025-07-01,60850,11:00,14:10,130,PARTIAL,2,3,,,SCALE_INSUFFICIENT,,True,,,,SCALE_UNAVAILABLE,OBSERVATION_INSUFFICIENT,7,0,0,False,0,0,False,INHERITED_RAW_PRICE_BASIS,False,False
2025-07-01|60850,2025-07-01,60850,11:00,14:15,135,PARTIAL,2,3,,,SCALE_INSUFFICIENT,,True,,,,SCALE_UNAVAILABLE,OBSERVATION_INSUFFICIENT,8,0,0,False,0,0,False,INHERITED_RAW_PRICE_BASIS,False,False
2025-07-01|60850,2025-07-01,60850,11:00,14:20,140,PARTIAL,1,4,,,SCALE_INSUFFICIENT,,True,,,,SCALE_UNAVAILABLE,OBSERVATION_INSUFFICIENT,6,0,0,False,0,0,False,INHERITED_RAW_PRICE_BASIS,False,False
2025-07-01|60850,2025-07-01,60850,11:00,14:25,145,PARTIAL,1,4,,,SCALE_INSUFFICIENT,,True,,,,CURRENT_BAR_UNAVAILABLE,OBSERVATION_INSUFFICIENT,5,0,0,False,0,0,False,INHERITED_RAW_PRICE_BASIS,False,False
2025-07-01|60850,2025-07-01,60850,11:00,14:30,150,PARTIAL,3,2,,,SCALE_INSUFFICIENT,,True,,,,SCALE_UNAVAILABLE,OBSERVATION_INSUFFICIENT,7,0,0,False,0,0,False,INHERITED_RAW_PRICE_BASIS,False,False
2025-07-01|60850,2025-07-01,60850,11:00,14:35,155,PARTIAL,2,3,,,SCALE_INSUFFICIENT,,True,,,,SCALE_UNAVAILABLE,OBSERVATION_INSUFFICIENT,8,0,0,False,0,0,False,INHERITED_RAW_PRICE_BASIS,False,False
2025-07-01|60850,2025-07-01,60850,11:00,14:40,160,PARTIAL,1,4,,,SCALE_INSUFFICIENT,,True,,,,SCALE_UNAVAILABLE,OBSERVATION_INSUFFICIENT,7,0,0,False,0,0,False,INHERITED_RAW_PRICE_BASIS,False,False
2025-07-01|60850,2025-07-01,60850,11:00,14:45,165,PARTIAL,1,4,,,SCALE_INSUFFICIENT,,True,,,,CURRENT_BAR_UNAVAILABLE,OBSERVATION_INSUFFICIENT,6,0,0,False,0,0,False,INHERITED_RAW_PRICE_BASIS,False,False
2025-07-01|60850,2025-07-01,60850,11:00,14:50,170,PARTIAL,2,3,,,SCALE_INSUFFICIENT,,True,,,,SCALE_UNAVAILABLE,OBSERVATION_INSUFFICIENT,7,0,0,False,0,0,False,INHERITED_RAW_PRICE_BASIS,False,False
2025-07-01|60850,2025-07-01,60850,11:00,14:55,175,PARTIAL,2,3,,,SCALE_INSUFFICIENT,,True,,,,CURRENT_BAR_UNAVAILABLE,OBSERVATION_INSUFFICIENT,9,0,0,False,0,0,False,INHERITED_RAW_PRICE_BASIS,False,False
2025-07-01|60850,2025-07-01,60850,11:00,15:00,180,PARTIAL,1,4,,,SCALE_INSUFFICIENT,,True,,,,SCALE_UNAVAILABLE,OBSERVATION_INSUFFICIENT,10,0,0,False,0,0,False,INHERITED_RAW_PRICE_BASIS,False,False
2025-07-01|60850,2025-07-01,60850,11:00,15:05,185,UNAVAILABLE,0,5,,,SCALE_INSUFFICIENT,,True,,,,CURRENT_BAR_UNAVAILABLE,OBSERVATION_INSUFFICIENT,7,0,0,False,0,0,False,INHERITED_RAW_PRICE_BASIS,False,False
2025-07-01|60850,2025-07-01,60850,11:00,15:10,190,UNAVAILABLE,0,5,,,SCALE_INSUFFICIENT,,True,,,,CURRENT_BAR_UNAVAILABLE,OBSERVATION_INSUFFICIENT,3,0,0,False,0,0,False,INHERITED_RAW_PRICE_BASIS,False,False
2025-07-01|60850,2025-07-01,60850,11:00,15:15,195,PARTIAL,3,2,,,SCALE_INSUFFICIENT,,True,,,,SCALE_UNAVAILABLE,OBSERVATION_INSUFFICIENT,2,0,0,False,0,0,False,INHERITED_RAW_PRICE_BASIS,False,False
2025-07-01|60850,2025-07-01,60850,11:00,15:20,200,PARTIAL,4,1,,,SCALE_INSUFFICIENT,,True,,,,SCALE_UNAVAILABLE,RIGHT_CENSORED,1,0,0,False,0,0,False,INHERITED_RAW_PRICE_BASIS,False,False
2025-07-01|60850,2025-07-01,60850,11:00,15:25,205,PARTIAL,4,1,,,SCALE_INSUFFICIENT,,True,,,,SCALE_UNAVAILABLE,RIGHT_CENSORED,0,0,0,False,0,0,False,INHERITED_RAW_PRICE_BASIS,False,False
2025-07-01|61770,2025-07-01,61770,10:30,10:30,0,COMPLETE,5,0,DOWN,-0.9174311926605505,AVAILABLE,2.0,True,,,,UNRESOLVED_STRUCTURE,WINDOW_OBSERVED,0,1,1,False,0,0,False,INHERITED_RAW_PRICE_BASIS,False,False
2025-07-01|61770,2025-07-01,61770,10:30,10:35,5,COMPLETE,5,0,DOWN,-0.9259259259259259,AVAILABLE,2.0,True,,,RANGE_COMPRESSION|VOLUME_COMPRESSION|TRADING_VALUE_COMPRESSION,UNRESOLVED_STRUCTURE,OBSERVATION_INSUFFICIENT,1,0,1,False,0,0,False,INHERITED_RAW_PRICE_BASIS,True,False
2025-07-01|61770,2025-07-01,61770,10:30,10:40,10,COMPLETE,5,0,UNCHANGED,0.0,AVAILABLE,2.0,True,,,,UNRESOLVED_STRUCTURE,OBSERVATION_INSUFFICIENT,2,0,1,False,0,2,False,INHERITED_RAW_PRICE_BASIS,True,False
2025-07-01|61770,2025-07-01,61770,10:30,10:45,15,PARTIAL,4,1,,,AVAILABLE,2.0,True,,,,UNRESOLVED_STRUCTURE,OBSERVATION_INSUFFICIENT,2,0,0,False,0,0,False,INHERITED_RAW_PRICE_BASIS,False,False
2025-07-01|61770,2025-07-01,61770,10:30,10:50,20,PARTIAL,4,1,,,AVAILABLE,2.0,True,,,,UNRESOLVED_STRUCTURE,OBSERVATION_INSUFFICIENT,3,0,0,False,0,0,False,INHERITED_RAW_PRICE_BASIS,False,False
2025-07-01|61770,2025-07-01,61770,10:30,10:55,25,PARTIAL,4,1,,,AVAILABLE,2.0,True,,,,UNRESOLVED_STRUCTURE,OBSERVATION_INSUFFICIENT,3,0,0,False,0,0,False,INHERITED_RAW_PRICE_BASIS,False,False
2025-07-01|61770,2025-07-01,61770,10:30,11:00,30,PARTIAL,3,2,,,AVAILABLE,2.0,True,,,,UNRESOLVED_STRUCTURE,OBSERVATION_INSUFFICIENT,1,0,0,False,0,0,False,INHERITED_RAW_PRICE_BASIS,False,False
2025-07-01|61770,2025-07-01,61770,10:30,11:05,35,PARTIAL,4,1,,,AVAILABLE,2.0,True,,,,UNRESOLVED_STRUCTURE,WINDOW_OBSERVED,0,0,0,False,0,0,False,INHERITED_RAW_PRICE_BASIS,False,False
2025-07-01|61770,2025-07-01,61770,10:30,11:10,40,COMPLETE,5,0,UNCHANGED,0.0,AVAILABLE,2.0,True,,,,UNRESOLVED_STRUCTURE,OBSERVATION_INSUFFICIENT,2,0,0,False,0,1,False,INHERITED_RAW_PRICE_BASIS,False,False
2025-07-01|61770,2025-07-01,61770,10:30,11:15,45,COMPLETE,5,0,DOWN,-0.9259259259259259,AVAILABLE,2.0,True,,,,UNRESOLVED_STRUCTURE,OBSERVATION_INSUFFICIENT,2,0,0,False,0,0,False,INHERITED_RAW_PRICE_BASIS,True,False
2025-07-01|61770,2025-07-01,61770,10:30,11:20,50,PARTIAL,3,2,,,AVAILABLE,2.0,True,,,,UNRESOLVED_STRUCTURE,WINDOW_OBSERVED,0,1,1,False,0,1,False,INHERITED_RAW_PRICE_BASIS,False,False
2025-07-01|61770,2025-07-01,61770,10:30,11:25,55,COMPLETE,5,0,UP,4.62962962962963,AVAILABLE,2.0,True,,,,UNRESOLVED_STRUCTURE,WINDOW_OBSERVED,0,0,1,False,0,0,False,INHERITED_RAW_PRICE_BASIS,False,False
2025-07-01|61770,2025-07-01,61770,10:30,11:30,60,COMPLETE,5,0,DOWN,-0.8849557522123894,AVAILABLE,2.0,True,,,RANGE_COMPRESSION|VOLUME_COMPRESSION|TRADING_VALUE_COMPRESSION,UNRESOLVED_STRUCTURE,WINDOW_OBSERVED,0,0,1,False,0,0,False,INHERITED_RAW_PRICE_BASIS,True,False
2025-07-01|61770,2025-07-01,61770,10:30,12:35,65,COMPLETE,5,0,DOWN,-0.8928571428571429,AVAILABLE,2.0,True,,,,UNRESOLVED_STRUCTURE,WINDOW_OBSERVED,0,1,1,False,0,0,False,INHERITED_RAW_PRICE_BASIS,True,False
2025-07-01|61770,2025-07-01,61770,10:30,12:40,70,COMPLETE,5,0,UNCHANGED,0.0,AVAILABLE,2.0,True,,RECOVERY,RANGE_COMPRESSION|VOLUME_COMPRESSION|TRADING_VALUE_COMPRESSION,UNRESOLVED_STRUCTURE,WINDOW_OBSERVED,0,1,2,False,0,0,True,INHERITED_RAW_PRICE_BASIS,True,True
2025-07-01|61770,2025-07-01,61770,10:30,12:45,75,COMPLETE,5,0,UP,1.8181818181818181,AVAILABLE,2.0,True,,,RANGE_EXPANSION|VOLUME_EXPANSION|TRADING_VALUE_EXPANSION,UNRESOLVED_STRUCTURE,WINDOW_OBSERVED,0,0,2,False,1,1,False,INHERITED_RAW_PRICE_BASIS,True,True
2025-07-01|61770,2025-07-01,61770,10:30,12:50,80,COMPLETE,5,0,UP,2.6548672566371683,AVAILABLE,2.0,True,,,VOLUME_EXPANSION|TRADING_VALUE_EXPANSION,UNRESOLVED_STRUCTURE,WINDOW_OBSERVED,0,0,2,False,0,0,False,INHERITED_RAW_PRICE_BASIS,True,False
2025-07-01|61770,2025-07-01,61770,10:30,12:55,85,COMPLETE,5,0,UP,0.8547008547008547,AVAILABLE,2.0,True,,,RANGE_COMPRESSION,UNRESOLVED_STRUCTURE,WINDOW_OBSERVED,0,0,2,False,0,3,False,INHERITED_RAW_PRICE_BASIS,True,False
2025-07-01|61770,2025-07-01,61770,10:30,13:00,90,COMPLETE,5,0,UNCHANGED,0.0,AVAILABLE,2.0,True,,,RANGE_EXPANSION,UNRESOLVED_STRUCTURE,WINDOW_OBSERVED,0,0,3,False,6,9,False,INHERITED_RAW_PRICE_BASIS,True,False
2025-07-01|61770,2025-07-01,61770,10:30,13:05,95,COMPLETE,5,0,UNCHANGED,0.0,AVAILABLE,2.0,True,UP_STRUCTURE,RECOVERY,RANGE_COMPRESSION|VOLUME_COMPRESSION|TRADING_VALUE_COMPRESSION,IDENTIFIED,WINDOW_OBSERVED,0,1,4,False,0,0,True,INHERITED_RAW_PRICE_BASIS,True,True
2025-07-01|61770,2025-07-01,61770,10:30,13:10,100,COMPLETE,5,0,UP,0.8620689655172413,AVAILABLE,2.0,True,UP_STRUCTURE,CORRECTION,RANGE_EXPANSION|VOLUME_EXPANSION|TRADING_VALUE_EXPANSION,IDENTIFIED,WINDOW_OBSERVED,0,0,5,False,2,6,True,INHERITED_RAW_PRICE_BASIS,True,True
2025-07-01|61770,2025-07-01,61770,10:30,13:15,105,COMPLETE,5,0,DOWN,-0.8547008547008547,AVAILABLE,2.0,True,,RESTRUCTURING|RECOVERY,RANGE_COMPRESSION|VOLUME_COMPRESSION|TRADING_VALUE_COMPRESSION,UNRESOLVED_STRUCTURE,WINDOW_OBSERVED,0,1,6,False,0,1,True,INHERITED_RAW_PRICE_BASIS,True,True
2025-07-01|61770,2025-07-01,61770,10:30,13:20,110,COMPLETE,5,0,UP,0.8620689655172413,AVAILABLE,2.0,True,RANGE_STRUCTURE,BALANCE|RECOVERY,VOLUME_COMPRESSION|TRADING_VALUE_COMPRESSION,IDENTIFIED,WINDOW_OBSERVED,0,0,6,True,0,1,True,INHERITED_RAW_PRICE_BASIS,True,True
2025-07-01|61770,2025-07-01,61770,10:30,13:25,115,COMPLETE,5,0,UP,0.8547008547008547,AVAILABLE,2.0,True,DOWN_STRUCTURE,,VOLUME_EXPANSION|TRADING_VALUE_EXPANSION,IDENTIFIED,OBSERVATION_INSUFFICIENT,1,1,7,True,0,0,True,INHERITED_RAW_PRICE_BASIS,True,True
2025-07-01|61770,2025-07-01,61770,10:30,13:30,120,COMPLETE,5,0,UNCHANGED,0.0,AVAILABLE,2.0,True,DOWN_STRUCTURE,,RANGE_COMPRESSION|VOLUME_EXPANSION|TRADING_VALUE_EXPANSION,IDENTIFIED,OBSERVATION_INSUFFICIENT,1,1,7,True,0,0,True,INHERITED_RAW_PRICE_BASIS,True,False
2025-07-01|61770,2025-07-01,61770,10:30,13:35,125,PARTIAL,4,1,,,AVAILABLE,2.0,True,,,,UNRESOLVED_STRUCTURE,OBSERVATION_INSUFFICIENT,1,1,1,False,0,2,False,INHERITED_RAW_PRICE_BASIS,False,False
2025-07-01|61770,2025-07-01,61770,10:30,13:40,130,COMPLETE,5,0,DOWN,-0.8695652173913043,AVAILABLE,2.0,True,,,,UNRESOLVED_STRUCTURE,OBSERVATION_INSUFFICIENT,1,0,1,False,0,0,False,INHERITED_RAW_PRICE_BASIS,False,False
2025-07-01|61770,2025-07-01,61770,10:30,13:45,135,PARTIAL,4,1,,,AVAILABLE,2.0,True,,,,UNRESOLVED_STRUCTURE,OBSERVATION_INSUFFICIENT,1,1,1,False,0,0,False,INHERITED_RAW_PRICE_BASIS,False,False
2025-07-01|61770,2025-07-01,61770,10:30,13:50,140,COMPLETE,5,0,UNCHANGED,0.0,AVAILABLE,2.0,True,,,,UNRESOLVED_STRUCTURE,OBSERVATION_INSUFFICIENT,1,1,1,False,0,0,False,INHERITED_RAW_PRICE_BASIS,False,False
2025-07-01|61770,2025-07-01,61770,10:30,13:55,145,PARTIAL,4,1,,,AVAILABLE,2.0,True,,,,UNRESOLVED_STRUCTURE,OBSERVATION_INSUFFICIENT,1,0,0,False,0,0,False,INHERITED_RAW_PRICE_BASIS,False,False
2025-07-01|61770,2025-07-01,61770,10:30,14:00,150,COMPLETE,5,0,DOWN,-0.8771929824561403,AVAILABLE,2.0,True,,,,UNRESOLVED_STRUCTURE,OBSERVATION_INSUFFICIENT,1,0,0,False,0,0,False,INHERITED_RAW_PRICE_BASIS,False,False
2025-07-01|61770,2025-07-01,61770,10:30,14:05,155,PARTIAL,4,1,,,AVAILABLE,2.0,True,,,,UNRESOLVED_STRUCTURE,OBSERVATION_INSUFFICIENT,1,0,0,False,0,0,False,INHERITED_RAW_PRICE_BASIS,False,False
2025-07-01|61770,2025-07-01,61770,10:30,14:10,160,COMPLETE,5,0,UNCHANGED,0.0,AVAILABLE,2.0,True,,,,UNRESOLVED_STRUCTURE,OBSERVATION_INSUFFICIENT,4,0,0,False,0,0,False,INHERITED_RAW_PRICE_BASIS,False,False
2025-07-01|61770,2025-07-01,61770,10:30,14:15,165,PARTIAL,4,1,,,AVAILABLE,2.0,True,,,,UNRESOLVED_STRUCTURE,OBSERVATION_INSUFFICIENT,3,0,0,False,0,0,False,INHERITED_RAW_PRICE_BASIS,False,False
2025-07-01|61770,2025-07-01,61770,10:30,14:20,170,PARTIAL,2,3,,,AVAILABLE,2.0,True,,,,UNRESOLVED_STRUCTURE,WINDOW_OBSERVED,0,0,0,False,0,0,False,INHERITED_RAW_PRICE_BASIS,False,False
2025-07-01|61770,2025-07-01,61770,10:30,14:25,175,COMPLETE,5,0,UP,0.8849557522123894,AVAILABLE,2.0,True,,,,UNRESOLVED_STRUCTURE,OBSERVATION_INSUFFICIENT,3,1,1,False,0,0,False,INHERITED_RAW_PRICE_BASIS,False,False
2025-07-01|61770,2025-07-01,61770,10:30,14:30,180,COMPLETE,5,0,DOWN,-0.8849557522123894,AVAILABLE,2.0,True,,,VOLUME_EXPANSION|TRADING_VALUE_EXPANSION,UNRESOLVED_STRUCTURE,OBSERVATION_INSUFFICIENT,3,0,1,False,0,0,False,INHERITED_RAW_PRICE_BASIS,True,False
2025-07-01|61770,2025-07-01,61770,10:30,14:35,185,PARTIAL,2,3,,,AVAILABLE,2.0,True,,,,UNRESOLVED_STRUCTURE,WINDOW_OBSERVED,0,1,1,False,0,0,False,INHERITED_RAW_PRICE_BASIS,False,False
2025-07-01|61770,2025-07-01,61770,10:30,14:40,190,COMPLETE,5,0,DOWN,-0.8849557522123894,AVAILABLE,2.0,True,,,,UNRESOLVED_STRUCTURE,OBSERVATION_INSUFFICIENT,3,1,1,False,0,0,False,INHERITED_RAW_PRICE_BASIS,False,False
2025-07-01|61770,2025-07-01,61770,10:30,14:45,195,COMPLETE,5,0,UNCHANGED,0.0,AVAILABLE,2.0,True,,,RANGE_EXPANSION,UNRESOLVED_STRUCTURE,OBSERVATION_INSUFFICIENT,6,0,2,False,0,0,False,INHERITED_RAW_PRICE_BASIS,True,False
2025-07-01|61770,2025-07-01,61770,10:30,14:50,200,PARTIAL,2,3,,,AVAILABLE,2.0,True,,,,CURRENT_BAR_UNAVAILABLE,OBSERVATION_INSUFFICIENT,5,0,0,False,0,0,False,INHERITED_RAW_PRICE_BASIS,False,False
2025-07-01|61770,2025-07-01,61770,10:30,14:55,205,PARTIAL,2,3,,,AVAILABLE,2.0,True,,,,CURRENT_BAR_UNAVAILABLE,OBSERVATION_INSUFFICIENT,2,0,0,False,0,0,False,INHERITED_RAW_PRICE_BASIS,False,False
2025-07-01|61770,2025-07-01,61770,10:30,15:00,210,PARTIAL,3,2,,,AVAILABLE,2.0,True,,,,UNRESOLVED_STRUCTURE,WINDOW_OBSERVED,0,0,0,False,0,0,False,INHERITED_RAW_PRICE_BASIS,False,False
2025-07-01|61770,2025-07-01,61770,10:30,15:05,215,COMPLETE,5,0,DOWN,-0.8849557522123894,AVAILABLE,2.0,True,,,,UNRESOLVED_STRUCTURE,WINDOW_OBSERVED,0,1,1,False,0,0,False,INHERITED_RAW_PRICE_BASIS,False,False
2025-07-01|61770,2025-07-01,61770,10:30,15:10,220,COMPLETE,5,0,UNCHANGED,0.0,AVAILABLE,2.0,True,,,RANGE_COMPRESSION|VOLUME_EXPANSION|TRADING_VALUE_EXPANSION,UNRESOLVED_STRUCTURE,OBSERVATION_INSUFFICIENT,1,1,1,False,0,0,False,INHERITED_RAW_PRICE_BASIS,True,False
2025-07-01|61770,2025-07-01,61770,10:30,15:15,225,COMPLETE,5,0,UP,0.9009009009009009,AVAILABLE,2.0,True,,,RANGE_EXPANSION|VOLUME_COMPRESSION|TRADING_VALUE_COMPRESSION,UNRESOLVED_STRUCTURE,OBSERVATION_INSUFFICIENT,1,0,1,False,0,0,False,INHERITED_RAW_PRICE_BASIS,True,False
2025-07-01|61770,2025-07-01,61770,10:30,15:20,230,PARTIAL,4,1,,,AVAILABLE,2.0,True,,,,UNRESOLVED_STRUCTURE,RIGHT_CENSORED,0,1,1,False,0,0,False,INHERITED_RAW_PRICE_BASIS,False,False
2025-07-01|61770,2025-07-01,61770,10:30,15:25,235,COMPLETE,5,0,UP,0.8928571428571429,AVAILABLE,2.0,True,,,,UNRESOLVED_STRUCTURE,RIGHT_CENSORED,0,0,1,False,0,0,False,INHERITED_RAW_PRICE_BASIS,False,False
2025-07-01|63470,2025-07-01,63470,09:30,09:30,0,PARTIAL,2,3,,,AVAILABLE,4.5,True,,,,UNRESOLVED_STRUCTURE,OBSERVATION_INSUFFICIENT,2,0,0,False,0,0,False,INHERITED_RAW_PRICE_BASIS,False,False
2025-07-01|63470,2025-07-01,63470,09:30,09:35,5,PARTIAL,4,1,,,AVAILABLE,4.5,True,,,,CURRENT_BAR_UNAVAILABLE,OBSERVATION_INSUFFICIENT,4,0,0,False,0,0,False,INHERITED_RAW_PRICE_BASIS,False,False
2025-07-01|63470,2025-07-01,63470,09:30,09:40,10,PARTIAL,4,1,,,AVAILABLE,4.5,True,,,,UNRESOLVED_STRUCTURE,OBSERVATION_INSUFFICIENT,7,0,0,False,0,0,False,INHERITED_RAW_PRICE_BASIS,False,False
2025-07-01|63470,2025-07-01,63470,09:30,09:45,15,PARTIAL,2,3,,,AVAILABLE,4.5,True,,,,CURRENT_BAR_UNAVAILABLE,OBSERVATION_INSUFFICIENT,8,0,0,False,0,0,False,INHERITED_RAW_PRICE_BASIS,False,False
2025-07-01|63470,2025-07-01,63470,09:30,09:50,20,PARTIAL,1,4,,,AVAILABLE,4.5,True,,,,CURRENT_BAR_UNAVAILABLE,OBSERVATION_INSUFFICIENT,5,0,0,False,0,0,False,INHERITED_RAW_PRICE_BASIS,False,False
2025-07-01|63470,2025-07-01,63470,09:30,09:55,25,PARTIAL,1,4,,,AVAILABLE,4.5,True,,,,CURRENT_BAR_UNAVAILABLE,OBSERVATION_INSUFFICIENT,5,0,0,False,0,0,False,INHERITED_RAW_PRICE_BASIS,False,False
2025-07-01|63470,2025-07-01,63470,09:30,10:00,30,PARTIAL,4,1,,,AVAILABLE,4.5,True,,,,UNRESOLVED_STRUCTURE,OBSERVATION_INSUFFICIENT,7,0,0,False,0,0,False,INHERITED_RAW_PRICE_BASIS,False,False
2025-07-01|63470,2025-07-01,63470,09:30,10:05,35,PARTIAL,1,4,,,AVAILABLE,4.5,True,,,,CURRENT_BAR_UNAVAILABLE,OBSERVATION_INSUFFICIENT,5,0,0,False,0,0,False,INHERITED_RAW_PRICE_BASIS,False,False
2025-07-01|63470,2025-07-01,63470,09:30,10:10,40,PARTIAL,2,3,,,AVAILABLE,4.5,True,,,,CURRENT_BAR_UNAVAILABLE,OBSERVATION_INSUFFICIENT,6,0,0,False,0,0,False,INHERITED_RAW_PRICE_BASIS,False,False
2025-07-01|63470,2025-07-01,63470,09:30,10:15,45,PARTIAL,3,2,,,AVAILABLE,4.5,True,,,,CURRENT_BAR_UNAVAILABLE,OBSERVATION_INSUFFICIENT,6,0,0,False,0,0,False,INHERITED_RAW_PRICE_BASIS,False,False
2025-07-01|63470,2025-07-01,63470,09:30,10:20,50,PARTIAL,1,4,,,AVAILABLE,4.5,True,,,,CURRENT_BAR_UNAVAILABLE,OBSERVATION_INSUFFICIENT,2,0,0,False,0,0,False,INHERITED_RAW_PRICE_BASIS,False,False
2025-07-01|63470,2025-07-01,63470,09:30,10:25,55,PARTIAL,3,2,,,AVAILABLE,4.5,True,,,,UNRESOLVED_STRUCTURE,WINDOW_OBSERVED,0,1,1,False,4,0,False,INHERITED_RAW_PRICE_BASIS,False,False
2025-07-01|63470,2025-07-01,63470,09:30,10:30,60,COMPLETE,5,0,UP,3.0,AVAILABLE,4.5,True,,,,UNRESOLVED_STRUCTURE,OBSERVATION_INSUFFICIENT,1,1,2,False,0,1,False,INHERITED_RAW_PRICE_BASIS,False,False
2025-07-01|63470,2025-07-01,63470,09:30,10:35,65,COMPLETE,5,0,DOWN,-14.88673139158576,AVAILABLE,4.5,True,,,RANGE_EXPANSION|VOLUME_COMPRESSION|TRADING_VALUE_COMPRESSION,UNRESOLVED_STRUCTURE,OBSERVATION_INSUFFICIENT,1,0,2,False,1,1,False,INHERITED_RAW_PRICE_BASIS,True,False
2025-07-01|63470,2025-07-01,63470,09:30,10:40,70,PARTIAL,4,1,,,AVAILABLE,4.5,True,,,,CURRENT_BAR_UNAVAILABLE,WINDOW_OBSERVED,0,0,0,False,0,0,False,INHERITED_RAW_PRICE_BASIS,False,False
2025-07-01|63470,2025-07-01,63470,09:30,10:45,75,COMPLETE,5,0,UP,3.9735099337748343,AVAILABLE,4.5,True,,,,UNRESOLVED_STRUCTURE,WINDOW_OBSERVED,0,1,3,False,1,0,False,INHERITED_RAW_PRICE_BASIS,False,False
2025-07-01|63470,2025-07-01,63470,09:30,10:50,80,COMPLETE,5,0,DOWN,-0.31645569620253167,AVAILABLE,4.5,True,UP_STRUCTURE,CORRECTION,RANGE_COMPRESSION|VOLUME_COMPRESSION|TRADING_VALUE_COMPRESSION,IDENTIFIED,WINDOW_OBSERVED,0,0,4,False,4,4,True,INHERITED_RAW_PRICE_BASIS,True,True
2025-07-01|63470,2025-07-01,63470,09:30,10:55,85,COMPLETE,5,0,UP,0.31746031746031744,AVAILABLE,4.5,True,UP_STRUCTURE,CORRECTION,VOLUME_COMPRESSION|TRADING_VALUE_COMPRESSION,IDENTIFIED,WINDOW_OBSERVED,0,0,4,False,2,0,True,INHERITED_RAW_PRICE_BASIS,True,False
2025-07-01|63470,2025-07-01,63470,09:30,11:00,90,COMPLETE,5,0,UP,1.5923566878980893,AVAILABLE,4.5,True,UP_STRUCTURE,RECOVERY,,IDENTIFIED,WINDOW_OBSERVED,0,0,5,False,0,1,True,INHERITED_RAW_PRICE_BASIS,True,True
2025-07-01|63470,2025-07-01,63470,09:30,11:05,95,COMPLETE,5,0,UP,0.3115264797507788,AVAILABLE,4.5,True,UP_STRUCTURE,CORRECTION,RANGE_COMPRESSION,IDENTIFIED,OBSERVATION_INSUFFICIENT,1,1,6,False,2,2,True,INHERITED_RAW_PRICE_BASIS,True,True
2025-07-01|63470,2025-07-01,63470,09:30,11:10,100,COMPLETE,5,0,DOWN,-3.115264797507788,AVAILABLE,4.5,True,,RESTRUCTURING,RANGE_EXPANSION,UNRESOLVED_STRUCTURE,OBSERVATION_INSUFFICIENT,1,0,6,False,1,2,True,INHERITED_RAW_PRICE_BASIS,True,True
2025-07-01|63470,2025-07-01,63470,09:30,11:15,105,PARTIAL,4,1,,,AVAILABLE,4.5,True,,,,UNRESOLVED_STRUCTURE,WINDOW_OBSERVED,0,0,1,False,0,0,False,INHERITED_RAW_PRICE_BASIS,False,False
2025-07-01|63470,2025-07-01,63470,09:30,11:20,110,COMPLETE,5,0,UP,0.6600660066006601,AVAILABLE,4.5,True,,,,UNRESOLVED_STRUCTURE,OBSERVATION_INSUFFICIENT,2,1,2,False,0,0,False,INHERITED_RAW_PRICE_BASIS,False,False
2025-07-01|63470,2025-07-01,63470,09:30,11:25,115,COMPLETE,5,0,DOWN,-1.9672131147540983,AVAILABLE,4.5,True,,,RANGE_EXPANSION,UNRESOLVED_STRUCTURE,OBSERVATION_INSUFFICIENT,3,0,2,False,0,0,False,INHERITED_RAW_PRICE_BASIS,True,False
2025-07-01|63470,2025-07-01,63470,09:30,11:30,120,PARTIAL,3,2,,,AVAILABLE,4.5,True,,,,UNRESOLVED_STRUCTURE,OBSERVATION_INSUFFICIENT,1,0,0,False,1,0,False,INHERITED_RAW_PRICE_BASIS,False,False
2025-07-01|63470,2025-07-01,63470,09:30,12:35,125,PARTIAL,4,1,,,AVAILABLE,4.5,True,,,,UNRESOLVED_STRUCTURE,WINDOW_OBSERVED,0,1,1,False,0,0,False,INHERITED_RAW_PRICE_BASIS,False,False
2025-07-01|63470,2025-07-01,63470,09:30,12:40,130,COMPLETE,5,0,DOWN,-6.293706293706293,AVAILABLE,4.5,True,,,,UNRESOLVED_STRUCTURE,OBSERVATION_INSUFFICIENT,1,1,3,False,0,0,False,INHERITED_RAW_PRICE_BASIS,False,False
2025-07-01|63470,2025-07-01,63470,09:30,12:45,135,COMPLETE,5,0,UNCHANGED,0.0,AVAILABLE,4.5,True,UP_STRUCTURE,CORRECTION,RANGE_COMPRESSION|VOLUME_COMPRESSION|TRADING_VALUE_COMPRESSION,IDENTIFIED,OBSERVATION_INSUFFICIENT,1,0,5,False,0,0,True,INHERITED_RAW_PRICE_BASIS,True,True
2025-07-01|63470,2025-07-01,63470,09:30,12:50,140,PARTIAL,4,1,,,AVAILABLE,4.5,True,,RECOVERY,,UNRESOLVED_STRUCTURE,WINDOW_OBSERVED,0,1,2,False,2,1,True,INHERITED_RAW_PRICE_BASIS,False,False
2025-07-01|63470,2025-07-01,63470,09:30,12:55,145,COMPLETE,5,0,DOWN,-0.7633587786259542,AVAILABLE,4.5,True,,,,UNRESOLVED_STRUCTURE,WINDOW_OBSERVED,0,0,3,False,2,2,False,INHERITED_RAW_PRICE_BASIS,False,False
2025-07-01|63470,2025-07-01,63470,09:30,13:00,150,COMPLETE,5,0,DOWN,-10.852713178294573,AVAILABLE,4.5,True,DOWN_STRUCTURE,,RANGE_EXPANSION|VOLUME_COMPRESSION|TRADING_VALUE_COMPRESSION,IDENTIFIED,WINDOW_OBSERVED,0,1,6,False,5,6,True,INHERITED_RAW_PRICE_BASIS,True,False
2025-07-01|63470,2025-07-01,63470,09:30,13:05,155,COMPLETE,5,0,UP,1.7391304347826086,AVAILABLE,4.5,True,DOWN_STRUCTURE,PROGRESSION,RANGE_COMPRESSION|VOLUME_COMPRESSION|TRADING_VALUE_COMPRESSION,IDENTIFIED,OBSERVATION_INSUFFICIENT,1,1,7,False,0,0,True,INHERITED_RAW_PRICE_BASIS,True,True
2025-07-01|63470,2025-07-01,63470,09:30,13:10,160,COMPLETE,5,0,DOWN,-0.8583690987124464,AVAILABLE,4.5,True,DOWN_STRUCTURE,PROGRESSION,CHOPPINESS,IDENTIFIED,OBSERVATION_INSUFFICIENT,1,0,7,False,1,3,True,INHERITED_RAW_PRICE_BASIS,True,False
2025-07-01|63470,2025-07-01,63470,09:30,13:15,165,PARTIAL,4,1,,,AVAILABLE,4.5,True,,,,UNRESOLVED_STRUCTURE,OBSERVATION_INSUFFICIENT,1,1,1,False,1,0,False,INHERITED_RAW_PRICE_BASIS,False,False
2025-07-01|63470,2025-07-01,63470,09:30,13:20,170,COMPLETE,5,0,DOWN,-1.2987012987012987,AVAILABLE,4.5,True,,,,UNRESOLVED_STRUCTURE,OBSERVATION_INSUFFICIENT,1,0,1,False,0,0,False,INHERITED_RAW_PRICE_BASIS,False,False
2025-07-01|63470,2025-07-01,63470,09:30,13:25,175,PARTIAL,4,1,,,AVAILABLE,4.5,True,,,,UNRESOLVED_STRUCTURE,WINDOW_OBSERVED,0,1,1,False,0,0,False,INHERITED_RAW_PRICE_BASIS,False,False
2025-07-01|63470,2025-07-01,63470,09:30,13:30,180,COMPLETE,5,0,UP,0.8733624454148472,AVAILABLE,4.5,True,,,,UNRESOLVED_STRUCTURE,WINDOW_OBSERVED,0,1,1,False,0,0,False,INHERITED_RAW_PRICE_BASIS,False,False
2025-07-01|63470,2025-07-01,63470,09:30,13:35,185,COMPLETE,5,0,UP,1.7241379310344827,AVAILABLE,4.5,True,,,RANGE_EXPANSION|VOLUME_EXPANSION|TRADING_VALUE_EXPANSION,UNRESOLVED_STRUCTURE,OBSERVATION_INSUFFICIENT,1,0,1,False,0,0,False,INHERITED_RAW_PRICE_BASIS,True,False
2025-07-01|63470,2025-07-01,63470,09:30,13:40,190,COMPLETE,5,0,UP,6.3559322033898304,AVAILABLE,4.5,True,,,RANGE_EXPANSION|VOLUME_EXPANSION|TRADING_VALUE_EXPANSION,UNRESOLVED_STRUCTURE,OBSERVATION_INSUFFICIENT,1,0,1,False,3,3,False,INHERITED_RAW_PRICE_BASIS,True,False
2025-07-01|63470,2025-07-01,63470,09:30,13:45,195,PARTIAL,4,1,,,AVAILABLE,4.5,True,,,,UNRESOLVED_STRUCTURE,OBSERVATION_INSUFFICIENT,1,1,1,False,3,0,False,INHERITED_RAW_PRICE_BASIS,False,False
2025-07-01|63470,2025-07-01,63470,09:30,13:50,200,COMPLETE,5,0,DOWN,-2.8925619834710745,AVAILABLE,4.5,True,,,,UNRESOLVED_STRUCTURE,OBSERVATION_INSUFFICIENT,4,0,1,False,0,0,False,INHERITED_RAW_PRICE_BASIS,False,False
2025-07-01|63470,2025-07-01,63470,09:30,13:55,205,PARTIAL,4,1,,,AVAILABLE,4.5,True,,,,UNRESOLVED_STRUCTURE,OBSERVATION_INSUFFICIENT,3,0,0,False,0,0,False,INHERITED_RAW_PRICE_BASIS,False,False
2025-07-01|63470,2025-07-01,63470,09:30,14:00,210,PARTIAL,2,3,,,AVAILABLE,4.5,True,,,,CURRENT_BAR_UNAVAILABLE,OBSERVATION_INSUFFICIENT,3,0,0,False,0,0,False,INHERITED_RAW_PRICE_BASIS,False,False
2025-07-01|63470,2025-07-01,63470,09:30,14:05,215,COMPLETE,5,0,DOWN,-1.7094017094017093,AVAILABLE,4.5,True,,,,UNRESOLVED_STRUCTURE,OBSERVATION_INSUFFICIENT,3,0,1,False,0,0,False,INHERITED_RAW_PRICE_BASIS,False,False
2025-07-01|63470,2025-07-01,63470,09:30,14:10,220,PARTIAL,2,3,,,AVAILABLE,4.5,True,,,,UNRESOLVED_STRUCTURE,WINDOW_OBSERVED,0,1,1,False,0,0,False,INHERITED_RAW_PRICE_BASIS,False,False
2025-07-01|63470,2025-07-01,63470,09:30,14:15,225,COMPLETE,5,0,DOWN,-2.6200873362445414,AVAILABLE,4.5,True,,RECOVERY,,UNRESOLVED_STRUCTURE,OBSERVATION_INSUFFICIENT,1,1,2,False,0,0,True,INHERITED_RAW_PRICE_BASIS,False,False
2025-07-01|63470,2025-07-01,63470,09:30,14:20,230,COMPLETE,5,0,UP,8.968609865470851,AVAILABLE,4.5,True,,,RANGE_EXPANSION,UNRESOLVED_STRUCTURE,OBSERVATION_INSUFFICIENT,2,1,3,False,0,1,False,INHERITED_RAW_PRICE_BASIS,True,True
2025-07-01|63470,2025-07-01,63470,09:30,14:25,235,PARTIAL,4,1,,,AVAILABLE,4.5,True,,,,UNRESOLVED_STRUCTURE,OBSERVATION_INSUFFICIENT,6,1,1,False,0,0,False,INHERITED_RAW_PRICE_BASIS,False,False
2025-07-01|63470,2025-07-01,63470,09:30,14:30,240,PARTIAL,4,1,,,AVAILABLE,4.5,True,,,,CURRENT_BAR_UNAVAILABLE,OBSERVATION_INSUFFICIENT,6,0,0,False,3,3,False,INHERITED_RAW_PRICE_BASIS,False,False
2025-07-01|63470,2025-07-01,63470,09:30,14:35,245,UNAVAILABLE,0,5,,,AVAILABLE,4.5,True,,,,CURRENT_BAR_UNAVAILABLE,OBSERVATION_INSUFFICIENT,1,0,0,False,0,0,False,INHERITED_RAW_PRICE_BASIS,False,False
2025-07-01|63470,2025-07-01,63470,09:30,14:40,250,PARTIAL,4,1,,,AVAILABLE,4.5,True,,,,UNRESOLVED_STRUCTURE,WINDOW_OBSERVED,0,1,1,False,0,0,False,INHERITED_RAW_PRICE_BASIS,False,False
2025-07-01|63470,2025-07-01,63470,09:30,14:45,255,COMPLETE,5,0,UP,8.550185873605948,AVAILABLE,4.5,True,,,,UNRESOLVED_STRUCTURE,WINDOW_OBSERVED,0,0,3,False,0,0,False,INHERITED_RAW_PRICE_BASIS,False,False
2025-07-01|63470,2025-07-01,63470,09:30,14:50,260,COMPLETE,5,0,UP,3.4482758620689653,AVAILABLE,4.5,True,UP_STRUCTURE,CORRECTION,VOLUME_EXPANSION|TRADING_VALUE_EXPANSION,IDENTIFIED,WINDOW_OBSERVED,0,0,4,False,3,2,True,INHERITED_RAW_PRICE_BASIS,True,True
2025-07-01|63470,2025-07-01,63470,09:30,14:55,265,COMPLETE,5,0,DOWN,-0.3333333333333333,AVAILABLE,4.5,True,UP_STRUCTURE,CORRECTION,CHOPPINESS,IDENTIFIED,WINDOW_OBSERVED,0,0,6,False,3,0,True,INHERITED_RAW_PRICE_BASIS,True,False
2025-07-01|63470,2025-07-01,63470,09:30,15:00,270,COMPLETE,5,0,DOWN,-3.0,AVAILABLE,4.5,True,,RESTRUCTURING,RANGE_COMPRESSION|VOLUME_COMPRESSION|TRADING_VALUE_COMPRESSION,UNRESOLVED_STRUCTURE,OBSERVATION_INSUFFICIENT,3,0,6,False,2,1,True,INHERITED_RAW_PRICE_BASIS,True,True
2025-07-01|63470,2025-07-01,63470,09:30,15:05,275,COMPLETE,5,0,UP,0.6896551724137931,AVAILABLE,4.5,True,DOWN_STRUCTURE,,CHOPPINESS,IDENTIFIED,OBSERVATION_INSUFFICIENT,8,1,10,False,1,2,True,INHERITED_RAW_PRICE_BASIS,True,True
2025-07-01|63470,2025-07-01,63470,09:30,15:10,280,PARTIAL,2,3,,,AVAILABLE,4.5,True,,,,CURRENT_BAR_UNAVAILABLE,OBSERVATION_INSUFFICIENT,9,0,0,False,2,2,False,INHERITED_RAW_PRICE_BASIS,False,False
2025-07-01|63470,2025-07-01,63470,09:30,15:15,285,UNAVAILABLE,0,5,,,AVAILABLE,4.5,True,,,,CURRENT_BAR_UNAVAILABLE,OBSERVATION_INSUFFICIENT,5,0,0,False,0,0,False,INHERITED_RAW_PRICE_BASIS,False,False
2025-07-01|63470,2025-07-01,63470,09:30,15:20,290,PARTIAL,1,4,,,AVAILABLE,4.5,True,,,,UNRESOLVED_STRUCTURE,RIGHT_CENSORED,1,0,0,False,0,0,False,INHERITED_RAW_PRICE_BASIS,False,False
2025-07-01|63470,2025-07-01,63470,09:30,15:25,295,PARTIAL,4,1,,,AVAILABLE,4.5,True,,,,UNRESOLVED_STRUCTURE,RIGHT_CENSORED,0,0,0,False,0,2,False,INHERITED_RAW_PRICE_BASIS,False,False
2025-07-01|65730,2025-07-01,65730,10:00,10:00,0,PARTIAL,4,1,,,AVAILABLE,3.0,True,,,,UNRESOLVED_STRUCTURE,WINDOW_OBSERVED,0,0,0,False,1,1,False,INHERITED_RAW_PRICE_BASIS,False,False
2025-07-01|65730,2025-07-01,65730,10:00,10:05,5,COMPLETE,5,0,DOWN,-0.8403361344537815,AVAILABLE,3.0,True,,,,UNRESOLVED_STRUCTURE,OBSERVATION_INSUFFICIENT,1,0,0,False,0,0,False,INHERITED_RAW_PRICE_BASIS,False,False
2025-07-01|65730,2025-07-01,65730,10:00,10:10,10,COMPLETE,5,0,UP,0.847457627118644,AVAILABLE,3.0,True,,,,UNRESOLVED_STRUCTURE,OBSERVATION_INSUFFICIENT,2,0,0,False,0,1,False,INHERITED_RAW_PRICE_BASIS,True,False
2025-07-01|65730,2025-07-01,65730,10:00,10:15,15,PARTIAL,4,1,,,AVAILABLE,3.0,True,,,,CURRENT_BAR_UNAVAILABLE,OBSERVATION_INSUFFICIENT,2,0,0,False,0,1,False,INHERITED_RAW_PRICE_BASIS,False,False
2025-07-01|65730,2025-07-01,65730,10:00,10:20,20,PARTIAL,4,1,,,AVAILABLE,3.0,True,,,,CURRENT_BAR_UNAVAILABLE,OBSERVATION_INSUFFICIENT,1,0,0,False,0,0,False,INHERITED_RAW_PRICE_BASIS,False,False
2025-07-01|65730,2025-07-01,65730,10:00,10:25,25,PARTIAL,4,1,,,AVAILABLE,3.0,True,,,,CURRENT_BAR_UNAVAILABLE,WINDOW_OBSERVED,0,0,0,False,0,0,False,INHERITED_RAW_PRICE_BASIS,False,False
2025-07-01|65730,2025-07-01,65730,10:00,10:30,30,COMPLETE,5,0,DOWN,-0.847457627118644,AVAILABLE,3.0,True,,,,UNRESOLVED_STRUCTURE,WINDOW_OBSERVED,0,0,0,False,0,0,False,INHERITED_RAW_PRICE_BASIS,False,False
2025-07-01|65730,2025-07-01,65730,10:00,10:35,35,COMPLETE,5,0,UP,0.8547008547008547,AVAILABLE,3.0,True,,,RANGE_EXPANSION,UNRESOLVED_STRUCTURE,OBSERVATION_INSUFFICIENT,1,0,0,False,0,1,False,INHERITED_RAW_PRICE_BASIS,True,False
2025-07-01|65730,2025-07-01,65730,10:00,10:40,40,COMPLETE,5,0,DOWN,-0.847457627118644,AVAILABLE,3.0,True,,,RANGE_COMPRESSION,UNRESOLVED_STRUCTURE,OBSERVATION_INSUFFICIENT,1,0,0,False,0,0,False,INHERITED_RAW_PRICE_BASIS,True,False
2025-07-01|65730,2025-07-01,65730,10:00,10:45,45,PARTIAL,4,1,,,AVAILABLE,3.0,True,,,,UNRESOLVED_STRUCTURE,OBSERVATION_INSUFFICIENT,1,0,0,False,0,0,False,INHERITED_RAW_PRICE_BASIS,False,False
2025-07-01|65730,2025-07-01,65730,10:00,10:50,50,COMPLETE,5,0,DOWN,-0.847457627118644,AVAILABLE,3.0,True,,,,UNRESOLVED_STRUCTURE,OBSERVATION_INSUFFICIENT,1,0,0,False,0,0,False,INHERITED_RAW_PRICE_BASIS,False,False
2025-07-01|65730,2025-07-01,65730,10:00,10:55,55,PARTIAL,4,1,,,AVAILABLE,3.0,True,,,,UNRESOLVED_STRUCTURE,OBSERVATION_INSUFFICIENT,1,0,0,False,0,0,False,INHERITED_RAW_PRICE_BASIS,False,False
2025-07-01|65730,2025-07-01,65730,10:00,11:00,60,COMPLETE,5,0,UP,0.847457627118644,AVAILABLE,3.0,True,,,,UNRESOLVED_STRUCTURE,OBSERVATION_INSUFFICIENT,1,0,0,False,0,0,False,INHERITED_RAW_PRICE_BASIS,False,False
2025-07-01|65730,2025-07-01,65730,10:00,11:05,65,PARTIAL,4,1,,,AVAILABLE,3.0,True,,,,UNRESOLVED_STRUCTURE,OBSERVATION_INSUFFICIENT,2,0,0,False,0,0,False,INHERITED_RAW_PRICE_BASIS,False,False
2025-07-01|65730,2025-07-01,65730,10:00,11:10,70,COMPLETE,5,0,UP,0.8547008547008547,AVAILABLE,3.0,True,,,,UNRESOLVED_STRUCTURE,OBSERVATION_INSUFFICIENT,2,0,0,False,0,0,False,INHERITED_RAW_PRICE_BASIS,False,False
2025-07-01|65730,2025-07-01,65730,10:00,11:15,75,PARTIAL,3,2,,,AVAILABLE,3.0,True,,,,CURRENT_BAR_UNAVAILABLE,WINDOW_OBSERVED,0,0,0,False,0,0,False,INHERITED_RAW_PRICE_BASIS,False,False
2025-07-01|65730,2025-07-01,65730,10:00,11:20,80,COMPLETE,5,0,UNCHANGED,0.0,AVAILABLE,3.0,True,,,,UNRESOLVED_STRUCTURE,WINDOW_OBSERVED,0,0,0,False,0,0,False,INHERITED_RAW_PRICE_BASIS,False,False
2025-07-01|65730,2025-07-01,65730,10:00,11:25,85,COMPLETE,5,0,UNCHANGED,0.0,AVAILABLE,3.0,True,,,VOLUME_EXPANSION|TRADING_VALUE_EXPANSION,UNRESOLVED_STRUCTURE,WINDOW_OBSERVED,0,0,0,False,0,0,False,INHERITED_RAW_PRICE_BASIS,True,False
2025-07-01|65730,2025-07-01,65730,10:00,11:30,90,COMPLETE,5,0,UP,0.8403361344537815,AVAILABLE,3.0,True,,,RANGE_EXPANSION|VOLUME_EXPANSION|TRADING_VALUE_EXPANSION,UNRESOLVED_STRUCTURE,WINDOW_OBSERVED,0,0,0,False,0,0,False,INHERITED_RAW_PRICE_BASIS,True,False
2025-07-01|65730,2025-07-01,65730,10:00,12:35,95,COMPLETE,5,0,DOWN,-0.8333333333333334,AVAILABLE,3.0,True,,,,UNRESOLVED_STRUCTURE,WINDOW_OBSERVED,0,0,0,False,0,0,False,INHERITED_RAW_PRICE_BASIS,True,False
2025-07-01|65730,2025-07-01,65730,10:00,12:40,100,COMPLETE,5,0,UP,1.694915254237288,AVAILABLE,3.0,True,,,,UNRESOLVED_STRUCTURE,WINDOW_OBSERVED,0,1,1,False,0,0,False,INHERITED_RAW_PRICE_BASIS,True,False
2025-07-01|65730,2025-07-01,65730,10:00,12:45,105,COMPLETE,5,0,UNCHANGED,0.0,AVAILABLE,3.0,True,,,,UNRESOLVED_STRUCTURE,WINDOW_OBSERVED,0,0,1,False,0,0,False,INHERITED_RAW_PRICE_BASIS,True,False
2025-07-01|65730,2025-07-01,65730,10:00,12:50,110,COMPLETE,5,0,UNCHANGED,0.0,AVAILABLE,3.0,True,,,RANGE_COMPRESSION|VOLUME_COMPRESSION|TRADING_VALUE_COMPRESSION,UNRESOLVED_STRUCTURE,OBSERVATION_INSUFFICIENT,1,0,1,False,0,0,False,INHERITED_RAW_PRICE_BASIS,True,False
2025-07-01|65730,2025-07-01,65730,10:00,12:55,115,COMPLETE,5,0,UP,0.8403361344537815,AVAILABLE,3.0,True,,,,UNRESOLVED_STRUCTURE,OBSERVATION_INSUFFICIENT,1,0,1,False,0,0,False,INHERITED_RAW_PRICE_BASIS,True,False
2025-07-01|65730,2025-07-01,65730,10:00,13:00,120,PARTIAL,4,1,,,AVAILABLE,3.0,True,,,,CURRENT_BAR_UNAVAILABLE,WINDOW_OBSERVED,0,0,0,False,0,0,False,INHERITED_RAW_PRICE_BASIS,False,False
2025-07-01|65730,2025-07-01,65730,10:00,13:05,125,COMPLETE,5,0,DOWN,-0.8403361344537815,AVAILABLE,3.0,True,,,,UNRESOLVED_STRUCTURE,WINDOW_OBSERVED,0,0,0,False,0,0,False,INHERITED_RAW_PRICE_BASIS,False,False
2025-07-01|65730,2025-07-01,65730,10:00,13:10,130,COMPLETE,5,0,UNCHANGED,0.0,AVAILABLE,3.0,True,,,RANGE_COMPRESSION|VOLUME_COMPRESSION|TRADING_VALUE_COMPRESSION,UNRESOLVED_STRUCTURE,WINDOW_OBSERVED,0,1,1,False,0,0,False,INHERITED_RAW_PRICE_BASIS,True,False
2025-07-01|65730,2025-07-01,65730,10:00,13:15,135,COMPLETE,5,0,UNCHANGED,0.0,AVAILABLE,3.0,True,,,RANGE_EXPANSION,UNRESOLVED_STRUCTURE,WINDOW_OBSERVED,0,1,1,False,0,0,False,INHERITED_RAW_PRICE_BASIS,True,False
2025-07-01|65730,2025-07-01,65730,10:00,13:20,140,COMPLETE,5,0,UNCHANGED,0.0,AVAILABLE,3.0,True,,,RANGE_COMPRESSION|VOLUME_COMPRESSION|TRADING_VALUE_COMPRESSION,UNRESOLVED_STRUCTURE,WINDOW_OBSERVED,0,0,1,False,0,1,False,INHERITED_RAW_PRICE_BASIS,True,False
2025-07-01|65730,2025-07-01,65730,10:00,13:25,145,COMPLETE,5,0,DOWN,-0.8547008547008547,AVAILABLE,3.0,True,,,VOLUME_EXPANSION|TRADING_VALUE_EXPANSION,UNRESOLVED_STRUCTURE,WINDOW_OBSERVED,0,0,1,False,0,2,False,INHERITED_RAW_PRICE_BASIS,True,False
2025-07-01|65730,2025-07-01,65730,10:00,13:30,150,COMPLETE,5,0,DOWN,-0.8547008547008547,AVAILABLE,3.0,True,,,VOLUME_COMPRESSION|TRADING_VALUE_COMPRESSION,UNRESOLVED_STRUCTURE,WINDOW_OBSERVED,0,0,1,False,0,1,False,INHERITED_RAW_PRICE_BASIS,True,False
2025-07-01|65730,2025-07-01,65730,10:00,13:35,155,COMPLETE,5,0,DOWN,-0.8547008547008547,AVAILABLE,3.0,True,,,RANGE_EXPANSION|VOLUME_EXPANSION|TRADING_VALUE_EXPANSION,UNRESOLVED_STRUCTURE,WINDOW_OBSERVED,0,0,1,False,1,1,False,INHERITED_RAW_PRICE_BASIS,True,False
2025-07-01|65730,2025-07-01,65730,10:00,13:40,160,COMPLETE,5,0,UP,0.8695652173913043,AVAILABLE,3.0,True,,,RANGE_COMPRESSION|VOLUME_COMPRESSION|TRADING_VALUE_COMPRESSION,UNRESOLVED_STRUCTURE,OBSERVATION_INSUFFICIENT,1,0,1,False,0,2,False,INHERITED_RAW_PRICE_BASIS,True,False
2025-07-01|65730,2025-07-01,65730,10:00,13:45,165,COMPLETE,5,0,UP,0.8695652173913043,AVAILABLE,3.0,True,RANGE_STRUCTURE,BALANCE,RANGE_EXPANSION|VOLUME_EXPANSION|TRADING_VALUE_EXPANSION,IDENTIFIED,OBSERVATION_INSUFFICIENT,2,0,1,True,0,0,True,INHERITED_RAW_PRICE_BASIS,True,True
2025-07-01|65730,2025-07-01,65730,10:00,13:50,170,PARTIAL,4,1,,,AVAILABLE,3.0,True,,,,UNRESOLVED_STRUCTURE,OBSERVATION_INSUFFICIENT,2,0,1,False,2,4,False,INHERITED_RAW_PRICE_BASIS,False,False
2025-07-01|65730,2025-07-01,65730,10:00,13:55,175,PARTIAL,4,1,,,AVAILABLE,3.0,True,,,,CURRENT_BAR_UNAVAILABLE,OBSERVATION_INSUFFICIENT,1,0,0,False,0,3,False,INHERITED_RAW_PRICE_BASIS,False,False
2025-07-01|65730,2025-07-01,65730,10:00,14:00,180,PARTIAL,4,1,,,AVAILABLE,3.0,True,,,,UNRESOLVED_STRUCTURE,WINDOW_OBSERVED,0,0,0,False,0,0,False,INHERITED_RAW_PRICE_BASIS,False,False
2025-07-01|65730,2025-07-01,65730,10:00,14:05,185,COMPLETE,5,0,DOWN,-0.8849557522123894,AVAILABLE,3.0,True,,,,UNRESOLVED_STRUCTURE,WINDOW_OBSERVED,0,0,0,False,0,0,False,INHERITED_RAW_PRICE_BASIS,False,False
2025-07-01|65730,2025-07-01,65730,10:00,14:10,190,COMPLETE,5,0,UP,0.8928571428571429,AVAILABLE,3.0,True,,,VOLUME_COMPRESSION|TRADING_VALUE_COMPRESSION,UNRESOLVED_STRUCTURE,OBSERVATION_INSUFFICIENT,1,0,0,False,0,0,False,INHERITED_RAW_PRICE_BASIS,True,False
2025-07-01|65730,2025-07-01,65730,10:00,14:15,195,COMPLETE,5,0,UNCHANGED,0.0,AVAILABLE,3.0,True,,,VOLUME_EXPANSION|TRADING_VALUE_EXPANSION,UNRESOLVED_STRUCTURE,OBSERVATION_INSUFFICIENT,1,0,0,False,0,4,False,INHERITED_RAW_PRICE_BASIS,True,False
2025-07-01|65730,2025-07-01,65730,10:00,14:20,200,PARTIAL,4,1,,,AVAILABLE,3.0,True,,,,UNRESOLVED_STRUCTURE,WINDOW_OBSERVED,0,0,0,False,0,2,False,INHERITED_RAW_PRICE_BASIS,False,False
2025-07-01|65730,2025-07-01,65730,10:00,14:25,205,COMPLETE,5,0,UNCHANGED,0.0,AVAILABLE,3.0,True,,,,UNRESOLVED_STRUCTURE,OBSERVATION_INSUFFICIENT,1,0,0,False,0,0,False,INHERITED_RAW_PRICE_BASIS,False,False
2025-07-01|65730,2025-07-01,65730,10:00,14:30,210,COMPLETE,5,0,UNCHANGED,0.0,AVAILABLE,3.0,True,,,VOLUME_COMPRESSION|TRADING_VALUE_COMPRESSION,UNRESOLVED_STRUCTURE,OBSERVATION_INSUFFICIENT,2,0,0,False,0,0,False,INHERITED_RAW_PRICE_BASIS,True,False
2025-07-01|65730,2025-07-01,65730,10:00,14:35,215,PARTIAL,4,1,,,AVAILABLE,3.0,True,,,,UNRESOLVED_STRUCTURE,OBSERVATION_INSUFFICIENT,1,0,0,False,0,0,False,INHERITED_RAW_PRICE_BASIS,False,False
2025-07-01|65730,2025-07-01,65730,10:00,14:40,220,PARTIAL,4,1,,,AVAILABLE,3.0,True,,,,UNRESOLVED_STRUCTURE,OBSERVATION_INSUFFICIENT,2,0,0,False,0,0,False,INHERITED_RAW_PRICE_BASIS,False,False
2025-07-01|65730,2025-07-01,65730,10:00,14:45,225,COMPLETE,5,0,DOWN,-0.8928571428571429,AVAILABLE,3.0,True,,,,UNRESOLVED_STRUCTURE,OBSERVATION_INSUFFICIENT,2,0,0,False,0,0,False,INHERITED_RAW_PRICE_BASIS,False,False
2025-07-01|65730,2025-07-01,65730,10:00,14:50,230,PARTIAL,3,2,,,AVAILABLE,3.0,True,,,,CURRENT_BAR_UNAVAILABLE,WINDOW_OBSERVED,0,0,0,False,0,0,False,INHERITED_RAW_PRICE_BASIS,False,False
2025-07-01|65730,2025-07-01,65730,10:00,14:55,235,COMPLETE,5,0,UNCHANGED,0.0,AVAILABLE,3.0,True,,,,UNRESOLVED_STRUCTURE,WINDOW_OBSERVED,0,0,0,False,0,0,False,INHERITED_RAW_PRICE_BASIS,False,False
2025-07-01|65730,2025-07-01,65730,10:00,15:00,240,COMPLETE,5,0,UNCHANGED,0.0,AVAILABLE,3.0,True,,,VOLUME_EXPANSION|TRADING_VALUE_EXPANSION,UNRESOLVED_STRUCTURE,WINDOW_OBSERVED,0,0,0,False,0,0,False,INHERITED_RAW_PRICE_BASIS,True,False
2025-07-01|65730,2025-07-01,65730,10:00,15:05,245,COMPLETE,5,0,DOWN,-0.8849557522123894,AVAILABLE,3.0,True,,,,UNRESOLVED_STRUCTURE,OBSERVATION_INSUFFICIENT,1,0,0,False,0,4,False,INHERITED_RAW_PRICE_BASIS,True,False
2025-07-01|65730,2025-07-01,65730,10:00,15:10,250,COMPLETE,5,0,UNCHANGED,0.0,AVAILABLE,3.0,True,,,VOLUME_EXPANSION|TRADING_VALUE_EXPANSION,UNRESOLVED_STRUCTURE,OBSERVATION_INSUFFICIENT,1,0,0,False,0,2,False,INHERITED_RAW_PRICE_BASIS,True,False
2025-07-01|65730,2025-07-01,65730,10:00,15:15,255,PARTIAL,4,1,,,AVAILABLE,3.0,True,,,,UNRESOLVED_STRUCTURE,WINDOW_OBSERVED,0,0,0,False,0,2,False,INHERITED_RAW_PRICE_BASIS,False,False
2025-07-01|65730,2025-07-01,65730,10:00,15:20,260,COMPLETE,5,0,UNCHANGED,0.0,AVAILABLE,3.0,True,,,,UNRESOLVED_STRUCTURE,RIGHT_CENSORED,0,0,0,False,0,2,False,INHERITED_RAW_PRICE_BASIS,False,False
2025-07-01|65730,2025-07-01,65730,10:00,15:25,265,COMPLETE,5,0,UP,0.8928571428571429,AVAILABLE,3.0,True,,,RANGE_EXPANSION|VOLUME_EXPANSION|TRADING_VALUE_EXPANSION,UNRESOLVED_STRUCTURE,RIGHT_CENSORED,0,0,0,False,0,0,False,INHERITED_RAW_PRICE_BASIS,True,False
2025-07-01|70630,2025-07-01,70630,13:00,13:00,0,PARTIAL,4,1,,,SCALE_INSUFFICIENT,,True,,,,CURRENT_BAR_UNAVAILABLE,OBSERVATION_INSUFFICIENT,2,0,0,False,0,0,False,INHERITED_RAW_PRICE_BASIS,False,False
2025-07-01|70630,2025-07-01,70630,13:00,13:05,5,COMPLETE,5,0,DOWN,-1.4336917562724014,SCALE_INSUFFICIENT,,True,,,,SCALE_UNAVAILABLE,OBSERVATION_INSUFFICIENT,2,0,0,False,0,0,False,INHERITED_RAW_PRICE_BASIS,False,False
2025-07-01|70630,2025-07-01,70630,13:00,13:10,10,PARTIAL,3,2,,,SCALE_INSUFFICIENT,,True,,,,CURRENT_BAR_UNAVAILABLE,OBSERVATION_INSUFFICIENT,2,0,0,False,0,2,False,INHERITED_RAW_PRICE_BASIS,False,False
2025-07-01|70630,2025-07-01,70630,13:00,13:15,15,COMPLETE,5,0,DOWN,-1.0909090909090908,SCALE_INSUFFICIENT,,True,,,,SCALE_UNAVAILABLE,OBSERVATION_INSUFFICIENT,3,0,0,False,0,0,False,INHERITED_RAW_PRICE_BASIS,False,False
2025-07-01|70630,2025-07-01,70630,13:00,13:20,20,PARTIAL,3,2,,,SCALE_INSUFFICIENT,,True,,,,CURRENT_BAR_UNAVAILABLE,OBSERVATION_INSUFFICIENT,2,0,0,False,0,0,False,INHERITED_RAW_PRICE_BASIS,False,False
2025-07-01|70630,2025-07-01,70630,13:00,13:25,25,PARTIAL,4,1,,,SCALE_INSUFFICIENT,,True,,,,CURRENT_BAR_UNAVAILABLE,OBSERVATION_INSUFFICIENT,2,0,0,False,0,0,False,INHERITED_RAW_PRICE_BASIS,False,False
2025-07-01|70630,2025-07-01,70630,13:00,13:30,30,PARTIAL,4,1,,,SCALE_INSUFFICIENT,,True,,,,SCALE_UNAVAILABLE,OBSERVATION_INSUFFICIENT,2,0,0,False,0,1,False,INHERITED_RAW_PRICE_BASIS,False,False
2025-07-01|70630,2025-07-01,70630,13:00,13:35,35,PARTIAL,4,1,,,SCALE_INSUFFICIENT,,True,,,,SCALE_UNAVAILABLE,OBSERVATION_INSUFFICIENT,3,0,0,False,0,0,False,INHERITED_RAW_PRICE_BASIS,False,False
2025-07-01|70630,2025-07-01,70630,13:00,13:40,40,PARTIAL,4,1,,,SCALE_INSUFFICIENT,,True,,,,SCALE_UNAVAILABLE,OBSERVATION_INSUFFICIENT,4,0,0,False,0,0,False,INHERITED_RAW_PRICE_BASIS,False,False
2025-07-01|70630,2025-07-01,70630,13:00,13:45,45,PARTIAL,3,2,,,SCALE_INSUFFICIENT,,True,,,,SCALE_UNAVAILABLE,OBSERVATION_INSUFFICIENT,3,0,0,False,0,0,False,INHERITED_RAW_PRICE_BASIS,False,False
2025-07-01|70630,2025-07-01,70630,13:00,13:50,50,PARTIAL,3,2,,,SCALE_INSUFFICIENT,,True,,,,SCALE_UNAVAILABLE,OBSERVATION_INSUFFICIENT,1,0,0,False,0,0,False,INHERITED_RAW_PRICE_BASIS,False,False
2025-07-01|70630,2025-07-01,70630,13:00,13:55,55,PARTIAL,4,1,,,SCALE_INSUFFICIENT,,True,,,,CURRENT_BAR_UNAVAILABLE,WINDOW_OBSERVED,0,0,0,False,1,2,False,INHERITED_RAW_PRICE_BASIS,False,False
2025-07-01|70630,2025-07-01,70630,13:00,14:00,60,COMPLETE,5,0,UNCHANGED,0.0,SCALE_INSUFFICIENT,,True,,,,SCALE_UNAVAILABLE,OBSERVATION_INSUFFICIENT,2,0,0,False,1,1,False,INHERITED_RAW_PRICE_BASIS,False,False
2025-07-01|70630,2025-07-01,70630,13:00,14:05,65,COMPLETE,5,0,DOWN,-1.1363636363636365,SCALE_INSUFFICIENT,,True,,,RANGE_EXPANSION|VOLUME_EXPANSION|TRADING_VALUE_EXPANSION,SCALE_UNAVAILABLE,OBSERVATION_INSUFFICIENT,2,0,0,False,1,1,False,INHERITED_RAW_PRICE_BASIS,True,False
2025-07-01|70630,2025-07-01,70630,13:00,14:10,70,PARTIAL,3,2,,,SCALE_INSUFFICIENT,,True,,,,SCALE_UNAVAILABLE,WINDOW_OBSERVED,0,0,0,False,0,0,False,INHERITED_RAW_PRICE_BASIS,False,False
2025-07-01|70630,2025-07-01,70630,13:00,14:15,75,COMPLETE,5,0,UP,0.7692307692307693,SCALE_INSUFFICIENT,,True,,,,SCALE_UNAVAILABLE,WINDOW_OBSERVED,0,0,0,False,0,0,False,INHERITED_RAW_PRICE_BASIS,False,False
2025-07-01|70630,2025-07-01,70630,13:00,14:20,80,COMPLETE,5,0,DOWN,-1.5267175572519085,SCALE_INSUFFICIENT,,True,,,RANGE_EXPANSION|VOLUME_EXPANSION|TRADING_VALUE_EXPANSION,SCALE_UNAVAILABLE,WINDOW_OBSERVED,0,0,0,False,1,0,False,INHERITED_RAW_PRICE_BASIS,True,False
2025-07-01|70630,2025-07-01,70630,13:00,14:25,85,COMPLETE,5,0,UP,0.7782101167315175,SCALE_INSUFFICIENT,,True,,,RANGE_COMPRESSION|VOLUME_COMPRESSION|TRADING_VALUE_COMPRESSION,SCALE_UNAVAILABLE,OBSERVATION_INSUFFICIENT,3,0,0,False,0,0,False,INHERITED_RAW_PRICE_BASIS,True,False
2025-07-01|70630,2025-07-01,70630,13:00,14:30,90,COMPLETE,5,0,UP,0.3875968992248062,SCALE_INSUFFICIENT,,True,,,RANGE_COMPRESSION|VOLUME_COMPRESSION|TRADING_VALUE_COMPRESSION,SCALE_UNAVAILABLE,OBSERVATION_INSUFFICIENT,3,0,0,False,0,0,False,INHERITED_RAW_PRICE_BASIS,True,False
2025-07-01|70630,2025-07-01,70630,13:00,14:35,95,PARTIAL,2,3,,,SCALE_INSUFFICIENT,,True,,,,CURRENT_BAR_UNAVAILABLE,OBSERVATION_INSUFFICIENT,1,0,0,False,0,0,False,INHERITED_RAW_PRICE_BASIS,False,False
2025-07-01|70630,2025-07-01,70630,13:00,14:40,100,COMPLETE,5,0,UNCHANGED,0.0,SCALE_INSUFFICIENT,,True,,,,SCALE_UNAVAILABLE,OBSERVATION_INSUFFICIENT,2,0,0,False,0,1,False,INHERITED_RAW_PRICE_BASIS,False,False
2025-07-01|70630,2025-07-01,70630,13:00,14:45,105,PARTIAL,4,1,,,SCALE_INSUFFICIENT,,True,,,,SCALE_UNAVAILABLE,OBSERVATION_INSUFFICIENT,1,0,0,False,0,0,False,INHERITED_RAW_PRICE_BASIS,False,False
2025-07-01|70630,2025-07-01,70630,13:00,14:50,110,PARTIAL,4,1,,,SCALE_INSUFFICIENT,,True,,,,CURRENT_BAR_UNAVAILABLE,WINDOW_OBSERVED,0,0,0,False,0,0,False,INHERITED_RAW_PRICE_BASIS,False,False
2025-07-01|70630,2025-07-01,70630,13:00,14:55,115,COMPLETE,5,0,UP,0.3875968992248062,SCALE_INSUFFICIENT,,True,,,,SCALE_UNAVAILABLE,WINDOW_OBSERVED,0,0,0,False,0,0,False,INHERITED_RAW_PRICE_BASIS,False,False
2025-07-01|70630,2025-07-01,70630,13:00,15:00,120,COMPLETE,5,0,UP,2.3166023166023164,SCALE_INSUFFICIENT,,True,,,RANGE_EXPANSION|VOLUME_EXPANSION|TRADING_VALUE_EXPANSION,SCALE_UNAVAILABLE,OBSERVATION_INSUFFICIENT,1,0,0,False,0,0,False,INHERITED_RAW_PRICE_BASIS,True,False
2025-07-01|70630,2025-07-01,70630,13:00,15:05,125,COMPLETE,5,0,DOWN,-0.37735849056603776,SCALE_INSUFFICIENT,,True,,,RANGE_COMPRESSION,SCALE_UNAVAILABLE,OBSERVATION_INSUFFICIENT,3,0,0,False,0,0,False,INHERITED_RAW_PRICE_BASIS,True,False
2025-07-01|70630,2025-07-01,70630,13:00,15:10,130,PARTIAL,4,1,,,SCALE_INSUFFICIENT,,True,,,,SCALE_UNAVAILABLE,OBSERVATION_INSUFFICIENT,3,0,0,False,0,0,False,INHERITED_RAW_PRICE_BASIS,False,False
2025-07-01|70630,2025-07-01,70630,13:00,15:15,135,PARTIAL,3,2,,,SCALE_INSUFFICIENT,,True,,,,CURRENT_BAR_UNAVAILABLE,OBSERVATION_INSUFFICIENT,1,0,0,False,0,0,False,INHERITED_RAW_PRICE_BASIS,False,False
2025-07-01|70630,2025-07-01,70630,13:00,15:20,140,PARTIAL,4,1,,,SCALE_INSUFFICIENT,,True,,,,SCALE_UNAVAILABLE,RIGHT_CENSORED,0,0,0,False,0,0,False,INHERITED_RAW_PRICE_BASIS,False,False
2025-07-01|70630,2025-07-01,70630,13:00,15:25,145,COMPLETE,5,0,DOWN,-1.9011406844106464,SCALE_INSUFFICIENT,,True,,,,SCALE_UNAVAILABLE,RIGHT_CENSORED,0,0,0,False,0,0,False,INHERITED_RAW_PRICE_BASIS,False,False
2025-07-01|72730,2025-07-01,72730,10:00,10:00,0,COMPLETE,5,0,UP,0.26702269692923897,AVAILABLE,13.0,True,,RESTRUCTURING|RECOVERY,CHOPPINESS|RANGE_COMPRESSION,UNRESOLVED_STRUCTURE,WINDOW_OBSERVED,0,1,5,False,0,0,True,INHERITED_RAW_PRICE_BASIS,False,False
2025-07-01|72730,2025-07-01,72730,10:00,10:05,5,COMPLETE,5,0,UP,0.5326231691078562,AVAILABLE,13.0,True,,RESTRUCTURING|RECOVERY,RANGE_COMPRESSION|VOLUME_COMPRESSION|TRADING_VALUE_COMPRESSION,UNRESOLVED_STRUCTURE,WINDOW_OBSERVED,0,1,5,False,0,0,True,INHERITED_RAW_PRICE_BASIS,True,False
2025-07-01|72730,2025-07-01,72730,10:00,10:10,10,COMPLETE,5,0,UP,1.5894039735099337,AVAILABLE,13.0,True,DOWN_STRUCTURE,,RANGE_EXPANSION|VOLUME_EXPANSION|TRADING_VALUE_EXPANSION,IDENTIFIED,WINDOW_OBSERVED,0,1,6,False,0,0,True,INHERITED_RAW_PRICE_BASIS,True,True
2025-07-01|72730,2025-07-01,72730,10:00,10:15,15,COMPLETE,5,0,DOWN,-1.953125,AVAILABLE,13.0,True,DOWN_STRUCTURE,PROGRESSION,,IDENTIFIED,WINDOW_OBSERVED,0,0,6,True,0,0,True,INHERITED_RAW_PRICE_BASIS,True,True
2025-07-01|72730,2025-07-01,72730,10:00,10:20,20,COMPLETE,5,0,DOWN,-1.4608233731739708,AVAILABLE,13.0,True,DOWN_STRUCTURE,PROGRESSION,,IDENTIFIED,WINDOW_OBSERVED,0,0,6,False,4,3,True,INHERITED_RAW_PRICE_BASIS,True,False
2025-07-01|72730,2025-07-01,72730,10:00,10:25,25,COMPLETE,5,0,UP,0.9446693657219973,AVAILABLE,13.0,True,DOWN_STRUCTURE,PROGRESSION,RANGE_COMPRESSION|VOLUME_COMPRESSION|TRADING_VALUE_COMPRESSION,IDENTIFIED,WINDOW_OBSERVED,0,0,6,False,2,2,True,INHERITED_RAW_PRICE_BASIS,True,False
2025-07-01|72730,2025-07-01,72730,10:00,10:30,30,COMPLETE,5,0,DOWN,-1.4705882352941178,AVAILABLE,13.0,True,DOWN_STRUCTURE,PROGRESSION,RANGE_EXPANSION,IDENTIFIED,WINDOW_OBSERVED,0,0,6,False,4,4,True,INHERITED_RAW_PRICE_BASIS,True,False
2025-07-01|72730,2025-07-01,72730,10:00,10:35,35,COMPLETE,5,0,UNCHANGED,0.0,AVAILABLE,13.0,True,DOWN_STRUCTURE,PROGRESSION,CHOPPINESS|VOLUME_EXPANSION|TRADING_VALUE_EXPANSION,IDENTIFIED,WINDOW_OBSERVED,0,0,6,False,4,4,True,INHERITED_RAW_PRICE_BASIS,True,False
2025-07-01|72730,2025-07-01,72730,10:00,10:40,40,COMPLETE,5,0,DOWN,-0.40705563093622793,AVAILABLE,13.0,True,DOWN_STRUCTURE,PROGRESSION,CHOPPINESS|RANGE_COMPRESSION|VOLUME_COMPRESSION|TRADING_VALUE_COMPRESSION,IDENTIFIED,WINDOW_OBSERVED,0,0,6,False,0,0,True,INHERITED_RAW_PRICE_BASIS,True,False
2025-07-01|72730,2025-07-01,72730,10:00,10:45,45,COMPLETE,5,0,DOWN,-0.8185538881309686,AVAILABLE,13.0,True,DOWN_STRUCTURE,PROGRESSION,,IDENTIFIED,WINDOW_OBSERVED,0,0,6,False,0,0,True,INHERITED_RAW_PRICE_BASIS,True,False
2025-07-01|72730,2025-07-01,72730,10:00,10:50,50,COMPLETE,5,0,DOWN,-0.5494505494505495,AVAILABLE,13.0,True,DOWN_STRUCTURE,PROGRESSION,CHOPPINESS,IDENTIFIED,WINDOW_OBSERVED,0,0,6,False,3,3,True,INHERITED_RAW_PRICE_BASIS,True,False
2025-07-01|72730,2025-07-01,72730,10:00,10:55,55,COMPLETE,5,0,DOWN,-0.6887052341597796,AVAILABLE,13.0,True,DOWN_STRUCTURE,PROGRESSION,CHOPPINESS,IDENTIFIED,WINDOW_OBSERVED,0,0,6,False,0,0,True,INHERITED_RAW_PRICE_BASIS,True,False
2025-07-01|72730,2025-07-01,72730,10:00,11:00,60,COMPLETE,5,0,UP,0.4160887656033287,AVAILABLE,13.0,True,DOWN_STRUCTURE,PROGRESSION,CHOPPINESS|VOLUME_EXPANSION|TRADING_VALUE_EXPANSION,IDENTIFIED,WINDOW_OBSERVED,0,0,6,False,2,1,True,INHERITED_RAW_PRICE_BASIS,True,False
2025-07-01|72730,2025-07-01,72730,10:00,11:05,65,COMPLETE,5,0,UP,0.6915629322268326,AVAILABLE,13.0,True,DOWN_STRUCTURE,CORRECTION|RECOVERY,RANGE_COMPRESSION,IDENTIFIED,WINDOW_OBSERVED,0,1,7,False,0,0,True,INHERITED_RAW_PRICE_BASIS,True,True
2025-07-01|72730,2025-07-01,72730,10:00,11:10,70,COMPLETE,5,0,UP,0.5486968449931413,AVAILABLE,13.0,True,DOWN_STRUCTURE,CORRECTION|RECOVERY,RANGE_EXPANSION|VOLUME_COMPRESSION|TRADING_VALUE_COMPRESSION,IDENTIFIED,WINDOW_OBSERVED,0,1,7,False,0,0,True,INHERITED_RAW_PRICE_BASIS,True,False
2025-07-01|72730,2025-07-01,72730,10:00,11:15,75,COMPLETE,5,0,UP,0.1362397820163488,AVAILABLE,13.0,True,DOWN_STRUCTURE,CORRECTION|RECOVERY,VOLUME_EXPANSION|TRADING_VALUE_EXPANSION,IDENTIFIED,WINDOW_OBSERVED,0,0,7,False,0,0,True,INHERITED_RAW_PRICE_BASIS,True,False
2025-07-01|72730,2025-07-01,72730,10:00,11:20,80,COMPLETE,5,0,UP,0.40816326530612246,AVAILABLE,13.0,True,DOWN_STRUCTURE,CORRECTION|RECOVERY,CHOPPINESS,IDENTIFIED,WINDOW_OBSERVED,0,0,7,False,2,2,True,INHERITED_RAW_PRICE_BASIS,True,False
2025-07-01|72730,2025-07-01,72730,10:00,11:25,85,COMPLETE,5,0,DOWN,-0.1364256480218281,AVAILABLE,13.0,True,DOWN_STRUCTURE,CORRECTION|RECOVERY,RANGE_COMPRESSION|VOLUME_COMPRESSION|TRADING_VALUE_COMPRESSION,IDENTIFIED,WINDOW_OBSERVED,0,0,7,False,0,2,True,INHERITED_RAW_PRICE_BASIS,True,False
2025-07-01|72730,2025-07-01,72730,10:00,11:30,90,COMPLETE,5,0,UP,0.4098360655737705,AVAILABLE,13.0,True,DOWN_STRUCTURE,CORRECTION|RECOVERY,CHOPPINESS|RANGE_EXPANSION|VOLUME_EXPANSION|TRADING_VALUE_EXPANSION,IDENTIFIED,WINDOW_OBSERVED,0,0,7,True,0,0,True,INHERITED_RAW_PRICE_BASIS,True,False
2025-07-01|72730,2025-07-01,72730,10:00,12:35,95,COMPLETE,5,0,DOWN,-0.8241758241758241,AVAILABLE,13.0,True,DOWN_STRUCTURE,,,IDENTIFIED,WINDOW_OBSERVED,0,0,0,False,0,0,True,INHERITED_RAW_PRICE_BASIS,True,True
2025-07-01|72730,2025-07-01,72730,10:00,12:40,100,COMPLETE,5,0,DOWN,-0.2770083102493075,AVAILABLE,13.0,True,DOWN_STRUCTURE,,CHOPPINESS,IDENTIFIED,WINDOW_OBSERVED,0,0,0,False,0,0,True,INHERITED_RAW_PRICE_BASIS,True,False
2025-07-01|72730,2025-07-01,72730,10:00,12:45,105,COMPLETE,5,0,UP,0.2777777777777778,AVAILABLE,13.0,True,DOWN_STRUCTURE,,RANGE_COMPRESSION|VOLUME_COMPRESSION|TRADING_VALUE_COMPRESSION,IDENTIFIED,WINDOW_OBSERVED,0,0,0,False,0,0,True,INHERITED_RAW_PRICE_BASIS,True,False
2025-07-01|72730,2025-07-01,72730,10:00,12:50,110,COMPLETE,5,0,UNCHANGED,0.0,AVAILABLE,13.0,True,DOWN_STRUCTURE,,RANGE_COMPRESSION|VOLUME_COMPRESSION|TRADING_VALUE_COMPRESSION,IDENTIFIED,WINDOW_OBSERVED,0,0,0,False,0,0,True,INHERITED_RAW_PRICE_BASIS,True,False
2025-07-01|72730,2025-07-01,72730,10:00,12:55,115,COMPLETE,5,0,UP,0.13850415512465375,AVAILABLE,13.0,True,DOWN_STRUCTURE,PROGRESSION,RANGE_EXPANSION|VOLUME_EXPANSION|TRADING_VALUE_EXPANSION,IDENTIFIED,WINDOW_OBSERVED,0,1,1,False,0,0,True,INHERITED_RAW_PRICE_BASIS,True,True
2025-07-01|72730,2025-07-01,72730,10:00,13:00,120,COMPLETE,5,0,DOWN,-0.9695290858725761,AVAILABLE,13.0,True,DOWN_STRUCTURE,PROGRESSION,RANGE_EXPANSION,IDENTIFIED,WINDOW_OBSERVED,0,1,1,True,1,1,True,INHERITED_RAW_PRICE_BASIS,True,False
2025-07-01|72730,2025-07-01,72730,10:00,13:05,125,COMPLETE,5,0,DOWN,-0.41899441340782123,AVAILABLE,13.0,True,DOWN_STRUCTURE,PROGRESSION,,IDENTIFIED,WINDOW_OBSERVED,0,0,1,False,4,4,True,INHERITED_RAW_PRICE_BASIS,True,False
2025-07-01|72730,2025-07-01,72730,10:00,13:10,130,COMPLETE,5,0,UP,0.13966480446927373,AVAILABLE,13.0,True,DOWN_STRUCTURE,PROGRESSION,RANGE_COMPRESSION|VOLUME_COMPRESSION|TRADING_VALUE_COMPRESSION,IDENTIFIED,WINDOW_OBSERVED,0,0,1,False,0,0,True,INHERITED_RAW_PRICE_BASIS,True,False
2025-07-01|72730,2025-07-01,72730,10:00,13:15,135,COMPLETE,5,0,UP,0.1394700139470014,AVAILABLE,13.0,True,DOWN_STRUCTURE,PROGRESSION,RANGE_COMPRESSION|VOLUME_COMPRESSION|TRADING_VALUE_COMPRESSION,IDENTIFIED,WINDOW_OBSERVED,0,0,1,False,0,0,True,INHERITED_RAW_PRICE_BASIS,True,False
2025-07-01|72730,2025-07-01,72730,10:00,13:20,140,COMPLETE,5,0,DOWN,-0.6954102920723226,AVAILABLE,13.0,True,DOWN_STRUCTURE,PROGRESSION,RANGE_EXPANSION|VOLUME_EXPANSION|TRADING_VALUE_EXPANSION,IDENTIFIED,WINDOW_OBSERVED,0,0,1,True,0,0,True,INHERITED_RAW_PRICE_BASIS,True,False
2025-07-01|72730,2025-07-01,72730,10:00,13:25,145,COMPLETE,5,0,DOWN,-0.2801120448179272,AVAILABLE,13.0,True,DOWN_STRUCTURE,PROGRESSION,RANGE_COMPRESSION|VOLUME_COMPRESSION|TRADING_VALUE_COMPRESSION,IDENTIFIED,WINDOW_OBSERVED,0,0,1,True,0,0,True,INHERITED_RAW_PRICE_BASIS,True,False
2025-07-01|72730,2025-07-01,72730,10:00,13:30,150,COMPLETE,5,0,UP,0.42134831460674155,AVAILABLE,13.0,True,DOWN_STRUCTURE,PROGRESSION,RANGE_EXPANSION|VOLUME_EXPANSION|TRADING_VALUE_EXPANSION,IDENTIFIED,WINDOW_OBSERVED,0,0,1,True,0,0,True,INHERITED_RAW_PRICE_BASIS,True,False
2025-07-01|72730,2025-07-01,72730,10:00,13:35,155,COMPLETE,5,0,UP,0.27972027972027974,AVAILABLE,13.0,True,DOWN_STRUCTURE,PROGRESSION,RANGE_COMPRESSION|VOLUME_COMPRESSION|TRADING_VALUE_COMPRESSION,IDENTIFIED,WINDOW_OBSERVED,0,0,1,True,0,0,True,INHERITED_RAW_PRICE_BASIS,True,False
2025-07-01|72730,2025-07-01,72730,10:00,13:40,160,COMPLETE,5,0,UP,0.5586592178770949,AVAILABLE,13.0,True,DOWN_STRUCTURE,PROGRESSION,VOLUME_EXPANSION|TRADING_VALUE_EXPANSION,IDENTIFIED,WINDOW_OBSERVED,0,0,1,True,0,0,True,INHERITED_RAW_PRICE_BASIS,True,False
2025-07-01|72730,2025-07-01,72730,10:00,13:45,165,COMPLETE,5,0,DOWN,-0.2777777777777778,AVAILABLE,13.0,True,DOWN_STRUCTURE,PROGRESSION,VOLUME_EXPANSION|TRADING_VALUE_EXPANSION,IDENTIFIED,WINDOW_OBSERVED,0,0,1,True,0,0,True,INHERITED_RAW_PRICE_BASIS,True,False
2025-07-01|72730,2025-07-01,72730,10:00,13:50,170,COMPLETE,5,0,DOWN,-0.6954102920723226,AVAILABLE,13.0,True,DOWN_STRUCTURE,PROGRESSION,VOLUME_COMPRESSION|TRADING_VALUE_COMPRESSION,IDENTIFIED,WINDOW_OBSERVED,0,0,1,True,0,0,True,INHERITED_RAW_PRICE_BASIS,True,False
2025-07-01|72730,2025-07-01,72730,10:00,13:55,175,COMPLETE,5,0,DOWN,-0.42075736325385693,AVAILABLE,13.0,True,DOWN_STRUCTURE,PROGRESSION,VOLUME_EXPANSION|TRADING_VALUE_EXPANSION,IDENTIFIED,WINDOW_OBSERVED,0,0,1,True,0,0,True,INHERITED_RAW_PRICE_BASIS,True,False
2025-07-01|72730,2025-07-01,72730,10:00,14:00,180,COMPLETE,5,0,UNCHANGED,0.0,AVAILABLE,13.0,True,DOWN_STRUCTURE,PROGRESSION,RANGE_COMPRESSION,IDENTIFIED,WINDOW_OBSERVED,0,0,1,True,0,2,True,INHERITED_RAW_PRICE_BASIS,True,False
2025-07-01|72730,2025-07-01,72730,10:00,14:05,185,COMPLETE,5,0,DOWN,-0.14064697609001406,AVAILABLE,13.0,True,DOWN_STRUCTURE,PROGRESSION,RANGE_EXPANSION,IDENTIFIED,WINDOW_OBSERVED,0,0,1,True,0,2,True,INHERITED_RAW_PRICE_BASIS,True,False
2025-07-01|72730,2025-07-01,72730,10:00,14:10,190,COMPLETE,5,0,DOWN,-0.5633802816901409,AVAILABLE,13.0,True,DOWN_STRUCTURE,PROGRESSION,RANGE_EXPANSION|VOLUME_EXPANSION|TRADING_VALUE_EXPANSION,IDENTIFIED,WINDOW_OBSERVED,0,0,1,False,2,4,True,INHERITED_RAW_PRICE_BASIS,True,False
2025-07-01|72730,2025-07-01,72730,10:00,14:15,195,COMPLETE,5,0,UP,0.7082152974504249,AVAILABLE,13.0,True,DOWN_STRUCTURE,PROGRESSION,VOLUME_COMPRESSION|TRADING_VALUE_COMPRESSION,IDENTIFIED,WINDOW_OBSERVED,0,0,1,False,0,0,True,INHERITED_RAW_PRICE_BASIS,True,False
2025-07-01|72730,2025-07-01,72730,10:00,14:20,200,COMPLETE,5,0,UNCHANGED,0.0,AVAILABLE,13.0,True,DOWN_STRUCTURE,PROGRESSION,RANGE_COMPRESSION,IDENTIFIED,WINDOW_OBSERVED,0,0,1,True,0,0,True,INHERITED_RAW_PRICE_BASIS,True,False
2025-07-01|72730,2025-07-01,72730,10:00,14:25,205,COMPLETE,5,0,DOWN,-0.702247191011236,AVAILABLE,13.0,True,DOWN_STRUCTURE,PROGRESSION,VOLUME_COMPRESSION|TRADING_VALUE_COMPRESSION,IDENTIFIED,WINDOW_OBSERVED,0,0,1,True,0,0,True,INHERITED_RAW_PRICE_BASIS,True,False
2025-07-01|72730,2025-07-01,72730,10:00,14:30,210,COMPLETE,5,0,DOWN,-0.2824858757062147,AVAILABLE,13.0,True,DOWN_STRUCTURE,PROGRESSION,RANGE_COMPRESSION,IDENTIFIED,WINDOW_OBSERVED,0,0,1,True,0,0,True,INHERITED_RAW_PRICE_BASIS,True,False
2025-07-01|72730,2025-07-01,72730,10:00,14:35,215,COMPLETE,5,0,DOWN,-0.141643059490085,AVAILABLE,13.0,True,DOWN_STRUCTURE,PROGRESSION,RANGE_EXPANSION|VOLUME_EXPANSION|TRADING_VALUE_EXPANSION,IDENTIFIED,WINDOW_OBSERVED,0,0,1,True,0,2,True,INHERITED_RAW_PRICE_BASIS,True,False
2025-07-01|72730,2025-07-01,72730,10:00,14:40,220,COMPLETE,5,0,UP,0.14204545454545456,AVAILABLE,13.0,True,DOWN_STRUCTURE,PROGRESSION,VOLUME_COMPRESSION|TRADING_VALUE_COMPRESSION,IDENTIFIED,WINDOW_OBSERVED,0,0,1,True,0,1,True,INHERITED_RAW_PRICE_BASIS,True,False
2025-07-01|72730,2025-07-01,72730,10:00,14:45,225,COMPLETE,5,0,UNCHANGED,0.0,AVAILABLE,13.0,True,DOWN_STRUCTURE,PROGRESSION,RANGE_COMPRESSION|VOLUME_COMPRESSION|TRADING_VALUE_COMPRESSION,IDENTIFIED,WINDOW_OBSERVED,0,0,1,True,0,0,True,INHERITED_RAW_PRICE_BASIS,True,False
2025-07-01|72730,2025-07-01,72730,10:00,14:50,230,COMPLETE,5,0,UP,0.14184397163120568,AVAILABLE,13.0,True,DOWN_STRUCTURE,PROGRESSION,,IDENTIFIED,WINDOW_OBSERVED,0,0,1,True,0,0,True,INHERITED_RAW_PRICE_BASIS,True,False
2025-07-01|72730,2025-07-01,72730,10:00,14:55,235,COMPLETE,5,0,DOWN,-0.141643059490085,AVAILABLE,13.0,True,DOWN_STRUCTURE,PROGRESSION,,IDENTIFIED,OBSERVATION_INSUFFICIENT,1,0,1,True,0,0,True,INHERITED_RAW_PRICE_BASIS,True,False
2025-07-01|72730,2025-07-01,72730,10:00,15:00,240,COMPLETE,5,0,UNCHANGED,0.0,AVAILABLE,13.0,True,DOWN_STRUCTURE,PROGRESSION,VOLUME_EXPANSION|TRADING_VALUE_EXPANSION,IDENTIFIED,OBSERVATION_INSUFFICIENT,1,0,1,True,0,0,True,INHERITED_RAW_PRICE_BASIS,True,False
2025-07-01|72730,2025-07-01,72730,10:00,15:05,245,PARTIAL,4,1,,,AVAILABLE,13.0,True,,,,UNRESOLVED_STRUCTURE,WINDOW_OBSERVED,0,0,0,False,0,0,False,INHERITED_RAW_PRICE_BASIS,False,False
2025-07-01|72730,2025-07-01,72730,10:00,15:10,250,COMPLETE,5,0,DOWN,-0.42613636363636365,AVAILABLE,13.0,True,,,,UNRESOLVED_STRUCTURE,WINDOW_OBSERVED,0,0,0,False,1,1,False,INHERITED_RAW_PRICE_BASIS,False,False
2025-07-01|72730,2025-07-01,72730,10:00,15:15,255,COMPLETE,5,0,DOWN,-1.1396011396011396,AVAILABLE,13.0,True,,,RANGE_EXPANSION|VOLUME_EXPANSION|TRADING_VALUE_EXPANSION,UNRESOLVED_STRUCTURE,WINDOW_OBSERVED,0,0,0,False,0,1,False,INHERITED_RAW_PRICE_BASIS,True,False
2025-07-01|72730,2025-07-01,72730,10:00,15:20,260,COMPLETE,5,0,UP,0.5772005772005772,AVAILABLE,13.0,True,,,VOLUME_COMPRESSION|TRADING_VALUE_COMPRESSION,UNRESOLVED_STRUCTURE,RIGHT_CENSORED,0,0,0,False,1,0,False,INHERITED_RAW_PRICE_BASIS,True,False
2025-07-01|72730,2025-07-01,72730,10:00,15:25,265,COMPLETE,5,0,UP,0.4291845493562232,AVAILABLE,13.0,True,,,RANGE_COMPRESSION,UNRESOLVED_STRUCTURE,RIGHT_CENSORED,0,0,0,False,0,0,False,INHERITED_RAW_PRICE_BASIS,True,False
2025-07-01|76940,2025-07-01,76940,09:30,09:30,0,COMPLETE,5,0,DOWN,-1.8092105263157894,AVAILABLE,19.0,True,,,VOLUME_EXPANSION|TRADING_VALUE_EXPANSION,UNRESOLVED_STRUCTURE,WINDOW_OBSERVED,0,0,1,False,1,1,False,INHERITED_RAW_PRICE_BASIS,False,False
2025-07-01|76940,2025-07-01,76940,09:30,09:35,5,COMPLETE,5,0,UP,1.6750418760469012,AVAILABLE,19.0,True,,RECOVERY,VOLUME_COMPRESSION|TRADING_VALUE_COMPRESSION,UNRESOLVED_STRUCTURE,WINDOW_OBSERVED,0,1,2,False,0,0,True,INHERITED_RAW_PRICE_BASIS,True,True
2025-07-01|76940,2025-07-01,76940,09:30,09:40,10,COMPLETE,5,0,DOWN,-0.3284072249589491,AVAILABLE,19.0,True,,RECOVERY,RANGE_COMPRESSION|VOLUME_COMPRESSION|TRADING_VALUE_COMPRESSION,UNRESOLVED_STRUCTURE,WINDOW_OBSERVED,0,1,2,False,0,0,True,INHERITED_RAW_PRICE_BASIS,True,False
2025-07-01|76940,2025-07-01,76940,09:30,09:45,15,COMPLETE,5,0,DOWN,-0.32948929159802304,AVAILABLE,19.0,True,,RECOVERY,VOLUME_EXPANSION|TRADING_VALUE_EXPANSION,UNRESOLVED_STRUCTURE,OBSERVATION_INSUFFICIENT,1,0,2,False,0,0,True,INHERITED_RAW_PRICE_BASIS,True,False
2025-07-01|76940,2025-07-01,76940,09:30,09:50,20,COMPLETE,5,0,DOWN,-0.6578947368421053,AVAILABLE,19.0,True,,RECOVERY,VOLUME_COMPRESSION|TRADING_VALUE_COMPRESSION,UNRESOLVED_STRUCTURE,OBSERVATION_INSUFFICIENT,2,0,2,False,0,0,True,INHERITED_RAW_PRICE_BASIS,True,False
2025-07-01|76940,2025-07-01,76940,09:30,09:55,25,PARTIAL,4,1,,,AVAILABLE,19.0,True,,,,CURRENT_BAR_UNAVAILABLE,OBSERVATION_INSUFFICIENT,1,0,0,False,0,0,False,INHERITED_RAW_PRICE_BASIS,False,False
2025-07-01|76940,2025-07-01,76940,09:30,10:00,30,PARTIAL,4,1,,,AVAILABLE,19.0,True,,,,UNRESOLVED_STRUCTURE,WINDOW_OBSERVED,0,0,0,False,0,0,False,INHERITED_RAW_PRICE_BASIS,False,False
2025-07-01|76940,2025-07-01,76940,09:30,10:05,35,COMPLETE,5,0,DOWN,-2.9508196721311477,AVAILABLE,19.0,True,,,,UNRESOLVED_STRUCTURE,OBSERVATION_INSUFFICIENT,2,0,1,False,2,0,False,INHERITED_RAW_PRICE_BASIS,False,False
2025-07-01|76940,2025-07-01,76940,09:30,10:10,40,COMPLETE,5,0,DOWN,-0.5059021922428331,AVAILABLE,19.0,True,,,RANGE_COMPRESSION|VOLUME_COMPRESSION|TRADING_VALUE_COMPRESSION,UNRESOLVED_STRUCTURE,OBSERVATION_INSUFFICIENT,2,0,1,False,2,1,False,INHERITED_RAW_PRICE_BASIS,True,False
2025-07-01|76940,2025-07-01,76940,09:30,10:15,45,PARTIAL,3,2,,,AVAILABLE,19.0,True,,,,CURRENT_BAR_UNAVAILABLE,WINDOW_OBSERVED,0,0,0,False,2,2,False,INHERITED_RAW_PRICE_BASIS,False,False
2025-07-01|76940,2025-07-01,76940,09:30,10:20,50,COMPLETE,5,0,UP,0.6791171477079796,AVAILABLE,19.0,True,,,,UNRESOLVED_STRUCTURE,WINDOW_OBSERVED,0,1,1,False,0,0,False,INHERITED_RAW_PRICE_BASIS,False,False
2025-07-01|76940,2025-07-01,76940,09:30,10:25,55,COMPLETE,5,0,UNCHANGED,0.0,AVAILABLE,19.0,True,,,RANGE_COMPRESSION,UNRESOLVED_STRUCTURE,WINDOW_OBSERVED,0,1,1,False,0,0,False,INHERITED_RAW_PRICE_BASIS,True,False
2025-07-01|76940,2025-07-01,76940,09:30,10:30,60,COMPLETE,5,0,UP,2.861952861952862,AVAILABLE,19.0,True,,,RANGE_EXPANSION|VOLUME_EXPANSION|TRADING_VALUE_EXPANSION,UNRESOLVED_STRUCTURE,WINDOW_OBSERVED,0,0,1,False,0,0,False,INHERITED_RAW_PRICE_BASIS,True,False
2025-07-01|76940,2025-07-01,76940,09:30,10:35,65,COMPLETE,5,0,DOWN,-0.9787928221859706,AVAILABLE,19.0,True,,,RANGE_EXPANSION|VOLUME_EXPANSION|TRADING_VALUE_EXPANSION,UNRESOLVED_STRUCTURE,WINDOW_OBSERVED,0,0,2,False,3,0,False,INHERITED_RAW_PRICE_BASIS,True,False
2025-07-01|76940,2025-07-01,76940,09:30,10:40,70,COMPLETE,5,0,DOWN,-0.4942339373970346,AVAILABLE,19.0,True,,,RANGE_COMPRESSION|VOLUME_COMPRESSION|TRADING_VALUE_COMPRESSION,UNRESOLVED_STRUCTURE,WINDOW_OBSERVED,0,0,2,False,0,0,False,INHERITED_RAW_PRICE_BASIS,True,False
2025-07-01|76940,2025-07-01,76940,09:30,10:45,75,COMPLETE,5,0,UP,1.8211920529801324,AVAILABLE,19.0,True,,,VOLUME_COMPRESSION|TRADING_VALUE_COMPRESSION,UNRESOLVED_STRUCTURE,OBSERVATION_INSUFFICIENT,2,0,2,False,0,0,False,INHERITED_RAW_PRICE_BASIS,True,False
2025-07-01|76940,2025-07-01,76940,09:30,10:50,80,COMPLETE,5,0,DOWN,-0.6504065040650406,AVAILABLE,19.0,True,,,VOLUME_COMPRESSION|TRADING_VALUE_COMPRESSION,UNRESOLVED_STRUCTURE,OBSERVATION_INSUFFICIENT,4,0,2,False,0,0,False,INHERITED_RAW_PRICE_BASIS,True,False
2025-07-01|76940,2025-07-01,76940,09:30,10:55,85,PARTIAL,3,2,,,AVAILABLE,19.0,True,,,,UNRESOLVED_STRUCTURE,OBSERVATION_INSUFFICIENT,2,0,0,False,0,0,False,INHERITED_RAW_PRICE_BASIS,False,False
2025-07-01|76940,2025-07-01,76940,09:30,11:00,90,PARTIAL,3,2,,,AVAILABLE,19.0,True,,,,UNRESOLVED_STRUCTURE,WINDOW_OBSERVED,0,0,0,False,0,0,False,INHERITED_RAW_PRICE_BASIS,False,False
2025-07-01|76940,2025-07-01,76940,09:30,11:05,95,COMPLETE,5,0,DOWN,-0.6644518272425249,AVAILABLE,19.0,True,,,,UNRESOLVED_STRUCTURE,OBSERVATION_INSUFFICIENT,3,0,0,False,0,0,False,INHERITED_RAW_PRICE_BASIS,False,False
2025-07-01|76940,2025-07-01,76940,09:30,11:10,100,COMPLETE,5,0,UP,1.340033500837521,AVAILABLE,19.0,True,,,,UNRESOLVED_STRUCTURE,OBSERVATION_INSUFFICIENT,4,0,0,False,0,0,False,INHERITED_RAW_PRICE_BASIS,True,False
2025-07-01|76940,2025-07-01,76940,09:30,11:15,105,PARTIAL,2,3,,,AVAILABLE,19.0,True,,,,CURRENT_BAR_UNAVAILABLE,OBSERVATION_INSUFFICIENT,3,0,0,False,0,0,False,INHERITED_RAW_PRICE_BASIS,False,False
2025-07-01|76940,2025-07-01,76940,09:30,11:20,110,PARTIAL,4,1,,,AVAILABLE,19.0,True,,,,UNRESOLVED_STRUCTURE,OBSERVATION_INSUFFICIENT,3,0,0,False,0,0,False,INHERITED_RAW_PRICE_BASIS,False,False
2025-07-01|76940,2025-07-01,76940,09:30,11:25,115,PARTIAL,3,2,,,AVAILABLE,19.0,True,,,,CURRENT_BAR_UNAVAILABLE,OBSERVATION_INSUFFICIENT,1,0,0,False,0,0,False,INHERITED_RAW_PRICE_BASIS,False,False
2025-07-01|76940,2025-07-01,76940,09:30,11:30,120,PARTIAL,4,1,,,AVAILABLE,19.0,True,,,,UNRESOLVED_STRUCTURE,OBSERVATION_INSUFFICIENT,3,0,0,False,0,0,False,INHERITED_RAW_PRICE_BASIS,False,False
2025-07-01|76940,2025-07-01,76940,09:30,12:35,125,COMPLETE,5,0,UP,0.6655574043261231,AVAILABLE,19.0,True,,,,UNRESOLVED_STRUCTURE,OBSERVATION_INSUFFICIENT,5,0,0,False,0,0,False,INHERITED_RAW_PRICE_BASIS,False,False
2025-07-01|76940,2025-07-01,76940,09:30,12:40,130,PARTIAL,2,3,,,AVAILABLE,19.0,True,,,,CURRENT_BAR_UNAVAILABLE,OBSERVATION_INSUFFICIENT,4,0,0,False,0,0,False,INHERITED_RAW_PRICE_BASIS,False,False
2025-07-01|76940,2025-07-01,76940,09:30,12:45,135,PARTIAL,3,2,,,AVAILABLE,19.0,True,,,,CURRENT_BAR_UNAVAILABLE,OBSERVATION_INSUFFICIENT,4,0,0,False,0,0,False,INHERITED_RAW_PRICE_BASIS,False,False
2025-07-01|76940,2025-07-01,76940,09:30,12:50,140,PARTIAL,3,2,,,AVAILABLE,19.0,True,,,,UNRESOLVED_STRUCTURE,OBSERVATION_INSUFFICIENT,3,0,0,False,0,0,False,INHERITED_RAW_PRICE_BASIS,False,False
2025-07-01|76940,2025-07-01,76940,09:30,12:55,145,PARTIAL,3,2,,,AVAILABLE,19.0,True,,,,UNRESOLVED_STRUCTURE,OBSERVATION_INSUFFICIENT,1,0,0,False,0,0,False,INHERITED_RAW_PRICE_BASIS,False,False
2025-07-01|76940,2025-07-01,76940,09:30,13:00,150,PARTIAL,4,1,,,AVAILABLE,19.0,True,,,,UNRESOLVED_STRUCTURE,OBSERVATION_INSUFFICIENT,3,0,0,False,0,0,False,INHERITED_RAW_PRICE_BASIS,False,False
2025-07-01|76940,2025-07-01,76940,09:30,13:05,155,COMPLETE,5,0,UNCHANGED,0.0,AVAILABLE,19.0,True,,,,UNRESOLVED_STRUCTURE,OBSERVATION_INSUFFICIENT,4,0,0,False,0,0,False,INHERITED_RAW_PRICE_BASIS,False,False
2025-07-01|76940,2025-07-01,76940,09:30,13:10,160,PARTIAL,2,3,,,AVAILABLE,19.0,True,,,,CURRENT_BAR_UNAVAILABLE,OBSERVATION_INSUFFICIENT,2,0,0,False,0,0,False,INHERITED_RAW_PRICE_BASIS,False,False
2025-07-01|76940,2025-07-01,76940,09:30,13:15,165,PARTIAL,4,1,,,AVAILABLE,19.0,True,,,,UNRESOLVED_STRUCTURE,OBSERVATION_INSUFFICIENT,1,0,0,False,0,0,False,INHERITED_RAW_PRICE_BASIS,False,False
2025-07-01|76940,2025-07-01,76940,09:30,13:20,170,PARTIAL,4,1,,,AVAILABLE,19.0,True,,,,UNRESOLVED_STRUCTURE,WINDOW_OBSERVED,0,1,1,False,0,0,False,INHERITED_RAW_PRICE_BASIS,False,False
2025-07-01|76940,2025-07-01,76940,09:30,13:25,175,COMPLETE,5,0,DOWN,-1.174496644295302,AVAILABLE,19.0,True,,,,UNRESOLVED_STRUCTURE,WINDOW_OBSERVED,0,1,1,False,0,0,False,INHERITED_RAW_PRICE_BASIS,False,False
2025-07-01|76940,2025-07-01,76940,09:30,13:30,180,COMPLETE,5,0,DOWN,-2.2033898305084745,AVAILABLE,19.0,True,,,RANGE_EXPANSION|VOLUME_EXPANSION|TRADING_VALUE_EXPANSION,UNRESOLVED_STRUCTURE,OBSERVATION_INSUFFICIENT,1,0,1,False,1,1,False,INHERITED_RAW_PRICE_BASIS,True,False
2025-07-01|76940,2025-07-01,76940,09:30,13:35,185,COMPLETE,5,0,DOWN,-0.5190311418685121,AVAILABLE,19.0,True,,,RANGE_COMPRESSION|VOLUME_COMPRESSION|TRADING_VALUE_COMPRESSION,UNRESOLVED_STRUCTURE,OBSERVATION_INSUFFICIENT,2,0,1,False,1,2,False,INHERITED_RAW_PRICE_BASIS,True,False
2025-07-01|76940,2025-07-01,76940,09:30,13:40,190,PARTIAL,4,1,,,AVAILABLE,19.0,True,,,,CURRENT_BAR_UNAVAILABLE,OBSERVATION_INSUFFICIENT,1,0,0,False,0,0,False,INHERITED_RAW_PRICE_BASIS,False,False
2025-07-01|76940,2025-07-01,76940,09:30,13:45,195,PARTIAL,4,1,,,AVAILABLE,19.0,True,,,,CURRENT_BAR_UNAVAILABLE,WINDOW_OBSERVED,0,0,0,False,0,0,False,INHERITED_RAW_PRICE_BASIS,False,False
2025-07-01|76940,2025-07-01,76940,09:30,13:50,200,COMPLETE,5,0,DOWN,-0.5199306759098787,AVAILABLE,19.0,True,,,,UNRESOLVED_STRUCTURE,OBSERVATION_INSUFFICIENT,2,0,0,False,0,0,False,INHERITED_RAW_PRICE_BASIS,False,False
2025-07-01|76940,2025-07-01,76940,09:30,13:55,205,COMPLETE,5,0,UP,0.17421602787456447,AVAILABLE,19.0,True,,,RANGE_COMPRESSION|VOLUME_COMPRESSION|TRADING_VALUE_COMPRESSION,UNRESOLVED_STRUCTURE,OBSERVATION_INSUFFICIENT,3,0,0,False,0,0,False,INHERITED_RAW_PRICE_BASIS,True,False
2025-07-01|76940,2025-07-01,76940,09:30,14:00,210,PARTIAL,3,2,,,AVAILABLE,19.0,True,,,,UNRESOLVED_STRUCTURE,OBSERVATION_INSUFFICIENT,2,0,0,False,1,0,False,INHERITED_RAW_PRICE_BASIS,False,False
2025-07-01|76940,2025-07-01,76940,09:30,14:05,215,PARTIAL,4,1,,,AVAILABLE,19.0,True,,,,UNRESOLVED_STRUCTURE,OBSERVATION_INSUFFICIENT,2,0,0,False,0,0,False,INHERITED_RAW_PRICE_BASIS,False,False
2025-07-01|76940,2025-07-01,76940,09:30,14:10,220,PARTIAL,4,1,,,AVAILABLE,19.0,True,,,,CURRENT_BAR_UNAVAILABLE,OBSERVATION_INSUFFICIENT,1,0,0,False,0,0,False,INHERITED_RAW_PRICE_BASIS,False,False
2025-07-01|76940,2025-07-01,76940,09:30,14:15,225,PARTIAL,4,1,,,AVAILABLE,19.0,True,,,,UNRESOLVED_STRUCTURE,WINDOW_OBSERVED,0,0,0,False,1,2,False,INHERITED_RAW_PRICE_BASIS,False,False
2025-07-01|76940,2025-07-01,76940,09:30,14:20,230,COMPLETE,5,0,DOWN,-0.7067137809187279,AVAILABLE,19.0,True,,,,UNRESOLVED_STRUCTURE,WINDOW_OBSERVED,0,0,0,False,0,2,False,INHERITED_RAW_PRICE_BASIS,False,False
2025-07-01|76940,2025-07-01,76940,09:30,14:25,235,COMPLETE,5,0,UP,0.5338078291814946,AVAILABLE,19.0,True,,,RANGE_EXPANSION,UNRESOLVED_STRUCTURE,WINDOW_OBSERVED,0,0,0,False,1,3,False,INHERITED_RAW_PRICE_BASIS,True,False
2025-07-01|76940,2025-07-01,76940,09:30,14:30,240,COMPLETE,5,0,UP,0.35398230088495575,AVAILABLE,19.0,True,,,,UNRESOLVED_STRUCTURE,OBSERVATION_INSUFFICIENT,2,0,0,False,0,0,False,INHERITED_RAW_PRICE_BASIS,True,False
2025-07-01|76940,2025-07-01,76940,09:30,14:35,245,COMPLETE,5,0,UP,0.7092198581560284,AVAILABLE,19.0,True,,,,UNRESOLVED_STRUCTURE,OBSERVATION_INSUFFICIENT,4,0,0,False,0,0,False,INHERITED_RAW_PRICE_BASIS,True,False
2025-07-01|76940,2025-07-01,76940,09:30,14:40,250,PARTIAL,3,2,,,AVAILABLE,19.0,True,,,,CURRENT_BAR_UNAVAILABLE,OBSERVATION_INSUFFICIENT,3,0,0,False,0,0,False,INHERITED_RAW_PRICE_BASIS,False,False
2025-07-01|76940,2025-07-01,76940,09:30,14:45,255,PARTIAL,3,2,,,AVAILABLE,19.0,True,,,,UNRESOLVED_STRUCTURE,OBSERVATION_INSUFFICIENT,4,0,0,False,0,0,False,INHERITED_RAW_PRICE_BASIS,False,False
2025-07-01|76940,2025-07-01,76940,09:30,14:50,260,PARTIAL,4,1,,,AVAILABLE,19.0,True,,,,UNRESOLVED_STRUCTURE,OBSERVATION_INSUFFICIENT,5,0,0,False,0,0,False,INHERITED_RAW_PRICE_BASIS,False,False
2025-07-01|76940,2025-07-01,76940,09:30,14:55,265,PARTIAL,2,3,,,AVAILABLE,19.0,True,,,,UNRESOLVED_STRUCTURE,OBSERVATION_INSUFFICIENT,2,0,0,False,0,0,False,INHERITED_RAW_PRICE_BASIS,False,False
2025-07-01|76940,2025-07-01,76940,09:30,15:00,270,PARTIAL,3,2,,,AVAILABLE,19.0,True,,,,UNRESOLVED_STRUCTURE,OBSERVATION_INSUFFICIENT,1,0,0,False,0,0,False,INHERITED_RAW_PRICE_BASIS,False,False
2025-07-01|76940,2025-07-01,76940,09:30,15:05,275,COMPLETE,5,0,UP,0.176056338028169,AVAILABLE,19.0,True,,,,UNRESOLVED_STRUCTURE,OBSERVATION_INSUFFICIENT,2,0,0,False,0,0,False,INHERITED_RAW_PRICE_BASIS,False,False
2025-07-01|76940,2025-07-01,76940,09:30,15:10,280,PARTIAL,4,1,,,AVAILABLE,19.0,True,,,,UNRESOLVED_STRUCTURE,OBSERVATION_INSUFFICIENT,3,0,0,False,0,0,False,INHERITED_RAW_PRICE_BASIS,False,False
2025-07-01|76940,2025-07-01,76940,09:30,15:15,285,PARTIAL,4,1,,,AVAILABLE,19.0,True,,,,UNRESOLVED_STRUCTURE,OBSERVATION_INSUFFICIENT,3,0,0,False,0,0,False,INHERITED_RAW_PRICE_BASIS,False,False
2025-07-01|76940,2025-07-01,76940,09:30,15:20,290,PARTIAL,3,2,,,AVAILABLE,19.0,True,,,,CURRENT_BAR_UNAVAILABLE,RIGHT_CENSORED,1,0,0,False,0,0,False,INHERITED_RAW_PRICE_BASIS,False,False
2025-07-01|76940,2025-07-01,76940,09:30,15:25,295,PARTIAL,4,1,,,AVAILABLE,19.0,True,,,,UNRESOLVED_STRUCTURE,RIGHT_CENSORED,0,0,0,False,0,0,False,INHERITED_RAW_PRICE_BASIS,False,False
2025-07-01|82090,2025-07-01,82090,10:00,10:00,0,COMPLETE,5,0,DOWN,-1.937046004842615,SCALE_INSUFFICIENT,,True,,,,SCALE_UNAVAILABLE,OBSERVATION_INSUFFICIENT,1,0,0,False,0,0,False,INHERITED_RAW_PRICE_BASIS,False,False
2025-07-01|82090,2025-07-01,82090,10:00,10:05,5,COMPLETE,5,0,DOWN,-0.49382716049382713,SCALE_INSUFFICIENT,,True,,,RANGE_COMPRESSION,SCALE_UNAVAILABLE,OBSERVATION_INSUFFICIENT,2,0,0,False,0,0,False,INHERITED_RAW_PRICE_BASIS,True,False
2025-07-01|82090,2025-07-01,82090,10:00,10:10,10,PARTIAL,4,1,,,SCALE_INSUFFICIENT,,True,,,,CURRENT_BAR_UNAVAILABLE,OBSERVATION_INSUFFICIENT,2,0,0,False,0,0,False,INHERITED_RAW_PRICE_BASIS,False,False
2025-07-01|82090,2025-07-01,82090,10:00,10:15,15,PARTIAL,4,1,,,SCALE_INSUFFICIENT,,True,,,,SCALE_UNAVAILABLE,OBSERVATION_INSUFFICIENT,3,0,0,False,2,1,False,INHERITED_RAW_PRICE_BASIS,False,False
2025-07-01|82090,2025-07-01,82090,10:00,10:20,20,PARTIAL,4,1,,,SCALE_INSUFFICIENT,,True,,,,SCALE_UNAVAILABLE,OBSERVATION_INSUFFICIENT,2,0,0,False,0,0,False,INHERITED_RAW_PRICE_BASIS,False,False
2025-07-01|82090,2025-07-01,82090,10:00,10:25,25,PARTIAL,3,2,,,SCALE_INSUFFICIENT,,True,,,,SCALE_UNAVAILABLE,OBSERVATION_INSUFFICIENT,2,0,0,False,0,0,False,INHERITED_RAW_PRICE_BASIS,False,False
2025-07-01|82090,2025-07-01,82090,10:00,10:30,30,COMPLETE,5,0,DOWN,-0.24691358024691357,SCALE_INSUFFICIENT,,True,,,,SCALE_UNAVAILABLE,OBSERVATION_INSUFFICIENT,4,0,0,False,0,0,False,INHERITED_RAW_PRICE_BASIS,False,False
2025-07-01|82090,2025-07-01,82090,10:00,10:35,35,PARTIAL,3,2,,,SCALE_INSUFFICIENT,,True,,,,CURRENT_BAR_UNAVAILABLE,OBSERVATION_INSUFFICIENT,2,0,0,False,0,0,False,INHERITED_RAW_PRICE_BASIS,False,False
2025-07-01|82090,2025-07-01,82090,10:00,10:40,40,PARTIAL,3,2,,,SCALE_INSUFFICIENT,,True,,,,SCALE_UNAVAILABLE,WINDOW_OBSERVED,0,0,0,False,0,0,False,INHERITED_RAW_PRICE_BASIS,False,False
2025-07-01|82090,2025-07-01,82090,10:00,10:45,45,COMPLETE,5,0,UP,0.48661800486618007,SCALE_INSUFFICIENT,,True,,,,SCALE_UNAVAILABLE,WINDOW_OBSERVED,0,0,0,False,0,0,False,INHERITED_RAW_PRICE_BASIS,False,False
2025-07-01|82090,2025-07-01,82090,10:00,10:50,50,COMPLETE,5,0,UP,0.24330900243309003,SCALE_INSUFFICIENT,,True,,,VOLUME_COMPRESSION|TRADING_VALUE_COMPRESSION,SCALE_UNAVAILABLE,OBSERVATION_INSUFFICIENT,3,0,0,False,0,0,False,INHERITED_RAW_PRICE_BASIS,True,False
2025-07-01|82090,2025-07-01,82090,10:00,10:55,55,COMPLETE,5,0,DOWN,-0.970873786407767,SCALE_INSUFFICIENT,,True,,,RANGE_COMPRESSION|VOLUME_COMPRESSION|TRADING_VALUE_COMPRESSION,SCALE_UNAVAILABLE,OBSERVATION_INSUFFICIENT,5,0,0,False,0,0,False,INHERITED_RAW_PRICE_BASIS,True,False
2025-07-01|82090,2025-07-01,82090,10:00,11:00,60,PARTIAL,2,3,,,SCALE_INSUFFICIENT,,True,,,,CURRENT_BAR_UNAVAILABLE,OBSERVATION_INSUFFICIENT,5,0,0,False,0,0,False,INHERITED_RAW_PRICE_BASIS,False,False
2025-07-01|82090,2025-07-01,82090,10:00,11:05,65,PARTIAL,3,2,,,SCALE_INSUFFICIENT,,True,,,,CURRENT_BAR_UNAVAILABLE,OBSERVATION_INSUFFICIENT,7,0,0,False,0,0,False,INHERITED_RAW_PRICE_BASIS,False,False
2025-07-01|82090,2025-07-01,82090,10:00,11:10,70,PARTIAL,2,3,,,SCALE_INSUFFICIENT,,True,,,,SCALE_UNAVAILABLE,OBSERVATION_INSUFFICIENT,5,0,0,False,0,0,False,INHERITED_RAW_PRICE_BASIS,False,False
2025-07-01|82090,2025-07-01,82090,10:00,11:15,75,PARTIAL,1,4,,,SCALE_INSUFFICIENT,,True,,,,SCALE_UNAVAILABLE,OBSERVATION_INSUFFICIENT,4,0,0,False,0,0,False,INHERITED_RAW_PRICE_BASIS,False,False
2025-07-01|82090,2025-07-01,82090,10:00,11:20,80,PARTIAL,4,1,,,SCALE_INSUFFICIENT,,True,,,,SCALE_UNAVAILABLE,OBSERVATION_INSUFFICIENT,6,0,0,False,0,0,False,INHERITED_RAW_PRICE_BASIS,False,False
2025-07-01|82090,2025-07-01,82090,10:00,11:25,85,PARTIAL,2,3,,,SCALE_INSUFFICIENT,,True,,,,CURRENT_BAR_UNAVAILABLE,OBSERVATION_INSUFFICIENT,5,0,0,False,0,0,False,INHERITED_RAW_PRICE_BASIS,False,False
2025-07-01|82090,2025-07-01,82090,10:00,11:30,90,PARTIAL,2,3,,,SCALE_INSUFFICIENT,,True,,,,CURRENT_BAR_UNAVAILABLE,OBSERVATION_INSUFFICIENT,3,0,0,False,0,0,False,INHERITED_RAW_PRICE_BASIS,False,False
2025-07-01|82090,2025-07-01,82090,10:00,12:35,95,PARTIAL,3,2,,,SCALE_INSUFFICIENT,,True,,,,CURRENT_BAR_UNAVAILABLE,OBSERVATION_INSUFFICIENT,1,0,0,False,0,0,False,INHERITED_RAW_PRICE_BASIS,False,False
2025-07-01|82090,2025-07-01,82090,10:00,12:40,100,PARTIAL,4,1,,,SCALE_INSUFFICIENT,,True,,,,SCALE_UNAVAILABLE,OBSERVATION_INSUFFICIENT,2,0,0,False,0,0,False,INHERITED_RAW_PRICE_BASIS,False,False
2025-07-01|82090,2025-07-01,82090,10:00,12:45,105,COMPLETE,5,0,DOWN,-1.0050251256281406,SCALE_INSUFFICIENT,,True,,,,SCALE_UNAVAILABLE,OBSERVATION_INSUFFICIENT,4,0,0,False,0,0,False,INHERITED_RAW_PRICE_BASIS,False,False
2025-07-01|82090,2025-07-01,82090,10:00,12:50,110,PARTIAL,3,2,,,SCALE_INSUFFICIENT,,True,,,,SCALE_UNAVAILABLE,OBSERVATION_INSUFFICIENT,5,0,0,False,0,1,False,INHERITED_RAW_PRICE_BASIS,False,False
2025-07-01|82090,2025-07-01,82090,10:00,12:55,115,PARTIAL,3,2,,,SCALE_INSUFFICIENT,,True,,,,SCALE_UNAVAILABLE,OBSERVATION_INSUFFICIENT,8,0,0,False,0,0,False,INHERITED_RAW_PRICE_BASIS,False,False
2025-07-01|82090,2025-07-01,82090,10:00,13:00,120,PARTIAL,2,3,,,SCALE_INSUFFICIENT,,True,,,,SCALE_UNAVAILABLE,OBSERVATION_INSUFFICIENT,7,0,0,False,0,0,False,INHERITED_RAW_PRICE_BASIS,False,False
2025-07-01|82090,2025-07-01,82090,10:00,13:05,125,UNAVAILABLE,0,5,,,SCALE_INSUFFICIENT,,True,,,,CURRENT_BAR_UNAVAILABLE,OBSERVATION_INSUFFICIENT,7,0,0,False,0,0,False,INHERITED_RAW_PRICE_BASIS,False,False
2025-07-01|82090,2025-07-01,82090,10:00,13:10,130,PARTIAL,3,2,,,SCALE_INSUFFICIENT,,True,,,,SCALE_UNAVAILABLE,OBSERVATION_INSUFFICIENT,10,0,0,False,0,0,False,INHERITED_RAW_PRICE_BASIS,False,False
2025-07-01|82090,2025-07-01,82090,10:00,13:15,135,UNAVAILABLE,0,5,,,SCALE_INSUFFICIENT,,True,,,,CURRENT_BAR_UNAVAILABLE,OBSERVATION_INSUFFICIENT,9,0,0,False,0,0,False,INHERITED_RAW_PRICE_BASIS,False,False
2025-07-01|82090,2025-07-01,82090,10:00,13:20,140,UNAVAILABLE,0,5,,,SCALE_INSUFFICIENT,,True,,,,CURRENT_BAR_UNAVAILABLE,OBSERVATION_INSUFFICIENT,8,0,0,False,0,0,False,INHERITED_RAW_PRICE_BASIS,False,False
2025-07-01|82090,2025-07-01,82090,10:00,13:25,145,PARTIAL,1,4,,,SCALE_INSUFFICIENT,,True,,,,SCALE_UNAVAILABLE,OBSERVATION_INSUFFICIENT,9,0,0,False,0,0,False,INHERITED_RAW_PRICE_BASIS,False,False
2025-07-01|82090,2025-07-01,82090,10:00,13:30,150,PARTIAL,1,4,,,SCALE_INSUFFICIENT,,True,,,,CURRENT_BAR_UNAVAILABLE,OBSERVATION_INSUFFICIENT,10,0,0,False,0,0,False,INHERITED_RAW_PRICE_BASIS,False,False
2025-07-01|82090,2025-07-01,82090,10:00,13:35,155,UNAVAILABLE,0,5,,,SCALE_INSUFFICIENT,,True,,,,CURRENT_BAR_UNAVAILABLE,OBSERVATION_INSUFFICIENT,10,0,0,False,0,0,False,INHERITED_RAW_PRICE_BASIS,False,False
2025-07-01|82090,2025-07-01,82090,10:00,13:40,160,UNAVAILABLE,0,5,,,SCALE_INSUFFICIENT,,True,,,,CURRENT_BAR_UNAVAILABLE,OBSERVATION_INSUFFICIENT,9,0,0,False,0,0,False,INHERITED_RAW_PRICE_BASIS,False,False
2025-07-01|82090,2025-07-01,82090,10:00,13:45,165,UNAVAILABLE,0,5,,,SCALE_INSUFFICIENT,,True,,,,CURRENT_BAR_UNAVAILABLE,OBSERVATION_INSUFFICIENT,9,0,0,False,0,0,False,INHERITED_RAW_PRICE_BASIS,False,False
2025-07-01|82090,2025-07-01,82090,10:00,13:50,170,PARTIAL,1,4,,,SCALE_INSUFFICIENT,,True,,,,SCALE_UNAVAILABLE,OBSERVATION_INSUFFICIENT,10,0,0,False,0,0,False,INHERITED_RAW_PRICE_BASIS,False,False
2025-07-01|82090,2025-07-01,82090,10:00,13:55,175,UNAVAILABLE,0,5,,,SCALE_INSUFFICIENT,,True,,,,CURRENT_BAR_UNAVAILABLE,OBSERVATION_INSUFFICIENT,9,0,0,False,0,0,False,INHERITED_RAW_PRICE_BASIS,False,False
2025-07-01|82090,2025-07-01,82090,10:00,14:00,180,UNAVAILABLE,0,5,,,SCALE_INSUFFICIENT,,True,,,,CURRENT_BAR_UNAVAILABLE,OBSERVATION_INSUFFICIENT,7,0,0,False,0,0,False,INHERITED_RAW_PRICE_BASIS,False,False
2025-07-01|82090,2025-07-01,82090,10:00,14:05,185,PARTIAL,1,4,,,SCALE_INSUFFICIENT,,True,,,,SCALE_UNAVAILABLE,OBSERVATION_INSUFFICIENT,8,0,0,False,0,0,False,INHERITED_RAW_PRICE_BASIS,False,False
2025-07-01|82090,2025-07-01,82090,10:00,14:10,190,PARTIAL,2,3,,,SCALE_INSUFFICIENT,,True,,,,CURRENT_BAR_UNAVAILABLE,OBSERVATION_INSUFFICIENT,9,0,0,False,0,0,False,INHERITED_RAW_PRICE_BASIS,False,False
2025-07-01|82090,2025-07-01,82090,10:00,14:15,195,UNAVAILABLE,0,5,,,SCALE_INSUFFICIENT,,True,,,,CURRENT_BAR_UNAVAILABLE,OBSERVATION_INSUFFICIENT,8,0,0,False,0,0,False,INHERITED_RAW_PRICE_BASIS,False,False
2025-07-01|82090,2025-07-01,82090,10:00,14:20,200,PARTIAL,1,4,,,SCALE_INSUFFICIENT,,True,,,,CURRENT_BAR_UNAVAILABLE,OBSERVATION_INSUFFICIENT,7,0,0,False,0,0,False,INHERITED_RAW_PRICE_BASIS,False,False
2025-07-01|82090,2025-07-01,82090,10:00,14:25,205,PARTIAL,1,4,,,SCALE_INSUFFICIENT,,True,,,,SCALE_UNAVAILABLE,OBSERVATION_INSUFFICIENT,8,0,0,False,0,0,False,INHERITED_RAW_PRICE_BASIS,False,False
2025-07-01|82090,2025-07-01,82090,10:00,14:30,210,PARTIAL,2,3,,,SCALE_INSUFFICIENT,,True,,,,CURRENT_BAR_UNAVAILABLE,OBSERVATION_INSUFFICIENT,8,0,0,False,0,0,False,INHERITED_RAW_PRICE_BASIS,False,False
2025-07-01|82090,2025-07-01,82090,10:00,14:35,215,UNAVAILABLE,0,5,,,SCALE_INSUFFICIENT,,True,,,,CURRENT_BAR_UNAVAILABLE,OBSERVATION_INSUFFICIENT,7,0,0,False,0,0,False,INHERITED_RAW_PRICE_BASIS,False,False
2025-07-01|82090,2025-07-01,82090,10:00,14:40,220,PARTIAL,2,3,,,SCALE_INSUFFICIENT,,True,,,,CURRENT_BAR_UNAVAILABLE,OBSERVATION_INSUFFICIENT,8,0,0,False,0,0,False,INHERITED_RAW_PRICE_BASIS,False,False
2025-07-01|82090,2025-07-01,82090,10:00,14:45,225,PARTIAL,1,4,,,SCALE_INSUFFICIENT,,True,,,,SCALE_UNAVAILABLE,OBSERVATION_INSUFFICIENT,9,0,0,False,0,0,False,INHERITED_RAW_PRICE_BASIS,False,False
2025-07-01|82090,2025-07-01,82090,10:00,14:50,230,PARTIAL,1,4,,,SCALE_INSUFFICIENT,,True,,,,CURRENT_BAR_UNAVAILABLE,OBSERVATION_INSUFFICIENT,8,0,0,False,0,0,False,INHERITED_RAW_PRICE_BASIS,False,False
2025-07-01|82090,2025-07-01,82090,10:00,14:55,235,UNAVAILABLE,0,5,,,SCALE_INSUFFICIENT,,True,,,,CURRENT_BAR_UNAVAILABLE,OBSERVATION_INSUFFICIENT,5,0,0,False,0,0,False,INHERITED_RAW_PRICE_BASIS,False,False
2025-07-01|82090,2025-07-01,82090,10:00,15:00,240,PARTIAL,2,3,,,SCALE_INSUFFICIENT,,True,,,,CURRENT_BAR_UNAVAILABLE,OBSERVATION_INSUFFICIENT,5,0,0,False,0,0,False,INHERITED_RAW_PRICE_BASIS,False,False
2025-07-01|82090,2025-07-01,82090,10:00,15:05,245,PARTIAL,3,2,,,SCALE_INSUFFICIENT,,True,,,,CURRENT_BAR_UNAVAILABLE,OBSERVATION_INSUFFICIENT,4,0,0,False,0,0,False,INHERITED_RAW_PRICE_BASIS,False,False
2025-07-01|82090,2025-07-01,82090,10:00,15:10,250,PARTIAL,2,3,,,SCALE_INSUFFICIENT,,True,,,,CURRENT_BAR_UNAVAILABLE,OBSERVATION_INSUFFICIENT,4,0,0,False,0,0,False,INHERITED_RAW_PRICE_BASIS,False,False
2025-07-01|82090,2025-07-01,82090,10:00,15:15,255,PARTIAL,4,1,,,SCALE_INSUFFICIENT,,True,,,,SCALE_UNAVAILABLE,OBSERVATION_INSUFFICIENT,5,0,0,False,0,0,False,INHERITED_RAW_PRICE_BASIS,False,False
2025-07-01|82090,2025-07-01,82090,10:00,15:20,260,PARTIAL,2,3,,,SCALE_INSUFFICIENT,,True,,,,SCALE_UNAVAILABLE,RIGHT_CENSORED,2,0,0,False,0,0,False,INHERITED_RAW_PRICE_BASIS,False,False
2025-07-01|82090,2025-07-01,82090,10:00,15:25,265,PARTIAL,3,2,,,SCALE_INSUFFICIENT,,True,,,,SCALE_UNAVAILABLE,RIGHT_CENSORED,0,0,0,False,0,0,False,INHERITED_RAW_PRICE_BASIS,False,False
2025-07-01|98780,2025-07-01,98780,10:30,10:30,0,PARTIAL,4,1,,,AVAILABLE,17.0,True,,,,CURRENT_BAR_UNAVAILABLE,OBSERVATION_INSUFFICIENT,1,0,0,False,1,1,False,INHERITED_RAW_PRICE_BASIS,False,False
2025-07-01|98780,2025-07-01,98780,10:30,10:35,5,PARTIAL,4,1,,,AVAILABLE,17.0,True,,,,UNRESOLVED_STRUCTURE,OBSERVATION_INSUFFICIENT,2,0,0,False,0,0,False,INHERITED_RAW_PRICE_BASIS,False,False
2025-07-01|98780,2025-07-01,98780,10:30,10:40,10,COMPLETE,5,0,UP,0.8226691042047533,AVAILABLE,17.0,True,,,,UNRESOLVED_STRUCTURE,OBSERVATION_INSUFFICIENT,3,0,0,False,0,0,False,INHERITED_RAW_PRICE_BASIS,False,False
2025-07-01|98780,2025-07-01,98780,10:30,10:45,15,PARTIAL,3,2,,,AVAILABLE,17.0,True,,,,CURRENT_BAR_UNAVAILABLE,OBSERVATION_INSUFFICIENT,4,0,0,False,0,0,False,INHERITED_RAW_PRICE_BASIS,False,False
2025-07-01|98780,2025-07-01,98780,10:30,10:50,20,PARTIAL,4,1,,,AVAILABLE,17.0,True,,,,UNRESOLVED_STRUCTURE,OBSERVATION_INSUFFICIENT,3,0,0,False,0,0,False,INHERITED_RAW_PRICE_BASIS,False,False
2025-07-01|98780,2025-07-01,98780,10:30,10:55,25,PARTIAL,2,3,,,AVAILABLE,17.0,True,,,,CURRENT_BAR_UNAVAILABLE,OBSERVATION_INSUFFICIENT,2,0,0,False,0,0,False,INHERITED_RAW_PRICE_BASIS,False,False
2025-07-01|98780,2025-07-01,98780,10:30,11:00,30,COMPLETE,5,0,UP,0.36396724294813465,AVAILABLE,17.0,True,,,,UNRESOLVED_STRUCTURE,OBSERVATION_INSUFFICIENT,3,0,0,False,0,0,False,INHERITED_RAW_PRICE_BASIS,False,False
2025-07-01|98780,2025-07-01,98780,10:30,11:05,35,PARTIAL,3,2,,,AVAILABLE,17.0,True,,,,UNRESOLVED_STRUCTURE,OBSERVATION_INSUFFICIENT,2,0,0,False,0,0,False,INHERITED_RAW_PRICE_BASIS,False,False
2025-07-01|98780,2025-07-01,98780,10:30,11:10,40,PARTIAL,4,1,,,AVAILABLE,17.0,True,,,,UNRESOLVED_STRUCTURE,OBSERVATION_INSUFFICIENT,2,0,0,False,0,0,False,INHERITED_RAW_PRICE_BASIS,False,False
2025-07-01|98780,2025-07-01,98780,10:30,11:15,45,PARTIAL,4,1,,,AVAILABLE,17.0,True,,,,UNRESOLVED_STRUCTURE,OBSERVATION_INSUFFICIENT,3,0,0,False,0,0,False,INHERITED_RAW_PRICE_BASIS,False,False
2025-07-01|98780,2025-07-01,98780,10:30,11:20,50,PARTIAL,4,1,,,AVAILABLE,17.0,True,,,,CURRENT_BAR_UNAVAILABLE,OBSERVATION_INSUFFICIENT,3,0,0,False,0,0,False,INHERITED_RAW_PRICE_BASIS,False,False
2025-07-01|98780,2025-07-01,98780,10:30,11:25,55,PARTIAL,3,2,,,AVAILABLE,17.0,True,,,,CURRENT_BAR_UNAVAILABLE,OBSERVATION_INSUFFICIENT,1,0,0,False,0,0,False,INHERITED_RAW_PRICE_BASIS,False,False
2025-07-01|98780,2025-07-01,98780,10:30,11:30,60,PARTIAL,4,1,,,AVAILABLE,17.0,True,,,,UNRESOLVED_STRUCTURE,OBSERVATION_INSUFFICIENT,1,0,1,False,1,1,False,INHERITED_RAW_PRICE_BASIS,False,False
2025-07-01|98780,2025-07-01,98780,10:30,12:35,65,COMPLETE,5,0,UP,1.596244131455399,AVAILABLE,17.0,True,,,CHOPPINESS,UNRESOLVED_STRUCTURE,OBSERVATION_INSUFFICIENT,1,0,2,False,3,3,False,INHERITED_RAW_PRICE_BASIS,False,False
2025-07-01|98780,2025-07-01,98780,10:30,12:40,70,PARTIAL,4,1,,,AVAILABLE,17.0,True,,,,UNRESOLVED_STRUCTURE,OBSERVATION_INSUFFICIENT,1,1,1,False,0,0,False,INHERITED_RAW_PRICE_BASIS,False,False
2025-07-01|98780,2025-07-01,98780,10:30,12:45,75,COMPLETE,5,0,UP,0.546448087431694,AVAILABLE,17.0,True,,,,UNRESOLVED_STRUCTURE,OBSERVATION_INSUFFICIENT,1,1,1,False,0,0,False,INHERITED_RAW_PRICE_BASIS,False,False
2025-07-01|98780,2025-07-01,98780,10:30,12:50,80,PARTIAL,4,1,,,AVAILABLE,17.0,True,,,,UNRESOLVED_STRUCTURE,WINDOW_OBSERVED,0,0,0,False,0,0,False,INHERITED_RAW_PRICE_BASIS,False,False
2025-07-01|98780,2025-07-01,98780,10:30,12:55,85,COMPLETE,5,0,UP,0.9927797833935018,AVAILABLE,17.0,True,,,,UNRESOLVED_STRUCTURE,OBSERVATION_INSUFFICIENT,1,1,1,False,0,0,False,INHERITED_RAW_PRICE_BASIS,False,False
2025-07-01|98780,2025-07-01,98780,10:30,13:00,90,COMPLETE,5,0,DOWN,-0.08936550491510277,AVAILABLE,17.0,True,,,RANGE_COMPRESSION,UNRESOLVED_STRUCTURE,OBSERVATION_INSUFFICIENT,4,0,1,False,0,0,False,INHERITED_RAW_PRICE_BASIS,True,False
2025-07-01|98780,2025-07-01,98780,10:30,13:05,95,PARTIAL,4,1,,,AVAILABLE,17.0,True,,,,UNRESOLVED_STRUCTURE,OBSERVATION_INSUFFICIENT,4,0,0,False,0,0,False,INHERITED_RAW_PRICE_BASIS,False,False
2025-07-01|98780,2025-07-01,98780,10:30,13:10,100,PARTIAL,2,3,,,AVAILABLE,17.0,True,,,,CURRENT_BAR_UNAVAILABLE,OBSERVATION_INSUFFICIENT,1,0,0,False,0,0,False,INHERITED_RAW_PRICE_BASIS,False,False
2025-07-01|98780,2025-07-01,98780,10:30,13:15,105,PARTIAL,4,1,,,AVAILABLE,17.0,True,,,,UNRESOLVED_STRUCTURE,OBSERVATION_INSUFFICIENT,3,1,1,False,0,0,False,INHERITED_RAW_PRICE_BASIS,False,False
2025-07-01|98780,2025-07-01,98780,10:30,13:20,110,COMPLETE,5,0,UP,0.7272727272727273,AVAILABLE,17.0,True,,,CHOPPINESS,UNRESOLVED_STRUCTURE,OBSERVATION_INSUFFICIENT,8,0,2,False,0,0,False,INHERITED_RAW_PRICE_BASIS,False,False
2025-07-01|98780,2025-07-01,98780,10:30,13:25,115,PARTIAL,2,3,,,AVAILABLE,17.0,True,,,,UNRESOLVED_STRUCTURE,OBSERVATION_INSUFFICIENT,7,0,0,False,0,0,False,INHERITED_RAW_PRICE_BASIS,False,False
2025-07-01|98780,2025-07-01,98780,10:30,13:30,120,UNAVAILABLE,0,5,,,AVAILABLE,17.0,True,,,,CURRENT_BAR_UNAVAILABLE,OBSERVATION_INSUFFICIENT,3,0,0,False,0,0,False,INHERITED_RAW_PRICE_BASIS,False,False
2025-07-01|98780,2025-07-01,98780,10:30,13:35,125,PARTIAL,3,2,,,AVAILABLE,17.0,True,,,,CURRENT_BAR_UNAVAILABLE,OBSERVATION_INSUFFICIENT,3,0,0,False,0,0,False,INHERITED_RAW_PRICE_BASIS,False,False
2025-07-01|98780,2025-07-01,98780,10:30,13:40,130,PARTIAL,4,1,,,AVAILABLE,17.0,True,,,,UNRESOLVED_STRUCTURE,OBSERVATION_INSUFFICIENT,3,0,0,False,0,0,False,INHERITED_RAW_PRICE_BASIS,False,False
2025-07-01|98780,2025-07-01,98780,10:30,13:45,135,PARTIAL,3,2,,,AVAILABLE,17.0,True,,,,UNRESOLVED_STRUCTURE,OBSERVATION_INSUFFICIENT,1,0,0,False,0,0,False,INHERITED_RAW_PRICE_BASIS,False,False
2025-07-01|98780,2025-07-01,98780,10:30,13:50,140,PARTIAL,4,1,,,AVAILABLE,17.0,True,,,,UNRESOLVED_STRUCTURE,WINDOW_OBSERVED,0,1,1,False,0,0,False,INHERITED_RAW_PRICE_BASIS,False,False
2025-07-01|98780,2025-07-01,98780,10:30,13:55,145,COMPLETE,5,0,DOWN,-0.6410256410256411,AVAILABLE,17.0,True,,,CHOPPINESS,UNRESOLVED_STRUCTURE,OBSERVATION_INSUFFICIENT,1,1,1,False,0,0,False,INHERITED_RAW_PRICE_BASIS,False,False
2025-07-01|98780,2025-07-01,98780,10:30,14:00,150,COMPLETE,5,0,UP,0.36968576709796674,AVAILABLE,17.0,True,,,RANGE_COMPRESSION,UNRESOLVED_STRUCTURE,OBSERVATION_INSUFFICIENT,3,0,1,False,0,0,False,INHERITED_RAW_PRICE_BASIS,True,False
2025-07-01|98780,2025-07-01,98780,10:30,14:05,155,PARTIAL,4,1,,,AVAILABLE,17.0,True,,,,UNRESOLVED_STRUCTURE,OBSERVATION_INSUFFICIENT,7,0,0,False,0,0,False,INHERITED_RAW_PRICE_BASIS,False,False
2025-07-01|98780,2025-07-01,98780,10:30,14:10,160,PARTIAL,3,2,,,AVAILABLE,17.0,True,,,,CURRENT_BAR_UNAVAILABLE,OBSERVATION_INSUFFICIENT,9,0,0,False,0,0,False,INHERITED_RAW_PRICE_BASIS,False,False
2025-07-01|98780,2025-07-01,98780,10:30,14:15,165,UNAVAILABLE,0,5,,,AVAILABLE,17.0,True,,,,CURRENT_BAR_UNAVAILABLE,OBSERVATION_INSUFFICIENT,7,0,0,False,0,0,False,INHERITED_RAW_PRICE_BASIS,False,False
2025-07-01|98780,2025-07-01,98780,10:30,14:20,170,PARTIAL,1,4,,,AVAILABLE,17.0,True,,,,UNRESOLVED_STRUCTURE,OBSERVATION_INSUFFICIENT,7,0,0,False,0,0,False,INHERITED_RAW_PRICE_BASIS,False,False
2025-07-01|98780,2025-07-01,98780,10:30,14:25,175,PARTIAL,2,3,,,AVAILABLE,17.0,True,,,,UNRESOLVED_STRUCTURE,OBSERVATION_INSUFFICIENT,8,0,0,False,0,0,False,INHERITED_RAW_PRICE_BASIS,False,False
2025-07-01|98780,2025-07-01,98780,10:30,14:30,180,PARTIAL,1,4,,,AVAILABLE,17.0,True,,,,CURRENT_BAR_UNAVAILABLE,OBSERVATION_INSUFFICIENT,4,0,0,False,0,0,False,INHERITED_RAW_PRICE_BASIS,False,False
2025-07-01|98780,2025-07-01,98780,10:30,14:35,185,PARTIAL,1,4,,,AVAILABLE,17.0,True,,,,UNRESOLVED_STRUCTURE,WINDOW_OBSERVED,0,0,0,False,0,0,False,INHERITED_RAW_PRICE_BASIS,False,False
2025-07-01|98780,2025-07-01,98780,10:30,14:40,190,COMPLETE,5,0,DOWN,-1.5639374425022998,AVAILABLE,17.0,True,,,,UNRESOLVED_STRUCTURE,WINDOW_OBSERVED,0,0,1,False,0,0,False,INHERITED_RAW_PRICE_BASIS,False,False
2025-07-01|98780,2025-07-01,98780,10:30,14:45,195,COMPLETE,5,0,DOWN,-1.4856081708449396,AVAILABLE,17.0,True,,,RANGE_COMPRESSION,UNRESOLVED_STRUCTURE,OBSERVATION_INSUFFICIENT,1,0,1,False,1,1,False,INHERITED_RAW_PRICE_BASIS,True,False
2025-07-01|98780,2025-07-01,98780,10:30,14:50,200,COMPLETE,5,0,UP,0.18867924528301888,AVAILABLE,17.0,True,,,RANGE_COMPRESSION,UNRESOLVED_STRUCTURE,OBSERVATION_INSUFFICIENT,1,0,1,False,1,2,False,INHERITED_RAW_PRICE_BASIS,True,False
2025-07-01|98780,2025-07-01,98780,10:30,14:55,205,PARTIAL,4,1,,,AVAILABLE,17.0,True,,,,CURRENT_BAR_UNAVAILABLE,OBSERVATION_INSUFFICIENT,1,0,0,False,0,1,False,INHERITED_RAW_PRICE_BASIS,False,False
2025-07-01|98780,2025-07-01,98780,10:30,15:00,210,COMPLETE,5,0,UP,0.6560449859418932,AVAILABLE,17.0,True,,,,UNRESOLVED_STRUCTURE,OBSERVATION_INSUFFICIENT,3,0,0,False,0,0,False,INHERITED_RAW_PRICE_BASIS,False,False
2025-07-01|98780,2025-07-01,98780,10:30,15:05,215,PARTIAL,4,1,,,AVAILABLE,17.0,True,,,,UNRESOLVED_STRUCTURE,OBSERVATION_INSUFFICIENT,4,0,0,False,0,0,False,INHERITED_RAW_PRICE_BASIS,False,False
2025-07-01|98780,2025-07-01,98780,10:30,15:10,220,PARTIAL,3,2,,,AVAILABLE,17.0,True,,,,UNRESOLVED_STRUCTURE,OBSERVATION_INSUFFICIENT,4,0,0,False,0,0,False,INHERITED_RAW_PRICE_BASIS,False,False
2025-07-01|98780,2025-07-01,98780,10:30,15:15,225,PARTIAL,3,2,,,AVAILABLE,17.0,True,,,,CURRENT_BAR_UNAVAILABLE,OBSERVATION_INSUFFICIENT,2,0,0,False,0,0,False,INHERITED_RAW_PRICE_BASIS,False,False
2025-07-01|98780,2025-07-01,98780,10:30,15:20,230,PARTIAL,3,2,,,AVAILABLE,17.0,True,,,,CURRENT_BAR_UNAVAILABLE,RIGHT_CENSORED,0,0,0,False,0,0,False,INHERITED_RAW_PRICE_BASIS,False,False
2025-07-01|98780,2025-07-01,98780,10:30,15:25,235,COMPLETE,5,0,DOWN,-1.5813953488372092,AVAILABLE,17.0,True,,,,UNRESOLVED_STRUCTURE,RIGHT_CENSORED,0,0,1,False,1,1,False,INHERITED_RAW_PRICE_BASIS,False,False
