row_key,method,kind,from_method,from_grade,to_grade,N,R_known_N,R_unknown_N,R_coverage_pct,R_unknown_pct,U_known_N,session_N,symbol_N,PLUS_n,MINUS_n,R_GE_P2_n,R_GE_P3_n,R_GE_P4_n,R_GE_P5_n,R_LE_M2_n,R_LE_M3_n,R_LE_M5_n,mean_R,median_R,positive_mass_pp,negative_abs_mass_pp,net_pp_sum,PLUS_N,PLUS_pct,PLUS_nN_pct,MINUS_N,MINUS_pct,MINUS_nN_pct,R_GE_P2_N,R_GE_P2_pct,R_GE_P2_nN_pct,R_GE_P3_N,R_GE_P3_pct,R_GE_P3_nN_pct,R_GE_P4_N,R_GE_P4_pct,R_GE_P4_nN_pct,R_GE_P5_N,R_GE_P5_pct,R_GE_P5_nN_pct,R_LE_M2_N,R_LE_M2_pct,R_LE_M2_nN_pct,R_LE_M3_N,R_LE_M3_pct,R_LE_M3_nN_pct,R_LE_M5_N,R_LE_M5_pct,R_LE_M5_nN_pct,U2_n,U2_N,U2_pct,U2_capture_pct,U2_global_n,U2_nN_pct,U3_n,U3_N,U3_pct,U3_capture_pct,U3_global_n,U3_nN_pct,U5_n,U5_N,U5_pct,U5_capture_pct,U5_global_n,U5_nN_pct,U10_n,U10_N,U10_pct,U10_capture_pct,U10_global_n,U10_nN_pct,R_GE_P5_band_n,R_GE_P5_band_N,R_GE_P5_band_pct,R_GE_P5_band_nN_pct,R_P4_P5_band_n,R_P4_P5_band_N,R_P4_P5_band_pct,R_P4_P5_band_nN_pct,R_P3_P4_band_n,R_P3_P4_band_N,R_P3_P4_band_pct,R_P3_P4_band_nN_pct,R_P2_P3_band_n,R_P2_P3_band_N,R_P2_P3_band_pct,R_P2_P3_band_nN_pct,R_P1_P2_band_n,R_P1_P2_band_N,R_P1_P2_band_pct,R_P1_P2_band_nN_pct,R_P0_P1_band_n,R_P0_P1_band_N,R_P0_P1_band_pct,R_P0_P1_band_nN_pct,R_M1_0_band_n,R_M1_0_band_N,R_M1_0_band_pct,R_M1_0_band_nN_pct,R_M2_M1_band_n,R_M2_M1_band_N,R_M2_M1_band_pct,R_M2_M1_band_nN_pct,R_M3_M2_band_n,R_M3_M2_band_N,R_M3_M2_band_pct,R_M3_M2_band_nN_pct,R_M4_M3_band_n,R_M4_M3_band_N,R_M4_M3_band_pct,R_M4_M3_band_nN_pct,R_M5_M4_band_n,R_M5_M4_band_N,R_M5_M4_band_pct,R_M5_M4_band_nN_pct,R_LE_M5_band_n,R_LE_M5_band_N,R_LE_M5_band_pct,R_LE_M5_band_nN_pct,ZERO_band_n,ZERO_band_N,ZERO_band_pct,ZERO_band_nN_pct,R_UNKNOWN_band_n,R_UNKNOWN_band_N,R_UNKNOWN_band_pct,R_UNKNOWN_band_nN_pct,row_pct,column_pct,row_N,column_N
OLD4_TO_NEW7_TRANSITIONS.csv:0,U7,transition,R0_4,S,S,6,6,0,100.000000000000,0.000000000000,6,4,6,1,5,0,0,0,0,2,1,0,-1.402749067025,-1.300969624557,0.644877933820,9.061372335969,-8.416494402149,6,16.666666666667,1/6 (16.666666666667%),6,83.333333333333,5/6 (83.333333333333%),6,0.000000000000,0/6 (0.000000000000%),6,0.000000000000,0/6 (0.000000000000%),6,0.000000000000,0/6 (0.000000000000%),6,0.000000000000,0/6 (0.000000000000%),6,33.333333333333,2/6 (33.333333333333%),6,16.666666666667,1/6 (16.666666666667%),6,0.000000000000,0/6 (0.000000000000%),4,6,66.666666666667,0.925925925926,432,4/6 (66.666666666667%),3,6,50.000000000000,1.010101010101,297,3/6 (50.000000000000%),1,6,16.666666666667,0.588235294118,170,1/6 (16.666666666667%),1,6,16.666666666667,1.492537313433,67,1/6 (16.666666666667%),0,6,0.000000000000,0/6 (0.000000000000%),0,6,0.000000000000,0/6 (0.000000000000%),0,6,0.000000000000,0/6 (0.000000000000%),0,6,0.000000000000,0/6 (0.000000000000%),0,6,0.000000000000,0/6 (0.000000000000%),1,6,16.666666666667,1/6 (16.666666666667%),2,6,33.333333333333,2/6 (33.333333333333%),1,6,16.666666666667,1/6 (16.666666666667%),1,6,16.666666666667,1/6 (16.666666666667%),1,6,16.666666666667,1/6 (16.666666666667%),0,6,0.000000000000,0/6 (0.000000000000%),0,6,0.000000000000,0/6 (0.000000000000%),0,6,0.000000000000,0/6 (0.000000000000%),0,6,0.000000000000,0/6 (0.000000000000%),13.953488372093,100.000000000000,43,6
OLD4_TO_NEW7_TRANSITIONS.csv:1,U7,transition,R0_4,S,A,37,37,0,100.000000000000,0.000000000000,37,21,36,9,28,7,5,4,3,8,2,0,-0.025361907249,-0.859068945770,38.772536501020,39.710927069240,-0.938390568220,37,24.324324324324,9/37 (24.324324324324%),37,75.675675675676,28/37 (75.675675675676%),37,18.918918918919,7/37 (18.918918918919%),37,13.513513513514,5/37 (13.513513513514%),37,10.810810810811,4/37 (10.810810810811%),37,8.108108108108,3/37 (8.108108108108%),37,21.621621621622,8/37 (21.621621621622%),37,5.405405405405,2/37 (5.405405405405%),37,0.000000000000,0/37 (0.000000000000%),21,37,56.756756756757,4.861111111111,432,21/37 (56.756756756757%),19,37,51.351351351351,6.397306397306,297,19/37 (51.351351351351%),11,37,29.729729729730,6.470588235294,170,11/37 (29.729729729730%),5,37,13.513513513514,7.462686567164,67,5/37 (13.513513513514%),3,37,8.108108108108,3/37 (8.108108108108%),1,37,2.702702702703,1/37 (2.702702702703%),1,37,2.702702702703,1/37 (2.702702702703%),2,37,5.405405405405,2/37 (5.405405405405%),1,37,2.702702702703,1/37 (2.702702702703%),1,37,2.702702702703,1/37 (2.702702702703%),12,37,32.432432432432,12/37 (32.432432432432%),8,37,21.621621621622,8/37 (21.621621621622%),6,37,16.216216216216,6/37 (16.216216216216%),1,37,2.702702702703,1/37 (2.702702702703%),1,37,2.702702702703,1/37 (2.702702702703%),0,37,0.000000000000,0/37 (0.000000000000%),0,37,0.000000000000,0/37 (0.000000000000%),0,37,0.000000000000,0/37 (0.000000000000%),86.046511627907,100.000000000000,43,37
OLD4_TO_NEW7_TRANSITIONS.csv:2,U7,transition,R0_4,S,B,0,0,0,N/A,N/A,0,0,0,0,0,0,0,0,0,0,0,0,N/A,N/A,0.000000000000,0.000000000000,0.000000000000,0,N/A,0/0 (N/A),0,N/A,0/0 (N/A),0,N/A,0/0 (N/A),0,N/A,0/0 (N/A),0,N/A,0/0 (N/A),0,N/A,0/0 (N/A),0,N/A,0/0 (N/A),0,N/A,0/0 (N/A),0,N/A,0/0 (N/A),0,0,N/A,0.000000000000,432,0/0 (N/A),0,0,N/A,0.000000000000,297,0/0 (N/A),0,0,N/A,0.000000000000,170,0/0 (N/A),0,0,N/A,0.000000000000,67,0/0 (N/A),0,0,N/A,0/0 (N/A),0,0,N/A,0/0 (N/A),0,0,N/A,0/0 (N/A),0,0,N/A,0/0 (N/A),0,0,N/A,0/0 (N/A),0,0,N/A,0/0 (N/A),0,0,N/A,0/0 (N/A),0,0,N/A,0/0 (N/A),0,0,N/A,0/0 (N/A),0,0,N/A,0/0 (N/A),0,0,N/A,0/0 (N/A),0,0,N/A,0/0 (N/A),0,0,N/A,0/0 (N/A),0,0,N/A,0/0 (N/A),0.000000000000,0.000000000000,43,154
OLD4_TO_NEW7_TRANSITIONS.csv:3,U7,transition,R0_4,S,C,0,0,0,N/A,N/A,0,0,0,0,0,0,0,0,0,0,0,0,N/A,N/A,0.000000000000,0.000000000000,0.000000000000,0,N/A,0/0 (N/A),0,N/A,0/0 (N/A),0,N/A,0/0 (N/A),0,N/A,0/0 (N/A),0,N/A,0/0 (N/A),0,N/A,0/0 (N/A),0,N/A,0/0 (N/A),0,N/A,0/0 (N/A),0,N/A,0/0 (N/A),0,0,N/A,0.000000000000,432,0/0 (N/A),0,0,N/A,0.000000000000,297,0/0 (N/A),0,0,N/A,0.000000000000,170,0/0 (N/A),0,0,N/A,0.000000000000,67,0/0 (N/A),0,0,N/A,0/0 (N/A),0,0,N/A,0/0 (N/A),0,0,N/A,0/0 (N/A),0,0,N/A,0/0 (N/A),0,0,N/A,0/0 (N/A),0,0,N/A,0/0 (N/A),0,0,N/A,0/0 (N/A),0,0,N/A,0/0 (N/A),0,0,N/A,0/0 (N/A),0,0,N/A,0/0 (N/A),0,0,N/A,0/0 (N/A),0,0,N/A,0/0 (N/A),0,0,N/A,0/0 (N/A),0,0,N/A,0/0 (N/A),0.000000000000,0.000000000000,43,169
OLD4_TO_NEW7_TRANSITIONS.csv:4,U7,transition,R0_4,S,D,0,0,0,N/A,N/A,0,0,0,0,0,0,0,0,0,0,0,0,N/A,N/A,0.000000000000,0.000000000000,0.000000000000,0,N/A,0/0 (N/A),0,N/A,0/0 (N/A),0,N/A,0/0 (N/A),0,N/A,0/0 (N/A),0,N/A,0/0 (N/A),0,N/A,0/0 (N/A),0,N/A,0/0 (N/A),0,N/A,0/0 (N/A),0,N/A,0/0 (N/A),0,0,N/A,0.000000000000,432,0/0 (N/A),0,0,N/A,0.000000000000,297,0/0 (N/A),0,0,N/A,0.000000000000,170,0/0 (N/A),0,0,N/A,0.000000000000,67,0/0 (N/A),0,0,N/A,0/0 (N/A),0,0,N/A,0/0 (N/A),0,0,N/A,0/0 (N/A),0,0,N/A,0/0 (N/A),0,0,N/A,0/0 (N/A),0,0,N/A,0/0 (N/A),0,0,N/A,0/0 (N/A),0,0,N/A,0/0 (N/A),0,0,N/A,0/0 (N/A),0,0,N/A,0/0 (N/A),0,0,N/A,0/0 (N/A),0,0,N/A,0/0 (N/A),0,0,N/A,0/0 (N/A),0,0,N/A,0/0 (N/A),0.000000000000,0.000000000000,43,128
OLD4_TO_NEW7_TRANSITIONS.csv:5,U7,transition,R0_4,S,E,0,0,0,N/A,N/A,0,0,0,0,0,0,0,0,0,0,0,0,N/A,N/A,0.000000000000,0.000000000000,0.000000000000,0,N/A,0/0 (N/A),0,N/A,0/0 (N/A),0,N/A,0/0 (N/A),0,N/A,0/0 (N/A),0,N/A,0/0 (N/A),0,N/A,0/0 (N/A),0,N/A,0/0 (N/A),0,N/A,0/0 (N/A),0,N/A,0/0 (N/A),0,0,N/A,0.000000000000,432,0/0 (N/A),0,0,N/A,0.000000000000,297,0/0 (N/A),0,0,N/A,0.000000000000,170,0/0 (N/A),0,0,N/A,0.000000000000,67,0/0 (N/A),0,0,N/A,0/0 (N/A),0,0,N/A,0/0 (N/A),0,0,N/A,0/0 (N/A),0,0,N/A,0/0 (N/A),0,0,N/A,0/0 (N/A),0,0,N/A,0/0 (N/A),0,0,N/A,0/0 (N/A),0,0,N/A,0/0 (N/A),0,0,N/A,0/0 (N/A),0,0,N/A,0/0 (N/A),0,0,N/A,0/0 (N/A),0,0,N/A,0/0 (N/A),0,0,N/A,0/0 (N/A),0,0,N/A,0/0 (N/A),0.000000000000,0.000000000000,43,145
OLD4_TO_NEW7_TRANSITIONS.csv:6,U7,transition,R0_4,S,F,0,0,0,N/A,N/A,0,0,0,0,0,0,0,0,0,0,0,0,N/A,N/A,0.000000000000,0.000000000000,0.000000000000,0,N/A,0/0 (N/A),0,N/A,0/0 (N/A),0,N/A,0/0 (N/A),0,N/A,0/0 (N/A),0,N/A,0/0 (N/A),0,N/A,0/0 (N/A),0,N/A,0/0 (N/A),0,N/A,0/0 (N/A),0,N/A,0/0 (N/A),0,0,N/A,0.000000000000,432,0/0 (N/A),0,0,N/A,0.000000000000,297,0/0 (N/A),0,0,N/A,0.000000000000,170,0/0 (N/A),0,0,N/A,0.000000000000,67,0/0 (N/A),0,0,N/A,0/0 (N/A),0,0,N/A,0/0 (N/A),0,0,N/A,0/0 (N/A),0,0,N/A,0/0 (N/A),0,0,N/A,0/0 (N/A),0,0,N/A,0/0 (N/A),0,0,N/A,0/0 (N/A),0,0,N/A,0/0 (N/A),0,0,N/A,0/0 (N/A),0,0,N/A,0/0 (N/A),0,0,N/A,0/0 (N/A),0,0,N/A,0/0 (N/A),0,0,N/A,0/0 (N/A),0,0,N/A,0/0 (N/A),0.000000000000,0.000000000000,43,400
OLD4_TO_NEW7_TRANSITIONS.csv:7,U7,transition,R0_4,A,S,0,0,0,N/A,N/A,0,0,0,0,0,0,0,0,0,0,0,0,N/A,N/A,0.000000000000,0.000000000000,0.000000000000,0,N/A,0/0 (N/A),0,N/A,0/0 (N/A),0,N/A,0/0 (N/A),0,N/A,0/0 (N/A),0,N/A,0/0 (N/A),0,N/A,0/0 (N/A),0,N/A,0/0 (N/A),0,N/A,0/0 (N/A),0,N/A,0/0 (N/A),0,0,N/A,0.000000000000,432,0/0 (N/A),0,0,N/A,0.000000000000,297,0/0 (N/A),0,0,N/A,0.000000000000,170,0/0 (N/A),0,0,N/A,0.000000000000,67,0/0 (N/A),0,0,N/A,0/0 (N/A),0,0,N/A,0/0 (N/A),0,0,N/A,0/0 (N/A),0,0,N/A,0/0 (N/A),0,0,N/A,0/0 (N/A),0,0,N/A,0/0 (N/A),0,0,N/A,0/0 (N/A),0,0,N/A,0/0 (N/A),0,0,N/A,0/0 (N/A),0,0,N/A,0/0 (N/A),0,0,N/A,0/0 (N/A),0,0,N/A,0/0 (N/A),0,0,N/A,0/0 (N/A),0,0,N/A,0/0 (N/A),0.000000000000,0.000000000000,154,6
OLD4_TO_NEW7_TRANSITIONS.csv:8,U7,transition,R0_4,A,A,0,0,0,N/A,N/A,0,0,0,0,0,0,0,0,0,0,0,0,N/A,N/A,0.000000000000,0.000000000000,0.000000000000,0,N/A,0/0 (N/A),0,N/A,0/0 (N/A),0,N/A,0/0 (N/A),0,N/A,0/0 (N/A),0,N/A,0/0 (N/A),0,N/A,0/0 (N/A),0,N/A,0/0 (N/A),0,N/A,0/0 (N/A),0,N/A,0/0 (N/A),0,0,N/A,0.000000000000,432,0/0 (N/A),0,0,N/A,0.000000000000,297,0/0 (N/A),0,0,N/A,0.000000000000,170,0/0 (N/A),0,0,N/A,0.000000000000,67,0/0 (N/A),0,0,N/A,0/0 (N/A),0,0,N/A,0/0 (N/A),0,0,N/A,0/0 (N/A),0,0,N/A,0/0 (N/A),0,0,N/A,0/0 (N/A),0,0,N/A,0/0 (N/A),0,0,N/A,0/0 (N/A),0,0,N/A,0/0 (N/A),0,0,N/A,0/0 (N/A),0,0,N/A,0/0 (N/A),0,0,N/A,0/0 (N/A),0,0,N/A,0/0 (N/A),0,0,N/A,0/0 (N/A),0,0,N/A,0/0 (N/A),0.000000000000,0.000000000000,154,37
OLD4_TO_NEW7_TRANSITIONS.csv:9,U7,transition,R0_4,A,B,154,154,0,100.000000000000,0.000000000000,154,36,124,61,93,28,23,19,16,21,11,2,1.163346578232,-0.322571101734,311.703652984165,132.548279936392,179.155373047774,154,39.610389610390,61/154 (39.610389610390%),154,60.389610389610,93/154 (60.389610389610%),154,18.181818181818,28/154 (18.181818181818%),154,14.935064935065,23/154 (14.935064935065%),154,12.337662337662,19/154 (12.337662337662%),154,10.389610389610,16/154 (10.389610389610%),154,13.636363636364,21/154 (13.636363636364%),154,7.142857142857,11/154 (7.142857142857%),154,1.298701298701,2/154 (1.298701298701%),86,154,55.844155844156,19.907407407407,432,86/154 (55.844155844156%),69,154,44.805194805195,23.232323232323,297,69/154 (44.805194805195%),47,154,30.519480519481,27.647058823529,170,47/154 (30.519480519481%),23,154,14.935064935065,34.328358208955,67,23/154 (14.935064935065%),16,154,10.389610389610,16/154 (10.389610389610%),3,154,1.948051948052,3/154 (1.948051948052%),4,154,2.597402597403,4/154 (2.597402597403%),5,154,3.246753246753,5/154 (3.246753246753%),15,154,9.740259740260,15/154 (9.740259740260%),18,154,11.688311688312,18/154 (11.688311688312%),45,154,29.220779220779,45/154 (29.220779220779%),27,154,17.532467532468,27/154 (17.532467532468%),10,154,6.493506493506,10/154 (6.493506493506%),6,154,3.896103896104,6/154 (3.896103896104%),3,154,1.948051948052,3/154 (1.948051948052%),2,154,1.298701298701,2/154 (1.298701298701%),0,154,0.000000000000,0/154 (0.000000000000%),0,154,0.000000000000,0/154 (0.000000000000%),100.000000000000,100.000000000000,154,154
OLD4_TO_NEW7_TRANSITIONS.csv:10,U7,transition,R0_4,A,C,0,0,0,N/A,N/A,0,0,0,0,0,0,0,0,0,0,0,0,N/A,N/A,0.000000000000,0.000000000000,0.000000000000,0,N/A,0/0 (N/A),0,N/A,0/0 (N/A),0,N/A,0/0 (N/A),0,N/A,0/0 (N/A),0,N/A,0/0 (N/A),0,N/A,0/0 (N/A),0,N/A,0/0 (N/A),0,N/A,0/0 (N/A),0,N/A,0/0 (N/A),0,0,N/A,0.000000000000,432,0/0 (N/A),0,0,N/A,0.000000000000,297,0/0 (N/A),0,0,N/A,0.000000000000,170,0/0 (N/A),0,0,N/A,0.000000000000,67,0/0 (N/A),0,0,N/A,0/0 (N/A),0,0,N/A,0/0 (N/A),0,0,N/A,0/0 (N/A),0,0,N/A,0/0 (N/A),0,0,N/A,0/0 (N/A),0,0,N/A,0/0 (N/A),0,0,N/A,0/0 (N/A),0,0,N/A,0/0 (N/A),0,0,N/A,0/0 (N/A),0,0,N/A,0/0 (N/A),0,0,N/A,0/0 (N/A),0,0,N/A,0/0 (N/A),0,0,N/A,0/0 (N/A),0,0,N/A,0/0 (N/A),0.000000000000,0.000000000000,154,169
OLD4_TO_NEW7_TRANSITIONS.csv:11,U7,transition,R0_4,A,D,0,0,0,N/A,N/A,0,0,0,0,0,0,0,0,0,0,0,0,N/A,N/A,0.000000000000,0.000000000000,0.000000000000,0,N/A,0/0 (N/A),0,N/A,0/0 (N/A),0,N/A,0/0 (N/A),0,N/A,0/0 (N/A),0,N/A,0/0 (N/A),0,N/A,0/0 (N/A),0,N/A,0/0 (N/A),0,N/A,0/0 (N/A),0,N/A,0/0 (N/A),0,0,N/A,0.000000000000,432,0/0 (N/A),0,0,N/A,0.000000000000,297,0/0 (N/A),0,0,N/A,0.000000000000,170,0/0 (N/A),0,0,N/A,0.000000000000,67,0/0 (N/A),0,0,N/A,0/0 (N/A),0,0,N/A,0/0 (N/A),0,0,N/A,0/0 (N/A),0,0,N/A,0/0 (N/A),0,0,N/A,0/0 (N/A),0,0,N/A,0/0 (N/A),0,0,N/A,0/0 (N/A),0,0,N/A,0/0 (N/A),0,0,N/A,0/0 (N/A),0,0,N/A,0/0 (N/A),0,0,N/A,0/0 (N/A),0,0,N/A,0/0 (N/A),0,0,N/A,0/0 (N/A),0,0,N/A,0/0 (N/A),0.000000000000,0.000000000000,154,128
OLD4_TO_NEW7_TRANSITIONS.csv:12,U7,transition,R0_4,A,E,0,0,0,N/A,N/A,0,0,0,0,0,0,0,0,0,0,0,0,N/A,N/A,0.000000000000,0.000000000000,0.000000000000,0,N/A,0/0 (N/A),0,N/A,0/0 (N/A),0,N/A,0/0 (N/A),0,N/A,0/0 (N/A),0,N/A,0/0 (N/A),0,N/A,0/0 (N/A),0,N/A,0/0 (N/A),0,N/A,0/0 (N/A),0,N/A,0/0 (N/A),0,0,N/A,0.000000000000,432,0/0 (N/A),0,0,N/A,0.000000000000,297,0/0 (N/A),0,0,N/A,0.000000000000,170,0/0 (N/A),0,0,N/A,0.000000000000,67,0/0 (N/A),0,0,N/A,0/0 (N/A),0,0,N/A,0/0 (N/A),0,0,N/A,0/0 (N/A),0,0,N/A,0/0 (N/A),0,0,N/A,0/0 (N/A),0,0,N/A,0/0 (N/A),0,0,N/A,0/0 (N/A),0,0,N/A,0/0 (N/A),0,0,N/A,0/0 (N/A),0,0,N/A,0/0 (N/A),0,0,N/A,0/0 (N/A),0,0,N/A,0/0 (N/A),0,0,N/A,0/0 (N/A),0,0,N/A,0/0 (N/A),0.000000000000,0.000000000000,154,145
OLD4_TO_NEW7_TRANSITIONS.csv:13,U7,transition,R0_4,A,F,0,0,0,N/A,N/A,0,0,0,0,0,0,0,0,0,0,0,0,N/A,N/A,0.000000000000,0.000000000000,0.000000000000,0,N/A,0/0 (N/A),0,N/A,0/0 (N/A),0,N/A,0/0 (N/A),0,N/A,0/0 (N/A),0,N/A,0/0 (N/A),0,N/A,0/0 (N/A),0,N/A,0/0 (N/A),0,N/A,0/0 (N/A),0,N/A,0/0 (N/A),0,0,N/A,0.000000000000,432,0/0 (N/A),0,0,N/A,0.000000000000,297,0/0 (N/A),0,0,N/A,0.000000000000,170,0/0 (N/A),0,0,N/A,0.000000000000,67,0/0 (N/A),0,0,N/A,0/0 (N/A),0,0,N/A,0/0 (N/A),0,0,N/A,0/0 (N/A),0,0,N/A,0/0 (N/A),0,0,N/A,0/0 (N/A),0,0,N/A,0/0 (N/A),0,0,N/A,0/0 (N/A),0,0,N/A,0/0 (N/A),0,0,N/A,0/0 (N/A),0,0,N/A,0/0 (N/A),0,0,N/A,0/0 (N/A),0,0,N/A,0/0 (N/A),0,0,N/A,0/0 (N/A),0,0,N/A,0/0 (N/A),0.000000000000,0.000000000000,154,400
OLD4_TO_NEW7_TRANSITIONS.csv:14,U7,transition,R0_4,B,S,0,0,0,N/A,N/A,0,0,0,0,0,0,0,0,0,0,0,0,N/A,N/A,0.000000000000,0.000000000000,0.000000000000,0,N/A,0/0 (N/A),0,N/A,0/0 (N/A),0,N/A,0/0 (N/A),0,N/A,0/0 (N/A),0,N/A,0/0 (N/A),0,N/A,0/0 (N/A),0,N/A,0/0 (N/A),0,N/A,0/0 (N/A),0,N/A,0/0 (N/A),0,0,N/A,0.000000000000,432,0/0 (N/A),0,0,N/A,0.000000000000,297,0/0 (N/A),0,0,N/A,0.000000000000,170,0/0 (N/A),0,0,N/A,0.000000000000,67,0/0 (N/A),0,0,N/A,0/0 (N/A),0,0,N/A,0/0 (N/A),0,0,N/A,0/0 (N/A),0,0,N/A,0/0 (N/A),0,0,N/A,0/0 (N/A),0,0,N/A,0/0 (N/A),0,0,N/A,0/0 (N/A),0,0,N/A,0/0 (N/A),0,0,N/A,0/0 (N/A),0,0,N/A,0/0 (N/A),0,0,N/A,0/0 (N/A),0,0,N/A,0/0 (N/A),0,0,N/A,0/0 (N/A),0,0,N/A,0/0 (N/A),0.000000000000,0.000000000000,297,6
OLD4_TO_NEW7_TRANSITIONS.csv:15,U7,transition,R0_4,B,A,0,0,0,N/A,N/A,0,0,0,0,0,0,0,0,0,0,0,0,N/A,N/A,0.000000000000,0.000000000000,0.000000000000,0,N/A,0/0 (N/A),0,N/A,0/0 (N/A),0,N/A,0/0 (N/A),0,N/A,0/0 (N/A),0,N/A,0/0 (N/A),0,N/A,0/0 (N/A),0,N/A,0/0 (N/A),0,N/A,0/0 (N/A),0,N/A,0/0 (N/A),0,0,N/A,0.000000000000,432,0/0 (N/A),0,0,N/A,0.000000000000,297,0/0 (N/A),0,0,N/A,0.000000000000,170,0/0 (N/A),0,0,N/A,0.000000000000,67,0/0 (N/A),0,0,N/A,0/0 (N/A),0,0,N/A,0/0 (N/A),0,0,N/A,0/0 (N/A),0,0,N/A,0/0 (N/A),0,0,N/A,0/0 (N/A),0,0,N/A,0/0 (N/A),0,0,N/A,0/0 (N/A),0,0,N/A,0/0 (N/A),0,0,N/A,0/0 (N/A),0,0,N/A,0/0 (N/A),0,0,N/A,0/0 (N/A),0,0,N/A,0/0 (N/A),0,0,N/A,0/0 (N/A),0,0,N/A,0/0 (N/A),0.000000000000,0.000000000000,297,37
OLD4_TO_NEW7_TRANSITIONS.csv:16,U7,transition,R0_4,B,B,0,0,0,N/A,N/A,0,0,0,0,0,0,0,0,0,0,0,0,N/A,N/A,0.000000000000,0.000000000000,0.000000000000,0,N/A,0/0 (N/A),0,N/A,0/0 (N/A),0,N/A,0/0 (N/A),0,N/A,0/0 (N/A),0,N/A,0/0 (N/A),0,N/A,0/0 (N/A),0,N/A,0/0 (N/A),0,N/A,0/0 (N/A),0,N/A,0/0 (N/A),0,0,N/A,0.000000000000,432,0/0 (N/A),0,0,N/A,0.000000000000,297,0/0 (N/A),0,0,N/A,0.000000000000,170,0/0 (N/A),0,0,N/A,0.000000000000,67,0/0 (N/A),0,0,N/A,0/0 (N/A),0,0,N/A,0/0 (N/A),0,0,N/A,0/0 (N/A),0,0,N/A,0/0 (N/A),0,0,N/A,0/0 (N/A),0,0,N/A,0/0 (N/A),0,0,N/A,0/0 (N/A),0,0,N/A,0/0 (N/A),0,0,N/A,0/0 (N/A),0,0,N/A,0/0 (N/A),0,0,N/A,0/0 (N/A),0,0,N/A,0/0 (N/A),0,0,N/A,0/0 (N/A),0,0,N/A,0/0 (N/A),0.000000000000,0.000000000000,297,154
OLD4_TO_NEW7_TRANSITIONS.csv:17,U7,transition,R0_4,B,C,169,168,1,99.408284023669,0.591715976331,169,37,134,69,99,19,15,11,10,31,14,5,-0.130675445428,-0.262236182640,146.480825145326,168.434299977228,-21.953474831902,168,41.071428571429,69/168 (41.071428571429%),168,58.928571428571,99/168 (58.928571428571%),168,11.309523809524,19/168 (11.309523809524%),168,8.928571428571,15/168 (8.928571428571%),168,6.547619047619,11/168 (6.547619047619%),168,5.952380952381,10/168 (5.952380952381%),168,18.452380952381,31/168 (18.452380952381%),168,8.333333333333,14/168 (8.333333333333%),168,2.976190476190,5/168 (2.976190476190%),82,169,48.520710059172,18.981481481481,432,82/169 (48.520710059172%),54,169,31.952662721893,18.181818181818,297,54/169 (31.952662721893%),33,169,19.526627218935,19.411764705882,170,33/169 (19.526627218935%),11,169,6.508875739645,16.417910447761,67,11/169 (6.508875739645%),10,168,5.952380952381,10/168 (5.952380952381%),1,168,0.595238095238,1/168 (0.595238095238%),4,168,2.380952380952,4/168 (2.380952380952%),4,168,2.380952380952,4/168 (2.380952380952%),16,168,9.523809523810,16/168 (9.523809523810%),34,168,20.238095238095,34/168 (20.238095238095%),46,168,27.380952380952,46/168 (27.380952380952%),22,168,13.095238095238,22/168 (13.095238095238%),17,168,10.119047619048,17/168 (10.119047619048%),4,168,2.380952380952,4/168 (2.380952380952%),5,168,2.976190476190,5/168 (2.976190476190%),5,168,2.976190476190,5/168 (2.976190476190%),0,168,0.000000000000,0/168 (0.000000000000%),1,169,0.591715976331,1/169 (0.591715976331%),56.902356902357,100.000000000000,297,169
OLD4_TO_NEW7_TRANSITIONS.csv:18,U7,transition,R0_4,B,D,128,127,1,99.218750000000,0.781250000000,128,37,117,58,69,17,10,3,1,24,14,7,-0.346093697637,-0.099950024988,90.978570062676,134.932469662594,-43.953899599918,127,45.669291338583,58/127 (45.669291338583%),127,54.330708661417,69/127 (54.330708661417%),127,13.385826771654,17/127 (13.385826771654%),127,7.874015748031,10/127 (7.874015748031%),127,2.362204724409,3/127 (2.362204724409%),127,0.787401574803,1/127 (0.787401574803%),127,18.897637795276,24/127 (18.897637795276%),127,11.023622047244,14/127 (11.023622047244%),127,5.511811023622,7/127 (5.511811023622%),65,128,50.781250000000,15.046296296296,432,65/128 (50.781250000000%),41,128,32.031250000000,13.804713804714,297,41/128 (32.031250000000%),21,128,16.406250000000,12.352941176471,170,21/128 (16.406250000000%),7,128,5.468750000000,10.447761194030,67,7/128 (5.468750000000%),1,127,0.787401574803,1/127 (0.787401574803%),2,127,1.574803149606,2/127 (1.574803149606%),7,127,5.511811023622,7/127 (5.511811023622%),7,127,5.511811023622,7/127 (5.511811023622%),16,127,12.598425196850,16/127 (12.598425196850%),25,127,19.685039370079,25/127 (19.685039370079%),30,127,23.622047244094,30/127 (23.622047244094%),15,127,11.811023622047,15/127 (11.811023622047%),10,127,7.874015748031,10/127 (7.874015748031%),4,127,3.149606299213,4/127 (3.149606299213%),3,127,2.362204724409,3/127 (2.362204724409%),7,127,5.511811023622,7/127 (5.511811023622%),0,127,0.000000000000,0/127 (0.000000000000%),1,128,0.781250000000,1/128 (0.781250000000%),43.097643097643,100.000000000000,297,128
OLD4_TO_NEW7_TRANSITIONS.csv:19,U7,transition,R0_4,B,E,0,0,0,N/A,N/A,0,0,0,0,0,0,0,0,0,0,0,0,N/A,N/A,0.000000000000,0.000000000000,0.000000000000,0,N/A,0/0 (N/A),0,N/A,0/0 (N/A),0,N/A,0/0 (N/A),0,N/A,0/0 (N/A),0,N/A,0/0 (N/A),0,N/A,0/0 (N/A),0,N/A,0/0 (N/A),0,N/A,0/0 (N/A),0,N/A,0/0 (N/A),0,0,N/A,0.000000000000,432,0/0 (N/A),0,0,N/A,0.000000000000,297,0/0 (N/A),0,0,N/A,0.000000000000,170,0/0 (N/A),0,0,N/A,0.000000000000,67,0/0 (N/A),0,0,N/A,0/0 (N/A),0,0,N/A,0/0 (N/A),0,0,N/A,0/0 (N/A),0,0,N/A,0/0 (N/A),0,0,N/A,0/0 (N/A),0,0,N/A,0/0 (N/A),0,0,N/A,0/0 (N/A),0,0,N/A,0/0 (N/A),0,0,N/A,0/0 (N/A),0,0,N/A,0/0 (N/A),0,0,N/A,0/0 (N/A),0,0,N/A,0/0 (N/A),0,0,N/A,0/0 (N/A),0,0,N/A,0/0 (N/A),0.000000000000,0.000000000000,297,145
OLD4_TO_NEW7_TRANSITIONS.csv:20,U7,transition,R0_4,B,F,0,0,0,N/A,N/A,0,0,0,0,0,0,0,0,0,0,0,0,N/A,N/A,0.000000000000,0.000000000000,0.000000000000,0,N/A,0/0 (N/A),0,N/A,0/0 (N/A),0,N/A,0/0 (N/A),0,N/A,0/0 (N/A),0,N/A,0/0 (N/A),0,N/A,0/0 (N/A),0,N/A,0/0 (N/A),0,N/A,0/0 (N/A),0,N/A,0/0 (N/A),0,0,N/A,0.000000000000,432,0/0 (N/A),0,0,N/A,0.000000000000,297,0/0 (N/A),0,0,N/A,0.000000000000,170,0/0 (N/A),0,0,N/A,0.000000000000,67,0/0 (N/A),0,0,N/A,0/0 (N/A),0,0,N/A,0/0 (N/A),0,0,N/A,0/0 (N/A),0,0,N/A,0/0 (N/A),0,0,N/A,0/0 (N/A),0,0,N/A,0/0 (N/A),0,0,N/A,0/0 (N/A),0,0,N/A,0/0 (N/A),0,0,N/A,0/0 (N/A),0,0,N/A,0/0 (N/A),0,0,N/A,0/0 (N/A),0,0,N/A,0/0 (N/A),0,0,N/A,0/0 (N/A),0,0,N/A,0/0 (N/A),0.000000000000,0.000000000000,297,400
OLD4_TO_NEW7_TRANSITIONS.csv:21,U7,transition,R0_4,C,S,0,0,0,N/A,N/A,0,0,0,0,0,0,0,0,0,0,0,0,N/A,N/A,0.000000000000,0.000000000000,0.000000000000,0,N/A,0/0 (N/A),0,N/A,0/0 (N/A),0,N/A,0/0 (N/A),0,N/A,0/0 (N/A),0,N/A,0/0 (N/A),0,N/A,0/0 (N/A),0,N/A,0/0 (N/A),0,N/A,0/0 (N/A),0,N/A,0/0 (N/A),0,0,N/A,0.000000000000,432,0/0 (N/A),0,0,N/A,0.000000000000,297,0/0 (N/A),0,0,N/A,0.000000000000,170,0/0 (N/A),0,0,N/A,0.000000000000,67,0/0 (N/A),0,0,N/A,0/0 (N/A),0,0,N/A,0/0 (N/A),0,0,N/A,0/0 (N/A),0,0,N/A,0/0 (N/A),0,0,N/A,0/0 (N/A),0,0,N/A,0/0 (N/A),0,0,N/A,0/0 (N/A),0,0,N/A,0/0 (N/A),0,0,N/A,0/0 (N/A),0,0,N/A,0/0 (N/A),0,0,N/A,0/0 (N/A),0,0,N/A,0/0 (N/A),0,0,N/A,0/0 (N/A),0,0,N/A,0/0 (N/A),0.000000000000,0.000000000000,545,6
OLD4_TO_NEW7_TRANSITIONS.csv:22,U7,transition,R0_4,C,A,0,0,0,N/A,N/A,0,0,0,0,0,0,0,0,0,0,0,0,N/A,N/A,0.000000000000,0.000000000000,0.000000000000,0,N/A,0/0 (N/A),0,N/A,0/0 (N/A),0,N/A,0/0 (N/A),0,N/A,0/0 (N/A),0,N/A,0/0 (N/A),0,N/A,0/0 (N/A),0,N/A,0/0 (N/A),0,N/A,0/0 (N/A),0,N/A,0/0 (N/A),0,0,N/A,0.000000000000,432,0/0 (N/A),0,0,N/A,0.000000000000,297,0/0 (N/A),0,0,N/A,0.000000000000,170,0/0 (N/A),0,0,N/A,0.000000000000,67,0/0 (N/A),0,0,N/A,0/0 (N/A),0,0,N/A,0/0 (N/A),0,0,N/A,0/0 (N/A),0,0,N/A,0/0 (N/A),0,0,N/A,0/0 (N/A),0,0,N/A,0/0 (N/A),0,0,N/A,0/0 (N/A),0,0,N/A,0/0 (N/A),0,0,N/A,0/0 (N/A),0,0,N/A,0/0 (N/A),0,0,N/A,0/0 (N/A),0,0,N/A,0/0 (N/A),0,0,N/A,0/0 (N/A),0,0,N/A,0/0 (N/A),0.000000000000,0.000000000000,545,37
OLD4_TO_NEW7_TRANSITIONS.csv:23,U7,transition,R0_4,C,B,0,0,0,N/A,N/A,0,0,0,0,0,0,0,0,0,0,0,0,N/A,N/A,0.000000000000,0.000000000000,0.000000000000,0,N/A,0/0 (N/A),0,N/A,0/0 (N/A),0,N/A,0/0 (N/A),0,N/A,0/0 (N/A),0,N/A,0/0 (N/A),0,N/A,0/0 (N/A),0,N/A,0/0 (N/A),0,N/A,0/0 (N/A),0,N/A,0/0 (N/A),0,0,N/A,0.000000000000,432,0/0 (N/A),0,0,N/A,0.000000000000,297,0/0 (N/A),0,0,N/A,0.000000000000,170,0/0 (N/A),0,0,N/A,0.000000000000,67,0/0 (N/A),0,0,N/A,0/0 (N/A),0,0,N/A,0/0 (N/A),0,0,N/A,0/0 (N/A),0,0,N/A,0/0 (N/A),0,0,N/A,0/0 (N/A),0,0,N/A,0/0 (N/A),0,0,N/A,0/0 (N/A),0,0,N/A,0/0 (N/A),0,0,N/A,0/0 (N/A),0,0,N/A,0/0 (N/A),0,0,N/A,0/0 (N/A),0,0,N/A,0/0 (N/A),0,0,N/A,0/0 (N/A),0,0,N/A,0/0 (N/A),0.000000000000,0.000000000000,545,154
OLD4_TO_NEW7_TRANSITIONS.csv:24,U7,transition,R0_4,C,C,0,0,0,N/A,N/A,0,0,0,0,0,0,0,0,0,0,0,0,N/A,N/A,0.000000000000,0.000000000000,0.000000000000,0,N/A,0/0 (N/A),0,N/A,0/0 (N/A),0,N/A,0/0 (N/A),0,N/A,0/0 (N/A),0,N/A,0/0 (N/A),0,N/A,0/0 (N/A),0,N/A,0/0 (N/A),0,N/A,0/0 (N/A),0,N/A,0/0 (N/A),0,0,N/A,0.000000000000,432,0/0 (N/A),0,0,N/A,0.000000000000,297,0/0 (N/A),0,0,N/A,0.000000000000,170,0/0 (N/A),0,0,N/A,0.000000000000,67,0/0 (N/A),0,0,N/A,0/0 (N/A),0,0,N/A,0/0 (N/A),0,0,N/A,0/0 (N/A),0,0,N/A,0/0 (N/A),0,0,N/A,0/0 (N/A),0,0,N/A,0/0 (N/A),0,0,N/A,0/0 (N/A),0,0,N/A,0/0 (N/A),0,0,N/A,0/0 (N/A),0,0,N/A,0/0 (N/A),0,0,N/A,0/0 (N/A),0,0,N/A,0/0 (N/A),0,0,N/A,0/0 (N/A),0,0,N/A,0/0 (N/A),0.000000000000,0.000000000000,545,169
OLD4_TO_NEW7_TRANSITIONS.csv:25,U7,transition,R0_4,C,D,0,0,0,N/A,N/A,0,0,0,0,0,0,0,0,0,0,0,0,N/A,N/A,0.000000000000,0.000000000000,0.000000000000,0,N/A,0/0 (N/A),0,N/A,0/0 (N/A),0,N/A,0/0 (N/A),0,N/A,0/0 (N/A),0,N/A,0/0 (N/A),0,N/A,0/0 (N/A),0,N/A,0/0 (N/A),0,N/A,0/0 (N/A),0,N/A,0/0 (N/A),0,0,N/A,0.000000000000,432,0/0 (N/A),0,0,N/A,0.000000000000,297,0/0 (N/A),0,0,N/A,0.000000000000,170,0/0 (N/A),0,0,N/A,0.000000000000,67,0/0 (N/A),0,0,N/A,0/0 (N/A),0,0,N/A,0/0 (N/A),0,0,N/A,0/0 (N/A),0,0,N/A,0/0 (N/A),0,0,N/A,0/0 (N/A),0,0,N/A,0/0 (N/A),0,0,N/A,0/0 (N/A),0,0,N/A,0/0 (N/A),0,0,N/A,0/0 (N/A),0,0,N/A,0/0 (N/A),0,0,N/A,0/0 (N/A),0,0,N/A,0/0 (N/A),0,0,N/A,0/0 (N/A),0,0,N/A,0/0 (N/A),0.000000000000,0.000000000000,545,128
OLD4_TO_NEW7_TRANSITIONS.csv:26,U7,transition,R0_4,C,E,145,145,0,100.000000000000,0.000000000000,145,36,126,70,75,26,20,14,8,19,10,3,0.272388368989,-0.099950024988,158.495706167030,118.999392663682,39.496313503347,145,48.275862068966,70/145 (48.275862068966%),145,51.724137931034,75/145 (51.724137931034%),145,17.931034482759,26/145 (17.931034482759%),145,13.793103448276,20/145 (13.793103448276%),145,9.655172413793,14/145 (9.655172413793%),145,5.517241379310,8/145 (5.517241379310%),145,13.103448275862,19/145 (13.103448275862%),145,6.896551724138,10/145 (6.896551724138%),145,2.068965517241,3/145 (2.068965517241%),72,145,49.655172413793,16.666666666667,432,72/145 (49.655172413793%),50,145,34.482758620690,16.835016835017,297,50/145 (34.482758620690%),27,145,18.620689655172,15.882352941176,170,27/145 (18.620689655172%),8,145,5.517241379310,11.940298507463,67,8/145 (5.517241379310%),8,145,5.517241379310,8/145 (5.517241379310%),6,145,4.137931034483,6/145 (4.137931034483%),6,145,4.137931034483,6/145 (4.137931034483%),6,145,4.137931034483,6/145 (4.137931034483%),24,145,16.551724137931,24/145 (16.551724137931%),20,145,13.793103448276,20/145 (13.793103448276%),37,145,25.517241379310,37/145 (25.517241379310%),19,145,13.103448275862,19/145 (13.103448275862%),9,145,6.206896551724,9/145 (6.206896551724%),4,145,2.758620689655,4/145 (2.758620689655%),3,145,2.068965517241,3/145 (2.068965517241%),3,145,2.068965517241,3/145 (2.068965517241%),0,145,0.000000000000,0/145 (0.000000000000%),0,145,0.000000000000,0/145 (0.000000000000%),26.605504587156,100.000000000000,545,145
OLD4_TO_NEW7_TRANSITIONS.csv:27,U7,transition,R0_4,C,F,400,379,21,94.750000000000,5.250000000000,400,38,322,161,218,40,26,14,10,39,21,6,0.128930330430,-0.099950024988,323.140458860292,274.275863627431,48.864595232861,379,42.480211081794,161/379 (42.480211081794%),379,57.519788918206,218/379 (57.519788918206%),379,10.554089709763,40/379 (10.554089709763%),379,6.860158311346,26/379 (6.860158311346%),379,3.693931398417,14/379 (3.693931398417%),379,2.638522427441,10/379 (2.638522427441%),379,10.290237467018,39/379 (10.290237467018%),379,5.540897097625,21/379 (5.540897097625%),379,1.583113456464,6/379 (1.583113456464%),102,400,25.500000000000,23.611111111111,432,102/400 (25.500000000000%),61,400,15.250000000000,20.538720538721,297,61/400 (15.250000000000%),30,400,7.500000000000,17.647058823529,170,30/400 (7.500000000000%),12,400,3.000000000000,17.910447761194,67,12/400 (3.000000000000%),10,379,2.638522427441,10/379 (2.638522427441%),4,379,1.055408970976,4/379 (1.055408970976%),12,379,3.166226912929,12/379 (3.166226912929%),14,379,3.693931398417,14/379 (3.693931398417%),38,379,10.026385224274,38/379 (10.026385224274%),83,379,21.899736147757,83/379 (21.899736147757%),129,379,34.036939313984,129/379 (34.036939313984%),50,379,13.192612137203,50/379 (13.192612137203%),18,379,4.749340369393,18/379 (4.749340369393%),8,379,2.110817941953,8/379 (2.110817941953%),7,379,1.846965699208,7/379 (1.846965699208%),6,379,1.583113456464,6/379 (1.583113456464%),0,379,0.000000000000,0/379 (0.000000000000%),21,400,5.250000000000,21/400 (5.250000000000%),73.394495412844,100.000000000000,545,400
OLD4_TO_NEW7_TRANSITIONS.csv:28,G7_FULL,transition,R0_4,S,S,5,5,0,100.000000000000,0.000000000000,5,3,5,1,4,0,0,0,0,1,0,0,-1.002812677250,-0.609644157513,0.644877933820,5.658941320072,-5.014063386252,5,20.000000000000,1/5 (20.000000000000%),5,80.000000000000,4/5 (80.000000000000%),5,0.000000000000,0/5 (0.000000000000%),5,0.000000000000,0/5 (0.000000000000%),5,0.000000000000,0/5 (0.000000000000%),5,0.000000000000,0/5 (0.000000000000%),5,20.000000000000,1/5 (20.000000000000%),5,0.000000000000,0/5 (0.000000000000%),5,0.000000000000,0/5 (0.000000000000%),4,5,80.000000000000,0.925925925926,432,4/5 (80.000000000000%),3,5,60.000000000000,1.010101010101,297,3/5 (60.000000000000%),1,5,20.000000000000,0.588235294118,170,1/5 (20.000000000000%),1,5,20.000000000000,1.492537313433,67,1/5 (20.000000000000%),0,5,0.000000000000,0/5 (0.000000000000%),0,5,0.000000000000,0/5 (0.000000000000%),0,5,0.000000000000,0/5 (0.000000000000%),0,5,0.000000000000,0/5 (0.000000000000%),0,5,0.000000000000,0/5 (0.000000000000%),1,5,20.000000000000,1/5 (20.000000000000%),2,5,40.000000000000,2/5 (40.000000000000%),1,5,20.000000000000,1/5 (20.000000000000%),1,5,20.000000000000,1/5 (20.000000000000%),0,5,0.000000000000,0/5 (0.000000000000%),0,5,0.000000000000,0/5 (0.000000000000%),0,5,0.000000000000,0/5 (0.000000000000%),0,5,0.000000000000,0/5 (0.000000000000%),0,5,0.000000000000,0/5 (0.000000000000%),11.627906976744,100.000000000000,43,5
OLD4_TO_NEW7_TRANSITIONS.csv:29,G7_FULL,transition,R0_4,S,A,37,37,0,100.000000000000,0.000000000000,37,21,35,8,29,6,5,4,3,9,3,0,-0.188020097326,-0.912145553240,36.156614484071,43.113358085137,-6.956743601066,37,21.621621621622,8/37 (21.621621621622%),37,78.378378378378,29/37 (78.378378378378%),37,16.216216216216,6/37 (16.216216216216%),37,13.513513513514,5/37 (13.513513513514%),37,10.810810810811,4/37 (10.810810810811%),37,8.108108108108,3/37 (8.108108108108%),37,24.324324324324,9/37 (24.324324324324%),37,8.108108108108,3/37 (8.108108108108%),37,0.000000000000,0/37 (0.000000000000%),20,37,54.054054054054,4.629629629630,432,20/37 (54.054054054054%),18,37,48.648648648649,6.060606060606,297,18/37 (48.648648648649%),10,37,27.027027027027,5.882352941176,170,10/37 (27.027027027027%),4,37,10.810810810811,5.970149253731,67,4/37 (10.810810810811%),3,37,8.108108108108,3/37 (8.108108108108%),1,37,2.702702702703,1/37 (2.702702702703%),1,37,2.702702702703,1/37 (2.702702702703%),1,37,2.702702702703,1/37 (2.702702702703%),1,37,2.702702702703,1/37 (2.702702702703%),1,37,2.702702702703,1/37 (2.702702702703%),12,37,32.432432432432,12/37 (32.432432432432%),8,37,21.621621621622,8/37 (21.621621621622%),6,37,16.216216216216,6/37 (16.216216216216%),2,37,5.405405405405,2/37 (5.405405405405%),1,37,2.702702702703,1/37 (2.702702702703%),0,37,0.000000000000,0/37 (0.000000000000%),0,37,0.000000000000,0/37 (0.000000000000%),0,37,0.000000000000,0/37 (0.000000000000%),86.046511627907,100.000000000000,43,37
OLD4_TO_NEW7_TRANSITIONS.csv:30,G7_FULL,transition,R0_4,S,B,1,1,0,100.000000000000,0.000000000000,1,1,1,1,0,1,0,0,0,0,0,0,2.615922016949,2.615922016949,2.615922016949,0.000000000000,2.615922016949,1,100.000000000000,1/1 (100.000000000000%),1,0.000000000000,0/1 (0.000000000000%),1,100.000000000000,1/1 (100.000000000000%),1,0.000000000000,0/1 (0.000000000000%),1,0.000000000000,0/1 (0.000000000000%),1,0.000000000000,0/1 (0.000000000000%),1,0.000000000000,0/1 (0.000000000000%),1,0.000000000000,0/1 (0.000000000000%),1,0.000000000000,0/1 (0.000000000000%),1,1,100.000000000000,0.231481481481,432,1/1 (100.000000000000%),1,1,100.000000000000,0.336700336700,297,1/1 (100.000000000000%),1,1,100.000000000000,0.588235294118,170,1/1 (100.000000000000%),1,1,100.000000000000,1.492537313433,67,1/1 (100.000000000000%),0,1,0.000000000000,0/1 (0.000000000000%),0,1,0.000000000000,0/1 (0.000000000000%),0,1,0.000000000000,0/1 (0.000000000000%),1,1,100.000000000000,1/1 (100.000000000000%),0,1,0.000000000000,0/1 (0.000000000000%),0,1,0.000000000000,0/1 (0.000000000000%),0,1,0.000000000000,0/1 (0.000000000000%),0,1,0.000000000000,0/1 (0.000000000000%),0,1,0.000000000000,0/1 (0.000000000000%),0,1,0.000000000000,0/1 (0.000000000000%),0,1,0.000000000000,0/1 (0.000000000000%),0,1,0.000000000000,0/1 (0.000000000000%),0,1,0.000000000000,0/1 (0.000000000000%),0,1,0.000000000000,0/1 (0.000000000000%),2.325581395349,0.729927007299,43,137
OLD4_TO_NEW7_TRANSITIONS.csv:31,G7_FULL,transition,R0_4,S,C,0,0,0,N/A,N/A,0,0,0,0,0,0,0,0,0,0,0,0,N/A,N/A,0.000000000000,0.000000000000,0.000000000000,0,N/A,0/0 (N/A),0,N/A,0/0 (N/A),0,N/A,0/0 (N/A),0,N/A,0/0 (N/A),0,N/A,0/0 (N/A),0,N/A,0/0 (N/A),0,N/A,0/0 (N/A),0,N/A,0/0 (N/A),0,N/A,0/0 (N/A),0,0,N/A,0.000000000000,432,0/0 (N/A),0,0,N/A,0.000000000000,297,0/0 (N/A),0,0,N/A,0.000000000000,170,0/0 (N/A),0,0,N/A,0.000000000000,67,0/0 (N/A),0,0,N/A,0/0 (N/A),0,0,N/A,0/0 (N/A),0,0,N/A,0/0 (N/A),0,0,N/A,0/0 (N/A),0,0,N/A,0/0 (N/A),0,0,N/A,0/0 (N/A),0,0,N/A,0/0 (N/A),0,0,N/A,0/0 (N/A),0,0,N/A,0/0 (N/A),0,0,N/A,0/0 (N/A),0,0,N/A,0/0 (N/A),0,0,N/A,0/0 (N/A),0,0,N/A,0/0 (N/A),0,0,N/A,0/0 (N/A),0.000000000000,0.000000000000,43,174
OLD4_TO_NEW7_TRANSITIONS.csv:32,G7_FULL,transition,R0_4,S,D,0,0,0,N/A,N/A,0,0,0,0,0,0,0,0,0,0,0,0,N/A,N/A,0.000000000000,0.000000000000,0.000000000000,0,N/A,0/0 (N/A),0,N/A,0/0 (N/A),0,N/A,0/0 (N/A),0,N/A,0/0 (N/A),0,N/A,0/0 (N/A),0,N/A,0/0 (N/A),0,N/A,0/0 (N/A),0,N/A,0/0 (N/A),0,N/A,0/0 (N/A),0,0,N/A,0.000000000000,432,0/0 (N/A),0,0,N/A,0.000000000000,297,0/0 (N/A),0,0,N/A,0.000000000000,170,0/0 (N/A),0,0,N/A,0.000000000000,67,0/0 (N/A),0,0,N/A,0/0 (N/A),0,0,N/A,0/0 (N/A),0,0,N/A,0/0 (N/A),0,0,N/A,0/0 (N/A),0,0,N/A,0/0 (N/A),0,0,N/A,0/0 (N/A),0,0,N/A,0/0 (N/A),0,0,N/A,0/0 (N/A),0,0,N/A,0/0 (N/A),0,0,N/A,0/0 (N/A),0,0,N/A,0/0 (N/A),0,0,N/A,0/0 (N/A),0,0,N/A,0/0 (N/A),0,0,N/A,0/0 (N/A),0.000000000000,0.000000000000,43,138
OLD4_TO_NEW7_TRANSITIONS.csv:33,G7_FULL,transition,R0_4,S,E,0,0,0,N/A,N/A,0,0,0,0,0,0,0,0,0,0,0,0,N/A,N/A,0.000000000000,0.000000000000,0.000000000000,0,N/A,0/0 (N/A),0,N/A,0/0 (N/A),0,N/A,0/0 (N/A),0,N/A,0/0 (N/A),0,N/A,0/0 (N/A),0,N/A,0/0 (N/A),0,N/A,0/0 (N/A),0,N/A,0/0 (N/A),0,N/A,0/0 (N/A),0,0,N/A,0.000000000000,432,0/0 (N/A),0,0,N/A,0.000000000000,297,0/0 (N/A),0,0,N/A,0.000000000000,170,0/0 (N/A),0,0,N/A,0.000000000000,67,0/0 (N/A),0,0,N/A,0/0 (N/A),0,0,N/A,0/0 (N/A),0,0,N/A,0/0 (N/A),0,0,N/A,0/0 (N/A),0,0,N/A,0/0 (N/A),0,0,N/A,0/0 (N/A),0,0,N/A,0/0 (N/A),0,0,N/A,0/0 (N/A),0,0,N/A,0/0 (N/A),0,0,N/A,0/0 (N/A),0,0,N/A,0/0 (N/A),0,0,N/A,0/0 (N/A),0,0,N/A,0/0 (N/A),0,0,N/A,0/0 (N/A),0.000000000000,0.000000000000,43,140
OLD4_TO_NEW7_TRANSITIONS.csv:34,G7_FULL,transition,R0_4,S,F,0,0,0,N/A,N/A,0,0,0,0,0,0,0,0,0,0,0,0,N/A,N/A,0.000000000000,0.000000000000,0.000000000000,0,N/A,0/0 (N/A),0,N/A,0/0 (N/A),0,N/A,0/0 (N/A),0,N/A,0/0 (N/A),0,N/A,0/0 (N/A),0,N/A,0/0 (N/A),0,N/A,0/0 (N/A),0,N/A,0/0 (N/A),0,N/A,0/0 (N/A),0,0,N/A,0.000000000000,432,0/0 (N/A),0,0,N/A,0.000000000000,297,0/0 (N/A),0,0,N/A,0.000000000000,170,0/0 (N/A),0,0,N/A,0.000000000000,67,0/0 (N/A),0,0,N/A,0/0 (N/A),0,0,N/A,0/0 (N/A),0,0,N/A,0/0 (N/A),0,0,N/A,0/0 (N/A),0,0,N/A,0/0 (N/A),0,0,N/A,0/0 (N/A),0,0,N/A,0/0 (N/A),0,0,N/A,0/0 (N/A),0,0,N/A,0/0 (N/A),0,0,N/A,0/0 (N/A),0,0,N/A,0/0 (N/A),0,0,N/A,0/0 (N/A),0,0,N/A,0/0 (N/A),0,0,N/A,0/0 (N/A),0.000000000000,0.000000000000,43,408
OLD4_TO_NEW7_TRANSITIONS.csv:35,G7_FULL,transition,R0_4,A,S,0,0,0,N/A,N/A,0,0,0,0,0,0,0,0,0,0,0,0,N/A,N/A,0.000000000000,0.000000000000,0.000000000000,0,N/A,0/0 (N/A),0,N/A,0/0 (N/A),0,N/A,0/0 (N/A),0,N/A,0/0 (N/A),0,N/A,0/0 (N/A),0,N/A,0/0 (N/A),0,N/A,0/0 (N/A),0,N/A,0/0 (N/A),0,N/A,0/0 (N/A),0,0,N/A,0.000000000000,432,0/0 (N/A),0,0,N/A,0.000000000000,297,0/0 (N/A),0,0,N/A,0.000000000000,170,0/0 (N/A),0,0,N/A,0.000000000000,67,0/0 (N/A),0,0,N/A,0/0 (N/A),0,0,N/A,0/0 (N/A),0,0,N/A,0/0 (N/A),0,0,N/A,0/0 (N/A),0,0,N/A,0/0 (N/A),0,0,N/A,0/0 (N/A),0,0,N/A,0/0 (N/A),0,0,N/A,0/0 (N/A),0,0,N/A,0/0 (N/A),0,0,N/A,0/0 (N/A),0,0,N/A,0/0 (N/A),0,0,N/A,0/0 (N/A),0,0,N/A,0/0 (N/A),0,0,N/A,0/0 (N/A),0.000000000000,0.000000000000,154,5
OLD4_TO_NEW7_TRANSITIONS.csv:36,G7_FULL,transition,R0_4,A,A,0,0,0,N/A,N/A,0,0,0,0,0,0,0,0,0,0,0,0,N/A,N/A,0.000000000000,0.000000000000,0.000000000000,0,N/A,0/0 (N/A),0,N/A,0/0 (N/A),0,N/A,0/0 (N/A),0,N/A,0/0 (N/A),0,N/A,0/0 (N/A),0,N/A,0/0 (N/A),0,N/A,0/0 (N/A),0,N/A,0/0 (N/A),0,N/A,0/0 (N/A),0,0,N/A,0.000000000000,432,0/0 (N/A),0,0,N/A,0.000000000000,297,0/0 (N/A),0,0,N/A,0.000000000000,170,0/0 (N/A),0,0,N/A,0.000000000000,67,0/0 (N/A),0,0,N/A,0/0 (N/A),0,0,N/A,0/0 (N/A),0,0,N/A,0/0 (N/A),0,0,N/A,0/0 (N/A),0,0,N/A,0/0 (N/A),0,0,N/A,0/0 (N/A),0,0,N/A,0/0 (N/A),0,0,N/A,0/0 (N/A),0,0,N/A,0/0 (N/A),0,0,N/A,0/0 (N/A),0,0,N/A,0/0 (N/A),0,0,N/A,0/0 (N/A),0,0,N/A,0/0 (N/A),0,0,N/A,0/0 (N/A),0.000000000000,0.000000000000,154,37
OLD4_TO_NEW7_TRANSITIONS.csv:37,G7_FULL,transition,R0_4,A,B,136,136,0,100.000000000000,0.000000000000,136,35,113,50,86,20,16,13,10,16,9,1,0.817965465103,-0.355243097470,225.303213974998,114.059910721006,111.243303253991,136,36.764705882353,50/136 (36.764705882353%),136,63.235294117647,86/136 (63.235294117647%),136,14.705882352941,20/136 (14.705882352941%),136,11.764705882353,16/136 (11.764705882353%),136,9.558823529412,13/136 (9.558823529412%),136,7.352941176471,10/136 (7.352941176471%),136,11.764705882353,16/136 (11.764705882353%),136,6.617647058824,9/136 (6.617647058824%),136,0.735294117647,1/136 (0.735294117647%),74,136,54.411764705882,17.129629629630,432,74/136 (54.411764705882%),57,136,41.911764705882,19.191919191919,297,57/136 (41.911764705882%),38,136,27.941176470588,22.352941176471,170,38/136 (27.941176470588%),18,136,13.235294117647,26.865671641791,67,18/136 (13.235294117647%),10,136,7.352941176471,10/136 (7.352941176471%),3,136,2.205882352941,3/136 (2.205882352941%),3,136,2.205882352941,3/136 (2.205882352941%),4,136,2.941176470588,4/136 (2.941176470588%),13,136,9.558823529412,13/136 (9.558823529412%),17,136,12.500000000000,17/136 (12.500000000000%),44,136,32.352941176471,44/136 (32.352941176471%),26,136,19.117647058824,26/136 (19.117647058824%),7,136,5.147058823529,7/136 (5.147058823529%),5,136,3.676470588235,5/136 (3.676470588235%),3,136,2.205882352941,3/136 (2.205882352941%),1,136,0.735294117647,1/136 (0.735294117647%),0,136,0.000000000000,0/136 (0.000000000000%),0,136,0.000000000000,0/136 (0.000000000000%),88.311688311688,99.270072992701,154,137
OLD4_TO_NEW7_TRANSITIONS.csv:38,G7_FULL,transition,R0_4,A,C,18,18,0,100.000000000000,0.000000000000,18,14,16,11,7,8,7,6,6,5,2,1,3.772892766321,1.454297327867,86.400439009168,18.488369215385,67.912069793782,18,61.111111111111,11/18 (61.111111111111%),18,38.888888888889,7/18 (38.888888888889%),18,44.444444444444,8/18 (44.444444444444%),18,38.888888888889,7/18 (38.888888888889%),18,33.333333333333,6/18 (33.333333333333%),18,33.333333333333,6/18 (33.333333333333%),18,27.777777777778,5/18 (27.777777777778%),18,11.111111111111,2/18 (11.111111111111%),18,5.555555555556,1/18 (5.555555555556%),12,18,66.666666666667,2.777777777778,432,12/18 (66.666666666667%),12,18,66.666666666667,4.040404040404,297,12/18 (66.666666666667%),9,18,50.000000000000,5.294117647059,170,9/18 (50.000000000000%),5,18,27.777777777778,7.462686567164,67,5/18 (27.777777777778%),6,18,33.333333333333,6/18 (33.333333333333%),0,18,0.000000000000,0/18 (0.000000000000%),1,18,5.555555555556,1/18 (5.555555555556%),1,18,5.555555555556,1/18 (5.555555555556%),2,18,11.111111111111,2/18 (11.111111111111%),1,18,5.555555555556,1/18 (5.555555555556%),1,18,5.555555555556,1/18 (5.555555555556%),1,18,5.555555555556,1/18 (5.555555555556%),3,18,16.666666666667,3/18 (16.666666666667%),1,18,5.555555555556,1/18 (5.555555555556%),0,18,0.000000000000,0/18 (0.000000000000%),1,18,5.555555555556,1/18 (5.555555555556%),0,18,0.000000000000,0/18 (0.000000000000%),0,18,0.000000000000,0/18 (0.000000000000%),11.688311688312,10.344827586207,154,174
OLD4_TO_NEW7_TRANSITIONS.csv:39,G7_FULL,transition,R0_4,A,D,0,0,0,N/A,N/A,0,0,0,0,0,0,0,0,0,0,0,0,N/A,N/A,0.000000000000,0.000000000000,0.000000000000,0,N/A,0/0 (N/A),0,N/A,0/0 (N/A),0,N/A,0/0 (N/A),0,N/A,0/0 (N/A),0,N/A,0/0 (N/A),0,N/A,0/0 (N/A),0,N/A,0/0 (N/A),0,N/A,0/0 (N/A),0,N/A,0/0 (N/A),0,0,N/A,0.000000000000,432,0/0 (N/A),0,0,N/A,0.000000000000,297,0/0 (N/A),0,0,N/A,0.000000000000,170,0/0 (N/A),0,0,N/A,0.000000000000,67,0/0 (N/A),0,0,N/A,0/0 (N/A),0,0,N/A,0/0 (N/A),0,0,N/A,0/0 (N/A),0,0,N/A,0/0 (N/A),0,0,N/A,0/0 (N/A),0,0,N/A,0/0 (N/A),0,0,N/A,0/0 (N/A),0,0,N/A,0/0 (N/A),0,0,N/A,0/0 (N/A),0,0,N/A,0/0 (N/A),0,0,N/A,0/0 (N/A),0,0,N/A,0/0 (N/A),0,0,N/A,0/0 (N/A),0,0,N/A,0/0 (N/A),0.000000000000,0.000000000000,154,138
OLD4_TO_NEW7_TRANSITIONS.csv:40,G7_FULL,transition,R0_4,A,E,0,0,0,N/A,N/A,0,0,0,0,0,0,0,0,0,0,0,0,N/A,N/A,0.000000000000,0.000000000000,0.000000000000,0,N/A,0/0 (N/A),0,N/A,0/0 (N/A),0,N/A,0/0 (N/A),0,N/A,0/0 (N/A),0,N/A,0/0 (N/A),0,N/A,0/0 (N/A),0,N/A,0/0 (N/A),0,N/A,0/0 (N/A),0,N/A,0/0 (N/A),0,0,N/A,0.000000000000,432,0/0 (N/A),0,0,N/A,0.000000000000,297,0/0 (N/A),0,0,N/A,0.000000000000,170,0/0 (N/A),0,0,N/A,0.000000000000,67,0/0 (N/A),0,0,N/A,0/0 (N/A),0,0,N/A,0/0 (N/A),0,0,N/A,0/0 (N/A),0,0,N/A,0/0 (N/A),0,0,N/A,0/0 (N/A),0,0,N/A,0/0 (N/A),0,0,N/A,0/0 (N/A),0,0,N/A,0/0 (N/A),0,0,N/A,0/0 (N/A),0,0,N/A,0/0 (N/A),0,0,N/A,0/0 (N/A),0,0,N/A,0/0 (N/A),0,0,N/A,0/0 (N/A),0,0,N/A,0/0 (N/A),0.000000000000,0.000000000000,154,140
OLD4_TO_NEW7_TRANSITIONS.csv:41,G7_FULL,transition,R0_4,A,F,0,0,0,N/A,N/A,0,0,0,0,0,0,0,0,0,0,0,0,N/A,N/A,0.000000000000,0.000000000000,0.000000000000,0,N/A,0/0 (N/A),0,N/A,0/0 (N/A),0,N/A,0/0 (N/A),0,N/A,0/0 (N/A),0,N/A,0/0 (N/A),0,N/A,0/0 (N/A),0,N/A,0/0 (N/A),0,N/A,0/0 (N/A),0,N/A,0/0 (N/A),0,0,N/A,0.000000000000,432,0/0 (N/A),0,0,N/A,0.000000000000,297,0/0 (N/A),0,0,N/A,0.000000000000,170,0/0 (N/A),0,0,N/A,0.000000000000,67,0/0 (N/A),0,0,N/A,0/0 (N/A),0,0,N/A,0/0 (N/A),0,0,N/A,0/0 (N/A),0,0,N/A,0/0 (N/A),0,0,N/A,0/0 (N/A),0,0,N/A,0/0 (N/A),0,0,N/A,0/0 (N/A),0,0,N/A,0/0 (N/A),0,0,N/A,0/0 (N/A),0,0,N/A,0/0 (N/A),0,0,N/A,0/0 (N/A),0,0,N/A,0/0 (N/A),0,0,N/A,0/0 (N/A),0,0,N/A,0/0 (N/A),0.000000000000,0.000000000000,154,408
OLD4_TO_NEW7_TRANSITIONS.csv:42,G7_FULL,transition,R0_4,B,S,0,0,0,N/A,N/A,0,0,0,0,0,0,0,0,0,0,0,0,N/A,N/A,0.000000000000,0.000000000000,0.000000000000,0,N/A,0/0 (N/A),0,N/A,0/0 (N/A),0,N/A,0/0 (N/A),0,N/A,0/0 (N/A),0,N/A,0/0 (N/A),0,N/A,0/0 (N/A),0,N/A,0/0 (N/A),0,N/A,0/0 (N/A),0,N/A,0/0 (N/A),0,0,N/A,0.000000000000,432,0/0 (N/A),0,0,N/A,0.000000000000,297,0/0 (N/A),0,0,N/A,0.000000000000,170,0/0 (N/A),0,0,N/A,0.000000000000,67,0/0 (N/A),0,0,N/A,0/0 (N/A),0,0,N/A,0/0 (N/A),0,0,N/A,0/0 (N/A),0,0,N/A,0/0 (N/A),0,0,N/A,0/0 (N/A),0,0,N/A,0/0 (N/A),0,0,N/A,0/0 (N/A),0,0,N/A,0/0 (N/A),0,0,N/A,0/0 (N/A),0,0,N/A,0/0 (N/A),0,0,N/A,0/0 (N/A),0,0,N/A,0/0 (N/A),0,0,N/A,0/0 (N/A),0,0,N/A,0/0 (N/A),0.000000000000,0.000000000000,297,5
OLD4_TO_NEW7_TRANSITIONS.csv:43,G7_FULL,transition,R0_4,B,A,0,0,0,N/A,N/A,0,0,0,0,0,0,0,0,0,0,0,0,N/A,N/A,0.000000000000,0.000000000000,0.000000000000,0,N/A,0/0 (N/A),0,N/A,0/0 (N/A),0,N/A,0/0 (N/A),0,N/A,0/0 (N/A),0,N/A,0/0 (N/A),0,N/A,0/0 (N/A),0,N/A,0/0 (N/A),0,N/A,0/0 (N/A),0,N/A,0/0 (N/A),0,0,N/A,0.000000000000,432,0/0 (N/A),0,0,N/A,0.000000000000,297,0/0 (N/A),0,0,N/A,0.000000000000,170,0/0 (N/A),0,0,N/A,0.000000000000,67,0/0 (N/A),0,0,N/A,0/0 (N/A),0,0,N/A,0/0 (N/A),0,0,N/A,0/0 (N/A),0,0,N/A,0/0 (N/A),0,0,N/A,0/0 (N/A),0,0,N/A,0/0 (N/A),0,0,N/A,0/0 (N/A),0,0,N/A,0/0 (N/A),0,0,N/A,0/0 (N/A),0,0,N/A,0/0 (N/A),0,0,N/A,0/0 (N/A),0,0,N/A,0/0 (N/A),0,0,N/A,0/0 (N/A),0,0,N/A,0/0 (N/A),0.000000000000,0.000000000000,297,37
OLD4_TO_NEW7_TRANSITIONS.csv:44,G7_FULL,transition,R0_4,B,B,0,0,0,N/A,N/A,0,0,0,0,0,0,0,0,0,0,0,0,N/A,N/A,0.000000000000,0.000000000000,0.000000000000,0,N/A,0/0 (N/A),0,N/A,0/0 (N/A),0,N/A,0/0 (N/A),0,N/A,0/0 (N/A),0,N/A,0/0 (N/A),0,N/A,0/0 (N/A),0,N/A,0/0 (N/A),0,N/A,0/0 (N/A),0,N/A,0/0 (N/A),0,0,N/A,0.000000000000,432,0/0 (N/A),0,0,N/A,0.000000000000,297,0/0 (N/A),0,0,N/A,0.000000000000,170,0/0 (N/A),0,0,N/A,0.000000000000,67,0/0 (N/A),0,0,N/A,0/0 (N/A),0,0,N/A,0/0 (N/A),0,0,N/A,0/0 (N/A),0,0,N/A,0/0 (N/A),0,0,N/A,0/0 (N/A),0,0,N/A,0/0 (N/A),0,0,N/A,0/0 (N/A),0,0,N/A,0/0 (N/A),0,0,N/A,0/0 (N/A),0,0,N/A,0/0 (N/A),0,0,N/A,0/0 (N/A),0,0,N/A,0/0 (N/A),0,0,N/A,0/0 (N/A),0,0,N/A,0/0 (N/A),0.000000000000,0.000000000000,297,137
OLD4_TO_NEW7_TRANSITIONS.csv:45,G7_FULL,transition,R0_4,B,C,156,155,1,99.358974358974,0.641025641026,156,37,127,63,92,15,11,7,7,26,11,3,-0.198579031902,-0.265896951856,115.927278613042,146.707028557799,-30.779749944757,155,40.645161290323,63/155 (40.645161290323%),155,59.354838709677,92/155 (59.354838709677%),155,9.677419354839,15/155 (9.677419354839%),155,7.096774193548,11/155 (7.096774193548%),155,4.516129032258,7/155 (4.516129032258%),155,4.516129032258,7/155 (4.516129032258%),155,16.774193548387,26/155 (16.774193548387%),155,7.096774193548,11/155 (7.096774193548%),155,1.935483870968,3/155 (1.935483870968%),74,156,47.435897435897,17.129629629630,432,74/156 (47.435897435897%),47,156,30.128205128205,15.824915824916,297,47/156 (30.128205128205%),27,156,17.307692307692,15.882352941176,170,27/156 (17.307692307692%),9,156,5.769230769231,13.432835820896,67,9/156 (5.769230769231%),7,155,4.516129032258,7/155 (4.516129032258%),0,155,0.000000000000,0/155 (0.000000000000%),4,155,2.580645161290,4/155 (2.580645161290%),4,155,2.580645161290,4/155 (2.580645161290%),15,155,9.677419354839,15/155 (9.677419354839%),33,155,21.290322580645,33/155 (21.290322580645%),44,155,28.387096774194,44/155 (28.387096774194%),22,155,14.193548387097,22/155 (14.193548387097%),15,155,9.677419354839,15/155 (9.677419354839%),3,155,1.935483870968,3/155 (1.935483870968%),5,155,3.225806451613,5/155 (3.225806451613%),3,155,1.935483870968,3/155 (1.935483870968%),0,155,0.000000000000,0/155 (0.000000000000%),1,156,0.641025641026,1/156 (0.641025641026%),52.525252525253,89.655172413793,297,174
OLD4_TO_NEW7_TRANSITIONS.csv:46,G7_FULL,transition,R0_4,B,D,138,137,1,99.275362318841,0.724637681159,138,36,124,63,74,20,13,6,3,27,16,8,-0.269804043888,-0.099950024988,112.654433065787,149.617587078423,-36.963154012636,137,45.985401459854,63/137 (45.985401459854%),137,54.014598540146,74/137 (54.014598540146%),137,14.598540145985,20/137 (14.598540145985%),137,9.489051094891,13/137 (9.489051094891%),137,4.379562043796,6/137 (4.379562043796%),137,2.189781021898,3/137 (2.189781021898%),137,19.708029197080,27/137 (19.708029197080%),137,11.678832116788,16/137 (11.678832116788%),137,5.839416058394,8/137 (5.839416058394%),72,138,52.173913043478,16.666666666667,432,72/138 (52.173913043478%),47,138,34.057971014493,15.824915824916,297,47/138 (34.057971014493%),26,138,18.840579710145,15.294117647059,170,26/138 (18.840579710145%),8,138,5.797101449275,11.940298507463,67,8/138 (5.797101449275%),3,137,2.189781021898,3/137 (2.189781021898%),3,137,2.189781021898,3/137 (2.189781021898%),7,137,5.109489051095,7/137 (5.109489051095%),7,137,5.109489051095,7/137 (5.109489051095%),17,137,12.408759124088,17/137 (12.408759124088%),26,137,18.978102189781,26/137 (18.978102189781%),32,137,23.357664233577,32/137 (23.357664233577%),15,137,10.948905109489,15/137 (10.948905109489%),11,137,8.029197080292,11/137 (8.029197080292%),5,137,3.649635036496,5/137 (3.649635036496%),3,137,2.189781021898,3/137 (2.189781021898%),8,137,5.839416058394,8/137 (5.839416058394%),0,137,0.000000000000,0/137 (0.000000000000%),1,138,0.724637681159,1/138 (0.724637681159%),46.464646464646,100.000000000000,297,138
OLD4_TO_NEW7_TRANSITIONS.csv:47,G7_FULL,transition,R0_4,B,E,3,3,0,100.000000000000,0.000000000000,3,3,3,1,2,1,1,1,1,2,1,1,0.611843175191,-2.008868177376,8.877683529172,7.042154003599,1.835529525573,3,33.333333333333,1/3 (33.333333333333%),3,66.666666666667,2/3 (66.666666666667%),3,33.333333333333,1/3 (33.333333333333%),3,33.333333333333,1/3 (33.333333333333%),3,33.333333333333,1/3 (33.333333333333%),3,33.333333333333,1/3 (33.333333333333%),3,66.666666666667,2/3 (66.666666666667%),3,33.333333333333,1/3 (33.333333333333%),3,33.333333333333,1/3 (33.333333333333%),1,3,33.333333333333,0.231481481481,432,1/3 (33.333333333333%),1,3,33.333333333333,0.336700336700,297,1/3 (33.333333333333%),1,3,33.333333333333,0.588235294118,170,1/3 (33.333333333333%),1,3,33.333333333333,1.492537313433,67,1/3 (33.333333333333%),1,3,33.333333333333,1/3 (33.333333333333%),0,3,0.000000000000,0/3 (0.000000000000%),0,3,0.000000000000,0/3 (0.000000000000%),0,3,0.000000000000,0/3 (0.000000000000%),0,3,0.000000000000,0/3 (0.000000000000%),0,3,0.000000000000,0/3 (0.000000000000%),0,3,0.000000000000,0/3 (0.000000000000%),0,3,0.000000000000,0/3 (0.000000000000%),1,3,33.333333333333,1/3 (33.333333333333%),0,3,0.000000000000,0/3 (0.000000000000%),0,3,0.000000000000,0/3 (0.000000000000%),1,3,33.333333333333,1/3 (33.333333333333%),0,3,0.000000000000,0/3 (0.000000000000%),0,3,0.000000000000,0/3 (0.000000000000%),1.010101010101,2.142857142857,297,140
OLD4_TO_NEW7_TRANSITIONS.csv:48,G7_FULL,transition,R0_4,B,F,0,0,0,N/A,N/A,0,0,0,0,0,0,0,0,0,0,0,0,N/A,N/A,0.000000000000,0.000000000000,0.000000000000,0,N/A,0/0 (N/A),0,N/A,0/0 (N/A),0,N/A,0/0 (N/A),0,N/A,0/0 (N/A),0,N/A,0/0 (N/A),0,N/A,0/0 (N/A),0,N/A,0/0 (N/A),0,N/A,0/0 (N/A),0,N/A,0/0 (N/A),0,0,N/A,0.000000000000,432,0/0 (N/A),0,0,N/A,0.000000000000,297,0/0 (N/A),0,0,N/A,0.000000000000,170,0/0 (N/A),0,0,N/A,0.000000000000,67,0/0 (N/A),0,0,N/A,0/0 (N/A),0,0,N/A,0/0 (N/A),0,0,N/A,0/0 (N/A),0,0,N/A,0/0 (N/A),0,0,N/A,0/0 (N/A),0,0,N/A,0/0 (N/A),0,0,N/A,0/0 (N/A),0,0,N/A,0/0 (N/A),0,0,N/A,0/0 (N/A),0,0,N/A,0/0 (N/A),0,0,N/A,0/0 (N/A),0,0,N/A,0/0 (N/A),0,0,N/A,0/0 (N/A),0,0,N/A,0/0 (N/A),0.000000000000,0.000000000000,297,408
OLD4_TO_NEW7_TRANSITIONS.csv:49,G7_FULL,transition,R0_4,C,S,0,0,0,N/A,N/A,0,0,0,0,0,0,0,0,0,0,0,0,N/A,N/A,0.000000000000,0.000000000000,0.000000000000,0,N/A,0/0 (N/A),0,N/A,0/0 (N/A),0,N/A,0/0 (N/A),0,N/A,0/0 (N/A),0,N/A,0/0 (N/A),0,N/A,0/0 (N/A),0,N/A,0/0 (N/A),0,N/A,0/0 (N/A),0,N/A,0/0 (N/A),0,0,N/A,0.000000000000,432,0/0 (N/A),0,0,N/A,0.000000000000,297,0/0 (N/A),0,0,N/A,0.000000000000,170,0/0 (N/A),0,0,N/A,0.000000000000,67,0/0 (N/A),0,0,N/A,0/0 (N/A),0,0,N/A,0/0 (N/A),0,0,N/A,0/0 (N/A),0,0,N/A,0/0 (N/A),0,0,N/A,0/0 (N/A),0,0,N/A,0/0 (N/A),0,0,N/A,0/0 (N/A),0,0,N/A,0/0 (N/A),0,0,N/A,0/0 (N/A),0,0,N/A,0/0 (N/A),0,0,N/A,0/0 (N/A),0,0,N/A,0/0 (N/A),0,0,N/A,0/0 (N/A),0,0,N/A,0/0 (N/A),0.000000000000,0.000000000000,545,5
OLD4_TO_NEW7_TRANSITIONS.csv:50,G7_FULL,transition,R0_4,C,A,0,0,0,N/A,N/A,0,0,0,0,0,0,0,0,0,0,0,0,N/A,N/A,0.000000000000,0.000000000000,0.000000000000,0,N/A,0/0 (N/A),0,N/A,0/0 (N/A),0,N/A,0/0 (N/A),0,N/A,0/0 (N/A),0,N/A,0/0 (N/A),0,N/A,0/0 (N/A),0,N/A,0/0 (N/A),0,N/A,0/0 (N/A),0,N/A,0/0 (N/A),0,0,N/A,0.000000000000,432,0/0 (N/A),0,0,N/A,0.000000000000,297,0/0 (N/A),0,0,N/A,0.000000000000,170,0/0 (N/A),0,0,N/A,0.000000000000,67,0/0 (N/A),0,0,N/A,0/0 (N/A),0,0,N/A,0/0 (N/A),0,0,N/A,0/0 (N/A),0,0,N/A,0/0 (N/A),0,0,N/A,0/0 (N/A),0,0,N/A,0/0 (N/A),0,0,N/A,0/0 (N/A),0,0,N/A,0/0 (N/A),0,0,N/A,0/0 (N/A),0,0,N/A,0/0 (N/A),0,0,N/A,0/0 (N/A),0,0,N/A,0/0 (N/A),0,0,N/A,0/0 (N/A),0,0,N/A,0/0 (N/A),0.000000000000,0.000000000000,545,37
OLD4_TO_NEW7_TRANSITIONS.csv:51,G7_FULL,transition,R0_4,C,B,0,0,0,N/A,N/A,0,0,0,0,0,0,0,0,0,0,0,0,N/A,N/A,0.000000000000,0.000000000000,0.000000000000,0,N/A,0/0 (N/A),0,N/A,0/0 (N/A),0,N/A,0/0 (N/A),0,N/A,0/0 (N/A),0,N/A,0/0 (N/A),0,N/A,0/0 (N/A),0,N/A,0/0 (N/A),0,N/A,0/0 (N/A),0,N/A,0/0 (N/A),0,0,N/A,0.000000000000,432,0/0 (N/A),0,0,N/A,0.000000000000,297,0/0 (N/A),0,0,N/A,0.000000000000,170,0/0 (N/A),0,0,N/A,0.000000000000,67,0/0 (N/A),0,0,N/A,0/0 (N/A),0,0,N/A,0/0 (N/A),0,0,N/A,0/0 (N/A),0,0,N/A,0/0 (N/A),0,0,N/A,0/0 (N/A),0,0,N/A,0/0 (N/A),0,0,N/A,0/0 (N/A),0,0,N/A,0/0 (N/A),0,0,N/A,0/0 (N/A),0,0,N/A,0/0 (N/A),0,0,N/A,0/0 (N/A),0,0,N/A,0/0 (N/A),0,0,N/A,0/0 (N/A),0,0,N/A,0/0 (N/A),0.000000000000,0.000000000000,545,137
OLD4_TO_NEW7_TRANSITIONS.csv:52,G7_FULL,transition,R0_4,C,C,0,0,0,N/A,N/A,0,0,0,0,0,0,0,0,0,0,0,0,N/A,N/A,0.000000000000,0.000000000000,0.000000000000,0,N/A,0/0 (N/A),0,N/A,0/0 (N/A),0,N/A,0/0 (N/A),0,N/A,0/0 (N/A),0,N/A,0/0 (N/A),0,N/A,0/0 (N/A),0,N/A,0/0 (N/A),0,N/A,0/0 (N/A),0,N/A,0/0 (N/A),0,0,N/A,0.000000000000,432,0/0 (N/A),0,0,N/A,0.000000000000,297,0/0 (N/A),0,0,N/A,0.000000000000,170,0/0 (N/A),0,0,N/A,0.000000000000,67,0/0 (N/A),0,0,N/A,0/0 (N/A),0,0,N/A,0/0 (N/A),0,0,N/A,0/0 (N/A),0,0,N/A,0/0 (N/A),0,0,N/A,0/0 (N/A),0,0,N/A,0/0 (N/A),0,0,N/A,0/0 (N/A),0,0,N/A,0/0 (N/A),0,0,N/A,0/0 (N/A),0,0,N/A,0/0 (N/A),0,0,N/A,0/0 (N/A),0,0,N/A,0/0 (N/A),0,0,N/A,0/0 (N/A),0,0,N/A,0/0 (N/A),0.000000000000,0.000000000000,545,174
OLD4_TO_NEW7_TRANSITIONS.csv:53,G7_FULL,transition,R0_4,C,D,0,0,0,N/A,N/A,0,0,0,0,0,0,0,0,0,0,0,0,N/A,N/A,0.000000000000,0.000000000000,0.000000000000,0,N/A,0/0 (N/A),0,N/A,0/0 (N/A),0,N/A,0/0 (N/A),0,N/A,0/0 (N/A),0,N/A,0/0 (N/A),0,N/A,0/0 (N/A),0,N/A,0/0 (N/A),0,N/A,0/0 (N/A),0,N/A,0/0 (N/A),0,0,N/A,0.000000000000,432,0/0 (N/A),0,0,N/A,0.000000000000,297,0/0 (N/A),0,0,N/A,0.000000000000,170,0/0 (N/A),0,0,N/A,0.000000000000,67,0/0 (N/A),0,0,N/A,0/0 (N/A),0,0,N/A,0/0 (N/A),0,0,N/A,0/0 (N/A),0,0,N/A,0/0 (N/A),0,0,N/A,0/0 (N/A),0,0,N/A,0/0 (N/A),0,0,N/A,0/0 (N/A),0,0,N/A,0/0 (N/A),0,0,N/A,0/0 (N/A),0,0,N/A,0/0 (N/A),0,0,N/A,0/0 (N/A),0,0,N/A,0/0 (N/A),0,0,N/A,0/0 (N/A),0,0,N/A,0/0 (N/A),0.000000000000,0.000000000000,545,138
OLD4_TO_NEW7_TRANSITIONS.csv:54,G7_FULL,transition,R0_4,C,E,137,137,0,100.000000000000,0.000000000000,137,36,120,67,70,23,17,11,6,16,7,1,0.334743109430,-0.099950024988,141.476642750495,95.616836758632,45.859805991862,137,48.905109489051,67/137 (48.905109489051%),137,51.094890510949,70/137 (51.094890510949%),137,16.788321167883,23/137 (16.788321167883%),137,12.408759124088,17/137 (12.408759124088%),137,8.029197080292,11/137 (8.029197080292%),137,4.379562043796,6/137 (4.379562043796%),137,11.678832116788,16/137 (11.678832116788%),137,5.109489051095,7/137 (5.109489051095%),137,0.729927007299,1/137 (0.729927007299%),66,137,48.175182481752,15.277777777778,432,66/137 (48.175182481752%),45,137,32.846715328467,15.151515151515,297,45/137 (32.846715328467%),24,137,17.518248175182,14.117647058824,170,24/137 (17.518248175182%),7,137,5.109489051095,10.447761194030,67,7/137 (5.109489051095%),6,137,4.379562043796,6/137 (4.379562043796%),5,137,3.649635036496,5/137 (3.649635036496%),6,137,4.379562043796,6/137 (4.379562043796%),6,137,4.379562043796,6/137 (4.379562043796%),24,137,17.518248175182,24/137 (17.518248175182%),20,137,14.598540145985,20/137 (14.598540145985%),36,137,26.277372262774,36/137 (26.277372262774%),18,137,13.138686131387,18/137 (13.138686131387%),9,137,6.569343065693,9/137 (6.569343065693%),4,137,2.919708029197,4/137 (2.919708029197%),2,137,1.459854014599,2/137 (1.459854014599%),1,137,0.729927007299,1/137 (0.729927007299%),0,137,0.000000000000,0/137 (0.000000000000%),0,137,0.000000000000,0/137 (0.000000000000%),25.137614678899,97.857142857143,545,140
OLD4_TO_NEW7_TRANSITIONS.csv:55,G7_FULL,transition,R0_4,C,F,408,387,21,94.852941176471,5.147058823529,408,38,325,164,223,43,29,17,12,42,24,8,0.109821970916,-0.099950024988,340.159522276827,297.658419532481,42.501102744346,387,42.377260981912,164/387 (42.377260981912%),387,57.622739018088,223/387 (57.622739018088%),387,11.111111111111,43/387 (11.111111111111%),387,7.493540051680,29/387 (7.493540051680%),387,4.392764857881,17/387 (4.392764857881%),387,3.100775193798,12/387 (3.100775193798%),387,10.852713178295,42/387 (10.852713178295%),387,6.201550387597,24/387 (6.201550387597%),387,2.067183462532,8/387 (2.067183462532%),108,408,26.470588235294,25.000000000000,432,108/408 (26.470588235294%),66,408,16.176470588235,22.222222222222,297,66/408 (16.176470588235%),33,408,8.088235294118,19.411764705882,170,33/408 (8.088235294118%),13,408,3.186274509804,19.402985074627,67,13/408 (3.186274509804%),12,387,3.100775193798,12/387 (3.100775193798%),5,387,1.291989664083,5/387 (1.291989664083%),12,387,3.100775193798,12/387 (3.100775193798%),14,387,3.617571059432,14/387 (3.617571059432%),38,387,9.819121447028,38/387 (9.819121447028%),83,387,21.447028423773,83/387 (21.447028423773%),130,387,33.591731266150,130/387 (33.591731266150%),51,387,13.178294573643,51/387 (13.178294573643%),18,387,4.651162790698,18/387 (4.651162790698%),8,387,2.067183462532,8/387 (2.067183462532%),8,387,2.067183462532,8/387 (2.067183462532%),8,387,2.067183462532,8/387 (2.067183462532%),0,387,0.000000000000,0/387 (0.000000000000%),21,408,5.147058823529,21/408 (5.147058823529%),74.862385321101,100.000000000000,545,408
OLD4_TO_NEW7_TRANSITIONS.csv:56,B7_FULL,transition,R0_4,S,S,5,5,0,100.000000000000,0.000000000000,5,3,5,1,4,0,0,0,0,1,0,0,-1.002812677250,-0.609644157513,0.644877933820,5.658941320072,-5.014063386252,5,20.000000000000,1/5 (20.000000000000%),5,80.000000000000,4/5 (80.000000000000%),5,0.000000000000,0/5 (0.000000000000%),5,0.000000000000,0/5 (0.000000000000%),5,0.000000000000,0/5 (0.000000000000%),5,0.000000000000,0/5 (0.000000000000%),5,20.000000000000,1/5 (20.000000000000%),5,0.000000000000,0/5 (0.000000000000%),5,0.000000000000,0/5 (0.000000000000%),4,5,80.000000000000,0.925925925926,432,4/5 (80.000000000000%),3,5,60.000000000000,1.010101010101,297,3/5 (60.000000000000%),1,5,20.000000000000,0.588235294118,170,1/5 (20.000000000000%),1,5,20.000000000000,1.492537313433,67,1/5 (20.000000000000%),0,5,0.000000000000,0/5 (0.000000000000%),0,5,0.000000000000,0/5 (0.000000000000%),0,5,0.000000000000,0/5 (0.000000000000%),0,5,0.000000000000,0/5 (0.000000000000%),0,5,0.000000000000,0/5 (0.000000000000%),1,5,20.000000000000,1/5 (20.000000000000%),2,5,40.000000000000,2/5 (40.000000000000%),1,5,20.000000000000,1/5 (20.000000000000%),1,5,20.000000000000,1/5 (20.000000000000%),0,5,0.000000000000,0/5 (0.000000000000%),0,5,0.000000000000,0/5 (0.000000000000%),0,5,0.000000000000,0/5 (0.000000000000%),0,5,0.000000000000,0/5 (0.000000000000%),0,5,0.000000000000,0/5 (0.000000000000%),11.627906976744,100.000000000000,43,5
OLD4_TO_NEW7_TRANSITIONS.csv:57,B7_FULL,transition,R0_4,S,A,30,30,0,100.000000000000,0.000000000000,30,20,29,6,24,4,4,3,2,8,3,0,-0.437391912512,-1.025411397811,23.471038622356,36.592795997714,-13.121757375357,30,20.000000000000,6/30 (20.000000000000%),30,80.000000000000,24/30 (80.000000000000%),30,13.333333333333,4/30 (13.333333333333%),30,13.333333333333,4/30 (13.333333333333%),30,10.000000000000,3/30 (10.000000000000%),30,6.666666666667,2/30 (6.666666666667%),30,26.666666666667,8/30 (26.666666666667%),30,10.000000000000,3/30 (10.000000000000%),30,0.000000000000,0/30 (0.000000000000%),17,30,56.666666666667,3.935185185185,432,17/30 (56.666666666667%),15,30,50.000000000000,5.050505050505,297,15/30 (50.000000000000%),9,30,30.000000000000,5.294117647059,170,9/30 (30.000000000000%),3,30,10.000000000000,4.477611940299,67,3/30 (10.000000000000%),2,30,6.666666666667,2/30 (6.666666666667%),1,30,3.333333333333,1/30 (3.333333333333%),1,30,3.333333333333,1/30 (3.333333333333%),0,30,0.000000000000,0/30 (0.000000000000%),1,30,3.333333333333,1/30 (3.333333333333%),1,30,3.333333333333,1/30 (3.333333333333%),9,30,30.000000000000,9/30 (30.000000000000%),7,30,23.333333333333,7/30 (23.333333333333%),5,30,16.666666666667,5/30 (16.666666666667%),2,30,6.666666666667,2/30 (6.666666666667%),1,30,3.333333333333,1/30 (3.333333333333%),0,30,0.000000000000,0/30 (0.000000000000%),0,30,0.000000000000,0/30 (0.000000000000%),0,30,0.000000000000,0/30 (0.000000000000%),69.767441860465,100.000000000000,43,30
OLD4_TO_NEW7_TRANSITIONS.csv:58,B7_FULL,transition,R0_4,S,B,8,8,0,100.000000000000,0.000000000000,8,8,8,3,5,3,1,1,1,1,0,0,1.097616973905,-0.548558448677,15.301497878664,6.520562087423,8.780935791241,8,37.500000000000,3/8 (37.500000000000%),8,62.500000000000,5/8 (62.500000000000%),8,37.500000000000,3/8 (37.500000000000%),8,12.500000000000,1/8 (12.500000000000%),8,12.500000000000,1/8 (12.500000000000%),8,12.500000000000,1/8 (12.500000000000%),8,12.500000000000,1/8 (12.500000000000%),8,0.000000000000,0/8 (0.000000000000%),8,0.000000000000,0/8 (0.000000000000%),4,8,50.000000000000,0.925925925926,432,4/8 (50.000000000000%),4,8,50.000000000000,1.346801346801,297,4/8 (50.000000000000%),2,8,25.000000000000,1.176470588235,170,2/8 (25.000000000000%),2,8,25.000000000000,2.985074626866,67,2/8 (25.000000000000%),1,8,12.500000000000,1/8 (12.500000000000%),0,8,0.000000000000,0/8 (0.000000000000%),0,8,0.000000000000,0/8 (0.000000000000%),2,8,25.000000000000,2/8 (25.000000000000%),0,8,0.000000000000,0/8 (0.000000000000%),0,8,0.000000000000,0/8 (0.000000000000%),3,8,37.500000000000,3/8 (37.500000000000%),1,8,12.500000000000,1/8 (12.500000000000%),1,8,12.500000000000,1/8 (12.500000000000%),0,8,0.000000000000,0/8 (0.000000000000%),0,8,0.000000000000,0/8 (0.000000000000%),0,8,0.000000000000,0/8 (0.000000000000%),0,8,0.000000000000,0/8 (0.000000000000%),0,8,0.000000000000,0/8 (0.000000000000%),18.604651162791,6.349206349206,43,126
OLD4_TO_NEW7_TRANSITIONS.csv:59,B7_FULL,transition,R0_4,S,C,0,0,0,N/A,N/A,0,0,0,0,0,0,0,0,0,0,0,0,N/A,N/A,0.000000000000,0.000000000000,0.000000000000,0,N/A,0/0 (N/A),0,N/A,0/0 (N/A),0,N/A,0/0 (N/A),0,N/A,0/0 (N/A),0,N/A,0/0 (N/A),0,N/A,0/0 (N/A),0,N/A,0/0 (N/A),0,N/A,0/0 (N/A),0,N/A,0/0 (N/A),0,0,N/A,0.000000000000,432,0/0 (N/A),0,0,N/A,0.000000000000,297,0/0 (N/A),0,0,N/A,0.000000000000,170,0/0 (N/A),0,0,N/A,0.000000000000,67,0/0 (N/A),0,0,N/A,0/0 (N/A),0,0,N/A,0/0 (N/A),0,0,N/A,0/0 (N/A),0,0,N/A,0/0 (N/A),0,0,N/A,0/0 (N/A),0,0,N/A,0/0 (N/A),0,0,N/A,0/0 (N/A),0,0,N/A,0/0 (N/A),0,0,N/A,0/0 (N/A),0,0,N/A,0/0 (N/A),0,0,N/A,0/0 (N/A),0,0,N/A,0/0 (N/A),0,0,N/A,0/0 (N/A),0,0,N/A,0/0 (N/A),0.000000000000,0.000000000000,43,165
OLD4_TO_NEW7_TRANSITIONS.csv:60,B7_FULL,transition,R0_4,S,D,0,0,0,N/A,N/A,0,0,0,0,0,0,0,0,0,0,0,0,N/A,N/A,0.000000000000,0.000000000000,0.000000000000,0,N/A,0/0 (N/A),0,N/A,0/0 (N/A),0,N/A,0/0 (N/A),0,N/A,0/0 (N/A),0,N/A,0/0 (N/A),0,N/A,0/0 (N/A),0,N/A,0/0 (N/A),0,N/A,0/0 (N/A),0,N/A,0/0 (N/A),0,0,N/A,0.000000000000,432,0/0 (N/A),0,0,N/A,0.000000000000,297,0/0 (N/A),0,0,N/A,0.000000000000,170,0/0 (N/A),0,0,N/A,0.000000000000,67,0/0 (N/A),0,0,N/A,0/0 (N/A),0,0,N/A,0/0 (N/A),0,0,N/A,0/0 (N/A),0,0,N/A,0/0 (N/A),0,0,N/A,0/0 (N/A),0,0,N/A,0/0 (N/A),0,0,N/A,0/0 (N/A),0,0,N/A,0/0 (N/A),0,0,N/A,0/0 (N/A),0,0,N/A,0/0 (N/A),0,0,N/A,0/0 (N/A),0,0,N/A,0/0 (N/A),0,0,N/A,0/0 (N/A),0,0,N/A,0/0 (N/A),0.000000000000,0.000000000000,43,149
OLD4_TO_NEW7_TRANSITIONS.csv:61,B7_FULL,transition,R0_4,S,E,0,0,0,N/A,N/A,0,0,0,0,0,0,0,0,0,0,0,0,N/A,N/A,0.000000000000,0.000000000000,0.000000000000,0,N/A,0/0 (N/A),0,N/A,0/0 (N/A),0,N/A,0/0 (N/A),0,N/A,0/0 (N/A),0,N/A,0/0 (N/A),0,N/A,0/0 (N/A),0,N/A,0/0 (N/A),0,N/A,0/0 (N/A),0,N/A,0/0 (N/A),0,0,N/A,0.000000000000,432,0/0 (N/A),0,0,N/A,0.000000000000,297,0/0 (N/A),0,0,N/A,0.000000000000,170,0/0 (N/A),0,0,N/A,0.000000000000,67,0/0 (N/A),0,0,N/A,0/0 (N/A),0,0,N/A,0/0 (N/A),0,0,N/A,0/0 (N/A),0,0,N/A,0/0 (N/A),0,0,N/A,0/0 (N/A),0,0,N/A,0/0 (N/A),0,0,N/A,0/0 (N/A),0,0,N/A,0/0 (N/A),0,0,N/A,0/0 (N/A),0,0,N/A,0/0 (N/A),0,0,N/A,0/0 (N/A),0,0,N/A,0/0 (N/A),0,0,N/A,0/0 (N/A),0,0,N/A,0/0 (N/A),0.000000000000,0.000000000000,43,139
OLD4_TO_NEW7_TRANSITIONS.csv:62,B7_FULL,transition,R0_4,S,F,0,0,0,N/A,N/A,0,0,0,0,0,0,0,0,0,0,0,0,N/A,N/A,0.000000000000,0.000000000000,0.000000000000,0,N/A,0/0 (N/A),0,N/A,0/0 (N/A),0,N/A,0/0 (N/A),0,N/A,0/0 (N/A),0,N/A,0/0 (N/A),0,N/A,0/0 (N/A),0,N/A,0/0 (N/A),0,N/A,0/0 (N/A),0,N/A,0/0 (N/A),0,0,N/A,0.000000000000,432,0/0 (N/A),0,0,N/A,0.000000000000,297,0/0 (N/A),0,0,N/A,0.000000000000,170,0/0 (N/A),0,0,N/A,0.000000000000,67,0/0 (N/A),0,0,N/A,0/0 (N/A),0,0,N/A,0/0 (N/A),0,0,N/A,0/0 (N/A),0,0,N/A,0/0 (N/A),0,0,N/A,0/0 (N/A),0,0,N/A,0/0 (N/A),0,0,N/A,0/0 (N/A),0,0,N/A,0/0 (N/A),0,0,N/A,0/0 (N/A),0,0,N/A,0/0 (N/A),0,0,N/A,0/0 (N/A),0,0,N/A,0/0 (N/A),0,0,N/A,0/0 (N/A),0,0,N/A,0/0 (N/A),0.000000000000,0.000000000000,43,425
OLD4_TO_NEW7_TRANSITIONS.csv:63,B7_FULL,transition,R0_4,A,S,0,0,0,N/A,N/A,0,0,0,0,0,0,0,0,0,0,0,0,N/A,N/A,0.000000000000,0.000000000000,0.000000000000,0,N/A,0/0 (N/A),0,N/A,0/0 (N/A),0,N/A,0/0 (N/A),0,N/A,0/0 (N/A),0,N/A,0/0 (N/A),0,N/A,0/0 (N/A),0,N/A,0/0 (N/A),0,N/A,0/0 (N/A),0,N/A,0/0 (N/A),0,0,N/A,0.000000000000,432,0/0 (N/A),0,0,N/A,0.000000000000,297,0/0 (N/A),0,0,N/A,0.000000000000,170,0/0 (N/A),0,0,N/A,0.000000000000,67,0/0 (N/A),0,0,N/A,0/0 (N/A),0,0,N/A,0/0 (N/A),0,0,N/A,0/0 (N/A),0,0,N/A,0/0 (N/A),0,0,N/A,0/0 (N/A),0,0,N/A,0/0 (N/A),0,0,N/A,0/0 (N/A),0,0,N/A,0/0 (N/A),0,0,N/A,0/0 (N/A),0,0,N/A,0/0 (N/A),0,0,N/A,0/0 (N/A),0,0,N/A,0/0 (N/A),0,0,N/A,0/0 (N/A),0,0,N/A,0/0 (N/A),0.000000000000,0.000000000000,154,5
OLD4_TO_NEW7_TRANSITIONS.csv:64,B7_FULL,transition,R0_4,A,A,0,0,0,N/A,N/A,0,0,0,0,0,0,0,0,0,0,0,0,N/A,N/A,0.000000000000,0.000000000000,0.000000000000,0,N/A,0/0 (N/A),0,N/A,0/0 (N/A),0,N/A,0/0 (N/A),0,N/A,0/0 (N/A),0,N/A,0/0 (N/A),0,N/A,0/0 (N/A),0,N/A,0/0 (N/A),0,N/A,0/0 (N/A),0,N/A,0/0 (N/A),0,0,N/A,0.000000000000,432,0/0 (N/A),0,0,N/A,0.000000000000,297,0/0 (N/A),0,0,N/A,0.000000000000,170,0/0 (N/A),0,0,N/A,0.000000000000,67,0/0 (N/A),0,0,N/A,0/0 (N/A),0,0,N/A,0/0 (N/A),0,0,N/A,0/0 (N/A),0,0,N/A,0/0 (N/A),0,0,N/A,0/0 (N/A),0,0,N/A,0/0 (N/A),0,0,N/A,0/0 (N/A),0,0,N/A,0/0 (N/A),0,0,N/A,0/0 (N/A),0,0,N/A,0/0 (N/A),0,0,N/A,0/0 (N/A),0,0,N/A,0/0 (N/A),0,0,N/A,0/0 (N/A),0,0,N/A,0/0 (N/A),0.000000000000,0.000000000000,154,30
OLD4_TO_NEW7_TRANSITIONS.csv:65,B7_FULL,transition,R0_4,A,B,118,118,0,100.000000000000,0.000000000000,118,35,101,45,73,17,13,10,7,13,8,1,0.536752214872,-0.322571101734,155.390349853102,92.053588498231,63.336761354871,118,38.135593220339,45/118 (38.135593220339%),118,61.864406779661,73/118 (61.864406779661%),118,14.406779661017,17/118 (14.406779661017%),118,11.016949152542,13/118 (11.016949152542%),118,8.474576271186,10/118 (8.474576271186%),118,5.932203389831,7/118 (5.932203389831%),118,11.016949152542,13/118 (11.016949152542%),118,6.779661016949,8/118 (6.779661016949%),118,0.847457627119,1/118 (0.847457627119%),68,118,57.627118644068,15.740740740741,432,68/118 (57.627118644068%),53,118,44.915254237288,17.845117845118,297,53/118 (44.915254237288%),35,118,29.661016949153,20.588235294118,170,35/118 (29.661016949153%),15,118,12.711864406780,22.388059701493,67,15/118 (12.711864406780%),7,118,5.932203389831,7/118 (5.932203389831%),3,118,2.542372881356,3/118 (2.542372881356%),3,118,2.542372881356,3/118 (2.542372881356%),4,118,3.389830508475,4/118 (3.389830508475%),11,118,9.322033898305,11/118 (9.322033898305%),17,118,14.406779661017,17/118 (14.406779661017%),42,118,35.593220338983,42/118 (35.593220338983%),18,118,15.254237288136,18/118 (15.254237288136%),5,118,4.237288135593,5/118 (4.237288135593%),4,118,3.389830508475,4/118 (3.389830508475%),3,118,2.542372881356,3/118 (2.542372881356%),1,118,0.847457627119,1/118 (0.847457627119%),0,118,0.000000000000,0/118 (0.000000000000%),0,118,0.000000000000,0/118 (0.000000000000%),76.623376623377,93.650793650794,154,126
OLD4_TO_NEW7_TRANSITIONS.csv:66,B7_FULL,transition,R0_4,A,C,24,24,0,100.000000000000,0.000000000000,24,16,22,10,14,5,5,4,4,4,1,0,2.489472474014,-0.494292327520,81.737725281348,21.990385905004,59.747339376343,24,41.666666666667,10/24 (41.666666666667%),24,58.333333333333,14/24 (58.333333333333%),24,20.833333333333,5/24 (20.833333333333%),24,20.833333333333,5/24 (20.833333333333%),24,16.666666666667,4/24 (16.666666666667%),24,16.666666666667,4/24 (16.666666666667%),24,16.666666666667,4/24 (16.666666666667%),24,4.166666666667,1/24 (4.166666666667%),24,0.000000000000,0/24 (0.000000000000%),10,24,41.666666666667,2.314814814815,432,10/24 (41.666666666667%),8,24,33.333333333333,2.693602693603,297,8/24 (33.333333333333%),6,24,25.000000000000,3.529411764706,170,6/24 (25.000000000000%),4,24,16.666666666667,5.970149253731,67,4/24 (16.666666666667%),4,24,16.666666666667,4/24 (16.666666666667%),0,24,0.000000000000,0/24 (0.000000000000%),1,24,4.166666666667,1/24 (4.166666666667%),0,24,0.000000000000,0/24 (0.000000000000%),4,24,16.666666666667,4/24 (16.666666666667%),1,24,4.166666666667,1/24 (4.166666666667%),3,24,12.500000000000,3/24 (12.500000000000%),7,24,29.166666666667,7/24 (29.166666666667%),3,24,12.500000000000,3/24 (12.500000000000%),1,24,4.166666666667,1/24 (4.166666666667%),0,24,0.000000000000,0/24 (0.000000000000%),0,24,0.000000000000,0/24 (0.000000000000%),0,24,0.000000000000,0/24 (0.000000000000%),0,24,0.000000000000,0/24 (0.000000000000%),15.584415584416,14.545454545455,154,165
OLD4_TO_NEW7_TRANSITIONS.csv:67,B7_FULL,transition,R0_4,A,D,12,12,0,100.000000000000,0.000000000000,12,9,12,6,6,6,5,5,5,4,2,1,4.672606026380,0.245283854932,74.575577849716,18.504305533156,56.071272316559,12,50.000000000000,6/12 (50.000000000000%),12,50.000000000000,6/12 (50.000000000000%),12,50.000000000000,6/12 (50.000000000000%),12,41.666666666667,5/12 (41.666666666667%),12,41.666666666667,5/12 (41.666666666667%),12,41.666666666667,5/12 (41.666666666667%),12,33.333333333333,4/12 (33.333333333333%),12,16.666666666667,2/12 (16.666666666667%),12,8.333333333333,1/12 (8.333333333333%),8,12,66.666666666667,1.851851851852,432,8/12 (66.666666666667%),8,12,66.666666666667,2.693602693603,297,8/12 (66.666666666667%),6,12,50.000000000000,3.529411764706,170,6/12 (50.000000000000%),4,12,33.333333333333,5.970149253731,67,4/12 (33.333333333333%),5,12,41.666666666667,5/12 (41.666666666667%),0,12,0.000000000000,0/12 (0.000000000000%),0,12,0.000000000000,0/12 (0.000000000000%),1,12,8.333333333333,1/12 (8.333333333333%),0,12,0.000000000000,0/12 (0.000000000000%),0,12,0.000000000000,0/12 (0.000000000000%),0,12,0.000000000000,0/12 (0.000000000000%),2,12,16.666666666667,2/12 (16.666666666667%),2,12,16.666666666667,2/12 (16.666666666667%),1,12,8.333333333333,1/12 (8.333333333333%),0,12,0.000000000000,0/12 (0.000000000000%),1,12,8.333333333333,1/12 (8.333333333333%),0,12,0.000000000000,0/12 (0.000000000000%),0,12,0.000000000000,0/12 (0.000000000000%),7.792207792208,8.053691275168,154,149
OLD4_TO_NEW7_TRANSITIONS.csv:68,B7_FULL,transition,R0_4,A,E,0,0,0,N/A,N/A,0,0,0,0,0,0,0,0,0,0,0,0,N/A,N/A,0.000000000000,0.000000000000,0.000000000000,0,N/A,0/0 (N/A),0,N/A,0/0 (N/A),0,N/A,0/0 (N/A),0,N/A,0/0 (N/A),0,N/A,0/0 (N/A),0,N/A,0/0 (N/A),0,N/A,0/0 (N/A),0,N/A,0/0 (N/A),0,N/A,0/0 (N/A),0,0,N/A,0.000000000000,432,0/0 (N/A),0,0,N/A,0.000000000000,297,0/0 (N/A),0,0,N/A,0.000000000000,170,0/0 (N/A),0,0,N/A,0.000000000000,67,0/0 (N/A),0,0,N/A,0/0 (N/A),0,0,N/A,0/0 (N/A),0,0,N/A,0/0 (N/A),0,0,N/A,0/0 (N/A),0,0,N/A,0/0 (N/A),0,0,N/A,0/0 (N/A),0,0,N/A,0/0 (N/A),0,0,N/A,0/0 (N/A),0,0,N/A,0/0 (N/A),0,0,N/A,0/0 (N/A),0,0,N/A,0/0 (N/A),0,0,N/A,0/0 (N/A),0,0,N/A,0/0 (N/A),0,0,N/A,0/0 (N/A),0.000000000000,0.000000000000,154,139
OLD4_TO_NEW7_TRANSITIONS.csv:69,B7_FULL,transition,R0_4,A,F,0,0,0,N/A,N/A,0,0,0,0,0,0,0,0,0,0,0,0,N/A,N/A,0.000000000000,0.000000000000,0.000000000000,0,N/A,0/0 (N/A),0,N/A,0/0 (N/A),0,N/A,0/0 (N/A),0,N/A,0/0 (N/A),0,N/A,0/0 (N/A),0,N/A,0/0 (N/A),0,N/A,0/0 (N/A),0,N/A,0/0 (N/A),0,N/A,0/0 (N/A),0,0,N/A,0.000000000000,432,0/0 (N/A),0,0,N/A,0.000000000000,297,0/0 (N/A),0,0,N/A,0.000000000000,170,0/0 (N/A),0,0,N/A,0.000000000000,67,0/0 (N/A),0,0,N/A,0/0 (N/A),0,0,N/A,0/0 (N/A),0,0,N/A,0/0 (N/A),0,0,N/A,0/0 (N/A),0,0,N/A,0/0 (N/A),0,0,N/A,0/0 (N/A),0,0,N/A,0/0 (N/A),0,0,N/A,0/0 (N/A),0,0,N/A,0/0 (N/A),0,0,N/A,0/0 (N/A),0,0,N/A,0/0 (N/A),0,0,N/A,0/0 (N/A),0,0,N/A,0/0 (N/A),0,0,N/A,0/0 (N/A),0.000000000000,0.000000000000,154,425
OLD4_TO_NEW7_TRANSITIONS.csv:70,B7_FULL,transition,R0_4,B,S,0,0,0,N/A,N/A,0,0,0,0,0,0,0,0,0,0,0,0,N/A,N/A,0.000000000000,0.000000000000,0.000000000000,0,N/A,0/0 (N/A),0,N/A,0/0 (N/A),0,N/A,0/0 (N/A),0,N/A,0/0 (N/A),0,N/A,0/0 (N/A),0,N/A,0/0 (N/A),0,N/A,0/0 (N/A),0,N/A,0/0 (N/A),0,N/A,0/0 (N/A),0,0,N/A,0.000000000000,432,0/0 (N/A),0,0,N/A,0.000000000000,297,0/0 (N/A),0,0,N/A,0.000000000000,170,0/0 (N/A),0,0,N/A,0.000000000000,67,0/0 (N/A),0,0,N/A,0/0 (N/A),0,0,N/A,0/0 (N/A),0,0,N/A,0/0 (N/A),0,0,N/A,0/0 (N/A),0,0,N/A,0/0 (N/A),0,0,N/A,0/0 (N/A),0,0,N/A,0/0 (N/A),0,0,N/A,0/0 (N/A),0,0,N/A,0/0 (N/A),0,0,N/A,0/0 (N/A),0,0,N/A,0/0 (N/A),0,0,N/A,0/0 (N/A),0,0,N/A,0/0 (N/A),0,0,N/A,0/0 (N/A),0.000000000000,0.000000000000,297,5
OLD4_TO_NEW7_TRANSITIONS.csv:71,B7_FULL,transition,R0_4,B,A,0,0,0,N/A,N/A,0,0,0,0,0,0,0,0,0,0,0,0,N/A,N/A,0.000000000000,0.000000000000,0.000000000000,0,N/A,0/0 (N/A),0,N/A,0/0 (N/A),0,N/A,0/0 (N/A),0,N/A,0/0 (N/A),0,N/A,0/0 (N/A),0,N/A,0/0 (N/A),0,N/A,0/0 (N/A),0,N/A,0/0 (N/A),0,N/A,0/0 (N/A),0,0,N/A,0.000000000000,432,0/0 (N/A),0,0,N/A,0.000000000000,297,0/0 (N/A),0,0,N/A,0.000000000000,170,0/0 (N/A),0,0,N/A,0.000000000000,67,0/0 (N/A),0,0,N/A,0/0 (N/A),0,0,N/A,0/0 (N/A),0,0,N/A,0/0 (N/A),0,0,N/A,0/0 (N/A),0,0,N/A,0/0 (N/A),0,0,N/A,0/0 (N/A),0,0,N/A,0/0 (N/A),0,0,N/A,0/0 (N/A),0,0,N/A,0/0 (N/A),0,0,N/A,0/0 (N/A),0,0,N/A,0/0 (N/A),0,0,N/A,0/0 (N/A),0,0,N/A,0/0 (N/A),0,0,N/A,0/0 (N/A),0.000000000000,0.000000000000,297,30
OLD4_TO_NEW7_TRANSITIONS.csv:72,B7_FULL,transition,R0_4,B,B,0,0,0,N/A,N/A,0,0,0,0,0,0,0,0,0,0,0,0,N/A,N/A,0.000000000000,0.000000000000,0.000000000000,0,N/A,0/0 (N/A),0,N/A,0/0 (N/A),0,N/A,0/0 (N/A),0,N/A,0/0 (N/A),0,N/A,0/0 (N/A),0,N/A,0/0 (N/A),0,N/A,0/0 (N/A),0,N/A,0/0 (N/A),0,N/A,0/0 (N/A),0,0,N/A,0.000000000000,432,0/0 (N/A),0,0,N/A,0.000000000000,297,0/0 (N/A),0,0,N/A,0.000000000000,170,0/0 (N/A),0,0,N/A,0.000000000000,67,0/0 (N/A),0,0,N/A,0/0 (N/A),0,0,N/A,0/0 (N/A),0,0,N/A,0/0 (N/A),0,0,N/A,0/0 (N/A),0,0,N/A,0/0 (N/A),0,0,N/A,0/0 (N/A),0,0,N/A,0/0 (N/A),0,0,N/A,0/0 (N/A),0,0,N/A,0/0 (N/A),0,0,N/A,0/0 (N/A),0,0,N/A,0/0 (N/A),0,0,N/A,0/0 (N/A),0,0,N/A,0/0 (N/A),0,0,N/A,0/0 (N/A),0.000000000000,0.000000000000,297,126
OLD4_TO_NEW7_TRANSITIONS.csv:73,B7_FULL,transition,R0_4,B,C,141,140,1,99.290780141844,0.709219858156,141,37,121,56,84,13,10,6,6,23,10,3,-0.208803942511,-0.292945569892,103.690718327978,132.923270279548,-29.232551951570,140,40.000000000000,56/140 (40.000000000000%),140,60.000000000000,84/140 (60.000000000000%),140,9.285714285714,13/140 (9.285714285714%),140,7.142857142857,10/140 (7.142857142857%),140,4.285714285714,6/140 (4.285714285714%),140,4.285714285714,6/140 (4.285714285714%),140,16.428571428571,23/140 (16.428571428571%),140,7.142857142857,10/140 (7.142857142857%),140,2.142857142857,3/140 (2.142857142857%),68,141,48.226950354610,15.740740740741,432,68/141 (48.226950354610%),42,141,29.787234042553,14.141414141414,297,42/141 (29.787234042553%),24,141,17.021276595745,14.117647058824,170,24/141 (17.021276595745%),7,141,4.964539007092,10.447761194030,67,7/141 (4.964539007092%),6,140,4.285714285714,6/140 (4.285714285714%),0,140,0.000000000000,0/140 (0.000000000000%),4,140,2.857142857143,4/140 (2.857142857143%),3,140,2.142857142857,3/140 (2.142857142857%),15,140,10.714285714286,15/140 (10.714285714286%),28,140,20.000000000000,28/140 (20.000000000000%),41,140,29.285714285714,41/140 (29.285714285714%),20,140,14.285714285714,20/140 (14.285714285714%),13,140,9.285714285714,13/140 (9.285714285714%),3,140,2.142857142857,3/140 (2.142857142857%),4,140,2.857142857143,4/140 (2.857142857143%),3,140,2.142857142857,3/140 (2.142857142857%),0,140,0.000000000000,0/140 (0.000000000000%),1,141,0.709219858156,1/141 (0.709219858156%),47.474747474747,85.454545454545,297,165
OLD4_TO_NEW7_TRANSITIONS.csv:74,B7_FULL,transition,R0_4,B,D,137,136,1,99.270072992701,0.729927007299,137,37,121,64,72,21,13,6,4,28,16,8,-0.281932267956,-0.099950024988,115.420054246056,153.762842688121,-38.342788442065,136,47.058823529412,64/136 (47.058823529412%),136,52.941176470588,72/136 (52.941176470588%),136,15.441176470588,21/136 (15.441176470588%),136,9.558823529412,13/136 (9.558823529412%),136,4.411764705882,6/136 (4.411764705882%),136,2.941176470588,4/136 (2.941176470588%),136,20.588235294118,28/136 (20.588235294118%),136,11.764705882353,16/136 (11.764705882353%),136,5.882352941176,8/136 (5.882352941176%),69,137,50.364963503650,15.972222222222,432,69/137 (50.364963503650%),48,137,35.036496350365,16.161616161616,297,48/137 (35.036496350365%),26,137,18.978102189781,15.294117647059,170,26/137 (18.978102189781%),10,137,7.299270072993,14.925373134328,67,10/137 (7.299270072993%),4,136,2.941176470588,4/136 (2.941176470588%),2,136,1.470588235294,2/136 (1.470588235294%),7,136,5.147058823529,7/136 (5.147058823529%),8,136,5.882352941176,8/136 (5.882352941176%),14,136,10.294117647059,14/136 (10.294117647059%),29,136,21.323529411765,29/136 (21.323529411765%),28,136,20.588235294118,28/136 (20.588235294118%),16,136,11.764705882353,16/136 (11.764705882353%),12,136,8.823529411765,12/136 (8.823529411765%),5,136,3.676470588235,5/136 (3.676470588235%),3,136,2.205882352941,3/136 (2.205882352941%),8,136,5.882352941176,8/136 (5.882352941176%),0,136,0.000000000000,0/136 (0.000000000000%),1,137,0.729927007299,1/137 (0.729927007299%),46.127946127946,91.946308724832,297,149
OLD4_TO_NEW7_TRANSITIONS.csv:75,B7_FULL,transition,R0_4,B,E,18,18,0,100.000000000000,0.000000000000,18,13,17,7,11,2,2,2,1,3,2,1,0.204268563288,-0.099950024988,18.348622633968,14.671788494776,3.676834139191,18,38.888888888889,7/18 (38.888888888889%),18,61.111111111111,11/18 (61.111111111111%),18,11.111111111111,2/18 (11.111111111111%),18,11.111111111111,2/18 (11.111111111111%),18,11.111111111111,2/18 (11.111111111111%),18,5.555555555556,1/18 (5.555555555556%),18,16.666666666667,3/18 (16.666666666667%),18,11.111111111111,2/18 (11.111111111111%),18,5.555555555556,1/18 (5.555555555556%),10,18,55.555555555556,2.314814814815,432,10/18 (55.555555555556%),5,18,27.777777777778,1.683501683502,297,5/18 (27.777777777778%),4,18,22.222222222222,2.352941176471,170,4/18 (22.222222222222%),1,18,5.555555555556,1.492537313433,67,1/18 (5.555555555556%),1,18,5.555555555556,1/18 (5.555555555556%),1,18,5.555555555556,1/18 (5.555555555556%),0,18,0.000000000000,0/18 (0.000000000000%),0,18,0.000000000000,0/18 (0.000000000000%),3,18,16.666666666667,3/18 (16.666666666667%),2,18,11.111111111111,2/18 (11.111111111111%),7,18,38.888888888889,7/18 (38.888888888889%),1,18,5.555555555556,1/18 (5.555555555556%),1,18,5.555555555556,1/18 (5.555555555556%),0,18,0.000000000000,0/18 (0.000000000000%),1,18,5.555555555556,1/18 (5.555555555556%),1,18,5.555555555556,1/18 (5.555555555556%),0,18,0.000000000000,0/18 (0.000000000000%),0,18,0.000000000000,0/18 (0.000000000000%),6.060606060606,12.949640287770,297,139
OLD4_TO_NEW7_TRANSITIONS.csv:76,B7_FULL,transition,R0_4,B,F,1,1,0,100.000000000000,0.000000000000,1,1,1,0,1,0,0,0,0,1,0,0,-2.008868177376,-2.008868177376,0.000000000000,2.008868177376,-2.008868177376,1,0.000000000000,0/1 (0.000000000000%),1,100.000000000000,1/1 (100.000000000000%),1,0.000000000000,0/1 (0.000000000000%),1,0.000000000000,0/1 (0.000000000000%),1,0.000000000000,0/1 (0.000000000000%),1,0.000000000000,0/1 (0.000000000000%),1,100.000000000000,1/1 (100.000000000000%),1,0.000000000000,0/1 (0.000000000000%),1,0.000000000000,0/1 (0.000000000000%),0,1,0.000000000000,0.000000000000,432,0/1 (0.000000000000%),0,1,0.000000000000,0.000000000000,297,0/1 (0.000000000000%),0,1,0.000000000000,0.000000000000,170,0/1 (0.000000000000%),0,1,0.000000000000,0.000000000000,67,0/1 (0.000000000000%),0,1,0.000000000000,0/1 (0.000000000000%),0,1,0.000000000000,0/1 (0.000000000000%),0,1,0.000000000000,0/1 (0.000000000000%),0,1,0.000000000000,0/1 (0.000000000000%),0,1,0.000000000000,0/1 (0.000000000000%),0,1,0.000000000000,0/1 (0.000000000000%),0,1,0.000000000000,0/1 (0.000000000000%),0,1,0.000000000000,0/1 (0.000000000000%),1,1,100.000000000000,1/1 (100.000000000000%),0,1,0.000000000000,0/1 (0.000000000000%),0,1,0.000000000000,0/1 (0.000000000000%),0,1,0.000000000000,0/1 (0.000000000000%),0,1,0.000000000000,0/1 (0.000000000000%),0,1,0.000000000000,0/1 (0.000000000000%),0.336700336700,0.235294117647,297,425
OLD4_TO_NEW7_TRANSITIONS.csv:77,B7_FULL,transition,R0_4,C,S,0,0,0,N/A,N/A,0,0,0,0,0,0,0,0,0,0,0,0,N/A,N/A,0.000000000000,0.000000000000,0.000000000000,0,N/A,0/0 (N/A),0,N/A,0/0 (N/A),0,N/A,0/0 (N/A),0,N/A,0/0 (N/A),0,N/A,0/0 (N/A),0,N/A,0/0 (N/A),0,N/A,0/0 (N/A),0,N/A,0/0 (N/A),0,N/A,0/0 (N/A),0,0,N/A,0.000000000000,432,0/0 (N/A),0,0,N/A,0.000000000000,297,0/0 (N/A),0,0,N/A,0.000000000000,170,0/0 (N/A),0,0,N/A,0.000000000000,67,0/0 (N/A),0,0,N/A,0/0 (N/A),0,0,N/A,0/0 (N/A),0,0,N/A,0/0 (N/A),0,0,N/A,0/0 (N/A),0,0,N/A,0/0 (N/A),0,0,N/A,0/0 (N/A),0,0,N/A,0/0 (N/A),0,0,N/A,0/0 (N/A),0,0,N/A,0/0 (N/A),0,0,N/A,0/0 (N/A),0,0,N/A,0/0 (N/A),0,0,N/A,0/0 (N/A),0,0,N/A,0/0 (N/A),0,0,N/A,0/0 (N/A),0.000000000000,0.000000000000,545,5
OLD4_TO_NEW7_TRANSITIONS.csv:78,B7_FULL,transition,R0_4,C,A,0,0,0,N/A,N/A,0,0,0,0,0,0,0,0,0,0,0,0,N/A,N/A,0.000000000000,0.000000000000,0.000000000000,0,N/A,0/0 (N/A),0,N/A,0/0 (N/A),0,N/A,0/0 (N/A),0,N/A,0/0 (N/A),0,N/A,0/0 (N/A),0,N/A,0/0 (N/A),0,N/A,0/0 (N/A),0,N/A,0/0 (N/A),0,N/A,0/0 (N/A),0,0,N/A,0.000000000000,432,0/0 (N/A),0,0,N/A,0.000000000000,297,0/0 (N/A),0,0,N/A,0.000000000000,170,0/0 (N/A),0,0,N/A,0.000000000000,67,0/0 (N/A),0,0,N/A,0/0 (N/A),0,0,N/A,0/0 (N/A),0,0,N/A,0/0 (N/A),0,0,N/A,0/0 (N/A),0,0,N/A,0/0 (N/A),0,0,N/A,0/0 (N/A),0,0,N/A,0/0 (N/A),0,0,N/A,0/0 (N/A),0,0,N/A,0/0 (N/A),0,0,N/A,0/0 (N/A),0,0,N/A,0/0 (N/A),0,0,N/A,0/0 (N/A),0,0,N/A,0/0 (N/A),0,0,N/A,0/0 (N/A),0.000000000000,0.000000000000,545,30
OLD4_TO_NEW7_TRANSITIONS.csv:79,B7_FULL,transition,R0_4,C,B,0,0,0,N/A,N/A,0,0,0,0,0,0,0,0,0,0,0,0,N/A,N/A,0.000000000000,0.000000000000,0.000000000000,0,N/A,0/0 (N/A),0,N/A,0/0 (N/A),0,N/A,0/0 (N/A),0,N/A,0/0 (N/A),0,N/A,0/0 (N/A),0,N/A,0/0 (N/A),0,N/A,0/0 (N/A),0,N/A,0/0 (N/A),0,N/A,0/0 (N/A),0,0,N/A,0.000000000000,432,0/0 (N/A),0,0,N/A,0.000000000000,297,0/0 (N/A),0,0,N/A,0.000000000000,170,0/0 (N/A),0,0,N/A,0.000000000000,67,0/0 (N/A),0,0,N/A,0/0 (N/A),0,0,N/A,0/0 (N/A),0,0,N/A,0/0 (N/A),0,0,N/A,0/0 (N/A),0,0,N/A,0/0 (N/A),0,0,N/A,0/0 (N/A),0,0,N/A,0/0 (N/A),0,0,N/A,0/0 (N/A),0,0,N/A,0/0 (N/A),0,0,N/A,0/0 (N/A),0,0,N/A,0/0 (N/A),0,0,N/A,0/0 (N/A),0,0,N/A,0/0 (N/A),0,0,N/A,0/0 (N/A),0.000000000000,0.000000000000,545,126
OLD4_TO_NEW7_TRANSITIONS.csv:80,B7_FULL,transition,R0_4,C,C,0,0,0,N/A,N/A,0,0,0,0,0,0,0,0,0,0,0,0,N/A,N/A,0.000000000000,0.000000000000,0.000000000000,0,N/A,0/0 (N/A),0,N/A,0/0 (N/A),0,N/A,0/0 (N/A),0,N/A,0/0 (N/A),0,N/A,0/0 (N/A),0,N/A,0/0 (N/A),0,N/A,0/0 (N/A),0,N/A,0/0 (N/A),0,N/A,0/0 (N/A),0,0,N/A,0.000000000000,432,0/0 (N/A),0,0,N/A,0.000000000000,297,0/0 (N/A),0,0,N/A,0.000000000000,170,0/0 (N/A),0,0,N/A,0.000000000000,67,0/0 (N/A),0,0,N/A,0/0 (N/A),0,0,N/A,0/0 (N/A),0,0,N/A,0/0 (N/A),0,0,N/A,0/0 (N/A),0,0,N/A,0/0 (N/A),0,0,N/A,0/0 (N/A),0,0,N/A,0/0 (N/A),0,0,N/A,0/0 (N/A),0,0,N/A,0/0 (N/A),0,0,N/A,0/0 (N/A),0,0,N/A,0/0 (N/A),0,0,N/A,0/0 (N/A),0,0,N/A,0/0 (N/A),0,0,N/A,0/0 (N/A),0.000000000000,0.000000000000,545,165
OLD4_TO_NEW7_TRANSITIONS.csv:81,B7_FULL,transition,R0_4,C,D,0,0,0,N/A,N/A,0,0,0,0,0,0,0,0,0,0,0,0,N/A,N/A,0.000000000000,0.000000000000,0.000000000000,0,N/A,0/0 (N/A),0,N/A,0/0 (N/A),0,N/A,0/0 (N/A),0,N/A,0/0 (N/A),0,N/A,0/0 (N/A),0,N/A,0/0 (N/A),0,N/A,0/0 (N/A),0,N/A,0/0 (N/A),0,N/A,0/0 (N/A),0,0,N/A,0.000000000000,432,0/0 (N/A),0,0,N/A,0.000000000000,297,0/0 (N/A),0,0,N/A,0.000000000000,170,0/0 (N/A),0,0,N/A,0.000000000000,67,0/0 (N/A),0,0,N/A,0/0 (N/A),0,0,N/A,0/0 (N/A),0,0,N/A,0/0 (N/A),0,0,N/A,0/0 (N/A),0,0,N/A,0/0 (N/A),0,0,N/A,0/0 (N/A),0,0,N/A,0/0 (N/A),0,0,N/A,0/0 (N/A),0,0,N/A,0/0 (N/A),0,0,N/A,0/0 (N/A),0,0,N/A,0/0 (N/A),0,0,N/A,0/0 (N/A),0,0,N/A,0/0 (N/A),0,0,N/A,0/0 (N/A),0.000000000000,0.000000000000,545,149
OLD4_TO_NEW7_TRANSITIONS.csv:82,B7_FULL,transition,R0_4,C,E,121,121,0,100.000000000000,0.000000000000,121,36,108,59,62,19,14,8,4,12,4,0,0.368018323121,-0.099950024988,119.879309214193,75.349092116576,44.530217097617,121,48.760330578512,59/121 (48.760330578512%),121,51.239669421488,62/121 (51.239669421488%),121,15.702479338843,19/121 (15.702479338843%),121,11.570247933884,14/121 (11.570247933884%),121,6.611570247934,8/121 (6.611570247934%),121,3.305785123967,4/121 (3.305785123967%),121,9.917355371901,12/121 (9.917355371901%),121,3.305785123967,4/121 (3.305785123967%),121,0.000000000000,0/121 (0.000000000000%),56,121,46.280991735537,12.962962962963,432,56/121 (46.280991735537%),37,121,30.578512396694,12.457912457912,297,37/121 (30.578512396694%),17,121,14.049586776860,10.000000000000,170,17/121 (14.049586776860%),6,121,4.958677685950,8.955223880597,67,6/121 (4.958677685950%),4,121,3.305785123967,4/121 (3.305785123967%),4,121,3.305785123967,4/121 (3.305785123967%),6,121,4.958677685950,6/121 (4.958677685950%),5,121,4.132231404959,5/121 (4.132231404959%),22,121,18.181818181818,22/121 (18.181818181818%),18,121,14.876033057851,18/121 (14.876033057851%),33,121,27.272727272727,33/121 (27.272727272727%),17,121,14.049586776860,17/121 (14.049586776860%),8,121,6.611570247934,8/121 (6.611570247934%),2,121,1.652892561983,2/121 (1.652892561983%),2,121,1.652892561983,2/121 (1.652892561983%),0,121,0.000000000000,0/121 (0.000000000000%),0,121,0.000000000000,0/121 (0.000000000000%),0,121,0.000000000000,0/121 (0.000000000000%),22.201834862385,87.050359712230,545,139
OLD4_TO_NEW7_TRANSITIONS.csv:83,B7_FULL,transition,R0_4,C,F,424,403,21,95.047169811321,4.952830188679,424,38,332,172,231,47,32,20,14,46,27,9,0.108761021436,-0.099950024988,361.756855813128,317.926164174537,43.830691638591,403,42.679900744417,172/403 (42.679900744417%),403,57.320099255583,231/403 (57.320099255583%),403,11.662531017370,47/403 (11.662531017370%),403,7.940446650124,32/403 (7.940446650124%),403,4.962779156328,20/403 (4.962779156328%),403,3.473945409429,14/403 (3.473945409429%),403,11.414392059553,46/403 (11.414392059553%),403,6.699751861042,27/403 (6.699751861042%),403,2.233250620347,9/403 (2.233250620347%),118,424,27.830188679245,27.314814814815,432,118/424 (27.830188679245%),74,424,17.452830188679,24.915824915825,297,74/424 (17.452830188679%),40,424,9.433962264151,23.529411764706,170,40/424 (9.433962264151%),14,424,3.301886792453,20.895522388060,67,14/424 (3.301886792453%),14,403,3.473945409429,14/403 (3.473945409429%),6,403,1.488833746898,6/403 (1.488833746898%),12,403,2.977667493797,12/403 (2.977667493797%),15,403,3.722084367246,15/403 (3.722084367246%),40,403,9.925558312655,40/403 (9.925558312655%),85,403,21.091811414392,85/403 (21.091811414392%),133,403,33.002481389578,133/403 (33.002481389578%),52,403,12.903225806452,52/403 (12.903225806452%),19,403,4.714640198511,19/403 (4.714640198511%),10,403,2.481389578164,10/403 (2.481389578164%),8,403,1.985111662531,8/403 (1.985111662531%),9,403,2.233250620347,9/403 (2.233250620347%),0,403,0.000000000000,0/403 (0.000000000000%),21,424,4.952830188679,21/424 (4.952830188679%),77.798165137615,99.764705882353,545,425
OLD4_TO_NEW7_TRANSITIONS.csv:84,G7_PRICE,transition,R0_4,S,S,3,3,0,100.000000000000,0.000000000000,3,3,3,1,2,0,0,0,0,0,0,0,-0.580976486934,-0.395512303020,0.644877933820,2.387807394622,-1.742929460802,3,33.333333333333,1/3 (33.333333333333%),3,66.666666666667,2/3 (66.666666666667%),3,0.000000000000,0/3 (0.000000000000%),3,0.000000000000,0/3 (0.000000000000%),3,0.000000000000,0/3 (0.000000000000%),3,0.000000000000,0/3 (0.000000000000%),3,0.000000000000,0/3 (0.000000000000%),3,0.000000000000,0/3 (0.000000000000%),3,0.000000000000,0/3 (0.000000000000%),3,3,100.000000000000,0.694444444444,432,3/3 (100.000000000000%),2,3,66.666666666667,0.673400673401,297,2/3 (66.666666666667%),1,3,33.333333333333,0.588235294118,170,1/3 (33.333333333333%),1,3,33.333333333333,1.492537313433,67,1/3 (33.333333333333%),0,3,0.000000000000,0/3 (0.000000000000%),0,3,0.000000000000,0/3 (0.000000000000%),0,3,0.000000000000,0/3 (0.000000000000%),0,3,0.000000000000,0/3 (0.000000000000%),0,3,0.000000000000,0/3 (0.000000000000%),1,3,33.333333333333,1/3 (33.333333333333%),1,3,33.333333333333,1/3 (33.333333333333%),1,3,33.333333333333,1/3 (33.333333333333%),0,3,0.000000000000,0/3 (0.000000000000%),0,3,0.000000000000,0/3 (0.000000000000%),0,3,0.000000000000,0/3 (0.000000000000%),0,3,0.000000000000,0/3 (0.000000000000%),0,3,0.000000000000,0/3 (0.000000000000%),0,3,0.000000000000,0/3 (0.000000000000%),6.976744186047,100.000000000000,43,3
OLD4_TO_NEW7_TRANSITIONS.csv:85,G7_PRICE,transition,R0_4,S,A,31,31,0,100.000000000000,0.000000000000,31,18,30,6,25,4,3,3,2,7,2,0,-0.351042211725,-0.671740989685,22.747651797930,33.629960361418,-10.882308563488,31,19.354838709677,6/31 (19.354838709677%),31,80.645161290323,25/31 (80.645161290323%),31,12.903225806452,4/31 (12.903225806452%),31,9.677419354839,3/31 (9.677419354839%),31,9.677419354839,3/31 (9.677419354839%),31,6.451612903226,2/31 (6.451612903226%),31,22.580645161290,7/31 (22.580645161290%),31,6.451612903226,2/31 (6.451612903226%),31,0.000000000000,0/31 (0.000000000000%),15,31,48.387096774194,3.472222222222,432,15/31 (48.387096774194%),14,31,45.161290322581,4.713804713805,297,14/31 (45.161290322581%),6,31,19.354838709677,3.529411764706,170,6/31 (19.354838709677%),2,31,6.451612903226,2.985074626866,67,2/31 (6.451612903226%),2,31,6.451612903226,2/31 (6.451612903226%),1,31,3.225806451613,1/31 (3.225806451613%),0,31,0.000000000000,0/31 (0.000000000000%),1,31,3.225806451613,1/31 (3.225806451613%),1,31,3.225806451613,1/31 (3.225806451613%),1,31,3.225806451613,1/31 (3.225806451613%),13,31,41.935483870968,13/31 (41.935483870968%),5,31,16.129032258065,5/31 (16.129032258065%),5,31,16.129032258065,5/31 (16.129032258065%),1,31,3.225806451613,1/31 (3.225806451613%),1,31,3.225806451613,1/31 (3.225806451613%),0,31,0.000000000000,0/31 (0.000000000000%),0,31,0.000000000000,0/31 (0.000000000000%),0,31,0.000000000000,0/31 (0.000000000000%),72.093023255814,100.000000000000,43,31
OLD4_TO_NEW7_TRANSITIONS.csv:86,G7_PRICE,transition,R0_4,S,B,9,9,0,100.000000000000,0.000000000000,9,7,9,3,6,3,2,1,1,3,1,0,0.363372561547,-1.751190520442,16.024884703090,12.754531649168,3.270353053922,9,33.333333333333,3/9 (33.333333333333%),9,66.666666666667,6/9 (66.666666666667%),9,33.333333333333,3/9 (33.333333333333%),9,22.222222222222,2/9 (22.222222222222%),9,11.111111111111,1/9 (11.111111111111%),9,11.111111111111,1/9 (11.111111111111%),9,33.333333333333,3/9 (33.333333333333%),9,11.111111111111,1/9 (11.111111111111%),9,0.000000000000,0/9 (0.000000000000%),7,9,77.777777777778,1.620370370370,432,7/9 (77.777777777778%),6,9,66.666666666667,2.020202020202,297,6/9 (66.666666666667%),5,9,55.555555555556,2.941176470588,170,5/9 (55.555555555556%),3,9,33.333333333333,4.477611940299,67,3/9 (33.333333333333%),1,9,11.111111111111,1/9 (11.111111111111%),0,9,0.000000000000,0/9 (0.000000000000%),1,9,11.111111111111,1/9 (11.111111111111%),1,9,11.111111111111,1/9 (11.111111111111%),0,9,0.000000000000,0/9 (0.000000000000%),0,9,0.000000000000,0/9 (0.000000000000%),0,9,0.000000000000,0/9 (0.000000000000%),3,9,33.333333333333,3/9 (33.333333333333%),2,9,22.222222222222,2/9 (22.222222222222%),1,9,11.111111111111,1/9 (11.111111111111%),0,9,0.000000000000,0/9 (0.000000000000%),0,9,0.000000000000,0/9 (0.000000000000%),0,9,0.000000000000,0/9 (0.000000000000%),0,9,0.000000000000,0/9 (0.000000000000%),20.930232558140,6.617647058824,43,136
OLD4_TO_NEW7_TRANSITIONS.csv:87,G7_PRICE,transition,R0_4,S,C,0,0,0,N/A,N/A,0,0,0,0,0,0,0,0,0,0,0,0,N/A,N/A,0.000000000000,0.000000000000,0.000000000000,0,N/A,0/0 (N/A),0,N/A,0/0 (N/A),0,N/A,0/0 (N/A),0,N/A,0/0 (N/A),0,N/A,0/0 (N/A),0,N/A,0/0 (N/A),0,N/A,0/0 (N/A),0,N/A,0/0 (N/A),0,N/A,0/0 (N/A),0,0,N/A,0.000000000000,432,0/0 (N/A),0,0,N/A,0.000000000000,297,0/0 (N/A),0,0,N/A,0.000000000000,170,0/0 (N/A),0,0,N/A,0.000000000000,67,0/0 (N/A),0,0,N/A,0/0 (N/A),0,0,N/A,0/0 (N/A),0,0,N/A,0/0 (N/A),0,0,N/A,0/0 (N/A),0,0,N/A,0/0 (N/A),0,0,N/A,0/0 (N/A),0,0,N/A,0/0 (N/A),0,0,N/A,0/0 (N/A),0,0,N/A,0/0 (N/A),0,0,N/A,0/0 (N/A),0,0,N/A,0/0 (N/A),0,0,N/A,0/0 (N/A),0,0,N/A,0/0 (N/A),0,0,N/A,0/0 (N/A),0.000000000000,0.000000000000,43,181
OLD4_TO_NEW7_TRANSITIONS.csv:88,G7_PRICE,transition,R0_4,S,D,0,0,0,N/A,N/A,0,0,0,0,0,0,0,0,0,0,0,0,N/A,N/A,0.000000000000,0.000000000000,0.000000000000,0,N/A,0/0 (N/A),0,N/A,0/0 (N/A),0,N/A,0/0 (N/A),0,N/A,0/0 (N/A),0,N/A,0/0 (N/A),0,N/A,0/0 (N/A),0,N/A,0/0 (N/A),0,N/A,0/0 (N/A),0,N/A,0/0 (N/A),0,0,N/A,0.000000000000,432,0/0 (N/A),0,0,N/A,0.000000000000,297,0/0 (N/A),0,0,N/A,0.000000000000,170,0/0 (N/A),0,0,N/A,0.000000000000,67,0/0 (N/A),0,0,N/A,0/0 (N/A),0,0,N/A,0/0 (N/A),0,0,N/A,0/0 (N/A),0,0,N/A,0/0 (N/A),0,0,N/A,0/0 (N/A),0,0,N/A,0/0 (N/A),0,0,N/A,0/0 (N/A),0,0,N/A,0/0 (N/A),0,0,N/A,0/0 (N/A),0,0,N/A,0/0 (N/A),0,0,N/A,0/0 (N/A),0,0,N/A,0/0 (N/A),0,0,N/A,0/0 (N/A),0,0,N/A,0/0 (N/A),0.000000000000,0.000000000000,43,138
OLD4_TO_NEW7_TRANSITIONS.csv:89,G7_PRICE,transition,R0_4,S,E,0,0,0,N/A,N/A,0,0,0,0,0,0,0,0,0,0,0,0,N/A,N/A,0.000000000000,0.000000000000,0.000000000000,0,N/A,0/0 (N/A),0,N/A,0/0 (N/A),0,N/A,0/0 (N/A),0,N/A,0/0 (N/A),0,N/A,0/0 (N/A),0,N/A,0/0 (N/A),0,N/A,0/0 (N/A),0,N/A,0/0 (N/A),0,N/A,0/0 (N/A),0,0,N/A,0.000000000000,432,0/0 (N/A),0,0,N/A,0.000000000000,297,0/0 (N/A),0,0,N/A,0.000000000000,170,0/0 (N/A),0,0,N/A,0.000000000000,67,0/0 (N/A),0,0,N/A,0/0 (N/A),0,0,N/A,0/0 (N/A),0,0,N/A,0/0 (N/A),0,0,N/A,0/0 (N/A),0,0,N/A,0/0 (N/A),0,0,N/A,0/0 (N/A),0,0,N/A,0/0 (N/A),0,0,N/A,0/0 (N/A),0,0,N/A,0/0 (N/A),0,0,N/A,0/0 (N/A),0,0,N/A,0/0 (N/A),0,0,N/A,0/0 (N/A),0,0,N/A,0/0 (N/A),0,0,N/A,0/0 (N/A),0.000000000000,0.000000000000,43,140
OLD4_TO_NEW7_TRANSITIONS.csv:90,G7_PRICE,transition,R0_4,S,F,0,0,0,N/A,N/A,0,0,0,0,0,0,0,0,0,0,0,0,N/A,N/A,0.000000000000,0.000000000000,0.000000000000,0,N/A,0/0 (N/A),0,N/A,0/0 (N/A),0,N/A,0/0 (N/A),0,N/A,0/0 (N/A),0,N/A,0/0 (N/A),0,N/A,0/0 (N/A),0,N/A,0/0 (N/A),0,N/A,0/0 (N/A),0,N/A,0/0 (N/A),0,0,N/A,0.000000000000,432,0/0 (N/A),0,0,N/A,0.000000000000,297,0/0 (N/A),0,0,N/A,0.000000000000,170,0/0 (N/A),0,0,N/A,0.000000000000,67,0/0 (N/A),0,0,N/A,0/0 (N/A),0,0,N/A,0/0 (N/A),0,0,N/A,0/0 (N/A),0,0,N/A,0/0 (N/A),0,0,N/A,0/0 (N/A),0,0,N/A,0/0 (N/A),0,0,N/A,0/0 (N/A),0,0,N/A,0/0 (N/A),0,0,N/A,0/0 (N/A),0,0,N/A,0/0 (N/A),0,0,N/A,0/0 (N/A),0,0,N/A,0/0 (N/A),0,0,N/A,0/0 (N/A),0,0,N/A,0/0 (N/A),0.000000000000,0.000000000000,43,410
OLD4_TO_NEW7_TRANSITIONS.csv:91,G7_PRICE,transition,R0_4,A,S,0,0,0,N/A,N/A,0,0,0,0,0,0,0,0,0,0,0,0,N/A,N/A,0.000000000000,0.000000000000,0.000000000000,0,N/A,0/0 (N/A),0,N/A,0/0 (N/A),0,N/A,0/0 (N/A),0,N/A,0/0 (N/A),0,N/A,0/0 (N/A),0,N/A,0/0 (N/A),0,N/A,0/0 (N/A),0,N/A,0/0 (N/A),0,N/A,0/0 (N/A),0,0,N/A,0.000000000000,432,0/0 (N/A),0,0,N/A,0.000000000000,297,0/0 (N/A),0,0,N/A,0.000000000000,170,0/0 (N/A),0,0,N/A,0.000000000000,67,0/0 (N/A),0,0,N/A,0/0 (N/A),0,0,N/A,0/0 (N/A),0,0,N/A,0/0 (N/A),0,0,N/A,0/0 (N/A),0,0,N/A,0/0 (N/A),0,0,N/A,0/0 (N/A),0,0,N/A,0/0 (N/A),0,0,N/A,0/0 (N/A),0,0,N/A,0/0 (N/A),0,0,N/A,0/0 (N/A),0,0,N/A,0/0 (N/A),0,0,N/A,0/0 (N/A),0,0,N/A,0/0 (N/A),0,0,N/A,0/0 (N/A),0.000000000000,0.000000000000,154,3
OLD4_TO_NEW7_TRANSITIONS.csv:92,G7_PRICE,transition,R0_4,A,A,0,0,0,N/A,N/A,0,0,0,0,0,0,0,0,0,0,0,0,N/A,N/A,0.000000000000,0.000000000000,0.000000000000,0,N/A,0/0 (N/A),0,N/A,0/0 (N/A),0,N/A,0/0 (N/A),0,N/A,0/0 (N/A),0,N/A,0/0 (N/A),0,N/A,0/0 (N/A),0,N/A,0/0 (N/A),0,N/A,0/0 (N/A),0,N/A,0/0 (N/A),0,0,N/A,0.000000000000,432,0/0 (N/A),0,0,N/A,0.000000000000,297,0/0 (N/A),0,0,N/A,0.000000000000,170,0/0 (N/A),0,0,N/A,0.000000000000,67,0/0 (N/A),0,0,N/A,0/0 (N/A),0,0,N/A,0/0 (N/A),0,0,N/A,0/0 (N/A),0,0,N/A,0/0 (N/A),0,0,N/A,0/0 (N/A),0,0,N/A,0/0 (N/A),0,0,N/A,0/0 (N/A),0,0,N/A,0/0 (N/A),0,0,N/A,0/0 (N/A),0,0,N/A,0/0 (N/A),0,0,N/A,0/0 (N/A),0,0,N/A,0/0 (N/A),0,0,N/A,0/0 (N/A),0,0,N/A,0/0 (N/A),0.000000000000,0.000000000000,154,31
OLD4_TO_NEW7_TRANSITIONS.csv:93,G7_PRICE,transition,R0_4,A,B,127,127,0,100.000000000000,0.000000000000,127,35,108,47,80,18,15,12,9,18,9,1,0.700118993541,-0.353503451320,199.331278734647,110.416166554966,88.915112179681,127,37.007874015748,47/127 (37.007874015748%),127,62.992125984252,80/127 (62.992125984252%),127,14.173228346457,18/127 (14.173228346457%),127,11.811023622047,15/127 (11.811023622047%),127,9.448818897638,12/127 (9.448818897638%),127,7.086614173228,9/127 (7.086614173228%),127,14.173228346457,18/127 (14.173228346457%),127,7.086614173228,9/127 (7.086614173228%),127,0.787401574803,1/127 (0.787401574803%),65,127,51.181102362205,15.046296296296,432,65/127 (51.181102362205%),49,127,38.582677165354,16.498316498316,297,49/127 (38.582677165354%),30,127,23.622047244094,17.647058823529,170,30/127 (23.622047244094%),14,127,11.023622047244,20.895522388060,67,14/127 (11.023622047244%),9,127,7.086614173228,9/127 (7.086614173228%),3,127,2.362204724409,3/127 (2.362204724409%),3,127,2.362204724409,3/127 (2.362204724409%),3,127,2.362204724409,3/127 (2.362204724409%),12,127,9.448818897638,12/127 (9.448818897638%),17,127,13.385826771654,17/127 (13.385826771654%),39,127,30.708661417323,39/127 (30.708661417323%),23,127,18.110236220472,23/127 (18.110236220472%),9,127,7.086614173228,9/127 (7.086614173228%),6,127,4.724409448819,6/127 (4.724409448819%),2,127,1.574803149606,2/127 (1.574803149606%),1,127,0.787401574803,1/127 (0.787401574803%),0,127,0.000000000000,0/127 (0.000000000000%),0,127,0.000000000000,0/127 (0.000000000000%),82.467532467532,93.382352941176,154,136
OLD4_TO_NEW7_TRANSITIONS.csv:94,G7_PRICE,transition,R0_4,A,C,27,27,0,100.000000000000,0.000000000000,27,21,26,14,13,10,8,7,7,3,2,1,3.342231884003,0.037087080602,112.372374249518,22.132113381426,90.240260868092,27,51.851851851852,14/27 (51.851851851852%),27,48.148148148148,13/27 (48.148148148148%),27,37.037037037037,10/27 (37.037037037037%),27,29.629629629630,8/27 (29.629629629630%),27,25.925925925926,7/27 (25.925925925926%),27,25.925925925926,7/27 (25.925925925926%),27,11.111111111111,3/27 (11.111111111111%),27,7.407407407407,2/27 (7.407407407407%),27,3.703703703704,1/27 (3.703703703704%),21,27,77.777777777778,4.861111111111,432,21/27 (77.777777777778%),20,27,74.074074074074,6.734006734007,297,20/27 (74.074074074074%),17,27,62.962962962963,10.000000000000,170,17/27 (62.962962962963%),9,27,33.333333333333,13.432835820896,67,9/27 (33.333333333333%),7,27,25.925925925926,7/27 (25.925925925926%),0,27,0.000000000000,0/27 (0.000000000000%),1,27,3.703703703704,1/27 (3.703703703704%),2,27,7.407407407407,2/27 (7.407407407407%),3,27,11.111111111111,3/27 (11.111111111111%),1,27,3.703703703704,1/27 (3.703703703704%),6,27,22.222222222222,6/27 (22.222222222222%),4,27,14.814814814815,4/27 (14.814814814815%),1,27,3.703703703704,1/27 (3.703703703704%),0,27,0.000000000000,0/27 (0.000000000000%),1,27,3.703703703704,1/27 (3.703703703704%),1,27,3.703703703704,1/27 (3.703703703704%),0,27,0.000000000000,0/27 (0.000000000000%),0,27,0.000000000000,0/27 (0.000000000000%),17.532467532468,14.917127071823,154,181
OLD4_TO_NEW7_TRANSITIONS.csv:95,G7_PRICE,transition,R0_4,A,D,0,0,0,N/A,N/A,0,0,0,0,0,0,0,0,0,0,0,0,N/A,N/A,0.000000000000,0.000000000000,0.000000000000,0,N/A,0/0 (N/A),0,N/A,0/0 (N/A),0,N/A,0/0 (N/A),0,N/A,0/0 (N/A),0,N/A,0/0 (N/A),0,N/A,0/0 (N/A),0,N/A,0/0 (N/A),0,N/A,0/0 (N/A),0,N/A,0/0 (N/A),0,0,N/A,0.000000000000,432,0/0 (N/A),0,0,N/A,0.000000000000,297,0/0 (N/A),0,0,N/A,0.000000000000,170,0/0 (N/A),0,0,N/A,0.000000000000,67,0/0 (N/A),0,0,N/A,0/0 (N/A),0,0,N/A,0/0 (N/A),0,0,N/A,0/0 (N/A),0,0,N/A,0/0 (N/A),0,0,N/A,0/0 (N/A),0,0,N/A,0/0 (N/A),0,0,N/A,0/0 (N/A),0,0,N/A,0/0 (N/A),0,0,N/A,0/0 (N/A),0,0,N/A,0/0 (N/A),0,0,N/A,0/0 (N/A),0,0,N/A,0/0 (N/A),0,0,N/A,0/0 (N/A),0,0,N/A,0/0 (N/A),0.000000000000,0.000000000000,154,138
OLD4_TO_NEW7_TRANSITIONS.csv:96,G7_PRICE,transition,R0_4,A,E,0,0,0,N/A,N/A,0,0,0,0,0,0,0,0,0,0,0,0,N/A,N/A,0.000000000000,0.000000000000,0.000000000000,0,N/A,0/0 (N/A),0,N/A,0/0 (N/A),0,N/A,0/0 (N/A),0,N/A,0/0 (N/A),0,N/A,0/0 (N/A),0,N/A,0/0 (N/A),0,N/A,0/0 (N/A),0,N/A,0/0 (N/A),0,N/A,0/0 (N/A),0,0,N/A,0.000000000000,432,0/0 (N/A),0,0,N/A,0.000000000000,297,0/0 (N/A),0,0,N/A,0.000000000000,170,0/0 (N/A),0,0,N/A,0.000000000000,67,0/0 (N/A),0,0,N/A,0/0 (N/A),0,0,N/A,0/0 (N/A),0,0,N/A,0/0 (N/A),0,0,N/A,0/0 (N/A),0,0,N/A,0/0 (N/A),0,0,N/A,0/0 (N/A),0,0,N/A,0/0 (N/A),0,0,N/A,0/0 (N/A),0,0,N/A,0/0 (N/A),0,0,N/A,0/0 (N/A),0,0,N/A,0/0 (N/A),0,0,N/A,0/0 (N/A),0,0,N/A,0/0 (N/A),0,0,N/A,0/0 (N/A),0.000000000000,0.000000000000,154,140
OLD4_TO_NEW7_TRANSITIONS.csv:97,G7_PRICE,transition,R0_4,A,F,0,0,0,N/A,N/A,0,0,0,0,0,0,0,0,0,0,0,0,N/A,N/A,0.000000000000,0.000000000000,0.000000000000,0,N/A,0/0 (N/A),0,N/A,0/0 (N/A),0,N/A,0/0 (N/A),0,N/A,0/0 (N/A),0,N/A,0/0 (N/A),0,N/A,0/0 (N/A),0,N/A,0/0 (N/A),0,N/A,0/0 (N/A),0,N/A,0/0 (N/A),0,0,N/A,0.000000000000,432,0/0 (N/A),0,0,N/A,0.000000000000,297,0/0 (N/A),0,0,N/A,0.000000000000,170,0/0 (N/A),0,0,N/A,0.000000000000,67,0/0 (N/A),0,0,N/A,0/0 (N/A),0,0,N/A,0/0 (N/A),0,0,N/A,0/0 (N/A),0,0,N/A,0/0 (N/A),0,0,N/A,0/0 (N/A),0,0,N/A,0/0 (N/A),0,0,N/A,0/0 (N/A),0,0,N/A,0/0 (N/A),0,0,N/A,0/0 (N/A),0,0,N/A,0/0 (N/A),0,0,N/A,0/0 (N/A),0,0,N/A,0/0 (N/A),0,0,N/A,0/0 (N/A),0,0,N/A,0/0 (N/A),0.000000000000,0.000000000000,154,410
OLD4_TO_NEW7_TRANSITIONS.csv:98,G7_PRICE,transition,R0_4,B,S,0,0,0,N/A,N/A,0,0,0,0,0,0,0,0,0,0,0,0,N/A,N/A,0.000000000000,0.000000000000,0.000000000000,0,N/A,0/0 (N/A),0,N/A,0/0 (N/A),0,N/A,0/0 (N/A),0,N/A,0/0 (N/A),0,N/A,0/0 (N/A),0,N/A,0/0 (N/A),0,N/A,0/0 (N/A),0,N/A,0/0 (N/A),0,N/A,0/0 (N/A),0,0,N/A,0.000000000000,432,0/0 (N/A),0,0,N/A,0.000000000000,297,0/0 (N/A),0,0,N/A,0.000000000000,170,0/0 (N/A),0,0,N/A,0.000000000000,67,0/0 (N/A),0,0,N/A,0/0 (N/A),0,0,N/A,0/0 (N/A),0,0,N/A,0/0 (N/A),0,0,N/A,0/0 (N/A),0,0,N/A,0/0 (N/A),0,0,N/A,0/0 (N/A),0,0,N/A,0/0 (N/A),0,0,N/A,0/0 (N/A),0,0,N/A,0/0 (N/A),0,0,N/A,0/0 (N/A),0,0,N/A,0/0 (N/A),0,0,N/A,0/0 (N/A),0,0,N/A,0/0 (N/A),0,0,N/A,0/0 (N/A),0.000000000000,0.000000000000,297,3
OLD4_TO_NEW7_TRANSITIONS.csv:99,G7_PRICE,transition,R0_4,B,A,0,0,0,N/A,N/A,0,0,0,0,0,0,0,0,0,0,0,0,N/A,N/A,0.000000000000,0.000000000000,0.000000000000,0,N/A,0/0 (N/A),0,N/A,0/0 (N/A),0,N/A,0/0 (N/A),0,N/A,0/0 (N/A),0,N/A,0/0 (N/A),0,N/A,0/0 (N/A),0,N/A,0/0 (N/A),0,N/A,0/0 (N/A),0,N/A,0/0 (N/A),0,0,N/A,0.000000000000,432,0/0 (N/A),0,0,N/A,0.000000000000,297,0/0 (N/A),0,0,N/A,0.000000000000,170,0/0 (N/A),0,0,N/A,0.000000000000,67,0/0 (N/A),0,0,N/A,0/0 (N/A),0,0,N/A,0/0 (N/A),0,0,N/A,0/0 (N/A),0,0,N/A,0/0 (N/A),0,0,N/A,0/0 (N/A),0,0,N/A,0/0 (N/A),0,0,N/A,0/0 (N/A),0,0,N/A,0/0 (N/A),0,0,N/A,0/0 (N/A),0,0,N/A,0/0 (N/A),0,0,N/A,0/0 (N/A),0,0,N/A,0/0 (N/A),0,0,N/A,0/0 (N/A),0,0,N/A,0/0 (N/A),0.000000000000,0.000000000000,297,31
OLD4_TO_NEW7_TRANSITIONS.csv:100,G7_PRICE,transition,R0_4,B,B,0,0,0,N/A,N/A,0,0,0,0,0,0,0,0,0,0,0,0,N/A,N/A,0.000000000000,0.000000000000,0.000000000000,0,N/A,0/0 (N/A),0,N/A,0/0 (N/A),0,N/A,0/0 (N/A),0,N/A,0/0 (N/A),0,N/A,0/0 (N/A),0,N/A,0/0 (N/A),0,N/A,0/0 (N/A),0,N/A,0/0 (N/A),0,N/A,0/0 (N/A),0,0,N/A,0.000000000000,432,0/0 (N/A),0,0,N/A,0.000000000000,297,0/0 (N/A),0,0,N/A,0.000000000000,170,0/0 (N/A),0,0,N/A,0.000000000000,67,0/0 (N/A),0,0,N/A,0/0 (N/A),0,0,N/A,0/0 (N/A),0,0,N/A,0/0 (N/A),0,0,N/A,0/0 (N/A),0,0,N/A,0/0 (N/A),0,0,N/A,0/0 (N/A),0,0,N/A,0/0 (N/A),0,0,N/A,0/0 (N/A),0,0,N/A,0/0 (N/A),0,0,N/A,0/0 (N/A),0,0,N/A,0/0 (N/A),0,0,N/A,0/0 (N/A),0,0,N/A,0/0 (N/A),0,0,N/A,0/0 (N/A),0.000000000000,0.000000000000,297,136
OLD4_TO_NEW7_TRANSITIONS.csv:101,G7_PRICE,transition,R0_4,B,C,154,153,1,99.350649350649,0.649350649351,154,37,125,62,91,14,10,7,6,26,10,2,-0.208714989900,-0.265896951856,109.238269196667,141.171662651426,-31.933393454758,153,40.522875816993,62/153 (40.522875816993%),153,59.477124183007,91/153 (59.477124183007%),153,9.150326797386,14/153 (9.150326797386%),153,6.535947712418,10/153 (6.535947712418%),153,4.575163398693,7/153 (4.575163398693%),153,3.921568627451,6/153 (3.921568627451%),153,16.993464052288,26/153 (16.993464052288%),153,6.535947712418,10/153 (6.535947712418%),153,1.307189542484,2/153 (1.307189542484%),72,154,46.753246753247,16.666666666667,432,72/154 (46.753246753247%),46,154,29.870129870130,15.488215488215,297,46/154 (29.870129870130%),27,154,17.532467532468,15.882352941176,170,27/154 (17.532467532468%),7,154,4.545454545455,10.447761194030,67,7/154 (4.545454545455%),6,153,3.921568627451,6/153 (3.921568627451%),1,153,0.653594771242,1/153 (0.653594771242%),3,153,1.960784313725,3/153 (1.960784313725%),4,153,2.614379084967,4/153 (2.614379084967%),15,153,9.803921568627,15/153 (9.803921568627%),33,153,21.568627450980,33/153 (21.568627450980%),44,153,28.758169934641,44/153 (28.758169934641%),21,153,13.725490196078,21/153 (13.725490196078%),16,153,10.457516339869,16/153 (10.457516339869%),3,153,1.960784313725,3/153 (1.960784313725%),5,153,3.267973856209,5/153 (3.267973856209%),2,153,1.307189542484,2/153 (1.307189542484%),0,153,0.000000000000,0/153 (0.000000000000%),1,154,0.649350649351,1/154 (0.649350649351%),51.851851851852,85.082872928177,297,181
OLD4_TO_NEW7_TRANSITIONS.csv:102,G7_PRICE,transition,R0_4,B,D,138,137,1,99.275362318841,0.724637681159,138,37,123,65,72,22,15,7,5,24,16,9,-0.138886919134,-0.099950024988,128.221126011334,147.248633932713,-19.027507921379,137,47.445255474453,65/137 (47.445255474453%),137,52.554744525547,72/137 (52.554744525547%),137,16.058394160584,22/137 (16.058394160584%),137,10.948905109489,15/137 (10.948905109489%),137,5.109489051095,7/137 (5.109489051095%),137,3.649635036496,5/137 (3.649635036496%),137,17.518248175182,24/137 (17.518248175182%),137,11.678832116788,16/137 (11.678832116788%),137,6.569343065693,9/137 (6.569343065693%),75,138,54.347826086957,17.361111111111,432,75/138 (54.347826086957%),49,138,35.507246376812,16.498316498316,297,49/138 (35.507246376812%),27,138,19.565217391304,15.882352941176,170,27/138 (19.565217391304%),11,138,7.971014492754,16.417910447761,67,11/138 (7.971014492754%),5,137,3.649635036496,5/137 (3.649635036496%),2,137,1.459854014599,2/137 (1.459854014599%),8,137,5.839416058394,8/137 (5.839416058394%),7,137,5.109489051095,7/137 (5.109489051095%),17,137,12.408759124088,17/137 (12.408759124088%),26,137,18.978102189781,26/137 (18.978102189781%),32,137,23.357664233577,32/137 (23.357664233577%),16,137,11.678832116788,16/137 (11.678832116788%),8,137,5.839416058394,8/137 (5.839416058394%),4,137,2.919708029197,4/137 (2.919708029197%),3,137,2.189781021898,3/137 (2.189781021898%),9,137,6.569343065693,9/137 (6.569343065693%),0,137,0.000000000000,0/137 (0.000000000000%),1,138,0.724637681159,1/138 (0.724637681159%),46.464646464646,100.000000000000,297,138
OLD4_TO_NEW7_TRANSITIONS.csv:103,G7_PRICE,transition,R0_4,B,E,5,5,0,100.000000000000,0.000000000000,5,5,5,0,5,0,0,0,0,5,2,1,-2.989294611137,-2.118132852766,0.000000000000,14.946473055683,-14.946473055683,5,0.000000000000,0/5 (0.000000000000%),5,100.000000000000,5/5 (100.000000000000%),5,0.000000000000,0/5 (0.000000000000%),5,0.000000000000,0/5 (0.000000000000%),5,0.000000000000,0/5 (0.000000000000%),5,0.000000000000,0/5 (0.000000000000%),5,100.000000000000,5/5 (100.000000000000%),5,40.000000000000,2/5 (40.000000000000%),5,20.000000000000,1/5 (20.000000000000%),0,5,0.000000000000,0.000000000000,432,0/5 (0.000000000000%),0,5,0.000000000000,0.000000000000,297,0/5 (0.000000000000%),0,5,0.000000000000,0.000000000000,170,0/5 (0.000000000000%),0,5,0.000000000000,0.000000000000,67,0/5 (0.000000000000%),0,5,0.000000000000,0/5 (0.000000000000%),0,5,0.000000000000,0/5 (0.000000000000%),0,5,0.000000000000,0/5 (0.000000000000%),0,5,0.000000000000,0/5 (0.000000000000%),0,5,0.000000000000,0/5 (0.000000000000%),0,5,0.000000000000,0/5 (0.000000000000%),0,5,0.000000000000,0/5 (0.000000000000%),0,5,0.000000000000,0/5 (0.000000000000%),3,5,60.000000000000,3/5 (60.000000000000%),1,5,20.000000000000,1/5 (20.000000000000%),0,5,0.000000000000,0/5 (0.000000000000%),1,5,20.000000000000,1/5 (20.000000000000%),0,5,0.000000000000,0/5 (0.000000000000%),0,5,0.000000000000,0/5 (0.000000000000%),1.683501683502,3.571428571429,297,140
OLD4_TO_NEW7_TRANSITIONS.csv:104,G7_PRICE,transition,R0_4,B,F,0,0,0,N/A,N/A,0,0,0,0,0,0,0,0,0,0,0,0,N/A,N/A,0.000000000000,0.000000000000,0.000000000000,0,N/A,0/0 (N/A),0,N/A,0/0 (N/A),0,N/A,0/0 (N/A),0,N/A,0/0 (N/A),0,N/A,0/0 (N/A),0,N/A,0/0 (N/A),0,N/A,0/0 (N/A),0,N/A,0/0 (N/A),0,N/A,0/0 (N/A),0,0,N/A,0.000000000000,432,0/0 (N/A),0,0,N/A,0.000000000000,297,0/0 (N/A),0,0,N/A,0.000000000000,170,0/0 (N/A),0,0,N/A,0.000000000000,67,0/0 (N/A),0,0,N/A,0/0 (N/A),0,0,N/A,0/0 (N/A),0,0,N/A,0/0 (N/A),0,0,N/A,0/0 (N/A),0,0,N/A,0/0 (N/A),0,0,N/A,0/0 (N/A),0,0,N/A,0/0 (N/A),0,0,N/A,0/0 (N/A),0,0,N/A,0/0 (N/A),0,0,N/A,0/0 (N/A),0,0,N/A,0/0 (N/A),0,0,N/A,0/0 (N/A),0,0,N/A,0/0 (N/A),0,0,N/A,0/0 (N/A),0.000000000000,0.000000000000,297,410
OLD4_TO_NEW7_TRANSITIONS.csv:105,G7_PRICE,transition,R0_4,C,S,0,0,0,N/A,N/A,0,0,0,0,0,0,0,0,0,0,0,0,N/A,N/A,0.000000000000,0.000000000000,0.000000000000,0,N/A,0/0 (N/A),0,N/A,0/0 (N/A),0,N/A,0/0 (N/A),0,N/A,0/0 (N/A),0,N/A,0/0 (N/A),0,N/A,0/0 (N/A),0,N/A,0/0 (N/A),0,N/A,0/0 (N/A),0,N/A,0/0 (N/A),0,0,N/A,0.000000000000,432,0/0 (N/A),0,0,N/A,0.000000000000,297,0/0 (N/A),0,0,N/A,0.000000000000,170,0/0 (N/A),0,0,N/A,0.000000000000,67,0/0 (N/A),0,0,N/A,0/0 (N/A),0,0,N/A,0/0 (N/A),0,0,N/A,0/0 (N/A),0,0,N/A,0/0 (N/A),0,0,N/A,0/0 (N/A),0,0,N/A,0/0 (N/A),0,0,N/A,0/0 (N/A),0,0,N/A,0/0 (N/A),0,0,N/A,0/0 (N/A),0,0,N/A,0/0 (N/A),0,0,N/A,0/0 (N/A),0,0,N/A,0/0 (N/A),0,0,N/A,0/0 (N/A),0,0,N/A,0/0 (N/A),0.000000000000,0.000000000000,545,3
OLD4_TO_NEW7_TRANSITIONS.csv:106,G7_PRICE,transition,R0_4,C,A,0,0,0,N/A,N/A,0,0,0,0,0,0,0,0,0,0,0,0,N/A,N/A,0.000000000000,0.000000000000,0.000000000000,0,N/A,0/0 (N/A),0,N/A,0/0 (N/A),0,N/A,0/0 (N/A),0,N/A,0/0 (N/A),0,N/A,0/0 (N/A),0,N/A,0/0 (N/A),0,N/A,0/0 (N/A),0,N/A,0/0 (N/A),0,N/A,0/0 (N/A),0,0,N/A,0.000000000000,432,0/0 (N/A),0,0,N/A,0.000000000000,297,0/0 (N/A),0,0,N/A,0.000000000000,170,0/0 (N/A),0,0,N/A,0.000000000000,67,0/0 (N/A),0,0,N/A,0/0 (N/A),0,0,N/A,0/0 (N/A),0,0,N/A,0/0 (N/A),0,0,N/A,0/0 (N/A),0,0,N/A,0/0 (N/A),0,0,N/A,0/0 (N/A),0,0,N/A,0/0 (N/A),0,0,N/A,0/0 (N/A),0,0,N/A,0/0 (N/A),0,0,N/A,0/0 (N/A),0,0,N/A,0/0 (N/A),0,0,N/A,0/0 (N/A),0,0,N/A,0/0 (N/A),0,0,N/A,0/0 (N/A),0.000000000000,0.000000000000,545,31
OLD4_TO_NEW7_TRANSITIONS.csv:107,G7_PRICE,transition,R0_4,C,B,0,0,0,N/A,N/A,0,0,0,0,0,0,0,0,0,0,0,0,N/A,N/A,0.000000000000,0.000000000000,0.000000000000,0,N/A,0/0 (N/A),0,N/A,0/0 (N/A),0,N/A,0/0 (N/A),0,N/A,0/0 (N/A),0,N/A,0/0 (N/A),0,N/A,0/0 (N/A),0,N/A,0/0 (N/A),0,N/A,0/0 (N/A),0,N/A,0/0 (N/A),0,0,N/A,0.000000000000,432,0/0 (N/A),0,0,N/A,0.000000000000,297,0/0 (N/A),0,0,N/A,0.000000000000,170,0/0 (N/A),0,0,N/A,0.000000000000,67,0/0 (N/A),0,0,N/A,0/0 (N/A),0,0,N/A,0/0 (N/A),0,0,N/A,0/0 (N/A),0,0,N/A,0/0 (N/A),0,0,N/A,0/0 (N/A),0,0,N/A,0/0 (N/A),0,0,N/A,0/0 (N/A),0,0,N/A,0/0 (N/A),0,0,N/A,0/0 (N/A),0,0,N/A,0/0 (N/A),0,0,N/A,0/0 (N/A),0,0,N/A,0/0 (N/A),0,0,N/A,0/0 (N/A),0,0,N/A,0/0 (N/A),0.000000000000,0.000000000000,545,136
OLD4_TO_NEW7_TRANSITIONS.csv:108,G7_PRICE,transition,R0_4,C,C,0,0,0,N/A,N/A,0,0,0,0,0,0,0,0,0,0,0,0,N/A,N/A,0.000000000000,0.000000000000,0.000000000000,0,N/A,0/0 (N/A),0,N/A,0/0 (N/A),0,N/A,0/0 (N/A),0,N/A,0/0 (N/A),0,N/A,0/0 (N/A),0,N/A,0/0 (N/A),0,N/A,0/0 (N/A),0,N/A,0/0 (N/A),0,N/A,0/0 (N/A),0,0,N/A,0.000000000000,432,0/0 (N/A),0,0,N/A,0.000000000000,297,0/0 (N/A),0,0,N/A,0.000000000000,170,0/0 (N/A),0,0,N/A,0.000000000000,67,0/0 (N/A),0,0,N/A,0/0 (N/A),0,0,N/A,0/0 (N/A),0,0,N/A,0/0 (N/A),0,0,N/A,0/0 (N/A),0,0,N/A,0/0 (N/A),0,0,N/A,0/0 (N/A),0,0,N/A,0/0 (N/A),0,0,N/A,0/0 (N/A),0,0,N/A,0/0 (N/A),0,0,N/A,0/0 (N/A),0,0,N/A,0/0 (N/A),0,0,N/A,0/0 (N/A),0,0,N/A,0/0 (N/A),0,0,N/A,0/0 (N/A),0.000000000000,0.000000000000,545,181
OLD4_TO_NEW7_TRANSITIONS.csv:109,G7_PRICE,transition,R0_4,C,D,0,0,0,N/A,N/A,0,0,0,0,0,0,0,0,0,0,0,0,N/A,N/A,0.000000000000,0.000000000000,0.000000000000,0,N/A,0/0 (N/A),0,N/A,0/0 (N/A),0,N/A,0/0 (N/A),0,N/A,0/0 (N/A),0,N/A,0/0 (N/A),0,N/A,0/0 (N/A),0,N/A,0/0 (N/A),0,N/A,0/0 (N/A),0,N/A,0/0 (N/A),0,0,N/A,0.000000000000,432,0/0 (N/A),0,0,N/A,0.000000000000,297,0/0 (N/A),0,0,N/A,0.000000000000,170,0/0 (N/A),0,0,N/A,0.000000000000,67,0/0 (N/A),0,0,N/A,0/0 (N/A),0,0,N/A,0/0 (N/A),0,0,N/A,0/0 (N/A),0,0,N/A,0/0 (N/A),0,0,N/A,0/0 (N/A),0,0,N/A,0/0 (N/A),0,0,N/A,0/0 (N/A),0,0,N/A,0/0 (N/A),0,0,N/A,0/0 (N/A),0,0,N/A,0/0 (N/A),0,0,N/A,0/0 (N/A),0,0,N/A,0/0 (N/A),0,0,N/A,0/0 (N/A),0,0,N/A,0/0 (N/A),0.000000000000,0.000000000000,545,138
OLD4_TO_NEW7_TRANSITIONS.csv:110,G7_PRICE,transition,R0_4,C,E,135,135,0,100.000000000000,0.000000000000,135,35,119,67,68,23,17,11,7,15,7,1,0.384631762197,-0.045862288130,144.211562001523,92.286274104981,51.925287896542,135,49.629629629630,67/135 (49.629629629630%),135,50.370370370370,68/135 (50.370370370370%),135,17.037037037037,23/135 (17.037037037037%),135,12.592592592593,17/135 (12.592592592593%),135,8.148148148148,11/135 (8.148148148148%),135,5.185185185185,7/135 (5.185185185185%),135,11.111111111111,15/135 (11.111111111111%),135,5.185185185185,7/135 (5.185185185185%),135,0.740740740741,1/135 (0.740740740741%),64,135,47.407407407407,14.814814814815,432,64/135 (47.407407407407%),43,135,31.851851851852,14.478114478114,297,43/135 (31.851851851852%),23,135,17.037037037037,13.529411764706,170,23/135 (17.037037037037%),7,135,5.185185185185,10.447761194030,67,7/135 (5.185185185185%),7,135,5.185185185185,7/135 (5.185185185185%),4,135,2.962962962963,4/135 (2.962962962963%),6,135,4.444444444444,6/135 (4.444444444444%),6,135,4.444444444444,6/135 (4.444444444444%),24,135,17.777777777778,24/135 (17.777777777778%),20,135,14.814814814815,20/135 (14.814814814815%),36,135,26.666666666667,36/135 (26.666666666667%),17,135,12.592592592593,17/135 (12.592592592593%),8,135,5.925925925926,8/135 (5.925925925926%),4,135,2.962962962963,4/135 (2.962962962963%),2,135,1.481481481481,2/135 (1.481481481481%),1,135,0.740740740741,1/135 (0.740740740741%),0,135,0.000000000000,0/135 (0.000000000000%),0,135,0.000000000000,0/135 (0.000000000000%),24.770642201835,96.428571428571,545,140
OLD4_TO_NEW7_TRANSITIONS.csv:111,G7_PRICE,transition,R0_4,C,F,410,389,21,94.878048780488,5.121951219512,410,38,325,164,225,43,29,17,11,43,24,8,0.093664835063,-0.099950024988,337.424603025799,300.988982186132,36.435620839666,389,42.159383033419,164/389 (42.159383033419%),389,57.840616966581,225/389 (57.840616966581%),389,11.053984575835,43/389 (11.053984575835%),389,7.455012853470,29/389 (7.455012853470%),389,4.370179948586,17/389 (4.370179948586%),389,2.827763496144,11/389 (2.827763496144%),389,11.053984575835,43/389 (11.053984575835%),389,6.169665809769,24/389 (6.169665809769%),389,2.056555269923,8/389 (2.056555269923%),110,410,26.829268292683,25.462962962963,432,110/410 (26.829268292683%),68,410,16.585365853659,22.895622895623,297,68/410 (16.585365853659%),34,410,8.292682926829,20.000000000000,170,34/410 (8.292682926829%),13,410,3.170731707317,19.402985074627,67,13/410 (3.170731707317%),11,389,2.827763496144,11/389 (2.827763496144%),6,389,1.542416452442,6/389 (1.542416452442%),12,389,3.084832904884,12/389 (3.084832904884%),14,389,3.598971722365,14/389 (3.598971722365%),38,389,9.768637532134,38/389 (9.768637532134%),83,389,21.336760925450,83/389 (21.336760925450%),130,389,33.419023136247,130/389 (33.419023136247%),52,389,13.367609254499,52/389 (13.367609254499%),19,389,4.884318766067,19/389 (4.884318766067%),8,389,2.056555269923,8/389 (2.056555269923%),8,389,2.056555269923,8/389 (2.056555269923%),8,389,2.056555269923,8/389 (2.056555269923%),0,389,0.000000000000,0/389 (0.000000000000%),21,410,5.121951219512,21/410 (5.121951219512%),75.229357798165,100.000000000000,545,410
OLD4_TO_NEW7_TRANSITIONS.csv:112,B7_PRICE,transition,R0_4,S,S,3,3,0,100.000000000000,0.000000000000,3,3,3,1,2,0,0,0,0,0,0,0,-0.580976486934,-0.395512303020,0.644877933820,2.387807394622,-1.742929460802,3,33.333333333333,1/3 (33.333333333333%),3,66.666666666667,2/3 (66.666666666667%),3,0.000000000000,0/3 (0.000000000000%),3,0.000000000000,0/3 (0.000000000000%),3,0.000000000000,0/3 (0.000000000000%),3,0.000000000000,0/3 (0.000000000000%),3,0.000000000000,0/3 (0.000000000000%),3,0.000000000000,0/3 (0.000000000000%),3,0.000000000000,0/3 (0.000000000000%),3,3,100.000000000000,0.694444444444,432,3/3 (100.000000000000%),2,3,66.666666666667,0.673400673401,297,2/3 (66.666666666667%),1,3,33.333333333333,0.588235294118,170,1/3 (33.333333333333%),1,3,33.333333333333,1.492537313433,67,1/3 (33.333333333333%),0,3,0.000000000000,0/3 (0.000000000000%),0,3,0.000000000000,0/3 (0.000000000000%),0,3,0.000000000000,0/3 (0.000000000000%),0,3,0.000000000000,0/3 (0.000000000000%),0,3,0.000000000000,0/3 (0.000000000000%),1,3,33.333333333333,1/3 (33.333333333333%),1,3,33.333333333333,1/3 (33.333333333333%),1,3,33.333333333333,1/3 (33.333333333333%),0,3,0.000000000000,0/3 (0.000000000000%),0,3,0.000000000000,0/3 (0.000000000000%),0,3,0.000000000000,0/3 (0.000000000000%),0,3,0.000000000000,0/3 (0.000000000000%),0,3,0.000000000000,0/3 (0.000000000000%),0,3,0.000000000000,0/3 (0.000000000000%),6.976744186047,100.000000000000,43,3
OLD4_TO_NEW7_TRANSITIONS.csv:113,B7_PRICE,transition,R0_4,S,A,24,24,0,100.000000000000,0.000000000000,24,16,23,5,19,3,3,3,2,6,2,0,-0.293950445151,-0.594710755936,20.112398368582,27.167209052207,-7.054810683625,24,20.833333333333,5/24 (20.833333333333%),24,79.166666666667,19/24 (79.166666666667%),24,12.500000000000,3/24 (12.500000000000%),24,12.500000000000,3/24 (12.500000000000%),24,12.500000000000,3/24 (12.500000000000%),24,8.333333333333,2/24 (8.333333333333%),24,25.000000000000,6/24 (25.000000000000%),24,8.333333333333,2/24 (8.333333333333%),24,0.000000000000,0/24 (0.000000000000%),11,24,45.833333333333,2.546296296296,432,11/24 (45.833333333333%),10,24,41.666666666667,3.367003367003,297,10/24 (41.666666666667%),5,24,20.833333333333,2.941176470588,170,5/24 (20.833333333333%),2,24,8.333333333333,2.985074626866,67,2/24 (8.333333333333%),2,24,8.333333333333,2/24 (8.333333333333%),1,24,4.166666666667,1/24 (4.166666666667%),0,24,0.000000000000,0/24 (0.000000000000%),0,24,0.000000000000,0/24 (0.000000000000%),1,24,4.166666666667,1/24 (4.166666666667%),1,24,4.166666666667,1/24 (4.166666666667%),9,24,37.500000000000,9/24 (37.500000000000%),4,24,16.666666666667,4/24 (16.666666666667%),4,24,16.666666666667,4/24 (16.666666666667%),1,24,4.166666666667,1/24 (4.166666666667%),1,24,4.166666666667,1/24 (4.166666666667%),0,24,0.000000000000,0/24 (0.000000000000%),0,24,0.000000000000,0/24 (0.000000000000%),0,24,0.000000000000,0/24 (0.000000000000%),55.813953488372,100.000000000000,43,24
OLD4_TO_NEW7_TRANSITIONS.csv:114,B7_PRICE,transition,R0_4,S,B,16,16,0,100.000000000000,0.000000000000,16,13,16,4,12,4,2,1,1,4,1,0,-0.034821551621,-1.095852162532,18.660138132438,19.217282958379,-0.557144825941,16,25.000000000000,4/16 (25.000000000000%),16,75.000000000000,12/16 (75.000000000000%),16,25.000000000000,4/16 (25.000000000000%),16,12.500000000000,2/16 (12.500000000000%),16,6.250000000000,1/16 (6.250000000000%),16,6.250000000000,1/16 (6.250000000000%),16,25.000000000000,4/16 (25.000000000000%),16,6.250000000000,1/16 (6.250000000000%),16,0.000000000000,0/16 (0.000000000000%),11,16,68.750000000000,2.546296296296,432,11/16 (68.750000000000%),10,16,62.500000000000,3.367003367003,297,10/16 (62.500000000000%),6,16,37.500000000000,3.529411764706,170,6/16 (37.500000000000%),3,16,18.750000000000,4.477611940299,67,3/16 (18.750000000000%),1,16,6.250000000000,1/16 (6.250000000000%),0,16,0.000000000000,0/16 (0.000000000000%),1,16,6.250000000000,1/16 (6.250000000000%),2,16,12.500000000000,2/16 (12.500000000000%),0,16,0.000000000000,0/16 (0.000000000000%),0,16,0.000000000000,0/16 (0.000000000000%),4,16,25.000000000000,4/16 (25.000000000000%),4,16,25.000000000000,4/16 (25.000000000000%),3,16,18.750000000000,3/16 (18.750000000000%),1,16,6.250000000000,1/16 (6.250000000000%),0,16,0.000000000000,0/16 (0.000000000000%),0,16,0.000000000000,0/16 (0.000000000000%),0,16,0.000000000000,0/16 (0.000000000000%),0,16,0.000000000000,0/16 (0.000000000000%),37.209302325581,12.598425196850,43,127
OLD4_TO_NEW7_TRANSITIONS.csv:115,B7_PRICE,transition,R0_4,S,C,0,0,0,N/A,N/A,0,0,0,0,0,0,0,0,0,0,0,0,N/A,N/A,0.000000000000,0.000000000000,0.000000000000,0,N/A,0/0 (N/A),0,N/A,0/0 (N/A),0,N/A,0/0 (N/A),0,N/A,0/0 (N/A),0,N/A,0/0 (N/A),0,N/A,0/0 (N/A),0,N/A,0/0 (N/A),0,N/A,0/0 (N/A),0,N/A,0/0 (N/A),0,0,N/A,0.000000000000,432,0/0 (N/A),0,0,N/A,0.000000000000,297,0/0 (N/A),0,0,N/A,0.000000000000,170,0/0 (N/A),0,0,N/A,0.000000000000,67,0/0 (N/A),0,0,N/A,0/0 (N/A),0,0,N/A,0/0 (N/A),0,0,N/A,0/0 (N/A),0,0,N/A,0/0 (N/A),0,0,N/A,0/0 (N/A),0,0,N/A,0/0 (N/A),0,0,N/A,0/0 (N/A),0,0,N/A,0/0 (N/A),0,0,N/A,0/0 (N/A),0,0,N/A,0/0 (N/A),0,0,N/A,0/0 (N/A),0,0,N/A,0/0 (N/A),0,0,N/A,0/0 (N/A),0,0,N/A,0/0 (N/A),0.000000000000,0.000000000000,43,156
OLD4_TO_NEW7_TRANSITIONS.csv:116,B7_PRICE,transition,R0_4,S,D,0,0,0,N/A,N/A,0,0,0,0,0,0,0,0,0,0,0,0,N/A,N/A,0.000000000000,0.000000000000,0.000000000000,0,N/A,0/0 (N/A),0,N/A,0/0 (N/A),0,N/A,0/0 (N/A),0,N/A,0/0 (N/A),0,N/A,0/0 (N/A),0,N/A,0/0 (N/A),0,N/A,0/0 (N/A),0,N/A,0/0 (N/A),0,N/A,0/0 (N/A),0,0,N/A,0.000000000000,432,0/0 (N/A),0,0,N/A,0.000000000000,297,0/0 (N/A),0,0,N/A,0.000000000000,170,0/0 (N/A),0,0,N/A,0.000000000000,67,0/0 (N/A),0,0,N/A,0/0 (N/A),0,0,N/A,0/0 (N/A),0,0,N/A,0/0 (N/A),0,0,N/A,0/0 (N/A),0,0,N/A,0/0 (N/A),0,0,N/A,0/0 (N/A),0,0,N/A,0/0 (N/A),0,0,N/A,0/0 (N/A),0,0,N/A,0/0 (N/A),0,0,N/A,0/0 (N/A),0,0,N/A,0/0 (N/A),0,0,N/A,0/0 (N/A),0,0,N/A,0/0 (N/A),0,0,N/A,0/0 (N/A),0.000000000000,0.000000000000,43,160
OLD4_TO_NEW7_TRANSITIONS.csv:117,B7_PRICE,transition,R0_4,S,E,0,0,0,N/A,N/A,0,0,0,0,0,0,0,0,0,0,0,0,N/A,N/A,0.000000000000,0.000000000000,0.000000000000,0,N/A,0/0 (N/A),0,N/A,0/0 (N/A),0,N/A,0/0 (N/A),0,N/A,0/0 (N/A),0,N/A,0/0 (N/A),0,N/A,0/0 (N/A),0,N/A,0/0 (N/A),0,N/A,0/0 (N/A),0,N/A,0/0 (N/A),0,0,N/A,0.000000000000,432,0/0 (N/A),0,0,N/A,0.000000000000,297,0/0 (N/A),0,0,N/A,0.000000000000,170,0/0 (N/A),0,0,N/A,0.000000000000,67,0/0 (N/A),0,0,N/A,0/0 (N/A),0,0,N/A,0/0 (N/A),0,0,N/A,0/0 (N/A),0,0,N/A,0/0 (N/A),0,0,N/A,0/0 (N/A),0,0,N/A,0/0 (N/A),0,0,N/A,0/0 (N/A),0,0,N/A,0/0 (N/A),0,0,N/A,0/0 (N/A),0,0,N/A,0/0 (N/A),0,0,N/A,0/0 (N/A),0,0,N/A,0/0 (N/A),0,0,N/A,0/0 (N/A),0,0,N/A,0/0 (N/A),0.000000000000,0.000000000000,43,142
OLD4_TO_NEW7_TRANSITIONS.csv:118,B7_PRICE,transition,R0_4,S,F,0,0,0,N/A,N/A,0,0,0,0,0,0,0,0,0,0,0,0,N/A,N/A,0.000000000000,0.000000000000,0.000000000000,0,N/A,0/0 (N/A),0,N/A,0/0 (N/A),0,N/A,0/0 (N/A),0,N/A,0/0 (N/A),0,N/A,0/0 (N/A),0,N/A,0/0 (N/A),0,N/A,0/0 (N/A),0,N/A,0/0 (N/A),0,N/A,0/0 (N/A),0,0,N/A,0.000000000000,432,0/0 (N/A),0,0,N/A,0.000000000000,297,0/0 (N/A),0,0,N/A,0.000000000000,170,0/0 (N/A),0,0,N/A,0.000000000000,67,0/0 (N/A),0,0,N/A,0/0 (N/A),0,0,N/A,0/0 (N/A),0,0,N/A,0/0 (N/A),0,0,N/A,0/0 (N/A),0,0,N/A,0/0 (N/A),0,0,N/A,0/0 (N/A),0,0,N/A,0/0 (N/A),0,0,N/A,0/0 (N/A),0,0,N/A,0/0 (N/A),0,0,N/A,0/0 (N/A),0,0,N/A,0/0 (N/A),0,0,N/A,0/0 (N/A),0,0,N/A,0/0 (N/A),0,0,N/A,0/0 (N/A),0.000000000000,0.000000000000,43,427
OLD4_TO_NEW7_TRANSITIONS.csv:119,B7_PRICE,transition,R0_4,A,S,0,0,0,N/A,N/A,0,0,0,0,0,0,0,0,0,0,0,0,N/A,N/A,0.000000000000,0.000000000000,0.000000000000,0,N/A,0/0 (N/A),0,N/A,0/0 (N/A),0,N/A,0/0 (N/A),0,N/A,0/0 (N/A),0,N/A,0/0 (N/A),0,N/A,0/0 (N/A),0,N/A,0/0 (N/A),0,N/A,0/0 (N/A),0,N/A,0/0 (N/A),0,0,N/A,0.000000000000,432,0/0 (N/A),0,0,N/A,0.000000000000,297,0/0 (N/A),0,0,N/A,0.000000000000,170,0/0 (N/A),0,0,N/A,0.000000000000,67,0/0 (N/A),0,0,N/A,0/0 (N/A),0,0,N/A,0/0 (N/A),0,0,N/A,0/0 (N/A),0,0,N/A,0/0 (N/A),0,0,N/A,0/0 (N/A),0,0,N/A,0/0 (N/A),0,0,N/A,0/0 (N/A),0,0,N/A,0/0 (N/A),0,0,N/A,0/0 (N/A),0,0,N/A,0/0 (N/A),0,0,N/A,0/0 (N/A),0,0,N/A,0/0 (N/A),0,0,N/A,0/0 (N/A),0,0,N/A,0/0 (N/A),0.000000000000,0.000000000000,154,3
OLD4_TO_NEW7_TRANSITIONS.csv:120,B7_PRICE,transition,R0_4,A,A,0,0,0,N/A,N/A,0,0,0,0,0,0,0,0,0,0,0,0,N/A,N/A,0.000000000000,0.000000000000,0.000000000000,0,N/A,0/0 (N/A),0,N/A,0/0 (N/A),0,N/A,0/0 (N/A),0,N/A,0/0 (N/A),0,N/A,0/0 (N/A),0,N/A,0/0 (N/A),0,N/A,0/0 (N/A),0,N/A,0/0 (N/A),0,N/A,0/0 (N/A),0,0,N/A,0.000000000000,432,0/0 (N/A),0,0,N/A,0.000000000000,297,0/0 (N/A),0,0,N/A,0.000000000000,170,0/0 (N/A),0,0,N/A,0.000000000000,67,0/0 (N/A),0,0,N/A,0/0 (N/A),0,0,N/A,0/0 (N/A),0,0,N/A,0/0 (N/A),0,0,N/A,0/0 (N/A),0,0,N/A,0/0 (N/A),0,0,N/A,0/0 (N/A),0,0,N/A,0/0 (N/A),0,0,N/A,0/0 (N/A),0,0,N/A,0/0 (N/A),0,0,N/A,0/0 (N/A),0,0,N/A,0/0 (N/A),0,0,N/A,0/0 (N/A),0,0,N/A,0/0 (N/A),0,0,N/A,0/0 (N/A),0.000000000000,0.000000000000,154,24
OLD4_TO_NEW7_TRANSITIONS.csv:121,B7_PRICE,transition,R0_4,A,B,111,111,0,100.000000000000,0.000000000000,111,35,97,42,69,13,10,8,6,14,7,1,0.431485565820,-0.353503451320,139.344570198137,91.449672392140,47.894897805996,111,37.837837837838,42/111 (37.837837837838%),111,62.162162162162,69/111 (62.162162162162%),111,11.711711711712,13/111 (11.711711711712%),111,9.009009009009,10/111 (9.009009009009%),111,7.207207207207,8/111 (7.207207207207%),111,5.405405405405,6/111 (5.405405405405%),111,12.612612612613,14/111 (12.612612612613%),111,6.306306306306,7/111 (6.306306306306%),111,0.900900900901,1/111 (0.900900900901%),58,111,52.252252252252,13.425925925926,432,58/111 (52.252252252252%),44,111,39.639639639640,14.814814814815,297,44/111 (39.639639639640%),26,111,23.423423423423,15.294117647059,170,26/111 (23.423423423423%),12,111,10.810810810811,17.910447761194,67,12/111 (10.810810810811%),6,111,5.405405405405,6/111 (5.405405405405%),2,111,1.801801801802,2/111 (1.801801801802%),2,111,1.801801801802,2/111 (1.801801801802%),3,111,2.702702702703,3/111 (2.702702702703%),12,111,10.810810810811,12/111 (10.810810810811%),17,111,15.315315315315,17/111 (15.315315315315%),36,111,32.432432432432,36/111 (32.432432432432%),19,111,17.117117117117,19/111 (17.117117117117%),7,111,6.306306306306,7/111 (6.306306306306%),4,111,3.603603603604,4/111 (3.603603603604%),2,111,1.801801801802,2/111 (1.801801801802%),1,111,0.900900900901,1/111 (0.900900900901%),0,111,0.000000000000,0/111 (0.000000000000%),0,111,0.000000000000,0/111 (0.000000000000%),72.077922077922,87.401574803150,154,127
OLD4_TO_NEW7_TRANSITIONS.csv:122,B7_PRICE,transition,R0_4,A,C,28,28,0,100.000000000000,0.000000000000,28,22,28,11,17,8,8,6,5,6,3,0,1.796989721310,-0.283815147641,78.496221059475,28.180508862792,50.315712196684,28,39.285714285714,11/28 (39.285714285714%),28,60.714285714286,17/28 (60.714285714286%),28,28.571428571429,8/28 (28.571428571429%),28,28.571428571429,8/28 (28.571428571429%),28,21.428571428571,6/28 (21.428571428571%),28,17.857142857143,5/28 (17.857142857143%),28,21.428571428571,6/28 (21.428571428571%),28,10.714285714286,3/28 (10.714285714286%),28,0.000000000000,0/28 (0.000000000000%),17,28,60.714285714286,3.935185185185,432,17/28 (60.714285714286%),15,28,53.571428571429,5.050505050505,297,15/28 (53.571428571429%),13,28,46.428571428571,7.647058823529,170,13/28 (46.428571428571%),5,28,17.857142857143,7.462686567164,67,5/28 (17.857142857143%),5,28,17.857142857143,5/28 (17.857142857143%),1,28,3.571428571429,1/28 (3.571428571429%),2,28,7.142857142857,2/28 (7.142857142857%),0,28,0.000000000000,0/28 (0.000000000000%),2,28,7.142857142857,2/28 (7.142857142857%),1,28,3.571428571429,1/28 (3.571428571429%),6,28,21.428571428571,6/28 (21.428571428571%),5,28,17.857142857143,5/28 (17.857142857143%),3,28,10.714285714286,3/28 (10.714285714286%),2,28,7.142857142857,2/28 (7.142857142857%),1,28,3.571428571429,1/28 (3.571428571429%),0,28,0.000000000000,0/28 (0.000000000000%),0,28,0.000000000000,0/28 (0.000000000000%),0,28,0.000000000000,0/28 (0.000000000000%),18.181818181818,17.948717948718,154,156
OLD4_TO_NEW7_TRANSITIONS.csv:123,B7_PRICE,transition,R0_4,A,D,15,15,0,100.000000000000,0.000000000000,15,12,14,8,7,7,5,5,5,1,1,1,5.396317536340,1.235017235258,93.862861726553,12.918098681460,80.944763045094,15,53.333333333333,8/15 (53.333333333333%),15,46.666666666667,7/15 (46.666666666667%),15,46.666666666667,7/15 (46.666666666667%),15,33.333333333333,5/15 (33.333333333333%),15,33.333333333333,5/15 (33.333333333333%),15,33.333333333333,5/15 (33.333333333333%),15,6.666666666667,1/15 (6.666666666667%),15,6.666666666667,1/15 (6.666666666667%),15,6.666666666667,1/15 (6.666666666667%),11,15,73.333333333333,2.546296296296,432,11/15 (73.333333333333%),10,15,66.666666666667,3.367003367003,297,10/15 (66.666666666667%),8,15,53.333333333333,4.705882352941,170,8/15 (53.333333333333%),6,15,40.000000000000,8.955223880597,67,6/15 (40.000000000000%),5,15,33.333333333333,5/15 (33.333333333333%),0,15,0.000000000000,0/15 (0.000000000000%),0,15,0.000000000000,0/15 (0.000000000000%),2,15,13.333333333333,2/15 (13.333333333333%),1,15,6.666666666667,1/15 (6.666666666667%),0,15,0.000000000000,0/15 (0.000000000000%),3,15,20.000000000000,3/15 (20.000000000000%),3,15,20.000000000000,3/15 (20.000000000000%),0,15,0.000000000000,0/15 (0.000000000000%),0,15,0.000000000000,0/15 (0.000000000000%),0,15,0.000000000000,0/15 (0.000000000000%),1,15,6.666666666667,1/15 (6.666666666667%),0,15,0.000000000000,0/15 (0.000000000000%),0,15,0.000000000000,0/15 (0.000000000000%),9.740259740260,9.375000000000,154,160
OLD4_TO_NEW7_TRANSITIONS.csv:124,B7_PRICE,transition,R0_4,A,E,0,0,0,N/A,N/A,0,0,0,0,0,0,0,0,0,0,0,0,N/A,N/A,0.000000000000,0.000000000000,0.000000000000,0,N/A,0/0 (N/A),0,N/A,0/0 (N/A),0,N/A,0/0 (N/A),0,N/A,0/0 (N/A),0,N/A,0/0 (N/A),0,N/A,0/0 (N/A),0,N/A,0/0 (N/A),0,N/A,0/0 (N/A),0,N/A,0/0 (N/A),0,0,N/A,0.000000000000,432,0/0 (N/A),0,0,N/A,0.000000000000,297,0/0 (N/A),0,0,N/A,0.000000000000,170,0/0 (N/A),0,0,N/A,0.000000000000,67,0/0 (N/A),0,0,N/A,0/0 (N/A),0,0,N/A,0/0 (N/A),0,0,N/A,0/0 (N/A),0,0,N/A,0/0 (N/A),0,0,N/A,0/0 (N/A),0,0,N/A,0/0 (N/A),0,0,N/A,0/0 (N/A),0,0,N/A,0/0 (N/A),0,0,N/A,0/0 (N/A),0,0,N/A,0/0 (N/A),0,0,N/A,0/0 (N/A),0,0,N/A,0/0 (N/A),0,0,N/A,0/0 (N/A),0,0,N/A,0/0 (N/A),0.000000000000,0.000000000000,154,142
OLD4_TO_NEW7_TRANSITIONS.csv:125,B7_PRICE,transition,R0_4,A,F,0,0,0,N/A,N/A,0,0,0,0,0,0,0,0,0,0,0,0,N/A,N/A,0.000000000000,0.000000000000,0.000000000000,0,N/A,0/0 (N/A),0,N/A,0/0 (N/A),0,N/A,0/0 (N/A),0,N/A,0/0 (N/A),0,N/A,0/0 (N/A),0,N/A,0/0 (N/A),0,N/A,0/0 (N/A),0,N/A,0/0 (N/A),0,N/A,0/0 (N/A),0,0,N/A,0.000000000000,432,0/0 (N/A),0,0,N/A,0.000000000000,297,0/0 (N/A),0,0,N/A,0.000000000000,170,0/0 (N/A),0,0,N/A,0.000000000000,67,0/0 (N/A),0,0,N/A,0/0 (N/A),0,0,N/A,0/0 (N/A),0,0,N/A,0/0 (N/A),0,0,N/A,0/0 (N/A),0,0,N/A,0/0 (N/A),0,0,N/A,0/0 (N/A),0,0,N/A,0/0 (N/A),0,0,N/A,0/0 (N/A),0,0,N/A,0/0 (N/A),0,0,N/A,0/0 (N/A),0,0,N/A,0/0 (N/A),0,0,N/A,0/0 (N/A),0,0,N/A,0/0 (N/A),0,0,N/A,0/0 (N/A),0.000000000000,0.000000000000,154,427
OLD4_TO_NEW7_TRANSITIONS.csv:126,B7_PRICE,transition,R0_4,B,S,0,0,0,N/A,N/A,0,0,0,0,0,0,0,0,0,0,0,0,N/A,N/A,0.000000000000,0.000000000000,0.000000000000,0,N/A,0/0 (N/A),0,N/A,0/0 (N/A),0,N/A,0/0 (N/A),0,N/A,0/0 (N/A),0,N/A,0/0 (N/A),0,N/A,0/0 (N/A),0,N/A,0/0 (N/A),0,N/A,0/0 (N/A),0,N/A,0/0 (N/A),0,0,N/A,0.000000000000,432,0/0 (N/A),0,0,N/A,0.000000000000,297,0/0 (N/A),0,0,N/A,0.000000000000,170,0/0 (N/A),0,0,N/A,0.000000000000,67,0/0 (N/A),0,0,N/A,0/0 (N/A),0,0,N/A,0/0 (N/A),0,0,N/A,0/0 (N/A),0,0,N/A,0/0 (N/A),0,0,N/A,0/0 (N/A),0,0,N/A,0/0 (N/A),0,0,N/A,0/0 (N/A),0,0,N/A,0/0 (N/A),0,0,N/A,0/0 (N/A),0,0,N/A,0/0 (N/A),0,0,N/A,0/0 (N/A),0,0,N/A,0/0 (N/A),0,0,N/A,0/0 (N/A),0,0,N/A,0/0 (N/A),0.000000000000,0.000000000000,297,3
OLD4_TO_NEW7_TRANSITIONS.csv:127,B7_PRICE,transition,R0_4,B,A,0,0,0,N/A,N/A,0,0,0,0,0,0,0,0,0,0,0,0,N/A,N/A,0.000000000000,0.000000000000,0.000000000000,0,N/A,0/0 (N/A),0,N/A,0/0 (N/A),0,N/A,0/0 (N/A),0,N/A,0/0 (N/A),0,N/A,0/0 (N/A),0,N/A,0/0 (N/A),0,N/A,0/0 (N/A),0,N/A,0/0 (N/A),0,N/A,0/0 (N/A),0,0,N/A,0.000000000000,432,0/0 (N/A),0,0,N/A,0.000000000000,297,0/0 (N/A),0,0,N/A,0.000000000000,170,0/0 (N/A),0,0,N/A,0.000000000000,67,0/0 (N/A),0,0,N/A,0/0 (N/A),0,0,N/A,0/0 (N/A),0,0,N/A,0/0 (N/A),0,0,N/A,0/0 (N/A),0,0,N/A,0/0 (N/A),0,0,N/A,0/0 (N/A),0,0,N/A,0/0 (N/A),0,0,N/A,0/0 (N/A),0,0,N/A,0/0 (N/A),0,0,N/A,0/0 (N/A),0,0,N/A,0/0 (N/A),0,0,N/A,0/0 (N/A),0,0,N/A,0/0 (N/A),0,0,N/A,0/0 (N/A),0.000000000000,0.000000000000,297,24
OLD4_TO_NEW7_TRANSITIONS.csv:128,B7_PRICE,transition,R0_4,B,B,0,0,0,N/A,N/A,0,0,0,0,0,0,0,0,0,0,0,0,N/A,N/A,0.000000000000,0.000000000000,0.000000000000,0,N/A,0/0 (N/A),0,N/A,0/0 (N/A),0,N/A,0/0 (N/A),0,N/A,0/0 (N/A),0,N/A,0/0 (N/A),0,N/A,0/0 (N/A),0,N/A,0/0 (N/A),0,N/A,0/0 (N/A),0,N/A,0/0 (N/A),0,0,N/A,0.000000000000,432,0/0 (N/A),0,0,N/A,0.000000000000,297,0/0 (N/A),0,0,N/A,0.000000000000,170,0/0 (N/A),0,0,N/A,0.000000000000,67,0/0 (N/A),0,0,N/A,0/0 (N/A),0,0,N/A,0/0 (N/A),0,0,N/A,0/0 (N/A),0,0,N/A,0/0 (N/A),0,0,N/A,0/0 (N/A),0,0,N/A,0/0 (N/A),0,0,N/A,0/0 (N/A),0,0,N/A,0/0 (N/A),0,0,N/A,0/0 (N/A),0,0,N/A,0/0 (N/A),0,0,N/A,0/0 (N/A),0,0,N/A,0/0 (N/A),0,0,N/A,0/0 (N/A),0,0,N/A,0/0 (N/A),0.000000000000,0.000000000000,297,127
OLD4_TO_NEW7_TRANSITIONS.csv:129,B7_PRICE,transition,R0_4,B,C,128,127,1,99.218750000000,0.781250000000,128,36,111,49,78,11,8,6,5,24,10,2,-0.298795547083,-0.319994187928,87.459953461160,125.406987940713,-37.947034479553,127,38.582677165354,49/127 (38.582677165354%),127,61.417322834646,78/127 (61.417322834646%),127,8.661417322835,11/127 (8.661417322835%),127,6.299212598425,8/127 (6.299212598425%),127,4.724409448819,6/127 (4.724409448819%),127,3.937007874016,5/127 (3.937007874016%),127,18.897637795276,24/127 (18.897637795276%),127,7.874015748031,10/127 (7.874015748031%),127,1.574803149606,2/127 (1.574803149606%),59,128,46.093750000000,13.657407407407,432,59/128 (46.093750000000%),35,128,27.343750000000,11.784511784512,297,35/128 (27.343750000000%),22,128,17.187500000000,12.941176470588,170,22/128 (17.187500000000%),6,128,4.687500000000,8.955223880597,67,6/128 (4.687500000000%),5,127,3.937007874016,5/127 (3.937007874016%),1,127,0.787401574803,1/127 (0.787401574803%),2,127,1.574803149606,2/127 (1.574803149606%),3,127,2.362204724409,3/127 (2.362204724409%),11,127,8.661417322835,11/127 (8.661417322835%),27,127,21.259842519685,27/127 (21.259842519685%),38,127,29.921259842520,38/127 (29.921259842520%),16,127,12.598425196850,16/127 (12.598425196850%),14,127,11.023622047244,14/127 (11.023622047244%),3,127,2.362204724409,3/127 (2.362204724409%),5,127,3.937007874016,5/127 (3.937007874016%),2,127,1.574803149606,2/127 (1.574803149606%),0,127,0.000000000000,0/127 (0.000000000000%),1,128,0.781250000000,1/128 (0.781250000000%),43.097643097643,82.051282051282,297,156
OLD4_TO_NEW7_TRANSITIONS.csv:130,B7_PRICE,transition,R0_4,B,D,145,144,1,99.310344827586,0.689655172414,145,37,129,69,75,21,14,6,4,23,14,7,-0.108189342138,-0.099950024988,127.672477841618,143.251743109557,-15.579265267938,144,47.916666666667,69/144 (47.916666666667%),144,52.083333333333,75/144 (52.083333333333%),144,14.583333333333,21/144 (14.583333333333%),144,9.722222222222,14/144 (9.722222222222%),144,4.166666666667,6/144 (4.166666666667%),144,2.777777777778,4/144 (2.777777777778%),144,15.972222222222,23/144 (15.972222222222%),144,9.722222222222,14/144 (9.722222222222%),144,4.861111111111,7/144 (4.861111111111%),74,145,51.034482758621,17.129629629630,432,74/145 (51.034482758621%),52,145,35.862068965517,17.508417508418,297,52/145 (35.862068965517%),28,145,19.310344827586,16.470588235294,170,28/145 (19.310344827586%),10,145,6.896551724138,14.925373134328,67,10/145 (6.896551724138%),4,144,2.777777777778,4/144 (2.777777777778%),2,144,1.388888888889,2/144 (1.388888888889%),8,144,5.555555555556,8/144 (5.555555555556%),7,144,4.861111111111,7/144 (4.861111111111%),19,144,13.194444444444,19/144 (13.194444444444%),29,144,20.138888888889,29/144 (20.138888888889%),33,144,22.916666666667,33/144 (22.916666666667%),19,144,13.194444444444,19/144 (13.194444444444%),9,144,6.250000000000,9/144 (6.250000000000%),5,144,3.472222222222,5/144 (3.472222222222%),2,144,1.388888888889,2/144 (1.388888888889%),7,144,4.861111111111,7/144 (4.861111111111%),0,144,0.000000000000,0/144 (0.000000000000%),1,145,0.689655172414,1/145 (0.689655172414%),48.821548821549,90.625000000000,297,160
OLD4_TO_NEW7_TRANSITIONS.csv:131,B7_PRICE,transition,R0_4,B,E,22,22,0,100.000000000000,0.000000000000,22,15,21,9,13,4,3,2,2,6,4,3,-0.375185166099,-0.099950024988,22.326963905223,30.581037559410,-8.254073654187,22,40.909090909091,9/22 (40.909090909091%),22,59.090909090909,13/22 (59.090909090909%),22,18.181818181818,4/22 (18.181818181818%),22,13.636363636364,3/22 (13.636363636364%),22,9.090909090909,2/22 (9.090909090909%),22,9.090909090909,2/22 (9.090909090909%),22,27.272727272727,6/22 (27.272727272727%),22,18.181818181818,4/22 (18.181818181818%),22,13.636363636364,3/22 (13.636363636364%),14,22,63.636363636364,3.240740740741,432,14/22 (63.636363636364%),8,22,36.363636363636,2.693602693603,297,8/22 (36.363636363636%),4,22,18.181818181818,2.352941176471,170,4/22 (18.181818181818%),2,22,9.090909090909,2.985074626866,67,2/22 (9.090909090909%),2,22,9.090909090909,2/22 (9.090909090909%),0,22,0.000000000000,0/22 (0.000000000000%),1,22,4.545454545455,1/22 (4.545454545455%),1,22,4.545454545455,1/22 (4.545454545455%),2,22,9.090909090909,2/22 (9.090909090909%),3,22,13.636363636364,3/22 (13.636363636364%),5,22,22.727272727273,5/22 (22.727272727273%),2,22,9.090909090909,2/22 (9.090909090909%),2,22,9.090909090909,2/22 (9.090909090909%),0,22,0.000000000000,0/22 (0.000000000000%),1,22,4.545454545455,1/22 (4.545454545455%),3,22,13.636363636364,3/22 (13.636363636364%),0,22,0.000000000000,0/22 (0.000000000000%),0,22,0.000000000000,0/22 (0.000000000000%),7.407407407407,15.492957746479,297,142
OLD4_TO_NEW7_TRANSITIONS.csv:132,B7_PRICE,transition,R0_4,B,F,2,2,0,100.000000000000,0.000000000000,2,2,2,0,2,0,0,0,0,2,0,0,-2.063500515071,-2.063500515071,0.000000000000,4.127001030142,-4.127001030142,2,0.000000000000,0/2 (0.000000000000%),2,100.000000000000,2/2 (100.000000000000%),2,0.000000000000,0/2 (0.000000000000%),2,0.000000000000,0/2 (0.000000000000%),2,0.000000000000,0/2 (0.000000000000%),2,0.000000000000,0/2 (0.000000000000%),2,100.000000000000,2/2 (100.000000000000%),2,0.000000000000,0/2 (0.000000000000%),2,0.000000000000,0/2 (0.000000000000%),0,2,0.000000000000,0.000000000000,432,0/2 (0.000000000000%),0,2,0.000000000000,0.000000000000,297,0/2 (0.000000000000%),0,2,0.000000000000,0.000000000000,170,0/2 (0.000000000000%),0,2,0.000000000000,0.000000000000,67,0/2 (0.000000000000%),0,2,0.000000000000,0/2 (0.000000000000%),0,2,0.000000000000,0/2 (0.000000000000%),0,2,0.000000000000,0/2 (0.000000000000%),0,2,0.000000000000,0/2 (0.000000000000%),0,2,0.000000000000,0/2 (0.000000000000%),0,2,0.000000000000,0/2 (0.000000000000%),0,2,0.000000000000,0/2 (0.000000000000%),0,2,0.000000000000,0/2 (0.000000000000%),2,2,100.000000000000,2/2 (100.000000000000%),0,2,0.000000000000,0/2 (0.000000000000%),0,2,0.000000000000,0/2 (0.000000000000%),0,2,0.000000000000,0/2 (0.000000000000%),0,2,0.000000000000,0/2 (0.000000000000%),0,2,0.000000000000,0/2 (0.000000000000%),0.673400673401,0.468384074941,297,427
OLD4_TO_NEW7_TRANSITIONS.csv:133,B7_PRICE,transition,R0_4,C,S,0,0,0,N/A,N/A,0,0,0,0,0,0,0,0,0,0,0,0,N/A,N/A,0.000000000000,0.000000000000,0.000000000000,0,N/A,0/0 (N/A),0,N/A,0/0 (N/A),0,N/A,0/0 (N/A),0,N/A,0/0 (N/A),0,N/A,0/0 (N/A),0,N/A,0/0 (N/A),0,N/A,0/0 (N/A),0,N/A,0/0 (N/A),0,N/A,0/0 (N/A),0,0,N/A,0.000000000000,432,0/0 (N/A),0,0,N/A,0.000000000000,297,0/0 (N/A),0,0,N/A,0.000000000000,170,0/0 (N/A),0,0,N/A,0.000000000000,67,0/0 (N/A),0,0,N/A,0/0 (N/A),0,0,N/A,0/0 (N/A),0,0,N/A,0/0 (N/A),0,0,N/A,0/0 (N/A),0,0,N/A,0/0 (N/A),0,0,N/A,0/0 (N/A),0,0,N/A,0/0 (N/A),0,0,N/A,0/0 (N/A),0,0,N/A,0/0 (N/A),0,0,N/A,0/0 (N/A),0,0,N/A,0/0 (N/A),0,0,N/A,0/0 (N/A),0,0,N/A,0/0 (N/A),0,0,N/A,0/0 (N/A),0.000000000000,0.000000000000,545,3
OLD4_TO_NEW7_TRANSITIONS.csv:134,B7_PRICE,transition,R0_4,C,A,0,0,0,N/A,N/A,0,0,0,0,0,0,0,0,0,0,0,0,N/A,N/A,0.000000000000,0.000000000000,0.000000000000,0,N/A,0/0 (N/A),0,N/A,0/0 (N/A),0,N/A,0/0 (N/A),0,N/A,0/0 (N/A),0,N/A,0/0 (N/A),0,N/A,0/0 (N/A),0,N/A,0/0 (N/A),0,N/A,0/0 (N/A),0,N/A,0/0 (N/A),0,0,N/A,0.000000000000,432,0/0 (N/A),0,0,N/A,0.000000000000,297,0/0 (N/A),0,0,N/A,0.000000000000,170,0/0 (N/A),0,0,N/A,0.000000000000,67,0/0 (N/A),0,0,N/A,0/0 (N/A),0,0,N/A,0/0 (N/A),0,0,N/A,0/0 (N/A),0,0,N/A,0/0 (N/A),0,0,N/A,0/0 (N/A),0,0,N/A,0/0 (N/A),0,0,N/A,0/0 (N/A),0,0,N/A,0/0 (N/A),0,0,N/A,0/0 (N/A),0,0,N/A,0/0 (N/A),0,0,N/A,0/0 (N/A),0,0,N/A,0/0 (N/A),0,0,N/A,0/0 (N/A),0,0,N/A,0/0 (N/A),0.000000000000,0.000000000000,545,24
OLD4_TO_NEW7_TRANSITIONS.csv:135,B7_PRICE,transition,R0_4,C,B,0,0,0,N/A,N/A,0,0,0,0,0,0,0,0,0,0,0,0,N/A,N/A,0.000000000000,0.000000000000,0.000000000000,0,N/A,0/0 (N/A),0,N/A,0/0 (N/A),0,N/A,0/0 (N/A),0,N/A,0/0 (N/A),0,N/A,0/0 (N/A),0,N/A,0/0 (N/A),0,N/A,0/0 (N/A),0,N/A,0/0 (N/A),0,N/A,0/0 (N/A),0,0,N/A,0.000000000000,432,0/0 (N/A),0,0,N/A,0.000000000000,297,0/0 (N/A),0,0,N/A,0.000000000000,170,0/0 (N/A),0,0,N/A,0.000000000000,67,0/0 (N/A),0,0,N/A,0/0 (N/A),0,0,N/A,0/0 (N/A),0,0,N/A,0/0 (N/A),0,0,N/A,0/0 (N/A),0,0,N/A,0/0 (N/A),0,0,N/A,0/0 (N/A),0,0,N/A,0/0 (N/A),0,0,N/A,0/0 (N/A),0,0,N/A,0/0 (N/A),0,0,N/A,0/0 (N/A),0,0,N/A,0/0 (N/A),0,0,N/A,0/0 (N/A),0,0,N/A,0/0 (N/A),0,0,N/A,0/0 (N/A),0.000000000000,0.000000000000,545,127
OLD4_TO_NEW7_TRANSITIONS.csv:136,B7_PRICE,transition,R0_4,C,C,0,0,0,N/A,N/A,0,0,0,0,0,0,0,0,0,0,0,0,N/A,N/A,0.000000000000,0.000000000000,0.000000000000,0,N/A,0/0 (N/A),0,N/A,0/0 (N/A),0,N/A,0/0 (N/A),0,N/A,0/0 (N/A),0,N/A,0/0 (N/A),0,N/A,0/0 (N/A),0,N/A,0/0 (N/A),0,N/A,0/0 (N/A),0,N/A,0/0 (N/A),0,0,N/A,0.000000000000,432,0/0 (N/A),0,0,N/A,0.000000000000,297,0/0 (N/A),0,0,N/A,0.000000000000,170,0/0 (N/A),0,0,N/A,0.000000000000,67,0/0 (N/A),0,0,N/A,0/0 (N/A),0,0,N/A,0/0 (N/A),0,0,N/A,0/0 (N/A),0,0,N/A,0/0 (N/A),0,0,N/A,0/0 (N/A),0,0,N/A,0/0 (N/A),0,0,N/A,0/0 (N/A),0,0,N/A,0/0 (N/A),0,0,N/A,0/0 (N/A),0,0,N/A,0/0 (N/A),0,0,N/A,0/0 (N/A),0,0,N/A,0/0 (N/A),0,0,N/A,0/0 (N/A),0,0,N/A,0/0 (N/A),0.000000000000,0.000000000000,545,156
OLD4_TO_NEW7_TRANSITIONS.csv:137,B7_PRICE,transition,R0_4,C,D,0,0,0,N/A,N/A,0,0,0,0,0,0,0,0,0,0,0,0,N/A,N/A,0.000000000000,0.000000000000,0.000000000000,0,N/A,0/0 (N/A),0,N/A,0/0 (N/A),0,N/A,0/0 (N/A),0,N/A,0/0 (N/A),0,N/A,0/0 (N/A),0,N/A,0/0 (N/A),0,N/A,0/0 (N/A),0,N/A,0/0 (N/A),0,N/A,0/0 (N/A),0,0,N/A,0.000000000000,432,0/0 (N/A),0,0,N/A,0.000000000000,297,0/0 (N/A),0,0,N/A,0.000000000000,170,0/0 (N/A),0,0,N/A,0.000000000000,67,0/0 (N/A),0,0,N/A,0/0 (N/A),0,0,N/A,0/0 (N/A),0,0,N/A,0/0 (N/A),0,0,N/A,0/0 (N/A),0,0,N/A,0/0 (N/A),0,0,N/A,0/0 (N/A),0,0,N/A,0/0 (N/A),0,0,N/A,0/0 (N/A),0,0,N/A,0/0 (N/A),0,0,N/A,0/0 (N/A),0,0,N/A,0/0 (N/A),0,0,N/A,0/0 (N/A),0,0,N/A,0/0 (N/A),0,0,N/A,0/0 (N/A),0.000000000000,0.000000000000,545,160
OLD4_TO_NEW7_TRANSITIONS.csv:138,B7_PRICE,transition,R0_4,C,E,120,120,0,100.000000000000,0.000000000000,120,35,109,57,63,19,13,8,4,14,5,0,0.301112234865,-0.099950024988,116.959943884800,80.826475701045,36.133468183756,120,47.500000000000,57/120 (47.500000000000%),120,52.500000000000,63/120 (52.500000000000%),120,15.833333333333,19/120 (15.833333333333%),120,10.833333333333,13/120 (10.833333333333%),120,6.666666666667,8/120 (6.666666666667%),120,3.333333333333,4/120 (3.333333333333%),120,11.666666666667,14/120 (11.666666666667%),120,4.166666666667,5/120 (4.166666666667%),120,0.000000000000,0/120 (0.000000000000%),56,120,46.666666666667,12.962962962963,432,56/120 (46.666666666667%),36,120,30.000000000000,12.121212121212,297,36/120 (30.000000000000%),17,120,14.166666666667,10.000000000000,170,17/120 (14.166666666667%),6,120,5.000000000000,8.955223880597,67,6/120 (5.000000000000%),4,120,3.333333333333,4/120 (3.333333333333%),4,120,3.333333333333,4/120 (3.333333333333%),5,120,4.166666666667,5/120 (4.166666666667%),6,120,5.000000000000,6/120 (5.000000000000%),21,120,17.500000000000,21/120 (17.500000000000%),17,120,14.166666666667,17/120 (14.166666666667%),32,120,26.666666666667,32/120 (26.666666666667%),17,120,14.166666666667,17/120 (14.166666666667%),9,120,7.500000000000,9/120 (7.500000000000%),4,120,3.333333333333,4/120 (3.333333333333%),1,120,0.833333333333,1/120 (0.833333333333%),0,120,0.000000000000,0/120 (0.000000000000%),0,120,0.000000000000,0/120 (0.000000000000%),0,120,0.000000000000,0/120 (0.000000000000%),22.018348623853,84.507042253521,545,142
OLD4_TO_NEW7_TRANSITIONS.csv:139,B7_PRICE,transition,R0_4,C,F,425,404,21,95.058823529412,4.941176470588,425,38,333,174,230,47,33,20,14,44,26,9,0.129275842952,-0.099950024988,364.676221142522,312.448780590069,52.227440552453,404,43.069306930693,174/404 (43.069306930693%),404,56.930693069307,230/404 (56.930693069307%),404,11.633663366337,47/404 (11.633663366337%),404,8.168316831683,33/404 (8.168316831683%),404,4.950495049505,20/404 (4.950495049505%),404,3.465346534653,14/404 (3.465346534653%),404,10.891089108911,44/404 (10.891089108911%),404,6.435643564356,26/404 (6.435643564356%),404,2.227722772277,9/404 (2.227722772277%),118,425,27.764705882353,27.314814814815,432,118/425 (27.764705882353%),75,425,17.647058823529,25.252525252525,297,75/425 (17.647058823529%),40,425,9.411764705882,23.529411764706,170,40/425 (9.411764705882%),14,425,3.294117647059,20.895522388060,67,14/425 (3.294117647059%),14,404,3.465346534653,14/404 (3.465346534653%),6,404,1.485148514851,6/404 (1.485148514851%),13,404,3.217821782178,13/404 (3.217821782178%),14,404,3.465346534653,14/404 (3.465346534653%),41,404,10.148514851485,41/404 (10.148514851485%),86,404,21.287128712871,86/404 (21.287128712871%),134,404,33.168316831683,134/404 (33.168316831683%),52,404,12.871287128713,52/404 (12.871287128713%),18,404,4.455445544554,18/404 (4.455445544554%),8,404,1.980198019802,8/404 (1.980198019802%),9,404,2.227722772277,9/404 (2.227722772277%),9,404,2.227722772277,9/404 (2.227722772277%),0,404,0.000000000000,0/404 (0.000000000000%),21,425,4.941176470588,21/425 (4.941176470588%),77.981651376147,99.531615925059,545,427
