population,bucket_kind,bucket,label,N,known_N,unknown_N,event_N,event_rate
EXECUTION_ELIGIBLE,native_rank,A,R1,154,154,0,47,0.3051948051948052
EXECUTION_ELIGIBLE,native_rank,A,R2,154,154,0,34,0.22077922077922077
EXECUTION_ELIGIBLE,native_rank,A,R3,154,154,0,27,0.17532467532467533
EXECUTION_ELIGIBLE,native_rank,A,R4,154,154,0,21,0.13636363636363635
EXECUTION_ELIGIBLE,native_rank,A,R5,154,154,0,18,0.11688311688311688
EXECUTION_ELIGIBLE,native_rank,A,R6,154,154,0,13,0.08441558441558442
EXECUTION_ELIGIBLE,native_rank,A,R7,154,154,0,12,0.07792207792207792
EXECUTION_ELIGIBLE,native_rank,A,R8,154,154,0,11,0.07142857142857142
EXECUTION_ELIGIBLE,native_rank,A,R9,154,154,0,11,0.07142857142857142
EXECUTION_ELIGIBLE,native_rank,A,R10,154,154,0,11,0.07142857142857142
EXECUTION_ELIGIBLE,native_rank,A,R11,154,154,0,10,0.06493506493506493
EXECUTION_ELIGIBLE,native_rank,A,R12,154,154,0,10,0.06493506493506493
EXECUTION_ELIGIBLE,native_rank,A,R13,154,154,0,9,0.05844155844155844
EXECUTION_ELIGIBLE,native_rank,A,R14,154,154,0,9,0.05844155844155844
EXECUTION_ELIGIBLE,native_rank,A,R15,154,154,0,6,0.03896103896103896
EXECUTION_ELIGIBLE,native_rank,A,R16,154,154,0,5,0.032467532467532464
EXECUTION_ELIGIBLE,native_rank,A,R17,154,154,0,5,0.032467532467532464
EXECUTION_ELIGIBLE,native_rank,A,R18,154,154,0,5,0.032467532467532464
EXECUTION_ELIGIBLE,native_rank,A,R19,154,154,0,3,0.01948051948051948
EXECUTION_ELIGIBLE,native_rank,A,R20,154,154,0,3,0.01948051948051948
EXECUTION_ELIGIBLE,native_rank,A,R21,154,154,0,3,0.01948051948051948
EXECUTION_ELIGIBLE,native_rank,A,R22,154,154,0,3,0.01948051948051948
EXECUTION_ELIGIBLE,native_rank,A,R23,154,154,0,3,0.01948051948051948
EXECUTION_ELIGIBLE,native_rank,A,R24,154,154,0,3,0.01948051948051948
EXECUTION_ELIGIBLE,native_rank,A,R25,154,154,0,3,0.01948051948051948
EXECUTION_ELIGIBLE,native_rank,A,R26,154,154,0,3,0.01948051948051948
EXECUTION_ELIGIBLE,native_rank,A,R27,154,154,0,2,0.012987012987012988
EXECUTION_ELIGIBLE,native_rank,A,R28,154,154,0,2,0.012987012987012988
EXECUTION_ELIGIBLE,native_rank,A,R29,154,154,0,1,0.006493506493506494
EXECUTION_ELIGIBLE,native_rank,A,R30,154,154,0,1,0.006493506493506494
EXECUTION_ELIGIBLE,native_rank,A,R31,154,154,0,1,0.006493506493506494
EXECUTION_ELIGIBLE,native_rank,A,R32,154,154,0,1,0.006493506493506494
EXECUTION_ELIGIBLE,native_rank,A,R33,154,154,0,1,0.006493506493506494
EXECUTION_ELIGIBLE,native_rank,A,R34,154,154,0,1,0.006493506493506494
EXECUTION_ELIGIBLE,native_rank,A,R35,154,154,0,1,0.006493506493506494
EXECUTION_ELIGIBLE,native_rank,A,R36,154,154,0,1,0.006493506493506494
EXECUTION_ELIGIBLE,native_rank,A,R37,154,154,0,1,0.006493506493506494
EXECUTION_ELIGIBLE,native_rank,A,RN1,154,154,0,55,0.35714285714285715
EXECUTION_ELIGIBLE,native_rank,A,RN2,154,154,0,35,0.22727272727272727
EXECUTION_ELIGIBLE,native_rank,A,RN3,154,154,0,21,0.13636363636363635
EXECUTION_ELIGIBLE,native_rank,A,RN4,154,154,0,12,0.07792207792207792
EXECUTION_ELIGIBLE,native_rank,A,RN5,154,154,0,8,0.05194805194805195
EXECUTION_ELIGIBLE,native_rank,A,RN6,154,154,0,7,0.045454545454545456
EXECUTION_ELIGIBLE,native_rank,A,RN7,154,154,0,4,0.025974025974025976
EXECUTION_ELIGIBLE,native_rank,A,RN8,154,154,0,2,0.012987012987012988
EXECUTION_ELIGIBLE,native_rank,A,RN9,154,154,0,2,0.012987012987012988
EXECUTION_ELIGIBLE,native_rank,A,RN10,154,154,0,0,0.0
EXECUTION_ELIGIBLE,native_rank,A,RN11,154,154,0,0,0.0
EXECUTION_ELIGIBLE,native_rank,A,RN12,154,154,0,0,0.0
EXECUTION_ELIGIBLE,native_rank,A,RN13,154,154,0,0,0.0
EXECUTION_ELIGIBLE,native_rank,A,RN14,154,154,0,0,0.0
EXECUTION_ELIGIBLE,native_rank,A,RN15,154,154,0,0,0.0
EXECUTION_ELIGIBLE,native_rank,A,RN16,154,154,0,0,0.0
EXECUTION_ELIGIBLE,native_rank,A,RN17,154,154,0,0,0.0
EXECUTION_ELIGIBLE,native_rank,B,R1,297,295,2,76,0.2576271186440678
EXECUTION_ELIGIBLE,native_rank,B,R2,297,295,2,43,0.14576271186440679
EXECUTION_ELIGIBLE,native_rank,B,R3,297,295,2,27,0.09152542372881356
EXECUTION_ELIGIBLE,native_rank,B,R4,297,295,2,14,0.04745762711864407
EXECUTION_ELIGIBLE,native_rank,B,R5,297,295,2,13,0.04406779661016949
EXECUTION_ELIGIBLE,native_rank,B,R6,297,295,2,9,0.030508474576271188
EXECUTION_ELIGIBLE,native_rank,B,R7,297,295,2,8,0.02711864406779661
EXECUTION_ELIGIBLE,native_rank,B,R8,297,295,2,8,0.02711864406779661
EXECUTION_ELIGIBLE,native_rank,B,R9,297,295,2,4,0.013559322033898305
EXECUTION_ELIGIBLE,native_rank,B,R10,297,295,2,4,0.013559322033898305
EXECUTION_ELIGIBLE,native_rank,B,R11,297,295,2,4,0.013559322033898305
EXECUTION_ELIGIBLE,native_rank,B,R12,297,295,2,4,0.013559322033898305
EXECUTION_ELIGIBLE,native_rank,B,R13,297,295,2,4,0.013559322033898305
EXECUTION_ELIGIBLE,native_rank,B,R14,297,295,2,3,0.010169491525423728
EXECUTION_ELIGIBLE,native_rank,B,R15,297,295,2,3,0.010169491525423728
EXECUTION_ELIGIBLE,native_rank,B,R16,297,295,2,2,0.006779661016949152
EXECUTION_ELIGIBLE,native_rank,B,R17,297,295,2,2,0.006779661016949152
EXECUTION_ELIGIBLE,native_rank,B,R18,297,295,2,2,0.006779661016949152
EXECUTION_ELIGIBLE,native_rank,B,R19,297,295,2,2,0.006779661016949152
EXECUTION_ELIGIBLE,native_rank,B,R20,297,295,2,2,0.006779661016949152
EXECUTION_ELIGIBLE,native_rank,B,R21,297,295,2,2,0.006779661016949152
EXECUTION_ELIGIBLE,native_rank,B,R22,297,295,2,2,0.006779661016949152
EXECUTION_ELIGIBLE,native_rank,B,R23,297,295,2,2,0.006779661016949152
EXECUTION_ELIGIBLE,native_rank,B,R24,297,295,2,0,0.0
EXECUTION_ELIGIBLE,native_rank,B,R25,297,295,2,0,0.0
EXECUTION_ELIGIBLE,native_rank,B,R26,297,295,2,0,0.0
EXECUTION_ELIGIBLE,native_rank,B,R27,297,295,2,0,0.0
EXECUTION_ELIGIBLE,native_rank,B,R28,297,295,2,0,0.0
EXECUTION_ELIGIBLE,native_rank,B,R29,297,295,2,0,0.0
EXECUTION_ELIGIBLE,native_rank,B,R30,297,295,2,0,0.0
EXECUTION_ELIGIBLE,native_rank,B,R31,297,295,2,0,0.0
EXECUTION_ELIGIBLE,native_rank,B,R32,297,295,2,0,0.0
EXECUTION_ELIGIBLE,native_rank,B,R33,297,295,2,0,0.0
EXECUTION_ELIGIBLE,native_rank,B,R34,297,295,2,0,0.0
EXECUTION_ELIGIBLE,native_rank,B,R35,297,295,2,0,0.0
EXECUTION_ELIGIBLE,native_rank,B,R36,297,295,2,0,0.0
EXECUTION_ELIGIBLE,native_rank,B,R37,297,295,2,0,0.0
EXECUTION_ELIGIBLE,native_rank,B,RN1,297,295,2,92,0.31186440677966104
EXECUTION_ELIGIBLE,native_rank,B,RN2,297,295,2,57,0.19322033898305085
EXECUTION_ELIGIBLE,native_rank,B,RN3,297,295,2,37,0.12542372881355932
EXECUTION_ELIGIBLE,native_rank,B,RN4,297,295,2,27,0.09152542372881356
EXECUTION_ELIGIBLE,native_rank,B,RN5,297,295,2,18,0.061016949152542375
EXECUTION_ELIGIBLE,native_rank,B,RN6,297,295,2,13,0.04406779661016949
EXECUTION_ELIGIBLE,native_rank,B,RN7,297,295,2,8,0.02711864406779661
EXECUTION_ELIGIBLE,native_rank,B,RN8,297,295,2,6,0.020338983050847456
EXECUTION_ELIGIBLE,native_rank,B,RN9,297,295,2,4,0.013559322033898305
EXECUTION_ELIGIBLE,native_rank,B,RN10,297,295,2,4,0.013559322033898305
EXECUTION_ELIGIBLE,native_rank,B,RN11,297,295,2,3,0.010169491525423728
EXECUTION_ELIGIBLE,native_rank,B,RN12,297,295,2,3,0.010169491525423728
EXECUTION_ELIGIBLE,native_rank,B,RN13,297,295,2,3,0.010169491525423728
EXECUTION_ELIGIBLE,native_rank,B,RN14,297,295,2,2,0.006779661016949152
EXECUTION_ELIGIBLE,native_rank,B,RN15,297,295,2,2,0.006779661016949152
EXECUTION_ELIGIBLE,native_rank,B,RN16,297,295,2,2,0.006779661016949152
EXECUTION_ELIGIBLE,native_rank,B,RN17,297,295,2,1,0.003389830508474576
EXECUTION_ELIGIBLE,native_rank,C,R1,534,524,10,135,0.25763358778625955
EXECUTION_ELIGIBLE,native_rank,C,R2,534,524,10,73,0.13931297709923665
EXECUTION_ELIGIBLE,native_rank,C,R3,534,524,10,51,0.09732824427480916
EXECUTION_ELIGIBLE,native_rank,C,R4,534,524,10,32,0.061068702290076333
EXECUTION_ELIGIBLE,native_rank,C,R5,534,524,10,21,0.04007633587786259
EXECUTION_ELIGIBLE,native_rank,C,R6,534,524,10,14,0.026717557251908396
EXECUTION_ELIGIBLE,native_rank,C,R7,534,524,10,10,0.019083969465648856
EXECUTION_ELIGIBLE,native_rank,C,R8,534,524,10,9,0.01717557251908397
EXECUTION_ELIGIBLE,native_rank,C,R9,534,524,10,9,0.01717557251908397
EXECUTION_ELIGIBLE,native_rank,C,R10,534,524,10,9,0.01717557251908397
EXECUTION_ELIGIBLE,native_rank,C,R11,534,524,10,9,0.01717557251908397
EXECUTION_ELIGIBLE,native_rank,C,R12,534,524,10,8,0.015267175572519083
EXECUTION_ELIGIBLE,native_rank,C,R13,534,524,10,6,0.011450381679389313
EXECUTION_ELIGIBLE,native_rank,C,R14,534,524,10,6,0.011450381679389313
EXECUTION_ELIGIBLE,native_rank,C,R15,534,524,10,6,0.011450381679389313
EXECUTION_ELIGIBLE,native_rank,C,R16,534,524,10,6,0.011450381679389313
EXECUTION_ELIGIBLE,native_rank,C,R17,534,524,10,5,0.009541984732824428
EXECUTION_ELIGIBLE,native_rank,C,R18,534,524,10,5,0.009541984732824428
EXECUTION_ELIGIBLE,native_rank,C,R19,534,524,10,5,0.009541984732824428
EXECUTION_ELIGIBLE,native_rank,C,R20,534,524,10,4,0.007633587786259542
EXECUTION_ELIGIBLE,native_rank,C,R21,534,524,10,3,0.0057251908396946565
EXECUTION_ELIGIBLE,native_rank,C,R22,534,524,10,2,0.003816793893129771
EXECUTION_ELIGIBLE,native_rank,C,R23,534,524,10,0,0.0
EXECUTION_ELIGIBLE,native_rank,C,R24,534,524,10,0,0.0
EXECUTION_ELIGIBLE,native_rank,C,R25,534,524,10,0,0.0
EXECUTION_ELIGIBLE,native_rank,C,R26,534,524,10,0,0.0
EXECUTION_ELIGIBLE,native_rank,C,R27,534,524,10,0,0.0
EXECUTION_ELIGIBLE,native_rank,C,R28,534,524,10,0,0.0
EXECUTION_ELIGIBLE,native_rank,C,R29,534,524,10,0,0.0
EXECUTION_ELIGIBLE,native_rank,C,R30,534,524,10,0,0.0
EXECUTION_ELIGIBLE,native_rank,C,R31,534,524,10,0,0.0
EXECUTION_ELIGIBLE,native_rank,C,R32,534,524,10,0,0.0
EXECUTION_ELIGIBLE,native_rank,C,R33,534,524,10,0,0.0
EXECUTION_ELIGIBLE,native_rank,C,R34,534,524,10,0,0.0
EXECUTION_ELIGIBLE,native_rank,C,R35,534,524,10,0,0.0
EXECUTION_ELIGIBLE,native_rank,C,R36,534,524,10,0,0.0
EXECUTION_ELIGIBLE,native_rank,C,R37,534,524,10,0,0.0
EXECUTION_ELIGIBLE,native_rank,C,RN1,534,524,10,131,0.25
EXECUTION_ELIGIBLE,native_rank,C,RN2,534,524,10,66,0.12595419847328243
EXECUTION_ELIGIBLE,native_rank,C,RN3,534,524,10,38,0.07251908396946564
EXECUTION_ELIGIBLE,native_rank,C,RN4,534,524,10,24,0.04580152671755725
EXECUTION_ELIGIBLE,native_rank,C,RN5,534,524,10,13,0.02480916030534351
EXECUTION_ELIGIBLE,native_rank,C,RN6,534,524,10,10,0.019083969465648856
EXECUTION_ELIGIBLE,native_rank,C,RN7,534,524,10,8,0.015267175572519083
EXECUTION_ELIGIBLE,native_rank,C,RN8,534,524,10,7,0.013358778625954198
EXECUTION_ELIGIBLE,native_rank,C,RN9,534,524,10,5,0.009541984732824428
EXECUTION_ELIGIBLE,native_rank,C,RN10,534,524,10,3,0.0057251908396946565
EXECUTION_ELIGIBLE,native_rank,C,RN11,534,524,10,3,0.0057251908396946565
EXECUTION_ELIGIBLE,native_rank,C,RN12,534,524,10,3,0.0057251908396946565
EXECUTION_ELIGIBLE,native_rank,C,RN13,534,524,10,3,0.0057251908396946565
EXECUTION_ELIGIBLE,native_rank,C,RN14,534,524,10,2,0.003816793893129771
EXECUTION_ELIGIBLE,native_rank,C,RN15,534,524,10,2,0.003816793893129771
EXECUTION_ELIGIBLE,native_rank,C,RN16,534,524,10,2,0.003816793893129771
EXECUTION_ELIGIBLE,native_rank,C,RN17,534,524,10,2,0.003816793893129771
EXECUTION_ELIGIBLE,native_rank,S,R1,43,43,0,13,0.3023255813953488
EXECUTION_ELIGIBLE,native_rank,S,R2,43,43,0,8,0.18604651162790697
EXECUTION_ELIGIBLE,native_rank,S,R3,43,43,0,4,0.09302325581395349
EXECUTION_ELIGIBLE,native_rank,S,R4,43,43,0,4,0.09302325581395349
EXECUTION_ELIGIBLE,native_rank,S,R5,43,43,0,3,0.06976744186046512
EXECUTION_ELIGIBLE,native_rank,S,R6,43,43,0,2,0.046511627906976744
EXECUTION_ELIGIBLE,native_rank,S,R7,43,43,0,2,0.046511627906976744
EXECUTION_ELIGIBLE,native_rank,S,R8,43,43,0,1,0.023255813953488372
EXECUTION_ELIGIBLE,native_rank,S,R9,43,43,0,1,0.023255813953488372
EXECUTION_ELIGIBLE,native_rank,S,R10,43,43,0,1,0.023255813953488372
EXECUTION_ELIGIBLE,native_rank,S,R11,43,43,0,0,0.0
EXECUTION_ELIGIBLE,native_rank,S,R12,43,43,0,0,0.0
EXECUTION_ELIGIBLE,native_rank,S,R13,43,43,0,0,0.0
EXECUTION_ELIGIBLE,native_rank,S,R14,43,43,0,0,0.0
EXECUTION_ELIGIBLE,native_rank,S,R15,43,43,0,0,0.0
EXECUTION_ELIGIBLE,native_rank,S,R16,43,43,0,0,0.0
EXECUTION_ELIGIBLE,native_rank,S,R17,43,43,0,0,0.0
EXECUTION_ELIGIBLE,native_rank,S,R18,43,43,0,0,0.0
EXECUTION_ELIGIBLE,native_rank,S,R19,43,43,0,0,0.0
EXECUTION_ELIGIBLE,native_rank,S,R20,43,43,0,0,0.0
EXECUTION_ELIGIBLE,native_rank,S,R21,43,43,0,0,0.0
EXECUTION_ELIGIBLE,native_rank,S,R22,43,43,0,0,0.0
EXECUTION_ELIGIBLE,native_rank,S,R23,43,43,0,0,0.0
EXECUTION_ELIGIBLE,native_rank,S,R24,43,43,0,0,0.0
EXECUTION_ELIGIBLE,native_rank,S,R25,43,43,0,0,0.0
EXECUTION_ELIGIBLE,native_rank,S,R26,43,43,0,0,0.0
EXECUTION_ELIGIBLE,native_rank,S,R27,43,43,0,0,0.0
EXECUTION_ELIGIBLE,native_rank,S,R28,43,43,0,0,0.0
EXECUTION_ELIGIBLE,native_rank,S,R29,43,43,0,0,0.0
EXECUTION_ELIGIBLE,native_rank,S,R30,43,43,0,0,0.0
EXECUTION_ELIGIBLE,native_rank,S,R31,43,43,0,0,0.0
EXECUTION_ELIGIBLE,native_rank,S,R32,43,43,0,0,0.0
EXECUTION_ELIGIBLE,native_rank,S,R33,43,43,0,0,0.0
EXECUTION_ELIGIBLE,native_rank,S,R34,43,43,0,0,0.0
EXECUTION_ELIGIBLE,native_rank,S,R35,43,43,0,0,0.0
EXECUTION_ELIGIBLE,native_rank,S,R36,43,43,0,0,0.0
EXECUTION_ELIGIBLE,native_rank,S,R37,43,43,0,0,0.0
EXECUTION_ELIGIBLE,native_rank,S,RN1,43,43,0,16,0.37209302325581395
EXECUTION_ELIGIBLE,native_rank,S,RN2,43,43,0,11,0.2558139534883721
EXECUTION_ELIGIBLE,native_rank,S,RN3,43,43,0,8,0.18604651162790697
EXECUTION_ELIGIBLE,native_rank,S,RN4,43,43,0,5,0.11627906976744186
EXECUTION_ELIGIBLE,native_rank,S,RN5,43,43,0,4,0.09302325581395349
EXECUTION_ELIGIBLE,native_rank,S,RN6,43,43,0,4,0.09302325581395349
EXECUTION_ELIGIBLE,native_rank,S,RN7,43,43,0,3,0.06976744186046512
EXECUTION_ELIGIBLE,native_rank,S,RN8,43,43,0,3,0.06976744186046512
EXECUTION_ELIGIBLE,native_rank,S,RN9,43,43,0,3,0.06976744186046512
EXECUTION_ELIGIBLE,native_rank,S,RN10,43,43,0,3,0.06976744186046512
EXECUTION_ELIGIBLE,native_rank,S,RN11,43,43,0,2,0.046511627906976744
EXECUTION_ELIGIBLE,native_rank,S,RN12,43,43,0,2,0.046511627906976744
EXECUTION_ELIGIBLE,native_rank,S,RN13,43,43,0,2,0.046511627906976744
EXECUTION_ELIGIBLE,native_rank,S,RN14,43,43,0,2,0.046511627906976744
EXECUTION_ELIGIBLE,native_rank,S,RN15,43,43,0,1,0.023255813953488372
EXECUTION_ELIGIBLE,native_rank,S,RN16,43,43,0,0,0.0
EXECUTION_ELIGIBLE,native_rank,S,RN17,43,43,0,0,0.0
EXECUTION_ELIGIBLE,pP_native_band,P_BASE,R1,297,295,2,80,0.2711864406779661
EXECUTION_ELIGIBLE,pP_native_band,P_BASE,R2,297,295,2,54,0.18305084745762712
EXECUTION_ELIGIBLE,pP_native_band,P_BASE,R3,297,295,2,40,0.13559322033898305
EXECUTION_ELIGIBLE,pP_native_band,P_BASE,R4,297,295,2,25,0.0847457627118644
EXECUTION_ELIGIBLE,pP_native_band,P_BASE,R5,297,295,2,21,0.0711864406779661
EXECUTION_ELIGIBLE,pP_native_band,P_BASE,R6,297,295,2,17,0.0576271186440678
EXECUTION_ELIGIBLE,pP_native_band,P_BASE,R7,297,295,2,14,0.04745762711864407
EXECUTION_ELIGIBLE,pP_native_band,P_BASE,R8,297,295,2,12,0.04067796610169491
EXECUTION_ELIGIBLE,pP_native_band,P_BASE,R9,297,295,2,9,0.030508474576271188
EXECUTION_ELIGIBLE,pP_native_band,P_BASE,R10,297,295,2,9,0.030508474576271188
EXECUTION_ELIGIBLE,pP_native_band,P_BASE,R11,297,295,2,8,0.02711864406779661
EXECUTION_ELIGIBLE,pP_native_band,P_BASE,R12,297,295,2,8,0.02711864406779661
EXECUTION_ELIGIBLE,pP_native_band,P_BASE,R13,297,295,2,8,0.02711864406779661
EXECUTION_ELIGIBLE,pP_native_band,P_BASE,R14,297,295,2,7,0.023728813559322035
EXECUTION_ELIGIBLE,pP_native_band,P_BASE,R15,297,295,2,5,0.01694915254237288
EXECUTION_ELIGIBLE,pP_native_band,P_BASE,R16,297,295,2,4,0.013559322033898305
EXECUTION_ELIGIBLE,pP_native_band,P_BASE,R17,297,295,2,4,0.013559322033898305
EXECUTION_ELIGIBLE,pP_native_band,P_BASE,R18,297,295,2,4,0.013559322033898305
EXECUTION_ELIGIBLE,pP_native_band,P_BASE,R19,297,295,2,4,0.013559322033898305
EXECUTION_ELIGIBLE,pP_native_band,P_BASE,R20,297,295,2,4,0.013559322033898305
EXECUTION_ELIGIBLE,pP_native_band,P_BASE,R21,297,295,2,3,0.010169491525423728
EXECUTION_ELIGIBLE,pP_native_band,P_BASE,R22,297,295,2,2,0.006779661016949152
EXECUTION_ELIGIBLE,pP_native_band,P_BASE,R23,297,295,2,2,0.006779661016949152
EXECUTION_ELIGIBLE,pP_native_band,P_BASE,R24,297,295,2,1,0.003389830508474576
EXECUTION_ELIGIBLE,pP_native_band,P_BASE,R25,297,295,2,1,0.003389830508474576
EXECUTION_ELIGIBLE,pP_native_band,P_BASE,R26,297,295,2,1,0.003389830508474576
EXECUTION_ELIGIBLE,pP_native_band,P_BASE,R27,297,295,2,1,0.003389830508474576
EXECUTION_ELIGIBLE,pP_native_band,P_BASE,R28,297,295,2,1,0.003389830508474576
EXECUTION_ELIGIBLE,pP_native_band,P_BASE,R29,297,295,2,1,0.003389830508474576
EXECUTION_ELIGIBLE,pP_native_band,P_BASE,R30,297,295,2,1,0.003389830508474576
EXECUTION_ELIGIBLE,pP_native_band,P_BASE,R31,297,295,2,1,0.003389830508474576
EXECUTION_ELIGIBLE,pP_native_band,P_BASE,R32,297,295,2,1,0.003389830508474576
EXECUTION_ELIGIBLE,pP_native_band,P_BASE,R33,297,295,2,1,0.003389830508474576
EXECUTION_ELIGIBLE,pP_native_band,P_BASE,R34,297,295,2,1,0.003389830508474576
EXECUTION_ELIGIBLE,pP_native_band,P_BASE,R35,297,295,2,1,0.003389830508474576
EXECUTION_ELIGIBLE,pP_native_band,P_BASE,R36,297,295,2,1,0.003389830508474576
EXECUTION_ELIGIBLE,pP_native_band,P_BASE,R37,297,295,2,1,0.003389830508474576
EXECUTION_ELIGIBLE,pP_native_band,P_BASE,RN1,297,295,2,107,0.36271186440677966
EXECUTION_ELIGIBLE,pP_native_band,P_BASE,RN2,297,295,2,73,0.24745762711864408
EXECUTION_ELIGIBLE,pP_native_band,P_BASE,RN3,297,295,2,42,0.1423728813559322
EXECUTION_ELIGIBLE,pP_native_band,P_BASE,RN4,297,295,2,26,0.08813559322033898
EXECUTION_ELIGIBLE,pP_native_band,P_BASE,RN5,297,295,2,15,0.05084745762711865
EXECUTION_ELIGIBLE,pP_native_band,P_BASE,RN6,297,295,2,10,0.03389830508474576
EXECUTION_ELIGIBLE,pP_native_band,P_BASE,RN7,297,295,2,6,0.020338983050847456
EXECUTION_ELIGIBLE,pP_native_band,P_BASE,RN8,297,295,2,4,0.013559322033898305
EXECUTION_ELIGIBLE,pP_native_band,P_BASE,RN9,297,295,2,4,0.013559322033898305
EXECUTION_ELIGIBLE,pP_native_band,P_BASE,RN10,297,295,2,1,0.003389830508474576
EXECUTION_ELIGIBLE,pP_native_band,P_BASE,RN11,297,295,2,1,0.003389830508474576
EXECUTION_ELIGIBLE,pP_native_band,P_BASE,RN12,297,295,2,1,0.003389830508474576
EXECUTION_ELIGIBLE,pP_native_band,P_BASE,RN13,297,295,2,1,0.003389830508474576
EXECUTION_ELIGIBLE,pP_native_band,P_BASE,RN14,297,295,2,1,0.003389830508474576
EXECUTION_ELIGIBLE,pP_native_band,P_BASE,RN15,297,295,2,1,0.003389830508474576
EXECUTION_ELIGIBLE,pP_native_band,P_BASE,RN16,297,295,2,1,0.003389830508474576
EXECUTION_ELIGIBLE,pP_native_band,P_BASE,RN17,297,295,2,1,0.003389830508474576
EXECUTION_ELIGIBLE,pP_native_band,P_BELOW,R1,538,528,10,130,0.24621212121212122
EXECUTION_ELIGIBLE,pP_native_band,P_BELOW,R2,538,528,10,69,0.13068181818181818
EXECUTION_ELIGIBLE,pP_native_band,P_BELOW,R3,538,528,10,46,0.08712121212121213
EXECUTION_ELIGIBLE,pP_native_band,P_BELOW,R4,538,528,10,26,0.04924242424242424
EXECUTION_ELIGIBLE,pP_native_band,P_BELOW,R5,538,528,10,16,0.030303030303030304
EXECUTION_ELIGIBLE,pP_native_band,P_BELOW,R6,538,528,10,9,0.017045454545454544
EXECUTION_ELIGIBLE,pP_native_band,P_BELOW,R7,538,528,10,7,0.013257575757575758
EXECUTION_ELIGIBLE,pP_native_band,P_BELOW,R8,538,528,10,7,0.013257575757575758
EXECUTION_ELIGIBLE,pP_native_band,P_BELOW,R9,538,528,10,7,0.013257575757575758
EXECUTION_ELIGIBLE,pP_native_band,P_BELOW,R10,538,528,10,7,0.013257575757575758
EXECUTION_ELIGIBLE,pP_native_band,P_BELOW,R11,538,528,10,7,0.013257575757575758
EXECUTION_ELIGIBLE,pP_native_band,P_BELOW,R12,538,528,10,6,0.011363636363636364
EXECUTION_ELIGIBLE,pP_native_band,P_BELOW,R13,538,528,10,4,0.007575757575757576
EXECUTION_ELIGIBLE,pP_native_band,P_BELOW,R14,538,528,10,4,0.007575757575757576
EXECUTION_ELIGIBLE,pP_native_band,P_BELOW,R15,538,528,10,4,0.007575757575757576
EXECUTION_ELIGIBLE,pP_native_band,P_BELOW,R16,538,528,10,4,0.007575757575757576
EXECUTION_ELIGIBLE,pP_native_band,P_BELOW,R17,538,528,10,3,0.005681818181818182
EXECUTION_ELIGIBLE,pP_native_band,P_BELOW,R18,538,528,10,3,0.005681818181818182
EXECUTION_ELIGIBLE,pP_native_band,P_BELOW,R19,538,528,10,3,0.005681818181818182
EXECUTION_ELIGIBLE,pP_native_band,P_BELOW,R20,538,528,10,2,0.003787878787878788
EXECUTION_ELIGIBLE,pP_native_band,P_BELOW,R21,538,528,10,2,0.003787878787878788
EXECUTION_ELIGIBLE,pP_native_band,P_BELOW,R22,538,528,10,2,0.003787878787878788
EXECUTION_ELIGIBLE,pP_native_band,P_BELOW,R23,538,528,10,0,0.0
EXECUTION_ELIGIBLE,pP_native_band,P_BELOW,R24,538,528,10,0,0.0
EXECUTION_ELIGIBLE,pP_native_band,P_BELOW,R25,538,528,10,0,0.0
EXECUTION_ELIGIBLE,pP_native_band,P_BELOW,R26,538,528,10,0,0.0
EXECUTION_ELIGIBLE,pP_native_band,P_BELOW,R27,538,528,10,0,0.0
EXECUTION_ELIGIBLE,pP_native_band,P_BELOW,R28,538,528,10,0,0.0
EXECUTION_ELIGIBLE,pP_native_band,P_BELOW,R29,538,528,10,0,0.0
EXECUTION_ELIGIBLE,pP_native_band,P_BELOW,R30,538,528,10,0,0.0
EXECUTION_ELIGIBLE,pP_native_band,P_BELOW,R31,538,528,10,0,0.0
EXECUTION_ELIGIBLE,pP_native_band,P_BELOW,R32,538,528,10,0,0.0
EXECUTION_ELIGIBLE,pP_native_band,P_BELOW,R33,538,528,10,0,0.0
EXECUTION_ELIGIBLE,pP_native_band,P_BELOW,R34,538,528,10,0,0.0
EXECUTION_ELIGIBLE,pP_native_band,P_BELOW,R35,538,528,10,0,0.0
EXECUTION_ELIGIBLE,pP_native_band,P_BELOW,R36,538,528,10,0,0.0
EXECUTION_ELIGIBLE,pP_native_band,P_BELOW,R37,538,528,10,0,0.0
EXECUTION_ELIGIBLE,pP_native_band,P_BELOW,RN1,538,528,10,114,0.2159090909090909
EXECUTION_ELIGIBLE,pP_native_band,P_BELOW,RN2,538,528,10,50,0.0946969696969697
EXECUTION_ELIGIBLE,pP_native_band,P_BELOW,RN3,538,528,10,25,0.04734848484848485
EXECUTION_ELIGIBLE,pP_native_band,P_BELOW,RN4,538,528,10,14,0.026515151515151516
EXECUTION_ELIGIBLE,pP_native_band,P_BELOW,RN5,538,528,10,7,0.013257575757575758
EXECUTION_ELIGIBLE,pP_native_band,P_BELOW,RN6,538,528,10,5,0.00946969696969697
EXECUTION_ELIGIBLE,pP_native_band,P_BELOW,RN7,538,528,10,2,0.003787878787878788
EXECUTION_ELIGIBLE,pP_native_band,P_BELOW,RN8,538,528,10,1,0.001893939393939394
EXECUTION_ELIGIBLE,pP_native_band,P_BELOW,RN9,538,528,10,1,0.001893939393939394
EXECUTION_ELIGIBLE,pP_native_band,P_BELOW,RN10,538,528,10,1,0.001893939393939394
EXECUTION_ELIGIBLE,pP_native_band,P_BELOW,RN11,538,528,10,1,0.001893939393939394
EXECUTION_ELIGIBLE,pP_native_band,P_BELOW,RN12,538,528,10,1,0.001893939393939394
EXECUTION_ELIGIBLE,pP_native_band,P_BELOW,RN13,538,528,10,1,0.001893939393939394
EXECUTION_ELIGIBLE,pP_native_band,P_BELOW,RN14,538,528,10,1,0.001893939393939394
EXECUTION_ELIGIBLE,pP_native_band,P_BELOW,RN15,538,528,10,1,0.001893939393939394
EXECUTION_ELIGIBLE,pP_native_band,P_BELOW,RN16,538,528,10,1,0.001893939393939394
EXECUTION_ELIGIBLE,pP_native_band,P_BELOW,RN17,538,528,10,1,0.001893939393939394
EXECUTION_ELIGIBLE,pP_native_band,P_HIGH,R1,49,49,0,16,0.32653061224489793
EXECUTION_ELIGIBLE,pP_native_band,P_HIGH,R2,49,49,0,7,0.14285714285714285
EXECUTION_ELIGIBLE,pP_native_band,P_HIGH,R3,49,49,0,4,0.08163265306122448
EXECUTION_ELIGIBLE,pP_native_band,P_HIGH,R4,49,49,0,4,0.08163265306122448
EXECUTION_ELIGIBLE,pP_native_band,P_HIGH,R5,49,49,0,4,0.08163265306122448
EXECUTION_ELIGIBLE,pP_native_band,P_HIGH,R6,49,49,0,3,0.061224489795918366
EXECUTION_ELIGIBLE,pP_native_band,P_HIGH,R7,49,49,0,3,0.061224489795918366
EXECUTION_ELIGIBLE,pP_native_band,P_HIGH,R8,49,49,0,3,0.061224489795918366
EXECUTION_ELIGIBLE,pP_native_band,P_HIGH,R9,49,49,0,3,0.061224489795918366
EXECUTION_ELIGIBLE,pP_native_band,P_HIGH,R10,49,49,0,3,0.061224489795918366
EXECUTION_ELIGIBLE,pP_native_band,P_HIGH,R11,49,49,0,2,0.04081632653061224
EXECUTION_ELIGIBLE,pP_native_band,P_HIGH,R12,49,49,0,2,0.04081632653061224
EXECUTION_ELIGIBLE,pP_native_band,P_HIGH,R13,49,49,0,1,0.02040816326530612
EXECUTION_ELIGIBLE,pP_native_band,P_HIGH,R14,49,49,0,1,0.02040816326530612
EXECUTION_ELIGIBLE,pP_native_band,P_HIGH,R15,49,49,0,0,0.0
EXECUTION_ELIGIBLE,pP_native_band,P_HIGH,R16,49,49,0,0,0.0
EXECUTION_ELIGIBLE,pP_native_band,P_HIGH,R17,49,49,0,0,0.0
EXECUTION_ELIGIBLE,pP_native_band,P_HIGH,R18,49,49,0,0,0.0
EXECUTION_ELIGIBLE,pP_native_band,P_HIGH,R19,49,49,0,0,0.0
EXECUTION_ELIGIBLE,pP_native_band,P_HIGH,R20,49,49,0,0,0.0
EXECUTION_ELIGIBLE,pP_native_band,P_HIGH,R21,49,49,0,0,0.0
EXECUTION_ELIGIBLE,pP_native_band,P_HIGH,R22,49,49,0,0,0.0
EXECUTION_ELIGIBLE,pP_native_band,P_HIGH,R23,49,49,0,0,0.0
EXECUTION_ELIGIBLE,pP_native_band,P_HIGH,R24,49,49,0,0,0.0
EXECUTION_ELIGIBLE,pP_native_band,P_HIGH,R25,49,49,0,0,0.0
EXECUTION_ELIGIBLE,pP_native_band,P_HIGH,R26,49,49,0,0,0.0
EXECUTION_ELIGIBLE,pP_native_band,P_HIGH,R27,49,49,0,0,0.0
EXECUTION_ELIGIBLE,pP_native_band,P_HIGH,R28,49,49,0,0,0.0
EXECUTION_ELIGIBLE,pP_native_band,P_HIGH,R29,49,49,0,0,0.0
EXECUTION_ELIGIBLE,pP_native_band,P_HIGH,R30,49,49,0,0,0.0
EXECUTION_ELIGIBLE,pP_native_band,P_HIGH,R31,49,49,0,0,0.0
EXECUTION_ELIGIBLE,pP_native_band,P_HIGH,R32,49,49,0,0,0.0
EXECUTION_ELIGIBLE,pP_native_band,P_HIGH,R33,49,49,0,0,0.0
EXECUTION_ELIGIBLE,pP_native_band,P_HIGH,R34,49,49,0,0,0.0
EXECUTION_ELIGIBLE,pP_native_band,P_HIGH,R35,49,49,0,0,0.0
EXECUTION_ELIGIBLE,pP_native_band,P_HIGH,R36,49,49,0,0,0.0
EXECUTION_ELIGIBLE,pP_native_band,P_HIGH,R37,49,49,0,0,0.0
EXECUTION_ELIGIBLE,pP_native_band,P_HIGH,RN1,49,49,0,22,0.4489795918367347
EXECUTION_ELIGIBLE,pP_native_band,P_HIGH,RN2,49,49,0,18,0.3673469387755102
EXECUTION_ELIGIBLE,pP_native_band,P_HIGH,RN3,49,49,0,14,0.2857142857142857
EXECUTION_ELIGIBLE,pP_native_band,P_HIGH,RN4,49,49,0,13,0.2653061224489796
EXECUTION_ELIGIBLE,pP_native_band,P_HIGH,RN5,49,49,0,9,0.1836734693877551
EXECUTION_ELIGIBLE,pP_native_band,P_HIGH,RN6,49,49,0,9,0.1836734693877551
EXECUTION_ELIGIBLE,pP_native_band,P_HIGH,RN7,49,49,0,7,0.14285714285714285
EXECUTION_ELIGIBLE,pP_native_band,P_HIGH,RN8,49,49,0,6,0.12244897959183673
EXECUTION_ELIGIBLE,pP_native_band,P_HIGH,RN9,49,49,0,4,0.08163265306122448
EXECUTION_ELIGIBLE,pP_native_band,P_HIGH,RN10,49,49,0,4,0.08163265306122448
EXECUTION_ELIGIBLE,pP_native_band,P_HIGH,RN11,49,49,0,4,0.08163265306122448
EXECUTION_ELIGIBLE,pP_native_band,P_HIGH,RN12,49,49,0,4,0.08163265306122448
EXECUTION_ELIGIBLE,pP_native_band,P_HIGH,RN13,49,49,0,4,0.08163265306122448
EXECUTION_ELIGIBLE,pP_native_band,P_HIGH,RN14,49,49,0,3,0.061224489795918366
EXECUTION_ELIGIBLE,pP_native_band,P_HIGH,RN15,49,49,0,2,0.04081632653061224
EXECUTION_ELIGIBLE,pP_native_band,P_HIGH,RN16,49,49,0,1,0.02040816326530612
EXECUTION_ELIGIBLE,pP_native_band,P_HIGH,RN17,49,49,0,0,0.0
EXECUTION_ELIGIBLE,pP_native_band,P_MID,R1,144,144,0,45,0.3125
EXECUTION_ELIGIBLE,pP_native_band,P_MID,R2,144,144,0,28,0.19444444444444445
EXECUTION_ELIGIBLE,pP_native_band,P_MID,R3,144,144,0,19,0.13194444444444445
EXECUTION_ELIGIBLE,pP_native_band,P_MID,R4,144,144,0,16,0.1111111111111111
EXECUTION_ELIGIBLE,pP_native_band,P_MID,R5,144,144,0,14,0.09722222222222222
EXECUTION_ELIGIBLE,pP_native_band,P_MID,R6,144,144,0,9,0.0625
EXECUTION_ELIGIBLE,pP_native_band,P_MID,R7,144,144,0,8,0.05555555555555555
EXECUTION_ELIGIBLE,pP_native_band,P_MID,R8,144,144,0,7,0.04861111111111111
EXECUTION_ELIGIBLE,pP_native_band,P_MID,R9,144,144,0,6,0.041666666666666664
EXECUTION_ELIGIBLE,pP_native_band,P_MID,R10,144,144,0,6,0.041666666666666664
EXECUTION_ELIGIBLE,pP_native_band,P_MID,R11,144,144,0,6,0.041666666666666664
EXECUTION_ELIGIBLE,pP_native_band,P_MID,R12,144,144,0,6,0.041666666666666664
EXECUTION_ELIGIBLE,pP_native_band,P_MID,R13,144,144,0,6,0.041666666666666664
EXECUTION_ELIGIBLE,pP_native_band,P_MID,R14,144,144,0,6,0.041666666666666664
EXECUTION_ELIGIBLE,pP_native_band,P_MID,R15,144,144,0,6,0.041666666666666664
EXECUTION_ELIGIBLE,pP_native_band,P_MID,R16,144,144,0,5,0.034722222222222224
EXECUTION_ELIGIBLE,pP_native_band,P_MID,R17,144,144,0,5,0.034722222222222224
EXECUTION_ELIGIBLE,pP_native_band,P_MID,R18,144,144,0,5,0.034722222222222224
EXECUTION_ELIGIBLE,pP_native_band,P_MID,R19,144,144,0,3,0.020833333333333332
EXECUTION_ELIGIBLE,pP_native_band,P_MID,R20,144,144,0,3,0.020833333333333332
EXECUTION_ELIGIBLE,pP_native_band,P_MID,R21,144,144,0,3,0.020833333333333332
EXECUTION_ELIGIBLE,pP_native_band,P_MID,R22,144,144,0,3,0.020833333333333332
EXECUTION_ELIGIBLE,pP_native_band,P_MID,R23,144,144,0,3,0.020833333333333332
EXECUTION_ELIGIBLE,pP_native_band,P_MID,R24,144,144,0,2,0.013888888888888888
EXECUTION_ELIGIBLE,pP_native_band,P_MID,R25,144,144,0,2,0.013888888888888888
EXECUTION_ELIGIBLE,pP_native_band,P_MID,R26,144,144,0,2,0.013888888888888888
EXECUTION_ELIGIBLE,pP_native_band,P_MID,R27,144,144,0,1,0.006944444444444444
EXECUTION_ELIGIBLE,pP_native_band,P_MID,R28,144,144,0,1,0.006944444444444444
EXECUTION_ELIGIBLE,pP_native_band,P_MID,R29,144,144,0,0,0.0
EXECUTION_ELIGIBLE,pP_native_band,P_MID,R30,144,144,0,0,0.0
EXECUTION_ELIGIBLE,pP_native_band,P_MID,R31,144,144,0,0,0.0
EXECUTION_ELIGIBLE,pP_native_band,P_MID,R32,144,144,0,0,0.0
EXECUTION_ELIGIBLE,pP_native_band,P_MID,R33,144,144,0,0,0.0
EXECUTION_ELIGIBLE,pP_native_band,P_MID,R34,144,144,0,0,0.0
EXECUTION_ELIGIBLE,pP_native_band,P_MID,R35,144,144,0,0,0.0
EXECUTION_ELIGIBLE,pP_native_band,P_MID,R36,144,144,0,0,0.0
EXECUTION_ELIGIBLE,pP_native_band,P_MID,R37,144,144,0,0,0.0
EXECUTION_ELIGIBLE,pP_native_band,P_MID,RN1,144,144,0,51,0.3541666666666667
EXECUTION_ELIGIBLE,pP_native_band,P_MID,RN2,144,144,0,28,0.19444444444444445
EXECUTION_ELIGIBLE,pP_native_band,P_MID,RN3,144,144,0,23,0.1597222222222222
EXECUTION_ELIGIBLE,pP_native_band,P_MID,RN4,144,144,0,15,0.10416666666666667
EXECUTION_ELIGIBLE,pP_native_band,P_MID,RN5,144,144,0,12,0.08333333333333333
EXECUTION_ELIGIBLE,pP_native_band,P_MID,RN6,144,144,0,10,0.06944444444444445
EXECUTION_ELIGIBLE,pP_native_band,P_MID,RN7,144,144,0,8,0.05555555555555555
EXECUTION_ELIGIBLE,pP_native_band,P_MID,RN8,144,144,0,7,0.04861111111111111
EXECUTION_ELIGIBLE,pP_native_band,P_MID,RN9,144,144,0,5,0.034722222222222224
EXECUTION_ELIGIBLE,pP_native_band,P_MID,RN10,144,144,0,4,0.027777777777777776
EXECUTION_ELIGIBLE,pP_native_band,P_MID,RN11,144,144,0,2,0.013888888888888888
EXECUTION_ELIGIBLE,pP_native_band,P_MID,RN12,144,144,0,2,0.013888888888888888
EXECUTION_ELIGIBLE,pP_native_band,P_MID,RN13,144,144,0,2,0.013888888888888888
EXECUTION_ELIGIBLE,pP_native_band,P_MID,RN14,144,144,0,1,0.006944444444444444
EXECUTION_ELIGIBLE,pP_native_band,P_MID,RN15,144,144,0,1,0.006944444444444444
EXECUTION_ELIGIBLE,pP_native_band,P_MID,RN16,144,144,0,1,0.006944444444444444
EXECUTION_ELIGIBLE,pP_native_band,P_MID,RN17,144,144,0,1,0.006944444444444444
EXECUTION_ELIGIBLE,pP_training_rank_half,HIGH,R1,516,514,2,150,0.2918287937743191
EXECUTION_ELIGIBLE,pP_training_rank_half,HIGH,R2,516,514,2,93,0.18093385214007782
EXECUTION_ELIGIBLE,pP_training_rank_half,HIGH,R3,516,514,2,67,0.1303501945525292
EXECUTION_ELIGIBLE,pP_training_rank_half,HIGH,R4,516,514,2,48,0.0933852140077821
EXECUTION_ELIGIBLE,pP_training_rank_half,HIGH,R5,516,514,2,41,0.07976653696498054
EXECUTION_ELIGIBLE,pP_training_rank_half,HIGH,R6,516,514,2,31,0.06031128404669261
EXECUTION_ELIGIBLE,pP_training_rank_half,HIGH,R7,516,514,2,26,0.05058365758754864
EXECUTION_ELIGIBLE,pP_training_rank_half,HIGH,R8,516,514,2,23,0.04474708171206226
EXECUTION_ELIGIBLE,pP_training_rank_half,HIGH,R9,516,514,2,19,0.03696498054474708
EXECUTION_ELIGIBLE,pP_training_rank_half,HIGH,R10,516,514,2,19,0.03696498054474708
EXECUTION_ELIGIBLE,pP_training_rank_half,HIGH,R11,516,514,2,17,0.033073929961089495
EXECUTION_ELIGIBLE,pP_training_rank_half,HIGH,R12,516,514,2,17,0.033073929961089495
EXECUTION_ELIGIBLE,pP_training_rank_half,HIGH,R13,516,514,2,16,0.0311284046692607
EXECUTION_ELIGIBLE,pP_training_rank_half,HIGH,R14,516,514,2,15,0.029182879377431907
EXECUTION_ELIGIBLE,pP_training_rank_half,HIGH,R15,516,514,2,12,0.023346303501945526
EXECUTION_ELIGIBLE,pP_training_rank_half,HIGH,R16,516,514,2,10,0.019455252918287938
EXECUTION_ELIGIBLE,pP_training_rank_half,HIGH,R17,516,514,2,10,0.019455252918287938
EXECUTION_ELIGIBLE,pP_training_rank_half,HIGH,R18,516,514,2,10,0.019455252918287938
EXECUTION_ELIGIBLE,pP_training_rank_half,HIGH,R19,516,514,2,8,0.01556420233463035
EXECUTION_ELIGIBLE,pP_training_rank_half,HIGH,R20,516,514,2,7,0.013618677042801557
EXECUTION_ELIGIBLE,pP_training_rank_half,HIGH,R21,516,514,2,6,0.011673151750972763
EXECUTION_ELIGIBLE,pP_training_rank_half,HIGH,R22,516,514,2,5,0.009727626459143969
EXECUTION_ELIGIBLE,pP_training_rank_half,HIGH,R23,516,514,2,5,0.009727626459143969
EXECUTION_ELIGIBLE,pP_training_rank_half,HIGH,R24,516,514,2,3,0.005836575875486381
EXECUTION_ELIGIBLE,pP_training_rank_half,HIGH,R25,516,514,2,3,0.005836575875486381
EXECUTION_ELIGIBLE,pP_training_rank_half,HIGH,R26,516,514,2,3,0.005836575875486381
EXECUTION_ELIGIBLE,pP_training_rank_half,HIGH,R27,516,514,2,2,0.0038910505836575876
EXECUTION_ELIGIBLE,pP_training_rank_half,HIGH,R28,516,514,2,2,0.0038910505836575876
EXECUTION_ELIGIBLE,pP_training_rank_half,HIGH,R29,516,514,2,1,0.0019455252918287938
EXECUTION_ELIGIBLE,pP_training_rank_half,HIGH,R30,516,514,2,1,0.0019455252918287938
EXECUTION_ELIGIBLE,pP_training_rank_half,HIGH,R31,516,514,2,1,0.0019455252918287938
EXECUTION_ELIGIBLE,pP_training_rank_half,HIGH,R32,516,514,2,1,0.0019455252918287938
EXECUTION_ELIGIBLE,pP_training_rank_half,HIGH,R33,516,514,2,1,0.0019455252918287938
EXECUTION_ELIGIBLE,pP_training_rank_half,HIGH,R34,516,514,2,1,0.0019455252918287938
EXECUTION_ELIGIBLE,pP_training_rank_half,HIGH,R35,516,514,2,1,0.0019455252918287938
EXECUTION_ELIGIBLE,pP_training_rank_half,HIGH,R36,516,514,2,1,0.0019455252918287938
EXECUTION_ELIGIBLE,pP_training_rank_half,HIGH,R37,516,514,2,1,0.0019455252918287938
EXECUTION_ELIGIBLE,pP_training_rank_half,HIGH,RN1,516,514,2,183,0.3560311284046693
EXECUTION_ELIGIBLE,pP_training_rank_half,HIGH,RN2,516,514,2,120,0.23346303501945526
EXECUTION_ELIGIBLE,pP_training_rank_half,HIGH,RN3,516,514,2,79,0.15369649805447472
EXECUTION_ELIGIBLE,pP_training_rank_half,HIGH,RN4,516,514,2,54,0.10505836575875487
EXECUTION_ELIGIBLE,pP_training_rank_half,HIGH,RN5,516,514,2,36,0.07003891050583658
EXECUTION_ELIGIBLE,pP_training_rank_half,HIGH,RN6,516,514,2,29,0.05642023346303502
EXECUTION_ELIGIBLE,pP_training_rank_half,HIGH,RN7,516,514,2,21,0.04085603112840467
EXECUTION_ELIGIBLE,pP_training_rank_half,HIGH,RN8,516,514,2,17,0.033073929961089495
EXECUTION_ELIGIBLE,pP_training_rank_half,HIGH,RN9,516,514,2,13,0.02529182879377432
EXECUTION_ELIGIBLE,pP_training_rank_half,HIGH,RN10,516,514,2,9,0.017509727626459144
EXECUTION_ELIGIBLE,pP_training_rank_half,HIGH,RN11,516,514,2,7,0.013618677042801557
EXECUTION_ELIGIBLE,pP_training_rank_half,HIGH,RN12,516,514,2,7,0.013618677042801557
EXECUTION_ELIGIBLE,pP_training_rank_half,HIGH,RN13,516,514,2,7,0.013618677042801557
EXECUTION_ELIGIBLE,pP_training_rank_half,HIGH,RN14,516,514,2,5,0.009727626459143969
EXECUTION_ELIGIBLE,pP_training_rank_half,HIGH,RN15,516,514,2,4,0.007782101167315175
EXECUTION_ELIGIBLE,pP_training_rank_half,HIGH,RN16,516,514,2,3,0.005836575875486381
EXECUTION_ELIGIBLE,pP_training_rank_half,HIGH,RN17,516,514,2,2,0.0038910505836575876
EXECUTION_ELIGIBLE,pP_training_rank_half,LOW,R1,512,502,10,121,0.2410358565737052
EXECUTION_ELIGIBLE,pP_training_rank_half,LOW,R2,512,502,10,65,0.1294820717131474
EXECUTION_ELIGIBLE,pP_training_rank_half,LOW,R3,512,502,10,42,0.08366533864541832
EXECUTION_ELIGIBLE,pP_training_rank_half,LOW,R4,512,502,10,23,0.045816733067729085
EXECUTION_ELIGIBLE,pP_training_rank_half,LOW,R5,512,502,10,14,0.027888446215139442
EXECUTION_ELIGIBLE,pP_training_rank_half,LOW,R6,512,502,10,7,0.013944223107569721
EXECUTION_ELIGIBLE,pP_training_rank_half,LOW,R7,512,502,10,6,0.01195219123505976
EXECUTION_ELIGIBLE,pP_training_rank_half,LOW,R8,512,502,10,6,0.01195219123505976
EXECUTION_ELIGIBLE,pP_training_rank_half,LOW,R9,512,502,10,6,0.01195219123505976
EXECUTION_ELIGIBLE,pP_training_rank_half,LOW,R10,512,502,10,6,0.01195219123505976
EXECUTION_ELIGIBLE,pP_training_rank_half,LOW,R11,512,502,10,6,0.01195219123505976
EXECUTION_ELIGIBLE,pP_training_rank_half,LOW,R12,512,502,10,5,0.0099601593625498
EXECUTION_ELIGIBLE,pP_training_rank_half,LOW,R13,512,502,10,3,0.00597609561752988
EXECUTION_ELIGIBLE,pP_training_rank_half,LOW,R14,512,502,10,3,0.00597609561752988
EXECUTION_ELIGIBLE,pP_training_rank_half,LOW,R15,512,502,10,3,0.00597609561752988
EXECUTION_ELIGIBLE,pP_training_rank_half,LOW,R16,512,502,10,3,0.00597609561752988
EXECUTION_ELIGIBLE,pP_training_rank_half,LOW,R17,512,502,10,2,0.00398406374501992
EXECUTION_ELIGIBLE,pP_training_rank_half,LOW,R18,512,502,10,2,0.00398406374501992
EXECUTION_ELIGIBLE,pP_training_rank_half,LOW,R19,512,502,10,2,0.00398406374501992
EXECUTION_ELIGIBLE,pP_training_rank_half,LOW,R20,512,502,10,2,0.00398406374501992
EXECUTION_ELIGIBLE,pP_training_rank_half,LOW,R21,512,502,10,2,0.00398406374501992
EXECUTION_ELIGIBLE,pP_training_rank_half,LOW,R22,512,502,10,2,0.00398406374501992
EXECUTION_ELIGIBLE,pP_training_rank_half,LOW,R23,512,502,10,0,0.0
EXECUTION_ELIGIBLE,pP_training_rank_half,LOW,R24,512,502,10,0,0.0
EXECUTION_ELIGIBLE,pP_training_rank_half,LOW,R25,512,502,10,0,0.0
EXECUTION_ELIGIBLE,pP_training_rank_half,LOW,R26,512,502,10,0,0.0
EXECUTION_ELIGIBLE,pP_training_rank_half,LOW,R27,512,502,10,0,0.0
EXECUTION_ELIGIBLE,pP_training_rank_half,LOW,R28,512,502,10,0,0.0
EXECUTION_ELIGIBLE,pP_training_rank_half,LOW,R29,512,502,10,0,0.0
EXECUTION_ELIGIBLE,pP_training_rank_half,LOW,R30,512,502,10,0,0.0
EXECUTION_ELIGIBLE,pP_training_rank_half,LOW,R31,512,502,10,0,0.0
EXECUTION_ELIGIBLE,pP_training_rank_half,LOW,R32,512,502,10,0,0.0
EXECUTION_ELIGIBLE,pP_training_rank_half,LOW,R33,512,502,10,0,0.0
EXECUTION_ELIGIBLE,pP_training_rank_half,LOW,R34,512,502,10,0,0.0
EXECUTION_ELIGIBLE,pP_training_rank_half,LOW,R35,512,502,10,0,0.0
EXECUTION_ELIGIBLE,pP_training_rank_half,LOW,R36,512,502,10,0,0.0
EXECUTION_ELIGIBLE,pP_training_rank_half,LOW,R37,512,502,10,0,0.0
EXECUTION_ELIGIBLE,pP_training_rank_half,LOW,RN1,512,502,10,111,0.22111553784860558
EXECUTION_ELIGIBLE,pP_training_rank_half,LOW,RN2,512,502,10,49,0.09760956175298804
EXECUTION_ELIGIBLE,pP_training_rank_half,LOW,RN3,512,502,10,25,0.049800796812749
EXECUTION_ELIGIBLE,pP_training_rank_half,LOW,RN4,512,502,10,14,0.027888446215139442
EXECUTION_ELIGIBLE,pP_training_rank_half,LOW,RN5,512,502,10,7,0.013944223107569721
EXECUTION_ELIGIBLE,pP_training_rank_half,LOW,RN6,512,502,10,5,0.0099601593625498
EXECUTION_ELIGIBLE,pP_training_rank_half,LOW,RN7,512,502,10,2,0.00398406374501992
EXECUTION_ELIGIBLE,pP_training_rank_half,LOW,RN8,512,502,10,1,0.00199203187250996
EXECUTION_ELIGIBLE,pP_training_rank_half,LOW,RN9,512,502,10,1,0.00199203187250996
EXECUTION_ELIGIBLE,pP_training_rank_half,LOW,RN10,512,502,10,1,0.00199203187250996
EXECUTION_ELIGIBLE,pP_training_rank_half,LOW,RN11,512,502,10,1,0.00199203187250996
EXECUTION_ELIGIBLE,pP_training_rank_half,LOW,RN12,512,502,10,1,0.00199203187250996
EXECUTION_ELIGIBLE,pP_training_rank_half,LOW,RN13,512,502,10,1,0.00199203187250996
EXECUTION_ELIGIBLE,pP_training_rank_half,LOW,RN14,512,502,10,1,0.00199203187250996
EXECUTION_ELIGIBLE,pP_training_rank_half,LOW,RN15,512,502,10,1,0.00199203187250996
EXECUTION_ELIGIBLE,pP_training_rank_half,LOW,RN16,512,502,10,1,0.00199203187250996
EXECUTION_ELIGIBLE,pP_training_rank_half,LOW,RN17,512,502,10,1,0.00199203187250996
EXECUTION_ELIGIBLE,MRET_training_rank_half,HIGH,R1,537,527,10,121,0.22960151802656548
EXECUTION_ELIGIBLE,MRET_training_rank_half,HIGH,R2,537,527,10,64,0.12144212523719165
EXECUTION_ELIGIBLE,MRET_training_rank_half,HIGH,R3,537,527,10,36,0.0683111954459203
EXECUTION_ELIGIBLE,MRET_training_rank_half,HIGH,R4,537,527,10,26,0.04933586337760911
EXECUTION_ELIGIBLE,MRET_training_rank_half,HIGH,R5,537,527,10,19,0.036053130929791274
EXECUTION_ELIGIBLE,MRET_training_rank_half,HIGH,R6,537,527,10,13,0.024667931688804556
EXECUTION_ELIGIBLE,MRET_training_rank_half,HIGH,R7,537,527,10,9,0.017077798861480076
EXECUTION_ELIGIBLE,MRET_training_rank_half,HIGH,R8,537,527,10,9,0.017077798861480076
EXECUTION_ELIGIBLE,MRET_training_rank_half,HIGH,R9,537,527,10,9,0.017077798861480076
EXECUTION_ELIGIBLE,MRET_training_rank_half,HIGH,R10,537,527,10,9,0.017077798861480076
EXECUTION_ELIGIBLE,MRET_training_rank_half,HIGH,R11,537,527,10,8,0.015180265654648957
EXECUTION_ELIGIBLE,MRET_training_rank_half,HIGH,R12,537,527,10,8,0.015180265654648957
EXECUTION_ELIGIBLE,MRET_training_rank_half,HIGH,R13,537,527,10,5,0.009487666034155597
EXECUTION_ELIGIBLE,MRET_training_rank_half,HIGH,R14,537,527,10,5,0.009487666034155597
EXECUTION_ELIGIBLE,MRET_training_rank_half,HIGH,R15,537,527,10,5,0.009487666034155597
EXECUTION_ELIGIBLE,MRET_training_rank_half,HIGH,R16,537,527,10,5,0.009487666034155597
EXECUTION_ELIGIBLE,MRET_training_rank_half,HIGH,R17,537,527,10,5,0.009487666034155597
EXECUTION_ELIGIBLE,MRET_training_rank_half,HIGH,R18,537,527,10,5,0.009487666034155597
EXECUTION_ELIGIBLE,MRET_training_rank_half,HIGH,R19,537,527,10,5,0.009487666034155597
EXECUTION_ELIGIBLE,MRET_training_rank_half,HIGH,R20,537,527,10,4,0.007590132827324478
EXECUTION_ELIGIBLE,MRET_training_rank_half,HIGH,R21,537,527,10,4,0.007590132827324478
EXECUTION_ELIGIBLE,MRET_training_rank_half,HIGH,R22,537,527,10,4,0.007590132827324478
EXECUTION_ELIGIBLE,MRET_training_rank_half,HIGH,R23,537,527,10,2,0.003795066413662239
EXECUTION_ELIGIBLE,MRET_training_rank_half,HIGH,R24,537,527,10,1,0.0018975332068311196
EXECUTION_ELIGIBLE,MRET_training_rank_half,HIGH,R25,537,527,10,1,0.0018975332068311196
EXECUTION_ELIGIBLE,MRET_training_rank_half,HIGH,R26,537,527,10,1,0.0018975332068311196
EXECUTION_ELIGIBLE,MRET_training_rank_half,HIGH,R27,537,527,10,1,0.0018975332068311196
EXECUTION_ELIGIBLE,MRET_training_rank_half,HIGH,R28,537,527,10,1,0.0018975332068311196
EXECUTION_ELIGIBLE,MRET_training_rank_half,HIGH,R29,537,527,10,0,0.0
EXECUTION_ELIGIBLE,MRET_training_rank_half,HIGH,R30,537,527,10,0,0.0
EXECUTION_ELIGIBLE,MRET_training_rank_half,HIGH,R31,537,527,10,0,0.0
EXECUTION_ELIGIBLE,MRET_training_rank_half,HIGH,R32,537,527,10,0,0.0
EXECUTION_ELIGIBLE,MRET_training_rank_half,HIGH,R33,537,527,10,0,0.0
EXECUTION_ELIGIBLE,MRET_training_rank_half,HIGH,R34,537,527,10,0,0.0
EXECUTION_ELIGIBLE,MRET_training_rank_half,HIGH,R35,537,527,10,0,0.0
EXECUTION_ELIGIBLE,MRET_training_rank_half,HIGH,R36,537,527,10,0,0.0
EXECUTION_ELIGIBLE,MRET_training_rank_half,HIGH,R37,537,527,10,0,0.0
EXECUTION_ELIGIBLE,MRET_training_rank_half,HIGH,RN1,537,527,10,125,0.23719165085388993
EXECUTION_ELIGIBLE,MRET_training_rank_half,HIGH,RN2,537,527,10,65,0.12333965844402277
EXECUTION_ELIGIBLE,MRET_training_rank_half,HIGH,RN3,537,527,10,30,0.056925996204933584
EXECUTION_ELIGIBLE,MRET_training_rank_half,HIGH,RN4,537,527,10,17,0.03225806451612903
EXECUTION_ELIGIBLE,MRET_training_rank_half,HIGH,RN5,537,527,10,9,0.017077798861480076
EXECUTION_ELIGIBLE,MRET_training_rank_half,HIGH,RN6,537,527,10,6,0.011385199240986717
EXECUTION_ELIGIBLE,MRET_training_rank_half,HIGH,RN7,537,527,10,6,0.011385199240986717
EXECUTION_ELIGIBLE,MRET_training_rank_half,HIGH,RN8,537,527,10,5,0.009487666034155597
EXECUTION_ELIGIBLE,MRET_training_rank_half,HIGH,RN9,537,527,10,1,0.0018975332068311196
EXECUTION_ELIGIBLE,MRET_training_rank_half,HIGH,RN10,537,527,10,1,0.0018975332068311196
EXECUTION_ELIGIBLE,MRET_training_rank_half,HIGH,RN11,537,527,10,1,0.0018975332068311196
EXECUTION_ELIGIBLE,MRET_training_rank_half,HIGH,RN12,537,527,10,1,0.0018975332068311196
EXECUTION_ELIGIBLE,MRET_training_rank_half,HIGH,RN13,537,527,10,1,0.0018975332068311196
EXECUTION_ELIGIBLE,MRET_training_rank_half,HIGH,RN14,537,527,10,1,0.0018975332068311196
EXECUTION_ELIGIBLE,MRET_training_rank_half,HIGH,RN15,537,527,10,1,0.0018975332068311196
EXECUTION_ELIGIBLE,MRET_training_rank_half,HIGH,RN16,537,527,10,1,0.0018975332068311196
EXECUTION_ELIGIBLE,MRET_training_rank_half,HIGH,RN17,537,527,10,1,0.0018975332068311196
EXECUTION_ELIGIBLE,MRET_training_rank_half,LOW,R1,491,489,2,150,0.3067484662576687
EXECUTION_ELIGIBLE,MRET_training_rank_half,LOW,R2,491,489,2,94,0.19222903885480572
EXECUTION_ELIGIBLE,MRET_training_rank_half,LOW,R3,491,489,2,73,0.1492842535787321
EXECUTION_ELIGIBLE,MRET_training_rank_half,LOW,R4,491,489,2,45,0.09202453987730061
EXECUTION_ELIGIBLE,MRET_training_rank_half,LOW,R5,491,489,2,36,0.0736196319018405
EXECUTION_ELIGIBLE,MRET_training_rank_half,LOW,R6,491,489,2,25,0.05112474437627812
EXECUTION_ELIGIBLE,MRET_training_rank_half,LOW,R7,491,489,2,23,0.04703476482617587
EXECUTION_ELIGIBLE,MRET_training_rank_half,LOW,R8,491,489,2,20,0.0408997955010225
EXECUTION_ELIGIBLE,MRET_training_rank_half,LOW,R9,491,489,2,16,0.032719836400818
EXECUTION_ELIGIBLE,MRET_training_rank_half,LOW,R10,491,489,2,16,0.032719836400818
EXECUTION_ELIGIBLE,MRET_training_rank_half,LOW,R11,491,489,2,15,0.03067484662576687
EXECUTION_ELIGIBLE,MRET_training_rank_half,LOW,R12,491,489,2,14,0.028629856850715747
EXECUTION_ELIGIBLE,MRET_training_rank_half,LOW,R13,491,489,2,14,0.028629856850715747
EXECUTION_ELIGIBLE,MRET_training_rank_half,LOW,R14,491,489,2,13,0.026584867075664622
EXECUTION_ELIGIBLE,MRET_training_rank_half,LOW,R15,491,489,2,10,0.02044989775051125
EXECUTION_ELIGIBLE,MRET_training_rank_half,LOW,R16,491,489,2,8,0.016359918200409
EXECUTION_ELIGIBLE,MRET_training_rank_half,LOW,R17,491,489,2,7,0.014314928425357873
EXECUTION_ELIGIBLE,MRET_training_rank_half,LOW,R18,491,489,2,7,0.014314928425357873
EXECUTION_ELIGIBLE,MRET_training_rank_half,LOW,R19,491,489,2,5,0.010224948875255624
EXECUTION_ELIGIBLE,MRET_training_rank_half,LOW,R20,491,489,2,5,0.010224948875255624
EXECUTION_ELIGIBLE,MRET_training_rank_half,LOW,R21,491,489,2,4,0.0081799591002045
EXECUTION_ELIGIBLE,MRET_training_rank_half,LOW,R22,491,489,2,3,0.006134969325153374
EXECUTION_ELIGIBLE,MRET_training_rank_half,LOW,R23,491,489,2,3,0.006134969325153374
EXECUTION_ELIGIBLE,MRET_training_rank_half,LOW,R24,491,489,2,2,0.00408997955010225
EXECUTION_ELIGIBLE,MRET_training_rank_half,LOW,R25,491,489,2,2,0.00408997955010225
EXECUTION_ELIGIBLE,MRET_training_rank_half,LOW,R26,491,489,2,2,0.00408997955010225
EXECUTION_ELIGIBLE,MRET_training_rank_half,LOW,R27,491,489,2,1,0.002044989775051125
EXECUTION_ELIGIBLE,MRET_training_rank_half,LOW,R28,491,489,2,1,0.002044989775051125
EXECUTION_ELIGIBLE,MRET_training_rank_half,LOW,R29,491,489,2,1,0.002044989775051125
EXECUTION_ELIGIBLE,MRET_training_rank_half,LOW,R30,491,489,2,1,0.002044989775051125
EXECUTION_ELIGIBLE,MRET_training_rank_half,LOW,R31,491,489,2,1,0.002044989775051125
EXECUTION_ELIGIBLE,MRET_training_rank_half,LOW,R32,491,489,2,1,0.002044989775051125
EXECUTION_ELIGIBLE,MRET_training_rank_half,LOW,R33,491,489,2,1,0.002044989775051125
EXECUTION_ELIGIBLE,MRET_training_rank_half,LOW,R34,491,489,2,1,0.002044989775051125
EXECUTION_ELIGIBLE,MRET_training_rank_half,LOW,R35,491,489,2,1,0.002044989775051125
EXECUTION_ELIGIBLE,MRET_training_rank_half,LOW,R36,491,489,2,1,0.002044989775051125
EXECUTION_ELIGIBLE,MRET_training_rank_half,LOW,R37,491,489,2,1,0.002044989775051125
EXECUTION_ELIGIBLE,MRET_training_rank_half,LOW,RN1,491,489,2,169,0.3456032719836401
EXECUTION_ELIGIBLE,MRET_training_rank_half,LOW,RN2,491,489,2,104,0.21267893660531698
EXECUTION_ELIGIBLE,MRET_training_rank_half,LOW,RN3,491,489,2,74,0.15132924335378323
EXECUTION_ELIGIBLE,MRET_training_rank_half,LOW,RN4,491,489,2,51,0.10429447852760736
EXECUTION_ELIGIBLE,MRET_training_rank_half,LOW,RN5,491,489,2,34,0.06952965235173825
EXECUTION_ELIGIBLE,MRET_training_rank_half,LOW,RN6,491,489,2,28,0.05725971370143149
EXECUTION_ELIGIBLE,MRET_training_rank_half,LOW,RN7,491,489,2,17,0.034764826175869123
EXECUTION_ELIGIBLE,MRET_training_rank_half,LOW,RN8,491,489,2,13,0.026584867075664622
EXECUTION_ELIGIBLE,MRET_training_rank_half,LOW,RN9,491,489,2,13,0.026584867075664622
EXECUTION_ELIGIBLE,MRET_training_rank_half,LOW,RN10,491,489,2,9,0.018404907975460124
EXECUTION_ELIGIBLE,MRET_training_rank_half,LOW,RN11,491,489,2,7,0.014314928425357873
EXECUTION_ELIGIBLE,MRET_training_rank_half,LOW,RN12,491,489,2,7,0.014314928425357873
EXECUTION_ELIGIBLE,MRET_training_rank_half,LOW,RN13,491,489,2,7,0.014314928425357873
EXECUTION_ELIGIBLE,MRET_training_rank_half,LOW,RN14,491,489,2,5,0.010224948875255624
EXECUTION_ELIGIBLE,MRET_training_rank_half,LOW,RN15,491,489,2,4,0.0081799591002045
EXECUTION_ELIGIBLE,MRET_training_rank_half,LOW,RN16,491,489,2,3,0.006134969325153374
EXECUTION_ELIGIBLE,MRET_training_rank_half,LOW,RN17,491,489,2,2,0.00408997955010225
RANK_PASS_EXECUTION_ELIGIBLE,native_rank,A,R1,154,154,0,47,0.3051948051948052
RANK_PASS_EXECUTION_ELIGIBLE,native_rank,A,R2,154,154,0,34,0.22077922077922077
RANK_PASS_EXECUTION_ELIGIBLE,native_rank,A,R3,154,154,0,27,0.17532467532467533
RANK_PASS_EXECUTION_ELIGIBLE,native_rank,A,R4,154,154,0,21,0.13636363636363635
RANK_PASS_EXECUTION_ELIGIBLE,native_rank,A,R5,154,154,0,18,0.11688311688311688
RANK_PASS_EXECUTION_ELIGIBLE,native_rank,A,R6,154,154,0,13,0.08441558441558442
RANK_PASS_EXECUTION_ELIGIBLE,native_rank,A,R7,154,154,0,12,0.07792207792207792
RANK_PASS_EXECUTION_ELIGIBLE,native_rank,A,R8,154,154,0,11,0.07142857142857142
RANK_PASS_EXECUTION_ELIGIBLE,native_rank,A,R9,154,154,0,11,0.07142857142857142
RANK_PASS_EXECUTION_ELIGIBLE,native_rank,A,R10,154,154,0,11,0.07142857142857142
RANK_PASS_EXECUTION_ELIGIBLE,native_rank,A,R11,154,154,0,10,0.06493506493506493
RANK_PASS_EXECUTION_ELIGIBLE,native_rank,A,R12,154,154,0,10,0.06493506493506493
RANK_PASS_EXECUTION_ELIGIBLE,native_rank,A,R13,154,154,0,9,0.05844155844155844
RANK_PASS_EXECUTION_ELIGIBLE,native_rank,A,R14,154,154,0,9,0.05844155844155844
RANK_PASS_EXECUTION_ELIGIBLE,native_rank,A,R15,154,154,0,6,0.03896103896103896
RANK_PASS_EXECUTION_ELIGIBLE,native_rank,A,R16,154,154,0,5,0.032467532467532464
RANK_PASS_EXECUTION_ELIGIBLE,native_rank,A,R17,154,154,0,5,0.032467532467532464
RANK_PASS_EXECUTION_ELIGIBLE,native_rank,A,R18,154,154,0,5,0.032467532467532464
RANK_PASS_EXECUTION_ELIGIBLE,native_rank,A,R19,154,154,0,3,0.01948051948051948
RANK_PASS_EXECUTION_ELIGIBLE,native_rank,A,R20,154,154,0,3,0.01948051948051948
RANK_PASS_EXECUTION_ELIGIBLE,native_rank,A,R21,154,154,0,3,0.01948051948051948
RANK_PASS_EXECUTION_ELIGIBLE,native_rank,A,R22,154,154,0,3,0.01948051948051948
RANK_PASS_EXECUTION_ELIGIBLE,native_rank,A,R23,154,154,0,3,0.01948051948051948
RANK_PASS_EXECUTION_ELIGIBLE,native_rank,A,R24,154,154,0,3,0.01948051948051948
RANK_PASS_EXECUTION_ELIGIBLE,native_rank,A,R25,154,154,0,3,0.01948051948051948
RANK_PASS_EXECUTION_ELIGIBLE,native_rank,A,R26,154,154,0,3,0.01948051948051948
RANK_PASS_EXECUTION_ELIGIBLE,native_rank,A,R27,154,154,0,2,0.012987012987012988
RANK_PASS_EXECUTION_ELIGIBLE,native_rank,A,R28,154,154,0,2,0.012987012987012988
RANK_PASS_EXECUTION_ELIGIBLE,native_rank,A,R29,154,154,0,1,0.006493506493506494
RANK_PASS_EXECUTION_ELIGIBLE,native_rank,A,R30,154,154,0,1,0.006493506493506494
RANK_PASS_EXECUTION_ELIGIBLE,native_rank,A,R31,154,154,0,1,0.006493506493506494
RANK_PASS_EXECUTION_ELIGIBLE,native_rank,A,R32,154,154,0,1,0.006493506493506494
RANK_PASS_EXECUTION_ELIGIBLE,native_rank,A,R33,154,154,0,1,0.006493506493506494
RANK_PASS_EXECUTION_ELIGIBLE,native_rank,A,R34,154,154,0,1,0.006493506493506494
RANK_PASS_EXECUTION_ELIGIBLE,native_rank,A,R35,154,154,0,1,0.006493506493506494
RANK_PASS_EXECUTION_ELIGIBLE,native_rank,A,R36,154,154,0,1,0.006493506493506494
RANK_PASS_EXECUTION_ELIGIBLE,native_rank,A,R37,154,154,0,1,0.006493506493506494
RANK_PASS_EXECUTION_ELIGIBLE,native_rank,A,RN1,154,154,0,55,0.35714285714285715
RANK_PASS_EXECUTION_ELIGIBLE,native_rank,A,RN2,154,154,0,35,0.22727272727272727
RANK_PASS_EXECUTION_ELIGIBLE,native_rank,A,RN3,154,154,0,21,0.13636363636363635
RANK_PASS_EXECUTION_ELIGIBLE,native_rank,A,RN4,154,154,0,12,0.07792207792207792
RANK_PASS_EXECUTION_ELIGIBLE,native_rank,A,RN5,154,154,0,8,0.05194805194805195
RANK_PASS_EXECUTION_ELIGIBLE,native_rank,A,RN6,154,154,0,7,0.045454545454545456
RANK_PASS_EXECUTION_ELIGIBLE,native_rank,A,RN7,154,154,0,4,0.025974025974025976
RANK_PASS_EXECUTION_ELIGIBLE,native_rank,A,RN8,154,154,0,2,0.012987012987012988
RANK_PASS_EXECUTION_ELIGIBLE,native_rank,A,RN9,154,154,0,2,0.012987012987012988
RANK_PASS_EXECUTION_ELIGIBLE,native_rank,A,RN10,154,154,0,0,0.0
RANK_PASS_EXECUTION_ELIGIBLE,native_rank,A,RN11,154,154,0,0,0.0
RANK_PASS_EXECUTION_ELIGIBLE,native_rank,A,RN12,154,154,0,0,0.0
RANK_PASS_EXECUTION_ELIGIBLE,native_rank,A,RN13,154,154,0,0,0.0
RANK_PASS_EXECUTION_ELIGIBLE,native_rank,A,RN14,154,154,0,0,0.0
RANK_PASS_EXECUTION_ELIGIBLE,native_rank,A,RN15,154,154,0,0,0.0
RANK_PASS_EXECUTION_ELIGIBLE,native_rank,A,RN16,154,154,0,0,0.0
RANK_PASS_EXECUTION_ELIGIBLE,native_rank,A,RN17,154,154,0,0,0.0
RANK_PASS_EXECUTION_ELIGIBLE,native_rank,B,R1,297,295,2,76,0.2576271186440678
RANK_PASS_EXECUTION_ELIGIBLE,native_rank,B,R2,297,295,2,43,0.14576271186440679
RANK_PASS_EXECUTION_ELIGIBLE,native_rank,B,R3,297,295,2,27,0.09152542372881356
RANK_PASS_EXECUTION_ELIGIBLE,native_rank,B,R4,297,295,2,14,0.04745762711864407
RANK_PASS_EXECUTION_ELIGIBLE,native_rank,B,R5,297,295,2,13,0.04406779661016949
RANK_PASS_EXECUTION_ELIGIBLE,native_rank,B,R6,297,295,2,9,0.030508474576271188
RANK_PASS_EXECUTION_ELIGIBLE,native_rank,B,R7,297,295,2,8,0.02711864406779661
RANK_PASS_EXECUTION_ELIGIBLE,native_rank,B,R8,297,295,2,8,0.02711864406779661
RANK_PASS_EXECUTION_ELIGIBLE,native_rank,B,R9,297,295,2,4,0.013559322033898305
RANK_PASS_EXECUTION_ELIGIBLE,native_rank,B,R10,297,295,2,4,0.013559322033898305
RANK_PASS_EXECUTION_ELIGIBLE,native_rank,B,R11,297,295,2,4,0.013559322033898305
RANK_PASS_EXECUTION_ELIGIBLE,native_rank,B,R12,297,295,2,4,0.013559322033898305
RANK_PASS_EXECUTION_ELIGIBLE,native_rank,B,R13,297,295,2,4,0.013559322033898305
RANK_PASS_EXECUTION_ELIGIBLE,native_rank,B,R14,297,295,2,3,0.010169491525423728
RANK_PASS_EXECUTION_ELIGIBLE,native_rank,B,R15,297,295,2,3,0.010169491525423728
RANK_PASS_EXECUTION_ELIGIBLE,native_rank,B,R16,297,295,2,2,0.006779661016949152
RANK_PASS_EXECUTION_ELIGIBLE,native_rank,B,R17,297,295,2,2,0.006779661016949152
RANK_PASS_EXECUTION_ELIGIBLE,native_rank,B,R18,297,295,2,2,0.006779661016949152
RANK_PASS_EXECUTION_ELIGIBLE,native_rank,B,R19,297,295,2,2,0.006779661016949152
RANK_PASS_EXECUTION_ELIGIBLE,native_rank,B,R20,297,295,2,2,0.006779661016949152
RANK_PASS_EXECUTION_ELIGIBLE,native_rank,B,R21,297,295,2,2,0.006779661016949152
RANK_PASS_EXECUTION_ELIGIBLE,native_rank,B,R22,297,295,2,2,0.006779661016949152
RANK_PASS_EXECUTION_ELIGIBLE,native_rank,B,R23,297,295,2,2,0.006779661016949152
RANK_PASS_EXECUTION_ELIGIBLE,native_rank,B,R24,297,295,2,0,0.0
RANK_PASS_EXECUTION_ELIGIBLE,native_rank,B,R25,297,295,2,0,0.0
RANK_PASS_EXECUTION_ELIGIBLE,native_rank,B,R26,297,295,2,0,0.0
RANK_PASS_EXECUTION_ELIGIBLE,native_rank,B,R27,297,295,2,0,0.0
RANK_PASS_EXECUTION_ELIGIBLE,native_rank,B,R28,297,295,2,0,0.0
RANK_PASS_EXECUTION_ELIGIBLE,native_rank,B,R29,297,295,2,0,0.0
RANK_PASS_EXECUTION_ELIGIBLE,native_rank,B,R30,297,295,2,0,0.0
RANK_PASS_EXECUTION_ELIGIBLE,native_rank,B,R31,297,295,2,0,0.0
RANK_PASS_EXECUTION_ELIGIBLE,native_rank,B,R32,297,295,2,0,0.0
RANK_PASS_EXECUTION_ELIGIBLE,native_rank,B,R33,297,295,2,0,0.0
RANK_PASS_EXECUTION_ELIGIBLE,native_rank,B,R34,297,295,2,0,0.0
RANK_PASS_EXECUTION_ELIGIBLE,native_rank,B,R35,297,295,2,0,0.0
RANK_PASS_EXECUTION_ELIGIBLE,native_rank,B,R36,297,295,2,0,0.0
RANK_PASS_EXECUTION_ELIGIBLE,native_rank,B,R37,297,295,2,0,0.0
RANK_PASS_EXECUTION_ELIGIBLE,native_rank,B,RN1,297,295,2,92,0.31186440677966104
RANK_PASS_EXECUTION_ELIGIBLE,native_rank,B,RN2,297,295,2,57,0.19322033898305085
RANK_PASS_EXECUTION_ELIGIBLE,native_rank,B,RN3,297,295,2,37,0.12542372881355932
RANK_PASS_EXECUTION_ELIGIBLE,native_rank,B,RN4,297,295,2,27,0.09152542372881356
RANK_PASS_EXECUTION_ELIGIBLE,native_rank,B,RN5,297,295,2,18,0.061016949152542375
RANK_PASS_EXECUTION_ELIGIBLE,native_rank,B,RN6,297,295,2,13,0.04406779661016949
RANK_PASS_EXECUTION_ELIGIBLE,native_rank,B,RN7,297,295,2,8,0.02711864406779661
RANK_PASS_EXECUTION_ELIGIBLE,native_rank,B,RN8,297,295,2,6,0.020338983050847456
RANK_PASS_EXECUTION_ELIGIBLE,native_rank,B,RN9,297,295,2,4,0.013559322033898305
RANK_PASS_EXECUTION_ELIGIBLE,native_rank,B,RN10,297,295,2,4,0.013559322033898305
RANK_PASS_EXECUTION_ELIGIBLE,native_rank,B,RN11,297,295,2,3,0.010169491525423728
RANK_PASS_EXECUTION_ELIGIBLE,native_rank,B,RN12,297,295,2,3,0.010169491525423728
RANK_PASS_EXECUTION_ELIGIBLE,native_rank,B,RN13,297,295,2,3,0.010169491525423728
RANK_PASS_EXECUTION_ELIGIBLE,native_rank,B,RN14,297,295,2,2,0.006779661016949152
RANK_PASS_EXECUTION_ELIGIBLE,native_rank,B,RN15,297,295,2,2,0.006779661016949152
RANK_PASS_EXECUTION_ELIGIBLE,native_rank,B,RN16,297,295,2,2,0.006779661016949152
RANK_PASS_EXECUTION_ELIGIBLE,native_rank,B,RN17,297,295,2,1,0.003389830508474576
RANK_PASS_EXECUTION_ELIGIBLE,native_rank,S,R1,43,43,0,13,0.3023255813953488
RANK_PASS_EXECUTION_ELIGIBLE,native_rank,S,R2,43,43,0,8,0.18604651162790697
RANK_PASS_EXECUTION_ELIGIBLE,native_rank,S,R3,43,43,0,4,0.09302325581395349
RANK_PASS_EXECUTION_ELIGIBLE,native_rank,S,R4,43,43,0,4,0.09302325581395349
RANK_PASS_EXECUTION_ELIGIBLE,native_rank,S,R5,43,43,0,3,0.06976744186046512
RANK_PASS_EXECUTION_ELIGIBLE,native_rank,S,R6,43,43,0,2,0.046511627906976744
RANK_PASS_EXECUTION_ELIGIBLE,native_rank,S,R7,43,43,0,2,0.046511627906976744
RANK_PASS_EXECUTION_ELIGIBLE,native_rank,S,R8,43,43,0,1,0.023255813953488372
RANK_PASS_EXECUTION_ELIGIBLE,native_rank,S,R9,43,43,0,1,0.023255813953488372
RANK_PASS_EXECUTION_ELIGIBLE,native_rank,S,R10,43,43,0,1,0.023255813953488372
RANK_PASS_EXECUTION_ELIGIBLE,native_rank,S,R11,43,43,0,0,0.0
RANK_PASS_EXECUTION_ELIGIBLE,native_rank,S,R12,43,43,0,0,0.0
RANK_PASS_EXECUTION_ELIGIBLE,native_rank,S,R13,43,43,0,0,0.0
RANK_PASS_EXECUTION_ELIGIBLE,native_rank,S,R14,43,43,0,0,0.0
RANK_PASS_EXECUTION_ELIGIBLE,native_rank,S,R15,43,43,0,0,0.0
RANK_PASS_EXECUTION_ELIGIBLE,native_rank,S,R16,43,43,0,0,0.0
RANK_PASS_EXECUTION_ELIGIBLE,native_rank,S,R17,43,43,0,0,0.0
RANK_PASS_EXECUTION_ELIGIBLE,native_rank,S,R18,43,43,0,0,0.0
RANK_PASS_EXECUTION_ELIGIBLE,native_rank,S,R19,43,43,0,0,0.0
RANK_PASS_EXECUTION_ELIGIBLE,native_rank,S,R20,43,43,0,0,0.0
RANK_PASS_EXECUTION_ELIGIBLE,native_rank,S,R21,43,43,0,0,0.0
RANK_PASS_EXECUTION_ELIGIBLE,native_rank,S,R22,43,43,0,0,0.0
RANK_PASS_EXECUTION_ELIGIBLE,native_rank,S,R23,43,43,0,0,0.0
RANK_PASS_EXECUTION_ELIGIBLE,native_rank,S,R24,43,43,0,0,0.0
RANK_PASS_EXECUTION_ELIGIBLE,native_rank,S,R25,43,43,0,0,0.0
RANK_PASS_EXECUTION_ELIGIBLE,native_rank,S,R26,43,43,0,0,0.0
RANK_PASS_EXECUTION_ELIGIBLE,native_rank,S,R27,43,43,0,0,0.0
RANK_PASS_EXECUTION_ELIGIBLE,native_rank,S,R28,43,43,0,0,0.0
RANK_PASS_EXECUTION_ELIGIBLE,native_rank,S,R29,43,43,0,0,0.0
RANK_PASS_EXECUTION_ELIGIBLE,native_rank,S,R30,43,43,0,0,0.0
RANK_PASS_EXECUTION_ELIGIBLE,native_rank,S,R31,43,43,0,0,0.0
RANK_PASS_EXECUTION_ELIGIBLE,native_rank,S,R32,43,43,0,0,0.0
RANK_PASS_EXECUTION_ELIGIBLE,native_rank,S,R33,43,43,0,0,0.0
RANK_PASS_EXECUTION_ELIGIBLE,native_rank,S,R34,43,43,0,0,0.0
RANK_PASS_EXECUTION_ELIGIBLE,native_rank,S,R35,43,43,0,0,0.0
RANK_PASS_EXECUTION_ELIGIBLE,native_rank,S,R36,43,43,0,0,0.0
RANK_PASS_EXECUTION_ELIGIBLE,native_rank,S,R37,43,43,0,0,0.0
RANK_PASS_EXECUTION_ELIGIBLE,native_rank,S,RN1,43,43,0,16,0.37209302325581395
RANK_PASS_EXECUTION_ELIGIBLE,native_rank,S,RN2,43,43,0,11,0.2558139534883721
RANK_PASS_EXECUTION_ELIGIBLE,native_rank,S,RN3,43,43,0,8,0.18604651162790697
RANK_PASS_EXECUTION_ELIGIBLE,native_rank,S,RN4,43,43,0,5,0.11627906976744186
RANK_PASS_EXECUTION_ELIGIBLE,native_rank,S,RN5,43,43,0,4,0.09302325581395349
RANK_PASS_EXECUTION_ELIGIBLE,native_rank,S,RN6,43,43,0,4,0.09302325581395349
RANK_PASS_EXECUTION_ELIGIBLE,native_rank,S,RN7,43,43,0,3,0.06976744186046512
RANK_PASS_EXECUTION_ELIGIBLE,native_rank,S,RN8,43,43,0,3,0.06976744186046512
RANK_PASS_EXECUTION_ELIGIBLE,native_rank,S,RN9,43,43,0,3,0.06976744186046512
RANK_PASS_EXECUTION_ELIGIBLE,native_rank,S,RN10,43,43,0,3,0.06976744186046512
RANK_PASS_EXECUTION_ELIGIBLE,native_rank,S,RN11,43,43,0,2,0.046511627906976744
RANK_PASS_EXECUTION_ELIGIBLE,native_rank,S,RN12,43,43,0,2,0.046511627906976744
RANK_PASS_EXECUTION_ELIGIBLE,native_rank,S,RN13,43,43,0,2,0.046511627906976744
RANK_PASS_EXECUTION_ELIGIBLE,native_rank,S,RN14,43,43,0,2,0.046511627906976744
RANK_PASS_EXECUTION_ELIGIBLE,native_rank,S,RN15,43,43,0,1,0.023255813953488372
RANK_PASS_EXECUTION_ELIGIBLE,native_rank,S,RN16,43,43,0,0,0.0
RANK_PASS_EXECUTION_ELIGIBLE,native_rank,S,RN17,43,43,0,0,0.0
RANK_PASS_EXECUTION_ELIGIBLE,pP_native_band,P_BASE,R1,216,215,1,51,0.2372093023255814
RANK_PASS_EXECUTION_ELIGIBLE,pP_native_band,P_BASE,R2,216,215,1,37,0.17209302325581396
RANK_PASS_EXECUTION_ELIGIBLE,pP_native_band,P_BASE,R3,216,215,1,27,0.12558139534883722
RANK_PASS_EXECUTION_ELIGIBLE,pP_native_band,P_BASE,R4,216,215,1,17,0.07906976744186046
RANK_PASS_EXECUTION_ELIGIBLE,pP_native_band,P_BASE,R5,216,215,1,16,0.07441860465116279
RANK_PASS_EXECUTION_ELIGIBLE,pP_native_band,P_BASE,R6,216,215,1,13,0.06046511627906977
RANK_PASS_EXECUTION_ELIGIBLE,pP_native_band,P_BASE,R7,216,215,1,11,0.05116279069767442
RANK_PASS_EXECUTION_ELIGIBLE,pP_native_band,P_BASE,R8,216,215,1,10,0.046511627906976744
RANK_PASS_EXECUTION_ELIGIBLE,pP_native_band,P_BASE,R9,216,215,1,7,0.03255813953488372
RANK_PASS_EXECUTION_ELIGIBLE,pP_native_band,P_BASE,R10,216,215,1,7,0.03255813953488372
RANK_PASS_EXECUTION_ELIGIBLE,pP_native_band,P_BASE,R11,216,215,1,6,0.027906976744186046
RANK_PASS_EXECUTION_ELIGIBLE,pP_native_band,P_BASE,R12,216,215,1,6,0.027906976744186046
RANK_PASS_EXECUTION_ELIGIBLE,pP_native_band,P_BASE,R13,216,215,1,6,0.027906976744186046
RANK_PASS_EXECUTION_ELIGIBLE,pP_native_band,P_BASE,R14,216,215,1,5,0.023255813953488372
RANK_PASS_EXECUTION_ELIGIBLE,pP_native_band,P_BASE,R15,216,215,1,3,0.013953488372093023
RANK_PASS_EXECUTION_ELIGIBLE,pP_native_band,P_BASE,R16,216,215,1,2,0.009302325581395349
RANK_PASS_EXECUTION_ELIGIBLE,pP_native_band,P_BASE,R17,216,215,1,2,0.009302325581395349
RANK_PASS_EXECUTION_ELIGIBLE,pP_native_band,P_BASE,R18,216,215,1,2,0.009302325581395349
RANK_PASS_EXECUTION_ELIGIBLE,pP_native_band,P_BASE,R19,216,215,1,2,0.009302325581395349
RANK_PASS_EXECUTION_ELIGIBLE,pP_native_band,P_BASE,R20,216,215,1,2,0.009302325581395349
RANK_PASS_EXECUTION_ELIGIBLE,pP_native_band,P_BASE,R21,216,215,1,2,0.009302325581395349
RANK_PASS_EXECUTION_ELIGIBLE,pP_native_band,P_BASE,R22,216,215,1,2,0.009302325581395349
RANK_PASS_EXECUTION_ELIGIBLE,pP_native_band,P_BASE,R23,216,215,1,2,0.009302325581395349
RANK_PASS_EXECUTION_ELIGIBLE,pP_native_band,P_BASE,R24,216,215,1,1,0.004651162790697674
RANK_PASS_EXECUTION_ELIGIBLE,pP_native_band,P_BASE,R25,216,215,1,1,0.004651162790697674
RANK_PASS_EXECUTION_ELIGIBLE,pP_native_band,P_BASE,R26,216,215,1,1,0.004651162790697674
RANK_PASS_EXECUTION_ELIGIBLE,pP_native_band,P_BASE,R27,216,215,1,1,0.004651162790697674
RANK_PASS_EXECUTION_ELIGIBLE,pP_native_band,P_BASE,R28,216,215,1,1,0.004651162790697674
RANK_PASS_EXECUTION_ELIGIBLE,pP_native_band,P_BASE,R29,216,215,1,1,0.004651162790697674
RANK_PASS_EXECUTION_ELIGIBLE,pP_native_band,P_BASE,R30,216,215,1,1,0.004651162790697674
RANK_PASS_EXECUTION_ELIGIBLE,pP_native_band,P_BASE,R31,216,215,1,1,0.004651162790697674
RANK_PASS_EXECUTION_ELIGIBLE,pP_native_band,P_BASE,R32,216,215,1,1,0.004651162790697674
RANK_PASS_EXECUTION_ELIGIBLE,pP_native_band,P_BASE,R33,216,215,1,1,0.004651162790697674
RANK_PASS_EXECUTION_ELIGIBLE,pP_native_band,P_BASE,R34,216,215,1,1,0.004651162790697674
RANK_PASS_EXECUTION_ELIGIBLE,pP_native_band,P_BASE,R35,216,215,1,1,0.004651162790697674
RANK_PASS_EXECUTION_ELIGIBLE,pP_native_band,P_BASE,R36,216,215,1,1,0.004651162790697674
RANK_PASS_EXECUTION_ELIGIBLE,pP_native_band,P_BASE,R37,216,215,1,1,0.004651162790697674
RANK_PASS_EXECUTION_ELIGIBLE,pP_native_band,P_BASE,RN1,216,215,1,78,0.3627906976744186
RANK_PASS_EXECUTION_ELIGIBLE,pP_native_band,P_BASE,RN2,216,215,1,52,0.24186046511627907
RANK_PASS_EXECUTION_ELIGIBLE,pP_native_band,P_BASE,RN3,216,215,1,29,0.13488372093023257
RANK_PASS_EXECUTION_ELIGIBLE,pP_native_band,P_BASE,RN4,216,215,1,17,0.07906976744186046
RANK_PASS_EXECUTION_ELIGIBLE,pP_native_band,P_BASE,RN5,216,215,1,11,0.05116279069767442
RANK_PASS_EXECUTION_ELIGIBLE,pP_native_band,P_BASE,RN6,216,215,1,7,0.03255813953488372
RANK_PASS_EXECUTION_ELIGIBLE,pP_native_band,P_BASE,RN7,216,215,1,3,0.013953488372093023
RANK_PASS_EXECUTION_ELIGIBLE,pP_native_band,P_BASE,RN8,216,215,1,2,0.009302325581395349
RANK_PASS_EXECUTION_ELIGIBLE,pP_native_band,P_BASE,RN9,216,215,1,2,0.009302325581395349
RANK_PASS_EXECUTION_ELIGIBLE,pP_native_band,P_BASE,RN10,216,215,1,0,0.0
RANK_PASS_EXECUTION_ELIGIBLE,pP_native_band,P_BASE,RN11,216,215,1,0,0.0
RANK_PASS_EXECUTION_ELIGIBLE,pP_native_band,P_BASE,RN12,216,215,1,0,0.0
RANK_PASS_EXECUTION_ELIGIBLE,pP_native_band,P_BASE,RN13,216,215,1,0,0.0
RANK_PASS_EXECUTION_ELIGIBLE,pP_native_band,P_BASE,RN14,216,215,1,0,0.0
RANK_PASS_EXECUTION_ELIGIBLE,pP_native_band,P_BASE,RN15,216,215,1,0,0.0
RANK_PASS_EXECUTION_ELIGIBLE,pP_native_band,P_BASE,RN16,216,215,1,0,0.0
RANK_PASS_EXECUTION_ELIGIBLE,pP_native_band,P_BASE,RN17,216,215,1,0,0.0
RANK_PASS_EXECUTION_ELIGIBLE,pP_native_band,P_BELOW,R1,104,103,1,30,0.2912621359223301
RANK_PASS_EXECUTION_ELIGIBLE,pP_native_band,P_BELOW,R2,104,103,1,16,0.1553398058252427
RANK_PASS_EXECUTION_ELIGIBLE,pP_native_band,P_BELOW,R3,104,103,1,9,0.08737864077669903
RANK_PASS_EXECUTION_ELIGIBLE,pP_native_band,P_BELOW,R4,104,103,1,3,0.02912621359223301
RANK_PASS_EXECUTION_ELIGIBLE,pP_native_band,P_BELOW,R5,104,103,1,1,0.009708737864077669
RANK_PASS_EXECUTION_ELIGIBLE,pP_native_band,P_BELOW,R6,104,103,1,0,0.0
RANK_PASS_EXECUTION_ELIGIBLE,pP_native_band,P_BELOW,R7,104,103,1,0,0.0
RANK_PASS_EXECUTION_ELIGIBLE,pP_native_band,P_BELOW,R8,104,103,1,0,0.0
RANK_PASS_EXECUTION_ELIGIBLE,pP_native_band,P_BELOW,R9,104,103,1,0,0.0
RANK_PASS_EXECUTION_ELIGIBLE,pP_native_band,P_BELOW,R10,104,103,1,0,0.0
RANK_PASS_EXECUTION_ELIGIBLE,pP_native_band,P_BELOW,R11,104,103,1,0,0.0
RANK_PASS_EXECUTION_ELIGIBLE,pP_native_band,P_BELOW,R12,104,103,1,0,0.0
RANK_PASS_EXECUTION_ELIGIBLE,pP_native_band,P_BELOW,R13,104,103,1,0,0.0
RANK_PASS_EXECUTION_ELIGIBLE,pP_native_band,P_BELOW,R14,104,103,1,0,0.0
RANK_PASS_EXECUTION_ELIGIBLE,pP_native_band,P_BELOW,R15,104,103,1,0,0.0
RANK_PASS_EXECUTION_ELIGIBLE,pP_native_band,P_BELOW,R16,104,103,1,0,0.0
RANK_PASS_EXECUTION_ELIGIBLE,pP_native_band,P_BELOW,R17,104,103,1,0,0.0
RANK_PASS_EXECUTION_ELIGIBLE,pP_native_band,P_BELOW,R18,104,103,1,0,0.0
RANK_PASS_EXECUTION_ELIGIBLE,pP_native_band,P_BELOW,R19,104,103,1,0,0.0
RANK_PASS_EXECUTION_ELIGIBLE,pP_native_band,P_BELOW,R20,104,103,1,0,0.0
RANK_PASS_EXECUTION_ELIGIBLE,pP_native_band,P_BELOW,R21,104,103,1,0,0.0
RANK_PASS_EXECUTION_ELIGIBLE,pP_native_band,P_BELOW,R22,104,103,1,0,0.0
RANK_PASS_EXECUTION_ELIGIBLE,pP_native_band,P_BELOW,R23,104,103,1,0,0.0
RANK_PASS_EXECUTION_ELIGIBLE,pP_native_band,P_BELOW,R24,104,103,1,0,0.0
RANK_PASS_EXECUTION_ELIGIBLE,pP_native_band,P_BELOW,R25,104,103,1,0,0.0
RANK_PASS_EXECUTION_ELIGIBLE,pP_native_band,P_BELOW,R26,104,103,1,0,0.0
RANK_PASS_EXECUTION_ELIGIBLE,pP_native_band,P_BELOW,R27,104,103,1,0,0.0
RANK_PASS_EXECUTION_ELIGIBLE,pP_native_band,P_BELOW,R28,104,103,1,0,0.0
RANK_PASS_EXECUTION_ELIGIBLE,pP_native_band,P_BELOW,R29,104,103,1,0,0.0
RANK_PASS_EXECUTION_ELIGIBLE,pP_native_band,P_BELOW,R30,104,103,1,0,0.0
RANK_PASS_EXECUTION_ELIGIBLE,pP_native_band,P_BELOW,R31,104,103,1,0,0.0
RANK_PASS_EXECUTION_ELIGIBLE,pP_native_band,P_BELOW,R32,104,103,1,0,0.0
RANK_PASS_EXECUTION_ELIGIBLE,pP_native_band,P_BELOW,R33,104,103,1,0,0.0
RANK_PASS_EXECUTION_ELIGIBLE,pP_native_band,P_BELOW,R34,104,103,1,0,0.0
RANK_PASS_EXECUTION_ELIGIBLE,pP_native_band,P_BELOW,R35,104,103,1,0,0.0
RANK_PASS_EXECUTION_ELIGIBLE,pP_native_band,P_BELOW,R36,104,103,1,0,0.0
RANK_PASS_EXECUTION_ELIGIBLE,pP_native_band,P_BELOW,R37,104,103,1,0,0.0
RANK_PASS_EXECUTION_ELIGIBLE,pP_native_band,P_BELOW,RN1,104,103,1,21,0.20388349514563106
RANK_PASS_EXECUTION_ELIGIBLE,pP_native_band,P_BELOW,RN2,104,103,1,10,0.0970873786407767
RANK_PASS_EXECUTION_ELIGIBLE,pP_native_band,P_BELOW,RN3,104,103,1,5,0.04854368932038835
RANK_PASS_EXECUTION_ELIGIBLE,pP_native_band,P_BELOW,RN4,104,103,1,3,0.02912621359223301
RANK_PASS_EXECUTION_ELIGIBLE,pP_native_band,P_BELOW,RN5,104,103,1,2,0.019417475728155338
RANK_PASS_EXECUTION_ELIGIBLE,pP_native_band,P_BELOW,RN6,104,103,1,2,0.019417475728155338
RANK_PASS_EXECUTION_ELIGIBLE,pP_native_band,P_BELOW,RN7,104,103,1,1,0.009708737864077669
RANK_PASS_EXECUTION_ELIGIBLE,pP_native_band,P_BELOW,RN8,104,103,1,0,0.0
RANK_PASS_EXECUTION_ELIGIBLE,pP_native_band,P_BELOW,RN9,104,103,1,0,0.0
RANK_PASS_EXECUTION_ELIGIBLE,pP_native_band,P_BELOW,RN10,104,103,1,0,0.0
RANK_PASS_EXECUTION_ELIGIBLE,pP_native_band,P_BELOW,RN11,104,103,1,0,0.0
RANK_PASS_EXECUTION_ELIGIBLE,pP_native_band,P_BELOW,RN12,104,103,1,0,0.0
RANK_PASS_EXECUTION_ELIGIBLE,pP_native_band,P_BELOW,RN13,104,103,1,0,0.0
RANK_PASS_EXECUTION_ELIGIBLE,pP_native_band,P_BELOW,RN14,104,103,1,0,0.0
RANK_PASS_EXECUTION_ELIGIBLE,pP_native_band,P_BELOW,RN15,104,103,1,0,0.0
RANK_PASS_EXECUTION_ELIGIBLE,pP_native_band,P_BELOW,RN16,104,103,1,0,0.0
RANK_PASS_EXECUTION_ELIGIBLE,pP_native_band,P_BELOW,RN17,104,103,1,0,0.0
RANK_PASS_EXECUTION_ELIGIBLE,pP_native_band,P_HIGH,R1,46,46,0,16,0.34782608695652173
RANK_PASS_EXECUTION_ELIGIBLE,pP_native_band,P_HIGH,R2,46,46,0,7,0.15217391304347827
RANK_PASS_EXECUTION_ELIGIBLE,pP_native_band,P_HIGH,R3,46,46,0,4,0.08695652173913043
RANK_PASS_EXECUTION_ELIGIBLE,pP_native_band,P_HIGH,R4,46,46,0,4,0.08695652173913043
RANK_PASS_EXECUTION_ELIGIBLE,pP_native_band,P_HIGH,R5,46,46,0,4,0.08695652173913043
RANK_PASS_EXECUTION_ELIGIBLE,pP_native_band,P_HIGH,R6,46,46,0,3,0.06521739130434782
RANK_PASS_EXECUTION_ELIGIBLE,pP_native_band,P_HIGH,R7,46,46,0,3,0.06521739130434782
RANK_PASS_EXECUTION_ELIGIBLE,pP_native_band,P_HIGH,R8,46,46,0,3,0.06521739130434782
RANK_PASS_EXECUTION_ELIGIBLE,pP_native_band,P_HIGH,R9,46,46,0,3,0.06521739130434782
RANK_PASS_EXECUTION_ELIGIBLE,pP_native_band,P_HIGH,R10,46,46,0,3,0.06521739130434782
RANK_PASS_EXECUTION_ELIGIBLE,pP_native_band,P_HIGH,R11,46,46,0,2,0.043478260869565216
RANK_PASS_EXECUTION_ELIGIBLE,pP_native_band,P_HIGH,R12,46,46,0,2,0.043478260869565216
RANK_PASS_EXECUTION_ELIGIBLE,pP_native_band,P_HIGH,R13,46,46,0,1,0.021739130434782608
RANK_PASS_EXECUTION_ELIGIBLE,pP_native_band,P_HIGH,R14,46,46,0,1,0.021739130434782608
RANK_PASS_EXECUTION_ELIGIBLE,pP_native_band,P_HIGH,R15,46,46,0,0,0.0
RANK_PASS_EXECUTION_ELIGIBLE,pP_native_band,P_HIGH,R16,46,46,0,0,0.0
RANK_PASS_EXECUTION_ELIGIBLE,pP_native_band,P_HIGH,R17,46,46,0,0,0.0
RANK_PASS_EXECUTION_ELIGIBLE,pP_native_band,P_HIGH,R18,46,46,0,0,0.0
RANK_PASS_EXECUTION_ELIGIBLE,pP_native_band,P_HIGH,R19,46,46,0,0,0.0
RANK_PASS_EXECUTION_ELIGIBLE,pP_native_band,P_HIGH,R20,46,46,0,0,0.0
RANK_PASS_EXECUTION_ELIGIBLE,pP_native_band,P_HIGH,R21,46,46,0,0,0.0
RANK_PASS_EXECUTION_ELIGIBLE,pP_native_band,P_HIGH,R22,46,46,0,0,0.0
RANK_PASS_EXECUTION_ELIGIBLE,pP_native_band,P_HIGH,R23,46,46,0,0,0.0
RANK_PASS_EXECUTION_ELIGIBLE,pP_native_band,P_HIGH,R24,46,46,0,0,0.0
RANK_PASS_EXECUTION_ELIGIBLE,pP_native_band,P_HIGH,R25,46,46,0,0,0.0
RANK_PASS_EXECUTION_ELIGIBLE,pP_native_band,P_HIGH,R26,46,46,0,0,0.0
RANK_PASS_EXECUTION_ELIGIBLE,pP_native_band,P_HIGH,R27,46,46,0,0,0.0
RANK_PASS_EXECUTION_ELIGIBLE,pP_native_band,P_HIGH,R28,46,46,0,0,0.0
RANK_PASS_EXECUTION_ELIGIBLE,pP_native_band,P_HIGH,R29,46,46,0,0,0.0
RANK_PASS_EXECUTION_ELIGIBLE,pP_native_band,P_HIGH,R30,46,46,0,0,0.0
RANK_PASS_EXECUTION_ELIGIBLE,pP_native_band,P_HIGH,R31,46,46,0,0,0.0
RANK_PASS_EXECUTION_ELIGIBLE,pP_native_band,P_HIGH,R32,46,46,0,0,0.0
RANK_PASS_EXECUTION_ELIGIBLE,pP_native_band,P_HIGH,R33,46,46,0,0,0.0
RANK_PASS_EXECUTION_ELIGIBLE,pP_native_band,P_HIGH,R34,46,46,0,0,0.0
RANK_PASS_EXECUTION_ELIGIBLE,pP_native_band,P_HIGH,R35,46,46,0,0,0.0
RANK_PASS_EXECUTION_ELIGIBLE,pP_native_band,P_HIGH,R36,46,46,0,0,0.0
RANK_PASS_EXECUTION_ELIGIBLE,pP_native_band,P_HIGH,R37,46,46,0,0,0.0
RANK_PASS_EXECUTION_ELIGIBLE,pP_native_band,P_HIGH,RN1,46,46,0,20,0.43478260869565216
RANK_PASS_EXECUTION_ELIGIBLE,pP_native_band,P_HIGH,RN2,46,46,0,16,0.34782608695652173
RANK_PASS_EXECUTION_ELIGIBLE,pP_native_band,P_HIGH,RN3,46,46,0,12,0.2608695652173913
RANK_PASS_EXECUTION_ELIGIBLE,pP_native_band,P_HIGH,RN4,46,46,0,11,0.2391304347826087
RANK_PASS_EXECUTION_ELIGIBLE,pP_native_band,P_HIGH,RN5,46,46,0,7,0.15217391304347827
RANK_PASS_EXECUTION_ELIGIBLE,pP_native_band,P_HIGH,RN6,46,46,0,7,0.15217391304347827
RANK_PASS_EXECUTION_ELIGIBLE,pP_native_band,P_HIGH,RN7,46,46,0,5,0.10869565217391304
RANK_PASS_EXECUTION_ELIGIBLE,pP_native_band,P_HIGH,RN8,46,46,0,4,0.08695652173913043
RANK_PASS_EXECUTION_ELIGIBLE,pP_native_band,P_HIGH,RN9,46,46,0,3,0.06521739130434782
RANK_PASS_EXECUTION_ELIGIBLE,pP_native_band,P_HIGH,RN10,46,46,0,3,0.06521739130434782
RANK_PASS_EXECUTION_ELIGIBLE,pP_native_band,P_HIGH,RN11,46,46,0,3,0.06521739130434782
RANK_PASS_EXECUTION_ELIGIBLE,pP_native_band,P_HIGH,RN12,46,46,0,3,0.06521739130434782
RANK_PASS_EXECUTION_ELIGIBLE,pP_native_band,P_HIGH,RN13,46,46,0,3,0.06521739130434782
RANK_PASS_EXECUTION_ELIGIBLE,pP_native_band,P_HIGH,RN14,46,46,0,3,0.06521739130434782
RANK_PASS_EXECUTION_ELIGIBLE,pP_native_band,P_HIGH,RN15,46,46,0,2,0.043478260869565216
RANK_PASS_EXECUTION_ELIGIBLE,pP_native_band,P_HIGH,RN16,46,46,0,1,0.021739130434782608
RANK_PASS_EXECUTION_ELIGIBLE,pP_native_band,P_HIGH,RN17,46,46,0,0,0.0
RANK_PASS_EXECUTION_ELIGIBLE,pP_native_band,P_MID,R1,128,128,0,39,0.3046875
RANK_PASS_EXECUTION_ELIGIBLE,pP_native_band,P_MID,R2,128,128,0,25,0.1953125
RANK_PASS_EXECUTION_ELIGIBLE,pP_native_band,P_MID,R3,128,128,0,18,0.140625
RANK_PASS_EXECUTION_ELIGIBLE,pP_native_band,P_MID,R4,128,128,0,15,0.1171875
RANK_PASS_EXECUTION_ELIGIBLE,pP_native_band,P_MID,R5,128,128,0,13,0.1015625
RANK_PASS_EXECUTION_ELIGIBLE,pP_native_band,P_MID,R6,128,128,0,8,0.0625
RANK_PASS_EXECUTION_ELIGIBLE,pP_native_band,P_MID,R7,128,128,0,8,0.0625
RANK_PASS_EXECUTION_ELIGIBLE,pP_native_band,P_MID,R8,128,128,0,7,0.0546875
RANK_PASS_EXECUTION_ELIGIBLE,pP_native_band,P_MID,R9,128,128,0,6,0.046875
RANK_PASS_EXECUTION_ELIGIBLE,pP_native_band,P_MID,R10,128,128,0,6,0.046875
RANK_PASS_EXECUTION_ELIGIBLE,pP_native_band,P_MID,R11,128,128,0,6,0.046875
RANK_PASS_EXECUTION_ELIGIBLE,pP_native_band,P_MID,R12,128,128,0,6,0.046875
RANK_PASS_EXECUTION_ELIGIBLE,pP_native_band,P_MID,R13,128,128,0,6,0.046875
RANK_PASS_EXECUTION_ELIGIBLE,pP_native_band,P_MID,R14,128,128,0,6,0.046875
RANK_PASS_EXECUTION_ELIGIBLE,pP_native_band,P_MID,R15,128,128,0,6,0.046875
RANK_PASS_EXECUTION_ELIGIBLE,pP_native_band,P_MID,R16,128,128,0,5,0.0390625
RANK_PASS_EXECUTION_ELIGIBLE,pP_native_band,P_MID,R17,128,128,0,5,0.0390625
RANK_PASS_EXECUTION_ELIGIBLE,pP_native_band,P_MID,R18,128,128,0,5,0.0390625
RANK_PASS_EXECUTION_ELIGIBLE,pP_native_band,P_MID,R19,128,128,0,3,0.0234375
RANK_PASS_EXECUTION_ELIGIBLE,pP_native_band,P_MID,R20,128,128,0,3,0.0234375
RANK_PASS_EXECUTION_ELIGIBLE,pP_native_band,P_MID,R21,128,128,0,3,0.0234375
RANK_PASS_EXECUTION_ELIGIBLE,pP_native_band,P_MID,R22,128,128,0,3,0.0234375
RANK_PASS_EXECUTION_ELIGIBLE,pP_native_band,P_MID,R23,128,128,0,3,0.0234375
RANK_PASS_EXECUTION_ELIGIBLE,pP_native_band,P_MID,R24,128,128,0,2,0.015625
RANK_PASS_EXECUTION_ELIGIBLE,pP_native_band,P_MID,R25,128,128,0,2,0.015625
RANK_PASS_EXECUTION_ELIGIBLE,pP_native_band,P_MID,R26,128,128,0,2,0.015625
RANK_PASS_EXECUTION_ELIGIBLE,pP_native_band,P_MID,R27,128,128,0,1,0.0078125
RANK_PASS_EXECUTION_ELIGIBLE,pP_native_band,P_MID,R28,128,128,0,1,0.0078125
RANK_PASS_EXECUTION_ELIGIBLE,pP_native_band,P_MID,R29,128,128,0,0,0.0
RANK_PASS_EXECUTION_ELIGIBLE,pP_native_band,P_MID,R30,128,128,0,0,0.0
RANK_PASS_EXECUTION_ELIGIBLE,pP_native_band,P_MID,R31,128,128,0,0,0.0
RANK_PASS_EXECUTION_ELIGIBLE,pP_native_band,P_MID,R32,128,128,0,0,0.0
RANK_PASS_EXECUTION_ELIGIBLE,pP_native_band,P_MID,R33,128,128,0,0,0.0
RANK_PASS_EXECUTION_ELIGIBLE,pP_native_band,P_MID,R34,128,128,0,0,0.0
RANK_PASS_EXECUTION_ELIGIBLE,pP_native_band,P_MID,R35,128,128,0,0,0.0
RANK_PASS_EXECUTION_ELIGIBLE,pP_native_band,P_MID,R36,128,128,0,0,0.0
RANK_PASS_EXECUTION_ELIGIBLE,pP_native_band,P_MID,R37,128,128,0,0,0.0
RANK_PASS_EXECUTION_ELIGIBLE,pP_native_band,P_MID,RN1,128,128,0,44,0.34375
RANK_PASS_EXECUTION_ELIGIBLE,pP_native_band,P_MID,RN2,128,128,0,25,0.1953125
RANK_PASS_EXECUTION_ELIGIBLE,pP_native_band,P_MID,RN3,128,128,0,20,0.15625
RANK_PASS_EXECUTION_ELIGIBLE,pP_native_band,P_MID,RN4,128,128,0,13,0.1015625
RANK_PASS_EXECUTION_ELIGIBLE,pP_native_band,P_MID,RN5,128,128,0,10,0.078125
RANK_PASS_EXECUTION_ELIGIBLE,pP_native_band,P_MID,RN6,128,128,0,8,0.0625
RANK_PASS_EXECUTION_ELIGIBLE,pP_native_band,P_MID,RN7,128,128,0,6,0.046875
RANK_PASS_EXECUTION_ELIGIBLE,pP_native_band,P_MID,RN8,128,128,0,5,0.0390625
RANK_PASS_EXECUTION_ELIGIBLE,pP_native_band,P_MID,RN9,128,128,0,4,0.03125
RANK_PASS_EXECUTION_ELIGIBLE,pP_native_band,P_MID,RN10,128,128,0,4,0.03125
RANK_PASS_EXECUTION_ELIGIBLE,pP_native_band,P_MID,RN11,128,128,0,2,0.015625
RANK_PASS_EXECUTION_ELIGIBLE,pP_native_band,P_MID,RN12,128,128,0,2,0.015625
RANK_PASS_EXECUTION_ELIGIBLE,pP_native_band,P_MID,RN13,128,128,0,2,0.015625
RANK_PASS_EXECUTION_ELIGIBLE,pP_native_band,P_MID,RN14,128,128,0,1,0.0078125
RANK_PASS_EXECUTION_ELIGIBLE,pP_native_band,P_MID,RN15,128,128,0,1,0.0078125
RANK_PASS_EXECUTION_ELIGIBLE,pP_native_band,P_MID,RN16,128,128,0,1,0.0078125
RANK_PASS_EXECUTION_ELIGIBLE,pP_native_band,P_MID,RN17,128,128,0,1,0.0078125
RANK_PASS_EXECUTION_ELIGIBLE,pP_training_rank_half,HIGH,R1,402,401,1,110,0.2743142144638404
RANK_PASS_EXECUTION_ELIGIBLE,pP_training_rank_half,HIGH,R2,402,401,1,69,0.17206982543640897
RANK_PASS_EXECUTION_ELIGIBLE,pP_training_rank_half,HIGH,R3,402,401,1,49,0.12219451371571072
RANK_PASS_EXECUTION_ELIGIBLE,pP_training_rank_half,HIGH,R4,402,401,1,36,0.08977556109725686
RANK_PASS_EXECUTION_ELIGIBLE,pP_training_rank_half,HIGH,R5,402,401,1,33,0.08229426433915212
RANK_PASS_EXECUTION_ELIGIBLE,pP_training_rank_half,HIGH,R6,402,401,1,24,0.059850374064837904
RANK_PASS_EXECUTION_ELIGIBLE,pP_training_rank_half,HIGH,R7,402,401,1,22,0.05486284289276808
RANK_PASS_EXECUTION_ELIGIBLE,pP_training_rank_half,HIGH,R8,402,401,1,20,0.04987531172069826
RANK_PASS_EXECUTION_ELIGIBLE,pP_training_rank_half,HIGH,R9,402,401,1,16,0.0399002493765586
RANK_PASS_EXECUTION_ELIGIBLE,pP_training_rank_half,HIGH,R10,402,401,1,16,0.0399002493765586
RANK_PASS_EXECUTION_ELIGIBLE,pP_training_rank_half,HIGH,R11,402,401,1,14,0.034912718204488775
RANK_PASS_EXECUTION_ELIGIBLE,pP_training_rank_half,HIGH,R12,402,401,1,14,0.034912718204488775
RANK_PASS_EXECUTION_ELIGIBLE,pP_training_rank_half,HIGH,R13,402,401,1,13,0.032418952618453865
RANK_PASS_EXECUTION_ELIGIBLE,pP_training_rank_half,HIGH,R14,402,401,1,12,0.029925187032418952
RANK_PASS_EXECUTION_ELIGIBLE,pP_training_rank_half,HIGH,R15,402,401,1,9,0.022443890274314215
RANK_PASS_EXECUTION_ELIGIBLE,pP_training_rank_half,HIGH,R16,402,401,1,7,0.017456359102244388
RANK_PASS_EXECUTION_ELIGIBLE,pP_training_rank_half,HIGH,R17,402,401,1,7,0.017456359102244388
RANK_PASS_EXECUTION_ELIGIBLE,pP_training_rank_half,HIGH,R18,402,401,1,7,0.017456359102244388
RANK_PASS_EXECUTION_ELIGIBLE,pP_training_rank_half,HIGH,R19,402,401,1,5,0.012468827930174564
RANK_PASS_EXECUTION_ELIGIBLE,pP_training_rank_half,HIGH,R20,402,401,1,5,0.012468827930174564
RANK_PASS_EXECUTION_ELIGIBLE,pP_training_rank_half,HIGH,R21,402,401,1,5,0.012468827930174564
RANK_PASS_EXECUTION_ELIGIBLE,pP_training_rank_half,HIGH,R22,402,401,1,5,0.012468827930174564
RANK_PASS_EXECUTION_ELIGIBLE,pP_training_rank_half,HIGH,R23,402,401,1,5,0.012468827930174564
RANK_PASS_EXECUTION_ELIGIBLE,pP_training_rank_half,HIGH,R24,402,401,1,3,0.007481296758104738
RANK_PASS_EXECUTION_ELIGIBLE,pP_training_rank_half,HIGH,R25,402,401,1,3,0.007481296758104738
RANK_PASS_EXECUTION_ELIGIBLE,pP_training_rank_half,HIGH,R26,402,401,1,3,0.007481296758104738
RANK_PASS_EXECUTION_ELIGIBLE,pP_training_rank_half,HIGH,R27,402,401,1,2,0.004987531172069825
RANK_PASS_EXECUTION_ELIGIBLE,pP_training_rank_half,HIGH,R28,402,401,1,2,0.004987531172069825
RANK_PASS_EXECUTION_ELIGIBLE,pP_training_rank_half,HIGH,R29,402,401,1,1,0.0024937655860349127
RANK_PASS_EXECUTION_ELIGIBLE,pP_training_rank_half,HIGH,R30,402,401,1,1,0.0024937655860349127
RANK_PASS_EXECUTION_ELIGIBLE,pP_training_rank_half,HIGH,R31,402,401,1,1,0.0024937655860349127
RANK_PASS_EXECUTION_ELIGIBLE,pP_training_rank_half,HIGH,R32,402,401,1,1,0.0024937655860349127
RANK_PASS_EXECUTION_ELIGIBLE,pP_training_rank_half,HIGH,R33,402,401,1,1,0.0024937655860349127
RANK_PASS_EXECUTION_ELIGIBLE,pP_training_rank_half,HIGH,R34,402,401,1,1,0.0024937655860349127
RANK_PASS_EXECUTION_ELIGIBLE,pP_training_rank_half,HIGH,R35,402,401,1,1,0.0024937655860349127
RANK_PASS_EXECUTION_ELIGIBLE,pP_training_rank_half,HIGH,R36,402,401,1,1,0.0024937655860349127
RANK_PASS_EXECUTION_ELIGIBLE,pP_training_rank_half,HIGH,R37,402,401,1,1,0.0024937655860349127
RANK_PASS_EXECUTION_ELIGIBLE,pP_training_rank_half,HIGH,RN1,402,401,1,144,0.35910224438902744
RANK_PASS_EXECUTION_ELIGIBLE,pP_training_rank_half,HIGH,RN2,402,401,1,93,0.23192019950124687
RANK_PASS_EXECUTION_ELIGIBLE,pP_training_rank_half,HIGH,RN3,402,401,1,61,0.15211970074812967
RANK_PASS_EXECUTION_ELIGIBLE,pP_training_rank_half,HIGH,RN4,402,401,1,41,0.10224438902743142
RANK_PASS_EXECUTION_ELIGIBLE,pP_training_rank_half,HIGH,RN5,402,401,1,28,0.06982543640897755
RANK_PASS_EXECUTION_ELIGIBLE,pP_training_rank_half,HIGH,RN6,402,401,1,22,0.05486284289276808
RANK_PASS_EXECUTION_ELIGIBLE,pP_training_rank_half,HIGH,RN7,402,401,1,14,0.034912718204488775
RANK_PASS_EXECUTION_ELIGIBLE,pP_training_rank_half,HIGH,RN8,402,401,1,11,0.02743142144638404
RANK_PASS_EXECUTION_ELIGIBLE,pP_training_rank_half,HIGH,RN9,402,401,1,9,0.022443890274314215
RANK_PASS_EXECUTION_ELIGIBLE,pP_training_rank_half,HIGH,RN10,402,401,1,7,0.017456359102244388
RANK_PASS_EXECUTION_ELIGIBLE,pP_training_rank_half,HIGH,RN11,402,401,1,5,0.012468827930174564
RANK_PASS_EXECUTION_ELIGIBLE,pP_training_rank_half,HIGH,RN12,402,401,1,5,0.012468827930174564
RANK_PASS_EXECUTION_ELIGIBLE,pP_training_rank_half,HIGH,RN13,402,401,1,5,0.012468827930174564
RANK_PASS_EXECUTION_ELIGIBLE,pP_training_rank_half,HIGH,RN14,402,401,1,4,0.00997506234413965
RANK_PASS_EXECUTION_ELIGIBLE,pP_training_rank_half,HIGH,RN15,402,401,1,3,0.007481296758104738
RANK_PASS_EXECUTION_ELIGIBLE,pP_training_rank_half,HIGH,RN16,402,401,1,2,0.004987531172069825
RANK_PASS_EXECUTION_ELIGIBLE,pP_training_rank_half,HIGH,RN17,402,401,1,1,0.0024937655860349127
RANK_PASS_EXECUTION_ELIGIBLE,pP_training_rank_half,LOW,R1,92,91,1,26,0.2857142857142857
RANK_PASS_EXECUTION_ELIGIBLE,pP_training_rank_half,LOW,R2,92,91,1,16,0.17582417582417584
RANK_PASS_EXECUTION_ELIGIBLE,pP_training_rank_half,LOW,R3,92,91,1,9,0.0989010989010989
RANK_PASS_EXECUTION_ELIGIBLE,pP_training_rank_half,LOW,R4,92,91,1,3,0.03296703296703297
RANK_PASS_EXECUTION_ELIGIBLE,pP_training_rank_half,LOW,R5,92,91,1,1,0.01098901098901099
RANK_PASS_EXECUTION_ELIGIBLE,pP_training_rank_half,LOW,R6,92,91,1,0,0.0
RANK_PASS_EXECUTION_ELIGIBLE,pP_training_rank_half,LOW,R7,92,91,1,0,0.0
RANK_PASS_EXECUTION_ELIGIBLE,pP_training_rank_half,LOW,R8,92,91,1,0,0.0
RANK_PASS_EXECUTION_ELIGIBLE,pP_training_rank_half,LOW,R9,92,91,1,0,0.0
RANK_PASS_EXECUTION_ELIGIBLE,pP_training_rank_half,LOW,R10,92,91,1,0,0.0
RANK_PASS_EXECUTION_ELIGIBLE,pP_training_rank_half,LOW,R11,92,91,1,0,0.0
RANK_PASS_EXECUTION_ELIGIBLE,pP_training_rank_half,LOW,R12,92,91,1,0,0.0
RANK_PASS_EXECUTION_ELIGIBLE,pP_training_rank_half,LOW,R13,92,91,1,0,0.0
RANK_PASS_EXECUTION_ELIGIBLE,pP_training_rank_half,LOW,R14,92,91,1,0,0.0
RANK_PASS_EXECUTION_ELIGIBLE,pP_training_rank_half,LOW,R15,92,91,1,0,0.0
RANK_PASS_EXECUTION_ELIGIBLE,pP_training_rank_half,LOW,R16,92,91,1,0,0.0
RANK_PASS_EXECUTION_ELIGIBLE,pP_training_rank_half,LOW,R17,92,91,1,0,0.0
RANK_PASS_EXECUTION_ELIGIBLE,pP_training_rank_half,LOW,R18,92,91,1,0,0.0
RANK_PASS_EXECUTION_ELIGIBLE,pP_training_rank_half,LOW,R19,92,91,1,0,0.0
RANK_PASS_EXECUTION_ELIGIBLE,pP_training_rank_half,LOW,R20,92,91,1,0,0.0
RANK_PASS_EXECUTION_ELIGIBLE,pP_training_rank_half,LOW,R21,92,91,1,0,0.0
RANK_PASS_EXECUTION_ELIGIBLE,pP_training_rank_half,LOW,R22,92,91,1,0,0.0
RANK_PASS_EXECUTION_ELIGIBLE,pP_training_rank_half,LOW,R23,92,91,1,0,0.0
RANK_PASS_EXECUTION_ELIGIBLE,pP_training_rank_half,LOW,R24,92,91,1,0,0.0
RANK_PASS_EXECUTION_ELIGIBLE,pP_training_rank_half,LOW,R25,92,91,1,0,0.0
RANK_PASS_EXECUTION_ELIGIBLE,pP_training_rank_half,LOW,R26,92,91,1,0,0.0
RANK_PASS_EXECUTION_ELIGIBLE,pP_training_rank_half,LOW,R27,92,91,1,0,0.0
RANK_PASS_EXECUTION_ELIGIBLE,pP_training_rank_half,LOW,R28,92,91,1,0,0.0
RANK_PASS_EXECUTION_ELIGIBLE,pP_training_rank_half,LOW,R29,92,91,1,0,0.0
RANK_PASS_EXECUTION_ELIGIBLE,pP_training_rank_half,LOW,R30,92,91,1,0,0.0
RANK_PASS_EXECUTION_ELIGIBLE,pP_training_rank_half,LOW,R31,92,91,1,0,0.0
RANK_PASS_EXECUTION_ELIGIBLE,pP_training_rank_half,LOW,R32,92,91,1,0,0.0
RANK_PASS_EXECUTION_ELIGIBLE,pP_training_rank_half,LOW,R33,92,91,1,0,0.0
RANK_PASS_EXECUTION_ELIGIBLE,pP_training_rank_half,LOW,R34,92,91,1,0,0.0
RANK_PASS_EXECUTION_ELIGIBLE,pP_training_rank_half,LOW,R35,92,91,1,0,0.0
RANK_PASS_EXECUTION_ELIGIBLE,pP_training_rank_half,LOW,R36,92,91,1,0,0.0
RANK_PASS_EXECUTION_ELIGIBLE,pP_training_rank_half,LOW,R37,92,91,1,0,0.0
RANK_PASS_EXECUTION_ELIGIBLE,pP_training_rank_half,LOW,RN1,92,91,1,19,0.2087912087912088
RANK_PASS_EXECUTION_ELIGIBLE,pP_training_rank_half,LOW,RN2,92,91,1,10,0.10989010989010989
RANK_PASS_EXECUTION_ELIGIBLE,pP_training_rank_half,LOW,RN3,92,91,1,5,0.054945054945054944
RANK_PASS_EXECUTION_ELIGIBLE,pP_training_rank_half,LOW,RN4,92,91,1,3,0.03296703296703297
RANK_PASS_EXECUTION_ELIGIBLE,pP_training_rank_half,LOW,RN5,92,91,1,2,0.02197802197802198
RANK_PASS_EXECUTION_ELIGIBLE,pP_training_rank_half,LOW,RN6,92,91,1,2,0.02197802197802198
RANK_PASS_EXECUTION_ELIGIBLE,pP_training_rank_half,LOW,RN7,92,91,1,1,0.01098901098901099
RANK_PASS_EXECUTION_ELIGIBLE,pP_training_rank_half,LOW,RN8,92,91,1,0,0.0
RANK_PASS_EXECUTION_ELIGIBLE,pP_training_rank_half,LOW,RN9,92,91,1,0,0.0
RANK_PASS_EXECUTION_ELIGIBLE,pP_training_rank_half,LOW,RN10,92,91,1,0,0.0
RANK_PASS_EXECUTION_ELIGIBLE,pP_training_rank_half,LOW,RN11,92,91,1,0,0.0
RANK_PASS_EXECUTION_ELIGIBLE,pP_training_rank_half,LOW,RN12,92,91,1,0,0.0
RANK_PASS_EXECUTION_ELIGIBLE,pP_training_rank_half,LOW,RN13,92,91,1,0,0.0
RANK_PASS_EXECUTION_ELIGIBLE,pP_training_rank_half,LOW,RN14,92,91,1,0,0.0
RANK_PASS_EXECUTION_ELIGIBLE,pP_training_rank_half,LOW,RN15,92,91,1,0,0.0
RANK_PASS_EXECUTION_ELIGIBLE,pP_training_rank_half,LOW,RN16,92,91,1,0,0.0
RANK_PASS_EXECUTION_ELIGIBLE,pP_training_rank_half,LOW,RN17,92,91,1,0,0.0
RANK_PASS_EXECUTION_ELIGIBLE,MRET_training_rank_half,HIGH,R1,168,166,2,42,0.25301204819277107
RANK_PASS_EXECUTION_ELIGIBLE,MRET_training_rank_half,HIGH,R2,168,166,2,26,0.1566265060240964
RANK_PASS_EXECUTION_ELIGIBLE,MRET_training_rank_half,HIGH,R3,168,166,2,14,0.08433734939759036
RANK_PASS_EXECUTION_ELIGIBLE,MRET_training_rank_half,HIGH,R4,168,166,2,9,0.05421686746987952
RANK_PASS_EXECUTION_ELIGIBLE,MRET_training_rank_half,HIGH,R5,168,166,2,7,0.04216867469879518
RANK_PASS_EXECUTION_ELIGIBLE,MRET_training_rank_half,HIGH,R6,168,166,2,5,0.030120481927710843
RANK_PASS_EXECUTION_ELIGIBLE,MRET_training_rank_half,HIGH,R7,168,166,2,4,0.024096385542168676
RANK_PASS_EXECUTION_ELIGIBLE,MRET_training_rank_half,HIGH,R8,168,166,2,4,0.024096385542168676
RANK_PASS_EXECUTION_ELIGIBLE,MRET_training_rank_half,HIGH,R9,168,166,2,4,0.024096385542168676
RANK_PASS_EXECUTION_ELIGIBLE,MRET_training_rank_half,HIGH,R10,168,166,2,4,0.024096385542168676
RANK_PASS_EXECUTION_ELIGIBLE,MRET_training_rank_half,HIGH,R11,168,166,2,3,0.018072289156626505
RANK_PASS_EXECUTION_ELIGIBLE,MRET_training_rank_half,HIGH,R12,168,166,2,3,0.018072289156626505
RANK_PASS_EXECUTION_ELIGIBLE,MRET_training_rank_half,HIGH,R13,168,166,2,2,0.012048192771084338
RANK_PASS_EXECUTION_ELIGIBLE,MRET_training_rank_half,HIGH,R14,168,166,2,2,0.012048192771084338
RANK_PASS_EXECUTION_ELIGIBLE,MRET_training_rank_half,HIGH,R15,168,166,2,2,0.012048192771084338
RANK_PASS_EXECUTION_ELIGIBLE,MRET_training_rank_half,HIGH,R16,168,166,2,2,0.012048192771084338
RANK_PASS_EXECUTION_ELIGIBLE,MRET_training_rank_half,HIGH,R17,168,166,2,2,0.012048192771084338
RANK_PASS_EXECUTION_ELIGIBLE,MRET_training_rank_half,HIGH,R18,168,166,2,2,0.012048192771084338
RANK_PASS_EXECUTION_ELIGIBLE,MRET_training_rank_half,HIGH,R19,168,166,2,2,0.012048192771084338
RANK_PASS_EXECUTION_ELIGIBLE,MRET_training_rank_half,HIGH,R20,168,166,2,2,0.012048192771084338
RANK_PASS_EXECUTION_ELIGIBLE,MRET_training_rank_half,HIGH,R21,168,166,2,2,0.012048192771084338
RANK_PASS_EXECUTION_ELIGIBLE,MRET_training_rank_half,HIGH,R22,168,166,2,2,0.012048192771084338
RANK_PASS_EXECUTION_ELIGIBLE,MRET_training_rank_half,HIGH,R23,168,166,2,2,0.012048192771084338
RANK_PASS_EXECUTION_ELIGIBLE,MRET_training_rank_half,HIGH,R24,168,166,2,1,0.006024096385542169
RANK_PASS_EXECUTION_ELIGIBLE,MRET_training_rank_half,HIGH,R25,168,166,2,1,0.006024096385542169
RANK_PASS_EXECUTION_ELIGIBLE,MRET_training_rank_half,HIGH,R26,168,166,2,1,0.006024096385542169
RANK_PASS_EXECUTION_ELIGIBLE,MRET_training_rank_half,HIGH,R27,168,166,2,1,0.006024096385542169
RANK_PASS_EXECUTION_ELIGIBLE,MRET_training_rank_half,HIGH,R28,168,166,2,1,0.006024096385542169
RANK_PASS_EXECUTION_ELIGIBLE,MRET_training_rank_half,HIGH,R29,168,166,2,0,0.0
RANK_PASS_EXECUTION_ELIGIBLE,MRET_training_rank_half,HIGH,R30,168,166,2,0,0.0
RANK_PASS_EXECUTION_ELIGIBLE,MRET_training_rank_half,HIGH,R31,168,166,2,0,0.0
RANK_PASS_EXECUTION_ELIGIBLE,MRET_training_rank_half,HIGH,R32,168,166,2,0,0.0
RANK_PASS_EXECUTION_ELIGIBLE,MRET_training_rank_half,HIGH,R33,168,166,2,0,0.0
RANK_PASS_EXECUTION_ELIGIBLE,MRET_training_rank_half,HIGH,R34,168,166,2,0,0.0
RANK_PASS_EXECUTION_ELIGIBLE,MRET_training_rank_half,HIGH,R35,168,166,2,0,0.0
RANK_PASS_EXECUTION_ELIGIBLE,MRET_training_rank_half,HIGH,R36,168,166,2,0,0.0
RANK_PASS_EXECUTION_ELIGIBLE,MRET_training_rank_half,HIGH,R37,168,166,2,0,0.0
RANK_PASS_EXECUTION_ELIGIBLE,MRET_training_rank_half,HIGH,RN1,168,166,2,46,0.27710843373493976
RANK_PASS_EXECUTION_ELIGIBLE,MRET_training_rank_half,HIGH,RN2,168,166,2,29,0.1746987951807229
RANK_PASS_EXECUTION_ELIGIBLE,MRET_training_rank_half,HIGH,RN3,168,166,2,14,0.08433734939759036
RANK_PASS_EXECUTION_ELIGIBLE,MRET_training_rank_half,HIGH,RN4,168,166,2,8,0.04819277108433735
RANK_PASS_EXECUTION_ELIGIBLE,MRET_training_rank_half,HIGH,RN5,168,166,2,3,0.018072289156626505
RANK_PASS_EXECUTION_ELIGIBLE,MRET_training_rank_half,HIGH,RN6,168,166,2,2,0.012048192771084338
RANK_PASS_EXECUTION_ELIGIBLE,MRET_training_rank_half,HIGH,RN7,168,166,2,2,0.012048192771084338
RANK_PASS_EXECUTION_ELIGIBLE,MRET_training_rank_half,HIGH,RN8,168,166,2,2,0.012048192771084338
RANK_PASS_EXECUTION_ELIGIBLE,MRET_training_rank_half,HIGH,RN9,168,166,2,0,0.0
RANK_PASS_EXECUTION_ELIGIBLE,MRET_training_rank_half,HIGH,RN10,168,166,2,0,0.0
RANK_PASS_EXECUTION_ELIGIBLE,MRET_training_rank_half,HIGH,RN11,168,166,2,0,0.0
RANK_PASS_EXECUTION_ELIGIBLE,MRET_training_rank_half,HIGH,RN12,168,166,2,0,0.0
RANK_PASS_EXECUTION_ELIGIBLE,MRET_training_rank_half,HIGH,RN13,168,166,2,0,0.0
RANK_PASS_EXECUTION_ELIGIBLE,MRET_training_rank_half,HIGH,RN14,168,166,2,0,0.0
RANK_PASS_EXECUTION_ELIGIBLE,MRET_training_rank_half,HIGH,RN15,168,166,2,0,0.0
RANK_PASS_EXECUTION_ELIGIBLE,MRET_training_rank_half,HIGH,RN16,168,166,2,0,0.0
RANK_PASS_EXECUTION_ELIGIBLE,MRET_training_rank_half,HIGH,RN17,168,166,2,0,0.0
RANK_PASS_EXECUTION_ELIGIBLE,MRET_training_rank_half,LOW,R1,326,326,0,94,0.2883435582822086
RANK_PASS_EXECUTION_ELIGIBLE,MRET_training_rank_half,LOW,R2,326,326,0,59,0.18098159509202455
RANK_PASS_EXECUTION_ELIGIBLE,MRET_training_rank_half,LOW,R3,326,326,0,44,0.13496932515337423
RANK_PASS_EXECUTION_ELIGIBLE,MRET_training_rank_half,LOW,R4,326,326,0,30,0.09202453987730061
RANK_PASS_EXECUTION_ELIGIBLE,MRET_training_rank_half,LOW,R5,326,326,0,27,0.08282208588957055
RANK_PASS_EXECUTION_ELIGIBLE,MRET_training_rank_half,LOW,R6,326,326,0,19,0.05828220858895705
RANK_PASS_EXECUTION_ELIGIBLE,MRET_training_rank_half,LOW,R7,326,326,0,18,0.05521472392638037
RANK_PASS_EXECUTION_ELIGIBLE,MRET_training_rank_half,LOW,R8,326,326,0,16,0.049079754601226995
RANK_PASS_EXECUTION_ELIGIBLE,MRET_training_rank_half,LOW,R9,326,326,0,12,0.03680981595092025
RANK_PASS_EXECUTION_ELIGIBLE,MRET_training_rank_half,LOW,R10,326,326,0,12,0.03680981595092025
RANK_PASS_EXECUTION_ELIGIBLE,MRET_training_rank_half,LOW,R11,326,326,0,11,0.03374233128834356
RANK_PASS_EXECUTION_ELIGIBLE,MRET_training_rank_half,LOW,R12,326,326,0,11,0.03374233128834356
RANK_PASS_EXECUTION_ELIGIBLE,MRET_training_rank_half,LOW,R13,326,326,0,11,0.03374233128834356
RANK_PASS_EXECUTION_ELIGIBLE,MRET_training_rank_half,LOW,R14,326,326,0,10,0.03067484662576687
RANK_PASS_EXECUTION_ELIGIBLE,MRET_training_rank_half,LOW,R15,326,326,0,7,0.02147239263803681
RANK_PASS_EXECUTION_ELIGIBLE,MRET_training_rank_half,LOW,R16,326,326,0,5,0.015337423312883436
RANK_PASS_EXECUTION_ELIGIBLE,MRET_training_rank_half,LOW,R17,326,326,0,5,0.015337423312883436
RANK_PASS_EXECUTION_ELIGIBLE,MRET_training_rank_half,LOW,R18,326,326,0,5,0.015337423312883436
RANK_PASS_EXECUTION_ELIGIBLE,MRET_training_rank_half,LOW,R19,326,326,0,3,0.009202453987730062
RANK_PASS_EXECUTION_ELIGIBLE,MRET_training_rank_half,LOW,R20,326,326,0,3,0.009202453987730062
RANK_PASS_EXECUTION_ELIGIBLE,MRET_training_rank_half,LOW,R21,326,326,0,3,0.009202453987730062
RANK_PASS_EXECUTION_ELIGIBLE,MRET_training_rank_half,LOW,R22,326,326,0,3,0.009202453987730062
RANK_PASS_EXECUTION_ELIGIBLE,MRET_training_rank_half,LOW,R23,326,326,0,3,0.009202453987730062
RANK_PASS_EXECUTION_ELIGIBLE,MRET_training_rank_half,LOW,R24,326,326,0,2,0.006134969325153374
RANK_PASS_EXECUTION_ELIGIBLE,MRET_training_rank_half,LOW,R25,326,326,0,2,0.006134969325153374
RANK_PASS_EXECUTION_ELIGIBLE,MRET_training_rank_half,LOW,R26,326,326,0,2,0.006134969325153374
RANK_PASS_EXECUTION_ELIGIBLE,MRET_training_rank_half,LOW,R27,326,326,0,1,0.003067484662576687
RANK_PASS_EXECUTION_ELIGIBLE,MRET_training_rank_half,LOW,R28,326,326,0,1,0.003067484662576687
RANK_PASS_EXECUTION_ELIGIBLE,MRET_training_rank_half,LOW,R29,326,326,0,1,0.003067484662576687
RANK_PASS_EXECUTION_ELIGIBLE,MRET_training_rank_half,LOW,R30,326,326,0,1,0.003067484662576687
RANK_PASS_EXECUTION_ELIGIBLE,MRET_training_rank_half,LOW,R31,326,326,0,1,0.003067484662576687
RANK_PASS_EXECUTION_ELIGIBLE,MRET_training_rank_half,LOW,R32,326,326,0,1,0.003067484662576687
RANK_PASS_EXECUTION_ELIGIBLE,MRET_training_rank_half,LOW,R33,326,326,0,1,0.003067484662576687
RANK_PASS_EXECUTION_ELIGIBLE,MRET_training_rank_half,LOW,R34,326,326,0,1,0.003067484662576687
RANK_PASS_EXECUTION_ELIGIBLE,MRET_training_rank_half,LOW,R35,326,326,0,1,0.003067484662576687
RANK_PASS_EXECUTION_ELIGIBLE,MRET_training_rank_half,LOW,R36,326,326,0,1,0.003067484662576687
RANK_PASS_EXECUTION_ELIGIBLE,MRET_training_rank_half,LOW,R37,326,326,0,1,0.003067484662576687
RANK_PASS_EXECUTION_ELIGIBLE,MRET_training_rank_half,LOW,RN1,326,326,0,117,0.3588957055214724
RANK_PASS_EXECUTION_ELIGIBLE,MRET_training_rank_half,LOW,RN2,326,326,0,74,0.22699386503067484
RANK_PASS_EXECUTION_ELIGIBLE,MRET_training_rank_half,LOW,RN3,326,326,0,52,0.15950920245398773
RANK_PASS_EXECUTION_ELIGIBLE,MRET_training_rank_half,LOW,RN4,326,326,0,36,0.11042944785276074
RANK_PASS_EXECUTION_ELIGIBLE,MRET_training_rank_half,LOW,RN5,326,326,0,27,0.08282208588957055
RANK_PASS_EXECUTION_ELIGIBLE,MRET_training_rank_half,LOW,RN6,326,326,0,22,0.06748466257668712
RANK_PASS_EXECUTION_ELIGIBLE,MRET_training_rank_half,LOW,RN7,326,326,0,13,0.03987730061349693
RANK_PASS_EXECUTION_ELIGIBLE,MRET_training_rank_half,LOW,RN8,326,326,0,9,0.027607361963190184
RANK_PASS_EXECUTION_ELIGIBLE,MRET_training_rank_half,LOW,RN9,326,326,0,9,0.027607361963190184
RANK_PASS_EXECUTION_ELIGIBLE,MRET_training_rank_half,LOW,RN10,326,326,0,7,0.02147239263803681
RANK_PASS_EXECUTION_ELIGIBLE,MRET_training_rank_half,LOW,RN11,326,326,0,5,0.015337423312883436
RANK_PASS_EXECUTION_ELIGIBLE,MRET_training_rank_half,LOW,RN12,326,326,0,5,0.015337423312883436
RANK_PASS_EXECUTION_ELIGIBLE,MRET_training_rank_half,LOW,RN13,326,326,0,5,0.015337423312883436
RANK_PASS_EXECUTION_ELIGIBLE,MRET_training_rank_half,LOW,RN14,326,326,0,4,0.012269938650306749
RANK_PASS_EXECUTION_ELIGIBLE,MRET_training_rank_half,LOW,RN15,326,326,0,3,0.009202453987730062
RANK_PASS_EXECUTION_ELIGIBLE,MRET_training_rank_half,LOW,RN16,326,326,0,2,0.006134969325153374
RANK_PASS_EXECUTION_ELIGIBLE,MRET_training_rank_half,LOW,RN17,326,326,0,1,0.003067484662576687
V5_FUNDED,native_rank,A,R1,99,99,0,30,0.30303030303030304
V5_FUNDED,native_rank,A,R2,99,99,0,22,0.2222222222222222
V5_FUNDED,native_rank,A,R3,99,99,0,21,0.21212121212121213
V5_FUNDED,native_rank,A,R4,99,99,0,16,0.16161616161616163
V5_FUNDED,native_rank,A,R5,99,99,0,13,0.13131313131313133
V5_FUNDED,native_rank,A,R6,99,99,0,10,0.10101010101010101
V5_FUNDED,native_rank,A,R7,99,99,0,9,0.09090909090909091
V5_FUNDED,native_rank,A,R8,99,99,0,9,0.09090909090909091
V5_FUNDED,native_rank,A,R9,99,99,0,9,0.09090909090909091
V5_FUNDED,native_rank,A,R10,99,99,0,9,0.09090909090909091
V5_FUNDED,native_rank,A,R11,99,99,0,9,0.09090909090909091
V5_FUNDED,native_rank,A,R12,99,99,0,9,0.09090909090909091
V5_FUNDED,native_rank,A,R13,99,99,0,8,0.08080808080808081
V5_FUNDED,native_rank,A,R14,99,99,0,8,0.08080808080808081
V5_FUNDED,native_rank,A,R15,99,99,0,6,0.06060606060606061
V5_FUNDED,native_rank,A,R16,99,99,0,5,0.050505050505050504
V5_FUNDED,native_rank,A,R17,99,99,0,5,0.050505050505050504
V5_FUNDED,native_rank,A,R18,99,99,0,5,0.050505050505050504
V5_FUNDED,native_rank,A,R19,99,99,0,3,0.030303030303030304
V5_FUNDED,native_rank,A,R20,99,99,0,3,0.030303030303030304
V5_FUNDED,native_rank,A,R21,99,99,0,3,0.030303030303030304
V5_FUNDED,native_rank,A,R22,99,99,0,3,0.030303030303030304
V5_FUNDED,native_rank,A,R23,99,99,0,3,0.030303030303030304
V5_FUNDED,native_rank,A,R24,99,99,0,3,0.030303030303030304
V5_FUNDED,native_rank,A,R25,99,99,0,3,0.030303030303030304
V5_FUNDED,native_rank,A,R26,99,99,0,3,0.030303030303030304
V5_FUNDED,native_rank,A,R27,99,99,0,2,0.020202020202020204
V5_FUNDED,native_rank,A,R28,99,99,0,2,0.020202020202020204
V5_FUNDED,native_rank,A,R29,99,99,0,1,0.010101010101010102
V5_FUNDED,native_rank,A,R30,99,99,0,1,0.010101010101010102
V5_FUNDED,native_rank,A,R31,99,99,0,1,0.010101010101010102
V5_FUNDED,native_rank,A,R32,99,99,0,1,0.010101010101010102
V5_FUNDED,native_rank,A,R33,99,99,0,1,0.010101010101010102
V5_FUNDED,native_rank,A,R34,99,99,0,1,0.010101010101010102
V5_FUNDED,native_rank,A,R35,99,99,0,1,0.010101010101010102
V5_FUNDED,native_rank,A,R36,99,99,0,1,0.010101010101010102
V5_FUNDED,native_rank,A,R37,99,99,0,1,0.010101010101010102
V5_FUNDED,native_rank,A,RN1,99,99,0,38,0.3838383838383838
V5_FUNDED,native_rank,A,RN2,99,99,0,23,0.23232323232323232
V5_FUNDED,native_rank,A,RN3,99,99,0,12,0.12121212121212122
V5_FUNDED,native_rank,A,RN4,99,99,0,5,0.050505050505050504
V5_FUNDED,native_rank,A,RN5,99,99,0,2,0.020202020202020204
V5_FUNDED,native_rank,A,RN6,99,99,0,2,0.020202020202020204
V5_FUNDED,native_rank,A,RN7,99,99,0,2,0.020202020202020204
V5_FUNDED,native_rank,A,RN8,99,99,0,1,0.010101010101010102
V5_FUNDED,native_rank,A,RN9,99,99,0,1,0.010101010101010102
V5_FUNDED,native_rank,A,RN10,99,99,0,0,0.0
V5_FUNDED,native_rank,A,RN11,99,99,0,0,0.0
V5_FUNDED,native_rank,A,RN12,99,99,0,0,0.0
V5_FUNDED,native_rank,A,RN13,99,99,0,0,0.0
V5_FUNDED,native_rank,A,RN14,99,99,0,0,0.0
V5_FUNDED,native_rank,A,RN15,99,99,0,0,0.0
V5_FUNDED,native_rank,A,RN16,99,99,0,0,0.0
V5_FUNDED,native_rank,A,RN17,99,99,0,0,0.0
V5_FUNDED,native_rank,B,R1,22,22,0,7,0.3181818181818182
V5_FUNDED,native_rank,B,R2,22,22,0,6,0.2727272727272727
V5_FUNDED,native_rank,B,R3,22,22,0,4,0.18181818181818182
V5_FUNDED,native_rank,B,R4,22,22,0,3,0.13636363636363635
V5_FUNDED,native_rank,B,R5,22,22,0,3,0.13636363636363635
V5_FUNDED,native_rank,B,R6,22,22,0,1,0.045454545454545456
V5_FUNDED,native_rank,B,R7,22,22,0,1,0.045454545454545456
V5_FUNDED,native_rank,B,R8,22,22,0,1,0.045454545454545456
V5_FUNDED,native_rank,B,R9,22,22,0,1,0.045454545454545456
V5_FUNDED,native_rank,B,R10,22,22,0,1,0.045454545454545456
V5_FUNDED,native_rank,B,R11,22,22,0,1,0.045454545454545456
V5_FUNDED,native_rank,B,R12,22,22,0,1,0.045454545454545456
V5_FUNDED,native_rank,B,R13,22,22,0,1,0.045454545454545456
V5_FUNDED,native_rank,B,R14,22,22,0,0,0.0
V5_FUNDED,native_rank,B,R15,22,22,0,0,0.0
V5_FUNDED,native_rank,B,R16,22,22,0,0,0.0
V5_FUNDED,native_rank,B,R17,22,22,0,0,0.0
V5_FUNDED,native_rank,B,R18,22,22,0,0,0.0
V5_FUNDED,native_rank,B,R19,22,22,0,0,0.0
V5_FUNDED,native_rank,B,R20,22,22,0,0,0.0
V5_FUNDED,native_rank,B,R21,22,22,0,0,0.0
V5_FUNDED,native_rank,B,R22,22,22,0,0,0.0
V5_FUNDED,native_rank,B,R23,22,22,0,0,0.0
V5_FUNDED,native_rank,B,R24,22,22,0,0,0.0
V5_FUNDED,native_rank,B,R25,22,22,0,0,0.0
V5_FUNDED,native_rank,B,R26,22,22,0,0,0.0
V5_FUNDED,native_rank,B,R27,22,22,0,0,0.0
V5_FUNDED,native_rank,B,R28,22,22,0,0,0.0
V5_FUNDED,native_rank,B,R29,22,22,0,0,0.0
V5_FUNDED,native_rank,B,R30,22,22,0,0,0.0
V5_FUNDED,native_rank,B,R31,22,22,0,0,0.0
V5_FUNDED,native_rank,B,R32,22,22,0,0,0.0
V5_FUNDED,native_rank,B,R33,22,22,0,0,0.0
V5_FUNDED,native_rank,B,R34,22,22,0,0,0.0
V5_FUNDED,native_rank,B,R35,22,22,0,0,0.0
V5_FUNDED,native_rank,B,R36,22,22,0,0,0.0
V5_FUNDED,native_rank,B,R37,22,22,0,0,0.0
V5_FUNDED,native_rank,B,RN1,22,22,0,7,0.3181818181818182
V5_FUNDED,native_rank,B,RN2,22,22,0,3,0.13636363636363635
V5_FUNDED,native_rank,B,RN3,22,22,0,2,0.09090909090909091
V5_FUNDED,native_rank,B,RN4,22,22,0,1,0.045454545454545456
V5_FUNDED,native_rank,B,RN5,22,22,0,0,0.0
V5_FUNDED,native_rank,B,RN6,22,22,0,0,0.0
V5_FUNDED,native_rank,B,RN7,22,22,0,0,0.0
V5_FUNDED,native_rank,B,RN8,22,22,0,0,0.0
V5_FUNDED,native_rank,B,RN9,22,22,0,0,0.0
V5_FUNDED,native_rank,B,RN10,22,22,0,0,0.0
V5_FUNDED,native_rank,B,RN11,22,22,0,0,0.0
V5_FUNDED,native_rank,B,RN12,22,22,0,0,0.0
V5_FUNDED,native_rank,B,RN13,22,22,0,0,0.0
V5_FUNDED,native_rank,B,RN14,22,22,0,0,0.0
V5_FUNDED,native_rank,B,RN15,22,22,0,0,0.0
V5_FUNDED,native_rank,B,RN16,22,22,0,0,0.0
V5_FUNDED,native_rank,B,RN17,22,22,0,0,0.0
V5_FUNDED,native_rank,S,R1,29,29,0,10,0.3448275862068966
V5_FUNDED,native_rank,S,R2,29,29,0,8,0.27586206896551724
V5_FUNDED,native_rank,S,R3,29,29,0,4,0.13793103448275862
V5_FUNDED,native_rank,S,R4,29,29,0,4,0.13793103448275862
V5_FUNDED,native_rank,S,R5,29,29,0,3,0.10344827586206896
V5_FUNDED,native_rank,S,R6,29,29,0,2,0.06896551724137931
V5_FUNDED,native_rank,S,R7,29,29,0,2,0.06896551724137931
V5_FUNDED,native_rank,S,R8,29,29,0,1,0.034482758620689655
V5_FUNDED,native_rank,S,R9,29,29,0,1,0.034482758620689655
V5_FUNDED,native_rank,S,R10,29,29,0,1,0.034482758620689655
V5_FUNDED,native_rank,S,R11,29,29,0,0,0.0
V5_FUNDED,native_rank,S,R12,29,29,0,0,0.0
V5_FUNDED,native_rank,S,R13,29,29,0,0,0.0
V5_FUNDED,native_rank,S,R14,29,29,0,0,0.0
V5_FUNDED,native_rank,S,R15,29,29,0,0,0.0
V5_FUNDED,native_rank,S,R16,29,29,0,0,0.0
V5_FUNDED,native_rank,S,R17,29,29,0,0,0.0
V5_FUNDED,native_rank,S,R18,29,29,0,0,0.0
V5_FUNDED,native_rank,S,R19,29,29,0,0,0.0
V5_FUNDED,native_rank,S,R20,29,29,0,0,0.0
V5_FUNDED,native_rank,S,R21,29,29,0,0,0.0
V5_FUNDED,native_rank,S,R22,29,29,0,0,0.0
V5_FUNDED,native_rank,S,R23,29,29,0,0,0.0
V5_FUNDED,native_rank,S,R24,29,29,0,0,0.0
V5_FUNDED,native_rank,S,R25,29,29,0,0,0.0
V5_FUNDED,native_rank,S,R26,29,29,0,0,0.0
V5_FUNDED,native_rank,S,R27,29,29,0,0,0.0
V5_FUNDED,native_rank,S,R28,29,29,0,0,0.0
V5_FUNDED,native_rank,S,R29,29,29,0,0,0.0
V5_FUNDED,native_rank,S,R30,29,29,0,0,0.0
V5_FUNDED,native_rank,S,R31,29,29,0,0,0.0
V5_FUNDED,native_rank,S,R32,29,29,0,0,0.0
V5_FUNDED,native_rank,S,R33,29,29,0,0,0.0
V5_FUNDED,native_rank,S,R34,29,29,0,0,0.0
V5_FUNDED,native_rank,S,R35,29,29,0,0,0.0
V5_FUNDED,native_rank,S,R36,29,29,0,0,0.0
V5_FUNDED,native_rank,S,R37,29,29,0,0,0.0
V5_FUNDED,native_rank,S,RN1,29,29,0,8,0.27586206896551724
V5_FUNDED,native_rank,S,RN2,29,29,0,5,0.1724137931034483
V5_FUNDED,native_rank,S,RN3,29,29,0,3,0.10344827586206896
V5_FUNDED,native_rank,S,RN4,29,29,0,2,0.06896551724137931
V5_FUNDED,native_rank,S,RN5,29,29,0,2,0.06896551724137931
V5_FUNDED,native_rank,S,RN6,29,29,0,2,0.06896551724137931
V5_FUNDED,native_rank,S,RN7,29,29,0,2,0.06896551724137931
V5_FUNDED,native_rank,S,RN8,29,29,0,2,0.06896551724137931
V5_FUNDED,native_rank,S,RN9,29,29,0,2,0.06896551724137931
V5_FUNDED,native_rank,S,RN10,29,29,0,2,0.06896551724137931
V5_FUNDED,native_rank,S,RN11,29,29,0,2,0.06896551724137931
V5_FUNDED,native_rank,S,RN12,29,29,0,2,0.06896551724137931
V5_FUNDED,native_rank,S,RN13,29,29,0,2,0.06896551724137931
V5_FUNDED,native_rank,S,RN14,29,29,0,2,0.06896551724137931
V5_FUNDED,native_rank,S,RN15,29,29,0,1,0.034482758620689655
V5_FUNDED,native_rank,S,RN16,29,29,0,0,0.0
V5_FUNDED,native_rank,S,RN17,29,29,0,0,0.0
V5_FUNDED,pP_native_band,P_BASE,R1,55,55,0,14,0.2545454545454545
V5_FUNDED,pP_native_band,P_BASE,R2,55,55,0,11,0.2
V5_FUNDED,pP_native_band,P_BASE,R3,55,55,0,9,0.16363636363636364
V5_FUNDED,pP_native_band,P_BASE,R4,55,55,0,6,0.10909090909090909
V5_FUNDED,pP_native_band,P_BASE,R5,55,55,0,5,0.09090909090909091
V5_FUNDED,pP_native_band,P_BASE,R6,55,55,0,4,0.07272727272727272
V5_FUNDED,pP_native_band,P_BASE,R7,55,55,0,3,0.05454545454545454
V5_FUNDED,pP_native_band,P_BASE,R8,55,55,0,3,0.05454545454545454
V5_FUNDED,pP_native_band,P_BASE,R9,55,55,0,3,0.05454545454545454
V5_FUNDED,pP_native_band,P_BASE,R10,55,55,0,3,0.05454545454545454
V5_FUNDED,pP_native_band,P_BASE,R11,55,55,0,3,0.05454545454545454
V5_FUNDED,pP_native_band,P_BASE,R12,55,55,0,3,0.05454545454545454
V5_FUNDED,pP_native_band,P_BASE,R13,55,55,0,3,0.05454545454545454
V5_FUNDED,pP_native_band,P_BASE,R14,55,55,0,2,0.03636363636363636
V5_FUNDED,pP_native_band,P_BASE,R15,55,55,0,1,0.01818181818181818
V5_FUNDED,pP_native_band,P_BASE,R16,55,55,0,1,0.01818181818181818
V5_FUNDED,pP_native_band,P_BASE,R17,55,55,0,1,0.01818181818181818
V5_FUNDED,pP_native_band,P_BASE,R18,55,55,0,1,0.01818181818181818
V5_FUNDED,pP_native_band,P_BASE,R19,55,55,0,1,0.01818181818181818
V5_FUNDED,pP_native_band,P_BASE,R20,55,55,0,1,0.01818181818181818
V5_FUNDED,pP_native_band,P_BASE,R21,55,55,0,1,0.01818181818181818
V5_FUNDED,pP_native_band,P_BASE,R22,55,55,0,1,0.01818181818181818
V5_FUNDED,pP_native_band,P_BASE,R23,55,55,0,1,0.01818181818181818
V5_FUNDED,pP_native_band,P_BASE,R24,55,55,0,1,0.01818181818181818
V5_FUNDED,pP_native_band,P_BASE,R25,55,55,0,1,0.01818181818181818
V5_FUNDED,pP_native_band,P_BASE,R26,55,55,0,1,0.01818181818181818
V5_FUNDED,pP_native_band,P_BASE,R27,55,55,0,1,0.01818181818181818
V5_FUNDED,pP_native_band,P_BASE,R28,55,55,0,1,0.01818181818181818
V5_FUNDED,pP_native_band,P_BASE,R29,55,55,0,1,0.01818181818181818
V5_FUNDED,pP_native_band,P_BASE,R30,55,55,0,1,0.01818181818181818
V5_FUNDED,pP_native_band,P_BASE,R31,55,55,0,1,0.01818181818181818
V5_FUNDED,pP_native_band,P_BASE,R32,55,55,0,1,0.01818181818181818
V5_FUNDED,pP_native_band,P_BASE,R33,55,55,0,1,0.01818181818181818
V5_FUNDED,pP_native_band,P_BASE,R34,55,55,0,1,0.01818181818181818
V5_FUNDED,pP_native_band,P_BASE,R35,55,55,0,1,0.01818181818181818
V5_FUNDED,pP_native_band,P_BASE,R36,55,55,0,1,0.01818181818181818
V5_FUNDED,pP_native_band,P_BASE,R37,55,55,0,1,0.01818181818181818
V5_FUNDED,pP_native_band,P_BASE,RN1,55,55,0,25,0.45454545454545453
V5_FUNDED,pP_native_band,P_BASE,RN2,55,55,0,15,0.2727272727272727
V5_FUNDED,pP_native_band,P_BASE,RN3,55,55,0,7,0.12727272727272726
V5_FUNDED,pP_native_band,P_BASE,RN4,55,55,0,2,0.03636363636363636
V5_FUNDED,pP_native_band,P_BASE,RN5,55,55,0,1,0.01818181818181818
V5_FUNDED,pP_native_band,P_BASE,RN6,55,55,0,1,0.01818181818181818
V5_FUNDED,pP_native_band,P_BASE,RN7,55,55,0,1,0.01818181818181818
V5_FUNDED,pP_native_band,P_BASE,RN8,55,55,0,1,0.01818181818181818
V5_FUNDED,pP_native_band,P_BASE,RN9,55,55,0,1,0.01818181818181818
V5_FUNDED,pP_native_band,P_BASE,RN10,55,55,0,0,0.0
V5_FUNDED,pP_native_band,P_BASE,RN11,55,55,0,0,0.0
V5_FUNDED,pP_native_band,P_BASE,RN12,55,55,0,0,0.0
V5_FUNDED,pP_native_band,P_BASE,RN13,55,55,0,0,0.0
V5_FUNDED,pP_native_band,P_BASE,RN14,55,55,0,0,0.0
V5_FUNDED,pP_native_band,P_BASE,RN15,55,55,0,0,0.0
V5_FUNDED,pP_native_band,P_BASE,RN16,55,55,0,0,0.0
V5_FUNDED,pP_native_band,P_BASE,RN17,55,55,0,0,0.0
V5_FUNDED,pP_native_band,P_BELOW,R1,12,12,0,3,0.25
V5_FUNDED,pP_native_band,P_BELOW,R2,12,12,0,3,0.25
V5_FUNDED,pP_native_band,P_BELOW,R3,12,12,0,3,0.25
V5_FUNDED,pP_native_band,P_BELOW,R4,12,12,0,2,0.16666666666666666
V5_FUNDED,pP_native_band,P_BELOW,R5,12,12,0,1,0.08333333333333333
V5_FUNDED,pP_native_band,P_BELOW,R6,12,12,0,0,0.0
V5_FUNDED,pP_native_band,P_BELOW,R7,12,12,0,0,0.0
V5_FUNDED,pP_native_band,P_BELOW,R8,12,12,0,0,0.0
V5_FUNDED,pP_native_band,P_BELOW,R9,12,12,0,0,0.0
V5_FUNDED,pP_native_band,P_BELOW,R10,12,12,0,0,0.0
V5_FUNDED,pP_native_band,P_BELOW,R11,12,12,0,0,0.0
V5_FUNDED,pP_native_band,P_BELOW,R12,12,12,0,0,0.0
V5_FUNDED,pP_native_band,P_BELOW,R13,12,12,0,0,0.0
V5_FUNDED,pP_native_band,P_BELOW,R14,12,12,0,0,0.0
V5_FUNDED,pP_native_band,P_BELOW,R15,12,12,0,0,0.0
V5_FUNDED,pP_native_band,P_BELOW,R16,12,12,0,0,0.0
V5_FUNDED,pP_native_band,P_BELOW,R17,12,12,0,0,0.0
V5_FUNDED,pP_native_band,P_BELOW,R18,12,12,0,0,0.0
V5_FUNDED,pP_native_band,P_BELOW,R19,12,12,0,0,0.0
V5_FUNDED,pP_native_band,P_BELOW,R20,12,12,0,0,0.0
V5_FUNDED,pP_native_band,P_BELOW,R21,12,12,0,0,0.0
V5_FUNDED,pP_native_band,P_BELOW,R22,12,12,0,0,0.0
V5_FUNDED,pP_native_band,P_BELOW,R23,12,12,0,0,0.0
V5_FUNDED,pP_native_band,P_BELOW,R24,12,12,0,0,0.0
V5_FUNDED,pP_native_band,P_BELOW,R25,12,12,0,0,0.0
V5_FUNDED,pP_native_band,P_BELOW,R26,12,12,0,0,0.0
V5_FUNDED,pP_native_band,P_BELOW,R27,12,12,0,0,0.0
V5_FUNDED,pP_native_band,P_BELOW,R28,12,12,0,0,0.0
V5_FUNDED,pP_native_band,P_BELOW,R29,12,12,0,0,0.0
V5_FUNDED,pP_native_band,P_BELOW,R30,12,12,0,0,0.0
V5_FUNDED,pP_native_band,P_BELOW,R31,12,12,0,0,0.0
V5_FUNDED,pP_native_band,P_BELOW,R32,12,12,0,0,0.0
V5_FUNDED,pP_native_band,P_BELOW,R33,12,12,0,0,0.0
V5_FUNDED,pP_native_band,P_BELOW,R34,12,12,0,0,0.0
V5_FUNDED,pP_native_band,P_BELOW,R35,12,12,0,0,0.0
V5_FUNDED,pP_native_band,P_BELOW,R36,12,12,0,0,0.0
V5_FUNDED,pP_native_band,P_BELOW,R37,12,12,0,0,0.0
V5_FUNDED,pP_native_band,P_BELOW,RN1,12,12,0,2,0.16666666666666666
V5_FUNDED,pP_native_band,P_BELOW,RN2,12,12,0,2,0.16666666666666666
V5_FUNDED,pP_native_band,P_BELOW,RN3,12,12,0,1,0.08333333333333333
V5_FUNDED,pP_native_band,P_BELOW,RN4,12,12,0,0,0.0
V5_FUNDED,pP_native_band,P_BELOW,RN5,12,12,0,0,0.0
V5_FUNDED,pP_native_band,P_BELOW,RN6,12,12,0,0,0.0
V5_FUNDED,pP_native_band,P_BELOW,RN7,12,12,0,0,0.0
V5_FUNDED,pP_native_band,P_BELOW,RN8,12,12,0,0,0.0
V5_FUNDED,pP_native_band,P_BELOW,RN9,12,12,0,0,0.0
V5_FUNDED,pP_native_band,P_BELOW,RN10,12,12,0,0,0.0
V5_FUNDED,pP_native_band,P_BELOW,RN11,12,12,0,0,0.0
V5_FUNDED,pP_native_band,P_BELOW,RN12,12,12,0,0,0.0
V5_FUNDED,pP_native_band,P_BELOW,RN13,12,12,0,0,0.0
V5_FUNDED,pP_native_band,P_BELOW,RN14,12,12,0,0,0.0
V5_FUNDED,pP_native_band,P_BELOW,RN15,12,12,0,0,0.0
V5_FUNDED,pP_native_band,P_BELOW,RN16,12,12,0,0,0.0
V5_FUNDED,pP_native_band,P_BELOW,RN17,12,12,0,0,0.0
V5_FUNDED,pP_native_band,P_HIGH,R1,24,24,0,9,0.375
V5_FUNDED,pP_native_band,P_HIGH,R2,24,24,0,5,0.20833333333333334
V5_FUNDED,pP_native_band,P_HIGH,R3,24,24,0,4,0.16666666666666666
V5_FUNDED,pP_native_band,P_HIGH,R4,24,24,0,4,0.16666666666666666
V5_FUNDED,pP_native_band,P_HIGH,R5,24,24,0,4,0.16666666666666666
V5_FUNDED,pP_native_band,P_HIGH,R6,24,24,0,3,0.125
V5_FUNDED,pP_native_band,P_HIGH,R7,24,24,0,3,0.125
V5_FUNDED,pP_native_band,P_HIGH,R8,24,24,0,3,0.125
V5_FUNDED,pP_native_band,P_HIGH,R9,24,24,0,3,0.125
V5_FUNDED,pP_native_band,P_HIGH,R10,24,24,0,3,0.125
V5_FUNDED,pP_native_band,P_HIGH,R11,24,24,0,2,0.08333333333333333
V5_FUNDED,pP_native_band,P_HIGH,R12,24,24,0,2,0.08333333333333333
V5_FUNDED,pP_native_band,P_HIGH,R13,24,24,0,1,0.041666666666666664
V5_FUNDED,pP_native_band,P_HIGH,R14,24,24,0,1,0.041666666666666664
V5_FUNDED,pP_native_band,P_HIGH,R15,24,24,0,0,0.0
V5_FUNDED,pP_native_band,P_HIGH,R16,24,24,0,0,0.0
V5_FUNDED,pP_native_band,P_HIGH,R17,24,24,0,0,0.0
V5_FUNDED,pP_native_band,P_HIGH,R18,24,24,0,0,0.0
V5_FUNDED,pP_native_band,P_HIGH,R19,24,24,0,0,0.0
V5_FUNDED,pP_native_band,P_HIGH,R20,24,24,0,0,0.0
V5_FUNDED,pP_native_band,P_HIGH,R21,24,24,0,0,0.0
V5_FUNDED,pP_native_band,P_HIGH,R22,24,24,0,0,0.0
V5_FUNDED,pP_native_band,P_HIGH,R23,24,24,0,0,0.0
V5_FUNDED,pP_native_band,P_HIGH,R24,24,24,0,0,0.0
V5_FUNDED,pP_native_band,P_HIGH,R25,24,24,0,0,0.0
V5_FUNDED,pP_native_band,P_HIGH,R26,24,24,0,0,0.0
V5_FUNDED,pP_native_band,P_HIGH,R27,24,24,0,0,0.0
V5_FUNDED,pP_native_band,P_HIGH,R28,24,24,0,0,0.0
V5_FUNDED,pP_native_band,P_HIGH,R29,24,24,0,0,0.0
V5_FUNDED,pP_native_band,P_HIGH,R30,24,24,0,0,0.0
V5_FUNDED,pP_native_band,P_HIGH,R31,24,24,0,0,0.0
V5_FUNDED,pP_native_band,P_HIGH,R32,24,24,0,0,0.0
V5_FUNDED,pP_native_band,P_HIGH,R33,24,24,0,0,0.0
V5_FUNDED,pP_native_band,P_HIGH,R34,24,24,0,0,0.0
V5_FUNDED,pP_native_band,P_HIGH,R35,24,24,0,0,0.0
V5_FUNDED,pP_native_band,P_HIGH,R36,24,24,0,0,0.0
V5_FUNDED,pP_native_band,P_HIGH,R37,24,24,0,0,0.0
V5_FUNDED,pP_native_band,P_HIGH,RN1,24,24,0,10,0.4166666666666667
V5_FUNDED,pP_native_band,P_HIGH,RN2,24,24,0,6,0.25
V5_FUNDED,pP_native_band,P_HIGH,RN3,24,24,0,5,0.20833333333333334
V5_FUNDED,pP_native_band,P_HIGH,RN4,24,24,0,5,0.20833333333333334
V5_FUNDED,pP_native_band,P_HIGH,RN5,24,24,0,3,0.125
V5_FUNDED,pP_native_band,P_HIGH,RN6,24,24,0,3,0.125
V5_FUNDED,pP_native_band,P_HIGH,RN7,24,24,0,3,0.125
V5_FUNDED,pP_native_band,P_HIGH,RN8,24,24,0,2,0.08333333333333333
V5_FUNDED,pP_native_band,P_HIGH,RN9,24,24,0,2,0.08333333333333333
V5_FUNDED,pP_native_band,P_HIGH,RN10,24,24,0,2,0.08333333333333333
V5_FUNDED,pP_native_band,P_HIGH,RN11,24,24,0,2,0.08333333333333333
V5_FUNDED,pP_native_band,P_HIGH,RN12,24,24,0,2,0.08333333333333333
V5_FUNDED,pP_native_band,P_HIGH,RN13,24,24,0,2,0.08333333333333333
V5_FUNDED,pP_native_band,P_HIGH,RN14,24,24,0,2,0.08333333333333333
V5_FUNDED,pP_native_band,P_HIGH,RN15,24,24,0,1,0.041666666666666664
V5_FUNDED,pP_native_band,P_HIGH,RN16,24,24,0,0,0.0
V5_FUNDED,pP_native_band,P_HIGH,RN17,24,24,0,0,0.0
V5_FUNDED,pP_native_band,P_MID,R1,59,59,0,21,0.3559322033898305
V5_FUNDED,pP_native_band,P_MID,R2,59,59,0,17,0.288135593220339
V5_FUNDED,pP_native_band,P_MID,R3,59,59,0,13,0.22033898305084745
V5_FUNDED,pP_native_band,P_MID,R4,59,59,0,11,0.1864406779661017
V5_FUNDED,pP_native_band,P_MID,R5,59,59,0,9,0.15254237288135594
V5_FUNDED,pP_native_band,P_MID,R6,59,59,0,6,0.1016949152542373
V5_FUNDED,pP_native_band,P_MID,R7,59,59,0,6,0.1016949152542373
V5_FUNDED,pP_native_band,P_MID,R8,59,59,0,5,0.0847457627118644
V5_FUNDED,pP_native_band,P_MID,R9,59,59,0,5,0.0847457627118644
V5_FUNDED,pP_native_band,P_MID,R10,59,59,0,5,0.0847457627118644
V5_FUNDED,pP_native_band,P_MID,R11,59,59,0,5,0.0847457627118644
V5_FUNDED,pP_native_band,P_MID,R12,59,59,0,5,0.0847457627118644
V5_FUNDED,pP_native_band,P_MID,R13,59,59,0,5,0.0847457627118644
V5_FUNDED,pP_native_band,P_MID,R14,59,59,0,5,0.0847457627118644
V5_FUNDED,pP_native_band,P_MID,R15,59,59,0,5,0.0847457627118644
V5_FUNDED,pP_native_band,P_MID,R16,59,59,0,4,0.06779661016949153
V5_FUNDED,pP_native_band,P_MID,R17,59,59,0,4,0.06779661016949153
V5_FUNDED,pP_native_band,P_MID,R18,59,59,0,4,0.06779661016949153
V5_FUNDED,pP_native_band,P_MID,R19,59,59,0,2,0.03389830508474576
V5_FUNDED,pP_native_band,P_MID,R20,59,59,0,2,0.03389830508474576
V5_FUNDED,pP_native_band,P_MID,R21,59,59,0,2,0.03389830508474576
V5_FUNDED,pP_native_band,P_MID,R22,59,59,0,2,0.03389830508474576
V5_FUNDED,pP_native_band,P_MID,R23,59,59,0,2,0.03389830508474576
V5_FUNDED,pP_native_band,P_MID,R24,59,59,0,2,0.03389830508474576
V5_FUNDED,pP_native_band,P_MID,R25,59,59,0,2,0.03389830508474576
V5_FUNDED,pP_native_band,P_MID,R26,59,59,0,2,0.03389830508474576
V5_FUNDED,pP_native_band,P_MID,R27,59,59,0,1,0.01694915254237288
V5_FUNDED,pP_native_band,P_MID,R28,59,59,0,1,0.01694915254237288
V5_FUNDED,pP_native_band,P_MID,R29,59,59,0,0,0.0
V5_FUNDED,pP_native_band,P_MID,R30,59,59,0,0,0.0
V5_FUNDED,pP_native_band,P_MID,R31,59,59,0,0,0.0
V5_FUNDED,pP_native_band,P_MID,R32,59,59,0,0,0.0
V5_FUNDED,pP_native_band,P_MID,R33,59,59,0,0,0.0
V5_FUNDED,pP_native_band,P_MID,R34,59,59,0,0,0.0
V5_FUNDED,pP_native_band,P_MID,R35,59,59,0,0,0.0
V5_FUNDED,pP_native_band,P_MID,R36,59,59,0,0,0.0
V5_FUNDED,pP_native_band,P_MID,R37,59,59,0,0,0.0
V5_FUNDED,pP_native_band,P_MID,RN1,59,59,0,16,0.2711864406779661
V5_FUNDED,pP_native_band,P_MID,RN2,59,59,0,8,0.13559322033898305
V5_FUNDED,pP_native_band,P_MID,RN3,59,59,0,4,0.06779661016949153
V5_FUNDED,pP_native_band,P_MID,RN4,59,59,0,1,0.01694915254237288
V5_FUNDED,pP_native_band,P_MID,RN5,59,59,0,0,0.0
V5_FUNDED,pP_native_band,P_MID,RN6,59,59,0,0,0.0
V5_FUNDED,pP_native_band,P_MID,RN7,59,59,0,0,0.0
V5_FUNDED,pP_native_band,P_MID,RN8,59,59,0,0,0.0
V5_FUNDED,pP_native_band,P_MID,RN9,59,59,0,0,0.0
V5_FUNDED,pP_native_band,P_MID,RN10,59,59,0,0,0.0
V5_FUNDED,pP_native_band,P_MID,RN11,59,59,0,0,0.0
V5_FUNDED,pP_native_band,P_MID,RN12,59,59,0,0,0.0
V5_FUNDED,pP_native_band,P_MID,RN13,59,59,0,0,0.0
V5_FUNDED,pP_native_band,P_MID,RN14,59,59,0,0,0.0
V5_FUNDED,pP_native_band,P_MID,RN15,59,59,0,0,0.0
V5_FUNDED,pP_native_band,P_MID,RN16,59,59,0,0,0.0
V5_FUNDED,pP_native_band,P_MID,RN17,59,59,0,0,0.0
V5_FUNDED,pP_training_rank_half,HIGH,R1,138,138,0,44,0.3188405797101449
V5_FUNDED,pP_training_rank_half,HIGH,R2,138,138,0,33,0.2391304347826087
V5_FUNDED,pP_training_rank_half,HIGH,R3,138,138,0,26,0.18840579710144928
V5_FUNDED,pP_training_rank_half,HIGH,R4,138,138,0,21,0.15217391304347827
V5_FUNDED,pP_training_rank_half,HIGH,R5,138,138,0,18,0.13043478260869565
V5_FUNDED,pP_training_rank_half,HIGH,R6,138,138,0,13,0.09420289855072464
V5_FUNDED,pP_training_rank_half,HIGH,R7,138,138,0,12,0.08695652173913043
V5_FUNDED,pP_training_rank_half,HIGH,R8,138,138,0,11,0.07971014492753623
V5_FUNDED,pP_training_rank_half,HIGH,R9,138,138,0,11,0.07971014492753623
V5_FUNDED,pP_training_rank_half,HIGH,R10,138,138,0,11,0.07971014492753623
V5_FUNDED,pP_training_rank_half,HIGH,R11,138,138,0,10,0.07246376811594203
V5_FUNDED,pP_training_rank_half,HIGH,R12,138,138,0,10,0.07246376811594203
V5_FUNDED,pP_training_rank_half,HIGH,R13,138,138,0,9,0.06521739130434782
V5_FUNDED,pP_training_rank_half,HIGH,R14,138,138,0,8,0.057971014492753624
V5_FUNDED,pP_training_rank_half,HIGH,R15,138,138,0,6,0.043478260869565216
V5_FUNDED,pP_training_rank_half,HIGH,R16,138,138,0,5,0.036231884057971016
V5_FUNDED,pP_training_rank_half,HIGH,R17,138,138,0,5,0.036231884057971016
V5_FUNDED,pP_training_rank_half,HIGH,R18,138,138,0,5,0.036231884057971016
V5_FUNDED,pP_training_rank_half,HIGH,R19,138,138,0,3,0.021739130434782608
V5_FUNDED,pP_training_rank_half,HIGH,R20,138,138,0,3,0.021739130434782608
V5_FUNDED,pP_training_rank_half,HIGH,R21,138,138,0,3,0.021739130434782608
V5_FUNDED,pP_training_rank_half,HIGH,R22,138,138,0,3,0.021739130434782608
V5_FUNDED,pP_training_rank_half,HIGH,R23,138,138,0,3,0.021739130434782608
V5_FUNDED,pP_training_rank_half,HIGH,R24,138,138,0,3,0.021739130434782608
V5_FUNDED,pP_training_rank_half,HIGH,R25,138,138,0,3,0.021739130434782608
V5_FUNDED,pP_training_rank_half,HIGH,R26,138,138,0,3,0.021739130434782608
V5_FUNDED,pP_training_rank_half,HIGH,R27,138,138,0,2,0.014492753623188406
V5_FUNDED,pP_training_rank_half,HIGH,R28,138,138,0,2,0.014492753623188406
V5_FUNDED,pP_training_rank_half,HIGH,R29,138,138,0,1,0.007246376811594203
V5_FUNDED,pP_training_rank_half,HIGH,R30,138,138,0,1,0.007246376811594203
V5_FUNDED,pP_training_rank_half,HIGH,R31,138,138,0,1,0.007246376811594203
V5_FUNDED,pP_training_rank_half,HIGH,R32,138,138,0,1,0.007246376811594203
V5_FUNDED,pP_training_rank_half,HIGH,R33,138,138,0,1,0.007246376811594203
V5_FUNDED,pP_training_rank_half,HIGH,R34,138,138,0,1,0.007246376811594203
V5_FUNDED,pP_training_rank_half,HIGH,R35,138,138,0,1,0.007246376811594203
V5_FUNDED,pP_training_rank_half,HIGH,R36,138,138,0,1,0.007246376811594203
V5_FUNDED,pP_training_rank_half,HIGH,R37,138,138,0,1,0.007246376811594203
V5_FUNDED,pP_training_rank_half,HIGH,RN1,138,138,0,51,0.3695652173913043
V5_FUNDED,pP_training_rank_half,HIGH,RN2,138,138,0,29,0.21014492753623187
V5_FUNDED,pP_training_rank_half,HIGH,RN3,138,138,0,16,0.11594202898550725
V5_FUNDED,pP_training_rank_half,HIGH,RN4,138,138,0,8,0.057971014492753624
V5_FUNDED,pP_training_rank_half,HIGH,RN5,138,138,0,4,0.028985507246376812
V5_FUNDED,pP_training_rank_half,HIGH,RN6,138,138,0,4,0.028985507246376812
V5_FUNDED,pP_training_rank_half,HIGH,RN7,138,138,0,4,0.028985507246376812
V5_FUNDED,pP_training_rank_half,HIGH,RN8,138,138,0,3,0.021739130434782608
V5_FUNDED,pP_training_rank_half,HIGH,RN9,138,138,0,3,0.021739130434782608
V5_FUNDED,pP_training_rank_half,HIGH,RN10,138,138,0,2,0.014492753623188406
V5_FUNDED,pP_training_rank_half,HIGH,RN11,138,138,0,2,0.014492753623188406
V5_FUNDED,pP_training_rank_half,HIGH,RN12,138,138,0,2,0.014492753623188406
V5_FUNDED,pP_training_rank_half,HIGH,RN13,138,138,0,2,0.014492753623188406
V5_FUNDED,pP_training_rank_half,HIGH,RN14,138,138,0,2,0.014492753623188406
V5_FUNDED,pP_training_rank_half,HIGH,RN15,138,138,0,1,0.007246376811594203
V5_FUNDED,pP_training_rank_half,HIGH,RN16,138,138,0,0,0.0
V5_FUNDED,pP_training_rank_half,HIGH,RN17,138,138,0,0,0.0
V5_FUNDED,pP_training_rank_half,LOW,R1,12,12,0,3,0.25
V5_FUNDED,pP_training_rank_half,LOW,R2,12,12,0,3,0.25
V5_FUNDED,pP_training_rank_half,LOW,R3,12,12,0,3,0.25
V5_FUNDED,pP_training_rank_half,LOW,R4,12,12,0,2,0.16666666666666666
V5_FUNDED,pP_training_rank_half,LOW,R5,12,12,0,1,0.08333333333333333
V5_FUNDED,pP_training_rank_half,LOW,R6,12,12,0,0,0.0
V5_FUNDED,pP_training_rank_half,LOW,R7,12,12,0,0,0.0
V5_FUNDED,pP_training_rank_half,LOW,R8,12,12,0,0,0.0
V5_FUNDED,pP_training_rank_half,LOW,R9,12,12,0,0,0.0
V5_FUNDED,pP_training_rank_half,LOW,R10,12,12,0,0,0.0
V5_FUNDED,pP_training_rank_half,LOW,R11,12,12,0,0,0.0
V5_FUNDED,pP_training_rank_half,LOW,R12,12,12,0,0,0.0
V5_FUNDED,pP_training_rank_half,LOW,R13,12,12,0,0,0.0
V5_FUNDED,pP_training_rank_half,LOW,R14,12,12,0,0,0.0
V5_FUNDED,pP_training_rank_half,LOW,R15,12,12,0,0,0.0
V5_FUNDED,pP_training_rank_half,LOW,R16,12,12,0,0,0.0
V5_FUNDED,pP_training_rank_half,LOW,R17,12,12,0,0,0.0
V5_FUNDED,pP_training_rank_half,LOW,R18,12,12,0,0,0.0
V5_FUNDED,pP_training_rank_half,LOW,R19,12,12,0,0,0.0
V5_FUNDED,pP_training_rank_half,LOW,R20,12,12,0,0,0.0
V5_FUNDED,pP_training_rank_half,LOW,R21,12,12,0,0,0.0
V5_FUNDED,pP_training_rank_half,LOW,R22,12,12,0,0,0.0
V5_FUNDED,pP_training_rank_half,LOW,R23,12,12,0,0,0.0
V5_FUNDED,pP_training_rank_half,LOW,R24,12,12,0,0,0.0
V5_FUNDED,pP_training_rank_half,LOW,R25,12,12,0,0,0.0
V5_FUNDED,pP_training_rank_half,LOW,R26,12,12,0,0,0.0
V5_FUNDED,pP_training_rank_half,LOW,R27,12,12,0,0,0.0
V5_FUNDED,pP_training_rank_half,LOW,R28,12,12,0,0,0.0
V5_FUNDED,pP_training_rank_half,LOW,R29,12,12,0,0,0.0
V5_FUNDED,pP_training_rank_half,LOW,R30,12,12,0,0,0.0
V5_FUNDED,pP_training_rank_half,LOW,R31,12,12,0,0,0.0
V5_FUNDED,pP_training_rank_half,LOW,R32,12,12,0,0,0.0
V5_FUNDED,pP_training_rank_half,LOW,R33,12,12,0,0,0.0
V5_FUNDED,pP_training_rank_half,LOW,R34,12,12,0,0,0.0
V5_FUNDED,pP_training_rank_half,LOW,R35,12,12,0,0,0.0
V5_FUNDED,pP_training_rank_half,LOW,R36,12,12,0,0,0.0
V5_FUNDED,pP_training_rank_half,LOW,R37,12,12,0,0,0.0
V5_FUNDED,pP_training_rank_half,LOW,RN1,12,12,0,2,0.16666666666666666
V5_FUNDED,pP_training_rank_half,LOW,RN2,12,12,0,2,0.16666666666666666
V5_FUNDED,pP_training_rank_half,LOW,RN3,12,12,0,1,0.08333333333333333
V5_FUNDED,pP_training_rank_half,LOW,RN4,12,12,0,0,0.0
V5_FUNDED,pP_training_rank_half,LOW,RN5,12,12,0,0,0.0
V5_FUNDED,pP_training_rank_half,LOW,RN6,12,12,0,0,0.0
V5_FUNDED,pP_training_rank_half,LOW,RN7,12,12,0,0,0.0
V5_FUNDED,pP_training_rank_half,LOW,RN8,12,12,0,0,0.0
V5_FUNDED,pP_training_rank_half,LOW,RN9,12,12,0,0,0.0
V5_FUNDED,pP_training_rank_half,LOW,RN10,12,12,0,0,0.0
V5_FUNDED,pP_training_rank_half,LOW,RN11,12,12,0,0,0.0
V5_FUNDED,pP_training_rank_half,LOW,RN12,12,12,0,0,0.0
V5_FUNDED,pP_training_rank_half,LOW,RN13,12,12,0,0,0.0
V5_FUNDED,pP_training_rank_half,LOW,RN14,12,12,0,0,0.0
V5_FUNDED,pP_training_rank_half,LOW,RN15,12,12,0,0,0.0
V5_FUNDED,pP_training_rank_half,LOW,RN16,12,12,0,0,0.0
V5_FUNDED,pP_training_rank_half,LOW,RN17,12,12,0,0,0.0
V5_FUNDED,MRET_training_rank_half,HIGH,R1,41,41,0,16,0.3902439024390244
V5_FUNDED,MRET_training_rank_half,HIGH,R2,41,41,0,14,0.34146341463414637
V5_FUNDED,MRET_training_rank_half,HIGH,R3,41,41,0,9,0.21951219512195122
V5_FUNDED,MRET_training_rank_half,HIGH,R4,41,41,0,7,0.17073170731707318
V5_FUNDED,MRET_training_rank_half,HIGH,R5,41,41,0,5,0.12195121951219512
V5_FUNDED,MRET_training_rank_half,HIGH,R6,41,41,0,3,0.07317073170731707
V5_FUNDED,MRET_training_rank_half,HIGH,R7,41,41,0,2,0.04878048780487805
V5_FUNDED,MRET_training_rank_half,HIGH,R8,41,41,0,2,0.04878048780487805
V5_FUNDED,MRET_training_rank_half,HIGH,R9,41,41,0,2,0.04878048780487805
V5_FUNDED,MRET_training_rank_half,HIGH,R10,41,41,0,2,0.04878048780487805
V5_FUNDED,MRET_training_rank_half,HIGH,R11,41,41,0,2,0.04878048780487805
V5_FUNDED,MRET_training_rank_half,HIGH,R12,41,41,0,2,0.04878048780487805
V5_FUNDED,MRET_training_rank_half,HIGH,R13,41,41,0,1,0.024390243902439025
V5_FUNDED,MRET_training_rank_half,HIGH,R14,41,41,0,1,0.024390243902439025
V5_FUNDED,MRET_training_rank_half,HIGH,R15,41,41,0,1,0.024390243902439025
V5_FUNDED,MRET_training_rank_half,HIGH,R16,41,41,0,1,0.024390243902439025
V5_FUNDED,MRET_training_rank_half,HIGH,R17,41,41,0,1,0.024390243902439025
V5_FUNDED,MRET_training_rank_half,HIGH,R18,41,41,0,1,0.024390243902439025
V5_FUNDED,MRET_training_rank_half,HIGH,R19,41,41,0,1,0.024390243902439025
V5_FUNDED,MRET_training_rank_half,HIGH,R20,41,41,0,1,0.024390243902439025
V5_FUNDED,MRET_training_rank_half,HIGH,R21,41,41,0,1,0.024390243902439025
V5_FUNDED,MRET_training_rank_half,HIGH,R22,41,41,0,1,0.024390243902439025
V5_FUNDED,MRET_training_rank_half,HIGH,R23,41,41,0,1,0.024390243902439025
V5_FUNDED,MRET_training_rank_half,HIGH,R24,41,41,0,1,0.024390243902439025
V5_FUNDED,MRET_training_rank_half,HIGH,R25,41,41,0,1,0.024390243902439025
V5_FUNDED,MRET_training_rank_half,HIGH,R26,41,41,0,1,0.024390243902439025
V5_FUNDED,MRET_training_rank_half,HIGH,R27,41,41,0,1,0.024390243902439025
V5_FUNDED,MRET_training_rank_half,HIGH,R28,41,41,0,1,0.024390243902439025
V5_FUNDED,MRET_training_rank_half,HIGH,R29,41,41,0,0,0.0
V5_FUNDED,MRET_training_rank_half,HIGH,R30,41,41,0,0,0.0
V5_FUNDED,MRET_training_rank_half,HIGH,R31,41,41,0,0,0.0
V5_FUNDED,MRET_training_rank_half,HIGH,R32,41,41,0,0,0.0
V5_FUNDED,MRET_training_rank_half,HIGH,R33,41,41,0,0,0.0
V5_FUNDED,MRET_training_rank_half,HIGH,R34,41,41,0,0,0.0
V5_FUNDED,MRET_training_rank_half,HIGH,R35,41,41,0,0,0.0
V5_FUNDED,MRET_training_rank_half,HIGH,R36,41,41,0,0,0.0
V5_FUNDED,MRET_training_rank_half,HIGH,R37,41,41,0,0,0.0
V5_FUNDED,MRET_training_rank_half,HIGH,RN1,41,41,0,9,0.21951219512195122
V5_FUNDED,MRET_training_rank_half,HIGH,RN2,41,41,0,6,0.14634146341463414
V5_FUNDED,MRET_training_rank_half,HIGH,RN3,41,41,0,2,0.04878048780487805
V5_FUNDED,MRET_training_rank_half,HIGH,RN4,41,41,0,1,0.024390243902439025
V5_FUNDED,MRET_training_rank_half,HIGH,RN5,41,41,0,0,0.0
V5_FUNDED,MRET_training_rank_half,HIGH,RN6,41,41,0,0,0.0
V5_FUNDED,MRET_training_rank_half,HIGH,RN7,41,41,0,0,0.0
V5_FUNDED,MRET_training_rank_half,HIGH,RN8,41,41,0,0,0.0
V5_FUNDED,MRET_training_rank_half,HIGH,RN9,41,41,0,0,0.0
V5_FUNDED,MRET_training_rank_half,HIGH,RN10,41,41,0,0,0.0
V5_FUNDED,MRET_training_rank_half,HIGH,RN11,41,41,0,0,0.0
V5_FUNDED,MRET_training_rank_half,HIGH,RN12,41,41,0,0,0.0
V5_FUNDED,MRET_training_rank_half,HIGH,RN13,41,41,0,0,0.0
V5_FUNDED,MRET_training_rank_half,HIGH,RN14,41,41,0,0,0.0
V5_FUNDED,MRET_training_rank_half,HIGH,RN15,41,41,0,0,0.0
V5_FUNDED,MRET_training_rank_half,HIGH,RN16,41,41,0,0,0.0
V5_FUNDED,MRET_training_rank_half,HIGH,RN17,41,41,0,0,0.0
V5_FUNDED,MRET_training_rank_half,LOW,R1,109,109,0,31,0.28440366972477066
V5_FUNDED,MRET_training_rank_half,LOW,R2,109,109,0,22,0.2018348623853211
V5_FUNDED,MRET_training_rank_half,LOW,R3,109,109,0,20,0.1834862385321101
V5_FUNDED,MRET_training_rank_half,LOW,R4,109,109,0,16,0.14678899082568808
V5_FUNDED,MRET_training_rank_half,LOW,R5,109,109,0,14,0.12844036697247707
V5_FUNDED,MRET_training_rank_half,LOW,R6,109,109,0,10,0.09174311926605505
V5_FUNDED,MRET_training_rank_half,LOW,R7,109,109,0,10,0.09174311926605505
V5_FUNDED,MRET_training_rank_half,LOW,R8,109,109,0,9,0.08256880733944955
V5_FUNDED,MRET_training_rank_half,LOW,R9,109,109,0,9,0.08256880733944955
V5_FUNDED,MRET_training_rank_half,LOW,R10,109,109,0,9,0.08256880733944955
V5_FUNDED,MRET_training_rank_half,LOW,R11,109,109,0,8,0.07339449541284404
V5_FUNDED,MRET_training_rank_half,LOW,R12,109,109,0,8,0.07339449541284404
V5_FUNDED,MRET_training_rank_half,LOW,R13,109,109,0,8,0.07339449541284404
V5_FUNDED,MRET_training_rank_half,LOW,R14,109,109,0,7,0.06422018348623854
V5_FUNDED,MRET_training_rank_half,LOW,R15,109,109,0,5,0.045871559633027525
V5_FUNDED,MRET_training_rank_half,LOW,R16,109,109,0,4,0.03669724770642202
V5_FUNDED,MRET_training_rank_half,LOW,R17,109,109,0,4,0.03669724770642202
V5_FUNDED,MRET_training_rank_half,LOW,R18,109,109,0,4,0.03669724770642202
V5_FUNDED,MRET_training_rank_half,LOW,R19,109,109,0,2,0.01834862385321101
V5_FUNDED,MRET_training_rank_half,LOW,R20,109,109,0,2,0.01834862385321101
V5_FUNDED,MRET_training_rank_half,LOW,R21,109,109,0,2,0.01834862385321101
V5_FUNDED,MRET_training_rank_half,LOW,R22,109,109,0,2,0.01834862385321101
V5_FUNDED,MRET_training_rank_half,LOW,R23,109,109,0,2,0.01834862385321101
V5_FUNDED,MRET_training_rank_half,LOW,R24,109,109,0,2,0.01834862385321101
V5_FUNDED,MRET_training_rank_half,LOW,R25,109,109,0,2,0.01834862385321101
V5_FUNDED,MRET_training_rank_half,LOW,R26,109,109,0,2,0.01834862385321101
V5_FUNDED,MRET_training_rank_half,LOW,R27,109,109,0,1,0.009174311926605505
V5_FUNDED,MRET_training_rank_half,LOW,R28,109,109,0,1,0.009174311926605505
V5_FUNDED,MRET_training_rank_half,LOW,R29,109,109,0,1,0.009174311926605505
V5_FUNDED,MRET_training_rank_half,LOW,R30,109,109,0,1,0.009174311926605505
V5_FUNDED,MRET_training_rank_half,LOW,R31,109,109,0,1,0.009174311926605505
V5_FUNDED,MRET_training_rank_half,LOW,R32,109,109,0,1,0.009174311926605505
V5_FUNDED,MRET_training_rank_half,LOW,R33,109,109,0,1,0.009174311926605505
V5_FUNDED,MRET_training_rank_half,LOW,R34,109,109,0,1,0.009174311926605505
V5_FUNDED,MRET_training_rank_half,LOW,R35,109,109,0,1,0.009174311926605505
V5_FUNDED,MRET_training_rank_half,LOW,R36,109,109,0,1,0.009174311926605505
V5_FUNDED,MRET_training_rank_half,LOW,R37,109,109,0,1,0.009174311926605505
V5_FUNDED,MRET_training_rank_half,LOW,RN1,109,109,0,44,0.4036697247706422
V5_FUNDED,MRET_training_rank_half,LOW,RN2,109,109,0,25,0.22935779816513763
V5_FUNDED,MRET_training_rank_half,LOW,RN3,109,109,0,15,0.13761467889908258
V5_FUNDED,MRET_training_rank_half,LOW,RN4,109,109,0,7,0.06422018348623854
V5_FUNDED,MRET_training_rank_half,LOW,RN5,109,109,0,4,0.03669724770642202
V5_FUNDED,MRET_training_rank_half,LOW,RN6,109,109,0,4,0.03669724770642202
V5_FUNDED,MRET_training_rank_half,LOW,RN7,109,109,0,4,0.03669724770642202
V5_FUNDED,MRET_training_rank_half,LOW,RN8,109,109,0,3,0.027522935779816515
V5_FUNDED,MRET_training_rank_half,LOW,RN9,109,109,0,3,0.027522935779816515
V5_FUNDED,MRET_training_rank_half,LOW,RN10,109,109,0,2,0.01834862385321101
V5_FUNDED,MRET_training_rank_half,LOW,RN11,109,109,0,2,0.01834862385321101
V5_FUNDED,MRET_training_rank_half,LOW,RN12,109,109,0,2,0.01834862385321101
V5_FUNDED,MRET_training_rank_half,LOW,RN13,109,109,0,2,0.01834862385321101
V5_FUNDED,MRET_training_rank_half,LOW,RN14,109,109,0,2,0.01834862385321101
V5_FUNDED,MRET_training_rank_half,LOW,RN15,109,109,0,1,0.009174311926605505
V5_FUNDED,MRET_training_rank_half,LOW,RN16,109,109,0,0,0.0
V5_FUNDED,MRET_training_rank_half,LOW,RN17,109,109,0,0,0.0
